wfo,utc_issue,utc_expire,utc_prodissue,utc_init_expire,phenomena,gtype,significance,eventid,status,ugc,area2d,utc_updated,hvtec_nwsli,hvtec_severity,hvtec_cause,hvtec_record,is_emergency,utc_polygon_begin,utc_polygon_end,windtag,hailtag,tornadotag,damagetag,product_id,fcster,vtec_year
MFL,2022-09-28 06:53,2022-09-28 07:16,2022-09-28 06:53,202209280730,TO,P,W,61,NEW,,295.77929473036755,2022-09-28 06:53,,,,,False,2022-09-28 06:53,2022-09-28 07:00,,0.75,RADAR INDICATED,,202209280653-KMFL-WFUS52-TORMFL,GR,2022
MFL,2022-09-27 21:45,2022-09-27 22:15,2022-09-27 21:45,202209272215,TO,P,W,25,NEW,,272.1911638783313,2022-09-27 21:45,,,,,False,2022-09-27 21:45,2022-09-27 22:07,,0.0,OBSERVED,,202209272145-KMFL-WFUS52-TORMFL,MFL,2022
SGX,2022-09-25 19:44,2022-09-25 22:00,2022-09-25 19:44,202209252200,FA,P,Y,102,NEW,,82.84088918854555,2022-09-25 19:44,00000,N,ER,OO,False,2022-09-25 19:44,2022-09-25 22:00,,,,,202209251944-KSGX-WGUS86-FLSSGX,Schenk,2022
MFL,2022-09-27 23:04,2022-09-27 23:30,2022-09-27 23:04,202209272330,TO,P,W,30,NEW,,523.6390290889257,2022-09-27 23:04,,,,,False,2022-09-27 23:04,2022-09-27 23:15,,0.0,RADAR INDICATED,,202209272304-KMFL-WFUS52-TORMFL,NC,2022
MFL,2022-09-27 07:41,2022-09-27 08:30,2022-09-27 07:41,202209270830,MA,P,W,342,NEW,,395.65533074932335,2022-09-27 07:41,,,,,False,2022-09-27 07:41,2022-09-27 08:30,34.0,0.0,,,202209270741-KMFL-WHUS52-SMWMFL,ATV,2022
MFL,2022-09-28 03:35,2022-09-28 04:00,2022-09-28 03:35,202209280400,TO,P,W,52,NEW,,376.4063412810223,2022-09-28 03:35,,,,,False,2022-09-28 03:35,2022-09-28 03:49,,0.0,RADAR INDICATED,,202209280335-KMFL-WFUS52-TORMFL,NC,2022
MLB,2022-09-28 18:53,2022-09-28 19:13,2022-09-28 18:53,202209281930,TO,P,W,25,NEW,,274.77633357317666,2022-09-28 18:53,,,,,False,2022-09-28 18:53,2022-09-28 19:13,,0.75,RADAR INDICATED,,202209281853-KMLB-WFUS52-TORMLB,Schaper,2022
MFL,2022-09-28 01:14,2022-09-28 01:45,2022-09-28 01:14,202209280145,TO,P,W,41,NEW,,282.80367663677845,2022-09-28 01:14,,,,,False,2022-09-28 01:14,2022-09-28 01:24,,0.0,RADAR INDICATED,,202209280114-KMFL-WFUS52-TORMFL,NC,2022
SHV,2022-09-25 21:12,2022-09-25 22:00,2022-09-25 21:12,202209252200,SV,P,W,217,NEW,,791.6640744739927,2022-09-25 21:12,,,,,False,2022-09-25 21:12,2022-09-25 22:00,60.0,0.88,,,202209252112-KSHV-WUUS54-SVRSHV,26,2022
LIX,2022-09-26 22:57,2022-09-26 23:45,2022-09-26 22:57,202209262345,MA,P,W,419,NEW,,2207.516931608032,2022-09-26 22:57,,,,,False,2022-09-26 22:57,2022-09-26 23:45,34.0,0.0,,,202209262257-KLIX-WHUS54-SMWLIX,Frye,2022
MEG,2022-09-25 01:06,2022-09-25 01:26,2022-09-25 01:06,202209250145,TO,P,W,49,NEW,,1418.2043553335213,2022-09-25 01:06,,,,,False,2022-09-25 01:06,2022-09-25 01:26,,1.25,RADAR INDICATED,,202209250106-KMEG-WFUS54-TORMEG,,2022
PAH,2022-09-24 22:50,2022-09-24 23:15,2022-09-24 22:50,202209242315,SV,P,W,219,NEW,,784.7563844132246,2022-09-24 22:50,,,,,False,2022-09-24 22:50,2022-09-24 23:03,60.0,1.0,,,202209242250-KPAH-WUUS53-SVRPAH,DW,2022
PSR,2022-09-24 00:45,2022-09-24 01:30,2022-09-24 00:45,202209240130,SV,P,W,239,NEW,,702.4421990488049,2022-09-24 00:45,,,,,False,2022-09-24 00:45,2022-09-24 00:59,60.0,0.75,,,202209240045-KPSR-WUUS55-SVRPSR,GL,2022
KEY,2022-09-27 06:02,2022-09-27 06:16,2022-09-27 06:02,202209270630,MA,P,W,395,NEW,,657.7345125717658,2022-09-27 06:02,,,,,False,2022-09-27 06:02,2022-09-27 06:16,34.0,0.0,,,202209270602-KKEY-WHUS52-SMWKEY,JAM,2022
PHI,2022-09-25 19:25,2022-09-25 19:59,2022-09-25 19:25,202209252015,SV,P,W,168,NEW,,3101.2995356057163,2022-09-25 19:25,,,,,False,2022-09-25 19:25,2022-09-25 19:42,60.0,0.75,,,202209251925-KPHI-WUUS51-SVRPHI,Fitzsimmons,2022
KEY,2022-09-26 18:19,2022-09-26 18:43,2022-09-26 18:19,202209261915,MA,P,W,388,NEW,,1019.24050288333,2022-09-26 18:19,,,,,False,2022-09-26 18:19,2022-09-26 18:43,34.0,0.0,,,202209261819-KKEY-WHUS52-SMWKEY,TW,2022
KEY,2022-09-27 08:59,2022-09-27 09:30,2022-09-27 08:59,202209270930,MA,P,W,400,NEW,,562.5087299804122,2022-09-27 08:59,,,,,False,2022-09-27 08:59,2022-09-27 09:32,34.0,0.0,,,202209270859-KKEY-WHUS52-SMWKEY,JAM,2022
MLB,2022-09-29 14:45,2022-10-20 14:45,2022-09-29 14:45,202210201445,FL,P,W,8,NEW,,226.32139355328448,2022-09-29 14:45,SNFF1,1,ER,NO,False,2022-09-29 14:45,2022-09-29 20:17,,,,,202209291445-KMLB-WGUS42-FLWMLB,,2022
MLB,2022-09-29 18:00,2022-10-20 03:16,2022-09-29 18:00,202210200316,FL,P,W,3,NEW,,355.46003437708566,2022-09-29 03:16,GENF1,3,ER,NR,False,2022-09-29 18:00,2022-09-29 08:39,,,,,202209290316-KMLB-WGUS42-FLWMLB,CL,2022
MFL,2022-09-27 20:11,2022-09-27 20:45,2022-09-27 20:11,202209272045,MA,P,W,351,NEW,,337.8362574764655,2022-09-27 20:11,,,,,False,2022-09-27 20:11,2022-09-27 20:45,34.0,0.0,,,202209272011-KMFL-WHUS52-SMWMFL,MFL,2022
KEY,2022-09-27 08:13,2022-09-27 08:45,2022-09-27 08:13,202209270845,MA,P,W,399,NEW,,569.6948668418711,2022-09-27 08:13,,,,,False,2022-09-27 08:13,2022-09-27 08:41,34.0,0.0,,,202209270813-KKEY-WHUS52-SMWKEY,JAM,2022
MFL,2022-09-28 05:18,2022-09-28 05:45,2022-09-28 05:18,202209280545,TO,P,W,58,NEW,,748.1840319719347,2022-09-28 05:18,,,,,False,2022-09-28 05:18,2022-09-28 05:45,,0.0,RADAR INDICATED,,202209280518-KMFL-WFUS52-TORMFL,SB,2022
MFL,2022-09-28 04:56,2022-09-28 05:18,2022-09-28 04:56,202209280530,TO,P,W,56,NEW,,757.0582077068374,2022-09-28 04:56,,,,,False,2022-09-28 04:56,2022-09-28 05:18,,0.75,RADAR INDICATED,,202209280456-KMFL-WFUS52-TORMFL,GR,2022
MLB,2022-09-29 18:00,2022-10-20 08:20,2022-09-29 18:00,202210200820,FL,P,W,7,NEW,,181.1278595333743,2022-09-29 08:20,DLAF1,3,ER,NO,False,2022-09-29 18:00,2022-09-29 14:32,,,,,202209290820-KMLB-WGUS42-FLWMLB,JS,2022
MFL,2022-09-28 01:36,2022-09-28 02:00,2022-09-28 01:36,202209280200,MA,P,W,354,NEW,,165.80192870437344,2022-09-28 01:36,,,,,False,2022-09-28 01:36,2022-09-28 02:00,34.0,0.0,,,202209280136-KMFL-WHUS52-SMWMFL,GR,2022
MFL,2022-09-28 09:46,2022-09-28 10:15,2022-09-28 09:46,202209281015,MA,P,W,356,NEW,,387.3222438124835,2022-09-28 09:46,,,,,False,2022-09-28 09:46,2022-09-28 10:15,34.0,0.0,,,202209280946-KMFL-WHUS52-SMWMFL,GR,2022
MFL,2022-09-28 01:57,2022-09-28 02:30,2022-09-28 01:57,202209280230,TO,P,W,47,NEW,,375.2497965163538,2022-09-28 01:57,,,,,False,2022-09-28 01:57,2022-09-28 02:15,,0.0,RADAR INDICATED,,202209280157-KMFL-WFUS52-TORMFL,ATV,2022
MFL,2022-09-28 00:28,2022-09-28 01:00,2022-09-28 00:28,202209280100,TO,P,W,37,NEW,,381.60036068179465,2022-09-28 00:28,,,,,False,2022-09-28 00:28,2022-09-28 00:34,,0.0,RADAR INDICATED,,202209280028-KMFL-WFUS52-TORMFL,ATV,2022
MLB,2022-09-28 18:32,2022-09-28 19:00,2022-09-28 18:32,202209281900,TO,P,W,24,NEW,,494.6271097767483,2022-09-28 18:32,,,,,False,2022-09-28 18:32,2022-09-28 18:48,,0.75,RADAR INDICATED,,202209281832-KMLB-WFUS52-TORMLB,Schaper,2022
LMK,2022-09-25 07:09,2022-09-25 07:45,2022-09-25 07:09,202209250745,SV,P,W,244,NEW,,467.23197693001146,2022-09-25 07:09,,,,,False,2022-09-25 07:09,2022-09-25 07:43,60.0,1.0,,,202209250709-KLMK-WUUS53-SVRLMK,EBW,2022
MFL,2022-09-27 21:19,2022-09-27 21:45,2022-09-27 21:19,202209272145,TO,P,W,24,NEW,,357.06408907344644,2022-09-27 21:19,,,,,False,2022-09-27 21:19,2022-09-27 21:45,,0.0,OBSERVED,,202209272119-KMFL-WFUS52-TORMFL,MFL,2022
MLB,2022-09-28 18:00,2022-09-28 18:30,2022-09-28 18:00,202209281830,TO,P,W,23,NEW,,472.57798416675746,2022-09-28 18:00,,,,,False,2022-09-28 18:00,2022-09-28 18:15,,0.75,RADAR INDICATED,,202209281800-KMLB-WFUS52-TORMLB,Sedlock,2022
MFL,2022-09-29 00:00,2022-10-06 01:15,2022-09-29 00:00,202210191148,FL,P,W,2,NEW,,55.11451658766733,2022-09-28 11:48,PLMF1,1,ER,NR,False,2022-09-29 00:00,2022-09-28 22:26,,,,,202209281148-KMFL-WGUS42-FLWMFL,BAXTER,2022
PAH,2022-09-24 23:22,2022-09-25 00:00,2022-09-24 23:22,202209250000,SV,P,W,221,NEW,,622.266970521889,2022-09-24 23:22,,,,,False,2022-09-24 23:22,2022-09-24 23:34,60.0,1.25,,,202209242322-KPAH-WUUS53-SVRPAH,JGG,2022
MFL,2022-09-27 15:03,2022-09-27 15:30,2022-09-27 15:03,202209271530,MA,P,W,345,NEW,,226.21780660822023,2022-09-27 15:03,,,,,False,2022-09-27 15:03,2022-09-27 15:27,34.0,0.0,,,202209271503-KMFL-WHUS52-SMWMFL,MFL,2022
MFL,2022-09-28 01:45,2022-09-28 02:00,2022-09-28 01:45,202209280200,TO,P,W,45,NEW,,273.78403740370436,2022-09-28 01:45,,,,,False,2022-09-28 01:45,2022-09-28 01:58,,0.0,RADAR INDICATED,,202209280145-KMFL-WFUS52-TORMFL,ATV,2022
KEY,2022-09-27 06:08,2022-09-27 06:45,2022-09-27 06:08,202209270645,MA,P,W,396,NEW,,651.1889071707764,2022-09-27 06:08,,,,,False,2022-09-27 06:08,2022-09-27 06:42,34.0,0.0,,,202209270608-KKEY-WHUS52-SMWKEY,KBL,2022
MFL,2022-09-27 20:45,2022-09-27 21:15,2022-09-27 20:45,202209272115,MA,P,W,352,NEW,,354.06922552565356,2022-09-27 20:45,,,,,False,2022-09-27 20:45,2022-09-27 21:05,40.0,0.0,,,202209272045-KMFL-WHUS52-SMWMFL,MFL,2022
MFL,2022-09-28 04:20,2022-09-28 04:45,2022-09-28 04:20,202209280445,TO,P,W,53,NEW,,734.1995690394748,2022-09-28 04:20,,,,,False,2022-09-28 04:20,2022-09-28 04:45,,0.75,RADAR INDICATED,,202209280420-KMFL-WFUS52-TORMFL,GR,2022
MFL,2022-09-27 23:44,2022-09-28 00:15,2022-09-27 23:44,202209280015,TO,P,W,33,NEW,,669.7361637396332,2022-09-27 23:44,,,,,False,2022-09-27 23:44,2022-09-27 23:59,,0.0,RADAR INDICATED,,202209272344-KMFL-WFUS52-TORMFL,NC,2022
FWD,2022-09-25 21:18,2022-09-25 22:00,2022-09-25 21:18,202209252200,SV,P,W,217,NEW,,866.8194553881399,2022-09-25 21:18,,,,,False,2022-09-25 21:18,2022-09-25 21:39,60.0,0.75,,,202209252118-KFWD-WUUS54-SVRFWD,30,2022
TBW,2022-09-27 00:00,2022-10-17 13:42,2022-09-27 00:00,202210171342,FL,P,W,9,NEW,,108.87408272314187,2022-09-26 13:42,ARHF1,2,ER,NO,False,2022-09-27 00:00,2022-09-27 01:13,,,,,202209261342-KTBW-WGUS42-FLWTBW,TBW,2022
TBW,2022-09-29 18:36,2022-10-18 23:20,2022-09-29 18:36,202210182320,FL,P,W,18,NEW,,156.52995579274267,2022-09-27 23:20,TRBF1,2,ER,NO,False,2022-09-29 18:36,2022-09-27 23:35,,,,,202209272320-KTBW-WGUS42-FLWTBW,TBW,2022
MFL,2022-09-28 01:38,2022-09-28 02:15,2022-09-28 01:38,202209280215,MA,P,W,355,NEW,,127.94523647966078,2022-09-28 01:38,,,,,False,2022-09-28 01:38,2022-09-28 02:15,34.0,0.0,,,202209280138-KMFL-WHUS52-SMWMFL,GR,2022
TBW,2022-09-29 05:40,2022-10-18 23:20,2022-09-29 05:40,202210182320,FL,P,W,15,NEW,,29.511008996898145,2022-09-27 23:20,RVWF1,2,ER,NR,False,2022-09-29 05:40,2022-09-27 23:35,,,,,202209272320-KTBW-WGUS42-FLWTBW,TBW,2022
TBW,2022-09-29 02:00,2022-10-18 23:20,2022-09-29 02:00,202210182320,FL,P,W,14,NEW,,43.32196621808614,2022-09-27 23:20,RYEF1,2,ER,NO,False,2022-09-29 02:00,2022-09-27 23:35,,,,,202209272320-KTBW-WGUS42-FLWTBW,TBW,2022
MFL,2022-09-28 05:26,2022-09-28 05:45,2022-09-28 05:26,202209280545,TO,P,W,59,NEW,,811.5404663881747,2022-09-28 05:26,,,,,False,2022-09-28 05:26,2022-09-28 05:32,,0.0,RADAR INDICATED,,202209280526-KMFL-WFUS52-TORMFL,SB,2022
MFL,2022-09-28 04:45,2022-09-28 05:15,2022-09-28 04:45,202209280515,TO,P,W,55,NEW,,760.7705726179375,2022-09-28 04:45,,,,,False,2022-09-28 04:45,2022-09-28 05:15,,0.75,OBSERVED,,202209280445-KMFL-WFUS52-TORMFL,GR,2022
MFL,2022-09-28 01:33,2022-09-28 02:00,2022-09-28 01:33,202209280200,TO,P,W,44,NEW,,686.8070148347213,2022-09-28 01:33,,,,,False,2022-09-28 01:33,2022-09-28 01:56,,0.0,RADAR INDICATED,,202209280133-KMFL-WFUS52-TORMFL,NC,2022
MFL,2022-09-27 23:18,2022-09-27 23:45,2022-09-27 23:18,202209272345,TO,P,W,32,NEW,,528.9548024658003,2022-09-27 23:18,,,,,False,2022-09-27 23:18,2022-09-27 23:24,,0.0,RADAR INDICATED,,202209272318-KMFL-WFUS52-TORMFL,ATV,2022
MFL,2022-09-24 20:20,2022-09-24 22:15,2022-09-24 20:20,202209242215,FA,P,Y,230,NEW,,182.94763794566512,2022-09-24 20:20,00000,N,ER,OO,False,2022-09-24 20:20,2022-09-24 20:30,,,,,202209242020-KMFL-WGUS82-FLSMFL,Hadi,2022
MFL,2022-09-27 22:09,2022-09-27 22:45,2022-09-27 22:09,202209272245,TO,P,W,26,NEW,,516.4978526911087,2022-09-27 22:09,,,,,False,2022-09-27 22:09,2022-09-27 22:15,,0.0,RADAR INDICATED,,202209272209-KMFL-WFUS52-TORMFL,ATV,2022
KEY,2022-09-27 07:22,2022-09-27 09:30,2022-09-27 07:22,202209270930,FA,P,Y,5,NEW,,206.37401795054473,2022-09-27 07:22,00000,N,ER,OO,False,2022-09-27 07:22,2022-09-27 09:24,,,,,202209270722-KKEY-WGUS82-FLSKEY,Jacobson,2022
MRX,2022-09-25 22:23,2022-09-25 23:00,2022-09-25 22:23,202209252300,SV,P,W,184,NEW,,1374.3554927888977,2022-09-25 22:23,,,,,False,2022-09-25 22:23,2022-09-25 23:00,60.0,1.0,,,202209252223-KMRX-WUUS54-SVRMRX,BW,2022
KEY,2022-09-27 12:12,2022-09-27 12:30,2022-09-27 12:12,202209271230,MA,P,W,406,NEW,,155.81053052403004,2022-09-27 12:12,,,,,False,2022-09-27 12:12,2022-09-27 12:22,34.0,0.0,,,202209271212-KKEY-WHUS52-SMWKEY,TW,2022
MFL,2022-09-28 01:01,2022-09-28 01:30,2022-09-28 01:01,202209280130,TO,P,W,40,NEW,,496.33483563661196,2022-09-28 01:01,,,,,False,2022-09-28 01:01,2022-09-28 01:09,,0.75,RADAR INDICATED,,202209280101-KMFL-WFUS52-TORMFL,ATV,2022
MFL,2022-09-27 20:17,2022-09-27 20:45,2022-09-27 20:17,202209272045,TO,P,W,21,NEW,,197.498251902725,2022-09-27 20:17,,,,,False,2022-09-27 20:17,2022-09-27 20:45,,0.0,RADAR INDICATED,,202209272017-KMFL-WFUS52-TORMFL,MFL,2022
KEY,2022-09-26 18:38,2022-09-26 19:18,2022-09-26 18:38,202209261945,MA,P,W,389,NEW,,2475.286500079121,2022-09-26 18:38,,,,,False,2022-09-26 18:38,2022-09-26 19:18,34.0,0.0,,,202209261838-KKEY-WHUS52-SMWKEY,TW,2022
VEF,2022-09-29 19:36,2022-09-29 20:10,2022-09-29 19:36,202209292030,DS,P,W,37,NEW,,1534.0162183097195,2022-09-29 19:36,,,,,False,2022-09-29 19:36,2022-09-29 20:10,,,,,202209291936-KVEF-WWUS55-DSWVEF,BKP,2022
MLB,2022-09-28 12:07,2022-09-28 12:30,2022-09-28 12:07,202209281230,TO,P,W,20,NEW,,324.6250131092499,2022-09-28 12:07,,,,,False,2022-09-28 12:07,2022-09-28 12:28,,0.75,RADAR INDICATED,,202209281207-KMLB-WFUS52-TORMLB,Sedlock,2022
TBW,2022-09-28 01:35,2022-09-28 01:45,2022-09-28 01:35,202209280145,TO,P,W,23,NEW,,179.46717997106893,2022-09-28 01:35,,,,,False,2022-09-28 01:35,2022-09-28 01:44,,0.0,RADAR INDICATED,,202209280135-KTBW-WFUS52-TORTBW,TBW,2022
LWX,2022-09-25 17:53,2022-09-25 18:34,2022-09-25 17:53,202209251845,SV,P,W,410,NEW,,968.9561414665404,2022-09-25 17:53,,,,,False,2022-09-25 17:53,2022-09-25 18:11,60.0,0.75,,,202209251753-KLWX-WUUS51-SVRLWX,KJP,2022
MFL,2022-09-28 09:11,2022-09-28 09:45,2022-09-28 09:11,202209280945,TO,P,W,63,NEW,,595.5929306630303,2022-09-28 09:11,,,,,False,2022-09-28 09:11,2022-09-28 09:22,,0.75,RADAR INDICATED,,202209280911-KMFL-WFUS52-TORMFL,GR,2022
MFL,2022-09-27 23:46,2022-09-28 00:15,2022-09-27 23:46,202209280015,TO,P,W,34,NEW,,219.96503633514254,2022-09-27 23:46,,,,,False,2022-09-27 23:46,2022-09-27 23:52,,0.0,RADAR INDICATED,,202209272346-KMFL-WFUS52-TORMFL,ATV,2022
MFL,2022-09-27 19:45,2022-09-27 20:15,2022-09-27 19:45,202209272015,TO,P,W,18,NEW,,159.9551314854879,2022-09-27 19:45,,,,,False,2022-09-27 19:45,2022-09-27 20:09,,0.0,RADAR INDICATED,,202209271945-KMFL-WFUS52-TORMFL,MFL,2022
MFL,2022-09-27 17:31,2022-09-27 18:00,2022-09-27 17:31,202209271800,TO,P,W,16,NEW,,281.36275084330623,2022-09-27 17:31,,,,,False,2022-09-27 17:31,2022-09-27 17:54,,0.0,RADAR INDICATED,,202209271731-KMFL-WFUS52-TORMFL,MFL,2022
KEY,2022-09-27 11:38,2022-09-27 12:05,2022-09-27 11:38,202209271245,MA,P,W,404,NEW,,477.471652027155,2022-09-27 11:38,,,,,False,2022-09-27 11:38,2022-09-27 12:05,34.0,0.0,,,202209271138-KKEY-WHUS52-SMWKEY,Ware,2022
KEY,2022-09-27 07:50,2022-09-27 08:15,2022-09-27 07:50,202209270815,MA,P,W,398,NEW,,637.836737100774,2022-09-27 07:50,,,,,False,2022-09-27 07:50,2022-09-27 08:15,34.0,0.0,,,202209270750-KKEY-WHUS52-SMWKEY,JAM,2022
MFL,2022-09-28 05:00,2022-09-28 05:15,2022-09-28 05:00,202209280515,TO,P,W,57,NEW,,825.7937682448817,2022-09-28 05:00,,,,,False,2022-09-28 05:00,2022-09-28 05:15,,0.0,RADAR INDICATED,,202209280500-KMFL-WFUS52-TORMFL,SB,2022
TBW,2022-09-28 11:30,2022-10-17 13:42,2022-09-28 11:30,202210171342,FL,P,W,11,NEW,,85.4145723764217,2022-09-26 13:42,WIMF1,1,ER,NO,False,2022-09-28 11:30,2022-09-27 01:13,,,,,202209261342-KTBW-WGUS42-FLWTBW,TBW,2022
MFL,2022-09-27 14:42,2022-09-27 15:00,2022-09-27 14:42,202209271500,MA,P,W,344,NEW,,248.12221210689464,2022-09-27 14:42,,,,,False,2022-09-27 14:42,2022-09-27 14:59,34.0,0.0,,,202209271442-KMFL-WHUS52-SMWMFL,MFL,2022
MFL,2022-09-28 00:37,2022-09-28 01:00,2022-09-28 00:37,202209280100,TO,P,W,38,NEW,,420.84194256595777,2022-09-28 00:37,,,,,False,2022-09-28 00:37,2022-09-28 00:44,,0.0,RADAR INDICATED,,202209280037-KMFL-WFUS52-TORMFL,ATV,2022
HUN,2022-09-25 23:27,2022-09-26 00:00,2022-09-25 23:27,202209260000,SV,P,W,95,NEW,,396.0654783795947,2022-09-25 23:27,,,,,False,2022-09-25 23:27,2022-09-25 23:43,60.0,1.0,,,202209252327-KHUN-WUUS54-SVRHUN,KTW,2022
MFL,2022-09-27 17:11,2022-09-27 17:45,2022-09-27 17:11,202209271745,MA,P,W,348,NEW,,426.39239834826753,2022-09-27 17:11,,,,,False,2022-09-27 17:11,2022-09-27 17:37,34.0,0.0,,,202209271711-KMFL-WHUS52-SMWMFL,MFL,2022
MFL,2022-09-27 14:11,2022-09-27 14:45,2022-09-27 14:11,202209271445,MA,P,W,343,NEW,,251.2111001777978,2022-09-27 14:11,,,,,False,2022-09-27 14:11,2022-09-27 14:38,34.0,0.0,,,202209271411-KMFL-WHUS52-SMWMFL,MFL,2022
KEY,2022-09-26 05:40,2022-09-26 06:06,2022-09-26 05:40,202209260630,MA,P,W,387,NEW,,850.451680322904,2022-09-26 05:40,,,,,False,2022-09-26 05:40,2022-09-26 06:06,34.0,0.0,,,202209260540-KKEY-WHUS52-SMWKEY,JAM,2022
PHI,2022-09-25 21:25,2022-09-25 22:00,2022-09-25 21:25,202209252200,SV,P,W,170,NEW,,738.4744734619014,2022-09-25 21:25,,,,,False,2022-09-25 21:25,2022-09-25 21:42,60.0,1.0,,,202209252125-KPHI-WUUS51-SVRPHI,BIRCHFIELD,2022
MLB,2022-09-28 03:18,2022-09-28 03:45,2022-09-28 03:18,202209280345,TO,P,W,19,NEW,,428.65739831241075,2022-09-28 03:18,,,,,False,2022-09-28 03:18,2022-09-28 03:28,,0.0,RADAR INDICATED,,202209280318-KMLB-WFUS52-TORMLB,Kelly,2022
MSO,2022-09-29 20:42,2022-09-29 21:15,2022-09-29 20:42,202209292115,SV,P,W,76,NEW,,244.5205854173888,2022-09-29 20:42,,,,,False,2022-09-29 20:42,2022-09-29 20:54,60.0,1.0,,,202209292042-KMSO-WUUS55-SVRMSO,,2022
TBW,2022-09-28 01:49,2022-09-28 01:54,2022-09-28 01:49,202209280215,TO,P,W,24,NEW,,305.9610892225338,2022-09-28 01:49,,,,,False,2022-09-28 01:49,2022-09-28 01:54,,0.0,RADAR INDICATED,,202209280149-KTBW-WFUS52-TORTBW,TBW,2022
KEY,2022-09-27 05:56,2022-09-27 06:30,2022-09-27 05:56,202209270630,MA,P,W,394,NEW,,486.51203349672926,2022-09-27 05:56,,,,,False,2022-09-27 05:56,2022-09-27 06:20,34.0,0.0,,,202209270556-KKEY-WHUS52-SMWKEY,JAM,2022
KEY,2022-09-27 12:06,2022-09-27 12:14,2022-09-27 12:06,202209271300,MA,P,W,405,NEW,,877.5202042936223,2022-09-27 12:06,,,,,False,2022-09-27 12:06,2022-09-27 12:14,34.0,0.0,,,202209271206-KKEY-WHUS52-SMWKEY,TW,2022
SGF,2022-09-24 21:55,2022-09-24 22:45,2022-09-24 21:55,202209242245,SV,P,W,219,NEW,,1410.715766910159,2022-09-24 21:55,,,,,False,2022-09-24 21:55,2022-09-24 22:20,60.0,1.0,,,202209242155-KSGF-WUUS53-SVRSGF,Melto,2022
MFL,2022-09-27 18:18,2022-09-27 18:45,2022-09-27 18:18,202209271845,TO,P,W,17,NEW,,851.5352340497824,2022-09-27 18:18,,,,,False,2022-09-27 18:18,2022-09-27 18:40,,0.0,RADAR INDICATED,,202209271818-KMFL-WFUS52-TORMFL,MFL,2022
MFL,2022-09-28 02:23,2022-09-28 03:00,2022-09-28 02:23,202209280300,TO,P,W,50,NEW,,712.1090162034753,2022-09-28 02:23,,,,,False,2022-09-28 02:23,2022-09-28 02:39,,0.75,RADAR INDICATED,,202209280223-KMFL-WFUS52-TORMFL,GR,2022
SGX,2022-09-28 22:31,2022-09-29 00:30,2022-09-28 22:31,202209290030,FA,P,Y,106,NEW,,1356.655311311155,2022-09-28 22:31,00000,N,ER,OO,False,2022-09-28 22:31,2022-09-29 00:26,,,,,202209282231-KSGX-WGUS86-FLSSGX,RK,2022
MFL,2022-09-28 02:03,2022-09-28 02:30,2022-09-28 02:03,202209280230,TO,P,W,48,NEW,,576.602342525899,2022-09-28 02:03,,,,,False,2022-09-28 02:03,2022-09-28 02:30,,0.75,RADAR INDICATED,,202209280203-KMFL-WFUS52-TORMFL,GR,2022
MFL,2022-09-28 15:54,2022-09-28 19:00,2022-09-28 15:54,202209281900,FA,P,W,1,NEW,,13.794832981615142,2022-09-28 15:54,00000,0,ER,OO,False,2022-09-28 15:54,2022-09-28 18:51,,,,,202209281554-KMFL-WGUS42-FLWMFL,BAXTER,2022
TBW,2022-09-28 15:38,2022-09-28 16:15,2022-09-28 15:38,202209281615,TO,P,W,25,NEW,,886.9754850477564,2022-09-28 15:38,,,,,False,2022-09-28 15:38,2022-09-28 16:11,,0.0,RADAR INDICATED,,202209281538-KTBW-WFUS52-TORTBW,TBW,2022
HUN,2022-09-25 23:03,2022-09-25 23:30,2022-09-25 23:03,202209252330,SV,P,W,94,NEW,,372.5717683067067,2022-09-25 23:03,,,,,False,2022-09-25 23:03,2022-09-25 23:19,50.0,1.0,,,202209252303-KHUN-WUUS54-SVRHUN,KTW,2022
MFL,2022-09-27 15:41,2022-09-27 15:59,2022-09-27 15:41,202209271615,MA,P,W,346,NEW,,248.74570188778804,2022-09-27 15:41,,,,,False,2022-09-27 15:41,2022-09-27 15:59,34.0,0.0,,,202209271541-KMFL-WHUS52-SMWMFL,MFL,2022
MFL,2022-09-28 09:54,2022-09-28 10:09,2022-09-28 09:54,202209281030,TO,P,W,64,NEW,,580.0422398565213,2022-09-28 09:54,,,,,False,2022-09-28 09:54,2022-09-28 10:09,,0.75,RADAR INDICATED,,202209280954-KMFL-WFUS52-TORMFL,Hadi,2022
KEY,2022-09-27 06:51,2022-09-27 07:15,2022-09-27 06:51,202209270715,MA,P,W,397,NEW,,484.26193450747826,2022-09-27 06:51,,,,,False,2022-09-27 06:51,2022-09-27 07:01,34.0,0.0,,,202209270651-KKEY-WHUS52-SMWKEY,JAM,2022
KEY,2022-09-27 04:23,2022-09-27 05:00,2022-09-27 04:23,202209270500,MA,P,W,392,NEW,,206.69174196176655,2022-09-27 04:23,,,,,False,2022-09-27 04:23,2022-09-27 04:59,34.0,0.0,,,202209270423-KKEY-WHUS52-SMWKEY,JAM,2022
SHV,2022-09-25 21:09,2022-09-25 22:15,2022-09-25 21:09,202209252215,SV,P,W,216,NEW,,795.5531394369686,2022-09-25 21:09,,,,,False,2022-09-25 21:09,2022-09-25 21:38,60.0,0.75,,,202209252109-KSHV-WUUS54-SVRSHV,26,2022
TWC,2022-09-27 00:27,2022-09-27 01:00,2022-09-27 00:27,202209270100,SV,P,W,211,NEW,,648.3842143554656,2022-09-27 00:27,,,,,False,2022-09-27 00:27,2022-09-27 01:00,60.0,0.75,,,202209270027-KTWC-WUUS55-SVRTWC,WJM,2022
MFL,2022-09-27 22:43,2022-09-27 23:15,2022-09-27 22:43,202209272315,TO,P,W,29,NEW,,527.9532347766567,2022-09-27 22:43,,,,,False,2022-09-27 22:43,2022-09-27 22:51,,0.0,RADAR INDICATED,,202209272243-KMFL-WFUS52-TORMFL,ATV,2022
SGX,2022-09-24 21:00,2022-09-24 23:00,2022-09-24 21:00,202209242300,FA,P,Y,100,NEW,,161.58260920635425,2022-09-24 21:00,00000,N,ER,OO,False,2022-09-24 21:00,2022-09-24 23:00,,,,,202209242100-KSGX-WGUS86-FLSSGX,Schenk,2022
MFL,2022-09-27 20:08,2022-09-27 20:45,2022-09-27 20:08,202209272045,TO,P,W,20,NEW,,210.41563299419994,2022-09-27 20:08,,,,,False,2022-09-27 20:08,2022-09-27 20:42,,0.0,RADAR INDICATED,,202209272008-KMFL-WFUS52-TORMFL,MFL,2022
LWX,2022-09-25 17:31,2022-09-25 17:41,2022-09-25 17:31,202209251800,TO,P,W,39,NEW,,141.21605877997914,2022-09-25 17:31,,,,,False,2022-09-25 17:31,2022-09-25 17:38,,0.75,RADAR INDICATED,,202209251731-KLWX-WFUS51-TORLWX,Belak,2022
MFL,2022-09-27 19:01,2022-09-27 19:30,2022-09-27 19:01,202209271930,MA,P,W,350,NEW,,119.69518578414625,2022-09-27 19:01,,,,,False,2022-09-27 19:01,2022-09-27 19:26,34.0,0.0,,,202209271901-KMFL-WHUS52-SMWMFL,MFL,2022
PIH,2022-09-29 20:48,2022-09-29 21:25,2022-09-29 20:48,202209292145,SV,P,W,58,NEW,,1144.9548555883905,2022-09-29 20:48,,,,,False,2022-09-29 20:48,2022-09-29 21:08,50.0,1.0,,,202209292048-KPIH-WUUS55-SVRPIH,Huston,2022
MFL,2022-09-27 21:03,2022-09-27 21:30,2022-09-27 21:03,202209272130,TO,P,W,23,NEW,,169.3018054950735,2022-09-27 21:03,,,,,False,2022-09-27 21:03,2022-09-27 21:22,,0.0,RADAR INDICATED,,202209272103-KMFL-WFUS52-TORMFL,MFL,2022
TBW,2022-09-28 12:00,2022-10-18 01:17,2022-09-28 12:00,202210180117,FL,P,W,12,NEW,,54.64621819993825,2022-09-27 01:17,LITF1,1,ER,NO,False,2022-09-28 12:00,2022-09-27 14:29,,,,,202209270117-KTBW-WGUS42-FLWTBW,TBW,2022
PBZ,2022-09-25 18:19,2022-09-25 19:00,2022-09-25 18:19,202209251900,SV,P,W,217,NEW,,1316.0594582649696,2022-09-25 18:19,,,,,False,2022-09-25 18:19,2022-09-25 18:28,60.0,1.0,,,202209251819-KPBZ-WUUS51-SVRPBZ,,2022
MFL,2022-09-28 01:29,2022-09-28 02:00,2022-09-28 01:29,202209280200,TO,P,W,43,NEW,,503.2296162300907,2022-09-28 01:29,,,,,False,2022-09-28 01:29,2022-09-28 01:39,,0.0,RADAR INDICATED,,202209280129-KMFL-WFUS52-TORMFL,ATV,2022
KEY,2022-09-27 05:32,2022-09-27 06:00,2022-09-27 05:32,202209270600,MA,P,W,393,NEW,,715.068586949269,2022-09-27 05:32,,,,,False,2022-09-27 05:32,2022-09-27 05:57,34.0,0.0,,,202209270532-KKEY-WHUS52-SMWKEY,JAM,2022
MFL,2022-09-28 01:55,2022-09-28 02:30,2022-09-28 01:55,202209280230,TO,P,W,46,NEW,,656.5866296573016,2022-09-28 01:55,,,,,False,2022-09-28 01:55,2022-09-28 02:08,,0.75,RADAR INDICATED,,202209280155-KMFL-WFUS52-TORMFL,GR,2022
TBW,2022-09-29 06:45,2022-10-18 14:33,2022-09-29 06:45,202210181433,FL,P,W,13,NEW,,32.70102990168846,2022-09-27 14:33,WRGF1,3,ER,NR,False,2022-09-29 06:45,2022-09-27 23:35,,,,,202209271433-KTBW-WGUS42-FLWTBW,TBW,2022
SHV,2022-09-25 21:34,2022-09-25 22:15,2022-09-25 21:34,202209252215,SV,P,W,219,NEW,,1187.444758361098,2022-09-25 21:34,,,,,False,2022-09-25 21:34,2022-09-25 22:15,60.0,0.75,,,202209252134-KSHV-WUUS54-SVRSHV,19,2022
MFL,2022-09-28 00:52,2022-09-28 01:15,2022-09-28 00:52,202209280115,TO,P,W,39,NEW,,402.4404000193981,2022-09-28 00:52,,,,,False,2022-09-28 00:52,2022-09-28 01:03,,0.0,RADAR INDICATED,,202209280052-KMFL-WFUS52-TORMFL,NC,2022
PAH,2022-09-25 00:01,2022-09-25 00:15,2022-09-25 00:01,202209250015,SV,P,W,224,NEW,,367.8640638916741,2022-09-25 00:01,,,,,False,2022-09-25 00:01,2022-09-25 00:15,60.0,1.0,,,202209250001-KPAH-WUUS53-SVRPAH,DW,2022
OKX,2022-09-26 02:35,2022-09-26 03:15,2022-09-26 02:35,202209260315,SV,P,W,53,NEW,,932.1938973280176,2022-09-26 02:35,,,,,False,2022-09-26 02:35,2022-09-26 03:03,60.0,0.75,,,202209260235-KOKX-WUUS51-SVROKX,DR,2022
PSR,2022-09-27 01:25,2022-09-27 04:30,2022-09-27 01:25,202209270430,FF,P,W,306,NEW,,145.6910025829296,2022-09-27 01:25,00000,0,ER,OO,False,2022-09-27 01:25,2022-09-27 04:22,,,,CONSIDERABLE,202209270125-KPSR-WGUS55-FFWPSR,GL,2022
EPZ,2022-09-26 21:00,2022-09-26 23:00,2022-09-26 21:00,202209262300,FA,P,Y,559,NEW,,58.291965505877826,2022-09-26 21:00,00000,N,ER,OO,False,2022-09-26 21:00,2022-09-26 23:00,,,,,202209262100-KEPZ-WGUS84-FLSEPZ,33,2022
MFL,2022-09-28 20:19,2022-09-28 22:00,2022-09-28 20:19,202209282200,FA,P,Y,259,NEW,,3231.425338114739,2022-09-28 20:19,00000,N,ER,OO,False,2022-09-28 20:19,2022-09-28 21:20,,,,,202209282019-KMFL-WGUS82-FLSMFL,BAXTER,2022
MFL,2022-09-28 00:27,2022-09-28 01:00,2022-09-28 00:27,202209280100,TO,P,W,36,NEW,,377.3306879293652,2022-09-28 00:27,,,,,False,2022-09-28 00:27,2022-09-28 00:42,,0.0,RADAR INDICATED,,202209280027-KMFL-WFUS52-TORMFL,NC,2022
MFL,2022-09-24 17:54,2022-09-24 20:00,2022-09-24 17:54,202209242000,FA,P,Y,228,NEW,,151.60112556749522,2022-09-24 17:54,00000,N,ER,OO,False,2022-09-24 17:54,2022-09-24 20:00,,,,,202209241754-KMFL-WGUS82-FLSMFL,Hadi,2022
MFL,2022-09-24 20:10,2022-09-24 22:15,2022-09-24 20:10,202209242215,FA,P,Y,229,NEW,,165.6570517008354,2022-09-24 20:10,00000,N,ER,OO,False,2022-09-24 20:10,2022-09-24 22:15,,,,,202209242010-KMFL-WGUS82-FLSMFL,Hadi,2022
KEY,2022-09-27 10:44,2022-09-27 11:15,2022-09-27 10:44,202209271115,TO,P,W,3,NEW,,118.27406158423823,2022-09-27 10:44,,,,,False,2022-09-27 10:44,2022-09-27 11:05,,0.0,RADAR INDICATED,,202209271044-KKEY-WFUS52-TORKEY,JAM,2022
MFL,2022-09-27 20:43,2022-09-27 21:15,2022-09-27 20:43,202209272115,TO,P,W,22,NEW,,301.06619472940065,2022-09-27 20:43,,,,,False,2022-09-27 20:43,2022-09-27 21:07,,0.0,RADAR INDICATED,,202209272043-KMFL-WFUS52-TORMFL,MFL,2022
MFL,2022-09-28 01:28,2022-09-28 02:00,2022-09-28 01:28,202209280200,TO,P,W,42,NEW,,613.0339668043591,2022-09-28 01:28,,,,,False,2022-09-28 01:28,2022-09-28 01:55,,0.0,RADAR INDICATED,,202209280128-KMFL-WFUS52-TORMFL,NC,2022
TWC,2022-09-28 23:01,2022-09-29 02:00,2022-09-28 23:01,202209290200,FA,P,Y,286,NEW,,1584.1363908885926,2022-09-28 23:01,00000,N,ER,OO,False,2022-09-28 23:01,2022-09-29 02:00,,,,,202209282301-KTWC-WGUS85-FLSTWC,CWR,2022
MFL,2022-09-28 06:37,2022-09-28 06:45,2022-09-28 06:37,202209280645,TO,P,W,60,NEW,,856.5458791870946,2022-09-28 06:37,,,,,False,2022-09-28 06:37,2022-09-28 06:45,,0.0,RADAR INDICATED,,202209280637-KMFL-WFUS52-TORMFL,SB,2022
SGX,2022-09-29 20:58,2022-09-29 22:00,2022-09-29 20:58,202209292200,SV,P,W,18,NEW,,1183.8943950790726,2022-09-29 20:58,,,,,False,2022-09-29 20:58,2022-09-29 22:00,60.0,0.88,,,202209292058-KSGX-WUUS56-SVRSGX,Tardy,2022
MQT,2022-09-25 19:51,2022-09-25 20:04,2022-09-25 19:51,202209252015,MA,P,W,100,NEW,,532.2244898612486,2022-09-25 19:51,,,,,False,2022-09-25 19:51,2022-09-25 20:04,34.0,0.75,,,202209251951-KMQT-WHUS53-SMWMQT,TAP,2022
TWC,2022-09-28 21:24,2022-09-28 23:15,2022-09-28 21:24,202209282315,FA,P,Y,283,NEW,,478.02859595745116,2022-09-28 21:24,00000,N,ER,OO,False,2022-09-28 21:24,2022-09-28 23:06,,,,,202209282124-KTWC-WGUS85-FLSTWC,CWR,2022
TWC,2022-09-28 22:23,2022-09-29 00:00,2022-09-28 22:23,202209290000,FA,P,Y,285,NEW,,151.06859177591238,2022-09-28 22:23,00000,N,ER,OO,False,2022-09-28 22:23,2022-09-28 23:57,,,,,202209282223-KTWC-WGUS85-FLSTWC,CWR,2022
TWC,2022-09-28 22:03,2022-09-29 00:00,2022-09-28 22:03,202209290000,FA,P,Y,284,NEW,,161.48308417481243,2022-09-28 22:03,00000,N,ER,OO,False,2022-09-28 22:03,2022-09-28 23:57,,,,,202209282203-KTWC-WGUS85-FLSTWC,CWR,2022
MKX,2022-09-25 23:59,2022-09-26 00:45,2022-09-25 23:59,202209260045,MA,P,W,52,NEW,,2359.736444075337,2022-09-25 23:59,,,,,False,2022-09-25 23:59,2022-09-26 00:27,40.0,0.75,,,202209252359-KMKX-WHUS53-SMWMKX,PATTERSON,2022
MFL,2022-09-28 04:38,2022-09-28 05:00,2022-09-28 04:38,202209280500,TO,P,W,54,NEW,,346.86875940163713,2022-09-28 04:38,,,,,False,2022-09-28 04:38,2022-09-28 05:00,,0.75,RADAR INDICATED,,202209280438-KMFL-WFUS52-TORMFL,SB,2022
TWC,2022-09-27 00:27,2022-09-27 02:30,2022-09-27 00:27,202209270230,FA,P,Y,277,NEW,,143.89121995988037,2022-09-27 00:27,00000,N,ER,OO,False,2022-09-27 00:27,2022-09-27 02:30,,,,,202209270027-KTWC-WGUS85-FLSTWC,GLZ,2022
MFL,2022-09-27 00:30,2022-09-27 01:00,2022-09-27 00:30,202209270100,MA,P,W,337,NEW,,763.0735253949831,2022-09-27 00:30,,,,,False,2022-09-27 00:30,2022-09-27 01:00,34.0,0.0,,,202209270030-KMFL-WHUS52-SMWMFL,SB,2022
MFL,2022-09-28 13:41,2022-09-28 16:45,2022-09-28 13:41,202209281645,FA,P,Y,253,NEW,,517.8104335717894,2022-09-28 13:41,00000,N,ER,OO,False,2022-09-28 13:41,2022-09-28 16:45,,,,,202209281341-KMFL-WGUS82-FLSMFL,Hadi,2022
PAH,2022-09-24 22:27,2022-09-24 23:00,2022-09-24 22:27,202209242300,SV,P,W,218,NEW,,772.465095368018,2022-09-24 22:27,,,,,False,2022-09-24 22:27,2022-09-24 22:34,60.0,1.0,,,202209242227-KPAH-WUUS53-SVRPAH,DW,2022
MFL,2022-09-27 00:19,2022-09-27 00:45,2022-09-27 00:19,202209270045,MA,P,W,336,NEW,,772.3583853621049,2022-09-27 00:19,,,,,False,2022-09-27 00:19,2022-09-27 00:45,34.0,0.0,,,202209270019-KMFL-WHUS52-SMWMFL,SB,2022
SGX,2022-09-28 22:57,2022-09-28 23:23,2022-09-28 22:57,202209290100,FA,P,Y,107,NEW,,664.4079734851138,2022-09-28 22:57,00000,N,ER,OO,False,2022-09-28 22:57,2022-09-28 23:23,,,,,202209282257-KSGX-WGUS86-FLSSGX,RK,2022
MFL,2022-09-27 01:37,2022-09-27 02:15,2022-09-27 01:37,202209270215,MA,P,W,340,NEW,,1649.390254644709,2022-09-27 01:37,,,,,False,2022-09-27 01:37,2022-09-27 02:15,34.0,0.0,,,202209270137-KMFL-WHUS52-SMWMFL,ATV,2022
TWC,2022-09-27 00:48,2022-09-27 02:45,2022-09-27 00:48,202209270245,FA,P,Y,279,NEW,,539.2688665948498,2022-09-27 00:48,00000,N,ER,OO,False,2022-09-27 00:48,2022-09-27 02:45,,,,,202209270048-KTWC-WGUS85-FLSTWC,GLZ,2022
SLC,2022-09-29 21:38,2022-09-30 00:45,2022-09-29 21:38,202209300045,FF,P,W,109,NEW,,304.67831392401,2022-09-29 21:38,00000,0,ER,OO,False,2022-09-29 21:38,2022-09-29 22:38,,,,CONSIDERABLE,202209292138-KSLC-WGUS55-FFWSLC,GM,2022
TWC,2022-09-27 01:57,2022-09-27 04:00,2022-09-27 01:57,202209270400,FF,P,W,160,NEW,,171.17428088918345,2022-09-27 01:57,00000,0,ER,OO,False,2022-09-27 01:57,2022-09-27 02:41,,,,CONSIDERABLE,202209270157-KTWC-WGUS55-FFWTWC,GLZ,2022
TWC,2022-09-26 22:30,2022-09-27 00:30,2022-09-26 22:30,202209270030,FA,P,Y,275,NEW,,652.8233287316364,2022-09-26 22:30,00000,N,ER,OO,False,2022-09-26 22:30,2022-09-27 00:29,,,,,202209262230-KTWC-WGUS85-FLSTWC,GLZ,2022
SLC,2022-09-29 21:13,2022-09-30 00:15,2022-09-29 21:13,202209300015,FF,P,W,108,NEW,,180.12361376350532,2022-09-29 21:13,00000,0,ER,OO,False,2022-09-29 21:13,2022-09-29 21:30,,,,CONSIDERABLE,202209292113-KSLC-WGUS55-FFWSLC,GM,2022
KEY,2022-09-27 11:23,2022-09-27 11:41,2022-09-27 11:23,202209271230,MA,P,W,402,NEW,,864.9435765037548,2022-09-27 11:23,,,,,False,2022-09-27 11:23,2022-09-27 11:41,34.0,0.0,,,202209271123-KKEY-WHUS52-SMWKEY,TW,2022
LWX,2022-09-25 14:58,2022-09-25 15:34,2022-09-25 14:58,202209251545,SV,P,W,405,NEW,,647.3809391051229,2022-09-25 14:58,,,,,False,2022-09-25 14:58,2022-09-25 15:10,60.0,1.0,,,202209251458-KLWX-WUUS51-SVRLWX,Belak,2022
PBZ,2022-09-25 18:58,2022-09-25 19:32,2022-09-25 18:58,202209251945,SV,P,W,218,NEW,,716.0262582607938,2022-09-25 18:58,,,,,False,2022-09-25 18:58,2022-09-25 19:10,60.0,1.0,,,202209251858-KPBZ-WUUS51-SVRPBZ,,2022
CTP,2022-09-25 22:51,2022-09-25 23:15,2022-09-25 22:51,202209252315,SV,P,W,150,NEW,,563.6182940655381,2022-09-25 22:51,,,,,False,2022-09-25 22:51,2022-09-25 23:11,60.0,0.75,,,202209252251-KCTP-WUUS51-SVRCTP,Dangelo,2022
MLB,2022-09-24 17:06,2022-09-24 18:30,2022-09-24 17:06,202209241830,FA,P,Y,148,NEW,,215.93376064669386,2022-09-24 17:06,00000,N,ER,OO,False,2022-09-24 17:06,2022-09-24 18:30,,,,,202209241706-KMLB-WGUS82-FLSMLB,Schaper,2022
MLB,2022-09-24 16:04,2022-09-24 17:00,2022-09-24 16:04,202209241700,FA,P,Y,147,NEW,,114.81826311429322,2022-09-24 16:04,00000,N,ER,OO,False,2022-09-24 16:04,2022-09-24 17:00,,,,,202209241604-KMLB-WGUS82-FLSMLB,Schaper,2022
MFL,2022-09-27 02:08,2022-09-27 03:00,2022-09-27 02:08,202209270300,MA,P,W,341,NEW,,2214.698872952286,2022-09-27 02:08,,,,,False,2022-09-27 02:08,2022-09-27 02:50,34.0,0.0,,,202209270208-KMFL-WHUS52-SMWMFL,ATV,2022
MKX,2022-09-26 00:44,2022-09-26 01:30,2022-09-26 00:44,202209260130,MA,P,W,53,NEW,,1509.274556531809,2022-09-26 00:44,,,,,False,2022-09-26 00:44,2022-09-26 01:02,40.0,0.75,,,202209260044-KMKX-WHUS53-SMWMKX,PATTERSON,2022
MFL,2022-09-27 19:45,2022-09-27 20:15,2022-09-27 19:45,202209272015,TO,P,W,19,NEW,,474.12113483810924,2022-09-27 19:45,,,,,False,2022-09-27 19:45,2022-09-27 19:58,,0.0,RADAR INDICATED,,202209271945-KMFL-WFUS52-TORMFL-RRA,MFL,2022
FWD,2022-09-25 22:18,2022-09-25 22:43,2022-09-25 22:18,202209252300,SV,P,W,218,NEW,,776.6545874894782,2022-09-25 22:18,,,,,False,2022-09-25 22:18,2022-09-25 22:43,60.0,0.75,,,202209252218-KFWD-WUUS54-SVRFWD,30,2022
MFL,2022-09-27 18:47,2022-09-27 19:15,2022-09-27 18:47,202209271915,MA,P,W,349,NEW,,273.76028428796843,2022-09-27 18:47,,,,,False,2022-09-27 18:47,2022-09-27 19:12,34.0,0.0,,,202209271847-KMFL-WHUS52-SMWMFL,MFL,2022
LZK,2022-09-24 21:21,2022-09-24 21:47,2022-09-24 21:21,202209242200,SV,P,W,354,NEW,,1732.1419428655063,2022-09-24 21:21,,,,,False,2022-09-24 21:21,2022-09-24 21:47,60.0,0.75,,,202209242121-KLZK-WUUS54-SVRLZK,72,2022
PAH,2022-09-24 23:25,2022-09-25 00:00,2022-09-24 23:25,202209250000,SV,P,W,222,NEW,,674.6932829142654,2022-09-24 23:25,,,,,False,2022-09-24 23:25,2022-09-24 23:38,60.0,1.0,,,202209242325-KPAH-WUUS53-SVRPAH,DW,2022
TWC,2022-09-29 21:57,2022-09-30 00:00,2022-09-29 21:57,202209300000,FA,P,Y,287,NEW,,147.28861471472527,2022-09-29 21:57,00000,N,ER,OO,False,2022-09-29 21:57,2022-09-30 00:00,,,,,202209292157-KTWC-WGUS85-FLSTWC,GLZ,2022
MFL,2022-09-27 23:15,2022-09-27 23:45,2022-09-27 23:15,202209272345,TO,P,W,31,NEW,,629.3259772191101,2022-09-27 23:15,,,,,False,2022-09-27 23:15,2022-09-27 23:38,,0.0,RADAR INDICATED,,202209272315-KMFL-WFUS52-TORMFL,NC,2022
PSR,2022-09-28 22:50,2022-09-28 23:45,2022-09-28 22:50,202209282345,DS,P,Y,122,NEW,,874.0933425378455,2022-09-28 22:50,,,,,False,2022-09-28 22:50,2022-09-28 23:40,,,,,202209282250-KPSR-WWUS55-DSWPSR,Hirsch,2022
MFL,2022-09-27 13:03,2022-09-27 16:00,2022-09-27 13:03,202209271600,FA,P,Y,235,NEW,,594.0123467985712,2022-09-27 13:03,00000,N,ER,OO,False,2022-09-27 13:03,2022-09-27 16:00,,,,,202209271303-KMFL-WGUS82-FLSMFL,BAXTER,2022
SGX,2022-09-25 21:09,2022-09-25 23:15,2022-09-25 21:09,202209252315,FA,P,Y,103,NEW,,204.26164039814284,2022-09-25 21:09,00000,N,ER,OO,False,2022-09-25 21:09,2022-09-25 23:09,,,,,202209252109-KSGX-WGUS86-FLSSGX,Schenk,2022
MFL,2022-09-28 06:19,2022-09-28 08:15,2022-09-28 06:19,202209280815,FA,P,Y,250,NEW,,729.7921723990984,2022-09-28 06:19,00000,N,ER,OO,False,2022-09-28 06:19,2022-09-28 08:15,,,,,202209280619-KMFL-WGUS82-FLSMFL,NC,2022
TWC,2022-09-26 22:49,2022-09-27 00:45,2022-09-26 22:49,202209270045,FA,P,Y,276,NEW,,184.12782972995552,2022-09-26 22:49,00000,N,ER,OO,False,2022-09-26 22:49,2022-09-27 00:43,,,,,202209262249-KTWC-WGUS85-FLSTWC,GLZ,2022
MFL,2022-09-25 00:29,2022-09-25 02:30,2022-09-25 00:29,202209250230,FA,P,Y,232,NEW,,322.63466465303986,2022-09-25 00:29,00000,N,ER,OO,False,2022-09-25 00:29,2022-09-25 02:30,,,,,202209250029-KMFL-WGUS82-FLSMFL,MFL,2022
AJK,2022-09-27 06:48,2022-09-27 14:28,2022-09-27 06:48,202209280045,FA,P,W,5,NEW,,2.9182894894174662,2022-09-27 06:48,00000,0,ER,OO,False,2022-09-27 06:48,2022-09-27 12:59,,,,,202209270648-PAJK-WGAK47-FLWAJK,grant.smith,2022
CLE,2022-09-26 20:50,2022-09-26 21:45,2022-09-26 20:50,202209262145,MA,P,W,64,NEW,,2593.707756349107,2022-09-26 20:50,,,,,False,2022-09-26 20:50,2022-09-26 21:45,34.0,0.0,,,202209262050-KCLE-WHUS51-SMWCLE,26,2022
MKX,2022-09-25 22:20,2022-09-25 23:00,2022-09-25 22:20,202209252300,SV,P,W,107,NEW,,5305.734731306841,2022-09-25 22:20,,,,,False,2022-09-25 22:20,2022-09-25 22:32,60.0,0.88,,,202209252220-KMKX-WUUS53-SVRMKX,PATTERSON,2022
SGF,2022-09-24 22:04,2022-09-24 22:45,2022-09-24 22:04,202209242245,SV,P,W,220,NEW,,671.9852460304951,2022-09-24 22:04,,,,,False,2022-09-24 22:04,2022-09-24 22:22,60.0,1.0,,,202209242204-KSGF-WUUS53-SVRSGF,Melto,2022
MFL,2022-09-28 07:04,2022-09-28 07:30,2022-09-28 07:04,202209280730,TO,P,W,62,NEW,,208.30358257703986,2022-09-28 07:04,,,,,False,2022-09-28 07:04,2022-09-28 07:30,,0.0,RADAR INDICATED,,202209280704-KMFL-WFUS52-TORMFL,SB,2022
MFL,2022-09-27 15:51,2022-09-27 19:00,2022-09-27 15:51,202209271900,FA,P,Y,238,NEW,,1343.850575996516,2022-09-27 15:51,00000,N,ER,OO,False,2022-09-27 15:51,2022-09-27 17:18,,,,,202209271551-KMFL-WGUS82-FLSMFL,BAXTER,2022
MFL,2022-09-27 01:03,2022-09-27 01:30,2022-09-27 01:03,202209270130,MA,P,W,339,NEW,,1485.2565673449637,2022-09-27 01:03,,,,,False,2022-09-27 01:03,2022-09-27 01:30,34.0,0.0,,,202209270103-KMFL-WHUS52-SMWMFL,SB,2022
MFL,2022-09-24 21:56,2022-09-25 00:00,2022-09-24 21:56,202209250000,FA,P,Y,231,NEW,,238.43837158177945,2022-09-24 21:56,00000,N,ER,OO,False,2022-09-24 21:56,2022-09-24 23:03,,,,,202209242156-KMFL-WGUS82-FLSMFL,Hadi,2022
MFL,2022-09-27 17:10,2022-09-27 20:15,2022-09-27 17:10,202209272015,FA,P,Y,241,NEW,,2509.9936462474193,2022-09-27 17:10,00000,N,ER,OO,False,2022-09-27 17:10,2022-09-27 20:15,,,,,202209271710-KMFL-WGUS82-FLSMFL,BAXTER,2022
TWC,2022-09-27 01:30,2022-09-27 03:30,2022-09-27 01:30,202209270330,FA,P,Y,280,NEW,,722.7251505966639,2022-09-27 01:30,00000,N,ER,OO,False,2022-09-27 01:30,2022-09-27 03:30,,,,,202209270130-KTWC-WGUS85-FLSTWC,GLZ,2022
KEY,2022-09-27 06:10,2022-09-27 06:45,2022-09-27 06:10,202209270645,TO,P,W,2,NEW,,167.57604105490728,2022-09-27 06:10,,,,,False,2022-09-27 06:10,2022-09-27 06:14,,0.0,OBSERVED,,202209270610-KKEY-WFUS52-TORKEY,KBL,2022
MFL,2022-09-27 14:49,2022-09-27 15:52,2022-09-27 14:49,202209271645,FA,P,Y,237,NEW,,1749.447648904863,2022-09-27 14:49,00000,N,ER,OO,False,2022-09-27 14:49,2022-09-27 15:52,,,,,202209271449-KMFL-WGUS82-FLSMFL,BAXTER,2022
SGX,2022-09-28 20:57,2022-09-28 22:45,2022-09-28 20:57,202209282245,FA,P,Y,104,NEW,,401.86708605087597,2022-09-28 20:57,00000,N,ER,OO,False,2022-09-28 20:57,2022-09-28 22:45,,,,,202209282057-KSGX-WGUS86-FLSSGX,SGX,2022
MLB,2022-09-29 03:48,2022-09-29 06:45,2022-09-29 03:48,202209290645,FF,P,W,1,NEW,,1349.8182695948328,2022-09-29 03:48,00000,0,ER,OO,False,2022-09-29 03:48,2022-09-29 06:14,,,,CONSIDERABLE,202209290348-KMLB-WGUS52-FFWMLB,CL,2022
TBW,2022-09-28 05:20,2022-10-17 13:42,2022-09-28 05:20,202210171342,FL,P,W,10,NEW,,112.44412846032799,2022-09-26 13:42,MKHF1,1,ER,NO,False,2022-09-28 05:20,2022-09-27 01:13,,,,,202209261342-KTBW-WGUS42-FLWTBW,TBW,2022
TWC,2022-09-28 22:18,2022-09-29 00:15,2022-09-28 22:18,202209290015,FF,P,W,161,NEW,,78.94287165957297,2022-09-28 22:18,00000,0,ER,OO,False,2022-09-28 22:18,2022-09-29 00:15,,,,CONSIDERABLE,202209282218-KTWC-WGUS55-FFWTWC,CWR,2022
LZK,2022-09-25 19:10,2022-09-25 19:43,2022-09-25 19:10,202209252000,SV,P,W,356,NEW,,781.8911921292394,2022-09-25 19:10,,,,,False,2022-09-25 19:10,2022-09-25 19:34,60.0,0.75,,,202209251910-KLZK-WUUS54-SVRLZK,Cavanaugh,2022
SGX,2022-09-28 23:23,2022-09-29 00:45,2022-09-28 23:23,202209290045,FF,P,W,65,NEW,,664.2529476242551,2022-09-28 23:23,00000,0,ER,OO,False,2022-09-28 23:23,2022-09-29 00:01,,,,CONSIDERABLE,202209282323-KSGX-WGUS56-FFWSGX,RK,2022
LWX,2022-09-25 15:20,2022-09-25 16:00,2022-09-25 15:20,202209251600,SV,P,W,406,NEW,,1041.9108529271698,2022-09-25 15:20,,,,,False,2022-09-25 15:20,2022-09-25 15:29,60.0,1.0,,,202209251520-KLWX-WUUS51-SVRLWX,Belak,2022
TWC,2022-09-27 02:04,2022-09-27 05:15,2022-09-27 02:04,202209270515,FA,P,Y,281,NEW,,252.06113117794362,2022-09-27 02:04,00000,N,ER,OO,False,2022-09-27 02:04,2022-09-27 05:12,,,,,202209270204-KTWC-WGUS85-FLSTWC,WJM,2022
TBW,2022-09-29 07:44,2022-10-18 23:20,2022-09-29 07:44,202210182320,FL,P,W,16,NEW,,86.14128308775264,2022-09-27 23:20,ZPHF1,3,ER,NR,False,2022-09-29 07:44,2022-09-27 23:35,,,,,202209272320-KTBW-WGUS42-FLWTBW,TBW,2022
CLE,2022-09-25 21:22,2022-09-25 22:15,2022-09-25 21:22,202209252215,MA,P,W,60,NEW,,1499.5317226678628,2022-09-25 21:22,,,,,False,2022-09-25 21:22,2022-09-25 22:11,34.0,0.0,,,202209252122-KCLE-WHUS51-SMWCLE,26,2022
MFL,2022-09-28 20:03,2022-09-28 22:00,2022-09-28 20:03,202209282200,FA,P,Y,258,NEW,,653.1872036991778,2022-09-28 20:03,00000,N,ER,OO,False,2022-09-28 20:03,2022-09-28 22:00,,,,,202209282003-KMFL-WGUS82-FLSMFL,BAXTER,2022
LIX,2022-09-26 23:15,2022-09-27 00:00,2022-09-26 23:15,202209270000,MA,P,W,420,NEW,,3000.0918046244374,2022-09-26 23:15,,,,,False,2022-09-26 23:15,2022-09-27 00:00,40.0,0.75,,,202209262315-KLIX-WHUS54-SMWLIX,Frye,2022
TBW,2022-09-29 15:54,2022-10-18 23:20,2022-09-29 15:54,202210182320,FL,P,W,17,NEW,,51.7601042280697,2022-09-27 23:20,ELFF1,3,ER,NO,False,2022-09-29 15:54,2022-09-27 23:35,,,,,202209272320-KTBW-WGUS42-FLWTBW,TBW,2022
TWC,2022-09-27 00:29,2022-09-27 02:30,2022-09-27 00:29,202209270230,FA,P,Y,278,NEW,,184.40729093344467,2022-09-27 00:29,00000,N,ER,OO,False,2022-09-27 00:29,2022-09-27 02:29,,,,,202209270029-KTWC-WGUS85-FLSTWC,GLZ,2022
TWC,2022-09-24 04:47,2022-09-24 06:45,2022-09-24 04:47,202209240645,FA,P,Y,273,NEW,,456.3594186610506,2022-09-24 04:47,00000,N,ER,OO,False,2022-09-24 04:47,2022-09-24 06:42,,,,,202209240447-KTWC-WGUS85-FLSTWC,GLZ,2022
VEF,2022-09-28 15:00,2022-09-28 17:17,2022-09-28 15:00,202209281800,FA,P,Y,73,NEW,,210.33875739265054,2022-09-28 15:00,00000,N,ER,OO,False,2022-09-28 15:00,2022-09-28 15:43,,,,,202209281500-KVEF-WGUS85-FLSVEF,JV,2022
MFL,2022-09-28 02:31,2022-09-28 02:45,2022-09-28 02:31,202209280245,TO,P,W,51,NEW,,24.25199228476984,2022-09-28 02:31,,,,,False,2022-09-28 02:31,2022-09-28 02:42,,0.0,RADAR INDICATED,,202209280231-KMFL-WFUS52-TORMFL,NC,2022
SGX,2022-09-24 22:33,2022-09-25 00:30,2022-09-24 22:33,202209250030,FA,P,Y,101,NEW,,173.0430503711061,2022-09-24 22:33,00000,N,ER,OO,False,2022-09-24 22:33,2022-09-25 00:30,,,,,202209242233-KSGX-WGUS86-FLSSGX,Schenk,2022
MFL,2022-09-27 22:20,2022-09-27 22:45,2022-09-27 22:20,202209272245,TO,P,W,27,NEW,,989.019883249341,2022-09-27 22:20,,,,,False,2022-09-27 22:20,2022-09-27 22:26,,0.75,RADAR INDICATED,,202209272220-KMFL-WFUS52-TORMFL,NC,2022
TWC,2022-09-27 00:54,2022-09-27 04:00,2022-09-27 00:54,202209270400,FF,P,W,159,NEW,,541.3509674822243,2022-09-27 00:54,00000,0,ER,OO,False,2022-09-27 00:54,2022-09-27 01:25,,,,CONSIDERABLE,202209270054-KTWC-WGUS55-FFWTWC,GLZ,2022
MFL,2022-09-27 16:21,2022-09-27 19:30,2022-09-27 16:21,202209271930,FA,P,Y,239,NEW,,1223.7484621403842,2022-09-27 16:21,00000,N,ER,OO,False,2022-09-27 16:21,2022-09-27 18:00,,,,,202209271621-KMFL-WGUS82-FLSMFL,BAXTER,2022
SGX,2022-09-28 21:22,2022-09-28 23:15,2022-09-28 21:22,202209282315,FA,P,Y,105,NEW,,1994.1002577883837,2022-09-28 21:22,00000,N,ER,OO,False,2022-09-28 21:22,2022-09-28 23:15,,,,,202209282122-KSGX-WGUS86-FLSSGX,RK,2022
MFL,2022-09-28 00:05,2022-09-28 02:00,2022-09-28 00:05,202209280200,FF,P,W,30,NEW,,234.15410493888325,2022-09-28 00:05,00000,0,ER,OO,False,2022-09-28 00:05,2022-09-28 02:00,,,,,202209280005-KMFL-WGUS52-FFWMFL,SB,2022
PSR,2022-09-28 21:05,2022-09-28 22:00,2022-09-28 21:05,202209282200,DS,P,Y,120,NEW,,583.1456701615656,2022-09-28 21:05,,,,,False,2022-09-28 21:05,2022-09-28 22:00,,,,,202209282105-KPSR-WWUS55-DSWPSR,,2022
MFL,2022-09-27 22:31,2022-09-27 23:00,2022-09-27 22:31,202209272300,TO,P,W,28,NEW,,805.3289749861203,2022-09-27 22:31,,,,,False,2022-09-27 22:31,2022-09-27 22:45,,0.0,RADAR INDICATED,,202209272231-KMFL-WFUS52-TORMFL,NC,2022
MFL,2022-09-28 02:21,2022-09-28 02:32,2022-09-28 02:21,202209280245,TO,P,W,49,NEW,,122.38318346179238,2022-09-28 02:21,,,,,False,2022-09-28 02:21,2022-09-28 02:32,,0.0,RADAR INDICATED,,202209280221-KMFL-WFUS52-TORMFL,NC,2022
SHV,2022-09-25 21:39,2022-09-25 22:30,2022-09-25 21:39,202209252230,SV,P,W,221,NEW,,1180.4978406983375,2022-09-25 21:39,,,,,False,2022-09-25 21:39,2022-09-25 22:30,60.0,1.0,,,202209252139-KSHV-WUUS54-SVRSHV,19,2022
TBW,2022-09-29 07:23,2022-10-01 12:00,2022-09-29 07:23,202210011200,FA,P,W,3,NEW,,70.9656723190777,2022-09-29 07:23,00000,0,ER,OO,False,2022-09-29 07:23,2022-09-30 20:14,,,,,202209290723-KTBW-WGUS42-FLWTBW,TBW,2022
MFL,2022-09-28 00:26,2022-09-28 02:30,2022-09-28 00:26,202209280230,FF,P,W,31,NEW,,185.95305892720003,2022-09-28 00:26,00000,0,ER,OO,False,2022-09-28 00:26,2022-09-28 02:30,,,,,202209280026-KMFL-WGUS52-FFWMFL,SB,2022
CLE,2022-09-25 10:24,2022-09-25 12:00,2022-09-25 10:24,202209251200,MA,P,W,56,NEW,,2093.0316658483343,2022-09-25 10:24,,,,,False,2022-09-25 10:24,2022-09-25 11:25,34.0,0.0,,,202209251024-KCLE-WHUS51-SMWCLE,Sullivan,2022
SGF,2022-09-24 21:12,2022-09-24 22:00,2022-09-24 21:12,202209242200,SV,P,W,218,NEW,,685.5272748767176,2022-09-24 21:12,,,,,False,2022-09-24 21:12,2022-09-24 21:32,60.0,1.0,,,202209242112-KSGF-WUUS53-SVRSGF,Cramer,2022
PAH,2022-09-24 22:01,2022-09-24 22:30,2022-09-24 22:01,202209242230,SV,P,W,217,NEW,,1361.160652186597,2022-09-24 22:01,,,,,False,2022-09-24 22:01,2022-09-24 22:14,60.0,1.0,,,202209242201-KPAH-WUUS53-SVRPAH,DW,2022
MLB,2022-09-29 07:16,2022-09-29 10:15,2022-09-29 07:16,202209291015,FF,P,W,4,NEW,,1423.3264171542792,2022-09-29 07:16,00000,0,ER,OO,False,2022-09-29 07:16,2022-09-29 09:41,,,,CONSIDERABLE,202209290716-KMLB-WGUS52-FFWMLB,CL,2022
MFL,2022-09-27 21:31,2022-09-27 22:00,2022-09-27 21:31,202209272200,MA,P,W,353,NEW,,367.56240107879836,2022-09-27 21:31,,,,,False,2022-09-27 21:31,2022-09-27 21:54,40.0,0.0,,,202209272131-KMFL-WHUS52-SMWMFL,MFL,2022
MFL,2022-09-28 20:53,2022-09-28 22:00,2022-09-28 20:53,202209282200,FA,P,Y,260,NEW,,1080.7565220230686,2022-09-28 20:53,00000,N,ER,OO,False,2022-09-28 20:53,2022-09-28 22:00,,,,,202209282053-KMFL-WGUS82-FLSMFL,BAXTER,2022
CLE,2022-09-26 20:15,2022-09-26 20:30,2022-09-26 20:15,202209262030,MA,P,W,63,NEW,,293.94979207441526,2022-09-26 20:15,,,,,False,2022-09-26 20:15,2022-09-26 20:30,34.0,0.0,,,202209262015-KCLE-WHUS51-SMWCLE,26,2022
JAX,2022-09-29 16:14,2022-09-29 19:15,2022-09-29 16:14,202209291915,FF,P,W,8,NEW,,171.03020741738442,2022-09-29 16:14,00000,0,ER,OO,False,2022-09-29 16:14,2022-09-29 19:15,,,,CONSIDERABLE,202209291614-KJAX-WGUS52-FFWJAX,AK,2022
JAX,2022-09-29 19:08,2022-09-30 01:00,2022-09-29 19:08,202209300100,FF,P,W,9,NEW,,732.5947898306091,2022-09-29 19:08,00000,0,ER,OO,False,2022-09-29 19:08,2022-09-30 00:54,,,,CONSIDERABLE,202209291908-KJAX-WGUS52-FFWJAX,MW,2022
TWC,2022-09-25 01:04,2022-09-25 03:00,2022-09-25 01:04,202209250300,FA,P,Y,274,NEW,,277.76309623581795,2022-09-25 01:04,00000,N,ER,OO,False,2022-09-25 01:04,2022-09-25 03:00,,,,,202209250104-KTWC-WGUS85-FLSTWC,GLZ,2022
SHV,2022-09-25 21:35,2022-09-25 22:03,2022-09-25 21:35,202209252215,SV,P,W,220,NEW,,1348.6617679081844,2022-09-25 21:35,,,,,False,2022-09-25 21:35,2022-09-25 21:55,60.0,0.75,,,202209252135-KSHV-WUUS54-SVRSHV,26,2022
OHX,2022-09-25 20:34,2022-09-25 21:04,2022-09-25 20:34,202209252115,SV,P,W,151,NEW,,750.7976546731784,2022-09-25 20:34,,,,,False,2022-09-25 20:34,2022-09-25 20:47,60.0,1.0,,,202209252034-KOHX-WUUS54-SVROHX,Shamburger,2022
VEF,2022-09-29 00:28,2022-09-29 03:30,2022-09-29 00:28,202209290330,FF,P,W,312,NEW,,1235.6061325424992,2022-09-29 00:28,00000,0,ER,OO,False,2022-09-29 00:28,2022-09-29 02:09,,,,,202209290028-KVEF-WGUS55-FFWVEF,JA,2022
BGM,2022-09-25 20:49,2022-09-25 21:17,2022-09-25 20:49,202209252130,SV,P,W,152,NEW,,553.825164997688,2022-09-25 20:49,,,,,False,2022-09-25 20:49,2022-09-25 20:57,60.0,1.0,,,202209252049-KBGM-WUUS51-SVRBGM,BTL,2022
MLB,2022-09-29 12:52,2022-09-29 16:00,2022-09-29 12:52,202209291600,FF,P,W,11,NEW,,685.1614434282806,2022-09-29 12:52,00000,0,ER,OO,True,2022-09-29 12:52,2022-09-29 15:58,,,,CATASTROPHIC,202209291252-KMLB-WGUS52-FFWMLB,JS,2022
ALY,2022-09-26 19:18,2022-09-26 20:15,2022-09-26 19:18,202209262015,SV,P,W,117,NEW,,3332.8733906857483,2022-09-26 19:18,,,,,False,2022-09-26 19:18,2022-09-26 19:43,60.0,0.75,,,202209261918-KALY-WUUS51-SVRALY,TAW,2022
MEG,2022-09-25 01:33,2022-09-25 02:15,2022-09-25 01:33,202209250215,SV,P,W,214,NEW,,1493.6564066499034,2022-09-25 01:33,,,,,False,2022-09-25 01:33,2022-09-25 01:48,60.0,0.75,,,202209250133-KMEG-WUUS54-SVRMEG,,2022
EPZ,2022-09-26 15:03,2022-09-26 18:15,2022-09-26 15:03,202209261815,FF,P,W,123,NEW,,573.5580483227841,2022-09-26 15:03,00000,0,ER,OO,False,2022-09-26 15:03,2022-09-26 18:15,,,,,202209261503-KEPZ-WGUS54-FFWEPZ,JD,2022
MFL,2022-09-27 02:19,2022-09-27 04:15,2022-09-27 02:19,202209270415,FA,P,Y,234,NEW,,2163.3637358893293,2022-09-27 02:19,00000,N,ER,OO,False,2022-09-27 02:19,2022-09-27 04:15,,,,,202209270219-KMFL-WGUS82-FLSMFL,GR,2022
TWC,2022-09-24 02:39,2022-09-24 04:45,2022-09-24 02:39,202209240445,FA,P,Y,272,NEW,,847.4424849497368,2022-09-24 02:39,00000,N,ER,OO,False,2022-09-24 02:39,2022-09-24 04:46,,,,,202209240239-KTWC-WGUS85-FLSTWC,GLZ,2022
KEY,2022-09-26 19:20,2022-09-26 20:15,2022-09-26 19:20,202209262015,MA,P,W,391,NEW,,3111.304927082875,2022-09-26 19:20,,,,,False,2022-09-26 19:20,2022-09-26 20:01,34.0,0.0,,,202209261920-KKEY-WHUS52-SMWKEY,TW,2022
MFL,2022-09-28 11:38,2022-09-28 14:45,2022-09-28 11:38,202209281445,FA,P,Y,252,NEW,,1170.4361888246665,2022-09-28 11:38,00000,N,ER,OO,False,2022-09-28 11:38,2022-09-28 14:45,,,,,202209281138-KMFL-WGUS82-FLSMFL,Hadi,2022
PHI,2022-09-25 20:50,2022-09-25 21:45,2022-09-25 20:50,202209252145,MA,P,W,121,NEW,,3427.14286320142,2022-09-25 20:50,,,,,False,2022-09-25 20:50,2022-09-25 21:45,40.0,0.0,,,202209252050-KPHI-WHUS51-SMWPHI,Fitzsimmons,2022
APX,2022-09-25 23:17,2022-09-26 00:15,2022-09-25 23:17,202209260015,MA,P,W,60,NEW,,1335.313008933677,2022-09-25 23:17,,,,,False,2022-09-25 23:17,2022-09-25 23:29,40.0,0.0,,,202209252317-KAPX-WHUS53-SMWAPX,JZ,2022
EPZ,2022-09-26 14:01,2022-09-26 15:05,2022-09-26 14:01,202209261600,FA,P,Y,556,NEW,,293.67841795574725,2022-09-26 14:01,00000,N,ER,OO,False,2022-09-26 14:01,2022-09-26 15:05,,,,,202209261401-KEPZ-WGUS84-FLSEPZ,JD,2022
SHV,2022-09-25 22:02,2022-09-25 22:45,2022-09-25 22:02,202209252245,SV,P,W,222,NEW,,1557.9094568183389,2022-09-25 22:02,,,,,False,2022-09-25 22:02,2022-09-25 22:29,60.0,0.75,,,202209252202-KSHV-WUUS54-SVRSHV,26,2022
TBW,2022-09-28 14:46,2022-09-28 16:45,2022-09-28 14:46,202209281645,EW,P,W,1,NEW,,1724.2675949645165,2022-09-28 14:46,,,,,False,2022-09-28 14:46,2022-09-28 16:45,,,,,202209281446-KTBW-WFUS52-EWWTBW,TBW,2022
GSP,2022-09-25 23:41,2022-09-25 23:58,2022-09-25 23:41,202209260030,SV,P,W,324,NEW,,536.2370703237802,2022-09-25 23:41,,,,,False,2022-09-25 23:41,2022-09-25 23:58,60.0,0.75,,,202209252341-KGSP-WUUS52-SVRGSP,KRENTZ,2022
EPZ,2022-09-27 00:13,2022-09-27 02:30,2022-09-27 00:13,202209270230,FF,P,W,124,NEW,,83.3251940966637,2022-09-27 00:13,00000,0,ER,OO,False,2022-09-27 00:13,2022-09-27 02:30,,,,,202209270013-KEPZ-WGUS54-FFWEPZ,33,2022
TWC,2022-09-28 23:23,2022-09-29 02:30,2022-09-28 23:23,202209290230,FF,P,W,162,NEW,,361.31320132955256,2022-09-28 23:23,00000,0,ER,OO,False,2022-09-28 23:23,2022-09-29 02:21,,,,CONSIDERABLE,202209282323-KTWC-WGUS55-FFWTWC,CWR,2022
KEY,2022-09-27 01:47,2022-09-27 04:45,2022-09-27 01:47,202209270445,FA,P,Y,4,NEW,,30.354925165757535,2022-09-27 01:47,00000,N,ER,OO,False,2022-09-27 01:47,2022-09-27 04:45,,,,,202209270147-KKEY-WGUS82-FLSKEY,SD,2022
GRR,2022-09-26 01:14,2022-09-26 01:54,2022-09-26 01:14,202209260215,SV,P,W,65,NEW,,1594.0410112890868,2022-09-26 01:14,,,,,False,2022-09-26 01:14,2022-09-26 01:54,60.0,0.75,,,202209260114-KGRR-WUUS53-SVRGRR,Thielke,2022
MFL,2022-09-26 21:15,2022-09-26 23:15,2022-09-26 21:15,202209262315,FA,P,Y,233,NEW,,738.6825755582846,2022-09-26 21:15,00000,N,ER,OO,False,2022-09-26 21:15,2022-09-26 23:15,,,,,202209262115-KMFL-WGUS82-FLSMFL,BAXTER,2022
MFL,2022-09-27 13:51,2022-09-27 14:32,2022-09-27 13:51,202209271700,FA,P,Y,236,NEW,,1187.2991614654954,2022-09-27 13:51,00000,N,ER,OO,False,2022-09-27 13:51,2022-09-27 14:32,,,,,202209271351-KMFL-WGUS82-FLSMFL,BAXTER,2022
LWX,2022-09-25 17:39,2022-09-25 18:30,2022-09-25 17:39,202209251830,SV,P,W,409,NEW,,3361.308665686707,2022-09-25 17:39,,,,,False,2022-09-25 17:39,2022-09-25 17:55,70.0,1.0,POSSIBLE,CONSIDERABLE,202209251739-KLWX-WUUS51-SVRLWX,KJP,2022
BUF,2022-09-27 15:48,2022-09-27 16:45,2022-09-27 15:48,202209271645,MA,P,W,114,NEW,,1332.6725005808748,2022-09-27 15:48,,,,,False,2022-09-27 15:48,2022-09-27 16:45,34.0,0.75,,,202209271548-KBUF-WHUS51-SMWBUF,Mitchell,2022
LOT,2022-09-25 23:24,2022-09-26 02:15,2022-09-25 23:24,202209260215,MA,P,W,49,NEW,,2653.4348605228,2022-09-25 23:24,,,,,False,2022-09-25 23:24,2022-09-26 00:32,49.0,0.0,,,202209252324-KLOT-WHUS53-SMWLOT,Carlaw,2022
TWC,2022-09-27 00:33,2022-09-27 03:45,2022-09-27 00:33,202209270345,FF,P,W,158,NEW,,115.53333070114405,2022-09-27 00:33,00000,0,ER,OO,False,2022-09-27 00:33,2022-09-27 01:03,,,,CONSIDERABLE,202209270033-KTWC-WGUS55-FFWTWC,GLZ,2022
TWC,2022-09-28 21:12,2022-09-28 22:15,2022-09-28 21:12,202209282215,DS,P,Y,38,NEW,,2687.402014398216,2022-09-28 21:12,,,,,False,2022-09-28 21:12,2022-09-28 22:16,,,,,202209282112-KTWC-WWUS55-DSWTWC,KRG,2022
RNK,2022-09-25 20:56,2022-09-25 23:00,2022-09-25 20:56,202209252300,FA,P,Y,139,NEW,,52.554208294180164,2022-09-25 20:56,00000,N,ER,OO,False,2022-09-25 20:56,2022-09-25 23:00,,,,,202209252056-KRNK-WGUS81-FLSRNK,ET,2022
TBW,2022-09-28 21:27,2022-09-28 23:30,2022-09-28 21:27,202209282330,EW,P,W,4,NEW,,8723.602553532011,2022-09-28 21:27,,,,,False,2022-09-28 21:27,2022-09-28 23:30,,,,,202209282127-KTBW-WFUS52-EWWTBW,TBW,2022
MLB,2022-09-29 07:24,2022-09-29 10:30,2022-09-29 07:24,202209291030,FF,P,W,5,NEW,,1052.7138206791465,2022-09-29 07:24,00000,0,ER,OO,False,2022-09-29 07:24,2022-09-29 09:44,,,,CONSIDERABLE,202209290724-KMLB-WGUS52-FFWMLB,CL,2022
BRO,2022-09-27 20:24,2022-09-27 21:30,2022-09-27 20:24,202209272130,FA,P,Y,63,NEW,,204.28059705857947,2022-09-27 20:24,00000,N,ER,OO,False,2022-09-27 20:24,2022-09-27 21:23,,,,,202209272024-KBRO-WGUS84-FLSBRO,Farris,2022
MLB,2022-09-28 02:24,2022-09-28 03:00,2022-09-28 02:24,202209280300,TO,P,W,18,NEW,,365.9248902578718,2022-09-28 02:24,,,,,False,2022-09-28 02:24,2022-09-28 02:57,,0.0,RADAR INDICATED,,202209280224-KMLB-WFUS52-TORMLB,Kelly,2022
PSR,2022-09-28 20:18,2022-09-29 00:08,2022-09-28 20:18,202209290030,FF,P,W,308,NEW,,439.6565843974237,2022-09-28 20:18,00000,0,ER,OO,False,2022-09-28 20:18,2022-09-28 21:16,,,,CONSIDERABLE,202209282018-KPSR-WGUS55-FFWPSR,,2022
LOT,2022-09-25 23:42,2022-09-26 00:28,2022-09-25 23:42,202209260045,SV,P,W,140,NEW,,2795.273007723176,2022-09-25 23:42,,,,,False,2022-09-25 23:42,2022-09-26 00:14,60.0,0.75,,,202209252342-KLOT-WUUS53-SVRLOT,Carlaw,2022
MRX,2022-09-25 21:34,2022-09-25 22:00,2022-09-25 21:34,202209252200,SV,P,W,183,NEW,,1003.1895288418001,2022-09-25 21:34,,,,,False,2022-09-25 21:34,2022-09-25 21:50,60.0,1.0,,,202209252134-KMRX-WUUS54-SVRMRX,BW,2022
PHI,2022-09-25 19:20,2022-09-25 19:45,2022-09-25 19:20,202209251945,SV,P,W,167,NEW,,1177.613014331535,2022-09-25 19:20,,,,,False,2022-09-25 19:20,2022-09-25 19:32,60.0,0.75,,,202209251920-KPHI-WUUS51-SVRPHI,Fitzsimmons,2022
KEY,2022-09-28 00:11,2022-09-28 01:15,2022-09-28 00:11,202209280115,MA,P,W,409,NEW,,1038.0038661712692,2022-09-28 00:11,,,,,False,2022-09-28 00:11,2022-09-28 01:15,34.0,0.0,,,202209280011-KKEY-WHUS52-SMWKEY,11,2022
BUF,2022-09-27 13:20,2022-09-27 17:33,2022-09-27 13:20,202209271915,FF,P,W,9,NEW,,386.13707476386617,2022-09-27 13:20,00000,0,ER,OO,False,2022-09-27 13:20,2022-09-27 15:06,,,,,202209271320-KBUF-WGUS51-FFWBUF,Hitchcock,2022
MFL,2022-09-24 20:38,2022-09-24 21:15,2022-09-24 20:38,202209242115,MA,P,W,333,NEW,,841.4464389945025,2022-09-24 20:38,,,,,False,2022-09-24 20:38,2022-09-24 21:15,34.0,0.0,,,202209242038-KMFL-WHUS52-SMWMFL,Hadi,2022
BUF,2022-09-27 16:44,2022-09-27 17:45,2022-09-27 16:44,202209271745,MA,P,W,115,NEW,,3645.152756644126,2022-09-27 16:44,,,,,False,2022-09-27 16:44,2022-09-27 17:23,34.0,0.75,,,202209271644-KBUF-WHUS51-SMWBUF,Mitchell,2022
TWC,2022-09-24 00:41,2022-09-24 03:45,2022-09-24 00:41,202209240345,FA,P,Y,271,NEW,,683.7641836355127,2022-09-24 00:41,00000,N,ER,OO,False,2022-09-24 00:41,2022-09-24 03:44,,,,,202209240041-KTWC-WGUS85-FLSTWC,WJM,2022
MLB,2022-09-29 02:21,2022-09-29 02:35,2022-09-29 02:21,202209290245,TO,P,W,26,NEW,,140.0888070252977,2022-09-29 02:21,,,,,False,2022-09-29 02:21,2022-09-29 02:35,,0.0,RADAR INDICATED,,202209290221-KMLB-WFUS52-TORMLB,Kelly,2022
JAX,2022-09-29 15:21,2022-09-29 19:15,2022-09-29 15:21,202209291915,FF,P,W,7,NEW,,351.35820666732525,2022-09-29 15:21,00000,0,ER,OO,False,2022-09-29 15:21,2022-09-29 19:15,,,,CONSIDERABLE,202209291521-KJAX-WGUS52-FFWJAX,AK,2022
MFL,2022-09-27 19:17,2022-09-27 22:15,2022-09-27 19:17,202209272215,FA,P,Y,242,NEW,,1075.157172722706,2022-09-27 19:17,00000,N,ER,OO,False,2022-09-27 19:17,2022-09-27 21:41,,,,,202209271917-KMFL-WGUS82-FLSMFL,BAXTER,2022
MFL,2022-09-27 19:35,2022-09-27 22:45,2022-09-27 19:35,202209272245,FA,P,Y,243,NEW,,2781.1636558348914,2022-09-27 19:35,00000,N,ER,OO,False,2022-09-27 19:35,2022-09-27 20:23,,,,,202209271935-KMFL-WGUS82-FLSMFL,BAXTER,2022
TBW,2022-09-28 19:15,2022-09-28 23:15,2022-09-28 19:15,202209282315,FF,P,W,5,NEW,,2083.0045531419137,2022-09-28 19:15,00000,0,ER,OO,False,2022-09-28 19:15,2022-09-28 23:15,,,,,202209281915-KTBW-WGUS52-FFWTBW,TBW,2022
BRO,2022-09-25 22:30,2022-09-25 23:30,2022-09-25 22:30,202209252330,FA,P,Y,60,NEW,,301.36687183689094,2022-09-25 22:30,00000,N,ER,OO,False,2022-09-25 22:30,2022-09-25 23:31,,,,,202209252230-KBRO-WGUS84-FLSBRO,Bogorad,2022
MFL,2022-09-28 17:17,2022-09-28 23:15,2022-09-28 17:17,202209282315,FA,P,Y,256,NEW,,2575.675564645842,2022-09-28 17:17,00000,N,ER,OO,False,2022-09-28 17:17,2022-09-28 22:23,,,,,202209281717-KMFL-WGUS82-FLSMFL,BAXTER,2022
MFL,2022-09-28 14:12,2022-09-28 17:15,2022-09-28 14:12,202209281715,FA,P,Y,254,NEW,,318.25092928743555,2022-09-28 14:12,00000,N,ER,OO,False,2022-09-28 14:12,2022-09-28 17:15,,,,,202209281412-KMFL-WGUS82-FLSMFL,BAXTER,2022
GRR,2022-09-25 23:45,2022-09-26 01:45,2022-09-25 23:45,202209260145,MA,P,W,45,NEW,,6436.973745997033,2022-09-25 23:45,,,,,False,2022-09-25 23:45,2022-09-26 01:22,49.0,0.0,,,202209252345-KGRR-WHUS53-SMWGRR,Thielke,2022
TWC,2022-09-29 00:17,2022-09-29 02:45,2022-09-29 00:17,202209290245,FF,P,W,163,NEW,,746.4166662286921,2022-09-29 00:17,00000,0,ER,OO,False,2022-09-29 00:17,2022-09-29 02:35,,,,CONSIDERABLE,202209290017-KTWC-WGUS55-FFWTWC,CWR,2022
SGX,2022-09-29 21:17,2022-09-29 23:16,2022-09-29 21:17,202209292316,FA,P,Y,110,NEW,,506.0370700718851,2022-09-29 21:17,00000,N,ER,OO,False,2022-09-29 21:17,2022-09-29 23:16,,,,,202209292117-KSGX-WGUS86-FLSSGX,Tardy,2022
TBW,2022-09-29 02:45,2022-09-29 05:00,2022-09-29 02:45,202209290500,FF,P,W,9,NEW,,3035.179279622709,2022-09-29 02:45,00000,0,ER,OO,False,2022-09-29 02:45,2022-09-29 05:00,,,,CONSIDERABLE,202209290245-KTBW-WGUS52-FFWTBW,TBW,2022
MFL,2022-09-28 19:38,2022-09-28 20:30,2022-09-28 19:38,202209282030,FA,P,Y,257,NEW,,2780.991545163104,2022-09-28 19:38,00000,N,ER,OO,False,2022-09-28 19:38,2022-09-28 20:30,,,,,202209281938-KMFL-WGUS82-FLSMFL,BAXTER,2022
SGX,2022-09-29 19:19,2022-09-29 21:16,2022-09-29 19:19,202209292116,FA,P,Y,109,NEW,,844.5093287148474,2022-09-29 19:19,00000,N,ER,OO,False,2022-09-29 19:19,2022-09-29 21:16,,,,,202209291919-KSGX-WGUS86-FLSSGX,Tardy,2022
GRR,2022-09-26 00:48,2022-09-26 01:15,2022-09-26 00:48,202209260115,MA,P,W,46,NEW,,2316.075949788886,2022-09-26 00:48,,,,,False,2022-09-26 00:48,2022-09-26 01:15,49.0,0.0,,,202209260048-KGRR-WHUS53-SMWGRR,Thielke,2022
TWC,2022-09-29 21:58,2022-09-30 00:30,2022-09-29 21:58,202209300030,FF,P,W,164,NEW,,196.78076715158306,2022-09-29 21:58,00000,0,ER,OO,False,2022-09-29 21:58,2022-09-30 00:21,,,,CONSIDERABLE,202209292158-KTWC-WGUS55-FFWTWC,CWR,2022
MFL,2022-09-27 23:58,2022-09-28 00:30,2022-09-27 23:58,202209280030,TO,P,W,35,NEW,,420.9425746852472,2022-09-27 23:58,,,,,False,2022-09-27 23:58,2022-09-28 00:15,,0.0,RADAR INDICATED,,202209272358-KMFL-WFUS52-TORMFL,NC,2022
PSR,2022-09-27 02:35,2022-09-27 03:15,2022-09-27 02:35,202209270315,DS,P,Y,119,NEW,,2974.731947172978,2022-09-27 02:35,,,,,False,2022-09-27 02:35,2022-09-27 03:15,,,,,202209270235-KPSR-WWUS55-DSWPSR,GL,2022
IWX,2022-09-26 00:14,2022-09-26 02:15,2022-09-26 00:14,202209260215,MA,P,W,19,NEW,,1218.9108356061658,2022-09-26 00:14,,,,,False,2022-09-26 00:14,2022-09-26 00:42,40.0,0.0,,,202209260014-KIWX-WHUS53-SMWIWX,CM,2022
MFL,2022-09-28 14:23,2022-09-28 16:45,2022-09-28 14:23,202209281645,FA,P,Y,255,NEW,,2072.605251703381,2022-09-28 14:23,00000,N,ER,OO,False,2022-09-28 14:23,2022-09-28 16:45,,,,,202209281423-KMFL-WGUS82-FLSMFL,BAXTER,2022
PBZ,2022-09-25 13:40,2022-09-25 14:30,2022-09-25 13:40,202209251430,SV,P,W,216,NEW,,2964.233554080361,2022-09-25 13:40,,,,,False,2022-09-25 13:40,2022-09-25 13:47,60.0,1.0,,,202209251340-KPBZ-WUUS51-SVRPBZ,,2022
MFL,2022-09-28 02:45,2022-09-28 05:45,2022-09-28 02:45,202209280545,FA,P,Y,249,NEW,,1468.7233060778112,2022-09-28 02:45,00000,N,ER,OO,False,2022-09-28 02:45,2022-09-28 05:45,,,,,202209280245-KMFL-WGUS82-FLSMFL,ATV,2022
VEF,2022-09-29 20:07,2022-09-29 22:00,2022-09-29 20:07,202209292200,FF,P,W,313,NEW,,497.26642185508183,2022-09-29 20:07,00000,0,ER,OO,False,2022-09-29 20:07,2022-09-29 20:51,,,,CONSIDERABLE,202209292007-KVEF-WGUS55-FFWVEF,BKP,2022
MKX,2022-09-25 23:11,2022-09-26 00:45,2022-09-25 23:11,202209260045,MA,P,W,51,NEW,,4020.237066561339,2022-09-25 23:11,,,,,False,2022-09-25 23:11,2022-09-26 00:28,40.0,0.75,,,202209252311-KMKX-WHUS53-SMWMKX,PATTERSON,2022
EPZ,2022-09-26 14:44,2022-09-26 15:05,2022-09-26 14:44,202209261745,FA,P,Y,557,NEW,,547.7964206316109,2022-09-26 14:44,00000,N,ER,OO,False,2022-09-26 14:44,2022-09-26 15:05,,,,,202209261444-KEPZ-WGUS84-FLSEPZ,JD,2022
GUM,2022-09-24 13:38,2022-09-24 14:26,2022-09-24 13:38,202209241500,FF,P,W,4,NEW,,61.91004849016127,2022-09-24 13:38,00000,0,ER,OO,False,2022-09-24 13:38,2022-09-24 14:26,,,,,202209241338-PGUM-WGMY50-FFWGUM,EP,2022
CRP,2022-09-26 21:38,2022-09-26 22:30,2022-09-26 21:38,202209262230,MA,P,W,38,NEW,,861.7454923937969,2022-09-26 21:38,,,,,False,2022-09-26 21:38,2022-09-26 22:30,34.0,0.0,,,202209262138-KCRP-WHUS54-SMWCRP,TE,2022
BUF,2022-09-27 14:42,2022-09-27 16:45,2022-09-27 14:42,202209271645,MA,P,W,113,NEW,,2451.0552362954654,2022-09-27 14:42,,,,,False,2022-09-27 14:42,2022-09-27 15:57,34.0,0.75,,,202209271442-KBUF-WHUS51-SMWBUF,Hitchcock,2022
AKQ,2022-09-25 20:55,2022-09-25 21:45,2022-09-25 20:55,202209252145,SV,P,W,259,NEW,,3466.936440505541,2022-09-25 20:55,,,,,False,2022-09-25 20:55,2022-09-25 21:19,60.0,0.75,,,202209252055-KAKQ-WUUS51-SVRAKQ,BROWN,2022
MFL,2022-09-28 11:34,2022-09-28 14:45,2022-09-28 11:34,202209281445,FA,P,Y,251,NEW,,1032.7526906558276,2022-09-28 11:34,00000,N,ER,OO,False,2022-09-28 11:34,2022-09-28 12:29,,,,,202209281134-KMFL-WGUS82-FLSMFL,Hadi,2022
VEF,2022-09-29 19:06,2022-09-29 21:00,2022-09-29 19:06,202209292100,FA,P,Y,75,NEW,,181.23718455638442,2022-09-29 19:06,00000,N,ER,OO,False,2022-09-29 19:06,2022-09-29 20:13,,,,,202209291906-KVEF-WGUS85-FLSVEF,BKP,2022
MLB,2022-09-29 10:27,2022-09-29 13:30,2022-09-29 10:27,202209291330,FF,P,W,8,NEW,,3050.1074636974604,2022-09-29 10:27,00000,0,ER,OO,False,2022-09-29 10:27,2022-09-29 13:26,,,,,202209291027-KMLB-WGUS52-FFWMLB,JS,2022
PSR,2022-09-28 21:26,2022-09-28 22:28,2022-09-28 21:26,202209282300,DS,P,Y,121,NEW,,1790.278133602601,2022-09-28 21:26,,,,,False,2022-09-28 21:26,2022-09-28 22:28,,,,,202209282126-KPSR-WWUS55-DSWPSR,Hirsch,2022
MFL,2022-09-24 21:13,2022-09-24 21:45,2022-09-24 21:13,202209242145,MA,P,W,334,NEW,,1901.7480250819917,2022-09-24 21:13,,,,,False,2022-09-24 21:13,2022-09-24 21:35,34.0,0.0,,,202209242113-KMFL-WHUS52-SMWMFL,Hadi,2022
AKQ,2022-09-25 22:27,2022-09-25 23:00,2022-09-25 22:27,202209252300,SV,P,W,262,NEW,,1096.1166097290895,2022-09-25 22:27,,,,,False,2022-09-25 22:27,2022-09-25 22:59,60.0,0.75,,,202209252227-KAKQ-WUUS51-SVRAKQ,BROWN,2022
AJK,2022-09-25 21:46,2022-09-26 18:25,2022-09-25 21:46,202209280300,FA,P,Y,14,NEW,,106.89173341905493,2022-09-25 21:46,00000,N,ER,OO,False,2022-09-25 21:46,2022-09-26 05:14,,,,,202209252146-PAJK-WGAK87-FLSAJK,nicole.ferrin,2022
EPZ,2022-09-26 16:24,2022-09-26 18:30,2022-09-26 16:24,202209261830,FA,P,Y,558,NEW,,699.3457691354802,2022-09-26 16:24,00000,N,ER,OO,False,2022-09-26 16:24,2022-09-26 18:30,,,,,202209261624-KEPZ-WGUS84-FLSEPZ,JD,2022
AKQ,2022-09-25 22:07,2022-09-25 22:45,2022-09-25 22:07,202209252245,SV,P,W,261,NEW,,2098.7093738217877,2022-09-25 22:07,,,,,False,2022-09-25 22:07,2022-09-25 22:45,60.0,0.75,,,202209252207-KAKQ-WUUS51-SVRAKQ,BROWN,2022
AKQ,2022-09-25 20:18,2022-09-25 21:00,2022-09-25 20:18,202209252100,SV,P,W,258,NEW,,2613.4725132005865,2022-09-25 20:18,,,,,False,2022-09-25 20:18,2022-09-25 20:46,60.0,0.75,,,202209252018-KAKQ-WUUS51-SVRAKQ,BROWN,2022
MLB,2022-09-25 22:47,2022-09-26 00:15,2022-09-25 22:47,202209260015,FA,P,Y,151,NEW,,109.61449358533248,2022-09-25 22:47,00000,N,ER,OO,False,2022-09-25 22:47,2022-09-26 00:15,,,,,202209252247-KMLB-WGUS82-FLSMLB,SK,2022
CLE,2022-09-26 00:21,2022-09-26 03:53,2022-09-26 00:21,202209260415,FA,P,Y,93,NEW,,807.7152318227328,2022-09-26 00:21,00000,N,ER,OO,False,2022-09-26 00:21,2022-09-26 03:53,,,,,202209260021-KCLE-WGUS81-FLSCLE,26,2022
CLE,2022-09-25 14:51,2022-09-25 18:42,2022-09-25 14:51,202209252000,FA,P,Y,92,NEW,,539.5629081398376,2022-09-25 14:51,00000,N,ER,OO,False,2022-09-25 14:51,2022-09-25 18:42,,,,,202209251451-KCLE-WGUS81-FLSCLE,Sefcovic,2022
RLX,2022-09-25 16:22,2022-09-25 19:08,2022-09-25 16:22,202209251930,FF,P,W,111,NEW,,839.6295716664605,2022-09-25 16:22,00000,0,ER,OO,False,2022-09-25 16:22,2022-09-25 19:08,,,,,202209251622-KRLX-WGUS51-FFWRLX,JZ,2022
SGF,2022-09-25 00:08,2022-09-25 01:00,2022-09-25 00:08,202209250100,SV,P,W,221,NEW,,1589.9140551541257,2022-09-25 00:08,,,,,False,2022-09-25 00:08,2022-09-25 00:34,60.0,1.0,,,202209250008-KSGF-WUUS53-SVRSGF,Melto,2022
PHI,2022-09-25 18:48,2022-09-25 19:15,2022-09-25 18:48,202209251915,MA,P,W,118,NEW,,344.51118383910637,2022-09-25 18:48,,,,,False,2022-09-25 18:48,2022-09-25 19:15,34.0,0.0,,,202209251848-KPHI-WHUS51-SMWPHI,Fitzsimmons,2022
JAX,2022-09-29 08:13,2022-09-29 12:00,2022-09-29 08:13,202209291200,FA,P,Y,35,NEW,,2132.8925292997174,2022-09-29 08:13,00000,N,ER,OO,False,2022-09-29 08:13,2022-09-29 10:59,,,,,202209290813-KJAX-WGUS82-FLSJAX,WOLF,2022
CLE,2022-09-25 15:53,2022-09-25 17:19,2022-09-25 15:53,202209251800,MA,P,W,59,NEW,,2038.1029261665497,2022-09-25 15:53,,,,,False,2022-09-25 15:53,2022-09-25 17:19,34.0,0.75,,,202209251553-KCLE-WHUS51-SMWCLE,Sefcovic,2022
MFL,2022-09-27 16:48,2022-09-27 19:45,2022-09-27 16:48,202209271945,FA,P,Y,240,NEW,,1133.7152895017202,2022-09-27 16:48,00000,N,ER,OO,False,2022-09-27 16:48,2022-09-27 18:31,,,,,202209271648-KMFL-WGUS82-FLSMFL,BAXTER,2022
BUF,2022-09-25 22:55,2022-09-26 00:00,2022-09-25 22:55,202209260000,MA,P,W,104,NEW,,586.9731366443033,2022-09-25 22:55,,,,,False,2022-09-25 22:55,2022-09-25 23:28,34.0,0.75,,,202209252255-KBUF-WHUS51-SMWBUF,JLA,2022
VEF,2022-09-28 18:10,2022-09-28 21:15,2022-09-28 18:10,202209282115,FF,P,W,310,NEW,,1174.0425511573983,2022-09-28 18:10,00000,0,ER,OO,False,2022-09-28 18:10,2022-09-28 18:55,,,,CONSIDERABLE,202209281810-KVEF-WGUS55-FFWVEF,JV,2022
ALY,2022-09-26 19:02,2022-09-26 20:00,2022-09-26 19:02,202209262000,SV,P,W,116,NEW,,2278.886778898497,2022-09-26 19:02,,,,,False,2022-09-26 19:02,2022-09-26 19:35,60.0,0.75,,,202209261902-KALY-WUUS51-SVRALY,TAW,2022
JSJ,2022-09-29 18:03,2022-09-29 19:30,2022-09-29 18:03,202209291930,FA,P,Y,291,NEW,,156.06149050862155,2022-09-29 18:03,00000,N,ER,OO,False,2022-09-29 18:03,2022-09-29 19:25,,,,,202209291803-TJSJ-WGCA82-FLSSJU,CAM,2022
MFL,2022-09-27 22:44,2022-09-28 00:45,2022-09-27 22:44,202209280045,FA,P,Y,246,NEW,,1252.5459196405966,2022-09-27 22:44,00000,N,ER,OO,False,2022-09-27 22:44,2022-09-28 00:45,,,,,202209272244-KMFL-WGUS82-FLSMFL,SB,2022
RNK,2022-09-25 20:28,2022-09-25 21:15,2022-09-25 20:28,202209252115,SV,P,W,272,NEW,,1704.0806492300044,2022-09-25 20:28,,,,,False,2022-09-25 20:28,2022-09-25 20:48,60.0,1.0,,,202209252028-KRNK-WUUS51-SVRRNK,ET,2022
TBW,2022-09-28 16:03,2022-09-28 18:00,2022-09-28 16:03,202209281800,EW,P,W,2,NEW,,695.1727667760628,2022-09-28 16:03,,,,,False,2022-09-28 16:03,2022-09-28 18:00,,,,,202209281603-KTBW-WFUS52-EWWTBW,TBW,2022
AJK,2022-09-26 23:51,2022-09-27 22:37,2022-09-26 23:51,202209280900,FA,P,Y,16,NEW,,54.7471209860637,2022-09-26 23:51,00000,N,ER,OO,False,2022-09-26 23:51,2022-09-27 07:14,,,,,202209262351-PAJK-WGAK87-FLSAJK,aaron.jacobs,2022
SLC,2022-09-29 02:01,2022-09-29 03:00,2022-09-29 02:01,202209290300,SV,P,W,78,NEW,,2851.7248646244625,2022-09-29 02:01,,,,,False,2022-09-29 02:01,2022-09-29 02:11,60.0,0.75,,,202209290201-KSLC-WUUS55-SVRSLC,JW,2022
HFO,2022-09-25 11:00,2022-09-25 13:29,2022-09-25 11:00,202209251400,FA,P,Y,63,NEW,,853.9053414580239,2022-09-25 11:00,00000,N,ER,OO,False,2022-09-25 11:00,2022-09-25 13:29,,,,,202209251100-PHFO-WGHW80-FLSHFO,RCB,2022
CLE,2022-09-26 22:34,2022-09-27 01:29,2022-09-26 22:34,202209270230,FF,P,W,24,NEW,,613.7518725518509,2022-09-26 22:34,00000,0,ER,OO,False,2022-09-26 22:34,2022-09-27 01:29,,,,,202209262234-KCLE-WGUS51-FFWCLE,26,2022
CLE,2022-09-26 22:23,2022-09-26 22:34,2022-09-26 22:23,202209270230,FA,P,Y,96,NEW,,613.7518725518509,2022-09-26 22:23,00000,N,ER,OO,False,2022-09-26 22:23,2022-09-26 22:34,,,,,202209262223-KCLE-WGUS81-FLSCLE,26,2022
MEG,2022-09-24 23:18,2022-09-24 23:43,2022-09-24 23:18,202209250000,SV,P,W,211,NEW,,642.8462241254482,2022-09-24 23:18,,,,,False,2022-09-24 23:18,2022-09-24 23:43,60.0,1.0,,,202209242318-KMEG-WUUS54-SVRMEG,,2022
LWX,2022-09-25 20:46,2022-09-25 21:15,2022-09-25 20:46,202209252115,SV,P,W,411,NEW,,281.0567823855661,2022-09-25 20:46,,,,,False,2022-09-25 20:46,2022-09-25 21:01,60.0,1.0,,,202209252046-KLWX-WUUS51-SVRLWX,KJP,2022
VEF,2022-09-28 19:05,2022-09-28 22:15,2022-09-28 19:05,202209282215,FF,P,W,311,NEW,,214.81103454134603,2022-09-28 19:05,00000,0,ER,OO,False,2022-09-28 19:05,2022-09-28 19:59,,,,CONSIDERABLE,202209281905-KVEF-WGUS55-FFWVEF,JV,2022
BRO,2022-09-27 19:33,2022-09-27 20:47,2022-09-27 19:33,202209272100,FA,P,Y,62,NEW,,312.19797583424094,2022-09-27 19:33,00000,N,ER,OO,False,2022-09-27 19:33,2022-09-27 20:47,,,,,202209271933-KBRO-WGUS84-FLSBRO,Mejia,2022
MLB,2022-09-29 04:58,2022-09-29 08:00,2022-09-29 04:58,202209290800,FF,P,W,3,NEW,,3116.7780217832087,2022-09-29 04:58,00000,0,ER,OO,False,2022-09-29 04:58,2022-09-29 07:41,,,,CONSIDERABLE,202209290458-KMLB-WGUS52-FFWMLB,CL,2022
MLB,2022-09-25 20:49,2022-09-25 22:15,2022-09-25 20:49,202209252215,FA,P,Y,150,NEW,,325.36385810484353,2022-09-25 20:49,00000,N,ER,OO,False,2022-09-25 20:49,2022-09-25 22:15,,,,,202209252049-KMLB-WGUS82-FLSMLB,SK,2022
VEF,2022-09-29 21:06,2022-09-29 23:00,2022-09-29 21:06,202209292300,FF,P,W,314,NEW,,407.8719039508442,2022-09-29 21:06,00000,0,ER,OO,False,2022-09-29 21:06,2022-09-29 21:53,,,,CONSIDERABLE,202209292106-KVEF-WGUS55-FFWVEF,BKP,2022
CRP,2022-09-26 22:15,2022-09-26 23:00,2022-09-26 22:15,202209262300,MA,P,W,39,NEW,,650.4725517876625,2022-09-26 22:15,,,,,False,2022-09-26 22:15,2022-09-26 23:00,34.0,0.75,,,202209262215-KCRP-WHUS54-SMWCRP,TE,2022
LWX,2022-09-25 17:05,2022-09-25 17:45,2022-09-25 17:05,202209251745,SV,P,W,408,NEW,,2454.992509030178,2022-09-25 17:05,,,,,False,2022-09-25 17:05,2022-09-25 17:16,60.0,1.0,,,202209251705-KLWX-WUUS51-SVRLWX,Belak,2022
PHI,2022-09-25 20:21,2022-09-25 21:00,2022-09-25 20:21,202209252100,MA,P,W,119,NEW,,1064.8826775598016,2022-09-25 20:21,,,,,False,2022-09-25 20:21,2022-09-25 20:40,34.0,0.75,,,202209252021-KPHI-WHUS51-SMWPHI,BIRCHFIELD,2022
CLE,2022-09-26 16:02,2022-09-26 17:30,2022-09-26 16:02,202209261730,MA,P,W,62,NEW,,6958.331720490477,2022-09-26 16:02,,,,,False,2022-09-26 16:02,2022-09-26 17:08,34.0,0.0,,,202209261602-KCLE-WHUS51-SMWCLE,Clark,2022
BUF,2022-09-26 21:57,2022-09-26 22:15,2022-09-26 21:57,202209262215,MA,P,W,111,NEW,,360.01260454528455,2022-09-26 21:57,,,,,False,2022-09-26 21:57,2022-09-26 22:08,40.0,0.0,,,202209262157-KBUF-WHUS51-SMWBUF,Mitchell,2022
MLB,2022-09-29 09:57,2022-09-29 14:00,2022-09-29 09:57,202209291400,FF,P,W,7,NEW,,726.6273177935225,2022-09-29 09:57,00000,0,ER,OO,False,2022-09-29 09:57,2022-09-29 13:51,,,,CONSIDERABLE,202209290957-KMLB-WGUS52-FFWMLB,JS,2022
SGX,2022-09-29 00:34,2022-09-29 01:30,2022-09-29 00:34,202209290130,FA,P,Y,108,NEW,,2128.994937436369,2022-09-29 00:34,00000,N,ER,OO,False,2022-09-29 00:34,2022-09-29 01:25,,,,,202209290034-KSGX-WGUS86-FLSSGX,JMS,2022
MRX,2022-09-25 21:22,2022-09-25 21:45,2022-09-25 21:22,202209252145,SV,P,W,182,NEW,,683.6091705278775,2022-09-25 21:22,,,,,False,2022-09-25 21:22,2022-09-25 21:45,60.0,0.75,,,202209252122-KMRX-WUUS54-SVRMRX,BW,2022
MKX,2022-09-25 22:10,2022-09-25 22:45,2022-09-25 22:10,202209252245,SV,P,W,106,NEW,,2123.7758239676405,2022-09-25 22:10,,,,,False,2022-09-25 22:10,2022-09-25 22:31,60.0,0.88,,,202209252210-KMKX-WUUS53-SVRMKX,PATTERSON,2022
CLE,2022-09-25 13:53,2022-09-25 16:00,2022-09-25 13:53,202209251600,MA,P,W,58,NEW,,2445.503049022024,2022-09-25 13:53,,,,,False,2022-09-25 13:53,2022-09-25 14:35,34.0,0.0,,,202209251353-KCLE-WHUS51-SMWCLE,Sefcovic,2022
MEG,2022-09-25 09:44,2022-09-25 12:45,2022-09-25 09:44,202209251245,FF,P,W,19,NEW,,444.49380145405956,2022-09-25 09:44,00000,0,ER,OO,False,2022-09-25 09:44,2022-09-25 12:49,,,,,202209250944-KMEG-WGUS54-FFWMEG,,2022
MFL,2022-09-27 23:48,2022-09-28 00:45,2022-09-27 23:48,202209280045,FA,P,Y,247,NEW,,775.7565483250627,2022-09-27 23:48,00000,N,ER,OO,False,2022-09-27 23:48,2022-09-28 00:45,,,,,202209272348-KMFL-WGUS82-FLSMFL,SB,2022
BOX,2022-09-26 04:17,2022-09-26 05:15,2022-09-26 04:17,202209260515,MA,P,W,69,NEW,,990.9662786400302,2022-09-26 04:17,,,,,False,2022-09-26 04:17,2022-09-26 05:15,34.0,0.75,,,202209260417-KBOX-WHUS51-SMWBOX,Frank,2022
VEF,2022-09-28 21:35,2022-09-29 00:45,2022-09-28 21:35,202209290045,FA,P,Y,74,NEW,,558.483227158789,2022-09-28 21:35,00000,N,ER,OO,False,2022-09-28 21:35,2022-09-28 23:13,,,,,202209282135-KVEF-WGUS85-FLSVEF,JV,2022
PSR,2022-09-28 21:59,2022-09-29 01:21,2022-09-28 21:59,202209290400,FF,P,W,309,NEW,,1125.041485890281,2022-09-28 21:59,00000,0,ER,OO,False,2022-09-28 21:59,2022-09-29 01:21,,,,CONSIDERABLE,202209282159-KPSR-WGUS55-FFWPSR,Hirsch,2022
CLE,2022-09-25 11:58,2022-09-25 14:00,2022-09-25 11:58,202209251400,MA,P,W,57,NEW,,4500.708660544011,2022-09-25 11:58,,,,,False,2022-09-25 11:58,2022-09-25 13:14,34.0,0.0,,,202209251158-KCLE-WHUS51-SMWCLE,Sullivan,2022
TBW,2022-09-28 23:29,2022-09-29 01:30,2022-09-28 23:29,202209290130,EW,P,W,5,NEW,,6304.833507900824,2022-09-28 23:29,,,,,False,2022-09-28 23:29,2022-09-29 01:30,,,,,202209282329-KTBW-WFUS52-EWWTBW,TBW,2022
OKX,2022-09-26 03:14,2022-09-26 04:00,2022-09-26 03:14,202209260400,SV,P,W,54,NEW,,1091.0576108123387,2022-09-26 03:14,,,,,False,2022-09-26 03:14,2022-09-26 03:39,60.0,0.75,,,202209260314-KOKX-WUUS51-SVROKX,DR,2022
TWC,2022-09-28 20:19,2022-09-28 22:15,2022-09-28 20:19,202209282215,FA,P,Y,282,NEW,,1136.4905543955879,2022-09-28 20:19,00000,N,ER,OO,False,2022-09-28 20:19,2022-09-28 22:14,,,,,202209282019-KTWC-WGUS85-FLSTWC,KRG,2022
MLB,2022-09-28 12:16,2022-09-28 12:45,2022-09-28 12:16,202209281245,TO,P,W,21,NEW,,321.0264639688415,2022-09-28 12:16,,,,,False,2022-09-28 12:16,2022-09-28 12:41,,0.75,RADAR INDICATED,,202209281216-KMLB-WFUS52-TORMLB,Sedlock,2022
MFL,2022-09-24 21:18,2022-09-24 21:45,2022-09-24 21:18,202209242145,MA,P,W,335,NEW,,1221.3123359411632,2022-09-24 21:18,,,,,False,2022-09-24 21:18,2022-09-24 21:45,34.0,0.0,,,202209242118-KMFL-WHUS52-SMWMFL,Hadi,2022
MLB,2022-09-28 12:48,2022-09-28 14:45,2022-09-28 12:48,202209281445,FA,P,W,13,NEW,,861.9201858937852,2022-09-28 12:48,00000,0,ER,OO,False,2022-09-28 12:48,2022-09-28 14:45,,,,,202209281248-KMLB-WGUS42-FLWMLB,JS,2022
CLE,2022-09-27 01:58,2022-09-27 06:00,2022-09-27 01:58,202209270600,FA,P,Y,98,NEW,,490.82205938314246,2022-09-27 01:58,00000,N,ER,OO,False,2022-09-27 01:58,2022-09-27 06:00,,,,,202209270158-KCLE-WGUS81-FLSCLE,26,2022
CLE,2022-09-26 06:56,2022-09-26 10:00,2022-09-26 06:56,202209261000,FA,P,Y,94,NEW,,687.0790037291413,2022-09-26 06:56,00000,N,ER,OO,False,2022-09-26 06:56,2022-09-26 09:51,,,,,202209260656-KCLE-WGUS81-FLSCLE,Kahn,2022
LWX,2022-09-25 16:10,2022-09-25 16:43,2022-09-25 16:10,202209251700,SV,P,W,407,NEW,,785.7512378539028,2022-09-25 16:10,,,,,False,2022-09-25 16:10,2022-09-25 16:23,60.0,1.0,,,202209251610-KLWX-WUUS51-SVRLWX,Belak,2022
GRR,2022-09-26 00:45,2022-09-26 01:47,2022-09-26 00:45,202209260215,SV,P,W,64,NEW,,5012.250716437093,2022-09-26 00:45,,,,,False,2022-09-26 00:45,2022-09-26 01:21,60.0,0.75,,,202209260045-KGRR-WUUS53-SVRGRR,Thielke,2022
PSR,2022-09-28 22:10,2022-09-29 00:58,2022-09-28 22:10,202209290415,FF,P,W,310,NEW,,676.5666087168034,2022-09-28 22:10,00000,0,ER,OO,False,2022-09-28 22:10,2022-09-29 00:14,,,,CONSIDERABLE,202209282210-KPSR-WGUS55-FFWPSR,Hirsch,2022
LZK,2022-09-25 00:15,2022-09-25 00:45,2022-09-25 00:15,202209250045,SV,P,W,355,NEW,,648.2929849970884,2022-09-25 00:15,,,,,False,2022-09-25 00:15,2022-09-25 00:22,60.0,1.0,,,202209250015-KLZK-WUUS54-SVRLZK,62,2022
MFL,2022-09-28 00:14,2022-09-28 02:15,2022-09-28 00:14,202209280215,FA,P,Y,248,NEW,,1026.708042910568,2022-09-28 00:14,00000,N,ER,OO,False,2022-09-28 00:14,2022-09-28 02:15,,,,,202209280014-KMFL-WGUS82-FLSMFL,SB,2022
CLE,2022-09-27 15:49,2022-09-27 20:00,2022-09-27 15:49,202209272000,FA,P,Y,99,NEW,,1934.9570094997716,2022-09-27 15:49,00000,N,ER,OO,False,2022-09-27 15:49,2022-09-27 17:16,,,,,202209271549-KCLE-WGUS81-FLSCLE,Sefcovic,2022
MEG,2022-09-25 01:26,2022-09-25 02:15,2022-09-25 01:26,202209250215,SV,P,W,213,NEW,,2691.520201949027,2022-09-25 01:26,,,,,False,2022-09-25 01:26,2022-09-25 01:45,60.0,1.0,,,202209250126-KMEG-WUUS54-SVRMEG,,2022
GUM,2022-09-24 13:26,2022-09-24 15:15,2022-09-24 13:26,202209241515,FA,P,Y,43,NEW,,382.6949342526802,2022-09-24 13:26,00000,N,ER,OO,False,2022-09-24 13:26,2022-09-24 15:15,,,,,202209241326-PGUM-WGMY80-FLSGUM,EP,2022
BUF,2022-09-26 22:53,2022-09-26 23:45,2022-09-26 22:53,202209262345,MA,P,W,112,NEW,,2006.9206461680817,2022-09-26 22:53,,,,,False,2022-09-26 22:53,2022-09-26 23:23,40.0,0.0,,,202209262253-KBUF-WHUS51-SMWBUF,Thomas,2022
TBW,2022-09-26 22:54,2022-09-27 01:00,2022-09-26 22:54,202209270100,FA,P,Y,120,NEW,,745.5001721635093,2022-09-26 22:54,00000,N,ER,OO,False,2022-09-26 22:54,2022-09-27 01:00,,,,,202209262254-KTBW-WGUS82-FLSTBW,TBW,2022
MFL,2022-09-27 20:48,2022-09-27 23:45,2022-09-27 20:48,202209272345,FA,P,Y,245,NEW,,1331.6290838954799,2022-09-27 20:48,00000,N,ER,OO,False,2022-09-27 20:48,2022-09-27 23:45,,,,,202209272048-KMFL-WGUS82-FLSMFL,BAXTER,2022
AJK,2022-09-26 18:25,2022-09-27 23:33,2022-09-26 18:25,202209280300,FA,P,W,4,NEW,,105.00739323153424,2022-09-26 18:25,00000,0,ER,OO,False,2022-09-26 18:25,2022-09-27 00:17,,,,,202209261825-PAJK-WGAK47-FLWAJK,nicole.ferrin,2022
MLB,2022-09-28 16:53,2022-09-28 17:15,2022-09-28 16:53,202209281715,TO,P,W,22,NEW,,217.58945195862282,2022-09-28 16:53,,,,,False,2022-09-28 16:53,2022-09-28 17:10,,0.75,RADAR INDICATED,,202209281653-KMLB-WFUS52-TORMLB,Sedlock,2022
TBW,2022-09-28 21:52,2022-09-29 01:00,2022-09-28 21:52,202209290100,FF,P,W,6,NEW,,10147.522639269393,2022-09-28 21:52,00000,0,ER,OO,False,2022-09-28 21:52,2022-09-29 01:00,,,,,202209282152-KTBW-WGUS52-FFWTBW,TBW,2022
AKQ,2022-09-25 21:35,2022-09-25 22:15,2022-09-25 21:35,202209252215,SV,P,W,260,NEW,,1405.1307047118853,2022-09-25 21:35,,,,,False,2022-09-25 21:35,2022-09-25 22:15,60.0,0.75,,,202209252135-KAKQ-WUUS51-SVRAKQ,BROWN,2022
CLE,2022-09-26 23:05,2022-09-27 02:30,2022-09-26 23:05,202209270230,FA,P,Y,97,NEW,,371.78389777387486,2022-09-26 23:05,00000,N,ER,OO,False,2022-09-26 23:05,2022-09-27 02:24,,,,,202209262305-KCLE-WGUS81-FLSCLE,26,2022
JSJ,2022-09-29 22:07,2022-09-30 00:11,2022-09-29 22:07,202209300115,FA,P,Y,295,NEW,,214.86421578687316,2022-09-29 22:07,00000,N,ER,OO,False,2022-09-29 22:07,2022-09-30 00:11,,,,,202209292207-TJSJ-WGCA82-FLSSJU,JA,2022
VEF,2022-09-29 21:23,2022-09-29 22:18,2022-09-29 21:23,202209300030,FF,P,W,315,NEW,,192.1344285329732,2022-09-29 21:23,00000,0,ER,OO,False,2022-09-29 21:23,2022-09-29 22:18,,,,CONSIDERABLE,202209292123-KVEF-WGUS55-FFWVEF,BKP,2022
MKX,2022-09-25 23:40,2022-09-26 00:15,2022-09-25 23:40,202209260015,SV,P,W,110,NEW,,2162.3708956780188,2022-09-25 23:40,,,,,False,2022-09-25 23:40,2022-09-25 23:51,60.0,0.88,,,202209252340-KMKX-WUUS53-SVRMKX,PATTERSON,2022
MLB,2022-09-28 11:34,2022-09-28 13:30,2022-09-28 11:34,202209281330,FA,P,W,12,NEW,,1936.9901560920287,2022-09-28 11:34,00000,0,ER,OO,False,2022-09-28 11:34,2022-09-28 13:30,,,,,202209281134-KMLB-WGUS42-FLWMLB,JS,2022
PSR,2022-09-29 22:03,2022-09-30 01:15,2022-09-29 22:03,202209300115,FA,P,Y,206,NEW,,527.6691214686316,2022-09-29 22:03,00000,N,ER,OO,False,2022-09-29 22:03,2022-09-30 01:15,,,,,202209292203-KPSR-WGUS85-FLSPSR,Hirsch,2022
GRR,2022-09-25 23:14,2022-09-26 00:45,2022-09-25 23:14,202209260045,MA,P,W,44,NEW,,7070.371325182776,2022-09-25 23:14,,,,,False,2022-09-25 23:14,2022-09-26 00:22,40.0,0.0,,,202209252314-KGRR-WHUS53-SMWGRR,Thielke,2022
JSJ,2022-09-28 20:01,2022-09-28 22:00,2022-09-28 20:01,202209282200,FA,P,Y,289,NEW,,125.21213713073567,2022-09-28 20:01,00000,N,ER,OO,False,2022-09-28 20:01,2022-09-28 21:55,,,,,202209282001-TJSJ-WGCA82-FLSSJU,JA,2022
MEG,2022-09-25 09:18,2022-09-25 09:44,2022-09-25 09:18,202209251215,FA,P,Y,134,NEW,,444.49389777442707,2022-09-25 09:18,00000,N,ER,OO,False,2022-09-25 09:18,2022-09-25 09:44,,,,,202209250918-KMEG-WGUS84-FLSMEG,SMW,2022
KEY,2022-09-27 04:27,2022-09-27 04:47,2022-09-27 04:27,202209270500,TO,P,W,1,NEW,,71.33913468352331,2022-09-27 04:27,,,,,False,2022-09-27 04:27,2022-09-27 04:47,,0.0,RADAR INDICATED,,202209270427-KKEY-WFUS52-TORKEY,JAM,2022
MFL,2022-09-27 20:04,2022-09-27 23:00,2022-09-27 20:04,202209272300,FA,P,Y,244,NEW,,2526.0891427814418,2022-09-27 20:04,00000,N,ER,OO,False,2022-09-27 20:04,2022-09-27 21:36,,,,,202209272004-KMFL-WGUS82-FLSMFL,BAXTER,2022
LIX,2022-09-25 22:40,2022-09-25 23:27,2022-09-25 22:40,202209252345,MA,P,W,417,NEW,,986.6222050546802,2022-09-25 22:40,,,,,False,2022-09-25 22:40,2022-09-25 23:27,34.0,0.75,,,202209252240-KLIX-WHUS54-SMWLIX,MEFFER,2022
JSJ,2022-09-29 18:11,2022-09-29 21:15,2022-09-29 18:11,202209292115,FA,P,Y,292,NEW,,863.652544724907,2022-09-29 18:11,00000,N,ER,OO,False,2022-09-29 18:11,2022-09-29 20:53,,,,,202209291811-TJSJ-WGCA82-FLSSJU,CRS,2022
BUF,2022-09-26 13:58,2022-09-26 15:00,2022-09-26 13:58,202209261500,MA,P,W,106,NEW,,1486.9115896542432,2022-09-26 13:58,,,,,False,2022-09-26 13:58,2022-09-26 15:00,34.0,0.0,,,202209261358-KBUF-WHUS51-SMWBUF,Hitchcock,2022
SHV,2022-09-25 21:17,2022-09-25 22:00,2022-09-25 21:17,202209252200,SV,P,W,218,NEW,,757.4325683457522,2022-09-25 21:17,,,,,False,2022-09-25 21:17,2022-09-25 22:00,60.0,0.88,,,202209252117-KSHV-WUUS54-SVRSHV,26,2022
BOX,2022-09-26 05:28,2022-09-26 06:15,2022-09-26 05:28,202209260615,MA,P,W,71,NEW,,1698.161534674628,2022-09-26 05:28,,,,,False,2022-09-26 05:28,2022-09-26 06:15,34.0,0.0,,,202209260528-KBOX-WHUS51-SMWBOX,RM,2022
PAH,2022-09-24 22:56,2022-09-24 23:30,2022-09-24 22:56,202209242330,SV,P,W,220,NEW,,871.0153472918855,2022-09-24 22:56,,,,,False,2022-09-24 22:56,2022-09-24 23:05,60.0,1.0,,,202209242256-KPAH-WUUS53-SVRPAH,DW,2022
MKX,2022-09-25 22:29,2022-09-25 23:15,2022-09-25 22:29,202209252315,SV,P,W,108,NEW,,2781.594060477594,2022-09-25 22:29,,,,,False,2022-09-25 22:29,2022-09-25 23:01,60.0,0.88,,,202209252229-KMKX-WUUS53-SVRMKX,PATTERSON,2022
TBW,2022-09-28 19:03,2022-09-28 22:00,2022-09-28 19:03,202209282200,EW,P,W,3,NEW,,7837.494000117576,2022-09-28 19:03,,,,,False,2022-09-28 19:03,2022-09-28 22:00,,,,,202209281903-KTBW-WFUS52-EWWTBW,TBW,2022
PSR,2022-09-24 01:10,2022-09-24 04:15,2022-09-24 01:10,202209240415,FF,P,W,304,NEW,,112.91989199741968,2022-09-24 01:10,00000,0,ER,OO,False,2022-09-24 01:10,2022-09-24 04:11,,,,CONSIDERABLE,202209240110-KPSR-WGUS55-FFWPSR,Iniguez,2022
HFO,2022-09-26 05:59,2022-09-26 08:26,2022-09-26 05:59,202209260900,FA,P,Y,64,NEW,,1527.5748506946024,2022-09-26 05:59,00000,N,ER,OO,False,2022-09-26 05:59,2022-09-26 08:26,,,,,202209260559-PHFO-WGHW80-FLSHFO,SWR,2022
CLE,2022-09-26 14:33,2022-09-26 16:00,2022-09-26 14:33,202209261600,MA,P,W,61,NEW,,6199.328562920584,2022-09-26 14:33,,,,,False,2022-09-26 14:33,2022-09-26 16:00,34.0,0.0,,,202209261433-KCLE-WHUS51-SMWCLE,Garuckas,2022
CLE,2022-09-27 23:57,2022-09-28 09:00,2022-09-27 23:57,202209280900,FA,P,W,19,NEW,,3375.1813076316166,2022-09-27 23:57,00000,0,ER,OO,False,2022-09-27 23:57,2022-09-28 08:54,,,,,202209272357-KCLE-WGUS41-FLWCLE,Clark,2022
TBW,2022-09-28 23:47,2022-09-29 02:45,2022-09-28 23:47,202209290245,FF,P,W,7,NEW,,4386.692200256154,2022-09-28 23:47,00000,0,ER,OO,True,2022-09-28 23:47,2022-09-29 02:45,,,,CATASTROPHIC,202209282347-KTBW-WGUS52-FFWTBW,TBW,2022
BUF,2022-09-26 12:55,2022-09-26 14:00,2022-09-26 12:55,202209261400,MA,P,W,105,NEW,,2075.8425270943326,2022-09-26 12:55,,,,,False,2022-09-26 12:55,2022-09-26 14:00,34.0,0.0,,,202209261255-KBUF-WHUS51-SMWBUF,Hitchcock,2022
BOX,2022-09-26 06:20,2022-09-26 07:45,2022-09-26 06:20,202209260745,MA,P,W,72,NEW,,5243.639255589524,2022-09-26 06:20,,,,,False,2022-09-26 06:20,2022-09-26 07:45,34.0,0.0,,,202209260620-KBOX-WHUS51-SMWBOX,Frank,2022
PSR,2022-09-28 19:05,2022-09-28 23:15,2022-09-28 19:05,202209282315,FF,P,W,307,NEW,,181.79872169157906,2022-09-28 19:05,00000,0,ER,OO,False,2022-09-28 19:05,2022-09-28 20:20,,,,CONSIDERABLE,202209281905-KPSR-WGUS55-FFWPSR,,2022
LIX,2022-09-26 21:55,2022-09-26 23:00,2022-09-26 21:55,202209262300,MA,P,W,418,NEW,,2353.128170565367,2022-09-26 21:55,,,,,False,2022-09-26 21:55,2022-09-26 23:00,34.0,0.75,,,202209262155-KLIX-WHUS54-SMWLIX,MEFFER,2022
BUF,2022-09-28 00:11,2022-09-28 01:15,2022-09-28 00:11,202209280115,MA,P,W,116,NEW,,1978.6059275643902,2022-09-28 00:11,,,,,False,2022-09-28 00:11,2022-09-28 00:50,40.0,0.0,,,202209280011-KBUF-WHUS51-SMWBUF,RSH,2022
AJK,2022-09-25 21:42,2022-09-27 17:08,2022-09-25 21:42,202209280300,FA,P,Y,13,NEW,,165.46269138366776,2022-09-25 21:42,00000,N,ER,OO,False,2022-09-25 21:42,2022-09-26 05:11,,,,,202209252142-PAJK-WGAK87-FLSAJK,nicole.ferrin,2022
OKX,2022-09-26 02:09,2022-09-26 03:15,2022-09-26 02:09,202209260315,MA,P,W,106,NEW,,2278.9371157577957,2022-09-26 02:09,,,,,False,2022-09-26 02:09,2022-09-26 02:44,34.0,0.75,,,202209260209-KOKX-WHUS51-SMWOKX,12,2022
TBW,2022-09-26 22:56,2022-09-27 01:00,2022-09-26 22:56,202209270100,FA,P,Y,121,NEW,,839.1267395208586,2022-09-26 22:56,00000,N,ER,OO,False,2022-09-26 22:56,2022-09-27 01:00,,,,,202209262256-KTBW-WGUS82-FLSTBW,TBW,2022
AJK,2022-09-27 01:03,2022-09-27 12:40,2022-09-27 01:03,202209271800,FA,P,Y,17,NEW,,158.13241451181673,2022-09-27 01:03,00000,N,ER,OO,False,2022-09-27 01:03,2022-09-27 08:28,,,,,202209270103-PAJK-WGAK87-FLSAJK,aaron.jacobs,2022
KEY,2022-09-27 11:52,2022-09-27 15:45,2022-09-27 11:52,202209271545,FA,P,Y,6,NEW,,5785.249395638629,2022-09-27 11:52,00000,N,ER,OO,False,2022-09-27 11:52,2022-09-27 13:59,,,,,202209271152-KKEY-WGUS82-FLSKEY,TW,2022
OKX,2022-09-26 02:07,2022-09-26 02:45,2022-09-26 02:07,202209260245,SV,P,W,52,NEW,,1207.8882693975968,2022-09-26 02:07,,,,,False,2022-09-26 02:07,2022-09-26 02:31,60.0,0.75,,,202209260207-KOKX-WUUS51-SVROKX,DR,2022
BRO,2022-09-25 23:40,2022-09-26 00:45,2022-09-25 23:40,202209260045,FA,P,Y,61,NEW,,401.0156472854344,2022-09-25 23:40,00000,N,ER,OO,False,2022-09-25 23:40,2022-09-26 00:45,,,,,202209252340-KBRO-WGUS84-FLSBRO,Bogorad,2022
PSR,2022-09-25 00:15,2022-09-25 03:15,2022-09-25 00:15,202209250315,FF,P,W,305,NEW,,372.4093056098768,2022-09-25 00:15,00000,0,ER,OO,False,2022-09-25 00:15,2022-09-25 01:16,,,,CONSIDERABLE,202209250015-KPSR-WGUS55-FFWPSR,GL,2022
MLB,2022-09-25 19:39,2022-09-25 21:00,2022-09-25 19:39,202209252100,FA,P,Y,149,NEW,,707.8624892905627,2022-09-25 19:39,00000,N,ER,OO,False,2022-09-25 19:39,2022-09-25 21:00,,,,,202209251939-KMLB-WGUS82-FLSMLB,SK,2022
PSR,2022-09-28 22:25,2022-09-29 01:21,2022-09-28 22:25,202209290430,FF,P,W,311,NEW,,1233.4717003431285,2022-09-28 22:25,00000,0,ER,OO,False,2022-09-28 22:25,2022-09-29 01:21,,,,CONSIDERABLE,202209282225-KPSR-WGUS55-FFWPSR,Hirsch,2022
PSR,2022-09-24 01:12,2022-09-24 03:15,2022-09-24 01:12,202209240315,FA,P,Y,204,NEW,,56.32068794270337,2022-09-24 01:12,00000,N,ER,OO,False,2022-09-24 01:12,2022-09-24 03:12,,,,,202209240112-KPSR-WGUS85-FLSPSR,Iniguez,2022
MLB,2022-09-28 16:50,2022-09-28 20:00,2022-09-28 16:50,202209282000,FA,P,W,14,NEW,,2531.2144592371,2022-09-28 16:50,00000,0,ER,OO,False,2022-09-28 16:50,2022-09-28 20:00,,,,,202209281650-KMLB-WGUS42-FLWMLB,JS,2022
RNK,2022-09-25 18:57,2022-09-25 19:30,2022-09-25 18:57,202209251930,SV,P,W,270,NEW,,2924.8248750193634,2022-09-25 18:57,,,,,False,2022-09-25 18:57,2022-09-25 19:11,60.0,1.0,,,202209251857-KRNK-WUUS51-SVRRNK,ET,2022
MLB,2022-09-28 23:59,2022-09-29 03:45,2022-09-28 23:59,202209290345,FA,P,W,16,NEW,,7757.8851884558135,2022-09-28 23:59,00000,0,ER,OO,False,2022-09-28 23:59,2022-09-29 03:45,,,,,202209282359-KMLB-WGUS42-FLWMLB,CL,2022
MLB,2022-09-28 20:22,2022-09-29 00:15,2022-09-28 20:22,202209290015,FA,P,W,15,NEW,,6961.893402419842,2022-09-28 20:22,00000,0,ER,OO,False,2022-09-28 20:22,2022-09-29 00:15,,,,,202209282022-KMLB-WGUS42-FLWMLB,JS,2022
KEY,2022-09-27 10:45,2022-09-27 11:15,2022-09-27 10:45,202209271115,MA,P,W,401,NEW,,688.4954645265067,2022-09-27 10:45,,,,,False,2022-09-27 10:45,2022-09-27 11:15,34.0,0.0,,,202209271045-KKEY-WHUS52-SMWKEY,JAM,2022
OKX,2022-09-26 02:03,2022-09-26 02:15,2022-09-26 02:03,202209260215,SV,P,W,51,NEW,,1211.1423220528122,2022-09-26 02:03,,,,,False,2022-09-26 02:03,2022-09-26 02:15,60.0,0.75,,,202209260203-KOKX-WUUS51-SVROKX,DR,2022
GRB,2022-09-25 22:27,2022-09-25 23:48,2022-09-25 22:27,202209260000,MA,P,W,23,NEW,,4133.012687172434,2022-09-25 22:27,,,,,False,2022-09-25 22:27,2022-09-25 22:50,34.0,0.0,,,202209252227-KGRB-WHUS53-SMWGRB,Skowronski,2022
CLE,2022-09-26 11:21,2022-09-26 13:00,2022-09-26 11:21,202209261300,FA,P,Y,95,NEW,,677.7924079397262,2022-09-26 11:21,00000,N,ER,OO,False,2022-09-26 11:21,2022-09-26 12:58,,,,,202209261121-KCLE-WGUS81-FLSCLE,Kahn,2022
PAH,2022-09-24 23:28,2022-09-25 00:00,2022-09-24 23:28,202209250000,SV,P,W,223,NEW,,356.5445307354604,2022-09-24 23:28,,,,,False,2022-09-24 23:28,2022-09-24 23:42,60.0,1.25,,,202209242328-KPAH-WUUS53-SVRPAH,DW,2022
GSP,2022-09-25 23:30,2022-09-25 23:55,2022-09-25 23:30,202209260015,SV,P,W,323,NEW,,316.1945973899532,2022-09-25 23:30,,,,,False,2022-09-25 23:30,2022-09-25 23:55,60.0,0.75,,,202209252330-KGSP-WUUS52-SVRGSP,KRENTZ,2022
KEY,2022-09-27 15:19,2022-09-27 15:29,2022-09-27 15:19,202209271615,MA,P,W,408,NEW,,606.6067735124265,2022-09-27 15:19,,,,,False,2022-09-27 15:19,2022-09-27 15:29,34.0,0.0,,,202209271519-KKEY-WHUS52-SMWKEY,TW,2022
JSJ,2022-09-29 18:55,2022-09-29 22:00,2022-09-29 18:55,202209292200,FA,P,Y,293,NEW,,499.10810290191887,2022-09-29 18:55,00000,N,ER,OO,False,2022-09-29 18:55,2022-09-29 22:00,,,,,202209291855-TJSJ-WGCA82-FLSSJU,JA,2022
CAR,2022-09-27 18:08,2022-09-27 18:28,2022-09-27 18:08,202209271845,SV,P,W,76,NEW,,521.2762015499055,2022-09-27 18:08,,,,,False,2022-09-27 18:08,2022-09-27 18:19,60.0,1.0,POSSIBLE,,202209271808-KCAR-WUUS51-SVRCAR,Sinko,2022
OKX,2022-09-26 03:48,2022-09-26 05:17,2022-09-26 03:48,202209260600,FA,P,Y,135,NEW,,1638.877802851843,2022-09-26 03:48,00000,N,ER,OO,False,2022-09-26 03:48,2022-09-26 05:17,,,,,202209260348-KOKX-WGUS81-FLSOKX,JM,2022
BUF,2022-09-26 16:11,2022-09-26 17:45,2022-09-26 16:11,202209261745,MA,P,W,107,NEW,,2076.756325153935,2022-09-26 16:11,,,,,False,2022-09-26 16:11,2022-09-26 17:52,40.0,0.0,,,202209261611-KBUF-WHUS51-SMWBUF,Hitchcock,2022
PHI,2022-09-25 20:26,2022-09-25 21:30,2022-09-25 20:26,202209252130,MA,P,W,120,NEW,,4030.5020065216895,2022-09-25 20:26,,,,,False,2022-09-25 20:26,2022-09-25 21:30,34.0,0.0,,,202209252026-KPHI-WHUS51-SMWPHI,Fitzsimmons,2022
BOX,2022-09-26 04:42,2022-09-26 05:15,2022-09-26 04:42,202209260515,MA,P,W,70,NEW,,1072.1951691768468,2022-09-26 04:42,,,,,False,2022-09-26 04:42,2022-09-26 05:15,34.0,0.0,,,202209260442-KBOX-WHUS51-SMWBOX,Frank,2022
BUF,2022-09-26 20:54,2022-09-26 21:42,2022-09-26 20:54,202209262200,MA,P,W,110,NEW,,254.59913323037082,2022-09-26 20:54,,,,,False,2022-09-26 20:54,2022-09-26 21:08,34.0,0.0,,,202209262054-KBUF-WHUS51-SMWBUF,Mitchell,2022
OKX,2022-09-26 02:59,2022-09-26 04:00,2022-09-26 02:59,202209260400,MA,P,W,107,NEW,,2335.9773198119624,2022-09-26 02:59,,,,,False,2022-09-26 02:59,2022-09-26 03:28,34.0,0.0,,,202209260259-KOKX-WHUS51-SMWOKX,DR,2022
MEG,2022-09-25 00:33,2022-09-25 01:15,2022-09-25 00:33,202209250115,SV,P,W,212,NEW,,1096.1558252467123,2022-09-25 00:33,,,,,False,2022-09-25 00:33,2022-09-25 00:51,60.0,1.25,,,202209250033-KMEG-WUUS54-SVRMEG,,2022
PHI,2022-09-26 00:49,2022-09-26 04:00,2022-09-26 00:49,202209260400,FA,P,Y,121,NEW,,3716.1824873959386,2022-09-26 00:49,00000,N,ER,OO,False,2022-09-26 00:49,2022-09-26 02:37,,,,,202209260049-KPHI-WGUS81-FLSPHI,Brudy,2022
KEY,2022-09-26 18:44,2022-09-26 19:17,2022-09-26 18:44,202209261930,MA,P,W,390,NEW,,809.3225643230933,2022-09-26 18:44,,,,,False,2022-09-26 18:44,2022-09-26 19:17,34.0,0.0,,,202209261844-KKEY-WHUS52-SMWKEY,TW,2022
JSJ,2022-09-29 19:16,2022-09-29 23:15,2022-09-29 19:16,202209292315,FA,P,Y,294,NEW,,130.36095334852294,2022-09-29 19:16,00000,N,ER,OO,False,2022-09-29 19:16,2022-09-29 23:09,,,,,202209291916-TJSJ-WGCA82-FLSSJU,JA,2022
CAR,2022-09-27 18:32,2022-09-27 20:30,2022-09-27 18:32,202209272030,FA,P,Y,51,NEW,,141.98025065860932,2022-09-27 18:32,00000,N,ER,OO,False,2022-09-27 18:32,2022-09-27 19:20,,,,,202209271832-KCAR-WGUS81-FLSCAR,Sinko,2022
LWX,2022-09-25 20:36,2022-09-25 21:23,2022-09-25 20:36,202209252200,MA,P,W,258,NEW,,485.5836139887816,2022-09-25 20:36,,,,,False,2022-09-25 20:36,2022-09-25 20:48,34.0,0.75,,,202209252036-KLWX-WHUS51-SMWLWX,KJP,2022
KEY,2022-09-27 11:25,2022-09-27 11:45,2022-09-27 11:25,202209271145,MA,P,W,403,NEW,,413.4384409865021,2022-09-27 11:25,,,,,False,2022-09-27 11:25,2022-09-27 11:39,34.0,0.0,,,202209271125-KKEY-WHUS52-SMWKEY,TW,2022
GUM,2022-09-27 15:50,2022-09-27 16:32,2022-09-27 15:50,202209271645,FA,P,Y,45,NEW,,599.0823381432089,2022-09-27 15:50,00000,N,ER,OO,False,2022-09-27 15:50,2022-09-27 16:32,,,,,202209271550-PGUM-WGMY80-FLSGUM,NS,2022
MLB,2022-09-29 08:50,2022-09-29 10:45,2022-09-29 08:50,202209291045,FF,P,W,6,NEW,,98.69316644784776,2022-09-29 08:50,00000,0,ER,OO,True,2022-09-29 08:50,2022-09-29 10:39,,,,CATASTROPHIC,202209290850-KMLB-WGUS52-FFWMLB,JS,2022
MLB,2022-09-29 12:43,2022-09-29 15:45,2022-09-29 12:43,202209291545,FF,P,W,10,NEW,,98.69316644784776,2022-09-29 12:43,00000,0,ER,OO,True,2022-09-29 12:43,2022-09-29 15:44,,,,CATASTROPHIC,202209291243-KMLB-WGUS52-FFWMLB,JS,2022
JSJ,2022-09-24 18:17,2022-09-24 20:15,2022-09-24 18:17,202209242015,FA,P,Y,280,NEW,,340.5473895847754,2022-09-24 18:17,00000,N,ER,OO,False,2022-09-24 18:17,2022-09-24 20:13,,,,,202209241817-TJSJ-WGCA82-FLSSJU,JA,2022
ABQ,2022-09-28 18:39,2022-09-28 22:00,2022-09-28 18:39,202209282200,FA,P,Y,701,NEW,,1483.533840996446,2022-09-28 18:39,00000,N,ER,OO,False,2022-09-28 18:39,2022-09-28 22:00,,,,,202209281839-KABQ-WGUS85-FLSABQ,Guyer,2022
OKX,2022-09-26 01:26,2022-09-26 03:30,2022-09-26 01:26,202209260330,FA,P,Y,132,NEW,,1793.6553713318542,2022-09-26 01:26,00000,N,ER,OO,False,2022-09-26 01:26,2022-09-26 03:30,,,,,202209260126-KOKX-WGUS81-FLSOKX,DR,2022
MFL,2022-09-27 01:01,2022-09-27 01:45,2022-09-27 01:01,202209270145,MA,P,W,338,NEW,,2313.58031622735,2022-09-27 01:01,,,,,False,2022-09-27 01:01,2022-09-27 01:45,34.0,0.0,,,202209270101-KMFL-WHUS52-SMWMFL,ATV,2022
LWX,2022-09-25 22:01,2022-09-25 23:00,2022-09-25 22:01,202209252300,MA,P,W,259,NEW,,1915.8878545570503,2022-09-25 22:01,,,,,False,2022-09-25 22:01,2022-09-25 22:37,34.0,0.0,,,202209252201-KLWX-WHUS51-SMWLWX,KR,2022
JSJ,2022-09-26 18:51,2022-09-26 22:00,2022-09-26 18:51,202209262200,FA,P,Y,284,NEW,,655.058419677977,2022-09-26 18:51,00000,N,ER,OO,False,2022-09-26 18:51,2022-09-26 21:55,,,,,202209261851-TJSJ-WGCA82-FLSSJU,ICP,2022
GRB,2022-09-25 23:21,2022-09-26 00:15,2022-09-25 23:21,202209260015,MA,P,W,24,NEW,,1007.8479622868205,2022-09-25 23:21,,,,,False,2022-09-25 23:21,2022-09-25 23:58,34.0,0.75,,,202209252321-KGRB-WHUS53-SMWGRB,Eckberg,2022
PHI,2022-09-25 20:55,2022-09-25 21:30,2022-09-25 20:55,202209252130,SV,P,W,169,NEW,,447.92271055882253,2022-09-25 20:55,,,,,False,2022-09-25 20:55,2022-09-25 21:17,60.0,0.75,,,202209252055-KPHI-WUUS51-SVRPHI,BIRCHFIELD,2022
PSR,2022-09-25 00:06,2022-09-25 00:15,2022-09-25 00:06,202209250315,FA,P,Y,205,NEW,,372.40582662686455,2022-09-25 00:06,00000,N,ER,OO,False,2022-09-25 00:06,2022-09-25 00:15,,,,,202209250006-KPSR-WGUS85-FLSPSR,GL,2022
JSJ,2022-09-28 16:51,2022-09-28 20:00,2022-09-28 16:51,202209282000,FA,P,Y,286,NEW,,225.71755375316565,2022-09-28 16:51,00000,N,ER,OO,False,2022-09-28 16:51,2022-09-28 19:58,,,,,202209281651-TJSJ-WGCA82-FLSSJU,CRS,2022
JSJ,2022-09-28 17:31,2022-09-28 20:30,2022-09-28 17:31,202209282030,FA,P,Y,287,NEW,,312.1584768091531,2022-09-28 17:31,00000,N,ER,OO,False,2022-09-28 17:31,2022-09-28 20:26,,,,,202209281731-TJSJ-WGCA82-FLSSJU,CRS,2022
MFL,2022-09-27 16:03,2022-09-27 16:30,2022-09-27 16:03,202209271630,MA,P,W,347,NEW,,2407.6437251828233,2022-09-27 16:03,,,,,False,2022-09-27 16:03,2022-09-27 16:30,34.0,0.0,,,202209271603-KMFL-WHUS52-SMWMFL,MFL,2022
KEY,2022-09-27 12:21,2022-09-27 12:46,2022-09-27 12:21,202209271315,MA,P,W,407,NEW,,1366.9077109504403,2022-09-27 12:21,,,,,False,2022-09-27 12:21,2022-09-27 12:46,34.0,0.0,,,202209271221-KKEY-WHUS52-SMWKEY,TW,2022
JSJ,2022-09-28 18:52,2022-09-28 22:00,2022-09-28 18:52,202209282200,FA,P,Y,288,NEW,,308.009728492827,2022-09-28 18:52,00000,N,ER,OO,False,2022-09-28 18:52,2022-09-28 21:57,,,,,202209281852-TJSJ-WGCA82-FLSSJU,CRS,2022
MKX,2022-09-25 22:37,2022-09-26 00:00,2022-09-25 22:37,202209260000,MA,P,W,50,NEW,,5037.913715691182,2022-09-25 22:37,,,,,False,2022-09-25 22:37,2022-09-26 00:00,40.0,0.75,,,202209252237-KMKX-WHUS53-SMWMKX,PATTERSON,2022
MRX,2022-09-25 22:54,2022-09-25 23:32,2022-09-25 22:54,202209252345,SV,P,W,185,NEW,,2279.797597490722,2022-09-25 22:54,,,,,False,2022-09-25 22:54,2022-09-25 23:32,60.0,0.75,,,202209252254-KMRX-WUUS54-SVRMRX,KRS,2022
MLB,2022-09-29 12:18,2022-09-29 16:15,2022-09-29 12:18,202209291615,FF,P,W,9,NEW,,3159.609935322552,2022-09-29 12:18,00000,0,ER,OO,False,2022-09-29 12:18,2022-09-29 16:11,,,,CONSIDERABLE,202209291218-KMLB-WGUS52-FFWMLB,JS,2022
MLB,2022-09-29 09:30,2022-09-29 14:30,2022-09-29 09:30,202209291430,FA,P,W,18,NEW,,14936.34791913191,2022-09-29 09:30,00000,0,ER,OO,False,2022-09-29 09:30,2022-09-29 14:12,,,,,202209290930-KMLB-WGUS42-FLWMLB,JS,2022
MLB,2022-09-29 18:37,2022-09-30 00:30,2022-09-29 18:37,202209300030,FA,P,W,19,NEW,,17433.966075243894,2022-09-29 18:37,00000,0,ER,OO,False,2022-09-29 18:37,2022-09-30 00:30,,,,,202209291837-KMLB-WGUS42-FLWMLB,,2022
JSJ,2022-09-26 17:54,2022-09-26 21:00,2022-09-26 17:54,202209262100,FA,P,Y,283,NEW,,481.4283030717845,2022-09-26 17:54,00000,N,ER,OO,False,2022-09-26 17:54,2022-09-26 20:51,,,,,202209261754-TJSJ-WGCA82-FLSSJU,DSR,2022
JSJ,2022-09-27 17:19,2022-09-27 20:30,2022-09-27 17:19,202209272030,FA,P,Y,285,NEW,,813.5266574786713,2022-09-27 17:19,00000,N,ER,OO,False,2022-09-27 17:19,2022-09-27 20:26,,,,,202209271719-TJSJ-WGCA82-FLSSJU,DSR,2022
BUF,2022-09-26 20:16,2022-09-26 21:00,2022-09-26 20:16,202209262100,MA,P,W,109,NEW,,1689.2232400921973,2022-09-26 20:16,,,,,False,2022-09-26 20:16,2022-09-26 20:50,40.0,0.75,,,202209262016-KBUF-WHUS51-SMWBUF,Mitchell,2022
OKX,2022-09-26 02:50,2022-09-26 04:41,2022-09-26 02:50,202209260600,FA,P,Y,133,NEW,,2777.9275307345274,2022-09-26 02:50,00000,N,ER,OO,False,2022-09-26 02:50,2022-09-26 04:41,,,,,202209260250-KOKX-WGUS81-FLSOKX,JM,2022
LOT,2022-09-26 00:10,2022-09-26 02:28,2022-09-26 00:10,202209260315,MA,P,W,50,NEW,,2762.325174327278,2022-09-26 00:10,,,,,False,2022-09-26 00:10,2022-09-26 01:04,40.0,0.0,,,202209260010-KLOT-WHUS53-SMWLOT,Carlaw,2022
GSP,2022-09-25 23:10,2022-09-25 23:37,2022-09-25 23:10,202209260000,SV,P,W,322,NEW,,586.4527606273974,2022-09-25 23:10,,,,,False,2022-09-25 23:10,2022-09-25 23:37,60.0,1.0,,,202209252310-KGSP-WUUS52-SVRGSP,KRENTZ,2022
AJK,2022-09-26 20:48,2022-09-27 12:36,2022-09-26 20:48,202209271300,FA,P,Y,15,NEW,,488.9763428118482,2022-09-26 20:48,00000,N,ER,OO,False,2022-09-26 20:48,2022-09-27 04:15,,,,,202209262048-PAJK-WGAK87-FLSAJK,nicole.ferrin,2022
OKX,2022-09-26 03:43,2022-09-26 05:31,2022-09-26 03:43,202209260545,FA,P,Y,134,NEW,,868.4294891667529,2022-09-26 03:43,00000,N,ER,OO,False,2022-09-26 03:43,2022-09-26 05:31,,,,,202209260343-KOKX-WGUS81-FLSOKX,JM,2022
AKQ,2022-09-25 21:54,2022-09-25 23:00,2022-09-25 21:54,202209252300,MA,P,W,251,NEW,,3868.2891100403785,2022-09-25 21:54,,,,,False,2022-09-25 21:54,2022-09-25 22:42,49.0,0.75,,,202209252154-KAKQ-WHUS51-SMWAKQ,Rogers,2022
MLB,2022-09-29 04:16,2022-09-29 07:15,2022-09-29 04:16,202209290715,FF,P,W,2,NEW,,2568.8912178011624,2022-09-29 04:16,00000,0,ER,OO,False,2022-09-29 04:16,2022-09-29 07:07,,,,CONSIDERABLE,202209290416-KMLB-WGUS52-FFWMLB,CL,2022
JSJ,2022-09-26 17:28,2022-09-26 20:30,2022-09-26 17:28,202209262030,FA,P,Y,282,NEW,,384.8738891176391,2022-09-26 17:28,00000,N,ER,OO,False,2022-09-26 17:28,2022-09-26 20:38,,,,,202209261728-TJSJ-WGCA82-FLSSJU,DSR,2022
AKQ,2022-09-25 22:29,2022-09-25 23:30,2022-09-25 22:29,202209252330,MA,P,W,252,NEW,,11320.694992660696,2022-09-25 22:29,,,,,False,2022-09-25 22:29,2022-09-25 23:30,50.0,0.0,,,202209252229-KAKQ-WHUS51-SMWAKQ,Rogers,2022
OKX,2022-09-26 01:56,2022-09-26 03:50,2022-09-26 01:56,202209260500,FF,P,W,29,NEW,,398.0286267566604,2022-09-26 01:56,00000,0,ER,OO,False,2022-09-26 01:56,2022-09-26 03:50,,,,,202209260156-KOKX-WGUS51-FFWOKX,12,2022
GUM,2022-09-24 20:54,2022-09-25 00:45,2022-09-24 20:54,202209250045,FA,P,Y,44,NEW,,938.5773779541169,2022-09-24 20:54,00000,N,ER,OO,False,2022-09-24 20:54,2022-09-25 00:49,,,,,202209242054-PGUM-WGMY80-FLSGUM,,2022
TBW,2022-09-29 05:16,2022-09-29 07:30,2022-09-29 05:16,202209290730,FF,P,W,10,NEW,,2958.7174948642246,2022-09-29 05:16,00000,0,ER,OO,False,2022-09-29 05:16,2022-09-29 07:30,,,,,202209290516-KTBW-WGUS52-FFWTBW,TBW,2022
BUF,2022-09-26 19:19,2022-09-26 20:15,2022-09-26 19:19,202209262015,MA,P,W,108,NEW,,3162.8064006957475,2022-09-26 19:19,,,,,False,2022-09-26 19:19,2022-09-26 19:54,40.0,0.75,,,202209261919-KBUF-WHUS51-SMWBUF,Mitchell,2022
RNK,2022-09-25 19:24,2022-09-25 19:57,2022-09-25 19:24,202209252030,SV,P,W,271,NEW,,1453.5478858555462,2022-09-25 19:24,,,,,False,2022-09-25 19:24,2022-09-25 19:48,60.0,1.0,,,202209251924-KRNK-WUUS51-SVRRNK,ET,2022
LIX,2022-09-27 00:22,2022-09-27 01:15,2022-09-27 00:22,202209270115,MA,P,W,421,NEW,,7618.467229638592,2022-09-27 00:22,,,,,False,2022-09-27 00:22,2022-09-27 01:15,40.0,0.75,,,202209270022-KLIX-WHUS54-SMWLIX,Frye,2022
TBW,2022-09-29 01:07,2022-09-29 05:00,2022-09-29 01:07,202209290500,FF,P,W,8,NEW,,2213.2571724304466,2022-09-29 01:07,00000,0,ER,OO,False,2022-09-29 01:07,2022-09-29 05:00,,,,CONSIDERABLE,202209290107-KTBW-WGUS52-FFWTBW,TBW,2022
JSJ,2022-09-28 20:08,2022-09-28 22:00,2022-09-28 20:08,202209282200,FA,P,Y,290,NEW,,284.7326811889909,2022-09-28 20:08,00000,N,ER,OO,False,2022-09-28 20:08,2022-09-28 21:56,,,,,202209282008-TJSJ-WGCA82-FLSSJU,JA,2022
LWX,2022-09-25 18:52,2022-09-25 19:45,2022-09-25 18:52,202209251945,MA,P,W,257,NEW,,967.432474919871,2022-09-25 18:52,,,,,False,2022-09-25 18:52,2022-09-25 19:42,34.0,0.0,,,202209251852-KLWX-WHUS51-SMWLWX,KJP,2022
AKQ,2022-09-25 21:05,2022-09-25 22:00,2022-09-25 21:05,202209252200,MA,P,W,250,NEW,,3440.309692730828,2022-09-25 21:05,,,,,False,2022-09-25 21:05,2022-09-25 22:00,49.0,0.75,,,202209252105-KAKQ-WHUS51-SMWAKQ,Rogers,2022
MLB,2022-09-29 03:41,2022-09-29 09:30,2022-09-29 03:41,202209290930,FA,P,W,17,NEW,,14563.139028634254,2022-09-29 03:41,00000,0,ER,OO,False,2022-09-29 03:41,2022-09-29 09:30,,,,,202209290341-KMLB-WGUS42-FLWMLB,CL,2022
MKX,2022-09-25 22:59,2022-09-25 23:45,2022-09-25 22:59,202209252345,SV,P,W,109,NEW,,4509.706773833249,2022-09-25 22:59,,,,,False,2022-09-25 22:59,2022-09-25 23:18,60.0,0.88,,,202209252259-KMKX-WUUS53-SVRMKX,PATTERSON,2022
JSJ,2022-09-25 19:34,2022-09-25 21:30,2022-09-25 19:34,202209252130,FA,P,Y,281,NEW,,445.95758669698523,2022-09-25 19:34,00000,N,ER,OO,False,2022-09-25 19:34,2022-09-25 21:30,,,,,202209251934-TJSJ-WGCA82-FLSSJU,CAM,2022
DMX,2022-09-28 05:00,2022-09-28 13:00,2022-09-27 19:39,202209281300,FR,C,Y,3,EXP,IAZ072,1454.421142578125,2022-09-28 13:08,,,,,False,,,,,,,202209271939-KDMX-WWUS73-NPWDMX,,2022
DMX,2022-09-28 05:00,2022-09-28 13:00,2022-09-27 19:39,202209281300,FR,C,Y,3,EXP,IAZ085,1122.7872314453125,2022-09-28 13:08,,,,,False,,,,,,,202209271939-KDMX-WWUS73-NPWDMX,,2022
DMX,2022-09-28 05:00,2022-09-28 13:00,2022-09-27 19:39,202209281300,FR,C,Y,3,EXP,IAZ058,1533.879150390625,2022-09-28 13:08,,,,,False,,,,,,,202209271939-KDMX-WWUS73-NPWDMX,,2022
DMX,2022-09-28 05:00,2022-09-28 13:00,2022-09-27 19:39,202209281300,FR,C,Y,3,EXP,IAZ083,1116.8172607421875,2022-09-28 13:08,,,,,False,,,,,,,202209271939-KDMX-WWUS73-NPWDMX,,2022
DMX,2022-09-28 05:00,2022-09-28 13:00,2022-09-27 19:39,202209281300,FR,C,Y,3,EXP,IAZ034,1479.944091796875,2022-09-28 13:08,,,,,False,,,,,,,202209271939-KDMX-WWUS73-NPWDMX,,2022
LIX,2022-09-28 03:00,2022-09-29 03:00,2022-09-27 19:46,202209290300,WI,C,Y,11,EXP,LAZ067,1427.66259765625,2022-09-29 02:58,,,,,False,,,,,,,202209271946-KLIX-WWUS74-NPWLIX,,2022
LIX,2022-09-28 03:00,2022-09-29 03:00,2022-09-27 19:46,202209290300,WI,C,Y,11,EXP,LAZ069,2290.816650390625,2022-09-29 02:58,,,,,False,,,,,,,202209271946-KLIX-WWUS74-NPWLIX,,2022
LWX,2022-09-25 15:40,2022-09-25 21:15,2022-09-25 15:40,202209252300,SV,C,A,543,CAN,ANZ531,468.4309387207031,2022-09-25 21:15,,,,,False,,,,,,,202209251540-KLWX-WWUS61-WCNLWX,,2022
LWX,2022-09-25 15:40,2022-09-25 19:17,2022-09-25 15:40,202209252300,SV,C,A,543,CAN,WVC031,1512.562744140625,2022-09-25 19:17,,,,,False,,,,,,,202209251540-KLWX-WWUS61-WCNLWX,,2022
LWX,2022-09-25 15:40,2022-09-25 19:17,2022-09-25 15:40,202209252300,SV,C,A,543,CAN,WVC037,547.4729614257812,2022-09-25 19:17,,,,,False,,,,,,,202209251540-KLWX-WWUS61-WCNLWX,,2022
LWX,2022-09-25 15:40,2022-09-25 21:15,2022-09-25 15:40,202209252300,SV,C,A,543,CAN,ANZ533,619.4905395507812,2022-09-25 21:15,,,,,False,,,,,,,202209251540-KLWX-WWUS61-WCNLWX,,2022
LWX,2022-09-25 15:40,2022-09-25 19:55,2022-09-25 15:40,202209252300,SV,C,A,543,CAN,ANZ538,65.48129272460938,2022-09-25 19:55,,,,,False,,,,,,,202209251540-KLWX-WWUS61-WCNLWX,,2022
LWX,2022-09-25 15:40,2022-09-25 21:15,2022-09-25 15:40,202209252300,SV,C,A,543,CAN,ANZ532,364.1634216308594,2022-09-25 21:15,,,,,False,,,,,,,202209251540-KLWX-WWUS61-WCNLWX,,2022
DMX,2022-09-28 05:00,2022-09-28 13:00,2022-09-27 19:39,202209281300,FR,C,Y,3,EXP,IAZ096,1335.64404296875,2022-09-28 13:08,,,,,False,,,,,,,202209271939-KDMX-WWUS73-NPWDMX,,2022
DMX,2022-09-28 05:00,2022-09-28 13:00,2022-09-27 19:39,202209281300,FR,C,Y,3,EXP,IAZ097,1305.9215087890625,2022-09-28 13:08,,,,,False,,,,,,,202209271939-KDMX-WWUS73-NPWDMX,,2022
KEY,2022-09-25 21:09,2022-09-26 03:26,2022-09-25 21:09,202210162109,TR,C,A,1009,UPG,FLZ078,194.87217712402344,2022-09-26 03:26,,,,,False,,,,,,,202209252109-KKEY-WTUS82-TCVKEY,CLR,2022
DMX,2022-09-28 05:00,2022-09-28 13:00,2022-09-27 19:39,202209281300,FR,C,Y,3,EXP,IAZ004,1040.0728759765625,2022-09-28 13:08,,,,,False,,,,,,,202209271939-KDMX-WWUS73-NPWDMX,,2022
DMX,2022-09-28 05:00,2022-09-28 13:00,2022-09-27 19:39,202209281300,FR,C,Y,3,EXP,IAZ061,1895.3275146484375,2022-09-28 13:08,,,,,False,,,,,,,202209271939-KDMX-WWUS73-NPWDMX,,2022
DMX,2022-09-28 05:00,2022-09-28 13:00,2022-09-27 19:39,202209281300,FR,C,Y,3,EXP,IAZ050,1868.0078125,2022-09-28 13:08,,,,,False,,,,,,,202209271939-KDMX-WWUS73-NPWDMX,,2022
DMX,2022-09-28 05:00,2022-09-28 13:00,2022-09-27 19:39,202209281300,FR,C,Y,3,EXP,IAZ015,1472.1976318359375,2022-09-28 13:08,,,,,False,,,,,,,202209271939-KDMX-WWUS73-NPWDMX,,2022
DMX,2022-09-28 05:00,2022-09-28 13:00,2022-09-27 19:39,202209281300,FR,C,Y,3,EXP,IAZ038,1299.400634765625,2022-09-28 13:08,,,,,False,,,,,,,202209271939-KDMX-WWUS73-NPWDMX,,2022
DMX,2022-09-28 05:00,2022-09-28 13:00,2022-09-27 19:39,202209281300,FR,C,Y,3,EXP,IAZ071,1475.10888671875,2022-09-28 13:08,,,,,False,,,,,,,202209271939-KDMX-WWUS73-NPWDMX,,2022
DMX,2022-09-28 05:00,2022-09-28 13:00,2022-09-27 19:39,202209281300,FR,C,Y,3,EXP,IAZ044,1848.9022216796875,2022-09-28 13:08,,,,,False,,,,,,,202209271939-KDMX-WWUS73-NPWDMX,,2022
DMX,2022-09-28 05:00,2022-09-28 13:00,2022-09-27 19:39,202209281300,FR,C,Y,3,EXP,IAZ073,1482.5816650390625,2022-09-28 13:08,,,,,False,,,,,,,202209271939-KDMX-WWUS73-NPWDMX,,2022
DMX,2022-09-28 05:00,2022-09-28 13:00,2022-09-27 19:39,202209281300,FR,C,Y,3,EXP,IAZ062,1515.9737548828125,2022-09-28 13:08,,,,,False,,,,,,,202209271939-KDMX-WWUS73-NPWDMX,,2022
DMX,2022-09-28 05:00,2022-09-28 13:00,2022-09-27 19:39,202209281300,FR,C,Y,3,EXP,IAZ084,1123.0657958984375,2022-09-28 13:08,,,,,False,,,,,,,202209271939-KDMX-WWUS73-NPWDMX,,2022
DMX,2022-09-28 05:00,2022-09-28 13:00,2022-09-27 19:39,202209281300,FR,C,Y,3,EXP,IAZ036,1493.2093505859375,2022-09-28 13:08,,,,,False,,,,,,,202209271939-KDMX-WWUS73-NPWDMX,,2022
DMX,2022-09-28 05:00,2022-09-28 13:00,2022-09-27 19:39,202209281300,FR,C,Y,3,EXP,IAZ027,1503.592041015625,2022-09-28 13:08,,,,,False,,,,,,,202209271939-KDMX-WWUS73-NPWDMX,,2022
DMX,2022-09-28 05:00,2022-09-28 13:00,2022-09-27 19:39,202209281300,FR,C,Y,3,EXP,IAZ095,1363.3662109375,2022-09-28 13:08,,,,,False,,,,,,,202209271939-KDMX-WWUS73-NPWDMX,,2022
DMX,2022-09-28 05:00,2022-09-28 13:00,2022-09-27 19:39,202209281300,FR,C,Y,3,EXP,IAZ074,1475.9715576171875,2022-09-28 13:08,,,,,False,,,,,,,202209271939-KDMX-WWUS73-NPWDMX,,2022
DMX,2022-09-28 05:00,2022-09-28 13:00,2022-09-27 19:39,202209281300,FR,C,Y,3,EXP,IAZ026,1507.32275390625,2022-09-28 13:08,,,,,False,,,,,,,202209271939-KDMX-WWUS73-NPWDMX,,2022
DMX,2022-09-28 05:00,2022-09-28 13:00,2022-09-27 19:39,202209281300,FR,C,Y,3,EXP,IAZ086,1127.7784423828125,2022-09-28 13:08,,,,,False,,,,,,,202209271939-KDMX-WWUS73-NPWDMX,,2022
DMX,2022-09-28 05:00,2022-09-28 13:00,2022-09-27 19:39,202209281300,FR,C,Y,3,EXP,IAZ033,1495.5628662109375,2022-09-28 13:08,,,,,False,,,,,,,202209271939-KDMX-WWUS73-NPWDMX,,2022
DMX,2022-09-28 05:00,2022-09-28 13:00,2022-09-27 19:39,202209281300,FR,C,Y,3,EXP,IAZ035,1856.6697998046875,2022-09-28 13:08,,,,,False,,,,,,,202209271939-KDMX-WWUS73-NPWDMX,,2022
DMX,2022-09-28 05:00,2022-09-28 13:00,2022-09-27 19:39,202209281300,FR,C,Y,3,EXP,IAZ025,1506.2342529296875,2022-09-28 13:08,,,,,False,,,,,,,202209271939-KDMX-WWUS73-NPWDMX,,2022
KEY,2022-09-25 21:26,2022-09-26 04:01,2022-09-25 21:26,202210162126,TR,C,A,1009,UPG,GMZ074,10149.724609375,2022-09-26 04:01,,,,,False,,,,,,,202209252126-KKEY-WHUS72-MWWKEY,CLR,2022
KEY,2022-09-25 21:26,2022-09-26 04:01,2022-09-25 21:26,202210162126,TR,C,A,1009,UPG,GMZ033,9032.248046875,2022-09-26 04:01,,,,,False,,,,,,,202209252126-KKEY-WHUS72-MWWKEY,CLR,2022
KEY,2022-09-26 03:26,2022-09-28 21:16,2022-09-26 03:26,202210170326,SS,C,A,1009,CAN,FLZ076,130.48358154296875,2022-09-28 21:16,,,,,False,,,,,,,202209260326-KKEY-WTUS82-TCVKEY,,2022
EAX,2022-09-24 07:30,2022-09-24 14:00,2022-09-24 07:30,202209241400,FG,C,Y,3,EXP,MOZ015,1133.1964111328125,2022-09-24 14:08,,,,,False,,,,,,,202209240730-KEAX-WWUS73-NPWEAX,,2022
EAX,2022-09-24 07:30,2022-09-24 14:00,2022-09-24 07:30,202209241400,FG,C,Y,3,EXP,MOZ028,1105.455078125,2022-09-24 14:08,,,,,False,,,,,,,202209240730-KEAX-WWUS73-NPWEAX,,2022
EAX,2022-09-24 07:30,2022-09-24 14:00,2022-09-24 07:30,202209241400,FG,C,Y,3,EXP,MOZ040,1217.8111572265625,2022-09-24 14:08,,,,,False,,,,,,,202209240730-KEAX-WWUS73-NPWEAX,,2022
KEY,2022-09-27 20:46,2022-09-28 08:58,2022-09-27 20:46,202209280900,TO,C,A,545,CAN,FLC087,2018.628662109375,2022-09-28 08:58,,,,,False,,,,,,,202209272046-KKEY-WWUS62-WCNKEY,CLR,2022
KEY,2022-09-25 21:26,2022-09-26 04:01,2022-09-25 21:26,202210162126,TR,C,A,1009,UPG,GMZ055,2426.95703125,2022-09-26 04:01,,,,,False,,,,,,,202209252126-KKEY-WHUS72-MWWKEY,CLR,2022
PQR,2022-09-24 21:00,2022-09-25 07:00,2022-09-23 21:07,202209250700,SC,C,Y,144,CON,PZZ273,8414.296875,2022-09-24 19:38,,,,,False,,,,,,,202209232107-KPQR-WHUS76-MWWPQR,,2022
EKA,2022-09-26 04:19,2022-09-26 16:00,2022-09-26 04:19,202209261600,FG,C,Y,6,CON,CAZ103,1311.3897705078125,2022-09-26 12:49,,,,,False,,,,,,,202209260419-KEKA-WWUS76-NPWEKA,,2022
EKA,2022-09-29 04:00,2022-09-29 09:46,2022-09-29 03:55,202209291600,SC,C,Y,94,CAN,PZZ470,15329.4287109375,2022-09-29 09:46,,,,,False,,,,,,,202209290355-KEKA-WHUS76-MWWEKA,,2022
OKX,2022-09-26 01:26,2022-09-26 03:30,2022-09-26 01:26,202209260330,FA,C,Y,132,NEW,NYC047,183.26907348632812,2022-09-26 01:26,00000,N,ER,OO,False,,,,,,,202209260126-KOKX-WGUS81-FLSOKX,DR,2022
OKX,2022-09-26 01:26,2022-09-26 03:30,2022-09-26 01:26,202209260330,FA,C,Y,132,NEW,NYC081,284.2904357910156,2022-09-26 01:26,00000,N,ER,OO,False,,,,,,,202209260126-KOKX-WGUS81-FLSOKX,DR,2022
OKX,2022-09-26 01:26,2022-09-26 03:30,2022-09-26 01:26,202209260330,FA,C,Y,132,NEW,NYC005,109.61967468261719,2022-09-26 01:26,00000,N,ER,OO,False,,,,,,,202209260126-KOKX-WGUS81-FLSOKX,DR,2022
KEY,2022-09-25 21:26,2022-09-26 04:01,2022-09-25 21:26,202210162126,TR,C,A,1009,UPG,GMZ075,5111.7607421875,2022-09-26 04:01,,,,,False,,,,,,,202209252126-KKEY-WHUS72-MWWKEY,CLR,2022
KEY,2022-09-26 03:26,2022-09-28 04:29,2022-09-26 03:26,202210170326,SS,C,A,1009,UPG,FLZ078,194.87217712402344,2022-09-28 04:29,,,,,False,,,,,,,202209260326-KKEY-WTUS82-TCVKEY,,2022
KEY,2022-09-26 03:26,2022-09-28 21:16,2022-09-26 03:26,202210170326,SS,C,A,1009,CAN,FLZ077,32.21444320678711,2022-09-28 21:16,,,,,False,,,,,,,202209260326-KKEY-WTUS82-TCVKEY,,2022
KEY,2022-09-26 03:26,2022-09-28 21:16,2022-09-26 03:26,202210170326,TR,C,W,1009,CAN,FLZ078,194.87217712402344,2022-09-28 21:16,,,,,False,,,,,,,202209260326-KKEY-WTUS82-TCVKEY,,2022
KEY,2022-09-26 04:01,2022-09-27 23:31,2022-09-26 04:01,202210170401,TR,C,W,1009,UPG,GMZ033,9032.248046875,2022-09-27 23:31,,,,,False,,,,,,,202209260401-KKEY-WHUS72-MWWKEY,,2022
REV,2022-09-28 20:00,2022-09-29 03:00,2022-09-27 19:11,202209290300,LW,C,Y,39,NEW,NVZ004,32519.763671875,2022-09-27 19:11,,,,,False,,,,,,,202209271911-KREV-WWUS75-NPWREV,,2022
PQR,2022-09-24 21:00,2022-09-25 07:00,2022-09-23 21:07,202209250700,SC,C,Y,144,CON,PZZ272,10994.8896484375,2022-09-24 19:38,,,,,False,,,,,,,202209232107-KPQR-WHUS76-MWWPQR,,2022
SEW,2022-09-27 00:00,2022-09-27 09:11,2022-09-26 09:09,202209271200,SC,C,Y,175,CAN,PZZ132,1074.874267578125,2022-09-27 09:11,,,,,False,,,,,,,202209260909-KSEW-WHUS76-MWWSEW,,2022
SEW,2022-09-28 15:00,2022-09-28 21:52,2022-09-27 15:43,202209290600,SC,C,Y,177,CAN,PZZ153,1478.8204345703125,2022-09-28 21:52,,,,,False,,,,,,,202209271543-KSEW-WHUS76-MWWSEW,,2022
GRR,2022-09-29 04:00,2022-09-29 13:00,2022-09-28 07:33,202209291300,FR,C,Y,4,CON,MIZ051,1863.9388427734375,2022-09-29 07:15,,,,,False,,,,,,,202209280733-KGRR-WWUS73-NPWGRR,,2022
GRR,2022-09-29 04:00,2022-09-29 13:00,2022-09-28 18:48,202209291300,FR,C,Y,4,CON,MIZ072,1500.21484375,2022-09-29 07:15,,,,,False,,,,,,,202209281848-KGRR-WWUS73-NPWGRR,,2022
EPZ,2022-09-27 00:13,2022-09-27 02:30,2022-09-27 00:13,202209270230,FF,C,W,124,NEW,NMC017,10280.916015625,2022-09-27 00:13,00000,0,ER,OO,False,,,,,,,202209270013-KEPZ-WGUS54-FFWEPZ,33,2022
MTR,2022-09-28 22:00,2022-09-30 10:00,2022-09-27 21:44,202209292200,SC,C,Y,227,EXP,PZZ540,2643.8046875,2022-09-30 09:37,,,,,False,,,,,,,202209272144-KMTR-WHUS76-MWWMTR,,2022
GRR,2022-09-29 04:00,2022-09-29 13:00,2022-09-28 07:33,202209291300,FR,C,Y,4,CON,MIZ043,1410.8121337890625,2022-09-29 07:15,,,,,False,,,,,,,202209280733-KGRR-WWUS73-NPWGRR,,2022
MTR,2022-09-28 19:14,2022-09-30 04:00,2022-09-28 10:09,202209300400,SC,C,Y,230,EXP,PZZ560,1519.7008056640625,2022-09-30 04:22,,,,,False,,,,,,,202209281009-KMTR-WHUS76-MWWMTR,,2022
MTR,2022-09-28 15:14,2022-09-28 17:00,2022-09-28 15:14,202209281700,MF,C,Y,6,EXP,PZZ535,622.1748657226562,2022-09-28 16:38,,,,,False,,,,,,,202209281514-KMTR-WHUS76-MWWMTR,,2022
MTR,2022-09-26 22:00,2022-09-27 04:00,2022-09-25 21:32,202209270400,SC,C,Y,226,EXP,PZZ530,697.38232421875,2022-09-27 03:37,,,,,False,,,,,,,202209252132-KMTR-WHUS76-MWWMTR,,2022
CLE,2022-09-25 12:00,2022-09-29 08:00,2022-09-25 08:10,202209281200,SC,C,Y,55,EXP,LEZ145,290.3538818359375,2022-09-29 08:03,,,,,False,,,,,,,202209250810-KCLE-WHUS71-MWWCLE,,2022
PQR,2022-09-27 09:06,2022-09-27 18:00,2022-09-27 09:06,202209271800,MF,C,Y,22,CON,PZZ251,2617.516845703125,2022-09-27 15:28,,,,,False,,,,,,,202209270906-KPQR-WHUS76-MWWPQR,,2022
KEY,2022-09-26 19:20,2022-09-26 20:15,2022-09-26 19:20,202209262015,MA,C,W,391,EXP,GMZ044,1400.305419921875,2022-09-26 20:16,,,,,False,,,,,,,202209261920-KKEY-WHUS52-SMWKEY,TW,2022
LIX,2022-09-27 06:00,2022-09-28 03:00,2022-09-26 19:36,202209280000,SC,C,Y,39,EXP,GMZ552,5342.24169921875,2022-09-28 03:04,,,,,False,,,,,,,202209261936-KLIX-WHUS74-MWWLIX,,2022
LIX,2022-09-27 14:00,2022-09-28 00:00,2022-09-26 20:19,202209280000,FW,C,W,3,CON,LAZ087,346.44677734375,2022-09-27 18:51,,,,,False,,,,,,,202209262019-KLIX-WWUS84-RFWLIX,,2022
LIX,2022-09-27 14:00,2022-09-28 00:00,2022-09-26 20:19,202209280000,FW,C,W,3,CON,LAZ078,279.3493347167969,2022-09-27 18:51,,,,,False,,,,,,,202209262019-KLIX-WWUS84-RFWLIX,,2022
LIX,2022-09-27 14:00,2022-09-28 00:00,2022-09-26 20:19,202209280000,FW,C,W,3,CON,LAZ070,1101.229248046875,2022-09-27 18:51,,,,,False,,,,,,,202209262019-KLIX-WWUS84-RFWLIX,,2022
LIX,2022-09-27 14:00,2022-09-28 00:00,2022-09-26 20:19,202209280000,FW,C,W,3,CON,LAZ084,480.826171875,2022-09-27 18:51,,,,,False,,,,,,,202209262019-KLIX-WWUS84-RFWLIX,,2022
LIX,2022-09-27 14:00,2022-09-28 00:00,2022-09-26 20:19,202209280000,FW,C,W,3,CON,LAZ056,944.960205078125,2022-09-27 18:51,,,,,False,,,,,,,202209262019-KLIX-WWUS84-RFWLIX,,2022
LIX,2022-09-27 14:00,2022-09-28 00:00,2022-09-26 20:19,202209280000,FW,C,W,3,CON,LAZ037,1061.5506591796875,2022-09-27 18:51,,,,,False,,,,,,,202209262019-KLIX-WWUS84-RFWLIX,,2022
LIX,2022-09-27 14:00,2022-09-28 00:00,2022-09-26 20:19,202209280000,FW,C,W,3,CON,LAZ048,1219.9593505859375,2022-09-27 18:51,,,,,False,,,,,,,202209262019-KLIX-WWUS84-RFWLIX,,2022
LIX,2022-09-27 14:00,2022-09-28 00:00,2022-09-26 20:19,202209280000,FW,C,W,3,CON,LAZ039,1752.2254638671875,2022-09-27 18:51,,,,,False,,,,,,,202209262019-KLIX-WWUS84-RFWLIX,,2022
LIX,2022-09-27 14:00,2022-09-28 00:00,2022-09-26 20:19,202209280000,FW,C,W,3,CON,LAZ034,1529.5325927734375,2022-09-27 18:51,,,,,False,,,,,,,202209262019-KLIX-WWUS84-RFWLIX,,2022
LIX,2022-09-28 03:00,2022-09-29 03:00,2022-09-27 19:46,202209290300,WI,C,Y,11,EXP,LAZ089,66.10638427734375,2022-09-29 02:58,,,,,False,,,,,,,202209271946-KLIX-WWUS74-NPWLIX,,2022
LIX,2022-09-28 03:00,2022-09-29 03:00,2022-09-27 20:27,202209290300,WI,C,Y,11,EXP,LAZ085,569.2479858398438,2022-09-29 02:58,,,,,False,,,,,,,202209272027-KLIX-WWUS74-NPWLIX,,2022
LIX,2022-09-28 14:00,2022-09-27 18:51,2022-09-26 20:19,202209290000,FW,C,A,1,UPG,MSZ082,1910.6868896484375,2022-09-27 18:51,,,,,False,,,,,,,202209262019-KLIX-WWUS84-RFWLIX,,2022
LIX,2022-09-28 14:00,2022-09-29 00:00,2022-09-27 18:51,202209290000,FW,C,W,4,CON,MSZ070,1064.796875,2022-09-28 20:15,,,,,False,,,,,,,202209271851-KLIX-WWUS84-RFWLIX,,2022
LIX,2022-09-28 14:00,2022-09-27 18:51,2022-09-26 20:19,202209290000,FW,C,A,1,UPG,LAZ078,279.3493347167969,2022-09-27 18:51,,,,,False,,,,,,,202209262019-KLIX-WWUS84-RFWLIX,,2022
LIX,2022-09-28 14:00,2022-09-27 18:51,2022-09-26 20:19,202209290000,FW,C,A,1,UPG,LAZ083,1211.220947265625,2022-09-27 18:51,,,,,False,,,,,,,202209262019-KLIX-WWUS84-RFWLIX,,2022
LIX,2022-09-28 14:00,2022-09-29 00:00,2022-09-27 18:51,202209290000,FW,C,W,4,CON,LAZ089,66.10638427734375,2022-09-28 20:15,,,,,False,,,,,,,202209271851-KLIX-WWUS84-RFWLIX,,2022
LIX,2022-09-29 14:00,2022-09-29 08:41,2022-09-27 18:51,202209292300,FW,C,A,2,CAN,LAZ066,3138.92578125,2022-09-29 08:41,,,,,False,,,,,,,202209271851-KLIX-WWUS84-RFWLIX,,2022
LIX,2022-09-29 14:00,2022-09-29 08:41,2022-09-27 18:51,202209292300,FW,C,A,2,CAN,LAZ036,1181.1146240234375,2022-09-29 08:41,,,,,False,,,,,,,202209271851-KLIX-WWUS84-RFWLIX,,2022
LIX,2022-09-29 14:00,2022-09-29 08:41,2022-09-27 18:51,202209292300,FW,C,A,2,CAN,LAZ064,204.39285278320312,2022-09-29 08:41,,,,,False,,,,,,,202209271851-KLIX-WWUS84-RFWLIX,,2022
LIX,2022-09-29 14:00,2022-09-29 08:41,2022-09-27 18:51,202209292300,FW,C,A,2,CAN,LAZ039,1752.2254638671875,2022-09-29 08:41,,,,,False,,,,,,,202209271851-KLIX-WWUS84-RFWLIX,,2022
LIX,2022-09-29 14:00,2022-09-29 08:41,2022-09-27 18:51,202209292300,FW,C,A,2,CAN,LAZ058,647.3876953125,2022-09-29 08:41,,,,,False,,,,,,,202209271851-KLIX-WWUS84-RFWLIX,,2022
RIW,2022-09-28 18:00,2022-09-27 19:42,2022-09-27 07:13,202209290200,FW,C,A,10,UPG,WYZ289,10759.203125,2022-09-27 19:42,,,,,False,,,,,,,202209270713-KRIW-WWUS85-RFWRIW,http://weather.gov/river,2022
EAX,2022-09-24 07:30,2022-09-24 14:00,2022-09-24 07:30,202209241400,FG,C,Y,3,EXP,MOZ024,1608.1278076171875,2022-09-24 14:08,,,,,False,,,,,,,202209240730-KEAX-WWUS73-NPWEAX,,2022
EAX,2022-09-24 07:30,2022-09-24 14:00,2022-09-24 07:30,202209241400,FG,C,Y,3,EXP,MOZ037,1594.9552001953125,2022-09-24 14:08,,,,,False,,,,,,,202209240730-KEAX-WWUS73-NPWEAX,,2022
EAX,2022-09-24 07:30,2022-09-24 14:00,2022-09-24 07:30,202209241400,FG,C,Y,3,EXP,MOZ023,1393.1407470703125,2022-09-24 14:08,,,,,False,,,,,,,202209240730-KEAX-WWUS73-NPWEAX,,2022
EAX,2022-09-24 07:30,2022-09-24 14:00,2022-09-24 07:30,202209241400,FG,C,Y,3,EXP,MOZ025,2102.3408203125,2022-09-24 14:08,,,,,False,,,,,,,202209240730-KEAX-WWUS73-NPWEAX,,2022
EAX,2022-09-24 07:30,2022-09-24 14:00,2022-09-24 07:30,202209241400,FG,C,Y,3,EXP,MOZ005,1879.3699951171875,2022-09-24 14:08,,,,,False,,,,,,,202209240730-KEAX-WWUS73-NPWEAX,,2022
EAX,2022-09-24 07:30,2022-09-24 14:00,2022-09-24 07:30,202209241400,FG,C,Y,3,EXP,MOZ038,1653.1895751953125,2022-09-24 14:08,,,,,False,,,,,,,202209240730-KEAX-WWUS73-NPWEAX,,2022
EAX,2022-09-24 07:30,2022-09-24 14:00,2022-09-24 07:30,202209241400,FG,C,Y,3,EXP,MOZ002,2270.943115234375,2022-09-24 14:08,,,,,False,,,,,,,202209240730-KEAX-WWUS73-NPWEAX,,2022
EAX,2022-09-24 07:30,2022-09-24 14:00,2022-09-24 07:30,202209241400,FG,C,Y,3,EXP,MOZ030,1484.002197265625,2022-09-24 14:08,,,,,False,,,,,,,202209240730-KEAX-WWUS73-NPWEAX,,2022
EAX,2022-09-24 07:30,2022-09-24 14:00,2022-09-24 07:30,202209241400,FG,C,Y,3,EXP,MOZ013,1101.62744140625,2022-09-24 14:08,,,,,False,,,,,,,202209240730-KEAX-WWUS73-NPWEAX,,2022
EAX,2022-09-24 07:30,2022-09-24 14:00,2022-09-24 07:30,202209241400,FG,C,Y,3,EXP,MOZ022,1111.8875732421875,2022-09-24 14:08,,,,,False,,,,,,,202209240730-KEAX-WWUS73-NPWEAX,,2022
EAX,2022-09-24 07:30,2022-09-24 14:00,2022-09-24 07:30,202209241400,FG,C,Y,3,EXP,MOZ008,797.1704711914062,2022-09-24 14:08,,,,,False,,,,,,,202209240730-KEAX-WWUS73-NPWEAX,,2022
EAX,2022-09-24 07:30,2022-09-24 14:00,2022-09-24 07:30,202209241400,FG,C,Y,3,EXP,MOZ046,1475.55126953125,2022-09-24 14:08,,,,,False,,,,,,,202209240730-KEAX-WWUS73-NPWEAX,,2022
EAX,2022-09-24 07:30,2022-09-24 14:00,2022-09-24 07:30,202209241400,FG,C,Y,3,EXP,MOZ045,1776.397705078125,2022-09-24 14:08,,,,,False,,,,,,,202209240730-KEAX-WWUS73-NPWEAX,,2022
EAX,2022-09-24 07:30,2022-09-24 14:00,2022-09-24 07:30,202209241400,FG,C,Y,3,EXP,KSZ102,1027.3885498046875,2022-09-24 14:08,,,,,False,,,,,,,202209240730-KEAX-WWUS73-NPWEAX,,2022
PQR,2022-09-24 21:00,2022-09-25 07:00,2022-09-23 21:07,202209250700,SC,C,Y,144,CON,PZZ252,2340.86279296875,2022-09-24 19:38,,,,,False,,,,,,,202209232107-KPQR-WHUS76-MWWPQR,,2022
MTR,2022-09-24 07:58,2022-09-24 16:00,2022-09-24 07:58,202209241600,FG,C,Y,12,EXP,CAZ530,706.1171264648438,2022-09-24 15:52,,,,,False,,,,,,,202209240758-KMTR-WWUS76-NPWMTR,,2022
PQR,2022-09-24 21:00,2022-09-25 07:00,2022-09-24 09:38,202209250700,SC,C,Y,144,CON,PZZ271,10798.796875,2022-09-24 19:38,,,,,False,,,,,,,202209240938-KPQR-WHUS76-MWWPQR,,2022
CLE,2022-09-25 18:00,2022-09-27 23:56,2022-09-25 08:10,202209280000,SC,C,Y,55,CAN,LEZ142,158.56040954589844,2022-09-27 23:56,,,,,False,,,,,,,202209250810-KCLE-WHUS71-MWWCLE,,2022
CLE,2022-09-25 12:00,2022-09-29 08:00,2022-09-25 08:10,202209281200,SC,C,Y,55,EXP,LEZ146,445.556884765625,2022-09-29 08:03,,,,,False,,,,,,,202209250810-KCLE-WHUS71-MWWCLE,,2022
CLE,2022-09-25 18:00,2022-09-27 23:56,2022-09-25 08:10,202209280000,SC,C,Y,55,CAN,LEZ143,617.5946655273438,2022-09-27 23:56,,,,,False,,,,,,,202209250810-KCLE-WHUS71-MWWCLE,,2022
CLE,2022-09-25 14:00,2022-09-28 07:36,2022-09-25 08:10,202209281200,SC,C,Y,55,CAN,LEZ148,313.0382080078125,2022-09-28 07:36,,,,,False,,,,,,,202209250810-KCLE-WHUS71-MWWCLE,,2022
CLE,2022-09-25 18:00,2022-09-28 07:36,2022-09-25 08:10,202209280000,SC,C,Y,55,CAN,LEZ144,473.1642761230469,2022-09-28 07:36,,,,,False,,,,,,,202209250810-KCLE-WHUS71-MWWCLE,,2022
CLE,2022-09-25 14:00,2022-09-28 07:36,2022-09-25 08:10,202209281200,SC,C,Y,55,CAN,LEZ149,693.0765991210938,2022-09-28 07:36,,,,,False,,,,,,,202209250810-KCLE-WHUS71-MWWCLE,,2022
CLE,2022-09-25 12:00,2022-09-29 08:00,2022-09-25 08:10,202209281200,SC,C,Y,55,EXP,LEZ147,455.7435607910156,2022-09-29 08:03,,,,,False,,,,,,,202209250810-KCLE-WHUS71-MWWCLE,,2022
MTR,2022-09-26 22:00,2022-09-28 22:00,2022-09-25 21:32,202209271600,SC,C,Y,226,CON,PZZ565,2575.208984375,2022-09-28 19:14,,,,,False,,,,,,,202209252132-KMTR-WHUS76-MWWMTR,,2022
MTR,2022-09-26 22:00,2022-09-27 04:00,2022-09-25 21:32,202209270400,SC,C,Y,226,EXP,PZZ560,1519.7008056640625,2022-09-27 03:37,,,,,False,,,,,,,202209252132-KMTR-WHUS76-MWWMTR,,2022
SEW,2022-09-27 00:00,2022-09-27 09:11,2022-09-26 09:09,202209271200,SC,C,Y,175,CAN,PZZ131,1037.3934326171875,2022-09-27 09:11,,,,,False,,,,,,,202209260909-KSEW-WHUS76-MWWSEW,,2022
MTR,2022-09-27 16:00,2022-09-30 10:00,2022-09-26 09:45,202209280400,SC,C,Y,227,EXP,PZZ576,12177.7763671875,2022-09-30 09:37,,,,,False,,,,,,,202209260945-KMTR-WHUS76-MWWMTR,,2022
MTR,2022-09-27 22:00,2022-09-28 19:14,2022-09-26 09:45,202209280400,SC,C,Y,227,CAN,PZZ560,1519.7008056640625,2022-09-28 19:14,,,,,False,,,,,,,202209260945-KMTR-WHUS76-MWWMTR,,2022
CLE,2022-09-26 17:00,2022-09-26 23:57,2022-09-26 17:00,202209270000,LO,C,Y,10,CAN,LEZ163,547.725830078125,2022-09-26 23:57,,,,,False,,,,,,,202209261700-KCLE-WHUS71-MWWCLE,,2022
CLE,2022-09-26 17:00,2022-09-26 23:57,2022-09-26 17:00,202209270000,LO,C,Y,10,CAN,LEZ144,473.1642761230469,2022-09-26 23:57,,,,,False,,,,,,,202209261700-KCLE-WHUS71-MWWCLE,,2022
CLE,2022-09-26 17:00,2022-09-26 23:57,2022-09-26 17:00,202209270000,LO,C,Y,10,CAN,LEZ162,220.4657440185547,2022-09-26 23:57,,,,,False,,,,,,,202209261700-KCLE-WHUS71-MWWCLE,,2022
CLE,2022-09-26 17:00,2022-09-26 23:57,2022-09-26 17:00,202209270000,LO,C,Y,10,CAN,LEZ143,617.5946655273438,2022-09-26 23:57,,,,,False,,,,,,,202209261700-KCLE-WHUS71-MWWCLE,,2022
CLE,2022-09-26 17:00,2022-09-26 23:57,2022-09-26 17:00,202209270000,LO,C,Y,10,CAN,LEZ164,379.52191162109375,2022-09-26 23:57,,,,,False,,,,,,,202209261700-KCLE-WHUS71-MWWCLE,,2022
CLE,2022-09-26 17:00,2022-09-26 23:57,2022-09-26 17:00,202209270000,LO,C,Y,10,CAN,LEZ142,158.56040954589844,2022-09-26 23:57,,,,,False,,,,,,,202209261700-KCLE-WHUS71-MWWCLE,,2022
MTR,2022-09-27 22:00,2022-09-28 04:00,2022-09-26 21:41,202209280400,SC,C,Y,227,CON,PZZ530,697.38232421875,2022-09-27 21:44,,,,,False,,,,,,,202209262141-KMTR-WHUS76-MWWMTR,,2022
SEW,2022-09-28 00:00,2022-09-28 07:00,2022-09-27 09:11,202209280700,SC,C,Y,176,CON,PZZ131,1037.3934326171875,2022-09-28 02:49,,,,,False,,,,,,,202209270911-KSEW-WHUS76-MWWSEW,,2022
SEW,2022-09-28 00:00,2022-09-28 07:00,2022-09-27 09:11,202209280700,SC,C,Y,176,CON,PZZ132,1074.874267578125,2022-09-28 02:49,,,,,False,,,,,,,202209270911-KSEW-WHUS76-MWWSEW,,2022
MTR,2022-09-28 22:00,2022-09-27 21:44,2022-09-27 10:07,202209291000,GL,C,A,24,UPG,PZZ565,2575.208984375,2022-09-27 21:44,,,,,False,,,,,,,202209271007-KMTR-WHUS76-MWWMTR,,2022
MTR,2022-09-27 22:00,2022-09-28 04:00,2022-09-27 10:07,202209280400,SC,C,Y,227,CON,PZZ535,622.1748657226562,2022-09-27 21:44,,,,,False,,,,,,,202209271007-KMTR-WHUS76-MWWMTR,,2022
PQR,2022-09-28 06:00,2022-09-29 12:00,2022-09-27 15:28,202209291200,SC,C,Y,145,CON,PZZ271,10798.796875,2022-09-29 08:43,,,,,False,,,,,,,202209271528-KPQR-WHUS76-MWWPQR,,2022
PQR,2022-09-28 06:00,2022-09-29 12:00,2022-09-27 15:28,202209291200,SC,C,Y,145,CON,PZZ272,10994.8896484375,2022-09-29 08:43,,,,,False,,,,,,,202209271528-KPQR-WHUS76-MWWPQR,,2022
PQR,2022-09-28 06:00,2022-09-29 12:00,2022-09-27 15:28,202209291200,SC,C,Y,145,CON,PZZ273,8414.296875,2022-09-29 08:43,,,,,False,,,,,,,202209271528-KPQR-WHUS76-MWWPQR,,2022
PQR,2022-09-28 15:00,2022-09-29 12:00,2022-09-27 15:28,202209291200,SC,C,Y,145,CON,PZZ251,2617.516845703125,2022-09-29 08:43,,,,,False,,,,,,,202209271528-KPQR-WHUS76-MWWPQR,,2022
SEW,2022-09-28 06:00,2022-09-28 21:52,2022-09-27 15:43,202209290600,SC,C,Y,176,CAN,PZZ176,6570.8076171875,2022-09-28 21:52,,,,,False,,,,,,,202209271543-KSEW-WHUS76-MWWSEW,,2022
SEW,2022-09-28 06:00,2022-09-28 21:52,2022-09-27 15:43,202209290600,SC,C,Y,176,CAN,PZZ170,3728.27880859375,2022-09-28 21:52,,,,,False,,,,,,,202209271543-KSEW-WHUS76-MWWSEW,,2022
SEW,2022-09-28 15:00,2022-09-28 21:52,2022-09-27 15:43,202209290600,SC,C,Y,177,CAN,PZZ150,1417.786376953125,2022-09-28 21:52,,,,,False,,,,,,,202209271543-KSEW-WHUS76-MWWSEW,,2022
DMX,2022-09-28 05:00,2022-09-28 13:00,2022-09-27 19:39,202209281300,FR,C,Y,3,EXP,IAZ075,1483.0897216796875,2022-09-28 13:08,,,,,False,,,,,,,202209271939-KDMX-WWUS73-NPWDMX,,2022
DMX,2022-09-28 05:00,2022-09-28 13:00,2022-09-27 19:39,202209281300,FR,C,Y,3,EXP,IAZ037,1473.6824951171875,2022-09-28 13:08,,,,,False,,,,,,,202209271939-KDMX-WWUS73-NPWDMX,,2022
DMX,2022-09-28 05:00,2022-09-28 13:00,2022-09-27 19:39,202209281300,FR,C,Y,3,EXP,IAZ059,1530.2049560546875,2022-09-28 13:08,,,,,False,,,,,,,202209271939-KDMX-WWUS73-NPWDMX,,2022
DMX,2022-09-28 05:00,2022-09-28 13:00,2022-09-27 19:39,202209281300,FR,C,Y,3,EXP,IAZ023,1497.337158203125,2022-09-28 13:08,,,,,False,,,,,,,202209271939-KDMX-WWUS73-NPWDMX,,2022
DMX,2022-09-28 05:00,2022-09-28 13:00,2022-09-27 19:39,202209281300,FR,C,Y,3,EXP,IAZ046,1476.90966796875,2022-09-28 13:08,,,,,False,,,,,,,202209271939-KDMX-WWUS73-NPWDMX,,2022
DMX,2022-09-28 05:00,2022-09-28 13:00,2022-09-27 19:39,202209281300,FR,C,Y,3,EXP,IAZ060,1530.69921875,2022-09-28 13:08,,,,,False,,,,,,,202209271939-KDMX-WWUS73-NPWDMX,,2022
DMX,2022-09-28 05:00,2022-09-28 13:00,2022-09-27 19:39,202209281300,FR,C,Y,3,EXP,IAZ007,1038.5693359375,2022-09-28 13:08,,,,,False,,,,,,,202209271939-KDMX-WWUS73-NPWDMX,,2022
DMX,2022-09-28 05:00,2022-09-28 13:00,2022-09-27 19:39,202209281300,FR,C,Y,3,EXP,IAZ006,1038.1282958984375,2022-09-28 13:08,,,,,False,,,,,,,202209271939-KDMX-WWUS73-NPWDMX,,2022
DMX,2022-09-28 05:00,2022-09-28 13:00,2022-09-27 19:39,202209281300,FR,C,Y,3,EXP,IAZ070,1461.40625,2022-09-28 13:08,,,,,False,,,,,,,202209271939-KDMX-WWUS73-NPWDMX,,2022
DMX,2022-09-28 05:00,2022-09-28 13:00,2022-09-27 19:39,202209281300,FR,C,Y,3,EXP,IAZ045,1474.587158203125,2022-09-28 13:08,,,,,False,,,,,,,202209271939-KDMX-WWUS73-NPWDMX,,2022
MTR,2022-09-29 04:00,2022-09-30 16:00,2022-09-27 21:44,202209292200,SC,C,Y,227,CON,PZZ570,12462.9833984375,2022-09-30 14:16,,,,,False,,,,,,,202209272144-KMTR-WHUS76-MWWMTR,,2022
MTR,2022-09-29 04:00,2022-09-30 10:00,2022-09-27 21:44,202209292200,SC,C,Y,227,EXP,PZZ575,7397.95849609375,2022-09-30 09:37,,,,,False,,,,,,,202209272144-KMTR-WHUS76-MWWMTR,,2022
MTR,2022-09-28 22:00,2022-09-29 04:00,2022-09-27 21:44,202209290400,SC,C,Y,228,CON,PZZ530,697.38232421875,2022-09-29 03:14,,,,,False,,,,,,,202209272144-KMTR-WHUS76-MWWMTR,,2022
MTR,2022-09-28 22:00,2022-09-29 04:00,2022-09-27 21:44,202209290400,SC,C,Y,227,CON,PZZ531,481.6596374511719,2022-09-29 03:14,,,,,False,,,,,,,202209272144-KMTR-WHUS76-MWWMTR,,2022
GRR,2022-09-29 04:00,2022-09-28 07:33,2022-09-28 00:53,202209291300,FZ,C,A,1,UPG,MIZ037,1315.87060546875,2022-09-28 07:33,,,,,False,,,,,,,202209280053-KGRR-WWUS73-NPWGRR,,2022
GRR,2022-09-29 04:00,2022-09-28 07:33,2022-09-28 00:53,202209291300,FZ,C,A,1,UPG,MIZ038,1485.1256103515625,2022-09-28 07:33,,,,,False,,,,,,,202209280053-KGRR-WWUS73-NPWGRR,,2022
GRR,2022-09-29 04:00,2022-09-28 07:33,2022-09-28 00:53,202209291300,FZ,C,A,1,UPG,MIZ040,1486.7821044921875,2022-09-28 07:33,,,,,False,,,,,,,202209280053-KGRR-WWUS73-NPWGRR,,2022
GRR,2022-09-29 04:00,2022-09-28 07:33,2022-09-28 00:53,202209291300,FZ,C,A,1,UPG,MIZ039,1481.5157470703125,2022-09-28 07:33,,,,,False,,,,,,,202209280053-KGRR-WWUS73-NPWGRR,,2022
AJK,2022-09-28 12:00,2022-09-28 14:47,2022-09-28 05:26,202209281800,FG,C,Y,43,CAN,AKZ317,20218.76953125,2022-09-28 14:47,,,,,False,,,,,,,202209280526-PAJK-WWAK77-NPWAJK,,2022
AJK,2022-09-28 07:10,2022-09-28 18:00,2022-09-28 05:26,202209281800,FG,C,Y,43,EXP,AKZ325,7005.00341796875,2022-09-28 17:36,,,,,False,,,,,,,202209280526-PAJK-WWAK77-NPWAJK,,2022
AJK,2022-09-28 12:00,2022-09-28 18:00,2022-09-28 05:26,202209281800,FG,C,Y,43,EXP,AKZ320,6646.00390625,2022-09-28 17:36,,,,,False,,,,,,,202209280526-PAJK-WWAK77-NPWAJK,,2022
AJK,2022-09-28 12:00,2022-09-28 12:38,2022-09-28 05:26,202209281800,FG,C,Y,43,CAN,AKZ322,2803.024169921875,2022-09-28 12:38,,,,,False,,,,,,,202209280526-PAJK-WWAK77-NPWAJK,,2022
AJK,2022-09-28 07:10,2022-09-28 18:00,2022-09-28 05:26,202209281800,FG,C,Y,43,EXP,AKZ321,2016.2579345703125,2022-09-28 17:36,,,,,False,,,,,,,202209280526-PAJK-WWAK77-NPWAJK,,2022
AJK,2022-09-28 12:00,2022-09-28 12:38,2022-09-28 05:26,202209281800,FG,C,Y,43,CAN,AKZ319,6080.93994140625,2022-09-28 12:38,,,,,False,,,,,,,202209280526-PAJK-WWAK77-NPWAJK,,2022
GRR,2022-09-29 04:00,2022-09-29 13:00,2022-09-28 07:33,202209291300,FZ,C,W,1,CON,MIZ038,1485.1256103515625,2022-09-29 07:15,,,,,False,,,,,,,202209280733-KGRR-WWUS73-NPWGRR,,2022
GRR,2022-09-29 04:00,2022-09-29 13:00,2022-09-28 07:33,202209291300,FR,C,Y,4,CON,MIZ046,1493.3402099609375,2022-09-29 07:15,,,,,False,,,,,,,202209280733-KGRR-WWUS73-NPWGRR,,2022
GRR,2022-09-29 04:00,2022-09-29 13:00,2022-09-28 07:33,202209291300,FR,C,Y,4,CON,MIZ050,1331.7669677734375,2022-09-29 07:15,,,,,False,,,,,,,202209280733-KGRR-WWUS73-NPWGRR,,2022
GRR,2022-09-29 04:00,2022-09-29 13:00,2022-09-28 07:33,202209291300,FR,C,Y,4,CON,MIZ057,2254.900146484375,2022-09-29 07:15,,,,,False,,,,,,,202209280733-KGRR-WWUS73-NPWGRR,,2022
GRR,2022-09-29 04:00,2022-09-29 13:00,2022-09-28 07:33,202209291300,FR,C,Y,4,CON,MIZ065,1491.796875,2022-09-29 07:15,,,,,False,,,,,,,202209280733-KGRR-WWUS73-NPWGRR,,2022
GRR,2022-09-29 04:00,2022-09-29 13:00,2022-09-28 07:33,202209291300,FR,C,Y,4,CON,MIZ044,2226.771728515625,2022-09-29 07:15,,,,,False,,,,,,,202209280733-KGRR-WWUS73-NPWGRR,,2022
GRR,2022-09-29 04:00,2022-09-29 13:00,2022-09-28 07:33,202209291300,FR,C,Y,4,CON,MIZ058,1500.02880859375,2022-09-29 07:15,,,,,False,,,,,,,202209280733-KGRR-WWUS73-NPWGRR,,2022
GRR,2022-09-29 04:00,2022-09-29 13:00,2022-09-28 07:33,202209291300,FZ,C,W,1,CON,MIZ040,1486.7821044921875,2022-09-29 07:15,,,,,False,,,,,,,202209280733-KGRR-WWUS73-NPWGRR,,2022
GRR,2022-09-29 04:00,2022-09-29 13:00,2022-09-28 07:33,202209291300,FR,C,Y,4,CON,MIZ064,2179.309326171875,2022-09-29 07:15,,,,,False,,,,,,,202209280733-KGRR-WWUS73-NPWGRR,,2022
GRR,2022-09-29 04:00,2022-09-29 13:00,2022-09-28 07:33,202209291300,FR,C,Y,4,CON,MIZ045,1476.4063720703125,2022-09-29 07:15,,,,,False,,,,,,,202209280733-KGRR-WWUS73-NPWGRR,,2022
GRR,2022-09-29 04:00,2022-09-29 13:00,2022-09-28 07:33,202209291300,FZ,C,W,1,CON,MIZ037,1315.87060546875,2022-09-29 07:15,,,,,False,,,,,,,202209280733-KGRR-WWUS73-NPWGRR,,2022
GRR,2022-09-29 04:00,2022-09-29 13:00,2022-09-28 07:33,202209291300,FR,C,Y,4,CON,MIZ056,1476.504638671875,2022-09-29 07:15,,,,,False,,,,,,,202209280733-KGRR-WWUS73-NPWGRR,,2022
GRR,2022-09-29 04:00,2022-09-29 13:00,2022-09-28 07:33,202209291300,FZ,C,W,1,CON,MIZ039,1481.5157470703125,2022-09-29 07:15,,,,,False,,,,,,,202209280733-KGRR-WWUS73-NPWGRR,,2022
MTR,2022-09-29 04:00,2022-09-29 16:00,2022-09-28 10:09,202209291600,SC,C,Y,227,EXP,PZZ545,2494.2890625,2022-09-29 15:35,,,,,False,,,,,,,202209281009-KMTR-WHUS76-MWWMTR,,2022
MTR,2022-09-28 22:00,2022-09-29 04:00,2022-09-28 10:09,202209290400,SC,C,Y,229,CON,PZZ535,622.1748657226562,2022-09-29 03:14,,,,,False,,,,,,,202209281009-KMTR-WHUS76-MWWMTR,,2022
MTR,2022-09-28 14:50,2022-09-28 17:00,2022-09-28 14:50,202209281700,FG,C,Y,13,EXP,CAZ528,1286.215087890625,2022-09-28 16:36,,,,,False,,,,,,,202209281450-KMTR-WWUS76-NPWMTR,,2022
MTR,2022-09-28 14:50,2022-09-28 17:00,2022-09-28 14:50,202209281700,FG,C,Y,13,EXP,CAZ530,706.1171264648438,2022-09-28 16:36,,,,,False,,,,,,,202209281450-KMTR-WWUS76-NPWMTR,,2022
PQR,2022-09-29 00:00,2022-09-29 04:00,2022-09-28 15:20,202209290400,SC,C,Y,145,CON,PZZ210,385.99688720703125,2022-09-28 21:15,,,,,False,,,,,,,202209281520-KPQR-WHUS76-MWWPQR,,2022
MTR,2022-09-29 22:00,2022-09-30 04:00,2022-09-29 09:50,202209300400,SC,C,Y,230,EXP,PZZ535,622.1748657226562,2022-09-30 04:22,,,,,False,,,,,,,202209290950-KMTR-WHUS76-MWWMTR,,2022
MTR,2022-09-29 10:00,2022-09-30 10:00,2022-09-29 09:50,202209301000,SC,C,Y,230,EXP,PZZ565,2575.208984375,2022-09-30 09:37,,,,,False,,,,,,,202209290950-KMTR-WHUS76-MWWMTR,,2022
DMX,2022-09-28 05:00,2022-09-28 13:00,2022-09-27 19:39,202209281300,FR,C,Y,3,EXP,IAZ024,1126.6142578125,2022-09-28 13:08,,,,,False,,,,,,,202209271939-KDMX-WWUS73-NPWDMX,,2022
LSX,2022-09-24 08:02,2022-09-24 14:00,2022-09-24 08:02,202209241400,FG,C,Y,5,EXP,MOZ027,1148.986328125,2022-09-24 14:03,,,,,False,,,,,,,202209240802-KLSX-WWUS73-NPWLSX,Carney,2022
LSX,2022-09-24 08:02,2022-09-24 12:40,2022-09-24 08:02,202209241400,FG,C,Y,5,CAN,MOZ036,1771.979248046875,2022-09-24 12:40,,,,,False,,,,,,,202209240802-KLSX-WWUS73-NPWLSX,Carney,2022
DMX,2022-09-28 05:00,2022-09-28 13:00,2022-09-27 19:39,202209281300,FR,C,Y,3,EXP,IAZ048,1483.523193359375,2022-09-28 13:08,,,,,False,,,,,,,202209271939-KDMX-WWUS73-NPWDMX,,2022
DMX,2022-09-28 05:00,2022-09-28 13:00,2022-09-27 19:39,202209281300,FR,C,Y,3,EXP,IAZ016,1481.878173828125,2022-09-28 13:08,,,,,False,,,,,,,202209271939-KDMX-WWUS73-NPWDMX,,2022
DMX,2022-09-28 05:00,2022-09-28 13:00,2022-09-27 19:39,202209281300,FR,C,Y,3,EXP,IAZ057,1147.1077880859375,2022-09-28 13:08,,,,,False,,,,,,,202209271939-KDMX-WWUS73-NPWDMX,,2022
DMX,2022-09-28 05:00,2022-09-28 13:00,2022-09-27 19:39,202209281300,FR,C,Y,3,EXP,IAZ017,1486.937255859375,2022-09-28 13:08,,,,,False,,,,,,,202209271939-KDMX-WWUS73-NPWDMX,,2022
KEY,2022-09-26 19:20,2022-09-26 20:15,2022-09-26 19:20,202209262015,MA,C,W,391,EXP,GMZ033,9032.248046875,2022-09-26 20:16,,,,,False,,,,,,,202209261920-KKEY-WHUS52-SMWKEY,TW,2022
MTR,2022-09-28 22:00,2022-09-29 09:50,2022-09-27 21:44,202209291000,GL,C,W,46,CAN,PZZ565,2575.208984375,2022-09-29 09:50,,,,,False,,,,,,,202209272144-KMTR-WHUS76-MWWMTR,,2022
FFC,2022-09-29 12:00,2022-09-30 07:05,2022-09-29 08:57,202209300000,WI,C,Y,9,CAN,GAZ057,840.6792602539062,2022-09-30 07:05,,,,,False,,,,,,,202209290857-KFFC-WWUS72-NPWFFC,,2022
FFC,2022-09-29 12:00,2022-09-30 07:05,2022-09-29 08:57,202209300000,WI,C,Y,9,CAN,GAZ103,544.8163452148438,2022-09-30 07:05,,,,,False,,,,,,,202209290857-KFFC-WWUS72-NPWFFC,,2022
FFC,2022-09-29 12:00,2022-10-01 00:00,2022-09-29 08:57,202209300000,WI,C,Y,9,CON,GAZ096,568.2151489257812,2022-09-30 18:52,,,,,False,,,,,,,202209290857-KFFC-WWUS72-NPWFFC,,2022
FFC,2022-09-29 12:00,2022-10-01 00:00,2022-09-29 08:57,202209300000,WI,C,Y,9,CON,GAZ037,482.2102966308594,2022-09-30 18:52,,,,,False,,,,,,,202209290857-KFFC-WWUS72-NPWFFC,,2022
FFC,2022-09-29 12:00,2022-10-01 00:00,2022-09-29 08:57,202209300000,WI,C,Y,9,CON,GAZ086,1789.0146484375,2022-09-30 18:52,,,,,False,,,,,,,202209290857-KFFC-WWUS72-NPWFFC,,2022
FFC,2022-09-29 12:00,2022-10-01 00:00,2022-09-29 08:57,202209300000,WI,C,Y,9,CON,GAZ027,739.797607421875,2022-09-30 18:52,,,,,False,,,,,,,202209290857-KFFC-WWUS72-NPWFFC,,2022
FFC,2022-09-29 12:00,2022-10-01 00:00,2022-09-29 08:57,202209300000,WI,C,Y,9,CON,GAZ110,1150.9774169921875,2022-09-30 18:52,,,,,False,,,,,,,202209290857-KFFC-WWUS72-NPWFFC,,2022
FFC,2022-09-29 12:00,2022-10-01 00:00,2022-09-29 08:57,202209300000,WI,C,Y,9,CON,GAZ084,1171.264892578125,2022-09-30 18:52,,,,,False,,,,,,,202209290857-KFFC-WWUS72-NPWFFC,,2022
FFC,2022-09-29 17:54,2022-10-01 00:00,2022-09-29 17:54,202210010000,WI,C,Y,9,CON,GAZ015,738.1529541015625,2022-09-30 18:52,,,,,False,,,,,,,202209291754-KFFC-WWUS72-NPWFFC,,2022
FFC,2022-09-29 17:54,2022-10-01 00:00,2022-09-29 17:54,202210010000,WI,C,Y,9,CON,GAZ008,852.2652587890625,2022-09-30 18:52,,,,,False,,,,,,,202209291754-KFFC-WWUS72-NPWFFC,,2022
FFC,2022-09-29 17:54,2022-09-30 07:05,2022-09-29 17:54,202210010000,WI,C,Y,9,CAN,GAZ032,892.5875244140625,2022-09-30 07:05,,,,,False,,,,,,,202209291754-KFFC-WWUS72-NPWFFC,,2022
FFC,2022-09-29 17:54,2022-10-01 00:00,2022-09-29 17:54,202210010000,WI,C,Y,9,CON,GAZ006,1014.0711059570312,2022-09-30 18:52,,,,,False,,,,,,,202209291754-KFFC-WWUS72-NPWFFC,,2022
FFC,2022-09-29 17:54,2022-10-01 00:00,2022-09-29 17:54,202210010000,WI,C,Y,9,CON,GAZ016,627.2913208007812,2022-09-30 18:52,,,,,False,,,,,,,202209291754-KFFC-WWUS72-NPWFFC,,2022
FFC,2022-09-29 17:54,2022-10-01 00:00,2022-09-29 17:54,202210010000,WI,C,Y,9,CON,GAZ014,554.1701049804688,2022-09-30 18:52,,,,,False,,,,,,,202209291754-KFFC-WWUS72-NPWFFC,,2022
FFC,2022-09-29 17:54,2022-10-01 00:00,2022-09-29 17:54,202210010000,WI,C,Y,9,CON,GAZ013,603.2531127929688,2022-09-30 18:52,,,,,False,,,,,,,202209291754-KFFC-WWUS72-NPWFFC,,2022
JAX,2022-09-27 03:23,2022-09-27 15:13,2022-09-27 03:23,202210180323,SS,C,A,1009,UPG,FLZ132,240.88516235351562,2022-09-27 15:13,,,,,False,,,,,,,202209270323-KJAX-WTUS82-TCVJAX,,2022
JAX,2022-09-27 08:50,2022-09-29 09:23,2022-09-27 08:50,202209301800,FA,C,A,5,CAN,FLZ033,1021.649169921875,2022-09-29 09:23,00000,0,ER,OO,False,,,,,,,202209270850-KJAX-WGUS62-FFAJAX,HESS,2022
JAX,2022-09-27 08:50,2022-09-29 09:23,2022-09-27 08:50,202209301800,FA,C,A,5,CAN,FLZ035,923.247802734375,2022-09-29 09:23,00000,0,ER,OO,False,,,,,,,202209270850-KJAX-WGUS62-FFAJAX,HESS,2022
JAX,2022-09-27 15:13,2022-09-28 15:11,2022-09-27 15:13,202210181513,TR,C,A,1009,UPG,GAZ136,1682.1597900390625,2022-09-28 15:11,,,,,False,,,,,,,202209271513-KJAX-WTUS82-TCVJAX,,2022
JAX,2022-09-27 15:13,2022-09-29 21:06,2022-09-27 15:13,202210181513,TR,C,A,1009,CAN,FLZ023,1526.6851806640625,2022-09-29 21:06,,,,,False,,,,,,,202209271513-KJAX-WTUS82-TCVJAX,,2022
JAX,2022-09-27 15:13,2022-09-30 08:55,2022-09-27 15:13,202210181513,TR,C,W,1009,CAN,GAZ166,672.1104736328125,2022-09-30 08:55,,,,,False,,,,,,,202209271513-KJAX-WTUS82-TCVJAX,,2022
JAX,2022-09-27 20:34,2022-09-29 09:23,2022-09-27 20:34,202210010600,FA,C,A,5,CAN,GAZ136,1682.1597900390625,2022-09-29 09:23,00000,0,ER,OO,False,,,,,,,202209272034-KJAX-WGUS62-FFAJAX,23,2022
JAX,2022-09-27 20:34,2022-09-29 09:23,2022-09-27 20:34,202210010600,FA,C,A,5,CAN,GAZ153,594.6610717773438,2022-09-29 09:23,00000,0,ER,OO,False,,,,,,,202209272034-KJAX-WGUS62-FFAJAX,23,2022
KEY,2022-09-26 19:20,2022-09-26 20:15,2022-09-26 19:20,202209262015,MA,C,W,391,EXP,GMZ035,1969.03955078125,2022-09-26 20:16,,,,,False,,,,,,,202209261920-KKEY-WHUS52-SMWKEY,TW,2022
SGF,2022-09-24 21:55,2022-09-24 22:20,2022-09-24 21:55,202209242245,SV,C,W,219,CAN,MOC229,1768.6458740234375,2022-09-24 22:20,,,,,False,,,,,,,202209242155-KSGF-WUUS53-SVRSGF,Melto,2022
JAX,2022-09-29 09:27,2022-09-29 20:54,2022-09-29 09:27,202209292200,FA,C,A,6,CAN,FLZ038,1159.1422119140625,2022-09-29 20:54,00000,0,ER,OO,False,,,,,,,202209290927-KJAX-WGUS62-FFAJAX,CHANEY,2022
RIW,2022-09-28 18:00,2022-09-27 19:42,2022-09-27 07:13,202209290200,FW,C,A,10,UPG,WYZ300,1020.12841796875,2022-09-27 19:42,,,,,False,,,,,,,202209270713-KRIW-WWUS85-RFWRIW,http://weather.gov/river,2022
PHI,2022-09-25 20:55,2022-09-25 21:17,2022-09-25 20:55,202209252130,SV,C,W,169,CAN,MDC029,732.6845703125,2022-09-25 21:17,,,,,False,,,,,,,202209252055-KPHI-WUUS51-SVRPHI,BIRCHFIELD,2022
PHI,2022-09-25 21:25,2022-09-25 21:42,2022-09-25 21:25,202209252200,SV,C,W,170,CAN,MDC035,990.9560546875,2022-09-25 21:42,,,,,False,,,,,,,202209252125-KPHI-WUUS51-SVRPHI,BIRCHFIELD,2022
PHI,2022-09-26 00:49,2022-09-26 04:00,2022-09-26 00:49,202209260400,FA,C,Y,121,EXP,NJC023,821.696044921875,2022-09-26 03:53,00000,N,ER,OO,False,,,,,,,202209260049-KPHI-WGUS81-FLSPHI,Brudy,2022
FGF,2022-09-27 07:00,2022-09-27 14:00,2022-09-26 19:33,202209271400,FR,C,Y,6,EXP,NDZ027,3717.9677734375,2022-09-27 14:06,,,,,False,,,,,,,202209261933-KFGF-WWUS73-NPWFGF,,2022
FGF,2022-09-28 07:00,2022-09-28 13:41,2022-09-27 19:05,202209281400,FR,C,Y,7,CAN,NDZ052,2240.01123046875,2022-09-28 13:41,,,,,False,,,,,,,202209271905-KFGF-WWUS73-NPWFGF,,2022
FGF,2022-09-28 07:00,2022-09-28 13:41,2022-09-27 19:05,202209281400,FR,C,Y,7,CAN,MNZ007,2265.40966796875,2022-09-28 13:41,,,,,False,,,,,,,202209271905-KFGF-WWUS73-NPWFGF,,2022
PHI,2022-09-26 00:49,2022-09-26 04:00,2022-09-26 00:49,202209260400,FA,C,Y,121,EXP,PAC095,976.0985717773438,2022-09-26 03:53,00000,N,ER,OO,False,,,,,,,202209260049-KPHI-WGUS81-FLSPHI,Brudy,2022
PHI,2022-09-29 10:20,2022-09-30 17:05,2022-09-29 07:16,202210011000,SC,C,Y,79,CAN,ANZ431,931.1939697265625,2022-09-30 17:05,,,,,False,,,,,,,202209290716-KPHI-WHUS71-MWWPHI,MPS,2022
PHI,2022-09-29 10:20,2022-09-30 17:05,2022-09-29 07:16,202210011000,SC,C,Y,79,CAN,ANZ455,1117.75537109375,2022-09-30 17:05,,,,,False,,,,,,,202209290716-KPHI-WHUS71-MWWPHI,MPS,2022
LOX,2022-09-25 22:00,2022-09-30 10:00,2022-09-25 10:23,202209270900,SC,C,Y,154,EXP,PZZ673,16653.400390625,2022-09-30 10:28,,,,,False,,,,,,,202209251023-KLOX-WHUS76-MWWLOX,,2022
LOX,2022-09-26 17:00,2022-09-24 20:45,2022-09-23 20:12,202209290300,EH,C,A,6,UPG,CAZ088,494.24853515625,2022-09-24 20:45,,,,,False,,,,,,,202209232012-KLOX-WWUS76-NPWLOX,MW,2022
LOX,2022-09-26 17:00,2022-09-24 20:45,2022-09-23 20:12,202209290300,EH,C,A,6,UPG,CAZ354,238.87380981445312,2022-09-24 20:45,,,,,False,,,,,,,202209232012-KLOX-WWUS76-NPWLOX,MW,2022
LOX,2022-09-26 17:00,2022-09-28 03:00,2022-09-24 20:45,202209280300,EH,C,W,7,CON,CAZ365,909.5171508789062,2022-09-27 20:15,,,,,False,,,,,,,202209242045-KLOX-WWUS76-NPWLOX,,2022
LOX,2022-09-26 17:00,2022-09-29 03:00,2022-09-24 20:45,202209290300,EH,C,W,7,CON,CAZ548,1084.722900390625,2022-09-29 00:30,,,,,False,,,,,,,202209242045-KLOX-WWUS76-NPWLOX,,2022
LOX,2022-09-26 17:00,2022-09-24 20:45,2022-09-23 20:12,202209290300,EH,C,A,6,UPG,CAZ548,1084.722900390625,2022-09-24 20:45,,,,,False,,,,,,,202209232012-KLOX-WWUS76-NPWLOX,MW,2022
LOX,2022-09-26 17:00,2022-09-25 20:34,2022-09-24 20:45,202209280300,HT,C,Y,16,CAN,CAZ354,238.87380981445312,2022-09-25 20:34,,,,,False,,,,,,,202209242045-KLOX-WWUS76-NPWLOX,,2022
LOX,2022-09-26 17:00,2022-09-29 03:00,2022-09-24 20:45,202209280300,HT,C,Y,16,CON,CAZ356,169.98779296875,2022-09-29 00:30,,,,,False,,,,,,,202209242045-KLOX-WWUS76-NPWLOX,,2022
LOX,2022-09-26 22:00,2022-09-27 04:00,2022-09-26 08:04,202209270400,SC,C,Y,155,EXP,PZZ650,3348.822998046875,2022-09-27 03:59,,,,,False,,,,,,,202209260804-KLOX-WHUS76-MWWLOX,,2022
KEY,2022-09-27 13:00,2022-09-27 20:46,2022-09-27 13:00,202209272100,TO,C,A,544,CAN,GMZ053,1826.0162353515625,2022-09-27 20:46,,,,,False,,,,,,,202209271300-KKEY-WWUS62-WCNKEY,CLR,2022
KEY,2022-09-27 13:00,2022-09-27 20:46,2022-09-27 13:00,202209272100,TO,C,A,544,CAN,GMZ032,2121.407470703125,2022-09-27 20:46,,,,,False,,,,,,,202209271300-KKEY-WWUS62-WCNKEY,CLR,2022
KEY,2022-09-27 13:00,2022-09-27 20:46,2022-09-27 13:00,202209272100,TO,C,A,544,CAN,GMZ054,3879.823974609375,2022-09-27 20:46,,,,,False,,,,,,,202209271300-KKEY-WWUS62-WCNKEY,CLR,2022
KEY,2022-09-27 13:00,2022-09-27 20:46,2022-09-27 13:00,202209272100,TO,C,A,544,CAN,GMZ042,657.9878540039062,2022-09-27 20:46,,,,,False,,,,,,,202209271300-KKEY-WWUS62-WCNKEY,CLR,2022
KEY,2022-09-27 13:00,2022-09-27 20:46,2022-09-27 13:00,202209272100,TO,C,A,544,CAN,GMZ033,9032.248046875,2022-09-27 20:46,,,,,False,,,,,,,202209271300-KKEY-WWUS62-WCNKEY,CLR,2022
KEY,2022-09-27 13:00,2022-09-27 20:46,2022-09-27 13:00,202209272100,TO,C,A,544,CAN,GMZ034,4755.533203125,2022-09-27 20:46,,,,,False,,,,,,,202209271300-KKEY-WWUS62-WCNKEY,CLR,2022
KEY,2022-09-27 13:00,2022-09-27 20:46,2022-09-27 13:00,202209272100,TO,C,A,544,CAN,GMZ043,403.7940368652344,2022-09-27 20:46,,,,,False,,,,,,,202209271300-KKEY-WWUS62-WCNKEY,CLR,2022
DVN,2022-09-24 11:16,2022-09-24 15:00,2022-09-24 11:16,202209241400,FG,C,Y,8,EXT,ILZ034,2107.193359375,2022-09-24 13:32,,,,,False,,,,,,,202209241116-KDVN-WWUS73-NPWDVN,,2022
DVN,2022-09-24 11:16,2022-09-24 15:00,2022-09-24 11:16,202209241400,FG,C,Y,8,EXT,ILZ035,1526.325439453125,2022-09-24 13:32,,,,,False,,,,,,,202209241116-KDVN-WWUS73-NPWDVN,,2022
KEY,2022-09-26 18:38,2022-09-26 19:18,2022-09-26 18:38,202209261945,MA,C,W,389,CAN,GMZ035,1969.03955078125,2022-09-26 19:18,,,,,False,,,,,,,202209261838-KKEY-WHUS52-SMWKEY,TW,2022
PQR,2022-09-28 15:00,2022-09-29 12:00,2022-09-27 15:28,202209291200,SC,C,Y,145,CON,PZZ252,2340.86279296875,2022-09-29 08:43,,,,,False,,,,,,,202209271528-KPQR-WHUS76-MWWPQR,,2022
DVN,2022-09-24 11:16,2022-09-24 15:00,2022-09-24 11:16,202209241400,FG,C,Y,8,EXT,ILZ025,1022.0178833007812,2022-09-24 13:32,,,,,False,,,,,,,202209241116-KDVN-WWUS73-NPWDVN,,2022
PQR,2022-09-28 15:00,2022-09-29 12:00,2022-09-27 15:28,202209291200,SC,C,Y,145,CON,PZZ253,1692.9901123046875,2022-09-29 08:43,,,,,False,,,,,,,202209271528-KPQR-WHUS76-MWWPQR,,2022
LSX,2022-09-24 08:02,2022-09-24 14:00,2022-09-24 08:02,202209241400,FG,C,Y,5,EXP,MOZ019,1321.666259765625,2022-09-24 14:03,,,,,False,,,,,,,202209240802-KLSX-WWUS73-NPWLSX,Carney,2022
LSX,2022-09-24 08:02,2022-09-24 12:40,2022-09-24 08:02,202209241400,FG,C,Y,5,CAN,MOZ034,1734.16357421875,2022-09-24 12:40,,,,,False,,,,,,,202209240802-KLSX-WWUS73-NPWLSX,Carney,2022
OKX,2022-09-26 01:26,2022-09-26 03:30,2022-09-26 01:26,202209260330,FA,C,Y,132,NEW,NJC031,509.74835205078125,2022-09-26 01:26,00000,N,ER,OO,False,,,,,,,202209260126-KOKX-WGUS81-FLSOKX,DR,2022
OKX,2022-09-26 01:26,2022-09-26 03:30,2022-09-26 01:26,202209260330,FA,C,Y,132,NEW,NJC039,269.60382080078125,2022-09-26 01:26,00000,N,ER,OO,False,,,,,,,202209260126-KOKX-WGUS81-FLSOKX,DR,2022
PSR,2022-09-24 01:12,2022-09-24 03:15,2022-09-24 01:12,202209240315,FA,C,Y,204,EXP,AZC013,23901.330078125,2022-09-24 03:12,00000,N,ER,OO,False,,,,,,,202209240112-KPSR-WGUS85-FLSPSR,Iniguez,2022
PSR,2022-09-25 00:15,2022-09-25 03:15,2022-09-25 00:15,202209250315,FF,C,W,305,CON,CAC065,18922.111328125,2022-09-25 01:16,00000,0,ER,OO,False,,,,,,,202209250015-KPSR-WGUS55-FFWPSR,GL,2022
PSR,2022-09-28 19:05,2022-09-28 23:15,2022-09-28 19:05,202209282315,FF,C,W,307,EXP,CAC071,52077.98046875,2022-09-28 23:08,00000,0,ER,OO,False,,,,,,,202209281905-KPSR-WGUS55-FFWPSR,,2022
GRR,2022-09-24 08:00,2022-09-24 22:56,2022-09-23 19:53,202209250000,SC,C,Y,88,CAN,LMZ848,323.1698303222656,2022-09-24 22:56,,,,,False,,,,,,,202209231953-KGRR-WHUS73-MWWGRR,,2022
EKA,2022-09-29 04:00,2022-10-01 04:00,2022-09-29 03:55,202209291600,SC,C,Y,93,EXP,PZZ455,3737.896240234375,2022-10-01 03:51,,,,,False,,,,,,,202209290355-KEKA-WHUS76-MWWEKA,,2022
MFL,2022-09-27 20:59,2022-09-28 09:00,2022-09-27 20:59,202209280900,TO,C,A,545,EXP,FLC087,2018.628662109375,2022-09-28 09:01,,,,,False,,,,,,,202209272059-KMFL-WWUS62-WCNMFL,,2022
FSD,2022-09-25 18:00,2022-09-26 00:00,2022-09-25 07:46,202209260000,FW,C,W,19,EXP,SDZ058,1841.671142578125,2022-09-25 23:52,,,,,False,,,,,,,202209250746-KFSD-WWUS83-RFWFSD,,2022
FSD,2022-09-25 18:00,2022-09-26 00:00,2022-09-25 07:46,202209260000,FW,C,W,19,EXP,SDZ054,1478.5631103515625,2022-09-25 23:52,,,,,False,,,,,,,202209250746-KFSD-WWUS83-RFWFSD,,2022
FSD,2022-09-25 18:00,2022-09-26 00:00,2022-09-25 07:46,202209260000,FW,C,W,19,EXP,SDZ067,1495.86181640625,2022-09-25 23:52,,,,,False,,,,,,,202209250746-KFSD-WWUS83-RFWFSD,,2022
FSD,2022-09-25 18:00,2022-09-26 00:00,2022-09-25 07:46,202209260000,FW,C,W,19,EXP,SDZ065,2105.405517578125,2022-09-25 23:52,,,,,False,,,,,,,202209250746-KFSD-WWUS83-RFWFSD,,2022
MQT,2022-09-28 04:00,2022-09-28 13:00,2022-09-27 19:30,202209281300,FZ,C,W,2,NEW,MIZ002,3432.20654296875,2022-09-27 19:30,,,,,False,,,,,,,202209271930-KMQT-WWUS73-NPWMQT,GS/JTP,2022
FSD,2022-09-25 18:00,2022-09-26 00:00,2022-09-25 17:16,202209260000,FW,C,W,19,EXP,SDZ055,1486.412109375,2022-09-25 23:52,,,,,False,,,,,,,202209251716-KFSD-WWUS83-RFWFSD,Schumacher,2022
FSD,2022-09-25 18:00,2022-09-26 00:00,2022-09-25 07:46,202209260000,FW,C,W,19,EXP,SDZ057,2188.3076171875,2022-09-25 23:52,,,,,False,,,,,,,202209250746-KFSD-WWUS83-RFWFSD,,2022
FSD,2022-09-25 18:00,2022-09-26 00:00,2022-09-25 07:46,202209260000,FW,C,W,19,EXP,IAZ013,1482.016357421875,2022-09-25 23:52,,,,,False,,,,,,,202209250746-KFSD-WWUS83-RFWFSD,,2022
FSD,2022-09-25 18:00,2022-09-26 00:00,2022-09-25 07:46,202209260000,FW,C,W,19,EXP,SDZ066,1596.4334716796875,2022-09-25 23:52,,,,,False,,,,,,,202209250746-KFSD-WWUS83-RFWFSD,,2022
FSD,2022-09-28 06:00,2022-09-28 13:00,2022-09-27 19:31,202209281300,FR,C,Y,2,EXP,IAZ014,1480.0986328125,2022-09-28 12:57,,,,,False,,,,,,,202209271931-KFSD-WWUS73-NPWFSD,,2022
MQT,2022-09-29 04:00,2022-09-29 13:00,2022-09-28 18:49,202209291300,FZ,C,W,3,NEW,MIZ085,1622.1290283203125,2022-09-28 18:49,,,,,False,,,,,,,202209281849-KMQT-WWUS73-NPWMQT,,2022
MQT,2022-09-29 04:00,2022-09-29 13:00,2022-09-28 18:49,202209291300,FR,C,Y,4,NEW,MIZ012,2726.961669921875,2022-09-28 18:49,,,,,False,,,,,,,202209281849-KMQT-WWUS73-NPWMQT,,2022
KEY,2022-09-27 20:46,2022-09-28 08:58,2022-09-27 20:46,202209280900,TO,C,A,545,CAN,GMZ053,1826.0162353515625,2022-09-28 08:58,,,,,False,,,,,,,202209272046-KKEY-WWUS62-WCNKEY,CLR,2022
KEY,2022-09-27 20:46,2022-09-28 08:58,2022-09-27 20:46,202209280900,TO,C,A,545,CAN,GMZ054,3879.823974609375,2022-09-28 08:58,,,,,False,,,,,,,202209272046-KKEY-WWUS62-WCNKEY,CLR,2022
MPX,2022-09-27 09:00,2022-09-27 13:00,2022-09-26 19:23,202209271300,FR,C,Y,3,CON,WIZ016,2405.36328125,2022-09-27 08:06,,,,,False,,,,,,,202209261923-KMPX-WWUS73-NPWMPX,,2022
MPX,2022-09-27 09:00,2022-09-27 13:00,2022-09-26 19:23,202209271300,FR,C,Y,3,CON,MNZ044,1761.3701171875,2022-09-27 08:06,,,,,False,,,,,,,202209261923-KMPX-WWUS73-NPWMPX,,2022
MPX,2022-09-28 05:00,2022-09-28 13:00,2022-09-27 19:19,202209281300,FZ,C,W,1,CON,WIZ025,2232.581298828125,2022-09-28 09:31,,,,,False,,,,,,,202209271919-KMPX-WWUS73-NPWMPX,jrb,2022
MPX,2022-09-28 05:00,2022-09-28 13:00,2022-09-27 19:19,202209281300,FR,C,Y,4,CON,MNZ058,1666.9088134765625,2022-09-28 09:31,,,,,False,,,,,,,202209271919-KMPX-WWUS73-NPWMPX,jrb,2022
MPX,2022-09-28 05:00,2022-09-28 13:00,2022-09-27 19:19,202209281300,FZ,C,W,1,CON,WIZ023,1901.312744140625,2022-09-28 09:31,,,,,False,,,,,,,202209271919-KMPX-WWUS73-NPWMPX,jrb,2022
JAX,2022-09-27 09:06,2022-09-29 21:06,2022-09-27 09:06,202210180906,TR,C,A,1009,CAN,FLZ031,777.7763671875,2022-09-29 21:06,,,,,False,,,,,,,202209270906-KJAX-WTUS82-TCVJAX,,2022
JAX,2022-09-27 15:13,2022-09-29 21:06,2022-09-27 15:13,202210181513,TR,C,A,1009,CAN,FLZ030,647.49658203125,2022-09-29 21:06,,,,,False,,,,,,,202209271513-KJAX-WTUS82-TCVJAX,,2022
JSJ,2022-09-26 18:51,2022-09-26 22:00,2022-09-26 18:51,202209262200,FA,C,Y,284,EXP,PRC141,298.8041076660156,2022-09-26 21:55,00000,N,ER,OO,False,,,,,,,202209261851-TJSJ-WGCA82-FLSSJU,ICP,2022
OAX,2022-09-24 07:31,2022-09-24 13:16,2022-09-24 07:31,202209241400,FG,C,Y,7,CAN,NEZ092,1120.110595703125,2022-09-24 13:16,,,,,False,,,,,,,202209240731-KOAX-WWUS73-NPWOAX,,2022
OAX,2022-09-24 07:31,2022-09-24 14:00,2022-09-24 07:31,202209241400,FG,C,Y,7,EXP,IAZ079,1137.2825927734375,2022-09-24 14:02,,,,,False,,,,,,,202209240731-KOAX-WWUS73-NPWOAX,,2022
MFR,2022-09-27 21:00,2022-09-28 03:00,2022-09-26 18:21,202209280300,FW,C,W,31,EXP,CAZ284,5930.71044921875,2022-09-28 02:50,,,,,False,,,,,,,202209261821-KMFR-WWUS86-RFWMFR,Visit us at www.weather.,2022
DVN,2022-09-24 08:02,2022-09-24 15:00,2022-09-24 08:02,202209241400,FG,C,Y,8,EXT,IAZ089,1111.77099609375,2022-09-24 13:32,,,,,False,,,,,,,202209240802-KDVN-WWUS73-NPWDVN,,2022
TBW,2022-09-28 01:49,2022-09-28 01:54,2022-09-28 01:49,202209280215,TO,C,W,24,CAN,FLC015,1818.09619140625,2022-09-28 01:54,,,,,False,,,,,,,202209280149-KTBW-WFUS52-TORTBW,TBW,2022
JAN,2022-09-28 14:00,2022-09-29 01:00,2022-09-27 19:22,202209290100,FW,C,W,3,CON,MSZ037,1910.33740234375,2022-09-28 09:11,,,,,False,,,,,,,202209271922-KJAN-WWUS84-RFWJAN,CR,2022
APX,2022-09-29 04:00,2022-09-28 06:46,2022-09-27 19:21,202209291300,FZ,C,A,1,UPG,MIZ020,971.4697875976562,2022-09-28 06:46,,,,,False,,,,,,,202209271921-KAPX-WWUS73-NPWAPX,FEF,2022
APX,2022-09-29 04:00,2022-09-28 06:46,2022-09-27 19:21,202209291300,FZ,C,A,1,UPG,MIZ021,1344.2083740234375,2022-09-28 06:46,,,,,False,,,,,,,202209271921-KAPX-WWUS73-NPWAPX,FEF,2022
JAN,2022-09-28 14:00,2022-09-29 01:00,2022-09-27 19:22,202209290100,FW,C,W,3,CON,LAZ024,1916.534423828125,2022-09-28 09:11,,,,,False,,,,,,,202209271922-KJAN-WWUS84-RFWJAN,CR,2022
APX,2022-09-29 04:00,2022-09-28 06:46,2022-09-27 19:21,202209291300,FZ,C,A,1,UPG,MIZ028,1456.0081787109375,2022-09-28 06:46,,,,,False,,,,,,,202209271921-KAPX-WWUS73-NPWAPX,FEF,2022
APX,2022-09-29 04:00,2022-09-28 06:46,2022-09-27 19:21,202209291300,FZ,C,A,1,UPG,MIZ030,1794.7236328125,2022-09-28 06:46,,,,,False,,,,,,,202209271921-KAPX-WWUS73-NPWAPX,FEF,2022
APX,2022-09-29 04:00,2022-09-28 06:46,2022-09-27 19:21,202209291300,FZ,C,A,1,UPG,MIZ086,2172.82421875,2022-09-28 06:46,,,,,False,,,,,,,202209271921-KAPX-WWUS73-NPWAPX,FEF,2022
APX,2022-09-29 04:00,2022-09-28 06:46,2022-09-27 19:21,202209291300,FZ,C,A,1,UPG,MIZ095,1327.3956298828125,2022-09-28 06:46,,,,,False,,,,,,,202209271921-KAPX-WWUS73-NPWAPX,FEF,2022
OKX,2022-09-26 01:26,2022-09-26 03:30,2022-09-26 01:26,202209260330,FA,C,Y,132,NEW,NJC017,126.29595947265625,2022-09-26 01:26,00000,N,ER,OO,False,,,,,,,202209260126-KOKX-WGUS81-FLSOKX,DR,2022
LWX,2022-09-25 11:00,2022-09-25 12:21,2022-09-25 09:47,202209251400,CF,C,Y,49,CAN,DCZ001,163.4431915283203,2022-09-25 12:21,,,,,False,,,,,,,202209250947-KLWX-WHUS41-CFWLWX,ADM,2022
LWX,2022-09-25 15:40,2022-09-25 20:26,2022-09-25 15:40,202209252300,SV,C,A,543,CAN,ANZ536,410.92547607421875,2022-09-25 20:26,,,,,False,,,,,,,202209251540-KLWX-WWUS61-WCNLWX,,2022
LWX,2022-09-25 15:40,2022-09-25 21:15,2022-09-25 15:40,202209252300,SV,C,A,543,CAN,ANZ534,998.7154541015625,2022-09-25 21:15,,,,,False,,,,,,,202209251540-KLWX-WWUS61-WCNLWX,,2022
LWX,2022-09-25 15:40,2022-09-25 20:26,2022-09-25 15:40,202209252300,SV,C,A,543,CAN,ANZ535,58.30635070800781,2022-09-25 20:26,,,,,False,,,,,,,202209251540-KLWX-WWUS61-WCNLWX,,2022
LWX,2022-09-25 15:40,2022-09-25 21:15,2022-09-25 15:40,202209252300,SV,C,A,543,CAN,MDC037,971.702880859375,2022-09-25 21:15,,,,,False,,,,,,,202209251540-KLWX-WWUS61-WCNLWX,,2022
LWX,2022-09-25 15:40,2022-09-25 19:55,2022-09-25 15:40,202209252300,SV,C,A,543,CAN,VAC137,888.84765625,2022-09-25 19:55,,,,,False,,,,,,,202209251540-KLWX-WWUS61-WCNLWX,,2022
LWX,2022-09-25 15:40,2022-09-25 21:15,2022-09-25 15:40,202209252300,SV,C,A,543,CAN,MDC033,1267.0855712890625,2022-09-25 21:15,,,,,False,,,,,,,202209251540-KLWX-WWUS61-WCNLWX,,2022
LWX,2022-09-25 15:40,2022-09-25 19:55,2022-09-25 15:40,202209252300,SV,C,A,543,CAN,VAC125,1227.8492431640625,2022-09-25 19:55,,,,,False,,,,,,,202209251540-KLWX-WWUS61-WCNLWX,,2022
LWX,2022-09-25 15:40,2022-09-25 19:55,2022-09-25 15:40,202209252300,SV,C,A,543,CAN,VAC047,989.3218383789062,2022-09-25 19:55,,,,,False,,,,,,,202209251540-KLWX-WWUS61-WCNLWX,,2022
LWX,2022-09-25 15:40,2022-09-25 19:55,2022-09-25 15:40,202209252300,SV,C,A,543,CAN,MDC025,1144.4757080078125,2022-09-25 19:55,,,,,False,,,,,,,202209251540-KLWX-WWUS61-WCNLWX,,2022
LWX,2022-09-25 16:10,2022-09-25 16:35,2022-09-25 16:10,202209251700,SV,C,W,407,CAN,WVC027,1667.88037109375,2022-09-25 16:35,,,,,False,,,,,,,202209251610-KLWX-WUUS51-SVRLWX,Belak,2022
LWX,2022-09-25 17:05,2022-09-25 17:23,2022-09-25 17:05,202209251745,SV,C,W,408,CAN,WVC031,1512.562744140625,2022-09-25 17:23,,,,,False,,,,,,,202209251705-KLWX-WUUS51-SVRLWX,Belak,2022
LWX,2022-09-25 17:05,2022-09-25 17:45,2022-09-25 17:05,202209251745,SV,C,W,408,EXP,VAC069,1075.5433349609375,2022-09-25 17:43,,,,,False,,,,,,,202209251705-KLWX-WUUS51-SVRLWX,Belak,2022
LWX,2022-09-25 17:31,2022-09-25 17:41,2022-09-25 17:31,202209251800,TO,C,W,39,CAN,VAC069,1075.5433349609375,2022-09-25 17:41,,,,,False,,,,,,,202209251731-KLWX-WFUS51-TORLWX,Belak,2022
JAN,2022-09-28 14:00,2022-09-29 01:00,2022-09-27 19:22,202209290100,FW,C,W,3,CON,LAZ008,933.6516723632812,2022-09-28 09:11,,,,,False,,,,,,,202209271922-KJAN-WWUS84-RFWJAN,CR,2022
ILX,2022-09-28 05:00,2022-09-28 13:00,2022-09-27 19:04,202209281300,FR,C,Y,3,EXP,ILZ031,1403.79833984375,2022-09-28 12:50,,,,,False,,,,,,,202209271904-KILX-WWUS73-NPWILX,,2022
TBW,2022-09-28 09:23,2022-09-28 21:00,2022-09-28 09:23,202209282100,TO,C,A,546,NEW,FLC071,2115.832275390625,2022-09-28 09:23,,,,,False,,,,,,,202209280923-KTBW-WWUS62-WCNTBW,,2022
JAN,2022-09-28 14:00,2022-09-29 01:00,2022-09-27 19:22,202209290100,FW,C,W,3,CON,MSZ032,1087.848876953125,2022-09-28 09:11,,,,,False,,,,,,,202209271922-KJAN-WWUS84-RFWJAN,CR,2022
JAN,2022-09-28 14:00,2022-09-29 01:00,2022-09-27 19:22,202209290100,FW,C,W,3,CON,LAZ023,1647.0838623046875,2022-09-28 09:11,,,,,False,,,,,,,202209271922-KJAN-WWUS84-RFWJAN,CR,2022
JAN,2022-09-28 14:00,2022-09-29 01:00,2022-09-27 19:22,202209290100,FW,C,W,3,CON,MSZ044,1516.942138671875,2022-09-28 09:11,,,,,False,,,,,,,202209271922-KJAN-WWUS84-RFWJAN,CR,2022
JAN,2022-09-28 14:00,2022-09-27 19:22,2022-09-26 19:46,202209290100,FW,C,A,1,UPG,MSZ026,1164.378173828125,2022-09-27 19:22,,,,,False,,,,,,,202209261946-KJAN-WWUS84-RFWJAN,NF,2022
JAN,2022-09-28 14:00,2022-09-27 19:22,2022-09-26 19:46,202209290100,FW,C,A,1,UPG,MSZ045,1481.2259521484375,2022-09-27 19:22,,,,,False,,,,,,,202209261946-KJAN-WWUS84-RFWJAN,NF,2022
JAN,2022-09-28 14:00,2022-09-27 19:22,2022-09-26 19:46,202209290100,FW,C,A,1,UPG,MSZ018,2346.907470703125,2022-09-27 19:22,,,,,False,,,,,,,202209261946-KJAN-WWUS84-RFWJAN,NF,2022
JAN,2022-09-28 14:00,2022-09-27 19:22,2022-09-26 19:46,202209290100,FW,C,A,1,UPG,MSZ057,1755.7718505859375,2022-09-27 19:22,,,,,False,,,,,,,202209261946-KJAN-WWUS84-RFWJAN,NF,2022
JAN,2022-09-28 14:00,2022-09-27 19:22,2022-09-26 19:46,202209290100,FW,C,A,1,UPG,MSZ059,1366.293701171875,2022-09-27 19:22,,,,,False,,,,,,,202209261946-KJAN-WWUS84-RFWJAN,NF,2022
JAN,2022-09-28 14:00,2022-09-27 19:22,2022-09-26 19:46,202209290100,FW,C,A,1,UPG,MSZ033,1196.812744140625,2022-09-27 19:22,,,,,False,,,,,,,202209261946-KJAN-WWUS84-RFWJAN,NF,2022
JAN,2022-09-28 14:00,2022-09-27 19:22,2022-09-26 19:46,202209290100,FW,C,A,1,UPG,MSZ052,1853.7999267578125,2022-09-27 19:22,,,,,False,,,,,,,202209261946-KJAN-WWUS84-RFWJAN,NF,2022
KEY,2022-09-25 21:26,2022-09-26 04:01,2022-09-25 21:26,202210162126,TR,C,A,1009,UPG,GMZ034,4755.533203125,2022-09-26 04:01,,,,,False,,,,,,,202209252126-KKEY-WHUS72-MWWKEY,CLR,2022
KEY,2022-09-25 21:26,2022-09-26 04:01,2022-09-25 21:26,202210162126,TR,C,A,1009,UPG,GMZ035,1969.03955078125,2022-09-26 04:01,,,,,False,,,,,,,202209252126-KKEY-WHUS72-MWWKEY,CLR,2022
SEW,2022-09-28 06:00,2022-09-28 21:52,2022-09-27 15:43,202209290600,SC,C,Y,176,CAN,PZZ173,7373.9912109375,2022-09-28 21:52,,,,,False,,,,,,,202209271543-KSEW-WHUS76-MWWSEW,,2022
CAR,2022-09-24 19:45,2022-09-24 22:25,2022-09-24 19:45,202209250000,WI,C,Y,7,CAN,MEZ030,1978.45703125,2022-09-24 22:25,,,,,False,,,,,,,202209241945-KCAR-WWUS71-NPWCAR,,2022
GRB,2022-09-25 20:00,2022-09-28 09:00,2022-09-24 20:07,202209270000,SC,C,Y,66,CON,LMZ522,636.060302734375,2022-09-28 08:29,,,,,False,,,,,,,202209242007-KGRB-WHUS73-MWWGRB,AK,2022
GRB,2022-09-28 05:00,2022-09-28 13:00,2022-09-27 19:34,202209281300,FZ,C,W,3,EXP,WIZ030,4072.998046875,2022-09-28 12:56,,,,,False,,,,,,,202209271934-KGRB-WWUS73-NPWGRB,"For more information, vi",2022
GRB,2022-09-28 05:00,2022-09-28 13:00,2022-09-27 19:34,202209281300,FZ,C,W,3,EXP,WIZ035,2091.9814453125,2022-09-28 12:56,,,,,False,,,,,,,202209271934-KGRB-WWUS73-NPWGRB,"For more information, vi",2022
GRB,2022-09-29 06:00,2022-09-29 13:00,2022-09-28 19:33,202209291300,FR,C,Y,7,EXP,WIZ036,2126.559326171875,2022-09-29 12:48,,,,,False,,,,,,,202209281933-KGRB-WWUS73-NPWGRB,"For more information, vi",2022
LWX,2022-09-25 23:00,2022-09-26 22:00,2022-09-25 20:42,202209262200,SC,C,Y,187,CON,ANZ535,58.30635070800781,2022-09-26 14:38,,,,,False,,,,,,,202209252042-KLWX-WHUS71-MWWLWX,,2022
LWX,2022-09-27 13:00,2022-09-28 15:00,2022-09-27 05:40,202209281000,SC,C,Y,188,EXP,ANZ540,172.08694458007812,2022-09-28 14:57,,,,,False,,,,,,,202209270540-KLWX-WHUS71-MWWLWX,,2022
JAX,2022-09-29 16:00,2022-09-30 09:00,2022-09-29 16:00,202210201600,HU,C,W,1009,CAN,AMZ474,3355.91845703125,2022-09-30 09:00,,,,,False,,,,,,,202209291600-KJAX-WHUS72-MWWJAX,,2022
LWX,2022-09-28 00:00,2022-09-28 15:00,2022-09-27 05:40,202209281000,SC,C,Y,188,EXP,ANZ543,775.6605224609375,2022-09-28 14:57,,,,,False,,,,,,,202209270540-KLWX-WHUS71-MWWLWX,,2022
JAX,2022-09-26 21:09,2022-09-27 15:16,2022-09-26 21:09,202210172109,TR,C,A,1009,UPG,AMZ450,2575.478759765625,2022-09-27 15:16,,,,,False,,,,,,,202209262109-KJAX-WHUS72-MWWJAX,,2022
GRR,2022-09-24 08:00,2022-09-24 22:56,2022-09-23 19:53,202209250000,SC,C,Y,88,CAN,LMZ847,299.12005615234375,2022-09-24 22:56,,,,,False,,,,,,,202209231953-KGRR-WHUS73-MWWGRR,,2022
GRR,2022-09-26 00:00,2022-09-27 00:00,2022-09-25 14:54,202209270000,GL,C,W,21,EXP,LMZ849,431.2414245605469,2022-09-26 23:49,,,,,False,,,,,,,202209251454-KGRR-WHUS73-MWWGRR,,2022
GRR,2022-09-26 00:00,2022-09-27 00:00,2022-09-25 14:54,202209270000,GL,C,W,21,EXP,LMZ848,323.1698303222656,2022-09-26 23:49,,,,,False,,,,,,,202209251454-KGRR-WHUS73-MWWGRR,,2022
GRR,2022-09-29 04:00,2022-09-29 13:00,2022-09-28 07:33,202209291300,FR,C,Y,4,CON,MIZ052,1477.6595458984375,2022-09-29 07:15,,,,,False,,,,,,,202209280733-KGRR-WWUS73-NPWGRR,,2022
CRP,2022-09-28 17:00,2022-09-30 00:00,2022-09-28 16:38,202209282100,SC,C,Y,70,CON,GMZ250,2463.251220703125,2022-09-29 21:01,,,,,False,,,,,,,202209281638-KCRP-WHUS74-MWWCRP,,2022
GRR,2022-09-26 00:48,2022-09-26 01:15,2022-09-26 00:48,202209260115,MA,C,W,46,NEW,LMZ847,299.12005615234375,2022-09-26 00:48,,,,,False,,,,,,,202209260048-KGRR-WHUS53-SMWGRR,Thielke,2022
SGX,2022-09-28 14:28,2022-09-28 17:00,2022-09-28 14:28,202209281700,FG,C,Y,5,EXP,CAZ552,371.8740539550781,2022-09-28 17:13,,,,,False,,,,,,,202209281428-KSGX-WWUS76-NPWSGX,MW,2022
SGX,2022-09-28 23:23,2022-09-29 00:45,2022-09-28 23:23,202209290045,FF,C,W,65,EXP,CAC065,18922.111328125,2022-09-29 00:41,00000,0,ER,OO,False,,,,,,,202209282323-KSGX-WGUS56-FFWSGX,RK,2022
TAE,2022-09-27 21:00,2022-09-26 21:33,2022-09-26 17:58,202209281200,SC,C,Y,42,CAN,GMZ755,3825.76904296875,2022-09-26 21:33,,,,,False,,,,,,,202209261758-KTAE-WHUS72-MWWTAE,,2022
TAE,2022-09-26 21:34,2022-09-27 21:04,2022-09-26 21:34,202210172134,TR,C,A,1009,UPG,FLZ134,632.94970703125,2022-09-27 21:04,,,,,False,,,,,,,202209262134-KTAE-WTUS82-TCVTAE,,2022
TAE,2022-09-26 21:34,2022-09-27 21:04,2022-09-26 21:34,202210172134,SS,C,A,1009,CAN,FLZ128,766.5504150390625,2022-09-27 21:04,,,,,False,,,,,,,202209262134-KTAE-WTUS82-TCVTAE,,2022
TAE,2022-09-26 21:34,2022-09-27 21:04,2022-09-26 21:34,202210172134,TR,C,A,1009,UPG,FLZ128,766.5504150390625,2022-09-27 21:04,,,,,False,,,,,,,202209262134-KTAE-WTUS82-TCVTAE,,2022
MPX,2022-09-27 09:00,2022-09-27 08:06,2022-09-26 19:23,202209271300,FR,C,Y,3,CAN,MNZ050,1066.925537109375,2022-09-27 08:06,,,,,False,,,,,,,202209261923-KMPX-WWUS73-NPWMPX,,2022
OKX,2022-09-25 15:00,2022-09-27 00:06,2022-09-24 19:25,202209261000,SC,C,Y,89,CAN,ANZ345,370.75347900390625,2022-09-27 00:06,,,,,False,,,,,,,202209241925-KOKX-WHUS71-MWWOKX,"For more details, see th",2022
GYX,2022-09-24 19:19,2022-09-24 23:16,2022-09-24 19:19,202209251200,SC,C,Y,78,CAN,ANZ152,3859.55859375,2022-09-24 23:16,,,,,False,,,,,,,202209241919-KGYX-WHUS71-MWWGYX,,2022
FSD,2022-09-25 18:00,2022-09-26 00:00,2022-09-25 07:46,202209260000,FW,C,W,19,EXP,IAZ012,1986.857666015625,2022-09-25 23:52,,,,,False,,,,,,,202209250746-KFSD-WWUS83-RFWFSD,,2022
HFO,2022-09-25 11:00,2022-09-25 13:29,2022-09-25 11:00,202209251400,FA,C,Y,63,CAN,HIC001,10465.95703125,2022-09-25 13:29,00000,N,ER,OO,False,,,,,,,202209251100-PHFO-WGHW80-FLSHFO,RCB,2022
LIX,2022-09-27 00:22,2022-09-27 01:15,2022-09-27 00:22,202209270115,MA,C,W,421,NEW,GMZ538,1828.2960205078125,2022-09-27 00:22,,,,,False,,,,,,,202209270022-KLIX-WHUS54-SMWLIX,Frye,2022
LIX,2022-09-27 06:00,2022-09-28 03:00,2022-09-26 19:36,202209280000,SC,C,Y,39,EXP,GMZ570,8646.109375,2022-09-28 03:04,,,,,False,,,,,,,202209261936-KLIX-WHUS74-MWWLIX,,2022
LIX,2022-09-27 14:00,2022-09-28 00:00,2022-09-26 20:19,202209280000,FW,C,W,3,CON,LAZ083,1211.220947265625,2022-09-27 18:51,,,,,False,,,,,,,202209262019-KLIX-WWUS84-RFWLIX,,2022
LIX,2022-09-27 14:00,2022-09-28 00:00,2022-09-26 20:19,202209280000,FW,C,W,3,CON,LAZ067,1427.66259765625,2022-09-27 18:51,,,,,False,,,,,,,202209262019-KLIX-WWUS84-RFWLIX,,2022
LIX,2022-09-27 14:00,2022-09-28 00:00,2022-09-26 20:19,202209280000,FW,C,W,3,CON,MSZ071,1048.325439453125,2022-09-27 18:51,,,,,False,,,,,,,202209262019-KLIX-WWUS84-RFWLIX,,2022
LIX,2022-09-27 14:00,2022-09-28 00:00,2022-09-26 20:19,202209280000,FW,C,W,3,CON,LAZ066,3138.92578125,2022-09-27 18:51,,,,,False,,,,,,,202209262019-KLIX-WWUS84-RFWLIX,,2022
LIX,2022-09-27 14:00,2022-09-28 00:00,2022-09-26 20:19,202209280000,FW,C,W,3,CON,LAZ059,1762.82177734375,2022-09-27 18:51,,,,,False,,,,,,,202209262019-KLIX-WWUS84-RFWLIX,,2022
LIX,2022-09-27 14:00,2022-09-28 00:00,2022-09-26 20:19,202209280000,FW,C,W,3,CON,MSZ068,1782.4525146484375,2022-09-27 18:51,,,,,False,,,,,,,202209262019-KLIX-WWUS84-RFWLIX,,2022
LIX,2022-09-27 14:00,2022-09-28 00:00,2022-09-26 20:19,202209280000,FW,C,W,3,CON,LAZ086,216.17257690429688,2022-09-27 18:51,,,,,False,,,,,,,202209262019-KLIX-WWUS84-RFWLIX,,2022
LIX,2022-09-27 14:00,2022-09-28 00:00,2022-09-26 20:19,202209280000,FW,C,W,3,CON,LAZ060,928.456787109375,2022-09-27 18:51,,,,,False,,,,,,,202209262019-KLIX-WWUS84-RFWLIX,,2022
LIX,2022-09-27 14:00,2022-09-28 00:00,2022-09-26 20:19,202209280000,FW,C,W,3,CON,LAZ089,66.10638427734375,2022-09-27 18:51,,,,,False,,,,,,,202209262019-KLIX-WWUS84-RFWLIX,,2022
MEG,2022-09-24 23:18,2022-09-24 23:43,2022-09-24 23:18,202209250000,SV,C,W,211,CAN,ARC021,1661.5296630859375,2022-09-24 23:43,,,,,False,,,,,,,202209242318-KMEG-WUUS54-SVRMEG,,2022
MEG,2022-09-25 00:33,2022-09-25 01:15,2022-09-25 00:33,202209250115,SV,C,W,212,CON,ARC055,1500.88525390625,2022-09-25 01:03,,,,,False,,,,,,,202209250033-KMEG-WUUS54-SVRMEG,,2022
MEG,2022-09-25 00:33,2022-09-25 01:15,2022-09-25 00:33,202209250115,SV,C,W,212,CON,ARC021,1661.5296630859375,2022-09-25 01:03,,,,,False,,,,,,,202209250033-KMEG-WUUS54-SVRMEG,,2022
MEG,2022-09-28 17:00,2022-09-29 00:00,2022-09-27 20:27,202209290000,FW,C,W,3,CON,MSZ013,1759.7197265625,2022-09-28 20:29,,,,,False,,,,,,,202209272027-KMEG-WWUS84-RFWMEG,ANS,2022
MEG,2022-09-28 17:00,2022-09-27 20:27,2022-09-26 20:07,202209290000,FW,C,A,1,UPG,MSZ013,1759.7197265625,2022-09-27 20:27,,,,,False,,,,,,,202209262007-KMEG-WWUS84-RFWMEG,,2022
MEG,2022-09-28 17:00,2022-09-27 20:27,2022-09-26 20:07,202209290000,FW,C,A,1,UPG,MSZ012,1826.7215576171875,2022-09-27 20:27,,,,,False,,,,,,,202209262007-KMEG-WWUS84-RFWMEG,,2022
MEG,2022-09-28 17:00,2022-09-27 20:27,2022-09-26 20:07,202209290000,FW,C,A,1,UPG,MSZ017,1400.047607421875,2022-09-27 20:27,,,,,False,,,,,,,202209262007-KMEG-WWUS84-RFWMEG,,2022
LOX,2022-09-28 22:00,2022-09-29 04:00,2022-09-28 03:11,202209290400,SC,C,Y,156,EXP,PZZ650,3348.822998046875,2022-09-29 03:37,,,,,False,,,,,,,202209280311-KLOX-WHUS76-MWWLOX,,2022
LOX,2022-09-29 21:00,2022-09-30 04:00,2022-09-29 09:32,202209300400,SC,C,Y,154,CON,PZZ645,2280.40234375,2022-09-29 16:05,,,,,False,,,,,,,202209290932-KLOX-WHUS76-MWWLOX,Hall,2022
LIX,2022-09-26 21:55,2022-09-26 23:00,2022-09-26 21:55,202209262300,MA,C,W,418,NEW,GMZ552,5342.24169921875,2022-09-26 21:55,,,,,False,,,,,,,202209262155-KLIX-WHUS54-SMWLIX,MEFFER,2022
LIX,2022-09-26 22:57,2022-09-26 23:45,2022-09-26 22:57,202209262345,MA,C,W,419,NEW,GMZ550,5714.85546875,2022-09-26 22:57,,,,,False,,,,,,,202209262257-KLIX-WHUS54-SMWLIX,Frye,2022
LIX,2022-09-26 23:15,2022-09-27 00:00,2022-09-26 23:15,202209270000,MA,C,W,420,NEW,GMZ536,2794.10986328125,2022-09-26 23:15,,,,,False,,,,,,,202209262315-KLIX-WHUS54-SMWLIX,Frye,2022
LIX,2022-09-26 23:15,2022-09-27 00:00,2022-09-26 23:15,202209270000,MA,C,W,420,NEW,GMZ557,3757.41064453125,2022-09-26 23:15,,,,,False,,,,,,,202209262315-KLIX-WHUS54-SMWLIX,Frye,2022
LIX,2022-09-26 23:15,2022-09-27 00:00,2022-09-26 23:15,202209270000,MA,C,W,420,NEW,GMZ538,1828.2960205078125,2022-09-26 23:15,,,,,False,,,,,,,202209262315-KLIX-WHUS54-SMWLIX,Frye,2022
LIX,2022-09-27 00:22,2022-09-27 01:15,2022-09-27 00:22,202209270115,MA,C,W,421,NEW,GMZ552,5342.24169921875,2022-09-27 00:22,,,,,False,,,,,,,202209270022-KLIX-WHUS54-SMWLIX,Frye,2022
JAX,2022-09-27 08:50,2022-09-29 09:23,2022-09-27 08:50,202209301800,FA,C,A,5,CAN,FLZ137,955.1932373046875,2022-09-29 09:23,00000,0,ER,OO,False,,,,,,,202209270850-KJAX-WGUS62-FFAJAX,HESS,2022
JAX,2022-09-27 08:50,2022-09-29 09:23,2022-09-27 08:50,202209301800,FA,C,A,5,CAN,FLZ136,1618.6932373046875,2022-09-29 09:23,00000,0,ER,OO,False,,,,,,,202209270850-KJAX-WGUS62-FFAJAX,HESS,2022
LCH,2022-09-27 03:00,2022-09-29 12:00,2022-09-26 20:10,202209271500,SC,C,Y,35,CON,GMZ450,3799.70849609375,2022-09-29 02:45,,,,,False,,,,,,,202209262010-KLCH-WHUS74-MWWLCH,,2022
LCH,2022-09-27 03:00,2022-09-29 12:00,2022-09-26 20:10,202209271500,SC,C,Y,35,CON,GMZ452,4480.36181640625,2022-09-29 02:45,,,,,False,,,,,,,202209262010-KLCH-WHUS74-MWWLCH,,2022
LCH,2022-09-27 03:00,2022-09-29 22:00,2022-09-26 20:10,202209271500,SC,C,Y,35,EXP,GMZ472,8905.1884765625,2022-09-29 22:02,,,,,False,,,,,,,202209262010-KLCH-WHUS74-MWWLCH,,2022
MFL,2022-09-26 21:00,2022-09-29 00:40,2022-09-26 20:41,202209291200,FA,C,A,3,CAN,FLZ172,195.8022003173828,2022-09-29 00:40,00000,0,ER,OO,False,,,,,,,202209262041-KMFL-WGUS62-FFAMFL,CWC,2022
LIX,2022-09-29 14:00,2022-09-29 08:41,2022-09-27 18:51,202209292300,FW,C,A,2,CAN,MSZ071,1048.325439453125,2022-09-29 08:41,,,,,False,,,,,,,202209271851-KLIX-WWUS84-RFWLIX,,2022
MFL,2022-09-26 15:01,2022-09-26 21:04,2022-09-26 15:01,202210171501,TR,C,A,1009,UPG,FLZ075,2018.58935546875,2022-09-26 21:04,,,,,False,,,,,,,202209261501-KMFL-WTUS82-TCVMFL,,2022
MFL,2022-09-26 15:03,2022-09-27 15:23,2022-09-26 15:03,202210171503,TR,C,W,1009,UPG,GMZ656,3054.080078125,2022-09-27 15:23,,,,,False,,,,,,,202209261503-KMFL-WHUS72-MWWMFL,,2022
MFL,2022-09-26 15:03,2022-09-29 06:09,2022-09-26 15:03,202210171503,TR,C,W,1009,CAN,GMZ657,3775.7763671875,2022-09-29 06:09,,,,,False,,,,,,,202209261503-KMFL-WHUS72-MWWMFL,,2022
MFL,2022-09-26 21:00,2022-09-29 00:40,2022-09-26 20:41,202209291200,FA,C,A,3,CAN,FLZ069,787.5226440429688,2022-09-29 00:40,00000,0,ER,OO,False,,,,,,,202209262041-KMFL-WGUS62-FFAMFL,CWC,2022
MFL,2022-09-26 21:04,2022-09-29 12:09,2022-09-26 21:04,202210172104,SS,C,W,1009,CAN,FLZ075,2018.58935546875,2022-09-29 12:09,,,,,False,,,,,,,202209262104-KMFL-WTUS82-TCVMFL,,2022
MFL,2022-09-26 21:04,2022-09-27 20:59,2022-09-26 21:04,202210172104,TR,C,W,1009,UPG,FLZ069,787.5226440429688,2022-09-27 20:59,,,,,False,,,,,,,202209262104-KMFL-WTUS82-TCVMFL,,2022
MFL,2022-09-27 12:58,2022-09-27 20:59,2022-09-27 12:58,202209272100,TO,C,A,544,CAN,FLC011,3161.671630859375,2022-09-27 20:59,,,,,False,,,,,,,202209271258-KMFL-WWUS62-WCNMFL,,2022
MFL,2022-09-27 14:49,2022-09-27 15:52,2022-09-27 14:49,202209271645,FA,C,Y,237,CAN,FLC099,5142.36865234375,2022-09-27 15:52,00000,N,ER,OO,False,,,,,,,202209271449-KMFL-WGUS82-FLSMFL,BAXTER,2022
MFL,2022-09-27 15:10,2022-09-29 12:09,2022-09-27 15:10,202210181510,TR,C,W,1009,CAN,FLZ068,749.71484375,2022-09-29 12:09,,,,,False,,,,,,,202209271510-KMFL-WTUS82-TCVMFL,,2022
MFL,2022-09-27 15:10,2022-09-27 20:59,2022-09-27 15:10,202210181510,TR,C,A,1009,UPG,FLZ072,880.1738891601562,2022-09-27 20:59,,,,,False,,,,,,,202209271510-KMFL-WTUS82-TCVMFL,,2022
MFL,2022-09-27 15:10,2022-09-28 03:05,2022-09-27 15:10,202210181510,HU,C,A,1009,UPG,FLZ063,2056.751953125,2022-09-28 03:05,,,,,False,,,,,,,202209271510-KMFL-WTUS82-TCVMFL,,2022
MFL,2022-09-27 15:10,2022-09-27 20:59,2022-09-27 15:10,202210181510,TR,C,A,1009,UPG,FLZ173,557.966064453125,2022-09-27 20:59,,,,,False,,,,,,,202209271510-KMFL-WTUS82-TCVMFL,,2022
MFL,2022-09-27 15:10,2022-09-27 20:59,2022-09-27 15:10,202210181510,TR,C,A,1009,UPG,FLZ174,1006.6227416992188,2022-09-27 20:59,,,,,False,,,,,,,202209271510-KMFL-WTUS82-TCVMFL,,2022
MFL,2022-09-27 17:31,2022-09-27 18:00,2022-09-27 17:31,202209271800,TO,C,W,16,EXP,FLC021,5251.28515625,2022-09-27 17:54,,,,,False,,,,,,,202209271731-KMFL-WFUS52-TORMFL,MFL,2022
MFL,2022-09-27 19:17,2022-09-28 00:15,2022-09-27 19:17,202209272215,FA,C,Y,242,EXT,FLC021,5251.28515625,2022-09-27 21:41,00000,N,ER,OO,False,,,,,,,202209271917-KMFL-WGUS82-FLSMFL,BAXTER,2022
MFL,2022-09-27 22:20,2022-09-27 22:45,2022-09-27 22:20,202209272245,TO,C,W,27,EXP,FLC051,3017.6875,2022-09-27 22:37,,,,,False,,,,,,,202209272220-KMFL-WFUS52-TORMFL,NC,2022
MFL,2022-09-27 22:43,2022-09-27 23:15,2022-09-27 22:43,202209272315,TO,C,W,29,EXP,FLC021,5251.28515625,2022-09-27 23:12,,,,,False,,,,,,,202209272243-KMFL-WFUS52-TORMFL,ATV,2022
MFL,2022-09-27 23:46,2022-09-27 23:52,2022-09-27 23:46,202209280015,TO,C,W,34,CAN,FLC086,5094.58447265625,2022-09-27 23:52,,,,,False,,,,,,,202209272346-KMFL-WFUS52-TORMFL,ATV,2022
MFL,2022-09-28 03:05,2022-09-29 06:15,2022-09-28 03:05,202210190305,HU,C,W,1009,CAN,FLZ066,3017.6875,2022-09-29 06:15,,,,,False,,,,,,,202209280305-KMFL-WTUS82-TCVMFL,,2022
MFL,2022-09-28 06:53,2022-09-28 07:16,2022-09-28 06:53,202209280730,TO,C,W,61,CAN,FLC099,5142.36865234375,2022-09-28 07:16,,,,,False,,,,,,,202209280653-KMFL-WFUS52-TORMFL,GR,2022
MFL,2022-09-28 09:01,2022-09-28 21:00,2022-09-28 09:01,202209282100,TO,C,A,546,EXP,AMZ610,1727.8983154296875,2022-09-28 21:20,,,,,False,,,,,,,202209280901-KMFL-WWUS62-WCNMFL,,2022
MFL,2022-09-28 14:23,2022-09-28 16:45,2022-09-28 14:23,202209281645,FA,C,Y,255,NEW,FLC021,5251.28515625,2022-09-28 14:23,00000,N,ER,OO,False,,,,,,,202209281423-KMFL-WGUS82-FLSMFL,BAXTER,2022
MFL,2022-09-28 14:23,2022-09-28 16:45,2022-09-28 14:23,202209281645,FA,C,Y,255,NEW,FLC043,2056.751953125,2022-09-28 14:23,00000,N,ER,OO,False,,,,,,,202209281423-KMFL-WGUS82-FLSMFL,BAXTER,2022
MFL,2022-09-28 14:23,2022-09-28 16:45,2022-09-28 14:23,202209281645,FA,C,Y,255,NEW,FLC051,3017.6875,2022-09-28 14:23,00000,N,ER,OO,False,,,,,,,202209281423-KMFL-WGUS82-FLSMFL,BAXTER,2022
LIX,2022-09-29 16:00,2022-09-29 23:00,2022-09-29 08:41,202209292300,FW,C,W,5,EXP,MSZ080,1253.59521484375,2022-09-29 23:15,,,,,False,,,,,,,202209290841-KLIX-WWUS84-RFWLIX,,2022
MFL,2022-09-28 17:17,2022-09-29 12:00,2022-09-28 17:17,202209282315,FA,C,Y,256,EXT,FLC021,5251.28515625,2022-09-29 01:16,00000,N,ER,OO,False,,,,,,,202209281717-KMFL-WGUS82-FLSMFL,BAXTER,2022
MFL,2022-09-28 17:17,2022-09-29 12:00,2022-09-28 17:17,202209282315,FA,C,Y,256,EXT,FLC043,2056.751953125,2022-09-29 01:16,00000,N,ER,OO,False,,,,,,,202209281717-KMFL-WGUS82-FLSMFL,BAXTER,2022
MFL,2022-09-28 20:03,2022-09-28 22:00,2022-09-28 20:03,202209282200,FA,C,Y,258,NEW,FLC086,5094.58447265625,2022-09-28 20:03,00000,N,ER,OO,False,,,,,,,202209282003-KMFL-WGUS82-FLSMFL,BAXTER,2022
LIX,2022-09-29 16:00,2022-09-29 23:00,2022-09-29 08:41,202209292300,FW,C,W,5,EXP,MSZ082,1910.6868896484375,2022-09-29 23:15,,,,,False,,,,,,,202209290841-KLIX-WWUS84-RFWLIX,,2022
JAX,2022-09-29 16:00,2022-09-30 09:00,2022-09-29 16:00,202210201600,HU,C,W,1009,CAN,AMZ472,5194.25244140625,2022-09-30 09:00,,,,,False,,,,,,,202209291600-KJAX-WHUS72-MWWJAX,,2022
MFL,2022-09-29 12:20,2022-10-02 00:00,2022-09-29 12:20,202209300000,CF,C,S,8,EXP,FLZ069,787.5226440429688,2022-10-02 00:04,,,,,False,,,,,,,202209291220-KMFL-WHUS42-CFWMFL,,2022
MFL,2022-09-29 15:02,2022-09-30 08:24,2022-09-29 15:02,202209301200,SC,C,Y,31,CAN,AMZ610,1727.8983154296875,2022-09-30 08:24,,,,,False,,,,,,,202209291502-KMFL-WHUS72-MWWMFL,,2022
JAX,2022-09-27 15:16,2022-09-29 16:00,2022-09-27 15:16,202210181516,TR,C,W,1009,UPG,AMZ452,2917.99072265625,2022-09-29 16:00,,,,,False,,,,,,,202209271516-KJAX-WHUS72-MWWJAX,,2022
TBW,2022-09-26 21:00,2022-09-29 08:51,2022-09-26 20:59,202209300600,FA,C,A,3,CAN,FLZ249,1657.72900390625,2022-09-29 08:51,00000,0,ER,OO,False,,,,,,,202209262059-KTBW-WGUS62-FFATBW,TBW,2022
JAX,2022-09-27 15:16,2022-09-29 16:00,2022-09-27 15:16,202210181516,TR,C,W,1009,UPG,AMZ472,5194.25244140625,2022-09-29 16:00,,,,,False,,,,,,,202209271516-KJAX-WHUS72-MWWJAX,,2022
JAX,2022-09-28 15:18,2022-10-02 06:15,2022-09-28 15:18,202209302000,RP,C,S,34,CAN,FLZ138,146.872802734375,2022-10-02 06:15,,,,,False,,,,,,,202209281518-KJAX-WHUS42-CFWJAX,,2022
FSD,2022-09-25 18:00,2022-09-26 00:00,2022-09-25 17:16,202209260000,FW,C,W,19,EXP,SDZ062,2103.18212890625,2022-09-25 23:52,,,,,False,,,,,,,202209251716-KFSD-WWUS83-RFWFSD,Schumacher,2022
FSD,2022-09-25 18:00,2022-09-26 00:00,2022-09-25 17:16,202209260000,FW,C,W,19,EXP,IAZ001,1519.28759765625,2022-09-25 23:52,,,,,False,,,,,,,202209251716-KFSD-WWUS83-RFWFSD,Schumacher,2022
MFL,2022-09-24 17:54,2022-09-24 20:00,2022-09-24 17:54,202209242000,FA,C,Y,228,NEW,FLC086,5094.58447265625,2022-09-24 17:54,00000,N,ER,OO,False,,,,,,,202209241754-KMFL-WGUS82-FLSMFL,Hadi,2022
TAE,2022-09-28 16:00,2022-09-29 00:00,2022-09-27 19:05,202209290000,FW,C,W,5,CON,FLZ011,2443.7734375,2022-09-28 06:46,,,,,False,,,,,,,202209271905-KTAE-WWUS82-RFWTAE,,2022
LIX,2022-09-28 03:00,2022-09-29 03:00,2022-09-27 19:46,202209290300,WI,C,Y,11,EXP,LAZ087,346.44677734375,2022-09-29 02:58,,,,,False,,,,,,,202209271946-KLIX-WWUS74-NPWLIX,,2022
LIX,2022-09-28 03:00,2022-09-29 03:00,2022-09-27 19:46,202209290300,WI,C,Y,11,EXP,LAZ086,216.17257690429688,2022-09-29 02:58,,,,,False,,,,,,,202209271946-KLIX-WWUS74-NPWLIX,,2022
LIX,2022-09-28 03:00,2022-09-29 03:00,2022-09-27 19:46,202209290300,WI,C,Y,11,EXP,LAZ077,241.80526733398438,2022-09-29 02:58,,,,,False,,,,,,,202209271946-KLIX-WWUS74-NPWLIX,,2022
MFR,2022-09-27 21:00,2022-09-26 18:21,2022-09-25 19:00,202209280300,FW,C,A,28,UPG,CAZ284,5930.71044921875,2022-09-26 18:21,,,,,False,,,,,,,202209251900-KMFR-WWUS86-RFWMFR,Visit us at www.weather.,2022
MFR,2022-09-27 21:00,2022-09-26 18:21,2022-09-25 19:00,202209280300,FW,C,A,28,UPG,ORZ624,17427.2421875,2022-09-26 18:21,,,,,False,,,,,,,202209251900-KMFR-WWUS86-RFWMFR,Visit us at www.weather.,2022
MFR,2022-09-28 12:00,2022-09-29 18:00,2022-09-27 21:25,202209300000,SC,C,Y,97,CON,PZZ356,2555.864501953125,2022-09-29 10:35,,,,,False,,,,,,,202209272125-KMFR-WHUS76-MWWMFR,Visit us at https://www.,2022
CHS,2022-09-28 03:16,2022-09-29 15:16,2022-09-28 03:16,202210190316,TR,C,W,1009,UPG,SCZ051,330.49554443359375,2022-09-29 15:16,,,,,False,,,,,,,202209280316-KCHS-WTUS82-TCVCHS,,2022
GUM,2022-09-24 20:00,2022-09-25 06:25,2022-09-23 19:01,202209250800,SC,C,Y,30,CAN,PMZ151,21168.25,2022-09-25 06:25,,,,,False,,,,,,,202209231901-PGUM-WHGM70-MWWGUM,Pavliukoit,2022
RAH,2022-09-29 15:07,2022-10-01 03:23,2022-09-29 15:07,202210201507,TR,C,W,1009,CAN,NCZ038,1467.68310546875,2022-10-01 03:23,,,,,False,,,,,,,202209291507-KRAH-WTUS82-TCVRAH,,2022
LOX,2022-09-27 20:15,2022-09-29 03:00,2022-09-27 20:15,202209290300,EH,C,W,7,CON,CAZ363,415.4772644042969,2022-09-29 00:30,,,,,False,,,,,,,202209272015-KLOX-WWUS76-NPWLOX,MW,2022
JAX,2022-09-27 20:34,2022-09-29 09:23,2022-09-27 20:34,202210010600,FA,C,A,5,CAN,GAZ264,433.7867126464844,2022-09-29 09:23,00000,0,ER,OO,False,,,,,,,202209272034-KJAX-WGUS62-FFAJAX,23,2022
TWC,2022-09-24 02:39,2022-09-24 04:45,2022-09-24 02:39,202209240445,FA,C,Y,272,EXP,AZC021,13926.7177734375,2022-09-24 04:46,00000,N,ER,OO,False,,,,,,,202209240239-KTWC-WGUS85-FLSTWC,GLZ,2022
LWX,2022-09-25 15:40,2022-09-25 19:17,2022-09-25 15:40,202209252300,SV,C,A,543,CAN,VAC015,2513.232666015625,2022-09-25 19:17,,,,,False,,,,,,,202209251540-KLWX-WWUS61-WCNLWX,,2022
LWX,2022-09-25 15:40,2022-09-25 19:17,2022-09-25 15:40,202209252300,SV,C,A,543,CAN,VAC043,461.2363586425781,2022-09-25 19:17,,,,,False,,,,,,,202209251540-KLWX-WWUS61-WCNLWX,,2022
LWX,2022-09-25 15:40,2022-09-25 19:17,2022-09-25 15:40,202209252300,SV,C,A,543,CAN,VAC069,1075.5433349609375,2022-09-25 19:17,,,,,False,,,,,,,202209251540-KLWX-WWUS61-WCNLWX,,2022
LWX,2022-09-25 15:40,2022-09-25 20:26,2022-09-25 15:40,202209252300,SV,C,A,543,CAN,VAC685,6.490694046020508,2022-09-25 20:26,,,,,False,,,,,,,202209251540-KLWX-WWUS61-WCNLWX,,2022
LWX,2022-09-25 15:40,2022-09-25 20:26,2022-09-25 15:40,202209252300,SV,C,A,543,CAN,VAC683,25.849040985107422,2022-09-25 20:26,,,,,False,,,,,,,202209251540-KLWX-WWUS61-WCNLWX,,2022
MFL,2022-09-28 04:20,2022-09-28 04:45,2022-09-28 04:20,202209280445,TO,C,W,53,NEW,FLC011,3161.671630859375,2022-09-28 04:20,,,,,False,,,,,,,202209280420-KMFL-WFUS52-TORMFL,GR,2022
KEY,2022-09-28 04:29,2022-09-28 21:16,2022-09-28 04:29,202210190429,SS,C,W,1009,CAN,FLZ078,194.87217712402344,2022-09-28 21:16,,,,,False,,,,,,,202209280429-KKEY-WTUS82-TCVKEY,,2022
MTR,2022-09-29 04:00,2022-09-30 16:00,2022-09-27 21:44,202209292200,SC,C,Y,227,CON,PZZ571,10813.6875,2022-09-30 14:16,,,,,False,,,,,,,202209272144-KMTR-WHUS76-MWWMTR,,2022
MFL,2022-09-27 18:18,2022-09-27 18:45,2022-09-27 18:18,202209271845,TO,C,W,17,EXP,FLC087,2018.628662109375,2022-09-27 18:40,,,,,False,,,,,,,202209271818-KMFL-WFUS52-TORMFL,MFL,2022
MFL,2022-09-28 04:56,2022-09-28 05:18,2022-09-28 04:56,202209280530,TO,C,W,56,CAN,FLC021,5251.28515625,2022-09-28 05:18,,,,,False,,,,,,,202209280456-KMFL-WFUS52-TORMFL,GR,2022
TAE,2022-09-28 16:00,2022-09-29 00:00,2022-09-27 19:05,202209290000,FW,C,W,5,CON,ALZ067,1472.9183349609375,2022-09-28 06:46,,,,,False,,,,,,,202209271905-KTAE-WWUS82-RFWTAE,,2022
LSX,2022-09-24 08:02,2022-09-24 12:40,2022-09-24 08:02,202209241400,FG,C,Y,5,CAN,MOZ035,1251.85791015625,2022-09-24 12:40,,,,,False,,,,,,,202209240802-KLSX-WWUS73-NPWLSX,Carney,2022
MFL,2022-09-27 13:03,2022-09-27 16:00,2022-09-27 13:03,202209271600,FA,C,Y,235,NEW,FLC086,5094.58447265625,2022-09-27 13:03,00000,N,ER,OO,False,,,,,,,202209271303-KMFL-WGUS82-FLSMFL,BAXTER,2022
MLB,2022-09-29 12:18,2022-09-29 16:15,2022-09-29 12:18,202209291615,FF,C,W,9,EXP,FLC127,3181.331298828125,2022-09-29 16:11,00000,0,ER,OO,False,,,,,,,202209291218-KMLB-WGUS52-FFWMLB,JS,2022
TWC,2022-09-29 21:58,2022-09-30 00:30,2022-09-29 21:58,202209300030,FF,C,W,164,EXP,AZC023,3209.29541015625,2022-09-30 00:21,00000,0,ER,OO,False,,,,,,,202209292158-KTWC-WGUS55-FFWTWC,CWR,2022
ILM,2022-09-29 15:09,2022-10-01 02:59,2022-09-29 15:09,202210201509,TR,C,W,1009,CAN,NCZ109,1814.4720458984375,2022-10-01 02:59,,,,,False,,,,,,,202209291509-KILM-WTUS82-TCVILM,,2022
GYX,2022-09-24 03:00,2022-09-24 19:08,2022-09-23 07:00,202209242100,WI,C,Y,12,CAN,MEZ022,1575.127685546875,2022-09-24 19:08,,,,,False,,,,,,,202209230700-KGYX-WWUS71-NPWGYX,ARNOTT,2022
MLB,2022-09-29 12:43,2022-09-29 15:45,2022-09-29 12:43,202209291545,FF,C,W,10,EXP,FLC117,894.225830078125,2022-09-29 15:44,00000,0,ER,OO,True,,,,,,,202209291243-KMLB-WGUS52-FFWMLB,JS,2022
MLB,2022-09-29 12:52,2022-09-29 16:00,2022-09-29 12:52,202209291600,FF,C,W,11,EXP,FLC127,3181.331298828125,2022-09-29 15:58,00000,0,ER,OO,True,,,,,,,202209291252-KMLB-WGUS52-FFWMLB,JS,2022
CLE,2022-09-26 23:05,2022-09-27 02:30,2022-09-26 23:05,202209270230,FA,C,Y,97,EXP,OHC055,1056.33837890625,2022-09-27 02:24,00000,N,ER,OO,False,,,,,,,202209262305-KCLE-WGUS81-FLSCLE,26,2022
FGF,2022-09-28 07:00,2022-09-28 13:41,2022-09-28 02:42,202209281400,FR,C,Y,7,CAN,NDZ007,3903.01513671875,2022-09-28 13:41,,,,,False,,,,,,,202209280242-KFGF-WWUS73-NPWFGF,,2022
FGF,2022-09-28 07:00,2022-09-28 13:41,2022-09-28 02:42,202209281400,FR,C,Y,7,CAN,NDZ015,3359.12744140625,2022-09-28 13:41,,,,,False,,,,,,,202209280242-KFGF-WWUS73-NPWFGF,,2022
JAX,2022-09-27 09:06,2022-09-29 15:03,2022-09-27 09:06,202210180906,TR,C,A,1009,CAN,FLZ236,893.73779296875,2022-09-29 15:03,,,,,False,,,,,,,202209270906-KJAX-WTUS82-TCVJAX,,2022
CAR,2022-09-24 04:00,2022-09-24 19:45,2022-09-23 07:22,202209250000,HW,C,W,4,CAN,MEZ015,3487.614501953125,2022-09-24 19:45,,,,,False,,,,,,,202209230722-KCAR-WWUS71-NPWCAR,,2022
CAR,2022-09-24 04:00,2022-09-24 19:45,2022-09-23 07:22,202209250000,HW,C,W,4,CAN,MEZ017,3567.506591796875,2022-09-24 19:45,,,,,False,,,,,,,202209230722-KCAR-WWUS71-NPWCAR,,2022
FWD,2022-09-25 21:18,2022-09-25 21:39,2022-09-25 21:18,202209252200,SV,C,W,217,CAN,TXC121,2481.98583984375,2022-09-25 21:39,,,,,False,,,,,,,202209252118-KFWD-WUUS54-SVRFWD,30,2022
TBW,2022-09-28 09:23,2022-09-28 21:00,2022-09-28 09:23,202209282100,TO,C,A,546,NEW,FLC055,2869.966796875,2022-09-28 09:23,,,,,False,,,,,,,202209280923-KTBW-WWUS62-WCNTBW,,2022
MHX,2022-09-29 15:03,2022-10-01 03:19,2022-09-29 15:03,202210201503,TR,C,W,1009,CAN,NCZ080,2155.989501953125,2022-10-01 03:19,,,,,False,,,,,,,202209291503-KMHX-WTUS82-TCVMHX,,2022
TBW,2022-09-28 09:23,2022-09-28 21:00,2022-09-28 09:23,202209282100,TO,C,A,546,NEW,FLC105,5213.7373046875,2022-09-28 09:23,,,,,False,,,,,,,202209280923-KTBW-WWUS62-WCNTBW,,2022
MHX,2022-09-29 15:03,2022-10-01 03:19,2022-09-29 15:03,202210201503,TR,C,W,1009,CAN,NCZ045,977.2294311523438,2022-10-01 03:19,,,,,False,,,,,,,202209291503-KMHX-WTUS82-TCVMHX,,2022
MHX,2022-09-29 15:03,2022-10-01 03:19,2022-09-29 15:03,202210201503,SS,C,A,1009,CAN,NCZ080,2155.989501953125,2022-10-01 03:19,,,,,False,,,,,,,202209291503-KMHX-WTUS82-TCVMHX,,2022
MHX,2022-09-29 15:03,2022-10-01 03:19,2022-09-29 15:03,202210201503,SS,C,A,1009,CAN,NCZ081,1754.7763671875,2022-10-01 03:19,,,,,False,,,,,,,202209291503-KMHX-WTUS82-TCVMHX,,2022
MPX,2022-09-28 05:00,2022-09-28 13:00,2022-09-27 19:19,202209281300,FZ,C,W,1,CON,MNZ043,2979.83251953125,2022-09-28 09:31,,,,,False,,,,,,,202209271919-KMPX-WWUS73-NPWMPX,jrb,2022
MPX,2022-09-28 05:00,2022-09-28 13:00,2022-09-27 19:19,202209281300,FZ,C,W,1,CON,MNZ044,1761.3701171875,2022-09-28 09:31,,,,,False,,,,,,,202209271919-KMPX-WWUS73-NPWMPX,jrb,2022
MPX,2022-09-28 05:00,2022-09-28 13:00,2022-09-27 19:19,202209281300,FZ,C,W,1,CON,MNZ045,1378.047607421875,2022-09-28 09:31,,,,,False,,,,,,,202209271919-KMPX-WWUS73-NPWMPX,jrb,2022
MPX,2022-09-28 05:00,2022-09-28 13:00,2022-09-27 19:19,202209281300,FZ,C,W,1,CON,MNZ052,1167.6832275390625,2022-09-28 09:31,,,,,False,,,,,,,202209271919-KMPX-WWUS73-NPWMPX,jrb,2022
MPX,2022-09-28 05:00,2022-09-28 13:00,2022-09-27 19:19,202209281300,FZ,C,W,1,CON,MNZ053,1143.2257080078125,2022-09-28 09:31,,,,,False,,,,,,,202209271919-KMPX-WWUS73-NPWMPX,jrb,2022
MPX,2022-09-28 05:00,2022-09-28 13:00,2022-09-27 19:19,202209281300,FZ,C,W,1,CON,WIZ014,2470.76220703125,2022-09-28 09:31,,,,,False,,,,,,,202209271919-KMPX-WWUS73-NPWMPX,jrb,2022
MPX,2022-09-28 05:00,2022-09-28 13:00,2022-09-27 19:19,202209281300,FZ,C,W,1,CON,WIZ015,2299.761474609375,2022-09-28 09:31,,,,,False,,,,,,,202209271919-KMPX-WWUS73-NPWMPX,jrb,2022
LIX,2022-09-29 14:00,2022-09-29 08:41,2022-09-27 18:51,202209292300,FW,C,A,2,CAN,LAZ065,606.974853515625,2022-09-29 08:41,,,,,False,,,,,,,202209271851-KLIX-WWUS84-RFWLIX,,2022
LIX,2022-09-29 14:00,2022-09-29 08:41,2022-09-27 18:51,202209292300,FW,C,A,2,CAN,LAZ046,1692.7193603515625,2022-09-29 08:41,,,,,False,,,,,,,202209271851-KLIX-WWUS84-RFWLIX,,2022
LIX,2022-09-29 14:00,2022-09-29 08:41,2022-09-27 18:51,202209292300,FW,C,A,2,CAN,LAZ067,1427.66259765625,2022-09-29 08:41,,,,,False,,,,,,,202209271851-KLIX-WWUS84-RFWLIX,,2022
LIX,2022-09-29 14:00,2022-09-29 08:41,2022-09-27 18:51,202209292300,FW,C,A,2,CAN,LAZ083,1211.220947265625,2022-09-29 08:41,,,,,False,,,,,,,202209271851-KLIX-WWUS84-RFWLIX,,2022
MPX,2022-09-28 05:00,2022-09-28 13:00,2022-09-27 19:19,202209281300,FZ,C,W,1,CON,WIZ016,2405.36328125,2022-09-28 09:31,,,,,False,,,,,,,202209271919-KMPX-WWUS73-NPWMPX,jrb,2022
MPX,2022-09-28 05:00,2022-09-28 13:00,2022-09-27 19:19,202209281300,FZ,C,W,1,CON,WIZ026,642.5408325195312,2022-09-28 09:31,,,,,False,,,,,,,202209271919-KMPX-WWUS73-NPWMPX,jrb,2022
MPX,2022-09-28 05:00,2022-09-28 13:00,2022-09-27 19:19,202209281300,FZ,C,W,1,CON,WIZ027,2690.918701171875,2022-09-28 09:31,,,,,False,,,,,,,202209271919-KMPX-WWUS73-NPWMPX,jrb,2022
JAX,2022-09-27 08:50,2022-09-29 09:23,2022-09-27 08:50,202209301800,FA,C,A,5,CAN,FLZ138,146.872802734375,2022-09-29 09:23,00000,0,ER,OO,False,,,,,,,202209270850-KJAX-WGUS62-FFAJAX,HESS,2022
MPX,2022-09-28 05:00,2022-09-28 13:00,2022-09-27 19:19,202209281300,FZ,C,W,1,CON,WIZ028,1667.4818115234375,2022-09-28 09:31,,,,,False,,,,,,,202209271919-KMPX-WWUS73-NPWMPX,jrb,2022
MPX,2022-09-28 05:00,2022-09-28 13:00,2022-09-27 19:19,202209281300,FR,C,Y,4,CON,MNZ041,1859.965087890625,2022-09-28 09:31,,,,,False,,,,,,,202209271919-KMPX-WWUS73-NPWMPX,jrb,2022
MPX,2022-09-28 05:00,2022-09-28 13:00,2022-09-27 19:19,202209281300,FR,C,Y,4,CON,MNZ047,1486.146240234375,2022-09-28 09:31,,,,,False,,,,,,,202209271919-KMPX-WWUS73-NPWMPX,jrb,2022
EAX,2022-09-24 07:30,2022-09-24 14:00,2022-09-24 07:30,202209241400,FG,C,Y,3,EXP,MOZ011,1213.3660888671875,2022-09-24 14:08,,,,,False,,,,,,,202209240730-KEAX-WWUS73-NPWEAX,,2022
MPX,2022-09-28 05:00,2022-09-28 13:00,2022-09-27 19:19,202209281300,FR,C,Y,4,CON,MNZ050,1066.925537109375,2022-09-28 09:31,,,,,False,,,,,,,202209271919-KMPX-WWUS73-NPWMPX,jrb,2022
MPX,2022-09-28 05:00,2022-09-28 13:00,2022-09-27 19:19,202209281300,FR,C,Y,4,CON,MNZ051,1165.333984375,2022-09-28 09:31,,,,,False,,,,,,,202209271919-KMPX-WWUS73-NPWMPX,jrb,2022
MPX,2022-09-28 05:00,2022-09-28 13:00,2022-09-27 19:19,202209281300,FR,C,Y,4,CON,MNZ054,2010.68603515625,2022-09-28 09:31,,,,,False,,,,,,,202209271919-KMPX-WWUS73-NPWMPX,jrb,2022
MPX,2022-09-28 05:00,2022-09-28 13:00,2022-09-27 19:19,202209281300,FR,C,Y,4,CON,MNZ057,2227.5068359375,2022-09-28 09:31,,,,,False,,,,,,,202209271919-KMPX-WWUS73-NPWMPX,jrb,2022
JAX,2022-09-29 09:27,2022-09-29 20:54,2022-09-29 09:27,202209292200,FA,C,A,6,CAN,GAZ153,594.6610717773438,2022-09-29 20:54,00000,0,ER,OO,False,,,,,,,202209290927-KJAX-WGUS62-FFAJAX,CHANEY,2022
MPX,2022-09-28 05:00,2022-09-28 13:00,2022-09-27 19:19,202209281300,FR,C,Y,4,CON,MNZ065,2551.203857421875,2022-09-28 09:31,,,,,False,,,,,,,202209271919-KMPX-WWUS73-NPWMPX,jrb,2022
MPX,2022-09-28 05:00,2022-09-28 13:00,2022-09-27 19:19,202209281300,FR,C,Y,4,CON,MNZ064,1972.939697265625,2022-09-28 09:31,,,,,False,,,,,,,202209271919-KMPX-WWUS73-NPWMPX,jrb,2022
MPX,2022-09-28 05:00,2022-09-28 13:00,2022-09-27 19:19,202209281300,FR,C,Y,4,CON,MNZ063,1093.4844970703125,2022-09-28 09:31,,,,,False,,,,,,,202209271919-KMPX-WWUS73-NPWMPX,jrb,2022
MPX,2022-09-28 05:00,2022-09-28 13:00,2022-09-27 19:19,202209281300,FR,C,Y,4,CON,MNZ068,972.0828247070312,2022-09-28 09:31,,,,,False,,,,,,,202209271919-KMPX-WWUS73-NPWMPX,jrb,2022
MPX,2022-09-28 05:00,2022-09-28 13:00,2022-09-27 19:19,202209281300,FR,C,Y,4,CON,MNZ067,1552.0018310546875,2022-09-28 09:31,,,,,False,,,,,,,202209271919-KMPX-WWUS73-NPWMPX,jrb,2022
MPX,2022-09-28 05:00,2022-09-28 13:00,2022-09-27 19:19,202209281300,FR,C,Y,4,CON,MNZ070,1515.3702392578125,2022-09-28 09:31,,,,,False,,,,,,,202209271919-KMPX-WWUS73-NPWMPX,jrb,2022
MPX,2022-09-28 05:00,2022-09-28 13:00,2022-09-27 19:19,202209281300,FR,C,Y,4,CON,MNZ069,952.0042114257812,2022-09-28 09:31,,,,,False,,,,,,,202209271919-KMPX-WWUS73-NPWMPX,jrb,2022
MPX,2022-09-28 05:00,2022-09-28 13:00,2022-09-27 19:19,202209281300,FR,C,Y,4,CON,MNZ075,1207.33642578125,2022-09-28 09:31,,,,,False,,,,,,,202209271919-KMPX-WWUS73-NPWMPX,jrb,2022
MPX,2022-09-28 05:00,2022-09-28 13:00,2022-09-27 19:19,202209281300,FR,C,Y,4,CON,MNZ073,2277.697509765625,2022-09-28 09:31,,,,,False,,,,,,,202209271919-KMPX-WWUS73-NPWMPX,jrb,2022
MPX,2022-09-28 05:00,2022-09-28 13:00,2022-09-27 19:19,202209281300,FR,C,Y,4,CON,MNZ082,1136.991943359375,2022-09-28 09:31,,,,,False,,,,,,,202209271919-KMPX-WWUS73-NPWMPX,jrb,2022
MPX,2022-09-28 05:00,2022-09-28 13:00,2022-09-27 19:19,202209281300,FR,C,Y,4,CON,MNZ083,1979.755126953125,2022-09-28 09:31,,,,,False,,,,,,,202209271919-KMPX-WWUS73-NPWMPX,jrb,2022
MPX,2022-09-28 05:00,2022-09-28 13:00,2022-09-27 19:19,202209281300,FR,C,Y,4,CON,MNZ084,1118.6544189453125,2022-09-28 09:31,,,,,False,,,,,,,202209271919-KMPX-WWUS73-NPWMPX,jrb,2022
MPX,2022-09-28 05:00,2022-09-28 13:00,2022-09-27 19:19,202209281300,FR,C,Y,4,CON,MNZ085,1116.9599609375,2022-09-28 09:31,,,,,False,,,,,,,202209271919-KMPX-WWUS73-NPWMPX,jrb,2022
MPX,2022-09-28 05:00,2022-09-28 13:00,2022-09-27 19:19,202209281300,FR,C,Y,4,CON,MNZ092,1865.11328125,2022-09-28 09:31,,,,,False,,,,,,,202209271919-KMPX-WWUS73-NPWMPX,jrb,2022
MPX,2022-09-28 05:00,2022-09-28 13:00,2022-09-27 19:19,202209281300,FR,C,Y,4,CON,MNZ093,1868.12255859375,2022-09-28 09:31,,,,,False,,,,,,,202209271919-KMPX-WWUS73-NPWMPX,jrb,2022
EKA,2022-09-29 22:00,2022-09-29 03:55,2022-09-28 09:54,202209302200,SC,C,Y,93,CAN,PZZ470,15329.4287109375,2022-09-29 03:55,,,,,False,,,,,,,202209280954-KEKA-WHUS76-MWWEKA,,2022
LOT,2022-09-28 05:00,2022-09-28 10:27,2022-09-27 19:44,202209281300,FR,C,Y,2,CAN,ILZ011,1642.110595703125,2022-09-28 10:27,,,,,False,,,,,,,202209271944-KLOT-WWUS73-NPWLOT,,2022
TBW,2022-09-26 09:12,2022-09-26 21:10,2022-09-26 09:12,202210170912,HU,C,A,1009,UPG,FLZ160,560.7767333984375,2022-09-26 21:10,,,,,False,,,,,,,202209260912-KTBW-WTUS82-TCVTBW,,2022
AKQ,2022-09-29 05:03,2022-09-30 01:41,2022-09-28 07:54,202209301000,SC,C,Y,87,CAN,ANZ652,2165.16357421875,2022-09-30 01:41,,,,,False,,,,,,,202209280754-KAKQ-WHUS71-MWWAKQ,,2022
MFL,2022-09-28 11:38,2022-09-28 14:45,2022-09-28 11:38,202209281445,FA,C,Y,252,NEW,FLC099,5142.36865234375,2022-09-28 11:38,00000,N,ER,OO,False,,,,,,,202209281138-KMFL-WGUS82-FLSMFL,Hadi,2022
MFL,2022-09-29 00:00,2022-10-06 01:15,2022-09-28 11:48,202210200000,FL,C,W,2,CAN,FLC043,2056.751953125,2022-10-06 01:15,PLMF1,1,ER,NR,False,,,,,,,202209281148-KMFL-WGUS42-FLWMFL,BAXTER,2022
LWX,2022-09-25 15:40,2022-09-25 19:17,2022-09-25 15:40,202209252300,SV,C,A,543,CAN,WVC027,1667.88037109375,2022-09-25 19:17,,,,,False,,,,,,,202209251540-KLWX-WWUS61-WCNLWX,,2022
MFL,2022-09-26 03:04,2022-09-26 21:04,2022-09-26 03:04,202210170304,SS,C,A,1009,UPG,FLZ075,2018.58935546875,2022-09-26 21:04,,,,,False,,,,,,,202209260304-KMFL-WTUS82-TCVMFL,,2022
CHS,2022-09-29 03:07,2022-10-01 00:05,2022-09-29 03:07,202210200307,TR,C,W,1009,CAN,SCZ044,1494.510009765625,2022-10-01 00:05,,,,,False,,,,,,,202209290307-KCHS-WTUS82-TCVCHS,,2022
LOX,2022-09-29 01:00,2022-09-29 09:00,2022-09-29 00:30,202209290900,WI,C,Y,103,EXP,CAZ351,201.2512969970703,2022-09-29 08:42,,,,,False,,,,,,,202209290030-KLOX-WWUS76-NPWLOX,Phillips,2022
JAX,2022-09-26 21:07,2022-09-28 15:11,2022-09-26 21:07,202210172107,SS,C,A,1009,UPG,GAZ154,488.05682373046875,2022-09-28 15:11,,,,,False,,,,,,,202209262107-KJAX-WTUS82-TCVJAX,,2022
TWC,2022-09-29 21:58,2022-09-30 00:30,2022-09-29 21:58,202209300030,FF,C,W,164,EXP,AZC019,23815.521484375,2022-09-30 00:21,00000,0,ER,OO,False,,,,,,,202209292158-KTWC-WGUS55-FFWTWC,CWR,2022
LOX,2022-09-26 17:00,2022-09-24 20:45,2022-09-23 20:12,202209290300,EH,C,A,6,UPG,CAZ363,415.4772644042969,2022-09-24 20:45,,,,,False,,,,,,,202209232012-KLOX-WWUS76-NPWLOX,MW,2022
LOX,2022-09-26 17:00,2022-09-24 20:45,2022-09-23 20:12,202209290300,EH,C,A,6,UPG,CAZ364,394.8070068359375,2022-09-24 20:45,,,,,False,,,,,,,202209232012-KLOX-WWUS76-NPWLOX,MW,2022
JAX,2022-09-26 21:07,2022-09-27 15:13,2022-09-26 21:07,202210172107,TR,C,A,1009,UPG,FLZ124,370.8739013671875,2022-09-27 15:13,,,,,False,,,,,,,202209262107-KJAX-WTUS82-TCVJAX,,2022
JAX,2022-09-26 21:07,2022-09-27 15:13,2022-09-26 21:07,202210172107,TR,C,A,1009,UPG,FLZ340,1378.7718505859375,2022-09-27 15:13,,,,,False,,,,,,,202209262107-KJAX-WTUS82-TCVJAX,,2022
TBW,2022-09-26 21:10,2022-09-27 21:27,2022-09-26 21:10,202210172110,HU,C,A,1009,CAN,FLZ249,1657.72900390625,2022-09-27 21:27,,,,,False,,,,,,,202209262110-KTBW-WTUS82-TCVTBW,,2022
TBW,2022-09-27 15:16,2022-09-29 09:10,2022-09-27 15:16,202210181516,HU,C,W,1009,CAN,FLZ056,1655.9881591796875,2022-09-29 09:10,,,,,False,,,,,,,202209271516-KTBW-WTUS82-TCVTBW,,2022
LSX,2022-09-28 05:00,2022-09-28 13:00,2022-09-27 18:39,202209281300,FR,C,Y,5,EXP,MOZ018,1311.074951171875,2022-09-28 13:01,,,,,False,,,,,,,202209271839-KLSX-WWUS73-NPWLSX,MRM,2022
DMX,2022-09-24 08:10,2022-09-24 15:00,2022-09-24 08:10,202209241400,FG,C,Y,7,EXP,IAZ084,1123.0657958984375,2022-09-24 14:56,,,,,False,,,,,,,202209240810-KDMX-WWUS73-NPWDMX,CURTIS For more informat,2022
RLX,2022-09-25 16:22,2022-09-25 19:08,2022-09-25 16:22,202209251930,FF,C,W,111,CAN,WVC005,1302.901123046875,2022-09-25 19:08,00000,0,ER,OO,False,,,,,,,202209251622-KRLX-WGUS51-FFWRLX,JZ,2022
TBW,2022-09-28 23:47,2022-09-29 02:45,2022-09-28 23:47,202209290245,FF,C,W,7,NEW,FLC055,2869.966796875,2022-09-28 23:47,00000,0,ER,OO,True,,,,,,,202209282347-KTBW-WGUS52-FFWTBW,TBW,2022
TBW,2022-09-28 23:47,2022-09-29 02:45,2022-09-28 23:47,202209290245,FF,C,W,7,NEW,FLC015,1818.09619140625,2022-09-28 23:47,00000,0,ER,OO,True,,,,,,,202209282347-KTBW-WGUS52-FFWTBW,TBW,2022
TBW,2022-09-28 23:47,2022-09-29 02:45,2022-09-28 23:47,202209290245,FF,C,W,7,NEW,FLC081,1946.7275390625,2022-09-28 23:47,00000,0,ER,OO,True,,,,,,,202209282347-KTBW-WGUS52-FFWTBW,TBW,2022
DMX,2022-09-28 05:00,2022-09-28 13:00,2022-09-27 19:39,202209281300,FR,C,Y,3,EXP,IAZ047,1483.24560546875,2022-09-28 13:08,,,,,False,,,,,,,202209271939-KDMX-WWUS73-NPWDMX,,2022
TBW,2022-09-29 16:36,2022-10-01 00:00,2022-09-29 16:36,202210010000,RP,C,S,17,NEW,FLZ155,351.63323974609375,2022-09-29 16:36,,,,,False,,,,,,,202209291636-KTBW-WHUS42-CFWTBW,,2022
FGF,2022-09-28 07:00,2022-09-28 13:41,2022-09-27 19:05,202209281400,FZ,C,W,2,CAN,MNZ006,4594.20556640625,2022-09-28 13:41,,,,,False,,,,,,,202209271905-KFGF-WWUS73-NPWFGF,,2022
FGF,2022-09-28 07:00,2022-09-28 13:41,2022-09-27 19:05,202209281400,FZ,C,W,2,CAN,MNZ017,2826.56494140625,2022-09-28 13:41,,,,,False,,,,,,,202209271905-KFGF-WWUS73-NPWFGF,,2022
FGF,2022-09-28 07:00,2022-09-28 13:41,2022-09-27 19:05,202209281400,FZ,C,W,2,CAN,MNZ023,1085.7628173828125,2022-09-28 13:41,,,,,False,,,,,,,202209271905-KFGF-WWUS73-NPWFGF,,2022
FGF,2022-09-28 07:00,2022-09-28 13:41,2022-09-27 19:05,202209281400,FZ,C,W,2,CAN,MNZ024,2581.396240234375,2022-09-28 13:41,,,,,False,,,,,,,202209271905-KFGF-WWUS73-NPWFGF,,2022
FGF,2022-09-28 07:00,2022-09-28 13:41,2022-09-27 19:05,202209281400,FR,C,Y,7,CAN,MNZ001,3168.06787109375,2022-09-28 13:41,,,,,False,,,,,,,202209271905-KFGF-WWUS73-NPWFGF,,2022
FGF,2022-09-28 07:00,2022-09-28 13:41,2022-09-27 19:05,202209281400,FR,C,Y,7,CAN,MNZ008,2415.881591796875,2022-09-28 13:41,,,,,False,,,,,,,202209271905-KFGF-WWUS73-NPWFGF,,2022
FGF,2022-09-28 07:00,2022-09-28 13:41,2022-09-27 19:05,202209281400,FR,C,Y,7,CAN,MNZ029,1941.7862548828125,2022-09-28 13:41,,,,,False,,,,,,,202209271905-KFGF-WWUS73-NPWFGF,,2022
FGF,2022-09-28 07:00,2022-09-28 13:41,2022-09-27 19:05,202209281400,FR,C,Y,7,CAN,NDZ008,2894.832275390625,2022-09-28 13:41,,,,,False,,,,,,,202209271905-KFGF-WWUS73-NPWFGF,,2022
FGF,2022-09-28 07:00,2022-09-28 13:41,2022-09-27 19:05,202209281400,FR,C,Y,7,CAN,MNZ040,1486.237548828125,2022-09-28 13:41,,,,,False,,,,,,,202209271905-KFGF-WWUS73-NPWFGF,,2022
FGF,2022-09-28 07:00,2022-09-28 13:41,2022-09-27 19:05,202209281400,FR,C,Y,7,CAN,NDZ027,3717.9677734375,2022-09-28 13:41,,,,,False,,,,,,,202209271905-KFGF-WWUS73-NPWFGF,,2022
FGF,2022-09-28 07:00,2022-09-28 13:41,2022-09-27 19:05,202209281400,FR,C,Y,7,CAN,NDZ029,1848.0142822265625,2022-09-28 13:41,,,,,False,,,,,,,202209271905-KFGF-WWUS73-NPWFGF,,2022
FGF,2022-09-28 07:00,2022-09-28 13:41,2022-09-27 19:05,202209281400,FR,C,Y,7,CAN,NDZ030,2228.492919921875,2022-09-28 13:41,,,,,False,,,,,,,202209271905-KFGF-WWUS73-NPWFGF,,2022
AKQ,2022-09-29 23:00,2022-09-29 08:11,2022-09-28 07:54,202210010200,GL,C,A,13,UPG,ANZ656,1881.7779541015625,2022-09-29 08:11,,,,,False,,,,,,,202209280754-KAKQ-WHUS71-MWWAKQ,,2022
MLB,2022-09-29 09:41,2022-09-30 00:08,2022-09-29 09:41,202210200941,TR,C,W,1009,CAN,FLZ044,1612.4522705078125,2022-09-30 00:08,,,,,False,,,,,,,202209290941-KMLB-WTUS82-TCVMLB,,2022
ILM,2022-09-28 15:03,2022-09-29 15:09,2022-09-28 15:03,202210191503,TR,C,W,1009,UPG,SCZ055,1372.2003173828125,2022-09-29 15:09,,,,,False,,,,,,,202209281503-KILM-WTUS82-TCVILM,,2022
ILM,2022-09-28 15:03,2022-09-29 15:09,2022-09-28 15:03,202210191503,TR,C,W,1009,UPG,SCZ056,790.779541015625,2022-09-29 15:09,,,,,False,,,,,,,202209281503-KILM-WTUS82-TCVILM,,2022
JSJ,2022-09-26 17:28,2022-09-26 20:30,2022-09-26 17:28,202209262030,FA,C,Y,282,EXP,PRC135,71.62443542480469,2022-09-26 20:38,00000,N,ER,OO,False,,,,,,,202209261728-TJSJ-WGCA82-FLSSJU,DSR,2022
JAX,2022-09-28 15:11,2022-09-29 21:06,2022-09-28 15:11,202210191511,TR,C,W,1009,CAN,FLZ024,1328.9837646484375,2022-09-29 21:06,,,,,False,,,,,,,202209281511-KJAX-WTUS82-TCVJAX,,2022
JAX,2022-09-28 15:11,2022-09-30 15:00,2022-09-28 15:11,202210191511,SS,C,W,1009,CAN,GAZ166,672.1104736328125,2022-09-30 15:00,,,,,False,,,,,,,202209281511-KJAX-WTUS82-TCVJAX,,2022
MFL,2022-09-27 20:48,2022-09-27 23:45,2022-09-27 20:48,202209272345,FA,C,Y,245,NEW,FLC021,5251.28515625,2022-09-27 20:48,00000,N,ER,OO,False,,,,,,,202209272048-KMFL-WGUS82-FLSMFL,BAXTER,2022
KEY,2022-09-27 20:46,2022-09-28 08:58,2022-09-27 20:46,202209280900,TO,C,A,545,CAN,GMZ073,5871.7607421875,2022-09-28 08:58,,,,,False,,,,,,,202209272046-KKEY-WWUS62-WCNKEY,CLR,2022
PSR,2022-09-28 22:50,2022-09-28 23:45,2022-09-28 22:50,202209282345,DS,C,Y,122,EXP,AZC013,23901.330078125,2022-09-28 23:40,,,,,False,,,,,,,202209282250-KPSR-WWUS55-DSWPSR,Hirsch,2022
JAX,2022-09-27 08:50,2022-09-29 09:23,2022-09-27 08:50,202209301800,FA,C,A,5,CAN,FLZ140,1390.8538818359375,2022-09-29 09:23,00000,0,ER,OO,False,,,,,,,202209270850-KJAX-WGUS62-FFAJAX,HESS,2022
JAX,2022-09-27 08:50,2022-09-29 09:23,2022-09-27 08:50,202209301800,FA,C,A,5,CAN,FLZ225,112.2689437866211,2022-09-29 09:23,00000,0,ER,OO,False,,,,,,,202209270850-KJAX-WGUS62-FFAJAX,HESS,2022
MLB,2022-09-28 15:30,2022-09-29 09:41,2022-09-28 15:30,202210191530,HU,C,W,1009,CAN,FLZ447,446.071044921875,2022-09-29 09:41,,,,,False,,,,,,,202209281530-KMLB-WTUS82-TCVMLB,,2022
SEW,2022-09-28 15:00,2022-09-28 21:52,2022-09-27 15:43,202209290600,SC,C,Y,177,CAN,PZZ156,1321.0980224609375,2022-09-28 21:52,,,,,False,,,,,,,202209271543-KSEW-WHUS76-MWWSEW,,2022
JSJ,2022-09-29 18:55,2022-09-29 22:00,2022-09-29 18:55,202209292200,FA,C,Y,293,EXP,PRC093,95.30303955078125,2022-09-29 22:00,00000,N,ER,OO,False,,,,,,,202209291855-TJSJ-WGCA82-FLSSJU,JA,2022
LIX,2022-09-28 03:00,2022-09-29 03:00,2022-09-27 19:46,202209290300,WI,C,Y,11,EXP,LAZ065,606.974853515625,2022-09-29 02:58,,,,,False,,,,,,,202209271946-KLIX-WWUS74-NPWLIX,,2022
CAR,2022-09-24 02:00,2022-09-24 19:45,2022-09-23 07:22,202209242100,WI,C,Y,7,CAN,MEZ003,2385.83544921875,2022-09-24 19:45,,,,,False,,,,,,,202209230722-KCAR-WWUS71-NPWCAR,,2022
JSJ,2022-09-29 18:03,2022-09-29 19:30,2022-09-29 18:03,202209291930,FA,C,Y,291,EXP,PRC087,27.201404571533203,2022-09-29 19:25,00000,N,ER,OO,False,,,,,,,202209291803-TJSJ-WGCA82-FLSSJU,CAM,2022
GRR,2022-09-26 00:45,2022-09-26 01:47,2022-09-26 00:45,202209260215,SV,C,W,64,CAN,MIC005,2179.3095703125,2022-09-26 01:47,,,,,False,,,,,,,202209260045-KGRR-WUUS53-SVRGRR,Thielke,2022
SGX,2022-09-29 00:34,2022-09-29 01:30,2022-09-29 00:34,202209290130,FA,C,Y,108,EXP,CAC071,52077.98046875,2022-09-29 01:25,00000,N,ER,OO,False,,,,,,,202209290034-KSGX-WGUS86-FLSSGX,JMS,2022
MHX,2022-09-29 15:03,2022-10-01 03:19,2022-09-29 15:03,202210201503,SS,C,W,1009,CAN,NCZ194,787.337158203125,2022-10-01 03:19,,,,,False,,,,,,,202209291503-KMHX-WTUS82-TCVMHX,,2022
MHX,2022-09-29 15:03,2022-10-01 03:19,2022-09-29 15:03,202210201503,TR,C,W,1009,CAN,NCZ194,787.337158203125,2022-10-01 03:19,,,,,False,,,,,,,202209291503-KMHX-WTUS82-TCVMHX,,2022
MLB,2022-09-29 09:41,2022-09-30 03:17,2022-09-29 09:41,202210200941,TR,C,W,1009,CAN,FLZ141,654.7750854492188,2022-09-30 03:17,,,,,False,,,,,,,202209290941-KMLB-WTUS82-TCVMLB,,2022
KEY,2022-09-27 12:21,2022-09-27 12:46,2022-09-27 12:21,202209271315,MA,C,W,407,CAN,GMZ072,6507.1220703125,2022-09-27 12:46,,,,,False,,,,,,,202209271221-KKEY-WHUS52-SMWKEY,TW,2022
MLB,2022-09-28 16:50,2022-09-28 20:00,2022-09-28 16:50,202209282000,FA,C,W,14,NEW,FLC009,2741.7197265625,2022-09-28 16:50,00000,0,ER,OO,False,,,,,,,202209281650-KMLB-WGUS42-FLWMLB,JS,2022
MLB,2022-09-28 16:50,2022-09-28 20:00,2022-09-28 16:50,202209282000,FA,C,W,14,NEW,FLC127,3181.331298828125,2022-09-28 16:50,00000,0,ER,OO,False,,,,,,,202209281650-KMLB-WGUS42-FLWMLB,JS,2022
TBW,2022-09-26 21:17,2022-09-29 09:16,2022-09-26 21:17,202210172117,HU,C,W,1009,CAN,GMZ876,5190.9150390625,2022-09-29 09:16,,,,,False,,,,,,,202209262117-KTBW-WHUS72-MWWTBW,,2022
CAR,2022-09-24 02:00,2022-09-24 19:45,2022-09-23 07:22,202209242100,WI,C,Y,7,CAN,MEZ010,3452.60693359375,2022-09-24 19:45,,,,,False,,,,,,,202209230722-KCAR-WWUS71-NPWCAR,,2022
MFR,2022-09-27 21:00,2022-09-28 03:00,2022-09-26 18:21,202209280300,FW,C,W,31,EXP,CAZ285,9670.861328125,2022-09-28 02:50,,,,,False,,,,,,,202209261821-KMFR-WWUS86-RFWMFR,Visit us at www.weather.,2022
MFR,2022-09-27 21:00,2022-09-28 03:00,2022-09-26 18:21,202209280300,FW,C,W,31,EXP,ORZ624,17427.2421875,2022-09-28 02:50,,,,,False,,,,,,,202209261821-KMFR-WWUS86-RFWMFR,Visit us at www.weather.,2022
BTV,2022-09-24 04:00,2022-09-24 11:29,2022-09-23 18:28,202209241200,FR,C,Y,6,CAN,NYZ087,3129.42724609375,2022-09-24 11:29,,,,,False,,,,,,,202209231828-KBTV-WWUS71-NPWBTV,,2022
TBW,2022-09-28 19:03,2022-09-28 22:00,2022-09-28 19:03,202209282200,EW,C,W,3,NEW,FLC115,1494.819091796875,2022-09-28 19:03,,,,,False,,,,,,,202209281903-KTBW-WFUS52-EWWTBW,TBW,2022
TBW,2022-09-28 19:15,2022-09-28 23:15,2022-09-28 19:15,202209282315,FF,C,W,5,NEW,FLC115,1494.819091796875,2022-09-28 19:15,00000,0,ER,OO,False,,,,,,,202209281915-KTBW-WGUS52-FFWTBW,TBW,2022
TBW,2022-09-28 19:15,2022-09-28 23:15,2022-09-28 19:15,202209282315,FF,C,W,5,NEW,FLC015,1818.09619140625,2022-09-28 19:15,00000,0,ER,OO,False,,,,,,,202209281915-KTBW-WGUS52-FFWTBW,TBW,2022
LOX,2022-09-26 17:00,2022-09-24 20:45,2022-09-23 20:12,202209290300,EH,C,A,6,UPG,CAZ358,547.7880859375,2022-09-24 20:45,,,,,False,,,,,,,202209232012-KLOX-WWUS76-NPWLOX,MW,2022
PQR,2022-09-24 21:00,2022-09-25 07:00,2022-09-23 21:07,202209250700,SC,C,Y,144,CON,PZZ253,1692.9901123046875,2022-09-24 19:38,,,,,False,,,,,,,202209232107-KPQR-WHUS76-MWWPQR,,2022
SGX,2022-09-26 17:00,2022-09-24 20:05,2022-09-23 19:41,202209290300,EH,C,A,4,UPG,CAZ554,1428.1051025390625,2022-09-24 20:05,,,,,False,,,,,,,202209231941-KSGX-WWUS76-NPWSGX,CO,2022
SGX,2022-09-26 17:00,2022-09-24 20:05,2022-09-23 19:41,202209290300,EH,C,A,4,UPG,CAZ043,1511.32373046875,2022-09-24 20:05,,,,,False,,,,,,,202209231941-KSGX-WWUS76-NPWSGX,CO,2022
MHX,2022-09-28 08:00,2022-09-28 08:41,2022-09-27 07:28,202209291200,SC,C,Y,77,UPG,AMZ156,2739.025634765625,2022-09-28 08:41,,,,,False,,,,,,,202209270728-KMHX-WHUS72-MWWMHX,,2022
TWC,2022-09-24 00:41,2022-09-24 03:45,2022-09-24 00:41,202209240345,FA,C,Y,271,EXP,AZC019,23815.521484375,2022-09-24 03:44,00000,N,ER,OO,False,,,,,,,202209240041-KTWC-WGUS85-FLSTWC,WJM,2022
SGX,2022-09-26 17:00,2022-09-24 20:05,2022-09-23 19:41,202209290300,EH,C,A,4,UPG,CAZ552,371.8740539550781,2022-09-24 20:05,,,,,False,,,,,,,202209231941-KSGX-WWUS76-NPWSGX,CO,2022
LIX,2022-09-27 06:00,2022-09-28 03:00,2022-09-26 19:36,202209280000,SC,C,Y,39,EXP,GMZ557,3757.41064453125,2022-09-28 03:04,,,,,False,,,,,,,202209261936-KLIX-WHUS74-MWWLIX,,2022
DVN,2022-09-24 08:02,2022-09-24 15:00,2022-09-24 08:02,202209241400,FG,C,Y,8,EXT,MOZ010,1324.215087890625,2022-09-24 13:32,,,,,False,,,,,,,202209240802-KDVN-WWUS73-NPWDVN,,2022
ALY,2022-09-24 04:00,2022-09-24 12:00,2022-09-23 07:00,202209241200,FR,C,Y,5,EXP,VTZ014,1402.9320068359375,2022-09-24 12:01,,,,,False,,,,,,,202209230700-KALY-WWUS71-NPWALY,,2022
BUF,2022-09-24 02:00,2022-09-24 13:00,2022-09-23 08:14,202209241200,FR,C,Y,4,EXP,NYZ008,3334.0400390625,2022-09-24 13:00,,,,,False,,,,,,,202209230814-KBUF-WWUS71-NPWBUF,TMA,2022
EAX,2022-09-24 07:30,2022-09-24 14:00,2022-09-24 07:30,202209241400,FG,C,Y,3,EXP,MOZ012,1129.1195068359375,2022-09-24 14:08,,,,,False,,,,,,,202209240730-KEAX-WWUS73-NPWEAX,,2022
GRR,2022-09-24 08:00,2022-09-24 22:56,2022-09-23 19:53,202209250000,SC,C,Y,88,CAN,LMZ846,223.4678955078125,2022-09-24 22:56,,,,,False,,,,,,,202209231953-KGRR-WHUS73-MWWGRR,,2022
PQR,2022-09-24 21:00,2022-09-25 07:00,2022-09-24 09:38,202209250700,SC,C,Y,144,CON,PZZ251,2617.516845703125,2022-09-24 19:38,,,,,False,,,,,,,202209240938-KPQR-WHUS76-MWWPQR,,2022
LOX,2022-09-26 17:00,2022-09-25 20:34,2022-09-24 20:45,202209280300,HT,C,Y,16,CAN,CAZ362,88.71891784667969,2022-09-25 20:34,,,,,False,,,,,,,202209242045-KLOX-WWUS76-NPWLOX,,2022
PHI,2022-09-29 10:20,2022-09-30 17:05,2022-09-29 07:16,202210011000,SC,C,Y,79,CAN,ANZ453,1747.80126953125,2022-09-30 17:05,,,,,False,,,,,,,202209290716-KPHI-WHUS71-MWWPHI,MPS,2022
LIX,2022-09-28 14:00,2022-09-29 00:00,2022-09-27 18:51,202209290000,FW,C,W,4,CON,LAZ060,928.456787109375,2022-09-28 20:15,,,,,False,,,,,,,202209271851-KLIX-WWUS84-RFWLIX,,2022
LIX,2022-09-28 14:00,2022-09-29 00:00,2022-09-27 18:51,202209290000,FW,C,W,4,CON,LAZ064,204.39285278320312,2022-09-28 20:15,,,,,False,,,,,,,202209271851-KLIX-WWUS84-RFWLIX,,2022
SGF,2022-09-24 22:04,2022-09-24 22:45,2022-09-24 22:04,202209242245,SV,C,W,220,EXP,MOC203,2599.3115234375,2022-09-24 22:36,,,,,False,,,,,,,202209242204-KSGF-WUUS53-SVRSGF,Melto,2022
LIX,2022-09-28 14:00,2022-09-29 00:00,2022-09-27 18:51,202209290000,FW,C,W,4,CON,LAZ065,606.974853515625,2022-09-28 20:15,,,,,False,,,,,,,202209271851-KLIX-WWUS84-RFWLIX,,2022
LIX,2022-09-28 14:00,2022-09-29 00:00,2022-09-27 18:51,202209290000,FW,C,W,4,CON,LAZ066,3138.92578125,2022-09-28 20:15,,,,,False,,,,,,,202209271851-KLIX-WWUS84-RFWLIX,,2022
SGF,2022-09-24 21:55,2022-09-24 22:45,2022-09-24 21:55,202209242245,SV,C,W,219,EXP,MOC215,3052.774658203125,2022-09-24 22:37,,,,,False,,,,,,,202209242155-KSGF-WUUS53-SVRSGF,Melto,2022
LIX,2022-09-28 14:00,2022-09-29 00:00,2022-09-27 18:51,202209290000,FW,C,W,4,CON,LAZ067,1427.66259765625,2022-09-28 20:15,,,,,False,,,,,,,202209271851-KLIX-WWUS84-RFWLIX,,2022
LIX,2022-09-28 14:00,2022-09-29 00:00,2022-09-27 18:51,202209290000,FW,C,W,4,CON,LAZ068,300.76171875,2022-09-28 20:15,,,,,False,,,,,,,202209271851-KLIX-WWUS84-RFWLIX,,2022
LIX,2022-09-28 14:00,2022-09-29 00:00,2022-09-27 18:51,202209290000,FW,C,W,4,CON,LAZ069,2290.816650390625,2022-09-28 20:15,,,,,False,,,,,,,202209271851-KLIX-WWUS84-RFWLIX,,2022
LIX,2022-09-28 14:00,2022-09-29 00:00,2022-09-27 18:51,202209290000,FW,C,W,4,CON,LAZ071,898.3463745117188,2022-09-28 20:15,,,,,False,,,,,,,202209271851-KLIX-WWUS84-RFWLIX,,2022
LIX,2022-09-28 14:00,2022-09-29 00:00,2022-09-27 18:51,202209290000,FW,C,W,4,CON,LAZ070,1101.229248046875,2022-09-28 20:15,,,,,False,,,,,,,202209271851-KLIX-WWUS84-RFWLIX,,2022
LIX,2022-09-28 14:00,2022-09-29 00:00,2022-09-27 18:51,202209290000,FW,C,W,4,CON,LAZ076,304.0446472167969,2022-09-28 20:15,,,,,False,,,,,,,202209271851-KLIX-WWUS84-RFWLIX,,2022
LIX,2022-09-28 14:00,2022-09-29 00:00,2022-09-27 18:51,202209290000,FW,C,W,4,CON,LAZ078,279.3493347167969,2022-09-28 20:15,,,,,False,,,,,,,202209271851-KLIX-WWUS84-RFWLIX,,2022
LIX,2022-09-28 14:00,2022-09-29 00:00,2022-09-27 18:51,202209290000,FW,C,W,4,CON,LAZ077,241.8096160888672,2022-09-28 20:15,,,,,False,,,,,,,202209271851-KLIX-WWUS84-RFWLIX,,2022
SGF,2022-09-25 00:08,2022-09-25 01:00,2022-09-25 00:08,202209250100,SV,C,W,221,CON,MOC067,2108.882080078125,2022-09-25 00:34,,,,,False,,,,,,,202209250008-KSGF-WUUS53-SVRSGF,Melto,2022
LIX,2022-09-28 14:00,2022-09-29 00:00,2022-09-27 18:51,202209290000,FW,C,W,4,CON,LAZ079,1597.1986083984375,2022-09-28 20:15,,,,,False,,,,,,,202209271851-KLIX-WWUS84-RFWLIX,,2022
PAH,2022-09-25 00:01,2022-09-25 00:15,2022-09-25 00:01,202209250015,SV,C,W,224,EXP,MOC181,1635.4034423828125,2022-09-25 00:15,,,,,False,,,,,,,202209250001-KPAH-WUUS53-SVRPAH,DW,2022
LIX,2022-09-28 14:00,2022-09-29 00:00,2022-09-27 18:51,202209290000,FW,C,W,4,CON,LAZ081,741.3682250976562,2022-09-28 20:15,,,,,False,,,,,,,202209271851-KLIX-WWUS84-RFWLIX,,2022
PHI,2022-09-25 11:00,2022-09-26 00:00,2022-09-25 00:34,202209260000,RP,C,S,7,CON,NJZ014,189.35797119140625,2022-09-25 09:54,,,,,False,,,,,,,202209250034-KPHI-WHUS41-CFWPHI,Brudy,2022
LIX,2022-09-28 14:00,2022-09-29 00:00,2022-09-27 18:51,202209290000,FW,C,W,4,CON,MSZ069,1896.944580078125,2022-09-28 20:15,,,,,False,,,,,,,202209271851-KLIX-WWUS84-RFWLIX,,2022
LIX,2022-09-28 14:00,2022-09-29 00:00,2022-09-27 18:51,202209290000,FW,C,W,4,CON,MSZ082,1910.6868896484375,2022-09-28 20:15,,,,,False,,,,,,,202209271851-KLIX-WWUS84-RFWLIX,,2022
MEG,2022-09-25 01:26,2022-09-25 01:45,2022-09-25 01:26,202209250215,SV,C,W,213,CAN,ARC031,1846.409423828125,2022-09-25 01:45,,,,,False,,,,,,,202209250126-KMEG-WUUS54-SVRMEG,,2022
GUM,2022-09-24 20:00,2022-09-25 06:25,2022-09-23 19:01,202209250800,SC,C,Y,30,CAN,PMZ152,13085.26171875,2022-09-25 06:25,,,,,False,,,,,,,202209231901-PGUM-WHGM70-MWWGUM,Pavliukoit,2022
MFL,2022-09-28 20:19,2022-09-28 22:00,2022-09-28 20:19,202209282200,FA,C,Y,259,CON,FLC011,3161.671630859375,2022-09-28 21:20,00000,N,ER,OO,False,,,,,,,202209282019-KMFL-WGUS82-FLSMFL,BAXTER,2022
MFL,2022-09-28 20:19,2022-09-28 22:00,2022-09-28 20:19,202209282200,FA,C,Y,259,CON,FLC086,5094.58447265625,2022-09-28 21:20,00000,N,ER,OO,False,,,,,,,202209282019-KMFL-WGUS82-FLSMFL,BAXTER,2022
MLB,2022-09-28 20:22,2022-09-29 00:15,2022-09-28 20:22,202209290015,FA,C,W,15,NEW,FLC009,2741.7197265625,2022-09-28 20:22,00000,0,ER,OO,False,,,,,,,202209282022-KMLB-WGUS42-FLWMLB,JS,2022
MFL,2022-09-28 20:53,2022-09-28 22:00,2022-09-28 20:53,202209282200,FA,C,Y,260,NEW,FLC099,5142.36865234375,2022-09-28 20:53,00000,N,ER,OO,False,,,,,,,202209282053-KMFL-WGUS82-FLSMFL,BAXTER,2022
PBZ,2022-09-25 13:40,2022-09-25 14:30,2022-09-25 13:40,202209251430,SV,C,W,216,EXP,PAC059,1495.45947265625,2022-09-25 14:27,,,,,False,,,,,,,202209251340-KPBZ-WUUS51-SVRPBZ,,2022
SGX,2022-09-28 20:57,2022-09-28 22:45,2022-09-28 20:57,202209282245,FA,C,Y,104,NEW,CAC071,52077.98046875,2022-09-28 20:57,00000,N,ER,OO,False,,,,,,,202209282057-KSGX-WGUS86-FLSSGX,SGX,2022
SGX,2022-09-28 20:57,2022-09-28 22:45,2022-09-28 20:57,202209282245,FA,C,Y,104,NEW,CAC065,18922.111328125,2022-09-28 20:57,00000,N,ER,OO,False,,,,,,,202209282057-KSGX-WGUS86-FLSSGX,SGX,2022
LWX,2022-09-25 15:40,2022-09-25 20:26,2022-09-25 15:40,202209252300,SV,C,A,543,CAN,VAC099,478.3931884765625,2022-09-25 20:26,,,,,False,,,,,,,202209251540-KLWX-WWUS61-WCNLWX,,2022
LWX,2022-09-25 15:40,2022-09-25 19:17,2022-09-25 15:40,202209252300,SV,C,A,543,CAN,VAC091,1076.4923095703125,2022-09-25 19:17,,,,,False,,,,,,,202209251540-KLWX-WWUS61-WCNLWX,,2022
MHX,2022-09-28 20:58,2022-09-29 09:13,2022-09-28 20:58,202210192058,TR,C,A,1009,UPG,NCZ199,494.9266052246094,2022-09-29 09:13,,,,,False,,,,,,,202209282058-KMHX-WTUS82-TCVMHX,,2022
MHX,2022-09-28 20:58,2022-09-29 09:13,2022-09-28 20:58,202210192058,TR,C,A,1009,UPG,NCZ195,534.33056640625,2022-09-29 09:13,,,,,False,,,,,,,202209282058-KMHX-WTUS82-TCVMHX,,2022
MTR,2022-09-25 22:00,2022-09-26 04:00,2022-09-25 15:38,202209260400,SC,C,Y,225,EXP,PZZ530,697.38232421875,2022-09-26 03:35,,,,,False,,,,,,,202209251538-KMTR-WHUS76-MWWMTR,,2022
ILM,2022-09-28 21:05,2022-09-29 15:09,2022-09-28 21:05,202210192105,TR,C,A,1009,UPG,SCZ033,1279.970703125,2022-09-29 15:09,,,,,False,,,,,,,202209282105-KILM-WTUS82-TCVILM,,2022
LWX,2022-09-25 15:40,2022-09-25 19:17,2022-09-25 15:40,202209252300,SV,C,A,543,CAN,VAC139,812.8804931640625,2022-09-25 19:17,,,,,False,,,,,,,202209251540-KLWX-WWUS61-WCNLWX,,2022
MHX,2022-09-29 06:00,2022-09-28 21:09,2022-09-28 08:41,202210010500,GL,C,W,20,CAN,AMZ158,4143.7119140625,2022-09-28 21:09,,,,,False,,,,,,,202209280841-KMHX-WHUS72-MWWMHX,,2022
MHX,2022-09-29 06:00,2022-09-28 21:09,2022-09-28 08:41,202210010500,GL,C,W,20,CAN,AMZ156,2739.025634765625,2022-09-28 21:09,,,,,False,,,,,,,202209280841-KMHX-WHUS72-MWWMHX,,2022
MHX,2022-09-29 09:55,2022-09-29 15:12,2022-09-28 08:41,202209301800,GL,C,W,20,CAN,AMZ154,1929.5477294921875,2022-09-29 15:12,,,,,False,,,,,,,202209280841-KMHX-WHUS72-MWWMHX,,2022
LWX,2022-09-25 16:10,2022-09-25 16:43,2022-09-25 16:10,202209251700,SV,C,W,407,CAN,WVC003,832.053466796875,2022-09-25 16:43,,,,,False,,,,,,,202209251610-KLWX-WUUS51-SVRLWX,Belak,2022
LWX,2022-09-25 16:10,2022-09-25 16:43,2022-09-25 16:10,202209251700,SV,C,W,407,CAN,VAC069,1075.5433349609375,2022-09-25 16:43,,,,,False,,,,,,,202209251610-KLWX-WUUS51-SVRLWX,Belak,2022
LWX,2022-09-25 16:10,2022-09-25 16:43,2022-09-25 16:10,202209251700,SV,C,W,407,CAN,WVC065,594.2600708007812,2022-09-25 16:43,,,,,False,,,,,,,202209251610-KLWX-WUUS51-SVRLWX,Belak,2022
MHX,2022-09-29 12:00,2022-09-29 10:34,2022-09-28 22:08,202210011200,CF,C,Y,16,UPG,NCZ080,2155.989501953125,2022-09-29 10:34,,,,,False,,,,,,,202209282208-KMHX-WHUS42-CFWMHX,,2022
MHX,2022-09-29 12:00,2022-09-29 15:06,2022-09-28 22:08,202210011200,CF,C,W,4,CAN,NCZ094,883.4097900390625,2022-09-29 15:06,,,,,False,,,,,,,202209282208-KMHX-WHUS42-CFWMHX,,2022
SGX,2022-09-28 22:57,2022-09-28 23:23,2022-09-28 22:57,202209290100,FA,C,Y,107,CAN,CAC065,18922.111328125,2022-09-28 23:23,00000,N,ER,OO,False,,,,,,,202209282257-KSGX-WGUS86-FLSSGX,RK,2022
TWC,2022-09-28 23:23,2022-09-29 02:30,2022-09-28 23:23,202209290230,FF,C,W,162,EXP,AZC019,23815.521484375,2022-09-29 02:21,00000,0,ER,OO,False,,,,,,,202209282323-KTWC-WGUS55-FFWTWC,CWR,2022
TBW,2022-09-28 23:29,2022-09-29 01:30,2022-09-28 23:29,202209290130,EW,C,W,5,NEW,FLC049,1655.9881591796875,2022-09-28 23:29,,,,,False,,,,,,,202209282329-KTBW-WFUS52-EWWTBW,TBW,2022
PHI,2022-09-25 18:48,2022-09-25 19:15,2022-09-25 18:48,202209251915,MA,C,W,118,NEW,ANZ430,1024.7374267578125,2022-09-25 18:48,,,,,False,,,,,,,202209251848-KPHI-WHUS51-SMWPHI,Fitzsimmons,2022
PSR,2022-09-28 22:50,2022-09-28 23:45,2022-09-28 22:50,202209282345,DS,C,Y,122,EXP,AZC021,13926.7177734375,2022-09-28 23:40,,,,,False,,,,,,,202209282250-KPSR-WWUS55-DSWPSR,Hirsch,2022
RIW,2022-09-28 18:00,2022-09-29 00:00,2022-09-27 19:42,202209290000,FW,C,W,12,EXP,WYZ280,8431.865234375,2022-09-28 23:53,,,,,False,,,,,,,202209271942-KRIW-WWUS85-RFWRIW,http://weather.gov/river,2022
TBW,2022-09-28 23:47,2022-09-29 02:45,2022-09-28 23:47,202209290245,FF,C,W,7,NEW,FLC115,1494.819091796875,2022-09-28 23:47,00000,0,ER,OO,True,,,,,,,202209282347-KTBW-WGUS52-FFWTBW,TBW,2022
LOX,2022-09-26 17:00,2022-09-29 03:00,2022-09-24 20:45,202209280300,HT,C,Y,16,CON,CAZ357,44.880252838134766,2022-09-29 00:30,,,,,False,,,,,,,202209242045-KLOX-WWUS76-NPWLOX,,2022
LOX,2022-09-26 17:00,2022-09-29 03:00,2022-09-24 20:45,202209280300,HT,C,Y,16,CON,CAZ359,777.7288818359375,2022-09-29 00:30,,,,,False,,,,,,,202209242045-KLOX-WWUS76-NPWLOX,,2022
LOX,2022-09-26 17:00,2022-09-29 03:00,2022-09-24 20:45,202209280300,HT,C,Y,16,CON,CAZ358,547.7880859375,2022-09-29 00:30,,,,,False,,,,,,,202209242045-KLOX-WWUS76-NPWLOX,,2022
OKX,2022-09-26 02:50,2022-09-26 04:41,2022-09-26 02:50,202209260600,FA,C,Y,133,CAN,NYC103,2414.2958984375,2022-09-26 04:41,00000,N,ER,OO,False,,,,,,,202209260250-KOKX-WGUS81-FLSOKX,JM,2022
JAX,2022-09-27 08:50,2022-09-29 09:23,2022-09-27 08:50,202209301800,FA,C,A,5,CAN,FLZ132,240.88516235351562,2022-09-29 09:23,00000,0,ER,OO,False,,,,,,,202209270850-KJAX-WGUS62-FFAJAX,HESS,2022
LWX,2022-09-25 15:40,2022-09-25 19:55,2022-09-25 15:40,202209252300,SV,C,A,543,CAN,MDC013,1170.3468017578125,2022-09-25 19:55,,,,,False,,,,,,,202209251540-KLWX-WWUS61-WCNLWX,,2022
PHI,2022-09-25 19:25,2022-09-25 19:42,2022-09-25 19:25,202209252015,SV,C,W,168,CAN,NJC033,878.9026489257812,2022-09-25 19:42,,,,,False,,,,,,,202209251925-KPHI-WUUS51-SVRPHI,Fitzsimmons,2022
LWX,2022-09-25 15:40,2022-09-25 19:55,2022-09-25 15:40,202209252300,SV,C,A,543,CAN,VAC061,1685.903564453125,2022-09-25 19:55,,,,,False,,,,,,,202209251540-KLWX-WWUS61-WCNLWX,,2022
LWX,2022-09-25 15:40,2022-09-25 20:26,2022-09-25 15:40,202209252300,SV,C,A,543,CAN,VAC510,40.047306060791016,2022-09-25 20:26,,,,,False,,,,,,,202209251540-KLWX-WWUS61-WCNLWX,,2022
LWX,2022-09-25 15:40,2022-09-25 20:26,2022-09-25 15:40,202209252300,SV,C,A,543,CAN,VAC177,1066.9832763671875,2022-09-25 20:26,,,,,False,,,,,,,202209251540-KLWX-WWUS61-WCNLWX,,2022
LWX,2022-09-25 15:40,2022-09-25 20:26,2022-09-25 15:40,202209252300,SV,C,A,543,CAN,VAC179,709.1773681640625,2022-09-25 20:26,,,,,False,,,,,,,202209251540-KLWX-WWUS61-WCNLWX,,2022
RNK,2022-09-25 19:24,2022-09-25 19:57,2022-09-25 19:24,202209252030,SV,C,W,271,CAN,VAC031,1313.298095703125,2022-09-25 19:57,,,,,False,,,,,,,202209251924-KRNK-WUUS51-SVRRNK,ET,2022
RNK,2022-09-25 19:24,2022-09-25 19:57,2022-09-25 19:24,202209252030,SV,C,W,271,CAN,VAC037,1236.0079345703125,2022-09-25 19:57,,,,,False,,,,,,,202209251924-KRNK-WUUS51-SVRRNK,ET,2022
RNK,2022-09-25 19:24,2022-09-25 19:48,2022-09-25 19:24,202209252030,SV,C,W,271,CAN,VAC011,866.435546875,2022-09-25 19:48,,,,,False,,,,,,,202209251924-KRNK-WUUS51-SVRRNK,ET,2022
LIX,2022-09-29 14:00,2022-09-29 08:41,2022-09-27 18:51,202209292300,FW,C,A,2,UPG,MSZ080,1253.59521484375,2022-09-29 08:41,,,,,False,,,,,,,202209271851-KLIX-WWUS84-RFWLIX,,2022
LWX,2022-09-25 15:40,2022-09-25 21:15,2022-09-25 15:40,202209252300,SV,C,A,543,CAN,ANZ539,106.7416000366211,2022-09-25 21:15,,,,,False,,,,,,,202209251540-KLWX-WWUS61-WCNLWX,,2022
LWX,2022-09-25 15:40,2022-09-25 20:26,2022-09-25 15:40,202209252300,SV,C,A,543,CAN,VAC630,27.181068420410156,2022-09-25 20:26,,,,,False,,,,,,,202209251540-KLWX-WWUS61-WCNLWX,,2022
LWX,2022-09-25 15:40,2022-09-25 20:26,2022-09-25 15:40,202209252300,SV,C,A,543,CAN,VAC610,5.0828070640563965,2022-09-25 20:26,,,,,False,,,,,,,202209251540-KLWX-WWUS61-WCNLWX,,2022
LWX,2022-09-25 15:40,2022-09-25 21:15,2022-09-25 15:40,202209252300,SV,C,A,543,CAN,ANZ541,312.7153015136719,2022-09-25 21:15,,,,,False,,,,,,,202209251540-KLWX-WWUS61-WCNLWX,,2022
LWX,2022-09-25 15:40,2022-09-25 20:26,2022-09-25 15:40,202209252300,SV,C,A,543,CAN,VAC600,16.45564842224121,2022-09-25 20:26,,,,,False,,,,,,,202209251540-KLWX-WWUS61-WCNLWX,,2022
LWX,2022-09-25 15:40,2022-09-25 21:15,2022-09-25 15:40,202209252300,SV,C,A,543,CAN,ANZ540,172.08694458007812,2022-09-25 21:15,,,,,False,,,,,,,202209251540-KLWX-WWUS61-WCNLWX,,2022
LIX,2022-09-29 14:00,2022-09-29 08:41,2022-09-27 18:51,202209292300,FW,C,A,2,UPG,MSZ082,1910.6868896484375,2022-09-29 08:41,,,,,False,,,,,,,202209271851-KLIX-WWUS84-RFWLIX,,2022
TBW,2022-09-29 01:07,2022-09-29 05:00,2022-09-29 01:07,202209290500,FF,C,W,8,NEW,FLC049,1655.9881591796875,2022-09-29 01:07,00000,0,ER,OO,False,,,,,,,202209290107-KTBW-WGUS52-FFWTBW,TBW,2022
TBW,2022-09-29 01:07,2022-09-29 05:00,2022-09-29 01:07,202209290500,FF,C,W,8,NEW,FLC055,2869.966796875,2022-09-29 01:07,00000,0,ER,OO,False,,,,,,,202209290107-KTBW-WGUS52-FFWTBW,TBW,2022
TBW,2022-09-29 01:07,2022-09-29 05:00,2022-09-29 01:07,202209290500,FF,C,W,8,NEW,FLC105,5213.7373046875,2022-09-29 01:07,00000,0,ER,OO,False,,,,,,,202209290107-KTBW-WGUS52-FFWTBW,TBW,2022
RNK,2022-09-25 20:56,2022-09-25 23:00,2022-09-25 20:56,202209252300,FA,C,Y,139,NEW,VAC690,28.51079750061035,2022-09-25 20:56,00000,N,ER,OO,False,,,,,,,202209252056-KRNK-WGUS81-FLSRNK,ET,2022
SGX,2022-09-25 21:09,2022-09-25 23:15,2022-09-25 21:09,202209252315,FA,C,Y,103,EXP,CAC073,10994.486328125,2022-09-25 23:09,00000,N,ER,OO,False,,,,,,,202209252109-KSGX-WGUS86-FLSSGX,Schenk,2022
PHI,2022-09-25 20:55,2022-09-25 21:30,2022-09-25 20:55,202209252130,SV,C,W,169,CON,MDC041,713.1586303710938,2022-09-25 21:17,,,,,False,,,,,,,202209252055-KPHI-WUUS51-SVRPHI,BIRCHFIELD,2022
AKQ,2022-09-25 20:55,2022-09-25 21:45,2022-09-25 20:55,202209252145,SV,C,W,259,CON,VAC036,520.2352294921875,2022-09-25 21:19,,,,,False,,,,,,,202209252055-KAKQ-WUUS51-SVRAKQ,BROWN,2022
AKQ,2022-09-25 20:55,2022-09-25 21:45,2022-09-25 20:55,202209252145,SV,C,W,259,CON,VAC700,180.84361267089844,2022-09-25 21:19,,,,,False,,,,,,,202209252055-KAKQ-WUUS51-SVRAKQ,BROWN,2022
AKQ,2022-09-25 20:55,2022-09-25 21:45,2022-09-25 20:55,202209252145,SV,C,W,259,CON,VAC830,23.631242752075195,2022-09-25 21:19,,,,,False,,,,,,,202209252055-KAKQ-WUUS51-SVRAKQ,BROWN,2022
PSR,2022-09-28 21:59,2022-09-29 01:21,2022-09-28 21:59,202209290400,FF,C,W,309,CAN,CAC065,18922.111328125,2022-09-29 01:21,00000,0,ER,OO,False,,,,,,,202209282159-KPSR-WGUS55-FFWPSR,Hirsch,2022
SHV,2022-09-25 21:34,2022-09-25 22:15,2022-09-25 21:34,202209252215,SV,C,W,219,NEW,TXC037,2387.401611328125,2022-09-25 21:34,,,,,False,,,,,,,202209252134-KSHV-WUUS54-SVRSHV,19,2022
FWD,2022-09-25 21:18,2022-09-25 21:39,2022-09-25 21:18,202209252200,SV,C,W,217,CAN,TXC085,2295.47705078125,2022-09-25 21:39,,,,,False,,,,,,,202209252118-KFWD-WUUS54-SVRFWD,30,2022
SHV,2022-09-25 21:39,2022-09-25 22:30,2022-09-25 21:39,202209252230,SV,C,W,221,NEW,ARC091,1649.507568359375,2022-09-25 21:39,,,,,False,,,,,,,202209252139-KSHV-WUUS54-SVRSHV,19,2022
SHV,2022-09-25 21:35,2022-09-25 21:55,2022-09-25 21:35,202209252215,SV,C,W,220,CAN,ARC139,2734.536376953125,2022-09-25 21:55,,,,,False,,,,,,,202209252135-KSHV-WUUS54-SVRSHV,26,2022
MKX,2022-09-25 22:59,2022-09-25 23:45,2022-09-25 22:59,202209252345,SV,C,W,109,CON,WIC133,1500.6826171875,2022-09-25 23:33,,,,,False,,,,,,,202209252259-KMKX-WUUS53-SVRMKX,PATTERSON,2022
GSP,2022-09-25 23:30,2022-09-25 23:55,2022-09-25 23:30,202209260015,SV,C,W,323,CAN,NCC087,1436.324951171875,2022-09-25 23:55,,,,,False,,,,,,,202209252330-KGSP-WUUS52-SVRGSP,KRENTZ,2022
LOT,2022-09-25 23:42,2022-09-26 00:23,2022-09-25 23:42,202209260045,SV,C,W,140,CAN,ILC111,1580.3455810546875,2022-09-26 00:23,,,,,False,,,,,,,202209252342-KLOT-WUUS53-SVRLOT,Carlaw,2022
LOT,2022-09-25 23:42,2022-09-26 00:28,2022-09-25 23:42,202209260045,SV,C,W,140,CAN,ILC097,1216.920166015625,2022-09-26 00:28,,,,,False,,,,,,,202209252342-KLOT-WUUS53-SVRLOT,Carlaw,2022
KEY,2022-09-28 21:23,2022-09-29 14:27,2022-09-28 21:23,202209290900,SC,C,Y,38,CAN,GMZ031,1551.919189453125,2022-09-29 14:27,,,,,False,,,,,,,202209282123-KKEY-WHUS72-MWWKEY,CLR,2022
KEY,2022-09-28 21:23,2022-09-29 14:27,2022-09-28 21:23,202209290900,SC,C,Y,38,CAN,GMZ032,2121.407470703125,2022-09-29 14:27,,,,,False,,,,,,,202209282123-KKEY-WHUS72-MWWKEY,CLR,2022
TBW,2022-09-29 02:45,2022-09-29 05:00,2022-09-29 02:45,202209290500,FF,C,W,9,NEW,FLC055,2869.966796875,2022-09-29 02:45,00000,0,ER,OO,False,,,,,,,202209290245-KTBW-WGUS52-FFWTBW,TBW,2022
TBW,2022-09-29 02:45,2022-09-29 05:00,2022-09-29 02:45,202209290500,FF,C,W,9,NEW,FLC049,1655.9881591796875,2022-09-29 02:45,00000,0,ER,OO,False,,,,,,,202209290245-KTBW-WGUS52-FFWTBW,TBW,2022
TBW,2022-09-29 02:45,2022-09-29 05:00,2022-09-29 02:45,202209290500,FF,C,W,9,NEW,FLC027,1659.1502685546875,2022-09-29 02:45,00000,0,ER,OO,False,,,,,,,202209290245-KTBW-WGUS52-FFWTBW,TBW,2022
MFL,2022-09-26 03:04,2022-09-26 10:59,2022-09-26 03:04,202210170304,SS,C,A,1009,CAN,FLZ070,4463.77685546875,2022-09-26 10:59,,,,,False,,,,,,,202209260304-KMFL-WTUS82-TCVMFL,,2022
TBW,2022-09-26 03:15,2022-09-26 21:10,2022-09-26 03:15,202210170315,SS,C,A,1009,UPG,FLZ160,560.7767333984375,2022-09-26 21:10,,,,,False,,,,,,,202209260315-KTBW-WTUS82-TCVTBW,,2022
MQT,2022-09-26 05:34,2022-09-26 17:00,2022-09-26 05:34,202209261700,GL,C,W,42,CON,LSZ266,12783.1171875,2022-09-26 14:49,,,,,False,,,,,,,202209260534-KMQT-WHUS73-MWWMQT,,2022
MLB,2022-09-29 03:41,2022-09-29 09:30,2022-09-29 03:41,202209290930,FA,C,W,17,NEW,FLC127,3181.331298828125,2022-09-29 03:41,00000,0,ER,OO,False,,,,,,,202209290341-KMLB-WGUS42-FLWMLB,CL,2022
MLB,2022-09-29 03:41,2022-09-29 09:30,2022-09-29 03:41,202209290930,FA,C,W,17,NEW,FLC097,3908.311279296875,2022-09-29 03:41,00000,0,ER,OO,False,,,,,,,202209290341-KMLB-WGUS42-FLWMLB,CL,2022
MLB,2022-09-29 03:41,2022-09-29 09:30,2022-09-29 03:41,202209290930,FA,C,W,17,NEW,FLC117,894.225830078125,2022-09-29 03:41,00000,0,ER,OO,False,,,,,,,202209290341-KMLB-WGUS42-FLWMLB,CL,2022
MLB,2022-09-29 03:41,2022-09-29 09:30,2022-09-29 03:41,202209290930,FA,C,W,17,NEW,FLC095,2604.07568359375,2022-09-29 03:41,00000,0,ER,OO,False,,,,,,,202209290341-KMLB-WGUS42-FLWMLB,CL,2022
TBW,2022-09-26 09:12,2022-09-26 21:10,2022-09-26 09:12,202210170912,HU,C,A,1009,UPG,FLZ050,739.8617553710938,2022-09-26 21:10,,,,,False,,,,,,,202209260912-KTBW-WTUS82-TCVTBW,,2022
TBW,2022-09-26 09:12,2022-09-26 21:10,2022-09-26 09:12,202210170912,SS,C,A,1009,UPG,FLZ151,726.67138671875,2022-09-26 21:10,,,,,False,,,,,,,202209260912-KTBW-WTUS82-TCVTBW,,2022
TBW,2022-09-26 09:12,2022-09-26 21:10,2022-09-26 09:12,202210170912,HU,C,A,1009,UPG,FLZ151,726.67138671875,2022-09-26 21:10,,,,,False,,,,,,,202209260912-KTBW-WTUS82-TCVTBW,,2022
MLB,2022-09-26 15:10,2022-09-27 03:21,2022-09-26 15:10,202210171510,TR,C,A,1009,UPG,FLZ046,894.225830078125,2022-09-27 03:21,,,,,False,,,,,,,202209261510-KMLB-WTUS82-TCVMLB,,2022
KEY,2022-09-26 15:05,2022-09-27 09:00,2022-09-26 15:05,202210171505,TR,C,A,1009,UPG,FLZ077,32.21444320678711,2022-09-27 09:00,,,,,False,,,,,,,202209261505-KKEY-WTUS82-TCVKEY,CLR,2022
MFL,2022-09-27 20:59,2022-09-29 03:18,2022-09-27 20:59,202210182059,TR,C,W,1009,CAN,FLZ173,557.966064453125,2022-09-29 03:18,,,,,False,,,,,,,202209272059-KMFL-WTUS82-TCVMFL,,2022
MFL,2022-09-27 20:59,2022-09-29 06:15,2022-09-27 20:59,202210182059,HU,C,W,1009,CAN,FLZ069,787.5226440429688,2022-09-29 06:15,,,,,False,,,,,,,202209272059-KMFL-WTUS82-TCVMFL,,2022
TBW,2022-09-26 09:12,2022-09-26 21:10,2022-09-26 09:12,202210170912,HU,C,A,1009,UPG,FLZ260,934.0535888671875,2022-09-26 21:10,,,,,False,,,,,,,202209260912-KTBW-WTUS82-TCVTBW,,2022
APX,2022-09-29 04:00,2022-09-29 13:00,2022-09-28 06:46,202209291300,FZ,C,W,3,CON,MIZ030,1794.7236328125,2022-09-29 06:51,,,,,False,,,,,,,202209280646-KAPX-WWUS73-NPWAPX,,2022
APX,2022-09-29 04:00,2022-09-29 13:00,2022-09-28 06:46,202209291300,FZ,C,W,3,CON,MIZ031,1442.01806640625,2022-09-29 06:51,,,,,False,,,,,,,202209280646-KAPX-WWUS73-NPWAPX,,2022
APX,2022-09-29 04:00,2022-09-29 13:00,2022-09-28 06:46,202209291300,FZ,C,W,3,CON,MIZ032,1488.365966796875,2022-09-29 06:51,,,,,False,,,,,,,202209280646-KAPX-WWUS73-NPWAPX,,2022
MFL,2022-09-27 20:59,2022-09-29 03:18,2022-09-27 20:59,202210182059,TR,C,W,1009,CAN,FLZ172,195.8022003173828,2022-09-29 03:18,,,,,False,,,,,,,202209272059-KMFL-WTUS82-TCVMFL,,2022
GRR,2022-09-29 04:00,2022-09-29 13:00,2022-09-28 18:48,202209291300,FR,C,Y,4,CON,MIZ071,1611.388671875,2022-09-29 07:15,,,,,False,,,,,,,202209281848-KGRR-WWUS73-NPWGRR,,2022
GRB,2022-09-25 23:00,2022-09-28 15:00,2022-09-24 20:07,202209270000,SC,C,Y,66,EXP,LMZ541,769.8352661132812,2022-09-28 15:14,,,,,False,,,,,,,202209242007-KGRB-WHUS73-MWWGRB,AK,2022
KEY,2022-09-28 21:23,2022-09-30 02:23,2022-09-28 21:23,202209290900,SC,C,Y,38,CAN,GMZ074,10149.724609375,2022-09-30 02:23,,,,,False,,,,,,,202209282123-KKEY-WHUS72-MWWKEY,CLR,2022
TBW,2022-09-26 21:10,2022-09-27 09:08,2022-09-26 21:10,202210172110,TR,C,W,1009,UPG,FLZ265,1323.2781982421875,2022-09-27 09:08,,,,,False,,,,,,,202209262110-KTBW-WTUS82-TCVTBW,,2022
TBW,2022-09-26 21:10,2022-09-27 09:08,2022-09-26 21:10,202210172110,HU,C,A,1009,UPG,FLZ265,1323.2781982421875,2022-09-27 09:08,,,,,False,,,,,,,202209262110-KTBW-WTUS82-TCVTBW,,2022
TBW,2022-09-26 21:00,2022-09-29 08:51,2022-09-26 20:59,202209300600,FA,C,A,3,CAN,FLZ052,5213.67724609375,2022-09-29 08:51,00000,0,ER,OO,False,,,,,,,202209262059-KTBW-WGUS62-FFATBW,TBW,2022
TBW,2022-09-26 21:00,2022-09-29 08:51,2022-09-26 20:59,202209300600,FA,C,A,3,CAN,FLZ043,1505.0042724609375,2022-09-29 08:51,00000,0,ER,OO,False,,,,,,,202209262059-KTBW-WGUS62-FFATBW,TBW,2022
TBW,2022-09-26 03:15,2022-09-26 21:10,2022-09-26 03:15,202210170315,TR,C,A,1009,UPG,FLZ165,792.4913330078125,2022-09-26 21:10,,,,,False,,,,,,,202209260315-KTBW-WTUS82-TCVTBW,,2022
TAE,2022-09-26 21:34,2022-09-27 21:04,2022-09-26 21:34,202210172134,TR,C,A,1009,UPG,FLZ115,911.9964599609375,2022-09-27 21:04,,,,,False,,,,,,,202209262134-KTAE-WTUS82-TCVTAE,,2022
TAE,2022-09-26 21:34,2022-09-27 21:04,2022-09-26 21:34,202210172134,TR,C,A,1009,UPG,FLZ127,486.01300048828125,2022-09-27 21:04,,,,,False,,,,,,,202209262134-KTAE-WTUS82-TCVTAE,,2022
MLB,2022-09-27 15:19,2022-09-27 21:17,2022-09-27 15:19,202210181519,HU,C,A,1009,UPG,FLZ045,2604.071533203125,2022-09-27 21:17,,,,,False,,,,,,,202209271519-KMLB-WTUS82-TCVMLB,,2022
LIX,2022-09-29 14:00,2022-09-29 08:41,2022-09-27 18:51,202209292300,FW,C,A,2,CAN,LAZ034,1529.5325927734375,2022-09-29 08:41,,,,,False,,,,,,,202209271851-KLIX-WWUS84-RFWLIX,,2022
LIX,2022-09-29 14:00,2022-09-29 08:41,2022-09-27 18:51,202209292300,FW,C,A,2,CAN,LAZ078,279.3493347167969,2022-09-29 08:41,,,,,False,,,,,,,202209271851-KLIX-WWUS84-RFWLIX,,2022
LIX,2022-09-29 14:00,2022-09-29 08:41,2022-09-27 18:51,202209292300,FW,C,A,2,CAN,LAZ076,304.0446472167969,2022-09-29 08:41,,,,,False,,,,,,,202209271851-KLIX-WWUS84-RFWLIX,,2022
LIX,2022-09-29 14:00,2022-09-29 08:41,2022-09-27 18:51,202209292300,FW,C,A,2,CAN,LAZ077,241.8096160888672,2022-09-29 08:41,,,,,False,,,,,,,202209271851-KLIX-WWUS84-RFWLIX,,2022
LIX,2022-09-29 14:00,2022-09-29 08:41,2022-09-27 18:51,202209292300,FW,C,A,2,CAN,LAZ080,364.2966613769531,2022-09-29 08:41,,,,,False,,,,,,,202209271851-KLIX-WWUS84-RFWLIX,,2022
LIX,2022-09-29 14:00,2022-09-29 08:41,2022-09-27 18:51,202209292300,FW,C,A,2,CAN,LAZ090,298.735107421875,2022-09-29 08:41,,,,,False,,,,,,,202209271851-KLIX-WWUS84-RFWLIX,,2022
LIX,2022-09-29 14:00,2022-09-29 08:41,2022-09-27 18:51,202209292300,FW,C,A,2,CAN,MSZ068,1782.4525146484375,2022-09-29 08:41,,,,,False,,,,,,,202209271851-KLIX-WWUS84-RFWLIX,,2022
MLB,2022-09-29 09:41,2022-09-30 03:17,2022-09-29 09:41,202210200941,TR,C,W,1009,CAN,FLZ347,226.41384887695312,2022-09-30 03:17,,,,,False,,,,,,,202209290941-KMLB-WTUS82-TCVMLB,,2022
MLB,2022-09-29 09:41,2022-09-30 03:17,2022-09-29 09:41,202210200941,TR,C,W,1009,CAN,FLZ447,446.071044921875,2022-09-30 03:17,,,,,False,,,,,,,202209290941-KMLB-WTUS82-TCVMLB,,2022
PSR,2022-09-27 01:25,2022-09-27 04:30,2022-09-27 01:25,202209270430,FF,C,W,306,EXP,AZC021,13926.7177734375,2022-09-27 04:22,00000,0,ER,OO,False,,,,,,,202209270125-KPSR-WGUS55-FFWPSR,GL,2022
MPX,2022-09-27 09:00,2022-09-27 13:00,2022-09-26 19:23,202209271300,FR,C,Y,3,CON,MNZ052,1167.6832275390625,2022-09-27 08:06,,,,,False,,,,,,,202209261923-KMPX-WWUS73-NPWMPX,,2022
TWC,2022-09-26 22:49,2022-09-27 00:45,2022-09-26 22:49,202209270045,FA,C,Y,276,EXP,AZC003,16118.8740234375,2022-09-27 00:43,00000,N,ER,OO,False,,,,,,,202209262249-KTWC-WGUS85-FLSTWC,GLZ,2022
LIX,2022-09-27 14:00,2022-09-28 00:00,2022-09-26 20:19,202209280000,FW,C,W,3,CON,LAZ035,1104.4151611328125,2022-09-27 18:51,,,,,False,,,,,,,202209262019-KLIX-WWUS84-RFWLIX,,2022
LIX,2022-09-27 14:00,2022-09-28 00:00,2022-09-26 20:19,202209280000,FW,C,W,3,CON,LAZ036,1181.1146240234375,2022-09-27 18:51,,,,,False,,,,,,,202209262019-KLIX-WWUS84-RFWLIX,,2022
LIX,2022-09-27 14:00,2022-09-28 00:00,2022-09-26 20:19,202209280000,FW,C,W,3,CON,LAZ076,304.0446472167969,2022-09-27 18:51,,,,,False,,,,,,,202209262019-KLIX-WWUS84-RFWLIX,,2022
LIX,2022-09-27 14:00,2022-09-28 00:00,2022-09-26 20:19,202209280000,FW,C,W,3,CON,LAZ069,2290.816650390625,2022-09-27 18:51,,,,,False,,,,,,,202209262019-KLIX-WWUS84-RFWLIX,,2022
LIX,2022-09-27 14:00,2022-09-28 00:00,2022-09-26 20:19,202209280000,FW,C,W,3,CON,MSZ069,1896.944580078125,2022-09-27 18:51,,,,,False,,,,,,,202209262019-KLIX-WWUS84-RFWLIX,,2022
LIX,2022-09-27 14:00,2022-09-28 00:00,2022-09-26 20:19,202209280000,FW,C,W,3,CON,MSZ080,1253.59521484375,2022-09-27 18:51,,,,,False,,,,,,,202209262019-KLIX-WWUS84-RFWLIX,,2022
TBW,2022-09-29 09:10,2022-09-29 15:30,2022-09-29 09:10,202210200910,TR,C,W,1009,CAN,FLZ251,2045.0164794921875,2022-09-29 15:30,,,,,False,,,,,,,202209290910-KTBW-WTUS82-TCVTBW,,2022
TBW,2022-09-29 09:10,2022-09-29 15:30,2022-09-29 09:10,202210200910,TR,C,W,1009,CAN,FLZ050,739.8617553710938,2022-09-29 15:30,,,,,False,,,,,,,202209290910-KTBW-WTUS82-TCVTBW,,2022
TAE,2022-09-27 09:00,2022-09-27 15:19,2022-09-26 17:58,202209281200,SC,C,Y,42,CAN,GMZ770,6526.013671875,2022-09-27 15:19,,,,,False,,,,,,,202209261758-KTAE-WHUS72-MWWTAE,,2022
MFL,2022-09-27 15:10,2022-09-27 20:59,2022-09-27 15:10,202210181510,TR,C,A,1009,UPG,FLZ172,195.8022003173828,2022-09-27 20:59,,,,,False,,,,,,,202209271510-KMFL-WTUS82-TCVMFL,,2022
MFL,2022-09-27 15:10,2022-09-28 03:05,2022-09-27 15:10,202210181510,HU,C,A,1009,UPG,FLZ070,4463.77685546875,2022-09-28 03:05,,,,,False,,,,,,,202209271510-KMFL-WTUS82-TCVMFL,,2022
MFL,2022-09-27 15:10,2022-09-27 20:59,2022-09-27 15:10,202210181510,HU,C,A,1009,UPG,FLZ069,787.5226440429688,2022-09-27 20:59,,,,,False,,,,,,,202209271510-KMFL-WTUS82-TCVMFL,,2022
MLB,2022-09-27 03:21,2022-09-27 21:17,2022-09-27 03:21,202210180321,TR,C,W,1009,UPG,FLZ058,2013.75390625,2022-09-27 21:17,,,,,False,,,,,,,202209270321-KMLB-WTUS82-TCVMLB,,2022
MLB,2022-09-27 03:21,2022-09-27 21:17,2022-09-27 03:21,202210180321,TR,C,W,1009,UPG,FLZ053,3908.38330078125,2022-09-27 21:17,,,,,False,,,,,,,202209270321-KMLB-WTUS82-TCVMLB,,2022
TBW,2022-09-26 21:10,2022-09-27 15:16,2022-09-26 21:10,202210172110,TR,C,W,1009,UPG,FLZ061,1659.14013671875,2022-09-27 15:16,,,,,False,,,,,,,202209262110-KTBW-WTUS82-TCVTBW,,2022
TBW,2022-09-26 21:10,2022-09-27 15:16,2022-09-26 21:10,202210172110,TR,C,W,1009,UPG,FLZ052,5213.67724609375,2022-09-27 15:16,,,,,False,,,,,,,202209262110-KTBW-WTUS82-TCVTBW,,2022
TBW,2022-09-26 21:10,2022-09-27 15:16,2022-09-26 21:10,202210172110,TR,C,W,1009,UPG,FLZ056,1655.9881591796875,2022-09-27 15:16,,,,,False,,,,,,,202209262110-KTBW-WTUS82-TCVTBW,,2022
TBW,2022-09-27 09:08,2022-09-27 15:16,2022-09-27 09:08,202210180908,HU,C,A,1009,UPG,FLZ052,5213.67724609375,2022-09-27 15:16,,,,,False,,,,,,,202209270908-KTBW-WTUS82-TCVTBW,,2022
TBW,2022-09-26 21:10,2022-09-27 21:27,2022-09-26 21:10,202210172110,TR,C,W,1009,UPG,FLZ057,2869.966796875,2022-09-27 21:27,,,,,False,,,,,,,202209262110-KTBW-WTUS82-TCVTBW,,2022
KEY,2022-09-27 06:02,2022-09-27 06:16,2022-09-27 06:02,202209270630,MA,C,W,395,CAN,GMZ053,1826.0162353515625,2022-09-27 06:16,,,,,False,,,,,,,202209270602-KKEY-WHUS52-SMWKEY,JAM,2022
DLH,2022-09-27 07:00,2022-09-27 14:00,2022-09-26 23:31,202209271400,FZ,C,W,2,EXP,MNZ010,8144.888671875,2022-09-27 14:04,,,,,False,,,,,,,202209262331-KDLH-WWUS73-NPWDLH,,2022
PHI,2022-09-29 10:20,2022-09-29 18:59,2022-09-29 07:16,202210011000,SC,C,Y,79,CAN,ANZ451,2562.346435546875,2022-09-29 18:59,,,,,False,,,,,,,202209290716-KPHI-WHUS71-MWWPHI,MPS,2022
TAE,2022-09-26 21:33,2022-09-27 15:19,2022-09-26 21:33,202210172133,TR,C,A,1009,UPG,GMZ730,1865.003173828125,2022-09-27 15:19,,,,,False,,,,,,,202209262133-KTAE-WHUS72-MWWTAE,,2022
TAE,2022-09-26 21:33,2022-09-27 15:19,2022-09-26 21:33,202210172133,TR,C,A,1009,UPG,GMZ765,2776.03466796875,2022-09-27 15:19,,,,,False,,,,,,,202209262133-KTAE-WHUS72-MWWTAE,,2022
MHX,2022-09-29 12:00,2022-10-01 00:00,2022-09-29 10:34,202209300000,BH,C,S,50,EXP,NCZ196,794.1854858398438,2022-10-01 00:13,,,,,False,,,,,,,202209291034-KMHX-WHUS42-CFWMHX,,2022
MHX,2022-09-29 12:00,2022-09-29 15:06,2022-09-29 10:34,202210011200,CF,C,Y,16,CAN,NCZ204,24.789817810058594,2022-09-29 15:06,,,,,False,,,,,,,202209291034-KMHX-WHUS42-CFWMHX,,2022
JAN,2022-09-28 14:00,2022-09-27 19:22,2022-09-26 19:46,202209290100,FW,C,A,1,UPG,MSZ061,1469.1240234375,2022-09-27 19:22,,,,,False,,,,,,,202209261946-KJAN-WWUS84-RFWJAN,NF,2022
MHX,2022-09-29 12:00,2022-09-29 15:06,2022-09-29 10:34,202210011200,CF,C,W,4,CAN,NCZ080,2155.989501953125,2022-09-29 15:06,,,,,False,,,,,,,202209291034-KMHX-WHUS42-CFWMHX,,2022
JAN,2022-09-28 14:00,2022-09-27 19:22,2022-09-26 19:46,202209290100,FW,C,A,1,UPG,LAZ016,1685.87158203125,2022-09-27 19:22,,,,,False,,,,,,,202209261946-KJAN-WWUS84-RFWJAN,NF,2022
JAN,2022-09-28 14:00,2022-09-27 19:22,2022-09-26 19:46,202209290100,FW,C,A,1,UPG,LAZ023,1647.0838623046875,2022-09-27 19:22,,,,,False,,,,,,,202209261946-KJAN-WWUS84-RFWJAN,NF,2022
MFR,2022-09-29 22:00,2022-10-02 00:00,2022-09-29 05:48,202210010600,SC,C,Y,98,CON,PZZ376,12508.740234375,2022-10-01 09:30,,,,,False,,,,,,,202209290548-KMFR-WHUS76-MWWMFR,Visit us at https://www.,2022
MLB,2022-09-26 18:29,2022-09-29 11:41,2022-09-26 18:29,202209300600,FA,C,A,2,CAN,FLZ159,386.3283996582031,2022-09-29 11:41,00000,0,ER,OO,False,,,,,,,202209261829-KMLB-WGUS62-FFAMLB,Schaper/Smith,2022
MLB,2022-09-26 18:29,2022-09-29 11:41,2022-09-26 18:29,202209300600,FA,C,A,2,CAN,FLZ264,1087.8250732421875,2022-09-29 11:41,00000,0,ER,OO,False,,,,,,,202209261829-KMLB-WGUS62-FFAMLB,Schaper/Smith,2022
MLB,2022-09-26 18:29,2022-09-30 02:00,2022-09-26 18:29,202209300600,FA,C,A,2,EXP,FLZ247,330.4070129394531,2022-09-30 02:11,00000,0,ER,OO,False,,,,,,,202209261829-KMLB-WGUS62-FFAMLB,Schaper/Smith,2022
MLB,2022-09-26 18:29,2022-09-29 18:15,2022-09-26 18:29,202209300600,FA,C,A,2,CAN,FLZ747,132.90597534179688,2022-09-29 18:15,00000,0,ER,OO,False,,,,,,,202209261829-KMLB-WGUS62-FFAMLB,Schaper/Smith,2022
MLB,2022-09-26 18:29,2022-09-29 18:15,2022-09-26 18:29,202209300600,FA,C,A,2,CAN,FLZ547,1152.2489013671875,2022-09-29 18:15,00000,0,ER,OO,False,,,,,,,202209261829-KMLB-WGUS62-FFAMLB,Schaper/Smith,2022
MLB,2022-09-27 09:31,2022-09-28 15:30,2022-09-27 09:31,202210180931,TR,C,W,1009,UPG,FLZ247,330.4070129394531,2022-09-28 15:30,,,,,False,,,,,,,202209270931-KMLB-WTUS82-TCVMLB,,2022
TBW,2022-09-29 09:10,2022-09-29 15:30,2022-09-29 09:10,202210200910,TR,C,W,1009,CAN,FLZ162,705.6476440429688,2022-09-29 15:30,,,,,False,,,,,,,202209290910-KTBW-WTUS82-TCVTBW,,2022
TBW,2022-09-29 09:10,2022-09-29 15:30,2022-09-29 09:10,202210200910,TR,C,W,1009,CAN,FLZ265,1323.2781982421875,2022-09-29 15:30,,,,,False,,,,,,,202209290910-KTBW-WTUS82-TCVTBW,,2022
TBW,2022-09-29 09:10,2022-09-29 15:30,2022-09-29 09:10,202210200910,TR,C,W,1009,CAN,FLZ061,1659.14013671875,2022-09-29 15:30,,,,,False,,,,,,,202209290910-KTBW-WTUS82-TCVTBW,,2022
TBW,2022-09-26 21:10,2022-09-27 15:16,2022-09-26 21:10,202210172110,SS,C,A,1009,UPG,FLZ139,967.8929443359375,2022-09-27 15:16,,,,,False,,,,,,,202209262110-KTBW-WTUS82-TCVTBW,,2022
TBW,2022-09-26 21:10,2022-09-27 21:27,2022-09-26 21:10,202210172110,HU,C,A,1009,CAN,FLZ142,374.01318359375,2022-09-27 21:27,,,,,False,,,,,,,202209262110-KTBW-WTUS82-TCVTBW,,2022
TBW,2022-09-26 21:10,2022-09-27 21:27,2022-09-26 21:10,202210172110,HU,C,A,1009,CAN,FLZ239,1972.1533203125,2022-09-27 21:27,,,,,False,,,,,,,202209262110-KTBW-WTUS82-TCVTBW,,2022
TBW,2022-09-26 21:10,2022-09-27 21:27,2022-09-26 21:10,202210172110,HU,C,A,1009,CAN,FLZ148,260.2538757324219,2022-09-27 21:27,,,,,False,,,,,,,202209262110-KTBW-WTUS82-TCVTBW,,2022
MLB,2022-09-29 07:24,2022-09-29 15:30,2022-09-29 07:24,202209291030,FF,C,W,5,EXP,FLC095,2604.07568359375,2022-09-29 15:28,00000,0,ER,OO,False,,,,,,,202209290724-KMLB-WGUS52-FFWMLB,CL,2022
MFL,2022-09-27 03:05,2022-09-28 03:05,2022-09-27 03:05,202210180305,TR,C,W,1009,UPG,FLZ070,4463.77685546875,2022-09-28 03:05,,,,,False,,,,,,,202209270305-KMFL-WTUS82-TCVMFL,,2022
MFL,2022-09-27 09:02,2022-09-27 15:10,2022-09-27 09:02,202210180902,TR,C,A,1009,UPG,FLZ067,4095.630615234375,2022-09-27 15:10,,,,,False,,,,,,,202209270902-KMFL-WTUS82-TCVMFL,,2022
MHX,2022-09-29 09:13,2022-10-01 03:19,2022-09-29 09:13,202210200913,TR,C,W,1009,CAN,NCZ196,794.1854858398438,2022-10-01 03:19,,,,,False,,,,,,,202209290913-KMHX-WTUS82-TCVMHX,,2022
MOB,2022-09-27 11:00,2022-09-28 03:13,2022-09-26 22:43,202209281200,SC,C,Y,42,UPG,GMZ636,211.72811889648438,2022-09-28 03:13,,,,,False,,,,,,,202209262243-KMOB-WHUS74-MWWMOB,,2022
JAX,2022-09-27 15:13,2022-09-30 08:55,2022-09-27 15:13,202210181513,TR,C,W,1009,CAN,FLZ125,918.8072509765625,2022-09-30 08:55,,,,,False,,,,,,,202209271513-KJAX-WTUS82-TCVJAX,,2022
PQR,2022-09-27 09:06,2022-09-27 18:00,2022-09-27 09:06,202209271800,MF,C,Y,22,CON,PZZ210,385.99688720703125,2022-09-27 15:28,,,,,False,,,,,,,202209270906-KPQR-WHUS76-MWWPQR,,2022
MFL,2022-09-27 16:21,2022-09-27 19:30,2022-09-27 16:21,202209271930,FA,C,Y,239,CON,FLC011,3161.671630859375,2022-09-27 18:00,00000,N,ER,OO,False,,,,,,,202209271621-KMFL-WGUS82-FLSMFL,BAXTER,2022
RAH,2022-09-29 15:07,2022-10-01 03:00,2022-09-29 15:07,202210201507,TR,C,W,1009,CAN,NCZ078,1441.7760009765625,2022-10-01 03:00,,,,,False,,,,,,,202209291507-KRAH-WTUS82-TCVRAH,,2022
TBW,2022-09-27 15:16,2022-09-29 09:10,2022-09-27 15:16,202210181516,SS,C,W,1009,CAN,FLZ149,323.91094970703125,2022-09-29 09:10,,,,,False,,,,,,,202209271516-KTBW-WTUS82-TCVTBW,,2022
TBW,2022-09-26 21:10,2022-09-27 21:27,2022-09-26 21:10,202210172110,HU,C,A,1009,CAN,FLZ043,1505.0042724609375,2022-09-27 21:27,,,,,False,,,,,,,202209262110-KTBW-WTUS82-TCVTBW,,2022
ILM,2022-09-28 08:00,2022-09-28 08:23,2022-09-27 07:20,202209291200,SC,C,Y,49,UPG,AMZ252,2074.400390625,2022-09-28 08:23,,,,,False,,,,,,,202209270720-KILM-WHUS72-MWWILM,,2022
TBW,2022-09-26 21:00,2022-09-29 08:51,2022-09-26 20:59,202209300600,FA,C,A,3,CAN,FLZ139,967.8929443359375,2022-09-29 08:51,00000,0,ER,OO,False,,,,,,,202209262059-KTBW-WGUS62-FFATBW,TBW,2022
TBW,2022-09-26 21:00,2022-09-29 08:51,2022-09-26 20:59,202209300600,FA,C,A,3,CAN,FLZ265,1323.2781982421875,2022-09-29 08:51,00000,0,ER,OO,False,,,,,,,202209262059-KTBW-WGUS62-FFATBW,TBW,2022
TBW,2022-09-26 21:00,2022-09-29 08:51,2022-09-26 20:59,202209300600,FA,C,A,3,CAN,FLZ262,1112.4666748046875,2022-09-29 08:51,00000,0,ER,OO,False,,,,,,,202209262059-KTBW-WGUS62-FFATBW,TBW,2022
JAX,2022-09-27 15:13,2022-09-29 21:06,2022-09-27 15:13,202210181513,TR,C,W,1009,CAN,FLZ237,1190.208251953125,2022-09-29 21:06,,,,,False,,,,,,,202209271513-KJAX-WTUS82-TCVJAX,,2022
GSP,2022-09-29 15:17,2022-10-01 02:57,2022-09-29 15:17,202210201517,TR,C,W,1009,CAN,NCZ057,1356.863037109375,2022-10-01 02:57,,,,,False,,,,,,,202209291517-KGSP-WTUS82-TCVGSP,,2022
GSP,2022-09-29 15:17,2022-10-01 02:57,2022-09-29 15:17,202210201517,TR,C,W,1009,CAN,NCZ072,945.0957641601562,2022-10-01 02:57,,,,,False,,,,,,,202209291517-KGSP-WTUS82-TCVGSP,,2022
MFL,2022-09-27 19:35,2022-09-27 22:45,2022-09-27 19:35,202209272245,FA,C,Y,243,CON,FLC099,5142.36865234375,2022-09-27 21:33,00000,N,ER,OO,False,,,,,,,202209271935-KMFL-WGUS82-FLSMFL,BAXTER,2022
MFL,2022-09-27 19:35,2022-09-27 22:45,2022-09-27 19:35,202209272245,FA,C,Y,243,CON,FLC011,3161.671630859375,2022-09-27 21:33,00000,N,ER,OO,False,,,,,,,202209271935-KMFL-WGUS82-FLSMFL,BAXTER,2022
MFL,2022-09-27 19:35,2022-09-27 22:45,2022-09-27 19:35,202209272245,FA,C,Y,243,CON,FLC086,5094.58447265625,2022-09-27 21:33,00000,N,ER,OO,False,,,,,,,202209271935-KMFL-WGUS82-FLSMFL,BAXTER,2022
JAX,2022-09-27 20:34,2022-09-29 09:23,2022-09-27 20:34,202210010600,FA,C,A,5,CAN,FLZ030,647.49658203125,2022-09-29 09:23,00000,0,ER,OO,False,,,,,,,202209272034-KJAX-WGUS62-FFAJAX,23,2022
JAX,2022-09-27 20:34,2022-09-29 09:23,2022-09-27 20:34,202210010600,FA,C,A,5,CAN,FLZ023,1526.6851806640625,2022-09-29 09:23,00000,0,ER,OO,False,,,,,,,202209272034-KJAX-WGUS62-FFAJAX,23,2022
JAX,2022-09-27 20:34,2022-09-29 09:23,2022-09-27 20:34,202210010600,FA,C,A,5,CAN,FLZ024,1328.9837646484375,2022-09-29 09:23,00000,0,ER,OO,False,,,,,,,202209272034-KJAX-WGUS62-FFAJAX,23,2022
TAE,2022-09-27 21:04,2022-09-29 15:07,2022-09-27 21:04,202210182104,TR,C,W,1009,CAN,FLZ118,101.35670471191406,2022-09-29 15:07,,,,,False,,,,,,,202209272104-KTAE-WTUS82-TCVTAE,,2022
TAE,2022-09-27 21:04,2022-09-29 15:07,2022-09-27 21:04,202210182104,TR,C,W,1009,CAN,FLZ134,632.94970703125,2022-09-29 15:07,,,,,False,,,,,,,202209272104-KTAE-WTUS82-TCVTAE,,2022
JAX,2022-09-27 21:09,2022-09-30 15:00,2022-09-27 21:09,202210182109,SS,C,W,1009,CAN,FLZ138,146.872802734375,2022-09-30 15:00,,,,,False,,,,,,,202209272109-KJAX-WTUS82-TCVJAX,,2022
MLB,2022-09-27 15:19,2022-09-27 21:17,2022-09-27 15:19,202210181519,HU,C,A,1009,UPG,FLZ046,894.225830078125,2022-09-27 21:17,,,,,False,,,,,,,202209271519-KMLB-WTUS82-TCVMLB,,2022
TBW,2022-09-26 21:10,2022-09-27 21:27,2022-09-26 21:10,202210172110,HU,C,A,1009,CAN,FLZ248,1010.2461547851562,2022-09-27 21:27,,,,,False,,,,,,,202209262110-KTBW-WTUS82-TCVTBW,,2022
TBW,2022-09-29 16:25,2022-09-30 06:00,2022-09-29 16:25,202209300600,GL,C,W,4,NEW,GMZ850,5575.32373046875,2022-09-29 16:25,,,,,False,,,,,,,202209291625-KTBW-WHUS72-MWWTBW,,2022
TBW,2022-09-29 09:16,2022-09-29 16:25,2022-09-29 09:16,202210200916,TR,C,W,1009,CAN,GMZ836,726.0570068359375,2022-09-29 16:25,,,,,False,,,,,,,202209290916-KTBW-WHUS72-MWWTBW,,2022
MFL,2022-09-27 23:04,2022-09-27 23:30,2022-09-27 23:04,202209272330,TO,C,W,30,EXP,FLC021,5251.28515625,2022-09-27 23:23,,,,,False,,,,,,,202209272304-KMFL-WFUS52-TORMFL,NC,2022
TBW,2022-09-29 16:25,2022-09-30 18:00,2022-09-29 16:25,202209301800,SC,C,Y,23,CON,GMZ856,3309.3095703125,2022-09-30 07:59,,,,,False,,,,,,,202209291625-KTBW-WHUS72-MWWTBW,,2022
MFL,2022-09-28 00:14,2022-09-28 02:15,2022-09-28 00:14,202209280215,FA,C,Y,248,NEW,FLC011,3161.671630859375,2022-09-28 00:14,00000,N,ER,OO,False,,,,,,,202209280014-KMFL-WGUS82-FLSMFL,SB,2022
TBW,2022-09-29 16:36,2022-10-01 00:00,2022-09-29 16:36,202210010000,RP,C,S,17,NEW,FLZ162,705.6476440429688,2022-09-29 16:36,,,,,False,,,,,,,202209291636-KTBW-WHUS42-CFWTBW,,2022
MFL,2022-09-28 00:14,2022-09-28 02:15,2022-09-28 00:14,202209280215,FA,C,Y,248,NEW,FLC086,5094.58447265625,2022-09-28 00:14,00000,N,ER,OO,False,,,,,,,202209280014-KMFL-WGUS82-FLSMFL,SB,2022
MFL,2022-09-28 01:45,2022-09-28 02:00,2022-09-28 01:45,202209280200,TO,C,W,45,EXP,FLC099,5142.36865234375,2022-09-28 01:58,,,,,False,,,,,,,202209280145-KMFL-WFUS52-TORMFL,ATV,2022
MHX,2022-09-29 09:55,2022-10-01 06:55,2022-09-29 09:55,202210200955,TR,C,W,1009,CAN,AMZ156,2739.025634765625,2022-10-01 06:55,,,,,False,,,,,,,202209290955-KMHX-WHUS72-MWWMHX,,2022
MHX,2022-09-29 15:03,2022-10-01 03:19,2022-09-29 15:03,202210201503,SS,C,A,1009,CAN,NCZ204,24.789817810058594,2022-10-01 03:19,,,,,False,,,,,,,202209291503-KMHX-WTUS82-TCVMHX,,2022
FFC,2022-09-29 17:54,2022-10-01 00:00,2022-09-29 17:54,202210010000,WI,C,Y,9,CON,GAZ009,445.38775634765625,2022-09-30 18:52,,,,,False,,,,,,,202209291754-KFFC-WWUS72-NPWFFC,,2022
RAH,2022-09-29 15:07,2022-10-01 03:00,2022-09-29 15:07,202210201507,TR,C,W,1009,CAN,NCZ083,1391.2427978515625,2022-10-01 03:00,,,,,False,,,,,,,202209291507-KRAH-WTUS82-TCVRAH,,2022
CAE,2022-09-29 15:06,2022-09-30 23:55,2022-09-29 15:06,202210201506,TR,C,W,1009,CAN,SCZ021,1839.187255859375,2022-09-30 23:55,,,,,False,,,,,,,202209291506-KCAE-WTUS82-TCVCAE,,2022
GSP,2022-09-29 15:17,2022-10-01 02:57,2022-09-29 15:17,202210201517,TR,C,W,1009,CAN,SCZ009,1801.85693359375,2022-10-01 02:57,,,,,False,,,,,,,202209291517-KGSP-WTUS82-TCVGSP,,2022
GSP,2022-09-29 15:17,2022-10-01 02:57,2022-09-29 15:17,202210201517,TR,C,W,1009,CAN,NCZ082,1656.7401123046875,2022-10-01 02:57,,,,,False,,,,,,,202209291517-KGSP-WTUS82-TCVGSP,,2022
BRO,2022-09-29 15:22,2022-09-30 06:00,2022-09-29 15:22,202209300600,CF,C,W,1,EXP,TXZ451,132.348388671875,2022-09-30 05:55,,,,,False,,,,,,,202209291522-KBRO-WHUS44-CFWBRO,,2022
ILM,2022-09-29 15:09,2022-09-30 20:57,2022-09-29 15:09,202210201509,HU,C,W,1009,CAN,SCZ039,2428.00341796875,2022-09-30 20:57,,,,,False,,,,,,,202209291509-KILM-WTUS82-TCVILM,,2022
ILM,2022-09-29 15:09,2022-10-01 02:59,2022-09-29 15:09,202210201509,TR,C,W,1009,CAN,SCZ033,1279.970703125,2022-10-01 02:59,,,,,False,,,,,,,202209291509-KILM-WTUS82-TCVILM,,2022
RAH,2022-09-29 15:07,2022-10-01 03:00,2022-09-29 15:07,202210201507,TR,C,W,1009,CAN,NCZ085,830.4022216796875,2022-10-01 03:00,,,,,False,,,,,,,202209291507-KRAH-WTUS82-TCVRAH,,2022
RAH,2022-09-29 15:07,2022-10-01 03:00,2022-09-29 15:07,202210201507,TR,C,W,1009,CAN,NCZ089,2454.08056640625,2022-10-01 03:00,,,,,False,,,,,,,202209291507-KRAH-WTUS82-TCVRAH,,2022
TBW,2022-09-27 00:00,2022-10-11 07:46,2022-09-26 13:42,202210180000,FL,C,W,9,EXT,FLC027,1659.1502685546875,2022-10-11 00:49,ARHF1,2,ER,NO,False,,,,,,,202209261342-KTBW-WGUS42-FLWTBW,TBW,2022
ILM,2022-09-28 21:05,2022-09-29 15:09,2022-09-28 21:05,202210192105,TR,C,A,1009,UPG,SCZ032,2082.125244140625,2022-09-29 15:09,,,,,False,,,,,,,202209282105-KILM-WTUS82-TCVILM,,2022
ILM,2022-09-28 21:05,2022-09-29 15:09,2022-09-28 21:05,202210192105,SS,C,A,1009,UPG,SCZ056,790.779541015625,2022-09-29 15:09,,,,,False,,,,,,,202209282105-KILM-WTUS82-TCVILM,,2022
ILM,2022-09-28 21:05,2022-10-01 02:59,2022-09-28 21:05,202210192105,TR,C,W,1009,CAN,NCZ108,160.57701110839844,2022-10-01 02:59,,,,,False,,,,,,,202209282105-KILM-WTUS82-TCVILM,,2022
ILM,2022-09-28 21:05,2022-09-29 15:09,2022-09-28 21:05,202210192105,TR,C,A,1009,UPG,SCZ023,1468.226318359375,2022-09-29 15:09,,,,,False,,,,,,,202209282105-KILM-WTUS82-TCVILM,,2022
ILM,2022-09-28 21:05,2022-09-29 15:09,2022-09-28 21:05,202210192105,SS,C,A,1009,UPG,SCZ054,458.3331604003906,2022-09-29 15:09,,,,,False,,,,,,,202209282105-KILM-WTUS82-TCVILM,,2022
ILM,2022-09-28 21:05,2022-09-29 15:09,2022-09-28 21:05,202210192105,TR,C,A,1009,UPG,SCZ039,2428.00341796875,2022-09-29 15:09,,,,,False,,,,,,,202209282105-KILM-WTUS82-TCVILM,,2022
ILM,2022-09-29 10:00,2022-09-29 23:34,2022-09-29 00:41,202209300000,RP,C,S,20,CAN,NCZ108,160.57701110839844,2022-09-29 23:34,,,,,False,,,,,,,202209290041-KILM-WHUS42-CFWILM,,2022
ILM,2022-09-29 10:00,2022-10-01 13:00,2022-09-29 08:49,202210012200,SU,C,Y,8,EXP,NCZ106,112.72386932373047,2022-10-01 12:53,,,,,False,,,,,,,202209290849-KILM-WHUS42-CFWILM,dch,2022
ILM,2022-09-29 13:00,2022-09-29 16:53,2022-09-29 08:49,202209291700,CF,C,Y,82,CAN,SCZ054,458.3331604003906,2022-09-29 16:53,,,,,False,,,,,,,202209290849-KILM-WHUS42-CFWILM,dch,2022
ILM,2022-09-29 15:09,2022-09-30 20:57,2022-09-29 15:09,202210201509,HU,C,W,1009,CAN,SCZ056,790.779541015625,2022-09-30 20:57,,,,,False,,,,,,,202209291509-KILM-WTUS82-TCVILM,,2022
ILM,2022-09-29 15:09,2022-09-30 20:57,2022-09-29 15:09,202210201509,HU,C,W,1009,CAN,SCZ058,1301.342529296875,2022-09-30 20:57,,,,,False,,,,,,,202209291509-KILM-WTUS82-TCVILM,,2022
ILM,2022-09-29 15:09,2022-09-30 20:57,2022-09-29 15:09,202210201509,HU,C,W,1009,CAN,SCZ055,1372.2003173828125,2022-09-30 20:57,,,,,False,,,,,,,202209291509-KILM-WTUS82-TCVILM,,2022
ILM,2022-09-29 15:09,2022-10-01 02:59,2022-09-29 15:09,202210201509,TR,C,W,1009,CAN,SCZ023,1468.226318359375,2022-10-01 02:59,,,,,False,,,,,,,202209291509-KILM-WTUS82-TCVILM,,2022
ILM,2022-09-29 15:09,2022-09-29 21:07,2022-09-29 15:09,202210201509,SS,C,A,1009,UPG,NCZ110,419.9501647949219,2022-09-29 21:07,,,,,False,,,,,,,202209291509-KILM-WTUS82-TCVILM,,2022
ILM,2022-09-29 15:09,2022-10-01 02:59,2022-09-29 15:09,202210201509,TR,C,W,1009,CAN,NCZ107,367.9503479003906,2022-10-01 02:59,,,,,False,,,,,,,202209291509-KILM-WTUS82-TCVILM,,2022
ILM,2022-09-29 21:07,2022-09-30 20:57,2022-09-29 21:07,202210202107,HU,C,W,1009,CAN,NCZ110,419.9501647949219,2022-09-30 20:57,,,,,False,,,,,,,202209292107-KILM-WTUS82-TCVILM,,2022
FFC,2022-09-29 12:00,2022-09-30 07:05,2022-09-29 08:57,202209300000,WI,C,Y,9,CAN,GAZ067,1309.5174560546875,2022-09-30 07:05,,,,,False,,,,,,,202209290857-KFFC-WWUS72-NPWFFC,,2022
CLE,2022-09-26 11:21,2022-09-26 13:00,2022-09-26 11:21,202209261300,FA,C,Y,95,EXP,OHC055,1056.33837890625,2022-09-26 12:58,00000,N,ER,OO,False,,,,,,,202209261121-KCLE-WGUS81-FLSCLE,Kahn,2022
CLE,2022-09-26 11:21,2022-09-26 13:00,2022-09-26 11:21,202209261300,FA,C,Y,95,EXP,OHC007,1835.226806640625,2022-09-26 12:58,00000,N,ER,OO,False,,,,,,,202209261121-KCLE-WGUS81-FLSCLE,Kahn,2022
CLE,2022-09-26 11:21,2022-09-26 13:00,2022-09-26 11:21,202209261300,FA,C,Y,95,EXP,OHC085,599.0610961914062,2022-09-26 12:58,00000,N,ER,OO,False,,,,,,,202209261121-KCLE-WGUS81-FLSCLE,Kahn,2022
MKX,2022-09-25 22:20,2022-09-25 23:00,2022-09-25 22:20,202209252300,SV,C,W,107,CON,WIC131,1126.6961669921875,2022-09-25 22:47,,,,,False,,,,,,,202209252220-KMKX-WUUS53-SVRMKX,PATTERSON,2022
MKX,2022-09-25 22:29,2022-09-25 23:15,2022-09-25 22:29,202209252315,SV,C,W,108,CON,WIC131,1126.6961669921875,2022-09-25 23:01,,,,,False,,,,,,,202209252229-KMKX-WUUS53-SVRMKX,PATTERSON,2022
MKX,2022-09-26 03:00,2022-09-27 00:00,2022-09-25 19:33,202209262100,GL,C,W,31,EXP,LMZ563,2381.798095703125,2022-09-27 00:02,,,,,False,,,,,,,202209251933-KMKX-WHUS73-MWWMKX,,2022
MKX,2022-09-29 06:00,2022-09-29 13:00,2022-09-28 18:53,202209291300,FR,C,Y,3,EXP,WIZ056,2193.3759765625,2022-09-29 13:01,,,,,False,,,,,,,202209281853-KMKX-WWUS73-NPWMKX,,2022
MKX,2022-09-29 11:32,2022-09-29 13:00,2022-09-29 11:32,202209291300,FG,C,Y,17,EXP,WIZ064,1506.72802734375,2022-09-29 13:01,,,,,False,,,,,,,202209291132-KMKX-WWUS73-NPWMKX,MRC,2022
MKX,2022-09-29 11:32,2022-09-29 13:00,2022-09-29 11:32,202209291300,FG,C,Y,17,EXP,WIZ069,1877.6778564453125,2022-09-29 13:01,,,,,False,,,,,,,202209291132-KMKX-WWUS73-NPWMKX,MRC,2022
BTV,2022-09-24 04:00,2022-09-24 11:29,2022-09-23 07:21,202209241200,FR,C,Y,6,CAN,NYZ029,2872.7158203125,2022-09-24 11:29,,,,,False,,,,,,,202209230721-KBTV-WWUS71-NPWBTV,,2022
TBW,2022-09-26 21:10,2022-09-27 15:16,2022-09-26 21:10,202210172110,SS,C,A,1009,UPG,FLZ142,374.01318359375,2022-09-27 15:16,,,,,False,,,,,,,202209262110-KTBW-WTUS82-TCVTBW,,2022
TBW,2022-09-26 21:10,2022-09-29 09:10,2022-09-26 21:10,202210172110,HU,C,W,1009,CAN,FLZ050,739.8617553710938,2022-09-29 09:10,,,,,False,,,,,,,202209262110-KTBW-WTUS82-TCVTBW,,2022
MFL,2022-09-26 21:00,2022-09-29 00:40,2022-09-26 20:41,202209291200,FA,C,A,3,CAN,FLZ168,297.02288818359375,2022-09-29 00:40,00000,0,ER,OO,False,,,,,,,202209262041-KMFL-WGUS62-FFAMFL,CWC,2022
ILX,2022-09-28 05:00,2022-09-28 13:00,2022-09-27 19:04,202209281300,FR,C,Y,3,EXP,ILZ050,1480.626220703125,2022-09-28 12:50,,,,,False,,,,,,,202209271904-KILX-WWUS73-NPWILX,,2022
ILX,2022-09-28 05:00,2022-09-28 13:00,2022-09-27 19:04,202209281300,FR,C,Y,3,EXP,ILZ028,745.700439453125,2022-09-28 12:50,,,,,False,,,,,,,202209271904-KILX-WWUS73-NPWILX,,2022
ILM,2022-09-24 22:00,2022-09-25 01:04,2022-09-24 17:50,202209250200,CF,C,Y,79,CAN,NCZ108,160.57701110839844,2022-09-25 01:04,,,,,False,,,,,,,202209241750-KILM-WHUS42-CFWILM,CRM,2022
APX,2022-09-26 08:00,2022-09-28 02:00,2022-09-26 02:44,202209270300,BH,C,S,17,CON,MIZ031,1442.01806640625,2022-09-27 19:36,,,,,False,,,,,,,202209260244-KAPX-WHUS43-CFWAPX,JZ,2022
APX,2022-09-26 08:00,2022-09-28 02:00,2022-09-26 02:44,202209270300,BH,C,S,17,CON,MIZ099,980.291259765625,2022-09-27 19:36,,,,,False,,,,,,,202209260244-KAPX-WHUS43-CFWAPX,JZ,2022
APX,2022-09-26 08:00,2022-09-28 02:00,2022-09-26 02:44,202209270300,BH,C,S,17,CON,MIZ025,902.7105712890625,2022-09-27 19:36,,,,,False,,,,,,,202209260244-KAPX-WHUS43-CFWAPX,JZ,2022
MFL,2022-09-26 15:03,2022-09-27 03:11,2022-09-26 15:03,202210171503,TR,C,A,1009,UPG,AMZ610,1727.8983154296875,2022-09-27 03:11,,,,,False,,,,,,,202209261503-KMFL-WHUS72-MWWMFL,,2022
MFL,2022-09-26 21:00,2022-09-29 00:40,2022-09-26 20:41,202209291200,FA,C,A,3,CAN,FLZ073,2967.80224609375,2022-09-29 00:40,00000,0,ER,OO,False,,,,,,,202209262041-KMFL-WGUS62-FFAMFL,CWC,2022
MFL,2022-09-26 21:00,2022-09-29 00:40,2022-09-26 20:41,202209291200,FA,C,A,3,CAN,FLZ074,562.1981811523438,2022-09-29 00:40,00000,0,ER,OO,False,,,,,,,202209262041-KMFL-WGUS62-FFAMFL,CWC,2022
MFL,2022-09-26 21:00,2022-09-29 00:40,2022-09-26 20:41,202209291200,FA,C,A,3,CAN,FLZ067,4095.630615234375,2022-09-29 00:40,00000,0,ER,OO,False,,,,,,,202209262041-KMFL-WGUS62-FFAMFL,CWC,2022
MFL,2022-09-26 21:00,2022-09-29 00:40,2022-09-26 20:41,202209291200,FA,C,A,3,CAN,FLZ066,3017.6875,2022-09-29 00:40,00000,0,ER,OO,False,,,,,,,202209262041-KMFL-WGUS62-FFAMFL,CWC,2022
MFL,2022-09-26 21:00,2022-09-29 00:40,2022-09-26 20:41,202209291200,FA,C,A,3,CAN,FLZ068,749.71484375,2022-09-29 00:40,00000,0,ER,OO,False,,,,,,,202209262041-KMFL-WGUS62-FFAMFL,CWC,2022
MFL,2022-09-26 21:00,2022-09-29 00:40,2022-09-26 20:41,202209291200,FA,C,A,3,CAN,FLZ070,4463.77685546875,2022-09-29 00:40,00000,0,ER,OO,False,,,,,,,202209262041-KMFL-WGUS62-FFAMFL,CWC,2022
MFL,2022-09-26 21:00,2022-09-29 00:40,2022-09-26 20:41,202209291200,FA,C,A,3,CAN,FLZ063,2056.751953125,2022-09-29 00:40,00000,0,ER,OO,False,,,,,,,202209262041-KMFL-WGUS62-FFAMFL,CWC,2022
MFL,2022-09-26 21:00,2022-09-29 00:40,2022-09-26 20:41,202209291200,FA,C,A,3,CAN,FLZ071,2085.704833984375,2022-09-29 00:40,00000,0,ER,OO,False,,,,,,,202209262041-KMFL-WGUS62-FFAMFL,CWC,2022
MFL,2022-09-26 21:00,2022-09-29 00:40,2022-09-26 20:41,202209291200,FA,C,A,3,CAN,FLZ173,557.966064453125,2022-09-29 00:40,00000,0,ER,OO,False,,,,,,,202209262041-KMFL-WGUS62-FFAMFL,CWC,2022
MFL,2022-09-26 21:00,2022-09-29 00:40,2022-09-26 20:41,202209291200,FA,C,A,3,CAN,FLZ075,2018.58935546875,2022-09-29 00:40,00000,0,ER,OO,False,,,,,,,202209262041-KMFL-WGUS62-FFAMFL,CWC,2022
MFL,2022-09-26 21:00,2022-09-29 00:40,2022-09-26 20:41,202209291200,FA,C,A,3,CAN,FLZ174,1006.6227416992188,2022-09-29 00:40,00000,0,ER,OO,False,,,,,,,202209262041-KMFL-WGUS62-FFAMFL,CWC,2022
MLB,2022-09-26 15:10,2022-09-27 03:21,2022-09-26 15:10,202210171510,TR,C,A,1009,UPG,FLZ044,1612.4522705078125,2022-09-27 03:21,,,,,False,,,,,,,202209261510-KMLB-WTUS82-TCVMLB,,2022
MLB,2022-09-26 18:29,2022-09-30 02:00,2022-09-26 18:29,202209300600,FA,C,A,2,EXP,FLZ447,446.071044921875,2022-09-30 02:11,00000,0,ER,OO,False,,,,,,,202209261829-KMLB-WGUS62-FFAMLB,Schaper/Smith,2022
MLB,2022-09-27 03:21,2022-09-27 21:17,2022-09-27 03:21,202210180321,TR,C,W,1009,UPG,FLZ045,2604.071533203125,2022-09-27 21:17,,,,,False,,,,,,,202209270321-KMLB-WTUS82-TCVMLB,,2022
MLB,2022-09-27 21:17,2022-09-29 09:41,2022-09-27 21:17,202210182117,HU,C,W,1009,CAN,FLZ144,1386.970458984375,2022-09-29 09:41,,,,,False,,,,,,,202209272117-KMLB-WTUS82-TCVMLB,,2022
MLB,2022-09-28 20:31,2022-09-29 04:57,2022-09-28 20:31,202209290500,TO,C,A,547,CAN,FLC127,3181.331298828125,2022-09-29 04:57,,,,,False,,,,,,,202209282031-KMLB-WWUS62-WCNMLB,,2022
MLB,2022-09-29 03:41,2022-09-29 09:30,2022-09-29 03:41,202209290930,FA,C,W,17,NEW,FLC009,2741.7197265625,2022-09-29 03:41,00000,0,ER,OO,False,,,,,,,202209290341-KMLB-WGUS42-FLWMLB,CL,2022
MLB,2022-09-29 09:41,2022-09-30 03:17,2022-09-29 09:41,202210200941,TR,C,W,1009,CAN,FLZ547,1152.2489013671875,2022-09-30 03:17,,,,,False,,,,,,,202209290941-KMLB-WTUS82-TCVMLB,,2022
MLB,2022-09-29 09:41,2022-09-30 03:17,2022-09-29 09:41,202210200941,TR,C,W,1009,CAN,FLZ747,132.90597534179688,2022-09-30 03:17,,,,,False,,,,,,,202209290941-KMLB-WTUS82-TCVMLB,,2022
MLB,2022-09-29 18:37,2022-09-30 00:30,2022-09-29 18:37,202209300030,FA,C,W,19,NEW,FLC061,1336.3253173828125,2022-09-29 18:37,00000,0,ER,OO,False,,,,,,,202209291837-KMLB-WGUS42-FLWMLB,,2022
MLB,2022-09-29 18:37,2022-09-30 00:30,2022-09-29 18:37,202209300030,FA,C,W,19,NEW,FLC117,894.225830078125,2022-09-29 18:37,00000,0,ER,OO,False,,,,,,,202209291837-KMLB-WGUS42-FLWMLB,,2022
MLB,2022-09-29 18:37,2022-09-30 00:30,2022-09-29 18:37,202209300030,FA,C,W,19,NEW,FLC127,3181.331298828125,2022-09-29 18:37,00000,0,ER,OO,False,,,,,,,202209291837-KMLB-WGUS42-FLWMLB,,2022
MLB,2022-09-29 18:37,2022-09-30 00:30,2022-09-29 18:37,202209300030,FA,C,W,19,NEW,FLC069,2999.386474609375,2022-09-29 18:37,00000,0,ER,OO,False,,,,,,,202209291837-KMLB-WGUS42-FLWMLB,,2022
MLB,2022-09-29 18:37,2022-09-30 00:30,2022-09-29 18:37,202209300030,FA,C,W,19,NEW,FLC095,2604.07568359375,2022-09-29 18:37,00000,0,ER,OO,False,,,,,,,202209291837-KMLB-WGUS42-FLWMLB,,2022
MFL,2022-09-27 15:10,2022-09-27 20:59,2022-09-27 15:10,202210181510,TR,C,A,1009,UPG,FLZ074,562.1981811523438,2022-09-27 20:59,,,,,False,,,,,,,202209271510-KMFL-WTUS82-TCVMFL,,2022
MFL,2022-09-27 20:59,2022-09-28 09:00,2022-09-27 20:59,202209280900,TO,C,A,545,EXP,AMZ651,4013.172119140625,2022-09-28 09:01,,,,,False,,,,,,,202209272059-KMFL-WWUS62-WCNMFL,,2022
MFL,2022-09-27 20:59,2022-09-28 09:00,2022-09-27 20:59,202209280900,TO,C,A,545,EXP,FLC043,2056.751953125,2022-09-28 09:01,,,,,False,,,,,,,202209272059-KMFL-WWUS62-WCNMFL,,2022
MFL,2022-09-27 20:59,2022-09-28 09:00,2022-09-27 20:59,202209280900,TO,C,A,545,EXP,AMZ670,5737.02490234375,2022-09-28 09:01,,,,,False,,,,,,,202209272059-KMFL-WWUS62-WCNMFL,,2022
MFL,2022-09-27 20:59,2022-09-28 09:00,2022-09-27 20:59,202209280900,TO,C,A,545,EXP,FLC086,5094.58447265625,2022-09-28 09:01,,,,,False,,,,,,,202209272059-KMFL-WWUS62-WCNMFL,,2022
MFL,2022-09-27 20:59,2022-09-28 09:00,2022-09-27 20:59,202209280900,TO,C,A,545,EXP,FLC051,3017.6875,2022-09-28 09:01,,,,,False,,,,,,,202209272059-KMFL-WWUS62-WCNMFL,,2022
MFL,2022-09-27 20:59,2022-09-28 09:00,2022-09-27 20:59,202209280900,TO,C,A,545,EXP,AMZ671,10424.37890625,2022-09-28 09:01,,,,,False,,,,,,,202209272059-KMFL-WWUS62-WCNMFL,,2022
MFL,2022-09-27 21:03,2022-09-27 21:30,2022-09-27 21:03,202209272130,TO,C,W,23,EXP,FLC087,2018.628662109375,2022-09-27 21:22,,,,,False,,,,,,,202209272103-KMFL-WFUS52-TORMFL,MFL,2022
GRR,2022-09-26 00:48,2022-09-26 01:15,2022-09-26 00:48,202209260115,MA,C,W,46,NEW,LMZ848,323.1698303222656,2022-09-26 00:48,,,,,False,,,,,,,202209260048-KGRR-WHUS53-SMWGRR,Thielke,2022
GRR,2022-09-26 00:48,2022-09-26 01:15,2022-09-26 00:48,202209260115,MA,C,W,46,NEW,LMZ870,1993.1080322265625,2022-09-26 00:48,,,,,False,,,,,,,202209260048-KGRR-WHUS53-SMWGRR,Thielke,2022
GRR,2022-09-26 01:14,2022-09-26 01:54,2022-09-26 01:14,202209260215,SV,C,W,65,CAN,MIC159,1611.390625,2022-09-26 01:54,,,,,False,,,,,,,202209260114-KGRR-WUUS53-SVRGRR,Thielke,2022
GRR,2022-09-27 00:00,2022-09-28 14:35,2022-09-26 23:49,202209281500,SC,C,Y,90,CAN,LMZ847,299.12005615234375,2022-09-28 14:35,,,,,False,,,,,,,202209262349-KGRR-WHUS73-MWWGRR,,2022
ILX,2022-09-28 05:00,2022-09-28 13:00,2022-09-27 19:04,202209281300,FR,C,Y,3,EXP,ILZ036,2283.28369140625,2022-09-28 12:50,,,,,False,,,,,,,202209271904-KILX-WWUS73-NPWILX,,2022
ILX,2022-09-29 08:00,2022-09-29 12:00,2022-09-28 20:01,202209291200,FR,C,Y,4,CON,ILZ028,745.700439453125,2022-09-29 08:19,,,,,False,,,,,,,202209282001-KILX-WWUS73-NPWILX,,2022
ILX,2022-09-28 05:00,2022-09-28 13:00,2022-09-27 19:04,202209281300,FR,C,Y,3,EXP,ILZ047,992.885009765625,2022-09-28 12:50,,,,,False,,,,,,,202209271904-KILX-WWUS73-NPWILX,,2022
ILX,2022-09-28 05:00,2022-09-28 13:00,2022-09-27 19:04,202209281300,FR,C,Y,3,EXP,ILZ038,3068.700927734375,2022-09-28 12:50,,,,,False,,,,,,,202209271904-KILX-WWUS73-NPWILX,,2022
LOT,2022-09-27 08:36,2022-09-29 01:42,2022-09-27 08:36,202209290300,BH,C,S,21,CAN,ILZ104,1037.7138671875,2022-09-29 01:42,,,,,False,,,,,,,202209270836-KLOT-WHUS43-CFWLOT,,2022
LOT,2022-09-29 06:00,2022-09-29 12:00,2022-09-28 20:11,202209291200,FR,C,Y,3,EXP,ILZ011,1642.110595703125,2022-09-29 11:58,,,,,False,,,,,,,202209282011-KLOT-WWUS73-NPWLOT,,2022
LOT,2022-09-29 06:00,2022-09-29 12:00,2022-09-28 20:11,202209291200,FR,C,Y,3,EXP,ILZ008,1973.802001953125,2022-09-29 11:58,,,,,False,,,,,,,202209282011-KLOT-WWUS73-NPWLOT,,2022
LOT,2022-09-29 06:00,2022-09-29 12:00,2022-09-28 20:11,202209291200,FR,C,Y,3,EXP,ILZ005,1580.3455810546875,2022-09-29 11:58,,,,,False,,,,,,,202209282011-KLOT-WWUS73-NPWLOT,,2022
ILX,2022-09-28 05:00,2022-09-28 13:00,2022-09-27 19:04,202209281300,FR,C,Y,3,EXP,ILZ051,2268.889892578125,2022-09-28 12:50,,,,,False,,,,,,,202209271904-KILX-WWUS73-NPWILX,,2022
ALY,2022-09-26 19:02,2022-09-26 19:35,2022-09-26 19:02,202209262000,SV,C,W,116,CAN,NYC091,2181.05517578125,2022-09-26 19:35,,,,,False,,,,,,,202209261902-KALY-WUUS51-SVRALY,TAW,2022
PQR,2022-09-27 09:06,2022-09-27 18:00,2022-09-27 09:06,202209271800,MF,C,Y,22,CON,PZZ253,1692.9901123046875,2022-09-27 15:28,,,,,False,,,,,,,202209270906-KPQR-WHUS76-MWWPQR,,2022
PQR,2022-09-27 09:06,2022-09-27 18:00,2022-09-27 09:06,202209271800,MF,C,Y,22,CON,PZZ252,2340.86279296875,2022-09-27 15:28,,,,,False,,,,,,,202209270906-KPQR-WHUS76-MWWPQR,,2022
LWX,2022-09-25 05:00,2022-09-26 22:00,2022-09-24 07:33,202209252200,SC,C,Y,186,CON,ANZ537,519.6334228515625,2022-09-26 14:38,,,,,False,,,,,,,202209240733-KLWX-WHUS71-MWWLWX,,2022
MOB,2022-09-27 06:00,2022-09-28 03:00,2022-09-26 19:01,202209281200,SC,C,Y,42,EXP,GMZ675,5512.0908203125,2022-09-28 03:13,,,,,False,,,,,,,202209261901-KMOB-WHUS74-MWWMOB,,2022
MOB,2022-09-27 16:00,2022-09-28 00:00,2022-09-27 09:50,202209280000,FW,C,W,5,CON,FLZ201,1153.5845947265625,2022-09-27 19:59,,,,,False,,,,,,,202209270950-KMOB-WWUS84-RFWMOB,,2022
MOB,2022-09-27 16:00,2022-09-28 00:00,2022-09-27 09:50,202209280000,FW,C,W,5,CON,FLZ205,2101.291015625,2022-09-27 19:59,,,,,False,,,,,,,202209270950-KMOB-WWUS84-RFWMOB,,2022
MOB,2022-09-27 16:00,2022-09-27 09:50,2022-09-26 22:20,202209280000,FW,C,A,3,UPG,FLZ205,2101.291015625,2022-09-27 09:50,,,,,False,,,,,,,202209262220-KMOB-WWUS84-RFWMOB,,2022
MOB,2022-09-28 12:00,2022-09-29 23:00,2022-09-27 09:33,202210011100,RP,C,S,25,CON,ALZ265,435.886474609375,2022-09-29 17:01,,,,,False,,,,,,,202209270933-KMOB-WHUS44-CFWMOB,,2022
MOB,2022-09-28 14:00,2022-09-29 00:00,2022-09-27 09:50,202209290000,FW,C,W,6,CON,ALZ058,1583.3193359375,2022-09-28 20:10,,,,,False,,,,,,,202209270950-KMOB-WWUS84-RFWMOB,,2022
MOB,2022-09-29 16:00,2022-09-29 23:00,2022-09-29 08:46,202209292300,FW,C,W,7,CON,ALZ052,2830.578857421875,2022-09-29 10:30,,,,,False,,,,,,,202209290846-KMOB-WWUS84-RFWMOB,,2022
CLE,2022-09-26 11:21,2022-09-26 13:00,2022-09-26 11:21,202209261300,FA,C,Y,95,EXP,OHC035,1187.269775390625,2022-09-26 12:58,00000,N,ER,OO,False,,,,,,,202209261121-KCLE-WGUS81-FLSCLE,Kahn,2022
CHS,2022-09-27 15:12,2022-09-28 03:16,2022-09-27 15:12,202210181512,TR,C,A,1009,UPG,GAZ119,564.4234619140625,2022-09-28 03:16,,,,,False,,,,,,,202209271512-KCHS-WTUS82-TCVCHS,,2022
CHS,2022-09-27 15:12,2022-09-28 03:16,2022-09-27 15:12,202210181512,TR,C,A,1009,UPG,GAZ138,1229.3018798828125,2022-09-28 03:16,,,,,False,,,,,,,202209271512-KCHS-WTUS82-TCVCHS,,2022
CHS,2022-09-27 15:12,2022-09-28 03:16,2022-09-27 15:12,202210181512,TR,C,A,1009,UPG,GAZ118,593.7193603515625,2022-09-28 03:16,,,,,False,,,,,,,202209271512-KCHS-WTUS82-TCVCHS,,2022
CHS,2022-09-27 15:12,2022-09-28 15:16,2022-09-27 15:12,202210181512,SS,C,A,1009,UPG,SCZ050,2561.243896484375,2022-09-28 15:16,,,,,False,,,,,,,202209271512-KCHS-WTUS82-TCVCHS,,2022
CHS,2022-09-27 15:12,2022-09-28 15:16,2022-09-27 15:12,202210181512,SS,C,A,1009,UPG,GAZ141,510.72686767578125,2022-09-28 15:16,,,,,False,,,,,,,202209271512-KCHS-WTUS82-TCVCHS,,2022
APX,2022-09-29 04:00,2022-09-28 06:46,2022-09-27 19:21,202209291300,FZ,C,A,1,UPG,MIZ034,1498.764404296875,2022-09-28 06:46,,,,,False,,,,,,,202209271921-KAPX-WWUS73-NPWAPX,FEF,2022
APX,2022-09-29 04:00,2022-09-29 13:00,2022-09-28 06:46,202209291300,FZ,C,W,3,CON,MIZ086,2172.82421875,2022-09-29 06:51,,,,,False,,,,,,,202209280646-KAPX-WWUS73-NPWAPX,,2022
APX,2022-09-29 04:00,2022-09-28 06:46,2022-09-27 19:21,202209291300,FZ,C,A,1,UPG,MIZ033,1483.0198974609375,2022-09-28 06:46,,,,,False,,,,,,,202209271921-KAPX-WWUS73-NPWAPX,FEF,2022
APX,2022-09-29 04:00,2022-09-28 06:46,2022-09-27 19:21,202209291300,FZ,C,A,1,UPG,MIZ099,980.291259765625,2022-09-28 06:46,,,,,False,,,,,,,202209271921-KAPX-WWUS73-NPWAPX,FEF,2022
AJK,2022-09-26 00:00,2022-09-26 21:00,2022-09-24 21:59,202209280000,FA,C,A,6,CAN,AKZ319,6080.93994140625,2022-09-26 21:00,00000,0,ER,OO,False,,,,,,,202209242159-PAJK-WGAK67-FFAAJK,frederick.fritsch,2022
LWX,2022-09-28 02:47,2022-09-28 12:13,2022-09-28 02:47,202209281400,SC,C,Y,188,CAN,ANZ536,410.92547607421875,2022-09-28 12:13,,,,,False,,,,,,,202209280247-KLWX-WHUS71-MWWLWX,,2022
AKQ,2022-09-25 04:00,2022-09-25 08:00,2022-09-25 00:59,202209250800,CF,C,S,14,EXP,MDZ021,1511.1961669921875,2022-09-25 07:34,,,,,False,,,,,,,202209250059-KAKQ-WHUS41-CFWAKQ,,2022
AKQ,2022-09-25 20:18,2022-09-25 21:00,2022-09-25 20:18,202209252100,SV,C,W,258,CON,VAC087,633.1973876953125,2022-09-25 20:46,,,,,False,,,,,,,202209252018-KAKQ-WUUS51-SVRAKQ,BROWN,2022
AKQ,2022-09-25 21:54,2022-09-25 22:42,2022-09-25 21:54,202209252300,MA,C,W,251,CAN,ANZ631,967.349365234375,2022-09-25 22:42,,,,,False,,,,,,,202209252154-KAKQ-WHUS51-SMWAKQ,Rogers,2022
AKQ,2022-09-25 22:29,2022-09-25 23:30,2022-09-25 22:29,202209252330,MA,C,W,252,NEW,ANZ654,2234.578857421875,2022-09-25 22:29,,,,,False,,,,,,,202209252229-KAKQ-WHUS51-SMWAKQ,Rogers,2022
AKQ,2022-09-25 22:29,2022-09-25 23:30,2022-09-25 22:29,202209252330,MA,C,W,252,NEW,ANZ672,1738.484619140625,2022-09-25 22:29,,,,,False,,,,,,,202209252229-KAKQ-WHUS51-SMWAKQ,Rogers,2022
AKQ,2022-09-25 22:29,2022-09-25 23:30,2022-09-25 22:29,202209252330,MA,C,W,252,NEW,ANZ670,1654.14111328125,2022-09-25 22:29,,,,,False,,,,,,,202209252229-KAKQ-WHUS51-SMWAKQ,Rogers,2022
AKQ,2022-09-28 10:56,2022-09-28 14:00,2022-09-28 10:56,202209281400,SC,C,Y,86,EXP,ANZ656,1881.7779541015625,2022-09-28 13:59,,,,,False,,,,,,,202209281056-KAKQ-WHUS71-MWWAKQ,,2022
AKQ,2022-09-28 22:27,2022-09-29 08:11,2022-09-28 13:59,202209292300,SC,C,Y,87,UPG,ANZ634,245.147705078125,2022-09-29 08:11,,,,,False,,,,,,,202209281359-KAKQ-WHUS71-MWWAKQ,,2022
AKQ,2022-09-28 22:27,2022-09-29 08:11,2022-09-28 22:27,202209292300,SC,C,Y,87,UPG,ANZ633,509.76702880859375,2022-09-29 08:11,,,,,False,,,,,,,202209282227-KAKQ-WHUS71-MWWAKQ,,2022
AKQ,2022-09-29 05:03,2022-09-30 01:41,2022-09-28 07:54,202209301000,SC,C,Y,87,CAN,ANZ650,1807.7794189453125,2022-09-30 01:41,,,,,False,,,,,,,202209280754-KAKQ-WHUS71-MWWAKQ,,2022
AKQ,2022-09-29 19:52,2022-10-01 09:49,2022-09-29 08:18,202210011000,SU,C,Y,9,CAN,NCZ102,71.23158264160156,2022-10-01 09:49,,,,,False,,,,,,,202209290818-KAKQ-WHUS41-CFWAKQ,,2022
AKQ,2022-09-29 19:52,2022-10-01 09:49,2022-09-29 08:18,202210011000,SU,C,Y,9,CAN,VAZ098,670.5114135742188,2022-10-01 09:49,,,,,False,,,,,,,202209290818-KAKQ-WHUS41-CFWAKQ,,2022
AKQ,2022-09-29 20:00,2022-10-01 04:59,2022-09-29 20:00,202210010500,SR,C,W,3,CAN,ANZ654,2234.578857421875,2022-10-01 04:59,,,,,False,,,,,,,202209292000-KAKQ-WHUS71-MWWAKQ,,2022
AKQ,2022-09-29 20:00,2022-10-01 04:59,2022-09-29 20:00,202210010500,SR,C,W,3,CAN,ANZ656,1881.7779541015625,2022-10-01 04:59,,,,,False,,,,,,,202209292000-KAKQ-WHUS71-MWWAKQ,,2022
AKQ,2022-09-29 20:00,2022-10-01 04:59,2022-09-29 20:00,202210010500,SR,C,W,3,CAN,ANZ634,245.147705078125,2022-10-01 04:59,,,,,False,,,,,,,202209292000-KAKQ-WHUS71-MWWAKQ,,2022
AKQ,2022-09-29 23:00,2022-09-29 08:11,2022-09-28 07:54,202210010200,GL,C,A,13,UPG,ANZ633,509.76702880859375,2022-09-29 08:11,,,,,False,,,,,,,202209280754-KAKQ-WHUS71-MWWAKQ,,2022
DMX,2022-09-28 05:00,2022-09-28 13:00,2022-09-27 19:39,202209281300,FR,C,Y,3,EXP,IAZ049,1481.873291015625,2022-09-28 13:08,,,,,False,,,,,,,202209271939-KDMX-WWUS73-NPWDMX,,2022
KEY,2022-09-27 09:13,2022-09-27 21:14,2022-09-27 09:13,202209282000,SC,C,Y,37,CAN,GMZ042,657.9878540039062,2022-09-27 21:14,,,,,False,,,,,,,202209270913-KKEY-WHUS72-MWWKEY,,2022
KEY,2022-09-28 21:23,2022-09-30 08:21,2022-09-28 21:23,202209290900,SC,C,Y,38,CAN,GMZ035,1969.03955078125,2022-09-30 08:21,,,,,False,,,,,,,202209282123-KKEY-WHUS72-MWWKEY,CLR,2022
KEY,2022-09-28 21:23,2022-09-30 08:21,2022-09-28 21:23,202209290900,SC,C,Y,38,CAN,GMZ055,2426.95703125,2022-09-30 08:21,,,,,False,,,,,,,202209282123-KKEY-WHUS72-MWWKEY,CLR,2022
LIX,2022-09-28 14:00,2022-09-27 18:51,2022-09-26 20:19,202209290000,FW,C,A,1,UPG,LAZ087,346.44677734375,2022-09-27 18:51,,,,,False,,,,,,,202209262019-KLIX-WWUS84-RFWLIX,,2022
LIX,2022-09-28 14:00,2022-09-29 00:00,2022-09-27 18:51,202209290000,FW,C,W,4,CON,MSZ080,1253.59521484375,2022-09-28 20:15,,,,,False,,,,,,,202209271851-KLIX-WWUS84-RFWLIX,,2022
LIX,2022-09-28 14:00,2022-09-27 18:51,2022-09-26 20:19,202209290000,FW,C,A,1,UPG,LAZ082,429.6543273925781,2022-09-27 18:51,,,,,False,,,,,,,202209262019-KLIX-WWUS84-RFWLIX,,2022
LIX,2022-09-28 14:00,2022-09-27 18:51,2022-09-26 20:19,202209290000,FW,C,A,1,UPG,MSZ068,1782.4525146484375,2022-09-27 18:51,,,,,False,,,,,,,202209262019-KLIX-WWUS84-RFWLIX,,2022
LIX,2022-09-28 14:00,2022-09-27 18:51,2022-09-26 20:19,202209290000,FW,C,A,1,UPG,MSZ069,1896.944580078125,2022-09-27 18:51,,,,,False,,,,,,,202209262019-KLIX-WWUS84-RFWLIX,,2022
LIX,2022-09-28 14:00,2022-09-27 18:51,2022-09-26 20:19,202209290000,FW,C,A,1,UPG,LAZ058,647.3876953125,2022-09-27 18:51,,,,,False,,,,,,,202209262019-KLIX-WWUS84-RFWLIX,,2022
LIX,2022-09-28 14:00,2022-09-27 18:51,2022-09-26 20:19,202209290000,FW,C,A,1,UPG,LAZ035,1104.4151611328125,2022-09-27 18:51,,,,,False,,,,,,,202209262019-KLIX-WWUS84-RFWLIX,,2022
LIX,2022-09-28 14:00,2022-09-27 18:51,2022-09-26 20:19,202209290000,FW,C,A,1,UPG,LAZ084,480.826171875,2022-09-27 18:51,,,,,False,,,,,,,202209262019-KLIX-WWUS84-RFWLIX,,2022
LIX,2022-09-28 14:00,2022-09-27 18:51,2022-09-26 20:19,202209290000,FW,C,A,1,UPG,LAZ081,741.3682250976562,2022-09-27 18:51,,,,,False,,,,,,,202209262019-KLIX-WWUS84-RFWLIX,,2022
LIX,2022-09-28 14:00,2022-09-27 18:51,2022-09-26 20:19,202209290000,FW,C,A,1,UPG,LAZ064,204.39285278320312,2022-09-27 18:51,,,,,False,,,,,,,202209262019-KLIX-WWUS84-RFWLIX,,2022
LIX,2022-09-28 14:00,2022-09-27 18:51,2022-09-26 20:19,202209290000,FW,C,A,1,UPG,LAZ047,529.8381958007812,2022-09-27 18:51,,,,,False,,,,,,,202209262019-KLIX-WWUS84-RFWLIX,,2022
LIX,2022-09-28 14:00,2022-09-27 18:51,2022-09-26 20:19,202209290000,FW,C,A,1,UPG,MSZ080,1253.59521484375,2022-09-27 18:51,,,,,False,,,,,,,202209262019-KLIX-WWUS84-RFWLIX,,2022
LIX,2022-09-28 14:00,2022-09-27 18:51,2022-09-26 20:19,202209290000,FW,C,A,1,UPG,LAZ085,569.2479858398438,2022-09-27 18:51,,,,,False,,,,,,,202209262019-KLIX-WWUS84-RFWLIX,,2022
LIX,2022-09-28 14:00,2022-09-27 18:51,2022-09-26 20:19,202209290000,FW,C,A,1,UPG,LAZ065,606.974853515625,2022-09-27 18:51,,,,,False,,,,,,,202209262019-KLIX-WWUS84-RFWLIX,,2022
LIX,2022-09-28 14:00,2022-09-29 00:00,2022-09-27 18:51,202209290000,FW,C,W,4,CON,LAZ086,216.17257690429688,2022-09-28 20:15,,,,,False,,,,,,,202209271851-KLIX-WWUS84-RFWLIX,,2022
LIX,2022-09-28 14:00,2022-09-29 00:00,2022-09-27 18:51,202209290000,FW,C,W,4,CON,LAZ058,647.3876953125,2022-09-28 20:15,,,,,False,,,,,,,202209271851-KLIX-WWUS84-RFWLIX,,2022
LIX,2022-09-28 14:00,2022-09-27 18:51,2022-09-26 20:19,202209290000,FW,C,A,1,UPG,LAZ037,1061.5506591796875,2022-09-27 18:51,,,,,False,,,,,,,202209262019-KLIX-WWUS84-RFWLIX,,2022
LIX,2022-09-28 14:00,2022-09-27 18:51,2022-09-26 20:19,202209290000,FW,C,A,1,UPG,LAZ056,944.960205078125,2022-09-27 18:51,,,,,False,,,,,,,202209262019-KLIX-WWUS84-RFWLIX,,2022
LIX,2022-09-28 14:00,2022-09-29 00:00,2022-09-27 18:51,202209290000,FW,C,W,4,CON,LAZ085,569.2479858398438,2022-09-28 20:15,,,,,False,,,,,,,202209271851-KLIX-WWUS84-RFWLIX,,2022
LIX,2022-09-28 14:00,2022-09-29 00:00,2022-09-27 18:51,202209290000,FW,C,W,4,CON,LAZ046,1692.7193603515625,2022-09-28 20:15,,,,,False,,,,,,,202209271851-KLIX-WWUS84-RFWLIX,,2022
LIX,2022-09-28 14:00,2022-09-27 18:51,2022-09-26 20:19,202209290000,FW,C,A,1,UPG,LAZ067,1427.66259765625,2022-09-27 18:51,,,,,False,,,,,,,202209262019-KLIX-WWUS84-RFWLIX,,2022
LIX,2022-09-28 14:00,2022-09-29 00:00,2022-09-27 18:51,202209290000,FW,C,W,4,CON,LAZ084,480.826171875,2022-09-28 20:15,,,,,False,,,,,,,202209271851-KLIX-WWUS84-RFWLIX,,2022
LIX,2022-09-28 14:00,2022-09-29 00:00,2022-09-27 18:51,202209290000,FW,C,W,4,CON,LAZ090,298.735107421875,2022-09-28 20:15,,,,,False,,,,,,,202209271851-KLIX-WWUS84-RFWLIX,,2022
LIX,2022-09-28 14:00,2022-09-27 18:51,2022-09-26 20:19,202209290000,FW,C,A,1,UPG,LAZ071,898.3463745117188,2022-09-27 18:51,,,,,False,,,,,,,202209262019-KLIX-WWUS84-RFWLIX,,2022
LIX,2022-09-28 14:00,2022-09-27 18:51,2022-09-26 20:19,202209290000,FW,C,A,1,UPG,LAZ039,1752.2254638671875,2022-09-27 18:51,,,,,False,,,,,,,202209262019-KLIX-WWUS84-RFWLIX,,2022
LIX,2022-09-28 14:00,2022-09-29 00:00,2022-09-27 18:51,202209290000,FW,C,W,4,CON,LAZ088,392.6041259765625,2022-09-28 20:15,,,,,False,,,,,,,202209271851-KLIX-WWUS84-RFWLIX,,2022
LIX,2022-09-28 14:00,2022-09-29 00:00,2022-09-27 18:51,202209290000,FW,C,W,4,CON,LAZ035,1104.4151611328125,2022-09-28 20:15,,,,,False,,,,,,,202209271851-KLIX-WWUS84-RFWLIX,,2022
LIX,2022-09-28 14:00,2022-09-29 00:00,2022-09-27 18:51,202209290000,FW,C,W,4,CON,LAZ056,944.960205078125,2022-09-28 20:15,,,,,False,,,,,,,202209271851-KLIX-WWUS84-RFWLIX,,2022
LIX,2022-09-28 14:00,2022-09-29 00:00,2022-09-27 18:51,202209290000,FW,C,W,4,CON,LAZ034,1529.5325927734375,2022-09-28 20:15,,,,,False,,,,,,,202209271851-KLIX-WWUS84-RFWLIX,,2022
KEY,2022-09-25 17:47,2022-09-25 21:11,2022-09-25 17:47,202209262100,CF,C,Y,3,CAN,FLZ076,130.48358154296875,2022-09-25 21:11,,,,,False,,,,,,,202209251747-KKEY-WHUS42-CFWKEY,CLR,2022
KEY,2022-09-26 19:20,2022-09-26 20:15,2022-09-26 19:20,202209262015,MA,C,W,391,EXP,GMZ032,2121.407470703125,2022-09-26 20:16,,,,,False,,,,,,,202209261920-KKEY-WHUS52-SMWKEY,TW,2022
KEY,2022-09-27 13:00,2022-09-27 20:46,2022-09-27 13:00,202209272100,TO,C,A,544,CAN,GMZ073,5871.7607421875,2022-09-27 20:46,,,,,False,,,,,,,202209271300-KKEY-WWUS62-WCNKEY,CLR,2022
KEY,2022-09-27 13:00,2022-09-27 20:46,2022-09-27 13:00,202209272100,TO,C,A,544,CAN,GMZ052,2480.46630859375,2022-09-27 20:46,,,,,False,,,,,,,202209271300-KKEY-WWUS62-WCNKEY,CLR,2022
KEY,2022-09-27 13:00,2022-09-27 20:46,2022-09-27 13:00,202209272100,TO,C,A,544,CAN,GMZ074,10149.724609375,2022-09-27 20:46,,,,,False,,,,,,,202209271300-KKEY-WWUS62-WCNKEY,CLR,2022
KEY,2022-09-27 13:00,2022-09-27 20:46,2022-09-27 13:00,202209272100,TO,C,A,544,CAN,GMZ044,1400.305419921875,2022-09-27 20:46,,,,,False,,,,,,,202209271300-KKEY-WWUS62-WCNKEY,CLR,2022
KEY,2022-09-27 20:46,2022-09-28 08:58,2022-09-27 20:46,202209280900,TO,C,A,545,CAN,GMZ035,1969.03955078125,2022-09-28 08:58,,,,,False,,,,,,,202209272046-KKEY-WWUS62-WCNKEY,CLR,2022
KEY,2022-09-27 20:46,2022-09-28 08:58,2022-09-27 20:46,202209280900,TO,C,A,545,CAN,GMZ043,403.7940368652344,2022-09-28 08:58,,,,,False,,,,,,,202209272046-KKEY-WWUS62-WCNKEY,CLR,2022
KEY,2022-09-27 20:46,2022-09-28 08:58,2022-09-27 20:46,202209280900,TO,C,A,545,CAN,GMZ072,6507.1220703125,2022-09-28 08:58,,,,,False,,,,,,,202209272046-KKEY-WWUS62-WCNKEY,CLR,2022
KEY,2022-09-27 20:46,2022-09-28 08:58,2022-09-27 20:46,202209280900,TO,C,A,545,CAN,GMZ042,657.9878540039062,2022-09-28 08:58,,,,,False,,,,,,,202209272046-KKEY-WWUS62-WCNKEY,CLR,2022
KEY,2022-09-27 20:46,2022-09-28 08:58,2022-09-27 20:46,202209280900,TO,C,A,545,CAN,GMZ055,2426.95703125,2022-09-28 08:58,,,,,False,,,,,,,202209272046-KKEY-WWUS62-WCNKEY,CLR,2022
KEY,2022-09-27 21:14,2022-09-28 21:23,2022-09-27 21:14,202210182114,TR,C,W,1009,CAN,GMZ031,1551.919189453125,2022-09-28 21:23,,,,,False,,,,,,,202209272114-KKEY-WHUS72-MWWKEY,CLR,2022
KEY,2022-09-27 21:14,2022-09-28 21:23,2022-09-27 21:14,202210182114,TR,C,W,1009,CAN,GMZ042,657.9878540039062,2022-09-28 21:23,,,,,False,,,,,,,202209272114-KKEY-WHUS72-MWWKEY,CLR,2022
KEY,2022-09-28 21:42,2022-09-29 07:57,2022-09-28 21:42,202209291100,CF,C,W,1,CAN,FLZ077,32.21444320678711,2022-09-29 07:57,,,,,False,,,,,,,202209282142-KKEY-WHUS42-CFWKEY,CLR,2022
EKA,2022-09-25 03:15,2022-09-25 14:33,2022-09-25 03:15,202209251600,FG,C,Y,5,CAN,CAZ103,1311.3897705078125,2022-09-25 14:33,,,,,False,,,,,,,202209250315-KEKA-WWUS76-NPWEKA,,2022
EKA,2022-09-26 04:19,2022-09-26 16:00,2022-09-26 04:19,202209261600,FG,C,Y,6,CON,CAZ109,1259.8782958984375,2022-09-26 12:49,,,,,False,,,,,,,202209260419-KEKA-WWUS76-NPWEKA,,2022
EKA,2022-09-29 04:00,2022-10-01 16:00,2022-09-28 09:54,202209302200,SC,C,Y,93,EXP,PZZ475,18073.2109375,2022-10-01 16:22,,,,,False,,,,,,,202209280954-KEKA-WHUS76-MWWEKA,,2022
OKX,2022-09-26 01:26,2022-09-26 03:30,2022-09-26 01:26,202209260330,FA,C,Y,132,NEW,NYC061,61.013980865478516,2022-09-26 01:26,00000,N,ER,OO,False,,,,,,,202209260126-KOKX-WGUS81-FLSOKX,DR,2022
OKX,2022-09-26 01:26,2022-09-26 03:30,2022-09-26 01:26,202209260330,FA,C,Y,132,NEW,NJC003,623.1763916015625,2022-09-26 01:26,00000,N,ER,OO,False,,,,,,,202209260126-KOKX-WGUS81-FLSOKX,DR,2022
OKX,2022-09-26 01:26,2022-09-26 03:30,2022-09-26 01:26,202209260330,FA,C,Y,132,NEW,NJC013,332.50384521484375,2022-09-26 01:26,00000,N,ER,OO,False,,,,,,,202209260126-KOKX-WGUS81-FLSOKX,DR,2022
OKX,2022-09-26 01:26,2022-09-26 03:30,2022-09-26 01:26,202209260330,FA,C,Y,132,NEW,NYC085,158.99839782714844,2022-09-26 01:26,00000,N,ER,OO,False,,,,,,,202209260126-KOKX-WGUS81-FLSOKX,DR,2022
LIX,2022-09-25 22:40,2022-09-25 23:27,2022-09-25 22:40,202209252345,MA,C,W,417,CAN,GMZ530,1875.8323974609375,2022-09-25 23:27,,,,,False,,,,,,,202209252240-KLIX-WHUS54-SMWLIX,MEFFER,2022
LIX,2022-09-26 21:55,2022-09-26 23:00,2022-09-26 21:55,202209262300,MA,C,W,418,NEW,GMZ550,5714.85546875,2022-09-26 21:55,,,,,False,,,,,,,202209262155-KLIX-WHUS54-SMWLIX,MEFFER,2022
LIX,2022-09-27 00:22,2022-09-27 01:15,2022-09-27 00:22,202209270115,MA,C,W,421,NEW,GMZ536,2794.10986328125,2022-09-27 00:22,,,,,False,,,,,,,202209270022-KLIX-WHUS54-SMWLIX,Frye,2022
LIX,2022-09-27 00:22,2022-09-27 01:15,2022-09-27 00:22,202209270115,MA,C,W,421,NEW,GMZ557,3757.41064453125,2022-09-27 00:22,,,,,False,,,,,,,202209270022-KLIX-WHUS54-SMWLIX,Frye,2022
LIX,2022-09-27 00:22,2022-09-27 01:15,2022-09-27 00:22,202209270115,MA,C,W,421,NEW,GMZ577,5458.83251953125,2022-09-27 00:22,,,,,False,,,,,,,202209270022-KLIX-WHUS54-SMWLIX,Frye,2022
LIX,2022-09-27 00:22,2022-09-27 01:15,2022-09-27 00:22,202209270115,MA,C,W,421,NEW,GMZ555,5159.630859375,2022-09-27 00:22,,,,,False,,,,,,,202209270022-KLIX-WHUS54-SMWLIX,Frye,2022
LIX,2022-09-27 00:22,2022-09-27 01:15,2022-09-27 00:22,202209270115,MA,C,W,421,NEW,GMZ575,7745.11767578125,2022-09-27 00:22,,,,,False,,,,,,,202209270022-KLIX-WHUS54-SMWLIX,Frye,2022
LIX,2022-09-27 06:00,2022-09-30 15:37,2022-09-26 19:36,202209280000,SC,C,Y,39,CAN,GMZ534,661.2970581054688,2022-09-30 15:37,,,,,False,,,,,,,202209261936-KLIX-WHUS74-MWWLIX,,2022
LIX,2022-09-27 06:00,2022-09-28 03:00,2022-09-26 19:36,202209280000,SC,C,Y,39,EXP,GMZ577,5458.83251953125,2022-09-28 03:04,,,,,False,,,,,,,202209261936-KLIX-WHUS74-MWWLIX,,2022
LIX,2022-09-27 06:00,2022-09-28 03:00,2022-09-26 19:36,202209280000,SC,C,Y,39,EXP,GMZ536,2794.10986328125,2022-09-28 03:04,,,,,False,,,,,,,202209261936-KLIX-WHUS74-MWWLIX,,2022
LIX,2022-09-27 06:00,2022-09-28 03:00,2022-09-26 19:36,202209280000,SC,C,Y,39,EXP,GMZ572,7705.48291015625,2022-09-28 03:04,,,,,False,,,,,,,202209261936-KLIX-WHUS74-MWWLIX,,2022
LIX,2022-09-27 06:00,2022-09-28 03:00,2022-09-26 19:36,202209280000,SC,C,Y,39,EXP,GMZ555,5159.630859375,2022-09-28 03:04,,,,,False,,,,,,,202209261936-KLIX-WHUS74-MWWLIX,,2022
LIX,2022-09-28 03:00,2022-09-29 23:00,2022-09-27 16:08,202209292300,GL,C,W,8,EXP,GMZ536,2794.10986328125,2022-09-29 23:09,,,,,False,,,,,,,202209271608-KLIX-WHUS74-MWWLIX,,2022
LIX,2022-09-28 03:00,2022-09-29 03:00,2022-09-27 19:46,202209290300,WI,C,Y,11,EXP,LAZ066,3138.92578125,2022-09-29 02:58,,,,,False,,,,,,,202209271946-KLIX-WWUS74-NPWLIX,,2022
LIX,2022-09-28 03:00,2022-09-29 03:00,2022-09-27 19:46,202209290300,WI,C,Y,11,EXP,LAZ068,300.76171875,2022-09-29 02:58,,,,,False,,,,,,,202209271946-KLIX-WWUS74-NPWLIX,,2022
LIX,2022-09-28 03:00,2022-09-29 03:00,2022-09-27 19:46,202209290300,WI,C,Y,11,EXP,LAZ090,298.735107421875,2022-09-29 02:58,,,,,False,,,,,,,202209271946-KLIX-WWUS74-NPWLIX,,2022
LIX,2022-09-28 03:00,2022-09-29 23:00,2022-09-27 16:08,202209292300,GL,C,W,8,EXP,GMZ532,1994.038330078125,2022-09-29 23:09,,,,,False,,,,,,,202209271608-KLIX-WHUS74-MWWLIX,,2022
LIX,2022-09-28 03:00,2022-09-29 03:00,2022-09-27 19:46,202209290300,WI,C,Y,11,EXP,MSZ080,1253.56884765625,2022-09-29 02:58,,,,,False,,,,,,,202209271946-KLIX-WWUS74-NPWLIX,,2022
LIX,2022-09-28 03:00,2022-09-29 15:00,2022-09-27 16:08,202209292300,GL,C,W,8,EXP,GMZ552,5342.24169921875,2022-09-29 15:11,,,,,False,,,,,,,202209271608-KLIX-WHUS74-MWWLIX,,2022
LIX,2022-09-28 03:00,2022-09-29 03:00,2022-09-27 19:46,202209290300,WI,C,Y,11,EXP,LAZ080,364.2966613769531,2022-09-29 02:58,,,,,False,,,,,,,202209271946-KLIX-WWUS74-NPWLIX,,2022
LIX,2022-09-28 03:00,2022-09-29 03:00,2022-09-27 19:46,202209290300,WI,C,Y,11,EXP,MSZ081,1501.3670654296875,2022-09-29 02:58,,,,,False,,,,,,,202209271946-KLIX-WWUS74-NPWLIX,,2022
LIX,2022-09-28 03:00,2022-09-29 03:00,2022-09-27 19:46,202209290300,WI,C,Y,11,EXP,LAZ082,429.6543273925781,2022-09-29 02:58,,,,,False,,,,,,,202209271946-KLIX-WWUS74-NPWLIX,,2022
LIX,2022-09-28 03:00,2022-09-29 15:00,2022-09-27 16:08,202209292300,GL,C,W,8,EXP,GMZ570,8646.109375,2022-09-29 15:11,,,,,False,,,,,,,202209271608-KLIX-WHUS74-MWWLIX,,2022
LIX,2022-09-28 03:00,2022-09-29 03:00,2022-09-27 20:27,202209290300,WI,C,Y,11,EXP,LAZ071,898.3463745117188,2022-09-29 02:58,,,,,False,,,,,,,202209272027-KLIX-WWUS74-NPWLIX,,2022
LIX,2022-09-28 03:00,2022-09-29 03:00,2022-09-27 19:46,202209290300,WI,C,Y,11,EXP,LAZ076,304.0445251464844,2022-09-29 02:58,,,,,False,,,,,,,202209271946-KLIX-WWUS74-NPWLIX,,2022
LIX,2022-09-28 03:00,2022-09-29 03:00,2022-09-27 19:46,202209290300,WI,C,Y,11,EXP,LAZ070,1101.229248046875,2022-09-29 02:58,,,,,False,,,,,,,202209271946-KLIX-WWUS74-NPWLIX,,2022
LIX,2022-09-28 03:00,2022-09-29 03:00,2022-09-27 19:46,202209290300,WI,C,Y,11,EXP,MSZ082,1910.6932373046875,2022-09-29 02:58,,,,,False,,,,,,,202209271946-KLIX-WWUS74-NPWLIX,,2022
LIX,2022-09-28 03:00,2022-09-29 03:00,2022-09-27 19:46,202209290300,WI,C,Y,11,EXP,LAZ088,392.6041259765625,2022-09-29 02:58,,,,,False,,,,,,,202209271946-KLIX-WWUS74-NPWLIX,,2022
LIX,2022-09-28 03:00,2022-09-29 15:00,2022-09-27 16:08,202209292300,GL,C,W,8,EXP,GMZ550,5714.85546875,2022-09-29 15:11,,,,,False,,,,,,,202209271608-KLIX-WHUS74-MWWLIX,,2022
LIX,2022-09-28 03:00,2022-09-29 03:00,2022-09-27 19:46,202209290300,WI,C,Y,11,EXP,LAZ084,480.826171875,2022-09-29 02:58,,,,,False,,,,,,,202209271946-KLIX-WWUS74-NPWLIX,,2022
LIX,2022-09-28 03:00,2022-09-29 23:00,2022-09-27 16:08,202209292300,GL,C,W,8,EXP,GMZ538,1828.2960205078125,2022-09-29 23:09,,,,,False,,,,,,,202209271608-KLIX-WHUS74-MWWLIX,,2022
LIX,2022-09-28 14:00,2022-09-27 18:51,2022-09-26 20:19,202209290000,FW,C,A,1,UPG,LAZ086,216.17257690429688,2022-09-27 18:51,,,,,False,,,,,,,202209262019-KLIX-WWUS84-RFWLIX,,2022
LIX,2022-09-28 03:00,2022-09-29 03:00,2022-09-27 20:27,202209290300,WI,C,Y,11,EXP,MSZ077,2123.4287109375,2022-09-29 02:58,,,,,False,,,,,,,202209272027-KLIX-WWUS74-NPWLIX,,2022
LIX,2022-09-28 03:00,2022-09-29 03:00,2022-09-27 20:27,202209290300,WI,C,Y,11,EXP,LAZ079,1597.1986083984375,2022-09-29 02:58,,,,,False,,,,,,,202209272027-KLIX-WWUS74-NPWLIX,,2022
LIX,2022-09-28 03:00,2022-09-29 03:00,2022-09-27 20:27,202209290300,WI,C,Y,11,EXP,LAZ081,741.3682250976562,2022-09-29 02:58,,,,,False,,,,,,,202209272027-KLIX-WWUS74-NPWLIX,,2022
LIX,2022-09-28 03:00,2022-09-29 03:00,2022-09-27 20:27,202209290300,WI,C,Y,11,EXP,LAZ083,1211.220947265625,2022-09-29 02:58,,,,,False,,,,,,,202209272027-KLIX-WWUS74-NPWLIX,,2022
LIX,2022-09-29 16:00,2022-09-29 23:00,2022-09-29 08:41,202209292300,FW,C,W,5,EXP,MSZ081,1501.3670654296875,2022-09-29 23:15,,,,,False,,,,,,,202209290841-KLIX-WWUS84-RFWLIX,,2022
MFL,2022-09-27 16:48,2022-09-27 19:45,2022-09-27 16:48,202209271945,FA,C,Y,240,CON,FLC011,3161.671630859375,2022-09-27 18:31,00000,N,ER,OO,False,,,,,,,202209271648-KMFL-WGUS82-FLSMFL,BAXTER,2022
MFL,2022-09-27 16:48,2022-09-27 19:45,2022-09-27 16:48,202209271945,FA,C,Y,240,CON,FLC099,5142.36865234375,2022-09-27 18:31,00000,N,ER,OO,False,,,,,,,202209271648-KMFL-WGUS82-FLSMFL,BAXTER,2022
JAX,2022-09-27 15:13,2022-09-30 15:00,2022-09-27 15:13,202210181513,SS,C,W,1009,CAN,FLZ325,299.30718994140625,2022-09-30 15:00,,,,,False,,,,,,,202209271513-KJAX-WTUS82-TCVJAX,,2022
JAX,2022-09-27 15:13,2022-09-30 08:55,2022-09-27 15:13,202210181513,TR,C,W,1009,CAN,GAZ154,488.05682373046875,2022-09-30 08:55,,,,,False,,,,,,,202209271513-KJAX-WTUS82-TCVJAX,,2022
JAX,2022-09-27 15:13,2022-09-30 15:00,2022-09-27 15:13,202210181513,SS,C,W,1009,CAN,FLZ137,955.1932373046875,2022-09-30 15:00,,,,,False,,,,,,,202209271513-KJAX-WTUS82-TCVJAX,,2022
PAH,2022-09-24 22:50,2022-09-24 23:15,2022-09-24 22:50,202209242315,SV,C,W,219,CON,MOC223,2004.1922607421875,2022-09-24 23:07,,,,,False,,,,,,,202209242250-KPAH-WUUS53-SVRPAH,DW,2022
PAH,2022-09-24 22:01,2022-09-24 22:30,2022-09-24 22:01,202209242230,SV,C,W,217,CON,MOC035,1317.958984375,2022-09-24 22:19,,,,,False,,,,,,,202209242201-KPAH-WUUS53-SVRPAH,DW,2022
PAH,2022-09-24 22:01,2022-09-24 22:30,2022-09-24 22:01,202209242230,SV,C,W,217,CON,MOC181,1635.4034423828125,2022-09-24 22:19,,,,,False,,,,,,,202209242201-KPAH-WUUS53-SVRPAH,DW,2022
PAH,2022-09-24 22:50,2022-09-24 23:15,2022-09-24 22:50,202209242315,SV,C,W,219,CON,MOC035,1317.958984375,2022-09-24 23:07,,,,,False,,,,,,,202209242250-KPAH-WUUS53-SVRPAH,DW,2022
LMK,2022-09-25 07:09,2022-09-25 07:45,2022-09-25 07:09,202209250745,SV,C,W,244,EXP,KYC085,1321.7841796875,2022-09-25 07:43,,,,,False,,,,,,,202209250709-KLMK-WUUS53-SVRLMK,EBW,2022
JAX,2022-09-29 08:13,2022-09-29 15:00,2022-09-29 08:13,202209291200,FA,C,Y,35,EXP,FLC109,1702.60009765625,2022-09-29 15:04,00000,N,ER,OO,False,,,,,,,202209290813-KJAX-WGUS82-FLSJAX,WOLF,2022
FFC,2022-09-29 12:00,2022-09-30 07:05,2022-09-29 08:57,202209300000,WI,C,Y,9,CAN,GAZ106,728.7279052734375,2022-09-30 07:05,,,,,False,,,,,,,202209290857-KFFC-WWUS72-NPWFFC,,2022
FFC,2022-09-29 12:00,2022-09-30 07:05,2022-09-29 08:57,202209300000,WI,C,Y,9,CAN,GAZ070,481.55816650390625,2022-09-30 07:05,,,,,False,,,,,,,202209290857-KFFC-WWUS72-NPWFFC,,2022
FFC,2022-09-29 12:00,2022-09-30 07:05,2022-09-29 08:57,202209300000,WI,C,Y,9,CAN,GAZ078,1225.5927734375,2022-09-30 07:05,,,,,False,,,,,,,202209290857-KFFC-WWUS72-NPWFFC,,2022
FFC,2022-09-29 12:00,2022-09-30 07:05,2022-09-29 08:57,202209300000,WI,C,Y,9,CAN,GAZ055,373.7704772949219,2022-09-30 07:05,,,,,False,,,,,,,202209290857-KFFC-WWUS72-NPWFFC,,2022
FFC,2022-09-29 12:00,2022-09-30 07:05,2022-09-29 08:57,202209300000,WI,C,Y,9,CAN,GAZ058,492.4004821777344,2022-09-30 07:05,,,,,False,,,,,,,202209290857-KFFC-WWUS72-NPWFFC,,2022
FFC,2022-09-29 12:00,2022-09-30 07:05,2022-09-29 08:57,202209300000,WI,C,Y,9,CAN,GAZ054,516.0263061523438,2022-09-30 07:05,,,,,False,,,,,,,202209290857-KFFC-WWUS72-NPWFFC,,2022
FFC,2022-09-29 12:00,2022-09-30 07:05,2022-09-29 08:57,202209300000,WI,C,Y,9,CAN,GAZ056,517.362548828125,2022-09-30 07:05,,,,,False,,,,,,,202209290857-KFFC-WWUS72-NPWFFC,,2022
FFC,2022-09-29 12:00,2022-09-30 07:05,2022-09-29 08:57,202209300000,WI,C,Y,9,CAN,GAZ071,1030.811279296875,2022-09-30 07:05,,,,,False,,,,,,,202209290857-KFFC-WWUS72-NPWFFC,,2022
FFC,2022-09-29 12:00,2022-09-30 07:05,2022-09-29 08:57,202209300000,WI,C,Y,9,CAN,GAZ022,640.8955078125,2022-09-30 07:05,,,,,False,,,,,,,202209290857-KFFC-WWUS72-NPWFFC,,2022
FFC,2022-09-29 12:00,2022-09-30 07:05,2022-09-29 08:57,202209300000,WI,C,Y,9,CAN,GAZ044,615.2534790039062,2022-09-30 07:05,,,,,False,,,,,,,202209290857-KFFC-WWUS72-NPWFFC,,2022
FFC,2022-09-29 12:00,2022-09-30 07:05,2022-09-29 08:57,202209300000,WI,C,Y,9,CAN,GAZ080,982.8519897460938,2022-09-30 07:05,,,,,False,,,,,,,202209290857-KFFC-WWUS72-NPWFFC,,2022
FFC,2022-09-29 12:00,2022-09-30 07:05,2022-09-29 08:57,202209300000,WI,C,Y,9,CAN,GAZ104,1276.9052734375,2022-09-30 07:05,,,,,False,,,,,,,202209290857-KFFC-WWUS72-NPWFFC,,2022
FFC,2022-09-29 12:00,2022-09-30 07:05,2022-09-29 08:57,202209300000,WI,C,Y,9,CAN,GAZ046,341.6281433105469,2022-09-30 07:05,,,,,False,,,,,,,202209290857-KFFC-WWUS72-NPWFFC,,2022
FFC,2022-09-29 12:00,2022-10-01 00:00,2022-09-29 08:57,202209300000,WI,C,Y,9,CON,GAZ025,888.7208251953125,2022-09-30 18:52,,,,,False,,,,,,,202209290857-KFFC-WWUS72-NPWFFC,,2022
FFC,2022-09-29 12:00,2022-10-01 00:00,2022-09-29 08:57,202209300000,WI,C,Y,9,CON,GAZ050,1052.55810546875,2022-09-30 18:52,,,,,False,,,,,,,202209290857-KFFC-WWUS72-NPWFFC,,2022
FFC,2022-09-29 12:00,2022-10-01 00:00,2022-09-29 08:57,202209300000,WI,C,Y,9,CON,GAZ036,314.283935546875,2022-09-30 18:52,,,,,False,,,,,,,202209290857-KFFC-WWUS72-NPWFFC,,2022
FFC,2022-09-29 12:00,2022-10-01 00:00,2022-09-29 08:57,202209300000,WI,C,Y,9,CON,GAZ024,605.9216918945312,2022-09-30 18:52,,,,,False,,,,,,,202209290857-KFFC-WWUS72-NPWFFC,,2022
FFC,2022-09-29 12:00,2022-10-01 00:00,2022-09-29 08:57,202209300000,WI,C,Y,9,CON,GAZ085,794.139404296875,2022-09-30 18:52,,,,,False,,,,,,,202209290857-KFFC-WWUS72-NPWFFC,,2022
FFC,2022-09-29 12:00,2022-10-01 00:00,2022-09-29 08:57,202209300000,WI,C,Y,9,CON,GAZ051,506.4274597167969,2022-09-30 18:52,,,,,False,,,,,,,202209290857-KFFC-WWUS72-NPWFFC,,2022
FFC,2022-09-29 12:00,2022-10-01 00:00,2022-09-29 08:57,202209300000,WI,C,Y,9,CON,GAZ049,918.6577758789062,2022-09-30 18:52,,,,,False,,,,,,,202209290857-KFFC-WWUS72-NPWFFC,,2022
FFC,2022-09-29 12:00,2022-10-01 00:00,2022-09-29 08:57,202209300000,WI,C,Y,9,CON,GAZ073,692.81982421875,2022-09-30 18:52,,,,,False,,,,,,,202209290857-KFFC-WWUS72-NPWFFC,,2022
FFC,2022-09-29 12:00,2022-10-01 00:00,2022-09-29 08:57,202209300000,WI,C,Y,9,CON,GAZ113,955.2619018554688,2022-09-30 18:52,,,,,False,,,,,,,202209290857-KFFC-WWUS72-NPWFFC,,2022
FFC,2022-09-29 12:00,2022-10-01 00:00,2022-09-29 08:57,202209300000,WI,C,Y,9,CON,GAZ083,940.359375,2022-09-30 18:52,,,,,False,,,,,,,202209290857-KFFC-WWUS72-NPWFFC,,2022
FFC,2022-09-29 12:00,2022-10-01 00:00,2022-09-29 08:57,202209300000,WI,C,Y,9,CON,GAZ076,1372.447021484375,2022-09-30 18:52,,,,,False,,,,,,,202209290857-KFFC-WWUS72-NPWFFC,,2022
FFC,2022-09-29 17:54,2022-09-30 07:05,2022-09-29 17:54,202210010000,WI,C,Y,9,CAN,GAZ042,1305.4964599609375,2022-09-30 07:05,,,,,False,,,,,,,202209291754-KFFC-WWUS72-NPWFFC,,2022
FFC,2022-09-29 17:54,2022-09-30 07:05,2022-09-29 17:54,202210010000,WI,C,Y,9,CAN,GAZ052,780.1672973632812,2022-09-30 07:05,,,,,False,,,,,,,202209291754-KFFC-WWUS72-NPWFFC,,2022
FFC,2022-09-29 17:54,2022-09-30 07:05,2022-09-29 17:54,202210010000,WI,C,Y,9,CAN,GAZ021,1124.1588134765625,2022-09-30 07:05,,,,,False,,,,,,,202209291754-KFFC-WWUS72-NPWFFC,,2022
JAX,2022-09-26 21:07,2022-09-27 21:09,2022-09-26 21:07,202210172107,SS,C,A,1009,UPG,FLZ138,146.872802734375,2022-09-27 21:09,,,,,False,,,,,,,202209262107-KJAX-WTUS82-TCVJAX,,2022
JAX,2022-09-26 21:07,2022-09-27 15:13,2022-09-26 21:07,202210172107,TR,C,A,1009,UPG,FLZ225,112.2689437866211,2022-09-27 15:13,,,,,False,,,,,,,202209262107-KJAX-WTUS82-TCVJAX,,2022
JAX,2022-09-26 21:07,2022-09-27 15:13,2022-09-26 21:07,202210172107,TR,C,A,1009,UPG,GAZ154,488.05682373046875,2022-09-27 15:13,,,,,False,,,,,,,202209262107-KJAX-WTUS82-TCVJAX,,2022
JAX,2022-09-26 21:07,2022-09-27 15:13,2022-09-26 21:07,202210172107,SS,C,A,1009,UPG,FLZ124,370.8739013671875,2022-09-27 15:13,,,,,False,,,,,,,202209262107-KJAX-WTUS82-TCVJAX,,2022
JAX,2022-09-26 21:07,2022-09-27 15:13,2022-09-26 21:07,202210172107,TR,C,A,1009,UPG,GAZ166,672.1104736328125,2022-09-27 15:13,,,,,False,,,,,,,202209262107-KJAX-WTUS82-TCVJAX,,2022
JAX,2022-09-26 21:07,2022-09-27 15:13,2022-09-26 21:07,202210172107,TR,C,A,1009,UPG,FLZ240,1543.1129150390625,2022-09-27 15:13,,,,,False,,,,,,,202209262107-KJAX-WTUS82-TCVJAX,,2022
JAX,2022-09-26 21:07,2022-09-27 15:13,2022-09-26 21:07,202210172107,TR,C,A,1009,UPG,FLZ325,299.30718994140625,2022-09-27 15:13,,,,,False,,,,,,,202209262107-KJAX-WTUS82-TCVJAX,,2022
JAX,2022-09-26 21:07,2022-09-27 15:13,2022-09-26 21:07,202210172107,TR,C,A,1009,UPG,FLZ133,680.9476928710938,2022-09-27 15:13,,,,,False,,,,,,,202209262107-KJAX-WTUS82-TCVJAX,,2022
JAX,2022-09-26 21:07,2022-09-27 15:13,2022-09-26 21:07,202210172107,TR,C,A,1009,UPG,FLZ033,1021.649169921875,2022-09-27 15:13,,,,,False,,,,,,,202209262107-KJAX-WTUS82-TCVJAX,,2022
JAX,2022-09-26 21:09,2022-09-27 15:16,2022-09-26 21:09,202210172109,TR,C,A,1009,UPG,AMZ452,2917.99072265625,2022-09-27 15:16,,,,,False,,,,,,,202209262109-KJAX-WHUS72-MWWJAX,,2022
JAX,2022-09-26 21:09,2022-09-27 15:16,2022-09-26 21:09,202210172109,TR,C,A,1009,UPG,AMZ454,1745.234375,2022-09-27 15:16,,,,,False,,,,,,,202209262109-KJAX-WHUS72-MWWJAX,,2022
JAX,2022-09-27 08:50,2022-09-29 09:23,2022-09-27 08:50,202209301800,FA,C,A,5,CAN,FLZ425,839.31640625,2022-09-29 09:23,00000,0,ER,OO,False,,,,,,,202209270850-KJAX-WGUS62-FFAJAX,HESS,2022
JAX,2022-09-27 09:06,2022-09-29 21:06,2022-09-27 09:06,202210180906,TR,C,A,1009,CAN,FLZ136,1618.6932373046875,2022-09-29 21:06,,,,,False,,,,,,,202209270906-KJAX-WTUS82-TCVJAX,,2022
JAX,2022-09-27 09:06,2022-09-27 15:13,2022-09-27 09:06,202210180906,TR,C,A,1009,UPG,FLZ237,1190.208251953125,2022-09-27 15:13,,,,,False,,,,,,,202209270906-KJAX-WTUS82-TCVJAX,,2022
JAX,2022-09-27 09:06,2022-09-27 15:13,2022-09-27 09:06,202210180906,TR,C,A,1009,UPG,FLZ232,1427.7642822265625,2022-09-27 15:13,,,,,False,,,,,,,202209270906-KJAX-WTUS82-TCVJAX,,2022
JAX,2022-09-27 09:06,2022-09-27 15:13,2022-09-27 09:06,202210180906,TR,C,A,1009,UPG,FLZ425,839.31640625,2022-09-27 15:13,,,,,False,,,,,,,202209270906-KJAX-WTUS82-TCVJAX,,2022
JAX,2022-09-27 15:13,2022-09-29 21:06,2022-09-27 15:13,202210181513,TR,C,W,1009,CAN,FLZ425,839.31640625,2022-09-29 21:06,,,,,False,,,,,,,202209271513-KJAX-WTUS82-TCVJAX,,2022
JAX,2022-09-27 15:13,2022-09-30 15:00,2022-09-27 15:13,202210181513,SS,C,W,1009,CAN,FLZ125,918.8072509765625,2022-09-30 15:00,,,,,False,,,,,,,202209271513-KJAX-WTUS82-TCVJAX,,2022
JAX,2022-09-27 15:13,2022-09-30 08:55,2022-09-27 15:13,202210181513,TR,C,W,1009,CAN,FLZ033,1021.649169921875,2022-09-30 08:55,,,,,False,,,,,,,202209271513-KJAX-WTUS82-TCVJAX,,2022
JAX,2022-09-27 15:13,2022-09-30 15:00,2022-09-27 15:13,202210181513,SS,C,W,1009,CAN,FLZ033,1021.649169921875,2022-09-30 15:00,,,,,False,,,,,,,202209271513-KJAX-WTUS82-TCVJAX,,2022
JAX,2022-09-27 15:13,2022-09-30 08:55,2022-09-27 15:13,202210181513,TR,C,W,1009,CAN,FLZ325,299.30718994140625,2022-09-30 08:55,,,,,False,,,,,,,202209271513-KJAX-WTUS82-TCVJAX,,2022
JAX,2022-09-27 15:13,2022-09-30 15:00,2022-09-27 15:13,202210181513,SS,C,W,1009,CAN,FLZ133,680.9476928710938,2022-09-30 15:00,,,,,False,,,,,,,202209271513-KJAX-WTUS82-TCVJAX,,2022
JAX,2022-09-27 15:13,2022-09-29 15:03,2022-09-27 15:13,202210181513,TR,C,W,1009,CAN,FLZ340,1378.7718505859375,2022-09-29 15:03,,,,,False,,,,,,,202209271513-KJAX-WTUS82-TCVJAX,,2022
JAX,2022-09-27 15:13,2022-09-28 15:11,2022-09-27 15:13,202210181513,TR,C,A,1009,UPG,GAZ264,433.7867126464844,2022-09-28 15:11,,,,,False,,,,,,,202209271513-KJAX-WTUS82-TCVJAX,,2022
JAX,2022-09-27 15:13,2022-09-28 15:11,2022-09-27 15:13,202210181513,TR,C,A,1009,UPG,GAZ153,594.6610717773438,2022-09-28 15:11,,,,,False,,,,,,,202209271513-KJAX-WTUS82-TCVJAX,,2022
JAX,2022-09-27 15:13,2022-09-28 15:11,2022-09-27 15:13,202210181513,TR,C,A,1009,UPG,GAZ165,987.2612915039062,2022-09-28 15:11,,,,,False,,,,,,,202209271513-KJAX-WTUS82-TCVJAX,,2022
JAX,2022-09-27 15:13,2022-09-30 15:00,2022-09-27 15:13,202210181513,SS,C,W,1009,CAN,FLZ124,370.8739013671875,2022-09-30 15:00,,,,,False,,,,,,,202209271513-KJAX-WTUS82-TCVJAX,,2022
JAX,2022-09-27 15:13,2022-09-28 15:11,2022-09-27 15:13,202210181513,TR,C,A,1009,UPG,GAZ152,1159.72705078125,2022-09-28 15:11,,,,,False,,,,,,,202209271513-KJAX-WTUS82-TCVJAX,,2022
JAX,2022-09-27 15:13,2022-09-28 15:11,2022-09-27 15:13,202210181513,TR,C,A,1009,UPG,GAZ364,1596.5443115234375,2022-09-28 15:11,,,,,False,,,,,,,202209271513-KJAX-WTUS82-TCVJAX,,2022
JAX,2022-09-27 15:13,2022-09-28 15:11,2022-09-27 15:13,202210181513,TR,C,A,1009,UPG,FLZ024,1328.9837646484375,2022-09-28 15:11,,,,,False,,,,,,,202209271513-KJAX-WTUS82-TCVJAX,,2022
JAX,2022-09-27 15:13,2022-09-30 08:55,2022-09-27 15:13,202210181513,TR,C,W,1009,CAN,FLZ137,955.1932373046875,2022-09-30 08:55,,,,,False,,,,,,,202209271513-KJAX-WTUS82-TCVJAX,,2022
JAX,2022-09-27 15:13,2022-09-30 08:55,2022-09-27 15:13,202210181513,TR,C,W,1009,CAN,FLZ038,1159.1422119140625,2022-09-30 08:55,,,,,False,,,,,,,202209271513-KJAX-WTUS82-TCVJAX,,2022
JAX,2022-09-28 15:16,2022-09-29 16:00,2022-09-28 15:16,202210191516,HU,C,A,1009,UPG,AMZ472,5194.25244140625,2022-09-29 16:00,,,,,False,,,,,,,202209281516-KJAX-WHUS72-MWWJAX,,2022
JAX,2022-09-28 15:11,2022-09-30 02:57,2022-09-28 15:11,202210191511,HU,C,A,1009,CAN,FLZ124,370.8739013671875,2022-09-30 02:57,,,,,False,,,,,,,202209281511-KJAX-WTUS82-TCVJAX,,2022
JAX,2022-09-28 15:11,2022-09-29 21:06,2022-09-28 15:11,202210191511,TR,C,W,1009,CAN,GAZ264,433.7867126464844,2022-09-29 21:06,,,,,False,,,,,,,202209281511-KJAX-WTUS82-TCVJAX,,2022
JAX,2022-09-28 15:11,2022-09-29 21:06,2022-09-28 15:11,202210191511,TR,C,W,1009,CAN,GAZ152,1159.72705078125,2022-09-29 21:06,,,,,False,,,,,,,202209281511-KJAX-WTUS82-TCVJAX,,2022
JAX,2022-09-28 15:11,2022-09-29 21:06,2022-09-28 15:11,202210191511,TR,C,W,1009,CAN,GAZ136,1682.1597900390625,2022-09-29 21:06,,,,,False,,,,,,,202209281511-KJAX-WTUS82-TCVJAX,,2022
JAX,2022-09-28 15:16,2022-09-29 16:00,2022-09-28 15:16,202210191516,HU,C,A,1009,UPG,AMZ454,1745.234375,2022-09-29 16:00,,,,,False,,,,,,,202209281516-KJAX-WHUS72-MWWJAX,,2022
JAX,2022-09-28 15:16,2022-09-29 16:00,2022-09-28 15:16,202210191516,HU,C,A,1009,UPG,AMZ450,2575.478759765625,2022-09-29 16:00,,,,,False,,,,,,,202209281516-KJAX-WHUS72-MWWJAX,,2022
JAX,2022-09-28 15:16,2022-09-29 16:00,2022-09-28 15:16,202210191516,HU,C,A,1009,UPG,AMZ474,3355.91845703125,2022-09-29 16:00,,,,,False,,,,,,,202209281516-KJAX-WHUS72-MWWJAX,,2022
JAX,2022-09-28 15:16,2022-09-29 16:00,2022-09-28 15:16,202210191516,HU,C,A,1009,UPG,AMZ452,2917.99072265625,2022-09-29 16:00,,,,,False,,,,,,,202209281516-KJAX-WHUS72-MWWJAX,,2022
JAX,2022-09-28 15:18,2022-10-02 06:15,2022-09-28 15:18,202209302000,RP,C,S,34,CAN,FLZ133,680.9476928710938,2022-10-02 06:15,,,,,False,,,,,,,202209281518-KJAX-WHUS42-CFWJAX,,2022
JAX,2022-09-28 15:18,2022-10-02 06:15,2022-09-28 15:18,202209302000,RP,C,S,34,CAN,FLZ125,918.8072509765625,2022-10-02 06:15,,,,,False,,,,,,,202209281518-KJAX-WHUS42-CFWJAX,,2022
PBZ,2022-09-25 13:40,2022-09-25 14:30,2022-09-25 13:40,202209251430,SV,C,W,216,EXP,WVC049,805.948974609375,2022-09-25 14:27,,,,,False,,,,,,,202209251340-KPBZ-WUUS51-SVRPBZ,,2022
PBZ,2022-09-25 13:40,2022-09-25 14:30,2022-09-25 13:40,202209251430,SV,C,W,216,EXP,WVC061,946.79345703125,2022-09-25 14:27,,,,,False,,,,,,,202209251340-KPBZ-WUUS51-SVRPBZ,,2022
PBZ,2022-09-25 13:40,2022-09-25 13:56,2022-09-25 13:40,202209251430,SV,C,W,216,CAN,WVC103,935.197998046875,2022-09-25 13:56,,,,,False,,,,,,,202209251340-KPBZ-WUUS51-SVRPBZ,,2022
PAH,2022-09-24 22:01,2022-09-24 22:30,2022-09-24 22:01,202209242230,SV,C,W,217,CON,MOC023,1809.9459228515625,2022-09-24 22:19,,,,,False,,,,,,,202209242201-KPAH-WUUS53-SVRPAH,DW,2022
CAR,2022-09-24 19:45,2022-09-24 22:25,2022-09-24 19:45,202209250000,WI,C,Y,7,CAN,MEZ002,5516.90380859375,2022-09-24 22:25,,,,,False,,,,,,,202209241945-KCAR-WWUS71-NPWCAR,,2022
CAR,2022-09-24 19:45,2022-09-24 22:25,2022-09-24 19:45,202209250000,WI,C,Y,7,CAN,MEZ005,2971.081787109375,2022-09-24 22:25,,,,,False,,,,,,,202209241945-KCAR-WWUS71-NPWCAR,,2022
JAX,2022-09-29 16:00,2022-09-30 09:00,2022-09-29 16:00,202210201600,HU,C,W,1009,CAN,AMZ450,2575.478759765625,2022-09-30 09:00,,,,,False,,,,,,,202209291600-KJAX-WHUS72-MWWJAX,,2022
JAX,2022-09-29 16:14,2022-09-29 19:15,2022-09-29 16:14,202209291915,FF,C,W,8,NEW,FLC035,1306.0235595703125,2022-09-29 16:14,00000,0,ER,OO,False,,,,,,,202209291614-KJAX-WGUS52-FFWJAX,AK,2022
JAX,2022-09-29 19:08,2022-09-30 01:00,2022-09-29 19:08,202209300100,FF,C,W,9,EXP,FLC109,1702.60009765625,2022-09-30 00:54,00000,0,ER,OO,False,,,,,,,202209291908-KJAX-WGUS52-FFWJAX,MW,2022
PHI,2022-09-25 11:00,2022-09-26 14:00,2022-09-24 18:55,202209261000,SC,C,Y,78,EXT,ANZ454,818.2506103515625,2022-09-26 07:40,,,,,False,,,,,,,202209241855-KPHI-WHUS71-MWWPHI,CB,2022
PHI,2022-09-25 19:20,2022-09-25 19:45,2022-09-25 19:20,202209251945,SV,C,W,167,EXP,NJC025,1229.7410888671875,2022-09-25 19:43,,,,,False,,,,,,,202209251920-KPHI-WUUS51-SVRPHI,Fitzsimmons,2022
MOB,2022-09-28 03:00,2022-09-29 09:00,2022-09-27 20:01,202209290300,WI,C,Y,12,CON,FLZ206,331.8329772949219,2022-09-29 01:33,,,,,False,,,,,,,202209272001-KMOB-WWUS74-NPWMOB,,2022
MOB,2022-09-28 12:00,2022-09-29 23:00,2022-09-27 09:33,202210011100,RP,C,S,25,CON,FLZ206,331.8329772949219,2022-09-29 17:01,,,,,False,,,,,,,202209270933-KMOB-WHUS44-CFWMOB,,2022
MOB,2022-09-28 14:00,2022-09-29 00:00,2022-09-27 09:50,202209290000,FW,C,W,6,CON,ALZ262,1553.9134521484375,2022-09-28 20:10,,,,,False,,,,,,,202209270950-KMOB-WWUS84-RFWMOB,,2022
PAH,2022-09-24 22:56,2022-09-24 23:30,2022-09-24 22:56,202209242330,SV,C,W,220,CON,MOC023,1809.9459228515625,2022-09-24 23:13,,,,,False,,,,,,,202209242256-KPAH-WUUS53-SVRPAH,DW,2022
PAH,2022-09-24 23:22,2022-09-25 00:00,2022-09-24 23:22,202209250000,SV,C,W,221,EXP,MOC223,2004.1922607421875,2022-09-24 23:50,,,,,False,,,,,,,202209242322-KPAH-WUUS53-SVRPAH,JGG,2022
PAH,2022-09-24 23:25,2022-09-25 00:00,2022-09-24 23:25,202209250000,SV,C,W,222,CON,MOC023,1809.9459228515625,2022-09-24 23:47,,,,,False,,,,,,,202209242325-KPAH-WUUS53-SVRPAH,DW,2022
APX,2022-09-29 04:00,2022-09-29 13:00,2022-09-28 06:46,202209291300,FZ,C,W,3,CON,MIZ036,1464.293701171875,2022-09-29 06:51,,,,,False,,,,,,,202209280646-KAPX-WWUS73-NPWAPX,,2022
CAR,2022-09-24 04:00,2022-09-24 19:45,2022-09-23 07:22,202209250000,HW,C,W,4,CAN,MEZ029,1916.6795654296875,2022-09-24 19:45,,,,,False,,,,,,,202209230722-KCAR-WWUS71-NPWCAR,,2022
CHS,2022-09-28 15:16,2022-09-29 15:16,2022-09-28 15:16,202210191516,HU,C,A,1009,UPG,SCZ051,330.49554443359375,2022-09-29 15:16,,,,,False,,,,,,,202209281516-KCHS-WTUS82-TCVCHS,,2022
LIX,2022-09-28 14:00,2022-09-27 18:51,2022-09-26 20:19,202209290000,FW,C,A,1,UPG,LAZ036,1181.1146240234375,2022-09-27 18:51,,,,,False,,,,,,,202209262019-KLIX-WWUS84-RFWLIX,,2022
LIX,2022-09-28 14:00,2022-09-27 18:51,2022-09-26 20:19,202209290000,FW,C,A,1,UPG,LAZ088,392.6041259765625,2022-09-27 18:51,,,,,False,,,,,,,202209262019-KLIX-WWUS84-RFWLIX,,2022
LIX,2022-09-28 14:00,2022-09-27 18:51,2022-09-26 20:19,202209290000,FW,C,A,1,UPG,LAZ057,668.4823608398438,2022-09-27 18:51,,,,,False,,,,,,,202209262019-KLIX-WWUS84-RFWLIX,,2022
LIX,2022-09-28 14:00,2022-09-27 18:51,2022-09-26 20:19,202209290000,FW,C,A,1,UPG,LAZ069,2290.816650390625,2022-09-27 18:51,,,,,False,,,,,,,202209262019-KLIX-WWUS84-RFWLIX,,2022
LIX,2022-09-28 14:00,2022-09-27 18:51,2022-09-26 20:19,202209290000,FW,C,A,1,UPG,LAZ068,300.76171875,2022-09-27 18:51,,,,,False,,,,,,,202209262019-KLIX-WWUS84-RFWLIX,,2022
LIX,2022-09-28 14:00,2022-09-27 18:51,2022-09-26 20:19,202209290000,FW,C,A,1,UPG,LAZ089,66.10638427734375,2022-09-27 18:51,,,,,False,,,,,,,202209262019-KLIX-WWUS84-RFWLIX,,2022
LIX,2022-09-28 14:00,2022-09-27 18:51,2022-09-26 20:19,202209290000,FW,C,A,1,UPG,LAZ048,1219.9593505859375,2022-09-27 18:51,,,,,False,,,,,,,202209262019-KLIX-WWUS84-RFWLIX,,2022
LIX,2022-09-28 14:00,2022-09-27 18:51,2022-09-26 20:19,202209290000,FW,C,A,1,UPG,LAZ066,3138.92578125,2022-09-27 18:51,,,,,False,,,,,,,202209262019-KLIX-WWUS84-RFWLIX,,2022
LIX,2022-09-28 14:00,2022-09-27 18:51,2022-09-26 20:19,202209290000,FW,C,A,1,UPG,LAZ060,928.456787109375,2022-09-27 18:51,,,,,False,,,,,,,202209262019-KLIX-WWUS84-RFWLIX,,2022
LIX,2022-09-28 14:00,2022-09-29 00:00,2022-09-27 18:51,202209290000,FW,C,W,4,CON,LAZ057,668.4823608398438,2022-09-28 20:15,,,,,False,,,,,,,202209271851-KLIX-WWUS84-RFWLIX,,2022
LIX,2022-09-28 14:00,2022-09-29 00:00,2022-09-27 18:51,202209290000,FW,C,W,4,CON,LAZ083,1211.220947265625,2022-09-28 20:15,,,,,False,,,,,,,202209271851-KLIX-WWUS84-RFWLIX,,2022
LIX,2022-09-28 14:00,2022-09-27 18:51,2022-09-26 20:19,202209290000,FW,C,A,1,UPG,LAZ059,1762.82177734375,2022-09-27 18:51,,,,,False,,,,,,,202209262019-KLIX-WWUS84-RFWLIX,,2022
LIX,2022-09-28 14:00,2022-09-29 00:00,2022-09-27 18:51,202209290000,FW,C,W,4,CON,LAZ087,346.44677734375,2022-09-28 20:15,,,,,False,,,,,,,202209271851-KLIX-WWUS84-RFWLIX,,2022
LIX,2022-09-28 14:00,2022-09-29 00:00,2022-09-27 18:51,202209290000,FW,C,W,4,CON,LAZ082,429.6543273925781,2022-09-28 20:15,,,,,False,,,,,,,202209271851-KLIX-WWUS84-RFWLIX,,2022
LIX,2022-09-28 14:00,2022-09-29 00:00,2022-09-27 18:51,202209290000,FW,C,W,4,CON,LAZ048,1219.9593505859375,2022-09-28 20:15,,,,,False,,,,,,,202209271851-KLIX-WWUS84-RFWLIX,,2022
LIX,2022-09-28 14:00,2022-09-29 00:00,2022-09-27 18:51,202209290000,FW,C,W,4,CON,LAZ080,364.2966613769531,2022-09-28 20:15,,,,,False,,,,,,,202209271851-KLIX-WWUS84-RFWLIX,,2022
LIX,2022-09-28 14:00,2022-09-29 00:00,2022-09-27 18:51,202209290000,FW,C,W,4,CON,LAZ059,1762.82177734375,2022-09-28 20:15,,,,,False,,,,,,,202209271851-KLIX-WWUS84-RFWLIX,,2022
LIX,2022-09-29 14:00,2022-09-29 08:41,2022-09-27 18:51,202209292300,FW,C,A,2,CAN,LAZ068,300.76171875,2022-09-29 08:41,,,,,False,,,,,,,202209271851-KLIX-WWUS84-RFWLIX,,2022
LIX,2022-09-29 14:00,2022-09-29 08:41,2022-09-27 18:51,202209292300,FW,C,A,2,CAN,MSZ070,1064.796875,2022-09-29 08:41,,,,,False,,,,,,,202209271851-KLIX-WWUS84-RFWLIX,,2022
LIX,2022-09-29 14:00,2022-09-29 08:41,2022-09-27 18:51,202209292300,FW,C,A,2,CAN,LAZ037,1061.5506591796875,2022-09-29 08:41,,,,,False,,,,,,,202209271851-KLIX-WWUS84-RFWLIX,,2022
LIX,2022-09-29 14:00,2022-09-29 08:41,2022-09-27 18:51,202209292300,FW,C,A,2,CAN,LAZ057,668.4823608398438,2022-09-29 08:41,,,,,False,,,,,,,202209271851-KLIX-WWUS84-RFWLIX,,2022
LIX,2022-09-29 14:00,2022-09-29 08:41,2022-09-27 18:51,202209292300,FW,C,A,2,CAN,LAZ060,928.456787109375,2022-09-29 08:41,,,,,False,,,,,,,202209271851-KLIX-WWUS84-RFWLIX,,2022
LIX,2022-09-29 14:00,2022-09-29 08:41,2022-09-27 18:51,202209292300,FW,C,A,2,CAN,LAZ035,1104.4151611328125,2022-09-29 08:41,,,,,False,,,,,,,202209271851-KLIX-WWUS84-RFWLIX,,2022
LIX,2022-09-29 14:00,2022-09-29 08:41,2022-09-27 18:51,202209292300,FW,C,A,2,CAN,LAZ056,944.960205078125,2022-09-29 08:41,,,,,False,,,,,,,202209271851-KLIX-WWUS84-RFWLIX,,2022
EAX,2022-09-24 07:30,2022-09-24 14:00,2022-09-24 07:30,202209241400,FG,C,Y,3,EXP,MOZ016,1685.2667236328125,2022-09-24 14:08,,,,,False,,,,,,,202209240730-KEAX-WWUS73-NPWEAX,,2022
EAX,2022-09-24 07:30,2022-09-24 14:00,2022-09-24 07:30,202209241400,FG,C,Y,3,EXP,KSZ104,402.88092041015625,2022-09-24 14:08,,,,,False,,,,,,,202209240730-KEAX-WWUS73-NPWEAX,,2022
EAX,2022-09-24 07:30,2022-09-24 14:00,2022-09-24 07:30,202209241400,FG,C,Y,3,EXP,MOZ014,1472.3895263671875,2022-09-24 14:08,,,,,False,,,,,,,202209240730-KEAX-WWUS73-NPWEAX,,2022
EAX,2022-09-24 07:30,2022-09-24 14:00,2022-09-24 07:30,202209241400,FG,C,Y,3,EXP,MOZ032,1988.2603759765625,2022-09-24 14:08,,,,,False,,,,,,,202209240730-KEAX-WWUS73-NPWEAX,,2022
EPZ,2022-09-26 16:24,2022-09-26 18:30,2022-09-26 16:24,202209261830,FA,C,Y,558,NEW,NMC029,7683.53515625,2022-09-26 16:24,00000,N,ER,OO,False,,,,,,,202209261624-KEPZ-WGUS84-FLSEPZ,JD,2022
LIX,2022-09-27 06:00,2022-09-28 03:00,2022-09-26 19:36,202209280000,SC,C,Y,39,EXP,GMZ532,1994.038330078125,2022-09-28 03:04,,,,,False,,,,,,,202209261936-KLIX-WHUS74-MWWLIX,,2022
LIX,2022-09-27 06:00,2022-09-28 03:00,2022-09-26 19:36,202209280000,SC,C,Y,39,EXP,GMZ538,1828.2960205078125,2022-09-28 03:04,,,,,False,,,,,,,202209261936-KLIX-WHUS74-MWWLIX,,2022
LIX,2022-09-27 06:00,2022-09-28 03:00,2022-09-26 19:36,202209280000,SC,C,Y,39,EXP,GMZ575,7745.11767578125,2022-09-28 03:04,,,,,False,,,,,,,202209261936-KLIX-WHUS74-MWWLIX,,2022
LIX,2022-09-27 06:00,2022-09-28 03:00,2022-09-26 19:36,202209280000,SC,C,Y,39,EXP,GMZ550,5714.85546875,2022-09-28 03:04,,,,,False,,,,,,,202209261936-KLIX-WHUS74-MWWLIX,,2022
LIX,2022-09-27 14:00,2022-09-28 00:00,2022-09-26 20:19,202209280000,FW,C,W,3,CON,LAZ079,1597.1986083984375,2022-09-27 18:51,,,,,False,,,,,,,202209262019-KLIX-WWUS84-RFWLIX,,2022
LIX,2022-09-27 14:00,2022-09-28 00:00,2022-09-26 20:19,202209280000,FW,C,W,3,CON,LAZ071,898.3463745117188,2022-09-27 18:51,,,,,False,,,,,,,202209262019-KLIX-WWUS84-RFWLIX,,2022
LIX,2022-09-28 03:00,2022-09-29 23:00,2022-09-27 16:08,202209292300,GL,C,W,8,EXP,GMZ577,5458.83251953125,2022-09-29 23:09,,,,,False,,,,,,,202209271608-KLIX-WHUS74-MWWLIX,,2022
LIX,2022-09-28 03:00,2022-09-29 03:00,2022-09-27 20:27,202209290300,WI,C,Y,11,EXP,LAZ037,1061.5506591796875,2022-09-29 02:58,,,,,False,,,,,,,202209272027-KLIX-WWUS74-NPWLIX,,2022
LIX,2022-09-28 14:00,2022-09-27 18:51,2022-09-26 20:19,202209290000,FW,C,A,1,UPG,LAZ090,298.735107421875,2022-09-27 18:51,,,,,False,,,,,,,202209262019-KLIX-WWUS84-RFWLIX,,2022
LIX,2022-09-28 03:00,2022-09-29 15:00,2022-09-27 16:08,202209292300,GL,C,W,8,EXP,GMZ572,7705.48291015625,2022-09-29 15:11,,,,,False,,,,,,,202209271608-KLIX-WHUS74-MWWLIX,,2022
LIX,2022-09-28 03:00,2022-09-29 03:00,2022-09-27 19:46,202209290300,WI,C,Y,11,EXP,LAZ078,279.35626220703125,2022-09-29 02:58,,,,,False,,,,,,,202209271946-KLIX-WWUS74-NPWLIX,,2022
LIX,2022-09-29 14:00,2022-09-29 08:41,2022-09-27 18:51,202209292300,FW,C,A,2,CAN,LAZ082,429.6543273925781,2022-09-29 08:41,,,,,False,,,,,,,202209271851-KLIX-WWUS84-RFWLIX,,2022
LIX,2022-09-29 14:00,2022-09-29 08:41,2022-09-27 18:51,202209292300,FW,C,A,2,CAN,LAZ059,1762.82177734375,2022-09-29 08:41,,,,,False,,,,,,,202209271851-KLIX-WWUS84-RFWLIX,,2022
LIX,2022-09-29 14:00,2022-09-29 08:41,2022-09-27 18:51,202209292300,FW,C,A,2,UPG,MSZ077,2123.42236328125,2022-09-29 08:41,,,,,False,,,,,,,202209271851-KLIX-WWUS84-RFWLIX,,2022
LIX,2022-09-29 14:00,2022-09-29 08:41,2022-09-27 18:51,202209292300,FW,C,A,2,CAN,MSZ069,1896.944580078125,2022-09-29 08:41,,,,,False,,,,,,,202209271851-KLIX-WWUS84-RFWLIX,,2022
LIX,2022-09-29 15:00,2022-09-30 15:37,2022-09-28 20:10,202210010000,SC,C,Y,39,CAN,GMZ552,5342.24169921875,2022-09-30 15:37,,,,,False,,,,,,,202209282010-KLIX-WHUS74-MWWLIX,,2022
LIX,2022-09-29 15:00,2022-09-30 15:37,2022-09-28 20:10,202210010000,SC,C,Y,39,CAN,GMZ572,7705.48291015625,2022-09-30 15:37,,,,,False,,,,,,,202209282010-KLIX-WHUS74-MWWLIX,,2022
LIX,2022-09-29 16:00,2022-09-29 23:00,2022-09-29 08:41,202209292300,FW,C,W,5,EXP,MSZ077,2123.42236328125,2022-09-29 23:15,,,,,False,,,,,,,202209290841-KLIX-WWUS84-RFWLIX,,2022
LIX,2022-09-29 23:00,2022-09-30 15:37,2022-09-28 20:10,202210010000,SC,C,Y,39,CAN,GMZ577,5458.83251953125,2022-09-30 15:37,,,,,False,,,,,,,202209282010-KLIX-WHUS74-MWWLIX,,2022
LIX,2022-09-29 23:00,2022-09-30 15:37,2022-09-28 20:10,202210010000,SC,C,Y,39,CAN,GMZ557,3757.41064453125,2022-09-30 15:37,,,,,False,,,,,,,202209282010-KLIX-WHUS74-MWWLIX,,2022
JAX,2022-09-27 15:13,2022-09-30 08:55,2022-09-27 15:13,202210181513,TR,C,W,1009,CAN,FLZ138,146.872802734375,2022-09-30 08:55,,,,,False,,,,,,,202209271513-KJAX-WTUS82-TCVJAX,,2022
PAH,2022-09-24 23:28,2022-09-25 00:00,2022-09-24 23:28,202209250000,SV,C,W,223,EXP,MOC143,1807.3311767578125,2022-09-24 23:55,,,,,False,,,,,,,202209242328-KPAH-WUUS53-SVRPAH,DW,2022
LMK,2022-09-25 07:09,2022-09-25 07:45,2022-09-25 07:09,202209250745,SV,C,W,244,EXP,KYC099,1082.204833984375,2022-09-25 07:43,,,,,False,,,,,,,202209250709-KLMK-WUUS53-SVRLMK,EBW,2022
FFC,2022-09-29 12:00,2022-09-30 07:05,2022-09-29 08:57,202209300000,WI,C,Y,9,CAN,GAZ059,968.0313110351562,2022-09-30 07:05,,,,,False,,,,,,,202209290857-KFFC-WWUS72-NPWFFC,,2022
FFC,2022-09-29 12:00,2022-09-30 07:05,2022-09-29 08:57,202209300000,WI,C,Y,9,CAN,GAZ090,651.0059204101562,2022-09-30 07:05,,,,,False,,,,,,,202209290857-KFFC-WWUS72-NPWFFC,,2022
FFC,2022-09-29 12:00,2022-09-30 07:05,2022-09-29 08:57,202209300000,WI,C,Y,9,CAN,GAZ068,568.526123046875,2022-09-30 07:05,,,,,False,,,,,,,202209290857-KFFC-WWUS72-NPWFFC,,2022
FFC,2022-09-29 12:00,2022-09-30 07:05,2022-09-29 08:57,202209300000,WI,C,Y,9,CAN,GAZ081,845.7377319335938,2022-09-30 07:05,,,,,False,,,,,,,202209290857-KFFC-WWUS72-NPWFFC,,2022
FFC,2022-09-29 12:00,2022-09-30 07:05,2022-09-29 08:57,202209300000,WI,C,Y,9,CAN,GAZ093,1052.16162109375,2022-09-30 07:05,,,,,False,,,,,,,202209290857-KFFC-WWUS72-NPWFFC,,2022
FFC,2022-09-29 12:00,2022-09-30 07:05,2022-09-29 08:57,202209300000,WI,C,Y,9,CAN,GAZ047,855.3345947265625,2022-09-30 07:05,,,,,False,,,,,,,202209290857-KFFC-WWUS72-NPWFFC,,2022
FFC,2022-09-29 12:00,2022-09-30 07:05,2022-09-29 08:57,202209300000,WI,C,Y,9,CAN,GAZ069,848.915283203125,2022-09-30 07:05,,,,,False,,,,,,,202209290857-KFFC-WWUS72-NPWFFC,,2022
FFC,2022-09-29 12:00,2022-10-01 00:00,2022-09-29 08:57,202209300000,WI,C,Y,9,CON,GAZ039,1227.91845703125,2022-09-30 18:52,,,,,False,,,,,,,202209290857-KFFC-WWUS72-NPWFFC,,2022
FFC,2022-09-29 12:00,2022-10-01 00:00,2022-09-29 08:57,202209300000,WI,C,Y,9,CON,GAZ038,1145.537841796875,2022-09-30 18:52,,,,,False,,,,,,,202209290857-KFFC-WWUS72-NPWFFC,,2022
FFC,2022-09-29 12:00,2022-10-01 00:00,2022-09-29 08:57,202209300000,WI,C,Y,9,CON,GAZ023,1111.4986572265625,2022-09-30 18:52,,,,,False,,,,,,,202209290857-KFFC-WWUS72-NPWFFC,,2022
FFC,2022-09-29 12:00,2022-10-01 00:00,2022-09-29 08:57,202209300000,WI,C,Y,9,CON,GAZ097,2121.08203125,2022-09-30 18:52,,,,,False,,,,,,,202209290857-KFFC-WWUS72-NPWFFC,,2022
FFC,2022-09-29 12:00,2022-10-01 00:00,2022-09-29 08:57,202209300000,WI,C,Y,9,CON,GAZ098,523.9761352539062,2022-09-30 18:52,,,,,False,,,,,,,202209290857-KFFC-WWUS72-NPWFFC,,2022
FFC,2022-09-29 12:00,2022-10-01 00:00,2022-09-29 08:57,202209300000,WI,C,Y,9,CON,GAZ060,934.463623046875,2022-09-30 18:52,,,,,False,,,,,,,202209290857-KFFC-WWUS72-NPWFFC,,2022
FFC,2022-09-29 12:00,2022-10-01 00:00,2022-09-29 08:57,202209300000,WI,C,Y,9,CON,GAZ061,1240.7940673828125,2022-09-30 18:52,,,,,False,,,,,,,202209290857-KFFC-WWUS72-NPWFFC,,2022
FFC,2022-09-29 17:54,2022-09-30 07:05,2022-09-29 17:54,202210010000,WI,C,Y,9,CAN,GAZ043,518.9297485351562,2022-09-30 07:05,,,,,False,,,,,,,202209291754-KFFC-WWUS72-NPWFFC,,2022
JAX,2022-09-27 08:50,2022-09-29 09:23,2022-09-27 08:50,202209301800,FA,C,A,5,CAN,FLZ038,1159.1422119140625,2022-09-29 09:23,00000,0,ER,OO,False,,,,,,,202209270850-KJAX-WGUS62-FFAJAX,HESS,2022
JAX,2022-09-27 08:50,2022-09-29 09:23,2022-09-27 08:50,202209301800,FA,C,A,5,CAN,FLZ133,680.9476928710938,2022-09-29 09:23,00000,0,ER,OO,False,,,,,,,202209270850-KJAX-WGUS62-FFAJAX,HESS,2022
JAX,2022-09-27 08:50,2022-09-29 09:23,2022-09-27 08:50,202209301800,FA,C,A,5,CAN,FLZ237,1190.208251953125,2022-09-29 09:23,00000,0,ER,OO,False,,,,,,,202209270850-KJAX-WGUS62-FFAJAX,HESS,2022
JAX,2022-09-27 08:50,2022-09-29 09:23,2022-09-27 08:50,202209301800,FA,C,A,5,CAN,FLZ240,1543.1129150390625,2022-09-29 09:23,00000,0,ER,OO,False,,,,,,,202209270850-KJAX-WGUS62-FFAJAX,HESS,2022
JAX,2022-09-27 08:50,2022-09-29 09:23,2022-09-27 08:50,202209301800,FA,C,A,5,CAN,FLZ340,1378.7718505859375,2022-09-29 09:23,00000,0,ER,OO,False,,,,,,,202209270850-KJAX-WGUS62-FFAJAX,HESS,2022
JAX,2022-09-27 08:50,2022-09-29 09:23,2022-09-27 08:50,202209301800,FA,C,A,5,CAN,FLZ232,1427.7642822265625,2022-09-29 09:23,00000,0,ER,OO,False,,,,,,,202209270850-KJAX-WGUS62-FFAJAX,HESS,2022
JAX,2022-09-27 08:50,2022-09-29 09:23,2022-09-27 08:50,202209301800,FA,C,A,5,CAN,FLZ325,299.30718994140625,2022-09-29 09:23,00000,0,ER,OO,False,,,,,,,202209270850-KJAX-WGUS62-FFAJAX,HESS,2022
JAX,2022-09-27 08:50,2022-09-29 09:23,2022-09-27 08:50,202209301800,FA,C,A,5,CAN,FLZ236,893.73779296875,2022-09-29 09:23,00000,0,ER,OO,False,,,,,,,202209270850-KJAX-WGUS62-FFAJAX,HESS,2022
JAX,2022-09-27 15:13,2022-09-30 08:55,2022-09-27 15:13,202210181513,TR,C,W,1009,CAN,FLZ225,112.2689437866211,2022-09-30 08:55,,,,,False,,,,,,,202209271513-KJAX-WTUS82-TCVJAX,,2022
JAX,2022-09-27 15:16,2022-09-29 16:00,2022-09-27 15:16,202210181516,TR,C,W,1009,UPG,AMZ470,4287.8642578125,2022-09-29 16:00,,,,,False,,,,,,,202209271516-KJAX-WHUS72-MWWJAX,,2022
JAX,2022-09-28 15:11,2022-09-30 08:55,2022-09-28 15:11,202210191511,TR,C,W,1009,CAN,GAZ153,594.6610717773438,2022-09-30 08:55,,,,,False,,,,,,,202209281511-KJAX-WTUS82-TCVJAX,,2022
JAX,2022-09-28 15:11,2022-09-30 08:55,2022-09-28 15:11,202210191511,TR,C,W,1009,CAN,GAZ165,987.2612915039062,2022-09-30 08:55,,,,,False,,,,,,,202209281511-KJAX-WTUS82-TCVJAX,,2022
JAX,2022-09-28 15:11,2022-09-30 02:57,2022-09-28 15:11,202210191511,HU,C,A,1009,CAN,FLZ138,146.872802734375,2022-09-30 02:57,,,,,False,,,,,,,202209281511-KJAX-WTUS82-TCVJAX,,2022
JAX,2022-09-28 15:11,2022-09-30 02:57,2022-09-28 15:11,202210191511,HU,C,A,1009,CAN,GAZ154,488.05682373046875,2022-09-30 02:57,,,,,False,,,,,,,202209281511-KJAX-WTUS82-TCVJAX,,2022
JAX,2022-09-28 15:16,2022-09-29 16:00,2022-09-28 15:16,202210191516,HU,C,A,1009,UPG,AMZ470,4287.8642578125,2022-09-29 16:00,,,,,False,,,,,,,202209281516-KJAX-WHUS72-MWWJAX,,2022
JAX,2022-09-28 15:18,2022-10-02 06:15,2022-09-28 15:18,202209302000,RP,C,S,34,CAN,FLZ124,370.8739013671875,2022-10-02 06:15,,,,,False,,,,,,,202209281518-KJAX-WHUS42-CFWJAX,,2022
PBZ,2022-09-25 13:40,2022-09-25 14:30,2022-09-25 13:40,202209251430,SV,C,W,216,EXP,WVC077,1685.6241455078125,2022-09-25 14:27,,,,,False,,,,,,,202209251340-KPBZ-WUUS51-SVRPBZ,,2022
PBZ,2022-09-25 13:40,2022-09-25 14:30,2022-09-25 13:40,202209251430,SV,C,W,216,EXP,PAC051,2064.623046875,2022-09-25 14:27,,,,,False,,,,,,,202209251340-KPBZ-WUUS51-SVRPBZ,,2022
PHI,2022-09-24 06:03,2022-09-24 11:00,2022-09-24 06:03,202209240800,SC,C,Y,77,EXP,ANZ431,931.1939697265625,2022-09-24 10:47,,,,,False,,,,,,,202209240603-KPHI-WHUS71-MWWPHI,CW,2022
JAX,2022-09-29 08:13,2022-09-29 15:00,2022-09-29 08:13,202209291200,FA,C,Y,35,EXP,FLC107,2145.40771484375,2022-09-29 15:04,00000,N,ER,OO,False,,,,,,,202209290813-KJAX-WGUS82-FLSJAX,WOLF,2022
JAX,2022-09-29 09:27,2022-09-29 20:54,2022-09-29 09:27,202209292200,FA,C,A,6,CAN,FLZ138,146.872802734375,2022-09-29 20:54,00000,0,ER,OO,False,,,,,,,202209290927-KJAX-WGUS62-FFAJAX,CHANEY,2022
PHI,2022-09-25 19:20,2022-09-25 19:45,2022-09-25 19:20,202209251945,SV,C,W,167,EXP,NJC005,2121.66748046875,2022-09-25 19:43,,,,,False,,,,,,,202209251920-KPHI-WUUS51-SVRPHI,Fitzsimmons,2022
PHI,2022-09-25 19:25,2022-09-25 19:59,2022-09-25 19:25,202209252015,SV,C,W,168,CAN,NJC029,1658.2781982421875,2022-09-25 19:59,,,,,False,,,,,,,202209251925-KPHI-WUUS51-SVRPHI,Fitzsimmons,2022
PHI,2022-09-25 20:21,2022-09-25 21:00,2022-09-25 20:21,202209252100,MA,C,W,119,EXP,ANZ431,931.1939697265625,2022-09-25 20:59,,,,,False,,,,,,,202209252021-KPHI-WHUS51-SMWPHI,BIRCHFIELD,2022
PHI,2022-09-25 20:26,2022-09-25 21:30,2022-09-25 20:26,202209252130,MA,C,W,120,NEW,ANZ450,969.86767578125,2022-09-25 20:26,,,,,False,,,,,,,202209252026-KPHI-WHUS51-SMWPHI,Fitzsimmons,2022
PHI,2022-09-25 20:26,2022-09-25 21:30,2022-09-25 20:26,202209252130,MA,C,W,120,NEW,ANZ451,2562.346435546875,2022-09-25 20:26,,,,,False,,,,,,,202209252026-KPHI-WHUS51-SMWPHI,Fitzsimmons,2022
LOT,2022-09-25 12:00,2022-09-29 01:43,2022-09-24 20:07,202209281500,SC,C,Y,92,CAN,LMZ744,132.90194702148438,2022-09-29 01:43,,,,,False,,,,,,,202209242007-KLOT-WHUS73-MWWLOT,,2022
LOT,2022-09-25 12:00,2022-09-29 01:43,2022-09-24 20:07,202209281500,SC,C,Y,92,CAN,LMZ745,192.11265563964844,2022-09-29 01:43,,,,,False,,,,,,,202209242007-KLOT-WHUS73-MWWLOT,,2022
LOT,2022-09-25 12:00,2022-09-29 01:43,2022-09-24 20:07,202209270000,SC,C,Y,92,CAN,LMZ741,197.1693115234375,2022-09-29 01:43,,,,,False,,,,,,,202209242007-KLOT-WHUS73-MWWLOT,,2022
LOT,2022-09-25 12:00,2022-09-29 01:43,2022-09-24 20:07,202209270000,SC,C,Y,92,CAN,LMZ742,124.9140396118164,2022-09-29 01:43,,,,,False,,,,,,,202209242007-KLOT-WHUS73-MWWLOT,,2022
LOT,2022-09-29 06:00,2022-09-29 12:00,2022-09-28 20:11,202209291200,FR,C,Y,3,EXP,ILZ003,1342.6602783203125,2022-09-29 11:58,,,,,False,,,,,,,202209282011-KLOT-WWUS73-NPWLOT,,2022
LOT,2022-09-26 00:10,2022-09-26 02:28,2022-09-26 00:10,202209260315,MA,C,W,50,CAN,LMZ743,149.4549560546875,2022-09-26 02:28,,,,,False,,,,,,,202209260010-KLOT-WHUS53-SMWLOT,Carlaw,2022
LOT,2022-09-26 00:10,2022-09-26 02:28,2022-09-26 00:10,202209260315,MA,C,W,50,CAN,LMZ742,124.9140396118164,2022-09-26 02:28,,,,,False,,,,,,,202209260010-KLOT-WHUS53-SMWLOT,Carlaw,2022
LOT,2022-09-26 00:10,2022-09-26 02:28,2022-09-26 00:10,202209260315,MA,C,W,50,CAN,LMZ745,192.11265563964844,2022-09-26 02:28,,,,,False,,,,,,,202209260010-KLOT-WHUS53-SMWLOT,Carlaw,2022
LOT,2022-09-26 00:10,2022-09-26 02:28,2022-09-26 00:10,202209260315,MA,C,W,50,CAN,LMZ779,1959.4053955078125,2022-09-26 02:28,,,,,False,,,,,,,202209260010-KLOT-WHUS53-SMWLOT,Carlaw,2022
PHI,2022-09-26 00:49,2022-09-26 02:37,2022-09-26 00:49,202209260400,FA,C,Y,121,CAN,NJC021,591.7860717773438,2022-09-26 02:37,00000,N,ER,OO,False,,,,,,,202209260049-KPHI-WGUS81-FLSPHI,Brudy,2022
PHI,2022-09-26 00:49,2022-09-26 04:00,2022-09-26 00:49,202209260400,FA,C,Y,121,EXP,NJC041,938.1044311523438,2022-09-26 03:53,00000,N,ER,OO,False,,,,,,,202209260049-KPHI-WGUS81-FLSPHI,Brudy,2022
PHI,2022-09-26 00:49,2022-09-26 04:00,2022-09-26 00:49,202209260400,FA,C,Y,121,EXP,NJC035,789.1393432617188,2022-09-26 03:53,00000,N,ER,OO,False,,,,,,,202209260049-KPHI-WGUS81-FLSPHI,Brudy,2022
FGF,2022-09-27 07:00,2022-09-27 14:00,2022-09-26 19:33,202209271400,FR,C,Y,6,EXP,NDZ054,1267.4820556640625,2022-09-27 14:06,,,,,False,,,,,,,202209261933-KFGF-WWUS73-NPWFGF,,2022
FGF,2022-09-27 07:00,2022-09-27 14:00,2022-09-26 19:33,202209271400,FR,C,Y,6,EXP,MNZ007,2265.40966796875,2022-09-27 14:06,,,,,False,,,,,,,202209261933-KFGF-WWUS73-NPWFGF,,2022
FGF,2022-09-27 07:00,2022-09-27 14:00,2022-09-26 19:33,202209271400,FR,C,Y,6,EXP,MNZ016,1573.718505859375,2022-09-27 14:06,,,,,False,,,,,,,202209261933-KFGF-WWUS73-NPWFGF,,2022
FGF,2022-09-27 07:00,2022-09-27 14:00,2022-09-26 19:33,202209271400,FR,C,Y,6,EXP,MNZ002,2263.7197265625,2022-09-27 14:06,,,,,False,,,,,,,202209261933-KFGF-WWUS73-NPWFGF,,2022
FGF,2022-09-27 07:00,2022-09-27 14:00,2022-09-26 19:33,202209271400,FR,C,Y,6,EXP,MNZ014,1116.8995361328125,2022-09-27 14:06,,,,,False,,,,,,,202209261933-KFGF-WWUS73-NPWFGF,,2022
FGF,2022-09-27 07:00,2022-09-27 14:00,2022-09-26 19:33,202209271400,FR,C,Y,6,EXP,NDZ026,2604.841552734375,2022-09-27 14:06,,,,,False,,,,,,,202209261933-KFGF-WWUS73-NPWFGF,,2022
FGF,2022-09-28 07:00,2022-09-28 13:41,2022-09-27 19:05,202209281400,FZ,C,W,2,CAN,MNZ009,5064.57080078125,2022-09-28 13:41,,,,,False,,,,,,,202209271905-KFGF-WWUS73-NPWFGF,,2022
FGF,2022-09-28 07:00,2022-09-28 13:41,2022-09-27 19:05,202209281400,FR,C,Y,7,CAN,NDZ053,3735.176025390625,2022-09-28 13:41,,,,,False,,,,,,,202209271905-KFGF-WWUS73-NPWFGF,,2022
FGF,2022-09-28 07:00,2022-09-28 13:41,2022-09-27 19:05,202209281400,FZ,C,W,2,CAN,MNZ016,1573.718505859375,2022-09-28 13:41,,,,,False,,,,,,,202209271905-KFGF-WWUS73-NPWFGF,,2022
FGF,2022-09-27 07:00,2022-09-27 14:00,2022-09-26 19:33,202209271400,FR,C,Y,6,EXP,MNZ009,5064.57080078125,2022-09-27 14:06,,,,,False,,,,,,,202209261933-KFGF-WWUS73-NPWFGF,,2022
FGF,2022-09-27 07:00,2022-09-27 14:00,2022-09-26 19:33,202209271400,FR,C,Y,6,EXP,MNZ023,1085.7628173828125,2022-09-27 14:06,,,,,False,,,,,,,202209261933-KFGF-WWUS73-NPWFGF,,2022
FGF,2022-09-27 07:00,2022-09-27 14:00,2022-09-26 19:33,202209271400,FR,C,Y,6,EXP,MNZ013,1596.486328125,2022-09-27 14:06,,,,,False,,,,,,,202209261933-KFGF-WWUS73-NPWFGF,,2022
JAX,2022-09-29 08:13,2022-09-29 15:00,2022-09-29 08:13,202209291200,FA,C,Y,35,EXP,FLC035,1306.0235595703125,2022-09-29 15:04,00000,N,ER,OO,False,,,,,,,202209290813-KJAX-WGUS82-FLSJAX,WOLF,2022
PHI,2022-09-26 00:49,2022-09-26 04:00,2022-09-26 00:49,202209260400,FA,C,Y,121,EXP,PAC077,900.9254150390625,2022-09-26 03:53,00000,N,ER,OO,False,,,,,,,202209260049-KPHI-WGUS81-FLSPHI,Brudy,2022
PHI,2022-09-29 10:20,2022-09-30 17:05,2022-09-29 07:16,202210011000,SC,C,Y,79,CAN,ANZ452,1105.66796875,2022-09-30 17:05,,,,,False,,,,,,,202209290716-KPHI-WHUS71-MWWPHI,MPS,2022
AFG,2022-09-26 12:20,2022-09-27 00:30,2022-09-26 12:20,202209270030,UP,C,W,12,NEW,PKZ505,93051.8125,2022-09-26 12:20,,,,,False,,,,,,,202209261220-PAFG-FZAK69-OFFAFG,Sep 22,2022
AFG,2022-09-26 12:20,2022-09-27 00:30,2022-09-26 12:20,202209270030,UP,C,W,12,NEW,PKZ510,88660.578125,2022-09-26 12:20,,,,,False,,,,,,,202209261220-PAFG-FZAK69-OFFAFG,Sep 22,2022
AJK,2022-09-25 11:47,2022-09-26 23:05,2022-09-25 11:47,202209260600,GL,C,W,165,CAN,PKZ310,136020.21875,2022-09-26 23:05,,,,,False,,,,,,,202209251147-PAJK-FZAK67-OFFAJK,,2022
AFC,2022-09-24 23:25,2022-09-27 23:59,2022-09-24 23:25,202209251315,GL,C,W,497,CAN,PKZ413,172662.0,2022-09-27 23:59,,,,,False,,,,,,,202209242325-PAFC-FZAK62-OFFALU,,2022
AFC,2022-09-26 23:52,2022-09-28 23:48,2022-09-26 23:52,202209271315,GL,C,W,500,CAN,PKZ352,113636.9921875,2022-09-28 23:48,,,,,False,,,,,,,202209262352-PAFC-FZAK61-OFFAER,,2022
AFG,2022-09-28 12:27,2022-09-29 12:15,2022-09-28 12:27,202209290200,UP,C,W,13,EXT,PKZ510,88660.578125,2022-09-28 23:56,,,,,False,,,,,,,202209281227-PAFG-FZAK69-OFFAFG,SDB Sep 22,2022
AFC,2022-09-26 23:52,2022-09-29 11:50,2022-09-26 23:52,202209271315,GL,C,W,500,CAN,PKZ351,59775.0546875,2022-09-29 11:50,,,,,False,,,,,,,202209262352-PAFC-FZAK61-OFFAER,,2022
AFG,2022-09-29 14:07,2022-09-29 22:44,2022-09-29 14:07,202209300030,UP,C,W,14,CAN,PKZ510,88660.578125,2022-09-29 22:44,,,,,False,,,,,,,202209291407-PAFG-FZAK69-OFFAFG,Sep 22,2022
AFG,2022-09-29 14:07,2022-09-29 22:44,2022-09-29 14:07,202209300030,GL,C,W,75,CAN,PKZ510,88660.578125,2022-09-29 22:44,,,,,False,,,,,,,202209291407-PAFG-FZAK69-OFFAFG,Sep 22,2022
AFC,2022-09-28 23:43,2022-09-30 23:46,2022-09-28 23:43,202209291345,SR,C,W,87,CAN,PKZ412,175992.296875,2022-09-30 23:46,,,,,False,,,,,,,202209282343-PAFC-FZAK62-OFFALU,,2022
LOX,2022-09-26 17:00,2022-09-29 03:00,2022-09-24 20:45,202209290300,EH,C,W,7,CON,CAZ088,494.24853515625,2022-09-29 00:30,,,,,False,,,,,,,202209242045-KLOX-WWUS76-NPWLOX,,2022
LOX,2022-09-26 17:00,2022-09-25 20:34,2022-09-24 20:45,202209280300,HT,C,Y,16,CAN,CAZ087,196.9490966796875,2022-09-25 20:34,,,,,False,,,,,,,202209242045-KLOX-WWUS76-NPWLOX,,2022
LOX,2022-09-26 17:00,2022-09-27 20:15,2022-09-24 20:45,202209280300,HT,C,Y,16,UPG,CAZ363,415.4772644042969,2022-09-27 20:15,,,,,False,,,,,,,202209242045-KLOX-WWUS76-NPWLOX,,2022
LOX,2022-09-26 17:00,2022-09-24 20:45,2022-09-23 20:12,202209290300,EH,C,A,6,UPG,CAZ365,909.5171508789062,2022-09-24 20:45,,,,,False,,,,,,,202209232012-KLOX-WWUS76-NPWLOX,MW,2022
LOX,2022-09-26 17:00,2022-09-25 20:34,2022-09-24 20:45,202209280300,HT,C,Y,16,CAN,CAZ364,394.8070068359375,2022-09-25 20:34,,,,,False,,,,,,,202209242045-KLOX-WWUS76-NPWLOX,,2022
LOX,2022-09-26 17:00,2022-09-25 20:34,2022-09-24 20:45,202209280300,HT,C,Y,16,CAN,CAZ355,332.4468078613281,2022-09-25 20:34,,,,,False,,,,,,,202209242045-KLOX-WWUS76-NPWLOX,,2022
PIH,2022-09-29 20:48,2022-09-29 21:08,2022-09-29 20:48,202209292145,SV,C,W,58,CAN,IDC011,5481.5302734375,2022-09-29 21:08,,,,,False,,,,,,,202209292048-KPIH-WUUS55-SVRPIH,Huston,2022
LSX,2022-09-24 08:02,2022-09-24 12:40,2022-09-24 08:02,202209241400,FG,C,Y,5,CAN,MOZ042,1803.356689453125,2022-09-24 12:40,,,,,False,,,,,,,202209240802-KLSX-WWUS73-NPWLSX,Carney,2022
KEY,2022-09-25 21:26,2022-09-26 04:01,2022-09-25 21:26,202210162126,TR,C,A,1009,UPG,GMZ054,3879.823974609375,2022-09-26 04:01,,,,,False,,,,,,,202209252126-KKEY-WHUS72-MWWKEY,CLR,2022
EAX,2022-09-24 07:30,2022-09-24 14:00,2022-09-24 07:30,202209241400,FG,C,Y,3,EXP,MOZ031,1816.7637939453125,2022-09-24 14:08,,,,,False,,,,,,,202209240730-KEAX-WWUS73-NPWEAX,,2022
EAX,2022-09-24 07:30,2022-09-24 14:00,2022-09-24 07:30,202209241400,FG,C,Y,3,EXP,MOZ017,1472.9595947265625,2022-09-24 14:08,,,,,False,,,,,,,202209240730-KEAX-WWUS73-NPWEAX,,2022
EAX,2022-09-24 07:30,2022-09-24 14:00,2022-09-24 07:30,202209241400,FG,C,Y,3,EXP,MOZ003,690.026611328125,2022-09-24 14:08,,,,,False,,,,,,,202209240730-KEAX-WWUS73-NPWEAX,,2022
EAX,2022-09-24 07:30,2022-09-24 14:00,2022-09-24 07:30,202209241400,FG,C,Y,3,EXP,MOZ033,1261.6650390625,2022-09-24 14:08,,,,,False,,,,,,,202209240730-KEAX-WWUS73-NPWEAX,,2022
EAX,2022-09-24 07:30,2022-09-24 14:00,2022-09-24 07:30,202209241400,FG,C,Y,3,EXP,MOZ020,1072.77099609375,2022-09-24 14:08,,,,,False,,,,,,,202209240730-KEAX-WWUS73-NPWEAX,,2022
EAX,2022-09-24 07:30,2022-09-24 14:00,2022-09-24 07:30,202209241400,FG,C,Y,3,EXP,MOZ029,1057.9805908203125,2022-09-24 14:08,,,,,False,,,,,,,202209240730-KEAX-WWUS73-NPWEAX,,2022
EAX,2022-09-24 07:30,2022-09-24 14:00,2022-09-24 07:30,202209241400,FG,C,Y,3,EXP,MOZ006,1177.54833984375,2022-09-24 14:08,,,,,False,,,,,,,202209240730-KEAX-WWUS73-NPWEAX,,2022
EAX,2022-09-24 07:30,2022-09-24 14:00,2022-09-24 07:30,202209241400,FG,C,Y,3,EXP,MOZ007,1344.1436767578125,2022-09-24 14:08,,,,,False,,,,,,,202209240730-KEAX-WWUS73-NPWEAX,,2022
EAX,2022-09-24 07:30,2022-09-24 14:00,2022-09-24 07:30,202209241400,FG,C,Y,3,EXP,MOZ004,1272.4483642578125,2022-09-24 14:08,,,,,False,,,,,,,202209240730-KEAX-WWUS73-NPWEAX,,2022
EAX,2022-09-24 07:30,2022-09-24 14:00,2022-09-24 07:30,202209241400,FG,C,Y,3,EXP,KSZ103,1212.0181884765625,2022-09-24 14:08,,,,,False,,,,,,,202209240730-KEAX-WWUS73-NPWEAX,,2022
EAX,2022-09-24 07:30,2022-09-24 14:00,2022-09-24 07:30,202209241400,FG,C,Y,3,EXP,MOZ001,1416.246826171875,2022-09-24 14:08,,,,,False,,,,,,,202209240730-KEAX-WWUS73-NPWEAX,,2022
EAX,2022-09-24 07:30,2022-09-24 14:00,2022-09-24 07:30,202209241400,FG,C,Y,3,EXP,MOZ044,2155.977294921875,2022-09-24 14:08,,,,,False,,,,,,,202209240730-KEAX-WWUS73-NPWEAX,,2022
EAX,2022-09-24 07:30,2022-09-24 14:00,2022-09-24 07:30,202209241400,FG,C,Y,3,EXP,KSZ105,1242.798828125,2022-09-24 14:08,,,,,False,,,,,,,202209240730-KEAX-WWUS73-NPWEAX,,2022
EAX,2022-09-24 07:30,2022-09-24 14:00,2022-09-24 07:30,202209241400,FG,C,Y,3,EXP,MOZ039,1978.80615234375,2022-09-24 14:08,,,,,False,,,,,,,202209240730-KEAX-WWUS73-NPWEAX,,2022
EAX,2022-09-24 07:30,2022-09-24 14:00,2022-09-24 07:30,202209241400,FG,C,Y,3,EXP,MOZ021,1095.67138671875,2022-09-24 14:08,,,,,False,,,,,,,202209240730-KEAX-WWUS73-NPWEAX,,2022
EKA,2022-09-29 04:00,2022-09-29 09:46,2022-09-29 03:55,202209291600,SC,C,Y,93,CAN,PZZ450,3187.034423828125,2022-09-29 09:46,,,,,False,,,,,,,202209290355-KEKA-WHUS76-MWWEKA,,2022
LIX,2022-09-28 03:00,2022-09-29 23:00,2022-09-27 16:08,202209292300,GL,C,W,8,EXP,GMZ557,3757.41064453125,2022-09-29 23:09,,,,,False,,,,,,,202209271608-KLIX-WHUS74-MWWLIX,,2022
LIX,2022-09-28 14:00,2022-09-29 00:00,2022-09-27 18:51,202209290000,FW,C,W,4,CON,MSZ068,1782.4525146484375,2022-09-28 20:15,,,,,False,,,,,,,202209271851-KLIX-WWUS84-RFWLIX,,2022
LIX,2022-09-28 14:00,2022-09-29 00:00,2022-09-27 18:51,202209290000,FW,C,W,4,CON,MSZ081,1501.3670654296875,2022-09-28 20:15,,,,,False,,,,,,,202209271851-KLIX-WWUS84-RFWLIX,,2022
LIX,2022-09-28 14:00,2022-09-27 18:51,2022-09-26 20:19,202209290000,FW,C,A,1,UPG,MSZ081,1501.3670654296875,2022-09-27 18:51,,,,,False,,,,,,,202209262019-KLIX-WWUS84-RFWLIX,,2022
LIX,2022-09-28 03:00,2022-09-29 23:00,2022-09-27 16:08,202209292300,GL,C,W,8,EXP,GMZ555,5159.630859375,2022-09-29 23:09,,,,,False,,,,,,,202209271608-KLIX-WHUS74-MWWLIX,,2022
LIX,2022-09-28 14:00,2022-09-29 00:00,2022-09-27 18:51,202209290000,FW,C,W,4,CON,MSZ071,1048.325439453125,2022-09-28 20:15,,,,,False,,,,,,,202209271851-KLIX-WWUS84-RFWLIX,,2022
LIX,2022-09-28 14:00,2022-09-29 00:00,2022-09-27 18:51,202209290000,FW,C,W,4,CON,MSZ077,2123.42236328125,2022-09-28 20:15,,,,,False,,,,,,,202209271851-KLIX-WWUS84-RFWLIX,,2022
LIX,2022-09-28 14:00,2022-09-27 18:51,2022-09-26 20:19,202209290000,FW,C,A,1,UPG,LAZ079,1597.1986083984375,2022-09-27 18:51,,,,,False,,,,,,,202209262019-KLIX-WWUS84-RFWLIX,,2022
LIX,2022-09-29 14:00,2022-09-29 08:41,2022-09-27 18:51,202209292300,FW,C,A,2,CAN,LAZ070,1101.229248046875,2022-09-29 08:41,,,,,False,,,,,,,202209271851-KLIX-WWUS84-RFWLIX,,2022
LIX,2022-09-29 14:00,2022-09-29 08:41,2022-09-27 18:51,202209292300,FW,C,A,2,CAN,LAZ047,529.8381958007812,2022-09-29 08:41,,,,,False,,,,,,,202209271851-KLIX-WWUS84-RFWLIX,,2022
LIX,2022-09-29 14:00,2022-09-29 08:41,2022-09-27 18:51,202209292300,FW,C,A,2,CAN,LAZ071,898.3463745117188,2022-09-29 08:41,,,,,False,,,,,,,202209271851-KLIX-WWUS84-RFWLIX,,2022
LIX,2022-09-29 14:00,2022-09-29 08:41,2022-09-27 18:51,202209292300,FW,C,A,2,CAN,LAZ084,480.826171875,2022-09-29 08:41,,,,,False,,,,,,,202209271851-KLIX-WWUS84-RFWLIX,,2022
LIX,2022-09-29 14:00,2022-09-29 08:41,2022-09-27 18:51,202209292300,FW,C,A,2,CAN,LAZ048,1219.9593505859375,2022-09-29 08:41,,,,,False,,,,,,,202209271851-KLIX-WWUS84-RFWLIX,,2022
LIX,2022-09-29 14:00,2022-09-29 08:41,2022-09-27 18:51,202209292300,FW,C,A,2,CAN,LAZ069,2290.816650390625,2022-09-29 08:41,,,,,False,,,,,,,202209271851-KLIX-WWUS84-RFWLIX,,2022
LIX,2022-09-29 23:00,2022-09-30 15:37,2022-09-28 20:10,202210010000,SC,C,Y,39,CAN,GMZ532,1994.038330078125,2022-09-30 15:37,,,,,False,,,,,,,202209282010-KLIX-WHUS74-MWWLIX,,2022
LIX,2022-09-29 23:00,2022-09-30 15:37,2022-09-28 20:10,202210010000,SC,C,Y,39,CAN,GMZ555,5159.630859375,2022-09-30 15:37,,,,,False,,,,,,,202209282010-KLIX-WHUS74-MWWLIX,,2022
FFC,2022-09-29 12:00,2022-09-30 07:05,2022-09-29 08:57,202209300000,WI,C,Y,9,CAN,GAZ092,435.7865905761719,2022-09-30 07:05,,,,,False,,,,,,,202209290857-KFFC-WWUS72-NPWFFC,,2022
FFC,2022-09-29 12:00,2022-09-30 07:05,2022-09-29 08:57,202209300000,WI,C,Y,9,CAN,GAZ089,572.7031860351562,2022-09-30 07:05,,,,,False,,,,,,,202209290857-KFFC-WWUS72-NPWFFC,,2022
FFC,2022-09-29 12:00,2022-10-01 00:00,2022-09-29 08:57,202209300000,WI,C,Y,9,CON,GAZ112,641.0155029296875,2022-09-30 18:52,,,,,False,,,,,,,202209290857-KFFC-WWUS72-NPWFFC,,2022
FFC,2022-09-29 12:00,2022-10-01 00:00,2022-09-29 08:57,202209300000,WI,C,Y,9,CON,GAZ035,421.845458984375,2022-09-30 18:52,,,,,False,,,,,,,202209290857-KFFC-WWUS72-NPWFFC,,2022
FFC,2022-09-29 12:00,2022-09-30 07:05,2022-09-29 08:57,202209300000,WI,C,Y,9,CAN,GAZ105,1029.03564453125,2022-09-30 07:05,,,,,False,,,,,,,202209290857-KFFC-WWUS72-NPWFFC,,2022
FFC,2022-09-29 12:00,2022-09-30 07:05,2022-09-29 08:57,202209300000,WI,C,Y,9,CAN,GAZ048,723.8836669921875,2022-09-30 07:05,,,,,False,,,,,,,202209290857-KFFC-WWUS72-NPWFFC,,2022
FFC,2022-09-29 12:00,2022-09-30 07:05,2022-09-29 08:57,202209300000,WI,C,Y,9,CAN,GAZ091,952.4404907226562,2022-09-30 07:05,,,,,False,,,,,,,202209290857-KFFC-WWUS72-NPWFFC,,2022
FFC,2022-09-29 12:00,2022-09-30 07:05,2022-09-29 08:57,202209300000,WI,C,Y,9,CAN,GAZ033,769.9400024414062,2022-09-30 07:05,,,,,False,,,,,,,202209290857-KFFC-WWUS72-NPWFFC,,2022
FFC,2022-09-29 12:00,2022-09-30 07:05,2022-09-29 08:57,202209300000,WI,C,Y,9,CAN,GAZ066,1155.475830078125,2022-09-30 07:05,,,,,False,,,,,,,202209290857-KFFC-WWUS72-NPWFFC,,2022
FFC,2022-09-29 12:00,2022-09-30 07:05,2022-09-29 08:57,202209300000,WI,C,Y,9,CAN,GAZ034,1131.2071533203125,2022-09-30 07:05,,,,,False,,,,,,,202209290857-KFFC-WWUS72-NPWFFC,,2022
FFC,2022-09-29 12:00,2022-09-30 07:05,2022-09-29 08:57,202209300000,WI,C,Y,9,CAN,GAZ095,984.349609375,2022-09-30 07:05,,,,,False,,,,,,,202209290857-KFFC-WWUS72-NPWFFC,,2022
FFC,2022-09-29 12:00,2022-09-30 07:05,2022-09-29 08:57,202209300000,WI,C,Y,9,CAN,GAZ079,1022.9842529296875,2022-09-30 07:05,,,,,False,,,,,,,202209290857-KFFC-WWUS72-NPWFFC,,2022
FFC,2022-09-29 12:00,2022-09-30 07:05,2022-09-29 08:57,202209300000,WI,C,Y,9,CAN,GAZ094,392.5904541015625,2022-09-30 07:05,,,,,False,,,,,,,202209290857-KFFC-WWUS72-NPWFFC,,2022
FFC,2022-09-29 12:00,2022-09-30 07:05,2022-09-29 08:57,202209300000,WI,C,Y,9,CAN,GAZ102,1200.628173828125,2022-09-30 07:05,,,,,False,,,,,,,202209290857-KFFC-WWUS72-NPWFFC,,2022
FFC,2022-09-29 12:00,2022-09-30 07:05,2022-09-29 08:57,202209300000,WI,C,Y,9,CAN,GAZ082,661.0737915039062,2022-09-30 07:05,,,,,False,,,,,,,202209290857-KFFC-WWUS72-NPWFFC,,2022
FFC,2022-09-29 12:00,2022-09-30 07:05,2022-09-29 08:57,202209300000,WI,C,Y,9,CAN,GAZ053,1155.9462890625,2022-09-30 07:05,,,,,False,,,,,,,202209290857-KFFC-WWUS72-NPWFFC,,2022
FFC,2022-09-29 12:00,2022-09-30 07:05,2022-09-29 08:57,202209300000,WI,C,Y,9,CAN,GAZ045,701.9573364257812,2022-09-30 07:05,,,,,False,,,,,,,202209290857-KFFC-WWUS72-NPWFFC,,2022
FFC,2022-09-29 12:00,2022-09-30 07:05,2022-09-29 08:57,202209300000,WI,C,Y,9,CAN,GAZ107,647.90283203125,2022-09-30 07:05,,,,,False,,,,,,,202209290857-KFFC-WWUS72-NPWFFC,,2022
FFC,2022-09-29 12:00,2022-09-30 07:05,2022-09-29 08:57,202209300000,WI,C,Y,9,CAN,GAZ108,993.2543334960938,2022-09-30 07:05,,,,,False,,,,,,,202209290857-KFFC-WWUS72-NPWFFC,,2022
FFC,2022-09-29 12:00,2022-09-30 07:05,2022-09-29 08:57,202209300000,WI,C,Y,9,CAN,GAZ072,1024.80419921875,2022-09-30 07:05,,,,,False,,,,,,,202209290857-KFFC-WWUS72-NPWFFC,,2022
FFC,2022-09-29 12:00,2022-10-01 00:00,2022-09-29 08:57,202209300000,WI,C,Y,9,CON,GAZ074,1773.6031494140625,2022-09-30 18:52,,,,,False,,,,,,,202209290857-KFFC-WWUS72-NPWFFC,,2022
FFC,2022-09-29 12:00,2022-10-01 00:00,2022-09-29 08:57,202209300000,WI,C,Y,9,CON,GAZ075,374.3137512207031,2022-09-30 18:52,,,,,False,,,,,,,202209290857-KFFC-WWUS72-NPWFFC,,2022
FFC,2022-09-29 12:00,2022-10-01 00:00,2022-09-29 08:57,202209300000,WI,C,Y,9,CON,GAZ109,1303.9189453125,2022-09-30 18:52,,,,,False,,,,,,,202209290857-KFFC-WWUS72-NPWFFC,,2022
FFC,2022-09-29 17:54,2022-10-01 00:00,2022-09-29 17:54,202210010000,WI,C,Y,9,CON,GAZ007,1118.37939453125,2022-09-30 18:52,,,,,False,,,,,,,202209291754-KFFC-WWUS72-NPWFFC,,2022
JAX,2022-09-27 15:16,2022-09-29 16:00,2022-09-27 15:16,202210181516,TR,C,W,1009,UPG,AMZ450,2575.478759765625,2022-09-29 16:00,,,,,False,,,,,,,202209271516-KJAX-WHUS72-MWWJAX,,2022
JAX,2022-09-27 15:16,2022-09-29 16:00,2022-09-27 15:16,202210181516,TR,C,W,1009,UPG,AMZ454,1745.234375,2022-09-29 16:00,,,,,False,,,,,,,202209271516-KJAX-WHUS72-MWWJAX,,2022
JAX,2022-09-27 20:34,2022-09-29 09:23,2022-09-27 20:34,202210010600,FA,C,A,5,CAN,GAZ166,672.1104736328125,2022-09-29 09:23,00000,0,ER,OO,False,,,,,,,202209272034-KJAX-WGUS62-FFAJAX,23,2022
JAX,2022-09-27 20:34,2022-09-29 09:23,2022-09-27 20:34,202210010600,FA,C,A,5,CAN,GAZ364,1596.5443115234375,2022-09-29 09:23,00000,0,ER,OO,False,,,,,,,202209272034-KJAX-WGUS62-FFAJAX,23,2022
JAX,2022-09-27 20:34,2022-09-29 09:23,2022-09-27 20:34,202210010600,FA,C,A,5,CAN,GAZ152,1159.72705078125,2022-09-29 09:23,00000,0,ER,OO,False,,,,,,,202209272034-KJAX-WGUS62-FFAJAX,23,2022
JAX,2022-09-28 15:11,2022-09-29 21:06,2022-09-28 15:11,202210191511,TR,C,W,1009,CAN,GAZ364,1596.5443115234375,2022-09-29 21:06,,,,,False,,,,,,,202209281511-KJAX-WTUS82-TCVJAX,,2022
JAX,2022-09-28 15:11,2022-09-30 02:57,2022-09-28 15:11,202210191511,HU,C,A,1009,CAN,FLZ133,680.9476928710938,2022-09-30 02:57,,,,,False,,,,,,,202209281511-KJAX-WTUS82-TCVJAX,,2022
JAX,2022-09-28 15:11,2022-09-30 15:00,2022-09-28 15:11,202210191511,SS,C,W,1009,CAN,GAZ154,488.05682373046875,2022-09-30 15:00,,,,,False,,,,,,,202209281511-KJAX-WTUS82-TCVJAX,,2022
JAX,2022-09-28 15:11,2022-09-30 02:57,2022-09-28 15:11,202210191511,HU,C,A,1009,CAN,FLZ125,918.8072509765625,2022-09-30 02:57,,,,,False,,,,,,,202209281511-KJAX-WTUS82-TCVJAX,,2022
JAX,2022-09-28 15:18,2022-10-02 06:15,2022-09-28 15:18,202209302000,RP,C,S,34,CAN,GAZ166,672.1104736328125,2022-10-02 06:15,,,,,False,,,,,,,202209281518-KJAX-WHUS42-CFWJAX,,2022
PBZ,2022-09-25 18:19,2022-09-25 19:00,2022-09-25 18:19,202209251900,SV,C,W,217,CON,PAC031,1574.8125,2022-09-25 18:46,,,,,False,,,,,,,202209251819-KPBZ-WUUS51-SVRPBZ,,2022
PBZ,2022-09-25 18:19,2022-09-25 19:00,2022-09-25 18:19,202209251900,SV,C,W,217,CON,PAC019,2055.779296875,2022-09-25 18:46,,,,,False,,,,,,,202209251819-KPBZ-WUUS51-SVRPBZ,,2022
PBZ,2022-09-25 18:19,2022-09-25 19:00,2022-09-25 18:19,202209251900,SV,C,W,217,CON,PAC005,1718.762451171875,2022-09-25 18:46,,,,,False,,,,,,,202209251819-KPBZ-WUUS51-SVRPBZ,,2022
PBZ,2022-09-25 18:58,2022-09-25 19:32,2022-09-25 18:58,202209251945,SV,C,W,218,CAN,PAC031,1574.8125,2022-09-25 19:32,,,,,False,,,,,,,202209251858-KPBZ-WUUS51-SVRPBZ,,2022
PBZ,2022-09-25 18:58,2022-09-25 19:32,2022-09-25 18:58,202209251945,SV,C,W,218,CAN,PAC005,1718.762451171875,2022-09-25 19:32,,,,,False,,,,,,,202209251858-KPBZ-WUUS51-SVRPBZ,,2022
PHI,2022-09-25 11:00,2022-09-26 00:00,2022-09-25 00:34,202209260000,RP,C,S,7,CON,NJZ024,203.20407104492188,2022-09-25 09:54,,,,,False,,,,,,,202209250034-KPHI-WHUS41-CFWPHI,Brudy,2022
PHI,2022-09-25 11:00,2022-09-26 00:00,2022-09-25 00:34,202209260000,RP,C,S,7,CON,NJZ025,121.60932159423828,2022-09-25 09:54,,,,,False,,,,,,,202209250034-KPHI-WHUS41-CFWPHI,Brudy,2022
PHI,2022-09-25 11:00,2022-09-26 14:00,2022-09-24 18:55,202209261000,SC,C,Y,78,EXT,ANZ455,1117.75537109375,2022-09-26 07:40,,,,,False,,,,,,,202209241855-KPHI-WHUS71-MWWPHI,CB,2022
PHI,2022-09-25 19:20,2022-09-25 19:32,2022-09-25 19:20,202209251945,SV,C,W,167,CAN,PAC017,1609.3529052734375,2022-09-25 19:32,,,,,False,,,,,,,202209251920-KPHI-WUUS51-SVRPHI,Fitzsimmons,2022
PHI,2022-09-25 19:25,2022-09-25 19:59,2022-09-25 19:25,202209252015,SV,C,W,168,CAN,NJC001,1460.3673095703125,2022-09-25 19:59,,,,,False,,,,,,,202209251925-KPHI-WUUS51-SVRPHI,Fitzsimmons,2022
PHI,2022-09-25 19:25,2022-09-25 19:59,2022-09-25 19:25,202209252015,SV,C,W,168,CAN,NJC007,588.8268432617188,2022-09-25 19:59,,,,,False,,,,,,,202209251925-KPHI-WUUS51-SVRPHI,Fitzsimmons,2022
PHI,2022-09-25 20:26,2022-09-25 21:30,2022-09-25 20:26,202209252130,MA,C,W,120,NEW,ANZ471,2816.82080078125,2022-09-25 20:26,,,,,False,,,,,,,202209252026-KPHI-WHUS51-SMWPHI,Fitzsimmons,2022
PHI,2022-09-25 20:55,2022-09-25 21:30,2022-09-25 20:55,202209252130,SV,C,W,169,CON,MDC035,990.9560546875,2022-09-25 21:17,,,,,False,,,,,,,202209252055-KPHI-WUUS51-SVRPHI,BIRCHFIELD,2022
LOT,2022-09-29 06:00,2022-09-29 12:00,2022-09-28 20:11,202209291200,FR,C,Y,3,EXP,ILZ019,2969.55517578125,2022-09-29 11:58,,,,,False,,,,,,,202209282011-KLOT-WWUS73-NPWLOT,,2022
LOT,2022-09-26 00:10,2022-09-26 02:28,2022-09-26 00:10,202209260315,MA,C,W,50,CAN,LMZ744,132.90194702148438,2022-09-26 02:28,,,,,False,,,,,,,202209260010-KLOT-WHUS53-SMWLOT,Carlaw,2022
LOT,2022-09-26 00:10,2022-09-26 02:28,2022-09-26 00:10,202209260315,MA,C,W,50,CAN,LMZ741,197.1693115234375,2022-09-26 02:28,,,,,False,,,,,,,202209260010-KLOT-WHUS53-SMWLOT,Carlaw,2022
PHI,2022-09-25 21:25,2022-09-25 22:00,2022-09-25 21:25,202209252200,SV,C,W,170,EXP,DEC001,1534.4228515625,2022-09-25 21:56,,,,,False,,,,,,,202209252125-KPHI-WUUS51-SVRPHI,BIRCHFIELD,2022
PHI,2022-09-26 00:49,2022-09-26 02:37,2022-09-26 00:49,202209260400,FA,C,Y,121,CAN,PAC011,2239.7900390625,2022-09-26 02:37,00000,N,ER,OO,False,,,,,,,202209260049-KPHI-WGUS81-FLSPHI,Brudy,2022
FGF,2022-09-27 07:00,2022-09-27 14:00,2022-09-26 19:33,202209271400,FR,C,Y,6,EXP,NDZ015,3359.12744140625,2022-09-27 14:06,,,,,False,,,,,,,202209261933-KFGF-WWUS73-NPWFGF,,2022
FGF,2022-09-27 07:00,2022-09-27 14:00,2022-09-26 19:33,202209271400,FR,C,Y,6,EXP,MNZ005,4334.13720703125,2022-09-27 14:06,,,,,False,,,,,,,202209261933-KFGF-WWUS73-NPWFGF,,2022
FGF,2022-09-27 07:00,2022-09-27 14:00,2022-09-26 19:33,202209271400,FR,C,Y,6,EXP,MNZ001,3168.06787109375,2022-09-27 14:06,,,,,False,,,,,,,202209261933-KFGF-WWUS73-NPWFGF,,2022
FGF,2022-09-27 07:00,2022-09-27 14:00,2022-09-26 19:33,202209271400,FR,C,Y,6,EXP,MNZ006,4594.20556640625,2022-09-27 14:06,,,,,False,,,,,,,202209261933-KFGF-WWUS73-NPWFGF,,2022
FGF,2022-09-27 07:00,2022-09-27 14:00,2022-09-26 19:33,202209271400,FR,C,Y,6,EXP,MNZ022,1505.7459716796875,2022-09-27 14:06,,,,,False,,,,,,,202209261933-KFGF-WWUS73-NPWFGF,,2022
FGF,2022-09-27 07:00,2022-09-27 14:00,2022-09-26 19:33,202209271400,FR,C,Y,6,EXP,NDZ016,2074.072021484375,2022-09-27 14:06,,,,,False,,,,,,,202209261933-KFGF-WWUS73-NPWFGF,,2022
FGF,2022-09-27 07:00,2022-09-27 14:00,2022-09-26 19:33,202209271400,FR,C,Y,6,EXP,MNZ004,2850.821533203125,2022-09-27 14:06,,,,,False,,,,,,,202209261933-KFGF-WWUS73-NPWFGF,,2022
FGF,2022-09-28 07:00,2022-09-28 13:41,2022-09-27 19:05,202209281400,FR,C,Y,7,CAN,MNZ003,2719.5341796875,2022-09-28 13:41,,,,,False,,,,,,,202209271905-KFGF-WWUS73-NPWFGF,,2022
FGF,2022-09-28 07:00,2022-09-28 13:41,2022-09-28 02:42,202209281400,FR,C,Y,7,CAN,NDZ026,2604.841552734375,2022-09-28 13:41,,,,,False,,,,,,,202209280242-KFGF-WWUS73-NPWFGF,,2022
AFC,2022-09-25 11:57,2022-09-25 23:29,2022-09-25 11:57,202209260030,GL,C,W,498,CAN,PKZ351,59775.0546875,2022-09-25 23:29,,,,,False,,,,,,,202209251157-PAFC-FZAK61-OFFAER,,2022
LOX,2022-09-25 22:00,2022-09-30 10:00,2022-09-25 10:23,202209270900,SC,C,Y,154,EXP,PZZ676,11519.8779296875,2022-09-30 10:28,,,,,False,,,,,,,202209251023-KLOX-WHUS76-MWWLOX,,2022
PIH,2022-09-29 20:48,2022-09-29 21:25,2022-09-29 20:48,202209292145,SV,C,W,58,CAN,IDC081,1164.7437744140625,2022-09-29 21:25,,,,,False,,,,,,,202209292048-KPIH-WUUS55-SVRPIH,Huston,2022
LSX,2022-09-28 05:00,2022-09-28 13:00,2022-09-27 18:39,202209281300,FR,C,Y,5,EXP,ILZ096,794.7553100585938,2022-09-28 13:01,,,,,False,,,,,,,202209271839-KLSX-WWUS73-NPWLSX,MRM,2022
AFC,2022-09-25 11:58,2022-09-27 00:01,2022-09-25 11:58,202209260030,SC,C,Y,751,CAN,PKZ119,36469.71484375,2022-09-27 00:01,,,,,False,,,,,,,202209251158-PAFC-FZAK51-CWFAER,,2022
AJK,2022-09-25 11:47,2022-09-25 23:00,2022-09-25 11:47,202209260600,SC,C,Y,449,CAN,PKZ053,1160.1375732421875,2022-09-25 23:00,,,,,False,,,,,,,202209251147-PAJK-FZAK53-CWFYAK,,2022
AJK,2022-09-25 11:54,2022-09-25 23:00,2022-09-25 11:54,202209260315,SC,C,Y,450,CAN,PKZ012,665.2103271484375,2022-09-25 23:00,,,,,False,,,,,,,202209251154-PAJK-FZAK51-CWFAJK,,2022
AFC,2022-09-25 23:33,2022-09-27 11:49,2022-09-25 23:33,202209261245,SC,C,Y,752,CAN,PKZ155,92342.671875,2022-09-27 11:49,,,,,False,,,,,,,202209252333-PAFC-FZAK52-CWFALU,,2022
AFC,2022-09-25 11:58,2022-09-26 11:59,2022-09-25 11:58,202209260030,SC,C,Y,751,CAN,PKZ120,20321.904296875,2022-09-26 11:59,,,,,False,,,,,,,202209251158-PAFC-FZAK51-CWFAER,,2022
AJK,2022-09-25 23:00,2022-09-26 23:06,2022-09-25 23:00,202209261500,SC,C,Y,452,CAN,PKZ011,1308.33203125,2022-09-26 23:06,,,,,False,,,,,,,202209252300-PAJK-FZAK51-CWFAJK,,2022
AFG,2022-09-25 23:47,2022-09-27 12:07,2022-09-25 23:47,202209261430,SC,C,Y,149,CAN,PKZ245,28390.439453125,2022-09-27 12:07,,,,,False,,,,,,,202209252347-PAFG-FZAK51-CWFNSB,Sep 22,2022
AJK,2022-09-25 23:00,2022-09-26 11:45,2022-09-25 23:00,202209261700,GL,C,W,179,CAN,PKZ053,1160.1375732421875,2022-09-26 11:45,,,,,False,,,,,,,202209252300-PAJK-FZAK53-CWFYAK,,2022
AJK,2022-09-25 23:00,2022-09-27 11:52,2022-09-25 23:00,202209261700,SC,C,Y,451,CAN,PKZ052,18591.783203125,2022-09-27 11:52,,,,,False,,,,,,,202209252300-PAJK-FZAK52-CWFAEG,,2022
AJK,2022-09-25 11:54,2022-09-26 11:54,2022-09-25 11:54,202209260315,SC,C,Y,450,CAN,PKZ022,501.8485412597656,2022-09-26 11:54,,,,,False,,,,,,,202209251154-PAJK-FZAK51-CWFAJK,,2022
AJK,2022-09-25 11:47,2022-09-26 23:06,2022-09-25 11:47,202209260600,GL,C,W,178,CAN,PKZ043,36949.75390625,2022-09-26 23:06,,,,,False,,,,,,,202209251147-PAJK-FZAK52-CWFAEG,,2022
AJK,2022-09-25 11:47,2022-09-26 23:06,2022-09-25 11:47,202209260600,GL,C,W,178,CAN,PKZ051,29210.953125,2022-09-26 23:06,,,,,False,,,,,,,202209251147-PAJK-FZAK52-CWFAEG,,2022
AJK,2022-09-26 23:06,2022-09-27 05:36,2022-09-26 23:06,202209271530,SC,C,Y,455,CAN,PKZ022,501.8485412597656,2022-09-27 05:36,,,,,False,,,,,,,202209262306-PAJK-FZAK51-CWFAJK,,2022
AJK,2022-09-25 11:54,2022-09-27 05:36,2022-09-25 11:54,202209260315,SC,C,Y,450,CAN,PKZ031,3195.2919921875,2022-09-27 05:36,,,,,False,,,,,,,202209251154-PAJK-FZAK51-CWFAJK,,2022
AJK,2022-09-25 11:54,2022-09-27 05:36,2022-09-25 11:54,202209260315,SC,C,Y,450,CAN,PKZ032,2605.693115234375,2022-09-27 05:36,,,,,False,,,,,,,202209251154-PAJK-FZAK51-CWFAJK,,2022
AJK,2022-09-26 11:45,2022-09-27 11:52,2022-09-26 11:45,202209270545,SC,C,Y,453,CAN,PKZ053,1160.1375732421875,2022-09-27 11:52,,,,,False,,,,,,,202209261145-PAJK-FZAK53-CWFYAK,,2022
AFC,2022-09-26 11:59,2022-09-27 11:57,2022-09-26 11:59,202209270045,SC,C,Y,753,CAN,PKZ138,11883.138671875,2022-09-27 11:57,,,,,False,,,,,,,202209261159-PAFC-FZAK51-CWFAER,,2022
AFC,2022-09-27 00:01,2022-09-27 11:57,2022-09-27 00:01,202209271330,SC,C,Y,755,CAN,PKZ120,20321.904296875,2022-09-27 11:57,,,,,False,,,,,,,202209270001-PAFC-FZAK51-CWFAER,,2022
AFC,2022-09-27 00:01,2022-09-27 11:57,2022-09-27 00:01,202209271330,GL,C,W,532,CAN,PKZ130,8020.56103515625,2022-09-27 11:57,,,,,False,,,,,,,202209270001-PAFC-FZAK51-CWFAER,,2022
AFC,2022-09-27 00:01,2022-09-27 11:57,2022-09-27 00:01,202209271330,GL,C,W,532,CAN,PKZ131,22653.3359375,2022-09-27 11:57,,,,,False,,,,,,,202209270001-PAFC-FZAK51-CWFAER,,2022
AFC,2022-09-27 11:57,2022-09-27 23:55,2022-09-27 11:57,202209280045,SC,C,Y,757,CAN,PKZ125,8507.2763671875,2022-09-27 23:55,,,,,False,,,,,,,202209271157-PAFC-FZAK51-CWFAER,,2022
AFC,2022-09-27 00:01,2022-09-27 23:55,2022-09-27 00:01,202209271330,SC,C,Y,755,CAN,PKZ141,1022.987548828125,2022-09-27 23:55,,,,,False,,,,,,,202209270001-PAFC-FZAK51-CWFAER,,2022
AFC,2022-09-26 23:50,2022-09-28 11:49,2022-09-26 23:50,202209271245,SC,C,Y,754,CAN,PKZ181,32869.4921875,2022-09-28 11:49,,,,,False,,,,,,,202209262350-PAFC-FZAK52-CWFALU,,2022
AFC,2022-09-27 11:57,2022-09-28 11:59,2022-09-27 11:57,202209280045,SR,C,W,96,CAN,PKZ131,22653.3359375,2022-09-28 11:59,,,,,False,,,,,,,202209271157-PAFC-FZAK51-CWFAER,,2022
AFC,2022-09-27 23:55,2022-09-28 23:49,2022-09-27 23:55,202209281315,GL,C,W,535,CAN,PKZ141,1022.987548828125,2022-09-28 23:49,,,,,False,,,,,,,202209272355-PAFC-FZAK51-CWFAER,,2022
AFC,2022-09-27 00:01,2022-09-29 23:53,2022-09-27 00:01,202209271330,SC,C,Y,755,CAN,PKZ139,6590.0869140625,2022-09-29 23:53,,,,,False,,,,,,,202209270001-PAFC-FZAK51-CWFAER,,2022
AFG,2022-09-28 12:29,2022-09-28 23:08,2022-09-28 12:29,202209290200,SC,C,Y,152,CAN,PKZ245,28390.439453125,2022-09-28 23:08,,,,,False,,,,,,,202209281229-PAFG-FZAK51-CWFNSB,SDB Sep 22,2022
AFC,2022-09-28 11:59,2022-09-28 23:49,2022-09-28 11:59,202209290045,GL,C,W,538,CAN,PKZ131,22653.3359375,2022-09-28 23:49,,,,,False,,,,,,,202209281159-PAFC-FZAK51-CWFAER,,2022
AFC,2022-09-27 00:01,2022-09-28 23:49,2022-09-27 00:01,202209271330,GL,C,W,532,CAN,PKZ132,34437.03515625,2022-09-28 23:49,,,,,False,,,,,,,202209270001-PAFC-FZAK51-CWFAER,,2022
AFC,2022-09-27 00:01,2022-09-28 23:49,2022-09-27 00:01,202209271330,GL,C,W,532,CAN,PKZ136,326.269287109375,2022-09-28 23:49,,,,,False,,,,,,,202209270001-PAFC-FZAK51-CWFAER,,2022
AFC,2022-09-27 00:01,2022-09-28 23:49,2022-09-27 00:01,202209271330,GL,C,W,532,CAN,PKZ137,1101.290771484375,2022-09-28 23:49,,,,,False,,,,,,,202209270001-PAFC-FZAK51-CWFAER,,2022
AFC,2022-09-26 23:50,2022-09-28 23:56,2022-09-26 23:50,202209271245,GL,C,W,531,CAN,PKZ171,189.2704620361328,2022-09-28 23:56,,,,,False,,,,,,,202209262350-PAFC-FZAK52-CWFALU,,2022
AFC,2022-09-28 11:49,2022-09-28 23:56,2022-09-28 11:49,202209290045,SC,C,Y,759,CAN,PKZ173,34095.15234375,2022-09-28 23:56,,,,,False,,,,,,,202209281149-PAFC-FZAK52-CWFALU,,2022
AFC,2022-09-28 11:49,2022-09-28 23:56,2022-09-28 11:49,202209290045,SC,C,Y,759,CAN,PKZ174,34616.734375,2022-09-28 23:56,,,,,False,,,,,,,202209281149-PAFC-FZAK52-CWFALU,,2022
AFC,2022-09-28 11:49,2022-09-28 23:56,2022-09-28 11:49,202209290045,SC,C,Y,759,CAN,PKZ176,49332.66015625,2022-09-28 23:56,,,,,False,,,,,,,202209281149-PAFC-FZAK52-CWFALU,,2022
AFC,2022-09-28 23:56,2022-09-29 12:05,2022-09-28 23:56,202209291300,GL,C,W,539,CAN,PKZ175,47843.25,2022-09-29 12:05,,,,,False,,,,,,,202209282356-PAFC-FZAK52-CWFALU,,2022
AFC,2022-09-27 23:59,2022-09-29 12:05,2022-09-27 23:59,202209281300,GL,C,W,536,CAN,PKZ185,198825.875,2022-09-29 12:05,,,,,False,,,,,,,202209272359-PAFC-FZAK52-CWFALU,,2022
AFC,2022-09-29 12:05,2022-09-30 23:52,2022-09-29 12:05,202209300045,SR,C,W,98,CAN,PKZ185,198825.875,2022-09-30 23:52,,,,,False,,,,,,,202209291205-PAFC-FZAK52-CWFALU,,2022
AJK,2022-09-28 11:35,2022-09-29 23:48,2022-09-28 11:35,202209290545,GL,C,W,182,CAN,PKZ052,18591.783203125,2022-09-29 23:48,,,,,False,,,,,,,202209281135-PAJK-FZAK52-CWFAEG,,2022
AJK,2022-09-28 23:05,2022-10-01 00:22,2022-09-28 23:05,202209291500,SC,C,Y,461,CAN,PKZ034,2967.92578125,2022-10-01 00:22,,,,,False,,,,,,,202209282305-PAJK-FZAK51-CWFAJK,,2022
AFC,2022-09-27 11:57,2022-09-29 23:53,2022-09-27 11:57,202209280045,SC,C,Y,757,CAN,PKZ140,5014.7783203125,2022-09-29 23:53,,,,,False,,,,,,,202209271157-PAFC-FZAK51-CWFAER,,2022
AFC,2022-09-29 11:49,2022-09-29 23:53,2022-09-29 11:49,202209300045,SC,C,Y,763,CAN,PKZ125,8507.2763671875,2022-09-29 23:53,,,,,False,,,,,,,202209291149-PAFC-FZAK51-CWFAER,,2022
AFC,2022-09-28 23:49,2022-09-29 23:53,2022-09-28 23:49,202209291300,SC,C,Y,761,CAN,PKZ130,8020.56103515625,2022-09-29 23:53,,,,,False,,,,,,,202209282349-PAFC-FZAK51-CWFAER,,2022
AFC,2022-09-28 23:49,2022-09-29 23:53,2022-09-28 23:49,202209291300,SC,C,Y,761,CAN,PKZ138,11883.138671875,2022-09-29 23:53,,,,,False,,,,,,,202209282349-PAFC-FZAK51-CWFAER,,2022
AFC,2022-09-26 10:54,2022-09-29 23:54,2022-09-26 10:54,202209262330,GL,C,W,530,CAN,PKZ160,30318.11328125,2022-09-29 23:54,,,,,False,,,,,,,202209261054-PAFC-FZAK52-CWFALU,,2022
AFC,2022-09-26 23:50,2022-09-29 23:54,2022-09-26 23:50,202209271245,GL,C,W,531,CAN,PKZ170,50962.05859375,2022-09-29 23:54,,,,,False,,,,,,,202209262350-PAFC-FZAK52-CWFALU,,2022
AFC,2022-09-26 23:50,2022-09-29 23:54,2022-09-26 23:50,202209271245,GL,C,W,531,CAN,PKZ172,51040.6484375,2022-09-29 23:54,,,,,False,,,,,,,202209262350-PAFC-FZAK52-CWFALU,,2022
AJK,2022-09-26 23:06,2022-09-30 11:41,2022-09-26 23:06,202209271715,SC,C,Y,456,CAN,PKZ043,36949.75390625,2022-09-30 11:41,,,,,False,,,,,,,202209262306-PAJK-FZAK52-CWFAEG,,2022
AJK,2022-09-27 23:04,2022-09-30 11:41,2022-09-27 23:04,202209281715,SC,C,Y,458,CAN,PKZ051,29210.953125,2022-09-30 11:41,,,,,False,,,,,,,202209272304-PAJK-FZAK52-CWFAEG,,2022
AJK,2022-09-29 11:46,2022-09-30 11:44,2022-09-29 11:46,202209300330,SC,C,Y,462,CAN,PKZ013,720.4254760742188,2022-09-30 11:44,,,,,False,,,,,,,202209291146-PAJK-FZAK51-CWFAJK,,2022
AFC,2022-09-29 23:54,2022-09-30 11:58,2022-09-29 23:54,202209301230,SC,C,Y,764,CAN,PKZ170,50962.05859375,2022-09-30 11:58,,,,,False,,,,,,,202209292354-PAFC-FZAK52-CWFALU,,2022
AFG,2022-09-28 12:29,2022-09-30 13:39,2022-09-28 12:29,202209290200,SC,C,Y,152,CAN,PKZ235,42371.5078125,2022-09-30 13:39,,,,,False,,,,,,,202209281229-PAFG-FZAK51-CWFNSB,SDB Sep 22,2022
AFG,2022-09-28 23:08,2022-09-30 13:39,2022-09-28 23:08,202209291415,GL,C,W,83,CAN,PKZ245,28390.439453125,2022-09-30 13:39,,,,,False,,,,,,,202209282308-PAFG-FZAK51-CWFNSB,Sep 22,2022
AFC,2022-09-28 23:56,2022-09-30 23:52,2022-09-28 23:56,202209291300,GL,C,W,539,CAN,PKZ174,34616.734375,2022-09-30 23:52,,,,,False,,,,,,,202209282356-PAFC-FZAK52-CWFALU,,2022
AFC,2022-09-28 11:49,2022-09-30 23:52,2022-09-28 11:49,202209290045,SR,C,W,97,CAN,PKZ177,104266.921875,2022-09-30 23:52,,,,,False,,,,,,,202209281149-PAFC-FZAK52-CWFALU,,2022
AFC,2022-09-28 23:56,2022-09-30 23:52,2022-09-28 23:56,202209291300,HF,C,W,12,CAN,PKZ178,140218.90625,2022-09-30 23:52,,,,,False,,,,,,,202209282356-PAFC-FZAK52-CWFALU,,2022
AFC,2022-09-28 11:49,2022-09-30 23:52,2022-09-28 11:49,202209290045,GL,C,W,537,CAN,PKZ179,9337.689453125,2022-09-30 23:52,,,,,False,,,,,,,202209281149-PAFC-FZAK52-CWFALU,,2022
AFC,2022-09-26 23:39,2022-10-02 22:52,2022-09-26 23:39,202209271330,GL,C,W,499,CAN,PKZ414,169095.625,2022-10-02 22:52,,,,,False,,,,,,,202209262339-PAFC-FZAK62-OFFALU,,2022
PSR,2022-09-24 00:45,2022-09-24 01:30,2022-09-24 00:45,202209240130,SV,C,W,239,EXP,AZC021,13926.7177734375,2022-09-24 01:27,,,,,False,,,,,,,202209240045-KPSR-WUUS55-SVRPSR,GL,2022
PSR,2022-09-28 22:10,2022-09-29 00:58,2022-09-28 22:10,202209290415,FF,C,W,310,CAN,AZC021,13926.7177734375,2022-09-29 00:58,00000,0,ER,OO,False,,,,,,,202209282210-KPSR-WGUS55-FFWPSR,Hirsch,2022
PSR,2022-09-29 22:03,2022-09-30 01:15,2022-09-29 22:03,202209300115,FA,C,Y,206,NEW,AZC012,11693.62890625,2022-09-29 22:03,00000,N,ER,OO,False,,,,,,,202209292203-KPSR-WGUS85-FLSPSR,Hirsch,2022
AFC,2022-09-28 23:56,2022-10-01 13:00,2022-09-28 23:56,202209291300,SC,C,Y,762,EXT,PKZ171,189.2704620361328,2022-10-01 11:58,,,,,False,,,,,,,202209282356-PAFC-FZAK52-CWFALU,,2022
AFC,2022-09-29 23:54,2022-10-01 13:00,2022-09-29 23:54,202209301230,SC,C,Y,764,EXT,PKZ172,51040.6484375,2022-10-01 11:58,,,,,False,,,,,,,202209292354-PAFC-FZAK52-CWFALU,,2022
AFC,2022-09-28 23:56,2022-10-01 13:00,2022-09-28 23:56,202209291300,GL,C,W,539,EXT,PKZ176,49332.66015625,2022-10-01 11:58,,,,,False,,,,,,,202209282356-PAFC-FZAK52-CWFALU,,2022
AFC,2022-09-29 23:54,2022-10-01 13:00,2022-09-29 23:54,202209301230,SC,C,Y,764,EXT,PKZ180,83577.7109375,2022-10-01 11:58,,,,,False,,,,,,,202209292354-PAFC-FZAK52-CWFALU,,2022
AFC,2022-09-29 23:54,2022-10-01 13:00,2022-09-29 23:54,202209301230,SC,C,Y,764,EXT,PKZ181,32869.4921875,2022-10-01 11:58,,,,,False,,,,,,,202209292354-PAFC-FZAK52-CWFALU,,2022
AJK,2022-09-29 23:48,2022-10-03 11:51,2022-09-29 23:48,202209301800,SC,C,Y,463,CAN,PKZ052,18591.783203125,2022-10-03 11:51,,,,,False,,,,,,,202209292348-PAJK-FZAK52-CWFAEG,,2022
AFC,2022-09-28 23:49,2022-10-03 22:51,2022-09-28 23:49,202209291300,SC,C,Y,761,CAN,PKZ132,34437.03515625,2022-10-03 22:51,,,,,False,,,,,,,202209282349-PAFC-FZAK51-CWFAER,,2022
MQT,2022-09-28 04:00,2022-09-28 13:00,2022-09-27 19:30,202209281300,FR,C,Y,3,NEW,MIZ003,1686.6075439453125,2022-09-27 19:30,,,,,False,,,,,,,202209271930-KMQT-WWUS73-NPWMQT,GS/JTP,2022
FSD,2022-09-25 18:00,2022-09-26 00:00,2022-09-25 07:46,202209260000,FW,C,W,19,EXP,SDZ069,1376.9483642578125,2022-09-25 23:52,,,,,False,,,,,,,202209250746-KFSD-WWUS83-RFWFSD,,2022
FSD,2022-09-25 18:00,2022-09-26 00:00,2022-09-25 07:46,202209260000,FW,C,W,19,EXP,SDZ070,1077.3231201171875,2022-09-25 23:52,,,,,False,,,,,,,202209250746-KFSD-WWUS83-RFWFSD,,2022
MQT,2022-09-28 04:00,2022-09-28 13:00,2022-09-27 19:30,202209281300,FZ,C,W,2,NEW,MIZ009,2955.343017578125,2022-09-27 19:30,,,,,False,,,,,,,202209271930-KMQT-WWUS73-NPWMQT,GS/JTP,2022
FSD,2022-09-25 18:00,2022-09-26 00:00,2022-09-25 07:46,202209260000,FW,C,W,19,EXP,SDZ053,1473.810546875,2022-09-25 23:52,,,,,False,,,,,,,202209250746-KFSD-WWUS83-RFWFSD,,2022
MQT,2022-09-28 04:00,2022-09-28 13:00,2022-09-27 19:30,202209281300,FR,C,Y,3,NEW,MIZ005,4832.01904296875,2022-09-27 19:30,,,,,False,,,,,,,202209271930-KMQT-WWUS73-NPWMQT,GS/JTP,2022
FSD,2022-09-25 18:00,2022-09-26 00:00,2022-09-25 07:46,202209260000,FW,C,W,19,EXP,SDZ050,2723.685791015625,2022-09-25 23:52,,,,,False,,,,,,,202209250746-KFSD-WWUS83-RFWFSD,,2022
FSD,2022-09-25 18:00,2022-09-26 00:00,2022-09-25 07:46,202209260000,FW,C,W,19,EXP,SDZ059,1129.0526123046875,2022-09-25 23:52,,,,,False,,,,,,,202209250746-KFSD-WWUS83-RFWFSD,,2022
FSD,2022-09-25 18:00,2022-09-26 00:00,2022-09-25 07:46,202209260000,FW,C,W,19,EXP,SDZ060,1126.008056640625,2022-09-25 23:52,,,,,False,,,,,,,202209250746-KFSD-WWUS83-RFWFSD,,2022
FSD,2022-09-25 18:00,2022-09-26 00:00,2022-09-25 07:46,202209260000,FW,C,W,19,EXP,SDZ061,1491.802490234375,2022-09-25 23:52,,,,,False,,,,,,,202209250746-KFSD-WWUS83-RFWFSD,,2022
FSD,2022-09-25 18:00,2022-09-26 00:00,2022-09-25 07:46,202209260000,FW,C,W,19,EXP,SDZ063,2973.4189453125,2022-09-25 23:52,,,,,False,,,,,,,202209250746-KFSD-WWUS83-RFWFSD,,2022
FSD,2022-09-28 06:00,2022-09-28 13:00,2022-09-27 19:31,202209281300,FR,C,Y,2,EXP,MNZ081,1677.309814453125,2022-09-28 12:57,,,,,False,,,,,,,202209271931-KFSD-WWUS73-NPWFSD,,2022
FSD,2022-09-28 06:00,2022-09-28 13:00,2022-09-27 19:31,202209281300,FR,C,Y,2,EXP,IAZ003,1043.731689453125,2022-09-28 12:57,,,,,False,,,,,,,202209271931-KFSD-WWUS73-NPWFSD,,2022
FSD,2022-09-28 06:00,2022-09-28 13:00,2022-09-27 19:31,202209281300,FR,C,Y,2,EXP,IAZ012,1986.857666015625,2022-09-28 12:57,,,,,False,,,,,,,202209271931-KFSD-WWUS73-NPWFSD,,2022
FSD,2022-09-28 06:00,2022-09-28 13:00,2022-09-27 19:31,202209281300,FR,C,Y,2,EXP,MNZ071,1417.501220703125,2022-09-28 12:57,,,,,False,,,,,,,202209271931-KFSD-WWUS73-NPWFSD,,2022
FSD,2022-09-28 06:00,2022-09-28 13:00,2022-09-27 19:31,202209281300,FR,C,Y,2,EXP,MNZ098,1248.1544189453125,2022-09-28 12:57,,,,,False,,,,,,,202209271931-KFSD-WWUS73-NPWFSD,,2022
FSD,2022-09-28 06:00,2022-09-28 13:00,2022-09-27 19:31,202209281300,FR,C,Y,2,EXP,SDZ062,2103.181884765625,2022-09-28 12:57,,,,,False,,,,,,,202209271931-KFSD-WWUS73-NPWFSD,,2022
FSD,2022-09-28 06:00,2022-09-28 13:00,2022-09-27 19:31,202209281300,FR,C,Y,2,EXP,IAZ032,1117.5174560546875,2022-09-28 12:57,,,,,False,,,,,,,202209271931-KFSD-WWUS73-NPWFSD,,2022
JAX,2022-09-29 09:27,2022-09-29 20:54,2022-09-29 09:27,202209292200,FA,C,A,6,CAN,FLZ033,1021.649169921875,2022-09-29 20:54,00000,0,ER,OO,False,,,,,,,202209290927-KJAX-WGUS62-FFAJAX,CHANEY,2022
JAX,2022-09-29 09:27,2022-09-29 20:54,2022-09-29 09:27,202209292200,FA,C,A,6,CAN,FLZ225,112.2689437866211,2022-09-29 20:54,00000,0,ER,OO,False,,,,,,,202209290927-KJAX-WGUS62-FFAJAX,CHANEY,2022
JAX,2022-09-29 09:27,2022-09-29 20:54,2022-09-29 09:27,202209292200,FA,C,A,6,CAN,FLZ124,370.8739013671875,2022-09-29 20:54,00000,0,ER,OO,False,,,,,,,202209290927-KJAX-WGUS62-FFAJAX,CHANEY,2022
JAX,2022-09-29 09:27,2022-09-29 13:56,2022-09-29 09:27,202209292200,FA,C,A,6,CAN,FLZ240,1543.1129150390625,2022-09-29 13:56,00000,0,ER,OO,False,,,,,,,202209290927-KJAX-WGUS62-FFAJAX,CHANEY,2022
JAX,2022-09-29 09:27,2022-09-29 20:54,2022-09-29 09:27,202209292200,FA,C,A,6,CAN,FLZ137,955.1932373046875,2022-09-29 20:54,00000,0,ER,OO,False,,,,,,,202209290927-KJAX-WGUS62-FFAJAX,CHANEY,2022
JAX,2022-09-29 09:27,2022-09-29 20:54,2022-09-29 09:27,202209292200,FA,C,A,6,CAN,FLZ232,1427.7642822265625,2022-09-29 20:54,00000,0,ER,OO,False,,,,,,,202209290927-KJAX-WGUS62-FFAJAX,CHANEY,2022
JAX,2022-09-29 09:27,2022-09-29 20:54,2022-09-29 09:27,202209292200,FA,C,A,6,CAN,FLZ133,680.9476928710938,2022-09-29 20:54,00000,0,ER,OO,False,,,,,,,202209290927-KJAX-WGUS62-FFAJAX,CHANEY,2022
JAX,2022-09-29 09:27,2022-09-29 20:54,2022-09-29 09:27,202209292200,FA,C,A,6,CAN,FLZ237,1190.208251953125,2022-09-29 20:54,00000,0,ER,OO,False,,,,,,,202209290927-KJAX-WGUS62-FFAJAX,CHANEY,2022
JAX,2022-09-29 09:27,2022-09-29 13:56,2022-09-29 09:27,202209292200,FA,C,A,6,CAN,FLZ140,1390.8538818359375,2022-09-29 13:56,00000,0,ER,OO,False,,,,,,,202209290927-KJAX-WGUS62-FFAJAX,CHANEY,2022
JAX,2022-09-29 09:27,2022-09-29 20:54,2022-09-29 09:27,202209292200,FA,C,A,6,CAN,FLZ132,240.88516235351562,2022-09-29 20:54,00000,0,ER,OO,False,,,,,,,202209290927-KJAX-WGUS62-FFAJAX,CHANEY,2022
JAX,2022-09-29 09:27,2022-09-29 20:54,2022-09-29 09:27,202209292200,FA,C,A,6,CAN,GAZ154,488.05682373046875,2022-09-29 20:54,00000,0,ER,OO,False,,,,,,,202209290927-KJAX-WGUS62-FFAJAX,CHANEY,2022
JAX,2022-09-29 16:00,2022-09-30 09:00,2022-09-29 16:00,202210201600,HU,C,W,1009,CAN,AMZ454,1745.234375,2022-09-30 09:00,,,,,False,,,,,,,202209291600-KJAX-WHUS72-MWWJAX,,2022
PHI,2022-09-25 11:00,2022-09-26 18:17,2022-09-24 18:55,202209261000,SC,C,Y,78,CAN,ANZ452,1105.66796875,2022-09-26 18:17,,,,,False,,,,,,,202209241855-KPHI-WHUS71-MWWPHI,CB,2022
PHI,2022-09-25 19:25,2022-09-25 19:59,2022-09-25 19:25,202209252015,SV,C,W,168,CAN,NJC005,2121.66748046875,2022-09-25 19:59,,,,,False,,,,,,,202209251925-KPHI-WUUS51-SVRPHI,Fitzsimmons,2022
PHI,2022-09-25 19:25,2022-09-25 19:59,2022-09-25 19:25,202209252015,SV,C,W,168,CAN,NJC015,873.22314453125,2022-09-25 19:59,,,,,False,,,,,,,202209251925-KPHI-WUUS51-SVRPHI,Fitzsimmons,2022
PHI,2022-09-25 20:26,2022-09-25 21:30,2022-09-25 20:26,202209252130,MA,C,W,120,NEW,ANZ470,488.4715270996094,2022-09-25 20:26,,,,,False,,,,,,,202209252026-KPHI-WHUS51-SMWPHI,Fitzsimmons,2022
PHI,2022-09-25 21:25,2022-09-25 21:42,2022-09-25 21:25,202209252200,SV,C,W,170,CAN,MDC041,713.1586303710938,2022-09-25 21:42,,,,,False,,,,,,,202209252125-KPHI-WUUS51-SVRPHI,BIRCHFIELD,2022
LOT,2022-09-26 20:30,2022-09-29 01:42,2022-09-26 20:30,202209290300,BH,C,S,21,CAN,INZ001,1297.9188232421875,2022-09-29 01:42,,,,,False,,,,,,,202209262030-KLOT-WHUS43-CFWLOT,,2022
LOT,2022-09-27 08:36,2022-09-29 01:42,2022-09-27 08:36,202209290300,BH,C,S,21,CAN,ILZ103,795.5537719726562,2022-09-29 01:42,,,,,False,,,,,,,202209270836-KLOT-WHUS43-CFWLOT,,2022
LOT,2022-09-29 06:00,2022-09-29 12:00,2022-09-28 20:11,202209291200,FR,C,Y,3,EXP,ILZ010,1886.0966796875,2022-09-29 11:58,,,,,False,,,,,,,202209282011-KLOT-WWUS73-NPWLOT,,2022
PHI,2022-09-26 00:49,2022-09-26 04:00,2022-09-26 00:49,202209260400,FA,C,Y,121,EXP,PAC017,1609.3529052734375,2022-09-26 03:53,00000,N,ER,OO,False,,,,,,,202209260049-KPHI-WGUS81-FLSPHI,Brudy,2022
FGF,2022-09-27 07:00,2022-09-27 14:00,2022-09-26 19:33,202209271400,FR,C,Y,6,EXP,NDZ006,2689.297119140625,2022-09-27 14:06,,,,,False,,,,,,,202209261933-KFGF-WWUS73-NPWFGF,,2022
FGF,2022-09-27 07:00,2022-09-27 14:00,2022-09-26 19:33,202209271400,FR,C,Y,6,EXP,MNZ015,1990.9134521484375,2022-09-27 14:06,,,,,False,,,,,,,202209261933-KFGF-WWUS73-NPWFGF,,2022
FGF,2022-09-27 07:00,2022-09-27 14:00,2022-09-26 19:33,202209271400,FR,C,Y,6,EXP,MNZ024,2581.396240234375,2022-09-27 14:06,,,,,False,,,,,,,202209261933-KFGF-WWUS73-NPWFGF,,2022
FGF,2022-09-27 07:00,2022-09-27 14:00,2022-09-26 19:33,202209271400,FR,C,Y,6,EXP,MNZ017,2826.56494140625,2022-09-27 14:06,,,,,False,,,,,,,202209261933-KFGF-WWUS73-NPWFGF,,2022
FGF,2022-09-28 07:00,2022-09-28 13:41,2022-09-27 19:05,202209281400,FR,C,Y,7,CAN,MNZ013,1596.486328125,2022-09-28 13:41,,,,,False,,,,,,,202209271905-KFGF-WWUS73-NPWFGF,,2022
FGF,2022-09-28 07:00,2022-09-28 13:41,2022-09-27 19:05,202209281400,FR,C,Y,7,CAN,MNZ002,2263.7197265625,2022-09-28 13:41,,,,,False,,,,,,,202209271905-KFGF-WWUS73-NPWFGF,,2022
FGF,2022-09-28 07:00,2022-09-28 13:41,2022-09-27 19:05,202209281400,FR,C,Y,7,CAN,NDZ039,4566.76318359375,2022-09-28 13:41,,,,,False,,,,,,,202209271905-KFGF-WWUS73-NPWFGF,,2022
FGF,2022-09-28 07:00,2022-09-28 13:41,2022-09-27 19:05,202209281400,FR,C,Y,7,CAN,NDZ049,2232.352294921875,2022-09-28 13:41,,,,,False,,,,,,,202209271905-KFGF-WWUS73-NPWFGF,,2022
FGF,2022-09-27 07:00,2022-09-27 14:00,2022-09-26 19:33,202209271400,FR,C,Y,6,EXP,NDZ007,3903.01513671875,2022-09-27 14:06,,,,,False,,,,,,,202209261933-KFGF-WWUS73-NPWFGF,,2022
FGF,2022-09-27 07:00,2022-09-27 14:00,2022-09-26 19:33,202209271400,FR,C,Y,6,EXP,NDZ008,2894.832275390625,2022-09-27 14:06,,,,,False,,,,,,,202209261933-KFGF-WWUS73-NPWFGF,,2022
FGF,2022-09-27 07:00,2022-09-27 14:00,2022-09-26 19:33,202209271400,FR,C,Y,6,EXP,NDZ030,2228.492919921875,2022-09-27 14:06,,,,,False,,,,,,,202209261933-KFGF-WWUS73-NPWFGF,,2022
FGF,2022-09-27 07:00,2022-09-27 14:00,2022-09-26 19:33,202209271400,FR,C,Y,6,EXP,MNZ008,2415.881591796875,2022-09-27 14:06,,,,,False,,,,,,,202209261933-KFGF-WWUS73-NPWFGF,,2022
AFC,2022-09-24 11:37,2022-09-27 11:48,2022-09-24 11:37,202209250045,GL,C,W,496,CAN,PKZ411,218463.234375,2022-09-27 11:48,,,,,False,,,,,,,202209241137-PAFC-FZAK62-OFFALU,,2022
AFC,2022-09-28 23:43,2022-09-30 23:46,2022-09-28 23:43,202209291345,HF,C,W,8,CAN,PKZ411,218463.234375,2022-09-30 23:46,,,,,False,,,,,,,202209282343-PAFC-FZAK62-OFFALU,,2022
LOX,2022-09-26 17:00,2022-09-24 20:45,2022-09-23 20:12,202209290300,EH,C,A,6,UPG,CAZ087,196.9490966796875,2022-09-24 20:45,,,,,False,,,,,,,202209232012-KLOX-WWUS76-NPWLOX,MW,2022
LOX,2022-09-26 17:00,2022-09-24 20:45,2022-09-23 20:12,202209290300,EH,C,A,6,UPG,CAZ359,777.7288818359375,2022-09-24 20:45,,,,,False,,,,,,,202209232012-KLOX-WWUS76-NPWLOX,MW,2022
LOX,2022-09-27 19:00,2022-09-28 03:11,2022-09-27 09:32,202209280400,SC,C,Y,154,CAN,PZZ645,2280.40234375,2022-09-28 03:11,,,,,False,,,,,,,202209270932-KLOX-WHUS76-MWWLOX,,2022
LSX,2022-09-28 05:00,2022-09-28 13:00,2022-09-27 18:39,202209281300,FR,C,Y,5,EXP,ILZ095,2254.2548828125,2022-09-28 13:01,,,,,False,,,,,,,202209271839-KLSX-WWUS73-NPWLSX,MRM,2022
AFC,2022-09-24 11:45,2022-09-27 11:49,2022-09-24 11:45,202209250100,GL,C,W,527,CAN,PKZ178,140218.90625,2022-09-27 11:49,,,,,False,,,,,,,202209241145-PAFC-FZAK52-CWFALU,,2022
AFC,2022-09-24 23:28,2022-09-27 23:59,2022-09-24 23:28,202209251215,GL,C,W,528,CAN,PKZ175,47843.25,2022-09-27 23:59,,,,,False,,,,,,,202209242328-PAFC-FZAK52-CWFALU,,2022
AJK,2022-09-24 22:32,2022-09-26 06:00,2022-09-24 22:32,202209251645,SC,C,Y,447,EXT,PKZ041,29361.3359375,2022-09-25 11:47,,,,,False,,,,,,,202209242232-PAJK-FZAK52-CWFAEG,,2022
AJK,2022-09-25 11:47,2022-09-25 23:00,2022-09-25 11:47,202209260600,GL,C,W,178,CAN,PKZ052,18591.783203125,2022-09-25 23:00,,,,,False,,,,,,,202209251147-PAJK-FZAK52-CWFAEG,,2022
AFC,2022-09-24 23:28,2022-09-28 11:49,2022-09-24 23:28,202209251215,GL,C,W,528,CAN,PKZ176,49332.66015625,2022-09-28 11:49,,,,,False,,,,,,,202209242328-PAFC-FZAK52-CWFALU,,2022
AFG,2022-09-25 23:47,2022-09-27 12:07,2022-09-25 23:47,202209261430,SC,C,Y,149,CAN,PKZ240,34480.640625,2022-09-27 12:07,,,,,False,,,,,,,202209252347-PAFG-FZAK51-CWFNSB,Sep 22,2022
AFC,2022-09-25 23:33,2022-09-26 10:54,2022-09-25 23:33,202209261245,SC,C,Y,752,CAN,PKZ150,72996.140625,2022-09-26 10:54,,,,,False,,,,,,,202209252333-PAFC-FZAK52-CWFALU,,2022
AJK,2022-09-25 11:54,2022-09-27 03:00,2022-09-25 11:54,202209260315,SC,C,Y,450,EXT,PKZ034,2967.92578125,2022-09-26 11:54,,,,,False,,,,,,,202209251154-PAJK-FZAK51-CWFAJK,,2022
AJK,2022-09-25 11:54,2022-09-27 05:36,2022-09-25 11:54,202209260315,SC,C,Y,450,CAN,PKZ033,2327.51611328125,2022-09-27 05:36,,,,,False,,,,,,,202209251154-PAJK-FZAK51-CWFAJK,,2022
AFC,2022-09-25 23:33,2022-09-26 23:50,2022-09-25 23:33,202209261245,SC,C,Y,752,CAN,PKZ171,189.2704620361328,2022-09-26 23:50,,,,,False,,,,,,,202209252333-PAFC-FZAK52-CWFALU,,2022
AJK,2022-09-26 11:54,2022-09-27 05:36,2022-09-26 11:54,202209270300,SC,C,Y,454,CAN,PKZ034,2967.92578125,2022-09-27 05:36,,,,,False,,,,,,,202209261154-PAJK-FZAK51-CWFAJK,,2022
AJK,2022-09-24 22:32,2022-09-27 05:36,2022-09-24 22:32,202209251600,SC,C,Y,446,CAN,PKZ036,8764.7548828125,2022-09-27 05:36,,,,,False,,,,,,,202209242232-PAJK-FZAK51-CWFAJK,,2022
AJK,2022-09-26 23:06,2022-09-27 11:52,2022-09-26 23:06,202209271715,SC,C,Y,456,CAN,PKZ051,29210.953125,2022-09-27 11:52,,,,,False,,,,,,,202209262306-PAJK-FZAK52-CWFAEG,,2022
AJK,2022-09-26 23:06,2022-09-27 23:04,2022-09-26 23:06,202209271715,SC,C,Y,456,CAN,PKZ042,22797.310546875,2022-09-27 23:04,,,,,False,,,,,,,202209262306-PAJK-FZAK52-CWFAEG,,2022
AFC,2022-09-26 23:50,2022-09-27 23:59,2022-09-26 23:50,202209271245,SC,C,Y,754,CAN,PKZ185,198825.875,2022-09-27 23:59,,,,,False,,,,,,,202209262350-PAFC-FZAK52-CWFALU,,2022
AFC,2022-09-24 23:28,2022-09-27 23:59,2022-09-24 23:28,202209251215,GL,C,W,528,CAN,PKZ177,104266.921875,2022-09-27 23:59,,,,,False,,,,,,,202209242328-PAFC-FZAK52-CWFALU,,2022
AFC,2022-09-25 23:33,2022-09-28 11:49,2022-09-25 23:33,202209261245,GL,C,W,529,CAN,PKZ173,34095.15234375,2022-09-28 11:49,,,,,False,,,,,,,202209252333-PAFC-FZAK52-CWFALU,,2022
AFC,2022-09-27 23:59,2022-09-28 11:49,2022-09-27 23:59,202209281300,SC,C,Y,758,CAN,PKZ177,104266.921875,2022-09-28 11:49,,,,,False,,,,,,,202209272359-PAFC-FZAK52-CWFALU,,2022
AFC,2022-09-27 11:49,2022-09-28 11:49,2022-09-27 11:49,202209280030,SC,C,Y,756,CAN,PKZ178,140218.90625,2022-09-28 11:49,,,,,False,,,,,,,202209271149-PAFC-FZAK52-CWFALU,,2022
AJK,2022-09-28 11:35,2022-09-30 11:41,2022-09-28 11:35,202209290545,SC,C,Y,459,CAN,PKZ041,29361.3359375,2022-09-30 11:41,,,,,False,,,,,,,202209281135-PAJK-FZAK52-CWFAEG,,2022
AJK,2022-09-28 11:35,2022-09-30 11:41,2022-09-28 11:35,202209290545,SC,C,Y,459,CAN,PKZ042,22797.310546875,2022-09-30 11:41,,,,,False,,,,,,,202209281135-PAJK-FZAK52-CWFAEG,,2022
AFG,2022-09-27 21:29,2022-09-28 23:36,2022-09-27 21:29,202209281415,SC,C,Y,151,CAN,PKZ210,140415.796875,2022-09-28 23:36,,,,,False,,,,,,,202209272129-PAFG-FZAK52-CWFWCZ,Sep 22,2022
AFC,2022-09-27 11:57,2022-09-28 23:49,2022-09-27 11:57,202209280045,GL,C,W,534,CAN,PKZ138,11883.138671875,2022-09-28 23:49,,,,,False,,,,,,,202209271157-PAFC-FZAK51-CWFAER,,2022
AFC,2022-09-29 11:49,2022-10-02 11:50,2022-09-29 11:49,202209300045,SC,C,Y,763,CAN,PKZ119,36469.71484375,2022-10-02 11:50,,,,,False,,,,,,,202209291149-PAFC-FZAK51-CWFAER,,2022
AFC,2022-09-27 11:57,2022-09-29 11:49,2022-09-27 11:57,202209280045,GL,C,W,534,CAN,PKZ119,36469.71484375,2022-09-29 11:49,,,,,False,,,,,,,202209271157-PAFC-FZAK51-CWFAER,,2022
AFC,2022-09-27 11:57,2022-09-29 11:49,2022-09-27 11:57,202209280045,GL,C,W,534,CAN,PKZ120,20321.904296875,2022-09-29 11:49,,,,,False,,,,,,,202209271157-PAFC-FZAK51-CWFAER,,2022
AFC,2022-09-27 11:57,2022-09-29 11:49,2022-09-27 11:57,202209280045,SC,C,Y,757,CAN,PKZ127,27.025224685668945,2022-09-29 11:49,,,,,False,,,,,,,202209271157-PAFC-FZAK51-CWFAER,,2022
AFC,2022-09-28 11:59,2022-09-29 11:49,2022-09-28 11:59,202209290045,SC,C,Y,760,CAN,PKZ128,340.07928466796875,2022-09-29 11:49,,,,,False,,,,,,,202209281159-PAFC-FZAK51-CWFAER,,2022
AFC,2022-09-27 11:57,2022-09-29 11:49,2022-09-27 11:57,202209280045,SC,C,Y,757,CAN,PKZ129,38.35798645019531,2022-09-29 11:49,,,,,False,,,,,,,202209271157-PAFC-FZAK51-CWFAER,,2022
AFG,2022-09-27 21:29,2022-09-29 14:09,2022-09-27 21:29,202209281415,SC,C,Y,151,CAN,PKZ200,32158.341796875,2022-09-29 14:09,,,,,False,,,,,,,202209272129-PAFG-FZAK52-CWFWCZ,Sep 22,2022
AFG,2022-09-27 12:13,2022-09-29 14:09,2022-09-27 12:13,202209280200,SC,C,Y,150,CAN,PKZ201,9584.681640625,2022-09-29 14:09,,,,,False,,,,,,,202209271213-PAFG-FZAK52-CWFWCZ,SDB Sep 22,2022
AFG,2022-09-27 21:29,2022-09-29 14:09,2022-09-27 21:29,202209281415,SC,C,Y,151,CAN,PKZ215,11552.8359375,2022-09-29 14:09,,,,,False,,,,,,,202209272129-PAFG-FZAK52-CWFWCZ,Sep 22,2022
AFC,2022-09-29 12:05,2022-09-29 23:54,2022-09-29 12:05,202209300045,SR,C,W,98,CAN,PKZ175,47843.25,2022-09-29 23:54,,,,,False,,,,,,,202209291205-PAFC-FZAK52-CWFALU,,2022
AFC,2022-09-26 10:54,2022-09-29 23:54,2022-09-26 10:54,202209262330,GL,C,W,530,CAN,PKZ180,83577.7109375,2022-09-29 23:54,,,,,False,,,,,,,202209261054-PAFC-FZAK52-CWFALU,,2022
AFC,2022-09-28 11:49,2022-09-29 23:54,2022-09-28 11:49,202209290045,GL,C,W,537,CAN,PKZ181,32869.4921875,2022-09-29 23:54,,,,,False,,,,,,,202209281149-PAFC-FZAK52-CWFALU,,2022
AJK,2022-09-28 23:05,2022-09-30 11:44,2022-09-28 23:05,202209291500,SC,C,Y,461,CAN,PKZ031,3195.2919921875,2022-09-30 11:44,,,,,False,,,,,,,202209282305-PAJK-FZAK51-CWFAJK,,2022
AJK,2022-09-28 23:05,2022-09-30 11:44,2022-09-28 23:05,202209291500,SC,C,Y,461,CAN,PKZ032,2605.693115234375,2022-09-30 11:44,,,,,False,,,,,,,202209282305-PAJK-FZAK51-CWFAJK,,2022
AJK,2022-09-28 23:05,2022-09-30 11:44,2022-09-28 23:05,202209291500,SC,C,Y,461,CAN,PKZ033,2327.51611328125,2022-09-30 11:44,,,,,False,,,,,,,202209282305-PAJK-FZAK51-CWFAJK,,2022
AJK,2022-09-29 23:49,2022-10-01 11:42,2022-09-29 23:49,202209301800,GL,C,W,166,CAN,PKZ310,136020.21875,2022-10-01 11:42,,,,,False,,,,,,,202209292349-PAJK-FZAK67-OFFAJK,,2022
PSR,2022-09-25 00:15,2022-09-25 03:15,2022-09-25 00:15,202209250315,FF,C,W,305,CON,CAC071,52077.98046875,2022-09-25 01:16,00000,0,ER,OO,False,,,,,,,202209250015-KPSR-WGUS55-FFWPSR,GL,2022
PSR,2022-09-25 18:00,2022-09-28 05:41,2022-09-23 19:34,202209280600,EH,C,W,7,CAN,CAZ566,1873.1751708984375,2022-09-28 05:41,,,,,False,,,,,,,202209231934-KPSR-WWUS75-NPWPSR,,2022
PSR,2022-09-25 18:00,2022-09-28 05:41,2022-09-23 19:34,202209280600,EH,C,W,7,CAN,CAZ562,516.0173950195312,2022-09-28 05:41,,,,,False,,,,,,,202209231934-KPSR-WWUS75-NPWPSR,,2022
PSR,2022-09-25 18:00,2022-09-28 05:41,2022-09-23 19:34,202209280600,EH,C,W,7,CAN,CAZ567,2315.473388671875,2022-09-28 05:41,,,,,False,,,,,,,202209231934-KPSR-WWUS75-NPWPSR,,2022
PSR,2022-09-27 02:35,2022-09-27 03:15,2022-09-27 02:35,202209270315,DS,C,Y,119,NEW,AZC013,23901.330078125,2022-09-27 02:35,,,,,False,,,,,,,202209270235-KPSR-WWUS55-DSWPSR,GL,2022
PSR,2022-09-28 19:05,2022-09-28 23:15,2022-09-28 19:05,202209282315,FF,C,W,307,EXP,CAC065,18922.111328125,2022-09-28 23:08,00000,0,ER,OO,False,,,,,,,202209281905-KPSR-WGUS55-FFWPSR,,2022
PSR,2022-09-28 20:18,2022-09-29 00:08,2022-09-28 20:18,202209290030,FF,C,W,308,CAN,CAC065,18922.111328125,2022-09-29 00:08,00000,0,ER,OO,False,,,,,,,202209282018-KPSR-WGUS55-FFWPSR,,2022
PSR,2022-09-29 22:03,2022-09-30 01:15,2022-09-29 22:03,202209300115,FA,C,Y,206,NEW,AZC027,14301.1943359375,2022-09-29 22:03,00000,N,ER,OO,False,,,,,,,202209292203-KPSR-WGUS85-FLSPSR,Hirsch,2022
FSD,2022-09-25 18:00,2022-09-26 00:00,2022-09-25 17:16,202209260000,FW,C,W,19,EXP,IAZ002,1032.7216796875,2022-09-25 23:52,,,,,False,,,,,,,202209251716-KFSD-WWUS83-RFWFSD,Schumacher,2022
MQT,2022-09-28 04:00,2022-09-28 13:00,2022-09-27 19:30,202209281300,FZ,C,W,2,NEW,MIZ004,2370.072509765625,2022-09-27 19:30,,,,,False,,,,,,,202209271930-KMQT-WWUS73-NPWMQT,GS/JTP,2022
FSD,2022-09-25 18:00,2022-09-26 00:00,2022-09-25 07:46,202209260000,FW,C,W,19,EXP,NEZ014,691.4329833984375,2022-09-25 23:52,,,,,False,,,,,,,202209250746-KFSD-WWUS83-RFWFSD,,2022
FSD,2022-09-25 18:00,2022-09-26 00:00,2022-09-25 07:46,202209260000,FW,C,W,19,EXP,IAZ031,2268.911865234375,2022-09-25 23:52,,,,,False,,,,,,,202209250746-KFSD-WWUS83-RFWFSD,,2022
FSD,2022-09-25 18:00,2022-09-26 00:00,2022-09-25 07:46,202209260000,FW,C,W,19,EXP,IAZ020,2233.602783203125,2022-09-25 23:52,,,,,False,,,,,,,202209250746-KFSD-WWUS83-RFWFSD,,2022
FSD,2022-09-25 18:00,2022-09-26 00:00,2022-09-25 07:46,202209260000,FW,C,W,19,EXP,SDZ068,1502.986328125,2022-09-25 23:52,,,,,False,,,,,,,202209250746-KFSD-WWUS83-RFWFSD,,2022
FSD,2022-09-25 18:00,2022-09-26 00:00,2022-09-25 07:46,202209260000,FW,C,W,19,EXP,SDZ038,3269.105712890625,2022-09-25 23:52,,,,,False,,,,,,,202209250746-KFSD-WWUS83-RFWFSD,,2022
MQT,2022-09-28 04:00,2022-09-28 13:00,2022-09-27 19:30,202209281300,FR,C,Y,3,NEW,MIZ011,2010.1094970703125,2022-09-27 19:30,,,,,False,,,,,,,202209271930-KMQT-WWUS73-NPWMQT,GS/JTP,2022
FSD,2022-09-28 06:00,2022-09-28 13:00,2022-09-27 19:31,202209281300,FR,C,Y,2,EXP,SDZ055,1486.412109375,2022-09-28 12:57,,,,,False,,,,,,,202209271931-KFSD-WWUS73-NPWFSD,,2022
FSD,2022-09-28 06:00,2022-09-28 13:00,2022-09-27 19:31,202209281300,FR,C,Y,2,EXP,IAZ031,2268.911865234375,2022-09-28 12:57,,,,,False,,,,,,,202209271931-KFSD-WWUS73-NPWFSD,,2022
MQT,2022-09-28 04:00,2022-09-28 13:00,2022-09-27 19:30,202209281300,FZ,C,W,2,NEW,MIZ084,948.1891479492188,2022-09-27 19:30,,,,,False,,,,,,,202209271930-KMQT-WWUS73-NPWMQT,GS/JTP,2022
MQT,2022-09-28 04:00,2022-09-28 13:00,2022-09-27 19:30,202209281300,FZ,C,W,2,NEW,MIZ010,3128.628662109375,2022-09-27 19:30,,,,,False,,,,,,,202209271930-KMQT-WWUS73-NPWMQT,GS/JTP,2022
MQT,2022-09-29 04:00,2022-09-29 13:00,2022-09-28 18:49,202209291300,FR,C,Y,4,NEW,MIZ009,2955.343017578125,2022-09-28 18:49,,,,,False,,,,,,,202209281849-KMQT-WWUS73-NPWMQT,,2022
MQT,2022-09-29 04:00,2022-09-29 13:00,2022-09-28 18:49,202209291300,FZ,C,W,3,NEW,MIZ013,3048.82373046875,2022-09-28 18:49,,,,,False,,,,,,,202209281849-KMQT-WWUS73-NPWMQT,,2022
MQT,2022-09-29 04:00,2022-09-29 13:00,2022-09-28 18:49,202209291300,FZ,C,W,3,NEW,MIZ014,1533.9283447265625,2022-09-28 18:49,,,,,False,,,,,,,202209281849-KMQT-WWUS73-NPWMQT,,2022
REV,2022-09-28 20:00,2022-09-29 03:00,2022-09-27 16:56,202209290300,FW,C,W,5,NEW,NVZ458,10660.474609375,2022-09-27 16:56,,,,,False,,,,,,,202209271656-KREV-WWUS85-RFWREV,http://weather.gov/reno,2022
MQT,2022-09-29 04:00,2022-09-29 13:00,2022-09-28 18:49,202209291300,FZ,C,W,3,NEW,MIZ011,2010.1094970703125,2022-09-28 18:49,,,,,False,,,,,,,202209281849-KMQT-WWUS73-NPWMQT,,2022
OAX,2022-09-24 07:31,2022-09-24 13:16,2022-09-24 07:31,202209241400,FG,C,Y,7,CAN,NEZ067,1464.551025390625,2022-09-24 13:16,,,,,False,,,,,,,202209240731-KOAX-WWUS73-NPWOAX,,2022
MFL,2022-09-26 21:15,2022-09-26 23:15,2022-09-26 21:15,202209262315,FA,C,Y,233,NEW,FLC011,3161.671630859375,2022-09-26 21:15,00000,N,ER,OO,False,,,,,,,202209262115-KMFL-WGUS82-FLSMFL,BAXTER,2022
MFL,2022-09-26 21:15,2022-09-26 23:15,2022-09-26 21:15,202209262315,FA,C,Y,233,NEW,FLC086,5094.58447265625,2022-09-26 21:15,00000,N,ER,OO,False,,,,,,,202209262115-KMFL-WGUS82-FLSMFL,BAXTER,2022
MPX,2022-09-27 09:00,2022-09-27 13:00,2022-09-26 19:23,202209271300,FR,C,Y,3,CON,WIZ027,2690.918701171875,2022-09-27 08:06,,,,,False,,,,,,,202209261923-KMPX-WWUS73-NPWMPX,,2022
MPX,2022-09-27 09:00,2022-09-27 08:06,2022-09-26 19:23,202209271300,FR,C,Y,3,CAN,WIZ023,1901.312744140625,2022-09-27 08:06,,,,,False,,,,,,,202209261923-KMPX-WWUS73-NPWMPX,,2022
MPX,2022-09-28 05:00,2022-09-28 13:00,2022-09-27 19:19,202209281300,FZ,C,W,1,CON,WIZ024,1528.8721923828125,2022-09-28 09:31,,,,,False,,,,,,,202209271919-KMPX-WWUS73-NPWMPX,jrb,2022
OAX,2022-09-28 05:00,2022-09-28 13:00,2022-09-27 18:51,202209281300,FR,C,Y,2,EXP,IAZ055,1812.685302734375,2022-09-28 12:57,,,,,False,,,,,,,202209271851-KOAX-WWUS73-NPWOAX,,2022
OAX,2022-09-28 05:00,2022-09-28 13:00,2022-09-27 18:51,202209281300,FR,C,Y,2,EXP,NEZ034,1285.4111328125,2022-09-28 12:57,,,,,False,,,,,,,202209271851-KOAX-WWUS73-NPWOAX,,2022
FWD,2022-09-25 21:18,2022-09-25 22:00,2022-09-25 21:18,202209252200,SV,C,W,217,EXP,TXC113,2354.464599609375,2022-09-25 21:56,,,,,False,,,,,,,202209252118-KFWD-WUUS54-SVRFWD,30,2022
RAH,2022-09-29 15:07,2022-10-01 03:00,2022-09-29 15:07,202210201507,TR,C,W,1009,CAN,NCZ084,1242.201904296875,2022-10-01 03:00,,,,,False,,,,,,,202209291507-KRAH-WTUS82-TCVRAH,,2022
RAH,2022-09-29 15:07,2022-10-01 03:00,2022-09-29 15:07,202210201507,TR,C,W,1009,CAN,NCZ027,1405.3992919921875,2022-10-01 03:00,,,,,False,,,,,,,202209291507-KRAH-WTUS82-TCVRAH,,2022
RAH,2022-09-29 15:07,2022-10-01 03:23,2022-09-29 15:07,202210201507,TR,C,W,1009,CAN,NCZ041,2219.683837890625,2022-10-01 03:23,,,,,False,,,,,,,202209291507-KRAH-WTUS82-TCVRAH,,2022
RAH,2022-09-29 15:07,2022-10-01 03:23,2022-09-29 15:07,202210201507,TR,C,W,1009,CAN,NCZ076,671.5225219726562,2022-10-01 03:23,,,,,False,,,,,,,202209291507-KRAH-WTUS82-TCVRAH,,2022
RAH,2022-09-29 15:07,2022-10-01 03:23,2022-09-29 15:07,202210201507,TR,C,W,1009,CAN,NCZ021,1069.2520751953125,2022-10-01 03:23,,,,,False,,,,,,,202209291507-KRAH-WTUS82-TCVRAH,,2022
RAH,2022-09-29 15:07,2022-10-01 03:00,2022-09-29 15:07,202210201507,TR,C,W,1009,CAN,NCZ086,1016.34619140625,2022-10-01 03:00,,,,,False,,,,,,,202209291507-KRAH-WTUS82-TCVRAH,,2022
RAH,2022-09-29 15:07,2022-10-01 03:00,2022-09-29 15:07,202210201507,TR,C,W,1009,CAN,NCZ042,2061.445556640625,2022-10-01 03:00,,,,,False,,,,,,,202209291507-KRAH-WTUS82-TCVRAH,,2022
RAH,2022-09-29 15:07,2022-10-01 03:00,2022-09-29 15:07,202210201507,TR,C,W,1009,CAN,NCZ026,1280.78271484375,2022-10-01 03:00,,,,,False,,,,,,,202209291507-KRAH-WTUS82-TCVRAH,,2022
RAH,2022-09-29 15:07,2022-10-01 03:23,2022-09-29 15:07,202210201507,TR,C,W,1009,CAN,NCZ023,1125.8494873046875,2022-10-01 03:23,,,,,False,,,,,,,202209291507-KRAH-WTUS82-TCVRAH,,2022
LWX,2022-09-25 22:01,2022-09-25 23:00,2022-09-25 22:01,202209252300,MA,C,W,259,CON,ANZ543,775.6605224609375,2022-09-25 22:37,,,,,False,,,,,,,202209252201-KLWX-WHUS51-SMWLWX,KR,2022
LWX,2022-09-25 22:01,2022-09-25 22:37,2022-09-25 22:01,202209252300,MA,C,W,259,CAN,ANZ537,519.6334228515625,2022-09-25 22:37,,,,,False,,,,,,,202209252201-KLWX-WHUS51-SMWLWX,KR,2022
JAN,2022-09-28 14:00,2022-09-29 01:00,2022-09-27 19:22,202209290100,FW,C,W,3,CON,LAZ015,1463.833984375,2022-09-28 09:11,,,,,False,,,,,,,202209271922-KJAN-WWUS84-RFWJAN,CR,2022
LWX,2022-09-28 22:00,2022-10-01 00:00,2022-09-28 05:27,202209292200,SC,C,Y,189,CON,ANZ542,44.32318115234375,2022-09-30 22:42,,,,,False,,,,,,,202209280527-KLWX-WHUS71-MWWLWX,,2022
JAN,2022-09-28 14:00,2022-09-29 01:00,2022-09-27 19:22,202209290100,FW,C,W,3,CON,MSZ018,2346.907470703125,2022-09-28 09:11,,,,,False,,,,,,,202209271922-KJAN-WWUS84-RFWJAN,CR,2022
JAN,2022-09-28 14:00,2022-09-29 01:00,2022-09-27 19:22,202209290100,FW,C,W,3,CON,MSZ060,1260.5550537109375,2022-09-28 09:11,,,,,False,,,,,,,202209271922-KJAN-WWUS84-RFWJAN,CR,2022
MFL,2022-09-28 01:29,2022-09-28 02:00,2022-09-28 01:29,202209280200,TO,C,W,43,EXP,FLC099,5142.36865234375,2022-09-28 01:54,,,,,False,,,,,,,202209280129-KMFL-WFUS52-TORMFL,ATV,2022
LWX,2022-09-28 22:00,2022-09-30 10:00,2022-09-28 05:27,202209292200,SC,C,Y,189,EXT,ANZ534,998.7154541015625,2022-09-30 09:25,,,,,False,,,,,,,202209280527-KLWX-WHUS71-MWWLWX,,2022
LWX,2022-09-28 22:00,2022-09-29 18:00,2022-09-28 05:27,202209291800,SC,C,Y,189,CON,ANZ538,65.48129272460938,2022-09-29 16:45,,,,,False,,,,,,,202209280527-KLWX-WHUS71-MWWLWX,,2022
JAN,2022-09-28 14:00,2022-09-29 01:00,2022-09-27 19:22,202209290100,FW,C,W,3,CON,MSZ036,1979.8267822265625,2022-09-28 09:11,,,,,False,,,,,,,202209271922-KJAN-WWUS84-RFWJAN,CR,2022
LWX,2022-09-28 22:00,2022-09-29 18:00,2022-09-28 05:27,202209291800,SC,C,Y,189,CON,ANZ531,468.4309387207031,2022-09-29 16:45,,,,,False,,,,,,,202209280527-KLWX-WHUS71-MWWLWX,,2022
LWX,2022-09-28 22:00,2022-09-29 18:00,2022-09-28 21:44,202209291800,SC,C,Y,189,CON,ANZ535,58.30635070800781,2022-09-29 16:45,,,,,False,,,,,,,202209282144-KLWX-WHUS71-MWWLWX,,2022
JAN,2022-09-28 14:00,2022-09-29 01:00,2022-09-27 19:22,202209290100,FW,C,W,3,CON,MSZ053,1298.958251953125,2022-09-28 09:11,,,,,False,,,,,,,202209271922-KJAN-WWUS84-RFWJAN,CR,2022
JAN,2022-09-28 14:00,2022-09-29 01:00,2022-09-27 19:22,202209290100,FW,C,W,3,CON,MSZ073,1297.3909912109375,2022-09-28 09:11,,,,,False,,,,,,,202209271922-KJAN-WWUS84-RFWJAN,CR,2022
JAN,2022-09-28 14:00,2022-09-29 01:00,2022-09-27 19:22,202209290100,FW,C,W,3,CON,MSZ035,1117.198486328125,2022-09-28 09:11,,,,,False,,,,,,,202209271922-KJAN-WWUS84-RFWJAN,CR,2022
JAN,2022-09-28 14:00,2022-09-29 01:00,2022-09-27 19:22,202209290100,FW,C,W,3,CON,MSZ033,1196.812744140625,2022-09-28 09:11,,,,,False,,,,,,,202209271922-KJAN-WWUS84-RFWJAN,CR,2022
GGW,2022-09-24 15:00,2022-09-25 00:00,2022-09-24 08:09,202209250000,LW,C,Y,42,EXP,MTZ021,4323.49267578125,2022-09-24 23:47,,,,,False,,,,,,,202209240809-KGGW-WWUS75-NPWGGW,,2022
GGW,2022-09-24 15:00,2022-09-25 00:00,2022-09-24 08:09,202209250000,LW,C,Y,42,EXP,MTZ022,12520.0078125,2022-09-24 23:47,,,,,False,,,,,,,202209240809-KGGW-WWUS75-NPWGGW,,2022
APX,2022-09-29 04:00,2022-09-28 06:46,2022-09-27 19:21,202209291300,FZ,C,A,1,UPG,MIZ023,1453.437744140625,2022-09-28 06:46,,,,,False,,,,,,,202209271921-KAPX-WWUS73-NPWAPX,FEF,2022
JAN,2022-09-28 14:00,2022-09-29 01:00,2022-09-27 19:22,202209290100,FW,C,W,3,CON,MSZ047,1603.6744384765625,2022-09-28 09:11,,,,,False,,,,,,,202209271922-KJAN-WWUS84-RFWJAN,CR,2022
BUF,2022-09-26 20:16,2022-09-26 20:50,2022-09-26 20:16,202209262100,MA,C,W,109,CAN,LOZ065,519.845458984375,2022-09-26 20:50,,,,,False,,,,,,,202209262016-KBUF-WHUS51-SMWBUF,Mitchell,2022
JAN,2022-09-28 14:00,2022-09-29 01:00,2022-09-27 19:22,202209290100,FW,C,W,3,CON,MSZ029,1096.964599609375,2022-09-28 09:11,,,,,False,,,,,,,202209271922-KJAN-WWUS84-RFWJAN,CR,2022
JAN,2022-09-28 14:00,2022-09-29 01:00,2022-09-27 19:22,202209290100,FW,C,W,3,CON,MSZ040,1143.7105712890625,2022-09-28 09:11,,,,,False,,,,,,,202209271922-KJAN-WWUS84-RFWJAN,CR,2022
JAN,2022-09-28 14:00,2022-09-29 01:00,2022-09-27 19:22,202209290100,FW,C,W,3,CON,MSZ027,1643.7578125,2022-09-28 09:11,,,,,False,,,,,,,202209271922-KJAN-WWUS84-RFWJAN,CR,2022
JAN,2022-09-28 14:00,2022-09-29 01:00,2022-09-27 19:22,202209290100,FW,C,W,3,CON,LAZ009,1146.6854248046875,2022-09-28 09:11,,,,,False,,,,,,,202209271922-KJAN-WWUS84-RFWJAN,CR,2022
OKX,2022-09-26 01:56,2022-09-26 03:50,2022-09-26 01:56,202209260500,FF,C,W,29,CAN,NJC013,332.50384521484375,2022-09-26 03:50,00000,0,ER,OO,False,,,,,,,202209260156-KOKX-WGUS51-FFWOKX,12,2022
APX,2022-09-29 04:00,2022-09-28 06:46,2022-09-27 19:21,202209291300,FZ,C,A,1,UPG,MIZ016,1247.5040283203125,2022-09-28 06:46,,,,,False,,,,,,,202209271921-KAPX-WWUS73-NPWAPX,FEF,2022
MRX,2022-09-25 22:23,2022-09-25 23:00,2022-09-25 22:23,202209252300,SV,C,W,184,NEW,TNC019,900.3663330078125,2022-09-25 22:23,,,,,False,,,,,,,202209252223-KMRX-WUUS54-SVRMRX,BW,2022
MRX,2022-09-25 22:54,2022-09-25 23:32,2022-09-25 22:54,202209252345,SV,C,W,185,CAN,TNC163,1112.9747314453125,2022-09-25 23:32,,,,,False,,,,,,,202209252254-KMRX-WUUS54-SVRMRX,KRS,2022
MRX,2022-09-25 22:54,2022-09-25 23:32,2022-09-25 22:54,202209252345,SV,C,W,185,CAN,TNC179,853.38916015625,2022-09-25 23:32,,,,,False,,,,,,,202209252254-KMRX-WUUS54-SVRMRX,KRS,2022
MRX,2022-09-25 22:54,2022-09-25 23:32,2022-09-25 22:54,202209252345,SV,C,W,185,CAN,VAC520,34.19453430175781,2022-09-25 23:32,,,,,False,,,,,,,202209252254-KMRX-WUUS54-SVRMRX,KRS,2022
MRX,2022-09-25 22:54,2022-09-25 23:32,2022-09-25 22:54,202209252345,SV,C,W,185,CAN,TNC171,482.96710205078125,2022-09-25 23:32,,,,,False,,,,,,,202209252254-KMRX-WUUS54-SVRMRX,KRS,2022
APX,2022-09-29 04:00,2022-09-28 06:46,2022-09-27 19:21,202209291300,FZ,C,A,1,UPG,MIZ017,2060.214111328125,2022-09-28 06:46,,,,,False,,,,,,,202209271921-KAPX-WWUS73-NPWAPX,FEF,2022
LWX,2022-09-25 14:58,2022-09-25 15:34,2022-09-25 14:58,202209251545,SV,C,W,405,CAN,MDC001,1111.984619140625,2022-09-25 15:34,,,,,False,,,,,,,202209251458-KLWX-WUUS51-SVRLWX,Belak,2022
LWX,2022-09-25 15:40,2022-09-25 19:17,2022-09-25 15:40,202209252300,SV,C,A,543,CAN,VAC660,45.40132522583008,2022-09-25 19:17,,,,,False,,,,,,,202209251540-KLWX-WWUS61-WCNLWX,,2022
LWX,2022-09-25 15:20,2022-09-25 16:00,2022-09-25 15:20,202209251600,SV,C,W,406,EXP,WVC027,1667.88037109375,2022-09-25 15:59,,,,,False,,,,,,,202209251520-KLWX-WUUS51-SVRLWX,Belak,2022
LWX,2022-09-25 15:40,2022-09-25 19:55,2022-09-25 15:40,202209252300,SV,C,A,543,CAN,VAC079,406.3062744140625,2022-09-25 19:55,,,,,False,,,,,,,202209251540-KLWX-WWUS61-WCNLWX,,2022
LWX,2022-09-25 15:40,2022-09-25 20:26,2022-09-25 15:40,202209252300,SV,C,A,543,CAN,VAC059,1028.5794677734375,2022-09-25 20:26,,,,,False,,,,,,,202209251540-KLWX-WWUS61-WCNLWX,,2022
LWX,2022-09-25 15:40,2022-09-25 20:26,2022-09-25 15:40,202209252300,SV,C,A,543,CAN,VAC013,67.82950592041016,2022-09-25 20:26,,,,,False,,,,,,,202209251540-KLWX-WWUS61-WCNLWX,,2022
LWX,2022-09-25 15:40,2022-09-25 19:55,2022-09-25 15:40,202209252300,SV,C,A,543,CAN,MDC031,1312.1580810546875,2022-09-25 19:55,,,,,False,,,,,,,202209251540-KLWX-WWUS61-WCNLWX,,2022
LWX,2022-09-25 15:40,2022-09-25 19:55,2022-09-25 15:40,202209252300,SV,C,A,543,CAN,VAC540,26.526344299316406,2022-09-25 19:55,,,,,False,,,,,,,202209251540-KLWX-WWUS61-WCNLWX,,2022
LWX,2022-09-25 15:40,2022-09-25 19:55,2022-09-25 15:40,202209252300,SV,C,A,543,CAN,MDC510,209.75396728515625,2022-09-25 19:55,,,,,False,,,,,,,202209251540-KLWX-WWUS61-WCNLWX,,2022
LWX,2022-09-25 15:40,2022-09-25 19:55,2022-09-25 15:40,202209252300,SV,C,A,543,CAN,MDC005,1572.537353515625,2022-09-25 19:55,,,,,False,,,,,,,202209251540-KLWX-WWUS61-WCNLWX,,2022
LWX,2022-09-25 15:40,2022-09-25 21:15,2022-09-25 15:40,202209252300,SV,C,A,543,CAN,MDC003,1106.1640625,2022-09-25 21:15,,,,,False,,,,,,,202209251540-KLWX-WWUS61-WCNLWX,,2022
PIH,2022-09-29 20:48,2022-09-29 21:25,2022-09-29 20:48,202209292145,SV,C,W,58,CAN,IDC019,4913.37353515625,2022-09-29 21:25,,,,,False,,,,,,,202209292048-KPIH-WUUS55-SVRPIH,Huston,2022
LSX,2022-09-24 08:02,2022-09-24 14:00,2022-09-24 08:02,202209241400,FG,C,Y,5,EXP,MOZ026,1299.947021484375,2022-09-24 14:03,,,,,False,,,,,,,202209240802-KLSX-WWUS73-NPWLSX,Carney,2022
AJK,2022-09-24 11:38,2022-09-25 16:00,2022-09-24 11:38,202209250230,SC,C,Y,445,EXT,PKZ036,8764.7548828125,2022-09-24 22:32,,,,,False,,,,,,,202209241138-PAJK-FZAK51-CWFAJK,,2022
AJK,2022-09-24 22:32,2022-09-25 11:47,2022-09-24 22:32,202209251645,SC,C,Y,447,CAN,PKZ042,22797.310546875,2022-09-25 11:47,,,,,False,,,,,,,202209242232-PAJK-FZAK52-CWFAEG,,2022
AFC,2022-09-25 11:38,2022-09-27 11:49,2022-09-25 11:38,202209260045,SC,C,Y,750,CAN,PKZ165,55624.68359375,2022-09-27 11:49,,,,,False,,,,,,,202209251138-PAFC-FZAK52-CWFALU,,2022
AJK,2022-09-25 11:47,2022-09-26 23:06,2022-09-25 11:47,202209260600,GL,C,W,178,CAN,PKZ042,22797.310546875,2022-09-26 23:06,,,,,False,,,,,,,202209251147-PAJK-FZAK52-CWFAEG,,2022
AJK,2022-09-25 11:47,2022-09-27 23:04,2022-09-25 11:47,202209260600,SC,C,Y,448,CAN,PKZ041,29361.3359375,2022-09-27 23:04,,,,,False,,,,,,,202209251147-PAJK-FZAK52-CWFAEG,,2022
AJK,2022-09-25 23:00,2022-09-27 05:36,2022-09-25 23:00,202209261500,GL,C,W,180,CAN,PKZ012,665.2103271484375,2022-09-27 05:36,,,,,False,,,,,,,202209252300-PAJK-FZAK51-CWFAJK,,2022
AFC,2022-09-26 10:54,2022-09-28 11:49,2022-09-26 10:54,202209262330,GL,C,W,530,CAN,PKZ150,72996.140625,2022-09-28 11:49,,,,,False,,,,,,,202209261054-PAFC-FZAK52-CWFALU,,2022
AJK,2022-09-26 11:54,2022-09-26 23:06,2022-09-26 11:54,202209270300,GL,C,W,181,CAN,PKZ022,501.8485412597656,2022-09-26 23:06,,,,,False,,,,,,,202209261154-PAJK-FZAK51-CWFAJK,,2022
AJK,2022-09-25 11:54,2022-09-26 23:06,2022-09-25 11:54,202209260315,SC,C,Y,450,CAN,PKZ021,1369.308349609375,2022-09-26 23:06,,,,,False,,,,,,,202209251154-PAJK-FZAK51-CWFAJK,,2022
AFC,2022-09-26 11:59,2022-09-27 00:01,2022-09-26 11:59,202209270045,SC,C,Y,753,CAN,PKZ130,8020.56103515625,2022-09-27 00:01,,,,,False,,,,,,,202209261159-PAFC-FZAK51-CWFAER,,2022
AFC,2022-09-26 11:59,2022-09-27 00:01,2022-09-26 11:59,202209270045,SC,C,Y,753,CAN,PKZ132,34437.03515625,2022-09-27 00:01,,,,,False,,,,,,,202209261159-PAFC-FZAK51-CWFAER,,2022
AFC,2022-09-26 11:59,2022-09-27 00:01,2022-09-26 11:59,202209270045,SC,C,Y,753,CAN,PKZ136,326.269287109375,2022-09-27 00:01,,,,,False,,,,,,,202209261159-PAFC-FZAK51-CWFAER,,2022
AJK,2022-09-25 11:54,2022-09-27 05:36,2022-09-25 11:54,202209260315,SC,C,Y,450,CAN,PKZ013,720.4254760742188,2022-09-27 05:36,,,,,False,,,,,,,202209251154-PAJK-FZAK51-CWFAJK,,2022
AJK,2022-09-27 08:25,2022-09-27 11:51,2022-09-27 08:25,202209271445,SC,C,Y,457,CAN,PKZ036,8764.7548828125,2022-09-27 11:51,,,,,False,,,,,,,202209270825-PAJK-FZAK51-CWFAJK,,2022
AFC,2022-09-26 10:54,2022-09-28 11:49,2022-09-26 10:54,202209262330,GL,C,W,530,CAN,PKZ174,34616.734375,2022-09-28 11:49,,,,,False,,,,,,,202209261054-PAFC-FZAK52-CWFALU,,2022
AFC,2022-09-27 23:59,2022-09-28 23:56,2022-09-27 23:59,202209281300,SC,C,Y,758,CAN,PKZ175,47843.25,2022-09-28 23:56,,,,,False,,,,,,,202209272359-PAFC-FZAK52-CWFALU,,2022
AJK,2022-09-27 23:04,2022-09-28 11:35,2022-09-27 23:04,202209281715,SC,C,Y,458,CAN,PKZ052,18591.783203125,2022-09-28 11:35,,,,,False,,,,,,,202209272304-PAJK-FZAK52-CWFAEG,,2022
AFC,2022-09-28 11:49,2022-10-01 13:00,2022-09-28 11:49,202209290045,SC,C,Y,759,EXT,PKZ150,72996.140625,2022-10-01 11:58,,,,,False,,,,,,,202209281149-PAFC-FZAK52-CWFALU,,2022
AFC,2022-09-27 23:55,2022-09-29 11:49,2022-09-27 23:55,202209281315,GL,C,W,535,CAN,PKZ125,8507.2763671875,2022-09-29 11:49,,,,,False,,,,,,,202209272355-PAFC-FZAK51-CWFAER,,2022
AJK,2022-09-28 23:05,2022-09-30 11:44,2022-09-28 23:05,202209291500,SC,C,Y,461,CAN,PKZ022,501.8485412597656,2022-09-30 11:44,,,,,False,,,,,,,202209282305-PAJK-FZAK51-CWFAJK,,2022
AFC,2022-09-27 11:57,2022-09-28 23:49,2022-09-27 11:57,202209280045,SR,C,W,96,CAN,PKZ130,8020.56103515625,2022-09-28 23:49,,,,,False,,,,,,,202209271157-PAFC-FZAK51-CWFAER,,2022
AFC,2022-09-28 11:49,2022-09-28 23:56,2022-09-28 11:49,202209290045,SR,C,W,97,CAN,PKZ178,140218.90625,2022-09-28 23:56,,,,,False,,,,,,,202209281149-PAFC-FZAK52-CWFALU,,2022
AJK,2022-09-28 11:36,2022-09-29 23:49,2022-09-28 11:36,202209290545,SC,C,Y,460,CAN,PKZ053,1160.1375732421875,2022-09-29 23:49,,,,,False,,,,,,,202209281136-PAJK-FZAK53-CWFYAK,,2022
AJK,2022-09-29 11:46,2022-09-30 11:44,2022-09-29 11:46,202209300330,SC,C,Y,462,CAN,PKZ012,665.2103271484375,2022-09-30 11:44,,,,,False,,,,,,,202209291146-PAJK-FZAK51-CWFAJK,,2022
AFG,2022-09-28 12:34,2022-09-30 13:42,2022-09-28 12:34,202209290200,SC,C,Y,153,CAN,PKZ220,47887.265625,2022-09-30 13:42,,,,,False,,,,,,,202209281234-PAFG-FZAK52-CWFWCZ,SDB Sep 22,2022
AFG,2022-09-28 12:29,2022-09-29 22:43,2022-09-28 12:29,202209290200,SC,C,Y,152,CAN,PKZ225,30336.4375,2022-09-29 22:43,,,,,False,,,,,,,202209281229-PAFG-FZAK51-CWFNSB,SDB Sep 22,2022
AFG,2022-09-29 14:09,2022-09-29 22:43,2022-09-29 14:09,202209300230,GL,C,W,85,CAN,PKZ201,9584.681640625,2022-09-29 22:43,,,,,False,,,,,,,202209291409-PAFG-FZAK52-CWFWCZ,Sep 22,2022
AFG,2022-09-28 23:36,2022-09-29 22:43,2022-09-28 23:36,202209291445,GL,C,W,84,CAN,PKZ210,140415.796875,2022-09-29 22:43,,,,,False,,,,,,,202209282336-PAFG-FZAK52-CWFWCZ,Sep 22,2022
AFG,2022-09-28 12:29,2022-09-30 13:39,2022-09-28 12:29,202209290200,SC,C,Y,152,CAN,PKZ240,34480.640625,2022-09-30 13:39,,,,,False,,,,,,,202209281229-PAFG-FZAK51-CWFNSB,SDB Sep 22,2022
AJK,2022-09-28 23:05,2022-10-01 00:22,2022-09-28 23:05,202209291500,SC,C,Y,461,CAN,PKZ035,2540.43310546875,2022-10-01 00:22,,,,,False,,,,,,,202209282305-PAJK-FZAK51-CWFAJK,,2022
AFC,2022-09-29 11:49,2022-10-02 11:50,2022-09-29 11:49,202209300045,SC,C,Y,763,CAN,PKZ120,20321.904296875,2022-10-02 11:50,,,,,False,,,,,,,202209291149-PAFC-FZAK51-CWFAER,,2022
AFC,2022-09-27 11:49,2022-09-30 11:58,2022-09-27 11:49,202209280030,GL,C,W,533,CAN,PKZ155,92342.671875,2022-09-30 11:58,,,,,False,,,,,,,202209271149-PAFC-FZAK52-CWFALU,,2022
AFC,2022-09-27 11:49,2022-09-30 11:58,2022-09-27 11:49,202209280030,GL,C,W,533,CAN,PKZ165,55624.68359375,2022-09-30 11:58,,,,,False,,,,,,,202209271149-PAFC-FZAK52-CWFALU,,2022
AFC,2022-09-28 23:43,2022-10-02 00:00,2022-09-28 23:43,202209291345,SR,C,W,87,CAN,PKZ413,172662.0,2022-10-02 00:00,,,,,False,,,,,,,202209282343-PAFC-FZAK62-OFFALU,,2022
PSR,2022-09-24 00:45,2022-09-24 01:30,2022-09-24 00:45,202209240130,SV,C,W,239,EXP,AZC013,23901.330078125,2022-09-24 01:27,,,,,False,,,,,,,202209240045-KPSR-WUUS55-SVRPSR,GL,2022
AJK,2022-09-29 11:46,2022-10-01 00:22,2022-09-29 11:46,202209300330,SC,C,Y,462,CAN,PKZ036,8764.7548828125,2022-10-01 00:22,,,,,False,,,,,,,202209291146-PAJK-FZAK51-CWFAJK,,2022
AFC,2022-09-28 23:56,2022-10-01 13:00,2022-09-28 23:56,202209291300,GL,C,W,539,EXT,PKZ173,34095.15234375,2022-10-01 11:58,,,,,False,,,,,,,202209282356-PAFC-FZAK52-CWFALU,,2022
AFC,2022-09-29 23:54,2022-10-01 13:00,2022-09-29 23:54,202209301230,GL,C,W,540,EXT,PKZ175,47843.25,2022-10-01 11:58,,,,,False,,,,,,,202209292354-PAFC-FZAK52-CWFALU,,2022
AFC,2022-09-28 23:49,2022-10-03 11:44,2022-09-28 23:49,202209291300,SC,C,Y,761,CAN,PKZ131,22653.3359375,2022-10-03 11:44,,,,,False,,,,,,,202209282349-PAFC-FZAK51-CWFAER,,2022
MQT,2022-09-25 17:00,2022-09-28 02:00,2022-09-24 08:46,202209261200,SC,C,Y,146,EXP,LSZ240,276.0809326171875,2022-09-28 01:55,,,,,False,,,,,,,202209240846-KMQT-WHUS73-MWWMQT,,2022
FSD,2022-09-25 18:00,2022-09-26 00:00,2022-09-25 07:46,202209260000,FW,C,W,19,EXP,SDZ071,1207.935302734375,2022-09-25 23:52,,,,,False,,,,,,,202209250746-KFSD-WWUS83-RFWFSD,,2022
FSD,2022-09-25 18:00,2022-09-26 00:00,2022-09-25 07:46,202209260000,FW,C,W,19,EXP,NEZ013,1248.0672607421875,2022-09-25 23:52,,,,,False,,,,,,,202209250746-KFSD-WWUS83-RFWFSD,,2022
FSD,2022-09-25 18:00,2022-09-26 00:00,2022-09-25 07:46,202209260000,FW,C,W,19,EXP,IAZ021,1492.850830078125,2022-09-25 23:52,,,,,False,,,,,,,202209250746-KFSD-WWUS83-RFWFSD,,2022
FSD,2022-09-25 18:00,2022-09-26 00:00,2022-09-25 07:46,202209260000,FW,C,W,19,EXP,SDZ052,1376.6329345703125,2022-09-25 23:52,,,,,False,,,,,,,202209250746-KFSD-WWUS83-RFWFSD,,2022
FSD,2022-09-25 18:00,2022-09-26 00:00,2022-09-25 07:46,202209260000,FW,C,W,19,EXP,SDZ064,1122.3775634765625,2022-09-25 23:52,,,,,False,,,,,,,202209250746-KFSD-WWUS83-RFWFSD,,2022
FSD,2022-09-28 06:00,2022-09-28 13:00,2022-09-27 19:31,202209281300,FR,C,Y,2,EXP,IAZ022,1499.766357421875,2022-09-28 12:57,,,,,False,,,,,,,202209271931-KFSD-WWUS73-NPWFSD,,2022
FSD,2022-09-28 06:00,2022-09-28 13:00,2022-09-27 19:31,202209281300,FR,C,Y,2,EXP,IAZ001,1519.28759765625,2022-09-28 12:57,,,,,False,,,,,,,202209271931-KFSD-WWUS73-NPWFSD,,2022
FSD,2022-09-28 06:00,2022-09-28 13:00,2022-09-27 19:31,202209281300,FR,C,Y,2,EXP,SDZ071,1207.935302734375,2022-09-28 12:57,,,,,False,,,,,,,202209271931-KFSD-WWUS73-NPWFSD,,2022
FSD,2022-09-28 06:00,2022-09-28 13:00,2022-09-27 19:31,202209281300,FR,C,Y,2,EXP,IAZ013,1482.016357421875,2022-09-28 12:57,,,,,False,,,,,,,202209271931-KFSD-WWUS73-NPWFSD,,2022
FSD,2022-09-28 06:00,2022-09-28 13:00,2022-09-27 19:31,202209281300,FR,C,Y,2,EXP,MNZ090,1859.634765625,2022-09-28 12:57,,,,,False,,,,,,,202209271931-KFSD-WWUS73-NPWFSD,,2022
FSD,2022-09-28 06:00,2022-09-28 13:00,2022-09-27 19:31,202209281300,FR,C,Y,2,EXP,IAZ021,1492.850830078125,2022-09-28 12:57,,,,,False,,,,,,,202209271931-KFSD-WWUS73-NPWFSD,,2022
FSD,2022-09-28 17:24,2022-09-29 00:00,2022-09-28 17:24,202209290000,FW,C,W,20,EXP,SDZ052,1376.6329345703125,2022-09-28 23:55,,,,,False,,,,,,,202209281724-KFSD-WWUS83-RFWFSD,,2022
FSD,2022-09-28 17:24,2022-09-29 00:00,2022-09-28 17:24,202209290000,FW,C,W,20,EXP,SDZ059,1129.0526123046875,2022-09-28 23:55,,,,,False,,,,,,,202209281724-KFSD-WWUS83-RFWFSD,,2022
FSD,2022-09-28 17:24,2022-09-29 00:00,2022-09-28 17:24,202209290000,FW,C,W,20,EXP,SDZ058,1841.671142578125,2022-09-28 23:55,,,,,False,,,,,,,202209281724-KFSD-WWUS83-RFWFSD,,2022
FSD,2022-09-28 17:24,2022-09-29 00:00,2022-09-28 17:24,202209290000,FW,C,W,20,EXP,SDZ038,3269.105712890625,2022-09-28 23:55,,,,,False,,,,,,,202209281724-KFSD-WWUS83-RFWFSD,,2022
FSD,2022-09-28 17:24,2022-09-29 00:00,2022-09-28 17:24,202209290000,FW,C,W,20,EXP,SDZ039,2232.25,2022-09-28 23:55,,,,,False,,,,,,,202209281724-KFSD-WWUS83-RFWFSD,,2022
MQT,2022-09-29 04:00,2022-09-29 13:00,2022-09-28 18:49,202209291300,FZ,C,W,3,NEW,MIZ005,4832.01904296875,2022-09-28 18:49,,,,,False,,,,,,,202209281849-KMQT-WWUS73-NPWMQT,,2022
MQT,2022-09-29 04:00,2022-09-29 13:00,2022-09-28 18:49,202209291300,FZ,C,W,3,NEW,MIZ006,2436.1201171875,2022-09-28 18:49,,,,,False,,,,,,,202209281849-KMQT-WWUS73-NPWMQT,,2022
REV,2022-09-28 20:00,2022-09-29 03:00,2022-09-27 16:56,202209290300,FW,C,W,5,NEW,CAZ270,1199.2864990234375,2022-09-27 16:56,,,,,False,,,,,,,202209271656-KREV-WWUS85-RFWREV,http://weather.gov/reno,2022
OAX,2022-09-24 07:31,2022-09-24 13:16,2022-09-24 07:31,202209241400,FG,C,Y,7,CAN,NEZ090,974.86181640625,2022-09-24 13:16,,,,,False,,,,,,,202209240731-KOAX-WWUS73-NPWOAX,,2022
OAX,2022-09-28 05:00,2022-09-28 13:00,2022-09-27 18:51,202209281300,FR,C,Y,2,EXP,NEZ015,1024.8258056640625,2022-09-28 12:57,,,,,False,,,,,,,202209271851-KOAX-WWUS73-NPWOAX,,2022
OAX,2022-09-28 05:00,2022-09-28 13:00,2022-09-27 18:51,202209281300,FR,C,Y,2,EXP,IAZ056,1529.4346923828125,2022-09-28 12:57,,,,,False,,,,,,,202209271851-KOAX-WWUS73-NPWOAX,,2022
OAX,2022-09-28 05:00,2022-09-28 13:00,2022-09-27 18:51,202209281300,FR,C,Y,2,EXP,IAZ043,1807.2987060546875,2022-09-28 12:57,,,,,False,,,,,,,202209271851-KOAX-WWUS73-NPWOAX,,2022
RAH,2022-09-29 15:07,2022-10-01 03:23,2022-09-29 15:07,202210201507,TR,C,W,1009,CAN,NCZ077,1557.3675537109375,2022-10-01 03:23,,,,,False,,,,,,,202209291507-KRAH-WTUS82-TCVRAH,,2022
RAH,2022-09-29 15:07,2022-10-01 03:00,2022-09-29 15:07,202210201507,TR,C,W,1009,CAN,NCZ028,1311.73291015625,2022-10-01 03:00,,,,,False,,,,,,,202209291507-KRAH-WTUS82-TCVRAH,,2022
RAH,2022-09-29 15:07,2022-10-01 03:23,2022-09-29 15:07,202210201507,TR,C,W,1009,CAN,NCZ022,1703.1944580078125,2022-10-01 03:23,,,,,False,,,,,,,202209291507-KRAH-WTUS82-TCVRAH,,2022
LWX,2022-09-25 20:46,2022-09-25 21:15,2022-09-25 20:46,202209252115,SV,C,W,411,EXP,MDC003,1106.1640625,2022-09-25 21:07,,,,,False,,,,,,,202209252046-KLWX-WUUS51-SVRLWX,KJP,2022
LWX,2022-09-27 13:00,2022-09-28 12:13,2022-09-27 05:40,202209281000,SC,C,Y,188,CAN,ANZ531,468.4309387207031,2022-09-28 12:13,,,,,False,,,,,,,202209270540-KLWX-WHUS71-MWWLWX,,2022
LWX,2022-09-28 00:00,2022-09-28 15:00,2022-09-27 05:40,202209281000,SC,C,Y,188,EXP,ANZ534,998.7154541015625,2022-09-28 14:57,,,,,False,,,,,,,202209270540-KLWX-WHUS71-MWWLWX,,2022
LWX,2022-09-28 22:00,2022-10-01 00:00,2022-09-28 05:27,202209292200,SC,C,Y,189,CON,ANZ532,364.1634216308594,2022-09-30 22:42,,,,,False,,,,,,,202209280527-KLWX-WHUS71-MWWLWX,,2022
RIW,2022-09-28 18:00,2022-09-29 00:00,2022-09-27 19:42,202209290000,FW,C,W,12,EXP,WYZ289,10759.203125,2022-09-28 23:53,,,,,False,,,,,,,202209271942-KRIW-WWUS85-RFWRIW,http://weather.gov/river,2022
JAN,2022-09-28 14:00,2022-09-29 01:00,2022-09-27 19:22,202209290100,FW,C,W,3,CON,MSZ065,1075.66748046875,2022-09-28 09:11,,,,,False,,,,,,,202209271922-KJAN-WWUS84-RFWJAN,CR,2022
JAN,2022-09-28 14:00,2022-09-29 01:00,2022-09-27 19:22,202209290100,FW,C,W,3,CON,MSZ034,1972.327880859375,2022-09-28 09:11,,,,,False,,,,,,,202209271922-KJAN-WWUS84-RFWJAN,CR,2022
JAN,2022-09-28 14:00,2022-09-29 01:00,2022-09-27 19:22,202209290100,FW,C,W,3,CON,MSZ049,2088.87890625,2022-09-28 09:11,,,,,False,,,,,,,202209271922-KJAN-WWUS84-RFWJAN,CR,2022
JAN,2022-09-28 14:00,2022-09-29 01:00,2022-09-27 19:22,202209290100,FW,C,W,3,CON,LAZ025,1662.35546875,2022-09-28 09:11,,,,,False,,,,,,,202209271922-KJAN-WWUS84-RFWJAN,CR,2022
LWX,2022-09-28 22:00,2022-10-01 00:00,2022-09-28 05:27,202209292200,SC,C,Y,189,CON,ANZ540,172.08694458007812,2022-09-30 22:42,,,,,False,,,,,,,202209280527-KLWX-WHUS71-MWWLWX,,2022
JAN,2022-09-28 14:00,2022-09-29 01:00,2022-09-27 19:22,202209290100,FW,C,W,3,CON,MSZ025,1571.315673828125,2022-09-28 09:11,,,,,False,,,,,,,202209271922-KJAN-WWUS84-RFWJAN,CR,2022
JAN,2022-09-28 14:00,2022-09-29 01:00,2022-09-27 19:22,202209290100,FW,C,W,3,CON,MSZ056,1651.69677734375,2022-09-28 09:11,,,,,False,,,,,,,202209271922-KJAN-WWUS84-RFWJAN,CR,2022
JAN,2022-09-28 14:00,2022-09-29 01:00,2022-09-27 19:22,202209290100,FW,C,W,3,CON,MSZ046,1987.71240234375,2022-09-28 09:11,,,,,False,,,,,,,202209271922-KJAN-WWUS84-RFWJAN,CR,2022
JAN,2022-09-28 14:00,2022-09-29 01:00,2022-09-27 19:22,202209290100,FW,C,W,3,CON,MSZ066,1813.942626953125,2022-09-28 09:11,,,,,False,,,,,,,202209271922-KJAN-WWUS84-RFWJAN,CR,2022
JAN,2022-09-28 14:00,2022-09-29 01:00,2022-09-27 19:22,202209290100,FW,C,W,3,CON,MSZ051,1502.2998046875,2022-09-28 09:11,,,,,False,,,,,,,202209271922-KJAN-WWUS84-RFWJAN,CR,2022
JAN,2022-09-28 14:00,2022-09-29 01:00,2022-09-27 19:22,202209290100,FW,C,W,3,CON,MSZ030,1077.7926025390625,2022-09-28 09:11,,,,,False,,,,,,,202209271922-KJAN-WWUS84-RFWJAN,CR,2022
JAN,2022-09-28 14:00,2022-09-29 01:00,2022-09-27 19:22,202209290100,FW,C,W,3,CON,MSZ038,1580.91796875,2022-09-28 09:11,,,,,False,,,,,,,202209271922-KJAN-WWUS84-RFWJAN,CR,2022
JAN,2022-09-28 14:00,2022-09-29 01:00,2022-09-27 19:22,202209290100,FW,C,W,3,CON,MSZ052,1853.7999267578125,2022-09-28 09:11,,,,,False,,,,,,,202209271922-KJAN-WWUS84-RFWJAN,CR,2022
MRX,2022-09-25 22:23,2022-09-25 23:00,2022-09-25 22:23,202209252300,SV,C,W,184,NEW,TNC073,1293.492919921875,2022-09-25 22:23,,,,,False,,,,,,,202209252223-KMRX-WUUS54-SVRMRX,BW,2022
MRX,2022-09-25 22:54,2022-09-25 23:32,2022-09-25 22:54,202209252345,SV,C,W,185,CAN,TNC091,783.756591796875,2022-09-25 23:32,,,,,False,,,,,,,202209252254-KMRX-WUUS54-SVRMRX,KRS,2022
MRX,2022-09-25 22:54,2022-09-25 23:32,2022-09-25 22:54,202209252345,SV,C,W,185,CAN,TNC019,900.3663330078125,2022-09-25 23:32,,,,,False,,,,,,,202209252254-KMRX-WUUS54-SVRMRX,KRS,2022
LWX,2022-09-25 05:00,2022-09-26 22:00,2022-09-24 07:33,202209252200,SC,C,Y,186,CON,ANZ533,619.4905395507812,2022-09-26 14:38,,,,,False,,,,,,,202209240733-KLWX-WHUS71-MWWLWX,,2022
LWX,2022-09-25 14:58,2022-09-25 15:34,2022-09-25 14:58,202209251545,SV,C,W,405,CAN,MDC023,1697.0291748046875,2022-09-25 15:34,,,,,False,,,,,,,202209251458-KLWX-WUUS51-SVRLWX,Belak,2022
LWX,2022-09-25 15:20,2022-09-25 16:00,2022-09-25 15:20,202209251600,SV,C,W,406,EXP,MDC001,1111.984619140625,2022-09-25 15:59,,,,,False,,,,,,,202209251520-KLWX-WUUS51-SVRLWX,Belak,2022
LWX,2022-09-25 15:20,2022-09-25 16:00,2022-09-25 15:20,202209251600,SV,C,W,406,EXP,WVC057,851.792236328125,2022-09-25 15:59,,,,,False,,,,,,,202209251520-KLWX-WUUS51-SVRLWX,Belak,2022
LWX,2022-09-25 16:00,2022-09-26 22:00,2022-09-24 07:33,202209252200,SC,C,Y,186,CON,ANZ541,312.7153015136719,2022-09-26 14:38,,,,,False,,,,,,,202209240733-KLWX-WHUS71-MWWLWX,,2022
LWX,2022-09-25 16:00,2022-09-26 22:00,2022-09-24 07:33,202209252200,SC,C,Y,186,CON,ANZ538,65.48129272460938,2022-09-26 14:38,,,,,False,,,,,,,202209240733-KLWX-WHUS71-MWWLWX,,2022
LWX,2022-09-25 16:00,2022-09-26 22:00,2022-09-24 07:33,202209252200,SC,C,Y,186,CON,ANZ530,295.01409912109375,2022-09-26 14:38,,,,,False,,,,,,,202209240733-KLWX-WHUS71-MWWLWX,,2022
LWX,2022-09-25 16:00,2022-09-26 22:00,2022-09-24 07:33,202209252200,SC,C,Y,186,CON,ANZ542,44.32318115234375,2022-09-26 14:38,,,,,False,,,,,,,202209240733-KLWX-WHUS71-MWWLWX,,2022
LWX,2022-09-25 15:40,2022-09-25 19:55,2022-09-25 15:40,202209252300,SV,C,A,543,CAN,VAC003,1879.71826171875,2022-09-25 19:55,,,,,False,,,,,,,202209251540-KLWX-WWUS61-WCNLWX,,2022
LWX,2022-09-25 15:40,2022-09-25 19:55,2022-09-25 15:40,202209252300,SV,C,A,543,CAN,VAC113,832.7997436523438,2022-09-25 19:55,,,,,False,,,,,,,202209251540-KLWX-WWUS61-WCNLWX,,2022
LWX,2022-09-25 15:40,2022-09-25 20:26,2022-09-25 15:40,202209252300,SV,C,A,543,CAN,VAC153,884.2703247070312,2022-09-25 20:26,,,,,False,,,,,,,202209251540-KLWX-WWUS61-WCNLWX,,2022
LWX,2022-09-25 17:39,2022-09-25 18:30,2022-09-25 17:39,202209251830,SV,C,W,409,EXP,MDC043,1209.8150634765625,2022-09-25 18:25,,,,,False,,,,,,,202209251739-KLWX-WUUS51-SVRLWX,KJP,2022
LWX,2022-09-25 17:53,2022-09-25 18:34,2022-09-25 17:53,202209251845,SV,C,W,410,CAN,MDC015,910.3795166015625,2022-09-25 18:34,,,,,False,,,,,,,202209251753-KLWX-WUUS51-SVRLWX,KJP,2022
LWX,2022-09-25 17:53,2022-09-25 18:11,2022-09-25 17:53,202209251845,SV,C,W,410,CAN,MDC013,1170.3468017578125,2022-09-25 18:11,,,,,False,,,,,,,202209251753-KLWX-WUUS51-SVRLWX,KJP,2022
LWX,2022-09-25 18:52,2022-09-25 19:45,2022-09-25 18:52,202209251945,MA,C,W,257,EXP,ANZ531,468.4309387207031,2022-09-25 19:42,,,,,False,,,,,,,202209251852-KLWX-WHUS51-SMWLWX,KJP,2022
JAN,2022-09-28 14:00,2022-09-27 19:22,2022-09-26 19:46,202209290100,FW,C,A,1,UPG,MSZ051,1502.2998046875,2022-09-27 19:22,,,,,False,,,,,,,202209261946-KJAN-WWUS84-RFWJAN,NF,2022
JAN,2022-09-28 14:00,2022-09-29 01:00,2022-09-27 19:22,202209290100,FW,C,W,3,CON,MSZ045,1481.2259521484375,2022-09-28 09:11,,,,,False,,,,,,,202209271922-KJAN-WWUS84-RFWJAN,CR,2022
JAN,2022-09-28 14:00,2022-09-29 01:00,2022-09-27 19:22,202209290100,FW,C,W,3,CON,MSZ028,1056.7381591796875,2022-09-28 09:11,,,,,False,,,,,,,202209271922-KJAN-WWUS84-RFWJAN,CR,2022
JAN,2022-09-28 14:00,2022-09-29 01:00,2022-09-27 19:22,202209290100,FW,C,W,3,CON,MSZ043,1922.6365966796875,2022-09-28 09:11,,,,,False,,,,,,,202209271922-KJAN-WWUS84-RFWJAN,CR,2022
JAN,2022-09-28 14:00,2022-09-29 01:00,2022-09-27 19:22,202209290100,FW,C,W,3,CON,MSZ019,1832.40185546875,2022-09-28 09:11,,,,,False,,,,,,,202209271922-KJAN-WWUS84-RFWJAN,CR,2022
JAN,2022-09-28 14:00,2022-09-29 01:00,2022-09-27 19:22,202209290100,FW,C,W,3,CON,LAZ026,1940.5338134765625,2022-09-28 09:11,,,,,False,,,,,,,202209271922-KJAN-WWUS84-RFWJAN,CR,2022
JAN,2022-09-28 14:00,2022-09-29 01:00,2022-09-27 19:22,202209290100,FW,C,W,3,CON,MSZ055,1530.54296875,2022-09-28 09:11,,,,,False,,,,,,,202209271922-KJAN-WWUS84-RFWJAN,CR,2022
JAN,2022-09-28 14:00,2022-09-29 01:00,2022-09-27 19:22,202209290100,FW,C,W,3,CON,MSZ039,1813.9915771484375,2022-09-28 09:11,,,,,False,,,,,,,202209271922-KJAN-WWUS84-RFWJAN,CR,2022
JAN,2022-09-28 14:00,2022-09-29 01:00,2022-09-27 19:22,202209290100,FW,C,W,3,CON,MSZ050,1581.91064453125,2022-09-28 09:11,,,,,False,,,,,,,202209271922-KJAN-WWUS84-RFWJAN,CR,2022
JAN,2022-09-28 14:00,2022-09-29 01:00,2022-09-27 19:22,202209290100,FW,C,W,3,CON,MSZ057,1755.7718505859375,2022-09-28 09:11,,,,,False,,,,,,,202209271922-KJAN-WWUS84-RFWJAN,CR,2022
JAN,2022-09-28 14:00,2022-09-27 19:22,2022-09-26 19:46,202209290100,FW,C,A,1,UPG,MSZ047,1603.6744384765625,2022-09-27 19:22,,,,,False,,,,,,,202209261946-KJAN-WWUS84-RFWJAN,NF,2022
JAN,2022-09-28 14:00,2022-09-27 19:22,2022-09-26 19:46,202209290100,FW,C,A,1,UPG,MSZ044,1516.942138671875,2022-09-27 19:22,,,,,False,,,,,,,202209261946-KJAN-WWUS84-RFWJAN,NF,2022
JAN,2022-09-28 14:00,2022-09-27 19:22,2022-09-26 19:46,202209290100,FW,C,A,1,UPG,MSZ025,1571.315673828125,2022-09-27 19:22,,,,,False,,,,,,,202209261946-KJAN-WWUS84-RFWJAN,NF,2022
JAN,2022-09-28 14:00,2022-09-27 19:22,2022-09-26 19:46,202209290100,FW,C,A,1,UPG,MSZ066,1813.942626953125,2022-09-27 19:22,,,,,False,,,,,,,202209261946-KJAN-WWUS84-RFWJAN,NF,2022
JAN,2022-09-28 14:00,2022-09-27 19:22,2022-09-26 19:46,202209290100,FW,C,A,1,UPG,MSZ050,1581.91064453125,2022-09-27 19:22,,,,,False,,,,,,,202209261946-KJAN-WWUS84-RFWJAN,NF,2022
JAN,2022-09-28 14:00,2022-09-27 19:22,2022-09-26 19:46,202209290100,FW,C,A,1,UPG,MSZ062,1524.396484375,2022-09-27 19:22,,,,,False,,,,,,,202209261946-KJAN-WWUS84-RFWJAN,NF,2022
JAN,2022-09-28 14:00,2022-09-27 19:22,2022-09-26 19:46,202209290100,FW,C,A,1,UPG,MSZ060,1260.5550537109375,2022-09-27 19:22,,,,,False,,,,,,,202209261946-KJAN-WWUS84-RFWJAN,NF,2022
JAN,2022-09-28 14:00,2022-09-27 19:22,2022-09-26 19:46,202209290100,FW,C,A,1,UPG,MSZ041,1127.0960693359375,2022-09-27 19:22,,,,,False,,,,,,,202209261946-KJAN-WWUS84-RFWJAN,NF,2022
JAN,2022-09-28 14:00,2022-09-27 19:22,2022-09-26 19:46,202209290100,FW,C,A,1,UPG,MSZ028,1056.7381591796875,2022-09-27 19:22,,,,,False,,,,,,,202209261946-KJAN-WWUS84-RFWJAN,NF,2022
LMK,2022-09-25 07:09,2022-09-25 07:45,2022-09-25 07:09,202209250745,SV,C,W,244,EXP,KYC093,1630.8369140625,2022-09-25 07:43,,,,,False,,,,,,,202209250709-KLMK-WUUS53-SVRLMK,EBW,2022
SEW,2022-09-26 19:00,2022-09-25 21:31,2022-09-25 10:40,202209270200,FW,C,A,3,UPG,WAZ658,9919.1796875,2022-09-25 21:31,,,,,False,,,,,,,202209251040-KSEW-WWUS86-RFWSEW,,2022
SEW,2022-09-26 19:00,2022-09-27 02:00,2022-09-25 21:31,202209270200,FW,C,W,7,EXP,WAZ658,9919.1796875,2022-09-27 02:04,,,,,False,,,,,,,202209252131-KSEW-WWUS86-RFWSEW,,2022
SEW,2022-09-26 19:00,2022-09-27 02:00,2022-09-25 21:31,202209270200,FW,C,W,7,EXP,WAZ659,8327.978515625,2022-09-27 02:04,,,,,False,,,,,,,202209252131-KSEW-WWUS86-RFWSEW,,2022
LZK,2022-09-25 19:10,2022-09-25 19:43,2022-09-25 19:10,202209252000,SV,C,W,356,CAN,ARC013,1639.03369140625,2022-09-25 19:43,,,,,False,,,,,,,202209251910-KLZK-WUUS54-SVRLZK,Cavanaugh,2022
LZK,2022-09-25 19:10,2022-09-25 19:43,2022-09-25 19:10,202209252000,SV,C,W,356,CAN,ARC103,1916.365234375,2022-09-25 19:43,,,,,False,,,,,,,202209251910-KLZK-WUUS54-SVRLZK,Cavanaugh,2022
GRB,2022-09-27 07:00,2022-09-27 14:00,2022-09-26 19:15,202209271400,FR,C,Y,5,EXP,WIZ036,2126.559326171875,2022-09-27 13:49,,,,,False,,,,,,,202209261915-KGRB-WWUS73-NPWGRB,"For more information, vi",2022
GRB,2022-09-25 22:27,2022-09-25 23:24,2022-09-25 22:27,202209260000,MA,C,W,23,CAN,LMZ543,263.4520568847656,2022-09-25 23:24,,,,,False,,,,,,,202209252227-KGRB-WHUS53-SMWGRB,Skowronski,2022
GRB,2022-09-27 07:00,2022-09-27 14:00,2022-09-26 19:15,202209271400,FR,C,Y,5,EXP,WIZ018,2343.885009765625,2022-09-27 13:49,,,,,False,,,,,,,202209261915-KGRB-WWUS73-NPWGRB,"For more information, vi",2022
GRB,2022-09-28 05:00,2022-09-28 13:00,2022-09-27 19:34,202209281300,FZ,C,W,3,EXP,WIZ018,2343.885009765625,2022-09-28 12:56,,,,,False,,,,,,,202209271934-KGRB-WWUS73-NPWGRB,"For more information, vi",2022
GRB,2022-09-28 05:00,2022-09-28 13:00,2022-09-27 19:34,202209281300,FZ,C,W,3,EXP,WIZ012,1285.3326416015625,2022-09-28 12:56,,,,,False,,,,,,,202209271934-KGRB-WWUS73-NPWGRB,"For more information, vi",2022
GRB,2022-09-29 06:00,2022-09-29 13:00,2022-09-28 19:33,202209291300,FR,C,Y,7,EXP,WIZ037,1977.9693603515625,2022-09-29 12:48,,,,,False,,,,,,,202209281933-KGRB-WWUS73-NPWGRB,"For more information, vi",2022
GRR,2022-09-24 08:00,2022-09-24 22:55,2022-09-23 19:51,202209250000,BH,C,S,30,CAN,MIZ043,1410.8121337890625,2022-09-24 22:55,,,,,False,,,,,,,202209231951-KGRR-WHUS43-CFWGRR,,2022
GRR,2022-09-24 08:00,2022-09-24 22:56,2022-09-23 19:53,202209250000,SC,C,Y,88,CAN,LMZ845,271.7397155761719,2022-09-24 22:56,,,,,False,,,,,,,202209231953-KGRR-WHUS73-MWWGRR,,2022
GRR,2022-09-24 08:00,2022-09-24 22:55,2022-09-23 19:51,202209250000,BH,C,S,30,CAN,MIZ037,1315.87060546875,2022-09-24 22:55,,,,,False,,,,,,,202209231951-KGRR-WHUS43-CFWGRR,,2022
GRR,2022-09-24 08:00,2022-09-24 22:55,2022-09-23 19:51,202209250000,BH,C,S,30,CAN,MIZ056,1476.504638671875,2022-09-24 22:55,,,,,False,,,,,,,202209231951-KGRR-WHUS43-CFWGRR,,2022
GRR,2022-09-25 12:00,2022-09-28 14:32,2022-09-25 09:03,202209281500,BH,C,S,31,CAN,MIZ037,1315.87060546875,2022-09-28 14:32,,,,,False,,,,,,,202209250903-KGRR-WHUS43-CFWGRR,,2022
GRR,2022-09-25 12:00,2022-09-28 14:32,2022-09-25 09:03,202209281500,BH,C,S,31,CAN,MIZ056,1476.504638671875,2022-09-28 14:32,,,,,False,,,,,,,202209250903-KGRR-WHUS43-CFWGRR,,2022
GRR,2022-09-25 12:00,2022-09-26 00:00,2022-09-25 08:29,202209281500,SC,C,Y,89,CON,LMZ849,431.2414245605469,2022-09-25 19:25,,,,,False,,,,,,,202209250829-KGRR-WHUS73-MWWGRR,,2022
GRR,2022-09-25 12:00,2022-09-28 21:00,2022-09-25 09:03,202209281500,BH,C,S,31,EXP,MIZ071,1611.388671875,2022-09-28 20:41,,,,,False,,,,,,,202209250903-KGRR-WHUS43-CFWGRR,,2022
GRR,2022-09-25 23:14,2022-09-26 00:45,2022-09-25 23:14,202209260045,MA,C,W,44,CON,LMZ849,431.2414245605469,2022-09-26 00:22,,,,,False,,,,,,,202209252314-KGRR-WHUS53-SMWGRR,Thielke,2022
GRR,2022-09-25 23:45,2022-09-26 01:45,2022-09-25 23:45,202209260145,MA,C,W,45,EXP,LMZ878,1581.9830322265625,2022-09-26 01:44,,,,,False,,,,,,,202209252345-KGRR-WHUS53-SMWGRR,Thielke,2022
GRR,2022-09-25 23:45,2022-09-26 01:45,2022-09-25 23:45,202209260145,MA,C,W,45,EXP,LMZ846,223.4678955078125,2022-09-26 01:44,,,,,False,,,,,,,202209252345-KGRR-WHUS53-SMWGRR,Thielke,2022
GRR,2022-09-25 23:45,2022-09-26 01:45,2022-09-25 23:45,202209260145,MA,C,W,45,EXP,LMZ845,271.7397155761719,2022-09-26 01:44,,,,,False,,,,,,,202209252345-KGRR-WHUS53-SMWGRR,Thielke,2022
GRR,2022-09-26 00:00,2022-09-27 00:00,2022-09-25 14:54,202209270000,GL,C,W,21,EXP,LMZ846,223.4678955078125,2022-09-26 23:49,,,,,False,,,,,,,202209251454-KGRR-WHUS73-MWWGRR,,2022
GRR,2022-09-26 00:00,2022-09-27 00:00,2022-09-25 14:54,202209270000,GL,C,W,21,EXP,LMZ845,271.7397155761719,2022-09-26 23:49,,,,,False,,,,,,,202209251454-KGRR-WHUS73-MWWGRR,,2022
GRR,2022-09-27 00:00,2022-09-28 14:35,2022-09-26 23:49,202209281500,SC,C,Y,90,CAN,LMZ846,223.4678955078125,2022-09-28 14:35,,,,,False,,,,,,,202209262349-KGRR-WHUS73-MWWGRR,,2022
GRR,2022-09-27 00:00,2022-09-28 21:00,2022-09-26 23:49,202209281500,SC,C,Y,90,EXP,LMZ845,271.7397155761719,2022-09-28 20:40,,,,,False,,,,,,,202209262349-KGRR-WHUS73-MWWGRR,,2022
LWX,2022-09-25 15:40,2022-09-25 21:15,2022-09-25 15:40,202209252300,SV,C,A,543,CAN,ANZ542,44.32318115234375,2022-09-25 21:15,,,,,False,,,,,,,202209251540-KLWX-WWUS61-WCNLWX,,2022
LWX,2022-09-25 15:40,2022-09-25 21:15,2022-09-25 15:40,202209252300,SV,C,A,543,CAN,ANZ543,775.6605224609375,2022-09-25 21:15,,,,,False,,,,,,,202209251540-KLWX-WWUS61-WCNLWX,,2022
SGX,2022-09-26 17:00,2022-09-29 03:00,2022-09-24 20:05,202209290300,HT,C,Y,8,EXP,CAZ050,3918.422607421875,2022-09-29 03:15,,,,,False,,,,,,,202209242005-KSGX-WWUS76-NPWSGX,CO,2022
SGX,2022-09-26 17:00,2022-09-24 20:05,2022-09-23 19:41,202209290300,EH,C,A,4,UPG,CAZ050,3918.422607421875,2022-09-24 20:05,,,,,False,,,,,,,202209231941-KSGX-WWUS76-NPWSGX,CO,2022
SGX,2022-09-28 22:31,2022-09-29 00:30,2022-09-28 22:31,202209290030,FA,C,Y,106,EXP,CAC065,18922.111328125,2022-09-29 00:26,00000,N,ER,OO,False,,,,,,,202209282231-KSGX-WGUS86-FLSSGX,RK,2022
SGX,2022-09-28 23:23,2022-09-29 00:45,2022-09-28 23:23,202209290045,FF,C,W,65,EXP,CAC071,52077.98046875,2022-09-29 00:41,00000,0,ER,OO,False,,,,,,,202209282323-KSGX-WGUS56-FFWSGX,RK,2022
SGX,2022-09-29 19:19,2022-09-29 21:16,2022-09-29 19:19,202209292116,FA,C,Y,109,NEW,CAC073,10994.486328125,2022-09-29 19:19,00000,N,ER,OO,False,,,,,,,202209291919-KSGX-WGUS86-FLSSGX,Tardy,2022
GSP,2022-09-25 23:41,2022-09-25 23:58,2022-09-25 23:41,202209260030,SV,C,W,324,CAN,NCC087,1436.324951171875,2022-09-25 23:58,,,,,False,,,,,,,202209252341-KGSP-WUUS52-SVRGSP,KRENTZ,2022
GSP,2022-09-25 23:41,2022-09-25 23:58,2022-09-25 23:41,202209260030,SV,C,W,324,CAN,NCC115,1169.4630126953125,2022-09-25 23:58,,,,,False,,,,,,,202209252341-KGSP-WUUS52-SVRGSP,KRENTZ,2022
GSP,2022-09-29 15:17,2022-10-01 02:57,2022-09-29 15:17,202210201517,TR,C,W,1009,CAN,NCZ037,690.9607543945312,2022-10-01 02:57,,,,,False,,,,,,,202209291517-KGSP-WTUS82-TCVGSP,,2022
GSP,2022-09-25 23:41,2022-09-25 23:58,2022-09-25 23:41,202209260030,SV,C,W,324,CAN,NCC021,1708.8690185546875,2022-09-25 23:58,,,,,False,,,,,,,202209252341-KGSP-WUUS52-SVRGSP,KRENTZ,2022
GSP,2022-09-29 15:17,2022-10-01 02:57,2022-09-29 15:17,202210201517,TR,C,W,1009,CAN,NCZ071,1414.8572998046875,2022-10-01 02:57,,,,,False,,,,,,,202209291517-KGSP-WTUS82-TCVGSP,,2022
GSP,2022-09-29 15:17,2022-10-01 02:57,2022-09-29 15:17,202210201517,TR,C,W,1009,CAN,NCZ069,795.2111206054688,2022-10-01 02:57,,,,,False,,,,,,,202209291517-KGSP-WTUS82-TCVGSP,,2022
GUM,2022-09-24 13:26,2022-09-24 15:15,2022-09-24 13:26,202209241515,FA,C,Y,43,NEW,GUC010,545.9237060546875,2022-09-24 13:26,00000,N,ER,OO,False,,,,,,,202209241326-PGUM-WGMY80-FLSGUM,EP,2022
GUM,2022-09-24 13:38,2022-09-24 14:26,2022-09-24 13:38,202209241500,FF,C,W,4,CAN,GUC010,545.9237060546875,2022-09-24 14:26,00000,0,ER,OO,False,,,,,,,202209241338-PGUM-WGMY50-FFWGUM,EP,2022
GUM,2022-09-24 20:00,2022-09-25 06:25,2022-09-23 19:01,202209250800,SC,C,Y,30,CAN,PMZ154,12363.57421875,2022-09-25 06:25,,,,,False,,,,,,,202209231901-PGUM-WHGM70-MWWGUM,Pavliukoit,2022
GUM,2022-09-24 20:00,2022-09-25 20:00,2022-09-24 06:00,202209252000,FA,C,A,3,CON,GUZ001,545.9264526367188,2022-09-25 06:38,00000,0,ER,OO,False,,,,,,,202209240600-PGUM-WGMY60-FFAGUM,mgm,2022
SHV,2022-09-25 21:09,2022-09-25 22:15,2022-09-25 21:09,202209252215,SV,C,W,216,CON,ARC091,1649.507568359375,2022-09-25 21:38,,,,,False,,,,,,,202209252109-KSHV-WUUS54-SVRSHV,26,2022
SHV,2022-09-25 21:12,2022-09-25 22:00,2022-09-25 21:12,202209252200,SV,C,W,217,NEW,ARC027,1987.005615234375,2022-09-25 21:12,,,,,False,,,,,,,202209252112-KSHV-WUUS54-SVRSHV,26,2022
SHV,2022-09-25 21:12,2022-09-25 22:00,2022-09-25 21:12,202209252200,SV,C,W,217,NEW,ARC073,1414.61669921875,2022-09-25 21:12,,,,,False,,,,,,,202209252112-KSHV-WUUS54-SVRSHV,26,2022
SHV,2022-09-25 21:34,2022-09-25 22:15,2022-09-25 21:34,202209252215,SV,C,W,219,NEW,ARC091,1649.507568359375,2022-09-25 21:34,,,,,False,,,,,,,202209252134-KSHV-WUUS54-SVRSHV,19,2022
GYX,2022-09-24 03:00,2022-09-25 02:46,2022-09-23 06:57,202209250300,SU,C,Y,3,CAN,MEZ028,377.2416076660156,2022-09-25 02:46,,,,,False,,,,,,,202209230657-KGYX-WHUS41-CFWGYX,ARNOTT,2022
GYX,2022-09-24 19:19,2022-09-25 02:46,2022-09-24 19:19,202209251200,SC,C,Y,78,CAN,ANZ150,2186.528076171875,2022-09-25 02:46,,,,,False,,,,,,,202209241919-KGYX-WHUS71-MWWGYX,,2022
GYX,2022-09-24 19:19,2022-09-24 23:16,2022-09-24 19:19,202209251200,SC,C,Y,78,CAN,ANZ153,537.9747924804688,2022-09-24 23:16,,,,,False,,,,,,,202209241919-KGYX-WHUS71-MWWGYX,,2022
GYX,2022-09-24 19:19,2022-09-24 23:16,2022-09-24 19:19,202209251200,SC,C,Y,78,CAN,ANZ151,1033.686767578125,2022-09-24 23:16,,,,,False,,,,,,,202209241919-KGYX-WHUS71-MWWGYX,,2022
FSD,2022-09-28 06:00,2022-09-28 13:00,2022-09-27 19:31,202209281300,FR,C,Y,2,EXP,MNZ072,1864.666015625,2022-09-28 12:57,,,,,False,,,,,,,202209271931-KFSD-WWUS73-NPWFSD,,2022
FSD,2022-09-28 06:00,2022-09-28 13:00,2022-09-27 19:31,202209281300,FR,C,Y,2,EXP,NEZ014,691.4329833984375,2022-09-28 12:57,,,,,False,,,,,,,202209271931-KFSD-WWUS73-NPWFSD,,2022
FSD,2022-09-28 06:00,2022-09-28 13:00,2022-09-27 19:31,202209281300,FR,C,Y,2,EXP,IAZ002,1032.7216796875,2022-09-28 12:57,,,,,False,,,,,,,202209271931-KFSD-WWUS73-NPWFSD,,2022
MQT,2022-09-28 04:00,2022-09-28 13:00,2022-09-27 19:30,202209281300,FR,C,Y,3,NEW,MIZ012,2726.961669921875,2022-09-27 19:30,,,,,False,,,,,,,202209271930-KMQT-WWUS73-NPWMQT,GS/JTP,2022
FSD,2022-09-28 06:00,2022-09-28 13:00,2022-09-27 19:31,202209281300,FR,C,Y,2,EXP,MNZ097,1204.9503173828125,2022-09-28 12:57,,,,,False,,,,,,,202209271931-KFSD-WWUS73-NPWFSD,,2022
FSD,2022-09-28 17:24,2022-09-29 00:00,2022-09-28 17:24,202209290000,FW,C,W,20,EXP,SDZ053,1473.810546875,2022-09-28 23:55,,,,,False,,,,,,,202209281724-KFSD-WWUS83-RFWFSD,,2022
FSD,2022-09-28 17:24,2022-09-29 00:00,2022-09-28 17:24,202209290000,FW,C,W,20,EXP,SDZ060,1126.008056640625,2022-09-28 23:55,,,,,False,,,,,,,202209281724-KFSD-WWUS83-RFWFSD,,2022
FSD,2022-09-28 17:24,2022-09-29 00:00,2022-09-28 17:24,202209290000,FW,C,W,20,EXP,SDZ054,1478.5631103515625,2022-09-28 23:55,,,,,False,,,,,,,202209281724-KFSD-WWUS83-RFWFSD,,2022
MQT,2022-09-29 04:00,2022-09-29 13:00,2022-09-28 18:49,202209291300,FZ,C,W,3,NEW,MIZ010,3128.628662109375,2022-09-28 18:49,,,,,False,,,,,,,202209281849-KMQT-WWUS73-NPWMQT,,2022
MQT,2022-09-29 04:00,2022-09-29 13:00,2022-09-28 18:49,202209291300,FR,C,Y,4,NEW,MIZ002,3432.20654296875,2022-09-28 18:49,,,,,False,,,,,,,202209281849-KMQT-WWUS73-NPWMQT,,2022
MQT,2022-09-29 04:00,2022-09-29 13:00,2022-09-28 18:49,202209291300,FR,C,Y,4,NEW,MIZ003,1686.6075439453125,2022-09-28 18:49,,,,,False,,,,,,,202209281849-KMQT-WWUS73-NPWMQT,,2022
MQT,2022-09-29 04:00,2022-09-29 13:00,2022-09-28 18:49,202209291300,FZ,C,W,3,NEW,MIZ007,2395.152099609375,2022-09-28 18:49,,,,,False,,,,,,,202209281849-KMQT-WWUS73-NPWMQT,,2022
EPZ,2022-09-26 21:00,2022-09-26 23:00,2022-09-26 21:00,202209262300,FA,C,Y,559,NEW,NMC051,10976.0556640625,2022-09-26 21:00,00000,N,ER,OO,False,,,,,,,202209262100-KEPZ-WGUS84-FLSEPZ,33,2022
MPX,2022-09-28 05:00,2022-09-28 13:00,2022-09-27 19:19,202209281300,FR,C,Y,4,CON,MNZ059,1846.21337890625,2022-09-28 09:31,,,,,False,,,,,,,202209271919-KMPX-WWUS73-NPWMPX,jrb,2022
MPX,2022-09-28 05:00,2022-09-28 13:00,2022-09-27 19:19,202209281300,FR,C,Y,4,CON,MNZ061,1152.9273681640625,2022-09-28 09:31,,,,,False,,,,,,,202209271919-KMPX-WWUS73-NPWMPX,jrb,2022
OAX,2022-09-28 05:00,2022-09-28 13:00,2022-09-27 18:51,202209281300,FR,C,Y,2,EXP,NEZ033,1485.84033203125,2022-09-28 12:57,,,,,False,,,,,,,202209271851-KOAX-WWUS73-NPWOAX,,2022
LWX,2022-09-25 20:36,2022-09-25 21:23,2022-09-25 20:36,202209252200,MA,C,W,258,CAN,ANZ540,172.08694458007812,2022-09-25 21:23,,,,,False,,,,,,,202209252036-KLWX-WHUS51-SMWLWX,KJP,2022
LWX,2022-09-25 22:01,2022-09-25 23:00,2022-09-25 22:01,202209252300,MA,C,W,259,CON,ANZ534,998.7154541015625,2022-09-25 22:37,,,,,False,,,,,,,202209252201-KLWX-WHUS51-SMWLWX,KR,2022
LWX,2022-09-27 13:00,2022-09-28 00:00,2022-09-27 05:40,202209280000,SC,C,Y,188,EXP,ANZ535,58.30635070800781,2022-09-27 23:38,,,,,False,,,,,,,202209270540-KLWX-WHUS71-MWWLWX,,2022
LWX,2022-09-27 13:00,2022-09-28 00:00,2022-09-27 05:40,202209280000,SC,C,Y,188,EXP,ANZ538,65.48129272460938,2022-09-27 23:38,,,,,False,,,,,,,202209270540-KLWX-WHUS71-MWWLWX,,2022
JAN,2022-09-28 14:00,2022-09-29 01:00,2022-09-27 19:22,202209290100,FW,C,W,3,CON,MSZ042,2420.62890625,2022-09-28 09:11,,,,,False,,,,,,,202209271922-KJAN-WWUS84-RFWJAN,CR,2022
LWX,2022-09-28 22:00,2022-09-30 10:00,2022-09-28 05:27,202209292200,SC,C,Y,189,EXT,ANZ537,519.6334228515625,2022-09-30 09:25,,,,,False,,,,,,,202209280527-KLWX-WHUS71-MWWLWX,,2022
RIW,2022-09-28 18:00,2022-09-27 19:42,2022-09-27 07:13,202209290200,FW,C,A,10,UPG,WYZ280,8431.865234375,2022-09-27 19:42,,,,,False,,,,,,,202209270713-KRIW-WWUS85-RFWRIW,http://weather.gov/river,2022
TBW,2022-09-28 01:49,2022-09-28 01:54,2022-09-28 01:49,202209280215,TO,C,W,24,CAN,FLC071,2115.832275390625,2022-09-28 01:54,,,,,False,,,,,,,202209280149-KTBW-WFUS52-TORTBW,TBW,2022
MFL,2022-09-28 01:33,2022-09-28 02:00,2022-09-28 01:33,202209280200,TO,C,W,44,EXP,FLC021,5251.28515625,2022-09-28 01:56,,,,,False,,,,,,,202209280133-KMFL-WFUS52-TORMFL,NC,2022
LWX,2022-09-28 22:00,2022-09-29 18:00,2022-09-28 05:27,202209291800,SC,C,Y,189,CON,ANZ536,410.92547607421875,2022-09-29 16:45,,,,,False,,,,,,,202209280527-KLWX-WHUS71-MWWLWX,,2022
JAN,2022-09-28 14:00,2022-09-29 01:00,2022-09-27 19:22,202209290100,FW,C,W,3,CON,MSZ072,1421.8453369140625,2022-09-28 09:11,,,,,False,,,,,,,202209271922-KJAN-WWUS84-RFWJAN,CR,2022
JAN,2022-09-28 14:00,2022-09-29 01:00,2022-09-27 19:22,202209290100,FW,C,W,3,CON,ARZ075,1790.3758544921875,2022-09-28 09:11,,,,,False,,,,,,,202209271922-KJAN-WWUS84-RFWJAN,CR,2022
JAN,2022-09-28 14:00,2022-09-29 01:00,2022-09-27 19:22,202209290100,FW,C,W,3,CON,LAZ007,2086.81982421875,2022-09-28 09:11,,,,,False,,,,,,,202209271922-KJAN-WWUS84-RFWJAN,CR,2022
GGW,2022-09-24 15:00,2022-09-25 00:00,2022-09-24 08:09,202209250000,LW,C,Y,42,EXP,MTZ023,6928.8193359375,2022-09-24 23:47,,,,,False,,,,,,,202209240809-KGGW-WWUS75-NPWGGW,,2022
GGW,2022-09-24 15:00,2022-09-25 00:00,2022-09-24 08:09,202209250000,LW,C,Y,42,EXP,MTZ017,9100.34375,2022-09-24 23:47,,,,,False,,,,,,,202209240809-KGGW-WWUS75-NPWGGW,,2022
JAN,2022-09-28 14:00,2022-09-29 01:00,2022-09-27 19:22,202209290100,FW,C,W,3,CON,MSZ054,2020.1859130859375,2022-09-28 09:11,,,,,False,,,,,,,202209271922-KJAN-WWUS84-RFWJAN,CR,2022
JAN,2022-09-28 14:00,2022-09-29 01:00,2022-09-27 19:22,202209290100,FW,C,W,3,CON,ARZ074,2433.1005859375,2022-09-28 09:11,,,,,False,,,,,,,202209271922-KJAN-WWUS84-RFWJAN,CR,2022
JAN,2022-09-28 14:00,2022-09-29 01:00,2022-09-27 19:22,202209290100,FW,C,W,3,CON,MSZ062,1524.396484375,2022-09-28 09:11,,,,,False,,,,,,,202209271922-KJAN-WWUS84-RFWJAN,CR,2022
OKX,2022-09-25 18:00,2022-09-27 06:00,2022-09-24 19:25,202209261000,SC,C,Y,89,EXP,ANZ332,884.1475219726562,2022-09-27 05:59,,,,,False,,,,,,,202209241925-KOKX-WHUS71-MWWOKX,"For more details, see th",2022
MRX,2022-09-25 22:23,2022-09-25 23:00,2022-09-25 22:23,202209252300,SV,C,W,184,NEW,TNC163,1112.9747314453125,2022-09-25 22:23,,,,,False,,,,,,,202209252223-KMRX-WUUS54-SVRMRX,BW,2022
MRX,2022-09-25 22:23,2022-09-25 23:00,2022-09-25 22:23,202209252300,SV,C,W,184,NEW,TNC179,853.38916015625,2022-09-25 22:23,,,,,False,,,,,,,202209252223-KMRX-WUUS54-SVRMRX,BW,2022
MRX,2022-09-25 22:23,2022-09-25 23:00,2022-09-25 22:23,202209252300,SV,C,W,184,NEW,TNC059,1616.4580078125,2022-09-25 22:23,,,,,False,,,,,,,202209252223-KMRX-WUUS54-SVRMRX,BW,2022
LWX,2022-09-25 05:00,2022-09-26 22:00,2022-09-24 07:33,202209252200,SC,C,Y,186,CON,ANZ543,775.6605224609375,2022-09-26 14:38,,,,,False,,,,,,,202209240733-KLWX-WHUS71-MWWLWX,,2022
LWX,2022-09-25 05:00,2022-09-26 22:00,2022-09-24 07:33,202209252200,SC,C,Y,186,CON,ANZ534,998.7154541015625,2022-09-26 14:38,,,,,False,,,,,,,202209240733-KLWX-WHUS71-MWWLWX,,2022
LWX,2022-09-25 15:40,2022-09-25 21:15,2022-09-25 15:40,202209252300,SV,C,A,543,CAN,ANZ537,519.6334228515625,2022-09-25 21:15,,,,,False,,,,,,,202209251540-KLWX-WWUS61-WCNLWX,,2022
LWX,2022-09-25 15:40,2022-09-25 21:15,2022-09-25 15:40,202209252300,SV,C,A,543,CAN,MDC009,572.4761352539062,2022-09-25 21:15,,,,,False,,,,,,,202209251540-KLWX-WWUS61-WCNLWX,,2022
LWX,2022-09-25 15:40,2022-09-25 19:55,2022-09-25 15:40,202209252300,SV,C,A,543,CAN,VAC157,690.672119140625,2022-09-25 19:55,,,,,False,,,,,,,202209251540-KLWX-WWUS61-WCNLWX,,2022
LWX,2022-09-25 16:00,2022-09-25 20:42,2022-09-24 07:33,202209252200,SC,C,Y,186,CAN,ANZ536,410.92547607421875,2022-09-25 20:42,,,,,False,,,,,,,202209240733-KLWX-WHUS71-MWWLWX,,2022
LWX,2022-09-25 16:00,2022-09-26 22:00,2022-09-24 07:33,202209252200,SC,C,Y,186,CON,ANZ531,468.4309387207031,2022-09-26 14:38,,,,,False,,,,,,,202209240733-KLWX-WHUS71-MWWLWX,,2022
LWX,2022-09-25 16:00,2022-09-26 22:00,2022-09-24 07:33,202209252200,SC,C,Y,186,CON,ANZ539,106.7416000366211,2022-09-26 14:38,,,,,False,,,,,,,202209240733-KLWX-WHUS71-MWWLWX,,2022
LWX,2022-09-25 16:00,2022-09-26 22:00,2022-09-24 07:33,202209252200,SC,C,Y,186,CON,ANZ532,364.1634216308594,2022-09-26 14:38,,,,,False,,,,,,,202209240733-KLWX-WHUS71-MWWLWX,,2022
LWX,2022-09-25 17:05,2022-09-25 17:45,2022-09-25 17:05,202209251745,SV,C,W,408,EXP,WVC027,1667.88037109375,2022-09-25 17:43,,,,,False,,,,,,,202209251705-KLWX-WUUS51-SVRLWX,Belak,2022
LWX,2022-09-25 17:05,2022-09-25 17:45,2022-09-25 17:05,202209251745,SV,C,W,408,EXP,VAC171,1326.15625,2022-09-25 17:43,,,,,False,,,,,,,202209251705-KLWX-WUUS51-SVRLWX,Belak,2022
LWX,2022-09-25 17:05,2022-09-25 17:45,2022-09-25 17:05,202209251745,SV,C,W,408,EXP,WVC003,832.053466796875,2022-09-25 17:43,,,,,False,,,,,,,202209251705-KLWX-WUUS51-SVRLWX,Belak,2022
LWX,2022-09-25 17:05,2022-09-25 17:45,2022-09-25 17:05,202209251745,SV,C,W,408,EXP,VAC840,24.164186477661133,2022-09-25 17:43,,,,,False,,,,,,,202209251705-KLWX-WUUS51-SVRLWX,Belak,2022
LWX,2022-09-25 17:05,2022-09-25 17:45,2022-09-25 17:05,202209251745,SV,C,W,408,EXP,VAC187,559.6776733398438,2022-09-25 17:43,,,,,False,,,,,,,202209251705-KLWX-WUUS51-SVRLWX,Belak,2022
LWX,2022-09-25 17:05,2022-09-25 17:45,2022-09-25 17:05,202209251745,SV,C,W,408,EXP,VAC043,461.2363586425781,2022-09-25 17:43,,,,,False,,,,,,,202209251705-KLWX-WUUS51-SVRLWX,Belak,2022
LWX,2022-09-25 17:39,2022-09-25 18:11,2022-09-25 17:39,202209251830,SV,C,W,409,CAN,WVC037,547.4729614257812,2022-09-25 18:11,,,,,False,,,,,,,202209251739-KLWX-WUUS51-SVRLWX,KJP,2022
LWX,2022-09-25 17:53,2022-09-25 18:11,2022-09-25 17:53,202209251845,SV,C,W,410,CAN,MDC005,1572.537353515625,2022-09-25 18:11,,,,,False,,,,,,,202209251753-KLWX-WUUS51-SVRLWX,KJP,2022
LWX,2022-09-25 20:36,2022-09-25 21:07,2022-09-25 20:36,202209252200,MA,C,W,258,CAN,ANZ541,312.7153015136719,2022-09-25 21:07,,,,,False,,,,,,,202209252036-KLWX-WHUS51-SMWLWX,KJP,2022
JAN,2022-09-28 14:00,2022-09-29 01:00,2022-09-27 19:22,202209290100,FW,C,W,3,CON,MSZ031,1338.2474365234375,2022-09-28 09:11,,,,,False,,,,,,,202209271922-KJAN-WWUS84-RFWJAN,CR,2022
JAN,2022-09-28 14:00,2022-09-29 01:00,2022-09-27 19:22,202209290100,FW,C,W,3,CON,MSZ058,1797.0789794921875,2022-09-28 09:11,,,,,False,,,,,,,202209271922-KJAN-WWUS84-RFWJAN,CR,2022
JAN,2022-09-28 14:00,2022-09-29 01:00,2022-09-27 19:22,202209290100,FW,C,W,3,CON,MSZ061,1469.1240234375,2022-09-28 09:11,,,,,False,,,,,,,202209271922-KJAN-WWUS84-RFWJAN,CR,2022
JAN,2022-09-28 14:00,2022-09-29 01:00,2022-09-27 19:22,202209290100,FW,C,W,3,CON,LAZ016,1685.87158203125,2022-09-28 09:11,,,,,False,,,,,,,202209271922-KJAN-WWUS84-RFWJAN,CR,2022
JAN,2022-09-28 14:00,2022-09-29 01:00,2022-09-27 19:22,202209290100,FW,C,W,3,CON,MSZ063,1129.3438720703125,2022-09-28 09:11,,,,,False,,,,,,,202209271922-KJAN-WWUS84-RFWJAN,CR,2022
JAN,2022-09-28 14:00,2022-09-27 19:22,2022-09-26 19:46,202209290100,FW,C,A,1,UPG,MSZ039,1813.9915771484375,2022-09-27 19:22,,,,,False,,,,,,,202209261946-KJAN-WWUS84-RFWJAN,NF,2022
JAN,2022-09-28 14:00,2022-09-27 19:22,2022-09-26 19:46,202209290100,FW,C,A,1,UPG,MSZ029,1096.964599609375,2022-09-27 19:22,,,,,False,,,,,,,202209261946-KJAN-WWUS84-RFWJAN,NF,2022
JAN,2022-09-28 14:00,2022-09-27 19:22,2022-09-26 19:46,202209290100,FW,C,A,1,UPG,MSZ027,1643.7578125,2022-09-27 19:22,,,,,False,,,,,,,202209261946-KJAN-WWUS84-RFWJAN,NF,2022
JAN,2022-09-28 14:00,2022-09-27 19:22,2022-09-26 19:46,202209290100,FW,C,A,1,UPG,MSZ040,1143.7105712890625,2022-09-27 19:22,,,,,False,,,,,,,202209261946-KJAN-WWUS84-RFWJAN,NF,2022
JAN,2022-09-28 14:00,2022-09-27 19:22,2022-09-26 19:46,202209290100,FW,C,A,1,UPG,MSZ053,1298.958251953125,2022-09-27 19:22,,,,,False,,,,,,,202209261946-KJAN-WWUS84-RFWJAN,NF,2022
RNK,2022-09-25 18:57,2022-09-25 19:30,2022-09-25 18:57,202209251930,SV,C,W,270,EXP,VAC019,2009.1864013671875,2022-09-25 19:39,,,,,False,,,,,,,202209251857-KRNK-WUUS51-SVRRNK,ET,2022
RNK,2022-09-25 18:57,2022-09-25 19:30,2022-09-25 18:57,202209251930,SV,C,W,270,EXP,VAC037,1236.0079345703125,2022-09-25 19:39,,,,,False,,,,,,,202209251857-KRNK-WUUS51-SVRRNK,ET,2022
RNK,2022-09-25 18:57,2022-09-25 19:30,2022-09-25 18:57,202209251930,SV,C,W,270,EXP,VAC031,1313.298095703125,2022-09-25 19:39,,,,,False,,,,,,,202209251857-KRNK-WUUS51-SVRRNK,ET,2022
RNK,2022-09-25 18:57,2022-09-25 19:30,2022-09-25 18:57,202209251930,SV,C,W,270,EXP,VAC143,2533.188720703125,2022-09-25 19:39,,,,,False,,,,,,,202209251857-KRNK-WUUS51-SVRRNK,ET,2022
GRB,2022-09-27 07:00,2022-09-27 14:00,2022-09-26 19:15,202209271400,FR,C,Y,5,EXP,WIZ030,4072.998046875,2022-09-27 13:49,,,,,False,,,,,,,202209261915-KGRB-WWUS73-NPWGRB,"For more information, vi",2022
GRB,2022-09-27 07:00,2022-09-27 14:00,2022-09-26 19:15,202209271400,FR,C,Y,5,EXP,WIZ035,2091.9814453125,2022-09-27 13:49,,,,,False,,,,,,,202209261915-KGRB-WWUS73-NPWGRB,"For more information, vi",2022
GRB,2022-09-28 05:00,2022-09-28 13:00,2022-09-27 19:34,202209281300,FR,C,Y,6,EXP,WIZ020,943.0508422851562,2022-09-28 12:56,,,,,False,,,,,,,202209271934-KGRB-WWUS73-NPWGRB,"For more information, vi",2022
GRB,2022-09-28 05:00,2022-09-28 13:00,2022-09-27 19:34,202209281300,FZ,C,W,3,EXP,WIZ036,2126.559326171875,2022-09-28 12:56,,,,,False,,,,,,,202209271934-KGRB-WWUS73-NPWGRB,"For more information, vi",2022
GRB,2022-09-28 05:00,2022-09-28 13:00,2022-09-27 19:34,202209281300,FR,C,Y,6,EXP,WIZ021,1180.3790283203125,2022-09-28 12:56,,,,,False,,,,,,,202209271934-KGRB-WWUS73-NPWGRB,"For more information, vi",2022
GRB,2022-09-28 05:00,2022-09-28 13:00,2022-09-27 19:34,202209281300,FR,C,Y,6,EXP,WIZ013,1974.1748046875,2022-09-28 12:56,,,,,False,,,,,,,202209271934-KGRB-WWUS73-NPWGRB,"For more information, vi",2022
GRB,2022-09-28 05:00,2022-09-28 13:00,2022-09-27 19:34,202209281300,FR,C,Y,6,EXP,WIZ037,1977.9693603515625,2022-09-28 12:56,,,,,False,,,,,,,202209271934-KGRB-WWUS73-NPWGRB,"For more information, vi",2022
SGF,2022-09-24 21:55,2022-09-24 22:20,2022-09-24 21:55,202209242245,SV,C,W,219,CAN,MOC067,2108.882080078125,2022-09-24 22:20,,,,,False,,,,,,,202209242155-KSGF-WUUS53-SVRSGF,Melto,2022
GRR,2022-09-25 12:00,2022-09-28 14:32,2022-09-25 09:03,202209281500,BH,C,S,31,CAN,MIZ043,1410.8121337890625,2022-09-28 14:32,,,,,False,,,,,,,202209250903-KGRR-WHUS43-CFWGRR,,2022
GRR,2022-09-25 23:14,2022-09-26 00:45,2022-09-25 23:14,202209260045,MA,C,W,44,CON,LMZ872,2088.3720703125,2022-09-26 00:22,,,,,False,,,,,,,202209252314-KGRR-WHUS53-SMWGRR,Thielke,2022
GRR,2022-09-25 23:14,2022-09-26 00:45,2022-09-25 23:14,202209260045,MA,C,W,44,CON,LMZ868,1923.540283203125,2022-09-26 00:22,,,,,False,,,,,,,202209252314-KGRR-WHUS53-SMWGRR,Thielke,2022
GRR,2022-09-25 23:45,2022-09-26 01:45,2022-09-25 23:45,202209260145,MA,C,W,45,EXP,LMZ876,2135.568603515625,2022-09-26 01:44,,,,,False,,,,,,,202209252345-KGRR-WHUS53-SMWGRR,Thielke,2022
GRR,2022-09-25 23:45,2022-09-26 01:45,2022-09-25 23:45,202209260145,MA,C,W,45,EXP,LMZ844,284.08349609375,2022-09-26 01:44,,,,,False,,,,,,,202209252345-KGRR-WHUS53-SMWGRR,Thielke,2022
GRR,2022-09-26 00:45,2022-09-26 01:47,2022-09-26 00:45,202209260215,SV,C,W,64,CAN,MIC121,1331.7677001953125,2022-09-26 01:47,,,,,False,,,,,,,202209260045-KGRR-WUUS53-SVRGRR,Thielke,2022
GRR,2022-09-26 00:45,2022-09-26 01:47,2022-09-26 00:45,202209260215,SV,C,W,64,CAN,MIC139,1476.506103515625,2022-09-26 01:47,,,,,False,,,,,,,202209260045-KGRR-WUUS53-SVRGRR,Thielke,2022
SGX,2022-09-26 17:00,2022-09-29 03:00,2022-09-24 20:05,202209290300,HT,C,Y,8,EXP,CAZ552,371.8740539550781,2022-09-29 03:15,,,,,False,,,,,,,202209242005-KSGX-WWUS76-NPWSGX,CO,2022
SGX,2022-09-26 17:00,2022-09-29 03:00,2022-09-24 20:05,202209290300,EH,C,W,6,EXP,CAZ048,4793.70703125,2022-09-29 03:15,,,,,False,,,,,,,202209242005-KSGX-WWUS76-NPWSGX,CO,2022
SGX,2022-09-26 17:00,2022-09-29 03:00,2022-09-24 20:05,202209290300,EH,C,W,6,EXP,CAZ554,1428.1051025390625,2022-09-29 03:15,,,,,False,,,,,,,202209242005-KSGX-WWUS76-NPWSGX,CO,2022
SGX,2022-09-26 17:00,2022-09-29 03:00,2022-09-24 20:05,202209290300,HT,C,Y,8,EXP,CAZ043,1511.32373046875,2022-09-29 03:15,,,,,False,,,,,,,202209242005-KSGX-WWUS76-NPWSGX,CO,2022
SGX,2022-09-28 14:28,2022-09-28 17:00,2022-09-28 14:28,202209281700,FG,C,Y,5,EXP,CAZ043,1511.32373046875,2022-09-28 17:13,,,,,False,,,,,,,202209281428-KSGX-WWUS76-NPWSGX,MW,2022
SGX,2022-09-28 21:22,2022-09-28 23:15,2022-09-28 21:22,202209282315,FA,C,Y,105,NEW,CAC065,18922.111328125,2022-09-28 21:22,00000,N,ER,OO,False,,,,,,,202209282122-KSGX-WGUS86-FLSSGX,RK,2022
GUM,2022-09-24 20:54,2022-09-25 00:45,2022-09-24 20:54,202209250045,FA,C,Y,44,EXP,GUC010,545.9237060546875,2022-09-25 00:49,00000,N,ER,OO,False,,,,,,,202209242054-PGUM-WGMY80-FLSGUM,,2022
GUM,2022-09-27 15:50,2022-09-27 16:32,2022-09-27 15:50,202209271645,FA,C,Y,45,CAN,GUC010,545.9237060546875,2022-09-27 16:32,00000,N,ER,OO,False,,,,,,,202209271550-PGUM-WGMY80-FLSGUM,NS,2022
SHV,2022-09-25 21:09,2022-09-25 21:38,2022-09-25 21:09,202209252215,SV,C,W,216,CAN,TXC037,2387.401611328125,2022-09-25 21:38,,,,,False,,,,,,,202209252109-KSHV-WUUS54-SVRSHV,26,2022
GYX,2022-09-24 03:00,2022-09-24 23:17,2022-09-23 19:12,202209250300,SU,C,Y,3,CAN,NHZ014,300.0225524902344,2022-09-24 23:17,,,,,False,,,,,,,202209231912-KGYX-WHUS41-CFWGYX,Legro,2022
GYX,2022-09-24 03:00,2022-09-24 19:08,2022-09-23 07:00,202209242100,WI,C,Y,12,CAN,MEZ028,377.2416076660156,2022-09-24 19:08,,,,,False,,,,,,,202209230700-KGYX-WWUS71-NPWGYX,ARNOTT,2022
GYX,2022-09-26 22:00,2022-09-27 06:52,2022-09-26 19:21,202209270900,SC,C,Y,79,CAN,ANZ154,4069.749267578125,2022-09-27 06:52,,,,,False,,,,,,,202209261921-KGYX-WHUS71-MWWGYX,,2022
MEG,2022-09-28 17:00,2022-09-29 00:00,2022-09-27 20:27,202209290000,FW,C,W,3,CON,MSZ004,1191.341552734375,2022-09-28 20:29,,,,,False,,,,,,,202209272027-KMEG-WWUS84-RFWMEG,ANS,2022
MEG,2022-09-28 17:00,2022-09-29 00:00,2022-09-27 20:27,202209290000,FW,C,W,3,CON,ARZ048,1663.99072265625,2022-09-28 20:29,,,,,False,,,,,,,202209272027-KMEG-WWUS84-RFWMEG,ANS,2022
MEG,2022-09-28 17:00,2022-09-29 00:00,2022-09-27 20:27,202209290000,FW,C,W,3,CON,ARZ036,1649.1187744140625,2022-09-28 20:29,,,,,False,,,,,,,202209272027-KMEG-WWUS84-RFWMEG,ANS,2022
MEG,2022-09-28 17:00,2022-09-29 00:00,2022-09-27 20:27,202209290000,FW,C,W,3,CON,MSZ017,1400.047607421875,2022-09-28 20:29,,,,,False,,,,,,,202209272027-KMEG-WWUS84-RFWMEG,ANS,2022
MEG,2022-09-28 17:00,2022-09-29 00:00,2022-09-27 20:27,202209290000,FW,C,W,3,CON,MSZ008,1064.1923828125,2022-09-28 20:29,,,,,False,,,,,,,202209272027-KMEG-WWUS84-RFWMEG,ANS,2022
MEG,2022-09-28 17:00,2022-09-29 00:00,2022-09-27 20:27,202209290000,FW,C,W,3,CON,MSZ006,1151.493896484375,2022-09-28 20:29,,,,,False,,,,,,,202209272027-KMEG-WWUS84-RFWMEG,ANS,2022
MEG,2022-09-28 17:00,2022-09-29 00:00,2022-09-27 20:27,202209290000,FW,C,W,3,CON,MSZ021,1282.4656982421875,2022-09-28 20:29,,,,,False,,,,,,,202209272027-KMEG-WWUS84-RFWMEG,ANS,2022
MEG,2022-09-28 17:00,2022-09-29 00:00,2022-09-27 20:27,202209290000,FW,C,W,3,CON,MSZ022,1523.17626953125,2022-09-28 20:29,,,,,False,,,,,,,202209272027-KMEG-WWUS84-RFWMEG,ANS,2022
MEG,2022-09-28 17:00,2022-09-29 00:00,2022-09-27 20:27,202209290000,FW,C,W,3,CON,MSZ015,1297.9456787109375,2022-09-28 20:29,,,,,False,,,,,,,202209272027-KMEG-WWUS84-RFWMEG,ANS,2022
MEG,2022-09-28 17:00,2022-09-29 00:00,2022-09-27 20:27,202209290000,FW,C,W,3,CON,MSZ002,1838.5194091796875,2022-09-28 20:29,,,,,False,,,,,,,202209272027-KMEG-WWUS84-RFWMEG,ANS,2022
MEG,2022-09-28 17:00,2022-09-29 00:00,2022-09-27 20:27,202209290000,FW,C,W,3,CON,MSZ011,1053.1708984375,2022-09-28 20:29,,,,,False,,,,,,,202209272027-KMEG-WWUS84-RFWMEG,ANS,2022
MEG,2022-09-28 17:00,2022-09-27 20:27,2022-09-26 20:07,202209290000,FW,C,A,1,UPG,MSZ007,1245.6639404296875,2022-09-27 20:27,,,,,False,,,,,,,202209262007-KMEG-WWUS84-RFWMEG,,2022
MEG,2022-09-28 17:00,2022-09-27 20:27,2022-09-26 20:07,202209290000,FW,C,A,1,UPG,MSZ011,1053.1708984375,2022-09-27 20:27,,,,,False,,,,,,,202209262007-KMEG-WWUS84-RFWMEG,,2022
MEG,2022-09-28 17:00,2022-09-27 20:27,2022-09-26 20:07,202209290000,FW,C,A,1,UPG,MSZ015,1297.9456787109375,2022-09-27 20:27,,,,,False,,,,,,,202209262007-KMEG-WWUS84-RFWMEG,,2022
MEG,2022-09-28 17:00,2022-09-27 20:27,2022-09-26 20:07,202209290000,FW,C,A,1,UPG,MSZ023,1306.4892578125,2022-09-27 20:27,,,,,False,,,,,,,202209262007-KMEG-WWUS84-RFWMEG,,2022
MEG,2022-09-28 17:00,2022-09-27 20:27,2022-09-26 20:07,202209290000,FW,C,A,1,UPG,MSZ014,1080.058349609375,2022-09-27 20:27,,,,,False,,,,,,,202209262007-KMEG-WWUS84-RFWMEG,,2022
MEG,2022-09-28 17:00,2022-09-27 20:27,2022-09-26 20:07,202209290000,FW,C,A,1,UPG,MSZ005,1039.673583984375,2022-09-27 20:27,,,,,False,,,,,,,202209262007-KMEG-WWUS84-RFWMEG,,2022
MEG,2022-09-28 17:00,2022-09-27 20:27,2022-09-26 20:07,202209290000,FW,C,A,1,UPG,MSZ022,1523.17626953125,2022-09-27 20:27,,,,,False,,,,,,,202209262007-KMEG-WWUS84-RFWMEG,,2022
MEG,2022-09-28 17:00,2022-09-27 20:27,2022-09-26 20:07,202209290000,FW,C,A,1,UPG,MSZ010,1510.2796630859375,2022-09-27 20:27,,,,,False,,,,,,,202209262007-KMEG-WWUS84-RFWMEG,,2022
MEG,2022-09-28 17:00,2022-09-27 20:27,2022-09-26 20:07,202209290000,FW,C,A,1,UPG,MSZ008,1064.1923828125,2022-09-27 20:27,,,,,False,,,,,,,202209262007-KMEG-WWUS84-RFWMEG,,2022
TBW,2022-09-26 21:00,2022-09-29 08:51,2022-09-26 20:59,202209300600,FA,C,A,3,CAN,FLZ242,1240.0157470703125,2022-09-29 08:51,00000,0,ER,OO,False,,,,,,,202209262059-KTBW-WGUS62-FFATBW,TBW,2022
MFL,2022-09-27 14:49,2022-09-27 15:52,2022-09-27 14:49,202209271645,FA,C,Y,237,CAN,FLC011,3161.671630859375,2022-09-27 15:52,00000,N,ER,OO,False,,,,,,,202209271449-KMFL-WGUS82-FLSMFL,BAXTER,2022
MFL,2022-09-27 15:03,2022-09-27 15:30,2022-09-27 15:03,202209271530,MA,C,W,345,EXP,AMZ671,10424.37890625,2022-09-27 15:27,,,,,False,,,,,,,202209271503-KMFL-WHUS52-SMWMFL,MFL,2022
HGX,2022-09-28 09:00,2022-09-30 15:00,2022-09-28 08:53,202209290900,BH,C,S,4,EXT,TXZ436,170.90162658691406,2022-09-30 00:37,,,,,False,,,,,,,202209280853-KHGX-WHUS44-CFWHGX,,2022
HGX,2022-09-28 09:00,2022-09-30 15:00,2022-09-28 08:53,202209290900,BH,C,S,4,EXT,TXZ439,149.29730224609375,2022-09-30 00:37,,,,,False,,,,,,,202209280853-KHGX-WHUS44-CFWHGX,,2022
HGX,2022-09-29 09:32,2022-09-29 15:00,2022-09-29 09:32,202209291500,SC,C,Y,62,EXB,GMZ335,1432.009033203125,2022-09-29 09:32,,,,,False,,,,,,,202209290932-KHGX-WHUS74-MWWHGX,,2022
MFL,2022-09-28 01:57,2022-09-28 02:30,2022-09-28 01:57,202209280230,TO,C,W,47,EXP,FLC099,5142.36865234375,2022-09-28 02:26,,,,,False,,,,,,,202209280157-KMFL-WFUS52-TORMFL,ATV,2022
MFL,2022-09-24 23:17,2022-09-25 02:00,2022-09-24 23:17,202209250200,CF,C,S,5,NEW,FLZ168,297.02288818359375,2022-09-24 23:17,,,,,False,,,,,,,202209242317-KMFL-WHUS42-CFWMFL,,2022
MFL,2022-09-26 04:02,2022-09-27 15:24,2022-09-26 04:02,202209270000,RP,C,S,32,CAN,FLZ168,297.02288818359375,2022-09-27 15:24,,,,,False,,,,,,,202209260402-KMFL-WHUS42-CFWMFL,,2022
MFL,2022-09-24 23:17,2022-09-25 02:00,2022-09-24 23:17,202209250200,CF,C,S,5,NEW,FLZ173,557.966064453125,2022-09-24 23:17,,,,,False,,,,,,,202209242317-KMFL-WHUS42-CFWMFL,,2022
MFL,2022-09-25 11:14,2022-09-29 09:29,2022-09-25 11:14,202209260600,CF,C,S,6,CAN,FLZ172,195.8022003173828,2022-09-29 09:29,,,,,False,,,,,,,202209251114-KMFL-WHUS42-CFWMFL,,2022
MFL,2022-09-25 11:14,2022-09-29 09:29,2022-09-25 11:14,202209260600,CF,C,S,6,CAN,FLZ168,297.02288818359375,2022-09-29 09:29,,,,,False,,,,,,,202209251114-KMFL-WHUS42-CFWMFL,,2022
MFL,2022-09-26 15:01,2022-09-27 03:05,2022-09-26 15:01,202210171501,TR,C,A,1009,UPG,FLZ070,4463.77685546875,2022-09-27 03:05,,,,,False,,,,,,,202209261501-KMFL-WTUS82-TCVMFL,,2022
MFL,2022-09-26 15:01,2022-09-27 03:05,2022-09-26 15:01,202210171501,TR,C,A,1009,UPG,FLZ063,2056.751953125,2022-09-27 03:05,,,,,False,,,,,,,202209261501-KMFL-WTUS82-TCVMFL,,2022
MFL,2022-09-26 09:17,2022-09-26 15:03,2022-09-26 09:17,202210170917,TR,C,A,1009,UPG,GMZ657,3775.7763671875,2022-09-26 15:03,,,,,False,,,,,,,202209260917-KMFL-WHUS72-MWWMFL,,2022
MFL,2022-09-27 02:19,2022-09-27 04:15,2022-09-27 02:19,202209270415,FA,C,Y,234,NEW,FLC086,5094.58447265625,2022-09-27 02:19,00000,N,ER,OO,False,,,,,,,202209270219-KMFL-WGUS82-FLSMFL,GR,2022
MFL,2022-09-27 02:19,2022-09-27 04:15,2022-09-27 02:19,202209270415,FA,C,Y,234,NEW,FLC011,3161.671630859375,2022-09-27 02:19,00000,N,ER,OO,False,,,,,,,202209270219-KMFL-WGUS82-FLSMFL,GR,2022
MFL,2022-09-27 03:05,2022-09-28 03:05,2022-09-27 03:05,202210180305,TR,C,W,1009,UPG,FLZ066,3017.6875,2022-09-28 03:05,,,,,False,,,,,,,202209270305-KMFL-WTUS82-TCVMFL,,2022
MFL,2022-09-27 03:05,2022-09-28 03:05,2022-09-27 03:05,202210180305,TR,C,W,1009,UPG,FLZ063,2056.751953125,2022-09-28 03:05,,,,,False,,,,,,,202209270305-KMFL-WTUS82-TCVMFL,,2022
MFL,2022-09-27 03:11,2022-09-29 15:02,2022-09-27 03:11,202210180311,TR,C,W,1009,CAN,AMZ610,1727.8983154296875,2022-09-29 15:02,,,,,False,,,,,,,202209270311-KMFL-WHUS72-MWWMFL,,2022
MFL,2022-09-27 03:11,2022-09-29 06:09,2022-09-27 03:11,202210180311,HU,C,W,1009,CAN,GMZ676,4736.71826171875,2022-09-29 06:09,,,,,False,,,,,,,202209270311-KMFL-WHUS72-MWWMFL,,2022
MFL,2022-09-27 09:12,2022-09-27 15:23,2022-09-27 09:12,202210180912,TR,C,A,1009,UPG,AMZ670,5737.02490234375,2022-09-27 15:23,,,,,False,,,,,,,202209270912-KMFL-WHUS72-MWWMFL,,2022
MFL,2022-09-27 09:12,2022-09-27 15:23,2022-09-27 09:12,202210180912,TR,C,A,1009,UPG,AMZ650,2599.531494140625,2022-09-27 15:23,,,,,False,,,,,,,202209270912-KMFL-WHUS72-MWWMFL,,2022
MFL,2022-09-27 12:58,2022-09-27 20:59,2022-09-27 12:58,202209272100,TO,C,A,544,CAN,AMZ671,10424.37890625,2022-09-27 20:59,,,,,False,,,,,,,202209271258-KMFL-WWUS62-WCNMFL,,2022
MFL,2022-09-27 12:58,2022-09-27 20:59,2022-09-27 12:58,202209272100,TO,C,A,544,CAN,GMZ676,4736.71826171875,2022-09-27 20:59,,,,,False,,,,,,,202209271258-KMFL-WWUS62-WCNMFL,,2022
MFL,2022-09-27 12:58,2022-09-27 20:59,2022-09-27 12:58,202209272100,TO,C,A,544,CAN,FLC051,3017.6875,2022-09-27 20:59,,,,,False,,,,,,,202209271258-KMFL-WWUS62-WCNMFL,,2022
MFL,2022-09-27 12:58,2022-09-27 20:59,2022-09-27 12:58,202209272100,TO,C,A,544,CAN,FLC021,5251.28515625,2022-09-27 20:59,,,,,False,,,,,,,202209271258-KMFL-WWUS62-WCNMFL,,2022
MFL,2022-09-27 15:10,2022-09-29 12:09,2022-09-27 15:10,202210181510,TR,C,W,1009,CAN,FLZ168,297.02288818359375,2022-09-29 12:09,,,,,False,,,,,,,202209271510-KMFL-WTUS82-TCVMFL,,2022
MFL,2022-09-27 15:10,2022-09-29 12:09,2022-09-27 15:10,202210181510,TR,C,W,1009,CAN,FLZ067,4095.630615234375,2022-09-29 12:09,,,,,False,,,,,,,202209271510-KMFL-WTUS82-TCVMFL,,2022
MFL,2022-09-27 15:23,2022-09-29 03:08,2022-09-27 15:23,202210181523,HU,C,A,1009,CAN,AMZ610,1727.8983154296875,2022-09-29 03:08,,,,,False,,,,,,,202209271523-KMFL-WHUS72-MWWMFL,,2022
MFL,2022-09-27 15:23,2022-09-29 06:09,2022-09-27 15:23,202210181523,HU,C,W,1009,CAN,GMZ656,3054.080078125,2022-09-29 06:09,,,,,False,,,,,,,202209271523-KMFL-WHUS72-MWWMFL,,2022
MFL,2022-09-27 15:23,2022-09-29 12:21,2022-09-27 15:23,202210181523,TR,C,W,1009,CAN,AMZ670,5737.02490234375,2022-09-29 12:21,,,,,False,,,,,,,202209271523-KMFL-WHUS72-MWWMFL,,2022
MFL,2022-09-27 15:23,2022-09-27 21:05,2022-09-27 15:23,202210181523,TR,C,A,1009,UPG,AMZ651,4013.172119140625,2022-09-27 21:05,,,,,False,,,,,,,202209271523-KMFL-WHUS72-MWWMFL,,2022
MFL,2022-09-27 17:10,2022-09-27 20:15,2022-09-27 17:10,202209272015,FA,C,Y,241,NEW,FLC099,5142.36865234375,2022-09-27 17:10,00000,N,ER,OO,False,,,,,,,202209271710-KMFL-WGUS82-FLSMFL,BAXTER,2022
MFL,2022-09-27 17:31,2022-09-27 18:00,2022-09-27 17:31,202209271800,TO,C,W,16,EXP,FLC086,5094.58447265625,2022-09-27 17:54,,,,,False,,,,,,,202209271731-KMFL-WFUS52-TORMFL,MFL,2022
MFL,2022-09-27 18:00,2022-09-27 15:23,2022-09-27 09:12,202209300600,SC,C,Y,30,CAN,AMZ671,10424.37890625,2022-09-27 15:23,,,,,False,,,,,,,202209270912-KMFL-WHUS72-MWWMFL,,2022
MFL,2022-09-27 20:04,2022-09-27 23:00,2022-09-27 20:04,202209272300,FA,C,Y,244,CON,FLC099,5142.36865234375,2022-09-27 21:36,00000,N,ER,OO,False,,,,,,,202209272004-KMFL-WGUS82-FLSMFL,BAXTER,2022
MFL,2022-09-27 20:17,2022-09-27 20:45,2022-09-27 20:17,202209272045,TO,C,W,21,NEW,FLC086,5094.58447265625,2022-09-27 20:17,,,,,False,,,,,,,202209272017-KMFL-WFUS52-TORMFL,MFL,2022
MFL,2022-09-27 20:59,2022-09-29 03:18,2022-09-27 20:59,202210182059,TR,C,W,1009,CAN,FLZ073,2967.80224609375,2022-09-29 03:18,,,,,False,,,,,,,202209272059-KMFL-WTUS82-TCVMFL,,2022
MFL,2022-09-27 20:59,2022-09-29 03:18,2022-09-27 20:59,202210182059,TR,C,W,1009,CAN,FLZ174,1006.6227416992188,2022-09-29 03:18,,,,,False,,,,,,,202209272059-KMFL-WTUS82-TCVMFL,,2022
MFL,2022-09-27 20:59,2022-09-28 09:00,2022-09-27 20:59,202209280900,TO,C,A,545,EXP,FLC021,5251.28515625,2022-09-28 09:01,,,,,False,,,,,,,202209272059-KMFL-WWUS62-WCNMFL,,2022
LWX,2022-09-25 16:00,2022-09-26 22:00,2022-09-24 07:33,202209252200,SC,C,Y,186,CON,ANZ540,172.08694458007812,2022-09-26 14:38,,,,,False,,,,,,,202209240733-KLWX-WHUS71-MWWLWX,,2022
LWX,2022-09-25 17:39,2022-09-25 17:55,2022-09-25 17:39,202209251830,SV,C,W,409,CAN,VAC840,24.164186477661133,2022-09-25 17:55,,,,,False,,,,,,,202209251739-KLWX-WUUS51-SVRLWX,KJP,2022
LWX,2022-09-25 17:39,2022-09-25 18:30,2022-09-25 17:39,202209251830,SV,C,W,409,EXP,MDC031,1312.1580810546875,2022-09-25 18:25,,,,,False,,,,,,,202209251739-KLWX-WUUS51-SVRLWX,KJP,2022
LWX,2022-09-25 17:39,2022-09-25 17:55,2022-09-25 17:39,202209251830,SV,C,W,409,CAN,VAC069,1075.5433349609375,2022-09-25 17:55,,,,,False,,,,,,,202209251739-KLWX-WUUS51-SVRLWX,KJP,2022
LWX,2022-09-25 17:39,2022-09-25 18:11,2022-09-25 17:39,202209251830,SV,C,W,409,CAN,VAC043,461.2363586425781,2022-09-25 18:11,,,,,False,,,,,,,202209251739-KLWX-WUUS51-SVRLWX,KJP,2022
LWX,2022-09-25 17:39,2022-09-25 17:55,2022-09-25 17:39,202209251830,SV,C,W,409,CAN,VAC187,559.6776733398438,2022-09-25 17:55,,,,,False,,,,,,,202209251739-KLWX-WUUS51-SVRLWX,KJP,2022
LWX,2022-09-25 17:39,2022-09-25 18:30,2022-09-25 17:39,202209251830,SV,C,W,409,EXP,VAC107,1348.3939208984375,2022-09-25 18:25,,,,,False,,,,,,,202209251739-KLWX-WUUS51-SVRLWX,KJP,2022
LWX,2022-09-25 17:39,2022-09-25 18:11,2022-09-25 17:39,202209251830,SV,C,W,409,CAN,WVC003,832.053466796875,2022-09-25 18:11,,,,,False,,,,,,,202209251739-KLWX-WUUS51-SVRLWX,KJP,2022
LWX,2022-09-25 17:39,2022-09-25 18:30,2022-09-25 17:39,202209251830,SV,C,W,409,EXP,MDC021,1726.9664306640625,2022-09-25 18:25,,,,,False,,,,,,,202209251739-KLWX-WUUS51-SVRLWX,KJP,2022
LWX,2022-09-25 18:52,2022-09-25 19:45,2022-09-25 18:52,202209251945,MA,C,W,257,EXP,ANZ538,65.48129272460938,2022-09-25 19:42,,,,,False,,,,,,,202209251852-KLWX-WHUS51-SMWLWX,KJP,2022
LWX,2022-09-25 20:36,2022-09-25 21:23,2022-09-25 20:36,202209252200,MA,C,W,258,CAN,ANZ539,106.7416000366211,2022-09-25 21:23,,,,,False,,,,,,,202209252036-KLWX-WHUS51-SMWLWX,KJP,2022
JAN,2022-09-28 14:00,2022-09-29 01:00,2022-09-27 19:22,202209290100,FW,C,W,3,CON,MSZ064,1060.42724609375,2022-09-28 09:11,,,,,False,,,,,,,202209271922-KJAN-WWUS84-RFWJAN,CR,2022
JAN,2022-09-28 14:00,2022-09-29 01:00,2022-09-27 19:22,202209290100,FW,C,W,3,CON,MSZ059,1366.293701171875,2022-09-28 09:11,,,,,False,,,,,,,202209271922-KJAN-WWUS84-RFWJAN,CR,2022
JAN,2022-09-28 14:00,2022-09-29 01:00,2022-09-27 19:22,202209290100,FW,C,W,3,CON,MSZ026,1164.378173828125,2022-09-28 09:11,,,,,False,,,,,,,202209271922-KJAN-WWUS84-RFWJAN,CR,2022
JAN,2022-09-28 14:00,2022-09-29 01:00,2022-09-27 19:22,202209290100,FW,C,W,3,CON,MSZ041,1127.0960693359375,2022-09-28 09:11,,,,,False,,,,,,,202209271922-KJAN-WWUS84-RFWJAN,CR,2022
JAN,2022-09-28 14:00,2022-09-29 01:00,2022-09-27 19:22,202209290100,FW,C,W,3,CON,MSZ048,2274.49169921875,2022-09-28 09:11,,,,,False,,,,,,,202209271922-KJAN-WWUS84-RFWJAN,CR,2022
JAN,2022-09-28 14:00,2022-09-27 19:22,2022-09-26 19:46,202209290100,FW,C,A,1,UPG,MSZ049,2088.87890625,2022-09-27 19:22,,,,,False,,,,,,,202209261946-KJAN-WWUS84-RFWJAN,NF,2022
JAN,2022-09-28 14:00,2022-09-27 19:22,2022-09-26 19:46,202209290100,FW,C,A,1,UPG,MSZ058,1797.0789794921875,2022-09-27 19:22,,,,,False,,,,,,,202209261946-KJAN-WWUS84-RFWJAN,NF,2022
JAN,2022-09-28 14:00,2022-09-27 19:22,2022-09-26 19:46,202209290100,FW,C,A,1,UPG,ARZ075,1790.3758544921875,2022-09-27 19:22,,,,,False,,,,,,,202209261946-KJAN-WWUS84-RFWJAN,NF,2022
JAN,2022-09-28 14:00,2022-09-27 19:22,2022-09-26 19:46,202209290100,FW,C,A,1,UPG,MSZ073,1297.3909912109375,2022-09-27 19:22,,,,,False,,,,,,,202209261946-KJAN-WWUS84-RFWJAN,NF,2022
JAN,2022-09-28 14:00,2022-09-27 19:22,2022-09-26 19:46,202209290100,FW,C,A,1,UPG,MSZ042,2420.62890625,2022-09-27 19:22,,,,,False,,,,,,,202209261946-KJAN-WWUS84-RFWJAN,NF,2022
JAN,2022-09-28 14:00,2022-09-27 19:22,2022-09-26 19:46,202209290100,FW,C,A,1,UPG,MSZ043,1922.6365966796875,2022-09-27 19:22,,,,,False,,,,,,,202209261946-KJAN-WWUS84-RFWJAN,NF,2022
JAN,2022-09-28 14:00,2022-09-27 19:22,2022-09-26 19:46,202209290100,FW,C,A,1,UPG,MSZ056,1651.69677734375,2022-09-27 19:22,,,,,False,,,,,,,202209261946-KJAN-WWUS84-RFWJAN,NF,2022
JAN,2022-09-28 14:00,2022-09-27 19:22,2022-09-26 19:46,202209290100,FW,C,A,1,UPG,MSZ019,1832.40185546875,2022-09-27 19:22,,,,,False,,,,,,,202209261946-KJAN-WWUS84-RFWJAN,NF,2022
JAN,2022-09-28 14:00,2022-09-27 19:22,2022-09-26 19:46,202209290100,FW,C,A,1,UPG,MSZ046,1987.71240234375,2022-09-27 19:22,,,,,False,,,,,,,202209261946-KJAN-WWUS84-RFWJAN,NF,2022
JAN,2022-09-28 14:00,2022-09-27 19:22,2022-09-26 19:46,202209290100,FW,C,A,1,UPG,LAZ026,1940.5338134765625,2022-09-27 19:22,,,,,False,,,,,,,202209261946-KJAN-WWUS84-RFWJAN,NF,2022
JAN,2022-09-28 14:00,2022-09-27 19:22,2022-09-26 19:46,202209290100,FW,C,A,1,UPG,MSZ064,1060.42724609375,2022-09-27 19:22,,,,,False,,,,,,,202209261946-KJAN-WWUS84-RFWJAN,NF,2022
JAN,2022-09-28 14:00,2022-09-27 19:22,2022-09-26 19:46,202209290100,FW,C,A,1,UPG,MSZ048,2274.49169921875,2022-09-27 19:22,,,,,False,,,,,,,202209261946-KJAN-WWUS84-RFWJAN,NF,2022
JAN,2022-09-28 14:00,2022-09-27 19:22,2022-09-26 19:46,202209290100,FW,C,A,1,UPG,LAZ009,1146.6854248046875,2022-09-27 19:22,,,,,False,,,,,,,202209261946-KJAN-WWUS84-RFWJAN,NF,2022
BOX,2022-09-25 21:00,2022-09-26 08:00,2022-09-25 07:32,202209260800,SC,C,Y,86,CON,ANZ231,1360.916259765625,2022-09-25 20:15,,,,,False,,,,,,,202209250732-KBOX-WHUS71-MWWBOX,,2022
GRB,2022-09-28 05:00,2022-09-28 13:00,2022-09-27 19:34,202209281300,FZ,C,W,3,EXP,WIZ005,2629.4697265625,2022-09-28 12:56,,,,,False,,,,,,,202209271934-KGRB-WWUS73-NPWGRB,"For more information, vi",2022
GRB,2022-09-28 05:00,2022-09-28 13:00,2022-09-27 19:34,202209281300,FR,C,Y,6,EXP,WIZ045,1647.4136962890625,2022-09-28 12:56,,,,,False,,,,,,,202209271934-KGRB-WWUS73-NPWGRB,"For more information, vi",2022
GRB,2022-09-28 05:00,2022-09-28 13:00,2022-09-27 19:34,202209281300,FZ,C,W,3,EXP,WIZ019,2294.26220703125,2022-09-28 12:56,,,,,False,,,,,,,202209271934-KGRB-WWUS73-NPWGRB,"For more information, vi",2022
GRB,2022-09-28 05:00,2022-09-28 13:00,2022-09-27 19:34,202209281300,FR,C,Y,6,EXP,WIZ073,1707.5745849609375,2022-09-28 12:56,,,,,False,,,,,,,202209271934-KGRB-WWUS73-NPWGRB,"For more information, vi",2022
GRB,2022-09-29 06:00,2022-09-29 13:00,2022-09-28 19:33,202209291300,FR,C,Y,7,EXP,WIZ074,1458.3309326171875,2022-09-29 12:48,,,,,False,,,,,,,202209281933-KGRB-WWUS73-NPWGRB,"For more information, vi",2022
GRB,2022-09-29 06:00,2022-09-29 13:00,2022-09-28 19:33,202209291300,FR,C,Y,7,EXP,WIZ022,1260.6683349609375,2022-09-29 12:48,,,,,False,,,,,,,202209281933-KGRB-WWUS73-NPWGRB,"For more information, vi",2022
GRB,2022-09-29 06:00,2022-09-29 13:00,2022-09-28 19:33,202209291300,FR,C,Y,7,EXP,WIZ038,1665.509033203125,2022-09-29 12:48,,,,,False,,,,,,,202209281933-KGRB-WWUS73-NPWGRB,"For more information, vi",2022
GRB,2022-09-29 06:00,2022-09-29 13:00,2022-09-28 19:33,202209291300,FR,C,Y,7,EXP,WIZ031,2350.0517578125,2022-09-29 12:48,,,,,False,,,,,,,202209281933-KGRB-WWUS73-NPWGRB,"For more information, vi",2022
GRB,2022-09-29 06:00,2022-09-29 13:00,2022-09-28 19:33,202209291300,FR,C,Y,7,EXP,WIZ045,1647.4136962890625,2022-09-29 12:48,,,,,False,,,,,,,202209281933-KGRB-WWUS73-NPWGRB,"For more information, vi",2022
GRB,2022-09-29 06:00,2022-09-29 13:00,2022-09-28 19:33,202209291300,FR,C,Y,7,EXP,WIZ040,888.3030395507812,2022-09-29 12:48,,,,,False,,,,,,,202209281933-KGRB-WWUS73-NPWGRB,"For more information, vi",2022
GRB,2022-09-29 06:00,2022-09-29 13:00,2022-09-28 19:33,202209291300,FR,C,Y,7,EXP,WIZ039,1395.84326171875,2022-09-29 12:48,,,,,False,,,,,,,202209281933-KGRB-WWUS73-NPWGRB,"For more information, vi",2022
GRB,2022-09-29 06:00,2022-09-29 13:00,2022-09-28 19:33,202209291300,FR,C,Y,7,EXP,WIZ049,1026.224853515625,2022-09-29 12:48,,,,,False,,,,,,,202209281933-KGRB-WWUS73-NPWGRB,"For more information, vi",2022
GRR,2022-09-25 12:00,2022-09-26 00:00,2022-09-25 08:29,202209281500,SC,C,Y,89,CON,LMZ845,271.7397155761719,2022-09-25 19:25,,,,,False,,,,,,,202209250829-KGRR-WHUS73-MWWGRR,,2022
SGX,2022-09-24 21:00,2022-09-24 23:00,2022-09-24 21:00,202209242300,FA,C,Y,100,NEW,CAC071,52077.98046875,2022-09-24 21:00,00000,N,ER,OO,False,,,,,,,202209242100-KSGX-WGUS86-FLSSGX,Schenk,2022
SGX,2022-09-25 18:00,2022-09-29 03:00,2022-09-23 19:41,202209280600,EH,C,W,6,EXP,CAZ062,2459.309814453125,2022-09-29 03:15,,,,,False,,,,,,,202209231941-KSGX-WWUS76-NPWSGX,CO,2022
SGX,2022-09-25 18:00,2022-09-29 03:00,2022-09-23 19:41,202209280600,EH,C,W,6,EXP,CAZ065,719.16064453125,2022-09-29 03:15,,,,,False,,,,,,,202209231941-KSGX-WWUS76-NPWSGX,CO,2022
SGX,2022-09-26 17:00,2022-09-24 20:05,2022-09-23 19:41,202209290300,EH,C,A,4,UPG,CAZ048,4793.70703125,2022-09-24 20:05,,,,,False,,,,,,,202209231941-KSGX-WWUS76-NPWSGX,CO,2022
SGX,2022-09-29 20:58,2022-09-29 22:00,2022-09-29 20:58,202209292200,SV,C,W,18,NEW,CAC073,10994.486328125,2022-09-29 20:58,,,,,False,,,,,,,202209292058-KSGX-WUUS56-SVRSGX,Tardy,2022
SGX,2022-09-29 21:17,2022-09-29 23:16,2022-09-29 21:17,202209292316,FA,C,Y,110,NEW,CAC073,10994.486328125,2022-09-29 21:17,00000,N,ER,OO,False,,,,,,,202209292117-KSGX-WGUS86-FLSSGX,Tardy,2022
GYX,2022-09-24 03:00,2022-09-24 23:17,2022-09-23 06:57,202209250300,SU,C,Y,3,CAN,MEZ024,744.7806396484375,2022-09-24 23:17,,,,,False,,,,,,,202209230657-KGYX-WHUS41-CFWGYX,ARNOTT,2022
GYX,2022-09-24 03:00,2022-09-24 23:17,2022-09-23 06:57,202209250300,SU,C,Y,3,CAN,MEZ023,930.7711791992188,2022-09-24 23:17,,,,,False,,,,,,,202209230657-KGYX-WHUS41-CFWGYX,ARNOTT,2022
SHV,2022-09-25 21:35,2022-09-25 22:03,2022-09-25 21:35,202209252215,SV,C,W,220,CAN,LAC111,2345.97119140625,2022-09-25 22:03,,,,,False,,,,,,,202209252135-KSHV-WUUS54-SVRSHV,26,2022
SHV,2022-09-25 21:39,2022-09-25 22:30,2022-09-25 21:39,202209252230,SV,C,W,221,NEW,ARC073,1414.61669921875,2022-09-25 21:39,,,,,False,,,,,,,202209252139-KSHV-WUUS54-SVRSHV,19,2022
SHV,2022-09-25 21:39,2022-09-25 22:30,2022-09-25 21:39,202209252230,SV,C,W,221,NEW,LAC017,2427.95849609375,2022-09-25 21:39,,,,,False,,,,,,,202209252139-KSHV-WUUS54-SVRSHV,19,2022
SHV,2022-09-25 21:39,2022-09-25 22:30,2022-09-25 21:39,202209252230,SV,C,W,221,NEW,LAC015,2246.57470703125,2022-09-25 21:39,,,,,False,,,,,,,202209252139-KSHV-WUUS54-SVRSHV,19,2022
SHV,2022-09-25 22:02,2022-09-25 22:45,2022-09-25 22:02,202209252245,SV,C,W,222,CON,LAC119,1593.6600341796875,2022-09-25 22:29,,,,,False,,,,,,,202209252202-KSHV-WUUS54-SVRSHV,26,2022
SHV,2022-09-25 22:02,2022-09-25 22:45,2022-09-25 22:02,202209252245,SV,C,W,222,CON,LAC015,2246.57470703125,2022-09-25 22:29,,,,,False,,,,,,,202209252202-KSHV-WUUS54-SVRSHV,26,2022
HFO,2022-09-27 13:32,2022-09-28 01:06,2022-09-27 07:02,202209281600,SC,C,Y,33,CAN,PHZ120,684.335205078125,2022-09-28 01:06,,,,,False,,,,,,,202209270702-PHFO-WHHW70-MWWHFO,,2022
HFO,2022-09-27 13:32,2022-09-28 01:06,2022-09-27 07:02,202209281600,SC,C,Y,33,CAN,PHZ119,132.7100372314453,2022-09-28 01:06,,,,,False,,,,,,,202209270702-PHFO-WHHW70-MWWHFO,,2022
SLC,2022-09-29 02:01,2022-09-29 03:00,2022-09-29 02:01,202209290300,SV,C,W,78,EXP,UTC035,2089.6103515625,2022-09-29 02:54,,,,,False,,,,,,,202209290201-KSLC-WUUS55-SVRSLC,JW,2022
SLC,2022-09-29 02:01,2022-09-29 03:00,2022-09-29 02:01,202209290300,SV,C,W,78,EXP,UTC011,1639.0958251953125,2022-09-29 02:54,,,,,False,,,,,,,202209290201-KSLC-WUUS55-SVRSLC,JW,2022
MEG,2022-09-25 01:26,2022-09-25 01:45,2022-09-25 01:26,202209250215,SV,C,W,213,CAN,ARC055,1500.88525390625,2022-09-25 01:45,,,,,False,,,,,,,202209250126-KMEG-WUUS54-SVRMEG,,2022
MEG,2022-09-25 01:26,2022-09-25 02:15,2022-09-25 01:26,202209250215,SV,C,W,213,CON,ARC093,2381.809326171875,2022-09-25 01:45,,,,,False,,,,,,,202209250126-KMEG-WUUS54-SVRMEG,,2022
MEG,2022-09-25 01:33,2022-09-25 02:15,2022-09-25 01:33,202209250215,SV,C,W,214,CON,ARC093,2381.809326171875,2022-09-25 01:48,,,,,False,,,,,,,202209250133-KMEG-WUUS54-SVRMEG,,2022
MEG,2022-09-25 01:33,2022-09-25 02:15,2022-09-25 01:33,202209250215,SV,C,W,214,CON,TNC157,2029.4879150390625,2022-09-25 01:48,,,,,False,,,,,,,202209250133-KMEG-WUUS54-SVRMEG,,2022
MEG,2022-09-25 09:18,2022-09-25 09:44,2022-09-25 09:18,202209251215,FA,C,Y,134,CAN,MSC135,1689.4832763671875,2022-09-25 09:44,00000,N,ER,OO,False,,,,,,,202209250918-KMEG-WGUS84-FLSMEG,SMW,2022
MEG,2022-09-25 09:44,2022-09-25 12:45,2022-09-25 09:44,202209251245,FF,C,W,19,EXP,MSC135,1689.4832763671875,2022-09-25 12:49,00000,0,ER,OO,False,,,,,,,202209250944-KMEG-WGUS54-FFWMEG,,2022
MEG,2022-09-28 17:00,2022-09-29 00:00,2022-09-27 20:27,202209290000,FW,C,W,3,CON,MSZ003,1058.6396484375,2022-09-28 20:29,,,,,False,,,,,,,202209272027-KMEG-WWUS84-RFWMEG,ANS,2022
MEG,2022-09-28 17:00,2022-09-29 00:00,2022-09-27 20:27,202209290000,FW,C,W,3,CON,MSZ014,1080.058349609375,2022-09-28 20:29,,,,,False,,,,,,,202209272027-KMEG-WWUS84-RFWMEG,ANS,2022
MEG,2022-09-28 17:00,2022-09-29 00:00,2022-09-27 20:27,202209290000,FW,C,W,3,CON,MSZ020,1689.4832763671875,2022-09-28 20:29,,,,,False,,,,,,,202209272027-KMEG-WWUS84-RFWMEG,ANS,2022
MEG,2022-09-28 17:00,2022-09-29 00:00,2022-09-27 20:27,202209290000,FW,C,W,3,CON,MSZ010,1510.2796630859375,2022-09-28 20:29,,,,,False,,,,,,,202209272027-KMEG-WWUS84-RFWMEG,ANS,2022
MEG,2022-09-28 17:00,2022-09-29 00:00,2022-09-27 20:27,202209290000,FW,C,W,3,CON,MSZ007,1245.6639404296875,2022-09-28 20:29,,,,,False,,,,,,,202209272027-KMEG-WWUS84-RFWMEG,ANS,2022
MEG,2022-09-28 17:00,2022-09-29 00:00,2022-09-27 20:27,202209290000,FW,C,W,3,CON,ARZ058,1884.3035888671875,2022-09-28 20:29,,,,,False,,,,,,,202209272027-KMEG-WWUS84-RFWMEG,ANS,2022
MEG,2022-09-28 17:00,2022-09-29 00:00,2022-09-27 20:27,202209290000,FW,C,W,3,CON,MSZ001,1286.9215087890625,2022-09-28 20:29,,,,,False,,,,,,,202209272027-KMEG-WWUS84-RFWMEG,ANS,2022
MEG,2022-09-28 17:00,2022-09-27 20:27,2022-09-26 20:07,202209290000,FW,C,A,1,UPG,MSZ021,1282.4656982421875,2022-09-27 20:27,,,,,False,,,,,,,202209262007-KMEG-WWUS84-RFWMEG,,2022
MEG,2022-09-28 17:00,2022-09-27 20:27,2022-09-26 20:07,202209290000,FW,C,A,1,UPG,MSZ020,1689.4832763671875,2022-09-27 20:27,,,,,False,,,,,,,202209262007-KMEG-WWUS84-RFWMEG,,2022
MEG,2022-09-28 17:00,2022-09-27 20:27,2022-09-26 20:07,202209290000,FW,C,A,1,UPG,MSZ002,1838.5194091796875,2022-09-27 20:27,,,,,False,,,,,,,202209262007-KMEG-WWUS84-RFWMEG,,2022
MEG,2022-09-28 17:00,2022-09-27 20:27,2022-09-26 20:07,202209290000,FW,C,A,1,UPG,MSZ003,1058.6396484375,2022-09-27 20:27,,,,,False,,,,,,,202209262007-KMEG-WWUS84-RFWMEG,,2022
MEG,2022-09-28 17:00,2022-09-27 20:27,2022-09-26 20:07,202209290000,FW,C,A,1,UPG,MSZ016,1173.9027099609375,2022-09-27 20:27,,,,,False,,,,,,,202209262007-KMEG-WWUS84-RFWMEG,,2022
TBW,2022-09-26 21:00,2022-09-29 08:51,2022-09-26 20:59,202209300600,FA,C,A,3,CAN,FLZ255,1595.0870361328125,2022-09-29 08:51,00000,0,ER,OO,False,,,,,,,202209262059-KTBW-WGUS62-FFATBW,TBW,2022
HGX,2022-09-28 09:00,2022-09-30 15:00,2022-09-28 08:53,202209290900,BH,C,S,4,EXT,TXZ438,129.9055938720703,2022-09-30 00:37,,,,,False,,,,,,,202209280853-KHGX-WHUS44-CFWHGX,,2022
HGX,2022-09-28 09:00,2022-09-30 15:00,2022-09-28 08:53,202209290900,BH,C,S,4,EXT,TXZ437,92.48353576660156,2022-09-30 00:37,,,,,False,,,,,,,202209280853-KHGX-WHUS44-CFWHGX,,2022
LWX,2022-09-28 22:00,2022-09-30 22:42,2022-09-28 05:27,202209292200,SC,C,Y,189,CAN,ANZ533,619.4905395507812,2022-09-30 22:42,,,,,False,,,,,,,202209280527-KLWX-WHUS71-MWWLWX,,2022
MFL,2022-09-24 23:17,2022-09-25 02:00,2022-09-24 23:17,202209250200,CF,C,S,5,NEW,FLZ172,195.8022003173828,2022-09-24 23:17,,,,,False,,,,,,,202209242317-KMFL-WHUS42-CFWMFL,,2022
MFL,2022-09-25 00:29,2022-09-25 02:30,2022-09-25 00:29,202209250230,FA,C,Y,232,NEW,FLC099,5142.36865234375,2022-09-25 00:29,00000,N,ER,OO,False,,,,,,,202209250029-KMFL-WGUS82-FLSMFL,MFL,2022
MFL,2022-09-26 15:01,2022-09-27 03:05,2022-09-26 15:01,202210171501,TR,C,A,1009,UPG,FLZ066,3017.6875,2022-09-27 03:05,,,,,False,,,,,,,202209261501-KMFL-WTUS82-TCVMFL,,2022
MFL,2022-09-27 00:19,2022-09-27 00:45,2022-09-27 00:19,202209270045,MA,C,W,336,NEW,AMZ651,4013.172119140625,2022-09-27 00:19,,,,,False,,,,,,,202209270019-KMFL-WHUS52-SMWMFL,SB,2022
MFL,2022-09-27 00:30,2022-09-27 01:00,2022-09-27 00:30,202209270100,MA,C,W,337,NEW,AMZ671,10424.37890625,2022-09-27 00:30,,,,,False,,,,,,,202209270030-KMFL-WHUS52-SMWMFL,SB,2022
MFL,2022-09-27 12:58,2022-09-27 20:59,2022-09-27 12:58,202209272100,TO,C,A,544,CAN,GMZ657,3775.7763671875,2022-09-27 20:59,,,,,False,,,,,,,202209271258-KMFL-WWUS62-WCNMFL,,2022
MFL,2022-09-27 12:58,2022-09-27 20:59,2022-09-27 12:58,202209272100,TO,C,A,544,CAN,FLC087,2018.628662109375,2022-09-27 20:59,,,,,False,,,,,,,202209271258-KMFL-WWUS62-WCNMFL,,2022
MFL,2022-09-27 12:58,2022-09-27 20:59,2022-09-27 12:58,202209272100,TO,C,A,544,CAN,AMZ650,2599.531494140625,2022-09-27 20:59,,,,,False,,,,,,,202209271258-KMFL-WWUS62-WCNMFL,,2022
MFL,2022-09-27 15:23,2022-09-27 21:05,2022-09-27 15:23,202210181523,TR,C,A,1009,UPG,AMZ630,638.3042602539062,2022-09-27 21:05,,,,,False,,,,,,,202209271523-KMFL-WHUS72-MWWMFL,,2022
MFL,2022-09-27 15:41,2022-09-27 15:59,2022-09-27 15:41,202209271615,MA,C,W,346,CAN,AMZ651,4013.172119140625,2022-09-27 15:59,,,,,False,,,,,,,202209271541-KMFL-WHUS52-SMWMFL,MFL,2022
MFL,2022-09-27 17:10,2022-09-27 20:15,2022-09-27 17:10,202209272015,FA,C,Y,241,NEW,FLC011,3161.671630859375,2022-09-27 17:10,00000,N,ER,OO,False,,,,,,,202209271710-KMFL-WGUS82-FLSMFL,BAXTER,2022
MFL,2022-09-27 18:00,2022-09-27 15:23,2022-09-27 09:12,202209300600,SC,C,Y,30,CAN,AMZ630,638.3042602539062,2022-09-27 15:23,,,,,False,,,,,,,202209270912-KMFL-WHUS72-MWWMFL,,2022
MFL,2022-09-27 21:05,2022-09-29 03:08,2022-09-27 21:05,202210182105,TR,C,W,1009,CAN,AMZ630,638.3042602539062,2022-09-29 03:08,,,,,False,,,,,,,202209272105-KMFL-WHUS72-MWWMFL,,2022
MFL,2022-09-28 00:28,2022-09-28 00:34,2022-09-28 00:28,202209280100,TO,C,W,37,CAN,FLC011,3161.671630859375,2022-09-28 00:34,,,,,False,,,,,,,202209280028-KMFL-WFUS52-TORMFL,ATV,2022
MFL,2022-09-28 03:05,2022-09-29 06:15,2022-09-28 03:05,202210190305,HU,C,W,1009,CAN,FLZ070,4463.77685546875,2022-09-29 06:15,,,,,False,,,,,,,202209280305-KMFL-WTUS82-TCVMFL,,2022
MFL,2022-09-28 03:05,2022-09-29 06:15,2022-09-28 03:05,202210190305,HU,C,W,1009,CAN,FLZ063,2056.751953125,2022-09-29 06:15,,,,,False,,,,,,,202209280305-KMFL-WTUS82-TCVMFL,,2022
MFL,2022-09-28 05:00,2022-09-28 05:15,2022-09-28 05:00,202209280515,TO,C,W,57,NEW,FLC011,3161.671630859375,2022-09-28 05:00,,,,,False,,,,,,,202209280500-KMFL-WFUS52-TORMFL,SB,2022
MFL,2022-09-28 05:18,2022-09-28 05:45,2022-09-28 05:18,202209280545,TO,C,W,58,NEW,FLC099,5142.36865234375,2022-09-28 05:18,,,,,False,,,,,,,202209280518-KMFL-WFUS52-TORMFL,SB,2022
MFL,2022-09-28 07:04,2022-09-28 07:30,2022-09-28 07:04,202209280730,TO,C,W,62,NEW,FLC099,5142.36865234375,2022-09-28 07:04,,,,,False,,,,,,,202209280704-KMFL-WFUS52-TORMFL,SB,2022
MFL,2022-09-28 09:01,2022-09-28 21:00,2022-09-28 09:01,202209282100,TO,C,A,546,EXP,GMZ656,3054.080078125,2022-09-28 21:20,,,,,False,,,,,,,202209280901-KMFL-WWUS62-WCNMFL,,2022
MFL,2022-09-28 09:01,2022-09-28 21:00,2022-09-28 09:01,202209282100,TO,C,A,546,EXP,FLC086,5094.58447265625,2022-09-28 21:20,,,,,False,,,,,,,202209280901-KMFL-WWUS62-WCNMFL,,2022
MFL,2022-09-28 09:01,2022-09-28 21:00,2022-09-28 09:01,202209282100,TO,C,A,546,EXP,FLC099,5142.36865234375,2022-09-28 21:20,,,,,False,,,,,,,202209280901-KMFL-WWUS62-WCNMFL,,2022
MFL,2022-09-28 09:01,2022-09-28 21:00,2022-09-28 09:01,202209282100,TO,C,A,546,EXP,AMZ670,5737.02490234375,2022-09-28 21:20,,,,,False,,,,,,,202209280901-KMFL-WWUS62-WCNMFL,,2022
MFL,2022-09-28 09:01,2022-09-28 21:00,2022-09-28 09:01,202209282100,TO,C,A,546,EXP,FLC051,3017.6875,2022-09-28 21:20,,,,,False,,,,,,,202209280901-KMFL-WWUS62-WCNMFL,,2022
MFL,2022-09-28 09:01,2022-09-28 21:00,2022-09-28 09:01,202209282100,TO,C,A,546,EXP,AMZ651,4013.172119140625,2022-09-28 21:20,,,,,False,,,,,,,202209280901-KMFL-WWUS62-WCNMFL,,2022
MFL,2022-09-28 09:11,2022-09-28 09:45,2022-09-28 09:11,202209280945,TO,C,W,63,CON,FLC099,5142.36865234375,2022-09-28 09:33,,,,,False,,,,,,,202209280911-KMFL-WFUS52-TORMFL,GR,2022
MFL,2022-09-28 02:21,2022-09-28 02:32,2022-09-28 02:21,202209280245,TO,C,W,49,CAN,FLC099,5142.36865234375,2022-09-28 02:32,,,,,False,,,,,,,202209280221-KMFL-WFUS52-TORMFL,NC,2022
MFL,2022-09-29 03:28,2022-09-30 08:24,2022-09-29 03:08,202209301200,SC,C,Y,31,CAN,AMZ630,638.3042602539062,2022-09-30 08:24,,,,,False,,,,,,,202209290308-KMFL-WHUS72-MWWMFL,,2022
MFL,2022-09-29 03:28,2022-10-01 06:13,2022-09-29 03:08,202209301200,SC,C,Y,31,CAN,AMZ651,4013.172119140625,2022-10-01 06:13,,,,,False,,,,,,,202209290308-KMFL-WHUS72-MWWMFL,,2022
MFL,2022-09-29 06:06,2022-09-30 23:31,2022-09-29 06:06,202209300000,RP,C,S,33,CAN,FLZ069,787.5226440429688,2022-09-30 23:31,,,,,False,,,,,,,202209290606-KMFL-WHUS42-CFWMFL,,2022
MFL,2022-09-29 12:21,2022-10-01 06:13,2022-09-29 12:21,202209301200,SC,C,Y,31,CAN,AMZ650,2599.531494140625,2022-10-01 06:13,,,,,False,,,,,,,202209291221-KMFL-WHUS72-MWWMFL,,2022
TBW,2022-09-26 03:17,2022-09-26 21:17,2022-09-26 03:17,202210170317,TR,C,A,1009,UPG,GMZ856,3309.3095703125,2022-09-26 21:17,,,,,False,,,,,,,202209260317-KTBW-WHUS72-MWWTBW,,2022
TBW,2022-09-26 03:17,2022-09-26 21:17,2022-09-26 03:17,202210170317,TR,C,A,1009,UPG,GMZ836,726.0570068359375,2022-09-26 21:17,,,,,False,,,,,,,202209260317-KTBW-WHUS72-MWWTBW,,2022
TBW,2022-09-26 09:13,2022-09-26 21:17,2022-09-26 09:13,202210170913,HU,C,A,1009,UPG,GMZ876,5190.9150390625,2022-09-26 21:17,,,,,False,,,,,,,202209260913-KTBW-WHUS72-MWWTBW,,2022
TBW,2022-09-26 09:13,2022-09-26 21:17,2022-09-26 09:13,202210170913,HU,C,A,1009,UPG,GMZ830,952.15966796875,2022-09-26 21:17,,,,,False,,,,,,,202209260913-KTBW-WHUS72-MWWTBW,,2022
TBW,2022-09-26 21:00,2022-09-29 08:51,2022-09-26 20:59,202209300600,FA,C,A,3,CAN,FLZ160,560.7767333984375,2022-09-29 08:51,00000,0,ER,OO,False,,,,,,,202209262059-KTBW-WGUS62-FFATBW,TBW,2022
TBW,2022-09-26 21:00,2022-09-29 08:51,2022-09-26 20:59,202209300600,FA,C,A,3,CAN,FLZ162,705.6476440429688,2022-09-29 08:51,00000,0,ER,OO,False,,,,,,,202209262059-KTBW-WGUS62-FFATBW,TBW,2022
TBW,2022-09-26 21:10,2022-09-29 09:10,2022-09-26 21:10,202210172110,HU,C,W,1009,CAN,FLZ251,2045.0164794921875,2022-09-29 09:10,,,,,False,,,,,,,202209262110-KTBW-WTUS82-TCVTBW,,2022
TBW,2022-09-26 21:10,2022-09-27 09:08,2022-09-26 21:10,202210172110,HU,C,A,1009,UPG,FLZ165,792.4913330078125,2022-09-27 09:08,,,,,False,,,,,,,202209262110-KTBW-WTUS82-TCVTBW,,2022
TBW,2022-09-26 21:17,2022-09-27 23:02,2022-09-26 21:17,202210172117,HU,C,A,1009,CAN,GMZ870,7298.208984375,2022-09-27 23:02,,,,,False,,,,,,,202209262117-KTBW-WHUS72-MWWTBW,,2022
TBW,2022-09-26 21:17,2022-09-27 09:18,2022-09-26 21:17,202210172117,TR,C,W,1009,UPG,GMZ836,726.0570068359375,2022-09-27 09:18,,,,,False,,,,,,,202209262117-KTBW-WHUS72-MWWTBW,,2022
TBW,2022-09-26 21:17,2022-09-27 09:18,2022-09-26 21:17,202210172117,TR,C,W,1009,UPG,GMZ856,3309.3095703125,2022-09-27 09:18,,,,,False,,,,,,,202209262117-KTBW-WHUS72-MWWTBW,,2022
FSD,2022-09-25 18:00,2022-09-26 00:00,2022-09-25 17:16,202209260000,FW,C,W,19,EXP,IAZ014,1480.0986328125,2022-09-25 23:52,,,,,False,,,,,,,202209251716-KFSD-WWUS83-RFWFSD,Schumacher,2022
TBW,2022-09-26 22:56,2022-09-27 01:00,2022-09-26 22:56,202209270100,FA,C,Y,121,NEW,FLC049,1655.9881591796875,2022-09-26 22:56,00000,N,ER,OO,False,,,,,,,202209262256-KTBW-WGUS82-FLSTBW,TBW,2022
TBW,2022-09-26 22:56,2022-09-27 01:00,2022-09-26 22:56,202209270100,FA,C,Y,121,NEW,FLC105,5213.7373046875,2022-09-26 22:56,00000,N,ER,OO,False,,,,,,,202209262256-KTBW-WGUS82-FLSTBW,TBW,2022
TBW,2022-09-27 09:08,2022-09-29 15:30,2022-09-27 09:08,202210180908,TR,C,W,1009,CAN,FLZ142,374.01318359375,2022-09-29 15:30,,,,,False,,,,,,,202209270908-KTBW-WTUS82-TCVTBW,,2022
TBW,2022-09-27 09:08,2022-09-29 15:30,2022-09-27 09:08,202210180908,TR,C,W,1009,CAN,FLZ239,1972.1533203125,2022-09-29 15:30,,,,,False,,,,,,,202209270908-KTBW-WTUS82-TCVTBW,,2022
TBW,2022-09-27 09:08,2022-09-29 09:10,2022-09-27 09:08,202210180908,HU,C,W,1009,CAN,FLZ265,1323.2781982421875,2022-09-29 09:10,,,,,False,,,,,,,202209270908-KTBW-WTUS82-TCVTBW,,2022
TBW,2022-09-27 09:08,2022-09-29 09:10,2022-09-27 09:08,202210180908,HU,C,W,1009,CAN,FLZ165,792.4913330078125,2022-09-29 09:10,,,,,False,,,,,,,202209270908-KTBW-WTUS82-TCVTBW,,2022
TBW,2022-09-27 09:08,2022-09-29 09:10,2022-09-27 09:08,202210180908,HU,C,W,1009,CAN,FLZ262,1112.4666748046875,2022-09-29 09:10,,,,,False,,,,,,,202209270908-KTBW-WTUS82-TCVTBW,,2022
TBW,2022-09-27 09:08,2022-09-29 15:30,2022-09-27 09:08,202210180908,TR,C,W,1009,CAN,FLZ148,260.2538757324219,2022-09-29 15:30,,,,,False,,,,,,,202209270908-KTBW-WTUS82-TCVTBW,,2022
TBW,2022-09-27 09:08,2022-09-29 15:30,2022-09-27 09:08,202210180908,TR,C,W,1009,CAN,FLZ149,323.91094970703125,2022-09-29 15:30,,,,,False,,,,,,,202209270908-KTBW-WTUS82-TCVTBW,,2022
TBW,2022-09-27 09:08,2022-09-29 15:30,2022-09-27 09:08,202210180908,TR,C,W,1009,CAN,FLZ249,1657.72900390625,2022-09-29 15:30,,,,,False,,,,,,,202209270908-KTBW-WTUS82-TCVTBW,,2022
FGF,2022-09-28 07:00,2022-09-28 13:41,2022-09-28 02:42,202209281400,FR,C,Y,7,CAN,NDZ054,1267.4820556640625,2022-09-28 13:41,,,,,False,,,,,,,202209280242-KFGF-WWUS73-NPWFGF,,2022
MFL,2022-09-28 02:45,2022-09-28 05:45,2022-09-28 02:45,202209280545,FA,C,Y,249,NEW,FLC099,5142.36865234375,2022-09-28 02:45,00000,N,ER,OO,False,,,,,,,202209280245-KMFL-WGUS82-FLSMFL,ATV,2022
LWX,2022-09-27 13:00,2022-09-28 15:00,2022-09-27 05:40,202209281000,SC,C,Y,188,EXP,ANZ541,312.7153015136719,2022-09-28 14:57,,,,,False,,,,,,,202209270540-KLWX-WHUS71-MWWLWX,,2022
TAE,2022-09-24 15:48,2022-09-25 03:00,2022-09-24 15:48,202209250300,RP,C,S,115,EXB,FLZ114,404.1982116699219,2022-09-24 15:48,,,,,False,,,,,,,202209241548-KTAE-WHUS42-CFWTAE,,2022
TAE,2022-09-26 21:33,2022-09-27 15:19,2022-09-26 21:33,202210172133,TR,C,A,1009,UPG,GMZ752,2660.048583984375,2022-09-27 15:19,,,,,False,,,,,,,202209262133-KTAE-WHUS72-MWWTAE,,2022
TAE,2022-09-26 21:33,2022-09-27 15:19,2022-09-26 21:33,202210172133,TR,C,A,1009,UPG,GMZ772,6182.2119140625,2022-09-27 15:19,,,,,False,,,,,,,202209262133-KTAE-WHUS72-MWWTAE,,2022
TAE,2022-09-26 21:34,2022-09-27 21:04,2022-09-26 21:34,202210172134,TR,C,A,1009,UPG,FLZ118,101.35670471191406,2022-09-27 21:04,,,,,False,,,,,,,202209262134-KTAE-WTUS82-TCVTAE,,2022
TAE,2022-09-26 21:34,2022-09-27 21:04,2022-09-26 21:34,202210172134,SS,C,A,1009,CAN,FLZ134,632.94970703125,2022-09-27 21:04,,,,,False,,,,,,,202209262134-KTAE-WTUS82-TCVTAE,,2022
TAE,2022-09-27 09:00,2022-09-26 21:33,2022-09-26 17:58,202209281200,SC,C,Y,42,CAN,GMZ772,6182.2119140625,2022-09-26 21:33,,,,,False,,,,,,,202209261758-KTAE-WHUS72-MWWTAE,,2022
TAE,2022-09-27 15:19,2022-09-29 15:11,2022-09-27 15:19,202210181519,TR,C,W,1009,CAN,GMZ775,9999.0927734375,2022-09-29 15:11,,,,,False,,,,,,,202209271519-KTAE-WHUS72-MWWTAE,,2022
TAE,2022-09-27 15:19,2022-09-29 15:11,2022-09-27 15:19,202210181519,TR,C,W,1009,CAN,GMZ730,1865.003173828125,2022-09-29 15:11,,,,,False,,,,,,,202209271519-KTAE-WHUS72-MWWTAE,,2022
HUN,2022-09-25 23:27,2022-09-26 00:00,2022-09-25 23:27,202209260000,SV,C,W,95,EXP,ALC071,2918.737060546875,2022-09-25 23:51,,,,,False,,,,,,,202209252327-KHUN-WUUS54-SVRHUN,KTW,2022
TAE,2022-09-29 15:11,2022-09-30 00:53,2022-09-29 15:11,202209300900,GL,C,W,6,CAN,GMZ775,9999.0927734375,2022-09-30 00:53,,,,,False,,,,,,,202209291511-KTAE-WHUS72-MWWTAE,,2022
TAE,2022-09-29 15:11,2022-09-30 00:53,2022-09-29 15:11,202209300900,GL,C,W,6,CAN,GMZ765,2776.03466796875,2022-09-30 00:53,,,,,False,,,,,,,202209291511-KTAE-WHUS72-MWWTAE,,2022
MFR,2022-09-24 18:00,2022-09-26 06:00,2022-09-22 21:00,202209261800,SC,C,Y,96,CON,PZZ350,2759.1328125,2022-09-25 21:07,,,,,False,,,,,,,202209222100-KMFR-WHUS76-MWWMFR,Visit us at https://www.,2022
MFR,2022-09-28 12:00,2022-09-29 18:00,2022-09-27 21:25,202209300000,SC,C,Y,97,CON,PZZ370,13379.591796875,2022-09-29 10:35,,,,,False,,,,,,,202209272125-KMFR-WHUS76-MWWMFR,Visit us at https://www.,2022
MFR,2022-09-28 12:00,2022-09-29 18:00,2022-09-27 21:25,202209300000,SC,C,Y,97,CON,PZZ376,12508.740234375,2022-09-29 10:35,,,,,False,,,,,,,202209272125-KMFR-WHUS76-MWWMFR,Visit us at https://www.,2022
MFR,2022-09-29 22:00,2022-10-01 15:00,2022-09-29 05:48,202210010600,SC,C,Y,98,CON,PZZ356,2555.864501953125,2022-10-01 09:30,,,,,False,,,,,,,202209290548-KMFR-WHUS76-MWWMFR,Visit us at https://www.,2022
MLB,2022-09-27 21:17,2022-09-29 09:41,2022-09-27 21:17,202210182117,HU,C,W,1009,CAN,FLZ058,2013.75390625,2022-09-29 09:41,,,,,False,,,,,,,202209272117-KMLB-WTUS82-TCVMLB,,2022
MLB,2022-09-27 21:17,2022-09-29 09:41,2022-09-27 21:17,202210182117,HU,C,W,1009,CAN,FLZ053,3908.38330078125,2022-09-29 09:41,,,,,False,,,,,,,202209272117-KMLB-WTUS82-TCVMLB,,2022
CHS,2022-09-27 15:22,2022-09-28 03:27,2022-09-27 15:22,202210181522,TR,C,A,1009,UPG,AMZ350,4509.06201171875,2022-09-28 03:27,,,,,False,,,,,,,202209271522-KCHS-WHUS72-MWWCHS,,2022
GUM,2022-09-24 20:00,2022-09-25 06:25,2022-09-23 19:01,202209250800,SC,C,Y,30,CAN,PMZ153,9520.921875,2022-09-25 06:25,,,,,False,,,,,,,202209231901-PGUM-WHGM70-MWWGUM,Pavliukoit,2022
TWC,2022-09-24 04:47,2022-09-24 06:45,2022-09-24 04:47,202209240645,FA,C,Y,273,EXP,AZC019,23815.521484375,2022-09-24 06:42,00000,N,ER,OO,False,,,,,,,202209240447-KTWC-WGUS85-FLSTWC,GLZ,2022
RAH,2022-09-29 15:07,2022-10-01 03:23,2022-09-29 15:07,202210201507,TR,C,W,1009,CAN,NCZ025,771.1385498046875,2022-10-01 03:23,,,,,False,,,,,,,202209291507-KRAH-WTUS82-TCVRAH,,2022
LWX,2022-09-28 22:00,2022-09-29 18:00,2022-09-28 05:27,202209291800,SC,C,Y,189,CON,ANZ539,106.7416000366211,2022-09-29 16:45,,,,,False,,,,,,,202209280527-KLWX-WHUS71-MWWLWX,,2022
ALY,2022-09-24 04:00,2022-09-24 12:00,2022-09-23 07:00,202209241200,FR,C,Y,5,EXP,NYZ033,4672.8017578125,2022-09-24 12:01,,,,,False,,,,,,,202209230700-KALY-WWUS71-NPWALY,,2022
TBW,2022-09-28 01:35,2022-09-28 01:45,2022-09-28 01:35,202209280145,TO,C,W,23,EXP,FLC071,2115.832275390625,2022-09-28 01:44,,,,,False,,,,,,,202209280135-KTBW-WFUS52-TORTBW,TBW,2022
MFL,2022-09-28 04:20,2022-09-28 04:45,2022-09-28 04:20,202209280445,TO,C,W,53,NEW,FLC099,5142.36865234375,2022-09-28 04:20,,,,,False,,,,,,,202209280420-KMFL-WFUS52-TORMFL,GR,2022
MFL,2022-09-28 04:38,2022-09-28 05:00,2022-09-28 04:38,202209280500,TO,C,W,54,NEW,FLC011,3161.671630859375,2022-09-28 04:38,,,,,False,,,,,,,202209280438-KMFL-WFUS52-TORMFL,SB,2022
MFL,2022-09-28 05:00,2022-09-28 05:15,2022-09-28 05:00,202209280515,TO,C,W,57,NEW,FLC099,5142.36865234375,2022-09-28 05:00,,,,,False,,,,,,,202209280500-KMFL-WFUS52-TORMFL,SB,2022
GYX,2022-09-24 03:00,2022-09-24 19:08,2022-09-23 07:00,202209242100,WI,C,Y,12,CAN,MEZ027,982.9847412109375,2022-09-24 19:08,,,,,False,,,,,,,202209230700-KGYX-WWUS71-NPWGYX,ARNOTT,2022
GYX,2022-09-24 19:19,2022-09-24 23:16,2022-09-24 19:19,202209251200,SC,C,Y,78,CAN,ANZ154,4069.749267578125,2022-09-24 23:16,,,,,False,,,,,,,202209241919-KGYX-WHUS71-MWWGYX,,2022
HFO,2022-09-27 13:32,2022-09-28 01:06,2022-09-27 07:02,202209281600,SC,C,Y,33,CAN,PHZ123,12031.0380859375,2022-09-28 01:06,,,,,False,,,,,,,202209270702-PHFO-WHHW70-MWWHFO,,2022
SLC,2022-09-29 02:01,2022-09-29 03:00,2022-09-29 02:01,202209290300,SV,C,W,78,EXP,UTC057,1706.0267333984375,2022-09-29 02:54,,,,,False,,,,,,,202209290201-KSLC-WUUS55-SVRSLC,JW,2022
SLC,2022-09-29 02:01,2022-09-29 03:00,2022-09-29 02:01,202209290300,SV,C,W,78,EXP,UTC045,18860.509765625,2022-09-29 02:54,,,,,False,,,,,,,202209290201-KSLC-WUUS55-SVRSLC,JW,2022
MEG,2022-09-25 01:06,2022-09-25 01:26,2022-09-25 01:06,202209250145,TO,C,W,49,CAN,ARC093,2381.809326171875,2022-09-25 01:26,,,,,False,,,,,,,202209250106-KMEG-WFUS54-TORMEG,,2022
MEG,2022-09-25 01:26,2022-09-25 02:15,2022-09-25 01:26,202209250215,SV,C,W,213,CON,MOC155,1326.915771484375,2022-09-25 01:45,,,,,False,,,,,,,202209250126-KMEG-WUUS54-SVRMEG,,2022
MEG,2022-09-25 01:26,2022-09-25 02:15,2022-09-25 01:26,202209250215,SV,C,W,213,CON,MOC069,1415.914306640625,2022-09-25 01:45,,,,,False,,,,,,,202209250126-KMEG-WUUS54-SVRMEG,,2022
MEG,2022-09-28 17:00,2022-09-29 00:00,2022-09-27 20:27,202209290000,FW,C,W,3,CON,TNZ088,2029.4879150390625,2022-09-28 20:29,,,,,False,,,,,,,202209272027-KMEG-WWUS84-RFWMEG,ANS,2022
MEG,2022-09-28 17:00,2022-09-29 00:00,2022-09-27 20:27,202209290000,FW,C,W,3,CON,MSZ016,1173.9027099609375,2022-09-28 20:29,,,,,False,,,,,,,202209272027-KMEG-WWUS84-RFWMEG,ANS,2022
MEG,2022-09-28 17:00,2022-09-29 00:00,2022-09-27 20:27,202209290000,FW,C,W,3,CON,TNZ089,1829.3187255859375,2022-09-28 20:29,,,,,False,,,,,,,202209272027-KMEG-WWUS84-RFWMEG,ANS,2022
MEG,2022-09-28 17:00,2022-09-29 00:00,2022-09-27 20:27,202209290000,FW,C,W,3,CON,MSZ005,1039.673583984375,2022-09-28 20:29,,,,,False,,,,,,,202209272027-KMEG-WWUS84-RFWMEG,ANS,2022
MEG,2022-09-28 17:00,2022-09-29 00:00,2022-09-27 20:27,202209290000,FW,C,W,3,CON,MSZ023,1306.4892578125,2022-09-28 20:29,,,,,False,,,,,,,202209272027-KMEG-WWUS84-RFWMEG,ANS,2022
MEG,2022-09-28 17:00,2022-09-29 00:00,2022-09-27 20:27,202209290000,FW,C,W,3,CON,MSZ012,1826.7215576171875,2022-09-28 20:29,,,,,False,,,,,,,202209272027-KMEG-WWUS84-RFWMEG,ANS,2022
MEG,2022-09-28 17:00,2022-09-27 20:27,2022-09-26 20:07,202209290000,FW,C,A,1,UPG,MSZ006,1151.493896484375,2022-09-27 20:27,,,,,False,,,,,,,202209262007-KMEG-WWUS84-RFWMEG,,2022
MEG,2022-09-28 17:00,2022-09-27 20:27,2022-09-26 20:07,202209290000,FW,C,A,1,UPG,MSZ009,1083.2877197265625,2022-09-27 20:27,,,,,False,,,,,,,202209262007-KMEG-WWUS84-RFWMEG,,2022
MEG,2022-09-28 17:00,2022-09-29 00:00,2022-09-27 20:27,202209290000,FW,C,W,3,CON,ARZ049,1604.5947265625,2022-09-28 20:29,,,,,False,,,,,,,202209272027-KMEG-WWUS84-RFWMEG,ANS,2022
MEG,2022-09-28 17:00,2022-09-27 20:27,2022-09-26 20:07,202209290000,FW,C,A,1,UPG,MSZ004,1191.341552734375,2022-09-27 20:27,,,,,False,,,,,,,202209262007-KMEG-WWUS84-RFWMEG,,2022
TBW,2022-09-26 21:00,2022-09-29 08:51,2022-09-26 20:59,202209300600,FA,C,A,3,CAN,FLZ050,739.8617553710938,2022-09-29 08:51,00000,0,ER,OO,False,,,,,,,202209262059-KTBW-WGUS62-FFATBW,TBW,2022
TBW,2022-09-26 21:00,2022-09-29 08:51,2022-09-26 20:59,202209300600,FA,C,A,3,CAN,FLZ239,1972.1533203125,2022-09-29 08:51,00000,0,ER,OO,False,,,,,,,202209262059-KTBW-WGUS62-FFATBW,TBW,2022
MFL,2022-09-27 15:10,2022-09-28 03:05,2022-09-27 15:10,202210181510,HU,C,A,1009,UPG,FLZ066,3017.6875,2022-09-28 03:05,,,,,False,,,,,,,202209271510-KMFL-WTUS82-TCVMFL,,2022
MFL,2022-09-24 20:10,2022-09-24 22:15,2022-09-24 20:10,202209242215,FA,C,Y,229,NEW,FLC099,5142.36865234375,2022-09-24 20:10,00000,N,ER,OO,False,,,,,,,202209242010-KMFL-WGUS82-FLSMFL,Hadi,2022
MFL,2022-09-24 20:10,2022-09-24 22:15,2022-09-24 20:10,202209242215,FA,C,Y,229,NEW,FLC011,3161.671630859375,2022-09-24 20:10,00000,N,ER,OO,False,,,,,,,202209242010-KMFL-WGUS82-FLSMFL,Hadi,2022
MFL,2022-09-24 20:20,2022-09-24 22:15,2022-09-24 20:20,202209242215,FA,C,Y,230,CON,FLC099,5142.36865234375,2022-09-24 20:42,00000,N,ER,OO,False,,,,,,,202209242020-KMFL-WGUS82-FLSMFL,Hadi,2022
MFL,2022-09-24 20:38,2022-09-24 21:15,2022-09-24 20:38,202209242115,MA,C,W,333,NEW,GMZ657,3775.7763671875,2022-09-24 20:38,,,,,False,,,,,,,202209242038-KMFL-WHUS52-SMWMFL,Hadi,2022
MFL,2022-09-24 21:18,2022-09-24 21:45,2022-09-24 21:18,202209242145,MA,C,W,335,NEW,AMZ610,1727.8983154296875,2022-09-24 21:18,,,,,False,,,,,,,202209242118-KMFL-WHUS52-SMWMFL,Hadi,2022
MFL,2022-09-26 03:08,2022-09-26 15:03,2022-09-26 03:08,202210170308,TR,C,A,1009,UPG,GMZ676,4736.71826171875,2022-09-26 15:03,,,,,False,,,,,,,202209260308-KMFL-WHUS72-MWWMFL,,2022
MFL,2022-09-26 03:08,2022-09-26 15:03,2022-09-26 03:08,202210170308,TR,C,A,1009,UPG,GMZ656,3054.080078125,2022-09-26 15:03,,,,,False,,,,,,,202209260308-KMFL-WHUS72-MWWMFL,,2022
MFL,2022-09-27 01:01,2022-09-27 01:45,2022-09-27 01:01,202209270145,MA,C,W,338,NEW,AMZ671,10424.37890625,2022-09-27 01:01,,,,,False,,,,,,,202209270101-KMFL-WHUS52-SMWMFL,ATV,2022
MFL,2022-09-27 01:01,2022-09-27 01:45,2022-09-27 01:01,202209270145,MA,C,W,338,NEW,AMZ651,4013.172119140625,2022-09-27 01:01,,,,,False,,,,,,,202209270101-KMFL-WHUS52-SMWMFL,ATV,2022
MFL,2022-09-27 01:01,2022-09-27 01:45,2022-09-27 01:01,202209270145,MA,C,W,338,NEW,AMZ630,638.3042602539062,2022-09-27 01:01,,,,,False,,,,,,,202209270101-KMFL-WHUS52-SMWMFL,ATV,2022
MFL,2022-09-27 01:03,2022-09-27 01:30,2022-09-27 01:03,202209270130,MA,C,W,339,NEW,AMZ671,10424.37890625,2022-09-27 01:03,,,,,False,,,,,,,202209270103-KMFL-WHUS52-SMWMFL,SB,2022
MFL,2022-09-27 12:58,2022-09-27 20:59,2022-09-27 12:58,202209272100,TO,C,A,544,CAN,AMZ670,5737.02490234375,2022-09-27 20:59,,,,,False,,,,,,,202209271258-KMFL-WWUS62-WCNMFL,,2022
MFL,2022-09-27 12:58,2022-09-27 20:59,2022-09-27 12:58,202209272100,TO,C,A,544,CAN,GMZ656,3054.080078125,2022-09-27 20:59,,,,,False,,,,,,,202209271258-KMFL-WWUS62-WCNMFL,,2022
MFL,2022-09-27 14:42,2022-09-27 15:00,2022-09-27 14:42,202209271500,MA,C,W,344,EXP,AMZ671,10424.37890625,2022-09-27 14:59,,,,,False,,,,,,,202209271442-KMFL-WHUS52-SMWMFL,MFL,2022
MFL,2022-09-27 12:58,2022-09-27 20:59,2022-09-27 12:58,202209272100,TO,C,A,544,CAN,FLC099,5142.36865234375,2022-09-27 20:59,,,,,False,,,,,,,202209271258-KMFL-WWUS62-WCNMFL,,2022
MFL,2022-09-27 12:58,2022-09-27 20:59,2022-09-27 12:58,202209272100,TO,C,A,544,CAN,AMZ630,638.3042602539062,2022-09-27 20:59,,,,,False,,,,,,,202209271258-KMFL-WWUS62-WCNMFL,,2022
MFL,2022-09-27 13:51,2022-09-27 14:32,2022-09-27 13:51,202209271700,FA,C,Y,236,CAN,FLC099,5142.36865234375,2022-09-27 14:32,00000,N,ER,OO,False,,,,,,,202209271351-KMFL-WGUS82-FLSMFL,BAXTER,2022
MFL,2022-09-27 15:23,2022-09-27 21:05,2022-09-27 15:23,202210181523,TR,C,A,1009,UPG,AMZ671,10424.37890625,2022-09-27 21:05,,,,,False,,,,,,,202209271523-KMFL-WHUS72-MWWMFL,,2022
MFL,2022-09-27 19:45,2022-09-27 20:15,2022-09-27 19:45,202209272015,TO,C,W,19,CON,FLC086,5094.58447265625,2022-09-27 19:58,,,,,False,,,,,,,202209271945-KMFL-WFUS52-TORMFL-RRA,MFL,2022
MFL,2022-09-27 20:59,2022-09-28 09:00,2022-09-27 20:59,202209280900,TO,C,A,545,EXP,GMZ657,3775.7763671875,2022-09-28 09:01,,,,,False,,,,,,,202209272059-KMFL-WWUS62-WCNMFL,,2022
MFL,2022-09-27 20:59,2022-09-28 09:00,2022-09-27 20:59,202209280900,TO,C,A,545,EXP,FLC099,5142.36865234375,2022-09-28 09:01,,,,,False,,,,,,,202209272059-KMFL-WWUS62-WCNMFL,,2022
MFL,2022-09-27 20:59,2022-09-28 09:00,2022-09-27 20:59,202209280900,TO,C,A,545,EXP,GMZ676,4736.71826171875,2022-09-28 09:01,,,,,False,,,,,,,202209272059-KMFL-WWUS62-WCNMFL,,2022
MFL,2022-09-27 22:09,2022-09-27 22:23,2022-09-27 22:09,202209272245,TO,C,W,26,CAN,FLC086,5094.58447265625,2022-09-27 22:23,,,,,False,,,,,,,202209272209-KMFL-WFUS52-TORMFL,ATV,2022
MFL,2022-09-27 22:09,2022-09-27 22:45,2022-09-27 22:09,202209272245,TO,C,W,26,EXP,FLC021,5251.28515625,2022-09-27 22:44,,,,,False,,,,,,,202209272209-KMFL-WFUS52-TORMFL,ATV,2022
MFL,2022-09-27 22:43,2022-09-27 23:15,2022-09-27 22:43,202209272315,TO,C,W,29,EXP,FLC051,3017.6875,2022-09-27 23:12,,,,,False,,,,,,,202209272243-KMFL-WFUS52-TORMFL,ATV,2022
MFL,2022-09-27 22:43,2022-09-27 23:15,2022-09-27 22:43,202209272315,TO,C,W,29,EXP,FLC099,5142.36865234375,2022-09-27 23:12,,,,,False,,,,,,,202209272243-KMFL-WFUS52-TORMFL,ATV,2022
MFL,2022-09-27 23:15,2022-09-27 23:45,2022-09-27 23:15,202209272345,TO,C,W,31,EXP,FLC099,5142.36865234375,2022-09-27 23:38,,,,,False,,,,,,,202209272315-KMFL-WFUS52-TORMFL,NC,2022
MFL,2022-09-27 23:44,2022-09-28 00:15,2022-09-27 23:44,202209280015,TO,C,W,33,EXP,FLC051,3017.6875,2022-09-28 00:09,,,,,False,,,,,,,202209272344-KMFL-WFUS52-TORMFL,NC,2022
MFL,2022-09-27 23:58,2022-09-28 00:30,2022-09-27 23:58,202209280030,TO,C,W,35,EXP,FLC021,5251.28515625,2022-09-28 00:29,,,,,False,,,,,,,202209272358-KMFL-WFUS52-TORMFL,NC,2022
MFL,2022-09-28 00:05,2022-09-28 02:00,2022-09-28 00:05,202209280200,FF,C,W,30,NEW,FLC086,5094.58447265625,2022-09-28 00:05,00000,0,ER,OO,False,,,,,,,202209280005-KMFL-WGUS52-FFWMFL,SB,2022
MFL,2022-09-28 00:26,2022-09-28 02:30,2022-09-28 00:26,202209280230,FF,C,W,31,NEW,FLC011,3161.671630859375,2022-09-28 00:26,00000,0,ER,OO,False,,,,,,,202209280026-KMFL-WGUS52-FFWMFL,SB,2022
MFL,2022-09-28 00:27,2022-09-28 01:00,2022-09-28 00:27,202209280100,TO,C,W,36,EXP,FLC021,5251.28515625,2022-09-28 00:58,,,,,False,,,,,,,202209280027-KMFL-WFUS52-TORMFL,NC,2022
MFL,2022-09-28 01:55,2022-09-28 02:30,2022-09-28 01:55,202209280230,TO,C,W,46,CON,FLC021,5251.28515625,2022-09-28 02:08,,,,,False,,,,,,,202209280155-KMFL-WFUS52-TORMFL,GR,2022
MFL,2022-09-28 01:55,2022-09-28 02:08,2022-09-28 01:55,202209280230,TO,C,W,46,CAN,FLC086,5094.58447265625,2022-09-28 02:08,,,,,False,,,,,,,202209280155-KMFL-WFUS52-TORMFL,GR,2022
MFL,2022-09-28 01:55,2022-09-28 02:08,2022-09-28 01:55,202209280230,TO,C,W,46,CAN,FLC011,3161.671630859375,2022-09-28 02:08,,,,,False,,,,,,,202209280155-KMFL-WFUS52-TORMFL,GR,2022
MFL,2022-09-28 02:03,2022-09-28 02:30,2022-09-28 02:03,202209280230,TO,C,W,48,NEW,FLC051,3017.6875,2022-09-28 02:03,,,,,False,,,,,,,202209280203-KMFL-WFUS52-TORMFL,GR,2022
MFL,2022-09-28 02:03,2022-09-28 02:30,2022-09-28 02:03,202209280230,TO,C,W,48,NEW,FLC021,5251.28515625,2022-09-28 02:03,,,,,False,,,,,,,202209280203-KMFL-WFUS52-TORMFL,GR,2022
MFL,2022-09-28 05:00,2022-09-28 05:15,2022-09-28 05:00,202209280515,TO,C,W,57,NEW,FLC051,3017.6875,2022-09-28 05:00,,,,,False,,,,,,,202209280500-KMFL-WFUS52-TORMFL,SB,2022
MFL,2022-09-28 09:01,2022-09-28 21:00,2022-09-28 09:01,202209282100,TO,C,A,546,EXP,AMZ630,638.3042602539062,2022-09-28 21:20,,,,,False,,,,,,,202209280901-KMFL-WWUS62-WCNMFL,,2022
MFL,2022-09-28 09:01,2022-09-28 21:00,2022-09-28 09:01,202209282100,TO,C,A,546,EXP,FLC021,5251.28515625,2022-09-28 21:20,,,,,False,,,,,,,202209280901-KMFL-WWUS62-WCNMFL,,2022
MFL,2022-09-28 09:01,2022-09-28 21:00,2022-09-28 09:01,202209282100,TO,C,A,546,EXP,AMZ650,2599.531494140625,2022-09-28 21:20,,,,,False,,,,,,,202209280901-KMFL-WWUS62-WCNMFL,,2022
MFL,2022-09-28 09:01,2022-09-28 21:00,2022-09-28 09:01,202209282100,TO,C,A,546,EXP,FLC011,3161.671630859375,2022-09-28 21:20,,,,,False,,,,,,,202209280901-KMFL-WWUS62-WCNMFL,,2022
MFL,2022-09-28 09:01,2022-09-28 21:00,2022-09-28 09:01,202209282100,TO,C,A,546,EXP,GMZ676,4736.71826171875,2022-09-28 21:20,,,,,False,,,,,,,202209280901-KMFL-WWUS62-WCNMFL,,2022
MFL,2022-09-28 15:54,2022-09-28 21:00,2022-09-28 15:54,202209281900,FA,C,W,1,EXT,FLC051,3017.6875,2022-09-28 18:51,00000,0,ER,OO,False,,,,,,,202209281554-KMFL-WGUS42-FLWMFL,BAXTER,2022
MFL,2022-09-29 03:26,2022-09-29 09:29,2022-09-29 03:26,202209300000,CF,C,Y,3,CAN,FLZ174,1006.6227416992188,2022-09-29 09:29,,,,,False,,,,,,,202209290326-KMFL-WHUS42-CFWMFL,,2022
MFL,2022-09-29 03:28,2022-10-01 06:13,2022-09-29 03:08,202209301200,SC,C,Y,31,CAN,AMZ671,10424.37890625,2022-10-01 06:13,,,,,False,,,,,,,202209290308-KMFL-WHUS72-MWWMFL,,2022
MFL,2022-09-29 06:06,2022-10-02 00:00,2022-09-29 03:08,202209300000,RP,C,S,33,EXP,FLZ173,557.966064453125,2022-10-02 00:04,,,,,False,,,,,,,202209290308-KMFL-WHUS42-CFWMFL,,2022
MFL,2022-09-29 06:09,2022-09-30 08:24,2022-09-29 06:09,202209301200,SC,C,Y,31,CAN,GMZ656,3054.080078125,2022-09-30 08:24,,,,,False,,,,,,,202209290609-KMFL-WHUS72-MWWMFL,,2022
MFL,2022-09-29 06:09,2022-09-30 08:24,2022-09-29 06:09,202209301200,SC,C,Y,31,CAN,GMZ657,3775.7763671875,2022-09-30 08:24,,,,,False,,,,,,,202209290609-KMFL-WHUS72-MWWMFL,,2022
MFL,2022-09-29 12:21,2022-10-01 06:13,2022-09-29 12:21,202209301200,SC,C,Y,31,CAN,AMZ670,5737.02490234375,2022-10-01 06:13,,,,,False,,,,,,,202209291221-KMFL-WHUS72-MWWMFL,,2022
MFL,2022-09-28 02:23,2022-09-28 03:00,2022-09-28 02:23,202209280300,TO,C,W,50,CON,FLC021,5251.28515625,2022-09-28 02:39,,,,,False,,,,,,,202209280223-KMFL-WFUS52-TORMFL,GR,2022
TBW,2022-09-26 21:10,2022-09-29 09:10,2022-09-26 21:10,202210172110,HU,C,W,1009,CAN,FLZ155,351.63323974609375,2022-09-29 09:10,,,,,False,,,,,,,202209262110-KTBW-WTUS82-TCVTBW,,2022
TBW,2022-09-26 21:10,2022-09-29 09:10,2022-09-26 21:10,202210172110,HU,C,W,1009,CAN,FLZ255,1595.0870361328125,2022-09-29 09:10,,,,,False,,,,,,,202209262110-KTBW-WTUS82-TCVTBW,,2022
TBW,2022-09-26 21:10,2022-09-29 09:10,2022-09-26 21:10,202210172110,SS,C,W,1009,CAN,FLZ155,351.63323974609375,2022-09-29 09:10,,,,,False,,,,,,,202209262110-KTBW-WTUS82-TCVTBW,,2022
MFL,2022-09-28 02:23,2022-09-28 03:00,2022-09-28 02:23,202209280300,TO,C,W,50,CON,FLC051,3017.6875,2022-09-28 02:39,,,,,False,,,,,,,202209280223-KMFL-WFUS52-TORMFL,GR,2022
TBW,2022-09-26 21:17,2022-09-27 09:18,2022-09-26 21:17,202210172117,HU,C,A,1009,UPG,GMZ856,3309.3095703125,2022-09-27 09:18,,,,,False,,,,,,,202209262117-KTBW-WHUS72-MWWTBW,,2022
TBW,2022-09-26 21:17,2022-09-27 09:18,2022-09-26 21:17,202210172117,HU,C,A,1009,UPG,GMZ836,726.0570068359375,2022-09-27 09:18,,,,,False,,,,,,,202209262117-KTBW-WHUS72-MWWTBW,,2022
TBW,2022-09-26 21:17,2022-09-29 09:16,2022-09-26 21:17,202210172117,HU,C,W,1009,CAN,GMZ830,952.15966796875,2022-09-29 09:16,,,,,False,,,,,,,202209262117-KTBW-WHUS72-MWWTBW,,2022
LIX,2022-09-29 23:00,2022-09-30 15:37,2022-09-28 20:10,202210010000,SC,C,Y,39,CAN,GMZ536,2794.10986328125,2022-09-30 15:37,,,,,False,,,,,,,202209282010-KLIX-WHUS74-MWWLIX,,2022
TBW,2022-09-27 09:18,2022-09-29 16:25,2022-09-27 09:18,202210180918,TR,C,W,1009,CAN,GMZ870,7298.208984375,2022-09-29 16:25,,,,,False,,,,,,,202209270918-KTBW-WHUS72-MWWTBW,,2022
TBW,2022-09-27 15:16,2022-09-29 09:10,2022-09-27 15:16,202210181516,HU,C,W,1009,CAN,FLZ052,5213.67724609375,2022-09-29 09:10,,,,,False,,,,,,,202209271516-KTBW-WTUS82-TCVTBW,,2022
TBW,2022-09-27 15:16,2022-09-27 21:27,2022-09-27 15:16,202210181516,HU,C,A,1009,UPG,FLZ057,2869.966796875,2022-09-27 21:27,,,,,False,,,,,,,202209271516-KTBW-WTUS82-TCVTBW,,2022
TBW,2022-09-27 15:16,2022-09-29 09:10,2022-09-27 15:16,202210181516,SS,C,W,1009,CAN,FLZ142,374.01318359375,2022-09-29 09:10,,,,,False,,,,,,,202209271516-KTBW-WTUS82-TCVTBW,,2022
MFL,2022-09-28 02:31,2022-09-28 02:45,2022-09-28 02:31,202209280245,TO,C,W,51,EXP,FLC099,5142.36865234375,2022-09-28 02:42,,,,,False,,,,,,,202209280231-KMFL-WFUS52-TORMFL,NC,2022
TAE,2022-09-29 15:11,2022-09-30 00:53,2022-09-29 15:11,202209300900,GL,C,W,6,CAN,GMZ770,6526.013671875,2022-09-30 00:53,,,,,False,,,,,,,202209291511-KTAE-WHUS72-MWWTAE,,2022
TAE,2022-09-29 15:11,2022-09-30 00:53,2022-09-29 15:11,202209300900,GL,C,W,6,CAN,GMZ750,4529.26123046875,2022-09-30 00:53,,,,,False,,,,,,,202209291511-KTAE-WHUS72-MWWTAE,,2022
MFR,2022-09-24 00:00,2022-09-26 09:50,2022-09-22 21:00,202209261800,SC,C,Y,96,CAN,PZZ356,2555.864501953125,2022-09-26 09:50,,,,,False,,,,,,,202209222100-KMFR-WHUS76-MWWMFR,Visit us at https://www.,2022
MFR,2022-09-24 00:00,2022-09-26 09:50,2022-09-22 08:27,202209260600,SC,C,Y,96,CAN,PZZ376,12508.740234375,2022-09-26 09:50,,,,,False,,,,,,,202209220827-KMFR-WHUS76-MWWMFR,Visit us at https://www.,2022
CHS,2022-09-28 03:16,2022-09-30 20:58,2022-09-28 03:16,202210190316,TR,C,W,1009,CAN,GAZ119,564.4234619140625,2022-09-30 20:58,,,,,False,,,,,,,202209280316-KCHS-WTUS82-TCVCHS,,2022
CHS,2022-09-27 15:12,2022-09-28 03:16,2022-09-27 15:12,202210181512,TR,C,A,1009,UPG,GAZ140,656.2826538085938,2022-09-28 03:16,,,,,False,,,,,,,202209271512-KCHS-WTUS82-TCVCHS,,2022
GRR,2022-09-25 23:14,2022-09-26 00:45,2022-09-25 23:14,202209260045,MA,C,W,44,CON,LMZ847,299.12005615234375,2022-09-26 00:22,,,,,False,,,,,,,202209252314-KGRR-WHUS53-SMWGRR,Thielke,2022
OKX,2022-09-26 03:48,2022-09-26 05:17,2022-09-26 03:48,202209260600,FA,C,Y,135,CAN,CTC007,1001.5073852539062,2022-09-26 05:17,00000,N,ER,OO,False,,,,,,,202209260348-KOKX-WGUS81-FLSOKX,JM,2022
GRR,2022-09-25 12:00,2022-09-26 00:00,2022-09-25 08:29,202209281500,SC,C,Y,89,CON,LMZ848,323.1698303222656,2022-09-25 19:25,,,,,False,,,,,,,202209250829-KGRR-WHUS73-MWWGRR,,2022
CTP,2022-09-24 06:00,2022-09-24 13:00,2022-09-23 18:34,202209241300,FR,C,Y,3,CON,PAZ006,2796.765869140625,2022-09-24 03:16,,,,,False,,,,,,,202209231834-KCTP-WWUS71-NPWCTP,,2022
MFL,2022-09-27 18:18,2022-09-27 18:45,2022-09-27 18:18,202209271845,TO,C,W,17,EXP,FLC021,5251.28515625,2022-09-27 18:40,,,,,False,,,,,,,202209271818-KMFL-WFUS52-TORMFL,MFL,2022
MFL,2022-09-28 05:18,2022-09-28 05:45,2022-09-28 05:18,202209280545,TO,C,W,58,NEW,FLC011,3161.671630859375,2022-09-28 05:18,,,,,False,,,,,,,202209280518-KMFL-WFUS52-TORMFL,SB,2022
MFL,2022-09-28 05:18,2022-09-28 05:45,2022-09-28 05:18,202209280545,TO,C,W,58,NEW,FLC051,3017.6875,2022-09-28 05:18,,,,,False,,,,,,,202209280518-KMFL-WFUS52-TORMFL,SB,2022
LWX,2022-09-27 13:00,2022-09-28 15:00,2022-09-27 05:40,202209281000,SC,C,Y,188,EXP,ANZ532,364.1634216308594,2022-09-28 14:57,,,,,False,,,,,,,202209270540-KLWX-WHUS71-MWWLWX,,2022
APX,2022-09-29 04:00,2022-09-28 15:02,2022-09-28 06:46,202209291300,FZ,C,W,3,CAN,MIZ097,107.27350616455078,2022-09-28 15:02,,,,,False,,,,,,,202209280646-KAPX-WWUS73-NPWAPX,,2022
AJK,2022-09-26 23:51,2022-09-27 22:37,2022-09-26 23:51,202209280900,FA,C,Y,16,CAN,AKZ325,7005.00341796875,2022-09-27 22:37,00000,N,ER,OO,False,,,,,,,202209262351-PAJK-WGAK87-FLSAJK,aaron.jacobs,2022
TBW,2022-09-26 09:12,2022-09-26 21:10,2022-09-26 09:12,202210170912,SS,C,A,1009,UPG,FLZ050,739.8617553710938,2022-09-26 21:10,,,,,False,,,,,,,202209260912-KTBW-WTUS82-TCVTBW,,2022
MLB,2022-09-26 15:10,2022-09-27 03:21,2022-09-26 15:10,202210171510,TR,C,A,1009,UPG,FLZ053,3908.38330078125,2022-09-27 03:21,,,,,False,,,,,,,202209261510-KMLB-WTUS82-TCVMLB,,2022
LIX,2022-09-27 14:00,2022-09-28 00:00,2022-09-26 20:19,202209280000,FW,C,W,3,CON,LAZ064,204.39285278320312,2022-09-27 18:51,,,,,False,,,,,,,202209262019-KLIX-WWUS84-RFWLIX,,2022
LIX,2022-09-27 14:00,2022-09-28 00:00,2022-09-26 20:19,202209280000,FW,C,W,3,CON,LAZ065,606.974853515625,2022-09-27 18:51,,,,,False,,,,,,,202209262019-KLIX-WWUS84-RFWLIX,,2022
TBW,2022-09-26 21:10,2022-09-27 15:16,2022-09-26 21:10,202210172110,SS,C,A,1009,UPG,FLZ148,260.2538757324219,2022-09-27 15:16,,,,,False,,,,,,,202209262110-KTBW-WTUS82-TCVTBW,,2022
LIX,2022-09-28 14:00,2022-09-27 18:51,2022-09-26 20:19,202209290000,FW,C,A,1,UPG,LAZ077,241.8096160888672,2022-09-27 18:51,,,,,False,,,,,,,202209262019-KLIX-WWUS84-RFWLIX,,2022
LIX,2022-09-28 14:00,2022-09-27 18:51,2022-09-26 20:19,202209290000,FW,C,A,1,UPG,LAZ076,304.0446472167969,2022-09-27 18:51,,,,,False,,,,,,,202209262019-KLIX-WWUS84-RFWLIX,,2022
CHS,2022-09-27 15:12,2022-09-28 03:16,2022-09-27 15:12,202210181512,TR,C,A,1009,UPG,SCZ047,1396.9560546875,2022-09-28 03:16,,,,,False,,,,,,,202209271512-KCHS-WTUS82-TCVCHS,,2022
CHS,2022-09-27 15:12,2022-09-28 03:16,2022-09-27 15:12,202210181512,TR,C,A,1009,UPG,SCZ051,330.49554443359375,2022-09-28 03:16,,,,,False,,,,,,,202209271512-KCHS-WTUS82-TCVCHS,,2022
SLC,2022-09-29 21:13,2022-09-30 00:15,2022-09-29 21:13,202209300015,FF,C,W,108,EXP,UTC055,6397.20751953125,2022-09-30 00:12,00000,0,ER,OO,False,,,,,,,202209292113-KSLC-WGUS55-FFWSLC,GM,2022
FGF,2022-09-28 07:00,2022-09-28 13:41,2022-09-27 19:05,202209281400,FZ,C,W,2,CAN,MNZ005,4334.13720703125,2022-09-28 13:41,,,,,False,,,,,,,202209271905-KFGF-WWUS73-NPWFGF,,2022
CHS,2022-09-27 15:12,2022-09-28 03:16,2022-09-27 15:12,202210181512,TR,C,A,1009,UPG,SCZ048,1529.7847900390625,2022-09-28 03:16,,,,,False,,,,,,,202209271512-KCHS-WTUS82-TCVCHS,,2022
TBW,2022-09-26 21:10,2022-09-29 12:25,2022-09-26 21:10,202210172110,SS,C,W,1009,CAN,FLZ162,705.6476440429688,2022-09-29 12:25,,,,,False,,,,,,,202209262110-KTBW-WTUS82-TCVTBW,,2022
JSJ,2022-09-26 14:14,2022-09-28 07:57,2022-09-26 14:14,202209262200,RP,C,S,69,CAN,PRZ008,528.4515991210938,2022-09-28 07:57,,,,,False,,,,,,,202209261414-TJSJ-WHCA42-CFWSJU,,2022
MHX,2022-09-29 15:03,2022-10-01 03:19,2022-09-29 15:03,202210201503,SS,C,A,1009,CAN,NCZ195,534.33056640625,2022-10-01 03:19,,,,,False,,,,,,,202209291503-KMHX-WTUS82-TCVMHX,,2022
MHX,2022-09-29 15:03,2022-10-01 03:19,2022-09-29 15:03,202210201503,TR,C,W,1009,CAN,NCZ198,1495.770263671875,2022-10-01 03:19,,,,,False,,,,,,,202209291503-KMHX-WTUS82-TCVMHX,,2022
MHX,2022-09-29 15:03,2022-10-01 03:19,2022-09-29 15:03,202210201503,TR,C,W,1009,CAN,NCZ047,758.7256469726562,2022-10-01 03:19,,,,,False,,,,,,,202209291503-KMHX-WTUS82-TCVMHX,,2022
RIW,2022-09-28 18:00,2022-09-29 00:00,2022-09-27 19:42,202209290000,FW,C,W,12,EXP,WYZ300,1020.12841796875,2022-09-28 23:53,,,,,False,,,,,,,202209271942-KRIW-WWUS85-RFWRIW,http://weather.gov/river,2022
LIX,2022-09-28 03:00,2022-09-29 03:00,2022-09-27 20:27,202209290300,WI,C,Y,11,EXP,LAZ039,1752.2254638671875,2022-09-29 02:58,,,,,False,,,,,,,202209272027-KLIX-WWUS74-NPWLIX,,2022
MHX,2022-09-29 12:00,2022-09-28 08:41,2022-09-27 19:42,202210010000,GL,C,A,12,UPG,AMZ158,4143.7119140625,2022-09-28 08:41,,,,,False,,,,,,,202209271942-KMHX-WHUS72-MWWMHX,,2022
MHX,2022-09-29 15:03,2022-10-01 03:19,2022-09-29 15:03,202210201503,TR,C,W,1009,CAN,NCZ094,883.4097900390625,2022-10-01 03:19,,,,,False,,,,,,,202209291503-KMHX-WTUS82-TCVMHX,,2022
TBW,2022-09-29 16:25,2022-09-30 12:00,2022-09-29 16:25,202209301200,SC,C,Y,23,CON,GMZ830,952.15966796875,2022-09-30 07:59,,,,,False,,,,,,,202209291625-KTBW-WHUS72-MWWTBW,,2022
FGF,2022-09-28 07:00,2022-09-28 13:41,2022-09-27 19:05,202209281400,FR,C,Y,7,CAN,MNZ027,1904.3990478515625,2022-09-28 13:41,,,,,False,,,,,,,202209271905-KFGF-WWUS73-NPWFGF,,2022
ILM,2022-09-29 15:09,2022-09-30 20:57,2022-09-29 15:09,202210201509,HU,C,W,1009,CAN,SCZ054,458.3331604003906,2022-09-30 20:57,,,,,False,,,,,,,202209291509-KILM-WTUS82-TCVILM,,2022
SLC,2022-09-29 21:38,2022-09-30 00:45,2022-09-29 21:38,202209300045,FF,C,W,109,EXP,UTC025,10636.0791015625,2022-09-30 00:41,00000,0,ER,OO,False,,,,,,,202209292138-KSLC-WGUS55-FFWSLC,GM,2022
MLB,2022-09-27 20:45,2022-09-28 08:59,2022-09-27 20:45,202209280900,TO,C,A,545,CAN,AMZ575,7583.2509765625,2022-09-28 08:59,,,,,False,,,,,,,202209272045-KMLB-WWUS62-WCNMLB,,2022
KEY,2022-09-27 20:46,2022-09-28 08:58,2022-09-27 20:46,202209280900,TO,C,A,545,CAN,GMZ032,2121.407470703125,2022-09-28 08:58,,,,,False,,,,,,,202209272046-KKEY-WWUS62-WCNKEY,CLR,2022
KEY,2022-09-27 20:46,2022-09-28 08:58,2022-09-27 20:46,202209280900,TO,C,A,545,CAN,GMZ031,1551.919189453125,2022-09-28 08:58,,,,,False,,,,,,,202209272046-KKEY-WWUS62-WCNKEY,CLR,2022
ILM,2022-09-28 15:03,2022-09-29 15:09,2022-09-28 15:03,202210191503,TR,C,W,1009,UPG,SCZ054,458.3331604003906,2022-09-29 15:09,,,,,False,,,,,,,202209281503-KILM-WTUS82-TCVILM,,2022
TOP,2022-09-24 07:57,2022-09-24 14:03,2022-09-24 07:57,202209241500,FG,C,Y,6,CAN,KSZ011,1861.3250732421875,2022-09-24 14:03,,,,,False,,,,,,,202209240757-KTOP-WWUS73-NPWTOP,Drake,2022
LWX,2022-09-25 15:40,2022-09-25 19:55,2022-09-25 15:40,202209252300,SV,C,A,543,CAN,MDC015,910.3795166015625,2022-09-25 19:55,,,,,False,,,,,,,202209251540-KLWX-WWUS61-WCNLWX,,2022
MFL,2022-09-27 20:59,2022-09-28 09:00,2022-09-27 20:59,202209280900,TO,C,A,545,EXP,AMZ610,1727.8983154296875,2022-09-28 09:01,,,,,False,,,,,,,202209272059-KMFL-WWUS62-WCNMFL,,2022
MFL,2022-09-27 20:59,2022-09-28 09:00,2022-09-27 20:59,202209280900,TO,C,A,545,EXP,AMZ630,638.3042602539062,2022-09-28 09:01,,,,,False,,,,,,,202209272059-KMFL-WWUS62-WCNMFL,,2022
SLC,2022-09-29 21:38,2022-09-30 00:45,2022-09-29 21:38,202209300045,FF,C,W,109,EXP,UTC053,6283.28662109375,2022-09-30 00:41,00000,0,ER,OO,False,,,,,,,202209292138-KSLC-WGUS55-FFWSLC,GM,2022
CHS,2022-09-29 15:10,2022-09-30 21:02,2022-09-29 15:10,202210201510,HU,C,W,1009,CAN,AMZ374,4974.74951171875,2022-09-30 21:02,,,,,False,,,,,,,202209291510-KCHS-WHUS72-MWWCHS,,2022
MPX,2022-09-27 09:00,2022-09-27 08:06,2022-09-26 19:23,202209271300,FR,C,Y,3,CAN,WIZ025,2232.581298828125,2022-09-27 08:06,,,,,False,,,,,,,202209261923-KMPX-WWUS73-NPWMPX,,2022
MQT,2022-09-26 06:00,2022-09-26 17:00,2022-09-25 19:34,202209261400,GL,C,W,42,CON,LSZ264,5600.7685546875,2022-09-26 14:49,,,,,False,,,,,,,202209251934-KMQT-WHUS73-MWWMQT,07,2022
MQT,2022-09-26 06:00,2022-09-26 17:00,2022-09-25 19:34,202209261400,GL,C,W,42,CON,LSZ243,264.9060974121094,2022-09-26 14:49,,,,,False,,,,,,,202209251934-KMQT-WHUS73-MWWMQT,07,2022
MQT,2022-09-26 06:00,2022-09-26 17:00,2022-09-25 19:34,202209261400,GL,C,W,42,CON,LSZ244,532.0946044921875,2022-09-26 14:49,,,,,False,,,,,,,202209251934-KMQT-WHUS73-MWWMQT,07,2022
MOB,2022-09-28 03:00,2022-09-29 09:00,2022-09-27 20:01,202209290300,WI,C,Y,12,CON,FLZ202,577.638427734375,2022-09-29 01:33,,,,,False,,,,,,,202209272001-KMOB-WWUS74-NPWMOB,,2022
TBW,2022-09-28 09:23,2022-09-28 21:00,2022-09-28 09:23,202209282100,TO,C,A,546,NEW,FLC049,1655.9881591796875,2022-09-28 09:23,,,,,False,,,,,,,202209280923-KTBW-WWUS62-WCNTBW,,2022
TBW,2022-09-27 09:08,2022-09-29 15:30,2022-09-27 09:08,202210180908,TR,C,W,1009,CAN,FLZ248,1010.2461547851562,2022-09-29 15:30,,,,,False,,,,,,,202209270908-KTBW-WTUS82-TCVTBW,,2022
MFL,2022-09-27 20:08,2022-09-27 20:45,2022-09-27 20:08,202209272045,TO,C,W,20,EXP,FLC087,2018.628662109375,2022-09-27 20:42,,,,,False,,,,,,,202209272008-KMFL-WFUS52-TORMFL,MFL,2022
DVN,2022-09-24 08:02,2022-09-24 15:00,2022-09-24 08:02,202209241400,FG,C,Y,8,EXT,MOZ009,1136.363037109375,2022-09-24 13:32,,,,,False,,,,,,,202209240802-KDVN-WWUS73-NPWDVN,,2022
MPX,2022-09-28 05:00,2022-09-28 13:00,2022-09-27 19:19,202209281300,FR,C,Y,4,CON,MNZ049,3591.442138671875,2022-09-28 09:31,,,,,False,,,,,,,202209271919-KMPX-WWUS73-NPWMPX,jrb,2022
MPX,2022-09-28 05:00,2022-09-28 13:00,2022-09-27 19:19,202209281300,FR,C,Y,4,CON,MNZ048,1853.3970947265625,2022-09-28 09:31,,,,,False,,,,,,,202209271919-KMPX-WWUS73-NPWMPX,jrb,2022
MQT,2022-09-24 10:00,2022-09-24 14:08,2022-09-24 08:46,202209242300,SC,C,Y,145,CAN,LMZ248,651.1439208984375,2022-09-24 14:08,,,,,False,,,,,,,202209240846-KMQT-WHUS73-MWWMQT,,2022
MPX,2022-09-28 05:00,2022-09-28 13:00,2022-09-27 19:19,202209281300,FR,C,Y,4,CON,MNZ062,439.6239929199219,2022-09-28 09:31,,,,,False,,,,,,,202209271919-KMPX-WWUS73-NPWMPX,jrb,2022
MPX,2022-09-28 05:00,2022-09-28 13:00,2022-09-27 19:19,202209281300,FR,C,Y,4,CON,MNZ060,1567.1907958984375,2022-09-28 09:31,,,,,False,,,,,,,202209271919-KMPX-WWUS73-NPWMPX,jrb,2022
MPX,2022-09-28 05:00,2022-09-28 13:00,2022-09-27 19:19,202209281300,FR,C,Y,4,CON,MNZ074,1598.48681640625,2022-09-28 09:31,,,,,False,,,,,,,202209271919-KMPX-WWUS73-NPWMPX,jrb,2022
MPX,2022-09-28 05:00,2022-09-28 13:00,2022-09-27 19:19,202209281300,FR,C,Y,4,CON,MNZ077,1333.9932861328125,2022-09-28 09:31,,,,,False,,,,,,,202209271919-KMPX-WWUS73-NPWMPX,jrb,2022
MPX,2022-09-28 05:00,2022-09-28 13:00,2022-09-27 19:19,202209281300,FR,C,Y,4,CON,MNZ076,1224.811767578125,2022-09-28 09:31,,,,,False,,,,,,,202209271919-KMPX-WWUS73-NPWMPX,jrb,2022
MFL,2022-09-28 09:46,2022-09-28 10:15,2022-09-28 09:46,202209281015,MA,C,W,356,NEW,AMZ650,2599.531494140625,2022-09-28 09:46,,,,,False,,,,,,,202209280946-KMFL-WHUS52-SMWMFL,GR,2022
LWX,2022-09-25 23:00,2022-09-26 22:00,2022-09-25 20:42,202209262200,SC,C,Y,187,CON,ANZ536,410.92547607421875,2022-09-26 14:38,,,,,False,,,,,,,202209252042-KLWX-WHUS71-MWWLWX,,2022
LOT,2022-09-28 05:00,2022-09-28 10:27,2022-09-27 19:44,202209281300,FR,C,Y,2,CAN,ILZ008,1973.802001953125,2022-09-28 10:27,,,,,False,,,,,,,202209271944-KLOT-WWUS73-NPWLOT,,2022
LOT,2022-09-28 05:00,2022-09-28 10:27,2022-09-27 19:44,202209281300,FR,C,Y,2,CAN,ILZ010,1886.0966796875,2022-09-28 10:27,,,,,False,,,,,,,202209271944-KLOT-WWUS73-NPWLOT,,2022
KEY,2022-09-26 18:44,2022-09-26 19:17,2022-09-26 18:44,202209261930,MA,C,W,390,CAN,GMZ042,657.9878540039062,2022-09-26 19:17,,,,,False,,,,,,,202209261844-KKEY-WHUS52-SMWKEY,TW,2022
MFL,2022-09-27 18:00,2022-09-27 15:23,2022-09-27 09:12,202209300600,SC,C,Y,30,CAN,AMZ651,4013.172119140625,2022-09-27 15:23,,,,,False,,,,,,,202209270912-KMFL-WHUS72-MWWMFL,,2022
MFL,2022-09-27 19:17,2022-09-28 00:15,2022-09-27 19:17,202209272215,FA,C,Y,242,EXT,FLC087,2018.628662109375,2022-09-27 21:41,00000,N,ER,OO,False,,,,,,,202209271917-KMFL-WGUS82-FLSMFL,BAXTER,2022
MFL,2022-09-27 20:59,2022-09-28 09:00,2022-09-27 20:59,202209280900,TO,C,A,545,EXP,AMZ650,2599.531494140625,2022-09-28 09:01,,,,,False,,,,,,,202209272059-KMFL-WWUS62-WCNMFL,,2022
MFL,2022-09-27 20:59,2022-09-28 09:00,2022-09-27 20:59,202209280900,TO,C,A,545,EXP,GMZ656,3054.080078125,2022-09-28 09:01,,,,,False,,,,,,,202209272059-KMFL-WWUS62-WCNMFL,,2022
MFL,2022-09-27 21:05,2022-09-29 03:08,2022-09-27 21:05,202210182105,TR,C,W,1009,CAN,AMZ671,10424.37890625,2022-09-29 03:08,,,,,False,,,,,,,202209272105-KMFL-WHUS72-MWWMFL,,2022
MFL,2022-09-27 21:05,2022-09-29 03:08,2022-09-27 21:05,202210182105,TR,C,W,1009,CAN,AMZ651,4013.172119140625,2022-09-29 03:08,,,,,False,,,,,,,202209272105-KMFL-WHUS72-MWWMFL,,2022
MFL,2022-09-27 21:19,2022-09-27 21:45,2022-09-27 21:19,202209272145,TO,C,W,24,EXP,FLC021,5251.28515625,2022-09-27 21:45,,,,,False,,,,,,,202209272119-KMFL-WFUS52-TORMFL,MFL,2022
MFL,2022-09-27 22:20,2022-09-27 22:45,2022-09-27 22:20,202209272245,TO,C,W,27,EXP,FLC021,5251.28515625,2022-09-27 22:37,,,,,False,,,,,,,202209272220-KMFL-WFUS52-TORMFL,NC,2022
MFL,2022-09-27 23:44,2022-09-28 00:15,2022-09-27 23:44,202209280015,TO,C,W,33,EXP,FLC021,5251.28515625,2022-09-28 00:09,,,,,False,,,,,,,202209272344-KMFL-WFUS52-TORMFL,NC,2022
MFL,2022-09-28 00:28,2022-09-28 01:00,2022-09-28 00:28,202209280100,TO,C,W,37,EXP,FLC099,5142.36865234375,2022-09-28 00:58,,,,,False,,,,,,,202209280028-KMFL-WFUS52-TORMFL,ATV,2022
MFL,2022-09-28 00:37,2022-09-28 01:00,2022-09-28 00:37,202209280100,TO,C,W,38,EXP,FLC011,3161.671630859375,2022-09-28 00:50,,,,,False,,,,,,,202209280037-KMFL-WFUS52-TORMFL,ATV,2022
MFL,2022-09-28 01:01,2022-09-28 01:30,2022-09-28 01:01,202209280130,TO,C,W,40,CON,FLC099,5142.36865234375,2022-09-28 01:20,,,,,False,,,,,,,202209280101-KMFL-WFUS52-TORMFL,ATV,2022
MFL,2022-09-28 01:28,2022-09-28 02:00,2022-09-28 01:28,202209280200,TO,C,W,42,EXP,FLC099,5142.36865234375,2022-09-28 01:55,,,,,False,,,,,,,202209280128-KMFL-WFUS52-TORMFL,NC,2022
MFL,2022-09-28 03:35,2022-09-28 04:00,2022-09-28 03:35,202209280400,TO,C,W,52,EXP,FLC011,3161.671630859375,2022-09-28 03:56,,,,,False,,,,,,,202209280335-KMFL-WFUS52-TORMFL,NC,2022
MFL,2022-09-28 04:45,2022-09-28 05:15,2022-09-28 04:45,202209280515,TO,C,W,55,NEW,FLC011,3161.671630859375,2022-09-28 04:45,,,,,False,,,,,,,202209280445-KMFL-WFUS52-TORMFL,GR,2022
MFL,2022-09-28 04:45,2022-09-28 05:15,2022-09-28 04:45,202209280515,TO,C,W,55,NEW,FLC099,5142.36865234375,2022-09-28 04:45,,,,,False,,,,,,,202209280445-KMFL-WFUS52-TORMFL,GR,2022
MFL,2022-09-28 05:26,2022-09-28 05:45,2022-09-28 05:26,202209280545,TO,C,W,59,CON,FLC099,5142.36865234375,2022-09-28 05:32,,,,,False,,,,,,,202209280526-KMFL-WFUS52-TORMFL,SB,2022
MFL,2022-09-28 06:19,2022-09-28 08:15,2022-09-28 06:19,202209280815,FA,C,Y,250,NEW,FLC043,2056.751953125,2022-09-28 06:19,00000,N,ER,OO,False,,,,,,,202209280619-KMFL-WGUS82-FLSMFL,NC,2022
MFL,2022-09-28 06:19,2022-09-28 08:15,2022-09-28 06:19,202209280815,FA,C,Y,250,NEW,FLC051,3017.6875,2022-09-28 06:19,00000,N,ER,OO,False,,,,,,,202209280619-KMFL-WGUS82-FLSMFL,NC,2022
MFL,2022-09-28 06:19,2022-09-28 08:15,2022-09-28 06:19,202209280815,FA,C,Y,250,NEW,FLC099,5142.36865234375,2022-09-28 06:19,00000,N,ER,OO,False,,,,,,,202209280619-KMFL-WGUS82-FLSMFL,NC,2022
MFL,2022-09-28 06:37,2022-09-28 06:45,2022-09-28 06:37,202209280645,TO,C,W,60,NEW,FLC051,3017.6875,2022-09-28 06:37,,,,,False,,,,,,,202209280637-KMFL-WFUS52-TORMFL,SB,2022
MFL,2022-09-28 06:37,2022-09-28 06:45,2022-09-28 06:37,202209280645,TO,C,W,60,NEW,FLC099,5142.36865234375,2022-09-28 06:37,,,,,False,,,,,,,202209280637-KMFL-WFUS52-TORMFL,SB,2022
MFL,2022-09-28 09:01,2022-09-28 21:00,2022-09-28 09:01,202209282100,TO,C,A,546,EXP,AMZ671,10424.37890625,2022-09-28 21:20,,,,,False,,,,,,,202209280901-KMFL-WWUS62-WCNMFL,,2022
MFL,2022-09-28 15:54,2022-09-28 21:00,2022-09-28 15:54,202209281900,FA,C,W,1,EXT,FLC043,2056.751953125,2022-09-28 18:51,00000,0,ER,OO,False,,,,,,,202209281554-KMFL-WGUS42-FLWMFL,BAXTER,2022
MFL,2022-09-29 06:06,2022-10-02 00:00,2022-09-29 03:08,202209300000,RP,C,S,33,EXP,FLZ172,195.8022003173828,2022-10-02 00:04,,,,,False,,,,,,,202209290308-KMFL-WHUS42-CFWMFL,,2022
MFL,2022-09-29 12:20,2022-10-02 00:00,2022-09-29 12:20,202210010000,RP,C,S,33,EXP,FLZ168,297.02288818359375,2022-10-02 00:04,,,,,False,,,,,,,202209291220-KMFL-WHUS42-CFWMFL,,2022
TBW,2022-09-26 21:10,2022-09-29 09:10,2022-09-26 21:10,202210172110,SS,C,W,1009,CAN,FLZ151,726.67138671875,2022-09-29 09:10,,,,,False,,,,,,,202209262110-KTBW-WTUS82-TCVTBW,,2022
TBW,2022-09-26 03:17,2022-09-26 09:13,2022-09-26 03:17,202210170317,TR,C,A,1009,UPG,GMZ876,5190.9150390625,2022-09-26 09:13,,,,,False,,,,,,,202209260317-KTBW-WHUS72-MWWTBW,,2022
TBW,2022-09-26 21:10,2022-09-29 12:25,2022-09-26 21:10,202210172110,SS,C,W,1009,CAN,FLZ160,560.7767333984375,2022-09-29 12:25,,,,,False,,,,,,,202209262110-KTBW-WTUS82-TCVTBW,,2022
TBW,2022-09-26 21:10,2022-09-29 09:10,2022-09-26 21:10,202210172110,SS,C,W,1009,CAN,FLZ050,739.8617553710938,2022-09-29 09:10,,,,,False,,,,,,,202209262110-KTBW-WTUS82-TCVTBW,,2022
TBW,2022-09-26 21:10,2022-09-29 09:10,2022-09-26 21:10,202210172110,HU,C,W,1009,CAN,FLZ151,726.67138671875,2022-09-29 09:10,,,,,False,,,,,,,202209262110-KTBW-WTUS82-TCVTBW,,2022
TBW,2022-09-26 21:10,2022-09-27 09:08,2022-09-26 21:10,202210172110,TR,C,W,1009,UPG,FLZ165,792.4913330078125,2022-09-27 09:08,,,,,False,,,,,,,202209262110-KTBW-WTUS82-TCVTBW,,2022
TBW,2022-09-26 21:17,2022-09-27 23:02,2022-09-26 21:17,202210172117,HU,C,A,1009,CAN,GMZ850,5575.32373046875,2022-09-27 23:02,,,,,False,,,,,,,202209262117-KTBW-WHUS72-MWWTBW,,2022
TBW,2022-09-26 21:17,2022-09-29 09:16,2022-09-26 21:17,202210172117,HU,C,W,1009,CAN,GMZ853,5349.859375,2022-09-29 09:16,,,,,False,,,,,,,202209262117-KTBW-WHUS72-MWWTBW,,2022
LIX,2022-09-29 23:00,2022-09-30 15:37,2022-09-28 20:10,202210010000,SC,C,Y,39,CAN,GMZ538,1828.2960205078125,2022-09-30 15:37,,,,,False,,,,,,,202209282010-KLIX-WHUS74-MWWLIX,,2022
MOB,2022-09-28 03:00,2022-09-30 01:45,2022-09-27 15:26,202209292300,GL,C,W,7,CAN,GMZ675,5512.0908203125,2022-09-30 01:45,,,,,False,,,,,,,202209271526-KMOB-WHUS74-MWWMOB,,2022
TBW,2022-09-27 15:16,2022-09-29 09:10,2022-09-27 15:16,202210181516,SS,C,W,1009,CAN,FLZ148,260.2538757324219,2022-09-29 09:10,,,,,False,,,,,,,202209271516-KTBW-WTUS82-TCVTBW,,2022
TBW,2022-09-27 15:16,2022-09-29 09:10,2022-09-27 15:16,202210181516,SS,C,W,1009,CAN,FLZ139,967.8929443359375,2022-09-29 09:10,,,,,False,,,,,,,202209271516-KTBW-WTUS82-TCVTBW,,2022
LWX,2022-09-27 13:00,2022-09-28 12:13,2022-09-27 05:40,202209281000,SC,C,Y,188,CAN,ANZ539,106.7416000366211,2022-09-28 12:13,,,,,False,,,,,,,202209270540-KLWX-WHUS71-MWWLWX,,2022
TAE,2022-09-27 15:19,2022-09-29 15:11,2022-09-27 15:19,202210181519,TR,C,W,1009,CAN,GMZ755,3825.76904296875,2022-09-29 15:11,,,,,False,,,,,,,202209271519-KTAE-WHUS72-MWWTAE,,2022
TAE,2022-09-27 15:19,2022-09-29 15:11,2022-09-27 15:19,202210181519,TR,C,W,1009,CAN,GMZ752,2660.048583984375,2022-09-29 15:11,,,,,False,,,,,,,202209271519-KTAE-WHUS72-MWWTAE,,2022
TAE,2022-09-27 15:19,2022-09-29 15:11,2022-09-27 15:19,202210181519,TR,C,W,1009,CAN,GMZ770,6526.013671875,2022-09-29 15:11,,,,,False,,,,,,,202209271519-KTAE-WHUS72-MWWTAE,,2022
TAE,2022-09-27 21:00,2022-09-26 21:33,2022-09-26 17:58,202209281200,SC,C,Y,42,CAN,GMZ775,9999.0927734375,2022-09-26 21:33,,,,,False,,,,,,,202209261758-KTAE-WHUS72-MWWTAE,,2022
TAE,2022-09-28 06:59,2022-09-30 07:00,2022-09-28 06:59,202209290700,RP,C,S,116,EXT,FLZ112,1188.4771728515625,2022-09-29 06:04,,,,,False,,,,,,,202209280659-KTAE-WHUS42-CFWTAE,DVD,2022
TAE,2022-09-28 06:59,2022-09-30 07:00,2022-09-28 06:59,202209290700,RP,C,S,116,EXT,FLZ108,535.8626708984375,2022-09-29 06:04,,,,,False,,,,,,,202209280659-KTAE-WHUS42-CFWTAE,DVD,2022
TAE,2022-09-28 16:00,2022-09-29 00:00,2022-09-27 19:05,202209290000,FW,C,W,5,CON,FLZ007,1078.3753662109375,2022-09-28 06:46,,,,,False,,,,,,,202209271905-KTAE-WWUS82-RFWTAE,,2022
TAE,2022-09-28 16:00,2022-09-29 00:00,2022-09-27 19:05,202209290000,FW,C,W,5,CON,FLZ009,1266.7984619140625,2022-09-28 06:46,,,,,False,,,,,,,202209271905-KTAE-WWUS82-RFWTAE,,2022
MFR,2022-09-24 18:00,2022-09-26 09:50,2022-09-22 08:27,202209260600,SC,C,Y,96,CAN,PZZ370,13379.591796875,2022-09-26 09:50,,,,,False,,,,,,,202209220827-KMFR-WHUS76-MWWMFR,Visit us at https://www.,2022
GYX,2022-09-24 03:00,2022-09-24 19:08,2022-09-23 07:00,202209242100,WI,C,Y,12,CAN,MEZ014,2326.1513671875,2022-09-24 19:08,,,,,False,,,,,,,202209230700-KGYX-WWUS71-NPWGYX,ARNOTT,2022
LWX,2022-09-28 22:00,2022-10-01 00:00,2022-09-28 05:27,202209292200,SC,C,Y,189,CON,ANZ541,312.7153015136719,2022-09-30 22:42,,,,,False,,,,,,,202209280527-KLWX-WHUS71-MWWLWX,,2022
GRR,2022-09-24 08:00,2022-09-24 22:55,2022-09-23 19:51,202209250000,BH,C,S,30,CAN,MIZ064,2179.309326171875,2022-09-24 22:55,,,,,False,,,,,,,202209231951-KGRR-WHUS43-CFWGRR,,2022
LWX,2022-09-28 22:00,2022-09-29 18:00,2022-09-28 05:27,202209291800,SC,C,Y,189,CON,ANZ530,295.01409912109375,2022-09-29 16:45,,,,,False,,,,,,,202209280527-KLWX-WHUS71-MWWLWX,,2022
MOB,2022-09-29 09:18,2022-09-29 18:00,2022-09-29 09:18,202209291800,SC,C,Y,44,EXP,GMZ633,145.6126708984375,2022-09-29 17:44,,,,,False,,,,,,,202209290918-KMOB-WHUS74-MWWMOB,,2022
MFL,2022-09-27 18:18,2022-09-27 18:45,2022-09-27 18:18,202209271845,TO,C,W,17,EXP,FLC086,5094.58447265625,2022-09-27 18:40,,,,,False,,,,,,,202209271818-KMFL-WFUS52-TORMFL,MFL,2022
JAX,2022-09-26 21:07,2022-09-28 15:11,2022-09-26 21:07,202210172107,SS,C,A,1009,UPG,GAZ166,672.1104736328125,2022-09-28 15:11,,,,,False,,,,,,,202209262107-KJAX-WTUS82-TCVJAX,,2022
LWX,2022-09-28 00:00,2022-09-28 15:00,2022-09-27 05:40,202209281000,SC,C,Y,188,EXP,ANZ537,519.6334228515625,2022-09-28 14:57,,,,,False,,,,,,,202209270540-KLWX-WHUS71-MWWLWX,,2022
TAE,2022-09-28 16:00,2022-09-29 00:00,2022-09-27 19:05,202209290000,FW,C,W,5,CON,ALZ066,1458.67138671875,2022-09-28 06:46,,,,,False,,,,,,,202209271905-KTAE-WWUS82-RFWTAE,,2022
TAE,2022-09-28 16:00,2022-09-29 00:00,2022-09-27 19:05,202209290000,FW,C,W,5,CON,ALZ069,1507.9732666015625,2022-09-28 06:46,,,,,False,,,,,,,202209271905-KTAE-WWUS82-RFWTAE,,2022
TAE,2022-09-28 16:00,2022-09-29 00:00,2022-09-27 19:05,202209290000,FW,C,W,5,CON,FLZ008,1145.6214599609375,2022-09-28 06:46,,,,,False,,,,,,,202209271905-KTAE-WWUS82-RFWTAE,,2022
DLH,2022-09-27 07:00,2022-09-27 14:00,2022-09-26 23:31,202209271400,FZ,C,W,2,EXP,MNZ018,4648.70654296875,2022-09-27 14:04,,,,,False,,,,,,,202209262331-KDLH-WWUS73-NPWDLH,,2022
DLH,2022-09-27 07:00,2022-09-27 14:00,2022-09-26 23:31,202209271400,FZ,C,W,2,EXP,MNZ019,8758.10546875,2022-09-27 14:04,,,,,False,,,,,,,202209262331-KDLH-WWUS73-NPWDLH,,2022
DLH,2022-09-27 07:00,2022-09-27 14:00,2022-09-26 23:31,202209271400,FZ,C,W,2,EXP,MNZ011,5900.91796875,2022-09-27 14:04,,,,,False,,,,,,,202209262331-KDLH-WWUS73-NPWDLH,,2022
GRR,2022-09-27 00:00,2022-09-28 14:35,2022-09-26 23:49,202209281500,SC,C,Y,90,CAN,LMZ848,323.1698303222656,2022-09-28 14:35,,,,,False,,,,,,,202209262349-KGRR-WHUS73-MWWGRR,,2022
LIX,2022-09-27 14:00,2022-09-28 00:00,2022-09-26 20:19,202209280000,FW,C,W,3,CON,LAZ046,1692.7193603515625,2022-09-27 18:51,,,,,False,,,,,,,202209262019-KLIX-WWUS84-RFWLIX,,2022
LIX,2022-09-28 14:00,2022-09-27 18:51,2022-09-26 20:19,202209290000,FW,C,A,1,UPG,LAZ080,364.2966613769531,2022-09-27 18:51,,,,,False,,,,,,,202209262019-KLIX-WWUS84-RFWLIX,,2022
TBW,2022-09-27 09:08,2022-09-27 15:16,2022-09-27 09:08,202210180908,HU,C,A,1009,UPG,FLZ061,1659.14013671875,2022-09-27 15:16,,,,,False,,,,,,,202209270908-KTBW-WTUS82-TCVTBW,,2022
TBW,2022-09-27 09:08,2022-09-27 15:16,2022-09-27 09:08,202210180908,HU,C,A,1009,UPG,FLZ056,1655.9881591796875,2022-09-27 15:16,,,,,False,,,,,,,202209270908-KTBW-WTUS82-TCVTBW,,2022
TBW,2022-09-26 21:10,2022-09-29 12:25,2022-09-26 21:10,202210172110,SS,C,W,1009,CAN,FLZ265,1323.2781982421875,2022-09-29 12:25,,,,,False,,,,,,,202209262110-KTBW-WTUS82-TCVTBW,,2022
KEY,2022-09-27 20:46,2022-09-28 08:58,2022-09-27 20:46,202209280900,TO,C,A,545,CAN,GMZ052,2480.46630859375,2022-09-28 08:58,,,,,False,,,,,,,202209272046-KKEY-WWUS62-WCNKEY,CLR,2022
MHX,2022-09-29 15:03,2022-10-01 03:19,2022-09-29 15:03,202210201503,TR,C,W,1009,CAN,NCZ204,24.789817810058594,2022-10-01 03:19,,,,,False,,,,,,,202209291503-KMHX-WTUS82-TCVMHX,,2022
MHX,2022-09-29 15:03,2022-10-01 03:19,2022-09-29 15:03,202210201503,SS,C,A,1009,CAN,NCZ199,494.9266052246094,2022-10-01 03:19,,,,,False,,,,,,,202209291503-KMHX-WTUS82-TCVMHX,,2022
LIX,2022-09-27 14:00,2022-09-28 00:00,2022-09-26 20:19,202209280000,FW,C,W,3,CON,MSZ077,2123.42236328125,2022-09-27 18:51,,,,,False,,,,,,,202209262019-KLIX-WWUS84-RFWLIX,,2022
LIX,2022-09-27 14:00,2022-09-28 00:00,2022-09-26 20:19,202209280000,FW,C,W,3,CON,MSZ082,1910.6868896484375,2022-09-27 18:51,,,,,False,,,,,,,202209262019-KLIX-WWUS84-RFWLIX,,2022
LIX,2022-09-27 14:00,2022-09-28 00:00,2022-09-26 20:19,202209280000,FW,C,W,3,CON,LAZ082,429.6543273925781,2022-09-27 18:51,,,,,False,,,,,,,202209262019-KLIX-WWUS84-RFWLIX,,2022
LIX,2022-09-27 14:00,2022-09-28 00:00,2022-09-26 20:19,202209280000,FW,C,W,3,CON,LAZ090,298.735107421875,2022-09-27 18:51,,,,,False,,,,,,,202209262019-KLIX-WWUS84-RFWLIX,,2022
MKX,2022-09-28 05:00,2022-09-28 13:00,2022-09-27 19:43,202209281300,FR,C,Y,2,CON,WIZ068,1511.480712890625,2022-09-28 08:48,,,,,False,,,,,,,202209271943-KMKX-WWUS73-NPWMKX,,2022
ILM,2022-09-29 21:07,2022-09-30 20:57,2022-09-29 21:07,202210202107,HU,C,A,1009,CAN,NCZ106,112.72386932373047,2022-09-30 20:57,,,,,False,,,,,,,202209292107-KILM-WTUS82-TCVILM,,2022
APX,2022-09-26 00:00,2022-09-25 15:10,2022-09-25 07:16,202209261200,SC,C,Y,96,UPG,LMZ346,417.2554931640625,2022-09-25 15:10,,,,,False,,,,,,,202209250716-KAPX-WHUS73-MWWAPX,,2022
KEY,2022-09-27 20:46,2022-09-28 08:58,2022-09-27 20:46,202209280900,TO,C,A,545,CAN,GMZ074,10149.724609375,2022-09-28 08:58,,,,,False,,,,,,,202209272046-KKEY-WWUS62-WCNKEY,CLR,2022
KEY,2022-09-27 20:46,2022-09-28 08:58,2022-09-27 20:46,202209280900,TO,C,A,545,CAN,GMZ075,5111.7607421875,2022-09-28 08:58,,,,,False,,,,,,,202209272046-KKEY-WWUS62-WCNKEY,CLR,2022
KEY,2022-09-27 20:46,2022-09-28 08:58,2022-09-27 20:46,202209280900,TO,C,A,545,CAN,GMZ033,9032.248046875,2022-09-28 08:58,,,,,False,,,,,,,202209272046-KKEY-WWUS62-WCNKEY,CLR,2022
LWX,2022-09-25 15:40,2022-09-25 19:55,2022-09-25 15:40,202209252300,SV,C,A,543,CAN,MDC027,655.9657592773438,2022-09-25 19:55,,,,,False,,,,,,,202209251540-KLWX-WWUS61-WCNLWX,,2022
JAX,2022-09-27 09:06,2022-09-29 15:03,2022-09-27 09:06,202210180906,TR,C,A,1009,CAN,FLZ035,923.247802734375,2022-09-29 15:03,,,,,False,,,,,,,202209270906-KJAX-WTUS82-TCVJAX,,2022
TAE,2022-09-29 15:11,2022-09-30 00:53,2022-09-29 15:11,202209300900,GL,C,W,6,CAN,GMZ730,1865.003173828125,2022-09-30 00:53,,,,,False,,,,,,,202209291511-KTAE-WHUS72-MWWTAE,,2022
LOX,2022-09-24 10:30,2022-09-24 16:33,2022-09-24 10:30,202209251700,FG,C,Y,13,CAN,CAZ346,430.3775329589844,2022-09-24 16:33,,,,,False,,,,,,,202209241030-KLOX-WWUS76-NPWLOX,Munroe,2022
LOX,2022-09-24 10:30,2022-09-24 16:33,2022-09-24 10:30,202209251700,FG,C,Y,13,CAN,CAZ347,1210.697998046875,2022-09-24 16:33,,,,,False,,,,,,,202209241030-KLOX-WWUS76-NPWLOX,Munroe,2022
LOX,2022-09-24 10:30,2022-09-24 16:33,2022-09-24 10:30,202209251700,FG,C,Y,13,CAN,CAZ340,455.66143798828125,2022-09-24 16:33,,,,,False,,,,,,,202209241030-KLOX-WWUS76-NPWLOX,Munroe,2022
CHS,2022-09-28 03:16,2022-09-29 15:16,2022-09-28 03:16,202210190316,TR,C,W,1009,UPG,SCZ049,473.7450866699219,2022-09-29 15:16,,,,,False,,,,,,,202209280316-KCHS-WTUS82-TCVCHS,,2022
MQT,2022-09-24 10:00,2022-09-24 14:08,2022-09-24 08:46,202209242300,SC,C,Y,145,CAN,LMZ250,299.72491455078125,2022-09-24 14:08,,,,,False,,,,,,,202209240846-KMQT-WHUS73-MWWMQT,,2022
DVN,2022-09-24 08:02,2022-09-24 15:00,2022-09-24 08:02,202209241400,FG,C,Y,8,EXT,IAZ099,1393.6312255859375,2022-09-24 13:32,,,,,False,,,,,,,202209240802-KDVN-WWUS73-NPWDVN,,2022
TOP,2022-09-24 07:57,2022-09-24 14:03,2022-09-24 07:57,202209241500,FG,C,Y,6,CAN,KSZ023,2230.710693359375,2022-09-24 14:03,,,,,False,,,,,,,202209240757-KTOP-WWUS73-NPWTOP,Drake,2022
MPX,2022-09-27 09:00,2022-09-27 13:00,2022-09-26 19:23,202209271300,FR,C,Y,3,CON,WIZ014,2470.76220703125,2022-09-27 08:06,,,,,False,,,,,,,202209261923-KMPX-WWUS73-NPWMPX,,2022
TBW,2022-09-28 09:23,2022-09-28 21:00,2022-09-28 09:23,202209282100,TO,C,A,546,NEW,FLC081,1946.7275390625,2022-09-28 09:23,,,,,False,,,,,,,202209280923-KTBW-WWUS62-WCNTBW,,2022
MPX,2022-09-28 05:00,2022-09-28 13:00,2022-09-27 19:19,202209281300,FR,C,Y,4,CON,MNZ078,2017.197265625,2022-09-28 09:31,,,,,False,,,,,,,202209271919-KMPX-WWUS73-NPWMPX,jrb,2022
MFL,2022-09-28 09:54,2022-09-28 10:09,2022-09-28 09:54,202209281030,TO,C,W,64,CAN,FLC099,5142.36865234375,2022-09-28 10:09,,,,,False,,,,,,,202209280954-KMFL-WFUS52-TORMFL,Hadi,2022
LOT,2022-09-28 05:00,2022-09-28 10:27,2022-09-27 19:44,202209281300,FR,C,Y,2,CAN,ILZ019,2969.55517578125,2022-09-28 10:27,,,,,False,,,,,,,202209271944-KLOT-WWUS73-NPWLOT,,2022
TBW,2022-09-26 09:12,2022-09-26 21:10,2022-09-26 09:12,202210170912,HU,C,A,1009,UPG,FLZ255,1595.0870361328125,2022-09-26 21:10,,,,,False,,,,,,,202209260912-KTBW-WTUS82-TCVTBW,,2022
DMX,2022-09-24 08:10,2022-09-24 15:00,2022-09-24 08:10,202209241400,FG,C,Y,7,EXP,IAZ071,1475.10888671875,2022-09-24 14:56,,,,,False,,,,,,,202209240810-KDMX-WWUS73-NPWDMX,CURTIS For more informat,2022
VEF,2022-09-29 19:06,2022-09-29 21:00,2022-09-29 19:06,202209292100,FA,C,Y,75,EXP,NVC003,20951.15234375,2022-09-29 20:54,00000,N,ER,OO,False,,,,,,,202209291906-KVEF-WGUS85-FLSVEF,BKP,2022
GRB,2022-09-28 05:00,2022-09-28 13:00,2022-09-27 19:34,202209281300,FR,C,Y,6,EXP,WIZ031,2350.0517578125,2022-09-28 12:56,,,,,False,,,,,,,202209271934-KGRB-WWUS73-NPWGRB,"For more information, vi",2022
TBW,2022-09-28 09:23,2022-09-28 21:00,2022-09-28 09:23,202209282100,TO,C,A,546,NEW,GMZ876,5190.9150390625,2022-09-28 09:23,,,,,False,,,,,,,202209280923-KTBW-WWUS62-WCNTBW,,2022
GRB,2022-09-28 05:00,2022-09-28 13:00,2022-09-27 19:34,202209281300,FR,C,Y,6,EXP,WIZ038,1665.509033203125,2022-09-28 12:56,,,,,False,,,,,,,202209271934-KGRB-WWUS73-NPWGRB,"For more information, vi",2022
CHS,2022-09-29 03:07,2022-09-30 20:58,2022-09-29 03:07,202210200307,TR,C,W,1009,CAN,SCZ042,1457.746337890625,2022-09-30 20:58,,,,,False,,,,,,,202209290307-KCHS-WTUS82-TCVCHS,,2022
TBW,2022-09-27 21:14,2022-09-28 09:23,2022-09-27 21:14,202209290900,TO,C,A,1009,CAN,FLC071,2115.832275390625,2022-09-28 09:23,,,,,False,,,,,,,202209272114-KTBW-WWUS62-WCNTBW,,2022
TBW,2022-09-27 21:14,2022-09-28 09:23,2022-09-27 21:14,202209290900,TO,C,A,1009,CAN,FLC015,1818.09619140625,2022-09-28 09:23,,,,,False,,,,,,,202209272114-KTBW-WWUS62-WCNTBW,,2022
CHS,2022-09-28 03:16,2022-09-29 15:16,2022-09-28 03:16,202210190316,TR,C,W,1009,UPG,SCZ045,2873.40576171875,2022-09-29 15:16,,,,,False,,,,,,,202209280316-KCHS-WTUS82-TCVCHS,,2022
CHS,2022-09-28 03:16,2022-09-29 15:16,2022-09-28 03:16,202210190316,TR,C,W,1009,UPG,SCZ047,1396.9560546875,2022-09-29 15:16,,,,,False,,,,,,,202209280316-KCHS-WTUS82-TCVCHS,,2022
CHS,2022-09-28 15:16,2022-09-29 15:16,2022-09-28 15:16,202210191516,HU,C,A,1009,UPG,SCZ045,2873.40576171875,2022-09-29 15:16,,,,,False,,,,,,,202209281516-KCHS-WTUS82-TCVCHS,,2022
CHS,2022-09-28 15:16,2022-09-29 15:16,2022-09-28 15:16,202210191516,HU,C,A,1009,UPG,SCZ047,1396.9560546875,2022-09-29 15:16,,,,,False,,,,,,,202209281516-KCHS-WTUS82-TCVCHS,,2022
CHS,2022-09-29 03:07,2022-09-30 20:58,2022-09-29 03:07,202210200307,TR,C,W,1009,CAN,SCZ043,2298.556640625,2022-09-30 20:58,,,,,False,,,,,,,202209290307-KCHS-WTUS82-TCVCHS,,2022
JAX,2022-09-26 21:07,2022-09-27 15:13,2022-09-26 21:07,202210172107,SS,C,A,1009,UPG,FLZ125,918.8072509765625,2022-09-27 15:13,,,,,False,,,,,,,202209262107-KJAX-WTUS82-TCVJAX,,2022
FSD,2022-09-28 06:00,2022-09-28 13:00,2022-09-27 19:31,202209281300,FR,C,Y,2,EXP,MNZ080,1859.7344970703125,2022-09-28 12:57,,,,,False,,,,,,,202209271931-KFSD-WWUS73-NPWFSD,,2022
JAX,2022-09-26 21:07,2022-09-27 15:13,2022-09-26 21:07,202210172107,SS,C,A,1009,UPG,FLZ325,299.30718994140625,2022-09-27 15:13,,,,,False,,,,,,,202209262107-KJAX-WTUS82-TCVJAX,,2022
TBW,2022-09-27 21:16,2022-09-28 09:23,2022-09-27 21:16,202209290900,TO,C,A,1009,CAN,GMZ856,3309.3095703125,2022-09-28 09:23,,,,,False,,,,,,,202209272116-KTBW-WWUS62-WCNTBW,,2022
JAX,2022-09-26 21:07,2022-09-27 15:13,2022-09-26 21:07,202210172107,SS,C,A,1009,UPG,FLZ133,680.9476928710938,2022-09-27 15:13,,,,,False,,,,,,,202209262107-KJAX-WTUS82-TCVJAX,,2022
JAX,2022-09-26 21:07,2022-09-27 15:13,2022-09-26 21:07,202210172107,SS,C,A,1009,UPG,FLZ033,1021.649169921875,2022-09-27 15:13,,,,,False,,,,,,,202209262107-KJAX-WTUS82-TCVJAX,,2022
JAX,2022-09-26 21:07,2022-09-27 15:13,2022-09-26 21:07,202210172107,TR,C,A,1009,UPG,FLZ137,955.1932373046875,2022-09-27 15:13,,,,,False,,,,,,,202209262107-KJAX-WTUS82-TCVJAX,,2022
JAX,2022-09-26 21:07,2022-09-27 15:13,2022-09-26 21:07,202210172107,SS,C,A,1009,UPG,FLZ137,955.1932373046875,2022-09-27 15:13,,,,,False,,,,,,,202209262107-KJAX-WTUS82-TCVJAX,,2022
JAX,2022-09-26 21:07,2022-09-27 15:13,2022-09-26 21:07,202210172107,TR,C,A,1009,UPG,FLZ140,1390.8538818359375,2022-09-27 15:13,,,,,False,,,,,,,202209262107-KJAX-WTUS82-TCVJAX,,2022
TBW,2022-09-26 21:10,2022-09-29 09:10,2022-09-26 21:10,202210172110,HU,C,W,1009,CAN,FLZ260,934.0535888671875,2022-09-29 09:10,,,,,False,,,,,,,202209262110-KTBW-WTUS82-TCVTBW,,2022
TBW,2022-09-28 15:38,2022-09-28 16:15,2022-09-28 15:38,202209281615,TO,C,W,25,EXP,FLC049,1655.9881591796875,2022-09-28 16:11,,,,,False,,,,,,,202209281538-KTBW-WFUS52-TORTBW,TBW,2022
TBW,2022-09-27 15:16,2022-09-29 09:10,2022-09-27 15:16,202210181516,HU,C,W,1009,CAN,FLZ061,1659.14013671875,2022-09-29 09:10,,,,,False,,,,,,,202209271516-KTBW-WTUS82-TCVTBW,,2022
ARX,2022-09-28 05:00,2022-09-28 13:00,2022-09-27 18:51,202209281300,FR,C,Y,5,EXP,IAZ010,1783.6494140625,2022-09-28 12:59,,,,,False,,,,,,,202209271851-KARX-WWUS73-NPWARX,,2022
ARX,2022-09-28 05:00,2022-09-28 13:00,2022-09-27 18:51,202209281300,FR,C,Y,5,EXP,IAZ018,1295.991943359375,2022-09-28 12:59,,,,,False,,,,,,,202209271851-KARX-WWUS73-NPWARX,,2022
TBW,2022-09-28 16:03,2022-09-28 18:00,2022-09-28 16:03,202209281800,EW,C,W,2,NEW,FLC115,1494.819091796875,2022-09-28 16:03,,,,,False,,,,,,,202209281603-KTBW-WFUS52-EWWTBW,TBW,2022
TBW,2022-09-28 21:27,2022-09-28 23:30,2022-09-28 21:27,202209282330,EW,C,W,4,NEW,FLC115,1494.819091796875,2022-09-28 21:27,,,,,False,,,,,,,202209282127-KTBW-WFUS52-EWWTBW,TBW,2022
TBW,2022-09-28 21:27,2022-09-28 23:30,2022-09-28 21:27,202209282330,EW,C,W,4,NEW,FLC027,1659.1502685546875,2022-09-28 21:27,,,,,False,,,,,,,202209282127-KTBW-WFUS52-EWWTBW,TBW,2022
TBW,2022-09-28 21:27,2022-09-28 23:30,2022-09-28 21:27,202209282330,EW,C,W,4,NEW,FLC015,1818.09619140625,2022-09-28 21:27,,,,,False,,,,,,,202209282127-KTBW-WFUS52-EWWTBW,TBW,2022
TBW,2022-09-28 21:27,2022-09-28 23:30,2022-09-28 21:27,202209282330,EW,C,W,4,NEW,FLC055,2869.966796875,2022-09-28 21:27,,,,,False,,,,,,,202209282127-KTBW-WFUS52-EWWTBW,TBW,2022
TBW,2022-09-28 21:52,2022-09-29 01:00,2022-09-28 21:52,202209290100,FF,C,W,6,NEW,FLC027,1659.1502685546875,2022-09-28 21:52,00000,0,ER,OO,False,,,,,,,202209282152-KTBW-WGUS52-FFWTBW,TBW,2022
JSJ,2022-09-24 18:17,2022-09-24 20:15,2022-09-24 18:17,202209242015,FA,C,Y,280,EXP,PRC097,195.86607360839844,2022-09-24 20:13,00000,N,ER,OO,False,,,,,,,202209241817-TJSJ-WGCA82-FLSSJU,JA,2022
TBW,2022-09-28 21:52,2022-09-29 01:00,2022-09-28 21:52,202209290100,FF,C,W,6,NEW,FLC049,1655.9881591796875,2022-09-28 21:52,00000,0,ER,OO,False,,,,,,,202209282152-KTBW-WGUS52-FFWTBW,TBW,2022
TBW,2022-09-28 21:52,2022-09-29 01:00,2022-09-28 21:52,202209290100,FF,C,W,6,NEW,FLC055,2869.966796875,2022-09-28 21:52,00000,0,ER,OO,False,,,,,,,202209282152-KTBW-WGUS52-FFWTBW,TBW,2022
TBW,2022-09-28 21:52,2022-09-29 01:00,2022-09-28 21:52,202209290100,FF,C,W,6,NEW,FLC015,1818.09619140625,2022-09-28 21:52,00000,0,ER,OO,False,,,,,,,202209282152-KTBW-WGUS52-FFWTBW,TBW,2022
TBW,2022-09-28 23:29,2022-09-29 01:30,2022-09-28 23:29,202209290130,EW,C,W,5,NEW,FLC027,1659.1502685546875,2022-09-28 23:29,,,,,False,,,,,,,202209282329-KTBW-WFUS52-EWWTBW,TBW,2022
OKX,2022-09-24 15:00,2022-09-24 17:20,2022-09-24 14:46,202209250600,SC,C,Y,88,CAN,ANZ350,3316.000244140625,2022-09-24 17:20,,,,,False,,,,,,,202209241446-KOKX-WHUS71-MWWOKX,"For more details, see th",2022
TBW,2022-09-29 16:25,2022-09-30 12:00,2022-09-29 16:25,202209301200,SC,C,Y,23,CON,GMZ836,726.0570068359375,2022-09-30 07:59,,,,,False,,,,,,,202209291625-KTBW-WHUS72-MWWTBW,,2022
TBW,2022-09-29 16:36,2022-10-01 00:00,2022-09-29 16:36,202210010000,RP,C,S,17,NEW,FLZ165,792.4913330078125,2022-09-29 16:36,,,,,False,,,,,,,202209291636-KTBW-WHUS42-CFWTBW,,2022
DVN,2022-09-28 05:00,2022-09-28 13:00,2022-09-27 18:53,202209281300,FR,C,Y,2,EXP,IAZ098,1268.9910888671875,2022-09-28 13:03,,,,,False,,,,,,,202209271853-KDVN-WWUS73-NPWDVN,,2022
MRX,2022-09-25 21:22,2022-09-25 21:45,2022-09-25 21:22,202209252145,SV,C,W,182,EXP,VAC105,1132.50341796875,2022-09-25 21:45,,,,,False,,,,,,,202209252122-KMRX-WUUS54-SVRMRX,BW,2022
EAX,2022-09-28 06:00,2022-09-28 13:00,2022-09-27 19:15,202209281300,FR,C,Y,4,EXP,MOZ017,1472.9595947265625,2022-09-28 13:04,,,,,False,,,,,,,202209271915-KEAX-WWUS73-NPWEAX,,2022
EAX,2022-09-28 06:00,2022-09-28 13:00,2022-09-27 19:15,202209281300,FR,C,Y,4,EXP,MOZ008,797.1704711914062,2022-09-28 13:04,,,,,False,,,,,,,202209271915-KEAX-WWUS73-NPWEAX,,2022
GUM,2022-09-24 20:00,2022-09-25 20:00,2022-09-24 06:00,202209252000,FA,C,A,3,CON,MPZ003,119.66476440429688,2022-09-25 06:38,00000,0,ER,OO,False,,,,,,,202209240600-PGUM-WGMY60-FFAGUM,mgm,2022
MFL,2022-09-28 13:41,2022-09-28 16:45,2022-09-28 13:41,202209281645,FA,C,Y,253,NEW,FLC021,5251.28515625,2022-09-28 13:41,00000,N,ER,OO,False,,,,,,,202209281341-KMFL-WGUS82-FLSMFL,Hadi,2022
FGF,2022-09-28 07:00,2022-09-28 13:41,2022-09-27 19:05,202209281400,FZ,C,W,2,CAN,MNZ028,1828.2408447265625,2022-09-28 13:41,,,,,False,,,,,,,202209271905-KFGF-WWUS73-NPWFGF,,2022
CAR,2022-09-24 04:00,2022-09-23 07:22,2022-09-22 19:02,202209250000,HW,C,A,4,UPG,MEZ006,4153.1806640625,2022-09-23 07:22,,,,,False,,,,,,,202209221902-KCAR-WWUS71-NPWCAR,,2022
FGF,2022-09-28 07:00,2022-09-28 13:41,2022-09-27 19:05,202209281400,FZ,C,W,2,CAN,MNZ031,3205.654296875,2022-09-28 13:41,,,,,False,,,,,,,202209271905-KFGF-WWUS73-NPWFGF,,2022
FGF,2022-09-28 07:00,2022-09-28 13:41,2022-09-27 19:05,202209281400,FZ,C,W,2,CAN,MNZ032,1402.6644287109375,2022-09-28 13:41,,,,,False,,,,,,,202209271905-KFGF-WWUS73-NPWFGF,,2022
FGF,2022-09-28 07:00,2022-09-28 13:41,2022-09-27 19:05,202209281400,FR,C,Y,7,CAN,MNZ004,2850.821533203125,2022-09-28 13:41,,,,,False,,,,,,,202209271905-KFGF-WWUS73-NPWFGF,,2022
JSJ,2022-09-24 18:17,2022-09-24 20:15,2022-09-24 18:17,202209242015,FA,C,Y,280,EXP,PRC083,120.87464141845703,2022-09-24 20:13,00000,N,ER,OO,False,,,,,,,202209241817-TJSJ-WGCA82-FLSSJU,JA,2022
MFL,2022-09-28 14:12,2022-09-28 17:15,2022-09-28 14:12,202209281715,FA,C,Y,254,NEW,FLC043,2056.751953125,2022-09-28 14:12,00000,N,ER,OO,False,,,,,,,202209281412-KMFL-WGUS82-FLSMFL,BAXTER,2022
MLB,2022-09-29 09:41,2022-09-30 03:17,2022-09-29 09:41,202210200941,TR,C,W,1009,CAN,FLZ041,2526.55712890625,2022-09-30 03:17,,,,,False,,,,,,,202209290941-KMLB-WTUS82-TCVMLB,,2022
MLB,2022-09-29 09:41,2022-09-30 00:08,2022-09-29 09:41,202210200941,TR,C,W,1009,CAN,FLZ045,2604.071533203125,2022-09-30 00:08,,,,,False,,,,,,,202209290941-KMLB-WTUS82-TCVMLB,,2022
MLB,2022-09-29 09:41,2022-09-30 00:08,2022-09-29 09:41,202210200941,TR,C,W,1009,CAN,FLZ046,894.225830078125,2022-09-30 00:08,,,,,False,,,,,,,202209290941-KMLB-WTUS82-TCVMLB,,2022
ILM,2022-09-28 15:03,2022-09-29 15:09,2022-09-28 15:03,202210191503,TR,C,W,1009,UPG,SCZ058,1301.342529296875,2022-09-29 15:09,,,,,False,,,,,,,202209281503-KILM-WTUS82-TCVILM,,2022
ILM,2022-09-29 00:00,2022-09-28 15:04,2022-09-28 08:23,202209301200,GL,C,W,12,CAN,AMZ256,1769.9320068359375,2022-09-28 15:04,,,,,False,,,,,,,202209280823-KILM-WHUS72-MWWILM,,2022
TWC,2022-09-28 21:12,2022-09-28 22:15,2022-09-28 21:12,202209282215,DS,C,Y,38,EXP,AZC019,23815.521484375,2022-09-28 22:16,,,,,False,,,,,,,202209282112-KTWC-WWUS55-DSWTWC,KRG,2022
JSJ,2022-09-26 17:54,2022-09-26 21:00,2022-09-26 17:54,202209262100,FA,C,Y,283,EXP,PRC003,80.42816925048828,2022-09-26 20:51,00000,N,ER,OO,False,,,,,,,202209261754-TJSJ-WGCA82-FLSSJU,DSR,2022
LOT,2022-09-25 12:00,2022-09-29 01:42,2022-09-24 20:08,202209281500,BH,C,S,21,CAN,INZ002,1086.1656494140625,2022-09-29 01:42,,,,,False,,,,,,,202209242008-KLOT-WHUS43-CFWLOT,,2022
DLH,2022-09-25 15:00,2022-09-26 18:00,2022-09-24 20:32,202209261800,SC,C,Y,99,EXP,LSZ148,279.439208984375,2022-09-26 18:13,,,,,False,,,,,,,202209242032-KDLH-WHUS73-MWWDLH,Melde,2022
BOX,2022-09-24 10:47,2022-09-24 20:00,2022-09-24 10:47,202209242000,SC,C,Y,85,EXP,ANZ230,254.0631866455078,2022-09-24 19:38,,,,,False,,,,,,,202209241047-KBOX-WHUS71-MWWBOX,Frank,2022
TBW,2022-09-28 15:38,2022-09-28 16:15,2022-09-28 15:38,202209281615,TO,C,W,25,EXP,FLC027,1659.1502685546875,2022-09-28 16:11,,,,,False,,,,,,,202209281538-KTBW-WFUS52-TORTBW,TBW,2022
VEF,2022-09-28 15:00,2022-09-28 17:17,2022-09-28 15:00,202209281800,FA,C,Y,73,CAN,NVC003,20951.15234375,2022-09-28 17:17,00000,N,ER,OO,False,,,,,,,202209281500-KVEF-WGUS85-FLSVEF,JV,2022
MPX,2022-09-27 09:00,2022-09-27 13:00,2022-09-26 19:23,202209271300,FR,C,Y,3,CON,MNZ045,1378.047607421875,2022-09-27 08:06,,,,,False,,,,,,,202209261923-KMPX-WWUS73-NPWMPX,,2022
CAR,2022-09-24 03:00,2022-09-25 01:55,2022-09-23 07:13,202209250300,SU,C,Y,2,CAN,MEZ029,1916.6795654296875,2022-09-25 01:55,,,,,False,,,,,,,202209230713-KCAR-WHUS41-CFWCAR,Buster,2022
CAR,2022-09-24 02:00,2022-09-24 22:25,2022-09-23 07:22,202209242100,WI,C,Y,7,CAN,MEZ001,7962.1328125,2022-09-24 22:25,,,,,False,,,,,,,202209230722-KCAR-WWUS71-NPWCAR,,2022
LCH,2022-09-27 03:00,2022-09-29 12:00,2022-09-26 20:10,202209271500,SC,C,Y,35,CON,GMZ455,4942.80908203125,2022-09-29 02:45,,,,,False,,,,,,,202209262010-KLCH-WHUS74-MWWLCH,,2022
MFL,2022-09-27 17:31,2022-09-27 18:00,2022-09-27 17:31,202209271800,TO,C,W,16,EXP,FLC011,3161.671630859375,2022-09-27 17:54,,,,,False,,,,,,,202209271731-KMFL-WFUS52-TORMFL,MFL,2022
MOB,2022-09-28 09:16,2022-09-28 23:00,2022-09-28 09:16,202209282300,WI,C,Y,12,CON,FLZ205,2101.291015625,2022-09-28 17:53,,,,,False,,,,,,,202209280916-KMOB-WWUS74-NPWMOB,,2022
KEY,2022-09-26 21:14,2022-09-28 18:11,2022-09-26 21:14,202210172114,HU,C,W,1009,CAN,GMZ034,4755.533203125,2022-09-28 18:11,,,,,False,,,,,,,202209262114-KKEY-WHUS72-MWWKEY,CLR,2022
CAR,2022-09-24 02:00,2022-09-24 19:45,2022-09-23 07:22,202209242100,WI,C,Y,7,CAN,MEZ031,1898.1129150390625,2022-09-24 19:45,,,,,False,,,,,,,202209230722-KCAR-WWUS71-NPWCAR,,2022
CAR,2022-09-24 02:00,2022-09-24 19:45,2022-09-23 07:22,202209242100,WI,C,Y,7,CAN,MEZ004,5937.9033203125,2022-09-24 19:45,,,,,False,,,,,,,202209230722-KCAR-WWUS71-NPWCAR,,2022
MQT,2022-09-29 04:00,2022-09-29 13:00,2022-09-28 18:49,202209291300,FR,C,Y,4,NEW,MIZ084,948.1891479492188,2022-09-28 18:49,,,,,False,,,,,,,202209281849-KMQT-WWUS73-NPWMQT,,2022
LWX,2022-09-27 13:00,2022-09-28 15:00,2022-09-27 05:40,202209281000,SC,C,Y,188,EXP,ANZ533,619.4905395507812,2022-09-28 14:57,,,,,False,,,,,,,202209270540-KLWX-WHUS71-MWWLWX,,2022
MFL,2022-09-28 05:26,2022-09-28 05:45,2022-09-28 05:26,202209280545,TO,C,W,59,CON,FLC011,3161.671630859375,2022-09-28 05:32,,,,,False,,,,,,,202209280526-KMFL-WFUS52-TORMFL,SB,2022
PSR,2022-09-24 01:10,2022-09-24 04:15,2022-09-24 01:10,202209240415,FF,C,W,304,EXP,AZC021,13926.7177734375,2022-09-24 04:11,00000,0,ER,OO,False,,,,,,,202209240110-KPSR-WGUS55-FFWPSR,Iniguez,2022
GRR,2022-09-25 12:00,2022-09-26 00:00,2022-09-25 08:29,202209281500,SC,C,Y,89,CON,LMZ844,284.08349609375,2022-09-25 19:25,,,,,False,,,,,,,202209250829-KGRR-WHUS73-MWWGRR,,2022
TAE,2022-09-28 16:00,2022-09-29 00:00,2022-09-27 19:05,202209290000,FW,C,W,5,CON,ALZ065,1763.99951171875,2022-09-28 06:46,,,,,False,,,,,,,202209271905-KTAE-WWUS82-RFWTAE,,2022
TAE,2022-09-28 16:00,2022-09-29 00:00,2022-09-27 19:05,202209290000,FW,C,W,5,CON,ALZ068,1500.7431640625,2022-09-28 06:46,,,,,False,,,,,,,202209271905-KTAE-WWUS82-RFWTAE,,2022
TAE,2022-09-28 16:00,2022-09-29 00:00,2022-09-27 19:05,202209290000,FW,C,W,5,CON,FLZ010,1596.6563720703125,2022-09-28 06:46,,,,,False,,,,,,,202209271905-KTAE-WWUS82-RFWTAE,,2022
APX,2022-09-29 04:00,2022-09-28 06:46,2022-09-27 19:21,202209291300,FZ,C,A,1,UPG,MIZ041,1334.8489990234375,2022-09-28 06:46,,,,,False,,,,,,,202209271921-KAPX-WWUS73-NPWAPX,FEF,2022
MFL,2022-09-28 20:19,2022-09-28 22:00,2022-09-28 20:19,202209282200,FA,C,Y,259,CON,FLC099,5142.36865234375,2022-09-28 21:20,00000,N,ER,OO,False,,,,,,,202209282019-KMFL-WGUS82-FLSMFL,BAXTER,2022
LIX,2022-09-27 14:00,2022-09-28 00:00,2022-09-26 20:19,202209280000,FW,C,W,3,CON,LAZ077,241.8096160888672,2022-09-27 18:51,,,,,False,,,,,,,202209262019-KLIX-WWUS84-RFWLIX,,2022
LIX,2022-09-27 14:00,2022-09-28 00:00,2022-09-26 20:19,202209280000,FW,C,W,3,CON,LAZ068,300.76171875,2022-09-27 18:51,,,,,False,,,,,,,202209262019-KLIX-WWUS84-RFWLIX,,2022
CHS,2022-09-27 15:12,2022-09-28 03:16,2022-09-27 15:12,202210181512,TR,C,A,1009,UPG,SCZ050,2561.243896484375,2022-09-28 03:16,,,,,False,,,,,,,202209271512-KCHS-WTUS82-TCVCHS,,2022
TWC,2022-09-25 01:04,2022-09-25 03:00,2022-09-25 01:04,202209250300,FA,C,Y,274,EXP,AZC003,16118.8740234375,2022-09-25 03:00,00000,N,ER,OO,False,,,,,,,202209250104-KTWC-WGUS85-FLSTWC,GLZ,2022
JAX,2022-09-27 15:13,2022-09-30 08:55,2022-09-27 15:13,202210181513,TR,C,W,1009,CAN,FLZ124,370.8739013671875,2022-09-30 08:55,,,,,False,,,,,,,202209271513-KJAX-WTUS82-TCVJAX,,2022
KEY,2022-09-27 15:15,2022-09-27 21:20,2022-09-27 15:15,202210181515,TR,C,A,1009,UPG,FLZ076,130.48358154296875,2022-09-27 21:20,,,,,False,,,,,,,202209271515-KKEY-WTUS82-TCVKEY,CLR,2022
TBW,2022-09-26 21:10,2022-09-29 12:25,2022-09-26 21:10,202210172110,SS,C,W,1009,CAN,FLZ165,792.4913330078125,2022-09-29 12:25,,,,,False,,,,,,,202209262110-KTBW-WTUS82-TCVTBW,,2022
TBW,2022-09-27 09:08,2022-09-29 09:10,2022-09-27 09:08,202210180908,HU,C,W,1009,CAN,FLZ162,705.6476440429688,2022-09-29 09:10,,,,,False,,,,,,,202209270908-KTBW-WTUS82-TCVTBW,,2022
GRB,2022-09-25 23:00,2022-09-28 09:00,2022-09-24 20:07,202209270000,SC,C,Y,66,CON,LMZ521,1827.5804443359375,2022-09-28 08:29,,,,,False,,,,,,,202209242007-KGRB-WHUS73-MWWGRB,AK,2022
MHX,2022-09-29 15:03,2022-10-01 03:19,2022-09-29 15:03,202210201503,TR,C,W,1009,CAN,NCZ081,1754.7763671875,2022-10-01 03:19,,,,,False,,,,,,,202209291503-KMHX-WTUS82-TCVMHX,,2022
MHX,2022-09-29 15:06,2022-10-01 00:00,2022-09-29 15:06,202209300000,BH,C,S,50,EXP,NCZ195,534.33056640625,2022-10-01 00:13,,,,,False,,,,,,,202209291506-KMHX-WHUS42-CFWMHX,,2022
TBW,2022-09-29 16:25,2022-09-30 18:00,2022-09-29 16:25,202209301800,SC,C,Y,23,CON,GMZ853,5349.859375,2022-09-30 07:59,,,,,False,,,,,,,202209291625-KTBW-WHUS72-MWWTBW,,2022
GRR,2022-09-25 12:00,2022-09-28 21:00,2022-09-25 09:03,202209281500,BH,C,S,31,EXP,MIZ064,2179.309326171875,2022-09-28 20:41,,,,,False,,,,,,,202209250903-KGRR-WHUS43-CFWGRR,,2022
KEY,2022-09-27 20:46,2022-09-28 08:58,2022-09-27 20:46,202209280900,TO,C,A,545,CAN,GMZ044,1400.305419921875,2022-09-28 08:58,,,,,False,,,,,,,202209272046-KKEY-WWUS62-WCNKEY,CLR,2022
RLX,2022-09-25 16:22,2022-09-25 19:08,2022-09-25 16:22,202209251930,FF,C,W,111,CAN,WVC039,2358.275390625,2022-09-25 19:08,00000,0,ER,OO,False,,,,,,,202209251622-KRLX-WGUS51-FFWRLX,JZ,2022
MFL,2022-09-27 20:59,2022-09-28 09:00,2022-09-27 20:59,202209280900,TO,C,A,545,EXP,FLC011,3161.671630859375,2022-09-28 09:01,,,,,False,,,,,,,202209272059-KMFL-WWUS62-WCNMFL,,2022
TOP,2022-09-24 07:57,2022-09-24 14:03,2022-09-24 07:57,202209241500,FG,C,Y,6,CAN,KSZ024,1702.3470458984375,2022-09-24 14:03,,,,,False,,,,,,,202209240757-KTOP-WWUS73-NPWTOP,Drake,2022
MLB,2022-09-25 19:39,2022-09-25 21:00,2022-09-25 19:39,202209252100,FA,C,Y,149,NEW,FLC093,2013.75390625,2022-09-25 19:39,00000,N,ER,OO,False,,,,,,,202209251939-KMLB-WGUS82-FLSMLB,SK,2022
JAN,2022-09-28 14:00,2022-09-29 01:00,2022-09-27 19:22,202209290100,FW,C,W,3,CON,MSZ074,1218.8956298828125,2022-09-28 09:11,,,,,False,,,,,,,202209271922-KJAN-WWUS84-RFWJAN,CR,2022
LOX,2022-09-24 10:30,2022-09-24 16:33,2022-09-24 10:30,202209251700,FG,C,Y,13,CAN,CAZ341,514.4519653320312,2022-09-24 16:33,,,,,False,,,,,,,202209241030-KLOX-WWUS76-NPWLOX,Munroe,2022
MFL,2022-09-27 15:23,2022-09-29 12:21,2022-09-27 15:23,202210181523,TR,C,W,1009,CAN,AMZ650,2599.531494140625,2022-09-29 12:21,,,,,False,,,,,,,202209271523-KMFL-WHUS72-MWWMFL,,2022
TBW,2022-09-27 09:08,2022-09-29 15:30,2022-09-27 09:08,202210180908,TR,C,W,1009,CAN,FLZ043,1505.0042724609375,2022-09-29 15:30,,,,,False,,,,,,,202209270908-KTBW-WTUS82-TCVTBW,,2022
MPX,2022-09-28 05:00,2022-09-28 13:00,2022-09-27 19:19,202209281300,FZ,C,W,1,CON,MNZ042,2530.159423828125,2022-09-28 09:31,,,,,False,,,,,,,202209271919-KMPX-WWUS73-NPWMPX,jrb,2022
MPX,2022-09-28 05:00,2022-09-28 13:00,2022-09-27 19:19,202209281300,FR,C,Y,4,CON,MNZ056,1518.803466796875,2022-09-28 09:31,,,,,False,,,,,,,202209271919-KMPX-WWUS73-NPWMPX,jrb,2022
MPX,2022-09-28 05:00,2022-09-28 13:00,2022-09-27 19:19,202209281300,FR,C,Y,4,CON,MNZ055,1944.1646728515625,2022-09-28 09:31,,,,,False,,,,,,,202209271919-KMPX-WWUS73-NPWMPX,jrb,2022
MPX,2022-09-28 05:00,2022-09-28 13:00,2022-09-27 19:19,202209281300,FR,C,Y,4,CON,MNZ066,1306.6568603515625,2022-09-28 09:31,,,,,False,,,,,,,202209271919-KMPX-WWUS73-NPWMPX,jrb,2022
OKX,2022-09-25 15:00,2022-09-27 06:00,2022-09-24 19:25,202209261000,SC,C,Y,89,EXP,ANZ353,1860.9146728515625,2022-09-27 05:59,,,,,False,,,,,,,202209241925-KOKX-WHUS71-MWWOKX,"For more details, see th",2022
GRR,2022-09-24 08:00,2022-09-24 22:55,2022-09-23 19:51,202209250000,BH,C,S,30,CAN,MIZ050,1331.7669677734375,2022-09-24 22:55,,,,,False,,,,,,,202209231951-KGRR-WHUS43-CFWGRR,,2022
CAR,2022-09-24 04:00,2022-09-23 07:22,2022-09-22 19:02,202209250000,HW,C,A,4,UPG,MEZ002,5516.90380859375,2022-09-23 07:22,,,,,False,,,,,,,202209221902-KCAR-WWUS71-NPWCAR,,2022
CYS,2022-09-28 17:00,2022-09-29 01:05,2022-09-28 09:52,202209290200,FW,C,W,22,CAN,WYZ428,3190.573974609375,2022-09-29 01:05,,,,,False,,,,,,,202209280952-KCYS-WWUS85-RFWCYS,CLH,2022
DMX,2022-09-24 08:10,2022-09-24 15:00,2022-09-24 08:10,202209241400,FG,C,Y,7,EXP,IAZ092,1383.3055419921875,2022-09-24 14:56,,,,,False,,,,,,,202209240810-KDMX-WWUS73-NPWDMX,CURTIS For more informat,2022
LOT,2022-09-28 05:00,2022-09-28 10:27,2022-09-27 19:44,202209281300,FR,C,Y,2,CAN,ILZ003,1342.6602783203125,2022-09-28 10:27,,,,,False,,,,,,,202209271944-KLOT-WWUS73-NPWLOT,,2022
LSX,2022-09-28 05:00,2022-09-28 13:00,2022-09-27 18:39,202209281300,FR,C,Y,5,EXP,MOZ019,1321.666259765625,2022-09-28 13:01,,,,,False,,,,,,,202209271839-KLSX-WWUS73-NPWLSX,MRM,2022
MLB,2022-09-28 12:07,2022-09-28 12:30,2022-09-28 12:07,202209281230,TO,C,W,20,EXP,FLC097,3908.311279296875,2022-09-28 12:28,,,,,False,,,,,,,202209281207-KMLB-WFUS52-TORMLB,Sedlock,2022
DMX,2022-09-24 08:10,2022-09-24 15:00,2022-09-24 08:10,202209241400,FG,C,Y,7,EXP,IAZ072,1454.421142578125,2022-09-24 14:56,,,,,False,,,,,,,202209240810-KDMX-WWUS73-NPWDMX,CURTIS For more informat,2022
JAX,2022-09-29 09:27,2022-09-29 20:54,2022-09-29 09:27,202209292200,FA,C,A,6,CAN,GAZ165,987.2612915039062,2022-09-29 20:54,00000,0,ER,OO,False,,,,,,,202209290927-KJAX-WGUS62-FFAJAX,CHANEY,2022
JAX,2022-09-29 09:27,2022-09-29 20:54,2022-09-29 09:27,202209292200,FA,C,A,6,CAN,GAZ166,672.1104736328125,2022-09-29 20:54,00000,0,ER,OO,False,,,,,,,202209290927-KJAX-WGUS62-FFAJAX,CHANEY,2022
MSO,2022-09-29 20:42,2022-09-29 21:15,2022-09-29 20:42,202209292115,SV,C,W,76,CON,MTC039,4476.7470703125,2022-09-29 20:54,,,,,False,,,,,,,202209292042-KMSO-WUUS55-SVRMSO,,2022
DMX,2022-09-24 08:10,2022-09-24 15:00,2022-09-24 08:10,202209241400,FG,C,Y,7,EXP,IAZ083,1116.8172607421875,2022-09-24 14:56,,,,,False,,,,,,,202209240810-KDMX-WWUS73-NPWDMX,CURTIS For more informat,2022
GRB,2022-09-28 05:00,2022-09-28 13:00,2022-09-27 19:34,202209281300,FZ,C,W,3,EXP,WIZ010,3193.29345703125,2022-09-28 12:56,,,,,False,,,,,,,202209271934-KGRB-WWUS73-NPWGRB,"For more information, vi",2022
BGM,2022-09-24 04:00,2022-09-24 12:00,2022-09-23 18:40,202209241200,FR,C,Y,4,EXP,NYZ055,1352.0711669921875,2022-09-24 12:14,,,,,False,,,,,,,202209231840-KBGM-WWUS71-NPWBGM,,2022
GRB,2022-09-28 05:00,2022-09-28 13:00,2022-09-27 19:34,202209281300,FR,C,Y,6,EXP,WIZ074,1458.3309326171875,2022-09-28 12:56,,,,,False,,,,,,,202209271934-KGRB-WWUS73-NPWGRB,"For more information, vi",2022
LWX,2022-09-25 15:40,2022-09-25 19:17,2022-09-25 15:40,202209252300,SV,C,A,543,CAN,WVC023,1242.7078857421875,2022-09-25 19:17,,,,,False,,,,,,,202209251540-KLWX-WWUS61-WCNLWX,,2022
LWX,2022-09-25 15:40,2022-09-25 19:17,2022-09-25 15:40,202209252300,SV,C,A,543,CAN,VAC840,24.164186477661133,2022-09-25 19:17,,,,,False,,,,,,,202209251540-KLWX-WWUS61-WCNLWX,,2022
LWX,2022-09-25 15:40,2022-09-25 19:17,2022-09-25 15:40,202209252300,SV,C,A,543,CAN,VAC820,39.81535720825195,2022-09-25 19:17,,,,,False,,,,,,,202209251540-KLWX-WWUS61-WCNLWX,,2022
LWX,2022-09-25 15:40,2022-09-25 19:17,2022-09-25 15:40,202209252300,SV,C,A,543,CAN,WVC003,832.053466796875,2022-09-25 19:17,,,,,False,,,,,,,202209251540-KLWX-WWUS61-WCNLWX,,2022
TBW,2022-09-28 09:23,2022-09-28 21:00,2022-09-28 09:23,202209282100,TO,C,A,546,NEW,FLC115,1494.819091796875,2022-09-28 09:23,,,,,False,,,,,,,202209280923-KTBW-WWUS62-WCNTBW,,2022
FSD,2022-09-28 06:00,2022-09-28 13:00,2022-09-27 19:31,202209281300,FR,C,Y,2,EXP,SDZ039,2232.25,2022-09-28 12:57,,,,,False,,,,,,,202209271931-KFSD-WWUS73-NPWFSD,,2022
JAX,2022-09-26 21:07,2022-09-27 15:13,2022-09-26 21:07,202210172107,TR,C,A,1009,UPG,FLZ138,146.872802734375,2022-09-27 15:13,,,,,False,,,,,,,202209262107-KJAX-WTUS82-TCVJAX,,2022
JAX,2022-09-26 21:07,2022-09-27 15:13,2022-09-26 21:07,202210172107,TR,C,A,1009,UPG,FLZ038,1159.1422119140625,2022-09-27 15:13,,,,,False,,,,,,,202209262107-KJAX-WTUS82-TCVJAX,,2022
JAX,2022-09-26 21:07,2022-09-27 15:13,2022-09-26 21:07,202210172107,TR,C,A,1009,UPG,FLZ132,240.88516235351562,2022-09-27 15:13,,,,,False,,,,,,,202209262107-KJAX-WTUS82-TCVJAX,,2022
FSD,2022-09-28 06:00,2022-09-28 13:00,2022-09-27 19:31,202209281300,FR,C,Y,2,EXP,SDZ040,2080.1259765625,2022-09-28 12:57,,,,,False,,,,,,,202209271931-KFSD-WWUS73-NPWFSD,,2022
ARX,2022-09-28 05:00,2022-09-28 13:00,2022-09-27 18:51,202209281300,FZ,C,W,1,EXP,WIZ034,2584.904052734375,2022-09-28 12:59,,,,,False,,,,,,,202209271851-KARX-WWUS73-NPWARX,,2022
TBW,2022-09-27 21:16,2022-09-28 09:23,2022-09-27 21:16,202209290900,TO,C,A,1009,CAN,GMZ876,5190.9150390625,2022-09-28 09:23,,,,,False,,,,,,,202209272116-KTBW-WWUS62-WCNTBW,,2022
TBW,2022-09-27 21:16,2022-09-28 09:23,2022-09-27 21:16,202209290900,TO,C,A,1009,CAN,GMZ836,726.0570068359375,2022-09-28 09:23,,,,,False,,,,,,,202209272116-KTBW-WWUS62-WCNTBW,,2022
TBW,2022-09-28 09:23,2022-09-28 21:00,2022-09-28 09:23,202209282100,TO,C,A,546,NEW,GMZ836,726.0570068359375,2022-09-28 09:23,,,,,False,,,,,,,202209280923-KTBW-WWUS62-WCNTBW,,2022
TBW,2022-09-28 15:38,2022-09-28 16:15,2022-09-28 15:38,202209281615,TO,C,W,25,EXP,FLC055,2869.966796875,2022-09-28 16:11,,,,,False,,,,,,,202209281538-KTBW-WFUS52-TORTBW,TBW,2022
DVN,2022-09-28 05:00,2022-09-28 13:00,2022-09-27 18:53,202209281300,FR,C,Y,2,EXP,IAZ053,1491.2271728515625,2022-09-28 13:03,,,,,False,,,,,,,202209271853-KDVN-WWUS73-NPWDVN,,2022
TBW,2022-09-28 21:52,2022-09-29 01:00,2022-09-28 21:52,202209290100,FF,C,W,6,NEW,FLC071,2115.832275390625,2022-09-28 21:52,00000,0,ER,OO,False,,,,,,,202209282152-KTBW-WGUS52-FFWTBW,TBW,2022
TBW,2022-09-28 21:52,2022-09-29 01:00,2022-09-28 21:52,202209290100,FF,C,W,6,NEW,FLC081,1946.7275390625,2022-09-28 21:52,00000,0,ER,OO,False,,,,,,,202209282152-KTBW-WGUS52-FFWTBW,TBW,2022
DVN,2022-09-28 05:00,2022-09-28 13:00,2022-09-27 18:53,202209281300,FR,C,Y,2,EXP,IAZ063,1518.986083984375,2022-09-28 13:03,,,,,False,,,,,,,202209271853-KDVN-WWUS73-NPWDVN,,2022
TBW,2022-09-28 23:29,2022-09-29 01:30,2022-09-28 23:29,202209290130,EW,C,W,5,NEW,FLC015,1818.09619140625,2022-09-28 23:29,,,,,False,,,,,,,202209282329-KTBW-WFUS52-EWWTBW,TBW,2022
TBW,2022-09-29 09:16,2022-09-29 16:25,2022-09-29 09:16,202210200916,TR,C,W,1009,CAN,GMZ830,952.15966796875,2022-09-29 16:25,,,,,False,,,,,,,202209290916-KTBW-WHUS72-MWWTBW,,2022
TBW,2022-09-29 16:25,2022-09-30 06:00,2022-09-29 16:25,202209300600,GL,C,W,4,NEW,GMZ870,7298.208984375,2022-09-29 16:25,,,,,False,,,,,,,202209291625-KTBW-WHUS72-MWWTBW,,2022
TBW,2022-09-29 16:30,2022-09-29 19:36,2022-09-27 23:20,202210200540,FL,C,W,15,CAN,FLC057,2771.680908203125,2022-09-29 19:36,RVWF1,2,ER,NR,False,,,,,,,202209272320-KTBW-WGUS42-FLWTBW,TBW,2022
TBW,2022-09-29 16:36,2022-10-01 00:00,2022-09-29 16:36,202210010000,RP,C,S,17,NEW,FLZ151,726.67138671875,2022-09-29 16:36,,,,,False,,,,,,,202209291636-KTBW-WHUS42-CFWTBW,,2022
DLH,2022-09-28 05:00,2022-09-28 13:00,2022-09-27 19:25,202209281300,FZ,C,W,3,EXP,MNZ037,4808.8994140625,2022-09-28 13:14,,,,,False,,,,,,,202209271925-KDLH-WWUS73-NPWDLH,BJH,2022
FWD,2022-09-25 22:18,2022-09-25 22:43,2022-09-25 22:18,202209252300,SV,C,W,218,CAN,TXC113,2354.464599609375,2022-09-25 22:43,,,,,False,,,,,,,202209252218-KFWD-WUUS54-SVRFWD,30,2022
FGF,2022-09-28 07:00,2022-09-28 13:41,2022-09-27 19:05,202209281400,FR,C,Y,7,CAN,MNZ030,2541.921142578125,2022-09-28 13:41,,,,,False,,,,,,,202209271905-KFGF-WWUS73-NPWFGF,,2022
JAN,2022-09-28 14:00,2022-09-27 19:22,2022-09-26 19:46,202209290100,FW,C,A,1,UPG,MSZ074,1218.8956298828125,2022-09-27 19:22,,,,,False,,,,,,,202209261946-KJAN-WWUS84-RFWJAN,NF,2022
TBW,2022-09-26 09:12,2022-09-26 21:10,2022-09-26 09:12,202210170912,TR,C,A,1009,UPG,FLZ265,1323.2781982421875,2022-09-26 21:10,,,,,False,,,,,,,202209260912-KTBW-WTUS82-TCVTBW,,2022
JSJ,2022-09-26 17:28,2022-09-26 20:30,2022-09-26 17:28,202209262030,FA,C,Y,282,EXP,PRC061,70.54313659667969,2022-09-26 20:38,00000,N,ER,OO,False,,,,,,,202209261728-TJSJ-WGCA82-FLSSJU,DSR,2022
KEY,2022-09-27 21:14,2022-09-28 21:23,2022-09-27 21:14,202210182114,TR,C,W,1009,CAN,GMZ052,2480.46630859375,2022-09-28 21:23,,,,,False,,,,,,,202209272114-KKEY-WHUS72-MWWKEY,CLR,2022
TBW,2022-09-28 14:46,2022-09-28 16:45,2022-09-28 14:46,202209281645,EW,C,W,1,NEW,FLC071,2115.832275390625,2022-09-28 14:46,,,,,False,,,,,,,202209281446-KTBW-WFUS52-EWWTBW,TBW,2022
JSJ,2022-09-26 17:28,2022-09-26 20:30,2022-09-26 17:28,202209262030,FA,C,Y,282,EXP,PRC137,60.77819061279297,2022-09-26 20:38,00000,N,ER,OO,False,,,,,,,202209261728-TJSJ-WGCA82-FLSSJU,DSR,2022
JSJ,2022-09-26 17:54,2022-09-26 21:00,2022-09-26 17:54,202209262100,FA,C,Y,283,EXP,PRC083,120.87464141845703,2022-09-26 20:51,00000,N,ER,OO,False,,,,,,,202209261754-TJSJ-WGCA82-FLSSJU,DSR,2022
JSJ,2022-09-26 17:54,2022-09-26 21:00,2022-09-26 17:54,202209262100,FA,C,Y,283,EXP,PRC097,195.86607360839844,2022-09-26 20:51,00000,N,ER,OO,False,,,,,,,202209261754-TJSJ-WGCA82-FLSSJU,DSR,2022
MLB,2022-09-27 09:55,2022-09-28 15:31,2022-09-27 09:55,202210180955,TR,C,W,1009,UPG,AMZ572,7326.3125,2022-09-28 15:31,,,,,False,,,,,,,202209270955-KMLB-WHUS72-MWWMLB,,2022
MLB,2022-09-27 09:55,2022-09-28 15:31,2022-09-27 09:55,202210180955,TR,C,W,1009,UPG,AMZ552,4612.98583984375,2022-09-28 15:31,,,,,False,,,,,,,202209270955-KMLB-WHUS72-MWWMLB,,2022
MQT,2022-09-25 17:00,2022-09-28 09:00,2022-09-24 08:46,202209261200,SC,C,Y,146,CON,LSZ241,550.025390625,2022-09-28 08:18,,,,,False,,,,,,,202209240846-KMQT-WHUS73-MWWMQT,,2022
GYX,2022-09-24 03:00,2022-09-24 19:08,2022-09-23 07:00,202209242100,WI,C,Y,12,CAN,MEZ009,5884.76904296875,2022-09-24 19:08,,,,,False,,,,,,,202209230700-KGYX-WWUS71-NPWGYX,ARNOTT,2022
BGM,2022-09-24 04:00,2022-09-24 12:00,2022-09-23 06:53,202209241200,FR,C,Y,4,EXP,NYZ062,2577.79931640625,2022-09-24 12:14,,,,,False,,,,,,,202209230653-KBGM-WWUS71-NPWBGM,,2022
MLB,2022-09-29 09:41,2022-09-30 03:17,2022-09-29 09:41,202210200941,TR,C,W,1009,CAN,FLZ647,453.6716003417969,2022-09-30 03:17,,,,,False,,,,,,,202209290941-KMLB-WTUS82-TCVMLB,,2022
MLB,2022-09-29 09:41,2022-09-29 18:30,2022-09-29 09:41,202210200941,TR,C,W,1009,CAN,FLZ058,2013.75390625,2022-09-29 18:30,,,,,False,,,,,,,202209290941-KMLB-WTUS82-TCVMLB,,2022
MLB,2022-09-29 09:41,2022-09-30 00:08,2022-09-29 09:41,202210200941,TR,C,W,1009,CAN,FLZ053,3908.38330078125,2022-09-30 00:08,,,,,False,,,,,,,202209290941-KMLB-WTUS82-TCVMLB,,2022
MOB,2022-09-28 09:16,2022-09-28 23:00,2022-09-28 09:16,202209282300,WI,C,Y,12,CON,MSZ079,1253.5047607421875,2022-09-28 17:53,,,,,False,,,,,,,202209280916-KMOB-WWUS74-NPWMOB,,2022
MLB,2022-09-24 03:00,2022-09-25 08:00,2022-09-23 19:43,202209242000,SC,C,Y,34,EXT,AMZ555,3750.61376953125,2022-09-24 19:55,,,,,False,,,,,,,202209231943-KMLB-WHUS72-MWWMLB,,2022
TBW,2022-09-28 19:15,2022-09-28 23:15,2022-09-28 19:15,202209282315,FF,C,W,5,NEW,FLC081,1946.7275390625,2022-09-28 19:15,00000,0,ER,OO,False,,,,,,,202209281915-KTBW-WGUS52-FFWTBW,TBW,2022
ILX,2022-09-29 08:00,2022-09-29 12:00,2022-09-28 20:01,202209291200,FR,C,Y,4,CON,ILZ027,1861.5418701171875,2022-09-29 08:19,,,,,False,,,,,,,202209282001-KILX-WWUS73-NPWILX,,2022
GYX,2022-09-24 03:00,2022-09-25 02:46,2022-09-23 06:57,202209250300,SU,C,Y,3,CAN,MEZ027,982.9847412109375,2022-09-25 02:46,,,,,False,,,,,,,202209230657-KGYX-WHUS41-CFWGYX,ARNOTT,2022
ALY,2022-09-24 04:00,2022-09-24 12:00,2022-09-23 07:00,202209241200,FR,C,Y,5,EXP,VTZ013,1751.6600341796875,2022-09-24 12:01,,,,,False,,,,,,,202209230700-KALY-WWUS71-NPWALY,,2022
ALY,2022-09-24 04:00,2022-09-24 12:00,2022-09-23 07:00,202209241200,FR,C,Y,5,EXP,NYZ084,1243.247314453125,2022-09-24 12:01,,,,,False,,,,,,,202209230700-KALY-WWUS71-NPWALY,,2022
BGM,2022-09-24 04:00,2022-09-24 12:00,2022-09-23 18:40,202209241200,FR,C,Y,4,EXP,NYZ022,3630.757080078125,2022-09-24 12:14,,,,,False,,,,,,,202209231840-KBGM-WWUS71-NPWBGM,,2022
OAX,2022-09-24 07:31,2022-09-24 14:00,2022-09-24 07:31,202209241400,FG,C,Y,7,EXP,IAZ091,1384.8829345703125,2022-09-24 14:02,,,,,False,,,,,,,202209240731-KOAX-WWUS73-NPWOAX,,2022
LIX,2022-09-29 23:00,2022-09-30 15:37,2022-09-28 20:10,202210010000,SC,C,Y,39,CAN,GMZ575,7745.11767578125,2022-09-30 15:37,,,,,False,,,,,,,202209282010-KLIX-WHUS74-MWWLIX,,2022
CAR,2022-09-24 16:02,2022-09-24 19:47,2022-09-24 16:02,202209250000,GL,C,W,25,CAN,ANZ050,3832.47265625,2022-09-24 19:47,,,,,False,,,,,,,202209241602-KCAR-WHUS71-MWWCAR,Sinko,2022
MFL,2022-09-24 21:56,2022-09-25 00:00,2022-09-24 21:56,202209250000,FA,C,Y,231,CON,FLC099,5142.36865234375,2022-09-24 23:03,00000,N,ER,OO,False,,,,,,,202209242156-KMFL-WGUS82-FLSMFL,Hadi,2022
PHI,2022-09-25 11:00,2022-09-26 18:17,2022-09-24 18:55,202209261000,SC,C,Y,78,CAN,ANZ451,2562.346435546875,2022-09-26 18:17,,,,,False,,,,,,,202209241855-KPHI-WHUS71-MWWPHI,CB,2022
SGX,2022-09-24 22:33,2022-09-25 00:30,2022-09-24 22:33,202209250030,FA,C,Y,101,NEW,CAC071,52077.98046875,2022-09-24 22:33,00000,N,ER,OO,False,,,,,,,202209242233-KSGX-WGUS86-FLSSGX,Schenk,2022
PAH,2022-09-24 22:56,2022-09-24 23:05,2022-09-24 22:56,202209242330,SV,C,W,220,CAN,MOC181,1635.4034423828125,2022-09-24 23:05,,,,,False,,,,,,,202209242256-KPAH-WUUS53-SVRPAH,DW,2022
LCH,2022-09-27 03:00,2022-09-29 22:00,2022-09-26 20:10,202209271500,SC,C,Y,35,EXP,GMZ475,7288.42236328125,2022-09-29 22:02,,,,,False,,,,,,,202209262010-KLCH-WHUS74-MWWLCH,,2022
JSJ,2022-09-29 18:55,2022-09-29 22:00,2022-09-29 18:55,202209292200,FA,C,Y,293,EXP,PRC083,120.87464141845703,2022-09-29 22:00,00000,N,ER,OO,False,,,,,,,202209291855-TJSJ-WGCA82-FLSSJU,JA,2022
SGF,2022-09-25 00:08,2022-09-25 00:34,2022-09-25 00:08,202209250100,SV,C,W,221,CAN,MOC229,1768.6458740234375,2022-09-25 00:34,,,,,False,,,,,,,202209250008-KSGF-WUUS53-SVRSGF,Melto,2022
PAH,2022-09-24 23:28,2022-09-24 23:42,2022-09-24 23:28,202209250000,SV,C,W,223,CAN,MOC023,1809.9459228515625,2022-09-24 23:42,,,,,False,,,,,,,202209242328-KPAH-WUUS53-SVRPAH,DW,2022
PAH,2022-09-24 23:22,2022-09-25 00:00,2022-09-24 23:22,202209250000,SV,C,W,221,EXP,MOC023,1809.9459228515625,2022-09-24 23:50,,,,,False,,,,,,,202209242322-KPAH-WUUS53-SVRPAH,JGG,2022
MEG,2022-09-24 23:18,2022-09-24 23:43,2022-09-24 23:18,202209250000,SV,C,W,211,CAN,MOC069,1415.914306640625,2022-09-24 23:43,,,,,False,,,,,,,202209242318-KMEG-WUUS54-SVRMEG,,2022
PAH,2022-09-24 23:25,2022-09-25 00:00,2022-09-24 23:25,202209250000,SV,C,W,222,CON,MOC181,1635.4034423828125,2022-09-24 23:47,,,,,False,,,,,,,202209242325-KPAH-WUUS53-SVRPAH,DW,2022
PSR,2022-09-25 00:06,2022-09-25 00:15,2022-09-25 00:06,202209250315,FA,C,Y,205,CAN,CAC071,52077.98046875,2022-09-25 00:15,00000,N,ER,OO,False,,,,,,,202209250006-KPSR-WGUS85-FLSPSR,GL,2022
LZK,2022-09-25 00:15,2022-09-25 00:45,2022-09-25 00:15,202209250045,SV,C,W,355,EXP,ARC121,1698.8424072265625,2022-09-25 00:47,,,,,False,,,,,,,202209250015-KLZK-WUUS54-SVRLZK,62,2022
GRB,2022-09-25 20:00,2022-09-28 15:00,2022-09-24 20:07,202209270000,SC,C,Y,66,EXP,LMZ542,528.237548828125,2022-09-28 15:14,,,,,False,,,,,,,202209242007-KGRB-WHUS73-MWWGRB,AK,2022
MEG,2022-09-25 01:33,2022-09-25 02:15,2022-09-25 01:33,202209250215,SV,C,W,214,CON,TNC167,1229.292236328125,2022-09-25 01:48,,,,,False,,,,,,,202209250133-KMEG-WUUS54-SVRMEG,,2022
LOT,2022-09-25 12:00,2022-09-29 01:43,2022-09-24 20:07,202209270000,SC,C,Y,92,CAN,LMZ740,343.7041015625,2022-09-29 01:43,,,,,False,,,,,,,202209242007-KLOT-WHUS73-MWWLOT,,2022
MEG,2022-09-28 17:00,2022-09-29 00:00,2022-09-27 20:27,202209290000,FW,C,W,3,CON,MSZ009,1083.2877197265625,2022-09-28 20:29,,,,,False,,,,,,,202209272027-KMEG-WWUS84-RFWMEG,ANS,2022
MEG,2022-09-28 17:00,2022-09-29 00:00,2022-09-27 20:27,202209290000,FW,C,W,3,CON,MSZ024,2000.09228515625,2022-09-28 20:29,,,,,False,,,,,,,202209272027-KMEG-WWUS84-RFWMEG,ANS,2022
MLB,2022-09-28 08:59,2022-09-28 20:31,2022-09-28 08:59,202209282100,TO,C,A,546,CAN,FLC061,1336.3253173828125,2022-09-28 20:31,,,,,False,,,,,,,202209280859-KMLB-WWUS62-WCNMLB,,2022
PHI,2022-09-25 11:00,2022-09-26 00:00,2022-09-25 00:34,202209260000,RP,C,S,7,CON,NJZ026,127.17469787597656,2022-09-25 09:54,,,,,False,,,,,,,202209250034-KPHI-WHUS41-CFWPHI,Brudy,2022
HGX,2022-09-28 10:00,2022-09-29 09:00,2022-09-27 19:46,202209282100,SC,C,Y,62,CON,GMZ355,4297.94384765625,2022-09-29 03:12,,,,,False,,,,,,,202209271946-KHGX-WHUS74-MWWHGX,,2022
MHX,2022-09-29 21:00,2022-09-28 21:09,2022-09-28 08:41,202209301800,GL,C,A,12,UPG,AMZ150,1704.2294921875,2022-09-28 21:09,,,,,False,,,,,,,202209280841-KMHX-WHUS72-MWWMHX,,2022
LIX,2022-09-29 15:00,2022-09-30 15:37,2022-09-28 20:10,202210010000,SC,C,Y,39,CAN,GMZ550,5714.85546875,2022-09-30 15:37,,,,,False,,,,,,,202209282010-KLIX-WHUS74-MWWLIX,,2022
MFL,2022-09-28 11:34,2022-09-28 16:45,2022-09-28 11:34,202209281445,FA,C,Y,251,EXT,FLC021,5251.28515625,2022-09-28 14:20,00000,N,ER,OO,False,,,,,,,202209281134-KMFL-WGUS82-FLSMFL,Hadi,2022
MLB,2022-09-28 12:16,2022-09-28 12:45,2022-09-28 12:16,202209281245,TO,C,W,21,EXP,FLC061,1336.3253173828125,2022-09-28 12:41,,,,,False,,,,,,,202209281216-KMLB-WFUS52-TORMLB,Sedlock,2022
JAX,2022-09-29 09:27,2022-09-29 20:54,2022-09-29 09:27,202209292200,FA,C,A,6,CAN,FLZ425,839.31640625,2022-09-29 20:54,00000,0,ER,OO,False,,,,,,,202209290927-KJAX-WGUS62-FFAJAX,CHANEY,2022
DMX,2022-09-24 08:10,2022-09-24 15:00,2022-09-24 08:10,202209241400,FG,C,Y,7,EXP,IAZ081,1100.447265625,2022-09-24 14:56,,,,,False,,,,,,,202209240810-KDMX-WWUS73-NPWDMX,CURTIS For more informat,2022
DMX,2022-09-24 08:10,2022-09-24 15:00,2022-09-24 08:10,202209241400,FG,C,Y,7,EXP,IAZ082,1101.668701171875,2022-09-24 14:56,,,,,False,,,,,,,202209240810-KDMX-WWUS73-NPWDMX,CURTIS For more informat,2022
GRB,2022-09-28 05:00,2022-09-28 13:00,2022-09-27 19:34,202209281300,FZ,C,W,3,EXP,WIZ011,2703.6806640625,2022-09-28 12:56,,,,,False,,,,,,,202209271934-KGRB-WWUS73-NPWGRB,"For more information, vi",2022
TBW,2022-09-28 01:35,2022-09-28 01:45,2022-09-28 01:35,202209280145,TO,C,W,23,EXP,FLC015,1818.09619140625,2022-09-28 01:44,,,,,False,,,,,,,202209280135-KTBW-WFUS52-TORTBW,TBW,2022
LWX,2022-09-25 15:40,2022-09-25 19:17,2022-09-25 15:40,202209252300,SV,C,A,543,CAN,VAC790,50.83110046386719,2022-09-25 19:17,,,,,False,,,,,,,202209251540-KLWX-WWUS61-WCNLWX,,2022
LWX,2022-09-25 15:40,2022-09-25 19:55,2022-09-25 15:40,202209252300,SV,C,A,543,CAN,VAC107,1348.3939208984375,2022-09-25 19:55,,,,,False,,,,,,,202209251540-KLWX-WWUS61-WCNLWX,,2022
MFL,2022-09-26 03:04,2022-09-26 21:04,2022-09-26 03:04,202210170304,TR,C,A,1009,UPG,FLZ069,787.5226440429688,2022-09-26 21:04,,,,,False,,,,,,,202209260304-KMFL-WTUS82-TCVMFL,,2022
MFL,2022-09-26 03:04,2022-09-26 21:04,2022-09-26 03:04,202210170304,SS,C,A,1009,UPG,FLZ069,787.5226440429688,2022-09-26 21:04,,,,,False,,,,,,,202209260304-KMFL-WTUS82-TCVMFL,,2022
TBW,2022-09-27 21:14,2022-09-28 09:23,2022-09-27 21:14,202209290900,TO,C,A,1009,CAN,FLC027,1659.1502685546875,2022-09-28 09:23,,,,,False,,,,,,,202209272114-KTBW-WWUS62-WCNTBW,,2022
FSD,2022-09-28 06:00,2022-09-28 13:00,2022-09-27 19:31,202209281300,FR,C,Y,2,EXP,IAZ020,2233.602783203125,2022-09-28 12:57,,,,,False,,,,,,,202209271931-KFSD-WWUS73-NPWFSD,,2022
TBW,2022-09-27 21:14,2022-09-28 09:23,2022-09-27 21:14,202209290900,TO,C,A,1009,CAN,FLC055,2869.966796875,2022-09-28 09:23,,,,,False,,,,,,,202209272114-KTBW-WWUS62-WCNTBW,,2022
JAX,2022-09-26 21:07,2022-09-27 15:13,2022-09-26 21:07,202210172107,TR,C,A,1009,UPG,FLZ125,918.8072509765625,2022-09-27 15:13,,,,,False,,,,,,,202209262107-KJAX-WTUS82-TCVJAX,,2022
FSD,2022-09-28 06:00,2022-09-28 13:00,2022-09-27 19:31,202209281300,FR,C,Y,2,EXP,MNZ089,1867.0107421875,2022-09-28 12:57,,,,,False,,,,,,,202209271931-KFSD-WWUS73-NPWFSD,,2022
FSD,2022-09-28 06:00,2022-09-28 13:00,2022-09-27 19:31,202209281300,FR,C,Y,2,EXP,SDZ056,1346.9908447265625,2022-09-28 12:57,,,,,False,,,,,,,202209271931-KFSD-WWUS73-NPWFSD,,2022
FSD,2022-09-28 06:00,2022-09-28 13:00,2022-09-27 19:31,202209281300,FR,C,Y,2,EXP,SDZ067,1495.862060546875,2022-09-28 12:57,,,,,False,,,,,,,202209271931-KFSD-WWUS73-NPWFSD,,2022
TBW,2022-09-28 09:23,2022-09-28 21:00,2022-09-28 09:23,202209282100,TO,C,A,546,NEW,FLC027,1659.1502685546875,2022-09-28 09:23,,,,,False,,,,,,,202209280923-KTBW-WWUS62-WCNTBW,,2022
TBW,2022-09-28 09:23,2022-09-28 21:00,2022-09-28 09:23,202209282100,TO,C,A,546,NEW,FLC015,1818.09619140625,2022-09-28 09:23,,,,,False,,,,,,,202209280923-KTBW-WWUS62-WCNTBW,,2022
TBW,2022-09-26 21:10,2022-09-29 09:10,2022-09-26 21:10,202210172110,HU,C,W,1009,CAN,FLZ160,560.7767333984375,2022-09-29 09:10,,,,,False,,,,,,,202209262110-KTBW-WTUS82-TCVTBW,,2022
TBW,2022-09-28 09:23,2022-09-28 21:00,2022-09-28 09:23,202209282100,TO,C,A,546,NEW,GMZ856,3309.3095703125,2022-09-28 09:23,,,,,False,,,,,,,202209280923-KTBW-WWUS62-WCNTBW,,2022
LZK,2022-09-24 21:21,2022-09-24 21:47,2022-09-24 21:21,202209242200,SV,C,W,354,CAN,ARC125,1892.3782958984375,2022-09-24 21:47,,,,,False,,,,,,,202209242121-KLZK-WUUS54-SVRLZK,72,2022
TBW,2022-09-28 16:33,2022-10-01 00:59,2022-09-27 23:20,202210200200,FL,C,W,14,CAN,FLC081,1946.7275390625,2022-10-01 00:59,RYEF1,2,ER,NO,False,,,,,,,202209272320-KTBW-WGUS42-FLWTBW,TBW,2022
TBW,2022-09-28 19:03,2022-09-28 22:00,2022-09-28 19:03,202209282200,EW,C,W,3,NEW,FLC081,1946.7275390625,2022-09-28 19:03,,,,,False,,,,,,,202209281903-KTBW-WFUS52-EWWTBW,TBW,2022
TBW,2022-09-28 19:03,2022-09-28 22:00,2022-09-28 19:03,202209282200,EW,C,W,3,NEW,FLC071,2115.832275390625,2022-09-28 19:03,,,,,False,,,,,,,202209281903-KTBW-WFUS52-EWWTBW,TBW,2022
TBW,2022-09-28 19:03,2022-09-28 22:00,2022-09-28 19:03,202209282200,EW,C,W,3,NEW,FLC027,1659.1502685546875,2022-09-28 19:03,,,,,False,,,,,,,202209281903-KTBW-WFUS52-EWWTBW,TBW,2022
TBW,2022-09-28 19:03,2022-09-28 22:00,2022-09-28 19:03,202209282200,EW,C,W,3,NEW,FLC015,1818.09619140625,2022-09-28 19:03,,,,,False,,,,,,,202209281903-KTBW-WFUS52-EWWTBW,TBW,2022
TBW,2022-09-28 21:27,2022-09-28 23:30,2022-09-28 21:27,202209282330,EW,C,W,4,NEW,FLC049,1655.9881591796875,2022-09-28 21:27,,,,,False,,,,,,,202209282127-KTBW-WFUS52-EWWTBW,TBW,2022
TBW,2022-09-28 21:27,2022-09-28 23:30,2022-09-28 21:27,202209282330,EW,C,W,4,NEW,FLC071,2115.832275390625,2022-09-28 21:27,,,,,False,,,,,,,202209282127-KTBW-WFUS52-EWWTBW,TBW,2022
TBW,2022-09-28 21:27,2022-09-28 23:30,2022-09-28 21:27,202209282330,EW,C,W,4,NEW,FLC081,1946.7275390625,2022-09-28 21:27,,,,,False,,,,,,,202209282127-KTBW-WFUS52-EWWTBW,TBW,2022
TBW,2022-09-28 23:29,2022-09-29 01:30,2022-09-28 23:29,202209290130,EW,C,W,5,NEW,FLC055,2869.966796875,2022-09-28 23:29,,,,,False,,,,,,,202209282329-KTBW-WFUS52-EWWTBW,TBW,2022
TBW,2022-09-28 23:29,2022-09-29 01:30,2022-09-28 23:29,202209290130,EW,C,W,5,NEW,FLC105,5213.7373046875,2022-09-28 23:29,,,,,False,,,,,,,202209282329-KTBW-WFUS52-EWWTBW,TBW,2022
RLX,2022-09-25 16:22,2022-09-25 19:08,2022-09-25 16:22,202209251930,FF,C,W,111,CAN,WVC019,1729.768798828125,2022-09-25 19:08,00000,0,ER,OO,False,,,,,,,202209251622-KRLX-WGUS51-FFWRLX,JZ,2022
TBW,2022-09-29 07:23,2022-10-03 18:00,2022-09-29 07:23,202210011200,FA,C,W,3,EXT,FLC115,1494.819091796875,2022-09-30 20:14,00000,0,ER,OO,False,,,,,,,202209290723-KTBW-WGUS42-FLWTBW,TBW,2022
TBW,2022-09-29 09:16,2022-09-29 16:25,2022-09-29 09:16,202210200916,TR,C,W,1009,CAN,GMZ856,3309.3095703125,2022-09-29 16:25,,,,,False,,,,,,,202209290916-KTBW-WHUS72-MWWTBW,,2022
TBW,2022-09-29 09:16,2022-09-29 16:25,2022-09-29 09:16,202210200916,TR,C,W,1009,CAN,GMZ873,9202.119140625,2022-09-29 16:25,,,,,False,,,,,,,202209290916-KTBW-WHUS72-MWWTBW,,2022
TBW,2022-09-29 09:16,2022-09-29 16:25,2022-09-29 09:16,202210200916,TR,C,W,1009,CAN,GMZ876,5190.9150390625,2022-09-29 16:25,,,,,False,,,,,,,202209290916-KTBW-WHUS72-MWWTBW,,2022
LOX,2022-09-26 17:00,2022-09-24 20:45,2022-09-23 20:12,202209290300,EH,C,A,6,UPG,CAZ547,919.4945068359375,2022-09-24 20:45,,,,,False,,,,,,,202209232012-KLOX-WWUS76-NPWLOX,MW,2022
DVN,2022-09-28 05:00,2022-09-28 13:00,2022-09-27 18:53,202209281300,FR,C,Y,2,EXP,IAZ087,1129.4781494140625,2022-09-28 13:03,,,,,False,,,,,,,202209271853-KDVN-WWUS73-NPWDVN,,2022
DLH,2022-09-28 05:00,2022-09-28 13:00,2022-09-27 19:25,202209281300,FZ,C,W,3,EXP,MNZ025,4438.88720703125,2022-09-28 13:14,,,,,False,,,,,,,202209271925-KDLH-WWUS73-NPWDLH,BJH,2022
DLH,2022-09-28 05:00,2022-09-28 13:00,2022-09-27 19:25,202209281300,FZ,C,W,3,EXP,MNZ026,2912.47705078125,2022-09-28 13:14,,,,,False,,,,,,,202209271925-KDLH-WWUS73-NPWDLH,BJH,2022
JSJ,2022-09-29 18:03,2022-09-29 19:30,2022-09-29 18:03,202209291930,FA,C,Y,291,EXP,PRC031,122.32884216308594,2022-09-29 19:25,00000,N,ER,OO,False,,,,,,,202209291803-TJSJ-WGCA82-FLSSJU,CAM,2022
FGF,2022-09-28 07:00,2022-09-28 13:41,2022-09-27 19:05,202209281400,FR,C,Y,7,CAN,MNZ022,1505.7459716796875,2022-09-28 13:41,,,,,False,,,,,,,202209271905-KFGF-WWUS73-NPWFGF,,2022
FGF,2022-09-28 07:00,2022-09-28 13:41,2022-09-27 19:05,202209281400,FR,C,Y,7,CAN,MNZ014,1116.8995361328125,2022-09-28 13:41,,,,,False,,,,,,,202209271905-KFGF-WWUS73-NPWFGF,,2022
FGF,2022-09-28 07:00,2022-09-28 13:41,2022-09-27 19:05,202209281400,FR,C,Y,7,CAN,MNZ015,1990.9134521484375,2022-09-28 13:41,,,,,False,,,,,,,202209271905-KFGF-WWUS73-NPWFGF,,2022
FGF,2022-09-28 07:00,2022-09-28 13:41,2022-09-27 19:05,202209281400,FR,C,Y,7,CAN,NDZ016,2074.072021484375,2022-09-28 13:41,,,,,False,,,,,,,202209271905-KFGF-WWUS73-NPWFGF,,2022
MFL,2022-09-28 14:12,2022-09-28 17:15,2022-09-28 14:12,202209281715,FA,C,Y,254,NEW,FLC051,3017.6875,2022-09-28 14:12,00000,N,ER,OO,False,,,,,,,202209281412-KMFL-WGUS82-FLSMFL,BAXTER,2022
GRR,2022-09-25 12:00,2022-09-28 14:32,2022-09-25 09:03,202209281500,BH,C,S,31,CAN,MIZ050,1331.7669677734375,2022-09-28 14:32,,,,,False,,,,,,,202209250903-KGRR-WHUS43-CFWGRR,,2022
TWC,2022-09-28 20:19,2022-09-28 22:15,2022-09-28 20:19,202209282215,FA,C,Y,282,EXP,AZC019,23815.521484375,2022-09-28 22:14,00000,N,ER,OO,False,,,,,,,202209282019-KTWC-WGUS85-FLSTWC,KRG,2022
ILM,2022-09-29 00:00,2022-09-28 15:04,2022-09-28 08:23,202209301200,GL,C,W,12,CAN,AMZ254,2028.3057861328125,2022-09-28 15:04,,,,,False,,,,,,,202209280823-KILM-WHUS72-MWWILM,,2022
JSJ,2022-09-26 17:54,2022-09-26 21:00,2022-09-26 17:54,202209262100,FA,C,Y,283,EXP,PRC011,107.65711212158203,2022-09-26 20:51,00000,N,ER,OO,False,,,,,,,202209261754-TJSJ-WGCA82-FLSSJU,DSR,2022
JSJ,2022-09-26 17:54,2022-09-26 21:00,2022-09-26 17:54,202209262100,FA,C,Y,283,EXP,PRC117,38.64507293701172,2022-09-26 20:51,00000,N,ER,OO,False,,,,,,,202209261754-TJSJ-WGCA82-FLSSJU,DSR,2022
JSJ,2022-09-26 18:51,2022-09-26 22:00,2022-09-26 18:51,202209262200,FA,C,Y,284,EXP,PRC131,185.04832458496094,2022-09-26 21:55,00000,N,ER,OO,False,,,,,,,202209261851-TJSJ-WGCA82-FLSSJU,ICP,2022
JSJ,2022-09-26 18:51,2022-09-26 22:00,2022-09-26 18:51,202209262200,FA,C,Y,284,EXP,PRC081,159.7498779296875,2022-09-26 21:55,00000,N,ER,OO,False,,,,,,,202209261851-TJSJ-WGCA82-FLSSJU,ICP,2022
JAX,2022-09-28 15:11,2022-09-30 02:57,2022-09-28 15:11,202210191511,HU,C,A,1009,CAN,GAZ166,672.1104736328125,2022-09-30 02:57,,,,,False,,,,,,,202209281511-KJAX-WTUS82-TCVJAX,,2022
TBW,2022-09-27 09:18,2022-09-29 16:25,2022-09-27 09:18,202210180918,TR,C,W,1009,CAN,GMZ850,5575.32373046875,2022-09-29 16:25,,,,,False,,,,,,,202209270918-KTBW-WHUS72-MWWTBW,,2022
ALY,2022-09-24 04:00,2022-09-24 12:00,2022-09-23 07:00,202209241200,FR,C,Y,5,EXP,NYZ032,1984.760986328125,2022-09-24 12:01,,,,,False,,,,,,,202209230700-KALY-WWUS71-NPWALY,,2022
BMX,2022-09-28 16:00,2022-09-29 00:00,2022-09-27 19:12,202209290000,FW,C,W,2,CON,ALZ026,1693.7833251953125,2022-09-28 19:18,,,,,False,,,,,,,202209271912-KBMX-WWUS84-RFWBMX,,2022
TBW,2022-09-28 16:03,2022-09-28 18:00,2022-09-28 16:03,202209281800,EW,C,W,2,NEW,FLC015,1818.09619140625,2022-09-28 16:03,,,,,False,,,,,,,202209281603-KTBW-WFUS52-EWWTBW,TBW,2022
CAR,2022-09-24 04:00,2022-09-24 19:45,2022-09-23 07:22,202209250000,HW,C,W,4,CAN,MEZ016,2456.4462890625,2022-09-24 19:45,,,,,False,,,,,,,202209230722-KCAR-WWUS71-NPWCAR,,2022
CAR,2022-09-24 04:00,2022-09-24 19:45,2022-09-23 07:22,202209250000,HW,C,W,4,CAN,MEZ002,5516.90380859375,2022-09-24 19:45,,,,,False,,,,,,,202209230722-KCAR-WWUS71-NPWCAR,,2022
CAR,2022-09-24 04:00,2022-09-24 19:45,2022-09-23 07:22,202209250000,HW,C,W,4,CAN,MEZ005,2971.081787109375,2022-09-24 19:45,,,,,False,,,,,,,202209230722-KCAR-WWUS71-NPWCAR,,2022
MOB,2022-09-28 09:16,2022-09-28 23:00,2022-09-28 09:16,202209282300,WI,C,Y,12,CON,ALZ264,2026.833984375,2022-09-28 17:53,,,,,False,,,,,,,202209280916-KMOB-WWUS74-NPWMOB,,2022
MQT,2022-09-29 04:00,2022-09-29 13:00,2022-09-28 18:49,202209291300,FZ,C,W,3,NEW,MIZ004,2370.072509765625,2022-09-28 18:49,,,,,False,,,,,,,202209281849-KMQT-WWUS73-NPWMQT,,2022
MLB,2022-09-28 18:53,2022-09-28 19:13,2022-09-28 18:53,202209281930,TO,C,W,25,CAN,FLC097,3908.311279296875,2022-09-28 19:13,,,,,False,,,,,,,202209281853-KMLB-WFUS52-TORMLB,Schaper,2022
CAR,2022-09-24 04:00,2022-09-24 19:45,2022-09-23 07:22,202209250000,HW,C,W,4,CAN,MEZ030,1978.45703125,2022-09-24 19:45,,,,,False,,,,,,,202209230722-KCAR-WWUS71-NPWCAR,,2022
MLB,2022-09-29 18:40,2022-09-30 03:12,2022-09-29 18:40,202210201840,HU,C,W,1009,CAN,AMZ570,4993.2802734375,2022-09-30 03:12,,,,,False,,,,,,,202209291840-KMLB-WHUS72-MWWMLB,,2022
PSR,2022-09-24 01:10,2022-09-24 04:15,2022-09-24 01:10,202209240415,FF,C,W,304,EXP,AZC013,23901.330078125,2022-09-24 04:11,00000,0,ER,OO,False,,,,,,,202209240110-KPSR-WGUS55-FFWPSR,Iniguez,2022
ILM,2022-09-28 08:00,2022-09-28 08:23,2022-09-27 07:20,202209291200,SC,C,Y,49,UPG,AMZ250,2646.10205078125,2022-09-28 08:23,,,,,False,,,,,,,202209270720-KILM-WHUS72-MWWILM,,2022
SGX,2022-09-25 18:00,2022-09-29 03:00,2022-09-23 19:41,202209280600,EH,C,W,6,EXP,CAZ061,2001.3489990234375,2022-09-29 03:15,,,,,False,,,,,,,202209231941-KSGX-WWUS76-NPWSGX,CO,2022
BTV,2022-09-24 04:00,2022-09-24 11:29,2022-09-23 07:21,202209241200,FR,C,Y,6,CAN,NYZ030,3518.860107421875,2022-09-24 11:29,,,,,False,,,,,,,202209230721-KBTV-WWUS71-NPWBTV,,2022
JSJ,2022-09-28 20:01,2022-09-28 22:00,2022-09-28 20:01,202209282200,FA,C,Y,289,EXP,PRC111,115.93009948730469,2022-09-28 21:55,00000,N,ER,OO,False,,,,,,,202209282001-TJSJ-WGCA82-FLSSJU,JA,2022
LSX,2022-09-24 08:02,2022-09-24 14:00,2022-09-24 08:02,202209241400,FG,C,Y,5,EXP,MOZ018,1311.074951171875,2022-09-24 14:03,,,,,False,,,,,,,202209240802-KLSX-WWUS73-NPWLSX,Carney,2022
GRR,2022-09-24 08:00,2022-09-24 22:56,2022-09-23 19:53,202209250000,SC,C,Y,88,CAN,LMZ849,431.2414245605469,2022-09-24 22:56,,,,,False,,,,,,,202209231953-KGRR-WHUS73-MWWGRR,,2022
GYX,2022-09-24 03:00,2022-09-24 23:17,2022-09-23 06:57,202209250300,SU,C,Y,3,CAN,MEZ026,1242.8760986328125,2022-09-24 23:17,,,,,False,,,,,,,202209230657-KGYX-WHUS41-CFWGYX,ARNOTT,2022
JSJ,2022-09-29 18:55,2022-09-29 22:00,2022-09-29 18:55,202209292200,FA,C,Y,293,EXP,PRC011,107.65711212158203,2022-09-29 22:00,00000,N,ER,OO,False,,,,,,,202209291855-TJSJ-WGCA82-FLSSJU,JA,2022
LOX,2022-09-26 17:00,2022-09-29 03:00,2022-09-24 20:45,202209290300,EH,C,W,7,CON,CAZ547,919.4945068359375,2022-09-29 00:30,,,,,False,,,,,,,202209242045-KLOX-WWUS76-NPWLOX,,2022
LZK,2022-09-24 21:21,2022-09-24 21:47,2022-09-24 21:21,202209242200,SV,C,W,354,CAN,ARC119,2092.216796875,2022-09-24 21:47,,,,,False,,,,,,,202209242121-KLZK-WUUS54-SVRLZK,72,2022
LOT,2022-09-25 12:00,2022-09-29 01:43,2022-09-24 20:07,202209281500,SC,C,Y,92,CAN,LMZ743,149.4549560546875,2022-09-29 01:43,,,,,False,,,,,,,202209242007-KLOT-WHUS73-MWWLOT,,2022
LZK,2022-09-24 21:21,2022-09-24 21:47,2022-09-24 21:21,202209242200,SV,C,W,354,CAN,ARC085,2078.4091796875,2022-09-24 21:47,,,,,False,,,,,,,202209242121-KLZK-WUUS54-SVRLZK,72,2022
MFL,2022-09-24 21:13,2022-09-24 21:45,2022-09-24 21:13,202209242145,MA,C,W,334,EXP,GMZ657,3775.7763671875,2022-09-24 21:35,,,,,False,,,,,,,202209242113-KMFL-WHUS52-SMWMFL,Hadi,2022
PAH,2022-09-24 22:50,2022-09-24 23:15,2022-09-24 22:50,202209242315,SV,C,W,219,CON,MOC023,1809.9459228515625,2022-09-24 23:07,,,,,False,,,,,,,202209242250-KPAH-WUUS53-SVRPAH,DW,2022
SGF,2022-09-24 21:12,2022-09-24 21:32,2022-09-24 21:12,202209242200,SV,C,W,218,CAN,MOC225,1537.062255859375,2022-09-24 21:32,,,,,False,,,,,,,202209242112-KSGF-WUUS53-SVRSGF,Cramer,2022
SGF,2022-09-24 21:12,2022-09-24 22:00,2022-09-24 21:12,202209242200,SV,C,W,218,CON,MOC229,1768.6458740234375,2022-09-24 21:32,,,,,False,,,,,,,202209242112-KSGF-WUUS53-SVRSGF,Cramer,2022
PSR,2022-09-25 00:06,2022-09-25 00:15,2022-09-25 00:06,202209250315,FA,C,Y,205,CAN,CAC065,18922.111328125,2022-09-25 00:15,00000,N,ER,OO,False,,,,,,,202209250006-KPSR-WGUS85-FLSPSR,GL,2022
MFL,2022-09-25 00:29,2022-09-25 02:30,2022-09-25 00:29,202209250230,FA,C,Y,232,NEW,FLC011,3161.671630859375,2022-09-25 00:29,00000,N,ER,OO,False,,,,,,,202209250029-KMFL-WGUS82-FLSMFL,MFL,2022
SGF,2022-09-25 00:08,2022-09-25 01:00,2022-09-25 00:08,202209250100,SV,C,W,221,CON,MOC091,2403.597412109375,2022-09-25 00:34,,,,,False,,,,,,,202209250008-KSGF-WUUS53-SVRSGF,Melto,2022
MEG,2022-09-25 01:06,2022-09-25 01:26,2022-09-25 01:06,202209250145,TO,C,W,49,CAN,MOC069,1415.914306640625,2022-09-25 01:26,,,,,False,,,,,,,202209250106-KMEG-WFUS54-TORMEG,,2022
JSJ,2022-09-29 18:11,2022-09-29 22:15,2022-09-29 18:11,202209292115,FA,C,Y,292,EXP,PRC005,95.0785140991211,2022-09-29 22:14,00000,N,ER,OO,False,,,,,,,202209291811-TJSJ-WGCA82-FLSSJU,CRS,2022
MEG,2022-09-25 01:06,2022-09-25 01:26,2022-09-25 01:06,202209250145,TO,C,W,49,CAN,ARC031,1846.409423828125,2022-09-25 01:26,,,,,False,,,,,,,202209250106-KMEG-WFUS54-TORMEG,,2022
MEG,2022-09-25 01:06,2022-09-25 01:26,2022-09-25 01:06,202209250145,TO,C,W,49,CAN,ARC055,1500.88525390625,2022-09-25 01:26,,,,,False,,,,,,,202209250106-KMEG-WFUS54-TORMEG,,2022
MLB,2022-09-28 20:22,2022-09-29 00:15,2022-09-28 20:22,202209290015,FA,C,W,15,NEW,FLC069,2999.386474609375,2022-09-28 20:22,00000,0,ER,OO,False,,,,,,,202209282022-KMLB-WGUS42-FLWMLB,JS,2022
DTX,2022-09-26 14:00,2022-09-27 14:00,2022-09-25 14:07,202209271400,SC,C,Y,54,CON,LHZ422,1343.138671875,2022-09-27 07:44,,,,,False,,,,,,,202209251407-KDTX-WHUS73-MWWDTX,KK,2022
HGX,2022-09-28 10:00,2022-09-30 01:00,2022-09-27 19:46,202209282100,SC,C,Y,62,CON,GMZ370,7269.64404296875,2022-09-29 20:23,,,,,False,,,,,,,202209271946-KHGX-WHUS74-MWWHGX,,2022
TAE,2022-09-27 15:19,2022-09-29 15:11,2022-09-27 15:19,202210181519,TR,C,W,1009,CAN,GMZ750,4529.26123046875,2022-09-29 15:11,,,,,False,,,,,,,202209271519-KTAE-WHUS72-MWWTAE,,2022
PSR,2022-09-28 21:05,2022-09-28 22:00,2022-09-28 21:05,202209282200,DS,C,Y,120,NEW,AZC021,13926.7177734375,2022-09-28 21:05,,,,,False,,,,,,,202209282105-KPSR-WWUS55-DSWPSR,,2022
PSR,2022-09-28 21:05,2022-09-28 22:00,2022-09-28 21:05,202209282200,DS,C,Y,120,NEW,AZC013,23901.330078125,2022-09-28 21:05,,,,,False,,,,,,,202209282105-KPSR-WWUS55-DSWPSR,,2022
ILM,2022-09-28 21:05,2022-10-01 02:59,2022-09-28 21:05,202210192105,TR,C,W,1009,CAN,NCZ106,112.72386932373047,2022-10-01 02:59,,,,,False,,,,,,,202209282105-KILM-WTUS82-TCVILM,,2022
ILM,2022-09-28 21:05,2022-09-29 15:09,2022-09-28 21:05,202210192105,TR,C,A,1009,UPG,SCZ017,1257.17724609375,2022-09-29 15:09,,,,,False,,,,,,,202209282105-KILM-WTUS82-TCVILM,,2022
ILM,2022-09-28 21:05,2022-09-29 15:09,2022-09-28 21:05,202210192105,TR,C,A,1009,UPG,SCZ024,1053.091796875,2022-09-29 15:09,,,,,False,,,,,,,202209282105-KILM-WTUS82-TCVILM,,2022
FFC,2022-09-29 12:00,2022-10-01 00:00,2022-09-29 08:57,202209300000,WI,C,Y,9,CON,GAZ062,742.9572143554688,2022-09-30 18:52,,,,,False,,,,,,,202209290857-KFFC-WWUS72-NPWFFC,,2022
LWX,2022-09-25 15:40,2022-09-25 19:17,2022-09-25 15:40,202209252300,SV,C,A,543,CAN,VAC187,559.6776733398438,2022-09-25 19:17,,,,,False,,,,,,,202209251540-KLWX-WWUS61-WCNLWX,,2022
LWX,2022-09-25 15:40,2022-09-25 19:17,2022-09-25 15:40,202209252300,SV,C,A,543,CAN,VAC171,1326.15625,2022-09-25 19:17,,,,,False,,,,,,,202209251540-KLWX-WWUS61-WCNLWX,,2022
LWX,2022-09-25 15:40,2022-09-25 19:17,2022-09-25 15:40,202209252300,SV,C,A,543,CAN,VAC165,2208.85107421875,2022-09-25 19:17,,,,,False,,,,,,,202209251540-KLWX-WWUS61-WCNLWX,,2022
TBW,2022-09-28 23:47,2022-09-29 02:45,2022-09-28 23:47,202209290245,FF,C,W,7,NEW,FLC027,1659.1502685546875,2022-09-28 23:47,00000,0,ER,OO,True,,,,,,,202209282347-KTBW-WGUS52-FFWTBW,TBW,2022
TBW,2022-09-28 23:47,2022-09-29 02:45,2022-09-28 23:47,202209290245,FF,C,W,7,NEW,FLC049,1655.9881591796875,2022-09-28 23:47,00000,0,ER,OO,True,,,,,,,202209282347-KTBW-WGUS52-FFWTBW,TBW,2022
LWX,2022-09-25 18:52,2022-09-25 19:45,2022-09-25 18:52,202209251945,MA,C,W,257,EXP,ANZ539,106.7416000366211,2022-09-25 19:42,,,,,False,,,,,,,202209251852-KLWX-WHUS51-SMWLWX,KJP,2022
LOX,2022-09-29 01:00,2022-09-29 09:00,2022-09-29 00:30,202209290900,WI,C,Y,103,EXP,CAZ349,411.8609313964844,2022-09-29 08:42,,,,,False,,,,,,,202209290030-KLOX-WWUS76-NPWLOX,Phillips,2022
LWX,2022-09-25 15:40,2022-09-25 21:15,2022-09-25 15:40,202209252300,SV,C,A,543,CAN,MDC017,1195.4918212890625,2022-09-25 21:15,,,,,False,,,,,,,202209251540-KLWX-WWUS61-WCNLWX,,2022
PHI,2022-09-25 19:20,2022-09-25 19:45,2022-09-25 19:20,202209251945,SV,C,W,167,EXP,NJC029,1658.2781982421875,2022-09-25 19:43,,,,,False,,,,,,,202209251920-KPHI-WUUS51-SVRPHI,Fitzsimmons,2022
SGX,2022-09-25 19:44,2022-09-25 22:00,2022-09-25 19:44,202209252200,FA,C,Y,102,NEW,CAC071,52077.98046875,2022-09-25 19:44,00000,N,ER,OO,False,,,,,,,202209251944-KSGX-WGUS86-FLSSGX,Schenk,2022
MQT,2022-09-25 19:51,2022-09-25 20:04,2022-09-25 19:51,202209252015,MA,C,W,100,CAN,LSZ263,11234.9443359375,2022-09-25 20:04,,,,,False,,,,,,,202209251951-KMQT-WHUS53-SMWMQT,TAP,2022
DLH,2022-09-25 15:00,2022-09-26 18:00,2022-09-24 20:32,202209261800,SC,C,Y,99,EXP,LSZ121,193.1138458251953,2022-09-26 18:13,,,,,False,,,,,,,202209242032-KDLH-WHUS73-MWWDLH,Melde,2022
PHI,2022-09-25 20:50,2022-09-25 21:45,2022-09-25 20:50,202209252145,MA,C,W,121,NEW,ANZ471,2816.82080078125,2022-09-25 20:50,,,,,False,,,,,,,202209252050-KPHI-WHUS51-SMWPHI,Fitzsimmons,2022
PHI,2022-09-25 20:50,2022-09-25 21:45,2022-09-25 20:50,202209252145,MA,C,W,121,NEW,ANZ451,2562.346435546875,2022-09-25 20:50,,,,,False,,,,,,,202209252050-KPHI-WHUS51-SMWPHI,Fitzsimmons,2022
MLB,2022-09-25 20:49,2022-09-25 22:15,2022-09-25 20:49,202209252215,FA,C,Y,150,NEW,FLC085,1447.405029296875,2022-09-25 20:49,00000,N,ER,OO,False,,,,,,,202209252049-KMLB-WGUS82-FLSMLB,SK,2022
PHI,2022-09-25 20:21,2022-09-25 21:00,2022-09-25 20:21,202209252100,MA,C,W,119,EXP,ANZ455,1117.75537109375,2022-09-25 20:59,,,,,False,,,,,,,202209252021-KPHI-WHUS51-SMWPHI,BIRCHFIELD,2022
TAE,2022-09-29 15:11,2022-09-30 00:53,2022-09-29 15:11,202209300900,GL,C,W,6,CAN,GMZ755,3825.76904296875,2022-09-30 00:53,,,,,False,,,,,,,202209291511-KTAE-WHUS72-MWWTAE,,2022
SHV,2022-09-25 21:17,2022-09-25 22:00,2022-09-25 21:17,202209252200,SV,C,W,218,NEW,TXC037,2387.401611328125,2022-09-25 21:17,,,,,False,,,,,,,202209252117-KSHV-WUUS54-SVRSHV,26,2022
BGM,2022-09-25 20:49,2022-09-25 21:17,2022-09-25 20:49,202209252130,SV,C,W,152,CAN,NYC007,1850.2862548828125,2022-09-25 21:17,,,,,False,,,,,,,202209252049-KBGM-WUUS51-SVRBGM,BTL,2022
AKQ,2022-09-25 20:55,2022-09-25 21:19,2022-09-25 20:55,202209252145,SV,C,W,259,CAN,VAC093,834.6033325195312,2022-09-25 21:19,,,,,False,,,,,,,202209252055-KAKQ-WUUS51-SVRAKQ,BROWN,2022
MFL,2022-09-28 17:17,2022-09-29 12:00,2022-09-28 17:17,202209282315,FA,C,Y,256,EXT,FLC051,3017.6875,2022-09-29 01:16,00000,N,ER,OO,False,,,,,,,202209281717-KMFL-WGUS82-FLSMFL,BAXTER,2022
PHI,2022-09-25 21:25,2022-09-25 22:00,2022-09-25 21:25,202209252200,SV,C,W,170,EXP,MDC011,843.7166748046875,2022-09-25 21:56,,,,,False,,,,,,,202209252125-KPHI-WUUS51-SVRPHI,BIRCHFIELD,2022
GSP,2022-09-25 23:10,2022-09-25 23:37,2022-09-25 23:10,202209260000,SV,C,W,322,CAN,NCC011,640.0941772460938,2022-09-25 23:37,,,,,False,,,,,,,202209252310-KGSP-WUUS52-SVRGSP,KRENTZ,2022
SHV,2022-09-25 21:35,2022-09-25 22:03,2022-09-25 21:35,202209252215,SV,C,W,220,CAN,LAC061,1223.91259765625,2022-09-25 22:03,,,,,False,,,,,,,202209252135-KSHV-WUUS54-SVRSHV,26,2022
MLB,2022-09-25 22:47,2022-09-26 00:15,2022-09-25 22:47,202209260015,FA,C,Y,151,NEW,FLC085,1447.405029296875,2022-09-25 22:47,00000,N,ER,OO,False,,,,,,,202209252247-KMLB-WGUS82-FLSMLB,SK,2022
CTP,2022-09-25 22:51,2022-09-25 23:11,2022-09-25 22:51,202209252315,SV,C,W,150,CAN,PAC093,342.0710754394531,2022-09-25 23:11,,,,,False,,,,,,,202209252251-KCTP-WUUS51-SVRCTP,Dangelo,2022
MKX,2022-09-25 22:59,2022-09-25 23:45,2022-09-25 22:59,202209252345,SV,C,W,109,CON,WIC101,899.4303588867188,2022-09-25 23:33,,,,,False,,,,,,,202209252259-KMKX-WUUS53-SVRMKX,PATTERSON,2022
MKX,2022-09-25 22:59,2022-09-25 23:33,2022-09-25 22:59,202209252345,SV,C,W,109,CAN,WIC055,1506.72802734375,2022-09-25 23:33,,,,,False,,,,,,,202209252259-KMKX-WUUS53-SVRMKX,PATTERSON,2022
MKX,2022-09-25 22:59,2022-09-25 23:45,2022-09-25 22:59,202209252345,SV,C,W,109,CON,WIC079,627.5088500976562,2022-09-25 23:33,,,,,False,,,,,,,202209252259-KMKX-WUUS53-SVRMKX,PATTERSON,2022
MKX,2022-09-25 22:59,2022-09-25 23:45,2022-09-25 22:59,202209252345,SV,C,W,109,CON,WIC127,1490.663818359375,2022-09-25 23:33,,,,,False,,,,,,,202209252259-KMKX-WUUS53-SVRMKX,PATTERSON,2022
MOB,2022-09-29 09:18,2022-09-30 08:00,2022-09-28 10:16,202209300800,SC,C,Y,43,CON,GMZ631,663.4443969726562,2022-09-30 01:45,,,,,False,,,,,,,202209281016-KMOB-WHUS74-MWWMOB,,2022
GRB,2022-09-25 22:27,2022-09-25 23:24,2022-09-25 22:27,202209260000,MA,C,W,23,CAN,LMZ542,528.237548828125,2022-09-25 23:24,,,,,False,,,,,,,202209252227-KGRB-WHUS53-SMWGRB,Skowronski,2022
LOT,2022-09-28 00:00,2022-09-29 01:42,2022-09-27 14:31,202209290300,BH,C,S,21,CAN,ILZ006,1216.9183349609375,2022-09-29 01:42,,,,,False,,,,,,,202209271431-KLOT-WHUS43-CFWLOT,,2022
HUN,2022-09-25 23:03,2022-09-25 23:30,2022-09-25 23:03,202209252330,SV,C,W,94,CON,TNC051,1490.8638916015625,2022-09-25 23:19,,,,,False,,,,,,,202209252303-KHUN-WUUS54-SVRHUN,KTW,2022
GRR,2022-09-25 23:14,2022-09-26 00:45,2022-09-25 23:14,202209260045,MA,C,W,44,CON,LMZ870,1993.1080322265625,2022-09-26 00:22,,,,,False,,,,,,,202209252314-KGRR-WHUS53-SMWGRR,Thielke,2022
PHI,2022-09-25 11:00,2022-09-26 14:00,2022-09-24 18:55,202209261000,SC,C,Y,78,EXT,ANZ453,1747.80126953125,2022-09-26 07:40,,,,,False,,,,,,,202209241855-KPHI-WHUS71-MWWPHI,CB,2022
PHI,2022-09-25 15:00,2022-09-26 18:17,2022-09-24 18:55,202209261000,SC,C,Y,78,CAN,ANZ450,969.86767578125,2022-09-26 18:17,,,,,False,,,,,,,202209241855-KPHI-WHUS71-MWWPHI,CB,2022
KEY,2022-09-28 21:23,2022-09-30 02:23,2022-09-28 21:23,202209290900,SC,C,Y,38,CAN,GMZ044,1400.305419921875,2022-09-30 02:23,,,,,False,,,,,,,202209282123-KKEY-WHUS72-MWWKEY,CLR,2022
OKX,2022-09-26 03:14,2022-09-26 04:00,2022-09-26 03:14,202209260400,SV,C,W,54,EXP,NYC103,2414.2958984375,2022-09-26 03:50,,,,,False,,,,,,,202209260314-KOKX-WUUS51-SVROKX,DR,2022
TBW,2022-09-26 03:15,2022-09-26 21:10,2022-09-26 03:15,202210170315,SS,C,A,1009,UPG,FLZ162,705.6476440429688,2022-09-26 21:10,,,,,False,,,,,,,202209260315-KTBW-WTUS82-TCVTBW,,2022
TBW,2022-09-26 03:15,2022-09-26 21:10,2022-09-26 03:15,202210170315,SS,C,A,1009,UPG,FLZ165,792.4913330078125,2022-09-26 21:10,,,,,False,,,,,,,202209260315-KTBW-WTUS82-TCVTBW,,2022
TBW,2022-09-26 03:15,2022-09-26 21:10,2022-09-26 03:15,202210170315,TR,C,A,1009,UPG,FLZ162,705.6476440429688,2022-09-26 21:10,,,,,False,,,,,,,202209260315-KTBW-WTUS82-TCVTBW,,2022
OKX,2022-09-26 02:59,2022-09-26 04:00,2022-09-26 02:59,202209260400,MA,C,W,107,CON,ANZ331,1599.0645751953125,2022-09-26 03:28,,,,,False,,,,,,,202209260259-KOKX-WHUS51-SMWOKX,DR,2022
CAE,2022-09-28 21:04,2022-09-29 15:06,2022-09-28 21:04,202210192104,TR,C,A,1009,UPG,GAZ063,690.0634155273438,2022-09-29 15:06,,,,,False,,,,,,,202209282104-KCAE-WTUS82-TCVCAE,,2022
CAE,2022-09-28 21:04,2022-09-29 15:06,2022-09-28 21:04,202210192104,TR,C,A,1009,UPG,GAZ064,797.4949951171875,2022-09-29 15:06,,,,,False,,,,,,,202209282104-KCAE-WTUS82-TCVCAE,,2022
EKA,2022-09-26 04:19,2022-09-26 16:00,2022-09-26 04:19,202209261600,FG,C,Y,6,CON,CAZ101,455.69732666015625,2022-09-26 12:49,,,,,False,,,,,,,202209260419-KEKA-WWUS76-NPWEKA,,2022
MLB,2022-09-28 20:31,2022-09-29 04:57,2022-09-28 20:31,202209290500,TO,C,A,547,CAN,AMZ572,7326.3125,2022-09-29 04:57,,,,,False,,,,,,,202209282031-KMLB-WWUS62-WCNMLB,,2022
MQT,2022-09-26 08:07,2022-09-26 17:00,2022-09-26 08:07,202209261700,GL,C,W,42,CON,LSZ245,294.9344787597656,2022-09-26 14:49,,,,,False,,,,,,,202209260807-KMQT-WHUS73-MWWMQT,,2022
MQT,2022-09-26 17:00,2022-09-28 12:00,2022-09-26 08:07,202209281200,SC,C,Y,147,CON,LSZ244,532.0946044921875,2022-09-28 08:18,,,,,False,,,,,,,202209260807-KMQT-WHUS73-MWWMQT,,2022
MQT,2022-09-26 17:00,2022-09-28 09:00,2022-09-26 08:07,202209280000,SC,C,Y,147,CON,LSZ245,294.9344787597656,2022-09-28 08:18,,,,,False,,,,,,,202209260807-KMQT-WHUS73-MWWMQT,,2022
MQT,2022-09-26 17:00,2022-09-28 11:00,2022-09-26 08:07,202209281000,SC,C,Y,147,EXT,LSZ243,264.9060974121094,2022-09-28 08:18,,,,,False,,,,,,,202209260807-KMQT-WHUS73-MWWMQT,,2022
MOB,2022-09-28 12:00,2022-09-29 23:00,2022-09-27 09:33,202210011100,RP,C,S,25,CON,FLZ204,366.255126953125,2022-09-29 17:01,,,,,False,,,,,,,202209270933-KMOB-WHUS44-CFWMOB,,2022
TBW,2022-09-26 09:12,2022-09-26 21:10,2022-09-26 09:12,202210170912,SS,C,A,1009,UPG,FLZ155,351.63323974609375,2022-09-26 21:10,,,,,False,,,,,,,202209260912-KTBW-WTUS82-TCVTBW,,2022
TBW,2022-09-26 09:12,2022-09-26 21:10,2022-09-26 09:12,202210170912,HU,C,A,1009,UPG,FLZ251,2045.0164794921875,2022-09-26 21:10,,,,,False,,,,,,,202209260912-KTBW-WTUS82-TCVTBW,,2022
TBW,2022-09-26 09:12,2022-09-26 21:10,2022-09-26 09:12,202210170912,HU,C,A,1009,UPG,FLZ155,351.63323974609375,2022-09-26 21:10,,,,,False,,,,,,,202209260912-KTBW-WTUS82-TCVTBW,,2022
TBW,2022-09-26 15:08,2022-09-26 21:10,2022-09-26 15:08,202210171508,TR,C,A,1009,UPG,FLZ061,1659.14013671875,2022-09-26 21:10,,,,,False,,,,,,,202209261508-KTBW-WTUS82-TCVTBW,,2022
EPZ,2022-09-26 14:01,2022-09-26 15:05,2022-09-26 14:01,202209261600,FA,C,Y,556,CAN,NMC029,7683.53515625,2022-09-26 15:05,00000,N,ER,OO,False,,,,,,,202209261401-KEPZ-WGUS84-FLSEPZ,JD,2022
MFL,2022-09-27 20:59,2022-09-29 03:18,2022-09-27 20:59,202210182059,TR,C,W,1009,CAN,FLZ074,562.1981811523438,2022-09-29 03:18,,,,,False,,,,,,,202209272059-KMFL-WTUS82-TCVMFL,,2022
EPZ,2022-09-26 14:44,2022-09-26 15:05,2022-09-26 14:44,202209261745,FA,C,Y,557,CAN,NMC029,7683.53515625,2022-09-26 15:05,00000,N,ER,OO,False,,,,,,,202209261444-KEPZ-WGUS84-FLSEPZ,JD,2022
EPZ,2022-09-26 15:03,2022-09-26 18:15,2022-09-26 15:03,202209261815,FF,C,W,123,NEW,NMC029,7683.53515625,2022-09-26 15:03,00000,0,ER,OO,False,,,,,,,202209261503-KEPZ-WGUS54-FFWEPZ,JD,2022
TBW,2022-09-26 15:08,2022-09-26 21:10,2022-09-26 15:08,202210171508,TR,C,A,1009,UPG,FLZ056,1655.9881591796875,2022-09-26 21:10,,,,,False,,,,,,,202209261508-KTBW-WTUS82-TCVTBW,,2022
TBW,2022-09-26 15:08,2022-09-26 21:10,2022-09-26 15:08,202210171508,TR,C,A,1009,UPG,FLZ052,5213.67724609375,2022-09-26 21:10,,,,,False,,,,,,,202209261508-KTBW-WTUS82-TCVTBW,,2022
APX,2022-09-29 04:00,2022-09-29 13:00,2022-09-28 06:46,202209291300,FZ,C,W,3,CON,MIZ095,1327.3956298828125,2022-09-29 06:51,,,,,False,,,,,,,202209280646-KAPX-WWUS73-NPWAPX,,2022
BUF,2022-09-25 17:28,2022-09-28 10:39,2022-09-25 17:28,202209281200,SC,C,Y,91,CAN,LEZ041,564.8111572265625,2022-09-28 10:39,,,,,False,,,,,,,202209251728-KBUF-WHUS71-MWWBUF,Hitchcock,2022
CLE,2022-09-26 16:02,2022-09-26 17:30,2022-09-26 16:02,202209261730,MA,C,W,62,EXP,LEZ145,290.3538818359375,2022-09-26 17:33,,,,,False,,,,,,,202209261602-KCLE-WHUS51-SMWCLE,Clark,2022
MLB,2022-09-29 07:16,2022-09-29 15:15,2022-09-29 07:16,202209291015,FF,C,W,4,EXP,FLC117,894.225830078125,2022-09-29 15:13,00000,0,ER,OO,True,,,,,,,202209290716-KMLB-WGUS52-FFWMLB,CL,2022
LIX,2022-09-27 06:00,2022-09-30 15:37,2022-09-26 19:36,202209280000,SC,C,Y,39,CAN,GMZ530,1875.8323974609375,2022-09-30 15:37,,,,,False,,,,,,,202209261936-KLIX-WHUS74-MWWLIX,,2022
JAN,2022-09-28 14:00,2022-09-27 19:22,2022-09-26 19:46,202209290100,FW,C,A,1,UPG,ARZ074,2433.1005859375,2022-09-27 19:22,,,,,False,,,,,,,202209261946-KJAN-WWUS84-RFWJAN,NF,2022
DTX,2022-09-26 17:25,2022-09-27 01:40,2022-09-26 17:25,202209270200,LO,C,Y,9,CAN,LEZ444,313.4324035644531,2022-09-27 01:40,,,,,False,,,,,,,202209261725-KDTX-WHUS73-MWWDTX,,2022
TBW,2022-09-28 19:38,2022-10-05 18:00,2022-09-27 01:17,202210191200,FL,C,W,12,EXT,FLC057,2771.680908203125,2022-10-05 00:49,LITF1,1,ER,NO,False,,,,,,,202209270117-KTBW-WGUS42-FLWTBW,TBW,2022
UNR,2022-09-29 03:00,2022-09-29 12:00,2022-09-28 19:57,202209291200,WI,C,Y,45,EXP,SDZ042,5420.3212890625,2022-09-29 12:01,,,,,False,,,,,,,202209281957-KUNR-WWUS73-NPWUNR,,2022
MFL,2022-09-26 21:04,2022-09-29 06:15,2022-09-26 21:04,202210172104,TR,C,W,1009,CAN,FLZ075,2018.58935546875,2022-09-29 06:15,,,,,False,,,,,,,202209262104-KMFL-WTUS82-TCVMFL,,2022
MFL,2022-09-26 21:04,2022-09-29 12:09,2022-09-26 21:04,202210172104,SS,C,W,1009,CAN,FLZ069,787.5226440429688,2022-09-29 12:09,,,,,False,,,,,,,202209262104-KMFL-WTUS82-TCVMFL,,2022
TBW,2022-09-26 09:12,2022-09-26 21:10,2022-09-26 09:12,202210170912,TR,C,A,1009,UPG,FLZ262,1112.4666748046875,2022-09-26 21:10,,,,,False,,,,,,,202209260912-KTBW-WTUS82-TCVTBW,,2022
TBW,2022-09-26 15:08,2022-09-26 21:10,2022-09-26 15:08,202210171508,SS,C,A,1009,UPG,FLZ265,1323.2781982421875,2022-09-26 21:10,,,,,False,,,,,,,202209261508-KTBW-WTUS82-TCVTBW,,2022
TBW,2022-09-26 09:13,2022-09-26 21:17,2022-09-26 09:13,202210170913,HU,C,A,1009,UPG,GMZ853,5349.859375,2022-09-26 21:17,,,,,False,,,,,,,202209260913-KTBW-WHUS72-MWWTBW,,2022
MLB,2022-09-26 21:16,2022-09-27 09:31,2022-09-26 21:16,202210172116,TR,C,A,1009,UPG,FLZ247,330.4070129394531,2022-09-27 09:31,,,,,False,,,,,,,202209262116-KMLB-WTUS82-TCVMLB,,2022
BGM,2022-09-24 04:00,2022-09-24 12:00,2022-09-23 06:53,202209241200,FR,C,Y,4,EXP,NYZ009,1510.7802734375,2022-09-24 12:14,,,,,False,,,,,,,202209230653-KBGM-WWUS71-NPWBGM,,2022
DLH,2022-09-27 08:00,2022-09-27 12:00,2022-09-27 07:57,202209271200,SC,C,Y,99,CON,LSZ146,382.07763671875,2022-09-27 08:14,,,,,False,,,,,,,202209270757-KDLH-WHUS73-MWWDLH,,2022
LOX,2022-09-26 17:00,2022-09-24 20:45,2022-09-23 20:12,202209290300,EH,C,A,6,UPG,CAZ357,44.880252838134766,2022-09-24 20:45,,,,,False,,,,,,,202209232012-KLOX-WWUS76-NPWLOX,MW,2022
LOX,2022-09-26 17:00,2022-09-24 20:45,2022-09-23 20:12,202209290300,EH,C,A,6,UPG,CAZ355,332.4468078613281,2022-09-24 20:45,,,,,False,,,,,,,202209232012-KLOX-WWUS76-NPWLOX,MW,2022
LOX,2022-09-26 17:00,2022-09-24 20:45,2022-09-23 20:12,202209290300,EH,C,A,6,UPG,CAZ356,169.98779296875,2022-09-24 20:45,,,,,False,,,,,,,202209232012-KLOX-WWUS76-NPWLOX,MW,2022
AKQ,2022-09-29 23:00,2022-09-29 08:11,2022-09-28 19:32,202210010200,GL,C,A,13,UPG,ANZ638,148.80294799804688,2022-09-29 08:11,,,,,False,,,,,,,202209281932-KAKQ-WHUS71-MWWAKQ,,2022
MFL,2022-09-24 12:00,2022-09-26 00:00,2022-09-23 23:27,202209250000,RP,C,S,31,CON,FLZ168,297.02288818359375,2022-09-25 11:14,,,,,False,,,,,,,202209232327-KMFL-WHUS42-CFWMFL,,2022
MFL,2022-09-28 19:38,2022-09-28 20:30,2022-09-28 19:38,202209282030,FA,C,Y,257,NEW,FLC086,5094.58447265625,2022-09-28 19:38,00000,N,ER,OO,False,,,,,,,202209281938-KMFL-WGUS82-FLSMFL,BAXTER,2022
MFL,2022-09-28 19:38,2022-09-28 20:30,2022-09-28 19:38,202209282030,FA,C,Y,257,NEW,FLC099,5142.36865234375,2022-09-28 19:38,00000,N,ER,OO,False,,,,,,,202209281938-KMFL-WGUS82-FLSMFL,BAXTER,2022
MFL,2022-09-28 19:38,2022-09-28 20:30,2022-09-28 19:38,202209282030,FA,C,Y,257,NEW,FLC011,3161.671630859375,2022-09-28 19:38,00000,N,ER,OO,False,,,,,,,202209281938-KMFL-WGUS82-FLSMFL,BAXTER,2022
EAX,2022-09-24 07:30,2022-09-24 14:00,2022-09-24 07:30,202209241400,FG,C,Y,3,EXP,KSZ025,1125.6605224609375,2022-09-24 14:08,,,,,False,,,,,,,202209240730-KEAX-WWUS73-NPWEAX,,2022
GGW,2022-09-24 15:00,2022-09-25 00:00,2022-09-24 08:09,202209250000,LW,C,Y,42,EXP,MTZ016,7525.07958984375,2022-09-24 23:47,,,,,False,,,,,,,202209240809-KGGW-WWUS75-NPWGGW,,2022
LIX,2022-09-28 14:00,2022-09-29 00:00,2022-09-27 18:51,202209290000,FW,C,W,4,CON,LAZ036,1181.1146240234375,2022-09-28 20:15,,,,,False,,,,,,,202209271851-KLIX-WWUS84-RFWLIX,,2022
LIX,2022-09-28 14:00,2022-09-29 00:00,2022-09-27 18:51,202209290000,FW,C,W,4,CON,LAZ037,1061.5506591796875,2022-09-28 20:15,,,,,False,,,,,,,202209271851-KLIX-WWUS84-RFWLIX,,2022
LOX,2022-09-26 17:00,2022-09-24 20:45,2022-09-23 20:12,202209290300,EH,C,A,6,UPG,CAZ362,88.71891784667969,2022-09-24 20:45,,,,,False,,,,,,,202209232012-KLOX-WWUS76-NPWLOX,MW,2022
MQT,2022-09-25 17:00,2022-09-28 10:00,2022-09-24 08:46,202209261200,SC,C,Y,146,CON,LSZ242,594.3404541015625,2022-09-28 08:18,,,,,False,,,,,,,202209240846-KMQT-WHUS73-MWWMQT,,2022
LIX,2022-09-28 14:00,2022-09-29 00:00,2022-09-27 18:51,202209290000,FW,C,W,4,CON,LAZ039,1752.2254638671875,2022-09-28 20:15,,,,,False,,,,,,,202209271851-KLIX-WWUS84-RFWLIX,,2022
PAH,2022-09-24 22:27,2022-09-24 23:00,2022-09-24 22:27,202209242300,SV,C,W,218,EXP,MOC023,1809.9459228515625,2022-09-24 22:57,,,,,False,,,,,,,202209242227-KPAH-WUUS53-SVRPAH,DW,2022
LIX,2022-09-28 14:00,2022-09-29 00:00,2022-09-27 18:51,202209290000,FW,C,W,4,CON,LAZ047,529.8381958007812,2022-09-28 20:15,,,,,False,,,,,,,202209271851-KLIX-WWUS84-RFWLIX,,2022
SGF,2022-09-24 21:55,2022-09-24 22:45,2022-09-24 21:55,202209242245,SV,C,W,219,EXP,MOC091,2403.597412109375,2022-09-24 22:37,,,,,False,,,,,,,202209242155-KSGF-WUUS53-SVRSGF,Melto,2022
GYX,2022-09-24 03:00,2022-09-24 23:17,2022-09-23 06:57,202209250300,SU,C,Y,3,CAN,MEZ025,684.4645385742188,2022-09-24 23:17,,,,,False,,,,,,,202209230657-KGYX-WHUS41-CFWGYX,ARNOTT,2022
PAH,2022-09-24 22:27,2022-09-24 23:00,2022-09-24 22:27,202209242300,SV,C,W,218,EXP,MOC181,1635.4034423828125,2022-09-24 22:57,,,,,False,,,,,,,202209242227-KPAH-WUUS53-SVRPAH,DW,2022
MEG,2022-09-25 01:33,2022-09-25 01:48,2022-09-25 01:33,202209250215,SV,C,W,214,CAN,ARC035,1649.1187744140625,2022-09-25 01:48,,,,,False,,,,,,,202209250133-KMEG-WUUS54-SVRMEG,,2022
TAE,2022-09-24 08:00,2022-09-25 12:00,2022-09-24 07:34,202209260000,RP,C,S,115,EXT,FLZ115,911.9964599609375,2022-09-25 03:33,,,,,False,,,,,,,202209240734-KTAE-WHUS42-CFWTAE,,2022
GUM,2022-09-24 20:00,2022-09-25 20:00,2022-09-24 06:00,202209252000,FA,C,A,3,CON,MPZ001,86.48051452636719,2022-09-25 06:38,00000,0,ER,OO,False,,,,,,,202209240600-PGUM-WGMY60-FFAGUM,mgm,2022
GUM,2022-09-24 20:00,2022-09-25 20:00,2022-09-24 06:00,202209252000,FA,C,A,3,CON,MPZ002,109.02603912353516,2022-09-25 06:38,00000,0,ER,OO,False,,,,,,,202209240600-PGUM-WGMY60-FFAGUM,mgm,2022
SEW,2022-09-26 19:00,2022-09-25 21:31,2022-09-25 10:40,202209270200,FW,C,A,3,UPG,WAZ659,8327.978515625,2022-09-25 21:31,,,,,False,,,,,,,202209251040-KSEW-WWUS86-RFWSEW,,2022
ILM,2022-09-29 00:00,2022-09-28 21:06,2022-09-28 08:23,202209301200,GL,C,W,12,CAN,AMZ252,2074.400390625,2022-09-28 21:06,,,,,False,,,,,,,202209280823-KILM-WHUS72-MWWILM,,2022
MLB,2022-09-26 21:11,2022-09-27 09:55,2022-09-26 21:11,202210172111,TR,C,A,1009,UPG,AMZ555,3750.61376953125,2022-09-27 09:55,,,,,False,,,,,,,202209262111-KMLB-WHUS72-MWWMLB,,2022
SGX,2022-09-28 21:22,2022-09-28 23:15,2022-09-28 21:22,202209282315,FA,C,Y,105,NEW,CAC073,10994.486328125,2022-09-28 21:22,00000,N,ER,OO,False,,,,,,,202209282122-KSGX-WGUS86-FLSSGX,RK,2022
RLX,2022-09-25 16:22,2022-09-25 19:08,2022-09-25 16:22,202209251930,FF,C,W,111,CAN,WVC081,1577.3333740234375,2022-09-25 19:08,00000,0,ER,OO,False,,,,,,,202209251622-KRLX-WGUS51-FFWRLX,JZ,2022
LWX,2022-09-25 16:10,2022-09-25 16:43,2022-09-25 16:10,202209251700,SV,C,W,407,CAN,WVC037,547.4729614257812,2022-09-25 16:43,,,,,False,,,,,,,202209251610-KLWX-WUUS51-SVRLWX,Belak,2022
TWC,2022-09-28 21:12,2022-09-28 22:15,2022-09-28 21:12,202209282215,DS,C,Y,38,EXP,AZC021,13926.7177734375,2022-09-28 22:16,,,,,False,,,,,,,202209282112-KTWC-WWUS55-DSWTWC,KRG,2022
CLE,2022-09-25 15:53,2022-09-25 17:19,2022-09-25 15:53,202209251800,MA,C,W,59,CAN,LEZ146,445.556884765625,2022-09-25 17:19,,,,,False,,,,,,,202209251553-KCLE-WHUS51-SMWCLE,Sefcovic,2022
MHX,2022-09-29 18:00,2022-09-28 22:08,2022-09-28 09:09,202210011200,CF,C,A,2,UPG,NCZ196,794.1854858398438,2022-09-28 22:08,,,,,False,,,,,,,202209280909-KMHX-WHUS42-CFWMHX,,2022
TBW,2022-09-28 21:52,2022-09-29 01:00,2022-09-28 21:52,202209290100,FF,C,W,6,NEW,FLC115,1494.819091796875,2022-09-28 21:52,00000,0,ER,OO,False,,,,,,,202209282152-KTBW-WGUS52-FFWTBW,TBW,2022
LOT,2022-09-29 06:00,2022-09-29 12:00,2022-09-28 20:11,202209291200,FR,C,Y,3,EXP,ILZ004,729.1424560546875,2022-09-29 11:58,,,,,False,,,,,,,202209282011-KLOT-WWUS73-NPWLOT,,2022
TWC,2022-09-28 22:23,2022-09-29 00:00,2022-09-28 22:23,202209290000,FA,C,Y,285,EXP,AZC019,23815.521484375,2022-09-28 23:57,00000,N,ER,OO,False,,,,,,,202209282223-KTWC-WGUS85-FLSTWC,CWR,2022
PSR,2022-09-28 22:25,2022-09-29 01:21,2022-09-28 22:25,202209290430,FF,C,W,311,CAN,CAC065,18922.111328125,2022-09-29 01:21,00000,0,ER,OO,False,,,,,,,202209282225-KPSR-WGUS55-FFWPSR,Hirsch,2022
CTP,2022-09-25 15:37,2022-09-25 17:58,2022-09-25 15:37,202209252300,SV,C,A,543,CAN,PAC041,1426.009521484375,2022-09-25 17:58,,,,,False,,,,,,,202209251537-KCTP-WWUS61-WCNCTP,,2022
PSR,2022-09-28 21:26,2022-09-28 22:28,2022-09-28 21:26,202209282300,DS,C,Y,121,CAN,AZC021,13926.7177734375,2022-09-28 22:28,,,,,False,,,,,,,202209282126-KPSR-WWUS55-DSWPSR,Hirsch,2022
TWC,2022-09-28 22:03,2022-09-29 00:00,2022-09-28 22:03,202209290000,FA,C,Y,284,EXP,AZC019,23815.521484375,2022-09-28 23:57,00000,N,ER,OO,False,,,,,,,202209282203-KTWC-WGUS85-FLSTWC,CWR,2022
MFR,2022-09-27 21:00,2022-09-26 18:21,2022-09-25 19:00,202209280300,FW,C,A,28,UPG,CAZ285,9670.861328125,2022-09-26 18:21,,,,,False,,,,,,,202209251900-KMFR-WWUS86-RFWMFR,Visit us at www.weather.,2022
RNK,2022-09-25 18:57,2022-09-25 19:11,2022-09-25 18:57,202209251930,SV,C,W,270,CAN,VAC029,1510.7225341796875,2022-09-25 19:11,,,,,False,,,,,,,202209251857-KRNK-WUUS51-SVRRNK,ET,2022
LWX,2022-09-25 15:40,2022-09-25 19:17,2022-09-25 15:40,202209252300,SV,C,A,543,CAN,MDC043,1209.8150634765625,2022-09-25 19:17,,,,,False,,,,,,,202209251540-KLWX-WWUS61-WCNLWX,,2022
LWX,2022-09-25 15:40,2022-09-25 19:17,2022-09-25 15:40,202209252300,SV,C,A,543,CAN,MDC021,1726.9664306640625,2022-09-25 19:17,,,,,False,,,,,,,202209251540-KLWX-WWUS61-WCNLWX,,2022
LWX,2022-09-25 15:40,2022-09-25 19:17,2022-09-25 15:40,202209252300,SV,C,A,543,CAN,MDC001,1111.984619140625,2022-09-25 19:17,,,,,False,,,,,,,202209251540-KLWX-WWUS61-WCNLWX,,2022
RNK,2022-09-25 18:57,2022-09-25 19:30,2022-09-25 18:57,202209251930,SV,C,W,270,EXP,VAC011,866.435546875,2022-09-25 19:39,,,,,False,,,,,,,202209251857-KRNK-WUUS51-SVRRNK,ET,2022
GRR,2022-09-25 12:00,2022-09-26 00:00,2022-09-25 08:29,202209281500,SC,C,Y,89,CON,LMZ847,299.12005615234375,2022-09-25 19:25,,,,,False,,,,,,,202209250829-KGRR-WHUS73-MWWGRR,,2022
EKA,2022-09-29 22:00,2022-10-01 04:00,2022-09-29 09:46,202209301000,SC,C,Y,95,EXP,PZZ450,3187.034423828125,2022-10-01 03:51,,,,,False,,,,,,,202209290946-KEKA-WHUS76-MWWEKA,,2022
LWX,2022-09-25 20:36,2022-09-25 21:16,2022-09-25 20:36,202209252200,MA,C,W,258,CAN,ANZ532,364.1634216308594,2022-09-25 21:16,,,,,False,,,,,,,202209252036-KLWX-WHUS51-SMWLWX,KJP,2022
LWX,2022-09-25 16:00,2022-09-25 20:42,2022-09-24 07:33,202209252200,SC,C,Y,186,CAN,ANZ535,58.30635070800781,2022-09-25 20:42,,,,,False,,,,,,,202209240733-KLWX-WHUS71-MWWLWX,,2022
PHI,2022-09-25 20:21,2022-09-25 21:00,2022-09-25 20:21,202209252100,MA,C,W,119,EXP,ANZ454,818.2506103515625,2022-09-25 20:59,,,,,False,,,,,,,202209252021-KPHI-WHUS51-SMWPHI,BIRCHFIELD,2022
TAE,2022-09-29 15:11,2022-09-30 00:53,2022-09-29 15:11,202209300900,GL,C,W,6,CAN,GMZ752,2660.048583984375,2022-09-30 00:53,,,,,False,,,,,,,202209291511-KTAE-WHUS72-MWWTAE,,2022
RNK,2022-09-25 20:56,2022-09-25 23:00,2022-09-25 20:56,202209252300,FA,C,Y,139,NEW,VAC089,995.0477905273438,2022-09-25 20:56,00000,N,ER,OO,False,,,,,,,202209252056-KRNK-WGUS81-FLSRNK,ET,2022
AKQ,2022-09-25 20:55,2022-09-25 21:19,2022-09-25 20:55,202209252145,SV,C,W,259,CAN,VAC730,60.13864517211914,2022-09-25 21:19,,,,,False,,,,,,,202209252055-KAKQ-WUUS51-SVRAKQ,BROWN,2022
AKQ,2022-09-25 20:55,2022-09-25 21:45,2022-09-25 20:55,202209252145,SV,C,W,259,CON,VAC181,725.6265869140625,2022-09-25 21:19,,,,,False,,,,,,,202209252055-KAKQ-WUUS51-SVRAKQ,BROWN,2022
DVN,2022-09-29 06:00,2022-09-29 12:00,2022-09-28 20:00,202209291200,FR,C,Y,3,EXP,IAZ041,1497.22705078125,2022-09-29 11:57,,,,,False,,,,,,,202209282000-KDVN-WWUS73-NPWDVN,,2022
SHV,2022-09-25 22:02,2022-09-25 22:45,2022-09-25 22:02,202209252245,SV,C,W,222,CON,ARC027,1987.005615234375,2022-09-25 22:29,,,,,False,,,,,,,202209252202-KSHV-WUUS54-SVRSHV,26,2022
MFL,2022-09-27 23:15,2022-09-27 23:45,2022-09-27 23:15,202209272345,TO,C,W,31,EXP,FLC051,3017.6875,2022-09-27 23:38,,,,,False,,,,,,,202209272315-KMFL-WFUS52-TORMFL,NC,2022
GRB,2022-09-25 23:21,2022-09-26 00:15,2022-09-25 23:21,202209260015,MA,C,W,24,EXP,LMZ521,1827.5804443359375,2022-09-26 00:11,,,,,False,,,,,,,202209252321-KGRB-WHUS53-SMWGRB,Eckberg,2022
SHV,2022-09-25 22:02,2022-09-25 22:45,2022-09-25 22:02,202209252245,SV,C,W,222,CON,ARC073,1414.61669921875,2022-09-25 22:29,,,,,False,,,,,,,202209252202-KSHV-WUUS54-SVRSHV,26,2022
LOT,2022-09-25 23:24,2022-09-26 02:15,2022-09-25 23:24,202209260215,MA,C,W,49,EXP,LMZ740,343.7041015625,2022-09-26 02:05,,,,,False,,,,,,,202209252324-KLOT-WHUS53-SMWLOT,Carlaw,2022
GRB,2022-09-29 06:00,2022-09-29 13:00,2022-09-28 19:33,202209291300,FR,C,Y,7,EXP,WIZ073,1707.5745849609375,2022-09-29 12:48,,,,,False,,,,,,,202209281933-KGRB-WWUS73-NPWGRB,"For more information, vi",2022
LOX,2022-09-25 23:56,2022-09-26 08:04,2022-09-25 23:56,202209260900,SC,C,Y,154,CAN,PZZ650,3348.822998046875,2022-09-26 08:04,,,,,False,,,,,,,202209252356-KLOX-WHUS76-MWWLOX,Phillips,2022
SLC,2022-09-29 02:01,2022-09-29 03:00,2022-09-29 02:01,202209290300,SV,C,W,78,EXP,UTC003,17391.685546875,2022-09-29 02:54,,,,,False,,,,,,,202209290201-KSLC-WUUS55-SVRSLC,JW,2022
VEF,2022-09-29 00:28,2022-09-29 03:30,2022-09-29 00:28,202209290330,FF,C,W,312,EXP,AZC015,34890.7890625,2022-09-29 03:24,00000,0,ER,OO,False,,,,,,,202209290028-KVEF-WGUS55-FFWVEF,JA,2022
GRR,2022-09-26 00:48,2022-09-26 01:15,2022-09-26 00:48,202209260115,MA,C,W,46,NEW,LMZ872,2088.3720703125,2022-09-26 00:48,,,,,False,,,,,,,202209260048-KGRR-WHUS53-SMWGRR,Thielke,2022
OKX,2022-09-26 02:07,2022-09-26 02:31,2022-09-26 02:07,202209260245,SV,C,W,52,CAN,NYC059,750.7286376953125,2022-09-26 02:31,,,,,False,,,,,,,202209260207-KOKX-WUUS51-SVROKX,DR,2022
TBW,2022-09-29 02:45,2022-09-29 05:00,2022-09-29 02:45,202209290500,FF,C,W,9,NEW,FLC115,1494.819091796875,2022-09-29 02:45,00000,0,ER,OO,False,,,,,,,202209290245-KTBW-WGUS52-FFWTBW,TBW,2022
TBW,2022-09-29 02:45,2022-09-29 05:00,2022-09-29 02:45,202209290500,FF,C,W,9,NEW,FLC081,1946.7275390625,2022-09-29 02:45,00000,0,ER,OO,False,,,,,,,202209290245-KTBW-WGUS52-FFWTBW,TBW,2022
OKX,2022-09-26 02:50,2022-09-26 04:41,2022-09-26 02:50,202209260600,FA,C,Y,133,CAN,NYC059,750.7286376953125,2022-09-26 04:41,00000,N,ER,OO,False,,,,,,,202209260250-KOKX-WGUS81-FLSOKX,JM,2022
MFL,2022-09-26 03:04,2022-09-29 03:18,2022-09-26 03:04,202210170304,SS,C,A,1009,CAN,FLZ174,1006.6227416992188,2022-09-29 03:18,,,,,False,,,,,,,202209260304-KMFL-WTUS82-TCVMFL,,2022
TAE,2022-09-27 15:19,2022-09-29 15:11,2022-09-27 15:19,202210181519,TR,C,W,1009,CAN,GMZ765,2776.03466796875,2022-09-29 15:11,,,,,False,,,,,,,202209271519-KTAE-WHUS72-MWWTAE,,2022
HFO,2022-09-26 05:59,2022-09-26 08:26,2022-09-26 05:59,202209260900,FA,C,Y,64,CAN,HIC001,10465.95703125,2022-09-26 08:26,00000,N,ER,OO,False,,,,,,,202209260559-PHFO-WGHW80-FLSHFO,SWR,2022
MFL,2022-09-27 20:08,2022-09-27 20:45,2022-09-27 20:08,202209272045,TO,C,W,20,EXP,FLC021,5251.28515625,2022-09-27 20:42,,,,,False,,,,,,,202209272008-KMFL-WFUS52-TORMFL,MFL,2022
SGX,2022-09-26 17:00,2022-09-29 03:00,2022-09-26 10:30,202209290300,HT,C,Y,8,EXP,CAZ057,792.0211181640625,2022-09-29 03:15,,,,,False,,,,,,,202209261030-KSGX-WWUS76-NPWSGX,17,2022
TBW,2022-09-29 05:16,2022-09-29 07:30,2022-09-29 05:16,202209290730,FF,C,W,10,NEW,FLC105,5213.7373046875,2022-09-29 05:16,00000,0,ER,OO,False,,,,,,,202209290516-KTBW-WGUS52-FFWTBW,TBW,2022
TAE,2022-09-27 09:00,2022-09-26 21:33,2022-09-26 17:58,202209281200,SC,C,Y,42,CAN,GMZ752,2660.048583984375,2022-09-26 21:33,,,,,False,,,,,,,202209261758-KTAE-WHUS72-MWWTAE,,2022
JAX,2022-09-29 16:00,2022-09-30 15:09,2022-09-29 16:00,202210201600,HU,C,W,1009,CAN,AMZ470,4287.8642578125,2022-09-30 15:09,,,,,False,,,,,,,202209291600-KJAX-WHUS72-MWWJAX,,2022
CLE,2022-09-26 06:56,2022-09-26 13:00,2022-09-26 06:56,202209261000,FA,C,Y,94,EXP,OHC007,1835.226806640625,2022-09-26 12:57,00000,N,ER,OO,False,,,,,,,202209260656-KCLE-WGUS81-FLSCLE,Kahn,2022
CLE,2022-09-26 14:33,2022-09-26 16:00,2022-09-26 14:33,202209261600,MA,C,W,61,NEW,LEZ147,455.7435607910156,2022-09-26 14:33,,,,,False,,,,,,,202209261433-KCLE-WHUS51-SMWCLE,Garuckas,2022
GRB,2022-09-25 20:00,2022-09-28 15:00,2022-09-24 20:07,202209270000,SC,C,Y,66,EXP,LMZ543,263.4520568847656,2022-09-28 15:14,,,,,False,,,,,,,202209242007-KGRB-WHUS73-MWWGRB,AK,2022
MFL,2022-09-27 20:59,2022-09-29 03:18,2022-09-27 20:59,202210182059,TR,C,W,1009,CAN,FLZ072,880.1738891601562,2022-09-29 03:18,,,,,False,,,,,,,202209272059-KMFL-WTUS82-TCVMFL,,2022
BUF,2022-09-26 16:11,2022-09-26 17:45,2022-09-26 16:11,202209261745,MA,C,W,107,EXP,LEZ061,707.613525390625,2022-09-26 17:52,,,,,False,,,,,,,202209261611-KBUF-WHUS51-SMWBUF,Hitchcock,2022
BUF,2022-09-26 16:11,2022-09-26 17:45,2022-09-26 16:11,202209261745,MA,C,W,107,EXP,LEZ041,564.8111572265625,2022-09-26 17:52,,,,,False,,,,,,,202209261611-KBUF-WHUS51-SMWBUF,Hitchcock,2022
CLE,2022-09-26 16:02,2022-09-26 17:30,2022-09-26 16:02,202209261730,MA,C,W,62,EXP,LEZ169,1314.1365966796875,2022-09-26 17:33,,,,,False,,,,,,,202209261602-KCLE-WHUS51-SMWCLE,Clark,2022
DTX,2022-09-26 14:00,2022-09-29 02:00,2022-09-25 14:07,202209280200,SC,C,Y,54,EXP,LHZ442,325.3139343261719,2022-09-29 01:49,,,,,False,,,,,,,202209251407-KDTX-WHUS73-MWWDTX,KK,2022
LIX,2022-09-28 14:00,2022-09-27 18:51,2022-09-26 20:19,202209290000,FW,C,A,1,UPG,MSZ071,1048.325439453125,2022-09-27 18:51,,,,,False,,,,,,,202209262019-KLIX-WWUS84-RFWLIX,,2022
LIX,2022-09-28 14:00,2022-09-27 18:51,2022-09-26 20:19,202209290000,FW,C,A,1,UPG,MSZ077,2123.42236328125,2022-09-27 18:51,,,,,False,,,,,,,202209262019-KLIX-WWUS84-RFWLIX,,2022
LIX,2022-09-28 14:00,2022-09-27 18:51,2022-09-26 20:19,202209290000,FW,C,A,1,UPG,MSZ070,1064.796875,2022-09-27 18:51,,,,,False,,,,,,,202209262019-KLIX-WWUS84-RFWLIX,,2022
BUF,2022-09-26 20:16,2022-09-26 21:00,2022-09-26 20:16,202209262100,MA,C,W,109,EXP,SLZ022,175.2192840576172,2022-09-26 21:05,,,,,False,,,,,,,202209262016-KBUF-WHUS51-SMWBUF,Mitchell,2022
MLB,2022-09-26 21:16,2022-09-27 09:31,2022-09-26 21:16,202210172116,TR,C,A,1009,UPG,FLZ154,423.17010498046875,2022-09-27 09:31,,,,,False,,,,,,,202209262116-KMLB-WTUS82-TCVMLB,,2022
CHS,2022-09-27 15:12,2022-09-28 15:16,2022-09-27 15:12,202210181512,TR,C,A,1009,UPG,GAZ137,1045.6385498046875,2022-09-28 15:16,,,,,False,,,,,,,202209271512-KCHS-WTUS82-TCVCHS,,2022
MFL,2022-09-27 15:03,2022-09-27 15:30,2022-09-27 15:03,202209271530,MA,C,W,345,EXP,AMZ651,4013.172119140625,2022-09-27 15:27,,,,,False,,,,,,,202209271503-KMFL-WHUS52-SMWMFL,MFL,2022
MLB,2022-09-26 21:16,2022-09-27 09:31,2022-09-26 21:16,202210172116,TR,C,A,1009,UPG,FLZ259,1107.533203125,2022-09-27 09:31,,,,,False,,,,,,,202209262116-KMLB-WTUS82-TCVMLB,,2022
MLB,2022-09-26 21:16,2022-09-27 09:31,2022-09-26 21:16,202210172116,TR,C,A,1009,UPG,FLZ254,913.12841796875,2022-09-27 09:31,,,,,False,,,,,,,202209262116-KMLB-WTUS82-TCVMLB,,2022
MLB,2022-09-26 21:16,2022-09-27 09:31,2022-09-26 21:16,202210172116,TR,C,A,1009,UPG,FLZ347,226.41384887695312,2022-09-27 09:31,,,,,False,,,,,,,202209262116-KMLB-WTUS82-TCVMLB,,2022
MLB,2022-09-26 21:16,2022-09-27 09:31,2022-09-26 21:16,202210172116,TR,C,A,1009,UPG,FLZ447,446.071044921875,2022-09-27 09:31,,,,,False,,,,,,,202209262116-KMLB-WTUS82-TCVMLB,,2022
RAH,2022-09-29 15:07,2022-10-01 03:23,2022-09-29 15:07,202210201507,TR,C,W,1009,CAN,NCZ024,1038.94287109375,2022-10-01 03:23,,,,,False,,,,,,,202209291507-KRAH-WTUS82-TCVRAH,,2022
LIX,2022-09-29 14:00,2022-09-29 08:41,2022-09-27 18:51,202209292300,FW,C,A,2,CAN,LAZ089,66.10638427734375,2022-09-29 08:41,,,,,False,,,,,,,202209271851-KLIX-WWUS84-RFWLIX,,2022
LIX,2022-09-29 14:00,2022-09-29 08:41,2022-09-27 18:51,202209292300,FW,C,A,2,CAN,LAZ088,392.6041259765625,2022-09-29 08:41,,,,,False,,,,,,,202209271851-KLIX-WWUS84-RFWLIX,,2022
OKX,2022-09-26 08:07,2022-09-26 22:00,2022-09-26 08:07,202209262200,SC,C,Y,89,EXP,ANZ338,345.9809875488281,2022-09-26 22:29,,,,,False,,,,,,,202209260807-KOKX-WHUS71-MWWOKX,"For more details, see th",2022
OKX,2022-09-26 08:07,2022-09-26 22:00,2022-09-26 08:07,202209262200,SC,C,Y,89,EXP,ANZ335,1289.7828369140625,2022-09-26 22:29,,,,,False,,,,,,,202209260807-KOKX-WHUS71-MWWOKX,"For more details, see th",2022
JAN,2022-09-28 14:00,2022-09-27 19:22,2022-09-26 19:46,202209290100,FW,C,A,1,UPG,MSZ072,1421.8453369140625,2022-09-27 19:22,,,,,False,,,,,,,202209261946-KJAN-WWUS84-RFWJAN,NF,2022
LIX,2022-09-27 14:00,2022-09-28 00:00,2022-09-26 20:19,202209280000,FW,C,W,3,CON,MSZ081,1501.3670654296875,2022-09-27 18:51,,,,,False,,,,,,,202209262019-KLIX-WWUS84-RFWLIX,,2022
LIX,2022-09-27 14:00,2022-09-28 00:00,2022-09-26 20:19,202209280000,FW,C,W,3,CON,LAZ057,668.4823608398438,2022-09-27 18:51,,,,,False,,,,,,,202209262019-KLIX-WWUS84-RFWLIX,,2022
ILM,2022-09-29 10:00,2022-10-01 07:29,2022-09-29 08:49,202210012200,SU,C,Y,8,CAN,SCZ054,458.3331604003906,2022-10-01 07:29,,,,,False,,,,,,,202209290849-KILM-WHUS42-CFWILM,dch,2022
ILM,2022-09-29 13:00,2022-09-29 16:53,2022-09-29 08:49,202209291700,CF,C,Y,82,CAN,NCZ108,160.57701110839844,2022-09-29 16:53,,,,,False,,,,,,,202209290849-KILM-WHUS42-CFWILM,dch,2022
ILM,2022-09-29 15:00,2022-09-29 18:00,2022-09-29 08:49,202209291800,CF,C,Y,82,EXP,NCZ107,367.9503479003906,2022-09-29 17:59,,,,,False,,,,,,,202209290849-KILM-WHUS42-CFWILM,dch,2022
JAN,2022-09-28 14:00,2022-09-27 19:22,2022-09-26 19:46,202209290100,FW,C,A,1,UPG,MSZ034,1972.327880859375,2022-09-27 19:22,,,,,False,,,,,,,202209261946-KJAN-WWUS84-RFWJAN,NF,2022
LIX,2022-09-27 14:00,2022-09-28 00:00,2022-09-26 20:19,202209280000,FW,C,W,3,CON,LAZ058,647.3876953125,2022-09-27 18:51,,,,,False,,,,,,,202209262019-KLIX-WWUS84-RFWLIX,,2022
PSR,2022-09-27 02:35,2022-09-27 03:15,2022-09-27 02:35,202209270315,DS,C,Y,119,NEW,AZC021,13926.7177734375,2022-09-27 02:35,,,,,False,,,,,,,202209270235-KPSR-WWUS55-DSWPSR,GL,2022
MFL,2022-09-26 15:03,2022-09-27 03:11,2022-09-26 15:03,202210171503,TR,C,W,1009,UPG,GMZ676,4736.71826171875,2022-09-27 03:11,,,,,False,,,,,,,202209261503-KMFL-WHUS72-MWWMFL,,2022
TBW,2022-09-29 09:16,2022-09-29 16:25,2022-09-29 09:16,202210200916,TR,C,W,1009,CAN,GMZ853,5349.859375,2022-09-29 16:25,,,,,False,,,,,,,202209290916-KTBW-WHUS72-MWWTBW,,2022
MLB,2022-09-28 08:59,2022-09-28 20:31,2022-09-28 08:59,202209282100,TO,C,A,546,CAN,AMZ552,4612.98583984375,2022-09-28 20:31,,,,,False,,,,,,,202209280859-KMLB-WWUS62-WCNMLB,,2022
GRR,2022-09-27 00:00,2022-09-28 21:00,2022-09-26 23:49,202209281500,SC,C,Y,90,EXP,LMZ844,284.08349609375,2022-09-28 20:40,,,,,False,,,,,,,202209262349-KGRR-WHUS73-MWWGRR,,2022
DTX,2022-09-26 14:00,2022-09-29 02:00,2022-09-25 14:07,202209271400,SC,C,Y,54,EXP,LHZ443,314.49041748046875,2022-09-29 01:49,,,,,False,,,,,,,202209251407-KDTX-WHUS73-MWWDTX,KK,2022
LOX,2022-09-28 19:00,2022-09-29 04:00,2022-09-28 03:11,202209290400,SC,C,Y,156,EXP,PZZ645,2280.40234375,2022-09-29 03:37,,,,,False,,,,,,,202209280311-KLOX-WHUS76-MWWLOX,,2022
LWX,2022-09-25 15:40,2022-09-25 19:55,2022-09-25 15:40,202209252300,SV,C,A,543,CAN,ANZ530,295.01409912109375,2022-09-25 19:55,,,,,False,,,,,,,202209251540-KLWX-WWUS61-WCNLWX,,2022
LWX,2022-09-25 15:40,2022-09-25 19:17,2022-09-25 15:40,202209252300,SV,C,A,543,CAN,WVC065,594.2600708007812,2022-09-25 19:17,,,,,False,,,,,,,202209251540-KLWX-WWUS61-WCNLWX,,2022
LWX,2022-09-25 15:40,2022-09-25 19:17,2022-09-25 15:40,202209252300,SV,C,A,543,CAN,WVC071,1806.86865234375,2022-09-25 19:17,,,,,False,,,,,,,202209251540-KLWX-WWUS61-WCNLWX,,2022
LWX,2022-09-25 15:40,2022-09-25 19:17,2022-09-25 15:40,202209252300,SV,C,A,543,CAN,WVC057,851.792236328125,2022-09-25 19:17,,,,,False,,,,,,,202209251540-KLWX-WWUS61-WCNLWX,,2022
MFL,2022-09-28 09:01,2022-09-28 21:00,2022-09-28 09:01,202209282100,TO,C,A,546,EXP,FLC043,2056.751953125,2022-09-28 21:20,,,,,False,,,,,,,202209280901-KMFL-WWUS62-WCNMFL,,2022
TWC,2022-09-28 21:24,2022-09-28 23:15,2022-09-28 21:24,202209282315,FA,C,Y,283,EXP,AZC019,23815.521484375,2022-09-28 23:06,00000,N,ER,OO,False,,,,,,,202209282124-KTWC-WGUS85-FLSTWC,CWR,2022
LWX,2022-09-28 22:00,2022-09-30 10:00,2022-09-28 05:27,202209292200,SC,C,Y,189,EXT,ANZ543,775.6605224609375,2022-09-30 09:25,,,,,False,,,,,,,202209280527-KLWX-WHUS71-MWWLWX,,2022
JAX,2022-09-27 15:16,2022-09-29 16:00,2022-09-27 15:16,202210181516,TR,C,W,1009,UPG,AMZ474,3355.91845703125,2022-09-29 16:00,,,,,False,,,,,,,202209271516-KJAX-WHUS72-MWWJAX,,2022
JSJ,2022-09-28 18:52,2022-09-28 22:00,2022-09-28 18:52,202209282200,FA,C,Y,288,EXP,PRC113,303.8078918457031,2022-09-28 21:57,00000,N,ER,OO,False,,,,,,,202209281852-TJSJ-WGCA82-FLSSJU,CRS,2022
MHX,2022-09-29 12:00,2022-09-29 15:06,2022-09-28 22:08,202210011200,CF,C,Y,16,CAN,NCZ196,794.1854858398438,2022-09-29 15:06,,,,,False,,,,,,,202209282208-KMHX-WHUS42-CFWMHX,,2022
MHX,2022-09-29 12:00,2022-09-29 15:06,2022-09-28 22:08,202210011200,CF,C,W,4,CAN,NCZ194,787.337158203125,2022-09-29 15:06,,,,,False,,,,,,,202209282208-KMHX-WHUS42-CFWMHX,,2022
MHX,2022-09-29 18:00,2022-09-29 15:06,2022-09-28 22:08,202210010000,CF,C,Y,16,CAN,NCZ195,534.33056640625,2022-09-29 15:06,,,,,False,,,,,,,202209282208-KMHX-WHUS42-CFWMHX,,2022
MHX,2022-09-29 18:00,2022-09-29 15:06,2022-09-28 22:08,202210010000,CF,C,Y,16,CAN,NCZ199,494.9266052246094,2022-09-29 15:06,,,,,False,,,,,,,202209282208-KMHX-WHUS42-CFWMHX,,2022
LWX,2022-09-25 17:39,2022-09-25 17:55,2022-09-25 17:39,202209251830,SV,C,W,409,CAN,VAC061,1685.903564453125,2022-09-25 17:55,,,,,False,,,,,,,202209251739-KLWX-WUUS51-SVRLWX,KJP,2022
TWC,2022-09-28 23:01,2022-09-29 02:00,2022-09-28 23:01,202209290200,FA,C,Y,286,NEW,AZC019,23815.521484375,2022-09-28 23:01,00000,N,ER,OO,False,,,,,,,202209282301-KTWC-WGUS85-FLSTWC,CWR,2022
VEF,2022-09-28 21:35,2022-09-29 00:45,2022-09-28 21:35,202209290045,FA,C,Y,74,EXP,CAC071,52077.98046875,2022-09-29 00:42,00000,N,ER,OO,False,,,,,,,202209282135-KVEF-WGUS85-FLSVEF,JV,2022
MHX,2022-09-25 18:00,2022-09-26 06:00,2022-09-24 20:00,202209260600,SC,C,Y,76,CON,AMZ231,396.36431884765625,2022-09-26 01:57,,,,,False,,,,,,,202209242000-KMHX-WHUS72-MWWMHX,,2022
SGX,2022-09-28 22:57,2022-09-28 23:23,2022-09-28 22:57,202209290100,FA,C,Y,107,CAN,CAC071,52077.98046875,2022-09-28 23:23,00000,N,ER,OO,False,,,,,,,202209282257-KSGX-WGUS86-FLSSGX,RK,2022
LWX,2022-09-25 17:53,2022-09-25 18:34,2022-09-25 17:53,202209251845,SV,C,W,410,CAN,MDC025,1144.4757080078125,2022-09-25 18:34,,,,,False,,,,,,,202209251753-KLWX-WUUS51-SVRLWX,KJP,2022
KEY,2022-09-27 06:08,2022-09-27 06:45,2022-09-27 06:08,202209270645,MA,C,W,396,EXP,GMZ032,2121.407470703125,2022-09-27 06:42,,,,,False,,,,,,,202209270608-KKEY-WHUS52-SMWKEY,KBL,2022
CTP,2022-09-25 15:37,2022-09-25 19:23,2022-09-25 15:37,202209252300,SV,C,A,543,CAN,PAC133,2355.042724609375,2022-09-25 19:23,,,,,False,,,,,,,202209251537-KCTP-WWUS61-WCNCTP,,2022
GRR,2022-09-25 12:00,2022-09-26 00:00,2022-09-25 08:29,202209281500,SC,C,Y,89,CON,LMZ846,223.4678955078125,2022-09-25 19:25,,,,,False,,,,,,,202209250829-KGRR-WHUS73-MWWGRR,,2022
LWX,2022-09-25 18:52,2022-09-25 19:45,2022-09-25 18:52,202209251945,MA,C,W,257,EXP,ANZ530,295.01409912109375,2022-09-25 19:42,,,,,False,,,,,,,202209251852-KLWX-WHUS51-SMWLWX,KJP,2022
PHI,2022-09-25 19:25,2022-09-25 19:42,2022-09-25 19:25,202209252015,SV,C,W,168,CAN,NJC011,1284.70556640625,2022-09-25 19:42,,,,,False,,,,,,,202209251925-KPHI-WUUS51-SVRPHI,Fitzsimmons,2022
JAX,2022-09-27 08:50,2022-09-29 09:23,2022-09-27 08:50,202209301800,FA,C,A,5,CAN,FLZ125,918.8072509765625,2022-09-29 09:23,00000,0,ER,OO,False,,,,,,,202209270850-KJAX-WGUS62-FFAJAX,HESS,2022
JAX,2022-09-27 08:50,2022-09-29 09:23,2022-09-27 08:50,202209301800,FA,C,A,5,CAN,FLZ124,370.8739013671875,2022-09-29 09:23,00000,0,ER,OO,False,,,,,,,202209270850-KJAX-WGUS62-FFAJAX,HESS,2022
LWX,2022-09-25 15:40,2022-09-25 20:26,2022-09-25 15:40,202209252300,SV,C,A,543,CAN,DCC001,163.4431915283203,2022-09-25 20:26,,,,,False,,,,,,,202209251540-KLWX-WWUS61-WCNLWX,,2022
RNK,2022-09-25 20:28,2022-09-25 21:15,2022-09-25 20:28,202209252115,SV,C,W,272,CON,NCC169,1180.5926513671875,2022-09-25 21:01,,,,,False,,,,,,,202209252028-KRNK-WUUS51-SVRRNK,ET,2022
RNK,2022-09-25 20:28,2022-09-25 21:15,2022-09-25 20:28,202209252115,SV,C,W,272,CON,NCC157,1481.8826904296875,2022-09-25 21:01,,,,,False,,,,,,,202209252028-KRNK-WUUS51-SVRRNK,ET,2022
RNK,2022-09-25 20:28,2022-09-25 20:48,2022-09-25 20:28,202209252115,SV,C,W,272,CAN,NCC171,1392.6453857421875,2022-09-25 20:48,,,,,False,,,,,,,202209252028-KRNK-WUUS51-SVRRNK,ET,2022
PSR,2022-09-28 22:10,2022-09-29 00:58,2022-09-28 22:10,202209290415,FF,C,W,310,CAN,AZC013,23901.330078125,2022-09-29 00:58,00000,0,ER,OO,False,,,,,,,202209282210-KPSR-WGUS55-FFWPSR,Hirsch,2022
GRB,2022-09-25 23:21,2022-09-25 23:58,2022-09-25 23:21,202209260015,MA,C,W,24,CAN,LMZ522,636.060302734375,2022-09-25 23:58,,,,,False,,,,,,,202209252321-KGRB-WHUS53-SMWGRB,Eckberg,2022
TAE,2022-09-29 15:11,2022-09-30 00:53,2022-09-29 15:11,202209300900,GL,C,W,6,CAN,GMZ772,6182.2119140625,2022-09-30 00:53,,,,,False,,,,,,,202209291511-KTAE-WHUS72-MWWTAE,,2022
SHV,2022-09-25 21:34,2022-09-25 22:15,2022-09-25 21:34,202209252215,SV,C,W,219,NEW,TXC067,2488.454345703125,2022-09-25 21:34,,,,,False,,,,,,,202209252134-KSHV-WUUS54-SVRSHV,19,2022
GSP,2022-09-25 23:10,2022-09-25 23:37,2022-09-25 23:10,202209260000,SV,C,W,322,CAN,NCC121,575.193359375,2022-09-25 23:37,,,,,False,,,,,,,202209252310-KGSP-WUUS52-SVRGSP,KRENTZ,2022
MKX,2022-09-25 22:29,2022-09-25 23:01,2022-09-25 22:29,202209252315,SV,C,W,108,CAN,WIC039,1979.619384765625,2022-09-25 23:01,,,,,False,,,,,,,202209252229-KMKX-WUUS53-SVRMKX,PATTERSON,2022
MOB,2022-09-28 03:13,2022-09-29 09:18,2022-09-28 03:13,202209292300,GL,C,W,7,CAN,GMZ633,145.6126708984375,2022-09-29 09:18,,,,,False,,,,,,,202209280313-KMOB-WHUS74-MWWMOB,,2022
HUN,2022-09-25 23:27,2022-09-25 23:43,2022-09-25 23:27,202209260000,SV,C,W,95,CAN,TNC051,1490.8638916015625,2022-09-25 23:43,,,,,False,,,,,,,202209252327-KHUN-WUUS54-SVRHUN,KTW,2022
GRB,2022-09-25 22:27,2022-09-25 23:48,2022-09-25 22:27,202209260000,MA,C,W,23,CAN,LMZ565,2563.4716796875,2022-09-25 23:48,,,,,False,,,,,,,202209252227-KGRB-WHUS53-SMWGRB,Skowronski,2022
GRB,2022-09-25 22:27,2022-09-25 23:48,2022-09-25 22:27,202209260000,MA,C,W,23,CAN,LMZ567,1464.62060546875,2022-09-25 23:48,,,,,False,,,,,,,202209252227-KGRB-WHUS53-SMWGRB,Skowronski,2022
CLE,2022-09-26 00:21,2022-09-26 03:53,2022-09-26 00:21,202209260415,FA,C,Y,93,CAN,OHC007,1835.226806640625,2022-09-26 03:53,00000,N,ER,OO,False,,,,,,,202209260021-KCLE-WGUS81-FLSCLE,26,2022
GRR,2022-09-25 23:14,2022-09-26 00:45,2022-09-25 23:14,202209260045,MA,C,W,44,CON,LMZ848,323.1698303222656,2022-09-26 00:22,,,,,False,,,,,,,202209252314-KGRR-WHUS53-SMWGRR,Thielke,2022
KEY,2022-09-28 21:23,2022-09-30 08:21,2022-09-28 21:23,202209290900,SC,C,Y,38,CAN,GMZ034,4755.533203125,2022-09-30 08:21,,,,,False,,,,,,,202209282123-KKEY-WHUS72-MWWKEY,CLR,2022
GRR,2022-09-25 23:45,2022-09-26 01:45,2022-09-25 23:45,202209260145,MA,C,W,45,EXP,LMZ874,2013.3760986328125,2022-09-26 01:44,,,,,False,,,,,,,202209252345-KGRR-WHUS53-SMWGRR,Thielke,2022
IWX,2022-09-26 00:14,2022-09-26 02:15,2022-09-26 00:14,202209260215,MA,C,W,19,CON,LMZ046,132.6297149658203,2022-09-26 01:51,,,,,False,,,,,,,202209260014-KIWX-WHUS53-SMWIWX,CM,2022
OKX,2022-09-26 02:03,2022-09-26 02:15,2022-09-26 02:03,202209260215,SV,C,W,51,NEW,NYC059,750.7286376953125,2022-09-26 02:03,,,,,False,,,,,,,202209260203-KOKX-WUUS51-SVROKX,DR,2022
LOT,2022-09-25 23:24,2022-09-26 02:15,2022-09-25 23:24,202209260215,MA,C,W,49,EXP,LMZ777,2311.567138671875,2022-09-26 02:05,,,,,False,,,,,,,202209252324-KLOT-WHUS53-SMWLOT,Carlaw,2022
OKX,2022-09-26 01:56,2022-09-26 03:50,2022-09-26 01:56,202209260500,FF,C,W,29,CAN,NJC039,269.60382080078125,2022-09-26 03:50,00000,0,ER,OO,False,,,,,,,202209260156-KOKX-WGUS51-FFWOKX,12,2022
OKX,2022-09-26 03:43,2022-09-26 05:31,2022-09-26 03:43,202209260545,FA,C,Y,134,CAN,NYC103,2414.2958984375,2022-09-26 05:31,00000,N,ER,OO,False,,,,,,,202209260343-KOKX-WGUS81-FLSOKX,JM,2022
CAE,2022-09-28 21:04,2022-09-29 15:06,2022-09-28 21:04,202210192104,TR,C,A,1009,UPG,SCZ022,1917.8031005859375,2022-09-29 15:06,,,,,False,,,,,,,202209282104-KCAE-WTUS82-TCVCAE,,2022
CAE,2022-09-28 21:04,2022-09-29 15:06,2022-09-28 21:04,202210192104,TR,C,A,1009,UPG,SCZ116,1287.0079345703125,2022-09-29 15:06,,,,,False,,,,,,,202209282104-KCAE-WTUS82-TCVCAE,,2022
CAE,2022-09-28 21:04,2022-09-29 15:06,2022-09-28 21:04,202210192104,TR,C,A,1009,UPG,SCZ028,1999.3974609375,2022-09-29 15:06,,,,,False,,,,,,,202209282104-KCAE-WTUS82-TCVCAE,,2022
PHI,2022-09-26 00:49,2022-09-26 04:00,2022-09-26 00:49,202209260400,FA,C,Y,121,EXP,NJC019,1132.2139892578125,2022-09-26 03:53,00000,N,ER,OO,False,,,,,,,202209260049-KPHI-WGUS81-FLSPHI,Brudy,2022
TBW,2022-09-27 09:18,2022-09-29 09:16,2022-09-27 09:18,202210180918,HU,C,W,1009,CAN,GMZ856,3309.3095703125,2022-09-29 09:16,,,,,False,,,,,,,202209270918-KTBW-WHUS72-MWWTBW,,2022
TAE,2022-09-28 06:59,2022-09-30 07:00,2022-09-28 06:59,202209290700,RP,C,S,116,EXT,FLZ115,911.9964599609375,2022-09-29 06:04,,,,,False,,,,,,,202209280659-KTAE-WHUS42-CFWTAE,DVD,2022
TAE,2022-09-28 06:59,2022-09-30 07:00,2022-09-28 06:59,202209290700,RP,C,S,116,EXT,FLZ114,404.1982116699219,2022-09-29 06:04,,,,,False,,,,,,,202209280659-KTAE-WHUS42-CFWTAE,DVD,2022
TBW,2022-09-28 12:23,2022-10-02 22:38,2022-09-26 13:42,202210190520,FL,C,W,10,EXT,FLC081,1946.7275390625,2022-10-02 14:01,MKHF1,1,ER,NO,False,,,,,,,202209261342-KTBW-WGUS42-FLWTBW,TBW,2022
TBW,2022-09-26 15:08,2022-09-26 21:10,2022-09-26 15:08,202210171508,TR,C,A,1009,UPG,FLZ057,2869.966796875,2022-09-26 21:10,,,,,False,,,,,,,202209261508-KTBW-WTUS82-TCVTBW,,2022
DTX,2022-09-26 14:00,2022-09-29 02:00,2022-09-25 14:07,202209280200,SC,C,Y,54,EXP,LHZ441,391.72052001953125,2022-09-29 01:49,,,,,False,,,,,,,202209251407-KDTX-WHUS73-MWWDTX,KK,2022
MLB,2022-09-26 15:10,2022-09-27 03:21,2022-09-26 15:10,202210171510,TR,C,A,1009,UPG,FLZ045,2604.071533203125,2022-09-27 03:21,,,,,False,,,,,,,202209261510-KMLB-WTUS82-TCVMLB,,2022
MLB,2022-09-26 15:10,2022-09-27 03:21,2022-09-26 15:10,202210171510,TR,C,A,1009,UPG,FLZ058,2013.75390625,2022-09-27 03:21,,,,,False,,,,,,,202209261510-KMLB-WTUS82-TCVMLB,,2022
MFL,2022-09-27 20:59,2022-09-29 03:18,2022-09-27 20:59,202210182059,TR,C,W,1009,CAN,FLZ071,2085.704833984375,2022-09-29 03:18,,,,,False,,,,,,,202209272059-KMFL-WTUS82-TCVMFL,,2022
DLH,2022-09-27 08:00,2022-09-27 21:00,2022-09-27 07:57,202209271200,SC,C,Y,99,EXP,LSZ148,279.439208984375,2022-09-27 20:59,,,,,False,,,,,,,202209270757-KDLH-WHUS73-MWWDLH,,2022
BUF,2022-09-26 08:00,2022-09-28 07:55,2022-09-25 18:36,202209280900,FA,C,A,4,CAN,NYZ085,1520.9808349609375,2022-09-28 07:55,00000,0,ER,OO,False,,,,,,,202209251836-KBUF-WGUS61-FFABUF,Hitchcock,2022
BUF,2022-09-26 07:40,2022-09-28 17:20,2022-09-26 07:40,202209281500,SC,C,Y,91,CAN,LOZ042,860.3956909179688,2022-09-28 17:20,,,,,False,,,,,,,202209260740-KBUF-WHUS71-MWWBUF,,2022
TBW,2022-09-26 21:10,2022-09-27 09:08,2022-09-26 21:10,202210172110,HU,C,A,1009,UPG,FLZ262,1112.4666748046875,2022-09-27 09:08,,,,,False,,,,,,,202209262110-KTBW-WTUS82-TCVTBW,,2022
TBW,2022-09-26 21:10,2022-09-27 09:08,2022-09-26 21:10,202210172110,TR,C,W,1009,UPG,FLZ162,705.6476440429688,2022-09-27 09:08,,,,,False,,,,,,,202209262110-KTBW-WTUS82-TCVTBW,,2022
TBW,2022-09-26 21:10,2022-09-27 09:08,2022-09-26 21:10,202210172110,TR,C,W,1009,UPG,FLZ262,1112.4666748046875,2022-09-27 09:08,,,,,False,,,,,,,202209262110-KTBW-WTUS82-TCVTBW,,2022
TBW,2022-09-26 21:10,2022-09-27 09:08,2022-09-26 21:10,202210172110,HU,C,A,1009,UPG,FLZ162,705.6476440429688,2022-09-27 09:08,,,,,False,,,,,,,202209262110-KTBW-WTUS82-TCVTBW,,2022
DLH,2022-09-27 08:14,2022-09-27 17:00,2022-09-27 08:14,202209271700,SC,C,Y,99,EXP,LSZ147,251.32009887695312,2022-09-27 17:05,,,,,False,,,,,,,202209270814-KDLH-WHUS73-MWWDLH,,2022
LOX,2022-09-26 22:00,2022-09-30 10:00,2022-09-26 08:04,202209271000,SC,C,Y,154,EXP,PZZ670,9895.5126953125,2022-09-30 10:28,,,,,False,,,,,,,202209260804-KLOX-WHUS76-MWWLOX,,2022
JAX,2022-09-26 21:09,2022-09-27 15:16,2022-09-26 21:09,202210172109,TR,C,A,1009,UPG,AMZ474,3355.91845703125,2022-09-27 15:16,,,,,False,,,,,,,202209262109-KJAX-WHUS72-MWWJAX,,2022
KEY,2022-09-26 04:01,2022-09-26 21:14,2022-09-26 04:01,202210170401,TR,C,W,1009,UPG,GMZ055,2426.95703125,2022-09-26 21:14,,,,,False,,,,,,,202209260401-KKEY-WHUS72-MWWKEY,,2022
LIX,2022-09-29 14:00,2022-09-29 08:41,2022-09-27 18:51,202209292300,FW,C,A,2,CAN,LAZ079,1597.1986083984375,2022-09-29 08:41,,,,,False,,,,,,,202209271851-KLIX-WWUS84-RFWLIX,,2022
LIX,2022-09-29 14:00,2022-09-29 08:41,2022-09-27 18:51,202209292300,FW,C,A,2,CAN,LAZ081,741.3682250976562,2022-09-29 08:41,,,,,False,,,,,,,202209271851-KLIX-WWUS84-RFWLIX,,2022
JAN,2022-09-28 14:00,2022-09-27 19:22,2022-09-26 19:46,202209290100,FW,C,A,1,UPG,MSZ065,1075.66748046875,2022-09-27 19:22,,,,,False,,,,,,,202209261946-KJAN-WWUS84-RFWJAN,NF,2022
JAN,2022-09-28 14:00,2022-09-27 19:22,2022-09-26 19:46,202209290100,FW,C,A,1,UPG,MSZ063,1129.3438720703125,2022-09-27 19:22,,,,,False,,,,,,,202209261946-KJAN-WWUS84-RFWJAN,NF,2022
MOB,2022-09-27 11:00,2022-09-28 03:13,2022-09-26 22:43,202209281200,SC,C,Y,42,UPG,GMZ630,457.3597106933594,2022-09-28 03:13,,,,,False,,,,,,,202209262243-KMOB-WHUS74-MWWMOB,,2022
LIX,2022-09-29 14:00,2022-09-29 08:41,2022-09-27 18:51,202209292300,FW,C,A,2,UPG,MSZ081,1501.3670654296875,2022-09-29 08:41,,,,,False,,,,,,,202209271851-KLIX-WWUS84-RFWLIX,,2022
HGX,2022-09-28 10:00,2022-09-30 01:00,2022-09-27 19:46,202209282100,SC,C,Y,62,CON,GMZ375,7498.23046875,2022-09-29 20:23,,,,,False,,,,,,,202209271946-KHGX-WHUS74-MWWHGX,,2022
MFL,2022-09-27 00:19,2022-09-27 00:45,2022-09-27 00:19,202209270045,MA,C,W,336,NEW,AMZ671,10424.37890625,2022-09-27 00:19,,,,,False,,,,,,,202209270019-KMFL-WHUS52-SMWMFL,SB,2022
KEY,2022-09-27 05:32,2022-09-27 06:00,2022-09-27 05:32,202209270600,MA,C,W,393,EXP,GMZ042,657.9878540039062,2022-09-27 05:57,,,,,False,,,,,,,202209270532-KKEY-WHUS52-SMWKEY,JAM,2022
LIX,2022-09-28 14:00,2022-09-27 18:51,2022-09-26 20:19,202209290000,FW,C,A,1,UPG,LAZ046,1692.7193603515625,2022-09-27 18:51,,,,,False,,,,,,,202209262019-KLIX-WWUS84-RFWLIX,,2022
FFC,2022-09-29 12:00,2022-10-01 00:00,2022-09-29 08:57,202209300000,WI,C,Y,9,CON,GAZ111,777.9339599609375,2022-09-30 18:52,,,,,False,,,,,,,202209290857-KFFC-WWUS72-NPWFFC,,2022
TAE,2022-09-27 15:19,2022-09-29 15:11,2022-09-27 15:19,202210181519,TR,C,W,1009,CAN,GMZ772,6182.2119140625,2022-09-29 15:11,,,,,False,,,,,,,202209271519-KTAE-WHUS72-MWWTAE,,2022
TBW,2022-09-29 09:10,2022-09-29 15:30,2022-09-29 09:10,202210200910,TR,C,W,1009,CAN,FLZ151,726.67138671875,2022-09-29 15:30,,,,,False,,,,,,,202209290910-KTBW-WTUS82-TCVTBW,,2022
TBW,2022-09-29 09:10,2022-09-29 15:30,2022-09-29 09:10,202210200910,TR,C,W,1009,CAN,FLZ160,560.7767333984375,2022-09-29 15:30,,,,,False,,,,,,,202209290910-KTBW-WTUS82-TCVTBW,,2022
TBW,2022-09-29 09:10,2022-09-29 15:30,2022-09-29 09:10,202210200910,TR,C,W,1009,CAN,FLZ155,351.63323974609375,2022-09-29 15:30,,,,,False,,,,,,,202209290910-KTBW-WTUS82-TCVTBW,,2022
TBW,2022-09-29 09:10,2022-09-29 15:30,2022-09-29 09:10,202210200910,TR,C,W,1009,CAN,FLZ052,5213.67724609375,2022-09-29 15:30,,,,,False,,,,,,,202209290910-KTBW-WTUS82-TCVTBW,,2022
TBW,2022-09-29 09:10,2022-09-29 15:30,2022-09-29 09:10,202210200910,TR,C,W,1009,CAN,FLZ260,934.0535888671875,2022-09-29 15:30,,,,,False,,,,,,,202209290910-KTBW-WTUS82-TCVTBW,,2022
TBW,2022-09-29 09:10,2022-09-29 15:30,2022-09-29 09:10,202210200910,TR,C,W,1009,CAN,FLZ255,1595.0870361328125,2022-09-29 15:30,,,,,False,,,,,,,202209290910-KTBW-WTUS82-TCVTBW,,2022
MHX,2022-09-29 09:13,2022-10-01 03:19,2022-09-29 09:13,202210200913,TR,C,W,1009,CAN,NCZ195,534.33056640625,2022-10-01 03:19,,,,,False,,,,,,,202209290913-KMHX-WTUS82-TCVMHX,,2022
MOB,2022-09-28 03:13,2022-09-29 09:18,2022-09-28 03:13,202209292300,GL,C,W,7,CAN,GMZ636,211.72811889648438,2022-09-29 09:18,,,,,False,,,,,,,202209280313-KMOB-WHUS74-MWWMOB,,2022
KEY,2022-09-27 06:08,2022-09-27 06:45,2022-09-27 06:08,202209270645,MA,C,W,396,EXP,GMZ031,1551.919189453125,2022-09-27 06:42,,,,,False,,,,,,,202209270608-KKEY-WHUS52-SMWKEY,KBL,2022
GYX,2022-09-26 22:00,2022-09-27 13:39,2022-09-26 07:00,202209271400,SC,C,Y,79,CAN,ANZ152,3859.55859375,2022-09-27 13:39,,,,,False,,,,,,,202209260700-KGYX-WHUS71-MWWGYX,,2022
JAX,2022-09-27 08:50,2022-09-29 09:23,2022-09-27 08:50,202209301800,FA,C,A,5,CAN,FLZ031,777.7763671875,2022-09-29 09:23,00000,0,ER,OO,False,,,,,,,202209270850-KJAX-WGUS62-FFAJAX,HESS,2022
BUF,2022-09-25 20:18,2022-09-28 08:35,2022-09-25 20:18,202209281000,BH,C,S,20,CAN,NYZ085,1520.9808349609375,2022-09-28 08:35,,,,,False,,,,,,,202209252018-KBUF-WHUS41-CFWBUF,JLA,2022
MOB,2022-09-29 16:00,2022-09-29 23:00,2022-09-29 08:46,202209292300,FW,C,W,7,CON,ALZ051,2392.57177734375,2022-09-29 10:30,,,,,False,,,,,,,202209290846-KMOB-WWUS84-RFWMOB,,2022
TAE,2022-09-27 09:01,2022-09-27 21:04,2022-09-27 09:01,202210180901,TR,C,A,1009,UPG,FLZ034,1212.5528564453125,2022-09-27 21:04,,,,,False,,,,,,,202209270901-KTAE-WTUS82-TCVTAE,,2022
LIX,2022-09-28 14:00,2022-09-27 18:51,2022-09-26 20:19,202209290000,FW,C,A,1,UPG,LAZ070,1101.229248046875,2022-09-27 18:51,,,,,False,,,,,,,202209262019-KLIX-WWUS84-RFWLIX,,2022
LIX,2022-09-28 14:00,2022-09-27 18:51,2022-09-26 20:19,202209290000,FW,C,A,1,UPG,LAZ034,1529.5325927734375,2022-09-27 18:51,,,,,False,,,,,,,202209262019-KLIX-WWUS84-RFWLIX,,2022
JAN,2022-09-28 14:00,2022-09-27 19:22,2022-09-26 19:46,202209290100,FW,C,A,1,UPG,LAZ008,933.6516723632812,2022-09-27 19:22,,,,,False,,,,,,,202209261946-KJAN-WWUS84-RFWJAN,NF,2022
JAN,2022-09-28 14:00,2022-09-27 19:22,2022-09-26 19:46,202209290100,FW,C,A,1,UPG,LAZ007,2086.81982421875,2022-09-27 19:22,,,,,False,,,,,,,202209261946-KJAN-WWUS84-RFWJAN,NF,2022
JAN,2022-09-28 14:00,2022-09-27 19:22,2022-09-26 19:46,202209290100,FW,C,A,1,UPG,MSZ032,1087.848876953125,2022-09-27 19:22,,,,,False,,,,,,,202209261946-KJAN-WWUS84-RFWJAN,NF,2022
JAN,2022-09-28 14:00,2022-09-27 19:22,2022-09-26 19:46,202209290100,FW,C,A,1,UPG,LAZ015,1463.833984375,2022-09-27 19:22,,,,,False,,,,,,,202209261946-KJAN-WWUS84-RFWJAN,NF,2022
MLB,2022-09-26 18:29,2022-09-30 02:00,2022-09-26 18:29,202209300600,FA,C,A,2,EXP,FLZ141,654.7750854492188,2022-09-30 02:11,00000,0,ER,OO,False,,,,,,,202209261829-KMLB-WGUS62-FFAMLB,Schaper/Smith,2022
MLB,2022-09-26 18:29,2022-09-29 18:15,2022-09-26 18:29,202209300600,FA,C,A,2,CAN,FLZ053,3908.38330078125,2022-09-29 18:15,00000,0,ER,OO,False,,,,,,,202209261829-KMLB-WGUS62-FFAMLB,Schaper/Smith,2022
KEY,2022-09-27 07:22,2022-09-27 11:30,2022-09-27 07:22,202209270930,FA,C,Y,5,EXT,FLC087,2018.628662109375,2022-09-27 09:24,00000,N,ER,OO,False,,,,,,,202209270722-KKEY-WGUS82-FLSKEY,Jacobson,2022
MLB,2022-09-27 09:31,2022-09-28 15:30,2022-09-27 09:31,202210180931,TR,C,W,1009,UPG,FLZ447,446.071044921875,2022-09-28 15:30,,,,,False,,,,,,,202209270931-KMLB-WTUS82-TCVMLB,,2022
MLB,2022-09-27 09:31,2022-09-29 18:30,2022-09-27 09:31,202210180931,TR,C,W,1009,CAN,FLZ259,1107.533203125,2022-09-29 18:30,,,,,False,,,,,,,202209270931-KMLB-WTUS82-TCVMLB,,2022
MFL,2022-09-29 09:29,2022-09-29 12:20,2022-09-29 09:29,202209300000,CF,C,S,7,CAN,FLZ174,1006.6227416992188,2022-09-29 12:20,,,,,False,,,,,,,202209290929-KMFL-WHUS42-CFWMFL,,2022
TBW,2022-09-29 09:10,2022-09-29 15:30,2022-09-29 09:10,202210200910,TR,C,W,1009,CAN,FLZ165,792.4913330078125,2022-09-29 15:30,,,,,False,,,,,,,202209290910-KTBW-WTUS82-TCVTBW,,2022
TBW,2022-09-29 09:10,2022-09-29 15:30,2022-09-29 09:10,202210200910,TR,C,W,1009,CAN,FLZ262,1112.4666748046875,2022-09-29 15:30,,,,,False,,,,,,,202209290910-KTBW-WTUS82-TCVTBW,,2022
TBW,2022-09-29 09:10,2022-09-29 15:30,2022-09-29 09:10,202210200910,TR,C,W,1009,CAN,FLZ056,1655.9881591796875,2022-09-29 15:30,,,,,False,,,,,,,202209290910-KTBW-WTUS82-TCVTBW,,2022
TBW,2022-09-29 09:10,2022-09-29 15:30,2022-09-29 09:10,202210200910,TR,C,W,1009,CAN,FLZ057,2869.966796875,2022-09-29 15:30,,,,,False,,,,,,,202209290910-KTBW-WTUS82-TCVTBW,,2022
MLB,2022-09-29 03:48,2022-09-29 14:45,2022-09-29 03:48,202209290645,FF,C,W,1,EXP,FLC097,3908.311279296875,2022-09-29 14:42,00000,0,ER,OO,False,,,,,,,202209290348-KMLB-WGUS52-FFWMLB,CL,2022
GRB,2022-09-29 06:00,2022-09-29 13:00,2022-09-28 19:33,202209291300,FR,C,Y,7,EXP,WIZ050,1540.5133056640625,2022-09-29 12:48,,,,,False,,,,,,,202209281933-KGRB-WWUS73-NPWGRB,"For more information, vi",2022
CAR,2022-09-27 00:00,2022-09-27 15:24,2022-09-26 06:20,202209271400,SC,C,Y,73,CAN,ANZ051,1918.149658203125,2022-09-27 15:24,,,,,False,,,,,,,202209260620-KCAR-WHUS71-MWWCAR,,2022
TBW,2022-09-26 21:10,2022-09-27 15:16,2022-09-26 21:10,202210172110,SS,C,A,1009,UPG,FLZ149,323.91094970703125,2022-09-27 15:16,,,,,False,,,,,,,202209262110-KTBW-WTUS82-TCVTBW,,2022
TBW,2022-09-26 21:10,2022-09-27 21:27,2022-09-26 21:10,202210172110,HU,C,A,1009,CAN,FLZ139,967.8929443359375,2022-09-27 21:27,,,,,False,,,,,,,202209262110-KTBW-WTUS82-TCVTBW,,2022
TBW,2022-09-26 21:10,2022-09-27 21:27,2022-09-26 21:10,202210172110,HU,C,A,1009,CAN,FLZ242,1240.0157470703125,2022-09-27 21:27,,,,,False,,,,,,,202209262110-KTBW-WTUS82-TCVTBW,,2022
MEG,2022-09-28 17:00,2022-09-27 20:27,2022-09-26 20:07,202209290000,FW,C,A,1,UPG,MSZ024,2000.09228515625,2022-09-27 20:27,,,,,False,,,,,,,202209262007-KMEG-WWUS84-RFWMEG,,2022
CHS,2022-09-28 19:54,2022-10-01 02:15,2022-09-27 21:18,202210020000,SU,C,Y,4,CAN,SCZ051,330.49554443359375,2022-10-01 02:15,,,,,False,,,,,,,202209272118-KCHS-WHUS42-CFWCHS,,2022
CHS,2022-09-28 19:54,2022-10-01 02:15,2022-09-27 21:18,202210020000,SU,C,Y,4,CAN,GAZ139,147.54722595214844,2022-10-01 02:15,,,,,False,,,,,,,202209272118-KCHS-WHUS42-CFWCHS,,2022
CHS,2022-09-28 12:00,2022-10-01 00:00,2022-09-27 21:18,202209300000,RP,C,S,6,EXP,SCZ051,330.49554443359375,2022-10-01 00:03,,,,,False,,,,,,,202209272118-KCHS-WHUS42-CFWCHS,,2022
CHS,2022-09-28 12:00,2022-10-01 00:00,2022-09-27 21:18,202209300000,RP,C,S,6,EXP,SCZ050,2561.243896484375,2022-10-01 00:03,,,,,False,,,,,,,202209272118-KCHS-WHUS42-CFWCHS,,2022
MHX,2022-09-24 04:28,2022-09-25 00:00,2022-09-24 04:28,202209250000,BH,C,S,49,CON,NCZ203,153.71507263183594,2022-09-24 09:03,,,,,False,,,,,,,202209240428-KMHX-WHUS42-CFWMHX,,2022
CLE,2022-09-25 12:00,2022-09-29 08:00,2022-09-25 08:11,202209281200,BH,C,S,25,EXP,OHZ012,599.0595703125,2022-09-29 08:02,,,,,False,,,,,,,202209250811-KCLE-WHUS41-CFWCLE,,2022
KEY,2022-09-27 11:52,2022-09-27 18:23,2022-09-27 11:52,202209271545,FA,C,Y,6,CAN,FLC087,2018.628662109375,2022-09-27 18:23,00000,N,ER,OO,False,,,,,,,202209271152-KKEY-WGUS82-FLSKEY,TW,2022
MHX,2022-09-25 18:00,2022-09-26 10:00,2022-09-24 20:00,202209260900,SC,C,Y,76,CON,AMZ135,4205.1591796875,2022-09-26 06:30,,,,,False,,,,,,,202209242000-KMHX-WHUS72-MWWMHX,,2022
MHX,2022-09-25 18:00,2022-09-26 14:00,2022-09-24 20:00,202209261200,SC,C,Y,76,EXP,AMZ152,2046.7967529296875,2022-09-26 14:06,,,,,False,,,,,,,202209242000-KMHX-WHUS72-MWWMHX,,2022
MHX,2022-09-25 18:00,2022-09-26 10:00,2022-09-24 20:00,202209260900,SC,C,Y,76,CON,AMZ150,1704.2294921875,2022-09-26 06:30,,,,,False,,,,,,,202209242000-KMHX-WHUS72-MWWMHX,,2022
MHX,2022-09-25 20:00,2022-09-26 14:00,2022-09-24 20:00,202209260900,SC,C,Y,76,EXP,AMZ158,4143.7119140625,2022-09-26 14:06,,,,,False,,,,,,,202209242000-KMHX-WHUS72-MWWMHX,,2022
MHX,2022-09-25 20:00,2022-09-26 14:00,2022-09-24 20:00,202209260900,SC,C,Y,76,EXP,AMZ156,2739.025634765625,2022-09-26 14:06,,,,,False,,,,,,,202209242000-KMHX-WHUS72-MWWMHX,,2022
MHX,2022-09-25 22:00,2022-09-26 01:57,2022-09-25 06:19,202209260400,SC,C,Y,76,CAN,AMZ137,585.7661743164062,2022-09-26 01:57,,,,,False,,,,,,,202209250619-KMHX-WHUS72-MWWMHX,,2022
MHX,2022-09-25 22:00,2022-09-26 06:00,2022-09-25 06:19,202209260400,SC,C,Y,76,EXT,AMZ131,269.5450439453125,2022-09-26 01:57,,,,,False,,,,,,,202209250619-KMHX-WHUS72-MWWMHX,,2022
MHX,2022-09-25 22:00,2022-09-26 06:00,2022-09-25 06:19,202209260400,SC,C,Y,76,EXT,AMZ230,1176.0460205078125,2022-09-26 01:57,,,,,False,,,,,,,202209250619-KMHX-WHUS72-MWWMHX,,2022
MHX,2022-09-28 08:00,2022-09-28 08:41,2022-09-27 07:28,202209291200,SC,C,Y,77,UPG,AMZ158,4143.7119140625,2022-09-28 08:41,,,,,False,,,,,,,202209270728-KMHX-WHUS72-MWWMHX,,2022
PHI,2022-09-29 10:20,2022-09-30 17:05,2022-09-29 07:16,202210011000,SC,C,Y,79,CAN,ANZ454,818.2506103515625,2022-09-30 17:05,,,,,False,,,,,,,202209290716-KPHI-WHUS71-MWWPHI,MPS,2022
MHX,2022-09-28 11:08,2022-09-28 21:09,2022-09-27 19:42,202209291200,SC,C,Y,77,UPG,AMZ137,585.7661743164062,2022-09-28 21:09,,,,,False,,,,,,,202209271942-KMHX-WHUS72-MWWMHX,,2022
MHX,2022-09-28 11:08,2022-09-28 21:09,2022-09-27 19:42,202209291200,SC,C,Y,77,UPG,AMZ152,2046.7967529296875,2022-09-28 21:09,,,,,False,,,,,,,202209271942-KMHX-WHUS72-MWWMHX,,2022
MHX,2022-09-28 11:08,2022-09-28 21:09,2022-09-27 19:42,202209291200,SC,C,Y,77,UPG,AMZ135,4205.1591796875,2022-09-28 21:09,,,,,False,,,,,,,202209271942-KMHX-WHUS72-MWWMHX,,2022
MHX,2022-09-29 09:13,2022-10-01 03:19,2022-09-29 09:13,202210200913,TR,C,W,1009,CAN,NCZ199,494.9266052246094,2022-10-01 03:19,,,,,False,,,,,,,202209290913-KMHX-WTUS82-TCVMHX,,2022
BUF,2022-09-26 07:41,2022-09-28 08:35,2022-09-26 07:41,202209281000,BH,C,S,20,CAN,NYZ007,3312.804443359375,2022-09-28 08:35,,,,,False,,,,,,,202209260741-KBUF-WHUS41-CFWBUF,,2022
MHX,2022-09-29 09:55,2022-10-01 06:55,2022-09-29 09:55,202210200955,TR,C,W,1009,CAN,AMZ158,4143.7119140625,2022-10-01 06:55,,,,,False,,,,,,,202209290955-KMHX-WHUS72-MWWMHX,,2022
ILM,2022-09-29 15:09,2022-10-01 02:59,2022-09-29 15:09,202210201509,TR,C,W,1009,CAN,NCZ087,2463.640625,2022-10-01 02:59,,,,,False,,,,,,,202209291509-KILM-WTUS82-TCVILM,,2022
MFL,2022-09-27 16:21,2022-09-27 19:30,2022-09-27 16:21,202209271930,FA,C,Y,239,CON,FLC086,5094.58447265625,2022-09-27 18:00,00000,N,ER,OO,False,,,,,,,202209271621-KMFL-WGUS82-FLSMFL,BAXTER,2022
RAH,2022-09-29 15:07,2022-10-01 03:00,2022-09-29 15:07,202210201507,TR,C,W,1009,CAN,NCZ043,969.418212890625,2022-10-01 03:00,,,,,False,,,,,,,202209291507-KRAH-WTUS82-TCVRAH,,2022
MHX,2022-09-29 09:56,2022-09-29 15:06,2022-09-29 09:56,202209302100,WI,C,Y,10,CAN,NCZ203,153.71507263183594,2022-09-29 15:06,,,,,False,,,,,,,202209290956-KMHX-WWUS72-NPWMHX,,2022
TBW,2022-09-29 16:25,2022-09-30 18:00,2022-09-29 16:25,202209301800,SC,C,Y,23,CON,GMZ873,9202.119140625,2022-09-30 07:59,,,,,False,,,,,,,202209291625-KTBW-WHUS72-MWWTBW,,2022
MFL,2022-09-27 17:11,2022-09-27 17:45,2022-09-27 17:11,202209271745,MA,C,W,348,EXP,AMZ671,10424.37890625,2022-09-27 17:37,,,,,False,,,,,,,202209271711-KMFL-WHUS52-SMWMFL,MFL,2022
CHS,2022-09-28 03:27,2022-09-29 15:10,2022-09-28 03:27,202210190327,TR,C,W,1009,UPG,AMZ330,37.45634460449219,2022-09-29 15:10,,,,,False,,,,,,,202209280327-KCHS-WHUS72-MWWCHS,,2022
CAR,2022-09-27 18:08,2022-09-27 18:28,2022-09-27 18:08,202209271845,SV,C,W,76,CAN,MEC029,7168.921875,2022-09-27 18:28,,,,,False,,,,,,,202209271808-KCAR-WUUS51-SVRCAR,Sinko,2022
MHX,2022-09-29 12:00,2022-09-29 09:55,2022-09-28 08:41,202210010900,SC,C,Y,77,UPG,AMZ136,460.9947509765625,2022-09-29 09:55,,,,,False,,,,,,,202209280841-KMHX-WHUS72-MWWMHX,,2022
MHX,2022-09-29 09:56,2022-09-29 15:06,2022-09-29 09:56,202209301500,WI,C,Y,10,CAN,NCZ204,24.789817810058594,2022-09-29 15:06,,,,,False,,,,,,,202209290956-KMHX-WWUS72-NPWMHX,,2022
MHX,2022-09-29 15:03,2022-10-01 03:19,2022-09-29 15:03,202210201503,TR,C,W,1009,CAN,NCZ091,1041.3890380859375,2022-10-01 03:19,,,,,False,,,,,,,202209291503-KMHX-WTUS82-TCVMHX,,2022
MHX,2022-09-29 15:03,2022-10-01 03:19,2022-09-29 15:03,202210201503,SS,C,A,1009,CAN,NCZ198,1495.770263671875,2022-10-01 03:19,,,,,False,,,,,,,202209291503-KMHX-WTUS82-TCVMHX,,2022
MHX,2022-09-29 12:00,2022-09-28 08:41,2022-09-27 19:42,202210010000,GL,C,A,12,UPG,AMZ156,2739.025634765625,2022-09-28 08:41,,,,,False,,,,,,,202209271942-KMHX-WHUS72-MWWMHX,,2022
MHX,2022-09-29 18:00,2022-09-28 22:08,2022-09-28 09:09,202210011200,CF,C,A,2,UPG,NCZ080,2155.989501953125,2022-09-28 22:08,,,,,False,,,,,,,202209280909-KMHX-WHUS42-CFWMHX,,2022
MHX,2022-09-29 18:00,2022-09-28 22:08,2022-09-28 09:09,202210011200,CF,C,A,2,UPG,NCZ194,787.337158203125,2022-09-28 22:08,,,,,False,,,,,,,202209280909-KMHX-WHUS42-CFWMHX,,2022
MHX,2022-09-29 21:00,2022-09-28 21:09,2022-09-27 19:42,202210010000,GL,C,A,12,UPG,AMZ152,2046.7967529296875,2022-09-28 21:09,,,,,False,,,,,,,202209271942-KMHX-WHUS72-MWWMHX,,2022
MFL,2022-09-27 19:01,2022-09-27 19:30,2022-09-27 19:01,202209271930,MA,C,W,350,EXP,AMZ671,10424.37890625,2022-09-27 19:26,,,,,False,,,,,,,202209271901-KMFL-WHUS52-SMWMFL,MFL,2022
LIX,2022-09-28 03:00,2022-09-29 23:00,2022-09-27 16:08,202209292300,GL,C,W,8,EXP,GMZ575,7745.11767578125,2022-09-29 23:09,,,,,False,,,,,,,202209271608-KLIX-WHUS74-MWWLIX,,2022
CHS,2022-09-28 03:27,2022-09-29 15:10,2022-09-28 03:27,202210190327,TR,C,W,1009,UPG,AMZ352,2837.103759765625,2022-09-29 15:10,,,,,False,,,,,,,202209280327-KCHS-WHUS72-MWWCHS,,2022
MFL,2022-09-27 21:31,2022-09-27 22:00,2022-09-27 21:31,202209272200,MA,C,W,353,EXP,GMZ657,3775.7763671875,2022-09-27 21:54,,,,,False,,,,,,,202209272131-KMFL-WHUS52-SMWMFL,MFL,2022
TBW,2022-09-26 21:00,2022-09-29 08:51,2022-09-26 20:59,202209300600,FA,C,A,3,CAN,FLZ061,1659.14013671875,2022-09-29 08:51,00000,0,ER,OO,False,,,,,,,202209262059-KTBW-WGUS62-FFATBW,TBW,2022
BMX,2022-09-27 19:12,2022-09-28 00:00,2022-09-27 19:12,202209280000,FW,C,W,1,NEW,ALZ021,1453.9110107421875,2022-09-27 19:12,,,,,False,,,,,,,202209271912-KBMX-WWUS84-RFWBMX,,2022
TBW,2022-09-26 21:00,2022-09-29 08:51,2022-09-26 20:59,202209300600,FA,C,A,3,CAN,FLZ142,374.01318359375,2022-09-29 08:51,00000,0,ER,OO,False,,,,,,,202209262059-KTBW-WGUS62-FFATBW,TBW,2022
TBW,2022-09-26 09:13,2022-09-26 21:17,2022-09-26 09:13,202210170913,HU,C,A,1009,UPG,GMZ873,9202.119140625,2022-09-26 21:17,,,,,False,,,,,,,202209260913-KTBW-WHUS72-MWWTBW,,2022
MLB,2022-09-26 21:16,2022-09-27 15:19,2022-09-26 21:16,202210172116,TR,C,A,1009,UPG,FLZ141,654.7750854492188,2022-09-27 15:19,,,,,False,,,,,,,202209262116-KMLB-WTUS82-TCVMLB,,2022
MLB,2022-09-26 21:16,2022-09-27 09:31,2022-09-26 21:16,202210172116,TR,C,A,1009,UPG,FLZ547,1152.2489013671875,2022-09-27 09:31,,,,,False,,,,,,,202209262116-KMLB-WTUS82-TCVMLB,,2022
MLB,2022-09-26 21:16,2022-09-27 09:31,2022-09-26 21:16,202210172116,TR,C,A,1009,UPG,FLZ264,1087.8250732421875,2022-09-27 09:31,,,,,False,,,,,,,202209262116-KMLB-WTUS82-TCVMLB,,2022
LIX,2022-09-29 14:00,2022-09-29 08:41,2022-09-27 18:51,202209292300,FW,C,A,2,CAN,LAZ087,346.44677734375,2022-09-29 08:41,,,,,False,,,,,,,202209271851-KLIX-WWUS84-RFWLIX,,2022
LIX,2022-09-29 14:00,2022-09-29 08:41,2022-09-27 18:51,202209292300,FW,C,A,2,CAN,LAZ086,216.17257690429688,2022-09-29 08:41,,,,,False,,,,,,,202209271851-KLIX-WWUS84-RFWLIX,,2022
LIX,2022-09-29 14:00,2022-09-29 08:41,2022-09-27 18:51,202209292300,FW,C,A,2,CAN,LAZ085,569.2479858398438,2022-09-29 08:41,,,,,False,,,,,,,202209271851-KLIX-WWUS84-RFWLIX,,2022
TBW,2022-09-26 22:54,2022-09-27 01:00,2022-09-26 22:54,202209270100,FA,C,Y,120,NEW,FLC057,2771.680908203125,2022-09-26 22:54,00000,N,ER,OO,False,,,,,,,202209262254-KTBW-WGUS82-FLSTBW,TBW,2022
LIX,2022-09-26 22:57,2022-09-26 23:45,2022-09-26 22:57,202209262345,MA,C,W,419,NEW,GMZ570,8646.109375,2022-09-26 22:57,,,,,False,,,,,,,202209262257-KLIX-WHUS54-SMWLIX,Frye,2022
BUF,2022-09-26 22:53,2022-09-26 23:45,2022-09-26 22:53,202209262345,MA,C,W,112,EXP,LEZ041,564.8111572265625,2022-09-26 23:48,,,,,False,,,,,,,202209262253-KBUF-WHUS51-SMWBUF,Thomas,2022
BUF,2022-09-26 22:53,2022-09-26 23:45,2022-09-26 22:53,202209262345,MA,C,W,112,EXP,LEZ040,342.593505859375,2022-09-26 23:48,,,,,False,,,,,,,202209262253-KBUF-WHUS51-SMWBUF,Thomas,2022
GRR,2022-09-26 00:00,2022-09-27 00:00,2022-09-25 14:54,202209270000,GL,C,W,21,EXP,LMZ847,299.12005615234375,2022-09-26 23:49,,,,,False,,,,,,,202209251454-KGRR-WHUS73-MWWGRR,,2022
GRR,2022-09-26 00:00,2022-09-27 00:00,2022-09-25 14:54,202209270000,GL,C,W,21,EXP,LMZ844,284.08349609375,2022-09-26 23:49,,,,,False,,,,,,,202209251454-KGRR-WHUS73-MWWGRR,,2022
MFL,2022-09-27 02:08,2022-09-27 03:00,2022-09-27 02:08,202209270300,MA,C,W,341,EXP,AMZ671,10424.37890625,2022-09-27 02:50,,,,,False,,,,,,,202209270208-KMFL-WHUS52-SMWMFL,ATV,2022
MFL,2022-09-27 01:37,2022-09-27 02:15,2022-09-27 01:37,202209270215,MA,C,W,340,NEW,AMZ671,10424.37890625,2022-09-27 01:37,,,,,False,,,,,,,202209270137-KMFL-WHUS52-SMWMFL,ATV,2022
MPX,2022-09-27 09:00,2022-09-27 13:00,2022-09-26 19:23,202209271300,FR,C,Y,3,CON,MNZ053,1143.2257080078125,2022-09-27 08:06,,,,,False,,,,,,,202209261923-KMPX-WWUS73-NPWMPX,,2022
LIX,2022-09-27 14:00,2022-09-28 00:00,2022-09-26 20:19,202209280000,FW,C,W,3,CON,LAZ081,741.3682250976562,2022-09-27 18:51,,,,,False,,,,,,,202209262019-KLIX-WWUS84-RFWLIX,,2022
LIX,2022-09-27 14:00,2022-09-28 00:00,2022-09-26 20:19,202209280000,FW,C,W,3,CON,LAZ047,529.8381958007812,2022-09-27 18:51,,,,,False,,,,,,,202209262019-KLIX-WWUS84-RFWLIX,,2022
LIX,2022-09-27 14:00,2022-09-28 00:00,2022-09-26 20:19,202209280000,FW,C,W,3,CON,LAZ080,364.2966613769531,2022-09-27 18:51,,,,,False,,,,,,,202209262019-KLIX-WWUS84-RFWLIX,,2022
LIX,2022-09-27 14:00,2022-09-28 00:00,2022-09-26 20:19,202209280000,FW,C,W,3,CON,MSZ070,1064.796875,2022-09-27 18:51,,,,,False,,,,,,,202209262019-KLIX-WWUS84-RFWLIX,,2022
LIX,2022-09-27 14:00,2022-09-28 00:00,2022-09-26 20:19,202209280000,FW,C,W,3,CON,LAZ085,569.2479858398438,2022-09-27 18:51,,,,,False,,,,,,,202209262019-KLIX-WWUS84-RFWLIX,,2022
LIX,2022-09-27 14:00,2022-09-28 00:00,2022-09-26 20:19,202209280000,FW,C,W,3,CON,LAZ088,392.6041259765625,2022-09-27 18:51,,,,,False,,,,,,,202209262019-KLIX-WWUS84-RFWLIX,,2022
JAX,2022-09-27 20:34,2022-09-29 09:23,2022-09-27 20:34,202210010600,FA,C,A,5,CAN,GAZ154,488.05682373046875,2022-09-29 09:23,00000,0,ER,OO,False,,,,,,,202209272034-KJAX-WGUS62-FFAJAX,23,2022
JAX,2022-09-27 20:34,2022-09-29 09:23,2022-09-27 20:34,202210010600,FA,C,A,5,CAN,GAZ165,987.2612915039062,2022-09-29 09:23,00000,0,ER,OO,False,,,,,,,202209272034-KJAX-WGUS62-FFAJAX,23,2022
KEY,2022-09-27 04:23,2022-09-27 05:00,2022-09-27 04:23,202209270500,MA,C,W,392,EXP,GMZ032,2121.407470703125,2022-09-27 04:59,,,,,False,,,,,,,202209270423-KKEY-WHUS52-SMWKEY,JAM,2022
MOB,2022-09-28 03:13,2022-09-29 09:18,2022-09-28 03:13,202209292300,GL,C,W,7,CAN,GMZ634,490.9412841796875,2022-09-29 09:18,,,,,False,,,,,,,202209280313-KMOB-WHUS74-MWWMOB,,2022
MFL,2022-09-25 11:14,2022-09-29 09:29,2022-09-25 11:14,202209260600,CF,C,S,6,CAN,FLZ173,557.966064453125,2022-09-29 09:29,,,,,False,,,,,,,202209251114-KMFL-WHUS42-CFWMFL,,2022
LCH,2022-09-27 03:00,2022-09-29 22:00,2022-09-26 20:10,202209271500,SC,C,Y,35,EXP,GMZ470,6223.79150390625,2022-09-29 22:02,,,,,False,,,,,,,202209262010-KLCH-WHUS74-MWWLCH,,2022
LWX,2022-09-27 13:00,2022-09-28 00:00,2022-09-27 05:40,202209280000,SC,C,Y,188,EXP,ANZ530,295.01409912109375,2022-09-27 23:38,,,,,False,,,,,,,202209270540-KLWX-WHUS71-MWWLWX,,2022
JAX,2022-09-29 09:27,2022-09-29 20:54,2022-09-29 09:27,202209292200,FA,C,A,6,CAN,FLZ125,918.8072509765625,2022-09-29 20:54,00000,0,ER,OO,False,,,,,,,202209290927-KJAX-WGUS62-FFAJAX,CHANEY,2022
JAX,2022-09-29 09:27,2022-09-29 20:54,2022-09-29 09:27,202209292200,FA,C,A,6,CAN,FLZ325,299.30718994140625,2022-09-29 20:54,00000,0,ER,OO,False,,,,,,,202209290927-KJAX-WGUS62-FFAJAX,CHANEY,2022
JAX,2022-09-29 09:27,2022-09-29 20:54,2022-09-29 09:27,202209292200,FA,C,A,6,CAN,FLZ024,1328.9837646484375,2022-09-29 20:54,00000,0,ER,OO,False,,,,,,,202209290927-KJAX-WGUS62-FFAJAX,CHANEY,2022
KEY,2022-09-27 05:32,2022-09-27 06:00,2022-09-27 05:32,202209270600,MA,C,W,393,EXP,GMZ052,2480.46630859375,2022-09-27 05:57,,,,,False,,,,,,,202209270532-KKEY-WHUS52-SMWKEY,JAM,2022
KEY,2022-09-27 05:56,2022-09-27 06:30,2022-09-27 05:56,202209270630,MA,C,W,394,EXP,GMZ072,6507.1220703125,2022-09-27 06:20,,,,,False,,,,,,,202209270556-KKEY-WHUS52-SMWKEY,JAM,2022
HGX,2022-09-29 09:32,2022-09-29 15:00,2022-09-29 09:32,202209291500,SC,C,Y,63,NEW,GMZ355,4297.94384765625,2022-09-29 09:32,,,,,False,,,,,,,202209290932-KHGX-WHUS74-MWWHGX,,2022
MFL,2022-09-26 20:43,2022-09-27 21:01,2022-09-26 20:43,202209300000,RP,C,S,32,CAN,FLZ172,195.8022003173828,2022-09-27 21:01,,,,,False,,,,,,,202209262043-KMFL-WHUS42-CFWMFL,,2022
GYX,2022-09-26 22:00,2022-09-27 13:39,2022-09-26 07:00,202209271400,SC,C,Y,79,CAN,ANZ150,2186.528076171875,2022-09-27 13:39,,,,,False,,,,,,,202209260700-KGYX-WHUS71-MWWGYX,,2022
MFL,2022-09-26 20:43,2022-09-27 21:01,2022-09-26 20:43,202209300000,RP,C,S,32,CAN,FLZ173,557.966064453125,2022-09-27 21:01,,,,,False,,,,,,,202209262043-KMFL-WHUS42-CFWMFL,,2022
MFL,2022-09-26 21:00,2022-09-29 00:40,2022-09-26 20:41,202209291200,FA,C,A,3,CAN,FLZ072,880.1738891601562,2022-09-29 00:40,00000,0,ER,OO,False,,,,,,,202209262041-KMFL-WGUS62-FFAMFL,CWC,2022
GRB,2022-09-29 06:00,2022-09-29 13:00,2022-09-28 19:33,202209291300,FR,C,Y,7,EXP,WIZ048,1495.7315673828125,2022-09-29 12:48,,,,,False,,,,,,,202209281933-KGRB-WWUS73-NPWGRB,"For more information, vi",2022
TAE,2022-09-26 21:33,2022-09-27 15:19,2022-09-26 21:33,202210172133,TR,C,A,1009,UPG,GMZ755,3825.76904296875,2022-09-27 15:19,,,,,False,,,,,,,202209262133-KTAE-WHUS72-MWWTAE,,2022
JAN,2022-09-28 14:00,2022-09-27 19:22,2022-09-26 19:46,202209290100,FW,C,A,1,UPG,MSZ055,1530.54296875,2022-09-27 19:22,,,,,False,,,,,,,202209261946-KJAN-WWUS84-RFWJAN,NF,2022
JAN,2022-09-28 14:00,2022-09-27 19:22,2022-09-26 19:46,202209290100,FW,C,A,1,UPG,MSZ054,2020.1859130859375,2022-09-27 19:22,,,,,False,,,,,,,202209261946-KJAN-WWUS84-RFWJAN,NF,2022
DVN,2022-09-29 06:00,2022-09-29 12:00,2022-09-28 20:00,202209291200,FR,C,Y,3,EXP,IAZ052,1873.4979248046875,2022-09-29 11:57,,,,,False,,,,,,,202209282000-KDVN-WWUS73-NPWDVN,,2022
MLB,2022-09-26 18:29,2022-09-29 11:41,2022-09-26 18:29,202209300600,FA,C,A,2,CAN,FLZ254,913.12841796875,2022-09-29 11:41,00000,0,ER,OO,False,,,,,,,202209261829-KMLB-WGUS62-FFAMLB,Schaper/Smith,2022
MLB,2022-09-26 18:29,2022-09-29 11:41,2022-09-26 18:29,202209300600,FA,C,A,2,CAN,FLZ259,1107.533203125,2022-09-29 11:41,00000,0,ER,OO,False,,,,,,,202209261829-KMLB-WGUS62-FFAMLB,Schaper/Smith,2022
MLB,2022-09-26 18:29,2022-09-29 11:41,2022-09-26 18:29,202209300600,FA,C,A,2,CAN,FLZ164,359.5745544433594,2022-09-29 11:41,00000,0,ER,OO,False,,,,,,,202209261829-KMLB-WGUS62-FFAMLB,Schaper/Smith,2022
MLB,2022-09-26 18:29,2022-09-29 18:15,2022-09-26 18:29,202209300600,FA,C,A,2,CAN,FLZ044,1612.4522705078125,2022-09-29 18:15,00000,0,ER,OO,False,,,,,,,202209261829-KMLB-WGUS62-FFAMLB,Schaper/Smith,2022
MLB,2022-09-26 18:29,2022-09-30 02:00,2022-09-26 18:29,202209300600,FA,C,A,2,EXP,FLZ347,226.41384887695312,2022-09-30 02:11,00000,0,ER,OO,False,,,,,,,202209261829-KMLB-WGUS62-FFAMLB,Schaper/Smith,2022
MLB,2022-09-29 12:18,2022-09-29 16:15,2022-09-29 12:18,202209291615,FF,C,W,9,EXP,FLC069,2999.386474609375,2022-09-29 16:11,00000,0,ER,OO,False,,,,,,,202209291218-KMLB-WGUS52-FFWMLB,JS,2022
MFL,2022-09-29 06:09,2022-09-30 08:24,2022-09-29 06:09,202209301200,SC,C,Y,31,CAN,GMZ676,4736.71826171875,2022-09-30 08:24,,,,,False,,,,,,,202209290609-KMFL-WHUS72-MWWMFL,,2022
AFG,2022-09-29 13:31,2022-09-29 22:43,2022-09-29 13:31,202209300000,WI,C,Y,32,CAN,AKZ225,18726.2890625,2022-09-29 22:43,,,,,False,,,,,,,202209291331-PAFG-WWAK73-NPWAFG,,2022
MLB,2022-09-29 07:24,2022-09-29 15:30,2022-09-29 07:24,202209291030,FF,C,W,5,EXP,FLC097,3908.311279296875,2022-09-29 15:28,00000,0,ER,OO,False,,,,,,,202209290724-KMLB-WGUS52-FFWMLB,CL,2022
TBW,2022-09-26 21:10,2022-09-27 21:27,2022-09-26 21:10,202210172110,HU,C,A,1009,CAN,FLZ149,323.91094970703125,2022-09-27 21:27,,,,,False,,,,,,,202209262110-KTBW-WTUS82-TCVTBW,,2022
TBW,2022-09-27 09:08,2022-09-29 15:30,2022-09-27 09:08,202210180908,TR,C,W,1009,CAN,FLZ242,1240.0157470703125,2022-09-29 15:30,,,,,False,,,,,,,202209270908-KTBW-WTUS82-TCVTBW,,2022
TBW,2022-09-27 09:08,2022-09-29 15:30,2022-09-27 09:08,202210180908,TR,C,W,1009,CAN,FLZ139,967.8929443359375,2022-09-29 15:30,,,,,False,,,,,,,202209270908-KTBW-WTUS82-TCVTBW,,2022
MFL,2022-09-27 09:02,2022-09-27 15:10,2022-09-27 09:02,202210180902,TR,C,A,1009,UPG,FLZ168,297.02288818359375,2022-09-27 15:10,,,,,False,,,,,,,202209270902-KMFL-WTUS82-TCVMFL,,2022
MFL,2022-09-27 09:02,2022-09-27 20:59,2022-09-27 09:02,202210180902,TR,C,A,1009,UPG,FLZ073,2967.80224609375,2022-09-27 20:59,,,,,False,,,,,,,202209270902-KMFL-WTUS82-TCVMFL,,2022
MFL,2022-09-27 09:02,2022-09-27 20:59,2022-09-27 09:02,202210180902,TR,C,A,1009,UPG,FLZ071,2085.704833984375,2022-09-27 20:59,,,,,False,,,,,,,202209270902-KMFL-WTUS82-TCVMFL,,2022
MFL,2022-09-27 09:02,2022-09-27 15:10,2022-09-27 09:02,202210180902,TR,C,A,1009,UPG,FLZ068,749.71484375,2022-09-27 15:10,,,,,False,,,,,,,202209270902-KMFL-WTUS82-TCVMFL,,2022
KEY,2022-09-28 21:23,2022-09-30 08:21,2022-09-28 21:23,202209290900,SC,C,Y,38,CAN,GMZ075,5111.7607421875,2022-09-30 08:21,,,,,False,,,,,,,202209282123-KKEY-WHUS72-MWWKEY,CLR,2022
MHX,2022-09-25 18:00,2022-09-26 14:00,2022-09-24 20:00,202209261200,SC,C,Y,76,EXP,AMZ154,1929.5477294921875,2022-09-26 14:06,,,,,False,,,,,,,202209242000-KMHX-WHUS72-MWWMHX,,2022
JAX,2022-09-26 21:09,2022-09-27 15:16,2022-09-26 21:09,202210172109,TR,C,A,1009,UPG,AMZ472,5194.25244140625,2022-09-27 15:16,,,,,False,,,,,,,202209262109-KJAX-WHUS72-MWWJAX,,2022
MHX,2022-09-28 11:08,2022-09-28 21:09,2022-09-27 19:42,202210010000,SC,C,Y,77,UPG,AMZ150,1704.2294921875,2022-09-28 21:09,,,,,False,,,,,,,202209271942-KMHX-WHUS72-MWWMHX,,2022
MHX,2022-09-28 20:58,2022-09-29 09:13,2022-09-28 20:58,202210192058,TR,C,A,1009,UPG,NCZ196,794.1854858398438,2022-09-29 09:13,,,,,False,,,,,,,202209282058-KMHX-WTUS82-TCVMHX,,2022
MHX,2022-09-28 21:09,2022-09-29 09:55,2022-09-28 21:09,202210192109,TR,C,A,1009,UPG,AMZ158,4143.7119140625,2022-09-29 09:55,,,,,False,,,,,,,202209282109-KMHX-WHUS72-MWWMHX,,2022
MHX,2022-09-28 21:09,2022-09-29 09:55,2022-09-28 21:09,202210192109,TR,C,A,1009,UPG,AMZ156,2739.025634765625,2022-09-29 09:55,,,,,False,,,,,,,202209282109-KMHX-WHUS72-MWWMHX,,2022
MHX,2022-09-29 06:00,2022-09-28 21:09,2022-09-27 19:42,202210010000,SC,C,Y,77,UPG,AMZ231,396.36431884765625,2022-09-28 21:09,,,,,False,,,,,,,202209271942-KMHX-WHUS72-MWWMHX,,2022
MHX,2022-09-29 06:00,2022-09-28 21:09,2022-09-27 19:42,202210010000,SC,C,Y,77,UPG,AMZ131,269.5450439453125,2022-09-28 21:09,,,,,False,,,,,,,202209271942-KMHX-WHUS72-MWWMHX,,2022
MLB,2022-09-27 15:19,2022-09-27 21:17,2022-09-27 15:19,202210181519,HU,C,A,1009,UPG,FLZ053,3908.38330078125,2022-09-27 21:17,,,,,False,,,,,,,202209271519-KMLB-WTUS82-TCVMLB,,2022
MHX,2022-09-29 09:55,2022-09-29 15:12,2022-09-28 21:09,202209302200,GL,C,W,20,CAN,AMZ150,1704.2294921875,2022-09-29 15:12,,,,,False,,,,,,,202209282109-KMHX-WHUS72-MWWMHX,,2022
MHX,2022-09-29 12:00,2022-09-29 15:06,2022-09-29 10:34,202210011200,CF,C,Y,16,CAN,NCZ203,153.71507263183594,2022-09-29 15:06,,,,,False,,,,,,,202209291034-KMHX-WHUS42-CFWMHX,,2022
MHX,2022-09-29 12:00,2022-09-29 15:06,2022-09-29 10:34,202210011200,CF,C,Y,16,CAN,NCZ205,86.310302734375,2022-09-29 15:06,,,,,False,,,,,,,202209291034-KMHX-WHUS42-CFWMHX,,2022
MHX,2022-09-29 12:00,2022-09-29 15:06,2022-09-29 10:34,202210011200,CF,C,Y,16,CAN,NCZ081,1754.7763671875,2022-09-29 15:06,,,,,False,,,,,,,202209291034-KMHX-WHUS42-CFWMHX,,2022
MFL,2022-09-27 14:49,2022-09-27 15:52,2022-09-27 14:49,202209271645,FA,C,Y,237,CAN,FLC086,5094.58447265625,2022-09-27 15:52,00000,N,ER,OO,False,,,,,,,202209271449-KMFL-WGUS82-FLSMFL,BAXTER,2022
CLE,2022-09-27 15:49,2022-09-28 00:00,2022-09-27 15:49,202209272000,FA,C,Y,99,EXP,OHC007,1835.226806640625,2022-09-27 23:57,00000,N,ER,OO,False,,,,,,,202209271549-KCLE-WGUS81-FLSCLE,Sefcovic,2022
CLE,2022-09-27 15:49,2022-09-28 00:00,2022-09-27 15:49,202209272000,FA,C,Y,99,EXP,PAC049,2079.383056640625,2022-09-27 23:57,00000,N,ER,OO,False,,,,,,,202209271549-KCLE-WGUS81-FLSCLE,Sefcovic,2022
MFL,2022-09-27 15:51,2022-09-27 19:00,2022-09-27 15:51,202209271900,FA,C,Y,238,CON,FLC086,5094.58447265625,2022-09-27 17:18,00000,N,ER,OO,False,,,,,,,202209271551-KMFL-WGUS82-FLSMFL,BAXTER,2022
DLH,2022-09-25 15:00,2022-09-27 16:00,2022-09-24 20:32,202209261800,SC,C,Y,99,EXP,LSZ141,439.8240966796875,2022-09-27 15:58,,,,,False,,,,,,,202209242032-KDLH-WHUS73-MWWDLH,Melde,2022
MHX,2022-09-29 09:55,2022-09-29 15:12,2022-09-28 21:09,202209301800,GL,C,W,20,CAN,AMZ135,4205.1591796875,2022-09-29 15:12,,,,,False,,,,,,,202209282109-KMHX-WHUS72-MWWMHX,,2022
MHX,2022-09-29 12:00,2022-10-01 12:00,2022-09-29 10:34,202210011200,CF,C,Y,16,CON,NCZ045,977.2294311523438,2022-10-01 11:09,,,,,False,,,,,,,202209291034-KMHX-WHUS42-CFWMHX,,2022
MHX,2022-09-29 12:00,2022-09-28 08:41,2022-09-27 19:42,202210010000,GL,C,A,12,UPG,AMZ154,1929.5477294921875,2022-09-28 08:41,,,,,False,,,,,,,202209271942-KMHX-WHUS72-MWWMHX,,2022
MHX,2022-09-29 12:00,2022-10-01 12:00,2022-09-29 10:34,202210011200,CF,C,Y,16,CON,NCZ047,758.7256469726562,2022-10-01 11:09,,,,,False,,,,,,,202209291034-KMHX-WHUS42-CFWMHX,,2022
MHX,2022-09-29 12:00,2022-10-01 12:00,2022-09-29 10:34,202210011200,CF,C,Y,16,CON,NCZ046,1010.3712158203125,2022-10-01 11:09,,,,,False,,,,,,,202209291034-KMHX-WHUS42-CFWMHX,,2022
MHX,2022-09-29 12:00,2022-10-01 00:00,2022-09-29 10:34,202209300000,BH,C,S,50,EXP,NCZ203,153.71507263183594,2022-10-01 00:13,,,,,False,,,,,,,202209291034-KMHX-WHUS42-CFWMHX,,2022
MHX,2022-09-29 14:00,2022-09-29 15:12,2022-09-28 21:09,202209302200,GL,C,W,20,CAN,AMZ231,396.36431884765625,2022-09-29 15:12,,,,,False,,,,,,,202209282109-KMHX-WHUS72-MWWMHX,,2022
MHX,2022-09-29 14:00,2022-09-29 15:12,2022-09-28 21:09,202209302200,GL,C,W,20,CAN,AMZ131,269.5450439453125,2022-09-29 15:12,,,,,False,,,,,,,202209282109-KMHX-WHUS72-MWWMHX,,2022
MHX,2022-09-29 14:00,2022-09-29 15:12,2022-09-28 21:09,202209302200,GL,C,W,20,CAN,AMZ230,1176.0460205078125,2022-09-29 15:12,,,,,False,,,,,,,202209282109-KMHX-WHUS72-MWWMHX,,2022
MHX,2022-09-29 14:00,2022-09-28 21:09,2022-09-27 19:42,202210010000,GL,C,A,12,UPG,AMZ135,4205.1591796875,2022-09-28 21:09,,,,,False,,,,,,,202209271942-KMHX-WHUS72-MWWMHX,,2022
MHX,2022-09-29 14:00,2022-09-28 21:09,2022-09-27 19:42,202210010000,GL,C,A,12,UPG,AMZ137,585.7661743164062,2022-09-28 21:09,,,,,False,,,,,,,202209271942-KMHX-WHUS72-MWWMHX,,2022
MHX,2022-09-29 15:03,2022-10-01 03:19,2022-09-29 15:03,202210201503,TR,C,W,1009,CAN,NCZ203,153.71507263183594,2022-10-01 03:19,,,,,False,,,,,,,202209291503-KMHX-WTUS82-TCVMHX,,2022
MHX,2022-09-29 15:03,2022-10-01 03:19,2022-09-29 15:03,202210201503,SS,C,A,1009,CAN,NCZ205,86.310302734375,2022-10-01 03:19,,,,,False,,,,,,,202209291503-KMHX-WTUS82-TCVMHX,,2022
MHX,2022-09-29 15:03,2022-10-01 03:19,2022-09-29 15:03,202210201503,TR,C,W,1009,CAN,NCZ205,86.310302734375,2022-10-01 03:19,,,,,False,,,,,,,202209291503-KMHX-WTUS82-TCVMHX,,2022
MHX,2022-09-29 15:03,2022-10-01 03:19,2022-09-29 15:03,202210201503,SS,C,A,1009,CAN,NCZ203,153.71507263183594,2022-10-01 03:19,,,,,False,,,,,,,202209291503-KMHX-WTUS82-TCVMHX,,2022
MHX,2022-09-29 15:03,2022-10-01 03:19,2022-09-29 15:03,202210201503,TR,C,W,1009,CAN,NCZ092,1225.98388671875,2022-10-01 03:19,,,,,False,,,,,,,202209291503-KMHX-WTUS82-TCVMHX,,2022
MHX,2022-09-29 15:12,2022-10-01 03:08,2022-09-29 15:12,202210201512,TR,C,W,1009,CAN,AMZ131,269.5450439453125,2022-10-01 03:08,,,,,False,,,,,,,202209291512-KMHX-WHUS72-MWWMHX,,2022
MPX,2022-09-28 05:00,2022-09-28 13:00,2022-09-27 19:19,202209281300,FR,C,Y,4,CON,MNZ091,1885.9564208984375,2022-09-28 09:31,,,,,False,,,,,,,202209271919-KMPX-WWUS73-NPWMPX,jrb,2022
TBW,2022-09-26 21:00,2022-09-29 08:51,2022-09-26 20:59,202209300600,FA,C,A,3,CAN,FLZ248,1010.2461547851562,2022-09-29 08:51,00000,0,ER,OO,False,,,,,,,202209262059-KTBW-WGUS62-FFATBW,TBW,2022
TBW,2022-09-26 21:00,2022-09-29 08:51,2022-09-26 20:59,202209300600,FA,C,A,3,CAN,FLZ151,726.67138671875,2022-09-29 08:51,00000,0,ER,OO,False,,,,,,,202209262059-KTBW-WGUS62-FFATBW,TBW,2022
TBW,2022-09-26 21:00,2022-09-29 08:51,2022-09-26 20:59,202209300600,FA,C,A,3,CAN,FLZ165,792.4913330078125,2022-09-29 08:51,00000,0,ER,OO,False,,,,,,,202209262059-KTBW-WGUS62-FFATBW,TBW,2022
TBW,2022-09-26 21:00,2022-09-29 08:51,2022-09-26 20:59,202209300600,FA,C,A,3,CAN,FLZ251,2045.0164794921875,2022-09-29 08:51,00000,0,ER,OO,False,,,,,,,202209262059-KTBW-WGUS62-FFATBW,TBW,2022
TBW,2022-09-26 21:00,2022-09-29 08:51,2022-09-26 20:59,202209300600,FA,C,A,3,CAN,FLZ155,351.63323974609375,2022-09-29 08:51,00000,0,ER,OO,False,,,,,,,202209262059-KTBW-WGUS62-FFATBW,TBW,2022
TBW,2022-09-26 21:00,2022-09-29 08:51,2022-09-26 20:59,202209300600,FA,C,A,3,CAN,FLZ260,934.0535888671875,2022-09-29 08:51,00000,0,ER,OO,False,,,,,,,202209262059-KTBW-WGUS62-FFATBW,TBW,2022
MFL,2022-09-27 21:45,2022-09-27 22:15,2022-09-27 21:45,202209272215,TO,C,W,25,EXP,FLC021,5251.28515625,2022-09-27 22:07,,,,,False,,,,,,,202209272145-KMFL-WFUS52-TORMFL,MFL,2022
TAE,2022-09-27 21:04,2022-09-29 15:07,2022-09-27 21:04,202210182104,TR,C,W,1009,CAN,FLZ034,1212.5528564453125,2022-09-29 15:07,,,,,False,,,,,,,202209272104-KTAE-WTUS82-TCVTAE,,2022
LIX,2022-09-28 03:00,2022-09-29 03:00,2022-09-27 19:46,202209290300,WI,C,Y,11,EXP,LAZ064,204.39285278320312,2022-09-29 02:58,,,,,False,,,,,,,202209271946-KLIX-WWUS74-NPWLIX,,2022
LIX,2022-09-28 03:00,2022-09-29 03:00,2022-09-27 19:46,202209290300,WI,C,Y,11,EXP,LAZ060,928.455810546875,2022-09-29 02:58,,,,,False,,,,,,,202209271946-KLIX-WWUS74-NPWLIX,,2022
MOB,2022-09-27 16:00,2022-09-28 00:00,2022-09-27 09:50,202209280000,FW,C,W,5,CON,ALZ261,1764.792724609375,2022-09-27 19:59,,,,,False,,,,,,,202209270950-KMOB-WWUS84-RFWMOB,,2022
MOB,2022-09-28 14:00,2022-09-29 00:00,2022-09-27 09:50,202209290000,FW,C,W,6,CON,MSZ075,1685.34130859375,2022-09-28 20:10,,,,,False,,,,,,,202209270950-KMOB-WWUS84-RFWMOB,,2022
LKN,2022-09-28 18:00,2022-09-29 04:00,2022-09-27 20:10,202209290400,FW,C,W,15,EXP,NVZ437,19625.888671875,2022-09-29 04:05,,,,,False,,,,,,,202209272010-KLKN-WWUS85-RFWLKN,,2022
MLB,2022-09-27 20:45,2022-09-28 08:59,2022-09-27 20:45,202209280900,TO,C,A,545,CAN,FLC093,2013.75390625,2022-09-28 08:59,,,,,False,,,,,,,202209272045-KMLB-WWUS62-WCNMLB,,2022
MFL,2022-09-27 20:04,2022-09-27 23:00,2022-09-27 20:04,202209272300,FA,C,Y,244,CON,FLC011,3161.671630859375,2022-09-27 21:36,00000,N,ER,OO,False,,,,,,,202209272004-KMFL-WGUS82-FLSMFL,BAXTER,2022
MFL,2022-09-27 20:17,2022-09-27 20:45,2022-09-27 20:17,202209272045,TO,C,W,21,NEW,FLC087,2018.628662109375,2022-09-27 20:17,,,,,False,,,,,,,202209272017-KMFL-WFUS52-TORMFL,MFL,2022
MEG,2022-09-28 17:00,2022-09-27 20:27,2022-09-26 20:07,202209290000,FW,C,A,1,UPG,MSZ001,1286.9215087890625,2022-09-27 20:27,,,,,False,,,,,,,202209262007-KMEG-WWUS84-RFWMEG,,2022
MHX,2022-09-29 06:00,2022-09-28 21:09,2022-09-27 19:42,202210010000,SC,C,Y,77,UPG,AMZ230,1176.0460205078125,2022-09-28 21:09,,,,,False,,,,,,,202209271942-KMHX-WHUS72-MWWMHX,,2022
MFL,2022-09-27 12:58,2022-09-27 20:59,2022-09-27 12:58,202209272100,TO,C,A,544,CAN,AMZ651,4013.172119140625,2022-09-27 20:59,,,,,False,,,,,,,202209271258-KMFL-WWUS62-WCNMFL,,2022
BMX,2022-09-29 17:00,2022-09-30 00:00,2022-09-29 07:59,202209300000,FW,C,W,3,CON,ALZ023,3501.330810546875,2022-09-29 16:21,,,,,False,,,,,,,202209290759-KBMX-WWUS84-RFWBMX,,2022
MFL,2022-09-27 22:09,2022-09-27 22:45,2022-09-27 22:09,202209272245,TO,C,W,26,EXP,FLC011,3161.671630859375,2022-09-27 22:44,,,,,False,,,,,,,202209272209-KMFL-WFUS52-TORMFL,ATV,2022
LIX,2022-09-29 15:00,2022-09-30 15:37,2022-09-28 20:10,202210010000,SC,C,Y,39,CAN,GMZ570,8646.109375,2022-09-30 15:37,,,,,False,,,,,,,202209282010-KLIX-WHUS74-MWWLIX,,2022
MFL,2022-09-27 22:43,2022-09-27 23:15,2022-09-27 22:43,202209272315,TO,C,W,29,EXP,FLC011,3161.671630859375,2022-09-27 23:12,,,,,False,,,,,,,202209272243-KMFL-WFUS52-TORMFL,ATV,2022
TBW,2022-09-29 16:36,2022-10-01 00:00,2022-09-29 16:36,202210010000,RP,C,S,17,NEW,FLZ160,560.7767333984375,2022-09-29 16:36,,,,,False,,,,,,,202209291636-KTBW-WHUS42-CFWTBW,,2022
MFL,2022-09-28 00:52,2022-09-28 01:03,2022-09-28 00:52,202209280115,TO,C,W,39,CAN,FLC021,5251.28515625,2022-09-28 01:03,,,,,False,,,,,,,202209280052-KMFL-WFUS52-TORMFL,NC,2022
MFL,2022-09-28 00:52,2022-09-28 01:15,2022-09-28 00:52,202209280115,TO,C,W,39,CON,FLC051,3017.6875,2022-09-28 01:03,,,,,False,,,,,,,202209280052-KMFL-WFUS52-TORMFL,NC,2022
HFO,2022-09-27 13:32,2022-09-28 01:06,2022-09-27 07:02,202209281600,SC,C,Y,33,CAN,PHZ124,9634.232421875,2022-09-28 01:06,,,,,False,,,,,,,202209270702-PHFO-WHHW70-MWWHFO,,2022
TAE,2022-09-26 21:33,2022-09-28 03:07,2022-09-26 21:33,202210172133,HU,C,A,1009,CAN,GMZ775,9999.0927734375,2022-09-28 03:07,,,,,False,,,,,,,202209262133-KTAE-WHUS72-MWWTAE,,2022
TBW,2022-09-27 09:18,2022-09-29 09:16,2022-09-27 09:18,202210180918,HU,C,W,1009,CAN,GMZ836,726.0570068359375,2022-09-29 09:16,,,,,False,,,,,,,202209270918-KTBW-WHUS72-MWWTBW,,2022
CHS,2022-09-27 15:12,2022-09-28 15:16,2022-09-27 15:12,202210181512,SS,C,A,1009,UPG,SCZ049,473.7450866699219,2022-09-28 15:16,,,,,False,,,,,,,202209271512-KCHS-WTUS82-TCVCHS,,2022
CHS,2022-09-27 15:12,2022-09-28 03:16,2022-09-27 15:12,202210181512,TR,C,A,1009,UPG,SCZ052,307.99188232421875,2022-09-28 03:16,,,,,False,,,,,,,202209271512-KCHS-WTUS82-TCVCHS,,2022
CHS,2022-09-27 15:12,2022-09-28 03:16,2022-09-27 15:12,202210181512,TR,C,A,1009,UPG,GAZ141,510.72686767578125,2022-09-28 03:16,,,,,False,,,,,,,202209271512-KCHS-WTUS82-TCVCHS,,2022
CHS,2022-09-27 15:12,2022-09-28 15:16,2022-09-27 15:12,202210181512,SS,C,A,1009,UPG,GAZ139,147.54722595214844,2022-09-28 15:16,,,,,False,,,,,,,202209271512-KCHS-WTUS82-TCVCHS,,2022
TWC,2022-09-27 00:54,2022-09-27 04:00,2022-09-27 00:54,202209270400,FF,C,W,159,EXP,AZC019,23815.521484375,2022-09-27 03:59,00000,0,ER,OO,False,,,,,,,202209270054-KTWC-WGUS55-FFWTWC,GLZ,2022
TBW,2022-09-28 12:18,2022-10-05 07:23,2022-09-26 13:42,202210191130,FL,C,W,11,EXT,FLC057,2771.680908203125,2022-10-05 00:49,WIMF1,1,ER,NO,False,,,,,,,202209261342-KTBW-WGUS42-FLWTBW,TBW,2022
KEY,2022-09-27 06:51,2022-09-27 07:15,2022-09-27 06:51,202209270715,MA,C,W,397,EXP,GMZ042,657.9878540039062,2022-09-27 07:14,,,,,False,,,,,,,202209270651-KKEY-WHUS52-SMWKEY,JAM,2022
MFL,2022-09-27 07:41,2022-09-27 08:30,2022-09-27 07:41,202209270830,MA,C,W,342,NEW,AMZ671,10424.37890625,2022-09-27 07:41,,,,,False,,,,,,,202209270741-KMFL-WHUS52-SMWMFL,ATV,2022
CLE,2022-09-25 18:00,2022-09-27 07:55,2022-09-25 08:11,202209280000,BH,C,S,25,CAN,OHZ007,666.77490234375,2022-09-27 07:55,,,,,False,,,,,,,202209250811-KCLE-WHUS41-CFWCLE,,2022
KEY,2022-09-27 07:50,2022-09-27 08:15,2022-09-27 07:50,202209270815,MA,C,W,398,NEW,GMZ072,6507.1220703125,2022-09-27 07:50,,,,,False,,,,,,,202209270750-KKEY-WHUS52-SMWKEY,JAM,2022
DLH,2022-09-27 03:00,2022-09-27 16:00,2022-09-26 20:21,202209271500,SC,C,Y,99,EXP,LSZ143,345.1388854980469,2022-09-27 15:58,,,,,False,,,,,,,202209262021-KDLH-WHUS73-MWWDLH,Huyck,2022
MLB,2022-09-26 21:11,2022-09-27 14:58,2022-09-26 21:11,202210172111,TR,C,A,1009,UPG,AMZ570,4993.2802734375,2022-09-27 14:58,,,,,False,,,,,,,202209262111-KMLB-WHUS72-MWWMLB,,2022
MFR,2022-09-28 12:00,2022-09-29 18:00,2022-09-27 21:25,202209300000,SC,C,Y,97,CON,PZZ350,2759.1328125,2022-09-29 10:35,,,,,False,,,,,,,202209272125-KMFR-WHUS76-MWWMFR,Visit us at https://www.,2022
JAN,2022-09-28 14:00,2022-09-27 19:22,2022-09-26 19:46,202209290100,FW,C,A,1,UPG,LAZ024,1916.534423828125,2022-09-27 19:22,,,,,False,,,,,,,202209261946-KJAN-WWUS84-RFWJAN,NF,2022
JAN,2022-09-28 14:00,2022-09-27 19:22,2022-09-26 19:46,202209290100,FW,C,A,1,UPG,LAZ025,1662.35546875,2022-09-27 19:22,,,,,False,,,,,,,202209261946-KJAN-WWUS84-RFWJAN,NF,2022
MLB,2022-09-26 18:29,2022-09-29 18:15,2022-09-26 18:29,202209300600,FA,C,A,2,CAN,FLZ045,2604.071533203125,2022-09-29 18:15,00000,0,ER,OO,False,,,,,,,202209261829-KMLB-WGUS62-FFAMLB,Schaper/Smith,2022
MLB,2022-09-26 18:29,2022-09-29 18:15,2022-09-26 18:29,202209300600,FA,C,A,2,CAN,FLZ144,1386.970458984375,2022-09-29 18:15,00000,0,ER,OO,False,,,,,,,202209261829-KMLB-WGUS62-FFAMLB,Schaper/Smith,2022
MLB,2022-09-29 08:50,2022-09-29 12:45,2022-09-29 08:50,202209291045,FF,C,W,6,EXT,FLC117,894.225830078125,2022-09-29 10:39,00000,0,ER,OO,True,,,,,,,202209290850-KMLB-WGUS52-FFWMLB,JS,2022
MLB,2022-09-29 07:24,2022-09-29 15:30,2022-09-29 07:24,202209291030,FF,C,W,5,EXP,FLC117,894.225830078125,2022-09-29 15:28,00000,0,ER,OO,False,,,,,,,202209290724-KMLB-WGUS52-FFWMLB,CL,2022
JAN,2022-09-28 14:00,2022-09-27 19:22,2022-09-26 19:46,202209290100,FW,C,A,1,UPG,MSZ036,1979.8267822265625,2022-09-27 19:22,,,,,False,,,,,,,202209261946-KJAN-WWUS84-RFWJAN,NF,2022
JAN,2022-09-28 14:00,2022-09-27 19:22,2022-09-26 19:46,202209290100,FW,C,A,1,UPG,MSZ030,1077.7926025390625,2022-09-27 19:22,,,,,False,,,,,,,202209261946-KJAN-WWUS84-RFWJAN,NF,2022
JAN,2022-09-28 14:00,2022-09-27 19:22,2022-09-26 19:46,202209290100,FW,C,A,1,UPG,MSZ038,1580.91796875,2022-09-27 19:22,,,,,False,,,,,,,202209261946-KJAN-WWUS84-RFWJAN,NF,2022
JAN,2022-09-28 14:00,2022-09-27 19:22,2022-09-26 19:46,202209290100,FW,C,A,1,UPG,MSZ031,1338.2474365234375,2022-09-27 19:22,,,,,False,,,,,,,202209261946-KJAN-WWUS84-RFWJAN,NF,2022
JAN,2022-09-28 14:00,2022-09-27 19:22,2022-09-26 19:46,202209290100,FW,C,A,1,UPG,MSZ037,1910.33740234375,2022-09-27 19:22,,,,,False,,,,,,,202209261946-KJAN-WWUS84-RFWJAN,NF,2022
JAN,2022-09-28 14:00,2022-09-27 19:22,2022-09-26 19:46,202209290100,FW,C,A,1,UPG,MSZ035,1117.198486328125,2022-09-27 19:22,,,,,False,,,,,,,202209261946-KJAN-WWUS84-RFWJAN,NF,2022
UNR,2022-09-29 03:00,2022-09-29 12:00,2022-09-28 19:57,202209291200,WI,C,Y,45,EXP,SDZ046,3385.009765625,2022-09-29 12:01,,,,,False,,,,,,,202209281957-KUNR-WWUS73-NPWUNR,,2022
MLB,2022-09-29 12:18,2022-09-29 16:15,2022-09-29 12:18,202209291615,FF,C,W,9,EXP,FLC095,2604.07568359375,2022-09-29 16:11,00000,0,ER,OO,False,,,,,,,202209291218-KMLB-WGUS52-FFWMLB,JS,2022
ARX,2022-09-29 06:00,2022-09-29 13:00,2022-09-28 19:08,202209291300,FR,C,Y,6,EXP,IAZ011,1702.920166015625,2022-09-29 12:59,,,,,False,,,,,,,202209281908-KARX-WWUS73-NPWARX,KDS,2022
KEY,2022-09-27 10:44,2022-09-27 11:15,2022-09-27 10:44,202209271115,TO,C,W,3,EXP,FLC087,2018.628662109375,2022-09-27 11:05,,,,,False,,,,,,,202209271044-KKEY-WFUS52-TORKEY,JAM,2022
APX,2022-09-26 08:00,2022-09-28 02:00,2022-09-26 02:44,202209270300,BH,C,S,17,CON,MIZ098,196.9224395751953,2022-09-27 19:36,,,,,False,,,,,,,202209260244-KAPX-WHUS43-CFWAPX,JZ,2022
JAX,2022-09-26 21:09,2022-09-27 15:16,2022-09-26 21:09,202210172109,TR,C,A,1009,UPG,AMZ470,4287.8642578125,2022-09-27 15:16,,,,,False,,,,,,,202209262109-KJAX-WHUS72-MWWJAX,,2022
MHX,2022-09-24 04:28,2022-09-25 00:00,2022-09-24 04:28,202209250000,BH,C,S,49,CON,NCZ205,86.310302734375,2022-09-24 09:03,,,,,False,,,,,,,202209240428-KMHX-WHUS42-CFWMHX,,2022
CHS,2022-09-28 19:54,2022-10-01 02:15,2022-09-27 21:18,202210020000,SU,C,Y,4,CAN,SCZ050,2561.243896484375,2022-10-01 02:15,,,,,False,,,,,,,202209272118-KCHS-WHUS42-CFWCHS,,2022
HFO,2022-09-27 13:32,2022-09-28 01:06,2022-09-27 07:02,202209281600,SC,C,Y,33,CAN,PHZ121,10137.9765625,2022-09-28 01:06,,,,,False,,,,,,,202209270702-PHFO-WHHW70-MWWHFO,,2022
MFL,2022-09-27 14:11,2022-09-27 14:45,2022-09-27 14:11,202209271445,MA,C,W,343,EXP,AMZ671,10424.37890625,2022-09-27 14:38,,,,,False,,,,,,,202209271411-KMFL-WHUS52-SMWMFL,MFL,2022
MFL,2022-09-27 14:42,2022-09-27 15:00,2022-09-27 14:42,202209271500,MA,C,W,344,EXP,AMZ651,4013.172119140625,2022-09-27 14:59,,,,,False,,,,,,,202209271442-KMFL-WHUS52-SMWMFL,MFL,2022
MOB,2022-09-27 06:00,2022-09-28 03:00,2022-09-26 19:01,202209281200,SC,C,Y,42,EXP,GMZ650,4265.1611328125,2022-09-28 03:13,,,,,False,,,,,,,202209261901-KMOB-WHUS74-MWWMOB,,2022
TAE,2022-09-27 09:00,2022-09-27 15:19,2022-09-26 17:58,202209281200,SC,C,Y,42,CAN,GMZ750,4529.26123046875,2022-09-27 15:19,,,,,False,,,,,,,202209261758-KTAE-WHUS72-MWWTAE,,2022
JAX,2022-09-27 15:13,2022-09-30 08:55,2022-09-27 15:13,202210181513,TR,C,W,1009,CAN,FLZ133,680.9476928710938,2022-09-30 08:55,,,,,False,,,,,,,202209271513-KJAX-WTUS82-TCVJAX,,2022
MHX,2022-09-29 09:55,2022-09-29 15:12,2022-09-28 21:09,202209302200,GL,C,W,20,CAN,AMZ152,2046.7967529296875,2022-09-29 15:12,,,,,False,,,,,,,202209282109-KMHX-WHUS72-MWWMHX,,2022
KEY,2022-09-27 15:19,2022-09-27 15:29,2022-09-27 15:19,202209271615,MA,C,W,408,CAN,GMZ031,1551.919189453125,2022-09-27 15:29,,,,,False,,,,,,,202209271519-KKEY-WHUS52-SMWKEY,TW,2022
MFL,2022-09-27 16:03,2022-09-27 16:30,2022-09-27 16:03,202209271630,MA,C,W,347,NEW,AMZ651,4013.172119140625,2022-09-27 16:03,,,,,False,,,,,,,202209271603-KMFL-WHUS52-SMWMFL,MFL,2022
MFL,2022-09-27 16:03,2022-09-27 16:30,2022-09-27 16:03,202209271630,MA,C,W,347,NEW,AMZ630,638.3042602539062,2022-09-27 16:03,,,,,False,,,,,,,202209271603-KMFL-WHUS52-SMWMFL,MFL,2022
MHX,2022-09-29 09:55,2022-09-29 15:12,2022-09-28 21:09,202209302200,GL,C,W,20,CAN,AMZ137,585.7661743164062,2022-09-29 15:12,,,,,False,,,,,,,202209282109-KMHX-WHUS72-MWWMHX,,2022
JAX,2022-09-27 15:13,2022-09-29 15:03,2022-09-27 15:13,202210181513,TR,C,W,1009,CAN,FLZ140,1390.8538818359375,2022-09-29 15:03,,,,,False,,,,,,,202209271513-KJAX-WTUS82-TCVJAX,,2022
JAX,2022-09-27 15:13,2022-09-29 15:03,2022-09-27 15:13,202210181513,TR,C,W,1009,CAN,FLZ240,1543.1129150390625,2022-09-29 15:03,,,,,False,,,,,,,202209271513-KJAX-WTUS82-TCVJAX,,2022
DLH,2022-09-25 15:00,2022-09-27 16:00,2022-09-24 20:32,202209261800,SC,C,Y,99,EXP,LSZ140,677.029296875,2022-09-27 15:58,,,,,False,,,,,,,202209242032-KDLH-WHUS73-MWWDLH,Melde,2022
JSJ,2022-09-27 17:19,2022-09-27 20:30,2022-09-27 17:19,202209272030,FA,C,Y,285,EXP,PRC003,80.42816925048828,2022-09-27 20:26,00000,N,ER,OO,False,,,,,,,202209271719-TJSJ-WGCA82-FLSSJU,DSR,2022
MHX,2022-09-29 12:00,2022-10-01 00:00,2022-09-29 10:34,202209300000,BH,C,S,50,EXP,NCZ204,24.789817810058594,2022-10-01 00:13,,,,,False,,,,,,,202209291034-KMHX-WHUS42-CFWMHX,,2022
MHX,2022-09-29 12:00,2022-10-01 00:00,2022-09-29 10:34,202209300000,BH,C,S,50,EXP,NCZ199,494.9266052246094,2022-10-01 00:13,,,,,False,,,,,,,202209291034-KMHX-WHUS42-CFWMHX,,2022
MHX,2022-09-29 12:00,2022-10-01 00:00,2022-09-29 10:34,202209300000,BH,C,S,50,EXP,NCZ205,86.310302734375,2022-10-01 00:13,,,,,False,,,,,,,202209291034-KMHX-WHUS42-CFWMHX,,2022
REV,2022-09-28 20:00,2022-09-29 03:00,2022-09-27 16:56,202209290300,FW,C,W,5,NEW,CAZ278,6358.2216796875,2022-09-27 16:56,,,,,False,,,,,,,202209271656-KREV-WWUS85-RFWREV,http://weather.gov/reno,2022
BUF,2022-09-27 16:44,2022-09-27 17:45,2022-09-27 16:44,202209271745,MA,C,W,115,EXP,LOZ062,1885.5247802734375,2022-09-27 17:44,,,,,False,,,,,,,202209271644-KBUF-WHUS51-SMWBUF,Mitchell,2022
MHX,2022-09-29 09:56,2022-09-29 15:06,2022-09-29 09:56,202209301500,WI,C,Y,10,CAN,NCZ205,86.310302734375,2022-09-29 15:06,,,,,False,,,,,,,202209290956-KMHX-WWUS72-NPWMHX,,2022
JSJ,2022-09-27 17:19,2022-09-27 20:30,2022-09-27 17:19,202209272030,FA,C,Y,285,EXP,PRC131,185.04832458496094,2022-09-27 20:26,00000,N,ER,OO,False,,,,,,,202209271719-TJSJ-WGCA82-FLSSJU,DSR,2022
MHX,2022-09-29 15:03,2022-10-01 03:19,2022-09-29 15:03,202210201503,SS,C,W,1009,CAN,NCZ094,883.4097900390625,2022-10-01 03:19,,,,,False,,,,,,,202209291503-KMHX-WTUS82-TCVMHX,,2022
MHX,2022-09-29 15:03,2022-10-01 03:19,2022-09-29 15:03,202210201503,SS,C,A,1009,CAN,NCZ196,794.1854858398438,2022-10-01 03:19,,,,,False,,,,,,,202209291503-KMHX-WTUS82-TCVMHX,,2022
CHS,2022-09-28 03:27,2022-09-29 15:10,2022-09-28 03:27,202210190327,TR,C,W,1009,UPG,AMZ354,3008.945068359375,2022-09-29 15:10,,,,,False,,,,,,,202209280327-KCHS-WHUS72-MWWCHS,,2022
MHX,2022-09-29 18:00,2022-09-29 15:12,2022-09-29 09:55,202209301400,GL,C,W,20,CAN,AMZ136,460.9947509765625,2022-09-29 15:12,,,,,False,,,,,,,202209290955-KMHX-WHUS72-MWWMHX,,2022
MHX,2022-09-29 18:00,2022-09-28 22:08,2022-09-28 09:09,202210011200,CF,C,A,2,UPG,NCZ094,883.4097900390625,2022-09-28 22:08,,,,,False,,,,,,,202209280909-KMHX-WHUS42-CFWMHX,,2022
BMX,2022-09-27 19:12,2022-09-28 00:00,2022-09-27 19:12,202209280000,FW,C,W,1,NEW,ALZ019,1586.5775146484375,2022-09-27 19:12,,,,,False,,,,,,,202209271912-KBMX-WWUS84-RFWBMX,,2022
TBW,2022-09-26 21:00,2022-09-29 08:51,2022-09-26 20:59,202209300600,FA,C,A,3,CAN,FLZ056,1655.9881591796875,2022-09-29 08:51,00000,0,ER,OO,False,,,,,,,202209262059-KTBW-WGUS62-FFATBW,TBW,2022
TBW,2022-09-26 21:00,2022-09-29 08:51,2022-09-26 20:59,202209300600,FA,C,A,3,CAN,FLZ057,2869.966796875,2022-09-29 08:51,00000,0,ER,OO,False,,,,,,,202209262059-KTBW-WGUS62-FFATBW,TBW,2022
TBW,2022-09-26 21:00,2022-09-29 08:51,2022-09-26 20:59,202209300600,FA,C,A,3,CAN,FLZ148,260.2538757324219,2022-09-29 08:51,00000,0,ER,OO,False,,,,,,,202209262059-KTBW-WGUS62-FFATBW,TBW,2022
TBW,2022-09-26 21:00,2022-09-29 08:51,2022-09-26 20:59,202209300600,FA,C,A,3,CAN,FLZ149,323.91094970703125,2022-09-29 08:51,00000,0,ER,OO,False,,,,,,,202209262059-KTBW-WGUS62-FFATBW,TBW,2022
EAX,2022-09-28 06:00,2022-09-28 13:00,2022-09-27 19:15,202209281300,FR,C,Y,4,EXP,MOZ007,1344.1436767578125,2022-09-28 13:04,,,,,False,,,,,,,202209271915-KEAX-WWUS73-NPWEAX,,2022
TAE,2022-09-27 21:04,2022-09-29 15:07,2022-09-27 21:04,202210182104,TR,C,W,1009,CAN,FLZ128,766.5504150390625,2022-09-29 15:07,,,,,False,,,,,,,202209272104-KTAE-WTUS82-TCVTAE,,2022
TAE,2022-09-27 21:04,2022-09-29 15:07,2022-09-27 21:04,202210182104,TR,C,W,1009,CAN,FLZ127,486.01300048828125,2022-09-29 15:07,,,,,False,,,,,,,202209272104-KTAE-WTUS82-TCVTAE,,2022
KEY,2022-09-27 09:13,2022-09-28 21:23,2022-09-27 09:13,202210180913,TR,C,W,1009,CAN,GMZ073,5871.7607421875,2022-09-28 21:23,,,,,False,,,,,,,202209270913-KKEY-WHUS72-MWWKEY,,2022
KEY,2022-09-27 09:13,2022-09-28 21:23,2022-09-27 09:13,202210180913,TR,C,W,1009,CAN,GMZ043,403.7940368652344,2022-09-28 21:23,,,,,False,,,,,,,202209270913-KKEY-WHUS72-MWWKEY,,2022
MFL,2022-09-27 19:45,2022-09-27 20:15,2022-09-27 19:45,202209272015,TO,C,W,18,EXP,FLC011,3161.671630859375,2022-09-27 20:09,,,,,False,,,,,,,202209271945-KMFL-WFUS52-TORMFL,MFL,2022
KEY,2022-09-27 09:13,2022-09-28 21:23,2022-09-27 09:13,202210180913,TR,C,W,1009,CAN,GMZ032,2121.407470703125,2022-09-28 21:23,,,,,False,,,,,,,202209270913-KKEY-WHUS72-MWWKEY,,2022
MFL,2022-09-27 21:19,2022-09-27 21:45,2022-09-27 21:19,202209272145,TO,C,W,24,EXP,FLC087,2018.628662109375,2022-09-27 21:45,,,,,False,,,,,,,202209272119-KMFL-WFUS52-TORMFL,MFL,2022
CLE,2022-09-25 18:00,2022-09-28 07:36,2022-09-25 08:11,202209280000,BH,C,S,25,CAN,OHZ009,658.5927124023438,2022-09-28 07:36,,,,,False,,,,,,,202209250811-KCLE-WHUS41-CFWCLE,,2022
EKA,2022-09-29 22:00,2022-10-01 16:00,2022-09-29 09:46,202210010400,SC,C,Y,93,EXP,PZZ470,15329.4287109375,2022-10-01 16:22,,,,,False,,,,,,,202209290946-KEKA-WHUS76-MWWEKA,,2022
MKX,2022-09-28 05:00,2022-09-28 13:00,2022-09-27 19:43,202209281300,FR,C,Y,2,CON,WIZ057,2056.86767578125,2022-09-28 08:48,,,,,False,,,,,,,202209271943-KMKX-WWUS73-NPWMKX,,2022
HGX,2022-09-28 10:00,2022-09-29 09:00,2022-09-27 19:46,202209282100,SC,C,Y,62,CON,GMZ350,4294.48046875,2022-09-29 03:12,,,,,False,,,,,,,202209271946-KHGX-WHUS74-MWWHGX,,2022
LIX,2022-09-28 03:00,2022-09-29 03:00,2022-09-27 19:46,202209290300,WI,C,Y,11,EXP,LAZ059,1762.82177734375,2022-09-29 02:58,,,,,False,,,,,,,202209271946-KLIX-WWUS74-NPWLIX,,2022
LIX,2022-09-28 03:00,2022-09-29 03:00,2022-09-27 19:46,202209290300,WI,C,Y,11,EXP,LAZ057,668.4823608398438,2022-09-29 02:58,,,,,False,,,,,,,202209271946-KLIX-WWUS74-NPWLIX,,2022
LIX,2022-09-28 03:00,2022-09-29 03:00,2022-09-27 19:46,202209290300,WI,C,Y,11,EXP,LAZ058,647.3895263671875,2022-09-29 02:58,,,,,False,,,,,,,202209271946-KLIX-WWUS74-NPWLIX,,2022
MOB,2022-09-28 14:00,2022-09-29 00:00,2022-09-27 09:50,202209290000,FW,C,W,6,CON,FLZ204,366.255126953125,2022-09-28 20:10,,,,,False,,,,,,,202209270950-KMOB-WWUS84-RFWMOB,,2022
MFL,2022-09-27 20:43,2022-09-27 21:15,2022-09-27 20:43,202209272115,TO,C,W,22,EXP,FLC087,2018.628662109375,2022-09-27 21:07,,,,,False,,,,,,,202209272043-KMFL-WFUS52-TORMFL,MFL,2022
KEY,2022-09-27 20:46,2022-09-28 08:58,2022-09-27 20:46,202209280900,TO,C,A,545,CAN,GMZ034,4755.533203125,2022-09-28 08:58,,,,,False,,,,,,,202209272046-KKEY-WWUS62-WCNKEY,CLR,2022
MFL,2022-09-27 12:58,2022-09-27 20:59,2022-09-27 12:58,202209272100,TO,C,A,544,CAN,FLC086,5094.58447265625,2022-09-27 20:59,,,,,False,,,,,,,202209271258-KMFL-WWUS62-WCNMFL,,2022
KEY,2022-09-27 13:00,2022-09-27 20:46,2022-09-27 13:00,202209272100,TO,C,A,544,CAN,GMZ035,1969.03955078125,2022-09-27 20:46,,,,,False,,,,,,,202209271300-KKEY-WWUS62-WCNKEY,CLR,2022
TAE,2022-09-27 21:04,2022-09-29 15:07,2022-09-27 21:04,202210182104,TR,C,W,1009,CAN,FLZ115,911.9964599609375,2022-09-29 15:07,,,,,False,,,,,,,202209272104-KTAE-WTUS82-TCVTAE,,2022
MFL,2022-09-27 20:45,2022-09-27 21:15,2022-09-27 20:45,202209272115,MA,C,W,352,EXP,AMZ671,10424.37890625,2022-09-27 21:05,,,,,False,,,,,,,202209272045-KMFL-WHUS52-SMWMFL,MFL,2022
MFL,2022-09-27 22:44,2022-09-28 00:45,2022-09-27 22:44,202209280045,FA,C,Y,246,NEW,FLC086,5094.58447265625,2022-09-27 22:44,00000,N,ER,OO,False,,,,,,,202209272244-KMFL-WGUS82-FLSMFL,SB,2022
MFL,2022-09-27 22:44,2022-09-28 00:45,2022-09-27 22:44,202209280045,FA,C,Y,246,NEW,FLC011,3161.671630859375,2022-09-27 22:44,00000,N,ER,OO,False,,,,,,,202209272244-KMFL-WGUS82-FLSMFL,SB,2022
MLB,2022-09-29 09:30,2022-09-29 18:30,2022-09-29 09:30,202209291430,FA,C,W,18,EXT,FLC127,3181.331298828125,2022-09-29 16:22,00000,0,ER,OO,False,,,,,,,202209290930-KMLB-WGUS42-FLWMLB,JS,2022
MFL,2022-09-27 22:31,2022-09-27 23:00,2022-09-27 22:31,202209272300,TO,C,W,28,EXP,FLC021,5251.28515625,2022-09-27 22:57,,,,,False,,,,,,,202209272231-KMFL-WFUS52-TORMFL,NC,2022
LWX,2022-09-27 13:00,2022-09-28 00:00,2022-09-27 05:40,202209280000,SC,C,Y,188,EXP,ANZ536,410.92547607421875,2022-09-27 23:38,,,,,False,,,,,,,202209270540-KLWX-WHUS71-MWWLWX,,2022
MFL,2022-09-27 23:18,2022-09-27 23:45,2022-09-27 23:18,202209272345,TO,C,W,32,EXP,FLC011,3161.671630859375,2022-09-27 23:41,,,,,False,,,,,,,202209272318-KMFL-WFUS52-TORMFL,ATV,2022
MFL,2022-09-27 23:48,2022-09-28 00:45,2022-09-27 23:48,202209280045,FA,C,Y,247,NEW,FLC086,5094.58447265625,2022-09-27 23:48,00000,N,ER,OO,False,,,,,,,202209272348-KMFL-WGUS82-FLSMFL,SB,2022
JAX,2022-09-29 19:08,2022-09-30 01:00,2022-09-29 19:08,202209300100,FF,C,W,9,EXP,FLC035,1306.0235595703125,2022-09-30 00:54,00000,0,ER,OO,False,,,,,,,202209291908-KJAX-WGUS52-FFWJAX,MW,2022
RAH,2022-09-29 15:07,2022-10-01 03:23,2022-09-29 15:07,202210201507,TR,C,W,1009,CAN,NCZ075,1827.537841796875,2022-10-01 03:23,,,,,False,,,,,,,202209291507-KRAH-WTUS82-TCVRAH,,2022
RAH,2022-09-29 15:07,2022-10-01 03:23,2022-09-29 15:07,202210201507,TR,C,W,1009,CAN,NCZ074,1299.1380615234375,2022-10-01 03:23,,,,,False,,,,,,,202209291507-KRAH-WTUS82-TCVRAH,,2022
RAH,2022-09-29 15:07,2022-10-01 03:23,2022-09-29 15:07,202210201507,TR,C,W,1009,CAN,NCZ039,2045.80126953125,2022-10-01 03:23,,,,,False,,,,,,,202209291507-KRAH-WTUS82-TCVRAH,,2022
RAH,2022-09-29 15:07,2022-10-01 03:23,2022-09-29 15:07,202210201507,TR,C,W,1009,CAN,NCZ073,1047.2427978515625,2022-10-01 03:23,,,,,False,,,,,,,202209291507-KRAH-WTUS82-TCVRAH,,2022
MHX,2022-09-29 15:12,2022-10-01 06:55,2022-09-29 15:12,202210201512,TR,C,W,1009,CAN,AMZ154,1929.5477294921875,2022-10-01 06:55,,,,,False,,,,,,,202209291512-KMHX-WHUS72-MWWMHX,,2022
ILM,2022-09-28 08:00,2022-09-28 08:23,2022-09-27 07:20,202209291200,SC,C,Y,49,UPG,AMZ256,1769.9320068359375,2022-09-28 08:23,,,,,False,,,,,,,202209270720-KILM-WHUS72-MWWILM,,2022
ILM,2022-09-28 08:00,2022-09-28 08:23,2022-09-27 07:20,202209291200,SC,C,Y,49,UPG,AMZ254,2028.3057861328125,2022-09-28 08:23,,,,,False,,,,,,,202209270720-KILM-WHUS72-MWWILM,,2022
ILM,2022-09-28 10:00,2022-09-29 00:00,2022-09-28 00:10,202209290000,BH,C,S,39,EXP,SCZ054,458.3331604003906,2022-09-28 23:58,,,,,False,,,,,,,202209280010-KILM-WHUS42-CFWILM,,2022
ILM,2022-09-28 10:00,2022-09-29 00:00,2022-09-28 00:10,202209290000,BH,C,S,39,EXP,NCZ106,112.72386932373047,2022-09-28 23:58,,,,,False,,,,,,,202209280010-KILM-WHUS42-CFWILM,,2022
ILM,2022-09-28 10:00,2022-09-29 00:00,2022-09-28 00:10,202209290000,BH,C,S,39,EXP,NCZ108,160.57701110839844,2022-09-28 23:58,,,,,False,,,,,,,202209280010-KILM-WHUS42-CFWILM,,2022
ILM,2022-09-28 21:06,2022-10-01 07:07,2022-09-28 21:06,202210192106,TR,C,W,1009,CAN,AMZ250,2646.10205078125,2022-10-01 07:07,,,,,False,,,,,,,202209282106-KILM-WHUS72-MWWILM,,2022
ILM,2022-09-28 21:06,2022-09-29 21:12,2022-09-28 21:06,202210192106,TR,C,W,1009,UPG,AMZ252,2074.400390625,2022-09-29 21:12,,,,,False,,,,,,,202209282106-KILM-WHUS72-MWWILM,,2022
ILM,2022-09-29 10:00,2022-10-01 13:00,2022-09-29 08:49,202210012200,SU,C,Y,8,EXP,NCZ110,419.9501647949219,2022-10-01 12:53,,,,,False,,,,,,,202209290849-KILM-WHUS42-CFWILM,dch,2022
ILM,2022-09-29 10:00,2022-10-01 07:29,2022-09-29 08:49,202210012200,SU,C,Y,8,CAN,SCZ056,790.779541015625,2022-10-01 07:29,,,,,False,,,,,,,202209290849-KILM-WHUS42-CFWILM,dch,2022
ILM,2022-09-29 13:00,2022-09-29 16:53,2022-09-29 08:49,202209291700,CF,C,Y,82,CAN,NCZ110,419.9501647949219,2022-09-29 16:53,,,,,False,,,,,,,202209290849-KILM-WHUS42-CFWILM,dch,2022
ILM,2022-09-29 13:00,2022-09-29 16:53,2022-09-29 08:49,202209291700,CF,C,Y,82,CAN,SCZ056,790.779541015625,2022-09-29 16:53,,,,,False,,,,,,,202209290849-KILM-WHUS42-CFWILM,dch,2022
ILM,2022-09-29 13:00,2022-09-29 16:53,2022-09-29 08:49,202209291700,CF,C,Y,82,CAN,NCZ106,112.72386932373047,2022-09-29 16:53,,,,,False,,,,,,,202209290849-KILM-WHUS42-CFWILM,dch,2022
ILM,2022-09-29 15:09,2022-10-01 02:59,2022-09-29 15:09,202210201509,TR,C,W,1009,CAN,NCZ096,2297.839111328125,2022-10-01 02:59,,,,,False,,,,,,,202209291509-KILM-WTUS82-TCVILM,,2022
ILM,2022-09-29 15:09,2022-09-30 20:57,2022-09-29 15:09,202210201509,HU,C,W,1009,CAN,SCZ059,1207.5826416015625,2022-09-30 20:57,,,,,False,,,,,,,202209291509-KILM-WTUS82-TCVILM,,2022
ILM,2022-09-29 15:09,2022-09-30 23:56,2022-09-29 15:09,202210201509,SS,C,A,1009,CAN,NCZ108,160.57701110839844,2022-09-30 23:56,,,,,False,,,,,,,202209291509-KILM-WTUS82-TCVILM,,2022
ILM,2022-09-29 15:09,2022-09-30 23:56,2022-09-29 15:09,202210201509,SS,C,A,1009,CAN,NCZ106,112.72386932373047,2022-09-30 23:56,,,,,False,,,,,,,202209291509-KILM-WTUS82-TCVILM,,2022
ILM,2022-09-29 15:09,2022-10-01 02:59,2022-09-29 15:09,202210201509,TR,C,W,1009,CAN,NCZ105,2152.999755859375,2022-10-01 02:59,,,,,False,,,,,,,202209291509-KILM-WTUS82-TCVILM,,2022
ILM,2022-09-29 15:09,2022-10-01 02:59,2022-09-29 15:09,202210201509,TR,C,W,1009,CAN,NCZ099,2471.2265625,2022-10-01 02:59,,,,,False,,,,,,,202209291509-KILM-WTUS82-TCVILM,,2022
ILM,2022-09-29 15:09,2022-10-01 02:59,2022-09-29 15:09,202210201509,TR,C,W,1009,CAN,SCZ024,1053.091796875,2022-10-01 02:59,,,,,False,,,,,,,202209291509-KILM-WTUS82-TCVILM,,2022
ILM,2022-09-29 15:09,2022-09-30 23:56,2022-09-29 15:09,202210201509,SS,C,W,1009,CAN,SCZ056,790.779541015625,2022-09-30 23:56,,,,,False,,,,,,,202209291509-KILM-WTUS82-TCVILM,,2022
ILM,2022-09-29 15:09,2022-10-01 02:59,2022-09-29 15:09,202210201509,TR,C,W,1009,CAN,SCZ017,1257.17724609375,2022-10-01 02:59,,,,,False,,,,,,,202209291509-KILM-WTUS82-TCVILM,,2022
ILM,2022-09-29 15:10,2022-09-30 20:53,2022-09-29 15:10,202210201510,HU,C,W,1009,CAN,AMZ256,1769.9320068359375,2022-09-30 20:53,,,,,False,,,,,,,202209291510-KILM-WHUS72-MWWILM,21,2022
ILM,2022-09-29 21:07,2022-09-30 23:56,2022-09-29 21:07,202210202107,SS,C,A,1009,CAN,NCZ107,367.9503479003906,2022-09-30 23:56,,,,,False,,,,,,,202209292107-KILM-WTUS82-TCVILM,,2022
ILM,2022-09-29 21:07,2022-09-30 23:56,2022-09-29 21:07,202210202107,SS,C,W,1009,CAN,NCZ110,419.9501647949219,2022-09-30 23:56,,,,,False,,,,,,,202209292107-KILM-WTUS82-TCVILM,,2022
ILM,2022-09-29 21:07,2022-09-30 20:57,2022-09-29 21:07,202210202107,HU,C,A,1009,CAN,NCZ108,160.57701110839844,2022-09-30 20:57,,,,,False,,,,,,,202209292107-KILM-WTUS82-TCVILM,,2022
ILM,2022-09-29 21:12,2022-09-30 20:53,2022-09-29 21:12,202210202112,HU,C,W,1009,CAN,AMZ252,2074.400390625,2022-09-30 20:53,,,,,False,,,,,,,202209292112-KILM-WHUS72-MWWILM,,2022
TOP,2022-09-24 07:57,2022-09-24 14:03,2022-09-24 07:57,202209241500,FG,C,Y,6,CAN,KSZ012,1480.467529296875,2022-09-24 14:03,,,,,False,,,,,,,202209240757-KTOP-WWUS73-NPWTOP,Drake,2022
MKX,2022-09-25 22:20,2022-09-25 23:00,2022-09-25 22:20,202209252300,SV,C,W,107,CON,WIC133,1500.6826171875,2022-09-25 22:47,,,,,False,,,,,,,202209252220-KMKX-WUUS53-SVRMKX,PATTERSON,2022
MKX,2022-09-25 22:29,2022-09-25 23:15,2022-09-25 22:29,202209252315,SV,C,W,108,CON,WIC117,1337.4765625,2022-09-25 23:01,,,,,False,,,,,,,202209252229-KMKX-WUUS53-SVRMKX,PATTERSON,2022
MKX,2022-09-25 22:37,2022-09-26 00:00,2022-09-25 22:37,202209260000,MA,C,W,50,NEW,LMZ671,1935.7083740234375,2022-09-25 22:37,,,,,False,,,,,,,202209252237-KMKX-WHUS53-SMWMKX,PATTERSON,2022
MKX,2022-09-25 22:37,2022-09-26 00:00,2022-09-25 22:37,202209260000,MA,C,W,50,NEW,LMZ643,441.98211669921875,2022-09-25 22:37,,,,,False,,,,,,,202209252237-KMKX-WHUS53-SMWMKX,PATTERSON,2022
MKX,2022-09-25 22:37,2022-09-26 00:00,2022-09-25 22:37,202209260000,MA,C,W,50,NEW,LMZ644,262.04913330078125,2022-09-25 22:37,,,,,False,,,,,,,202209252237-KMKX-WHUS53-SMWMKX,PATTERSON,2022
MKX,2022-09-25 22:37,2022-09-26 00:00,2022-09-25 22:37,202209260000,MA,C,W,50,NEW,LMZ669,2414.578857421875,2022-09-25 22:37,,,,,False,,,,,,,202209252237-KMKX-WHUS53-SMWMKX,PATTERSON,2022
MKX,2022-09-25 23:11,2022-09-26 00:45,2022-09-25 23:11,202209260045,MA,C,W,51,CON,LMZ675,1911.3892822265625,2022-09-26 00:28,,,,,False,,,,,,,202209252311-KMKX-WHUS53-SMWMKX,PATTERSON,2022
MKX,2022-09-25 23:11,2022-09-26 00:45,2022-09-25 23:11,202209260045,MA,C,W,51,CON,LMZ646,251.56234741210938,2022-09-26 00:28,,,,,False,,,,,,,202209252311-KMKX-WHUS53-SMWMKX,PATTERSON,2022
MKX,2022-09-25 23:11,2022-09-26 00:45,2022-09-25 23:11,202209260045,MA,C,W,51,CON,LMZ673,1615.9241943359375,2022-09-26 00:28,,,,,False,,,,,,,202209252311-KMKX-WHUS53-SMWMKX,PATTERSON,2022
MKX,2022-09-25 23:11,2022-09-26 00:45,2022-09-25 23:11,202209260045,MA,C,W,51,CON,LMZ645,251.2979278564453,2022-09-26 00:28,,,,,False,,,,,,,202209252311-KMKX-WHUS53-SMWMKX,PATTERSON,2022
MKX,2022-09-25 23:40,2022-09-26 00:15,2022-09-25 23:40,202209260015,SV,C,W,110,CON,WIC101,899.4303588867188,2022-09-26 00:01,,,,,False,,,,,,,202209252340-KMKX-WUUS53-SVRMKX,PATTERSON,2022
MKX,2022-09-25 23:40,2022-09-26 00:15,2022-09-25 23:40,202209260015,SV,C,W,110,CON,WIC059,721.7130737304688,2022-09-26 00:01,,,,,False,,,,,,,202209252340-KMKX-WUUS53-SVRMKX,PATTERSON,2022
MKX,2022-09-26 03:00,2022-09-27 00:00,2022-09-25 19:33,202209262100,GL,C,W,31,EXP,LMZ868,1923.540283203125,2022-09-27 00:02,,,,,False,,,,,,,202209251933-KMKX-WHUS73-MWWMKX,,2022
MKX,2022-09-26 03:00,2022-09-27 00:00,2022-09-25 19:33,202209262100,GL,C,W,31,EXP,LMZ874,2013.3760986328125,2022-09-27 00:02,,,,,False,,,,,,,202209251933-KMKX-WHUS73-MWWMKX,,2022
MKX,2022-09-26 03:00,2022-09-27 00:00,2022-09-25 19:33,202209262100,GL,C,W,31,EXP,LMZ675,1911.3892822265625,2022-09-27 00:02,,,,,False,,,,,,,202209251933-KMKX-WHUS73-MWWMKX,,2022
MKX,2022-09-26 03:00,2022-09-27 00:00,2022-09-25 19:33,202209262100,GL,C,W,31,EXP,LMZ777,2311.567138671875,2022-09-27 00:02,,,,,False,,,,,,,202209251933-KMKX-WHUS73-MWWMKX,,2022
MKX,2022-09-28 05:00,2022-09-28 13:00,2022-09-27 19:43,202209281300,FR,C,Y,2,CON,WIZ067,1640.7264404296875,2022-09-28 08:48,,,,,False,,,,,,,202209271943-KMKX-WWUS73-NPWMKX,,2022
MKX,2022-09-28 05:00,2022-09-28 13:00,2022-09-27 19:43,202209281300,FR,C,Y,2,CON,WIZ056,2193.3759765625,2022-09-28 08:48,,,,,False,,,,,,,202209271943-KMKX-WWUS73-NPWMKX,,2022
MKX,2022-09-28 05:00,2022-09-28 13:00,2022-09-27 19:43,202209281300,FR,C,Y,2,CON,WIZ046,1200.4403076171875,2022-09-28 08:48,,,,,False,,,,,,,202209271943-KMKX-WWUS73-NPWMKX,,2022
MKX,2022-09-29 06:00,2022-09-29 13:00,2022-09-28 18:53,202209291300,FR,C,Y,3,EXP,WIZ072,721.7130737304688,2022-09-29 13:01,,,,,False,,,,,,,202209281853-KMKX-WWUS73-NPWMKX,,2022
MKX,2022-09-29 06:00,2022-09-29 13:00,2022-09-28 18:53,202209291300,FR,C,Y,3,EXP,WIZ058,2344.8955078125,2022-09-29 13:01,,,,,False,,,,,,,202209281853-KMKX-WWUS73-NPWMKX,,2022
MKX,2022-09-29 06:00,2022-09-29 13:00,2022-09-28 18:53,202209291300,FR,C,Y,3,EXP,WIZ070,1490.663818359375,2022-09-29 13:01,,,,,False,,,,,,,202209281853-KMKX-WWUS73-NPWMKX,,2022
MKX,2022-09-29 06:00,2022-09-29 13:00,2022-09-28 18:53,202209291300,FR,C,Y,3,EXP,WIZ062,1985.99951171875,2022-09-29 13:01,,,,,False,,,,,,,202209281853-KMKX-WWUS73-NPWMKX,,2022
MKX,2022-09-29 06:00,2022-09-29 13:00,2022-09-28 18:53,202209291300,FR,C,Y,3,EXP,WIZ066,627.4989624023438,2022-09-29 13:01,,,,,False,,,,,,,202209281853-KMKX-WWUS73-NPWMKX,,2022
MLB,2022-09-26 21:16,2022-09-27 09:31,2022-09-26 21:16,202210172116,TR,C,A,1009,UPG,FLZ647,453.6716003417969,2022-09-27 09:31,,,,,False,,,,,,,202209262116-KMLB-WTUS82-TCVMLB,,2022
MLB,2022-09-27 03:21,2022-09-27 21:17,2022-09-27 03:21,202210180321,TR,C,W,1009,UPG,FLZ044,1612.4522705078125,2022-09-27 21:17,,,,,False,,,,,,,202209270321-KMLB-WTUS82-TCVMLB,,2022
MLB,2022-09-27 03:21,2022-09-27 21:17,2022-09-27 03:21,202210180321,TR,C,W,1009,UPG,FLZ144,1386.970458984375,2022-09-27 21:17,,,,,False,,,,,,,202209270321-KMLB-WTUS82-TCVMLB,,2022
MLB,2022-09-27 03:21,2022-09-27 21:17,2022-09-27 03:21,202210180321,TR,C,W,1009,UPG,FLZ046,894.225830078125,2022-09-27 21:17,,,,,False,,,,,,,202209270321-KMLB-WTUS82-TCVMLB,,2022
MLB,2022-09-27 03:21,2022-09-27 21:17,2022-09-27 03:21,202210180321,HU,C,A,1009,UPG,FLZ144,1386.970458984375,2022-09-27 21:17,,,,,False,,,,,,,202209270321-KMLB-WTUS82-TCVMLB,,2022
BUF,2022-09-24 02:00,2022-09-24 13:00,2022-09-23 17:33,202209241300,FR,C,Y,4,EXP,NYZ020,3419.245361328125,2022-09-24 13:00,,,,,False,,,,,,,202209231733-KBUF-WWUS71-NPWBUF,,2022
BUF,2022-09-24 02:00,2022-09-24 13:00,2022-09-23 17:33,202209241300,FR,C,Y,4,EXP,NYZ021,2675.096435546875,2022-09-24 13:00,,,,,False,,,,,,,202209231733-KBUF-WWUS71-NPWBUF,,2022
MLB,2022-09-27 09:31,2022-09-29 18:30,2022-09-27 09:31,202210180931,TR,C,W,1009,CAN,FLZ264,1087.8250732421875,2022-09-29 18:30,,,,,False,,,,,,,202209270931-KMLB-WTUS82-TCVMLB,,2022
MLB,2022-09-27 09:31,2022-09-29 18:30,2022-09-27 09:31,202210180931,TR,C,W,1009,CAN,FLZ164,359.5745544433594,2022-09-29 18:30,,,,,False,,,,,,,202209270931-KMLB-WTUS82-TCVMLB,,2022
MLB,2022-09-27 20:45,2022-09-28 08:59,2022-09-27 20:45,202209280900,TO,C,A,545,CAN,AMZ555,3750.61376953125,2022-09-28 08:59,,,,,False,,,,,,,202209272045-KMLB-WWUS62-WCNMLB,,2022
MLB,2022-09-27 21:17,2022-09-29 09:41,2022-09-27 21:17,202210182117,HU,C,W,1009,CAN,FLZ046,894.225830078125,2022-09-29 09:41,,,,,False,,,,,,,202209272117-KMLB-WTUS82-TCVMLB,,2022
MLB,2022-09-29 10:27,2022-09-29 13:30,2022-09-29 10:27,202209291330,FF,C,W,8,EXP,FLC009,2741.7197265625,2022-09-29 13:26,00000,0,ER,OO,False,,,,,,,202209291027-KMLB-WGUS52-FFWMLB,JS,2022
MLB,2022-09-26 21:11,2022-09-27 09:55,2022-09-26 21:11,202210172111,TR,C,A,1009,UPG,AMZ552,4612.98583984375,2022-09-27 09:55,,,,,False,,,,,,,202209262111-KMLB-WHUS72-MWWMLB,,2022
MLB,2022-09-26 18:29,2022-09-29 11:41,2022-09-26 18:29,202209300600,FA,C,A,2,CAN,FLZ058,2013.75390625,2022-09-29 11:41,00000,0,ER,OO,False,,,,,,,202209261829-KMLB-WGUS62-FFAMLB,Schaper/Smith,2022
MHX,2022-09-29 15:03,2022-10-01 03:19,2022-09-29 15:03,202210201503,TR,C,W,1009,CAN,NCZ029,1195.3050537109375,2022-10-01 03:19,,,,,False,,,,,,,202209291503-KMHX-WTUS82-TCVMHX,,2022
MHX,2022-09-29 15:03,2022-10-01 03:19,2022-09-29 15:03,202210201503,TR,C,W,1009,CAN,NCZ044,1694.9388427734375,2022-10-01 03:19,,,,,False,,,,,,,202209291503-KMHX-WTUS82-TCVMHX,,2022
MHX,2022-09-29 15:03,2022-10-01 03:19,2022-09-29 15:03,202210201503,TR,C,W,1009,CAN,NCZ079,688.4912109375,2022-10-01 03:19,,,,,False,,,,,,,202209291503-KMHX-WTUS82-TCVMHX,,2022
MHX,2022-09-29 15:03,2022-10-01 03:19,2022-09-29 15:03,202210201503,TR,C,W,1009,CAN,NCZ193,1083.1781005859375,2022-10-01 03:19,,,,,False,,,,,,,202209291503-KMHX-WTUS82-TCVMHX,,2022
MHX,2022-09-29 15:03,2022-10-01 03:19,2022-09-29 15:03,202210201503,TR,C,W,1009,CAN,NCZ090,2121.784912109375,2022-10-01 03:19,,,,,False,,,,,,,202209291503-KMHX-WTUS82-TCVMHX,,2022
MHX,2022-09-29 15:12,2022-10-01 06:55,2022-09-29 15:12,202210201512,TR,C,W,1009,CAN,AMZ152,2046.7967529296875,2022-10-01 06:55,,,,,False,,,,,,,202209291512-KMHX-WHUS72-MWWMHX,,2022
MHX,2022-09-29 15:12,2022-10-01 03:08,2022-09-29 15:12,202210201512,TR,C,W,1009,CAN,AMZ230,1176.0460205078125,2022-10-01 03:08,,,,,False,,,,,,,202209291512-KMHX-WHUS72-MWWMHX,,2022
MHX,2022-09-29 15:12,2022-10-01 03:08,2022-09-29 15:12,202210201512,TR,C,W,1009,CAN,AMZ136,460.9947509765625,2022-10-01 03:08,,,,,False,,,,,,,202209291512-KMHX-WHUS72-MWWMHX,,2022
MHX,2022-09-29 15:12,2022-10-01 03:08,2022-09-29 15:12,202210201512,TR,C,W,1009,CAN,AMZ137,585.7661743164062,2022-10-01 03:08,,,,,False,,,,,,,202209291512-KMHX-WHUS72-MWWMHX,,2022
MFL,2022-09-27 18:47,2022-09-27 19:15,2022-09-27 18:47,202209271915,MA,C,W,349,EXP,AMZ671,10424.37890625,2022-09-27 19:12,,,,,False,,,,,,,202209271847-KMFL-WHUS52-SMWMFL,MFL,2022
MHX,2022-09-29 15:12,2022-10-01 06:55,2022-09-29 15:12,202210201512,TR,C,W,1009,CAN,AMZ150,1704.2294921875,2022-10-01 06:55,,,,,False,,,,,,,202209291512-KMHX-WHUS72-MWWMHX,,2022
MHX,2022-09-29 15:12,2022-10-01 03:08,2022-09-29 15:12,202210201512,TR,C,W,1009,CAN,AMZ135,4205.1591796875,2022-10-01 03:08,,,,,False,,,,,,,202209291512-KMHX-WHUS72-MWWMHX,,2022
MHX,2022-09-29 15:12,2022-10-01 03:08,2022-09-29 15:12,202210201512,TR,C,W,1009,CAN,AMZ231,396.36431884765625,2022-10-01 03:08,,,,,False,,,,,,,202209291512-KMHX-WHUS72-MWWMHX,,2022
GSP,2022-09-29 15:17,2022-10-01 02:57,2022-09-29 15:17,202210201517,TR,C,W,1009,CAN,NCZ056,1070.951904296875,2022-10-01 02:57,,,,,False,,,,,,,202209291517-KGSP-WTUS82-TCVGSP,,2022
JAX,2022-09-28 15:18,2022-10-02 06:15,2022-09-28 15:18,202209302000,RP,C,S,34,CAN,GAZ154,488.05682373046875,2022-10-02 06:15,,,,,False,,,,,,,202209281518-KJAX-WHUS42-CFWJAX,,2022
JAX,2022-09-27 15:13,2022-09-30 15:00,2022-09-27 15:13,202210181513,SS,C,W,1009,CAN,FLZ132,240.88516235351562,2022-09-30 15:00,,,,,False,,,,,,,202209271513-KJAX-WTUS82-TCVJAX,,2022
JAX,2022-09-27 15:13,2022-09-29 21:06,2022-09-27 15:13,202210181513,TR,C,W,1009,CAN,FLZ232,1427.7642822265625,2022-09-29 21:06,,,,,False,,,,,,,202209271513-KJAX-WTUS82-TCVJAX,,2022
JAX,2022-09-27 15:13,2022-09-30 08:55,2022-09-27 15:13,202210181513,TR,C,W,1009,CAN,FLZ132,240.88516235351562,2022-09-30 08:55,,,,,False,,,,,,,202209271513-KJAX-WTUS82-TCVJAX,,2022
GSP,2022-09-29 15:17,2022-10-01 02:57,2022-09-29 15:17,202210201517,TR,C,W,1009,CAN,NCZ036,1546.22314453125,2022-10-01 02:57,,,,,False,,,,,,,202209291517-KGSP-WTUS82-TCVGSP,,2022
GSP,2022-09-29 15:17,2022-10-01 02:57,2022-09-29 15:17,202210201517,TR,C,W,1009,CAN,NCZ070,941.5641479492188,2022-10-01 02:57,,,,,False,,,,,,,202209291517-KGSP-WTUS82-TCVGSP,,2022
JAX,2022-09-29 15:21,2022-09-29 19:15,2022-09-29 15:21,202209291915,FF,C,W,7,NEW,FLC109,1702.60009765625,2022-09-29 15:21,00000,0,ER,OO,False,,,,,,,202209291521-KJAX-WGUS52-FFWJAX,AK,2022
LOX,2022-09-27 22:00,2022-09-28 03:11,2022-09-27 20:35,202209280400,SC,C,Y,154,CAN,PZZ650,3348.822998046875,2022-09-28 03:11,,,,,False,,,,,,,202209272035-KLOX-WHUS76-MWWLOX,,2022
JSJ,2022-09-27 17:19,2022-09-27 20:30,2022-09-27 17:19,202209272030,FA,C,Y,285,EXP,PRC117,38.64507293701172,2022-09-27 20:26,00000,N,ER,OO,False,,,,,,,202209271719-TJSJ-WGCA82-FLSSJU,DSR,2022
MOB,2022-09-28 14:00,2022-09-29 00:00,2022-09-27 09:50,202209290000,FW,C,W,6,CON,FLZ203,2283.0341796875,2022-09-28 20:10,,,,,False,,,,,,,202209270950-KMOB-WWUS84-RFWMOB,,2022
MLB,2022-09-27 14:58,2022-09-28 15:31,2022-09-27 14:58,202210181458,TR,C,W,1009,UPG,AMZ550,2759.165771484375,2022-09-28 15:31,,,,,False,,,,,,,202209271458-KMLB-WHUS72-MWWMLB,,2022
LOX,2022-09-29 19:00,2022-09-30 10:00,2022-09-29 09:32,202209301000,SC,C,Y,154,EXP,PZZ650,3348.822998046875,2022-09-30 10:28,,,,,False,,,,,,,202209290932-KLOX-WHUS76-MWWLOX,Hall,2022
MLB,2022-09-27 20:45,2022-09-28 08:59,2022-09-27 20:45,202209280900,TO,C,A,545,CAN,FLC111,1493.834228515625,2022-09-28 08:59,,,,,False,,,,,,,202209272045-KMLB-WWUS62-WCNMLB,,2022
MHX,2022-09-28 21:00,2022-09-28 08:41,2022-09-27 19:42,202209291200,SC,C,Y,77,UPG,AMZ154,1929.5477294921875,2022-09-28 08:41,,,,,False,,,,,,,202209271942-KMHX-WHUS72-MWWMHX,,2022
MFL,2022-09-27 20:11,2022-09-27 20:45,2022-09-27 20:11,202209272045,MA,C,W,351,EXP,AMZ671,10424.37890625,2022-09-27 20:45,,,,,False,,,,,,,202209272011-KMFL-WHUS52-SMWMFL,MFL,2022
KEY,2022-09-27 21:20,2022-09-28 21:16,2022-09-27 21:20,202210182120,TR,C,W,1009,CAN,FLZ076,130.48358154296875,2022-09-28 21:16,,,,,False,,,,,,,202209272120-KKEY-WTUS82-TCVKEY,CLR,2022
TBW,2022-09-27 21:27,2022-09-29 09:10,2022-09-27 21:27,202210182127,HU,C,W,1009,CAN,FLZ057,2869.966796875,2022-09-29 09:10,,,,,False,,,,,,,202209272127-KTBW-WTUS82-TCVTBW,,2022
TBW,2022-09-26 21:17,2022-09-29 09:16,2022-09-26 21:17,202210172117,HU,C,W,1009,CAN,GMZ873,9202.119140625,2022-09-29 09:16,,,,,False,,,,,,,202209262117-KTBW-WHUS72-MWWTBW,,2022
GRR,2022-09-27 00:00,2022-09-28 14:35,2022-09-26 23:49,202209281500,SC,C,Y,90,CAN,LMZ849,431.2414245605469,2022-09-28 14:35,,,,,False,,,,,,,202209262349-KGRR-WHUS73-MWWGRR,,2022
MFL,2022-09-27 23:46,2022-09-28 00:15,2022-09-27 23:46,202209280015,TO,C,W,34,EXP,FLC011,3161.671630859375,2022-09-28 00:10,,,,,False,,,,,,,202209272346-KMFL-WFUS52-TORMFL,ATV,2022
TBW,2022-09-29 16:25,2022-09-30 18:00,2022-09-29 16:25,202209301800,SC,C,Y,23,CON,GMZ876,5190.9150390625,2022-09-30 07:59,,,,,False,,,,,,,202209291625-KTBW-WHUS72-MWWTBW,,2022
TBW,2022-09-29 16:36,2022-10-01 00:00,2022-09-29 16:36,202210010000,RP,C,S,17,NEW,FLZ050,739.8617553710938,2022-09-29 16:36,,,,,False,,,,,,,202209291636-KTBW-WHUS42-CFWTBW,,2022
MFL,2022-09-28 01:14,2022-09-28 01:45,2022-09-28 01:14,202209280145,TO,C,W,41,EXP,FLC021,5251.28515625,2022-09-28 01:38,,,,,False,,,,,,,202209280114-KMFL-WFUS52-TORMFL,NC,2022
MFL,2022-09-28 01:38,2022-09-28 02:15,2022-09-28 01:38,202209280215,MA,C,W,355,NEW,AMZ650,2599.531494140625,2022-09-28 01:38,,,,,False,,,,,,,202209280138-KMFL-WHUS52-SMWMFL,GR,2022
TOP,2022-09-24 07:57,2022-09-24 14:03,2022-09-24 07:57,202209241500,FG,C,Y,6,CAN,KSZ036,1046.4434814453125,2022-09-24 14:03,,,,,False,,,,,,,202209240757-KTOP-WWUS73-NPWTOP,Drake,2022
GSP,2022-09-29 15:17,2022-10-01 02:57,2022-09-29 15:17,202210201517,TR,C,W,1009,CAN,SCZ014,1518.3934326171875,2022-10-01 02:57,,,,,False,,,,,,,202209291517-KGSP-WTUS82-TCVGSP,,2022
VEF,2022-09-29 20:07,2022-09-29 22:00,2022-09-29 20:07,202209292200,FF,C,W,313,EXP,AZC015,34890.7890625,2022-09-29 21:51,00000,0,ER,OO,False,,,,,,,202209292007-KVEF-WGUS55-FFWVEF,BKP,2022
CAE,2022-09-29 15:06,2022-09-30 20:52,2022-09-29 15:06,202210201506,TR,C,W,1009,CAN,SCZ041,1024.774169921875,2022-09-30 20:52,,,,,False,,,,,,,202209291506-KCAE-WTUS82-TCVCAE,,2022
CAE,2022-09-29 15:06,2022-09-30 20:52,2022-09-29 15:06,202210201506,TR,C,W,1009,CAN,SCZ030,2799.451171875,2022-09-30 20:52,,,,,False,,,,,,,202209291506-KCAE-WTUS82-TCVCAE,,2022
CAE,2022-09-29 15:06,2022-09-30 20:52,2022-09-29 15:06,202210201506,TR,C,W,1009,CAN,SCZ020,1676.841796875,2022-09-30 20:52,,,,,False,,,,,,,202209291506-KCAE-WTUS82-TCVCAE,,2022
CAE,2022-09-29 15:06,2022-09-30 23:55,2022-09-29 15:06,202210201506,TR,C,W,1009,CAN,SCZ135,571.0055541992188,2022-09-30 23:55,,,,,False,,,,,,,202209291506-KCAE-WTUS82-TCVCAE,,2022
CAE,2022-09-29 15:06,2022-09-30 23:55,2022-09-29 15:06,202210201506,TR,C,W,1009,CAN,SCZ027,1963.472900390625,2022-09-30 23:55,,,,,False,,,,,,,202209291506-KCAE-WTUS82-TCVCAE,,2022
CAE,2022-09-29 15:06,2022-09-30 23:55,2022-09-29 15:06,202210201506,TR,C,W,1009,CAN,SCZ136,1144.218505859375,2022-09-30 23:55,,,,,False,,,,,,,202209291506-KCAE-WTUS82-TCVCAE,,2022
CAE,2022-09-29 15:06,2022-09-30 23:55,2022-09-29 15:06,202210201506,TR,C,W,1009,CAN,SCZ037,1016.68310546875,2022-09-30 23:55,,,,,False,,,,,,,202209291506-KCAE-WTUS82-TCVCAE,,2022
ILM,2022-09-29 15:09,2022-09-30 23:56,2022-09-29 15:09,202210201509,SS,C,W,1009,CAN,SCZ054,458.3331604003906,2022-09-30 23:56,,,,,False,,,,,,,202209291509-KILM-WTUS82-TCVILM,,2022
ILM,2022-09-24 22:00,2022-09-25 01:04,2022-09-24 17:50,202209250200,CF,C,Y,79,CAN,NCZ106,112.72386932373047,2022-09-25 01:04,,,,,False,,,,,,,202209241750-KILM-WHUS42-CFWILM,CRM,2022
ILM,2022-09-24 22:00,2022-09-25 01:04,2022-09-24 17:50,202209250200,CF,C,Y,79,CAN,NCZ110,419.9501647949219,2022-09-25 01:04,,,,,False,,,,,,,202209241750-KILM-WHUS42-CFWILM,CRM,2022
ILM,2022-09-28 10:00,2022-09-29 00:00,2022-09-28 00:10,202209290000,BH,C,S,39,EXP,SCZ056,790.779541015625,2022-09-28 23:58,,,,,False,,,,,,,202209280010-KILM-WHUS42-CFWILM,,2022
ILM,2022-09-28 15:04,2022-09-29 15:10,2022-09-28 15:04,202210191504,TR,C,W,1009,UPG,AMZ254,2028.3057861328125,2022-09-29 15:10,,,,,False,,,,,,,202209281504-KILM-WHUS72-MWWILM,,2022
ILM,2022-09-28 15:04,2022-09-29 15:10,2022-09-28 15:04,202210191504,TR,C,W,1009,UPG,AMZ256,1769.9320068359375,2022-09-29 15:10,,,,,False,,,,,,,202209281504-KILM-WHUS72-MWWILM,,2022
ILM,2022-09-28 21:05,2022-09-29 15:09,2022-09-28 21:05,202210192105,TR,C,W,1009,UPG,SCZ059,1207.5826416015625,2022-09-29 15:09,,,,,False,,,,,,,202209282105-KILM-WTUS82-TCVILM,,2022
ILM,2022-09-28 21:05,2022-09-29 21:07,2022-09-28 21:05,202210192105,TR,C,W,1009,UPG,NCZ110,419.9501647949219,2022-09-29 21:07,,,,,False,,,,,,,202209282105-KILM-WTUS82-TCVILM,,2022
ILM,2022-09-29 10:00,2022-09-29 23:34,2022-09-29 00:41,202209300000,RP,C,S,20,CAN,NCZ106,112.72386932373047,2022-09-29 23:34,,,,,False,,,,,,,202209290041-KILM-WHUS42-CFWILM,,2022
ILM,2022-09-29 10:00,2022-09-29 23:34,2022-09-29 00:41,202209300000,RP,C,S,20,CAN,SCZ054,458.3331604003906,2022-09-29 23:34,,,,,False,,,,,,,202209290041-KILM-WHUS42-CFWILM,,2022
CLE,2022-09-27 23:57,2022-09-28 09:00,2022-09-27 23:57,202209280900,FA,C,W,19,EXP,OHC007,1835.226806640625,2022-09-28 08:54,00000,0,ER,OO,False,,,,,,,202209272357-KCLE-WGUS41-FLWCLE,Clark,2022
TOP,2022-09-24 07:57,2022-09-24 14:03,2022-09-24 07:57,202209241500,FG,C,Y,6,CAN,KSZ010,2339.912109375,2022-09-24 14:03,,,,,False,,,,,,,202209240757-KTOP-WWUS73-NPWTOP,Drake,2022
TOP,2022-09-24 07:57,2022-09-24 14:03,2022-09-24 07:57,202209241500,FG,C,Y,6,CAN,KSZ038,2069.77294921875,2022-09-24 14:03,,,,,False,,,,,,,202209240757-KTOP-WWUS73-NPWTOP,Drake,2022
TOP,2022-09-24 07:57,2022-09-24 14:03,2022-09-24 07:57,202209241500,FG,C,Y,6,CAN,KSZ040,1227.89697265625,2022-09-24 14:03,,,,,False,,,,,,,202209240757-KTOP-WWUS73-NPWTOP,Drake,2022
TOP,2022-09-24 07:57,2022-09-24 14:03,2022-09-24 07:57,202209241500,FG,C,Y,6,CAN,KSZ039,1439.4512939453125,2022-09-24 14:03,,,,,False,,,,,,,202209240757-KTOP-WWUS73-NPWTOP,Drake,2022
MKX,2022-09-25 22:10,2022-09-25 22:45,2022-09-25 22:10,202209252245,SV,C,W,106,CON,WIC027,2344.8955078125,2022-09-25 22:31,,,,,False,,,,,,,202209252210-KMKX-WUUS53-SVRMKX,PATTERSON,2022
MKX,2022-09-25 22:10,2022-09-25 22:45,2022-09-25 22:10,202209252245,SV,C,W,106,CON,WIC131,1126.6961669921875,2022-09-25 22:31,,,,,False,,,,,,,202209252210-KMKX-WUUS53-SVRMKX,PATTERSON,2022
MKX,2022-09-25 22:20,2022-09-25 22:47,2022-09-25 22:20,202209252300,SV,C,W,107,CAN,WIC021,2056.86767578125,2022-09-25 22:47,,,,,False,,,,,,,202209252220-KMKX-WUUS53-SVRMKX,PATTERSON,2022
MKX,2022-09-25 22:20,2022-09-25 23:00,2022-09-25 22:20,202209252300,SV,C,W,107,CON,WIC027,2344.8955078125,2022-09-25 22:47,,,,,False,,,,,,,202209252220-KMKX-WUUS53-SVRMKX,PATTERSON,2022
MKX,2022-09-25 22:29,2022-09-25 23:15,2022-09-25 22:29,202209252315,SV,C,W,108,CON,WIC089,605.5765380859375,2022-09-25 23:01,,,,,False,,,,,,,202209252229-KMKX-WUUS53-SVRMKX,PATTERSON,2022
MKX,2022-09-25 23:59,2022-09-26 00:45,2022-09-25 23:59,202209260045,MA,C,W,52,CON,LMZ671,1935.7083740234375,2022-09-26 00:27,,,,,False,,,,,,,202209252359-KMKX-WHUS53-SMWMKX,PATTERSON,2022
MKX,2022-09-25 23:59,2022-09-26 00:27,2022-09-25 23:59,202209260045,MA,C,W,52,CAN,LMZ673,1615.9241943359375,2022-09-26 00:27,,,,,False,,,,,,,202209252359-KMKX-WHUS53-SMWMKX,PATTERSON,2022
MKX,2022-09-26 00:44,2022-09-26 01:30,2022-09-26 00:44,202209260130,MA,C,W,53,EXP,LMZ675,1911.3892822265625,2022-09-26 01:20,,,,,False,,,,,,,202209260044-KMKX-WHUS53-SMWMKX,PATTERSON,2022
MKX,2022-09-26 00:44,2022-09-26 01:30,2022-09-26 00:44,202209260130,MA,C,W,53,EXP,LMZ673,1615.9241943359375,2022-09-26 01:20,,,,,False,,,,,,,202209260044-KMKX-WHUS53-SMWMKX,PATTERSON,2022
MKX,2022-09-26 03:00,2022-09-27 00:00,2022-09-25 19:33,202209262100,GL,C,W,31,EXP,LMZ364,2977.0458984375,2022-09-27 00:02,,,,,False,,,,,,,202209251933-KMKX-WHUS73-MWWMKX,,2022
MKX,2022-09-26 03:00,2022-09-27 00:00,2022-09-25 19:33,202209262100,GL,C,W,31,EXP,LMZ671,1935.7083740234375,2022-09-27 00:02,,,,,False,,,,,,,202209251933-KMKX-WHUS73-MWWMKX,,2022
MKX,2022-09-26 03:00,2022-09-27 00:00,2022-09-25 19:33,202209262100,GL,C,W,31,EXP,LMZ673,1615.9241943359375,2022-09-27 00:02,,,,,False,,,,,,,202209251933-KMKX-WHUS73-MWWMKX,,2022
MKX,2022-09-26 03:00,2022-09-27 00:00,2022-09-25 19:33,202209262100,GL,C,W,31,EXP,LMZ366,2095.0146484375,2022-09-27 00:02,,,,,False,,,,,,,202209251933-KMKX-WHUS73-MWWMKX,,2022
MKX,2022-09-26 03:00,2022-09-27 00:00,2022-09-25 19:33,202209262100,GL,C,W,31,EXP,LMZ669,2414.578857421875,2022-09-27 00:02,,,,,False,,,,,,,202209251933-KMKX-WHUS73-MWWMKX,,2022
MKX,2022-09-26 03:00,2022-09-27 00:00,2022-09-25 19:33,202209262100,GL,C,W,31,EXP,LMZ567,1464.62060546875,2022-09-27 00:02,,,,,False,,,,,,,202209251933-KMKX-WHUS73-MWWMKX,,2022
MKX,2022-09-26 03:00,2022-09-27 00:00,2022-09-25 19:33,202209262100,GL,C,W,31,EXP,LMZ565,2563.4716796875,2022-09-27 00:02,,,,,False,,,,,,,202209251933-KMKX-WHUS73-MWWMKX,,2022
MKX,2022-09-26 03:00,2022-09-27 00:00,2022-09-25 19:33,202209262100,GL,C,W,31,EXP,LMZ878,1581.9830322265625,2022-09-27 00:02,,,,,False,,,,,,,202209251933-KMKX-WHUS73-MWWMKX,,2022
MKX,2022-09-26 03:00,2022-09-27 00:00,2022-09-25 19:33,202209262100,GL,C,W,31,EXP,LMZ876,2135.568603515625,2022-09-27 00:02,,,,,False,,,,,,,202209251933-KMKX-WHUS73-MWWMKX,,2022
MKX,2022-09-28 05:00,2022-09-28 13:00,2022-09-27 19:43,202209281300,FR,C,Y,2,CON,WIZ047,983.5125122070312,2022-09-28 08:48,,,,,False,,,,,,,202209271943-KMKX-WWUS73-NPWMKX,,2022
MKX,2022-09-29 06:00,2022-09-29 13:00,2022-09-28 18:53,202209291300,FR,C,Y,3,EXP,WIZ065,1500.6826171875,2022-09-29 13:01,,,,,False,,,,,,,202209281853-KMKX-WWUS73-NPWMKX,,2022
MKX,2022-09-29 06:00,2022-09-29 13:00,2022-09-28 18:53,202209291300,FR,C,Y,3,EXP,WIZ067,1640.7264404296875,2022-09-29 13:01,,,,,False,,,,,,,202209281853-KMKX-WWUS73-NPWMKX,,2022
MKX,2022-09-29 06:00,2022-09-29 13:00,2022-09-28 18:53,202209291300,FR,C,Y,3,EXP,WIZ063,3201.57373046875,2022-09-29 13:01,,,,,False,,,,,,,202209281853-KMKX-WWUS73-NPWMKX,,2022
MKX,2022-09-29 06:00,2022-09-29 13:00,2022-09-28 18:53,202209291300,FR,C,Y,3,EXP,WIZ052,1337.4803466796875,2022-09-29 13:01,,,,,False,,,,,,,202209281853-KMKX-WWUS73-NPWMKX,,2022
MKX,2022-09-29 06:00,2022-09-29 13:00,2022-09-28 18:53,202209291300,FR,C,Y,3,EXP,WIZ046,1200.4403076171875,2022-09-29 13:01,,,,,False,,,,,,,202209281853-KMKX-WWUS73-NPWMKX,,2022
MKX,2022-09-29 06:00,2022-09-29 13:00,2022-09-28 18:53,202209291300,FR,C,Y,3,EXP,WIZ069,1877.6778564453125,2022-09-29 13:01,,,,,False,,,,,,,202209281853-KMKX-WWUS73-NPWMKX,,2022
MLB,2022-09-26 21:16,2022-09-27 09:31,2022-09-26 21:16,202210172116,TR,C,A,1009,UPG,FLZ747,132.90597534179688,2022-09-27 09:31,,,,,False,,,,,,,202209262116-KMLB-WTUS82-TCVMLB,,2022
MLB,2022-09-27 09:31,2022-09-28 15:30,2022-09-27 09:31,202210180931,TR,C,W,1009,UPG,FLZ747,132.90597534179688,2022-09-28 15:30,,,,,False,,,,,,,202209270931-KMLB-WTUS82-TCVMLB,,2022
MLB,2022-09-27 09:31,2022-09-30 00:08,2022-09-27 09:31,202210180931,TR,C,W,1009,CAN,FLZ254,913.12841796875,2022-09-30 00:08,,,,,False,,,,,,,202209270931-KMLB-WTUS82-TCVMLB,,2022
MLB,2022-09-27 09:31,2022-09-28 15:30,2022-09-27 09:31,202210180931,TR,C,W,1009,UPG,FLZ547,1152.2489013671875,2022-09-28 15:30,,,,,False,,,,,,,202209270931-KMLB-WTUS82-TCVMLB,,2022
BUF,2022-09-24 02:00,2022-09-24 13:00,2022-09-23 17:33,202209241300,FR,C,Y,4,EXP,NYZ007,3312.804443359375,2022-09-24 13:00,,,,,False,,,,,,,202209231733-KBUF-WWUS71-NPWBUF,,2022
MLB,2022-09-27 09:31,2022-09-28 15:30,2022-09-27 09:31,202210180931,TR,C,W,1009,UPG,FLZ347,226.41384887695312,2022-09-28 15:30,,,,,False,,,,,,,202209270931-KMLB-WTUS82-TCVMLB,,2022
MLB,2022-09-27 21:17,2022-09-29 09:41,2022-09-27 21:17,202210182117,HU,C,W,1009,CAN,FLZ044,1612.4522705078125,2022-09-29 09:41,,,,,False,,,,,,,202209272117-KMLB-WTUS82-TCVMLB,,2022
MLB,2022-09-29 09:41,2022-09-30 03:17,2022-09-29 09:41,202210200941,TR,C,W,1009,CAN,FLZ247,330.4070129394531,2022-09-30 03:17,,,,,False,,,,,,,202209290941-KMLB-WTUS82-TCVMLB,,2022
MLB,2022-09-26 21:11,2022-09-27 09:55,2022-09-26 21:11,202210172111,TR,C,A,1009,UPG,AMZ575,7583.2509765625,2022-09-27 09:55,,,,,False,,,,,,,202209262111-KMLB-WHUS72-MWWMLB,,2022
MLB,2022-09-26 18:29,2022-09-29 11:41,2022-09-26 18:29,202209300600,FA,C,A,2,CAN,FLZ154,423.17010498046875,2022-09-29 11:41,00000,0,ER,OO,False,,,,,,,202209261829-KMLB-WGUS62-FFAMLB,Schaper/Smith,2022
MLB,2022-09-26 21:11,2022-09-27 14:58,2022-09-26 21:11,202210172111,TR,C,A,1009,UPG,AMZ550,2759.165771484375,2022-09-27 14:58,,,,,False,,,,,,,202209262111-KMLB-WHUS72-MWWMLB,,2022
MLB,2022-09-26 21:16,2022-09-27 09:31,2022-09-26 21:16,202210172116,TR,C,A,1009,UPG,FLZ159,386.3283996582031,2022-09-27 09:31,,,,,False,,,,,,,202209262116-KMLB-WTUS82-TCVMLB,,2022
MLB,2022-09-26 21:16,2022-09-27 15:19,2022-09-26 21:16,202210172116,TR,C,A,1009,UPG,FLZ041,2526.55712890625,2022-09-27 15:19,,,,,False,,,,,,,202209262116-KMLB-WTUS82-TCVMLB,,2022
MLB,2022-09-26 21:16,2022-09-27 09:31,2022-09-26 21:16,202210172116,TR,C,A,1009,UPG,FLZ164,359.5745544433594,2022-09-27 09:31,,,,,False,,,,,,,202209262116-KMLB-WTUS82-TCVMLB,,2022
MLB,2022-09-28 08:59,2022-09-28 20:31,2022-09-28 08:59,202209282100,TO,C,A,546,CAN,FLC111,1493.834228515625,2022-09-28 20:31,,,,,False,,,,,,,202209280859-KMLB-WWUS62-WCNMLB,,2022
MLB,2022-09-28 08:59,2022-09-28 20:31,2022-09-28 08:59,202209282100,TO,C,A,546,CAN,FLC117,894.225830078125,2022-09-28 20:31,,,,,False,,,,,,,202209280859-KMLB-WWUS62-WCNMLB,,2022
MLB,2022-09-28 08:59,2022-09-28 20:31,2022-09-28 08:59,202209282100,TO,C,A,546,CAN,AMZ575,7583.2509765625,2022-09-28 20:31,,,,,False,,,,,,,202209280859-KMLB-WWUS62-WCNMLB,,2022
MLB,2022-09-28 08:59,2022-09-28 20:31,2022-09-28 08:59,202209282100,TO,C,A,546,CAN,FLC093,2013.75390625,2022-09-28 20:31,,,,,False,,,,,,,202209280859-KMLB-WWUS62-WCNMLB,,2022
MLB,2022-09-28 08:59,2022-09-28 20:31,2022-09-28 08:59,202209282100,TO,C,A,546,CAN,FLC097,3908.311279296875,2022-09-28 20:31,,,,,False,,,,,,,202209280859-KMLB-WWUS62-WCNMLB,,2022
MLB,2022-09-28 23:59,2022-09-29 03:45,2022-09-28 23:59,202209290345,FA,C,W,16,NEW,FLC097,3908.311279296875,2022-09-28 23:59,00000,0,ER,OO,False,,,,,,,202209282359-KMLB-WGUS42-FLWMLB,CL,2022
MLB,2022-09-28 23:59,2022-09-29 03:45,2022-09-28 23:59,202209290345,FA,C,W,16,NEW,FLC095,2604.07568359375,2022-09-28 23:59,00000,0,ER,OO,False,,,,,,,202209282359-KMLB-WGUS42-FLWMLB,CL,2022
MLB,2022-09-28 20:31,2022-09-29 04:57,2022-09-28 20:31,202209290500,TO,C,A,547,CAN,FLC093,2013.75390625,2022-09-29 04:57,,,,,False,,,,,,,202209282031-KMLB-WWUS62-WCNMLB,,2022
MLB,2022-09-28 20:31,2022-09-29 04:57,2022-09-28 20:31,202209290500,TO,C,A,547,CAN,FLC095,2604.07568359375,2022-09-29 04:57,,,,,False,,,,,,,202209282031-KMLB-WWUS62-WCNMLB,,2022
MLB,2022-09-28 20:31,2022-09-29 04:57,2022-09-28 20:31,202209290500,TO,C,A,547,CAN,AMZ575,7583.2509765625,2022-09-29 04:57,,,,,False,,,,,,,202209282031-KMLB-WWUS62-WCNMLB,,2022
MLB,2022-09-29 03:41,2022-09-29 09:30,2022-09-29 03:41,202209290930,FA,C,W,17,NEW,FLC061,1336.3253173828125,2022-09-29 03:41,00000,0,ER,OO,False,,,,,,,202209290341-KMLB-WGUS42-FLWMLB,CL,2022
MLB,2022-09-29 03:41,2022-09-29 09:30,2022-09-29 03:41,202209290930,FA,C,W,17,NEW,FLC093,2013.75390625,2022-09-29 03:41,00000,0,ER,OO,False,,,,,,,202209290341-KMLB-WGUS42-FLWMLB,CL,2022
MLB,2022-09-29 03:48,2022-09-29 14:45,2022-09-29 03:48,202209290645,FF,C,W,1,EXP,FLC095,2604.07568359375,2022-09-29 14:42,00000,0,ER,OO,False,,,,,,,202209290348-KMLB-WGUS52-FFWMLB,CL,2022
MLB,2022-09-29 04:16,2022-09-29 09:15,2022-09-29 04:16,202209290715,FF,C,W,2,EXP,FLC097,3908.311279296875,2022-09-29 09:08,00000,0,ER,OO,False,,,,,,,202209290416-KMLB-WGUS52-FFWMLB,CL,2022
MLB,2022-09-29 04:58,2022-09-29 10:00,2022-09-29 04:58,202209290800,FF,C,W,3,EXT,FLC009,2741.7197265625,2022-09-29 07:41,00000,0,ER,OO,False,,,,,,,202209290458-KMLB-WGUS52-FFWMLB,CL,2022
MLB,2022-09-29 06:49,2022-10-06 21:32,2022-09-29 06:49,202209292221,FL,C,W,5,CAN,FLC117,894.225830078125,2022-10-06 21:32,LWAF1,3,ER,NR,False,,,,,,,202209290649-KMLB-WGUS42-FLWMLB,,2022
MLB,2022-09-29 06:59,2022-10-10 12:59,2022-09-29 06:59,202209300900,FL,C,W,6,CAN,FLC097,3908.311279296875,2022-10-10 12:59,SHIF1,3,ER,NR,False,,,,,,,202209290659-KMLB-WGUS42-FLWMLB,,2022
MLB,2022-09-29 07:16,2022-09-29 15:15,2022-09-29 07:16,202209291015,FF,C,W,4,EXP,FLC127,3181.331298828125,2022-09-29 15:13,00000,0,ER,OO,True,,,,,,,202209290716-KMLB-WGUS52-FFWMLB,CL,2022
MFL,2022-09-28 01:36,2022-09-28 02:00,2022-09-28 01:36,202209280200,MA,C,W,354,NEW,AMZ650,2599.531494140625,2022-09-28 01:36,,,,,False,,,,,,,202209280136-KMFL-WHUS52-SMWMFL,GR,2022
CHS,2022-09-29 15:10,2022-09-30 21:02,2022-09-29 15:10,202210201510,HU,C,W,1009,CAN,AMZ350,4509.06201171875,2022-09-30 21:02,,,,,False,,,,,,,202209291510-KCHS-WHUS72-MWWCHS,,2022
MHX,2022-09-29 15:03,2022-10-01 03:19,2022-09-29 15:03,202210201503,TR,C,W,1009,CAN,NCZ046,1010.3712158203125,2022-10-01 03:19,,,,,False,,,,,,,202209291503-KMHX-WTUS82-TCVMHX,,2022
RAH,2022-09-29 15:07,2022-10-01 03:00,2022-09-29 15:07,202210201507,TR,C,W,1009,CAN,NCZ088,1705.480712890625,2022-10-01 03:00,,,,,False,,,,,,,202209291507-KRAH-WTUS82-TCVRAH,,2022
JAX,2022-09-29 16:00,2022-09-30 09:00,2022-09-29 16:00,202210201600,HU,C,W,1009,CAN,AMZ452,2917.99072265625,2022-09-30 09:00,,,,,False,,,,,,,202209291600-KJAX-WHUS72-MWWJAX,,2022
RAH,2022-09-29 15:07,2022-10-01 03:23,2022-09-29 15:07,202210201507,TR,C,W,1009,CAN,NCZ040,1836.3267822265625,2022-10-01 03:23,,,,,False,,,,,,,202209291507-KRAH-WTUS82-TCVRAH,,2022
ILM,2022-09-29 23:52,2022-09-30 20:53,2022-09-29 23:52,202210202352,HU,C,A,1009,CAN,AMZ250,2646.10205078125,2022-09-30 20:53,,,,,False,,,,,,,202209292352-KILM-WHUS72-MWWILM,,2022
JSJ,2022-09-29 19:16,2022-09-30 03:15,2022-09-29 19:16,202209292315,FA,C,Y,294,EXP,PRC103,134.8363494873047,2022-09-30 03:17,00000,N,ER,OO,False,,,,,,,202209291916-TJSJ-WGCA82-FLSSJU,JA,2022
TOP,2022-09-24 07:57,2022-09-24 14:03,2022-09-24 07:57,202209241500,FG,C,Y,6,CAN,KSZ022,1609.6453857421875,2022-09-24 14:03,,,,,False,,,,,,,202209240757-KTOP-WWUS73-NPWTOP,Drake,2022
ILM,2022-09-29 15:09,2022-10-01 02:59,2022-09-29 15:09,202210201509,TR,C,W,1009,CAN,SCZ032,2082.125244140625,2022-10-01 02:59,,,,,False,,,,,,,202209291509-KILM-WTUS82-TCVILM,,2022
ILM,2022-09-29 15:10,2022-09-30 20:53,2022-09-29 15:10,202210201510,HU,C,W,1009,CAN,AMZ254,2028.3057861328125,2022-09-30 20:53,,,,,False,,,,,,,202209291510-KILM-WHUS72-MWWILM,21,2022
ILM,2022-09-25 00:00,2022-09-25 04:49,2022-09-24 17:50,202209250500,CF,C,Y,79,CAN,NCZ107,367.9503479003906,2022-09-25 04:49,,,,,False,,,,,,,202209241750-KILM-WHUS42-CFWILM,CRM,2022
ILM,2022-09-26 01:00,2022-09-26 04:00,2022-09-25 18:52,202209260400,CF,C,Y,80,EXP,NCZ107,367.9503479003906,2022-09-26 03:50,,,,,False,,,,,,,202209251852-KILM-WHUS42-CFWILM,9,2022
ILM,2022-09-27 01:00,2022-09-27 04:00,2022-09-26 19:23,202209270400,CF,C,Y,81,EXP,NCZ107,367.9503479003906,2022-09-27 04:11,,,,,False,,,,,,,202209261923-KILM-WHUS42-CFWILM,9,2022
ILM,2022-09-29 00:00,2022-09-28 21:06,2022-09-28 08:23,202209301200,GL,C,W,12,CAN,AMZ250,2646.10205078125,2022-09-28 21:06,,,,,False,,,,,,,202209280823-KILM-WHUS72-MWWILM,,2022
ILM,2022-09-29 00:41,2022-09-29 16:53,2022-09-29 00:41,202209300000,BH,C,S,40,CAN,NCZ108,160.57701110839844,2022-09-29 16:53,,,,,False,,,,,,,202209290041-KILM-WHUS42-CFWILM,,2022
ILM,2022-09-29 00:41,2022-09-29 16:53,2022-09-29 00:41,202209300000,BH,C,S,40,CAN,SCZ056,790.779541015625,2022-09-29 16:53,,,,,False,,,,,,,202209290041-KILM-WHUS42-CFWILM,,2022
ILM,2022-09-29 00:41,2022-09-29 16:53,2022-09-29 00:41,202209300000,BH,C,S,40,CAN,SCZ054,458.3331604003906,2022-09-29 16:53,,,,,False,,,,,,,202209290041-KILM-WHUS42-CFWILM,,2022
ILM,2022-09-29 00:41,2022-09-29 16:53,2022-09-29 00:41,202209300000,BH,C,S,40,CAN,NCZ106,112.72386932373047,2022-09-29 16:53,,,,,False,,,,,,,202209290041-KILM-WHUS42-CFWILM,,2022
ILM,2022-09-29 10:00,2022-09-29 23:34,2022-09-29 00:41,202209300000,RP,C,S,20,CAN,SCZ056,790.779541015625,2022-09-29 23:34,,,,,False,,,,,,,202209290041-KILM-WHUS42-CFWILM,,2022
ILM,2022-09-29 10:00,2022-09-29 02:44,2022-09-29 00:41,202209300000,BH,C,S,40,CAN,NCZ110,419.9501647949219,2022-09-29 02:44,,,,,False,,,,,,,202209290041-KILM-WHUS42-CFWILM,,2022
ILM,2022-09-29 10:00,2022-10-01 13:00,2022-09-29 08:49,202210012200,SU,C,Y,8,EXP,NCZ108,160.57701110839844,2022-10-01 12:53,,,,,False,,,,,,,202209290849-KILM-WHUS42-CFWILM,dch,2022
CLE,2022-09-27 23:57,2022-09-28 09:00,2022-09-27 23:57,202209280900,FA,C,W,19,EXP,PAC049,2079.383056640625,2022-09-28 08:54,00000,0,ER,OO,False,,,,,,,202209272357-KCLE-WGUS41-FLWCLE,Clark,2022
TOP,2022-09-24 07:57,2022-09-24 14:03,2022-09-24 07:57,202209241500,FG,C,Y,6,CAN,KSZ026,1441.0799560546875,2022-09-24 14:03,,,,,False,,,,,,,202209240757-KTOP-WWUS73-NPWTOP,Drake,2022
MKX,2022-09-25 18:00,2022-09-28 15:00,2022-09-24 19:25,202209270000,SC,C,Y,83,CON,LMZ644,262.04913330078125,2022-09-28 13:31,,,,,False,,,,,,,202209241925-KMKX-WHUS73-MWWMKX,DDV,2022
MKX,2022-09-25 22:10,2022-09-25 22:45,2022-09-25 22:10,202209252245,SV,C,W,106,CON,WIC039,1979.619384765625,2022-09-25 22:31,,,,,False,,,,,,,202209252210-KMKX-WUUS53-SVRMKX,PATTERSON,2022
MKX,2022-09-25 18:00,2022-09-29 00:00,2022-09-24 19:25,202209270000,SC,C,Y,83,CON,LMZ645,251.2979278564453,2022-09-28 18:54,,,,,False,,,,,,,202209241925-KMKX-WHUS73-MWWMKX,DDV,2022
MKX,2022-09-25 18:00,2022-09-28 15:00,2022-09-24 19:25,202209270000,SC,C,Y,83,CON,LMZ643,441.98211669921875,2022-09-28 13:31,,,,,False,,,,,,,202209241925-KMKX-WHUS73-MWWMKX,DDV,2022
MKX,2022-09-25 18:00,2022-09-29 00:00,2022-09-24 19:25,202209270000,SC,C,Y,83,CON,LMZ646,251.56234741210938,2022-09-28 18:54,,,,,False,,,,,,,202209241925-KMKX-WHUS73-MWWMKX,DDV,2022
MKX,2022-09-25 22:10,2022-09-25 22:45,2022-09-25 22:10,202209252245,SV,C,W,106,CON,WIC117,1337.4765625,2022-09-25 22:31,,,,,False,,,,,,,202209252210-KMKX-WUUS53-SVRMKX,PATTERSON,2022
MKX,2022-09-25 22:20,2022-09-25 23:00,2022-09-25 22:20,202209252300,SV,C,W,107,CON,WIC055,1506.72802734375,2022-09-25 22:47,,,,,False,,,,,,,202209252220-KMKX-WUUS53-SVRMKX,PATTERSON,2022
MKX,2022-09-25 22:20,2022-09-25 23:00,2022-09-25 22:20,202209252300,SV,C,W,107,CON,WIC025,3201.57373046875,2022-09-25 22:47,,,,,False,,,,,,,202209252220-KMKX-WUUS53-SVRMKX,PATTERSON,2022
MKX,2022-09-25 23:40,2022-09-26 00:15,2022-09-25 23:40,202209260015,SV,C,W,110,CON,WIC127,1490.663818359375,2022-09-26 00:01,,,,,False,,,,,,,202209252340-KMKX-WUUS53-SVRMKX,PATTERSON,2022
MKX,2022-09-25 23:59,2022-09-26 00:45,2022-09-25 23:59,202209260045,MA,C,W,52,CON,LMZ669,2414.578857421875,2022-09-26 00:27,,,,,False,,,,,,,202209252359-KMKX-WHUS53-SMWMKX,PATTERSON,2022
MKX,2022-09-25 23:59,2022-09-26 00:27,2022-09-25 23:59,202209260045,MA,C,W,52,CAN,LMZ645,251.2979278564453,2022-09-26 00:27,,,,,False,,,,,,,202209252359-KMKX-WHUS53-SMWMKX,PATTERSON,2022
MKX,2022-09-25 23:59,2022-09-26 00:27,2022-09-25 23:59,202209260045,MA,C,W,52,CAN,LMZ644,262.04913330078125,2022-09-26 00:27,,,,,False,,,,,,,202209252359-KMKX-WHUS53-SMWMKX,PATTERSON,2022
MKX,2022-09-26 03:00,2022-09-27 00:00,2022-09-25 19:33,202209262100,GL,C,W,31,EXP,LMZ872,2088.3720703125,2022-09-27 00:02,,,,,False,,,,,,,202209251933-KMKX-WHUS73-MWWMKX,,2022
MKX,2022-09-26 03:00,2022-09-27 00:00,2022-09-25 19:33,202209262100,GL,C,W,31,EXP,LMZ870,1993.1080322265625,2022-09-27 00:02,,,,,False,,,,,,,202209251933-KMKX-WHUS73-MWWMKX,,2022
MKX,2022-09-26 08:29,2022-09-27 00:00,2022-09-26 08:29,202209262100,GL,C,W,31,EXP,LMZ261,1779.7178955078125,2022-09-27 00:02,,,,,False,,,,,,,202209260829-KMKX-WHUS73-MWWMKX,,2022
MKX,2022-09-26 08:29,2022-09-27 00:00,2022-09-26 08:29,202209262100,GL,C,W,31,EXP,LMZ362,4595.93310546875,2022-09-27 00:02,,,,,False,,,,,,,202209260829-KMKX-WHUS73-MWWMKX,,2022
MKX,2022-09-28 05:00,2022-09-28 13:00,2022-09-27 19:43,202209281300,FR,C,Y,2,CON,WIZ063,3201.57373046875,2022-09-28 08:48,,,,,False,,,,,,,202209271943-KMKX-WWUS73-NPWMKX,,2022
MKX,2022-09-28 05:00,2022-09-28 13:00,2022-09-27 19:43,202209281300,FR,C,Y,2,CON,WIZ062,1985.99951171875,2022-09-28 08:48,,,,,False,,,,,,,202209271943-KMKX-WWUS73-NPWMKX,,2022
MKX,2022-09-29 06:00,2022-09-29 13:00,2022-09-28 18:53,202209291300,FR,C,Y,3,EXP,WIZ059,1126.6961669921875,2022-09-29 13:01,,,,,False,,,,,,,202209281853-KMKX-WWUS73-NPWMKX,,2022
MKX,2022-09-29 06:00,2022-09-29 13:00,2022-09-28 18:53,202209291300,FR,C,Y,3,EXP,WIZ064,1506.72802734375,2022-09-29 13:01,,,,,False,,,,,,,202209281853-KMKX-WWUS73-NPWMKX,,2022
MKX,2022-09-29 06:00,2022-09-29 13:00,2022-09-28 18:53,202209291300,FR,C,Y,3,EXP,WIZ057,2056.86767578125,2022-09-29 13:01,,,,,False,,,,,,,202209281853-KMKX-WWUS73-NPWMKX,,2022
MKX,2022-09-29 06:00,2022-09-29 13:00,2022-09-28 18:53,202209291300,FR,C,Y,3,EXP,WIZ071,899.4291381835938,2022-09-29 13:01,,,,,False,,,,,,,202209281853-KMKX-WWUS73-NPWMKX,,2022
MKX,2022-09-29 06:00,2022-09-29 13:00,2022-09-28 18:53,202209291300,FR,C,Y,3,EXP,WIZ047,983.5125122070312,2022-09-29 13:01,,,,,False,,,,,,,202209281853-KMKX-WWUS73-NPWMKX,,2022
MKX,2022-09-29 06:00,2022-09-29 13:00,2022-09-28 18:53,202209291300,FR,C,Y,3,EXP,WIZ060,605.583740234375,2022-09-29 13:01,,,,,False,,,,,,,202209281853-KMKX-WWUS73-NPWMKX,,2022
MKX,2022-09-29 06:00,2022-09-29 13:00,2022-09-28 18:53,202209291300,FR,C,Y,3,EXP,WIZ068,1511.480712890625,2022-09-29 13:01,,,,,False,,,,,,,202209281853-KMKX-WWUS73-NPWMKX,,2022
MKX,2022-09-29 06:00,2022-09-29 13:00,2022-09-28 18:53,202209291300,FR,C,Y,3,EXP,WIZ051,1979.619384765625,2022-09-29 13:01,,,,,False,,,,,,,202209281853-KMKX-WWUS73-NPWMKX,,2022
MKX,2022-09-29 11:32,2022-09-29 13:00,2022-09-29 11:32,202209291300,FG,C,Y,17,EXP,WIZ070,1490.663818359375,2022-09-29 13:01,,,,,False,,,,,,,202209291132-KMKX-WWUS73-NPWMKX,MRC,2022
MKX,2022-09-29 11:32,2022-09-29 13:00,2022-09-29 11:32,202209291300,FG,C,Y,17,EXP,WIZ065,1500.6826171875,2022-09-29 13:01,,,,,False,,,,,,,202209291132-KMKX-WWUS73-NPWMKX,MRC,2022
MLB,2022-09-27 03:21,2022-09-27 21:17,2022-09-27 03:21,202210180321,HU,C,A,1009,UPG,FLZ044,1612.4522705078125,2022-09-27 21:17,,,,,False,,,,,,,202209270321-KMLB-WTUS82-TCVMLB,,2022
MLB,2022-09-27 09:31,2022-09-29 18:30,2022-09-27 09:31,202210180931,TR,C,W,1009,CAN,FLZ159,386.3283996582031,2022-09-29 18:30,,,,,False,,,,,,,202209270931-KMLB-WTUS82-TCVMLB,,2022
MLB,2022-09-27 09:31,2022-09-28 15:30,2022-09-27 09:31,202210180931,TR,C,W,1009,UPG,FLZ647,453.6716003417969,2022-09-28 15:30,,,,,False,,,,,,,202209270931-KMLB-WTUS82-TCVMLB,,2022
MLB,2022-09-27 09:31,2022-09-30 00:08,2022-09-27 09:31,202210180931,TR,C,W,1009,CAN,FLZ154,423.17010498046875,2022-09-30 00:08,,,,,False,,,,,,,202209270931-KMLB-WTUS82-TCVMLB,,2022
MLB,2022-09-27 21:17,2022-09-29 09:41,2022-09-27 21:17,202210182117,HU,C,W,1009,CAN,FLZ045,2604.071533203125,2022-09-29 09:41,,,,,False,,,,,,,202209272117-KMLB-WTUS82-TCVMLB,,2022
MLB,2022-09-28 02:24,2022-09-28 03:00,2022-09-28 02:24,202209280300,TO,C,W,18,EXP,FLC085,1447.405029296875,2022-09-28 02:57,,,,,False,,,,,,,202209280224-KMLB-WFUS52-TORMLB,Kelly,2022
MLB,2022-09-24 16:04,2022-09-24 17:00,2022-09-24 16:04,202209241700,FA,C,Y,147,NEW,FLC111,1493.834228515625,2022-09-24 16:04,00000,N,ER,OO,False,,,,,,,202209241604-KMLB-WGUS82-FLSMLB,Schaper,2022
MLB,2022-09-24 17:06,2022-09-24 18:30,2022-09-24 17:06,202209241830,FA,C,Y,148,NEW,FLC111,1493.834228515625,2022-09-24 17:06,00000,N,ER,OO,False,,,,,,,202209241706-KMLB-WGUS82-FLSMLB,Schaper,2022
MLB,2022-09-25 20:49,2022-09-25 22:15,2022-09-25 20:49,202209252215,FA,C,Y,150,NEW,FLC111,1493.834228515625,2022-09-25 20:49,00000,N,ER,OO,False,,,,,,,202209252049-KMLB-WGUS82-FLSMLB,SK,2022
MLB,2022-09-26 15:10,2022-09-27 03:21,2022-09-26 15:10,202210171510,TR,C,A,1009,UPG,FLZ144,1386.970458984375,2022-09-27 03:21,,,,,False,,,,,,,202209261510-KMLB-WTUS82-TCVMLB,,2022
MLB,2022-09-26 18:29,2022-09-29 18:15,2022-09-26 18:29,202209300600,FA,C,A,2,CAN,FLZ046,894.225830078125,2022-09-29 18:15,00000,0,ER,OO,False,,,,,,,202209261829-KMLB-WGUS62-FFAMLB,Schaper/Smith,2022
MLB,2022-09-26 18:29,2022-09-29 18:15,2022-09-26 18:29,202209300600,FA,C,A,2,CAN,FLZ647,453.6716003417969,2022-09-29 18:15,00000,0,ER,OO,False,,,,,,,202209261829-KMLB-WGUS62-FFAMLB,Schaper/Smith,2022
MLB,2022-09-26 18:29,2022-09-30 02:00,2022-09-26 18:29,202209300600,FA,C,A,2,EXP,FLZ041,2526.55712890625,2022-09-30 02:11,00000,0,ER,OO,False,,,,,,,202209261829-KMLB-WGUS62-FFAMLB,Schaper/Smith,2022
MLB,2022-09-26 21:11,2022-09-27 09:55,2022-09-26 21:11,202210172111,TR,C,A,1009,UPG,AMZ572,7326.3125,2022-09-27 09:55,,,,,False,,,,,,,202209262111-KMLB-WHUS72-MWWMLB,,2022
MLB,2022-09-28 03:18,2022-09-28 03:45,2022-09-28 03:18,202209280345,TO,C,W,19,EXP,FLC085,1447.405029296875,2022-09-28 03:43,,,,,False,,,,,,,202209280318-KMLB-WFUS52-TORMLB,Kelly,2022
MLB,2022-09-28 08:59,2022-09-28 20:31,2022-09-28 08:59,202209282100,TO,C,A,546,CAN,FLC085,1447.405029296875,2022-09-28 20:31,,,,,False,,,,,,,202209280859-KMLB-WWUS62-WCNMLB,,2022
MLB,2022-09-28 08:59,2022-09-28 20:31,2022-09-28 08:59,202209282100,TO,C,A,546,CAN,FLC009,2741.7197265625,2022-09-28 20:31,,,,,False,,,,,,,202209280859-KMLB-WWUS62-WCNMLB,,2022
MLB,2022-09-28 11:34,2022-09-28 13:30,2022-09-28 11:34,202209281330,FA,C,W,12,NEW,FLC111,1493.834228515625,2022-09-28 11:34,00000,0,ER,OO,False,,,,,,,202209281134-KMLB-WGUS42-FLWMLB,JS,2022
MLB,2022-09-28 12:07,2022-09-28 12:30,2022-09-28 12:07,202209281230,TO,C,W,20,EXP,FLC061,1336.3253173828125,2022-09-28 12:28,,,,,False,,,,,,,202209281207-KMLB-WFUS52-TORMLB,Sedlock,2022
MLB,2022-09-28 12:48,2022-09-28 14:45,2022-09-28 12:48,202209281445,FA,C,W,13,NEW,FLC009,2741.7197265625,2022-09-28 12:48,00000,0,ER,OO,False,,,,,,,202209281248-KMLB-WGUS42-FLWMLB,JS,2022
MLB,2022-09-28 12:48,2022-09-28 14:45,2022-09-28 12:48,202209281445,FA,C,W,13,NEW,FLC061,1336.3253173828125,2022-09-28 12:48,00000,0,ER,OO,False,,,,,,,202209281248-KMLB-WGUS42-FLWMLB,JS,2022
MLB,2022-09-28 15:30,2022-09-29 09:41,2022-09-28 15:30,202210191530,HU,C,W,1009,CAN,FLZ647,453.6716003417969,2022-09-29 09:41,,,,,False,,,,,,,202209281530-KMLB-WTUS82-TCVMLB,,2022
MLB,2022-09-28 15:30,2022-09-29 09:41,2022-09-28 15:30,202210191530,HU,C,W,1009,CAN,FLZ247,330.4070129394531,2022-09-29 09:41,,,,,False,,,,,,,202209281530-KMLB-WTUS82-TCVMLB,,2022
MLB,2022-09-28 15:31,2022-09-29 09:52,2022-09-28 15:31,202210191531,HU,C,W,1009,CAN,AMZ552,4612.98583984375,2022-09-29 09:52,,,,,False,,,,,,,202209281531-KMLB-WHUS72-MWWMLB,,2022
MLB,2022-09-28 16:50,2022-09-28 20:00,2022-09-28 16:50,202209282000,FA,C,W,14,NEW,FLC097,3908.311279296875,2022-09-28 16:50,00000,0,ER,OO,False,,,,,,,202209281650-KMLB-WGUS42-FLWMLB,JS,2022
MLB,2022-09-28 16:50,2022-09-28 20:00,2022-09-28 16:50,202209282000,FA,C,W,14,NEW,FLC095,2604.07568359375,2022-09-28 16:50,00000,0,ER,OO,False,,,,,,,202209281650-KMLB-WGUS42-FLWMLB,JS,2022
MLB,2022-09-28 16:53,2022-09-28 17:15,2022-09-28 16:53,202209281715,TO,C,W,22,EXP,FLC093,2013.75390625,2022-09-28 17:10,,,,,False,,,,,,,202209281653-KMLB-WFUS52-TORMLB,Sedlock,2022
MLB,2022-09-28 18:00,2022-09-28 18:30,2022-09-28 18:00,202209281830,TO,C,W,23,EXP,FLC009,2741.7197265625,2022-09-28 18:27,,,,,False,,,,,,,202209281800-KMLB-WFUS52-TORMLB,Sedlock,2022
MLB,2022-09-28 18:00,2022-09-28 18:30,2022-09-28 18:00,202209281830,TO,C,W,23,EXP,FLC061,1336.3253173828125,2022-09-28 18:27,,,,,False,,,,,,,202209281800-KMLB-WFUS52-TORMLB,Sedlock,2022
MLB,2022-09-28 20:31,2022-09-29 04:57,2022-09-28 20:31,202209290500,TO,C,A,547,CAN,AMZ552,4612.98583984375,2022-09-29 04:57,,,,,False,,,,,,,202209282031-KMLB-WWUS62-WCNMLB,,2022
MLB,2022-09-29 02:21,2022-09-29 02:35,2022-09-29 02:21,202209290245,TO,C,W,26,CAN,FLC127,3181.331298828125,2022-09-29 02:35,,,,,False,,,,,,,202209290221-KMLB-WFUS52-TORMLB,Kelly,2022
MLB,2022-09-28 20:31,2022-09-29 04:57,2022-09-28 20:31,202209290500,TO,C,A,547,CAN,AMZ555,3750.61376953125,2022-09-29 04:57,,,,,False,,,,,,,202209282031-KMLB-WWUS62-WCNMLB,,2022
MLB,2022-09-28 20:31,2022-09-29 04:57,2022-09-28 20:31,202209290500,TO,C,A,547,CAN,FLC061,1336.3253173828125,2022-09-29 04:57,,,,,False,,,,,,,202209282031-KMLB-WWUS62-WCNMLB,,2022
MLB,2022-09-29 03:41,2022-09-29 09:30,2022-09-29 03:41,202209290930,FA,C,W,17,NEW,FLC069,2999.386474609375,2022-09-29 03:41,00000,0,ER,OO,False,,,,,,,202209290341-KMLB-WGUS42-FLWMLB,CL,2022
MLB,2022-09-28 20:31,2022-09-29 04:57,2022-09-28 20:31,202209290500,TO,C,A,547,CAN,AMZ550,2759.165771484375,2022-09-29 04:57,,,,,False,,,,,,,202209282031-KMLB-WWUS62-WCNMLB,,2022
MLB,2022-09-28 20:31,2022-09-29 04:57,2022-09-28 20:31,202209290500,TO,C,A,547,CAN,FLC117,894.225830078125,2022-09-29 04:57,,,,,False,,,,,,,202209282031-KMLB-WWUS62-WCNMLB,,2022
MLB,2022-09-28 20:31,2022-09-29 04:57,2022-09-28 20:31,202209290500,TO,C,A,547,CAN,FLC009,2741.7197265625,2022-09-29 04:57,,,,,False,,,,,,,202209282031-KMLB-WWUS62-WCNMLB,,2022
MLB,2022-09-28 20:31,2022-09-29 04:57,2022-09-28 20:31,202209290500,TO,C,A,547,CAN,FLC111,1493.834228515625,2022-09-29 04:57,,,,,False,,,,,,,202209282031-KMLB-WWUS62-WCNMLB,,2022
MLB,2022-09-28 23:59,2022-09-29 03:45,2022-09-28 23:59,202209290345,FA,C,W,16,NEW,FLC117,894.225830078125,2022-09-28 23:59,00000,0,ER,OO,False,,,,,,,202209282359-KMLB-WGUS42-FLWMLB,CL,2022
MLB,2022-09-28 23:59,2022-09-29 03:45,2022-09-28 23:59,202209290345,FA,C,W,16,NEW,FLC127,3181.331298828125,2022-09-28 23:59,00000,0,ER,OO,False,,,,,,,202209282359-KMLB-WGUS42-FLWMLB,CL,2022
MLB,2022-09-28 23:59,2022-09-29 03:45,2022-09-28 23:59,202209290345,FA,C,W,16,NEW,FLC069,2999.386474609375,2022-09-28 23:59,00000,0,ER,OO,False,,,,,,,202209282359-KMLB-WGUS42-FLWMLB,CL,2022
MLB,2022-09-28 23:59,2022-09-29 03:45,2022-09-28 23:59,202209290345,FA,C,W,16,NEW,FLC009,2741.7197265625,2022-09-28 23:59,00000,0,ER,OO,False,,,,,,,202209282359-KMLB-WGUS42-FLWMLB,CL,2022
MLB,2022-09-29 04:58,2022-09-29 10:00,2022-09-29 04:58,202209290800,FF,C,W,3,EXT,FLC127,3181.331298828125,2022-09-29 07:41,00000,0,ER,OO,False,,,,,,,202209290458-KMLB-WGUS52-FFWMLB,CL,2022
MLB,2022-09-29 07:16,2022-09-29 15:15,2022-09-29 07:16,202209291015,FF,C,W,4,EXP,FLC095,2604.07568359375,2022-09-29 15:13,00000,0,ER,OO,True,,,,,,,202209290716-KMLB-WGUS52-FFWMLB,CL,2022
MLB,2022-09-29 09:30,2022-09-29 18:30,2022-09-29 09:30,202209291430,FA,C,W,18,EXT,FLC009,2741.7197265625,2022-09-29 16:22,00000,0,ER,OO,False,,,,,,,202209290930-KMLB-WGUS42-FLWMLB,JS,2022
MLB,2022-09-29 09:30,2022-09-29 18:30,2022-09-29 09:30,202209291430,FA,C,W,18,EXT,FLC095,2604.07568359375,2022-09-29 16:22,00000,0,ER,OO,False,,,,,,,202209290930-KMLB-WGUS42-FLWMLB,JS,2022
ILX,2022-09-29 08:00,2022-09-29 12:00,2022-09-28 20:01,202209291200,FR,C,Y,4,CON,ILZ030,1030.740478515625,2022-09-29 08:19,,,,,False,,,,,,,202209282001-KILX-WWUS73-NPWILX,,2022
TWC,2022-09-28 20:19,2022-09-28 22:15,2022-09-28 20:19,202209282215,FA,C,Y,282,EXP,AZC021,13926.7177734375,2022-09-28 22:14,00000,N,ER,OO,False,,,,,,,202209282019-KTWC-WGUS85-FLSTWC,KRG,2022
TWC,2022-09-26 22:30,2022-09-27 00:30,2022-09-26 22:30,202209270030,FA,C,Y,275,EXP,AZC003,16118.8740234375,2022-09-27 00:29,00000,N,ER,OO,False,,,,,,,202209262230-KTWC-WGUS85-FLSTWC,GLZ,2022
TWC,2022-09-27 00:27,2022-09-27 02:30,2022-09-27 00:27,202209270230,FA,C,Y,277,NEW,AZC019,23815.521484375,2022-09-27 00:27,00000,N,ER,OO,False,,,,,,,202209270027-KTWC-WGUS85-FLSTWC,GLZ,2022
TWC,2022-09-27 00:29,2022-09-27 02:30,2022-09-27 00:29,202209270230,FA,C,Y,278,EXP,AZC023,3209.29541015625,2022-09-27 02:29,00000,N,ER,OO,False,,,,,,,202209270029-KTWC-WGUS85-FLSTWC,GLZ,2022
TWC,2022-09-27 00:33,2022-09-27 03:45,2022-09-27 00:33,202209270345,FF,C,W,158,EXP,AZC019,23815.521484375,2022-09-27 03:45,00000,0,ER,OO,False,,,,,,,202209270033-KTWC-WGUS55-FFWTWC,GLZ,2022
TWC,2022-09-27 00:48,2022-09-27 02:45,2022-09-27 00:48,202209270245,FA,C,Y,279,NEW,AZC019,23815.521484375,2022-09-27 00:48,00000,N,ER,OO,False,,,,,,,202209270048-KTWC-WGUS85-FLSTWC,GLZ,2022
TWC,2022-09-27 01:30,2022-09-27 03:30,2022-09-27 01:30,202209270330,FA,C,Y,280,NEW,AZC019,23815.521484375,2022-09-27 01:30,00000,N,ER,OO,False,,,,,,,202209270130-KTWC-WGUS85-FLSTWC,GLZ,2022
TWC,2022-09-29 00:17,2022-09-29 02:45,2022-09-29 00:17,202209290245,FF,C,W,163,EXP,AZC019,23815.521484375,2022-09-29 02:35,00000,0,ER,OO,False,,,,,,,202209290017-KTWC-WGUS55-FFWTWC,CWR,2022
TWC,2022-09-29 21:57,2022-09-30 00:00,2022-09-29 21:57,202209300000,FA,C,Y,287,NEW,AZC019,23815.521484375,2022-09-29 21:57,00000,N,ER,OO,False,,,,,,,202209292157-KTWC-WGUS85-FLSTWC,GLZ,2022
JSJ,2022-09-28 17:31,2022-09-28 20:30,2022-09-28 17:31,202209282030,FA,C,Y,287,EXP,PRC061,70.54313659667969,2022-09-28 20:26,00000,N,ER,OO,False,,,,,,,202209281731-TJSJ-WGCA82-FLSSJU,CRS,2022
JSJ,2022-09-28 20:08,2022-09-28 22:00,2022-09-28 20:08,202209282200,FA,C,Y,290,EXP,PRC141,298.8041076660156,2022-09-28 21:56,00000,N,ER,OO,False,,,,,,,202209282008-TJSJ-WGCA82-FLSSJU,JA,2022
JSJ,2022-09-29 18:11,2022-09-29 22:15,2022-09-29 18:11,202209292115,FA,C,Y,292,EXP,PRC131,185.04832458496094,2022-09-29 22:14,00000,N,ER,OO,False,,,,,,,202209291811-TJSJ-WGCA82-FLSSJU,CRS,2022
JSJ,2022-09-29 18:11,2022-09-29 22:15,2022-09-29 18:11,202209292115,FA,C,Y,292,EXP,PRC071,144.03720092773438,2022-09-29 22:14,00000,N,ER,OO,False,,,,,,,202209291811-TJSJ-WGCA82-FLSSJU,CRS,2022
JSJ,2022-09-29 18:55,2022-09-29 22:00,2022-09-29 18:55,202209292200,FA,C,Y,293,EXP,PRC117,38.64507293701172,2022-09-29 22:00,00000,N,ER,OO,False,,,,,,,202209291855-TJSJ-WGCA82-FLSSJU,JA,2022
JSJ,2022-09-29 22:07,2022-09-30 00:11,2022-09-29 22:07,202209300115,FA,C,Y,295,CAN,VIC010,217.73899841308594,2022-09-30 00:11,00000,N,ER,OO,False,,,,,,,202209292207-TJSJ-WGCA82-FLSSJU,JA,2022
ABR,2022-09-28 07:00,2022-09-28 13:00,2022-09-27 19:47,202209281300,FR,C,Y,4,CON,SDZ007,2288.0185546875,2022-09-28 06:49,,,,,False,,,,,,,202209271947-KABR-WWUS73-NPWABR,Parkin,2022
ABR,2022-09-28 07:00,2022-09-28 13:00,2022-09-27 19:47,202209281300,FR,C,Y,4,CON,SDZ022,1390.2703857421875,2022-09-28 06:49,,,,,False,,,,,,,202209271947-KABR-WWUS73-NPWABR,Parkin,2022
ABR,2022-09-28 07:00,2022-09-28 13:00,2022-09-27 19:47,202209281300,FR,C,Y,4,CON,MNZ046,1364.080078125,2022-09-28 06:49,,,,,False,,,,,,,202209271947-KABR-WWUS73-NPWABR,Parkin,2022
ABR,2022-09-28 07:00,2022-09-28 13:00,2022-09-27 19:47,202209281300,FR,C,Y,4,CON,MNZ039,1513.88623046875,2022-09-28 06:49,,,,,False,,,,,,,202209271947-KABR-WWUS73-NPWABR,Parkin,2022
UNR,2022-09-29 03:00,2022-09-29 12:00,2022-09-28 19:57,202209291200,WI,C,Y,45,EXP,SDZ043,4837.56982421875,2022-09-29 12:01,,,,,False,,,,,,,202209281957-KUNR-WWUS73-NPWUNR,,2022
UNR,2022-09-29 03:00,2022-09-29 12:00,2022-09-28 19:57,202209291200,WI,C,Y,45,EXP,SDZ044,3078.216552734375,2022-09-29 12:01,,,,,False,,,,,,,202209281957-KUNR-WWUS73-NPWUNR,,2022
MOB,2022-09-27 06:00,2022-09-28 03:00,2022-09-26 19:01,202209281200,SC,C,Y,42,EXP,GMZ670,7065.47412109375,2022-09-28 03:13,,,,,False,,,,,,,202209261901-KMOB-WHUS74-MWWMOB,,2022
MOB,2022-09-27 06:00,2022-09-28 03:00,2022-09-26 19:01,202209281200,SC,C,Y,42,EXP,GMZ655,2916.658203125,2022-09-28 03:13,,,,,False,,,,,,,202209261901-KMOB-WHUS74-MWWMOB,,2022
MOB,2022-09-27 11:00,2022-09-28 03:00,2022-09-26 22:43,202209281200,SC,C,Y,42,EXP,GMZ632,373.7734680175781,2022-09-28 03:13,,,,,False,,,,,,,202209262243-KMOB-WHUS74-MWWMOB,,2022
MOB,2022-09-27 11:00,2022-09-28 03:00,2022-09-26 22:43,202209281200,SC,C,Y,42,EXP,GMZ631,663.4443969726562,2022-09-28 03:13,,,,,False,,,,,,,202209262243-KMOB-WHUS74-MWWMOB,,2022
MOB,2022-09-27 16:00,2022-09-28 00:00,2022-09-27 09:50,202209280000,FW,C,W,5,CON,ALZ060,2706.031494140625,2022-09-27 19:59,,,,,False,,,,,,,202209270950-KMOB-WWUS84-RFWMOB,,2022
MOB,2022-09-27 16:00,2022-09-28 00:00,2022-09-27 09:50,202209280000,FW,C,W,5,CON,ALZ059,2470.26611328125,2022-09-27 19:59,,,,,False,,,,,,,202209270950-KMOB-WWUS84-RFWMOB,,2022
MOB,2022-09-27 16:00,2022-09-28 00:00,2022-09-27 09:50,202209280000,FW,C,W,5,CON,FLZ206,331.8329772949219,2022-09-27 19:59,,,,,False,,,,,,,202209270950-KMOB-WWUS84-RFWMOB,,2022
MOB,2022-09-27 16:00,2022-09-28 00:00,2022-09-27 09:50,202209280000,FW,C,W,5,CON,ALZ262,1553.9134521484375,2022-09-27 19:59,,,,,False,,,,,,,202209270950-KMOB-WWUS84-RFWMOB,,2022
MOB,2022-09-27 16:00,2022-09-28 00:00,2022-09-27 09:50,202209280000,FW,C,W,5,CON,ALZ266,479.1441650390625,2022-09-27 19:59,,,,,False,,,,,,,202209270950-KMOB-WWUS84-RFWMOB,,2022
MOB,2022-09-27 16:00,2022-09-28 00:00,2022-09-27 09:50,202209280000,FW,C,W,5,CON,ALZ265,435.886474609375,2022-09-27 19:59,,,,,False,,,,,,,202209270950-KMOB-WWUS84-RFWMOB,,2022
MOB,2022-09-27 16:00,2022-09-27 09:50,2022-09-26 22:20,202209280000,FW,C,A,3,UPG,ALZ261,1764.792724609375,2022-09-27 09:50,,,,,False,,,,,,,202209262220-KMOB-WWUS84-RFWMOB,,2022
MOB,2022-09-27 16:00,2022-09-27 09:50,2022-09-26 22:20,202209280000,FW,C,A,3,UPG,FLZ202,577.638427734375,2022-09-27 09:50,,,,,False,,,,,,,202209262220-KMOB-WWUS84-RFWMOB,,2022
MOB,2022-09-27 16:00,2022-09-27 09:50,2022-09-26 22:20,202209280000,FW,C,A,3,UPG,FLZ204,366.255126953125,2022-09-27 09:50,,,,,False,,,,,,,202209262220-KMOB-WWUS84-RFWMOB,,2022
MOB,2022-09-27 16:00,2022-09-27 09:50,2022-09-26 22:20,202209280000,FW,C,A,3,UPG,FLZ206,331.8329772949219,2022-09-27 09:50,,,,,False,,,,,,,202209262220-KMOB-WWUS84-RFWMOB,,2022
MOB,2022-09-27 16:00,2022-09-27 09:50,2022-09-26 22:20,202209280000,FW,C,A,3,UPG,MSZ078,1161.4884033203125,2022-09-27 09:50,,,,,False,,,,,,,202209262220-KMOB-WWUS84-RFWMOB,,2022
MOB,2022-09-27 16:00,2022-09-27 09:50,2022-09-26 22:20,202209280000,FW,C,A,3,UPG,ALZ264,2026.8341064453125,2022-09-27 09:50,,,,,False,,,,,,,202209262220-KMOB-WWUS84-RFWMOB,,2022
MOB,2022-09-27 16:00,2022-09-27 09:50,2022-09-26 22:20,202209280000,FW,C,A,3,UPG,ALZ262,1553.9134521484375,2022-09-27 09:50,,,,,False,,,,,,,202209262220-KMOB-WWUS84-RFWMOB,,2022
MOB,2022-09-27 16:00,2022-09-27 09:50,2022-09-26 22:20,202209280000,FW,C,A,3,UPG,ALZ263,1117.647705078125,2022-09-27 09:50,,,,,False,,,,,,,202209262220-KMOB-WWUS84-RFWMOB,,2022
MOB,2022-09-28 03:00,2022-09-29 23:00,2022-09-27 15:26,202209292300,GL,C,W,7,CON,GMZ650,4265.1611328125,2022-09-29 17:44,,,,,False,,,,,,,202209271526-KMOB-WHUS74-MWWMOB,,2022
MOB,2022-09-28 03:00,2022-09-29 09:18,2022-09-27 15:26,202209292300,GL,C,W,7,CAN,GMZ631,663.4443969726562,2022-09-29 09:18,,,,,False,,,,,,,202209271526-KMOB-WHUS74-MWWMOB,,2022
MOB,2022-09-28 09:16,2022-09-28 23:00,2022-09-28 09:16,202209282300,WI,C,Y,12,CON,ALZ261,1764.792724609375,2022-09-28 17:53,,,,,False,,,,,,,202209280916-KMOB-WWUS74-NPWMOB,,2022
MOB,2022-09-28 09:16,2022-09-28 23:00,2022-09-28 09:16,202209282300,WI,C,Y,12,CON,MSZ078,1161.4884033203125,2022-09-28 17:53,,,,,False,,,,,,,202209280916-KMOB-WWUS74-NPWMOB,,2022
MOB,2022-09-28 09:16,2022-09-28 23:00,2022-09-28 09:16,202209282300,WI,C,Y,12,CON,MSZ076,1863.0859375,2022-09-28 17:53,,,,,False,,,,,,,202209280916-KMOB-WWUS74-NPWMOB,,2022
MOB,2022-09-28 09:16,2022-09-28 23:00,2022-09-28 09:16,202209282300,WI,C,Y,12,CON,ALZ055,2685.009765625,2022-09-28 17:53,,,,,False,,,,,,,202209280916-KMOB-WWUS74-NPWMOB,,2022
MOB,2022-09-28 09:16,2022-09-28 23:00,2022-09-28 09:16,202209282300,WI,C,Y,12,CON,ALZ263,1117.647705078125,2022-09-28 17:53,,,,,False,,,,,,,202209280916-KMOB-WWUS74-NPWMOB,,2022
MOB,2022-09-28 09:16,2022-09-28 23:00,2022-09-28 09:16,202209282300,WI,C,Y,12,CON,ALZ053,3271.363037109375,2022-09-28 17:53,,,,,False,,,,,,,202209280916-KMOB-WWUS74-NPWMOB,,2022
MOB,2022-09-28 12:00,2022-09-29 23:00,2022-09-27 09:33,202210011100,RP,C,S,25,CON,ALZ266,479.144287109375,2022-09-29 17:01,,,,,False,,,,,,,202209270933-KMOB-WHUS44-CFWMOB,,2022
MOB,2022-09-28 14:00,2022-09-29 00:00,2022-09-27 09:50,202209290000,FW,C,W,6,CON,FLZ205,2101.291015625,2022-09-28 20:10,,,,,False,,,,,,,202209270950-KMOB-WWUS84-RFWMOB,,2022
MOB,2022-09-28 14:00,2022-09-29 00:00,2022-09-27 09:50,202209290000,FW,C,W,6,CON,ALZ265,435.886474609375,2022-09-28 20:10,,,,,False,,,,,,,202209270950-KMOB-WWUS84-RFWMOB,,2022
MOB,2022-09-28 14:00,2022-09-29 00:00,2022-09-27 09:50,202209290000,FW,C,W,6,CON,ALZ263,1117.647705078125,2022-09-28 20:10,,,,,False,,,,,,,202209270950-KMOB-WWUS84-RFWMOB,,2022
MOB,2022-09-28 14:00,2022-09-29 00:00,2022-09-27 09:50,202209290000,FW,C,W,6,CON,MSZ079,1253.5111083984375,2022-09-28 20:10,,,,,False,,,,,,,202209270950-KMOB-WWUS84-RFWMOB,,2022
MOB,2022-09-28 14:00,2022-09-29 00:00,2022-09-27 09:50,202209290000,FW,C,W,6,CON,ALZ264,2026.8341064453125,2022-09-28 20:10,,,,,False,,,,,,,202209270950-KMOB-WWUS84-RFWMOB,,2022
MOB,2022-09-28 14:00,2022-09-29 00:00,2022-09-27 09:50,202209290000,FW,C,W,6,CON,ALZ053,3271.363037109375,2022-09-28 20:10,,,,,False,,,,,,,202209270950-KMOB-WWUS84-RFWMOB,,2022
MOB,2022-09-28 14:00,2022-09-29 00:00,2022-09-27 09:50,202209290000,FW,C,W,6,CON,ALZ051,2392.57177734375,2022-09-28 20:10,,,,,False,,,,,,,202209270950-KMOB-WWUS84-RFWMOB,,2022
MOB,2022-09-28 14:00,2022-09-29 00:00,2022-09-27 09:50,202209290000,FW,C,W,6,CON,ALZ060,2706.031494140625,2022-09-28 20:10,,,,,False,,,,,,,202209270950-KMOB-WWUS84-RFWMOB,,2022
MOB,2022-09-28 16:00,2022-09-27 09:50,2022-09-26 22:20,202209290000,FW,C,A,4,UPG,MSZ078,1161.4884033203125,2022-09-27 09:50,,,,,False,,,,,,,202209262220-KMOB-WWUS84-RFWMOB,,2022
MOB,2022-09-28 16:00,2022-09-27 09:50,2022-09-26 22:20,202209290000,FW,C,A,4,UPG,MSZ079,1253.5111083984375,2022-09-27 09:50,,,,,False,,,,,,,202209262220-KMOB-WWUS84-RFWMOB,,2022
MOB,2022-09-28 16:00,2022-09-27 09:50,2022-09-26 22:20,202209290000,FW,C,A,4,UPG,FLZ205,2101.291015625,2022-09-27 09:50,,,,,False,,,,,,,202209262220-KMOB-WWUS84-RFWMOB,,2022
MOB,2022-09-28 16:00,2022-09-27 09:50,2022-09-26 22:20,202209290000,FW,C,A,4,UPG,ALZ263,1117.647705078125,2022-09-27 09:50,,,,,False,,,,,,,202209262220-KMOB-WWUS84-RFWMOB,,2022
MOB,2022-09-28 16:00,2022-09-27 09:50,2022-09-26 22:20,202209290000,FW,C,A,4,UPG,ALZ261,1764.792724609375,2022-09-27 09:50,,,,,False,,,,,,,202209262220-KMOB-WWUS84-RFWMOB,,2022
MOB,2022-09-28 16:00,2022-09-27 09:50,2022-09-26 22:20,202209290000,FW,C,A,4,UPG,FLZ202,577.638427734375,2022-09-27 09:50,,,,,False,,,,,,,202209262220-KMOB-WWUS84-RFWMOB,,2022
MOB,2022-09-28 16:00,2022-09-27 09:50,2022-09-26 22:20,202209290000,FW,C,A,4,UPG,ALZ265,435.886474609375,2022-09-27 09:50,,,,,False,,,,,,,202209262220-KMOB-WWUS84-RFWMOB,,2022
MOB,2022-09-28 16:00,2022-09-27 09:50,2022-09-26 22:20,202209290000,FW,C,A,4,UPG,ALZ060,2706.031494140625,2022-09-27 09:50,,,,,False,,,,,,,202209262220-KMOB-WWUS84-RFWMOB,,2022
MOB,2022-09-28 16:00,2022-09-27 09:50,2022-09-26 22:20,202209290000,FW,C,A,4,UPG,ALZ055,2685.009765625,2022-09-27 09:50,,,,,False,,,,,,,202209262220-KMOB-WWUS84-RFWMOB,,2022
MOB,2022-09-28 16:00,2022-09-27 09:50,2022-09-26 22:20,202209290000,FW,C,A,4,UPG,MSZ067,2108.64697265625,2022-09-27 09:50,,,,,False,,,,,,,202209262220-KMOB-WWUS84-RFWMOB,,2022
MOB,2022-09-28 16:00,2022-09-27 09:50,2022-09-26 22:20,202209290000,FW,C,A,4,UPG,FLZ201,1153.5845947265625,2022-09-27 09:50,,,,,False,,,,,,,202209262220-KMOB-WWUS84-RFWMOB,,2022
MOB,2022-09-29 09:18,2022-09-29 18:00,2022-09-29 09:18,202209291800,SC,C,Y,44,EXP,GMZ636,211.72811889648438,2022-09-29 17:44,,,,,False,,,,,,,202209290918-KMOB-WHUS74-MWWMOB,,2022
MOB,2022-09-29 09:18,2022-09-30 01:45,2022-09-28 10:16,202209300800,SC,C,Y,43,CAN,GMZ630,457.3597106933594,2022-09-30 01:45,,,,,False,,,,,,,202209281016-KMOB-WHUS74-MWWMOB,,2022
MOB,2022-09-29 15:00,2022-09-29 08:46,2022-09-28 09:12,202209292300,FW,C,A,5,UPG,ALZ261,1764.792724609375,2022-09-29 08:46,,,,,False,,,,,,,202209280912-KMOB-WWUS84-RFWMOB,,2022
MOB,2022-09-29 15:00,2022-09-29 08:46,2022-09-28 09:12,202209292300,FW,C,A,5,UPG,MSZ079,1253.5111083984375,2022-09-29 08:46,,,,,False,,,,,,,202209280912-KMOB-WWUS84-RFWMOB,,2022
MOB,2022-09-29 15:00,2022-09-29 08:46,2022-09-28 09:12,202209292300,FW,C,A,5,UPG,FLZ205,2101.291015625,2022-09-29 08:46,,,,,False,,,,,,,202209280912-KMOB-WWUS84-RFWMOB,,2022
MOB,2022-09-29 15:00,2022-09-29 08:46,2022-09-28 09:12,202209292300,FW,C,A,5,UPG,FLZ206,331.8329772949219,2022-09-29 08:46,,,,,False,,,,,,,202209280912-KMOB-WWUS84-RFWMOB,,2022
MOB,2022-09-29 15:00,2022-09-29 08:46,2022-09-28 09:12,202209292300,FW,C,A,5,UPG,MSZ067,2108.64697265625,2022-09-29 08:46,,,,,False,,,,,,,202209280912-KMOB-WWUS84-RFWMOB,,2022
MOB,2022-09-29 15:00,2022-09-29 08:46,2022-09-28 09:12,202209292300,FW,C,A,5,UPG,ALZ057,2016.2894287109375,2022-09-29 08:46,,,,,False,,,,,,,202209280912-KMOB-WWUS84-RFWMOB,,2022
MLB,2022-09-27 09:55,2022-09-30 08:49,2022-09-27 09:55,202210180955,TR,C,W,1009,CAN,AMZ555,3750.61376953125,2022-09-30 08:49,,,,,False,,,,,,,202209270955-KMLB-WHUS72-MWWMLB,,2022
MLB,2022-09-27 09:55,2022-09-30 08:49,2022-09-27 09:55,202210180955,TR,C,W,1009,CAN,AMZ575,7583.2509765625,2022-09-30 08:49,,,,,False,,,,,,,202209270955-KMLB-WHUS72-MWWMLB,,2022
MLB,2022-09-27 14:58,2022-09-28 15:31,2022-09-27 14:58,202210181458,TR,C,W,1009,UPG,AMZ570,4993.2802734375,2022-09-28 15:31,,,,,False,,,,,,,202209271458-KMLB-WHUS72-MWWMLB,,2022
MLB,2022-09-27 15:19,2022-09-28 15:30,2022-09-27 15:19,202210181519,TR,C,W,1009,UPG,FLZ141,654.7750854492188,2022-09-28 15:30,,,,,False,,,,,,,202209271519-KMLB-WTUS82-TCVMLB,,2022
MLB,2022-09-27 15:19,2022-09-28 15:30,2022-09-27 15:19,202210181519,TR,C,W,1009,UPG,FLZ041,2526.55712890625,2022-09-28 15:30,,,,,False,,,,,,,202209271519-KMLB-WTUS82-TCVMLB,,2022
MLB,2022-09-27 15:19,2022-09-27 21:17,2022-09-27 15:19,202210181519,HU,C,A,1009,UPG,FLZ058,2013.75390625,2022-09-27 21:17,,,,,False,,,,,,,202209271519-KMLB-WTUS82-TCVMLB,,2022
MLB,2022-09-27 20:45,2022-09-28 08:59,2022-09-27 20:45,202209280900,TO,C,A,545,CAN,FLC061,1336.3253173828125,2022-09-28 08:59,,,,,False,,,,,,,202209272045-KMLB-WWUS62-WCNMLB,,2022
MLB,2022-09-27 20:45,2022-09-28 08:59,2022-09-27 20:45,202209280900,TO,C,A,545,CAN,FLC085,1447.405029296875,2022-09-28 08:59,,,,,False,,,,,,,202209272045-KMLB-WWUS62-WCNMLB,,2022
MLB,2022-09-28 03:18,2022-09-28 03:45,2022-09-28 03:18,202209280345,TO,C,W,19,EXP,FLC111,1493.834228515625,2022-09-28 03:43,,,,,False,,,,,,,202209280318-KMLB-WFUS52-TORMLB,Kelly,2022
MLB,2022-09-28 08:59,2022-09-28 20:31,2022-09-28 08:59,202209282100,TO,C,A,546,CAN,AMZ555,3750.61376953125,2022-09-28 20:31,,,,,False,,,,,,,202209280859-KMLB-WWUS62-WCNMLB,,2022
MLB,2022-09-28 08:59,2022-09-28 20:31,2022-09-28 08:59,202209282100,TO,C,A,546,CAN,FLC095,2604.07568359375,2022-09-28 20:31,,,,,False,,,,,,,202209280859-KMLB-WWUS62-WCNMLB,,2022
MLB,2022-09-28 08:59,2022-09-28 20:31,2022-09-28 08:59,202209282100,TO,C,A,546,CAN,AMZ572,7326.3125,2022-09-28 20:31,,,,,False,,,,,,,202209280859-KMLB-WWUS62-WCNMLB,,2022
MLB,2022-09-28 11:34,2022-09-28 13:30,2022-09-28 11:34,202209281330,FA,C,W,12,NEW,FLC085,1447.405029296875,2022-09-28 11:34,00000,0,ER,OO,False,,,,,,,202209281134-KMLB-WGUS42-FLWMLB,JS,2022
MLB,2022-09-28 15:30,2022-09-29 09:41,2022-09-28 15:30,202210191530,HU,C,W,1009,CAN,FLZ041,2526.55712890625,2022-09-29 09:41,,,,,False,,,,,,,202209281530-KMLB-WTUS82-TCVMLB,,2022
MLB,2022-09-28 15:30,2022-09-29 09:41,2022-09-28 15:30,202210191530,HU,C,W,1009,CAN,FLZ141,654.7750854492188,2022-09-29 09:41,,,,,False,,,,,,,202209281530-KMLB-WTUS82-TCVMLB,,2022
MLB,2022-09-28 15:30,2022-09-29 09:41,2022-09-28 15:30,202210191530,HU,C,W,1009,CAN,FLZ747,132.90597534179688,2022-09-29 09:41,,,,,False,,,,,,,202209281530-KMLB-WTUS82-TCVMLB,,2022
MLB,2022-09-28 15:30,2022-09-29 09:41,2022-09-28 15:30,202210191530,HU,C,W,1009,CAN,FLZ347,226.41384887695312,2022-09-29 09:41,,,,,False,,,,,,,202209281530-KMLB-WTUS82-TCVMLB,,2022
MLB,2022-09-28 15:30,2022-09-29 09:41,2022-09-28 15:30,202210191530,HU,C,W,1009,CAN,FLZ547,1152.2489013671875,2022-09-29 09:41,,,,,False,,,,,,,202209281530-KMLB-WTUS82-TCVMLB,,2022
MLB,2022-09-28 15:31,2022-09-29 09:52,2022-09-28 15:31,202210191531,HU,C,W,1009,CAN,AMZ570,4993.2802734375,2022-09-29 09:52,,,,,False,,,,,,,202209281531-KMLB-WHUS72-MWWMLB,,2022
MLB,2022-09-28 15:31,2022-09-29 09:52,2022-09-28 15:31,202210191531,HU,C,W,1009,CAN,AMZ572,7326.3125,2022-09-29 09:52,,,,,False,,,,,,,202209281531-KMLB-WHUS72-MWWMLB,,2022
MLB,2022-09-28 15:31,2022-09-29 09:52,2022-09-28 15:31,202210191531,HU,C,W,1009,CAN,AMZ550,2759.165771484375,2022-09-29 09:52,,,,,False,,,,,,,202209281531-KMLB-WHUS72-MWWMLB,,2022
MLB,2022-09-28 18:32,2022-09-28 18:48,2022-09-28 18:32,202209281900,TO,C,W,24,CAN,FLC009,2741.7197265625,2022-09-28 18:48,,,,,False,,,,,,,202209281832-KMLB-WFUS52-TORMLB,Schaper,2022
MLB,2022-09-28 18:32,2022-09-28 19:00,2022-09-28 18:32,202209281900,TO,C,W,24,CON,FLC097,3908.311279296875,2022-09-28 18:48,,,,,False,,,,,,,202209281832-KMLB-WFUS52-TORMLB,Schaper,2022
MLB,2022-09-28 20:22,2022-09-29 00:15,2022-09-28 20:22,202209290015,FA,C,W,15,NEW,FLC095,2604.07568359375,2022-09-28 20:22,00000,0,ER,OO,False,,,,,,,202209282022-KMLB-WGUS42-FLWMLB,JS,2022
MLB,2022-09-28 20:22,2022-09-29 00:15,2022-09-28 20:22,202209290015,FA,C,W,15,NEW,FLC097,3908.311279296875,2022-09-28 20:22,00000,0,ER,OO,False,,,,,,,202209282022-KMLB-WGUS42-FLWMLB,JS,2022
MLB,2022-09-28 20:22,2022-09-29 00:15,2022-09-28 20:22,202209290015,FA,C,W,15,NEW,FLC127,3181.331298828125,2022-09-28 20:22,00000,0,ER,OO,False,,,,,,,202209282022-KMLB-WGUS42-FLWMLB,JS,2022
MLB,2022-09-28 20:22,2022-09-29 00:15,2022-09-28 20:22,202209290015,FA,C,W,15,NEW,FLC117,894.225830078125,2022-09-28 20:22,00000,0,ER,OO,False,,,,,,,202209282022-KMLB-WGUS42-FLWMLB,JS,2022
MLB,2022-09-28 20:31,2022-09-29 04:57,2022-09-28 20:31,202209290500,TO,C,A,547,CAN,FLC097,3908.311279296875,2022-09-29 04:57,,,,,False,,,,,,,202209282031-KMLB-WWUS62-WCNMLB,,2022
MLB,2022-09-28 20:31,2022-09-29 04:57,2022-09-28 20:31,202209290500,TO,C,A,547,CAN,AMZ570,4993.2802734375,2022-09-29 04:57,,,,,False,,,,,,,202209282031-KMLB-WWUS62-WCNMLB,,2022
MLB,2022-09-28 20:31,2022-09-29 04:57,2022-09-28 20:31,202209290500,TO,C,A,547,CAN,FLC085,1447.405029296875,2022-09-29 04:57,,,,,False,,,,,,,202209282031-KMLB-WWUS62-WCNMLB,,2022
MLB,2022-09-29 04:58,2022-09-29 10:00,2022-09-29 04:58,202209290800,FF,C,W,3,EXT,FLC117,894.225830078125,2022-09-29 07:41,00000,0,ER,OO,False,,,,,,,202209290458-KMLB-WGUS52-FFWMLB,CL,2022
MLB,2022-09-29 04:58,2022-09-29 10:00,2022-09-29 04:58,202209290800,FF,C,W,3,EXT,FLC095,2604.07568359375,2022-09-29 07:41,00000,0,ER,OO,False,,,,,,,202209290458-KMLB-WGUS52-FFWMLB,CL,2022
MLB,2022-09-29 12:18,2022-09-29 16:15,2022-09-29 12:18,202209291615,FF,C,W,9,EXP,FLC117,894.225830078125,2022-09-29 16:11,00000,0,ER,OO,False,,,,,,,202209291218-KMLB-WGUS52-FFWMLB,JS,2022
MLB,2022-09-29 09:30,2022-09-29 18:30,2022-09-29 09:30,202209291430,FA,C,W,18,EXT,FLC117,894.225830078125,2022-09-29 16:22,00000,0,ER,OO,False,,,,,,,202209290930-KMLB-WGUS42-FLWMLB,JS,2022
MLB,2022-09-29 09:57,2022-09-29 16:00,2022-09-29 09:57,202209291400,FF,C,W,7,EXP,FLC127,3181.331298828125,2022-09-29 15:57,00000,0,ER,OO,False,,,,,,,202209290957-KMLB-WGUS52-FFWMLB,JS,2022
MLB,2022-09-29 10:27,2022-09-29 13:30,2022-09-29 10:27,202209291330,FF,C,W,8,EXP,FLC095,2604.07568359375,2022-09-29 13:26,00000,0,ER,OO,False,,,,,,,202209291027-KMLB-WGUS52-FFWMLB,JS,2022
MLB,2022-09-29 10:27,2022-09-29 13:30,2022-09-29 10:27,202209291330,FF,C,W,8,EXP,FLC117,894.225830078125,2022-09-29 13:26,00000,0,ER,OO,False,,,,,,,202209291027-KMLB-WGUS52-FFWMLB,JS,2022
MLB,2022-09-29 10:27,2022-09-29 13:30,2022-09-29 10:27,202209291330,FF,C,W,8,EXP,FLC127,3181.331298828125,2022-09-29 13:26,00000,0,ER,OO,False,,,,,,,202209291027-KMLB-WGUS52-FFWMLB,JS,2022
MLB,2022-09-29 18:37,2022-09-30 00:30,2022-09-29 18:37,202209300030,FA,C,W,19,NEW,FLC009,2741.7197265625,2022-09-29 18:37,00000,0,ER,OO,False,,,,,,,202209291837-KMLB-WGUS42-FLWMLB,,2022
MLB,2022-09-29 18:37,2022-09-30 00:30,2022-09-29 18:37,202209300030,FA,C,W,19,NEW,FLC097,3908.311279296875,2022-09-29 18:37,00000,0,ER,OO,False,,,,,,,202209291837-KMLB-WGUS42-FLWMLB,,2022
MLB,2022-09-29 18:40,2022-09-30 03:12,2022-09-29 18:40,202210201840,HU,C,W,1009,CAN,AMZ552,4612.98583984375,2022-09-30 03:12,,,,,False,,,,,,,202209291840-KMLB-WHUS72-MWWMLB,,2022
MLB,2022-09-29 18:40,2022-09-30 03:12,2022-09-29 18:40,202210201840,HU,C,W,1009,CAN,AMZ550,2759.165771484375,2022-09-30 03:12,,,,,False,,,,,,,202209291840-KMLB-WHUS72-MWWMLB,,2022
ILX,2022-09-28 05:00,2022-09-28 13:00,2022-09-27 19:04,202209281300,FR,C,Y,3,EXP,ILZ041,1457.4896240234375,2022-09-28 12:50,,,,,False,,,,,,,202209271904-KILX-WWUS73-NPWILX,,2022
ILX,2022-09-28 05:00,2022-09-28 13:00,2022-09-27 19:04,202209281300,FR,C,Y,3,EXP,ILZ042,1601.6529541015625,2022-09-28 12:50,,,,,False,,,,,,,202209271904-KILX-WWUS73-NPWILX,,2022
ILX,2022-09-28 05:00,2022-09-28 13:00,2022-09-27 19:04,202209281300,FR,C,Y,3,EXP,ILZ043,1048.0164794921875,2022-09-28 12:50,,,,,False,,,,,,,202209271904-KILX-WWUS73-NPWILX,,2022
ILX,2022-09-28 05:00,2022-09-28 13:00,2022-09-27 19:04,202209281300,FR,C,Y,3,EXP,ILZ030,1030.740478515625,2022-09-28 12:50,,,,,False,,,,,,,202209271904-KILX-WWUS73-NPWILX,,2022
ILX,2022-09-28 05:00,2022-09-28 13:00,2022-09-27 19:04,202209281300,FR,C,Y,3,EXP,ILZ027,1861.5418701171875,2022-09-28 12:50,,,,,False,,,,,,,202209271904-KILX-WWUS73-NPWILX,,2022
ILX,2022-09-28 05:00,2022-09-28 13:00,2022-09-27 19:04,202209281300,FR,C,Y,3,EXP,ILZ029,1631.895751953125,2022-09-28 12:50,,,,,False,,,,,,,202209271904-KILX-WWUS73-NPWILX,,2022
MLB,2022-09-29 14:32,2022-12-01 14:29,2022-09-29 08:20,202210201800,FL,C,W,7,CAN,FLC069,2999.386474609375,2022-12-01 14:29,DLAF1,3,ER,NO,False,,,,,,,202209290820-KMLB-WGUS42-FLWMLB,JS,2022
JSJ,2022-09-28 17:31,2022-09-28 20:30,2022-09-28 17:31,202209282030,FA,C,Y,287,EXP,PRC021,115.60607147216797,2022-09-28 20:26,00000,N,ER,OO,False,,,,,,,202209281731-TJSJ-WGCA82-FLSSJU,CRS,2022
JSJ,2022-09-29 18:11,2022-09-29 22:15,2022-09-29 18:11,202209292115,FA,C,Y,292,EXP,PRC003,80.42816925048828,2022-09-29 22:14,00000,N,ER,OO,False,,,,,,,202209291811-TJSJ-WGCA82-FLSSJU,CRS,2022
JSJ,2022-09-29 18:11,2022-09-29 22:15,2022-09-29 18:11,202209292115,FA,C,Y,292,EXP,PRC115,59.937747955322266,2022-09-29 22:14,00000,N,ER,OO,False,,,,,,,202209291811-TJSJ-WGCA82-FLSSJU,CRS,2022
JSJ,2022-09-29 18:11,2022-09-29 22:15,2022-09-29 18:11,202209292115,FA,C,Y,292,EXP,PRC081,159.7498779296875,2022-09-29 22:14,00000,N,ER,OO,False,,,,,,,202209291811-TJSJ-WGCA82-FLSSJU,CRS,2022
ABR,2022-09-28 07:00,2022-09-28 13:00,2022-09-27 19:47,202209281300,FR,C,Y,4,CON,SDZ023,1645.3052978515625,2022-09-28 06:49,,,,,False,,,,,,,202209271947-KABR-WWUS73-NPWABR,Parkin,2022
ABR,2022-09-28 07:00,2022-09-28 13:00,2022-09-27 19:47,202209281300,FR,C,Y,4,CON,SDZ021,1777.7216796875,2022-09-28 06:49,,,,,False,,,,,,,202209271947-KABR-WWUS73-NPWABR,Parkin,2022
ABR,2022-09-28 07:00,2022-09-28 13:00,2022-09-27 19:47,202209281300,FR,C,Y,4,CON,SDZ011,2819.7861328125,2022-09-28 06:49,,,,,False,,,,,,,202209271947-KABR-WWUS73-NPWABR,Parkin,2022
ABR,2022-09-28 07:00,2022-09-28 13:00,2022-09-28 00:26,202209281300,FR,C,Y,4,CON,SDZ018,3902.292724609375,2022-09-28 06:49,,,,,False,,,,,,,202209280026-KABR-WWUS73-NPWABR,TMT,2022
ABR,2022-09-28 07:00,2022-09-28 13:00,2022-09-27 19:47,202209281300,FR,C,Y,4,CON,SDZ008,2933.385986328125,2022-09-28 06:49,,,,,False,,,,,,,202209271947-KABR-WWUS73-NPWABR,Parkin,2022
UNR,2022-09-29 03:00,2022-09-29 12:00,2022-09-28 19:57,202209291200,WI,C,Y,45,EXP,SDZ049,4181.18115234375,2022-09-29 12:01,,,,,False,,,,,,,202209281957-KUNR-WWUS73-NPWUNR,,2022
UNR,2022-09-29 03:00,2022-09-29 12:00,2022-09-28 19:57,202209291200,WI,C,Y,45,EXP,SDZ047,3596.1142578125,2022-09-29 12:01,,,,,False,,,,,,,202209281957-KUNR-WWUS73-NPWUNR,,2022
MOB,2022-09-27 11:00,2022-09-28 03:13,2022-09-26 22:43,202209281200,SC,C,Y,42,UPG,GMZ635,132.9878387451172,2022-09-28 03:13,,,,,False,,,,,,,202209262243-KMOB-WHUS74-MWWMOB,,2022
MOB,2022-09-27 11:00,2022-09-28 03:13,2022-09-26 22:43,202209281200,SC,C,Y,42,UPG,GMZ633,145.6126708984375,2022-09-28 03:13,,,,,False,,,,,,,202209262243-KMOB-WHUS74-MWWMOB,,2022
MOB,2022-09-27 11:00,2022-09-28 03:13,2022-09-26 22:43,202209281200,SC,C,Y,42,UPG,GMZ634,490.9412841796875,2022-09-28 03:13,,,,,False,,,,,,,202209262243-KMOB-WHUS74-MWWMOB,,2022
MOB,2022-09-27 16:00,2022-09-28 00:00,2022-09-27 09:50,202209280000,FW,C,W,5,CON,FLZ204,366.255126953125,2022-09-27 19:59,,,,,False,,,,,,,202209270950-KMOB-WWUS84-RFWMOB,,2022
MOB,2022-09-27 16:00,2022-09-28 00:00,2022-09-27 09:50,202209280000,FW,C,W,5,CON,ALZ263,1117.647705078125,2022-09-27 19:59,,,,,False,,,,,,,202209270950-KMOB-WWUS84-RFWMOB,,2022
MOB,2022-09-27 16:00,2022-09-28 00:00,2022-09-27 09:50,202209280000,FW,C,W,5,CON,FLZ202,577.638427734375,2022-09-27 19:59,,,,,False,,,,,,,202209270950-KMOB-WWUS84-RFWMOB,,2022
MOB,2022-09-27 16:00,2022-09-27 09:50,2022-09-26 22:20,202209280000,FW,C,A,3,UPG,MSZ079,1253.5111083984375,2022-09-27 09:50,,,,,False,,,,,,,202209262220-KMOB-WWUS84-RFWMOB,,2022
MOB,2022-09-27 16:00,2022-09-27 09:50,2022-09-26 22:20,202209280000,FW,C,A,3,UPG,ALZ266,479.1441650390625,2022-09-27 09:50,,,,,False,,,,,,,202209262220-KMOB-WWUS84-RFWMOB,,2022
MOB,2022-09-27 16:00,2022-09-27 09:50,2022-09-26 22:20,202209280000,FW,C,A,3,UPG,FLZ203,2283.0341796875,2022-09-27 09:50,,,,,False,,,,,,,202209262220-KMOB-WWUS84-RFWMOB,,2022
MOB,2022-09-28 03:00,2022-09-29 23:00,2022-09-27 15:26,202209292300,GL,C,W,7,CON,GMZ655,2916.658203125,2022-09-29 17:44,,,,,False,,,,,,,202209271526-KMOB-WHUS74-MWWMOB,,2022
MOB,2022-09-28 03:00,2022-09-29 09:00,2022-09-27 20:01,202209290300,WI,C,Y,12,CON,ALZ265,435.886474609375,2022-09-29 01:33,,,,,False,,,,,,,202209272001-KMOB-WWUS74-NPWMOB,,2022
MOB,2022-09-28 09:16,2022-09-28 23:00,2022-09-28 09:16,202209282300,WI,C,Y,12,CON,ALZ056,2210.0263671875,2022-09-28 17:53,,,,,False,,,,,,,202209280916-KMOB-WWUS74-NPWMOB,,2022
MOB,2022-09-28 09:16,2022-09-28 23:00,2022-09-28 09:16,202209282300,WI,C,Y,12,CON,ALZ059,2470.26611328125,2022-09-28 17:53,,,,,False,,,,,,,202209280916-KMOB-WWUS74-NPWMOB,,2022
MOB,2022-09-28 09:16,2022-09-28 23:00,2022-09-28 09:16,202209282300,WI,C,Y,12,CON,ALZ262,1553.9134521484375,2022-09-28 17:53,,,,,False,,,,,,,202209280916-KMOB-WWUS74-NPWMOB,,2022
MOB,2022-09-28 09:16,2022-09-28 23:00,2022-09-28 09:16,202209282300,WI,C,Y,12,CON,ALZ060,2706.031494140625,2022-09-28 17:53,,,,,False,,,,,,,202209280916-KMOB-WWUS74-NPWMOB,,2022
MOB,2022-09-28 09:16,2022-09-28 23:00,2022-09-28 09:16,202209282300,WI,C,Y,12,CON,FLZ203,2283.0341796875,2022-09-28 17:53,,,,,False,,,,,,,202209280916-KMOB-WWUS74-NPWMOB,,2022
MOB,2022-09-28 09:16,2022-09-28 23:00,2022-09-28 09:16,202209282300,WI,C,Y,12,CON,MSZ067,2108.64697265625,2022-09-28 17:53,,,,,False,,,,,,,202209280916-KMOB-WWUS74-NPWMOB,,2022
MOB,2022-09-28 14:00,2022-09-29 00:00,2022-09-27 09:50,202209290000,FW,C,W,6,CON,FLZ206,331.8329772949219,2022-09-28 20:10,,,,,False,,,,,,,202209270950-KMOB-WWUS84-RFWMOB,,2022
MOB,2022-09-28 14:00,2022-09-29 00:00,2022-09-27 09:50,202209290000,FW,C,W,6,CON,ALZ266,479.1441650390625,2022-09-28 20:10,,,,,False,,,,,,,202209270950-KMOB-WWUS84-RFWMOB,,2022
MOB,2022-09-28 14:00,2022-09-29 00:00,2022-09-27 09:50,202209290000,FW,C,W,6,CON,ALZ057,2016.2894287109375,2022-09-28 20:10,,,,,False,,,,,,,202209270950-KMOB-WWUS84-RFWMOB,,2022
MOB,2022-09-28 14:00,2022-09-29 00:00,2022-09-27 09:50,202209290000,FW,C,W,6,CON,MSZ076,1863.0859375,2022-09-28 20:10,,,,,False,,,,,,,202209270950-KMOB-WWUS84-RFWMOB,,2022
MOB,2022-09-28 14:00,2022-09-29 00:00,2022-09-27 09:50,202209290000,FW,C,W,6,CON,ALZ056,2210.0263671875,2022-09-28 20:10,,,,,False,,,,,,,202209270950-KMOB-WWUS84-RFWMOB,,2022
MOB,2022-09-28 16:00,2022-09-27 09:50,2022-09-26 22:20,202209290000,FW,C,A,4,UPG,FLZ204,366.255126953125,2022-09-27 09:50,,,,,False,,,,,,,202209262220-KMOB-WWUS84-RFWMOB,,2022
MOB,2022-09-28 16:00,2022-09-27 09:50,2022-09-26 22:20,202209290000,FW,C,A,4,UPG,ALZ059,2470.26611328125,2022-09-27 09:50,,,,,False,,,,,,,202209262220-KMOB-WWUS84-RFWMOB,,2022
MOB,2022-09-28 16:00,2022-09-27 09:50,2022-09-26 22:20,202209290000,FW,C,A,4,UPG,ALZ053,3271.363037109375,2022-09-27 09:50,,,,,False,,,,,,,202209262220-KMOB-WWUS84-RFWMOB,,2022
MOB,2022-09-28 16:00,2022-09-27 09:50,2022-09-26 22:20,202209290000,FW,C,A,4,UPG,FLZ203,2283.0341796875,2022-09-27 09:50,,,,,False,,,,,,,202209262220-KMOB-WWUS84-RFWMOB,,2022
MOB,2022-09-28 16:00,2022-09-27 09:50,2022-09-26 22:20,202209290000,FW,C,A,4,UPG,ALZ266,479.1441650390625,2022-09-27 09:50,,,,,False,,,,,,,202209262220-KMOB-WWUS84-RFWMOB,,2022
MOB,2022-09-28 16:00,2022-09-27 09:50,2022-09-26 22:20,202209290000,FW,C,A,4,UPG,FLZ206,331.8329772949219,2022-09-27 09:50,,,,,False,,,,,,,202209262220-KMOB-WWUS84-RFWMOB,,2022
MOB,2022-09-28 16:00,2022-09-27 09:50,2022-09-26 22:20,202209290000,FW,C,A,4,UPG,ALZ051,2392.57177734375,2022-09-27 09:50,,,,,False,,,,,,,202209262220-KMOB-WWUS84-RFWMOB,,2022
MOB,2022-09-28 16:00,2022-09-27 09:50,2022-09-26 22:20,202209290000,FW,C,A,4,UPG,MSZ076,1863.0859375,2022-09-27 09:50,,,,,False,,,,,,,202209262220-KMOB-WWUS84-RFWMOB,,2022
MOB,2022-09-28 16:00,2022-09-27 09:50,2022-09-26 22:20,202209290000,FW,C,A,4,UPG,ALZ057,2016.2894287109375,2022-09-27 09:50,,,,,False,,,,,,,202209262220-KMOB-WWUS84-RFWMOB,,2022
MOB,2022-09-28 16:00,2022-09-27 09:50,2022-09-26 22:20,202209290000,FW,C,A,4,UPG,ALZ056,2210.0263671875,2022-09-27 09:50,,,,,False,,,,,,,202209262220-KMOB-WWUS84-RFWMOB,,2022
MOB,2022-09-29 09:18,2022-09-30 08:00,2022-09-28 10:16,202209300800,SC,C,Y,43,CON,GMZ632,373.7734680175781,2022-09-30 01:45,,,,,False,,,,,,,202209281016-KMOB-WHUS74-MWWMOB,,2022
MOB,2022-09-29 09:18,2022-09-30 01:45,2022-09-28 10:16,202209300800,SC,C,Y,43,CAN,GMZ634,490.9412841796875,2022-09-30 01:45,,,,,False,,,,,,,202209281016-KMOB-WHUS74-MWWMOB,,2022
MOB,2022-09-29 09:18,2022-09-29 18:00,2022-09-29 09:18,202209291800,SC,C,Y,44,EXP,GMZ635,132.9878387451172,2022-09-29 17:44,,,,,False,,,,,,,202209290918-KMOB-WHUS74-MWWMOB,,2022
MOB,2022-09-29 15:00,2022-09-29 08:46,2022-09-28 09:12,202209292300,FW,C,A,5,UPG,FLZ201,1153.5845947265625,2022-09-29 08:46,,,,,False,,,,,,,202209280912-KMOB-WWUS84-RFWMOB,,2022
MOB,2022-09-29 15:00,2022-09-29 08:46,2022-09-28 09:12,202209292300,FW,C,A,5,UPG,ALZ262,1553.9134521484375,2022-09-29 08:46,,,,,False,,,,,,,202209280912-KMOB-WWUS84-RFWMOB,,2022
MOB,2022-09-29 15:00,2022-09-29 08:46,2022-09-28 09:12,202209292300,FW,C,A,5,UPG,FLZ202,577.638427734375,2022-09-29 08:46,,,,,False,,,,,,,202209280912-KMOB-WWUS84-RFWMOB,,2022
MOB,2022-09-29 16:00,2022-09-29 23:00,2022-09-29 08:46,202209292300,FW,C,W,7,CON,FLZ201,1153.5845947265625,2022-09-29 10:30,,,,,False,,,,,,,202209290846-KMOB-WWUS84-RFWMOB,,2022
MOB,2022-09-29 16:00,2022-09-29 23:00,2022-09-29 08:46,202209292300,FW,C,W,7,CON,ALZ058,1583.3193359375,2022-09-29 10:30,,,,,False,,,,,,,202209290846-KMOB-WWUS84-RFWMOB,,2022
MOB,2022-09-29 16:00,2022-09-29 23:00,2022-09-29 08:46,202209292300,FW,C,W,7,CON,FLZ203,2283.0341796875,2022-09-29 10:30,,,,,False,,,,,,,202209290846-KMOB-WWUS84-RFWMOB,,2022
MOB,2022-09-29 16:00,2022-09-29 23:00,2022-09-29 08:46,202209292300,FW,C,W,7,CON,ALZ060,2706.031494140625,2022-09-29 10:30,,,,,False,,,,,,,202209290846-KMOB-WWUS84-RFWMOB,,2022
MOB,2022-09-29 16:00,2022-09-29 23:00,2022-09-29 08:46,202209292300,FW,C,W,7,CON,MSZ078,1161.4884033203125,2022-09-29 10:30,,,,,False,,,,,,,202209290846-KMOB-WWUS84-RFWMOB,,2022
MOB,2022-09-29 16:00,2022-09-29 23:00,2022-09-29 08:46,202209292300,FW,C,W,7,CON,MSZ079,1253.5111083984375,2022-09-29 10:30,,,,,False,,,,,,,202209290846-KMOB-WWUS84-RFWMOB,,2022
VEF,2022-09-28 18:10,2022-09-28 21:15,2022-09-28 18:10,202209282115,FF,C,W,310,EXP,NVC003,20951.15234375,2022-09-28 21:06,00000,0,ER,OO,False,,,,,,,202209281810-KVEF-WGUS55-FFWVEF,JV,2022
VEF,2022-09-28 19:05,2022-09-28 22:15,2022-09-28 19:05,202209282215,FF,C,W,311,EXP,CAC071,52077.98046875,2022-09-28 22:19,00000,0,ER,OO,False,,,,,,,202209281905-KVEF-WGUS55-FFWVEF,JV,2022
VEF,2022-09-29 21:23,2022-09-29 22:18,2022-09-29 21:23,202209300030,FF,C,W,315,CAN,NVC003,20951.15234375,2022-09-29 22:18,00000,0,ER,OO,False,,,,,,,202209292123-KVEF-WGUS55-FFWVEF,BKP,2022
ABQ,2022-09-28 18:39,2022-09-28 22:00,2022-09-28 18:39,202209282200,FA,C,Y,701,NEW,NMC047,12265.0458984375,2022-09-28 18:39,00000,N,ER,OO,False,,,,,,,202209281839-KABQ-WGUS85-FLSABQ,Guyer,2022
ABQ,2022-09-28 18:39,2022-09-28 22:00,2022-09-28 18:39,202209282200,FA,C,Y,701,NEW,NMC055,5708.23583984375,2022-09-28 18:39,00000,N,ER,OO,False,,,,,,,202209281839-KABQ-WGUS85-FLSABQ,Guyer,2022
ABQ,2022-09-28 18:39,2022-09-28 22:00,2022-09-28 18:39,202209282200,FA,C,Y,701,NEW,NMC039,15267.9873046875,2022-09-28 18:39,00000,N,ER,OO,False,,,,,,,202209281839-KABQ-WGUS85-FLSABQ,Guyer,2022
CHS,2022-09-27 15:12,2022-09-28 15:16,2022-09-27 15:12,202210181512,SS,C,A,1009,UPG,GAZ117,115.85345458984375,2022-09-28 15:16,,,,,False,,,,,,,202209271512-KCHS-WTUS82-TCVCHS,,2022
CHS,2022-09-27 15:12,2022-09-28 03:16,2022-09-27 15:12,202210181512,TR,C,A,1009,UPG,GAZ139,147.54722595214844,2022-09-28 03:16,,,,,False,,,,,,,202209271512-KCHS-WTUS82-TCVCHS,,2022
APX,2022-09-29 04:00,2022-09-29 13:00,2022-09-28 06:46,202209291300,FZ,C,W,3,CON,MIZ034,1498.764404296875,2022-09-29 06:51,,,,,False,,,,,,,202209280646-KAPX-WWUS73-NPWAPX,,2022
APX,2022-09-29 04:00,2022-09-29 13:00,2022-09-28 06:46,202209291300,FZ,C,W,3,CON,MIZ025,902.7105712890625,2022-09-29 06:51,,,,,False,,,,,,,202209280646-KAPX-WWUS73-NPWAPX,,2022
APX,2022-09-29 04:00,2022-09-29 13:00,2022-09-28 06:46,202209291300,FZ,C,W,3,CON,MIZ023,1453.437744140625,2022-09-29 06:51,,,,,False,,,,,,,202209280646-KAPX-WWUS73-NPWAPX,,2022
APX,2022-09-29 04:00,2022-09-29 13:00,2022-09-28 06:46,202209291300,FZ,C,W,3,CON,MIZ018,1772.2684326171875,2022-09-29 06:51,,,,,False,,,,,,,202209280646-KAPX-WWUS73-NPWAPX,,2022
APX,2022-09-29 04:00,2022-09-29 13:00,2022-09-28 06:46,202209291300,FZ,C,W,3,CON,MIZ017,2060.214111328125,2022-09-29 06:51,,,,,False,,,,,,,202209280646-KAPX-WWUS73-NPWAPX,,2022
APX,2022-09-29 04:00,2022-09-29 13:00,2022-09-28 06:46,202209291300,FZ,C,W,3,CON,MIZ099,980.291259765625,2022-09-29 06:51,,,,,False,,,,,,,202209280646-KAPX-WWUS73-NPWAPX,,2022
APX,2022-09-29 04:00,2022-09-29 13:00,2022-09-28 06:46,202209291300,FZ,C,W,3,CON,MIZ098,196.9224395751953,2022-09-29 06:51,,,,,False,,,,,,,202209280646-KAPX-WWUS73-NPWAPX,,2022
APX,2022-09-29 04:00,2022-09-29 13:00,2022-09-28 06:46,202209291300,FZ,C,W,3,CON,MIZ020,971.4697875976562,2022-09-29 06:51,,,,,False,,,,,,,202209280646-KAPX-WWUS73-NPWAPX,,2022
APX,2022-09-29 04:00,2022-09-29 13:00,2022-09-28 06:46,202209291300,FZ,C,W,3,CON,MIZ022,1359.1895751953125,2022-09-29 06:51,,,,,False,,,,,,,202209280646-KAPX-WWUS73-NPWAPX,,2022
APX,2022-09-29 04:00,2022-09-29 13:00,2022-09-28 06:46,202209291300,FZ,C,W,3,CON,MIZ021,1344.2083740234375,2022-09-29 06:51,,,,,False,,,,,,,202209280646-KAPX-WWUS73-NPWAPX,,2022
APX,2022-09-29 04:00,2022-09-28 06:46,2022-09-27 19:21,202209291300,FZ,C,A,1,UPG,MIZ025,902.7105712890625,2022-09-28 06:46,,,,,False,,,,,,,202209271921-KAPX-WWUS73-NPWAPX,FEF,2022
APX,2022-09-29 04:00,2022-09-29 13:00,2022-09-28 06:46,202209291300,FZ,C,W,3,CON,MIZ024,1537.2374267578125,2022-09-29 06:51,,,,,False,,,,,,,202209280646-KAPX-WWUS73-NPWAPX,,2022
APX,2022-09-29 04:00,2022-09-28 06:46,2022-09-27 19:21,202209291300,FZ,C,A,1,UPG,MIZ029,1477.1558837890625,2022-09-28 06:46,,,,,False,,,,,,,202209271921-KAPX-WWUS73-NPWAPX,FEF,2022
AFC,2022-09-29 20:00,2022-10-01 00:00,2022-09-28 11:48,202210010000,HW,C,W,3,CON,AKZ191,2097.2236328125,2022-09-30 11:43,,,,,False,,,,,,,202209281148-PAFC-WWAK72-NPWALU,,2022
IWX,2022-09-25 12:00,2022-09-29 03:00,2022-09-24 15:31,202209281500,BH,C,S,16,EXP,INZ103,983.6912231445312,2022-09-29 02:47,,,,,False,,,,,,,202209241531-KIWX-WHUS43-CFWIWX,,2022
IWX,2022-09-26 00:14,2022-09-26 02:15,2022-09-26 00:14,202209260215,MA,C,W,19,CON,LMZ080,793.1163330078125,2022-09-26 01:51,,,,,False,,,,,,,202209260014-KIWX-WHUS53-SMWIWX,CM,2022
IWX,2022-09-25 12:00,2022-09-29 03:00,2022-09-24 15:31,202209281500,BH,C,S,16,EXP,MIZ177,343.75958251953125,2022-09-29 02:47,,,,,False,,,,,,,202209241531-KIWX-WHUS43-CFWIWX,,2022
IWX,2022-09-25 12:00,2022-09-29 03:00,2022-09-24 15:28,202209281500,SC,C,Y,59,EXP,LMZ043,300.67144775390625,2022-09-29 02:48,,,,,False,,,,,,,202209241528-KIWX-WHUS73-MWWIWX,,2022
IWX,2022-09-25 12:00,2022-09-29 03:00,2022-09-24 15:28,202209281500,SC,C,Y,59,EXP,LMZ046,132.6297149658203,2022-09-29 02:48,,,,,False,,,,,,,202209241528-KIWX-WHUS73-MWWIWX,,2022
AKQ,2022-09-29 19:52,2022-10-01 14:00,2022-09-29 08:18,202210011000,SU,C,Y,9,EXP,VAZ100,553.6276245117188,2022-10-01 14:10,,,,,False,,,,,,,202209290818-KAKQ-WHUS41-CFWAKQ,,2022
MLB,2022-09-29 09:30,2022-09-29 18:30,2022-09-29 09:30,202209291430,FA,C,W,18,EXT,FLC069,2999.386474609375,2022-09-29 16:22,00000,0,ER,OO,False,,,,,,,202209290930-KMLB-WGUS42-FLWMLB,JS,2022
MLB,2022-09-29 09:30,2022-09-29 18:30,2022-09-29 09:30,202209291430,FA,C,W,18,EXT,FLC097,3908.311279296875,2022-09-29 16:22,00000,0,ER,OO,False,,,,,,,202209290930-KMLB-WGUS42-FLWMLB,JS,2022
MLB,2022-09-29 09:41,2022-09-30 00:08,2022-09-29 09:41,202210200941,TR,C,W,1009,CAN,FLZ144,1386.970458984375,2022-09-30 00:08,,,,,False,,,,,,,202209290941-KMLB-WTUS82-TCVMLB,,2022
MLB,2022-09-29 09:52,2022-09-29 18:40,2022-09-29 09:52,202210200952,TR,C,W,1009,UPG,AMZ550,2759.165771484375,2022-09-29 18:40,,,,,False,,,,,,,202209290952-KMLB-WHUS72-MWWMLB,,2022
MLB,2022-09-29 09:52,2022-09-29 18:40,2022-09-29 09:52,202210200952,TR,C,W,1009,UPG,AMZ572,7326.3125,2022-09-29 18:40,,,,,False,,,,,,,202209290952-KMLB-WHUS72-MWWMLB,,2022
MLB,2022-09-29 09:52,2022-09-29 18:40,2022-09-29 09:52,202210200952,TR,C,W,1009,UPG,AMZ570,4993.2802734375,2022-09-29 18:40,,,,,False,,,,,,,202209290952-KMLB-WHUS72-MWWMLB,,2022
MLB,2022-09-29 09:52,2022-09-29 18:40,2022-09-29 09:52,202210200952,TR,C,W,1009,UPG,AMZ552,4612.98583984375,2022-09-29 18:40,,,,,False,,,,,,,202209290952-KMLB-WHUS72-MWWMLB,,2022
MLB,2022-09-29 18:40,2022-09-30 03:12,2022-09-29 18:40,202210201840,HU,C,W,1009,CAN,AMZ572,7326.3125,2022-09-30 03:12,,,,,False,,,,,,,202209291840-KMLB-WHUS72-MWWMLB,,2022
TWC,2022-09-27 00:27,2022-09-27 01:00,2022-09-27 00:27,202209270100,SV,C,W,211,EXP,AZC019,23815.521484375,2022-09-27 01:00,,,,,False,,,,,,,202209270027-KTWC-WUUS55-SVRTWC,WJM,2022
ILX,2022-09-28 05:00,2022-09-28 13:00,2022-09-27 19:04,202209281300,FR,C,Y,3,EXP,ILZ040,1142.05029296875,2022-09-28 12:50,,,,,False,,,,,,,202209271904-KILX-WWUS73-NPWILX,,2022
ILX,2022-09-28 05:00,2022-09-28 13:00,2022-09-27 19:04,202209281300,FR,C,Y,3,EXP,ILZ037,1702.0372314453125,2022-09-28 12:50,,,,,False,,,,,,,202209271904-KILX-WWUS73-NPWILX,,2022
ILX,2022-09-28 05:00,2022-09-28 13:00,2022-09-27 19:04,202209281300,FR,C,Y,3,EXP,ILZ048,815.8430786132812,2022-09-28 12:50,,,,,False,,,,,,,202209271904-KILX-WWUS73-NPWILX,,2022
ILX,2022-09-28 05:00,2022-09-28 13:00,2022-09-27 19:04,202209281300,FR,C,Y,3,EXP,ILZ049,654.0864868164062,2022-09-28 12:50,,,,,False,,,,,,,202209271904-KILX-WWUS73-NPWILX,,2022
TWC,2022-09-24 04:47,2022-09-24 06:45,2022-09-24 04:47,202209240645,FA,C,Y,273,EXP,AZC023,3209.29541015625,2022-09-24 06:42,00000,N,ER,OO,False,,,,,,,202209240447-KTWC-WGUS85-FLSTWC,GLZ,2022
TWC,2022-09-27 01:57,2022-09-27 04:00,2022-09-27 01:57,202209270400,FF,C,W,160,EXP,AZC019,23815.521484375,2022-09-27 03:59,00000,0,ER,OO,False,,,,,,,202209270157-KTWC-WGUS55-FFWTWC,GLZ,2022
TWC,2022-09-27 02:04,2022-09-27 05:15,2022-09-27 02:04,202209270515,FA,C,Y,281,EXP,AZC003,16118.8740234375,2022-09-27 05:12,00000,N,ER,OO,False,,,,,,,202209270204-KTWC-WGUS85-FLSTWC,WJM,2022
TWC,2022-09-28 22:18,2022-09-29 00:15,2022-09-28 22:18,202209290015,FF,C,W,161,NEW,AZC019,23815.521484375,2022-09-28 22:18,00000,0,ER,OO,False,,,,,,,202209282218-KTWC-WGUS55-FFWTWC,CWR,2022
JSJ,2022-09-26 22:00,2022-09-28 07:57,2022-09-26 20:45,202209272200,RP,C,S,69,CAN,PRZ012,30.209867477416992,2022-09-28 07:57,,,,,False,,,,,,,202209262045-TJSJ-WHCA42-CFWSJU,,2022
JSJ,2022-09-28 16:51,2022-09-28 20:00,2022-09-28 16:51,202209282000,FA,C,Y,286,EXP,PRC111,115.93009948730469,2022-09-28 19:58,00000,N,ER,OO,False,,,,,,,202209281651-TJSJ-WGCA82-FLSSJU,CRS,2022
JSJ,2022-09-28 17:31,2022-09-28 20:30,2022-09-28 17:31,202209282030,FA,C,Y,287,EXP,PRC127,127.16462707519531,2022-09-28 20:26,00000,N,ER,OO,False,,,,,,,202209281731-TJSJ-WGCA82-FLSSJU,CRS,2022
JSJ,2022-09-29 18:11,2022-09-29 22:15,2022-09-29 18:11,202209292115,FA,C,Y,292,EXP,PRC099,130.62496948242188,2022-09-29 22:14,00000,N,ER,OO,False,,,,,,,202209291811-TJSJ-WGCA82-FLSSJU,CRS,2022
JSJ,2022-09-29 18:55,2022-09-29 22:00,2022-09-29 18:55,202209292200,FA,C,Y,293,EXP,PRC097,195.86607360839844,2022-09-29 22:00,00000,N,ER,OO,False,,,,,,,202209291855-TJSJ-WGCA82-FLSSJU,JA,2022
ALY,2022-09-26 19:02,2022-09-26 19:35,2022-09-26 19:02,202209262000,SV,C,W,116,CAN,NYC001,1378.660400390625,2022-09-26 19:35,,,,,False,,,,,,,202209261902-KALY-WUUS51-SVRALY,TAW,2022
ABR,2022-09-28 07:00,2022-09-28 13:00,2022-09-27 19:47,202209281300,FR,C,Y,4,CON,SDZ020,1853.0130615234375,2022-09-28 06:49,,,,,False,,,,,,,202209271947-KABR-WWUS73-NPWABR,Parkin,2022
ABR,2022-09-28 07:00,2022-09-28 13:00,2022-09-27 19:47,202209281300,FR,C,Y,4,CON,SDZ019,2500.99072265625,2022-09-28 06:49,,,,,False,,,,,,,202209271947-KABR-WWUS73-NPWABR,Parkin,2022
ABR,2022-09-28 07:00,2022-09-28 13:00,2022-09-28 00:26,202209281300,FR,C,Y,4,CON,SDZ006,4472.96435546875,2022-09-28 06:49,,,,,False,,,,,,,202209280026-KABR-WWUS73-NPWABR,TMT,2022
OHX,2022-09-25 20:34,2022-09-25 21:04,2022-09-25 20:34,202209252115,SV,C,W,151,CAN,TNC141,1042.5953369140625,2022-09-25 21:04,,,,,False,,,,,,,202209252034-KOHX-WUUS54-SVROHX,Shamburger,2022
OHX,2022-09-25 20:34,2022-09-25 21:04,2022-09-25 20:34,202209252115,SV,C,W,151,CAN,TNC133,1125.9415283203125,2022-09-25 21:04,,,,,False,,,,,,,202209252034-KOHX-WUUS54-SVROHX,Shamburger,2022
MOB,2022-09-27 16:00,2022-09-28 00:00,2022-09-27 09:50,202209280000,FW,C,W,5,CON,MSZ079,1253.5111083984375,2022-09-27 19:59,,,,,False,,,,,,,202209270950-KMOB-WWUS84-RFWMOB,,2022
MOB,2022-09-27 16:00,2022-09-28 00:00,2022-09-27 09:50,202209280000,FW,C,W,5,CON,ALZ264,2026.8341064453125,2022-09-27 19:59,,,,,False,,,,,,,202209270950-KMOB-WWUS84-RFWMOB,,2022
MOB,2022-09-27 16:00,2022-09-28 00:00,2022-09-27 09:50,202209280000,FW,C,W,5,CON,FLZ203,2283.0341796875,2022-09-27 19:59,,,,,False,,,,,,,202209270950-KMOB-WWUS84-RFWMOB,,2022
MOB,2022-09-27 16:00,2022-09-28 00:00,2022-09-27 09:50,202209280000,FW,C,W,5,CON,MSZ078,1161.4884033203125,2022-09-27 19:59,,,,,False,,,,,,,202209270950-KMOB-WWUS84-RFWMOB,,2022
MOB,2022-09-27 16:00,2022-09-27 09:50,2022-09-26 22:20,202209280000,FW,C,A,3,UPG,FLZ201,1153.5845947265625,2022-09-27 09:50,,,,,False,,,,,,,202209262220-KMOB-WWUS84-RFWMOB,,2022
MOB,2022-09-27 16:00,2022-09-27 09:50,2022-09-26 22:20,202209280000,FW,C,A,3,UPG,ALZ265,435.886474609375,2022-09-27 09:50,,,,,False,,,,,,,202209262220-KMOB-WWUS84-RFWMOB,,2022
MOB,2022-09-28 03:00,2022-09-29 09:00,2022-09-27 20:01,202209290300,WI,C,Y,12,CON,FLZ204,366.255126953125,2022-09-29 01:33,,,,,False,,,,,,,202209272001-KMOB-WWUS74-NPWMOB,,2022
MOB,2022-09-28 03:00,2022-09-30 01:45,2022-09-27 15:26,202209292300,GL,C,W,7,CAN,GMZ670,7065.47412109375,2022-09-30 01:45,,,,,False,,,,,,,202209271526-KMOB-WHUS74-MWWMOB,,2022
MOB,2022-09-28 03:00,2022-09-29 09:18,2022-09-27 15:26,202209292300,GL,C,W,7,CAN,GMZ632,373.7734680175781,2022-09-29 09:18,,,,,False,,,,,,,202209271526-KMOB-WHUS74-MWWMOB,,2022
MOB,2022-09-28 03:00,2022-09-29 09:00,2022-09-27 20:01,202209290300,WI,C,Y,12,CON,ALZ266,479.144287109375,2022-09-29 01:33,,,,,False,,,,,,,202209272001-KMOB-WWUS74-NPWMOB,,2022
MOB,2022-09-28 03:13,2022-09-29 09:18,2022-09-28 03:13,202209292300,GL,C,W,7,CAN,GMZ630,457.3597106933594,2022-09-29 09:18,,,,,False,,,,,,,202209280313-KMOB-WHUS74-MWWMOB,,2022
MOB,2022-09-28 03:13,2022-09-29 09:18,2022-09-28 03:13,202209292300,GL,C,W,7,CAN,GMZ635,132.9878387451172,2022-09-29 09:18,,,,,False,,,,,,,202209280313-KMOB-WHUS74-MWWMOB,,2022
MOB,2022-09-28 09:16,2022-09-28 23:00,2022-09-28 09:16,202209282300,WI,C,Y,12,CON,FLZ201,1153.5845947265625,2022-09-28 17:53,,,,,False,,,,,,,202209280916-KMOB-WWUS74-NPWMOB,,2022
MOB,2022-09-28 09:16,2022-09-28 23:00,2022-09-28 09:16,202209282300,WI,C,Y,12,CON,ALZ052,2830.578857421875,2022-09-28 17:53,,,,,False,,,,,,,202209280916-KMOB-WWUS74-NPWMOB,,2022
MOB,2022-09-28 09:16,2022-09-28 23:00,2022-09-28 09:16,202209282300,WI,C,Y,12,CON,MSZ075,1685.3409423828125,2022-09-28 17:53,,,,,False,,,,,,,202209280916-KMOB-WWUS74-NPWMOB,,2022
MOB,2022-09-28 09:16,2022-09-28 23:00,2022-09-28 09:16,202209282300,WI,C,Y,12,CON,ALZ051,2392.57177734375,2022-09-28 17:53,,,,,False,,,,,,,202209280916-KMOB-WWUS74-NPWMOB,,2022
MOB,2022-09-28 12:00,2022-09-29 23:00,2022-09-27 09:33,202210011100,RP,C,S,25,CON,FLZ202,577.638427734375,2022-09-29 17:01,,,,,False,,,,,,,202209270933-KMOB-WHUS44-CFWMOB,,2022
MOB,2022-09-28 14:00,2022-09-29 00:00,2022-09-27 09:50,202209290000,FW,C,W,6,CON,ALZ059,2470.26611328125,2022-09-28 20:10,,,,,False,,,,,,,202209270950-KMOB-WWUS84-RFWMOB,,2022
MOB,2022-09-28 14:00,2022-09-29 00:00,2022-09-27 09:50,202209290000,FW,C,W,6,CON,MSZ078,1161.4884033203125,2022-09-28 20:10,,,,,False,,,,,,,202209270950-KMOB-WWUS84-RFWMOB,,2022
MOB,2022-09-28 14:00,2022-09-29 00:00,2022-09-27 09:50,202209290000,FW,C,W,6,CON,ALZ261,1764.792724609375,2022-09-28 20:10,,,,,False,,,,,,,202209270950-KMOB-WWUS84-RFWMOB,,2022
MOB,2022-09-28 14:00,2022-09-29 00:00,2022-09-27 09:50,202209290000,FW,C,W,6,CON,ALZ052,2830.578857421875,2022-09-28 20:10,,,,,False,,,,,,,202209270950-KMOB-WWUS84-RFWMOB,,2022
MOB,2022-09-28 14:00,2022-09-29 00:00,2022-09-27 09:50,202209290000,FW,C,W,6,CON,FLZ202,577.638427734375,2022-09-28 20:10,,,,,False,,,,,,,202209270950-KMOB-WWUS84-RFWMOB,,2022
MOB,2022-09-28 14:00,2022-09-29 00:00,2022-09-27 09:50,202209290000,FW,C,W,6,CON,FLZ201,1153.5845947265625,2022-09-28 20:10,,,,,False,,,,,,,202209270950-KMOB-WWUS84-RFWMOB,,2022
MOB,2022-09-28 14:00,2022-09-29 00:00,2022-09-27 09:50,202209290000,FW,C,W,6,CON,ALZ054,2351.71875,2022-09-28 20:10,,,,,False,,,,,,,202209270950-KMOB-WWUS84-RFWMOB,,2022
MOB,2022-09-28 14:00,2022-09-29 00:00,2022-09-27 09:50,202209290000,FW,C,W,6,CON,MSZ067,2108.64697265625,2022-09-28 20:10,,,,,False,,,,,,,202209270950-KMOB-WWUS84-RFWMOB,,2022
MOB,2022-09-28 14:00,2022-09-29 00:00,2022-09-27 09:50,202209290000,FW,C,W,6,CON,ALZ055,2685.009765625,2022-09-28 20:10,,,,,False,,,,,,,202209270950-KMOB-WWUS84-RFWMOB,,2022
MOB,2022-09-28 16:00,2022-09-27 09:50,2022-09-26 22:20,202209290000,FW,C,A,4,UPG,ALZ052,2830.578857421875,2022-09-27 09:50,,,,,False,,,,,,,202209262220-KMOB-WWUS84-RFWMOB,,2022
MOB,2022-09-28 16:00,2022-09-27 09:50,2022-09-26 22:20,202209290000,FW,C,A,4,UPG,MSZ075,1685.34130859375,2022-09-27 09:50,,,,,False,,,,,,,202209262220-KMOB-WWUS84-RFWMOB,,2022
MOB,2022-09-28 16:00,2022-09-27 09:50,2022-09-26 22:20,202209290000,FW,C,A,4,UPG,ALZ262,1553.9134521484375,2022-09-27 09:50,,,,,False,,,,,,,202209262220-KMOB-WWUS84-RFWMOB,,2022
MOB,2022-09-28 16:00,2022-09-27 09:50,2022-09-26 22:20,202209290000,FW,C,A,4,UPG,ALZ054,2351.71875,2022-09-27 09:50,,,,,False,,,,,,,202209262220-KMOB-WWUS84-RFWMOB,,2022
MOB,2022-09-28 16:00,2022-09-27 09:50,2022-09-26 22:20,202209290000,FW,C,A,4,UPG,ALZ058,1583.3193359375,2022-09-27 09:50,,,,,False,,,,,,,202209262220-KMOB-WWUS84-RFWMOB,,2022
MOB,2022-09-28 16:00,2022-09-27 09:50,2022-09-26 22:20,202209290000,FW,C,A,4,UPG,ALZ264,2026.8341064453125,2022-09-27 09:50,,,,,False,,,,,,,202209262220-KMOB-WWUS84-RFWMOB,,2022
MOB,2022-09-29 15:00,2022-09-29 08:46,2022-09-28 09:12,202209292300,FW,C,A,5,UPG,MSZ076,1863.0859375,2022-09-29 08:46,,,,,False,,,,,,,202209280912-KMOB-WWUS84-RFWMOB,,2022
MOB,2022-09-29 15:00,2022-09-29 08:46,2022-09-28 09:12,202209292300,FW,C,A,5,UPG,ALZ051,2392.57177734375,2022-09-29 08:46,,,,,False,,,,,,,202209280912-KMOB-WWUS84-RFWMOB,,2022
MOB,2022-09-29 15:00,2022-09-29 08:46,2022-09-28 09:12,202209292300,FW,C,A,5,UPG,FLZ204,366.255126953125,2022-09-29 08:46,,,,,False,,,,,,,202209280912-KMOB-WWUS84-RFWMOB,,2022
MOB,2022-09-29 15:00,2022-09-29 08:46,2022-09-28 09:12,202209292300,FW,C,A,5,UPG,ALZ264,2026.8341064453125,2022-09-29 08:46,,,,,False,,,,,,,202209280912-KMOB-WWUS84-RFWMOB,,2022
MOB,2022-09-29 15:00,2022-09-29 08:46,2022-09-28 09:12,202209292300,FW,C,A,5,UPG,FLZ203,2283.0341796875,2022-09-29 08:46,,,,,False,,,,,,,202209280912-KMOB-WWUS84-RFWMOB,,2022
MOB,2022-09-29 15:00,2022-09-29 08:46,2022-09-28 09:12,202209292300,FW,C,A,5,UPG,ALZ052,2830.578857421875,2022-09-29 08:46,,,,,False,,,,,,,202209280912-KMOB-WWUS84-RFWMOB,,2022
MOB,2022-09-29 15:00,2022-09-29 08:46,2022-09-28 09:12,202209292300,FW,C,A,5,UPG,ALZ054,2351.71875,2022-09-29 08:46,,,,,False,,,,,,,202209280912-KMOB-WWUS84-RFWMOB,,2022
MOB,2022-09-29 15:00,2022-09-29 08:46,2022-09-28 09:12,202209292300,FW,C,A,5,UPG,ALZ060,2706.031494140625,2022-09-29 08:46,,,,,False,,,,,,,202209280912-KMOB-WWUS84-RFWMOB,,2022
MOB,2022-09-29 15:00,2022-09-29 08:46,2022-09-28 09:12,202209292300,FW,C,A,5,UPG,MSZ075,1685.34130859375,2022-09-29 08:46,,,,,False,,,,,,,202209280912-KMOB-WWUS84-RFWMOB,,2022
MOB,2022-09-29 15:00,2022-09-29 08:46,2022-09-28 09:12,202209292300,FW,C,A,5,UPG,ALZ055,2685.009765625,2022-09-29 08:46,,,,,False,,,,,,,202209280912-KMOB-WWUS84-RFWMOB,,2022
MOB,2022-09-29 15:00,2022-09-29 08:46,2022-09-28 09:12,202209292300,FW,C,A,5,UPG,ALZ056,2210.0263671875,2022-09-29 08:46,,,,,False,,,,,,,202209280912-KMOB-WWUS84-RFWMOB,,2022
MOB,2022-09-29 15:00,2022-09-29 08:46,2022-09-28 09:12,202209292300,FW,C,A,5,UPG,MSZ078,1161.4884033203125,2022-09-29 08:46,,,,,False,,,,,,,202209280912-KMOB-WWUS84-RFWMOB,,2022
MOB,2022-09-29 15:00,2022-09-29 08:46,2022-09-28 09:12,202209292300,FW,C,A,5,UPG,ALZ266,479.1441650390625,2022-09-29 08:46,,,,,False,,,,,,,202209280912-KMOB-WWUS84-RFWMOB,,2022
MOB,2022-09-29 16:00,2022-09-29 23:00,2022-09-29 08:46,202209292300,FW,C,W,7,CON,MSZ067,2108.64697265625,2022-09-29 10:30,,,,,False,,,,,,,202209290846-KMOB-WWUS84-RFWMOB,,2022
MOB,2022-09-29 16:00,2022-09-29 23:00,2022-09-29 08:46,202209292300,FW,C,W,7,CON,ALZ055,2685.009765625,2022-09-29 10:30,,,,,False,,,,,,,202209290846-KMOB-WWUS84-RFWMOB,,2022
MOB,2022-09-29 16:00,2022-09-29 23:00,2022-09-29 08:46,202209292300,FW,C,W,7,CON,ALZ261,1764.792724609375,2022-09-29 10:30,,,,,False,,,,,,,202209290846-KMOB-WWUS84-RFWMOB,,2022
MOB,2022-09-29 16:00,2022-09-29 23:00,2022-09-29 08:46,202209292300,FW,C,W,7,CON,FLZ202,577.638427734375,2022-09-29 10:30,,,,,False,,,,,,,202209290846-KMOB-WWUS84-RFWMOB,,2022
MOB,2022-09-29 16:00,2022-09-29 23:00,2022-09-29 08:46,202209292300,FW,C,W,7,CON,ALZ056,2210.0263671875,2022-09-29 10:30,,,,,False,,,,,,,202209290846-KMOB-WWUS84-RFWMOB,,2022
MOB,2022-09-29 16:00,2022-09-29 23:00,2022-09-29 08:46,202209292300,FW,C,W,7,CON,ALZ057,2016.2894287109375,2022-09-29 10:30,,,,,False,,,,,,,202209290846-KMOB-WWUS84-RFWMOB,,2022
MOB,2022-09-29 16:00,2022-09-29 23:00,2022-09-29 08:46,202209292300,FW,C,W,7,CON,MSZ076,1863.0859375,2022-09-29 10:30,,,,,False,,,,,,,202209290846-KMOB-WWUS84-RFWMOB,,2022
VEF,2022-09-29 19:36,2022-09-29 20:10,2022-09-29 19:36,202209292030,DS,C,W,37,CAN,AZC015,34890.7890625,2022-09-29 20:10,,,,,False,,,,,,,202209291936-KVEF-WWUS55-DSWVEF,BKP,2022
ABQ,2022-09-28 18:39,2022-09-28 22:00,2022-09-28 18:39,202209282200,FA,C,Y,701,NEW,NMC033,5006.65234375,2022-09-28 18:39,00000,N,ER,OO,False,,,,,,,202209281839-KABQ-WGUS85-FLSABQ,Guyer,2022
APX,2022-09-29 04:00,2022-09-28 06:46,2022-09-27 19:21,202209291300,FZ,C,A,1,UPG,MIZ027,1475.066650390625,2022-09-28 06:46,,,,,False,,,,,,,202209271921-KAPX-WWUS73-NPWAPX,FEF,2022
CHS,2022-09-27 15:12,2022-09-28 15:16,2022-09-27 15:12,202210181512,SS,C,A,1009,UPG,GAZ119,564.4234619140625,2022-09-28 15:16,,,,,False,,,,,,,202209271512-KCHS-WTUS82-TCVCHS,,2022
MLB,2022-09-29 14:45,2022-12-03 07:33,2022-09-29 14:45,202210201445,FL,C,W,8,CAN,FLC117,894.225830078125,2022-12-03 07:33,SNFF1,1,ER,NO,False,,,,,,,202209291445-KMLB-WGUS42-FLWMLB,,2022
APX,2022-09-29 04:00,2022-09-28 06:46,2022-09-27 19:21,202209291300,FZ,C,A,1,UPG,MIZ042,951.11474609375,2022-09-28 06:46,,,,,False,,,,,,,202209271921-KAPX-WWUS73-NPWAPX,FEF,2022
APX,2022-09-29 04:00,2022-09-28 06:46,2022-09-27 19:21,202209291300,FZ,C,A,1,UPG,MIZ031,1442.01806640625,2022-09-28 06:46,,,,,False,,,,,,,202209271921-KAPX-WWUS73-NPWAPX,FEF,2022
AFG,2022-09-28 08:00,2022-09-30 05:43,2022-09-27 11:29,202209301800,WI,C,Y,32,CAN,AKZ226,15343.015625,2022-09-30 05:43,,,,,False,,,,,,,202209271129-PAFG-WWAK73-NPWAFG,,2022
AFG,2022-09-28 12:56,2022-09-28 22:04,2022-09-28 12:56,202209290800,WI,C,Y,32,CAN,AKZ225,18726.2890625,2022-09-28 22:04,,,,,False,,,,,,,202209281256-PAFG-WWAK73-NPWAFG,,2022
AFG,2022-09-28 22:04,2022-09-29 22:43,2022-09-28 22:04,202209301800,WI,C,Y,32,CAN,AKZ223,10289.96484375,2022-09-29 22:43,,,,,False,,,,,,,202209282204-PAFG-WWAK73-NPWAFG,,2022
AJK,2022-09-25 21:42,2022-09-27 17:08,2022-09-25 21:42,202209280300,FA,C,Y,13,CAN,AKZ320,6646.00390625,2022-09-27 17:08,00000,N,ER,OO,False,,,,,,,202209252142-PAJK-WGAK87-FLSAJK,nicole.ferrin,2022
AJK,2022-09-27 01:03,2022-09-27 12:40,2022-09-27 01:03,202209271800,FA,C,Y,17,CAN,AKZ323,7480.61962890625,2022-09-27 12:40,00000,N,ER,OO,False,,,,,,,202209270103-PAJK-WGAK87-FLSAJK,aaron.jacobs,2022
AJK,2022-09-27 06:48,2022-09-27 14:28,2022-09-27 06:48,202209280045,FA,C,W,5,CAN,AKZ325,7005.00341796875,2022-09-27 14:28,00000,0,ER,OO,False,,,,,,,202209270648-PAJK-WGAK47-FLWAJK,grant.smith,2022
AKQ,2022-09-29 12:00,2022-10-05 22:49,2022-09-28 20:26,202209300000,BH,C,S,8,CAN,NCZ102,71.23158264160156,2022-10-05 22:49,,,,,False,,,,,,,202209282026-KAKQ-WHUS41-CFWAKQ,,2022
AKQ,2022-09-28 22:27,2022-09-30 01:41,2022-09-28 13:59,202209301000,SC,C,Y,87,CAN,ANZ631,967.349365234375,2022-09-30 01:41,,,,,False,,,,,,,202209281359-KAKQ-WHUS71-MWWAKQ,,2022
AKQ,2022-09-28 22:27,2022-09-30 09:12,2022-09-28 10:56,202209301000,SC,C,Y,87,CAN,ANZ636,105.38359069824219,2022-09-30 09:12,,,,,False,,,,,,,202209281056-KAKQ-WHUS71-MWWAKQ,,2022
AKQ,2022-09-29 19:52,2022-10-01 14:00,2022-09-29 08:18,202210011000,SU,C,Y,9,EXP,VAZ099,1177.9442138671875,2022-10-01 14:10,,,,,False,,,,,,,202209290818-KAKQ-WHUS41-CFWAKQ,,2022
AKQ,2022-09-24 08:03,2022-09-24 11:00,2022-09-24 08:03,202209241100,SC,C,Y,84,EXP,ANZ631,967.349365234375,2022-09-24 10:54,,,,,False,,,,,,,202209240803-KAKQ-WHUS71-MWWAKQ,,2022
AKQ,2022-09-25 05:00,2022-09-26 08:00,2022-09-24 19:00,202209260800,SC,C,Y,85,EXP,ANZ630,1551.7508544921875,2022-09-26 07:42,,,,,False,,,,,,,202209241900-KAKQ-WHUS71-MWWAKQ,,2022
AKQ,2022-09-25 05:00,2022-09-26 08:00,2022-09-24 19:00,202209260800,SC,C,Y,85,EXP,ANZ634,245.147705078125,2022-09-26 07:42,,,,,False,,,,,,,202209241900-KAKQ-WHUS71-MWWAKQ,,2022
AKQ,2022-09-25 05:00,2022-09-26 08:00,2022-09-24 19:00,202209260800,SC,C,Y,85,EXP,ANZ631,967.349365234375,2022-09-26 07:42,,,,,False,,,,,,,202209241900-KAKQ-WHUS71-MWWAKQ,,2022
AKQ,2022-09-25 05:00,2022-09-26 05:00,2022-09-24 19:00,202209260500,SC,C,Y,85,EXP,ANZ638,148.80294799804688,2022-09-26 04:55,,,,,False,,,,,,,202209241900-KAKQ-WHUS71-MWWAKQ,,2022
AKQ,2022-09-25 05:00,2022-09-26 08:00,2022-09-24 19:00,202209260800,SC,C,Y,85,EXP,ANZ632,1148.680908203125,2022-09-26 07:42,,,,,False,,,,,,,202209241900-KAKQ-WHUS71-MWWAKQ,,2022
AKQ,2022-09-25 08:00,2022-09-26 08:00,2022-09-24 19:00,202209260800,SC,C,Y,85,EXP,ANZ633,509.76702880859375,2022-09-26 07:42,,,,,False,,,,,,,202209241900-KAKQ-WHUS71-MWWAKQ,,2022
AKQ,2022-09-25 11:00,2022-09-26 11:00,2022-09-24 19:00,202209261100,SC,C,Y,85,EXP,ANZ652,2165.16357421875,2022-09-26 10:53,,,,,False,,,,,,,202209241900-KAKQ-WHUS71-MWWAKQ,,2022
AKQ,2022-09-29 08:11,2022-09-30 16:52,2022-09-29 08:11,202210010500,GL,C,W,15,UPG,ANZ658,1151.7811279296875,2022-09-30 16:52,,,,,False,,,,,,,202209290811-KAKQ-WHUS71-MWWAKQ,,2022
AKQ,2022-09-29 08:11,2022-09-29 20:00,2022-09-29 08:11,202210010800,GL,C,W,15,UPG,ANZ656,1881.7779541015625,2022-09-29 20:00,,,,,False,,,,,,,202209290811-KAKQ-WHUS71-MWWAKQ,,2022
AKQ,2022-09-25 11:00,2022-09-26 07:42,2022-09-24 19:00,202209261100,SC,C,Y,85,CAN,ANZ654,2234.578857421875,2022-09-26 07:42,,,,,False,,,,,,,202209241900-KAKQ-WHUS71-MWWAKQ,,2022
AKQ,2022-09-25 11:00,2022-09-26 11:00,2022-09-24 19:00,202209261100,SC,C,Y,85,EXP,ANZ650,1807.7794189453125,2022-09-26 10:53,,,,,False,,,,,,,202209241900-KAKQ-WHUS71-MWWAKQ,,2022
AKQ,2022-09-29 12:00,2022-10-05 22:49,2022-09-28 20:26,202209300000,BH,C,S,8,CAN,VAZ098,670.5114135742188,2022-10-05 22:49,,,,,False,,,,,,,202209282026-KAKQ-WHUS41-CFWAKQ,,2022
AKQ,2022-09-27 23:25,2022-09-28 14:00,2022-09-27 07:32,202209281400,SC,C,Y,86,EXP,ANZ630,1551.7508544921875,2022-09-28 13:59,,,,,False,,,,,,,202209270732-KAKQ-WHUS71-MWWAKQ,,2022
AKQ,2022-09-27 23:25,2022-09-28 14:00,2022-09-27 07:32,202209281400,SC,C,Y,86,EXP,ANZ633,509.76702880859375,2022-09-28 13:59,,,,,False,,,,,,,202209270732-KAKQ-WHUS71-MWWAKQ,,2022
AKQ,2022-09-27 23:25,2022-09-28 14:00,2022-09-27 07:32,202209281400,SC,C,Y,86,EXP,ANZ632,1148.680908203125,2022-09-28 13:59,,,,,False,,,,,,,202209270732-KAKQ-WHUS71-MWWAKQ,,2022
AKQ,2022-09-27 23:25,2022-09-28 14:00,2022-09-27 07:32,202209281400,SC,C,Y,86,EXP,ANZ631,967.349365234375,2022-09-28 13:59,,,,,False,,,,,,,202209270732-KAKQ-WHUS71-MWWAKQ,,2022
AKQ,2022-09-28 10:56,2022-09-28 14:00,2022-09-28 10:56,202209281400,SC,C,Y,86,EXP,ANZ658,1151.7811279296875,2022-09-28 13:59,,,,,False,,,,,,,202209281056-KAKQ-WHUS71-MWWAKQ,,2022
AKQ,2022-09-28 22:27,2022-09-30 09:12,2022-09-28 10:56,202209301000,SC,C,Y,87,CAN,ANZ637,252.6664581298828,2022-09-30 09:12,,,,,False,,,,,,,202209281056-KAKQ-WHUS71-MWWAKQ,,2022
AKQ,2022-09-28 22:27,2022-09-29 20:00,2022-09-28 13:59,202209292300,SC,C,Y,87,UPG,ANZ632,1148.680908203125,2022-09-29 20:00,,,,,False,,,,,,,202209281359-KAKQ-WHUS71-MWWAKQ,,2022
AKQ,2022-09-28 22:27,2022-09-30 09:12,2022-09-28 10:56,202209301000,SC,C,Y,87,CAN,ANZ635,128.75518798828125,2022-09-30 09:12,,,,,False,,,,,,,202209281056-KAKQ-WHUS71-MWWAKQ,,2022
AKQ,2022-09-28 22:27,2022-09-29 08:11,2022-09-27 19:41,202209301000,SC,C,Y,87,UPG,ANZ658,1151.7811279296875,2022-09-29 08:11,,,,,False,,,,,,,202209271941-KAKQ-WHUS71-MWWAKQ,,2022
AKQ,2022-09-28 22:27,2022-09-29 23:00,2022-09-28 10:56,202209301000,SC,C,Y,87,CON,ANZ638,148.80294799804688,2022-09-29 20:00,,,,,False,,,,,,,202209281056-KAKQ-WHUS71-MWWAKQ,,2022
AKQ,2022-09-28 22:27,2022-09-30 01:41,2022-09-28 13:59,202209301000,SC,C,Y,87,CAN,ANZ630,1551.7508544921875,2022-09-30 01:41,,,,,False,,,,,,,202209281359-KAKQ-WHUS71-MWWAKQ,,2022
AKQ,2022-09-28 22:27,2022-09-29 08:11,2022-09-27 19:41,202209301000,SC,C,Y,87,UPG,ANZ656,1881.7779541015625,2022-09-29 08:11,,,,,False,,,,,,,202209271941-KAKQ-WHUS71-MWWAKQ,,2022
AKQ,2022-09-28 22:27,2022-09-29 08:11,2022-09-27 19:41,202209301000,SC,C,Y,87,UPG,ANZ654,2234.578857421875,2022-09-29 08:11,,,,,False,,,,,,,202209271941-KAKQ-WHUS71-MWWAKQ,,2022
AKQ,2022-09-29 08:11,2022-10-01 04:59,2022-09-29 08:11,202210010500,GL,C,W,15,CAN,ANZ633,509.76702880859375,2022-10-01 04:59,,,,,False,,,,,,,202209290811-KAKQ-WHUS71-MWWAKQ,,2022
AKQ,2022-09-29 19:52,2022-10-01 14:00,2022-09-29 08:18,202210011000,SU,C,Y,9,EXP,MDZ025,147.5411834716797,2022-10-01 14:10,,,,,False,,,,,,,202209290818-KAKQ-WHUS41-CFWAKQ,,2022
AKQ,2022-09-29 20:00,2022-10-01 04:59,2022-09-29 20:00,202210010500,SR,C,W,3,CAN,ANZ632,1148.680908203125,2022-10-01 04:59,,,,,False,,,,,,,202209292000-KAKQ-WHUS71-MWWAKQ,,2022
AKQ,2022-09-29 23:00,2022-09-29 08:11,2022-09-28 13:59,202210010200,GL,C,A,13,UPG,ANZ632,1148.680908203125,2022-09-29 08:11,,,,,False,,,,,,,202209281359-KAKQ-WHUS71-MWWAKQ,,2022
AKQ,2022-09-29 23:00,2022-09-29 08:11,2022-09-28 19:32,202210010200,GL,C,A,13,UPG,ANZ654,2234.578857421875,2022-09-29 08:11,,,,,False,,,,,,,202209281932-KAKQ-WHUS71-MWWAKQ,,2022
ALY,2022-09-26 19:18,2022-09-26 20:15,2022-09-26 19:18,202209262015,SV,C,W,117,CON,NYC091,2181.05517578125,2022-09-26 19:43,,,,,False,,,,,,,202209261918-KALY-WUUS51-SVRALY,TAW,2022
ALY,2022-09-26 19:18,2022-09-26 20:15,2022-09-26 19:18,202209262015,SV,C,W,117,CON,VTC003,1751.658935546875,2022-09-26 19:43,,,,,False,,,,,,,202209261918-KALY-WUUS51-SVRALY,TAW,2022
APX,2022-09-26 00:00,2022-09-25 15:10,2022-09-25 07:16,202209261200,SC,C,Y,96,UPG,LMZ345,233.41897583007812,2022-09-25 15:10,,,,,False,,,,,,,202209250716-KAPX-WHUS73-MWWAPX,,2022
APX,2022-09-26 00:00,2022-09-28 06:48,2022-09-25 19:42,202209270400,SC,C,Y,96,CAN,LMZ323,721.4118041992188,2022-09-28 06:48,,,,,False,,,,,,,202209251942-KAPX-WHUS73-MWWAPX,,2022
APX,2022-09-26 00:00,2022-09-28 06:48,2022-09-25 19:42,202209270400,SC,C,Y,96,CAN,LMZ341,895.0006103515625,2022-09-28 06:48,,,,,False,,,,,,,202209251942-KAPX-WHUS73-MWWAPX,,2022
APX,2022-09-26 00:00,2022-09-28 15:09,2022-09-25 19:42,202209270400,SC,C,Y,96,CAN,LHZ347,897.720458984375,2022-09-28 15:09,,,,,False,,,,,,,202209251942-KAPX-WHUS73-MWWAPX,,2022
APX,2022-09-26 00:00,2022-09-28 06:48,2022-09-25 19:42,202209270400,SC,C,Y,96,CAN,LHZ346,1056.334228515625,2022-09-28 06:48,,,,,False,,,,,,,202209251942-KAPX-WHUS73-MWWAPX,,2022
APX,2022-09-29 04:00,2022-09-29 13:00,2022-09-28 06:46,202209291300,FZ,C,W,3,CON,MIZ035,1485.1947021484375,2022-09-29 06:51,,,,,False,,,,,,,202209280646-KAPX-WWUS73-NPWAPX,,2022
APX,2022-09-29 04:00,2022-09-29 13:00,2022-09-28 06:46,202209291300,FZ,C,W,3,CON,MIZ087,1094.39794921875,2022-09-29 06:51,,,,,False,,,,,,,202209280646-KAPX-WWUS73-NPWAPX,,2022
APX,2022-09-26 00:00,2022-09-28 15:09,2022-09-25 19:42,202209270400,SC,C,Y,96,CAN,LHZ348,938.0236206054688,2022-09-28 15:09,,,,,False,,,,,,,202209251942-KAPX-WHUS73-MWWAPX,,2022
APX,2022-09-26 00:00,2022-09-28 15:09,2022-09-25 19:42,202209270400,SC,C,Y,96,CAN,LHZ349,520.2969360351562,2022-09-28 15:09,,,,,False,,,,,,,202209251942-KAPX-WHUS73-MWWAPX,,2022
APX,2022-09-26 00:00,2022-09-28 06:48,2022-09-25 19:42,202209270400,SC,C,Y,96,CAN,LMZ342,996.505859375,2022-09-28 06:48,,,,,False,,,,,,,202209251942-KAPX-WHUS73-MWWAPX,,2022
APX,2022-09-26 00:00,2022-09-28 06:48,2022-09-25 19:42,202209270400,SC,C,Y,96,CAN,LHZ345,253.6140899658203,2022-09-28 06:48,,,,,False,,,,,,,202209251942-KAPX-WHUS73-MWWAPX,,2022
APX,2022-09-29 04:00,2022-09-28 06:46,2022-09-27 19:21,202209291300,FZ,C,A,1,UPG,MIZ088,814.8276977539062,2022-09-28 06:46,,,,,False,,,,,,,202209271921-KAPX-WWUS73-NPWAPX,FEF,2022
APX,2022-09-29 04:00,2022-09-29 13:00,2022-09-28 06:46,202209291300,FZ,C,W,3,CON,MIZ041,1334.8489990234375,2022-09-29 06:51,,,,,False,,,,,,,202209280646-KAPX-WWUS73-NPWAPX,,2022
APX,2022-09-26 00:00,2022-09-28 06:48,2022-09-25 19:42,202209270400,SC,C,Y,96,CAN,LSZ321,785.7516479492188,2022-09-28 06:48,,,,,False,,,,,,,202209251942-KAPX-WHUS73-MWWAPX,,2022
APX,2022-09-26 00:00,2022-09-28 15:09,2022-09-25 07:16,202209261200,SC,C,Y,96,CAN,LMZ344,518.1116943359375,2022-09-28 15:09,,,,,False,,,,,,,202209250716-KAPX-WHUS73-MWWAPX,,2022
APX,2022-09-26 00:00,2022-09-28 06:48,2022-09-25 19:42,202209270400,SC,C,Y,96,CAN,LSZ322,578.02783203125,2022-09-28 06:48,,,,,False,,,,,,,202209251942-KAPX-WHUS73-MWWAPX,,2022
APX,2022-09-26 04:00,2022-09-26 23:51,2022-09-25 15:10,202209261600,GL,C,W,30,CAN,LMZ346,417.2554931640625,2022-09-26 23:51,,,,,False,,,,,,,202209251510-KAPX-WHUS73-MWWAPX,,2022
APX,2022-09-29 04:00,2022-09-28 06:46,2022-09-27 19:21,202209291300,FZ,C,A,1,UPG,MIZ098,196.9224395751953,2022-09-28 06:46,,,,,False,,,,,,,202209271921-KAPX-WWUS73-NPWAPX,FEF,2022
APX,2022-09-29 04:00,2022-09-28 06:46,2022-09-27 19:21,202209291300,FZ,C,A,1,UPG,MIZ097,107.27350616455078,2022-09-28 06:46,,,,,False,,,,,,,202209271921-KAPX-WWUS73-NPWAPX,FEF,2022
APX,2022-09-29 04:00,2022-09-28 06:46,2022-09-27 19:21,202209291300,FZ,C,A,1,UPG,MIZ035,1485.1947021484375,2022-09-28 06:46,,,,,False,,,,,,,202209271921-KAPX-WWUS73-NPWAPX,FEF,2022
APX,2022-09-26 04:00,2022-09-26 23:51,2022-09-25 15:10,202209261600,GL,C,W,30,CAN,LMZ345,233.41897583007812,2022-09-26 23:51,,,,,False,,,,,,,202209251510-KAPX-WHUS73-MWWAPX,,2022
APX,2022-09-26 08:00,2022-09-28 02:00,2022-09-26 02:44,202209270300,BH,C,S,17,CON,MIZ026,1281.3563232421875,2022-09-27 19:36,,,,,False,,,,,,,202209260244-KAPX-WHUS43-CFWAPX,JZ,2022
APX,2022-09-26 08:00,2022-09-28 02:00,2022-09-26 02:44,202209270300,BH,C,S,17,CON,MIZ021,1344.2083740234375,2022-09-27 19:36,,,,,False,,,,,,,202209260244-KAPX-WHUS43-CFWAPX,JZ,2022
APX,2022-09-26 08:00,2022-09-28 02:00,2022-09-26 02:44,202209270300,BH,C,S,17,CON,MIZ020,971.4697875976562,2022-09-27 19:36,,,,,False,,,,,,,202209260244-KAPX-WHUS43-CFWAPX,JZ,2022
APX,2022-09-26 08:00,2022-09-28 02:00,2022-09-26 02:44,202209270300,BH,C,S,17,CON,MIZ016,1247.5040283203125,2022-09-27 19:36,,,,,False,,,,,,,202209260244-KAPX-WHUS43-CFWAPX,JZ,2022
APX,2022-09-29 04:00,2022-09-28 06:46,2022-09-27 19:21,202209291300,FZ,C,A,1,UPG,MIZ026,1281.3563232421875,2022-09-28 06:46,,,,,False,,,,,,,202209271921-KAPX-WWUS73-NPWAPX,FEF,2022
ARX,2022-09-28 05:00,2022-09-28 13:00,2022-09-27 18:51,202209281300,FR,C,Y,5,EXP,IAZ019,1306.843017578125,2022-09-28 12:59,,,,,False,,,,,,,202209271851-KARX-WWUS73-NPWARX,,2022
MOB,2022-09-29 15:00,2022-09-29 08:46,2022-09-28 09:12,202209292300,FW,C,A,5,UPG,ALZ053,3271.363037109375,2022-09-29 08:46,,,,,False,,,,,,,202209280912-KMOB-WWUS84-RFWMOB,,2022
MOB,2022-09-29 15:00,2022-09-29 08:46,2022-09-28 09:12,202209292300,FW,C,A,5,UPG,ALZ058,1583.3193359375,2022-09-29 08:46,,,,,False,,,,,,,202209280912-KMOB-WWUS84-RFWMOB,,2022
MOB,2022-09-29 15:00,2022-09-29 08:46,2022-09-28 09:12,202209292300,FW,C,A,5,UPG,ALZ059,2470.26611328125,2022-09-29 08:46,,,,,False,,,,,,,202209280912-KMOB-WWUS84-RFWMOB,,2022
MOB,2022-09-29 15:00,2022-09-29 08:46,2022-09-28 09:12,202209292300,FW,C,A,5,UPG,ALZ265,435.886474609375,2022-09-29 08:46,,,,,False,,,,,,,202209280912-KMOB-WWUS84-RFWMOB,,2022
MOB,2022-09-29 15:00,2022-09-29 08:46,2022-09-28 09:12,202209292300,FW,C,A,5,UPG,ALZ263,1117.647705078125,2022-09-29 08:46,,,,,False,,,,,,,202209280912-KMOB-WWUS84-RFWMOB,,2022
MOB,2022-09-29 16:00,2022-09-29 23:00,2022-09-29 08:46,202209292300,FW,C,W,7,CON,ALZ054,2351.71875,2022-09-29 10:30,,,,,False,,,,,,,202209290846-KMOB-WWUS84-RFWMOB,,2022
MOB,2022-09-29 16:00,2022-09-29 23:00,2022-09-29 08:46,202209292300,FW,C,W,7,CON,ALZ265,435.886474609375,2022-09-29 10:30,,,,,False,,,,,,,202209290846-KMOB-WWUS84-RFWMOB,,2022
MOB,2022-09-29 16:00,2022-09-29 23:00,2022-09-29 08:46,202209292300,FW,C,W,7,CON,ALZ262,1553.9134521484375,2022-09-29 10:30,,,,,False,,,,,,,202209290846-KMOB-WWUS84-RFWMOB,,2022
MOB,2022-09-29 16:00,2022-09-29 23:00,2022-09-29 08:46,202209292300,FW,C,W,7,CON,ALZ263,1117.647705078125,2022-09-29 10:30,,,,,False,,,,,,,202209290846-KMOB-WWUS84-RFWMOB,,2022
MOB,2022-09-29 16:00,2022-09-29 23:00,2022-09-29 08:46,202209292300,FW,C,W,7,CON,ALZ264,2026.8341064453125,2022-09-29 10:30,,,,,False,,,,,,,202209290846-KMOB-WWUS84-RFWMOB,,2022
MOB,2022-09-29 16:00,2022-09-29 23:00,2022-09-29 08:46,202209292300,FW,C,W,7,CON,FLZ205,2101.291015625,2022-09-29 10:30,,,,,False,,,,,,,202209290846-KMOB-WWUS84-RFWMOB,,2022
MOB,2022-09-29 16:00,2022-09-29 23:00,2022-09-29 08:46,202209292300,FW,C,W,7,CON,FLZ204,366.255126953125,2022-09-29 10:30,,,,,False,,,,,,,202209290846-KMOB-WWUS84-RFWMOB,,2022
MOB,2022-09-29 16:00,2022-09-29 23:00,2022-09-29 08:46,202209292300,FW,C,W,7,CON,ALZ053,3271.363037109375,2022-09-29 10:30,,,,,False,,,,,,,202209290846-KMOB-WWUS84-RFWMOB,,2022
MOB,2022-09-29 16:00,2022-09-29 23:00,2022-09-29 08:46,202209292300,FW,C,W,7,CON,ALZ059,2470.26611328125,2022-09-29 10:30,,,,,False,,,,,,,202209290846-KMOB-WWUS84-RFWMOB,,2022
MOB,2022-09-29 16:00,2022-09-29 23:00,2022-09-29 08:46,202209292300,FW,C,W,7,CON,MSZ075,1685.34130859375,2022-09-29 10:30,,,,,False,,,,,,,202209290846-KMOB-WWUS84-RFWMOB,,2022
MOB,2022-09-29 16:00,2022-09-29 23:00,2022-09-29 08:46,202209292300,FW,C,W,7,CON,ALZ266,479.1441650390625,2022-09-29 10:30,,,,,False,,,,,,,202209290846-KMOB-WWUS84-RFWMOB,,2022
MOB,2022-09-29 16:00,2022-09-29 23:00,2022-09-29 08:46,202209292300,FW,C,W,7,CON,FLZ206,331.8329772949219,2022-09-29 10:30,,,,,False,,,,,,,202209290846-KMOB-WWUS84-RFWMOB,,2022
MOB,2022-09-29 23:00,2022-09-30 08:45,2022-09-27 15:26,202210011100,SC,C,Y,43,CAN,GMZ655,2916.658203125,2022-09-30 08:45,,,,,False,,,,,,,202209271526-KMOB-WHUS74-MWWMOB,,2022
MOB,2022-09-29 23:00,2022-09-30 08:45,2022-09-27 15:26,202210011100,SC,C,Y,43,CAN,GMZ650,4265.1611328125,2022-09-30 08:45,,,,,False,,,,,,,202209271526-KMOB-WHUS74-MWWMOB,,2022
MOB,2022-09-29 23:00,2022-09-29 09:18,2022-09-28 10:16,202209300800,SC,C,Y,43,CAN,GMZ633,145.6126708984375,2022-09-29 09:18,,,,,False,,,,,,,202209281016-KMOB-WHUS74-MWWMOB,,2022
MOB,2022-09-29 23:00,2022-09-29 09:18,2022-09-28 10:16,202209300800,SC,C,Y,43,CAN,GMZ635,132.9878387451172,2022-09-29 09:18,,,,,False,,,,,,,202209281016-KMOB-WHUS74-MWWMOB,,2022
MOB,2022-09-29 23:00,2022-09-29 09:18,2022-09-28 10:16,202209300800,SC,C,Y,43,CAN,GMZ636,211.72811889648438,2022-09-29 09:18,,,,,False,,,,,,,202209281016-KMOB-WHUS74-MWWMOB,,2022
VEF,2022-09-29 21:06,2022-09-29 23:00,2022-09-29 21:06,202209292300,FF,C,W,314,EXP,CAC071,52077.98046875,2022-09-29 22:52,00000,0,ER,OO,False,,,,,,,202209292106-KVEF-WGUS55-FFWVEF,BKP,2022
CHS,2022-09-27 15:12,2022-09-29 03:07,2022-09-27 15:12,202210181512,TR,C,A,1009,UPG,GAZ101,1255.740234375,2022-09-29 03:07,,,,,False,,,,,,,202209271512-KCHS-WTUS82-TCVCHS,,2022
CHS,2022-09-27 15:12,2022-09-28 15:16,2022-09-27 15:12,202210181512,SS,C,A,1009,UPG,SCZ051,330.49554443359375,2022-09-28 15:16,,,,,False,,,,,,,202209271512-KCHS-WTUS82-TCVCHS,,2022
CHS,2022-09-27 15:12,2022-09-28 15:16,2022-09-27 15:12,202210181512,SS,C,A,1009,UPG,SCZ048,1529.7847900390625,2022-09-28 15:16,,,,,False,,,,,,,202209271512-KCHS-WTUS82-TCVCHS,,2022
MLB,2022-09-29 08:39,2022-11-28 15:24,2022-09-29 03:16,202210201800,FL,C,W,3,CAN,FLC117,894.225830078125,2022-11-28 15:24,GENF1,3,ER,NR,False,,,,,,,202209290316-KMLB-WGUS42-FLWMLB,CL,2022
MLB,2022-09-29 14:32,2022-12-01 14:29,2022-09-29 08:20,202210201800,FL,C,W,7,CAN,FLC127,3181.331298828125,2022-12-01 14:29,DLAF1,3,ER,NO,False,,,,,,,202209290820-KMLB-WGUS42-FLWMLB,JS,2022
APX,2022-09-29 04:00,2022-09-28 06:46,2022-09-27 19:21,202209291300,FZ,C,A,1,UPG,MIZ096,1323.372802734375,2022-09-28 06:46,,,,,False,,,,,,,202209271921-KAPX-WWUS73-NPWAPX,FEF,2022
APX,2022-09-29 04:00,2022-09-29 13:00,2022-09-28 06:46,202209291300,FZ,C,W,3,CON,MIZ016,1247.5040283203125,2022-09-29 06:51,,,,,False,,,,,,,202209280646-KAPX-WWUS73-NPWAPX,,2022
APX,2022-09-29 04:00,2022-09-29 13:00,2022-09-28 06:46,202209291300,FZ,C,W,3,CON,MIZ026,1281.3563232421875,2022-09-29 06:51,,,,,False,,,,,,,202209280646-KAPX-WWUS73-NPWAPX,,2022
APX,2022-09-29 04:00,2022-09-29 13:00,2022-09-28 06:46,202209291300,FZ,C,W,3,CON,MIZ088,814.8276977539062,2022-09-29 06:51,,,,,False,,,,,,,202209280646-KAPX-WWUS73-NPWAPX,,2022
AFC,2022-09-29 21:00,2022-09-28 11:48,2022-09-27 23:05,202209302100,HW,C,A,3,UPG,AKZ191,2097.2236328125,2022-09-28 11:48,,,,,False,,,,,,,202209272305-PAFC-WWAK72-NPWALU,,2022
AJK,2022-09-25 21:46,2022-09-26 18:25,2022-09-25 21:46,202209280300,FA,C,Y,14,CAN,AKZ318,1146.6910400390625,2022-09-26 18:25,00000,N,ER,OO,False,,,,,,,202209252146-PAJK-WGAK87-FLSAJK,nicole.ferrin,2022
AJK,2022-09-26 00:00,2022-09-27 16:59,2022-09-24 21:59,202209280000,FA,C,A,6,CAN,AKZ325,7005.00341796875,2022-09-27 16:59,00000,0,ER,OO,False,,,,,,,202209242159-PAJK-WGAK67-FFAAJK,frederick.fritsch,2022
AJK,2022-09-26 00:00,2022-09-27 16:59,2022-09-24 21:59,202209280000,FA,C,A,6,CAN,AKZ321,2016.2579345703125,2022-09-27 16:59,00000,0,ER,OO,False,,,,,,,202209242159-PAJK-WGAK67-FFAAJK,frederick.fritsch,2022
AJK,2022-09-26 00:00,2022-09-27 16:59,2022-09-24 21:59,202209280000,FA,C,A,6,CAN,AKZ323,7480.61962890625,2022-09-27 16:59,00000,0,ER,OO,False,,,,,,,202209242159-PAJK-WGAK67-FFAAJK,frederick.fritsch,2022
AJK,2022-09-26 00:00,2022-09-27 16:59,2022-09-24 21:59,202209280000,FA,C,A,6,CAN,AKZ320,6646.00390625,2022-09-27 16:59,00000,0,ER,OO,False,,,,,,,202209242159-PAJK-WGAK67-FFAAJK,frederick.fritsch,2022
AJK,2022-09-26 00:00,2022-09-27 16:59,2022-09-24 21:59,202209280000,FA,C,A,6,CAN,AKZ318,1146.6910400390625,2022-09-27 16:59,00000,0,ER,OO,False,,,,,,,202209242159-PAJK-WGAK67-FFAAJK,frederick.fritsch,2022
AJK,2022-09-26 18:25,2022-09-27 23:33,2022-09-26 18:25,202209280300,FA,C,W,4,CAN,AKZ318,1146.6910400390625,2022-09-27 23:33,00000,0,ER,OO,False,,,,,,,202209261825-PAJK-WGAK47-FLWAJK,nicole.ferrin,2022
AJK,2022-09-26 20:48,2022-09-27 12:36,2022-09-26 20:48,202209271300,FA,C,Y,15,CAN,AKZ319,6080.93994140625,2022-09-27 12:36,00000,N,ER,OO,False,,,,,,,202209262048-PAJK-WGAK87-FLSAJK,nicole.ferrin,2022
IWX,2022-09-25 12:00,2022-09-29 03:00,2022-09-24 15:31,202209281500,BH,C,S,16,EXP,MIZ277,1156.7203369140625,2022-09-29 02:47,,,,,False,,,,,,,202209241531-KIWX-WHUS43-CFWIWX,,2022
IWX,2022-09-26 00:14,2022-09-26 02:15,2022-09-26 00:14,202209260215,MA,C,W,19,CON,LMZ043,300.67144775390625,2022-09-26 01:51,,,,,False,,,,,,,202209260014-KIWX-WHUS53-SMWIWX,CM,2022
AKQ,2022-09-25 20:18,2022-09-25 21:00,2022-09-25 20:18,202209252100,SV,C,W,258,CON,VAC670,27.942481994628906,2022-09-25 20:46,,,,,False,,,,,,,202209252018-KAKQ-WUUS51-SVRAKQ,BROWN,2022
AKQ,2022-09-25 20:18,2022-09-25 21:00,2022-09-25 20:18,202209252100,SV,C,W,258,CON,VAC007,928.2647094726562,2022-09-25 20:46,,,,,False,,,,,,,202209252018-KAKQ-WUUS51-SVRAKQ,BROWN,2022
AKQ,2022-09-25 20:18,2022-09-25 21:00,2022-09-25 20:18,202209252100,SV,C,W,258,CON,VAC730,60.13864517211914,2022-09-25 20:46,,,,,False,,,,,,,202209252018-KAKQ-WUUS51-SVRAKQ,BROWN,2022
AKQ,2022-09-25 20:18,2022-09-25 21:00,2022-09-25 20:18,202209252100,SV,C,W,258,CON,VAC041,1131.1859130859375,2022-09-25 20:46,,,,,False,,,,,,,202209252018-KAKQ-WUUS51-SVRAKQ,BROWN,2022
AKQ,2022-09-25 20:18,2022-09-25 20:46,2022-09-25 20:18,202209252100,SV,C,W,258,CAN,VAC135,818.2974853515625,2022-09-25 20:46,,,,,False,,,,,,,202209252018-KAKQ-WUUS51-SVRAKQ,BROWN,2022
AKQ,2022-09-25 20:55,2022-09-25 21:19,2022-09-25 20:55,202209252145,SV,C,W,259,CAN,VAC183,1275.9376220703125,2022-09-25 21:19,,,,,False,,,,,,,202209252055-KAKQ-WUUS51-SVRAKQ,BROWN,2022
AKQ,2022-09-25 20:55,2022-09-25 21:19,2022-09-25 20:55,202209252145,SV,C,W,259,CAN,VAC041,1131.1859130859375,2022-09-25 21:19,,,,,False,,,,,,,202209252055-KAKQ-WUUS51-SVRAKQ,BROWN,2022
AKQ,2022-09-25 20:55,2022-09-25 21:45,2022-09-25 20:55,202209252145,SV,C,W,259,CON,VAC073,573.3179931640625,2022-09-25 21:19,,,,,False,,,,,,,202209252055-KAKQ-WUUS51-SVRAKQ,BROWN,2022
AKQ,2022-09-25 20:55,2022-09-25 21:45,2022-09-25 20:55,202209252145,SV,C,W,259,CON,VAC095,399.7452697753906,2022-09-25 21:19,,,,,False,,,,,,,202209252055-KAKQ-WUUS51-SVRAKQ,BROWN,2022
AKQ,2022-09-25 20:55,2022-09-25 21:19,2022-09-25 20:55,202209252145,SV,C,W,259,CAN,VAC670,27.942481994628906,2022-09-25 21:19,,,,,False,,,,,,,202209252055-KAKQ-WUUS51-SVRAKQ,BROWN,2022
AKQ,2022-09-25 20:55,2022-09-25 21:45,2022-09-25 20:55,202209252145,SV,C,W,259,CON,VAC097,845.9929809570312,2022-09-25 21:19,,,,,False,,,,,,,202209252055-KAKQ-WUUS51-SVRAKQ,BROWN,2022
AKQ,2022-09-25 20:55,2022-09-25 21:45,2022-09-25 20:55,202209252145,SV,C,W,259,CON,VAC149,730.044921875,2022-09-25 21:19,,,,,False,,,,,,,202209252055-KAKQ-WUUS51-SVRAKQ,BROWN,2022
AKQ,2022-09-25 20:55,2022-09-25 21:19,2022-09-25 20:55,202209252145,SV,C,W,259,CAN,VAC087,633.1973876953125,2022-09-25 21:19,,,,,False,,,,,,,202209252055-KAKQ-WUUS51-SVRAKQ,BROWN,2022
AKQ,2022-09-25 20:55,2022-09-25 21:45,2022-09-25 20:55,202209252145,SV,C,W,259,CON,VAC199,283.7332763671875,2022-09-25 21:19,,,,,False,,,,,,,202209252055-KAKQ-WUUS51-SVRAKQ,BROWN,2022
AKQ,2022-09-25 20:55,2022-09-25 21:45,2022-09-25 20:55,202209252145,SV,C,W,259,CON,VAC127,578.6004028320312,2022-09-25 21:19,,,,,False,,,,,,,202209252055-KAKQ-WUUS51-SVRAKQ,BROWN,2022
AKQ,2022-09-25 21:05,2022-09-25 22:00,2022-09-25 21:05,202209252200,MA,C,W,250,NEW,ANZ638,148.80294799804688,2022-09-25 21:05,,,,,False,,,,,,,202209252105-KAKQ-WHUS51-SMWAKQ,Rogers,2022
AKQ,2022-09-25 21:05,2022-09-25 22:00,2022-09-25 21:05,202209252200,MA,C,W,250,NEW,ANZ635,128.75518798828125,2022-09-25 21:05,,,,,False,,,,,,,202209252105-KAKQ-WHUS51-SMWAKQ,Rogers,2022
AKQ,2022-09-25 21:05,2022-09-25 22:00,2022-09-25 21:05,202209252200,MA,C,W,250,NEW,ANZ632,1148.680908203125,2022-09-25 21:05,,,,,False,,,,,,,202209252105-KAKQ-WHUS51-SMWAKQ,Rogers,2022
AKQ,2022-09-25 21:05,2022-09-25 22:00,2022-09-25 21:05,202209252200,MA,C,W,250,NEW,ANZ631,967.349365234375,2022-09-25 21:05,,,,,False,,,,,,,202209252105-KAKQ-WHUS51-SMWAKQ,Rogers,2022
AKQ,2022-09-25 21:05,2022-09-25 22:00,2022-09-25 21:05,202209252200,MA,C,W,250,NEW,ANZ636,105.38359069824219,2022-09-25 21:05,,,,,False,,,,,,,202209252105-KAKQ-WHUS51-SMWAKQ,Rogers,2022
AKQ,2022-09-25 21:05,2022-09-25 22:00,2022-09-25 21:05,202209252200,MA,C,W,250,NEW,ANZ637,252.6664581298828,2022-09-25 21:05,,,,,False,,,,,,,202209252105-KAKQ-WHUS51-SMWAKQ,Rogers,2022
AKQ,2022-09-25 21:35,2022-09-25 22:15,2022-09-25 21:35,202209252215,SV,C,W,260,NEW,VAC199,283.7332763671875,2022-09-25 21:35,,,,,False,,,,,,,202209252135-KAKQ-WUUS51-SVRAKQ,BROWN,2022
AKQ,2022-09-25 21:35,2022-09-25 22:15,2022-09-25 21:35,202209252215,SV,C,W,260,NEW,VAC095,399.7452697753906,2022-09-25 21:35,,,,,False,,,,,,,202209252135-KAKQ-WUUS51-SVRAKQ,BROWN,2022
AKQ,2022-09-25 21:35,2022-09-25 22:15,2022-09-25 21:35,202209252215,SV,C,W,260,NEW,VAC115,223.17037963867188,2022-09-25 21:35,,,,,False,,,,,,,202209252135-KAKQ-WUUS51-SVRAKQ,BROWN,2022
AKQ,2022-09-25 21:35,2022-09-25 22:15,2022-09-25 21:35,202209252215,SV,C,W,260,NEW,VAC119,346.00787353515625,2022-09-25 21:35,,,,,False,,,,,,,202209252135-KAKQ-WUUS51-SVRAKQ,BROWN,2022
AKQ,2022-09-25 21:35,2022-09-25 22:15,2022-09-25 21:35,202209252215,SV,C,W,260,NEW,VAC700,180.84361267089844,2022-09-25 21:35,,,,,False,,,,,,,202209252135-KAKQ-WUUS51-SVRAKQ,BROWN,2022
AKQ,2022-09-25 21:35,2022-09-25 22:15,2022-09-25 21:35,202209252215,SV,C,W,260,NEW,VAC073,573.3179931640625,2022-09-25 21:35,,,,,False,,,,,,,202209252135-KAKQ-WUUS51-SVRAKQ,BROWN,2022
AKQ,2022-09-25 21:54,2022-09-25 22:42,2022-09-25 21:54,202209252300,MA,C,W,251,CAN,ANZ638,148.80294799804688,2022-09-25 22:42,,,,,False,,,,,,,202209252154-KAKQ-WHUS51-SMWAKQ,Rogers,2022
AKQ,2022-09-25 21:54,2022-09-25 22:42,2022-09-25 21:54,202209252300,MA,C,W,251,CAN,ANZ637,252.6664581298828,2022-09-25 22:42,,,,,False,,,,,,,202209252154-KAKQ-WHUS51-SMWAKQ,Rogers,2022
AKQ,2022-09-25 21:54,2022-09-25 22:42,2022-09-25 21:54,202209252300,MA,C,W,251,CAN,ANZ636,105.38359069824219,2022-09-25 22:42,,,,,False,,,,,,,202209252154-KAKQ-WHUS51-SMWAKQ,Rogers,2022
AKQ,2022-09-25 22:07,2022-09-25 22:45,2022-09-25 22:07,202209252245,SV,C,W,261,NEW,VAC001,1177.925537109375,2022-09-25 22:07,,,,,False,,,,,,,202209252207-KAKQ-WUUS51-SVRAKQ,BROWN,2022
AKQ,2022-09-25 22:07,2022-09-25 22:45,2022-09-25 22:07,202209252245,SV,C,W,261,NEW,VAC131,553.6262817382812,2022-09-25 22:07,,,,,False,,,,,,,202209252207-KAKQ-WUUS51-SVRAKQ,BROWN,2022
AKQ,2022-09-25 22:27,2022-09-25 23:00,2022-09-25 22:27,202209252300,SV,C,W,262,EXP,VAC001,1177.925537109375,2022-09-25 22:59,,,,,False,,,,,,,202209252227-KAKQ-WUUS51-SVRAKQ,BROWN,2022
AKQ,2022-09-25 22:29,2022-09-25 23:30,2022-09-25 22:29,202209252330,MA,C,W,252,NEW,ANZ674,1715.1226806640625,2022-09-25 22:29,,,,,False,,,,,,,202209252229-KAKQ-WHUS51-SMWAKQ,Rogers,2022
AKQ,2022-09-25 22:29,2022-09-25 23:30,2022-09-25 22:29,202209252330,MA,C,W,252,NEW,ANZ650,1807.7794189453125,2022-09-25 22:29,,,,,False,,,,,,,202209252229-KAKQ-WHUS51-SMWAKQ,Rogers,2022
AKQ,2022-09-25 22:29,2022-09-25 23:30,2022-09-25 22:29,202209252330,MA,C,W,252,NEW,ANZ652,2165.16357421875,2022-09-25 22:29,,,,,False,,,,,,,202209252229-KAKQ-WHUS51-SMWAKQ,Rogers,2022
AKQ,2022-09-27 23:25,2022-09-28 10:56,2022-09-27 07:32,202209281100,SC,C,Y,86,CAN,ANZ638,148.80294799804688,2022-09-28 10:56,,,,,False,,,,,,,202209270732-KAKQ-WHUS71-MWWAKQ,,2022
AKQ,2022-09-27 23:25,2022-09-28 14:00,2022-09-27 07:32,202209281400,SC,C,Y,86,EXP,ANZ634,245.147705078125,2022-09-28 13:59,,,,,False,,,,,,,202209270732-KAKQ-WHUS71-MWWAKQ,,2022
APX,2022-09-25 23:17,2022-09-26 00:15,2022-09-25 23:17,202209260015,MA,C,W,60,EXP,LMZ366,2095.0146484375,2022-09-26 00:14,,,,,False,,,,,,,202209252317-KAPX-WHUS53-SMWAPX,JZ,2022
APX,2022-09-25 23:17,2022-09-26 00:15,2022-09-25 23:17,202209260015,MA,C,W,60,EXP,LMZ346,417.2554931640625,2022-09-26 00:14,,,,,False,,,,,,,202209252317-KAPX-WHUS53-SMWAPX,JZ,2022
ARX,2022-09-27 07:00,2022-09-27 14:00,2022-09-26 19:22,202209271400,FR,C,Y,4,EXP,WIZ029,3150.61572265625,2022-09-27 13:53,,,,,False,,,,,,,202209261922-KARX-WWUS73-NPWARX,,2022
ARX,2022-09-27 07:00,2022-09-27 14:00,2022-09-26 19:22,202209271400,FR,C,Y,4,EXP,WIZ017,2544.002685546875,2022-09-27 13:53,,,,,False,,,,,,,202209261922-KARX-WWUS73-NPWARX,,2022
ARX,2022-09-27 07:00,2022-09-27 14:00,2022-09-26 19:22,202209271400,FR,C,Y,4,EXP,WIZ042,2347.656494140625,2022-09-27 13:53,,,,,False,,,,,,,202209261922-KARX-WWUS73-NPWARX,,2022
ARX,2022-09-27 07:00,2022-09-27 14:00,2022-09-26 19:22,202209271400,FR,C,Y,4,EXP,WIZ034,2584.904052734375,2022-09-27 13:53,,,,,False,,,,,,,202209261922-KARX-WWUS73-NPWARX,,2022
ARX,2022-09-28 05:00,2022-09-28 13:00,2022-09-27 18:51,202209281300,FZ,C,W,1,EXP,WIZ042,2347.656494140625,2022-09-28 12:59,,,,,False,,,,,,,202209271851-KARX-WWUS73-NPWARX,,2022
ARX,2022-09-28 05:00,2022-09-28 13:00,2022-09-27 18:51,202209281300,FZ,C,W,1,EXP,WIZ029,3150.61572265625,2022-09-28 12:59,,,,,False,,,,,,,202209271851-KARX-WWUS73-NPWARX,,2022
ARX,2022-09-28 05:00,2022-09-28 13:00,2022-09-27 18:51,202209281300,FZ,C,W,1,EXP,WIZ044,1779.5958251953125,2022-09-28 12:59,,,,,False,,,,,,,202209271851-KARX-WWUS73-NPWARX,,2022
ARX,2022-09-28 05:00,2022-09-28 13:00,2022-09-27 18:51,202209281300,FZ,C,W,1,EXP,WIZ017,2544.002685546875,2022-09-28 12:59,,,,,False,,,,,,,202209271851-KARX-WWUS73-NPWARX,,2022
ARX,2022-09-28 05:00,2022-09-28 13:00,2022-09-27 18:51,202209281300,FZ,C,W,1,EXP,WIZ043,2078.5966796875,2022-09-28 12:59,,,,,False,,,,,,,202209271851-KARX-WWUS73-NPWARX,,2022
ARX,2022-09-28 05:00,2022-09-28 13:00,2022-09-27 18:51,202209281300,FR,C,Y,5,EXP,WIZ041,1240.6058349609375,2022-09-28 12:59,,,,,False,,,,,,,202209271851-KARX-WWUS73-NPWARX,,2022
ARX,2022-09-28 05:00,2022-09-28 13:00,2022-09-27 18:51,202209281300,FR,C,Y,5,EXP,WIZ054,1548.9781494140625,2022-09-28 12:59,,,,,False,,,,,,,202209271851-KARX-WWUS73-NPWARX,,2022
ARX,2022-09-28 05:00,2022-09-28 13:00,2022-09-27 18:51,202209281300,FR,C,Y,5,EXP,MNZ087,1691.7724609375,2022-09-28 12:59,,,,,False,,,,,,,202209271851-KARX-WWUS73-NPWARX,,2022
ARX,2022-09-28 05:00,2022-09-28 13:00,2022-09-27 18:51,202209281300,FR,C,Y,5,EXP,WIZ032,1834.112060546875,2022-09-28 12:59,,,,,False,,,,,,,202209271851-KARX-WWUS73-NPWARX,,2022
ARX,2022-09-28 05:00,2022-09-28 13:00,2022-09-27 18:51,202209281300,FR,C,Y,5,EXP,WIZ055,1523.50244140625,2022-09-28 12:59,,,,,False,,,,,,,202209271851-KARX-WWUS73-NPWARX,,2022
ARX,2022-09-28 05:00,2022-09-28 13:00,2022-09-27 18:51,202209281300,FR,C,Y,5,EXP,MNZ088,1658.4881591796875,2022-09-28 12:59,,,,,False,,,,,,,202209271851-KARX-WWUS73-NPWARX,,2022
ARX,2022-09-29 06:00,2022-09-29 13:00,2022-09-28 19:08,202209291300,FZ,C,W,2,EXP,WIZ043,2078.5966796875,2022-09-29 12:59,,,,,False,,,,,,,202209281908-KARX-WWUS73-NPWARX,KDS,2022
ARX,2022-09-29 06:00,2022-09-29 13:00,2022-09-28 19:08,202209291300,FZ,C,W,2,EXP,WIZ042,2347.656494140625,2022-09-29 12:59,,,,,False,,,,,,,202209281908-KARX-WWUS73-NPWARX,KDS,2022
ARX,2022-09-29 06:00,2022-09-29 13:00,2022-09-28 19:08,202209291300,FR,C,Y,6,EXP,WIZ054,1548.9781494140625,2022-09-29 12:59,,,,,False,,,,,,,202209281908-KARX-WWUS73-NPWARX,KDS,2022
BMX,2022-09-27 19:12,2022-09-28 00:00,2022-09-27 19:12,202209280000,FW,C,W,1,NEW,ALZ027,1969.8248291015625,2022-09-27 19:12,,,,,False,,,,,,,202209271912-KBMX-WWUS84-RFWBMX,,2022
BMX,2022-09-27 19:12,2022-09-28 00:00,2022-09-27 19:12,202209280000,FW,C,W,1,NEW,ALZ044,2072.488525390625,2022-09-27 19:12,,,,,False,,,,,,,202209271912-KBMX-WWUS84-RFWBMX,,2022
BMX,2022-09-27 19:12,2022-09-28 00:00,2022-09-27 19:12,202209280000,FW,C,W,1,NEW,ALZ048,1678.09423828125,2022-09-27 19:12,,,,,False,,,,,,,202209271912-KBMX-WWUS84-RFWBMX,,2022
BMX,2022-09-27 19:12,2022-09-28 00:00,2022-09-27 19:12,202209280000,FW,C,W,1,NEW,ALZ045,1589.4276123046875,2022-09-27 19:12,,,,,False,,,,,,,202209271912-KBMX-WWUS84-RFWBMX,,2022
BMX,2022-09-27 19:12,2022-09-28 00:00,2022-09-27 19:12,202209280000,FW,C,W,1,NEW,ALZ036,1726.8323974609375,2022-09-27 19:12,,,,,False,,,,,,,202209271912-KBMX-WWUS84-RFWBMX,,2022
BMX,2022-09-27 19:12,2022-09-28 00:00,2022-09-27 19:12,202209280000,FW,C,W,1,NEW,ALZ029,1513.5765380859375,2022-09-27 19:12,,,,,False,,,,,,,202209271912-KBMX-WWUS84-RFWBMX,,2022
BMX,2022-09-27 19:12,2022-09-28 00:00,2022-09-27 19:12,202209280000,FW,C,W,1,NEW,ALZ032,1701.257080078125,2022-09-27 19:12,,,,,False,,,,,,,202209271912-KBMX-WWUS84-RFWBMX,,2022
BMX,2022-09-27 19:12,2022-09-28 00:00,2022-09-27 19:12,202209280000,FW,C,W,1,NEW,ALZ028,1569.8443603515625,2022-09-27 19:12,,,,,False,,,,,,,202209271912-KBMX-WWUS84-RFWBMX,,2022
BMX,2022-09-29 17:00,2022-09-30 00:00,2022-09-29 07:59,202209300000,FW,C,W,3,CON,ALZ041,1566.3426513671875,2022-09-29 16:21,,,,,False,,,,,,,202209290759-KBMX-WWUS84-RFWBMX,,2022
BMX,2022-09-27 19:12,2022-09-28 00:00,2022-09-27 19:12,202209280000,FW,C,W,1,NEW,ALZ023,3501.330810546875,2022-09-27 19:12,,,,,False,,,,,,,202209271912-KBMX-WWUS84-RFWBMX,,2022
BMX,2022-09-27 19:12,2022-09-28 00:00,2022-09-27 19:12,202209280000,FW,C,W,1,NEW,ALZ042,1879.1204833984375,2022-09-27 19:12,,,,,False,,,,,,,202209271912-KBMX-WWUS84-RFWBMX,,2022
BMX,2022-09-27 19:12,2022-09-28 00:00,2022-09-27 19:12,202209280000,FW,C,W,1,NEW,ALZ030,2366.8173828125,2022-09-27 19:12,,,,,False,,,,,,,202209271912-KBMX-WWUS84-RFWBMX,,2022
BMX,2022-09-27 19:12,2022-09-28 00:00,2022-09-27 19:12,202209280000,FW,C,W,1,NEW,ALZ022,2306.282470703125,2022-09-27 19:12,,,,,False,,,,,,,202209271912-KBMX-WWUS84-RFWBMX,,2022
BMX,2022-09-28 16:00,2022-09-27 19:12,2022-09-26 20:18,202209290000,FW,C,A,1,UPG,ALZ029,1513.5765380859375,2022-09-27 19:12,,,,,False,,,,,,,202209262018-KBMX-WWUS84-RFWBMX,08,2022
BMX,2022-09-28 16:00,2022-09-29 00:00,2022-09-27 19:12,202209290000,FW,C,W,2,CON,ALZ037,1985.4886474609375,2022-09-28 19:18,,,,,False,,,,,,,202209271912-KBMX-WWUS84-RFWBMX,,2022
BMX,2022-09-28 16:00,2022-09-29 00:00,2022-09-27 19:12,202209290000,FW,C,W,2,CON,ALZ020,1554.381103515625,2022-09-28 19:18,,,,,False,,,,,,,202209271912-KBMX-WWUS84-RFWBMX,,2022
BMX,2022-09-28 16:00,2022-09-27 19:12,2022-09-26 20:18,202209290000,FW,C,A,1,UPG,ALZ028,1569.8443603515625,2022-09-27 19:12,,,,,False,,,,,,,202209262018-KBMX-WWUS84-RFWBMX,08,2022
BMX,2022-09-28 16:00,2022-09-27 19:12,2022-09-26 20:18,202209290000,FW,C,A,1,UPG,ALZ017,1685.5367431640625,2022-09-27 19:12,,,,,False,,,,,,,202209262018-KBMX-WWUS84-RFWBMX,08,2022
BMX,2022-09-28 16:00,2022-09-29 00:00,2022-09-27 19:12,202209290000,FW,C,W,2,CON,ALZ048,1678.09423828125,2022-09-28 19:18,,,,,False,,,,,,,202209271912-KBMX-WWUS84-RFWBMX,,2022
BMX,2022-09-28 16:00,2022-09-27 19:12,2022-09-26 20:18,202209290000,FW,C,A,1,UPG,ALZ044,2072.488525390625,2022-09-27 19:12,,,,,False,,,,,,,202209262018-KBMX-WWUS84-RFWBMX,08,2022
BMX,2022-09-28 16:00,2022-09-27 19:12,2022-09-26 20:18,202209290000,FW,C,A,1,UPG,ALZ040,2574.60107421875,2022-09-27 19:12,,,,,False,,,,,,,202209262018-KBMX-WWUS84-RFWBMX,08,2022
BMX,2022-09-28 16:00,2022-09-29 00:00,2022-09-27 19:12,202209290000,FW,C,W,2,CON,ALZ019,1586.5775146484375,2022-09-28 19:18,,,,,False,,,,,,,202209271912-KBMX-WWUS84-RFWBMX,,2022
BMX,2022-09-28 16:00,2022-09-27 19:12,2022-09-26 20:18,202209290000,FW,C,A,1,UPG,ALZ032,1701.257080078125,2022-09-27 19:12,,,,,False,,,,,,,202209262018-KBMX-WWUS84-RFWBMX,08,2022
BMX,2022-09-28 16:00,2022-09-27 19:12,2022-09-26 20:18,202209290000,FW,C,A,1,UPG,ALZ043,1703.42919921875,2022-09-27 19:12,,,,,False,,,,,,,202209262018-KBMX-WWUS84-RFWBMX,08,2022
BMX,2022-09-28 16:00,2022-09-27 19:12,2022-09-26 20:18,202209290000,FW,C,A,1,UPG,ALZ019,1586.5775146484375,2022-09-27 19:12,,,,,False,,,,,,,202209262018-KBMX-WWUS84-RFWBMX,08,2022
BMX,2022-09-28 16:00,2022-09-29 00:00,2022-09-27 19:12,202209290000,FW,C,W,2,CON,ALZ050,2343.586669921875,2022-09-28 19:18,,,,,False,,,,,,,202209271912-KBMX-WWUS84-RFWBMX,,2022
BMX,2022-09-28 16:00,2022-09-29 00:00,2022-09-27 19:12,202209290000,FW,C,W,2,CON,ALZ024,2911.994384765625,2022-09-28 19:18,,,,,False,,,,,,,202209271912-KBMX-WWUS84-RFWBMX,,2022
BMX,2022-09-28 16:00,2022-09-29 00:00,2022-09-27 19:12,202209290000,FW,C,W,2,CON,ALZ013,1630.494384765625,2022-09-28 19:18,,,,,False,,,,,,,202209271912-KBMX-WWUS84-RFWBMX,,2022
BMX,2022-09-28 16:00,2022-09-29 00:00,2022-09-27 19:12,202209290000,FW,C,W,2,CON,ALZ040,2574.60107421875,2022-09-28 19:18,,,,,False,,,,,,,202209271912-KBMX-WWUS84-RFWBMX,,2022
BMX,2022-09-28 16:00,2022-09-29 00:00,2022-09-27 19:12,202209290000,FW,C,W,2,CON,ALZ011,1926.4654541015625,2022-09-28 19:18,,,,,False,,,,,,,202209271912-KBMX-WWUS84-RFWBMX,,2022
BMX,2022-09-28 16:00,2022-09-27 19:12,2022-09-26 20:18,202209290000,FW,C,A,1,UPG,ALZ038,1563.0845947265625,2022-09-27 19:12,,,,,False,,,,,,,202209262018-KBMX-WWUS84-RFWBMX,08,2022
BMX,2022-09-28 16:00,2022-09-29 00:00,2022-09-27 19:12,202209290000,FW,C,W,2,CON,ALZ028,1569.8443603515625,2022-09-28 19:18,,,,,False,,,,,,,202209271912-KBMX-WWUS84-RFWBMX,,2022
BMX,2022-09-28 16:00,2022-09-29 00:00,2022-09-27 19:12,202209290000,FW,C,W,2,CON,ALZ018,1421.5274658203125,2022-09-28 19:18,,,,,False,,,,,,,202209271912-KBMX-WWUS84-RFWBMX,,2022
BMX,2022-09-28 16:00,2022-09-27 19:12,2022-09-26 20:18,202209290000,FW,C,A,1,UPG,ALZ034,1622.5079345703125,2022-09-27 19:12,,,,,False,,,,,,,202209262018-KBMX-WWUS84-RFWBMX,08,2022
BMX,2022-09-28 16:00,2022-09-27 19:12,2022-09-26 20:18,202209290000,FW,C,A,1,UPG,ALZ039,2547.490234375,2022-09-27 19:12,,,,,False,,,,,,,202209262018-KBMX-WWUS84-RFWBMX,08,2022
BMX,2022-09-28 16:00,2022-09-29 00:00,2022-09-27 19:12,202209290000,FW,C,W,2,CON,ALZ025,2097.548828125,2022-09-28 19:18,,,,,False,,,,,,,202209271912-KBMX-WWUS84-RFWBMX,,2022
BMX,2022-09-28 16:00,2022-09-29 00:00,2022-09-27 19:12,202209290000,FW,C,W,2,CON,ALZ045,1589.4276123046875,2022-09-28 19:18,,,,,False,,,,,,,202209271912-KBMX-WWUS84-RFWBMX,,2022
BMX,2022-09-28 16:00,2022-09-27 19:12,2022-09-26 20:18,202209290000,FW,C,A,1,UPG,ALZ047,1595.234619140625,2022-09-27 19:12,,,,,False,,,,,,,202209262018-KBMX-WWUS84-RFWBMX,08,2022
AKQ,2022-09-29 08:11,2022-09-29 20:00,2022-09-29 08:11,202210010800,GL,C,W,15,UPG,ANZ634,245.147705078125,2022-09-29 20:00,,,,,False,,,,,,,202209290811-KAKQ-WHUS71-MWWAKQ,,2022
AKQ,2022-09-24 08:03,2022-09-24 11:00,2022-09-24 08:03,202209241100,SC,C,Y,84,EXP,ANZ632,1148.680908203125,2022-09-24 10:54,,,,,False,,,,,,,202209240803-KAKQ-WHUS71-MWWAKQ,,2022
AKQ,2022-09-24 08:03,2022-09-24 11:00,2022-09-24 08:03,202209241100,SC,C,Y,84,EXP,ANZ630,1551.7508544921875,2022-09-24 10:54,,,,,False,,,,,,,202209240803-KAKQ-WHUS71-MWWAKQ,,2022
AKQ,2022-09-24 08:03,2022-09-24 11:00,2022-09-24 08:03,202209241100,SC,C,Y,84,EXP,ANZ634,245.147705078125,2022-09-24 10:54,,,,,False,,,,,,,202209240803-KAKQ-WHUS71-MWWAKQ,,2022
AKQ,2022-09-25 16:00,2022-09-25 20:00,2022-09-25 07:34,202209252000,CF,C,S,15,NEW,MDZ021,1511.1961669921875,2022-09-25 07:34,,,,,False,,,,,,,202209250734-KAKQ-WHUS41-CFWAKQ,,2022
AKQ,2022-09-25 20:18,2022-09-25 21:00,2022-09-25 20:18,202209252100,SV,C,W,258,CON,VAC149,730.044921875,2022-09-25 20:46,,,,,False,,,,,,,202209252018-KAKQ-WUUS51-SVRAKQ,BROWN,2022
AKQ,2022-09-25 20:18,2022-09-25 21:00,2022-09-25 20:18,202209252100,SV,C,W,258,CON,VAC053,1312.572998046875,2022-09-25 20:46,,,,,False,,,,,,,202209252018-KAKQ-WUUS51-SVRAKQ,BROWN,2022
AKQ,2022-09-29 08:11,2022-09-29 20:00,2022-09-29 08:11,202210010800,GL,C,W,15,UPG,ANZ654,2234.578857421875,2022-09-29 20:00,,,,,False,,,,,,,202209290811-KAKQ-WHUS71-MWWAKQ,,2022
AKQ,2022-09-25 20:18,2022-09-25 21:00,2022-09-25 20:18,202209252100,SV,C,W,258,CON,VAC570,20.228900909423828,2022-09-25 20:46,,,,,False,,,,,,,202209252018-KAKQ-WUUS51-SVRAKQ,BROWN,2022
AKQ,2022-09-25 21:54,2022-09-25 22:42,2022-09-25 21:54,202209252300,MA,C,W,251,CAN,ANZ630,1551.7508544921875,2022-09-25 22:42,,,,,False,,,,,,,202209252154-KAKQ-WHUS51-SMWAKQ,Rogers,2022
AKQ,2022-09-25 21:54,2022-09-25 23:00,2022-09-25 21:54,202209252300,MA,C,W,251,CON,ANZ634,245.147705078125,2022-09-25 22:42,,,,,False,,,,,,,202209252154-KAKQ-WHUS51-SMWAKQ,Rogers,2022
AKQ,2022-09-25 21:54,2022-09-25 23:00,2022-09-25 21:54,202209252300,MA,C,W,251,CON,ANZ632,1148.680908203125,2022-09-25 22:42,,,,,False,,,,,,,202209252154-KAKQ-WHUS51-SMWAKQ,Rogers,2022
AKQ,2022-09-25 21:54,2022-09-25 22:42,2022-09-25 21:54,202209252300,MA,C,W,251,CAN,ANZ635,128.75518798828125,2022-09-25 22:42,,,,,False,,,,,,,202209252154-KAKQ-WHUS51-SMWAKQ,Rogers,2022
AKQ,2022-09-29 23:00,2022-09-29 20:00,2022-09-29 08:11,202210010800,GL,C,W,15,UPG,ANZ632,1148.680908203125,2022-09-29 20:00,,,,,False,,,,,,,202209290811-KAKQ-WHUS71-MWWAKQ,,2022
AKQ,2022-09-29 23:00,2022-10-01 04:59,2022-09-29 08:11,202210010800,GL,C,W,15,CAN,ANZ638,148.80294799804688,2022-10-01 04:59,,,,,False,,,,,,,202209290811-KAKQ-WHUS71-MWWAKQ,,2022
AKQ,2022-09-29 23:00,2022-09-29 08:11,2022-09-28 07:54,202210010200,GL,C,A,13,UPG,ANZ658,1151.7811279296875,2022-09-29 08:11,,,,,False,,,,,,,202209280754-KAKQ-WHUS71-MWWAKQ,,2022
AKQ,2022-09-29 23:00,2022-09-29 08:11,2022-09-28 07:54,202210010200,GL,C,A,13,UPG,ANZ634,245.147705078125,2022-09-29 08:11,,,,,False,,,,,,,202209280754-KAKQ-WHUS71-MWWAKQ,,2022
ALY,2022-09-26 19:02,2022-09-26 19:35,2022-09-26 19:02,202209262000,SV,C,W,116,CAN,NYC093,541.9182739257812,2022-09-26 19:35,,,,,False,,,,,,,202209261902-KALY-WUUS51-SVRALY,TAW,2022
ALY,2022-09-24 04:00,2022-09-24 12:00,2022-09-23 07:00,202209241200,FR,C,Y,5,EXP,NYZ051,528.2691650390625,2022-09-24 12:01,,,,,False,,,,,,,202209230700-KALY-WWUS71-NPWALY,,2022
ALY,2022-09-24 04:00,2022-09-24 12:00,2022-09-23 07:00,202209241200,FR,C,Y,5,EXP,NYZ042,2055.134033203125,2022-09-24 12:01,,,,,False,,,,,,,202209230700-KALY-WWUS71-NPWALY,,2022
ALY,2022-09-24 04:00,2022-09-24 12:00,2022-09-23 07:00,202209241200,FR,C,Y,5,EXP,NYZ054,870.0789794921875,2022-09-24 12:01,,,,,False,,,,,,,202209230700-KALY-WWUS71-NPWALY,,2022
ALY,2022-09-24 04:00,2022-09-24 12:00,2022-09-23 07:00,202209241200,FR,C,Y,5,EXP,NYZ083,353.4061279296875,2022-09-24 12:01,,,,,False,,,,,,,202209230700-KALY-WWUS71-NPWALY,,2022
ALY,2022-09-24 04:00,2022-09-24 12:00,2022-09-23 07:00,202209241200,FR,C,Y,5,EXP,NYZ043,943.56689453125,2022-09-24 12:01,,,,,False,,,,,,,202209230700-KALY-WWUS71-NPWALY,,2022
ALY,2022-09-24 04:00,2022-09-24 12:00,2022-09-23 07:00,202209241200,FR,C,Y,5,EXP,NYZ063,1858.7794189453125,2022-09-24 12:01,,,,,False,,,,,,,202209230700-KALY-WWUS71-NPWALY,,2022
ALY,2022-09-24 04:00,2022-09-24 12:00,2022-09-23 07:00,202209241200,FR,C,Y,5,EXP,NYZ082,835.1087646484375,2022-09-24 12:01,,,,,False,,,,,,,202209230700-KALY-WWUS71-NPWALY,,2022
ALY,2022-09-24 04:00,2022-09-24 12:00,2022-09-23 07:00,202209241200,FR,C,Y,5,EXP,NYZ058,1096.4879150390625,2022-09-24 12:01,,,,,False,,,,,,,202209230700-KALY-WWUS71-NPWALY,,2022
ALY,2022-09-24 04:00,2022-09-24 12:00,2022-09-23 07:00,202209241200,FR,C,Y,5,EXP,NYZ047,1619.5423583984375,2022-09-24 12:01,,,,,False,,,,,,,202209230700-KALY-WWUS71-NPWALY,,2022
ALY,2022-09-24 04:00,2022-09-24 12:00,2022-09-23 07:00,202209241200,FR,C,Y,5,EXP,NYZ041,1510.63720703125,2022-09-24 12:01,,,,,False,,,,,,,202209230700-KALY-WWUS71-NPWALY,,2022
ALY,2022-09-26 19:02,2022-09-26 20:00,2022-09-26 19:02,202209262000,SV,C,W,116,EXP,NYC083,1720.568359375,2022-09-26 20:07,,,,,False,,,,,,,202209261902-KALY-WUUS51-SVRALY,TAW,2022
ALY,2022-09-26 19:18,2022-09-26 20:15,2022-09-26 19:18,202209262015,SV,C,W,117,CON,NYC083,1720.568359375,2022-09-26 19:43,,,,,False,,,,,,,202209261918-KALY-WUUS51-SVRALY,TAW,2022
ALY,2022-09-26 19:18,2022-09-26 19:43,2022-09-26 19:18,202209262015,SV,C,W,117,CAN,NYC113,2408.57080078125,2022-09-26 19:43,,,,,False,,,,,,,202209261918-KALY-WUUS51-SVRALY,TAW,2022
ALY,2022-09-26 19:18,2022-09-26 20:15,2022-09-26 19:18,202209262015,SV,C,W,117,CON,NYC115,2186.79248046875,2022-09-26 19:43,,,,,False,,,,,,,202209261918-KALY-WUUS51-SVRALY,TAW,2022
APX,2022-09-29 04:00,2022-09-29 13:00,2022-09-28 06:46,202209291300,FZ,C,W,3,CON,MIZ096,1323.372802734375,2022-09-29 06:51,,,,,False,,,,,,,202209280646-KAPX-WWUS73-NPWAPX,,2022
APX,2022-09-26 23:51,2022-09-28 15:09,2022-09-26 23:51,202209280400,SC,C,Y,96,CAN,LMZ345,233.41897583007812,2022-09-28 15:09,,,,,False,,,,,,,202209262351-KAPX-WHUS73-MWWAPX,JZ,2022
APX,2022-09-26 23:51,2022-09-28 15:09,2022-09-26 23:51,202209280400,SC,C,Y,96,CAN,LMZ346,417.2554931640625,2022-09-28 15:09,,,,,False,,,,,,,202209262351-KAPX-WHUS73-MWWAPX,JZ,2022
APX,2022-09-27 10:00,2022-09-28 02:00,2022-09-27 02:12,202209280200,BH,C,S,18,CON,MIZ018,1772.2684326171875,2022-09-27 19:36,,,,,False,,,,,,,202209270212-KAPX-WHUS43-CFWAPX,JZ,2022
APX,2022-09-29 04:00,2022-09-29 13:00,2022-09-28 06:46,202209291300,FZ,C,W,3,CON,MIZ027,1475.066650390625,2022-09-29 06:51,,,,,False,,,,,,,202209280646-KAPX-WWUS73-NPWAPX,,2022
APX,2022-09-29 04:00,2022-09-29 13:00,2022-09-28 06:46,202209291300,FZ,C,W,3,CON,MIZ028,1456.0081787109375,2022-09-29 06:51,,,,,False,,,,,,,202209280646-KAPX-WWUS73-NPWAPX,,2022
APX,2022-09-29 04:00,2022-09-28 06:46,2022-09-27 19:21,202209291300,FZ,C,A,1,UPG,MIZ032,1488.365966796875,2022-09-28 06:46,,,,,False,,,,,,,202209271921-KAPX-WWUS73-NPWAPX,FEF,2022
APX,2022-09-29 04:00,2022-09-28 06:46,2022-09-27 19:21,202209291300,FZ,C,A,1,UPG,MIZ018,1772.2684326171875,2022-09-28 06:46,,,,,False,,,,,,,202209271921-KAPX-WWUS73-NPWAPX,FEF,2022
APX,2022-09-29 04:00,2022-09-28 06:46,2022-09-27 19:21,202209291300,FZ,C,A,1,UPG,MIZ022,1359.1895751953125,2022-09-28 06:46,,,,,False,,,,,,,202209271921-KAPX-WWUS73-NPWAPX,FEF,2022
APX,2022-09-29 04:00,2022-09-29 13:00,2022-09-28 06:46,202209291300,FZ,C,W,3,CON,MIZ042,951.11474609375,2022-09-29 06:51,,,,,False,,,,,,,202209280646-KAPX-WWUS73-NPWAPX,,2022
APX,2022-09-29 04:00,2022-09-28 06:46,2022-09-27 19:21,202209291300,FZ,C,A,1,UPG,MIZ087,1094.39794921875,2022-09-28 06:46,,,,,False,,,,,,,202209271921-KAPX-WWUS73-NPWAPX,FEF,2022
APX,2022-09-29 04:00,2022-09-28 06:46,2022-09-27 19:21,202209291300,FZ,C,A,1,UPG,MIZ036,1464.293701171875,2022-09-28 06:46,,,,,False,,,,,,,202209271921-KAPX-WWUS73-NPWAPX,FEF,2022
APX,2022-09-29 04:00,2022-09-29 13:00,2022-09-28 06:46,202209291300,FZ,C,W,3,CON,MIZ029,1477.1558837890625,2022-09-29 06:51,,,,,False,,,,,,,202209280646-KAPX-WWUS73-NPWAPX,,2022
APX,2022-09-29 04:00,2022-09-29 13:00,2022-09-28 06:46,202209291300,FZ,C,W,3,CON,MIZ033,1483.0198974609375,2022-09-29 06:51,,,,,False,,,,,,,202209280646-KAPX-WWUS73-NPWAPX,,2022
APX,2022-09-29 04:00,2022-09-28 06:46,2022-09-27 19:21,202209291300,FZ,C,A,1,UPG,MIZ024,1537.2374267578125,2022-09-28 06:46,,,,,False,,,,,,,202209271921-KAPX-WWUS73-NPWAPX,FEF,2022
ARX,2022-09-27 07:00,2022-09-27 14:00,2022-09-26 19:22,202209271400,FR,C,Y,4,EXP,WIZ043,2078.5966796875,2022-09-27 13:53,,,,,False,,,,,,,202209261922-KARX-WWUS73-NPWARX,,2022
ARX,2022-09-28 05:00,2022-09-28 13:00,2022-09-27 18:51,202209281300,FR,C,Y,5,EXP,IAZ008,1213.5260009765625,2022-09-28 12:59,,,,,False,,,,,,,202209271851-KARX-WWUS73-NPWARX,,2022
ARX,2022-09-28 05:00,2022-09-28 13:00,2022-09-27 18:51,202209281300,FR,C,Y,5,EXP,IAZ029,1891.1092529296875,2022-09-28 12:59,,,,,False,,,,,,,202209271851-KARX-WWUS73-NPWARX,,2022
ARX,2022-09-28 05:00,2022-09-28 13:00,2022-09-27 18:51,202209281300,FR,C,Y,5,EXP,IAZ030,2049.748291015625,2022-09-28 12:59,,,,,False,,,,,,,202209271851-KARX-WWUS73-NPWARX,,2022
ARX,2022-09-28 05:00,2022-09-28 13:00,2022-09-27 18:51,202209281300,FR,C,Y,5,EXP,MNZ094,1839.818359375,2022-09-28 12:59,,,,,False,,,,,,,202209271851-KARX-WWUS73-NPWARX,,2022
ARX,2022-09-28 05:00,2022-09-28 13:00,2022-09-27 18:51,202209281300,FR,C,Y,5,EXP,IAZ009,1224.7872314453125,2022-09-28 12:59,,,,,False,,,,,,,202209271851-KARX-WWUS73-NPWARX,,2022
ARX,2022-09-28 05:00,2022-09-28 13:00,2022-09-27 18:51,202209281300,FR,C,Y,5,EXP,WIZ061,3059.325439453125,2022-09-28 12:59,,,,,False,,,,,,,202209271851-KARX-WWUS73-NPWARX,,2022
ARX,2022-09-28 05:00,2022-09-28 13:00,2022-09-27 18:51,202209281300,FR,C,Y,5,EXP,MNZ086,1136.32470703125,2022-09-28 12:59,,,,,False,,,,,,,202209271851-KARX-WWUS73-NPWARX,,2022
ARX,2022-09-28 05:00,2022-09-28 13:00,2022-09-27 18:51,202209281300,FR,C,Y,5,EXP,MNZ096,1470.70654296875,2022-09-28 12:59,,,,,False,,,,,,,202209271851-KARX-WWUS73-NPWARX,,2022
ARX,2022-09-28 05:00,2022-09-28 13:00,2022-09-27 18:51,202209281300,FR,C,Y,5,EXP,WIZ033,1917.68408203125,2022-09-28 12:59,,,,,False,,,,,,,202209271851-KARX-WWUS73-NPWARX,,2022
ARX,2022-09-28 05:00,2022-09-28 13:00,2022-09-27 18:51,202209281300,FR,C,Y,5,EXP,MNZ079,1421.1058349609375,2022-09-28 12:59,,,,,False,,,,,,,202209271851-KARX-WWUS73-NPWARX,,2022
ARX,2022-09-29 06:00,2022-09-29 13:00,2022-09-28 19:08,202209291300,FR,C,Y,6,EXP,WIZ033,1917.68408203125,2022-09-29 12:59,,,,,False,,,,,,,202209281908-KARX-WWUS73-NPWARX,KDS,2022
ARX,2022-09-29 06:00,2022-09-29 13:00,2022-09-28 19:08,202209291300,FR,C,Y,6,EXP,WIZ032,1834.112060546875,2022-09-29 12:59,,,,,False,,,,,,,202209281908-KARX-WWUS73-NPWARX,KDS,2022
ARX,2022-09-29 06:00,2022-09-29 13:00,2022-09-28 19:08,202209291300,FR,C,Y,6,EXP,WIZ061,3059.325439453125,2022-09-29 12:59,,,,,False,,,,,,,202209281908-KARX-WWUS73-NPWARX,KDS,2022
CLE,2022-09-25 15:53,2022-09-25 17:19,2022-09-25 15:53,202209251800,MA,C,W,59,CAN,LEZ165,746.5021362304688,2022-09-25 17:19,,,,,False,,,,,,,202209251553-KCLE-WHUS51-SMWCLE,Sefcovic,2022
BGM,2022-09-24 04:00,2022-09-24 12:00,2022-09-23 18:40,202209241200,FR,C,Y,4,EXP,NYZ024,1062.230224609375,2022-09-24 12:14,,,,,False,,,,,,,202209231840-KBGM-WWUS71-NPWBGM,,2022
BGM,2022-09-25 20:49,2022-09-25 21:17,2022-09-25 20:49,202209252130,SV,C,W,152,CAN,NYC025,3796.243896484375,2022-09-25 21:17,,,,,False,,,,,,,202209252049-KBGM-WUUS51-SVRBGM,BTL,2022
BMX,2022-09-29 17:00,2022-09-30 00:00,2022-09-29 07:59,202209300000,FW,C,W,3,CON,ALZ034,1622.5079345703125,2022-09-29 16:21,,,,,False,,,,,,,202209290759-KBMX-WWUS84-RFWBMX,,2022
BMX,2022-09-27 19:12,2022-09-28 00:00,2022-09-27 19:12,202209280000,FW,C,W,1,NEW,ALZ047,1595.234619140625,2022-09-27 19:12,,,,,False,,,,,,,202209271912-KBMX-WWUS84-RFWBMX,,2022
BMX,2022-09-27 19:12,2022-09-28 00:00,2022-09-27 19:12,202209280000,FW,C,W,1,NEW,ALZ040,2574.60107421875,2022-09-27 19:12,,,,,False,,,,,,,202209271912-KBMX-WWUS84-RFWBMX,,2022
BMX,2022-09-27 19:12,2022-09-28 00:00,2022-09-27 19:12,202209280000,FW,C,W,1,NEW,ALZ037,1985.4886474609375,2022-09-27 19:12,,,,,False,,,,,,,202209271912-KBMX-WWUS84-RFWBMX,,2022
BMX,2022-09-27 19:12,2022-09-28 00:00,2022-09-27 19:12,202209280000,FW,C,W,1,NEW,ALZ038,1563.0845947265625,2022-09-27 19:12,,,,,False,,,,,,,202209271912-KBMX-WWUS84-RFWBMX,,2022
BMX,2022-09-29 17:00,2022-09-30 00:00,2022-09-29 07:59,202209300000,FW,C,W,3,CON,ALZ040,2574.60107421875,2022-09-29 16:21,,,,,False,,,,,,,202209290759-KBMX-WWUS84-RFWBMX,,2022
BMX,2022-09-27 19:12,2022-09-28 00:00,2022-09-27 19:12,202209280000,FW,C,W,1,NEW,ALZ050,2343.586669921875,2022-09-27 19:12,,,,,False,,,,,,,202209271912-KBMX-WWUS84-RFWBMX,,2022
BMX,2022-09-27 19:12,2022-09-28 00:00,2022-09-27 19:12,202209280000,FW,C,W,1,NEW,ALZ024,2911.994384765625,2022-09-27 19:12,,,,,False,,,,,,,202209271912-KBMX-WWUS84-RFWBMX,,2022
BMX,2022-09-27 19:12,2022-09-28 00:00,2022-09-27 19:12,202209280000,FW,C,W,1,NEW,ALZ033,1876.53662109375,2022-09-27 19:12,,,,,False,,,,,,,202209271912-KBMX-WWUS84-RFWBMX,,2022
BMX,2022-09-27 19:12,2022-09-28 00:00,2022-09-27 19:12,202209280000,FW,C,W,1,NEW,ALZ041,1566.3426513671875,2022-09-27 19:12,,,,,False,,,,,,,202209271912-KBMX-WWUS84-RFWBMX,,2022
BMX,2022-09-29 17:00,2022-09-30 00:00,2022-09-29 07:59,202209300000,FW,C,W,3,CON,ALZ035,1816.022705078125,2022-09-29 16:21,,,,,False,,,,,,,202209290759-KBMX-WWUS84-RFWBMX,,2022
BMX,2022-09-27 19:12,2022-09-28 00:00,2022-09-27 19:12,202209280000,FW,C,W,1,NEW,ALZ035,1816.022705078125,2022-09-27 19:12,,,,,False,,,,,,,202209271912-KBMX-WWUS84-RFWBMX,,2022
BMX,2022-09-27 19:12,2022-09-28 00:00,2022-09-27 19:12,202209280000,FW,C,W,1,NEW,ALZ039,2547.490234375,2022-09-27 19:12,,,,,False,,,,,,,202209271912-KBMX-WWUS84-RFWBMX,,2022
BMX,2022-09-27 19:12,2022-09-28 00:00,2022-09-27 19:12,202209280000,FW,C,W,1,NEW,ALZ031,1710.0206298828125,2022-09-27 19:12,,,,,False,,,,,,,202209271912-KBMX-WWUS84-RFWBMX,,2022
BMX,2022-09-27 19:12,2022-09-28 00:00,2022-09-27 19:12,202209280000,FW,C,W,1,NEW,ALZ026,1693.7833251953125,2022-09-27 19:12,,,,,False,,,,,,,202209271912-KBMX-WWUS84-RFWBMX,,2022
BMX,2022-09-29 17:00,2022-09-30 00:00,2022-09-29 07:59,202209300000,FW,C,W,3,CON,ALZ039,2547.490234375,2022-09-29 16:21,,,,,False,,,,,,,202209290759-KBMX-WWUS84-RFWBMX,,2022
BMX,2022-09-27 19:12,2022-09-28 00:00,2022-09-27 19:12,202209280000,FW,C,W,1,NEW,ALZ034,1622.5079345703125,2022-09-27 19:12,,,,,False,,,,,,,202209271912-KBMX-WWUS84-RFWBMX,,2022
BMX,2022-09-27 19:12,2022-09-28 00:00,2022-09-27 19:12,202209280000,FW,C,W,1,NEW,ALZ043,1703.42919921875,2022-09-27 19:12,,,,,False,,,,,,,202209271912-KBMX-WWUS84-RFWBMX,,2022
BMX,2022-09-27 19:12,2022-09-28 00:00,2022-09-27 19:12,202209280000,FW,C,W,1,NEW,ALZ025,2097.548828125,2022-09-27 19:12,,,,,False,,,,,,,202209271912-KBMX-WWUS84-RFWBMX,,2022
BMX,2022-09-27 19:12,2022-09-28 00:00,2022-09-27 19:12,202209280000,FW,C,W,1,NEW,ALZ049,1741.868896484375,2022-09-27 19:12,,,,,False,,,,,,,202209271912-KBMX-WWUS84-RFWBMX,,2022
BMX,2022-09-27 19:12,2022-09-28 00:00,2022-09-27 19:12,202209280000,FW,C,W,1,NEW,ALZ046,1623.1016845703125,2022-09-27 19:12,,,,,False,,,,,,,202209271912-KBMX-WWUS84-RFWBMX,,2022
BMX,2022-09-28 16:00,2022-09-27 19:12,2022-09-26 20:18,202209290000,FW,C,A,1,UPG,ALZ018,1421.5274658203125,2022-09-27 19:12,,,,,False,,,,,,,202209262018-KBMX-WWUS84-RFWBMX,08,2022
BMX,2022-09-28 16:00,2022-09-29 00:00,2022-09-27 19:12,202209290000,FW,C,W,2,CON,ALZ035,1816.022705078125,2022-09-28 19:18,,,,,False,,,,,,,202209271912-KBMX-WWUS84-RFWBMX,,2022
BMX,2022-09-28 16:00,2022-09-29 00:00,2022-09-27 19:12,202209290000,FW,C,W,2,CON,ALZ027,1969.8248291015625,2022-09-28 19:18,,,,,False,,,,,,,202209271912-KBMX-WWUS84-RFWBMX,,2022
BMX,2022-09-28 16:00,2022-09-27 19:12,2022-09-26 20:18,202209290000,FW,C,A,1,UPG,ALZ011,1926.4654541015625,2022-09-27 19:12,,,,,False,,,,,,,202209262018-KBMX-WWUS84-RFWBMX,08,2022
BMX,2022-09-28 16:00,2022-09-27 19:12,2022-09-26 20:18,202209290000,FW,C,A,1,UPG,ALZ020,1554.381103515625,2022-09-27 19:12,,,,,False,,,,,,,202209262018-KBMX-WWUS84-RFWBMX,08,2022
BMX,2022-09-28 16:00,2022-09-27 19:12,2022-09-26 20:18,202209290000,FW,C,A,1,UPG,ALZ035,1816.022705078125,2022-09-27 19:12,,,,,False,,,,,,,202209262018-KBMX-WWUS84-RFWBMX,08,2022
BMX,2022-09-28 16:00,2022-09-29 00:00,2022-09-27 19:12,202209290000,FW,C,W,2,CON,ALZ032,1701.257080078125,2022-09-28 19:18,,,,,False,,,,,,,202209271912-KBMX-WWUS84-RFWBMX,,2022
BMX,2022-09-28 16:00,2022-09-27 19:12,2022-09-26 20:18,202209290000,FW,C,A,1,UPG,ALZ048,1678.09423828125,2022-09-27 19:12,,,,,False,,,,,,,202209262018-KBMX-WWUS84-RFWBMX,08,2022
BMX,2022-09-28 16:00,2022-09-29 00:00,2022-09-27 19:12,202209290000,FW,C,W,2,CON,ALZ036,1726.8323974609375,2022-09-28 19:18,,,,,False,,,,,,,202209271912-KBMX-WWUS84-RFWBMX,,2022
BMX,2022-09-28 16:00,2022-09-29 00:00,2022-09-27 19:12,202209290000,FW,C,W,2,CON,ALZ012,1568.748779296875,2022-09-28 19:18,,,,,False,,,,,,,202209271912-KBMX-WWUS84-RFWBMX,,2022
BMX,2022-09-28 16:00,2022-09-29 00:00,2022-09-27 19:12,202209290000,FW,C,W,2,CON,ALZ047,1595.234619140625,2022-09-28 19:18,,,,,False,,,,,,,202209271912-KBMX-WWUS84-RFWBMX,,2022
BMX,2022-09-28 16:00,2022-09-27 19:12,2022-09-26 20:18,202209290000,FW,C,A,1,UPG,ALZ031,1710.0206298828125,2022-09-27 19:12,,,,,False,,,,,,,202209262018-KBMX-WWUS84-RFWBMX,08,2022
BMX,2022-09-28 16:00,2022-09-27 19:12,2022-09-26 20:18,202209290000,FW,C,A,1,UPG,ALZ013,1630.494384765625,2022-09-27 19:12,,,,,False,,,,,,,202209262018-KBMX-WWUS84-RFWBMX,08,2022
BMX,2022-09-28 16:00,2022-09-29 00:00,2022-09-27 19:12,202209290000,FW,C,W,2,CON,ALZ044,2072.488525390625,2022-09-28 19:18,,,,,False,,,,,,,202209271912-KBMX-WWUS84-RFWBMX,,2022
BMX,2022-09-28 16:00,2022-09-29 00:00,2022-09-27 19:12,202209290000,FW,C,W,2,CON,ALZ046,1623.1016845703125,2022-09-28 19:18,,,,,False,,,,,,,202209271912-KBMX-WWUS84-RFWBMX,,2022
BMX,2022-09-28 16:00,2022-09-27 19:12,2022-09-26 20:18,202209290000,FW,C,A,1,UPG,ALZ024,2911.994384765625,2022-09-27 19:12,,,,,False,,,,,,,202209262018-KBMX-WWUS84-RFWBMX,08,2022
BMX,2022-09-28 16:00,2022-09-27 19:12,2022-09-26 20:18,202209290000,FW,C,A,1,UPG,ALZ023,3501.330810546875,2022-09-27 19:12,,,,,False,,,,,,,202209262018-KBMX-WWUS84-RFWBMX,08,2022
BMX,2022-09-28 16:00,2022-09-27 19:12,2022-09-26 20:18,202209290000,FW,C,A,1,UPG,ALZ050,2343.586669921875,2022-09-27 19:12,,,,,False,,,,,,,202209262018-KBMX-WWUS84-RFWBMX,08,2022
BOX,2022-09-26 08:40,2022-09-27 00:00,2022-09-26 08:40,202209270000,SU,C,Y,5,EXP,RIZ007,279.32257080078125,2022-09-26 23:38,,,,,False,,,,,,,202209260840-KBOX-WHUS41-CFWBOX,,2022
BOX,2022-09-26 08:40,2022-09-27 00:00,2022-09-26 08:40,202209270000,SU,C,Y,5,EXP,RIZ006,882.6329956054688,2022-09-26 23:38,,,,,False,,,,,,,202209260840-KBOX-WHUS41-CFWBOX,,2022
BOX,2022-09-26 18:00,2022-09-27 00:00,2022-09-26 10:02,202209270000,SC,C,Y,87,EXP,ANZ231,1360.916259765625,2022-09-26 23:40,,,,,False,,,,,,,202209261002-KBOX-WHUS71-MWWBOX,Frank,2022
BOX,2022-09-26 18:00,2022-09-27 06:07,2022-09-26 10:02,202209270800,SC,C,Y,87,CAN,ANZ250,4585.5625,2022-09-27 06:07,,,,,False,,,,,,,202209261002-KBOX-WHUS71-MWWBOX,Frank,2022
BRO,2022-09-25 23:40,2022-09-26 00:45,2022-09-25 23:40,202209260045,FA,C,Y,61,NEW,TXC427,3189.42578125,2022-09-25 23:40,00000,N,ER,OO,False,,,,,,,202209252340-KBRO-WGUS84-FLSBRO,Bogorad,2022
BRO,2022-09-25 23:40,2022-09-26 00:45,2022-09-25 23:40,202209260045,FA,C,Y,61,NEW,TXC505,2744.9931640625,2022-09-25 23:40,00000,N,ER,OO,False,,,,,,,202209252340-KBRO-WGUS84-FLSBRO,Bogorad,2022
BRO,2022-09-27 19:33,2022-09-27 20:47,2022-09-27 19:33,202209272100,FA,C,Y,62,CAN,TXC061,2499.3369140625,2022-09-27 20:47,00000,N,ER,OO,False,,,,,,,202209271933-KBRO-WGUS84-FLSBRO,Mejia,2022
BRO,2022-09-27 20:24,2022-09-27 21:30,2022-09-27 20:24,202209272130,FA,C,Y,63,EXP,TXC489,1569.220947265625,2022-09-27 21:23,00000,N,ER,OO,False,,,,,,,202209272024-KBRO-WGUS84-FLSBRO,Farris,2022
BRO,2022-09-27 20:24,2022-09-27 21:30,2022-09-27 20:24,202209272130,FA,C,Y,63,EXP,TXC215,4106.61279296875,2022-09-27 21:23,00000,N,ER,OO,False,,,,,,,202209272024-KBRO-WGUS84-FLSBRO,Farris,2022
BRO,2022-09-29 22:00,2022-09-29 15:22,2022-09-29 08:24,202209300600,CF,C,Y,4,UPG,TXZ455,38.21071243286133,2022-09-29 15:22,,,,,False,,,,,,,202209290824-KBRO-WHUS44-CFWBRO,,2022
BRO,2022-09-29 22:00,2022-09-29 15:22,2022-09-29 08:24,202209300600,CF,C,Y,4,UPG,TXZ451,132.348388671875,2022-09-29 15:22,,,,,False,,,,,,,202209290824-KBRO-WHUS44-CFWBRO,,2022
CAE,2022-09-29 15:06,2022-09-30 20:52,2022-09-29 15:06,202210201506,TR,C,W,1009,CAN,SCZ025,1312.5177001953125,2022-09-30 20:52,,,,,False,,,,,,,202209291506-KCAE-WTUS82-TCVCAE,,2022
CAE,2022-09-29 15:06,2022-10-01 02:54,2022-09-29 15:06,202210201506,TR,C,W,1009,CAN,SCZ115,151.3517608642578,2022-10-01 02:54,,,,,False,,,,,,,202209291506-KCAE-WTUS82-TCVCAE,,2022
CAE,2022-09-29 15:06,2022-09-30 20:52,2022-09-29 15:06,202210201506,TR,C,W,1009,CAN,GAZ063,690.0634155273438,2022-09-30 20:52,,,,,False,,,,,,,202209291506-KCAE-WTUS82-TCVCAE,,2022
CAE,2022-09-29 15:06,2022-09-30 23:55,2022-09-29 15:06,202210201506,TR,C,W,1009,CAN,SCZ137,1207.5693359375,2022-09-30 23:55,,,,,False,,,,,,,202209291506-KCAE-WTUS82-TCVCAE,,2022
CAE,2022-09-29 15:06,2022-09-30 20:52,2022-09-29 15:06,202210201506,TR,C,W,1009,CAN,SCZ018,1020.402099609375,2022-09-30 20:52,,,,,False,,,,,,,202209291506-KCAE-WTUS82-TCVCAE,,2022
CAE,2022-09-29 15:06,2022-10-01 02:54,2022-09-29 15:06,202210201506,TR,C,W,1009,CAN,SCZ029,1065.5718994140625,2022-10-01 02:54,,,,,False,,,,,,,202209291506-KCAE-WTUS82-TCVCAE,,2022
CAE,2022-09-29 15:06,2022-09-30 20:52,2022-09-29 15:06,202210201506,TR,C,W,1009,CAN,GAZ040,666.4813842773438,2022-09-30 20:52,,,,,False,,,,,,,202209291506-KCAE-WTUS82-TCVCAE,,2022
BUF,2022-09-25 17:28,2022-09-28 10:39,2022-09-25 17:28,202209281200,SC,C,Y,91,CAN,LEZ040,342.593505859375,2022-09-28 10:39,,,,,False,,,,,,,202209251728-KBUF-WHUS71-MWWBUF,Hitchcock,2022
BUF,2022-09-25 20:18,2022-09-28 08:35,2022-09-25 20:18,202209281000,BH,C,S,20,CAN,NYZ019,2805.619140625,2022-09-28 08:35,,,,,False,,,,,,,202209252018-KBUF-WHUS41-CFWBUF,JLA,2022
BUF,2022-09-25 20:18,2022-09-28 08:35,2022-09-25 20:18,202209281000,BH,C,S,20,CAN,NYZ010,1183.924560546875,2022-09-28 08:35,,,,,False,,,,,,,202209252018-KBUF-WHUS41-CFWBUF,JLA,2022
BUF,2022-09-25 22:55,2022-09-26 00:00,2022-09-25 22:55,202209260000,MA,C,W,104,EXP,LEZ041,564.8111572265625,2022-09-25 23:56,,,,,False,,,,,,,202209252255-KBUF-WHUS51-SMWBUF,JLA,2022
BUF,2022-09-25 22:55,2022-09-25 23:28,2022-09-25 22:55,202209260000,MA,C,W,104,CAN,LEZ061,707.613525390625,2022-09-25 23:28,,,,,False,,,,,,,202209252255-KBUF-WHUS51-SMWBUF,JLA,2022
BUF,2022-09-26 07:40,2022-09-28 17:20,2022-09-26 07:40,202209281800,SC,C,Y,91,CAN,LOZ043,777.508544921875,2022-09-28 17:20,,,,,False,,,,,,,202209260740-KBUF-WHUS71-MWWBUF,,2022
BUF,2022-09-26 07:40,2022-09-28 17:20,2022-09-26 07:40,202209281800,SC,C,Y,91,CAN,LOZ044,544.9660034179688,2022-09-28 17:20,,,,,False,,,,,,,202209260740-KBUF-WHUS71-MWWBUF,,2022
BUF,2022-09-26 16:11,2022-09-26 17:45,2022-09-26 16:11,202209261745,MA,C,W,107,EXP,LEZ040,342.593505859375,2022-09-26 17:52,,,,,False,,,,,,,202209261611-KBUF-WHUS51-SMWBUF,Hitchcock,2022
BUF,2022-09-26 16:11,2022-09-26 17:45,2022-09-26 16:11,202209261745,MA,C,W,107,EXP,LEZ020,28.356008529663086,2022-09-26 17:52,,,,,False,,,,,,,202209261611-KBUF-WHUS51-SMWBUF,Hitchcock,2022
BUF,2022-09-26 19:19,2022-09-26 20:15,2022-09-26 19:19,202209262015,MA,C,W,108,CON,LOZ064,1372.054443359375,2022-09-26 19:54,,,,,False,,,,,,,202209261919-KBUF-WHUS51-SMWBUF,Mitchell,2022
BUF,2022-09-26 19:19,2022-09-26 20:15,2022-09-26 19:19,202209262015,MA,C,W,108,CON,LOZ065,519.845458984375,2022-09-26 19:54,,,,,False,,,,,,,202209261919-KBUF-WHUS51-SMWBUF,Mitchell,2022
BUF,2022-09-27 13:20,2022-09-27 17:33,2022-09-27 13:20,202209271915,FF,C,W,9,CAN,NYC075,2623.577880859375,2022-09-27 17:33,00000,0,ER,OO,False,,,,,,,202209271320-KBUF-WGUS51-FFWBUF,Hitchcock,2022
BUF,2022-09-27 13:20,2022-09-27 17:33,2022-09-27 13:20,202209271915,FF,C,W,9,CAN,NYC045,3312.803955078125,2022-09-27 17:33,00000,0,ER,OO,False,,,,,,,202209271320-KBUF-WGUS51-FFWBUF,Hitchcock,2022
BUF,2022-09-27 14:42,2022-09-27 16:45,2022-09-27 14:42,202209271645,MA,C,W,113,CON,LOZ044,544.9660034179688,2022-09-27 15:57,,,,,False,,,,,,,202209271442-KBUF-WHUS51-SMWBUF,Hitchcock,2022
BUF,2022-09-27 14:42,2022-09-27 16:45,2022-09-27 14:42,202209271645,MA,C,W,113,CON,LOZ045,758.1218872070312,2022-09-27 15:57,,,,,False,,,,,,,202209271442-KBUF-WHUS51-SMWBUF,Hitchcock,2022
BUF,2022-09-27 14:42,2022-09-27 16:45,2022-09-27 14:42,202209271645,MA,C,W,113,CON,LOZ043,777.508544921875,2022-09-27 15:57,,,,,False,,,,,,,202209271442-KBUF-WHUS51-SMWBUF,Hitchcock,2022
BUF,2022-09-27 15:48,2022-09-27 16:45,2022-09-27 15:48,202209271645,MA,C,W,114,NEW,LOZ042,860.3956909179688,2022-09-27 15:48,,,,,False,,,,,,,202209271548-KBUF-WHUS51-SMWBUF,Mitchell,2022
BUF,2022-09-27 15:48,2022-09-27 16:45,2022-09-27 15:48,202209271645,MA,C,W,114,NEW,LOZ063,2252.875732421875,2022-09-27 15:48,,,,,False,,,,,,,202209271548-KBUF-WHUS51-SMWBUF,Mitchell,2022
BUF,2022-09-27 15:48,2022-09-27 16:45,2022-09-27 15:48,202209271645,MA,C,W,114,NEW,LOZ062,1885.5247802734375,2022-09-27 15:48,,,,,False,,,,,,,202209271548-KBUF-WHUS51-SMWBUF,Mitchell,2022
BUF,2022-09-27 15:48,2022-09-27 16:45,2022-09-27 15:48,202209271645,MA,C,W,114,NEW,LOZ043,777.508544921875,2022-09-27 15:48,,,,,False,,,,,,,202209271548-KBUF-WHUS51-SMWBUF,Mitchell,2022
BUF,2022-09-27 16:44,2022-09-27 17:45,2022-09-27 16:44,202209271745,MA,C,W,115,EXP,LOZ044,544.9660034179688,2022-09-27 17:44,,,,,False,,,,,,,202209271644-KBUF-WHUS51-SMWBUF,Mitchell,2022
BUF,2022-09-27 16:44,2022-09-27 17:45,2022-09-27 16:44,202209271745,MA,C,W,115,EXP,LOZ064,1372.054443359375,2022-09-27 17:44,,,,,False,,,,,,,202209271644-KBUF-WHUS51-SMWBUF,Mitchell,2022
BUF,2022-09-28 00:11,2022-09-28 01:15,2022-09-28 00:11,202209280115,MA,C,W,116,EXP,LOZ044,544.9660034179688,2022-09-28 01:25,,,,,False,,,,,,,202209280011-KBUF-WHUS51-SMWBUF,RSH,2022
BUF,2022-09-28 00:11,2022-09-28 01:15,2022-09-28 00:11,202209280115,MA,C,W,116,EXP,LOZ045,758.1218872070312,2022-09-28 01:25,,,,,False,,,,,,,202209280011-KBUF-WHUS51-SMWBUF,RSH,2022
BUF,2022-09-28 00:11,2022-09-28 01:15,2022-09-28 00:11,202209280115,MA,C,W,116,EXP,LOZ064,1372.054443359375,2022-09-28 01:25,,,,,False,,,,,,,202209280011-KBUF-WHUS51-SMWBUF,RSH,2022
BUF,2022-09-28 00:11,2022-09-28 01:15,2022-09-28 00:11,202209280115,MA,C,W,116,EXP,LOZ065,519.845458984375,2022-09-28 01:25,,,,,False,,,,,,,202209280011-KBUF-WHUS51-SMWBUF,RSH,2022
CAE,2022-09-29 15:06,2022-09-30 20:52,2022-09-29 15:06,202210201506,TR,C,W,1009,CAN,GAZ064,797.4949951171875,2022-09-30 20:52,,,,,False,,,,,,,202209291506-KCAE-WTUS82-TCVCAE,,2022
CAE,2022-09-29 15:06,2022-09-30 20:52,2022-09-29 15:06,202210201506,TR,C,W,1009,CAN,SCZ035,1443.8671875,2022-09-30 20:52,,,,,False,,,,,,,202209291506-KCAE-WTUS82-TCVCAE,,2022
CAE,2022-09-29 15:06,2022-09-30 23:55,2022-09-29 15:06,202210201506,TR,C,W,1009,CAN,SCZ038,1802.5499267578125,2022-09-30 23:55,,,,,False,,,,,,,202209291506-KCAE-WTUS82-TCVCAE,,2022
ARX,2022-09-28 05:00,2022-09-28 13:00,2022-09-27 18:51,202209281300,FR,C,Y,5,EXP,MNZ095,2228.64111328125,2022-09-28 12:59,,,,,False,,,,,,,202209271851-KARX-WWUS73-NPWARX,,2022
ARX,2022-09-28 05:00,2022-09-28 13:00,2022-09-27 18:51,202209281300,FR,C,Y,5,EXP,IAZ011,1702.920166015625,2022-09-28 12:59,,,,,False,,,,,,,202209271851-KARX-WWUS73-NPWARX,,2022
ARX,2022-09-28 05:00,2022-09-28 13:00,2022-09-27 18:51,202209281300,FR,C,Y,5,EXP,WIZ053,2110.49951171875,2022-09-28 12:59,,,,,False,,,,,,,202209271851-KARX-WWUS73-NPWARX,,2022
ARX,2022-09-29 06:00,2022-09-29 13:00,2022-09-28 19:08,202209291300,FZ,C,W,2,EXP,WIZ034,2584.904052734375,2022-09-29 12:59,,,,,False,,,,,,,202209281908-KARX-WWUS73-NPWARX,KDS,2022
ARX,2022-09-29 06:00,2022-09-29 13:00,2022-09-28 19:08,202209291300,FZ,C,W,2,EXP,WIZ044,1779.5958251953125,2022-09-29 12:59,,,,,False,,,,,,,202209281908-KARX-WWUS73-NPWARX,KDS,2022
ARX,2022-09-29 06:00,2022-09-29 13:00,2022-09-28 19:08,202209291300,FR,C,Y,6,EXP,WIZ041,1240.6058349609375,2022-09-29 12:59,,,,,False,,,,,,,202209281908-KARX-WWUS73-NPWARX,KDS,2022
ARX,2022-09-29 06:00,2022-09-29 13:00,2022-09-28 19:08,202209291300,FR,C,Y,6,EXP,WIZ053,2110.49951171875,2022-09-29 12:59,,,,,False,,,,,,,202209281908-KARX-WWUS73-NPWARX,KDS,2022
ARX,2022-09-29 06:00,2022-09-29 13:00,2022-09-28 19:08,202209291300,FR,C,Y,6,EXP,MNZ088,1658.4881591796875,2022-09-29 12:59,,,,,False,,,,,,,202209281908-KARX-WWUS73-NPWARX,KDS,2022
ARX,2022-09-29 06:00,2022-09-29 13:00,2022-09-28 19:08,202209291300,FR,C,Y,6,EXP,WIZ055,1523.50244140625,2022-09-29 12:59,,,,,False,,,,,,,202209281908-KARX-WWUS73-NPWARX,KDS,2022
ARX,2022-09-29 06:00,2022-09-29 13:00,2022-09-28 19:08,202209291300,FR,C,Y,6,EXP,MNZ096,1470.70654296875,2022-09-29 12:59,,,,,False,,,,,,,202209281908-KARX-WWUS73-NPWARX,KDS,2022
ARX,2022-09-29 06:00,2022-09-29 13:00,2022-09-28 19:08,202209291300,FR,C,Y,6,EXP,IAZ030,2049.748291015625,2022-09-29 12:59,,,,,False,,,,,,,202209281908-KARX-WWUS73-NPWARX,KDS,2022
BGM,2022-09-24 04:00,2022-09-24 12:00,2022-09-23 06:53,202209241200,FR,C,Y,4,EXP,NYZ057,3796.243896484375,2022-09-24 12:14,,,,,False,,,,,,,202209230653-KBGM-WWUS71-NPWBGM,,2022
BGM,2022-09-24 04:00,2022-09-24 12:00,2022-09-23 18:40,202209241200,FR,C,Y,4,EXP,PAZ038,3002.6376953125,2022-09-24 12:14,,,,,False,,,,,,,202209231840-KBGM-WWUS71-NPWBGM,,2022
BGM,2022-09-24 04:00,2022-09-24 12:00,2022-09-23 06:53,202209241200,FR,C,Y,4,EXP,NYZ046,2624.74755859375,2022-09-24 12:14,,,,,False,,,,,,,202209230653-KBGM-WWUS71-NPWBGM,,2022
BGM,2022-09-25 20:49,2022-09-25 20:57,2022-09-25 20:49,202209252130,SV,C,W,152,CAN,PAC127,1941.0068359375,2022-09-25 20:57,,,,,False,,,,,,,202209252049-KBGM-WUUS51-SVRBGM,BTL,2022
CLE,2022-09-25 15:53,2022-09-25 17:19,2022-09-25 15:53,202209251800,MA,C,W,59,CAN,LEZ166,1599.818359375,2022-09-25 17:19,,,,,False,,,,,,,202209251553-KCLE-WHUS51-SMWCLE,Sefcovic,2022
BMX,2022-09-28 16:00,2022-09-29 00:00,2022-09-27 19:12,202209290000,FW,C,W,2,CON,ALZ034,1622.5079345703125,2022-09-28 19:18,,,,,False,,,,,,,202209271912-KBMX-WWUS84-RFWBMX,,2022
BMX,2022-09-28 16:00,2022-09-27 19:12,2022-09-26 20:18,202209290000,FW,C,A,1,UPG,ALZ042,1879.1204833984375,2022-09-27 19:12,,,,,False,,,,,,,202209262018-KBMX-WWUS84-RFWBMX,08,2022
BMX,2022-09-28 16:00,2022-09-27 19:12,2022-09-26 20:18,202209290000,FW,C,A,1,UPG,ALZ045,1589.4276123046875,2022-09-27 19:12,,,,,False,,,,,,,202209262018-KBMX-WWUS84-RFWBMX,08,2022
BMX,2022-09-28 16:00,2022-09-27 19:12,2022-09-26 20:18,202209290000,FW,C,A,1,UPG,ALZ015,2086.338623046875,2022-09-27 19:12,,,,,False,,,,,,,202209262018-KBMX-WWUS84-RFWBMX,08,2022
BMX,2022-09-28 16:00,2022-09-27 19:12,2022-09-26 20:18,202209290000,FW,C,A,1,UPG,ALZ037,1985.4886474609375,2022-09-27 19:12,,,,,False,,,,,,,202209262018-KBMX-WWUS84-RFWBMX,08,2022
BMX,2022-09-28 16:00,2022-09-27 19:12,2022-09-26 20:18,202209290000,FW,C,A,1,UPG,ALZ036,1726.8323974609375,2022-09-27 19:12,,,,,False,,,,,,,202209262018-KBMX-WWUS84-RFWBMX,08,2022
BMX,2022-09-28 16:00,2022-09-27 19:12,2022-09-26 20:18,202209290000,FW,C,A,1,UPG,ALZ030,2366.8173828125,2022-09-27 19:12,,,,,False,,,,,,,202209262018-KBMX-WWUS84-RFWBMX,08,2022
BMX,2022-09-28 16:00,2022-09-29 00:00,2022-09-27 19:12,202209290000,FW,C,W,2,CON,ALZ031,1710.0206298828125,2022-09-28 19:18,,,,,False,,,,,,,202209271912-KBMX-WWUS84-RFWBMX,,2022
BMX,2022-09-28 16:00,2022-09-27 19:12,2022-09-26 20:18,202209290000,FW,C,A,1,UPG,ALZ046,1623.1016845703125,2022-09-27 19:12,,,,,False,,,,,,,202209262018-KBMX-WWUS84-RFWBMX,08,2022
BMX,2022-09-28 16:00,2022-09-29 00:00,2022-09-27 19:12,202209290000,FW,C,W,2,CON,ALZ038,1563.0845947265625,2022-09-28 19:18,,,,,False,,,,,,,202209271912-KBMX-WWUS84-RFWBMX,,2022
BMX,2022-09-28 16:00,2022-09-29 00:00,2022-09-27 19:12,202209290000,FW,C,W,2,CON,ALZ030,2366.8173828125,2022-09-28 19:18,,,,,False,,,,,,,202209271912-KBMX-WWUS84-RFWBMX,,2022
BMX,2022-09-28 16:00,2022-09-29 00:00,2022-09-27 19:12,202209290000,FW,C,W,2,CON,ALZ022,2306.282470703125,2022-09-28 19:18,,,,,False,,,,,,,202209271912-KBMX-WWUS84-RFWBMX,,2022
BMX,2022-09-28 16:00,2022-09-29 00:00,2022-09-27 19:12,202209290000,FW,C,W,2,CON,ALZ043,1703.42919921875,2022-09-28 19:18,,,,,False,,,,,,,202209271912-KBMX-WWUS84-RFWBMX,,2022
BMX,2022-09-28 16:00,2022-09-29 00:00,2022-09-27 19:12,202209290000,FW,C,W,2,CON,ALZ033,1876.53662109375,2022-09-28 19:18,,,,,False,,,,,,,202209271912-KBMX-WWUS84-RFWBMX,,2022
BMX,2022-09-28 16:00,2022-09-27 19:12,2022-09-26 20:18,202209290000,FW,C,A,1,UPG,ALZ041,1566.3426513671875,2022-09-27 19:12,,,,,False,,,,,,,202209262018-KBMX-WWUS84-RFWBMX,08,2022
BMX,2022-09-28 16:00,2022-09-27 19:12,2022-09-26 20:18,202209290000,FW,C,A,1,UPG,ALZ049,1741.868896484375,2022-09-27 19:12,,,,,False,,,,,,,202209262018-KBMX-WWUS84-RFWBMX,08,2022
BMX,2022-09-28 16:00,2022-09-29 00:00,2022-09-27 19:12,202209290000,FW,C,W,2,CON,ALZ041,1566.3426513671875,2022-09-28 19:18,,,,,False,,,,,,,202209271912-KBMX-WWUS84-RFWBMX,,2022
BMX,2022-09-28 16:00,2022-09-29 00:00,2022-09-27 19:12,202209290000,FW,C,W,2,CON,ALZ049,1741.868896484375,2022-09-28 19:18,,,,,False,,,,,,,202209271912-KBMX-WWUS84-RFWBMX,,2022
BMX,2022-09-28 16:00,2022-09-29 00:00,2022-09-27 19:12,202209290000,FW,C,W,2,CON,ALZ015,2086.338623046875,2022-09-28 19:18,,,,,False,,,,,,,202209271912-KBMX-WWUS84-RFWBMX,,2022
BMX,2022-09-28 16:00,2022-09-29 00:00,2022-09-27 19:12,202209290000,FW,C,W,2,CON,ALZ042,1879.1204833984375,2022-09-28 19:18,,,,,False,,,,,,,202209271912-KBMX-WWUS84-RFWBMX,,2022
BMX,2022-09-28 16:00,2022-09-27 19:12,2022-09-26 20:18,202209290000,FW,C,A,1,UPG,ALZ033,1876.53662109375,2022-09-27 19:12,,,,,False,,,,,,,202209262018-KBMX-WWUS84-RFWBMX,08,2022
BMX,2022-09-28 16:00,2022-09-29 00:00,2022-09-27 19:12,202209290000,FW,C,W,2,CON,ALZ029,1513.5765380859375,2022-09-28 19:18,,,,,False,,,,,,,202209271912-KBMX-WWUS84-RFWBMX,,2022
BMX,2022-09-28 16:00,2022-09-29 00:00,2022-09-27 19:12,202209290000,FW,C,W,2,CON,ALZ017,1685.5367431640625,2022-09-28 19:18,,,,,False,,,,,,,202209271912-KBMX-WWUS84-RFWBMX,,2022
BMX,2022-09-28 16:00,2022-09-27 19:12,2022-09-26 20:18,202209290000,FW,C,A,1,UPG,ALZ012,1568.748779296875,2022-09-27 19:12,,,,,False,,,,,,,202209262018-KBMX-WWUS84-RFWBMX,08,2022
BMX,2022-09-28 16:00,2022-09-29 00:00,2022-09-27 19:12,202209290000,FW,C,W,2,CON,ALZ023,3501.330810546875,2022-09-28 19:18,,,,,False,,,,,,,202209271912-KBMX-WWUS84-RFWBMX,,2022
BMX,2022-09-28 16:00,2022-09-29 00:00,2022-09-27 19:12,202209290000,FW,C,W,2,CON,ALZ021,1453.9110107421875,2022-09-28 19:18,,,,,False,,,,,,,202209271912-KBMX-WWUS84-RFWBMX,,2022
BMX,2022-09-28 16:00,2022-09-27 19:12,2022-09-26 20:18,202209290000,FW,C,A,1,UPG,ALZ022,2306.282470703125,2022-09-27 19:12,,,,,False,,,,,,,202209262018-KBMX-WWUS84-RFWBMX,08,2022
BMX,2022-09-28 16:00,2022-09-27 19:12,2022-09-26 20:18,202209290000,FW,C,A,1,UPG,ALZ025,2097.548828125,2022-09-27 19:12,,,,,False,,,,,,,202209262018-KBMX-WWUS84-RFWBMX,08,2022
BMX,2022-09-28 16:00,2022-09-27 19:12,2022-09-26 20:18,202209290000,FW,C,A,1,UPG,ALZ021,1453.9110107421875,2022-09-27 19:12,,,,,False,,,,,,,202209262018-KBMX-WWUS84-RFWBMX,08,2022
BMX,2022-09-29 17:00,2022-09-29 07:59,2022-09-28 19:18,202209300000,FW,C,A,2,UPG,ALZ040,2574.60107421875,2022-09-29 07:59,,,,,False,,,,,,,202209281918-KBMX-WWUS84-RFWBMX,,2022
BMX,2022-09-29 17:00,2022-09-30 00:00,2022-09-29 07:59,202209300000,FW,C,W,3,CON,ALZ031,1710.0206298828125,2022-09-29 16:21,,,,,False,,,,,,,202209290759-KBMX-WWUS84-RFWBMX,,2022
BMX,2022-09-29 17:00,2022-09-29 07:59,2022-09-28 19:18,202209300000,FW,C,A,2,UPG,ALZ042,1879.1204833984375,2022-09-29 07:59,,,,,False,,,,,,,202209281918-KBMX-WWUS84-RFWBMX,,2022
BMX,2022-09-29 17:00,2022-09-29 07:59,2022-09-28 19:18,202209300000,FW,C,A,2,UPG,ALZ035,1816.022705078125,2022-09-29 07:59,,,,,False,,,,,,,202209281918-KBMX-WWUS84-RFWBMX,,2022
BMX,2022-09-29 17:00,2022-09-29 07:59,2022-09-28 19:18,202209300000,FW,C,A,2,UPG,ALZ036,1726.8323974609375,2022-09-29 07:59,,,,,False,,,,,,,202209281918-KBMX-WWUS84-RFWBMX,,2022
BMX,2022-09-29 17:00,2022-09-29 07:59,2022-09-28 19:18,202209300000,FW,C,A,2,UPG,ALZ041,1566.3426513671875,2022-09-29 07:59,,,,,False,,,,,,,202209281918-KBMX-WWUS84-RFWBMX,,2022
BMX,2022-09-29 17:00,2022-09-29 07:59,2022-09-28 19:18,202209300000,FW,C,A,2,UPG,ALZ039,2547.490234375,2022-09-29 07:59,,,,,False,,,,,,,202209281918-KBMX-WWUS84-RFWBMX,,2022
BMX,2022-09-29 17:00,2022-09-30 00:00,2022-09-29 07:59,202209300000,FW,C,W,3,CON,ALZ036,1726.8323974609375,2022-09-29 16:21,,,,,False,,,,,,,202209290759-KBMX-WWUS84-RFWBMX,,2022
BMX,2022-09-29 17:00,2022-09-30 00:00,2022-09-29 07:59,202209300000,FW,C,W,3,CON,ALZ033,1876.53662109375,2022-09-29 16:21,,,,,False,,,,,,,202209290759-KBMX-WWUS84-RFWBMX,,2022
BMX,2022-09-29 17:00,2022-09-30 00:00,2022-09-29 07:59,202209300000,FW,C,W,3,CON,ALZ032,1701.257080078125,2022-09-29 16:21,,,,,False,,,,,,,202209290759-KBMX-WWUS84-RFWBMX,,2022
BOX,2022-09-26 05:28,2022-09-26 06:15,2022-09-26 05:28,202209260615,MA,C,W,71,NEW,ANZ233,238.53062438964844,2022-09-26 05:28,,,,,False,,,,,,,202209260528-KBOX-WHUS51-SMWBOX,RM,2022
BOX,2022-09-26 05:28,2022-09-26 06:15,2022-09-26 05:28,202209260615,MA,C,W,71,NEW,ANZ232,1629.278076171875,2022-09-26 05:28,,,,,False,,,,,,,202209260528-KBOX-WHUS51-SMWBOX,RM,2022
BOX,2022-09-26 06:20,2022-09-26 07:45,2022-09-26 06:20,202209260745,MA,C,W,72,NEW,ANZ231,1360.916259765625,2022-09-26 06:20,,,,,False,,,,,,,202209260620-KBOX-WHUS51-SMWBOX,Frank,2022
BOX,2022-09-26 06:20,2022-09-26 07:45,2022-09-26 06:20,202209260745,MA,C,W,72,NEW,ANZ232,1629.278076171875,2022-09-26 06:20,,,,,False,,,,,,,202209260620-KBOX-WHUS51-SMWBOX,Frank,2022
BOX,2022-09-26 06:20,2022-09-26 07:45,2022-09-26 06:20,202209260745,MA,C,W,72,NEW,ANZ254,4676.10205078125,2022-09-26 06:20,,,,,False,,,,,,,202209260620-KBOX-WHUS51-SMWBOX,Frank,2022
BOX,2022-09-26 06:20,2022-09-26 07:45,2022-09-26 06:20,202209260745,MA,C,W,72,NEW,ANZ271,4577.08935546875,2022-09-26 06:20,,,,,False,,,,,,,202209260620-KBOX-WHUS51-SMWBOX,Frank,2022
BOX,2022-09-26 08:40,2022-09-27 00:00,2022-09-26 08:40,202209270000,SU,C,Y,5,EXP,MAZ020,703.11572265625,2022-09-26 23:38,,,,,False,,,,,,,202209260840-KBOX-WHUS41-CFWBOX,,2022
BOX,2022-09-26 08:40,2022-09-27 00:00,2022-09-26 08:40,202209270000,SU,C,Y,5,EXP,RIZ008,28.338668823242188,2022-09-26 23:38,,,,,False,,,,,,,202209260840-KBOX-WHUS41-CFWBOX,,2022
BOX,2022-09-26 08:40,2022-09-27 00:00,2022-09-26 08:40,202209270000,SU,C,Y,5,EXP,MAZ023,280.2862243652344,2022-09-26 23:38,,,,,False,,,,,,,202209260840-KBOX-WHUS41-CFWBOX,,2022
BOX,2022-09-26 08:40,2022-09-27 00:00,2022-09-26 08:40,202209270000,SU,C,Y,5,EXP,MAZ024,127.18858337402344,2022-09-26 23:38,,,,,False,,,,,,,202209260840-KBOX-WHUS41-CFWBOX,,2022
BRO,2022-09-29 00:00,2022-09-30 00:00,2022-09-28 20:35,202209300000,SC,C,Y,67,EXP,GMZ150,2725.5673828125,2022-09-30 00:15,,,,,False,,,,,,,202209282035-KBRO-WHUS74-MWWBRO,52/BSG,2022
BRO,2022-09-28 12:00,2022-10-01 08:41,2022-09-28 08:43,202209300000,RP,C,S,38,CAN,TXZ451,132.348388671875,2022-10-01 08:41,,,,,False,,,,,,,202209280843-KBRO-WHUS44-CFWBRO,,2022
BRO,2022-09-28 12:00,2022-10-01 08:41,2022-09-28 08:43,202209300000,RP,C,S,38,CAN,TXZ455,38.21071243286133,2022-10-01 08:41,,,,,False,,,,,,,202209280843-KBRO-WHUS44-CFWBRO,,2022
BRO,2022-09-28 12:00,2022-10-01 08:41,2022-09-28 08:43,202209300000,RP,C,S,38,CAN,TXZ454,34.71246337890625,2022-10-01 08:41,,,,,False,,,,,,,202209280843-KBRO-WHUS44-CFWBRO,,2022
BRO,2022-09-28 18:00,2022-09-30 14:12,2022-09-28 08:32,202209300000,SC,C,Y,67,CAN,GMZ175,4908.16259765625,2022-09-30 14:12,,,,,False,,,,,,,202209280832-KBRO-WHUS74-MWWBRO,,2022
BRO,2022-09-28 18:00,2022-09-30 14:12,2022-09-28 08:32,202209300000,SC,C,Y,67,CAN,GMZ170,5359.564453125,2022-09-30 14:12,,,,,False,,,,,,,202209280832-KBRO-WHUS74-MWWBRO,,2022
BRO,2022-09-28 22:00,2022-09-29 03:00,2022-09-28 08:43,202209290300,CF,C,S,10,CON,TXZ451,132.348388671875,2022-09-28 20:27,,,,,False,,,,,,,202209280843-KBRO-WHUS44-CFWBRO,,2022
BRO,2022-09-28 22:00,2022-09-29 03:00,2022-09-28 08:43,202209290300,CF,C,S,10,CON,TXZ454,34.71246337890625,2022-09-28 20:27,,,,,False,,,,,,,202209280843-KBRO-WHUS44-CFWBRO,,2022
BRO,2022-09-28 22:00,2022-09-29 03:00,2022-09-28 08:43,202209290300,CF,C,S,10,CON,TXZ455,38.21071243286133,2022-09-28 20:27,,,,,False,,,,,,,202209280843-KBRO-WHUS44-CFWBRO,,2022
BRO,2022-09-29 00:00,2022-09-30 00:00,2022-09-28 20:35,202209300000,SC,C,Y,67,EXP,GMZ155,2776.372802734375,2022-09-30 00:15,,,,,False,,,,,,,202209282035-KBRO-WHUS74-MWWBRO,52/BSG,2022
BRO,2022-09-29 15:22,2022-09-30 06:00,2022-09-29 15:22,202209300600,CF,C,W,1,EXP,TXZ454,34.71246337890625,2022-09-30 05:55,,,,,False,,,,,,,202209291522-KBRO-WHUS44-CFWBRO,,2022
BRO,2022-09-29 15:22,2022-09-30 06:00,2022-09-29 15:22,202209300600,CF,C,W,1,EXP,TXZ455,38.21071243286133,2022-09-30 05:55,,,,,False,,,,,,,202209291522-KBRO-WHUS44-CFWBRO,,2022
BRO,2022-09-29 22:00,2022-09-29 15:22,2022-09-29 08:24,202209300600,CF,C,Y,4,UPG,TXZ454,34.71246337890625,2022-09-29 15:22,,,,,False,,,,,,,202209290824-KBRO-WHUS44-CFWBRO,,2022
CHS,2022-09-29 15:16,2022-09-30 20:58,2022-09-29 15:16,202210201516,HU,C,W,1009,CAN,SCZ049,473.7450866699219,2022-09-30 20:58,,,,,False,,,,,,,202209291516-KCHS-WTUS82-TCVCHS,,2022
BUF,2022-09-26 20:03,2022-09-27 21:51,2022-09-26 20:03,202209272200,BH,C,S,20,CAN,NYZ002,1016.412841796875,2022-09-27 21:51,,,,,False,,,,,,,202209262003-KBUF-WHUS41-CFWBUF,jla,2022
BUF,2022-09-26 21:57,2022-09-26 22:15,2022-09-26 21:57,202209262215,MA,C,W,111,EXP,LEZ041,564.8111572265625,2022-09-26 22:16,,,,,False,,,,,,,202209262157-KBUF-WHUS51-SMWBUF,Mitchell,2022
BUF,2022-09-26 20:16,2022-09-26 20:50,2022-09-26 20:16,202209262100,MA,C,W,109,CAN,LOZ045,758.1218872070312,2022-09-26 20:50,,,,,False,,,,,,,202209262016-KBUF-WHUS51-SMWBUF,Mitchell,2022
BUF,2022-09-26 20:54,2022-09-26 21:42,2022-09-26 20:54,202209262200,MA,C,W,110,CAN,SLZ024,72.01929473876953,2022-09-26 21:42,,,,,False,,,,,,,202209262054-KBUF-WHUS51-SMWBUF,Mitchell,2022
BUF,2022-09-26 20:54,2022-09-26 21:42,2022-09-26 20:54,202209262200,MA,C,W,110,CAN,SLZ022,175.2192840576172,2022-09-26 21:42,,,,,False,,,,,,,202209262054-KBUF-WHUS51-SMWBUF,Mitchell,2022
BUF,2022-09-26 21:45,2022-09-27 12:00,2022-09-26 21:45,202209271200,SC,C,Y,91,CON,SLZ024,72.01929473876953,2022-09-27 08:50,,,,,False,,,,,,,202209262145-KBUF-WHUS71-MWWBUF,JLA,2022
BUF,2022-09-26 21:45,2022-09-27 12:00,2022-09-26 21:45,202209271200,SC,C,Y,91,CON,SLZ022,175.2192840576172,2022-09-27 08:50,,,,,False,,,,,,,202209262145-KBUF-WHUS71-MWWBUF,JLA,2022
BUF,2022-09-26 22:53,2022-09-26 23:45,2022-09-26 22:53,202209262345,MA,C,W,112,EXP,LEZ061,707.613525390625,2022-09-26 23:48,,,,,False,,,,,,,202209262253-KBUF-WHUS51-SMWBUF,Thomas,2022
BUF,2022-09-27 05:00,2022-09-28 07:55,2022-09-26 18:45,202209280900,FA,C,A,4,CAN,NYZ006,2623.580078125,2022-09-28 07:55,00000,0,ER,OO,False,,,,,,,202209261845-KBUF-WGUS61-FFABUF,Hitchcock,2022
BUF,2022-09-27 05:00,2022-09-28 07:55,2022-09-26 18:45,202209280900,FA,C,A,4,CAN,NYZ008,3334.0400390625,2022-09-28 07:55,00000,0,ER,OO,False,,,,,,,202209261845-KBUF-WGUS61-FFABUF,Hitchcock,2022
BUF,2022-09-27 05:00,2022-09-28 07:55,2022-09-26 18:45,202209280900,FA,C,A,4,CAN,NYZ007,3312.804443359375,2022-09-28 07:55,00000,0,ER,OO,False,,,,,,,202209261845-KBUF-WGUS61-FFABUF,Hitchcock,2022
BUF,2022-09-27 14:42,2022-09-27 16:45,2022-09-27 14:42,202209271645,MA,C,W,113,CON,LOZ064,1372.054443359375,2022-09-27 15:57,,,,,False,,,,,,,202209271442-KBUF-WHUS51-SMWBUF,Hitchcock,2022
BUF,2022-09-27 14:42,2022-09-27 16:45,2022-09-27 14:42,202209271645,MA,C,W,113,CON,LOZ063,2252.875732421875,2022-09-27 15:57,,,,,False,,,,,,,202209271442-KBUF-WHUS51-SMWBUF,Hitchcock,2022
CAE,2022-09-28 21:04,2022-09-29 15:06,2022-09-28 21:04,202210192104,TR,C,A,1009,UPG,SCZ135,571.0055541992188,2022-09-29 15:06,,,,,False,,,,,,,202209282104-KCAE-WTUS82-TCVCAE,,2022
CAE,2022-09-28 21:04,2022-09-29 15:06,2022-09-28 21:04,202210192104,TR,C,A,1009,UPG,SCZ136,1144.218505859375,2022-09-29 15:06,,,,,False,,,,,,,202209282104-KCAE-WTUS82-TCVCAE,,2022
CAE,2022-09-28 21:04,2022-09-29 15:06,2022-09-28 21:04,202210192104,TR,C,A,1009,UPG,SCZ018,1020.402099609375,2022-09-29 15:06,,,,,False,,,,,,,202209282104-KCAE-WTUS82-TCVCAE,,2022
CAE,2022-09-29 15:06,2022-10-01 02:54,2022-09-29 15:06,202210201506,TR,C,W,1009,CAN,SCZ016,2086.997314453125,2022-10-01 02:54,,,,,False,,,,,,,202209291506-KCAE-WTUS82-TCVCAE,,2022
CLE,2022-09-26 00:21,2022-09-26 03:53,2022-09-26 00:21,202209260415,FA,C,Y,93,CAN,PAC049,2079.383056640625,2022-09-26 03:53,00000,N,ER,OO,False,,,,,,,202209260021-KCLE-WGUS81-FLSCLE,26,2022
CAE,2022-09-29 15:06,2022-10-01 02:54,2022-09-29 15:06,202210201506,TR,C,W,1009,CAN,SCZ031,1766.9080810546875,2022-10-01 02:54,,,,,False,,,,,,,202209291506-KCAE-WTUS82-TCVCAE,,2022
CAR,2022-09-24 03:00,2022-09-25 01:55,2022-09-23 07:13,202209250300,SU,C,Y,2,CAN,MEZ030,1978.45703125,2022-09-25 01:55,,,,,False,,,,,,,202209230713-KCAR-WHUS41-CFWCAR,Buster,2022
CAR,2022-09-24 04:00,2022-09-24 19:45,2022-09-23 07:22,202209250000,HW,C,W,4,CAN,MEZ006,4153.1806640625,2022-09-24 19:45,,,,,False,,,,,,,202209230722-KCAR-WWUS71-NPWCAR,,2022
CAR,2022-09-24 04:00,2022-09-23 07:22,2022-09-22 19:02,202209250000,HW,C,A,4,UPG,MEZ030,1978.45703125,2022-09-23 07:22,,,,,False,,,,,,,202209221902-KCAR-WWUS71-NPWCAR,,2022
CAR,2022-09-24 04:00,2022-09-23 07:22,2022-09-22 19:02,202209250000,HW,C,A,4,UPG,MEZ016,2456.4462890625,2022-09-23 07:22,,,,,False,,,,,,,202209221902-KCAR-WWUS71-NPWCAR,,2022
CAR,2022-09-24 04:00,2022-09-23 07:22,2022-09-22 19:02,202209250000,HW,C,A,4,UPG,MEZ029,1916.6795654296875,2022-09-23 07:22,,,,,False,,,,,,,202209221902-KCAR-WWUS71-NPWCAR,,2022
CAR,2022-09-24 04:00,2022-09-23 07:22,2022-09-22 19:02,202209250000,HW,C,A,4,UPG,MEZ032,1622.9295654296875,2022-09-23 07:22,,,,,False,,,,,,,202209221902-KCAR-WWUS71-NPWCAR,,2022
CAR,2022-09-24 04:00,2022-09-23 07:22,2022-09-22 19:02,202209250000,HW,C,A,4,UPG,MEZ017,3567.506591796875,2022-09-23 07:22,,,,,False,,,,,,,202209221902-KCAR-WWUS71-NPWCAR,,2022
CAR,2022-09-24 04:00,2022-09-24 19:45,2022-09-23 07:22,202209250000,HW,C,W,4,CAN,MEZ011,2730.18115234375,2022-09-24 19:45,,,,,False,,,,,,,202209230722-KCAR-WWUS71-NPWCAR,,2022
CAR,2022-09-24 04:00,2022-09-24 19:45,2022-09-23 07:22,202209250000,HW,C,W,4,CAN,MEZ032,1622.9295654296875,2022-09-24 19:45,,,,,False,,,,,,,202209230722-KCAR-WWUS71-NPWCAR,,2022
CAR,2022-09-24 04:00,2022-09-23 07:22,2022-09-22 19:02,202209250000,HW,C,A,4,UPG,MEZ011,2730.18115234375,2022-09-23 07:22,,,,,False,,,,,,,202209221902-KCAR-WWUS71-NPWCAR,,2022
CAR,2022-09-24 19:45,2022-09-24 22:25,2022-09-24 19:45,202209250000,WI,C,Y,7,CAN,MEZ006,4153.1806640625,2022-09-24 22:25,,,,,False,,,,,,,202209241945-KCAR-WWUS71-NPWCAR,,2022
CAR,2022-09-24 04:00,2022-09-23 07:22,2022-09-22 19:02,202209250000,HW,C,A,4,UPG,MEZ005,2971.081787109375,2022-09-23 07:22,,,,,False,,,,,,,202209221902-KCAR-WWUS71-NPWCAR,,2022
CHS,2022-09-28 03:16,2022-09-29 15:16,2022-09-28 03:16,202210190316,TR,C,W,1009,UPG,SCZ052,307.99188232421875,2022-09-29 15:16,,,,,False,,,,,,,202209280316-KCHS-WTUS82-TCVCHS,,2022
CHS,2022-09-28 03:16,2022-09-30 20:58,2022-09-28 03:16,202210190316,TR,C,W,1009,CAN,GAZ118,593.7193603515625,2022-09-30 20:58,,,,,False,,,,,,,202209280316-KCHS-WTUS82-TCVCHS,,2022
CHS,2022-09-28 15:16,2022-09-29 03:07,2022-09-28 15:16,202210191516,TR,C,A,1009,UPG,SCZ042,1457.746337890625,2022-09-29 03:07,,,,,False,,,,,,,202209281516-KCHS-WTUS82-TCVCHS,,2022
CHS,2022-09-28 15:16,2022-09-30 03:00,2022-09-28 15:16,202210191516,HU,C,A,1009,CAN,GAZ138,1229.3018798828125,2022-09-30 03:00,,,,,False,,,,,,,202209281516-KCHS-WTUS82-TCVCHS,,2022
CHS,2022-09-28 15:16,2022-09-30 03:00,2022-09-28 15:16,202210191516,HU,C,A,1009,CAN,GAZ116,1039.1978759765625,2022-09-30 03:00,,,,,False,,,,,,,202209281516-KCHS-WTUS82-TCVCHS,,2022
CHS,2022-09-28 15:16,2022-09-30 08:56,2022-09-28 15:16,202210191516,TR,C,A,1009,UPG,GAZ100,1785.333984375,2022-09-30 08:56,,,,,False,,,,,,,202209281516-KCHS-WTUS82-TCVCHS,,2022
CHS,2022-09-28 15:16,2022-09-30 20:58,2022-09-28 15:16,202210191516,SS,C,W,1009,CAN,SCZ050,2561.243896484375,2022-09-30 20:58,,,,,False,,,,,,,202209281516-KCHS-WTUS82-TCVCHS,,2022
CHS,2022-09-28 15:16,2022-09-30 15:17,2022-09-28 15:16,202210191516,SS,C,W,1009,CAN,GAZ141,510.72686767578125,2022-09-30 15:17,,,,,False,,,,,,,202209281516-KCHS-WTUS82-TCVCHS,,2022
CHS,2022-09-28 15:16,2022-09-30 15:17,2022-09-28 15:16,202210191516,SS,C,W,1009,CAN,GAZ117,115.85345458984375,2022-09-30 15:17,,,,,False,,,,,,,202209281516-KCHS-WTUS82-TCVCHS,,2022
CHS,2022-09-28 15:16,2022-09-30 08:56,2022-09-28 15:16,202210191516,TR,C,A,1009,UPG,SCZ040,1069.1287841796875,2022-09-30 08:56,,,,,False,,,,,,,202209281516-KCHS-WTUS82-TCVCHS,,2022
CHS,2022-09-29 15:10,2022-09-30 21:02,2022-09-29 15:10,202210201510,HU,C,W,1009,CAN,AMZ354,3008.945068359375,2022-09-30 21:02,,,,,False,,,,,,,202209291510-KCHS-WHUS72-MWWCHS,,2022
CHS,2022-09-28 12:00,2022-10-01 00:00,2022-09-27 21:18,202209300000,RP,C,S,6,EXP,GAZ139,147.54722595214844,2022-10-01 00:03,,,,,False,,,,,,,202209272118-KCHS-WHUS42-CFWCHS,,2022
BMX,2022-09-28 16:00,2022-09-29 00:00,2022-09-27 19:12,202209290000,FW,C,W,2,CON,ALZ039,2547.490234375,2022-09-28 19:18,,,,,False,,,,,,,202209271912-KBMX-WWUS84-RFWBMX,,2022
BMX,2022-09-28 16:00,2022-09-27 19:12,2022-09-26 20:18,202209290000,FW,C,A,1,UPG,ALZ027,1969.8248291015625,2022-09-27 19:12,,,,,False,,,,,,,202209262018-KBMX-WWUS84-RFWBMX,08,2022
BMX,2022-09-28 16:00,2022-09-27 19:12,2022-09-26 20:18,202209290000,FW,C,A,1,UPG,ALZ026,1693.7833251953125,2022-09-27 19:12,,,,,False,,,,,,,202209262018-KBMX-WWUS84-RFWBMX,08,2022
BMX,2022-09-29 17:00,2022-09-29 07:59,2022-09-28 19:18,202209300000,FW,C,A,2,UPG,ALZ044,2072.488525390625,2022-09-29 07:59,,,,,False,,,,,,,202209281918-KBMX-WWUS84-RFWBMX,,2022
BMX,2022-09-29 17:00,2022-09-29 07:59,2022-09-28 19:18,202209300000,FW,C,A,2,UPG,ALZ034,1622.5079345703125,2022-09-29 07:59,,,,,False,,,,,,,202209281918-KBMX-WWUS84-RFWBMX,,2022
BMX,2022-09-29 17:00,2022-09-29 07:59,2022-09-28 19:18,202209300000,FW,C,A,2,UPG,ALZ033,1876.53662109375,2022-09-29 07:59,,,,,False,,,,,,,202209281918-KBMX-WWUS84-RFWBMX,,2022
BMX,2022-09-29 17:00,2022-09-30 00:00,2022-09-29 07:59,202209300000,FW,C,W,3,CON,ALZ030,2366.8173828125,2022-09-29 16:21,,,,,False,,,,,,,202209290759-KBMX-WWUS84-RFWBMX,,2022
BMX,2022-09-29 17:00,2022-09-29 07:59,2022-09-28 19:18,202209300000,FW,C,A,2,UPG,ALZ043,1703.42919921875,2022-09-29 07:59,,,,,False,,,,,,,202209281918-KBMX-WWUS84-RFWBMX,,2022
BMX,2022-09-29 17:00,2022-09-29 07:59,2022-09-28 19:18,202209300000,FW,C,A,2,UPG,ALZ032,1701.257080078125,2022-09-29 07:59,,,,,False,,,,,,,202209281918-KBMX-WWUS84-RFWBMX,,2022
BMX,2022-09-29 17:00,2022-09-30 00:00,2022-09-29 07:59,202209300000,FW,C,W,3,CON,ALZ042,1879.1204833984375,2022-09-29 16:21,,,,,False,,,,,,,202209290759-KBMX-WWUS84-RFWBMX,,2022
BMX,2022-09-29 17:00,2022-09-30 00:00,2022-09-29 07:59,202209300000,FW,C,W,3,CON,ALZ043,1703.42919921875,2022-09-29 16:21,,,,,False,,,,,,,202209290759-KBMX-WWUS84-RFWBMX,,2022
BMX,2022-09-29 17:00,2022-09-30 00:00,2022-09-29 07:59,202209300000,FW,C,W,3,CON,ALZ044,2072.488525390625,2022-09-29 16:21,,,,,False,,,,,,,202209290759-KBMX-WWUS84-RFWBMX,,2022
BMX,2022-09-29 17:00,2022-09-30 00:00,2022-09-29 07:59,202209300000,FW,C,W,3,CON,ALZ022,2306.282470703125,2022-09-29 16:21,,,,,False,,,,,,,202209290759-KBMX-WWUS84-RFWBMX,,2022
BOX,2022-09-24 10:47,2022-09-25 03:00,2022-09-24 10:47,202209250800,SC,C,Y,85,CON,ANZ256,3433.286376953125,2022-09-24 21:51,,,,,False,,,,,,,202209241047-KBOX-WHUS71-MWWBOX,Frank,2022
BOX,2022-09-24 10:47,2022-09-24 22:00,2022-09-24 10:47,202209242200,SC,C,Y,85,EXP,ANZ232,1629.278076171875,2022-09-24 21:51,,,,,False,,,,,,,202209241047-KBOX-WHUS71-MWWBOX,Frank,2022
BOX,2022-09-24 10:47,2022-09-25 07:32,2022-09-24 10:47,202209250800,SC,C,Y,85,CAN,ANZ250,4585.5625,2022-09-25 07:32,,,,,False,,,,,,,202209241047-KBOX-WHUS71-MWWBOX,Frank,2022
BOX,2022-09-24 10:47,2022-09-24 22:00,2022-09-24 10:47,202209242200,SC,C,Y,85,EXP,ANZ231,1360.916259765625,2022-09-24 21:51,,,,,False,,,,,,,202209241047-KBOX-WHUS71-MWWBOX,Frank,2022
BOX,2022-09-24 10:47,2022-09-24 22:00,2022-09-24 10:47,202209242200,SC,C,Y,85,EXP,ANZ251,1752.1185302734375,2022-09-24 21:51,,,,,False,,,,,,,202209241047-KBOX-WHUS71-MWWBOX,Frank,2022
BOX,2022-09-24 10:47,2022-09-25 07:32,2022-09-24 10:47,202209250800,SC,C,Y,85,CAN,ANZ255,3136.670654296875,2022-09-25 07:32,,,,,False,,,,,,,202209241047-KBOX-WHUS71-MWWBOX,Frank,2022
BOX,2022-09-24 10:47,2022-09-25 07:32,2022-09-24 10:47,202209250800,SC,C,Y,85,CAN,ANZ254,4676.10205078125,2022-09-25 07:32,,,,,False,,,,,,,202209241047-KBOX-WHUS71-MWWBOX,Frank,2022
BOX,2022-09-25 17:00,2022-09-27 00:00,2022-09-25 07:32,202209270000,SC,C,Y,86,EXP,ANZ232,1629.278076171875,2022-09-26 23:40,,,,,False,,,,,,,202209250732-KBOX-WHUS71-MWWBOX,,2022
BOX,2022-09-25 17:00,2022-09-27 00:00,2022-09-25 07:32,202209270000,SC,C,Y,86,EXP,ANZ233,238.53062438964844,2022-09-26 23:40,,,,,False,,,,,,,202209250732-KBOX-WHUS71-MWWBOX,,2022
BOX,2022-09-25 17:00,2022-09-27 00:00,2022-09-25 07:32,202209270000,SC,C,Y,86,EXP,ANZ234,594.9822998046875,2022-09-26 23:40,,,,,False,,,,,,,202209250732-KBOX-WHUS71-MWWBOX,,2022
BOX,2022-09-25 17:00,2022-09-27 06:07,2022-09-25 07:32,202209270000,SC,C,Y,86,CAN,ANZ254,4676.10205078125,2022-09-27 06:07,,,,,False,,,,,,,202209250732-KBOX-WHUS71-MWWBOX,,2022
BOX,2022-09-25 17:00,2022-09-27 09:00,2022-09-25 07:32,202209270000,SC,C,Y,86,EXT,ANZ256,3433.286376953125,2022-09-27 06:07,,,,,False,,,,,,,202209250732-KBOX-WHUS71-MWWBOX,,2022
BOX,2022-09-25 17:00,2022-09-27 09:00,2022-09-25 07:32,202209270000,SC,C,Y,86,EXT,ANZ255,3136.670654296875,2022-09-27 06:07,,,,,False,,,,,,,202209250732-KBOX-WHUS71-MWWBOX,,2022
BOX,2022-09-25 17:00,2022-09-27 06:07,2022-09-25 07:32,202209270000,SC,C,Y,86,CAN,ANZ235,1183.0638427734375,2022-09-27 06:07,,,,,False,,,,,,,202209250732-KBOX-WHUS71-MWWBOX,,2022
BOX,2022-09-25 17:00,2022-09-27 06:07,2022-09-25 07:32,202209270000,SC,C,Y,86,CAN,ANZ237,976.3765258789062,2022-09-27 06:07,,,,,False,,,,,,,202209250732-KBOX-WHUS71-MWWBOX,,2022
BOX,2022-09-25 21:00,2022-09-26 08:00,2022-09-25 07:32,202209260800,SC,C,Y,86,CON,ANZ250,4585.5625,2022-09-25 20:15,,,,,False,,,,,,,202209250732-KBOX-WHUS71-MWWBOX,,2022
BOX,2022-09-26 04:17,2022-09-26 05:15,2022-09-26 04:17,202209260515,MA,C,W,69,NEW,ANZ237,976.3765258789062,2022-09-26 04:17,,,,,False,,,,,,,202209260417-KBOX-WHUS51-SMWBOX,Frank,2022
BOX,2022-09-26 04:42,2022-09-26 05:15,2022-09-26 04:42,202209260515,MA,C,W,70,NEW,ANZ236,458.3831481933594,2022-09-26 04:42,,,,,False,,,,,,,202209260442-KBOX-WHUS51-SMWBOX,Frank,2022
BOX,2022-09-26 05:28,2022-09-26 06:15,2022-09-26 05:28,202209260615,MA,C,W,71,NEW,ANZ234,594.9822998046875,2022-09-26 05:28,,,,,False,,,,,,,202209260528-KBOX-WHUS51-SMWBOX,RM,2022
BOX,2022-09-26 05:28,2022-09-26 06:15,2022-09-26 05:28,202209260615,MA,C,W,71,NEW,ANZ256,3433.286376953125,2022-09-26 05:28,,,,,False,,,,,,,202209260528-KBOX-WHUS51-SMWBOX,RM,2022
BOX,2022-09-26 05:28,2022-09-26 06:15,2022-09-26 05:28,202209260615,MA,C,W,71,NEW,ANZ235,1183.0638427734375,2022-09-26 05:28,,,,,False,,,,,,,202209260528-KBOX-WHUS51-SMWBOX,RM,2022
BRO,2022-09-25 22:30,2022-09-25 23:30,2022-09-25 22:30,202209252330,FA,C,Y,60,EXP,TXC427,3189.42578125,2022-09-25 23:31,00000,N,ER,OO,False,,,,,,,202209252230-KBRO-WGUS84-FLSBRO,Bogorad,2022
BTV,2022-09-24 04:00,2022-09-24 11:29,2022-09-23 18:28,202209241200,FR,C,Y,6,CAN,NYZ034,3985.025390625,2022-09-24 11:29,,,,,False,,,,,,,202209231828-KBTV-WWUS71-NPWBTV,,2022
CAE,2022-09-29 15:06,2022-09-30 20:52,2022-09-29 15:06,202210201506,TR,C,W,1009,CAN,GAZ065,850.9934692382812,2022-09-30 20:52,,,,,False,,,,,,,202209291506-KCAE-WTUS82-TCVCAE,,2022
CAE,2022-09-29 15:06,2022-10-01 02:54,2022-09-29 15:06,202210201506,TR,C,W,1009,CAN,SCZ022,1917.8031005859375,2022-10-01 02:54,,,,,False,,,,,,,202209291506-KCAE-WTUS82-TCVCAE,,2022
CAE,2022-09-29 15:06,2022-10-01 02:54,2022-09-29 15:06,202210201506,TR,C,W,1009,CAN,SCZ116,1287.0079345703125,2022-10-01 02:54,,,,,False,,,,,,,202209291506-KCAE-WTUS82-TCVCAE,,2022
CAE,2022-09-29 15:06,2022-09-30 23:55,2022-09-29 15:06,202210201506,TR,C,W,1009,CAN,SCZ028,1999.3974609375,2022-09-30 23:55,,,,,False,,,,,,,202209291506-KCAE-WTUS82-TCVCAE,,2022
CAE,2022-09-29 15:06,2022-09-30 20:52,2022-09-29 15:06,202210201506,TR,C,W,1009,CAN,GAZ077,2163.7451171875,2022-09-30 20:52,,,,,False,,,,,,,202209291506-KCAE-WTUS82-TCVCAE,,2022
CAE,2022-09-29 15:06,2022-09-30 20:52,2022-09-29 15:06,202210201506,TR,C,W,1009,CAN,SCZ026,1196.3404541015625,2022-09-30 20:52,,,,,False,,,,,,,202209291506-KCAE-WTUS82-TCVCAE,,2022
BUF,2022-09-26 07:41,2022-09-28 08:35,2022-09-26 07:41,202209281000,BH,C,S,20,CAN,NYZ001,1362.937744140625,2022-09-28 08:35,,,,,False,,,,,,,202209260741-KBUF-WHUS41-CFWBUF,,2022
BUF,2022-09-26 08:00,2022-09-28 07:55,2022-09-25 18:36,202209280900,FA,C,A,4,CAN,NYZ019,2805.619140625,2022-09-28 07:55,00000,0,ER,OO,False,,,,,,,202209251836-KBUF-WGUS61-FFABUF,Hitchcock,2022
BUF,2022-09-26 20:16,2022-09-26 20:50,2022-09-26 20:16,202209262100,MA,C,W,109,CAN,LOZ064,1372.054443359375,2022-09-26 20:50,,,,,False,,,,,,,202209262016-KBUF-WHUS51-SMWBUF,Mitchell,2022
BUF,2022-09-26 08:00,2022-09-27 13:56,2022-09-25 18:36,202209280900,FA,C,A,4,CAN,NYZ010,1183.924560546875,2022-09-27 13:56,00000,0,ER,OO,False,,,,,,,202209251836-KBUF-WGUS61-FFABUF,Hitchcock,2022
BUF,2022-09-26 10:00,2022-09-28 08:41,2022-09-25 20:31,202209281000,SC,C,Y,91,CAN,LOZ045,758.1218872070312,2022-09-28 08:41,,,,,False,,,,,,,202209252031-KBUF-WHUS71-MWWBUF,JLA,2022
BUF,2022-09-26 12:55,2022-09-26 14:00,2022-09-26 12:55,202209261400,MA,C,W,105,NEW,LEZ061,707.613525390625,2022-09-26 12:55,,,,,False,,,,,,,202209261255-KBUF-WHUS51-SMWBUF,Hitchcock,2022
BUF,2022-09-26 12:55,2022-09-26 14:00,2022-09-26 12:55,202209261400,MA,C,W,105,NEW,LEZ041,564.8111572265625,2022-09-26 12:55,,,,,False,,,,,,,202209261255-KBUF-WHUS51-SMWBUF,Hitchcock,2022
BUF,2022-09-26 12:55,2022-09-26 14:00,2022-09-26 12:55,202209261400,MA,C,W,105,NEW,LEZ040,342.593505859375,2022-09-26 12:55,,,,,False,,,,,,,202209261255-KBUF-WHUS51-SMWBUF,Hitchcock,2022
BUF,2022-09-26 13:58,2022-09-26 15:00,2022-09-26 13:58,202209261500,MA,C,W,106,NEW,LEZ061,707.613525390625,2022-09-26 13:58,,,,,False,,,,,,,202209261358-KBUF-WHUS51-SMWBUF,Hitchcock,2022
BUF,2022-09-26 13:58,2022-09-26 15:00,2022-09-26 13:58,202209261500,MA,C,W,106,NEW,LEZ041,564.8111572265625,2022-09-26 13:58,,,,,False,,,,,,,202209261358-KBUF-WHUS51-SMWBUF,Hitchcock,2022
BUF,2022-09-26 13:58,2022-09-26 15:00,2022-09-26 13:58,202209261500,MA,C,W,106,NEW,LEZ040,342.593505859375,2022-09-26 13:58,,,,,False,,,,,,,202209261358-KBUF-WHUS51-SMWBUF,Hitchcock,2022
BUF,2022-09-26 14:00,2022-09-28 00:00,2022-09-26 07:40,202209262300,SC,C,Y,91,EXP,LEZ020,28.356008529663086,2022-09-27 23:50,,,,,False,,,,,,,202209260740-KBUF-WHUS71-MWWBUF,,2022
BUF,2022-09-26 19:19,2022-09-26 20:15,2022-09-26 19:19,202209262015,MA,C,W,108,CON,LOZ045,758.1218872070312,2022-09-26 19:54,,,,,False,,,,,,,202209261919-KBUF-WHUS51-SMWBUF,Mitchell,2022
BUF,2022-09-26 19:19,2022-09-26 19:54,2022-09-26 19:19,202209262015,MA,C,W,108,CAN,LOZ044,544.9660034179688,2022-09-26 19:54,,,,,False,,,,,,,202209261919-KBUF-WHUS51-SMWBUF,Mitchell,2022
BUF,2022-09-26 20:03,2022-09-28 08:35,2022-09-26 20:03,202209281000,BH,C,S,20,CAN,NYZ005,580.9205932617188,2022-09-28 08:35,,,,,False,,,,,,,202209262003-KBUF-WHUS41-CFWBUF,jla,2022
BUF,2022-09-26 20:03,2022-09-28 08:35,2022-09-26 20:03,202209281000,BH,C,S,20,CAN,NYZ006,2623.580078125,2022-09-28 08:35,,,,,False,,,,,,,202209262003-KBUF-WHUS41-CFWBUF,jla,2022
BUF,2022-09-27 16:44,2022-09-27 17:45,2022-09-27 16:44,202209271745,MA,C,W,115,EXP,LOZ063,2252.875732421875,2022-09-27 17:44,,,,,False,,,,,,,202209271644-KBUF-WHUS51-SMWBUF,Mitchell,2022
BUF,2022-09-27 16:44,2022-09-27 17:45,2022-09-27 16:44,202209271745,MA,C,W,115,EXP,LOZ043,777.508544921875,2022-09-27 17:44,,,,,False,,,,,,,202209271644-KBUF-WHUS51-SMWBUF,Mitchell,2022
BUF,2022-09-27 16:44,2022-09-27 17:45,2022-09-27 16:44,202209271745,MA,C,W,115,EXP,LOZ045,758.1218872070312,2022-09-27 17:44,,,,,False,,,,,,,202209271644-KBUF-WHUS51-SMWBUF,Mitchell,2022
BUF,2022-09-27 16:44,2022-09-27 17:45,2022-09-27 16:44,202209271745,MA,C,W,115,EXP,LOZ042,860.3956909179688,2022-09-27 17:44,,,,,False,,,,,,,202209271644-KBUF-WHUS51-SMWBUF,Mitchell,2022
CAE,2022-09-28 21:04,2022-09-29 15:06,2022-09-28 21:04,202210192104,TR,C,A,1009,UPG,SCZ030,2799.451171875,2022-09-29 15:06,,,,,False,,,,,,,202209282104-KCAE-WTUS82-TCVCAE,,2022
CAE,2022-09-28 21:04,2022-09-29 15:06,2022-09-28 21:04,202210192104,TR,C,A,1009,UPG,SCZ031,1766.9080810546875,2022-09-29 15:06,,,,,False,,,,,,,202209282104-KCAE-WTUS82-TCVCAE,,2022
CAE,2022-09-28 21:04,2022-09-29 15:06,2022-09-28 21:04,202210192104,TR,C,A,1009,UPG,SCZ041,1024.774169921875,2022-09-29 15:06,,,,,False,,,,,,,202209282104-KCAE-WTUS82-TCVCAE,,2022
CAE,2022-09-28 21:04,2022-09-29 15:06,2022-09-28 21:04,202210192104,TR,C,A,1009,UPG,SCZ026,1196.3404541015625,2022-09-29 15:06,,,,,False,,,,,,,202209282104-KCAE-WTUS82-TCVCAE,,2022
CAE,2022-09-28 21:04,2022-09-29 15:06,2022-09-28 21:04,202210192104,TR,C,A,1009,UPG,SCZ029,1065.5718994140625,2022-09-29 15:06,,,,,False,,,,,,,202209282104-KCAE-WTUS82-TCVCAE,,2022
CAE,2022-09-28 21:04,2022-09-29 15:06,2022-09-28 21:04,202210192104,TR,C,A,1009,UPG,GAZ065,850.9934692382812,2022-09-29 15:06,,,,,False,,,,,,,202209282104-KCAE-WTUS82-TCVCAE,,2022
CAE,2022-09-28 21:04,2022-09-29 15:06,2022-09-28 21:04,202210192104,TR,C,A,1009,UPG,SCZ027,1963.472900390625,2022-09-29 15:06,,,,,False,,,,,,,202209282104-KCAE-WTUS82-TCVCAE,,2022
CAE,2022-09-28 21:04,2022-09-29 15:06,2022-09-28 21:04,202210192104,TR,C,A,1009,UPG,SCZ021,1839.187255859375,2022-09-29 15:06,,,,,False,,,,,,,202209282104-KCAE-WTUS82-TCVCAE,,2022
CAE,2022-09-28 21:04,2022-09-29 15:06,2022-09-28 21:04,202210192104,TR,C,A,1009,UPG,GAZ040,666.4813842773438,2022-09-29 15:06,,,,,False,,,,,,,202209282104-KCAE-WTUS82-TCVCAE,,2022
CAE,2022-09-28 21:04,2022-09-29 15:06,2022-09-28 21:04,202210192104,TR,C,A,1009,UPG,SCZ020,1676.841796875,2022-09-29 15:06,,,,,False,,,,,,,202209282104-KCAE-WTUS82-TCVCAE,,2022
CAE,2022-09-28 21:04,2022-09-29 15:06,2022-09-28 21:04,202210192104,TR,C,A,1009,UPG,SCZ025,1312.5177001953125,2022-09-29 15:06,,,,,False,,,,,,,202209282104-KCAE-WTUS82-TCVCAE,,2022
CAE,2022-09-28 21:04,2022-09-29 15:06,2022-09-28 21:04,202210192104,TR,C,A,1009,UPG,SCZ115,151.3517608642578,2022-09-29 15:06,,,,,False,,,,,,,202209282104-KCAE-WTUS82-TCVCAE,,2022
CAE,2022-09-28 21:04,2022-09-29 15:06,2022-09-28 21:04,202210192104,TR,C,A,1009,UPG,SCZ035,1443.8671875,2022-09-29 15:06,,,,,False,,,,,,,202209282104-KCAE-WTUS82-TCVCAE,,2022
CAE,2022-09-28 21:04,2022-09-29 15:06,2022-09-28 21:04,202210192104,TR,C,A,1009,UPG,SCZ016,2086.997314453125,2022-09-29 15:06,,,,,False,,,,,,,202209282104-KCAE-WTUS82-TCVCAE,,2022
CAE,2022-09-28 21:04,2022-09-29 15:06,2022-09-28 21:04,202210192104,TR,C,A,1009,UPG,GAZ077,2163.7451171875,2022-09-29 15:06,,,,,False,,,,,,,202209282104-KCAE-WTUS82-TCVCAE,,2022
CAE,2022-09-28 21:04,2022-09-29 15:06,2022-09-28 21:04,202210192104,TR,C,A,1009,UPG,SCZ038,1802.5499267578125,2022-09-29 15:06,,,,,False,,,,,,,202209282104-KCAE-WTUS82-TCVCAE,,2022
CAE,2022-09-28 21:04,2022-09-29 15:06,2022-09-28 21:04,202210192104,TR,C,A,1009,UPG,SCZ037,1016.68310546875,2022-09-29 15:06,,,,,False,,,,,,,202209282104-KCAE-WTUS82-TCVCAE,,2022
CAE,2022-09-28 21:04,2022-09-29 15:06,2022-09-28 21:04,202210192104,TR,C,A,1009,UPG,SCZ137,1207.5693359375,2022-09-29 15:06,,,,,False,,,,,,,202209282104-KCAE-WTUS82-TCVCAE,,2022
CAR,2022-09-24 04:00,2022-09-24 16:02,2022-09-23 07:24,202209242100,SR,C,W,6,CAN,ANZ050,3832.47265625,2022-09-24 16:02,,,,,False,,,,,,,202209230724-KCAR-WHUS71-MWWCAR,,2022
CAR,2022-09-24 19:45,2022-09-24 22:25,2022-09-24 19:45,202209250000,WI,C,Y,7,CAN,MEZ017,3567.506591796875,2022-09-24 22:25,,,,,False,,,,,,,202209241945-KCAR-WWUS71-NPWCAR,,2022
CAR,2022-09-24 19:45,2022-09-24 22:25,2022-09-24 19:45,202209250000,WI,C,Y,7,CAN,MEZ032,1622.9295654296875,2022-09-24 22:25,,,,,False,,,,,,,202209241945-KCAR-WWUS71-NPWCAR,,2022
CAR,2022-09-24 19:45,2022-09-24 22:25,2022-09-24 19:45,202209250000,WI,C,Y,7,CAN,MEZ011,2730.18115234375,2022-09-24 22:25,,,,,False,,,,,,,202209241945-KCAR-WWUS71-NPWCAR,,2022
CAR,2022-09-24 19:47,2022-09-25 09:00,2022-09-24 19:47,202209250900,SC,C,Y,72,CON,ANZ051,1918.149658203125,2022-09-25 07:05,,,,,False,,,,,,,202209241947-KCAR-WHUS71-MWWCAR,Sinko,2022
CAR,2022-09-24 19:47,2022-09-25 01:53,2022-09-24 19:47,202209250900,SC,C,Y,72,CAN,ANZ052,1111.78857421875,2022-09-25 01:53,,,,,False,,,,,,,202209241947-KCAR-WHUS71-MWWCAR,Sinko,2022
CHS,2022-09-28 03:16,2022-09-29 15:16,2022-09-28 03:16,202210190316,TR,C,W,1009,UPG,SCZ050,2561.243896484375,2022-09-29 15:16,,,,,False,,,,,,,202209280316-KCHS-WTUS82-TCVCHS,,2022
CHS,2022-09-28 15:16,2022-09-30 08:56,2022-09-28 15:16,202210191516,TR,C,A,1009,UPG,GAZ088,1699.3848876953125,2022-09-30 08:56,,,,,False,,,,,,,202209281516-KCHS-WTUS82-TCVCHS,,2022
CHS,2022-09-28 15:16,2022-09-30 03:00,2022-09-28 15:16,202210191516,HU,C,A,1009,CAN,GAZ140,656.2826538085938,2022-09-30 03:00,,,,,False,,,,,,,202209281516-KCHS-WTUS82-TCVCHS,,2022
CHS,2022-09-28 15:16,2022-09-30 03:00,2022-09-28 15:16,202210191516,HU,C,A,1009,CAN,GAZ118,593.7193603515625,2022-09-30 03:00,,,,,False,,,,,,,202209281516-KCHS-WTUS82-TCVCHS,,2022
CHS,2022-09-28 15:16,2022-09-30 15:17,2022-09-28 15:16,202210191516,SS,C,W,1009,CAN,GAZ119,564.4234619140625,2022-09-30 15:17,,,,,False,,,,,,,202209281516-KCHS-WTUS82-TCVCHS,,2022
CHS,2022-09-28 15:16,2022-09-30 03:00,2022-09-28 15:16,202210191516,HU,C,A,1009,CAN,GAZ119,564.4234619140625,2022-09-30 03:00,,,,,False,,,,,,,202209281516-KCHS-WTUS82-TCVCHS,,2022
CHS,2022-09-28 15:16,2022-09-29 15:16,2022-09-28 15:16,202210191516,HU,C,A,1009,UPG,SCZ049,473.7450866699219,2022-09-29 15:16,,,,,False,,,,,,,202209281516-KCHS-WTUS82-TCVCHS,,2022
CHS,2022-09-28 15:16,2022-09-30 20:58,2022-09-28 15:16,202210191516,SS,C,W,1009,CAN,SCZ051,330.49554443359375,2022-09-30 20:58,,,,,False,,,,,,,202209281516-KCHS-WTUS82-TCVCHS,,2022
CHS,2022-09-28 15:16,2022-09-29 15:16,2022-09-28 15:16,202210191516,HU,C,A,1009,UPG,SCZ050,2561.243896484375,2022-09-29 15:16,,,,,False,,,,,,,202209281516-KCHS-WTUS82-TCVCHS,,2022
CHS,2022-09-27 15:22,2022-09-28 03:27,2022-09-27 15:22,202210181522,TR,C,A,1009,UPG,AMZ354,3008.945068359375,2022-09-28 03:27,,,,,False,,,,,,,202209271522-KCHS-WHUS72-MWWCHS,,2022
CHS,2022-09-29 15:10,2022-09-30 21:02,2022-09-29 15:10,202210201510,HU,C,W,1009,CAN,AMZ330,37.45634460449219,2022-09-30 21:02,,,,,False,,,,,,,202209291510-KCHS-WHUS72-MWWCHS,,2022
CHS,2022-09-28 12:00,2022-10-01 00:00,2022-09-27 21:18,202209300000,RP,C,S,6,EXP,GAZ119,564.4234619140625,2022-10-01 00:03,,,,,False,,,,,,,202209272118-KCHS-WHUS42-CFWCHS,,2022
CHS,2022-09-28 12:00,2022-10-01 00:00,2022-09-27 21:18,202209300000,RP,C,S,6,EXP,SCZ049,473.7450866699219,2022-10-01 00:03,,,,,False,,,,,,,202209272118-KCHS-WHUS42-CFWCHS,,2022
CHS,2022-09-28 12:00,2022-10-01 00:00,2022-09-27 21:18,202209300000,RP,C,S,6,EXP,GAZ141,510.72686767578125,2022-10-01 00:03,,,,,False,,,,,,,202209272118-KCHS-WHUS42-CFWCHS,,2022
CHS,2022-09-28 12:00,2022-10-01 00:00,2022-09-27 21:18,202209300000,RP,C,S,6,EXP,SCZ048,1529.7847900390625,2022-10-01 00:03,,,,,False,,,,,,,202209272118-KCHS-WHUS42-CFWCHS,,2022
CHS,2022-09-28 15:16,2022-09-30 08:56,2022-09-28 15:16,202210191516,TR,C,A,1009,UPG,GAZ115,484.4090576171875,2022-09-30 08:56,,,,,False,,,,,,,202209281516-KCHS-WTUS82-TCVCHS,,2022
CHS,2022-09-28 15:20,2022-09-29 15:10,2022-09-28 15:20,202210191520,HU,C,A,1009,UPG,AMZ350,4509.06201171875,2022-09-29 15:10,,,,,False,,,,,,,202209281520-KCHS-WHUS72-MWWCHS,,2022
CHS,2022-09-28 15:20,2022-09-29 15:10,2022-09-28 15:20,202210191520,HU,C,A,1009,UPG,AMZ330,37.45634460449219,2022-09-29 15:10,,,,,False,,,,,,,202209281520-KCHS-WHUS72-MWWCHS,,2022
CLE,2022-09-25 14:51,2022-09-25 18:42,2022-09-25 14:51,202209252000,FA,C,Y,92,CAN,OHC007,1835.226806640625,2022-09-25 18:42,00000,N,ER,OO,False,,,,,,,202209251451-KCLE-WGUS81-FLSCLE,Sefcovic,2022
CLE,2022-09-26 06:56,2022-09-26 13:00,2022-09-26 06:56,202209261000,FA,C,Y,94,EXP,OHC085,599.0610961914062,2022-09-26 12:57,00000,N,ER,OO,False,,,,,,,202209260656-KCLE-WGUS81-FLSCLE,Kahn,2022
CLE,2022-09-26 14:33,2022-09-26 16:00,2022-09-26 14:33,202209261600,MA,C,W,61,NEW,LEZ169,1314.1365966796875,2022-09-26 14:33,,,,,False,,,,,,,202209261433-KCLE-WHUS51-SMWCLE,Garuckas,2022
CLE,2022-09-26 14:33,2022-09-26 16:00,2022-09-26 14:33,202209261600,MA,C,W,61,NEW,LEZ165,746.5021362304688,2022-09-26 14:33,,,,,False,,,,,,,202209261433-KCLE-WHUS51-SMWCLE,Garuckas,2022
CLE,2022-09-26 14:33,2022-09-26 16:00,2022-09-26 14:33,202209261600,MA,C,W,61,NEW,LEZ168,939.9744262695312,2022-09-26 14:33,,,,,False,,,,,,,202209261433-KCLE-WHUS51-SMWCLE,Garuckas,2022
CLE,2022-09-26 14:33,2022-09-26 16:00,2022-09-26 14:33,202209261600,MA,C,W,61,NEW,LEZ146,445.556884765625,2022-09-26 14:33,,,,,False,,,,,,,202209261433-KCLE-WHUS51-SMWCLE,Garuckas,2022
CLE,2022-09-27 01:58,2022-09-27 06:00,2022-09-27 01:58,202209270600,FA,C,Y,98,EXP,OHC035,1187.269775390625,2022-09-27 06:00,00000,N,ER,OO,False,,,,,,,202209270158-KCLE-WGUS81-FLSCLE,26,2022
CLE,2022-09-26 14:33,2022-09-26 16:00,2022-09-26 14:33,202209261600,MA,C,W,61,NEW,LEZ149,693.0765991210938,2022-09-26 14:33,,,,,False,,,,,,,202209261433-KCLE-WHUS51-SMWCLE,Garuckas,2022
CLE,2022-09-26 14:33,2022-09-26 16:00,2022-09-26 14:33,202209261600,MA,C,W,61,NEW,LEZ166,1599.818359375,2022-09-26 14:33,,,,,False,,,,,,,202209261433-KCLE-WHUS51-SMWCLE,Garuckas,2022
CLE,2022-09-26 14:33,2022-09-26 16:00,2022-09-26 14:33,202209261600,MA,C,W,61,NEW,LEZ145,290.3538818359375,2022-09-26 14:33,,,,,False,,,,,,,202209261433-KCLE-WHUS51-SMWCLE,Garuckas,2022
CLE,2022-09-26 14:33,2022-09-26 16:00,2022-09-26 14:33,202209261600,MA,C,W,61,NEW,LEZ148,313.0382080078125,2022-09-26 14:33,,,,,False,,,,,,,202209261433-KCLE-WHUS51-SMWCLE,Garuckas,2022
CLE,2022-09-27 01:58,2022-09-27 06:00,2022-09-27 01:58,202209270600,FA,C,Y,98,EXP,OHC093,1279.138427734375,2022-09-27 06:00,00000,N,ER,OO,False,,,,,,,202209270158-KCLE-WGUS81-FLSCLE,26,2022
CLE,2022-09-26 14:33,2022-09-26 16:00,2022-09-26 14:33,202209261600,MA,C,W,61,NEW,LEZ167,1775.855712890625,2022-09-26 14:33,,,,,False,,,,,,,202209261433-KCLE-WHUS51-SMWCLE,Garuckas,2022
CLE,2022-09-26 16:02,2022-09-26 17:08,2022-09-26 16:02,202209261730,MA,C,W,62,CAN,LEZ167,1775.855712890625,2022-09-26 17:08,,,,,False,,,,,,,202209261602-KCLE-WHUS51-SMWCLE,Clark,2022
CLE,2022-09-26 16:02,2022-09-26 17:30,2022-09-26 16:02,202209261730,MA,C,W,62,EXP,LEZ147,455.7435607910156,2022-09-26 17:33,,,,,False,,,,,,,202209261602-KCLE-WHUS51-SMWCLE,Clark,2022
CLE,2022-09-26 16:02,2022-09-26 17:30,2022-09-26 16:02,202209261730,MA,C,W,62,EXP,LEZ168,939.9744262695312,2022-09-26 17:33,,,,,False,,,,,,,202209261602-KCLE-WHUS51-SMWCLE,Clark,2022
CLE,2022-09-26 20:15,2022-09-26 20:30,2022-09-26 20:15,202209262030,MA,C,W,63,NEW,LEZ149,693.0765991210938,2022-09-26 20:15,,,,,False,,,,,,,202209262015-KCLE-WHUS51-SMWCLE,26,2022
CLE,2022-09-26 20:50,2022-09-26 21:45,2022-09-26 20:50,202209262145,MA,C,W,64,NEW,LEZ149,693.0765991210938,2022-09-26 20:50,,,,,False,,,,,,,202209262050-KCLE-WHUS51-SMWCLE,26,2022
CLE,2022-09-26 20:50,2022-09-26 21:45,2022-09-26 20:50,202209262145,MA,C,W,64,NEW,LEZ148,313.0382080078125,2022-09-26 20:50,,,,,False,,,,,,,202209262050-KCLE-WHUS51-SMWCLE,26,2022
CLE,2022-09-26 20:50,2022-09-26 21:45,2022-09-26 20:50,202209262145,MA,C,W,64,NEW,LEZ168,939.9744262695312,2022-09-26 20:50,,,,,False,,,,,,,202209262050-KCLE-WHUS51-SMWCLE,26,2022
CLE,2022-09-26 20:50,2022-09-26 21:45,2022-09-26 20:50,202209262145,MA,C,W,64,NEW,LEZ167,1775.855712890625,2022-09-26 20:50,,,,,False,,,,,,,202209262050-KCLE-WHUS51-SMWCLE,26,2022
CLE,2022-09-26 20:50,2022-09-26 21:45,2022-09-26 20:50,202209262145,MA,C,W,64,NEW,LEZ169,1314.1365966796875,2022-09-26 20:50,,,,,False,,,,,,,202209262050-KCLE-WHUS51-SMWCLE,26,2022
CLE,2022-09-26 22:23,2022-09-26 22:34,2022-09-26 22:23,202209270230,FA,C,Y,96,CAN,OHC085,599.0610961914062,2022-09-26 22:34,00000,N,ER,OO,False,,,,,,,202209262223-KCLE-WGUS81-FLSCLE,26,2022
CLE,2022-09-26 22:23,2022-09-26 22:34,2022-09-26 22:23,202209270230,FA,C,Y,96,CAN,OHC007,1835.226806640625,2022-09-26 22:34,00000,N,ER,OO,False,,,,,,,202209262223-KCLE-WGUS81-FLSCLE,26,2022
CLE,2022-09-26 22:34,2022-09-27 01:29,2022-09-26 22:34,202209270230,FF,C,W,24,CAN,OHC085,599.0610961914062,2022-09-27 01:29,00000,0,ER,OO,False,,,,,,,202209262234-KCLE-WGUS51-FFWCLE,26,2022
CRP,2022-09-28 05:00,2022-10-01 12:00,2022-09-27 19:07,202209301500,CF,C,Y,7,EXP,TXZ447,183.9686279296875,2022-10-01 11:57,,,,,False,,,,,,,202209271907-KCRP-WHUS44-CFWCRP,,2022
CRP,2022-09-28 17:00,2022-09-30 00:00,2022-09-28 16:38,202209282100,SC,C,Y,70,CON,GMZ255,3290.7763671875,2022-09-29 21:01,,,,,False,,,,,,,202209281638-KCRP-WHUS74-MWWCRP,,2022
CRP,2022-09-28 18:00,2022-09-30 06:00,2022-09-28 08:54,202209300000,SC,C,Y,70,CON,GMZ270,3471.904296875,2022-09-29 21:01,,,,,False,,,,,,,202209280854-KCRP-WHUS74-MWWCRP,87,2022
CRP,2022-09-28 20:36,2022-09-30 00:00,2022-09-28 08:56,202209300000,RP,C,S,14,CON,TXZ442,101.39684295654297,2022-09-29 20:37,,,,,False,,,,,,,202209280856-KCRP-WHUS44-CFWCRP,87,2022
CRP,2022-09-28 20:36,2022-09-30 00:00,2022-09-28 08:56,202209300000,RP,C,S,14,CON,TXZ443,92.76314544677734,2022-09-29 20:37,,,,,False,,,,,,,202209280856-KCRP-WHUS44-CFWCRP,87,2022
CTP,2022-09-24 06:00,2022-09-24 13:00,2022-09-23 18:34,202209241300,FR,C,Y,3,CON,PAZ005,2545.219482421875,2022-09-24 03:16,,,,,False,,,,,,,202209231834-KCTP-WWUS71-NPWCTP,,2022
CYS,2022-09-28 17:00,2022-09-29 01:05,2022-09-28 09:52,202209290200,FW,C,W,22,CAN,WYZ425,2035.1632080078125,2022-09-29 01:05,,,,,False,,,,,,,202209280952-KCYS-WWUS85-RFWCYS,CLH,2022
CYS,2022-09-28 17:00,2022-09-29 01:05,2022-09-28 09:52,202209290200,FW,C,W,22,CAN,WYZ417,8866.6455078125,2022-09-29 01:05,,,,,False,,,,,,,202209280952-KCYS-WWUS85-RFWCYS,CLH,2022
CYS,2022-09-28 17:00,2022-09-29 01:05,2022-09-28 09:52,202209290200,FW,C,W,22,CAN,WYZ419,5562.2197265625,2022-09-29 01:05,,,,,False,,,,,,,202209280952-KCYS-WWUS85-RFWCYS,CLH,2022
CYS,2022-09-28 17:00,2022-09-29 01:05,2022-09-28 09:52,202209290200,FW,C,W,22,CAN,WYZ427,2012.2886962890625,2022-09-29 01:05,,,,,False,,,,,,,202209280952-KCYS-WWUS85-RFWCYS,CLH,2022
DMX,2022-09-28 05:00,2022-09-28 13:00,2022-09-27 19:39,202209281300,FR,C,Y,3,EXP,IAZ005,2519.078125,2022-09-28 13:08,,,,,False,,,,,,,202209271939-KDMX-WWUS73-NPWDMX,,2022
DLH,2022-09-28 05:00,2022-09-28 13:00,2022-09-27 19:25,202209281300,FZ,C,W,3,EXP,MNZ020,1658.69580078125,2022-09-28 13:14,,,,,False,,,,,,,202209271925-KDLH-WWUS73-NPWDLH,BJH,2022
DLH,2022-09-28 05:00,2022-09-28 13:00,2022-09-27 19:25,202209281300,FZ,C,W,3,EXP,MNZ018,4648.70654296875,2022-09-28 13:14,,,,,False,,,,,,,202209271925-KDLH-WWUS73-NPWDLH,BJH,2022
DLH,2022-09-28 05:00,2022-09-28 13:00,2022-09-27 19:25,202209281300,FZ,C,W,3,EXP,WIZ002,3908.259033203125,2022-09-28 13:14,,,,,False,,,,,,,202209271925-KDLH-WWUS73-NPWDLH,BJH,2022
DLH,2022-09-28 05:00,2022-09-28 13:00,2022-09-27 19:25,202209281300,FZ,C,W,3,EXP,MNZ012,6572.75732421875,2022-09-28 13:14,,,,,False,,,,,,,202209271925-KDLH-WWUS73-NPWDLH,BJH,2022
DLH,2022-09-28 05:00,2022-09-28 13:00,2022-09-27 19:25,202209281300,FZ,C,W,3,EXP,MNZ036,2706.731201171875,2022-09-28 13:14,,,,,False,,,,,,,202209271925-KDLH-WWUS73-NPWDLH,BJH,2022
DLH,2022-09-28 05:00,2022-09-28 13:00,2022-09-27 19:25,202209281300,FZ,C,W,3,EXP,MNZ033,1796.98388671875,2022-09-28 13:14,,,,,False,,,,,,,202209271925-KDLH-WWUS73-NPWDLH,BJH,2022
DLH,2022-09-28 05:00,2022-09-28 13:00,2022-09-27 19:25,202209281300,FZ,C,W,3,EXP,WIZ006,2274.61767578125,2022-09-28 13:14,,,,,False,,,,,,,202209271925-KDLH-WWUS73-NPWDLH,BJH,2022
DLH,2022-09-28 05:00,2022-09-28 13:00,2022-09-27 19:25,202209281300,FZ,C,W,3,EXP,MNZ010,8144.888671875,2022-09-28 13:14,,,,,False,,,,,,,202209271925-KDLH-WWUS73-NPWDLH,BJH,2022
DLH,2022-09-28 05:00,2022-09-28 13:00,2022-09-27 19:25,202209281300,FZ,C,W,3,EXP,MNZ021,2013.86669921875,2022-09-28 13:14,,,,,False,,,,,,,202209271925-KDLH-WWUS73-NPWDLH,BJH,2022
DLH,2022-09-28 05:00,2022-09-28 13:00,2022-09-27 19:25,202209281300,FZ,C,W,3,EXP,WIZ004,2073.88525390625,2022-09-28 13:14,,,,,False,,,,,,,202209271925-KDLH-WWUS73-NPWDLH,BJH,2022
DMX,2022-09-28 05:00,2022-09-28 13:00,2022-09-27 19:39,202209281300,FR,C,Y,3,EXP,IAZ039,1478.8148193359375,2022-09-28 13:08,,,,,False,,,,,,,202209271939-KDMX-WWUS73-NPWDMX,,2022
DMX,2022-09-24 08:10,2022-09-24 15:00,2022-09-24 08:10,202209241400,FG,C,Y,7,EXP,IAZ085,1122.7872314453125,2022-09-24 14:56,,,,,False,,,,,,,202209240810-KDMX-WWUS73-NPWDMX,CURTIS For more informat,2022
DMX,2022-09-24 08:10,2022-09-24 15:00,2022-09-24 08:10,202209241400,FG,C,Y,7,EXP,IAZ073,1482.5816650390625,2022-09-24 14:56,,,,,False,,,,,,,202209240810-KDMX-WWUS73-NPWDMX,CURTIS For more informat,2022
DMX,2022-09-24 08:10,2022-09-24 15:00,2022-09-24 08:10,202209241400,FG,C,Y,7,EXP,IAZ086,1127.7784423828125,2022-09-24 14:56,,,,,False,,,,,,,202209240810-KDMX-WWUS73-NPWDMX,CURTIS For more informat,2022
DMX,2022-09-24 08:10,2022-09-24 15:00,2022-09-24 08:10,202209241400,FG,C,Y,7,EXP,IAZ096,1335.64404296875,2022-09-24 14:56,,,,,False,,,,,,,202209240810-KDMX-WWUS73-NPWDMX,CURTIS For more informat,2022
DMX,2022-09-24 08:10,2022-09-24 15:00,2022-09-24 08:10,202209241400,FG,C,Y,7,EXP,IAZ095,1363.3662109375,2022-09-24 14:56,,,,,False,,,,,,,202209240810-KDMX-WWUS73-NPWDMX,CURTIS For more informat,2022
DTX,2022-09-26 10:00,2022-09-27 02:00,2022-09-25 14:07,202209270200,SC,C,Y,54,EXP,LEZ444,313.4324035644531,2022-09-27 01:40,,,,,False,,,,,,,202209251407-KDTX-WHUS73-MWWDTX,KK,2022
DTX,2022-09-26 10:00,2022-09-27 02:00,2022-09-25 14:07,202209270200,SC,C,Y,54,EXP,LCZ460,425.9006042480469,2022-09-27 01:40,,,,,False,,,,,,,202209251407-KDTX-WHUS73-MWWDTX,KK,2022
DTX,2022-09-26 14:00,2022-09-29 02:00,2022-09-25 14:07,202209271400,SC,C,Y,54,EXP,LHZ421,1299.014404296875,2022-09-29 01:49,,,,,False,,,,,,,202209251407-KDTX-WHUS73-MWWDTX,KK,2022
DTX,2022-09-29 04:00,2022-09-29 13:00,2022-09-28 07:01,202209291300,FR,C,Y,1,CON,MIZ048,1157.6788330078125,2022-09-29 03:40,,,,,False,,,,,,,202209280701-KDTX-WWUS73-NPWDTX,,2022
DTX,2022-09-29 04:00,2022-09-29 13:00,2022-09-28 07:01,202209291300,FR,C,Y,1,CON,MIZ047,1364.59619140625,2022-09-29 03:40,,,,,False,,,,,,,202209280701-KDTX-WWUS73-NPWDTX,,2022
DVN,2022-09-24 08:02,2022-09-24 15:00,2022-09-24 08:02,202209241400,FG,C,Y,8,EXT,IAZ088,1129.5335693359375,2022-09-24 13:32,,,,,False,,,,,,,202209240802-KDVN-WWUS73-NPWDVN,,2022
DVN,2022-09-24 11:16,2022-09-24 15:00,2022-09-24 11:16,202209241400,FG,C,Y,8,EXT,ILZ026,1405.1163330078125,2022-09-24 13:32,,,,,False,,,,,,,202209241116-KDVN-WWUS73-NPWDVN,,2022
DVN,2022-09-28 05:00,2022-09-28 13:00,2022-09-27 18:53,202209281300,FR,C,Y,2,EXP,ILZ015,1166.84619140625,2022-09-28 13:03,,,,,False,,,,,,,202209271853-KDVN-WWUS73-NPWDVN,,2022
DVN,2022-09-28 05:00,2022-09-28 13:00,2022-09-27 18:53,202209281300,FR,C,Y,2,EXP,ILZ025,1022.0178833007812,2022-09-28 13:03,,,,,False,,,,,,,202209271853-KDVN-WWUS73-NPWDVN,,2022
DVN,2022-09-28 05:00,2022-09-28 13:00,2022-09-27 18:53,202209281300,FR,C,Y,2,EXP,ILZ007,1204.3431396484375,2022-09-28 13:03,,,,,False,,,,,,,202209271853-KDVN-WWUS73-NPWDVN,,2022
DVN,2022-09-28 05:00,2022-09-28 13:00,2022-09-27 18:53,202209281300,FR,C,Y,2,EXP,IAZ065,1505.174072265625,2022-09-28 13:03,,,,,False,,,,,,,202209271853-KDVN-WWUS73-NPWDVN,,2022
DVN,2022-09-28 05:00,2022-09-28 13:00,2022-09-27 18:53,202209281300,FR,C,Y,2,EXP,IAZ051,1858.115966796875,2022-09-28 13:03,,,,,False,,,,,,,202209271853-KDVN-WWUS73-NPWDVN,,2022
CAR,2022-09-24 19:47,2022-09-25 09:00,2022-09-24 19:47,202209250900,SC,C,Y,72,CON,ANZ050,3832.47265625,2022-09-25 07:05,,,,,False,,,,,,,202209241947-KCAR-WHUS71-MWWCAR,Sinko,2022
CAR,2022-09-27 00:00,2022-09-27 15:24,2022-09-26 06:20,202209271400,SC,C,Y,73,CAN,ANZ050,3832.47265625,2022-09-27 15:24,,,,,False,,,,,,,202209260620-KCAR-WHUS71-MWWCAR,,2022
CAR,2022-09-27 18:32,2022-09-27 21:30,2022-09-27 18:32,202209272030,FA,C,Y,51,EXP,MEC029,7168.921875,2022-09-27 21:24,00000,N,ER,OO,False,,,,,,,202209271832-KCAR-WGUS81-FLSCAR,Sinko,2022
CHS,2022-09-28 15:16,2022-09-30 15:17,2022-09-28 15:16,202210191516,SS,C,W,1009,CAN,GAZ139,147.54722595214844,2022-09-30 15:17,,,,,False,,,,,,,202209281516-KCHS-WTUS82-TCVCHS,,2022
CHS,2022-09-29 15:16,2022-09-30 20:58,2022-09-29 15:16,202210201516,HU,C,W,1009,CAN,SCZ050,2561.243896484375,2022-09-30 20:58,,,,,False,,,,,,,202209291516-KCHS-WTUS82-TCVCHS,,2022
CHS,2022-09-24 23:00,2022-09-25 00:21,2022-09-24 20:43,202209250100,CF,C,Y,43,CAN,SCZ049,473.7450866699219,2022-09-25 00:21,,,,,False,,,,,,,202209242043-KCHS-WHUS42-CFWCHS,,2022
CHS,2022-09-24 23:00,2022-09-25 00:21,2022-09-24 20:43,202209250100,CF,C,Y,43,CAN,SCZ050,2561.243896484375,2022-09-25 00:21,,,,,False,,,,,,,202209242043-KCHS-WHUS42-CFWCHS,,2022
CHS,2022-09-27 15:12,2022-09-28 03:16,2022-09-27 15:12,202210181512,TR,C,A,1009,UPG,SCZ049,473.7450866699219,2022-09-28 03:16,,,,,False,,,,,,,202209271512-KCHS-WTUS82-TCVCHS,,2022
CHS,2022-09-27 15:12,2022-09-28 03:16,2022-09-27 15:12,202210181512,TR,C,A,1009,UPG,SCZ045,2873.40576171875,2022-09-28 03:16,,,,,False,,,,,,,202209271512-KCHS-WTUS82-TCVCHS,,2022
CHS,2022-09-27 15:12,2022-09-28 03:16,2022-09-27 15:12,202210181512,TR,C,A,1009,UPG,GAZ117,115.85345458984375,2022-09-28 03:16,,,,,False,,,,,,,202209271512-KCHS-WTUS82-TCVCHS,,2022
CHS,2022-09-27 15:12,2022-09-28 03:16,2022-09-27 15:12,202210181512,TR,C,A,1009,UPG,GAZ116,1039.1978759765625,2022-09-28 03:16,,,,,False,,,,,,,202209271512-KCHS-WTUS82-TCVCHS,,2022
CHS,2022-09-28 03:16,2022-09-30 20:58,2022-09-28 03:16,202210190316,TR,C,W,1009,CAN,GAZ139,147.54722595214844,2022-09-30 20:58,,,,,False,,,,,,,202209280316-KCHS-WTUS82-TCVCHS,,2022
CHS,2022-09-28 03:16,2022-09-29 15:16,2022-09-28 03:16,202210190316,TR,C,W,1009,UPG,SCZ048,1529.7847900390625,2022-09-29 15:16,,,,,False,,,,,,,202209280316-KCHS-WTUS82-TCVCHS,,2022
CHS,2022-09-28 03:16,2022-09-29 03:07,2022-09-28 03:16,202210190316,TR,C,A,1009,UPG,SCZ043,2298.556640625,2022-09-29 03:07,,,,,False,,,,,,,202209280316-KCHS-WTUS82-TCVCHS,,2022
CHS,2022-09-28 03:16,2022-09-30 20:58,2022-09-28 03:16,202210190316,TR,C,W,1009,CAN,GAZ116,1039.1978759765625,2022-09-30 20:58,,,,,False,,,,,,,202209280316-KCHS-WTUS82-TCVCHS,,2022
CHS,2022-09-28 03:16,2022-09-30 20:58,2022-09-28 03:16,202210190316,TR,C,W,1009,CAN,GAZ138,1229.3018798828125,2022-09-30 20:58,,,,,False,,,,,,,202209280316-KCHS-WTUS82-TCVCHS,,2022
CHS,2022-09-28 03:16,2022-09-29 03:07,2022-09-28 03:16,202210190316,TR,C,A,1009,UPG,SCZ044,1494.510009765625,2022-09-29 03:07,,,,,False,,,,,,,202209280316-KCHS-WTUS82-TCVCHS,,2022
CHS,2022-09-28 03:16,2022-09-30 20:58,2022-09-28 03:16,202210190316,TR,C,W,1009,CAN,GAZ140,656.2826538085938,2022-09-30 20:58,,,,,False,,,,,,,202209280316-KCHS-WTUS82-TCVCHS,,2022
CHS,2022-09-28 15:16,2022-09-30 20:58,2022-09-28 15:16,202210191516,TR,C,W,1009,CAN,GAZ137,1045.6385498046875,2022-09-30 20:58,,,,,False,,,,,,,202209281516-KCHS-WTUS82-TCVCHS,,2022
CHS,2022-09-28 15:16,2022-09-29 15:16,2022-09-28 15:16,202210191516,HU,C,A,1009,UPG,SCZ048,1529.7847900390625,2022-09-29 15:16,,,,,False,,,,,,,202209281516-KCHS-WTUS82-TCVCHS,,2022
CHS,2022-09-28 15:16,2022-09-30 20:58,2022-09-28 15:16,202210191516,SS,C,W,1009,CAN,SCZ049,473.7450866699219,2022-09-30 20:58,,,,,False,,,,,,,202209281516-KCHS-WTUS82-TCVCHS,,2022
CHS,2022-09-28 15:16,2022-09-30 03:00,2022-09-28 15:16,202210191516,HU,C,A,1009,CAN,GAZ117,115.85345458984375,2022-09-30 03:00,,,,,False,,,,,,,202209281516-KCHS-WTUS82-TCVCHS,,2022
CHS,2022-09-28 15:16,2022-09-30 03:00,2022-09-28 15:16,202210191516,HU,C,A,1009,CAN,GAZ139,147.54722595214844,2022-09-30 03:00,,,,,False,,,,,,,202209281516-KCHS-WTUS82-TCVCHS,,2022
CHS,2022-09-28 15:16,2022-09-29 15:16,2022-09-28 15:16,202210191516,HU,C,A,1009,UPG,SCZ052,307.99188232421875,2022-09-29 15:16,,,,,False,,,,,,,202209281516-KCHS-WTUS82-TCVCHS,,2022
CHS,2022-09-28 15:16,2022-09-30 03:00,2022-09-28 15:16,202210191516,HU,C,A,1009,CAN,GAZ141,510.72686767578125,2022-09-30 03:00,,,,,False,,,,,,,202209281516-KCHS-WTUS82-TCVCHS,,2022
CHS,2022-09-28 15:16,2022-09-30 20:58,2022-09-28 15:16,202210191516,SS,C,W,1009,CAN,SCZ048,1529.7847900390625,2022-09-30 20:58,,,,,False,,,,,,,202209281516-KCHS-WTUS82-TCVCHS,,2022
CHS,2022-09-27 15:22,2022-09-28 03:27,2022-09-27 15:22,202210181522,TR,C,A,1009,UPG,AMZ330,37.45634460449219,2022-09-28 03:27,,,,,False,,,,,,,202209271522-KCHS-WHUS72-MWWCHS,,2022
CHS,2022-09-27 15:22,2022-09-28 03:27,2022-09-27 15:22,202210181522,TR,C,A,1009,UPG,AMZ374,4974.74951171875,2022-09-28 03:27,,,,,False,,,,,,,202209271522-KCHS-WHUS72-MWWCHS,,2022
CHS,2022-09-28 15:20,2022-09-29 15:10,2022-09-28 15:20,202210191520,HU,C,A,1009,UPG,AMZ354,3008.945068359375,2022-09-29 15:10,,,,,False,,,,,,,202209281520-KCHS-WHUS72-MWWCHS,,2022
CHS,2022-09-28 15:20,2022-09-29 15:10,2022-09-28 15:20,202210191520,HU,C,A,1009,UPG,AMZ352,2837.103759765625,2022-09-29 15:10,,,,,False,,,,,,,202209281520-KCHS-WHUS72-MWWCHS,,2022
CHS,2022-09-29 15:16,2022-09-30 20:58,2022-09-29 15:16,202210201516,HU,C,W,1009,CAN,SCZ048,1529.7847900390625,2022-09-30 20:58,,,,,False,,,,,,,202209291516-KCHS-WTUS82-TCVCHS,,2022
CHS,2022-09-29 15:16,2022-09-30 20:58,2022-09-29 15:16,202210201516,HU,C,W,1009,CAN,SCZ045,2873.40576171875,2022-09-30 20:58,,,,,False,,,,,,,202209291516-KCHS-WTUS82-TCVCHS,,2022
CHS,2022-09-28 15:20,2022-09-29 15:10,2022-09-28 15:20,202210191520,HU,C,A,1009,UPG,AMZ374,4974.74951171875,2022-09-29 15:10,,,,,False,,,,,,,202209281520-KCHS-WHUS72-MWWCHS,,2022
CHS,2022-09-28 19:54,2022-10-01 02:15,2022-09-27 21:18,202210020000,SU,C,Y,4,CAN,GAZ117,115.85345458984375,2022-10-01 02:15,,,,,False,,,,,,,202209272118-KCHS-WHUS42-CFWCHS,,2022
CHS,2022-09-28 19:54,2022-10-01 02:15,2022-09-27 21:18,202210020000,SU,C,Y,4,CAN,GAZ119,564.4234619140625,2022-10-01 02:15,,,,,False,,,,,,,202209272118-KCHS-WHUS42-CFWCHS,,2022
CHS,2022-09-28 19:54,2022-10-01 02:15,2022-09-27 21:18,202210020000,SU,C,Y,4,CAN,SCZ049,473.7450866699219,2022-10-01 02:15,,,,,False,,,,,,,202209272118-KCHS-WHUS42-CFWCHS,,2022
CHS,2022-09-29 15:16,2022-09-30 20:58,2022-09-29 15:16,202210201516,HU,C,W,1009,CAN,SCZ047,1396.9560546875,2022-09-30 20:58,,,,,False,,,,,,,202209291516-KCHS-WTUS82-TCVCHS,,2022
CHS,2022-09-28 19:54,2022-10-01 02:15,2022-09-27 21:18,202210020000,SU,C,Y,4,CAN,SCZ048,1529.7847900390625,2022-10-01 02:15,,,,,False,,,,,,,202209272118-KCHS-WHUS42-CFWCHS,,2022
CLE,2022-09-25 10:24,2022-09-25 12:00,2022-09-25 10:24,202209251200,MA,C,W,56,EXP,LEZ167,1775.855712890625,2022-09-25 12:00,,,,,False,,,,,,,202209251024-KCLE-WHUS51-SMWCLE,Sullivan,2022
CLE,2022-09-25 10:24,2022-09-25 12:00,2022-09-25 10:24,202209251200,MA,C,W,56,EXP,LEZ168,939.9744262695312,2022-09-25 12:00,,,,,False,,,,,,,202209251024-KCLE-WHUS51-SMWCLE,Sullivan,2022
CLE,2022-09-25 11:58,2022-09-25 13:14,2022-09-25 11:58,202209251400,MA,C,W,57,CAN,LEZ168,939.9744262695312,2022-09-25 13:14,,,,,False,,,,,,,202209251158-KCLE-WHUS51-SMWCLE,Sullivan,2022
CLE,2022-09-25 11:58,2022-09-25 13:14,2022-09-25 11:58,202209251400,MA,C,W,57,CAN,LEZ169,1314.1365966796875,2022-09-25 13:14,,,,,False,,,,,,,202209251158-KCLE-WHUS51-SMWCLE,Sullivan,2022
CLE,2022-09-25 12:00,2022-09-29 08:00,2022-09-25 08:11,202209281200,BH,C,S,25,EXP,OHZ010,1279.138427734375,2022-09-29 08:02,,,,,False,,,,,,,202209250811-KCLE-WHUS41-CFWCLE,,2022
CLE,2022-09-25 13:53,2022-09-25 16:00,2022-09-25 13:53,202209251600,MA,C,W,58,CON,LEZ165,746.5021362304688,2022-09-25 14:35,,,,,False,,,,,,,202209251353-KCLE-WHUS51-SMWCLE,Sefcovic,2022
CLE,2022-09-25 15:53,2022-09-25 17:19,2022-09-25 15:53,202209251800,MA,C,W,59,CAN,LEZ145,290.3538818359375,2022-09-25 17:19,,,,,False,,,,,,,202209251553-KCLE-WHUS51-SMWCLE,Sefcovic,2022
CLE,2022-09-25 13:53,2022-09-25 16:00,2022-09-25 13:53,202209251600,MA,C,W,58,CON,LEZ145,290.3538818359375,2022-09-25 14:35,,,,,False,,,,,,,202209251353-KCLE-WHUS51-SMWCLE,Sefcovic,2022
CLE,2022-09-25 13:53,2022-09-25 16:00,2022-09-25 13:53,202209251600,MA,C,W,58,CON,LEZ166,1599.818359375,2022-09-25 14:35,,,,,False,,,,,,,202209251353-KCLE-WHUS51-SMWCLE,Sefcovic,2022
CLE,2022-09-25 21:22,2022-09-25 22:15,2022-09-25 21:22,202209252215,MA,C,W,60,EXP,LEZ165,746.5021362304688,2022-09-25 22:11,,,,,False,,,,,,,202209252122-KCLE-WHUS51-SMWCLE,26,2022
CLE,2022-09-25 21:22,2022-09-25 22:15,2022-09-25 21:22,202209252215,MA,C,W,60,EXP,LEZ166,1599.818359375,2022-09-25 22:11,,,,,False,,,,,,,202209252122-KCLE-WHUS51-SMWCLE,26,2022
CLE,2022-09-25 21:22,2022-09-25 22:15,2022-09-25 21:22,202209252215,MA,C,W,60,EXP,LEZ164,379.52191162109375,2022-09-25 22:11,,,,,False,,,,,,,202209252122-KCLE-WHUS51-SMWCLE,26,2022
CLE,2022-09-25 21:22,2022-09-25 22:15,2022-09-25 21:22,202209252215,MA,C,W,60,EXP,LEZ146,445.556884765625,2022-09-25 22:11,,,,,False,,,,,,,202209252122-KCLE-WHUS51-SMWCLE,26,2022
CLE,2022-09-25 21:22,2022-09-25 22:15,2022-09-25 21:22,202209252215,MA,C,W,60,EXP,LEZ145,290.3538818359375,2022-09-25 22:11,,,,,False,,,,,,,202209252122-KCLE-WHUS51-SMWCLE,26,2022
CLE,2022-09-26 00:52,2022-09-28 13:17,2022-09-25 18:58,202209280900,FA,C,A,5,CAN,PAZ002,1739.163818359375,2022-09-28 13:17,00000,0,ER,OO,False,,,,,,,202209251858-KCLE-WGUS61-FFACLE,Clark,2022
CLE,2022-09-26 00:52,2022-09-28 13:17,2022-09-26 00:52,202209280900,FA,C,A,5,CAN,OHZ011,1187.269775390625,2022-09-28 13:17,00000,0,ER,OO,False,,,,,,,202209260052-KCLE-WGUS61-FFACLE,Jaszka,2022
CLE,2022-09-26 00:52,2022-09-28 13:17,2022-09-25 18:58,202209280900,FA,C,A,5,CAN,PAZ001,340.1441650390625,2022-09-28 13:17,00000,0,ER,OO,False,,,,,,,202209251858-KCLE-WGUS61-FFACLE,Clark,2022
CLE,2022-09-26 00:52,2022-09-28 13:17,2022-09-25 18:58,202209280900,FA,C,A,5,CAN,OHZ014,1577.12939453125,2022-09-28 13:17,00000,0,ER,OO,False,,,,,,,202209251858-KCLE-WGUS61-FFACLE,Clark,2022
CLE,2022-09-26 00:52,2022-09-28 13:17,2022-09-25 18:58,202209280900,FA,C,A,5,CAN,OHZ089,258.15478515625,2022-09-28 13:17,00000,0,ER,OO,False,,,,,,,202209251858-KCLE-WGUS61-FFACLE,Clark,2022
CLE,2022-09-26 00:52,2022-09-28 13:17,2022-09-25 18:58,202209280900,FA,C,A,5,CAN,OHZ012,599.0595703125,2022-09-28 13:17,00000,0,ER,OO,False,,,,,,,202209251858-KCLE-WGUS61-FFACLE,Clark,2022
CLE,2022-09-26 00:52,2022-09-28 13:17,2022-09-26 00:52,202209280900,FA,C,A,5,CAN,OHZ013,1056.33837890625,2022-09-28 13:17,00000,0,ER,OO,False,,,,,,,202209260052-KCLE-WGUS61-FFACLE,Jaszka,2022
CLE,2022-09-26 16:02,2022-09-26 17:30,2022-09-26 16:02,202209261730,MA,C,W,62,EXP,LEZ166,1599.818359375,2022-09-26 17:33,,,,,False,,,,,,,202209261602-KCLE-WHUS51-SMWCLE,Clark,2022
CLE,2022-09-26 16:02,2022-09-26 17:08,2022-09-26 16:02,202209261730,MA,C,W,62,CAN,LEZ165,746.5021362304688,2022-09-26 17:08,,,,,False,,,,,,,202209261602-KCLE-WHUS51-SMWCLE,Clark,2022
CLE,2022-09-26 16:02,2022-09-26 17:30,2022-09-26 16:02,202209261730,MA,C,W,62,EXP,LEZ149,693.0765991210938,2022-09-26 17:33,,,,,False,,,,,,,202209261602-KCLE-WHUS51-SMWCLE,Clark,2022
CLE,2022-09-26 16:02,2022-09-26 17:30,2022-09-26 16:02,202209261730,MA,C,W,62,EXP,LEZ148,313.0382080078125,2022-09-26 17:33,,,,,False,,,,,,,202209261602-KCLE-WHUS51-SMWCLE,Clark,2022
CLE,2022-09-26 16:02,2022-09-26 17:30,2022-09-26 16:02,202209261730,MA,C,W,62,EXP,LEZ146,445.556884765625,2022-09-26 17:33,,,,,False,,,,,,,202209261602-KCLE-WHUS51-SMWCLE,Clark,2022
CTP,2022-09-24 06:00,2022-09-24 13:00,2022-09-23 18:34,202209241300,FR,C,Y,3,CON,PAZ042,1169.934814453125,2022-09-24 03:16,,,,,False,,,,,,,202209231834-KCTP-WWUS71-NPWCTP,,2022
CTP,2022-09-24 06:00,2022-09-24 13:00,2022-09-23 18:34,202209241300,FR,C,Y,3,CON,PAZ037,2941.099365234375,2022-09-24 03:16,,,,,False,,,,,,,202209231834-KCTP-WWUS71-NPWCTP,,2022
CTP,2022-09-25 15:37,2022-09-25 19:23,2022-09-25 15:37,202209252300,SV,C,A,543,CAN,PAC055,1998.992919921875,2022-09-25 19:23,,,,,False,,,,,,,202209251537-KCTP-WWUS61-WCNCTP,,2022
CTP,2022-09-25 15:37,2022-09-25 19:23,2022-09-25 15:37,202209252300,SV,C,A,543,CAN,PAC001,1349.1868896484375,2022-09-25 19:23,,,,,False,,,,,,,202209251537-KCTP-WWUS61-WCNCTP,,2022
CTP,2022-09-25 15:37,2022-09-25 17:58,2022-09-25 15:37,202209252300,SV,C,A,543,CAN,PAC043,1442.350341796875,2022-09-25 17:58,,,,,False,,,,,,,202209251537-KCTP-WWUS61-WCNCTP,,2022
CTP,2022-09-25 15:37,2022-09-25 17:58,2022-09-25 15:37,202209252300,SV,C,A,543,CAN,PAC075,938.2230834960938,2022-09-25 17:58,,,,,False,,,,,,,202209251537-KCTP-WWUS61-WCNCTP,,2022
CTP,2022-09-25 15:37,2022-09-25 17:58,2022-09-25 15:37,202209252300,SV,C,A,543,CAN,PAC099,1437.6214599609375,2022-09-25 17:58,,,,,False,,,,,,,202209251537-KCTP-WWUS61-WCNCTP,,2022
CTP,2022-09-25 15:37,2022-09-25 19:23,2022-09-25 15:37,202209252300,SV,C,A,543,CAN,PAC071,2545.439208984375,2022-09-25 19:23,,,,,False,,,,,,,202209251537-KCTP-WWUS61-WCNCTP,,2022
CTP,2022-09-25 22:51,2022-09-25 23:11,2022-09-25 22:51,202209252315,SV,C,W,150,CAN,PAC097,1234.862060546875,2022-09-25 23:11,,,,,False,,,,,,,202209252251-KCTP-WUUS51-SVRCTP,Dangelo,2022
CYS,2022-09-28 17:00,2022-09-29 01:05,2022-09-28 09:52,202209290200,FW,C,W,22,CAN,WYZ421,3107.912841796875,2022-09-29 01:05,,,,,False,,,,,,,202209280952-KCYS-WWUS85-RFWCYS,CLH,2022
CYS,2022-09-28 17:00,2022-09-29 01:05,2022-09-28 09:52,202209290200,FW,C,W,22,CAN,WYZ422,5841.44921875,2022-09-29 01:05,,,,,False,,,,,,,202209280952-KCYS-WWUS85-RFWCYS,CLH,2022
CYS,2022-09-28 17:00,2022-09-29 01:05,2022-09-28 09:52,202209290200,FW,C,W,22,CAN,WYZ420,3968.03564453125,2022-09-29 01:05,,,,,False,,,,,,,202209280952-KCYS-WWUS85-RFWCYS,CLH,2022
DLH,2022-09-27 07:00,2022-09-27 14:00,2022-09-26 19:57,202209271400,FR,C,Y,9,EXP,MNZ034,2987.676513671875,2022-09-27 14:04,,,,,False,,,,,,,202209261957-KDLH-WWUS73-NPWDLH,Huyck,2022
DLH,2022-09-27 07:00,2022-09-27 14:00,2022-09-26 19:57,202209271400,FR,C,Y,9,EXP,MNZ035,2447.59619140625,2022-09-27 14:04,,,,,False,,,,,,,202209261957-KDLH-WWUS73-NPWDLH,Huyck,2022
DLH,2022-09-27 07:00,2022-09-27 14:00,2022-09-26 19:57,202209271400,FR,C,Y,9,EXP,MNZ038,3706.325439453125,2022-09-27 14:04,,,,,False,,,,,,,202209261957-KDLH-WWUS73-NPWDLH,Huyck,2022
DLH,2022-09-27 07:00,2022-09-27 14:00,2022-09-26 19:57,202209271400,FR,C,Y,9,EXP,MNZ012,6572.75732421875,2022-09-27 14:04,,,,,False,,,,,,,202209261957-KDLH-WWUS73-NPWDLH,Huyck,2022
DLH,2022-09-27 07:00,2022-09-27 14:00,2022-09-26 19:57,202209271400,FR,C,Y,9,EXP,WIZ001,3444.07470703125,2022-09-27 14:04,,,,,False,,,,,,,202209261957-KDLH-WWUS73-NPWDLH,Huyck,2022
DLH,2022-09-28 05:00,2022-09-28 13:00,2022-09-27 19:25,202209281300,FZ,C,W,3,EXP,WIZ007,2204.03271484375,2022-09-28 13:14,,,,,False,,,,,,,202209271925-KDLH-WWUS73-NPWDLH,BJH,2022
DLH,2022-09-28 05:00,2022-09-28 13:00,2022-09-27 19:25,202209281300,FZ,C,W,3,EXP,MNZ011,5900.91796875,2022-09-28 13:14,,,,,False,,,,,,,202209271925-KDLH-WWUS73-NPWDLH,BJH,2022
DLH,2022-09-28 05:00,2022-09-28 13:00,2022-09-27 19:25,202209281300,FZ,C,W,3,EXP,MNZ038,3706.325439453125,2022-09-28 13:14,,,,,False,,,,,,,202209271925-KDLH-WWUS73-NPWDLH,BJH,2022
DLH,2022-09-28 05:00,2022-09-28 13:00,2022-09-27 19:25,202209281300,FZ,C,W,3,EXP,MNZ019,8758.10546875,2022-09-28 13:14,,,,,False,,,,,,,202209271925-KDLH-WWUS73-NPWDLH,BJH,2022
DLH,2022-09-28 05:00,2022-09-28 13:00,2022-09-27 19:25,202209281300,FZ,C,W,3,EXP,MNZ035,2447.59619140625,2022-09-28 13:14,,,,,False,,,,,,,202209271925-KDLH-WWUS73-NPWDLH,BJH,2022
DLH,2022-09-28 05:00,2022-09-28 13:00,2022-09-27 19:25,202209281300,FZ,C,W,3,EXP,WIZ009,3303.09326171875,2022-09-28 13:14,,,,,False,,,,,,,202209271925-KDLH-WWUS73-NPWDLH,BJH,2022
DMX,2022-09-24 08:10,2022-09-24 15:00,2022-09-24 08:10,202209241400,FG,C,Y,7,EXP,IAZ093,1394.202392578125,2022-09-24 14:56,,,,,False,,,,,,,202209240810-KDMX-WWUS73-NPWDMX,CURTIS For more informat,2022
DMX,2022-09-24 08:10,2022-09-24 15:00,2022-09-24 08:10,202209241400,FG,C,Y,7,EXP,IAZ097,1305.9215087890625,2022-09-24 14:56,,,,,False,,,,,,,202209240810-KDMX-WWUS73-NPWDMX,CURTIS For more informat,2022
DMX,2022-09-24 08:10,2022-09-24 15:00,2022-09-24 08:10,202209241400,FG,C,Y,7,EXP,IAZ070,1461.40625,2022-09-24 14:56,,,,,False,,,,,,,202209240810-KDMX-WWUS73-NPWDMX,CURTIS For more informat,2022
DMX,2022-09-24 08:10,2022-09-24 15:00,2022-09-24 08:10,202209241400,FG,C,Y,7,EXP,IAZ094,1379.4930419921875,2022-09-24 14:56,,,,,False,,,,,,,202209240810-KDMX-WWUS73-NPWDMX,CURTIS For more informat,2022
DVN,2022-09-24 08:02,2022-09-24 15:00,2022-09-24 08:02,202209241400,FG,C,Y,8,EXT,IAZ098,1268.9910888671875,2022-09-24 13:32,,,,,False,,,,,,,202209240802-KDVN-WWUS73-NPWDVN,,2022
DVN,2022-09-28 05:00,2022-09-28 13:00,2022-09-27 18:53,202209281300,FR,C,Y,2,EXP,IAZ089,1111.77099609375,2022-09-28 13:03,,,,,False,,,,,,,202209271853-KDVN-WWUS73-NPWDVN,,2022
DVN,2022-09-28 05:00,2022-09-28 13:00,2022-09-27 18:53,202209281300,FR,C,Y,2,EXP,ILZ018,445.4915771484375,2022-09-28 13:03,,,,,False,,,,,,,202209271853-KDVN-WWUS73-NPWDVN,,2022
DVN,2022-09-28 05:00,2022-09-28 13:00,2022-09-27 18:53,202209281300,FR,C,Y,2,EXP,IAZ052,1873.4979248046875,2022-09-28 13:03,,,,,False,,,,,,,202209271853-KDVN-WWUS73-NPWDVN,,2022
DVN,2022-09-28 05:00,2022-09-28 13:00,2022-09-27 18:53,202209281300,FR,C,Y,2,EXP,IAZ066,1836.62548828125,2022-09-28 13:03,,,,,False,,,,,,,202209271853-KDVN-WWUS73-NPWDVN,,2022
DVN,2022-09-28 05:00,2022-09-28 13:00,2022-09-27 18:53,202209281300,FR,C,Y,2,EXP,IAZ042,1594.415771484375,2022-09-28 13:03,,,,,False,,,,,,,202209271853-KDVN-WWUS73-NPWDVN,,2022
DVN,2022-09-28 05:00,2022-09-28 13:00,2022-09-27 18:53,202209281300,FR,C,Y,2,EXP,ILZ035,1526.325439453125,2022-09-28 13:03,,,,,False,,,,,,,202209271853-KDVN-WWUS73-NPWDVN,,2022
DVN,2022-09-28 05:00,2022-09-28 13:00,2022-09-27 18:53,202209281300,FR,C,Y,2,EXP,MOZ009,1136.363037109375,2022-09-28 13:03,,,,,False,,,,,,,202209271853-KDVN-WWUS73-NPWDVN,,2022
DVN,2022-09-28 05:00,2022-09-28 13:00,2022-09-27 18:53,202209281300,FR,C,Y,2,EXP,ILZ001,1599.9151611328125,2022-09-28 13:03,,,,,False,,,,,,,202209271853-KDVN-WWUS73-NPWDVN,,2022
DVN,2022-09-29 06:00,2022-09-29 12:00,2022-09-28 20:00,202209291200,FR,C,Y,3,EXP,ILZ018,445.4915771484375,2022-09-29 11:57,,,,,False,,,,,,,202209282000-KDVN-WWUS73-NPWDVN,,2022
DVN,2022-09-29 06:00,2022-09-29 12:00,2022-09-28 20:00,202209291200,FR,C,Y,3,EXP,IAZ064,1612.1790771484375,2022-09-29 11:57,,,,,False,,,,,,,202209282000-KDVN-WWUS73-NPWDVN,,2022
KEY,2022-09-26 18:38,2022-09-26 19:18,2022-09-26 18:38,202209261945,MA,C,W,389,CAN,GMZ053,1826.0162353515625,2022-09-26 19:18,,,,,False,,,,,,,202209261838-KKEY-WHUS52-SMWKEY,TW,2022
KEY,2022-09-26 18:44,2022-09-26 19:17,2022-09-26 18:44,202209261930,MA,C,W,390,CAN,GMZ052,2480.46630859375,2022-09-26 19:17,,,,,False,,,,,,,202209261844-KKEY-WHUS52-SMWKEY,TW,2022
JSJ,2022-09-27 17:19,2022-09-27 20:30,2022-09-27 17:19,202209272030,FA,C,Y,285,EXP,PRC083,120.87464141845703,2022-09-27 20:26,00000,N,ER,OO,False,,,,,,,202209271719-TJSJ-WGCA82-FLSSJU,DSR,2022
JSJ,2022-09-27 17:19,2022-09-27 20:30,2022-09-27 17:19,202209272030,FA,C,Y,285,EXP,PRC097,195.86607360839844,2022-09-27 20:26,00000,N,ER,OO,False,,,,,,,202209271719-TJSJ-WGCA82-FLSSJU,DSR,2022
JSJ,2022-09-27 17:19,2022-09-27 20:30,2022-09-27 17:19,202209272030,FA,C,Y,285,EXP,PRC011,107.65711212158203,2022-09-27 20:26,00000,N,ER,OO,False,,,,,,,202209271719-TJSJ-WGCA82-FLSSJU,DSR,2022
JSJ,2022-09-28 16:51,2022-09-28 20:00,2022-09-28 16:51,202209282000,FA,C,Y,286,EXP,PRC059,110.13850402832031,2022-09-28 19:58,00000,N,ER,OO,False,,,,,,,202209281651-TJSJ-WGCA82-FLSSJU,CRS,2022
KEY,2022-09-27 06:08,2022-09-27 06:45,2022-09-27 06:08,202209270645,MA,C,W,396,EXP,GMZ043,403.7940368652344,2022-09-27 06:42,,,,,False,,,,,,,202209270608-KKEY-WHUS52-SMWKEY,KBL,2022
KEY,2022-09-27 06:08,2022-09-27 06:45,2022-09-27 06:08,202209270645,MA,C,W,396,EXP,GMZ042,657.9878540039062,2022-09-27 06:42,,,,,False,,,,,,,202209270608-KKEY-WHUS52-SMWKEY,KBL,2022
CHS,2022-09-27 15:22,2022-09-28 03:27,2022-09-27 15:22,202210181522,TR,C,A,1009,UPG,AMZ352,2837.103759765625,2022-09-28 03:27,,,,,False,,,,,,,202209271522-KCHS-WHUS72-MWWCHS,,2022
CHS,2022-09-28 03:16,2022-09-30 20:58,2022-09-28 03:16,202210190316,TR,C,W,1009,CAN,GAZ117,115.85345458984375,2022-09-30 20:58,,,,,False,,,,,,,202209280316-KCHS-WTUS82-TCVCHS,,2022
CHS,2022-09-28 03:16,2022-09-30 20:58,2022-09-28 03:16,202210190316,TR,C,W,1009,CAN,GAZ141,510.72686767578125,2022-09-30 20:58,,,,,False,,,,,,,202209280316-KCHS-WTUS82-TCVCHS,,2022
CHS,2022-09-28 03:27,2022-09-29 15:10,2022-09-28 03:27,202210190327,TR,C,W,1009,UPG,AMZ350,4509.06201171875,2022-09-29 15:10,,,,,False,,,,,,,202209280327-KCHS-WHUS72-MWWCHS,,2022
CHS,2022-09-28 03:27,2022-09-29 15:10,2022-09-28 03:27,202210190327,TR,C,W,1009,UPG,AMZ374,4974.74951171875,2022-09-29 15:10,,,,,False,,,,,,,202209280327-KCHS-WHUS72-MWWCHS,,2022
CHS,2022-09-28 12:00,2022-10-01 00:00,2022-09-27 21:18,202209300000,RP,C,S,6,EXP,GAZ117,115.85345458984375,2022-10-01 00:03,,,,,False,,,,,,,202209272118-KCHS-WHUS42-CFWCHS,,2022
CHS,2022-09-28 19:54,2022-10-01 02:15,2022-09-27 21:18,202210020000,SU,C,Y,4,CAN,GAZ141,510.72686767578125,2022-10-01 02:15,,,,,False,,,,,,,202209272118-KCHS-WHUS42-CFWCHS,,2022
CHS,2022-09-28 21:13,2022-09-30 08:56,2022-09-28 21:13,202210192113,TR,C,A,1009,UPG,GAZ087,913.1319580078125,2022-09-30 08:56,,,,,False,,,,,,,202209282113-KCHS-WTUS82-TCVCHS,,2022
CHS,2022-09-28 21:13,2022-09-30 08:56,2022-09-28 21:13,202210192113,TR,C,A,1009,UPG,GAZ099,644.7369995117188,2022-09-30 08:56,,,,,False,,,,,,,202209282113-KCHS-WTUS82-TCVCHS,,2022
CHS,2022-09-28 21:13,2022-09-30 08:56,2022-09-28 21:13,202210192113,TR,C,A,1009,UPG,GAZ114,1265.9200439453125,2022-09-30 08:56,,,,,False,,,,,,,202209282113-KCHS-WTUS82-TCVCHS,,2022
CHS,2022-09-29 03:07,2022-09-30 20:58,2022-09-29 03:07,202210200307,TR,C,W,1009,CAN,GAZ101,1255.740234375,2022-09-30 20:58,,,,,False,,,,,,,202209290307-KCHS-WTUS82-TCVCHS,,2022
CHS,2022-09-29 15:10,2022-09-30 21:02,2022-09-29 15:10,202210201510,HU,C,W,1009,CAN,AMZ352,2837.103759765625,2022-09-30 21:02,,,,,False,,,,,,,202209291510-KCHS-WHUS72-MWWCHS,,2022
CHS,2022-09-29 15:16,2022-09-30 20:58,2022-09-29 15:16,202210201516,HU,C,W,1009,CAN,SCZ051,330.49554443359375,2022-09-30 20:58,,,,,False,,,,,,,202209291516-KCHS-WTUS82-TCVCHS,,2022
CHS,2022-09-29 15:16,2022-09-30 20:58,2022-09-29 15:16,202210201516,HU,C,W,1009,CAN,SCZ052,307.99188232421875,2022-09-30 20:58,,,,,False,,,,,,,202209291516-KCHS-WTUS82-TCVCHS,,2022
CLE,2022-09-25 11:58,2022-09-25 14:00,2022-09-25 11:58,202209251400,MA,C,W,57,EXP,LEZ149,693.0765991210938,2022-09-25 13:54,,,,,False,,,,,,,202209251158-KCLE-WHUS51-SMWCLE,Sullivan,2022
CLE,2022-09-25 11:58,2022-09-25 14:00,2022-09-25 11:58,202209251400,MA,C,W,57,EXP,LEZ147,455.7435607910156,2022-09-25 13:54,,,,,False,,,,,,,202209251158-KCLE-WHUS51-SMWCLE,Sullivan,2022
CLE,2022-09-25 11:58,2022-09-25 14:00,2022-09-25 11:58,202209251400,MA,C,W,57,EXP,LEZ148,313.0382080078125,2022-09-25 13:54,,,,,False,,,,,,,202209251158-KCLE-WHUS51-SMWCLE,Sullivan,2022
CLE,2022-09-25 11:58,2022-09-25 13:14,2022-09-25 11:58,202209251400,MA,C,W,57,CAN,LEZ167,1775.855712890625,2022-09-25 13:14,,,,,False,,,,,,,202209251158-KCLE-WHUS51-SMWCLE,Sullivan,2022
CLE,2022-09-25 15:53,2022-09-25 17:19,2022-09-25 15:53,202209251800,MA,C,W,59,CAN,LEZ164,379.52191162109375,2022-09-25 17:19,,,,,False,,,,,,,202209251553-KCLE-WHUS51-SMWCLE,Sefcovic,2022
CLE,2022-09-25 12:00,2022-09-29 08:00,2022-09-25 08:11,202209281200,BH,C,S,25,EXP,OHZ011,1187.269775390625,2022-09-29 08:02,,,,,False,,,,,,,202209250811-KCLE-WHUS41-CFWCLE,,2022
CLE,2022-09-25 13:53,2022-09-25 16:00,2022-09-25 13:53,202209251600,MA,C,W,58,CON,LEZ147,455.7435607910156,2022-09-25 14:35,,,,,False,,,,,,,202209251353-KCLE-WHUS51-SMWCLE,Sefcovic,2022
CLE,2022-09-25 13:53,2022-09-25 16:00,2022-09-25 13:53,202209251600,MA,C,W,58,CON,LEZ146,445.556884765625,2022-09-25 14:35,,,,,False,,,,,,,202209251353-KCLE-WHUS51-SMWCLE,Sefcovic,2022
CLE,2022-09-25 15:53,2022-09-25 17:19,2022-09-25 15:53,202209251800,MA,C,W,59,CAN,LEZ144,473.1642761230469,2022-09-25 17:19,,,,,False,,,,,,,202209251553-KCLE-WHUS51-SMWCLE,Sefcovic,2022
CLE,2022-09-25 13:53,2022-09-25 16:00,2022-09-25 13:53,202209251600,MA,C,W,58,CON,LEZ164,379.52191162109375,2022-09-25 14:35,,,,,False,,,,,,,202209251353-KCLE-WHUS51-SMWCLE,Sefcovic,2022
CLE,2022-09-25 14:00,2022-09-28 07:36,2022-09-25 08:11,202209281200,BH,C,S,25,CAN,OHZ089,258.15478515625,2022-09-28 07:36,,,,,False,,,,,,,202209250811-KCLE-WHUS41-CFWCLE,,2022
CLE,2022-09-25 14:00,2022-09-28 07:36,2022-09-25 08:11,202209281200,BH,C,S,25,CAN,PAZ001,340.1441650390625,2022-09-28 07:36,,,,,False,,,,,,,202209250811-KCLE-WHUS41-CFWCLE,,2022
CLE,2022-09-25 14:51,2022-09-25 18:42,2022-09-25 14:51,202209252000,FA,C,Y,92,CAN,OHC085,599.0610961914062,2022-09-25 18:42,00000,N,ER,OO,False,,,,,,,202209251451-KCLE-WGUS81-FLSCLE,Sefcovic,2022
CLE,2022-09-26 22:34,2022-09-27 01:29,2022-09-26 22:34,202209270230,FF,C,W,24,CAN,OHC007,1835.226806640625,2022-09-27 01:29,00000,0,ER,OO,False,,,,,,,202209262234-KCLE-WGUS51-FFWCLE,26,2022
CLE,2022-09-26 23:05,2022-09-27 02:30,2022-09-26 23:05,202209270230,FA,C,Y,97,EXP,OHC085,599.0610961914062,2022-09-27 02:24,00000,N,ER,OO,False,,,,,,,202209262305-KCLE-WGUS81-FLSCLE,26,2022
DMX,2022-09-28 05:00,2022-09-28 13:00,2022-09-27 19:39,202209281300,FR,C,Y,3,EXP,IAZ028,1136.6864013671875,2022-09-28 13:08,,,,,False,,,,,,,202209271939-KDMX-WWUS73-NPWDMX,,2022
CRP,2022-09-28 18:00,2022-09-30 06:00,2022-09-28 08:54,202209300000,SC,C,Y,70,CON,GMZ275,5363.494140625,2022-09-29 21:01,,,,,False,,,,,,,202209280854-KCRP-WHUS74-MWWCRP,87,2022
CRP,2022-09-26 21:38,2022-09-26 22:30,2022-09-26 21:38,202209262230,MA,C,W,38,NEW,GMZ232,601.5111083984375,2022-09-26 21:38,,,,,False,,,,,,,202209262138-KCRP-WHUS54-SMWCRP,TE,2022
CRP,2022-09-26 21:38,2022-09-26 22:30,2022-09-26 21:38,202209262230,MA,C,W,38,NEW,GMZ236,581.0518798828125,2022-09-26 21:38,,,,,False,,,,,,,202209262138-KCRP-WHUS54-SMWCRP,TE,2022
CRP,2022-09-26 22:15,2022-09-26 23:00,2022-09-26 22:15,202209262300,MA,C,W,39,NEW,GMZ232,601.5111083984375,2022-09-26 22:15,,,,,False,,,,,,,202209262215-KCRP-WHUS54-SMWCRP,TE,2022
CRP,2022-09-28 05:00,2022-10-01 12:00,2022-09-27 19:07,202209301500,CF,C,Y,7,EXP,TXZ345,90.18460845947266,2022-10-01 11:57,,,,,False,,,,,,,202209271907-KCRP-WHUS44-CFWCRP,,2022
CRP,2022-09-28 05:00,2022-10-01 12:00,2022-09-27 19:07,202209301500,CF,C,Y,7,EXP,TXZ443,92.76314544677734,2022-10-01 11:57,,,,,False,,,,,,,202209271907-KCRP-WHUS44-CFWCRP,,2022
CRP,2022-09-28 05:00,2022-10-01 12:00,2022-09-27 19:07,202209301500,CF,C,Y,7,EXP,TXZ442,101.39684295654297,2022-10-01 11:57,,,,,False,,,,,,,202209271907-KCRP-WHUS44-CFWCRP,,2022
CRP,2022-09-28 20:36,2022-09-30 00:00,2022-09-28 20:36,202209300000,RP,C,S,14,CON,TXZ447,183.9686279296875,2022-09-29 20:37,,,,,False,,,,,,,202209282036-KCRP-WHUS44-CFWCRP,TC,2022
CRP,2022-09-28 20:36,2022-09-30 00:00,2022-09-28 20:36,202209300000,RP,C,S,14,CON,TXZ345,90.18460845947266,2022-09-29 20:37,,,,,False,,,,,,,202209282036-KCRP-WHUS44-CFWCRP,TC,2022
CTP,2022-09-25 22:51,2022-09-25 23:15,2022-09-25 22:51,202209252315,SV,C,W,150,CON,PAC037,1267.077392578125,2022-09-25 23:11,,,,,False,,,,,,,202209252251-KCTP-WUUS51-SVRCTP,Dangelo,2022
CYS,2022-09-28 17:00,2022-09-29 01:05,2022-09-28 09:52,202209290200,FW,C,W,22,CAN,WYZ418,11461.8447265625,2022-09-29 01:05,,,,,False,,,,,,,202209280952-KCYS-WWUS85-RFWCYS,CLH,2022
DLH,2022-09-25 15:00,2022-09-26 15:00,2022-09-24 20:32,202209261200,SC,C,Y,99,EXP,LSZ145,506.22515869140625,2022-09-26 14:59,,,,,False,,,,,,,202209242032-KDLH-WHUS73-MWWDLH,Melde,2022
DLH,2022-09-25 15:00,2022-09-26 18:00,2022-09-24 20:32,202209261800,SC,C,Y,99,EXP,LSZ142,286.3812561035156,2022-09-26 18:13,,,,,False,,,,,,,202209242032-KDLH-WHUS73-MWWDLH,Melde,2022
DLH,2022-09-25 15:00,2022-09-27 21:00,2022-09-24 20:32,202209261800,SC,C,Y,99,EXP,LSZ150,1285.3818359375,2022-09-27 20:59,,,,,False,,,,,,,202209242032-KDLH-WHUS73-MWWDLH,Melde,2022
DLH,2022-09-25 15:00,2022-09-26 18:00,2022-09-24 20:32,202209261800,SC,C,Y,99,EXP,LSZ146,382.07763671875,2022-09-26 18:13,,,,,False,,,,,,,202209242032-KDLH-WHUS73-MWWDLH,Melde,2022
DLH,2022-09-25 15:00,2022-09-26 18:00,2022-09-24 20:32,202209261800,SC,C,Y,99,EXP,LSZ147,251.32009887695312,2022-09-26 18:13,,,,,False,,,,,,,202209242032-KDLH-WHUS73-MWWDLH,Melde,2022
DLH,2022-09-25 15:00,2022-09-26 18:00,2022-09-24 20:32,202209261800,SC,C,Y,99,EXP,LSZ143,345.1388854980469,2022-09-26 18:13,,,,,False,,,,,,,202209242032-KDLH-WHUS73-MWWDLH,Melde,2022
DLH,2022-09-25 15:00,2022-09-26 15:00,2022-09-24 20:32,202209261200,SC,C,Y,99,EXP,LSZ144,334.740478515625,2022-09-26 14:59,,,,,False,,,,,,,202209242032-KDLH-WHUS73-MWWDLH,Melde,2022
DLH,2022-09-27 03:00,2022-09-27 16:00,2022-09-26 20:21,202209271500,SC,C,Y,99,EXP,LSZ142,286.3812561035156,2022-09-27 15:58,,,,,False,,,,,,,202209262021-KDLH-WHUS73-MWWDLH,Huyck,2022
DLH,2022-09-27 07:00,2022-09-26 23:31,2022-09-26 19:57,202209271400,FR,C,Y,9,UPG,MNZ018,4648.70654296875,2022-09-26 23:31,,,,,False,,,,,,,202209261957-KDLH-WWUS73-NPWDLH,Huyck,2022
DLH,2022-09-27 07:00,2022-09-26 23:31,2022-09-26 19:57,202209271400,FR,C,Y,9,UPG,MNZ019,8758.10546875,2022-09-26 23:31,,,,,False,,,,,,,202209261957-KDLH-WWUS73-NPWDLH,Huyck,2022
DLH,2022-09-27 07:00,2022-09-27 14:00,2022-09-26 19:57,202209271400,FR,C,Y,9,EXP,WIZ007,2204.03271484375,2022-09-27 14:04,,,,,False,,,,,,,202209261957-KDLH-WWUS73-NPWDLH,Huyck,2022
DLH,2022-09-27 07:00,2022-09-26 23:31,2022-09-26 19:57,202209271400,FR,C,Y,9,UPG,MNZ011,5900.91796875,2022-09-26 23:31,,,,,False,,,,,,,202209261957-KDLH-WWUS73-NPWDLH,Huyck,2022
DLH,2022-09-27 07:00,2022-09-27 14:00,2022-09-26 19:57,202209271400,FR,C,Y,9,EXP,MNZ025,4438.88720703125,2022-09-27 14:04,,,,,False,,,,,,,202209261957-KDLH-WWUS73-NPWDLH,Huyck,2022
DLH,2022-09-27 07:00,2022-09-26 23:31,2022-09-26 19:57,202209271400,FR,C,Y,9,UPG,MNZ010,8144.888671875,2022-09-26 23:31,,,,,False,,,,,,,202209261957-KDLH-WWUS73-NPWDLH,Huyck,2022
DLH,2022-09-27 07:00,2022-09-27 14:00,2022-09-26 19:57,202209271400,FR,C,Y,9,EXP,WIZ006,2274.61767578125,2022-09-27 14:04,,,,,False,,,,,,,202209261957-KDLH-WWUS73-NPWDLH,Huyck,2022
DLH,2022-09-27 07:00,2022-09-27 14:00,2022-09-26 19:57,202209271400,FR,C,Y,9,EXP,WIZ009,3303.09326171875,2022-09-27 14:04,,,,,False,,,,,,,202209261957-KDLH-WWUS73-NPWDLH,Huyck,2022
DLH,2022-09-27 07:00,2022-09-27 14:00,2022-09-26 19:57,202209271400,FR,C,Y,9,EXP,MNZ037,4808.8994140625,2022-09-27 14:04,,,,,False,,,,,,,202209261957-KDLH-WWUS73-NPWDLH,Huyck,2022
DLH,2022-09-27 07:00,2022-09-27 14:00,2022-09-26 19:57,202209271400,FR,C,Y,9,EXP,MNZ026,2912.47705078125,2022-09-27 14:04,,,,,False,,,,,,,202209261957-KDLH-WWUS73-NPWDLH,Huyck,2022
DLH,2022-09-27 07:00,2022-09-27 14:00,2022-09-26 19:57,202209271400,FR,C,Y,9,EXP,WIZ002,3908.259033203125,2022-09-27 14:04,,,,,False,,,,,,,202209261957-KDLH-WWUS73-NPWDLH,Huyck,2022
DLH,2022-09-27 07:00,2022-09-27 14:00,2022-09-26 19:57,202209271400,FR,C,Y,9,EXP,MNZ036,2706.731201171875,2022-09-27 14:04,,,,,False,,,,,,,202209261957-KDLH-WWUS73-NPWDLH,Huyck,2022
DLH,2022-09-27 07:00,2022-09-27 14:00,2022-09-26 19:57,202209271400,FR,C,Y,9,EXP,WIZ008,3488.464111328125,2022-09-27 14:04,,,,,False,,,,,,,202209261957-KDLH-WWUS73-NPWDLH,Huyck,2022
DLH,2022-09-27 07:00,2022-09-27 14:00,2022-09-26 19:57,202209271400,FR,C,Y,9,EXP,MNZ033,1796.98388671875,2022-09-27 14:04,,,,,False,,,,,,,202209261957-KDLH-WWUS73-NPWDLH,Huyck,2022
DLH,2022-09-28 05:00,2022-09-28 13:00,2022-09-27 19:25,202209281300,FZ,C,W,3,EXP,MNZ034,2987.676513671875,2022-09-28 13:14,,,,,False,,,,,,,202209271925-KDLH-WWUS73-NPWDLH,BJH,2022
DLH,2022-09-28 05:00,2022-09-28 13:00,2022-09-27 19:25,202209281300,FZ,C,W,3,EXP,WIZ003,2724.784912109375,2022-09-28 13:14,,,,,False,,,,,,,202209271925-KDLH-WWUS73-NPWDLH,BJH,2022
DLH,2022-09-28 05:00,2022-09-28 13:00,2022-09-27 19:25,202209281300,FZ,C,W,3,EXP,WIZ008,3488.464111328125,2022-09-28 13:14,,,,,False,,,,,,,202209271925-KDLH-WWUS73-NPWDLH,BJH,2022
DLH,2022-09-28 05:00,2022-09-28 13:00,2022-09-27 19:25,202209281300,FZ,C,W,3,EXP,WIZ001,3444.07470703125,2022-09-28 13:14,,,,,False,,,,,,,202209271925-KDLH-WWUS73-NPWDLH,BJH,2022
DVN,2022-09-24 08:02,2022-09-24 15:00,2022-09-24 08:02,202209241400,FG,C,Y,8,EXT,IAZ087,1129.4781494140625,2022-09-24 13:32,,,,,False,,,,,,,202209240802-KDVN-WWUS73-NPWDVN,,2022
DVN,2022-09-28 05:00,2022-09-28 13:00,2022-09-27 18:53,202209281300,FR,C,Y,2,EXP,ILZ017,2258.540283203125,2022-09-28 13:03,,,,,False,,,,,,,202209271853-KDVN-WWUS73-NPWDVN,,2022
DVN,2022-09-28 05:00,2022-09-28 13:00,2022-09-27 18:53,202209281300,FR,C,Y,2,EXP,IAZ064,1612.1790771484375,2022-09-28 13:03,,,,,False,,,,,,,202209271853-KDVN-WWUS73-NPWDVN,,2022
DVN,2022-09-28 05:00,2022-09-28 13:00,2022-09-27 18:53,202209281300,FR,C,Y,2,EXP,IAZ099,1393.6312255859375,2022-09-28 13:03,,,,,False,,,,,,,202209271853-KDVN-WWUS73-NPWDVN,,2022
DVN,2022-09-28 05:00,2022-09-28 13:00,2022-09-27 18:53,202209281300,FR,C,Y,2,EXP,ILZ009,1802.503173828125,2022-09-28 13:03,,,,,False,,,,,,,202209271853-KDVN-WWUS73-NPWDVN,,2022
DVN,2022-09-28 05:00,2022-09-28 13:00,2022-09-27 18:53,202209281300,FR,C,Y,2,EXP,ILZ002,1460.15283203125,2022-09-28 13:03,,,,,False,,,,,,,202209271853-KDVN-WWUS73-NPWDVN,,2022
DVN,2022-09-28 05:00,2022-09-28 13:00,2022-09-27 18:53,202209281300,FR,C,Y,2,EXP,IAZ041,1497.22705078125,2022-09-28 13:03,,,,,False,,,,,,,202209271853-KDVN-WWUS73-NPWDVN,,2022
DVN,2022-09-28 05:00,2022-09-28 13:00,2022-09-27 18:53,202209281300,FR,C,Y,2,EXP,IAZ088,1129.5335693359375,2022-09-28 13:03,,,,,False,,,,,,,202209271853-KDVN-WWUS73-NPWDVN,,2022
DVN,2022-09-28 05:00,2022-09-28 13:00,2022-09-27 18:53,202209281300,FR,C,Y,2,EXP,IAZ040,1482.56787109375,2022-09-28 13:03,,,,,False,,,,,,,202209271853-KDVN-WWUS73-NPWDVN,,2022
DVN,2022-09-28 05:00,2022-09-28 13:00,2022-09-27 18:53,202209281300,FR,C,Y,2,EXP,ILZ016,2135.267578125,2022-09-28 13:03,,,,,False,,,,,,,202209271853-KDVN-WWUS73-NPWDVN,,2022
DVN,2022-09-28 05:00,2022-09-28 13:00,2022-09-27 18:53,202209281300,FR,C,Y,2,EXP,ILZ024,1471.4398193359375,2022-09-28 13:03,,,,,False,,,,,,,202209271853-KDVN-WWUS73-NPWDVN,,2022
DVN,2022-09-28 05:00,2022-09-28 13:00,2022-09-27 18:53,202209281300,FR,C,Y,2,EXP,ILZ026,1405.1163330078125,2022-09-28 13:03,,,,,False,,,,,,,202209271853-KDVN-WWUS73-NPWDVN,,2022
DVN,2022-09-28 05:00,2022-09-28 13:00,2022-09-27 18:53,202209281300,FR,C,Y,2,EXP,ILZ034,2107.193359375,2022-09-28 13:03,,,,,False,,,,,,,202209271853-KDVN-WWUS73-NPWDVN,,2022
DVN,2022-09-28 05:00,2022-09-28 13:00,2022-09-27 18:53,202209281300,FR,C,Y,2,EXP,MOZ010,1324.215087890625,2022-09-28 13:03,,,,,False,,,,,,,202209271853-KDVN-WWUS73-NPWDVN,,2022
DVN,2022-09-29 06:00,2022-09-29 12:00,2022-09-28 20:00,202209291200,FR,C,Y,3,EXP,IAZ042,1594.415771484375,2022-09-29 11:57,,,,,False,,,,,,,202209282000-KDVN-WWUS73-NPWDVN,,2022
DVN,2022-09-29 06:00,2022-09-29 12:00,2022-09-28 20:00,202209291200,FR,C,Y,3,EXP,IAZ065,1505.174072265625,2022-09-29 11:57,,,,,False,,,,,,,202209282000-KDVN-WWUS73-NPWDVN,,2022
DVN,2022-09-29 06:00,2022-09-29 12:00,2022-09-28 20:00,202209291200,FR,C,Y,3,EXP,ILZ017,2258.540283203125,2022-09-29 11:57,,,,,False,,,,,,,202209282000-KDVN-WWUS73-NPWDVN,,2022
DVN,2022-09-29 06:00,2022-09-29 12:00,2022-09-28 20:00,202209291200,FR,C,Y,3,EXP,ILZ002,1460.15283203125,2022-09-29 11:57,,,,,False,,,,,,,202209282000-KDVN-WWUS73-NPWDVN,,2022
DVN,2022-09-29 06:00,2022-09-29 12:00,2022-09-28 20:00,202209291200,FR,C,Y,3,EXP,IAZ054,1680.2783203125,2022-09-29 11:57,,,,,False,,,,,,,202209282000-KDVN-WWUS73-NPWDVN,,2022
KEY,2022-09-26 18:38,2022-09-26 19:18,2022-09-26 18:38,202209261945,MA,C,W,389,CAN,GMZ032,2121.407470703125,2022-09-26 19:18,,,,,False,,,,,,,202209261838-KKEY-WHUS52-SMWKEY,TW,2022
KEY,2022-09-26 18:44,2022-09-26 19:17,2022-09-26 18:44,202209261930,MA,C,W,390,CAN,GMZ031,1551.919189453125,2022-09-26 19:17,,,,,False,,,,,,,202209261844-KKEY-WHUS52-SMWKEY,TW,2022
JSJ,2022-09-24 18:17,2022-09-24 20:15,2022-09-24 18:17,202209242015,FA,C,Y,280,EXP,PRC011,107.65711212158203,2022-09-24 20:13,00000,N,ER,OO,False,,,,,,,202209241817-TJSJ-WGCA82-FLSSJU,JA,2022
JSJ,2022-09-25 19:34,2022-09-25 21:30,2022-09-25 19:34,202209252130,FA,C,Y,281,NEW,PRC117,38.64507293701172,2022-09-25 19:34,00000,N,ER,OO,False,,,,,,,202209251934-TJSJ-WGCA82-FLSSJU,CAM,2022
JSJ,2022-09-25 19:34,2022-09-25 21:30,2022-09-25 19:34,202209252130,FA,C,Y,281,NEW,PRC099,130.62496948242188,2022-09-25 19:34,00000,N,ER,OO,False,,,,,,,202209251934-TJSJ-WGCA82-FLSSJU,CAM,2022
JSJ,2022-09-25 19:34,2022-09-25 21:30,2022-09-25 19:34,202209252130,FA,C,Y,281,NEW,PRC003,80.42816925048828,2022-09-25 19:34,00000,N,ER,OO,False,,,,,,,202209251934-TJSJ-WGCA82-FLSSJU,CAM,2022
JSJ,2022-09-25 19:34,2022-09-25 21:30,2022-09-25 19:34,202209252130,FA,C,Y,281,NEW,PRC011,107.65711212158203,2022-09-25 19:34,00000,N,ER,OO,False,,,,,,,202209251934-TJSJ-WGCA82-FLSSJU,CAM,2022
JSJ,2022-09-26 14:14,2022-09-28 07:57,2022-09-26 14:14,202209262200,RP,C,S,69,CAN,PRZ001,636.732421875,2022-09-28 07:57,,,,,False,,,,,,,202209261414-TJSJ-WHCA42-CFWSJU,,2022
JSJ,2022-09-26 14:14,2022-09-28 07:57,2022-09-26 14:14,202209262200,RP,C,S,69,CAN,PRZ002,767.0964965820312,2022-09-28 07:57,,,,,False,,,,,,,202209261414-TJSJ-WHCA42-CFWSJU,,2022
KEY,2022-09-27 06:02,2022-09-27 06:16,2022-09-27 06:02,202209270630,MA,C,W,395,CAN,GMZ073,5871.7607421875,2022-09-27 06:16,,,,,False,,,,,,,202209270602-KKEY-WHUS52-SMWKEY,JAM,2022
KEY,2022-09-27 08:59,2022-09-27 09:30,2022-09-27 08:59,202209270930,MA,C,W,400,EXP,GMZ052,2480.46630859375,2022-09-27 09:32,,,,,False,,,,,,,202209270859-KKEY-WHUS52-SMWKEY,JAM,2022
KEY,2022-09-27 11:38,2022-09-27 12:05,2022-09-27 11:38,202209271245,MA,C,W,404,CAN,GMZ052,2480.46630859375,2022-09-27 12:05,,,,,False,,,,,,,202209271138-KKEY-WHUS52-SMWKEY,Ware,2022
KEY,2022-09-27 12:06,2022-09-27 12:14,2022-09-27 12:06,202209271300,MA,C,W,405,CAN,GMZ031,1551.919189453125,2022-09-27 12:14,,,,,False,,,,,,,202209271206-KKEY-WHUS52-SMWKEY,TW,2022
KEY,2022-09-27 12:06,2022-09-27 12:14,2022-09-27 12:06,202209271300,MA,C,W,405,CAN,GMZ042,657.9878540039062,2022-09-27 12:14,,,,,False,,,,,,,202209271206-KKEY-WHUS52-SMWKEY,TW,2022
KEY,2022-09-27 12:06,2022-09-27 12:14,2022-09-27 12:06,202209271300,MA,C,W,405,CAN,GMZ052,2480.46630859375,2022-09-27 12:14,,,,,False,,,,,,,202209271206-KKEY-WHUS52-SMWKEY,TW,2022
KEY,2022-09-27 12:12,2022-09-27 12:30,2022-09-27 12:12,202209271230,MA,C,W,406,EXP,GMZ072,6507.1220703125,2022-09-27 12:22,,,,,False,,,,,,,202209271212-KKEY-WHUS52-SMWKEY,TW,2022
KEY,2022-09-27 12:12,2022-09-27 12:30,2022-09-27 12:12,202209271230,MA,C,W,406,EXP,GMZ052,2480.46630859375,2022-09-27 12:22,,,,,False,,,,,,,202209271212-KKEY-WHUS52-SMWKEY,TW,2022
KEY,2022-09-27 12:21,2022-09-27 12:46,2022-09-27 12:21,202209271315,MA,C,W,407,CAN,GMZ031,1551.919189453125,2022-09-27 12:46,,,,,False,,,,,,,202209271221-KKEY-WHUS52-SMWKEY,TW,2022
KEY,2022-09-27 12:21,2022-09-27 12:46,2022-09-27 12:21,202209271315,MA,C,W,407,CAN,GMZ042,657.9878540039062,2022-09-27 12:46,,,,,False,,,,,,,202209271221-KKEY-WHUS52-SMWKEY,TW,2022
KEY,2022-09-27 12:21,2022-09-27 12:46,2022-09-27 12:21,202209271315,MA,C,W,407,CAN,GMZ052,2480.46630859375,2022-09-27 12:46,,,,,False,,,,,,,202209271221-KKEY-WHUS52-SMWKEY,TW,2022
KEY,2022-09-27 13:00,2022-09-27 20:46,2022-09-27 13:00,202209272100,TO,C,A,544,CAN,GMZ031,1551.919189453125,2022-09-27 20:46,,,,,False,,,,,,,202209271300-KKEY-WWUS62-WCNKEY,CLR,2022
KEY,2022-09-27 15:35,2022-09-27 21:14,2022-09-27 15:35,202210181535,TR,C,A,1009,UPG,GMZ042,657.9878540039062,2022-09-27 21:14,,,,,False,,,,,,,202209271535-KKEY-WHUS72-MWWKEY,CLR,2022
KEY,2022-09-27 15:35,2022-09-27 21:14,2022-09-27 15:35,202210181535,TR,C,A,1009,UPG,GMZ072,6507.1220703125,2022-09-27 21:14,,,,,False,,,,,,,202209271535-KKEY-WHUS72-MWWKEY,CLR,2022
KEY,2022-09-27 15:35,2022-09-27 21:14,2022-09-27 15:35,202210181535,TR,C,A,1009,UPG,GMZ052,2480.46630859375,2022-09-27 21:14,,,,,False,,,,,,,202209271535-KKEY-WHUS72-MWWKEY,CLR,2022
MPX,2022-09-27 09:00,2022-09-27 13:00,2022-09-26 19:23,202209271300,FR,C,Y,3,CON,WIZ015,2299.761474609375,2022-09-27 08:06,,,,,False,,,,,,,202209261923-KMPX-WWUS73-NPWMPX,,2022
MPX,2022-09-27 09:00,2022-09-27 08:06,2022-09-26 19:23,202209271300,FR,C,Y,3,CAN,MNZ043,2979.83251953125,2022-09-27 08:06,,,,,False,,,,,,,202209261923-KMPX-WWUS73-NPWMPX,,2022
MPX,2022-09-27 09:00,2022-09-27 08:06,2022-09-26 19:23,202209271300,FR,C,Y,3,CAN,WIZ028,1667.4818115234375,2022-09-27 08:06,,,,,False,,,,,,,202209261923-KMPX-WWUS73-NPWMPX,,2022
MQT,2022-09-25 19:00,2022-09-26 06:00,2022-09-25 08:32,202209271200,SC,C,Y,146,EXT,LSZ243,264.9060974121094,2022-09-26 05:34,,,,,False,,,,,,,202209250832-KMQT-WHUS73-MWWMQT,,2022
MQT,2022-09-25 21:00,2022-09-28 06:00,2022-09-25 08:32,202209271200,SC,C,Y,146,CON,LSZ247,506.9858093261719,2022-09-28 01:55,,,,,False,,,,,,,202209250832-KMQT-WHUS73-MWWMQT,,2022
MQT,2022-09-25 21:00,2022-09-28 01:00,2022-09-25 08:32,202209271200,SC,C,Y,146,CON,LSZ246,501.5821838378906,2022-09-27 19:54,,,,,False,,,,,,,202209250832-KMQT-WHUS73-MWWMQT,,2022
MRX,2022-09-25 21:22,2022-09-25 21:45,2022-09-25 21:22,202209252145,SV,C,W,182,EXP,TNC067,578.4925537109375,2022-09-25 21:45,,,,,False,,,,,,,202209252122-KMRX-WUUS54-SVRMRX,BW,2022
MRX,2022-09-25 21:22,2022-09-25 21:45,2022-09-25 21:22,202209252145,SV,C,W,182,EXP,TNC025,1143.38232421875,2022-09-25 21:45,,,,,False,,,,,,,202209252122-KMRX-WUUS54-SVRMRX,BW,2022
MRX,2022-09-25 21:34,2022-09-25 22:00,2022-09-25 21:34,202209252200,SV,C,W,183,EXP,TNC013,1290.5933837890625,2022-09-25 21:54,,,,,False,,,,,,,202209252134-KMRX-WUUS54-SVRMRX,BW,2022
MRX,2022-09-25 21:34,2022-09-25 22:00,2022-09-25 21:34,202209252200,SV,C,W,183,EXP,TNC129,1352.7918701171875,2022-09-25 21:54,,,,,False,,,,,,,202209252134-KMRX-WUUS54-SVRMRX,BW,2022
MRX,2022-09-25 21:34,2022-09-25 22:00,2022-09-25 21:34,202209252200,SV,C,W,183,EXP,TNC001,892.6456909179688,2022-09-25 21:54,,,,,False,,,,,,,202209252134-KMRX-WUUS54-SVRMRX,BW,2022
MRX,2022-09-25 21:34,2022-09-25 22:00,2022-09-25 21:34,202209252200,SV,C,W,183,EXP,TNC151,1380.8104248046875,2022-09-25 21:54,,,,,False,,,,,,,202209252134-KMRX-WUUS54-SVRMRX,BW,2022
OAX,2022-09-24 07:31,2022-09-24 14:00,2022-09-24 07:31,202209241400,FG,C,Y,7,EXP,IAZ080,1098.78515625,2022-09-24 14:02,,,,,False,,,,,,,202209240731-KOAX-WWUS73-NPWOAX,,2022
OAX,2022-09-24 07:31,2022-09-24 13:16,2022-09-24 07:31,202209241400,FG,C,Y,7,CAN,NEZ091,1065.5924072265625,2022-09-24 13:16,,,,,False,,,,,,,202209240731-KOAX-WWUS73-NPWOAX,,2022
OAX,2022-09-24 07:31,2022-09-24 13:16,2022-09-24 07:31,202209241400,FG,C,Y,7,CAN,NEZ093,1438.43310546875,2022-09-24 13:16,,,,,False,,,,,,,202209240731-KOAX-WWUS73-NPWOAX,,2022
OAX,2022-09-24 07:31,2022-09-24 14:00,2022-09-24 07:31,202209241400,FG,C,Y,7,EXP,IAZ069,2482.59521484375,2022-09-24 14:02,,,,,False,,,,,,,202209240731-KOAX-WWUS73-NPWOAX,,2022
OAX,2022-09-28 11:04,2022-09-28 13:00,2022-09-28 11:04,202209281300,FR,C,Y,2,EXP,NEZ018,1146.637451171875,2022-09-28 12:57,,,,,False,,,,,,,202209281104-KOAX-WWUS73-NPWOAX,,2022
OKX,2022-09-25 15:00,2022-09-27 08:00,2022-09-24 19:25,202209261000,SC,C,Y,89,EXP,ANZ350,3316.000244140625,2022-09-27 08:04,,,,,False,,,,,,,202209241925-KOKX-WHUS71-MWWOKX,"For more details, see th",2022
OKX,2022-09-25 15:00,2022-09-27 00:00,2022-09-24 19:25,202209261000,SC,C,Y,89,EXP,ANZ355,2076.60107421875,2022-09-27 00:06,,,,,False,,,,,,,202209241925-KOKX-WHUS71-MWWOKX,"For more details, see th",2022
OKX,2022-09-25 18:00,2022-09-27 00:06,2022-09-24 19:25,202209261000,SC,C,Y,89,CAN,ANZ331,1599.0645751953125,2022-09-27 00:06,,,,,False,,,,,,,202209241925-KOKX-WHUS71-MWWOKX,"For more details, see th",2022
DVN,2022-09-28 05:00,2022-09-28 13:00,2022-09-27 18:53,202209281300,FR,C,Y,2,EXP,IAZ054,1680.2783203125,2022-09-28 13:03,,,,,False,,,,,,,202209271853-KDVN-WWUS73-NPWDVN,,2022
DVN,2022-09-28 05:00,2022-09-28 13:00,2022-09-27 18:53,202209281300,FR,C,Y,2,EXP,IAZ068,1210.775146484375,2022-09-28 13:03,,,,,False,,,,,,,202209271853-KDVN-WWUS73-NPWDVN,,2022
DVN,2022-09-28 05:00,2022-09-28 13:00,2022-09-27 18:53,202209281300,FR,C,Y,2,EXP,IAZ078,1080.3140869140625,2022-09-28 13:03,,,,,False,,,,,,,202209271853-KDVN-WWUS73-NPWDVN,,2022
DVN,2022-09-28 05:00,2022-09-28 13:00,2022-09-27 18:53,202209281300,FR,C,Y,2,EXP,IAZ076,1499.9422607421875,2022-09-28 13:03,,,,,False,,,,,,,202209271853-KDVN-WWUS73-NPWDVN,,2022
DVN,2022-09-28 05:00,2022-09-28 13:00,2022-09-27 18:53,202209281300,FR,C,Y,2,EXP,IAZ077,1476.233642578125,2022-09-28 13:03,,,,,False,,,,,,,202209271853-KDVN-WWUS73-NPWDVN,,2022
DVN,2022-09-28 05:00,2022-09-28 13:00,2022-09-27 18:53,202209281300,FR,C,Y,2,EXP,IAZ067,1161.4217529296875,2022-09-28 13:03,,,,,False,,,,,,,202209271853-KDVN-WWUS73-NPWDVN,,2022
DVN,2022-09-29 06:00,2022-09-29 12:00,2022-09-28 20:00,202209291200,FR,C,Y,3,EXP,ILZ007,1204.3431396484375,2022-09-29 11:57,,,,,False,,,,,,,202209282000-KDVN-WWUS73-NPWDVN,,2022
DVN,2022-09-29 06:00,2022-09-29 12:00,2022-09-28 20:00,202209291200,FR,C,Y,3,EXP,IAZ067,1161.4217529296875,2022-09-29 11:57,,,,,False,,,,,,,202209282000-KDVN-WWUS73-NPWDVN,,2022
DVN,2022-09-29 06:00,2022-09-29 12:00,2022-09-28 20:00,202209291200,FR,C,Y,3,EXP,ILZ016,2135.267578125,2022-09-29 11:57,,,,,False,,,,,,,202209282000-KDVN-WWUS73-NPWDVN,,2022
DVN,2022-09-29 06:00,2022-09-29 12:00,2022-09-28 20:00,202209291200,FR,C,Y,3,EXP,IAZ078,1080.3140869140625,2022-09-29 11:57,,,,,False,,,,,,,202209282000-KDVN-WWUS73-NPWDVN,,2022
DVN,2022-09-29 06:00,2022-09-29 12:00,2022-09-28 20:00,202209291200,FR,C,Y,3,EXP,IAZ066,1836.62548828125,2022-09-29 11:57,,,,,False,,,,,,,202209282000-KDVN-WWUS73-NPWDVN,,2022
DVN,2022-09-29 06:00,2022-09-29 12:00,2022-09-28 20:00,202209291200,FR,C,Y,3,EXP,ILZ015,1166.84619140625,2022-09-29 11:57,,,,,False,,,,,,,202209282000-KDVN-WWUS73-NPWDVN,,2022
DVN,2022-09-29 06:00,2022-09-29 12:00,2022-09-28 20:00,202209291200,FR,C,Y,3,EXP,ILZ009,1802.503173828125,2022-09-29 11:57,,,,,False,,,,,,,202209282000-KDVN-WWUS73-NPWDVN,,2022
DVN,2022-09-29 06:00,2022-09-29 12:00,2022-09-28 20:00,202209291200,FR,C,Y,3,EXP,IAZ068,1210.775146484375,2022-09-29 11:57,,,,,False,,,,,,,202209282000-KDVN-WWUS73-NPWDVN,,2022
DVN,2022-09-29 06:00,2022-09-29 12:00,2022-09-28 20:00,202209291200,FR,C,Y,3,EXP,IAZ053,1491.2271728515625,2022-09-29 11:57,,,,,False,,,,,,,202209282000-KDVN-WWUS73-NPWDVN,,2022
DVN,2022-09-29 06:00,2022-09-29 12:00,2022-09-28 20:00,202209291200,FR,C,Y,3,EXP,ILZ024,1471.4398193359375,2022-09-29 11:57,,,,,False,,,,,,,202209282000-KDVN-WWUS73-NPWDVN,,2022
DVN,2022-09-29 06:00,2022-09-29 12:00,2022-09-28 20:00,202209291200,FR,C,Y,3,EXP,ILZ001,1599.9151611328125,2022-09-29 11:57,,,,,False,,,,,,,202209282000-KDVN-WWUS73-NPWDVN,,2022
KEY,2022-09-26 18:38,2022-09-26 19:18,2022-09-26 18:38,202209261945,MA,C,W,389,CAN,GMZ044,1400.305419921875,2022-09-26 19:18,,,,,False,,,,,,,202209261838-KKEY-WHUS52-SMWKEY,TW,2022
JSJ,2022-09-26 14:14,2022-09-28 07:57,2022-09-26 14:14,202209262200,RP,C,S,69,CAN,PRZ005,791.2301635742188,2022-09-28 07:57,,,,,False,,,,,,,202209261414-TJSJ-WHCA42-CFWSJU,,2022
JSJ,2022-09-26 17:28,2022-09-26 20:30,2022-09-26 17:28,202209262030,FA,C,Y,282,EXP,PRC021,115.60607147216797,2022-09-26 20:38,00000,N,ER,OO,False,,,,,,,202209261728-TJSJ-WGCA82-FLSSJU,DSR,2022
JSJ,2022-09-26 17:28,2022-09-26 20:30,2022-09-26 17:28,202209262030,FA,C,Y,282,EXP,PRC051,60.49146270751953,2022-09-26 20:38,00000,N,ER,OO,False,,,,,,,202209261728-TJSJ-WGCA82-FLSSJU,DSR,2022
JSJ,2022-09-26 22:00,2022-09-28 07:57,2022-09-26 20:45,202209272200,RP,C,S,69,CAN,VIZ001,132.1327667236328,2022-09-28 07:57,,,,,False,,,,,,,202209262045-TJSJ-WHCA42-CFWSJU,,2022
JSJ,2022-09-27 17:19,2022-09-27 20:30,2022-09-27 17:19,202209272030,FA,C,Y,285,EXP,PRC099,130.62496948242188,2022-09-27 20:26,00000,N,ER,OO,False,,,,,,,202209271719-TJSJ-WGCA82-FLSSJU,DSR,2022
KEY,2022-09-27 04:27,2022-09-27 04:47,2022-09-27 04:27,202209270500,TO,C,W,1,CAN,FLC087,2018.628662109375,2022-09-27 04:47,,,,,False,,,,,,,202209270427-KKEY-WFUS52-TORKEY,JAM,2022
KEY,2022-09-27 09:00,2022-09-28 21:16,2022-09-27 09:00,202210180900,TR,C,W,1009,CAN,FLZ077,32.21444320678711,2022-09-28 21:16,,,,,False,,,,,,,202209270900-KKEY-WTUS82-TCVKEY,,2022
KEY,2022-09-27 09:13,2022-09-28 21:23,2022-09-27 09:13,202210180913,TR,C,W,1009,CAN,GMZ053,1826.0162353515625,2022-09-28 21:23,,,,,False,,,,,,,202209270913-KKEY-WHUS72-MWWKEY,,2022
KEY,2022-09-27 09:13,2022-09-27 21:14,2022-09-27 09:13,202209282000,SC,C,Y,37,CAN,GMZ031,1551.919189453125,2022-09-27 21:14,,,,,False,,,,,,,202209270913-KKEY-WHUS72-MWWKEY,,2022
KEY,2022-09-27 13:00,2022-09-27 20:46,2022-09-27 13:00,202209272100,TO,C,A,544,CAN,GMZ072,6507.1220703125,2022-09-27 20:46,,,,,False,,,,,,,202209271300-KKEY-WWUS62-WCNKEY,CLR,2022
KEY,2022-09-26 05:40,2022-09-26 06:06,2022-09-26 05:40,202209260630,MA,C,W,387,CAN,GMZ052,2480.46630859375,2022-09-26 06:06,,,,,False,,,,,,,202209260540-KKEY-WHUS52-SMWKEY,JAM,2022
KEY,2022-09-26 15:26,2022-09-27 09:13,2022-09-26 15:26,202210171526,TR,C,A,1009,UPG,GMZ073,5871.7607421875,2022-09-27 09:13,,,,,False,,,,,,,202209261526-KKEY-WHUS72-MWWKEY,CLR,2022
KEY,2022-09-26 15:26,2022-09-27 09:13,2022-09-26 15:26,202210171526,TR,C,A,1009,UPG,GMZ043,403.7940368652344,2022-09-27 09:13,,,,,False,,,,,,,202209261526-KKEY-WHUS72-MWWKEY,CLR,2022
KEY,2022-09-26 15:26,2022-09-27 09:13,2022-09-26 15:26,202210171526,TR,C,A,1009,UPG,GMZ053,1826.0162353515625,2022-09-27 09:13,,,,,False,,,,,,,202209261526-KKEY-WHUS72-MWWKEY,CLR,2022
KEY,2022-09-26 15:26,2022-09-27 09:13,2022-09-26 15:26,202210171526,TR,C,A,1009,UPG,GMZ032,2121.407470703125,2022-09-27 09:13,,,,,False,,,,,,,202209261526-KKEY-WHUS72-MWWKEY,CLR,2022
KEY,2022-09-26 18:19,2022-09-26 18:43,2022-09-26 18:19,202209261915,MA,C,W,388,CAN,GMZ052,2480.46630859375,2022-09-26 18:43,,,,,False,,,,,,,202209261819-KKEY-WHUS52-SMWKEY,TW,2022
KEY,2022-09-26 18:19,2022-09-26 18:43,2022-09-26 18:19,202209261915,MA,C,W,388,CAN,GMZ031,1551.919189453125,2022-09-26 18:43,,,,,False,,,,,,,202209261819-KKEY-WHUS52-SMWKEY,TW,2022
KEY,2022-09-26 18:19,2022-09-26 18:43,2022-09-26 18:19,202209261915,MA,C,W,388,CAN,GMZ042,657.9878540039062,2022-09-26 18:43,,,,,False,,,,,,,202209261819-KKEY-WHUS52-SMWKEY,TW,2022
KEY,2022-09-26 18:38,2022-09-26 19:18,2022-09-26 18:38,202209261945,MA,C,W,389,CAN,GMZ054,3879.823974609375,2022-09-26 19:18,,,,,False,,,,,,,202209261838-KKEY-WHUS52-SMWKEY,TW,2022
KEY,2022-09-26 18:38,2022-09-26 19:18,2022-09-26 18:38,202209261945,MA,C,W,389,CAN,GMZ043,403.7940368652344,2022-09-26 19:18,,,,,False,,,,,,,202209261838-KKEY-WHUS52-SMWKEY,TW,2022
KEY,2022-09-26 21:14,2022-09-28 15:07,2022-09-26 21:14,202210172114,HU,C,W,1009,CAN,GMZ055,2426.95703125,2022-09-28 15:07,,,,,False,,,,,,,202209262114-KKEY-WHUS72-MWWKEY,CLR,2022
KEY,2022-09-26 21:14,2022-09-28 15:07,2022-09-26 21:14,202210172114,HU,C,W,1009,CAN,GMZ075,5111.7607421875,2022-09-28 15:07,,,,,False,,,,,,,202209262114-KKEY-WHUS72-MWWKEY,CLR,2022
KEY,2022-09-26 22:24,2022-09-27 09:13,2022-09-26 22:24,202209282000,SC,C,Y,36,CAN,GMZ073,5871.7607421875,2022-09-27 09:13,,,,,False,,,,,,,202209262224-KKEY-WHUS72-MWWKEY,CLR,2022
KEY,2022-09-26 22:24,2022-09-27 09:13,2022-09-26 22:24,202209282000,SC,C,Y,36,CAN,GMZ053,1826.0162353515625,2022-09-27 09:13,,,,,False,,,,,,,202209262224-KKEY-WHUS72-MWWKEY,CLR,2022
KEY,2022-09-27 06:51,2022-09-27 07:15,2022-09-27 06:51,202209270715,MA,C,W,397,EXP,GMZ052,2480.46630859375,2022-09-27 07:14,,,,,False,,,,,,,202209270651-KKEY-WHUS52-SMWKEY,JAM,2022
KEY,2022-09-27 07:50,2022-09-27 08:15,2022-09-27 07:50,202209270815,MA,C,W,398,NEW,GMZ052,2480.46630859375,2022-09-27 07:50,,,,,False,,,,,,,202209270750-KKEY-WHUS52-SMWKEY,JAM,2022
KEY,2022-09-27 08:13,2022-09-27 08:45,2022-09-27 08:13,202209270845,MA,C,W,399,EXP,GMZ052,2480.46630859375,2022-09-27 08:41,,,,,False,,,,,,,202209270813-KKEY-WHUS52-SMWKEY,JAM,2022
KEY,2022-09-27 08:59,2022-09-27 09:30,2022-09-27 08:59,202209270930,MA,C,W,400,EXP,GMZ031,1551.919189453125,2022-09-27 09:32,,,,,False,,,,,,,202209270859-KKEY-WHUS52-SMWKEY,JAM,2022
KEY,2022-09-27 08:59,2022-09-27 09:30,2022-09-27 08:59,202209270930,MA,C,W,400,EXP,GMZ042,657.9878540039062,2022-09-27 09:32,,,,,False,,,,,,,202209270859-KKEY-WHUS52-SMWKEY,JAM,2022
KEY,2022-09-27 10:45,2022-09-27 11:15,2022-09-27 10:45,202209271115,MA,C,W,401,NEW,GMZ042,657.9878540039062,2022-09-27 10:45,,,,,False,,,,,,,202209271045-KKEY-WHUS52-SMWKEY,JAM,2022
KEY,2022-09-27 10:45,2022-09-27 11:15,2022-09-27 10:45,202209271115,MA,C,W,401,NEW,GMZ031,1551.919189453125,2022-09-27 10:45,,,,,False,,,,,,,202209271045-KKEY-WHUS52-SMWKEY,JAM,2022
KEY,2022-09-27 11:23,2022-09-27 11:41,2022-09-27 11:23,202209271230,MA,C,W,402,CAN,GMZ052,2480.46630859375,2022-09-27 11:41,,,,,False,,,,,,,202209271123-KKEY-WHUS52-SMWKEY,TW,2022
KEY,2022-09-27 11:23,2022-09-27 11:41,2022-09-27 11:23,202209271230,MA,C,W,402,CAN,GMZ042,657.9878540039062,2022-09-27 11:41,,,,,False,,,,,,,202209271123-KKEY-WHUS52-SMWKEY,TW,2022
KEY,2022-09-27 11:23,2022-09-27 11:41,2022-09-27 11:23,202209271230,MA,C,W,402,CAN,GMZ072,6507.1220703125,2022-09-27 11:41,,,,,False,,,,,,,202209271123-KKEY-WHUS52-SMWKEY,TW,2022
KEY,2022-09-27 11:25,2022-09-27 11:45,2022-09-27 11:25,202209271145,MA,C,W,403,EXP,GMZ031,1551.919189453125,2022-09-27 11:39,,,,,False,,,,,,,202209271125-KKEY-WHUS52-SMWKEY,TW,2022
KEY,2022-09-28 21:23,2022-09-30 02:23,2022-09-28 21:23,202209290900,SC,C,Y,38,CAN,GMZ054,3879.823974609375,2022-09-30 02:23,,,,,False,,,,,,,202209282123-KKEY-WHUS72-MWWKEY,CLR,2022
KEY,2022-09-28 21:42,2022-09-30 19:04,2022-09-28 21:42,202209291100,CF,C,W,1,CAN,FLZ076,130.48358154296875,2022-09-30 19:04,,,,,False,,,,,,,202209282142-KKEY-WHUS42-CFWKEY,CLR,2022
KEY,2022-09-28 21:42,2022-09-29 07:57,2022-09-28 21:42,202209291100,CF,C,W,1,CAN,FLZ078,194.87217712402344,2022-09-29 07:57,,,,,False,,,,,,,202209282142-KKEY-WHUS42-CFWKEY,CLR,2022
KEY,2022-09-29 07:32,2022-09-30 08:21,2022-09-29 07:32,202209292100,SC,C,Y,38,CAN,GMZ033,9032.248046875,2022-09-30 08:21,,,,,False,,,,,,,202209290732-KKEY-WHUS72-MWWKEY,,2022
KEY,2022-09-29 07:57,2022-09-29 19:59,2022-09-29 07:57,202209292200,CF,C,Y,4,CAN,FLZ078,194.87217712402344,2022-09-29 19:59,,,,,False,,,,,,,202209290757-KKEY-WHUS42-CFWKEY,,2022
KEY,2022-09-29 07:57,2022-09-30 07:58,2022-09-29 07:57,202209292200,CF,C,Y,4,CAN,FLZ077,32.21444320678711,2022-09-30 07:58,,,,,False,,,,,,,202209290757-KKEY-WHUS42-CFWKEY,,2022
KEY,2022-09-29 19:59,2022-09-30 07:58,2022-09-29 19:59,202209301000,CF,C,S,19,CAN,FLZ078,194.87217712402344,2022-09-30 07:58,,,,,False,,,,,,,202209291959-KKEY-WHUS42-CFWKEY,,2022
MQT,2022-09-25 21:00,2022-09-26 06:00,2022-09-25 08:32,202209271200,SC,C,Y,146,EXT,LSZ244,532.0946044921875,2022-09-26 05:34,,,,,False,,,,,,,202209250832-KMQT-WHUS73-MWWMQT,,2022
MQT,2022-09-25 23:00,2022-09-28 18:00,2022-09-25 08:32,202209271200,SC,C,Y,146,CON,LSZ248,661.1909790039062,2022-09-28 14:35,,,,,False,,,,,,,202209250832-KMQT-WHUS73-MWWMQT,,2022
MQT,2022-09-25 23:00,2022-09-28 08:00,2022-09-25 08:32,202209271200,SC,C,Y,146,EXP,LMZ221,1720.406005859375,2022-09-28 08:18,,,,,False,,,,,,,202209250832-KMQT-WHUS73-MWWMQT,,2022
MQT,2022-09-25 23:00,2022-09-26 08:07,2022-09-25 08:32,202209271200,SC,C,Y,146,UPG,LSZ245,294.9344787597656,2022-09-26 08:07,,,,,False,,,,,,,202209250832-KMQT-WHUS73-MWWMQT,,2022
MQT,2022-09-25 23:00,2022-09-28 08:00,2022-09-25 08:32,202209271200,SC,C,Y,146,EXP,LMZ250,299.72491455078125,2022-09-28 08:18,,,,,False,,,,,,,202209250832-KMQT-WHUS73-MWWMQT,,2022
MQT,2022-09-26 00:00,2022-09-28 19:00,2022-09-25 08:32,202209271200,SC,C,Y,146,CON,LSZ249,646.5165405273438,2022-09-28 14:35,,,,,False,,,,,,,202209250832-KMQT-WHUS73-MWWMQT,,2022
MQT,2022-09-26 05:00,2022-09-28 06:00,2022-09-25 08:32,202209271200,SC,C,Y,146,CON,LMZ248,651.1439208984375,2022-09-28 01:55,,,,,False,,,,,,,202209250832-KMQT-WHUS73-MWWMQT,,2022
MQT,2022-09-26 05:00,2022-09-28 17:00,2022-09-25 08:32,202209271200,SC,C,Y,146,CON,LSZ250,549.6109008789062,2022-09-28 14:35,,,,,False,,,,,,,202209250832-KMQT-WHUS73-MWWMQT,,2022
MQT,2022-09-26 08:00,2022-09-26 17:00,2022-09-25 19:34,202209261400,GL,C,W,42,CON,LSZ265,2027.509033203125,2022-09-26 14:49,,,,,False,,,,,,,202209251934-KMQT-WHUS73-MWWMQT,07,2022
MQT,2022-09-26 09:00,2022-09-28 16:00,2022-09-25 08:32,202209271200,SC,C,Y,146,CON,LSZ251,782.1266479492188,2022-09-28 14:35,,,,,False,,,,,,,202209250832-KMQT-WHUS73-MWWMQT,,2022
OAX,2022-09-24 07:31,2022-09-24 14:00,2022-09-24 07:31,202209241400,FG,C,Y,7,EXP,IAZ090,1336.6783447265625,2022-09-24 14:02,,,,,False,,,,,,,202209240731-KOAX-WWUS73-NPWOAX,,2022
KEY,2022-09-27 06:08,2022-09-27 06:45,2022-09-27 06:08,202209270645,MA,C,W,396,EXP,GMZ052,2480.46630859375,2022-09-27 06:42,,,,,False,,,,,,,202209270608-KKEY-WHUS52-SMWKEY,KBL,2022
KEY,2022-09-27 09:13,2022-09-27 21:14,2022-09-27 09:13,202209282000,SC,C,Y,37,CAN,GMZ072,6507.1220703125,2022-09-27 21:14,,,,,False,,,,,,,202209270913-KKEY-WHUS72-MWWKEY,,2022
KEY,2022-09-27 09:13,2022-09-27 21:14,2022-09-27 09:13,202209282000,SC,C,Y,37,CAN,GMZ052,2480.46630859375,2022-09-27 21:14,,,,,False,,,,,,,202209270913-KKEY-WHUS72-MWWKEY,,2022
KEY,2022-09-27 13:00,2022-09-27 20:46,2022-09-27 13:00,202209272100,TO,C,A,544,CAN,GMZ055,2426.95703125,2022-09-27 20:46,,,,,False,,,,,,,202209271300-KKEY-WWUS62-WCNKEY,CLR,2022
KEY,2022-09-27 13:00,2022-09-27 20:46,2022-09-27 13:00,202209272100,TO,C,A,544,CAN,GMZ075,5111.7607421875,2022-09-27 20:46,,,,,False,,,,,,,202209271300-KKEY-WWUS62-WCNKEY,CLR,2022
KEY,2022-09-25 21:11,2022-09-26 03:50,2022-09-25 21:11,202209262100,CF,C,A,1,CAN,FLZ076,130.48358154296875,2022-09-26 03:50,,,,,False,,,,,,,202209252111-KKEY-WHUS42-CFWKEY,CLR,2022
KEY,2022-09-25 21:11,2022-09-26 03:50,2022-09-25 21:11,202209262100,CF,C,A,1,CAN,FLZ077,32.21444320678711,2022-09-26 03:50,,,,,False,,,,,,,202209252111-KKEY-WHUS42-CFWKEY,CLR,2022
KEY,2022-09-25 21:11,2022-09-26 03:50,2022-09-25 21:11,202209262100,CF,C,A,1,CAN,FLZ078,194.87217712402344,2022-09-26 03:50,,,,,False,,,,,,,202209252111-KKEY-WHUS42-CFWKEY,CLR,2022
KEY,2022-09-25 21:26,2022-09-26 04:01,2022-09-25 21:26,202210162126,TR,C,A,1009,UPG,GMZ044,1400.305419921875,2022-09-26 04:01,,,,,False,,,,,,,202209252126-KKEY-WHUS72-MWWKEY,CLR,2022
KEY,2022-09-26 04:01,2022-09-28 21:23,2022-09-26 04:01,202210170401,TR,C,W,1009,CAN,GMZ044,1400.305419921875,2022-09-28 21:23,,,,,False,,,,,,,202209260401-KKEY-WHUS72-MWWKEY,,2022
KEY,2022-09-26 04:01,2022-09-28 21:23,2022-09-26 04:01,202210170401,TR,C,W,1009,CAN,GMZ054,3879.823974609375,2022-09-28 21:23,,,,,False,,,,,,,202209260401-KKEY-WHUS72-MWWKEY,,2022
KEY,2022-09-26 04:01,2022-09-26 21:14,2022-09-26 04:01,202210170401,TR,C,W,1009,UPG,GMZ075,5111.7607421875,2022-09-26 21:14,,,,,False,,,,,,,202209260401-KKEY-WHUS72-MWWKEY,,2022
KEY,2022-09-26 04:01,2022-09-26 21:14,2022-09-26 04:01,202210170401,TR,C,W,1009,UPG,GMZ034,4755.533203125,2022-09-26 21:14,,,,,False,,,,,,,202209260401-KKEY-WHUS72-MWWKEY,,2022
KEY,2022-09-27 13:00,2022-09-27 20:46,2022-09-27 13:00,202209272100,TO,C,A,544,CAN,FLC087,2018.628662109375,2022-09-27 20:46,,,,,False,,,,,,,202209271300-KKEY-WWUS62-WCNKEY,CLR,2022
KEY,2022-09-26 04:01,2022-09-28 21:23,2022-09-26 04:01,202210170401,TR,C,W,1009,CAN,GMZ074,10149.724609375,2022-09-28 21:23,,,,,False,,,,,,,202209260401-KKEY-WHUS72-MWWKEY,,2022
KEY,2022-09-26 04:01,2022-09-28 21:23,2022-09-26 04:01,202210170401,TR,C,W,1009,CAN,GMZ035,1969.03955078125,2022-09-28 21:23,,,,,False,,,,,,,202209260401-KKEY-WHUS72-MWWKEY,,2022
KEY,2022-09-26 05:40,2022-09-26 06:06,2022-09-26 05:40,202209260630,MA,C,W,387,CAN,GMZ072,6507.1220703125,2022-09-26 06:06,,,,,False,,,,,,,202209260540-KKEY-WHUS52-SMWKEY,JAM,2022
KEY,2022-09-27 00:55,2022-09-28 08:32,2022-09-27 00:55,202209281000,FA,C,A,2,CAN,FLZ078,194.87217712402344,2022-09-28 08:32,00000,0,ER,OO,False,,,,,,,202209270055-KKEY-WGUS62-FFAKEY,LIW,2022
KEY,2022-09-27 00:55,2022-09-28 08:32,2022-09-27 00:55,202209281000,FA,C,A,2,CAN,FLZ077,32.21444320678711,2022-09-28 08:32,00000,0,ER,OO,False,,,,,,,202209270055-KKEY-WGUS62-FFAKEY,LIW,2022
KEY,2022-09-27 00:55,2022-09-28 08:32,2022-09-27 00:55,202209281000,FA,C,A,2,CAN,FLZ076,130.48358154296875,2022-09-28 08:32,00000,0,ER,OO,False,,,,,,,202209270055-KKEY-WGUS62-FFAKEY,LIW,2022
KEY,2022-09-27 01:47,2022-09-27 04:45,2022-09-27 01:47,202209270445,FA,C,Y,4,NEW,FLC087,2018.628662109375,2022-09-27 01:47,00000,N,ER,OO,False,,,,,,,202209270147-KKEY-WGUS82-FLSKEY,SD,2022
KEY,2022-09-27 04:23,2022-09-27 05:00,2022-09-27 04:23,202209270500,MA,C,W,392,EXP,GMZ043,403.7940368652344,2022-09-27 04:59,,,,,False,,,,,,,202209270423-KKEY-WHUS52-SMWKEY,JAM,2022
KEY,2022-09-27 06:10,2022-09-27 06:45,2022-09-27 06:10,202209270645,TO,C,W,2,EXP,FLC087,2018.628662109375,2022-09-27 06:41,,,,,False,,,,,,,202209270610-KKEY-WFUS52-TORKEY,KBL,2022
KEY,2022-09-27 15:35,2022-09-27 21:14,2022-09-27 15:35,202210181535,TR,C,A,1009,UPG,GMZ031,1551.919189453125,2022-09-27 21:14,,,,,False,,,,,,,202209271535-KKEY-WHUS72-MWWKEY,CLR,2022
KEY,2022-09-27 21:14,2022-09-28 21:23,2022-09-27 21:14,202210182114,TR,C,W,1009,CAN,GMZ072,6507.1220703125,2022-09-28 21:23,,,,,False,,,,,,,202209272114-KKEY-WHUS72-MWWKEY,CLR,2022
KEY,2022-09-27 23:31,2022-09-28 18:11,2022-09-27 23:31,202210182331,HU,C,W,1009,CAN,GMZ033,9032.248046875,2022-09-28 18:11,,,,,False,,,,,,,202209272331-KKEY-WHUS72-MWWKEY,,2022
KEY,2022-09-28 00:11,2022-09-28 01:15,2022-09-28 00:11,202209280115,MA,C,W,409,NEW,GMZ035,1969.03955078125,2022-09-28 00:11,,,,,False,,,,,,,202209280011-KKEY-WHUS52-SMWKEY,11,2022
KEY,2022-09-28 00:11,2022-09-28 01:15,2022-09-28 00:11,202209280115,MA,C,W,409,NEW,GMZ033,9032.248046875,2022-09-28 00:11,,,,,False,,,,,,,202209280011-KKEY-WHUS52-SMWKEY,11,2022
KEY,2022-09-28 00:11,2022-09-28 01:15,2022-09-28 00:11,202209280115,MA,C,W,409,NEW,GMZ032,2121.407470703125,2022-09-28 00:11,,,,,False,,,,,,,202209280011-KKEY-WHUS52-SMWKEY,11,2022
KEY,2022-09-28 15:07,2022-09-28 21:23,2022-09-28 15:07,202210191507,TR,C,W,1009,CAN,GMZ075,5111.7607421875,2022-09-28 21:23,,,,,False,,,,,,,202209281507-KKEY-WHUS72-MWWKEY,CLR,2022
KEY,2022-09-28 15:07,2022-09-28 21:23,2022-09-28 15:07,202210191507,TR,C,W,1009,CAN,GMZ055,2426.95703125,2022-09-28 21:23,,,,,False,,,,,,,202209281507-KKEY-WHUS72-MWWKEY,CLR,2022
KEY,2022-09-28 18:11,2022-09-28 21:23,2022-09-28 18:11,202210191811,TR,C,W,1009,CAN,GMZ034,4755.533203125,2022-09-28 21:23,,,,,False,,,,,,,202209281811-KKEY-WHUS72-MWWKEY,CLR,2022
KEY,2022-09-28 18:11,2022-09-29 07:32,2022-09-28 18:11,202210191811,TR,C,W,1009,CAN,GMZ033,9032.248046875,2022-09-29 07:32,,,,,False,,,,,,,202209281811-KKEY-WHUS72-MWWKEY,CLR,2022
KEY,2022-09-28 21:23,2022-09-29 14:27,2022-09-28 21:23,202209290900,SC,C,Y,38,CAN,GMZ073,5871.7607421875,2022-09-29 14:27,,,,,False,,,,,,,202209282123-KKEY-WHUS72-MWWKEY,CLR,2022
KEY,2022-09-28 21:23,2022-09-29 14:27,2022-09-28 21:23,202209290900,SC,C,Y,38,CAN,GMZ042,657.9878540039062,2022-09-29 14:27,,,,,False,,,,,,,202209282123-KKEY-WHUS72-MWWKEY,CLR,2022
KEY,2022-09-28 21:23,2022-09-29 14:27,2022-09-28 21:23,202209290900,SC,C,Y,38,CAN,GMZ043,403.7940368652344,2022-09-29 14:27,,,,,False,,,,,,,202209282123-KKEY-WHUS72-MWWKEY,CLR,2022
KEY,2022-09-28 21:23,2022-09-29 14:27,2022-09-28 21:23,202209290900,SC,C,Y,38,CAN,GMZ052,2480.46630859375,2022-09-29 14:27,,,,,False,,,,,,,202209282123-KKEY-WHUS72-MWWKEY,CLR,2022
KEY,2022-09-28 21:23,2022-09-29 14:27,2022-09-28 21:23,202209290900,SC,C,Y,38,CAN,GMZ053,1826.0162353515625,2022-09-29 14:27,,,,,False,,,,,,,202209282123-KKEY-WHUS72-MWWKEY,CLR,2022
KEY,2022-09-28 21:23,2022-09-29 14:27,2022-09-28 21:23,202209290900,SC,C,Y,38,CAN,GMZ072,6507.1220703125,2022-09-29 14:27,,,,,False,,,,,,,202209282123-KKEY-WHUS72-MWWKEY,CLR,2022
MPX,2022-09-24 09:13,2022-09-24 14:00,2022-09-24 09:13,202209241400,FG,C,Y,12,EXP,MNZ055,1944.1646728515625,2022-09-24 14:09,,,,,False,,,,,,,202209240913-KMPX-WWUS73-NPWMPX,Borghoff,2022
MPX,2022-09-24 09:13,2022-09-24 14:00,2022-09-24 09:13,202209241400,FG,C,Y,12,EXP,MNZ048,1853.3970947265625,2022-09-24 14:09,,,,,False,,,,,,,202209240913-KMPX-WWUS73-NPWMPX,Borghoff,2022
MPX,2022-09-24 09:13,2022-09-24 14:00,2022-09-24 09:13,202209241400,FG,C,Y,12,EXP,MNZ047,1486.146240234375,2022-09-24 14:09,,,,,False,,,,,,,202209240913-KMPX-WWUS73-NPWMPX,Borghoff,2022
MPX,2022-09-24 09:13,2022-09-24 14:00,2022-09-24 09:13,202209241400,FG,C,Y,12,EXP,MNZ041,1859.965087890625,2022-09-24 14:09,,,,,False,,,,,,,202209240913-KMPX-WWUS73-NPWMPX,Borghoff,2022
MPX,2022-09-24 09:13,2022-09-24 14:00,2022-09-24 09:13,202209241400,FG,C,Y,12,EXP,MNZ056,1518.803466796875,2022-09-24 14:09,,,,,False,,,,,,,202209240913-KMPX-WWUS73-NPWMPX,Borghoff,2022
MPX,2022-09-24 10:53,2022-09-24 14:00,2022-09-24 10:53,202209241400,FG,C,Y,12,EXP,MNZ065,2551.203857421875,2022-09-24 14:09,,,,,False,,,,,,,202209241053-KMPX-WWUS73-NPWMPX,Borghoff,2022
MPX,2022-09-24 10:53,2022-09-24 14:00,2022-09-24 10:53,202209241400,FG,C,Y,12,EXP,MNZ057,2227.5068359375,2022-09-24 14:09,,,,,False,,,,,,,202209241053-KMPX-WWUS73-NPWMPX,Borghoff,2022
OAX,2022-09-24 07:31,2022-09-24 13:16,2022-09-24 07:31,202209241400,FG,C,Y,7,CAN,NEZ068,1601.32470703125,2022-09-24 13:16,,,,,False,,,,,,,202209240731-KOAX-WWUS73-NPWOAX,,2022
OKX,2022-09-26 02:50,2022-09-26 04:41,2022-09-26 02:50,202209260600,FA,C,Y,133,CAN,NYC081,284.2904357910156,2022-09-26 04:41,00000,N,ER,OO,False,,,,,,,202209260250-KOKX-WGUS81-FLSOKX,JM,2022
OKX,2022-09-26 02:09,2022-09-26 03:15,2022-09-26 02:09,202209260315,MA,C,W,106,EXP,ANZ331,1599.0645751953125,2022-09-26 03:11,,,,,False,,,,,,,202209260209-KOKX-WHUS51-SMWOKX,12,2022
OKX,2022-09-26 02:35,2022-09-26 03:15,2022-09-26 02:35,202209260315,SV,C,W,53,EXP,NYC103,2414.2958984375,2022-09-26 03:09,,,,,False,,,,,,,202209260235-KOKX-WUUS51-SVROKX,DR,2022
OKX,2022-09-26 02:59,2022-09-26 04:00,2022-09-26 02:59,202209260400,MA,C,W,107,CON,ANZ332,884.1475219726562,2022-09-26 03:28,,,,,False,,,,,,,202209260259-KOKX-WHUS51-SMWOKX,DR,2022
OKX,2022-09-26 02:59,2022-09-26 04:00,2022-09-26 02:59,202209260400,MA,C,W,107,CON,ANZ340,417.5517883300781,2022-09-26 03:28,,,,,False,,,,,,,202209260259-KOKX-WHUS51-SMWOKX,DR,2022
OKX,2022-09-26 03:48,2022-09-26 05:17,2022-09-26 03:48,202209260600,FA,C,Y,135,CAN,CTC011,1764.3333740234375,2022-09-26 05:17,00000,N,ER,OO,False,,,,,,,202209260348-KOKX-WGUS81-FLSOKX,JM,2022
OKX,2022-09-26 22:29,2022-09-27 00:00,2022-09-26 22:29,202209270000,SC,C,Y,90,EXP,ANZ338,345.9809875488281,2022-09-27 00:06,,,,,False,,,,,,,202209262229-KOKX-WHUS71-MWWOKX,"For more details, see th",2022
OKX,2022-09-26 22:29,2022-09-27 00:00,2022-09-26 22:29,202209270000,SC,C,Y,90,EXP,ANZ335,1289.7828369140625,2022-09-27 00:06,,,,,False,,,,,,,202209262229-KOKX-WHUS71-MWWOKX,"For more details, see th",2022
OKX,2022-09-25 18:00,2022-09-27 00:06,2022-09-24 19:25,202209261000,SC,C,Y,89,CAN,ANZ340,417.5517883300781,2022-09-27 00:06,,,,,False,,,,,,,202209241925-KOKX-WHUS71-MWWOKX,"For more details, see th",2022
OKX,2022-09-26 02:03,2022-09-26 02:15,2022-09-26 02:03,202209260215,SV,C,W,51,NEW,NYC103,2414.2958984375,2022-09-26 02:03,,,,,False,,,,,,,202209260203-KOKX-WUUS51-SVROKX,DR,2022
OKX,2022-09-26 02:07,2022-09-26 02:45,2022-09-26 02:07,202209260245,SV,C,W,52,EXP,NYC103,2414.2958984375,2022-09-26 02:39,,,,,False,,,,,,,202209260207-KOKX-WUUS51-SVROKX,DR,2022
OKX,2022-09-26 02:09,2022-09-26 03:15,2022-09-26 02:09,202209260315,MA,C,W,106,EXP,ANZ335,1289.7828369140625,2022-09-26 03:11,,,,,False,,,,,,,202209260209-KOKX-WHUS51-SMWOKX,12,2022
OTX,2022-09-29 18:57,2022-09-29 21:06,2022-09-29 18:57,202209302200,FF,C,A,2,CAN,WAC051,3680.1591796875,2022-09-29 21:06,00000,0,DR,OO,False,,,,,,,202209291857-KOTX-WGUS66-FFAOTX,RF,2022
