{
"type": "FeatureCollection",
"name": "pyogrio_1f763445de0e404ea4a46df6f839c3ee",
"crs": { "type": "name", "properties": { "name": "urn:ogc:def:crs:OGC:1.3:CRS84" } },
"features": [
{"type":"Feature","properties":{"ugc":"FLC001","name":"Alachua","state":"FL","wfo":"JAX"},"geometry":{"type":"MultiPolygon","coordinates":[[[[-82.5,29.94],[-82.49,29.94],[-82.48,29.94],[-82.48,29.93],[-82.47,29.93],[-82.46,29.93],[-82.45,29.93],[-82.44,29.93],[-82.43,29.93],[-82.43,29.92],[-82.42,29.92],[-82.41,29.92],[-82.41,29.91],[-82.41,29.9],[-82.4,29.9],[-82.4,29.89],[-82.39,29.88],[-82.38,29.88],[-82.37,29.88],[-82.36,29.88],[-82.35,29.88],[-82.34,29.88],[-82.33,29.88],[-82.33,29.87],[-82.32,29.87],[-82.31,29.87],[-82.31,29.86],[-82.31,29.85],[-82.3,29.85],[-82.29,29.85],[-82.28,29.85],[-82.28,29.84],[-82.27,29.84],[-82.27,29.85],[-82.26,29.85],[-82.25,29.85],[-82.24,29.85],[-82.23,29.85],[-82.21,29.85],[-82.2,29.85],[-82.19,29.85],[-82.18,29.84],[-82.17,29.84],[-82.16,29.84],[-82.15,29.84],[-82.14,29.84],[-82.13,29.83],[-82.13,29.82],[-82.12,29.82],[-82.12,29.81],[-82.12,29.8],[-82.12,29.79],[-82.11,29.79],[-82.11,29.78],[-82.1,29.78],[-82.09,29.78],[-82.08,29.78],[-82.08,29.77],[-82.08,29.76],[-82.07,29.76],[-82.06,29.75],[-82.06,29.74],[-82.05,29.74],[-82.05,29.73],[-82.05,29.72],[-82.05,29.71],[-82.05,29.69],[-82.05,29.67],[-82.06,29.66],[-82.06,29.65],[-82.06,29.59],[-82.06,29.55],[-82.06,29.51],[-82.06,29.47],[-82.06,29.46],[-82.06,29.45],[-82.06,29.44],[-82.07,29.44],[-82.08,29.44],[-82.09,29.44],[-82.09,29.43],[-82.1,29.43],[-82.1,29.44],[-82.11,29.44],[-82.11,29.43],[-82.12,29.43],[-82.13,29.43],[-82.14,29.43],[-82.14,29.42],[-82.15,29.42],[-82.16,29.43],[-82.17,29.43],[-82.17,29.42],[-82.18,29.42],[-82.19,29.42],[-82.2,29.42],[-82.2,29.43],[-82.21,29.43],[-82.21,29.44],[-82.21,29.45],[-82.22,29.46],[-82.21,29.46],[-82.2,29.46],[-82.2,29.47],[-82.21,29.47],[-82.21,29.48],[-82.22,29.48],[-82.29,29.48],[-82.39,29.49],[-82.41,29.48],[-82.41,29.49],[-82.45,29.49],[-82.46,29.49],[-82.47,29.49],[-82.5,29.49],[-82.5,29.48],[-82.51,29.48],[-82.55,29.48],[-82.56,29.48],[-82.56,29.5],[-82.56,29.51],[-82.56,29.54],[-82.57,29.54],[-82.59,29.54],[-82.6,29.54],[-82.61,29.54],[-82.62,29.54],[-82.66,29.54],[-82.66,29.55],[-82.66,29.56],[-82.66,29.58],[-82.66,29.61],[-82.66,29.63],[-82.66,29.65],[-82.66,29.67],[-82.66,29.69],[-82.66,29.73],[-82.66,29.79],[-82.66,29.8],[-82.66,29.82],[-82.66,29.83],[-82.65,29.83],[-82.64,29.83],[-82.63,29.83],[-82.63,29.84],[-82.63,29.85],[-82.62,29.85],[-82.62,29.86],[-82.61,29.85],[-82.6,29.85],[-82.6,29.86],[-82.59,29.86],[-82.59,29.87],[-82.59,29.89],[-82.58,29.89],[-82.58,29.91],[-82.58,29.92],[-82.57,29.92],[-82.56,29.92],[-82.56,29.93],[-82.55,29.93],[-82.54,29.93],[-82.53,29.93],[-82.53,29.94],[-82.52,29.95],[-82.52,29.94],[-82.51,29.95],[-82.51,29.94],[-82.5,29.94]],[[-82.2,29.46],[-82.19,29.45],[-82.19,29.46],[-82.2,29.46]]]]}},
{"type":"Feature","properties":{"ugc":"FLC003","name":"Baker","state":"FL","wfo":"JAX"},"geometry":{"type":"MultiPolygon","coordinates":[[[[-82.42,30.58],[-82.41,30.58],[-82.28,30.57],[-82.26,30.57],[-82.22,30.57],[-82.23,30.56],[-82.23,30.55],[-82.24,30.55],[-82.24,30.54],[-82.24,30.53],[-82.23,30.53],[-82.23,30.52],[-82.23,30.51],[-82.22,30.51],[-82.22,30.5],[-82.21,30.5],[-82.21,30.49],[-82.2,30.49],[-82.2,30.48],[-82.21,30.47],[-82.21,30.46],[-82.2,30.45],[-82.21,30.44],[-82.21,30.43],[-82.21,30.42],[-82.21,30.41],[-82.2,30.41],[-82.2,30.4],[-82.2,30.39],[-82.19,30.39],[-82.19,30.38],[-82.18,30.38],[-82.18,30.37],[-82.17,30.37],[-82.17,30.36],[-82.16,30.36],[-82.15,30.36],[-82.14,30.36],[-82.13,30.36],[-82.13,30.37],[-82.12,30.36],[-82.12,30.37],[-82.11,30.37],[-82.1,30.37],[-82.1,30.36],[-82.09,30.36],[-82.08,30.36],[-82.07,30.36],[-82.06,30.36],[-82.05,30.36],[-82.05,30.33],[-82.05,30.29],[-82.05,30.28],[-82.05,30.27],[-82.05,30.24],[-82.05,30.23],[-82.05,30.19],[-82.05,30.14],[-82.1,30.14],[-82.12,30.14],[-82.13,30.14],[-82.14,30.14],[-82.15,30.14],[-82.21,30.14],[-82.22,30.14],[-82.25,30.14],[-82.27,30.14],[-82.3,30.14],[-82.32,30.14],[-82.35,30.14],[-82.37,30.14],[-82.38,30.14],[-82.39,30.14],[-82.43,30.14],[-82.44,30.14],[-82.45,30.14],[-82.46,30.14],[-82.46,30.16],[-82.46,30.18],[-82.46,30.22],[-82.46,30.26],[-82.46,30.29],[-82.46,30.35],[-82.46,30.4],[-82.46,30.44],[-82.46,30.45],[-82.46,30.47],[-82.46,30.58],[-82.42,30.58]]]]}},
{"type":"Feature","properties":{"ugc":"FLC005","name":"Bay","state":"FL","wfo":"TAE"},"geometry":{"type":"MultiPolygon","coordinates":[[[[-85.99,30.27],[-85.98,30.27],[-85.97,30.27],[-85.98,30.28],[-85.99,30.28],[-85.99,30.29],[-85.99,30.31],[-85.99,30.32],[-85.99,30.37],[-85.99,30.38],[-85.99,30.39],[-85.98,30.39],[-85.98,30.4],[-85.97,30.4],[-85.97,30.41],[-85.96,30.41],[-85.95,30.41],[-85.94,30.41],[-85.93,30.41],[-85.93,30.42],[-85.92,30.42],[-85.92,30.41],[-85.91,30.41],[-85.9,30.41],[-85.89,30.41],[-85.88,30.41],[-85.88,30.42],[-85.87,30.42],[-85.87,30.43],[-85.86,30.43],[-85.86,30.44],[-85.85,30.44],[-85.83,30.44],[-85.79,30.44],[-85.72,30.44],[-85.71,30.44],[-85.7,30.44],[-85.68,30.44],[-85.67,30.44],[-85.63,30.44],[-85.62,30.44],[-85.58,30.44],[-85.53,30.44],[-85.49,30.44],[-85.49,30.45],[-85.49,30.46],[-85.49,30.49],[-85.49,30.52],[-85.49,30.56],[-85.49,30.57],[-85.45,30.57],[-85.44,30.57],[-85.38,30.57],[-85.38,30.56],[-85.38,30.54],[-85.39,30.5],[-85.39,30.45],[-85.39,30.43],[-85.39,30.41],[-85.39,30.39],[-85.39,30.37],[-85.39,30.36],[-85.39,30.33],[-85.39,30.25],[-85.39,30.23],[-85.39,30.2],[-85.39,30.19],[-85.39,30.18],[-85.39,30.17],[-85.39,30.14],[-85.39,30.11],[-85.39,30.1],[-85.39,30.08],[-85.39,30.06],[-85.39,30.05],[-85.39,30.04],[-85.4,30.04],[-85.4,30.05],[-85.41,30.05],[-85.42,30.05],[-85.43,30.05],[-85.43,30.06],[-85.43,30.07],[-85.44,30.07],[-85.44,30.06],[-85.44,30.05],[-85.45,30.05],[-85.45,30.04],[-85.45,30.03],[-85.46,30.03],[-85.47,30.03],[-85.48,30.03],[-85.48,30.04],[-85.48,30.05],[-85.49,30.05],[-85.49,30.06],[-85.49,30.07],[-85.49,30.08],[-85.49,30.09],[-85.5,30.09],[-85.51,30.09],[-85.51,30.1],[-85.52,30.09],[-85.52,30.1],[-85.52,30.11],[-85.53,30.11],[-85.53,30.12],[-85.54,30.13],[-85.55,30.12],[-85.56,30.12],[-85.56,30.13],[-85.57,30.12],[-85.58,30.12],[-85.59,30.12],[-85.6,30.12],[-85.61,30.13],[-85.62,30.13],[-85.62,30.14],[-85.63,30.14],[-85.64,30.14],[-85.64,30.13],[-85.65,30.14],[-85.66,30.15],[-85.67,30.16],[-85.68,30.16],[-85.69,30.16],[-85.69,30.17],[-85.7,30.17],[-85.71,30.17],[-85.71,30.18],[-85.72,30.18],[-85.73,30.18],[-85.73,30.19],[-85.72,30.19],[-85.72,30.2],[-85.71,30.2],[-85.71,30.21],[-85.7,30.21],[-85.7,30.22],[-85.69,30.22],[-85.69,30.23],[-85.69,30.24],[-85.68,30.24],[-85.68,30.25],[-85.67,30.25],[-85.66,30.25],[-85.65,30.25],[-85.64,30.25],[-85.63,30.25],[-85.62,30.26],[-85.61,30.26],[-85.61,30.27],[-85.6,30.27],[-85.59,30.26],[-85.59,30.27],[-85.59,30.28],[-85.59,30.29],[-85.58,30.29],[-85.58,30.3],[-85.58,30.31],[-85.58,30.32],[-85.57,30.32],[-85.57,30.33],[-85.58,30.33],[-85.59,30.32],[-85.59,30.31],[-85.59,30.3],[-85.6,30.3],[-85.6,30.29],[-85.6,30.28],[-85.61,30.28],[-85.62,30.28],[-85.63,30.28],[-85.63,30.27],[-85.64,30.26],[-85.65,30.26],[-85.65,30.27],[-85.66,30.27],[-85.67,30.27],[-85.67,30.26],[-85.68,30.26],[-85.69,30.26],[-85.7,30.26],[-85.7,30.25],[-85.71,30.24],[-85.72,30.24],[-85.72,30.25],[-85.72,30.26],[-85.73,30.26],[-85.74,30.26],[-85.74,30.27],[-85.74,30.28],[-85.75,30.28],[-85.75,30.29],[-85.76,30.29],[-85.76,30.3],[-85.76,30.31],[-85.76,30.32],[-85.77,30.32],[-85.77,30.31],[-85.77,30.3],[-85.77,30.29],[-85.78,30.29],[-85.79,30.29],[-85.8,30.29],[-85.8,30.3],[-85.81,30.3],[-85.81,30.29],[-85.82,30.29],[-85.83,30.29],[-85.84,30.29],[-85.85,30.28],[-85.85,30.27],[-85.85,30.26],[-85.86,30.26],[-85.86,30.25],[-85.85,30.25],[-85.85,30.24],[-85.85,30.23],[-85.84,30.23],[-85.83,30.23],[-85.82,30.23],[-85.82,30.24],[-85.81,30.24],[-85.81,30.25],[-85.8,30.25],[-85.79,30.25],[-85.79,30.24],[-85.78,30.24],[-85.78,30.25],[-85.77,30.24],[-85.76,30.24],[-85.76,30.23],[-85.77,30.23],[-85.77,30.22],[-85.76,30.22],[-85.76,30.21],[-85.75,30.21],[-85.75,30.22],[-85.74,30.22],[-85.74,30.21],[-85.74,30.2],[-85.75,30.2],[-85.76,30.19],[-85.75,30.19],[-85.75,30.18],[-85.75,30.17],[-85.74,30.17],[-85.74,30.16],[-85.73,30.16],[-85.72,30.16],[-85.72,30.15],[-85.71,30.15],[-85.71,30.14],[-85.72,30.14],[-85.73,30.14],[-85.73,30.15],[-85.74,30.15],[-85.75,30.15],[-85.75,30.14],[-85.76,30.14],[-85.77,30.15],[-85.78,30.16],[-85.79,30.16],[-85.8,30.17],[-85.81,30.17],[-85.81,30.18],[-85.82,30.19],[-85.83,30.19],[-85.84,30.19],[-85.84,30.2],[-85.85,30.2],[-85.86,30.2],[-85.86,30.21],[-85.87,30.21],[-85.88,30.22],[-85.89,30.22],[-85.9,30.22],[-85.9,30.23],[-85.91,30.23],[-85.92,30.23],[-85.92,30.24],[-85.93,30.24],[-85.94,30.24],[-85.95,30.25],[-85.96,30.25],[-85.96,30.26],[-85.98,30.26],[-85.99,30.27]],[[-85.97,30.27],[-85.96,30.27],[-85.97,30.28],[-85.97,30.27]],[[-85.53,30.12],[-85.52,30.12],[-85.52,30.13],[-85.53,30.13],[-85.53,30.12]],[[-85.56,30.13],[-85.56,30.14],[-85.57,30.14],[-85.57,30.13],[-85.56,30.13]],[[-85.68,30.24],[-85.68,30.23],[-85.67,30.23],[-85.67,30.24],[-85.68,30.24]],[[-85.57,30.33],[-85.56,30.33],[-85.56,30.34],[-85.57,30.34],[-85.57,30.33]],[[-85.58,30.33],[-85.58,30.34],[-85.59,30.34],[-85.59,30.33],[-85.58,30.33]],[[-85.78,30.16],[-85.77,30.16],[-85.78,30.17],[-85.78,30.16]],[[-85.57,30.29],[-85.57,30.28],[-85.56,30.28],[-85.56,30.29],[-85.57,30.29]],[[-85.56,30.28],[-85.56,30.27],[-85.55,30.28],[-85.56,30.28]],[[-85.61,30.25],[-85.61,30.24],[-85.6,30.24],[-85.6,30.25],[-85.61,30.25]],[[-85.54,30.33],[-85.54,30.32],[-85.53,30.32],[-85.53,30.33],[-85.54,30.33]],[[-85.56,30.35],[-85.55,30.35],[-85.55,30.36],[-85.56,30.36],[-85.56,30.35]],[[-85.7,30.2],[-85.7,30.19],[-85.69,30.2],[-85.7,30.2]],[[-85.51,30.13],[-85.5,30.13],[-85.5,30.14],[-85.51,30.14],[-85.51,30.13]],[[-85.42,30.09],[-85.41,30.09],[-85.42,30.1],[-85.42,30.09]]],[[[-85.99,30.27],[-86.0,30.27],[-85.99,30.28],[-85.99,30.27]]],[[[-85.75,30.14],[-85.74,30.14],[-85.73,30.14],[-85.73,30.13],[-85.73,30.12],[-85.74,30.13],[-85.75,30.14]]],[[[-85.73,30.12],[-85.72,30.12],[-85.71,30.12],[-85.71,30.11],[-85.72,30.11],[-85.73,30.12]]],[[[-85.71,30.11],[-85.7,30.11],[-85.7,30.1],[-85.71,30.1],[-85.71,30.11]]],[[[-85.68,30.09],[-85.67,30.09],[-85.66,30.09],[-85.66,30.08],[-85.67,30.08],[-85.68,30.09]]],[[[-85.65,30.08],[-85.64,30.08],[-85.64,30.07],[-85.65,30.07],[-85.65,30.08]]],[[[-85.64,30.08],[-85.64,30.09],[-85.65,30.09],[-85.65,30.1],[-85.66,30.1],[-85.67,30.1],[-85.67,30.11],[-85.68,30.11],[-85.68,30.12],[-85.69,30.12],[-85.68,30.13],[-85.68,30.14],[-85.67,30.14],[-85.67,30.13],[-85.66,30.13],[-85.66,30.12],[-85.65,30.12],[-85.64,30.12],[-85.63,30.12],[-85.62,30.12],[-85.62,30.11],[-85.62,30.1],[-85.62,30.09],[-85.61,30.1],[-85.61,30.09],[-85.6,30.09],[-85.59,30.1],[-85.58,30.1],[-85.58,30.09],[-85.57,30.09],[-85.56,30.09],[-85.56,30.08],[-85.55,30.08],[-85.54,30.08],[-85.54,30.07],[-85.53,30.07],[-85.53,30.06],[-85.52,30.05],[-85.51,30.05],[-85.51,30.04],[-85.51,30.03],[-85.5,30.04],[-85.5,30.03],[-85.49,30.03],[-85.49,30.02],[-85.48,30.02],[-85.47,30.02],[-85.46,30.02],[-85.45,30.02],[-85.44,30.02],[-85.44,30.03],[-85.44,30.04],[-85.43,30.04],[-85.42,30.04],[-85.41,30.03],[-85.41,30.04],[-85.4,30.04],[-85.4,30.03],[-85.39,30.03],[-85.39,30.02],[-85.39,30.01],[-85.39,30.0],[-85.39,29.95],[-85.39,29.94],[-85.39,29.93],[-85.39,29.92],[-85.4,29.93],[-85.4,29.94],[-85.41,29.94],[-85.42,29.95],[-85.43,29.95],[-85.44,29.95],[-85.45,29.96],[-85.46,29.96],[-85.46,29.97],[-85.47,29.97],[-85.48,29.97],[-85.48,29.98],[-85.49,29.98],[-85.49,29.99],[-85.5,29.99],[-85.51,29.99],[-85.51,30.0],[-85.52,30.0],[-85.53,30.01],[-85.53,30.02],[-85.54,30.02],[-85.54,30.03],[-85.55,30.03],[-85.56,30.03],[-85.56,30.04],[-85.57,30.04],[-85.57,30.05],[-85.58,30.05],[-85.59,30.05],[-85.59,30.06],[-85.6,30.06],[-85.6,30.07],[-85.61,30.07],[-85.61,30.06],[-85.62,30.06],[-85.62,30.07],[-85.62,30.08],[-85.63,30.08],[-85.64,30.08]],[[-85.42,30.03],[-85.43,30.02],[-85.42,30.02],[-85.42,30.03]]],[[[-85.48,29.96],[-85.49,29.96],[-85.5,29.97],[-85.49,29.97],[-85.48,29.97],[-85.48,29.96]]],[[[-85.5,29.97],[-85.51,29.97],[-85.52,29.98],[-85.51,29.98],[-85.5,29.97]]],[[[-85.52,29.98],[-85.53,29.98],[-85.53,29.99],[-85.52,29.99],[-85.52,29.98]]],[[[-85.57,30.04],[-85.57,30.03],[-85.58,30.03],[-85.58,30.04],[-85.57,30.04]]],[[[-85.57,30.03],[-85.56,30.02],[-85.57,30.02],[-85.57,30.03]]],[[[-85.56,30.02],[-85.55,30.02],[-85.55,30.01],[-85.56,30.01],[-85.56,30.02]]]]}},
{"type":"Feature","properties":{"ugc":"FLC007","name":"Bradford","state":"FL","wfo":"JAX"},"geometry":{"type":"MultiPolygon","coordinates":[[[[-82.21,29.85],[-82.23,29.85],[-82.24,29.85],[-82.25,29.85],[-82.26,29.85],[-82.27,29.85],[-82.27,29.84],[-82.28,29.84],[-82.28,29.85],[-82.29,29.85],[-82.3,29.85],[-82.31,29.85],[-82.31,29.86],[-82.31,29.87],[-82.32,29.87],[-82.33,29.87],[-82.33,29.88],[-82.34,29.88],[-82.35,29.88],[-82.36,29.88],[-82.37,29.88],[-82.38,29.88],[-82.39,29.88],[-82.4,29.89],[-82.4,29.9],[-82.41,29.9],[-82.41,29.91],[-82.41,29.92],[-82.42,29.92],[-82.42,29.93],[-82.41,29.93],[-82.4,29.93],[-82.39,29.93],[-82.38,29.93],[-82.37,29.93],[-82.37,29.94],[-82.36,29.93],[-82.36,29.94],[-82.35,29.94],[-82.35,29.95],[-82.34,29.95],[-82.34,29.96],[-82.33,29.96],[-82.32,29.95],[-82.31,29.95],[-82.31,29.96],[-82.3,29.96],[-82.3,29.97],[-82.29,29.97],[-82.29,29.98],[-82.28,29.99],[-82.27,30.0],[-82.27,30.01],[-82.27,30.02],[-82.26,30.02],[-82.26,30.03],[-82.25,30.03],[-82.24,30.03],[-82.23,30.03],[-82.22,30.04],[-82.22,30.05],[-82.21,30.04],[-82.21,30.05],[-82.2,30.05],[-82.19,30.06],[-82.18,30.07],[-82.18,30.08],[-82.17,30.09],[-82.17,30.1],[-82.16,30.1],[-82.16,30.11],[-82.15,30.11],[-82.14,30.12],[-82.14,30.13],[-82.15,30.13],[-82.15,30.14],[-82.14,30.14],[-82.13,30.14],[-82.12,30.14],[-82.1,30.14],[-82.05,30.14],[-82.05,30.1],[-82.05,30.06],[-82.05,30.02],[-82.05,30.0],[-82.05,29.93],[-82.05,29.84],[-82.05,29.83],[-82.05,29.81],[-82.05,29.8],[-82.05,29.79],[-82.05,29.76],[-82.05,29.75],[-82.05,29.74],[-82.06,29.74],[-82.06,29.75],[-82.07,29.76],[-82.08,29.76],[-82.08,29.77],[-82.08,29.78],[-82.09,29.78],[-82.1,29.78],[-82.11,29.78],[-82.11,29.79],[-82.12,29.79],[-82.12,29.8],[-82.12,29.81],[-82.12,29.82],[-82.13,29.82],[-82.13,29.83],[-82.14,29.84],[-82.15,29.84],[-82.16,29.84],[-82.17,29.84],[-82.18,29.84],[-82.19,29.85],[-82.2,29.85],[-82.21,29.85]]]]}},
{"type":"Feature","properties":{"ugc":"FLC009","name":"Brevard","state":"FL","wfo":"MLB"},"geometry":{"type":"MultiPolygon","coordinates":[[[[-80.79,28.62],[-80.79,28.63],[-80.79,28.64],[-80.79,28.65],[-80.78,28.65],[-80.78,28.66],[-80.78,28.67],[-80.78,28.68],[-80.79,28.68],[-80.79,28.69],[-80.78,28.69],[-80.77,28.69],[-80.76,28.69],[-80.76,28.7],[-80.76,28.71],[-80.75,28.7],[-80.74,28.7],[-80.73,28.7],[-80.73,28.71],[-80.74,28.71],[-80.74,28.72],[-80.73,28.72],[-80.72,28.71],[-80.72,28.7],[-80.71,28.7],[-80.71,28.69],[-80.7,28.69],[-80.7,28.68],[-80.69,28.68],[-80.69,28.67],[-80.68,28.67],[-80.67,28.67],[-80.67,28.66],[-80.66,28.66],[-80.65,28.66],[-80.64,28.66],[-80.63,28.66],[-80.62,28.64],[-80.62,28.63],[-80.61,28.62],[-80.6,28.61],[-80.59,28.61],[-80.59,28.6],[-80.58,28.6],[-80.58,28.59],[-80.57,28.58],[-80.57,28.57],[-80.57,28.56],[-80.56,28.54],[-80.56,28.53],[-80.56,28.52],[-80.55,28.52],[-80.55,28.51],[-80.55,28.5],[-80.54,28.49],[-80.54,28.48],[-80.53,28.47],[-80.53,28.46],[-80.52,28.46],[-80.53,28.45],[-80.54,28.45],[-80.56,28.44],[-80.57,28.44],[-80.57,28.43],[-80.58,28.42],[-80.58,28.41],[-80.59,28.41],[-80.59,28.42],[-80.6,28.42],[-80.6,28.43],[-80.6,28.44],[-80.6,28.45],[-80.6,28.46],[-80.6,28.47],[-80.59,28.47],[-80.59,28.48],[-80.59,28.49],[-80.59,28.5],[-80.58,28.5],[-80.58,28.51],[-80.59,28.51],[-80.58,28.52],[-80.59,28.52],[-80.6,28.52],[-80.6,28.53],[-80.6,28.54],[-80.59,28.54],[-80.59,28.55],[-80.59,28.56],[-80.59,28.57],[-80.59,28.58],[-80.6,28.58],[-80.61,28.59],[-80.61,28.6],[-80.62,28.6],[-80.62,28.59],[-80.61,28.58],[-80.61,28.57],[-80.61,28.56],[-80.61,28.55],[-80.61,28.54],[-80.62,28.53],[-80.62,28.52],[-80.63,28.52],[-80.63,28.51],[-80.63,28.5],[-80.64,28.5],[-80.64,28.49],[-80.64,28.48],[-80.65,28.48],[-80.65,28.47],[-80.65,28.46],[-80.66,28.45],[-80.66,28.44],[-80.66,28.43],[-80.66,28.42],[-80.66,28.41],[-80.65,28.41],[-80.65,28.4],[-80.66,28.4],[-80.66,28.39],[-80.66,28.38],[-80.66,28.37],[-80.66,28.36],[-80.66,28.35],[-80.66,28.34],[-80.66,28.33],[-80.67,28.33],[-80.67,28.34],[-80.67,28.35],[-80.67,28.36],[-80.68,28.36],[-80.68,28.35],[-80.68,28.34],[-80.68,28.33],[-80.68,28.32],[-80.67,28.32],[-80.67,28.31],[-80.67,28.3],[-80.67,28.29],[-80.67,28.28],[-80.68,28.28],[-80.68,28.29],[-80.68,28.3],[-80.68,28.31],[-80.69,28.31],[-80.69,28.32],[-80.69,28.33],[-80.7,28.33],[-80.7,28.34],[-80.7,28.35],[-80.71,28.36],[-80.71,28.37],[-80.71,28.38],[-80.72,28.38],[-80.72,28.39],[-80.72,28.4],[-80.73,28.4],[-80.72,28.41],[-80.72,28.42],[-80.72,28.43],[-80.72,28.44],[-80.72,28.45],[-80.72,28.46],[-80.72,28.47],[-80.73,28.48],[-80.73,28.49],[-80.73,28.5],[-80.73,28.51],[-80.73,28.52],[-80.73,28.53],[-80.73,28.54],[-80.73,28.55],[-80.72,28.55],[-80.72,28.56],[-80.71,28.56],[-80.72,28.57],[-80.72,28.58],[-80.72,28.59],[-80.71,28.59],[-80.72,28.6],[-80.73,28.6],[-80.73,28.61],[-80.74,28.61],[-80.74,28.6],[-80.75,28.6],[-80.76,28.6],[-80.76,28.61],[-80.77,28.61],[-80.78,28.62],[-80.79,28.62]],[[-80.61,28.6],[-80.6,28.59],[-80.6,28.6],[-80.61,28.6]],[[-80.78,28.62],[-80.77,28.62],[-80.77,28.63],[-80.78,28.62]],[[-80.68,28.59],[-80.68,28.58],[-80.67,28.59],[-80.68,28.59]],[[-80.64,28.59],[-80.65,28.58],[-80.64,28.58],[-80.64,28.59]]],[[[-80.97,28.61],[-80.96,28.61],[-80.97,28.67],[-80.97,28.7],[-80.97,28.73],[-80.97,28.74],[-80.97,28.79],[-80.94,28.79],[-80.92,28.79],[-80.91,28.79],[-80.9,28.79],[-80.87,28.79],[-80.85,28.79],[-80.85,28.78],[-80.84,28.77],[-80.84,28.76],[-80.84,28.75],[-80.84,28.74],[-80.84,28.73],[-80.84,28.72],[-80.83,28.71],[-80.83,28.7],[-80.83,28.69],[-80.83,28.68],[-80.83,28.67],[-80.82,28.66],[-80.82,28.65],[-80.82,28.64],[-80.82,28.63],[-80.82,28.62],[-80.81,28.62],[-80.8,28.62],[-80.8,28.61],[-80.81,28.61],[-80.81,28.6],[-80.8,28.6],[-80.8,28.59],[-80.8,28.58],[-80.8,28.57],[-80.8,28.56],[-80.8,28.55],[-80.79,28.55],[-80.79,28.54],[-80.78,28.54],[-80.78,28.53],[-80.78,28.51],[-80.78,28.5],[-80.78,28.49],[-80.77,28.49],[-80.77,28.48],[-80.76,28.47],[-80.76,28.45],[-80.76,28.44],[-80.75,28.43],[-80.75,28.42],[-80.75,28.41],[-80.75,28.4],[-80.74,28.4],[-80.74,28.39],[-80.74,28.38],[-80.73,28.37],[-80.73,28.36],[-80.72,28.36],[-80.72,28.35],[-80.72,28.34],[-80.72,28.33],[-80.71,28.33],[-80.71,28.32],[-80.71,28.31],[-80.7,28.31],[-80.7,28.3],[-80.7,28.29],[-80.69,28.29],[-80.69,28.28],[-80.69,28.27],[-80.68,28.26],[-80.68,28.25],[-80.68,28.24],[-80.67,28.24],[-80.67,28.23],[-80.67,28.22],[-80.66,28.22],[-80.66,28.21],[-80.65,28.21],[-80.66,28.2],[-80.66,28.19],[-80.65,28.19],[-80.65,28.18],[-80.64,28.17],[-80.64,28.16],[-80.64,28.15],[-80.63,28.15],[-80.63,28.14],[-80.63,28.13],[-80.62,28.13],[-80.62,28.12],[-80.62,28.11],[-80.61,28.1],[-80.61,28.09],[-80.6,28.08],[-80.6,28.07],[-80.59,28.06],[-80.59,28.05],[-80.58,28.04],[-80.58,28.03],[-80.57,28.02],[-80.57,28.01],[-80.56,28.01],[-80.56,28.0],[-80.56,27.99],[-80.55,27.99],[-80.55,27.98],[-80.55,27.97],[-80.54,27.97],[-80.54,27.96],[-80.54,27.95],[-80.53,27.95],[-80.53,27.94],[-80.53,27.93],[-80.52,27.93],[-80.52,27.92],[-80.52,27.91],[-80.51,27.91],[-80.51,27.9],[-80.51,27.89],[-80.5,27.89],[-80.5,27.88],[-80.5,27.87],[-80.49,27.87],[-80.49,27.86],[-80.49,27.85],[-80.5,27.84],[-80.5,27.83],[-80.51,27.83],[-80.51,27.82],[-80.54,27.82],[-80.56,27.82],[-80.61,27.82],[-80.66,27.82],[-80.71,27.82],[-80.74,27.82],[-80.77,27.82],[-80.82,27.82],[-80.84,27.82],[-80.87,27.82],[-80.87,27.83],[-80.87,27.85],[-80.87,27.94],[-80.87,27.95],[-80.87,27.96],[-80.87,27.97],[-80.87,27.98],[-80.87,28.05],[-80.87,28.07],[-80.87,28.08],[-80.86,28.08],[-80.86,28.09],[-80.86,28.12],[-80.86,28.13],[-80.86,28.21],[-80.86,28.25],[-80.86,28.27],[-80.86,28.28],[-80.86,28.33],[-80.86,28.34],[-80.86,28.35],[-80.87,28.35],[-80.87,28.36],[-80.87,28.37],[-80.88,28.37],[-80.88,28.38],[-80.89,28.39],[-80.89,28.4],[-80.89,28.41],[-80.89,28.42],[-80.9,28.42],[-80.9,28.43],[-80.9,28.44],[-80.89,28.44],[-80.89,28.45],[-80.9,28.45],[-80.9,28.46],[-80.89,28.46],[-80.89,28.47],[-80.88,28.47],[-80.87,28.47],[-80.87,28.48],[-80.88,28.48],[-80.88,28.49],[-80.88,28.5],[-80.88,28.51],[-80.89,28.51],[-80.9,28.51],[-80.91,28.51],[-80.91,28.52],[-80.92,28.52],[-80.92,28.53],[-80.93,28.53],[-80.94,28.53],[-80.94,28.54],[-80.93,28.54],[-80.93,28.55],[-80.93,28.56],[-80.93,28.57],[-80.94,28.57],[-80.94,28.58],[-80.95,28.58],[-80.95,28.59],[-80.95,28.6],[-80.96,28.6],[-80.97,28.61]],[[-80.61,28.07],[-80.61,28.08],[-80.62,28.07],[-80.61,28.07]]],[[[-80.74,28.72],[-80.75,28.72],[-80.75,28.73],[-80.74,28.73],[-80.74,28.72]]],[[[-80.75,28.73],[-80.76,28.73],[-80.75,28.74],[-80.75,28.73]]],[[[-80.76,28.74],[-80.77,28.74],[-80.77,28.75],[-80.78,28.75],[-80.79,28.75],[-80.79,28.76],[-80.8,28.76],[-80.8,28.77],[-80.81,28.77],[-80.8,28.78],[-80.81,28.78],[-80.82,28.78],[-80.83,28.78],[-80.84,28.78],[-80.84,28.79],[-80.81,28.79],[-80.8,28.79],[-80.79,28.79],[-80.78,28.79],[-80.78,28.78],[-80.77,28.78],[-80.77,28.77],[-80.77,28.76],[-80.76,28.75],[-80.75,28.74],[-80.76,28.74]]],[[[-80.81,28.76],[-80.82,28.76],[-80.82,28.77],[-80.81,28.77],[-80.81,28.76]]],[[[-80.65,28.67],[-80.65,28.68],[-80.64,28.67],[-80.65,28.67]]],[[[-80.65,28.68],[-80.66,28.68],[-80.66,28.69],[-80.65,28.68]]],[[[-80.6,28.56],[-80.6,28.55],[-80.61,28.55],[-80.6,28.56]]],[[[-80.6,28.51],[-80.59,28.5],[-80.6,28.5],[-80.6,28.51]]],[[[-80.6,28.42],[-80.59,28.41],[-80.59,28.4],[-80.6,28.39],[-80.6,28.38],[-80.6,28.37],[-80.6,28.36],[-80.61,28.34],[-80.61,28.32],[-80.61,28.31],[-80.61,28.3],[-80.61,28.29],[-80.62,28.3],[-80.63,28.3],[-80.63,28.31],[-80.64,28.31],[-80.64,28.32],[-80.63,28.32],[-80.63,28.33],[-80.63,28.34],[-80.63,28.35],[-80.62,28.35],[-80.61,28.35],[-80.61,28.36],[-80.61,28.37],[-80.61,28.38],[-80.61,28.39],[-80.62,28.39],[-80.62,28.4],[-80.62,28.41],[-80.62,28.42],[-80.61,28.42],[-80.6,28.42]]],[[[-80.61,28.27],[-80.6,28.26],[-80.6,28.24],[-80.6,28.21],[-80.59,28.2],[-80.59,28.18],[-80.59,28.16],[-80.58,28.16],[-80.58,28.15],[-80.58,28.14],[-80.58,28.13],[-80.57,28.12],[-80.57,28.11],[-80.57,28.1],[-80.56,28.08],[-80.55,28.06],[-80.55,28.05],[-80.56,28.05],[-80.56,28.06],[-80.57,28.07],[-80.57,28.08],[-80.58,28.08],[-80.58,28.09],[-80.58,28.1],[-80.59,28.1],[-80.58,28.11],[-80.59,28.11],[-80.59,28.12],[-80.59,28.13],[-80.6,28.13],[-80.6,28.14],[-80.6,28.15],[-80.605,28.15],[-80.61,28.16],[-80.61,28.17],[-80.61,28.18],[-80.61,28.19],[-80.62,28.21],[-80.62,28.22],[-80.62,28.23],[-80.62,28.24],[-80.62,28.25],[-80.61,28.25],[-80.61,28.26],[-80.61,28.27]]],[[[-80.55,28.04],[-80.54,28.04],[-80.54,28.03],[-80.55,28.03],[-80.55,28.04]]],[[[-80.54,28.03],[-80.53,28.02],[-80.53,28.01],[-80.54,28.01],[-80.54,28.02],[-80.54,28.03]]],[[[-80.52,28.0],[-80.51,27.98],[-80.51,27.97],[-80.52,27.97],[-80.52,27.98],[-80.52,27.99],[-80.52,28.0]]],[[[-80.51,27.96],[-80.5,27.96],[-80.5,27.95],[-80.51,27.95],[-80.51,27.96]]],[[[-80.51,27.94],[-80.5,27.94],[-80.5,27.95],[-80.48,27.92],[-80.49,27.92],[-80.5,27.92],[-80.5,27.93],[-80.51,27.93],[-80.51,27.94]]],[[[-80.48,27.91],[-80.47,27.91],[-80.47,27.9],[-80.48,27.91]]],[[[-80.47,27.89],[-80.46,27.89],[-80.45,27.87],[-80.46,27.87],[-80.47,27.87],[-80.48,27.88],[-80.47,27.88],[-80.47,27.89]]],[[[-80.62,28.18],[-80.63,28.19],[-80.62,28.19],[-80.62,28.18]]],[[[-80.63,28.19],[-80.635,28.2],[-80.63,28.2],[-80.63,28.19]]],[[[-80.65,28.22],[-80.66,28.25],[-80.65,28.24],[-80.65,28.22]]],[[[-80.66,28.25],[-80.67,28.25],[-80.66,28.26],[-80.66,28.25]]],[[[-80.66,28.26],[-80.67,28.27],[-80.67,28.28],[-80.66,28.27],[-80.66,28.26]]],[[[-80.63,28.41],[-80.64,28.4],[-80.64,28.41],[-80.63,28.41]]],[[[-80.67,28.71],[-80.68,28.71],[-80.68,28.72],[-80.69,28.72],[-80.69,28.71],[-80.7,28.72],[-80.7,28.73],[-80.69,28.73],[-80.67,28.71]]],[[[-80.71,28.75],[-80.72,28.75],[-80.72,28.76],[-80.71,28.75]]],[[[-80.72,28.76],[-80.73,28.76],[-80.74,28.76],[-80.74,28.77],[-80.73,28.77],[-80.72,28.77],[-80.71,28.76],[-80.72,28.76]]],[[[-80.73,28.78],[-80.74,28.78],[-80.74,28.79],[-80.73,28.79],[-80.73,28.78]]]]}},
{"type":"Feature","properties":{"ugc":"FLC011","name":"Broward","state":"FL","wfo":"MFL"},"geometry":{"type":"MultiPolygon","coordinates":[[[[-80.33,26.33],[-80.29,26.33],[-80.25,26.33],[-80.23,26.33],[-80.22,26.33],[-80.21,26.33],[-80.2,26.33],[-80.19,26.33],[-80.16,26.33],[-80.12,26.33],[-80.11,26.33],[-80.1,26.33],[-80.1,26.32],[-80.09,26.33],[-80.09,26.32],[-80.08,26.32],[-80.07,26.32],[-80.07,26.31],[-80.08,26.31],[-80.08,26.3],[-80.08,26.29],[-80.08,26.28],[-80.08,26.27],[-80.08,26.26],[-80.08,26.25],[-80.09,26.25],[-80.09,26.24],[-80.09,26.23],[-80.09,26.22],[-80.09,26.2],[-80.09,26.19],[-80.1,26.19],[-80.1,26.18],[-80.1,26.17],[-80.11,26.16],[-80.12,26.15],[-80.11,26.15],[-80.1,26.16],[-80.1,26.15],[-80.1,26.14],[-80.1,26.12],[-80.1,26.11],[-80.11,26.1],[-80.1,26.09],[-80.11,26.09],[-80.11,26.08],[-80.11,26.07],[-80.11,26.06],[-80.12,26.05],[-80.11,26.05],[-80.11,26.04],[-80.12,26.01],[-80.12,26.0],[-80.12,25.99],[-80.12,25.98],[-80.12,25.97],[-80.13,25.97],[-80.14,25.97],[-80.16,25.97],[-80.18,25.97],[-80.21,25.97],[-80.22,25.97],[-80.25,25.97],[-80.27,25.97],[-80.29,25.97],[-80.3,25.97],[-80.3,25.96],[-80.31,25.96],[-80.34,25.96],[-80.35,25.96],[-80.38,25.96],[-80.43,25.96],[-80.44,25.96],[-80.45,25.96],[-80.46,25.96],[-80.47,25.96],[-80.5,25.96],[-80.53,25.96],[-80.56,25.96],[-80.68,25.96],[-80.68,25.98],[-80.75,25.98],[-80.87,25.98],[-80.87,26.01],[-80.87,26.06],[-80.88,26.13],[-80.88,26.14],[-80.88,26.17],[-80.88,26.25],[-80.88,26.26],[-80.88,26.3],[-80.88,26.33],[-80.78,26.33],[-80.75,26.33],[-80.64,26.33],[-80.61,26.33],[-80.55,26.33],[-80.33,26.33]],[[-80.12,26.01],[-80.12,26.02],[-80.13,26.02],[-80.12,26.01]]]]}},
{"type":"Feature","properties":{"ugc":"FLC013","name":"Calhoun","state":"FL","wfo":"TAE"},"geometry":{"type":"MultiPolygon","coordinates":[[[[-85.14,30.61],[-85.13,30.61],[-85.11,30.61],[-84.98,30.61],[-84.93,30.61],[-84.93,30.6],[-84.94,30.6],[-84.94,30.59],[-84.94,30.58],[-84.95,30.58],[-84.96,30.58],[-84.97,30.58],[-84.97,30.57],[-84.96,30.57],[-84.96,30.56],[-84.97,30.56],[-84.97,30.55],[-84.98,30.55],[-84.98,30.54],[-84.98,30.53],[-84.99,30.53],[-84.99,30.52],[-84.99,30.51],[-84.99,30.5],[-84.99,30.49],[-85.0,30.49],[-85.0,30.48],[-85.0,30.47],[-84.99,30.47],[-84.99,30.46],[-85.0,30.46],[-85.0,30.45],[-84.99,30.45],[-84.98,30.45],[-84.98,30.44],[-84.99,30.44],[-85.0,30.44],[-85.01,30.44],[-85.02,30.43],[-85.03,30.43],[-85.03,30.42],[-85.03,30.41],[-85.03,30.4],[-85.02,30.4],[-85.01,30.39],[-85.02,30.39],[-85.02,30.38],[-85.03,30.38],[-85.04,30.38],[-85.04,30.37],[-85.03,30.37],[-85.03,30.36],[-85.04,30.36],[-85.04,30.35],[-85.05,30.34],[-85.05,30.33],[-85.04,30.33],[-85.05,30.32],[-85.04,30.32],[-85.03,30.31],[-85.04,30.31],[-85.05,30.31],[-85.05,30.3],[-85.06,30.3],[-85.05,30.29],[-85.06,30.29],[-85.06,30.28],[-85.06,30.27],[-85.06,30.26],[-85.07,30.26],[-85.07,30.25],[-85.08,30.25],[-85.08,30.24],[-85.08,30.23],[-85.09,30.23],[-85.09,30.22],[-85.1,30.22],[-85.1,30.21],[-85.11,30.21],[-85.12,30.21],[-85.12,30.2],[-85.14,30.2],[-85.18,30.2],[-85.19,30.2],[-85.2,30.2],[-85.22,30.2],[-85.24,30.2],[-85.25,30.2],[-85.3,30.2],[-85.32,30.2],[-85.34,30.2],[-85.39,30.2],[-85.39,30.23],[-85.39,30.25],[-85.39,30.33],[-85.39,30.36],[-85.39,30.37],[-85.39,30.39],[-85.39,30.41],[-85.39,30.43],[-85.39,30.45],[-85.39,30.5],[-85.38,30.54],[-85.38,30.56],[-85.38,30.57],[-85.35,30.57],[-85.33,30.57],[-85.32,30.57],[-85.3,30.57],[-85.28,30.57],[-85.27,30.57],[-85.25,30.57],[-85.24,30.57],[-85.22,30.57],[-85.18,30.56],[-85.17,30.57],[-85.17,30.58],[-85.17,30.59],[-85.17,30.6],[-85.17,30.61],[-85.16,30.61],[-85.14,30.61]]]]}},
{"type":"Feature","properties":{"ugc":"FLC015","name":"Charlotte","state":"FL","wfo":"TBW"},"geometry":{"type":"MultiPolygon","coordinates":[[[[-82.32,26.87],[-82.31,26.87],[-82.31,26.88],[-82.32,26.88],[-82.32,26.89],[-82.32,26.9],[-82.33,26.9],[-82.33,26.91],[-82.34,26.91],[-82.33,26.92],[-82.34,26.92],[-82.34,26.93],[-82.35,26.94],[-82.34,26.95],[-82.33,26.95],[-82.33,26.94],[-82.32,26.94],[-82.32,26.95],[-82.3,26.95],[-82.26,26.95],[-82.26,26.96],[-82.26,26.99],[-82.25,26.99],[-82.24,26.99],[-82.24,26.98],[-82.24,26.97],[-82.23,26.96],[-82.22,26.96],[-82.22,26.95],[-82.21,26.95],[-82.2,26.95],[-82.2,26.94],[-82.19,26.94],[-82.18,26.94],[-82.18,26.93],[-82.18,26.92],[-82.18,26.91],[-82.17,26.9],[-82.17,26.89],[-82.17,26.88],[-82.16,26.87],[-82.16,26.86],[-82.16,26.85],[-82.16,26.84],[-82.17,26.84],[-82.17,26.83],[-82.16,26.82],[-82.17,26.82],[-82.18,26.82],[-82.18,26.81],[-82.19,26.8],[-82.2,26.81],[-82.2,26.8],[-82.21,26.8],[-82.21,26.81],[-82.22,26.81],[-82.21,26.82],[-82.22,26.82],[-82.23,26.82],[-82.23,26.81],[-82.24,26.81],[-82.24,26.82],[-82.24,26.83],[-82.25,26.83],[-82.25,26.82],[-82.26,26.82],[-82.26,26.83],[-82.26,26.84],[-82.27,26.84],[-82.27,26.85],[-82.28,26.85],[-82.28,26.84],[-82.29,26.84],[-82.29,26.83],[-82.3,26.83],[-82.3,26.84],[-82.3,26.85],[-82.3,26.86],[-82.31,26.86],[-82.32,26.87]],[[-82.21,26.82],[-82.2,26.82],[-82.21,26.83],[-82.21,26.82]],[[-82.26,26.86],[-82.25,26.85],[-82.25,26.86],[-82.26,26.86]]],[[[-82.22,26.96],[-82.22,26.97],[-82.23,26.97],[-82.23,26.98],[-82.23,26.99],[-82.24,27.0],[-82.25,27.01],[-82.26,27.01],[-82.26,27.02],[-82.26,27.03],[-82.22,27.03],[-82.21,27.03],[-82.2,27.03],[-82.19,27.03],[-82.16,27.03],[-82.15,27.03],[-82.1,27.03],[-82.06,27.03],[-82.0,27.03],[-81.99,27.03],[-81.99,27.04],[-81.98,27.04],[-81.96,27.03],[-81.93,27.03],[-81.88,27.03],[-81.85,27.03],[-81.81,27.03],[-81.75,27.03],[-81.74,27.03],[-81.73,27.03],[-81.66,27.03],[-81.56,27.03],[-81.56,27.01],[-81.56,27.0],[-81.56,26.95],[-81.56,26.94],[-81.56,26.91],[-81.56,26.9],[-81.56,26.88],[-81.56,26.86],[-81.56,26.85],[-81.56,26.84],[-81.57,26.82],[-81.57,26.8],[-81.57,26.79],[-81.57,26.78],[-81.57,26.77],[-81.58,26.77],[-81.61,26.77],[-81.65,26.77],[-81.68,26.77],[-81.7,26.77],[-81.73,26.77],[-81.74,26.77],[-81.79,26.77],[-81.81,26.77],[-81.83,26.77],[-81.84,26.77],[-81.86,26.77],[-81.88,26.77],[-81.89,26.77],[-82.0,26.77],[-82.04,26.77],[-82.06,26.77],[-82.06,26.78],[-82.06,26.79],[-82.05,26.79],[-82.05,26.8],[-82.05,26.81],[-82.05,26.82],[-82.05,26.83],[-82.05,26.84],[-82.05,26.85],[-82.05,26.86],[-82.06,26.85],[-82.06,26.86],[-82.05,26.87],[-82.06,26.87],[-82.06,26.88],[-82.07,26.88],[-82.08,26.88],[-82.08,26.89],[-82.09,26.89],[-82.09,26.9],[-82.1,26.9],[-82.1,26.91],[-82.1,26.92],[-82.09,26.92],[-82.08,26.92],[-82.09,26.93],[-82.08,26.93],[-82.07,26.93],[-82.06,26.93],[-82.06,26.94],[-82.05,26.94],[-82.04,26.94],[-82.03,26.94],[-82.03,26.95],[-82.02,26.95],[-82.01,26.95],[-82.0,26.95],[-82.0,26.96],[-81.99,26.96],[-81.99,26.97],[-81.98,26.97],[-81.98,26.98],[-81.98,26.99],[-81.98,27.0],[-81.99,27.0],[-81.99,26.99],[-82.0,26.98],[-82.01,26.98],[-82.01,26.97],[-82.01,26.96],[-82.02,26.96],[-82.02,26.97],[-82.03,26.97],[-82.04,26.97],[-82.05,26.97],[-82.06,26.96],[-82.06,26.95],[-82.07,26.95],[-82.07,26.96],[-82.08,26.96],[-82.09,26.96],[-82.09,26.95],[-82.1,26.95],[-82.1,26.96],[-82.11,26.96],[-82.12,26.96],[-82.12,26.95],[-82.13,26.94],[-82.13,26.93],[-82.14,26.93],[-82.14,26.92],[-82.15,26.92],[-82.16,26.93],[-82.17,26.93],[-82.17,26.94],[-82.16,26.94],[-82.16,26.95],[-82.17,26.95],[-82.18,26.95],[-82.18,26.96],[-82.18,26.97],[-82.18,26.98],[-82.19,26.98],[-82.19,26.97],[-82.2,26.96],[-82.21,26.97],[-82.21,26.96],[-82.22,26.96]],[[-82.05,26.8],[-82.04,26.8],[-82.04,26.81],[-82.05,26.8]],[[-81.99,27.0],[-81.98,27.01],[-81.98,27.02],[-81.99,27.02],[-81.99,27.01],[-81.99,27.0]],[[-81.98,27.02],[-81.97,27.02],[-81.97,27.03],[-81.98,27.03],[-81.98,27.02]],[[-81.99,27.0],[-82.0,27.0],[-82.0,26.99],[-81.99,27.0]],[[-82.14,26.93],[-82.14,26.94],[-82.15,26.94],[-82.15,26.93],[-82.14,26.93]],[[-82.06,26.89],[-82.05,26.88],[-82.05,26.89],[-82.06,26.89]],[[-82.12,26.97],[-82.11,26.97],[-82.12,26.98],[-82.12,26.97]],[[-82.12,26.99],[-82.12,27.0],[-82.13,27.0],[-82.12,26.99]]],[[[-82.37,26.94],[-82.36,26.94],[-82.36,26.93],[-82.37,26.93],[-82.37,26.94]]],[[[-82.37,26.94],[-82.38,26.95],[-82.37,26.95],[-82.37,26.94]]],[[[-82.36,26.92],[-82.35,26.92],[-82.35,26.91],[-82.36,26.92]]],[[[-82.35,26.91],[-82.34,26.9],[-82.35,26.9],[-82.35,26.91]]],[[[-82.34,26.9],[-82.33,26.9],[-82.33,26.89],[-82.32,26.88],[-82.32,26.87],[-82.33,26.88],[-82.34,26.89],[-82.34,26.9]]],[[[-82.31,26.86],[-82.3,26.85],[-82.31,26.85],[-82.31,26.86]]],[[[-82.29,26.83],[-82.28,26.83],[-82.28,26.82],[-82.29,26.82],[-82.29,26.83]]],[[[-82.25,26.82],[-82.24,26.81],[-82.25,26.81],[-82.25,26.82]]],[[[-82.19,26.8],[-82.18,26.8],[-82.18,26.79],[-82.19,26.79],[-82.19,26.8]]],[[[-82.16,26.82],[-82.16,26.83],[-82.16,26.84],[-82.15,26.84],[-82.15,26.83],[-82.15,26.82],[-82.15,26.81],[-82.15,26.8],[-82.15,26.79],[-82.15,26.78],[-82.16,26.78],[-82.17,26.78],[-82.17,26.79],[-82.17,26.8],[-82.17,26.81],[-82.16,26.81],[-82.16,26.82]]],[[[-81.99,26.99],[-81.98,26.99],[-81.99,26.98],[-81.99,26.99]]],[[[-81.99,26.98],[-81.98,26.98],[-81.99,26.97],[-81.99,26.98]]],[[[-81.99,26.98],[-82.0,26.97],[-82.0,26.98],[-81.99,26.98]]],[[[-82.0,26.96],[-82.01,26.96],[-82.0,26.97],[-82.0,26.96]]],[[[-82.05,26.81],[-82.06,26.8],[-82.06,26.81],[-82.05,26.81]]],[[[-82.2,26.77],[-82.2,26.78],[-82.19,26.78],[-82.2,26.77]]],[[[-82.22,26.78],[-82.22,26.79],[-82.21,26.78],[-82.22,26.78]]],[[[-82.28,26.8],[-82.27,26.81],[-82.27,26.8],[-82.27,26.79],[-82.28,26.8]]]]}},
{"type":"Feature","properties":{"ugc":"FLC017","name":"Citrus","state":"FL","wfo":"TBW"},"geometry":{"type":"MultiPolygon","coordinates":[[[[-82.76,29.0],[-82.75,29.0],[-82.75,29.01],[-82.74,29.01],[-82.73,29.01],[-82.73,29.02],[-82.72,29.02],[-82.72,29.03],[-82.71,29.03],[-82.7,29.03],[-82.69,29.03],[-82.68,29.03],[-82.67,29.03],[-82.67,29.02],[-82.66,29.02],[-82.65,29.02],[-82.64,29.02],[-82.63,29.02],[-82.63,29.01],[-82.62,29.01],[-82.61,29.01],[-82.6,29.01],[-82.6,29.02],[-82.6,29.03],[-82.59,29.03],[-82.58,29.03],[-82.57,29.03],[-82.57,29.04],[-82.56,29.04],[-82.56,29.03],[-82.55,29.04],[-82.54,29.04],[-82.53,29.04],[-82.52,29.04],[-82.51,29.04],[-82.5,29.04],[-82.49,29.05],[-82.48,29.05],[-82.47,29.05],[-82.46,29.05],[-82.45,29.04],[-82.44,29.04],[-82.44,29.03],[-82.43,29.03],[-82.43,29.02],[-82.42,29.02],[-82.42,29.01],[-82.41,29.01],[-82.41,29.02],[-82.4,29.02],[-82.4,29.01],[-82.39,29.01],[-82.38,29.01],[-82.38,29.0],[-82.37,29.0],[-82.36,29.0],[-82.36,28.99],[-82.35,28.99],[-82.34,28.99],[-82.34,28.98],[-82.33,28.98],[-82.32,28.98],[-82.32,28.97],[-82.31,28.97],[-82.31,28.96],[-82.31,28.95],[-82.3,28.95],[-82.3,28.94],[-82.29,28.94],[-82.29,28.93],[-82.28,28.92],[-82.28,28.91],[-82.28,28.9],[-82.27,28.9],[-82.27,28.89],[-82.26,28.89],[-82.25,28.88],[-82.24,28.88],[-82.24,28.87],[-82.24,28.86],[-82.23,28.86],[-82.23,28.85],[-82.22,28.85],[-82.21,28.84],[-82.2,28.83],[-82.19,28.83],[-82.18,28.82],[-82.18,28.81],[-82.18,28.8],[-82.17,28.8],[-82.17,28.79],[-82.18,28.79],[-82.18,28.78],[-82.19,28.78],[-82.19,28.77],[-82.18,28.77],[-82.18,28.76],[-82.19,28.76],[-82.2,28.76],[-82.21,28.76],[-82.21,28.75],[-82.22,28.75],[-82.22,28.74],[-82.23,28.74],[-82.23,28.73],[-82.24,28.73],[-82.24,28.72],[-82.25,28.72],[-82.25,28.71],[-82.25,28.7],[-82.25,28.69],[-82.26,28.69],[-82.26,28.68],[-82.26,28.67],[-82.27,28.67],[-82.32,28.67],[-82.35,28.67],[-82.37,28.67],[-82.42,28.67],[-82.42,28.69],[-82.46,28.7],[-82.48,28.69],[-82.55,28.69],[-82.57,28.69],[-82.6,28.69],[-82.6,28.7],[-82.61,28.7],[-82.61,28.69],[-82.62,28.69],[-82.63,28.7],[-82.64,28.7],[-82.65,28.7],[-82.64,28.71],[-82.65,28.71],[-82.65,28.72],[-82.65,28.73],[-82.64,28.73],[-82.64,28.74],[-82.65,28.74],[-82.65,28.75],[-82.65,28.76],[-82.66,28.76],[-82.67,28.76],[-82.68,28.75],[-82.68,28.76],[-82.68,28.77],[-82.67,28.77],[-82.67,28.78],[-82.68,28.78],[-82.68,28.79],[-82.68,28.8],[-82.69,28.81],[-82.69,28.8],[-82.7,28.8],[-82.7,28.81],[-82.69,28.82],[-82.7,28.82],[-82.7,28.83],[-82.71,28.83],[-82.72,28.83],[-82.73,28.83],[-82.74,28.84],[-82.73,28.84],[-82.73,28.85],[-82.72,28.85],[-82.72,28.86],[-82.71,28.86],[-82.7,28.86],[-82.69,28.86],[-82.69,28.85],[-82.68,28.86],[-82.68,28.85],[-82.67,28.85],[-82.66,28.85],[-82.67,28.84],[-82.66,28.84],[-82.65,28.84],[-82.65,28.85],[-82.65,28.86],[-82.64,28.85],[-82.64,28.86],[-82.64,28.87],[-82.65,28.87],[-82.65,28.88],[-82.66,28.88],[-82.66,28.89],[-82.66,28.9],[-82.67,28.9],[-82.67,28.89],[-82.67,28.88],[-82.67,28.87],[-82.68,28.87],[-82.68,28.88],[-82.68,28.89],[-82.69,28.89],[-82.69,28.9],[-82.68,28.9],[-82.68,28.91],[-82.69,28.92],[-82.68,28.92],[-82.68,28.93],[-82.69,28.93],[-82.69,28.94],[-82.7,28.94],[-82.7,28.93],[-82.71,28.93],[-82.71,28.94],[-82.71,28.95],[-82.72,28.95],[-82.72,28.96],[-82.73,28.96],[-82.73,28.97],[-82.73,28.98],[-82.73,28.99],[-82.73,29.0],[-82.74,29.0],[-82.75,28.99],[-82.76,28.99],[-82.76,29.0]],[[-82.61,28.7],[-82.61,28.71],[-82.62,28.72],[-82.62,28.71],[-82.63,28.71],[-82.62,28.7],[-82.61,28.7]],[[-82.61,28.71],[-82.6,28.71],[-82.6,28.72],[-82.61,28.72],[-82.61,28.71]],[[-82.65,28.76],[-82.64,28.76],[-82.64,28.77],[-82.65,28.77],[-82.65,28.76]],[[-82.67,28.77],[-82.66,28.77],[-82.66,28.78],[-82.67,28.77]],[[-82.72,28.85],[-82.71,28.84],[-82.71,28.85],[-82.72,28.85]],[[-82.65,28.88],[-82.64,28.88],[-82.65,28.89],[-82.65,28.88]],[[-82.65,28.89],[-82.64,28.89],[-82.64,28.9],[-82.65,28.9],[-82.65,28.89]],[[-82.7,28.94],[-82.69,28.95],[-82.7,28.95],[-82.7,28.94]],[[-82.64,28.78],[-82.63,28.78],[-82.63,28.79],[-82.64,28.79],[-82.64,28.78]],[[-82.64,28.79],[-82.64,28.8],[-82.65,28.8],[-82.65,28.79],[-82.64,28.79]],[[-82.65,28.79],[-82.66,28.8],[-82.66,28.79],[-82.65,28.79]],[[-82.66,28.79],[-82.67,28.8],[-82.67,28.79],[-82.66,28.79]],[[-82.66,28.82],[-82.66,28.83],[-82.67,28.83],[-82.67,28.82],[-82.66,28.82]],[[-82.67,28.82],[-82.68,28.83],[-82.68,28.82],[-82.67,28.82]],[[-82.64,28.91],[-82.63,28.9],[-82.63,28.91],[-82.64,28.91]],[[-82.63,28.9],[-82.63,28.89],[-82.62,28.89],[-82.63,28.9]],[[-82.62,28.91],[-82.62,28.9],[-82.61,28.9],[-82.62,28.91]],[[-82.61,28.9],[-82.61,28.89],[-82.6,28.89],[-82.59,28.9],[-82.6,28.9],[-82.61,28.9]],[[-82.6,28.89],[-82.6,28.88],[-82.59,28.88],[-82.59,28.89],[-82.6,28.89]],[[-82.64,28.83],[-82.65,28.83],[-82.65,28.82],[-82.64,28.82],[-82.64,28.83]],[[-82.61,28.79],[-82.6,28.79],[-82.6,28.8],[-82.61,28.8],[-82.61,28.79]]],[[[-82.73,28.99],[-82.74,28.98],[-82.74,28.99],[-82.73,28.99]]],[[[-82.7,28.93],[-82.69,28.93],[-82.69,28.92],[-82.7,28.92],[-82.7,28.93]]],[[[-82.68,28.87],[-82.68,28.86],[-82.69,28.86],[-82.69,28.87],[-82.68,28.87]]],[[[-82.73,28.81],[-82.72,28.82],[-82.72,28.81],[-82.73,28.81]]],[[[-82.71,28.82],[-82.7,28.81],[-82.71,28.81],[-82.71,28.82]]],[[[-82.68,28.79],[-82.69,28.78],[-82.7,28.78],[-82.7,28.79],[-82.69,28.79],[-82.68,28.79]]],[[[-82.68,28.78],[-82.68,28.77],[-82.69,28.77],[-82.68,28.78]]],[[[-82.68,28.73],[-82.67,28.73],[-82.66,28.74],[-82.66,28.73],[-82.65,28.72],[-82.66,28.72],[-82.66,28.71],[-82.67,28.71],[-82.67,28.72],[-82.68,28.72],[-82.68,28.73]]],[[[-82.68,28.72],[-82.67,28.71],[-82.68,28.71],[-82.68,28.72]]],[[[-82.66,28.73],[-82.65,28.74],[-82.65,28.73],[-82.66,28.73]]],[[[-82.65,28.71],[-82.65,28.7],[-82.66,28.71],[-82.65,28.71]]],[[[-82.66,28.87],[-82.65,28.87],[-82.65,28.86],[-82.66,28.86],[-82.66,28.87]]],[[[-82.71,28.86],[-82.71,28.87],[-82.7,28.87],[-82.71,28.86]]]]}},
{"type":"Feature","properties":{"ugc":"FLC019","name":"Clay","state":"FL","wfo":"JAX"},"geometry":{"type":"MultiPolygon","coordinates":[[[[-81.73,30.19],[-81.71,30.19],[-81.7,30.19],[-81.69,30.19],[-81.68,30.19],[-81.68,30.18],[-81.69,30.17],[-81.69,30.16],[-81.69,30.14],[-81.69,30.13],[-81.68,30.12],[-81.68,30.11],[-81.68,30.1],[-81.68,30.09],[-81.68,30.08],[-81.69,30.07],[-81.69,30.06],[-81.69,30.04],[-81.69,30.03],[-81.69,30.02],[-81.68,30.02],[-81.68,30.01],[-81.67,30.01],[-81.62,29.98],[-81.61,29.97],[-81.6,29.96],[-81.6,29.95],[-81.6,29.94],[-81.61,29.92],[-81.61,29.91],[-81.61,29.9],[-81.6,29.88],[-81.58,29.84],[-81.63,29.84],[-81.65,29.84],[-81.66,29.84],[-81.67,29.84],[-81.7,29.84],[-81.73,29.84],[-81.76,29.84],[-81.77,29.84],[-81.8,29.84],[-81.81,29.84],[-81.82,29.83],[-81.83,29.82],[-81.84,29.82],[-81.85,29.81],[-81.86,29.8],[-81.87,29.8],[-81.88,29.8],[-81.89,29.8],[-81.9,29.8],[-81.9,29.79],[-81.91,29.79],[-81.92,29.79],[-81.92,29.78],[-81.93,29.77],[-81.93,29.76],[-81.94,29.75],[-81.95,29.75],[-81.97,29.75],[-81.98,29.75],[-81.99,29.74],[-82.0,29.74],[-82.01,29.74],[-82.02,29.73],[-82.03,29.72],[-82.05,29.72],[-82.05,29.73],[-82.05,29.75],[-82.05,29.76],[-82.05,29.79],[-82.05,29.8],[-82.05,29.81],[-82.05,29.83],[-82.05,29.84],[-82.05,29.93],[-82.05,30.0],[-82.05,30.02],[-82.05,30.06],[-82.05,30.1],[-82.05,30.14],[-82.05,30.19],[-82.04,30.19],[-82.02,30.19],[-82.01,30.19],[-81.99,30.19],[-81.95,30.19],[-81.94,30.19],[-81.92,30.19],[-81.87,30.19],[-81.85,30.19],[-81.83,30.19],[-81.8,30.19],[-81.74,30.19],[-81.73,30.19]]]]}},
{"type":"Feature","properties":{"ugc":"FLC021","name":"Collier","state":"FL","wfo":"MFL"},"geometry":{"type":"MultiPolygon","coordinates":[[[[-81.83,26.29],[-81.82,26.29],[-81.83,26.3],[-81.84,26.31],[-81.84,26.32],[-81.85,26.33],[-81.82,26.33],[-81.82,26.32],[-81.75,26.32],[-81.74,26.32],[-81.71,26.32],[-81.69,26.32],[-81.66,26.32],[-81.66,26.38],[-81.66,26.42],[-81.64,26.42],[-81.62,26.42],[-81.61,26.42],[-81.58,26.42],[-81.57,26.42],[-81.56,26.42],[-81.56,26.43],[-81.56,26.45],[-81.56,26.47],[-81.56,26.51],[-81.55,26.51],[-81.54,26.51],[-81.53,26.51],[-81.49,26.51],[-81.48,26.51],[-81.47,26.51],[-81.45,26.52],[-81.44,26.52],[-81.42,26.52],[-81.41,26.52],[-81.38,26.52],[-81.37,26.52],[-81.27,26.52],[-81.27,26.46],[-81.27,26.42],[-81.27,26.34],[-81.27,26.3],[-81.27,26.26],[-81.27,26.25],[-81.25,26.25],[-81.22,26.25],[-81.2,26.25],[-81.18,26.25],[-81.17,26.25],[-81.16,26.25],[-81.12,26.26],[-81.11,26.26],[-81.03,26.26],[-81.0,26.26],[-80.95,26.26],[-80.91,26.26],[-80.88,26.26],[-80.88,26.25],[-80.88,26.17],[-80.88,26.14],[-80.88,26.13],[-80.87,26.06],[-80.87,26.01],[-80.87,25.98],[-80.87,25.95],[-80.87,25.91],[-80.87,25.86],[-80.87,25.84],[-80.87,25.81],[-80.93,25.8],[-80.96,25.8],[-80.98,25.8],[-81.0,25.8],[-81.1,25.8],[-81.12,25.8],[-81.26,25.8],[-81.27,25.8],[-81.28,25.8],[-81.29,25.8],[-81.3,25.8],[-81.3,25.81],[-81.31,25.81],[-81.31,25.8],[-81.32,25.8],[-81.33,25.8],[-81.34,25.8],[-81.34,25.81],[-81.35,25.81],[-81.35,25.82],[-81.36,25.83],[-81.37,25.83],[-81.38,25.84],[-81.39,25.84],[-81.39,25.85],[-81.4,25.85],[-81.4,25.86],[-81.41,25.86],[-81.42,25.86],[-81.42,25.87],[-81.43,25.87],[-81.43,25.86],[-81.44,25.86],[-81.44,25.87],[-81.45,25.87],[-81.46,25.87],[-81.47,25.87],[-81.47,25.88],[-81.47,25.89],[-81.48,25.89],[-81.49,25.89],[-81.5,25.89],[-81.5,25.88],[-81.51,25.89],[-81.51,25.9],[-81.52,25.9],[-81.53,25.9],[-81.54,25.9],[-81.54,25.91],[-81.54,25.92],[-81.55,25.92],[-81.56,25.92],[-81.56,25.91],[-81.55,25.91],[-81.55,25.9],[-81.56,25.9],[-81.56,25.89],[-81.57,25.89],[-81.57,25.9],[-81.57,25.91],[-81.58,25.9],[-81.59,25.9],[-81.6,25.9],[-81.61,25.9],[-81.61,25.91],[-81.6,25.91],[-81.59,25.91],[-81.58,25.91],[-81.58,25.92],[-81.59,25.92],[-81.6,25.92],[-81.6,25.93],[-81.61,25.93],[-81.61,25.92],[-81.62,25.92],[-81.62,25.93],[-81.63,25.93],[-81.63,25.92],[-81.63,25.91],[-81.62,25.91],[-81.62,25.9],[-81.63,25.9],[-81.64,25.9],[-81.64,25.91],[-81.64,25.92],[-81.65,25.92],[-81.65,25.91],[-81.65,25.9],[-81.66,25.9],[-81.67,25.9],[-81.68,25.9],[-81.68,25.91],[-81.68,25.92],[-81.68,25.93],[-81.67,25.93],[-81.68,25.94],[-81.67,25.94],[-81.67,25.95],[-81.68,25.95],[-81.69,25.95],[-81.69,25.96],[-81.68,25.96],[-81.67,25.96],[-81.66,25.96],[-81.66,25.97],[-81.66,25.98],[-81.67,25.98],[-81.67,25.97],[-81.68,25.97],[-81.69,25.97],[-81.69,25.98],[-81.7,25.98],[-81.7,25.97],[-81.71,25.97],[-81.72,25.97],[-81.72,25.98],[-81.71,25.98],[-81.71,25.99],[-81.72,25.99],[-81.73,26.0],[-81.74,26.0],[-81.74,25.99],[-81.75,25.99],[-81.75,26.0],[-81.76,26.0],[-81.76,26.01],[-81.75,26.01],[-81.74,26.01],[-81.74,26.02],[-81.74,26.03],[-81.74,26.04],[-81.75,26.04],[-81.76,26.04],[-81.77,26.04],[-81.76,26.03],[-81.77,26.03],[-81.775,26.04],[-81.78,26.05],[-81.79,26.06],[-81.8,26.08],[-81.8,26.09],[-81.81,26.13],[-81.81,26.15],[-81.81,26.16],[-81.81,26.17],[-81.82,26.21],[-81.82,26.22],[-81.82,26.24],[-81.82,26.25],[-81.83,26.28],[-81.83,26.29]],[[-81.53,25.9],[-81.52,25.91],[-81.53,25.91],[-81.53,25.9]],[[-81.63,25.93],[-81.63,25.94],[-81.64,25.94],[-81.65,25.94],[-81.65,25.93],[-81.64,25.93],[-81.63,25.93]],[[-81.67,25.93],[-81.67,25.92],[-81.67,25.91],[-81.66,25.91],[-81.66,25.92],[-81.66,25.93],[-81.67,25.93]],[[-81.67,25.95],[-81.66,25.94],[-81.66,25.95],[-81.67,25.95]],[[-81.8,26.1],[-81.79,26.1],[-81.79,26.11],[-81.8,26.12],[-81.8,26.11],[-81.8,26.1]],[[-81.79,26.11],[-81.78,26.11],[-81.78,26.12],[-81.79,26.12],[-81.79,26.11]]],[[[-81.77,26.02],[-81.76,26.02],[-81.76,26.01],[-81.77,26.01],[-81.77,26.02]]],[[[-81.74,25.98],[-81.74,25.99],[-81.73,25.99],[-81.72,25.99],[-81.72,25.98],[-81.73,25.98],[-81.74,25.98]]],[[[-81.74,25.96],[-81.74,25.95],[-81.75,25.95],[-81.75,25.96],[-81.74,25.96]]],[[[-81.74,25.95],[-81.73,25.95],[-81.73,25.96],[-81.72,25.96],[-81.71,25.96],[-81.71,25.95],[-81.7,25.95],[-81.69,25.95],[-81.69,25.94],[-81.69,25.93],[-81.7,25.93],[-81.7,25.92],[-81.69,25.92],[-81.69,25.91],[-81.7,25.91],[-81.71,25.92],[-81.72,25.93],[-81.72,25.94],[-81.73,25.94],[-81.74,25.94],[-81.74,25.95]]],[[[-81.73,25.93],[-81.72,25.93],[-81.72,25.92],[-81.72,25.91],[-81.73,25.91],[-81.73,25.92],[-81.73,25.93]]],[[[-81.68,25.93],[-81.69,25.94],[-81.68,25.94],[-81.68,25.93]]],[[[-81.75,26.02],[-81.76,26.02],[-81.76,26.03],[-81.75,26.03],[-81.75,26.02]]],[[[-81.69,25.97],[-81.69,25.96],[-81.7,25.96],[-81.69,25.97]]],[[[-81.58,25.89],[-81.58,25.9],[-81.57,25.9],[-81.58,25.89]]],[[[-81.53,25.89],[-81.52,25.89],[-81.51,25.89],[-81.51,25.88],[-81.5,25.88],[-81.5,25.87],[-81.51,25.87],[-81.51,25.86],[-81.52,25.86],[-81.52,25.87],[-81.53,25.87],[-81.53,25.88],[-81.54,25.89],[-81.53,25.89]]],[[[-81.52,25.86],[-81.52,25.85],[-81.53,25.85],[-81.53,25.86],[-81.52,25.86]]],[[[-81.71,25.89],[-81.7,25.89],[-81.7,25.88],[-81.71,25.88],[-81.71,25.89]]],[[[-81.7,25.88],[-81.69,25.88],[-81.69,25.87],[-81.68,25.88],[-81.67,25.88],[-81.67,25.87],[-81.67,25.86],[-81.68,25.87],[-81.68,25.86],[-81.69,25.86],[-81.7,25.86],[-81.7,25.87],[-81.7,25.88]]],[[[-81.68,25.85],[-81.68,25.86],[-81.67,25.86],[-81.67,25.85],[-81.68,25.85]]],[[[-81.68,25.88],[-81.69,25.88],[-81.69,25.89],[-81.68,25.88]]]]}},
{"type":"Feature","properties":{"ugc":"FLC023","name":"Columbia","state":"FL","wfo":"JAX"},"geometry":{"type":"MultiPolygon","coordinates":[[[[-82.79,29.93],[-82.8,29.93],[-82.8,29.94],[-82.79,29.94],[-82.79,29.95],[-82.78,29.96],[-82.77,29.96],[-82.76,29.96],[-82.76,29.97],[-82.76,29.98],[-82.76,29.99],[-82.77,29.99],[-82.79,29.99],[-82.79,30.02],[-82.79,30.06],[-82.79,30.07],[-82.79,30.11],[-82.79,30.13],[-82.79,30.2],[-82.79,30.23],[-82.79,30.24],[-82.79,30.25],[-82.79,30.27],[-82.79,30.28],[-82.79,30.31],[-82.79,30.32],[-82.78,30.32],[-82.77,30.33],[-82.76,30.33],[-82.76,30.32],[-82.75,30.32],[-82.74,30.32],[-82.74,30.33],[-82.73,30.33],[-82.72,30.33],[-82.72,30.32],[-82.71,30.32],[-82.71,30.33],[-82.7,30.33],[-82.69,30.33],[-82.69,30.34],[-82.68,30.34],[-82.68,30.35],[-82.69,30.35],[-82.68,30.36],[-82.67,30.37],[-82.66,30.37],[-82.67,30.38],[-82.66,30.38],[-82.66,30.39],[-82.65,30.39],[-82.65,30.4],[-82.65,30.41],[-82.65,30.42],[-82.65,30.43],[-82.66,30.43],[-82.66,30.44],[-82.67,30.44],[-82.67,30.45],[-82.67,30.46],[-82.68,30.46],[-82.68,30.47],[-82.69,30.47],[-82.7,30.48],[-82.7,30.49],[-82.71,30.49],[-82.71,30.5],[-82.71,30.51],[-82.72,30.51],[-82.72,30.52],[-82.73,30.53],[-82.72,30.53],[-82.72,30.54],[-82.72,30.55],[-82.73,30.56],[-82.72,30.56],[-82.72,30.57],[-82.71,30.57],[-82.71,30.58],[-82.7,30.59],[-82.7,30.6],[-82.69,30.6],[-82.67,30.6],[-82.58,30.59],[-82.57,30.59],[-82.55,30.59],[-82.53,30.59],[-82.46,30.58],[-82.46,30.47],[-82.46,30.45],[-82.46,30.44],[-82.46,30.4],[-82.46,30.35],[-82.46,30.29],[-82.46,30.26],[-82.46,30.22],[-82.46,30.18],[-82.46,30.16],[-82.46,30.14],[-82.46,30.13],[-82.45,30.13],[-82.45,30.12],[-82.46,30.11],[-82.46,30.1],[-82.47,30.1],[-82.48,30.09],[-82.49,30.09],[-82.5,30.09],[-82.5,30.08],[-82.51,30.08],[-82.52,30.08],[-82.52,30.07],[-82.53,30.07],[-82.53,30.06],[-82.54,30.06],[-82.54,30.05],[-82.54,30.04],[-82.54,30.03],[-82.54,30.02],[-82.55,30.02],[-82.56,30.02],[-82.57,30.01],[-82.57,30.0],[-82.57,29.99],[-82.57,29.98],[-82.57,29.97],[-82.56,29.97],[-82.55,29.96],[-82.54,29.96],[-82.53,29.96],[-82.53,29.95],[-82.53,29.94],[-82.53,29.93],[-82.54,29.93],[-82.55,29.93],[-82.56,29.93],[-82.56,29.92],[-82.57,29.92],[-82.58,29.92],[-82.58,29.91],[-82.58,29.89],[-82.59,29.89],[-82.59,29.87],[-82.59,29.86],[-82.6,29.86],[-82.6,29.85],[-82.61,29.85],[-82.62,29.86],[-82.62,29.85],[-82.63,29.85],[-82.63,29.84],[-82.63,29.83],[-82.64,29.83],[-82.65,29.83],[-82.66,29.83],[-82.67,29.83],[-82.68,29.83],[-82.69,29.83],[-82.7,29.84],[-82.71,29.84],[-82.71,29.85],[-82.72,29.85],[-82.73,29.86],[-82.74,29.86],[-82.74,29.87],[-82.75,29.87],[-82.75,29.88],[-82.75,29.89],[-82.76,29.9],[-82.77,29.9],[-82.77,29.91],[-82.77,29.92],[-82.77,29.93],[-82.78,29.93],[-82.79,29.93]]]]}},
{"type":"Feature","properties":{"ugc":"FLC027","name":"DeSoto","state":"FL","wfo":"TBW"},"geometry":{"type":"MultiPolygon","coordinates":[[[[-81.99,27.03],[-82.0,27.03],[-82.06,27.03],[-82.06,27.06],[-82.06,27.12],[-82.06,27.13],[-82.06,27.15],[-82.06,27.21],[-82.06,27.25],[-82.06,27.26],[-82.06,27.29],[-82.06,27.34],[-81.96,27.34],[-81.87,27.34],[-81.86,27.34],[-81.74,27.34],[-81.63,27.34],[-81.62,27.34],[-81.57,27.34],[-81.56,27.34],[-81.56,27.33],[-81.56,27.3],[-81.56,27.25],[-81.56,27.19],[-81.56,27.15],[-81.56,27.1],[-81.56,27.07],[-81.56,27.06],[-81.56,27.03],[-81.66,27.03],[-81.73,27.03],[-81.74,27.03],[-81.75,27.03],[-81.81,27.03],[-81.85,27.03],[-81.88,27.03],[-81.93,27.03],[-81.96,27.03],[-81.98,27.04],[-81.99,27.04],[-81.99,27.03]]]]}},
{"type":"Feature","properties":{"ugc":"FLC029","name":"Dixie","state":"FL","wfo":"TAE"},"geometry":{"type":"MultiPolygon","coordinates":[[[[-83.4,29.57],[-83.4,29.58],[-83.4,29.59],[-83.41,29.59],[-83.41,29.6],[-83.4,29.6],[-83.4,29.61],[-83.4,29.62],[-83.41,29.62],[-83.41,29.63],[-83.4,29.63],[-83.4,29.64],[-83.41,29.64],[-83.4,29.65],[-83.4,29.66],[-83.41,29.67],[-83.4,29.67],[-83.39,29.67],[-83.38,29.67],[-83.37,29.67],[-83.36,29.67],[-83.36,29.68],[-83.36,29.69],[-83.35,29.69],[-83.35,29.7],[-83.35,29.71],[-83.35,29.72],[-83.34,29.73],[-83.35,29.73],[-83.34,29.74],[-83.34,29.75],[-83.34,29.76],[-83.33,29.76],[-83.33,29.77],[-83.32,29.78],[-83.32,29.81],[-83.32,29.82],[-83.31,29.82],[-83.26,29.82],[-83.18,29.82],[-83.12,29.82],[-83.0,29.83],[-82.99,29.83],[-82.97,29.83],[-82.96,29.82],[-82.95,29.82],[-82.94,29.82],[-82.93,29.82],[-82.93,29.81],[-82.94,29.81],[-82.93,29.8],[-82.92,29.8],[-82.92,29.79],[-82.93,29.79],[-82.94,29.78],[-82.94,29.77],[-82.95,29.77],[-82.95,29.76],[-82.95,29.75],[-82.94,29.75],[-82.94,29.74],[-82.94,29.73],[-82.95,29.73],[-82.95,29.72],[-82.96,29.72],[-82.95,29.71],[-82.94,29.7],[-82.95,29.7],[-82.96,29.7],[-82.96,29.69],[-82.96,29.68],[-82.95,29.68],[-82.96,29.67],[-82.95,29.67],[-82.95,29.66],[-82.96,29.66],[-82.96,29.65],[-82.96,29.64],[-82.97,29.63],[-82.97,29.62],[-82.97,29.61],[-82.96,29.6],[-82.96,29.59],[-82.95,29.59],[-82.94,29.59],[-82.94,29.58],[-82.95,29.58],[-82.95,29.57],[-82.95,29.56],[-82.96,29.55],[-82.97,29.55],[-82.97,29.54],[-82.98,29.54],[-82.98,29.53],[-82.97,29.53],[-82.97,29.52],[-82.98,29.52],[-82.98,29.51],[-82.98,29.5],[-82.98,29.49],[-82.98,29.48],[-82.99,29.48],[-82.99,29.47],[-82.99,29.46],[-83.0,29.46],[-83.01,29.45],[-83.01,29.44],[-83.02,29.43],[-83.02,29.42],[-83.02,29.41],[-83.03,29.41],[-83.02,29.4],[-83.03,29.4],[-83.03,29.39],[-83.04,29.39],[-83.04,29.38],[-83.05,29.38],[-83.06,29.38],[-83.07,29.37],[-83.06,29.36],[-83.07,29.36],[-83.07,29.35],[-83.06,29.35],[-83.07,29.34],[-83.08,29.34],[-83.09,29.33],[-83.09,29.34],[-83.1,29.34],[-83.1,29.33],[-83.11,29.33],[-83.11,29.32],[-83.12,29.32],[-83.13,29.32],[-83.14,29.32],[-83.15,29.31],[-83.15,29.3],[-83.16,29.3],[-83.17,29.3],[-83.17,29.31],[-83.16,29.31],[-83.16,29.32],[-83.16,29.33],[-83.17,29.33],[-83.17,29.34],[-83.17,29.35],[-83.17,29.36],[-83.16,29.36],[-83.16,29.37],[-83.17,29.37],[-83.18,29.37],[-83.18,29.36],[-83.19,29.36],[-83.19,29.37],[-83.19,29.38],[-83.2,29.38],[-83.2,29.39],[-83.2,29.4],[-83.21,29.4],[-83.21,29.41],[-83.21,29.42],[-83.22,29.42],[-83.22,29.43],[-83.23,29.43],[-83.24,29.43],[-83.25,29.43],[-83.26,29.43],[-83.26,29.44],[-83.26,29.45],[-83.27,29.44],[-83.27,29.43],[-83.28,29.44],[-83.29,29.44],[-83.29,29.45],[-83.3,29.44],[-83.3,29.45],[-83.3,29.46],[-83.31,29.46],[-83.31,29.47],[-83.32,29.47],[-83.32,29.48],[-83.33,29.48],[-83.34,29.48],[-83.33,29.49],[-83.34,29.49],[-83.35,29.49],[-83.35,29.5],[-83.36,29.5],[-83.37,29.5],[-83.38,29.5],[-83.38,29.51],[-83.38,29.52],[-83.39,29.52],[-83.39,29.53],[-83.39,29.54],[-83.4,29.54],[-83.4,29.55],[-83.4,29.56],[-83.4,29.57]],[[-83.14,29.33],[-83.14,29.34],[-83.15,29.34],[-83.15,29.33],[-83.14,29.33]],[[-83.39,29.6],[-83.38,29.59],[-83.38,29.6],[-83.39,29.6]]],[[[-83.4,29.54],[-83.39,29.53],[-83.4,29.53],[-83.4,29.54]]],[[[-83.39,29.52],[-83.4,29.52],[-83.4,29.53],[-83.39,29.52]]],[[[-83.39,29.52],[-83.38,29.51],[-83.39,29.51],[-83.39,29.52]]],[[[-83.18,29.36],[-83.17,29.35],[-83.18,29.35],[-83.18,29.36]]]]}},
{"type":"Feature","properties":{"ugc":"FLC031","name":"Duval","state":"FL","wfo":"JAX"},"geometry":{"type":"MultiPolygon","coordinates":[[[[-81.62,30.58],[-81.61,30.58],[-81.61,30.57],[-81.61,30.56],[-81.61,30.55],[-81.6,30.56],[-81.59,30.57],[-81.58,30.57],[-81.58,30.56],[-81.59,30.55],[-81.59,30.54],[-81.58,30.54],[-81.57,30.54],[-81.56,30.54],[-81.55,30.54],[-81.55,30.53],[-81.54,30.52],[-81.53,30.53],[-81.52,30.53],[-81.52,30.54],[-81.52,30.55],[-81.52,30.56],[-81.51,30.57],[-81.5,30.56],[-81.49,30.55],[-81.5,30.55],[-81.51,30.56],[-81.51,30.55],[-81.49,30.54],[-81.48,30.53],[-81.46,30.52],[-81.45,30.52],[-81.45,30.51],[-81.44,30.5],[-81.44,30.49],[-81.43,30.49],[-81.42,30.48],[-81.41,30.48],[-81.41,30.42],[-81.42,30.42],[-81.42,30.41],[-81.43,30.4],[-81.42,30.4],[-81.41,30.4],[-81.42,30.39],[-81.41,30.39],[-81.39,30.4],[-81.4,30.38],[-81.4,30.36],[-81.4,30.34],[-81.4,30.33],[-81.39,30.33],[-81.39,30.32],[-81.39,30.3],[-81.39,30.29],[-81.38,30.27],[-81.38,30.26],[-81.38,30.25],[-81.42,30.25],[-81.43,30.25],[-81.44,30.25],[-81.44,30.24],[-81.44,30.23],[-81.43,30.14],[-81.43,30.11],[-81.44,30.11],[-81.47,30.11],[-81.48,30.1],[-81.54,30.1],[-81.54,30.12],[-81.56,30.12],[-81.57,30.12],[-81.58,30.13],[-81.59,30.13],[-81.6,30.13],[-81.61,30.13],[-81.62,30.13],[-81.63,30.13],[-81.65,30.12],[-81.67,30.12],[-81.68,30.12],[-81.69,30.13],[-81.69,30.14],[-81.69,30.16],[-81.69,30.17],[-81.68,30.18],[-81.68,30.19],[-81.69,30.19],[-81.7,30.19],[-81.71,30.19],[-81.73,30.19],[-81.74,30.19],[-81.8,30.19],[-81.83,30.19],[-81.85,30.19],[-81.87,30.19],[-81.92,30.19],[-81.94,30.19],[-81.95,30.19],[-81.99,30.19],[-82.01,30.19],[-82.02,30.19],[-82.04,30.19],[-82.05,30.19],[-82.05,30.23],[-82.05,30.24],[-82.05,30.27],[-82.01,30.31],[-81.97,30.35],[-81.95,30.36],[-81.95,30.37],[-81.94,30.37],[-81.92,30.39],[-81.88,30.42],[-81.87,30.44],[-81.83,30.46],[-81.83,30.47],[-81.81,30.48],[-81.8,30.49],[-81.79,30.51],[-81.78,30.5],[-81.77,30.52],[-81.76,30.54],[-81.76,30.53],[-81.74,30.54],[-81.73,30.54],[-81.73,30.55],[-81.71,30.57],[-81.7,30.57],[-81.69,30.57],[-81.69,30.56],[-81.68,30.57],[-81.68,30.56],[-81.67,30.57],[-81.67,30.56],[-81.67,30.55],[-81.66,30.55],[-81.66,30.56],[-81.66,30.57],[-81.65,30.57],[-81.65,30.58],[-81.64,30.58],[-81.63,30.58],[-81.63,30.59],[-81.62,30.58]],[[-81.42,30.42],[-81.42,30.44],[-81.43,30.44],[-81.42,30.42]],[[-81.43,30.4],[-81.44,30.41],[-81.45,30.42],[-81.46,30.41],[-81.46,30.4],[-81.46,30.39],[-81.47,30.4],[-81.47,30.39],[-81.48,30.39],[-81.48,30.38],[-81.47,30.38],[-81.46,30.37],[-81.45,30.37],[-81.44,30.38],[-81.44,30.39],[-81.43,30.4]],[[-81.46,30.41],[-81.47,30.42],[-81.47,30.41],[-81.46,30.41]],[[-81.45,30.37],[-81.45,30.36],[-81.44,30.35],[-81.44,30.36],[-81.44,30.37],[-81.45,30.37]],[[-81.46,30.48],[-81.45,30.48],[-81.45,30.49],[-81.46,30.49],[-81.46,30.48]],[[-81.46,30.49],[-81.47,30.5],[-81.47,30.49],[-81.46,30.49]],[[-81.43,30.26],[-81.42,30.26],[-81.42,30.27],[-81.43,30.27],[-81.43,30.26]],[[-81.43,30.29],[-81.42,30.29],[-81.42,30.3],[-81.42,30.31],[-81.43,30.31],[-81.43,30.3],[-81.43,30.29]],[[-81.46,30.43],[-81.455,30.44],[-81.46,30.44],[-81.46,30.43]],[[-81.45,30.45],[-81.44,30.44],[-81.44,30.45],[-81.45,30.45]],[[-81.45,30.46],[-81.45,30.47],[-81.46,30.47],[-81.45,30.46]]],[[[-81.45,30.37],[-81.47,30.38],[-81.47,30.39],[-81.46,30.38],[-81.45,30.37]]],[[[-81.45,30.38],[-81.46,30.39],[-81.45,30.4],[-81.44,30.4],[-81.45,30.38]]],[[[-81.46,30.4],[-81.45,30.41],[-81.45,30.4],[-81.46,30.4]]],[[[-81.61,30.58],[-81.61,30.59],[-81.6,30.58],[-81.61,30.58]]],[[[-81.43,30.49],[-81.43,30.5],[-81.42,30.49],[-81.43,30.49]]],[[[-81.41,30.41],[-81.4,30.4],[-81.42,30.41],[-81.41,30.41]]]]}},
{"type":"Feature","properties":{"ugc":"FLC033","name":"Escambia","state":"FL","wfo":"MOB"},"geometry":{"type":"MultiPolygon","coordinates":[[[[-87.18,30.99],[-87.18,30.98],[-87.19,30.98],[-87.2,30.98],[-87.2,30.97],[-87.21,30.97],[-87.21,30.96],[-87.22,30.96],[-87.23,30.96],[-87.23,30.97],[-87.24,30.96],[-87.24,30.95],[-87.25,30.94],[-87.26,30.93],[-87.27,30.93],[-87.28,30.93],[-87.29,30.93],[-87.29,30.92],[-87.29,30.91],[-87.29,30.9],[-87.29,30.89],[-87.29,30.88],[-87.3,30.88],[-87.3,30.87],[-87.3,30.86],[-87.31,30.86],[-87.31,30.85],[-87.31,30.84],[-87.3,30.84],[-87.3,30.83],[-87.3,30.82],[-87.3,30.81],[-87.3,30.8],[-87.31,30.8],[-87.31,30.79],[-87.31,30.78],[-87.31,30.77],[-87.3,30.76],[-87.31,30.76],[-87.31,30.75],[-87.31,30.74],[-87.31,30.73],[-87.31,30.72],[-87.3,30.72],[-87.29,30.72],[-87.28,30.72],[-87.27,30.72],[-87.27,30.71],[-87.27,30.7],[-87.27,30.69],[-87.27,30.68],[-87.27,30.67],[-87.27,30.66],[-87.26,30.66],[-87.26,30.65],[-87.26,30.64],[-87.26,30.63],[-87.25,30.63],[-87.25,30.62],[-87.26,30.62],[-87.26,30.61],[-87.25,30.61],[-87.24,30.6],[-87.23,30.6],[-87.23,30.59],[-87.23,30.58],[-87.22,30.58],[-87.22,30.57],[-87.22,30.56],[-87.21,30.56],[-87.21,30.55],[-87.2,30.55],[-87.19,30.55],[-87.18,30.54],[-87.19,30.54],[-87.19,30.53],[-87.18,30.53],[-87.18,30.52],[-87.17,30.52],[-87.16,30.52],[-87.16,30.51],[-87.16,30.5],[-87.16,30.49],[-87.16,30.48],[-87.16,30.47],[-87.16,30.46],[-87.17,30.45],[-87.17,30.44],[-87.17,30.43],[-87.18,30.43],[-87.18,30.42],[-87.19,30.42],[-87.2,30.42],[-87.2,30.41],[-87.21,30.41],[-87.21,30.4],[-87.22,30.4],[-87.23,30.4],[-87.24,30.4],[-87.25,30.39],[-87.26,30.39],[-87.27,30.38],[-87.27,30.37],[-87.26,30.37],[-87.26,30.36],[-87.26,30.35],[-87.27,30.35],[-87.28,30.35],[-87.29,30.35],[-87.29,30.34],[-87.3,30.34],[-87.3,30.35],[-87.31,30.35],[-87.31,30.34],[-87.32,30.34],[-87.32,30.33],[-87.31,30.33],[-87.31,30.32],[-87.32,30.32],[-87.33,30.32],[-87.33,30.33],[-87.34,30.33],[-87.35,30.33],[-87.36,30.33],[-87.37,30.33],[-87.37,30.32],[-87.38,30.32],[-87.39,30.32],[-87.4,30.32],[-87.4,30.31],[-87.41,30.31],[-87.42,30.31],[-87.42,30.3],[-87.43,30.3],[-87.43,30.29],[-87.44,30.29],[-87.45,30.29],[-87.46,30.29],[-87.46,30.3],[-87.45,30.3],[-87.44,30.3],[-87.44,30.31],[-87.45,30.31],[-87.46,30.31],[-87.46,30.32],[-87.45,30.32],[-87.44,30.32],[-87.44,30.33],[-87.43,30.33],[-87.43,30.34],[-87.42,30.34],[-87.42,30.35],[-87.42,30.36],[-87.43,30.36],[-87.44,30.36],[-87.44,30.37],[-87.43,30.37],[-87.43,30.38],[-87.43,30.39],[-87.42,30.39],[-87.42,30.4],[-87.41,30.4],[-87.4,30.4],[-87.39,30.4],[-87.39,30.41],[-87.38,30.41],[-87.37,30.41],[-87.36,30.42],[-87.35,30.42],[-87.34,30.42],[-87.34,30.43],[-87.34,30.44],[-87.35,30.44],[-87.35,30.45],[-87.36,30.45],[-87.36,30.46],[-87.37,30.46],[-87.38,30.46],[-87.38,30.45],[-87.39,30.45],[-87.39,30.46],[-87.4,30.46],[-87.41,30.46],[-87.42,30.46],[-87.42,30.47],[-87.43,30.47],[-87.43,30.48],[-87.43,30.49],[-87.43,30.5],[-87.44,30.5],[-87.44,30.51],[-87.45,30.51],[-87.45,30.52],[-87.45,30.53],[-87.44,30.53],[-87.44,30.54],[-87.44,30.55],[-87.43,30.55],[-87.43,30.56],[-87.42,30.56],[-87.42,30.57],[-87.41,30.57],[-87.41,30.58],[-87.41,30.59],[-87.41,30.6],[-87.4,30.6],[-87.4,30.61],[-87.4,30.62],[-87.39,30.63],[-87.39,30.64],[-87.4,30.64],[-87.4,30.65],[-87.4,30.66],[-87.4,30.67],[-87.41,30.67],[-87.41,30.68],[-87.42,30.68],[-87.43,30.68],[-87.43,30.69],[-87.44,30.69],[-87.44,30.7],[-87.45,30.7],[-87.46,30.7],[-87.47,30.7],[-87.47,30.71],[-87.48,30.71],[-87.48,30.72],[-87.49,30.72],[-87.5,30.72],[-87.5,30.73],[-87.51,30.73],[-87.52,30.73],[-87.52,30.74],[-87.53,30.74],[-87.53,30.75],[-87.54,30.75],[-87.54,30.76],[-87.54,30.77],[-87.55,30.77],[-87.55,30.78],[-87.55,30.79],[-87.56,30.79],[-87.56,30.8],[-87.57,30.8],[-87.58,30.81],[-87.59,30.81],[-87.59,30.82],[-87.6,30.82],[-87.6,30.83],[-87.61,30.83],[-87.62,30.83],[-87.62,30.84],[-87.63,30.85],[-87.63,30.86],[-87.63,30.87],[-87.63,30.88],[-87.62,30.88],[-87.62,30.89],[-87.62,30.9],[-87.62,30.91],[-87.61,30.91],[-87.61,30.92],[-87.61,30.93],[-87.6,30.93],[-87.6,30.94],[-87.59,30.95],[-87.59,30.96],[-87.59,30.97],[-87.59,30.98],[-87.6,30.99],[-87.6,31.0],[-87.59,31.0],[-87.57,31.0],[-87.51,31.0],[-87.48,31.0],[-87.46,31.0],[-87.41,31.0],[-87.37,31.0],[-87.36,31.0],[-87.31,31.0],[-87.26,31.0],[-87.24,31.0],[-87.22,31.0],[-87.19,31.0],[-87.18,31.0],[-87.18,30.99]],[[-87.18,30.44],[-87.19,30.44],[-87.19,30.43],[-87.18,30.43],[-87.18,30.44]],[[-87.28,30.38],[-87.29,30.38],[-87.3,30.38],[-87.31,30.38],[-87.31,30.37],[-87.3,30.37],[-87.29,30.37],[-87.28,30.37],[-87.28,30.38]],[[-87.33,30.37],[-87.34,30.37],[-87.34,30.36],[-87.33,30.36],[-87.33,30.37]]],[[[-87.23,30.63],[-87.23,30.62],[-87.24,30.62],[-87.24,30.63],[-87.23,30.63]]],[[[-87.46,30.31],[-87.46,30.3],[-87.47,30.3],[-87.47,30.31],[-87.46,30.31]]],[[[-87.49,30.31],[-87.5,30.31],[-87.5,30.32],[-87.49,30.32],[-87.48,30.32],[-87.48,30.31],[-87.49,30.31]]],[[[-86.97,30.36],[-86.98,30.36],[-86.98,30.37],[-86.97,30.37],[-86.96,30.37],[-86.95,30.37],[-86.97,30.36]]],[[[-87.02,30.35],[-87.04,30.35],[-87.03,30.36],[-87.02,30.36],[-87.01,30.36],[-87.02,30.35]]],[[[-87.07,30.34],[-87.08,30.34],[-87.08,30.35],[-87.07,30.35],[-87.06,30.35],[-87.07,30.34]]],[[[-87.12,30.33],[-87.14,30.33],[-87.15,30.33],[-87.16,30.33],[-87.16,30.34],[-87.15,30.34],[-87.14,30.34],[-87.13,30.34],[-87.12,30.34],[-87.12,30.33]]],[[[-87.18,30.32],[-87.2,30.32],[-87.2,30.33],[-87.19,30.33],[-87.18,30.33],[-87.18,30.32]]],[[[-87.29,30.32],[-87.3,30.32],[-87.3,30.33],[-87.29,30.33],[-87.28,30.33],[-87.28,30.32],[-87.29,30.32]]],[[[-87.35,30.31],[-87.36,30.31],[-87.36,30.32],[-87.35,30.32],[-87.34,30.32],[-87.35,30.31]]],[[[-87.49,30.29],[-87.5,30.28],[-87.51,30.28],[-87.51,30.29],[-87.5,30.3],[-87.49,30.3],[-87.48,30.3],[-87.48,30.29],[-87.49,30.29]]],[[[-87.53,30.28],[-87.53,30.29],[-87.52,30.29],[-87.52,30.28],[-87.53,30.28]]]]}},
{"type":"Feature","properties":{"ugc":"FLC035","name":"Flagler","state":"FL","wfo":"JAX"},"geometry":{"type":"MultiPolygon","coordinates":[[[[-81.25,29.66],[-81.24,29.66],[-81.23,29.66],[-81.22,29.66],[-81.22,29.67],[-81.21,29.67],[-81.21,29.66],[-81.21,29.65],[-81.2,29.64],[-81.2,29.63],[-81.19,29.63],[-81.19,29.62],[-81.19,29.61],[-81.18,29.6],[-81.18,29.59],[-81.17,29.58],[-81.17,29.57],[-81.17,29.56],[-81.16,29.56],[-81.16,29.55],[-81.16,29.54],[-81.15,29.53],[-81.15,29.52],[-81.145,29.51],[-81.14,29.5],[-81.13,29.5],[-81.13,29.49],[-81.13,29.48],[-81.12,29.48],[-81.12,29.47],[-81.12,29.46],[-81.115,29.45],[-81.12,29.45],[-81.12,29.44],[-81.11333333333333,29.446666666666665],[-81.11,29.44],[-81.11,29.43],[-81.12,29.42],[-81.14,29.42],[-81.15,29.42],[-81.15,29.41],[-81.16,29.41],[-81.15,29.39],[-81.15,29.35],[-81.15,29.27],[-81.17,29.27],[-81.18,29.27],[-81.19,29.27],[-81.2,29.26],[-81.25,29.26],[-81.32,29.26],[-81.34,29.26],[-81.35,29.26],[-81.37,29.26],[-81.41,29.26],[-81.42,29.26],[-81.42,29.28],[-81.42,29.3],[-81.42,29.32],[-81.42,29.37],[-81.42,29.4],[-81.43,29.4],[-81.44,29.4],[-81.44,29.39],[-81.45,29.39],[-81.46,29.39],[-81.47,29.39],[-81.48,29.4],[-81.48,29.41],[-81.48,29.42],[-81.49,29.42],[-81.49,29.43],[-81.49,29.44],[-81.49,29.45],[-81.5,29.46],[-81.5,29.47],[-81.51,29.49],[-81.52,29.49],[-81.52,29.5],[-81.52,29.52],[-81.52,29.54],[-81.52,29.56],[-81.52,29.59],[-81.52,29.62],[-81.49,29.62],[-81.47,29.62],[-81.46,29.62],[-81.45,29.62],[-81.44,29.62],[-81.43,29.62],[-81.37,29.63],[-81.33,29.63],[-81.32,29.63],[-81.32,29.64],[-81.32,29.65],[-81.31,29.64],[-81.3,29.65],[-81.29,29.65],[-81.28,29.65],[-81.27,29.66],[-81.26,29.67],[-81.25,29.66]],[[-81.21,29.65],[-81.22,29.65],[-81.23,29.65],[-81.23,29.64],[-81.22,29.64],[-81.22,29.63],[-81.22,29.62],[-81.21,29.62],[-81.21,29.63],[-81.21,29.64],[-81.21,29.65]],[[-81.16,29.54],[-81.17,29.55],[-81.17,29.54],[-81.16,29.53],[-81.16,29.54]],[[-81.14,29.5],[-81.15,29.51],[-81.15,29.5],[-81.14,29.5]],[[-81.12,29.45],[-81.13,29.45],[-81.13,29.44],[-81.12,29.45]],[[-81.19,29.58],[-81.19,29.59],[-81.2,29.59],[-81.19,29.58]],[[-81.2,29.59],[-81.2,29.6],[-81.2,29.61],[-81.21,29.6],[-81.21,29.59],[-81.2,29.59]],[[-81.21,29.59],[-81.22,29.59],[-81.22,29.58],[-81.21,29.58],[-81.21,29.59]],[[-81.19,29.58],[-81.21,29.57],[-81.21,29.56],[-81.2,29.56],[-81.2,29.57],[-81.19,29.58]]]]}},
{"type":"Feature","properties":{"ugc":"FLC037","name":"Franklin","state":"FL","wfo":"TAE"},"geometry":{"type":"MultiPolygon","coordinates":[[[[-85.2,29.7],[-85.21,29.7],[-85.22,29.69],[-85.21,29.71],[-85.19,29.72],[-85.12,29.77],[-85.11,29.78],[-85.11,29.77],[-85.1,29.77],[-85.09,29.77],[-85.08,29.77],[-85.07,29.77],[-85.07,29.78],[-85.07,29.79],[-85.06,29.79],[-85.05,29.78],[-85.04,29.78],[-85.04,29.79],[-85.03,29.8],[-85.02,29.8],[-85.02,29.81],[-85.02,29.82],[-85.02,29.83],[-85.03,29.83],[-85.03,29.84],[-85.03,29.85],[-85.04,29.85],[-85.04,29.86],[-85.04,29.87],[-85.04,29.88],[-85.05,29.88],[-85.05,29.89],[-85.05,29.9],[-85.05,29.91],[-85.05,29.92],[-85.04,29.92],[-85.04,29.93],[-85.03,29.93],[-85.03,29.94],[-85.03,29.95],[-85.02,29.95],[-85.02,29.96],[-85.02,29.97],[-85.02,29.98],[-85.02,29.99],[-85.01,30.0],[-85.01,30.01],[-85.0,30.01],[-84.93,30.01],[-84.89,30.01],[-84.87,30.01],[-84.85,30.01],[-84.81,30.01],[-84.78,30.01],[-84.76,30.01],[-84.72,30.01],[-84.71,30.01],[-84.69,30.01],[-84.62,30.01],[-84.6,30.01],[-84.58,30.01],[-84.56,30.01],[-84.55,30.01],[-84.55,30.0],[-84.54,30.0],[-84.53,30.01],[-84.52,30.0],[-84.52,29.99],[-84.53,29.99],[-84.54,29.99],[-84.54,29.98],[-84.53,29.98],[-84.52,29.98],[-84.51,29.98],[-84.51,29.99],[-84.5,29.99],[-84.49,29.99],[-84.48,29.99],[-84.48,30.0],[-84.47,30.0],[-84.46,30.0],[-84.47,29.99],[-84.46,29.99],[-84.46,29.98],[-84.46,29.97],[-84.45,29.97],[-84.44,29.98],[-84.44,29.97],[-84.44,29.96],[-84.43,29.96],[-84.42,29.96],[-84.41,29.96],[-84.4,29.96],[-84.39,29.96],[-84.38,29.96],[-84.38,29.95],[-84.37,29.95],[-84.36,29.95],[-84.35,29.95],[-84.34,29.95],[-84.34,29.94],[-84.33,29.93],[-84.33,29.92],[-84.34,29.91],[-84.34,29.9],[-84.35,29.9],[-84.36,29.9],[-84.36,29.91],[-84.37,29.91],[-84.38,29.91],[-84.38,29.92],[-84.39,29.92],[-84.4,29.92],[-84.41,29.92],[-84.42,29.92],[-84.42,29.93],[-84.43,29.93],[-84.44,29.93],[-84.45,29.93],[-84.46,29.93],[-84.47,29.92],[-84.48,29.92],[-84.48,29.91],[-84.49,29.91],[-84.5,29.91],[-84.5,29.92],[-84.51,29.92],[-84.52,29.92],[-84.52,29.91],[-84.53,29.91],[-84.54,29.91],[-84.55,29.9],[-84.56,29.9],[-84.56,29.89],[-84.57,29.89],[-84.58,29.89],[-84.59,29.88],[-84.6,29.88],[-84.6,29.87],[-84.61,29.87],[-84.62,29.87],[-84.62,29.86],[-84.63,29.86],[-84.64,29.85],[-84.65,29.85],[-84.66,29.85],[-84.66,29.84],[-84.67,29.84],[-84.68,29.84],[-84.68,29.83],[-84.69,29.83],[-84.7,29.83],[-84.7,29.82],[-84.71,29.82],[-84.72,29.81],[-84.73,29.81],[-84.74,29.8],[-84.75,29.8],[-84.75,29.79],[-84.76,29.79],[-84.77,29.79],[-84.78,29.78],[-84.79,29.77],[-84.8,29.77],[-84.81,29.77],[-84.81,29.76],[-84.82,29.76],[-84.83,29.76],[-84.84,29.76],[-84.85,29.75],[-84.86,29.75],[-84.87,29.74],[-84.88,29.74],[-84.88,29.73],[-84.89,29.73],[-84.9,29.73],[-84.92,29.73],[-84.9,29.74],[-84.9,29.75],[-84.89,29.75],[-84.89,29.76],[-84.89,29.77],[-84.88,29.77],[-84.88,29.78],[-84.87,29.78],[-84.87,29.79],[-84.86,29.79],[-84.86,29.8],[-84.87,29.8],[-84.88,29.8],[-84.88,29.79],[-84.89,29.78],[-84.89,29.79],[-84.9,29.79],[-84.91,29.79],[-84.91,29.78],[-84.92,29.78],[-84.93,29.77],[-84.94,29.76],[-84.94,29.75],[-84.95,29.75],[-84.96,29.75],[-84.97,29.75],[-84.97,29.74],[-84.97,29.73],[-84.98,29.72],[-84.99,29.72],[-84.99,29.71],[-85.0,29.71],[-85.01,29.71],[-85.02,29.71],[-85.03,29.71],[-85.04,29.71],[-85.05,29.71],[-85.05,29.72],[-85.06,29.72],[-85.07,29.72],[-85.08,29.72],[-85.09,29.72],[-85.1,29.72],[-85.11,29.72],[-85.12,29.72],[-85.13,29.71],[-85.14,29.71],[-85.15,29.71],[-85.16,29.71],[-85.16,29.7],[-85.17,29.7],[-85.18,29.7],[-85.19,29.7],[-85.2,29.7]],[[-85.03,29.85],[-85.02,29.85],[-85.03,29.86],[-85.03,29.85]],[[-85.02,29.95],[-85.01,29.94],[-85.01,29.95],[-85.02,29.95]],[[-84.92,29.78],[-84.92,29.79],[-84.93,29.79],[-84.94,29.79],[-84.94,29.78],[-84.93,29.78],[-84.92,29.78]],[[-84.97,29.75],[-84.97,29.76],[-84.98,29.76],[-84.98,29.75],[-84.97,29.75]],[[-85.01,29.93],[-85.02,29.93],[-85.02,29.92],[-85.01,29.93]],[[-85.01,29.89],[-85.02,29.89],[-85.02,29.88],[-85.01,29.88],[-85.01,29.89]],[[-85.01,29.87],[-85.02,29.86],[-85.01,29.86],[-85.01,29.87]],[[-84.98,29.74],[-84.99,29.75],[-84.99,29.74],[-84.98,29.74]],[[-84.89,29.8],[-84.88,29.81],[-84.89,29.81],[-84.9,29.81],[-84.9,29.8],[-84.89,29.8]]],[[[-84.36,29.9],[-84.37,29.89],[-84.37,29.9],[-84.36,29.9]]],[[[-84.38,29.9],[-84.38,29.89],[-84.39,29.9],[-84.38,29.9]]],[[[-84.41,29.9],[-84.42,29.9],[-84.43,29.91],[-84.42,29.91],[-84.41,29.9]]],[[[-84.66,29.84],[-84.65,29.84],[-84.65,29.83],[-84.66,29.83],[-84.66,29.84]]],[[[-84.93,29.77],[-84.92,29.76],[-84.93,29.76],[-84.93,29.77]]],[[[-84.49,29.89],[-84.49,29.9],[-84.48,29.9],[-84.48,29.89],[-84.49,29.89]]],[[[-84.49,29.89],[-84.49,29.88],[-84.5,29.88],[-84.5,29.89],[-84.49,29.89]]],[[[-84.65,29.78],[-84.64,29.79],[-84.63,29.79],[-84.65,29.78]]],[[[-84.62,29.79],[-84.61,29.8],[-84.61,29.81],[-84.6,29.81],[-84.59,29.81],[-84.58,29.81],[-84.58,29.8],[-84.59,29.8],[-84.6,29.8],[-84.61,29.79],[-84.62,29.79]]],[[[-84.58,29.82],[-84.58,29.83],[-84.57,29.83],[-84.57,29.82],[-84.58,29.81],[-84.58,29.82]]],[[[-85.15,29.68],[-85.14,29.68],[-85.14,29.67],[-85.15,29.68]]],[[[-85.15,29.68],[-85.15,29.67],[-85.14,29.67],[-85.13,29.67],[-85.13,29.68],[-85.14,29.68],[-85.14,29.69],[-85.13,29.69],[-85.12,29.69],[-85.11,29.69],[-85.1,29.69],[-85.09,29.68],[-85.09,29.67],[-85.08,29.67],[-85.08,29.66],[-85.09,29.66],[-85.09,29.65],[-85.09,29.64],[-85.1,29.64],[-85.1,29.63],[-85.11,29.63],[-85.12,29.63],[-85.13,29.63],[-85.14,29.63],[-85.14,29.64],[-85.15,29.64],[-85.16,29.65],[-85.17,29.65],[-85.17,29.66],[-85.18,29.66],[-85.19,29.67],[-85.2,29.67],[-85.21,29.67],[-85.22,29.68],[-85.21,29.68],[-85.2,29.68],[-85.19,29.68],[-85.18,29.68],[-85.17,29.68],[-85.16,29.68],[-85.15,29.68]]],[[[-85.1,29.63],[-85.09,29.63],[-85.09,29.62],[-85.1,29.62],[-85.1,29.63]]],[[[-85.09,29.62],[-85.08,29.62],[-85.08,29.61],[-85.09,29.62]]],[[[-85.07,29.61],[-85.06,29.61],[-85.05,29.6],[-85.04,29.6],[-85.03,29.6],[-85.02,29.6],[-85.01,29.61],[-85.01,29.6],[-85.02,29.59],[-85.03,29.59],[-85.04,29.59],[-85.05,29.59],[-85.06,29.6],[-85.07,29.6],[-85.07,29.61]]],[[[-85.0,29.6],[-85.0,29.61],[-84.99,29.61],[-84.98,29.61],[-84.97,29.61],[-84.96,29.62],[-84.95,29.62],[-84.96,29.61],[-84.98,29.6],[-85.0,29.6]]],[[[-84.95,29.62],[-84.95,29.63],[-84.94,29.63],[-84.93,29.63],[-84.93,29.64],[-84.92,29.64],[-84.92,29.65],[-84.91,29.65],[-84.9,29.65],[-84.9,29.66],[-84.89,29.66],[-84.88,29.66],[-84.87,29.66],[-84.88,29.65],[-84.9,29.64],[-84.91,29.64],[-84.92,29.63],[-84.94,29.62],[-84.95,29.62]]],[[[-84.87,29.66],[-84.87,29.67],[-84.86,29.67],[-84.85,29.67],[-84.84,29.67],[-84.85,29.66],[-84.86,29.66],[-84.87,29.66]]],[[[-84.84,29.67],[-84.84,29.68],[-84.83,29.68],[-84.82,29.68],[-84.81,29.68],[-84.82,29.67],[-84.83,29.67],[-84.84,29.67]]],[[[-84.8,29.68],[-84.8,29.69],[-84.8,29.7],[-84.79,29.7],[-84.79,29.69],[-84.79,29.68],[-84.8,29.68]]],[[[-84.78,29.69],[-84.78,29.7],[-84.78,29.71],[-84.77,29.71],[-84.76,29.71],[-84.76,29.72],[-84.75,29.72],[-84.75,29.71],[-84.77,29.7],[-84.77,29.69],[-84.78,29.69]]],[[[-84.75,29.72],[-84.75,29.73],[-84.74,29.73],[-84.73,29.73],[-84.74,29.72],[-84.75,29.72]]],[[[-84.73,29.73],[-84.73,29.74],[-84.72,29.74],[-84.72,29.73],[-84.73,29.73]]],[[[-84.71,29.75],[-84.71,29.76],[-84.7,29.76],[-84.7,29.77],[-84.69,29.76],[-84.71,29.75]]]]}},
{"type":"Feature","properties":{"ugc":"FLC039","name":"Gadsden","state":"FL","wfo":"TAE"},"geometry":{"type":"MultiPolygon","coordinates":[[[[-84.92,30.61],[-84.92,30.62],[-84.91,30.62],[-84.9,30.62],[-84.9,30.63],[-84.9,30.64],[-84.89,30.65],[-84.89,30.66],[-84.89,30.67],[-84.88,30.67],[-84.87,30.68],[-84.87,30.69],[-84.86,30.69],[-84.86,30.7],[-84.86,30.71],[-84.84,30.71],[-84.75,30.71],[-84.69,30.7],[-84.65,30.7],[-84.59,30.7],[-84.54,30.7],[-84.5,30.69],[-84.47,30.69],[-84.45,30.69],[-84.42,30.69],[-84.38,30.69],[-84.35,30.69],[-84.33,30.69],[-84.3,30.69],[-84.28,30.68],[-84.29,30.68],[-84.3,30.68],[-84.3,30.67],[-84.3,30.66],[-84.3,30.65],[-84.3,30.64],[-84.31,30.63],[-84.32,30.62],[-84.32,30.61],[-84.33,30.61],[-84.33,30.6],[-84.34,30.6],[-84.35,30.59],[-84.36,30.59],[-84.36,30.58],[-84.37,30.58],[-84.38,30.57],[-84.38,30.56],[-84.39,30.55],[-84.39,30.54],[-84.39,30.53],[-84.39,30.52],[-84.4,30.51],[-84.4,30.5],[-84.4,30.49],[-84.4,30.48],[-84.41,30.48],[-84.41,30.47],[-84.42,30.47],[-84.43,30.47],[-84.44,30.46],[-84.45,30.46],[-84.46,30.46],[-84.47,30.46],[-84.48,30.46],[-84.49,30.46],[-84.5,30.46],[-84.5,30.45],[-84.51,30.45],[-84.52,30.45],[-84.53,30.45],[-84.53,30.44],[-84.54,30.44],[-84.55,30.44],[-84.56,30.44],[-84.57,30.43],[-84.57,30.42],[-84.58,30.42],[-84.59,30.41],[-84.6,30.41],[-84.6,30.42],[-84.61,30.42],[-84.61,30.41],[-84.62,30.41],[-84.63,30.41],[-84.63,30.4],[-84.64,30.4],[-84.65,30.4],[-84.65,30.39],[-84.67,30.39],[-84.68,30.39],[-84.68,30.42],[-84.69,30.42],[-84.7,30.42],[-84.71,30.42],[-84.71,30.46],[-84.75,30.46],[-84.76,30.46],[-84.78,30.46],[-84.78,30.52],[-84.79,30.52],[-84.8,30.52],[-84.81,30.52],[-84.82,30.52],[-84.82,30.53],[-84.84,30.53],[-84.87,30.53],[-84.88,30.53],[-84.88,30.55],[-84.88,30.56],[-84.88,30.61],[-84.91,30.61],[-84.92,30.61]]]]}},
{"type":"Feature","properties":{"ugc":"FLC041","name":"Gilchrist","state":"FL","wfo":"JAX"},"geometry":{"type":"MultiPolygon","coordinates":[[[[-82.95,29.59],[-82.96,29.59],[-82.96,29.6],[-82.97,29.61],[-82.97,29.62],[-82.97,29.63],[-82.96,29.64],[-82.96,29.65],[-82.96,29.66],[-82.95,29.66],[-82.95,29.67],[-82.96,29.67],[-82.95,29.68],[-82.96,29.68],[-82.96,29.69],[-82.96,29.7],[-82.95,29.7],[-82.94,29.7],[-82.95,29.71],[-82.96,29.72],[-82.95,29.72],[-82.95,29.73],[-82.94,29.73],[-82.94,29.74],[-82.94,29.75],[-82.95,29.75],[-82.95,29.76],[-82.95,29.77],[-82.94,29.77],[-82.94,29.78],[-82.93,29.79],[-82.92,29.79],[-82.92,29.8],[-82.93,29.8],[-82.94,29.81],[-82.93,29.81],[-82.93,29.82],[-82.92,29.82],[-82.91,29.82],[-82.9,29.82],[-82.89,29.83],[-82.89,29.84],[-82.89,29.85],[-82.88,29.86],[-82.88,29.87],[-82.88,29.88],[-82.88,29.89],[-82.87,29.9],[-82.86,29.91],[-82.85,29.91],[-82.84,29.91],[-82.83,29.91],[-82.83,29.92],[-82.82,29.92],[-82.82,29.93],[-82.81,29.93],[-82.8,29.93],[-82.79,29.93],[-82.78,29.93],[-82.77,29.93],[-82.77,29.92],[-82.77,29.91],[-82.77,29.9],[-82.76,29.9],[-82.75,29.89],[-82.75,29.88],[-82.75,29.87],[-82.74,29.87],[-82.74,29.86],[-82.73,29.86],[-82.72,29.85],[-82.71,29.85],[-82.71,29.84],[-82.7,29.84],[-82.69,29.83],[-82.68,29.83],[-82.67,29.83],[-82.66,29.83],[-82.66,29.82],[-82.66,29.8],[-82.66,29.79],[-82.66,29.73],[-82.66,29.69],[-82.66,29.67],[-82.66,29.65],[-82.66,29.63],[-82.66,29.61],[-82.66,29.58],[-82.66,29.56],[-82.67,29.56],[-82.69,29.56],[-82.72,29.56],[-82.75,29.56],[-82.76,29.56],[-82.76,29.58],[-82.77,29.58],[-82.79,29.58],[-82.81,29.58],[-82.82,29.58],[-82.84,29.58],[-82.86,29.58],[-82.86,29.59],[-82.88,29.59],[-82.9,29.59],[-82.92,29.59],[-82.93,29.59],[-82.94,29.59],[-82.95,29.59]]]]}},
{"type":"Feature","properties":{"ugc":"FLC043","name":"Glades","state":"FL","wfo":"MFL"},"geometry":{"type":"MultiPolygon","coordinates":[[[[-81.1,26.86],[-81.1,26.85],[-81.09,26.85],[-81.09,26.84],[-81.08,26.84],[-81.07,26.83],[-81.06,26.83],[-81.06,26.82],[-81.05,26.82],[-81.03,26.82],[-81.02,26.82],[-81.0,26.81],[-80.99,26.81],[-80.98,26.82],[-80.95,26.81],[-80.96,26.81],[-80.98,26.81],[-80.97,26.8],[-80.96,26.8],[-80.96,26.79],[-80.95,26.79],[-80.95,26.77],[-80.96,26.77],[-81.0,26.77],[-81.01,26.77],[-81.03,26.77],[-81.11,26.77],[-81.13,26.77],[-81.17,26.77],[-81.18,26.77],[-81.21,26.77],[-81.25,26.77],[-81.26,26.77],[-81.29,26.77],[-81.32,26.77],[-81.34,26.77],[-81.36,26.77],[-81.4,26.77],[-81.41,26.77],[-81.42,26.77],[-81.43,26.77],[-81.43,26.78],[-81.44,26.78],[-81.46,26.78],[-81.46,26.77],[-81.47,26.77],[-81.48,26.77],[-81.5,26.77],[-81.52,26.77],[-81.55,26.77],[-81.56,26.77],[-81.57,26.77],[-81.57,26.78],[-81.57,26.79],[-81.57,26.8],[-81.57,26.82],[-81.56,26.84],[-81.56,26.85],[-81.56,26.86],[-81.56,26.88],[-81.56,26.9],[-81.56,26.91],[-81.56,26.94],[-81.56,26.95],[-81.56,27.0],[-81.56,27.01],[-81.56,27.03],[-81.5,27.03],[-81.48,27.03],[-81.44,27.03],[-81.42,27.03],[-81.41,27.03],[-81.37,27.03],[-81.34,27.03],[-81.34,27.04],[-81.33,27.04],[-81.33,27.03],[-81.27,27.03],[-81.27,27.07],[-81.27,27.08],[-81.27,27.12],[-81.21,27.12],[-81.17,27.12],[-81.17,27.21],[-81.15,27.21],[-81.12,27.21],[-81.1,27.21],[-81.09,27.21],[-81.08,27.21],[-81.0,27.21],[-80.97,27.21],[-80.94,27.21],[-80.94,27.2],[-80.93,27.2],[-80.92,27.19],[-80.91,27.19],[-80.91,27.18],[-80.91,27.17],[-80.9,27.17],[-80.89,27.17],[-80.89,27.16],[-80.88,27.17],[-80.88,27.16],[-80.87,27.16],[-80.87,27.15],[-80.87,27.14],[-80.88,27.14],[-80.88,27.13],[-80.89,27.13],[-80.89,27.12],[-80.9,27.12],[-80.91,27.12],[-80.92,27.11],[-80.91,27.11],[-80.91,27.1],[-80.92,27.1],[-80.93,27.1],[-80.93,27.09],[-80.93,27.08],[-80.94,27.08],[-80.94,27.09],[-80.95,27.08],[-80.96,27.07],[-80.95,27.07],[-80.95,27.06],[-80.94,27.07],[-80.93,27.07],[-80.93,27.06],[-80.93,27.05],[-80.93,27.04],[-80.94,27.04],[-80.95,27.04],[-80.96,27.04],[-80.97,27.05],[-80.97,27.06],[-80.98,27.05],[-80.99,27.05],[-80.99,27.04],[-80.99,27.03],[-81.0,27.03],[-81.01,27.02],[-81.02,27.02],[-81.02,27.01],[-81.03,27.01],[-81.04,27.01],[-81.04,27.0],[-81.05,27.0],[-81.06,27.0],[-81.06,26.99],[-81.07,26.99],[-81.08,26.99],[-81.08,26.98],[-81.09,26.98],[-81.09,26.97],[-81.08,26.97],[-81.08,26.96],[-81.09,26.96],[-81.09,26.95],[-81.08,26.95],[-81.07,26.95],[-81.07,26.94],[-81.08,26.94],[-81.08,26.93],[-81.09,26.93],[-81.1,26.93],[-81.11,26.93],[-81.12,26.93],[-81.12,26.92],[-81.11,26.92],[-81.11,26.91],[-81.11,26.9],[-81.12,26.9],[-81.12,26.89],[-81.11,26.89],[-81.11,26.88],[-81.1,26.88],[-81.1,26.87],[-81.1,26.86]]]]}},
{"type":"Feature","properties":{"ugc":"FLC045","name":"Gulf","state":"FL","wfo":"TAE"},"geometry":{"type":"MultiPolygon","coordinates":[[[[-85.33,29.68],[-85.33,29.69],[-85.32,29.69],[-85.31,29.69],[-85.31,29.7],[-85.31,29.71],[-85.31,29.72],[-85.31,29.73],[-85.31,29.74],[-85.31,29.75],[-85.31,29.76],[-85.31,29.77],[-85.3,29.77],[-85.3,29.78],[-85.3,29.79],[-85.3,29.8],[-85.3,29.81],[-85.31,29.81],[-85.31,29.82],[-85.31,29.83],[-85.32,29.83],[-85.32,29.84],[-85.33,29.84],[-85.33,29.85],[-85.34,29.85],[-85.34,29.86],[-85.34,29.87],[-85.35,29.87],[-85.35,29.88],[-85.36,29.89],[-85.36,29.9],[-85.38,29.92],[-85.39,29.92],[-85.39,29.93],[-85.39,29.94],[-85.39,29.95],[-85.39,30.0],[-85.39,30.01],[-85.39,30.02],[-85.39,30.03],[-85.39,30.04],[-85.39,30.05],[-85.39,30.06],[-85.39,30.08],[-85.39,30.1],[-85.39,30.11],[-85.39,30.14],[-85.39,30.17],[-85.39,30.18],[-85.39,30.19],[-85.39,30.2],[-85.34,30.2],[-85.32,30.2],[-85.3,30.2],[-85.25,30.2],[-85.24,30.2],[-85.22,30.2],[-85.2,30.2],[-85.19,30.2],[-85.18,30.2],[-85.14,30.2],[-85.12,30.2],[-85.12,30.19],[-85.13,30.19],[-85.13,30.18],[-85.14,30.18],[-85.14,30.17],[-85.14,30.16],[-85.14,30.15],[-85.14,30.14],[-85.14,30.13],[-85.15,30.13],[-85.15,30.12],[-85.14,30.12],[-85.14,30.11],[-85.15,30.11],[-85.15,30.1],[-85.15,30.09],[-85.14,30.09],[-85.14,30.08],[-85.14,30.07],[-85.14,30.06],[-85.14,30.05],[-85.14,30.04],[-85.13,30.04],[-85.12,30.03],[-85.12,30.02],[-85.11,30.02],[-85.1,30.02],[-85.09,30.02],[-85.09,30.01],[-85.08,30.01],[-85.07,30.01],[-85.07,30.0],[-85.06,30.0],[-85.05,30.0],[-85.05,29.99],[-85.04,29.99],[-85.03,29.99],[-85.03,29.98],[-85.03,29.97],[-85.02,29.97],[-85.02,29.96],[-85.02,29.95],[-85.03,29.95],[-85.03,29.94],[-85.03,29.93],[-85.04,29.93],[-85.05,29.92],[-85.05,29.91],[-85.05,29.9],[-85.05,29.89],[-85.05,29.88],[-85.04,29.88],[-85.04,29.87],[-85.04,29.86],[-85.04,29.85],[-85.03,29.85],[-85.03,29.84],[-85.03,29.83],[-85.02,29.82],[-85.02,29.81],[-85.03,29.8],[-85.04,29.79],[-85.04,29.78],[-85.05,29.78],[-85.06,29.78],[-85.06,29.79],[-85.07,29.79],[-85.07,29.78],[-85.07,29.77],[-85.08,29.77],[-85.09,29.77],[-85.1,29.77],[-85.1,29.78],[-85.11,29.78],[-85.12,29.77],[-85.19,29.72],[-85.21,29.71],[-85.22,29.69],[-85.23,29.69],[-85.24,29.69],[-85.25,29.69],[-85.26,29.69],[-85.26,29.68],[-85.28,29.68],[-85.29,29.68],[-85.3,29.68],[-85.31,29.68],[-85.32,29.68],[-85.33,29.68]],[[-85.39,30.03],[-85.38,30.02],[-85.38,30.03],[-85.39,30.03]],[[-85.19,30.2],[-85.2,30.19],[-85.19,30.19],[-85.19,30.2]],[[-85.19,30.19],[-85.19,30.18],[-85.19,30.17],[-85.18,30.17],[-85.18,30.18],[-85.18,30.19],[-85.19,30.19]],[[-85.18,30.17],[-85.18,30.16],[-85.18,30.15],[-85.18,30.14],[-85.18,30.13],[-85.18,30.12],[-85.17,30.13],[-85.17,30.14],[-85.17,30.15],[-85.17,30.16],[-85.17,30.17],[-85.18,30.17]],[[-85.14,30.04],[-85.15,30.04],[-85.15,30.03],[-85.14,30.03],[-85.14,30.04]],[[-85.15,30.03],[-85.16,30.04],[-85.16,30.03],[-85.15,30.03]],[[-85.11,29.78],[-85.11,29.79],[-85.12,29.79],[-85.12,29.8],[-85.13,29.8],[-85.14,29.8],[-85.14,29.81],[-85.14,29.82],[-85.15,29.82],[-85.15,29.83],[-85.16,29.83],[-85.16,29.82],[-85.17,29.82],[-85.18,29.82],[-85.18,29.81],[-85.18,29.8],[-85.17,29.8],[-85.16,29.8],[-85.15,29.8],[-85.15,29.79],[-85.15,29.78],[-85.14,29.78],[-85.13,29.78],[-85.12,29.78],[-85.11,29.78]],[[-85.36,30.01],[-85.36,30.0],[-85.35,30.0],[-85.35,30.01],[-85.36,30.01]],[[-85.17,30.08],[-85.17,30.09],[-85.18,30.09],[-85.18,30.08],[-85.17,30.08]],[[-85.19,30.14],[-85.2,30.14],[-85.2,30.13],[-85.19,30.13],[-85.19,30.14]]],[[[-85.41,29.77],[-85.4,29.77],[-85.4,29.76],[-85.41,29.77]]],[[[-85.4,29.76],[-85.39,29.76],[-85.4,29.75],[-85.4,29.76]]],[[[-85.4,29.75],[-85.39,29.75],[-85.39,29.74],[-85.39,29.73],[-85.4,29.73],[-85.4,29.74],[-85.4,29.75]]],[[[-85.39,29.73],[-85.38,29.72],[-85.38,29.71],[-85.39,29.71],[-85.39,29.72],[-85.39,29.73]]],[[[-85.38,29.71],[-85.37,29.71],[-85.37,29.7],[-85.37,29.69],[-85.38,29.69],[-85.38,29.7],[-85.38,29.71]]],[[[-85.37,29.69],[-85.36,29.69],[-85.36,29.68],[-85.35,29.68],[-85.34,29.68],[-85.34,29.67],[-85.35,29.67],[-85.35,29.66],[-85.36,29.67],[-85.37,29.68],[-85.37,29.69]]],[[[-85.35,29.66],[-85.34,29.66],[-85.34,29.65],[-85.35,29.65],[-85.35,29.66]]],[[[-85.22,29.68],[-85.23,29.68],[-85.23,29.69],[-85.22,29.68]]],[[[-85.4,29.78],[-85.41,29.78],[-85.41,29.79],[-85.4,29.79],[-85.4,29.78]]],[[[-85.41,29.8],[-85.42,29.81],[-85.42,29.82],[-85.42,29.83],[-85.42,29.84],[-85.42,29.85],[-85.41,29.85],[-85.41,29.86],[-85.41,29.87],[-85.4,29.87],[-85.4,29.86],[-85.4,29.85],[-85.4,29.84],[-85.41,29.84],[-85.41,29.83],[-85.41,29.82],[-85.41,29.81],[-85.41,29.8]]]]}},
{"type":"Feature","properties":{"ugc":"FLC047","name":"Hamilton","state":"FL","wfo":"JAX"},"geometry":{"type":"MultiPolygon","coordinates":[[[[-83.27,30.63],[-83.17,30.63],[-83.15,30.63],[-83.14,30.62],[-83.13,30.62],[-83.08,30.62],[-83.04,30.62],[-83.02,30.62],[-83.0,30.62],[-82.93,30.61],[-82.87,30.61],[-82.8,30.6],[-82.75,30.6],[-82.73,30.6],[-82.7,30.6],[-82.7,30.59],[-82.71,30.58],[-82.71,30.57],[-82.72,30.57],[-82.72,30.56],[-82.73,30.56],[-82.72,30.55],[-82.72,30.54],[-82.72,30.53],[-82.73,30.53],[-82.72,30.52],[-82.72,30.51],[-82.71,30.51],[-82.71,30.5],[-82.71,30.49],[-82.7,30.49],[-82.7,30.48],[-82.69,30.47],[-82.68,30.47],[-82.68,30.46],[-82.67,30.46],[-82.67,30.45],[-82.67,30.44],[-82.66,30.44],[-82.66,30.43],[-82.65,30.43],[-82.65,30.42],[-82.65,30.41],[-82.65,30.4],[-82.65,30.39],[-82.66,30.39],[-82.66,30.38],[-82.67,30.38],[-82.66,30.37],[-82.67,30.37],[-82.68,30.36],[-82.69,30.35],[-82.68,30.35],[-82.68,30.34],[-82.69,30.34],[-82.69,30.33],[-82.7,30.33],[-82.71,30.33],[-82.71,30.32],[-82.72,30.32],[-82.72,30.33],[-82.73,30.33],[-82.74,30.33],[-82.74,30.32],[-82.75,30.32],[-82.76,30.32],[-82.76,30.33],[-82.77,30.33],[-82.78,30.32],[-82.79,30.32],[-82.79,30.33],[-82.79,30.34],[-82.8,30.34],[-82.8,30.35],[-82.81,30.34],[-82.82,30.34],[-82.83,30.34],[-82.84,30.34],[-82.85,30.34],[-82.85,30.35],[-82.86,30.35],[-82.86,30.36],[-82.87,30.36],[-82.87,30.37],[-82.88,30.37],[-82.89,30.37],[-82.89,30.38],[-82.89,30.39],[-82.9,30.39],[-82.91,30.39],[-82.9,30.38],[-82.91,30.38],[-82.92,30.39],[-82.93,30.39],[-82.94,30.4],[-82.95,30.4],[-82.95,30.41],[-82.96,30.41],[-82.96,30.42],[-82.97,30.42],[-82.98,30.42],[-82.99,30.43],[-83.0,30.43],[-83.01,30.43],[-83.01,30.42],[-83.03,30.43],[-83.04,30.43],[-83.05,30.43],[-83.06,30.43],[-83.07,30.43],[-83.08,30.43],[-83.08,30.44],[-83.09,30.44],[-83.1,30.44],[-83.11,30.43],[-83.12,30.43],[-83.13,30.43],[-83.13,30.42],[-83.14,30.42],[-83.15,30.42],[-83.16,30.42],[-83.16,30.41],[-83.16,30.4],[-83.17,30.4],[-83.18,30.4],[-83.18,30.41],[-83.19,30.41],[-83.19,30.42],[-83.2,30.42],[-83.2,30.41],[-83.21,30.41],[-83.21,30.42],[-83.22,30.42],[-83.22,30.43],[-83.22,30.44],[-83.22,30.45],[-83.22,30.46],[-83.23,30.47],[-83.24,30.47],[-83.24,30.48],[-83.24,30.49],[-83.24,30.5],[-83.24,30.51],[-83.24,30.52],[-83.24,30.53],[-83.25,30.53],[-83.25,30.54],[-83.25,30.55],[-83.26,30.55],[-83.26,30.56],[-83.26,30.57],[-83.26,30.58],[-83.26,30.59],[-83.26,30.6],[-83.27,30.61],[-83.27,30.62],[-83.27,30.63]]],[[[-83.17,30.4],[-83.16,30.39],[-83.17,30.39],[-83.18,30.39],[-83.17,30.4]]]]}},
{"type":"Feature","properties":{"ugc":"FLC049","name":"Hardee","state":"FL","wfo":"TBW"},"geometry":{"type":"MultiPolygon","coordinates":[[[[-82.05,27.65],[-82.02,27.65],[-81.98,27.65],[-81.95,27.65],[-81.9,27.65],[-81.89,27.65],[-81.85,27.65],[-81.82,27.65],[-81.77,27.65],[-81.7,27.65],[-81.63,27.65],[-81.62,27.65],[-81.6,27.65],[-81.56,27.65],[-81.56,27.62],[-81.56,27.59],[-81.56,27.58],[-81.56,27.57],[-81.56,27.49],[-81.56,27.47],[-81.56,27.46],[-81.56,27.43],[-81.56,27.41],[-81.56,27.4],[-81.56,27.38],[-81.56,27.37],[-81.56,27.35],[-81.56,27.34],[-81.57,27.34],[-81.62,27.34],[-81.63,27.34],[-81.74,27.34],[-81.86,27.34],[-81.87,27.34],[-81.96,27.34],[-82.06,27.34],[-82.06,27.47],[-82.06,27.51],[-82.05,27.56],[-82.05,27.57],[-82.05,27.59],[-82.05,27.65]]]]}},
{"type":"Feature","properties":{"ugc":"FLC051","name":"Hendry","state":"FL","wfo":"MFL"},"geometry":{"type":"MultiPolygon","coordinates":[[[[-81.44,26.78],[-81.43,26.78],[-81.43,26.77],[-81.42,26.77],[-81.41,26.77],[-81.4,26.77],[-81.36,26.77],[-81.34,26.77],[-81.32,26.77],[-81.29,26.77],[-81.26,26.77],[-81.25,26.77],[-81.21,26.77],[-81.18,26.77],[-81.17,26.77],[-81.13,26.77],[-81.11,26.77],[-81.03,26.77],[-81.01,26.77],[-81.0,26.77],[-80.96,26.77],[-80.95,26.77],[-80.93,26.76],[-80.91,26.76],[-80.9,26.75],[-80.89,26.75],[-80.89,26.65],[-80.88,26.58],[-80.88,26.49],[-80.88,26.45],[-80.88,26.38],[-80.88,26.35],[-80.88,26.33],[-80.88,26.3],[-80.88,26.26],[-80.91,26.26],[-80.95,26.26],[-81.0,26.26],[-81.03,26.26],[-81.11,26.26],[-81.12,26.26],[-81.16,26.25],[-81.17,26.25],[-81.18,26.25],[-81.2,26.25],[-81.22,26.25],[-81.25,26.25],[-81.27,26.25],[-81.27,26.26],[-81.27,26.3],[-81.27,26.34],[-81.27,26.42],[-81.27,26.46],[-81.27,26.52],[-81.37,26.52],[-81.38,26.52],[-81.41,26.52],[-81.42,26.52],[-81.44,26.52],[-81.45,26.52],[-81.47,26.51],[-81.48,26.51],[-81.49,26.51],[-81.53,26.51],[-81.54,26.51],[-81.55,26.51],[-81.56,26.51],[-81.56,26.52],[-81.56,26.53],[-81.56,26.54],[-81.56,26.56],[-81.56,26.58],[-81.57,26.63],[-81.57,26.64],[-81.57,26.65],[-81.57,26.69],[-81.57,26.71],[-81.57,26.76],[-81.57,26.77],[-81.56,26.77],[-81.55,26.77],[-81.52,26.77],[-81.5,26.77],[-81.48,26.77],[-81.47,26.77],[-81.46,26.77],[-81.46,26.78],[-81.44,26.78]]]]}},
{"type":"Feature","properties":{"ugc":"FLC053","name":"Hernando","state":"FL","wfo":"TBW"},"geometry":{"type":"MultiPolygon","coordinates":[[[[-82.68,28.46],[-82.68,28.47],[-82.67,28.47],[-82.67,28.48],[-82.66,28.48],[-82.66,28.49],[-82.67,28.49],[-82.66,28.5],[-82.65,28.5],[-82.65,28.51],[-82.66,28.52],[-82.67,28.53],[-82.66,28.53],[-82.65,28.53],[-82.64,28.53],[-82.64,28.54],[-82.65,28.54],[-82.66,28.54],[-82.66,28.55],[-82.65,28.55],[-82.65,28.56],[-82.65,28.57],[-82.66,28.57],[-82.66,28.58],[-82.65,28.58],[-82.64,28.58],[-82.64,28.59],[-82.64,28.6],[-82.65,28.6],[-82.66,28.6],[-82.66,28.61],[-82.65,28.61],[-82.65,28.62],[-82.65,28.63],[-82.65,28.64],[-82.66,28.64],[-82.66,28.65],[-82.66,28.66],[-82.65,28.66],[-82.65,28.67],[-82.66,28.67],[-82.66,28.68],[-82.65,28.68],[-82.64,28.68],[-82.64,28.69],[-82.63,28.69],[-82.63,28.7],[-82.62,28.69],[-82.61,28.69],[-82.61,28.7],[-82.6,28.69],[-82.57,28.69],[-82.55,28.69],[-82.48,28.69],[-82.46,28.7],[-82.42,28.69],[-82.42,28.67],[-82.37,28.67],[-82.35,28.67],[-82.32,28.67],[-82.27,28.67],[-82.27,28.66],[-82.27,28.65],[-82.26,28.65],[-82.26,28.64],[-82.26,28.63],[-82.25,28.63],[-82.25,28.62],[-82.24,28.62],[-82.24,28.61],[-82.23,28.61],[-82.23,28.6],[-82.22,28.6],[-82.22,28.59],[-82.22,28.58],[-82.21,28.57],[-82.2,28.57],[-82.2,28.58],[-82.19,28.58],[-82.19,28.57],[-82.18,28.57],[-82.17,28.57],[-82.17,28.56],[-82.16,28.57],[-82.15,28.57],[-82.14,28.57],[-82.14,28.56],[-82.13,28.55],[-82.13,28.54],[-82.12,28.54],[-82.11,28.54],[-82.1,28.54],[-82.1,28.53],[-82.09,28.52],[-82.09,28.53],[-82.08,28.53],[-82.07,28.53],[-82.06,28.53],[-82.06,28.52],[-82.05,28.52],[-82.05,28.5],[-82.06,28.48],[-82.2,28.48],[-82.22,28.48],[-82.25,28.48],[-82.25,28.44],[-82.27,28.43],[-82.32,28.43],[-82.37,28.43],[-82.38,28.43],[-82.41,28.43],[-82.45,28.43],[-82.49,28.43],[-82.5,28.43],[-82.53,28.43],[-82.55,28.43],[-82.59,28.43],[-82.62,28.43],[-82.64,28.43],[-82.65,28.43],[-82.67,28.43],[-82.67,28.44],[-82.67,28.45],[-82.66,28.46],[-82.67,28.46],[-82.68,28.46]]],[[[-82.64,28.69],[-82.65,28.69],[-82.65,28.7],[-82.64,28.7],[-82.64,28.69]]],[[[-82.66,28.68],[-82.67,28.68],[-82.67,28.69],[-82.66,28.69],[-82.66,28.68]]]]}},
{"type":"Feature","properties":{"ugc":"FLC055","name":"Highlands","state":"FL","wfo":"TBW"},"geometry":{"type":"MultiPolygon","coordinates":[[[[-81.47,27.65],[-81.37,27.65],[-81.31,27.65],[-81.25,27.65],[-81.23,27.65],[-81.22,27.64],[-81.18,27.64],[-81.15,27.64],[-81.14,27.64],[-81.14,27.63],[-81.14,27.62],[-81.14,27.61],[-81.14,27.6],[-81.15,27.6],[-81.15,27.59],[-81.16,27.59],[-81.16,27.58],[-81.16,27.57],[-81.17,27.57],[-81.17,27.56],[-81.18,27.56],[-81.19,27.56],[-81.19,27.55],[-81.2,27.55],[-81.21,27.55],[-81.2,27.54],[-81.21,27.54],[-81.21,27.53],[-81.21,27.52],[-81.2,27.52],[-81.2,27.51],[-81.2,27.5],[-81.2,27.49],[-81.19,27.49],[-81.19,27.48],[-81.18,27.48],[-81.18,27.47],[-81.17,27.47],[-81.17,27.46],[-81.16,27.46],[-81.16,27.45],[-81.15,27.45],[-81.14,27.44],[-81.14,27.43],[-81.14,27.42],[-81.14,27.41],[-81.13,27.41],[-81.13,27.4],[-81.12,27.4],[-81.13,27.39],[-81.12,27.39],[-81.11,27.38],[-81.1,27.38],[-81.09,27.38],[-81.08,27.38],[-81.07,27.38],[-81.06,27.38],[-81.06,27.37],[-81.05,27.37],[-81.05,27.36],[-81.04,27.36],[-81.03,27.36],[-81.03,27.35],[-81.04,27.35],[-81.04,27.34],[-81.05,27.34],[-81.04,27.33],[-81.03,27.33],[-81.03,27.32],[-81.03,27.31],[-81.03,27.3],[-81.02,27.3],[-81.01,27.3],[-81.0,27.3],[-81.0,27.29],[-81.0,27.28],[-81.0,27.27],[-81.0,27.26],[-80.99,27.26],[-80.99,27.25],[-80.98,27.25],[-80.98,27.24],[-80.98,27.23],[-80.98,27.22],[-80.97,27.22],[-80.96,27.22],[-80.95,27.22],[-80.94,27.21],[-80.97,27.21],[-81.0,27.21],[-81.08,27.21],[-81.09,27.21],[-81.1,27.21],[-81.12,27.21],[-81.15,27.21],[-81.17,27.21],[-81.17,27.12],[-81.21,27.12],[-81.27,27.12],[-81.27,27.08],[-81.27,27.07],[-81.27,27.03],[-81.33,27.03],[-81.33,27.04],[-81.34,27.04],[-81.34,27.03],[-81.37,27.03],[-81.41,27.03],[-81.42,27.03],[-81.44,27.03],[-81.48,27.03],[-81.5,27.03],[-81.56,27.03],[-81.56,27.06],[-81.56,27.07],[-81.56,27.1],[-81.56,27.15],[-81.56,27.19],[-81.56,27.25],[-81.56,27.3],[-81.56,27.33],[-81.56,27.34],[-81.56,27.35],[-81.56,27.37],[-81.56,27.38],[-81.56,27.4],[-81.56,27.41],[-81.56,27.43],[-81.56,27.46],[-81.56,27.47],[-81.56,27.49],[-81.56,27.57],[-81.56,27.58],[-81.56,27.59],[-81.56,27.62],[-81.56,27.65],[-81.55,27.65],[-81.54,27.65],[-81.51,27.65],[-81.48,27.65],[-81.47,27.65]]]]}},
{"type":"Feature","properties":{"ugc":"FLC057","name":"Hillsborough","state":"FL","wfo":"TBW"},"geometry":{"type":"MultiPolygon","coordinates":[[[[-82.64,28.02],[-82.65,28.02],[-82.65,28.17],[-82.62,28.17],[-82.59,28.17],[-82.58,28.17],[-82.57,28.17],[-82.56,28.17],[-82.52,28.17],[-82.5,28.17],[-82.46,28.17],[-82.45,28.17],[-82.42,28.17],[-82.39,28.17],[-82.38,28.17],[-82.37,28.17],[-82.35,28.17],[-82.33,28.17],[-82.26,28.17],[-82.23,28.17],[-82.21,28.17],[-82.18,28.17],[-82.14,28.17],[-82.12,28.17],[-82.11,28.17],[-82.06,28.17],[-82.06,28.13],[-82.06,28.12],[-82.06,28.11],[-82.06,28.1],[-82.06,28.07],[-82.06,28.04],[-82.06,28.03],[-82.06,27.99],[-82.06,27.93],[-82.05,27.87],[-82.05,27.85],[-82.05,27.82],[-82.05,27.78],[-82.05,27.73],[-82.05,27.7],[-82.05,27.68],[-82.05,27.66],[-82.05,27.65],[-82.06,27.65],[-82.1,27.65],[-82.12,27.65],[-82.13,27.65],[-82.19,27.65],[-82.22,27.65],[-82.25,27.65],[-82.27,27.65],[-82.28,27.65],[-82.29,27.65],[-82.31,27.65],[-82.34,27.65],[-82.38,27.65],[-82.5,27.65],[-82.55,27.65],[-82.55,27.66],[-82.54,27.66],[-82.54,27.67],[-82.53,27.67],[-82.53,27.68],[-82.52,27.68],[-82.52,27.69],[-82.52,27.7],[-82.515,27.695],[-82.51,27.7],[-82.5,27.7],[-82.5,27.71],[-82.49,27.71],[-82.48,27.72],[-82.47,27.73],[-82.47,27.74],[-82.48,27.74],[-82.48,27.75],[-82.47,27.75],[-82.46,27.74],[-82.46,27.75],[-82.45,27.75],[-82.45,27.76],[-82.44,27.76],[-82.43,27.76],[-82.42,27.77],[-82.43,27.77],[-82.44,27.77],[-82.44,27.78],[-82.43,27.78],[-82.43,27.79],[-82.42,27.79],[-82.41,27.79],[-82.41,27.8],[-82.41,27.81],[-82.4,27.81],[-82.39,27.81],[-82.39,27.82],[-82.39,27.83],[-82.38,27.83],[-82.38,27.84],[-82.39,27.84],[-82.39,27.85],[-82.39,27.86],[-82.4,27.85],[-82.4,27.86],[-82.4,27.87],[-82.4,27.88],[-82.4,27.89],[-82.41,27.89],[-82.41,27.9],[-82.42,27.9],[-82.43,27.9],[-82.43,27.91],[-82.44,27.91],[-82.44,27.92],[-82.45,27.92],[-82.45,27.91],[-82.46,27.91],[-82.46,27.92],[-82.46,27.93],[-82.45,27.93],[-82.46,27.94],[-82.47,27.94],[-82.47,27.93],[-82.48,27.93],[-82.49,27.92],[-82.49,27.91],[-82.49,27.9],[-82.49,27.89],[-82.48,27.89],[-82.48,27.88],[-82.49,27.88],[-82.49,27.87],[-82.49,27.86],[-82.48,27.86],[-82.48,27.85],[-82.47,27.85],[-82.47,27.84],[-82.47,27.83],[-82.47,27.82],[-82.48,27.82],[-82.49,27.82],[-82.5,27.82],[-82.5,27.83],[-82.51,27.83],[-82.52,27.83],[-82.53,27.83],[-82.54,27.84],[-82.54,27.85],[-82.55,27.86],[-82.54,27.86],[-82.54,27.87],[-82.53,27.87],[-82.53,27.88],[-82.53,27.89],[-82.53,27.9],[-82.53,27.91],[-82.53,27.92],[-82.53,27.93],[-82.53,27.94],[-82.54,27.94],[-82.54,27.95],[-82.54,27.96],[-82.55,27.96],[-82.55,27.97],[-82.56,27.97],[-82.56,27.98],[-82.57,27.98],[-82.58,27.98],[-82.59,27.98],[-82.6,27.98],[-82.61,27.98],[-82.61,27.99],[-82.62,27.99],[-82.62,28.0],[-82.61,28.0],[-82.62,28.01],[-82.63,28.01],[-82.63,28.0],[-82.64,28.01],[-82.64,28.02]],[[-82.52,27.68],[-82.52,27.67],[-82.51,27.67],[-82.51,27.68],[-82.52,27.68]],[[-82.48,27.72],[-82.48,27.71],[-82.47,27.71],[-82.46,27.71],[-82.45,27.72],[-82.46,27.72],[-82.47,27.72],[-82.48,27.72]],[[-82.46,27.71],[-82.46,27.7],[-82.45,27.7],[-82.45,27.71],[-82.46,27.71]],[[-82.42,27.77],[-82.41,27.77],[-82.42,27.78],[-82.42,27.77]],[[-82.43,27.91],[-82.42,27.92],[-82.42,27.93],[-82.41,27.93],[-82.41,27.94],[-82.41,27.95],[-82.42,27.95],[-82.43,27.95],[-82.43,27.94],[-82.43,27.93],[-82.43,27.91]],[[-82.45,27.93],[-82.44,27.94],[-82.45,27.94],[-82.45,27.93]],[[-82.6,27.98],[-82.59,27.99],[-82.59,28.0],[-82.6,27.99],[-82.6,27.98]],[[-82.61,28.0],[-82.6,28.0],[-82.6,28.01],[-82.61,28.0]],[[-82.45,27.69],[-82.45,27.68],[-82.44,27.68],[-82.44,27.69],[-82.45,27.69]],[[-82.44,27.68],[-82.44,27.67],[-82.43,27.67],[-82.43,27.68],[-82.44,27.68]],[[-82.63,28.02],[-82.62,28.02],[-82.62,28.03],[-82.63,28.03],[-82.63,28.02]],[[-82.38,27.86],[-82.38,27.85],[-82.37,27.85],[-82.37,27.86],[-82.38,27.86]]],[[[-82.42,27.8],[-82.43,27.81],[-82.42,27.81],[-82.42,27.8]]],[[[-82.76,27.58],[-82.77,27.58],[-82.77,27.59],[-82.77,27.6],[-82.76,27.6],[-82.76,27.59],[-82.76,27.58]]]]}},
{"type":"Feature","properties":{"ugc":"FLC059","name":"Holmes","state":"FL","wfo":"TAE"},"geometry":{"type":"MultiPolygon","coordinates":[[[[-85.5,31.0],[-85.5,30.99],[-85.51,30.99],[-85.51,30.98],[-85.52,30.98],[-85.53,30.98],[-85.53,30.97],[-85.53,30.96],[-85.53,30.95],[-85.53,30.94],[-85.54,30.94],[-85.54,30.93],[-85.55,30.93],[-85.56,30.92],[-85.56,30.91],[-85.57,30.91],[-85.57,30.9],[-85.58,30.9],[-85.58,30.89],[-85.58,30.88],[-85.59,30.87],[-85.59,30.86],[-85.6,30.85],[-85.6,30.84],[-85.6,30.83],[-85.6,30.82],[-85.6,30.81],[-85.6,30.8],[-85.61,30.79],[-85.62,30.78],[-85.62,30.77],[-85.62,30.76],[-85.62,30.75],[-85.62,30.74],[-85.63,30.74],[-85.66,30.74],[-85.69,30.75],[-85.72,30.75],[-85.73,30.75],[-85.74,30.75],[-85.74,30.77],[-85.74,30.78],[-85.75,30.78],[-85.75,30.79],[-85.76,30.79],[-85.81,30.79],[-85.82,30.79],[-85.82,30.78],[-85.83,30.78],[-85.83,30.77],[-85.83,30.76],[-85.83,30.75],[-85.83,30.74],[-85.82,30.74],[-85.83,30.73],[-85.83,30.72],[-85.84,30.72],[-85.84,30.71],[-85.84,30.7],[-85.85,30.7],[-85.86,30.7],[-85.87,30.7],[-85.92,30.7],[-85.99,30.7],[-86.0,30.7],[-86.03,30.7],[-86.04,30.71],[-86.04,30.76],[-86.04,30.79],[-86.04,30.81],[-86.04,30.83],[-86.04,30.86],[-86.04,30.88],[-86.04,30.91],[-86.04,30.99],[-86.02,30.99],[-86.0,30.99],[-85.96,30.99],[-85.87,30.99],[-85.76,30.99],[-85.75,30.99],[-85.75,31.0],[-85.74,31.0],[-85.57,31.0],[-85.54,31.0],[-85.53,31.0],[-85.51,31.0],[-85.5,31.0]]]]}},
{"type":"Feature","properties":{"ugc":"FLC061","name":"Indian River","state":"FL","wfo":"MLB"},"geometry":{"type":"MultiPolygon","coordinates":[[[[-80.49,27.85],[-80.48,27.84],[-80.48,27.83],[-80.47,27.83],[-80.47,27.82],[-80.47,27.81],[-80.46,27.81],[-80.46,27.8],[-80.45,27.79],[-80.45,27.78],[-80.44,27.78],[-80.44,27.77],[-80.44,27.76],[-80.43,27.76],[-80.43,27.75],[-80.43,27.74],[-80.42,27.74],[-80.42,27.73],[-80.41,27.73],[-80.41,27.74],[-80.41,27.75],[-80.42,27.76],[-80.42,27.77],[-80.42,27.78],[-80.43,27.78],[-80.43,27.79],[-80.42,27.79],[-80.42,27.8],[-80.41,27.79],[-80.41,27.78],[-80.4,27.78],[-80.4,27.77],[-80.4,27.76],[-80.39,27.76],[-80.39,27.75],[-80.39,27.74],[-80.4,27.74],[-80.4,27.73],[-80.4,27.72],[-80.41,27.72],[-80.41,27.71],[-80.4,27.71],[-80.4,27.7],[-80.39,27.69],[-80.39,27.68],[-80.39,27.67],[-80.38,27.67],[-80.38,27.68],[-80.38,27.69],[-80.38,27.7],[-80.38,27.71],[-80.37,27.71],[-80.37,27.7],[-80.37,27.69],[-80.36,27.69],[-80.36,27.68],[-80.36,27.67],[-80.36,27.66],[-80.35,27.65],[-80.35,27.64],[-80.35,27.63],[-80.35,27.62],[-80.36,27.62],[-80.36,27.63],[-80.36,27.64],[-80.36,27.65],[-80.37,27.65],[-80.37,27.66],[-80.38,27.66],[-80.38,27.65],[-80.38,27.64],[-80.37,27.63],[-80.38,27.63],[-80.37,27.62],[-80.37,27.61],[-80.37,27.6],[-80.36,27.59],[-80.36,27.58],[-80.36,27.57],[-80.36,27.56],[-80.37,27.56],[-80.38,27.56],[-80.39,27.56],[-80.41,27.56],[-80.43,27.56],[-80.44,27.56],[-80.46,27.56],[-80.47,27.56],[-80.51,27.56],[-80.52,27.56],[-80.53,27.56],[-80.54,27.56],[-80.63,27.56],[-80.68,27.56],[-80.7,27.56],[-80.71,27.56],[-80.73,27.56],[-80.74,27.56],[-80.75,27.56],[-80.77,27.56],[-80.78,27.56],[-80.78,27.62],[-80.78,27.63],[-80.78,27.64],[-80.81,27.64],[-80.83,27.64],[-80.84,27.64],[-80.86,27.64],[-80.87,27.64],[-80.87,27.65],[-80.87,27.66],[-80.87,27.73],[-80.88,27.73],[-80.88,27.75],[-80.88,27.77],[-80.88,27.81],[-80.88,27.82],[-80.87,27.82],[-80.84,27.82],[-80.82,27.82],[-80.77,27.82],[-80.74,27.82],[-80.71,27.82],[-80.66,27.82],[-80.61,27.82],[-80.56,27.82],[-80.54,27.82],[-80.51,27.82],[-80.51,27.83],[-80.5,27.83],[-80.5,27.84],[-80.49,27.85]]],[[[-80.42,27.74],[-80.42,27.75],[-80.41,27.74],[-80.42,27.74]]],[[[-80.39,27.69],[-80.39,27.7],[-80.38,27.7],[-80.39,27.69]]],[[[-80.35,27.62],[-80.34,27.62],[-80.34,27.61],[-80.33,27.6],[-80.33,27.59],[-80.33,27.58],[-80.32,27.57],[-80.32,27.56],[-80.33,27.56],[-80.34,27.56],[-80.34,27.57],[-80.34,27.58],[-80.34,27.59],[-80.34,27.6],[-80.35,27.6],[-80.35,27.61],[-80.35,27.62]]],[[[-80.39,27.7],[-80.39,27.71],[-80.38,27.71],[-80.39,27.7]]],[[[-80.39,27.72],[-80.39,27.73],[-80.39,27.74],[-80.38,27.74],[-80.38,27.73],[-80.38,27.72],[-80.39,27.72]]],[[[-80.42,27.8],[-80.43,27.8],[-80.44,27.8],[-80.44,27.81],[-80.44,27.82],[-80.43,27.82],[-80.42,27.81],[-80.42,27.8]]],[[[-80.445,27.85],[-80.45,27.85],[-80.45,27.86],[-80.445,27.85]]]]}},
{"type":"Feature","properties":{"ugc":"FLC063","name":"Jackson","state":"FL","wfo":"TAE"},"geometry":{"type":"MultiPolygon","coordinates":[[[[-85.16,31.0],[-85.15,31.0],[-85.11,31.0],[-85.0,31.0],[-85.0,30.99],[-85.0,30.98],[-85.01,30.98],[-85.01,30.97],[-85.0,30.97],[-84.99,30.97],[-84.98,30.96],[-84.98,30.95],[-84.98,30.94],[-84.98,30.93],[-84.98,30.92],[-84.97,30.92],[-84.96,30.91],[-84.95,30.9],[-84.95,30.89],[-84.94,30.88],[-84.94,30.87],[-84.93,30.87],[-84.93,30.86],[-84.94,30.86],[-84.93,30.85],[-84.94,30.85],[-84.94,30.84],[-84.94,30.83],[-84.94,30.82],[-84.94,30.81],[-84.94,30.8],[-84.95,30.8],[-84.95,30.79],[-84.94,30.79],[-84.94,30.78],[-84.95,30.78],[-84.95,30.77],[-84.94,30.77],[-84.94,30.76],[-84.94,30.75],[-84.93,30.75],[-84.92,30.75],[-84.92,30.74],[-84.91,30.74],[-84.91,30.73],[-84.9,30.73],[-84.9,30.72],[-84.89,30.72],[-84.89,30.71],[-84.88,30.71],[-84.87,30.71],[-84.86,30.71],[-84.86,30.7],[-84.86,30.69],[-84.87,30.69],[-84.87,30.68],[-84.88,30.67],[-84.89,30.67],[-84.89,30.66],[-84.89,30.65],[-84.9,30.64],[-84.9,30.63],[-84.9,30.62],[-84.91,30.62],[-84.92,30.62],[-84.92,30.61],[-84.93,30.61],[-84.98,30.61],[-85.11,30.61],[-85.13,30.61],[-85.14,30.61],[-85.16,30.61],[-85.17,30.61],[-85.17,30.6],[-85.17,30.59],[-85.17,30.58],[-85.17,30.57],[-85.18,30.56],[-85.22,30.57],[-85.24,30.57],[-85.25,30.57],[-85.27,30.57],[-85.28,30.57],[-85.3,30.57],[-85.32,30.57],[-85.33,30.57],[-85.35,30.57],[-85.38,30.57],[-85.44,30.57],[-85.44,30.58],[-85.44,30.61],[-85.44,30.63],[-85.43,30.64],[-85.43,30.67],[-85.43,30.68],[-85.43,30.7],[-85.43,30.72],[-85.43,30.73],[-85.43,30.74],[-85.43,30.75],[-85.43,30.79],[-85.48,30.79],[-85.48,30.83],[-85.49,30.83],[-85.59,30.83],[-85.6,30.83],[-85.6,30.84],[-85.6,30.85],[-85.59,30.86],[-85.59,30.87],[-85.58,30.88],[-85.58,30.89],[-85.58,30.9],[-85.57,30.9],[-85.57,30.91],[-85.56,30.91],[-85.56,30.92],[-85.55,30.93],[-85.54,30.93],[-85.54,30.94],[-85.53,30.94],[-85.53,30.95],[-85.53,30.96],[-85.53,30.97],[-85.53,30.98],[-85.52,30.98],[-85.51,30.98],[-85.51,30.99],[-85.5,30.99],[-85.5,31.0],[-85.49,31.0],[-85.45,31.0],[-85.38,31.0],[-85.37,31.0],[-85.31,31.0],[-85.27,31.0],[-85.24,31.0],[-85.2,31.0],[-85.16,31.0]],[[-84.94,30.84],[-84.95,30.84],[-84.95,30.83],[-84.94,30.84]]],[[[-84.97,30.92],[-84.98,30.93],[-84.97,30.93],[-84.97,30.92]]]]}},
{"type":"Feature","properties":{"ugc":"FLC065","name":"Jefferson","state":"FL","wfo":"TAE"},"geometry":{"type":"MultiPolygon","coordinates":[[[[-84.08,30.1],[-84.08,30.11],[-84.08,30.16],[-84.08,30.19],[-84.08,30.2],[-84.08,30.21],[-84.08,30.24],[-84.08,30.26],[-84.08,30.27],[-84.08,30.29],[-84.08,30.31],[-84.08,30.36],[-84.08,30.38],[-84.07,30.43],[-84.05,30.46],[-84.04,30.46],[-84.04,30.49],[-84.04,30.51],[-84.04,30.52],[-84.0,30.52],[-83.99,30.52],[-83.98,30.52],[-83.98,30.53],[-83.98,30.54],[-83.99,30.54],[-83.99,30.55],[-83.98,30.55],[-83.98,30.56],[-83.99,30.56],[-83.99,30.57],[-84.0,30.57],[-84.0,30.58],[-84.0,30.59],[-84.0,30.6],[-84.0,30.61],[-84.01,30.61],[-84.01,30.63],[-84.01,30.67],[-83.95,30.67],[-83.89,30.67],[-83.88,30.67],[-83.84,30.66],[-83.82,30.66],[-83.8,30.66],[-83.74,30.66],[-83.72,30.66],[-83.71,30.66],[-83.7,30.66],[-83.68,30.65],[-83.61,30.65],[-83.61,30.64],[-83.6,30.64],[-83.6,30.61],[-83.6,30.59],[-83.61,30.58],[-83.62,30.58],[-83.62,30.57],[-83.64,30.57],[-83.64,30.55],[-83.67,30.55],[-83.67,30.54],[-83.7,30.54],[-83.7,30.53],[-83.7,30.52],[-83.71,30.52],[-83.73,30.52],[-83.73,30.51],[-83.74,30.51],[-83.74,30.5],[-83.73,30.49],[-83.73,30.48],[-83.73,30.47],[-83.72,30.47],[-83.72,30.46],[-83.73,30.46],[-83.73,30.45],[-83.72,30.44],[-83.72,30.43],[-83.73,30.43],[-83.73,30.42],[-83.74,30.42],[-83.75,30.41],[-83.75,30.4],[-83.76,30.39],[-83.76,30.38],[-83.77,30.38],[-83.78,30.38],[-83.79,30.38],[-83.79,30.39],[-83.8,30.39],[-83.8,30.38],[-83.8,30.37],[-83.81,30.37],[-83.81,30.36],[-83.8,30.35],[-83.8,30.34],[-83.79,30.34],[-83.79,30.33],[-83.79,30.32],[-83.8,30.32],[-83.81,30.32],[-83.82,30.32],[-83.82,30.31],[-83.82,30.3],[-83.83,30.3],[-83.83,30.29],[-83.84,30.28],[-83.85,30.28],[-83.86,30.27],[-83.87,30.27],[-83.88,30.27],[-83.89,30.26],[-83.9,30.26],[-83.9,30.25],[-83.91,30.25],[-83.92,30.24],[-83.92,30.23],[-83.92,30.22],[-83.92,30.21],[-83.92,30.2],[-83.93,30.2],[-83.93,30.19],[-83.94,30.19],[-83.95,30.19],[-83.95,30.18],[-83.96,30.17],[-83.96,30.16],[-83.96,30.15],[-83.97,30.15],[-83.97,30.14],[-83.97,30.13],[-83.98,30.12],[-83.98,30.11],[-83.99,30.1],[-83.99,30.09],[-84.0,30.09],[-84.0,30.1],[-84.01,30.1],[-84.0,30.11],[-84.01,30.11],[-84.02,30.11],[-84.02,30.1],[-84.03,30.1],[-84.03,30.11],[-84.04,30.11],[-84.04,30.1],[-84.05,30.1],[-84.06,30.1],[-84.07,30.1],[-84.08,30.1]],[[-84.01,30.11],[-84.01,30.12],[-84.02,30.12],[-84.01,30.11]],[[-84.07,30.1],[-84.06,30.11],[-84.07,30.11],[-84.07,30.1]]]]}},
{"type":"Feature","properties":{"ugc":"FLC067","name":"Lafayette","state":"FL","wfo":"TAE"},"geometry":{"type":"MultiPolygon","coordinates":[[[[-83.28,30.26],[-83.26,30.26],[-83.25,30.26],[-83.25,30.25],[-83.25,30.24],[-83.25,30.23],[-83.24,30.23],[-83.24,30.22],[-83.24,30.21],[-83.25,30.21],[-83.25,30.2],[-83.25,30.19],[-83.25,30.18],[-83.24,30.18],[-83.24,30.17],[-83.23,30.17],[-83.23,30.16],[-83.24,30.15],[-83.23,30.15],[-83.23,30.14],[-83.22,30.13],[-83.23,30.12],[-83.22,30.11],[-83.21,30.1],[-83.2,30.11],[-83.19,30.1],[-83.18,30.09],[-83.18,30.1],[-83.17,30.1],[-83.16,30.11],[-83.15,30.1],[-83.14,30.1],[-83.13,30.1],[-83.12,30.1],[-83.11,30.1],[-83.11,30.09],[-83.1,30.09],[-83.09,30.09],[-83.09,30.08],[-83.07,30.08],[-83.07,30.07],[-83.07,30.06],[-83.06,30.06],[-83.05,30.06],[-83.04,30.06],[-83.04,30.05],[-83.03,30.05],[-83.03,30.04],[-83.02,30.04],[-83.02,30.03],[-83.01,30.03],[-83.01,30.02],[-83.0,30.01],[-82.99,30.01],[-82.98,30.01],[-82.98,30.0],[-82.97,30.0],[-82.96,29.99],[-82.96,29.98],[-82.96,29.97],[-82.95,29.97],[-82.95,29.96],[-82.94,29.96],[-82.93,29.96],[-82.93,29.95],[-82.92,29.94],[-82.92,29.93],[-82.93,29.92],[-82.92,29.92],[-82.92,29.91],[-82.91,29.91],[-82.91,29.9],[-82.9,29.9],[-82.89,29.9],[-82.89,29.89],[-82.89,29.88],[-82.88,29.88],[-82.88,29.87],[-82.88,29.86],[-82.89,29.85],[-82.89,29.84],[-82.89,29.83],[-82.9,29.82],[-82.91,29.82],[-82.92,29.82],[-82.94,29.82],[-82.95,29.82],[-82.96,29.82],[-82.97,29.83],[-82.99,29.83],[-83.0,29.83],[-83.12,29.82],[-83.18,29.82],[-83.26,29.82],[-83.31,29.82],[-83.32,29.82],[-83.33,29.82],[-83.35,29.82],[-83.35,29.89],[-83.37,29.89],[-83.37,29.9],[-83.37,29.99],[-83.37,30.0],[-83.37,30.01],[-83.37,30.04],[-83.37,30.09],[-83.37,30.13],[-83.37,30.16],[-83.37,30.19],[-83.37,30.2],[-83.37,30.21],[-83.37,30.24],[-83.37,30.25],[-83.37,30.26],[-83.35,30.26],[-83.3,30.26],[-83.29,30.26],[-83.28,30.26]],[[-82.91,29.9],[-82.92,29.9],[-82.92,29.89],[-82.91,29.89],[-82.91,29.9]]]]}},
{"type":"Feature","properties":{"ugc":"FLC069","name":"Lake","state":"FL","wfo":"MLB"},"geometry":{"type":"MultiPolygon","coordinates":[[[[-81.64,29.26],[-81.63,29.25],[-81.63,29.24],[-81.62,29.23],[-81.62,29.22],[-81.62,29.21],[-81.61,29.21],[-81.61,29.2],[-81.6,29.2],[-81.59,29.2],[-81.58,29.2],[-81.57,29.2],[-81.56,29.2],[-81.56,29.19],[-81.55,29.19],[-81.55,29.18],[-81.54,29.18],[-81.53,29.18],[-81.53,29.17],[-81.52,29.17],[-81.52,29.16],[-81.52,29.15],[-81.52,29.14],[-81.51,29.14],[-81.51,29.13],[-81.5,29.12],[-81.51,29.12],[-81.51,29.11],[-81.5,29.11],[-81.5,29.1],[-81.49,29.1],[-81.49,29.09],[-81.48,29.09],[-81.47,29.09],[-81.47,29.1],[-81.46,29.1],[-81.46,29.09],[-81.45,29.08],[-81.46,29.08],[-81.46,29.07],[-81.46,29.06],[-81.45,29.06],[-81.44,29.06],[-81.44,29.05],[-81.43,29.05],[-81.42,29.04],[-81.41,29.04],[-81.41,29.03],[-81.4,29.03],[-81.39,29.02],[-81.39,29.01],[-81.38,29.01],[-81.38,29.0],[-81.37,29.0],[-81.37,28.99],[-81.36,28.99],[-81.35,28.98],[-81.36,28.98],[-81.36,28.97],[-81.37,28.97],[-81.37,28.96],[-81.36,28.96],[-81.36,28.95],[-81.35,28.95],[-81.36,28.94],[-81.35,28.94],[-81.35,28.93],[-81.35,28.92],[-81.36,28.92],[-81.36,28.91],[-81.36,28.9],[-81.35,28.9],[-81.35,28.89],[-81.36,28.89],[-81.37,28.89],[-81.37,28.88],[-81.37,28.87],[-81.38,28.87],[-81.38,28.86],[-81.38,28.85],[-81.39,28.85],[-81.39,28.84],[-81.4,28.84],[-81.41,28.84],[-81.41,28.83],[-81.42,28.83],[-81.42,28.82],[-81.42,28.81],[-81.42,28.8],[-81.41,28.8],[-81.41,28.79],[-81.44,28.79],[-81.47,28.79],[-81.5,28.79],[-81.65,28.79],[-81.65,28.78],[-81.66,28.78],[-81.66,28.75],[-81.66,28.65],[-81.66,28.61],[-81.66,28.59],[-81.65,28.59],[-81.65,28.58],[-81.65,28.57],[-81.66,28.57],[-81.66,28.56],[-81.66,28.52],[-81.66,28.51],[-81.66,28.49],[-81.66,28.45],[-81.66,28.38],[-81.66,28.37],[-81.66,28.35],[-81.72,28.35],[-81.79,28.35],[-81.79,28.36],[-81.82,28.36],[-81.86,28.36],[-81.86,28.35],[-81.88,28.35],[-81.96,28.35],[-81.96,28.38],[-81.96,28.41],[-81.96,28.42],[-81.96,28.43],[-81.96,28.5],[-81.95,28.52],[-81.95,28.53],[-81.95,28.55],[-81.95,28.56],[-81.95,28.58],[-81.95,28.59],[-81.95,28.6],[-81.95,28.63],[-81.95,28.64],[-81.95,28.66],[-81.95,28.72],[-81.95,28.73],[-81.95,28.74],[-81.95,28.75],[-81.95,28.77],[-81.95,28.79],[-81.95,28.82],[-81.95,28.84],[-81.95,28.87],[-81.95,28.91],[-81.95,28.93],[-81.95,28.96],[-81.94,28.96],[-81.9,28.96],[-81.89,28.96],[-81.88,28.96],[-81.87,28.96],[-81.85,28.96],[-81.84,28.96],[-81.83,28.96],[-81.82,28.96],[-81.8,28.96],[-81.76,28.96],[-81.72,28.96],[-81.7,28.96],[-81.68,28.96],[-81.67,28.96],[-81.66,28.96],[-81.66,29.0],[-81.66,29.04],[-81.66,29.05],[-81.65,29.05],[-81.64,29.05],[-81.64,29.06],[-81.64,29.13],[-81.64,29.19],[-81.64,29.26]]]]}},
{"type":"Feature","properties":{"ugc":"FLC071","name":"Lee","state":"FL","wfo":"TBW"},"geometry":{"type":"MultiPolygon","coordinates":[[[[-82.18,26.69],[-82.18,26.7],[-82.17,26.7],[-82.17,26.71],[-82.16,26.71],[-82.15,26.7],[-82.14,26.7],[-82.13,26.7],[-82.13,26.69],[-82.12,26.69],[-82.11,26.68],[-82.12,26.68],[-82.12,26.67],[-82.11,26.67],[-82.11,26.66],[-82.1,26.66],[-82.11,26.65],[-82.11,26.64],[-82.1,26.64],[-82.09,26.64],[-82.09,26.63],[-82.08,26.63],[-82.08,26.62],[-82.07,26.62],[-82.07,26.61],[-82.07,26.6],[-82.07,26.59],[-82.07,26.58],[-82.07,26.57],[-82.08,26.57],[-82.08,26.56],[-82.08,26.55],[-82.07,26.54],[-82.07,26.53],[-82.08,26.54],[-82.08,26.53],[-82.08,26.52],[-82.08,26.51],[-82.07,26.51],[-82.07,26.5],[-82.06,26.5],[-82.06,26.49],[-82.07,26.49],[-82.08,26.49],[-82.09,26.49],[-82.1,26.48],[-82.11,26.49],[-82.1,26.49],[-82.1,26.5],[-82.1,26.51],[-82.1,26.52],[-82.1,26.53],[-82.11,26.53],[-82.11,26.54],[-82.11,26.55],[-82.11,26.56],[-82.12,26.56],[-82.12,26.57],[-82.12,26.58],[-82.12,26.59],[-82.13,26.59],[-82.13,26.6],[-82.13,26.61],[-82.13,26.62],[-82.13,26.63],[-82.13,26.64],[-82.14,26.64],[-82.14,26.65],[-82.15,26.65],[-82.15,26.66],[-82.16,26.66],[-82.16,26.67],[-82.17,26.67],[-82.17,26.68],[-82.18,26.68],[-82.18,26.69]],[[-82.17,26.7],[-82.17,26.69],[-82.16,26.69],[-82.16,26.7],[-82.17,26.7]],[[-82.07,26.59],[-82.08,26.59],[-82.08,26.58],[-82.07,26.59]],[[-82.08,26.57],[-82.09,26.58],[-82.09,26.57],[-82.08,26.57]],[[-82.09,26.58],[-82.09,26.59],[-82.1,26.59],[-82.09,26.58]]],[[[-82.09,26.64],[-82.08,26.64],[-82.07,26.64],[-82.06,26.64],[-82.07,26.65],[-82.07,26.66],[-82.08,26.66],[-82.08,26.67],[-82.08,26.68],[-82.08,26.69],[-82.07,26.69],[-82.07,26.7],[-82.08,26.7],[-82.07,26.71],[-82.08,26.71],[-82.08,26.72],[-82.07,26.72],[-82.07,26.73],[-82.07,26.74],[-82.07,26.75],[-82.06,26.75],[-82.06,26.76],[-82.06,26.77],[-82.04,26.77],[-82.0,26.77],[-81.89,26.77],[-81.88,26.77],[-81.86,26.77],[-81.84,26.77],[-81.83,26.77],[-81.81,26.77],[-81.79,26.77],[-81.74,26.77],[-81.73,26.77],[-81.7,26.77],[-81.68,26.77],[-81.65,26.77],[-81.61,26.77],[-81.58,26.77],[-81.57,26.77],[-81.57,26.76],[-81.57,26.71],[-81.57,26.69],[-81.57,26.65],[-81.57,26.64],[-81.57,26.63],[-81.56,26.58],[-81.56,26.56],[-81.56,26.54],[-81.56,26.53],[-81.56,26.52],[-81.56,26.51],[-81.56,26.47],[-81.56,26.45],[-81.56,26.43],[-81.56,26.42],[-81.57,26.42],[-81.58,26.42],[-81.61,26.42],[-81.62,26.42],[-81.64,26.42],[-81.66,26.42],[-81.66,26.38],[-81.66,26.32],[-81.69,26.32],[-81.71,26.32],[-81.74,26.32],[-81.75,26.32],[-81.82,26.32],[-81.82,26.33],[-81.85,26.33],[-81.85,26.34],[-81.86,26.35],[-81.86,26.36],[-81.86,26.37],[-81.85,26.37],[-81.85,26.36],[-81.85,26.35],[-81.84,26.35],[-81.84,26.36],[-81.84,26.37],[-81.84,26.38],[-81.84,26.39],[-81.84,26.4],[-81.85,26.4],[-81.85,26.41],[-81.85,26.42],[-81.85,26.43],[-81.86,26.43],[-81.86,26.44],[-81.85,26.44],[-81.86,26.45],[-81.87,26.45],[-81.87,26.46],[-81.88,26.46],[-81.88,26.45],[-81.88,26.44],[-81.89,26.44],[-81.9,26.44],[-81.91,26.44],[-81.91,26.45],[-81.91,26.46],[-81.92,26.46],[-81.92,26.45],[-81.93,26.45],[-81.94,26.46],[-81.94,26.47],[-81.95,26.47],[-81.95,26.46],[-81.96,26.47],[-81.97,26.48],[-81.98,26.48],[-81.99,26.48],[-82.0,26.48],[-82.01,26.48],[-82.01,26.49],[-82.0,26.49],[-82.0,26.5],[-82.01,26.51],[-82.01,26.52],[-82.0,26.53],[-82.0,26.54],[-82.01,26.54],[-82.01,26.53],[-82.02,26.53],[-82.03,26.53],[-82.03,26.54],[-82.04,26.54],[-82.04,26.55],[-82.05,26.55],[-82.06,26.55],[-82.06,26.56],[-82.06,26.57],[-82.05,26.57],[-82.05,26.58],[-82.05,26.59],[-82.06,26.59],[-82.06,26.6],[-82.05,26.6],[-82.05,26.61],[-82.05,26.62],[-82.05,26.63],[-82.06,26.63],[-82.07,26.63],[-82.08,26.63],[-82.09,26.64]],[[-82.0,26.53],[-82.0,26.52],[-81.99,26.52],[-81.99,26.51],[-81.98,26.51],[-81.98,26.52],[-81.97,26.52],[-81.96,26.52],[-81.96,26.53],[-81.95,26.53],[-81.94,26.53],[-81.94,26.54],[-81.93,26.54],[-81.93,26.55],[-81.92,26.55],[-81.92,26.56],[-81.92,26.57],[-81.91,26.57],[-81.9,26.57],[-81.9,26.58],[-81.9,26.59],[-81.89,26.6],[-81.89,26.62],[-81.89,26.63],[-81.88,26.63],[-81.88,26.64],[-81.87,26.64],[-81.87,26.65],[-81.86,26.65],[-81.86,26.66],[-81.85,26.66],[-81.84,26.67],[-81.83,26.67],[-81.83,26.68],[-81.82,26.68],[-81.81,26.69],[-81.81,26.7],[-81.82,26.7],[-81.83,26.69],[-81.84,26.69],[-81.85,26.69],[-81.85,26.68],[-81.86,26.68],[-81.86,26.67],[-81.87,26.67],[-81.88,26.67],[-81.88,26.66],[-81.89,26.66],[-81.89,26.65],[-81.9,26.65],[-81.9,26.64],[-81.91,26.64],[-81.91,26.63],[-81.92,26.63],[-81.92,26.62],[-81.92,26.61],[-81.91,26.61],[-81.91,26.6],[-81.92,26.6],[-81.93,26.6],[-81.93,26.59],[-81.93,26.58],[-81.93,26.57],[-81.94,26.56],[-81.94,26.55],[-81.95,26.55],[-81.95,26.54],[-81.96,26.54],[-81.96,26.55],[-81.97,26.55],[-81.98,26.55],[-81.97,26.54],[-81.98,26.54],[-81.98,26.53],[-81.99,26.53],[-82.0,26.53]],[[-82.05,26.59],[-82.04,26.59],[-82.04,26.6],[-82.05,26.59]],[[-81.72,26.72],[-81.71,26.72],[-81.7,26.72],[-81.7,26.73],[-81.71,26.73],[-81.72,26.72]],[[-81.7,26.72],[-81.69,26.72],[-81.69,26.73],[-81.7,26.72]],[[-81.8,26.7],[-81.8,26.69],[-81.79,26.7],[-81.8,26.7]],[[-81.77,26.71],[-81.76,26.72],[-81.77,26.72],[-81.77,26.71]],[[-81.62,26.72],[-81.62,26.71],[-81.61,26.71],[-81.62,26.72]],[[-81.6,26.71],[-81.59,26.71],[-81.59,26.72],[-81.6,26.72],[-81.6,26.71]]],[[[-82.1,26.52],[-82.11,26.51],[-82.11,26.52],[-82.1,26.52]]],[[[-82.08,26.69],[-82.09,26.69],[-82.08,26.7],[-82.08,26.69]]],[[[-81.86,26.37],[-81.87,26.37],[-81.87,26.38],[-81.88,26.39],[-81.89,26.4],[-81.9,26.41],[-81.9,26.42],[-81.89,26.42],[-81.88,26.42],[-81.87,26.42],[-81.87,26.41],[-81.87,26.4],[-81.87,26.39],[-81.86,26.39],[-81.86,26.38],[-81.86,26.37]]],[[[-81.9,26.42],[-81.91,26.42],[-81.91,26.43],[-81.9,26.43],[-81.9,26.42]]],[[[-81.91,26.43],[-81.92,26.44],[-81.91,26.44],[-81.91,26.43]]],[[[-81.93,26.44],[-81.94,26.45],[-81.93,26.45],[-81.93,26.44]]],[[[-81.95,26.45],[-81.96,26.45],[-81.96,26.46],[-81.95,26.46],[-81.95,26.45]]],[[[-81.86,26.43],[-81.86,26.42],[-81.87,26.42],[-81.87,26.43],[-81.86,26.43]]],[[[-82.2,26.54],[-82.19,26.54],[-82.19,26.53],[-82.19,26.52],[-82.2,26.53],[-82.2,26.54]]],[[[-82.19,26.51],[-82.18,26.52],[-82.18,26.51],[-82.19,26.51]]],[[[-82.19,26.5],[-82.18,26.5],[-82.18,26.49],[-82.17,26.49],[-82.16,26.49],[-82.16,26.48],[-82.15,26.48],[-82.15,26.47],[-82.14,26.47],[-82.13,26.47],[-82.12,26.47],[-82.11,26.47],[-82.1,26.46],[-82.09,26.45],[-82.09,26.44],[-82.08,26.44],[-82.07,26.45],[-82.07,26.46],[-82.06,26.46],[-82.06,26.47],[-82.05,26.46],[-82.05,26.47],[-82.04,26.46],[-82.04,26.45],[-82.03,26.45],[-82.02,26.45],[-82.04,26.44],[-82.06,26.43],[-82.07,26.42],[-82.08,26.42],[-82.09,26.42],[-82.1,26.43],[-82.11,26.43],[-82.13,26.44],[-82.14,26.45],[-82.15,26.46],[-82.17,26.47],[-82.18,26.47],[-82.18,26.48],[-82.19,26.49],[-82.19,26.5]]],[[[-82.07,26.46],[-82.08,26.46],[-82.08,26.47],[-82.07,26.47],[-82.07,26.46]]],[[[-82.09,26.45],[-82.09,26.46],[-82.08,26.46],[-82.09,26.45]]],[[[-82.05,26.51],[-82.04,26.51],[-82.04,26.5],[-82.05,26.5],[-82.05,26.51]]],[[[-82.05,26.52],[-82.06,26.51],[-82.06,26.52],[-82.05,26.52]]],[[[-82.12,26.5],[-82.13,26.5],[-82.13,26.51],[-82.12,26.5]]],[[[-82.16,26.63],[-82.16,26.64],[-82.15,26.63],[-82.16,26.63]]],[[[-82.17,26.64],[-82.18,26.63],[-82.18,26.64],[-82.17,26.64]]],[[[-82.19,26.65],[-82.2,26.65],[-82.19,26.66],[-82.18,26.65],[-82.19,26.65]]],[[[-82.25,26.66],[-82.25,26.67],[-82.26,26.67],[-82.26,26.68],[-82.26,26.69],[-82.26,26.7],[-82.26,26.71],[-82.25,26.71],[-82.25,26.7],[-82.24,26.7],[-82.25,26.69],[-82.24,26.68],[-82.24,26.67],[-82.24,26.66],[-82.24,26.65],[-82.25,26.65],[-82.25,26.66]]],[[[-82.24,26.65],[-82.23,26.65],[-82.23,26.64],[-82.24,26.64],[-82.24,26.65]]],[[[-82.23,26.63],[-82.22,26.63],[-82.22,26.62],[-82.23,26.62],[-82.23,26.63]]],[[[-82.22,26.6],[-82.21,26.6],[-82.21,26.59],[-82.21,26.58],[-82.22,26.58],[-82.22,26.59],[-82.22,26.6]]],[[[-82.21,26.57],[-82.2,26.57],[-82.2,26.56],[-82.21,26.57]]],[[[-82.23,26.65],[-82.23,26.66],[-82.22,26.66],[-82.22,26.65],[-82.23,26.65]]],[[[-82.24,26.68],[-82.24,26.69],[-82.23,26.68],[-82.24,26.68]]],[[[-82.21,26.69],[-82.2,26.68],[-82.21,26.68],[-82.21,26.69]]],[[[-82.27,26.78],[-82.27,26.79],[-82.26,26.79],[-82.26,26.78],[-82.27,26.78]]],[[[-82.27,26.78],[-82.26,26.77],[-82.25,26.77],[-82.26,26.76],[-82.27,26.76],[-82.27,26.77],[-82.27,26.78]]],[[[-82.26,26.76],[-82.25,26.76],[-82.25,26.75],[-82.26,26.75],[-82.26,26.76]]],[[[-82.26,26.74],[-82.25,26.75],[-82.25,26.74],[-82.26,26.74]]]]}},
{"type":"Feature","properties":{"ugc":"FLC073","name":"Leon","state":"FL","wfo":"TAE"},"geometry":{"type":"MultiPolygon","coordinates":[[[[-84.67,30.37],[-84.66,30.37],[-84.66,30.38],[-84.65,30.39],[-84.65,30.4],[-84.64,30.4],[-84.63,30.4],[-84.63,30.41],[-84.62,30.41],[-84.61,30.41],[-84.61,30.42],[-84.6,30.42],[-84.6,30.41],[-84.59,30.41],[-84.58,30.42],[-84.57,30.42],[-84.57,30.43],[-84.56,30.44],[-84.55,30.44],[-84.54,30.44],[-84.53,30.44],[-84.53,30.45],[-84.52,30.45],[-84.51,30.45],[-84.5,30.45],[-84.5,30.46],[-84.49,30.46],[-84.48,30.46],[-84.47,30.46],[-84.46,30.46],[-84.45,30.46],[-84.44,30.46],[-84.43,30.47],[-84.42,30.47],[-84.41,30.47],[-84.41,30.48],[-84.4,30.48],[-84.4,30.49],[-84.4,30.5],[-84.4,30.51],[-84.39,30.52],[-84.39,30.53],[-84.39,30.54],[-84.39,30.55],[-84.38,30.56],[-84.38,30.57],[-84.37,30.58],[-84.36,30.58],[-84.36,30.59],[-84.35,30.59],[-84.34,30.6],[-84.33,30.6],[-84.33,30.61],[-84.32,30.61],[-84.32,30.62],[-84.31,30.63],[-84.3,30.64],[-84.3,30.65],[-84.3,30.66],[-84.3,30.67],[-84.3,30.68],[-84.29,30.68],[-84.28,30.68],[-84.28,30.69],[-84.25,30.68],[-84.12,30.68],[-84.11,30.68],[-84.08,30.68],[-84.07,30.68],[-84.06,30.67],[-84.01,30.67],[-84.01,30.63],[-84.01,30.61],[-84.0,30.61],[-84.0,30.6],[-84.0,30.59],[-84.0,30.58],[-84.0,30.57],[-83.99,30.57],[-83.99,30.56],[-83.98,30.56],[-83.98,30.55],[-83.99,30.55],[-83.99,30.54],[-83.98,30.54],[-83.98,30.53],[-83.98,30.52],[-83.99,30.52],[-84.0,30.52],[-84.04,30.52],[-84.04,30.51],[-84.04,30.49],[-84.04,30.46],[-84.05,30.46],[-84.07,30.43],[-84.08,30.38],[-84.08,30.36],[-84.08,30.31],[-84.08,30.29],[-84.08,30.27],[-84.12,30.27],[-84.13,30.27],[-84.14,30.27],[-84.15,30.27],[-84.19,30.27],[-84.21,30.27],[-84.23,30.27],[-84.24,30.27],[-84.24,30.28],[-84.25,30.3],[-84.28,30.3],[-84.3,30.3],[-84.33,30.3],[-84.34,30.3],[-84.36,30.3],[-84.37,30.3],[-84.38,30.3],[-84.51,30.3],[-84.62,30.3],[-84.63,30.3],[-84.71,30.3],[-84.71,30.31],[-84.7,30.32],[-84.71,30.32],[-84.71,30.33],[-84.71,30.34],[-84.7,30.34],[-84.7,30.35],[-84.69,30.35],[-84.68,30.36],[-84.68,30.37],[-84.67,30.37]]]]}},
{"type":"Feature","properties":{"ugc":"FLC075","name":"Levy","state":"FL","wfo":"TBW"},"geometry":{"type":"MultiPolygon","coordinates":[[[[-83.15,29.3],[-83.15,29.31],[-83.14,29.31],[-83.14,29.32],[-83.13,29.32],[-83.12,29.32],[-83.11,29.32],[-83.1,29.32],[-83.1,29.33],[-83.09,29.33],[-83.09,29.34],[-83.08,29.34],[-83.07,29.34],[-83.06,29.35],[-83.07,29.35],[-83.07,29.36],[-83.06,29.36],[-83.06,29.37],[-83.06,29.38],[-83.05,29.38],[-83.04,29.38],[-83.04,29.39],[-83.03,29.39],[-83.03,29.4],[-83.02,29.4],[-83.03,29.41],[-83.02,29.41],[-83.02,29.42],[-83.02,29.43],[-83.01,29.44],[-83.01,29.45],[-83.0,29.46],[-82.99,29.46],[-82.99,29.47],[-82.99,29.48],[-82.98,29.48],[-82.98,29.49],[-82.98,29.5],[-82.98,29.51],[-82.98,29.52],[-82.97,29.52],[-82.97,29.53],[-82.98,29.53],[-82.98,29.54],[-82.97,29.54],[-82.97,29.55],[-82.96,29.55],[-82.95,29.56],[-82.95,29.57],[-82.95,29.58],[-82.94,29.58],[-82.94,29.59],[-82.93,29.59],[-82.92,29.59],[-82.9,29.59],[-82.88,29.59],[-82.86,29.59],[-82.86,29.58],[-82.84,29.58],[-82.82,29.58],[-82.81,29.58],[-82.79,29.58],[-82.77,29.58],[-82.76,29.58],[-82.76,29.56],[-82.75,29.56],[-82.72,29.56],[-82.69,29.56],[-82.67,29.56],[-82.66,29.56],[-82.66,29.55],[-82.66,29.54],[-82.62,29.54],[-82.61,29.54],[-82.6,29.54],[-82.59,29.54],[-82.57,29.54],[-82.56,29.54],[-82.56,29.51],[-82.56,29.5],[-82.56,29.48],[-82.55,29.48],[-82.51,29.48],[-82.5,29.48],[-82.5,29.49],[-82.47,29.49],[-82.46,29.49],[-82.45,29.49],[-82.41,29.49],[-82.41,29.48],[-82.41,29.43],[-82.41,29.39],[-82.41,29.36],[-82.41,29.31],[-82.4,29.31],[-82.4,29.3],[-82.4,29.27],[-82.4,29.23],[-82.4,29.22],[-82.41,29.22],[-82.44,29.22],[-82.48,29.21],[-82.51,29.21],[-82.53,29.21],[-82.54,29.21],[-82.54,29.19],[-82.54,29.16],[-82.54,29.14],[-82.54,29.11],[-82.54,29.09],[-82.53,29.05],[-82.54,29.05],[-82.53,29.04],[-82.54,29.04],[-82.55,29.04],[-82.56,29.03],[-82.56,29.04],[-82.57,29.04],[-82.57,29.03],[-82.58,29.03],[-82.59,29.03],[-82.6,29.03],[-82.6,29.02],[-82.6,29.01],[-82.61,29.01],[-82.62,29.01],[-82.63,29.01],[-82.63,29.02],[-82.64,29.02],[-82.65,29.02],[-82.66,29.02],[-82.67,29.02],[-82.67,29.03],[-82.68,29.03],[-82.69,29.03],[-82.7,29.03],[-82.71,29.03],[-82.72,29.03],[-82.72,29.02],[-82.73,29.02],[-82.73,29.01],[-82.74,29.01],[-82.75,29.01],[-82.75,29.02],[-82.74,29.02],[-82.74,29.03],[-82.74,29.04],[-82.75,29.04],[-82.75,29.05],[-82.75,29.06],[-82.76,29.05],[-82.76,29.06],[-82.77,29.06],[-82.78,29.07],[-82.77,29.08],[-82.77,29.09],[-82.78,29.08],[-82.79,29.08],[-82.79,29.09],[-82.8,29.08],[-82.81,29.08],[-82.81,29.09],[-82.82,29.09],[-82.82,29.1],[-82.81,29.1],[-82.8,29.1],[-82.79,29.1],[-82.8,29.11],[-82.79,29.11],[-82.79,29.12],[-82.8,29.12],[-82.81,29.12],[-82.81,29.13],[-82.81,29.14],[-82.8,29.14],[-82.8,29.15],[-82.81,29.15],[-82.81,29.16],[-82.82,29.16],[-82.83,29.16],[-82.83,29.15],[-82.84,29.16],[-82.85,29.16],[-82.86,29.16],[-82.87,29.16],[-82.88,29.16],[-82.88,29.17],[-82.89,29.17],[-82.9,29.17],[-82.91,29.17],[-82.92,29.17],[-82.93,29.17],[-82.94,29.17],[-82.95,29.17],[-82.96,29.17],[-82.97,29.17],[-82.97,29.18],[-82.98,29.18],[-82.99,29.18],[-83.0,29.18],[-83.0,29.17],[-83.01,29.17],[-83.02,29.17],[-83.03,29.17],[-83.04,29.17],[-83.04,29.18],[-83.05,29.18],[-83.06,29.18],[-83.05,29.19],[-83.06,29.19],[-83.07,29.19],[-83.06,29.2],[-83.07,29.2],[-83.07,29.21],[-83.06,29.21],[-83.06,29.22],[-83.07,29.22],[-83.07,29.23],[-83.06,29.23],[-83.05,29.24],[-83.06,29.24],[-83.07,29.24],[-83.08,29.25],[-83.08,29.26],[-83.08,29.27],[-83.09,29.27],[-83.1,29.27],[-83.11,29.27],[-83.11,29.28],[-83.12,29.28],[-83.13,29.28],[-83.13,29.29],[-83.13,29.3],[-83.14,29.29],[-83.15,29.29],[-83.15,29.3]],[[-82.97,29.18],[-82.96,29.18],[-82.96,29.19],[-82.97,29.19],[-82.97,29.18]],[[-83.1,29.29],[-83.09,29.29],[-83.09,29.3],[-83.1,29.3],[-83.1,29.29]],[[-83.09,29.29],[-83.08,29.28],[-83.07,29.28],[-83.07,29.29],[-83.08,29.29],[-83.09,29.29]],[[-82.79,29.18],[-82.79,29.17],[-82.78,29.17],[-82.78,29.18],[-82.78,29.19],[-82.79,29.18]],[[-82.78,29.19],[-82.77,29.19],[-82.77,29.2],[-82.78,29.19]],[[-83.12,29.3],[-83.11,29.3],[-83.11,29.31],[-83.12,29.31],[-83.12,29.3]]],[[[-83.16,29.29],[-83.16,29.3],[-83.15,29.3],[-83.16,29.29]]],[[[-82.75,29.01],[-82.75,29.0],[-82.76,29.0],[-82.76,29.01],[-82.76,29.02],[-82.75,29.01]]],[[[-82.75,29.04],[-82.76,29.03],[-82.76,29.04],[-82.75,29.04]]],[[[-82.78,29.07],[-82.79,29.07],[-82.79,29.08],[-82.78,29.07]]],[[[-82.81,29.08],[-82.81,29.07],[-82.82,29.07],[-82.82,29.08],[-82.81,29.08]]],[[[-83.02,29.16],[-83.03,29.16],[-83.03,29.17],[-83.02,29.16]]],[[[-83.03,29.14],[-83.03,29.13],[-83.04,29.13],[-83.04,29.14],[-83.03,29.14]]],[[[-83.04,29.14],[-83.05,29.14],[-83.05,29.15],[-83.05,29.16],[-83.06,29.16],[-83.06,29.17],[-83.06,29.18],[-83.05,29.17],[-83.04,29.16],[-83.04,29.15],[-83.04,29.14]]],[[[-83.06,29.16],[-83.07,29.15],[-83.07,29.16],[-83.06,29.16]]],[[[-83.08,29.2],[-83.08,29.21],[-83.07,29.21],[-83.08,29.2]]],[[[-83.08,29.22],[-83.09,29.22],[-83.08,29.23],[-83.08,29.22]]],[[[-83.09,29.13],[-83.08,29.13],[-83.08,29.12],[-83.09,29.12],[-83.09,29.13]]]]}},
{"type":"Feature","properties":{"ugc":"FLC077","name":"Liberty","state":"FL","wfo":"TAE"},"geometry":{"type":"MultiPolygon","coordinates":[[[[-85.15,30.1],[-85.15,30.11],[-85.14,30.11],[-85.14,30.12],[-85.15,30.12],[-85.15,30.13],[-85.14,30.13],[-85.14,30.14],[-85.13,30.14],[-85.13,30.15],[-85.13,30.16],[-85.14,30.16],[-85.14,30.17],[-85.13,30.18],[-85.13,30.19],[-85.12,30.19],[-85.12,30.2],[-85.12,30.21],[-85.11,30.21],[-85.1,30.21],[-85.1,30.22],[-85.09,30.22],[-85.09,30.23],[-85.08,30.23],[-85.08,30.24],[-85.08,30.25],[-85.07,30.25],[-85.07,30.26],[-85.06,30.26],[-85.06,30.27],[-85.06,30.28],[-85.06,30.29],[-85.05,30.29],[-85.06,30.3],[-85.05,30.3],[-85.05,30.31],[-85.04,30.31],[-85.03,30.31],[-85.04,30.32],[-85.05,30.32],[-85.04,30.33],[-85.05,30.33],[-85.05,30.34],[-85.04,30.35],[-85.04,30.36],[-85.03,30.36],[-85.03,30.37],[-85.04,30.37],[-85.04,30.38],[-85.03,30.38],[-85.02,30.38],[-85.02,30.39],[-85.01,30.39],[-85.02,30.4],[-85.03,30.4],[-85.03,30.41],[-85.03,30.42],[-85.03,30.43],[-85.02,30.43],[-85.01,30.44],[-85.0,30.44],[-84.99,30.44],[-84.98,30.44],[-84.98,30.45],[-84.99,30.45],[-85.0,30.45],[-85.0,30.46],[-84.99,30.46],[-84.99,30.47],[-85.0,30.47],[-85.0,30.48],[-85.0,30.49],[-84.99,30.49],[-84.99,30.5],[-84.99,30.51],[-84.99,30.52],[-84.99,30.53],[-84.98,30.53],[-84.98,30.54],[-84.98,30.55],[-84.97,30.55],[-84.97,30.56],[-84.96,30.56],[-84.96,30.57],[-84.97,30.57],[-84.97,30.58],[-84.96,30.58],[-84.95,30.58],[-84.94,30.58],[-84.94,30.59],[-84.94,30.6],[-84.93,30.6],[-84.93,30.61],[-84.91,30.61],[-84.88,30.61],[-84.88,30.56],[-84.88,30.55],[-84.88,30.53],[-84.87,30.53],[-84.84,30.53],[-84.82,30.53],[-84.82,30.52],[-84.81,30.52],[-84.8,30.52],[-84.79,30.52],[-84.78,30.52],[-84.78,30.46],[-84.76,30.46],[-84.75,30.46],[-84.71,30.46],[-84.71,30.42],[-84.7,30.42],[-84.69,30.42],[-84.68,30.42],[-84.68,30.39],[-84.67,30.39],[-84.65,30.39],[-84.66,30.38],[-84.66,30.37],[-84.67,30.37],[-84.68,30.37],[-84.68,30.36],[-84.69,30.35],[-84.7,30.35],[-84.7,30.34],[-84.71,30.34],[-84.71,30.33],[-84.71,30.32],[-84.7,30.32],[-84.71,30.31],[-84.71,30.3],[-84.73,30.29],[-84.73,30.28],[-84.73,30.27],[-84.74,30.27],[-84.74,30.26],[-84.73,30.26],[-84.72,30.25],[-84.71,30.25],[-84.7,30.25],[-84.7,30.24],[-84.7,30.23],[-84.69,30.22],[-84.68,30.22],[-84.68,30.21],[-84.68,30.2],[-84.68,30.19],[-84.67,30.19],[-84.67,30.18],[-84.67,30.17],[-84.67,30.16],[-84.67,30.15],[-84.67,30.14],[-84.67,30.13],[-84.67,30.12],[-84.66,30.12],[-84.65,30.12],[-84.65,30.11],[-84.65,30.1],[-84.65,30.09],[-84.64,30.09],[-84.64,30.08],[-84.64,30.07],[-84.63,30.07],[-84.63,30.06],[-84.62,30.06],[-84.62,30.07],[-84.61,30.06],[-84.61,30.05],[-84.6,30.05],[-84.6,30.04],[-84.6,30.03],[-84.59,30.03],[-84.58,30.03],[-84.58,30.02],[-84.57,30.02],[-84.56,30.02],[-84.56,30.01],[-84.58,30.01],[-84.6,30.01],[-84.62,30.01],[-84.69,30.01],[-84.71,30.01],[-84.72,30.01],[-84.76,30.01],[-84.78,30.01],[-84.81,30.01],[-84.85,30.01],[-84.87,30.01],[-84.89,30.01],[-84.93,30.01],[-85.0,30.01],[-85.01,30.01],[-85.01,30.0],[-85.02,29.99],[-85.02,29.98],[-85.02,29.97],[-85.03,29.97],[-85.03,29.98],[-85.03,29.99],[-85.04,29.99],[-85.05,29.99],[-85.05,30.0],[-85.06,30.0],[-85.07,30.0],[-85.07,30.01],[-85.08,30.01],[-85.09,30.01],[-85.09,30.02],[-85.1,30.02],[-85.11,30.02],[-85.12,30.02],[-85.12,30.03],[-85.13,30.04],[-85.14,30.04],[-85.13,30.05],[-85.14,30.05],[-85.14,30.06],[-85.13,30.07],[-85.14,30.07],[-85.14,30.08],[-85.14,30.09],[-85.15,30.09],[-85.15,30.1]],[[-85.14,30.12],[-85.13,30.11],[-85.13,30.12],[-85.14,30.12]]]]}},
{"type":"Feature","properties":{"ugc":"FLC079","name":"Madison","state":"FL","wfo":"TAE"},"geometry":{"type":"MultiPolygon","coordinates":[[[[-83.8,30.35],[-83.81,30.36],[-83.81,30.37],[-83.8,30.37],[-83.8,30.38],[-83.8,30.39],[-83.79,30.39],[-83.79,30.38],[-83.78,30.38],[-83.77,30.38],[-83.76,30.38],[-83.76,30.39],[-83.75,30.4],[-83.75,30.41],[-83.74,30.42],[-83.73,30.42],[-83.73,30.43],[-83.72,30.43],[-83.72,30.44],[-83.73,30.45],[-83.73,30.46],[-83.72,30.46],[-83.72,30.47],[-83.73,30.47],[-83.73,30.48],[-83.73,30.49],[-83.74,30.5],[-83.74,30.51],[-83.73,30.51],[-83.73,30.52],[-83.71,30.52],[-83.7,30.52],[-83.7,30.53],[-83.7,30.54],[-83.67,30.54],[-83.67,30.55],[-83.64,30.55],[-83.64,30.57],[-83.62,30.57],[-83.62,30.58],[-83.61,30.58],[-83.6,30.59],[-83.6,30.61],[-83.6,30.64],[-83.61,30.64],[-83.61,30.65],[-83.5,30.65],[-83.48,30.64],[-83.46,30.64],[-83.43,30.64],[-83.4,30.64],[-83.38,30.64],[-83.37,30.64],[-83.36,30.64],[-83.35,30.64],[-83.34,30.64],[-83.32,30.64],[-83.31,30.64],[-83.31,30.63],[-83.29,30.63],[-83.28,30.63],[-83.27,30.63],[-83.27,30.62],[-83.27,30.61],[-83.26,30.6],[-83.26,30.59],[-83.26,30.58],[-83.26,30.57],[-83.26,30.56],[-83.26,30.55],[-83.25,30.55],[-83.25,30.54],[-83.25,30.53],[-83.24,30.53],[-83.24,30.52],[-83.24,30.51],[-83.24,30.5],[-83.24,30.49],[-83.24,30.48],[-83.24,30.47],[-83.23,30.47],[-83.22,30.46],[-83.22,30.45],[-83.22,30.44],[-83.22,30.43],[-83.22,30.42],[-83.21,30.42],[-83.21,30.41],[-83.2,30.41],[-83.2,30.42],[-83.19,30.42],[-83.19,30.41],[-83.18,30.41],[-83.18,30.4],[-83.17,30.4],[-83.18,30.39],[-83.17,30.39],[-83.18,30.38],[-83.19,30.38],[-83.19,30.37],[-83.19,30.36],[-83.19,30.35],[-83.2,30.35],[-83.21,30.35],[-83.21,30.34],[-83.21,30.33],[-83.21,30.32],[-83.21,30.31],[-83.22,30.3],[-83.23,30.3],[-83.23,30.29],[-83.23,30.28],[-83.24,30.28],[-83.24,30.27],[-83.24,30.26],[-83.25,30.26],[-83.26,30.26],[-83.28,30.26],[-83.29,30.26],[-83.3,30.26],[-83.35,30.26],[-83.37,30.26],[-83.41,30.26],[-83.43,30.26],[-83.47,30.26],[-83.47,30.27],[-83.47,30.28],[-83.47,30.3],[-83.5,30.3],[-83.53,30.3],[-83.59,30.3],[-83.61,30.3],[-83.64,30.3],[-83.67,30.3],[-83.71,30.3],[-83.72,30.3],[-83.74,30.3],[-83.75,30.3],[-83.78,30.3],[-83.82,30.3],[-83.82,30.31],[-83.82,30.32],[-83.81,30.32],[-83.8,30.32],[-83.79,30.32],[-83.79,30.33],[-83.79,30.34],[-83.8,30.34],[-83.8,30.35]]]]}},
{"type":"Feature","properties":{"ugc":"FLC081","name":"Manatee","state":"FL","wfo":"TBW"},"geometry":{"type":"MultiPolygon","coordinates":[[[[-82.69,27.47],[-82.69,27.48],[-82.68,27.48],[-82.67,27.48],[-82.67,27.47],[-82.66,27.47],[-82.65,27.47],[-82.64,27.47],[-82.64,27.48],[-82.64,27.49],[-82.64,27.5],[-82.65,27.5],[-82.66,27.5],[-82.66,27.49],[-82.67,27.49],[-82.68,27.49],[-82.69,27.49],[-82.69,27.5],[-82.69,27.51],[-82.68,27.51],[-82.67,27.52],[-82.66,27.52],[-82.65,27.52],[-82.64,27.53],[-82.64,27.52],[-82.63,27.52],[-82.63,27.51],[-82.62,27.51],[-82.61,27.51],[-82.6,27.5],[-82.59,27.5],[-82.58,27.5],[-82.57,27.5],[-82.56,27.5],[-82.55,27.5],[-82.54,27.5],[-82.53,27.5],[-82.52,27.5],[-82.53,27.49],[-82.52,27.49],[-82.52,27.48],[-82.51,27.48],[-82.5,27.48],[-82.5,27.49],[-82.51,27.49],[-82.51,27.5],[-82.5,27.51],[-82.51,27.51],[-82.51,27.52],[-82.52,27.52],[-82.53,27.52],[-82.53,27.51],[-82.54,27.51],[-82.55,27.51],[-82.56,27.51],[-82.57,27.51],[-82.58,27.51],[-82.59,27.51],[-82.59,27.52],[-82.6,27.52],[-82.6,27.53],[-82.59,27.53],[-82.59,27.54],[-82.58,27.55],[-82.57,27.55],[-82.57,27.56],[-82.57,27.57],[-82.58,27.57],[-82.59,27.57],[-82.59,27.56],[-82.6,27.56],[-82.6,27.57],[-82.6,27.58],[-82.59,27.59],[-82.58,27.59],[-82.57,27.59],[-82.57,27.6],[-82.56,27.6],[-82.55,27.6],[-82.55,27.61],[-82.56,27.61],[-82.57,27.61],[-82.57,27.62],[-82.56,27.62],[-82.57,27.63],[-82.56,27.63],[-82.56,27.64],[-82.55,27.65],[-82.5,27.65],[-82.38,27.65],[-82.34,27.65],[-82.31,27.65],[-82.29,27.65],[-82.28,27.65],[-82.27,27.65],[-82.25,27.65],[-82.22,27.65],[-82.19,27.65],[-82.13,27.65],[-82.12,27.65],[-82.1,27.65],[-82.06,27.65],[-82.05,27.65],[-82.05,27.59],[-82.05,27.57],[-82.05,27.56],[-82.06,27.51],[-82.06,27.47],[-82.06,27.34],[-82.06,27.29],[-82.06,27.26],[-82.06,27.25],[-82.06,27.21],[-82.1,27.21],[-82.16,27.21],[-82.25,27.21],[-82.25,27.28],[-82.25,27.35],[-82.25,27.37],[-82.25,27.39],[-82.3,27.39],[-82.31,27.39],[-82.37,27.39],[-82.44,27.39],[-82.45,27.39],[-82.51,27.39],[-82.54,27.39],[-82.55,27.39],[-82.56,27.39],[-82.57,27.39],[-82.57,27.4],[-82.57,27.41],[-82.58,27.42],[-82.59,27.42],[-82.6,27.42],[-82.6,27.43],[-82.61,27.43],[-82.62,27.43],[-82.63,27.43],[-82.63,27.44],[-82.64,27.44],[-82.65,27.44],[-82.66,27.44],[-82.66,27.45],[-82.65,27.45],[-82.65,27.46],[-82.66,27.46],[-82.67,27.46],[-82.68,27.46],[-82.68,27.47],[-82.69,27.47]],[[-82.68,27.51],[-82.67,27.5],[-82.67,27.51],[-82.68,27.51]],[[-82.5,27.48],[-82.5,27.47],[-82.49,27.47],[-82.49,27.48],[-82.5,27.48]],[[-82.51,27.52],[-82.5,27.52],[-82.49,27.52],[-82.49,27.51],[-82.48,27.51],[-82.48,27.52],[-82.47,27.52],[-82.46,27.52],[-82.46,27.53],[-82.47,27.53],[-82.48,27.53],[-82.49,27.53],[-82.5,27.53],[-82.51,27.53],[-82.51,27.52]],[[-82.57,27.57],[-82.56,27.57],[-82.55,27.58],[-82.56,27.58],[-82.57,27.58],[-82.57,27.57]],[[-82.49,27.44],[-82.49,27.43],[-82.48,27.43],[-82.48,27.44],[-82.49,27.44]],[[-82.45,27.41],[-82.44,27.41],[-82.44,27.42],[-82.45,27.42],[-82.45,27.41]]],[[[-82.73,27.52],[-82.72,27.53],[-82.71,27.53],[-82.71,27.52],[-82.72,27.51],[-82.73,27.52]]],[[[-82.73,27.52],[-82.74,27.52],[-82.74,27.53],[-82.75,27.54],[-82.74,27.54],[-82.73,27.53],[-82.73,27.52]]],[[[-82.72,27.51],[-82.71,27.51],[-82.71,27.5],[-82.72,27.51]]],[[[-82.71,27.5],[-82.7,27.49],[-82.7,27.48],[-82.71,27.48],[-82.71,27.49],[-82.71,27.5]]],[[[-82.7,27.46],[-82.69,27.46],[-82.69,27.45],[-82.69,27.44],[-82.7,27.46]]],[[[-82.69,27.44],[-82.68,27.44],[-82.68,27.43],[-82.69,27.43],[-82.69,27.44]]],[[[-82.68,27.43],[-82.67,27.43],[-82.67,27.42],[-82.68,27.42],[-82.68,27.43]]],[[[-82.67,27.42],[-82.66,27.42],[-82.65,27.42],[-82.65,27.41],[-82.65,27.4],[-82.66,27.41],[-82.67,27.41],[-82.67,27.42]]],[[[-82.65,27.4],[-82.64,27.4],[-82.64,27.39],[-82.65,27.4]]],[[[-82.66,27.43],[-82.67,27.43],[-82.67,27.44],[-82.66,27.43]]],[[[-82.57,27.63],[-82.58,27.63],[-82.58,27.64],[-82.57,27.64],[-82.57,27.63]]],[[[-82.57,27.61],[-82.57,27.6],[-82.58,27.6],[-82.58,27.61],[-82.57,27.61]]],[[[-82.6,27.53],[-82.61,27.52],[-82.62,27.52],[-82.62,27.53],[-82.63,27.53],[-82.64,27.53],[-82.64,27.54],[-82.63,27.54],[-82.62,27.54],[-82.61,27.53],[-82.6,27.53]]],[[[-82.52,27.5],[-82.52,27.51],[-82.51,27.5],[-82.52,27.5]]],[[[-82.61,27.56],[-82.61,27.55],[-82.62,27.55],[-82.63,27.55],[-82.63,27.56],[-82.62,27.56],[-82.62,27.57],[-82.61,27.57],[-82.61,27.56]]],[[[-82.61,27.58],[-82.62,27.58],[-82.62,27.59],[-82.61,27.58]]]]}},
{"type":"Feature","properties":{"ugc":"FLC083","name":"Marion","state":"FL","wfo":"JAX"},"geometry":{"type":"MultiPolygon","coordinates":[[[[-82.53,29.04],[-82.54,29.05],[-82.53,29.05],[-82.54,29.09],[-82.54,29.11],[-82.54,29.14],[-82.54,29.16],[-82.54,29.19],[-82.54,29.21],[-82.53,29.21],[-82.51,29.21],[-82.48,29.21],[-82.44,29.22],[-82.41,29.22],[-82.4,29.22],[-82.4,29.23],[-82.4,29.27],[-82.4,29.3],[-82.4,29.31],[-82.41,29.31],[-82.41,29.36],[-82.41,29.39],[-82.41,29.43],[-82.41,29.48],[-82.39,29.49],[-82.29,29.48],[-82.22,29.48],[-82.21,29.48],[-82.21,29.47],[-82.2,29.47],[-82.2,29.46],[-82.21,29.46],[-82.22,29.46],[-82.21,29.45],[-82.21,29.44],[-82.21,29.43],[-82.2,29.43],[-82.2,29.42],[-82.19,29.42],[-82.18,29.42],[-82.17,29.42],[-82.17,29.43],[-82.16,29.43],[-82.15,29.42],[-82.14,29.42],[-82.14,29.43],[-82.13,29.43],[-82.12,29.43],[-82.11,29.43],[-82.11,29.44],[-82.1,29.44],[-82.1,29.43],[-82.09,29.43],[-82.09,29.44],[-82.08,29.44],[-82.07,29.44],[-82.06,29.44],[-82.06,29.45],[-82.06,29.46],[-82.06,29.47],[-82.05,29.47],[-82.05,29.48],[-82.04,29.48],[-82.04,29.49],[-82.03,29.49],[-82.03,29.5],[-82.02,29.5],[-82.01,29.5],[-82.0,29.5],[-81.99,29.5],[-81.98,29.5],[-81.97,29.5],[-81.96,29.5],[-81.96,29.51],[-81.95,29.51],[-81.94,29.51],[-81.93,29.51],[-81.92,29.51],[-81.91,29.51],[-81.9,29.52],[-81.89,29.51],[-81.88,29.51],[-81.87,29.52],[-81.86,29.52],[-81.85,29.52],[-81.84,29.52],[-81.84,29.51],[-81.84,29.5],[-81.84,29.49],[-81.83,29.49],[-81.81,29.49],[-81.79,29.49],[-81.78,29.49],[-81.77,29.43],[-81.76,29.43],[-81.74,29.43],[-81.74,29.42],[-81.74,29.38],[-81.74,29.37],[-81.72,29.37],[-81.71,29.37],[-81.7,29.37],[-81.69,29.37],[-81.67,29.37],[-81.66,29.36],[-81.66,29.35],[-81.66,29.34],[-81.67,29.34],[-81.68,29.34],[-81.68,29.33],[-81.68,29.32],[-81.68,29.31],[-81.67,29.31],[-81.67,29.3],[-81.66,29.3],[-81.65,29.3],[-81.65,29.29],[-81.65,29.28],[-81.64,29.28],[-81.64,29.27],[-81.64,29.19],[-81.64,29.13],[-81.64,29.06],[-81.64,29.05],[-81.65,29.05],[-81.66,29.05],[-81.66,29.04],[-81.66,29.0],[-81.66,28.96],[-81.67,28.96],[-81.68,28.96],[-81.7,28.96],[-81.72,28.96],[-81.76,28.96],[-81.8,28.96],[-81.82,28.96],[-81.83,28.96],[-81.84,28.96],[-81.85,28.96],[-81.87,28.96],[-81.88,28.96],[-81.89,28.96],[-81.9,28.96],[-81.94,28.96],[-81.95,28.96],[-81.97,28.96],[-82.0,28.96],[-82.03,28.96],[-82.12,28.96],[-82.16,28.96],[-82.22,28.96],[-82.23,28.96],[-82.25,28.96],[-82.31,28.96],[-82.31,28.97],[-82.32,28.97],[-82.32,28.98],[-82.33,28.98],[-82.34,28.98],[-82.34,28.99],[-82.35,28.99],[-82.36,28.99],[-82.36,29.0],[-82.37,29.0],[-82.38,29.0],[-82.38,29.01],[-82.39,29.01],[-82.4,29.01],[-82.4,29.02],[-82.41,29.02],[-82.41,29.01],[-82.42,29.01],[-82.42,29.02],[-82.43,29.02],[-82.43,29.03],[-82.44,29.03],[-82.44,29.04],[-82.45,29.04],[-82.46,29.05],[-82.47,29.05],[-82.48,29.05],[-82.49,29.05],[-82.5,29.04],[-82.51,29.04],[-82.52,29.04],[-82.53,29.04]]],[[[-82.2,29.46],[-82.19,29.46],[-82.19,29.45],[-82.2,29.46]]]]}},
{"type":"Feature","properties":{"ugc":"FLC085","name":"Martin","state":"FL","wfo":"MLB"},"geometry":{"type":"MultiPolygon","coordinates":[[[[-80.62,27.0],[-80.63,27.02],[-80.63,27.03],[-80.64,27.05],[-80.65,27.05],[-80.65,27.07],[-80.66,27.08],[-80.66,27.09],[-80.66,27.1],[-80.66,27.11],[-80.67,27.11],[-80.67,27.12],[-80.68,27.12],[-80.68,27.13],[-80.68,27.14],[-80.68,27.16],[-80.68,27.21],[-80.64,27.21],[-80.57,27.21],[-80.55,27.21],[-80.54,27.21],[-80.51,27.21],[-80.48,27.21],[-80.4,27.21],[-80.38,27.21],[-80.37,27.21],[-80.34,27.21],[-80.29,27.21],[-80.28,27.21],[-80.27,27.2],[-80.27,27.19],[-80.27,27.18],[-80.26,27.17],[-80.26,27.18],[-80.26,27.19],[-80.26,27.2],[-80.25,27.2],[-80.24,27.2],[-80.23,27.2],[-80.22,27.21],[-80.22,27.2],[-80.21,27.2],[-80.21,27.19],[-80.21,27.18],[-80.2,27.18],[-80.2,27.17],[-80.19,27.16],[-80.18,27.16],[-80.17,27.16],[-80.16,27.16],[-80.16,27.15],[-80.15,27.14],[-80.15,27.13],[-80.14,27.13],[-80.14,27.12],[-80.15,27.12],[-80.15,27.11],[-80.14,27.11],[-80.13,27.1],[-80.13,27.09],[-80.12,27.09],[-80.12,27.08],[-80.13,27.08],[-80.13,27.07],[-80.12,27.07],[-80.11,27.07],[-80.11,27.06],[-80.11,27.05],[-80.1,27.04],[-80.1,27.03],[-80.09,27.02],[-80.09,27.01],[-80.1,27.01],[-80.1,27.0],[-80.09,27.0],[-80.09,26.99],[-80.08,26.98],[-80.09,26.98],[-80.09,26.97],[-80.11,26.97],[-80.12,26.97],[-80.13,26.97],[-80.14,26.97],[-80.14,26.96],[-80.18,26.96],[-80.2,26.96],[-80.23,26.96],[-80.24,26.96],[-80.26,26.96],[-80.29,26.96],[-80.36,26.96],[-80.38,26.96],[-80.42,26.96],[-80.48,26.96],[-80.5,26.96],[-80.61,26.96],[-80.61,26.97],[-80.62,26.99],[-80.62,27.0]],[[-80.26,27.17],[-80.26,27.16],[-80.25,27.16],[-80.26,27.17]],[[-80.16,27.15],[-80.17,27.15],[-80.17,27.14],[-80.16,27.14],[-80.16,27.15]],[[-80.11,27.05],[-80.12,27.05],[-80.12,27.04],[-80.11,27.04],[-80.11,27.05]],[[-80.1,27.03],[-80.11,27.03],[-80.11,27.02],[-80.1,27.02],[-80.1,27.03]]],[[[-80.2,27.18],[-80.2,27.19],[-80.2,27.2],[-80.19,27.21],[-80.19,27.2],[-80.19,27.19],[-80.19,27.18],[-80.2,27.18]]],[[[-80.21,27.2],[-80.21,27.21],[-80.2,27.21],[-80.2,27.2],[-80.21,27.2]]],[[[-80.28,27.21],[-80.28,27.22],[-80.28,27.23],[-80.29,27.23],[-80.28,27.26],[-80.23,27.26],[-80.23,27.25],[-80.22,27.25],[-80.22,27.24],[-80.22,27.23],[-80.21,27.23],[-80.21,27.22],[-80.22,27.22],[-80.23,27.22],[-80.24,27.22],[-80.24,27.21],[-80.25,27.22],[-80.26,27.22],[-80.26,27.21],[-80.27,27.21],[-80.28,27.21]]],[[[-80.18,27.21],[-80.18,27.22],[-80.17,27.22],[-80.17,27.21],[-80.17,27.2],[-80.18,27.21]]],[[[-80.18,27.23],[-80.19,27.23],[-80.19,27.24],[-80.18,27.23]]],[[[-80.2,27.25],[-80.21,27.25],[-80.21,27.26],[-80.2,27.26],[-80.2,27.25]]],[[[-80.16,27.19],[-80.16,27.18],[-80.17,27.18],[-80.16,27.19]]]]}},
{"type":"Feature","properties":{"ugc":"FLC086","name":"Miami-Dade","state":"FL","wfo":"MFL"},"geometry":{"type":"MultiPolygon","coordinates":[[[[-80.73,25.17],[-80.73,25.16],[-80.74,25.16],[-80.74,25.15],[-80.73,25.15],[-80.73,25.14],[-80.74,25.14],[-80.75,25.15],[-80.76,25.15],[-80.75,25.16],[-80.76,25.16],[-80.77,25.16],[-80.77,25.15],[-80.78,25.16],[-80.78,25.17],[-80.77,25.17],[-80.76,25.17],[-80.76,25.18],[-80.77,25.18],[-80.78,25.18],[-80.79,25.17],[-80.79,25.18],[-80.8,25.18],[-80.81,25.18],[-80.81,25.17],[-80.82,25.16],[-80.83,25.16],[-80.83,25.17],[-80.84,25.17],[-80.84,25.18],[-80.85,25.18],[-80.86,25.18],[-80.86,25.24],[-80.86,25.36],[-80.87,25.36],[-80.87,25.37],[-80.87,25.48],[-80.87,25.5],[-80.87,25.56],[-80.87,25.62],[-80.87,25.67],[-80.87,25.75],[-80.87,25.77],[-80.87,25.8],[-80.87,25.81],[-80.87,25.84],[-80.87,25.86],[-80.87,25.91],[-80.87,25.95],[-80.87,25.98],[-80.75,25.98],[-80.68,25.98],[-80.68,25.96],[-80.56,25.96],[-80.53,25.96],[-80.5,25.96],[-80.47,25.96],[-80.46,25.96],[-80.45,25.96],[-80.44,25.96],[-80.43,25.96],[-80.38,25.96],[-80.35,25.96],[-80.34,25.96],[-80.31,25.96],[-80.3,25.96],[-80.3,25.97],[-80.29,25.97],[-80.27,25.97],[-80.25,25.97],[-80.22,25.97],[-80.21,25.97],[-80.18,25.97],[-80.16,25.97],[-80.14,25.97],[-80.13,25.97],[-80.12,25.97],[-80.12,25.96],[-80.13,25.96],[-80.13,25.95],[-80.14,25.95],[-80.14,25.94],[-80.13,25.94],[-80.12,25.95],[-80.12,25.93],[-80.12,25.92],[-80.12,25.91],[-80.13,25.91],[-80.14,25.91],[-80.14,25.9],[-80.15,25.9],[-80.15,25.89],[-80.16,25.89],[-80.15,25.88],[-80.16,25.88],[-80.16,25.87],[-80.17,25.87],[-80.17,25.86],[-80.18,25.85],[-80.18,25.84],[-80.18,25.83],[-80.18,25.82],[-80.18,25.81],[-80.19,25.81],[-80.19,25.8],[-80.19,25.79],[-80.19,25.78],[-80.19,25.77],[-80.19,25.76],[-80.2,25.75],[-80.21,25.75],[-80.21,25.74],[-80.22,25.74],[-80.23,25.74],[-80.23,25.73],[-80.24,25.73],[-80.24,25.72],[-80.25,25.72],[-80.25,25.71],[-80.26,25.71],[-80.26,25.7],[-80.25,25.7],[-80.25,25.69],[-80.26,25.69],[-80.26,25.68],[-80.26,25.67],[-80.27,25.66],[-80.27,25.65],[-80.27,25.64],[-80.28,25.64],[-80.29,25.63],[-80.29,25.64],[-80.3,25.64],[-80.3,25.63],[-80.3,25.62],[-80.31,25.62],[-80.31,25.61],[-80.31,25.6],[-80.31,25.59],[-80.31,25.58],[-80.3,25.58],[-80.3,25.57],[-80.31,25.57],[-80.31,25.56],[-80.31,25.55],[-80.32,25.55],[-80.31,25.54],[-80.32,25.54],[-80.33,25.54],[-80.33,25.53],[-80.33,25.52],[-80.34,25.51],[-80.34,25.5],[-80.34,25.49],[-80.34,25.48],[-80.34,25.47],[-80.33,25.46],[-80.34,25.46],[-80.33,25.45],[-80.33,25.44],[-80.32,25.44],[-80.32,25.43],[-80.33,25.43],[-80.33,25.42],[-80.33,25.41],[-80.33,25.4],[-80.33,25.39],[-80.32,25.39],[-80.32,25.38],[-80.31,25.38],[-80.31,25.37],[-80.32,25.36],[-80.33,25.36],[-80.33,25.35],[-80.33,25.34],[-80.34,25.34],[-80.34,25.33],[-80.35,25.33],[-80.36,25.33],[-80.37,25.33],[-80.37,25.32],[-80.38,25.32],[-80.38,25.31],[-80.38,25.3],[-80.39,25.3],[-80.38,25.29],[-80.39,25.29],[-80.4,25.29],[-80.41,25.29],[-80.41,25.28],[-80.42,25.27],[-80.42,25.26],[-80.43,25.26],[-80.44,25.26],[-80.45,25.26],[-80.45,25.25],[-80.46,25.25],[-80.47,25.25],[-80.47,25.24],[-80.46,25.24],[-80.46,25.23],[-80.47,25.23],[-80.48,25.23],[-80.48,25.24],[-80.49,25.24],[-80.49,25.23],[-80.5,25.23],[-80.51,25.23],[-80.51,25.22],[-80.52,25.22],[-80.53,25.22],[-80.53,25.23],[-80.53,25.24],[-80.54,25.24],[-80.54,25.23],[-80.55,25.23],[-80.55,25.24],[-80.56,25.24],[-80.57,25.24],[-80.58,25.24],[-80.58,25.23],[-80.59,25.23],[-80.6,25.23],[-80.6,25.22],[-80.61,25.22],[-80.61,25.21],[-80.6,25.21],[-80.6,25.2],[-80.6,25.19],[-80.61,25.19],[-80.61,25.2],[-80.62,25.2],[-80.63,25.2],[-80.63,25.19],[-80.64,25.19],[-80.65,25.19],[-80.65,25.18],[-80.64,25.18],[-80.65,25.17],[-80.66,25.17],[-80.67,25.17],[-80.68,25.17],[-80.69,25.17],[-80.7,25.16],[-80.7,25.15],[-80.7,25.14],[-80.71,25.14],[-80.71,25.15],[-80.72,25.16],[-80.72,25.17],[-80.73,25.17]],[[-80.12,25.93],[-80.13,25.93],[-80.13,25.92],[-80.12,25.93]],[[-80.8,25.2],[-80.8,25.19],[-80.79,25.19],[-80.79,25.2],[-80.8,25.2]],[[-80.76,25.2],[-80.77,25.2],[-80.76,25.19],[-80.75,25.19],[-80.74,25.19],[-80.73,25.19],[-80.72,25.18],[-80.71,25.18],[-80.71,25.19],[-80.72,25.19],[-80.72,25.2],[-80.73,25.2],[-80.73,25.21],[-80.74,25.21],[-80.74,25.2],[-80.75,25.2],[-80.76,25.2]]],[[[-80.73,25.16],[-80.72,25.16],[-80.72,25.15],[-80.73,25.15],[-80.73,25.16]]],[[[-80.79,25.17],[-80.79,25.16],[-80.8,25.16],[-80.8,25.17],[-80.79,25.17]]],[[[-80.12,25.96],[-80.12,25.95],[-80.13,25.95],[-80.12,25.96]]],[[[-80.12,25.91],[-80.11,25.91],[-80.11,25.9],[-80.12,25.9],[-80.12,25.89],[-80.12,25.88],[-80.12,25.87],[-80.12,25.86],[-80.12,25.85],[-80.12,25.84],[-80.12,25.83],[-80.12,25.82],[-80.13,25.81],[-80.12,25.81],[-80.13,25.79],[-80.13,25.78],[-80.13,25.77],[-80.13,25.76],[-80.14,25.77],[-80.14,25.78],[-80.15,25.79],[-80.14,25.79],[-80.14,25.8],[-80.14,25.81],[-80.14,25.82],[-80.13,25.83],[-80.13,25.84],[-80.13,25.85],[-80.14,25.85],[-80.15,25.85],[-80.15,25.86],[-80.14,25.86],[-80.13,25.86],[-80.13,25.87],[-80.14,25.87],[-80.14,25.88],[-80.14,25.89],[-80.13,25.89],[-80.13,25.9],[-80.12,25.91]]],[[[-80.15,25.75],[-80.14,25.75],[-80.15,25.74],[-80.16,25.74],[-80.15,25.75]]],[[[-80.16,25.74],[-80.16,25.73],[-80.17,25.73],[-80.17,25.74],[-80.16,25.74]]],[[[-80.17,25.74],[-80.18,25.74],[-80.18,25.75],[-80.17,25.74]]],[[[-80.15,25.73],[-80.15,25.72],[-80.16,25.7],[-80.16,25.69],[-80.17,25.69],[-80.17,25.7],[-80.17,25.71],[-80.16,25.71],[-80.16,25.72],[-80.15,25.73]]],[[[-80.16,25.68],[-80.15,25.67],[-80.16,25.67],[-80.16,25.68]]],[[[-80.15,25.85],[-80.15,25.84],[-80.16,25.84],[-80.16,25.85],[-80.15,25.85]]],[[[-80.18,25.85],[-80.17,25.85],[-80.17,25.84],[-80.18,25.85]]],[[[-80.34,25.51],[-80.33,25.51],[-80.33,25.5],[-80.34,25.51]]],[[[-80.4,25.28],[-80.4,25.27],[-80.41,25.27],[-80.41,25.28],[-80.4,25.28]]],[[[-80.41,25.27],[-80.41,25.26],[-80.42,25.26],[-80.41,25.27]]],[[[-80.43,25.25],[-80.43,25.24],[-80.44,25.24],[-80.45,25.24],[-80.45,25.25],[-80.44,25.25],[-80.43,25.25]]],[[[-80.5,25.22],[-80.49,25.22],[-80.49,25.21],[-80.5,25.21],[-80.5,25.22]]],[[[-80.53,25.22],[-80.53,25.21],[-80.54,25.21],[-80.54,25.22],[-80.53,25.22]]],[[[-80.54,25.21],[-80.55,25.21],[-80.56,25.21],[-80.57,25.21],[-80.57,25.22],[-80.56,25.22],[-80.55,25.22],[-80.54,25.21]]],[[[-80.59,25.22],[-80.59,25.21],[-80.6,25.21],[-80.6,25.22],[-80.59,25.22]]],[[[-80.59,25.21],[-80.58,25.2],[-80.59,25.2],[-80.59,25.21]]],[[[-80.66,25.15],[-80.65,25.15],[-80.66,25.14],[-80.67,25.14],[-80.67,25.15],[-80.66,25.15]]],[[[-80.25,25.35],[-80.25,25.36],[-80.24,25.36],[-80.24,25.35],[-80.25,25.35]]],[[[-80.25,25.36],[-80.26,25.36],[-80.25,25.37],[-80.25,25.36]]],[[[-80.25,25.37],[-80.26,25.37],[-80.26,25.38],[-80.25,25.38],[-80.25,25.37]]],[[[-80.25,25.38],[-80.25,25.39],[-80.25,25.4],[-80.24,25.4],[-80.24,25.39],[-80.23,25.39],[-80.23,25.38],[-80.23,25.37],[-80.24,25.37],[-80.24,25.38],[-80.25,25.38]]],[[[-80.23,25.39],[-80.23,25.4],[-80.22,25.4],[-80.23,25.39]]],[[[-80.22,25.4],[-80.22,25.41],[-80.21,25.41],[-80.21,25.4],[-80.22,25.4]]],[[[-80.21,25.41],[-80.21,25.42],[-80.21,25.43],[-80.2,25.43],[-80.2,25.42],[-80.2,25.41],[-80.21,25.41]]],[[[-80.2,25.44],[-80.2,25.45],[-80.2,25.46],[-80.19,25.46],[-80.19,25.45],[-80.19,25.44],[-80.2,25.44]]],[[[-80.19,25.47],[-80.19,25.48],[-80.19,25.5],[-80.19,25.51],[-80.18,25.5],[-80.18,25.49],[-80.18,25.48],[-80.19,25.47]]],[[[-80.18,25.52],[-80.18,25.53],[-80.17,25.53],[-80.17,25.52],[-80.18,25.52]]]]}},
{"type":"Feature","properties":{"ugc":"FLC087","name":"Mainland Monroe","state":"FL","wfo":"MFL"},"geometry":{"type":"MultiPolygon","coordinates":[[[[-81.28,25.68],[-81.28,25.69],[-81.27,25.69],[-81.27,25.7],[-81.26,25.7],[-81.25,25.7],[-81.25,25.71],[-81.24,25.71],[-81.23,25.71],[-81.23,25.72],[-81.22,25.72],[-81.21,25.72],[-81.21,25.73],[-81.21,25.74],[-81.22,25.74],[-81.22,25.75],[-81.23,25.75],[-81.23,25.76],[-81.24,25.76],[-81.25,25.76],[-81.26,25.76],[-81.26,25.77],[-81.26,25.78],[-81.26,25.79],[-81.26,25.8],[-81.12,25.8],[-81.1,25.8],[-81.0,25.8],[-80.98,25.8],[-80.96,25.8],[-80.93,25.8],[-80.87,25.81],[-80.87,25.8],[-80.87,25.77],[-80.87,25.75],[-80.87,25.67],[-80.87,25.62],[-80.87,25.56],[-80.87,25.5],[-80.87,25.48],[-80.87,25.37],[-80.87,25.36],[-80.86,25.36],[-80.86,25.24],[-80.86,25.18],[-80.87,25.18],[-80.87,25.17],[-80.88,25.17],[-80.89,25.17],[-80.9,25.16],[-80.9,25.15],[-80.9,25.14],[-80.91,25.14],[-80.92,25.14],[-80.93,25.14],[-80.94,25.14],[-80.94,25.13],[-80.95,25.13],[-80.96,25.14],[-80.96,25.13],[-80.97,25.13],[-80.98,25.13],[-80.99,25.13],[-81.0,25.13],[-81.0,25.12],[-81.01,25.12],[-81.01,25.13],[-81.02,25.13],[-81.03,25.13],[-81.04,25.13],[-81.05,25.13],[-81.06,25.13],[-81.06,25.14],[-81.07,25.14],[-81.08,25.14],[-81.08,25.15],[-81.09,25.15],[-81.1,25.15],[-81.1,25.16],[-81.11,25.16],[-81.12,25.17],[-81.13,25.18],[-81.14,25.18],[-81.14,25.19],[-81.15,25.19],[-81.15,25.2],[-81.16,25.21],[-81.16,25.22],[-81.17,25.22],[-81.17,25.23],[-81.17,25.24],[-81.17,25.25],[-81.17,25.26],[-81.17,25.27],[-81.16,25.27],[-81.16,25.28],[-81.16,25.29],[-81.16,25.3],[-81.15,25.3],[-81.15,25.31],[-81.15,25.32],[-81.15,25.33],[-81.14,25.33],[-81.13,25.33],[-81.12,25.33],[-81.12,25.32],[-81.11,25.32],[-81.11,25.31],[-81.1,25.31],[-81.09,25.31],[-81.09,25.3],[-81.09,25.29],[-81.08,25.29],[-81.08,25.28],[-81.07,25.28],[-81.07,25.27],[-81.07,25.26],[-81.07,25.25],[-81.06,25.25],[-81.06,25.24],[-81.05,25.24],[-81.04,25.24],[-81.04,25.23],[-81.03,25.23],[-81.02,25.23],[-81.02,25.22],[-81.01,25.22],[-81.0,25.22],[-81.0,25.21],[-80.99,25.21],[-80.98,25.21],[-80.97,25.21],[-80.96,25.21],[-80.95,25.21],[-80.94,25.21],[-80.93,25.21],[-80.92,25.21],[-80.92,25.22],[-80.92,25.23],[-80.91,25.23],[-80.91,25.24],[-80.91,25.25],[-80.91,25.26],[-80.91,25.27],[-80.92,25.27],[-80.93,25.27],[-80.94,25.27],[-80.94,25.28],[-80.94,25.29],[-80.94,25.3],[-80.94,25.31],[-80.95,25.31],[-80.96,25.31],[-80.96,25.32],[-80.95,25.33],[-80.96,25.33],[-80.97,25.33],[-80.97,25.34],[-80.98,25.34],[-80.99,25.34],[-81.0,25.34],[-81.01,25.34],[-81.01,25.33],[-81.02,25.33],[-81.03,25.33],[-81.03,25.34],[-81.04,25.34],[-81.05,25.34],[-81.05,25.35],[-81.06,25.35],[-81.07,25.35],[-81.07,25.36],[-81.06,25.36],[-81.05,25.37],[-81.04,25.37],[-81.04,25.38],[-81.03,25.38],[-81.02,25.38],[-81.02,25.39],[-81.01,25.39],[-81.01,25.4],[-81.01,25.41],[-81.0,25.41],[-80.99,25.41],[-80.98,25.41],[-80.97,25.41],[-80.97,25.42],[-80.98,25.42],[-80.99,25.42],[-81.0,25.42],[-81.01,25.42],[-81.02,25.42],[-81.03,25.42],[-81.03,25.43],[-81.04,25.43],[-81.05,25.43],[-81.06,25.42],[-81.06,25.43],[-81.07,25.43],[-81.07,25.44],[-81.08,25.43],[-81.09,25.43],[-81.1,25.43],[-81.11,25.43],[-81.12,25.43],[-81.13,25.43],[-81.14,25.43],[-81.15,25.43],[-81.16,25.43],[-81.16,25.44],[-81.16,25.45],[-81.17,25.45],[-81.17,25.46],[-81.17,25.47],[-81.16,25.47],[-81.16,25.48],[-81.16,25.49],[-81.17,25.49],[-81.17,25.48],[-81.18,25.48],[-81.19,25.48],[-81.19,25.49],[-81.2,25.49],[-81.2,25.5],[-81.21,25.5],[-81.21,25.51],[-81.21,25.52],[-81.2,25.52],[-81.2,25.53],[-81.2,25.54],[-81.19,25.54],[-81.19,25.55],[-81.19,25.56],[-81.2,25.56],[-81.21,25.55],[-81.22,25.55],[-81.22,25.56],[-81.23,25.56],[-81.23,25.57],[-81.22,25.57],[-81.22,25.58],[-81.23,25.58],[-81.23,25.59],[-81.23,25.6],[-81.23,25.61],[-81.24,25.61],[-81.24,25.62],[-81.25,25.62],[-81.25,25.63],[-81.25,25.64],[-81.26,25.64],[-81.26,25.65],[-81.27,25.65],[-81.27,25.66],[-81.27,25.67],[-81.28,25.67],[-81.28,25.68]],[[-81.21,25.72],[-81.21,25.71],[-81.21,25.7],[-81.2,25.7],[-81.2,25.69],[-81.19,25.69],[-81.18,25.69],[-81.18,25.7],[-81.19,25.7],[-81.19,25.71],[-81.2,25.71],[-81.2,25.72],[-81.21,25.72]],[[-81.08,25.28],[-81.09,25.28],[-81.09,25.27],[-81.08,25.27],[-81.08,25.28]],[[-80.97,25.42],[-80.96,25.42],[-80.96,25.43],[-80.97,25.43],[-80.97,25.42]],[[-81.16,25.47],[-81.15,25.47],[-81.15,25.48],[-81.16,25.47]],[[-81.19,25.55],[-81.18,25.55],[-81.18,25.56],[-81.19,25.55]],[[-81.15,25.44],[-81.14,25.45],[-81.15,25.45],[-81.15,25.44]],[[-81.12,25.48],[-81.11,25.49],[-81.12,25.49],[-81.12,25.48]],[[-81.14,25.49],[-81.13,25.49],[-81.13,25.5],[-81.14,25.5],[-81.14,25.49]],[[-81.16,25.56],[-81.15,25.56],[-81.15,25.57],[-81.14,25.57],[-81.14,25.58],[-81.13,25.58],[-81.12,25.58],[-81.12,25.57],[-81.12,25.56],[-81.11,25.55],[-81.11,25.56],[-81.1,25.56],[-81.1,25.55],[-81.09,25.55],[-81.09,25.54],[-81.08,25.54],[-81.07,25.54],[-81.07,25.53],[-81.06,25.53],[-81.05,25.53],[-81.05,25.54],[-81.05,25.55],[-81.05,25.56],[-81.04,25.56],[-81.04,25.57],[-81.05,25.57],[-81.06,25.57],[-81.07,25.57],[-81.08,25.57],[-81.08,25.58],[-81.09,25.58],[-81.09,25.57],[-81.1,25.58],[-81.11,25.58],[-81.11,25.59],[-81.12,25.59],[-81.12,25.6],[-81.13,25.6],[-81.13,25.61],[-81.14,25.61],[-81.14,25.6],[-81.14,25.59],[-81.15,25.59],[-81.15,25.58],[-81.16,25.58],[-81.16,25.57],[-81.16,25.56]],[[-81.04,25.53],[-81.04,25.52],[-81.03,25.52],[-81.03,25.53],[-81.04,25.53]]],[[[-80.96,25.31],[-80.96,25.3],[-80.97,25.3],[-80.97,25.31],[-80.97,25.32],[-80.96,25.31]]],[[[-80.96,25.3],[-80.95,25.3],[-80.95,25.29],[-80.96,25.3]]],[[[-81.06,25.13],[-81.06,25.12],[-81.07,25.12],[-81.07,25.13],[-81.06,25.13]]]]}},
{"type":"Feature","properties":{"ugc":"FLC089","name":"Nassau","state":"FL","wfo":"JAX"},"geometry":{"type":"MultiPolygon","coordinates":[[[[-82.04,30.73],[-82.04,30.74],[-82.04,30.75],[-82.03,30.75],[-82.02,30.75],[-82.02,30.76],[-82.01,30.76],[-82.01,30.77],[-82.02,30.77],[-82.02,30.78],[-82.02,30.79],[-82.01,30.79],[-82.0,30.79],[-81.99,30.78],[-81.98,30.78],[-81.97,30.78],[-81.97,30.79],[-81.96,30.8],[-81.96,30.81],[-81.96,30.82],[-81.95,30.82],[-81.95,30.83],[-81.94,30.82],[-81.93,30.82],[-81.92,30.82],[-81.91,30.82],[-81.91,30.83],[-81.9,30.83],[-81.9,30.82],[-81.89,30.82],[-81.89,30.81],[-81.88,30.81],[-81.88,30.8],[-81.87,30.8],[-81.87,30.79],[-81.86,30.79],[-81.85,30.79],[-81.84,30.79],[-81.83,30.79],[-81.82,30.79],[-81.81,30.79],[-81.8,30.79],[-81.79,30.79],[-81.79,30.78],[-81.78,30.77],[-81.78,30.76],[-81.77,30.76],[-81.77,30.77],[-81.77,30.78],[-81.76,30.78],[-81.76,30.77],[-81.75,30.77],[-81.74,30.77],[-81.74,30.76],[-81.73,30.75],[-81.72,30.75],[-81.71,30.75],[-81.7,30.74],[-81.7,30.75],[-81.69,30.75],[-81.69,30.74],[-81.68,30.74],[-81.67,30.74],[-81.67,30.75],[-81.66,30.75],[-81.66,30.74],[-81.65,30.74],[-81.66,30.73],[-81.65,30.73],[-81.64,30.73],[-81.63,30.73],[-81.63,30.74],[-81.62,30.73],[-81.62,30.72],[-81.61,30.72],[-81.61,30.73],[-81.6,30.73],[-81.6,30.72],[-81.59,30.72],[-81.58,30.72],[-81.57,30.72],[-81.57,30.71],[-81.56,30.71],[-81.56,30.7],[-81.56,30.69],[-81.55,30.69],[-81.54,30.69],[-81.54,30.7],[-81.55,30.7],[-81.55,30.71],[-81.54,30.71],[-81.53,30.71],[-81.53,30.72],[-81.52,30.72],[-81.51,30.72],[-81.5,30.72],[-81.49,30.72],[-81.49,30.71],[-81.49,30.7],[-81.48,30.7],[-81.47,30.7],[-81.47,30.69],[-81.46,30.69],[-81.46,30.7],[-81.45,30.71],[-81.45,30.7],[-81.44,30.7],[-81.43,30.7],[-81.43,30.69],[-81.43,30.68],[-81.43,30.67],[-81.43,30.66],[-81.43,30.65],[-81.44,30.65],[-81.44,30.64],[-81.44,30.63],[-81.44,30.62],[-81.44,30.61],[-81.44,30.6],[-81.44,30.59],[-81.44,30.58],[-81.44,30.57],[-81.44,30.56],[-81.44,30.55],[-81.44,30.54],[-81.44,30.53],[-81.43,30.53],[-81.43,30.52],[-81.44,30.52],[-81.45,30.52],[-81.45,30.53],[-81.46,30.53],[-81.47,30.53],[-81.48,30.54],[-81.48,30.55],[-81.49,30.55],[-81.49,30.56],[-81.49,30.57],[-81.49,30.58],[-81.48,30.59],[-81.49,30.59],[-81.5,30.59],[-81.5,30.58],[-81.5,30.57],[-81.51,30.57],[-81.52,30.57],[-81.52,30.56],[-81.52,30.55],[-81.52,30.54],[-81.52,30.53],[-81.53,30.53],[-81.54,30.52],[-81.55,30.53],[-81.55,30.54],[-81.56,30.54],[-81.57,30.54],[-81.58,30.54],[-81.59,30.54],[-81.59,30.55],[-81.58,30.56],[-81.58,30.57],[-81.59,30.57],[-81.6,30.56],[-81.61,30.55],[-81.61,30.56],[-81.61,30.57],[-81.61,30.58],[-81.62,30.58],[-81.63,30.59],[-81.63,30.58],[-81.64,30.58],[-81.65,30.58],[-81.65,30.57],[-81.66,30.57],[-81.66,30.56],[-81.66,30.55],[-81.67,30.55],[-81.67,30.56],[-81.67,30.57],[-81.68,30.56],[-81.68,30.57],[-81.69,30.56],[-81.69,30.57],[-81.7,30.57],[-81.71,30.57],[-81.73,30.55],[-81.73,30.54],[-81.74,30.54],[-81.76,30.53],[-81.76,30.54],[-81.77,30.52],[-81.78,30.5],[-81.79,30.51],[-81.8,30.49],[-81.81,30.48],[-81.83,30.47],[-81.83,30.46],[-81.87,30.44],[-81.88,30.42],[-81.92,30.39],[-81.94,30.37],[-81.95,30.37],[-81.95,30.36],[-81.97,30.35],[-82.01,30.31],[-82.05,30.27],[-82.05,30.28],[-82.05,30.29],[-82.05,30.33],[-82.05,30.36],[-82.04,30.37],[-82.04,30.38],[-82.04,30.39],[-82.04,30.4],[-82.04,30.41],[-82.04,30.42],[-82.03,30.43],[-82.04,30.43],[-82.04,30.44],[-82.03,30.44],[-82.03,30.45],[-82.02,30.46],[-82.02,30.47],[-82.02,30.48],[-82.02,30.49],[-82.02,30.5],[-82.02,30.51],[-82.01,30.51],[-82.02,30.52],[-82.02,30.53],[-82.02,30.54],[-82.01,30.54],[-82.01,30.55],[-82.01,30.56],[-82.01,30.57],[-82.01,30.58],[-82.01,30.59],[-82.01,30.6],[-82.02,30.6],[-82.02,30.61],[-82.03,30.61],[-82.03,30.62],[-82.03,30.63],[-82.04,30.63],[-82.04,30.64],[-82.04,30.65],[-82.05,30.65],[-82.05,30.66],[-82.05,30.67],[-82.05,30.68],[-82.04,30.69],[-82.04,30.7],[-82.04,30.71],[-82.04,30.72],[-82.04,30.73]],[[-81.57,30.71],[-81.58,30.71],[-81.58,30.7],[-81.57,30.7],[-81.57,30.71]],[[-81.46,30.53],[-81.46,30.54],[-81.47,30.55],[-81.47,30.54],[-81.46,30.53]],[[-81.49,30.57],[-81.48,30.56],[-81.47,30.56],[-81.47,30.57],[-81.46,30.57],[-81.46,30.58],[-81.46,30.59],[-81.47,30.59],[-81.47,30.58],[-81.48,30.57],[-81.49,30.57]],[[-81.61,30.58],[-81.6,30.58],[-81.61,30.59],[-81.61,30.58]],[[-81.48,30.6],[-81.48,30.61],[-81.49,30.61],[-81.49,30.6],[-81.48,30.6]],[[-81.49,30.61],[-81.48,30.62],[-81.49,30.62],[-81.49,30.61]],[[-81.48,30.62],[-81.48,30.63],[-81.49,30.63],[-81.48,30.62]],[[-81.49,30.64],[-81.48,30.64],[-81.48,30.65],[-81.48,30.66],[-81.47,30.66],[-81.47,30.67],[-81.48,30.67],[-81.49,30.67],[-81.49,30.66],[-81.49,30.65],[-81.49,30.64]],[[-81.47,30.67],[-81.46,30.68],[-81.47,30.68],[-81.47,30.67]],[[-81.5,30.69],[-81.51,30.7],[-81.51,30.69],[-81.5,30.69]],[[-81.51,30.7],[-81.52,30.7],[-81.52,30.69],[-81.51,30.7]],[[-81.5,30.64],[-81.51,30.64],[-81.51,30.63],[-81.5,30.63],[-81.5,30.64]]],[[[-81.56,30.71],[-81.55,30.72],[-81.55,30.71],[-81.56,30.71]]],[[[-81.47,30.57],[-81.47,30.58],[-81.46,30.58],[-81.47,30.57]]]]}},
{"type":"Feature","properties":{"ugc":"FLC091","name":"Okaloosa","state":"FL","wfo":"MOB"},"geometry":{"type":"MultiPolygon","coordinates":[[[[-86.75,31.0],[-86.74,31.0],[-86.73,31.0],[-86.72,31.0],[-86.71,31.0],[-86.71,30.99],[-86.7,30.99],[-86.69,31.0],[-86.68,30.99],[-86.65,30.99],[-86.64,30.99],[-86.63,30.99],[-86.59,30.99],[-86.56,31.0],[-86.55,30.99],[-86.52,30.99],[-86.51,30.99],[-86.5,30.99],[-86.48,30.99],[-86.47,30.99],[-86.46,30.99],[-86.44,30.99],[-86.42,30.99],[-86.41,30.99],[-86.39,30.99],[-86.39,30.97],[-86.39,30.91],[-86.39,30.88],[-86.39,30.87],[-86.39,30.81],[-86.39,30.77],[-86.39,30.75],[-86.39,30.72],[-86.39,30.7],[-86.39,30.69],[-86.39,30.68],[-86.39,30.65],[-86.39,30.64],[-86.39,30.63],[-86.39,30.62],[-86.39,30.57],[-86.39,30.55],[-86.39,30.53],[-86.39,30.45],[-86.4,30.45],[-86.4,30.46],[-86.41,30.46],[-86.42,30.45],[-86.43,30.46],[-86.43,30.47],[-86.44,30.47],[-86.44,30.48],[-86.44,30.49],[-86.44,30.5],[-86.43,30.5],[-86.42,30.5],[-86.42,30.51],[-86.43,30.51],[-86.44,30.51],[-86.45,30.51],[-86.45,30.5],[-86.45,30.49],[-86.46,30.49],[-86.47,30.49],[-86.48,30.49],[-86.48,30.48],[-86.49,30.48],[-86.49,30.47],[-86.49,30.46],[-86.5,30.46],[-86.51,30.46],[-86.52,30.46],[-86.53,30.46],[-86.54,30.46],[-86.54,30.45],[-86.55,30.44],[-86.56,30.43],[-86.57,30.43],[-86.58,30.43],[-86.59,30.43],[-86.59,30.44],[-86.59,30.45],[-86.6,30.45],[-86.6,30.44],[-86.6,30.43],[-86.61,30.43],[-86.61,30.42],[-86.6,30.42],[-86.59,30.42],[-86.59,30.41],[-86.59,30.4],[-86.58,30.4],[-86.57,30.4],[-86.56,30.4],[-86.55,30.4],[-86.55,30.39],[-86.56,30.39],[-86.58,30.39],[-86.61,30.4],[-86.62,30.4],[-86.63,30.4],[-86.64,30.41],[-86.65,30.41],[-86.66,30.41],[-86.66,30.4],[-86.67,30.4],[-86.68,30.4],[-86.68,30.41],[-86.69,30.41],[-86.7,30.41],[-86.71,30.41],[-86.72,30.41],[-86.73,30.41],[-86.74,30.41],[-86.75,30.41],[-86.75,30.4],[-86.74,30.4],[-86.73,30.4],[-86.72,30.4],[-86.71,30.4],[-86.7,30.4],[-86.69,30.4],[-86.69,30.39],[-86.71,30.39],[-86.72,30.39],[-86.73,30.39],[-86.74,30.39],[-86.75,30.39],[-86.76,30.39],[-86.76,30.4],[-86.77,30.41],[-86.78,30.41],[-86.79,30.41],[-86.8,30.41],[-86.8,30.42],[-86.8,30.44],[-86.8,30.45],[-86.8,30.47],[-86.8,30.48],[-86.8,30.51],[-86.8,30.53],[-86.8,30.54],[-86.8,30.57],[-86.8,30.58],[-86.8,30.59],[-86.8,30.61],[-86.8,30.62],[-86.79,30.63],[-86.79,30.64],[-86.79,30.66],[-86.79,30.71],[-86.79,30.75],[-86.79,30.77],[-86.79,30.78],[-86.79,30.81],[-86.79,30.82],[-86.79,30.87],[-86.79,30.88],[-86.79,30.9],[-86.79,30.91],[-86.79,30.93],[-86.79,30.94],[-86.79,31.0],[-86.76,31.0],[-86.75,31.0]],[[-86.48,30.5],[-86.49,30.5],[-86.49,30.49],[-86.48,30.49],[-86.48,30.5]],[[-86.59,30.46],[-86.59,30.47],[-86.59,30.48],[-86.6,30.48],[-86.6,30.47],[-86.6,30.46],[-86.59,30.46]]],[[[-86.45,30.41],[-86.44,30.41],[-86.43,30.41],[-86.43,30.4],[-86.42,30.4],[-86.41,30.4],[-86.4,30.4],[-86.39,30.4],[-86.39,30.38],[-86.4,30.38],[-86.41,30.38],[-86.42,30.38],[-86.43,30.38],[-86.44,30.38],[-86.47,30.38],[-86.51,30.38],[-86.51,30.39],[-86.51,30.4],[-86.5,30.41],[-86.49,30.41],[-86.49,30.42],[-86.48,30.41],[-86.47,30.41],[-86.46,30.41],[-86.45,30.41]]]]}},
{"type":"Feature","properties":{"ugc":"FLC093","name":"Okeechobee","state":"FL","wfo":"MLB"},"geometry":{"type":"MultiPolygon","coordinates":[[[[-81.13,27.4],[-81.13,27.41],[-81.14,27.41],[-81.14,27.42],[-81.14,27.43],[-81.14,27.44],[-81.15,27.45],[-81.16,27.45],[-81.16,27.46],[-81.17,27.46],[-81.17,27.47],[-81.18,27.47],[-81.18,27.48],[-81.19,27.48],[-81.19,27.49],[-81.2,27.49],[-81.2,27.5],[-81.2,27.51],[-81.2,27.52],[-81.21,27.52],[-81.21,27.53],[-81.21,27.54],[-81.2,27.54],[-81.21,27.55],[-81.2,27.55],[-81.19,27.55],[-81.19,27.56],[-81.18,27.56],[-81.17,27.56],[-81.17,27.57],[-81.16,27.57],[-81.16,27.58],[-81.16,27.59],[-81.15,27.59],[-81.15,27.6],[-81.14,27.6],[-81.14,27.61],[-81.14,27.62],[-81.14,27.63],[-81.14,27.64],[-81.09,27.64],[-81.03,27.64],[-81.0,27.64],[-80.99,27.64],[-80.88,27.64],[-80.87,27.64],[-80.86,27.64],[-80.84,27.64],[-80.83,27.64],[-80.81,27.64],[-80.78,27.64],[-80.78,27.63],[-80.78,27.62],[-80.78,27.56],[-80.77,27.56],[-80.75,27.56],[-80.74,27.56],[-80.73,27.56],[-80.71,27.56],[-80.7,27.56],[-80.68,27.56],[-80.68,27.53],[-80.68,27.5],[-80.68,27.47],[-80.68,27.46],[-80.68,27.45],[-80.68,27.43],[-80.68,27.41],[-80.68,27.39],[-80.68,27.38],[-80.68,27.37],[-80.68,27.3],[-80.68,27.29],[-80.68,27.25],[-80.68,27.24],[-80.68,27.21],[-80.68,27.16],[-80.68,27.14],[-80.68,27.13],[-80.69,27.14],[-80.7,27.15],[-80.71,27.16],[-80.73,27.17],[-80.74,27.18],[-80.76,27.19],[-80.77,27.19],[-80.78,27.2],[-80.79,27.21],[-80.8,27.21],[-80.81,27.2],[-80.82,27.2],[-80.83,27.2],[-80.83,27.19],[-80.84,27.19],[-80.85,27.18],[-80.85,27.17],[-80.87,27.15],[-80.87,27.16],[-80.88,27.16],[-80.88,27.17],[-80.89,27.16],[-80.89,27.17],[-80.9,27.17],[-80.91,27.17],[-80.91,27.18],[-80.91,27.19],[-80.92,27.19],[-80.93,27.2],[-80.94,27.2],[-80.94,27.21],[-80.95,27.22],[-80.96,27.22],[-80.97,27.22],[-80.98,27.22],[-80.98,27.23],[-80.98,27.24],[-80.98,27.25],[-80.99,27.25],[-80.99,27.26],[-81.0,27.26],[-81.0,27.27],[-81.0,27.28],[-81.0,27.29],[-81.0,27.3],[-81.01,27.3],[-81.02,27.3],[-81.03,27.3],[-81.03,27.31],[-81.03,27.32],[-81.03,27.33],[-81.04,27.33],[-81.05,27.34],[-81.04,27.34],[-81.04,27.35],[-81.03,27.35],[-81.03,27.36],[-81.04,27.36],[-81.05,27.36],[-81.05,27.37],[-81.06,27.37],[-81.06,27.38],[-81.07,27.38],[-81.08,27.38],[-81.09,27.38],[-81.1,27.38],[-81.11,27.38],[-81.12,27.39],[-81.13,27.39],[-81.12,27.4],[-81.13,27.4]]]]}},
{"type":"Feature","properties":{"ugc":"FLC095","name":"Orange","state":"FL","wfo":"MLB"},"geometry":{"type":"MultiPolygon","coordinates":[[[[-81.5,28.79],[-81.47,28.79],[-81.44,28.79],[-81.41,28.79],[-81.41,28.78],[-81.42,28.77],[-81.42,28.76],[-81.42,28.75],[-81.42,28.74],[-81.43,28.73],[-81.44,28.72],[-81.44,28.71],[-81.45,28.71],[-81.45,28.72],[-81.46,28.71],[-81.46,28.7],[-81.46,28.69],[-81.46,28.66],[-81.46,28.65],[-81.46,28.64],[-81.43,28.64],[-81.42,28.64],[-81.4,28.64],[-81.38,28.64],[-81.37,28.64],[-81.36,28.64],[-81.33,28.64],[-81.33,28.62],[-81.33,28.61],[-81.32,28.61],[-81.29,28.61],[-81.28,28.61],[-81.27,28.61],[-81.25,28.61],[-81.23,28.61],[-81.21,28.61],[-81.19,28.61],[-81.18,28.61],[-81.16,28.61],[-81.12,28.61],[-81.07,28.61],[-81.04,28.61],[-81.03,28.61],[-81.01,28.61],[-81.0,28.61],[-80.99,28.61],[-80.98,28.61],[-80.97,28.61],[-80.96,28.6],[-80.95,28.6],[-80.95,28.59],[-80.95,28.58],[-80.94,28.58],[-80.94,28.57],[-80.93,28.57],[-80.93,28.56],[-80.93,28.55],[-80.93,28.54],[-80.94,28.54],[-80.94,28.53],[-80.93,28.53],[-80.92,28.53],[-80.92,28.52],[-80.91,28.52],[-80.91,28.51],[-80.9,28.51],[-80.89,28.51],[-80.88,28.51],[-80.88,28.5],[-80.88,28.49],[-80.88,28.48],[-80.87,28.48],[-80.87,28.47],[-80.88,28.47],[-80.89,28.47],[-80.89,28.46],[-80.9,28.46],[-80.9,28.45],[-80.89,28.45],[-80.89,28.44],[-80.9,28.44],[-80.9,28.43],[-80.9,28.42],[-80.89,28.42],[-80.89,28.41],[-80.89,28.4],[-80.89,28.39],[-80.88,28.38],[-80.88,28.37],[-80.87,28.37],[-80.87,28.36],[-80.87,28.35],[-80.92,28.35],[-80.93,28.35],[-80.94,28.35],[-80.95,28.35],[-81.0,28.35],[-81.02,28.35],[-81.13,28.35],[-81.17,28.35],[-81.21,28.35],[-81.3,28.35],[-81.31,28.35],[-81.32,28.35],[-81.36,28.35],[-81.37,28.35],[-81.42,28.35],[-81.43,28.35],[-81.45,28.35],[-81.49,28.35],[-81.51,28.35],[-81.57,28.35],[-81.58,28.35],[-81.61,28.35],[-81.64,28.35],[-81.66,28.35],[-81.66,28.37],[-81.66,28.38],[-81.66,28.45],[-81.66,28.49],[-81.66,28.51],[-81.66,28.52],[-81.66,28.56],[-81.66,28.57],[-81.65,28.57],[-81.65,28.58],[-81.65,28.59],[-81.66,28.59],[-81.66,28.61],[-81.66,28.65],[-81.66,28.75],[-81.66,28.78],[-81.65,28.78],[-81.65,28.79],[-81.5,28.79]]]]}},
{"type":"Feature","properties":{"ugc":"FLC097","name":"Osceola","state":"FL","wfo":"MLB"},"geometry":{"type":"MultiPolygon","coordinates":[[[[-81.38,28.02],[-81.38,28.03],[-81.37,28.03],[-81.37,28.04],[-81.36,28.04],[-81.36,28.05],[-81.36,28.06],[-81.37,28.06],[-81.37,28.07],[-81.36,28.07],[-81.35,28.07],[-81.35,28.08],[-81.38,28.09],[-81.44,28.09],[-81.46,28.09],[-81.46,28.12],[-81.46,28.13],[-81.46,28.14],[-81.47,28.14],[-81.52,28.14],[-81.52,28.18],[-81.52,28.2],[-81.54,28.23],[-81.55,28.25],[-81.56,28.26],[-81.59,28.26],[-81.66,28.26],[-81.66,28.29],[-81.66,28.3],[-81.66,28.32],[-81.66,28.33],[-81.66,28.35],[-81.64,28.35],[-81.61,28.35],[-81.58,28.35],[-81.57,28.35],[-81.51,28.35],[-81.49,28.35],[-81.45,28.35],[-81.43,28.35],[-81.42,28.35],[-81.37,28.35],[-81.36,28.35],[-81.32,28.35],[-81.31,28.35],[-81.3,28.35],[-81.21,28.35],[-81.17,28.35],[-81.13,28.35],[-81.02,28.35],[-81.0,28.35],[-80.95,28.35],[-80.94,28.35],[-80.93,28.35],[-80.92,28.35],[-80.86,28.35],[-80.86,28.34],[-80.86,28.33],[-80.86,28.28],[-80.86,28.27],[-80.86,28.25],[-80.86,28.21],[-80.86,28.13],[-80.86,28.12],[-80.86,28.09],[-80.86,28.08],[-80.87,28.08],[-80.87,28.07],[-80.87,28.05],[-80.87,27.98],[-80.87,27.97],[-80.87,27.96],[-80.87,27.95],[-80.87,27.94],[-80.87,27.85],[-80.87,27.83],[-80.87,27.82],[-80.88,27.82],[-80.88,27.81],[-80.88,27.77],[-80.88,27.75],[-80.88,27.73],[-80.87,27.73],[-80.87,27.66],[-80.87,27.65],[-80.87,27.64],[-80.88,27.64],[-80.99,27.64],[-81.0,27.64],[-81.03,27.64],[-81.09,27.64],[-81.14,27.64],[-81.14,27.65],[-81.13,27.65],[-81.13,27.66],[-81.14,27.67],[-81.14,27.68],[-81.15,27.68],[-81.15,27.69],[-81.15,27.7],[-81.15,27.71],[-81.15,27.72],[-81.16,27.72],[-81.17,27.72],[-81.17,27.73],[-81.16,27.74],[-81.17,27.74],[-81.17,27.75],[-81.18,27.75],[-81.18,27.76],[-81.17,27.76],[-81.18,27.77],[-81.19,27.78],[-81.19,27.79],[-81.2,27.79],[-81.2,27.8],[-81.2,27.81],[-81.21,27.82],[-81.22,27.83],[-81.22,27.84],[-81.23,27.84],[-81.24,27.84],[-81.24,27.85],[-81.25,27.85],[-81.26,27.85],[-81.27,27.85],[-81.28,27.85],[-81.28,27.86],[-81.29,27.86],[-81.3,27.86],[-81.3,27.87],[-81.31,27.88],[-81.3,27.88],[-81.31,27.89],[-81.31,27.9],[-81.31,27.91],[-81.31,27.92],[-81.32,27.92],[-81.32,27.93],[-81.33,27.93],[-81.34,27.93],[-81.34,27.94],[-81.34,27.95],[-81.35,27.95],[-81.35,27.96],[-81.37,27.97],[-81.37,27.98],[-81.38,27.98],[-81.38,27.99],[-81.38,28.0],[-81.39,28.0],[-81.4,28.0],[-81.41,28.0],[-81.42,28.0],[-81.42,28.01],[-81.43,28.01],[-81.43,28.02],[-81.44,28.03],[-81.45,28.03],[-81.45,28.04],[-81.46,28.04],[-81.46,28.05],[-81.46,28.06],[-81.45,28.06],[-81.44,28.06],[-81.44,28.05],[-81.43,28.05],[-81.43,28.04],[-81.42,28.04],[-81.41,28.03],[-81.4,28.03],[-81.39,28.03],[-81.39,28.02],[-81.38,28.02]]]]}},
{"type":"Feature","properties":{"ugc":"FLC099","name":"Palm Beach","state":"FL","wfo":"MFL"},"geometry":{"type":"MultiPolygon","coordinates":[[[[-80.73,26.7],[-80.73,26.71],[-80.73,26.72],[-80.73,26.73],[-80.73,26.74],[-80.74,26.74],[-80.74,26.75],[-80.75,26.76],[-80.74,26.77],[-80.73,26.78],[-80.72,26.77],[-80.72,26.76],[-80.72,26.75],[-80.71,26.74],[-80.7,26.75],[-80.69,26.76],[-80.69,26.77],[-80.7,26.79],[-80.7,26.8],[-80.69,26.81],[-80.68,26.82],[-80.67,26.83],[-80.66,26.83],[-80.65,26.84],[-80.64,26.85],[-80.63,26.87],[-80.62,26.89],[-80.62,26.91],[-80.62,26.92],[-80.62,26.93],[-80.61,26.94],[-80.61,26.96],[-80.5,26.96],[-80.48,26.96],[-80.42,26.96],[-80.38,26.96],[-80.36,26.96],[-80.29,26.96],[-80.26,26.96],[-80.24,26.96],[-80.23,26.96],[-80.2,26.96],[-80.18,26.96],[-80.14,26.96],[-80.14,26.97],[-80.13,26.97],[-80.13,26.96],[-80.12,26.96],[-80.12,26.97],[-80.11,26.97],[-80.09,26.97],[-80.08,26.97],[-80.08,26.96],[-80.07,26.95],[-80.08,26.95],[-80.08,26.94],[-80.07,26.94],[-80.07,26.93],[-80.05,26.88],[-80.05,26.87],[-80.05,26.86],[-80.04,26.84],[-80.04,26.83],[-80.04,26.82],[-80.04,26.81],[-80.05,26.81],[-80.05,26.8],[-80.05,26.79],[-80.05,26.78],[-80.05,26.77],[-80.05,26.76],[-80.05,26.75],[-80.05,26.74],[-80.05,26.73],[-80.05,26.72],[-80.05,26.71],[-80.05,26.7],[-80.05,26.69],[-80.05,26.68],[-80.05,26.67],[-80.05,26.66],[-80.05,26.65],[-80.05,26.64],[-80.05,26.62],[-80.05,26.61],[-80.05,26.6],[-80.05,26.59],[-80.05,26.58],[-80.05,26.57],[-80.05,26.56],[-80.05,26.55],[-80.05,26.54],[-80.05,26.53],[-80.05,26.52],[-80.05,26.51],[-80.05,26.5],[-80.06,26.48],[-80.06,26.47],[-80.07,26.46],[-80.07,26.45],[-80.07,26.44],[-80.07,26.43],[-80.07,26.42],[-80.0625,26.42],[-80.07,26.39],[-80.07,26.38],[-80.07,26.37],[-80.07,26.36],[-80.07,26.35],[-80.08,26.35],[-80.08,26.34],[-80.07,26.34],[-80.08,26.32],[-80.09,26.32],[-80.09,26.33],[-80.1,26.32],[-80.1,26.33],[-80.11,26.33],[-80.12,26.33],[-80.16,26.33],[-80.19,26.33],[-80.2,26.33],[-80.21,26.33],[-80.22,26.33],[-80.23,26.33],[-80.25,26.33],[-80.29,26.33],[-80.33,26.33],[-80.55,26.33],[-80.61,26.33],[-80.64,26.33],[-80.75,26.33],[-80.78,26.33],[-80.88,26.33],[-80.88,26.35],[-80.88,26.38],[-80.88,26.45],[-80.88,26.49],[-80.88,26.58],[-80.89,26.65],[-80.89,26.75],[-80.88,26.75],[-80.87,26.74],[-80.85,26.73],[-80.84,26.73],[-80.84,26.72],[-80.83,26.71],[-80.82,26.7],[-80.81,26.7],[-80.8,26.7],[-80.79,26.7],[-80.78,26.7],[-80.77,26.7],[-80.76,26.69],[-80.75,26.69],[-80.74,26.69],[-80.73,26.69],[-80.73,26.7]],[[-80.12,26.96],[-80.12,26.95],[-80.12,26.94],[-80.11,26.95],[-80.11,26.96],[-80.12,26.96]],[[-80.11,26.95],[-80.11,26.94],[-80.1,26.95],[-80.11,26.95]],[[-80.08,26.94],[-80.09,26.94],[-80.08,26.93],[-80.08,26.94]],[[-80.08,26.93],[-80.09,26.93],[-80.09,26.92],[-80.08,26.92],[-80.08,26.93]],[[-80.04,26.82],[-80.05,26.83],[-80.06,26.83],[-80.05,26.82],[-80.04,26.82]],[[-80.05,26.83],[-80.05,26.84],[-80.06,26.84],[-80.05,26.83]],[[-80.06,26.83],[-80.07,26.84],[-80.07,26.83],[-80.06,26.83]],[[-80.05,26.53],[-80.06,26.52],[-80.06,26.51],[-80.05,26.53]],[[-80.07,26.89],[-80.07,26.9],[-80.08,26.9],[-80.08,26.89],[-80.07,26.89]]],[[[-80.07,26.44],[-80.06,26.44],[-80.06,26.43],[-80.07,26.44]]],[[[-80.05,26.77],[-80.04,26.78],[-80.04,26.79],[-80.04,26.8],[-80.04,26.81],[-80.03,26.8],[-80.03,26.79],[-80.03,26.78],[-80.04,26.77],[-80.05,26.77]]],[[[-80.04,26.75],[-80.03,26.74],[-80.03,26.72],[-80.03,26.7],[-80.03,26.69],[-80.04,26.68],[-80.04,26.69],[-80.04,26.7],[-80.04,26.71],[-80.04,26.72],[-80.04,26.73],[-80.04,26.74],[-80.04,26.75]]]]}},
{"type":"Feature","properties":{"ugc":"FLC101","name":"Pasco","state":"FL","wfo":"TBW"},"geometry":{"type":"MultiPolygon","coordinates":[[[[-82.8,28.18],[-82.8,28.19],[-82.79,28.19],[-82.79,28.2],[-82.78,28.2],[-82.78,28.21],[-82.77,28.21],[-82.76,28.21],[-82.76,28.22],[-82.75,28.22],[-82.75,28.23],[-82.76,28.23],[-82.76,28.24],[-82.75,28.24],[-82.74,28.24],[-82.74,28.25],[-82.73,28.25],[-82.73,28.26],[-82.74,28.26],[-82.74,28.27],[-82.73,28.27],[-82.72,28.26],[-82.72,28.27],[-82.72,28.28],[-82.73,28.28],[-82.73,28.29],[-82.73,28.3],[-82.74,28.3],[-82.74,28.31],[-82.73,28.31],[-82.72,28.31],[-82.72,28.32],[-82.73,28.32],[-82.73,28.33],[-82.72,28.33],[-82.71,28.33],[-82.71,28.34],[-82.72,28.34],[-82.72,28.35],[-82.72,28.36],[-82.71,28.36],[-82.71,28.37],[-82.7,28.37],[-82.7,28.38],[-82.71,28.38],[-82.71,28.39],[-82.71,28.4],[-82.7,28.4],[-82.69,28.41],[-82.7,28.41],[-82.69,28.42],[-82.68,28.42],[-82.68,28.43],[-82.67,28.43],[-82.65,28.43],[-82.64,28.43],[-82.62,28.43],[-82.59,28.43],[-82.55,28.43],[-82.53,28.43],[-82.5,28.43],[-82.49,28.43],[-82.45,28.43],[-82.41,28.43],[-82.38,28.43],[-82.37,28.43],[-82.32,28.43],[-82.27,28.43],[-82.25,28.44],[-82.25,28.48],[-82.22,28.48],[-82.2,28.48],[-82.06,28.48],[-82.06,28.43],[-82.06,28.32],[-82.06,28.31],[-82.06,28.3],[-82.06,28.28],[-82.06,28.26],[-82.08,28.26],[-82.1,28.26],[-82.11,28.26],[-82.11,28.25],[-82.11,28.22],[-82.11,28.17],[-82.12,28.17],[-82.14,28.17],[-82.18,28.17],[-82.21,28.17],[-82.23,28.17],[-82.26,28.17],[-82.33,28.17],[-82.35,28.17],[-82.37,28.17],[-82.38,28.17],[-82.39,28.17],[-82.42,28.17],[-82.45,28.17],[-82.46,28.17],[-82.5,28.17],[-82.52,28.17],[-82.56,28.17],[-82.57,28.17],[-82.58,28.17],[-82.59,28.17],[-82.62,28.17],[-82.65,28.17],[-82.66,28.17],[-82.72,28.17],[-82.73,28.17],[-82.74,28.17],[-82.76,28.17],[-82.78,28.17],[-82.79,28.17],[-82.79,28.18],[-82.8,28.18]]],[[[-82.75,28.24],[-82.75,28.25],[-82.76,28.25],[-82.76,28.26],[-82.75,28.26],[-82.74,28.26],[-82.74,28.25],[-82.75,28.24]]]]}},
{"type":"Feature","properties":{"ugc":"FLC103","name":"Pinellas","state":"FL","wfo":"TBW"},"geometry":{"type":"MultiPolygon","coordinates":[[[[-82.85,27.86],[-82.85,27.87],[-82.85,27.88],[-82.84,27.88],[-82.84,27.89],[-82.83,27.9],[-82.83,27.91],[-82.82,27.92],[-82.83,27.92],[-82.83,27.93],[-82.82,27.93],[-82.81,27.94],[-82.82,27.94],[-82.82,27.95],[-82.81,27.95],[-82.81,27.96],[-82.81,27.97],[-82.8,27.97],[-82.8,27.98],[-82.8,27.99],[-82.79,28.0],[-82.79,28.01],[-82.79,28.02],[-82.79,28.03],[-82.79,28.04],[-82.79,28.05],[-82.78,28.05],[-82.78,28.06],[-82.78,28.07],[-82.78,28.08],[-82.78,28.09],[-82.78,28.1],[-82.77,28.1],[-82.78,28.11],[-82.78,28.12],[-82.78,28.13],[-82.78,28.14],[-82.79,28.14],[-82.79,28.15],[-82.79,28.16],[-82.8,28.17],[-82.79,28.17],[-82.78,28.17],[-82.76,28.17],[-82.74,28.17],[-82.74,28.16],[-82.73,28.17],[-82.73,28.16],[-82.72,28.16],[-82.72,28.17],[-82.66,28.17],[-82.65,28.17],[-82.65,28.02],[-82.66,28.02],[-82.66,28.01],[-82.67,28.01],[-82.67,28.02],[-82.66,28.03],[-82.67,28.03],[-82.68,28.03],[-82.69,28.03],[-82.69,28.02],[-82.68,28.02],[-82.68,28.01],[-82.68,28.0],[-82.68,27.99],[-82.69,27.99],[-82.69,27.98],[-82.7,27.98],[-82.7,27.97],[-82.69,27.97],[-82.7,27.96],[-82.71,27.96],[-82.72,27.96],[-82.72,27.95],[-82.72,27.94],[-82.71,27.93],[-82.7,27.92],[-82.69,27.92],[-82.68,27.92],[-82.68,27.91],[-82.67,27.91],[-82.66,27.91],[-82.65,27.91],[-82.65,27.9],[-82.64,27.9],[-82.65,27.89],[-82.64,27.89],[-82.63,27.89],[-82.62,27.89],[-82.62,27.88],[-82.61,27.88],[-82.61,27.87],[-82.6,27.87],[-82.6,27.86],[-82.6,27.85],[-82.6,27.84],[-82.61,27.84],[-82.61,27.83],[-82.6,27.82],[-82.59,27.82],[-82.59,27.81],[-82.6,27.81],[-82.61,27.8],[-82.61,27.79],[-82.62,27.79],[-82.62,27.78],[-82.63,27.78],[-82.63,27.77],[-82.62,27.77],[-82.62,27.76],[-82.63,27.76],[-82.63,27.75],[-82.62,27.75],[-82.62,27.74],[-82.63,27.74],[-82.63,27.73],[-82.63,27.72],[-82.63,27.71],[-82.64,27.71],[-82.64,27.7],[-82.65,27.7],[-82.66,27.7],[-82.67,27.7],[-82.67,27.71],[-82.68,27.71],[-82.69,27.71],[-82.7,27.72],[-82.69,27.72],[-82.68,27.72],[-82.68,27.73],[-82.69,27.73],[-82.69,27.74],[-82.7,27.74],[-82.71,27.74],[-82.72,27.74],[-82.73,27.74],[-82.73,27.75],[-82.74,27.74],[-82.74,27.75],[-82.74,27.76],[-82.74,27.77],[-82.75,27.78],[-82.76,27.79],[-82.76,27.8],[-82.76,27.81],[-82.77,27.81],[-82.77,27.8],[-82.78,27.81],[-82.79,27.81],[-82.8,27.81],[-82.8,27.82],[-82.8,27.83],[-82.81,27.83],[-82.82,27.83],[-82.82,27.82],[-82.81,27.82],[-82.82,27.81],[-82.83,27.82],[-82.84,27.84],[-82.84,27.85],[-82.85,27.85],[-82.85,27.86]],[[-82.69,28.03],[-82.69,28.04],[-82.7,28.04],[-82.7,28.03],[-82.69,28.03]],[[-82.61,27.84],[-82.61,27.85],[-82.61,27.86],[-82.62,27.86],[-82.62,27.85],[-82.62,27.84],[-82.61,27.84]],[[-82.63,27.72],[-82.64,27.73],[-82.64,27.72],[-82.63,27.72]],[[-82.76,27.81],[-82.76,27.82],[-82.77,27.82],[-82.76,27.81]],[[-82.76,27.82],[-82.75,27.82],[-82.76,27.83],[-82.76,27.82]],[[-82.76,27.83],[-82.75,27.83],[-82.75,27.84],[-82.76,27.83]],[[-82.82,27.83],[-82.82,27.84],[-82.83,27.84],[-82.83,27.83],[-82.82,27.83]],[[-82.71,28.08],[-82.7,28.09],[-82.71,28.09],[-82.71,28.08]],[[-82.71,28.09],[-82.71,28.1],[-82.72,28.11],[-82.72,28.12],[-82.72,28.13],[-82.71,28.13],[-82.71,28.14],[-82.72,28.14],[-82.72,28.15],[-82.73,28.15],[-82.73,28.14],[-82.74,28.14],[-82.74,28.13],[-82.74,28.12],[-82.74,28.11],[-82.73,28.11],[-82.73,28.1],[-82.72,28.1],[-82.72,28.09],[-82.71,28.09]],[[-82.77,28.15],[-82.77,28.16],[-82.78,28.16],[-82.77,28.15]],[[-82.77,28.15],[-82.77,28.14],[-82.76,28.14],[-82.76,28.15],[-82.77,28.15]],[[-82.62,27.81],[-82.61,27.81],[-82.61,27.82],[-82.62,27.82],[-82.62,27.81]],[[-82.77,27.83],[-82.78,27.84],[-82.78,27.83],[-82.77,27.83]]],[[[-82.82,27.81],[-82.81,27.81],[-82.8,27.81],[-82.79,27.8],[-82.78,27.8],[-82.78,27.79],[-82.78,27.78],[-82.79,27.79],[-82.8,27.8],[-82.81,27.8],[-82.82,27.81]]],[[[-82.78,27.78],[-82.77,27.78],[-82.77,27.77],[-82.78,27.77],[-82.78,27.78]]],[[[-82.77,27.76],[-82.76,27.76],[-82.75,27.75],[-82.75,27.74],[-82.76,27.74],[-82.76,27.75],[-82.77,27.76]]],[[[-82.75,27.74],[-82.74,27.74],[-82.74,27.73],[-82.75,27.73],[-82.75,27.74]]],[[[-82.74,27.72],[-82.73,27.72],[-82.73,27.71],[-82.73,27.7],[-82.74,27.71],[-82.74,27.72]]],[[[-82.73,27.69],[-82.72,27.69],[-82.72,27.68],[-82.72,27.67],[-82.72,27.66],[-82.73,27.66],[-82.73,27.65],[-82.74,27.65],[-82.74,27.66],[-82.73,27.67],[-82.73,27.68],[-82.73,27.69]]],[[[-82.74,27.64],[-82.73,27.63],[-82.73,27.62],[-82.73,27.61],[-82.74,27.61],[-82.74,27.62],[-82.74,27.64]]],[[[-82.72,27.62],[-82.72,27.63],[-82.71,27.62],[-82.72,27.62]]],[[[-82.71,27.62],[-82.71,27.63],[-82.7,27.62],[-82.71,27.62]]],[[[-82.72,27.69],[-82.72,27.7],[-82.71,27.7],[-82.72,27.69]]],[[[-82.72,27.7],[-82.72,27.71],[-82.71,27.72],[-82.7,27.72],[-82.71,27.71],[-82.72,27.7]]],[[[-82.6,27.84],[-82.59,27.85],[-82.59,27.84],[-82.6,27.84]]],[[[-82.61,27.87],[-82.6,27.88],[-82.59,27.88],[-82.61,27.87]]],[[[-82.64,27.9],[-82.65,27.91],[-82.64,27.91],[-82.64,27.9]]],[[[-82.84,27.89],[-82.85,27.88],[-82.85,27.89],[-82.85,27.9],[-82.85,27.91],[-82.84,27.94],[-82.84,27.93],[-82.84,27.92],[-82.84,27.91],[-82.84,27.9],[-82.84,27.89]]],[[[-82.83,27.98],[-82.83,27.99],[-82.83,28.0],[-82.83,28.01],[-82.82,28.0],[-82.82,27.99],[-82.82,27.98],[-82.83,27.98]]],[[[-82.82,28.0],[-82.82,28.01],[-82.81,28.01],[-82.81,28.0],[-82.82,28.0]]],[[[-82.82,27.98],[-82.81,27.99],[-82.81,27.98],[-82.82,27.98]]],[[[-82.82,28.02],[-82.83,28.02],[-82.82,28.03],[-82.81,28.03],[-82.82,28.02]]],[[[-82.76,27.76],[-82.76,27.77],[-82.75,27.77],[-82.76,27.76]]],[[[-82.77,27.78],[-82.77,27.79],[-82.76,27.79],[-82.76,27.78],[-82.77,27.78]]],[[[-82.74,27.76],[-82.75,27.76],[-82.75,27.77],[-82.74,27.76]]],[[[-82.69,27.66],[-82.7,27.67],[-82.69,27.67],[-82.69,27.66]]]]}},
{"type":"Feature","properties":{"ugc":"FLC105","name":"Polk","state":"FL","wfo":"TBW"},"geometry":{"type":"MultiPolygon","coordinates":[[[[-81.86,28.36],[-81.82,28.36],[-81.79,28.36],[-81.79,28.35],[-81.72,28.35],[-81.66,28.35],[-81.66,28.33],[-81.66,28.32],[-81.66,28.3],[-81.66,28.29],[-81.66,28.26],[-81.59,28.26],[-81.56,28.26],[-81.55,28.25],[-81.54,28.23],[-81.52,28.2],[-81.52,28.18],[-81.52,28.14],[-81.47,28.14],[-81.46,28.14],[-81.46,28.13],[-81.46,28.12],[-81.46,28.09],[-81.44,28.09],[-81.38,28.09],[-81.35,28.08],[-81.35,28.07],[-81.36,28.07],[-81.37,28.07],[-81.37,28.06],[-81.36,28.06],[-81.36,28.05],[-81.36,28.04],[-81.37,28.04],[-81.37,28.03],[-81.38,28.03],[-81.38,28.02],[-81.39,28.02],[-81.39,28.03],[-81.4,28.03],[-81.41,28.03],[-81.42,28.04],[-81.43,28.04],[-81.43,28.05],[-81.44,28.05],[-81.44,28.06],[-81.45,28.06],[-81.46,28.06],[-81.46,28.05],[-81.46,28.04],[-81.45,28.04],[-81.45,28.03],[-81.44,28.03],[-81.43,28.02],[-81.43,28.01],[-81.42,28.01],[-81.42,28.0],[-81.41,28.0],[-81.4,28.0],[-81.39,28.0],[-81.38,28.0],[-81.38,27.99],[-81.38,27.98],[-81.37,27.98],[-81.37,27.97],[-81.35,27.96],[-81.35,27.95],[-81.34,27.95],[-81.34,27.94],[-81.34,27.93],[-81.33,27.93],[-81.32,27.93],[-81.32,27.92],[-81.31,27.92],[-81.31,27.91],[-81.31,27.9],[-81.31,27.89],[-81.3,27.88],[-81.31,27.88],[-81.3,27.87],[-81.3,27.86],[-81.29,27.86],[-81.28,27.86],[-81.28,27.85],[-81.27,27.85],[-81.26,27.85],[-81.25,27.85],[-81.24,27.85],[-81.24,27.84],[-81.23,27.84],[-81.22,27.84],[-81.22,27.83],[-81.21,27.82],[-81.2,27.81],[-81.2,27.8],[-81.2,27.79],[-81.19,27.79],[-81.19,27.78],[-81.18,27.77],[-81.17,27.76],[-81.18,27.76],[-81.18,27.75],[-81.17,27.75],[-81.17,27.74],[-81.16,27.74],[-81.17,27.73],[-81.17,27.72],[-81.16,27.72],[-81.15,27.72],[-81.15,27.71],[-81.15,27.7],[-81.15,27.69],[-81.15,27.68],[-81.14,27.68],[-81.14,27.67],[-81.13,27.66],[-81.13,27.65],[-81.14,27.65],[-81.14,27.64],[-81.15,27.64],[-81.18,27.64],[-81.22,27.64],[-81.23,27.65],[-81.25,27.65],[-81.31,27.65],[-81.37,27.65],[-81.47,27.65],[-81.48,27.65],[-81.51,27.65],[-81.54,27.65],[-81.55,27.65],[-81.56,27.65],[-81.6,27.65],[-81.62,27.65],[-81.63,27.65],[-81.7,27.65],[-81.77,27.65],[-81.82,27.65],[-81.85,27.65],[-81.89,27.65],[-81.9,27.65],[-81.95,27.65],[-81.98,27.65],[-82.02,27.65],[-82.05,27.65],[-82.05,27.66],[-82.05,27.68],[-82.05,27.7],[-82.05,27.73],[-82.05,27.78],[-82.05,27.82],[-82.05,27.85],[-82.05,27.87],[-82.06,27.93],[-82.06,27.99],[-82.06,28.03],[-82.06,28.04],[-82.06,28.07],[-82.06,28.1],[-82.06,28.11],[-82.06,28.12],[-82.06,28.13],[-82.06,28.17],[-82.11,28.17],[-82.11,28.22],[-82.11,28.25],[-82.11,28.26],[-82.1,28.26],[-82.08,28.26],[-82.06,28.26],[-82.06,28.28],[-82.06,28.3],[-82.06,28.31],[-82.05,28.32],[-82.04,28.32],[-82.03,28.32],[-82.02,28.32],[-82.01,28.32],[-82.0,28.32],[-81.99,28.31],[-81.99,28.3],[-81.98,28.3],[-81.98,28.31],[-81.97,28.31],[-81.96,28.31],[-81.96,28.33],[-81.96,28.35],[-81.88,28.35],[-81.86,28.35],[-81.86,28.36]]]]}},
{"type":"Feature","properties":{"ugc":"FLC107","name":"Putnam","state":"FL","wfo":"JAX"},"geometry":{"type":"MultiPolygon","coordinates":[[[[-81.93,29.51],[-81.94,29.51],[-81.95,29.51],[-81.96,29.51],[-81.96,29.5],[-81.97,29.5],[-81.98,29.5],[-81.99,29.5],[-82.0,29.5],[-82.01,29.5],[-82.02,29.5],[-82.03,29.5],[-82.03,29.49],[-82.04,29.49],[-82.04,29.48],[-82.05,29.48],[-82.05,29.47],[-82.06,29.47],[-82.06,29.51],[-82.06,29.55],[-82.06,29.59],[-82.06,29.65],[-82.06,29.66],[-82.05,29.67],[-82.05,29.69],[-82.05,29.71],[-82.05,29.72],[-82.03,29.72],[-82.02,29.73],[-82.01,29.74],[-82.0,29.74],[-81.99,29.74],[-81.98,29.75],[-81.97,29.75],[-81.95,29.75],[-81.94,29.75],[-81.93,29.76],[-81.93,29.77],[-81.92,29.78],[-81.92,29.79],[-81.91,29.79],[-81.9,29.79],[-81.9,29.8],[-81.89,29.8],[-81.88,29.8],[-81.87,29.8],[-81.86,29.8],[-81.85,29.81],[-81.84,29.82],[-81.83,29.82],[-81.82,29.83],[-81.81,29.84],[-81.8,29.84],[-81.77,29.84],[-81.76,29.84],[-81.73,29.84],[-81.7,29.84],[-81.67,29.84],[-81.66,29.84],[-81.65,29.84],[-81.63,29.84],[-81.58,29.84],[-81.57,29.81],[-81.56,29.8],[-81.56,29.79],[-81.55,29.78],[-81.54,29.78],[-81.54,29.77],[-81.53,29.76],[-81.52,29.74],[-81.52,29.72],[-81.52,29.71],[-81.52,29.69],[-81.52,29.62],[-81.52,29.59],[-81.52,29.56],[-81.52,29.54],[-81.52,29.52],[-81.52,29.5],[-81.52,29.49],[-81.51,29.49],[-81.5,29.47],[-81.5,29.46],[-81.49,29.45],[-81.49,29.44],[-81.49,29.43],[-81.49,29.42],[-81.48,29.42],[-81.48,29.41],[-81.48,29.4],[-81.47,29.39],[-81.46,29.39],[-81.45,29.39],[-81.44,29.39],[-81.44,29.38],[-81.45,29.38],[-81.46,29.38],[-81.48,29.37],[-81.5,29.37],[-81.53,29.36],[-81.59,29.34],[-81.65,29.33],[-81.68,29.32],[-81.68,29.33],[-81.68,29.34],[-81.67,29.34],[-81.66,29.34],[-81.66,29.35],[-81.66,29.36],[-81.67,29.37],[-81.69,29.37],[-81.7,29.37],[-81.71,29.37],[-81.72,29.37],[-81.74,29.37],[-81.74,29.38],[-81.74,29.42],[-81.74,29.43],[-81.76,29.43],[-81.77,29.43],[-81.78,29.49],[-81.79,29.49],[-81.81,29.49],[-81.83,29.49],[-81.84,29.49],[-81.84,29.5],[-81.84,29.51],[-81.84,29.52],[-81.85,29.52],[-81.86,29.52],[-81.87,29.52],[-81.88,29.51],[-81.89,29.51],[-81.9,29.52],[-81.91,29.51],[-81.92,29.51],[-81.93,29.51]]]]}},
{"type":"Feature","properties":{"ugc":"FLC109","name":"St. Johns","state":"FL","wfo":"JAX"},"geometry":{"type":"MultiPolygon","coordinates":[[[[-81.44,30.24],[-81.44,30.25],[-81.43,30.25],[-81.42,30.25],[-81.38,30.25],[-81.37,30.22],[-81.36,30.16],[-81.35,30.15],[-81.35,30.14],[-81.35,30.13],[-81.35,30.12],[-81.34,30.11],[-81.34,30.1],[-81.34,30.09],[-81.34,30.08],[-81.33,30.07],[-81.33,30.06],[-81.33,30.05],[-81.33,30.04],[-81.32,30.03],[-81.32,30.02],[-81.33,30.02],[-81.33,30.01],[-81.33,30.0],[-81.32,29.99],[-81.33,29.99],[-81.33,29.98],[-81.34,29.97],[-81.33,29.97],[-81.33,29.96],[-81.32,29.96],[-81.32,29.95],[-81.31,29.95],[-81.31,29.96],[-81.3,29.96],[-81.3,29.94],[-81.3,29.93],[-81.31,29.93],[-81.31,29.92],[-81.31,29.91],[-81.31,29.9],[-81.31,29.89],[-81.31,29.88],[-81.32,29.88],[-81.32,29.87],[-81.31,29.87],[-81.31,29.86],[-81.31,29.85],[-81.3,29.84],[-81.31,29.84],[-81.31,29.83],[-81.3,29.83],[-81.3,29.82],[-81.29,29.81],[-81.29,29.8],[-81.28,29.8],[-81.28,29.79],[-81.28,29.78],[-81.28,29.77],[-81.27,29.77],[-81.27,29.76],[-81.26,29.76],[-81.26,29.75],[-81.25,29.75],[-81.24,29.74],[-81.23,29.72],[-81.23,29.71],[-81.24,29.72],[-81.25,29.73],[-81.25,29.72],[-81.25,29.71],[-81.24,29.71],[-81.24,29.7],[-81.23,29.7],[-81.22,29.7],[-81.22,29.69],[-81.22,29.68],[-81.21,29.67],[-81.22,29.67],[-81.23,29.67],[-81.23,29.66],[-81.24,29.67],[-81.24,29.66],[-81.25,29.66],[-81.26,29.67],[-81.27,29.66],[-81.28,29.65],[-81.29,29.65],[-81.3,29.65],[-81.31,29.64],[-81.32,29.65],[-81.32,29.64],[-81.32,29.63],[-81.33,29.63],[-81.37,29.63],[-81.43,29.62],[-81.44,29.62],[-81.45,29.62],[-81.46,29.62],[-81.47,29.62],[-81.49,29.62],[-81.52,29.62],[-81.52,29.69],[-81.52,29.71],[-81.52,29.72],[-81.52,29.74],[-81.53,29.76],[-81.54,29.77],[-81.54,29.78],[-81.55,29.78],[-81.56,29.79],[-81.56,29.8],[-81.57,29.81],[-81.58,29.84],[-81.6,29.88],[-81.61,29.9],[-81.61,29.91],[-81.61,29.92],[-81.6,29.94],[-81.6,29.95],[-81.6,29.96],[-81.61,29.97],[-81.62,29.98],[-81.67,30.01],[-81.68,30.01],[-81.68,30.02],[-81.69,30.02],[-81.69,30.03],[-81.69,30.04],[-81.69,30.06],[-81.69,30.07],[-81.68,30.08],[-81.68,30.09],[-81.68,30.1],[-81.68,30.11],[-81.68,30.12],[-81.67,30.12],[-81.65,30.12],[-81.63,30.13],[-81.62,30.13],[-81.61,30.13],[-81.6,30.13],[-81.59,30.13],[-81.58,30.13],[-81.57,30.12],[-81.56,30.12],[-81.54,30.12],[-81.54,30.1],[-81.48,30.1],[-81.47,30.11],[-81.44,30.11],[-81.43,30.11],[-81.43,30.14],[-81.44,30.23],[-81.44,30.24]],[[-81.43,30.25],[-81.43,30.24],[-81.42,30.24],[-81.43,30.25]],[[-81.42,30.24],[-81.4,30.15],[-81.41,30.21],[-81.42,30.24]],[[-81.35,29.99],[-81.34,29.99],[-81.34,30.0],[-81.34,30.01],[-81.35,30.01],[-81.35,30.0],[-81.35,29.99]],[[-81.35,30.01],[-81.35,30.02],[-81.35,30.03],[-81.36,30.03],[-81.36,30.02],[-81.35,30.01]],[[-81.36,30.03],[-81.36,30.04],[-81.36,30.05],[-81.37,30.05],[-81.37,30.04],[-81.37,30.03],[-81.36,30.03]],[[-81.36,30.05],[-81.35,30.06],[-81.36,30.06],[-81.36,30.05]],[[-81.36,30.06],[-81.36,30.07],[-81.37,30.06],[-81.36,30.06]],[[-81.36,30.07],[-81.36,30.08],[-81.36,30.09],[-81.36,30.1],[-81.37,30.1],[-81.37,30.09],[-81.37,30.08],[-81.37,30.07],[-81.36,30.07]],[[-81.37,30.1],[-81.36,30.11],[-81.37,30.11],[-81.37,30.1]],[[-81.37,30.11],[-81.36,30.12],[-81.37,30.12],[-81.37,30.11]],[[-81.32,29.89],[-81.32,29.9],[-81.32,29.91],[-81.33,29.92],[-81.33,29.91],[-81.33,29.9],[-81.33,29.89],[-81.32,29.89]],[[-81.32,29.93],[-81.31,29.94],[-81.32,29.94],[-81.32,29.93]]],[[[-81.29,29.81],[-81.29,29.82],[-81.29,29.83],[-81.3,29.83],[-81.3,29.84],[-81.3,29.85],[-81.3,29.86],[-81.31,29.86],[-81.3,29.87],[-81.31,29.87],[-81.31,29.88],[-81.3,29.88],[-81.3,29.89],[-81.29,29.89],[-81.29,29.9],[-81.29,29.91],[-81.28,29.91],[-81.28,29.9],[-81.27,29.89],[-81.27,29.88],[-81.27,29.87],[-81.27,29.86],[-81.26,29.86],[-81.26,29.85],[-81.26,29.84],[-81.26,29.83],[-81.26,29.82],[-81.26,29.81],[-81.26,29.79],[-81.26,29.78],[-81.27,29.78],[-81.27,29.79],[-81.27,29.8],[-81.28,29.81],[-81.29,29.81]],[[-81.29,29.89],[-81.28,29.88],[-81.28,29.89],[-81.29,29.89]]],[[[-81.23,29.7],[-81.24,29.71],[-81.23,29.71],[-81.23,29.7]]],[[[-81.24,29.71],[-81.25,29.72],[-81.24,29.72],[-81.24,29.71]]],[[[-81.31,29.9],[-81.3,29.9],[-81.3,29.89],[-81.31,29.9]]],[[[-81.29,29.91],[-81.3,29.91],[-81.3,29.92],[-81.3,29.93],[-81.29,29.93],[-81.29,29.92],[-81.29,29.91]]],[[[-81.32,29.96],[-81.33,29.97],[-81.33,29.98],[-81.32,29.99],[-81.32,30.0],[-81.31,29.99],[-81.31,29.98],[-81.31,29.97],[-81.31,29.96],[-81.32,29.96]]],[[[-81.32,30.01],[-81.32,30.0],[-81.33,30.0],[-81.32,30.01]]],[[[-81.26,29.78],[-81.25,29.77],[-81.25,29.76],[-81.26,29.77],[-81.26,29.78]]]]}},
{"type":"Feature","properties":{"ugc":"FLC111","name":"St. Lucie","state":"FL","wfo":"MLB"},"geometry":{"type":"MultiPolygon","coordinates":[[[[-80.52,27.56],[-80.51,27.56],[-80.47,27.56],[-80.46,27.56],[-80.44,27.56],[-80.43,27.56],[-80.41,27.56],[-80.39,27.56],[-80.38,27.56],[-80.37,27.56],[-80.36,27.56],[-80.35,27.55],[-80.35,27.54],[-80.34,27.54],[-80.34,27.53],[-80.35,27.53],[-80.35,27.52],[-80.34,27.52],[-80.34,27.51],[-80.34,27.5],[-80.34,27.49],[-80.33,27.49],[-80.32,27.49],[-80.32,27.5],[-80.33,27.5],[-80.33,27.51],[-80.33,27.52],[-80.33,27.53],[-80.32,27.53],[-80.32,27.54],[-80.31,27.54],[-80.31,27.53],[-80.31,27.52],[-80.31,27.51],[-80.3,27.51],[-80.3,27.5],[-80.31,27.5],[-80.31,27.49],[-80.32,27.48],[-80.33,27.48],[-80.33,27.47],[-80.32,27.47],[-80.32,27.46],[-80.32,27.45],[-80.32,27.44],[-80.32,27.43],[-80.31,27.42],[-80.31,27.41],[-80.3,27.4],[-80.3,27.39],[-80.3,27.38],[-80.29,27.38],[-80.29,27.37],[-80.29,27.36],[-80.28,27.36],[-80.28,27.35],[-80.28,27.34],[-80.27,27.34],[-80.27,27.33],[-80.27,27.32],[-80.26,27.32],[-80.26,27.31],[-80.26,27.3],[-80.25,27.3],[-80.25,27.29],[-80.25,27.28],[-80.24,27.28],[-80.24,27.27],[-80.23,27.26],[-80.28,27.26],[-80.29,27.23],[-80.29,27.24],[-80.3,27.24],[-80.31,27.24],[-80.32,27.24],[-80.31,27.23],[-80.3,27.23],[-80.29,27.22],[-80.29,27.21],[-80.34,27.21],[-80.37,27.21],[-80.38,27.21],[-80.4,27.21],[-80.48,27.21],[-80.51,27.21],[-80.54,27.21],[-80.55,27.21],[-80.57,27.21],[-80.64,27.21],[-80.68,27.21],[-80.68,27.24],[-80.68,27.25],[-80.68,27.29],[-80.68,27.3],[-80.68,27.37],[-80.68,27.38],[-80.68,27.39],[-80.68,27.41],[-80.68,27.43],[-80.68,27.45],[-80.68,27.46],[-80.68,27.47],[-80.68,27.5],[-80.68,27.53],[-80.68,27.56],[-80.63,27.56],[-80.54,27.56],[-80.53,27.56],[-80.52,27.56]],[[-80.35,27.53],[-80.36,27.54],[-80.36,27.53],[-80.35,27.53]],[[-80.33,27.52],[-80.32,27.51],[-80.32,27.52],[-80.33,27.52]],[[-80.32,27.25],[-80.32,27.26],[-80.33,27.25],[-80.32,27.25]]],[[[-80.32,27.47],[-80.32,27.48],[-80.31,27.48],[-80.32,27.47]]],[[[-80.34,27.54],[-80.34,27.55],[-80.33,27.55],[-80.33,27.56],[-80.32,27.56],[-80.32,27.55],[-80.32,27.54],[-80.33,27.54],[-80.34,27.54]]],[[[-80.31,27.49],[-80.3,27.49],[-80.3,27.48],[-80.31,27.48],[-80.31,27.49]]],[[[-80.3,27.48],[-80.29,27.48],[-80.29,27.47],[-80.28,27.44],[-80.27,27.42],[-80.27,27.41],[-80.27,27.4],[-80.28,27.4],[-80.28,27.41],[-80.28,27.42],[-80.28,27.43],[-80.29,27.43],[-80.3,27.43],[-80.3,27.44],[-80.3,27.45],[-80.29,27.45],[-80.29,27.46],[-80.3,27.47],[-80.3,27.48]]],[[[-80.27,27.4],[-80.26,27.4],[-80.26,27.39],[-80.27,27.4]]],[[[-80.26,27.38],[-80.25,27.38],[-80.25,27.37],[-80.24,27.36],[-80.24,27.35],[-80.23,27.34],[-80.23,27.33],[-80.23,27.32],[-80.24,27.33],[-80.24,27.34],[-80.25,27.34],[-80.26,27.34],[-80.26,27.35],[-80.26,27.36],[-80.26,27.37],[-80.26,27.38]]],[[[-80.23,27.32],[-80.22,27.32],[-80.22,27.31],[-80.23,27.32]]],[[[-80.22,27.3],[-80.21,27.3],[-80.21,27.29],[-80.21,27.28],[-80.22,27.29],[-80.22,27.28],[-80.23,27.28],[-80.23,27.29],[-80.23,27.3],[-80.22,27.3]]],[[[-80.21,27.28],[-80.2,27.27],[-80.2,27.26],[-80.21,27.26],[-80.21,27.27],[-80.21,27.28]]]]}},
{"type":"Feature","properties":{"ugc":"FLC113","name":"Santa Rosa","state":"FL","wfo":"MOB"},"geometry":{"type":"MultiPolygon","coordinates":[[[[-87.02,31.0],[-87.0,31.0],[-86.99,31.0],[-86.93,31.0],[-86.9,31.0],[-86.87,31.0],[-86.79,31.0],[-86.79,30.94],[-86.79,30.93],[-86.79,30.91],[-86.79,30.9],[-86.79,30.88],[-86.79,30.87],[-86.79,30.82],[-86.79,30.81],[-86.79,30.78],[-86.79,30.77],[-86.79,30.75],[-86.79,30.71],[-86.79,30.66],[-86.79,30.64],[-86.79,30.63],[-86.8,30.62],[-86.8,30.61],[-86.8,30.59],[-86.8,30.58],[-86.8,30.57],[-86.8,30.54],[-86.8,30.53],[-86.8,30.51],[-86.8,30.48],[-86.8,30.47],[-86.8,30.45],[-86.8,30.44],[-86.8,30.42],[-86.8,30.41],[-86.82,30.41],[-86.83,30.41],[-86.83,30.4],[-86.84,30.4],[-86.85,30.4],[-86.86,30.4],[-86.87,30.4],[-86.88,30.4],[-86.89,30.4],[-86.9,30.4],[-86.91,30.4],[-86.92,30.4],[-86.93,30.4],[-86.94,30.4],[-86.95,30.4],[-86.96,30.39],[-86.97,30.39],[-86.98,30.39],[-86.99,30.39],[-87.0,30.39],[-87.01,30.39],[-87.02,30.39],[-87.02,30.38],[-87.03,30.38],[-87.03,30.39],[-87.04,30.39],[-87.04,30.38],[-87.05,30.38],[-87.06,30.38],[-87.07,30.38],[-87.08,30.38],[-87.08,30.37],[-87.09,30.37],[-87.1,30.37],[-87.11,30.37],[-87.12,30.37],[-87.12,30.36],[-87.13,30.36],[-87.14,30.36],[-87.15,30.36],[-87.16,30.36],[-87.16,30.35],[-87.17,30.35],[-87.18,30.35],[-87.18,30.34],[-87.19,30.35],[-87.2,30.35],[-87.2,30.36],[-87.19,30.36],[-87.19,30.37],[-87.18,30.37],[-87.17,30.37],[-87.16,30.37],[-87.15,30.37],[-87.14,30.37],[-87.14,30.38],[-87.13,30.38],[-87.13,30.39],[-87.12,30.39],[-87.11,30.39],[-87.1,30.39],[-87.1,30.4],[-87.09,30.4],[-87.08,30.4],[-87.07,30.4],[-87.06,30.4],[-87.05,30.4],[-87.04,30.4],[-87.03,30.4],[-87.02,30.4],[-87.01,30.41],[-87.0,30.41],[-86.99,30.41],[-86.99,30.42],[-86.98,30.42],[-86.97,30.42],[-86.97,30.43],[-86.96,30.43],[-86.96,30.44],[-86.95,30.44],[-86.95,30.45],[-86.94,30.45],[-86.93,30.45],[-86.92,30.45],[-86.92,30.46],[-86.93,30.46],[-86.94,30.46],[-86.95,30.46],[-86.95,30.47],[-86.96,30.47],[-86.97,30.47],[-86.97,30.48],[-86.98,30.48],[-86.99,30.49],[-87.0,30.49],[-87.0,30.5],[-87.01,30.5],[-87.02,30.5],[-87.02,30.51],[-87.01,30.51],[-87.01,30.52],[-87.0,30.52],[-86.99,30.52],[-86.99,30.53],[-87.0,30.53],[-87.0,30.54],[-87.0,30.55],[-87.0,30.56],[-86.99,30.56],[-86.99,30.57],[-86.98,30.57],[-86.98,30.58],[-86.99,30.58],[-87.0,30.58],[-87.01,30.58],[-87.01,30.57],[-87.01,30.56],[-87.01,30.55],[-87.02,30.55],[-87.03,30.55],[-87.03,30.54],[-87.04,30.54],[-87.04,30.53],[-87.04,30.52],[-87.05,30.51],[-87.05,30.5],[-87.05,30.49],[-87.06,30.49],[-87.06,30.48],[-87.06,30.47],[-87.07,30.46],[-87.07,30.45],[-87.08,30.45],[-87.08,30.44],[-87.09,30.44],[-87.1,30.44],[-87.1,30.45],[-87.1,30.46],[-87.1,30.47],[-87.09,30.47],[-87.09,30.48],[-87.1,30.48],[-87.1,30.49],[-87.1,30.5],[-87.09,30.5],[-87.09,30.51],[-87.1,30.51],[-87.1,30.52],[-87.11,30.52],[-87.11,30.53],[-87.12,30.53],[-87.12,30.54],[-87.12,30.55],[-87.13,30.55],[-87.14,30.55],[-87.14,30.56],[-87.14,30.57],[-87.15,30.57],[-87.15,30.58],[-87.16,30.58],[-87.17,30.58],[-87.18,30.58],[-87.18,30.57],[-87.18,30.56],[-87.18,30.55],[-87.19,30.55],[-87.2,30.55],[-87.21,30.55],[-87.21,30.56],[-87.22,30.56],[-87.22,30.57],[-87.22,30.58],[-87.23,30.58],[-87.23,30.59],[-87.23,30.6],[-87.24,30.6],[-87.24,30.61],[-87.25,30.61],[-87.26,30.61],[-87.26,30.62],[-87.25,30.62],[-87.25,30.63],[-87.26,30.63],[-87.26,30.64],[-87.26,30.65],[-87.26,30.66],[-87.27,30.66],[-87.27,30.67],[-87.27,30.68],[-87.27,30.69],[-87.27,30.7],[-87.27,30.71],[-87.27,30.72],[-87.28,30.72],[-87.29,30.72],[-87.3,30.72],[-87.31,30.72],[-87.31,30.73],[-87.31,30.74],[-87.31,30.75],[-87.31,30.76],[-87.3,30.76],[-87.31,30.77],[-87.31,30.78],[-87.31,30.79],[-87.31,30.8],[-87.3,30.8],[-87.3,30.81],[-87.3,30.82],[-87.3,30.83],[-87.3,30.84],[-87.31,30.84],[-87.31,30.85],[-87.31,30.86],[-87.3,30.86],[-87.3,30.87],[-87.3,30.88],[-87.29,30.88],[-87.29,30.89],[-87.29,30.9],[-87.29,30.91],[-87.29,30.92],[-87.29,30.93],[-87.28,30.93],[-87.27,30.93],[-87.26,30.93],[-87.25,30.94],[-87.24,30.95],[-87.24,30.96],[-87.23,30.97],[-87.23,30.96],[-87.22,30.96],[-87.21,30.96],[-87.21,30.97],[-87.2,30.97],[-87.2,30.98],[-87.19,30.98],[-87.18,30.98],[-87.18,30.99],[-87.18,31.0],[-87.17,31.0],[-87.16,31.0],[-87.14,31.0],[-87.13,31.0],[-87.12,31.0],[-87.07,31.0],[-87.05,31.0],[-87.04,31.0],[-87.03,31.0],[-87.02,31.0]],[[-86.92,30.44],[-86.91,30.44],[-86.9,30.44],[-86.9,30.45],[-86.91,30.45],[-86.92,30.45],[-86.92,30.44]],[[-87.01,30.59],[-87.01,30.6],[-87.02,30.6],[-87.03,30.6],[-87.03,30.59],[-87.02,30.59],[-87.02,30.58],[-87.01,30.58],[-87.01,30.59]],[[-87.22,30.6],[-87.22,30.61],[-87.23,30.61],[-87.23,30.6],[-87.22,30.6]],[[-87.03,30.63],[-87.04,30.63],[-87.04,30.62],[-87.03,30.62],[-87.03,30.63]],[[-87.02,30.63],[-87.01,30.63],[-87.0,30.64],[-87.0,30.65],[-87.01,30.65],[-87.01,30.64],[-87.02,30.64],[-87.03,30.64],[-87.03,30.63],[-87.02,30.63]],[[-87.24,30.62],[-87.23,30.62],[-87.23,30.63],[-87.24,30.63],[-87.24,30.62]]],[[[-86.85,30.38],[-86.87,30.38],[-86.86,30.39],[-86.85,30.39],[-86.84,30.39],[-86.83,30.39],[-86.82,30.39],[-86.85,30.38]]],[[[-86.91,30.37],[-86.92,30.37],[-86.91,30.38],[-86.9,30.38],[-86.89,30.38],[-86.91,30.37]]],[[[-87.17,30.54],[-87.18,30.54],[-87.18,30.55],[-87.17,30.55],[-87.17,30.54]]]]}},
{"type":"Feature","properties":{"ugc":"FLC115","name":"Sarasota","state":"FL","wfo":"TBW"},"geometry":{"type":"MultiPolygon","coordinates":[[[[-82.55,27.29],[-82.55,27.28],[-82.55,27.27],[-82.54,27.28],[-82.54,27.29],[-82.54,27.3],[-82.54,27.31],[-82.54,27.32],[-82.54,27.33],[-82.55,27.33],[-82.55,27.34],[-82.55,27.35],[-82.55,27.36],[-82.56,27.36],[-82.56,27.37],[-82.57,27.38],[-82.56,27.38],[-82.57,27.39],[-82.56,27.39],[-82.55,27.39],[-82.54,27.39],[-82.51,27.39],[-82.45,27.39],[-82.44,27.39],[-82.37,27.39],[-82.31,27.39],[-82.3,27.39],[-82.25,27.39],[-82.25,27.37],[-82.25,27.35],[-82.25,27.28],[-82.25,27.21],[-82.16,27.21],[-82.1,27.21],[-82.06,27.21],[-82.06,27.15],[-82.06,27.13],[-82.06,27.12],[-82.06,27.06],[-82.06,27.03],[-82.1,27.03],[-82.15,27.03],[-82.16,27.03],[-82.19,27.03],[-82.2,27.03],[-82.21,27.03],[-82.22,27.03],[-82.26,27.03],[-82.26,27.02],[-82.26,27.01],[-82.26,27.0],[-82.25,27.0],[-82.26,26.99],[-82.26,26.96],[-82.26,26.95],[-82.3,26.95],[-82.32,26.95],[-82.33,26.94],[-82.33,26.95],[-82.34,26.95],[-82.35,26.95],[-82.36,26.95],[-82.36,26.96],[-82.37,26.96],[-82.37,26.97],[-82.38,26.98],[-82.39,26.98],[-82.39,26.99],[-82.4,27.0],[-82.4,27.01],[-82.41,27.01],[-82.42,27.02],[-82.43,27.03],[-82.42,27.03],[-82.43,27.04],[-82.45,27.06],[-82.45,27.07],[-82.45,27.08],[-82.46,27.09],[-82.46,27.1],[-82.47,27.11],[-82.48,27.14],[-82.49,27.16],[-82.48,27.16],[-82.49,27.17],[-82.5,27.18],[-82.49,27.18],[-82.49,27.19],[-82.49,27.2],[-82.5,27.2],[-82.5,27.21],[-82.5,27.22],[-82.5,27.23],[-82.51,27.23],[-82.51,27.24],[-82.52,27.24],[-82.52,27.25],[-82.53,27.25],[-82.53,27.24],[-82.54,27.25],[-82.54,27.26],[-82.55,27.26],[-82.56,27.27],[-82.57,27.27],[-82.57,27.28],[-82.56,27.28],[-82.55,27.29]],[[-82.41,27.01],[-82.41,27.02],[-82.415,27.02],[-82.41,27.01]],[[-82.47,27.11],[-82.46,27.11],[-82.47,27.12],[-82.47,27.11]],[[-82.46,27.11],[-82.45,27.11],[-82.45,27.1],[-82.44,27.11],[-82.44,27.12],[-82.45,27.12],[-82.46,27.12],[-82.46,27.11]],[[-82.48,27.14],[-82.47,27.14],[-82.47,27.15],[-82.48,27.15],[-82.48,27.14]],[[-82.27,27.02],[-82.27,27.03],[-82.28,27.03],[-82.28,27.02],[-82.27,27.02]],[[-82.31,27.06],[-82.31,27.07],[-82.32,27.07],[-82.31,27.06]],[[-82.44,27.13],[-82.43,27.13],[-82.43,27.14],[-82.44,27.14],[-82.44,27.13]],[[-82.53,27.27],[-82.52,27.28],[-82.53,27.28],[-82.53,27.27]]],[[[-82.64,27.39],[-82.63,27.38],[-82.64,27.38],[-82.64,27.39]]],[[[-82.63,27.38],[-82.62,27.38],[-82.62,27.37],[-82.61,27.36],[-82.61,27.35],[-82.62,27.35],[-82.62,27.36],[-82.63,27.37],[-82.63,27.38]]],[[[-82.61,27.35],[-82.6,27.35],[-82.6,27.34],[-82.61,27.35]]],[[[-82.6,27.34],[-82.59,27.34],[-82.58,27.34],[-82.58,27.33],[-82.59,27.32],[-82.59,27.33],[-82.6,27.34]]],[[[-82.58,27.33],[-82.57,27.34],[-82.57,27.33],[-82.58,27.33]]],[[[-82.58,27.32],[-82.57,27.32],[-82.58,27.31],[-82.58,27.32]]],[[[-82.58,27.31],[-82.57,27.31],[-82.56,27.31],[-82.56,27.3],[-82.57,27.3],[-82.58,27.31]]],[[[-82.56,27.3],[-82.55,27.29],[-82.56,27.29],[-82.56,27.3]]],[[[-82.53,27.24],[-82.52,27.24],[-82.52,27.23],[-82.51,27.22],[-82.5,27.22],[-82.51,27.21],[-82.53,27.24]]],[[[-82.51,27.21],[-82.5,27.2],[-82.5,27.19],[-82.505,27.2],[-82.51,27.21]]],[[[-82.405,26.995],[-82.4,26.99],[-82.39,26.98],[-82.39,26.97],[-82.39,26.96],[-82.4,26.98],[-82.405,26.995]]],[[[-82.39,26.96],[-82.38,26.97],[-82.38,26.96],[-82.38,26.95],[-82.39,26.96]]],[[[-82.57,27.33],[-82.56,27.33],[-82.56,27.32],[-82.57,27.33]]]]}},
{"type":"Feature","properties":{"ugc":"FLC117","name":"Seminole","state":"FL","wfo":"MLB"},"geometry":{"type":"MultiPolygon","coordinates":[[[[-81.35,28.85],[-81.34,28.85],[-81.34,28.84],[-81.33,28.84],[-81.32,28.84],[-81.31,28.83],[-81.27,28.83],[-81.24,28.83],[-81.23,28.83],[-81.22,28.83],[-81.22,28.82],[-81.22,28.81],[-81.21,28.8],[-81.2,28.8],[-81.2,28.79],[-81.19,28.79],[-81.18,28.8],[-81.18,28.79],[-81.17,28.78],[-81.17,28.79],[-81.16,28.79],[-81.15,28.79],[-81.14,28.79],[-81.14,28.8],[-81.13,28.8],[-81.13,28.81],[-81.12,28.81],[-81.12,28.82],[-81.12,28.83],[-81.11,28.83],[-81.1,28.83],[-81.1,28.82],[-81.09,28.82],[-81.08,28.82],[-81.07,28.82],[-81.07,28.81],[-81.07,28.8],[-81.06,28.8],[-81.06,28.79],[-81.05,28.78],[-81.06,28.75],[-81.05,28.74],[-81.05,28.73],[-81.04,28.73],[-81.04,28.72],[-81.03,28.72],[-81.04,28.71],[-81.03,28.71],[-81.03,28.7],[-81.02,28.7],[-81.02,28.69],[-81.02,28.68],[-81.02,28.67],[-81.01,28.67],[-81.01,28.66],[-81.01,28.65],[-81.0,28.65],[-81.0,28.64],[-81.01,28.64],[-81.0,28.63],[-80.99,28.62],[-80.99,28.61],[-81.0,28.61],[-81.01,28.61],[-81.03,28.61],[-81.04,28.61],[-81.07,28.61],[-81.12,28.61],[-81.16,28.61],[-81.18,28.61],[-81.19,28.61],[-81.21,28.61],[-81.23,28.61],[-81.25,28.61],[-81.27,28.61],[-81.28,28.61],[-81.29,28.61],[-81.32,28.61],[-81.33,28.61],[-81.33,28.62],[-81.33,28.64],[-81.36,28.64],[-81.37,28.64],[-81.38,28.64],[-81.4,28.64],[-81.42,28.64],[-81.43,28.64],[-81.46,28.64],[-81.46,28.65],[-81.46,28.66],[-81.46,28.69],[-81.46,28.7],[-81.46,28.71],[-81.45,28.72],[-81.45,28.71],[-81.44,28.71],[-81.44,28.72],[-81.43,28.73],[-81.42,28.74],[-81.42,28.75],[-81.42,28.76],[-81.42,28.77],[-81.41,28.78],[-81.41,28.79],[-81.41,28.8],[-81.42,28.8],[-81.42,28.81],[-81.42,28.82],[-81.42,28.83],[-81.41,28.83],[-81.41,28.84],[-81.4,28.84],[-81.39,28.84],[-81.39,28.85],[-81.38,28.85],[-81.38,28.86],[-81.38,28.87],[-81.37,28.87],[-81.37,28.88],[-81.36,28.87],[-81.36,28.86],[-81.35,28.86],[-81.36,28.85],[-81.35,28.85]]]]}},
{"type":"Feature","properties":{"ugc":"FLC119","name":"Sumter","state":"FL","wfo":"TBW"},"geometry":{"type":"MultiPolygon","coordinates":[[[[-82.31,28.96],[-82.25,28.96],[-82.23,28.96],[-82.22,28.96],[-82.16,28.96],[-82.12,28.96],[-82.03,28.96],[-82.0,28.96],[-81.97,28.96],[-81.95,28.96],[-81.95,28.93],[-81.95,28.91],[-81.95,28.87],[-81.95,28.84],[-81.95,28.82],[-81.95,28.79],[-81.95,28.77],[-81.95,28.75],[-81.95,28.74],[-81.95,28.73],[-81.95,28.72],[-81.95,28.66],[-81.95,28.64],[-81.95,28.63],[-81.95,28.6],[-81.95,28.59],[-81.95,28.58],[-81.95,28.56],[-81.95,28.55],[-81.95,28.53],[-81.95,28.52],[-81.96,28.5],[-81.96,28.43],[-81.96,28.42],[-81.96,28.41],[-81.96,28.38],[-81.96,28.35],[-81.96,28.33],[-81.96,28.31],[-81.97,28.31],[-81.98,28.31],[-81.98,28.3],[-81.99,28.3],[-81.99,28.31],[-82.0,28.32],[-82.01,28.32],[-82.02,28.32],[-82.03,28.32],[-82.04,28.32],[-82.05,28.32],[-82.06,28.31],[-82.06,28.32],[-82.06,28.43],[-82.06,28.48],[-82.05,28.5],[-82.05,28.52],[-82.06,28.52],[-82.06,28.53],[-82.07,28.53],[-82.08,28.53],[-82.09,28.53],[-82.09,28.52],[-82.1,28.53],[-82.1,28.54],[-82.11,28.54],[-82.12,28.54],[-82.13,28.54],[-82.13,28.55],[-82.14,28.56],[-82.14,28.57],[-82.15,28.57],[-82.16,28.57],[-82.17,28.56],[-82.17,28.57],[-82.18,28.57],[-82.19,28.57],[-82.19,28.58],[-82.2,28.58],[-82.2,28.57],[-82.21,28.57],[-82.22,28.58],[-82.22,28.59],[-82.22,28.6],[-82.23,28.6],[-82.23,28.61],[-82.24,28.61],[-82.24,28.62],[-82.25,28.62],[-82.25,28.63],[-82.26,28.63],[-82.26,28.64],[-82.26,28.65],[-82.27,28.65],[-82.27,28.66],[-82.27,28.67],[-82.26,28.67],[-82.26,28.68],[-82.26,28.69],[-82.25,28.69],[-82.25,28.7],[-82.25,28.71],[-82.25,28.72],[-82.24,28.72],[-82.24,28.73],[-82.23,28.73],[-82.23,28.74],[-82.22,28.74],[-82.22,28.75],[-82.21,28.75],[-82.21,28.76],[-82.2,28.76],[-82.19,28.76],[-82.18,28.76],[-82.18,28.77],[-82.19,28.77],[-82.19,28.78],[-82.18,28.78],[-82.18,28.79],[-82.17,28.79],[-82.17,28.8],[-82.18,28.8],[-82.18,28.81],[-82.18,28.82],[-82.19,28.83],[-82.2,28.83],[-82.21,28.84],[-82.22,28.85],[-82.23,28.85],[-82.23,28.86],[-82.24,28.86],[-82.24,28.87],[-82.24,28.88],[-82.25,28.88],[-82.26,28.89],[-82.27,28.89],[-82.27,28.9],[-82.28,28.9],[-82.28,28.91],[-82.28,28.92],[-82.29,28.93],[-82.29,28.94],[-82.3,28.94],[-82.3,28.95],[-82.31,28.95],[-82.31,28.96]]]]}},
{"type":"Feature","properties":{"ugc":"FLC121","name":"Suwannee","state":"FL","wfo":"JAX"},"geometry":{"type":"MultiPolygon","coordinates":[[[[-83.25,30.25],[-83.25,30.26],[-83.24,30.26],[-83.24,30.27],[-83.24,30.28],[-83.23,30.28],[-83.23,30.29],[-83.23,30.3],[-83.22,30.3],[-83.21,30.31],[-83.21,30.32],[-83.21,30.33],[-83.21,30.34],[-83.21,30.35],[-83.2,30.35],[-83.19,30.35],[-83.19,30.36],[-83.19,30.37],[-83.19,30.38],[-83.18,30.38],[-83.17,30.39],[-83.16,30.39],[-83.17,30.4],[-83.16,30.4],[-83.16,30.41],[-83.16,30.42],[-83.15,30.42],[-83.14,30.42],[-83.13,30.42],[-83.13,30.43],[-83.12,30.43],[-83.11,30.43],[-83.1,30.44],[-83.09,30.44],[-83.08,30.44],[-83.08,30.43],[-83.07,30.43],[-83.06,30.43],[-83.05,30.43],[-83.04,30.43],[-83.03,30.43],[-83.01,30.42],[-83.01,30.43],[-83.0,30.43],[-82.99,30.43],[-82.98,30.42],[-82.97,30.42],[-82.96,30.42],[-82.96,30.41],[-82.95,30.41],[-82.95,30.4],[-82.94,30.4],[-82.93,30.39],[-82.92,30.39],[-82.91,30.38],[-82.9,30.38],[-82.91,30.39],[-82.9,30.39],[-82.89,30.39],[-82.89,30.38],[-82.89,30.37],[-82.88,30.37],[-82.87,30.37],[-82.87,30.36],[-82.86,30.36],[-82.86,30.35],[-82.85,30.35],[-82.85,30.34],[-82.84,30.34],[-82.83,30.34],[-82.82,30.34],[-82.81,30.34],[-82.8,30.35],[-82.8,30.34],[-82.79,30.34],[-82.79,30.33],[-82.79,30.32],[-82.79,30.31],[-82.79,30.28],[-82.79,30.27],[-82.79,30.25],[-82.79,30.24],[-82.79,30.23],[-82.79,30.2],[-82.79,30.13],[-82.79,30.11],[-82.79,30.07],[-82.79,30.06],[-82.79,30.02],[-82.79,29.99],[-82.77,29.99],[-82.76,29.99],[-82.76,29.98],[-82.76,29.97],[-82.76,29.96],[-82.77,29.96],[-82.78,29.96],[-82.79,29.95],[-82.79,29.94],[-82.8,29.94],[-82.8,29.93],[-82.81,29.93],[-82.82,29.93],[-82.82,29.92],[-82.83,29.92],[-82.83,29.91],[-82.84,29.91],[-82.85,29.91],[-82.86,29.91],[-82.87,29.9],[-82.88,29.89],[-82.88,29.88],[-82.89,29.88],[-82.89,29.89],[-82.89,29.9],[-82.9,29.9],[-82.91,29.9],[-82.91,29.91],[-82.92,29.91],[-82.92,29.92],[-82.93,29.92],[-82.92,29.93],[-82.92,29.94],[-82.93,29.95],[-82.93,29.96],[-82.94,29.96],[-82.95,29.96],[-82.95,29.97],[-82.96,29.97],[-82.96,29.98],[-82.96,29.99],[-82.97,30.0],[-82.98,30.0],[-82.98,30.01],[-82.99,30.01],[-83.0,30.01],[-83.01,30.02],[-83.01,30.03],[-83.02,30.03],[-83.02,30.04],[-83.03,30.04],[-83.03,30.05],[-83.04,30.05],[-83.04,30.06],[-83.05,30.06],[-83.06,30.06],[-83.07,30.06],[-83.07,30.07],[-83.07,30.08],[-83.09,30.08],[-83.09,30.09],[-83.1,30.09],[-83.11,30.09],[-83.11,30.1],[-83.12,30.1],[-83.13,30.1],[-83.14,30.1],[-83.15,30.1],[-83.16,30.11],[-83.17,30.1],[-83.18,30.1],[-83.18,30.09],[-83.19,30.1],[-83.2,30.11],[-83.21,30.1],[-83.22,30.11],[-83.23,30.12],[-83.22,30.13],[-83.23,30.14],[-83.23,30.15],[-83.24,30.15],[-83.23,30.16],[-83.23,30.17],[-83.24,30.17],[-83.24,30.18],[-83.25,30.18],[-83.25,30.19],[-83.25,30.2],[-83.25,30.21],[-83.24,30.21],[-83.24,30.22],[-83.24,30.23],[-83.25,30.23],[-83.25,30.24],[-83.25,30.25]]],[[[-82.91,29.9],[-82.91,29.89],[-82.92,29.89],[-82.92,29.9],[-82.91,29.9]]]]}},
{"type":"Feature","properties":{"ugc":"FLC123","name":"Taylor","state":"FL","wfo":"TAE"},"geometry":{"type":"MultiPolygon","coordinates":[[[[-83.99,30.08],[-83.98,30.09],[-83.99,30.09],[-83.99,30.1],[-83.98,30.11],[-83.98,30.12],[-83.97,30.13],[-83.97,30.14],[-83.97,30.15],[-83.96,30.15],[-83.96,30.16],[-83.96,30.17],[-83.95,30.18],[-83.95,30.19],[-83.94,30.19],[-83.93,30.19],[-83.93,30.2],[-83.92,30.2],[-83.92,30.21],[-83.92,30.22],[-83.92,30.23],[-83.92,30.24],[-83.91,30.25],[-83.9,30.25],[-83.9,30.26],[-83.89,30.26],[-83.88,30.27],[-83.87,30.27],[-83.86,30.27],[-83.85,30.28],[-83.84,30.28],[-83.83,30.29],[-83.83,30.3],[-83.82,30.3],[-83.78,30.3],[-83.75,30.3],[-83.74,30.3],[-83.72,30.3],[-83.71,30.3],[-83.67,30.3],[-83.64,30.3],[-83.61,30.3],[-83.59,30.3],[-83.53,30.3],[-83.5,30.3],[-83.47,30.3],[-83.47,30.28],[-83.47,30.27],[-83.47,30.26],[-83.43,30.26],[-83.41,30.26],[-83.37,30.26],[-83.37,30.25],[-83.37,30.24],[-83.37,30.21],[-83.37,30.2],[-83.37,30.19],[-83.37,30.16],[-83.37,30.13],[-83.37,30.09],[-83.37,30.04],[-83.37,30.01],[-83.37,30.0],[-83.37,29.99],[-83.37,29.9],[-83.37,29.89],[-83.35,29.89],[-83.35,29.82],[-83.33,29.82],[-83.32,29.82],[-83.32,29.81],[-83.32,29.78],[-83.33,29.77],[-83.33,29.76],[-83.34,29.76],[-83.34,29.75],[-83.34,29.74],[-83.35,29.73],[-83.34,29.73],[-83.35,29.72],[-83.35,29.71],[-83.35,29.7],[-83.35,29.69],[-83.36,29.69],[-83.36,29.68],[-83.36,29.67],[-83.37,29.67],[-83.38,29.67],[-83.39,29.67],[-83.4,29.67],[-83.41,29.67],[-83.42,29.67],[-83.43,29.67],[-83.43,29.68],[-83.44,29.68],[-83.45,29.68],[-83.46,29.68],[-83.47,29.68],[-83.47,29.69],[-83.48,29.69],[-83.48,29.7],[-83.49,29.7],[-83.49,29.71],[-83.5,29.71],[-83.51,29.71],[-83.51,29.72],[-83.52,29.72],[-83.53,29.72],[-83.54,29.72],[-83.54,29.73],[-83.55,29.73],[-83.55,29.74],[-83.55,29.75],[-83.56,29.74],[-83.56,29.75],[-83.56,29.76],[-83.57,29.76],[-83.58,29.76],[-83.58,29.77],[-83.58,29.78],[-83.57,29.78],[-83.58,29.79],[-83.58,29.8],[-83.59,29.8],[-83.59,29.81],[-83.59,29.82],[-83.6,29.83],[-83.6,29.84],[-83.61,29.84],[-83.62,29.84],[-83.62,29.85],[-83.62,29.86],[-83.63,29.86],[-83.63,29.87],[-83.63,29.88],[-83.64,29.88],[-83.64,29.89],[-83.65,29.89],[-83.65,29.9],[-83.66,29.9],[-83.66,29.91],[-83.67,29.91],[-83.68,29.91],[-83.68,29.92],[-83.69,29.92],[-83.69,29.93],[-83.7,29.93],[-83.7,29.94],[-83.71,29.93],[-83.71,29.94],[-83.72,29.94],[-83.73,29.94],[-83.73,29.95],[-83.74,29.95],[-83.74,29.96],[-83.75,29.96],[-83.75,29.97],[-83.76,29.96],[-83.76,29.97],[-83.77,29.97],[-83.77,29.98],[-83.78,29.98],[-83.79,29.98],[-83.8,29.98],[-83.81,29.98],[-83.82,29.98],[-83.83,29.98],[-83.83,29.99],[-83.84,29.99],[-83.84,30.0],[-83.85,30.0],[-83.86,30.0],[-83.86,30.01],[-83.87,30.01],[-83.88,30.01],[-83.88,30.02],[-83.89,30.02],[-83.9,30.02],[-83.9,30.03],[-83.91,30.03],[-83.92,30.03],[-83.93,30.03],[-83.93,30.04],[-83.93,30.05],[-83.94,30.05],[-83.95,30.05],[-83.95,30.06],[-83.96,30.06],[-83.96,30.07],[-83.97,30.07],[-83.98,30.08],[-83.99,30.08]],[[-83.8,29.98],[-83.79,29.99],[-83.8,29.99],[-83.8,29.98]]],[[[-83.99,30.08],[-84.0,30.08],[-83.99,30.09],[-83.99,30.08]]],[[[-83.56,29.73],[-83.57,29.73],[-83.57,29.74],[-83.56,29.73]]]]}},
{"type":"Feature","properties":{"ugc":"FLC125","name":"Union","state":"FL","wfo":"JAX"},"geometry":{"type":"MultiPolygon","coordinates":[[[[-82.57,29.99],[-82.57,30.0],[-82.57,30.01],[-82.56,30.02],[-82.55,30.02],[-82.54,30.02],[-82.54,30.03],[-82.54,30.04],[-82.54,30.05],[-82.54,30.06],[-82.53,30.06],[-82.53,30.07],[-82.52,30.07],[-82.52,30.08],[-82.51,30.08],[-82.5,30.08],[-82.5,30.09],[-82.49,30.09],[-82.48,30.09],[-82.47,30.1],[-82.46,30.1],[-82.46,30.11],[-82.45,30.12],[-82.45,30.13],[-82.46,30.13],[-82.46,30.14],[-82.45,30.14],[-82.44,30.14],[-82.43,30.14],[-82.39,30.14],[-82.38,30.14],[-82.37,30.14],[-82.35,30.14],[-82.32,30.14],[-82.3,30.14],[-82.27,30.14],[-82.25,30.14],[-82.22,30.14],[-82.21,30.14],[-82.15,30.14],[-82.15,30.13],[-82.14,30.13],[-82.14,30.12],[-82.15,30.11],[-82.16,30.11],[-82.16,30.1],[-82.17,30.1],[-82.17,30.09],[-82.18,30.08],[-82.18,30.07],[-82.19,30.06],[-82.2,30.05],[-82.21,30.05],[-82.21,30.04],[-82.22,30.05],[-82.22,30.04],[-82.23,30.03],[-82.24,30.03],[-82.25,30.03],[-82.26,30.03],[-82.26,30.02],[-82.27,30.02],[-82.27,30.01],[-82.27,30.0],[-82.28,29.99],[-82.29,29.98],[-82.29,29.97],[-82.3,29.97],[-82.3,29.96],[-82.31,29.96],[-82.31,29.95],[-82.32,29.95],[-82.33,29.96],[-82.34,29.96],[-82.34,29.95],[-82.35,29.95],[-82.35,29.94],[-82.36,29.94],[-82.36,29.93],[-82.37,29.94],[-82.37,29.93],[-82.38,29.93],[-82.39,29.93],[-82.4,29.93],[-82.41,29.93],[-82.42,29.93],[-82.42,29.92],[-82.43,29.92],[-82.43,29.93],[-82.44,29.93],[-82.45,29.93],[-82.46,29.93],[-82.47,29.93],[-82.48,29.93],[-82.48,29.94],[-82.49,29.94],[-82.5,29.94],[-82.51,29.94],[-82.51,29.95],[-82.52,29.94],[-82.52,29.95],[-82.53,29.94],[-82.53,29.95],[-82.53,29.96],[-82.54,29.96],[-82.55,29.96],[-82.56,29.97],[-82.57,29.97],[-82.57,29.98],[-82.57,29.99]]]]}},
{"type":"Feature","properties":{"ugc":"FLC127","name":"Volusia","state":"FL","wfo":"MLB"},"geometry":{"type":"MultiPolygon","coordinates":[[[[-81.43,29.05],[-81.44,29.05],[-81.44,29.06],[-81.45,29.06],[-81.46,29.06],[-81.46,29.07],[-81.46,29.08],[-81.45,29.08],[-81.46,29.09],[-81.46,29.1],[-81.47,29.1],[-81.47,29.09],[-81.48,29.09],[-81.49,29.09],[-81.49,29.1],[-81.5,29.1],[-81.5,29.11],[-81.51,29.11],[-81.51,29.12],[-81.5,29.12],[-81.51,29.13],[-81.51,29.14],[-81.52,29.14],[-81.52,29.15],[-81.52,29.16],[-81.52,29.17],[-81.53,29.17],[-81.53,29.18],[-81.54,29.18],[-81.55,29.18],[-81.55,29.19],[-81.56,29.19],[-81.56,29.2],[-81.57,29.2],[-81.58,29.2],[-81.59,29.2],[-81.6,29.2],[-81.61,29.2],[-81.61,29.21],[-81.62,29.21],[-81.62,29.22],[-81.62,29.23],[-81.63,29.24],[-81.63,29.25],[-81.64,29.26],[-81.64,29.27],[-81.64,29.28],[-81.65,29.28],[-81.65,29.29],[-81.65,29.3],[-81.66,29.3],[-81.67,29.3],[-81.67,29.31],[-81.68,29.31],[-81.68,29.32],[-81.65,29.33],[-81.59,29.34],[-81.53,29.36],[-81.5,29.37],[-81.48,29.37],[-81.46,29.38],[-81.45,29.38],[-81.44,29.38],[-81.44,29.39],[-81.44,29.4],[-81.43,29.4],[-81.42,29.4],[-81.42,29.37],[-81.42,29.32],[-81.42,29.3],[-81.42,29.28],[-81.42,29.26],[-81.41,29.26],[-81.37,29.26],[-81.35,29.26],[-81.34,29.26],[-81.32,29.26],[-81.25,29.26],[-81.2,29.26],[-81.19,29.27],[-81.18,29.27],[-81.17,29.27],[-81.15,29.27],[-81.15,29.35],[-81.15,29.39],[-81.16,29.41],[-81.15,29.41],[-81.15,29.42],[-81.14,29.42],[-81.12,29.42],[-81.11,29.43],[-81.1,29.43],[-81.09,29.41],[-81.09,29.4],[-81.08,29.38],[-81.09,29.38],[-81.09,29.36],[-81.09,29.35],[-81.08,29.35],[-81.08,29.34],[-81.08,29.33],[-81.07,29.31],[-81.06,29.31],[-81.06,29.32],[-81.07,29.33],[-81.08,29.37],[-81.06,29.33],[-81.05,29.32],[-81.05,29.31],[-81.04,29.29],[-81.03,29.28],[-81.03,29.27],[-81.02,29.26],[-81.02,29.25],[-81.01,29.24],[-81.01,29.23],[-81.01,29.22],[-81.02,29.23],[-81.02,29.22],[-81.02,29.21],[-81.01,29.2],[-81.01,29.19],[-81.0,29.19],[-81.0,29.18],[-81.0,29.17],[-80.99,29.16],[-80.99,29.15],[-80.99,29.14],[-80.98,29.14],[-80.98,29.13],[-80.98,29.12],[-80.97,29.12],[-80.96,29.12],[-80.96,29.13],[-80.95,29.12],[-80.94,29.11],[-80.94,29.1],[-80.93,29.09],[-80.94,29.09],[-80.94,29.08],[-80.93,29.08],[-80.93,29.07],[-80.93,29.06],[-80.92,29.06],[-80.92,29.07],[-80.91,29.07],[-80.91,29.06],[-80.9,29.06],[-80.9,29.05],[-80.91,29.05],[-80.91,29.04],[-80.91,29.03],[-80.9,29.04],[-80.89,29.04],[-80.88,29.01],[-80.87,29.0],[-80.87,28.99],[-80.86,28.99],[-80.86,28.98],[-80.86,28.97],[-80.85,28.97],[-80.85,28.96],[-80.86,28.96],[-80.86,28.95],[-80.86,28.94],[-80.85,28.94],[-80.85,28.95],[-80.84,28.95],[-80.83,28.94],[-80.83,28.93],[-80.83,28.92],[-80.83,28.91],[-80.82,28.9],[-80.82,28.89],[-80.83,28.88],[-80.84,28.88],[-80.84,28.87],[-80.83,28.87],[-80.82,28.86],[-80.82,28.85],[-80.82,28.84],[-80.82,28.83],[-80.81,28.83],[-80.81,28.82],[-80.8,28.82],[-80.8,28.81],[-80.79,28.8],[-80.79,28.79],[-80.8,28.79],[-80.81,28.79],[-80.84,28.79],[-80.84,28.8],[-80.85,28.8],[-80.85,28.79],[-80.87,28.79],[-80.9,28.79],[-80.91,28.79],[-80.92,28.79],[-80.94,28.79],[-80.97,28.79],[-80.97,28.74],[-80.97,28.73],[-80.97,28.7],[-80.97,28.67],[-80.96,28.61],[-80.97,28.61],[-80.99,28.61],[-80.99,28.62],[-81.0,28.63],[-81.01,28.64],[-81.0,28.64],[-81.0,28.65],[-81.01,28.65],[-81.01,28.66],[-81.01,28.67],[-81.02,28.67],[-81.02,28.68],[-81.02,28.69],[-81.02,28.7],[-81.03,28.7],[-81.03,28.71],[-81.04,28.71],[-81.03,28.72],[-81.04,28.72],[-81.04,28.73],[-81.05,28.73],[-81.05,28.74],[-81.06,28.75],[-81.05,28.78],[-81.06,28.79],[-81.06,28.8],[-81.07,28.8],[-81.07,28.81],[-81.07,28.82],[-81.08,28.82],[-81.09,28.82],[-81.1,28.82],[-81.1,28.83],[-81.11,28.83],[-81.12,28.83],[-81.12,28.82],[-81.12,28.81],[-81.13,28.81],[-81.13,28.8],[-81.14,28.8],[-81.14,28.79],[-81.15,28.79],[-81.16,28.79],[-81.17,28.79],[-81.17,28.78],[-81.18,28.79],[-81.18,28.8],[-81.19,28.79],[-81.2,28.79],[-81.2,28.8],[-81.21,28.8],[-81.22,28.81],[-81.22,28.82],[-81.22,28.83],[-81.23,28.83],[-81.24,28.83],[-81.27,28.83],[-81.31,28.83],[-81.32,28.84],[-81.33,28.84],[-81.34,28.84],[-81.34,28.85],[-81.35,28.85],[-81.36,28.85],[-81.35,28.86],[-81.36,28.86],[-81.36,28.87],[-81.37,28.88],[-81.37,28.89],[-81.36,28.89],[-81.35,28.89],[-81.35,28.9],[-81.36,28.9],[-81.36,28.91],[-81.36,28.92],[-81.35,28.92],[-81.35,28.93],[-81.35,28.94],[-81.36,28.94],[-81.35,28.95],[-81.36,28.95],[-81.36,28.96],[-81.37,28.96],[-81.37,28.97],[-81.36,28.97],[-81.36,28.98],[-81.35,28.98],[-81.36,28.99],[-81.37,28.99],[-81.37,29.0],[-81.38,29.0],[-81.38,29.01],[-81.39,29.01],[-81.39,29.02],[-81.4,29.03],[-81.41,29.03],[-81.41,29.04],[-81.42,29.04],[-81.43,29.05]],[[-81.02,29.23],[-81.02,29.24],[-81.03,29.25],[-81.03,29.26],[-81.04,29.26],[-81.04,29.25],[-81.04,29.24],[-81.03,29.24],[-81.03,29.23],[-81.02,29.23]],[[-81.04,29.26],[-81.04,29.27],[-81.04,29.28],[-81.05,29.29],[-81.05,29.28],[-81.05,29.27],[-81.04,29.26]],[[-81.05,29.29],[-81.05,29.3],[-81.06,29.3],[-81.06,29.29],[-81.05,29.29]],[[-80.96,29.12],[-80.96,29.11],[-80.95,29.1],[-80.95,29.11],[-80.96,29.12]],[[-80.86,28.94],[-80.87,28.95],[-80.87,28.94],[-80.86,28.94]],[[-80.87,28.95],[-80.87,28.96],[-80.87,28.97],[-80.88,28.97],[-80.89,28.97],[-80.89,28.96],[-80.88,28.96],[-80.88,28.95],[-80.87,28.95]],[[-80.84,28.88],[-80.84,28.89],[-80.85,28.89],[-80.85,28.88],[-80.84,28.88]],[[-80.82,28.85],[-80.83,28.86],[-80.83,28.85],[-80.82,28.85]],[[-80.89,28.98],[-80.89,28.99],[-80.9,28.99],[-80.89,28.98]],[[-80.9,28.99],[-80.89,29.0],[-80.9,29.0],[-80.9,29.01],[-80.91,29.01],[-80.91,29.0],[-80.9,28.99]],[[-80.85,28.9],[-80.85,28.91],[-80.86,28.91],[-80.85,28.9]],[[-81.1,29.41],[-81.1,29.42],[-81.11,29.42],[-81.11,29.41],[-81.1,29.41]]],[[[-81.0,29.19],[-81.0,29.2],[-81.0,29.21],[-80.99,29.2],[-80.98,29.18],[-80.98,29.17],[-80.97,29.15],[-80.98,29.16],[-80.99,29.17],[-80.99,29.18],[-81.0,29.19]]],[[[-80.97,29.15],[-80.965,29.14],[-80.96,29.13],[-80.97,29.13],[-80.97,29.14],[-80.97,29.15]]],[[[-81.0,29.21],[-81.01,29.21],[-81.01,29.22],[-81.0,29.22],[-81.0,29.21]]],[[[-80.85,28.96],[-80.84,28.96],[-80.84,28.95],[-80.85,28.96]]],[[[-80.82,28.9],[-80.82,28.91],[-80.82,28.92],[-80.8,28.9],[-80.8,28.89],[-80.81,28.89],[-80.81,28.9],[-80.82,28.9]]],[[[-80.8,28.89],[-80.79,28.88],[-80.8,28.88],[-80.8,28.89]]],[[[-80.79,28.88],[-80.7825,28.87],[-80.79,28.87],[-80.79,28.88]]],[[[-80.78,28.86666666666666],[-80.76,28.84],[-80.76,28.83],[-80.75,28.82],[-80.75,28.81],[-80.76,28.81],[-80.76,28.82],[-80.77,28.82],[-80.78,28.82],[-80.78,28.83],[-80.77,28.83],[-80.77,28.84],[-80.78,28.84],[-80.78,28.85],[-80.78,28.86],[-80.78,28.86666666666666]]],[[[-80.75,28.81],[-80.74,28.81],[-80.74,28.8],[-80.75,28.81]]],[[[-80.74,28.8],[-80.73,28.79],[-80.74,28.79],[-80.75,28.79],[-80.75,28.8],[-80.74,28.8]]]]}},
{"type":"Feature","properties":{"ugc":"FLC129","name":"Wakulla","state":"FL","wfo":"TAE"},"geometry":{"type":"MultiPolygon","coordinates":[[[[-84.7,30.23],[-84.7,30.24],[-84.7,30.25],[-84.71,30.25],[-84.72,30.25],[-84.73,30.26],[-84.74,30.26],[-84.74,30.27],[-84.73,30.27],[-84.73,30.28],[-84.73,30.29],[-84.71,30.3],[-84.63,30.3],[-84.62,30.3],[-84.51,30.3],[-84.38,30.3],[-84.37,30.3],[-84.36,30.3],[-84.34,30.3],[-84.33,30.3],[-84.3,30.3],[-84.28,30.3],[-84.25,30.3],[-84.24,30.28],[-84.24,30.27],[-84.23,30.27],[-84.21,30.27],[-84.19,30.27],[-84.15,30.27],[-84.14,30.27],[-84.13,30.27],[-84.12,30.27],[-84.08,30.27],[-84.08,30.26],[-84.08,30.24],[-84.08,30.21],[-84.08,30.2],[-84.08,30.19],[-84.08,30.16],[-84.08,30.11],[-84.08,30.1],[-84.08,30.09],[-84.09,30.09],[-84.1,30.09],[-84.11,30.09],[-84.11,30.08],[-84.12,30.08],[-84.12,30.09],[-84.13,30.09],[-84.14,30.09],[-84.14,30.08],[-84.15,30.08],[-84.16,30.07],[-84.17,30.07],[-84.18,30.07],[-84.18,30.08],[-84.18,30.09],[-84.19,30.09],[-84.19,30.1],[-84.2,30.1],[-84.21,30.1],[-84.21,30.09],[-84.22,30.09],[-84.23,30.09],[-84.24,30.09],[-84.25,30.1],[-84.26,30.1],[-84.26,30.11],[-84.27,30.11],[-84.27,30.1],[-84.27,30.09],[-84.27,30.08],[-84.27,30.07],[-84.27,30.06],[-84.28,30.06],[-84.29,30.06],[-84.3,30.06],[-84.3,30.07],[-84.31,30.07],[-84.31,30.08],[-84.32,30.08],[-84.33,30.08],[-84.34,30.08],[-84.34,30.07],[-84.35,30.07],[-84.35,30.06],[-84.36,30.06],[-84.36,30.05],[-84.36,30.04],[-84.37,30.04],[-84.37,30.03],[-84.37,30.02],[-84.38,30.03],[-84.38,30.04],[-84.39,30.04],[-84.39,30.03],[-84.39,30.02],[-84.38,30.02],[-84.38,30.01],[-84.39,30.01],[-84.39,30.0],[-84.38,30.0],[-84.38,29.99],[-84.37,29.99],[-84.37,30.0],[-84.37,30.01],[-84.36,30.0],[-84.36,29.99],[-84.36,29.98],[-84.35,29.98],[-84.34,29.98],[-84.35,29.97],[-84.36,29.97],[-84.37,29.97],[-84.37,29.98],[-84.38,29.98],[-84.39,29.98],[-84.4,29.98],[-84.41,29.98],[-84.42,29.98],[-84.42,29.99],[-84.43,29.99],[-84.43,30.0],[-84.44,30.0],[-84.44,29.99],[-84.45,29.99],[-84.45,29.98],[-84.45,29.97],[-84.46,29.97],[-84.46,29.98],[-84.46,29.99],[-84.46,30.0],[-84.47,30.0],[-84.48,30.0],[-84.48,29.99],[-84.49,29.99],[-84.5,29.99],[-84.51,29.99],[-84.51,29.98],[-84.52,29.98],[-84.52,29.99],[-84.52,30.0],[-84.52,30.01],[-84.53,30.01],[-84.54,30.01],[-84.54,30.0],[-84.55,30.01],[-84.56,30.01],[-84.56,30.02],[-84.57,30.02],[-84.58,30.02],[-84.58,30.03],[-84.59,30.03],[-84.6,30.03],[-84.6,30.04],[-84.6,30.05],[-84.61,30.05],[-84.61,30.06],[-84.62,30.07],[-84.62,30.06],[-84.63,30.06],[-84.63,30.07],[-84.64,30.07],[-84.64,30.08],[-84.64,30.09],[-84.65,30.09],[-84.65,30.1],[-84.65,30.11],[-84.65,30.12],[-84.66,30.12],[-84.67,30.12],[-84.67,30.13],[-84.67,30.14],[-84.67,30.15],[-84.67,30.16],[-84.67,30.17],[-84.67,30.18],[-84.67,30.19],[-84.68,30.19],[-84.68,30.2],[-84.68,30.21],[-84.68,30.22],[-84.69,30.22],[-84.7,30.23]],[[-84.18,30.09],[-84.17,30.09],[-84.17,30.1],[-84.18,30.1],[-84.18,30.09]],[[-84.25,30.1],[-84.24,30.1],[-84.24,30.11],[-84.25,30.11],[-84.25,30.1]],[[-84.27,30.11],[-84.27,30.12],[-84.28,30.12],[-84.28,30.11],[-84.27,30.11]],[[-84.29,30.06],[-84.28,30.07],[-84.28,30.08],[-84.28,30.09],[-84.29,30.09],[-84.29,30.08],[-84.29,30.07],[-84.29,30.06]],[[-84.47,30.01],[-84.46,30.01],[-84.45,30.02],[-84.46,30.02],[-84.47,30.02],[-84.47,30.01]],[[-84.47,30.02],[-84.46,30.03],[-84.47,30.03],[-84.47,30.02]],[[-84.5,30.02],[-84.5,30.03],[-84.51,30.02],[-84.5,30.02]],[[-84.5,30.06],[-84.49,30.06],[-84.49,30.07],[-84.5,30.06]]],[[[-84.33,30.07],[-84.33,30.08],[-84.32,30.07],[-84.33,30.07]]],[[[-84.32,30.07],[-84.32,30.08],[-84.31,30.07],[-84.32,30.07]]],[[[-84.21,30.09],[-84.2,30.09],[-84.2,30.08],[-84.21,30.08],[-84.21,30.09]]],[[[-84.35,30.03],[-84.35,30.04],[-84.35,30.05],[-84.34,30.05],[-84.33,30.04],[-84.34,30.04],[-84.34,30.03],[-84.35,30.03]]]]}},
{"type":"Feature","properties":{"ugc":"FLC131","name":"Walton","state":"FL","wfo":"TAE"},"geometry":{"type":"MultiPolygon","coordinates":[[[[-86.39,30.46],[-86.39,30.53],[-86.39,30.55],[-86.39,30.57],[-86.39,30.62],[-86.39,30.63],[-86.39,30.64],[-86.39,30.65],[-86.39,30.68],[-86.39,30.69],[-86.39,30.7],[-86.39,30.72],[-86.39,30.75],[-86.39,30.77],[-86.39,30.81],[-86.39,30.87],[-86.39,30.88],[-86.39,30.91],[-86.39,30.97],[-86.39,30.99],[-86.37,30.99],[-86.33,30.99],[-86.3,30.99],[-86.26,30.99],[-86.24,30.99],[-86.23,30.99],[-86.19,30.99],[-86.18,30.99],[-86.16,30.99],[-86.13,30.99],[-86.12,30.99],[-86.06,30.99],[-86.04,30.99],[-86.04,30.91],[-86.04,30.88],[-86.04,30.86],[-86.04,30.83],[-86.04,30.81],[-86.04,30.79],[-86.04,30.76],[-86.04,30.71],[-86.03,30.7],[-86.0,30.7],[-85.99,30.7],[-85.92,30.7],[-85.87,30.7],[-85.86,30.7],[-85.86,30.69],[-85.86,30.68],[-85.87,30.68],[-85.87,30.67],[-85.87,30.66],[-85.88,30.66],[-85.89,30.66],[-85.89,30.65],[-85.9,30.65],[-85.91,30.65],[-85.91,30.64],[-85.92,30.64],[-85.91,30.63],[-85.91,30.62],[-85.91,30.61],[-85.91,30.6],[-85.91,30.59],[-85.9,30.59],[-85.89,30.59],[-85.89,30.58],[-85.89,30.57],[-85.89,30.56],[-85.88,30.56],[-85.88,30.55],[-85.88,30.54],[-85.88,30.53],[-85.89,30.53],[-85.89,30.52],[-85.88,30.52],[-85.88,30.51],[-85.87,30.51],[-85.87,30.5],[-85.86,30.5],[-85.86,30.49],[-85.87,30.49],[-85.87,30.48],[-85.88,30.47],[-85.89,30.47],[-85.89,30.46],[-85.9,30.46],[-85.9,30.45],[-85.9,30.44],[-85.91,30.44],[-85.92,30.44],[-85.93,30.44],[-85.93,30.45],[-85.94,30.45],[-85.94,30.44],[-85.95,30.45],[-85.95,30.44],[-85.96,30.44],[-85.97,30.44],[-85.97,30.43],[-85.98,30.43],[-85.99,30.43],[-85.99,30.42],[-85.99,30.41],[-85.99,30.4],[-86.0,30.4],[-85.99,30.39],[-85.99,30.38],[-85.99,30.37],[-85.99,30.32],[-85.99,30.31],[-85.99,30.29],[-85.99,30.28],[-86.0,30.27],[-86.01,30.27],[-86.01,30.28],[-86.02,30.28],[-86.04,30.28],[-86.04,30.29],[-86.05,30.29],[-86.06,30.29],[-86.07,30.3],[-86.08,30.3],[-86.09,30.3],[-86.09,30.31],[-86.1,30.31],[-86.11,30.31],[-86.12,30.31],[-86.13,30.32],[-86.14,30.32],[-86.15,30.32],[-86.16,30.32],[-86.16,30.33],[-86.17,30.33],[-86.18,30.33],[-86.19,30.33],[-86.19,30.34],[-86.2,30.34],[-86.21,30.34],[-86.22,30.34],[-86.23,30.34],[-86.23,30.35],[-86.24,30.35],[-86.25,30.35],[-86.26,30.35],[-86.27,30.36],[-86.28,30.36],[-86.29,30.36],[-86.3,30.36],[-86.32,30.37],[-86.33,30.37],[-86.35,30.37],[-86.36,30.37],[-86.37,30.38],[-86.38,30.38],[-86.39,30.38],[-86.39,30.4],[-86.38,30.39],[-86.37,30.39],[-86.36,30.39],[-86.35,30.39],[-86.34,30.39],[-86.33,30.39],[-86.33,30.4],[-86.32,30.41],[-86.32,30.42],[-86.31,30.42],[-86.31,30.41],[-86.3,30.41],[-86.3,30.4],[-86.29,30.4],[-86.28,30.4],[-86.27,30.4],[-86.26,30.4],[-86.26,30.39],[-86.25,30.39],[-86.24,30.39],[-86.24,30.4],[-86.25,30.4],[-86.25,30.41],[-86.26,30.41],[-86.27,30.41],[-86.27,30.42],[-86.26,30.42],[-86.26,30.43],[-86.25,30.43],[-86.24,30.43],[-86.24,30.42],[-86.23,30.42],[-86.22,30.42],[-86.22,30.41],[-86.21,30.41],[-86.21,30.4],[-86.2,30.4],[-86.19,30.39],[-86.18,30.39],[-86.17,30.39],[-86.17,30.38],[-86.16,30.38],[-86.15,30.38],[-86.14,30.38],[-86.13,30.38],[-86.12,30.38],[-86.11,30.38],[-86.11,30.39],[-86.11,30.4],[-86.12,30.4],[-86.12,30.41],[-86.12,30.42],[-86.12,30.43],[-86.13,30.43],[-86.14,30.43],[-86.15,30.43],[-86.16,30.43],[-86.16,30.44],[-86.16,30.45],[-86.15,30.45],[-86.15,30.46],[-86.14,30.46],[-86.14,30.47],[-86.15,30.47],[-86.16,30.47],[-86.16,30.46],[-86.17,30.46],[-86.18,30.45],[-86.19,30.45],[-86.19,30.46],[-86.2,30.46],[-86.2,30.47],[-86.2,30.48],[-86.2,30.49],[-86.21,30.49],[-86.21,30.48],[-86.22,30.48],[-86.23,30.47],[-86.24,30.47],[-86.24,30.48],[-86.25,30.48],[-86.25,30.49],[-86.26,30.49],[-86.26,30.48],[-86.27,30.48],[-86.28,30.48],[-86.29,30.48],[-86.29,30.47],[-86.3,30.47],[-86.31,30.48],[-86.32,30.48],[-86.33,30.48],[-86.34,30.47],[-86.35,30.47],[-86.36,30.47],[-86.37,30.46],[-86.38,30.46],[-86.39,30.46]],[[-85.91,30.59],[-85.91,30.58],[-85.9,30.58],[-85.91,30.59]],[[-86.0,30.4],[-86.01,30.4],[-86.01,30.39],[-86.0,30.4]],[[-86.2,30.49],[-86.19,30.5],[-86.2,30.5],[-86.2,30.49]],[[-86.11,30.42],[-86.11,30.41],[-86.1,30.41],[-86.11,30.42]],[[-86.1,30.41],[-86.1,30.4],[-86.09,30.4],[-86.1,30.41]],[[-86.04,30.41],[-86.04,30.4],[-86.03,30.4],[-86.04,30.41]],[[-86.01,30.32],[-86.0,30.31],[-86.0,30.32],[-86.01,30.32]]],[[[-85.99,30.28],[-85.98,30.28],[-85.97,30.27],[-85.98,30.27],[-85.99,30.27],[-85.99,30.28]]],[[[-85.97,30.27],[-85.97,30.28],[-85.96,30.27],[-85.97,30.27]]]]}},
{"type":"Feature","properties":{"ugc":"FLC133","name":"Washington","state":"FL","wfo":"TAE"},"geometry":{"type":"MultiPolygon","coordinates":[[[[-85.99,30.42],[-85.98,30.43],[-85.97,30.43],[-85.97,30.44],[-85.96,30.44],[-85.95,30.44],[-85.94,30.44],[-85.94,30.45],[-85.93,30.45],[-85.93,30.44],[-85.92,30.44],[-85.91,30.44],[-85.9,30.44],[-85.9,30.45],[-85.9,30.46],[-85.89,30.46],[-85.89,30.47],[-85.88,30.47],[-85.88,30.48],[-85.87,30.48],[-85.87,30.49],[-85.86,30.49],[-85.86,30.5],[-85.87,30.5],[-85.87,30.51],[-85.88,30.51],[-85.88,30.52],[-85.89,30.52],[-85.89,30.53],[-85.88,30.53],[-85.88,30.54],[-85.88,30.55],[-85.88,30.56],[-85.89,30.56],[-85.89,30.57],[-85.89,30.58],[-85.89,30.59],[-85.9,30.59],[-85.91,30.59],[-85.91,30.6],[-85.91,30.61],[-85.91,30.62],[-85.91,30.63],[-85.91,30.64],[-85.91,30.65],[-85.9,30.64],[-85.9,30.65],[-85.89,30.65],[-85.89,30.66],[-85.88,30.66],[-85.87,30.66],[-85.87,30.67],[-85.87,30.68],[-85.86,30.68],[-85.86,30.69],[-85.86,30.7],[-85.85,30.7],[-85.84,30.7],[-85.84,30.71],[-85.84,30.72],[-85.83,30.72],[-85.83,30.73],[-85.82,30.74],[-85.83,30.74],[-85.83,30.75],[-85.83,30.76],[-85.83,30.77],[-85.83,30.78],[-85.82,30.78],[-85.82,30.79],[-85.81,30.79],[-85.76,30.79],[-85.75,30.79],[-85.75,30.78],[-85.74,30.78],[-85.74,30.77],[-85.74,30.75],[-85.73,30.75],[-85.72,30.75],[-85.69,30.75],[-85.66,30.74],[-85.63,30.74],[-85.62,30.74],[-85.62,30.75],[-85.62,30.76],[-85.62,30.77],[-85.62,30.78],[-85.61,30.79],[-85.6,30.8],[-85.6,30.81],[-85.6,30.82],[-85.6,30.83],[-85.59,30.83],[-85.49,30.83],[-85.48,30.83],[-85.48,30.79],[-85.43,30.79],[-85.43,30.75],[-85.43,30.74],[-85.43,30.73],[-85.43,30.72],[-85.43,30.7],[-85.43,30.68],[-85.43,30.67],[-85.43,30.64],[-85.44,30.63],[-85.44,30.61],[-85.44,30.58],[-85.44,30.57],[-85.45,30.57],[-85.49,30.57],[-85.49,30.56],[-85.49,30.52],[-85.49,30.49],[-85.49,30.46],[-85.49,30.45],[-85.49,30.44],[-85.53,30.44],[-85.58,30.44],[-85.62,30.44],[-85.63,30.44],[-85.67,30.44],[-85.68,30.44],[-85.7,30.44],[-85.71,30.44],[-85.72,30.44],[-85.79,30.44],[-85.83,30.44],[-85.85,30.44],[-85.86,30.44],[-85.86,30.43],[-85.87,30.43],[-85.87,30.42],[-85.88,30.42],[-85.88,30.41],[-85.89,30.41],[-85.9,30.41],[-85.91,30.41],[-85.92,30.41],[-85.92,30.42],[-85.93,30.42],[-85.93,30.41],[-85.94,30.41],[-85.95,30.41],[-85.96,30.41],[-85.97,30.41],[-85.97,30.4],[-85.98,30.4],[-85.98,30.39],[-85.99,30.39],[-86.0,30.4],[-85.99,30.4],[-85.99,30.41],[-85.99,30.42]]]]}},
{"type":"Feature","properties":{"ugc":"FLZ007","name":"North Walton","state":"FL","wfo":"TAE"},"geometry":{"type":"MultiPolygon","coordinates":[[[[-86.37,30.99],[-86.33,30.99],[-86.3,30.99],[-86.26,30.99],[-86.24,30.99],[-86.23,30.99],[-86.19,30.99],[-86.18,30.99],[-86.16,30.99],[-86.13,30.99],[-86.12,30.99],[-86.06,30.99],[-86.04,30.99],[-86.04,30.91],[-86.04,30.88],[-86.04,30.86],[-86.04,30.83],[-86.04,30.81],[-86.04,30.79],[-86.04,30.76],[-86.04,30.71],[-86.39,30.71],[-86.39,30.73],[-86.39,30.75],[-86.39,30.77],[-86.39,30.82],[-86.39,30.87],[-86.39,30.88],[-86.39,30.91],[-86.39,30.97],[-86.39,30.99],[-86.37,30.99]]]]}},
{"type":"Feature","properties":{"ugc":"FLZ008","name":"Central Walton","state":"FL","wfo":"TAE"},"geometry":{"type":"MultiPolygon","coordinates":[[[[-86.04,30.71],[-86.03,30.7],[-86.0,30.7],[-85.99,30.7],[-85.92,30.7],[-85.87,30.7],[-85.86,30.7],[-85.86,30.69],[-85.86,30.68],[-85.87,30.68],[-85.87,30.67],[-85.87,30.66],[-85.88,30.66],[-85.89,30.66],[-85.89,30.65],[-85.9,30.65],[-85.91,30.65],[-85.91,30.64],[-85.92,30.64],[-85.91,30.63],[-85.91,30.62],[-85.91,30.61],[-85.91,30.6],[-85.91,30.59],[-85.9,30.59],[-85.89,30.59],[-85.89,30.58],[-85.89,30.57],[-85.89,30.56],[-85.88,30.56],[-85.88,30.55],[-85.88,30.54],[-85.88,30.53],[-85.89,30.53],[-85.89,30.52],[-85.88,30.52],[-85.88,30.51],[-85.87,30.51],[-85.87,30.5],[-85.86,30.5],[-85.86,30.49],[-85.87,30.49],[-85.87,30.48],[-85.88,30.47],[-85.89,30.47],[-85.89,30.46],[-85.9,30.46],[-85.9,30.45],[-85.9,30.44],[-85.91,30.44],[-85.92,30.44],[-85.93,30.44],[-85.93,30.45],[-85.94,30.45],[-85.94,30.44],[-85.95,30.45],[-85.95,30.44],[-85.96,30.44],[-85.97,30.44],[-85.97,30.43],[-85.98,30.43],[-85.99,30.43],[-85.99,30.42],[-85.99,30.41],[-85.99,30.4],[-86.0,30.4],[-86.05,30.43],[-86.07,30.45],[-86.11,30.53],[-86.39,30.53],[-86.39,30.55],[-86.39,30.57],[-86.39,30.62],[-86.39,30.63],[-86.39,30.64],[-86.39,30.65],[-86.39,30.68],[-86.39,30.69],[-86.39,30.71],[-86.04,30.71]],[[-85.91,30.59],[-85.91,30.58],[-85.9,30.58],[-85.91,30.59]]]]}},
{"type":"Feature","properties":{"ugc":"FLZ009","name":"Holmes","state":"FL","wfo":"TAE"},"geometry":{"type":"MultiPolygon","coordinates":[[[[-85.5,31.0],[-85.5,30.99],[-85.51,30.99],[-85.51,30.98],[-85.52,30.98],[-85.53,30.98],[-85.53,30.97],[-85.53,30.96],[-85.53,30.95],[-85.53,30.94],[-85.54,30.94],[-85.54,30.93],[-85.55,30.93],[-85.56,30.92],[-85.56,30.91],[-85.57,30.91],[-85.57,30.9],[-85.58,30.9],[-85.58,30.89],[-85.58,30.88],[-85.59,30.87],[-85.59,30.86],[-85.6,30.85],[-85.6,30.84],[-85.6,30.83],[-85.6,30.82],[-85.6,30.81],[-85.6,30.8],[-85.61,30.79],[-85.62,30.78],[-85.62,30.77],[-85.62,30.76],[-85.62,30.75],[-85.62,30.74],[-85.63,30.74],[-85.66,30.74],[-85.69,30.75],[-85.72,30.75],[-85.73,30.75],[-85.74,30.75],[-85.74,30.77],[-85.74,30.78],[-85.75,30.78],[-85.75,30.79],[-85.76,30.79],[-85.81,30.79],[-85.82,30.79],[-85.82,30.78],[-85.83,30.78],[-85.83,30.77],[-85.83,30.76],[-85.83,30.75],[-85.83,30.74],[-85.82,30.74],[-85.83,30.73],[-85.83,30.72],[-85.84,30.72],[-85.84,30.71],[-85.84,30.7],[-85.85,30.7],[-85.86,30.7],[-85.87,30.7],[-85.92,30.7],[-85.99,30.7],[-86.0,30.7],[-86.03,30.7],[-86.04,30.71],[-86.04,30.76],[-86.04,30.79],[-86.04,30.81],[-86.04,30.83],[-86.04,30.86],[-86.04,30.88],[-86.04,30.91],[-86.04,30.99],[-86.02,30.99],[-86.0,30.99],[-85.96,30.99],[-85.87,30.99],[-85.76,30.99],[-85.75,30.99],[-85.75,31.0],[-85.74,31.0],[-85.57,31.0],[-85.54,31.0],[-85.53,31.0],[-85.51,31.0],[-85.5,31.0]]]]}},
{"type":"Feature","properties":{"ugc":"FLZ010","name":"Washington","state":"FL","wfo":"TAE"},"geometry":{"type":"MultiPolygon","coordinates":[[[[-85.99,30.42],[-85.98,30.43],[-85.97,30.43],[-85.97,30.44],[-85.96,30.44],[-85.95,30.44],[-85.94,30.44],[-85.94,30.45],[-85.93,30.45],[-85.93,30.44],[-85.92,30.44],[-85.91,30.44],[-85.9,30.44],[-85.9,30.45],[-85.9,30.46],[-85.89,30.46],[-85.89,30.47],[-85.88,30.47],[-85.88,30.48],[-85.87,30.48],[-85.87,30.49],[-85.86,30.49],[-85.86,30.5],[-85.87,30.5],[-85.87,30.51],[-85.88,30.51],[-85.88,30.52],[-85.89,30.52],[-85.89,30.53],[-85.88,30.53],[-85.88,30.54],[-85.88,30.55],[-85.88,30.56],[-85.89,30.56],[-85.89,30.57],[-85.89,30.58],[-85.89,30.59],[-85.9,30.59],[-85.91,30.59],[-85.91,30.6],[-85.91,30.61],[-85.91,30.62],[-85.91,30.63],[-85.91,30.64],[-85.91,30.65],[-85.9,30.64],[-85.9,30.65],[-85.89,30.65],[-85.89,30.66],[-85.88,30.66],[-85.87,30.66],[-85.87,30.67],[-85.87,30.68],[-85.86,30.68],[-85.86,30.69],[-85.86,30.7],[-85.85,30.7],[-85.84,30.7],[-85.84,30.71],[-85.84,30.72],[-85.83,30.72],[-85.83,30.73],[-85.82,30.74],[-85.83,30.74],[-85.83,30.75],[-85.83,30.76],[-85.83,30.77],[-85.83,30.78],[-85.82,30.78],[-85.82,30.79],[-85.81,30.79],[-85.76,30.79],[-85.75,30.79],[-85.75,30.78],[-85.74,30.78],[-85.74,30.77],[-85.74,30.75],[-85.73,30.75],[-85.72,30.75],[-85.69,30.75],[-85.66,30.74],[-85.63,30.74],[-85.62,30.74],[-85.62,30.75],[-85.62,30.76],[-85.62,30.77],[-85.62,30.78],[-85.61,30.79],[-85.6,30.8],[-85.6,30.81],[-85.6,30.82],[-85.6,30.83],[-85.59,30.83],[-85.49,30.83],[-85.48,30.83],[-85.48,30.79],[-85.43,30.79],[-85.43,30.75],[-85.43,30.74],[-85.43,30.73],[-85.43,30.72],[-85.43,30.7],[-85.43,30.68],[-85.43,30.67],[-85.43,30.64],[-85.44,30.63],[-85.44,30.61],[-85.44,30.58],[-85.44,30.57],[-85.45,30.57],[-85.49,30.57],[-85.49,30.56],[-85.49,30.52],[-85.49,30.49],[-85.49,30.46],[-85.49,30.45],[-85.49,30.44],[-85.53,30.44],[-85.58,30.44],[-85.62,30.44],[-85.63,30.44],[-85.67,30.44],[-85.68,30.44],[-85.7,30.44],[-85.71,30.44],[-85.72,30.44],[-85.79,30.44],[-85.83,30.44],[-85.85,30.44],[-85.86,30.44],[-85.86,30.43],[-85.87,30.43],[-85.87,30.42],[-85.88,30.42],[-85.88,30.41],[-85.89,30.41],[-85.9,30.41],[-85.91,30.41],[-85.92,30.41],[-85.92,30.42],[-85.93,30.42],[-85.93,30.41],[-85.94,30.41],[-85.95,30.41],[-85.96,30.41],[-85.97,30.41],[-85.97,30.4],[-85.98,30.4],[-85.98,30.39],[-85.99,30.39],[-86.0,30.4],[-85.99,30.4],[-85.99,30.41],[-85.99,30.42]]]]}},
{"type":"Feature","properties":{"ugc":"FLZ011","name":"Jackson","state":"FL","wfo":"TAE"},"geometry":{"type":"MultiPolygon","coordinates":[[[[-85.16,31.0],[-85.15,31.0],[-85.11,31.0],[-85.0,31.0],[-85.0,30.99],[-85.0,30.98],[-85.01,30.98],[-85.01,30.97],[-85.0,30.97],[-84.99,30.97],[-84.98,30.96],[-84.98,30.95],[-84.98,30.94],[-84.98,30.93],[-84.98,30.92],[-84.97,30.92],[-84.96,30.91],[-84.95,30.9],[-84.95,30.89],[-84.94,30.88],[-84.94,30.87],[-84.93,30.87],[-84.93,30.86],[-84.94,30.86],[-84.93,30.85],[-84.94,30.85],[-84.94,30.84],[-84.94,30.83],[-84.94,30.82],[-84.94,30.81],[-84.94,30.8],[-84.95,30.8],[-84.95,30.79],[-84.94,30.79],[-84.94,30.78],[-84.95,30.78],[-84.95,30.77],[-84.94,30.77],[-84.94,30.76],[-84.94,30.75],[-84.93,30.75],[-84.92,30.75],[-84.92,30.74],[-84.91,30.74],[-84.91,30.73],[-84.9,30.73],[-84.9,30.72],[-84.89,30.72],[-84.89,30.71],[-84.88,30.71],[-84.87,30.71],[-84.86,30.71],[-84.86,30.7],[-84.86,30.69],[-84.87,30.69],[-84.87,30.68],[-84.88,30.67],[-84.89,30.67],[-84.89,30.66],[-84.89,30.65],[-84.9,30.64],[-84.9,30.63],[-84.9,30.62],[-84.91,30.62],[-84.92,30.62],[-84.92,30.61],[-84.93,30.61],[-84.98,30.61],[-85.11,30.61],[-85.13,30.61],[-85.14,30.61],[-85.16,30.61],[-85.17,30.61],[-85.17,30.6],[-85.17,30.59],[-85.17,30.58],[-85.17,30.57],[-85.18,30.56],[-85.22,30.57],[-85.24,30.57],[-85.25,30.57],[-85.27,30.57],[-85.28,30.57],[-85.3,30.57],[-85.32,30.57],[-85.33,30.57],[-85.35,30.57],[-85.38,30.57],[-85.44,30.57],[-85.44,30.58],[-85.44,30.61],[-85.44,30.63],[-85.43,30.64],[-85.43,30.67],[-85.43,30.68],[-85.43,30.7],[-85.43,30.72],[-85.43,30.73],[-85.43,30.74],[-85.43,30.75],[-85.43,30.79],[-85.48,30.79],[-85.48,30.83],[-85.49,30.83],[-85.59,30.83],[-85.6,30.83],[-85.6,30.84],[-85.6,30.85],[-85.59,30.86],[-85.59,30.87],[-85.58,30.88],[-85.58,30.89],[-85.58,30.9],[-85.57,30.9],[-85.57,30.91],[-85.56,30.91],[-85.56,30.92],[-85.55,30.93],[-85.54,30.93],[-85.54,30.94],[-85.53,30.94],[-85.53,30.95],[-85.53,30.96],[-85.53,30.97],[-85.53,30.98],[-85.52,30.98],[-85.51,30.98],[-85.51,30.99],[-85.5,30.99],[-85.5,31.0],[-85.49,31.0],[-85.45,31.0],[-85.38,31.0],[-85.37,31.0],[-85.31,31.0],[-85.27,31.0],[-85.24,31.0],[-85.2,31.0],[-85.16,31.0]],[[-84.94,30.84],[-84.95,30.84],[-84.95,30.83],[-84.94,30.84]]],[[[-84.97,30.92],[-84.98,30.93],[-84.97,30.93],[-84.97,30.92]]]]}},
{"type":"Feature","properties":{"ugc":"FLZ012","name":"Inland Bay","state":"FL","wfo":"TAE"},"geometry":{"type":"MultiPolygon","coordinates":[[[[-85.38,30.57],[-85.38,30.56],[-85.38,30.54],[-85.39,30.5],[-85.39,30.45],[-85.39,30.43],[-85.39,30.41],[-85.39,30.39],[-85.39,30.37],[-85.39,30.36],[-85.39,30.33],[-85.39,30.25],[-85.39,30.23],[-85.39,30.2],[-85.39,30.19],[-85.39,30.18],[-85.39,30.17],[-85.39,30.14],[-85.39,30.11],[-85.39,30.1],[-85.42,30.11],[-85.49,30.15],[-85.54,30.19],[-85.46,30.25],[-85.46,30.32],[-85.56,30.38],[-85.69,30.33],[-85.77,30.38],[-85.99,30.39],[-85.98,30.39],[-85.98,30.4],[-85.97,30.4],[-85.97,30.41],[-85.96,30.41],[-85.95,30.41],[-85.94,30.41],[-85.93,30.41],[-85.93,30.42],[-85.92,30.42],[-85.92,30.41],[-85.91,30.41],[-85.9,30.41],[-85.89,30.41],[-85.88,30.41],[-85.88,30.42],[-85.87,30.42],[-85.87,30.43],[-85.86,30.43],[-85.86,30.44],[-85.85,30.44],[-85.83,30.44],[-85.79,30.44],[-85.72,30.44],[-85.71,30.44],[-85.7,30.44],[-85.68,30.44],[-85.67,30.44],[-85.63,30.44],[-85.62,30.44],[-85.58,30.44],[-85.53,30.44],[-85.49,30.44],[-85.49,30.45],[-85.49,30.46],[-85.49,30.49],[-85.49,30.52],[-85.49,30.56],[-85.49,30.57],[-85.45,30.57],[-85.44,30.57],[-85.38,30.57]]]]}},
{"type":"Feature","properties":{"ugc":"FLZ013","name":"Calhoun","state":"FL","wfo":"TAE"},"geometry":{"type":"MultiPolygon","coordinates":[[[[-85.14,30.61],[-85.13,30.61],[-85.11,30.61],[-84.98,30.61],[-84.93,30.61],[-84.93,30.6],[-84.94,30.6],[-84.94,30.59],[-84.94,30.58],[-84.95,30.58],[-84.96,30.58],[-84.97,30.58],[-84.97,30.57],[-84.96,30.57],[-84.96,30.56],[-84.97,30.56],[-84.97,30.55],[-84.98,30.55],[-84.98,30.54],[-84.98,30.53],[-84.99,30.53],[-84.99,30.52],[-84.99,30.51],[-84.99,30.5],[-84.99,30.49],[-85.0,30.49],[-85.0,30.48],[-85.0,30.47],[-84.99,30.47],[-84.99,30.46],[-85.0,30.46],[-85.0,30.45],[-84.99,30.45],[-84.98,30.45],[-84.98,30.44],[-84.99,30.44],[-85.0,30.44],[-85.01,30.44],[-85.02,30.43],[-85.03,30.43],[-85.03,30.42],[-85.03,30.41],[-85.03,30.4],[-85.02,30.4],[-85.01,30.39],[-85.02,30.39],[-85.02,30.38],[-85.03,30.38],[-85.04,30.38],[-85.04,30.37],[-85.03,30.37],[-85.03,30.36],[-85.04,30.36],[-85.04,30.35],[-85.05,30.34],[-85.05,30.33],[-85.04,30.33],[-85.05,30.32],[-85.04,30.32],[-85.03,30.31],[-85.04,30.31],[-85.05,30.31],[-85.05,30.3],[-85.06,30.3],[-85.05,30.29],[-85.06,30.29],[-85.06,30.28],[-85.06,30.27],[-85.06,30.26],[-85.07,30.26],[-85.07,30.25],[-85.08,30.25],[-85.08,30.24],[-85.08,30.23],[-85.09,30.23],[-85.09,30.22],[-85.1,30.22],[-85.1,30.21],[-85.11,30.21],[-85.12,30.21],[-85.12,30.2],[-85.14,30.2],[-85.18,30.2],[-85.19,30.2],[-85.2,30.2],[-85.22,30.2],[-85.24,30.2],[-85.25,30.2],[-85.3,30.2],[-85.32,30.2],[-85.34,30.2],[-85.39,30.2],[-85.39,30.23],[-85.39,30.25],[-85.39,30.33],[-85.39,30.36],[-85.39,30.37],[-85.39,30.39],[-85.39,30.41],[-85.39,30.43],[-85.39,30.45],[-85.39,30.5],[-85.38,30.54],[-85.38,30.56],[-85.38,30.57],[-85.35,30.57],[-85.33,30.57],[-85.32,30.57],[-85.3,30.57],[-85.28,30.57],[-85.27,30.57],[-85.25,30.57],[-85.24,30.57],[-85.22,30.57],[-85.18,30.56],[-85.17,30.57],[-85.17,30.58],[-85.17,30.59],[-85.17,30.6],[-85.17,30.61],[-85.16,30.61],[-85.14,30.61]]]]}},
{"type":"Feature","properties":{"ugc":"FLZ014","name":"Inland Gulf","state":"FL","wfo":"TAE"},"geometry":{"type":"MultiPolygon","coordinates":[[[[-85.39,30.02],[-85.39,30.03],[-85.39,30.04],[-85.39,30.05],[-85.39,30.06],[-85.39,30.08],[-85.39,30.1],[-85.39,30.11],[-85.39,30.14],[-85.39,30.17],[-85.39,30.18],[-85.39,30.19],[-85.39,30.2],[-85.34,30.2],[-85.32,30.2],[-85.3,30.2],[-85.25,30.2],[-85.24,30.2],[-85.22,30.2],[-85.2,30.2],[-85.19,30.2],[-85.18,30.2],[-85.14,30.2],[-85.12,30.2],[-85.12,30.19],[-85.13,30.19],[-85.13,30.18],[-85.14,30.18],[-85.14,30.17],[-85.14,30.16],[-85.14,30.15],[-85.14,30.14],[-85.14,30.13],[-85.15,30.13],[-85.15,30.12],[-85.14,30.12],[-85.14,30.11],[-85.15,30.11],[-85.15,30.1],[-85.15,30.09],[-85.14,30.09],[-85.14,30.08],[-85.14,30.07],[-85.13,30.07],[-85.14,30.06],[-85.14,30.05],[-85.14,30.04],[-85.13,30.04],[-85.12,30.03],[-85.12,30.02],[-85.11,30.02],[-85.1,30.02],[-85.09,30.02],[-85.09,30.01],[-85.08,30.01],[-85.07,30.01],[-85.07,30.0],[-85.06,30.0],[-85.05,30.0],[-85.05,29.99],[-85.04,29.99],[-85.03,29.99],[-85.03,29.98],[-85.03,29.97],[-85.02,29.97],[-85.02,29.96],[-85.02,29.95],[-85.03,29.95],[-85.03,29.94],[-85.03,29.93],[-85.04,29.93],[-85.05,29.92],[-85.05,29.91],[-85.05,29.9],[-85.05,29.89],[-85.05,29.88],[-85.04,29.88],[-85.04,29.87],[-85.04,29.86],[-85.04,29.85],[-85.03,29.85],[-85.03,29.84],[-85.03,29.83],[-85.02,29.82],[-85.02,29.81],[-85.03,29.8],[-85.04,29.79],[-85.04,29.78],[-85.05,29.78],[-85.06,29.78],[-85.06,29.79],[-85.07,29.79],[-85.07,29.78],[-85.07,29.77],[-85.08,29.77],[-85.09,29.77],[-85.1,29.77],[-85.1,29.78],[-85.11,29.78],[-85.11,29.79],[-85.12,29.79],[-85.12,29.8],[-85.13,29.8],[-85.14,29.8],[-85.14,29.81],[-85.14,29.82],[-85.15,29.82],[-85.15,29.83],[-85.16,29.83],[-85.16,29.82],[-85.17,29.82],[-85.17,29.83],[-85.18,29.83],[-85.19,29.84],[-85.19,29.85],[-85.2,29.85],[-85.21,29.85],[-85.21,29.86],[-85.21,29.87],[-85.21,29.88],[-85.22,29.89],[-85.23,29.89],[-85.24,29.89],[-85.25,29.89],[-85.26,29.9],[-85.27,29.9],[-85.28,29.91],[-85.29,29.92],[-85.3,29.92],[-85.3,29.93],[-85.3,29.94],[-85.31,29.95],[-85.32,29.95],[-85.32,29.96],[-85.33,29.96],[-85.34,29.97],[-85.35,29.97],[-85.36,29.97],[-85.37,29.97],[-85.37,29.98],[-85.37,29.99],[-85.37,30.0],[-85.37,30.01],[-85.38,30.01],[-85.39,30.02]],[[-85.39,30.03],[-85.38,30.02],[-85.38,30.03],[-85.39,30.03]],[[-85.19,30.2],[-85.2,30.19],[-85.19,30.19],[-85.19,30.2]],[[-85.19,30.19],[-85.19,30.18],[-85.19,30.17],[-85.18,30.17],[-85.18,30.18],[-85.18,30.19],[-85.19,30.19]],[[-85.18,30.17],[-85.18,30.16],[-85.18,30.15],[-85.18,30.14],[-85.18,30.13],[-85.18,30.12],[-85.17,30.13],[-85.17,30.14],[-85.17,30.15],[-85.17,30.16],[-85.17,30.17],[-85.18,30.17]],[[-85.14,30.04],[-85.15,30.04],[-85.15,30.03],[-85.14,30.03],[-85.14,30.04]],[[-85.15,30.03],[-85.16,30.04],[-85.16,30.03],[-85.15,30.03]],[[-85.36,30.01],[-85.36,30.0],[-85.35,30.0],[-85.35,30.01],[-85.36,30.01]],[[-85.17,30.08],[-85.17,30.09],[-85.18,30.09],[-85.18,30.08],[-85.17,30.08]],[[-85.19,30.14],[-85.2,30.14],[-85.2,30.13],[-85.19,30.13],[-85.19,30.14]]]]}},
{"type":"Feature","properties":{"ugc":"FLZ015","name":"Inland Franklin","state":"FL","wfo":"TAE"},"geometry":{"type":"MultiPolygon","coordinates":[[[[-85.04,29.88],[-85.05,29.88],[-85.05,29.89],[-85.05,29.9],[-85.05,29.91],[-85.05,29.92],[-85.04,29.92],[-85.04,29.93],[-85.03,29.93],[-85.03,29.94],[-85.03,29.95],[-85.02,29.95],[-85.02,29.96],[-85.02,29.97],[-85.02,29.98],[-85.02,29.99],[-85.01,30.0],[-85.01,30.01],[-85.0,30.01],[-84.93,30.01],[-84.89,30.01],[-84.87,30.01],[-84.85,30.01],[-84.81,30.01],[-84.78,30.01],[-84.76,30.01],[-84.72,30.01],[-84.71,30.01],[-84.69,30.01],[-84.62,30.01],[-84.6,30.01],[-84.58,30.01],[-84.56,30.01],[-84.55,30.01],[-84.74,29.93],[-85.01,29.83],[-85.02,29.83],[-85.03,29.83],[-85.03,29.84],[-85.03,29.85],[-85.04,29.85],[-85.04,29.86],[-85.04,29.87],[-85.04,29.88]],[[-85.02,29.95],[-85.01,29.94],[-85.01,29.95],[-85.02,29.95]],[[-85.03,29.85],[-85.02,29.85],[-85.03,29.86],[-85.03,29.85]],[[-85.01,29.93],[-85.02,29.93],[-85.02,29.92],[-85.01,29.93]],[[-85.01,29.89],[-85.02,29.89],[-85.02,29.88],[-85.01,29.88],[-85.01,29.89]],[[-85.01,29.87],[-85.02,29.86],[-85.01,29.86],[-85.01,29.87]]]]}},
{"type":"Feature","properties":{"ugc":"FLZ016","name":"Gadsden","state":"FL","wfo":"TAE"},"geometry":{"type":"MultiPolygon","coordinates":[[[[-84.92,30.61],[-84.92,30.62],[-84.91,30.62],[-84.9,30.62],[-84.9,30.63],[-84.9,30.64],[-84.89,30.65],[-84.89,30.66],[-84.89,30.67],[-84.88,30.67],[-84.87,30.68],[-84.87,30.69],[-84.86,30.69],[-84.86,30.7],[-84.86,30.71],[-84.84,30.71],[-84.75,30.71],[-84.69,30.7],[-84.65,30.7],[-84.59,30.7],[-84.54,30.7],[-84.5,30.69],[-84.47,30.69],[-84.45,30.69],[-84.42,30.69],[-84.38,30.69],[-84.35,30.69],[-84.33,30.69],[-84.3,30.69],[-84.28,30.68],[-84.29,30.68],[-84.3,30.68],[-84.3,30.67],[-84.3,30.66],[-84.3,30.65],[-84.3,30.64],[-84.31,30.63],[-84.32,30.62],[-84.32,30.61],[-84.33,30.61],[-84.33,30.6],[-84.34,30.6],[-84.35,30.59],[-84.36,30.59],[-84.36,30.58],[-84.37,30.58],[-84.38,30.57],[-84.38,30.56],[-84.39,30.55],[-84.39,30.54],[-84.39,30.53],[-84.39,30.52],[-84.4,30.51],[-84.4,30.5],[-84.4,30.49],[-84.4,30.48],[-84.41,30.48],[-84.41,30.47],[-84.42,30.47],[-84.43,30.47],[-84.44,30.46],[-84.45,30.46],[-84.46,30.46],[-84.47,30.46],[-84.48,30.46],[-84.49,30.46],[-84.5,30.46],[-84.5,30.45],[-84.51,30.45],[-84.52,30.45],[-84.53,30.45],[-84.53,30.44],[-84.54,30.44],[-84.55,30.44],[-84.56,30.44],[-84.57,30.43],[-84.57,30.42],[-84.58,30.42],[-84.59,30.41],[-84.6,30.41],[-84.6,30.42],[-84.61,30.42],[-84.61,30.41],[-84.62,30.41],[-84.63,30.41],[-84.63,30.4],[-84.64,30.4],[-84.65,30.4],[-84.65,30.39],[-84.67,30.39],[-84.68,30.39],[-84.68,30.42],[-84.69,30.42],[-84.7,30.42],[-84.71,30.42],[-84.71,30.46],[-84.75,30.46],[-84.76,30.46],[-84.78,30.46],[-84.78,30.52],[-84.79,30.52],[-84.8,30.52],[-84.81,30.52],[-84.82,30.52],[-84.82,30.53],[-84.84,30.53],[-84.87,30.53],[-84.88,30.53],[-84.88,30.55],[-84.88,30.56],[-84.88,30.61],[-84.91,30.61],[-84.92,30.61]]]]}},
{"type":"Feature","properties":{"ugc":"FLZ017","name":"Leon","state":"FL","wfo":"TAE"},"geometry":{"type":"MultiPolygon","coordinates":[[[[-84.67,30.37],[-84.66,30.37],[-84.66,30.38],[-84.65,30.39],[-84.65,30.4],[-84.64,30.4],[-84.63,30.4],[-84.63,30.41],[-84.62,30.41],[-84.61,30.41],[-84.61,30.42],[-84.6,30.42],[-84.6,30.41],[-84.59,30.41],[-84.58,30.42],[-84.57,30.42],[-84.57,30.43],[-84.56,30.44],[-84.55,30.44],[-84.54,30.44],[-84.53,30.44],[-84.53,30.45],[-84.52,30.45],[-84.51,30.45],[-84.5,30.45],[-84.5,30.46],[-84.49,30.46],[-84.48,30.46],[-84.47,30.46],[-84.46,30.46],[-84.45,30.46],[-84.44,30.46],[-84.43,30.47],[-84.42,30.47],[-84.41,30.47],[-84.41,30.48],[-84.4,30.48],[-84.4,30.49],[-84.4,30.5],[-84.4,30.51],[-84.39,30.52],[-84.39,30.53],[-84.39,30.54],[-84.39,30.55],[-84.38,30.56],[-84.38,30.57],[-84.37,30.58],[-84.36,30.58],[-84.36,30.59],[-84.35,30.59],[-84.34,30.6],[-84.33,30.6],[-84.33,30.61],[-84.32,30.61],[-84.32,30.62],[-84.31,30.63],[-84.3,30.64],[-84.3,30.65],[-84.3,30.66],[-84.3,30.67],[-84.3,30.68],[-84.29,30.68],[-84.28,30.68],[-84.28,30.69],[-84.25,30.68],[-84.12,30.68],[-84.11,30.68],[-84.08,30.68],[-84.07,30.68],[-84.06,30.67],[-84.01,30.67],[-84.01,30.63],[-84.01,30.61],[-84.0,30.61],[-84.0,30.6],[-84.0,30.59],[-84.0,30.58],[-84.0,30.57],[-83.99,30.57],[-83.99,30.56],[-83.98,30.56],[-83.98,30.55],[-83.99,30.55],[-83.99,30.54],[-83.98,30.54],[-83.98,30.53],[-83.98,30.52],[-83.99,30.52],[-84.0,30.52],[-84.04,30.52],[-84.04,30.51],[-84.04,30.49],[-84.04,30.46],[-84.05,30.46],[-84.07,30.43],[-84.08,30.38],[-84.08,30.36],[-84.08,30.31],[-84.08,30.29],[-84.08,30.27],[-84.12,30.27],[-84.13,30.27],[-84.14,30.27],[-84.15,30.27],[-84.19,30.27],[-84.21,30.27],[-84.23,30.27],[-84.24,30.27],[-84.24,30.28],[-84.25,30.3],[-84.28,30.3],[-84.3,30.3],[-84.33,30.3],[-84.34,30.3],[-84.36,30.3],[-84.37,30.3],[-84.38,30.3],[-84.51,30.3],[-84.62,30.3],[-84.63,30.3],[-84.71,30.3],[-84.71,30.31],[-84.7,30.32],[-84.71,30.32],[-84.71,30.33],[-84.71,30.34],[-84.7,30.34],[-84.7,30.35],[-84.69,30.35],[-84.68,30.36],[-84.68,30.37],[-84.67,30.37]]]]}},
{"type":"Feature","properties":{"ugc":"FLZ018","name":"Inland Jefferson","state":"FL","wfo":"TAE"},"geometry":{"type":"MultiPolygon","coordinates":[[[[-83.8,30.35],[-83.8,30.34],[-83.79,30.34],[-83.79,30.33],[-83.79,30.32],[-83.8,30.32],[-83.81,30.32],[-83.82,30.32],[-83.82,30.31],[-83.82,30.3],[-83.83,30.3],[-83.83,30.29],[-83.84,30.28],[-83.85,30.28],[-83.86,30.27],[-83.87,30.27],[-83.88,30.27],[-83.89,30.26],[-83.9,30.26],[-83.9,30.25],[-83.91,30.25],[-83.92,30.24],[-83.92,30.23],[-83.92,30.22],[-83.92,30.21],[-83.92,30.2],[-83.93,30.2],[-83.93,30.19],[-83.94,30.19],[-83.95,30.19],[-84.08,30.19],[-84.08,30.21],[-84.08,30.24],[-84.08,30.26],[-84.08,30.27],[-84.08,30.29],[-84.08,30.31],[-84.08,30.36],[-84.08,30.38],[-84.07,30.43],[-84.05,30.46],[-84.04,30.46],[-84.04,30.49],[-84.04,30.51],[-84.04,30.52],[-84.0,30.52],[-83.99,30.52],[-83.98,30.52],[-83.98,30.53],[-83.98,30.54],[-83.99,30.54],[-83.99,30.55],[-83.98,30.55],[-83.98,30.56],[-83.99,30.56],[-83.99,30.57],[-84.0,30.57],[-84.0,30.58],[-84.0,30.59],[-84.0,30.6],[-84.0,30.61],[-84.01,30.61],[-84.01,30.63],[-84.01,30.67],[-83.95,30.67],[-83.89,30.67],[-83.88,30.67],[-83.84,30.66],[-83.82,30.66],[-83.8,30.66],[-83.74,30.66],[-83.72,30.66],[-83.71,30.66],[-83.7,30.66],[-83.68,30.65],[-83.61,30.65],[-83.61,30.64],[-83.6,30.64],[-83.6,30.61],[-83.6,30.59],[-83.61,30.58],[-83.62,30.58],[-83.62,30.57],[-83.64,30.57],[-83.64,30.55],[-83.67,30.55],[-83.67,30.54],[-83.7,30.54],[-83.7,30.53],[-83.7,30.52],[-83.71,30.52],[-83.73,30.52],[-83.73,30.51],[-83.74,30.51],[-83.74,30.5],[-83.73,30.49],[-83.73,30.48],[-83.73,30.47],[-83.72,30.47],[-83.72,30.46],[-83.73,30.46],[-83.73,30.45],[-83.72,30.44],[-83.72,30.43],[-83.73,30.43],[-83.73,30.42],[-83.74,30.42],[-83.75,30.41],[-83.75,30.4],[-83.76,30.39],[-83.76,30.38],[-83.77,30.38],[-83.78,30.38],[-83.79,30.38],[-83.79,30.39],[-83.8,30.39],[-83.8,30.38],[-83.8,30.37],[-83.81,30.37],[-83.81,30.36],[-83.8,30.35]]]]}},
{"type":"Feature","properties":{"ugc":"FLZ019","name":"Madison","state":"FL","wfo":"TAE"},"geometry":{"type":"MultiPolygon","coordinates":[[[[-83.8,30.35],[-83.81,30.36],[-83.81,30.37],[-83.8,30.37],[-83.8,30.38],[-83.8,30.39],[-83.79,30.39],[-83.79,30.38],[-83.78,30.38],[-83.77,30.38],[-83.76,30.38],[-83.76,30.39],[-83.75,30.4],[-83.75,30.41],[-83.74,30.42],[-83.73,30.42],[-83.73,30.43],[-83.72,30.43],[-83.72,30.44],[-83.73,30.45],[-83.73,30.46],[-83.72,30.46],[-83.72,30.47],[-83.73,30.47],[-83.73,30.48],[-83.73,30.49],[-83.74,30.5],[-83.74,30.51],[-83.73,30.51],[-83.73,30.52],[-83.71,30.52],[-83.7,30.52],[-83.7,30.53],[-83.7,30.54],[-83.67,30.54],[-83.67,30.55],[-83.64,30.55],[-83.64,30.57],[-83.62,30.57],[-83.62,30.58],[-83.61,30.58],[-83.6,30.59],[-83.6,30.61],[-83.6,30.64],[-83.61,30.64],[-83.61,30.65],[-83.5,30.65],[-83.48,30.64],[-83.46,30.64],[-83.43,30.64],[-83.4,30.64],[-83.38,30.64],[-83.37,30.64],[-83.36,30.64],[-83.35,30.64],[-83.34,30.64],[-83.32,30.64],[-83.31,30.64],[-83.31,30.63],[-83.3,30.63],[-83.29,30.63],[-83.28,30.63],[-83.27,30.63],[-83.27,30.62],[-83.27,30.61],[-83.26,30.6],[-83.26,30.59],[-83.26,30.58],[-83.26,30.57],[-83.26,30.56],[-83.26,30.55],[-83.25,30.55],[-83.25,30.54],[-83.25,30.53],[-83.24,30.53],[-83.24,30.52],[-83.24,30.51],[-83.24,30.5],[-83.24,30.49],[-83.24,30.48],[-83.24,30.47],[-83.23,30.47],[-83.22,30.46],[-83.22,30.45],[-83.22,30.44],[-83.22,30.43],[-83.22,30.42],[-83.21,30.42],[-83.21,30.41],[-83.2,30.41],[-83.2,30.42],[-83.19,30.42],[-83.19,30.41],[-83.18,30.41],[-83.18,30.4],[-83.17,30.4],[-83.18,30.39],[-83.17,30.39],[-83.18,30.38],[-83.19,30.38],[-83.19,30.37],[-83.19,30.36],[-83.19,30.35],[-83.2,30.35],[-83.21,30.35],[-83.21,30.34],[-83.21,30.33],[-83.21,30.32],[-83.21,30.31],[-83.22,30.3],[-83.23,30.3],[-83.23,30.29],[-83.23,30.28],[-83.24,30.28],[-83.24,30.27],[-83.24,30.26],[-83.25,30.26],[-83.26,30.26],[-83.28,30.26],[-83.29,30.26],[-83.3,30.26],[-83.35,30.26],[-83.37,30.26],[-83.41,30.26],[-83.43,30.26],[-83.47,30.26],[-83.47,30.27],[-83.47,30.28],[-83.47,30.3],[-83.5,30.3],[-83.53,30.3],[-83.59,30.3],[-83.61,30.3],[-83.64,30.3],[-83.67,30.3],[-83.71,30.3],[-83.72,30.3],[-83.74,30.3],[-83.75,30.3],[-83.78,30.3],[-83.82,30.3],[-83.82,30.31],[-83.82,30.32],[-83.81,30.32],[-83.8,30.32],[-83.79,30.32],[-83.79,30.33],[-83.79,30.34],[-83.8,30.34],[-83.8,30.35]]]]}},
{"type":"Feature","properties":{"ugc":"FLZ020","name":"Hamilton","state":"FL","wfo":"JAX"},"geometry":{"type":"MultiPolygon","coordinates":[[[[-83.27,30.63],[-83.17,30.63],[-83.15,30.63],[-83.14,30.62],[-83.13,30.62],[-83.08,30.62],[-83.04,30.62],[-83.02,30.62],[-83.0,30.62],[-82.93,30.61],[-82.87,30.61],[-82.8,30.6],[-82.75,30.6],[-82.73,30.6],[-82.7,30.6],[-82.7,30.59],[-82.71,30.58],[-82.71,30.57],[-82.72,30.57],[-82.72,30.56],[-82.73,30.56],[-82.72,30.55],[-82.72,30.54],[-82.72,30.53],[-82.73,30.53],[-82.72,30.52],[-82.72,30.51],[-82.71,30.51],[-82.71,30.5],[-82.71,30.49],[-82.7,30.49],[-82.7,30.48],[-82.69,30.47],[-82.68,30.47],[-82.68,30.46],[-82.67,30.46],[-82.67,30.45],[-82.67,30.44],[-82.66,30.44],[-82.66,30.43],[-82.65,30.43],[-82.65,30.42],[-82.65,30.41],[-82.65,30.4],[-82.65,30.39],[-82.66,30.39],[-82.66,30.38],[-82.67,30.38],[-82.66,30.37],[-82.67,30.37],[-82.68,30.36],[-82.69,30.35],[-82.68,30.35],[-82.68,30.34],[-82.69,30.34],[-82.69,30.33],[-82.7,30.33],[-82.71,30.33],[-82.71,30.32],[-82.72,30.32],[-82.72,30.33],[-82.73,30.33],[-82.74,30.33],[-82.74,30.32],[-82.75,30.32],[-82.76,30.32],[-82.76,30.33],[-82.77,30.33],[-82.78,30.32],[-82.79,30.32],[-82.79,30.33],[-82.79,30.34],[-82.8,30.34],[-82.8,30.35],[-82.81,30.34],[-82.82,30.34],[-82.83,30.34],[-82.84,30.34],[-82.85,30.34],[-82.85,30.35],[-82.86,30.35],[-82.86,30.36],[-82.87,30.36],[-82.87,30.37],[-82.88,30.37],[-82.89,30.37],[-82.89,30.38],[-82.89,30.39],[-82.9,30.39],[-82.91,30.39],[-82.9,30.38],[-82.91,30.38],[-82.92,30.39],[-82.93,30.39],[-82.94,30.4],[-82.95,30.4],[-82.95,30.41],[-82.96,30.41],[-82.96,30.42],[-82.97,30.42],[-82.98,30.42],[-82.99,30.43],[-83.0,30.43],[-83.01,30.43],[-83.01,30.42],[-83.03,30.43],[-83.04,30.43],[-83.05,30.43],[-83.06,30.43],[-83.07,30.43],[-83.08,30.43],[-83.08,30.44],[-83.09,30.44],[-83.1,30.44],[-83.11,30.43],[-83.12,30.43],[-83.13,30.43],[-83.13,30.42],[-83.14,30.42],[-83.15,30.42],[-83.16,30.42],[-83.16,30.41],[-83.16,30.4],[-83.17,30.4],[-83.18,30.4],[-83.18,30.41],[-83.19,30.41],[-83.19,30.42],[-83.2,30.42],[-83.2,30.41],[-83.21,30.41],[-83.21,30.42],[-83.22,30.42],[-83.22,30.43],[-83.22,30.44],[-83.22,30.45],[-83.22,30.46],[-83.23,30.47],[-83.24,30.47],[-83.24,30.48],[-83.24,30.49],[-83.24,30.5],[-83.24,30.51],[-83.24,30.52],[-83.24,30.53],[-83.25,30.53],[-83.25,30.54],[-83.25,30.55],[-83.26,30.55],[-83.26,30.56],[-83.26,30.57],[-83.26,30.58],[-83.26,30.59],[-83.26,30.6],[-83.27,30.61],[-83.27,30.62],[-83.27,30.63]]],[[[-83.17,30.4],[-83.16,30.39],[-83.17,30.39],[-83.18,30.39],[-83.17,30.4]]]]}},
{"type":"Feature","properties":{"ugc":"FLZ021","name":"Suwannee","state":"FL","wfo":"JAX"},"geometry":{"type":"MultiPolygon","coordinates":[[[[-83.25,30.25],[-83.25,30.26],[-83.24,30.26],[-83.24,30.27],[-83.24,30.28],[-83.23,30.28],[-83.23,30.29],[-83.23,30.3],[-83.22,30.3],[-83.21,30.31],[-83.21,30.32],[-83.21,30.33],[-83.21,30.34],[-83.21,30.35],[-83.2,30.35],[-83.19,30.35],[-83.19,30.36],[-83.19,30.37],[-83.19,30.38],[-83.18,30.38],[-83.17,30.39],[-83.16,30.39],[-83.17,30.4],[-83.16,30.4],[-83.16,30.41],[-83.16,30.42],[-83.15,30.42],[-83.14,30.42],[-83.13,30.42],[-83.13,30.43],[-83.12,30.43],[-83.11,30.43],[-83.1,30.44],[-83.09,30.44],[-83.08,30.44],[-83.08,30.43],[-83.07,30.43],[-83.06,30.43],[-83.05,30.43],[-83.04,30.43],[-83.03,30.43],[-83.01,30.42],[-83.01,30.43],[-83.0,30.43],[-82.99,30.43],[-82.98,30.42],[-82.97,30.42],[-82.96,30.42],[-82.96,30.41],[-82.95,30.41],[-82.95,30.4],[-82.94,30.4],[-82.93,30.39],[-82.92,30.39],[-82.91,30.38],[-82.9,30.38],[-82.91,30.39],[-82.9,30.39],[-82.89,30.39],[-82.89,30.38],[-82.89,30.37],[-82.88,30.37],[-82.87,30.37],[-82.87,30.36],[-82.86,30.36],[-82.86,30.35],[-82.85,30.35],[-82.85,30.34],[-82.84,30.34],[-82.83,30.34],[-82.82,30.34],[-82.81,30.34],[-82.8,30.35],[-82.8,30.34],[-82.79,30.34],[-82.79,30.33],[-82.79,30.32],[-82.79,30.31],[-82.79,30.28],[-82.79,30.27],[-82.79,30.25],[-82.79,30.24],[-82.79,30.23],[-82.79,30.2],[-82.79,30.13],[-82.79,30.11],[-82.79,30.07],[-82.79,30.06],[-82.79,30.02],[-82.79,29.99],[-82.77,29.99],[-82.76,29.99],[-82.76,29.98],[-82.76,29.97],[-82.76,29.96],[-82.77,29.96],[-82.78,29.96],[-82.79,29.95],[-82.79,29.94],[-82.8,29.94],[-82.8,29.93],[-82.81,29.93],[-82.82,29.93],[-82.82,29.92],[-82.83,29.92],[-82.83,29.91],[-82.84,29.91],[-82.85,29.91],[-82.86,29.91],[-82.87,29.9],[-82.88,29.89],[-82.88,29.88],[-82.89,29.88],[-82.89,29.89],[-82.89,29.9],[-82.9,29.9],[-82.91,29.9],[-82.91,29.91],[-82.92,29.91],[-82.92,29.92],[-82.93,29.92],[-82.92,29.93],[-82.92,29.94],[-82.93,29.95],[-82.93,29.96],[-82.94,29.96],[-82.95,29.96],[-82.95,29.97],[-82.96,29.97],[-82.96,29.98],[-82.96,29.99],[-82.97,30.0],[-82.98,30.0],[-82.98,30.01],[-82.99,30.01],[-83.0,30.01],[-83.01,30.02],[-83.01,30.03],[-83.02,30.03],[-83.02,30.04],[-83.03,30.04],[-83.03,30.05],[-83.04,30.05],[-83.04,30.06],[-83.05,30.06],[-83.06,30.06],[-83.07,30.06],[-83.07,30.07],[-83.07,30.08],[-83.09,30.08],[-83.09,30.09],[-83.1,30.09],[-83.11,30.09],[-83.11,30.1],[-83.12,30.1],[-83.13,30.1],[-83.14,30.1],[-83.15,30.1],[-83.16,30.11],[-83.17,30.1],[-83.18,30.1],[-83.18,30.09],[-83.19,30.1],[-83.2,30.11],[-83.21,30.1],[-83.22,30.11],[-83.23,30.12],[-83.22,30.13],[-83.23,30.14],[-83.23,30.15],[-83.24,30.15],[-83.23,30.16],[-83.23,30.17],[-83.24,30.17],[-83.24,30.18],[-83.25,30.18],[-83.25,30.19],[-83.25,30.2],[-83.25,30.21],[-83.24,30.21],[-83.24,30.22],[-83.24,30.23],[-83.25,30.23],[-83.25,30.24],[-83.25,30.25]]],[[[-82.91,29.9],[-82.91,29.89],[-82.92,29.89],[-82.92,29.9],[-82.91,29.9]]]]}},
{"type":"Feature","properties":{"ugc":"FLZ023","name":"Baker","state":"FL","wfo":"JAX"},"geometry":{"type":"MultiPolygon","coordinates":[[[[-82.42,30.58],[-82.41,30.58],[-82.28,30.57],[-82.26,30.57],[-82.22,30.57],[-82.23,30.56],[-82.23,30.55],[-82.24,30.55],[-82.24,30.54],[-82.24,30.53],[-82.23,30.53],[-82.23,30.52],[-82.23,30.51],[-82.22,30.51],[-82.22,30.5],[-82.21,30.5],[-82.21,30.49],[-82.2,30.49],[-82.2,30.48],[-82.21,30.47],[-82.21,30.46],[-82.2,30.45],[-82.21,30.44],[-82.21,30.43],[-82.21,30.42],[-82.21,30.41],[-82.2,30.41],[-82.2,30.4],[-82.2,30.39],[-82.19,30.39],[-82.19,30.38],[-82.18,30.38],[-82.18,30.37],[-82.17,30.37],[-82.17,30.36],[-82.16,30.36],[-82.15,30.36],[-82.14,30.36],[-82.13,30.36],[-82.13,30.37],[-82.12,30.36],[-82.12,30.37],[-82.11,30.37],[-82.1,30.37],[-82.1,30.36],[-82.09,30.36],[-82.08,30.36],[-82.07,30.36],[-82.06,30.36],[-82.05,30.36],[-82.05,30.33],[-82.05,30.29],[-82.05,30.28],[-82.05,30.27],[-82.05,30.24],[-82.05,30.23],[-82.05,30.19],[-82.05,30.14],[-82.1,30.14],[-82.12,30.14],[-82.13,30.14],[-82.14,30.14],[-82.15,30.14],[-82.21,30.14],[-82.22,30.14],[-82.25,30.14],[-82.27,30.14],[-82.3,30.14],[-82.32,30.14],[-82.35,30.14],[-82.37,30.14],[-82.38,30.14],[-82.39,30.14],[-82.43,30.14],[-82.44,30.14],[-82.45,30.14],[-82.46,30.14],[-82.46,30.16],[-82.46,30.18],[-82.46,30.22],[-82.46,30.26],[-82.46,30.29],[-82.46,30.35],[-82.46,30.4],[-82.46,30.44],[-82.46,30.45],[-82.46,30.47],[-82.46,30.58],[-82.42,30.58]]]]}},
{"type":"Feature","properties":{"ugc":"FLZ024","name":"Inland Nassau","state":"FL","wfo":"JAX"},"geometry":{"type":"MultiPolygon","coordinates":[[[[-82.04,30.73],[-82.04,30.74],[-82.04,30.75],[-82.03,30.75],[-82.02,30.75],[-82.02,30.76],[-82.01,30.76],[-82.01,30.77],[-82.02,30.77],[-82.02,30.78],[-82.02,30.79],[-82.01,30.79],[-82.0,30.79],[-81.99,30.78],[-81.98,30.78],[-81.97,30.78],[-81.97,30.79],[-81.96,30.8],[-81.96,30.81],[-81.96,30.82],[-81.95,30.82],[-81.95,30.83],[-81.94,30.82],[-81.93,30.82],[-81.92,30.82],[-81.91,30.82],[-81.91,30.83],[-81.9,30.83],[-81.9,30.82],[-81.89,30.82],[-81.89,30.81],[-81.88,30.81],[-81.88,30.8],[-81.87,30.8],[-81.87,30.79],[-81.86,30.79],[-81.85,30.79],[-81.84,30.79],[-81.83,30.79],[-81.82,30.79],[-81.81,30.79],[-81.8,30.79],[-81.79,30.79],[-81.79,30.78],[-81.78,30.77],[-81.78,30.76],[-81.77,30.76],[-81.77,30.77],[-81.77,30.78],[-81.76,30.78],[-81.76,30.77],[-81.75,30.77],[-81.74,30.77],[-81.74,30.76],[-81.73,30.75],[-81.72,30.75],[-81.71,30.75],[-81.7,30.74],[-81.7,30.75],[-81.69,30.75],[-81.69,30.74],[-81.68,30.74],[-81.67,30.74],[-81.67,30.75],[-81.66,30.75],[-81.66,30.74],[-81.66,30.73],[-81.67,30.73],[-81.67,30.72],[-81.67,30.71],[-81.68,30.7],[-81.68,30.69],[-81.67,30.68],[-81.67,30.66],[-81.66,30.65],[-81.66,30.64],[-81.66,30.63],[-81.65,30.63],[-81.65,30.62],[-81.65,30.61],[-81.64,30.6],[-81.65,30.59],[-81.65,30.58],[-81.65,30.57],[-81.66,30.57],[-81.66,30.56],[-81.66,30.55],[-81.67,30.55],[-81.67,30.56],[-81.67,30.57],[-81.68,30.56],[-81.68,30.57],[-81.69,30.56],[-81.69,30.57],[-81.7,30.57],[-81.71,30.57],[-81.73,30.55],[-81.73,30.54],[-81.74,30.54],[-81.76,30.53],[-81.76,30.54],[-81.77,30.52],[-81.78,30.5],[-81.79,30.51],[-81.8,30.49],[-81.81,30.48],[-81.83,30.47],[-81.83,30.46],[-81.87,30.44],[-81.88,30.42],[-81.92,30.39],[-81.94,30.37],[-81.95,30.37],[-81.95,30.36],[-81.97,30.35],[-82.01,30.31],[-82.05,30.27],[-82.05,30.28],[-82.05,30.29],[-82.05,30.33],[-82.05,30.36],[-82.04,30.37],[-82.04,30.38],[-82.04,30.39],[-82.04,30.4],[-82.04,30.41],[-82.04,30.42],[-82.03,30.43],[-82.04,30.43],[-82.04,30.44],[-82.03,30.44],[-82.03,30.45],[-82.02,30.46],[-82.02,30.47],[-82.02,30.48],[-82.02,30.49],[-82.02,30.5],[-82.02,30.51],[-82.01,30.51],[-82.02,30.52],[-82.02,30.53],[-82.02,30.54],[-82.01,30.54],[-82.01,30.55],[-82.01,30.56],[-82.01,30.57],[-82.01,30.58],[-82.01,30.59],[-82.01,30.6],[-82.02,30.6],[-82.02,30.61],[-82.03,30.61],[-82.03,30.62],[-82.03,30.63],[-82.04,30.63],[-82.04,30.64],[-82.04,30.65],[-82.05,30.65],[-82.05,30.66],[-82.05,30.67],[-82.05,30.68],[-82.04,30.69],[-82.04,30.7],[-82.04,30.71],[-82.04,30.72],[-82.04,30.73]]]]}},
{"type":"Feature","properties":{"ugc":"FLZ025","name":"Northern Liberty","state":"FL","wfo":"TAE"},"geometry":{"type":"MultiPolygon","coordinates":[[[[-85.11,30.21],[-85.1,30.21],[-85.1,30.22],[-85.09,30.22],[-85.09,30.23],[-85.08,30.23],[-85.08,30.24],[-85.08,30.25],[-85.07,30.25],[-85.07,30.26],[-85.06,30.26],[-85.06,30.27],[-85.06,30.28],[-85.06,30.29],[-85.05,30.29],[-85.06,30.3],[-85.05,30.3],[-85.05,30.31],[-85.04,30.31],[-85.03,30.31],[-85.04,30.32],[-85.05,30.32],[-85.04,30.33],[-85.05,30.33],[-85.05,30.34],[-85.04,30.35],[-85.04,30.36],[-85.03,30.36],[-85.03,30.37],[-85.04,30.37],[-85.04,30.38],[-85.03,30.38],[-85.02,30.38],[-85.02,30.39],[-85.01,30.39],[-85.02,30.4],[-85.03,30.4],[-85.03,30.41],[-85.03,30.42],[-85.03,30.43],[-85.02,30.43],[-85.01,30.44],[-85.0,30.44],[-84.99,30.44],[-84.98,30.44],[-84.98,30.45],[-84.99,30.45],[-85.0,30.45],[-85.0,30.46],[-84.99,30.46],[-84.99,30.47],[-85.0,30.47],[-85.0,30.48],[-85.0,30.49],[-84.99,30.49],[-84.99,30.5],[-84.99,30.51],[-84.99,30.52],[-84.99,30.53],[-84.98,30.53],[-84.98,30.54],[-84.98,30.55],[-84.97,30.55],[-84.97,30.56],[-84.96,30.56],[-84.96,30.57],[-84.97,30.57],[-84.97,30.58],[-84.96,30.58],[-84.95,30.58],[-84.94,30.58],[-84.94,30.59],[-84.94,30.6],[-84.93,30.6],[-84.93,30.61],[-84.91,30.61],[-84.88,30.61],[-84.88,30.56],[-84.88,30.55],[-84.88,30.53],[-84.87,30.53],[-84.82,30.53],[-84.82,30.52],[-84.81,30.52],[-84.8,30.52],[-84.79,30.52],[-84.78,30.52],[-84.78,30.46],[-84.76,30.46],[-84.75,30.46],[-84.71,30.46],[-84.71,30.42],[-84.7,30.42],[-84.69,30.42],[-84.68,30.42],[-84.68,30.39],[-84.67,30.39],[-84.65,30.39],[-84.66,30.38],[-84.66,30.37],[-84.67,30.37],[-84.68,30.37],[-84.68,30.36],[-84.69,30.35],[-84.7,30.35],[-84.7,30.34],[-84.71,30.34],[-84.71,30.33],[-84.71,30.32],[-84.7,30.32],[-84.71,30.31],[-84.71,30.3],[-84.73,30.3],[-85.1,30.2],[-85.12,30.2],[-85.12,30.21],[-85.11,30.21]]]]}},
{"type":"Feature","properties":{"ugc":"FLZ026","name":"Liberty","state":"FL","wfo":"TAE"},"geometry":{"type":"MultiPolygon","coordinates":[[[[-85.15,30.1],[-85.15,30.11],[-85.14,30.11],[-85.14,30.12],[-85.15,30.12],[-85.15,30.13],[-85.14,30.13],[-85.14,30.14],[-85.13,30.14],[-85.13,30.15],[-85.13,30.16],[-85.14,30.16],[-85.14,30.17],[-85.13,30.18],[-85.13,30.19],[-85.12,30.19],[-85.12,30.2],[-85.12,30.21],[-85.11,30.21],[-85.1,30.21],[-85.1,30.22],[-85.09,30.22],[-85.09,30.23],[-85.08,30.23],[-85.08,30.24],[-85.08,30.25],[-85.07,30.25],[-85.07,30.26],[-85.06,30.26],[-85.06,30.27],[-85.06,30.28],[-85.06,30.29],[-85.05,30.29],[-85.06,30.3],[-85.05,30.3],[-85.05,30.31],[-85.04,30.31],[-85.03,30.31],[-85.04,30.32],[-85.05,30.32],[-85.04,30.33],[-85.05,30.33],[-85.05,30.34],[-85.04,30.35],[-85.04,30.36],[-85.03,30.36],[-85.03,30.37],[-85.04,30.37],[-85.04,30.38],[-85.03,30.38],[-85.02,30.38],[-85.02,30.39],[-85.01,30.39],[-85.02,30.4],[-85.03,30.4],[-85.03,30.41],[-85.03,30.42],[-85.03,30.43],[-85.02,30.43],[-85.01,30.44],[-85.0,30.44],[-84.99,30.44],[-84.98,30.44],[-84.98,30.45],[-84.99,30.45],[-85.0,30.45],[-85.0,30.46],[-84.99,30.46],[-84.99,30.47],[-85.0,30.47],[-85.0,30.48],[-85.0,30.49],[-84.99,30.49],[-84.99,30.5],[-84.99,30.51],[-84.99,30.52],[-84.99,30.53],[-84.98,30.53],[-84.98,30.54],[-84.98,30.55],[-84.97,30.55],[-84.97,30.56],[-84.96,30.56],[-84.96,30.57],[-84.97,30.57],[-84.97,30.58],[-84.96,30.58],[-84.95,30.58],[-84.94,30.58],[-84.94,30.59],[-84.94,30.6],[-84.93,30.6],[-84.93,30.61],[-84.91,30.61],[-84.88,30.61],[-84.88,30.56],[-84.88,30.55],[-84.88,30.53],[-84.87,30.53],[-84.84,30.53],[-84.82,30.53],[-84.82,30.52],[-84.81,30.52],[-84.8,30.52],[-84.79,30.52],[-84.78,30.52],[-84.78,30.46],[-84.76,30.46],[-84.75,30.46],[-84.71,30.46],[-84.71,30.42],[-84.7,30.42],[-84.69,30.42],[-84.68,30.42],[-84.68,30.39],[-84.67,30.39],[-84.65,30.39],[-84.66,30.38],[-84.66,30.37],[-84.67,30.37],[-84.68,30.37],[-84.68,30.36],[-84.69,30.35],[-84.7,30.35],[-84.7,30.34],[-84.71,30.34],[-84.71,30.33],[-84.71,30.32],[-84.7,30.32],[-84.71,30.31],[-84.71,30.3],[-84.73,30.29],[-84.73,30.28],[-84.73,30.27],[-84.74,30.27],[-84.74,30.26],[-84.73,30.26],[-84.72,30.25],[-84.71,30.25],[-84.7,30.25],[-84.7,30.24],[-84.7,30.23],[-84.69,30.22],[-84.68,30.22],[-84.68,30.21],[-84.68,30.2],[-84.68,30.19],[-84.67,30.19],[-84.67,30.18],[-84.67,30.17],[-84.67,30.16],[-84.67,30.15],[-84.67,30.14],[-84.67,30.13],[-84.67,30.12],[-84.66,30.12],[-84.65,30.12],[-84.65,30.11],[-84.65,30.1],[-84.65,30.09],[-84.64,30.09],[-84.64,30.08],[-84.64,30.07],[-84.63,30.07],[-84.63,30.06],[-84.62,30.06],[-84.62,30.07],[-84.61,30.06],[-84.61,30.05],[-84.6,30.05],[-84.6,30.04],[-84.6,30.03],[-84.59,30.03],[-84.58,30.03],[-84.58,30.02],[-84.57,30.02],[-84.56,30.02],[-84.56,30.01],[-84.58,30.01],[-84.6,30.01],[-84.62,30.01],[-84.69,30.01],[-84.71,30.01],[-84.72,30.01],[-84.76,30.01],[-84.78,30.01],[-84.81,30.01],[-84.85,30.01],[-84.87,30.01],[-84.89,30.01],[-84.93,30.01],[-85.0,30.01],[-85.01,30.01],[-85.01,30.0],[-85.02,29.99],[-85.02,29.98],[-85.02,29.97],[-85.03,29.97],[-85.03,29.98],[-85.03,29.99],[-85.04,29.99],[-85.05,29.99],[-85.05,30.0],[-85.06,30.0],[-85.07,30.0],[-85.07,30.01],[-85.08,30.01],[-85.09,30.01],[-85.09,30.02],[-85.1,30.02],[-85.11,30.02],[-85.12,30.02],[-85.12,30.03],[-85.13,30.04],[-85.14,30.04],[-85.13,30.05],[-85.14,30.05],[-85.14,30.06],[-85.13,30.07],[-85.14,30.07],[-85.14,30.08],[-85.14,30.09],[-85.15,30.09],[-85.15,30.1]],[[-85.14,30.12],[-85.13,30.11],[-85.13,30.12],[-85.14,30.12]]]]}},
{"type":"Feature","properties":{"ugc":"FLZ027","name":"Inland Wakulla","state":"FL","wfo":"TAE"},"geometry":{"type":"MultiPolygon","coordinates":[[[[-84.7,30.23],[-84.7,30.24],[-84.7,30.25],[-84.71,30.25],[-84.72,30.25],[-84.73,30.26],[-84.74,30.26],[-84.74,30.27],[-84.73,30.27],[-84.73,30.28],[-84.73,30.29],[-84.71,30.3],[-84.63,30.3],[-84.62,30.3],[-84.51,30.3],[-84.38,30.3],[-84.37,30.3],[-84.36,30.3],[-84.34,30.3],[-84.33,30.3],[-84.3,30.3],[-84.28,30.3],[-84.25,30.3],[-84.24,30.28],[-84.24,30.27],[-84.23,30.27],[-84.21,30.27],[-84.19,30.27],[-84.15,30.27],[-84.14,30.27],[-84.13,30.27],[-84.12,30.27],[-84.08,30.27],[-84.08,30.26],[-84.08,30.24],[-84.08,30.21],[-84.08,30.19],[-84.14,30.2],[-84.18,30.2],[-84.25,30.18],[-84.35,30.14],[-84.43,30.11],[-84.51,30.07],[-84.54,30.01],[-84.55,30.01],[-84.56,30.01],[-84.56,30.02],[-84.57,30.02],[-84.58,30.02],[-84.58,30.03],[-84.59,30.03],[-84.6,30.03],[-84.6,30.04],[-84.6,30.05],[-84.61,30.05],[-84.61,30.06],[-84.62,30.07],[-84.62,30.06],[-84.63,30.06],[-84.63,30.07],[-84.64,30.07],[-84.64,30.08],[-84.64,30.09],[-84.65,30.09],[-84.65,30.1],[-84.65,30.11],[-84.65,30.12],[-84.66,30.12],[-84.67,30.12],[-84.67,30.13],[-84.67,30.14],[-84.67,30.15],[-84.67,30.16],[-84.67,30.17],[-84.67,30.18],[-84.67,30.19],[-84.68,30.19],[-84.68,30.2],[-84.68,30.21],[-84.68,30.22],[-84.69,30.22],[-84.7,30.23]]]]}},
{"type":"Feature","properties":{"ugc":"FLZ028","name":"Inland Taylor","state":"FL","wfo":"TAE"},"geometry":{"type":"MultiPolygon","coordinates":[[[[-83.82,30.3],[-83.78,30.3],[-83.75,30.3],[-83.74,30.3],[-83.72,30.3],[-83.71,30.3],[-83.67,30.3],[-83.64,30.3],[-83.61,30.3],[-83.59,30.3],[-83.53,30.3],[-83.5,30.3],[-83.47,30.3],[-83.47,30.28],[-83.47,30.27],[-83.47,30.26],[-83.43,30.26],[-83.41,30.26],[-83.37,30.26],[-83.37,30.25],[-83.37,30.24],[-83.37,30.21],[-83.37,30.2],[-83.37,30.19],[-83.37,30.16],[-83.37,30.13],[-83.37,30.09],[-83.37,30.04],[-83.37,30.01],[-83.37,30.0],[-83.37,29.99],[-83.37,29.9],[-83.37,29.89],[-83.35,29.89],[-83.35,29.82],[-83.33,29.82],[-83.32,29.82],[-83.32,29.81],[-83.32,29.78],[-83.33,29.77],[-83.33,29.76],[-83.34,29.76],[-83.34,29.75],[-83.34,29.74],[-83.35,29.73],[-83.34,29.73],[-83.35,29.72],[-83.43,29.77],[-83.51,29.85],[-83.63,29.99],[-83.72,30.04],[-83.83,30.1],[-83.95,30.18],[-83.95,30.19],[-83.94,30.19],[-83.93,30.19],[-83.93,30.2],[-83.92,30.2],[-83.92,30.21],[-83.92,30.22],[-83.92,30.23],[-83.92,30.24],[-83.91,30.25],[-83.9,30.25],[-83.9,30.26],[-83.89,30.26],[-83.88,30.27],[-83.87,30.27],[-83.86,30.27],[-83.85,30.28],[-83.84,30.28],[-83.83,30.29],[-83.83,30.3],[-83.82,30.3]]]]}},
{"type":"Feature","properties":{"ugc":"FLZ029","name":"Lafayette","state":"FL","wfo":"TAE"},"geometry":{"type":"MultiPolygon","coordinates":[[[[-83.28,30.26],[-83.26,30.26],[-83.25,30.26],[-83.25,30.25],[-83.25,30.24],[-83.25,30.23],[-83.24,30.23],[-83.24,30.22],[-83.24,30.21],[-83.25,30.21],[-83.25,30.2],[-83.25,30.19],[-83.25,30.18],[-83.24,30.18],[-83.24,30.17],[-83.23,30.17],[-83.23,30.16],[-83.24,30.15],[-83.23,30.15],[-83.23,30.14],[-83.22,30.13],[-83.23,30.12],[-83.22,30.11],[-83.21,30.1],[-83.2,30.11],[-83.19,30.1],[-83.18,30.09],[-83.18,30.1],[-83.17,30.1],[-83.16,30.11],[-83.15,30.1],[-83.14,30.1],[-83.13,30.1],[-83.12,30.1],[-83.11,30.1],[-83.11,30.09],[-83.1,30.09],[-83.09,30.09],[-83.09,30.08],[-83.07,30.08],[-83.07,30.07],[-83.07,30.06],[-83.06,30.06],[-83.05,30.06],[-83.04,30.06],[-83.04,30.05],[-83.03,30.05],[-83.03,30.04],[-83.02,30.04],[-83.02,30.03],[-83.01,30.03],[-83.01,30.02],[-83.0,30.01],[-82.99,30.01],[-82.98,30.01],[-82.98,30.0],[-82.97,30.0],[-82.96,29.99],[-82.96,29.98],[-82.96,29.97],[-82.95,29.97],[-82.95,29.96],[-82.94,29.96],[-82.93,29.96],[-82.93,29.95],[-82.92,29.94],[-82.92,29.93],[-82.93,29.92],[-82.92,29.92],[-82.92,29.91],[-82.91,29.91],[-82.91,29.9],[-82.9,29.9],[-82.89,29.9],[-82.89,29.89],[-82.89,29.88],[-82.88,29.88],[-82.88,29.87],[-82.88,29.86],[-82.89,29.85],[-82.89,29.84],[-82.89,29.83],[-82.9,29.82],[-82.91,29.82],[-82.92,29.82],[-82.94,29.82],[-82.95,29.82],[-82.96,29.82],[-82.97,29.83],[-82.99,29.83],[-83.0,29.83],[-83.12,29.82],[-83.18,29.82],[-83.26,29.82],[-83.31,29.82],[-83.32,29.82],[-83.33,29.82],[-83.35,29.82],[-83.35,29.89],[-83.37,29.89],[-83.37,29.9],[-83.37,29.99],[-83.37,30.0],[-83.37,30.01],[-83.37,30.04],[-83.37,30.09],[-83.37,30.13],[-83.37,30.16],[-83.37,30.19],[-83.37,30.2],[-83.37,30.21],[-83.37,30.24],[-83.37,30.25],[-83.37,30.26],[-83.35,30.26],[-83.3,30.26],[-83.29,30.26],[-83.28,30.26]],[[-82.91,29.9],[-82.92,29.9],[-82.92,29.89],[-82.91,29.89],[-82.91,29.9]]]]}},
{"type":"Feature","properties":{"ugc":"FLZ030","name":"Union","state":"FL","wfo":"JAX"},"geometry":{"type":"MultiPolygon","coordinates":[[[[-82.57,29.99],[-82.57,30.0],[-82.57,30.01],[-82.56,30.02],[-82.55,30.02],[-82.54,30.02],[-82.54,30.03],[-82.54,30.04],[-82.54,30.05],[-82.54,30.06],[-82.53,30.06],[-82.53,30.07],[-82.52,30.07],[-82.52,30.08],[-82.51,30.08],[-82.5,30.08],[-82.5,30.09],[-82.49,30.09],[-82.48,30.09],[-82.47,30.1],[-82.46,30.1],[-82.46,30.11],[-82.45,30.12],[-82.45,30.13],[-82.46,30.13],[-82.46,30.14],[-82.45,30.14],[-82.44,30.14],[-82.43,30.14],[-82.39,30.14],[-82.38,30.14],[-82.37,30.14],[-82.35,30.14],[-82.32,30.14],[-82.3,30.14],[-82.27,30.14],[-82.25,30.14],[-82.22,30.14],[-82.21,30.14],[-82.15,30.14],[-82.15,30.13],[-82.14,30.13],[-82.14,30.12],[-82.15,30.11],[-82.16,30.11],[-82.16,30.1],[-82.17,30.1],[-82.17,30.09],[-82.18,30.08],[-82.18,30.07],[-82.19,30.06],[-82.2,30.05],[-82.21,30.05],[-82.21,30.04],[-82.22,30.05],[-82.22,30.04],[-82.23,30.03],[-82.24,30.03],[-82.25,30.03],[-82.26,30.03],[-82.26,30.02],[-82.27,30.02],[-82.27,30.01],[-82.27,30.0],[-82.28,29.99],[-82.29,29.98],[-82.29,29.97],[-82.3,29.97],[-82.3,29.96],[-82.31,29.96],[-82.31,29.95],[-82.32,29.95],[-82.33,29.96],[-82.34,29.96],[-82.34,29.95],[-82.35,29.95],[-82.35,29.94],[-82.36,29.94],[-82.36,29.93],[-82.37,29.94],[-82.37,29.93],[-82.38,29.93],[-82.39,29.93],[-82.4,29.93],[-82.41,29.93],[-82.42,29.93],[-82.42,29.92],[-82.43,29.92],[-82.43,29.93],[-82.44,29.93],[-82.45,29.93],[-82.46,29.93],[-82.47,29.93],[-82.48,29.93],[-82.48,29.94],[-82.49,29.94],[-82.5,29.94],[-82.51,29.94],[-82.51,29.95],[-82.52,29.94],[-82.52,29.95],[-82.53,29.94],[-82.53,29.95],[-82.53,29.96],[-82.54,29.96],[-82.55,29.96],[-82.56,29.97],[-82.57,29.97],[-82.57,29.98],[-82.57,29.99]]]]}},
{"type":"Feature","properties":{"ugc":"FLZ031","name":"Bradford","state":"FL","wfo":"JAX"},"geometry":{"type":"MultiPolygon","coordinates":[[[[-82.21,29.85],[-82.23,29.85],[-82.24,29.85],[-82.25,29.85],[-82.26,29.85],[-82.27,29.85],[-82.27,29.84],[-82.28,29.84],[-82.28,29.85],[-82.29,29.85],[-82.3,29.85],[-82.31,29.85],[-82.31,29.86],[-82.31,29.87],[-82.32,29.87],[-82.33,29.87],[-82.33,29.88],[-82.34,29.88],[-82.35,29.88],[-82.36,29.88],[-82.37,29.88],[-82.38,29.88],[-82.39,29.88],[-82.4,29.89],[-82.4,29.9],[-82.41,29.9],[-82.41,29.91],[-82.41,29.92],[-82.42,29.92],[-82.42,29.93],[-82.41,29.93],[-82.4,29.93],[-82.39,29.93],[-82.38,29.93],[-82.37,29.93],[-82.37,29.94],[-82.36,29.93],[-82.36,29.94],[-82.35,29.94],[-82.35,29.95],[-82.34,29.95],[-82.34,29.96],[-82.33,29.96],[-82.32,29.95],[-82.31,29.95],[-82.31,29.96],[-82.3,29.96],[-82.3,29.97],[-82.29,29.97],[-82.29,29.98],[-82.28,29.99],[-82.27,30.0],[-82.27,30.01],[-82.27,30.02],[-82.26,30.02],[-82.26,30.03],[-82.25,30.03],[-82.24,30.03],[-82.23,30.03],[-82.22,30.04],[-82.22,30.05],[-82.21,30.04],[-82.21,30.05],[-82.2,30.05],[-82.19,30.06],[-82.18,30.07],[-82.18,30.08],[-82.17,30.09],[-82.17,30.1],[-82.16,30.1],[-82.16,30.11],[-82.15,30.11],[-82.14,30.12],[-82.14,30.13],[-82.15,30.13],[-82.15,30.14],[-82.14,30.14],[-82.13,30.14],[-82.12,30.14],[-82.1,30.14],[-82.05,30.14],[-82.05,30.1],[-82.05,30.06],[-82.05,30.02],[-82.05,30.0],[-82.05,29.93],[-82.05,29.84],[-82.05,29.83],[-82.05,29.81],[-82.05,29.8],[-82.05,29.79],[-82.05,29.76],[-82.05,29.75],[-82.05,29.74],[-82.06,29.74],[-82.06,29.75],[-82.07,29.76],[-82.08,29.76],[-82.08,29.77],[-82.08,29.78],[-82.09,29.78],[-82.1,29.78],[-82.11,29.78],[-82.11,29.79],[-82.12,29.79],[-82.12,29.8],[-82.12,29.81],[-82.12,29.82],[-82.13,29.82],[-82.13,29.83],[-82.14,29.84],[-82.15,29.84],[-82.16,29.84],[-82.17,29.84],[-82.18,29.84],[-82.19,29.85],[-82.2,29.85],[-82.21,29.85]]]]}},
{"type":"Feature","properties":{"ugc":"FLZ033","name":"Inland St. Johns","state":"FL","wfo":"JAX"},"geometry":{"type":"MultiPolygon","coordinates":[[[[-81.61,30.13],[-81.6,30.13],[-81.59,30.13],[-81.58,30.13],[-81.57,30.12],[-81.56,30.12],[-81.54,30.12],[-81.54,30.1],[-81.5,30.1],[-81.49,30.04],[-81.45,29.97],[-81.43,29.95],[-81.42,29.93],[-81.41,29.92],[-81.41,29.91],[-81.41,29.9],[-81.4,29.89],[-81.4,29.88],[-81.4,29.87],[-81.4,29.86],[-81.39,29.86],[-81.39,29.85],[-81.38,29.84],[-81.38,29.83],[-81.35,29.76],[-81.34,29.73],[-81.33,29.71],[-81.33,29.7],[-81.32,29.69],[-81.32,29.68],[-81.29,29.66],[-81.28,29.65],[-81.29,29.65],[-81.3,29.65],[-81.31,29.64],[-81.32,29.65],[-81.32,29.64],[-81.32,29.63],[-81.33,29.63],[-81.37,29.63],[-81.43,29.62],[-81.44,29.62],[-81.45,29.62],[-81.46,29.62],[-81.47,29.62],[-81.49,29.62],[-81.52,29.62],[-81.52,29.69],[-81.52,29.71],[-81.52,29.72],[-81.52,29.74],[-81.53,29.76],[-81.54,29.77],[-81.54,29.78],[-81.55,29.78],[-81.56,29.79],[-81.56,29.8],[-81.57,29.81],[-81.58,29.84],[-81.6,29.88],[-81.61,29.9],[-81.61,29.91],[-81.61,29.92],[-81.6,29.94],[-81.6,29.95],[-81.6,29.96],[-81.61,29.97],[-81.62,29.98],[-81.67,30.01],[-81.68,30.01],[-81.68,30.02],[-81.69,30.02],[-81.69,30.03],[-81.69,30.04],[-81.69,30.06],[-81.69,30.07],[-81.68,30.08],[-81.68,30.09],[-81.68,30.1],[-81.68,30.11],[-81.68,30.12],[-81.67,30.12],[-81.65,30.12],[-81.63,30.13],[-81.62,30.13],[-81.61,30.13]]]]}},
{"type":"Feature","properties":{"ugc":"FLZ034","name":"Inland Dixie","state":"FL","wfo":"TAE"},"geometry":{"type":"MultiPolygon","coordinates":[[[[-82.97,29.83],[-82.96,29.82],[-82.95,29.82],[-82.94,29.82],[-82.93,29.82],[-82.93,29.81],[-82.94,29.81],[-82.93,29.8],[-82.92,29.8],[-82.92,29.79],[-82.93,29.79],[-82.94,29.78],[-82.94,29.77],[-82.95,29.77],[-82.95,29.76],[-82.95,29.75],[-82.94,29.75],[-82.94,29.74],[-82.94,29.73],[-82.95,29.73],[-82.95,29.72],[-82.96,29.72],[-82.95,29.71],[-82.94,29.7],[-82.95,29.7],[-82.96,29.7],[-82.96,29.69],[-82.96,29.68],[-82.95,29.68],[-82.96,29.67],[-82.95,29.67],[-82.95,29.66],[-82.96,29.66],[-82.96,29.65],[-82.96,29.64],[-82.97,29.63],[-82.97,29.62],[-82.97,29.61],[-82.96,29.6],[-82.96,29.59],[-82.95,29.59],[-82.94,29.59],[-82.94,29.58],[-82.95,29.58],[-82.95,29.57],[-82.95,29.56],[-82.96,29.55],[-82.97,29.55],[-82.97,29.54],[-82.98,29.54],[-82.98,29.53],[-82.97,29.53],[-82.97,29.52],[-82.98,29.52],[-82.98,29.51],[-82.98,29.5],[-82.98,29.49],[-82.98,29.48],[-82.99,29.48],[-82.99,29.47],[-83.17,29.49],[-83.27,29.59],[-83.34,29.71],[-83.35,29.72],[-83.34,29.73],[-83.35,29.73],[-83.34,29.74],[-83.34,29.75],[-83.34,29.76],[-83.33,29.76],[-83.33,29.77],[-83.32,29.78],[-83.32,29.81],[-83.32,29.82],[-83.31,29.82],[-83.26,29.82],[-83.18,29.82],[-83.12,29.82],[-83.0,29.83],[-82.99,29.83],[-82.97,29.83]]]]}},
{"type":"Feature","properties":{"ugc":"FLZ035","name":"Gilchrist","state":"FL","wfo":"JAX"},"geometry":{"type":"MultiPolygon","coordinates":[[[[-82.95,29.59],[-82.96,29.59],[-82.96,29.6],[-82.97,29.61],[-82.97,29.62],[-82.97,29.63],[-82.96,29.64],[-82.96,29.65],[-82.96,29.66],[-82.95,29.66],[-82.95,29.67],[-82.96,29.67],[-82.95,29.68],[-82.96,29.68],[-82.96,29.69],[-82.96,29.7],[-82.95,29.7],[-82.94,29.7],[-82.95,29.71],[-82.96,29.72],[-82.95,29.72],[-82.95,29.73],[-82.94,29.73],[-82.94,29.74],[-82.94,29.75],[-82.95,29.75],[-82.95,29.76],[-82.95,29.77],[-82.94,29.77],[-82.94,29.78],[-82.93,29.79],[-82.92,29.79],[-82.92,29.8],[-82.93,29.8],[-82.94,29.81],[-82.93,29.81],[-82.93,29.82],[-82.92,29.82],[-82.91,29.82],[-82.9,29.82],[-82.89,29.83],[-82.89,29.84],[-82.89,29.85],[-82.88,29.86],[-82.88,29.87],[-82.88,29.88],[-82.88,29.89],[-82.87,29.9],[-82.86,29.91],[-82.85,29.91],[-82.84,29.91],[-82.83,29.91],[-82.83,29.92],[-82.82,29.92],[-82.82,29.93],[-82.81,29.93],[-82.8,29.93],[-82.79,29.93],[-82.78,29.93],[-82.77,29.93],[-82.77,29.92],[-82.77,29.91],[-82.77,29.9],[-82.76,29.9],[-82.75,29.89],[-82.75,29.88],[-82.75,29.87],[-82.74,29.87],[-82.74,29.86],[-82.73,29.86],[-82.72,29.85],[-82.71,29.85],[-82.71,29.84],[-82.7,29.84],[-82.69,29.83],[-82.68,29.83],[-82.67,29.83],[-82.66,29.83],[-82.66,29.82],[-82.66,29.8],[-82.66,29.79],[-82.66,29.73],[-82.66,29.69],[-82.66,29.67],[-82.66,29.65],[-82.66,29.63],[-82.66,29.61],[-82.66,29.58],[-82.66,29.56],[-82.67,29.56],[-82.69,29.56],[-82.72,29.56],[-82.75,29.56],[-82.76,29.56],[-82.76,29.58],[-82.77,29.58],[-82.79,29.58],[-82.81,29.58],[-82.82,29.58],[-82.84,29.58],[-82.86,29.58],[-82.86,29.59],[-82.88,29.59],[-82.9,29.59],[-82.92,29.59],[-82.93,29.59],[-82.94,29.59],[-82.95,29.59]]]]}},
{"type":"Feature","properties":{"ugc":"FLZ038","name":"Inland Flagler","state":"FL","wfo":"JAX"},"geometry":{"type":"MultiPolygon","coordinates":[[[[-81.27,29.65],[-81.27,29.64],[-81.26,29.63],[-81.24,29.6],[-81.21,29.54],[-81.2,29.51],[-81.18,29.48],[-81.16,29.41],[-81.15,29.39],[-81.15,29.35],[-81.15,29.27],[-81.17,29.27],[-81.18,29.27],[-81.19,29.27],[-81.2,29.26],[-81.25,29.26],[-81.32,29.26],[-81.34,29.26],[-81.35,29.26],[-81.37,29.26],[-81.41,29.26],[-81.42,29.26],[-81.42,29.28],[-81.42,29.3],[-81.42,29.32],[-81.42,29.37],[-81.42,29.4],[-81.43,29.4],[-81.44,29.4],[-81.44,29.39],[-81.45,29.39],[-81.46,29.39],[-81.47,29.39],[-81.48,29.4],[-81.48,29.41],[-81.48,29.42],[-81.49,29.42],[-81.49,29.43],[-81.49,29.44],[-81.49,29.45],[-81.5,29.46],[-81.5,29.47],[-81.51,29.49],[-81.52,29.49],[-81.52,29.5],[-81.52,29.52],[-81.52,29.54],[-81.52,29.56],[-81.52,29.59],[-81.52,29.62],[-81.49,29.62],[-81.47,29.62],[-81.46,29.62],[-81.45,29.62],[-81.44,29.62],[-81.43,29.62],[-81.37,29.63],[-81.33,29.63],[-81.32,29.63],[-81.32,29.64],[-81.32,29.65],[-81.31,29.64],[-81.3,29.65],[-81.29,29.65],[-81.28,29.65],[-81.27,29.65]]]]}},
{"type":"Feature","properties":{"ugc":"FLZ041","name":"Inland Volusia","state":"FL","wfo":"MLB"},"geometry":{"type":"MultiPolygon","coordinates":[[[[-81.43,29.05],[-81.44,29.05],[-81.44,29.06],[-81.45,29.06],[-81.46,29.06],[-81.46,29.07],[-81.46,29.08],[-81.45,29.08],[-81.46,29.09],[-81.46,29.1],[-81.47,29.1],[-81.47,29.09],[-81.48,29.09],[-81.49,29.09],[-81.49,29.1],[-81.5,29.1],[-81.5,29.11],[-81.51,29.11],[-81.51,29.12],[-81.5,29.12],[-81.51,29.13],[-81.51,29.14],[-81.52,29.14],[-81.52,29.15],[-81.52,29.16],[-81.52,29.17],[-81.53,29.17],[-81.53,29.18],[-81.54,29.18],[-81.55,29.18],[-81.55,29.19],[-81.56,29.19],[-81.56,29.2],[-81.57,29.2],[-81.58,29.2],[-81.59,29.2],[-81.6,29.2],[-81.61,29.2],[-81.61,29.21],[-81.62,29.21],[-81.62,29.22],[-81.62,29.23],[-81.63,29.24],[-81.63,29.25],[-81.64,29.26],[-81.64,29.27],[-81.64,29.28],[-81.65,29.28],[-81.65,29.29],[-81.65,29.3],[-81.66,29.3],[-81.67,29.3],[-81.67,29.31],[-81.68,29.31],[-81.68,29.32],[-81.65,29.33],[-81.59,29.34],[-81.53,29.36],[-81.5,29.37],[-81.48,29.37],[-81.46,29.38],[-81.45,29.38],[-81.44,29.38],[-81.44,29.39],[-81.44,29.4],[-81.43,29.4],[-81.42,29.4],[-81.42,29.37],[-81.42,29.32],[-81.42,29.3],[-81.42,29.28],[-81.42,29.26],[-81.41,29.26],[-81.37,29.26],[-81.35,29.26],[-81.34,29.26],[-81.32,29.26],[-81.25,29.26],[-81.2,29.26],[-81.19,29.27],[-81.18,29.27],[-81.17,29.27],[-81.15,29.27],[-81.08,29.16],[-81.06,29.13],[-81.03,29.11],[-81.01,29.06],[-81.01,29.04],[-80.96,28.96],[-80.94,28.93],[-80.92,28.87],[-80.92,28.84],[-80.9,28.79],[-80.91,28.79],[-80.92,28.79],[-80.94,28.79],[-80.97,28.79],[-80.97,28.74],[-80.97,28.73],[-80.97,28.7],[-80.97,28.67],[-80.96,28.61],[-80.97,28.61],[-80.99,28.61],[-80.99,28.62],[-81.0,28.63],[-81.01,28.64],[-81.0,28.64],[-81.0,28.65],[-81.01,28.65],[-81.01,28.66],[-81.01,28.67],[-81.02,28.67],[-81.02,28.68],[-81.02,28.69],[-81.02,28.7],[-81.03,28.7],[-81.03,28.71],[-81.04,28.71],[-81.03,28.72],[-81.04,28.72],[-81.04,28.73],[-81.05,28.73],[-81.05,28.74],[-81.06,28.75],[-81.05,28.78],[-81.06,28.79],[-81.06,28.8],[-81.07,28.8],[-81.07,28.81],[-81.07,28.82],[-81.08,28.82],[-81.09,28.82],[-81.1,28.82],[-81.1,28.83],[-81.11,28.83],[-81.12,28.83],[-81.12,28.82],[-81.12,28.81],[-81.13,28.81],[-81.13,28.8],[-81.14,28.8],[-81.14,28.79],[-81.15,28.79],[-81.16,28.79],[-81.17,28.79],[-81.17,28.78],[-81.18,28.79],[-81.18,28.8],[-81.19,28.79],[-81.2,28.79],[-81.2,28.8],[-81.21,28.8],[-81.22,28.81],[-81.22,28.82],[-81.22,28.83],[-81.23,28.83],[-81.24,28.83],[-81.27,28.83],[-81.31,28.83],[-81.32,28.84],[-81.33,28.84],[-81.34,28.84],[-81.34,28.85],[-81.35,28.85],[-81.36,28.85],[-81.35,28.86],[-81.36,28.86],[-81.36,28.87],[-81.37,28.88],[-81.37,28.89],[-81.36,28.89],[-81.35,28.89],[-81.35,28.9],[-81.36,28.9],[-81.36,28.91],[-81.36,28.92],[-81.35,28.92],[-81.35,28.93],[-81.35,28.94],[-81.36,28.94],[-81.35,28.95],[-81.36,28.95],[-81.36,28.96],[-81.37,28.96],[-81.37,28.97],[-81.36,28.97],[-81.36,28.98],[-81.35,28.98],[-81.36,28.99],[-81.37,28.99],[-81.37,29.0],[-81.38,29.0],[-81.38,29.01],[-81.39,29.01],[-81.39,29.02],[-81.4,29.03],[-81.41,29.03],[-81.41,29.04],[-81.42,29.04],[-81.43,29.05]]]]}},
{"type":"Feature","properties":{"ugc":"FLZ043","name":"Sumter","state":"FL","wfo":"TBW"},"geometry":{"type":"MultiPolygon","coordinates":[[[[-82.12,28.96],[-82.03,28.96],[-82.0,28.96],[-81.97,28.96],[-81.95,28.96],[-81.95,28.93],[-81.95,28.88],[-81.95,28.84],[-81.95,28.82],[-81.95,28.78],[-81.95,28.77],[-81.95,28.75],[-81.95,28.74],[-81.95,28.73],[-81.95,28.72],[-81.95,28.66],[-81.95,28.64],[-81.95,28.63],[-81.95,28.6],[-81.95,28.59],[-81.95,28.58],[-81.95,28.56],[-81.95,28.55],[-81.95,28.53],[-81.95,28.52],[-81.96,28.5],[-81.96,28.43],[-81.96,28.42],[-81.96,28.41],[-81.96,28.38],[-81.96,28.35],[-81.96,28.33],[-81.96,28.31],[-81.97,28.31],[-81.98,28.31],[-81.98,28.3],[-81.99,28.3],[-81.99,28.31],[-82.0,28.32],[-82.01,28.32],[-82.02,28.32],[-82.03,28.32],[-82.04,28.32],[-82.05,28.32],[-82.06,28.31],[-82.06,28.32],[-82.06,28.43],[-82.06,28.48],[-82.05,28.5],[-82.05,28.52],[-82.06,28.52],[-82.06,28.53],[-82.07,28.53],[-82.08,28.53],[-82.09,28.53],[-82.09,28.52],[-82.1,28.53],[-82.1,28.54],[-82.11,28.54],[-82.12,28.54],[-82.13,28.54],[-82.13,28.55],[-82.14,28.56],[-82.14,28.57],[-82.15,28.57],[-82.16,28.57],[-82.17,28.56],[-82.17,28.57],[-82.18,28.57],[-82.19,28.57],[-82.19,28.58],[-82.2,28.58],[-82.2,28.57],[-82.21,28.57],[-82.22,28.58],[-82.22,28.59],[-82.22,28.6],[-82.23,28.6],[-82.23,28.61],[-82.24,28.61],[-82.24,28.62],[-82.25,28.62],[-82.25,28.63],[-82.26,28.63],[-82.26,28.64],[-82.26,28.65],[-82.27,28.65],[-82.27,28.66],[-82.27,28.67],[-82.26,28.67],[-82.26,28.68],[-82.26,28.69],[-82.25,28.69],[-82.25,28.7],[-82.25,28.71],[-82.25,28.72],[-82.24,28.72],[-82.24,28.73],[-82.23,28.73],[-82.23,28.74],[-82.22,28.74],[-82.22,28.75],[-82.21,28.75],[-82.21,28.76],[-82.2,28.76],[-82.19,28.76],[-82.18,28.76],[-82.18,28.77],[-82.19,28.77],[-82.19,28.78],[-82.18,28.78],[-82.18,28.79],[-82.17,28.79],[-82.17,28.8],[-82.18,28.8],[-82.18,28.81],[-82.18,28.82],[-82.19,28.83],[-82.2,28.83],[-82.21,28.84],[-82.22,28.85],[-82.23,28.85],[-82.23,28.86],[-82.24,28.86],[-82.24,28.87],[-82.24,28.88],[-82.25,28.88],[-82.26,28.89],[-82.27,28.89],[-82.27,28.9],[-82.28,28.9],[-82.28,28.91],[-82.28,28.92],[-82.29,28.93],[-82.29,28.94],[-82.3,28.94],[-82.3,28.95],[-82.31,28.95],[-82.31,28.96],[-82.25,28.96],[-82.23,28.96],[-82.22,28.96],[-82.16,28.96],[-82.12,28.96]]]]}},
{"type":"Feature","properties":{"ugc":"FLZ044","name":"Northern Lake County","state":"FL","wfo":"MLB"},"geometry":{"type":"MultiPolygon","coordinates":[[[[-81.64,29.26],[-81.63,29.25],[-81.63,29.24],[-81.62,29.23],[-81.62,29.22],[-81.62,29.21],[-81.61,29.21],[-81.61,29.2],[-81.6,29.2],[-81.59,29.2],[-81.58,29.2],[-81.57,29.2],[-81.56,29.2],[-81.56,29.19],[-81.55,29.19],[-81.55,29.18],[-81.54,29.18],[-81.53,29.18],[-81.53,29.17],[-81.52,29.17],[-81.52,29.16],[-81.52,29.15],[-81.52,29.14],[-81.51,29.14],[-81.51,29.13],[-81.5,29.12],[-81.51,29.12],[-81.51,29.11],[-81.5,29.11],[-81.5,29.1],[-81.49,29.1],[-81.49,29.09],[-81.48,29.09],[-81.47,29.09],[-81.47,29.1],[-81.46,29.1],[-81.46,29.09],[-81.45,29.08],[-81.46,29.08],[-81.46,29.07],[-81.46,29.06],[-81.45,29.06],[-81.44,29.06],[-81.44,29.05],[-81.43,29.05],[-81.42,29.04],[-81.41,29.04],[-81.41,29.03],[-81.4,29.03],[-81.39,29.02],[-81.39,29.01],[-81.38,29.01],[-81.38,29.0],[-81.37,29.0],[-81.37,28.99],[-81.36,28.99],[-81.35,28.98],[-81.36,28.98],[-81.36,28.97],[-81.37,28.97],[-81.37,28.96],[-81.36,28.96],[-81.36,28.95],[-81.35,28.95],[-81.36,28.94],[-81.35,28.94],[-81.35,28.93],[-81.35,28.92],[-81.36,28.92],[-81.36,28.91],[-81.36,28.9],[-81.35,28.9],[-81.35,28.89],[-81.36,28.89],[-81.37,28.89],[-81.37,28.88],[-81.37,28.87],[-81.38,28.87],[-81.38,28.86],[-81.38,28.85],[-81.39,28.85],[-81.39,28.84],[-81.4,28.84],[-81.41,28.84],[-81.41,28.83],[-81.42,28.83],[-81.42,28.82],[-81.42,28.81],[-81.42,28.8],[-81.41,28.8],[-81.41,28.79],[-81.44,28.79],[-81.47,28.79],[-81.5,28.79],[-81.65,28.79],[-81.65,28.78],[-81.66,28.78],[-81.95,28.78],[-81.95,28.82],[-81.95,28.84],[-81.95,28.88],[-81.95,28.93],[-81.95,28.96],[-81.94,28.96],[-81.9,28.96],[-81.89,28.96],[-81.88,28.96],[-81.87,28.96],[-81.85,28.96],[-81.84,28.96],[-81.83,28.96],[-81.82,28.96],[-81.8,28.96],[-81.76,28.96],[-81.72,28.96],[-81.7,28.96],[-81.68,28.96],[-81.67,28.96],[-81.66,28.96],[-81.66,29.0],[-81.66,29.04],[-81.66,29.05],[-81.65,29.05],[-81.64,29.05],[-81.64,29.06],[-81.64,29.13],[-81.64,29.19],[-81.64,29.26]]]]}},
{"type":"Feature","properties":{"ugc":"FLZ045","name":"Orange","state":"FL","wfo":"MLB"},"geometry":{"type":"MultiPolygon","coordinates":[[[[-81.5,28.79],[-81.47,28.79],[-81.44,28.79],[-81.41,28.79],[-81.41,28.78],[-81.42,28.77],[-81.42,28.76],[-81.42,28.75],[-81.42,28.74],[-81.43,28.73],[-81.44,28.72],[-81.44,28.71],[-81.45,28.71],[-81.45,28.72],[-81.46,28.71],[-81.46,28.7],[-81.46,28.69],[-81.46,28.66],[-81.46,28.65],[-81.46,28.64],[-81.43,28.64],[-81.42,28.64],[-81.4,28.64],[-81.38,28.64],[-81.37,28.64],[-81.36,28.64],[-81.33,28.64],[-81.33,28.62],[-81.33,28.61],[-81.32,28.61],[-81.29,28.61],[-81.28,28.61],[-81.27,28.61],[-81.25,28.61],[-81.23,28.61],[-81.21,28.61],[-81.19,28.61],[-81.18,28.61],[-81.16,28.61],[-81.12,28.61],[-81.07,28.61],[-81.04,28.61],[-81.03,28.61],[-81.01,28.61],[-81.0,28.61],[-80.99,28.61],[-80.98,28.61],[-80.97,28.61],[-80.96,28.6],[-80.95,28.6],[-80.95,28.59],[-80.95,28.58],[-80.94,28.58],[-80.94,28.57],[-80.93,28.57],[-80.93,28.56],[-80.93,28.55],[-80.93,28.54],[-80.94,28.54],[-80.94,28.53],[-80.93,28.53],[-80.92,28.53],[-80.92,28.52],[-80.91,28.52],[-80.91,28.51],[-80.9,28.51],[-80.89,28.51],[-80.88,28.51],[-80.88,28.5],[-80.88,28.49],[-80.88,28.48],[-80.87,28.48],[-80.87,28.47],[-80.88,28.47],[-80.89,28.47],[-80.89,28.46],[-80.9,28.46],[-80.9,28.45],[-80.89,28.45],[-80.89,28.44],[-80.9,28.44],[-80.9,28.43],[-80.9,28.42],[-80.89,28.42],[-80.89,28.41],[-80.89,28.4],[-80.89,28.39],[-80.88,28.38],[-80.88,28.37],[-80.87,28.37],[-80.87,28.36],[-80.87,28.35],[-80.92,28.35],[-80.93,28.35],[-80.94,28.35],[-80.95,28.35],[-81.0,28.35],[-81.02,28.35],[-81.13,28.35],[-81.17,28.35],[-81.21,28.35],[-81.3,28.35],[-81.31,28.35],[-81.32,28.35],[-81.42,28.35],[-81.43,28.35],[-81.45,28.35],[-81.49,28.35],[-81.51,28.35],[-81.57,28.35],[-81.58,28.35],[-81.61,28.35],[-81.64,28.35],[-81.66,28.35],[-81.66,28.37],[-81.66,28.38],[-81.66,28.45],[-81.66,28.49],[-81.66,28.51],[-81.66,28.52],[-81.66,28.56],[-81.66,28.57],[-81.65,28.57],[-81.65,28.58],[-81.65,28.59],[-81.66,28.59],[-81.66,28.61],[-81.66,28.65],[-81.66,28.75],[-81.66,28.78],[-81.65,28.78],[-81.65,28.79],[-81.5,28.79]]]]}},
{"type":"Feature","properties":{"ugc":"FLZ046","name":"Seminole","state":"FL","wfo":"MLB"},"geometry":{"type":"MultiPolygon","coordinates":[[[[-81.35,28.85],[-81.34,28.85],[-81.34,28.84],[-81.33,28.84],[-81.32,28.84],[-81.31,28.83],[-81.27,28.83],[-81.24,28.83],[-81.23,28.83],[-81.22,28.83],[-81.22,28.82],[-81.22,28.81],[-81.21,28.8],[-81.2,28.8],[-81.2,28.79],[-81.19,28.79],[-81.18,28.8],[-81.18,28.79],[-81.17,28.78],[-81.17,28.79],[-81.16,28.79],[-81.15,28.79],[-81.14,28.79],[-81.14,28.8],[-81.13,28.8],[-81.13,28.81],[-81.12,28.81],[-81.12,28.82],[-81.12,28.83],[-81.11,28.83],[-81.1,28.83],[-81.1,28.82],[-81.09,28.82],[-81.08,28.82],[-81.07,28.82],[-81.07,28.81],[-81.07,28.8],[-81.06,28.8],[-81.06,28.79],[-81.05,28.78],[-81.06,28.75],[-81.05,28.74],[-81.05,28.73],[-81.04,28.73],[-81.04,28.72],[-81.03,28.72],[-81.04,28.71],[-81.03,28.71],[-81.03,28.7],[-81.02,28.7],[-81.02,28.69],[-81.02,28.68],[-81.02,28.67],[-81.01,28.67],[-81.01,28.66],[-81.01,28.65],[-81.0,28.65],[-81.0,28.64],[-81.01,28.64],[-81.0,28.63],[-80.99,28.62],[-80.99,28.61],[-81.0,28.61],[-81.01,28.61],[-81.03,28.61],[-81.04,28.61],[-81.07,28.61],[-81.12,28.61],[-81.16,28.61],[-81.18,28.61],[-81.19,28.61],[-81.21,28.61],[-81.23,28.61],[-81.25,28.61],[-81.27,28.61],[-81.28,28.61],[-81.29,28.61],[-81.32,28.61],[-81.33,28.61],[-81.33,28.62],[-81.33,28.64],[-81.36,28.64],[-81.37,28.64],[-81.38,28.64],[-81.4,28.64],[-81.42,28.64],[-81.43,28.64],[-81.46,28.64],[-81.46,28.65],[-81.46,28.66],[-81.46,28.69],[-81.46,28.7],[-81.46,28.71],[-81.45,28.72],[-81.45,28.71],[-81.44,28.71],[-81.44,28.72],[-81.43,28.73],[-81.42,28.74],[-81.42,28.75],[-81.42,28.76],[-81.42,28.77],[-81.41,28.78],[-81.41,28.79],[-81.41,28.8],[-81.42,28.8],[-81.42,28.81],[-81.42,28.82],[-81.42,28.83],[-81.41,28.83],[-81.41,28.84],[-81.4,28.84],[-81.39,28.84],[-81.39,28.85],[-81.38,28.85],[-81.38,28.86],[-81.38,28.87],[-81.37,28.87],[-81.37,28.88],[-81.36,28.87],[-81.36,28.86],[-81.35,28.86],[-81.36,28.85],[-81.35,28.85]]]]}},
{"type":"Feature","properties":{"ugc":"FLZ050","name":"Pinellas","state":"FL","wfo":"TBW"},"geometry":{"type":"MultiPolygon","coordinates":[[[[-82.85,27.86],[-82.85,27.87],[-82.85,27.88],[-82.84,27.88],[-82.84,27.89],[-82.83,27.9],[-82.83,27.91],[-82.82,27.92],[-82.83,27.92],[-82.83,27.93],[-82.82,27.93],[-82.81,27.94],[-82.82,27.94],[-82.82,27.95],[-82.81,27.95],[-82.81,27.96],[-82.81,27.97],[-82.8,27.97],[-82.8,27.98],[-82.8,27.99],[-82.79,28.0],[-82.79,28.01],[-82.79,28.02],[-82.79,28.03],[-82.79,28.04],[-82.79,28.05],[-82.78,28.05],[-82.78,28.06],[-82.78,28.07],[-82.78,28.08],[-82.78,28.09],[-82.78,28.1],[-82.77,28.1],[-82.78,28.11],[-82.78,28.12],[-82.78,28.13],[-82.78,28.14],[-82.79,28.14],[-82.79,28.15],[-82.79,28.16],[-82.8,28.17],[-82.79,28.17],[-82.78,28.17],[-82.76,28.17],[-82.74,28.17],[-82.74,28.16],[-82.73,28.17],[-82.73,28.16],[-82.72,28.16],[-82.72,28.17],[-82.66,28.17],[-82.65,28.17],[-82.65,28.02],[-82.66,28.02],[-82.66,28.01],[-82.67,28.01],[-82.67,28.02],[-82.66,28.03],[-82.67,28.03],[-82.68,28.03],[-82.69,28.03],[-82.69,28.02],[-82.68,28.02],[-82.68,28.01],[-82.68,28.0],[-82.68,27.99],[-82.69,27.99],[-82.69,27.98],[-82.7,27.98],[-82.7,27.97],[-82.69,27.97],[-82.7,27.96],[-82.71,27.96],[-82.72,27.96],[-82.72,27.95],[-82.72,27.94],[-82.71,27.93],[-82.7,27.92],[-82.69,27.92],[-82.68,27.92],[-82.68,27.91],[-82.67,27.91],[-82.66,27.91],[-82.65,27.91],[-82.65,27.9],[-82.64,27.9],[-82.65,27.89],[-82.64,27.89],[-82.63,27.89],[-82.62,27.89],[-82.62,27.88],[-82.61,27.88],[-82.61,27.87],[-82.6,27.87],[-82.6,27.86],[-82.6,27.85],[-82.6,27.84],[-82.61,27.84],[-82.61,27.83],[-82.6,27.82],[-82.59,27.82],[-82.59,27.81],[-82.6,27.81],[-82.61,27.8],[-82.61,27.79],[-82.62,27.79],[-82.62,27.78],[-82.63,27.78],[-82.63,27.77],[-82.62,27.77],[-82.62,27.76],[-82.63,27.76],[-82.63,27.75],[-82.62,27.75],[-82.62,27.74],[-82.63,27.74],[-82.63,27.73],[-82.63,27.72],[-82.63,27.71],[-82.64,27.71],[-82.64,27.7],[-82.65,27.7],[-82.66,27.7],[-82.67,27.7],[-82.67,27.71],[-82.68,27.71],[-82.69,27.71],[-82.7,27.72],[-82.69,27.72],[-82.68,27.72],[-82.68,27.73],[-82.69,27.73],[-82.69,27.74],[-82.7,27.74],[-82.71,27.74],[-82.72,27.74],[-82.73,27.74],[-82.73,27.75],[-82.74,27.74],[-82.74,27.75],[-82.74,27.76],[-82.74,27.77],[-82.75,27.78],[-82.76,27.79],[-82.76,27.8],[-82.76,27.81],[-82.77,27.81],[-82.77,27.8],[-82.78,27.81],[-82.79,27.81],[-82.8,27.81],[-82.8,27.82],[-82.8,27.83],[-82.81,27.83],[-82.82,27.83],[-82.82,27.82],[-82.81,27.82],[-82.82,27.81],[-82.83,27.82],[-82.84,27.84],[-82.84,27.85],[-82.85,27.85],[-82.85,27.86]],[[-82.69,28.03],[-82.69,28.04],[-82.7,28.04],[-82.7,28.03],[-82.69,28.03]],[[-82.61,27.84],[-82.61,27.85],[-82.61,27.86],[-82.62,27.86],[-82.62,27.85],[-82.62,27.84],[-82.61,27.84]],[[-82.63,27.72],[-82.64,27.73],[-82.64,27.72],[-82.63,27.72]],[[-82.76,27.81],[-82.76,27.82],[-82.77,27.82],[-82.76,27.81]],[[-82.76,27.82],[-82.75,27.82],[-82.76,27.83],[-82.76,27.82]],[[-82.76,27.83],[-82.75,27.83],[-82.75,27.84],[-82.76,27.83]],[[-82.82,27.83],[-82.82,27.84],[-82.83,27.84],[-82.83,27.83],[-82.82,27.83]],[[-82.71,28.08],[-82.7,28.09],[-82.71,28.09],[-82.71,28.08]],[[-82.71,28.09],[-82.71,28.1],[-82.72,28.11],[-82.72,28.12],[-82.72,28.13],[-82.71,28.13],[-82.71,28.14],[-82.72,28.14],[-82.72,28.15],[-82.73,28.15],[-82.73,28.14],[-82.74,28.14],[-82.74,28.13],[-82.74,28.12],[-82.74,28.11],[-82.73,28.11],[-82.73,28.1],[-82.72,28.1],[-82.72,28.09],[-82.71,28.09]],[[-82.77,28.15],[-82.77,28.16],[-82.78,28.16],[-82.77,28.15]],[[-82.77,28.15],[-82.77,28.14],[-82.76,28.14],[-82.76,28.15],[-82.77,28.15]],[[-82.62,27.81],[-82.61,27.81],[-82.61,27.82],[-82.62,27.82],[-82.62,27.81]],[[-82.77,27.83],[-82.78,27.84],[-82.78,27.83],[-82.77,27.83]]],[[[-82.82,27.81],[-82.81,27.81],[-82.8,27.81],[-82.79,27.8],[-82.78,27.8],[-82.78,27.79],[-82.78,27.78],[-82.79,27.79],[-82.8,27.8],[-82.81,27.8],[-82.82,27.81]]],[[[-82.78,27.78],[-82.77,27.78],[-82.77,27.77],[-82.78,27.77],[-82.78,27.78]]],[[[-82.77,27.76],[-82.76,27.76],[-82.75,27.75],[-82.75,27.74],[-82.76,27.74],[-82.76,27.75],[-82.77,27.76]]],[[[-82.75,27.74],[-82.74,27.74],[-82.74,27.73],[-82.75,27.73],[-82.75,27.74]]],[[[-82.74,27.72],[-82.73,27.72],[-82.73,27.71],[-82.73,27.7],[-82.74,27.71],[-82.74,27.72]]],[[[-82.73,27.69],[-82.72,27.69],[-82.72,27.68],[-82.72,27.67],[-82.72,27.66],[-82.73,27.66],[-82.73,27.65],[-82.74,27.65],[-82.74,27.66],[-82.73,27.67],[-82.73,27.68],[-82.73,27.69]]],[[[-82.74,27.64],[-82.73,27.63],[-82.73,27.62],[-82.73,27.61],[-82.74,27.61],[-82.74,27.62],[-82.74,27.64]]],[[[-82.72,27.62],[-82.72,27.63],[-82.71,27.62],[-82.72,27.62]]],[[[-82.71,27.62],[-82.71,27.63],[-82.7,27.62],[-82.71,27.62]]],[[[-82.72,27.69],[-82.72,27.7],[-82.71,27.7],[-82.72,27.69]]],[[[-82.72,27.7],[-82.72,27.71],[-82.71,27.72],[-82.7,27.72],[-82.71,27.71],[-82.72,27.7]]],[[[-82.6,27.84],[-82.59,27.85],[-82.59,27.84],[-82.6,27.84]]],[[[-82.61,27.87],[-82.6,27.88],[-82.59,27.88],[-82.61,27.87]]],[[[-82.64,27.9],[-82.65,27.91],[-82.64,27.91],[-82.64,27.9]]],[[[-82.84,27.89],[-82.85,27.88],[-82.85,27.89],[-82.85,27.9],[-82.85,27.91],[-82.84,27.94],[-82.84,27.93],[-82.84,27.92],[-82.84,27.91],[-82.84,27.9],[-82.84,27.89]]],[[[-82.83,27.98],[-82.83,27.99],[-82.83,28.0],[-82.83,28.01],[-82.82,28.0],[-82.82,27.99],[-82.82,27.98],[-82.83,27.98]]],[[[-82.82,28.0],[-82.82,28.01],[-82.81,28.01],[-82.81,28.0],[-82.82,28.0]]],[[[-82.82,27.98],[-82.81,27.99],[-82.81,27.98],[-82.82,27.98]]],[[[-82.82,28.02],[-82.83,28.02],[-82.82,28.03],[-82.81,28.03],[-82.82,28.02]]],[[[-82.76,27.76],[-82.76,27.77],[-82.75,27.77],[-82.76,27.76]]],[[[-82.77,27.78],[-82.77,27.79],[-82.76,27.79],[-82.76,27.78],[-82.77,27.78]]],[[[-82.74,27.76],[-82.75,27.76],[-82.75,27.77],[-82.74,27.76]]],[[[-82.69,27.66],[-82.7,27.67],[-82.69,27.67],[-82.69,27.66]]]]}},
{"type":"Feature","properties":{"ugc":"FLZ052","name":"Polk","state":"FL","wfo":"TBW"},"geometry":{"type":"MultiPolygon","coordinates":[[[[-81.86,28.36],[-81.82,28.36],[-81.79,28.36],[-81.79,28.35],[-81.72,28.35],[-81.66,28.35],[-81.66,28.33],[-81.66,28.32],[-81.66,28.3],[-81.66,28.29],[-81.66,28.26],[-81.59,28.26],[-81.56,28.26],[-81.55,28.25],[-81.54,28.23],[-81.52,28.2],[-81.52,28.18],[-81.52,28.14],[-81.47,28.14],[-81.46,28.14],[-81.46,28.13],[-81.46,28.12],[-81.46,28.09],[-81.44,28.09],[-81.38,28.09],[-81.35,28.08],[-81.35,28.07],[-81.36,28.07],[-81.37,28.07],[-81.37,28.06],[-81.36,28.06],[-81.36,28.05],[-81.36,28.04],[-81.37,28.04],[-81.37,28.03],[-81.38,28.03],[-81.38,28.02],[-81.39,28.02],[-81.39,28.03],[-81.4,28.03],[-81.41,28.03],[-81.42,28.04],[-81.43,28.04],[-81.43,28.05],[-81.44,28.05],[-81.44,28.06],[-81.45,28.06],[-81.46,28.06],[-81.46,28.05],[-81.46,28.04],[-81.45,28.04],[-81.45,28.03],[-81.44,28.03],[-81.43,28.02],[-81.43,28.01],[-81.42,28.01],[-81.42,28.0],[-81.41,28.0],[-81.4,28.0],[-81.39,28.0],[-81.38,28.0],[-81.38,27.99],[-81.38,27.98],[-81.37,27.98],[-81.37,27.97],[-81.35,27.96],[-81.35,27.95],[-81.34,27.95],[-81.34,27.94],[-81.34,27.93],[-81.33,27.93],[-81.32,27.93],[-81.32,27.92],[-81.31,27.92],[-81.31,27.91],[-81.31,27.9],[-81.31,27.89],[-81.3,27.88],[-81.31,27.88],[-81.3,27.87],[-81.3,27.86],[-81.29,27.86],[-81.28,27.86],[-81.28,27.85],[-81.27,27.85],[-81.26,27.85],[-81.25,27.85],[-81.24,27.85],[-81.24,27.84],[-81.23,27.84],[-81.22,27.84],[-81.22,27.83],[-81.21,27.82],[-81.2,27.81],[-81.2,27.8],[-81.2,27.79],[-81.19,27.79],[-81.19,27.78],[-81.18,27.77],[-81.17,27.76],[-81.18,27.76],[-81.18,27.75],[-81.17,27.75],[-81.17,27.74],[-81.16,27.74],[-81.17,27.73],[-81.17,27.72],[-81.16,27.72],[-81.15,27.72],[-81.15,27.71],[-81.15,27.7],[-81.15,27.69],[-81.15,27.68],[-81.14,27.68],[-81.14,27.67],[-81.13,27.66],[-81.13,27.65],[-81.14,27.65],[-81.14,27.64],[-81.15,27.64],[-81.18,27.64],[-81.22,27.64],[-81.23,27.65],[-81.25,27.65],[-81.31,27.65],[-81.37,27.65],[-81.47,27.65],[-81.48,27.65],[-81.51,27.65],[-81.54,27.65],[-81.55,27.65],[-81.56,27.65],[-81.6,27.65],[-81.62,27.65],[-81.63,27.65],[-81.7,27.65],[-81.77,27.65],[-81.82,27.65],[-81.85,27.65],[-81.89,27.65],[-81.9,27.65],[-81.95,27.65],[-81.98,27.65],[-82.02,27.65],[-82.05,27.65],[-82.05,27.66],[-82.05,27.68],[-82.05,27.7],[-82.05,27.73],[-82.05,27.78],[-82.05,27.82],[-82.05,27.85],[-82.05,27.87],[-82.06,27.93],[-82.06,27.99],[-82.06,28.03],[-82.06,28.04],[-82.06,28.07],[-82.06,28.1],[-82.06,28.11],[-82.06,28.12],[-82.06,28.13],[-82.06,28.17],[-82.11,28.17],[-82.11,28.22],[-82.11,28.25],[-82.11,28.26],[-82.1,28.26],[-82.08,28.26],[-82.06,28.26],[-82.06,28.28],[-82.06,28.3],[-82.06,28.31],[-82.05,28.32],[-82.04,28.32],[-82.03,28.32],[-82.02,28.32],[-82.01,28.32],[-82.0,28.32],[-81.99,28.31],[-81.99,28.3],[-81.98,28.3],[-81.98,28.31],[-81.97,28.31],[-81.96,28.31],[-81.96,28.33],[-81.96,28.35],[-81.88,28.35],[-81.86,28.35],[-81.86,28.36]]]]}},
{"type":"Feature","properties":{"ugc":"FLZ053","name":"Osceola","state":"FL","wfo":"MLB"},"geometry":{"type":"MultiPolygon","coordinates":[[[[-81.38,28.02],[-81.38,28.03],[-81.37,28.03],[-81.37,28.04],[-81.36,28.04],[-81.36,28.05],[-81.36,28.06],[-81.37,28.06],[-81.37,28.07],[-81.36,28.07],[-81.35,28.07],[-81.35,28.08],[-81.38,28.09],[-81.44,28.09],[-81.46,28.09],[-81.46,28.12],[-81.46,28.13],[-81.46,28.14],[-81.47,28.14],[-81.52,28.14],[-81.52,28.18],[-81.52,28.2],[-81.54,28.23],[-81.55,28.25],[-81.56,28.26],[-81.59,28.26],[-81.66,28.26],[-81.66,28.29],[-81.66,28.3],[-81.66,28.32],[-81.66,28.33],[-81.66,28.35],[-81.64,28.35],[-81.61,28.35],[-81.58,28.35],[-81.57,28.35],[-81.51,28.35],[-81.49,28.35],[-81.45,28.35],[-81.43,28.35],[-81.42,28.35],[-81.32,28.35],[-81.31,28.35],[-81.3,28.35],[-81.21,28.35],[-81.17,28.35],[-81.13,28.35],[-81.02,28.35],[-81.0,28.35],[-80.95,28.35],[-80.94,28.35],[-80.93,28.35],[-80.92,28.35],[-80.86,28.35],[-80.86,28.34],[-80.86,28.33],[-80.86,28.28],[-80.86,28.27],[-80.86,28.25],[-80.86,28.21],[-80.86,28.13],[-80.86,28.12],[-80.86,28.1],[-80.86,28.09],[-80.86,28.08],[-80.87,28.08],[-80.87,28.07],[-80.87,28.05],[-80.87,27.98],[-80.87,27.97],[-80.87,27.96],[-80.87,27.95],[-80.87,27.94],[-80.87,27.85],[-80.87,27.83],[-80.87,27.82],[-80.88,27.82],[-80.88,27.81],[-80.88,27.77],[-80.88,27.75],[-80.88,27.73],[-80.87,27.73],[-80.87,27.66],[-80.87,27.65],[-80.87,27.64],[-80.88,27.64],[-80.99,27.64],[-81.0,27.64],[-81.03,27.64],[-81.09,27.64],[-81.14,27.64],[-81.14,27.65],[-81.13,27.65],[-81.13,27.66],[-81.14,27.67],[-81.14,27.68],[-81.15,27.68],[-81.15,27.69],[-81.15,27.7],[-81.15,27.71],[-81.15,27.72],[-81.16,27.72],[-81.17,27.72],[-81.17,27.73],[-81.16,27.74],[-81.17,27.74],[-81.17,27.75],[-81.18,27.75],[-81.18,27.76],[-81.17,27.76],[-81.18,27.77],[-81.19,27.78],[-81.19,27.79],[-81.2,27.79],[-81.2,27.8],[-81.2,27.81],[-81.21,27.82],[-81.22,27.83],[-81.22,27.84],[-81.23,27.84],[-81.24,27.84],[-81.24,27.85],[-81.25,27.85],[-81.26,27.85],[-81.27,27.85],[-81.28,27.85],[-81.28,27.86],[-81.29,27.86],[-81.3,27.86],[-81.3,27.87],[-81.31,27.88],[-81.3,27.88],[-81.31,27.89],[-81.31,27.9],[-81.31,27.91],[-81.31,27.92],[-81.32,27.92],[-81.32,27.93],[-81.33,27.93],[-81.34,27.93],[-81.34,27.94],[-81.34,27.95],[-81.35,27.95],[-81.35,27.96],[-81.37,27.97],[-81.37,27.98],[-81.38,27.98],[-81.38,27.99],[-81.38,28.0],[-81.39,28.0],[-81.4,28.0],[-81.41,28.0],[-81.42,28.0],[-81.42,28.01],[-81.43,28.01],[-81.43,28.02],[-81.44,28.03],[-81.45,28.03],[-81.45,28.04],[-81.46,28.04],[-81.46,28.05],[-81.46,28.06],[-81.45,28.06],[-81.44,28.06],[-81.44,28.05],[-81.43,28.05],[-81.43,28.04],[-81.42,28.04],[-81.41,28.03],[-81.4,28.03],[-81.39,28.03],[-81.39,28.02],[-81.38,28.02]]]]}},
{"type":"Feature","properties":{"ugc":"FLZ056","name":"Hardee","state":"FL","wfo":"TBW"},"geometry":{"type":"MultiPolygon","coordinates":[[[[-82.05,27.65],[-82.02,27.65],[-81.98,27.65],[-81.95,27.65],[-81.9,27.65],[-81.89,27.65],[-81.85,27.65],[-81.82,27.65],[-81.77,27.65],[-81.7,27.65],[-81.63,27.65],[-81.62,27.65],[-81.6,27.65],[-81.56,27.65],[-81.56,27.62],[-81.56,27.59],[-81.56,27.58],[-81.56,27.57],[-81.56,27.49],[-81.56,27.47],[-81.56,27.46],[-81.56,27.43],[-81.56,27.41],[-81.56,27.4],[-81.56,27.38],[-81.56,27.37],[-81.56,27.35],[-81.56,27.34],[-81.57,27.34],[-81.62,27.34],[-81.63,27.34],[-81.74,27.34],[-81.86,27.34],[-81.87,27.34],[-81.96,27.34],[-82.06,27.34],[-82.06,27.47],[-82.06,27.51],[-82.05,27.56],[-82.05,27.57],[-82.05,27.59],[-82.05,27.65]]]]}},
{"type":"Feature","properties":{"ugc":"FLZ057","name":"Highlands","state":"FL","wfo":"TBW"},"geometry":{"type":"MultiPolygon","coordinates":[[[[-81.48,27.65],[-81.47,27.65],[-81.37,27.65],[-81.31,27.65],[-81.25,27.65],[-81.23,27.65],[-81.22,27.64],[-81.18,27.64],[-81.15,27.64],[-81.14,27.64],[-81.14,27.63],[-81.14,27.62],[-81.14,27.61],[-81.14,27.6],[-81.15,27.6],[-81.15,27.59],[-81.16,27.59],[-81.16,27.58],[-81.16,27.57],[-81.17,27.57],[-81.17,27.56],[-81.18,27.56],[-81.19,27.56],[-81.19,27.55],[-81.2,27.55],[-81.21,27.55],[-81.2,27.54],[-81.21,27.54],[-81.21,27.53],[-81.21,27.52],[-81.2,27.52],[-81.2,27.51],[-81.2,27.5],[-81.2,27.49],[-81.19,27.49],[-81.19,27.48],[-81.18,27.48],[-81.18,27.47],[-81.17,27.47],[-81.17,27.46],[-81.16,27.46],[-81.16,27.45],[-81.15,27.45],[-81.14,27.44],[-81.14,27.43],[-81.14,27.42],[-81.14,27.41],[-81.13,27.41],[-81.13,27.4],[-81.12,27.4],[-81.13,27.39],[-81.12,27.39],[-81.11,27.38],[-81.1,27.38],[-81.09,27.38],[-81.08,27.38],[-81.07,27.38],[-81.06,27.38],[-81.06,27.37],[-81.05,27.37],[-81.05,27.36],[-81.04,27.36],[-81.03,27.36],[-81.03,27.35],[-81.04,27.35],[-81.04,27.34],[-81.05,27.34],[-81.04,27.33],[-81.03,27.33],[-81.03,27.32],[-81.03,27.31],[-81.03,27.3],[-81.02,27.3],[-81.01,27.3],[-81.0,27.3],[-81.0,27.29],[-81.0,27.28],[-81.0,27.27],[-81.0,27.26],[-80.99,27.26],[-80.99,27.25],[-80.98,27.25],[-80.98,27.24],[-80.98,27.23],[-80.98,27.22],[-80.97,27.22],[-80.96,27.22],[-80.95,27.22],[-80.94,27.21],[-80.97,27.21],[-81.0,27.21],[-81.08,27.21],[-81.09,27.21],[-81.1,27.21],[-81.12,27.21],[-81.15,27.21],[-81.17,27.21],[-81.17,27.12],[-81.21,27.12],[-81.27,27.12],[-81.27,27.08],[-81.27,27.07],[-81.27,27.03],[-81.33,27.03],[-81.33,27.04],[-81.34,27.04],[-81.34,27.03],[-81.37,27.03],[-81.41,27.03],[-81.42,27.03],[-81.44,27.03],[-81.48,27.03],[-81.5,27.03],[-81.56,27.03],[-81.56,27.06],[-81.56,27.07],[-81.56,27.1],[-81.56,27.15],[-81.56,27.19],[-81.56,27.25],[-81.56,27.3],[-81.56,27.33],[-81.56,27.34],[-81.56,27.35],[-81.56,27.37],[-81.56,27.38],[-81.56,27.4],[-81.56,27.41],[-81.56,27.43],[-81.56,27.46],[-81.56,27.47],[-81.56,27.49],[-81.56,27.57],[-81.56,27.58],[-81.56,27.59],[-81.56,27.62],[-81.56,27.65],[-81.55,27.65],[-81.54,27.65],[-81.51,27.65],[-81.48,27.65]]]]}},
{"type":"Feature","properties":{"ugc":"FLZ058","name":"Okeechobee","state":"FL","wfo":"MLB"},"geometry":{"type":"MultiPolygon","coordinates":[[[[-81.13,27.4],[-81.13,27.41],[-81.14,27.41],[-81.14,27.42],[-81.14,27.43],[-81.14,27.44],[-81.15,27.45],[-81.16,27.45],[-81.16,27.46],[-81.17,27.46],[-81.17,27.47],[-81.18,27.47],[-81.18,27.48],[-81.19,27.48],[-81.19,27.49],[-81.2,27.49],[-81.2,27.5],[-81.2,27.51],[-81.2,27.52],[-81.21,27.52],[-81.21,27.53],[-81.21,27.54],[-81.2,27.54],[-81.21,27.55],[-81.2,27.55],[-81.19,27.55],[-81.19,27.56],[-81.18,27.56],[-81.17,27.56],[-81.17,27.57],[-81.16,27.57],[-81.16,27.58],[-81.16,27.59],[-81.15,27.59],[-81.15,27.6],[-81.14,27.6],[-81.14,27.61],[-81.14,27.62],[-81.14,27.63],[-81.14,27.64],[-81.09,27.64],[-81.03,27.64],[-81.0,27.64],[-80.99,27.64],[-80.88,27.64],[-80.87,27.64],[-80.86,27.64],[-80.84,27.64],[-80.83,27.64],[-80.81,27.64],[-80.78,27.64],[-80.78,27.63],[-80.78,27.62],[-80.78,27.56],[-80.77,27.56],[-80.75,27.56],[-80.74,27.56],[-80.73,27.56],[-80.71,27.56],[-80.7,27.56],[-80.68,27.56],[-80.68,27.53],[-80.68,27.5],[-80.68,27.47],[-80.68,27.46],[-80.68,27.45],[-80.68,27.43],[-80.68,27.41],[-80.68,27.39],[-80.68,27.38],[-80.68,27.37],[-80.68,27.3],[-80.68,27.29],[-80.68,27.25],[-80.68,27.24],[-80.68,27.21],[-80.68,27.16],[-80.68,27.14],[-80.68,27.13],[-80.69,27.14],[-80.7,27.15],[-80.71,27.16],[-80.73,27.17],[-80.74,27.18],[-80.76,27.19],[-80.77,27.19],[-80.78,27.2],[-80.79,27.21],[-80.8,27.21],[-80.81,27.2],[-80.82,27.2],[-80.83,27.2],[-80.83,27.19],[-80.84,27.19],[-80.85,27.18],[-80.85,27.17],[-80.87,27.15],[-80.87,27.16],[-80.88,27.16],[-80.88,27.17],[-80.89,27.16],[-80.89,27.17],[-80.9,27.17],[-80.91,27.17],[-80.91,27.18],[-80.91,27.19],[-80.92,27.19],[-80.93,27.2],[-80.94,27.2],[-80.94,27.21],[-80.95,27.22],[-80.96,27.22],[-80.97,27.22],[-80.98,27.22],[-80.98,27.23],[-80.98,27.24],[-80.98,27.25],[-80.99,27.25],[-80.99,27.26],[-81.0,27.26],[-81.0,27.27],[-81.0,27.28],[-81.0,27.29],[-81.0,27.3],[-81.01,27.3],[-81.02,27.3],[-81.03,27.3],[-81.03,27.31],[-81.03,27.32],[-81.03,27.33],[-81.04,27.33],[-81.05,27.34],[-81.04,27.34],[-81.04,27.35],[-81.03,27.35],[-81.03,27.36],[-81.04,27.36],[-81.05,27.36],[-81.05,27.37],[-81.06,27.37],[-81.06,27.38],[-81.07,27.38],[-81.08,27.38],[-81.09,27.38],[-81.1,27.38],[-81.11,27.38],[-81.12,27.39],[-81.13,27.39],[-81.12,27.4],[-81.13,27.4]]]]}},
{"type":"Feature","properties":{"ugc":"FLZ061","name":"DeSoto","state":"FL","wfo":"TBW"},"geometry":{"type":"MultiPolygon","coordinates":[[[[-81.99,27.03],[-82.0,27.03],[-82.06,27.03],[-82.06,27.06],[-82.06,27.12],[-82.06,27.13],[-82.06,27.15],[-82.06,27.21],[-82.06,27.25],[-82.06,27.26],[-82.06,27.29],[-82.06,27.34],[-81.96,27.34],[-81.87,27.34],[-81.86,27.34],[-81.74,27.34],[-81.63,27.34],[-81.62,27.34],[-81.57,27.34],[-81.56,27.34],[-81.56,27.33],[-81.56,27.3],[-81.56,27.25],[-81.56,27.19],[-81.56,27.15],[-81.56,27.1],[-81.56,27.07],[-81.56,27.06],[-81.56,27.03],[-81.66,27.03],[-81.73,27.03],[-81.74,27.03],[-81.75,27.03],[-81.81,27.03],[-81.85,27.03],[-81.88,27.03],[-81.93,27.03],[-81.96,27.03],[-81.97,27.04],[-81.98,27.04],[-81.99,27.04],[-81.99,27.03]]]]}},
{"type":"Feature","properties":{"ugc":"FLZ063","name":"Glades","state":"FL","wfo":"MFL"},"geometry":{"type":"MultiPolygon","coordinates":[[[[-81.1,26.86],[-81.1,26.85],[-81.09,26.85],[-81.09,26.84],[-81.08,26.84],[-81.07,26.83],[-81.06,26.83],[-81.06,26.82],[-81.05,26.82],[-81.03,26.82],[-81.02,26.82],[-81.0,26.81],[-80.99,26.81],[-80.98,26.82],[-80.95,26.81],[-80.96,26.81],[-80.98,26.81],[-80.97,26.8],[-80.96,26.8],[-80.96,26.79],[-80.95,26.79],[-80.95,26.77],[-80.96,26.77],[-81.0,26.77],[-81.01,26.77],[-81.03,26.77],[-81.11,26.77],[-81.13,26.77],[-81.17,26.77],[-81.18,26.77],[-81.21,26.77],[-81.25,26.77],[-81.26,26.77],[-81.29,26.77],[-81.32,26.77],[-81.34,26.77],[-81.36,26.77],[-81.4,26.77],[-81.41,26.77],[-81.42,26.77],[-81.43,26.77],[-81.43,26.78],[-81.44,26.78],[-81.46,26.78],[-81.46,26.77],[-81.47,26.77],[-81.48,26.77],[-81.5,26.77],[-81.52,26.77],[-81.55,26.77],[-81.56,26.77],[-81.57,26.77],[-81.57,26.78],[-81.57,26.79],[-81.57,26.8],[-81.57,26.82],[-81.56,26.84],[-81.56,26.85],[-81.56,26.86],[-81.56,26.88],[-81.56,26.9],[-81.56,26.91],[-81.56,26.94],[-81.56,26.95],[-81.56,27.0],[-81.56,27.01],[-81.56,27.03],[-81.5,27.03],[-81.48,27.03],[-81.44,27.03],[-81.42,27.03],[-81.41,27.03],[-81.37,27.03],[-81.34,27.03],[-81.34,27.04],[-81.33,27.04],[-81.33,27.03],[-81.27,27.03],[-81.27,27.07],[-81.27,27.08],[-81.27,27.12],[-81.21,27.12],[-81.17,27.12],[-81.17,27.21],[-81.15,27.21],[-81.12,27.21],[-81.1,27.21],[-81.09,27.21],[-81.08,27.21],[-81.0,27.21],[-80.97,27.21],[-80.94,27.21],[-80.94,27.2],[-80.93,27.2],[-80.92,27.19],[-80.91,27.19],[-80.91,27.18],[-80.91,27.17],[-80.9,27.17],[-80.89,27.17],[-80.89,27.16],[-80.88,27.17],[-80.88,27.16],[-80.87,27.16],[-80.87,27.15],[-80.87,27.14],[-80.88,27.14],[-80.88,27.13],[-80.89,27.13],[-80.89,27.12],[-80.9,27.12],[-80.91,27.12],[-80.92,27.11],[-80.91,27.11],[-80.91,27.1],[-80.92,27.1],[-80.93,27.1],[-80.93,27.09],[-80.93,27.08],[-80.94,27.08],[-80.94,27.09],[-80.95,27.08],[-80.96,27.07],[-80.95,27.07],[-80.95,27.06],[-80.94,27.07],[-80.93,27.07],[-80.93,27.06],[-80.93,27.05],[-80.93,27.04],[-80.94,27.04],[-80.95,27.04],[-80.96,27.04],[-80.97,27.05],[-80.97,27.06],[-80.98,27.05],[-80.99,27.05],[-80.99,27.04],[-80.99,27.03],[-81.0,27.03],[-81.01,27.02],[-81.02,27.02],[-81.02,27.01],[-81.03,27.01],[-81.04,27.01],[-81.04,27.0],[-81.05,27.0],[-81.06,27.0],[-81.06,26.99],[-81.07,26.99],[-81.08,26.99],[-81.08,26.98],[-81.09,26.98],[-81.09,26.97],[-81.08,26.97],[-81.08,26.96],[-81.09,26.96],[-81.09,26.95],[-81.08,26.95],[-81.07,26.95],[-81.07,26.94],[-81.08,26.94],[-81.08,26.93],[-81.09,26.93],[-81.1,26.93],[-81.11,26.93],[-81.12,26.93],[-81.12,26.92],[-81.11,26.92],[-81.11,26.91],[-81.11,26.9],[-81.12,26.9],[-81.12,26.89],[-81.11,26.89],[-81.11,26.88],[-81.1,26.88],[-81.1,26.87],[-81.1,26.86]]]]}},
{"type":"Feature","properties":{"ugc":"FLZ066","name":"Hendry","state":"FL","wfo":"MFL"},"geometry":{"type":"MultiPolygon","coordinates":[[[[-81.44,26.78],[-81.43,26.78],[-81.43,26.77],[-81.42,26.77],[-81.41,26.77],[-81.4,26.77],[-81.36,26.77],[-81.34,26.77],[-81.32,26.77],[-81.29,26.77],[-81.26,26.77],[-81.25,26.77],[-81.21,26.77],[-81.18,26.77],[-81.17,26.77],[-81.13,26.77],[-81.11,26.77],[-81.03,26.77],[-81.01,26.77],[-81.0,26.77],[-80.96,26.77],[-80.95,26.77],[-80.93,26.76],[-80.91,26.76],[-80.9,26.75],[-80.89,26.75],[-80.89,26.65],[-80.88,26.58],[-80.88,26.49],[-80.88,26.45],[-80.88,26.38],[-80.88,26.35],[-80.88,26.33],[-80.88,26.3],[-80.88,26.26],[-80.91,26.26],[-80.95,26.26],[-81.0,26.26],[-81.03,26.26],[-81.11,26.26],[-81.12,26.26],[-81.16,26.25],[-81.17,26.25],[-81.18,26.25],[-81.2,26.25],[-81.22,26.25],[-81.25,26.25],[-81.27,26.25],[-81.27,26.26],[-81.27,26.3],[-81.27,26.34],[-81.27,26.42],[-81.27,26.46],[-81.27,26.52],[-81.37,26.52],[-81.38,26.52],[-81.41,26.52],[-81.42,26.52],[-81.44,26.52],[-81.45,26.52],[-81.47,26.51],[-81.48,26.51],[-81.49,26.51],[-81.53,26.51],[-81.54,26.51],[-81.55,26.51],[-81.56,26.51],[-81.56,26.52],[-81.56,26.53],[-81.56,26.54],[-81.56,26.56],[-81.56,26.58],[-81.57,26.63],[-81.57,26.64],[-81.57,26.65],[-81.57,26.69],[-81.57,26.71],[-81.57,26.76],[-81.57,26.77],[-81.56,26.77],[-81.55,26.77],[-81.52,26.77],[-81.5,26.77],[-81.48,26.77],[-81.47,26.77],[-81.46,26.77],[-81.46,26.78],[-81.44,26.78]]]]}},
{"type":"Feature","properties":{"ugc":"FLZ067","name":"Inland Palm Beach County","state":"FL","wfo":"MFL"},"geometry":{"type":"MultiPolygon","coordinates":[[[[-80.73,26.7],[-80.73,26.71],[-80.73,26.72],[-80.73,26.73],[-80.73,26.74],[-80.74,26.74],[-80.74,26.75],[-80.75,26.76],[-80.74,26.77],[-80.73,26.78],[-80.72,26.77],[-80.72,26.76],[-80.72,26.75],[-80.71,26.74],[-80.7,26.75],[-80.69,26.76],[-80.69,26.77],[-80.7,26.79],[-80.7,26.8],[-80.69,26.81],[-80.68,26.82],[-80.67,26.83],[-80.66,26.83],[-80.65,26.84],[-80.64,26.85],[-80.63,26.87],[-80.62,26.89],[-80.62,26.91],[-80.62,26.92],[-80.62,26.93],[-80.61,26.94],[-80.61,26.96],[-80.5,26.96],[-80.48,26.96],[-80.42,26.96],[-80.38,26.96],[-80.36,26.96],[-80.29,26.96],[-80.26,26.96],[-80.24,26.96],[-80.23,26.96],[-80.2,26.96],[-80.2,26.79],[-80.2,26.68],[-80.2,26.66],[-80.2,26.65],[-80.2,26.64],[-80.2,26.63],[-80.2,26.61],[-80.21,26.59],[-80.21,26.58],[-80.21,26.54],[-80.2,26.46],[-80.2,26.45],[-80.2,26.41],[-80.2,26.39],[-80.2,26.36],[-80.2,26.34],[-80.2,26.33],[-80.21,26.33],[-80.22,26.33],[-80.23,26.33],[-80.25,26.33],[-80.29,26.33],[-80.33,26.33],[-80.55,26.33],[-80.61,26.33],[-80.64,26.33],[-80.75,26.33],[-80.78,26.33],[-80.88,26.33],[-80.88,26.35],[-80.88,26.38],[-80.88,26.45],[-80.88,26.49],[-80.88,26.58],[-80.89,26.65],[-80.89,26.75],[-80.88,26.75],[-80.87,26.74],[-80.85,26.73],[-80.84,26.73],[-80.84,26.72],[-80.83,26.71],[-80.82,26.7],[-80.81,26.7],[-80.8,26.7],[-80.79,26.7],[-80.78,26.7],[-80.77,26.7],[-80.76,26.69],[-80.75,26.69],[-80.74,26.69],[-80.73,26.69],[-80.73,26.7]]]]}},
{"type":"Feature","properties":{"ugc":"FLZ068","name":"Metro Palm Beach County","state":"FL","wfo":"MFL"},"geometry":{"type":"MultiPolygon","coordinates":[[[[-80.18,26.96],[-80.17,26.96],[-80.16,26.95],[-80.16,26.94],[-80.15,26.94],[-80.15,26.93],[-80.15,26.92],[-80.14,26.91],[-80.14,26.9],[-80.13,26.88],[-80.12,26.87],[-80.11,26.85],[-80.1,26.84],[-80.1,26.83],[-80.1,26.82],[-80.1,26.81],[-80.1,26.8],[-80.1,26.79],[-80.1,26.78],[-80.1,26.77],[-80.09,26.77],[-80.09,26.76],[-80.09,26.75],[-80.09,26.73],[-80.09,26.72],[-80.08,26.71],[-80.07,26.7],[-80.07,26.69],[-80.07,26.68],[-80.07,26.67],[-80.07,26.66],[-80.07,26.65],[-80.07,26.63],[-80.07,26.62],[-80.07,26.6],[-80.07,26.58],[-80.07,26.55],[-80.07,26.54],[-80.07,26.53],[-80.07,26.52],[-80.07,26.51],[-80.08,26.51],[-80.08,26.5],[-80.09,26.47],[-80.09,26.46],[-80.09,26.45],[-80.09,26.44],[-80.09,26.43],[-80.09,26.42],[-80.09,26.41],[-80.09,26.4],[-80.09,26.39],[-80.1,26.39],[-80.11,26.39],[-80.11,26.38],[-80.12,26.38],[-80.12,26.36],[-80.12,26.35],[-80.12,26.34],[-80.12,26.33],[-80.16,26.33],[-80.19,26.33],[-80.2,26.33],[-80.2,26.34],[-80.2,26.36],[-80.2,26.39],[-80.2,26.41],[-80.2,26.45],[-80.2,26.46],[-80.21,26.54],[-80.21,26.58],[-80.21,26.59],[-80.2,26.61],[-80.2,26.63],[-80.2,26.64],[-80.2,26.65],[-80.2,26.66],[-80.2,26.68],[-80.2,26.79],[-80.2,26.96],[-80.18,26.96]]]]}},
{"type":"Feature","properties":{"ugc":"FLZ069","name":"Coastal Collier County","state":"FL","wfo":"MFL"},"geometry":{"type":"MultiPolygon","coordinates":[[[[-81.84,26.33],[-81.82,26.33],[-81.82,26.32],[-81.75,26.32],[-81.74,26.31],[-81.74,26.29],[-81.74,26.28],[-81.74,26.27],[-81.74,26.26],[-81.74,26.25],[-81.74,26.23],[-81.74,26.22],[-81.74,26.2],[-81.74,26.19],[-81.74,26.17],[-81.72,26.16],[-81.69,26.17],[-81.69,26.16],[-81.69,26.13],[-81.69,26.06],[-81.6,26.0],[-81.57,25.99],[-81.57,25.98],[-81.55,25.97],[-81.54,25.97],[-81.52,25.96],[-81.5,25.96],[-81.48,25.95],[-81.46,25.94],[-81.44,25.93],[-81.39,25.92],[-81.37,25.91],[-81.36,25.91],[-81.35,25.91],[-81.32,25.9],[-81.31,25.9],[-81.3,25.9],[-81.29,25.9],[-81.25,25.88],[-81.24,25.88],[-81.24,25.8],[-81.26,25.8],[-81.27,25.8],[-81.28,25.8],[-81.29,25.8],[-81.3,25.8],[-81.3,25.81],[-81.31,25.81],[-81.31,25.8],[-81.32,25.8],[-81.33,25.8],[-81.34,25.8],[-81.34,25.81],[-81.35,25.81],[-81.35,25.82],[-81.36,25.82],[-81.36,25.83],[-81.37,25.83],[-81.38,25.84],[-81.39,25.84],[-81.39,25.85],[-81.4,25.85],[-81.4,25.86],[-81.41,25.86],[-81.42,25.86],[-81.42,25.87],[-81.43,25.87],[-81.43,25.86],[-81.44,25.86],[-81.44,25.87],[-81.45,25.87],[-81.46,25.87],[-81.47,25.87],[-81.47,25.88],[-81.47,25.89],[-81.48,25.89],[-81.49,25.89],[-81.5,25.89],[-81.5,25.88],[-81.51,25.89],[-81.51,25.9],[-81.52,25.9],[-81.53,25.9],[-81.54,25.9],[-81.54,25.91],[-81.54,25.92],[-81.55,25.92],[-81.56,25.92],[-81.56,25.91],[-81.55,25.91],[-81.55,25.9],[-81.56,25.9],[-81.56,25.89],[-81.57,25.89],[-81.57,25.9],[-81.57,25.91],[-81.58,25.9],[-81.59,25.9],[-81.6,25.9],[-81.61,25.9],[-81.61,25.91],[-81.6,25.91],[-81.59,25.91],[-81.58,25.91],[-81.58,25.92],[-81.59,25.92],[-81.6,25.92],[-81.6,25.93],[-81.61,25.93],[-81.61,25.92],[-81.62,25.92],[-81.62,25.93],[-81.63,25.93],[-81.63,25.92],[-81.63,25.91],[-81.62,25.91],[-81.62,25.9],[-81.63,25.9],[-81.64,25.9],[-81.64,25.91],[-81.64,25.92],[-81.65,25.92],[-81.65,25.91],[-81.65,25.9],[-81.66,25.9],[-81.67,25.9],[-81.68,25.9],[-81.68,25.91],[-81.68,25.92],[-81.68,25.93],[-81.67,25.93],[-81.68,25.94],[-81.67,25.94],[-81.67,25.95],[-81.68,25.95],[-81.69,25.95],[-81.69,25.96],[-81.68,25.96],[-81.67,25.96],[-81.66,25.96],[-81.66,25.97],[-81.66,25.98],[-81.67,25.98],[-81.67,25.97],[-81.68,25.97],[-81.69,25.97],[-81.69,25.98],[-81.7,25.98],[-81.7,25.97],[-81.71,25.97],[-81.72,25.97],[-81.72,25.98],[-81.71,25.98],[-81.71,25.99],[-81.72,25.99],[-81.73,26.0],[-81.74,26.0],[-81.74,25.99],[-81.75,25.99],[-81.75,26.0],[-81.76,26.0],[-81.76,26.01],[-81.75,26.01],[-81.74,26.01],[-81.74,26.02],[-81.74,26.03],[-81.74,26.04],[-81.75,26.04],[-81.76,26.04],[-81.77,26.04],[-81.76,26.03],[-81.77,26.03],[-81.775,26.04],[-81.78,26.05],[-81.79,26.06],[-81.8,26.08],[-81.8,26.09],[-81.81,26.13],[-81.81,26.15],[-81.81,26.16],[-81.81,26.17],[-81.82,26.21],[-81.82,26.22],[-81.82,26.24],[-81.82,26.25],[-81.83,26.28],[-81.83,26.29],[-81.82,26.29],[-81.83,26.3],[-81.84,26.31],[-81.84,26.32],[-81.84,26.33]],[[-81.53,25.9],[-81.52,25.91],[-81.53,25.91],[-81.53,25.9]],[[-81.63,25.93],[-81.63,25.94],[-81.64,25.94],[-81.65,25.94],[-81.65,25.93],[-81.64,25.93],[-81.63,25.93]],[[-81.67,25.93],[-81.67,25.92],[-81.67,25.91],[-81.66,25.91],[-81.66,25.92],[-81.66,25.93],[-81.67,25.93]],[[-81.67,25.95],[-81.66,25.94],[-81.66,25.95],[-81.67,25.95]],[[-81.8,26.1],[-81.79,26.1],[-81.79,26.11],[-81.8,26.12],[-81.8,26.11],[-81.8,26.1]],[[-81.79,26.11],[-81.78,26.11],[-81.78,26.12],[-81.79,26.12],[-81.79,26.11]]],[[[-81.77,26.02],[-81.76,26.02],[-81.76,26.01],[-81.77,26.01],[-81.77,26.02]]],[[[-81.74,25.98],[-81.74,25.99],[-81.73,25.99],[-81.72,25.99],[-81.72,25.98],[-81.73,25.98],[-81.74,25.98]]],[[[-81.74,25.96],[-81.74,25.95],[-81.75,25.95],[-81.75,25.96],[-81.74,25.96]]],[[[-81.74,25.95],[-81.73,25.95],[-81.73,25.96],[-81.72,25.96],[-81.71,25.96],[-81.71,25.95],[-81.7,25.95],[-81.69,25.95],[-81.69,25.94],[-81.69,25.93],[-81.7,25.93],[-81.7,25.92],[-81.69,25.92],[-81.69,25.91],[-81.7,25.91],[-81.71,25.92],[-81.72,25.93],[-81.72,25.94],[-81.73,25.94],[-81.74,25.94],[-81.74,25.95]]],[[[-81.73,25.93],[-81.72,25.93],[-81.72,25.92],[-81.72,25.91],[-81.73,25.91],[-81.73,25.92],[-81.73,25.93]]],[[[-81.68,25.93],[-81.69,25.94],[-81.68,25.94],[-81.68,25.93]]],[[[-81.75,26.02],[-81.76,26.02],[-81.76,26.03],[-81.75,26.03],[-81.75,26.02]]],[[[-81.69,25.97],[-81.69,25.96],[-81.7,25.96],[-81.69,25.97]]],[[[-81.58,25.89],[-81.58,25.9],[-81.57,25.9],[-81.58,25.89]]],[[[-81.53,25.89],[-81.52,25.89],[-81.51,25.89],[-81.51,25.88],[-81.5,25.88],[-81.5,25.87],[-81.51,25.87],[-81.51,25.86],[-81.52,25.86],[-81.52,25.87],[-81.53,25.87],[-81.53,25.88],[-81.54,25.89],[-81.53,25.89]]],[[[-81.52,25.86],[-81.52,25.85],[-81.53,25.85],[-81.53,25.86],[-81.52,25.86]]],[[[-81.71,25.89],[-81.7,25.89],[-81.7,25.88],[-81.71,25.88],[-81.71,25.89]]],[[[-81.7,25.88],[-81.69,25.88],[-81.69,25.87],[-81.68,25.88],[-81.67,25.88],[-81.67,25.87],[-81.67,25.86],[-81.68,25.87],[-81.68,25.86],[-81.69,25.86],[-81.7,25.86],[-81.7,25.87],[-81.7,25.88]]],[[[-81.68,25.85],[-81.68,25.86],[-81.67,25.86],[-81.67,25.85],[-81.68,25.85]]],[[[-81.68,25.88],[-81.69,25.88],[-81.69,25.89],[-81.68,25.88]]]]}},
{"type":"Feature","properties":{"ugc":"FLZ070","name":"Inland Collier County","state":"FL","wfo":"MFL"},"geometry":{"type":"MultiPolygon","coordinates":[[[[-81.27,26.52],[-81.27,26.46],[-81.27,26.42],[-81.27,26.34],[-81.27,26.3],[-81.27,26.26],[-81.27,26.25],[-81.25,26.25],[-81.22,26.25],[-81.2,26.25],[-81.18,26.25],[-81.17,26.25],[-81.16,26.25],[-81.12,26.26],[-81.11,26.26],[-81.03,26.26],[-81.0,26.26],[-80.95,26.26],[-80.91,26.26],[-80.88,26.26],[-80.88,26.25],[-80.88,26.17],[-80.88,26.14],[-80.88,26.13],[-80.87,26.06],[-80.87,26.01],[-80.87,25.98],[-80.87,25.95],[-80.87,25.91],[-80.87,25.86],[-80.87,25.84],[-80.87,25.81],[-80.93,25.8],[-80.96,25.8],[-80.98,25.8],[-81.0,25.8],[-81.1,25.8],[-81.12,25.8],[-81.24,25.8],[-81.24,25.88],[-81.25,25.88],[-81.29,25.9],[-81.3,25.9],[-81.31,25.9],[-81.32,25.9],[-81.35,25.91],[-81.36,25.91],[-81.37,25.91],[-81.39,25.92],[-81.44,25.93],[-81.46,25.94],[-81.48,25.95],[-81.5,25.96],[-81.52,25.96],[-81.54,25.97],[-81.55,25.97],[-81.57,25.98],[-81.57,25.99],[-81.6,26.0],[-81.69,26.06],[-81.69,26.13],[-81.69,26.16],[-81.69,26.17],[-81.72,26.16],[-81.74,26.17],[-81.74,26.19],[-81.74,26.2],[-81.74,26.22],[-81.74,26.23],[-81.74,26.25],[-81.74,26.26],[-81.74,26.27],[-81.74,26.28],[-81.74,26.29],[-81.74,26.31],[-81.75,26.32],[-81.74,26.32],[-81.71,26.32],[-81.69,26.32],[-81.66,26.32],[-81.66,26.38],[-81.66,26.42],[-81.64,26.42],[-81.62,26.42],[-81.61,26.42],[-81.58,26.42],[-81.57,26.42],[-81.56,26.42],[-81.56,26.43],[-81.56,26.45],[-81.56,26.47],[-81.56,26.51],[-81.55,26.51],[-81.54,26.51],[-81.53,26.51],[-81.49,26.51],[-81.48,26.51],[-81.47,26.51],[-81.45,26.52],[-81.44,26.52],[-81.42,26.52],[-81.41,26.52],[-81.38,26.52],[-81.37,26.52],[-81.27,26.52]]]]}},
{"type":"Feature","properties":{"ugc":"FLZ071","name":"Inland Broward County","state":"FL","wfo":"MFL"},"geometry":{"type":"MultiPolygon","coordinates":[[[[-80.33,26.33],[-80.29,26.33],[-80.29,26.3],[-80.3,26.3],[-80.3,26.29],[-80.3,26.24],[-80.3,26.21],[-80.3,26.2],[-80.3,26.19],[-80.34,26.15],[-80.44,26.15],[-80.43,26.11],[-80.43,26.09],[-80.43,26.05],[-80.43,26.02],[-80.43,26.0],[-80.43,25.96],[-80.44,25.96],[-80.45,25.96],[-80.46,25.96],[-80.47,25.96],[-80.5,25.96],[-80.53,25.96],[-80.56,25.96],[-80.68,25.96],[-80.68,25.98],[-80.75,25.98],[-80.87,25.98],[-80.87,26.01],[-80.87,26.06],[-80.88,26.13],[-80.88,26.14],[-80.88,26.17],[-80.88,26.25],[-80.88,26.26],[-80.88,26.3],[-80.88,26.33],[-80.78,26.33],[-80.75,26.33],[-80.64,26.33],[-80.61,26.33],[-80.55,26.33],[-80.33,26.33]]]]}},
{"type":"Feature","properties":{"ugc":"FLZ072","name":"Metro Broward County","state":"FL","wfo":"MFL"},"geometry":{"type":"MultiPolygon","coordinates":[[[[-80.2,26.33],[-80.19,26.33],[-80.16,26.33],[-80.12,26.33],[-80.12,26.32],[-80.12,26.31],[-80.12,26.3],[-80.12,26.29],[-80.13,26.28],[-80.13,26.27],[-80.13,26.26],[-80.14,26.25],[-80.14,26.22],[-80.14,26.21],[-80.15,26.2],[-80.15,26.19],[-80.15,26.18],[-80.16,26.17],[-80.17,26.15],[-80.17,26.13],[-80.17,26.12],[-80.17,26.11],[-80.17,26.1],[-80.17,26.08],[-80.17,26.07],[-80.16,26.06],[-80.16,26.05],[-80.16,26.03],[-80.17,26.02],[-80.17,26.01],[-80.17,26.0],[-80.15,26.0],[-80.15,25.97],[-80.16,25.97],[-80.17,25.97],[-80.18,25.97],[-80.21,25.97],[-80.25,25.97],[-80.27,25.97],[-80.29,25.97],[-80.3,25.97],[-80.3,25.96],[-80.31,25.96],[-80.33,25.96],[-80.34,25.96],[-80.35,25.96],[-80.38,25.96],[-80.43,25.96],[-80.43,26.0],[-80.43,26.02],[-80.43,26.05],[-80.43,26.09],[-80.43,26.11],[-80.44,26.15],[-80.34,26.15],[-80.3,26.19],[-80.3,26.2],[-80.3,26.21],[-80.3,26.24],[-80.3,26.29],[-80.3,26.3],[-80.29,26.3],[-80.29,26.33],[-80.25,26.33],[-80.23,26.33],[-80.22,26.33],[-80.21,26.33],[-80.2,26.33]]]]}},
{"type":"Feature","properties":{"ugc":"FLZ073","name":"Inland Miami-Dade County","state":"FL","wfo":"MFL"},"geometry":{"type":"MultiPolygon","coordinates":[[[[-80.75,25.98],[-80.68,25.98],[-80.68,25.96],[-80.56,25.96],[-80.53,25.96],[-80.5,25.96],[-80.47,25.96],[-80.46,25.96],[-80.45,25.96],[-80.44,25.96],[-80.43,25.96],[-80.38,25.96],[-80.35,25.96],[-80.34,25.96],[-80.35,25.95],[-80.37,25.93],[-80.38,25.93],[-80.38,25.91],[-80.39,25.89],[-80.39,25.88],[-80.39,25.83],[-80.39,25.81],[-80.39,25.78],[-80.39,25.77],[-80.38,25.75],[-80.38,25.73],[-80.38,25.71],[-80.38,25.7],[-80.39,25.7],[-80.39,25.68],[-80.39,25.67],[-80.39,25.66],[-80.39,25.65],[-80.39,25.64],[-80.39,25.63],[-80.38,25.63],[-80.38,25.62],[-80.38,25.61],[-80.38,25.6],[-80.37,25.6],[-80.37,25.59],[-80.37,25.58],[-80.4,25.55],[-80.41,25.54],[-80.41,25.53],[-80.42,25.53],[-80.42,25.52],[-80.43,25.52],[-80.43,25.51],[-80.44,25.51],[-80.46,25.49],[-80.46,25.48],[-80.47,25.48],[-80.47,25.47],[-80.48,25.46],[-80.48,25.45],[-80.49,25.45],[-80.5,25.45],[-80.5,25.42],[-80.51,25.42],[-80.53,25.4],[-80.54,25.4],[-80.56,25.4],[-80.58,25.4],[-80.8,25.4],[-80.87,25.4],[-80.87,25.48],[-80.87,25.5],[-80.87,25.56],[-80.87,25.62],[-80.87,25.67],[-80.87,25.75],[-80.87,25.77],[-80.87,25.8],[-80.87,25.81],[-80.87,25.84],[-80.87,25.86],[-80.87,25.91],[-80.87,25.95],[-80.87,25.98],[-80.75,25.98]]]]}},
{"type":"Feature","properties":{"ugc":"FLZ074","name":"Metropolitan Miami Dade","state":"FL","wfo":"MFL"},"geometry":{"type":"MultiPolygon","coordinates":[[[[-80.17,25.96],[-80.19,25.95],[-80.2,25.94],[-80.21,25.93],[-80.21,25.92],[-80.21,25.88],[-80.21,25.87],[-80.21,25.86],[-80.21,25.85],[-80.21,25.84],[-80.21,25.82],[-80.21,25.79],[-80.2,25.79],[-80.2,25.78],[-80.2,25.77],[-80.2,25.76],[-80.2,25.75],[-80.22,25.75],[-80.23,25.74],[-80.25,25.73],[-80.27,25.72],[-80.28,25.71],[-80.32,25.68],[-80.32,25.67],[-80.33,25.65],[-80.34,25.64],[-80.35,25.62],[-80.35,25.61],[-80.35,25.6],[-80.36,25.59],[-80.37,25.58],[-80.37,25.59],[-80.37,25.6],[-80.38,25.6],[-80.38,25.61],[-80.38,25.62],[-80.38,25.63],[-80.39,25.63],[-80.39,25.64],[-80.39,25.65],[-80.39,25.66],[-80.39,25.67],[-80.39,25.68],[-80.39,25.7],[-80.38,25.7],[-80.38,25.71],[-80.38,25.73],[-80.38,25.75],[-80.39,25.77],[-80.39,25.78],[-80.39,25.81],[-80.39,25.83],[-80.39,25.88],[-80.39,25.89],[-80.38,25.91],[-80.38,25.93],[-80.37,25.93],[-80.35,25.95],[-80.34,25.96],[-80.33,25.96],[-80.31,25.96],[-80.3,25.96],[-80.3,25.97],[-80.29,25.97],[-80.27,25.97],[-80.25,25.97],[-80.21,25.97],[-80.18,25.97],[-80.17,25.97],[-80.17,25.96]]]]}},
{"type":"Feature","properties":{"ugc":"FLZ075","name":"Mainland Monroe","state":"FL","wfo":"MFL"},"geometry":{"type":"MultiPolygon","coordinates":[[[[-81.28,25.68],[-81.28,25.69],[-81.27,25.69],[-81.27,25.7],[-81.26,25.7],[-81.25,25.7],[-81.25,25.71],[-81.24,25.71],[-81.23,25.71],[-81.23,25.72],[-81.22,25.72],[-81.21,25.72],[-81.21,25.73],[-81.21,25.74],[-81.22,25.74],[-81.22,25.75],[-81.23,25.75],[-81.23,25.76],[-81.24,25.76],[-81.25,25.76],[-81.26,25.76],[-81.26,25.77],[-81.26,25.78],[-81.26,25.79],[-81.26,25.8],[-81.24,25.8],[-81.12,25.8],[-81.1,25.8],[-81.0,25.8],[-80.98,25.8],[-80.96,25.8],[-80.93,25.8],[-80.87,25.81],[-80.87,25.8],[-80.87,25.77],[-80.87,25.75],[-80.87,25.67],[-80.87,25.62],[-80.87,25.56],[-80.87,25.5],[-80.87,25.48],[-80.87,25.4],[-80.87,25.37],[-80.87,25.36],[-80.86,25.36],[-80.86,25.24],[-80.86,25.18],[-80.87,25.18],[-80.87,25.17],[-80.88,25.17],[-80.89,25.17],[-80.9,25.16],[-80.9,25.15],[-80.9,25.14],[-80.91,25.14],[-80.92,25.14],[-80.93,25.14],[-80.94,25.14],[-80.94,25.13],[-80.95,25.13],[-80.96,25.14],[-80.96,25.13],[-80.97,25.13],[-80.98,25.13],[-80.99,25.13],[-81.0,25.13],[-81.0,25.12],[-81.01,25.12],[-81.01,25.13],[-81.02,25.13],[-81.03,25.13],[-81.04,25.13],[-81.05,25.13],[-81.06,25.13],[-81.06,25.14],[-81.07,25.14],[-81.08,25.14],[-81.08,25.15],[-81.09,25.15],[-81.1,25.15],[-81.1,25.16],[-81.11,25.16],[-81.12,25.17],[-81.13,25.18],[-81.14,25.18],[-81.14,25.19],[-81.15,25.19],[-81.15,25.2],[-81.16,25.21],[-81.16,25.22],[-81.17,25.22],[-81.17,25.23],[-81.17,25.24],[-81.17,25.25],[-81.17,25.26],[-81.17,25.27],[-81.16,25.27],[-81.16,25.28],[-81.16,25.29],[-81.16,25.3],[-81.15,25.3],[-81.15,25.31],[-81.15,25.32],[-81.15,25.33],[-81.14,25.33],[-81.13,25.33],[-81.12,25.33],[-81.12,25.32],[-81.11,25.32],[-81.11,25.31],[-81.1,25.31],[-81.09,25.31],[-81.09,25.3],[-81.09,25.29],[-81.08,25.29],[-81.08,25.28],[-81.07,25.28],[-81.07,25.27],[-81.07,25.26],[-81.07,25.25],[-81.06,25.25],[-81.06,25.24],[-81.05,25.24],[-81.04,25.24],[-81.04,25.23],[-81.03,25.23],[-81.02,25.23],[-81.02,25.22],[-81.01,25.22],[-81.0,25.22],[-81.0,25.21],[-80.99,25.21],[-80.98,25.21],[-80.97,25.21],[-80.96,25.21],[-80.95,25.21],[-80.94,25.21],[-80.93,25.21],[-80.92,25.21],[-80.92,25.22],[-80.92,25.23],[-80.91,25.23],[-80.91,25.24],[-80.91,25.25],[-80.91,25.26],[-80.91,25.27],[-80.92,25.27],[-80.93,25.27],[-80.94,25.27],[-80.94,25.28],[-80.94,25.29],[-80.94,25.3],[-80.94,25.31],[-80.95,25.31],[-80.96,25.31],[-80.96,25.32],[-80.95,25.33],[-80.96,25.33],[-80.97,25.33],[-80.97,25.34],[-80.98,25.34],[-80.99,25.34],[-81.0,25.34],[-81.01,25.34],[-81.01,25.33],[-81.02,25.33],[-81.03,25.33],[-81.03,25.34],[-81.04,25.34],[-81.05,25.34],[-81.05,25.35],[-81.06,25.35],[-81.07,25.35],[-81.07,25.36],[-81.06,25.36],[-81.05,25.37],[-81.04,25.37],[-81.04,25.38],[-81.03,25.38],[-81.02,25.38],[-81.02,25.39],[-81.01,25.39],[-81.01,25.4],[-81.01,25.41],[-81.0,25.41],[-80.99,25.41],[-80.98,25.41],[-80.97,25.41],[-80.97,25.42],[-80.98,25.42],[-80.99,25.42],[-81.0,25.42],[-81.01,25.42],[-81.02,25.42],[-81.03,25.42],[-81.03,25.43],[-81.04,25.43],[-81.05,25.43],[-81.06,25.42],[-81.06,25.43],[-81.07,25.43],[-81.07,25.44],[-81.08,25.43],[-81.09,25.43],[-81.1,25.43],[-81.11,25.43],[-81.12,25.43],[-81.13,25.43],[-81.14,25.43],[-81.15,25.43],[-81.16,25.43],[-81.16,25.44],[-81.16,25.45],[-81.17,25.45],[-81.17,25.46],[-81.17,25.47],[-81.16,25.47],[-81.16,25.48],[-81.16,25.49],[-81.17,25.49],[-81.17,25.48],[-81.18,25.48],[-81.19,25.48],[-81.19,25.49],[-81.2,25.49],[-81.2,25.5],[-81.21,25.5],[-81.21,25.51],[-81.21,25.52],[-81.2,25.52],[-81.2,25.53],[-81.2,25.54],[-81.19,25.54],[-81.19,25.55],[-81.19,25.56],[-81.2,25.56],[-81.21,25.55],[-81.22,25.55],[-81.22,25.56],[-81.23,25.56],[-81.23,25.57],[-81.22,25.57],[-81.22,25.58],[-81.23,25.58],[-81.23,25.59],[-81.23,25.6],[-81.23,25.61],[-81.24,25.61],[-81.24,25.62],[-81.25,25.62],[-81.25,25.63],[-81.25,25.64],[-81.26,25.64],[-81.26,25.65],[-81.27,25.65],[-81.27,25.66],[-81.27,25.67],[-81.28,25.67],[-81.28,25.68]],[[-81.21,25.72],[-81.21,25.71],[-81.21,25.7],[-81.2,25.7],[-81.2,25.69],[-81.19,25.69],[-81.18,25.69],[-81.18,25.7],[-81.19,25.7],[-81.19,25.71],[-81.2,25.71],[-81.2,25.72],[-81.21,25.72]],[[-81.08,25.28],[-81.09,25.28],[-81.09,25.27],[-81.08,25.27],[-81.08,25.28]],[[-80.97,25.42],[-80.96,25.42],[-80.96,25.43],[-80.97,25.43],[-80.97,25.42]],[[-81.16,25.47],[-81.15,25.47],[-81.15,25.48],[-81.16,25.47]],[[-81.19,25.55],[-81.18,25.55],[-81.18,25.56],[-81.19,25.55]],[[-81.15,25.44],[-81.14,25.45],[-81.15,25.45],[-81.15,25.44]],[[-81.12,25.48],[-81.11,25.49],[-81.12,25.49],[-81.12,25.48]],[[-81.14,25.49],[-81.13,25.49],[-81.13,25.5],[-81.14,25.5],[-81.14,25.49]],[[-81.16,25.56],[-81.15,25.56],[-81.15,25.57],[-81.14,25.57],[-81.14,25.58],[-81.13,25.58],[-81.12,25.58],[-81.12,25.57],[-81.12,25.56],[-81.11,25.55],[-81.11,25.56],[-81.1,25.56],[-81.1,25.55],[-81.09,25.55],[-81.09,25.54],[-81.08,25.54],[-81.07,25.54],[-81.07,25.53],[-81.06,25.53],[-81.05,25.53],[-81.05,25.54],[-81.05,25.55],[-81.05,25.56],[-81.04,25.56],[-81.04,25.57],[-81.05,25.57],[-81.06,25.57],[-81.07,25.57],[-81.08,25.57],[-81.08,25.58],[-81.09,25.58],[-81.09,25.57],[-81.1,25.58],[-81.11,25.58],[-81.11,25.59],[-81.12,25.59],[-81.12,25.6],[-81.13,25.6],[-81.13,25.61],[-81.14,25.61],[-81.14,25.6],[-81.14,25.59],[-81.15,25.59],[-81.15,25.58],[-81.16,25.58],[-81.16,25.57],[-81.16,25.56]],[[-81.04,25.53],[-81.04,25.52],[-81.03,25.52],[-81.03,25.53],[-81.04,25.53]]],[[[-80.96,25.31],[-80.96,25.3],[-80.97,25.3],[-80.97,25.31],[-80.97,25.32],[-80.96,25.31]]],[[[-80.96,25.3],[-80.95,25.3],[-80.95,25.29],[-80.96,25.3]]],[[[-81.06,25.13],[-81.06,25.12],[-81.07,25.12],[-81.07,25.13],[-81.06,25.13]]]]}},
{"type":"Feature","properties":{"ugc":"FLZ076","name":"Monroe Upper Keys","state":"FL","wfo":"KEY"},"geometry":{"type":"MultiPolygon","coordinates":[[[[-80.39,25.19],[-80.38,25.2],[-80.37,25.2],[-80.37,25.21],[-80.36,25.21],[-80.36,25.2],[-80.35,25.2],[-80.35,25.21],[-80.35,25.22],[-80.34,25.22],[-80.34,25.23],[-80.34,25.24],[-80.33,25.24],[-80.33,25.25],[-80.33,25.26],[-80.33,25.27],[-80.34,25.26],[-80.34,25.27],[-80.34,25.28],[-80.35,25.28],[-80.35,25.29],[-80.34,25.29],[-80.33,25.29],[-80.32,25.29],[-80.32,25.3],[-80.31,25.3],[-80.3,25.31],[-80.29,25.31],[-80.29,25.32],[-80.3,25.33],[-80.29,25.33],[-80.28,25.33],[-80.27,25.33],[-80.26,25.33],[-80.26,25.32],[-80.27,25.32],[-80.27,25.31],[-80.28,25.31],[-80.28,25.3],[-80.28,25.29],[-80.29,25.29],[-80.29,25.28],[-80.29,25.27],[-80.3,25.27],[-80.3,25.26],[-80.31,25.26],[-80.31,25.25],[-80.31,25.24],[-80.32,25.24],[-80.32,25.23],[-80.33,25.23],[-80.33,25.22],[-80.33,25.21],[-80.34,25.21],[-80.34,25.2],[-80.35,25.19],[-80.35,25.18],[-80.36,25.18],[-80.36,25.17],[-80.37,25.17],[-80.38,25.16],[-80.39,25.15],[-80.39,25.16],[-80.39,25.17],[-80.38,25.17],[-80.38,25.18],[-80.39,25.18],[-80.39,25.19]],[[-80.38,25.18],[-80.37,25.18],[-80.37,25.19],[-80.38,25.19],[-80.38,25.18]]],[[[-80.66,24.9],[-80.66,24.91],[-80.65,24.91],[-80.65,24.9],[-80.66,24.9]]],[[[-80.66,24.9],[-80.67,24.89],[-80.67,24.9],[-80.66,24.9]]],[[[-80.64,24.91],[-80.64,24.92],[-80.63,24.92],[-80.64,24.91]]],[[[-80.63,24.92],[-80.63,24.93],[-80.62,24.93],[-80.63,24.92]]],[[[-80.62,24.93],[-80.62,24.94],[-80.61,24.94],[-80.61,24.93],[-80.62,24.93]]],[[[-80.61,24.94],[-80.61,24.95],[-80.6,24.95],[-80.6,24.94],[-80.61,24.94]]],[[[-80.6,24.95],[-80.6,24.96],[-80.6,24.97],[-80.59,24.96],[-80.58,24.96],[-80.57,24.96],[-80.57,24.95],[-80.58,24.95],[-80.59,24.95],[-80.6,24.95]]],[[[-80.57,24.96],[-80.57,24.97],[-80.56,24.97],[-80.56,24.96],[-80.57,24.96]]],[[[-80.56,24.97],[-80.56,24.98],[-80.55,24.98],[-80.55,24.97],[-80.56,24.97]]],[[[-80.55,24.98],[-80.55,24.99],[-80.55,25.0],[-80.54,25.0],[-80.54,25.01],[-80.54,25.02],[-80.53,25.02],[-80.52,25.02],[-80.52,25.01],[-80.52,25.0],[-80.53,25.0],[-80.53,24.99],[-80.54,24.99],[-80.54,24.98],[-80.55,24.98]]],[[[-80.52,25.01],[-80.51,25.02],[-80.51,25.01],[-80.52,25.01]]],[[[-80.51,25.02],[-80.51,25.03],[-80.5,25.04],[-80.5,25.05],[-80.49,25.05],[-80.48,25.05],[-80.49,25.04],[-80.49,25.03],[-80.49,25.02],[-80.5,25.02],[-80.51,25.02]]],[[[-80.48,25.06],[-80.47,25.07],[-80.47,25.06],[-80.48,25.06]]],[[[-80.47,25.07],[-80.46,25.08],[-80.46,25.07],[-80.47,25.07]]],[[[-80.46,25.08],[-80.46,25.09],[-80.45,25.09],[-80.44,25.09],[-80.44,25.1],[-80.44,25.11],[-80.43,25.11],[-80.43,25.12],[-80.42,25.12],[-80.42,25.13],[-80.43,25.13],[-80.44,25.13],[-80.44,25.14],[-80.43,25.14],[-80.42,25.14],[-80.41,25.14],[-80.4,25.14],[-80.4,25.15],[-80.39,25.15],[-80.38,25.15],[-80.38,25.16],[-80.37,25.15],[-80.37,25.14],[-80.38,25.13],[-80.38,25.12],[-80.39,25.12],[-80.4,25.11],[-80.41,25.11],[-80.41,25.1],[-80.42,25.1],[-80.43,25.1],[-80.43,25.09],[-80.44,25.08],[-80.45,25.07],[-80.45,25.08],[-80.46,25.08]]],[[[-80.44,25.12],[-80.45,25.12],[-80.44,25.13],[-80.44,25.12]]],[[[-80.44,25.14],[-80.45,25.14],[-80.46,25.14],[-80.46,25.15],[-80.45,25.15],[-80.44,25.15],[-80.44,25.14]]],[[[-80.44,25.19],[-80.45,25.19],[-80.45,25.2],[-80.44,25.2],[-80.44,25.19]]],[[[-80.45,25.2],[-80.46,25.2],[-80.46,25.21],[-80.45,25.21],[-80.45,25.2]]],[[[-80.46,25.21],[-80.47,25.21],[-80.48,25.21],[-80.48,25.22],[-80.47,25.22],[-80.46,25.22],[-80.46,25.21]]],[[[-80.43,25.2],[-80.43,25.21],[-80.42,25.2],[-80.43,25.2]]],[[[-80.42,25.2],[-80.41,25.2],[-80.41,25.19],[-80.42,25.2]]],[[[-80.37,25.15],[-80.37,25.16],[-80.36,25.16],[-80.36,25.15],[-80.37,25.15]]],[[[-80.36,25.16],[-80.36,25.17],[-80.35,25.17],[-80.35,25.16],[-80.36,25.16]]],[[[-80.36,25.28],[-80.37,25.28],[-80.36,25.29],[-80.36,25.28]]],[[[-80.27,25.34],[-80.27,25.35],[-80.26,25.35],[-80.26,25.34],[-80.27,25.34]]],[[[-80.42,25.21],[-80.43,25.22],[-80.42,25.22],[-80.42,25.21]]],[[[-80.74,24.85],[-80.74,24.86],[-80.73,24.86],[-80.73,24.85],[-80.74,24.85]]],[[[-80.73,24.86],[-80.73,24.87],[-80.72,24.87],[-80.71,24.87],[-80.71,24.86],[-80.72,24.86],[-80.73,24.86]]],[[[-80.7,24.87],[-80.71,24.88],[-80.7,24.88],[-80.7,24.87]]]]}},
{"type":"Feature","properties":{"ugc":"FLZ077","name":"Monroe Middle Keys","state":"FL","wfo":"KEY"},"geometry":{"type":"MultiPolygon","coordinates":[[[[-80.7904,24.843],[-80.791,24.8408],[-80.7895,24.8414],[-80.7871,24.842],[-80.7806,24.8405],[-80.7809,24.8392],[-80.7851,24.8402],[-80.7873,24.8405],[-80.7886,24.8403],[-80.7909,24.8396],[-80.7912,24.839],[-80.7915,24.8388],[-80.7922,24.8392],[-80.7946,24.8384],[-80.7941,24.8373],[-80.7941,24.8369],[-80.7948,24.8366],[-80.7957,24.8366],[-80.7967,24.837],[-80.7999,24.8352],[-80.8004,24.8344],[-80.8017,24.8335],[-80.8027,24.8324],[-80.8059,24.8309],[-80.8062,24.8305],[-80.806,24.8302],[-80.8048,24.8308],[-80.8043,24.8306],[-80.8042,24.8303],[-80.8062,24.8282],[-80.8076,24.8274],[-80.8082,24.8275],[-80.8087,24.8285],[-80.8089,24.8286],[-80.8094,24.8284],[-80.8101,24.8275],[-80.8109,24.8255],[-80.8109,24.825],[-80.8104,24.8246],[-80.8085,24.824],[-80.8079,24.8237],[-80.8075,24.8229],[-80.8074,24.822],[-80.8068,24.8209],[-80.807,24.8205],[-80.8082,24.8194],[-80.8086,24.8185],[-80.8091,24.8176],[-80.809,24.8172],[-80.8084,24.817],[-80.8049,24.8177],[-80.8043,24.8176],[-80.803,24.8161],[-80.8026,24.8159],[-80.8022,24.8159],[-80.8018,24.8166],[-80.8012,24.8171],[-80.7976,24.8187],[-80.7962,24.8196],[-80.796,24.8199],[-80.7964,24.8207],[-80.7942,24.8221],[-80.7931,24.8248],[-80.7921,24.8257],[-80.7901,24.826],[-80.7895,24.8257],[-80.7883,24.8243],[-80.788,24.8236],[-80.7879,24.8227],[-80.7883,24.8216],[-80.7895,24.8199],[-80.7905,24.8178],[-80.792,24.8162],[-80.7945,24.8128],[-80.7961,24.8119],[-80.7968,24.8118],[-80.8006,24.8124],[-80.8058,24.8124],[-80.8117,24.8129],[-80.8173,24.8126],[-80.8203,24.8128],[-80.8223,24.8126],[-80.8251,24.8117],[-80.831,24.8089],[-80.8334,24.8075],[-80.8346,24.8074],[-80.8411,24.8055],[-80.8426,24.8045],[-80.8462,24.803],[-80.8488,24.8026],[-80.8503,24.8026],[-80.8509,24.8037],[-80.8493,24.8044],[-80.8486,24.8058],[-80.8468,24.807],[-80.8466,24.8068],[-80.8461,24.8072],[-80.8461,24.8075],[-80.8438,24.8079],[-80.8423,24.8075],[-80.8402,24.8078],[-80.8369,24.8087],[-80.8342,24.81],[-80.8331,24.8102],[-80.8327,24.8104],[-80.8302,24.8143],[-80.8291,24.8154],[-80.8254,24.8186],[-80.8225,24.8216],[-80.8208,24.823],[-80.8195,24.8238],[-80.8176,24.824],[-80.8159,24.8262],[-80.8145,24.8269],[-80.8145,24.8287],[-80.8133,24.8293],[-80.8123,24.8302],[-80.811,24.8305],[-80.8094,24.8335],[-80.8089,24.8338],[-80.8069,24.8341],[-80.8057,24.8347],[-80.8033,24.8351],[-80.8026,24.8356],[-80.8009,24.8382],[-80.7986,24.8389],[-80.7982,24.8384],[-80.7934,24.8401],[-80.7948,24.8413],[-80.7952,24.8423],[-80.7951,24.8427],[-80.7944,24.8432],[-80.7928,24.8439],[-80.7911,24.8439],[-80.7906,24.8438],[-80.7904,24.8435],[-80.7904,24.843]],[[-80.8173,24.8186],[-80.8172,24.8185],[-80.8166,24.819],[-80.8162,24.82],[-80.8177,24.8198],[-80.8177,24.8194],[-80.8175,24.8188],[-80.8173,24.8186]]],[[[-80.889,24.7908],[-80.8885,24.7902],[-80.8846,24.7916],[-80.884,24.7904],[-80.8873,24.7892],[-80.8875,24.7888],[-80.8873,24.7881],[-80.8873,24.7874],[-80.8875,24.7872],[-80.8881,24.787],[-80.8888,24.7866],[-80.8892,24.7865],[-80.8897,24.7867],[-80.8901,24.7872],[-80.8896,24.7881],[-80.8897,24.7884],[-80.8951,24.7865],[-80.8951,24.7854],[-80.8957,24.784],[-80.8952,24.7828],[-80.8955,24.7821],[-80.8962,24.7823],[-80.896,24.7827],[-80.8967,24.7839],[-80.8982,24.7842],[-80.8991,24.785],[-80.9063,24.7825],[-80.9068,24.783],[-80.9069,24.7837],[-80.891,24.7892],[-80.892,24.79],[-80.8921,24.7906],[-80.892,24.7913],[-80.8916,24.7917],[-80.8909,24.7918],[-80.8897,24.7914],[-80.889,24.7908]]],[[[-80.9078,24.7762],[-80.9072,24.774],[-80.907,24.7726],[-80.9063,24.7705],[-80.9063,24.7699],[-80.9066,24.7692],[-80.9071,24.7686],[-80.9113,24.7657],[-80.9116,24.7656],[-80.9119,24.7661],[-80.9124,24.7659],[-80.9124,24.7656],[-80.912,24.7651],[-80.9127,24.7649],[-80.9132,24.765],[-80.9154,24.7658],[-80.9168,24.7657],[-80.9196,24.766],[-80.9226,24.7654],[-80.9235,24.7656],[-80.9241,24.7659],[-80.9242,24.7663],[-80.9237,24.7673],[-80.9224,24.7687],[-80.9218,24.769],[-80.9229,24.7729],[-80.9215,24.7732],[-80.9204,24.7694],[-80.9177,24.7701],[-80.9165,24.7716],[-80.9157,24.7734],[-80.9162,24.7739],[-80.9166,24.7734],[-80.9174,24.774],[-80.9162,24.7754],[-80.9153,24.7749],[-80.9155,24.7746],[-80.9148,24.7741],[-80.9146,24.7744],[-80.9146,24.7749],[-80.9148,24.7761],[-80.9155,24.7775],[-80.9155,24.778],[-80.9152,24.7784],[-80.9135,24.7791],[-80.9105,24.7781],[-80.9087,24.7778],[-80.9078,24.7762]],[[-80.9114,24.775],[-80.9113,24.7745],[-80.9108,24.7747],[-80.9101,24.7733],[-80.9098,24.7731],[-80.9092,24.7719],[-80.9086,24.7712],[-80.9085,24.7716],[-80.9094,24.7741],[-80.91,24.7754],[-80.9114,24.775]]],[[[-80.9147,24.7794],[-80.9195,24.7777],[-80.9201,24.7788],[-80.9104,24.7823],[-80.91,24.7812],[-80.9147,24.7794]]],[[[-80.9148,24.7956],[-80.9151,24.7955],[-80.9156,24.7957],[-80.9155,24.7959],[-80.9146,24.7965],[-80.9144,24.7963],[-80.9145,24.7956],[-80.9148,24.7956]]],[[[-80.9153,24.7921],[-80.9159,24.7921],[-80.9164,24.7925],[-80.9168,24.7932],[-80.9169,24.794],[-80.9167,24.7945],[-80.9156,24.7946],[-80.9152,24.7944],[-80.9149,24.794],[-80.9146,24.7933],[-80.9147,24.7927],[-80.9153,24.7921]]],[[[-80.9238,24.776],[-80.9305,24.7737],[-80.9314,24.7731],[-80.9328,24.7726],[-80.9345,24.7715],[-80.9353,24.7706],[-80.9374,24.7696],[-80.9379,24.7689],[-80.9387,24.7671],[-80.9391,24.7668],[-80.9427,24.7654],[-80.9454,24.764],[-80.947,24.7631],[-80.9486,24.7617],[-80.9503,24.7609],[-80.9514,24.7602],[-80.9533,24.7593],[-80.9546,24.7581],[-80.9565,24.7573],[-80.9583,24.7555],[-80.9639,24.7519],[-80.9661,24.7498],[-80.9674,24.7479],[-80.9679,24.7477],[-80.9687,24.7476],[-80.9695,24.7472],[-80.9698,24.7474],[-80.9698,24.7483],[-80.9692,24.7486],[-80.9689,24.749],[-80.969,24.7493],[-80.9692,24.7496],[-80.97,24.75],[-80.9699,24.7509],[-80.976,24.7486],[-80.9757,24.7484],[-80.9751,24.7472],[-80.9745,24.7469],[-80.9725,24.7467],[-80.9726,24.7463],[-80.973,24.7459],[-80.9743,24.7453],[-80.9751,24.7447],[-80.9754,24.7442],[-80.9762,24.7436],[-80.9759,24.7433],[-80.9755,24.7433],[-80.9751,24.7436],[-80.9746,24.7437],[-80.9744,24.7434],[-80.9748,24.7422],[-80.9761,24.742],[-80.9793,24.7408],[-80.9799,24.7423],[-80.9783,24.7422],[-80.9778,24.7424],[-80.9777,24.7427],[-80.9801,24.743],[-80.9802,24.7435],[-80.9781,24.7442],[-80.9781,24.7445],[-80.9782,24.7447],[-80.9803,24.744],[-80.981,24.7451],[-80.9817,24.7466],[-80.9819,24.7483],[-80.9818,24.7493],[-80.9809,24.7508],[-80.9789,24.7508],[-80.9787,24.7511],[-80.979,24.7521],[-80.9794,24.7526],[-80.9793,24.7531],[-80.9789,24.754],[-80.9777,24.7559],[-80.9771,24.7563],[-80.9767,24.7561],[-80.9753,24.7542],[-80.9746,24.7536],[-80.9745,24.7531],[-80.9746,24.7523],[-80.9749,24.7514],[-80.9756,24.7504],[-80.9702,24.7525],[-80.9704,24.753],[-80.9714,24.7545],[-80.9735,24.7562],[-80.9739,24.7569],[-80.9738,24.7576],[-80.9734,24.7581],[-80.9714,24.7589],[-80.9707,24.7588],[-80.9689,24.7589],[-80.968,24.7586],[-80.967,24.7589],[-80.9667,24.7593],[-80.9654,24.7624],[-80.9644,24.763],[-80.9642,24.7634],[-80.9636,24.7635],[-80.9625,24.7626],[-80.9621,24.7627],[-80.9601,24.7642],[-80.9592,24.7652],[-80.9575,24.7663],[-80.9569,24.7675],[-80.9555,24.7684],[-80.9548,24.7693],[-80.9545,24.7702],[-80.9537,24.7705],[-80.9529,24.7701],[-80.9521,24.7687],[-80.9521,24.768],[-80.9532,24.7662],[-80.9539,24.7658],[-80.955,24.7645],[-80.9553,24.7634],[-80.9549,24.7633],[-80.9542,24.7641],[-80.9534,24.7645],[-80.9508,24.7655],[-80.9492,24.7656],[-80.9489,24.7659],[-80.9488,24.7665],[-80.9484,24.7671],[-80.9465,24.7684],[-80.9455,24.77],[-80.9429,24.7716],[-80.9417,24.7729],[-80.9404,24.7738],[-80.9384,24.7733],[-80.9378,24.7736],[-80.9375,24.7747],[-80.9371,24.7753],[-80.9365,24.7755],[-80.9339,24.7754],[-80.9334,24.7756],[-80.9314,24.7747],[-80.9244,24.7773],[-80.9238,24.776]]],[[[-80.9314,24.7638],[-80.9319,24.7637],[-80.9321,24.764],[-80.932,24.7645],[-80.9318,24.7648],[-80.9297,24.7656],[-80.9284,24.7667],[-80.9272,24.7683],[-80.9265,24.7682],[-80.9263,24.7679],[-80.9263,24.7674],[-80.9271,24.766],[-80.929,24.7644],[-80.9303,24.7641],[-80.9307,24.7638],[-80.9314,24.7638]]],[[[-80.9295,24.7681],[-80.9295,24.767],[-80.9297,24.7668],[-80.9306,24.7674],[-80.9316,24.7673],[-80.9321,24.7674],[-80.9322,24.7679],[-80.9317,24.7696],[-80.9313,24.7697],[-80.9306,24.7692],[-80.9293,24.769],[-80.9292,24.7687],[-80.9295,24.7681]]],[[[-80.9705,24.7477],[-80.9711,24.7473],[-80.9714,24.7475],[-80.9709,24.7483],[-80.9707,24.7482],[-80.9705,24.7477]]],[[[-80.9726,24.748],[-80.9729,24.7479],[-80.9733,24.7481],[-80.9735,24.7484],[-80.9734,24.7487],[-80.971,24.75],[-80.9708,24.7499],[-80.9709,24.7494],[-80.9726,24.748]]],[[[-80.9819,24.7401],[-80.9824,24.7399],[-80.9835,24.74],[-80.9861,24.7406],[-80.9875,24.7414],[-80.9877,24.7418],[-80.9879,24.7426],[-80.9873,24.7434],[-80.9869,24.7436],[-80.9841,24.7439],[-80.9836,24.7451],[-80.9829,24.7456],[-80.9826,24.7455],[-80.9824,24.7441],[-80.9822,24.7434],[-80.9815,24.7425],[-80.9802,24.7413],[-80.9804,24.741],[-80.9819,24.7401]]],[[[-80.9833,24.7487],[-80.9833,24.7475],[-80.9828,24.7476],[-80.9824,24.7463],[-80.9838,24.7459],[-80.9842,24.7457],[-80.9845,24.7453],[-80.9876,24.744],[-80.9881,24.7436],[-80.9889,24.7422],[-80.9899,24.7397],[-80.9907,24.7389],[-80.9924,24.7386],[-80.9927,24.7388],[-80.9927,24.7393],[-80.9922,24.7402],[-80.9912,24.7414],[-80.9915,24.7419],[-80.9912,24.7428],[-80.9913,24.7431],[-80.9918,24.7444],[-80.9911,24.7447],[-80.9908,24.7451],[-80.9907,24.7458],[-80.9903,24.7463],[-80.9901,24.7469],[-80.99,24.7497],[-80.9892,24.7508],[-80.9882,24.7511],[-80.9869,24.7521],[-80.9865,24.7528],[-80.9863,24.7534],[-80.9864,24.7539],[-80.9874,24.7545],[-80.9875,24.7549],[-80.9874,24.7553],[-80.9869,24.756],[-80.987,24.7572],[-80.9874,24.7573],[-80.9876,24.7575],[-80.9875,24.7586],[-80.9886,24.7597],[-80.9887,24.76],[-80.988,24.7603],[-80.9863,24.7597],[-80.9861,24.7594],[-80.986,24.7589],[-80.986,24.7576],[-80.9855,24.7567],[-80.9858,24.7563],[-80.9858,24.7557],[-80.9849,24.7543],[-80.9846,24.7525],[-80.9838,24.7508],[-80.9833,24.7487]]],[[[-80.9886,24.736],[-80.9909,24.7346],[-80.9911,24.7347],[-80.9915,24.7358],[-80.9909,24.7366],[-80.9887,24.7377],[-80.9859,24.7379],[-80.9856,24.7377],[-80.9865,24.7371],[-80.9872,24.7363],[-80.9886,24.736]]],[[[-80.9916,24.734],[-80.9919,24.7338],[-80.9921,24.734],[-80.9922,24.7343],[-80.992,24.7346],[-80.9915,24.7344],[-80.9916,24.734]]],[[[-80.9935,24.734],[-80.9917,24.7329],[-80.993,24.7328],[-80.9945,24.7319],[-80.9987,24.7306],[-81.0008,24.7298],[-81.0023,24.7287],[-81.0063,24.7271],[-81.0074,24.7263],[-81.0089,24.7246],[-81.011,24.7232],[-81.0119,24.7241],[-81.0115,24.7251],[-81.0123,24.7251],[-81.0125,24.7247],[-81.0127,24.7247],[-81.015,24.7261],[-81.0157,24.7262],[-81.0166,24.726],[-81.0165,24.7272],[-81.0138,24.7273],[-81.0139,24.7277],[-81.0143,24.7278],[-81.0159,24.7278],[-81.0156,24.7286],[-81.0151,24.7288],[-81.0138,24.729],[-81.0138,24.7292],[-81.015,24.729],[-81.0151,24.7291],[-81.015,24.7297],[-81.0145,24.7298],[-81.0145,24.7294],[-81.0137,24.7294],[-81.0137,24.7305],[-81.0126,24.7305],[-81.0126,24.729],[-81.0123,24.7287],[-81.0122,24.7282],[-81.0121,24.7264],[-81.0116,24.7265],[-81.0117,24.7293],[-81.0109,24.7297],[-81.0107,24.7294],[-81.0106,24.7269],[-81.0101,24.7271],[-81.0101,24.7305],[-81.0092,24.7307],[-81.0091,24.7306],[-81.0091,24.7278],[-81.0086,24.7279],[-81.0085,24.7282],[-81.0087,24.7311],[-81.0085,24.7314],[-81.0079,24.7317],[-81.0076,24.7285],[-81.0072,24.7286],[-81.0071,24.7325],[-81.0067,24.7328],[-81.0062,24.7328],[-81.0062,24.7296],[-81.0057,24.7297],[-81.0057,24.7332],[-81.0054,24.7333],[-81.005,24.7333],[-81.005,24.73],[-81.0042,24.7302],[-81.0042,24.7338],[-81.0034,24.734],[-81.0035,24.7306],[-81.003,24.7307],[-81.0029,24.7338],[-81.002,24.7338],[-81.0021,24.7311],[-81.0016,24.7313],[-81.0016,24.7341],[-81.0009,24.7341],[-81.0007,24.7338],[-81.0007,24.7318],[-81.0002,24.7318],[-81.0002,24.734],[-80.9994,24.734],[-80.9994,24.7322],[-80.9991,24.7322],[-80.9992,24.7339],[-80.9987,24.7339],[-80.9986,24.733],[-80.9981,24.7332],[-80.9981,24.7338],[-80.9977,24.7338],[-80.9977,24.7333],[-80.9971,24.7334],[-80.9971,24.734],[-80.9964,24.7339],[-80.9963,24.7337],[-80.9961,24.7337],[-80.9957,24.7341],[-80.995,24.7342],[-80.9935,24.734]],[[-80.9971,24.7322],[-80.9992,24.7316],[-81.001,24.7305],[-81.0008,24.7303],[-80.9963,24.7318],[-80.9964,24.7323],[-80.9971,24.7322]],[[-81.002,24.73],[-81.0046,24.7286],[-81.0048,24.7282],[-81.0043,24.7282],[-81.0016,24.7295],[-81.0015,24.7297],[-81.0018,24.73],[-81.002,24.73]]],[[[-80.9922,24.7436],[-80.9918,24.7427],[-80.9925,24.7424],[-80.9927,24.7416],[-80.993,24.7413],[-80.9934,24.74],[-80.9949,24.7374],[-80.9946,24.7371],[-80.9946,24.7361],[-80.9942,24.7361],[-80.9937,24.7357],[-80.9939,24.7354],[-80.9953,24.7357],[-80.9959,24.7355],[-80.9958,24.7353],[-80.994,24.7348],[-80.9959,24.7349],[-80.9998,24.7346],[-81.0032,24.7349],[-81.0038,24.7353],[-81.0043,24.7354],[-81.0052,24.7349],[-81.0056,24.735],[-81.0056,24.7351],[-81.0051,24.7358],[-81.0052,24.7359],[-81.006,24.7358],[-81.0075,24.7347],[-81.0099,24.7343],[-81.0109,24.7337],[-81.0117,24.7337],[-81.0121,24.7335],[-81.0126,24.7336],[-81.0127,24.731],[-81.0138,24.731],[-81.0138,24.7328],[-81.0152,24.7327],[-81.0162,24.7318],[-81.0167,24.7316],[-81.0174,24.7315],[-81.0177,24.7316],[-81.0181,24.7322],[-81.0185,24.732],[-81.0185,24.7309],[-81.0187,24.7302],[-81.019,24.7299],[-81.0194,24.7314],[-81.0204,24.7311],[-81.0201,24.7298],[-81.0205,24.7298],[-81.0208,24.7301],[-81.0216,24.7302],[-81.022,24.73],[-81.0222,24.7302],[-81.0221,24.7315],[-81.0228,24.7314],[-81.023,24.7307],[-81.0237,24.73],[-81.0239,24.7294],[-81.0237,24.729],[-81.0232,24.7287],[-81.0231,24.7285],[-81.0237,24.7279],[-81.025,24.7272],[-81.0256,24.7272],[-81.0259,24.7275],[-81.0262,24.7285],[-81.0265,24.7288],[-81.028,24.7289],[-81.0283,24.7296],[-81.0288,24.7313],[-81.0282,24.7323],[-81.0279,24.7325],[-81.0271,24.732],[-81.0268,24.732],[-81.0261,24.7332],[-81.0255,24.7335],[-81.0239,24.7336],[-81.0232,24.7343],[-81.023,24.734],[-81.023,24.7331],[-81.0198,24.7337],[-81.0139,24.7359],[-81.0133,24.7362],[-81.013,24.7368],[-81.0124,24.7372],[-81.0116,24.7383],[-81.0118,24.7396],[-81.0115,24.7399],[-81.0106,24.7403],[-81.0102,24.7404],[-81.0099,24.7402],[-81.0093,24.7393],[-81.0088,24.7392],[-81.0074,24.7393],[-81.0061,24.7399],[-81.0024,24.7405],[-81.0022,24.7408],[-81.0022,24.7416],[-81.0017,24.7422],[-81.0005,24.7425],[-80.9991,24.7417],[-80.9985,24.7421],[-80.9974,24.7423],[-80.9963,24.7433],[-80.9955,24.7429],[-80.9946,24.7437],[-80.9938,24.7436],[-80.9938,24.7439],[-80.9944,24.7458],[-80.9943,24.7468],[-80.9948,24.7485],[-80.9945,24.7487],[-80.9933,24.7484],[-80.993,24.7482],[-80.9927,24.7454],[-80.9922,24.7436]]],[[[-81.0021,24.7547],[-81.0026,24.7545],[-81.0037,24.7552],[-81.0039,24.7555],[-81.0036,24.756],[-81.0033,24.7561],[-81.0028,24.756],[-81.002,24.7555],[-81.002,24.755],[-81.0021,24.7547]]],[[[-81.018,24.7247],[-81.0178,24.7246],[-81.0146,24.7254],[-81.0128,24.7236],[-81.0119,24.722],[-81.0159,24.7199],[-81.0172,24.7194],[-81.018,24.7199],[-81.0185,24.7198],[-81.0235,24.7169],[-81.0246,24.7173],[-81.0279,24.7199],[-81.0292,24.7213],[-81.0296,24.7222],[-81.0297,24.7229],[-81.0294,24.7235],[-81.0292,24.7235],[-81.0289,24.7234],[-81.0286,24.7225],[-81.0283,24.7221],[-81.028,24.7229],[-81.0284,24.7239],[-81.0284,24.7247],[-81.0279,24.7252],[-81.0278,24.7257],[-81.0279,24.7266],[-81.0278,24.7272],[-81.0275,24.7273],[-81.0272,24.7269],[-81.0258,24.7266],[-81.023,24.7273],[-81.02,24.7271],[-81.0189,24.722],[-81.0184,24.7221],[-81.0199,24.7285],[-81.019,24.7287],[-81.0182,24.7257],[-81.0181,24.7247],[-81.018,24.7247]]],[[[-81.0273,24.7346],[-81.0279,24.7338],[-81.0289,24.7345],[-81.0288,24.7352],[-81.0299,24.736],[-81.0297,24.7364],[-81.0288,24.7364],[-81.0282,24.7374],[-81.0279,24.7374],[-81.0272,24.7368],[-81.0269,24.7364],[-81.0269,24.7354],[-81.0273,24.7346]]],[[[-81.0409,24.7419],[-81.041,24.7404],[-81.0432,24.7374],[-81.0433,24.737],[-81.0432,24.7348],[-81.0433,24.7343],[-81.0426,24.7341],[-81.0419,24.733],[-81.0415,24.7328],[-81.0407,24.7332],[-81.041,24.734],[-81.0408,24.7346],[-81.0402,24.7349],[-81.0406,24.7339],[-81.0404,24.7333],[-81.0396,24.7337],[-81.0395,24.7343],[-81.0397,24.7351],[-81.0388,24.7355],[-81.0385,24.7355],[-81.0375,24.7348],[-81.0369,24.7338],[-81.0365,24.7338],[-81.0365,24.7344],[-81.0361,24.7345],[-81.0357,24.7338],[-81.0346,24.7338],[-81.0336,24.7343],[-81.0327,24.7352],[-81.0316,24.7372],[-81.0303,24.7375],[-81.03,24.7374],[-81.0299,24.7365],[-81.0302,24.7361],[-81.0303,24.7354],[-81.0288,24.7342],[-81.028,24.7337],[-81.0296,24.7315],[-81.0293,24.7299],[-81.0309,24.7296],[-81.0309,24.7295],[-81.0299,24.7297],[-81.0297,24.729],[-81.0307,24.7289],[-81.0306,24.7285],[-81.0293,24.7288],[-81.0296,24.7281],[-81.0305,24.7278],[-81.0308,24.7276],[-81.0311,24.7275],[-81.0346,24.7272],[-81.037,24.7263],[-81.0388,24.726],[-81.0395,24.7256],[-81.0398,24.7252],[-81.0405,24.725],[-81.0409,24.7255],[-81.0411,24.7255],[-81.0415,24.7252],[-81.0426,24.7239],[-81.0454,24.7232],[-81.0455,24.7228],[-81.0459,24.7227],[-81.0468,24.7232],[-81.0473,24.7233],[-81.0478,24.7226],[-81.0487,24.7225],[-81.0488,24.7214],[-81.0495,24.7211],[-81.0507,24.7213],[-81.0507,24.7215],[-81.0515,24.7215],[-81.0515,24.7217],[-81.052,24.7215],[-81.0532,24.7204],[-81.0548,24.7196],[-81.0566,24.7181],[-81.0572,24.7174],[-81.0579,24.7174],[-81.0582,24.7167],[-81.0587,24.7163],[-81.0598,24.7158],[-81.0605,24.716],[-81.062,24.7155],[-81.0646,24.7155],[-81.0646,24.7161],[-81.0661,24.7156],[-81.0661,24.7154],[-81.0678,24.715],[-81.0677,24.7136],[-81.0678,24.7134],[-81.0694,24.7131],[-81.0697,24.7121],[-81.071,24.7117],[-81.0733,24.7084],[-81.0737,24.7074],[-81.074,24.7061],[-81.0759,24.7043],[-81.0764,24.7031],[-81.0765,24.7023],[-81.0769,24.7011],[-81.0787,24.6966],[-81.0787,24.6955],[-81.0789,24.6953],[-81.0792,24.6956],[-81.0793,24.6969],[-81.0792,24.6983],[-81.0787,24.701],[-81.0794,24.7011],[-81.0798,24.6982],[-81.0795,24.6952],[-81.0788,24.6948],[-81.0789,24.6942],[-81.0784,24.6924],[-81.0779,24.6917],[-81.0774,24.6915],[-81.0757,24.692],[-81.0754,24.6919],[-81.0751,24.691],[-81.0757,24.6908],[-81.077,24.691],[-81.0773,24.6908],[-81.077,24.6903],[-81.077,24.6901],[-81.0777,24.6896],[-81.0788,24.6894],[-81.0801,24.6894],[-81.0801,24.6904],[-81.0806,24.6903],[-81.0812,24.6904],[-81.0816,24.6907],[-81.0819,24.6919],[-81.0834,24.6919],[-81.0868,24.6914],[-81.0876,24.6936],[-81.0876,24.6945],[-81.0874,24.6947],[-81.0871,24.6947],[-81.0857,24.6937],[-81.0855,24.6933],[-81.0843,24.6933],[-81.0842,24.6942],[-81.0834,24.6943],[-81.0837,24.6955],[-81.0854,24.694],[-81.086,24.6943],[-81.0865,24.6947],[-81.0869,24.6952],[-81.087,24.6969],[-81.0872,24.6973],[-81.0896,24.6978],[-81.0899,24.6982],[-81.0899,24.6986],[-81.0894,24.6999],[-81.0894,24.7008],[-81.0896,24.7015],[-81.0906,24.7018],[-81.092,24.7032],[-81.0852,24.7083],[-81.0839,24.7086],[-81.0819,24.7102],[-81.0818,24.7123],[-81.0825,24.7121],[-81.0825,24.7104],[-81.0827,24.7103],[-81.0829,24.7103],[-81.0831,24.7108],[-81.0829,24.7122],[-81.0856,24.712],[-81.0863,24.7107],[-81.0868,24.7103],[-81.0876,24.7107],[-81.0884,24.7106],[-81.0887,24.7101],[-81.0892,24.7097],[-81.0899,24.7101],[-81.0903,24.71],[-81.0907,24.7089],[-81.0917,24.7087],[-81.0925,24.7093],[-81.0929,24.7093],[-81.0943,24.7089],[-81.0946,24.7083],[-81.0949,24.7083],[-81.0954,24.7088],[-81.0957,24.7088],[-81.0955,24.7074],[-81.0963,24.7072],[-81.0966,24.7075],[-81.0967,24.7075],[-81.0969,24.7073],[-81.0972,24.7064],[-81.0989,24.7061],[-81.0996,24.7062],[-81.1,24.7057],[-81.1011,24.7053],[-81.1014,24.7051],[-81.1016,24.7053],[-81.1017,24.7063],[-81.102,24.7069],[-81.1026,24.7069],[-81.1029,24.7066],[-81.1032,24.7066],[-81.1034,24.7071],[-81.1038,24.7074],[-81.104,24.7065],[-81.1039,24.7047],[-81.1045,24.7048],[-81.1044,24.7056],[-81.1055,24.7058],[-81.106,24.706],[-81.1065,24.7068],[-81.1067,24.7067],[-81.1067,24.7057],[-81.1069,24.7055],[-81.1073,24.7063],[-81.1078,24.7065],[-81.1083,24.7065],[-81.1083,24.7063],[-81.1076,24.706],[-81.107,24.7045],[-81.1073,24.704],[-81.1078,24.7043],[-81.1081,24.7037],[-81.1085,24.7041],[-81.1086,24.7032],[-81.109,24.703],[-81.1116,24.7028],[-81.1116,24.7031],[-81.1107,24.7035],[-81.1104,24.7042],[-81.1109,24.7059],[-81.1106,24.7064],[-81.1107,24.7066],[-81.1111,24.7068],[-81.1117,24.7058],[-81.1114,24.7041],[-81.1121,24.7038],[-81.1124,24.7041],[-81.1128,24.7052],[-81.1134,24.706],[-81.1136,24.7065],[-81.1148,24.7071],[-81.1151,24.707],[-81.1154,24.7065],[-81.1166,24.7069],[-81.1178,24.7068],[-81.1178,24.7059],[-81.1181,24.7054],[-81.1197,24.7046],[-81.1201,24.7041],[-81.1209,24.7041],[-81.122,24.7036],[-81.1224,24.7039],[-81.1219,24.7046],[-81.122,24.7049],[-81.1224,24.7045],[-81.1236,24.7046],[-81.1241,24.7049],[-81.1245,24.7063],[-81.1253,24.7064],[-81.1254,24.7083],[-81.124,24.7086],[-81.1214,24.7087],[-81.1188,24.7086],[-81.1174,24.7089],[-81.1169,24.7088],[-81.1165,24.7086],[-81.1165,24.7083],[-81.114,24.7086],[-81.1142,24.7096],[-81.1132,24.7105],[-81.1127,24.7106],[-81.112,24.7094],[-81.1118,24.7093],[-81.1113,24.7097],[-81.1109,24.7093],[-81.1105,24.7092],[-81.1102,24.7094],[-81.1104,24.7102],[-81.11,24.7103],[-81.1097,24.71],[-81.1093,24.7102],[-81.1094,24.7108],[-81.109,24.7108],[-81.1088,24.7106],[-81.1087,24.7098],[-81.1087,24.7085],[-81.1086,24.7101],[-81.1081,24.7108],[-81.1074,24.7112],[-81.1077,24.7121],[-81.1072,24.713],[-81.1063,24.7131],[-81.1057,24.7128],[-81.1056,24.7125],[-81.1062,24.7117],[-81.106,24.711],[-81.1053,24.7113],[-81.1045,24.7109],[-81.1039,24.7115],[-81.1031,24.7116],[-81.1028,24.7116],[-81.1025,24.7111],[-81.1021,24.7111],[-81.1005,24.7119],[-81.0991,24.712],[-81.098,24.7124],[-81.0975,24.7127],[-81.0973,24.7134],[-81.0969,24.7134],[-81.0964,24.7129],[-81.0961,24.713],[-81.0961,24.7139],[-81.0958,24.7143],[-81.0952,24.7143],[-81.0939,24.714],[-81.093,24.7148],[-81.0918,24.715],[-81.0911,24.7166],[-81.0912,24.7174],[-81.0911,24.7176],[-81.0907,24.7178],[-81.0904,24.7177],[-81.0899,24.717],[-81.0897,24.7158],[-81.0891,24.7165],[-81.0886,24.7166],[-81.0875,24.7164],[-81.0865,24.717],[-81.085,24.7174],[-81.0835,24.7175],[-81.0828,24.7181],[-81.0819,24.7181],[-81.081,24.7184],[-81.0806,24.7186],[-81.0796,24.7198],[-81.0781,24.7209],[-81.0786,24.7217],[-81.0783,24.7233],[-81.0781,24.7237],[-81.0777,24.7239],[-81.0769,24.7239],[-81.0761,24.7232],[-81.0753,24.7228],[-81.0749,24.7224],[-81.075,24.7219],[-81.0739,24.7215],[-81.0735,24.7198],[-81.073,24.7196],[-81.0714,24.72],[-81.0704,24.72],[-81.069,24.7198],[-81.0681,24.7193],[-81.0675,24.7193],[-81.0672,24.7198],[-81.0664,24.7204],[-81.0657,24.7203],[-81.0654,24.7204],[-81.0664,24.721],[-81.0676,24.7225],[-81.0679,24.723],[-81.068,24.724],[-81.0677,24.7242],[-81.0668,24.7239],[-81.0663,24.7243],[-81.0658,24.7242],[-81.0649,24.7234],[-81.0642,24.7222],[-81.0645,24.7214],[-81.0644,24.7212],[-81.0641,24.7212],[-81.0633,24.7225],[-81.0634,24.7228],[-81.0632,24.7232],[-81.0647,24.7234],[-81.0654,24.7241],[-81.0652,24.7241],[-81.0644,24.7237],[-81.0629,24.7235],[-81.0627,24.7238],[-81.0609,24.7249],[-81.06,24.7249],[-81.0598,24.7251],[-81.0605,24.7259],[-81.0609,24.726],[-81.0627,24.7249],[-81.063,24.7242],[-81.0635,24.7238],[-81.0645,24.7239],[-81.065,24.7241],[-81.0653,24.7245],[-81.0655,24.7252],[-81.0644,24.7268],[-81.0628,24.728],[-81.0612,24.7296],[-81.0593,24.7303],[-81.0578,24.7311],[-81.0562,24.7313],[-81.0534,24.7305],[-81.0528,24.7315],[-81.0515,24.7331],[-81.0511,24.7331],[-81.0509,24.7329],[-81.0502,24.7314],[-81.0501,24.7313],[-81.0486,24.7318],[-81.0472,24.7297],[-81.0468,24.7299],[-81.0467,24.7305],[-81.0477,24.7318],[-81.0485,24.7325],[-81.049,24.7324],[-81.0495,24.7326],[-81.0492,24.7331],[-81.0494,24.7332],[-81.0492,24.7335],[-81.0487,24.7338],[-81.0466,24.7317],[-81.0455,24.7323],[-81.0455,24.733],[-81.0446,24.7333],[-81.0454,24.7353],[-81.0458,24.7366],[-81.0457,24.737],[-81.0452,24.737],[-81.0446,24.7367],[-81.0444,24.7368],[-81.0437,24.738],[-81.0442,24.7386],[-81.0439,24.7392],[-81.0444,24.7397],[-81.0454,24.74],[-81.0454,24.7407],[-81.0452,24.7409],[-81.043,24.74],[-81.043,24.7397],[-81.0432,24.7392],[-81.0429,24.739],[-81.0427,24.7392],[-81.0429,24.7392],[-81.0421,24.7406],[-81.042,24.7405],[-81.0419,24.7407],[-81.0422,24.7408],[-81.0425,24.7403],[-81.0446,24.7412],[-81.044,24.7414],[-81.0429,24.7412],[-81.0425,24.7415],[-81.0424,24.7424],[-81.0418,24.743],[-81.0411,24.7431],[-81.0407,24.7429],[-81.0406,24.7427],[-81.0409,24.7419]]],[[[-81.0357,24.7392],[-81.036,24.7392],[-81.0362,24.7397],[-81.0364,24.7406],[-81.0364,24.7412],[-81.0369,24.7428],[-81.0367,24.7428],[-81.0362,24.7426],[-81.0357,24.742],[-81.0354,24.7412],[-81.0352,24.74],[-81.0357,24.7392]]],[[[-81.0488,24.7355],[-81.0491,24.7354],[-81.0495,24.7355],[-81.0502,24.7359],[-81.0512,24.7364],[-81.0512,24.7374],[-81.0502,24.7376],[-81.0489,24.7368],[-81.0488,24.7355]]],[[[-81.0753,24.7266],[-81.0764,24.7261],[-81.0765,24.7268],[-81.0762,24.727],[-81.0754,24.7272],[-81.0752,24.7269],[-81.0753,24.7266]]],[[[-81.0956,24.7022],[-81.0933,24.702],[-81.0924,24.7021],[-81.0912,24.7018],[-81.0906,24.7013],[-81.0902,24.7005],[-81.0911,24.6993],[-81.0909,24.698],[-81.09,24.6971],[-81.0877,24.6964],[-81.0876,24.6962],[-81.0886,24.6946],[-81.0889,24.6936],[-81.0888,24.6922],[-81.0898,24.6919],[-81.0911,24.691],[-81.0932,24.6899],[-81.0938,24.6897],[-81.0949,24.6896],[-81.0964,24.6902],[-81.098,24.6899],[-81.1004,24.69],[-81.103,24.6893],[-81.105,24.6891],[-81.1076,24.6885],[-81.108,24.6886],[-81.1088,24.6894],[-81.1109,24.6907],[-81.1111,24.6911],[-81.111,24.6919],[-81.1127,24.6942],[-81.114,24.6967],[-81.1149,24.6979],[-81.1155,24.699],[-81.1154,24.6997],[-81.1152,24.7],[-81.1132,24.7013],[-81.1119,24.7014],[-81.1101,24.7012],[-81.1086,24.7016],[-81.1079,24.701],[-81.1045,24.701],[-81.1037,24.6984],[-81.1027,24.697],[-81.102,24.6971],[-81.1016,24.6976],[-81.1015,24.6989],[-81.1012,24.6994],[-81.1008,24.6997],[-81.1004,24.6997],[-81.0994,24.699],[-81.0981,24.6989],[-81.0979,24.6987],[-81.098,24.6975],[-81.0994,24.6971],[-81.1006,24.6957],[-81.1028,24.6954],[-81.1028,24.6945],[-81.1026,24.6935],[-81.102,24.6925],[-81.0999,24.6922],[-81.0987,24.6933],[-81.0982,24.6934],[-81.0974,24.6932],[-81.0965,24.6926],[-81.0964,24.6923],[-81.0971,24.6916],[-81.0971,24.6912],[-81.097,24.6911],[-81.096,24.6913],[-81.095,24.6911],[-81.0946,24.6913],[-81.0942,24.6917],[-81.0938,24.6928],[-81.0951,24.693],[-81.0955,24.6926],[-81.0958,24.6927],[-81.0966,24.6936],[-81.0969,24.6944],[-81.0991,24.6956],[-81.099,24.6958],[-81.0976,24.6967],[-81.0972,24.6966],[-81.097,24.6961],[-81.0965,24.6961],[-81.0958,24.6966],[-81.0951,24.6967],[-81.095,24.6974],[-81.0955,24.698],[-81.0968,24.6981],[-81.0971,24.6984],[-81.0971,24.6991],[-81.0975,24.6995],[-81.0976,24.6999],[-81.0974,24.7005],[-81.0978,24.7011],[-81.0983,24.7012],[-81.0988,24.7016],[-81.0987,24.7021],[-81.0985,24.7022],[-81.0972,24.7023],[-81.0956,24.7022]]],[[[-81.1092,24.7125],[-81.1093,24.7122],[-81.1101,24.7124],[-81.1098,24.713],[-81.1088,24.7129],[-81.1092,24.7125]]],[[[-81.1126,24.7115],[-81.1128,24.7115],[-81.1138,24.7122],[-81.113,24.7126],[-81.1125,24.7126],[-81.1122,24.7121],[-81.1123,24.7117],[-81.1126,24.7115]]],[[[-81.115,24.7092],[-81.1157,24.7091],[-81.1158,24.7094],[-81.1156,24.7099],[-81.1152,24.71],[-81.115,24.7092]]],[[[-81.1554,24.7033],[-81.1555,24.703],[-81.1559,24.7036],[-81.1562,24.7044],[-81.1561,24.7047],[-81.1553,24.7048],[-81.1548,24.7048],[-81.1547,24.7046],[-81.1549,24.7034],[-81.1554,24.7033]]]]}},
{"type":"Feature","properties":{"ugc":"FLZ078","name":"Monroe Lower Keys","state":"FL","wfo":"KEY"},"geometry":{"type":"MultiPolygon","coordinates":[[[[-81.27,24.66],[-81.27,24.67],[-81.26,24.67],[-81.26,24.68],[-81.25,24.67],[-81.25,24.66],[-81.26,24.66],[-81.27,24.66]]],[[[-81.27,24.66],[-81.28,24.65],[-81.28,24.66],[-81.27,24.66]]],[[[-81.25,24.67],[-81.25,24.68],[-81.24,24.67],[-81.25,24.67]]],[[[-81.3,24.75],[-81.31,24.75],[-81.31,24.76],[-81.3,24.75]]],[[[-81.33,24.73],[-81.34,24.74],[-81.33,24.74],[-81.33,24.73]]],[[[-81.33,24.74],[-81.33,24.75],[-81.32,24.75],[-81.32,24.74],[-81.31,24.74],[-81.31,24.73],[-81.32,24.73],[-81.33,24.74]]],[[[-81.31,24.73],[-81.3,24.73],[-81.3,24.72],[-81.31,24.72],[-81.31,24.73]]],[[[-81.34,24.7],[-81.33,24.7],[-81.32,24.7],[-81.32,24.69],[-81.33,24.69],[-81.34,24.69],[-81.34,24.7]]],[[[-81.32,24.68],[-81.31,24.68],[-81.31,24.67],[-81.32,24.67],[-81.32,24.68]]],[[[-81.32,24.76],[-81.33,24.76],[-81.33,24.77],[-81.32,24.77],[-81.32,24.76]]],[[[-81.41,24.68],[-81.41,24.69],[-81.4,24.69],[-81.39,24.69],[-81.39,24.68],[-81.39,24.67],[-81.39,24.66],[-81.38,24.65],[-81.39,24.65],[-81.4,24.65],[-81.41,24.65],[-81.42,24.65],[-81.42,24.66],[-81.42,24.67],[-81.41,24.67],[-81.41,24.68]],[[-81.41,24.67],[-81.41,24.66],[-81.4,24.66],[-81.4,24.67],[-81.41,24.67]]],[[[-81.45,24.74],[-81.44,24.74],[-81.44,24.73],[-81.44,24.72],[-81.45,24.72],[-81.45,24.73],[-81.45,24.74]]],[[[-81.44,24.72],[-81.43,24.72],[-81.43,24.71],[-81.44,24.71],[-81.44,24.72]]],[[[-81.43,24.7],[-81.42,24.7],[-81.42,24.69],[-81.43,24.69],[-81.43,24.7]]],[[[-81.37,24.66],[-81.37,24.67],[-81.37,24.68],[-81.38,24.68],[-81.38,24.69],[-81.39,24.7],[-81.39,24.71],[-81.4,24.72],[-81.4,24.73],[-81.41,24.73],[-81.42,24.74],[-81.43,24.75],[-81.43,24.76],[-81.42,24.75],[-81.41,24.75],[-81.4,24.75],[-81.39,24.74],[-81.39,24.73],[-81.38,24.72],[-81.37,24.72],[-81.37,24.71],[-81.37,24.7],[-81.36,24.7],[-81.36,24.69],[-81.35,24.69],[-81.35,24.68],[-81.34,24.68],[-81.34,24.67],[-81.34,24.66],[-81.35,24.66],[-81.36,24.66],[-81.37,24.66]]],[[[-81.37,24.71],[-81.36,24.71],[-81.35,24.71],[-81.35,24.7],[-81.36,24.7],[-81.37,24.71]]],[[[-81.34,24.66],[-81.33,24.65],[-81.33,24.64],[-81.34,24.64],[-81.35,24.65],[-81.34,24.65],[-81.34,24.66]]],[[[-81.35,24.64],[-81.35,24.63],[-81.36,24.63],[-81.36,24.64],[-81.35,24.64]]],[[[-81.45,24.76],[-81.46,24.76],[-81.46,24.77],[-81.45,24.77],[-81.45,24.76]]],[[[-81.39,24.75],[-81.38,24.75],[-81.37,24.74],[-81.38,24.74],[-81.39,24.75]]],[[[-81.39,24.62],[-81.4,24.62],[-81.39,24.63],[-81.39,24.62]]],[[[-81.42,24.77],[-81.42,24.78],[-81.41,24.77],[-81.42,24.77]]],[[[-81.41,24.77],[-81.4,24.77],[-81.4,24.76],[-81.41,24.76],[-81.41,24.77]]],[[[-81.52,24.67],[-81.52,24.68],[-81.52,24.69],[-81.51,24.69],[-81.5,24.69],[-81.49,24.69],[-81.48,24.69],[-81.48,24.68],[-81.48,24.67],[-81.47,24.67],[-81.47,24.66],[-81.47,24.65],[-81.48,24.65],[-81.48,24.66],[-81.49,24.66],[-81.5,24.66],[-81.51,24.65],[-81.51,24.66],[-81.52,24.67]],[[-81.52,24.68],[-81.51,24.67],[-81.51,24.68],[-81.52,24.68]]],[[[-81.81,24.55],[-81.81,24.56],[-81.8,24.56],[-81.8,24.57],[-81.8,24.58],[-81.8,24.59],[-81.79,24.59],[-81.79,24.58],[-81.79,24.57],[-81.78,24.57],[-81.78,24.58],[-81.77,24.58],[-81.77,24.57],[-81.76,24.57],[-81.75,24.57],[-81.75,24.58],[-81.75,24.59],[-81.74,24.59],[-81.73,24.58],[-81.72,24.58],[-81.73,24.57],[-81.74,24.57],[-81.74,24.56],[-81.75,24.56],[-81.75,24.55],[-81.76,24.55],[-81.77,24.55],[-81.78,24.55],[-81.79,24.55],[-81.8,24.55],[-81.8,24.54],[-81.81,24.54],[-81.81,24.55]]],[[[-81.73,24.56],[-81.72,24.57],[-81.71,24.57],[-81.71,24.58],[-81.71,24.59],[-81.71,24.6],[-81.7,24.6],[-81.7,24.59],[-81.69,24.59],[-81.68,24.6],[-81.67,24.6],[-81.66,24.6],[-81.66,24.59],[-81.67,24.59],[-81.68,24.58],[-81.67,24.58],[-81.66,24.58],[-81.66,24.57],[-81.67,24.57],[-81.67,24.56],[-81.68,24.56],[-81.69,24.56],[-81.7,24.56],[-81.71,24.56],[-81.72,24.56],[-81.73,24.56]]],[[[-81.65,24.6],[-81.65,24.61],[-81.64,24.6],[-81.65,24.6]]],[[[-81.65,24.58],[-81.64,24.58],[-81.64,24.57],[-81.65,24.57],[-81.65,24.58]]],[[[-81.65,24.61],[-81.65,24.62],[-81.64,24.62],[-81.63,24.61],[-81.64,24.61],[-81.65,24.61]]],[[[-81.62,24.62],[-81.61,24.62],[-81.61,24.61],[-81.62,24.61],[-81.62,24.62]]],[[[-81.62,24.59],[-81.62,24.58],[-81.63,24.58],[-81.63,24.59],[-81.62,24.59]]],[[[-81.6,24.6],[-81.59,24.6],[-81.59,24.59],[-81.6,24.59],[-81.6,24.6]]],[[[-81.6,24.6],[-81.6,24.61],[-81.59,24.61],[-81.6,24.6]]],[[[-81.59,24.63],[-81.6,24.63],[-81.6,24.64],[-81.6,24.65],[-81.59,24.65],[-81.59,24.64],[-81.59,24.63]]],[[[-81.61,24.63],[-81.62,24.63],[-81.62,24.64],[-81.61,24.64],[-81.61,24.63]]],[[[-81.59,24.65],[-81.59,24.66],[-81.58,24.66],[-81.58,24.67],[-81.57,24.67],[-81.57,24.66],[-81.57,24.65],[-81.58,24.65],[-81.59,24.65]]],[[[-81.57,24.65],[-81.56,24.65],[-81.56,24.64],[-81.57,24.64],[-81.57,24.65]]],[[[-81.56,24.64],[-81.55,24.64],[-81.55,24.63],[-81.56,24.64]]],[[[-81.55,24.63],[-81.54,24.63],[-81.53,24.63],[-81.52,24.62],[-81.53,24.62],[-81.54,24.62],[-81.54,24.61],[-81.55,24.62],[-81.55,24.63]]],[[[-81.55,24.62],[-81.55,24.61],[-81.56,24.61],[-81.55,24.62]]],[[[-81.52,24.62],[-81.52,24.63],[-81.52,24.64],[-81.52,24.65],[-81.53,24.66],[-81.53,24.65],[-81.54,24.65],[-81.54,24.66],[-81.54,24.67],[-81.53,24.67],[-81.52,24.67],[-81.52,24.66],[-81.51,24.65],[-81.51,24.64],[-81.51,24.63],[-81.51,24.62],[-81.52,24.62]]],[[[-81.54,24.67],[-81.55,24.67],[-81.56,24.67],[-81.57,24.67],[-81.57,24.68],[-81.57,24.69],[-81.56,24.69],[-81.56,24.68],[-81.55,24.68],[-81.54,24.68],[-81.54,24.67]]],[[[-81.47,24.67],[-81.47,24.68],[-81.46,24.68],[-81.46,24.67],[-81.47,24.67]]],[[[-81.48,24.69],[-81.48,24.7],[-81.49,24.7],[-81.49,24.71],[-81.48,24.71],[-81.47,24.71],[-81.47,24.7],[-81.46,24.7],[-81.46,24.69],[-81.47,24.69],[-81.48,24.69]]],[[[-81.5,24.69],[-81.51,24.7],[-81.5,24.7],[-81.5,24.69]]],[[[-81.52,24.69],[-81.52,24.7],[-81.51,24.7],[-81.52,24.69]]],[[[-81.45,24.66],[-81.45,24.67],[-81.45,24.68],[-81.44,24.68],[-81.44,24.67],[-81.44,24.66],[-81.45,24.66]]],[[[-81.44,24.65],[-81.44,24.64],[-81.45,24.64],[-81.45,24.65],[-81.44,24.65]]],[[[-81.46,24.7],[-81.46,24.71],[-81.45,24.71],[-81.45,24.7],[-81.46,24.7]]],[[[-81.56,24.61],[-81.56,24.6],[-81.57,24.6],[-81.58,24.6],[-81.58,24.61],[-81.57,24.61],[-81.57,24.62],[-81.57,24.63],[-81.56,24.63],[-81.56,24.62],[-81.56,24.61]]],[[[-81.48,24.62],[-81.47,24.61],[-81.48,24.61],[-81.48,24.62]]],[[[-81.48,24.79],[-81.48,24.8],[-81.47,24.8],[-81.47,24.79],[-81.48,24.79]]],[[[-81.51,24.76],[-81.51,24.75],[-81.52,24.76],[-81.51,24.76]]],[[[-81.56,24.75],[-81.57,24.76],[-81.56,24.76],[-81.56,24.75]]],[[[-81.58,24.72],[-81.59,24.71],[-81.59,24.72],[-81.58,24.72]]],[[[-81.65,24.68],[-81.64,24.68],[-81.64,24.67],[-81.65,24.67],[-81.65,24.68]]],[[[-81.62,24.67],[-81.61,24.67],[-81.61,24.66],[-81.62,24.66],[-81.62,24.67]]],[[[-81.7,24.66],[-81.7,24.67],[-81.7,24.68],[-81.69,24.68],[-81.69,24.67],[-81.69,24.66],[-81.7,24.66]]],[[[-81.92,24.54],[-81.93,24.54],[-81.92,24.55],[-81.92,24.54]]],[[[-81.97,24.53],[-81.97,24.52],[-81.98,24.52],[-81.98,24.53],[-81.97,24.53]]],[[[-82.0,24.53],[-82.01,24.53],[-82.01,24.54],[-82.0,24.54],[-82.0,24.53]]],[[[-82.14,24.59],[-82.14,24.6],[-82.13,24.6],[-82.12,24.6],[-82.12,24.59],[-82.13,24.59],[-82.14,24.59]]],[[[-82.12,24.59],[-82.11,24.59],[-82.1,24.59],[-82.1,24.58],[-82.1,24.57],[-82.1,24.56],[-82.11,24.56],[-82.11,24.57],[-82.11,24.58],[-82.12,24.58],[-82.12,24.59]]],[[[-82.11,24.56],[-82.11,24.55],[-82.12,24.55],[-82.12,24.56],[-82.11,24.56]]],[[[-82.16,24.55],[-82.17,24.55],[-82.17,24.56],[-82.16,24.56],[-82.16,24.55]]]]}},
{"type":"Feature","properties":{"ugc":"FLZ108","name":"South Walton","state":"FL","wfo":"TAE"},"geometry":{"type":"MultiPolygon","coordinates":[[[[-86.39,30.46],[-86.39,30.53],[-86.11,30.53],[-86.07,30.45],[-86.05,30.43],[-86.0,30.4],[-85.99,30.39],[-85.99,30.38],[-85.99,30.37],[-85.99,30.32],[-85.99,30.31],[-85.99,30.29],[-85.99,30.28],[-86.0,30.27],[-86.01,30.27],[-86.01,30.28],[-86.02,30.28],[-86.04,30.28],[-86.04,30.29],[-86.05,30.29],[-86.06,30.29],[-86.07,30.3],[-86.08,30.3],[-86.09,30.3],[-86.09,30.31],[-86.1,30.31],[-86.11,30.31],[-86.12,30.31],[-86.13,30.32],[-86.14,30.32],[-86.15,30.32],[-86.16,30.32],[-86.16,30.33],[-86.17,30.33],[-86.18,30.33],[-86.19,30.33],[-86.19,30.34],[-86.2,30.34],[-86.21,30.34],[-86.22,30.34],[-86.23,30.34],[-86.23,30.35],[-86.24,30.35],[-86.25,30.35],[-86.26,30.35],[-86.27,30.36],[-86.28,30.36],[-86.29,30.36],[-86.3,30.36],[-86.32,30.37],[-86.33,30.37],[-86.35,30.37],[-86.36,30.37],[-86.37,30.38],[-86.38,30.38],[-86.39,30.38],[-86.39,30.4],[-86.38,30.39],[-86.37,30.39],[-86.36,30.39],[-86.35,30.39],[-86.34,30.39],[-86.33,30.39],[-86.33,30.4],[-86.32,30.41],[-86.32,30.42],[-86.31,30.42],[-86.31,30.41],[-86.3,30.41],[-86.3,30.4],[-86.29,30.4],[-86.28,30.4],[-86.27,30.4],[-86.26,30.4],[-86.26,30.39],[-86.25,30.39],[-86.24,30.39],[-86.24,30.4],[-86.25,30.4],[-86.25,30.41],[-86.26,30.41],[-86.27,30.41],[-86.27,30.42],[-86.26,30.42],[-86.26,30.43],[-86.25,30.43],[-86.24,30.43],[-86.24,30.42],[-86.23,30.42],[-86.22,30.42],[-86.22,30.41],[-86.21,30.41],[-86.21,30.4],[-86.2,30.4],[-86.19,30.39],[-86.18,30.39],[-86.17,30.39],[-86.17,30.38],[-86.16,30.38],[-86.15,30.38],[-86.14,30.38],[-86.13,30.38],[-86.12,30.38],[-86.11,30.38],[-86.11,30.39],[-86.11,30.4],[-86.12,30.4],[-86.12,30.41],[-86.12,30.42],[-86.12,30.43],[-86.13,30.43],[-86.14,30.43],[-86.15,30.43],[-86.16,30.43],[-86.16,30.44],[-86.16,30.45],[-86.15,30.45],[-86.15,30.46],[-86.14,30.46],[-86.14,30.47],[-86.15,30.47],[-86.16,30.47],[-86.16,30.46],[-86.17,30.46],[-86.18,30.45],[-86.19,30.45],[-86.19,30.46],[-86.2,30.46],[-86.2,30.47],[-86.2,30.48],[-86.2,30.49],[-86.21,30.49],[-86.21,30.48],[-86.22,30.48],[-86.23,30.47],[-86.24,30.47],[-86.24,30.48],[-86.25,30.48],[-86.25,30.49],[-86.26,30.49],[-86.26,30.48],[-86.27,30.48],[-86.28,30.48],[-86.29,30.48],[-86.29,30.47],[-86.3,30.47],[-86.31,30.48],[-86.32,30.48],[-86.33,30.48],[-86.34,30.47],[-86.35,30.47],[-86.36,30.47],[-86.37,30.46],[-86.38,30.46],[-86.39,30.46]],[[-86.0,30.4],[-86.01,30.4],[-86.01,30.39],[-86.0,30.4]],[[-86.2,30.49],[-86.19,30.5],[-86.2,30.5],[-86.2,30.49]],[[-86.11,30.42],[-86.11,30.41],[-86.1,30.41],[-86.11,30.42]],[[-86.1,30.41],[-86.1,30.4],[-86.09,30.4],[-86.1,30.41]],[[-86.04,30.41],[-86.04,30.4],[-86.03,30.4],[-86.04,30.41]],[[-86.01,30.32],[-86.0,30.31],[-86.0,30.32],[-86.01,30.32]]],[[[-85.99,30.28],[-85.98,30.28],[-85.97,30.27],[-85.98,30.27],[-85.99,30.27],[-85.99,30.28]]],[[[-85.97,30.27],[-85.97,30.28],[-85.96,30.27],[-85.97,30.27]]]]}},
{"type":"Feature","properties":{"ugc":"FLZ112","name":"Coastal Bay","state":"FL","wfo":"TAE"},"geometry":{"type":"MultiPolygon","coordinates":[[[[-85.99,30.27],[-85.98,30.27],[-85.97,30.27],[-85.98,30.28],[-85.99,30.28],[-85.99,30.29],[-85.99,30.31],[-85.99,30.32],[-85.99,30.37],[-85.99,30.38],[-85.99,30.39],[-85.77,30.38],[-85.69,30.33],[-85.56,30.38],[-85.46,30.32],[-85.46,30.25],[-85.54,30.19],[-85.49,30.15],[-85.42,30.11],[-85.39,30.1],[-85.39,30.08],[-85.39,30.06],[-85.39,30.05],[-85.39,30.04],[-85.4,30.04],[-85.4,30.05],[-85.41,30.05],[-85.42,30.05],[-85.43,30.05],[-85.43,30.06],[-85.43,30.07],[-85.44,30.07],[-85.44,30.06],[-85.44,30.05],[-85.45,30.05],[-85.45,30.04],[-85.45,30.03],[-85.46,30.03],[-85.47,30.03],[-85.48,30.03],[-85.48,30.04],[-85.48,30.05],[-85.49,30.05],[-85.49,30.06],[-85.49,30.07],[-85.49,30.08],[-85.49,30.09],[-85.5,30.09],[-85.51,30.09],[-85.51,30.1],[-85.52,30.09],[-85.52,30.1],[-85.52,30.11],[-85.53,30.11],[-85.53,30.12],[-85.54,30.13],[-85.55,30.12],[-85.56,30.12],[-85.56,30.13],[-85.57,30.12],[-85.58,30.12],[-85.59,30.12],[-85.6,30.12],[-85.61,30.13],[-85.62,30.13],[-85.62,30.14],[-85.63,30.14],[-85.64,30.14],[-85.64,30.13],[-85.65,30.14],[-85.66,30.15],[-85.67,30.16],[-85.68,30.16],[-85.69,30.16],[-85.69,30.17],[-85.7,30.17],[-85.71,30.17],[-85.71,30.18],[-85.72,30.18],[-85.73,30.18],[-85.73,30.19],[-85.72,30.19],[-85.72,30.2],[-85.71,30.2],[-85.71,30.21],[-85.7,30.21],[-85.7,30.22],[-85.69,30.22],[-85.69,30.23],[-85.69,30.24],[-85.68,30.24],[-85.68,30.25],[-85.67,30.25],[-85.66,30.25],[-85.65,30.25],[-85.64,30.25],[-85.63,30.25],[-85.62,30.26],[-85.61,30.26],[-85.61,30.27],[-85.6,30.27],[-85.59,30.26],[-85.59,30.27],[-85.59,30.28],[-85.59,30.29],[-85.58,30.29],[-85.58,30.3],[-85.58,30.31],[-85.58,30.32],[-85.57,30.32],[-85.57,30.33],[-85.58,30.33],[-85.59,30.32],[-85.59,30.31],[-85.59,30.3],[-85.6,30.3],[-85.6,30.29],[-85.6,30.28],[-85.61,30.28],[-85.62,30.28],[-85.63,30.28],[-85.63,30.27],[-85.64,30.26],[-85.65,30.26],[-85.65,30.27],[-85.66,30.27],[-85.67,30.27],[-85.67,30.26],[-85.68,30.26],[-85.69,30.26],[-85.7,30.26],[-85.7,30.25],[-85.71,30.24],[-85.72,30.24],[-85.72,30.25],[-85.72,30.26],[-85.73,30.26],[-85.74,30.26],[-85.74,30.27],[-85.74,30.28],[-85.75,30.28],[-85.75,30.29],[-85.76,30.29],[-85.76,30.3],[-85.76,30.31],[-85.76,30.32],[-85.77,30.32],[-85.77,30.31],[-85.77,30.3],[-85.77,30.29],[-85.78,30.29],[-85.79,30.29],[-85.8,30.29],[-85.8,30.3],[-85.81,30.3],[-85.81,30.29],[-85.82,30.29],[-85.83,30.29],[-85.84,30.29],[-85.85,30.28],[-85.85,30.27],[-85.85,30.26],[-85.86,30.26],[-85.86,30.25],[-85.85,30.25],[-85.85,30.24],[-85.85,30.23],[-85.84,30.23],[-85.83,30.23],[-85.82,30.23],[-85.82,30.24],[-85.81,30.24],[-85.81,30.25],[-85.8,30.25],[-85.79,30.25],[-85.79,30.24],[-85.78,30.24],[-85.78,30.25],[-85.77,30.24],[-85.76,30.24],[-85.76,30.23],[-85.77,30.23],[-85.77,30.22],[-85.76,30.22],[-85.76,30.21],[-85.75,30.21],[-85.75,30.22],[-85.74,30.22],[-85.74,30.21],[-85.74,30.2],[-85.75,30.2],[-85.76,30.19],[-85.75,30.19],[-85.75,30.18],[-85.75,30.17],[-85.74,30.17],[-85.74,30.16],[-85.73,30.16],[-85.72,30.16],[-85.72,30.15],[-85.71,30.15],[-85.71,30.14],[-85.72,30.14],[-85.73,30.14],[-85.73,30.15],[-85.74,30.15],[-85.75,30.15],[-85.75,30.14],[-85.76,30.14],[-85.77,30.15],[-85.78,30.16],[-85.79,30.16],[-85.8,30.17],[-85.81,30.17],[-85.81,30.18],[-85.82,30.19],[-85.83,30.19],[-85.84,30.19],[-85.84,30.2],[-85.85,30.2],[-85.86,30.2],[-85.86,30.21],[-85.87,30.21],[-85.88,30.22],[-85.89,30.22],[-85.9,30.22],[-85.9,30.23],[-85.91,30.23],[-85.92,30.23],[-85.92,30.24],[-85.93,30.24],[-85.94,30.24],[-85.95,30.25],[-85.96,30.25],[-85.96,30.26],[-85.98,30.26],[-85.99,30.27]],[[-85.97,30.27],[-85.96,30.27],[-85.97,30.28],[-85.97,30.27]],[[-85.53,30.12],[-85.52,30.12],[-85.52,30.13],[-85.53,30.13],[-85.53,30.12]],[[-85.56,30.13],[-85.56,30.14],[-85.57,30.14],[-85.57,30.13],[-85.56,30.13]],[[-85.68,30.24],[-85.68,30.23],[-85.67,30.23],[-85.67,30.24],[-85.68,30.24]],[[-85.57,30.33],[-85.56,30.33],[-85.56,30.34],[-85.57,30.34],[-85.57,30.33]],[[-85.58,30.33],[-85.58,30.34],[-85.59,30.34],[-85.59,30.33],[-85.58,30.33]],[[-85.78,30.16],[-85.77,30.16],[-85.78,30.17],[-85.78,30.16]],[[-85.57,30.29],[-85.57,30.28],[-85.56,30.28],[-85.56,30.29],[-85.57,30.29]],[[-85.56,30.28],[-85.56,30.27],[-85.55,30.28],[-85.56,30.28]],[[-85.61,30.25],[-85.61,30.24],[-85.6,30.24],[-85.6,30.25],[-85.61,30.25]],[[-85.54,30.33],[-85.54,30.32],[-85.53,30.32],[-85.53,30.33],[-85.54,30.33]],[[-85.56,30.35],[-85.55,30.35],[-85.55,30.36],[-85.56,30.36],[-85.56,30.35]],[[-85.7,30.2],[-85.7,30.19],[-85.69,30.2],[-85.7,30.2]],[[-85.51,30.13],[-85.5,30.13],[-85.5,30.14],[-85.51,30.14],[-85.51,30.13]],[[-85.42,30.09],[-85.41,30.09],[-85.42,30.1],[-85.42,30.09]]],[[[-85.99,30.27],[-86.0,30.27],[-85.99,30.28],[-85.99,30.27]]],[[[-85.75,30.14],[-85.74,30.14],[-85.73,30.14],[-85.73,30.13],[-85.73,30.12],[-85.74,30.13],[-85.75,30.14]]],[[[-85.73,30.12],[-85.72,30.12],[-85.71,30.12],[-85.71,30.11],[-85.72,30.11],[-85.73,30.12]]],[[[-85.71,30.11],[-85.7,30.11],[-85.7,30.1],[-85.71,30.1],[-85.71,30.11]]],[[[-85.68,30.09],[-85.67,30.09],[-85.66,30.09],[-85.66,30.08],[-85.67,30.08],[-85.68,30.09]]],[[[-85.65,30.08],[-85.64,30.08],[-85.64,30.07],[-85.65,30.07],[-85.65,30.08]]],[[[-85.64,30.08],[-85.64,30.09],[-85.65,30.09],[-85.65,30.1],[-85.66,30.1],[-85.67,30.1],[-85.67,30.11],[-85.68,30.11],[-85.68,30.12],[-85.69,30.12],[-85.68,30.13],[-85.68,30.14],[-85.67,30.14],[-85.67,30.13],[-85.66,30.13],[-85.66,30.12],[-85.65,30.12],[-85.64,30.12],[-85.63,30.12],[-85.62,30.12],[-85.62,30.11],[-85.62,30.1],[-85.62,30.09],[-85.61,30.1],[-85.61,30.09],[-85.6,30.09],[-85.59,30.1],[-85.58,30.1],[-85.58,30.09],[-85.57,30.09],[-85.56,30.09],[-85.56,30.08],[-85.55,30.08],[-85.54,30.08],[-85.54,30.07],[-85.53,30.07],[-85.53,30.06],[-85.52,30.05],[-85.51,30.05],[-85.51,30.04],[-85.51,30.03],[-85.5,30.04],[-85.5,30.03],[-85.49,30.03],[-85.49,30.02],[-85.48,30.02],[-85.47,30.02],[-85.46,30.02],[-85.45,30.02],[-85.44,30.02],[-85.44,30.03],[-85.44,30.04],[-85.43,30.04],[-85.42,30.04],[-85.41,30.03],[-85.41,30.04],[-85.4,30.04],[-85.4,30.03],[-85.39,30.03],[-85.39,30.02],[-85.39,30.0],[-85.39,29.95],[-85.39,29.94],[-85.39,29.93],[-85.39,29.92],[-85.4,29.93],[-85.4,29.94],[-85.41,29.94],[-85.42,29.95],[-85.43,29.95],[-85.44,29.95],[-85.45,29.96],[-85.46,29.96],[-85.46,29.97],[-85.47,29.97],[-85.48,29.97],[-85.48,29.98],[-85.49,29.98],[-85.49,29.99],[-85.5,29.99],[-85.51,29.99],[-85.51,30.0],[-85.52,30.0],[-85.53,30.01],[-85.53,30.02],[-85.54,30.02],[-85.54,30.03],[-85.55,30.03],[-85.56,30.03],[-85.56,30.04],[-85.57,30.04],[-85.57,30.05],[-85.58,30.05],[-85.59,30.05],[-85.59,30.06],[-85.6,30.06],[-85.6,30.07],[-85.61,30.07],[-85.61,30.06],[-85.62,30.06],[-85.62,30.07],[-85.62,30.08],[-85.63,30.08],[-85.64,30.08]],[[-85.42,30.03],[-85.43,30.02],[-85.42,30.02],[-85.42,30.03]]],[[[-85.48,29.96],[-85.49,29.96],[-85.5,29.97],[-85.49,29.97],[-85.48,29.97],[-85.48,29.96]]],[[[-85.5,29.97],[-85.51,29.97],[-85.52,29.98],[-85.51,29.98],[-85.5,29.97]]],[[[-85.52,29.98],[-85.53,29.98],[-85.53,29.99],[-85.52,29.99],[-85.52,29.98]]],[[[-85.57,30.04],[-85.57,30.03],[-85.58,30.03],[-85.58,30.04],[-85.57,30.04]]],[[[-85.57,30.03],[-85.56,30.02],[-85.57,30.02],[-85.57,30.03]]],[[[-85.56,30.02],[-85.55,30.02],[-85.55,30.01],[-85.56,30.01],[-85.56,30.02]]]]}},
{"type":"Feature","properties":{"ugc":"FLZ114","name":"Coastal Gulf","state":"FL","wfo":"TAE"},"geometry":{"type":"MultiPolygon","coordinates":[[[[-85.41,29.77],[-85.4,29.77],[-85.4,29.76],[-85.41,29.77]]],[[[-85.4,29.76],[-85.39,29.76],[-85.4,29.75],[-85.4,29.76]]],[[[-85.4,29.75],[-85.39,29.75],[-85.39,29.74],[-85.39,29.73],[-85.4,29.73],[-85.4,29.74],[-85.4,29.75]]],[[[-85.39,29.73],[-85.38,29.72],[-85.38,29.71],[-85.39,29.71],[-85.39,29.72],[-85.39,29.73]]],[[[-85.38,29.71],[-85.37,29.71],[-85.37,29.7],[-85.37,29.69],[-85.38,29.69],[-85.38,29.7],[-85.38,29.71]]],[[[-85.37,29.69],[-85.36,29.69],[-85.36,29.68],[-85.35,29.68],[-85.34,29.68],[-85.34,29.67],[-85.35,29.67],[-85.35,29.66],[-85.36,29.67],[-85.37,29.68],[-85.37,29.69]]],[[[-85.35,29.66],[-85.34,29.66],[-85.34,29.65],[-85.35,29.65],[-85.35,29.66]]],[[[-85.33,29.68],[-85.33,29.69],[-85.32,29.69],[-85.31,29.69],[-85.31,29.7],[-85.31,29.71],[-85.31,29.72],[-85.31,29.73],[-85.31,29.74],[-85.31,29.75],[-85.31,29.76],[-85.31,29.77],[-85.3,29.77],[-85.3,29.78],[-85.3,29.79],[-85.3,29.8],[-85.3,29.81],[-85.31,29.81],[-85.31,29.82],[-85.31,29.83],[-85.32,29.83],[-85.32,29.84],[-85.33,29.84],[-85.33,29.85],[-85.34,29.85],[-85.34,29.86],[-85.34,29.87],[-85.35,29.87],[-85.35,29.88],[-85.36,29.89],[-85.36,29.9],[-85.38,29.92],[-85.39,29.92],[-85.39,29.93],[-85.39,29.94],[-85.39,29.95],[-85.39,30.0],[-85.39,30.02],[-85.38,30.01],[-85.37,30.01],[-85.37,30.0],[-85.37,29.99],[-85.37,29.98],[-85.37,29.97],[-85.36,29.97],[-85.35,29.97],[-85.34,29.97],[-85.33,29.96],[-85.32,29.96],[-85.32,29.95],[-85.31,29.95],[-85.3,29.94],[-85.3,29.93],[-85.3,29.92],[-85.29,29.92],[-85.28,29.91],[-85.27,29.9],[-85.26,29.9],[-85.25,29.89],[-85.24,29.89],[-85.23,29.89],[-85.22,29.89],[-85.21,29.88],[-85.21,29.87],[-85.21,29.86],[-85.21,29.85],[-85.2,29.85],[-85.19,29.85],[-85.19,29.84],[-85.18,29.83],[-85.17,29.83],[-85.17,29.82],[-85.18,29.82],[-85.18,29.81],[-85.18,29.8],[-85.17,29.8],[-85.16,29.8],[-85.15,29.8],[-85.15,29.79],[-85.15,29.78],[-85.14,29.78],[-85.13,29.78],[-85.12,29.78],[-85.11,29.78],[-85.12,29.77],[-85.19,29.72],[-85.21,29.71],[-85.22,29.69],[-85.23,29.69],[-85.24,29.69],[-85.25,29.69],[-85.26,29.69],[-85.26,29.68],[-85.28,29.68],[-85.29,29.68],[-85.3,29.68],[-85.31,29.68],[-85.32,29.68],[-85.33,29.68]]],[[[-85.22,29.68],[-85.23,29.68],[-85.23,29.69],[-85.22,29.68]]],[[[-85.4,29.78],[-85.41,29.78],[-85.41,29.79],[-85.4,29.79],[-85.4,29.78]]],[[[-85.41,29.8],[-85.42,29.81],[-85.42,29.82],[-85.42,29.83],[-85.42,29.84],[-85.42,29.85],[-85.41,29.85],[-85.41,29.86],[-85.41,29.87],[-85.4,29.87],[-85.4,29.86],[-85.4,29.85],[-85.4,29.84],[-85.41,29.84],[-85.41,29.83],[-85.41,29.82],[-85.41,29.81],[-85.41,29.8]]]]}},
{"type":"Feature","properties":{"ugc":"FLZ115","name":"Coastal Franklin","state":"FL","wfo":"TAE"},"geometry":{"type":"MultiPolygon","coordinates":[[[[-85.2,29.7],[-85.21,29.7],[-85.22,29.69],[-85.21,29.71],[-85.19,29.72],[-85.12,29.77],[-85.11,29.78],[-85.11,29.77],[-85.1,29.77],[-85.09,29.77],[-85.08,29.77],[-85.07,29.77],[-85.07,29.78],[-85.07,29.79],[-85.06,29.79],[-85.05,29.78],[-85.04,29.78],[-85.04,29.79],[-85.03,29.8],[-85.02,29.8],[-85.02,29.81],[-85.02,29.82],[-85.02,29.83],[-85.01,29.83],[-84.74,29.93],[-84.55,30.01],[-84.55,30.0],[-84.54,30.0],[-84.53,30.01],[-84.52,30.0],[-84.52,29.99],[-84.53,29.99],[-84.54,29.99],[-84.54,29.98],[-84.53,29.98],[-84.52,29.98],[-84.51,29.98],[-84.51,29.99],[-84.5,29.99],[-84.49,29.99],[-84.48,29.99],[-84.48,30.0],[-84.47,30.0],[-84.46,30.0],[-84.47,29.99],[-84.46,29.99],[-84.46,29.98],[-84.46,29.97],[-84.45,29.97],[-84.44,29.98],[-84.44,29.97],[-84.44,29.96],[-84.43,29.96],[-84.42,29.96],[-84.41,29.96],[-84.4,29.96],[-84.39,29.96],[-84.38,29.96],[-84.38,29.95],[-84.37,29.95],[-84.36,29.95],[-84.35,29.95],[-84.34,29.95],[-84.34,29.94],[-84.33,29.93],[-84.33,29.92],[-84.34,29.91],[-84.34,29.9],[-84.35,29.9],[-84.36,29.9],[-84.36,29.91],[-84.37,29.91],[-84.38,29.91],[-84.38,29.92],[-84.39,29.92],[-84.4,29.92],[-84.41,29.92],[-84.42,29.92],[-84.42,29.93],[-84.43,29.93],[-84.44,29.93],[-84.45,29.93],[-84.46,29.93],[-84.47,29.92],[-84.48,29.92],[-84.48,29.91],[-84.49,29.91],[-84.5,29.91],[-84.5,29.92],[-84.51,29.92],[-84.52,29.92],[-84.52,29.91],[-84.53,29.91],[-84.54,29.91],[-84.55,29.9],[-84.56,29.9],[-84.56,29.89],[-84.57,29.89],[-84.58,29.89],[-84.59,29.88],[-84.6,29.88],[-84.6,29.87],[-84.61,29.87],[-84.62,29.87],[-84.62,29.86],[-84.63,29.86],[-84.64,29.85],[-84.65,29.85],[-84.66,29.85],[-84.66,29.84],[-84.67,29.84],[-84.68,29.84],[-84.68,29.83],[-84.69,29.83],[-84.7,29.83],[-84.7,29.82],[-84.71,29.82],[-84.72,29.81],[-84.73,29.81],[-84.74,29.8],[-84.75,29.8],[-84.75,29.79],[-84.76,29.79],[-84.77,29.79],[-84.78,29.78],[-84.79,29.77],[-84.8,29.77],[-84.81,29.77],[-84.81,29.76],[-84.82,29.76],[-84.83,29.76],[-84.84,29.76],[-84.85,29.75],[-84.86,29.75],[-84.87,29.74],[-84.88,29.74],[-84.88,29.73],[-84.89,29.73],[-84.9,29.73],[-84.92,29.73],[-84.9,29.74],[-84.9,29.75],[-84.89,29.75],[-84.89,29.76],[-84.89,29.77],[-84.88,29.77],[-84.88,29.78],[-84.87,29.78],[-84.87,29.79],[-84.86,29.79],[-84.86,29.8],[-84.87,29.8],[-84.88,29.8],[-84.88,29.79],[-84.89,29.78],[-84.89,29.79],[-84.9,29.79],[-84.91,29.79],[-84.91,29.78],[-84.92,29.78],[-84.93,29.77],[-84.94,29.76],[-84.94,29.75],[-84.95,29.75],[-84.96,29.75],[-84.97,29.75],[-84.97,29.74],[-84.97,29.73],[-84.98,29.72],[-84.99,29.72],[-84.99,29.71],[-85.0,29.71],[-85.01,29.71],[-85.02,29.71],[-85.03,29.71],[-85.04,29.71],[-85.05,29.71],[-85.05,29.72],[-85.06,29.72],[-85.07,29.72],[-85.08,29.72],[-85.09,29.72],[-85.1,29.72],[-85.11,29.72],[-85.12,29.72],[-85.13,29.71],[-85.14,29.71],[-85.15,29.71],[-85.16,29.71],[-85.16,29.7],[-85.17,29.7],[-85.18,29.7],[-85.19,29.7],[-85.2,29.7]],[[-84.92,29.78],[-84.92,29.79],[-84.93,29.79],[-84.94,29.79],[-84.94,29.78],[-84.93,29.78],[-84.92,29.78]],[[-84.97,29.75],[-84.97,29.76],[-84.98,29.76],[-84.98,29.75],[-84.97,29.75]],[[-84.98,29.74],[-84.99,29.75],[-84.99,29.74],[-84.98,29.74]],[[-84.89,29.8],[-84.88,29.81],[-84.89,29.81],[-84.9,29.81],[-84.9,29.8],[-84.89,29.8]]],[[[-84.36,29.9],[-84.37,29.89],[-84.37,29.9],[-84.36,29.9]]],[[[-84.38,29.9],[-84.38,29.89],[-84.39,29.9],[-84.38,29.9]]],[[[-84.41,29.9],[-84.42,29.9],[-84.43,29.91],[-84.42,29.91],[-84.41,29.9]]],[[[-84.66,29.84],[-84.65,29.84],[-84.65,29.83],[-84.66,29.83],[-84.66,29.84]]],[[[-84.93,29.77],[-84.92,29.76],[-84.93,29.76],[-84.93,29.77]]],[[[-84.49,29.89],[-84.49,29.9],[-84.48,29.9],[-84.48,29.89],[-84.49,29.89]]],[[[-84.49,29.89],[-84.49,29.88],[-84.5,29.88],[-84.5,29.89],[-84.49,29.89]]],[[[-84.65,29.78],[-84.64,29.79],[-84.63,29.79],[-84.65,29.78]]],[[[-84.62,29.79],[-84.61,29.8],[-84.61,29.81],[-84.6,29.81],[-84.59,29.81],[-84.58,29.81],[-84.58,29.8],[-84.59,29.8],[-84.6,29.8],[-84.61,29.79],[-84.62,29.79]]],[[[-84.58,29.82],[-84.58,29.83],[-84.57,29.83],[-84.57,29.82],[-84.58,29.81],[-84.58,29.82]]],[[[-85.15,29.68],[-85.14,29.68],[-85.14,29.67],[-85.15,29.68]]],[[[-85.15,29.68],[-85.15,29.67],[-85.14,29.67],[-85.13,29.67],[-85.13,29.68],[-85.14,29.68],[-85.14,29.69],[-85.13,29.69],[-85.12,29.69],[-85.11,29.69],[-85.1,29.69],[-85.09,29.68],[-85.09,29.67],[-85.08,29.67],[-85.08,29.66],[-85.09,29.66],[-85.09,29.65],[-85.09,29.64],[-85.1,29.64],[-85.1,29.63],[-85.11,29.63],[-85.12,29.63],[-85.13,29.63],[-85.14,29.63],[-85.14,29.64],[-85.15,29.64],[-85.16,29.65],[-85.17,29.65],[-85.17,29.66],[-85.18,29.66],[-85.19,29.67],[-85.2,29.67],[-85.21,29.67],[-85.22,29.68],[-85.21,29.68],[-85.2,29.68],[-85.19,29.68],[-85.18,29.68],[-85.17,29.68],[-85.16,29.68],[-85.15,29.68]]],[[[-85.1,29.63],[-85.09,29.63],[-85.09,29.62],[-85.1,29.62],[-85.1,29.63]]],[[[-85.09,29.62],[-85.08,29.62],[-85.08,29.61],[-85.09,29.62]]],[[[-85.07,29.61],[-85.06,29.61],[-85.05,29.6],[-85.04,29.6],[-85.03,29.6],[-85.02,29.6],[-85.01,29.61],[-85.01,29.6],[-85.02,29.59],[-85.04,29.59],[-85.05,29.59],[-85.06,29.6],[-85.07,29.6],[-85.07,29.61]]],[[[-85.0,29.6],[-85.0,29.61],[-84.99,29.61],[-84.98,29.61],[-84.97,29.61],[-84.96,29.62],[-84.95,29.62],[-84.96,29.61],[-85.0,29.6]]],[[[-84.95,29.62],[-84.95,29.63],[-84.94,29.63],[-84.93,29.63],[-84.93,29.64],[-84.92,29.64],[-84.92,29.65],[-84.91,29.65],[-84.9,29.65],[-84.9,29.66],[-84.89,29.66],[-84.88,29.66],[-84.87,29.66],[-84.88,29.65],[-84.9,29.64],[-84.91,29.64],[-84.92,29.63],[-84.94,29.62],[-84.95,29.62]]],[[[-84.87,29.66],[-84.87,29.67],[-84.86,29.67],[-84.85,29.67],[-84.84,29.67],[-84.85,29.66],[-84.86,29.66],[-84.87,29.66]]],[[[-84.84,29.67],[-84.84,29.68],[-84.83,29.68],[-84.82,29.68],[-84.81,29.68],[-84.82,29.67],[-84.83,29.67],[-84.84,29.67]]],[[[-84.8,29.68],[-84.8,29.69],[-84.8,29.7],[-84.79,29.7],[-84.79,29.69],[-84.79,29.68],[-84.8,29.68]]],[[[-84.78,29.69],[-84.78,29.7],[-84.78,29.71],[-84.77,29.71],[-84.76,29.71],[-84.76,29.72],[-84.75,29.72],[-84.75,29.71],[-84.77,29.7],[-84.77,29.69],[-84.78,29.69]]],[[[-84.75,29.72],[-84.75,29.73],[-84.74,29.73],[-84.73,29.73],[-84.74,29.72],[-84.75,29.72]]],[[[-84.73,29.73],[-84.73,29.74],[-84.72,29.74],[-84.72,29.73],[-84.73,29.73]]],[[[-84.71,29.75],[-84.71,29.76],[-84.7,29.76],[-84.7,29.77],[-84.69,29.76],[-84.71,29.75]]]]}},
{"type":"Feature","properties":{"ugc":"FLZ118","name":"Coastal Jefferson","state":"FL","wfo":"TAE"},"geometry":{"type":"MultiPolygon","coordinates":[[[[-84.08,30.1],[-84.08,30.11],[-84.08,30.16],[-84.08,30.19],[-83.95,30.19],[-83.95,30.18],[-83.96,30.17],[-83.96,30.16],[-83.96,30.15],[-83.97,30.15],[-83.97,30.14],[-83.97,30.13],[-83.98,30.12],[-83.98,30.11],[-83.99,30.1],[-83.99,30.09],[-84.0,30.09],[-84.0,30.1],[-84.01,30.1],[-84.0,30.11],[-84.01,30.11],[-84.02,30.11],[-84.02,30.1],[-84.03,30.1],[-84.03,30.11],[-84.04,30.11],[-84.04,30.1],[-84.05,30.1],[-84.06,30.1],[-84.07,30.1],[-84.08,30.1]],[[-84.01,30.11],[-84.01,30.12],[-84.02,30.12],[-84.01,30.11]],[[-84.07,30.1],[-84.06,30.11],[-84.07,30.11],[-84.07,30.1]]]]}},
{"type":"Feature","properties":{"ugc":"FLZ120","name":"Eastern Hamilton","state":"FL","wfo":"JAX"},"geometry":{"type":"MultiPolygon","coordinates":[[[[-82.83,30.35],[-82.84,30.35],[-82.85,30.36],[-82.86,30.37],[-82.87,30.38],[-82.88,30.39],[-82.91,30.43],[-82.92,30.44],[-82.93,30.44],[-82.98,30.47],[-82.99,30.48],[-83.03,30.49],[-83.04,30.5],[-83.05,30.51],[-83.06,30.52],[-83.07,30.52],[-83.07,30.53],[-83.07,30.54],[-83.08,30.55],[-83.09,30.56],[-83.09,30.57],[-83.11,30.58],[-83.12,30.59],[-83.12,30.6],[-83.13,30.61],[-83.14,30.61],[-83.17,30.63],[-83.15,30.63],[-83.14,30.62],[-83.13,30.62],[-83.08,30.62],[-83.04,30.62],[-83.02,30.62],[-83.0,30.62],[-82.93,30.61],[-82.87,30.61],[-82.8,30.6],[-82.75,30.6],[-82.73,30.6],[-82.7,30.6],[-82.7,30.59],[-82.71,30.58],[-82.71,30.57],[-82.72,30.57],[-82.72,30.56],[-82.73,30.56],[-82.72,30.55],[-82.72,30.54],[-82.72,30.53],[-82.73,30.53],[-82.72,30.52],[-82.72,30.51],[-82.71,30.51],[-82.71,30.5],[-82.71,30.49],[-82.7,30.49],[-82.7,30.48],[-82.69,30.47],[-82.68,30.47],[-82.68,30.46],[-82.67,30.46],[-82.67,30.45],[-82.67,30.44],[-82.66,30.44],[-82.66,30.43],[-82.65,30.43],[-82.65,30.42],[-82.65,30.41],[-82.65,30.4],[-82.65,30.39],[-82.66,30.39],[-82.66,30.38],[-82.67,30.38],[-82.66,30.37],[-82.67,30.37],[-82.68,30.36],[-82.69,30.35],[-82.68,30.35],[-82.68,30.34],[-82.69,30.34],[-82.69,30.33],[-82.7,30.33],[-82.71,30.33],[-82.71,30.32],[-82.72,30.32],[-82.72,30.33],[-82.73,30.33],[-82.74,30.33],[-82.74,30.32],[-82.75,30.32],[-82.76,30.32],[-82.76,30.33],[-82.77,30.33],[-82.78,30.32],[-82.79,30.32],[-82.79,30.33],[-82.79,30.34],[-82.8,30.34],[-82.8,30.35],[-82.81,30.34],[-82.82,30.34],[-82.83,30.34],[-82.83,30.35]]]]}},
{"type":"Feature","properties":{"ugc":"FLZ122","name":"Northern Columbia","state":"FL","wfo":"JAX"},"geometry":{"type":"MultiPolygon","coordinates":[[[[-82.79,30.32],[-82.78,30.32],[-82.77,30.33],[-82.76,30.33],[-82.76,30.32],[-82.75,30.32],[-82.74,30.32],[-82.74,30.33],[-82.73,30.33],[-82.72,30.33],[-82.72,30.32],[-82.71,30.32],[-82.71,30.33],[-82.7,30.33],[-82.69,30.33],[-82.69,30.34],[-82.68,30.34],[-82.68,30.35],[-82.69,30.35],[-82.68,30.36],[-82.67,30.37],[-82.66,30.37],[-82.67,30.38],[-82.66,30.38],[-82.66,30.39],[-82.65,30.39],[-82.65,30.4],[-82.65,30.41],[-82.65,30.42],[-82.65,30.43],[-82.66,30.43],[-82.66,30.44],[-82.67,30.44],[-82.67,30.45],[-82.67,30.46],[-82.68,30.46],[-82.68,30.47],[-82.69,30.47],[-82.7,30.48],[-82.7,30.49],[-82.71,30.49],[-82.71,30.5],[-82.71,30.51],[-82.72,30.51],[-82.72,30.52],[-82.73,30.53],[-82.72,30.53],[-82.72,30.54],[-82.72,30.55],[-82.73,30.56],[-82.72,30.56],[-82.72,30.57],[-82.71,30.57],[-82.71,30.58],[-82.7,30.59],[-82.7,30.6],[-82.69,30.6],[-82.67,30.6],[-82.58,30.59],[-82.57,30.59],[-82.55,30.59],[-82.53,30.59],[-82.46,30.58],[-82.46,30.47],[-82.46,30.45],[-82.46,30.44],[-82.46,30.4],[-82.46,30.35],[-82.46,30.29],[-82.46,30.26],[-82.48,30.26],[-82.49,30.26],[-82.51,30.25],[-82.54,30.25],[-82.58,30.24],[-82.63,30.24],[-82.67,30.24],[-82.69,30.25],[-82.72,30.25],[-82.75,30.27],[-82.79,30.27],[-82.79,30.28],[-82.79,30.31],[-82.79,30.32]]]]}},
{"type":"Feature","properties":{"ugc":"FLZ124","name":"Coastal Nassau","state":"FL","wfo":"JAX"},"geometry":{"type":"MultiPolygon","coordinates":[[[[-81.66,30.73],[-81.65,30.73],[-81.64,30.73],[-81.63,30.73],[-81.63,30.74],[-81.62,30.73],[-81.62,30.72],[-81.61,30.72],[-81.61,30.73],[-81.6,30.73],[-81.6,30.72],[-81.59,30.72],[-81.58,30.72],[-81.57,30.72],[-81.57,30.71],[-81.56,30.71],[-81.56,30.7],[-81.56,30.69],[-81.55,30.69],[-81.54,30.69],[-81.54,30.7],[-81.55,30.7],[-81.55,30.71],[-81.54,30.71],[-81.53,30.71],[-81.53,30.72],[-81.52,30.72],[-81.51,30.72],[-81.5,30.72],[-81.49,30.72],[-81.49,30.71],[-81.49,30.7],[-81.48,30.7],[-81.47,30.7],[-81.47,30.69],[-81.46,30.69],[-81.46,30.7],[-81.45,30.71],[-81.45,30.7],[-81.44,30.7],[-81.43,30.7],[-81.43,30.69],[-81.43,30.68],[-81.43,30.67],[-81.43,30.66],[-81.43,30.65],[-81.44,30.65],[-81.44,30.64],[-81.44,30.63],[-81.44,30.62],[-81.44,30.61],[-81.44,30.6],[-81.44,30.59],[-81.44,30.58],[-81.44,30.57],[-81.44,30.56],[-81.44,30.55],[-81.44,30.54],[-81.44,30.53],[-81.43,30.53],[-81.43,30.52],[-81.44,30.52],[-81.45,30.52],[-81.45,30.53],[-81.46,30.53],[-81.47,30.53],[-81.48,30.54],[-81.48,30.55],[-81.49,30.55],[-81.49,30.56],[-81.49,30.57],[-81.49,30.58],[-81.48,30.59],[-81.49,30.59],[-81.5,30.59],[-81.5,30.58],[-81.5,30.57],[-81.51,30.57],[-81.52,30.57],[-81.52,30.56],[-81.52,30.55],[-81.52,30.54],[-81.52,30.53],[-81.53,30.53],[-81.54,30.52],[-81.55,30.53],[-81.55,30.54],[-81.56,30.54],[-81.57,30.54],[-81.58,30.54],[-81.59,30.54],[-81.59,30.55],[-81.58,30.56],[-81.58,30.57],[-81.59,30.57],[-81.6,30.56],[-81.61,30.55],[-81.61,30.56],[-81.61,30.57],[-81.61,30.58],[-81.62,30.58],[-81.63,30.59],[-81.63,30.58],[-81.64,30.58],[-81.65,30.58],[-81.65,30.59],[-81.64,30.6],[-81.65,30.61],[-81.65,30.62],[-81.65,30.63],[-81.66,30.63],[-81.66,30.64],[-81.66,30.65],[-81.67,30.66],[-81.67,30.68],[-81.68,30.69],[-81.68,30.7],[-81.67,30.71],[-81.67,30.72],[-81.67,30.73],[-81.66,30.73]],[[-81.57,30.71],[-81.58,30.71],[-81.58,30.7],[-81.57,30.7],[-81.57,30.71]],[[-81.46,30.53],[-81.46,30.54],[-81.47,30.55],[-81.47,30.54],[-81.46,30.53]],[[-81.49,30.57],[-81.48,30.56],[-81.47,30.56],[-81.47,30.57],[-81.46,30.57],[-81.46,30.58],[-81.46,30.59],[-81.47,30.59],[-81.47,30.58],[-81.48,30.57],[-81.49,30.57]],[[-81.61,30.58],[-81.6,30.58],[-81.61,30.59],[-81.61,30.58]],[[-81.48,30.6],[-81.48,30.61],[-81.49,30.61],[-81.49,30.6],[-81.48,30.6]],[[-81.49,30.61],[-81.48,30.62],[-81.49,30.62],[-81.49,30.61]],[[-81.48,30.62],[-81.48,30.63],[-81.49,30.63],[-81.48,30.62]],[[-81.49,30.64],[-81.48,30.64],[-81.48,30.65],[-81.48,30.66],[-81.47,30.66],[-81.47,30.67],[-81.48,30.67],[-81.49,30.67],[-81.49,30.66],[-81.49,30.65],[-81.49,30.64]],[[-81.47,30.67],[-81.46,30.68],[-81.47,30.68],[-81.47,30.67]],[[-81.5,30.69],[-81.51,30.7],[-81.51,30.69],[-81.5,30.69]],[[-81.51,30.7],[-81.52,30.7],[-81.52,30.69],[-81.51,30.7]],[[-81.5,30.64],[-81.51,30.64],[-81.51,30.63],[-81.5,30.63],[-81.5,30.64]]],[[[-81.66,30.73],[-81.66,30.74],[-81.65,30.74],[-81.66,30.73]]],[[[-81.56,30.71],[-81.55,30.72],[-81.55,30.71],[-81.56,30.71]]],[[[-81.47,30.57],[-81.47,30.58],[-81.46,30.58],[-81.47,30.57]]]]}},
{"type":"Feature","properties":{"ugc":"FLZ125","name":"Coastal Duval","state":"FL","wfo":"JAX"},"geometry":{"type":"MultiPolygon","coordinates":[[[[-81.62,30.58],[-81.61,30.58],[-81.61,30.57],[-81.61,30.56],[-81.61,30.55],[-81.6,30.56],[-81.59,30.57],[-81.58,30.57],[-81.58,30.56],[-81.59,30.55],[-81.59,30.54],[-81.58,30.54],[-81.57,30.54],[-81.56,30.54],[-81.55,30.54],[-81.55,30.53],[-81.54,30.52],[-81.53,30.53],[-81.52,30.53],[-81.52,30.54],[-81.52,30.55],[-81.52,30.56],[-81.51,30.57],[-81.5,30.56],[-81.49,30.55],[-81.5,30.55],[-81.51,30.56],[-81.51,30.55],[-81.49,30.54],[-81.48,30.53],[-81.46,30.52],[-81.45,30.52],[-81.45,30.51],[-81.44,30.5],[-81.44,30.49],[-81.43,30.49],[-81.42,30.48],[-81.41,30.48],[-81.41,30.42],[-81.42,30.42],[-81.42,30.41],[-81.43,30.4],[-81.42,30.4],[-81.41,30.4],[-81.42,30.39],[-81.41,30.39],[-81.39,30.4],[-81.4,30.38],[-81.4,30.36],[-81.4,30.34],[-81.4,30.33],[-81.39,30.33],[-81.39,30.32],[-81.39,30.3],[-81.39,30.29],[-81.38,30.27],[-81.38,30.26],[-81.38,30.25],[-81.42,30.25],[-81.43,30.25],[-81.44,30.25],[-81.44,30.24],[-81.44,30.23],[-81.43,30.14],[-81.43,30.11],[-81.44,30.11],[-81.47,30.11],[-81.48,30.1],[-81.5,30.1],[-81.53,30.13],[-81.54,30.14],[-81.55,30.17],[-81.56,30.17],[-81.56,30.18],[-81.56,30.19],[-81.56,30.2],[-81.57,30.22],[-81.59,30.25],[-81.6,30.25],[-81.61,30.26],[-81.62,30.29],[-81.63,30.29],[-81.63,30.3],[-81.64,30.3],[-81.64,30.31],[-81.65,30.31],[-81.66,30.31],[-81.68,30.32],[-81.68,30.33],[-81.67,30.33],[-81.67,30.34],[-81.67,30.36],[-81.67,30.37],[-81.67,30.38],[-81.67,30.39],[-81.67,30.4],[-81.66,30.4],[-81.66,30.41],[-81.66,30.43],[-81.65,30.45],[-81.65,30.46],[-81.65,30.47],[-81.64,30.49],[-81.63,30.51],[-81.64,30.54],[-81.65,30.58],[-81.64,30.58],[-81.63,30.58],[-81.63,30.59],[-81.62,30.58]],[[-81.42,30.42],[-81.42,30.44],[-81.43,30.44],[-81.42,30.42]],[[-81.43,30.4],[-81.44,30.41],[-81.45,30.42],[-81.46,30.41],[-81.46,30.4],[-81.46,30.39],[-81.47,30.4],[-81.47,30.39],[-81.48,30.39],[-81.48,30.38],[-81.47,30.38],[-81.46,30.37],[-81.45,30.37],[-81.44,30.38],[-81.44,30.39],[-81.43,30.4]],[[-81.46,30.41],[-81.47,30.42],[-81.47,30.41],[-81.46,30.41]],[[-81.45,30.37],[-81.45,30.36],[-81.44,30.35],[-81.44,30.36],[-81.44,30.37],[-81.45,30.37]],[[-81.46,30.48],[-81.45,30.48],[-81.45,30.49],[-81.46,30.49],[-81.46,30.48]],[[-81.46,30.49],[-81.47,30.5],[-81.47,30.49],[-81.46,30.49]],[[-81.43,30.26],[-81.42,30.26],[-81.42,30.27],[-81.43,30.27],[-81.43,30.26]],[[-81.43,30.29],[-81.42,30.29],[-81.42,30.3],[-81.42,30.31],[-81.43,30.31],[-81.43,30.3],[-81.43,30.29]],[[-81.46,30.43],[-81.455,30.44],[-81.46,30.44],[-81.46,30.43]],[[-81.45,30.45],[-81.44,30.44],[-81.44,30.45],[-81.45,30.45]],[[-81.45,30.46],[-81.45,30.47],[-81.46,30.47],[-81.45,30.46]]],[[[-81.45,30.37],[-81.47,30.38],[-81.47,30.39],[-81.46,30.38],[-81.45,30.37]]],[[[-81.45,30.38],[-81.46,30.39],[-81.45,30.4],[-81.44,30.4],[-81.45,30.38]]],[[[-81.46,30.4],[-81.45,30.41],[-81.45,30.4],[-81.46,30.4]]],[[[-81.61,30.58],[-81.61,30.59],[-81.6,30.58],[-81.61,30.58]]],[[[-81.43,30.49],[-81.43,30.5],[-81.42,30.49],[-81.43,30.49]]],[[[-81.41,30.41],[-81.4,30.4],[-81.42,30.41],[-81.41,30.41]]]]}},
{"type":"Feature","properties":{"ugc":"FLZ127","name":"Coastal Wakulla","state":"FL","wfo":"TAE"},"geometry":{"type":"MultiPolygon","coordinates":[[[[-84.54,30.01],[-84.51,30.07],[-84.43,30.11],[-84.35,30.14],[-84.25,30.18],[-84.18,30.2],[-84.14,30.2],[-84.08,30.19],[-84.08,30.16],[-84.08,30.11],[-84.08,30.1],[-84.08,30.09],[-84.09,30.09],[-84.1,30.09],[-84.11,30.09],[-84.11,30.08],[-84.12,30.08],[-84.12,30.09],[-84.13,30.09],[-84.14,30.09],[-84.14,30.08],[-84.15,30.08],[-84.16,30.07],[-84.17,30.07],[-84.18,30.07],[-84.18,30.08],[-84.18,30.09],[-84.19,30.09],[-84.19,30.1],[-84.2,30.1],[-84.21,30.1],[-84.21,30.09],[-84.22,30.09],[-84.23,30.09],[-84.24,30.09],[-84.25,30.1],[-84.26,30.1],[-84.26,30.11],[-84.27,30.11],[-84.27,30.1],[-84.27,30.09],[-84.27,30.08],[-84.27,30.07],[-84.27,30.06],[-84.28,30.06],[-84.29,30.06],[-84.3,30.06],[-84.3,30.07],[-84.31,30.07],[-84.31,30.08],[-84.32,30.08],[-84.33,30.08],[-84.34,30.08],[-84.34,30.07],[-84.35,30.07],[-84.35,30.06],[-84.36,30.06],[-84.36,30.05],[-84.36,30.04],[-84.37,30.04],[-84.37,30.03],[-84.37,30.02],[-84.38,30.03],[-84.38,30.04],[-84.39,30.04],[-84.39,30.03],[-84.39,30.02],[-84.38,30.02],[-84.38,30.01],[-84.39,30.01],[-84.39,30.0],[-84.38,30.0],[-84.38,29.99],[-84.37,29.99],[-84.37,30.0],[-84.37,30.01],[-84.36,30.0],[-84.36,29.99],[-84.36,29.98],[-84.35,29.98],[-84.34,29.98],[-84.35,29.97],[-84.36,29.97],[-84.37,29.97],[-84.37,29.98],[-84.38,29.98],[-84.39,29.98],[-84.4,29.98],[-84.41,29.98],[-84.42,29.98],[-84.42,29.99],[-84.43,29.99],[-84.43,30.0],[-84.44,30.0],[-84.44,29.99],[-84.45,29.99],[-84.45,29.98],[-84.45,29.97],[-84.46,29.97],[-84.46,29.98],[-84.46,29.99],[-84.46,30.0],[-84.47,30.0],[-84.48,30.0],[-84.48,29.99],[-84.49,29.99],[-84.5,29.99],[-84.51,29.99],[-84.51,29.98],[-84.52,29.98],[-84.52,29.99],[-84.52,30.0],[-84.52,30.01],[-84.53,30.01],[-84.54,30.01]],[[-84.18,30.09],[-84.17,30.09],[-84.17,30.1],[-84.18,30.1],[-84.18,30.09]],[[-84.25,30.1],[-84.24,30.1],[-84.24,30.11],[-84.25,30.11],[-84.25,30.1]],[[-84.27,30.11],[-84.27,30.12],[-84.28,30.12],[-84.28,30.11],[-84.27,30.11]],[[-84.29,30.06],[-84.28,30.07],[-84.28,30.08],[-84.28,30.09],[-84.29,30.09],[-84.29,30.08],[-84.29,30.07],[-84.29,30.06]],[[-84.47,30.01],[-84.46,30.01],[-84.45,30.02],[-84.46,30.02],[-84.47,30.02],[-84.47,30.01]],[[-84.47,30.02],[-84.46,30.03],[-84.47,30.03],[-84.47,30.02]],[[-84.5,30.02],[-84.5,30.03],[-84.51,30.02],[-84.5,30.02]],[[-84.5,30.06],[-84.49,30.06],[-84.49,30.07],[-84.5,30.06]]],[[[-84.54,30.01],[-84.54,30.0],[-84.55,30.01],[-84.54,30.01]]],[[[-84.21,30.09],[-84.2,30.09],[-84.2,30.08],[-84.21,30.08],[-84.21,30.09]]],[[[-84.31,30.07],[-84.32,30.07],[-84.32,30.08],[-84.31,30.07]]],[[[-84.32,30.07],[-84.33,30.07],[-84.33,30.08],[-84.32,30.07]]],[[[-84.35,30.03],[-84.35,30.04],[-84.35,30.05],[-84.34,30.05],[-84.33,30.04],[-84.34,30.04],[-84.34,30.03],[-84.35,30.03]]]]}},
{"type":"Feature","properties":{"ugc":"FLZ128","name":"Coastal Taylor","state":"FL","wfo":"TAE"},"geometry":{"type":"MultiPolygon","coordinates":[[[[-83.99,30.08],[-83.98,30.09],[-83.99,30.09],[-83.99,30.1],[-83.98,30.11],[-83.98,30.12],[-83.97,30.13],[-83.97,30.14],[-83.97,30.15],[-83.96,30.15],[-83.96,30.16],[-83.96,30.17],[-83.95,30.18],[-83.83,30.1],[-83.72,30.04],[-83.63,29.99],[-83.51,29.85],[-83.43,29.77],[-83.35,29.72],[-83.35,29.71],[-83.35,29.7],[-83.35,29.69],[-83.36,29.69],[-83.36,29.68],[-83.36,29.67],[-83.37,29.67],[-83.38,29.67],[-83.39,29.67],[-83.4,29.67],[-83.41,29.67],[-83.42,29.67],[-83.43,29.67],[-83.43,29.68],[-83.44,29.68],[-83.45,29.68],[-83.46,29.68],[-83.47,29.68],[-83.47,29.69],[-83.48,29.69],[-83.48,29.7],[-83.49,29.7],[-83.49,29.71],[-83.5,29.71],[-83.51,29.71],[-83.51,29.72],[-83.52,29.72],[-83.53,29.72],[-83.54,29.72],[-83.54,29.73],[-83.55,29.73],[-83.55,29.74],[-83.55,29.75],[-83.56,29.74],[-83.56,29.75],[-83.56,29.76],[-83.57,29.76],[-83.58,29.76],[-83.58,29.77],[-83.58,29.78],[-83.57,29.78],[-83.58,29.79],[-83.58,29.8],[-83.59,29.8],[-83.59,29.81],[-83.59,29.82],[-83.6,29.83],[-83.6,29.84],[-83.61,29.84],[-83.62,29.84],[-83.62,29.85],[-83.62,29.86],[-83.63,29.86],[-83.63,29.87],[-83.63,29.88],[-83.64,29.88],[-83.64,29.89],[-83.65,29.89],[-83.65,29.9],[-83.66,29.9],[-83.66,29.91],[-83.67,29.91],[-83.68,29.91],[-83.68,29.92],[-83.69,29.92],[-83.69,29.93],[-83.7,29.93],[-83.7,29.94],[-83.71,29.93],[-83.71,29.94],[-83.72,29.94],[-83.73,29.94],[-83.73,29.95],[-83.74,29.95],[-83.74,29.96],[-83.75,29.96],[-83.75,29.97],[-83.76,29.96],[-83.76,29.97],[-83.77,29.97],[-83.77,29.98],[-83.78,29.98],[-83.79,29.98],[-83.8,29.98],[-83.81,29.98],[-83.82,29.98],[-83.83,29.98],[-83.83,29.99],[-83.84,29.99],[-83.84,30.0],[-83.85,30.0],[-83.86,30.0],[-83.86,30.01],[-83.87,30.01],[-83.88,30.01],[-83.88,30.02],[-83.89,30.02],[-83.9,30.02],[-83.9,30.03],[-83.91,30.03],[-83.92,30.03],[-83.93,30.03],[-83.93,30.04],[-83.93,30.05],[-83.94,30.05],[-83.95,30.05],[-83.95,30.06],[-83.96,30.06],[-83.96,30.07],[-83.97,30.07],[-83.98,30.08],[-83.99,30.08]],[[-83.8,29.98],[-83.79,29.99],[-83.8,29.99],[-83.8,29.98]]],[[[-83.99,30.08],[-84.0,30.08],[-83.99,30.09],[-83.99,30.08]]],[[[-83.56,29.73],[-83.57,29.73],[-83.57,29.74],[-83.56,29.73]]]]}},
{"type":"Feature","properties":{"ugc":"FLZ132","name":"Eastern Clay","state":"FL","wfo":"JAX"},"geometry":{"type":"MultiPolygon","coordinates":[[[[-81.66,29.84],[-81.66,29.88],[-81.69,29.93],[-81.69,29.94],[-81.67,29.96],[-81.69,29.98],[-81.69,29.99],[-81.69,30.0],[-81.76,30.07],[-81.76,30.08],[-81.76,30.09],[-81.77,30.1],[-81.77,30.11],[-81.77,30.12],[-81.76,30.13],[-81.75,30.14],[-81.75,30.15],[-81.75,30.16],[-81.75,30.17],[-81.74,30.18],[-81.74,30.19],[-81.73,30.19],[-81.71,30.19],[-81.7,30.19],[-81.69,30.19],[-81.68,30.19],[-81.68,30.18],[-81.69,30.17],[-81.69,30.16],[-81.69,30.14],[-81.69,30.13],[-81.68,30.12],[-81.68,30.11],[-81.68,30.1],[-81.68,30.09],[-81.68,30.08],[-81.69,30.07],[-81.69,30.06],[-81.69,30.04],[-81.69,30.03],[-81.69,30.02],[-81.68,30.02],[-81.68,30.01],[-81.67,30.01],[-81.62,29.98],[-81.61,29.97],[-81.6,29.96],[-81.6,29.95],[-81.6,29.94],[-81.61,29.92],[-81.61,29.91],[-81.61,29.9],[-81.6,29.88],[-81.58,29.84],[-81.63,29.84],[-81.66,29.84]]]]}},
{"type":"Feature","properties":{"ugc":"FLZ133","name":"Coastal St. Johns","state":"FL","wfo":"JAX"},"geometry":{"type":"MultiPolygon","coordinates":[[[[-81.44,30.24],[-81.44,30.25],[-81.43,30.25],[-81.42,30.25],[-81.38,30.25],[-81.37,30.22],[-81.36,30.16],[-81.35,30.15],[-81.35,30.14],[-81.35,30.13],[-81.35,30.12],[-81.34,30.11],[-81.34,30.1],[-81.34,30.09],[-81.34,30.08],[-81.33,30.07],[-81.33,30.06],[-81.33,30.05],[-81.33,30.04],[-81.32,30.03],[-81.32,30.02],[-81.33,30.02],[-81.33,30.01],[-81.33,30.0],[-81.32,29.99],[-81.33,29.99],[-81.33,29.98],[-81.34,29.97],[-81.33,29.97],[-81.33,29.96],[-81.32,29.96],[-81.32,29.95],[-81.31,29.95],[-81.31,29.96],[-81.3,29.96],[-81.3,29.94],[-81.3,29.93],[-81.31,29.93],[-81.31,29.92],[-81.31,29.91],[-81.31,29.9],[-81.31,29.89],[-81.31,29.88],[-81.32,29.88],[-81.32,29.87],[-81.31,29.87],[-81.31,29.86],[-81.31,29.85],[-81.3,29.84],[-81.31,29.84],[-81.31,29.83],[-81.3,29.83],[-81.3,29.82],[-81.29,29.81],[-81.29,29.8],[-81.28,29.8],[-81.28,29.79],[-81.28,29.78],[-81.28,29.77],[-81.27,29.77],[-81.27,29.76],[-81.26,29.76],[-81.26,29.75],[-81.25,29.75],[-81.24,29.74],[-81.23,29.72],[-81.23,29.71],[-81.24,29.72],[-81.25,29.73],[-81.25,29.72],[-81.25,29.71],[-81.24,29.71],[-81.24,29.7],[-81.23,29.7],[-81.22,29.7],[-81.22,29.69],[-81.22,29.68],[-81.21,29.67],[-81.22,29.67],[-81.23,29.67],[-81.23,29.66],[-81.24,29.67],[-81.24,29.66],[-81.25,29.66],[-81.26,29.67],[-81.27,29.66],[-81.28,29.65],[-81.29,29.66],[-81.32,29.68],[-81.32,29.69],[-81.33,29.7],[-81.33,29.71],[-81.34,29.73],[-81.35,29.76],[-81.38,29.83],[-81.38,29.84],[-81.39,29.85],[-81.39,29.86],[-81.4,29.86],[-81.4,29.87],[-81.4,29.88],[-81.4,29.89],[-81.41,29.9],[-81.41,29.91],[-81.41,29.92],[-81.42,29.93],[-81.43,29.95],[-81.45,29.97],[-81.49,30.04],[-81.5,30.1],[-81.48,30.1],[-81.47,30.11],[-81.44,30.11],[-81.43,30.11],[-81.43,30.14],[-81.44,30.23],[-81.44,30.24]],[[-81.43,30.25],[-81.43,30.24],[-81.42,30.24],[-81.43,30.25]],[[-81.42,30.24],[-81.4,30.15],[-81.41,30.21],[-81.42,30.24]],[[-81.35,29.99],[-81.34,29.99],[-81.34,30.0],[-81.34,30.01],[-81.35,30.01],[-81.35,30.0],[-81.35,29.99]],[[-81.35,30.01],[-81.35,30.02],[-81.35,30.03],[-81.36,30.03],[-81.36,30.02],[-81.35,30.01]],[[-81.36,30.03],[-81.36,30.04],[-81.36,30.05],[-81.37,30.05],[-81.37,30.04],[-81.37,30.03],[-81.36,30.03]],[[-81.36,30.05],[-81.35,30.06],[-81.36,30.06],[-81.36,30.05]],[[-81.36,30.06],[-81.36,30.07],[-81.37,30.06],[-81.36,30.06]],[[-81.36,30.07],[-81.36,30.08],[-81.36,30.09],[-81.36,30.1],[-81.37,30.1],[-81.37,30.09],[-81.37,30.08],[-81.37,30.07],[-81.36,30.07]],[[-81.37,30.1],[-81.36,30.11],[-81.37,30.11],[-81.37,30.1]],[[-81.37,30.11],[-81.36,30.12],[-81.37,30.12],[-81.37,30.11]],[[-81.32,29.89],[-81.32,29.9],[-81.32,29.91],[-81.33,29.92],[-81.33,29.91],[-81.33,29.9],[-81.33,29.89],[-81.32,29.89]],[[-81.32,29.93],[-81.31,29.94],[-81.32,29.94],[-81.32,29.93]]],[[[-81.29,29.81],[-81.29,29.82],[-81.29,29.83],[-81.3,29.83],[-81.3,29.84],[-81.3,29.85],[-81.3,29.86],[-81.31,29.86],[-81.3,29.87],[-81.31,29.87],[-81.31,29.88],[-81.3,29.88],[-81.3,29.89],[-81.29,29.89],[-81.29,29.9],[-81.29,29.91],[-81.28,29.91],[-81.28,29.9],[-81.27,29.89],[-81.27,29.88],[-81.27,29.87],[-81.27,29.86],[-81.26,29.86],[-81.26,29.85],[-81.26,29.84],[-81.26,29.83],[-81.26,29.82],[-81.26,29.81],[-81.26,29.79],[-81.26,29.78],[-81.27,29.78],[-81.27,29.79],[-81.27,29.8],[-81.28,29.81],[-81.29,29.81]],[[-81.29,29.89],[-81.28,29.88],[-81.28,29.89],[-81.29,29.89]]],[[[-81.23,29.7],[-81.24,29.71],[-81.23,29.71],[-81.23,29.7]]],[[[-81.24,29.71],[-81.25,29.72],[-81.24,29.72],[-81.24,29.71]]],[[[-81.31,29.9],[-81.3,29.9],[-81.3,29.89],[-81.31,29.9]]],[[[-81.29,29.91],[-81.3,29.91],[-81.3,29.92],[-81.3,29.93],[-81.29,29.93],[-81.29,29.92],[-81.29,29.91]]],[[[-81.32,29.96],[-81.33,29.97],[-81.33,29.98],[-81.32,29.99],[-81.32,30.0],[-81.31,29.99],[-81.31,29.98],[-81.31,29.97],[-81.31,29.96],[-81.32,29.96]]],[[[-81.32,30.01],[-81.32,30.0],[-81.33,30.0],[-81.32,30.01]]],[[[-81.26,29.78],[-81.25,29.77],[-81.25,29.76],[-81.26,29.77],[-81.26,29.78]]]]}},
{"type":"Feature","properties":{"ugc":"FLZ134","name":"Coastal Dixie","state":"FL","wfo":"TAE"},"geometry":{"type":"MultiPolygon","coordinates":[[[[-83.4,29.57],[-83.4,29.58],[-83.4,29.59],[-83.41,29.59],[-83.41,29.6],[-83.4,29.6],[-83.4,29.61],[-83.4,29.62],[-83.41,29.62],[-83.41,29.63],[-83.4,29.63],[-83.4,29.64],[-83.41,29.64],[-83.4,29.65],[-83.4,29.66],[-83.41,29.67],[-83.4,29.67],[-83.39,29.67],[-83.38,29.67],[-83.37,29.67],[-83.36,29.67],[-83.36,29.68],[-83.36,29.69],[-83.35,29.69],[-83.35,29.7],[-83.35,29.71],[-83.35,29.72],[-83.34,29.71],[-83.27,29.59],[-83.17,29.49],[-82.99,29.47],[-82.99,29.46],[-83.0,29.46],[-83.01,29.45],[-83.01,29.44],[-83.02,29.43],[-83.02,29.42],[-83.02,29.41],[-83.03,29.41],[-83.02,29.4],[-83.03,29.4],[-83.03,29.39],[-83.04,29.39],[-83.04,29.38],[-83.05,29.38],[-83.06,29.38],[-83.07,29.37],[-83.06,29.36],[-83.07,29.36],[-83.07,29.35],[-83.06,29.35],[-83.07,29.34],[-83.08,29.34],[-83.09,29.33],[-83.09,29.34],[-83.1,29.34],[-83.1,29.33],[-83.11,29.33],[-83.11,29.32],[-83.12,29.32],[-83.13,29.32],[-83.14,29.32],[-83.15,29.31],[-83.15,29.3],[-83.16,29.3],[-83.17,29.3],[-83.17,29.31],[-83.16,29.31],[-83.16,29.32],[-83.16,29.33],[-83.17,29.33],[-83.17,29.34],[-83.17,29.35],[-83.17,29.36],[-83.16,29.36],[-83.16,29.37],[-83.17,29.37],[-83.18,29.37],[-83.18,29.36],[-83.19,29.36],[-83.19,29.37],[-83.19,29.38],[-83.2,29.38],[-83.2,29.39],[-83.2,29.4],[-83.21,29.4],[-83.21,29.41],[-83.21,29.42],[-83.22,29.42],[-83.22,29.43],[-83.23,29.43],[-83.24,29.43],[-83.25,29.43],[-83.26,29.43],[-83.26,29.44],[-83.26,29.45],[-83.27,29.44],[-83.27,29.43],[-83.28,29.44],[-83.29,29.44],[-83.29,29.45],[-83.3,29.44],[-83.3,29.45],[-83.3,29.46],[-83.31,29.46],[-83.31,29.47],[-83.32,29.47],[-83.32,29.48],[-83.33,29.48],[-83.34,29.48],[-83.33,29.49],[-83.34,29.49],[-83.35,29.49],[-83.35,29.5],[-83.36,29.5],[-83.37,29.5],[-83.38,29.5],[-83.38,29.51],[-83.38,29.52],[-83.39,29.52],[-83.39,29.53],[-83.39,29.54],[-83.4,29.54],[-83.4,29.55],[-83.4,29.56],[-83.4,29.57]],[[-83.14,29.33],[-83.14,29.34],[-83.15,29.34],[-83.15,29.33],[-83.14,29.33]],[[-83.39,29.6],[-83.38,29.59],[-83.38,29.6],[-83.39,29.6]]],[[[-83.4,29.54],[-83.39,29.53],[-83.4,29.53],[-83.4,29.54]]],[[[-83.39,29.52],[-83.4,29.52],[-83.4,29.53],[-83.39,29.52]]],[[[-83.39,29.52],[-83.38,29.51],[-83.39,29.51],[-83.39,29.52]]],[[[-83.18,29.36],[-83.17,29.35],[-83.18,29.35],[-83.18,29.36]]]]}},
{"type":"Feature","properties":{"ugc":"FLZ136","name":"Eastern Alachua","state":"FL","wfo":"JAX"},"geometry":{"type":"MultiPolygon","coordinates":[[[[-82.5,29.94],[-82.49,29.94],[-82.48,29.94],[-82.48,29.93],[-82.47,29.93],[-82.46,29.93],[-82.45,29.93],[-82.44,29.93],[-82.43,29.93],[-82.43,29.92],[-82.42,29.92],[-82.41,29.92],[-82.41,29.91],[-82.41,29.9],[-82.4,29.9],[-82.4,29.89],[-82.39,29.88],[-82.38,29.88],[-82.37,29.88],[-82.36,29.88],[-82.35,29.88],[-82.34,29.88],[-82.33,29.88],[-82.33,29.87],[-82.32,29.87],[-82.31,29.87],[-82.31,29.86],[-82.31,29.85],[-82.3,29.85],[-82.29,29.85],[-82.28,29.85],[-82.28,29.84],[-82.27,29.84],[-82.27,29.85],[-82.26,29.85],[-82.25,29.85],[-82.24,29.85],[-82.23,29.85],[-82.21,29.85],[-82.2,29.85],[-82.19,29.85],[-82.18,29.84],[-82.17,29.84],[-82.16,29.84],[-82.15,29.84],[-82.14,29.84],[-82.13,29.83],[-82.13,29.82],[-82.12,29.82],[-82.12,29.81],[-82.12,29.8],[-82.12,29.79],[-82.11,29.79],[-82.11,29.78],[-82.1,29.78],[-82.09,29.78],[-82.08,29.78],[-82.08,29.77],[-82.08,29.76],[-82.07,29.76],[-82.06,29.75],[-82.06,29.74],[-82.05,29.74],[-82.05,29.73],[-82.05,29.72],[-82.05,29.71],[-82.05,29.69],[-82.05,29.67],[-82.06,29.66],[-82.06,29.65],[-82.06,29.59],[-82.06,29.55],[-82.06,29.51],[-82.06,29.47],[-82.06,29.46],[-82.06,29.45],[-82.06,29.44],[-82.07,29.44],[-82.08,29.44],[-82.09,29.44],[-82.09,29.43],[-82.1,29.43],[-82.1,29.44],[-82.11,29.44],[-82.11,29.43],[-82.12,29.43],[-82.13,29.43],[-82.14,29.43],[-82.14,29.42],[-82.15,29.42],[-82.16,29.43],[-82.17,29.43],[-82.17,29.42],[-82.18,29.42],[-82.19,29.42],[-82.2,29.42],[-82.2,29.43],[-82.21,29.43],[-82.21,29.44],[-82.21,29.45],[-82.22,29.46],[-82.21,29.46],[-82.2,29.46],[-82.2,29.47],[-82.21,29.47],[-82.21,29.48],[-82.22,29.48],[-82.29,29.48],[-82.3,29.5],[-82.31,29.52],[-82.33,29.54],[-82.35,29.56],[-82.37,29.6],[-82.4,29.64],[-82.43,29.67],[-82.47,29.72],[-82.48,29.74],[-82.49,29.75],[-82.5,29.76],[-82.51,29.78],[-82.52,29.79],[-82.51,29.81],[-82.52,29.83],[-82.54,29.86],[-82.55,29.9],[-82.56,29.93],[-82.55,29.93],[-82.54,29.93],[-82.53,29.93],[-82.53,29.94],[-82.52,29.95],[-82.52,29.94],[-82.51,29.95],[-82.51,29.94],[-82.5,29.94]],[[-82.2,29.46],[-82.19,29.45],[-82.19,29.46],[-82.2,29.46]]]]}},
{"type":"Feature","properties":{"ugc":"FLZ137","name":"Eastern Putnam","state":"FL","wfo":"JAX"},"geometry":{"type":"MultiPolygon","coordinates":[[[[-81.74,29.43],[-81.74,29.47],[-81.76,29.54],[-81.75,29.54],[-81.75,29.55],[-81.74,29.55],[-81.74,29.56],[-81.73,29.56],[-81.73,29.57],[-81.72,29.57],[-81.72,29.58],[-81.71,29.59],[-81.71,29.6],[-81.71,29.61],[-81.71,29.62],[-81.7,29.62],[-81.68,29.64],[-81.67,29.65],[-81.67,29.66],[-81.66,29.67],[-81.66,29.68],[-81.66,29.7],[-81.66,29.71],[-81.64,29.74],[-81.64,29.77],[-81.66,29.81],[-81.66,29.84],[-81.63,29.84],[-81.58,29.84],[-81.57,29.81],[-81.56,29.8],[-81.56,29.79],[-81.55,29.78],[-81.54,29.78],[-81.54,29.77],[-81.53,29.76],[-81.52,29.74],[-81.52,29.72],[-81.52,29.71],[-81.52,29.69],[-81.52,29.62],[-81.52,29.59],[-81.52,29.56],[-81.52,29.54],[-81.52,29.52],[-81.52,29.5],[-81.52,29.49],[-81.51,29.49],[-81.5,29.47],[-81.5,29.46],[-81.49,29.45],[-81.49,29.44],[-81.49,29.43],[-81.49,29.42],[-81.48,29.42],[-81.48,29.41],[-81.48,29.4],[-81.47,29.39],[-81.46,29.39],[-81.45,29.39],[-81.44,29.39],[-81.44,29.38],[-81.45,29.38],[-81.46,29.38],[-81.48,29.37],[-81.5,29.37],[-81.53,29.36],[-81.59,29.34],[-81.65,29.33],[-81.68,29.32],[-81.68,29.33],[-81.68,29.34],[-81.67,29.34],[-81.66,29.34],[-81.66,29.35],[-81.66,29.36],[-81.67,29.37],[-81.69,29.37],[-81.7,29.37],[-81.71,29.37],[-81.72,29.37],[-81.74,29.37],[-81.74,29.38],[-81.74,29.42],[-81.74,29.43]]]]}},
{"type":"Feature","properties":{"ugc":"FLZ138","name":"Coastal Flagler","state":"FL","wfo":"JAX"},"geometry":{"type":"MultiPolygon","coordinates":[[[[-81.25,29.66],[-81.24,29.66],[-81.23,29.66],[-81.22,29.66],[-81.22,29.67],[-81.21,29.67],[-81.21,29.66],[-81.21,29.65],[-81.2,29.64],[-81.2,29.63],[-81.19,29.63],[-81.19,29.62],[-81.19,29.61],[-81.18,29.6],[-81.18,29.59],[-81.17,29.58],[-81.17,29.57],[-81.17,29.56],[-81.16,29.56],[-81.16,29.55],[-81.16,29.54],[-81.15,29.53],[-81.15,29.52],[-81.145,29.51],[-81.14,29.5],[-81.13,29.5],[-81.13,29.49],[-81.13,29.48],[-81.12,29.48],[-81.12,29.47],[-81.11333333333333,29.45],[-81.12,29.45],[-81.12,29.44],[-81.1125,29.4475],[-81.11,29.44],[-81.11,29.43],[-81.12,29.42],[-81.14,29.42],[-81.15,29.42],[-81.15,29.41],[-81.16,29.41],[-81.18,29.48],[-81.2,29.51],[-81.21,29.54],[-81.24,29.6],[-81.26,29.63],[-81.27,29.64],[-81.27,29.65],[-81.28,29.65],[-81.27,29.66],[-81.26,29.67],[-81.25,29.66]],[[-81.21,29.65],[-81.22,29.65],[-81.23,29.65],[-81.23,29.64],[-81.22,29.64],[-81.22,29.63],[-81.22,29.62],[-81.21,29.62],[-81.21,29.63],[-81.21,29.64],[-81.21,29.65]],[[-81.16,29.54],[-81.17,29.55],[-81.17,29.54],[-81.16,29.53],[-81.16,29.54]],[[-81.14,29.5],[-81.15,29.51],[-81.15,29.5],[-81.14,29.5]],[[-81.12,29.45],[-81.13,29.45],[-81.13,29.44],[-81.12,29.45]],[[-81.19,29.58],[-81.19,29.59],[-81.2,29.59],[-81.19,29.58]],[[-81.2,29.59],[-81.2,29.6],[-81.2,29.61],[-81.21,29.6],[-81.21,29.59],[-81.2,29.59]],[[-81.21,29.59],[-81.22,29.59],[-81.22,29.58],[-81.21,29.58],[-81.21,29.59]],[[-81.19,29.58],[-81.21,29.57],[-81.21,29.56],[-81.2,29.56],[-81.2,29.57],[-81.19,29.58]]]]}},
{"type":"Feature","properties":{"ugc":"FLZ139","name":"Coastal Levy","state":"FL","wfo":"TBW"},"geometry":{"type":"MultiPolygon","coordinates":[[[[-83.15,29.3],[-83.15,29.31],[-83.14,29.31],[-83.14,29.32],[-83.13,29.32],[-83.12,29.32],[-83.11,29.32],[-83.1,29.32],[-83.1,29.33],[-83.09,29.33],[-83.09,29.34],[-83.08,29.34],[-83.07,29.34],[-83.06,29.35],[-83.07,29.35],[-83.07,29.36],[-83.06,29.36],[-83.06,29.37],[-83.06,29.38],[-83.05,29.38],[-83.04,29.38],[-83.04,29.39],[-83.03,29.39],[-83.03,29.4],[-83.02,29.4],[-83.03,29.41],[-83.02,29.41],[-83.02,29.42],[-83.02,29.43],[-83.01,29.44],[-83.01,29.45],[-83.0,29.46],[-82.99,29.46],[-82.99,29.47],[-82.98,29.46],[-82.88,29.37],[-82.77,29.27],[-82.68,29.16],[-82.66,29.06],[-82.64,29.02],[-82.65,29.02],[-82.66,29.02],[-82.67,29.02],[-82.67,29.03],[-82.68,29.03],[-82.69,29.03],[-82.7,29.03],[-82.71,29.03],[-82.72,29.03],[-82.72,29.02],[-82.73,29.02],[-82.73,29.01],[-82.74,29.01],[-82.75,29.01],[-82.75,29.02],[-82.74,29.02],[-82.74,29.03],[-82.74,29.04],[-82.75,29.04],[-82.75,29.05],[-82.75,29.06],[-82.76,29.05],[-82.76,29.06],[-82.77,29.06],[-82.78,29.07],[-82.77,29.08],[-82.77,29.09],[-82.78,29.08],[-82.79,29.08],[-82.79,29.09],[-82.8,29.08],[-82.81,29.08],[-82.81,29.09],[-82.82,29.09],[-82.82,29.1],[-82.81,29.1],[-82.8,29.1],[-82.79,29.1],[-82.8,29.11],[-82.79,29.11],[-82.79,29.12],[-82.8,29.12],[-82.81,29.12],[-82.81,29.13],[-82.81,29.14],[-82.8,29.14],[-82.8,29.15],[-82.81,29.15],[-82.81,29.16],[-82.82,29.16],[-82.83,29.16],[-82.83,29.15],[-82.84,29.16],[-82.85,29.16],[-82.86,29.16],[-82.87,29.16],[-82.88,29.16],[-82.88,29.17],[-82.89,29.17],[-82.9,29.17],[-82.91,29.17],[-82.92,29.17],[-82.93,29.17],[-82.94,29.17],[-82.95,29.17],[-82.96,29.17],[-82.97,29.17],[-82.97,29.18],[-82.98,29.18],[-82.99,29.18],[-83.0,29.18],[-83.0,29.17],[-83.01,29.17],[-83.02,29.17],[-83.03,29.17],[-83.04,29.17],[-83.04,29.18],[-83.05,29.18],[-83.06,29.18],[-83.05,29.19],[-83.06,29.19],[-83.07,29.19],[-83.07,29.2],[-83.07,29.21],[-83.06,29.21],[-83.06,29.22],[-83.07,29.22],[-83.07,29.23],[-83.06,29.23],[-83.05,29.24],[-83.06,29.24],[-83.07,29.24],[-83.08,29.25],[-83.08,29.26],[-83.08,29.27],[-83.09,29.27],[-83.1,29.27],[-83.11,29.27],[-83.11,29.28],[-83.12,29.28],[-83.13,29.28],[-83.13,29.29],[-83.13,29.3],[-83.14,29.29],[-83.15,29.29],[-83.15,29.3]],[[-82.97,29.18],[-82.96,29.18],[-82.96,29.19],[-82.97,29.19],[-82.97,29.18]],[[-83.1,29.29],[-83.09,29.29],[-83.09,29.3],[-83.1,29.3],[-83.1,29.29]],[[-83.09,29.29],[-83.08,29.28],[-83.07,29.28],[-83.07,29.29],[-83.08,29.29],[-83.09,29.29]],[[-82.79,29.18],[-82.79,29.17],[-82.78,29.17],[-82.78,29.18],[-82.78,29.19],[-82.79,29.18]],[[-82.78,29.19],[-82.77,29.19],[-82.77,29.2],[-82.78,29.19]],[[-83.12,29.3],[-83.11,29.3],[-83.11,29.31],[-83.12,29.31],[-83.12,29.3]]],[[[-83.16,29.29],[-83.16,29.3],[-83.15,29.3],[-83.16,29.29]]],[[[-82.75,29.01],[-82.75,29.0],[-82.76,29.0],[-82.76,29.01],[-82.76,29.02],[-82.75,29.01]]],[[[-82.75,29.04],[-82.76,29.03],[-82.76,29.04],[-82.75,29.04]]],[[[-82.78,29.07],[-82.79,29.07],[-82.79,29.08],[-82.78,29.07]]],[[[-82.81,29.08],[-82.81,29.07],[-82.82,29.07],[-82.82,29.08],[-82.81,29.08]]],[[[-83.02,29.16],[-83.03,29.16],[-83.03,29.17],[-83.02,29.16]]],[[[-83.03,29.14],[-83.03,29.13],[-83.04,29.13],[-83.04,29.14],[-83.03,29.14]]],[[[-83.04,29.14],[-83.05,29.14],[-83.05,29.15],[-83.05,29.16],[-83.06,29.16],[-83.06,29.17],[-83.06,29.18],[-83.05,29.17],[-83.04,29.16],[-83.04,29.15],[-83.04,29.14]]],[[[-83.06,29.16],[-83.07,29.15],[-83.07,29.16],[-83.06,29.16]]],[[[-83.08,29.2],[-83.08,29.21],[-83.07,29.21],[-83.08,29.2]]],[[[-83.08,29.22],[-83.09,29.22],[-83.08,29.23],[-83.08,29.22]]],[[[-83.09,29.13],[-83.08,29.13],[-83.08,29.12],[-83.09,29.12],[-83.09,29.13]]]]}},
{"type":"Feature","properties":{"ugc":"FLZ140","name":"Eastern Marion","state":"FL","wfo":"JAX"},"geometry":{"type":"MultiPolygon","coordinates":[[[[-81.87,29.52],[-81.86,29.52],[-81.85,29.52],[-81.84,29.52],[-81.84,29.51],[-81.84,29.5],[-81.84,29.49],[-81.83,29.49],[-81.81,29.49],[-81.79,29.49],[-81.78,29.49],[-81.77,29.43],[-81.76,29.43],[-81.74,29.43],[-81.74,29.42],[-81.74,29.38],[-81.74,29.37],[-81.72,29.37],[-81.71,29.37],[-81.7,29.37],[-81.69,29.37],[-81.67,29.37],[-81.66,29.36],[-81.66,29.35],[-81.66,29.34],[-81.67,29.34],[-81.68,29.34],[-81.68,29.33],[-81.68,29.32],[-81.68,29.31],[-81.67,29.31],[-81.67,29.3],[-81.66,29.3],[-81.65,29.3],[-81.65,29.29],[-81.65,29.28],[-81.64,29.28],[-81.64,29.27],[-81.64,29.19],[-81.64,29.13],[-81.64,29.06],[-81.64,29.05],[-81.65,29.05],[-81.66,29.05],[-81.66,29.04],[-81.66,29.0],[-81.66,28.96],[-81.67,28.96],[-81.68,28.96],[-81.7,28.96],[-81.72,28.96],[-81.76,28.96],[-81.8,28.96],[-81.82,28.96],[-81.83,28.96],[-81.84,28.96],[-81.84,28.97],[-81.84,28.98],[-81.84,28.99],[-81.84,29.0],[-81.84,29.01],[-81.84,29.02],[-81.85,29.03],[-81.85,29.04],[-81.86,29.05],[-81.86,29.06],[-81.86,29.07],[-81.87,29.07],[-81.88,29.07],[-81.89,29.08],[-81.9,29.08],[-81.91,29.09],[-81.92,29.1],[-81.92,29.11],[-81.93,29.12],[-81.93,29.13],[-81.94,29.13],[-81.95,29.13],[-81.95,29.14],[-81.96,29.14],[-81.97,29.15],[-81.98,29.15],[-81.98,29.16],[-81.98,29.17],[-81.99,29.17],[-81.99,29.18],[-81.99,29.2],[-81.99,29.21],[-81.99,29.22],[-81.98,29.22],[-81.98,29.23],[-81.97,29.23],[-81.97,29.24],[-81.97,29.25],[-81.96,29.25],[-81.96,29.26],[-81.95,29.26],[-81.94,29.27],[-81.93,29.28],[-81.92,29.29],[-81.92,29.3],[-81.91,29.31],[-81.9,29.32],[-81.89,29.32],[-81.89,29.33],[-81.89,29.34],[-81.89,29.35],[-81.89,29.36],[-81.9,29.37],[-81.9,29.38],[-81.9,29.39],[-81.91,29.4],[-81.92,29.41],[-81.92,29.42],[-81.93,29.42],[-81.93,29.43],[-81.93,29.44],[-81.93,29.45],[-81.92,29.46],[-81.92,29.47],[-81.92,29.48],[-81.91,29.48],[-81.91,29.49],[-81.92,29.5],[-81.91,29.5],[-81.91,29.51],[-81.9,29.52],[-81.89,29.51],[-81.88,29.51],[-81.87,29.52]]]]}},
{"type":"Feature","properties":{"ugc":"FLZ141","name":"Coastal Volusia","state":"FL","wfo":"MLB"},"geometry":{"type":"MultiPolygon","coordinates":[[[[-81.11,29.43],[-81.1,29.43],[-81.09,29.41],[-81.09,29.4],[-81.08,29.38],[-81.09,29.38],[-81.09,29.36],[-81.09,29.35],[-81.08,29.35],[-81.08,29.34],[-81.08,29.33],[-81.07,29.31],[-81.06,29.31],[-81.06,29.32],[-81.07,29.33],[-81.08,29.37],[-81.06,29.33],[-81.05,29.32],[-81.05,29.31],[-81.04,29.29],[-81.03,29.28],[-81.03,29.27],[-81.02,29.26],[-81.02,29.25],[-81.01,29.24],[-81.01,29.23],[-81.01,29.22],[-81.02,29.23],[-81.02,29.22],[-81.02,29.21],[-81.01,29.2],[-81.01,29.19],[-81.0,29.19],[-81.0,29.18],[-81.0,29.17],[-80.99,29.16],[-80.99,29.15],[-80.99,29.14],[-80.98,29.14],[-80.98,29.13],[-80.98,29.12],[-80.97,29.12],[-80.96,29.12],[-80.96,29.13],[-80.95,29.12],[-80.94,29.11],[-80.94,29.1],[-80.93,29.09],[-80.94,29.09],[-80.94,29.08],[-80.93,29.08],[-80.93,29.07],[-80.93,29.06],[-80.92,29.06],[-80.92,29.07],[-80.91,29.07],[-80.91,29.06],[-80.9,29.06],[-80.9,29.05],[-80.91,29.05],[-80.91,29.04],[-80.91,29.03],[-80.9,29.04],[-80.89,29.04],[-80.88,29.01],[-80.87,29.0],[-80.87,28.99],[-80.86,28.99],[-80.86,28.98],[-80.86,28.97],[-80.85,28.97],[-80.85,28.96],[-80.86,28.96],[-80.86,28.95],[-80.86,28.94],[-80.85,28.94],[-80.85,28.95],[-80.84,28.95],[-80.83,28.94],[-80.83,28.93],[-80.83,28.92],[-80.83,28.91],[-80.82,28.9],[-80.82,28.89],[-80.83,28.88],[-80.84,28.88],[-80.84,28.87],[-80.83,28.87],[-80.82,28.86],[-80.82,28.85],[-80.82,28.84],[-80.82,28.83],[-80.81,28.83],[-80.81,28.82],[-80.8,28.82],[-80.8,28.81],[-80.79,28.8],[-80.79,28.79],[-80.8,28.79],[-80.81,28.79],[-80.84,28.79],[-80.84,28.8],[-80.85,28.8],[-80.85,28.79],[-80.87,28.79],[-80.9,28.79],[-80.92,28.84],[-80.92,28.87],[-80.94,28.93],[-80.96,28.96],[-81.01,29.04],[-81.01,29.06],[-81.03,29.11],[-81.06,29.13],[-81.08,29.16],[-81.15,29.27],[-81.15,29.35],[-81.15,29.39],[-81.16,29.41],[-81.15,29.41],[-81.15,29.42],[-81.14,29.42],[-81.12,29.42],[-81.11,29.43]],[[-81.02,29.23],[-81.02,29.24],[-81.03,29.25],[-81.03,29.26],[-81.04,29.26],[-81.04,29.25],[-81.04,29.24],[-81.03,29.24],[-81.03,29.23],[-81.02,29.23]],[[-81.04,29.26],[-81.04,29.27],[-81.04,29.28],[-81.05,29.29],[-81.05,29.28],[-81.05,29.27],[-81.04,29.26]],[[-81.05,29.29],[-81.05,29.3],[-81.06,29.3],[-81.06,29.29],[-81.05,29.29]],[[-80.96,29.12],[-80.96,29.11],[-80.95,29.1],[-80.95,29.11],[-80.96,29.12]],[[-80.86,28.94],[-80.87,28.95],[-80.87,28.94],[-80.86,28.94]],[[-80.87,28.95],[-80.87,28.96],[-80.87,28.97],[-80.88,28.97],[-80.89,28.97],[-80.89,28.96],[-80.88,28.96],[-80.88,28.95],[-80.87,28.95]],[[-80.84,28.88],[-80.84,28.89],[-80.85,28.89],[-80.85,28.88],[-80.84,28.88]],[[-80.82,28.85],[-80.83,28.86],[-80.83,28.85],[-80.82,28.85]],[[-80.89,28.98],[-80.89,28.99],[-80.9,28.99],[-80.89,28.98]],[[-80.9,28.99],[-80.89,29.0],[-80.9,29.0],[-80.9,29.01],[-80.91,29.01],[-80.91,29.0],[-80.9,28.99]],[[-81.11,29.41],[-81.1,29.41],[-81.1,29.42],[-81.11,29.42],[-81.11,29.41]],[[-80.85,28.9],[-80.85,28.91],[-80.86,28.91],[-80.85,28.9]]],[[[-81.0,29.19],[-81.0,29.2],[-81.0,29.21],[-80.99,29.2],[-80.98,29.18],[-80.98,29.17],[-80.97,29.15],[-80.98,29.16],[-80.99,29.17],[-80.99,29.18],[-81.0,29.19]]],[[[-80.97,29.15],[-80.965,29.14],[-80.96,29.13],[-80.97,29.13],[-80.97,29.14],[-80.97,29.15]]],[[[-81.0,29.21],[-81.01,29.21],[-81.01,29.22],[-81.0,29.22],[-81.0,29.21]]],[[[-80.85,28.96],[-80.84,28.96],[-80.84,28.95],[-80.85,28.96]]],[[[-80.82,28.9],[-80.82,28.91],[-80.82,28.92],[-80.8,28.9],[-80.8,28.89],[-80.81,28.89],[-80.81,28.9],[-80.82,28.9]]],[[[-80.8,28.89],[-80.79,28.88],[-80.8,28.88],[-80.8,28.89]]],[[[-80.79,28.88],[-80.7825,28.87],[-80.79,28.87],[-80.79,28.88]]],[[[-80.78,28.86666666666666],[-80.76,28.84],[-80.76,28.83],[-80.75,28.82],[-80.75,28.81],[-80.76,28.81],[-80.76,28.82],[-80.77,28.82],[-80.78,28.82],[-80.78,28.83],[-80.77,28.83],[-80.77,28.84],[-80.78,28.84],[-80.78,28.85],[-80.78,28.86],[-80.78,28.86666666666666]]],[[[-80.75,28.81],[-80.74,28.81],[-80.74,28.8],[-80.75,28.81]]],[[[-80.74,28.8],[-80.73,28.79],[-80.74,28.79],[-80.75,28.79],[-80.75,28.8],[-80.74,28.8]]]]}},
{"type":"Feature","properties":{"ugc":"FLZ142","name":"Coastal Citrus","state":"FL","wfo":"TBW"},"geometry":{"type":"MultiPolygon","coordinates":[[[[-82.76,29.0],[-82.75,29.0],[-82.75,29.01],[-82.74,29.01],[-82.73,29.01],[-82.73,29.02],[-82.72,29.02],[-82.72,29.03],[-82.71,29.03],[-82.7,29.03],[-82.69,29.03],[-82.68,29.03],[-82.67,29.03],[-82.67,29.02],[-82.66,29.02],[-82.65,29.02],[-82.64,29.02],[-82.59,28.9],[-82.58,28.89],[-82.58,28.87],[-82.58,28.83],[-82.58,28.82],[-82.58,28.81],[-82.58,28.8],[-82.57,28.79],[-82.55,28.78],[-82.55,28.76],[-82.55,28.72],[-82.55,28.69],[-82.57,28.69],[-82.6,28.69],[-82.6,28.7],[-82.61,28.7],[-82.61,28.69],[-82.62,28.69],[-82.63,28.7],[-82.64,28.7],[-82.65,28.7],[-82.64,28.71],[-82.65,28.71],[-82.65,28.72],[-82.65,28.73],[-82.64,28.73],[-82.64,28.74],[-82.65,28.74],[-82.65,28.75],[-82.65,28.76],[-82.66,28.76],[-82.67,28.76],[-82.68,28.75],[-82.68,28.76],[-82.68,28.77],[-82.67,28.77],[-82.67,28.78],[-82.68,28.78],[-82.68,28.79],[-82.68,28.8],[-82.69,28.81],[-82.69,28.8],[-82.7,28.8],[-82.7,28.81],[-82.69,28.82],[-82.7,28.82],[-82.7,28.83],[-82.71,28.83],[-82.72,28.83],[-82.73,28.83],[-82.74,28.84],[-82.73,28.84],[-82.73,28.85],[-82.72,28.85],[-82.72,28.86],[-82.71,28.86],[-82.7,28.86],[-82.69,28.86],[-82.69,28.85],[-82.68,28.86],[-82.68,28.85],[-82.67,28.85],[-82.66,28.85],[-82.67,28.84],[-82.66,28.84],[-82.65,28.84],[-82.65,28.85],[-82.65,28.86],[-82.64,28.85],[-82.64,28.86],[-82.64,28.87],[-82.65,28.87],[-82.65,28.88],[-82.66,28.88],[-82.66,28.89],[-82.66,28.9],[-82.67,28.9],[-82.67,28.89],[-82.67,28.88],[-82.67,28.87],[-82.68,28.87],[-82.68,28.88],[-82.68,28.89],[-82.69,28.89],[-82.69,28.9],[-82.68,28.9],[-82.68,28.91],[-82.69,28.92],[-82.68,28.92],[-82.68,28.93],[-82.69,28.93],[-82.69,28.94],[-82.7,28.94],[-82.7,28.93],[-82.71,28.93],[-82.71,28.94],[-82.71,28.95],[-82.72,28.95],[-82.72,28.96],[-82.73,28.96],[-82.73,28.97],[-82.73,28.98],[-82.73,28.99],[-82.73,29.0],[-82.74,29.0],[-82.75,28.99],[-82.76,28.99],[-82.76,29.0]],[[-82.59,28.9],[-82.6,28.9],[-82.61,28.9],[-82.61,28.89],[-82.6,28.89],[-82.59,28.9]],[[-82.61,28.9],[-82.62,28.91],[-82.62,28.9],[-82.61,28.9]],[[-82.6,28.89],[-82.6,28.88],[-82.59,28.88],[-82.59,28.89],[-82.6,28.89]],[[-82.61,28.7],[-82.61,28.71],[-82.62,28.72],[-82.62,28.71],[-82.63,28.71],[-82.62,28.7],[-82.61,28.7]],[[-82.61,28.71],[-82.6,28.71],[-82.6,28.72],[-82.61,28.72],[-82.61,28.71]],[[-82.65,28.76],[-82.64,28.76],[-82.64,28.77],[-82.65,28.77],[-82.65,28.76]],[[-82.67,28.77],[-82.66,28.77],[-82.66,28.78],[-82.67,28.77]],[[-82.72,28.85],[-82.71,28.84],[-82.71,28.85],[-82.72,28.85]],[[-82.65,28.88],[-82.64,28.88],[-82.65,28.89],[-82.65,28.88]],[[-82.65,28.89],[-82.64,28.89],[-82.64,28.9],[-82.65,28.9],[-82.65,28.89]],[[-82.7,28.94],[-82.69,28.95],[-82.7,28.95],[-82.7,28.94]],[[-82.63,28.91],[-82.64,28.91],[-82.63,28.9],[-82.63,28.91]],[[-82.63,28.9],[-82.63,28.89],[-82.62,28.89],[-82.63,28.9]],[[-82.65,28.8],[-82.65,28.79],[-82.64,28.79],[-82.64,28.8],[-82.65,28.8]],[[-82.65,28.79],[-82.66,28.8],[-82.66,28.79],[-82.65,28.79]],[[-82.66,28.79],[-82.67,28.8],[-82.67,28.79],[-82.66,28.79]],[[-82.64,28.79],[-82.64,28.78],[-82.63,28.78],[-82.63,28.79],[-82.64,28.79]],[[-82.66,28.82],[-82.66,28.83],[-82.67,28.83],[-82.67,28.82],[-82.66,28.82]],[[-82.67,28.82],[-82.68,28.83],[-82.68,28.82],[-82.67,28.82]],[[-82.64,28.83],[-82.65,28.83],[-82.65,28.82],[-82.64,28.82],[-82.64,28.83]],[[-82.61,28.79],[-82.6,28.79],[-82.6,28.8],[-82.61,28.8],[-82.61,28.79]]],[[[-82.73,28.99],[-82.74,28.98],[-82.74,28.99],[-82.73,28.99]]],[[[-82.7,28.93],[-82.69,28.93],[-82.69,28.92],[-82.7,28.92],[-82.7,28.93]]],[[[-82.68,28.87],[-82.68,28.86],[-82.69,28.86],[-82.69,28.87],[-82.68,28.87]]],[[[-82.73,28.81],[-82.72,28.82],[-82.72,28.81],[-82.73,28.81]]],[[[-82.71,28.82],[-82.7,28.81],[-82.71,28.81],[-82.71,28.82]]],[[[-82.68,28.79],[-82.69,28.78],[-82.7,28.78],[-82.7,28.79],[-82.69,28.79],[-82.68,28.79]]],[[[-82.68,28.78],[-82.68,28.77],[-82.69,28.77],[-82.68,28.78]]],[[[-82.68,28.73],[-82.67,28.73],[-82.66,28.74],[-82.66,28.73],[-82.65,28.72],[-82.66,28.72],[-82.66,28.71],[-82.67,28.71],[-82.67,28.72],[-82.68,28.72],[-82.68,28.73]]],[[[-82.68,28.72],[-82.67,28.71],[-82.68,28.71],[-82.68,28.72]]],[[[-82.66,28.73],[-82.65,28.74],[-82.65,28.73],[-82.66,28.73]]],[[[-82.65,28.71],[-82.65,28.7],[-82.66,28.71],[-82.65,28.71]]],[[[-82.66,28.87],[-82.65,28.87],[-82.65,28.86],[-82.66,28.86],[-82.66,28.87]]],[[[-82.71,28.86],[-82.71,28.87],[-82.7,28.87],[-82.71,28.86]]]]}},
{"type":"Feature","properties":{"ugc":"FLZ144","name":"Southern Lake County","state":"FL","wfo":"MLB"},"geometry":{"type":"MultiPolygon","coordinates":[[[[-81.66,28.37],[-81.66,28.35],[-81.72,28.35],[-81.79,28.35],[-81.79,28.36],[-81.82,28.36],[-81.86,28.36],[-81.86,28.35],[-81.88,28.35],[-81.96,28.35],[-81.96,28.38],[-81.96,28.41],[-81.96,28.42],[-81.96,28.43],[-81.96,28.5],[-81.95,28.52],[-81.95,28.53],[-81.95,28.55],[-81.95,28.56],[-81.95,28.58],[-81.95,28.59],[-81.95,28.6],[-81.95,28.63],[-81.95,28.64],[-81.95,28.66],[-81.95,28.72],[-81.95,28.73],[-81.95,28.74],[-81.95,28.75],[-81.95,28.77],[-81.95,28.78],[-81.66,28.78],[-81.66,28.75],[-81.66,28.65],[-81.66,28.61],[-81.66,28.59],[-81.65,28.59],[-81.65,28.58],[-81.65,28.57],[-81.66,28.57],[-81.66,28.56],[-81.66,28.52],[-81.66,28.51],[-81.66,28.49],[-81.66,28.45],[-81.66,28.38],[-81.66,28.37]]]]}},
{"type":"Feature","properties":{"ugc":"FLZ148","name":"Coastal Hernando","state":"FL","wfo":"TBW"},"geometry":{"type":"MultiPolygon","coordinates":[[[[-82.68,28.46],[-82.68,28.47],[-82.67,28.47],[-82.67,28.48],[-82.66,28.48],[-82.66,28.49],[-82.67,28.49],[-82.66,28.5],[-82.65,28.5],[-82.65,28.51],[-82.66,28.52],[-82.67,28.53],[-82.66,28.53],[-82.65,28.53],[-82.64,28.53],[-82.64,28.54],[-82.65,28.54],[-82.66,28.54],[-82.66,28.55],[-82.65,28.55],[-82.65,28.56],[-82.65,28.57],[-82.66,28.57],[-82.66,28.58],[-82.65,28.58],[-82.64,28.58],[-82.64,28.59],[-82.64,28.6],[-82.65,28.6],[-82.66,28.6],[-82.66,28.61],[-82.65,28.61],[-82.65,28.62],[-82.65,28.63],[-82.65,28.64],[-82.66,28.64],[-82.66,28.65],[-82.66,28.66],[-82.65,28.66],[-82.65,28.67],[-82.66,28.67],[-82.66,28.68],[-82.65,28.68],[-82.64,28.68],[-82.64,28.69],[-82.63,28.69],[-82.63,28.7],[-82.62,28.69],[-82.61,28.69],[-82.61,28.7],[-82.6,28.69],[-82.57,28.69],[-82.55,28.69],[-82.55,28.64],[-82.55,28.6],[-82.57,28.52],[-82.57,28.51],[-82.58,28.51],[-82.6,28.43],[-82.61,28.43],[-82.64,28.43],[-82.65,28.43],[-82.67,28.43],[-82.67,28.44],[-82.67,28.45],[-82.66,28.46],[-82.67,28.46],[-82.68,28.46]]],[[[-82.64,28.69],[-82.65,28.69],[-82.65,28.7],[-82.64,28.7],[-82.64,28.69]]],[[[-82.66,28.68],[-82.67,28.68],[-82.67,28.69],[-82.66,28.69],[-82.66,28.68]]]]}},
{"type":"Feature","properties":{"ugc":"FLZ149","name":"Coastal Pasco","state":"FL","wfo":"TBW"},"geometry":{"type":"MultiPolygon","coordinates":[[[[-82.8,28.18],[-82.8,28.19],[-82.79,28.19],[-82.79,28.2],[-82.78,28.2],[-82.78,28.21],[-82.77,28.21],[-82.76,28.21],[-82.76,28.22],[-82.75,28.22],[-82.75,28.23],[-82.76,28.23],[-82.76,28.24],[-82.75,28.24],[-82.74,28.24],[-82.74,28.25],[-82.73,28.25],[-82.73,28.26],[-82.74,28.26],[-82.74,28.27],[-82.73,28.27],[-82.72,28.26],[-82.72,28.27],[-82.72,28.28],[-82.73,28.28],[-82.73,28.29],[-82.73,28.3],[-82.74,28.3],[-82.74,28.31],[-82.73,28.31],[-82.72,28.31],[-82.72,28.32],[-82.73,28.32],[-82.73,28.33],[-82.72,28.33],[-82.71,28.33],[-82.71,28.34],[-82.72,28.34],[-82.72,28.35],[-82.72,28.36],[-82.71,28.36],[-82.71,28.37],[-82.7,28.37],[-82.7,28.38],[-82.71,28.38],[-82.71,28.39],[-82.71,28.4],[-82.7,28.4],[-82.69,28.41],[-82.7,28.41],[-82.69,28.42],[-82.68,28.42],[-82.68,28.43],[-82.67,28.43],[-82.65,28.43],[-82.64,28.43],[-82.61,28.43],[-82.6,28.43],[-82.6,28.41],[-82.62,28.38],[-82.61,28.37],[-82.61,28.35],[-82.61,28.34],[-82.61,28.31],[-82.62,28.27],[-82.63,28.23],[-82.65,28.17],[-82.66,28.17],[-82.72,28.17],[-82.73,28.17],[-82.74,28.17],[-82.76,28.17],[-82.78,28.17],[-82.79,28.17],[-82.79,28.18],[-82.8,28.18]]],[[[-82.75,28.24],[-82.75,28.25],[-82.76,28.25],[-82.76,28.26],[-82.75,28.26],[-82.74,28.26],[-82.74,28.25],[-82.75,28.24]]]]}},
{"type":"Feature","properties":{"ugc":"FLZ151","name":"Coastal Hillsborough","state":"FL","wfo":"TBW"},"geometry":{"type":"MultiPolygon","coordinates":[[[[-82.64,28.02],[-82.65,28.02],[-82.65,28.17],[-82.63,28.16],[-82.62,28.15],[-82.61,28.13],[-82.59,28.1],[-82.56,28.08],[-82.54,28.07],[-82.5,28.07],[-82.46,28.08],[-82.42,28.07],[-82.37,28.04],[-82.36,28.03],[-82.34,27.99],[-82.33,27.94],[-82.33,27.93],[-82.34,27.92],[-82.34,27.91],[-82.34,27.9],[-82.35,27.89],[-82.35,27.88],[-82.35,27.86],[-82.35,27.85],[-82.35,27.84],[-82.35,27.83],[-82.36,27.8],[-82.36,27.77],[-82.38,27.75],[-82.38,27.74],[-82.38,27.72],[-82.39,27.71],[-82.41,27.7],[-82.42,27.7],[-82.42,27.69],[-82.43,27.67],[-82.43,27.68],[-82.44,27.68],[-82.44,27.67],[-82.44,27.66],[-82.45,27.65],[-82.46,27.65],[-82.5,27.65],[-82.55,27.65],[-82.55,27.66],[-82.54,27.66],[-82.54,27.67],[-82.53,27.67],[-82.53,27.68],[-82.52,27.68],[-82.52,27.69],[-82.52,27.7],[-82.515,27.695],[-82.51,27.7],[-82.5,27.7],[-82.5,27.71],[-82.49,27.71],[-82.48,27.72],[-82.47,27.73],[-82.47,27.74],[-82.48,27.74],[-82.48,27.75],[-82.47,27.75],[-82.46,27.74],[-82.46,27.75],[-82.45,27.75],[-82.45,27.76],[-82.44,27.76],[-82.43,27.76],[-82.42,27.77],[-82.43,27.77],[-82.44,27.77],[-82.44,27.78],[-82.43,27.78],[-82.43,27.79],[-82.42,27.79],[-82.41,27.79],[-82.41,27.8],[-82.41,27.81],[-82.4,27.81],[-82.39,27.81],[-82.39,27.82],[-82.39,27.83],[-82.38,27.83],[-82.38,27.84],[-82.39,27.84],[-82.39,27.85],[-82.39,27.86],[-82.4,27.85],[-82.4,27.86],[-82.4,27.87],[-82.4,27.88],[-82.4,27.89],[-82.41,27.89],[-82.41,27.9],[-82.42,27.9],[-82.43,27.9],[-82.43,27.91],[-82.44,27.91],[-82.44,27.92],[-82.45,27.92],[-82.45,27.91],[-82.46,27.91],[-82.46,27.92],[-82.46,27.93],[-82.45,27.93],[-82.46,27.94],[-82.47,27.94],[-82.47,27.93],[-82.48,27.93],[-82.49,27.92],[-82.49,27.91],[-82.49,27.9],[-82.49,27.89],[-82.48,27.89],[-82.48,27.88],[-82.49,27.88],[-82.49,27.87],[-82.49,27.86],[-82.48,27.86],[-82.48,27.85],[-82.47,27.85],[-82.47,27.84],[-82.47,27.83],[-82.47,27.82],[-82.48,27.82],[-82.49,27.82],[-82.5,27.82],[-82.5,27.83],[-82.51,27.83],[-82.52,27.83],[-82.53,27.83],[-82.54,27.84],[-82.54,27.85],[-82.55,27.86],[-82.54,27.86],[-82.54,27.87],[-82.53,27.87],[-82.53,27.88],[-82.53,27.89],[-82.53,27.9],[-82.53,27.91],[-82.53,27.92],[-82.53,27.93],[-82.53,27.94],[-82.54,27.94],[-82.54,27.95],[-82.54,27.96],[-82.55,27.96],[-82.55,27.97],[-82.56,27.97],[-82.56,27.98],[-82.57,27.98],[-82.58,27.98],[-82.59,27.98],[-82.6,27.98],[-82.61,27.98],[-82.61,27.99],[-82.62,27.99],[-82.62,28.0],[-82.61,28.0],[-82.62,28.01],[-82.63,28.01],[-82.63,28.0],[-82.64,28.01],[-82.64,28.02]],[[-82.44,27.68],[-82.44,27.69],[-82.45,27.69],[-82.45,27.68],[-82.44,27.68]],[[-82.52,27.68],[-82.52,27.67],[-82.51,27.67],[-82.51,27.68],[-82.52,27.68]],[[-82.48,27.72],[-82.48,27.71],[-82.47,27.71],[-82.46,27.71],[-82.45,27.72],[-82.46,27.72],[-82.47,27.72],[-82.48,27.72]],[[-82.46,27.71],[-82.46,27.7],[-82.45,27.7],[-82.45,27.71],[-82.46,27.71]],[[-82.42,27.77],[-82.41,27.77],[-82.42,27.78],[-82.42,27.77]],[[-82.43,27.91],[-82.42,27.92],[-82.42,27.93],[-82.41,27.93],[-82.41,27.94],[-82.41,27.95],[-82.42,27.95],[-82.43,27.95],[-82.43,27.94],[-82.43,27.93],[-82.43,27.91]],[[-82.45,27.93],[-82.44,27.94],[-82.45,27.94],[-82.45,27.93]],[[-82.6,27.98],[-82.59,27.99],[-82.59,28.0],[-82.6,27.99],[-82.6,27.98]],[[-82.61,28.0],[-82.6,28.0],[-82.6,28.01],[-82.61,28.0]],[[-82.63,28.02],[-82.62,28.02],[-82.62,28.03],[-82.63,28.03],[-82.63,28.02]],[[-82.37,27.86],[-82.38,27.86],[-82.38,27.85],[-82.37,27.85],[-82.37,27.86]]],[[[-82.42,27.8],[-82.43,27.81],[-82.42,27.81],[-82.42,27.8]]],[[[-82.76,27.58],[-82.77,27.58],[-82.77,27.59],[-82.77,27.6],[-82.76,27.6],[-82.76,27.59],[-82.76,27.58]]]]}},
{"type":"Feature","properties":{"ugc":"FLZ154","name":"Coastal Indian River","state":"FL","wfo":"MLB"},"geometry":{"type":"MultiPolygon","coordinates":[[[[-80.49,27.85],[-80.48,27.84],[-80.48,27.83],[-80.47,27.83],[-80.47,27.82],[-80.47,27.81],[-80.46,27.81],[-80.46,27.8],[-80.45,27.79],[-80.45,27.78],[-80.44,27.78],[-80.44,27.77],[-80.44,27.76],[-80.43,27.76],[-80.43,27.75],[-80.43,27.74],[-80.42,27.74],[-80.42,27.73],[-80.41,27.73],[-80.41,27.74],[-80.41,27.75],[-80.42,27.76],[-80.42,27.77],[-80.42,27.78],[-80.43,27.78],[-80.43,27.79],[-80.42,27.79],[-80.42,27.8],[-80.41,27.79],[-80.41,27.78],[-80.4,27.78],[-80.4,27.77],[-80.4,27.76],[-80.39,27.76],[-80.39,27.75],[-80.39,27.74],[-80.4,27.74],[-80.4,27.73],[-80.4,27.72],[-80.41,27.72],[-80.41,27.71],[-80.4,27.71],[-80.4,27.7],[-80.39,27.69],[-80.39,27.68],[-80.39,27.67],[-80.38,27.67],[-80.38,27.68],[-80.38,27.69],[-80.38,27.7],[-80.38,27.71],[-80.37,27.71],[-80.37,27.7],[-80.37,27.69],[-80.36,27.69],[-80.36,27.68],[-80.36,27.67],[-80.36,27.66],[-80.35,27.65],[-80.35,27.64],[-80.35,27.63],[-80.35,27.62],[-80.36,27.62],[-80.36,27.63],[-80.36,27.64],[-80.36,27.65],[-80.37,27.65],[-80.37,27.66],[-80.38,27.66],[-80.38,27.65],[-80.38,27.64],[-80.37,27.63],[-80.38,27.63],[-80.37,27.62],[-80.37,27.61],[-80.37,27.6],[-80.36,27.59],[-80.36,27.58],[-80.36,27.57],[-80.36,27.56],[-80.37,27.56],[-80.38,27.56],[-80.39,27.56],[-80.41,27.56],[-80.43,27.56],[-80.44,27.56],[-80.48,27.56],[-80.49,27.57],[-80.52,27.62],[-80.51,27.63],[-80.53,27.66],[-80.54,27.71],[-80.55,27.76],[-80.55,27.81],[-80.55,27.82],[-80.54,27.82],[-80.51,27.82],[-80.51,27.83],[-80.5,27.83],[-80.5,27.84],[-80.49,27.85]]],[[[-80.42,27.74],[-80.42,27.75],[-80.41,27.74],[-80.42,27.74]]],[[[-80.39,27.69],[-80.39,27.7],[-80.38,27.7],[-80.39,27.69]]],[[[-80.35,27.62],[-80.34,27.62],[-80.34,27.61],[-80.33,27.6],[-80.33,27.59],[-80.33,27.58],[-80.32,27.57],[-80.32,27.56],[-80.33,27.56],[-80.34,27.56],[-80.34,27.57],[-80.34,27.58],[-80.34,27.59],[-80.34,27.6],[-80.35,27.6],[-80.35,27.61],[-80.35,27.62]]],[[[-80.39,27.7],[-80.39,27.71],[-80.38,27.71],[-80.39,27.7]]],[[[-80.39,27.72],[-80.39,27.73],[-80.39,27.74],[-80.38,27.74],[-80.38,27.73],[-80.38,27.72],[-80.39,27.72]]],[[[-80.42,27.8],[-80.43,27.8],[-80.44,27.8],[-80.44,27.81],[-80.44,27.82],[-80.43,27.82],[-80.42,27.81],[-80.42,27.8]]],[[[-80.445,27.85],[-80.45,27.85],[-80.45,27.86],[-80.445,27.85]]]]}},
{"type":"Feature","properties":{"ugc":"FLZ155","name":"Coastal Manatee","state":"FL","wfo":"TBW"},"geometry":{"type":"MultiPolygon","coordinates":[[[[-82.69,27.47],[-82.69,27.48],[-82.68,27.48],[-82.67,27.48],[-82.67,27.47],[-82.66,27.47],[-82.65,27.47],[-82.64,27.47],[-82.64,27.48],[-82.64,27.49],[-82.64,27.5],[-82.65,27.5],[-82.66,27.5],[-82.66,27.49],[-82.67,27.49],[-82.68,27.49],[-82.69,27.49],[-82.69,27.5],[-82.69,27.51],[-82.68,27.51],[-82.67,27.52],[-82.66,27.52],[-82.65,27.52],[-82.64,27.53],[-82.64,27.52],[-82.63,27.52],[-82.63,27.51],[-82.62,27.51],[-82.61,27.51],[-82.6,27.5],[-82.59,27.5],[-82.58,27.5],[-82.57,27.5],[-82.56,27.5],[-82.55,27.5],[-82.54,27.5],[-82.53,27.5],[-82.52,27.5],[-82.53,27.49],[-82.52,27.49],[-82.52,27.48],[-82.51,27.48],[-82.5,27.48],[-82.5,27.49],[-82.51,27.49],[-82.51,27.5],[-82.5,27.51],[-82.51,27.51],[-82.51,27.52],[-82.5,27.52],[-82.49,27.51],[-82.48,27.51],[-82.48,27.5],[-82.47,27.49],[-82.46,27.48],[-82.46,27.47],[-82.46,27.46],[-82.46,27.44],[-82.46,27.42],[-82.46,27.41],[-82.45,27.41],[-82.45,27.4],[-82.45,27.39],[-82.51,27.39],[-82.54,27.39],[-82.56,27.39],[-82.57,27.39],[-82.57,27.4],[-82.57,27.41],[-82.58,27.42],[-82.59,27.42],[-82.6,27.42],[-82.6,27.43],[-82.61,27.43],[-82.62,27.43],[-82.63,27.43],[-82.63,27.44],[-82.64,27.44],[-82.65,27.44],[-82.66,27.44],[-82.66,27.45],[-82.65,27.45],[-82.65,27.46],[-82.66,27.46],[-82.67,27.46],[-82.68,27.46],[-82.68,27.47],[-82.69,27.47]],[[-82.68,27.51],[-82.67,27.5],[-82.67,27.51],[-82.68,27.51]],[[-82.5,27.48],[-82.5,27.47],[-82.49,27.47],[-82.49,27.48],[-82.5,27.48]],[[-82.48,27.43],[-82.48,27.44],[-82.49,27.44],[-82.49,27.43],[-82.48,27.43]]],[[[-82.6,27.53],[-82.59,27.53],[-82.59,27.54],[-82.58,27.55],[-82.57,27.55],[-82.57,27.56],[-82.57,27.57],[-82.58,27.57],[-82.59,27.57],[-82.59,27.56],[-82.6,27.56],[-82.6,27.57],[-82.6,27.58],[-82.59,27.59],[-82.58,27.59],[-82.57,27.59],[-82.57,27.6],[-82.56,27.6],[-82.55,27.6],[-82.55,27.61],[-82.56,27.61],[-82.57,27.61],[-82.57,27.62],[-82.56,27.62],[-82.57,27.63],[-82.56,27.63],[-82.56,27.64],[-82.55,27.65],[-82.5,27.65],[-82.46,27.65],[-82.48,27.63],[-82.49,27.62],[-82.51,27.61],[-82.51,27.59],[-82.51,27.54],[-82.51,27.53],[-82.51,27.52],[-82.52,27.52],[-82.53,27.52],[-82.53,27.51],[-82.54,27.51],[-82.55,27.51],[-82.56,27.51],[-82.57,27.51],[-82.58,27.51],[-82.59,27.51],[-82.59,27.52],[-82.6,27.52],[-82.6,27.53]],[[-82.57,27.57],[-82.56,27.57],[-82.55,27.58],[-82.56,27.58],[-82.57,27.58],[-82.57,27.57]]],[[[-82.73,27.52],[-82.72,27.53],[-82.71,27.53],[-82.71,27.52],[-82.72,27.51],[-82.73,27.52]]],[[[-82.73,27.52],[-82.74,27.52],[-82.74,27.53],[-82.75,27.54],[-82.74,27.54],[-82.73,27.53],[-82.73,27.52]]],[[[-82.72,27.51],[-82.71,27.51],[-82.71,27.5],[-82.72,27.51]]],[[[-82.71,27.5],[-82.7,27.49],[-82.7,27.48],[-82.71,27.48],[-82.71,27.49],[-82.71,27.5]]],[[[-82.7,27.46],[-82.69,27.46],[-82.69,27.45],[-82.69,27.44],[-82.7,27.46]]],[[[-82.69,27.44],[-82.68,27.44],[-82.68,27.43],[-82.69,27.43],[-82.69,27.44]]],[[[-82.68,27.43],[-82.67,27.43],[-82.67,27.42],[-82.68,27.42],[-82.68,27.43]]],[[[-82.67,27.42],[-82.66,27.42],[-82.65,27.42],[-82.65,27.41],[-82.65,27.4],[-82.66,27.41],[-82.67,27.41],[-82.67,27.42]]],[[[-82.65,27.4],[-82.64,27.4],[-82.64,27.39],[-82.65,27.4]]],[[[-82.66,27.43],[-82.67,27.43],[-82.67,27.44],[-82.66,27.43]]],[[[-82.64,27.53],[-82.64,27.54],[-82.63,27.54],[-82.62,27.54],[-82.61,27.53],[-82.6,27.53],[-82.61,27.52],[-82.62,27.52],[-82.62,27.53],[-82.63,27.53],[-82.64,27.53]]],[[[-82.51,27.5],[-82.52,27.5],[-82.52,27.51],[-82.51,27.5]]],[[[-82.57,27.63],[-82.58,27.63],[-82.58,27.64],[-82.57,27.64],[-82.57,27.63]]],[[[-82.57,27.61],[-82.57,27.6],[-82.58,27.6],[-82.58,27.61],[-82.57,27.61]]],[[[-82.61,27.56],[-82.61,27.55],[-82.62,27.55],[-82.63,27.55],[-82.63,27.56],[-82.62,27.56],[-82.62,27.57],[-82.61,27.57],[-82.61,27.56]]],[[[-82.61,27.58],[-82.62,27.58],[-82.62,27.59],[-82.61,27.58]]]]}},
{"type":"Feature","properties":{"ugc":"FLZ159","name":"Coastal St. Lucie","state":"FL","wfo":"MLB"},"geometry":{"type":"MultiPolygon","coordinates":[[[[-80.44,27.56],[-80.43,27.56],[-80.41,27.56],[-80.39,27.56],[-80.38,27.56],[-80.37,27.56],[-80.36,27.56],[-80.35,27.55],[-80.35,27.54],[-80.34,27.54],[-80.34,27.53],[-80.35,27.53],[-80.35,27.52],[-80.34,27.52],[-80.34,27.51],[-80.34,27.5],[-80.34,27.49],[-80.33,27.49],[-80.32,27.49],[-80.32,27.5],[-80.33,27.5],[-80.33,27.51],[-80.33,27.52],[-80.33,27.53],[-80.32,27.53],[-80.32,27.54],[-80.31,27.54],[-80.31,27.53],[-80.31,27.52],[-80.31,27.51],[-80.3,27.51],[-80.3,27.5],[-80.31,27.5],[-80.31,27.49],[-80.32,27.48],[-80.33,27.48],[-80.33,27.47],[-80.32,27.47],[-80.32,27.46],[-80.32,27.45],[-80.32,27.44],[-80.32,27.43],[-80.31,27.42],[-80.31,27.41],[-80.3,27.4],[-80.3,27.39],[-80.3,27.38],[-80.29,27.38],[-80.29,27.37],[-80.29,27.36],[-80.28,27.36],[-80.28,27.35],[-80.28,27.34],[-80.27,27.34],[-80.27,27.33],[-80.27,27.32],[-80.26,27.32],[-80.26,27.31],[-80.26,27.3],[-80.25,27.3],[-80.25,27.29],[-80.25,27.28],[-80.24,27.28],[-80.24,27.27],[-80.23,27.26],[-80.28,27.26],[-80.29,27.23],[-80.29,27.24],[-80.3,27.24],[-80.31,27.24],[-80.32,27.24],[-80.31,27.23],[-80.3,27.23],[-80.29,27.22],[-80.29,27.21],[-80.33,27.21],[-80.34,27.22],[-80.35,27.26],[-80.36,27.27],[-80.37,27.3],[-80.37,27.31],[-80.37,27.33],[-80.37,27.35],[-80.38,27.37],[-80.39,27.39],[-80.39,27.4],[-80.39,27.44],[-80.4,27.45],[-80.4,27.46],[-80.43,27.47],[-80.45,27.52],[-80.46,27.54],[-80.48,27.56],[-80.44,27.56]],[[-80.35,27.53],[-80.36,27.54],[-80.36,27.53],[-80.35,27.53]],[[-80.33,27.52],[-80.32,27.51],[-80.32,27.52],[-80.33,27.52]],[[-80.32,27.25],[-80.32,27.26],[-80.33,27.25],[-80.32,27.25]]],[[[-80.32,27.47],[-80.32,27.48],[-80.31,27.48],[-80.32,27.47]]],[[[-80.34,27.54],[-80.34,27.55],[-80.33,27.55],[-80.33,27.56],[-80.32,27.56],[-80.32,27.55],[-80.32,27.54],[-80.33,27.54],[-80.34,27.54]]],[[[-80.31,27.49],[-80.3,27.49],[-80.3,27.48],[-80.31,27.48],[-80.31,27.49]]],[[[-80.3,27.48],[-80.29,27.48],[-80.29,27.47],[-80.28,27.44],[-80.27,27.42],[-80.27,27.41],[-80.27,27.4],[-80.28,27.4],[-80.28,27.41],[-80.28,27.42],[-80.28,27.43],[-80.29,27.43],[-80.3,27.43],[-80.3,27.44],[-80.3,27.45],[-80.29,27.45],[-80.29,27.46],[-80.3,27.47],[-80.3,27.48]]],[[[-80.27,27.4],[-80.26,27.4],[-80.26,27.39],[-80.27,27.4]]],[[[-80.26,27.38],[-80.25,27.38],[-80.25,27.37],[-80.24,27.36],[-80.24,27.35],[-80.23,27.34],[-80.23,27.33],[-80.23,27.32],[-80.24,27.33],[-80.24,27.34],[-80.25,27.34],[-80.26,27.34],[-80.26,27.35],[-80.26,27.36],[-80.26,27.37],[-80.26,27.38]]],[[[-80.23,27.32],[-80.22,27.32],[-80.22,27.31],[-80.23,27.32]]],[[[-80.22,27.3],[-80.21,27.3],[-80.21,27.29],[-80.21,27.28],[-80.22,27.29],[-80.22,27.28],[-80.23,27.28],[-80.23,27.29],[-80.23,27.3],[-80.22,27.3]]],[[[-80.21,27.28],[-80.2,27.27],[-80.2,27.26],[-80.21,27.26],[-80.21,27.27],[-80.21,27.28]]]]}},
{"type":"Feature","properties":{"ugc":"FLZ160","name":"Coastal Sarasota","state":"FL","wfo":"TBW"},"geometry":{"type":"MultiPolygon","coordinates":[[[[-82.55,27.29],[-82.55,27.28],[-82.55,27.27],[-82.54,27.28],[-82.54,27.29],[-82.54,27.3],[-82.54,27.31],[-82.54,27.32],[-82.54,27.33],[-82.55,27.33],[-82.55,27.34],[-82.55,27.35],[-82.55,27.36],[-82.56,27.36],[-82.56,27.37],[-82.57,27.38],[-82.56,27.38],[-82.57,27.39],[-82.56,27.39],[-82.54,27.39],[-82.51,27.39],[-82.45,27.39],[-82.45,27.38],[-82.45,27.37],[-82.45,27.35],[-82.45,27.34],[-82.45,27.33],[-82.45,27.32],[-82.45,27.27],[-82.45,27.26],[-82.45,27.25],[-82.45,27.23],[-82.45,27.22],[-82.44,27.21],[-82.44,27.2],[-82.44,27.19],[-82.43,27.17],[-82.32,27.11],[-82.31,27.11],[-82.29,27.1],[-82.26,27.03],[-82.26,27.02],[-82.26,27.01],[-82.26,27.0],[-82.25,27.0],[-82.26,26.99],[-82.26,26.96],[-82.26,26.95],[-82.3,26.95],[-82.32,26.95],[-82.33,26.94],[-82.33,26.95],[-82.34,26.95],[-82.35,26.95],[-82.36,26.95],[-82.36,26.96],[-82.37,26.96],[-82.37,26.97],[-82.38,26.98],[-82.39,26.98],[-82.39,26.99],[-82.4,27.0],[-82.4,27.01],[-82.41,27.01],[-82.42,27.02],[-82.43,27.03],[-82.42,27.03],[-82.43,27.04],[-82.45,27.06],[-82.45,27.07],[-82.45,27.08],[-82.46,27.09],[-82.46,27.1],[-82.47,27.11],[-82.48,27.14],[-82.49,27.16],[-82.48,27.16],[-82.49,27.17],[-82.5,27.18],[-82.49,27.18],[-82.49,27.19],[-82.49,27.2],[-82.5,27.2],[-82.5,27.21],[-82.5,27.22],[-82.5,27.23],[-82.51,27.23],[-82.51,27.24],[-82.52,27.24],[-82.52,27.25],[-82.53,27.25],[-82.53,27.24],[-82.54,27.25],[-82.54,27.26],[-82.55,27.26],[-82.56,27.27],[-82.57,27.27],[-82.57,27.28],[-82.56,27.28],[-82.55,27.29]],[[-82.41,27.01],[-82.41,27.02],[-82.415,27.02],[-82.41,27.01]],[[-82.47,27.11],[-82.46,27.11],[-82.47,27.12],[-82.47,27.11]],[[-82.46,27.11],[-82.45,27.11],[-82.45,27.1],[-82.44,27.11],[-82.44,27.12],[-82.45,27.12],[-82.46,27.12],[-82.46,27.11]],[[-82.48,27.14],[-82.47,27.14],[-82.47,27.15],[-82.48,27.15],[-82.48,27.14]],[[-82.27,27.02],[-82.27,27.03],[-82.28,27.03],[-82.28,27.02],[-82.27,27.02]],[[-82.31,27.06],[-82.31,27.07],[-82.32,27.07],[-82.31,27.06]],[[-82.44,27.13],[-82.43,27.13],[-82.43,27.14],[-82.44,27.14],[-82.44,27.13]],[[-82.53,27.27],[-82.52,27.28],[-82.53,27.28],[-82.53,27.27]]],[[[-82.64,27.39],[-82.63,27.38],[-82.64,27.38],[-82.64,27.39]]],[[[-82.63,27.38],[-82.62,27.38],[-82.62,27.37],[-82.61,27.36],[-82.61,27.35],[-82.62,27.35],[-82.62,27.36],[-82.63,27.37],[-82.63,27.38]]],[[[-82.61,27.35],[-82.6,27.35],[-82.6,27.34],[-82.61,27.35]]],[[[-82.6,27.34],[-82.59,27.34],[-82.58,27.34],[-82.58,27.33],[-82.59,27.32],[-82.59,27.33],[-82.6,27.34]]],[[[-82.58,27.33],[-82.57,27.34],[-82.57,27.33],[-82.58,27.33]]],[[[-82.58,27.32],[-82.57,27.32],[-82.58,27.31],[-82.58,27.32]]],[[[-82.58,27.31],[-82.57,27.31],[-82.56,27.31],[-82.56,27.3],[-82.57,27.3],[-82.58,27.31]]],[[[-82.56,27.3],[-82.55,27.29],[-82.56,27.29],[-82.56,27.3]]],[[[-82.53,27.24],[-82.52,27.24],[-82.52,27.23],[-82.51,27.22],[-82.5,27.22],[-82.51,27.21],[-82.53,27.24]]],[[[-82.51,27.21],[-82.5,27.2],[-82.5,27.19],[-82.505,27.2],[-82.51,27.21]]],[[[-82.405,26.995],[-82.4,26.99],[-82.39,26.98],[-82.39,26.97],[-82.39,26.96],[-82.4,26.98],[-82.405,26.995]]],[[[-82.39,26.96],[-82.38,26.97],[-82.38,26.96],[-82.38,26.95],[-82.39,26.96]]],[[[-82.57,27.33],[-82.56,27.33],[-82.56,27.32],[-82.57,27.33]]]]}},
{"type":"Feature","properties":{"ugc":"FLZ162","name":"Coastal Charlotte","state":"FL","wfo":"TBW"},"geometry":{"type":"MultiPolygon","coordinates":[[[[-82.32,26.87],[-82.31,26.87],[-82.31,26.88],[-82.32,26.88],[-82.32,26.89],[-82.32,26.9],[-82.33,26.9],[-82.33,26.91],[-82.34,26.91],[-82.33,26.92],[-82.34,26.92],[-82.34,26.93],[-82.35,26.94],[-82.34,26.95],[-82.33,26.95],[-82.33,26.94],[-82.32,26.94],[-82.32,26.95],[-82.3,26.95],[-82.26,26.95],[-82.26,26.96],[-82.26,26.99],[-82.25,26.99],[-82.24,26.99],[-82.24,26.98],[-82.24,26.97],[-82.23,26.96],[-82.22,26.96],[-82.22,26.95],[-82.21,26.95],[-82.2,26.95],[-82.2,26.94],[-82.19,26.94],[-82.18,26.94],[-82.18,26.93],[-82.18,26.92],[-82.18,26.91],[-82.17,26.9],[-82.17,26.89],[-82.17,26.88],[-82.16,26.87],[-82.16,26.86],[-82.16,26.85],[-82.16,26.84],[-82.17,26.84],[-82.17,26.83],[-82.16,26.82],[-82.17,26.82],[-82.18,26.82],[-82.18,26.81],[-82.19,26.8],[-82.2,26.81],[-82.2,26.8],[-82.21,26.8],[-82.21,26.81],[-82.22,26.81],[-82.21,26.82],[-82.22,26.82],[-82.23,26.82],[-82.23,26.81],[-82.24,26.81],[-82.24,26.82],[-82.24,26.83],[-82.25,26.83],[-82.25,26.82],[-82.26,26.82],[-82.26,26.83],[-82.26,26.84],[-82.27,26.84],[-82.27,26.85],[-82.28,26.85],[-82.28,26.84],[-82.29,26.84],[-82.29,26.83],[-82.3,26.83],[-82.3,26.84],[-82.3,26.85],[-82.3,26.86],[-82.31,26.86],[-82.32,26.87]],[[-82.21,26.82],[-82.2,26.82],[-82.21,26.83],[-82.21,26.82]],[[-82.26,26.86],[-82.25,26.85],[-82.25,26.86],[-82.26,26.86]]],[[[-82.22,26.96],[-82.22,26.97],[-82.23,26.97],[-82.23,26.98],[-82.23,26.99],[-82.24,27.0],[-82.25,27.01],[-82.26,27.01],[-82.26,27.02],[-82.26,27.03],[-82.22,27.03],[-82.21,27.03],[-82.2,27.03],[-82.19,27.03],[-82.16,27.03],[-82.15,27.03],[-82.1,27.03],[-82.06,27.03],[-82.0,27.03],[-81.99,27.03],[-81.99,27.04],[-81.98,27.04],[-81.97,27.04],[-81.95,26.98],[-81.93,26.77],[-82.0,26.77],[-82.04,26.77],[-82.06,26.77],[-82.06,26.78],[-82.06,26.79],[-82.05,26.79],[-82.05,26.8],[-82.05,26.81],[-82.05,26.82],[-82.05,26.83],[-82.05,26.84],[-82.05,26.85],[-82.05,26.86],[-82.06,26.85],[-82.06,26.86],[-82.05,26.87],[-82.06,26.87],[-82.06,26.88],[-82.07,26.88],[-82.08,26.88],[-82.08,26.89],[-82.09,26.89],[-82.09,26.9],[-82.1,26.9],[-82.1,26.91],[-82.1,26.92],[-82.09,26.92],[-82.08,26.92],[-82.09,26.93],[-82.08,26.93],[-82.07,26.93],[-82.06,26.93],[-82.06,26.94],[-82.05,26.94],[-82.04,26.94],[-82.03,26.94],[-82.03,26.95],[-82.02,26.95],[-82.01,26.95],[-82.0,26.95],[-82.0,26.96],[-81.99,26.96],[-81.99,26.97],[-81.98,26.97],[-81.98,26.98],[-81.98,26.99],[-81.98,27.0],[-81.99,27.0],[-81.99,26.99],[-82.0,26.98],[-82.01,26.98],[-82.01,26.97],[-82.01,26.96],[-82.02,26.96],[-82.02,26.97],[-82.03,26.97],[-82.04,26.97],[-82.05,26.97],[-82.06,26.96],[-82.06,26.95],[-82.07,26.95],[-82.07,26.96],[-82.08,26.96],[-82.09,26.96],[-82.09,26.95],[-82.1,26.95],[-82.1,26.96],[-82.11,26.96],[-82.12,26.96],[-82.12,26.95],[-82.13,26.94],[-82.13,26.93],[-82.14,26.93],[-82.14,26.92],[-82.15,26.92],[-82.16,26.93],[-82.17,26.93],[-82.17,26.94],[-82.16,26.94],[-82.16,26.95],[-82.17,26.95],[-82.18,26.95],[-82.18,26.96],[-82.18,26.97],[-82.18,26.98],[-82.19,26.98],[-82.19,26.97],[-82.2,26.96],[-82.21,26.97],[-82.21,26.96],[-82.22,26.96]],[[-82.05,26.8],[-82.04,26.8],[-82.04,26.81],[-82.05,26.8]],[[-81.99,27.0],[-81.98,27.01],[-81.98,27.02],[-81.99,27.02],[-81.99,27.01],[-81.99,27.0]],[[-81.98,27.02],[-81.97,27.02],[-81.97,27.03],[-81.98,27.03],[-81.98,27.02]],[[-81.99,27.0],[-82.0,27.0],[-82.0,26.99],[-81.99,27.0]],[[-82.14,26.93],[-82.14,26.94],[-82.15,26.94],[-82.15,26.93],[-82.14,26.93]],[[-82.06,26.89],[-82.05,26.88],[-82.05,26.89],[-82.06,26.89]],[[-82.12,26.97],[-82.11,26.97],[-82.12,26.98],[-82.12,26.97]],[[-82.12,26.99],[-82.12,27.0],[-82.13,27.0],[-82.12,26.99]]],[[[-82.37,26.94],[-82.36,26.94],[-82.36,26.93],[-82.37,26.93],[-82.37,26.94]]],[[[-82.37,26.94],[-82.38,26.95],[-82.37,26.95],[-82.37,26.94]]],[[[-82.36,26.92],[-82.35,26.92],[-82.35,26.91],[-82.36,26.92]]],[[[-82.35,26.91],[-82.34,26.9],[-82.35,26.9],[-82.35,26.91]]],[[[-82.34,26.9],[-82.33,26.9],[-82.33,26.89],[-82.32,26.88],[-82.33,26.88],[-82.34,26.89],[-82.34,26.9]]],[[[-82.31,26.86],[-82.3,26.85],[-82.31,26.85],[-82.31,26.86]]],[[[-82.29,26.83],[-82.28,26.83],[-82.28,26.82],[-82.29,26.82],[-82.29,26.83]]],[[[-82.25,26.82],[-82.24,26.81],[-82.25,26.81],[-82.25,26.82]]],[[[-82.19,26.8],[-82.18,26.8],[-82.18,26.79],[-82.19,26.79],[-82.19,26.8]]],[[[-82.16,26.82],[-82.16,26.83],[-82.16,26.84],[-82.15,26.84],[-82.15,26.83],[-82.15,26.82],[-82.15,26.81],[-82.15,26.8],[-82.15,26.79],[-82.15,26.78],[-82.16,26.78],[-82.17,26.78],[-82.17,26.79],[-82.17,26.8],[-82.17,26.81],[-82.16,26.81],[-82.16,26.82]]],[[[-81.99,26.99],[-81.98,26.99],[-81.99,26.98],[-81.99,26.99]]],[[[-81.99,26.98],[-81.98,26.98],[-81.99,26.97],[-81.99,26.98]]],[[[-81.99,26.98],[-82.0,26.97],[-82.0,26.98],[-81.99,26.98]]],[[[-82.0,26.96],[-82.01,26.96],[-82.0,26.97],[-82.0,26.96]]],[[[-82.05,26.81],[-82.06,26.8],[-82.06,26.81],[-82.05,26.81]]],[[[-82.2,26.77],[-82.2,26.78],[-82.19,26.78],[-82.2,26.77]]],[[[-82.22,26.78],[-82.22,26.79],[-82.21,26.78],[-82.22,26.78]]],[[[-82.28,26.8],[-82.27,26.81],[-82.27,26.8],[-82.27,26.79],[-82.28,26.8]]]]}},
{"type":"Feature","properties":{"ugc":"FLZ164","name":"Coastal Martin","state":"FL","wfo":"MLB"},"geometry":{"type":"MultiPolygon","coordinates":[[[[-80.28,27.21],[-80.27,27.2],[-80.27,27.19],[-80.27,27.18],[-80.26,27.17],[-80.26,27.18],[-80.26,27.19],[-80.26,27.2],[-80.25,27.2],[-80.24,27.2],[-80.23,27.2],[-80.22,27.21],[-80.22,27.2],[-80.21,27.2],[-80.21,27.19],[-80.21,27.18],[-80.2,27.18],[-80.2,27.17],[-80.19,27.16],[-80.18,27.16],[-80.17,27.16],[-80.16,27.16],[-80.16,27.15],[-80.17,27.15],[-80.17,27.14],[-80.16,27.14],[-80.15,27.14],[-80.15,27.13],[-80.14,27.13],[-80.14,27.12],[-80.15,27.12],[-80.15,27.11],[-80.14,27.11],[-80.13,27.1],[-80.13,27.09],[-80.12,27.09],[-80.12,27.08],[-80.13,27.08],[-80.13,27.07],[-80.12,27.07],[-80.11,27.07],[-80.11,27.06],[-80.11,27.05],[-80.1,27.04],[-80.1,27.03],[-80.09,27.02],[-80.09,27.01],[-80.1,27.01],[-80.1,27.0],[-80.09,27.0],[-80.09,26.99],[-80.08,26.98],[-80.09,26.98],[-80.09,26.97],[-80.11,26.97],[-80.12,26.97],[-80.13,26.97],[-80.14,26.97],[-80.14,26.96],[-80.17,26.96],[-80.18,26.98],[-80.19,26.99],[-80.23,27.02],[-80.24,27.03],[-80.24,27.04],[-80.24,27.05],[-80.24,27.06],[-80.26,27.1],[-80.27,27.11],[-80.27,27.12],[-80.32,27.19],[-80.33,27.21],[-80.29,27.21],[-80.28,27.21]],[[-80.26,27.17],[-80.26,27.16],[-80.25,27.16],[-80.26,27.17]],[[-80.11,27.05],[-80.12,27.05],[-80.12,27.04],[-80.11,27.04],[-80.11,27.05]],[[-80.1,27.03],[-80.11,27.03],[-80.11,27.02],[-80.1,27.02],[-80.1,27.03]]],[[[-80.28,27.21],[-80.28,27.22],[-80.28,27.23],[-80.29,27.23],[-80.28,27.26],[-80.23,27.26],[-80.23,27.25],[-80.22,27.25],[-80.22,27.24],[-80.22,27.23],[-80.21,27.23],[-80.21,27.22],[-80.22,27.22],[-80.23,27.22],[-80.24,27.22],[-80.24,27.21],[-80.25,27.22],[-80.26,27.22],[-80.26,27.21],[-80.27,27.21],[-80.28,27.21]]],[[[-80.21,27.21],[-80.2,27.21],[-80.2,27.2],[-80.21,27.2],[-80.21,27.21]]],[[[-80.2,27.18],[-80.2,27.19],[-80.2,27.2],[-80.19,27.21],[-80.19,27.2],[-80.19,27.19],[-80.19,27.18],[-80.2,27.18]]],[[[-80.16,27.18],[-80.17,27.18],[-80.16,27.19],[-80.16,27.18]]],[[[-80.17,27.2],[-80.18,27.21],[-80.18,27.22],[-80.17,27.22],[-80.17,27.21],[-80.17,27.2]]],[[[-80.18,27.23],[-80.19,27.23],[-80.19,27.24],[-80.18,27.23]]],[[[-80.2,27.25],[-80.21,27.25],[-80.21,27.26],[-80.2,27.26],[-80.2,27.25]]]]}},
{"type":"Feature","properties":{"ugc":"FLZ165","name":"Coastal Lee","state":"FL","wfo":"TBW"},"geometry":{"type":"MultiPolygon","coordinates":[[[[-82.18,26.69],[-82.18,26.7],[-82.17,26.7],[-82.17,26.71],[-82.16,26.71],[-82.15,26.7],[-82.14,26.7],[-82.13,26.7],[-82.13,26.69],[-82.12,26.69],[-82.11,26.68],[-82.12,26.68],[-82.12,26.67],[-82.11,26.67],[-82.11,26.66],[-82.1,26.66],[-82.11,26.65],[-82.11,26.64],[-82.1,26.64],[-82.09,26.64],[-82.09,26.63],[-82.08,26.63],[-82.08,26.62],[-82.07,26.62],[-82.07,26.61],[-82.07,26.6],[-82.07,26.59],[-82.07,26.58],[-82.07,26.57],[-82.08,26.57],[-82.08,26.56],[-82.08,26.55],[-82.07,26.54],[-82.07,26.53],[-82.08,26.54],[-82.08,26.53],[-82.08,26.52],[-82.08,26.51],[-82.07,26.51],[-82.07,26.5],[-82.06,26.5],[-82.06,26.49],[-82.07,26.49],[-82.08,26.49],[-82.09,26.49],[-82.1,26.48],[-82.11,26.49],[-82.1,26.49],[-82.1,26.5],[-82.1,26.51],[-82.1,26.52],[-82.1,26.53],[-82.11,26.53],[-82.11,26.54],[-82.11,26.55],[-82.11,26.56],[-82.12,26.56],[-82.12,26.57],[-82.12,26.58],[-82.12,26.59],[-82.13,26.59],[-82.13,26.6],[-82.13,26.61],[-82.13,26.62],[-82.13,26.63],[-82.13,26.64],[-82.14,26.64],[-82.14,26.65],[-82.15,26.65],[-82.15,26.66],[-82.16,26.66],[-82.16,26.67],[-82.17,26.67],[-82.17,26.68],[-82.18,26.68],[-82.18,26.69]],[[-82.17,26.7],[-82.17,26.69],[-82.16,26.69],[-82.16,26.7],[-82.17,26.7]],[[-82.07,26.59],[-82.08,26.59],[-82.08,26.58],[-82.07,26.59]],[[-82.08,26.57],[-82.09,26.58],[-82.09,26.57],[-82.08,26.57]],[[-82.09,26.58],[-82.09,26.59],[-82.1,26.59],[-82.09,26.58]]],[[[-82.09,26.64],[-82.08,26.64],[-82.07,26.64],[-82.06,26.64],[-82.07,26.65],[-82.07,26.66],[-82.08,26.66],[-82.08,26.67],[-82.08,26.68],[-82.08,26.69],[-82.07,26.69],[-82.07,26.7],[-82.08,26.7],[-82.07,26.71],[-82.08,26.71],[-82.08,26.72],[-82.07,26.72],[-82.07,26.73],[-82.07,26.74],[-82.07,26.75],[-82.06,26.75],[-82.06,26.76],[-82.06,26.77],[-82.04,26.77],[-82.0,26.77],[-81.93,26.77],[-81.93,26.76],[-81.94,26.71],[-81.94,26.7],[-81.94,26.67],[-81.94,26.65],[-81.94,26.62],[-81.94,26.61],[-81.93,26.59],[-81.93,26.58],[-81.93,26.57],[-81.94,26.56],[-81.94,26.55],[-81.95,26.55],[-81.95,26.54],[-81.96,26.54],[-81.96,26.55],[-81.97,26.55],[-81.98,26.55],[-81.97,26.54],[-81.98,26.54],[-81.98,26.53],[-81.99,26.53],[-82.0,26.53],[-82.0,26.54],[-82.01,26.54],[-82.01,26.53],[-82.02,26.53],[-82.03,26.53],[-82.03,26.54],[-82.04,26.54],[-82.04,26.55],[-82.05,26.55],[-82.06,26.55],[-82.06,26.56],[-82.06,26.57],[-82.05,26.57],[-82.05,26.58],[-82.05,26.59],[-82.06,26.59],[-82.06,26.6],[-82.05,26.6],[-82.05,26.61],[-82.05,26.62],[-82.05,26.63],[-82.06,26.63],[-82.07,26.63],[-82.08,26.63],[-82.09,26.64]],[[-82.05,26.59],[-82.04,26.59],[-82.04,26.6],[-82.05,26.59]]],[[[-82.1,26.52],[-82.11,26.51],[-82.11,26.52],[-82.1,26.52]]],[[[-82.08,26.69],[-82.09,26.69],[-82.08,26.7],[-82.08,26.69]]],[[[-82.0,26.53],[-82.0,26.52],[-81.99,26.52],[-81.99,26.51],[-81.98,26.51],[-81.98,26.52],[-81.97,26.52],[-81.96,26.52],[-81.96,26.53],[-81.95,26.53],[-81.94,26.53],[-81.94,26.54],[-81.93,26.54],[-81.93,26.55],[-81.92,26.55],[-81.92,26.56],[-81.92,26.57],[-81.91,26.57],[-81.87,26.53],[-81.8,26.5],[-81.79,26.49],[-81.79,26.47],[-81.79,26.46],[-81.78,26.44],[-81.78,26.43],[-81.77,26.41],[-81.77,26.4],[-81.77,26.39],[-81.77,26.38],[-81.77,26.37],[-81.76,26.36],[-81.76,26.35],[-81.75,26.35],[-81.75,26.34],[-81.75,26.33],[-81.75,26.32],[-81.82,26.32],[-81.82,26.33],[-81.85,26.33],[-81.85,26.34],[-81.86,26.35],[-81.86,26.36],[-81.86,26.37],[-81.85,26.37],[-81.85,26.36],[-81.85,26.35],[-81.84,26.35],[-81.84,26.36],[-81.84,26.37],[-81.84,26.38],[-81.84,26.39],[-81.84,26.4],[-81.85,26.4],[-81.85,26.41],[-81.85,26.42],[-81.85,26.43],[-81.86,26.43],[-81.86,26.44],[-81.85,26.44],[-81.86,26.45],[-81.87,26.45],[-81.87,26.46],[-81.88,26.46],[-81.88,26.45],[-81.88,26.44],[-81.89,26.44],[-81.9,26.44],[-81.91,26.44],[-81.91,26.45],[-81.91,26.46],[-81.92,26.46],[-81.92,26.45],[-81.93,26.45],[-81.94,26.46],[-81.94,26.47],[-81.95,26.47],[-81.95,26.46],[-81.96,26.47],[-81.97,26.48],[-81.98,26.48],[-81.99,26.48],[-82.0,26.48],[-82.01,26.48],[-82.01,26.49],[-82.0,26.49],[-82.0,26.5],[-82.01,26.51],[-82.01,26.52],[-82.0,26.53]]],[[[-81.95,26.46],[-81.95,26.45],[-81.96,26.45],[-81.96,26.46],[-81.95,26.46]]],[[[-81.94,26.45],[-81.93,26.45],[-81.93,26.44],[-81.94,26.45]]],[[[-81.92,26.44],[-81.91,26.44],[-81.91,26.43],[-81.92,26.44]]],[[[-81.91,26.43],[-81.9,26.43],[-81.9,26.42],[-81.91,26.42],[-81.91,26.43]]],[[[-81.9,26.42],[-81.89,26.42],[-81.88,26.42],[-81.87,26.42],[-81.87,26.41],[-81.87,26.4],[-81.87,26.39],[-81.86,26.39],[-81.86,26.38],[-81.86,26.37],[-81.87,26.37],[-81.87,26.38],[-81.88,26.39],[-81.89,26.4],[-81.9,26.41],[-81.9,26.42]]],[[[-81.86,26.43],[-81.86,26.42],[-81.87,26.42],[-81.87,26.43],[-81.86,26.43]]],[[[-82.2,26.54],[-82.19,26.54],[-82.19,26.53],[-82.19,26.52],[-82.2,26.53],[-82.2,26.54]]],[[[-82.19,26.51],[-82.18,26.52],[-82.18,26.51],[-82.19,26.51]]],[[[-82.19,26.5],[-82.18,26.5],[-82.18,26.49],[-82.17,26.49],[-82.16,26.49],[-82.16,26.48],[-82.15,26.48],[-82.15,26.47],[-82.14,26.47],[-82.13,26.47],[-82.12,26.47],[-82.11,26.47],[-82.1,26.46],[-82.09,26.45],[-82.09,26.44],[-82.08,26.44],[-82.07,26.45],[-82.07,26.46],[-82.06,26.46],[-82.06,26.47],[-82.05,26.46],[-82.05,26.47],[-82.04,26.46],[-82.04,26.45],[-82.03,26.45],[-82.02,26.45],[-82.01,26.45],[-82.04,26.44],[-82.06,26.43],[-82.07,26.42],[-82.08,26.42],[-82.09,26.42],[-82.1,26.43],[-82.11,26.43],[-82.13,26.44],[-82.14,26.45],[-82.15,26.46],[-82.17,26.47],[-82.18,26.47],[-82.18,26.48],[-82.19,26.49],[-82.19,26.5]]],[[[-82.07,26.46],[-82.08,26.46],[-82.08,26.47],[-82.07,26.47],[-82.07,26.46]]],[[[-82.09,26.45],[-82.09,26.46],[-82.08,26.46],[-82.09,26.45]]],[[[-82.05,26.51],[-82.04,26.51],[-82.04,26.5],[-82.05,26.5],[-82.05,26.51]]],[[[-82.05,26.51],[-82.06,26.51],[-82.06,26.52],[-82.05,26.52],[-82.05,26.51]]],[[[-82.12,26.5],[-82.13,26.5],[-82.13,26.51],[-82.12,26.5]]],[[[-82.16,26.63],[-82.16,26.64],[-82.15,26.63],[-82.16,26.63]]],[[[-82.17,26.64],[-82.18,26.63],[-82.18,26.64],[-82.17,26.64]]],[[[-82.19,26.65],[-82.2,26.65],[-82.19,26.66],[-82.18,26.65],[-82.19,26.65]]],[[[-82.25,26.66],[-82.25,26.67],[-82.26,26.67],[-82.26,26.68],[-82.26,26.69],[-82.26,26.7],[-82.26,26.71],[-82.25,26.71],[-82.25,26.7],[-82.24,26.7],[-82.25,26.69],[-82.24,26.68],[-82.24,26.67],[-82.24,26.66],[-82.24,26.65],[-82.25,26.65],[-82.25,26.66]]],[[[-82.24,26.65],[-82.23,26.65],[-82.23,26.64],[-82.24,26.64],[-82.24,26.65]]],[[[-82.23,26.63],[-82.22,26.63],[-82.22,26.62],[-82.23,26.62],[-82.23,26.63]]],[[[-82.22,26.6],[-82.21,26.6],[-82.21,26.59],[-82.21,26.58],[-82.22,26.58],[-82.22,26.59],[-82.22,26.6]]],[[[-82.21,26.57],[-82.2,26.57],[-82.2,26.56],[-82.21,26.57]]],[[[-82.23,26.65],[-82.23,26.66],[-82.22,26.66],[-82.22,26.65],[-82.23,26.65]]],[[[-82.24,26.68],[-82.24,26.69],[-82.23,26.68],[-82.24,26.68]]],[[[-82.21,26.69],[-82.2,26.68],[-82.21,26.68],[-82.21,26.69]]],[[[-82.27,26.78],[-82.27,26.79],[-82.26,26.79],[-82.26,26.78],[-82.27,26.78]]],[[[-82.27,26.78],[-82.26,26.77],[-82.25,26.77],[-82.26,26.76],[-82.27,26.76],[-82.27,26.77],[-82.27,26.78]]],[[[-82.26,26.76],[-82.25,26.76],[-82.25,26.75],[-82.26,26.75],[-82.26,26.76]]],[[[-82.26,26.74],[-82.25,26.75],[-82.25,26.74],[-82.26,26.74]]]]}},
{"type":"Feature","properties":{"ugc":"FLZ168","name":"Coastal Palm Beach County","state":"FL","wfo":"MFL"},"geometry":{"type":"MultiPolygon","coordinates":[[[[-80.13,26.97],[-80.13,26.96],[-80.12,26.96],[-80.12,26.97],[-80.11,26.97],[-80.09,26.97],[-80.08,26.97],[-80.08,26.96],[-80.07,26.95],[-80.08,26.95],[-80.08,26.94],[-80.07,26.94],[-80.07,26.93],[-80.05,26.88],[-80.05,26.87],[-80.05,26.86],[-80.04,26.84],[-80.04,26.83],[-80.04,26.82],[-80.04,26.81],[-80.05,26.81],[-80.05,26.8],[-80.05,26.79],[-80.05,26.78],[-80.05,26.77],[-80.05,26.76],[-80.05,26.75],[-80.05,26.74],[-80.05,26.73],[-80.05,26.72],[-80.05,26.71],[-80.05,26.7],[-80.05,26.69],[-80.05,26.68],[-80.05,26.67],[-80.05,26.66],[-80.05,26.65],[-80.05,26.64],[-80.05,26.62],[-80.05,26.61],[-80.05,26.6],[-80.05,26.59],[-80.05,26.58],[-80.05,26.57],[-80.05,26.56],[-80.05,26.55],[-80.05,26.54],[-80.05,26.53],[-80.05,26.52],[-80.05,26.51],[-80.05,26.5],[-80.06,26.48],[-80.06,26.47],[-80.07,26.46],[-80.07,26.45],[-80.07,26.44],[-80.07,26.43],[-80.07,26.42],[-80.0625,26.42],[-80.07,26.39],[-80.07,26.38],[-80.07,26.37],[-80.07,26.36],[-80.07,26.35],[-80.08,26.35],[-80.08,26.34],[-80.07,26.34],[-80.08,26.32],[-80.09,26.32],[-80.09,26.33],[-80.1,26.32],[-80.1,26.33],[-80.11,26.33],[-80.12,26.33],[-80.12,26.34],[-80.12,26.35],[-80.12,26.36],[-80.12,26.38],[-80.11,26.38],[-80.11,26.39],[-80.1,26.39],[-80.09,26.39],[-80.09,26.4],[-80.09,26.41],[-80.09,26.42],[-80.09,26.43],[-80.09,26.44],[-80.09,26.45],[-80.09,26.46],[-80.09,26.47],[-80.08,26.5],[-80.08,26.51],[-80.07,26.51],[-80.07,26.52],[-80.07,26.53],[-80.07,26.54],[-80.07,26.55],[-80.07,26.58],[-80.07,26.6],[-80.07,26.62],[-80.07,26.63],[-80.07,26.65],[-80.07,26.66],[-80.07,26.67],[-80.07,26.68],[-80.07,26.69],[-80.07,26.7],[-80.08,26.71],[-80.09,26.72],[-80.09,26.73],[-80.09,26.75],[-80.09,26.76],[-80.09,26.77],[-80.1,26.77],[-80.1,26.78],[-80.1,26.79],[-80.1,26.8],[-80.1,26.81],[-80.1,26.82],[-80.1,26.83],[-80.1,26.84],[-80.11,26.85],[-80.12,26.87],[-80.13,26.88],[-80.14,26.9],[-80.14,26.91],[-80.15,26.92],[-80.15,26.93],[-80.15,26.94],[-80.16,26.94],[-80.16,26.95],[-80.17,26.96],[-80.14,26.96],[-80.14,26.97],[-80.13,26.97]],[[-80.12,26.96],[-80.12,26.95],[-80.12,26.94],[-80.11,26.95],[-80.11,26.96],[-80.12,26.96]],[[-80.11,26.95],[-80.11,26.94],[-80.1,26.95],[-80.11,26.95]],[[-80.08,26.94],[-80.09,26.94],[-80.08,26.93],[-80.08,26.94]],[[-80.08,26.93],[-80.09,26.93],[-80.09,26.92],[-80.08,26.92],[-80.08,26.93]],[[-80.04,26.82],[-80.05,26.83],[-80.06,26.83],[-80.05,26.82],[-80.04,26.82]],[[-80.05,26.83],[-80.05,26.84],[-80.06,26.84],[-80.05,26.83]],[[-80.06,26.83],[-80.07,26.84],[-80.07,26.83],[-80.06,26.83]],[[-80.05,26.53],[-80.06,26.52],[-80.06,26.51],[-80.05,26.53]],[[-80.08,26.9],[-80.08,26.89],[-80.07,26.89],[-80.07,26.9],[-80.08,26.9]]],[[[-80.05,26.77],[-80.04,26.78],[-80.04,26.79],[-80.04,26.8],[-80.04,26.81],[-80.03,26.8],[-80.03,26.79],[-80.03,26.78],[-80.04,26.77],[-80.05,26.77]]],[[[-80.06,26.44],[-80.06,26.43],[-80.07,26.44],[-80.06,26.44]]],[[[-80.04,26.68],[-80.04,26.69],[-80.04,26.7],[-80.04,26.71],[-80.04,26.72],[-80.04,26.73],[-80.04,26.74],[-80.04,26.75],[-80.03,26.74],[-80.03,26.72],[-80.03,26.7],[-80.03,26.69],[-80.04,26.68]]]]}},
{"type":"Feature","properties":{"ugc":"FLZ172","name":"Coastal Broward County","state":"FL","wfo":"MFL"},"geometry":{"type":"MultiPolygon","coordinates":[[[[-80.12,26.01],[-80.12,26.0],[-80.12,25.99],[-80.12,25.98],[-80.12,25.97],[-80.13,25.97],[-80.14,25.97],[-80.15,25.97],[-80.15,26.0],[-80.17,26.0],[-80.17,26.01],[-80.17,26.02],[-80.16,26.03],[-80.16,26.05],[-80.16,26.06],[-80.17,26.07],[-80.17,26.08],[-80.17,26.1],[-80.17,26.11],[-80.17,26.12],[-80.17,26.13],[-80.17,26.15],[-80.16,26.17],[-80.15,26.18],[-80.15,26.19],[-80.15,26.2],[-80.14,26.21],[-80.14,26.22],[-80.14,26.25],[-80.13,26.26],[-80.13,26.27],[-80.13,26.28],[-80.12,26.29],[-80.12,26.3],[-80.12,26.31],[-80.12,26.32],[-80.12,26.33],[-80.11,26.33],[-80.1,26.33],[-80.1,26.32],[-80.09,26.33],[-80.09,26.32],[-80.08,26.32],[-80.07,26.32],[-80.07,26.31],[-80.08,26.31],[-80.08,26.3],[-80.08,26.29],[-80.08,26.28],[-80.08,26.27],[-80.08,26.26],[-80.08,26.25],[-80.09,26.25],[-80.09,26.24],[-80.09,26.23],[-80.09,26.22],[-80.09,26.2],[-80.09,26.19],[-80.1,26.19],[-80.1,26.18],[-80.1,26.17],[-80.11,26.16],[-80.12,26.15],[-80.11,26.15],[-80.1,26.16],[-80.1,26.15],[-80.1,26.14],[-80.1,26.12],[-80.1,26.11],[-80.11,26.1],[-80.1,26.09],[-80.11,26.09],[-80.11,26.08],[-80.11,26.07],[-80.11,26.06],[-80.12,26.05],[-80.11,26.05],[-80.11,26.04],[-80.12,26.01]],[[-80.13,26.02],[-80.12,26.01],[-80.12,26.02],[-80.13,26.02]]]]}},
{"type":"Feature","properties":{"ugc":"FLZ173","name":"Coastal Miami Dade County","state":"FL","wfo":"MFL"},"geometry":{"type":"MultiPolygon","coordinates":[[[[-80.2,25.75],[-80.2,25.76],[-80.2,25.77],[-80.2,25.78],[-80.2,25.79],[-80.21,25.79],[-80.21,25.82],[-80.21,25.84],[-80.21,25.85],[-80.21,25.86],[-80.21,25.87],[-80.21,25.88],[-80.21,25.92],[-80.21,25.93],[-80.2,25.94],[-80.19,25.95],[-80.17,25.96],[-80.17,25.97],[-80.16,25.97],[-80.15,25.97],[-80.14,25.97],[-80.13,25.97],[-80.12,25.97],[-80.12,25.96],[-80.13,25.96],[-80.13,25.95],[-80.14,25.95],[-80.14,25.94],[-80.13,25.94],[-80.12,25.95],[-80.12,25.93],[-80.12,25.92],[-80.12,25.91],[-80.13,25.91],[-80.14,25.91],[-80.14,25.9],[-80.15,25.9],[-80.15,25.89],[-80.16,25.89],[-80.15,25.88],[-80.16,25.88],[-80.16,25.87],[-80.17,25.87],[-80.17,25.86],[-80.18,25.85],[-80.18,25.84],[-80.18,25.83],[-80.18,25.82],[-80.18,25.81],[-80.19,25.81],[-80.19,25.8],[-80.19,25.79],[-80.19,25.78],[-80.19,25.77],[-80.19,25.76],[-80.2,25.75]],[[-80.12,25.93],[-80.13,25.93],[-80.13,25.92],[-80.12,25.93]]],[[[-80.38,25.31],[-80.38,25.3],[-80.39,25.3],[-80.39,25.31],[-80.42,25.36],[-80.45,25.39],[-80.45,25.4],[-80.46,25.41],[-80.47,25.43],[-80.48,25.44],[-80.48,25.45],[-80.48,25.46],[-80.47,25.47],[-80.47,25.48],[-80.46,25.48],[-80.46,25.49],[-80.44,25.51],[-80.43,25.51],[-80.43,25.52],[-80.42,25.52],[-80.42,25.53],[-80.41,25.53],[-80.41,25.54],[-80.4,25.55],[-80.37,25.58],[-80.36,25.59],[-80.35,25.6],[-80.35,25.61],[-80.35,25.62],[-80.34,25.64],[-80.33,25.65],[-80.32,25.67],[-80.32,25.68],[-80.28,25.71],[-80.27,25.72],[-80.25,25.73],[-80.23,25.74],[-80.23,25.73],[-80.24,25.73],[-80.24,25.72],[-80.25,25.72],[-80.25,25.71],[-80.26,25.71],[-80.26,25.7],[-80.25,25.7],[-80.25,25.69],[-80.26,25.69],[-80.26,25.68],[-80.26,25.67],[-80.27,25.66],[-80.27,25.65],[-80.27,25.64],[-80.28,25.64],[-80.29,25.63],[-80.29,25.64],[-80.3,25.64],[-80.3,25.63],[-80.3,25.62],[-80.31,25.62],[-80.31,25.61],[-80.31,25.6],[-80.31,25.59],[-80.31,25.58],[-80.3,25.58],[-80.3,25.57],[-80.31,25.57],[-80.31,25.56],[-80.31,25.55],[-80.32,25.55],[-80.31,25.54],[-80.32,25.54],[-80.33,25.54],[-80.33,25.53],[-80.33,25.52],[-80.34,25.51],[-80.34,25.5],[-80.34,25.49],[-80.34,25.48],[-80.34,25.47],[-80.33,25.46],[-80.34,25.46],[-80.33,25.45],[-80.33,25.44],[-80.32,25.44],[-80.32,25.43],[-80.33,25.43],[-80.33,25.42],[-80.33,25.41],[-80.33,25.4],[-80.33,25.39],[-80.32,25.39],[-80.32,25.38],[-80.31,25.38],[-80.31,25.37],[-80.32,25.36],[-80.33,25.36],[-80.33,25.35],[-80.33,25.34],[-80.34,25.34],[-80.34,25.33],[-80.35,25.33],[-80.36,25.33],[-80.37,25.33],[-80.37,25.32],[-80.38,25.32],[-80.38,25.31]]],[[[-80.23,25.74],[-80.22,25.75],[-80.21,25.75],[-80.21,25.74],[-80.22,25.74],[-80.23,25.74]]],[[[-80.34,25.51],[-80.33,25.51],[-80.33,25.5],[-80.34,25.51]]],[[[-80.12,25.96],[-80.12,25.95],[-80.13,25.95],[-80.12,25.96]]],[[[-80.12,25.91],[-80.11,25.91],[-80.11,25.9],[-80.12,25.9],[-80.12,25.89],[-80.12,25.88],[-80.12,25.87],[-80.12,25.86],[-80.12,25.85],[-80.12,25.84],[-80.12,25.83],[-80.12,25.82],[-80.13,25.81],[-80.12,25.81],[-80.13,25.79],[-80.13,25.78],[-80.13,25.77],[-80.13,25.76],[-80.14,25.77],[-80.14,25.78],[-80.15,25.79],[-80.14,25.79],[-80.14,25.8],[-80.14,25.81],[-80.14,25.82],[-80.13,25.83],[-80.13,25.84],[-80.13,25.85],[-80.14,25.85],[-80.15,25.85],[-80.15,25.86],[-80.14,25.86],[-80.13,25.86],[-80.13,25.87],[-80.14,25.87],[-80.14,25.88],[-80.14,25.89],[-80.13,25.89],[-80.13,25.9],[-80.12,25.91]]],[[[-80.15,25.75],[-80.14,25.75],[-80.15,25.74],[-80.16,25.74],[-80.15,25.75]]],[[[-80.16,25.74],[-80.16,25.73],[-80.17,25.73],[-80.17,25.74],[-80.16,25.74]]],[[[-80.17,25.74],[-80.18,25.74],[-80.18,25.75],[-80.17,25.74]]],[[[-80.15,25.73],[-80.15,25.72],[-80.16,25.7],[-80.16,25.69],[-80.17,25.69],[-80.17,25.7],[-80.17,25.71],[-80.16,25.71],[-80.16,25.72],[-80.15,25.73]]],[[[-80.16,25.68],[-80.15,25.67],[-80.16,25.67],[-80.16,25.68]]],[[[-80.15,25.85],[-80.15,25.84],[-80.16,25.84],[-80.16,25.85],[-80.15,25.85]]],[[[-80.18,25.85],[-80.17,25.85],[-80.17,25.84],[-80.18,25.85]]],[[[-80.25,25.35],[-80.25,25.36],[-80.24,25.36],[-80.24,25.35],[-80.25,25.35]]],[[[-80.25,25.36],[-80.26,25.36],[-80.25,25.37],[-80.25,25.36]]],[[[-80.25,25.37],[-80.26,25.37],[-80.26,25.38],[-80.25,25.38],[-80.25,25.37]]],[[[-80.25,25.38],[-80.25,25.39],[-80.25,25.4],[-80.24,25.4],[-80.24,25.39],[-80.23,25.39],[-80.23,25.38],[-80.23,25.37],[-80.24,25.37],[-80.24,25.38],[-80.25,25.38]]],[[[-80.23,25.39],[-80.23,25.4],[-80.22,25.4],[-80.23,25.39]]],[[[-80.22,25.4],[-80.22,25.41],[-80.21,25.41],[-80.21,25.4],[-80.22,25.4]]],[[[-80.21,25.41],[-80.21,25.42],[-80.21,25.43],[-80.2,25.43],[-80.2,25.42],[-80.2,25.41],[-80.21,25.41]]],[[[-80.2,25.44],[-80.2,25.45],[-80.2,25.46],[-80.19,25.46],[-80.19,25.45],[-80.19,25.44],[-80.2,25.44]]],[[[-80.19,25.47],[-80.19,25.48],[-80.19,25.5],[-80.19,25.51],[-80.18,25.5],[-80.18,25.49],[-80.18,25.48],[-80.19,25.47]]],[[[-80.18,25.52],[-80.18,25.53],[-80.17,25.53],[-80.17,25.52],[-80.18,25.52]]]]}},
{"type":"Feature","properties":{"ugc":"FLZ174","name":"Far South Miami-Dade County","state":"FL","wfo":"MFL"},"geometry":{"type":"MultiPolygon","coordinates":[[[[-80.73,25.17],[-80.73,25.16],[-80.74,25.16],[-80.74,25.15],[-80.73,25.15],[-80.73,25.14],[-80.74,25.14],[-80.75,25.15],[-80.76,25.15],[-80.75,25.16],[-80.76,25.16],[-80.77,25.16],[-80.77,25.15],[-80.78,25.16],[-80.78,25.17],[-80.77,25.17],[-80.76,25.17],[-80.76,25.18],[-80.77,25.18],[-80.78,25.18],[-80.79,25.17],[-80.79,25.18],[-80.8,25.18],[-80.81,25.18],[-80.81,25.17],[-80.82,25.16],[-80.83,25.16],[-80.83,25.17],[-80.84,25.17],[-80.84,25.18],[-80.85,25.18],[-80.86,25.18],[-80.86,25.24],[-80.86,25.36],[-80.87,25.36],[-80.87,25.37],[-80.87,25.4],[-80.8,25.4],[-80.58,25.4],[-80.56,25.4],[-80.54,25.4],[-80.53,25.4],[-80.51,25.42],[-80.5,25.42],[-80.5,25.45],[-80.49,25.45],[-80.48,25.45],[-80.48,25.44],[-80.47,25.43],[-80.46,25.41],[-80.45,25.4],[-80.45,25.39],[-80.42,25.36],[-80.39,25.31],[-80.39,25.3],[-80.38,25.29],[-80.39,25.29],[-80.4,25.29],[-80.41,25.29],[-80.41,25.28],[-80.42,25.27],[-80.42,25.26],[-80.43,25.26],[-80.44,25.26],[-80.45,25.26],[-80.45,25.25],[-80.46,25.25],[-80.47,25.25],[-80.47,25.24],[-80.46,25.24],[-80.46,25.23],[-80.47,25.23],[-80.48,25.23],[-80.48,25.24],[-80.49,25.24],[-80.49,25.23],[-80.5,25.23],[-80.51,25.23],[-80.51,25.22],[-80.52,25.22],[-80.53,25.22],[-80.53,25.23],[-80.53,25.24],[-80.54,25.24],[-80.54,25.23],[-80.55,25.23],[-80.55,25.24],[-80.56,25.24],[-80.57,25.24],[-80.58,25.24],[-80.58,25.23],[-80.59,25.23],[-80.6,25.23],[-80.6,25.22],[-80.61,25.22],[-80.61,25.21],[-80.6,25.21],[-80.6,25.2],[-80.6,25.19],[-80.61,25.19],[-80.61,25.2],[-80.62,25.2],[-80.63,25.2],[-80.63,25.19],[-80.64,25.19],[-80.65,25.19],[-80.65,25.18],[-80.64,25.18],[-80.65,25.17],[-80.66,25.17],[-80.67,25.17],[-80.68,25.17],[-80.69,25.17],[-80.7,25.16],[-80.7,25.15],[-80.7,25.14],[-80.71,25.14],[-80.71,25.15],[-80.72,25.16],[-80.72,25.17],[-80.73,25.17]],[[-80.8,25.2],[-80.8,25.19],[-80.79,25.19],[-80.79,25.2],[-80.8,25.2]],[[-80.76,25.2],[-80.77,25.2],[-80.76,25.19],[-80.75,25.19],[-80.74,25.19],[-80.73,25.19],[-80.72,25.18],[-80.71,25.18],[-80.71,25.19],[-80.72,25.19],[-80.72,25.2],[-80.73,25.2],[-80.73,25.21],[-80.74,25.21],[-80.74,25.2],[-80.75,25.2],[-80.76,25.2]]],[[[-80.73,25.16],[-80.72,25.16],[-80.72,25.15],[-80.73,25.15],[-80.73,25.16]]],[[[-80.79,25.17],[-80.79,25.16],[-80.8,25.16],[-80.8,25.17],[-80.79,25.17]]],[[[-80.4,25.28],[-80.4,25.27],[-80.41,25.27],[-80.41,25.28],[-80.4,25.28]]],[[[-80.41,25.27],[-80.41,25.26],[-80.42,25.26],[-80.41,25.27]]],[[[-80.43,25.25],[-80.43,25.24],[-80.44,25.24],[-80.45,25.24],[-80.45,25.25],[-80.44,25.25],[-80.43,25.25]]],[[[-80.5,25.22],[-80.49,25.22],[-80.49,25.21],[-80.5,25.21],[-80.5,25.22]]],[[[-80.53,25.22],[-80.53,25.21],[-80.54,25.21],[-80.54,25.22],[-80.53,25.22]]],[[[-80.54,25.21],[-80.55,25.21],[-80.56,25.21],[-80.57,25.21],[-80.57,25.22],[-80.56,25.22],[-80.55,25.22],[-80.54,25.21]]],[[[-80.59,25.22],[-80.59,25.21],[-80.6,25.21],[-80.6,25.22],[-80.59,25.22]]],[[[-80.59,25.21],[-80.58,25.2],[-80.59,25.2],[-80.59,25.21]]],[[[-80.66,25.15],[-80.65,25.15],[-80.66,25.14],[-80.67,25.14],[-80.67,25.15],[-80.66,25.15]]]]}},
{"type":"Feature","properties":{"ugc":"FLZ201","name":"Escambia Inland","state":"FL","wfo":"MOB"},"geometry":{"type":"MultiPolygon","coordinates":[[[[-87.18,30.99],[-87.18,30.98],[-87.19,30.98],[-87.2,30.98],[-87.2,30.97],[-87.21,30.97],[-87.21,30.96],[-87.22,30.96],[-87.23,30.96],[-87.23,30.97],[-87.24,30.96],[-87.24,30.95],[-87.25,30.94],[-87.26,30.93],[-87.27,30.93],[-87.28,30.93],[-87.29,30.93],[-87.29,30.92],[-87.29,30.91],[-87.29,30.9],[-87.29,30.89],[-87.29,30.88],[-87.3,30.88],[-87.3,30.87],[-87.3,30.86],[-87.31,30.86],[-87.31,30.85],[-87.31,30.84],[-87.3,30.84],[-87.3,30.83],[-87.3,30.82],[-87.3,30.81],[-87.3,30.8],[-87.31,30.8],[-87.31,30.79],[-87.31,30.78],[-87.31,30.77],[-87.3,30.76],[-87.31,30.76],[-87.31,30.75],[-87.31,30.74],[-87.31,30.73],[-87.31,30.72],[-87.3,30.72],[-87.29,30.72],[-87.28,30.72],[-87.27,30.72],[-87.27,30.71],[-87.27,30.7],[-87.27,30.69],[-87.27,30.68],[-87.27,30.67],[-87.27,30.66],[-87.26,30.66],[-87.26,30.65],[-87.26,30.64],[-87.26,30.63],[-87.25,30.63],[-87.25,30.62],[-87.26,30.62],[-87.26,30.61],[-87.27,30.61],[-87.29,30.58],[-87.37,30.56],[-87.41,30.54],[-87.44,30.53],[-87.44,30.54],[-87.44,30.55],[-87.43,30.55],[-87.43,30.56],[-87.42,30.56],[-87.42,30.57],[-87.41,30.57],[-87.41,30.58],[-87.41,30.59],[-87.41,30.6],[-87.4,30.6],[-87.4,30.61],[-87.4,30.62],[-87.39,30.63],[-87.39,30.64],[-87.4,30.64],[-87.4,30.65],[-87.4,30.66],[-87.4,30.67],[-87.41,30.67],[-87.41,30.68],[-87.42,30.68],[-87.43,30.68],[-87.43,30.69],[-87.44,30.69],[-87.44,30.7],[-87.45,30.7],[-87.46,30.7],[-87.47,30.7],[-87.47,30.71],[-87.48,30.71],[-87.48,30.72],[-87.49,30.72],[-87.5,30.72],[-87.5,30.73],[-87.51,30.73],[-87.52,30.73],[-87.52,30.74],[-87.53,30.74],[-87.53,30.75],[-87.54,30.75],[-87.54,30.76],[-87.54,30.77],[-87.55,30.77],[-87.55,30.78],[-87.55,30.79],[-87.56,30.79],[-87.56,30.8],[-87.57,30.8],[-87.58,30.81],[-87.59,30.81],[-87.59,30.82],[-87.6,30.82],[-87.6,30.83],[-87.61,30.83],[-87.62,30.83],[-87.62,30.84],[-87.63,30.85],[-87.63,30.86],[-87.63,30.87],[-87.63,30.88],[-87.62,30.88],[-87.62,30.89],[-87.62,30.9],[-87.62,30.91],[-87.61,30.91],[-87.61,30.92],[-87.61,30.93],[-87.6,30.93],[-87.6,30.94],[-87.59,30.95],[-87.59,30.96],[-87.59,30.97],[-87.59,30.98],[-87.6,30.99],[-87.6,31.0],[-87.59,31.0],[-87.57,31.0],[-87.51,31.0],[-87.48,31.0],[-87.46,31.0],[-87.41,31.0],[-87.37,31.0],[-87.36,31.0],[-87.31,31.0],[-87.26,31.0],[-87.24,31.0],[-87.22,31.0],[-87.19,31.0],[-87.18,31.0],[-87.18,30.99]]],[[[-87.23,30.63],[-87.23,30.62],[-87.24,30.62],[-87.24,30.63],[-87.23,30.63]]],[[[-87.44,30.52],[-87.45,30.52],[-87.45,30.53],[-87.44,30.53],[-87.44,30.52]]]]}},
{"type":"Feature","properties":{"ugc":"FLZ202","name":"Escambia Coastal","state":"FL","wfo":"MOB"},"geometry":{"type":"MultiPolygon","coordinates":[[[[-87.25,30.61],[-87.24,30.6],[-87.23,30.6],[-87.23,30.59],[-87.23,30.58],[-87.22,30.58],[-87.22,30.57],[-87.22,30.56],[-87.21,30.56],[-87.21,30.55],[-87.2,30.55],[-87.19,30.55],[-87.18,30.54],[-87.19,30.54],[-87.19,30.53],[-87.18,30.53],[-87.18,30.52],[-87.17,30.52],[-87.16,30.52],[-87.16,30.51],[-87.16,30.5],[-87.16,30.49],[-87.16,30.48],[-87.16,30.47],[-87.16,30.46],[-87.17,30.45],[-87.17,30.44],[-87.17,30.43],[-87.18,30.43],[-87.18,30.42],[-87.19,30.42],[-87.2,30.42],[-87.2,30.41],[-87.21,30.41],[-87.21,30.4],[-87.22,30.4],[-87.23,30.4],[-87.24,30.4],[-87.25,30.39],[-87.26,30.39],[-87.27,30.38],[-87.27,30.37],[-87.26,30.37],[-87.26,30.36],[-87.26,30.35],[-87.27,30.35],[-87.28,30.35],[-87.29,30.35],[-87.29,30.34],[-87.3,30.34],[-87.3,30.35],[-87.31,30.35],[-87.31,30.34],[-87.32,30.34],[-87.32,30.33],[-87.31,30.33],[-87.32,30.32],[-87.33,30.32],[-87.33,30.33],[-87.34,30.33],[-87.35,30.33],[-87.36,30.33],[-87.37,30.33],[-87.37,30.32],[-87.38,30.32],[-87.39,30.32],[-87.4,30.32],[-87.4,30.31],[-87.41,30.31],[-87.42,30.31],[-87.42,30.3],[-87.43,30.3],[-87.43,30.29],[-87.44,30.29],[-87.45,30.29],[-87.46,30.29],[-87.46,30.3],[-87.45,30.3],[-87.44,30.3],[-87.44,30.31],[-87.45,30.31],[-87.46,30.31],[-87.46,30.32],[-87.45,30.32],[-87.44,30.32],[-87.44,30.33],[-87.43,30.33],[-87.43,30.34],[-87.42,30.34],[-87.42,30.35],[-87.42,30.36],[-87.43,30.36],[-87.44,30.36],[-87.44,30.37],[-87.43,30.37],[-87.43,30.38],[-87.43,30.39],[-87.42,30.39],[-87.42,30.4],[-87.41,30.4],[-87.4,30.4],[-87.39,30.4],[-87.39,30.41],[-87.38,30.41],[-87.37,30.41],[-87.36,30.42],[-87.35,30.42],[-87.34,30.42],[-87.34,30.43],[-87.34,30.44],[-87.35,30.44],[-87.35,30.45],[-87.36,30.45],[-87.36,30.46],[-87.37,30.46],[-87.38,30.46],[-87.38,30.45],[-87.39,30.45],[-87.39,30.46],[-87.4,30.46],[-87.41,30.46],[-87.42,30.46],[-87.42,30.47],[-87.43,30.47],[-87.43,30.48],[-87.43,30.49],[-87.43,30.5],[-87.44,30.5],[-87.44,30.51],[-87.45,30.51],[-87.45,30.52],[-87.44,30.53],[-87.41,30.54],[-87.37,30.56],[-87.29,30.58],[-87.27,30.61],[-87.26,30.61],[-87.25,30.61]],[[-87.18,30.44],[-87.19,30.44],[-87.19,30.43],[-87.18,30.43],[-87.18,30.44]],[[-87.28,30.38],[-87.29,30.38],[-87.3,30.38],[-87.31,30.38],[-87.31,30.37],[-87.3,30.37],[-87.29,30.37],[-87.28,30.37],[-87.28,30.38]],[[-87.33,30.37],[-87.34,30.37],[-87.34,30.36],[-87.33,30.36],[-87.33,30.37]]],[[[-87.46,30.31],[-87.46,30.3],[-87.47,30.3],[-87.47,30.31],[-87.46,30.31]]],[[[-87.49,30.31],[-87.5,30.31],[-87.5,30.32],[-87.49,30.32],[-87.48,30.32],[-87.48,30.31],[-87.49,30.31]]],[[[-86.97,30.36],[-86.98,30.36],[-86.98,30.37],[-86.97,30.37],[-86.96,30.37],[-86.95,30.37],[-86.97,30.36]]],[[[-87.02,30.35],[-87.04,30.35],[-87.03,30.36],[-87.02,30.36],[-87.01,30.36],[-87.02,30.35]]],[[[-87.07,30.34],[-87.08,30.34],[-87.08,30.35],[-87.07,30.35],[-87.06,30.35],[-87.07,30.34]]],[[[-87.12,30.33],[-87.14,30.33],[-87.15,30.33],[-87.16,30.33],[-87.16,30.34],[-87.15,30.34],[-87.14,30.34],[-87.13,30.34],[-87.12,30.34],[-87.12,30.33]]],[[[-87.18,30.32],[-87.2,30.32],[-87.2,30.33],[-87.19,30.33],[-87.18,30.33],[-87.18,30.32]]],[[[-87.29,30.32],[-87.3,30.32],[-87.3,30.33],[-87.29,30.33],[-87.28,30.33],[-87.28,30.32],[-87.29,30.32]]],[[[-87.35,30.31],[-87.36,30.31],[-87.36,30.32],[-87.35,30.32],[-87.34,30.32],[-87.35,30.31]]],[[[-87.49,30.29],[-87.5,30.28],[-87.51,30.28],[-87.51,30.29],[-87.5,30.3],[-87.49,30.3],[-87.48,30.3],[-87.48,30.29],[-87.49,30.29]]],[[[-87.53,30.28],[-87.53,30.29],[-87.52,30.29],[-87.52,30.28],[-87.53,30.28]]]]}},
{"type":"Feature","properties":{"ugc":"FLZ203","name":"Santa Rosa Inland","state":"FL","wfo":"MOB"},"geometry":{"type":"MultiPolygon","coordinates":[[[[-87.02,31.0],[-87.0,31.0],[-86.99,31.0],[-86.93,31.0],[-86.9,31.0],[-86.87,31.0],[-86.79,31.0],[-86.79,30.94],[-86.79,30.93],[-86.79,30.91],[-86.79,30.9],[-86.79,30.88],[-86.79,30.87],[-86.79,30.82],[-86.79,30.81],[-86.79,30.78],[-86.79,30.77],[-86.79,30.75],[-86.79,30.71],[-86.79,30.66],[-86.79,30.64],[-86.79,30.63],[-86.8,30.62],[-86.8,30.61],[-86.8,30.59],[-86.8,30.58],[-86.8,30.57],[-86.8,30.54],[-86.8,30.53],[-86.8,30.51],[-86.8,30.48],[-86.8,30.47],[-86.8,30.45],[-86.82,30.44],[-86.92,30.47],[-86.97,30.5],[-86.96,30.53],[-86.92,30.56],[-86.94,30.6],[-86.98,30.6],[-86.98,30.61],[-86.99,30.61],[-87.0,30.62],[-87.02,30.62],[-87.03,30.62],[-87.03,30.63],[-87.04,30.63],[-87.04,30.62],[-87.06,30.63],[-87.07,30.62],[-87.08,30.61],[-87.07,30.6],[-87.05,30.6],[-87.04,30.58],[-87.06,30.57],[-87.09,30.57],[-87.12,30.56],[-87.14,30.58],[-87.17,30.6],[-87.18,30.6],[-87.19,30.61],[-87.2,30.61],[-87.26,30.61],[-87.26,30.62],[-87.25,30.62],[-87.25,30.63],[-87.26,30.63],[-87.26,30.64],[-87.26,30.65],[-87.26,30.66],[-87.27,30.66],[-87.27,30.67],[-87.27,30.68],[-87.27,30.69],[-87.27,30.7],[-87.27,30.71],[-87.27,30.72],[-87.28,30.72],[-87.29,30.72],[-87.3,30.72],[-87.31,30.72],[-87.31,30.73],[-87.31,30.74],[-87.31,30.75],[-87.31,30.76],[-87.3,30.76],[-87.31,30.77],[-87.31,30.78],[-87.31,30.79],[-87.31,30.8],[-87.3,30.8],[-87.3,30.81],[-87.3,30.82],[-87.3,30.83],[-87.3,30.84],[-87.31,30.84],[-87.31,30.85],[-87.31,30.86],[-87.3,30.86],[-87.3,30.87],[-87.3,30.88],[-87.29,30.88],[-87.29,30.89],[-87.29,30.9],[-87.29,30.91],[-87.29,30.92],[-87.29,30.93],[-87.28,30.93],[-87.27,30.93],[-87.26,30.93],[-87.25,30.94],[-87.24,30.95],[-87.24,30.96],[-87.23,30.97],[-87.23,30.96],[-87.22,30.96],[-87.21,30.96],[-87.21,30.97],[-87.2,30.97],[-87.2,30.98],[-87.19,30.98],[-87.18,30.98],[-87.18,30.99],[-87.18,31.0],[-87.17,31.0],[-87.16,31.0],[-87.14,31.0],[-87.13,31.0],[-87.12,31.0],[-87.07,31.0],[-87.05,31.0],[-87.04,31.0],[-87.03,31.0],[-87.02,31.0]],[[-87.02,30.63],[-87.01,30.63],[-87.0,30.64],[-87.0,30.65],[-87.01,30.65],[-87.01,30.64],[-87.02,30.64],[-87.03,30.64],[-87.03,30.63],[-87.02,30.63]],[[-87.24,30.62],[-87.23,30.62],[-87.23,30.63],[-87.24,30.63],[-87.24,30.62]]]]}},
{"type":"Feature","properties":{"ugc":"FLZ204","name":"Santa Rosa Coastal","state":"FL","wfo":"MOB"},"geometry":{"type":"MultiPolygon","coordinates":[[[[-86.98,30.61],[-86.98,30.6],[-86.94,30.6],[-86.92,30.56],[-86.96,30.53],[-86.97,30.5],[-86.92,30.47],[-86.82,30.44],[-86.8,30.45],[-86.8,30.44],[-86.8,30.42],[-86.8,30.41],[-86.82,30.41],[-86.83,30.41],[-86.83,30.4],[-86.84,30.4],[-86.85,30.4],[-86.86,30.4],[-86.87,30.4],[-86.88,30.4],[-86.89,30.4],[-86.9,30.4],[-86.91,30.4],[-86.92,30.4],[-86.93,30.4],[-86.94,30.4],[-86.95,30.4],[-86.96,30.39],[-86.97,30.39],[-86.98,30.39],[-86.99,30.39],[-87.0,30.39],[-87.01,30.39],[-87.02,30.39],[-87.02,30.38],[-87.03,30.38],[-87.03,30.39],[-87.04,30.39],[-87.04,30.38],[-87.05,30.38],[-87.06,30.38],[-87.07,30.38],[-87.08,30.38],[-87.08,30.37],[-87.09,30.37],[-87.1,30.37],[-87.11,30.37],[-87.12,30.37],[-87.12,30.36],[-87.13,30.36],[-87.14,30.36],[-87.15,30.36],[-87.16,30.36],[-87.16,30.35],[-87.17,30.35],[-87.18,30.35],[-87.18,30.34],[-87.19,30.35],[-87.2,30.35],[-87.2,30.36],[-87.19,30.36],[-87.19,30.37],[-87.18,30.37],[-87.17,30.37],[-87.16,30.37],[-87.15,30.37],[-87.14,30.37],[-87.14,30.38],[-87.13,30.38],[-87.13,30.39],[-87.12,30.39],[-87.11,30.39],[-87.1,30.39],[-87.1,30.4],[-87.09,30.4],[-87.08,30.4],[-87.07,30.4],[-87.06,30.4],[-87.05,30.4],[-87.04,30.4],[-87.03,30.4],[-87.02,30.4],[-87.01,30.41],[-87.0,30.41],[-86.99,30.41],[-86.99,30.42],[-86.98,30.42],[-86.97,30.42],[-86.97,30.43],[-86.96,30.43],[-86.96,30.44],[-86.95,30.44],[-86.95,30.45],[-86.94,30.45],[-86.93,30.45],[-86.92,30.45],[-86.92,30.46],[-86.93,30.46],[-86.94,30.46],[-86.95,30.46],[-86.95,30.47],[-86.96,30.47],[-86.97,30.47],[-86.97,30.48],[-86.98,30.48],[-86.99,30.49],[-87.0,30.49],[-87.0,30.5],[-87.01,30.5],[-87.02,30.5],[-87.02,30.51],[-87.01,30.51],[-87.01,30.52],[-87.0,30.52],[-86.99,30.52],[-86.99,30.53],[-87.0,30.53],[-87.0,30.54],[-87.0,30.55],[-87.0,30.56],[-86.99,30.56],[-86.99,30.57],[-86.98,30.57],[-86.98,30.58],[-86.99,30.58],[-87.0,30.58],[-87.01,30.58],[-87.01,30.57],[-87.01,30.56],[-87.01,30.55],[-87.02,30.55],[-87.03,30.55],[-87.03,30.54],[-87.04,30.54],[-87.04,30.53],[-87.04,30.52],[-87.05,30.51],[-87.05,30.5],[-87.05,30.49],[-87.06,30.49],[-87.06,30.48],[-87.06,30.47],[-87.07,30.46],[-87.07,30.45],[-87.08,30.45],[-87.08,30.44],[-87.09,30.44],[-87.1,30.44],[-87.1,30.45],[-87.1,30.46],[-87.1,30.47],[-87.09,30.47],[-87.09,30.48],[-87.1,30.48],[-87.1,30.49],[-87.1,30.5],[-87.09,30.5],[-87.09,30.51],[-87.1,30.51],[-87.1,30.52],[-87.11,30.52],[-87.11,30.53],[-87.12,30.53],[-87.12,30.54],[-87.12,30.55],[-87.13,30.55],[-87.14,30.55],[-87.14,30.56],[-87.14,30.57],[-87.15,30.57],[-87.15,30.58],[-87.14,30.58],[-87.12,30.56],[-87.09,30.57],[-87.06,30.57],[-87.04,30.58],[-87.05,30.6],[-87.06,30.6],[-87.07,30.6],[-87.08,30.61],[-87.07,30.62],[-87.06,30.63],[-87.04,30.62],[-87.03,30.62],[-87.02,30.62],[-87.0,30.62],[-86.99,30.61],[-86.98,30.61]],[[-86.92,30.44],[-86.91,30.44],[-86.9,30.44],[-86.9,30.45],[-86.91,30.45],[-86.92,30.45],[-86.92,30.44]],[[-87.01,30.59],[-87.01,30.6],[-87.02,30.6],[-87.03,30.6],[-87.03,30.59],[-87.02,30.59],[-87.02,30.58],[-87.01,30.58],[-87.01,30.59]]],[[[-86.85,30.38],[-86.87,30.38],[-86.86,30.39],[-86.85,30.39],[-86.84,30.39],[-86.83,30.39],[-86.82,30.39],[-86.85,30.38]]],[[[-86.91,30.37],[-86.92,30.37],[-86.91,30.38],[-86.9,30.38],[-86.89,30.38],[-86.91,30.37]]],[[[-87.17,30.54],[-87.18,30.54],[-87.18,30.55],[-87.17,30.55],[-87.17,30.54]]],[[[-87.19,30.55],[-87.2,30.55],[-87.21,30.55],[-87.21,30.56],[-87.22,30.56],[-87.22,30.57],[-87.22,30.58],[-87.23,30.58],[-87.23,30.59],[-87.23,30.6],[-87.22,30.6],[-87.22,30.61],[-87.2,30.61],[-87.19,30.61],[-87.18,30.6],[-87.17,30.6],[-87.15,30.58],[-87.16,30.58],[-87.17,30.58],[-87.18,30.58],[-87.18,30.57],[-87.18,30.56],[-87.18,30.55],[-87.19,30.55]]],[[[-87.23,30.6],[-87.24,30.6],[-87.24,30.61],[-87.23,30.61],[-87.23,30.6]]]]}},
{"type":"Feature","properties":{"ugc":"FLZ205","name":"Okaloosa Inland","state":"FL","wfo":"MOB"},"geometry":{"type":"MultiPolygon","coordinates":[[[[-86.75,31.0],[-86.74,31.0],[-86.73,31.0],[-86.72,31.0],[-86.71,31.0],[-86.71,30.99],[-86.7,30.99],[-86.69,31.0],[-86.68,30.99],[-86.65,30.99],[-86.64,30.99],[-86.63,30.99],[-86.59,30.99],[-86.56,31.0],[-86.55,30.99],[-86.52,30.99],[-86.51,30.99],[-86.5,30.99],[-86.48,30.99],[-86.47,30.99],[-86.46,30.99],[-86.44,30.99],[-86.42,30.99],[-86.41,30.99],[-86.39,30.99],[-86.39,30.97],[-86.39,30.91],[-86.39,30.88],[-86.39,30.87],[-86.39,30.82],[-86.39,30.77],[-86.39,30.75],[-86.39,30.73],[-86.39,30.71],[-86.39,30.69],[-86.39,30.68],[-86.39,30.65],[-86.39,30.64],[-86.39,30.63],[-86.39,30.62],[-86.39,30.57],[-86.39,30.55],[-86.39,30.53],[-86.42,30.54],[-86.49,30.54],[-86.53,30.56],[-86.56,30.5],[-86.59,30.48],[-86.69,30.48],[-86.74,30.45],[-86.78,30.45],[-86.8,30.45],[-86.8,30.47],[-86.8,30.48],[-86.8,30.51],[-86.8,30.53],[-86.8,30.54],[-86.8,30.57],[-86.8,30.58],[-86.8,30.59],[-86.8,30.61],[-86.8,30.62],[-86.79,30.63],[-86.79,30.64],[-86.79,30.66],[-86.79,30.71],[-86.79,30.75],[-86.79,30.77],[-86.79,30.78],[-86.79,30.81],[-86.79,30.82],[-86.79,30.87],[-86.79,30.88],[-86.79,30.9],[-86.79,30.91],[-86.79,30.93],[-86.79,30.94],[-86.79,31.0],[-86.76,31.0],[-86.75,31.0]]]]}},
{"type":"Feature","properties":{"ugc":"FLZ206","name":"Okaloosa Coastal","state":"FL","wfo":"MOB"},"geometry":{"type":"MultiPolygon","coordinates":[[[[-86.39,30.45],[-86.4,30.45],[-86.4,30.46],[-86.41,30.46],[-86.42,30.45],[-86.43,30.46],[-86.43,30.47],[-86.44,30.47],[-86.44,30.48],[-86.44,30.49],[-86.44,30.5],[-86.43,30.5],[-86.42,30.5],[-86.42,30.51],[-86.43,30.51],[-86.44,30.51],[-86.45,30.51],[-86.45,30.5],[-86.45,30.49],[-86.46,30.49],[-86.47,30.49],[-86.48,30.49],[-86.48,30.48],[-86.49,30.48],[-86.49,30.47],[-86.49,30.46],[-86.5,30.46],[-86.51,30.46],[-86.52,30.46],[-86.53,30.46],[-86.54,30.46],[-86.54,30.45],[-86.55,30.44],[-86.56,30.43],[-86.57,30.43],[-86.58,30.43],[-86.59,30.43],[-86.59,30.44],[-86.59,30.45],[-86.6,30.45],[-86.6,30.44],[-86.6,30.43],[-86.61,30.43],[-86.61,30.42],[-86.6,30.42],[-86.59,30.42],[-86.59,30.41],[-86.59,30.4],[-86.58,30.4],[-86.57,30.4],[-86.56,30.4],[-86.55,30.4],[-86.55,30.39],[-86.56,30.39],[-86.58,30.39],[-86.61,30.4],[-86.62,30.4],[-86.63,30.4],[-86.64,30.41],[-86.65,30.41],[-86.66,30.41],[-86.66,30.4],[-86.67,30.4],[-86.68,30.4],[-86.68,30.41],[-86.69,30.41],[-86.7,30.41],[-86.71,30.41],[-86.72,30.41],[-86.73,30.41],[-86.74,30.41],[-86.75,30.41],[-86.75,30.4],[-86.74,30.4],[-86.73,30.4],[-86.72,30.4],[-86.71,30.4],[-86.7,30.4],[-86.69,30.4],[-86.69,30.39],[-86.71,30.39],[-86.72,30.39],[-86.73,30.39],[-86.74,30.39],[-86.75,30.39],[-86.76,30.39],[-86.76,30.4],[-86.77,30.41],[-86.78,30.41],[-86.79,30.41],[-86.8,30.41],[-86.8,30.42],[-86.8,30.44],[-86.8,30.45],[-86.78,30.45],[-86.74,30.45],[-86.69,30.48],[-86.6,30.48],[-86.6,30.47],[-86.6,30.46],[-86.59,30.46],[-86.59,30.47],[-86.59,30.48],[-86.56,30.5],[-86.53,30.56],[-86.49,30.54],[-86.42,30.54],[-86.39,30.53],[-86.39,30.45]],[[-86.48,30.5],[-86.49,30.5],[-86.49,30.49],[-86.48,30.49],[-86.48,30.5]]],[[[-86.45,30.41],[-86.44,30.41],[-86.43,30.41],[-86.43,30.4],[-86.42,30.4],[-86.41,30.4],[-86.4,30.4],[-86.39,30.4],[-86.39,30.38],[-86.4,30.38],[-86.41,30.38],[-86.42,30.38],[-86.43,30.38],[-86.44,30.38],[-86.47,30.38],[-86.51,30.38],[-86.51,30.39],[-86.51,30.4],[-86.5,30.41],[-86.49,30.41],[-86.49,30.42],[-86.48,30.41],[-86.47,30.41],[-86.46,30.41],[-86.45,30.41]]]]}},
{"type":"Feature","properties":{"ugc":"FLZ220","name":"Western Hamilton","state":"FL","wfo":"JAX"},"geometry":{"type":"MultiPolygon","coordinates":[[[[-83.27,30.63],[-83.17,30.63],[-83.14,30.61],[-83.13,30.61],[-83.12,30.6],[-83.12,30.59],[-83.11,30.58],[-83.09,30.57],[-83.09,30.56],[-83.08,30.55],[-83.07,30.54],[-83.07,30.53],[-83.07,30.52],[-83.06,30.52],[-83.05,30.51],[-83.04,30.5],[-83.03,30.49],[-82.99,30.48],[-82.98,30.47],[-82.93,30.44],[-82.92,30.44],[-82.91,30.43],[-82.88,30.39],[-82.87,30.38],[-82.86,30.37],[-82.85,30.36],[-82.84,30.35],[-82.83,30.35],[-82.83,30.34],[-82.84,30.34],[-82.85,30.34],[-82.85,30.35],[-82.86,30.35],[-82.86,30.36],[-82.87,30.36],[-82.87,30.37],[-82.88,30.37],[-82.89,30.37],[-82.89,30.38],[-82.89,30.39],[-82.9,30.39],[-82.91,30.39],[-82.9,30.38],[-82.91,30.38],[-82.92,30.39],[-82.93,30.39],[-82.94,30.4],[-82.95,30.4],[-82.95,30.41],[-82.96,30.41],[-82.96,30.42],[-82.97,30.42],[-82.98,30.42],[-82.99,30.43],[-83.0,30.43],[-83.01,30.43],[-83.01,30.42],[-83.03,30.43],[-83.04,30.43],[-83.05,30.43],[-83.06,30.43],[-83.07,30.43],[-83.08,30.43],[-83.08,30.44],[-83.09,30.44],[-83.1,30.44],[-83.11,30.43],[-83.12,30.43],[-83.13,30.43],[-83.13,30.42],[-83.14,30.42],[-83.15,30.42],[-83.16,30.42],[-83.16,30.41],[-83.16,30.4],[-83.17,30.4],[-83.18,30.4],[-83.18,30.41],[-83.19,30.41],[-83.19,30.42],[-83.2,30.42],[-83.2,30.41],[-83.21,30.41],[-83.21,30.42],[-83.22,30.42],[-83.22,30.43],[-83.22,30.44],[-83.22,30.45],[-83.22,30.46],[-83.23,30.47],[-83.24,30.47],[-83.24,30.48],[-83.24,30.49],[-83.24,30.5],[-83.24,30.51],[-83.24,30.52],[-83.24,30.53],[-83.25,30.53],[-83.25,30.54],[-83.25,30.55],[-83.26,30.55],[-83.26,30.56],[-83.26,30.57],[-83.26,30.58],[-83.26,30.59],[-83.26,30.6],[-83.27,30.61],[-83.27,30.62],[-83.27,30.63]]],[[[-83.17,30.4],[-83.16,30.39],[-83.17,30.39],[-83.18,30.39],[-83.17,30.4]]]]}},
{"type":"Feature","properties":{"ugc":"FLZ222","name":"Southern Columbia","state":"FL","wfo":"JAX"},"geometry":{"type":"MultiPolygon","coordinates":[[[[-82.79,29.93],[-82.8,29.93],[-82.8,29.94],[-82.79,29.94],[-82.79,29.95],[-82.78,29.96],[-82.77,29.96],[-82.76,29.96],[-82.76,29.97],[-82.76,29.98],[-82.76,29.99],[-82.77,29.99],[-82.79,29.99],[-82.79,30.02],[-82.79,30.06],[-82.79,30.07],[-82.79,30.11],[-82.79,30.13],[-82.79,30.2],[-82.79,30.23],[-82.79,30.24],[-82.79,30.25],[-82.79,30.27],[-82.75,30.27],[-82.72,30.25],[-82.69,30.25],[-82.67,30.24],[-82.63,30.24],[-82.58,30.24],[-82.54,30.25],[-82.51,30.25],[-82.49,30.26],[-82.48,30.26],[-82.46,30.26],[-82.46,30.22],[-82.46,30.18],[-82.46,30.16],[-82.46,30.14],[-82.46,30.13],[-82.45,30.13],[-82.45,30.12],[-82.46,30.11],[-82.46,30.1],[-82.47,30.1],[-82.48,30.09],[-82.49,30.09],[-82.5,30.09],[-82.5,30.08],[-82.51,30.08],[-82.52,30.08],[-82.52,30.07],[-82.53,30.07],[-82.53,30.06],[-82.54,30.06],[-82.54,30.05],[-82.54,30.04],[-82.54,30.03],[-82.54,30.02],[-82.55,30.02],[-82.56,30.02],[-82.57,30.01],[-82.57,30.0],[-82.57,29.99],[-82.57,29.98],[-82.57,29.97],[-82.56,29.97],[-82.55,29.96],[-82.54,29.96],[-82.53,29.96],[-82.53,29.95],[-82.53,29.94],[-82.53,29.93],[-82.54,29.93],[-82.55,29.93],[-82.56,29.93],[-82.56,29.92],[-82.57,29.92],[-82.58,29.92],[-82.58,29.91],[-82.58,29.89],[-82.59,29.89],[-82.59,29.87],[-82.59,29.86],[-82.6,29.86],[-82.6,29.85],[-82.61,29.85],[-82.62,29.86],[-82.62,29.85],[-82.63,29.85],[-82.63,29.84],[-82.63,29.83],[-82.64,29.83],[-82.65,29.83],[-82.66,29.83],[-82.67,29.83],[-82.68,29.83],[-82.69,29.83],[-82.7,29.84],[-82.71,29.84],[-82.71,29.85],[-82.72,29.85],[-82.73,29.86],[-82.74,29.86],[-82.74,29.87],[-82.75,29.87],[-82.75,29.88],[-82.75,29.89],[-82.76,29.9],[-82.77,29.9],[-82.77,29.91],[-82.77,29.92],[-82.77,29.93],[-82.78,29.93],[-82.79,29.93]]]]}},
{"type":"Feature","properties":{"ugc":"FLZ225","name":"Trout River","state":"FL","wfo":"JAX"},"geometry":{"type":"MultiPolygon","coordinates":[[[[-81.65,30.46],[-81.65,30.45],[-81.66,30.43],[-81.66,30.41],[-81.66,30.4],[-81.67,30.4],[-81.67,30.39],[-81.67,30.38],[-81.67,30.37],[-81.68,30.37],[-81.72,30.36],[-81.73,30.36],[-81.74,30.35],[-81.75,30.35],[-81.76,30.35],[-81.76,30.37],[-81.76,30.38],[-81.76,30.39],[-81.75,30.41],[-81.76,30.42],[-81.78,30.42],[-81.81,30.44],[-81.77,30.45],[-81.71,30.45],[-81.7,30.46],[-81.69,30.46],[-81.68,30.46],[-81.67,30.46],[-81.66,30.46],[-81.65,30.46]]]]}},
{"type":"Feature","properties":{"ugc":"FLZ232","name":"Western Clay","state":"FL","wfo":"JAX"},"geometry":{"type":"MultiPolygon","coordinates":[[[[-81.66,29.84],[-81.67,29.84],[-81.7,29.84],[-81.73,29.84],[-81.76,29.84],[-81.77,29.84],[-81.8,29.84],[-81.81,29.84],[-81.82,29.83],[-81.83,29.82],[-81.84,29.82],[-81.85,29.81],[-81.86,29.8],[-81.87,29.8],[-81.88,29.8],[-81.89,29.8],[-81.9,29.8],[-81.9,29.79],[-81.91,29.79],[-81.92,29.79],[-81.92,29.78],[-81.93,29.77],[-81.93,29.76],[-81.94,29.75],[-81.95,29.75],[-81.97,29.75],[-81.98,29.75],[-81.99,29.74],[-82.0,29.74],[-82.01,29.74],[-82.02,29.73],[-82.03,29.72],[-82.05,29.72],[-82.05,29.73],[-82.05,29.75],[-82.05,29.76],[-82.05,29.79],[-82.05,29.8],[-82.05,29.81],[-82.05,29.83],[-82.05,29.84],[-82.05,29.93],[-82.05,30.0],[-82.05,30.02],[-82.05,30.06],[-82.05,30.1],[-82.05,30.14],[-82.05,30.19],[-82.04,30.19],[-82.02,30.19],[-82.01,30.19],[-81.99,30.19],[-81.95,30.19],[-81.94,30.19],[-81.92,30.19],[-81.87,30.19],[-81.85,30.19],[-81.83,30.19],[-81.8,30.19],[-81.74,30.19],[-81.74,30.18],[-81.75,30.17],[-81.75,30.16],[-81.75,30.15],[-81.75,30.14],[-81.76,30.13],[-81.77,30.12],[-81.77,30.11],[-81.77,30.1],[-81.76,30.09],[-81.76,30.08],[-81.76,30.07],[-81.69,30.0],[-81.69,29.99],[-81.69,29.98],[-81.67,29.96],[-81.69,29.94],[-81.69,29.93],[-81.66,29.88],[-81.66,29.84]]]]}},
{"type":"Feature","properties":{"ugc":"FLZ233","name":"Northeast Coastal St. Johns","state":"FL","wfo":"JAX"},"geometry":{"type":"MultiPolygon","coordinates":[[[[-81.44,30.24],[-81.44,30.25],[-81.43,30.25],[-81.42,30.25],[-81.38,30.25],[-81.37,30.22],[-81.36,30.16],[-81.35,30.15],[-81.35,30.14],[-81.35,30.13],[-81.35,30.12],[-81.34,30.11],[-81.34,30.1],[-81.34,30.09],[-81.34,30.08],[-81.33,30.07],[-81.33,30.06],[-81.33,30.05],[-81.33,30.04],[-81.32,30.03],[-81.32,30.02],[-81.33,30.02],[-81.33,30.01],[-81.33,30.0],[-81.32,29.99],[-81.33,29.99],[-81.33,29.98],[-81.34,29.97],[-81.33,29.97],[-81.33,29.96],[-81.32,29.96],[-81.32,29.95],[-81.31,29.95],[-81.31,29.96],[-81.3,29.96],[-81.3,29.94],[-81.3,29.93],[-81.31,29.93],[-81.31,29.92],[-81.31,29.91],[-81.32,29.91],[-81.33,29.92],[-81.34,29.91],[-81.34,29.92],[-81.35,29.92],[-81.36,29.92],[-81.36,29.93],[-81.35,29.93],[-81.36,29.95],[-81.37,29.97],[-81.38,30.0],[-81.39,30.02],[-81.4,30.05],[-81.4,30.06],[-81.41,30.06],[-81.41,30.07],[-81.41,30.1],[-81.42,30.1],[-81.42,30.11],[-81.43,30.11],[-81.43,30.14],[-81.44,30.23],[-81.44,30.24]],[[-81.43,30.25],[-81.43,30.24],[-81.42,30.24],[-81.43,30.25]],[[-81.42,30.24],[-81.4,30.15],[-81.41,30.21],[-81.42,30.24]],[[-81.35,29.99],[-81.34,29.99],[-81.34,30.0],[-81.34,30.01],[-81.35,30.01],[-81.35,30.0],[-81.35,29.99]],[[-81.35,30.01],[-81.35,30.02],[-81.35,30.03],[-81.36,30.03],[-81.36,30.02],[-81.35,30.01]],[[-81.36,30.03],[-81.36,30.04],[-81.36,30.05],[-81.37,30.05],[-81.37,30.04],[-81.37,30.03],[-81.36,30.03]],[[-81.36,30.05],[-81.35,30.06],[-81.36,30.06],[-81.36,30.05]],[[-81.36,30.06],[-81.36,30.07],[-81.37,30.06],[-81.36,30.06]],[[-81.36,30.07],[-81.36,30.08],[-81.36,30.09],[-81.36,30.1],[-81.37,30.1],[-81.37,30.09],[-81.37,30.08],[-81.37,30.07],[-81.36,30.07]],[[-81.37,30.1],[-81.36,30.11],[-81.37,30.11],[-81.37,30.1]],[[-81.37,30.11],[-81.36,30.12],[-81.37,30.12],[-81.37,30.11]],[[-81.32,29.93],[-81.31,29.94],[-81.32,29.94],[-81.32,29.93]]],[[[-81.32,29.96],[-81.33,29.97],[-81.33,29.98],[-81.32,29.99],[-81.32,30.0],[-81.31,29.99],[-81.31,29.98],[-81.31,29.97],[-81.31,29.96],[-81.32,29.96]]],[[[-81.32,30.01],[-81.32,30.0],[-81.33,30.0],[-81.32,30.01]]],[[[-81.3,29.93],[-81.29,29.93],[-81.29,29.92],[-81.3,29.92],[-81.3,29.93]]]]}},
{"type":"Feature","properties":{"ugc":"FLZ236","name":"Western Alachua","state":"FL","wfo":"JAX"},"geometry":{"type":"MultiPolygon","coordinates":[[[[-82.29,29.48],[-82.39,29.49],[-82.41,29.48],[-82.41,29.49],[-82.45,29.49],[-82.46,29.49],[-82.47,29.49],[-82.5,29.49],[-82.5,29.48],[-82.51,29.48],[-82.55,29.48],[-82.56,29.48],[-82.56,29.5],[-82.56,29.51],[-82.56,29.54],[-82.57,29.54],[-82.59,29.54],[-82.6,29.54],[-82.61,29.54],[-82.62,29.54],[-82.66,29.54],[-82.66,29.55],[-82.66,29.56],[-82.66,29.58],[-82.66,29.61],[-82.66,29.63],[-82.66,29.65],[-82.66,29.67],[-82.66,29.69],[-82.66,29.73],[-82.66,29.79],[-82.66,29.8],[-82.66,29.82],[-82.66,29.83],[-82.65,29.83],[-82.64,29.83],[-82.63,29.83],[-82.63,29.84],[-82.63,29.85],[-82.62,29.85],[-82.62,29.86],[-82.61,29.85],[-82.6,29.85],[-82.6,29.86],[-82.59,29.86],[-82.59,29.87],[-82.59,29.89],[-82.58,29.89],[-82.58,29.91],[-82.58,29.92],[-82.57,29.92],[-82.56,29.92],[-82.56,29.93],[-82.55,29.9],[-82.54,29.86],[-82.52,29.83],[-82.51,29.81],[-82.52,29.79],[-82.51,29.78],[-82.5,29.76],[-82.49,29.75],[-82.48,29.74],[-82.47,29.72],[-82.43,29.67],[-82.4,29.64],[-82.37,29.6],[-82.35,29.56],[-82.33,29.54],[-82.31,29.52],[-82.3,29.5],[-82.29,29.48]]]]}},
{"type":"Feature","properties":{"ugc":"FLZ237","name":"Western Putnam","state":"FL","wfo":"JAX"},"geometry":{"type":"MultiPolygon","coordinates":[[[[-81.93,29.51],[-81.94,29.51],[-81.95,29.51],[-81.96,29.51],[-81.96,29.5],[-81.97,29.5],[-81.98,29.5],[-81.99,29.5],[-82.0,29.5],[-82.01,29.5],[-82.02,29.5],[-82.03,29.5],[-82.03,29.49],[-82.04,29.49],[-82.04,29.48],[-82.05,29.48],[-82.05,29.47],[-82.06,29.47],[-82.06,29.51],[-82.06,29.55],[-82.06,29.59],[-82.06,29.65],[-82.06,29.66],[-82.05,29.67],[-82.05,29.69],[-82.05,29.71],[-82.05,29.72],[-82.03,29.72],[-82.02,29.73],[-82.01,29.74],[-82.0,29.74],[-81.99,29.74],[-81.98,29.75],[-81.97,29.75],[-81.95,29.75],[-81.94,29.75],[-81.93,29.76],[-81.93,29.77],[-81.92,29.78],[-81.92,29.79],[-81.91,29.79],[-81.9,29.79],[-81.9,29.8],[-81.89,29.8],[-81.88,29.8],[-81.87,29.8],[-81.86,29.8],[-81.85,29.81],[-81.84,29.82],[-81.83,29.82],[-81.82,29.83],[-81.81,29.84],[-81.8,29.84],[-81.77,29.84],[-81.76,29.84],[-81.73,29.84],[-81.7,29.84],[-81.67,29.84],[-81.66,29.84],[-81.66,29.81],[-81.64,29.77],[-81.64,29.74],[-81.66,29.71],[-81.66,29.7],[-81.66,29.68],[-81.66,29.67],[-81.67,29.66],[-81.67,29.65],[-81.68,29.64],[-81.7,29.62],[-81.71,29.62],[-81.71,29.61],[-81.71,29.6],[-81.71,29.59],[-81.72,29.58],[-81.72,29.57],[-81.73,29.57],[-81.73,29.56],[-81.74,29.56],[-81.74,29.55],[-81.75,29.55],[-81.75,29.54],[-81.76,29.54],[-81.74,29.47],[-81.74,29.43],[-81.76,29.43],[-81.77,29.43],[-81.78,29.49],[-81.79,29.49],[-81.81,29.49],[-81.83,29.49],[-81.84,29.49],[-81.84,29.5],[-81.84,29.51],[-81.84,29.52],[-81.85,29.52],[-81.86,29.52],[-81.87,29.52],[-81.88,29.51],[-81.89,29.51],[-81.9,29.52],[-81.91,29.51],[-81.92,29.51],[-81.93,29.51]]]]}},
{"type":"Feature","properties":{"ugc":"FLZ239","name":"Inland Levy","state":"FL","wfo":"TBW"},"geometry":{"type":"MultiPolygon","coordinates":[[[[-82.93,29.59],[-82.92,29.59],[-82.9,29.59],[-82.88,29.59],[-82.86,29.59],[-82.86,29.58],[-82.84,29.58],[-82.82,29.58],[-82.81,29.58],[-82.79,29.58],[-82.77,29.58],[-82.76,29.58],[-82.76,29.56],[-82.75,29.56],[-82.72,29.56],[-82.69,29.56],[-82.67,29.56],[-82.66,29.56],[-82.66,29.55],[-82.66,29.54],[-82.62,29.54],[-82.61,29.54],[-82.6,29.54],[-82.59,29.54],[-82.57,29.54],[-82.56,29.54],[-82.56,29.51],[-82.56,29.5],[-82.56,29.48],[-82.55,29.48],[-82.51,29.48],[-82.5,29.48],[-82.5,29.49],[-82.47,29.49],[-82.46,29.49],[-82.45,29.49],[-82.41,29.49],[-82.41,29.48],[-82.41,29.43],[-82.41,29.39],[-82.41,29.36],[-82.41,29.31],[-82.4,29.31],[-82.4,29.3],[-82.4,29.27],[-82.4,29.23],[-82.4,29.22],[-82.41,29.22],[-82.44,29.22],[-82.48,29.21],[-82.51,29.21],[-82.53,29.21],[-82.54,29.21],[-82.54,29.19],[-82.54,29.16],[-82.54,29.14],[-82.54,29.11],[-82.54,29.09],[-82.53,29.05],[-82.54,29.05],[-82.53,29.04],[-82.54,29.04],[-82.55,29.04],[-82.56,29.03],[-82.56,29.04],[-82.57,29.04],[-82.57,29.03],[-82.58,29.03],[-82.59,29.03],[-82.6,29.03],[-82.6,29.02],[-82.6,29.01],[-82.61,29.01],[-82.62,29.01],[-82.63,29.01],[-82.63,29.02],[-82.64,29.02],[-82.66,29.06],[-82.68,29.16],[-82.77,29.27],[-82.88,29.37],[-82.98,29.46],[-82.99,29.47],[-82.99,29.48],[-82.98,29.48],[-82.98,29.49],[-82.98,29.5],[-82.98,29.51],[-82.98,29.52],[-82.97,29.52],[-82.97,29.53],[-82.98,29.53],[-82.98,29.54],[-82.97,29.54],[-82.97,29.55],[-82.96,29.55],[-82.95,29.56],[-82.95,29.57],[-82.95,29.58],[-82.94,29.58],[-82.94,29.59],[-82.93,29.59]]]]}},
{"type":"Feature","properties":{"ugc":"FLZ240","name":"Central Marion","state":"FL","wfo":"JAX"},"geometry":{"type":"MultiPolygon","coordinates":[[[[-82.21,29.46],[-82.22,29.46],[-82.21,29.45],[-82.21,29.44],[-82.21,29.43],[-82.2,29.43],[-82.2,29.42],[-82.19,29.42],[-82.18,29.42],[-82.17,29.42],[-82.17,29.43],[-82.16,29.43],[-82.15,29.42],[-82.14,29.42],[-82.14,29.43],[-82.13,29.43],[-82.12,29.43],[-82.11,29.43],[-82.11,29.44],[-82.1,29.44],[-82.1,29.43],[-82.09,29.43],[-82.09,29.44],[-82.08,29.44],[-82.07,29.44],[-82.06,29.44],[-82.06,29.45],[-82.06,29.46],[-82.06,29.47],[-82.05,29.47],[-82.05,29.48],[-82.04,29.48],[-82.04,29.49],[-82.03,29.49],[-82.03,29.5],[-82.02,29.5],[-82.01,29.5],[-82.0,29.5],[-81.99,29.5],[-81.98,29.5],[-81.97,29.5],[-81.96,29.5],[-81.96,29.51],[-81.95,29.51],[-81.94,29.51],[-81.93,29.51],[-81.92,29.51],[-81.91,29.51],[-81.91,29.5],[-81.92,29.5],[-81.91,29.49],[-81.91,29.48],[-81.92,29.48],[-81.92,29.47],[-81.92,29.46],[-81.93,29.45],[-81.93,29.44],[-81.93,29.43],[-81.93,29.42],[-81.92,29.42],[-81.92,29.41],[-81.91,29.4],[-81.9,29.39],[-81.9,29.38],[-81.9,29.37],[-81.89,29.36],[-81.89,29.35],[-81.89,29.34],[-81.89,29.33],[-81.89,29.32],[-81.9,29.32],[-81.91,29.31],[-81.92,29.3],[-81.92,29.29],[-81.93,29.28],[-81.94,29.27],[-81.95,29.26],[-81.96,29.26],[-81.96,29.25],[-81.97,29.25],[-81.97,29.24],[-81.97,29.23],[-81.98,29.23],[-81.98,29.22],[-81.99,29.22],[-81.99,29.21],[-81.99,29.2],[-81.99,29.18],[-81.99,29.17],[-81.98,29.17],[-81.98,29.16],[-81.98,29.15],[-81.97,29.15],[-81.96,29.14],[-81.95,29.14],[-81.95,29.13],[-81.94,29.13],[-81.93,29.13],[-81.93,29.12],[-81.92,29.11],[-81.92,29.1],[-81.91,29.09],[-81.9,29.08],[-81.89,29.08],[-81.88,29.07],[-81.87,29.07],[-81.86,29.07],[-81.86,29.06],[-81.86,29.05],[-81.85,29.04],[-81.85,29.03],[-81.84,29.02],[-81.84,29.01],[-81.84,29.0],[-81.84,28.99],[-81.84,28.98],[-81.84,28.97],[-81.84,28.96],[-81.85,28.96],[-81.87,28.96],[-81.88,28.96],[-81.89,28.96],[-81.9,28.96],[-81.94,28.96],[-81.95,28.96],[-81.97,28.96],[-82.0,28.96],[-82.03,28.96],[-82.12,28.96],[-82.13,28.96],[-82.13,28.98],[-82.15,29.0],[-82.15,29.01],[-82.16,29.03],[-82.17,29.05],[-82.18,29.07],[-82.19,29.08],[-82.18,29.11],[-82.19,29.15],[-82.18,29.22],[-82.2,29.28],[-82.21,29.32],[-82.22,29.34],[-82.23,29.38],[-82.25,29.41],[-82.26,29.42],[-82.27,29.45],[-82.27,29.47],[-82.29,29.48],[-82.22,29.48],[-82.21,29.48],[-82.21,29.47],[-82.2,29.47],[-82.2,29.46],[-82.21,29.46]]],[[[-82.2,29.46],[-82.19,29.46],[-82.19,29.45],[-82.2,29.46]]]]}},
{"type":"Feature","properties":{"ugc":"FLZ242","name":"Inland Citrus","state":"FL","wfo":"TBW"},"geometry":{"type":"MultiPolygon","coordinates":[[[[-82.56,29.03],[-82.55,29.04],[-82.54,29.04],[-82.53,29.04],[-82.52,29.04],[-82.51,29.04],[-82.5,29.04],[-82.49,29.05],[-82.48,29.05],[-82.47,29.05],[-82.46,29.05],[-82.45,29.04],[-82.44,29.04],[-82.44,29.03],[-82.43,29.03],[-82.43,29.02],[-82.42,29.02],[-82.42,29.01],[-82.41,29.01],[-82.41,29.02],[-82.4,29.02],[-82.4,29.01],[-82.39,29.01],[-82.38,29.01],[-82.38,29.0],[-82.37,29.0],[-82.36,29.0],[-82.36,28.99],[-82.35,28.99],[-82.34,28.99],[-82.34,28.98],[-82.33,28.98],[-82.32,28.98],[-82.32,28.97],[-82.31,28.97],[-82.31,28.96],[-82.31,28.95],[-82.3,28.95],[-82.3,28.94],[-82.29,28.94],[-82.29,28.93],[-82.28,28.92],[-82.28,28.91],[-82.28,28.9],[-82.27,28.9],[-82.27,28.89],[-82.26,28.89],[-82.25,28.88],[-82.24,28.88],[-82.24,28.87],[-82.24,28.86],[-82.23,28.86],[-82.23,28.85],[-82.22,28.85],[-82.21,28.84],[-82.2,28.83],[-82.19,28.83],[-82.18,28.82],[-82.18,28.81],[-82.18,28.8],[-82.17,28.8],[-82.17,28.79],[-82.18,28.79],[-82.18,28.78],[-82.19,28.78],[-82.19,28.77],[-82.18,28.77],[-82.18,28.76],[-82.19,28.76],[-82.2,28.76],[-82.21,28.76],[-82.21,28.75],[-82.22,28.75],[-82.22,28.74],[-82.23,28.74],[-82.23,28.73],[-82.24,28.73],[-82.24,28.72],[-82.25,28.72],[-82.25,28.71],[-82.25,28.7],[-82.25,28.69],[-82.26,28.69],[-82.26,28.68],[-82.26,28.67],[-82.27,28.67],[-82.32,28.67],[-82.35,28.67],[-82.37,28.67],[-82.42,28.67],[-82.42,28.69],[-82.46,28.7],[-82.48,28.69],[-82.55,28.69],[-82.55,28.72],[-82.55,28.76],[-82.55,28.78],[-82.57,28.79],[-82.58,28.8],[-82.58,28.81],[-82.58,28.82],[-82.58,28.83],[-82.58,28.87],[-82.58,28.89],[-82.59,28.9],[-82.64,29.02],[-82.63,29.02],[-82.63,29.01],[-82.62,29.01],[-82.61,29.01],[-82.6,29.01],[-82.6,29.02],[-82.6,29.03],[-82.59,29.03],[-82.58,29.03],[-82.57,29.03],[-82.57,29.04],[-82.56,29.04],[-82.56,29.03]]]]}},
{"type":"Feature","properties":{"ugc":"FLZ247","name":"Inland Northern Brevard","state":"FL","wfo":"MLB"},"geometry":{"type":"MultiPolygon","coordinates":[[[[-80.97,28.61],[-80.96,28.61],[-80.97,28.67],[-80.97,28.7],[-80.97,28.73],[-80.97,28.74],[-80.97,28.79],[-80.94,28.79],[-80.92,28.79],[-80.91,28.79],[-80.9,28.79],[-80.89,28.74],[-80.89,28.72],[-80.85,28.62],[-80.85,28.52],[-80.82,28.48],[-80.82,28.41],[-80.89,28.41],[-80.89,28.42],[-80.9,28.42],[-80.9,28.43],[-80.9,28.44],[-80.89,28.44],[-80.89,28.45],[-80.9,28.45],[-80.9,28.46],[-80.89,28.46],[-80.89,28.47],[-80.88,28.47],[-80.87,28.47],[-80.87,28.48],[-80.88,28.48],[-80.88,28.49],[-80.88,28.5],[-80.88,28.51],[-80.89,28.51],[-80.9,28.51],[-80.91,28.51],[-80.91,28.52],[-80.92,28.52],[-80.92,28.53],[-80.93,28.53],[-80.94,28.53],[-80.94,28.54],[-80.93,28.54],[-80.93,28.55],[-80.93,28.56],[-80.93,28.57],[-80.94,28.57],[-80.94,28.58],[-80.95,28.58],[-80.95,28.59],[-80.95,28.6],[-80.96,28.6],[-80.97,28.61]]]]}},
{"type":"Feature","properties":{"ugc":"FLZ248","name":"Inland Hernando","state":"FL","wfo":"TBW"},"geometry":{"type":"MultiPolygon","coordinates":[[[[-82.42,28.69],[-82.42,28.67],[-82.37,28.67],[-82.35,28.67],[-82.32,28.67],[-82.27,28.67],[-82.27,28.66],[-82.27,28.65],[-82.26,28.65],[-82.26,28.64],[-82.26,28.63],[-82.25,28.63],[-82.25,28.62],[-82.24,28.62],[-82.24,28.61],[-82.23,28.61],[-82.23,28.6],[-82.22,28.6],[-82.22,28.59],[-82.22,28.58],[-82.21,28.57],[-82.2,28.57],[-82.2,28.58],[-82.19,28.58],[-82.19,28.57],[-82.18,28.57],[-82.17,28.57],[-82.17,28.56],[-82.16,28.57],[-82.15,28.57],[-82.14,28.57],[-82.14,28.56],[-82.13,28.55],[-82.13,28.54],[-82.12,28.54],[-82.11,28.54],[-82.1,28.54],[-82.1,28.53],[-82.09,28.52],[-82.09,28.53],[-82.08,28.53],[-82.07,28.53],[-82.06,28.53],[-82.06,28.52],[-82.05,28.52],[-82.05,28.5],[-82.06,28.48],[-82.2,28.48],[-82.22,28.48],[-82.25,28.48],[-82.25,28.44],[-82.27,28.43],[-82.32,28.43],[-82.37,28.43],[-82.38,28.43],[-82.41,28.43],[-82.45,28.43],[-82.49,28.43],[-82.5,28.43],[-82.53,28.43],[-82.55,28.43],[-82.59,28.43],[-82.6,28.43],[-82.58,28.51],[-82.57,28.51],[-82.57,28.52],[-82.55,28.6],[-82.55,28.64],[-82.55,28.69],[-82.48,28.69],[-82.46,28.7],[-82.42,28.69]]]]}},
{"type":"Feature","properties":{"ugc":"FLZ249","name":"Inland Pasco","state":"FL","wfo":"TBW"},"geometry":{"type":"MultiPolygon","coordinates":[[[[-82.06,28.48],[-82.06,28.43],[-82.06,28.32],[-82.06,28.31],[-82.06,28.3],[-82.06,28.28],[-82.06,28.26],[-82.08,28.26],[-82.1,28.26],[-82.11,28.26],[-82.11,28.25],[-82.11,28.22],[-82.11,28.17],[-82.12,28.17],[-82.14,28.17],[-82.18,28.17],[-82.21,28.17],[-82.23,28.17],[-82.26,28.17],[-82.33,28.17],[-82.35,28.17],[-82.37,28.17],[-82.38,28.17],[-82.39,28.17],[-82.42,28.17],[-82.45,28.17],[-82.46,28.17],[-82.5,28.17],[-82.52,28.17],[-82.56,28.17],[-82.57,28.17],[-82.58,28.17],[-82.59,28.17],[-82.62,28.17],[-82.65,28.17],[-82.63,28.23],[-82.62,28.27],[-82.61,28.31],[-82.61,28.34],[-82.61,28.35],[-82.61,28.37],[-82.62,28.38],[-82.6,28.41],[-82.6,28.43],[-82.59,28.43],[-82.55,28.43],[-82.53,28.43],[-82.5,28.43],[-82.49,28.43],[-82.45,28.43],[-82.41,28.43],[-82.38,28.43],[-82.37,28.43],[-82.32,28.43],[-82.27,28.43],[-82.25,28.44],[-82.25,28.48],[-82.22,28.48],[-82.2,28.48],[-82.06,28.48]]]]}},
{"type":"Feature","properties":{"ugc":"FLZ251","name":"Inland Hillsborough","state":"FL","wfo":"TBW"},"geometry":{"type":"MultiPolygon","coordinates":[[[[-82.59,28.17],[-82.58,28.17],[-82.57,28.17],[-82.56,28.17],[-82.52,28.17],[-82.5,28.17],[-82.46,28.17],[-82.45,28.17],[-82.42,28.17],[-82.39,28.17],[-82.38,28.17],[-82.37,28.17],[-82.35,28.17],[-82.33,28.17],[-82.26,28.17],[-82.23,28.17],[-82.21,28.17],[-82.18,28.17],[-82.14,28.17],[-82.12,28.17],[-82.11,28.17],[-82.06,28.17],[-82.06,28.13],[-82.06,28.12],[-82.06,28.11],[-82.06,28.1],[-82.06,28.07],[-82.06,28.04],[-82.06,28.03],[-82.06,27.99],[-82.06,27.93],[-82.05,27.87],[-82.05,27.85],[-82.05,27.82],[-82.05,27.78],[-82.05,27.73],[-82.05,27.7],[-82.05,27.68],[-82.05,27.66],[-82.05,27.65],[-82.06,27.65],[-82.12,27.65],[-82.13,27.65],[-82.16,27.65],[-82.21,27.65],[-82.22,27.65],[-82.25,27.65],[-82.27,27.65],[-82.28,27.65],[-82.29,27.65],[-82.31,27.65],[-82.34,27.65],[-82.38,27.65],[-82.45,27.65],[-82.44,27.66],[-82.44,27.67],[-82.43,27.67],[-82.42,27.69],[-82.42,27.7],[-82.41,27.7],[-82.39,27.71],[-82.38,27.72],[-82.38,27.74],[-82.38,27.75],[-82.36,27.77],[-82.36,27.8],[-82.35,27.83],[-82.35,27.84],[-82.35,27.85],[-82.35,27.86],[-82.35,27.88],[-82.35,27.89],[-82.34,27.9],[-82.34,27.91],[-82.34,27.92],[-82.33,27.93],[-82.33,27.94],[-82.34,27.99],[-82.36,28.03],[-82.37,28.04],[-82.42,28.07],[-82.46,28.08],[-82.5,28.07],[-82.54,28.07],[-82.56,28.08],[-82.59,28.1],[-82.61,28.13],[-82.62,28.15],[-82.63,28.16],[-82.65,28.17],[-82.62,28.17],[-82.59,28.17]]]]}},
{"type":"Feature","properties":{"ugc":"FLZ254","name":"Inland Indian River","state":"FL","wfo":"MLB"},"geometry":{"type":"MultiPolygon","coordinates":[[[[-80.55,27.82],[-80.55,27.81],[-80.55,27.76],[-80.54,27.71],[-80.53,27.66],[-80.51,27.63],[-80.52,27.62],[-80.49,27.57],[-80.48,27.56],[-80.51,27.56],[-80.52,27.56],[-80.53,27.56],[-80.63,27.56],[-80.68,27.56],[-80.7,27.56],[-80.71,27.56],[-80.73,27.56],[-80.74,27.56],[-80.75,27.56],[-80.77,27.56],[-80.78,27.56],[-80.78,27.62],[-80.78,27.63],[-80.78,27.64],[-80.81,27.64],[-80.83,27.64],[-80.84,27.64],[-80.86,27.64],[-80.87,27.64],[-80.87,27.65],[-80.87,27.66],[-80.87,27.73],[-80.88,27.73],[-80.88,27.75],[-80.88,27.77],[-80.88,27.81],[-80.88,27.82],[-80.87,27.82],[-80.84,27.82],[-80.82,27.82],[-80.77,27.82],[-80.74,27.82],[-80.71,27.82],[-80.66,27.82],[-80.61,27.82],[-80.55,27.82]]]]}},
{"type":"Feature","properties":{"ugc":"FLZ255","name":"Inland Manatee","state":"FL","wfo":"TBW"},"geometry":{"type":"MultiPolygon","coordinates":[[[[-82.48,27.51],[-82.48,27.52],[-82.47,27.52],[-82.46,27.52],[-82.46,27.53],[-82.47,27.53],[-82.48,27.53],[-82.49,27.53],[-82.5,27.53],[-82.51,27.53],[-82.51,27.54],[-82.51,27.59],[-82.51,27.61],[-82.49,27.62],[-82.48,27.63],[-82.46,27.65],[-82.38,27.65],[-82.34,27.65],[-82.31,27.65],[-82.29,27.65],[-82.28,27.65],[-82.27,27.65],[-82.25,27.65],[-82.22,27.65],[-82.21,27.65],[-82.16,27.65],[-82.13,27.65],[-82.12,27.65],[-82.06,27.65],[-82.05,27.65],[-82.05,27.59],[-82.05,27.57],[-82.05,27.56],[-82.06,27.51],[-82.06,27.47],[-82.06,27.34],[-82.06,27.29],[-82.06,27.26],[-82.06,27.25],[-82.06,27.21],[-82.1,27.21],[-82.16,27.21],[-82.25,27.21],[-82.25,27.28],[-82.25,27.35],[-82.25,27.37],[-82.25,27.39],[-82.3,27.39],[-82.31,27.39],[-82.37,27.39],[-82.44,27.39],[-82.45,27.39],[-82.45,27.4],[-82.45,27.41],[-82.46,27.41],[-82.46,27.42],[-82.46,27.44],[-82.46,27.46],[-82.46,27.47],[-82.46,27.48],[-82.47,27.49],[-82.48,27.5],[-82.48,27.51]],[[-82.45,27.41],[-82.44,27.41],[-82.44,27.42],[-82.45,27.42],[-82.45,27.41]]],[[[-82.5,27.52],[-82.49,27.52],[-82.49,27.51],[-82.5,27.52]]]]}},
{"type":"Feature","properties":{"ugc":"FLZ259","name":"Inland St. Lucie","state":"FL","wfo":"MLB"},"geometry":{"type":"MultiPolygon","coordinates":[[[[-80.51,27.56],[-80.48,27.56],[-80.46,27.54],[-80.45,27.52],[-80.43,27.47],[-80.4,27.46],[-80.4,27.45],[-80.39,27.44],[-80.39,27.4],[-80.39,27.39],[-80.38,27.37],[-80.37,27.35],[-80.37,27.33],[-80.37,27.31],[-80.37,27.3],[-80.36,27.27],[-80.35,27.26],[-80.34,27.22],[-80.33,27.21],[-80.37,27.21],[-80.38,27.21],[-80.4,27.21],[-80.48,27.21],[-80.54,27.21],[-80.55,27.21],[-80.57,27.21],[-80.64,27.21],[-80.68,27.21],[-80.68,27.24],[-80.68,27.25],[-80.68,27.29],[-80.68,27.3],[-80.68,27.37],[-80.68,27.38],[-80.68,27.39],[-80.68,27.41],[-80.68,27.43],[-80.68,27.45],[-80.68,27.46],[-80.68,27.47],[-80.68,27.5],[-80.68,27.53],[-80.68,27.56],[-80.63,27.56],[-80.53,27.56],[-80.52,27.56],[-80.51,27.56]]]]}},
{"type":"Feature","properties":{"ugc":"FLZ260","name":"Inland Sarasota","state":"FL","wfo":"TBW"},"geometry":{"type":"MultiPolygon","coordinates":[[[[-82.45,27.39],[-82.44,27.39],[-82.37,27.39],[-82.31,27.39],[-82.3,27.39],[-82.25,27.39],[-82.25,27.37],[-82.25,27.35],[-82.25,27.28],[-82.25,27.21],[-82.16,27.21],[-82.1,27.21],[-82.06,27.21],[-82.06,27.15],[-82.06,27.13],[-82.06,27.12],[-82.06,27.06],[-82.06,27.03],[-82.1,27.03],[-82.15,27.03],[-82.16,27.03],[-82.19,27.03],[-82.2,27.03],[-82.21,27.03],[-82.22,27.03],[-82.26,27.03],[-82.29,27.1],[-82.31,27.11],[-82.32,27.11],[-82.43,27.17],[-82.44,27.19],[-82.44,27.2],[-82.44,27.21],[-82.45,27.22],[-82.45,27.23],[-82.45,27.25],[-82.45,27.26],[-82.45,27.27],[-82.45,27.32],[-82.45,27.33],[-82.45,27.34],[-82.45,27.35],[-82.45,27.37],[-82.45,27.38],[-82.45,27.39]]]]}},
{"type":"Feature","properties":{"ugc":"FLZ262","name":"Inland Charlotte","state":"FL","wfo":"TBW"},"geometry":{"type":"MultiPolygon","coordinates":[[[[-81.96,27.03],[-81.93,27.03],[-81.88,27.03],[-81.85,27.03],[-81.81,27.03],[-81.75,27.03],[-81.74,27.03],[-81.73,27.03],[-81.66,27.03],[-81.56,27.03],[-81.56,27.01],[-81.56,27.0],[-81.56,26.95],[-81.56,26.94],[-81.56,26.91],[-81.56,26.9],[-81.56,26.88],[-81.56,26.86],[-81.56,26.85],[-81.56,26.84],[-81.57,26.82],[-81.57,26.8],[-81.57,26.79],[-81.57,26.78],[-81.57,26.77],[-81.58,26.77],[-81.61,26.77],[-81.65,26.77],[-81.68,26.77],[-81.7,26.77],[-81.73,26.77],[-81.74,26.77],[-81.79,26.77],[-81.81,26.77],[-81.83,26.77],[-81.84,26.77],[-81.86,26.77],[-81.88,26.77],[-81.89,26.77],[-81.93,26.77],[-81.95,26.98],[-81.97,27.04],[-81.96,27.03]]]]}},
{"type":"Feature","properties":{"ugc":"FLZ264","name":"Inland Martin","state":"FL","wfo":"MLB"},"geometry":{"type":"MultiPolygon","coordinates":[[[[-80.62,27.0],[-80.63,27.02],[-80.63,27.03],[-80.64,27.05],[-80.65,27.05],[-80.65,27.07],[-80.66,27.08],[-80.66,27.09],[-80.66,27.1],[-80.66,27.11],[-80.67,27.11],[-80.67,27.12],[-80.68,27.12],[-80.68,27.13],[-80.68,27.14],[-80.68,27.16],[-80.68,27.21],[-80.64,27.21],[-80.57,27.21],[-80.55,27.21],[-80.54,27.21],[-80.48,27.21],[-80.4,27.21],[-80.38,27.21],[-80.37,27.21],[-80.33,27.21],[-80.32,27.19],[-80.27,27.12],[-80.27,27.11],[-80.26,27.1],[-80.24,27.06],[-80.24,27.05],[-80.24,27.04],[-80.24,27.03],[-80.23,27.02],[-80.19,26.99],[-80.18,26.98],[-80.17,26.96],[-80.18,26.96],[-80.2,26.96],[-80.23,26.96],[-80.24,26.96],[-80.26,26.96],[-80.29,26.96],[-80.36,26.96],[-80.38,26.96],[-80.42,26.96],[-80.48,26.96],[-80.5,26.96],[-80.61,26.96],[-80.61,26.97],[-80.62,26.99],[-80.62,27.0]]]]}},
{"type":"Feature","properties":{"ugc":"FLZ265","name":"Inland Lee","state":"FL","wfo":"TBW"},"geometry":{"type":"MultiPolygon","coordinates":[[[[-81.92,26.61],[-81.91,26.61],[-81.91,26.6],[-81.92,26.6],[-81.93,26.6],[-81.93,26.59],[-81.94,26.61],[-81.94,26.62],[-81.94,26.65],[-81.94,26.67],[-81.94,26.7],[-81.94,26.71],[-81.93,26.76],[-81.93,26.77],[-81.89,26.77],[-81.88,26.77],[-81.86,26.77],[-81.84,26.77],[-81.83,26.77],[-81.81,26.77],[-81.79,26.77],[-81.74,26.77],[-81.73,26.77],[-81.7,26.77],[-81.68,26.77],[-81.65,26.77],[-81.61,26.77],[-81.58,26.77],[-81.57,26.77],[-81.57,26.76],[-81.57,26.71],[-81.57,26.69],[-81.57,26.65],[-81.57,26.64],[-81.57,26.63],[-81.56,26.58],[-81.56,26.56],[-81.56,26.54],[-81.56,26.53],[-81.56,26.52],[-81.56,26.51],[-81.56,26.47],[-81.56,26.45],[-81.56,26.43],[-81.56,26.42],[-81.57,26.42],[-81.58,26.42],[-81.61,26.42],[-81.62,26.42],[-81.64,26.42],[-81.66,26.42],[-81.66,26.38],[-81.66,26.32],[-81.69,26.32],[-81.71,26.32],[-81.74,26.32],[-81.75,26.32],[-81.75,26.33],[-81.75,26.34],[-81.75,26.35],[-81.76,26.35],[-81.76,26.36],[-81.77,26.37],[-81.77,26.38],[-81.77,26.39],[-81.77,26.4],[-81.77,26.41],[-81.78,26.43],[-81.78,26.44],[-81.79,26.46],[-81.79,26.47],[-81.79,26.49],[-81.8,26.5],[-81.87,26.53],[-81.91,26.57],[-81.9,26.57],[-81.9,26.58],[-81.9,26.59],[-81.89,26.6],[-81.89,26.62],[-81.89,26.63],[-81.88,26.63],[-81.88,26.64],[-81.87,26.64],[-81.87,26.65],[-81.86,26.65],[-81.86,26.66],[-81.85,26.66],[-81.84,26.67],[-81.83,26.67],[-81.83,26.68],[-81.82,26.68],[-81.81,26.69],[-81.81,26.7],[-81.82,26.7],[-81.83,26.69],[-81.84,26.69],[-81.85,26.69],[-81.85,26.68],[-81.86,26.68],[-81.86,26.67],[-81.87,26.67],[-81.88,26.67],[-81.88,26.66],[-81.89,26.66],[-81.89,26.65],[-81.9,26.65],[-81.9,26.64],[-81.91,26.64],[-81.91,26.63],[-81.92,26.63],[-81.92,26.62],[-81.92,26.61]],[[-81.69,26.72],[-81.69,26.73],[-81.7,26.72],[-81.69,26.72]],[[-81.7,26.72],[-81.7,26.73],[-81.71,26.73],[-81.72,26.72],[-81.71,26.72],[-81.7,26.72]],[[-81.59,26.72],[-81.6,26.72],[-81.6,26.71],[-81.59,26.71],[-81.59,26.72]],[[-81.61,26.71],[-81.62,26.72],[-81.62,26.71],[-81.61,26.71]],[[-81.76,26.72],[-81.77,26.72],[-81.77,26.71],[-81.76,26.72]],[[-81.79,26.7],[-81.8,26.7],[-81.8,26.69],[-81.79,26.7]]]]}},
{"type":"Feature","properties":{"ugc":"FLZ322","name":"Northern Columbia","state":"FL","wfo":"JAX"},"geometry":{"type":"MultiPolygon","coordinates":[[[[-82.79,30.32],[-82.78,30.32],[-82.77,30.33],[-82.76,30.33],[-82.76,30.32],[-82.75,30.32],[-82.74,30.32],[-82.74,30.33],[-82.73,30.33],[-82.72,30.33],[-82.72,30.32],[-82.71,30.32],[-82.71,30.33],[-82.7,30.33],[-82.69,30.33],[-82.69,30.34],[-82.68,30.34],[-82.68,30.35],[-82.69,30.35],[-82.68,30.36],[-82.67,30.37],[-82.66,30.37],[-82.67,30.38],[-82.66,30.38],[-82.66,30.39],[-82.65,30.39],[-82.65,30.4],[-82.65,30.41],[-82.65,30.42],[-82.65,30.43],[-82.66,30.43],[-82.66,30.44],[-82.67,30.44],[-82.67,30.45],[-82.67,30.46],[-82.68,30.46],[-82.68,30.47],[-82.69,30.47],[-82.7,30.48],[-82.7,30.49],[-82.71,30.49],[-82.71,30.5],[-82.71,30.51],[-82.72,30.51],[-82.72,30.52],[-82.73,30.53],[-82.72,30.53],[-82.72,30.54],[-82.72,30.55],[-82.73,30.56],[-82.72,30.56],[-82.72,30.57],[-82.71,30.57],[-82.71,30.58],[-82.7,30.59],[-82.7,30.6],[-82.69,30.6],[-82.67,30.6],[-82.58,30.59],[-82.57,30.59],[-82.55,30.59],[-82.53,30.59],[-82.46,30.58],[-82.46,30.47],[-82.46,30.45],[-82.46,30.44],[-82.46,30.4],[-82.46,30.35],[-82.46,30.29],[-82.46,30.26],[-82.48,30.26],[-82.49,30.26],[-82.51,30.25],[-82.54,30.25],[-82.58,30.24],[-82.63,30.24],[-82.67,30.24],[-82.69,30.25],[-82.72,30.25],[-82.75,30.27],[-82.76,30.28],[-82.78,30.29],[-82.78,30.3],[-82.79,30.3],[-82.79,30.31],[-82.79,30.32]]]]}},
{"type":"Feature","properties":{"ugc":"FLZ325","name":"South Central Duval","state":"FL","wfo":"JAX"},"geometry":{"type":"MultiPolygon","coordinates":[[[[-81.74,30.19],[-81.74,30.21],[-81.74,30.22],[-81.74,30.23],[-81.74,30.24],[-81.74,30.25],[-81.74,30.26],[-81.74,30.27],[-81.76,30.27],[-81.76,30.28],[-81.76,30.29],[-81.75,30.29],[-81.75,30.3],[-81.74,30.31],[-81.72,30.32],[-81.7,30.32],[-81.69,30.32],[-81.68,30.32],[-81.66,30.31],[-81.65,30.31],[-81.64,30.31],[-81.64,30.3],[-81.63,30.3],[-81.63,30.29],[-81.62,30.29],[-81.61,30.26],[-81.6,30.25],[-81.59,30.25],[-81.57,30.22],[-81.56,30.2],[-81.56,30.19],[-81.56,30.18],[-81.56,30.17],[-81.55,30.17],[-81.54,30.14],[-81.53,30.13],[-81.5,30.1],[-81.54,30.1],[-81.54,30.12],[-81.56,30.12],[-81.57,30.12],[-81.58,30.13],[-81.59,30.13],[-81.6,30.13],[-81.61,30.13],[-81.62,30.13],[-81.63,30.13],[-81.65,30.12],[-81.67,30.12],[-81.68,30.12],[-81.69,30.13],[-81.69,30.14],[-81.69,30.16],[-81.69,30.17],[-81.68,30.18],[-81.68,30.19],[-81.69,30.19],[-81.7,30.19],[-81.71,30.19],[-81.73,30.19],[-81.74,30.19]]]]}},
{"type":"Feature","properties":{"ugc":"FLZ326","name":"Northern Liberty","state":"FL","wfo":"TAE"},"geometry":{"type":"MultiPolygon","coordinates":[[[[-85.11,30.21],[-85.1,30.21],[-85.1,30.22],[-85.09,30.22],[-85.09,30.23],[-85.08,30.23],[-85.08,30.24],[-85.08,30.25],[-85.07,30.25],[-85.07,30.26],[-85.06,30.26],[-85.06,30.27],[-85.06,30.28],[-85.06,30.29],[-85.05,30.29],[-85.06,30.3],[-85.05,30.3],[-85.05,30.31],[-85.04,30.31],[-85.03,30.31],[-85.04,30.32],[-85.05,30.32],[-85.04,30.33],[-85.05,30.33],[-85.05,30.34],[-85.04,30.35],[-85.04,30.36],[-85.03,30.36],[-85.03,30.37],[-85.04,30.37],[-85.04,30.38],[-85.03,30.38],[-85.02,30.38],[-85.02,30.39],[-85.01,30.39],[-85.02,30.4],[-85.03,30.4],[-85.03,30.41],[-85.03,30.42],[-85.03,30.43],[-85.02,30.43],[-85.01,30.44],[-85.0,30.44],[-84.99,30.44],[-84.98,30.44],[-84.98,30.45],[-84.99,30.45],[-85.0,30.45],[-85.0,30.46],[-84.99,30.46],[-84.99,30.47],[-85.0,30.47],[-85.0,30.48],[-85.0,30.49],[-84.99,30.49],[-84.99,30.5],[-84.99,30.51],[-84.99,30.52],[-84.99,30.53],[-84.98,30.53],[-84.98,30.54],[-84.98,30.55],[-84.97,30.55],[-84.97,30.56],[-84.96,30.56],[-84.96,30.57],[-84.97,30.57],[-84.97,30.58],[-84.96,30.58],[-84.95,30.58],[-84.94,30.58],[-84.94,30.59],[-84.94,30.6],[-84.93,30.6],[-84.93,30.61],[-84.91,30.61],[-84.88,30.61],[-84.88,30.56],[-84.88,30.55],[-84.88,30.53],[-84.87,30.53],[-84.82,30.53],[-84.82,30.52],[-84.81,30.52],[-84.8,30.52],[-84.79,30.52],[-84.78,30.52],[-84.78,30.46],[-84.76,30.46],[-84.75,30.46],[-84.71,30.46],[-84.71,30.42],[-84.7,30.42],[-84.69,30.42],[-84.68,30.42],[-84.68,30.39],[-84.67,30.39],[-84.65,30.39],[-84.66,30.38],[-84.66,30.37],[-84.67,30.37],[-84.68,30.37],[-84.68,30.36],[-84.69,30.35],[-84.7,30.35],[-84.7,30.34],[-84.71,30.34],[-84.71,30.33],[-84.71,30.32],[-84.7,30.32],[-84.71,30.31],[-84.71,30.3],[-84.73,30.3],[-85.1,30.2],[-85.12,30.2],[-85.12,30.21],[-85.11,30.21]]]]}},
{"type":"Feature","properties":{"ugc":"FLZ333","name":"Southeast Coastal St. Johns","state":"FL","wfo":"JAX"},"geometry":{"type":"MultiPolygon","coordinates":[[[[-81.29,29.81],[-81.29,29.82],[-81.29,29.83],[-81.3,29.83],[-81.3,29.84],[-81.3,29.85],[-81.3,29.86],[-81.31,29.86],[-81.3,29.87],[-81.31,29.87],[-81.31,29.88],[-81.3,29.88],[-81.3,29.89],[-81.29,29.89],[-81.29,29.9],[-81.29,29.91],[-81.28,29.91],[-81.28,29.9],[-81.27,29.89],[-81.27,29.88],[-81.27,29.87],[-81.27,29.86],[-81.26,29.86],[-81.26,29.85],[-81.26,29.84],[-81.26,29.83],[-81.26,29.82],[-81.26,29.81],[-81.26,29.79],[-81.26,29.78],[-81.27,29.78],[-81.27,29.79],[-81.27,29.8],[-81.28,29.81],[-81.29,29.81]],[[-81.29,29.89],[-81.28,29.88],[-81.28,29.89],[-81.29,29.89]]],[[[-81.36,29.84],[-81.37,29.85],[-81.36,29.85],[-81.35,29.86],[-81.34,29.86],[-81.35,29.87],[-81.35,29.88],[-81.36,29.89],[-81.36,29.9],[-81.36,29.91],[-81.36,29.92],[-81.35,29.92],[-81.34,29.92],[-81.34,29.91],[-81.33,29.92],[-81.33,29.91],[-81.33,29.9],[-81.33,29.89],[-81.32,29.89],[-81.32,29.9],[-81.32,29.91],[-81.31,29.91],[-81.31,29.9],[-81.31,29.89],[-81.31,29.88],[-81.32,29.88],[-81.32,29.87],[-81.31,29.87],[-81.31,29.86],[-81.31,29.85],[-81.3,29.84],[-81.31,29.84],[-81.31,29.83],[-81.3,29.83],[-81.3,29.82],[-81.29,29.81],[-81.29,29.8],[-81.28,29.8],[-81.28,29.79],[-81.28,29.78],[-81.28,29.77],[-81.27,29.77],[-81.27,29.76],[-81.26,29.76],[-81.26,29.75],[-81.25,29.75],[-81.24,29.74],[-81.23,29.72],[-81.23,29.71],[-81.24,29.72],[-81.25,29.73],[-81.25,29.72],[-81.25,29.71],[-81.24,29.71],[-81.24,29.7],[-81.23,29.7],[-81.22,29.7],[-81.22,29.69],[-81.22,29.68],[-81.21,29.67],[-81.22,29.67],[-81.23,29.67],[-81.23,29.66],[-81.24,29.67],[-81.24,29.66],[-81.25,29.66],[-81.26,29.67],[-81.27,29.66],[-81.28,29.65],[-81.29,29.65],[-81.3,29.65],[-81.31,29.64],[-81.32,29.65],[-81.32,29.64],[-81.33,29.64],[-81.34,29.65],[-81.33,29.66],[-81.31,29.67],[-81.31,29.68],[-81.32,29.68],[-81.32,29.69],[-81.32,29.7],[-81.32,29.71],[-81.32,29.72],[-81.31,29.72],[-81.31,29.73],[-81.31,29.75],[-81.31,29.76],[-81.32,29.76],[-81.32,29.74],[-81.33,29.76],[-81.34,29.77],[-81.33,29.78],[-81.32,29.79],[-81.32,29.8],[-81.34,29.8],[-81.34,29.81],[-81.35,29.81],[-81.36,29.81],[-81.36,29.82],[-81.35,29.83],[-81.36,29.83],[-81.36,29.84]]],[[[-81.23,29.7],[-81.24,29.71],[-81.23,29.71],[-81.23,29.7]]],[[[-81.24,29.71],[-81.25,29.72],[-81.24,29.72],[-81.24,29.71]]],[[[-81.31,29.9],[-81.3,29.9],[-81.3,29.89],[-81.31,29.9]]],[[[-81.29,29.91],[-81.3,29.91],[-81.3,29.92],[-81.29,29.92],[-81.29,29.91]]],[[[-81.26,29.78],[-81.25,29.77],[-81.25,29.76],[-81.26,29.77],[-81.26,29.78]]]]}},
{"type":"Feature","properties":{"ugc":"FLZ340","name":"Western Marion","state":"FL","wfo":"JAX"},"geometry":{"type":"MultiPolygon","coordinates":[[[[-82.53,29.04],[-82.54,29.05],[-82.53,29.05],[-82.54,29.09],[-82.54,29.11],[-82.54,29.14],[-82.54,29.16],[-82.54,29.19],[-82.54,29.21],[-82.53,29.21],[-82.51,29.21],[-82.48,29.21],[-82.44,29.22],[-82.41,29.22],[-82.4,29.22],[-82.4,29.23],[-82.4,29.27],[-82.4,29.3],[-82.4,29.31],[-82.41,29.31],[-82.41,29.36],[-82.41,29.39],[-82.41,29.43],[-82.41,29.48],[-82.39,29.49],[-82.29,29.48],[-82.27,29.47],[-82.27,29.45],[-82.26,29.42],[-82.25,29.41],[-82.23,29.38],[-82.22,29.34],[-82.21,29.32],[-82.2,29.28],[-82.18,29.22],[-82.19,29.15],[-82.18,29.11],[-82.19,29.08],[-82.18,29.07],[-82.17,29.05],[-82.16,29.03],[-82.15,29.01],[-82.15,29.0],[-82.13,28.98],[-82.13,28.96],[-82.16,28.96],[-82.22,28.96],[-82.23,28.96],[-82.25,28.96],[-82.31,28.96],[-82.31,28.97],[-82.32,28.97],[-82.32,28.98],[-82.33,28.98],[-82.34,28.98],[-82.34,28.99],[-82.35,28.99],[-82.36,28.99],[-82.36,29.0],[-82.37,29.0],[-82.38,29.0],[-82.38,29.01],[-82.39,29.01],[-82.4,29.01],[-82.4,29.02],[-82.41,29.02],[-82.41,29.01],[-82.42,29.01],[-82.42,29.02],[-82.43,29.02],[-82.43,29.03],[-82.44,29.03],[-82.44,29.04],[-82.45,29.04],[-82.46,29.05],[-82.47,29.05],[-82.48,29.05],[-82.49,29.05],[-82.5,29.04],[-82.51,29.04],[-82.52,29.04],[-82.53,29.04]]]]}},
{"type":"Feature","properties":{"ugc":"FLZ347","name":"Mainland Northern Brevard","state":"FL","wfo":"MLB"},"geometry":{"type":"MultiPolygon","coordinates":[[[[-80.84,28.76],[-80.84,28.75],[-80.84,28.74],[-80.84,28.73],[-80.84,28.72],[-80.83,28.71],[-80.83,28.7],[-80.83,28.69],[-80.83,28.68],[-80.83,28.67],[-80.82,28.66],[-80.82,28.65],[-80.82,28.64],[-80.82,28.63],[-80.82,28.62],[-80.81,28.62],[-80.8,28.62],[-80.8,28.61],[-80.81,28.61],[-80.81,28.6],[-80.8,28.6],[-80.8,28.59],[-80.8,28.58],[-80.8,28.57],[-80.8,28.56],[-80.8,28.55],[-80.79,28.55],[-80.79,28.54],[-80.78,28.54],[-80.78,28.53],[-80.78,28.51],[-80.78,28.5],[-80.78,28.49],[-80.77,28.49],[-80.77,28.48],[-80.76,28.47],[-80.76,28.45],[-80.76,28.44],[-80.75,28.43],[-80.75,28.42],[-80.75,28.41],[-80.75,28.4],[-80.76,28.4],[-80.81,28.41],[-80.82,28.41],[-80.82,28.48],[-80.85,28.52],[-80.85,28.62],[-80.89,28.72],[-80.89,28.74],[-80.9,28.79],[-80.87,28.79],[-80.85,28.79],[-80.85,28.78],[-80.84,28.77],[-80.84,28.76]]]]}},
{"type":"Feature","properties":{"ugc":"FLZ422","name":"Southeastern Columbia","state":"FL","wfo":"JAX"},"geometry":{"type":"MultiPolygon","coordinates":[[[[-82.57,29.99],[-82.57,29.98],[-82.57,29.97],[-82.58,29.98],[-82.59,29.99],[-82.59,30.0],[-82.6,30.0],[-82.6,30.01],[-82.61,30.01],[-82.61,30.03],[-82.62,30.05],[-82.63,30.06],[-82.63,30.07],[-82.64,30.08],[-82.66,30.12],[-82.67,30.14],[-82.68,30.16],[-82.69,30.19],[-82.7,30.2],[-82.7,30.21],[-82.71,30.22],[-82.72,30.22],[-82.73,30.23],[-82.74,30.24],[-82.74,30.25],[-82.75,30.25],[-82.75,30.26],[-82.75,30.27],[-82.72,30.25],[-82.69,30.25],[-82.67,30.24],[-82.63,30.24],[-82.58,30.24],[-82.54,30.25],[-82.51,30.25],[-82.49,30.26],[-82.48,30.26],[-82.46,30.26],[-82.46,30.22],[-82.46,30.18],[-82.46,30.16],[-82.46,30.14],[-82.46,30.13],[-82.45,30.13],[-82.45,30.12],[-82.46,30.11],[-82.46,30.1],[-82.47,30.1],[-82.48,30.09],[-82.49,30.09],[-82.5,30.09],[-82.5,30.08],[-82.51,30.08],[-82.52,30.08],[-82.52,30.07],[-82.53,30.07],[-82.53,30.06],[-82.54,30.06],[-82.54,30.05],[-82.54,30.04],[-82.54,30.03],[-82.54,30.02],[-82.55,30.02],[-82.56,30.02],[-82.57,30.01],[-82.57,30.0],[-82.57,29.99]]],[[[-82.57,29.97],[-82.56,29.97],[-82.55,29.96],[-82.54,29.96],[-82.53,29.96],[-82.53,29.95],[-82.53,29.94],[-82.53,29.93],[-82.54,29.93],[-82.55,29.93],[-82.56,29.93],[-82.57,29.94],[-82.57,29.96],[-82.57,29.97]]]]}},
{"type":"Feature","properties":{"ugc":"FLZ425","name":"Western Duval","state":"FL","wfo":"JAX"},"geometry":{"type":"MultiPolygon","coordinates":[[[[-81.68,30.32],[-81.69,30.32],[-81.7,30.32],[-81.72,30.32],[-81.74,30.31],[-81.75,30.3],[-81.75,30.29],[-81.76,30.29],[-81.76,30.28],[-81.76,30.27],[-81.74,30.27],[-81.74,30.26],[-81.74,30.25],[-81.74,30.24],[-81.74,30.23],[-81.74,30.22],[-81.74,30.21],[-81.74,30.19],[-81.8,30.19],[-81.83,30.19],[-81.85,30.19],[-81.87,30.19],[-81.92,30.19],[-81.94,30.19],[-81.95,30.19],[-81.99,30.19],[-82.01,30.19],[-82.02,30.19],[-82.04,30.19],[-82.05,30.19],[-82.05,30.23],[-82.05,30.24],[-82.05,30.27],[-82.01,30.31],[-81.97,30.35],[-81.95,30.36],[-81.95,30.37],[-81.94,30.37],[-81.92,30.39],[-81.88,30.42],[-81.87,30.44],[-81.83,30.46],[-81.83,30.47],[-81.81,30.48],[-81.8,30.49],[-81.79,30.51],[-81.78,30.5],[-81.77,30.52],[-81.76,30.54],[-81.76,30.53],[-81.74,30.54],[-81.73,30.54],[-81.73,30.55],[-81.71,30.57],[-81.7,30.57],[-81.69,30.57],[-81.69,30.56],[-81.68,30.57],[-81.68,30.56],[-81.67,30.57],[-81.67,30.56],[-81.67,30.55],[-81.66,30.55],[-81.66,30.56],[-81.66,30.57],[-81.65,30.57],[-81.65,30.58],[-81.64,30.54],[-81.63,30.51],[-81.64,30.49],[-81.65,30.47],[-81.65,30.46],[-81.66,30.46],[-81.67,30.46],[-81.68,30.46],[-81.69,30.46],[-81.7,30.46],[-81.71,30.45],[-81.77,30.45],[-81.81,30.44],[-81.78,30.42],[-81.76,30.42],[-81.75,30.41],[-81.76,30.39],[-81.76,30.38],[-81.76,30.37],[-81.76,30.35],[-81.75,30.35],[-81.74,30.35],[-81.73,30.36],[-81.72,30.36],[-81.68,30.37],[-81.67,30.37],[-81.67,30.36],[-81.67,30.34],[-81.67,30.33],[-81.68,30.33],[-81.68,30.32]]]]}},
{"type":"Feature","properties":{"ugc":"FLZ426","name":"Southern Liberty","state":"FL","wfo":"TAE"},"geometry":{"type":"MultiPolygon","coordinates":[[[[-85.15,30.1],[-85.15,30.11],[-85.14,30.11],[-85.14,30.12],[-85.15,30.12],[-85.15,30.13],[-85.14,30.13],[-85.14,30.14],[-85.13,30.14],[-85.13,30.15],[-85.13,30.16],[-85.14,30.16],[-85.14,30.17],[-85.13,30.18],[-85.13,30.19],[-85.12,30.19],[-85.12,30.2],[-85.1,30.2],[-84.73,30.3],[-84.71,30.3],[-84.73,30.29],[-84.73,30.28],[-84.73,30.27],[-84.74,30.27],[-84.74,30.26],[-84.73,30.26],[-84.72,30.25],[-84.71,30.25],[-84.7,30.25],[-84.7,30.24],[-84.7,30.23],[-84.69,30.22],[-84.68,30.22],[-84.68,30.21],[-84.68,30.2],[-84.68,30.19],[-84.67,30.19],[-84.67,30.18],[-84.67,30.17],[-84.67,30.16],[-84.67,30.15],[-84.67,30.14],[-84.67,30.13],[-84.67,30.12],[-84.66,30.12],[-84.65,30.12],[-84.65,30.11],[-84.65,30.1],[-84.65,30.09],[-84.64,30.09],[-84.64,30.08],[-84.64,30.07],[-84.63,30.07],[-84.63,30.06],[-84.62,30.06],[-84.62,30.07],[-84.61,30.06],[-84.61,30.05],[-84.6,30.05],[-84.6,30.04],[-84.6,30.03],[-84.59,30.03],[-84.58,30.03],[-84.58,30.02],[-84.57,30.02],[-84.56,30.02],[-84.56,30.01],[-84.58,30.01],[-84.6,30.01],[-84.62,30.01],[-84.69,30.01],[-84.71,30.01],[-84.72,30.01],[-84.76,30.01],[-84.78,30.01],[-84.81,30.01],[-84.85,30.01],[-84.87,30.01],[-84.89,30.01],[-84.93,30.01],[-85.0,30.01],[-85.01,30.01],[-85.01,30.0],[-85.02,29.99],[-85.02,29.98],[-85.02,29.97],[-85.03,29.97],[-85.03,29.98],[-85.03,29.99],[-85.04,29.99],[-85.05,29.99],[-85.05,30.0],[-85.06,30.0],[-85.07,30.0],[-85.07,30.01],[-85.08,30.01],[-85.09,30.01],[-85.09,30.02],[-85.1,30.02],[-85.11,30.02],[-85.12,30.02],[-85.12,30.03],[-85.13,30.04],[-85.14,30.04],[-85.13,30.05],[-85.14,30.05],[-85.14,30.06],[-85.13,30.07],[-85.14,30.07],[-85.14,30.08],[-85.14,30.09],[-85.15,30.09],[-85.15,30.1]],[[-85.14,30.12],[-85.13,30.11],[-85.13,30.12],[-85.14,30.12]]]]}},
{"type":"Feature","properties":{"ugc":"FLZ433","name":"Northern Inland St. Johns","state":"FL","wfo":"JAX"},"geometry":{"type":"MultiPolygon","coordinates":[[[[-81.36,29.93],[-81.36,29.92],[-81.37,29.92],[-81.38,29.91],[-81.39,29.91],[-81.4,29.91],[-81.4,29.92],[-81.41,29.92],[-81.42,29.92],[-81.42,29.93],[-81.43,29.93],[-81.43,29.94],[-81.44,29.94],[-81.44,29.95],[-81.45,29.95],[-81.46,29.95],[-81.46,29.96],[-81.47,29.96],[-81.48,29.96],[-81.49,29.96],[-81.5,29.97],[-81.51,29.97],[-81.51,29.98],[-81.52,29.98],[-81.53,29.99],[-81.54,29.99],[-81.55,29.99],[-81.56,30.0],[-81.56,30.01],[-81.56,30.02],[-81.56,30.03],[-81.55,30.03],[-81.54,30.03],[-81.54,30.02],[-81.52,30.02],[-81.53,30.03],[-81.53,30.04],[-81.54,30.04],[-81.55,30.04],[-81.56,30.04],[-81.56,30.05],[-81.55,30.06],[-81.56,30.06],[-81.56,30.07],[-81.57,30.07],[-81.57,30.08],[-81.56,30.08],[-81.55,30.08],[-81.54,30.08],[-81.53,30.08],[-81.52,30.08],[-81.52,30.07],[-81.51,30.07],[-81.51,30.06],[-81.5,30.06],[-81.5,30.07],[-81.49,30.07],[-81.47,30.09],[-81.45,30.1],[-81.44,30.1],[-81.44,30.11],[-81.43,30.11],[-81.42,30.11],[-81.42,30.1],[-81.41,30.1],[-81.41,30.07],[-81.41,30.06],[-81.4,30.06],[-81.4,30.05],[-81.39,30.02],[-81.38,30.0],[-81.37,29.97],[-81.36,29.95],[-81.35,29.93],[-81.36,29.93]]]]}},
{"type":"Feature","properties":{"ugc":"FLZ447","name":"Northern Brevard Barrier Islands","state":"FL","wfo":"MLB"},"geometry":{"type":"MultiPolygon","coordinates":[[[[-80.79,28.65],[-80.78,28.65],[-80.78,28.66],[-80.78,28.67],[-80.78,28.68],[-80.79,28.68],[-80.79,28.69],[-80.78,28.69],[-80.77,28.69],[-80.76,28.69],[-80.76,28.7],[-80.76,28.71],[-80.75,28.7],[-80.74,28.7],[-80.73,28.7],[-80.73,28.71],[-80.74,28.71],[-80.74,28.72],[-80.73,28.72],[-80.72,28.71],[-80.72,28.7],[-80.71,28.7],[-80.71,28.69],[-80.7,28.69],[-80.7,28.68],[-80.69,28.68],[-80.69,28.67],[-80.68,28.67],[-80.67,28.67],[-80.67,28.66],[-80.66,28.66],[-80.65,28.66],[-80.64,28.66],[-80.63,28.66],[-80.62,28.64],[-80.62,28.63],[-80.61,28.62],[-80.6,28.61],[-80.59,28.61],[-80.59,28.6],[-80.58,28.6],[-80.58,28.59],[-80.57,28.58],[-80.57,28.57],[-80.57,28.56],[-80.56,28.54],[-80.56,28.53],[-80.56,28.52],[-80.55,28.52],[-80.55,28.51],[-80.55,28.5],[-80.54,28.49],[-80.54,28.48],[-80.53,28.47],[-80.53,28.46],[-80.52,28.46],[-80.53,28.45],[-80.54,28.45],[-80.56,28.44],[-80.57,28.44],[-80.57,28.43],[-80.58,28.42],[-80.58,28.41],[-80.59,28.41],[-80.59,28.42],[-80.6,28.42],[-80.6,28.43],[-80.6,28.44],[-80.6,28.45],[-80.6,28.46],[-80.6,28.47],[-80.59,28.47],[-80.59,28.48],[-80.59,28.49],[-80.59,28.5],[-80.58,28.5],[-80.58,28.51],[-80.59,28.51],[-80.58,28.52],[-80.59,28.52],[-80.6,28.52],[-80.6,28.53],[-80.6,28.54],[-80.59,28.54],[-80.59,28.55],[-80.59,28.56],[-80.59,28.57],[-80.59,28.58],[-80.6,28.58],[-80.61,28.59],[-80.61,28.6],[-80.62,28.6],[-80.62,28.59],[-80.61,28.58],[-80.61,28.57],[-80.61,28.56],[-80.61,28.55],[-80.61,28.54],[-80.62,28.53],[-80.62,28.52],[-80.63,28.52],[-80.63,28.51],[-80.63,28.5],[-80.64,28.5],[-80.64,28.49],[-80.64,28.48],[-80.65,28.48],[-80.65,28.47],[-80.65,28.46],[-80.66,28.45],[-80.66,28.44],[-80.66,28.43],[-80.66,28.42],[-80.66,28.41],[-80.65,28.41],[-80.65,28.4],[-80.66,28.4],[-80.67,28.4],[-80.71,28.41],[-80.72,28.4],[-80.73,28.4],[-80.72,28.41],[-80.72,28.42],[-80.72,28.43],[-80.72,28.44],[-80.72,28.45],[-80.72,28.46],[-80.72,28.47],[-80.73,28.48],[-80.73,28.49],[-80.73,28.5],[-80.73,28.51],[-80.73,28.52],[-80.73,28.53],[-80.73,28.54],[-80.73,28.55],[-80.72,28.55],[-80.72,28.56],[-80.71,28.56],[-80.72,28.57],[-80.72,28.58],[-80.72,28.59],[-80.71,28.59],[-80.72,28.6],[-80.73,28.6],[-80.73,28.61],[-80.74,28.61],[-80.74,28.6],[-80.75,28.6],[-80.76,28.6],[-80.76,28.61],[-80.77,28.61],[-80.78,28.62],[-80.79,28.62],[-80.79,28.63],[-80.79,28.64],[-80.79,28.65]],[[-80.61,28.6],[-80.6,28.59],[-80.6,28.6],[-80.61,28.6]],[[-80.78,28.62],[-80.77,28.62],[-80.77,28.63],[-80.78,28.62]],[[-80.64,28.59],[-80.65,28.58],[-80.64,28.58],[-80.64,28.59]],[[-80.68,28.59],[-80.68,28.58],[-80.67,28.59],[-80.68,28.59]]],[[[-80.6,28.51],[-80.59,28.5],[-80.6,28.5],[-80.6,28.51]]],[[[-80.6,28.42],[-80.59,28.41],[-80.6,28.41],[-80.61,28.41],[-80.62,28.41],[-80.62,28.42],[-80.61,28.42],[-80.6,28.42]]],[[[-80.63,28.41],[-80.64,28.4],[-80.64,28.41],[-80.63,28.41]]],[[[-80.6,28.56],[-80.6,28.55],[-80.61,28.55],[-80.6,28.56]]],[[[-80.74,28.72],[-80.75,28.72],[-80.75,28.73],[-80.74,28.73],[-80.74,28.72]]],[[[-80.75,28.73],[-80.76,28.73],[-80.75,28.74],[-80.75,28.73]]],[[[-80.76,28.74],[-80.77,28.74],[-80.77,28.75],[-80.78,28.75],[-80.79,28.75],[-80.79,28.76],[-80.8,28.76],[-80.8,28.77],[-80.81,28.77],[-80.8,28.78],[-80.81,28.78],[-80.82,28.78],[-80.83,28.78],[-80.84,28.78],[-80.84,28.79],[-80.81,28.79],[-80.8,28.79],[-80.79,28.79],[-80.78,28.79],[-80.78,28.78],[-80.77,28.78],[-80.77,28.77],[-80.77,28.76],[-80.76,28.75],[-80.75,28.74],[-80.76,28.74]]],[[[-80.81,28.76],[-80.82,28.76],[-80.82,28.77],[-80.81,28.77],[-80.81,28.76]]],[[[-80.65,28.67],[-80.65,28.68],[-80.64,28.67],[-80.65,28.67]]],[[[-80.65,28.68],[-80.66,28.68],[-80.66,28.69],[-80.65,28.68]]],[[[-80.67,28.71],[-80.68,28.71],[-80.68,28.72],[-80.69,28.72],[-80.69,28.71],[-80.7,28.72],[-80.7,28.73],[-80.69,28.73],[-80.67,28.71]]],[[[-80.71,28.75],[-80.72,28.75],[-80.72,28.76],[-80.71,28.75]]],[[[-80.72,28.76],[-80.73,28.76],[-80.74,28.76],[-80.74,28.77],[-80.73,28.77],[-80.72,28.77],[-80.71,28.76],[-80.72,28.76]]],[[[-80.73,28.78],[-80.74,28.78],[-80.74,28.79],[-80.73,28.79],[-80.73,28.78]]]]}},
{"type":"Feature","properties":{"ugc":"FLZ522","name":"Southwestern Columbia","state":"FL","wfo":"JAX"},"geometry":{"type":"MultiPolygon","coordinates":[[[[-82.79,29.93],[-82.8,29.93],[-82.8,29.94],[-82.79,29.94],[-82.79,29.95],[-82.78,29.96],[-82.77,29.96],[-82.76,29.96],[-82.76,29.97],[-82.76,29.98],[-82.76,29.99],[-82.77,29.99],[-82.79,29.99],[-82.79,30.02],[-82.79,30.06],[-82.79,30.07],[-82.79,30.11],[-82.79,30.13],[-82.79,30.2],[-82.79,30.23],[-82.79,30.24],[-82.79,30.25],[-82.79,30.28],[-82.79,30.3],[-82.78,30.3],[-82.78,30.29],[-82.76,30.28],[-82.75,30.27],[-82.75,30.26],[-82.75,30.25],[-82.74,30.25],[-82.74,30.24],[-82.73,30.23],[-82.72,30.22],[-82.71,30.22],[-82.7,30.21],[-82.7,30.2],[-82.69,30.19],[-82.68,30.16],[-82.67,30.14],[-82.66,30.12],[-82.64,30.08],[-82.63,30.07],[-82.63,30.06],[-82.62,30.05],[-82.61,30.03],[-82.61,30.01],[-82.6,30.01],[-82.6,30.0],[-82.59,30.0],[-82.59,29.99],[-82.58,29.98],[-82.57,29.97],[-82.57,29.96],[-82.57,29.94],[-82.56,29.93],[-82.56,29.92],[-82.57,29.92],[-82.58,29.92],[-82.58,29.91],[-82.58,29.89],[-82.59,29.89],[-82.59,29.87],[-82.59,29.86],[-82.6,29.86],[-82.6,29.85],[-82.61,29.85],[-82.62,29.86],[-82.62,29.85],[-82.63,29.85],[-82.63,29.84],[-82.63,29.83],[-82.64,29.83],[-82.65,29.83],[-82.66,29.83],[-82.67,29.83],[-82.68,29.83],[-82.69,29.83],[-82.7,29.84],[-82.71,29.84],[-82.71,29.85],[-82.72,29.85],[-82.73,29.86],[-82.74,29.86],[-82.74,29.87],[-82.75,29.87],[-82.75,29.88],[-82.75,29.89],[-82.76,29.9],[-82.77,29.9],[-82.77,29.91],[-82.77,29.92],[-82.77,29.93],[-82.78,29.93],[-82.79,29.93]]]]}},
{"type":"Feature","properties":{"ugc":"FLZ533","name":"Southern Inland St. Johns","state":"FL","wfo":"JAX"},"geometry":{"type":"MultiPolygon","coordinates":[[[[-81.5,29.91],[-81.5,29.92],[-81.5,29.93],[-81.49,29.93],[-81.49,29.94],[-81.5,29.94],[-81.5,29.95],[-81.49,29.96],[-81.48,29.96],[-81.47,29.96],[-81.46,29.96],[-81.46,29.95],[-81.45,29.95],[-81.44,29.95],[-81.44,29.94],[-81.43,29.94],[-81.43,29.93],[-81.42,29.93],[-81.42,29.92],[-81.41,29.92],[-81.4,29.92],[-81.4,29.91],[-81.39,29.91],[-81.38,29.91],[-81.37,29.92],[-81.36,29.92],[-81.36,29.91],[-81.36,29.9],[-81.36,29.89],[-81.35,29.88],[-81.35,29.87],[-81.34,29.86],[-81.35,29.86],[-81.36,29.85],[-81.37,29.85],[-81.36,29.84],[-81.36,29.83],[-81.35,29.83],[-81.36,29.82],[-81.36,29.81],[-81.35,29.81],[-81.34,29.81],[-81.34,29.8],[-81.32,29.8],[-81.32,29.79],[-81.33,29.78],[-81.34,29.77],[-81.33,29.76],[-81.32,29.74],[-81.32,29.76],[-81.31,29.76],[-81.31,29.75],[-81.31,29.73],[-81.31,29.72],[-81.32,29.72],[-81.32,29.71],[-81.32,29.7],[-81.32,29.69],[-81.32,29.68],[-81.31,29.68],[-81.31,29.67],[-81.33,29.66],[-81.34,29.65],[-81.33,29.64],[-81.32,29.64],[-81.32,29.63],[-81.33,29.63],[-81.37,29.63],[-81.43,29.62],[-81.44,29.62],[-81.44,29.63],[-81.44,29.64],[-81.45,29.67],[-81.45,29.68],[-81.45,29.7],[-81.45,29.71],[-81.46,29.71],[-81.46,29.73],[-81.47,29.73],[-81.47,29.74],[-81.48,29.74],[-81.48,29.75],[-81.48,29.76],[-81.48,29.77],[-81.47,29.77],[-81.46,29.78],[-81.48,29.78],[-81.48,29.79],[-81.48,29.82],[-81.49,29.82],[-81.49,29.83],[-81.5,29.83],[-81.48,29.84],[-81.48,29.85],[-81.49,29.85],[-81.51,29.84],[-81.51,29.85],[-81.54,29.86],[-81.54,29.87],[-81.53,29.87],[-81.52,29.88],[-81.52,29.89],[-81.49,29.89],[-81.49,29.9],[-81.5,29.9],[-81.5,29.91]]]]}},
{"type":"Feature","properties":{"ugc":"FLZ547","name":"Inland Southern Brevard","state":"FL","wfo":"MLB"},"geometry":{"type":"MultiPolygon","coordinates":[[[[-80.89,28.4],[-80.89,28.41],[-80.88,28.41],[-80.82,28.41],[-80.82,28.4],[-80.81,28.39],[-80.75,28.3],[-80.74,28.29],[-80.71,28.19],[-80.71,28.07],[-80.66,28.04],[-80.62,27.98],[-80.59,27.88],[-80.59,27.86],[-80.55,27.82],[-80.61,27.82],[-80.66,27.82],[-80.71,27.82],[-80.74,27.82],[-80.77,27.82],[-80.82,27.82],[-80.84,27.82],[-80.87,27.82],[-80.87,27.83],[-80.87,27.85],[-80.87,27.94],[-80.87,27.95],[-80.87,27.96],[-80.87,27.97],[-80.87,27.98],[-80.87,28.05],[-80.87,28.07],[-80.87,28.08],[-80.86,28.08],[-80.86,28.09],[-80.86,28.12],[-80.86,28.13],[-80.86,28.21],[-80.86,28.25],[-80.86,28.27],[-80.86,28.28],[-80.86,28.33],[-80.86,28.34],[-80.86,28.35],[-80.87,28.35],[-80.87,28.36],[-80.87,28.37],[-80.88,28.37],[-80.88,28.38],[-80.89,28.39],[-80.89,28.4]]]]}},
{"type":"Feature","properties":{"ugc":"FLZ633","name":"Western St. Johns","state":"FL","wfo":"JAX"},"geometry":{"type":"MultiPolygon","coordinates":[[[[-81.5,29.91],[-81.5,29.9],[-81.49,29.9],[-81.49,29.89],[-81.52,29.89],[-81.52,29.88],[-81.53,29.87],[-81.54,29.87],[-81.54,29.86],[-81.51,29.85],[-81.51,29.84],[-81.49,29.85],[-81.48,29.85],[-81.48,29.84],[-81.5,29.83],[-81.49,29.83],[-81.49,29.82],[-81.48,29.82],[-81.48,29.79],[-81.48,29.78],[-81.46,29.78],[-81.47,29.77],[-81.48,29.77],[-81.48,29.76],[-81.48,29.75],[-81.48,29.74],[-81.47,29.74],[-81.47,29.73],[-81.46,29.73],[-81.46,29.71],[-81.45,29.71],[-81.45,29.7],[-81.45,29.68],[-81.45,29.67],[-81.44,29.64],[-81.44,29.63],[-81.44,29.62],[-81.45,29.62],[-81.46,29.62],[-81.47,29.62],[-81.49,29.62],[-81.52,29.62],[-81.52,29.69],[-81.52,29.71],[-81.52,29.72],[-81.52,29.74],[-81.53,29.76],[-81.54,29.77],[-81.54,29.78],[-81.55,29.78],[-81.56,29.79],[-81.56,29.8],[-81.57,29.81],[-81.58,29.84],[-81.6,29.88],[-81.61,29.9],[-81.61,29.91],[-81.61,29.92],[-81.6,29.94],[-81.6,29.95],[-81.6,29.96],[-81.61,29.97],[-81.62,29.98],[-81.67,30.01],[-81.68,30.01],[-81.68,30.02],[-81.69,30.02],[-81.69,30.03],[-81.69,30.04],[-81.69,30.06],[-81.69,30.07],[-81.68,30.08],[-81.68,30.09],[-81.68,30.1],[-81.68,30.11],[-81.68,30.12],[-81.67,30.12],[-81.65,30.12],[-81.63,30.13],[-81.62,30.13],[-81.61,30.13],[-81.6,30.13],[-81.59,30.13],[-81.58,30.13],[-81.57,30.12],[-81.56,30.12],[-81.54,30.12],[-81.54,30.1],[-81.5,30.1],[-81.48,30.1],[-81.47,30.11],[-81.44,30.11],[-81.44,30.1],[-81.45,30.1],[-81.47,30.09],[-81.49,30.07],[-81.5,30.07],[-81.5,30.06],[-81.51,30.06],[-81.51,30.07],[-81.52,30.07],[-81.52,30.08],[-81.53,30.08],[-81.54,30.08],[-81.55,30.08],[-81.56,30.08],[-81.57,30.08],[-81.57,30.07],[-81.56,30.07],[-81.56,30.06],[-81.55,30.06],[-81.56,30.05],[-81.56,30.04],[-81.55,30.04],[-81.54,30.04],[-81.53,30.04],[-81.53,30.03],[-81.52,30.02],[-81.54,30.02],[-81.54,30.03],[-81.55,30.03],[-81.56,30.03],[-81.56,30.02],[-81.56,30.01],[-81.56,30.0],[-81.55,29.99],[-81.54,29.99],[-81.53,29.99],[-81.52,29.98],[-81.51,29.98],[-81.51,29.97],[-81.5,29.97],[-81.49,29.96],[-81.5,29.95],[-81.5,29.94],[-81.49,29.94],[-81.49,29.93],[-81.5,29.93],[-81.5,29.92],[-81.5,29.91]]]]}},
{"type":"Feature","properties":{"ugc":"FLZ647","name":"Mainland Southern Brevard","state":"FL","wfo":"MLB"},"geometry":{"type":"MultiPolygon","coordinates":[[[[-80.76,28.4],[-80.75,28.4],[-80.74,28.4],[-80.74,28.39],[-80.74,28.38],[-80.73,28.37],[-80.73,28.36],[-80.72,28.36],[-80.72,28.35],[-80.72,28.34],[-80.72,28.33],[-80.71,28.33],[-80.71,28.32],[-80.71,28.31],[-80.7,28.31],[-80.7,28.3],[-80.7,28.29],[-80.69,28.29],[-80.69,28.28],[-80.69,28.27],[-80.68,28.26],[-80.68,28.25],[-80.68,28.24],[-80.67,28.24],[-80.67,28.23],[-80.67,28.22],[-80.66,28.22],[-80.66,28.21],[-80.66,28.2],[-80.66,28.19],[-80.65,28.19],[-80.65,28.18],[-80.64,28.17],[-80.64,28.16],[-80.64,28.15],[-80.63,28.15],[-80.63,28.14],[-80.63,28.13],[-80.62,28.13],[-80.62,28.12],[-80.62,28.11],[-80.61,28.1],[-80.61,28.09],[-80.6,28.08],[-80.6,28.07],[-80.59,28.06],[-80.59,28.05],[-80.58,28.04],[-80.58,28.03],[-80.57,28.02],[-80.57,28.01],[-80.56,28.01],[-80.56,28.0],[-80.56,27.99],[-80.55,27.99],[-80.55,27.98],[-80.55,27.97],[-80.54,27.97],[-80.54,27.96],[-80.54,27.95],[-80.53,27.95],[-80.53,27.94],[-80.53,27.93],[-80.52,27.93],[-80.52,27.92],[-80.52,27.91],[-80.51,27.91],[-80.51,27.9],[-80.51,27.89],[-80.5,27.89],[-80.5,27.88],[-80.5,27.87],[-80.49,27.87],[-80.49,27.86],[-80.49,27.85],[-80.5,27.84],[-80.5,27.83],[-80.51,27.83],[-80.51,27.82],[-80.54,27.82],[-80.55,27.82],[-80.59,27.86],[-80.59,27.88],[-80.62,27.98],[-80.66,28.04],[-80.71,28.07],[-80.71,28.19],[-80.74,28.29],[-80.75,28.3],[-80.81,28.39],[-80.82,28.4],[-80.82,28.41],[-80.81,28.41],[-80.76,28.4]],[[-80.61,28.07],[-80.61,28.08],[-80.62,28.07],[-80.61,28.07]]]]}},
{"type":"Feature","properties":{"ugc":"FLZ747","name":"Southern Brevard Barrier Islands","state":"FL","wfo":"MLB"},"geometry":{"type":"MultiPolygon","coordinates":[[[[-80.69,28.32],[-80.69,28.33],[-80.7,28.33],[-80.7,28.34],[-80.7,28.35],[-80.71,28.36],[-80.71,28.37],[-80.71,28.38],[-80.72,28.38],[-80.72,28.39],[-80.72,28.4],[-80.71,28.41],[-80.67,28.4],[-80.66,28.4],[-80.66,28.39],[-80.66,28.38],[-80.66,28.37],[-80.66,28.36],[-80.66,28.35],[-80.66,28.34],[-80.66,28.33],[-80.67,28.33],[-80.67,28.34],[-80.67,28.35],[-80.67,28.36],[-80.68,28.36],[-80.68,28.35],[-80.68,28.34],[-80.68,28.33],[-80.68,28.32],[-80.67,28.32],[-80.67,28.31],[-80.67,28.3],[-80.67,28.29],[-80.67,28.28],[-80.68,28.28],[-80.68,28.29],[-80.68,28.3],[-80.68,28.31],[-80.69,28.31],[-80.69,28.32]]],[[[-80.67,28.28],[-80.66,28.27],[-80.66,28.26],[-80.67,28.27],[-80.67,28.28]]],[[[-80.66,28.26],[-80.66,28.25],[-80.67,28.25],[-80.66,28.26]]],[[[-80.66,28.25],[-80.65,28.24],[-80.65,28.22],[-80.66,28.25]]],[[[-80.635,28.2],[-80.63,28.2],[-80.63,28.19],[-80.635,28.2]]],[[[-80.63,28.19],[-80.62,28.19],[-80.62,28.18],[-80.63,28.19]]],[[[-80.61,28.16],[-80.61,28.17],[-80.61,28.18],[-80.61,28.19],[-80.62,28.21],[-80.62,28.22],[-80.62,28.23],[-80.62,28.24],[-80.62,28.25],[-80.61,28.25],[-80.61,28.26],[-80.61,28.27],[-80.6,28.26],[-80.6,28.24],[-80.6,28.21],[-80.59,28.2],[-80.59,28.18],[-80.59,28.16],[-80.58,28.16],[-80.58,28.15],[-80.58,28.14],[-80.58,28.13],[-80.57,28.12],[-80.57,28.1],[-80.56,28.08],[-80.55,28.06],[-80.55,28.05],[-80.56,28.05],[-80.56,28.06],[-80.57,28.07],[-80.57,28.08],[-80.58,28.08],[-80.58,28.09],[-80.58,28.1],[-80.59,28.1],[-80.58,28.11],[-80.59,28.11],[-80.59,28.12],[-80.59,28.13],[-80.6,28.13],[-80.6,28.14],[-80.6,28.15],[-80.605,28.15],[-80.61,28.16]]],[[[-80.55,28.04],[-80.54,28.04],[-80.54,28.03],[-80.55,28.03],[-80.55,28.04]]],[[[-80.54,28.03],[-80.53,28.02],[-80.53,28.01],[-80.54,28.01],[-80.54,28.02],[-80.54,28.03]]],[[[-80.52,28.0],[-80.51,27.98],[-80.51,27.97],[-80.52,27.97],[-80.52,27.98],[-80.52,27.99],[-80.52,28.0]]],[[[-80.51,27.96],[-80.5,27.96],[-80.5,27.95],[-80.51,27.95],[-80.51,27.96]]],[[[-80.51,27.94],[-80.5,27.94],[-80.5,27.95],[-80.48,27.92],[-80.49,27.92],[-80.5,27.92],[-80.5,27.93],[-80.51,27.93],[-80.51,27.94]]],[[[-80.48,27.91],[-80.47,27.91],[-80.47,27.9],[-80.48,27.91]]],[[[-80.47,27.89],[-80.46,27.89],[-80.45,27.87],[-80.46,27.87],[-80.47,27.87],[-80.48,27.88],[-80.47,27.88],[-80.47,27.89]]],[[[-80.61,28.29],[-80.62,28.3],[-80.63,28.3],[-80.63,28.31],[-80.64,28.31],[-80.64,28.32],[-80.63,28.32],[-80.63,28.33],[-80.63,28.34],[-80.63,28.35],[-80.62,28.35],[-80.61,28.35],[-80.61,28.36],[-80.61,28.37],[-80.61,28.38],[-80.61,28.39],[-80.62,28.39],[-80.62,28.4],[-80.62,28.41],[-80.61,28.41],[-80.6,28.41],[-80.59,28.41],[-80.59,28.4],[-80.6,28.39],[-80.6,28.38],[-80.6,28.37],[-80.6,28.36],[-80.61,28.34],[-80.61,28.32],[-80.61,28.31],[-80.61,28.3],[-80.61,28.29]]],[[[-80.65,28.21],[-80.66,28.2],[-80.66,28.21],[-80.65,28.21]]]]}}
]
}
