# HHS emPOWER public REST service (https://services2.arcgis.com/ZQ4jTQn6k7VPXEwO/arcgis/rest/services/HHS_emPOWER_REST_Service_Public/FeatureServer), data vintage 2026-09-21 (service dataLastEditDate), retrieved 2026-09-21; Medicare FFS+MA beneficiaries, de-identified, cells 1-10 masked to 11; layer 2 county
county_fips,state,county,medicare_benes,power_dependent_dme,esrd_dialysis_dme,o2_dme,home_health_dme,hospice_dme,any_healthcare_dme
01001,AL,Autauga,11948,585,55,118,109,55,337
01003,AL,Baldwin,66917,2337,132,369,447,212,1160
01005,AL,Barbour,5911,296,22,101,51,44,218
01007,AL,Bibb,4975,241,22,77,87,22,208
01009,AL,Blount,10020,536,33,89,118,59,299
01011,AL,Bullock,2541,80,22,22,33,11,88
01013,AL,Butler,4951,292,22,57,59,44,182
01015,AL,Calhoun,29480,1715,88,334,375,121,918
01017,AL,Chambers,9136,525,22,75,63,22,182
01019,AL,Cherokee,6955,363,33,97,69,33,232
01021,AL,Chilton,9253,487,44,82,104,66,296
01023,AL,Choctaw,3741,207,33,99,77,77,286
01025,AL,Clarke,6492,280,44,80,80,33,237
01027,AL,Clay,3674,218,11,73,44,33,161
01029,AL,Cleburne,3578,261,22,78,62,22,184
01031,AL,Coffee,11833,574,11,159,106,23,299
01033,AL,Colbert,14300,872,44,152,158,58,412
01035,AL,Conecuh,3446,184,33,53,40,33,159
01037,AL,Coosa,3174,156,11,56,55,22,144
01039,AL,Covington,10216,728,33,184,149,44,410
01041,AL,Crenshaw,3781,268,22,108,85,55,270
01043,AL,Cullman,21155,1289,77,389,233,104,803
01045,AL,Dale,11852,671,44,165,109,48,366
01047,AL,Dallas,10202,385,55,118,98,33,304
01049,AL,De Kalb,15796,899,66,186,216,132,600
01051,AL,Elmore,21182,957,99,197,136,66,498
01053,AL,Escambia,8965,469,33,114,100,33,280
01055,AL,Etowah,27244,1671,77,218,336,105,736
01057,AL,Fayette,4093,212,11,40,51,33,135
01059,AL,Franklin,7129,462,55,102,100,44,301
01061,AL,Geneva,7273,373,44,113,81,44,282
01063,AL,Greene,2258,75,22,22,44,11,99
01065,AL,Hale,4396,161,33,55,55,22,165
01067,AL,Henry,5286,274,33,77,58,33,201
01069,AL,Houston,25832,1349,94,363,232,112,801
01071,AL,Jackson,14849,845,66,248,236,121,671
01073,AL,Jefferson,145315,5477,432,908,1132,440,2912
01075,AL,Lamar,3991,212,22,66,77,22,187
01077,AL,Lauderdale,23813,1276,44,291,246,94,675
01079,AL,Lawrence,6417,446,44,137,100,44,325
01081,AL,Lee,29840,1397,89,199,182,66,536
01083,AL,Limestone,21987,1114,77,284,187,84,632
01085,AL,Lowndes,2935,115,22,44,55,44,165
01087,AL,Macon,4501,238,22,55,53,44,174
01089,AL,Madison,80975,2981,174,742,509,211,1636
01091,AL,Marengo,5231,241,55,82,82,55,274
01093,AL,Marion,6919,398,33,101,102,33,269
01095,AL,Marshall,22933,1343,88,167,249,90,594
01097,AL,Mobile,90517,4456,311,761,727,323,2122
01099,AL,Monroe,5065,250,66,100,76,22,264
01101,AL,Montgomery,46508,1770,153,361,288,132,934
01103,AL,Morgan,29007,1663,90,507,288,115,1000
01105,AL,Perry,2283,94,11,26,22,11,70
01107,AL,Pickens,5068,211,44,56,59,33,192
01109,AL,Pike,7274,411,55,60,88,33,236
01111,AL,Randolph,6306,452,33,112,74,44,263
01113,AL,Russell,12256,579,56,198,109,55,418
01115,AL,Saint Clair,19954,1011,110,146,175,99,530
01117,AL,Shelby,43396,1489,99,229,269,147,744
01119,AL,Sumter,3052,140,33,67,44,44,188
01121,AL,Talladega,20038,1174,77,186,192,96,551
01123,AL,Tallapoosa,11052,587,33,136,87,33,289
01125,AL,Tuscaloosa,36127,1437,79,180,348,132,739
01127,AL,Walker,17013,911,55,185,203,121,564
01129,AL,Washington,4348,227,33,110,121,44,308
01131,AL,Wilcox,3370,116,22,56,55,22,155
01133,AL,Winston,6632,437,33,115,106,67,321
02013,AK,Aleutians East,171,22,0,0,0,0,0
02016,AK,Aleutians West,258,33,0,0,11,0,11
02020,AK,Anchorage,47209,1217,77,132,158,66,433
02050,AK,Bethel,1747,154,11,0,11,0,22
02060,AK,Bristol Bay,169,22,0,0,0,0,0
02068,AK,Denali,352,44,0,0,0,0,0
02070,AK,Dillingham,581,55,0,0,11,11,22
02090,AK,Fairbanks North Star,13896,389,22,44,44,33,143
02100,AK,Haines,731,11,0,0,0,0,0
02105,AK,Hoonah Angoon,605,55,0,0,0,0,0
02110,AK,Juneau,6088,94,11,22,11,0,44
02122,AK,Kenai Peninsula,14986,446,44,55,66,11,176
02130,AK,Ketchikan Gateway,2829,77,0,0,11,0,11
02150,AK,Kodiak Island,2073,63,0,11,11,0,22
02164,AK,Lake And Peninsula,213,33,0,11,0,0,11
02170,AK,Matanuska Susitna,19835,590,33,66,98,22,219
02180,AK,Nome,994,66,0,0,33,0,33
02185,AK,North Slope,579,44,0,0,0,0,0
02188,AK,Northwest Arctic,656,77,0,0,0,0,0
02195,AK,Petersburg,976,35,0,11,11,0,22
02198,AK,Prince Of Wales Hyder,1185,44,0,11,0,0,11
02220,AK,Sitka,1752,33,0,11,0,0,11
02230,AK,Skagway,198,11,0,0,0,0,0
02240,AK,Southeast Fairbanks,1513,40,0,0,0,0,0
02261,AK,Valdez Cordova,1852,62,0,11,11,0,22
02270,AK,Wade Hampton,666,33,0,0,0,0,0
02275,AK,Wrangell,638,15,0,0,0,0,0
02282,AK,Yakutat,138,11,0,0,0,0,0
02290,AK,Yukon Koyukuk,1034,99,0,0,11,0,11
04001,AZ,Apache,15130,1162,121,469,99,66,755
04003,AZ,Cochise,38265,2059,78,768,167,132,1145
04005,AZ,Coconino,23451,1909,121,682,199,88,1090
04007,AZ,Gila,18567,1208,66,369,114,75,624
04009,AZ,Graham,6256,384,33,202,50,44,329
04011,AZ,Greenlee,1314,99,11,47,11,0,69
04012,AZ,La Paz,6509,250,22,98,55,55,230
04013,AZ,Maricopa,811812,28673,1209,6399,2475,1235,11318
04015,AZ,Mohave,77886,3857,158,1554,297,159,2168
04017,AZ,Navajo,28740,2733,154,789,146,144,1233
04019,AZ,Pima,266124,9751,443,2907,946,401,4697
04021,AZ,Pinal,99018,3733,198,912,361,187,1658
04023,AZ,Santa Cruz,12325,383,33,166,33,22,254
04025,AZ,Yavapai,96526,6752,165,1498,469,223,2355
04027,AZ,Yuma,46395,1514,70,283,164,55,572
05001,AR,Arkansas,3968,289,11,131,80,22,244
05003,AR,Ashley,5158,377,44,141,118,33,336
05005,AR,Baxter,15385,1150,22,304,196,36,558
05007,AR,Benton,49099,2557,121,568,271,143,1103
05009,AR,Boone,11251,821,22,241,89,22,374
05011,AR,Bradley,2464,201,11,55,49,22,137
05013,AR,Calhoun,1010,105,11,22,22,0,55
05015,AR,Carroll,7656,503,33,136,60,33,262
05017,AR,Chicot,2722,161,22,40,33,22,117
05019,AR,Clark,5249,339,33,77,60,22,192
05021,AR,Clay,3783,356,44,146,56,11,257
05023,AR,Cleburne,8631,586,33,166,108,66,373
05025,AR,Cleveland,1911,156,22,56,33,33,144
05027,AR,Columbia,5545,357,33,105,65,22,225
05029,AR,Conway,5310,369,33,122,89,22,266
05031,AR,Craighead,17222,1382,61,502,209,66,838
05033,AR,Crawford,15187,1097,35,356,172,55,618
05035,AR,Crittenden,9586,550,53,196,99,46,394
05037,AR,Cross,3808,268,33,113,46,11,203
05039,AR,Dallas,1890,181,22,50,33,22,127
05041,AR,Desha,2904,184,44,68,44,33,189
05043,AR,Drew,3724,303,12,82,72,11,177
05045,AR,Faulkner,23552,1383,33,220,206,79,538
05047,AR,Franklin,4702,330,11,79,51,22,163
05049,AR,Fulton,3263,276,11,89,68,22,190
05051,AR,Garland,35911,2117,55,499,283,97,934
05053,AR,Grant,4018,282,11,95,72,33,211
05055,AR,Greene,9847,876,11,308,133,33,485
05057,AR,Hempstead,4266,330,22,143,104,55,324
05059,AR,Hot Spring,7667,597,11,203,94,44,352
05061,AR,Howard,3512,250,22,72,67,33,194
05063,AR,Independence,8703,967,33,279,185,54,551
05065,AR,Izard,4387,337,33,127,114,33,307
05067,AR,Jackson,3287,340,22,105,80,33,240
05069,AR,Jefferson,15870,1113,75,297,200,67,639
05071,AR,Johnson,5776,413,33,92,84,33,242
05073,AR,Lafayette,1664,138,22,49,44,33,148
05075,AR,Lawrence,4839,509,11,220,147,44,422
05077,AR,Lee,1749,135,11,44,23,11,89
05079,AR,Lincoln,2240,222,22,55,50,33,160
05081,AR,Little River,3172,274,22,74,67,33,196
05083,AR,Logan,6185,456,22,174,105,66,367
05085,AR,Lonoke,15889,1029,55,221,137,72,485
05087,AR,Madison,4260,371,22,121,55,11,209
05089,AR,Marion,5440,370,11,114,62,33,220
05091,AR,Miller,9357,696,11,157,98,22,288
05093,AR,Mississippi,8030,688,55,282,126,66,529
05095,AR,Monroe,1920,136,22,55,33,33,143
05097,AR,Montgomery,2474,138,11,77,33,22,143
05099,AR,Nevada,2191,203,33,66,41,22,162
05101,AR,Newton,2411,200,11,94,33,22,160
05103,AR,Ouachita,6249,471,55,102,74,44,275
05105,AR,Perry,2969,215,33,69,44,22,168
05107,AR,Phillips,4082,271,66,109,66,22,263
05109,AR,Pike,2702,227,11,63,56,55,185
05111,AR,Poinsett,5561,576,22,229,108,66,425
05113,AR,Polk,5605,386,33,144,79,22,278
05115,AR,Pope,14428,1096,44,166,155,80,445
05117,AR,Prairie,1927,179,33,71,55,11,170
05119,AR,Pulaski,84106,3875,205,794,496,220,1715
05121,AR,Randolph,4270,374,11,152,73,11,247
05123,AR,Saint Francis,5208,326,33,150,94,77,354
05125,AR,Saline,24994,1401,77,289,183,77,626
05127,AR,Scott,2848,228,11,89,39,33,172
05129,AR,Searcy,2705,191,11,69,38,22,140
05131,AR,Sebastian,27976,1747,99,558,242,110,1009
05133,AR,Sevier,3000,254,11,99,46,33,189
05135,AR,Sharp,6925,689,33,197,113,44,387
05137,AR,Stone,4256,402,11,134,79,22,246
05139,AR,Union,9536,790,33,145,130,33,341
05141,AR,Van Buren,5812,419,11,105,86,66,268
05143,AR,Washington,42481,2472,110,524,293,110,1037
05145,AR,White,18974,1435,66,423,228,92,809
05147,AR,Woodruff,1787,158,11,68,60,22,161
05149,AR,Yell,5020,403,22,114,95,44,275
06001,CA,Alameda,279703,9022,518,1783,2192,451,4944
06003,CA,Alpine,278,33,0,11,11,0,22
06005,CA,Amador,12506,495,55,164,115,66,400
06007,CA,Butte,48736,2566,100,620,328,44,1092
06009,CA,Calaveras,14416,584,44,238,151,66,499
06011,CA,Colusa,4319,196,44,81,71,33,229
06013,CA,Contra Costa,227361,7754,413,1468,1896,380,4157
06015,CA,Del Norte,6709,285,22,104,26,22,174
06017,CA,El Dorado,52447,2257,55,574,356,99,1084
06019,CA,Fresno,162703,7028,482,1684,1288,330,3784
06021,CA,Glenn,6051,336,22,83,66,22,193
06023,CA,Humboldt,31213,1207,77,360,79,55,571
06025,CA,Imperial,37022,1223,130,274,272,66,742
06027,CA,Inyo,5003,326,11,142,33,22,208
06029,CA,Kern,135722,7382,386,2006,1055,304,3751
06031,CA,Kings,19634,1043,101,267,143,33,544
06033,CA,Lake,17848,918,88,271,115,33,507
06035,CA,Lassen,5933,566,11,144,56,0,211
06037,CA,Los Angeles,1706527,55780,3493,13149,14369,2662,33673
06039,CA,Madera,27447,1095,77,243,175,66,561
06041,CA,Marin,64752,1552,88,248,324,154,814
06043,CA,Mariposa,4826,258,22,107,45,11,185
06045,CA,Mendocino,24221,975,55,307,108,44,514
06047,CA,Merced,42338,1615,159,421,276,99,955
06049,CA,Modoc,2421,227,11,66,11,0,88
06051,CA,Mono,1885,114,0,80,22,0,102
06053,CA,Monterey,73731,2040,195,547,406,143,1291
06055,CA,Napa,32369,1044,55,196,230,46,527
06057,CA,Nevada,30283,1071,55,177,133,44,409
06059,CA,Orange,606135,17662,949,3820,3799,894,9462
06061,CA,Placer,103653,3791,154,900,804,155,2013
06063,CA,Plumas,5783,393,11,199,77,11,298
06065,CA,Riverside,452845,19891,901,5445,2980,743,10069
06067,CA,Sacramento,295452,12678,558,2696,2838,506,6598
06069,CA,San Benito,11082,281,22,82,47,11,162
06071,CA,San Bernardino,352019,17323,893,5634,2892,672,10091
06073,CA,San Diego,624450,16884,857,2928,3018,851,7654
06075,CA,San Francisco,159072,3985,253,745,995,231,2224
06077,CA,San Joaquin,128738,4837,316,1198,881,254,2649
06079,CA,San Luis Obispo,74048,2047,132,498,398,132,1160
06081,CA,San Mateo,141516,3688,228,721,895,253,2097
06083,CA,Santa Barbara,86446,1666,110,330,333,132,905
06085,CA,Santa Clara,314113,8386,572,1630,1980,495,4677
06087,CA,Santa Cruz,62373,1519,118,272,300,88,778
06089,CA,Shasta,51166,2849,110,420,411,88,1029
06091,CA,Sierra,880,103,0,58,11,0,69
06093,CA,Siskiyou,14031,860,55,281,99,44,479
06095,CA,Solano,92600,3749,149,691,824,122,1786
06097,CA,Sonoma,122188,3729,165,758,684,187,1794
06099,CA,Stanislaus,97149,4105,235,1048,684,176,2143
06101,CA,Sutter,18587,998,55,223,174,44,496
06103,CA,Tehama,13087,788,55,114,98,22,289
06105,CA,Trinity,3633,228,11,99,33,0,143
06107,CA,Tulare,70741,3681,274,973,534,155,1936
06109,CA,Tuolumne,16277,873,44,397,118,66,625
06111,CA,Ventura,178017,5627,258,565,1173,242,2238
06113,CA,Yolo,37342,1292,66,305,318,66,755
06115,CA,Yuba,14177,857,23,218,183,33,457
08001,CO,Adams,74242,8694,192,2400,470,154,3216
08003,CO,Alamosa,3404,727,11,258,45,11,325
08005,CO,Arapahoe,105058,11156,222,2580,609,187,3598
08007,CO,Archuleta,4765,543,0,145,25,11,181
08009,CO,Baca,952,135,22,69,33,0,124
08011,CO,Bent,1086,133,11,36,22,11,80
08013,CO,Boulder,60978,4433,102,964,209,132,1407
08014,CO,Broomfield,14815,1306,22,303,84,22,431
08015,CO,Chaffee,6272,823,22,161,67,33,283
08017,CO,Cheyenne,401,46,0,33,0,0,33
08019,CO,Clear Creek,1297,193,11,67,33,11,122
08021,CO,Conejos,2066,417,11,152,58,0,221
08023,CO,Costilla,1364,265,22,86,33,11,152
08025,CO,Crowley,893,142,11,42,22,11,86
08027,CO,Custer,2153,295,11,59,11,0,81
08029,CO,Delta,10827,1406,44,404,68,66,582
08031,CO,Denver,92785,8977,304,2319,511,220,3354
08033,CO,Dolores,602,105,11,24,0,0,35
08035,CO,Douglas,66272,6645,99,1225,374,121,1819
08037,CO,Eagle,7907,713,11,119,33,11,174
08039,CO,Elbert,4765,573,11,152,29,22,214
08041,CO,El Paso,131551,17540,304,4718,933,323,6278
08043,CO,Fremont,13521,2316,44,544,126,44,758
08045,CO,Garfield,11693,1619,66,285,66,66,483
08047,CO,Gilpin,1213,169,0,53,22,11,86
08049,CO,Grand,3215,472,11,102,22,0,135
08051,CO,Gunnison,2815,374,0,112,44,0,156
08053,CO,Hinsdale,241,44,0,11,0,0,11
08055,CO,Huerfano,2659,430,11,125,22,22,180
08057,CO,Jackson,345,61,0,20,0,0,20
08059,CO,Jefferson,130859,14722,231,3818,736,253,5038
08061,CO,Kiowa,377,72,0,11,0,0,11
08063,CO,Kit Carson,1632,185,11,71,11,0,93
08065,CO,Lake,1141,291,11,52,11,0,74
08067,CO,La Plata,13738,1829,33,416,88,44,581
08069,CO,Larimer,76194,6323,123,1671,393,89,2276
08071,CO,Las Animas,4563,809,22,184,57,24,287
08073,CO,Lincoln,1063,140,0,33,11,11,55
08075,CO,Logan,4577,549,11,225,30,0,266
08077,CO,Mesa,41591,4368,88,1281,216,99,1684
08079,CO,Mineral,310,65,0,14,11,0,25
08081,CO,Moffat,2728,498,0,169,22,0,191
08083,CO,Montezuma,7903,1154,33,317,62,66,478
08085,CO,Montrose,13192,1718,33,524,56,38,651
08087,CO,Morgan,5790,622,11,216,56,0,283
08089,CO,Otero,4888,659,22,189,36,33,280
08091,CO,Ouray,1543,143,11,34,22,11,78
08093,CO,Park,4197,625,0,170,33,11,214
08095,CO,Phillips,1113,80,0,37,11,0,48
08097,CO,Pitkin,2979,336,11,69,11,11,102
08099,CO,Prowers,2696,309,11,96,11,22,140
08101,CO,Pueblo,40853,6000,108,1430,346,99,1983
08103,CO,Rio Blanco,1498,309,11,83,11,0,105
08105,CO,Rio Grande,3905,899,33,282,62,22,399
08107,CO,Routt,5195,377,22,147,22,0,191
08109,CO,Saguache,1322,197,11,65,44,0,120
08111,CO,San Juan,159,32,0,11,0,0,11
08113,CO,San Miguel,1347,100,0,33,0,0,33
08115,CO,Sedgwick,759,68,0,34,0,0,34
08117,CO,Summit,4529,681,0,49,44,0,93
08119,CO,Teller,7822,1211,11,337,35,55,438
08121,CO,Washington,1114,144,0,64,0,0,64
08123,CO,Weld,63440,6108,191,1669,486,165,2511
08125,CO,Yuma,2025,192,11,99,33,0,143
09001,CT,Fairfield,182596,4177,297,621,863,363,2144
09003,CT,Hartford,194630,5814,343,1457,984,319,3103
09005,CT,Litchfield,49900,1543,110,516,429,110,1165
09007,CT,Middlesex,43250,1057,44,311,259,110,724
09009,CT,New Haven,186442,5182,320,838,941,286,2385
09011,CT,New London,66036,2129,121,520,377,143,1161
09013,CT,Tolland,32811,938,66,258,156,55,535
09015,CT,Windham,27368,1024,88,312,258,66,724
10001,DE,Kent,42960,1913,123,525,309,88,1045
10003,DE,New Castle,116546,4223,204,835,680,187,1906
10005,DE,Sussex,98485,3239,198,1076,430,210,1914
11001,DC,District Of Columbia,97326,2812,199,521,399,198,1317
12001,FL,Alachua,56702,2004,154,543,309,143,1149
12003,FL,Baker,5688,304,11,75,36,33,155
12005,FL,Bay,45328,2093,77,457,246,114,894
12007,FL,Bradford,5750,338,33,129,75,33,270
12009,FL,Brevard,183166,6922,264,1566,795,281,2906
12011,FL,Broward,379106,12033,594,2900,1449,613,5556
12013,FL,Calhoun,3006,235,33,80,60,33,206
12015,FL,Charlotte,81310,3144,121,447,412,145,1125
12017,FL,Citrus,66837,2951,99,967,226,154,1446
12019,FL,Clay,51948,2367,72,438,304,67,881
12021,FL,Collier,122842,3020,154,415,429,165,1163
12023,FL,Columbia,18231,924,44,335,155,44,578
12027,FL,De Soto,7830,387,11,78,68,22,179
12029,FL,Dixie,4544,256,22,84,49,22,177
12031,FL,Duval,195244,8221,379,1592,1249,311,3531
12033,FL,Escambia,76389,2956,144,810,512,133,1599
12035,FL,Flagler,47312,1623,52,380,192,57,681
12037,FL,Franklin,3477,165,11,33,33,22,99
12039,FL,Gadsden,11221,435,55,147,98,44,344
12041,FL,Gilchrist,4660,253,22,93,42,22,179
12043,FL,Glades,1580,94,0,36,22,11,69
12045,FL,Gulf,4975,249,22,47,34,22,125
12047,FL,Hamilton,3630,177,33,62,33,22,150
12049,FL,Hardee,4690,230,33,79,61,33,206
12051,FL,Hendry,8016,304,22,94,43,22,181
12053,FL,Hernando,62427,2949,88,1026,410,101,1625
12055,FL,Highlands,37279,1910,66,433,260,79,838
12057,FL,Hillsborough,278584,11197,505,2567,1683,533,5288
12059,FL,Holmes,5545,340,22,102,50,34,208
12061,FL,Indian River,63008,1732,77,331,288,77,773
12063,FL,Jackson,12469,875,88,321,184,99,692
12065,FL,Jefferson,4214,174,11,56,22,11,100
12067,FL,Lafayette,1274,67,0,22,17,11,50
12069,FL,Lake,133007,5442,222,1266,653,253,2394
12071,FL,Lee,225241,7418,297,1856,1199,311,3663
12073,FL,Leon,53542,1825,100,456,262,99,917
12075,FL,Levy,13219,617,33,218,90,55,396
12077,FL,Liberty,1584,106,11,38,22,22,93
12079,FL,Madison,5195,227,22,66,47,33,168
12081,FL,Manatee,127047,3710,143,647,546,154,1490
12083,FL,Marion,132429,5463,176,1466,538,231,2411
12085,FL,Martin,52972,1595,55,367,264,77,763
12086,FL,Miami-Dade,521628,20800,872,5658,2469,975,9974
12087,FL,Monroe,19052,448,44,108,103,55,310
12089,FL,Nassau,30114,1163,44,252,139,55,490
12091,FL,Okaloosa,47906,1872,88,448,289,110,935
12093,FL,Okeechobee,10374,593,22,173,38,22,255
12095,FL,Orange,232274,7843,429,1662,1216,437,3744
12097,FL,Osceola,74948,2653,118,643,361,166,1288
12099,FL,Palm Beach,370748,10160,502,2166,1390,476,4534
12101,FL,Pasco,149284,6589,242,1923,839,257,3261
12103,FL,Pinellas,262628,8887,456,1785,1225,452,3918
12105,FL,Polk,184609,8066,350,1798,1002,347,3497
12107,FL,Putnam,21175,1142,79,336,167,115,697
12109,FL,Saint Johns,81263,2376,99,358,342,110,909
12111,FL,Saint Lucie,98123,3196,165,794,566,147,1672
12113,FL,Santa Rosa,45566,1717,77,402,248,70,797
12115,FL,Sarasota,164178,4517,220,585,638,198,1641
12117,FL,Seminole,85594,3397,150,622,467,153,1392
12119,FL,Sumter,88604,2449,79,511,254,101,945
12121,FL,Suwannee,12741,620,33,210,99,44,386
12123,FL,Taylor,5250,250,22,54,54,33,163
12125,FL,Union,2635,150,22,64,28,11,125
12127,FL,Volusia,174531,6901,246,1941,684,267,3138
12129,FL,Wakulla,8248,341,22,122,66,11,221
12131,FL,Walton,18207,649,44,151,87,55,337
12133,FL,Washington,5785,344,33,106,76,33,248
13001,GA,Appling,3972,213,11,81,38,22,152
13003,GA,Atkinson,1596,149,33,69,33,33,168
13005,GA,Bacon,1970,175,0,73,35,11,119
13007,GA,Baker,536,24,11,11,11,11,44
13009,GA,Baldwin,9529,455,20,162,69,16,267
13011,GA,Banks,4611,301,44,111,44,33,232
13013,GA,Barrow,17146,930,35,278,97,44,454
13015,GA,Bartow,22261,1299,44,414,199,84,741
13017,GA,Ben Hill,4187,263,11,104,27,11,153
13019,GA,Berrien,4241,342,33,119,58,11,221
13021,GA,Bibb,37797,1839,107,550,188,99,944
13023,GA,Bleckley,2895,141,11,49,11,11,82
13025,GA,Brantley,3522,259,33,62,47,11,153
13027,GA,Brooks,3221,169,22,62,44,33,161
13029,GA,Bryan,8647,370,33,60,47,33,173
13031,GA,Bulloch,11781,551,47,89,111,44,291
13033,GA,Burke,4890,201,22,88,55,44,209
13035,GA,Butts,6371,320,22,106,53,33,214
13037,GA,Calhoun,1417,88,22,44,33,22,121
13039,GA,Camden,11806,552,33,153,78,44,308
13043,GA,Candler,2276,109,11,12,15,11,49
13045,GA,Carroll,27448,1788,73,385,262,67,787
13047,GA,Catoosa,11530,695,27,161,82,25,295
13049,GA,Charlton,2440,170,11,59,22,22,114
13051,GA,Chatham,57823,1949,131,318,249,110,808
13053,GA,Chattahoochee,681,40,11,16,11,11,49
13055,GA,Chattooga,6603,482,33,171,69,44,317
13057,GA,Cherokee,58363,2482,55,538,367,98,1058
13059,GA,Clarke,20669,820,57,213,115,55,440
13061,GA,Clay,666,21,11,11,11,11,44
13063,GA,Clayton,35894,1518,117,355,180,92,744
13065,GA,Clinch,1497,105,33,64,44,22,163
13067,GA,Cobb,123057,4653,180,632,669,191,1672
13069,GA,Coffee,7725,708,44,318,128,44,534
13071,GA,Colquitt,8802,502,33,231,84,44,392
13073,GA,Columbia,31696,1110,55,246,152,44,497
13075,GA,Cook,3582,284,33,103,44,22,202
13077,GA,Coweta,30584,1265,66,310,169,62,607
13079,GA,Crawford,1364,74,22,35,22,11,90
13081,GA,Crisp,4683,307,22,122,52,11,207
13083,GA,Dade,3775,219,22,54,33,22,131
13085,GA,Dawson,8202,403,11,107,65,11,194
13087,GA,Decatur,5906,277,33,104,70,33,240
13089,GA,Dekalb,121682,4003,280,994,640,234,2148
13091,GA,Dodge,4463,241,33,108,63,22,226
13093,GA,Dooly,2327,150,22,63,33,11,129
13095,GA,Dougherty,19431,1099,52,364,93,45,554
13097,GA,Douglas,24507,1339,67,204,192,38,501
13099,GA,Early,2370,130,11,65,34,22,132
13101,GA,Echols,146,12,11,11,0,0,22
13103,GA,Effingham,11245,499,55,103,66,33,257
13105,GA,Elbert,5624,299,22,104,50,22,198
13107,GA,Emanuel,5134,239,22,79,52,22,175
13109,GA,Evans,2411,119,11,30,13,11,65
13111,GA,Fannin,9230,574,55,169,84,44,352
13113,GA,Fayette,29149,926,40,216,161,44,461
13115,GA,Floyd,21201,1155,49,389,180,66,684
13117,GA,Forsyth,30066,1066,33,288,145,33,499
13119,GA,Franklin,6751,370,33,128,57,33,251
13121,GA,Fulton,175589,5886,380,1187,821,344,2732
13123,GA,Gilmer,9693,510,22,165,91,44,322
13125,GA,Glascock,778,39,0,24,11,0,35
13127,GA,Glynn,21719,894,33,190,130,33,386
13129,GA,Gordon,12396,773,33,292,117,55,497
13131,GA,Grady,5029,237,11,69,46,33,159
13133,GA,Greene,7476,224,33,56,34,11,134
13135,GA,Gwinnett,125110,4523,198,1188,640,176,2202
13137,GA,Habersham,11684,669,44,240,97,55,436
13139,GA,Hall,40448,2101,104,614,274,88,1080
13141,GA,Hancock,2521,115,11,40,18,11,80
13143,GA,Haralson,6753,516,33,130,78,33,274
13145,GA,Harris,6856,258,44,115,66,33,258
13147,GA,Hart,5798,244,11,83,31,11,136
13149,GA,Heard,2015,132,11,38,12,11,72
13151,GA,Henry,44919,1845,80,483,222,66,851
13153,GA,Houston,29893,1478,92,517,176,88,873
13155,GA,Irwin,1637,124,22,48,28,22,120
13157,GA,Jackson,22490,1016,66,279,160,55,560
13159,GA,Jasper,3027,147,22,56,27,22,127
13161,GA,Jeff Davis,2879,177,11,76,37,11,135
13163,GA,Jefferson,4167,173,44,87,77,11,219
13165,GA,Jenkins,1783,110,11,17,13,11,52
13167,GA,Johnson,1937,97,22,40,22,11,95
13169,GA,Jones,3837,211,22,70,32,11,135
13171,GA,Lamar,4435,220,22,78,26,22,148
13173,GA,Lanier,1392,92,22,38,22,11,93
13175,GA,Laurens,11317,603,42,241,126,37,446
13177,GA,Lee,5304,308,11,106,30,22,169
13179,GA,Liberty,10054,406,44,85,69,11,209
13181,GA,Lincoln,2428,81,11,26,11,11,59
13183,GA,Long,1954,88,11,14,11,11,47
13185,GA,Lowndes,22924,1156,77,342,131,55,605
13187,GA,Lumpkin,6888,358,11,105,28,13,157
13189,GA,Mcduffie,5371,260,22,88,32,11,153
13191,GA,Mcintosh,3668,179,22,42,22,11,97
13193,GA,Macon,2459,126,33,55,33,22,143
13195,GA,Madison,7482,395,22,134,56,55,267
13197,GA,Marion,1562,75,11,25,22,11,69
13199,GA,Meriwether,5212,284,66,95,67,33,261
13201,GA,Miller,1416,82,11,21,11,11,54
13205,GA,Mitchell,4660,287,44,77,44,33,198
13207,GA,Monroe,5603,258,22,91,48,11,172
13209,GA,Montgomery,1895,94,11,44,44,22,121
13211,GA,Morgan,5209,213,11,57,44,11,123
13213,GA,Murray,8131,545,22,210,55,22,309
13215,GA,Muscogee,40809,1822,102,664,300,100,1166
13217,GA,Newton,23023,1036,42,304,153,44,543
13219,GA,Oconee,8324,292,33,76,57,33,199
13221,GA,Oglethorpe,2089,88,22,44,33,22,121
13223,GA,Paulding,21447,1138,37,167,157,36,397
13225,GA,Peach,8428,467,24,176,45,22,267
13227,GA,Pickens,11146,570,33,207,114,38,392
13229,GA,Pierce,4687,373,11,141,72,11,235
13231,GA,Pike,4379,214,22,81,55,33,191
13233,GA,Polk,10356,702,33,229,112,33,407
13235,GA,Pulaski,2451,139,11,51,15,11,88
13237,GA,Putnam,6419,210,11,57,27,11,106
13239,GA,Quitman,945,54,11,27,11,11,60
13241,GA,Rabun,5769,304,33,125,61,11,230
13243,GA,Randolph,1681,104,11,40,11,22,84
13245,GA,Richmond,39354,1683,103,446,254,79,882
13247,GA,Rockdale,17960,736,33,197,113,33,376
13249,GA,Schley,875,39,11,11,11,0,33
13251,GA,Screven,3728,168,11,31,40,22,104
13253,GA,Seminole,2431,143,11,58,38,22,129
13255,GA,Spalding,16309,838,30,246,125,28,429
13257,GA,Stephens,8366,608,33,205,105,33,376
13259,GA,Stewart,1164,60,11,33,11,11,66
13261,GA,Sumter,6539,409,45,128,83,33,289
13263,GA,Talbot,1804,91,22,50,33,22,127
13265,GA,Taliaferro,512,24,11,11,11,11,44
13267,GA,Tattnall,4577,226,22,46,47,22,137
13269,GA,Taylor,1883,110,22,32,33,11,98
13271,GA,Telfair,2372,148,33,61,33,22,149
13273,GA,Terrell,2332,163,22,78,37,11,148
13275,GA,Thomas,12203,595,59,140,95,55,349
13277,GA,Tift,8746,621,46,255,94,33,428
13279,GA,Toombs,6185,266,22,61,30,22,135
13281,GA,Towns,6069,291,0,104,30,11,145
13283,GA,Treutlen,1288,65,0,19,11,11,41
13285,GA,Troup,15049,957,44,348,140,33,565
13287,GA,Turner,2123,169,22,60,43,0,125
13289,GA,Twiggs,2032,120,33,49,33,22,137
13291,GA,Union,10644,514,11,191,70,15,287
13293,GA,Upson,6377,333,11,129,70,22,232
13295,GA,Walker,18519,1287,66,316,152,77,611
13297,GA,Walton,26912,1313,63,430,177,58,728
13299,GA,Ware,8708,597,22,257,99,33,411
13301,GA,Warren,1462,88,22,53,22,11,108
13303,GA,Washington,4669,197,33,76,58,33,200
13305,GA,Wayne,6366,476,22,88,69,45,224
13307,GA,Webster,440,37,11,22,11,11,55
13309,GA,Wheeler,1144,41,0,22,22,11,55
13311,GA,White,8550,482,22,154,63,22,261
13313,GA,Whitfield,19499,1142,44,378,133,55,610
13315,GA,Wilcox,1959,131,33,48,44,22,147
13317,GA,Wilkes,3030,133,22,62,38,22,144
13319,GA,Wilkinson,2662,152,22,64,44,22,152
13321,GA,Worth,3846,291,33,120,56,11,220
15001,HI,Hawaii,53634,1183,124,181,204,121,630
15003,HI,Honolulu,207905,4556,329,470,655,280,1734
15005,HI,Kalawao,11,0,0,0,0,0,0
15007,HI,Kauai,17815,306,55,44,110,55,264
15009,HI,Maui,35979,805,77,77,131,99,384
16001,ID,Ada,107403,5333,132,1400,512,167,2211
16003,ID,Adams,1619,102,11,33,11,11,66
16005,ID,Bannock,18050,1883,33,603,251,55,942
16007,ID,Bear Lake,1617,269,11,123,0,22,156
16009,ID,Benewah,3422,182,11,84,22,11,128
16011,ID,Bingham,9435,1038,44,296,133,63,536
16013,ID,Blaine,6328,293,0,97,33,11,141
16015,ID,Boise,2123,106,11,55,22,0,88
16017,ID,Bonner,15443,605,33,218,113,33,397
16019,ID,Bonneville,22741,2641,55,602,405,55,1117
16021,ID,Boundary,4132,157,22,37,22,11,92
16023,ID,Butte,795,75,0,22,22,0,44
16025,ID,Camas,317,22,0,11,11,0,22
16027,ID,Canyon,49780,2840,88,830,265,66,1249
16029,ID,Caribou,1576,225,11,98,33,11,153
16031,ID,Cassia,4587,412,11,110,64,11,196
16033,ID,Clark,134,27,0,22,11,11,44
16035,ID,Clearwater,3246,170,11,65,44,33,153
16037,ID,Custer,1479,129,0,37,22,0,59
16039,ID,Elmore,5560,447,22,130,53,22,227
16041,ID,Franklin,2808,328,11,118,27,0,156
16043,ID,Fremont,2888,314,11,98,45,22,176
16045,ID,Gem,5761,325,11,82,41,11,145
16047,ID,Gooding,3449,340,22,106,46,11,185
16049,ID,Idaho,4966,310,11,114,22,22,169
16051,ID,Jefferson,5381,595,22,167,106,11,306
16053,ID,Jerome,4273,376,11,128,50,33,222
16055,ID,Kootenai,48989,2163,66,596,272,77,1011
16057,ID,Latah,7939,321,22,156,77,33,288
16059,ID,Lemhi,2992,260,0,82,33,11,126
16061,ID,Lewis,2461,158,11,71,22,11,115
16063,ID,Lincoln,994,81,0,38,33,11,82
16065,ID,Madison,4039,416,22,97,36,11,166
16067,ID,Minidoka,4565,418,22,89,43,11,165
16069,ID,Nez Perce,10548,503,11,133,34,11,189
16071,ID,Oneida,1159,143,11,58,15,11,95
16073,ID,Owyhee,2468,140,11,50,22,22,105
16075,ID,Payette,6420,430,33,126,50,22,231
16077,ID,Power,1380,113,11,38,22,0,71
16079,ID,Shoshone,3966,277,33,116,77,22,248
16081,ID,Teton,2130,170,11,49,33,0,93
16083,ID,Twin Falls,19451,1798,46,558,195,58,857
16085,ID,Valley,3612,183,0,59,22,0,81
16087,ID,Washington,3437,219,22,79,28,11,140
17001,IL,Adams,15698,1020,55,218,123,22,418
17003,IL,Alexander,1465,125,0,55,11,0,66
17005,IL,Bond,3869,177,11,55,44,22,132
17007,IL,Boone,10554,452,11,127,61,11,210
17009,IL,Brown,1130,90,11,24,33,0,68
17011,IL,Bureau,8725,384,22,217,124,55,418
17013,IL,Calhoun,1263,102,11,66,22,0,99
17015,IL,Carroll,4535,210,22,84,55,22,183
17017,IL,Cass,2867,160,33,55,44,22,154
17019,IL,Champaign,33331,1449,132,237,182,77,628
17021,IL,Christian,8711,545,11,190,88,22,311
17023,IL,Clark,4075,250,0,75,44,22,141
17025,IL,Clay,3267,227,22,70,55,11,158
17027,IL,Clinton,7794,271,22,90,110,55,277
17029,IL,Coles,10587,650,33,195,85,22,335
17031,IL,Cook,875816,27880,1693,5482,5149,1368,13692
17033,IL,Crawford,4605,267,33,109,33,11,186
17035,IL,Cumberland,2440,154,33,51,44,0,128
17037,IL,Dekalb,20155,746,55,194,165,66,480
17039,IL,Dewitt,3837,203,33,78,44,11,166
17041,IL,Douglas,4600,242,11,88,88,11,198
17043,IL,Dupage,191187,4938,341,885,841,308,2375
17045,IL,Edgar,4403,312,22,85,25,11,143
17047,IL,Edwards,1502,97,0,33,33,0,66
17049,IL,Effingham,8883,503,22,152,123,33,330
17051,IL,Fayette,4381,287,22,89,77,0,188
17053,IL,Ford,3264,214,22,77,44,22,165
17055,IL,Franklin,9897,662,55,196,127,22,400
17057,IL,Fulton,8555,506,11,161,133,22,327
17059,IL,Gallatin,1382,82,0,66,33,11,110
17061,IL,Greene,3207,224,22,81,55,0,158
17063,IL,Grundy,10432,505,33,112,106,33,284
17065,IL,Hamilton,1975,117,11,39,33,0,83
17067,IL,Hancock,5011,387,33,110,88,11,242
17069,IL,Hardin,1012,87,11,33,33,0,77
17071,IL,Henderson,1715,116,11,77,22,11,121
17073,IL,Henry,11953,483,33,201,112,44,390
17075,IL,Iroquois,7407,445,55,214,88,33,390
17077,IL,Jackson,11703,688,33,230,143,33,439
17079,IL,Jasper,2221,157,11,56,47,11,125
17081,IL,Jefferson,8504,446,33,115,82,22,252
17083,IL,Jersey,4832,238,11,106,44,11,172
17085,IL,Jo Daviess,6891,194,0,92,55,22,169
17087,IL,Johnson,3425,202,11,91,55,0,157
17089,IL,Kane,89484,2724,173,585,432,176,1366
17091,IL,Kankakee,23255,1187,78,315,154,44,591
17093,IL,Kendall,18728,706,55,211,154,33,453
17095,IL,Knox,12627,717,22,273,136,22,453
17097,IL,Lake,142293,4362,256,945,714,242,2157
17099,IL,La Salle,25746,1124,110,368,215,88,781
17101,IL,Lawrence,3313,195,11,81,22,11,125
17103,IL,Lee,8820,454,44,159,80,22,305
17105,IL,Livingston,7940,471,33,183,154,11,381
17107,IL,Logan,6249,341,22,139,33,11,205
17109,IL,Mcdonough,5911,375,11,95,68,11,185
17111,IL,Mchenry,72683,2726,143,690,393,121,1347
17113,IL,Mclean,30998,1289,44,399,179,66,688
17115,IL,Macon,24320,1249,55,351,180,55,641
17117,IL,Macoupin,12446,682,66,181,133,66,446
17119,IL,Madison,60449,2436,132,634,296,121,1183
17121,IL,Marion,11075,704,44,252,105,66,467
17123,IL,Marshall,3400,145,0,88,77,11,176
17125,IL,Mason,3944,210,11,100,66,11,188
17127,IL,Massac,3521,247,22,83,22,22,149
17129,IL,Menard,3034,132,22,55,22,11,110
17131,IL,Mercer,4121,211,11,126,99,11,247
17133,IL,Monroe,8594,271,11,70,33,22,136
17135,IL,Montgomery,7284,445,22,156,145,33,356
17137,IL,Morgan,8018,488,22,127,33,11,193
17139,IL,Moultrie,3169,159,11,63,11,0,85
17141,IL,Ogle,11630,480,44,203,99,44,390
17143,IL,Peoria,38019,1684,154,502,261,88,1005
17145,IL,Perry,4526,237,33,80,44,11,168
17147,IL,Piatt,4070,218,22,66,22,11,121
17149,IL,Pike,3853,296,33,127,66,22,248
17151,IL,Pope,1073,69,0,33,11,0,44
17153,IL,Pulaski,1447,97,0,66,44,0,110
17155,IL,Putnam,1625,83,11,66,44,11,132
17157,IL,Randolph,8052,402,33,153,99,22,307
17159,IL,Richland,3869,211,11,83,27,0,121
17161,IL,Rock Island,33037,1313,55,416,217,77,765
17163,IL,Saint Clair,53320,1891,176,376,295,121,968
17165,IL,Saline,6157,378,33,86,56,22,197
17167,IL,Sangamon,45317,2175,113,460,275,99,947
17169,IL,Schuyler,1745,122,0,22,22,0,44
17171,IL,Scott,1131,82,11,22,22,0,55
17173,IL,Shelby,4673,276,22,115,99,11,247
17175,IL,Stark,1473,94,22,55,33,0,110
17177,IL,Stephenson,12549,517,33,137,87,11,268
17179,IL,Tazewell,31378,1325,66,393,180,77,716
17181,IL,Union,4372,296,22,92,55,11,180
17183,IL,Vermilion,17736,1166,110,297,173,44,624
17185,IL,Wabash,2772,140,0,47,22,11,80
17187,IL,Warren,3644,248,11,116,58,22,207
17189,IL,Washington,3329,153,0,88,44,22,154
17191,IL,Wayne,3793,277,33,66,77,0,176
17193,IL,White,3840,202,0,50,44,11,105
17195,IL,Whiteside,14864,767,33,193,96,33,355
17197,IL,Will,122571,4175,275,869,621,253,2018
17199,IL,Williamson,15207,901,66,216,129,22,433
17201,IL,Winnebago,63616,2660,143,608,264,121,1136
17203,IL,Woodford,7413,288,11,110,88,11,220
18001,IN,Adams,6754,258,22,71,44,11,148
18003,IN,Allen,75997,3132,209,713,275,220,1417
18005,IN,Bartholomew,17299,1037,44,260,91,33,428
18007,IN,Benton,2101,133,33,66,44,22,165
18009,IN,Blackford,3144,211,11,58,28,11,108
18011,IN,Boone,14164,600,44,144,77,33,298
18013,IN,Brown,2715,104,0,17,11,0,28
18015,IN,Carroll,3790,231,11,86,44,22,163
18017,IN,Cass,8383,536,11,136,79,11,237
18019,IN,Clark,27328,1940,57,599,197,90,943
18021,IN,Clay,6796,457,11,167,73,55,306
18023,IN,Clinton,7143,417,22,160,84,33,299
18025,IN,Crawford,3062,231,22,102,55,11,190
18027,IN,Daviess,5571,347,22,156,73,11,262
18029,IN,Dearborn,12768,591,22,151,86,44,303
18031,IN,Decatur,6445,357,22,83,39,11,155
18033,IN,De Kalb,9612,457,33,111,77,44,265
18035,IN,Delaware,24525,1552,66,366,204,33,669
18037,IN,Dubois,10702,387,22,150,56,33,261
18039,IN,Elkhart,37464,1701,77,470,133,67,747
18041,IN,Fayette,6398,498,22,203,41,11,277
18043,IN,Floyd,17791,1129,34,327,98,44,503
18045,IN,Fountain,4912,374,0,75,44,22,141
18047,IN,Franklin,4308,241,0,116,44,22,182
18049,IN,Fulton,5031,286,22,85,33,22,162
18051,IN,Gibson,7885,365,22,146,88,22,278
18053,IN,Grant,16221,1171,55,330,166,77,628
18055,IN,Greene,8010,503,44,161,82,44,331
18057,IN,Hamilton,62684,2001,99,352,207,77,735
18059,IN,Hancock,20051,1037,23,230,106,44,403
18061,IN,Harrison,10091,710,44,252,120,44,460
18063,IN,Hendricks,31272,1251,44,219,122,44,429
18065,IN,Henry,11953,829,33,246,163,44,486
18067,IN,Howard,21001,1331,33,268,146,33,480
18069,IN,Huntington,9863,456,22,114,49,33,218
18071,IN,Jackson,10134,566,33,189,65,44,331
18073,IN,Jasper,8564,458,33,95,50,33,211
18075,IN,Jay,4804,308,22,117,44,44,227
18077,IN,Jefferson,7788,535,33,186,44,44,307
18079,IN,Jennings,6144,464,22,166,64,22,274
18081,IN,Johnson,34563,1668,55,395,178,78,706
18083,IN,Knox,8501,506,22,207,114,22,365
18085,IN,Kosciusko,17721,814,55,247,88,44,434
18087,IN,Lagrange,6163,248,33,82,55,22,192
18089,IN,Lake,106287,5294,286,774,670,242,1972
18091,IN,La Porte,25364,1359,60,369,174,33,636
18093,IN,Lawrence,11859,699,33,264,77,33,407
18095,IN,Madison,31256,1975,99,546,205,88,938
18097,IN,Marion,161506,8341,399,1967,879,341,3586
18099,IN,Marshall,10576,513,33,154,71,55,313
18101,IN,Martin,2749,160,0,45,22,22,89
18103,IN,Miami,8126,501,11,151,86,33,281
18105,IN,Monroe,23426,979,44,290,92,55,481
18107,IN,Montgomery,9148,474,44,184,100,22,350
18109,IN,Morgan,19943,1012,33,247,105,33,418
18111,IN,Newton,2766,182,11,89,77,22,199
18113,IN,Noble,9967,522,33,147,79,44,303
18115,IN,Ohio,1510,65,11,23,11,11,56
18117,IN,Orange,4794,264,33,100,33,44,210
18119,IN,Owen,5832,356,11,123,55,44,233
18121,IN,Parke,3767,244,0,85,44,11,140
18123,IN,Perry,4515,278,22,108,33,22,185
18125,IN,Pike,2903,164,0,69,55,11,135
18127,IN,Porter,37938,1626,55,259,161,55,530
18129,IN,Posey,5614,228,33,96,45,33,207
18131,IN,Pulaski,3352,189,0,72,44,44,160
18133,IN,Putnam,8975,485,44,128,83,55,310
18135,IN,Randolph,6252,528,55,177,87,33,352
18137,IN,Ripley,8430,480,11,136,68,22,237
18139,IN,Rush,3891,257,22,130,80,22,254
18141,IN,St Joseph,56333,2229,165,631,247,143,1186
18143,IN,Scott,6618,503,22,176,39,33,270
18145,IN,Shelby,9912,667,33,226,104,44,407
18147,IN,Spencer,5325,254,11,140,66,33,250
18149,IN,Starke,5725,329,22,98,33,11,164
18151,IN,Steuben,9418,382,22,108,55,22,207
18153,IN,Sullivan,4728,383,22,118,90,44,274
18155,IN,Switzerland,2029,151,11,62,44,11,128
18157,IN,Tippecanoe,28396,1427,77,341,166,44,628
18159,IN,Tipton,3595,186,33,53,33,22,141
18161,IN,Union,1854,117,11,56,22,11,100
18163,IN,Vanderburgh,41007,1776,88,478,183,55,804
18165,IN,Vermillion,3912,280,0,78,33,11,122
18167,IN,Vigo,22923,1660,66,304,144,55,569
18169,IN,Wabash,8400,463,44,158,55,22,279
18171,IN,Warren,1434,115,0,47,22,0,69
18173,IN,Warrick,15132,597,33,156,78,44,311
18175,IN,Washington,6324,501,11,154,42,44,251
18177,IN,Wayne,16558,1361,68,508,168,22,766
18179,IN,Wells,6713,351,11,80,44,44,179
18181,IN,White,7194,401,11,144,55,22,232
18183,IN,Whitley,9151,369,22,104,40,33,199
19001,IA,Adair,1661,81,0,44,33,0,77
19003,IA,Adams,1012,49,0,22,11,11,44
19005,IA,Allamakee,3858,116,0,69,55,11,135
19007,IA,Appanoose,3487,202,11,120,33,22,186
19009,IA,Audubon,1520,82,11,44,22,11,88
19011,IA,Benton,5895,242,11,132,55,11,209
19013,IA,Black Hawk,28613,1065,55,177,82,55,369
19015,IA,Boone,6070,276,11,102,55,11,179
19017,IA,Bremer,6103,229,22,82,55,22,181
19019,IA,Buchanan,5197,238,11,127,66,22,226
19021,IA,Buena Vista,4032,259,11,99,33,33,176
19023,IA,Butler,4066,159,11,88,44,11,154
19025,IA,Calhoun,2801,197,11,88,66,22,187
19027,IA,Carroll,5549,252,0,89,44,22,155
19029,IA,Cass,3902,214,11,95,33,11,150
19031,IA,Cedar,4216,146,11,55,44,11,121
19033,IA,Cerro Gordo,12040,488,11,129,22,22,184
19035,IA,Cherokee,3159,220,11,89,33,11,144
19037,IA,Chickasaw,3046,113,11,55,33,0,99
19039,IA,Clarke,2005,71,0,33,22,0,55
19041,IA,Clay,4225,248,22,46,11,11,90
19043,IA,Clayton,5058,229,22,110,33,33,198
19045,IA,Clinton,11578,522,33,140,69,33,275
19047,IA,Crawford,3483,176,0,118,55,0,173
19049,IA,Dallas,11896,390,44,145,66,22,277
19051,IA,Davis,1914,84,0,53,22,0,75
19053,IA,Decatur,1935,113,0,66,44,22,132
19055,IA,Delaware,4194,167,22,49,22,11,104
19057,IA,Des Moines,9990,510,11,210,40,22,283
19059,IA,Dickinson,5853,214,11,33,22,22,88
19061,IA,Dubuque,23832,851,22,133,105,44,304
19063,IA,Emmet,2497,123,11,22,22,11,66
19065,IA,Fayette,5095,229,22,128,22,22,194
19067,IA,Floyd,4079,179,11,58,0,11,80
19069,IA,Franklin,2212,124,0,44,0,11,55
19071,IA,Fremont,1881,120,22,66,88,0,176
19073,IA,Greene,2454,160,22,66,22,22,132
19075,IA,Grundy,2872,127,0,55,22,11,88
19077,IA,Guthrie,3196,143,0,66,44,22,132
19079,IA,Hamilton,3539,187,22,100,44,22,188
19081,IA,Hancock,2544,133,0,68,11,11,90
19083,IA,Hardin,4761,240,22,88,44,11,165
19085,IA,Harrison,3805,199,33,79,77,44,233
19087,IA,Henry,4945,183,11,80,11,0,102
19089,IA,Howard,2703,129,11,66,22,0,99
19091,IA,Humboldt,2388,178,11,74,33,0,118
19093,IA,Ida,1757,104,11,44,11,0,66
19095,IA,Iowa,4155,127,0,55,55,11,121
19097,IA,Jackson,5349,210,55,81,44,22,202
19099,IA,Jasper,8708,368,22,148,66,22,258
19101,IA,Jefferson,4754,126,11,42,11,0,64
19103,IA,Johnson,25393,665,66,155,110,55,386
19105,IA,Jones,4889,191,11,44,22,0,77
19107,IA,Keokuk,2720,190,0,127,11,11,149
19109,IA,Kossuth,3961,200,11,116,33,0,160
19111,IA,Lee,8678,453,22,163,33,22,240
19113,IA,Linn,48654,1693,132,389,203,55,779
19115,IA,Louisa,2570,140,22,80,11,0,113
19117,IA,Lucas,2270,99,11,33,11,11,66
19119,IA,Lyon,2496,120,0,44,33,11,88
19121,IA,Madison,3656,148,22,57,55,22,156
19123,IA,Mahaska,4757,227,11,104,44,0,159
19125,IA,Marion,8061,336,33,117,66,11,227
19127,IA,Marshall,8950,375,22,154,90,11,277
19129,IA,Mills,3547,196,33,84,66,0,183
19131,IA,Mitchell,2491,130,0,44,22,0,66
19133,IA,Monona,2397,149,11,44,22,11,88
19135,IA,Monroe,1872,86,0,41,33,0,74
19137,IA,Montgomery,2807,152,11,36,33,22,102
19139,IA,Muscatine,9750,351,11,129,48,22,210
19141,IA,Obrien,3627,133,11,66,22,0,99
19143,IA,Osceola,1517,85,0,22,22,0,44
19145,IA,Page,4138,283,0,54,55,22,131
19147,IA,Palo Alto,2520,149,11,57,22,0,90
19149,IA,Plymouth,5634,243,22,55,44,11,132
19151,IA,Pocahontas,2054,136,22,66,11,0,99
19153,IA,Polk,96242,3101,198,580,350,154,1282
19155,IA,Pottawattamie,21758,1118,55,359,165,22,601
19157,IA,Poweshiek,4661,200,11,93,33,11,148
19159,IA,Ringgold,1324,91,11,33,11,11,66
19161,IA,Sac,2642,143,0,83,11,22,116
19163,IA,Scott,37666,1554,77,459,216,99,851
19165,IA,Shelby,3264,173,11,66,33,22,132
19167,IA,Sioux,6793,235,11,77,44,11,143
19169,IA,Story,16644,474,22,181,66,33,302
19171,IA,Tama,4155,224,11,95,44,11,161
19173,IA,Taylor,1698,120,0,66,44,0,110
19175,IA,Union,3163,207,11,61,22,0,94
19177,IA,Van Buren,2054,130,0,99,33,11,143
19179,IA,Wapello,7736,384,22,167,47,11,247
19181,IA,Warren,11442,376,44,120,89,11,264
19183,IA,Washington,5788,233,22,94,33,33,182
19185,IA,Wayne,1642,108,0,77,33,0,110
19187,IA,Webster,8345,477,11,179,49,11,250
19189,IA,Winnebago,3076,135,22,33,22,0,77
19191,IA,Winneshiek,5330,139,11,70,55,22,158
19193,IA,Woodbury,20777,1055,110,197,135,44,486
19195,IA,Worth,1894,116,11,77,11,0,99
19197,IA,Wright,3160,189,0,66,11,11,88
20001,KS,Allen,3115,252,11,117,61,11,200
20003,KS,Anderson,2143,156,22,95,33,11,161
20005,KS,Atchison,3491,202,11,80,22,11,124
20007,KS,Barber,1247,148,0,88,44,11,143
20009,KS,Barton,6133,414,33,172,44,22,271
20011,KS,Bourbon,3413,277,22,116,32,22,192
20013,KS,Brown,2507,162,0,57,11,11,79
20015,KS,Butler,14206,785,44,282,143,55,524
20017,KS,Chase,612,45,11,22,22,11,66
20019,KS,Chautauqua,894,63,11,33,22,11,77
20021,KS,Cherokee,4565,373,44,85,58,33,220
20023,KS,Cheyenne,788,62,0,29,0,0,29
20025,KS,Clark,482,43,0,22,22,0,44
20027,KS,Clay,2143,147,22,33,33,11,99
20029,KS,Cloud,2318,132,11,44,55,11,121
20031,KS,Coffey,2251,114,11,74,44,0,129
20033,KS,Comanche,502,41,0,33,0,0,33
20035,KS,Cowley,7877,463,22,138,103,33,296
20037,KS,Crawford,8029,653,22,214,125,66,427
20039,KS,Decatur,858,81,0,24,22,0,46
20041,KS,Dickinson,4783,226,11,59,55,44,169
20043,KS,Doniphan,1775,121,0,55,11,11,77
20045,KS,Douglas,21450,823,44,251,90,44,429
20047,KS,Edwards,745,61,22,44,33,0,99
20049,KS,Elk,749,63,11,44,33,0,88
20051,KS,Ellis,6107,387,11,83,69,11,174
20053,KS,Ellsworth,1442,104,11,55,44,0,110
20055,KS,Finney,5348,289,22,25,55,11,113
20057,KS,Ford,4535,268,11,77,29,11,128
20059,KS,Franklin,6240,496,11,162,88,11,272
20061,KS,Geary,4534,200,11,20,11,0,42
20063,KS,Gove,751,64,0,55,0,0,55
20065,KS,Graham,710,65,0,44,33,11,88
20067,KS,Grant,1207,78,11,11,16,11,49
20069,KS,Gray,1266,75,0,44,11,0,55
20071,KS,Greeley,300,19,0,11,0,0,11
20073,KS,Greenwood,1924,148,0,62,44,22,128
20075,KS,Hamilton,419,51,11,11,11,0,33
20077,KS,Harper,1457,151,0,33,22,22,77
20079,KS,Harvey,8803,397,22,136,72,22,252
20081,KS,Haskell,613,28,11,22,22,0,55
20083,KS,Hodgeman,389,27,0,22,11,0,33
20085,KS,Jackson,3075,165,0,87,55,22,164
20087,KS,Jefferson,4780,210,22,102,55,44,223
20089,KS,Jewell,897,94,0,66,22,11,99
20091,KS,Johnson,120695,3734,220,789,485,231,1725
20093,KS,Kearny,675,45,11,22,22,0,55
20095,KS,Kingman,1963,140,0,55,33,33,121
20097,KS,Kiowa,618,41,0,22,0,11,33
20099,KS,Labette,4923,272,22,117,57,11,207
20101,KS,Lane,422,33,0,11,22,0,33
20103,KS,Leavenworth,15339,676,22,178,89,44,333
20105,KS,Lincoln,844,50,0,22,33,0,55
20107,KS,Linn,2609,139,22,59,55,11,147
20109,KS,Logan,741,70,0,22,11,11,44
20111,KS,Lyon,6714,315,22,140,59,11,232
20113,KS,Mcpherson,7590,287,22,98,74,33,227
20115,KS,Marion,3288,231,0,118,66,11,195
20117,KS,Marshall,2794,212,11,89,22,11,133
20119,KS,Meade,880,66,0,22,22,0,44
20121,KS,Miami,7172,319,22,128,45,11,206
20123,KS,Mitchell,1673,108,0,44,22,11,77
20125,KS,Montgomery,7973,463,44,112,59,33,248
20127,KS,Morris,1434,82,11,44,33,0,88
20129,KS,Morton,609,71,0,24,11,0,35
20131,KS,Nemaha,2513,158,11,66,33,0,110
20133,KS,Neosho,3748,233,22,101,59,22,204
20135,KS,Ness,845,66,0,55,0,0,55
20137,KS,Norton,1205,95,0,52,33,0,85
20139,KS,Osage,4460,224,22,111,88,22,243
20141,KS,Osborne,1011,84,0,55,33,0,88
20143,KS,Ottawa,1403,72,0,44,22,0,66
20145,KS,Pawnee,1445,133,11,48,33,11,103
20147,KS,Phillips,1449,147,0,77,22,11,110
20149,KS,Pottawatomie,4413,199,0,77,77,11,165
20151,KS,Pratt,2115,155,0,62,22,11,95
20153,KS,Rawlins,689,73,0,22,11,0,33
20155,KS,Reno,14937,752,33,319,131,33,516
20157,KS,Republic,1405,116,0,88,22,0,110
20159,KS,Rice,2327,125,11,89,66,22,188
20161,KS,Riley,10112,369,22,75,37,22,156
20163,KS,Rooks,1366,96,0,45,22,0,67
20165,KS,Rush,933,85,0,55,33,11,99
20167,KS,Russell,1895,201,11,106,24,22,163
20169,KS,Saline,12531,600,11,118,72,11,212
20171,KS,Scott,1029,72,11,12,11,0,34
20173,KS,Sedgwick,103010,5563,264,1589,721,319,2893
20175,KS,Seward,2580,168,11,28,36,11,86
20177,KS,Shawnee,42117,1623,143,451,252,132,978
20179,KS,Sheridan,612,40,0,22,22,0,44
20181,KS,Sherman,1402,189,0,68,11,0,79
20183,KS,Smith,1178,111,0,46,22,0,68
20185,KS,Stafford,1041,69,22,33,33,0,88
20187,KS,Stanton,362,32,0,11,11,0,22
20189,KS,Stevens,893,74,0,33,22,0,55
20191,KS,Sumner,5135,349,22,161,96,11,290
20193,KS,Thomas,1685,164,0,56,15,0,71
20195,KS,Trego,789,68,0,22,11,0,33
20197,KS,Wabaunsee,1715,75,11,66,55,22,154
20199,KS,Wallace,404,42,0,33,0,0,33
20201,KS,Washington,1530,127,11,77,11,0,99
20203,KS,Wichita,461,30,0,11,11,0,22
20205,KS,Wilson,2219,155,22,72,33,11,138
20207,KS,Woodson,878,58,11,33,22,0,66
20209,KS,Wyandotte,26420,1290,110,327,152,99,688
21001,KY,Adair,4510,345,11,171,37,11,230
21003,KY,Allen,4752,306,11,121,35,22,189
21005,KY,Anderson,5302,426,11,152,49,11,223
21007,KY,Ballard,1521,140,0,34,33,11,78
21009,KY,Barren,10430,858,33,255,123,11,422
21011,KY,Bath,3158,389,11,136,41,11,199
21013,KY,Bell,6326,850,33,252,203,22,510
21015,KY,Boone,26813,1214,44,232,175,55,506
21017,KY,Bourbon,4479,356,11,141,52,11,215
21019,KY,Boyd,12429,1032,33,240,105,22,400
21021,KY,Boyle,7562,574,33,98,82,22,235
21023,KY,Bracken,2385,190,33,70,33,11,147
21025,KY,Breathitt,3050,430,22,117,24,22,185
21027,KY,Breckinridge,4949,345,55,168,117,11,351
21029,KY,Bullitt,15235,950,33,295,101,33,462
21031,KY,Butler,2660,204,11,104,12,11,138
21033,KY,Caldwell,3262,200,22,76,30,11,139
21035,KY,Calloway,8545,566,22,151,87,11,271
21037,KY,Campbell,19545,842,66,195,117,44,422
21039,KY,Carlisle,1232,85,0,36,22,11,69
21041,KY,Carroll,2469,163,11,80,22,11,124
21043,KY,Carter,7085,706,22,198,67,22,309
21045,KY,Casey,3572,354,11,145,91,22,269
21047,KY,Christian,11917,711,41,278,124,33,476
21049,KY,Clark,8515,748,19,245,75,11,350
21051,KY,Clay,4680,619,22,271,66,11,370
21053,KY,Clinton,2629,264,11,76,50,11,148
21055,KY,Crittenden,2050,195,0,51,11,11,73
21057,KY,Cumberland,1936,125,11,40,27,11,89
21059,KY,Daviess,23974,1069,22,464,106,22,614
21061,KY,Edmonson,2111,159,11,73,44,11,139
21063,KY,Elliott,1114,117,0,50,11,11,72
21065,KY,Estill,3675,368,22,144,28,11,205
21067,KY,Fayette,56092,2940,143,858,376,132,1509
21069,KY,Fleming,3742,313,22,122,47,33,224
21071,KY,Floyd,9693,1254,99,439,173,165,876
21073,KY,Franklin,15211,1015,11,335,115,11,472
21075,KY,Fulton,1919,120,22,45,22,11,100
21077,KY,Gallatin,1659,98,0,35,33,11,79
21079,KY,Garrard,4372,347,11,67,46,22,146
21081,KY,Grant,6079,375,22,98,50,22,192
21083,KY,Graves,9326,655,22,215,120,33,390
21085,KY,Grayson,7663,593,22,159,102,44,327
21087,KY,Green,2701,204,11,86,27,11,135
21089,KY,Greenup,8857,798,33,204,103,22,362
21091,KY,Hancock,2158,113,22,47,22,11,102
21093,KY,Hardin,25354,1683,68,516,239,55,878
21095,KY,Harlan,6935,831,44,213,165,66,488
21097,KY,Harrison,4848,369,0,157,34,11,202
21099,KY,Hart,4283,319,33,102,66,33,234
21101,KY,Henderson,10641,576,33,190,78,22,323
21103,KY,Henry,4561,344,44,130,66,33,273
21105,KY,Hickman,881,72,11,28,23,0,62
21107,KY,Hopkins,11219,690,56,287,148,22,513
21109,KY,Jackson,3325,367,11,143,64,22,240
21111,KY,Jefferson,165506,8448,339,2581,886,319,4125
21113,KY,Jessamine,11325,736,14,230,87,22,353
21115,KY,Johnson,5932,629,66,230,99,44,439
21117,KY,Kenton,32126,1466,66,315,190,55,626
21119,KY,Knott,3039,404,77,184,77,55,393
21121,KY,Knox,6039,810,33,263,90,44,430
21123,KY,Larue,3680,274,0,85,29,11,125
21125,KY,Laurel,13007,1308,44,445,116,22,627
21127,KY,Lawrence,4117,406,11,150,79,22,262
21129,KY,Lee,1675,191,11,83,11,11,116
21131,KY,Leslie,2701,373,22,172,99,44,337
21133,KY,Letcher,5928,843,99,335,122,44,600
21135,KY,Lewis,3253,363,44,172,57,0,273
21137,KY,Lincoln,6770,628,33,128,70,22,253
21139,KY,Livingston,2777,257,11,80,66,22,179
21141,KY,Logan,6953,409,33,150,56,22,261
21143,KY,Lyon,2438,153,11,61,22,11,105
21145,KY,Mccracken,17455,1161,33,268,101,33,435
21147,KY,Mccreary,3804,526,44,191,55,44,334
21149,KY,Mclean,2531,148,33,66,33,11,143
21151,KY,Madison,19425,1569,35,435,152,33,655
21153,KY,Magoffin,3208,285,11,91,25,11,138
21155,KY,Marion,4610,364,22,114,66,22,224
21157,KY,Marshall,9050,672,22,220,72,22,336
21159,KY,Martin,2513,271,33,105,33,22,193
21161,KY,Mason,4208,347,22,143,42,22,229
21163,KY,Meade,4858,341,0,113,80,33,226
21165,KY,Menifee,1811,191,11,78,44,0,133
21167,KY,Mercer,5969,464,22,79,56,11,168
21169,KY,Metcalfe,2801,237,11,98,51,11,171
21171,KY,Monroe,2799,217,11,71,51,11,144
21173,KY,Montgomery,6387,638,11,195,62,11,279
21175,KY,Morgan,3059,308,22,120,50,11,203
21177,KY,Muhlenberg,7610,484,22,261,106,22,411
21179,KY,Nelson,11870,810,22,238,121,33,414
21181,KY,Nicholas,1777,175,11,81,22,11,125
21183,KY,Ohio,5605,329,33,180,79,11,303
21185,KY,Oldham,11179,562,22,163,70,11,266
21187,KY,Owen,1875,125,11,44,11,0,66
21189,KY,Owsley,1252,184,11,53,11,11,86
21191,KY,Pendleton,3425,228,22,74,38,11,145
21193,KY,Perry,7299,906,33,327,138,110,608
21195,KY,Pike,15238,1917,66,667,188,132,1053
21197,KY,Powell,3186,405,11,139,28,22,200
21199,KY,Pulaski,18470,1789,66,580,150,55,851
21201,KY,Robertson,544,47,0,17,11,0,28
21203,KY,Rockcastle,3869,398,33,142,37,11,223
21205,KY,Rowan,5084,533,22,180,47,22,271
21207,KY,Russell,4789,469,11,176,52,22,261
21209,KY,Scott,10580,676,11,278,81,11,381
21211,KY,Shelby,9443,550,22,179,83,22,306
21213,KY,Simpson,4438,265,11,106,30,11,158
21215,KY,Spencer,4045,226,11,63,28,0,102
21217,KY,Taylor,6736,449,11,167,46,22,246
21219,KY,Todd,2440,133,11,69,44,11,135
21221,KY,Trigg,4218,259,11,85,39,0,135
21223,KY,Trimble,1975,152,0,48,22,0,70
21225,KY,Union,3387,228,22,79,44,22,167
21227,KY,Warren,25626,1285,55,524,151,55,785
21229,KY,Washington,2905,207,0,62,34,0,96
21231,KY,Wayne,5039,489,11,172,39,11,233
21233,KY,Webster,3359,234,11,101,59,0,171
21235,KY,Whitley,12146,1470,24,389,68,33,514
21237,KY,Wolfe,2062,319,11,110,37,22,180
21239,KY,Woodford,6952,437,11,109,55,22,197
22001,LA,Acadia,12696,621,55,152,142,44,393
22003,LA,Allen,4511,256,22,88,77,33,220
22005,LA,Ascension,21971,828,55,199,131,66,451
22007,LA,Assumption,4810,202,44,68,67,22,201
22009,LA,Avoyelles,9213,398,44,160,140,99,443
22011,LA,Beauregard,8714,411,33,122,113,44,312
22013,LA,Bienville,3597,218,55,96,81,22,254
22015,LA,Bossier,23508,1318,67,436,264,55,822
22017,LA,Caddo,52962,2688,190,951,508,165,1814
22019,LA,Calcasieu,41206,1685,121,413,326,121,981
22021,LA,Caldwell,2504,144,22,31,36,22,111
22023,LA,Cameron,567,44,0,22,11,0,33
22025,LA,Catahoula,2513,157,22,79,33,33,167
22027,LA,Claiborne,3138,200,22,79,52,22,175
22029,LA,Concordia,4202,248,44,107,46,22,219
22031,LA,De Soto,6601,376,67,146,105,22,340
22033,LA,East Baton Rouge,83579,2717,210,631,438,209,1488
22035,LA,East Carroll,1337,124,11,39,28,11,89
22037,LA,East Feliciana,5050,192,22,67,44,33,166
22039,LA,Evangeline,7128,454,22,72,148,22,264
22041,LA,Franklin,4470,288,33,110,92,33,268
22043,LA,Grant,4580,251,22,99,72,44,237
22045,LA,Iberia,16189,785,43,179,162,33,417
22047,LA,Iberville,6921,340,44,114,66,44,268
22049,LA,Jackson,3330,194,11,65,62,22,160
22051,LA,Jefferson,94321,3950,184,909,606,176,1875
22053,LA,Jefferson Davis,6715,327,22,104,89,55,270
22055,LA,Lafayette,48525,1918,106,307,397,110,920
22057,LA,Lafourche,19535,909,55,240,189,77,561
22059,LA,La Salle,3177,218,22,70,62,33,187
22061,LA,Lincoln,8333,351,22,102,93,22,239
22063,LA,Livingston,25048,1240,66,306,180,95,647
22065,LA,Madison,1900,102,11,35,15,0,61
22067,LA,Morehouse,6516,358,33,130,106,22,291
22069,LA,Natchitoches,7943,502,55,172,139,22,388
22071,LA,Orleans,69442,2708,200,574,431,176,1381
22073,LA,Ouachita,31426,1657,81,463,348,88,980
22075,LA,Plaquemines,4139,193,33,54,33,33,153
22077,LA,Pointe Coupee,5233,215,22,138,101,55,316
22079,LA,Rapides,29092,1390,77,505,295,123,1000
22081,LA,Red River,1835,106,11,37,22,11,81
22083,LA,Richland,4807,271,22,74,52,33,181
22085,LA,Sabine,5527,349,33,106,86,44,269
22087,LA,Saint Bernard,7597,427,44,84,73,44,245
22089,LA,Saint Charles,10481,474,77,124,99,55,355
22091,LA,Saint Helena,1551,61,11,13,22,11,57
22093,LA,Saint James,4988,207,33,83,64,44,224
22095,LA,St John The Baptist,9210,421,55,101,77,33,266
22097,LA,Saint Landry,21089,978,86,195,258,99,638
22099,LA,Saint Martin,10695,511,22,105,106,22,255
22101,LA,Saint Mary,11395,552,55,138,111,33,337
22103,LA,Saint Tammany,62965,2618,127,586,440,135,1288
22105,LA,Tangipahoa,28983,1390,110,309,292,88,799
22107,LA,Tensas,1189,68,22,33,33,22,110
22109,LA,Terrebonne,23692,1334,77,422,286,66,851
22111,LA,Union,5850,322,33,100,81,33,247
22113,LA,Vermilion,12382,570,22,117,108,44,291
22115,LA,Vernon,7641,472,33,150,116,44,343
22117,LA,Washington,11041,581,33,201,140,22,396
22119,LA,Webster,10021,634,78,226,170,66,540
22121,LA,West Baton Rouge,5429,208,22,68,40,22,152
22123,LA,West Carroll,2756,164,11,57,46,22,136
22125,LA,West Feliciana,2496,96,0,22,23,0,45
22127,LA,Winn,2702,201,22,83,60,22,187
23001,ME,Androscoggin,26947,935,66,266,134,77,543
23003,ME,Aroostook,21142,1220,99,562,270,88,1019
23005,ME,Cumberland,77366,1887,77,410,374,176,1037
23007,ME,Franklin,9048,379,22,155,77,33,287
23009,ME,Hancock,17158,696,88,365,212,66,731
23011,ME,Kennebec,35093,1212,66,345,230,99,740
23013,ME,Knox,13526,335,44,121,121,11,297
23015,ME,Lincoln,12694,377,22,176,154,44,396
23017,ME,Oxford,18103,646,33,310,198,44,585
23019,ME,Penobscot,41503,1820,143,662,420,165,1390
23021,ME,Piscataquis,5898,270,22,124,66,44,256
23023,ME,Sagadahoc,11392,282,11,88,77,22,198
23025,ME,Somerset,15396,702,33,288,189,88,598
23027,ME,Waldo,12781,429,0,191,154,99,444
23029,ME,Washington,10468,463,33,292,143,22,490
23031,ME,York,60976,1623,132,393,350,110,985
24001,MD,Allegany,17744,952,79,315,158,22,574
24003,MD,Anne Arundel,107931,3314,232,770,604,198,1804
24005,MD,Baltimore,168706,5555,212,1333,854,286,2685
24009,MD,Calvert,19689,677,88,235,134,55,512
24011,MD,Caroline,7741,308,44,121,77,33,275
24013,MD,Carroll,38454,1325,88,327,192,99,706
24015,MD,Cecil,22098,985,56,267,163,66,552
24017,MD,Charles,28891,1062,110,375,219,88,792
24019,MD,Dorchester,8884,432,44,151,40,44,279
24021,MD,Frederick,55308,1612,132,411,269,121,933
24023,MD,Garrett,7461,429,44,150,89,33,316
24025,MD,Harford,57016,1902,132,512,289,143,1076
24027,MD,Howard,58557,1503,99,337,339,121,896
24029,MD,Kent,7308,238,22,107,88,22,239
24031,MD,Montgomery,200016,4452,308,787,728,286,2109
24033,MD,Prince Georges,155441,4037,357,844,646,286,2133
24035,MD,Queen Annes,12421,360,22,143,90,33,288
24037,MD,Saint Marys,21001,925,99,363,184,44,690
24039,MD,Somerset,5181,226,33,74,48,11,166
24041,MD,Talbot,12374,388,22,159,102,44,327
24043,MD,Washington,33960,1262,77,204,208,88,577
24045,MD,Wicomico,21815,850,88,254,217,33,592
24047,MD,Worcester,17819,633,77,195,142,66,480
24510,MD,Baltimore City,110463,3800,223,947,533,176,1879
25001,MA,Barnstable,88511,1825,121,597,449,121,1288
25003,MA,Berkshire,38368,1046,66,322,231,121,740
25005,MA,Bristol,134820,3931,253,900,682,242,2077
25007,MA,Dukes,5734,128,0,48,33,44,125
25009,MA,Essex,181948,4310,330,832,814,363,2339
25011,MA,Franklin,21259,674,55,287,182,88,612
25013,MA,Hampden,109588,4545,220,898,589,187,1894
25015,MA,Hampshire,39840,1103,55,313,216,88,672
25017,MA,Middlesex,310080,7016,429,1164,1342,583,3518
25019,MA,Nantucket,2400,60,0,11,11,11,33
25021,MA,Norfolk,151090,3667,231,694,705,264,1894
25023,MA,Plymouth,131693,3632,242,838,555,242,1877
25025,MA,Suffolk,114400,3176,242,497,637,231,1607
25027,MA,Worcester,182218,5816,363,1449,1147,429,3388
26001,MI,Alcona,4408,220,33,101,77,33,244
26003,MI,Alger,2815,127,0,88,66,22,176
26005,MI,Allegan,24329,1031,99,254,152,99,604
26007,MI,Alpena,9785,467,33,146,60,44,283
26009,MI,Antrim,7653,290,11,114,66,44,235
26011,MI,Arenac,5924,427,33,156,67,55,311
26013,MI,Baraga,2096,95,0,33,33,11,77
26015,MI,Barry,12814,580,22,156,103,0,281
26017,MI,Bay,28195,1380,55,483,147,77,762
26019,MI,Benzie,5776,226,11,80,66,22,179
26021,MI,Berrien,42333,1778,91,534,275,88,988
26023,MI,Branch,10631,477,22,133,66,44,265
26025,MI,Calhoun,31838,1702,77,400,184,99,760
26027,MI,Cass,11422,509,44,145,80,55,324
26029,MI,Charlevoix,8947,328,22,102,35,33,192
26031,MI,Cheboygan,7920,333,11,94,67,22,194
26033,MI,Chippewa,8859,436,22,223,102,22,369
26035,MI,Clare,11007,848,22,228,88,33,371
26037,MI,Clinton,19242,906,55,177,126,55,413
26039,MI,Crawford,3898,217,11,41,25,0,77
26041,MI,Delta,11775,460,11,157,62,33,263
26043,MI,Dickinson,7787,317,22,148,66,22,258
26045,MI,Eaton,28648,1342,90,233,172,77,572
26047,MI,Emmet,11182,395,33,83,76,44,236
26049,MI,Genesee,100350,5288,182,1263,524,209,2178
26051,MI,Gladwin,9156,678,22,180,49,22,273
26053,MI,Gogebic,4692,167,22,75,44,11,152
26055,MI,Grand Traverse,28811,934,55,185,98,66,404
26057,MI,Gratiot,9942,574,11,187,121,55,374
26059,MI,Hillsdale,11000,618,66,274,121,55,516
26061,MI,Houghton,8204,306,22,132,99,33,286
26063,MI,Huron,10300,469,11,187,135,66,399
26065,MI,Ingham,50899,2447,158,477,286,121,1042
26067,MI,Ionia,13559,721,55,224,130,44,453
26069,MI,Iosco,9803,558,22,185,86,44,337
26071,MI,Iron,4336,222,11,78,22,0,111
26073,MI,Isabella,11758,712,33,142,66,33,274
26075,MI,Jackson,38802,1749,99,633,248,88,1068
26077,MI,Kalamazoo,53881,2326,121,497,225,143,986
26079,MI,Kalkaska,5427,272,22,63,44,22,151
26081,MI,Kent,128400,5288,297,925,714,220,2156
26083,MI,Keweenaw,760,34,11,22,22,11,66
26085,MI,Lake,3945,290,33,92,44,22,191
26087,MI,Lapeer,22084,1135,66,319,162,66,613
26089,MI,Leelanau,6762,184,0,66,88,33,187
26091,MI,Lenawee,25713,1155,44,320,241,66,671
26093,MI,Livingston,39811,1604,66,378,196,70,710
26095,MI,Luce,1696,98,0,43,22,0,65
26097,MI,Mackinac,3771,179,11,113,55,0,179
26099,MI,Macomb,198153,8472,342,1363,1180,363,3248
26101,MI,Manistee,8624,441,55,163,84,22,324
26103,MI,Marquette,17000,577,33,197,56,11,297
26105,MI,Mason,9202,482,11,144,91,44,290
26107,MI,Mecosta,10763,606,44,206,115,33,398
26109,MI,Menominee,6914,275,11,128,88,11,238
26111,MI,Midland,20215,1075,44,275,97,33,449
26113,MI,Missaukee,3815,246,11,71,40,33,155
26115,MI,Monroe,39778,1956,143,419,285,121,968
26117,MI,Montcalm,16821,922,33,316,185,99,633
26119,MI,Montmorency,4853,232,11,61,33,33,138
26121,MI,Muskegon,43564,2366,88,487,276,88,939
26123,MI,Newaygo,12093,696,33,158,82,44,317
26125,MI,Oakland,279633,10646,602,1676,1504,594,4376
26127,MI,Oceana,8190,428,22,121,90,44,277
26129,MI,Ogemaw,7046,615,22,182,59,44,307
26131,MI,Ontonagon,2535,122,0,55,44,22,121
26133,MI,Osceola,7706,480,22,138,77,55,292
26135,MI,Oscoda,2565,197,11,68,44,33,156
26137,MI,Otsego,7718,350,22,103,65,33,223
26139,MI,Ottawa,64805,2231,110,427,319,110,966
26141,MI,Presque Isle,5644,250,0,86,55,33,174
26143,MI,Roscommon,11035,704,33,196,69,55,353
26145,MI,Saginaw,48131,2828,127,812,312,110,1361
26147,MI,Saint Clair,42786,2101,77,478,275,132,962
26149,MI,Saint Joseph,14405,666,33,222,92,55,402
26151,MI,Sanilac,11639,657,66,228,144,88,526
26153,MI,Schoolcraft,3141,173,11,79,44,11,145
26155,MI,Shiawassee,17977,1020,44,299,133,88,564
26157,MI,Tuscola,15026,862,55,258,146,88,547
26159,MI,Van Buren,20743,984,88,223,124,99,534
26161,MI,Washtenaw,66278,2215,91,400,258,132,881
26163,MI,Wayne,354366,16311,774,2627,2263,649,6313
26165,MI,Wexford,9880,564,11,153,73,33,270
27001,MN,Aitkin,6009,237,11,96,44,11,162
27003,MN,Anoka,67341,2421,110,167,296,121,694
27005,MN,Becker,9939,374,11,123,97,22,253
27007,MN,Beltrami,10563,493,33,196,84,11,324
27009,MN,Benton,7276,278,11,40,41,11,103
27011,MN,Big Stone,1611,99,0,55,0,0,55
27013,MN,Blue Earth,13374,580,22,166,72,0,260
27015,MN,Brown,7331,313,33,33,46,11,123
27017,MN,Carlton,9270,371,22,89,44,22,177
27019,MN,Carver,19684,539,22,99,113,11,245
27021,MN,Cass,8900,380,66,137,66,0,269
27023,MN,Chippewa,2770,147,0,34,11,0,45
27025,MN,Chisago,14879,532,44,99,117,55,315
27027,MN,Clay,11648,468,22,69,81,33,205
27029,MN,Clearwater,2424,113,0,62,33,0,95
27031,MN,Cook,1892,77,0,22,0,0,22
27033,MN,Cottonwood,3043,124,0,58,11,0,69
27035,MN,Crow Wing,21376,867,33,308,131,77,549
27037,MN,Dakota,87807,2700,132,222,354,132,840
27039,MN,Dodge,4122,207,22,75,55,33,185
27041,MN,Douglas,12290,435,22,130,87,33,272
27043,MN,Faribault,4027,193,11,88,33,0,132
27045,MN,Fillmore,6107,242,22,99,77,33,231
27047,MN,Freeborn,7905,326,22,127,22,11,182
27049,MN,Goodhue,12548,511,33,102,78,33,246
27051,MN,Grant,1728,98,0,66,44,11,121
27053,MN,Hennepin,229716,6634,396,687,931,396,2410
27055,MN,Houston,5544,178,11,72,55,33,171
27057,MN,Hubbard,6386,234,22,86,56,11,175
27059,MN,Isanti,8623,399,33,46,74,33,186
27061,MN,Itasca,13845,607,33,134,91,55,313
27063,MN,Jackson,2271,97,0,33,11,0,44
27065,MN,Kanabec,3576,160,11,31,22,11,75
27067,MN,Kandiyohi,10762,408,22,64,74,11,171
27069,MN,Kittson,1233,74,0,55,22,0,77
27071,MN,Koochiching,3984,189,0,50,22,22,94
27073,MN,Lac Qui Parle,1798,83,0,33,22,0,55
27075,MN,Lake,3292,119,0,44,11,11,66
27077,MN,Lake Of The Woods,1316,63,0,22,0,11,33
27079,MN,Le Sueur,5425,201,33,77,55,22,187
27081,MN,Lincoln,1529,75,0,55,22,0,77
27083,MN,Lyon,5682,281,11,55,67,0,133
27085,MN,Mcleod,9181,350,22,33,66,0,121
27087,MN,Mahnomen,941,68,0,33,11,0,44
27089,MN,Marshall,2380,130,0,77,11,0,88
27091,MN,Martin,5621,268,33,121,33,0,187
27093,MN,Meeker,5723,214,11,77,55,0,143
27095,MN,Mille Lacs,8671,398,22,83,73,44,222
27097,MN,Morrison,9274,363,0,146,92,11,249
27099,MN,Mower,8868,405,22,168,33,22,245
27101,MN,Murray,2250,161,0,44,22,0,66
27103,MN,Nicollet,6772,274,22,57,39,22,140
27105,MN,Nobles,4078,204,11,54,33,0,98
27107,MN,Norman,1631,98,0,44,44,0,88
27109,MN,Olmsted,31957,1271,78,260,101,22,461
27111,MN,Otter Tail,17465,677,11,249,179,77,516
27113,MN,Pennington,3248,118,11,33,11,11,66
27115,MN,Pine,8724,348,11,124,44,44,223
27117,MN,Pipestone,2252,134,11,22,22,0,55
27119,MN,Polk,7032,322,0,121,66,11,198
27121,MN,Pope,3219,132,0,55,11,11,77
27123,MN,Ramsey,100793,3263,148,318,442,154,1062
27125,MN,Red Lake,1075,61,11,11,11,0,33
27127,MN,Redwood,3925,245,11,77,55,0,143
27129,MN,Renville,3759,159,11,66,66,0,143
27131,MN,Rice,14305,475,33,89,92,22,236
27133,MN,Rock,2526,130,0,55,22,11,88
27135,MN,Roseau,3817,157,11,55,11,11,88
27137,MN,Saint Louis,51554,2005,110,428,312,154,1004
27139,MN,Scott,25497,742,33,73,110,44,260
27141,MN,Sherburne,19901,715,55,78,99,55,287
27143,MN,Sibley,3100,131,11,22,66,11,110
27145,MN,Stearns,32661,1059,66,213,181,88,548
27147,MN,Steele,8859,430,22,41,44,22,129
27149,MN,Stevens,1963,100,0,55,22,0,77
27151,MN,Swift,2559,126,0,33,33,0,66
27153,MN,Todd,4518,144,11,90,55,22,178
27155,MN,Traverse,1010,60,0,22,22,0,44
27157,MN,Wabasha,7108,282,22,100,55,44,221
27159,MN,Wadena,5744,294,22,103,55,11,191
27161,MN,Waseca,4519,194,22,48,33,11,114
27163,MN,Washington,59302,1704,88,205,235,99,627
27165,MN,Watonwan,2474,121,11,33,33,0,77
27167,MN,Wilkin,1623,90,11,44,22,0,77
27169,MN,Winona,11043,384,33,128,40,22,223
27171,MN,Wright,26136,881,44,122,177,66,409
27173,MN,Yellow Medicine,2798,127,11,44,33,0,88
28001,MS,Adams,7696,401,13,118,90,17,238
28003,MS,Alcorn,8732,605,22,148,132,38,340
28005,MS,Amite,3085,191,22,53,48,44,167
28007,MS,Attala,4476,283,33,72,74,44,223
28009,MS,Benton,1691,122,33,43,34,33,143
28011,MS,Bolivar,7555,618,78,213,197,22,510
28013,MS,Calhoun,3427,230,11,78,72,55,216
28015,MS,Carroll,2381,155,33,68,68,22,191
28017,MS,Chickasaw,4786,315,44,92,63,33,232
28019,MS,Choctaw,1641,111,22,25,44,11,102
28021,MS,Claiborne,1939,82,22,33,33,22,110
28023,MS,Clarke,4321,288,33,93,83,44,253
28025,MS,Clay,4527,302,22,67,71,11,171
28027,MS,Coahoma,4828,286,35,87,103,33,258
28029,MS,Copiah,7003,391,22,80,89,11,202
28031,MS,Covington,4761,298,22,122,70,33,247
28033,MS,Desoto,32707,1602,95,497,280,95,967
28035,MS,Forrest,20435,1247,45,466,273,46,830
28037,MS,Franklin,1919,120,11,44,44,22,121
28039,MS,George,6279,348,11,69,72,12,164
28041,MS,Greene,2106,140,33,51,44,33,161
28043,MS,Grenada,5455,454,11,115,141,24,291
28045,MS,Hancock,10918,642,44,103,137,55,339
28047,MS,Harrison,48492,2785,114,336,516,119,1085
28049,MS,Hinds,45633,1887,183,395,464,132,1174
28051,MS,Holmes,4585,292,55,83,111,44,293
28053,MS,Humphreys,1952,90,22,27,49,11,109
28055,MS,Issaquena,150,22,11,0,22,0,33
28057,MS,Itawamba,5778,439,33,108,76,33,250
28059,MS,Jackson,29773,1595,70,194,296,77,637
28061,MS,Jasper,4264,251,66,111,87,66,330
28063,MS,Jefferson,1740,86,22,33,33,22,110
28065,MS,Jefferson Davis,2616,182,22,51,50,22,145
28067,MS,Jones,14976,836,60,285,179,47,571
28069,MS,Kemper,2020,151,33,56,56,22,167
28071,MS,Lafayette,8862,437,24,140,68,22,254
28073,MS,Lamar,7345,468,33,157,95,33,318
28075,MS,Lauderdale,16410,1027,72,292,243,90,697
28077,MS,Lawrence,4169,256,44,95,80,33,252
28079,MS,Leake,5078,311,33,67,101,34,235
28081,MS,Lee,20144,1335,88,330,214,88,720
28083,MS,Leflore,6104,403,33,114,114,41,302
28085,MS,Lincoln,7265,481,22,121,143,33,319
28087,MS,Lowndes,12917,676,55,162,149,55,421
28089,MS,Madison,23079,761,44,150,159,44,397
28091,MS,Marion,6086,469,24,186,133,34,377
28093,MS,Marshall,9653,534,66,193,111,44,414
28095,MS,Monroe,8205,587,44,156,117,55,372
28097,MS,Montgomery,3064,211,22,71,80,22,195
28099,MS,Neshoba,6602,440,23,126,123,22,294
28101,MS,Newton,4090,294,44,105,106,66,321
28103,MS,Noxubee,2634,148,33,37,47,33,150
28105,MS,Oktibbeha,7440,441,15,68,111,22,216
28107,MS,Panola,8593,585,55,177,174,66,472
28109,MS,Pearl River,14374,862,38,246,150,36,470
28111,MS,Perry,2753,196,33,76,43,22,174
28113,MS,Pike,9667,637,51,170,129,46,396
28115,MS,Pontotoc,5997,456,33,136,104,22,295
28117,MS,Prentiss,4760,360,11,100,99,11,221
28119,MS,Quitman,1376,117,22,33,52,22,129
28121,MS,Rankin,30753,1355,59,235,266,66,626
28123,MS,Scott,5889,413,22,109,143,44,318
28125,MS,Sharkey,1090,72,11,33,44,0,88
28127,MS,Simpson,6393,310,44,93,100,44,281
28129,MS,Smith,2967,159,22,46,55,33,156
28131,MS,Stone,5198,332,11,75,80,33,199
28133,MS,Sunflower,4841,302,33,95,81,33,242
28135,MS,Tallahatchie,2697,205,22,94,111,33,260
28137,MS,Tate,5920,358,22,104,48,22,196
28139,MS,Tippah,5673,359,33,108,90,44,275
28141,MS,Tishomingo,5885,423,22,110,114,55,301
28143,MS,Tunica,2159,137,44,55,50,33,182
28145,MS,Union,6243,432,22,110,94,44,270
28147,MS,Walthall,2956,221,11,68,43,11,133
28149,MS,Warren,10382,439,22,68,114,33,237
28151,MS,Washington,10667,690,44,129,140,22,335
28153,MS,Wayne,3859,224,11,87,44,11,153
28155,MS,Webster,3296,244,22,53,81,33,189
28157,MS,Wilkinson,1981,111,22,31,24,22,99
28159,MS,Winston,4315,228,22,38,57,22,139
28161,MS,Yalobusha,4708,324,33,110,104,33,280
28163,MS,Yazoo,5112,265,22,84,73,33,212
29001,MO,Adair,4982,324,22,110,35,11,178
29003,MO,Andrew,3007,203,11,87,22,11,131
29005,MO,Atchison,1440,75,0,44,44,11,99
29007,MO,Audrain,5673,416,11,139,46,11,207
29009,MO,Barry,9996,641,11,203,88,44,346
29011,MO,Barton,3086,226,33,70,44,33,180
29013,MO,Bates,4442,296,11,98,66,66,241
29015,MO,Benton,7533,462,11,166,46,33,256
29017,MO,Bollinger,2832,271,22,83,55,22,182
29019,MO,Boone,32577,1463,55,300,124,55,534
29021,MO,Buchanan,19628,1372,66,356,121,88,631
29023,MO,Butler,9928,669,11,245,87,22,365
29025,MO,Caldwell,2338,147,33,81,55,11,180
29027,MO,Callaway,9974,576,11,197,91,33,332
29029,MO,Camden,14249,646,33,192,88,55,368
29031,MO,Cape Girardeau,17899,1186,44,292,85,33,454
29033,MO,Carroll,2448,168,22,99,55,11,187
29035,MO,Carter,1810,140,0,59,33,33,125
29037,MO,Cass,22991,1103,77,306,127,66,576
29039,MO,Cedar,4081,267,0,69,22,22,113
29041,MO,Chariton,1840,155,0,71,22,0,93
29043,MO,Christian,20294,1051,66,299,111,55,531
29045,MO,Clark,1565,121,0,61,33,0,94
29047,MO,Clay,49869,2262,99,592,229,121,1041
29049,MO,Clinton,5517,316,33,115,55,55,258
29051,MO,Cole,17632,811,33,216,116,33,398
29053,MO,Cooper,4119,246,33,109,11,11,164
29055,MO,Crawford,5732,361,33,150,66,22,271
29057,MO,Dade,2189,147,22,48,55,11,136
29059,MO,Dallas,4766,321,11,105,55,33,204
29061,MO,Daviess,1813,114,0,81,22,11,114
29063,MO,Dekalb,1984,135,22,75,44,11,152
29065,MO,Dent,4119,324,11,109,38,11,169
29067,MO,Douglas,3284,181,11,78,22,34,145
29069,MO,Dunklin,6762,711,55,253,97,55,460
29071,MO,Franklin,29267,1296,99,388,195,121,803
29073,MO,Gasconade,4728,243,0,72,22,22,116
29075,MO,Gentry,1567,111,0,44,0,0,44
29077,MO,Greene,64633,3549,132,991,273,154,1550
29079,MO,Grundy,2502,184,11,66,33,11,121
29081,MO,Harrison,2308,195,22,84,22,33,161
29083,MO,Henry,7001,447,44,162,55,44,305
29085,MO,Hickory,2904,180,0,66,33,33,132
29087,MO,Holt,1204,71,0,44,22,11,77
29089,MO,Howard,2262,142,0,62,33,0,95
29091,MO,Howell,11202,787,44,258,73,44,419
29093,MO,Iron,3121,277,11,120,66,11,208
29095,MO,Jackson,137253,6083,397,1677,845,352,3271
29097,MO,Jasper,30063,2123,55,317,141,77,590
29099,MO,Jefferson,45748,2153,88,533,195,110,926
29101,MO,Johnson,9305,468,22,174,75,44,315
29103,MO,Knox,972,69,0,55,22,0,77
29105,MO,Laclede,9390,649,11,272,46,33,362
29107,MO,Lafayette,8285,491,33,181,113,22,349
29109,MO,Lawrence,8555,596,22,192,77,55,346
29111,MO,Lewis,2349,186,0,66,44,11,121
29113,MO,Lincoln,12560,579,44,140,85,55,324
29115,MO,Linn,3434,248,11,128,33,22,194
29117,MO,Livingston,3562,219,33,109,33,11,186
29119,MO,Mcdonald,4478,317,44,80,66,33,223
29121,MO,Macon,4189,331,11,147,33,44,235
29123,MO,Madison,3435,304,11,75,28,11,125
29125,MO,Maries,1722,130,11,46,33,11,101
29127,MO,Marion,7357,527,33,131,57,33,254
29129,MO,Mercer,816,50,11,25,11,0,47
29131,MO,Miller,4921,327,33,139,47,33,252
29133,MO,Mississippi,2869,243,22,77,33,11,143
29135,MO,Moniteau,3050,190,22,75,33,22,152
29137,MO,Monroe,2686,212,22,70,44,0,136
29139,MO,Montgomery,3523,232,22,89,44,11,166
29141,MO,Morgan,6330,376,22,145,55,55,277
29143,MO,New Madrid,3239,310,44,102,99,11,256
29145,MO,Newton,9408,617,44,122,57,66,289
29147,MO,Nodaway,4346,342,0,128,79,22,229
29149,MO,Oregon,2756,226,0,85,44,11,140
29151,MO,Osage,2853,147,0,89,55,11,155
29153,MO,Ozark,3044,220,0,123,66,22,211
29155,MO,Pemiscot,3390,366,33,149,55,44,281
29157,MO,Perry,4449,279,0,88,26,11,125
29159,MO,Pettis,9170,448,22,184,46,11,263
29161,MO,Phelps,10108,651,11,179,69,22,281
29163,MO,Pike,4207,299,11,104,56,0,171
29165,MO,Platte,20500,820,55,204,152,44,455
29167,MO,Polk,7804,515,22,146,79,11,258
29169,MO,Pulaski,8223,522,44,180,67,22,313
29171,MO,Putnam,1282,116,0,42,0,0,42
29173,MO,Ralls,2003,119,11,38,33,0,82
29175,MO,Randolph,5855,445,33,154,77,11,275
29177,MO,Ray,4679,273,55,106,66,22,249
29179,MO,Reynolds,1618,123,22,59,11,11,103
29181,MO,Ripley,3415,305,11,112,57,33,213
29183,MO,Saint Charles,87465,2707,77,269,248,99,693
29185,MO,Saint Clair,2556,204,11,63,44,55,173
29186,MO,Sainte Genevieve,4526,195,11,51,11,11,84
29187,MO,Saint Francois,16906,1051,33,301,111,33,478
29189,MO,Saint Louis,231931,6691,414,876,664,363,2317
29195,MO,Saline,5079,370,44,157,33,22,256
29197,MO,Schuyler,968,88,11,55,33,22,121
29199,MO,Scotland,995,83,0,44,22,0,66
29201,MO,Scott,10315,912,44,237,76,33,390
29203,MO,Shannon,1969,148,11,44,22,33,110
29205,MO,Shelby,1778,154,22,77,33,22,154
29207,MO,Stoddard,7658,654,33,209,95,66,403
29209,MO,Stone,10078,585,11,156,77,66,310
29211,MO,Sullivan,1520,130,0,74,22,11,107
29213,MO,Taney,15833,1097,33,308,87,66,494
29215,MO,Texas,6461,450,44,164,77,33,318
29217,MO,Vernon,4553,364,11,148,33,33,225
29219,MO,Warren,8475,343,22,57,22,22,123
29221,MO,Washington,5096,425,44,147,55,33,279
29223,MO,Wayne,4262,373,22,147,56,22,247
29225,MO,Webster,9805,555,33,166,55,33,287
29227,MO,Worth,616,66,0,22,11,0,33
29229,MO,Wright,5651,377,33,145,55,55,288
29510,MO,Saint Louis City,46874,1611,198,304,210,110,822
30001,MT,Beaverhead,2719,262,11,120,22,11,164
30003,MT,Big Horn,2095,194,44,131,0,0,175
30005,MT,Blaine,1252,104,0,63,0,11,74
30007,MT,Broadwater,1723,137,0,60,11,11,82
30009,MT,Carbon,3458,198,0,99,44,0,143
30011,MT,Carter,366,50,0,22,11,0,33
30013,MT,Cascade,19671,1691,55,545,135,33,768
30015,MT,Chouteau,1405,136,0,73,11,0,84
30017,MT,Custer,2967,195,11,66,11,0,88
30019,MT,Daniels,474,39,0,22,0,0,22
30021,MT,Dawson,2213,123,0,50,0,11,61
30023,MT,Deer Lodge,3061,384,11,151,11,11,184
30025,MT,Fallon,644,38,0,22,0,0,22
30027,MT,Fergus,3479,212,11,90,22,0,123
30029,MT,Flathead,29803,1448,55,554,146,55,810
30031,MT,Gallatin,20473,1280,33,434,135,55,657
30033,MT,Garfield,295,55,0,33,0,0,33
30035,MT,Glacier,2290,144,11,75,0,0,86
30037,MT,Golden Valley,350,22,11,22,0,0,33
30039,MT,Granite,915,59,11,33,0,11,55
30041,MT,Hill,3475,302,22,124,11,11,168
30043,MT,Jefferson,3888,290,11,120,44,33,208
30045,MT,Judith Basin,699,61,0,44,11,0,55
30047,MT,Lake,8276,390,33,136,77,33,279
30049,MT,Lewis And Clark,18636,1456,33,583,75,33,724
30051,MT,Liberty,504,62,0,44,0,0,44
30053,MT,Lincoln,8349,454,22,152,22,11,207
30055,MT,Mccone,374,36,0,11,0,0,11
30057,MT,Madison,2869,224,0,112,44,0,156
30059,MT,Meagher,640,61,0,25,0,0,25
30061,MT,Mineral,1962,134,11,45,22,0,78
30063,MT,Missoula,25754,1275,44,348,168,88,648
30065,MT,Musselshell,1685,131,0,57,11,11,79
30067,MT,Park,4834,289,22,122,47,11,202
30069,MT,Petroleum,120,11,0,11,0,0,11
30071,MT,Phillips,1163,107,0,39,11,0,50
30073,MT,Pondera,1622,123,11,55,33,11,110
30075,MT,Powder River,437,24,0,11,0,0,11
30077,MT,Powell,1866,158,11,75,22,22,130
30079,MT,Prairie,439,22,0,11,0,0,11
30081,MT,Ravalli,15834,934,33,256,79,44,412
30083,MT,Richland,2354,103,0,59,22,0,81
30085,MT,Roosevelt,1873,103,11,69,11,0,91
30087,MT,Rosebud,1967,136,22,90,11,0,123
30089,MT,Sanders,5054,259,11,88,11,22,132
30091,MT,Sheridan,995,112,0,55,0,0,55
30093,MT,Silver Bow,8757,1149,22,440,47,11,520
30095,MT,Stillwater,2872,158,0,67,33,0,100
30097,MT,Sweet Grass,1093,87,0,44,11,11,66
30099,MT,Teton,1734,155,11,57,22,11,101
30101,MT,Toole,1061,122,0,67,11,11,89
30103,MT,Treasure,245,22,0,11,0,0,11
30105,MT,Valley,1958,125,0,70,11,0,81
30107,MT,Wheatland,661,64,0,34,11,11,56
30109,MT,Wibaux,240,11,0,11,0,0,11
30111,MT,Yellowstone,37959,2384,66,765,160,66,1057
31001,NE,Adams,7128,507,11,117,58,11,197
31003,NE,Antelope,1552,104,11,44,22,0,77
31005,NE,Arthur,86,11,0,0,0,0,0
31007,NE,Banner,113,12,0,11,0,0,11
31009,NE,Blaine,126,33,0,11,0,0,11
31011,NE,Boone,1571,89,0,55,22,22,99
31013,NE,Box Butte,2781,322,11,102,11,0,124
31015,NE,Boyd,668,46,0,33,22,0,55
31017,NE,Brown,838,54,11,11,11,0,33
31019,NE,Buffalo,10001,647,22,193,106,11,332
31021,NE,Burt,1974,85,11,44,0,11,66
31023,NE,Butler,1965,111,0,77,11,0,88
31025,NE,Cass,6273,295,33,127,55,0,215
31027,NE,Cedar,2100,88,11,33,11,0,55
31029,NE,Chase,963,80,11,33,11,11,66
31031,NE,Cherry,1344,151,11,44,11,11,77
31033,NE,Cheyenne,2570,313,11,75,22,11,119
31035,NE,Clay,1746,116,0,77,22,0,99
31037,NE,Colfax,1907,75,0,33,22,11,66
31039,NE,Cuming,2092,73,0,33,11,0,44
31041,NE,Custer,2774,192,0,103,22,22,147
31043,NE,Dakota,3698,193,22,44,44,33,143
31045,NE,Dawes,1892,122,11,67,11,11,100
31047,NE,Dawson,4569,288,22,113,33,0,168
31049,NE,Deuel,609,49,11,22,22,0,55
31051,NE,Dixon,1396,85,0,33,11,11,55
31053,NE,Dodge,8971,454,22,82,85,22,211
31055,NE,Douglas,101995,3735,231,739,465,209,1644
31057,NE,Dundy,489,69,0,22,0,0,22
31059,NE,Fillmore,1527,111,11,33,11,0,55
31061,NE,Franklin,866,87,0,55,11,0,66
31063,NE,Frontier,652,64,0,33,11,0,44
31065,NE,Furnas,1520,117,0,66,11,11,88
31067,NE,Gage,5705,319,11,134,33,22,200
31069,NE,Garden,722,71,0,34,11,0,45
31071,NE,Garfield,600,22,11,11,0,0,22
31073,NE,Gosper,633,34,0,11,11,0,22
31075,NE,Grant,197,22,0,22,0,0,22
31077,NE,Greeley,650,44,0,22,22,0,44
31079,NE,Hall,11789,652,22,238,81,22,363
31081,NE,Hamilton,2266,138,22,73,22,0,117
31083,NE,Harlan,851,47,0,44,22,0,66
31085,NE,Hayes,103,11,0,0,0,0,0
31087,NE,Hitchcock,851,55,0,22,0,0,22
31089,NE,Holt,2749,189,11,88,33,0,132
31091,NE,Hooker,247,12,0,11,0,0,11
31093,NE,Howard,1613,103,0,66,22,0,88
31095,NE,Jefferson,2007,132,0,60,22,11,93
31097,NE,Johnson,1060,53,0,22,11,0,33
31099,NE,Kearney,1411,99,11,45,22,11,89
31101,NE,Keith,2294,173,0,91,0,0,91
31103,NE,Keya Paha,294,33,0,0,0,0,0
31105,NE,Kimball,1076,182,11,61,11,0,83
31107,NE,Knox,2534,117,11,55,44,0,110
31109,NE,Lancaster,60052,2544,154,767,347,121,1389
31111,NE,Lincoln,8278,522,33,166,23,0,222
31113,NE,Logan,227,11,0,11,0,0,11
31115,NE,Loup,116,11,0,11,0,0,11
31117,NE,Mcpherson,97,11,0,11,0,0,11
31119,NE,Madison,8438,394,22,99,59,11,191
31121,NE,Merrick,1909,115,11,69,33,11,124
31123,NE,Morrill,1212,169,22,58,22,22,124
31125,NE,Nance,819,45,0,22,22,0,44
31127,NE,Nemaha,1612,107,0,47,11,11,69
31129,NE,Nuckolls,1356,90,0,33,11,11,55
31131,NE,Otoe,3682,210,0,97,44,0,141
31133,NE,Pawnee,786,81,0,22,11,0,33
31135,NE,Perkins,703,38,0,22,0,0,22
31137,NE,Phelps,2203,168,11,63,22,0,96
31139,NE,Pierce,1555,90,0,33,33,0,66
31141,NE,Platte,7397,334,11,103,23,11,148
31143,NE,Polk,1191,51,0,44,33,11,88
31145,NE,Red Willow,2685,193,11,22,11,0,44
31147,NE,Richardson,2304,154,11,55,11,0,77
31149,NE,Rock,350,25,0,11,11,0,22
31151,NE,Saline,3063,162,22,82,33,11,148
31153,NE,Sarpy,33610,1170,66,268,135,77,546
31155,NE,Saunders,5102,222,11,115,66,11,203
31157,NE,Scotts Bluff,8835,1071,33,402,58,11,504
31159,NE,Seward,3804,206,11,103,55,0,169
31161,NE,Sheridan,1434,102,11,46,11,0,68
31163,NE,Sherman,821,70,0,55,22,0,77
31165,NE,Sioux,144,11,0,0,0,0,0
31167,NE,Stanton,706,34,11,22,11,22,66
31169,NE,Thayer,1509,125,0,55,11,0,66
31171,NE,Thomas,238,33,0,11,0,0,11
31173,NE,Thurston,1086,78,11,33,11,11,66
31175,NE,Valley,1148,84,0,45,33,0,78
31177,NE,Washington,4582,202,11,71,34,11,127
31179,NE,Wayne,1548,83,11,33,22,0,66
31181,NE,Webster,931,73,0,33,22,0,55
31183,NE,Wheeler,188,22,0,11,0,0,11
31185,NE,York,3410,169,22,33,22,11,88
32001,NV,Churchill,6239,468,11,192,58,11,272
32003,NV,Clark,426752,19683,757,6443,2975,658,10833
32005,NV,Douglas,18383,1222,55,406,127,55,643
32007,NV,Elko,8275,747,55,308,72,33,468
32009,NV,Esmeralda,273,36,0,33,0,11,44
32011,NV,Eureka,375,45,0,22,22,0,44
32013,NV,Humboldt,3659,304,11,136,11,11,169
32015,NV,Lander,1055,75,11,40,11,11,73
32017,NV,Lincoln,1164,100,0,53,33,11,97
32019,NV,Lyon,16907,1457,33,576,144,66,819
32021,NV,Mineral,1366,115,11,76,0,0,87
32023,NV,Nye,18249,1259,33,487,101,33,654
32027,NV,Pershing,942,76,0,38,11,11,60
32029,NV,Storey,448,20,0,11,11,0,22
32031,NV,Washoe,106064,6804,167,2093,586,189,3035
32033,NV,White Pine,1998,436,11,124,44,11,190
32510,NV,Carson City,16036,1353,33,471,107,33,644
33001,NH,Belknap,22363,727,44,237,177,55,513
33003,NH,Carroll,19675,562,66,277,198,66,607
33005,NH,Cheshire,21962,665,33,171,132,77,413
33007,NH,Coos,10970,438,11,155,101,44,311
33009,NH,Grafton,25419,727,44,319,253,110,726
33011,NH,Hillsborough,94215,2476,132,506,425,176,1239
33013,NH,Merrimack,39770,1142,77,313,289,88,767
33015,NH,Rockingham,83499,1969,176,440,399,176,1191
33017,NH,Strafford,30043,1004,121,270,189,77,657
33019,NH,Sullivan,12377,450,55,100,117,22,294
34001,NJ,Atlantic,66831,2204,132,295,378,154,959
34003,NJ,Bergen,194434,4717,451,662,897,418,2428
34005,NJ,Burlington,102430,3536,242,356,527,176,1301
34007,NJ,Camden,108344,3940,301,428,635,253,1617
34009,NJ,Cape May,31516,1052,77,143,182,88,490
34011,NJ,Cumberland,31171,1593,74,337,271,66,748
34013,NJ,Essex,129503,3236,280,331,520,253,1384
34015,NJ,Gloucester,62010,2376,211,329,424,165,1129
34017,NJ,Hudson,88880,2527,181,407,366,110,1064
34019,NJ,Hunterdon,32637,778,88,198,184,88,558
34021,NJ,Mercer,74254,2252,193,252,284,143,872
34023,NJ,Middlesex,156394,4397,316,406,587,264,1573
34025,NJ,Monmouth,151287,4349,323,463,689,286,1761
34027,NJ,Morris,103563,2621,264,487,493,308,1552
34029,NJ,Ocean,168832,5947,220,351,769,220,1560
34031,NJ,Passaic,95438,2496,233,350,402,187,1172
34033,NJ,Salem,15375,613,66,127,115,55,363
34035,NJ,Somerset,63040,1652,143,282,281,121,827
34037,NJ,Sussex,34956,1060,132,273,208,77,690
34039,NJ,Union,99310,2461,232,384,377,165,1158
34041,NJ,Warren,27556,919,66,195,141,33,435
35001,NM,Bernalillo,142352,13624,218,3947,1129,257,5551
35003,NM,Catron,1654,163,0,80,11,11,102
35005,NM,Chaves,12296,1141,33,340,143,33,549
35006,NM,Cibola,5145,607,44,268,33,33,378
35007,NM,Colfax,3858,580,11,232,44,22,309
35009,NM,Curry,7971,803,12,257,107,28,404
35011,NM,De Baca,553,62,0,22,22,11,55
35013,NM,Dona Ana,50049,4362,173,970,572,66,1781
35015,NM,Eddy,10088,744,22,245,126,22,415
35017,NM,Grant,9191,1175,44,304,155,11,514
35019,NM,Guadalupe,1050,109,0,69,11,0,80
35021,NM,Harding,202,33,0,33,0,0,33
35023,NM,Hidalgo,1115,108,11,42,22,11,86
35025,NM,Lea,9828,685,39,302,122,44,507
35027,NM,Lincoln,6522,693,33,278,99,33,443
35028,NM,Los Alamos,2382,231,0,55,11,11,77
35029,NM,Luna,6773,693,17,232,89,11,349
35031,NM,Mckinley,12870,1027,128,425,33,77,663
35033,NM,Mora,1548,163,11,97,22,0,130
35035,NM,Otero,13748,1610,70,567,118,22,777
35037,NM,Quay,2501,277,11,84,34,11,140
35039,NM,Rio Arriba,10425,1302,44,418,97,110,669
35041,NM,Roosevelt,3255,326,11,98,39,11,159
35043,NM,Sandoval,37492,3560,139,964,306,96,1505
35045,NM,San Juan,24928,2985,128,828,185,77,1218
35047,NM,San Miguel,7340,940,33,378,47,22,480
35049,NM,Santa Fe,46732,4493,77,1228,269,83,1657
35051,NM,Sierra,4618,546,33,163,87,22,305
35053,NM,Socorro,3951,397,55,165,44,33,297
35055,NM,Taos,10649,1655,55,454,98,66,673
35057,NM,Torrance,3593,437,33,167,44,44,288
35059,NM,Union,978,86,0,77,11,0,88
35061,NM,Valencia,17853,1895,66,601,175,56,898
36001,NY,Albany,63031,2002,198,492,303,143,1136
36003,NY,Allegany,11105,714,33,270,217,44,564
36005,NY,Bronx,234273,5653,288,567,820,253,1928
36007,NY,Broome,47657,2049,121,536,229,88,974
36009,NY,Cattaraugus,19769,1203,66,391,242,55,754
36011,NY,Cayuga,18250,980,66,301,139,22,528
36013,NY,Chautauqua,33060,1763,78,625,274,88,1065
36015,NY,Chemung,20416,1146,66,437,146,88,737
36017,NY,Chenango,13632,728,44,299,132,22,497
36019,NY,Clinton,21110,1033,77,359,200,44,680
36021,NY,Columbia,17185,550,33,286,176,55,550
36023,NY,Cortland,10241,558,22,252,54,33,361
36025,NY,Delaware,11559,608,33,369,187,88,677
36027,NY,Dutchess,69265,1974,121,429,364,187,1101
36029,NY,Erie,216915,8155,402,2473,941,297,4113
36031,NY,Essex,9598,458,22,251,165,33,471
36033,NY,Franklin,12991,787,110,329,143,33,615
36035,NY,Fulton,13377,738,33,290,79,44,446
36037,NY,Genesee,15015,554,66,209,91,11,377
36039,NY,Greene,12942,583,22,306,176,33,537
36041,NY,Hamilton,1680,122,0,77,66,0,143
36043,NY,Herkimer,15075,711,77,288,112,33,510
36045,NY,Jefferson,23055,1132,55,461,229,77,822
36047,NY,Kings,412135,11177,535,1085,2105,385,4110
36049,NY,Lewis,6469,292,33,151,99,11,294
36051,NY,Livingston,16131,664,66,246,110,33,455
36053,NY,Madison,16149,663,33,270,121,22,446
36055,NY,Monroe,174986,5023,393,1113,662,176,2344
36057,NY,Montgomery,14585,696,55,262,116,44,477
36059,NY,Nassau,306023,8361,528,642,1409,517,3096
36061,NY,New York,297861,7093,365,588,1203,429,2585
36063,NY,Niagara,54926,2287,99,771,287,66,1223
36065,NY,Oneida,55623,2507,154,969,359,77,1559
36067,NY,Onondaga,105565,3938,297,1085,556,220,2158
36069,NY,Ontario,29399,896,55,261,120,44,480
36071,NY,Orange,73810,2381,198,604,472,176,1450
36073,NY,Orleans,10041,389,33,171,55,11,270
36075,NY,Oswego,29033,1508,88,534,288,66,976
36077,NY,Otsego,15501,765,77,330,207,77,691
36079,NY,Putnam,22494,535,44,113,116,55,328
36081,NY,Queens,420657,9470,628,748,1519,517,3412
36083,NY,Rensselaer,35803,1287,88,393,208,77,766
36085,NY,Richmond,99585,2753,132,177,438,110,857
36087,NY,Rockland,60330,1683,121,266,304,110,801
36089,NY,Saint Lawrence,24965,1632,132,660,342,55,1189
36091,NY,Saratoga,57251,1789,110,463,256,110,939
36093,NY,Schenectady,38990,1455,77,389,144,55,665
36095,NY,Schoharie,7995,425,44,201,146,33,424
36097,NY,Schuyler,5000,255,33,131,66,0,230
36099,NY,Seneca,7811,319,44,99,22,11,176
36101,NY,Steuben,23775,1287,77,512,185,88,862
36103,NY,Suffolk,334672,10010,667,893,1574,473,3607
36105,NY,Sullivan,18312,1010,77,417,187,77,758
36107,NY,Tioga,12544,555,22,222,110,44,398
36109,NY,Tompkins,19156,702,33,198,115,44,390
36111,NY,Ulster,44767,1502,143,448,404,187,1182
36113,NY,Warren,19918,828,55,310,134,55,554
36115,NY,Washington,16682,760,44,304,145,55,548
36117,NY,Wayne,25203,1008,88,268,155,11,522
36119,NY,Westchester,198505,4767,433,806,955,374,2568
36121,NY,Wyoming,9846,494,55,213,121,22,411
36123,NY,Yates,6765,260,0,102,55,22,179
37001,NC,Alamance,40034,1722,82,205,213,77,577
37003,NC,Alexander,8628,495,33,120,55,24,232
37005,NC,Alleghany,3963,283,0,127,66,33,226
37007,NC,Anson,5722,297,55,89,69,44,257
37009,NC,Ashe,8638,626,33,230,99,55,417
37011,NC,Avery,6026,476,11,163,52,44,270
37013,NC,Beaufort,14899,594,44,120,113,33,310
37015,NC,Bertie,5641,237,44,97,55,22,218
37017,NC,Bladen,7644,379,44,131,81,55,311
37019,NC,Brunswick,68418,2021,99,541,251,110,1001
37021,NC,Buncombe,66465,2830,99,618,302,143,1162
37023,NC,Burke,21010,1280,41,347,169,48,605
37025,NC,Cabarrus,41151,1731,66,416,221,55,758
37027,NC,Caldwell,20500,1435,46,419,164,44,673
37029,NC,Camden,2258,96,22,34,22,22,100
37031,NC,Carteret,20429,640,33,194,160,99,486
37033,NC,Caswell,4544,245,22,83,66,0,171
37035,NC,Catawba,41008,2062,88,500,263,88,939
37037,NC,Chatham,14811,521,33,115,96,33,277
37039,NC,Cherokee,11197,639,0,219,46,11,276
37041,NC,Chowan,4443,185,22,70,22,22,136
37043,NC,Clay,4831,243,0,90,37,11,138
37045,NC,Cleveland,26078,1378,79,383,242,66,770
37047,NC,Columbus,13834,843,99,271,191,99,660
37049,NC,Craven,28942,1071,44,314,140,55,553
37051,NC,Cumberland,62171,2799,142,645,305,132,1224
37053,NC,Currituck,7447,331,22,150,100,88,360
37055,NC,Dare,11364,361,22,158,88,0,268
37057,NC,Davidson,34421,1774,62,472,170,44,748
37059,NC,Davie,12034,520,22,141,66,22,251
37061,NC,Duplin,10985,582,44,160,117,88,409
37063,NC,Durham,55869,1650,80,357,271,77,785
37065,NC,Edgecombe,13460,698,51,136,94,33,314
37067,NC,Forsyth,89838,3562,171,990,424,144,1729
37069,NC,Franklin,15651,578,33,145,80,44,302
37071,NC,Gaston,50433,2419,101,626,341,110,1178
37073,NC,Gates,2879,145,22,66,44,33,165
37075,NC,Graham,2254,141,11,48,11,11,81
37077,NC,Granville,11716,460,22,145,72,22,261
37079,NC,Greene,3552,147,33,41,39,11,124
37081,NC,Guilford,117325,4278,242,644,535,213,1634
37083,NC,Halifax,15025,725,66,224,112,66,468
37085,NC,Harnett,21619,963,66,235,126,66,493
37087,NC,Haywood,19497,1205,44,340,120,44,548
37089,NC,Henderson,37950,1564,66,394,195,67,722
37091,NC,Hertford,5671,226,44,79,66,11,200
37093,NC,Hoke,7346,352,11,103,39,11,164
37095,NC,Hyde,1205,62,11,33,22,0,66
37097,NC,Iredell,41784,1915,66,457,248,81,852
37099,NC,Jackson,9155,494,33,128,58,44,263
37101,NC,Johnston,36022,1522,88,324,192,99,703
37103,NC,Jones,3146,150,22,45,33,33,133
37105,NC,Lee,17568,759,34,236,83,34,387
37107,NC,Lenoir,16159,623,33,74,91,55,253
37109,NC,Lincoln,23176,1075,33,291,141,39,504
37111,NC,Mcdowell,12668,759,22,206,80,33,341
37113,NC,Macon,12673,680,22,183,54,11,270
37115,NC,Madison,6311,366,11,88,35,22,156
37117,NC,Martin,6695,321,33,106,44,22,205
37119,NC,Mecklenburg,169786,5526,300,1233,703,275,2511
37121,NC,Mitchell,4573,277,11,77,22,22,132
37123,NC,Montgomery,6377,350,55,122,57,33,267
37125,NC,Moore,29172,1080,88,336,148,99,671
37127,NC,Nash,24669,1080,81,291,149,66,587
37129,NC,New Hanover,55497,1814,88,416,237,77,818
37131,NC,Northampton,5661,228,66,122,88,11,287
37133,NC,Onslow,34413,1362,77,355,189,88,709
37135,NC,Orange,32133,856,44,173,121,44,382
37137,NC,Pamlico,4172,150,22,77,44,0,143
37139,NC,Pasquotank,9861,436,14,96,42,11,163
37141,NC,Pender,14758,580,55,155,97,44,351
37143,NC,Perquimans,4432,200,22,71,24,11,128
37145,NC,Person,10421,442,22,145,75,33,275
37147,NC,Pitt,35902,1480,123,330,179,99,731
37149,NC,Polk,7415,241,22,65,44,11,142
37151,NC,Randolph,29364,1552,88,371,166,110,735
37153,NC,Richmond,10606,606,44,228,79,33,384
37155,NC,Robeson,28396,1402,132,491,164,114,901
37157,NC,Rockingham,24581,1196,38,210,153,66,467
37159,NC,Rowan,31508,1537,88,425,217,88,818
37161,NC,Rutherford,16988,652,33,190,132,66,421
37163,NC,Sampson,13035,692,96,205,124,66,491
37165,NC,Scotland,8125,380,38,137,41,11,227
37167,NC,Stanly,16695,767,33,179,104,55,371
37169,NC,Stokes,12076,610,44,212,110,44,410
37171,NC,Surry,20512,1520,71,486,188,83,828
37173,NC,Swain,4219,258,22,76,22,22,142
37175,NC,Transylvania,11106,457,44,157,98,33,332
37177,NC,Tyrrell,880,45,11,11,11,11,44
37179,NC,Union,43255,1536,66,305,227,66,664
37181,NC,Vance,11604,503,33,173,76,22,304
37183,NC,Wake,202789,5991,323,1170,769,308,2570
37185,NC,Warren,4032,166,33,59,33,22,147
37187,NC,Washington,3625,122,22,47,33,11,113
37189,NC,Watauga,9401,592,44,187,87,44,362
37191,NC,Wayne,26092,1005,55,241,143,66,505
37193,NC,Wilkes,17663,1448,66,487,200,110,863
37195,NC,Wilson,18999,766,55,155,111,55,376
37197,NC,Yadkin,9941,650,55,217,62,33,367
37199,NC,Yancey,5829,309,11,93,34,22,160
38001,ND,Adams,671,38,11,22,0,0,33
38003,ND,Barnes,2977,174,22,22,33,0,77
38005,ND,Benson,1158,93,22,55,22,0,99
38007,ND,Billings,113,22,0,0,0,0,0
38009,ND,Bottineau,1873,126,0,33,22,0,55
38011,ND,Bowman,895,55,0,11,0,0,11
38013,ND,Burke,531,55,11,0,11,0,22
38015,ND,Burleigh,21217,816,33,44,63,11,151
38017,ND,Cass,31209,1052,44,89,82,33,248
38019,ND,Cavalier,1064,67,0,22,0,11,33
38021,ND,Dickey,1195,62,11,11,0,0,22
38023,ND,Divide,498,50,0,0,11,0,11
38025,ND,Dunn,683,44,0,0,11,0,11
38027,ND,Eddy,633,31,0,11,11,11,33
38029,ND,Emmons,989,62,11,11,0,0,22
38031,ND,Foster,874,53,0,11,0,0,11
38033,ND,Golden Valley,461,25,0,0,0,0,0
38035,ND,Grand Forks,12481,510,33,67,46,11,157
38037,ND,Grant,669,33,0,0,0,0,0
38039,ND,Griggs,671,67,0,33,0,11,44
38041,ND,Hettinger,722,41,0,11,0,0,11
38043,ND,Kidder,637,69,0,33,11,0,44
38045,ND,Lamoure,1201,72,11,11,0,0,22
38047,ND,Logan,507,33,11,11,0,0,22
38049,ND,Mchenry,1484,99,11,44,11,11,77
38051,ND,Mcintosh,920,45,0,0,0,11,11
38053,ND,Mckenzie,1342,103,0,33,22,0,55
38055,ND,Mclean,2927,165,0,44,0,0,44
38057,ND,Mercer,2249,97,11,22,0,0,33
38059,ND,Morton,7215,336,11,22,41,11,85
38061,ND,Mountrail,1566,89,11,44,0,11,66
38063,ND,Nelson,1091,86,0,33,22,0,55
38065,ND,Oliver,325,15,0,0,11,0,11
38067,ND,Pembina,1945,109,0,55,0,0,55
38069,ND,Pierce,1007,33,0,11,0,0,11
38071,ND,Ramsey,2873,170,22,33,11,11,77
38073,ND,Ransom,1379,67,0,33,11,0,44
38075,ND,Renville,558,44,0,22,22,0,44
38077,ND,Richland,3856,183,11,57,33,22,123
38079,ND,Rolette,2382,112,22,44,11,0,77
38081,ND,Sargent,1037,88,0,33,22,0,55
38083,ND,Sheridan,368,33,0,0,0,0,0
38085,ND,Sioux,495,44,11,11,0,0,22
38087,ND,Slope,81,22,0,11,0,0,11
38089,ND,Stark,5959,245,11,11,11,0,33
38091,ND,Steele,439,33,0,11,0,0,11
38093,ND,Stutsman,5272,283,11,11,33,11,66
38095,ND,Towner,574,58,11,0,0,0,11
38097,ND,Traill,1952,107,0,55,11,0,66
38099,ND,Walsh,2733,156,0,77,22,22,121
38101,ND,Ward,11622,497,33,126,75,44,278
38103,ND,Wells,1253,86,0,11,0,0,11
38105,ND,Williams,4780,211,33,74,33,0,140
39001,OH,Adams,7987,557,22,230,91,44,387
39003,OH,Allen,25112,1473,55,399,126,99,679
39005,OH,Ashland,12444,705,22,249,104,33,408
39007,OH,Ashtabula,25403,1462,99,388,195,55,737
39009,OH,Athens,12614,802,33,288,125,77,523
39011,OH,Auglaize,10967,591,22,166,81,11,280
39013,OH,Belmont,16780,1330,88,431,165,88,772
39015,OH,Brown,9801,659,44,220,115,77,456
39017,OH,Butler,76114,3676,112,800,475,99,1486
39019,OH,Carroll,5445,299,11,118,44,11,184
39021,OH,Champaign,8917,551,44,158,116,22,340
39023,OH,Clark,31921,2042,66,405,280,110,861
39025,OH,Clermont,50144,2227,132,419,284,110,945
39027,OH,Clinton,11168,713,55,246,98,66,465
39029,OH,Columbiana,27787,1596,88,584,224,88,984
39031,OH,Coshocton,8351,598,44,213,72,33,362
39033,OH,Crawford,11759,787,22,177,89,33,321
39035,OH,Cuyahoga,281764,11325,568,2162,1207,473,4410
39037,OH,Darke,11862,593,22,221,127,22,392
39039,OH,Defiance,9556,505,33,251,67,22,373
39041,OH,Delaware,42676,1472,45,308,189,66,608
39043,OH,Erie,22113,919,33,117,125,44,319
39045,OH,Fairfield,31624,1394,44,374,200,83,701
39047,OH,Fayette,6112,421,22,176,49,22,269
39049,OH,Franklin,214868,9337,426,2323,1137,363,4249
39051,OH,Fulton,11644,546,55,189,67,55,366
39053,OH,Gallia,7771,632,55,196,115,44,410
39055,OH,Geauga,22745,764,77,199,131,77,484
39057,OH,Greene,36985,1862,66,302,307,66,741
39059,OH,Guernsey,9872,886,44,302,110,55,511
39061,OH,Hamilton,166765,6557,433,1198,1022,363,3016
39063,OH,Hancock,15510,710,22,184,100,33,339
39065,OH,Hardin,6660,439,33,135,59,44,271
39067,OH,Harrison,4168,311,33,128,77,22,260
39069,OH,Henry,6668,294,44,145,66,33,288
39071,OH,Highland,10167,721,33,296,79,22,430
39073,OH,Hocking,6593,422,33,153,57,22,265
39075,OH,Holmes,4836,253,44,119,44,11,218
39077,OH,Huron,17498,835,66,170,115,66,417
39079,OH,Jackson,7453,589,33,251,62,33,379
39081,OH,Jefferson,17679,1146,55,421,246,99,821
39083,OH,Knox,15065,819,33,197,79,44,353
39085,OH,Lake,61044,2465,77,420,269,66,832
39087,OH,Lawrence,14616,1268,66,382,173,66,687
39089,OH,Licking,36999,1991,66,687,219,72,1044
39091,OH,Logan,12068,679,33,281,151,55,520
39093,OH,Lorain,75860,3739,147,473,324,132,1076
39095,OH,Lucas,92095,4867,237,1098,536,199,2070
39097,OH,Madison,11625,603,33,157,63,44,297
39099,OH,Mahoning,60097,2948,188,881,483,198,1750
39101,OH,Marion,15096,1078,62,205,134,25,426
39103,OH,Medina,44310,1704,44,386,216,77,723
39105,OH,Meigs,5255,403,22,148,77,33,280
39107,OH,Mercer,9885,430,44,123,68,33,268
39109,OH,Miami,26572,1335,55,390,223,77,745
39111,OH,Monroe,3650,277,0,118,77,33,228
39113,OH,Montgomery,120764,6310,314,1259,1041,286,2900
39115,OH,Morgan,3126,212,33,63,44,22,162
39117,OH,Morrow,6469,404,33,108,58,33,232
39119,OH,Muskingum,22928,1893,73,600,246,65,984
39121,OH,Noble,2216,155,0,74,33,11,118
39123,OH,Ottawa,13688,648,11,164,139,55,369
39125,OH,Paulding,4217,257,22,116,66,11,215
39127,OH,Perry,9578,663,44,204,115,99,462
39129,OH,Pickaway,11882,663,44,230,91,33,398
39131,OH,Pike,5907,442,22,196,53,33,304
39133,OH,Portage,39412,1777,66,429,218,99,812
39135,OH,Preble,9985,603,44,164,116,33,357
39137,OH,Putnam,8356,346,22,132,77,22,253
39139,OH,Richland,30452,1734,77,297,208,88,670
39141,OH,Ross,17497,1241,33,520,181,62,796
39143,OH,Sandusky,13354,628,55,127,104,44,330
39145,OH,Scioto,17244,1660,66,721,196,77,1060
39147,OH,Seneca,15150,676,33,174,110,33,350
39149,OH,Shelby,9985,527,11,188,107,22,328
39151,OH,Stark,100860,4787,266,1357,575,220,2418
39153,OH,Summit,122041,5815,269,1215,773,265,2522
39155,OH,Trumbull,52426,2872,165,854,484,165,1668
39157,OH,Tuscarawas,23135,1301,88,446,183,110,827
39159,OH,Union,8802,475,22,168,68,22,280
39161,OH,Van Wert,5938,342,11,133,58,22,224
39163,OH,Vinton,2705,211,22,110,55,22,209
39165,OH,Warren,45020,1763,88,321,246,77,732
39167,OH,Washington,16685,970,22,253,114,66,455
39169,OH,Wayne,27181,1646,77,529,180,99,885
39171,OH,Williams,9691,484,33,217,79,22,351
39173,OH,Wood,27732,1239,110,350,224,77,761
39175,OH,Wyandot,5888,306,0,108,66,33,207
40001,OK,Adair,4862,294,11,112,79,33,235
40003,OK,Alfalfa,1199,106,11,77,55,0,143
40005,OK,Atoka,2790,153,0,52,75,11,138
40007,OK,Beaver,1026,77,11,55,22,0,88
40009,OK,Beckham,4375,283,22,100,58,33,213
40011,OK,Blaine,2172,126,11,66,66,11,154
40013,OK,Bryan,10537,627,55,123,150,88,416
40015,OK,Caddo,6798,404,44,178,145,44,411
40017,OK,Canadian,27746,1377,55,260,208,44,567
40019,OK,Carter,11601,740,33,218,157,38,446
40021,OK,Cherokee,9643,501,33,141,82,36,292
40023,OK,Choctaw,3903,316,11,106,135,55,307
40025,OK,Cimarron,526,36,0,22,11,0,33
40027,OK,Cleveland,50465,2356,100,521,382,110,1113
40029,OK,Coal,1280,102,0,58,45,11,114
40031,OK,Comanche,21698,1230,89,527,273,77,966
40033,OK,Cotton,1347,87,11,52,33,33,129
40035,OK,Craig,4433,277,22,93,60,33,208
40037,OK,Creek,17261,1107,88,284,149,92,613
40039,OK,Custer,5107,230,22,79,82,44,227
40041,OK,Delaware,10041,557,33,148,103,55,339
40043,OK,Dewey,1210,98,0,66,55,11,132
40045,OK,Ellis,943,53,0,44,44,11,99
40047,OK,Garfield,12802,751,22,252,183,44,501
40049,OK,Garvin,6903,370,33,112,93,33,271
40051,OK,Grady,10296,611,22,173,179,22,396
40053,OK,Grant,1038,84,0,77,44,11,132
40055,OK,Greer,1232,80,22,42,33,0,97
40057,OK,Harmon,580,54,0,22,22,0,44
40059,OK,Harper,865,71,0,27,22,22,71
40061,OK,Haskell,3249,221,22,99,91,22,234
40063,OK,Hughes,3100,240,33,94,66,22,215
40065,OK,Jackson,4730,291,11,150,102,33,296
40067,OK,Jefferson,1635,115,11,55,44,11,121
40069,OK,Johnston,2674,186,22,77,107,11,217
40071,OK,Kay,11211,801,66,188,107,55,416
40073,OK,Kingfisher,3594,189,22,86,66,11,185
40075,OK,Kiowa,2269,156,33,86,57,22,198
40077,OK,Latimer,2850,154,22,51,41,11,125
40079,OK,Le Flore,11355,886,44,328,243,88,703
40081,OK,Lincoln,7783,527,66,195,106,66,433
40083,OK,Logan,7777,424,22,130,82,22,256
40085,OK,Love,2323,149,22,52,49,22,145
40087,OK,Mcclain,10840,552,44,136,69,44,293
40089,OK,Mccurtain,7442,520,22,226,205,77,530
40091,OK,Mcintosh,6220,360,22,116,67,23,228
40093,OK,Major,1756,102,11,66,77,33,187
40095,OK,Marshall,4390,244,11,70,58,22,161
40097,OK,Mayes,9687,548,66,160,145,44,415
40099,OK,Murray,3349,188,11,37,27,22,97
40101,OK,Muskogee,16984,1012,55,369,215,55,694
40103,OK,Noble,2555,144,11,53,57,0,121
40105,OK,Nowata,2570,128,22,57,44,11,134
40107,OK,Okfuskee,2748,163,22,73,56,22,173
40109,OK,Oklahoma,153695,7270,507,1518,1121,462,3608
40111,OK,Okmulgee,8709,474,22,149,91,22,284
40113,OK,Osage,3814,233,33,99,77,33,242
40115,OK,Ottawa,9475,550,33,129,81,66,309
40117,OK,Pawnee,4026,272,11,93,55,33,192
40119,OK,Payne,14166,716,33,183,150,44,410
40121,OK,Pittsburg,10019,665,55,254,154,81,544
40123,OK,Pontotoc,8467,572,33,204,132,33,402
40125,OK,Pottawatomie,16926,1004,55,368,180,66,669
40127,OK,Pushmataha,3092,258,22,123,126,44,315
40129,OK,Roger Mills,793,79,0,55,44,22,121
40131,OK,Rogers,18185,925,66,223,147,66,502
40133,OK,Seminole,5346,389,44,129,51,22,246
40135,OK,Sequoyah,10579,802,33,250,144,55,482
40137,OK,Stephens,11429,665,33,254,160,22,469
40139,OK,Texas,2756,168,11,89,44,22,166
40141,OK,Tillman,1623,113,33,53,46,11,143
40143,OK,Tulsa,137099,6493,323,1694,836,353,3206
40145,OK,Wagoner,17219,963,33,281,131,44,489
40147,OK,Washington,12922,654,22,169,99,66,356
40149,OK,Washita,2501,197,33,92,81,33,239
40151,OK,Woods,1745,99,22,39,33,11,105
40153,OK,Woodward,3914,287,22,141,84,22,269
41001,OR,Baker,5525,370,11,188,27,33,259
41003,OR,Benton,18014,555,33,115,51,22,221
41005,OR,Clackamas,97653,3024,132,568,441,187,1328
41007,OR,Clatsop,11555,489,44,96,70,33,243
41009,OR,Columbia,13976,542,66,149,88,55,358
41011,OR,Coos,21870,1010,55,280,77,44,456
41013,OR,Crook,8148,477,11,129,46,11,197
41015,OR,Curry,9923,372,11,142,37,22,212
41017,OR,Deschutes,44739,2302,55,540,229,55,879
41019,OR,Douglas,36155,1812,77,514,227,99,917
41021,OR,Gilliam,620,26,0,22,0,11,33
41023,OR,Grant,2361,161,0,77,33,22,132
41025,OR,Harney,2198,209,11,90,33,11,145
41027,OR,Hood River,5312,152,0,54,22,11,87
41029,OR,Jackson,61491,2820,110,536,405,132,1183
41031,OR,Jefferson,7397,366,22,134,55,33,244
41033,OR,Josephine,28917,1385,44,329,232,33,638
41035,OR,Klamath,18515,1566,66,570,77,59,772
41037,OR,Lake,2424,214,0,66,11,11,88
41039,OR,Lane,97265,3076,176,886,398,165,1625
41041,OR,Lincoln,18123,631,44,210,88,33,375
41043,OR,Linn,34825,1486,77,364,162,66,669
41045,OR,Malheur,6619,557,22,211,69,33,335
41047,OR,Marion,72490,2953,137,624,444,176,1381
41049,OR,Morrow,2319,103,11,33,22,0,66
41051,OR,Multnomah,136807,4661,297,824,613,308,2042
41053,OR,Polk,20255,699,66,151,107,44,368
41055,OR,Sherman,567,44,11,33,22,0,66
41057,OR,Tillamook,8913,339,11,128,139,11,289
41059,OR,Umatilla,16115,728,33,171,57,22,283
41061,OR,Union,6897,490,11,164,55,33,263
41063,OR,Wallowa,2689,145,0,56,0,0,56
41065,OR,Wasco,6666,231,11,108,60,11,190
41067,OR,Washington,108413,3507,176,666,503,187,1532
41069,OR,Wheeler,522,39,11,33,0,0,44
41071,OR,Yamhill,24872,983,55,264,158,66,543
42001,PA,Adams,27676,1570,110,431,179,77,797
42003,PA,Allegheny,279849,13919,733,1360,2519,726,5338
42005,PA,Armstrong,16824,931,44,214,252,99,609
42007,PA,Beaver,44819,2054,100,295,359,88,842
42009,PA,Bedford,13804,708,44,311,180,77,612
42011,PA,Berks,94423,3549,220,1249,592,220,2281
42013,PA,Blair,33572,1601,77,361,227,99,764
42015,PA,Bradford,15976,862,33,354,176,66,629
42017,PA,Bucks,156817,5088,231,812,812,242,2097
42019,PA,Butler,51916,2320,77,352,422,165,1016
42021,PA,Cambria,38699,2050,110,671,401,198,1380
42023,PA,Cameron,1548,94,0,45,23,0,68
42025,PA,Carbon,18187,892,77,220,143,55,495
42027,PA,Centre,28378,1374,121,365,217,110,813
42029,PA,Chester,112498,3401,158,506,552,176,1392
42031,PA,Clarion,9712,594,33,185,132,11,361
42033,PA,Clearfield,20482,1189,77,558,308,88,1031
42035,PA,Clinton,8774,514,44,97,81,22,244
42037,PA,Columbia,16848,984,44,201,169,55,469
42039,PA,Crawford,22606,1229,66,384,231,99,780
42041,PA,Cumberland,65890,2472,132,582,338,110,1162
42043,PA,Dauphin,62415,2437,179,439,410,154,1182
42045,PA,Delaware,126418,4435,321,594,707,264,1886
42047,PA,Elk,8862,407,44,147,105,33,329
42049,PA,Erie,66532,2986,187,661,399,110,1357
42051,PA,Fayette,38262,2930,253,747,607,254,1861
42053,PA,Forest,2048,146,11,56,44,0,111
42055,PA,Franklin,37054,1767,88,651,200,77,1016
42057,PA,Fulton,3976,239,11,112,66,11,200
42059,PA,Greene,8932,707,55,264,211,66,596
42061,PA,Huntingdon,11481,656,66,334,175,55,630
42063,PA,Indiana,21765,1252,44,394,287,88,813
42065,PA,Jefferson,12165,721,55,294,168,44,561
42067,PA,Juniata,5598,327,33,131,77,33,274
42069,PA,Lackawanna,53902,2730,165,830,460,154,1609
42071,PA,Lancaster,126774,4471,256,1258,575,288,2377
42073,PA,Lawrence,25058,1281,99,241,238,66,644
42075,PA,Lebanon,35782,1198,99,216,149,66,530
42077,PA,Lehigh,78603,2613,165,602,419,143,1329
42079,PA,Luzerne,77594,3770,242,967,615,220,2044
42081,PA,Lycoming,29690,1741,81,336,213,88,718
42083,PA,Mckean,10602,590,22,113,110,22,267
42085,PA,Mercer,30369,1634,143,323,264,88,818
42087,PA,Mifflin,12025,785,44,306,109,55,514
42089,PA,Monroe,40064,1828,121,412,347,110,990
42091,PA,Montgomery,191374,5797,364,1031,954,374,2723
42093,PA,Montour,5001,290,11,58,32,11,112
42095,PA,Northampton,83656,2944,154,578,390,165,1287
42097,PA,Northumberland,23933,1500,88,303,247,77,715
42099,PA,Perry,12159,572,55,172,123,44,394
42101,PA,Philadelphia,266822,12464,717,1729,1847,429,4722
42103,PA,Pike,18155,691,44,187,137,55,423
42105,PA,Potter,4932,288,33,93,66,11,203
42107,PA,Schuylkill,37397,1901,110,635,462,121,1328
42109,PA,Snyder,8391,464,33,118,59,44,254
42111,PA,Somerset,20896,1279,110,367,226,132,835
42113,PA,Sullivan,2185,141,22,94,22,11,149
42115,PA,Susquehanna,11161,577,55,263,154,77,549
42117,PA,Tioga,11662,623,44,258,165,55,522
42119,PA,Union,9628,485,55,130,114,44,343
42121,PA,Venango,14466,975,66,287,179,22,554
42123,PA,Warren,10695,580,22,165,134,11,332
42125,PA,Washington,56817,3412,219,760,788,243,2010
42127,PA,Wayne,15107,734,44,307,144,33,528
42129,PA,Westmoreland,101888,5690,297,792,1104,291,2484
42131,PA,Wyoming,8161,418,66,149,99,22,336
42133,PA,York,106204,4496,265,1087,607,209,2168
44001,RI,Bristol,13247,276,11,60,33,33,137
44003,RI,Kent,44919,1174,55,327,145,66,593
44005,RI,Newport,22902,479,33,108,90,44,275
44007,RI,Providence,133233,3439,253,910,577,264,2004
44009,RI,Washington,37680,781,44,205,201,88,538
45001,SC,Abbeville,5450,253,22,96,58,33,209
45003,SC,Aiken,42280,1519,133,346,255,123,857
45005,SC,Allendale,2105,93,33,44,33,11,121
45007,SC,Anderson,46948,2380,111,884,353,121,1469
45009,SC,Bamberg,3396,143,33,49,53,33,168
45011,SC,Barnwell,5457,255,33,53,45,33,164
45013,SC,Beaufort,65051,1437,99,252,209,110,670
45015,SC,Berkeley,38352,1335,77,274,244,77,672
45017,SC,Calhoun,2912,111,22,34,25,11,92
45019,SC,Charleston,84409,2226,165,467,411,155,1198
45021,SC,Cherokee,12118,722,33,294,102,33,462
45023,SC,Chester,8325,474,46,154,109,33,342
45025,SC,Chesterfield,10203,566,77,203,113,77,470
45027,SC,Clarendon,9443,468,35,172,103,22,332
45029,SC,Colleton,10743,569,44,165,156,44,409
45031,SC,Darlington,15811,782,57,290,133,55,535
45033,SC,Dillon,6837,456,55,213,105,33,406
45035,SC,Dorchester,34416,1147,77,232,199,44,552
45037,SC,Edgefield,8997,350,33,95,60,33,221
45039,SC,Fairfield,6418,251,33,83,38,33,187
45041,SC,Florence,33955,1691,115,646,275,88,1124
45043,SC,Georgetown,18912,682,33,194,101,37,365
45045,SC,Greenville,124590,5131,190,1693,745,178,2806
45047,SC,Greenwood,18369,832,44,255,152,44,495
45049,SC,Hampton,5637,328,44,105,72,55,276
45051,SC,Horry,142055,5095,144,1179,644,170,2137
45053,SC,Jasper,8519,231,11,62,52,22,147
45055,SC,Kershaw,19107,742,55,196,118,44,413
45057,SC,Lancaster,28226,1200,46,374,144,46,610
45059,SC,Laurens,14693,816,44,320,142,66,572
45061,SC,Lee,3733,171,22,50,32,22,126
45063,SC,Lexington,69790,2854,132,658,400,121,1311
45065,SC,Mccormick,5046,182,22,77,35,11,145
45067,SC,Marion,7889,410,45,176,84,22,327
45069,SC,Marlboro,6439,355,44,158,84,33,319
45071,SC,Newberry,10919,495,44,151,124,55,374
45073,SC,Oconee,25165,1126,66,454,184,88,792
45075,SC,Orangeburg,22577,837,104,289,223,121,737
45077,SC,Pickens,33091,1752,88,645,266,77,1076
45079,SC,Richland,75360,2800,173,640,470,144,1427
45081,SC,Saluda,3212,147,22,56,34,22,134
45083,SC,Spartanburg,75930,3502,213,1226,523,212,2174
45085,SC,Sumter,24872,1149,85,358,207,72,722
45087,SC,Union,7322,404,33,155,67,34,289
45089,SC,Williamsburg,8163,405,68,154,125,55,402
45091,SC,York,57725,2347,68,587,307,106,1068
46003,SD,Aurora,619,41,0,11,0,0,11
46005,SD,Beadle,4021,197,11,44,11,0,66
46007,SD,Bennett,507,51,0,11,0,0,11
46009,SD,Bon Homme,1708,58,0,11,0,0,11
46011,SD,Brookings,5949,219,11,44,33,11,99
46013,SD,Brown,8639,495,11,22,22,11,66
46015,SD,Brule,1254,54,22,22,0,0,44
46017,SD,Buffalo,199,11,0,0,11,0,11
46019,SD,Butte,2879,200,11,67,22,11,111
46021,SD,Campbell,405,33,11,11,0,0,22
46023,SD,Charles Mix,1936,118,33,22,22,0,77
46025,SD,Clark,959,81,11,44,22,0,77
46027,SD,Clay,2341,106,11,44,22,0,77
46029,SD,Codington,6728,286,11,63,30,11,115
46031,SD,Corson,589,80,22,22,22,0,66
46033,SD,Custer,3516,244,11,41,22,11,85
46035,SD,Davison,4974,210,11,23,11,0,45
46037,SD,Day,1647,108,11,33,11,0,55
46039,SD,Deuel,1091,72,0,33,0,11,44
46041,SD,Dewey,900,98,11,0,11,0,22
46043,SD,Douglas,844,58,11,22,11,0,44
46045,SD,Edmunds,978,53,0,0,0,0,0
46047,SD,Fall River,3214,239,11,58,22,0,91
46049,SD,Faulk,573,37,11,0,0,0,11
46051,SD,Grant,2184,133,0,44,22,0,66
46053,SD,Gregory,1291,84,0,44,0,0,44
46055,SD,Haakon,613,40,0,22,0,0,22
46057,SD,Hamlin,1253,70,11,22,33,0,66
46059,SD,Hand,791,46,0,11,11,0,22
46061,SD,Hanson,943,39,0,11,0,11,22
46063,SD,Harding,304,44,0,22,22,0,44
46065,SD,Hughes,3906,154,11,22,11,11,55
46067,SD,Hutchinson,1948,109,0,44,44,0,88
46069,SD,Hyde,365,25,0,11,11,0,22
46071,SD,Jackson,475,67,11,22,0,0,33
46073,SD,Jerauld,597,31,11,11,11,0,33
46075,SD,Jones,256,33,0,0,0,0,0
46077,SD,Kingsbury,1787,113,0,55,33,0,88
46079,SD,Lake,2892,157,11,22,22,11,66
46081,SD,Lawrence,8313,504,0,133,67,11,211
46083,SD,Lincoln,12032,429,33,74,57,11,175
46085,SD,Lyman,714,66,11,33,0,0,44
46087,SD,Mccook,1401,67,11,11,0,11,33
46089,SD,Mcpherson,655,28,0,0,0,0,0
46091,SD,Marshall,1165,66,0,11,0,0,11
46093,SD,Meade,6298,453,33,124,44,0,201
46095,SD,Mellette,363,25,0,11,0,0,11
46097,SD,Miner,627,52,11,11,11,0,33
46099,SD,Minnehaha,41566,1573,66,275,143,77,561
46101,SD,Moody,1295,65,0,22,33,0,55
46103,SD,Pennington,30733,1801,45,399,98,44,586
46105,SD,Perkins,899,52,0,22,11,0,33
46107,SD,Potter,754,63,0,11,11,0,22
46109,SD,Roberts,2174,133,33,44,33,22,132
46111,SD,Sanborn,649,33,11,11,11,0,33
46113,SD,Shannon,1441,88,55,55,22,0,132
46115,SD,Spink,1687,145,0,22,0,0,22
46117,SD,Stanley,803,32,11,11,11,0,33
46119,SD,Sully,270,22,0,11,11,0,22
46121,SD,Todd,986,93,22,33,0,0,55
46123,SD,Tripp,1350,103,11,11,0,0,22
46125,SD,Turner,2097,103,0,66,11,11,88
46127,SD,Union,4041,152,22,55,55,22,154
46129,SD,Walworth,1495,75,0,22,0,0,22
46135,SD,Yankton,5813,278,11,33,22,0,66
46137,SD,Ziebach,201,22,11,0,0,0,11
47001,TN,Anderson,18605,1158,23,288,141,55,507
47003,TN,Bedford,10407,654,44,173,125,22,364
47005,TN,Benton,4978,410,22,103,59,22,206
47007,TN,Bledsoe,2937,231,0,51,26,11,88
47009,TN,Blount,33779,1937,66,450,253,99,868
47011,TN,Bradley,24754,1460,44,371,221,49,685
47013,TN,Campbell,10206,871,55,231,131,55,472
47015,TN,Cannon,3709,198,11,43,55,33,142
47017,TN,Carroll,8228,638,55,196,170,33,454
47019,TN,Carter,12888,1140,11,259,120,40,430
47021,TN,Cheatham,9249,451,22,89,97,22,230
47023,TN,Chester,3472,238,22,74,69,11,176
47025,TN,Claiborne,9498,799,33,291,141,55,520
47027,TN,Clay,1598,135,11,38,35,0,84
47029,TN,Cocke,11457,958,66,315,132,46,559
47031,TN,Coffee,14980,1093,33,343,163,22,561
47033,TN,Crockett,3467,238,33,57,55,33,178
47035,TN,Cumberland,23742,1624,33,349,172,44,598
47037,TN,Davidson,108271,4122,225,856,779,198,2058
47039,TN,Decatur,3667,282,0,80,71,33,184
47041,TN,Dekalb,5022,331,22,102,72,33,229
47043,TN,Dickson,12713,708,22,152,154,33,361
47045,TN,Dyer,8014,585,22,186,149,11,368
47047,TN,Fayette,8951,390,33,119,69,33,254
47049,TN,Fentress,6265,593,22,139,150,48,359
47051,TN,Franklin,10593,810,55,261,127,55,498
47053,TN,Gibson,13410,938,55,217,156,55,483
47055,TN,Giles,7687,471,22,151,107,55,335
47057,TN,Grainger,7248,606,33,176,82,55,346
47059,TN,Greene,20452,1708,66,623,165,78,932
47061,TN,Grundy,4412,369,0,147,99,55,301
47063,TN,Hamblen,16475,1363,55,413,181,62,711
47065,TN,Hamilton,83055,3977,198,816,603,229,1846
47067,TN,Hancock,1570,169,0,62,39,11,112
47069,TN,Hardeman,6354,360,55,136,105,55,351
47071,TN,Hardin,7071,447,11,154,115,44,324
47073,TN,Hawkins,16589,1390,77,370,157,66,670
47075,TN,Haywood,4005,226,11,36,40,11,98
47077,TN,Henderson,6434,438,22,118,78,44,262
47079,TN,Henry,9525,673,44,175,121,33,373
47081,TN,Hickman,5813,351,33,93,76,22,224
47083,TN,Houston,2224,157,11,54,41,11,117
47085,TN,Humphreys,4893,282,33,84,59,11,187
47087,TN,Jackson,2494,213,11,66,40,22,139
47089,TN,Jefferson,15665,1048,55,292,102,57,506
47091,TN,Johnson,5750,515,11,153,85,33,282
47093,TN,Knox,100036,5312,220,1155,646,187,2208
47095,TN,Lake,1460,128,11,41,32,11,95
47097,TN,Lauderdale,5787,483,44,129,94,22,289
47099,TN,Lawrence,11980,943,55,272,152,85,564
47101,TN,Lewis,2847,245,11,58,34,11,114
47103,TN,Lincoln,9450,580,33,227,153,22,435
47105,TN,Loudon,22073,1097,44,236,103,55,438
47107,TN,Mcminn,13865,1013,55,250,135,55,495
47109,TN,Mcnairy,7732,509,22,156,86,66,330
47111,TN,Macon,4639,360,11,77,62,22,172
47113,TN,Madison,22376,1313,58,271,201,33,563
47115,TN,Marion,5045,321,33,88,61,55,237
47117,TN,Marshall,7768,480,11,107,78,22,218
47119,TN,Maury,27921,1284,35,186,199,44,464
47121,TN,Meigs,5178,364,33,92,55,33,213
47123,TN,Monroe,14197,923,33,222,85,44,384
47125,TN,Montgomery,32491,1548,64,233,286,55,638
47127,TN,Moore,889,55,0,13,11,11,35
47129,TN,Morgan,3776,317,11,79,59,33,182
47131,TN,Obion,7577,493,44,149,113,44,350
47133,TN,Overton,5683,474,11,151,109,33,304
47135,TN,Perry,2263,125,0,31,24,11,66
47137,TN,Pickett,1272,106,0,23,23,11,57
47139,TN,Polk,5386,319,44,117,92,44,297
47141,TN,Putnam,21734,1543,66,394,221,55,736
47143,TN,Rhea,9647,644,33,161,80,33,307
47145,TN,Roane,15768,1191,44,335,148,44,571
47147,TN,Robertson,16548,859,55,155,155,55,420
47149,TN,Rutherford,52870,2239,77,351,363,88,879
47151,TN,Scott,5144,577,44,87,89,44,264
47153,TN,Sequatchie,6780,450,22,118,52,22,214
47155,TN,Sevier,25846,1586,55,487,151,68,761
47157,TN,Shelby,169704,6950,403,1859,872,330,3464
47159,TN,Smith,4460,296,11,131,115,11,268
47161,TN,Stewart,3714,206,22,61,57,33,173
47163,TN,Sullivan,45578,3564,77,747,365,97,1286
47165,TN,Sumner,39989,1939,77,395,329,66,867
47167,TN,Tipton,12787,789,55,212,122,66,455
47169,TN,Trousdale,1796,119,0,21,26,11,58
47171,TN,Unicoi,5477,511,11,133,59,22,225
47173,TN,Union,4339,351,11,85,52,22,170
47175,TN,Van Buren,1313,101,11,25,12,11,59
47177,TN,Warren,11090,744,22,213,113,22,370
47179,TN,Washington,36568,2737,55,615,304,75,1049
47181,TN,Wayne,3501,340,22,92,94,22,230
47183,TN,Weakley,7056,479,33,143,95,22,293
47185,TN,White,8428,603,33,146,84,22,285
47187,TN,Williamson,47235,1159,77,179,199,66,521
47189,TN,Wilson,31079,1282,35,248,219,44,546
48001,TX,Anderson,12102,654,55,216,138,44,453
48003,TX,Andrews,2480,150,11,26,11,11,59
48005,TX,Angelina,18913,974,55,237,170,57,519
48007,TX,Aransas,8006,335,11,70,54,11,146
48009,TX,Archer,1501,91,22,44,55,11,132
48011,TX,Armstrong,492,25,0,11,11,0,22
48013,TX,Atascosa,9602,367,44,125,81,44,294
48015,TX,Austin,8536,348,22,102,86,44,254
48017,TX,Bailey,1159,92,11,23,23,0,57
48019,TX,Bandera,8226,327,22,110,48,22,202
48021,TX,Bastrop,19997,755,55,226,136,55,472
48023,TX,Baylor,940,59,0,24,20,11,55
48025,TX,Bee,5133,265,33,79,28,22,162
48027,TX,Bell,64004,2696,147,884,518,132,1681
48029,TX,Bexar,338252,10884,697,2589,1507,686,5479
48031,TX,Blanco,4358,137,0,38,22,22,82
48033,TX,Borden,66,11,0,11,0,0,11
48035,TX,Bosque,5903,266,22,123,83,22,250
48037,TX,Bowie,20369,1423,60,281,244,71,656
48039,TX,Brazoria,68021,2372,153,472,402,146,1173
48041,TX,Brazos,30335,944,66,235,180,55,536
48043,TX,Brewster,2354,93,11,28,11,11,61
48045,TX,Briscoe,414,34,0,22,22,11,55
48047,TX,Brooks,1553,81,11,30,28,11,80
48049,TX,Brown,9888,490,22,135,89,44,290
48051,TX,Burleson,5292,220,22,73,34,11,140
48053,TX,Burnet,12658,573,22,141,71,33,267
48055,TX,Caldwell,9096,385,44,102,76,44,266
48057,TX,Calhoun,4659,145,22,46,26,11,105
48059,TX,Callahan,3585,199,11,47,42,22,122
48061,TX,Cameron,73298,1953,159,297,323,132,911
48063,TX,Camp,3614,178,11,54,40,11,116
48065,TX,Carson,1222,91,22,42,44,22,130
48067,TX,Cass,8804,648,66,190,164,55,475
48069,TX,Castro,1219,68,11,22,33,11,77
48071,TX,Chambers,7233,340,33,91,87,22,233
48073,TX,Cherokee,9449,511,11,202,117,33,363
48075,TX,Childress,1313,82,11,20,11,0,42
48077,TX,Clay,1941,121,11,38,56,22,127
48079,TX,Cochran,521,46,11,27,22,11,71
48081,TX,Coke,987,69,11,29,22,11,73
48083,TX,Coleman,2662,164,11,66,64,11,152
48085,TX,Collin,148398,4634,242,848,838,275,2203
48087,TX,Collingsworth,656,62,11,11,11,11,44
48089,TX,Colorado,5713,207,44,88,77,22,231
48091,TX,Comal,51104,1614,68,260,206,76,610
48093,TX,Comanche,3452,171,33,57,33,22,145
48095,TX,Concho,746,57,0,44,22,11,77
48097,TX,Cooke,9067,402,22,96,104,11,233
48099,TX,Coryell,12685,617,26,217,134,22,399
48101,TX,Cottle,402,29,11,11,11,11,44
48103,TX,Crane,676,28,0,11,11,0,22
48105,TX,Crockett,764,35,11,11,11,11,44
48107,TX,Crosby,1207,105,22,35,33,22,112
48109,TX,Culberson,482,31,0,11,11,0,22
48111,TX,Dallam,1421,116,0,43,15,11,69
48113,TX,Dallas,374993,12499,852,3036,2383,796,7067
48115,TX,Dawson,2138,160,11,29,17,11,68
48117,TX,Deaf Smith,2799,196,11,52,30,0,93
48119,TX,Delta,1345,103,11,46,33,22,112
48121,TX,Denton,132855,4487,234,998,718,264,2214
48123,TX,De Witt,4212,183,22,72,51,22,167
48125,TX,Dickens,608,55,0,33,11,22,66
48127,TX,Dimmit,1869,79,33,39,22,22,116
48129,TX,Donley,969,97,11,47,26,11,95
48131,TX,Duval,2475,151,33,33,64,22,152
48133,TX,Eastland,5259,321,33,87,55,55,230
48135,TX,Ector,22542,1291,82,297,225,66,670
48137,TX,Edwards,603,28,11,22,0,0,33
48139,TX,Ellis,39053,1687,88,340,284,77,789
48141,TX,El Paso,154220,7819,482,1823,1187,285,3777
48143,TX,Erath,7583,370,11,128,39,22,200
48145,TX,Falls,3267,169,44,85,64,22,215
48147,TX,Fannin,8255,437,44,179,130,44,397
48149,TX,Fayette,8257,245,11,126,104,22,263
48151,TX,Fisher,838,57,0,33,22,22,77
48153,TX,Floyd,1221,106,22,35,33,11,101
48155,TX,Foard,368,15,0,11,11,0,22
48157,TX,Fort Bend,130185,3820,213,583,714,161,1671
48159,TX,Franklin,2510,156,11,40,38,11,100
48161,TX,Freestone,4757,231,33,84,61,33,211
48163,TX,Frio,3020,125,22,52,47,33,154
48165,TX,Gaines,2251,177,11,60,46,11,128
48167,TX,Galveston,73047,2914,121,576,485,169,1351
48169,TX,Garza,905,68,0,11,11,11,33
48171,TX,Gillespie,9890,330,11,59,33,22,125
48173,TX,Glasscock,196,11,0,11,0,0,11
48175,TX,Goliad,1616,51,11,12,15,11,49
48177,TX,Gonzales,4763,190,33,90,44,22,189
48179,TX,Gray,4136,351,11,126,57,11,205
48181,TX,Grayson,34292,1664,132,369,304,154,959
48183,TX,Gregg,32558,1742,91,463,355,88,997
48185,TX,Grimes,7770,278,22,97,75,44,238
48187,TX,Guadalupe,31409,1099,66,194,151,59,470
48189,TX,Hale,5951,487,47,115,85,11,258
48191,TX,Hall,740,68,11,22,22,22,77
48193,TX,Hamilton,2718,123,11,42,33,11,97
48195,TX,Hansford,933,59,11,25,11,0,47
48197,TX,Hardeman,944,53,0,22,15,0,37
48199,TX,Hardin,13097,646,44,149,129,44,366
48201,TX,Harris,667609,22868,1505,4334,4419,1359,11617
48203,TX,Harrison,12163,598,44,202,122,55,423
48205,TX,Hartley,168,22,0,22,22,0,44
48207,TX,Haskell,1441,116,11,47,33,0,91
48209,TX,Hays,45802,1439,62,343,238,69,712
48211,TX,Hemphill,674,35,0,11,11,0,22
48213,TX,Henderson,20950,1173,55,379,220,88,742
48215,TX,Hidalgo,125553,3493,329,562,523,209,1623
48217,TX,Hill,9756,551,55,222,143,66,486
48219,TX,Hockley,3998,298,44,93,43,11,191
48221,TX,Hood,21743,1069,22,234,145,46,447
48223,TX,Hopkins,8513,480,22,136,121,44,323
48225,TX,Houston,6168,316,33,84,68,44,229
48227,TX,Howard,5310,305,22,82,88,22,214
48229,TX,Hudspeth,738,49,11,44,11,0,66
48231,TX,Hunt,19210,1062,77,283,185,88,633
48233,TX,Hutchinson,4412,341,0,110,66,33,209
48235,TX,Irion,357,17,0,11,11,0,22
48237,TX,Jack,1798,110,0,33,44,11,88
48239,TX,Jackson,3302,147,33,46,33,11,123
48241,TX,Jasper,9138,475,44,124,107,45,320
48243,TX,Jeff Davis,678,32,0,11,11,0,22
48245,TX,Jefferson,45899,2225,166,471,385,166,1188
48247,TX,Jim Hogg,1004,31,11,11,11,0,33
48249,TX,Jim Wells,9071,433,23,85,107,33,248
48251,TX,Johnson,40038,1984,89,460,337,102,988
48253,TX,Jones,3056,168,22,64,55,33,174
48255,TX,Karnes,3257,119,11,55,22,22,110
48257,TX,Kaufman,29727,1348,77,389,217,88,771
48259,TX,Kendall,18775,516,44,135,54,33,266
48261,TX,Kenedy,61,11,0,11,11,0,22
48263,TX,Kent,201,22,0,11,11,0,22
48265,TX,Kerr,17787,700,22,190,94,27,333
48267,TX,Kimble,1326,51,11,22,22,0,55
48269,TX,King,27,11,0,0,0,0,0
48271,TX,Kinney,918,45,11,11,12,0,34
48273,TX,Kleberg,5404,200,22,48,51,22,143
48275,TX,Knox,842,46,11,33,11,11,66
48277,TX,Lamar,11842,767,55,245,221,55,576
48279,TX,Lamb,2738,224,44,87,69,22,222
48281,TX,Lampasas,6750,291,11,86,53,22,172
48283,TX,La Salle,1163,53,11,11,22,0,44
48285,TX,Lavaca,6633,215,33,63,50,22,168
48287,TX,Lee,3944,142,11,58,44,0,113
48289,TX,Leon,6190,243,33,87,67,44,231
48291,TX,Liberty,19385,1106,44,321,179,69,613
48293,TX,Limestone,5500,270,22,112,72,22,228
48295,TX,Lipscomb,669,62,11,44,22,0,77
48297,TX,Live Oak,2057,76,11,22,22,22,77
48299,TX,Llano,10266,431,33,116,83,33,265
48301,TX,Loving,16,0,0,0,0,0,0
48303,TX,Lubbock,54661,3888,191,888,538,178,1795
48305,TX,Lynn,1081,74,11,33,33,11,88
48307,TX,Mcculloch,2348,140,11,61,49,22,143
48309,TX,Mclennan,51043,2032,135,699,436,176,1446
48311,TX,Mcmullen,191,11,0,0,11,11,22
48313,TX,Madison,2567,102,22,35,33,11,101
48315,TX,Marion,2569,177,11,59,34,11,115
48317,TX,Martin,879,71,11,33,22,11,77
48319,TX,Mason,1425,70,0,33,22,11,66
48321,TX,Matagorda,8458,347,44,97,117,33,291
48323,TX,Maverick,11578,294,30,85,82,11,208
48325,TX,Medina,11013,397,55,142,81,77,355
48327,TX,Menard,715,45,11,15,11,11,48
48329,TX,Midland,21539,990,57,166,148,55,426
48331,TX,Milam,6567,307,22,123,83,33,261
48333,TX,Mills,1467,51,0,11,22,11,44
48335,TX,Mitchell,1558,81,22,22,22,11,77
48337,TX,Montague,6273,305,0,94,113,33,240
48339,TX,Montgomery,121257,4665,220,841,679,232,1972
48341,TX,Moore,2717,161,11,54,37,11,113
48343,TX,Morris,3789,244,22,79,48,33,182
48345,TX,Motley,349,36,0,22,22,0,44
48347,TX,Nacogdoches,13055,652,55,183,150,77,465
48349,TX,Navarro,11126,549,45,209,165,66,485
48351,TX,Newton,2667,141,44,80,57,33,214
48353,TX,Nolan,3413,217,22,51,53,22,148
48355,TX,Nueces,67129,2478,221,535,479,181,1416
48357,TX,Ochiltree,1431,98,0,28,11,0,39
48359,TX,Oldham,514,42,0,33,33,0,66
48361,TX,Orange,17446,924,44,191,141,47,423
48363,TX,Palo Pinto,7018,477,11,136,108,33,288
48365,TX,Panola,5460,276,11,105,82,22,220
48367,TX,Parker,31276,1736,66,328,250,88,732
48369,TX,Parmer,1489,92,11,38,33,11,93
48371,TX,Pecos,2458,148,11,60,27,11,109
48373,TX,Polk,18784,922,22,219,121,65,427
48375,TX,Potter,20768,1524,79,444,231,77,831
48377,TX,Presidio,1824,79,11,30,11,0,52
48379,TX,Rains,3515,189,11,51,29,11,102
48381,TX,Randall,26787,1704,55,397,223,58,733
48383,TX,Reagan,497,18,0,11,11,0,22
48385,TX,Real,1331,57,0,33,22,0,55
48387,TX,Red River,3598,233,22,87,88,22,219
48389,TX,Reeves,2119,92,11,35,11,0,57
48391,TX,Refugio,1876,101,22,22,44,11,99
48393,TX,Roberts,171,15,0,11,11,11,33
48395,TX,Robertson,4146,144,33,57,55,11,156
48397,TX,Rockwall,22209,757,22,175,124,33,354
48399,TX,Runnels,2780,165,11,58,44,22,135
48401,TX,Rusk,9507,526,55,151,90,55,351
48403,TX,Sabine,3626,200,11,66,51,44,172
48405,TX,San Augustine,2367,124,22,41,28,22,113
48407,TX,San Jacinto,5292,310,22,94,57,33,206
48409,TX,San Patricio,15388,652,88,134,105,88,415
48411,TX,San Saba,1576,52,0,22,33,11,66
48413,TX,Schleicher,626,26,11,13,11,11,46
48415,TX,Scurry,3143,184,11,43,53,11,118
48417,TX,Shackelford,783,48,0,24,22,0,46
48419,TX,Shelby,5545,278,22,93,65,55,235
48421,TX,Sherman,364,27,0,11,11,0,22
48423,TX,Smith,53801,2526,103,634,443,165,1345
48425,TX,Somervell,2362,115,0,38,23,22,83
48427,TX,Starr,10528,375,33,135,109,22,299
48429,TX,Stephens,2066,144,11,34,38,22,105
48431,TX,Sterling,255,11,0,0,11,0,11
48433,TX,Stonewall,388,31,11,11,11,0,33
48435,TX,Sutton,861,38,11,13,11,0,35
48437,TX,Swisher,1522,104,22,43,33,0,98
48439,TX,Tarrant,320094,12926,737,3148,2248,635,6768
48441,TX,Taylor,28953,1454,77,440,270,99,886
48443,TX,Terrell,230,22,0,11,11,0,22
48445,TX,Terry,2039,163,11,52,27,22,112
48447,TX,Throckmorton,366,22,0,22,22,11,55
48449,TX,Titus,5568,299,22,75,46,11,154
48451,TX,Tom Green,24470,1407,76,450,280,58,864
48453,TX,Travis,158498,4519,408,1072,841,385,2706
48455,TX,Trinity,4702,293,11,62,61,33,167
48457,TX,Tyler,5364,304,22,121,103,55,301
48459,TX,Upshur,9298,544,22,158,100,55,335
48461,TX,Upton,660,51,11,22,22,0,55
48463,TX,Uvalde,5817,295,22,81,84,11,198
48465,TX,Val Verde,9096,377,17,131,69,11,228
48467,TX,Van Zandt,14305,791,66,240,119,56,481
48469,TX,Victoria,19838,692,44,189,150,55,438
48471,TX,Walker,12938,574,22,72,110,33,237
48473,TX,Waller,5981,227,22,46,45,22,135
48475,TX,Ward,1911,160,11,62,27,11,111
48477,TX,Washington,10375,315,11,99,71,11,192
48479,TX,Webb,39258,962,74,144,226,66,510
48481,TX,Wharton,9400,376,44,108,116,22,290
48483,TX,Wheeler,1198,99,11,33,25,0,69
48485,TX,Wichita,28266,1752,99,307,476,99,981
48487,TX,Wilbarger,2829,172,11,70,73,11,165
48489,TX,Willacy,3739,94,22,33,22,22,99
48491,TX,Williamson,107919,3647,176,703,598,187,1664
48493,TX,Wilson,10674,418,55,93,59,44,251
48495,TX,Winkler,1095,74,11,28,25,11,75
48497,TX,Wise,14924,673,55,173,136,55,419
48499,TX,Wood,17414,909,55,214,139,66,474
48501,TX,Yoakum,1386,101,22,29,22,11,84
48503,TX,Young,4798,264,11,76,101,22,210
48505,TX,Zapata,2162,76,11,23,22,0,56
48507,TX,Zavala,2137,124,11,43,39,22,115
49001,UT,Beaver,1490,214,0,60,22,11,93
49003,UT,Box Elder,10195,1068,33,326,198,55,612
49005,UT,Cache,17696,1719,66,464,216,77,823
49007,UT,Carbon,4934,819,33,287,80,44,444
49009,UT,Daggett,290,48,0,22,11,0,33
49011,UT,Davis,48918,4712,100,1170,481,111,1862
49013,UT,Duchesne,3994,661,22,302,128,44,496
49015,UT,Emery,2273,382,11,130,88,44,273
49017,UT,Garfield,1379,228,11,103,66,0,180
49019,UT,Grand,2356,194,11,77,11,0,99
49021,UT,Iron,11232,1499,33,436,152,33,654
49023,UT,Juab,1994,290,11,66,44,22,143
49025,UT,Kane,2279,246,11,71,47,11,140
49027,UT,Millard,2799,378,0,153,77,11,241
49029,UT,Morgan,2018,162,0,32,11,11,54
49031,UT,Piute,456,79,11,44,33,0,88
49033,UT,Rich,537,81,0,44,22,0,66
49035,UT,Salt Lake,161419,14631,341,3918,1488,386,6133
49037,UT,San Juan,2455,256,55,142,44,0,241
49039,UT,Sanpete,5666,927,33,234,135,55,457
49041,UT,Sevier,4777,697,22,234,99,44,399
49043,UT,Summit,8927,815,22,188,67,55,332
49045,UT,Tooele,10263,1180,22,411,117,38,588
49047,UT,Uintah,5281,969,33,384,131,17,565
49049,UT,Utah,70677,6204,199,1587,668,187,2641
49051,UT,Wasatch,5803,550,0,134,45,22,201
49053,UT,Washington,48100,2883,66,667,315,89,1137
49055,UT,Wayne,736,97,0,66,11,11,88
49057,UT,Weber,43598,4545,77,1222,411,79,1789
50001,VT,Addison,9952,308,11,162,111,11,295
50003,VT,Bennington,11001,396,22,188,118,22,350
50005,VT,Caledonia,8376,328,11,141,100,44,296
50007,VT,Chittenden,37941,1004,77,206,205,110,598
50009,VT,Essex,2110,121,33,77,55,11,176
50011,VT,Franklin,10173,447,55,118,89,33,295
50013,VT,Grand Isle,2507,68,0,44,11,0,55
50015,VT,Lamoille,6119,221,22,77,98,22,219
50017,VT,Orange,8232,327,11,165,154,77,407
50019,VT,Orleans,8224,382,33,132,143,44,352
50021,VT,Rutland,18674,805,44,295,251,44,634
50023,VT,Washington,15854,489,22,155,141,33,351
50025,VT,Windham,13290,430,33,203,121,44,401
50027,VT,Windsor,17559,578,11,170,210,66,457
51001,VA,Accomack,10256,511,55,204,209,55,523
51003,VA,Albemarle,22978,636,55,211,120,66,452
51005,VA,Alleghany,2049,128,22,64,16,11,113
51007,VA,Amelia,3520,160,11,60,22,22,115
51009,VA,Amherst,8469,396,33,125,53,22,233
51011,VA,Appomattox,4322,211,33,71,41,33,178
51013,VA,Arlington,28445,668,33,111,131,55,330
51015,VA,Augusta,13009,656,33,266,183,88,570
51017,VA,Bath,1575,83,0,34,33,11,78
51019,VA,Bedford,21907,965,66,247,146,33,492
51021,VA,Bland,1797,165,11,54,44,22,131
51023,VA,Botetourt,8823,388,66,121,79,22,288
51025,VA,Brunswick,4240,248,55,131,101,44,331
51027,VA,Buchanan,6334,765,44,239,123,44,450
51029,VA,Buckingham,3309,127,11,76,55,22,164
51031,VA,Campbell,9935,476,44,139,84,66,333
51033,VA,Caroline,6789,337,33,110,56,11,210
51035,VA,Carroll,6623,528,55,171,111,33,370
51036,VA,Charles City,1564,76,11,21,11,11,54
51037,VA,Charlotte,3933,221,11,113,55,55,234
51041,VA,Chesterfield,76509,2618,125,545,351,121,1142
51043,VA,Clarke,4533,180,11,64,47,22,144
51045,VA,Craig,1224,79,11,21,11,11,54
51047,VA,Culpeper,12198,495,22,202,95,33,352
51049,VA,Cumberland,1633,76,11,34,23,0,68
51051,VA,Dickenson,4224,530,11,203,88,33,335
51053,VA,Dinwiddie,4297,221,22,95,77,33,227
51057,VA,Essex,3444,157,11,79,60,11,161
51059,VA,Fairfax,182278,4469,341,773,760,352,2226
51061,VA,Fauquier,15070,512,55,189,135,66,445
51063,VA,Floyd,4188,333,0,106,69,44,219
51065,VA,Fluvanna,7028,207,11,78,44,33,166
51067,VA,Franklin,15031,689,55,218,139,55,467
51069,VA,Frederick,20541,738,44,185,125,44,398
51071,VA,Giles,4798,558,44,201,81,44,370
51073,VA,Gloucester,10410,465,22,136,67,22,247
51075,VA,Goochland,6866,219,33,92,77,33,235
51077,VA,Grayson,3670,339,33,128,65,22,248
51079,VA,Greene,4749,167,11,68,22,22,123
51081,VA,Greensville,844,39,22,22,22,22,88
51083,VA,Halifax,10031,548,33,172,116,55,376
51085,VA,Hanover,26236,897,44,231,155,44,474
51087,VA,Henrico,69704,2320,143,528,340,143,1154
51089,VA,Henry,10551,815,55,213,91,44,403
51091,VA,Highland,914,70,0,44,11,11,66
51093,VA,Isle Of Wight,10376,449,44,101,83,55,283
51095,VA,James City,17648,461,22,67,58,11,158
51097,VA,King And Queen,1893,121,11,110,88,22,231
51099,VA,King George,5131,223,11,50,26,22,109
51101,VA,King William,4284,166,33,46,44,22,145
51103,VA,Lancaster,5376,153,33,58,55,55,201
51105,VA,Lee,5961,692,55,222,106,33,416
51107,VA,Loudoun,54539,1566,77,324,272,110,783
51109,VA,Louisa,9453,336,33,108,38,33,212
51111,VA,Lunenburg,2443,152,22,67,45,22,156
51113,VA,Madison,3770,185,11,108,66,11,196
51115,VA,Mathews,3143,206,22,110,99,22,253
51117,VA,Mecklenburg,10059,514,44,193,123,55,415
51119,VA,Middlesex,4427,195,0,110,88,33,231
51121,VA,Montgomery,15629,1021,44,277,159,55,535
51125,VA,Nelson,6084,247,44,121,110,55,330
51127,VA,New Kent,7655,237,11,70,57,22,160
51131,VA,Northampton,4408,198,22,83,45,11,161
51133,VA,Northumberland,4649,143,33,58,55,11,157
51135,VA,Nottoway,3997,205,33,56,35,22,146
51137,VA,Orange,13172,449,44,140,85,22,291
51139,VA,Page,6534,328,22,88,52,22,184
51141,VA,Patrick,5596,339,22,122,83,33,260
51143,VA,Pittsylvania,12426,725,88,263,151,66,568
51145,VA,Powhatan,6761,195,11,50,25,11,97
51147,VA,Prince Edward,5857,268,22,100,69,33,224
51149,VA,Prince George,4632,197,22,54,39,22,137
51153,VA,Prince William,62146,1926,110,385,293,121,909
51155,VA,Pulaski,8121,831,33,247,91,33,404
51157,VA,Rappahannock,1865,77,0,55,33,11,99
51159,VA,Richmond,2239,103,22,31,22,11,86
51161,VA,Roanoke,23499,988,44,225,101,33,403
51163,VA,Rockbridge,3509,169,33,89,77,22,221
51165,VA,Rockingham,15858,717,55,220,154,77,506
51167,VA,Russell,7739,1066,77,246,134,66,523
51169,VA,Scott,6655,636,33,153,83,55,324
51171,VA,Shenandoah,12056,505,66,136,108,66,376
51173,VA,Smyth,8455,864,33,254,90,33,410
51175,VA,Southampton,3299,168,44,66,44,44,198
51177,VA,Spotsylvania,26832,1083,44,274,126,55,499
51179,VA,Stafford,23568,906,44,225,114,44,427
51181,VA,Surry,1867,92,33,44,44,0,121
51183,VA,Sussex,2637,143,33,44,44,22,143
51185,VA,Tazewell,11820,1300,66,349,177,77,669
51187,VA,Warren,10170,386,11,98,52,22,183
51191,VA,Washington,15754,1351,66,336,157,55,614
51193,VA,Westmoreland,5830,224,33,76,50,11,170
51195,VA,Wise,10775,1160,44,322,103,55,524
51197,VA,Wythe,8897,836,55,255,158,55,523
51199,VA,York,11565,400,33,77,69,22,201
51510,VA,Alexandria City,20903,493,55,94,99,55,303
51520,VA,Bristol City,4206,413,11,111,42,11,175
51530,VA,Buena Vista City,2122,129,11,46,14,0,71
51540,VA,Charlottesville City,9951,275,22,79,30,22,153
51550,VA,Chesapeake City,47933,2183,67,291,276,66,700
51570,VA,Colonial Heights City,5844,285,11,65,37,11,124
51580,VA,Covington City,4065,231,11,94,21,11,137
51590,VA,Danville City,15754,1086,32,343,81,22,478
51595,VA,Emporia City,3310,163,12,45,21,11,89
51600,VA,Fairfax City,9011,250,11,53,54,11,129
51610,VA,Falls Church City,3316,78,11,11,11,11,44
51620,VA,Franklin City,3697,195,11,30,22,11,74
51630,VA,Fredericksburg City,4860,237,11,52,28,11,102
51640,VA,Galax City,4751,466,11,139,87,11,248
51650,VA,Hampton City,28083,1351,77,231,199,55,562
51660,VA,Harrisonburg City,11497,491,22,90,44,11,167
51670,VA,Hopewell City,6175,343,11,94,50,11,166
51678,VA,Lexington City,4555,211,11,63,26,11,111
51680,VA,Lynchburg City,21624,908,44,228,127,46,445
51683,VA,Manassas City,6437,192,11,25,29,0,65
51685,VA,Manassas Park City,4529,155,11,35,21,11,78
51690,VA,Martinsville City,9177,660,14,152,73,12,251
51700,VA,Newport News City,33103,1462,78,259,158,77,572
51710,VA,Norfolk City,37968,2008,144,376,276,110,906
51720,VA,Norton City,1592,191,11,53,18,11,93
51730,VA,Petersburg City,13445,642,31,142,79,22,274
51735,VA,Poquoson City,2970,118,11,20,20,11,62
51740,VA,Portsmouth City,19127,1040,61,137,116,55,369
51750,VA,Radford,4113,331,11,87,34,11,143
51760,VA,Richmond City,33891,1381,73,314,213,77,677
51770,VA,Roanoke City,22901,1266,58,340,149,66,613
51775,VA,Salem,10037,476,11,116,55,11,193
51790,VA,Staunton City,10479,521,11,173,60,11,255
51800,VA,Suffolk City,20813,1076,56,249,156,48,509
51810,VA,Virginia Beach City,87847,3697,97,571,506,105,1279
51820,VA,Waynesboro City,8604,421,11,140,51,11,213
51830,VA,Williamsburg City,13707,405,12,54,56,11,133
51840,VA,Winchester City,6157,219,11,46,30,11,98
53001,WA,Adams,3215,131,11,49,11,22,93
53003,WA,Asotin,6938,396,22,103,37,11,173
53005,WA,Benton,41571,1568,88,215,197,55,555
53007,WA,Chelan,20260,642,22,220,97,55,394
53009,WA,Clallam,29893,905,44,187,90,33,354
53011,WA,Clark,107975,3552,176,597,410,176,1359
53013,WA,Columbia,1312,58,0,27,0,0,27
53015,WA,Cowlitz,29787,1413,49,369,156,55,629
53017,WA,Douglas,9345,348,22,129,61,22,234
53019,WA,Ferry,2222,144,0,59,0,11,70
53021,WA,Franklin,12698,438,12,55,89,11,167
53023,WA,Garfield,757,47,0,11,11,11,33
53025,WA,Grant,18116,790,33,234,61,55,383
53027,WA,Grays Harbor,22991,1159,66,282,194,99,641
53029,WA,Island,27151,619,55,97,87,44,283
53031,WA,Jefferson,15048,354,11,56,72,44,183
53033,WA,King,368304,8745,540,1255,1198,561,3554
53035,WA,Kitsap,66833,2234,110,307,275,110,802
53037,WA,Kittitas,10818,427,11,185,68,11,275
53039,WA,Klickitat,7263,279,22,104,77,22,225
53041,WA,Lewis,23253,1093,55,323,121,66,565
53043,WA,Lincoln,3888,182,22,99,55,0,176
53045,WA,Mason,19712,751,44,166,83,33,326
53047,WA,Okanogan,12270,508,11,205,99,66,381
53049,WA,Pacific,9229,405,33,123,122,11,289
53051,WA,Pend Oreille,4567,210,22,85,24,11,142
53053,WA,Pierce,174748,5993,362,748,772,330,2212
53055,WA,San Juan,6732,178,0,22,11,11,44
53057,WA,Skagit,36071,1042,44,162,130,66,402
53059,WA,Skamania,2372,82,0,46,44,11,101
53061,WA,Snohomish,151840,4380,209,504,595,253,1561
53063,WA,Spokane,124021,5502,275,1574,670,231,2750
53065,WA,Stevens,13492,639,33,164,46,55,298
53067,WA,Thurston,70062,2472,99,332,224,121,776
53069,WA,Wahkiakum,1699,86,0,37,11,0,48
53071,WA,Walla Walla,14965,563,33,153,94,22,302
53073,WA,Whatcom,53801,1540,66,318,205,55,644
53075,WA,Whitman,7114,359,11,170,66,22,269
53077,WA,Yakima,46856,2115,143,638,220,88,1089
54001,WV,Barbour,4057,341,11,151,60,22,244
54003,WV,Berkeley,26899,1167,66,361,142,88,657
54005,WV,Boone,5619,636,55,282,192,66,595
54007,WV,Braxton,3418,275,44,128,66,11,249
54009,WV,Brooke,5102,400,44,136,78,22,280
54011,WV,Cabell,20583,1633,77,576,223,55,931
54013,WV,Calhoun,2039,150,11,90,44,33,178
54015,WV,Clay,2666,259,33,138,77,11,259
54017,WV,Doddridge,1155,99,33,50,22,22,127
54019,WV,Fayette,12222,1144,77,480,235,77,869
54021,WV,Gilmer,1536,147,0,96,66,33,195
54023,WV,Grant,3154,189,22,93,49,11,175
54025,WV,Greenbrier,9236,875,33,318,145,44,540
54027,WV,Hampshire,6540,352,44,193,160,22,419
54029,WV,Hancock,9115,603,22,198,73,22,315
54031,WV,Hardy,3756,209,33,91,44,22,190
54033,WV,Harrison,17240,1259,77,488,174,55,794
54035,WV,Jackson,7707,454,33,182,88,66,369
54037,WV,Jefferson,13498,551,55,171,75,33,334
54039,WV,Kanawha,47633,3671,198,1137,526,220,2081
54041,WV,Lewis,4671,400,44,193,101,33,371
54043,WV,Lincoln,5152,613,22,229,138,77,466
54045,WV,Logan,8421,1109,66,343,191,66,666
54047,WV,Mcdowell,5176,641,88,249,143,110,590
54049,WV,Marion,14600,1073,33,390,136,64,623
54051,WV,Marshall,7113,598,22,203,87,66,378
54053,WV,Mason,6511,606,44,308,134,44,530
54055,WV,Mercer,15983,1608,77,580,209,55,921
54057,WV,Mineral,7505,446,22,170,91,33,316
54059,WV,Mingo,6677,866,33,244,110,33,420
54061,WV,Monongalia,15749,973,66,395,120,70,651
54063,WV,Monroe,4856,480,11,192,99,11,313
54065,WV,Morgan,5104,201,11,60,37,33,141
54067,WV,Nicholas,7405,716,77,268,167,55,567
54069,WV,Ohio,11928,787,22,208,72,15,317
54071,WV,Pendleton,2283,144,22,66,55,0,143
54073,WV,Pleasants,1751,130,22,30,22,0,74
54075,WV,Pocahontas,2518,230,11,110,33,44,198
54077,WV,Preston,8500,598,33,234,110,110,487
54079,WV,Putnam,13030,935,66,269,145,33,513
54081,WV,Raleigh,18328,1876,103,652,364,99,1218
54083,WV,Randolph,7783,670,33,332,79,44,488
54085,WV,Ritchie,2837,221,11,111,55,11,188
54087,WV,Roane,3755,268,11,128,11,22,172
54089,WV,Summers,3267,335,11,110,60,33,214
54091,WV,Taylor,3532,230,22,97,47,33,199
54093,WV,Tucker,1947,164,11,80,33,0,124
54095,WV,Tyler,1979,168,11,51,44,11,117
54097,WV,Upshur,6235,484,11,182,60,33,286
54099,WV,Wayne,10380,978,66,368,184,55,673
54101,WV,Webster,2418,245,33,128,44,0,205
54103,WV,Wetzel,4281,426,55,177,93,33,358
54105,WV,Wirt,1773,129,11,48,44,33,136
54107,WV,Wood,22784,1529,57,403,138,110,708
54109,WV,Wyoming,5379,654,44,320,232,22,618
55001,WI,Adams,4728,169,33,63,44,11,151
55003,WI,Ashland,4998,188,11,71,11,11,104
55005,WI,Barron,13615,606,33,141,77,55,306
55007,WI,Bayfield,5122,161,22,77,22,11,132
55009,WI,Brown,58286,1488,110,178,189,88,565
55011,WI,Buffalo,3939,130,11,55,44,33,143
55013,WI,Burnett,5769,220,0,49,44,22,115
55015,WI,Calumet,6518,205,11,81,77,33,202
55017,WI,Chippewa,16271,741,33,118,78,33,262
55019,WI,Clark,7980,409,55,151,132,44,382
55021,WI,Columbia,16867,565,33,135,110,66,344
55023,WI,Crawford,4589,143,0,99,33,33,165
55025,WI,Dane,105542,2702,176,416,394,209,1195
55027,WI,Dodge,21797,811,33,274,136,33,476
55029,WI,Door,11225,394,11,92,68,22,193
55031,WI,Douglas,11879,458,33,149,27,22,231
55033,WI,Dunn,10418,406,11,133,86,33,263
55035,WI,Eau Claire,22831,818,33,107,99,33,272
55037,WI,Florence,1624,61,11,23,11,11,56
55039,WI,Fond Du Lac,23836,896,44,233,109,55,441
55041,WI,Forest,2644,103,11,61,55,0,127
55043,WI,Grant,13258,504,44,239,66,44,393
55045,WI,Green,9789,274,22,97,68,44,231
55047,WI,Green Lake,6021,262,0,66,44,22,132
55049,WI,Iowa,5930,257,22,137,44,44,247
55051,WI,Iron,2193,110,0,55,22,0,77
55053,WI,Jackson,4725,156,11,65,44,22,142
55055,WI,Jefferson,18265,581,55,165,110,44,374
55057,WI,Juneau,7649,257,0,96,66,33,195
55059,WI,Kenosha,32743,1383,77,378,140,55,650
55061,WI,Kewaunee,5608,149,0,44,33,22,99
55063,WI,La Crosse,26586,757,33,213,67,44,357
55065,WI,Lafayette,3964,155,11,80,66,0,157
55067,WI,Langlade,6416,232,33,146,55,22,256
55069,WI,Lincoln,9625,325,22,95,49,11,177
55071,WI,Manitowoc,22401,644,44,183,125,55,407
55073,WI,Marathon,30282,968,77,346,172,77,672
55075,WI,Marinette,14831,533,22,189,71,33,315
55077,WI,Marquette,6077,221,22,55,55,22,154
55078,WI,Menominee,906,33,0,22,0,11,33
55079,WI,Milwaukee,165230,6049,382,1646,699,275,3002
55081,WI,Monroe,10512,355,11,137,33,22,203
55083,WI,Oconto,10262,286,44,99,99,11,253
55085,WI,Oneida,13825,471,22,150,100,33,305
55087,WI,Outagamie,44481,1345,77,366,191,66,700
55089,WI,Ozaukee,24870,663,22,159,95,55,331
55091,WI,Pepin,2370,81,0,33,22,0,55
55093,WI,Pierce,10989,303,11,88,55,33,187
55095,WI,Polk,13137,518,22,148,99,44,313
55097,WI,Portage,15905,481,22,172,85,33,312
55099,WI,Price,4907,182,0,81,55,0,136
55101,WI,Racine,48780,1946,110,581,222,88,1001
55103,WI,Richland,4355,142,11,49,22,11,93
55105,WI,Rock,37564,1400,45,287,120,66,518
55107,WI,Rusk,4321,194,22,98,44,11,175
55109,WI,Saint Croix,18451,513,33,118,92,33,276
55111,WI,Sauk,15888,518,22,172,115,55,364
55113,WI,Sawyer,6560,208,11,75,33,22,141
55115,WI,Shawano,10134,371,55,154,88,33,330
55117,WI,Sheboygan,29361,853,44,260,139,22,465
55119,WI,Taylor,4702,166,22,68,22,11,123
55121,WI,Trempealeau,8211,264,22,121,66,11,220
55123,WI,Vernon,8185,252,44,140,77,33,294
55125,WI,Vilas,8856,258,11,118,66,22,217
55127,WI,Walworth,25474,824,66,209,118,77,470
55129,WI,Washburn,7189,259,0,80,44,55,179
55131,WI,Washington,34656,1047,66,285,157,55,563
55133,WI,Waukesha,107155,2927,143,743,430,165,1481
55135,WI,Waupaca,16886,624,55,193,89,33,370
55137,WI,Waushara,7046,259,33,104,88,22,247
55139,WI,Winnebago,38008,1281,77,367,148,77,669
55141,WI,Wood,23850,904,66,292,165,66,589
56001,WY,Albany,6214,1177,11,357,82,22,472
56003,WY,Big Horn,3054,301,22,134,33,44,233
56005,WY,Campbell,8110,1035,11,161,59,22,253
56007,WY,Carbon,3285,480,22,217,44,11,294
56009,WY,Converse,3137,474,22,147,22,22,213
56011,WY,Crook,2164,199,0,83,22,11,116
56013,WY,Fremont,9613,1011,33,398,85,11,527
56015,WY,Goshen,3488,410,11,162,11,22,206
56017,WY,Hot Springs,1566,152,11,46,11,11,79
56019,WY,Johnson,2740,207,11,73,11,0,95
56021,WY,Laramie,22358,3151,55,1053,210,44,1362
56023,WY,Lincoln,4838,630,33,206,121,44,404
56025,WY,Natrona,17326,2493,44,654,123,44,865
56027,WY,Niobrara,669,93,0,44,0,0,44
56029,WY,Park,9316,691,22,223,36,11,292
56031,WY,Platte,2731,439,11,127,44,22,204
56033,WY,Sheridan,9008,697,22,261,28,11,322
56035,WY,Sublette,2150,314,0,98,44,11,153
56037,WY,Sweetwater,7827,1264,33,467,111,33,644
56039,WY,Teton,4529,289,0,77,33,11,121
56041,WY,Uinta,4433,789,22,245,83,22,372
56043,WY,Washakie,2210,150,0,55,22,11,88
56045,WY,Weston,1984,180,0,63,22,11,96
60050,AS,American Samoa,4815,28,11,11,11,11,44
66010,GU,Guam,21031,320,77,140,66,0,283
69100,MP,Rota Municipality,178,11,0,11,0,0,11
69110,MP,Saipan Municipality,3711,27,11,11,0,0,22
69120,MP,Tinian Municipality,180,11,0,0,0,0,0
72001,PR,Adjuntas,4523,232,11,30,26,11,78
72003,PR,Aguada,9644,410,15,29,52,23,119
72005,PR,Aguadilla,13357,655,30,52,67,22,171
72007,PR,Aguas Buenas,5743,289,11,31,27,11,80
72009,PR,Aibonito,6726,349,12,82,26,11,131
72011,PR,Anasco,6504,360,11,33,32,11,87
72013,PR,Arecibo,23040,1164,50,77,87,40,254
72015,PR,Arroyo,4340,234,12,31,36,11,90
72017,PR,Barceloneta,5573,310,14,22,14,11,61
72019,PR,Barranquitas,5933,303,11,81,31,13,136
72021,PR,Bayamon,44555,2575,58,155,282,45,540
72023,PR,Cabo Rojo,10650,597,22,59,77,31,189
72025,PR,Caguas,31289,1639,24,115,179,35,353
72027,PR,Camuy,7906,422,11,14,28,11,64
72029,PR,Canovanas,9829,480,15,42,39,11,107
72031,PR,Carolina,34897,1857,67,142,178,55,442
72033,PR,Catano,4523,251,11,17,29,11,68
72035,PR,Cayey,12265,638,17,98,55,11,181
72037,PR,Ceiba,2691,123,11,11,11,11,44
72039,PR,Ciales,4892,249,11,25,19,11,66
72041,PR,Cidra,9039,418,11,43,41,11,106
72043,PR,Coamo,8184,371,14,66,45,11,136
72045,PR,Comerio,3937,205,11,18,28,11,68
72047,PR,Corozal,7402,381,15,38,45,14,112
72049,PR,Culebra,347,13,0,0,0,0,0
72051,PR,Dorado,7400,426,11,33,53,11,108
72053,PR,Fajardo,7258,359,11,31,46,11,99
72054,PR,Florida,3945,205,11,23,22,11,67
72055,PR,Guanica,3759,205,11,28,32,22,93
72057,PR,Guayama,9102,481,17,62,66,11,156
72059,PR,Guayanilla,4529,262,11,27,28,11,77
72061,PR,Guaynabo,20254,985,33,85,117,33,268
72063,PR,Gurabo,8318,402,11,24,40,11,86
72065,PR,Hatillo,8204,385,13,25,26,11,75
72067,PR,Hormigueros,4496,259,11,21,41,14,87
72069,PR,Humacao,14086,683,27,37,79,22,165
72071,PR,Isabela,10047,597,16,18,44,18,96
72073,PR,Jayuya,3466,165,11,23,22,11,67
72075,PR,Juana Diaz,9145,507,16,82,61,11,170
72077,PR,Juncos,8424,407,13,24,37,11,85
72079,PR,Lajas,5581,301,13,21,38,11,83
72081,PR,Lares,6759,338,11,23,23,11,68
72083,PR,Las Marias,2146,129,11,12,11,11,45
72085,PR,Las Piedras,8390,399,12,23,33,11,79
72087,PR,Loiza,3709,131,11,11,11,11,44
72089,PR,Luquillo,4120,198,11,11,13,11,46
72091,PR,Manati,9830,584,13,49,52,13,127
72093,PR,Maricao,1195,50,11,11,11,11,44
72095,PR,Maunabo,3152,140,11,15,11,11,48
72097,PR,Mayaguez,18977,1085,38,108,125,27,298
72099,PR,Moca,8661,505,22,35,42,20,119
72101,PR,Morovis,6688,329,12,33,29,11,85
72103,PR,Naguabo,5261,255,13,13,23,11,60
72105,PR,Naranjito,6692,442,12,29,43,11,95
72107,PR,Orocovis,5171,256,11,42,30,11,94
72109,PR,Patillas,4946,263,11,34,37,11,93
72111,PR,Penuelas,4948,345,18,33,30,11,92
72113,PR,Ponce,34609,2193,82,247,292,83,704
72115,PR,Quebradillas,6482,290,11,11,21,11,54
72117,PR,Rincon,3830,224,11,22,36,11,80
72119,PR,Rio Grande,10294,529,27,30,51,13,121
72121,PR,Sabana Grande,5941,291,19,23,38,11,91
72123,PR,Salinas,6729,305,22,41,41,22,126
72125,PR,San German,7505,437,16,36,65,11,128
72127,PR,San Juan,76528,3694,180,308,450,128,1066
72129,PR,San Lorenzo,8819,514,16,21,41,11,89
72131,PR,San Sebastian,10892,625,17,40,62,21,140
72133,PR,Santa Isabel,4383,242,11,34,32,11,88
72135,PR,Toa Alta,13010,638,15,46,59,14,134
72137,PR,Toa Baja,17067,897,27,62,106,22,217
72139,PR,Trujillo Alto,11802,606,22,44,60,11,137
72141,PR,Utuado,6869,299,11,11,30,11,63
72143,PR,Vega Alta,7519,392,11,34,54,11,110
72145,PR,Vega Baja,12972,709,13,53,90,18,174
72147,PR,Vieques,1619,61,11,11,11,11,44
72149,PR,Villalba,5484,307,13,37,38,11,99
72151,PR,Yabucoa,9063,452,13,21,39,11,84
72153,PR,Yauco,9220,496,11,54,54,11,130
78010,VI,Saint Croix,10217,135,22,33,33,33,121
78020,VI,Saint John,961,11,0,0,11,0,11
78030,VI,Saint Thomas,10003,54,11,11,11,11,44
