{
 "type": "FeatureCollection",
 "features": [
  {
   "type": "Feature",
   "id": "vha_358",
   "geometry": {
    "type": "Point",
    "coordinates": [
     120.99139,
     14.54408
    ]
   },
   "properties": {
    "id": "vha_358",
    "name": "Manila VA Clinic",
    "facility_type": "va_health_facility",
    "classification": "Other Outpatient Services (OOS)",
    "zip5": "01302",
    "city": "Pasay City",
    "state": "PH",
    "visn": "21",
    "health_care_system": "VA Manila health care",
    "operating_status": "NORMAL",
    "operating_status_info": null,
    "county_fips": null,
    "county_source": null,
    "market": null
   }
  },
  {
   "type": "Feature",
   "id": "vha_402",
   "geometry": {
    "type": "Point",
    "coordinates": [
     -69.70422198,
     44.28015112
    ]
   },
   "properties": {
    "id": "vha_402",
    "name": "Togus VA Medical Center",
    "facility_type": "va_health_facility",
    "classification": "VA Medical Center (VAMC)",
    "zip5": "04330",
    "city": "Augusta",
    "state": "ME",
    "visn": "1",
    "health_care_system": "VA Maine health care",
    "operating_status": "NORMAL",
    "operating_status_info": null,
    "county_fips": null,
    "county_source": null,
    "market": null
   }
  },
  {
   "type": "Feature",
   "id": "vha_402GA",
   "geometry": {
    "type": "Point",
    "coordinates": [
     -68.01218022,
     46.69351674
    ]
   },
   "properties": {
    "id": "vha_402GA",
    "name": "Presque Isle VA Clinic",
    "facility_type": "va_health_facility",
    "classification": "Primary Care CBOC",
    "zip5": "04769",
    "city": "Presque Isle",
    "state": "ME",
    "visn": "1",
    "health_care_system": "VA Maine health care",
    "operating_status": "NORMAL",
    "operating_status_info": null,
    "county_fips": null,
    "county_source": null,
    "market": null
   }
  },
  {
   "type": "Feature",
   "id": "vha_402GB",
   "geometry": {
    "type": "Point",
    "coordinates": [
     -67.28073026,
     45.18945455
    ]
   },
   "properties": {
    "id": "vha_402GB",
    "name": "Calais VA Clinic",
    "facility_type": "va_health_facility",
    "classification": "Primary Care CBOC",
    "zip5": "04619",
    "city": "Calais",
    "state": "ME",
    "visn": "1",
    "health_care_system": "VA Maine health care",
    "operating_status": "NORMAL",
    "operating_status_info": null,
    "county_fips": null,
    "county_source": null,
    "market": null
   }
  },
  {
   "type": "Feature",
   "id": "vha_402GC",
   "geometry": {
    "type": "Point",
    "coordinates": [
     -70.54347928,
     44.54592751
    ]
   },
   "properties": {
    "id": "vha_402GC",
    "name": "Rumford VA Clinic",
    "facility_type": "va_health_facility",
    "classification": "Other Outpatient Services (OOS)",
    "zip5": "04276",
    "city": "Rumford",
    "state": "ME",
    "visn": "1",
    "health_care_system": "VA Maine health care",
    "operating_status": "NORMAL",
    "operating_status_info": null,
    "county_fips": null,
    "county_source": null,
    "market": null
   }
  },
  {
   "type": "Feature",
   "id": "vha_402GE",
   "geometry": {
    "type": "Point",
    "coordinates": [
     -70.19023411,
     44.07025478
    ]
   },
   "properties": {
    "id": "vha_402GE",
    "name": "Lewiston VA Clinic",
    "facility_type": "va_health_facility",
    "classification": "Multi-Specialty CBOC",
    "zip5": "04240",
    "city": "Lewiston",
    "state": "ME",
    "visn": "1",
    "health_care_system": "VA Maine health care",
    "operating_status": "NORMAL",
    "operating_status_info": null,
    "county_fips": null,
    "county_source": null,
    "market": null
   }
  },
  {
   "type": "Feature",
   "id": "vha_402GF",
   "geometry": {
    "type": "Point",
    "coordinates": [
     -68.54049377,
     45.35716924
    ]
   },
   "properties": {
    "id": "vha_402GF",
    "name": "Lincoln VA Clinic",
    "facility_type": "va_health_facility",
    "classification": "Other Outpatient Services (OOS)",
    "zip5": "04457",
    "city": "Lincoln",
    "state": "ME",
    "visn": "1",
    "health_care_system": "VA Maine health care",
    "operating_status": "NORMAL",
    "operating_status_info": null,
    "county_fips": null,
    "county_source": null,
    "market": null
   }
  },
  {
   "type": "Feature",
   "id": "vha_402HB",
   "geometry": {
    "type": "Point",
    "coordinates": [
     -68.74112085,
     44.81340143
    ]
   },
   "properties": {
    "id": "vha_402HB",
    "name": "Bangor VA Clinic",
    "facility_type": "va_health_facility",
    "classification": "Multi-Specialty CBOC",
    "zip5": "04401",
    "city": "Bangor",
    "state": "ME",
    "visn": "1",
    "health_care_system": "VA Maine health care",
    "operating_status": "NORMAL",
    "operating_status_info": null,
    "county_fips": null,
    "county_source": null,
    "market": null
   }
  },
  {
   "type": "Feature",
   "id": "vha_402HC",
   "geometry": {
    "type": "Point",
    "coordinates": [
     -70.26936354,
     43.64398058
    ]
   },
   "properties": {
    "id": "vha_402HC",
    "name": "Portland VA Clinic",
    "facility_type": "va_health_facility",
    "classification": "Multi-Specialty CBOC",
    "zip5": "04102",
    "city": "Portland",
    "state": "ME",
    "visn": "1",
    "health_care_system": "VA Maine health care",
    "operating_status": "NORMAL",
    "operating_status_info": null,
    "county_fips": null,
    "county_source": null,
    "market": null
   }
  },
  {
   "type": "Feature",
   "id": "vha_402QA",
   "geometry": {
    "type": "Point",
    "coordinates": [
     -68.59126288,
     47.26561322
    ]
   },
   "properties": {
    "id": "vha_402QA",
    "name": "Fort Kent VA Clinic",
    "facility_type": "va_health_facility",
    "classification": "Other Outpatient Services (OOS)",
    "zip5": "04743",
    "city": "Fort Kent",
    "state": "ME",
    "visn": "1",
    "health_care_system": "VA Maine health care",
    "operating_status": "NORMAL",
    "operating_status_info": null,
    "county_fips": null,
    "county_source": null,
    "market": null
   }
  },
  {
   "type": "Feature",
   "id": "vha_402QB",
   "geometry": {
    "type": "Point",
    "coordinates": [
     -67.84254698,
     46.13316994
    ]
   },
   "properties": {
    "id": "vha_402QB",
    "name": "Houlton VA Clinic",
    "facility_type": "va_health_facility",
    "classification": "Other Outpatient Services (OOS)",
    "zip5": "04730",
    "city": "Houlton",
    "state": "ME",
    "visn": "1",
    "health_care_system": "VA Maine health care",
    "operating_status": "NORMAL",
    "operating_status_info": null,
    "county_fips": null,
    "county_source": null,
    "market": null
   }
  },
  {
   "type": "Feature",
   "id": "vha_405",
   "geometry": {
    "type": "Point",
    "coordinates": [
     -72.34237298,
     43.64790103
    ]
   },
   "properties": {
    "id": "vha_405",
    "name": "White River Junction VA Medical Center",
    "facility_type": "va_health_facility",
    "classification": "VA Medical Center (VAMC)",
    "zip5": "05001",
    "city": "White River Junction",
    "state": "VT",
    "visn": "1",
    "health_care_system": "VA White River Junction health care",
    "operating_status": "NORMAL",
    "operating_status_info": null,
    "county_fips": null,
    "county_source": null,
    "market": null
   }
  },
  {
   "type": "Feature",
   "id": "vha_405GA",
   "geometry": {
    "type": "Point",
    "coordinates": [
     -73.19706542,
     42.88040153
    ]
   },
   "properties": {
    "id": "vha_405GA",
    "name": "Bennington VA Clinic",
    "facility_type": "va_health_facility",
    "classification": "Primary Care CBOC",
    "zip5": "05201",
    "city": "Bennington",
    "state": "VT",
    "visn": "1",
    "health_care_system": "VA White River Junction health care",
    "operating_status": "NORMAL",
    "operating_status_info": null,
    "county_fips": null,
    "county_source": null,
    "market": null
   }
  },
  {
   "type": "Feature",
   "id": "vha_405GC",
   "geometry": {
    "type": "Point",
    "coordinates": [
     -72.56765629,
     42.83032368
    ]
   },
   "properties": {
    "id": "vha_405GC",
    "name": "Brattleboro VA Clinic",
    "facility_type": "va_health_facility",
    "classification": "Primary Care CBOC",
    "zip5": "05301",
    "city": "Brattleboro",
    "state": "VT",
    "visn": "1",
    "health_care_system": "VA White River Junction health care",
    "operating_status": "NORMAL",
    "operating_status_info": null,
    "county_fips": null,
    "county_source": null,
    "market": null
   }
  },
  {
   "type": "Feature",
   "id": "vha_405HA",
   "geometry": {
    "type": "Point",
    "coordinates": [
     -73.21752,
     44.46153
    ]
   },
   "properties": {
    "id": "vha_405HA",
    "name": "Burlington Lakeside VA Clinic",
    "facility_type": "va_health_facility",
    "classification": "Multi-Specialty CBOC",
    "zip5": "05401",
    "city": "Burlington",
    "state": "VT",
    "visn": "1",
    "health_care_system": "VA White River Junction health care",
    "operating_status": "NORMAL",
    "operating_status_info": null,
    "county_fips": null,
    "county_source": null,
    "market": null
   }
  },
  {
   "type": "Feature",
   "id": "vha_405HC",
   "geometry": {
    "type": "Point",
    "coordinates": [
     -71.76870552,
     44.2990238
    ]
   },
   "properties": {
    "id": "vha_405HC",
    "name": "Littleton VA Clinic",
    "facility_type": "va_health_facility",
    "classification": "Multi-Specialty CBOC",
    "zip5": "03561",
    "city": "Littleton",
    "state": "NH",
    "visn": "1",
    "health_care_system": "VA White River Junction health care",
    "operating_status": "NORMAL",
    "operating_status_info": null,
    "county_fips": null,
    "county_source": null,
    "market": null
   }
  },
  {
   "type": "Feature",
   "id": "vha_405HE",
   "geometry": {
    "type": "Point",
    "coordinates": [
     -72.24983736,
     42.91532514
    ]
   },
   "properties": {
    "id": "vha_405HE",
    "name": "Keene VA Clinic",
    "facility_type": "va_health_facility",
    "classification": "Primary Care CBOC",
    "zip5": "03431",
    "city": "Keene",
    "state": "NH",
    "visn": "1",
    "health_care_system": "VA White River Junction health care",
    "operating_status": "NORMAL",
    "operating_status_info": null,
    "county_fips": null,
    "county_source": null,
    "market": null
   }
  },
  {
   "type": "Feature",
   "id": "vha_405HF",
   "geometry": {
    "type": "Point",
    "coordinates": [
     -72.98562437,
     43.60711681
    ]
   },
   "properties": {
    "id": "vha_405HF",
    "name": "Rutland VA Clinic",
    "facility_type": "va_health_facility",
    "classification": "Primary Care CBOC",
    "zip5": "05701",
    "city": "Rutland",
    "state": "VT",
    "visn": "1",
    "health_care_system": "VA White River Junction health care",
    "operating_status": "NORMAL",
    "operating_status_info": null,
    "county_fips": null,
    "county_source": null,
    "market": null
   }
  },
  {
   "type": "Feature",
   "id": "vha_405QB",
   "geometry": {
    "type": "Point",
    "coordinates": [
     -72.18091902,
     44.93220871
    ]
   },
   "properties": {
    "id": "vha_405QB",
    "name": "Newport VA Clinic",
    "facility_type": "va_health_facility",
    "classification": "Other Outpatient Services (OOS)",
    "zip5": "05855",
    "city": "Newport",
    "state": "VT",
    "visn": "1",
    "health_care_system": "VA White River Junction health care",
    "operating_status": "NORMAL",
    "operating_status_info": null,
    "county_fips": null,
    "county_source": null,
    "market": null
   }
  },
  {
   "type": "Feature",
   "id": "vha_436",
   "geometry": {
    "type": "Point",
    "coordinates": [
     -112.10185031,
     46.61764177
    ]
   },
   "properties": {
    "id": "vha_436",
    "name": "Fort Harrison VA Medical Center",
    "facility_type": "va_health_facility",
    "classification": "VA Medical Center (VAMC)",
    "zip5": "59636",
    "city": "Fort Harrison",
    "state": "MT",
    "visn": "19",
    "health_care_system": "VA Montana health care",
    "operating_status": "NORMAL",
    "operating_status_info": null,
    "county_fips": null,
    "county_source": null,
    "market": null
   }
  },
  {
   "type": "Feature",
   "id": "vha_436A4",
   "geometry": {
    "type": "Point",
    "coordinates": [
     -105.83049169,
     46.40603425
    ]
   },
   "properties": {
    "id": "vha_436A4",
    "name": "Miles City VA Community Living Center",
    "facility_type": "va_health_facility",
    "classification": "Extended Care Site (Community Living Center) (Stand-Alone)",
    "zip5": "59301",
    "city": "Miles City",
    "state": "MT",
    "visn": "19",
    "health_care_system": "VA Montana health care",
    "operating_status": "NORMAL",
    "operating_status_info": null,
    "county_fips": null,
    "county_source": null,
    "market": null
   }
  },
  {
   "type": "Feature",
   "id": "vha_436GB",
   "geometry": {
    "type": "Point",
    "coordinates": [
     -111.25737168,
     47.49046166
    ]
   },
   "properties": {
    "id": "vha_436GB",
    "name": "Great Falls VA Clinic",
    "facility_type": "va_health_facility",
    "classification": "Multi-Specialty CBOC",
    "zip5": "59405",
    "city": "Great Falls",
    "state": "MT",
    "visn": "19",
    "health_care_system": "VA Montana health care",
    "operating_status": "NORMAL",
    "operating_status_info": null,
    "county_fips": null,
    "county_source": null,
    "market": null
   }
  },
  {
   "type": "Feature",
   "id": "vha_436GC",
   "geometry": {
    "type": "Point",
    "coordinates": [
     -114.05860706,
     46.9087426
    ]
   },
   "properties": {
    "id": "vha_436GC",
    "name": "David J. Thatcher VA Clinic",
    "facility_type": "va_health_facility",
    "classification": "Multi-Specialty CBOC",
    "zip5": "59808",
    "city": "Missoula",
    "state": "MT",
    "visn": "19",
    "health_care_system": "VA Montana health care",
    "operating_status": "NORMAL",
    "operating_status_info": null,
    "county_fips": null,
    "county_source": null,
    "market": null
   }
  },
  {
   "type": "Feature",
   "id": "vha_436GD",
   "geometry": {
    "type": "Point",
    "coordinates": [
     -111.02036382,
     45.67909751
    ]
   },
   "properties": {
    "id": "vha_436GD",
    "name": "Travis W. Atkins Department of Veterans Affairs Clinic",
    "facility_type": "va_health_facility",
    "classification": "Multi-Specialty CBOC",
    "zip5": "59715",
    "city": "Bozeman",
    "state": "MT",
    "visn": "19",
    "health_care_system": "VA Montana health care",
    "operating_status": "NORMAL",
    "operating_status_info": null,
    "county_fips": null,
    "county_source": null,
    "market": null
   }
  },
  {
   "type": "Feature",
   "id": "vha_436GF",
   "geometry": {
    "type": "Point",
    "coordinates": [
     -114.34108232,
     48.24038017
    ]
   },
   "properties": {
    "id": "vha_436GF",
    "name": "Kalispell VA Clinic",
    "facility_type": "va_health_facility",
    "classification": "Multi-Specialty CBOC",
    "zip5": "59901",
    "city": "Kalispell",
    "state": "MT",
    "visn": "19",
    "health_care_system": "VA Montana health care",
    "operating_status": "NORMAL",
    "operating_status_info": null,
    "county_fips": null,
    "county_source": null,
    "market": null
   }
  },
  {
   "type": "Feature",
   "id": "vha_436GH",
   "geometry": {
    "type": "Point",
    "coordinates": [
     -108.60357892,
     45.73690147
    ]
   },
   "properties": {
    "id": "vha_436GH",
    "name": "Benjamin Charles Steele VA Clinic",
    "facility_type": "va_health_facility",
    "classification": "Health Care Center (HCC)",
    "zip5": "59102",
    "city": "Billings",
    "state": "MT",
    "visn": "19",
    "health_care_system": "VA Montana health care",
    "operating_status": "NORMAL",
    "operating_status_info": null,
    "county_fips": null,
    "county_source": null,
    "market": null
   }
  },
  {
   "type": "Feature",
   "id": "vha_436GI",
   "geometry": {
    "type": "Point",
    "coordinates": [
     -106.63914282,
     48.19486283
    ]
   },
   "properties": {
    "id": "vha_436GI",
    "name": "Glasgow VA Clinic",
    "facility_type": "va_health_facility",
    "classification": "Other Outpatient Services (OOS)",
    "zip5": "59230",
    "city": "Glasgow",
    "state": "MT",
    "visn": "19",
    "health_care_system": "VA Montana health care",
    "operating_status": "NORMAL",
    "operating_status_info": null,
    "county_fips": null,
    "county_source": null,
    "market": null
   }
  },
  {
   "type": "Feature",
   "id": "vha_436GK",
   "geometry": {
    "type": "Point",
    "coordinates": [
     -104.6892798,
     47.12718984
    ]
   },
   "properties": {
    "id": "vha_436GK",
    "name": "Glendive VA Clinic",
    "facility_type": "va_health_facility",
    "classification": "Other Outpatient Services (OOS)",
    "zip5": "59330",
    "city": "Glendive",
    "state": "MT",
    "visn": "19",
    "health_care_system": "VA Montana health care",
    "operating_status": "NORMAL",
    "operating_status_info": null,
    "county_fips": null,
    "county_source": null,
    "market": null
   }
  },
  {
   "type": "Feature",
   "id": "vha_436GL",
   "geometry": {
    "type": "Point",
    "coordinates": [
     -112.33027799,
     48.63472034
    ]
   },
   "properties": {
    "id": "vha_436GL",
    "name": "Cut Bank VA Clinic",
    "facility_type": "va_health_facility",
    "classification": "Other Outpatient Services (OOS)",
    "zip5": "59427",
    "city": "Cut Bank",
    "state": "MT",
    "visn": "19",
    "health_care_system": "VA Montana health care",
    "operating_status": "NORMAL",
    "operating_status_info": null,
    "county_fips": null,
    "county_source": null,
    "market": null
   }
  },
  {
   "type": "Feature",
   "id": "vha_436GM",
   "geometry": {
    "type": "Point",
    "coordinates": [
     -109.40856286,
     47.07012248
    ]
   },
   "properties": {
    "id": "vha_436GM",
    "name": "Lewistown VA Clinic",
    "facility_type": "va_health_facility",
    "classification": "Other Outpatient Services (OOS)",
    "zip5": "59457",
    "city": "Lewistown",
    "state": "MT",
    "visn": "19",
    "health_care_system": "VA Montana health care",
    "operating_status": "NORMAL",
    "operating_status_info": null,
    "county_fips": null,
    "county_source": null,
    "market": null
   }
  },
  {
   "type": "Feature",
   "id": "vha_436GN",
   "geometry": {
    "type": "Point",
    "coordinates": [
     -108.60616584,
     45.73739956
    ]
   },
   "properties": {
    "id": "vha_436GN",
    "name": "Dr. Joseph Medicine Crow VA Clinic",
    "facility_type": "va_health_facility",
    "classification": "Other Outpatient Services (OOS)",
    "zip5": "59102",
    "city": "Billings",
    "state": "MT",
    "visn": "19",
    "health_care_system": "VA Montana health care",
    "operating_status": "NORMAL",
    "operating_status_info": null,
    "county_fips": null,
    "county_source": null,
    "market": null
   }
  },
  {
   "type": "Feature",
   "id": "vha_436GO",
   "geometry": {
    "type": "Point",
    "coordinates": [
     -112.47622669,
     45.96202922
    ]
   },
   "properties": {
    "id": "vha_436GO",
    "name": "Charlie Dowd VA Clinic",
    "facility_type": "va_health_facility",
    "classification": "Primary Care CBOC",
    "zip5": "59701",
    "city": "Butte",
    "state": "MT",
    "visn": "19",
    "health_care_system": "VA Montana health care",
    "operating_status": "NOTICE",
    "operating_status_info": "***ALERT***The Montana VA has been updating the service hours at all of our facilities across the state. \r\n\r\nClinic hours will change or have changed to 8 a.m. to 4:30 p.m. \r\n\r\nWe are working to update all posted hours at each facility as they are upgraded.",
    "county_fips": null,
    "county_source": null,
    "market": null
   }
  },
  {
   "type": "Feature",
   "id": "vha_436HC",
   "geometry": {
    "type": "Point",
    "coordinates": [
     -109.71246614,
     48.55688507
    ]
   },
   "properties": {
    "id": "vha_436HC",
    "name": "Merril Lundman Department of Veterans Affairs Outpatient Clinic",
    "facility_type": "va_health_facility",
    "classification": "Other Outpatient Services (OOS)",
    "zip5": "59501",
    "city": "Havre",
    "state": "MT",
    "visn": "19",
    "health_care_system": "VA Montana health care",
    "operating_status": "NORMAL",
    "operating_status_info": null,
    "county_fips": null,
    "county_source": null,
    "market": null
   }
  },
  {
   "type": "Feature",
   "id": "vha_436QA",
   "geometry": {
    "type": "Point",
    "coordinates": [
     -114.15714864,
     46.26436616
    ]
   },
   "properties": {
    "id": "vha_436QA",
    "name": "Hamilton VA Clinic",
    "facility_type": "va_health_facility",
    "classification": "Other Outpatient Services (OOS)",
    "zip5": "59840",
    "city": "Hamilton",
    "state": "MT",
    "visn": "19",
    "health_care_system": "VA Montana health care",
    "operating_status": "NORMAL",
    "operating_status_info": null,
    "county_fips": null,
    "county_source": null,
    "market": null
   }
  },
  {
   "type": "Feature",
   "id": "vha_436QB",
   "geometry": {
    "type": "Point",
    "coordinates": [
     -104.56325156,
     48.7787115
    ]
   },
   "properties": {
    "id": "vha_436QB",
    "name": "Plentywood VA Clinic",
    "facility_type": "va_health_facility",
    "classification": "Other Outpatient Services (OOS)",
    "zip5": "59254",
    "city": "Plentywood",
    "state": "MT",
    "visn": "19",
    "health_care_system": "VA Montana health care",
    "operating_status": "NORMAL",
    "operating_status_info": null,
    "county_fips": null,
    "county_source": null,
    "market": null
   }
  },
  {
   "type": "Feature",
   "id": "vha_436QC",
   "geometry": {
    "type": "Point",
    "coordinates": [
     -111.97147889,
     46.56974275
    ]
   },
   "properties": {
    "id": "vha_436QC",
    "name": "Helena VA Clinic",
    "facility_type": "va_health_facility",
    "classification": "Other Outpatient Services (OOS)",
    "zip5": "59601",
    "city": "Helena",
    "state": "MT",
    "visn": "19",
    "health_care_system": "VA Montana health care",
    "operating_status": "NORMAL",
    "operating_status_info": null,
    "county_fips": null,
    "county_source": null,
    "market": null
   }
  },
  {
   "type": "Feature",
   "id": "vha_436QD",
   "geometry": {
    "type": "Point",
    "coordinates": [
     -113.02619154,
     48.57235992
    ]
   },
   "properties": {
    "id": "vha_436QD",
    "name": "Browning VA Clinic",
    "facility_type": "va_health_facility",
    "classification": "Other Outpatient Services (OOS)",
    "zip5": "59417",
    "city": "Browning",
    "state": "MT",
    "visn": "19",
    "health_care_system": "VA Montana health care",
    "operating_status": "LIMITED",
    "operating_status_info": "Currently, the Browning VA Clinic is open Tuesdays and Wednesdays from 8 a.m. to 4:30 p.m.",
    "county_fips": null,
    "county_source": null,
    "market": null
   }
  },
  {
   "type": "Feature",
   "id": "vha_436QE",
   "geometry": {
    "type": "Point",
    "coordinates": [
     -105.82258015,
     46.40498975
    ]
   },
   "properties": {
    "id": "vha_436QE",
    "name": "Miles City VA Clinic",
    "facility_type": "va_health_facility",
    "classification": "Other Outpatient Services (OOS)",
    "zip5": "59301",
    "city": "Miles City",
    "state": "MT",
    "visn": "19",
    "health_care_system": "VA Montana health care",
    "operating_status": "NORMAL",
    "operating_status_info": null,
    "county_fips": null,
    "county_source": null,
    "market": null
   }
  },
  {
   "type": "Feature",
   "id": "vha_436QF",
   "geometry": {
    "type": "Point",
    "coordinates": [
     -108.60377685,
     45.73673307
    ]
   },
   "properties": {
    "id": "vha_436QF",
    "name": "Montana VA Mobile Medical Unit",
    "facility_type": "va_health_facility",
    "classification": "Other Outpatient Services (OOS)",
    "zip5": "59102",
    "city": "Billings",
    "state": "MT",
    "visn": "19",
    "health_care_system": "VA Montana health care",
    "operating_status": "NORMAL",
    "operating_status_info": null,
    "county_fips": null,
    "county_source": null,
    "market": null
   }
  },
  {
   "type": "Feature",
   "id": "vha_437",
   "geometry": {
    "type": "Point",
    "coordinates": [
     -96.775038,
     46.906092
    ]
   },
   "properties": {
    "id": "vha_437",
    "name": "Fargo VA Medical Center",
    "facility_type": "va_health_facility",
    "classification": "VA Medical Center (VAMC)",
    "zip5": "58102",
    "city": "Fargo",
    "state": "ND",
    "visn": "23",
    "health_care_system": "VA Fargo health care",
    "operating_status": "NORMAL",
    "operating_status_info": null,
    "county_fips": null,
    "county_source": null,
    "market": null
   }
  },
  {
   "type": "Feature",
   "id": "vha_437GA",
   "geometry": {
    "type": "Point",
    "coordinates": [
     -97.42072496,
     48.41349844
    ]
   },
   "properties": {
    "id": "vha_437GA",
    "name": "Grafton VA Clinic",
    "facility_type": "va_health_facility",
    "classification": "Other Outpatient Services (OOS)",
    "zip5": "58237",
    "city": "Grafton",
    "state": "ND",
    "visn": "23",
    "health_care_system": "VA Fargo health care",
    "operating_status": "NORMAL",
    "operating_status_info": null,
    "county_fips": null,
    "county_source": null,
    "market": null
   }
  },
  {
   "type": "Feature",
   "id": "vha_437GB",
   "geometry": {
    "type": "Point",
    "coordinates": [
     -100.776357,
     46.835343
    ]
   },
   "properties": {
    "id": "vha_437GB",
    "name": "Bismarck VA Clinic",
    "facility_type": "va_health_facility",
    "classification": "Primary Care CBOC",
    "zip5": "58503",
    "city": "Bismarck",
    "state": "ND",
    "visn": "23",
    "health_care_system": "VA Fargo health care",
    "operating_status": "NORMAL",
    "operating_status_info": null,
    "county_fips": null,
    "county_source": null,
    "market": null
   }
  },
  {
   "type": "Feature",
   "id": "vha_437GC",
   "geometry": {
    "type": "Point",
    "coordinates": [
     -96.09661034,
     46.28178534
    ]
   },
   "properties": {
    "id": "vha_437GC",
    "name": "Fergus Falls VA Clinic",
    "facility_type": "va_health_facility",
    "classification": "Other Outpatient Services (OOS)",
    "zip5": "56537",
    "city": "Fergus Falls",
    "state": "MN",
    "visn": "23",
    "health_care_system": "VA Fargo health care",
    "operating_status": "NORMAL",
    "operating_status_info": null,
    "county_fips": null,
    "county_source": null,
    "market": null
   }
  },
  {
   "type": "Feature",
   "id": "vha_437GD",
   "geometry": {
    "type": "Point",
    "coordinates": [
     -101.2961778,
     48.1991793
    ]
   },
   "properties": {
    "id": "vha_437GD",
    "name": "Minot VA Clinic",
    "facility_type": "va_health_facility",
    "classification": "Primary Care CBOC",
    "zip5": "58701",
    "city": "Minot",
    "state": "ND",
    "visn": "23",
    "health_care_system": "VA Fargo health care",
    "operating_status": "NORMAL",
    "operating_status_info": null,
    "county_fips": null,
    "county_source": null,
    "market": null
   }
  },
  {
   "type": "Feature",
   "id": "vha_437GE",
   "geometry": {
    "type": "Point",
    "coordinates": [
     -94.896333,
     47.50505751
    ]
   },
   "properties": {
    "id": "vha_437GE",
    "name": "Bemidji VA Clinic",
    "facility_type": "va_health_facility",
    "classification": "Primary Care CBOC",
    "zip5": "56601",
    "city": "Bemidji",
    "state": "MN",
    "visn": "23",
    "health_care_system": "VA Fargo health care",
    "operating_status": "NORMAL",
    "operating_status_info": null,
    "county_fips": null,
    "county_source": null,
    "market": null
   }
  },
  {
   "type": "Feature",
   "id": "vha_437GF",
   "geometry": {
    "type": "Point",
    "coordinates": [
     -103.67006554,
     48.16985584
    ]
   },
   "properties": {
    "id": "vha_437GF",
    "name": "Williston VA Clinic",
    "facility_type": "va_health_facility",
    "classification": "Other Outpatient Services (OOS)",
    "zip5": "58801",
    "city": "Williston",
    "state": "ND",
    "visn": "23",
    "health_care_system": "VA Fargo health care",
    "operating_status": "NORMAL",
    "operating_status_info": null,
    "county_fips": null,
    "county_source": null,
    "market": null
   }
  },
  {
   "type": "Feature",
   "id": "vha_437GI",
   "geometry": {
    "type": "Point",
    "coordinates": [
     -97.04772945,
     47.89595788
    ]
   },
   "properties": {
    "id": "vha_437GI",
    "name": "Grand Forks VA Clinic",
    "facility_type": "va_health_facility",
    "classification": "Primary Care CBOC",
    "zip5": "58201",
    "city": "Grand Forks",
    "state": "ND",
    "visn": "23",
    "health_care_system": "VA Fargo health care",
    "operating_status": "NORMAL",
    "operating_status_info": null,
    "county_fips": null,
    "county_source": null,
    "market": null
   }
  },
  {
   "type": "Feature",
   "id": "vha_437GJ",
   "geometry": {
    "type": "Point",
    "coordinates": [
     -102.83498089,
     46.89458586
    ]
   },
   "properties": {
    "id": "vha_437GJ",
    "name": "Dickinson VA Clinic",
    "facility_type": "va_health_facility",
    "classification": "Primary Care CBOC",
    "zip5": "58601",
    "city": "Dickinson",
    "state": "ND",
    "visn": "23",
    "health_care_system": "VA Fargo health care",
    "operating_status": "NORMAL",
    "operating_status_info": null,
    "county_fips": null,
    "county_source": null,
    "market": null
   }
  },
  {
   "type": "Feature",
   "id": "vha_437GK",
   "geometry": {
    "type": "Point",
    "coordinates": [
     -98.74955431,
     46.88806539
    ]
   },
   "properties": {
    "id": "vha_437GK",
    "name": "Jamestown VA Clinic",
    "facility_type": "va_health_facility",
    "classification": "Primary Care CBOC",
    "zip5": "58401",
    "city": "Jamestown",
    "state": "ND",
    "visn": "23",
    "health_care_system": "VA Fargo health care",
    "operating_status": "NORMAL",
    "operating_status_info": null,
    "county_fips": null,
    "county_source": null,
    "market": null
   }
  },
  {
   "type": "Feature",
   "id": "vha_437GL",
   "geometry": {
    "type": "Point",
    "coordinates": [
     -98.85028199,
     48.1148749
    ]
   },
   "properties": {
    "id": "vha_437GL",
    "name": "Devils Lake VA Clinic",
    "facility_type": "va_health_facility",
    "classification": "Other Outpatient Services (OOS)",
    "zip5": "58301",
    "city": "Devils Lake",
    "state": "ND",
    "visn": "23",
    "health_care_system": "VA Fargo health care",
    "operating_status": "NORMAL",
    "operating_status_info": null,
    "county_fips": null,
    "county_source": null,
    "market": null
   }
  },
  {
   "type": "Feature",
   "id": "vha_437QA",
   "geometry": {
    "type": "Point",
    "coordinates": [
     -96.792354,
     46.877562
    ]
   },
   "properties": {
    "id": "vha_437QA",
    "name": "North Fargo VA Clinic",
    "facility_type": "va_health_facility",
    "classification": "Primary Care CBOC",
    "zip5": "58102",
    "city": "Fargo",
    "state": "ND",
    "visn": "23",
    "health_care_system": "VA Fargo health care",
    "operating_status": "NORMAL",
    "operating_status_info": null,
    "county_fips": null,
    "county_source": null,
    "market": null
   }
  },
  {
   "type": "Feature",
   "id": "vha_438",
   "geometry": {
    "type": "Point",
    "coordinates": [
     -96.757623,
     43.531236
    ]
   },
   "properties": {
    "id": "vha_438",
    "name": "Royal C. Johnson Veterans' Memorial Hospital",
    "facility_type": "va_health_facility",
    "classification": "VA Medical Center (VAMC)",
    "zip5": "57105",
    "city": "Sioux Falls",
    "state": "SD",
    "visn": "23",
    "health_care_system": "VA Sioux Falls health care",
    "operating_status": "NORMAL",
    "operating_status_info": null,
    "county_fips": null,
    "county_source": null,
    "market": null
   }
  },
  {
   "type": "Feature",
   "id": "vha_438GA",
   "geometry": {
    "type": "Point",
    "coordinates": [
     -95.118839,
     43.422528
    ]
   },
   "properties": {
    "id": "vha_438GA",
    "name": "Spirit Lake VA Clinic",
    "facility_type": "va_health_facility",
    "classification": "Multi-Specialty CBOC",
    "zip5": "51360",
    "city": "Spirit Lake",
    "state": "IA",
    "visn": "23",
    "health_care_system": "VA Sioux Falls health care",
    "operating_status": "NORMAL",
    "operating_status_info": null,
    "county_fips": null,
    "county_source": null,
    "market": null
   }
  },
  {
   "type": "Feature",
   "id": "vha_438GC",
   "geometry": {
    "type": "Point",
    "coordinates": [
     -96.50015849,
     42.50511713
    ]
   },
   "properties": {
    "id": "vha_438GC",
    "name": "Sioux City VA Clinic",
    "facility_type": "va_health_facility",
    "classification": "Multi-Specialty CBOC",
    "zip5": "57049",
    "city": "Dakota Dunes",
    "state": "SD",
    "visn": "23",
    "health_care_system": "VA Sioux Falls health care",
    "operating_status": "NORMAL",
    "operating_status_info": null,
    "county_fips": null,
    "county_source": null,
    "market": null
   }
  },
  {
   "type": "Feature",
   "id": "vha_438GD",
   "geometry": {
    "type": "Point",
    "coordinates": [
     -98.44104793,
     45.45519877
    ]
   },
   "properties": {
    "id": "vha_438GD",
    "name": "Aberdeen VA Clinic",
    "facility_type": "va_health_facility",
    "classification": "Primary Care CBOC",
    "zip5": "57401",
    "city": "Aberdeen",
    "state": "SD",
    "visn": "23",
    "health_care_system": "VA Sioux Falls health care",
    "operating_status": "NORMAL",
    "operating_status_info": null,
    "county_fips": null,
    "county_source": null,
    "market": null
   }
  },
  {
   "type": "Feature",
   "id": "vha_438GE",
   "geometry": {
    "type": "Point",
    "coordinates": [
     -98.2988536,
     43.08175598
    ]
   },
   "properties": {
    "id": "vha_438GE",
    "name": "Wagner VA Clinic",
    "facility_type": "va_health_facility",
    "classification": "Other Outpatient Services (OOS)",
    "zip5": "57380",
    "city": "Wagner",
    "state": "SD",
    "visn": "23",
    "health_care_system": "VA Sioux Falls health care",
    "operating_status": "NORMAL",
    "operating_status_info": null,
    "county_fips": null,
    "county_source": null,
    "market": null
   }
  },
  {
   "type": "Feature",
   "id": "vha_438GF",
   "geometry": {
    "type": "Point",
    "coordinates": [
     -97.08619365,
     44.89483836
    ]
   },
   "properties": {
    "id": "vha_438GF",
    "name": "Watertown VA Clinic",
    "facility_type": "va_health_facility",
    "classification": "Multi-Specialty CBOC",
    "zip5": "57201",
    "city": "Watertown",
    "state": "SD",
    "visn": "23",
    "health_care_system": "VA Sioux Falls health care",
    "operating_status": "NORMAL",
    "operating_status_info": null,
    "county_fips": null,
    "county_source": null,
    "market": null
   }
  },
  {
   "type": "Feature",
   "id": "vha_442",
   "geometry": {
    "type": "Point",
    "coordinates": [
     -104.7862575,
     41.148027
    ]
   },
   "properties": {
    "id": "vha_442",
    "name": "Cheyenne VA Medical Center",
    "facility_type": "va_health_facility",
    "classification": "VA Medical Center (VAMC)",
    "zip5": "82001",
    "city": "Cheyenne",
    "state": "WY",
    "visn": "19",
    "health_care_system": "VA Cheyenne health care",
    "operating_status": "NOTICE",
    "operating_status_info": "The Cheyenne VA HCS is building a new Emergency Room. New parking has been added for our Veterans during the construction period. Please plan on arriving at your appointment earlier to avoid delays. This project will take 2 years to complete.  We apologize for the inconvenience this may cause.",
    "county_fips": null,
    "county_source": null,
    "market": null
   }
  },
  {
   "type": "Feature",
   "id": "vha_442GB",
   "geometry": {
    "type": "Point",
    "coordinates": [
     -102.97668841,
     41.14246447
    ]
   },
   "properties": {
    "id": "vha_442GB",
    "name": "Sidney VA Clinic",
    "facility_type": "va_health_facility",
    "classification": "Other Outpatient Services (OOS)",
    "zip5": "69162",
    "city": "Sidney",
    "state": "NE",
    "visn": "19",
    "health_care_system": "VA Cheyenne health care",
    "operating_status": "NORMAL",
    "operating_status_info": null,
    "county_fips": null,
    "county_source": null,
    "market": null
   }
  },
  {
   "type": "Feature",
   "id": "vha_442GC",
   "geometry": {
    "type": "Point",
    "coordinates": [
     -105.087951,
     40.553874
    ]
   },
   "properties": {
    "id": "vha_442GC",
    "name": "Fort Collins VA Clinic",
    "facility_type": "va_health_facility",
    "classification": "Primary Care CBOC",
    "zip5": "80526",
    "city": "Fort Collins",
    "state": "CO",
    "visn": "19",
    "health_care_system": "VA Cheyenne health care",
    "operating_status": "NORMAL",
    "operating_status_info": null,
    "county_fips": null,
    "county_source": null,
    "market": null
   }
  },
  {
   "type": "Feature",
   "id": "vha_442GD",
   "geometry": {
    "type": "Point",
    "coordinates": [
     -105.00381796,
     40.41264886
    ]
   },
   "properties": {
    "id": "vha_442GD",
    "name": "Loveland VA Clinic",
    "facility_type": "va_health_facility",
    "classification": "Other Outpatient Services (OOS)",
    "zip5": "80538",
    "city": "Loveland",
    "state": "CO",
    "visn": "19",
    "health_care_system": "VA Cheyenne health care",
    "operating_status": "NORMAL",
    "operating_status_info": null,
    "county_fips": null,
    "county_source": null,
    "market": null
   }
  },
  {
   "type": "Feature",
   "id": "vha_442GE",
   "geometry": {
    "type": "Point",
    "coordinates": [
     -104.99592547,
     40.44221848
    ]
   },
   "properties": {
    "id": "vha_442GE",
    "name": "Northern Colorado VA Clinic",
    "facility_type": "va_health_facility",
    "classification": "Multi-Specialty CBOC",
    "zip5": "80538",
    "city": "Loveland",
    "state": "CO",
    "visn": "19",
    "health_care_system": "VA Cheyenne health care",
    "operating_status": "NORMAL",
    "operating_status_info": null,
    "county_fips": null,
    "county_source": null,
    "market": null
   }
  },
  {
   "type": "Feature",
   "id": "vha_442QA",
   "geometry": {
    "type": "Point",
    "coordinates": [
     -107.21781692,
     41.79619439
    ]
   },
   "properties": {
    "id": "vha_442QA",
    "name": "Rawlins VA Clinic",
    "facility_type": "va_health_facility",
    "classification": "Other Outpatient Services (OOS)",
    "zip5": "82301",
    "city": "Rawlins",
    "state": "WY",
    "visn": "19",
    "health_care_system": "VA Cheyenne health care",
    "operating_status": "NORMAL",
    "operating_status_info": null,
    "county_fips": null,
    "county_source": null,
    "market": null
   }
  },
  {
   "type": "Feature",
   "id": "vha_442QD",
   "geometry": {
    "type": "Point",
    "coordinates": [
     -105.63067713,
     41.31565884
    ]
   },
   "properties": {
    "id": "vha_442QD",
    "name": "Laramie VA Mobile Medical Unit",
    "facility_type": "va_health_facility",
    "classification": "Other Outpatient Services (OOS)",
    "zip5": "82070",
    "city": "Laramie",
    "state": "WY",
    "visn": "19",
    "health_care_system": "VA Cheyenne health care",
    "operating_status": "NORMAL",
    "operating_status_info": null,
    "county_fips": null,
    "county_source": null,
    "market": null
   }
  },
  {
   "type": "Feature",
   "id": "vha_442QG",
   "geometry": {
    "type": "Point",
    "coordinates": [
     -103.19749494,
     40.63713848
    ]
   },
   "properties": {
    "id": "vha_442QG",
    "name": "Sterling VA Clinic",
    "facility_type": "va_health_facility",
    "classification": "Other Outpatient Services (OOS)",
    "zip5": "80751",
    "city": "Sterling",
    "state": "CO",
    "visn": "19",
    "health_care_system": "VA Cheyenne health care",
    "operating_status": "NORMAL",
    "operating_status_info": null,
    "county_fips": null,
    "county_source": null,
    "market": null
   }
  },
  {
   "type": "Feature",
   "id": "vha_459",
   "geometry": {
    "type": "Point",
    "coordinates": [
     -157.88887764,
     21.36125048
    ]
   },
   "properties": {
    "id": "vha_459",
    "name": "Spark M. Matsunaga Department of Veterans Affairs Medical Center",
    "facility_type": "va_health_facility",
    "classification": "VA Medical Center (VAMC)",
    "zip5": "96819",
    "city": "Honolulu",
    "state": "HI",
    "visn": "21",
    "health_care_system": "VA Pacific Islands health care",
    "operating_status": "NORMAL",
    "operating_status_info": null,
    "county_fips": null,
    "county_source": null,
    "market": null
   }
  },
  {
   "type": "Feature",
   "id": "vha_459GA",
   "geometry": {
    "type": "Point",
    "coordinates": [
     -156.46340901,
     20.88709675
    ]
   },
   "properties": {
    "id": "vha_459GA",
    "name": "Maui VA Clinic",
    "facility_type": "va_health_facility",
    "classification": "Multi-Specialty CBOC",
    "zip5": "96732",
    "city": "Kahului",
    "state": "HI",
    "visn": "21",
    "health_care_system": "VA Pacific Islands health care",
    "operating_status": "NORMAL",
    "operating_status_info": null,
    "county_fips": null,
    "county_source": null,
    "market": null
   }
  },
  {
   "type": "Feature",
   "id": "vha_459GB",
   "geometry": {
    "type": "Point",
    "coordinates": [
     -155.07827448,
     19.71301886
    ]
   },
   "properties": {
    "id": "vha_459GB",
    "name": "Hilo VA Clinic",
    "facility_type": "va_health_facility",
    "classification": "Primary Care CBOC",
    "zip5": "96720",
    "city": "Hilo",
    "state": "HI",
    "visn": "21",
    "health_care_system": "VA Pacific Islands health care",
    "operating_status": "NORMAL",
    "operating_status_info": null,
    "county_fips": null,
    "county_source": null,
    "market": null
   }
  },
  {
   "type": "Feature",
   "id": "vha_459GC",
   "geometry": {
    "type": "Point",
    "coordinates": [
     -156.0155161,
     19.68745386
    ]
   },
   "properties": {
    "id": "vha_459GC",
    "name": "Kailua-Kona VA Clinic",
    "facility_type": "va_health_facility",
    "classification": "Primary Care CBOC",
    "zip5": "96740",
    "city": "Kailua-Kona",
    "state": "HI",
    "visn": "21",
    "health_care_system": "VA Pacific Islands health care",
    "operating_status": "NORMAL",
    "operating_status_info": null,
    "county_fips": null,
    "county_source": null,
    "market": null
   }
  },
  {
   "type": "Feature",
   "id": "vha_459GD",
   "geometry": {
    "type": "Point",
    "coordinates": [
     -159.38272854,
     21.97028419
    ]
   },
   "properties": {
    "id": "vha_459GD",
    "name": "Lihue VA Clinic",
    "facility_type": "va_health_facility",
    "classification": "Primary Care CBOC",
    "zip5": "96766",
    "city": "Lihue",
    "state": "HI",
    "visn": "21",
    "health_care_system": "VA Pacific Islands health care",
    "operating_status": "NORMAL",
    "operating_status_info": null,
    "county_fips": null,
    "county_source": null,
    "market": null
   }
  },
  {
   "type": "Feature",
   "id": "vha_459GE",
   "geometry": {
    "type": "Point",
    "coordinates": [
     144.7403903,
     13.47187435
    ]
   },
   "properties": {
    "id": "vha_459GE",
    "name": "Guam VA Clinic",
    "facility_type": "va_health_facility",
    "classification": "Primary Care CBOC",
    "zip5": "96910",
    "city": "Agana Heights",
    "state": "GU",
    "visn": "21",
    "health_care_system": "VA Pacific Islands health care",
    "operating_status": "NORMAL",
    "operating_status_info": null,
    "county_fips": null,
    "county_source": null,
    "market": null
   }
  },
  {
   "type": "Feature",
   "id": "vha_459GF",
   "geometry": {
    "type": "Point",
    "coordinates": [
     -170.718615,
     -14.32821
    ]
   },
   "properties": {
    "id": "vha_459GF",
    "name": "Faleomavaega Eni Fa'aua'a Hunkin VA Clinic",
    "facility_type": "va_health_facility",
    "classification": "Multi-Specialty CBOC",
    "zip5": "96799",
    "city": "Pago Pago",
    "state": "AS",
    "visn": "21",
    "health_care_system": "VA Pacific Islands health care",
    "operating_status": "NORMAL",
    "operating_status_info": null,
    "county_fips": null,
    "county_source": null,
    "market": null
   }
  },
  {
   "type": "Feature",
   "id": "vha_459GG",
   "geometry": {
    "type": "Point",
    "coordinates": [
     -158.04358328,
     21.33157801
    ]
   },
   "properties": {
    "id": "vha_459GG",
    "name": "Daniel Kahikina Akaka VA Clinic",
    "facility_type": "va_health_facility",
    "classification": "Multi-Specialty CBOC",
    "zip5": "96707",
    "city": "Kapolei",
    "state": "HI",
    "visn": "21",
    "health_care_system": "VA Pacific Islands health care",
    "operating_status": "NORMAL",
    "operating_status_info": null,
    "county_fips": null,
    "county_source": null,
    "market": null
   }
  },
  {
   "type": "Feature",
   "id": "vha_459GH",
   "geometry": {
    "type": "Point",
    "coordinates": [
     145.729385,
     15.216794
    ]
   },
   "properties": {
    "id": "vha_459GH",
    "name": "Saipan VA Clinic",
    "facility_type": "va_health_facility",
    "classification": "Primary Care CBOC",
    "zip5": "96950",
    "city": "Saipan",
    "state": "MP",
    "visn": "21",
    "health_care_system": "VA Pacific Islands health care",
    "operating_status": "NORMAL",
    "operating_status_info": null,
    "county_fips": null,
    "county_source": null,
    "market": null
   }
  },
  {
   "type": "Feature",
   "id": "vha_459GI",
   "geometry": {
    "type": "Point",
    "coordinates": [
     144.84826191,
     13.57214716
    ]
   },
   "properties": {
    "id": "vha_459GI",
    "name": "Guam 2 VA Clinic",
    "facility_type": "va_health_facility",
    "classification": "Primary Care CBOC",
    "zip5": "92929",
    "city": "Dededo",
    "state": "GU",
    "visn": "21",
    "health_care_system": null,
    "operating_status": "NORMAL",
    "operating_status_info": null,
    "county_fips": null,
    "county_source": null,
    "market": null
   }
  },
  {
   "type": "Feature",
   "id": "vha_459QA",
   "geometry": {
    "type": "Point",
    "coordinates": [
     -156.91728739,
     20.82694254
    ]
   },
   "properties": {
    "id": "vha_459QA",
    "name": "Lanai VA Clinic",
    "facility_type": "va_health_facility",
    "classification": "Other Outpatient Services (OOS)",
    "zip5": "96763",
    "city": "Lanai City",
    "state": "HI",
    "visn": "21",
    "health_care_system": "VA Pacific Islands health care",
    "operating_status": "NORMAL",
    "operating_status_info": null,
    "county_fips": null,
    "county_source": null,
    "market": null
   }
  },
  {
   "type": "Feature",
   "id": "vha_459QB",
   "geometry": {
    "type": "Point",
    "coordinates": [
     -157.03532113,
     21.09624899
    ]
   },
   "properties": {
    "id": "vha_459QB",
    "name": "Molokai VA Clinic",
    "facility_type": "va_health_facility",
    "classification": "Other Outpatient Services (OOS)",
    "zip5": "96748",
    "city": "Kaunakakai",
    "state": "HI",
    "visn": "21",
    "health_care_system": "VA Pacific Islands health care",
    "operating_status": "NORMAL",
    "operating_status_info": null,
    "county_fips": null,
    "county_source": null,
    "market": null
   }
  },
  {
   "type": "Feature",
   "id": "vha_459QC",
   "geometry": {
    "type": "Point",
    "coordinates": [
     -157.80223026,
     21.41867631
    ]
   },
   "properties": {
    "id": "vha_459QC",
    "name": "Windward VA Clinic",
    "facility_type": "va_health_facility",
    "classification": "Multi-Specialty CBOC",
    "zip5": "96744",
    "city": "Kaneohe",
    "state": "HI",
    "visn": "21",
    "health_care_system": "VA Pacific Islands health care",
    "operating_status": "NORMAL",
    "operating_status_info": null,
    "county_fips": null,
    "county_source": null,
    "market": null
   }
  },
  {
   "type": "Feature",
   "id": "vha_459QD",
   "geometry": {
    "type": "Point",
    "coordinates": [
     -157.85574347,
     21.32168761
    ]
   },
   "properties": {
    "id": "vha_459QD",
    "name": "Kuakini VA Clinic",
    "facility_type": "va_health_facility",
    "classification": "Other Outpatient Services (OOS)",
    "zip5": "96817",
    "city": "Honolulu",
    "state": "HI",
    "visn": "21",
    "health_care_system": "VA Pacific Islands health care",
    "operating_status": "NORMAL",
    "operating_status_info": null,
    "county_fips": null,
    "county_source": null,
    "market": null
   }
  },
  {
   "type": "Feature",
   "id": "vha_460",
   "geometry": {
    "type": "Point",
    "coordinates": [
     -75.60654475,
     39.73865046
    ]
   },
   "properties": {
    "id": "vha_460",
    "name": "Wilmington VA Medical Center",
    "facility_type": "va_health_facility",
    "classification": "VA Medical Center (VAMC)",
    "zip5": "19805",
    "city": "Wilmington",
    "state": "DE",
    "visn": "4",
    "health_care_system": "VA Wilmington health care",
    "operating_status": "NORMAL",
    "operating_status_info": null,
    "county_fips": null,
    "county_source": null,
    "market": null
   }
  },
  {
   "type": "Feature",
   "id": "vha_460GA",
   "geometry": {
    "type": "Point",
    "coordinates": [
     -75.40354285,
     38.69901093
    ]
   },
   "properties": {
    "id": "vha_460GA",
    "name": "Sussex County VA Clinic",
    "facility_type": "va_health_facility",
    "classification": "Primary Care CBOC",
    "zip5": "19947",
    "city": "Georgetown",
    "state": "DE",
    "visn": "4",
    "health_care_system": "VA Wilmington health care",
    "operating_status": "NORMAL",
    "operating_status_info": null,
    "county_fips": null,
    "county_source": null,
    "market": null
   }
  },
  {
   "type": "Feature",
   "id": "vha_460GC",
   "geometry": {
    "type": "Point",
    "coordinates": [
     -75.503592,
     39.153636
    ]
   },
   "properties": {
    "id": "vha_460GC",
    "name": "Kent County VA Clinic",
    "facility_type": "va_health_facility",
    "classification": "Multi-Specialty CBOC",
    "zip5": "19901",
    "city": "Dover",
    "state": "DE",
    "visn": "4",
    "health_care_system": "VA Wilmington health care",
    "operating_status": "NORMAL",
    "operating_status_info": null,
    "county_fips": null,
    "county_source": null,
    "market": null
   }
  },
  {
   "type": "Feature",
   "id": "vha_460GD",
   "geometry": {
    "type": "Point",
    "coordinates": [
     -74.87759402,
     39.01282241
    ]
   },
   "properties": {
    "id": "vha_460GD",
    "name": "Cape May County VA Clinic",
    "facility_type": "va_health_facility",
    "classification": "Multi-Specialty CBOC",
    "zip5": "08242",
    "city": "Rio Grande",
    "state": "NJ",
    "visn": "4",
    "health_care_system": "VA Wilmington health care",
    "operating_status": "NORMAL",
    "operating_status_info": null,
    "county_fips": null,
    "county_source": null,
    "market": null
   }
  },
  {
   "type": "Feature",
   "id": "vha_460HE",
   "geometry": {
    "type": "Point",
    "coordinates": [
     -74.57944489,
     39.34734728
    ]
   },
   "properties": {
    "id": "vha_460HE",
    "name": "Atlantic County VA Clinic",
    "facility_type": "va_health_facility",
    "classification": "Primary Care CBOC",
    "zip5": "08221",
    "city": "Linwood",
    "state": "NJ",
    "visn": "4",
    "health_care_system": "VA Wilmington health care",
    "operating_status": "NORMAL",
    "operating_status_info": null,
    "county_fips": null,
    "county_source": null,
    "market": null
   }
  },
  {
   "type": "Feature",
   "id": "vha_460HG",
   "geometry": {
    "type": "Point",
    "coordinates": [
     -75.03609075,
     39.48663051
    ]
   },
   "properties": {
    "id": "vha_460HG",
    "name": "Cumberland County VA Clinic",
    "facility_type": "va_health_facility",
    "classification": "Multi-Specialty CBOC",
    "zip5": "08360",
    "city": "Vineland",
    "state": "NJ",
    "visn": "4",
    "health_care_system": "VA Wilmington health care",
    "operating_status": "NORMAL",
    "operating_status_info": null,
    "county_fips": null,
    "county_source": null,
    "market": null
   }
  },
  {
   "type": "Feature",
   "id": "vha_460HK",
   "geometry": {
    "type": "Point",
    "coordinates": [
     -75.60654475,
     39.73865046
    ]
   },
   "properties": {
    "id": "vha_460HK",
    "name": "Wilmington VA Mobile Medical Unit",
    "facility_type": "va_health_facility",
    "classification": "Other Outpatient Services (OOS)",
    "zip5": "19805",
    "city": "Wilmington",
    "state": "DE",
    "visn": "4",
    "health_care_system": "VA Wilmington health care",
    "operating_status": "TEMPORARY_CLOSURE",
    "operating_status_info": "Mobile clinic is currently unavailable.",
    "county_fips": null,
    "county_source": null,
    "market": null
   }
  },
  {
   "type": "Feature",
   "id": "vha_463",
   "geometry": {
    "type": "Point",
    "coordinates": [
     -149.74442494,
     61.23134107
    ]
   },
   "properties": {
    "id": "vha_463",
    "name": "Colonel Mary Louise Rasmuson Campus of the Alaska VA Healthcare System",
    "facility_type": "va_health_facility",
    "classification": "VA Medical Center (VAMC)",
    "zip5": "99504",
    "city": "Anchorage",
    "state": "AK",
    "visn": "20",
    "health_care_system": "VA Alaska health care",
    "operating_status": "NORMAL",
    "operating_status_info": null,
    "county_fips": null,
    "county_source": null,
    "market": null
   }
  },
  {
   "type": "Feature",
   "id": "vha_463A4",
   "geometry": {
    "type": "Point",
    "coordinates": [
     -149.74875716,
     61.23713285
    ]
   },
   "properties": {
    "id": "vha_463A4",
    "name": "Joint Base Elmendorf-Richardson VA Medical Center",
    "facility_type": "va_health_facility",
    "classification": "Other Outpatient Services (OOS)",
    "zip5": "99506",
    "city": "Joint Base Elmendorf-Richardson",
    "state": "AK",
    "visn": "20",
    "health_care_system": "VA Alaska health care",
    "operating_status": "NORMAL",
    "operating_status_info": null,
    "county_fips": null,
    "county_source": null,
    "market": null
   }
  },
  {
   "type": "Feature",
   "id": "vha_463A5",
   "geometry": {
    "type": "Point",
    "coordinates": [
     -149.88659664,
     61.1935578
    ]
   },
   "properties": {
    "id": "vha_463A5",
    "name": "Anchorage Midtown VA Medical Center",
    "facility_type": "va_health_facility",
    "classification": "VA Medical Center (VAMC)",
    "zip5": "99503",
    "city": "Anchorage",
    "state": "AK",
    "visn": "20",
    "health_care_system": null,
    "operating_status": "NORMAL",
    "operating_status_info": null,
    "county_fips": null,
    "county_source": null,
    "market": null
   }
  },
  {
   "type": "Feature",
   "id": "vha_463GA",
   "geometry": {
    "type": "Point",
    "coordinates": [
     -147.78341672,
     64.84722884
    ]
   },
   "properties": {
    "id": "vha_463GA",
    "name": "Fairbanks VA Clinic",
    "facility_type": "va_health_facility",
    "classification": "Primary Care CBOC",
    "zip5": "99709",
    "city": "Fairbanks",
    "state": "AK",
    "visn": "20",
    "health_care_system": "VA Alaska health care",
    "operating_status": "NORMAL",
    "operating_status_info": null,
    "county_fips": null,
    "county_source": null,
    "market": null
   }
  },
  {
   "type": "Feature",
   "id": "vha_463GB",
   "geometry": {
    "type": "Point",
    "coordinates": [
     -151.08223134,
     60.49317164
    ]
   },
   "properties": {
    "id": "vha_463GB",
    "name": "Soldotna VA Clinic",
    "facility_type": "va_health_facility",
    "classification": "Primary Care CBOC",
    "zip5": "99669",
    "city": "Soldotna",
    "state": "AK",
    "visn": "20",
    "health_care_system": "VA Alaska health care",
    "operating_status": "NORMAL",
    "operating_status_info": null,
    "county_fips": null,
    "county_source": null,
    "market": null
   }
  },
  {
   "type": "Feature",
   "id": "vha_463GC",
   "geometry": {
    "type": "Point",
    "coordinates": [
     -149.35985117,
     61.58997377
    ]
   },
   "properties": {
    "id": "vha_463GC",
    "name": "Mat-Su VA Clinic",
    "facility_type": "va_health_facility",
    "classification": "Multi-Specialty CBOC",
    "zip5": "99654",
    "city": "Wasilla",
    "state": "AK",
    "visn": "20",
    "health_care_system": "VA Alaska health care",
    "operating_status": "NORMAL",
    "operating_status_info": null,
    "county_fips": null,
    "county_source": null,
    "market": null
   }
  },
  {
   "type": "Feature",
   "id": "vha_463GD",
   "geometry": {
    "type": "Point",
    "coordinates": [
     -151.51804456,
     59.65013535
    ]
   },
   "properties": {
    "id": "vha_463GD",
    "name": "Homer VA Clinic",
    "facility_type": "va_health_facility",
    "classification": "Other Outpatient Services (OOS)",
    "zip5": "99603",
    "city": "Homer",
    "state": "AK",
    "visn": "20",
    "health_care_system": "VA Alaska health care",
    "operating_status": "NORMAL",
    "operating_status_info": null,
    "county_fips": null,
    "county_source": null,
    "market": null
   }
  },
  {
   "type": "Feature",
   "id": "vha_463GE",
   "geometry": {
    "type": "Point",
    "coordinates": [
     -134.42073896,
     58.30170195
    ]
   },
   "properties": {
    "id": "vha_463GE",
    "name": "Juneau VA Clinic",
    "facility_type": "va_health_facility",
    "classification": "Primary Care CBOC",
    "zip5": "99801",
    "city": "Juneau",
    "state": "AK",
    "visn": "20",
    "health_care_system": "VA Alaska health care",
    "operating_status": "NORMAL",
    "operating_status_info": null,
    "county_fips": null,
    "county_source": null,
    "market": null
   }
  },
  {
   "type": "Feature",
   "id": "vha_501",
   "geometry": {
    "type": "Point",
    "coordinates": [
     -106.583526,
     35.051742
    ]
   },
   "properties": {
    "id": "vha_501",
    "name": "Raymond G. Murphy Department of Veterans Affairs Medical Center",
    "facility_type": "va_health_facility",
    "classification": "VA Medical Center (VAMC)",
    "zip5": "87108",
    "city": "Albuquerque",
    "state": "NM",
    "visn": "22",
    "health_care_system": "VA New Mexico health care",
    "operating_status": "NORMAL",
    "operating_status_info": null,
    "county_fips": null,
    "county_source": null,
    "market": null
   }
  },
  {
   "type": "Feature",
   "id": "vha_501G2",
   "geometry": {
    "type": "Point",
    "coordinates": [
     -105.21653132,
     35.59560681
    ]
   },
   "properties": {
    "id": "vha_501G2",
    "name": "Las Vegas VA Clinic",
    "facility_type": "va_health_facility",
    "classification": "Other Outpatient Services (OOS)",
    "zip5": "87701",
    "city": "Las Vegas",
    "state": "NM",
    "visn": "22",
    "health_care_system": "VA New Mexico health care",
    "operating_status": "NORMAL",
    "operating_status_info": null,
    "county_fips": null,
    "county_source": null,
    "market": null
   }
  },
  {
   "type": "Feature",
   "id": "vha_501GA",
   "geometry": {
    "type": "Point",
    "coordinates": [
     -104.42747153,
     32.84265046
    ]
   },
   "properties": {
    "id": "vha_501GA",
    "name": "Artesia VA Clinic",
    "facility_type": "va_health_facility",
    "classification": "Primary Care CBOC",
    "zip5": "88210",
    "city": "Artesia",
    "state": "NM",
    "visn": "22",
    "health_care_system": "VA New Mexico health care",
    "operating_status": "NORMAL",
    "operating_status_info": null,
    "county_fips": null,
    "county_source": null,
    "market": null
   }
  },
  {
   "type": "Feature",
   "id": "vha_501GB",
   "geometry": {
    "type": "Point",
    "coordinates": [
     -108.14840578,
     36.76235599
    ]
   },
   "properties": {
    "id": "vha_501GB",
    "name": "Farmington VA Clinic",
    "facility_type": "va_health_facility",
    "classification": "Primary Care CBOC",
    "zip5": "87402",
    "city": "Farmington",
    "state": "NM",
    "visn": "22",
    "health_care_system": "VA New Mexico health care",
    "operating_status": "NORMAL",
    "operating_status_info": null,
    "county_fips": null,
    "county_source": null,
    "market": null
   }
  },
  {
   "type": "Feature",
   "id": "vha_501GC",
   "geometry": {
    "type": "Point",
    "coordinates": [
     -108.26308597,
     32.79401395
    ]
   },
   "properties": {
    "id": "vha_501GC",
    "name": "Silver City VA Clinic",
    "facility_type": "va_health_facility",
    "classification": "Other Outpatient Services (OOS)",
    "zip5": "88061",
    "city": "Silver City",
    "state": "NM",
    "visn": "22",
    "health_care_system": "VA New Mexico health care",
    "operating_status": "NORMAL",
    "operating_status_info": null,
    "county_fips": null,
    "county_source": null,
    "market": null
   }
  },
  {
   "type": "Feature",
   "id": "vha_501GD",
   "geometry": {
    "type": "Point",
    "coordinates": [
     -108.75973065,
     35.52634433
    ]
   },
   "properties": {
    "id": "vha_501GD",
    "name": "Hiroshi \"Hershey\" Miyamura VA Clinic",
    "facility_type": "va_health_facility",
    "classification": "Other Outpatient Services (OOS)",
    "zip5": "87301",
    "city": "Gallup",
    "state": "NM",
    "visn": "22",
    "health_care_system": "VA New Mexico health care",
    "operating_status": "NORMAL",
    "operating_status_info": null,
    "county_fips": null,
    "county_source": null,
    "market": null
   }
  },
  {
   "type": "Feature",
   "id": "vha_501GE",
   "geometry": {
    "type": "Point",
    "coordinates": [
     -106.08519402,
     35.98974441
    ]
   },
   "properties": {
    "id": "vha_501GE",
    "name": "Espanola VA Clinic",
    "facility_type": "va_health_facility",
    "classification": "Other Outpatient Services (OOS)",
    "zip5": "87532",
    "city": "Espanola",
    "state": "NM",
    "visn": "22",
    "health_care_system": "VA New Mexico health care",
    "operating_status": "NORMAL",
    "operating_status_info": null,
    "county_fips": null,
    "county_source": null,
    "market": null
   }
  },
  {
   "type": "Feature",
   "id": "vha_501GH",
   "geometry": {
    "type": "Point",
    "coordinates": [
     -107.24619023,
     33.15171684
    ]
   },
   "properties": {
    "id": "vha_501GH",
    "name": "Truth or Consequences VA Clinic",
    "facility_type": "va_health_facility",
    "classification": "Other Outpatient Services (OOS)",
    "zip5": "87901",
    "city": "Truth or Consequences",
    "state": "NM",
    "visn": "22",
    "health_care_system": "VA New Mexico health care",
    "operating_status": "NORMAL",
    "operating_status_info": null,
    "county_fips": null,
    "county_source": null,
    "market": null
   }
  },
  {
   "type": "Feature",
   "id": "vha_501GI",
   "geometry": {
    "type": "Point",
    "coordinates": [
     -105.96229178,
     32.92999852
    ]
   },
   "properties": {
    "id": "vha_501GI",
    "name": "Alamogordo VA Clinic",
    "facility_type": "va_health_facility",
    "classification": "Other Outpatient Services (OOS)",
    "zip5": "88310",
    "city": "Alamogordo",
    "state": "NM",
    "visn": "22",
    "health_care_system": "VA New Mexico health care",
    "operating_status": "NORMAL",
    "operating_status_info": null,
    "county_fips": null,
    "county_source": null,
    "market": null
   }
  },
  {
   "type": "Feature",
   "id": "vha_501GJ",
   "geometry": {
    "type": "Point",
    "coordinates": [
     -107.8730595,
     37.28403
    ]
   },
   "properties": {
    "id": "vha_501GJ",
    "name": "Durango VA Clinic",
    "facility_type": "va_health_facility",
    "classification": "Primary Care CBOC",
    "zip5": "81301",
    "city": "Durango",
    "state": "CO",
    "visn": "22",
    "health_care_system": "VA New Mexico health care",
    "operating_status": "NORMAL",
    "operating_status_info": null,
    "county_fips": null,
    "county_source": null,
    "market": null
   }
  },
  {
   "type": "Feature",
   "id": "vha_501GK",
   "geometry": {
    "type": "Point",
    "coordinates": [
     -106.02472755,
     35.61439556
    ]
   },
   "properties": {
    "id": "vha_501GK",
    "name": "Santa Fe VA Clinic",
    "facility_type": "va_health_facility",
    "classification": "Multi-Specialty CBOC",
    "zip5": "87505",
    "city": "Sante Fe",
    "state": "NM",
    "visn": "22",
    "health_care_system": "VA New Mexico health care",
    "operating_status": "NORMAL",
    "operating_status_info": null,
    "county_fips": null,
    "county_source": null,
    "market": null
   }
  },
  {
   "type": "Feature",
   "id": "vha_501GM",
   "geometry": {
    "type": "Point",
    "coordinates": [
     -106.661304,
     35.227386
    ]
   },
   "properties": {
    "id": "vha_501GM",
    "name": "Northwest Metro VA Clinic",
    "facility_type": "va_health_facility",
    "classification": "Multi-Specialty CBOC",
    "zip5": "87124",
    "city": "Rio Rancho",
    "state": "NM",
    "visn": "22",
    "health_care_system": "VA New Mexico health care",
    "operating_status": "NORMAL",
    "operating_status_info": null,
    "county_fips": null,
    "county_source": null,
    "market": null
   }
  },
  {
   "type": "Feature",
   "id": "vha_501GN",
   "geometry": {
    "type": "Point",
    "coordinates": [
     -105.59362358,
     36.3741591
    ]
   },
   "properties": {
    "id": "vha_501GN",
    "name": "Taos VA Clinic",
    "facility_type": "va_health_facility",
    "classification": "Other Outpatient Services (OOS)",
    "zip5": "87571",
    "city": "Taos",
    "state": "NM",
    "visn": "22",
    "health_care_system": "VA New Mexico health care",
    "operating_status": "NORMAL",
    "operating_status_info": null,
    "county_fips": null,
    "county_source": null,
    "market": null
   }
  },
  {
   "type": "Feature",
   "id": "vha_501HB",
   "geometry": {
    "type": "Point",
    "coordinates": [
     -104.4385617,
     36.87188676
    ]
   },
   "properties": {
    "id": "vha_501HB",
    "name": "Raton VA Clinic",
    "facility_type": "va_health_facility",
    "classification": "Other Outpatient Services (OOS)",
    "zip5": "87740",
    "city": "Raton",
    "state": "NM",
    "visn": "22",
    "health_care_system": "VA New Mexico health care",
    "operating_status": "NORMAL",
    "operating_status_info": null,
    "county_fips": null,
    "county_source": null,
    "market": null
   }
  },
  {
   "type": "Feature",
   "id": "vha_502",
   "geometry": {
    "type": "Point",
    "coordinates": [
     -92.43435778,
     31.35522426
    ]
   },
   "properties": {
    "id": "vha_502",
    "name": "Alexandria VA Medical Center",
    "facility_type": "va_health_facility",
    "classification": "VA Medical Center (VAMC)",
    "zip5": "71360",
    "city": "Pineville",
    "state": "LA",
    "visn": "16",
    "health_care_system": "VA Alexandria health care",
    "operating_status": "NORMAL",
    "operating_status_info": null,
    "county_fips": null,
    "county_source": null,
    "market": null
   }
  },
  {
   "type": "Feature",
   "id": "vha_502GA",
   "geometry": {
    "type": "Point",
    "coordinates": [
     -92.66139,
     30.23827527
    ]
   },
   "properties": {
    "id": "vha_502GA",
    "name": "Jennings VA Clinic",
    "facility_type": "va_health_facility",
    "classification": "Primary Care CBOC",
    "zip5": "70546",
    "city": "Jennings",
    "state": "LA",
    "visn": "16",
    "health_care_system": "VA Alexandria health care",
    "operating_status": "NORMAL",
    "operating_status_info": null,
    "county_fips": null,
    "county_source": null,
    "market": null
   }
  },
  {
   "type": "Feature",
   "id": "vha_502GB",
   "geometry": {
    "type": "Point",
    "coordinates": [
     -92.07497259,
     30.18732984
    ]
   },
   "properties": {
    "id": "vha_502GB",
    "name": "Lafayette VA Clinic",
    "facility_type": "va_health_facility",
    "classification": "Multi-Specialty CBOC",
    "zip5": "70506",
    "city": "Lafayette",
    "state": "LA",
    "visn": "16",
    "health_care_system": "VA Alexandria health care",
    "operating_status": "NORMAL",
    "operating_status_info": null,
    "county_fips": null,
    "county_source": null,
    "market": null
   }
  },
  {
   "type": "Feature",
   "id": "vha_502GE",
   "geometry": {
    "type": "Point",
    "coordinates": [
     -93.17996927,
     30.19183434
    ]
   },
   "properties": {
    "id": "vha_502GE",
    "name": "Douglas Fournet Department of Veterans Affairs Clinic",
    "facility_type": "va_health_facility",
    "classification": "Multi-Specialty CBOC",
    "zip5": "70607",
    "city": "Lake Charles",
    "state": "LA",
    "visn": "16",
    "health_care_system": "VA Alexandria health care",
    "operating_status": "NORMAL",
    "operating_status_info": null,
    "county_fips": null,
    "county_source": null,
    "market": null
   }
  },
  {
   "type": "Feature",
   "id": "vha_502GF",
   "geometry": {
    "type": "Point",
    "coordinates": [
     -93.24841995,
     31.12013137
    ]
   },
   "properties": {
    "id": "vha_502GF",
    "name": "Fort Polk VA Clinic",
    "facility_type": "va_health_facility",
    "classification": "Primary Care CBOC",
    "zip5": "71446",
    "city": "Leesville",
    "state": "LA",
    "visn": "16",
    "health_care_system": "VA Alexandria health care",
    "operating_status": "NORMAL",
    "operating_status_info": null,
    "county_fips": null,
    "county_source": null,
    "market": null
   }
  },
  {
   "type": "Feature",
   "id": "vha_502GG",
   "geometry": {
    "type": "Point",
    "coordinates": [
     -93.07140663,
     31.75299346
    ]
   },
   "properties": {
    "id": "vha_502GG",
    "name": "Natchitoches VA Clinic",
    "facility_type": "va_health_facility",
    "classification": "Primary Care CBOC",
    "zip5": "71457",
    "city": "Natchitoches",
    "state": "LA",
    "visn": "16",
    "health_care_system": "VA Alexandria health care",
    "operating_status": "NORMAL",
    "operating_status_info": null,
    "county_fips": null,
    "county_source": null,
    "market": null
   }
  },
  {
   "type": "Feature",
   "id": "vha_502QB",
   "geometry": {
    "type": "Point",
    "coordinates": [
     -92.02858181,
     30.21364875
    ]
   },
   "properties": {
    "id": "vha_502QB",
    "name": "Lafayette Campus B VA Clinic",
    "facility_type": "va_health_facility",
    "classification": "Other Outpatient Services (OOS)",
    "zip5": "70506",
    "city": "Lafayette",
    "state": "LA",
    "visn": "16",
    "health_care_system": "VA Alexandria health care",
    "operating_status": "NORMAL",
    "operating_status_info": null,
    "county_fips": null,
    "county_source": null,
    "market": null
   }
  },
  {
   "type": "Feature",
   "id": "vha_502QC",
   "geometry": {
    "type": "Point",
    "coordinates": [
     -92.436714,
     31.353786
    ]
   },
   "properties": {
    "id": "vha_502QC",
    "name": "Alexandria VA Mobile Medical Unit",
    "facility_type": "va_health_facility",
    "classification": "Other Outpatient Services (OOS)",
    "zip5": "71360",
    "city": "Pineville",
    "state": "LA",
    "visn": "16",
    "health_care_system": "VA Alexandria health care",
    "operating_status": "NORMAL",
    "operating_status_info": null,
    "county_fips": null,
    "county_source": null,
    "market": null
   }
  },
  {
   "type": "Feature",
   "id": "vha_502QD",
   "geometry": {
    "type": "Point",
    "coordinates": [
     -92.436714,
     31.353786
    ]
   },
   "properties": {
    "id": "vha_502QD",
    "name": "Alexandria 2 VA Mobile Medical Unit",
    "facility_type": "va_health_facility",
    "classification": "Other Outpatient Services (OOS)",
    "zip5": "71360",
    "city": "Pineville",
    "state": "LA",
    "visn": "16",
    "health_care_system": "VA Alexandria health care",
    "operating_status": "NORMAL",
    "operating_status_info": null,
    "county_fips": null,
    "county_source": null,
    "market": null
   }
  },
  {
   "type": "Feature",
   "id": "vha_503",
   "geometry": {
    "type": "Point",
    "coordinates": [
     -78.39864981,
     40.4884295
    ]
   },
   "properties": {
    "id": "vha_503",
    "name": "James E. Van Zandt Veterans' Administration Medical Center",
    "facility_type": "va_health_facility",
    "classification": "VA Medical Center (VAMC)",
    "zip5": "16602",
    "city": "Altoona",
    "state": "PA",
    "visn": "4",
    "health_care_system": "VA Altoona health care",
    "operating_status": "NORMAL",
    "operating_status_info": null,
    "county_fips": null,
    "county_source": null,
    "market": null
   }
  },
  {
   "type": "Feature",
   "id": "vha_503GA",
   "geometry": {
    "type": "Point",
    "coordinates": [
     -78.8320755,
     40.299948
    ]
   },
   "properties": {
    "id": "vha_503GA",
    "name": "Johnstown VA Clinic",
    "facility_type": "va_health_facility",
    "classification": "Multi-Specialty CBOC",
    "zip5": "15904",
    "city": "Johnstown",
    "state": "PA",
    "visn": "4",
    "health_care_system": "VA Altoona health care",
    "operating_status": "NORMAL",
    "operating_status_info": null,
    "county_fips": null,
    "county_source": null,
    "market": null
   }
  },
  {
   "type": "Feature",
   "id": "vha_503GB",
   "geometry": {
    "type": "Point",
    "coordinates": [
     -78.72859777,
     41.1236784
    ]
   },
   "properties": {
    "id": "vha_503GB",
    "name": "DuBois VA Clinic",
    "facility_type": "va_health_facility",
    "classification": "Multi-Specialty CBOC",
    "zip5": "15801",
    "city": "DuBois",
    "state": "PA",
    "visn": "4",
    "health_care_system": "VA Altoona health care",
    "operating_status": "NORMAL",
    "operating_status_info": null,
    "county_fips": null,
    "county_source": null,
    "market": null
   }
  },
  {
   "type": "Feature",
   "id": "vha_503GC",
   "geometry": {
    "type": "Point",
    "coordinates": [
     -77.805954,
     40.827492
    ]
   },
   "properties": {
    "id": "vha_503GC",
    "name": "State College VA Clinic",
    "facility_type": "va_health_facility",
    "classification": "Multi-Specialty CBOC",
    "zip5": "16801",
    "city": "State College",
    "state": "PA",
    "visn": "4",
    "health_care_system": "VA Altoona health care",
    "operating_status": "NORMAL",
    "operating_status_info": null,
    "county_fips": null,
    "county_source": null,
    "market": null
   }
  },
  {
   "type": "Feature",
   "id": "vha_503GD",
   "geometry": {
    "type": "Point",
    "coordinates": [
     -78.0443,
     40.4698
    ]
   },
   "properties": {
    "id": "vha_503GD",
    "name": "Huntingdon County VA Clinic",
    "facility_type": "va_health_facility",
    "classification": "Multi-Specialty CBOC",
    "zip5": "16652",
    "city": "Huntingdon",
    "state": "PA",
    "visn": "4",
    "health_care_system": "VA Altoona health care",
    "operating_status": "NORMAL",
    "operating_status_info": null,
    "county_fips": null,
    "county_source": null,
    "market": null
   }
  },
  {
   "type": "Feature",
   "id": "vha_503GE",
   "geometry": {
    "type": "Point",
    "coordinates": [
     -79.15317594,
     40.60685175
    ]
   },
   "properties": {
    "id": "vha_503GE",
    "name": "Indiana County VA Clinic",
    "facility_type": "va_health_facility",
    "classification": "Multi-Specialty CBOC",
    "zip5": "15701",
    "city": "Indiana",
    "state": "PA",
    "visn": "4",
    "health_care_system": "VA Altoona health care",
    "operating_status": "NORMAL",
    "operating_status_info": null,
    "county_fips": null,
    "county_source": null,
    "market": null
   }
  },
  {
   "type": "Feature",
   "id": "vha_504",
   "geometry": {
    "type": "Point",
    "coordinates": [
     -101.906595,
     35.204049
    ]
   },
   "properties": {
    "id": "vha_504",
    "name": "Thomas E. Creek Department of Veterans Affairs Medical Center",
    "facility_type": "va_health_facility",
    "classification": "VA Medical Center (VAMC)",
    "zip5": "79106",
    "city": "Amarillo",
    "state": "TX",
    "visn": "17",
    "health_care_system": "VA Amarillo health care",
    "operating_status": "NORMAL",
    "operating_status_info": null,
    "county_fips": null,
    "county_source": null,
    "market": null
   }
  },
  {
   "type": "Feature",
   "id": "vha_504BY",
   "geometry": {
    "type": "Point",
    "coordinates": [
     -101.89060654,
     33.59240678
    ]
   },
   "properties": {
    "id": "vha_504BY",
    "name": "Lubbock VA Clinic",
    "facility_type": "va_health_facility",
    "classification": "Multi-Specialty CBOC",
    "zip5": "79415",
    "city": "Lubbock",
    "state": "TX",
    "visn": "17",
    "health_care_system": "VA Amarillo health care",
    "operating_status": "NORMAL",
    "operating_status_info": null,
    "county_fips": null,
    "county_source": null,
    "market": null
   }
  },
  {
   "type": "Feature",
   "id": "vha_504BZ",
   "geometry": {
    "type": "Point",
    "coordinates": [
     -103.1944635,
     34.43346
    ]
   },
   "properties": {
    "id": "vha_504BZ",
    "name": "Clovis VA Clinic",
    "facility_type": "va_health_facility",
    "classification": "Primary Care CBOC",
    "zip5": "88101",
    "city": "Clovis",
    "state": "NM",
    "visn": "17",
    "health_care_system": "VA Amarillo health care",
    "operating_status": "NORMAL",
    "operating_status_info": null,
    "county_fips": null,
    "county_source": null,
    "market": null
   }
  },
  {
   "type": "Feature",
   "id": "vha_504GA",
   "geometry": {
    "type": "Point",
    "coordinates": [
     -100.23130312,
     34.43641305
    ]
   },
   "properties": {
    "id": "vha_504GA",
    "name": "Childress VA Clinic",
    "facility_type": "va_health_facility",
    "classification": "Other Outpatient Services (OOS)",
    "zip5": "79201",
    "city": "Childress",
    "state": "TX",
    "visn": "17",
    "health_care_system": "VA Amarillo health care",
    "operating_status": "NORMAL",
    "operating_status_info": null,
    "county_fips": null,
    "county_source": null,
    "market": null
   }
  },
  {
   "type": "Feature",
   "id": "vha_504HB",
   "geometry": {
    "type": "Point",
    "coordinates": [
     -102.52190655,
     36.06255895
    ]
   },
   "properties": {
    "id": "vha_504HB",
    "name": "Dalhart VA Clinic",
    "facility_type": "va_health_facility",
    "classification": "Other Outpatient Services (OOS)",
    "zip5": "79022",
    "city": "Dalhart",
    "state": "TX",
    "visn": "17",
    "health_care_system": "VA Amarillo health care",
    "operating_status": "NORMAL",
    "operating_status_info": null,
    "county_fips": null,
    "county_source": null,
    "market": null
   }
  },
  {
   "type": "Feature",
   "id": "vha_506",
   "geometry": {
    "type": "Point",
    "coordinates": [
     -83.71412259,
     42.28478444
    ]
   },
   "properties": {
    "id": "vha_506",
    "name": "Lieutenant Colonel Charles S. Kettles VA Medical Center",
    "facility_type": "va_health_facility",
    "classification": "VA Medical Center (VAMC)",
    "zip5": "48105",
    "city": "Ann Arbor",
    "state": "MI",
    "visn": "10",
    "health_care_system": "VA Ann Arbor health care",
    "operating_status": "NORMAL",
    "operating_status_info": null,
    "county_fips": null,
    "county_source": null,
    "market": null
   }
  },
  {
   "type": "Feature",
   "id": "vha_506GA",
   "geometry": {
    "type": "Point",
    "coordinates": [
     -83.6033535,
     41.618907
    ]
   },
   "properties": {
    "id": "vha_506GA",
    "name": "Toledo VA Clinic",
    "facility_type": "va_health_facility",
    "classification": "Multi-Specialty CBOC",
    "zip5": "43614",
    "city": "Toledo",
    "state": "OH",
    "visn": "10",
    "health_care_system": "VA Ann Arbor health care",
    "operating_status": "NORMAL",
    "operating_status_info": null,
    "county_fips": null,
    "county_source": null,
    "market": null
   }
  },
  {
   "type": "Feature",
   "id": "vha_506GB",
   "geometry": {
    "type": "Point",
    "coordinates": [
     -83.7731385,
     42.992235
    ]
   },
   "properties": {
    "id": "vha_506GB",
    "name": "Flint VA Clinic",
    "facility_type": "va_health_facility",
    "classification": "Primary Care CBOC",
    "zip5": "48532",
    "city": "Flint",
    "state": "MI",
    "visn": "10",
    "health_care_system": "VA Ann Arbor health care",
    "operating_status": "NORMAL",
    "operating_status_info": null,
    "county_fips": null,
    "county_source": null,
    "market": null
   }
  },
  {
   "type": "Feature",
   "id": "vha_506GC",
   "geometry": {
    "type": "Point",
    "coordinates": [
     -84.33560473,
     42.23519846
    ]
   },
   "properties": {
    "id": "vha_506GC",
    "name": "Jackson VA Clinic",
    "facility_type": "va_health_facility",
    "classification": "Primary Care CBOC",
    "zip5": "49254",
    "city": "Michigan Center",
    "state": "MI",
    "visn": "10",
    "health_care_system": "VA Ann Arbor health care",
    "operating_status": "NORMAL",
    "operating_status_info": null,
    "county_fips": null,
    "county_source": null,
    "market": null
   }
  },
  {
   "type": "Feature",
   "id": "vha_506GD",
   "geometry": {
    "type": "Point",
    "coordinates": [
     -83.43387122,
     42.3264086
    ]
   },
   "properties": {
    "id": "vha_506GD",
    "name": "Major General Oliver W. Dillard VA Clinic",
    "facility_type": "va_health_facility",
    "classification": "Multi-Specialty CBOC",
    "zip5": "48187",
    "city": "Canton",
    "state": "MI",
    "visn": "10",
    "health_care_system": "VA Ann Arbor health care",
    "operating_status": "NORMAL",
    "operating_status_info": null,
    "county_fips": null,
    "county_source": null,
    "market": null
   }
  },
  {
   "type": "Feature",
   "id": "vha_506GE",
   "geometry": {
    "type": "Point",
    "coordinates": [
     -83.88686776,
     42.59145584
    ]
   },
   "properties": {
    "id": "vha_506GE",
    "name": "Howell VA Clinic",
    "facility_type": "va_health_facility",
    "classification": "Primary Care CBOC",
    "zip5": "48843",
    "city": "Howell",
    "state": "MI",
    "visn": "10",
    "health_care_system": "VA Ann Arbor health care",
    "operating_status": "NORMAL",
    "operating_status_info": null,
    "county_fips": null,
    "county_source": null,
    "market": null
   }
  },
  {
   "type": "Feature",
   "id": "vha_506GF",
   "geometry": {
    "type": "Point",
    "coordinates": [
     -84.04780527,
     41.9127527
    ]
   },
   "properties": {
    "id": "vha_506GF",
    "name": "Adrian VA Clinic",
    "facility_type": "va_health_facility",
    "classification": "Primary Care CBOC",
    "zip5": "49221",
    "city": "Adrian",
    "state": "MI",
    "visn": "10",
    "health_care_system": "VA Ann Arbor health care",
    "operating_status": "NORMAL",
    "operating_status_info": null,
    "county_fips": null,
    "county_source": null,
    "market": null
   }
  },
  {
   "type": "Feature",
   "id": "vha_506GG",
   "geometry": {
    "type": "Point",
    "coordinates": [
     -83.61957744,
     41.06576312
    ]
   },
   "properties": {
    "id": "vha_506GG",
    "name": "Findlay VA Clinic",
    "facility_type": "va_health_facility",
    "classification": "Other Outpatient Services (OOS)",
    "zip5": "45840",
    "city": "Findlay",
    "state": "OH",
    "visn": "10",
    "health_care_system": "VA Ann Arbor health care",
    "operating_status": "NORMAL",
    "operating_status_info": null,
    "county_fips": null,
    "county_source": null,
    "market": null
   }
  },
  {
   "type": "Feature",
   "id": "vha_506QA",
   "geometry": {
    "type": "Point",
    "coordinates": [
     -83.68524927,
     42.24533222
    ]
   },
   "properties": {
    "id": "vha_506QA",
    "name": "Packard Road VA Clinic",
    "facility_type": "va_health_facility",
    "classification": "Other Outpatient Services (OOS)",
    "zip5": "48108",
    "city": "Ann Arbor",
    "state": "MI",
    "visn": "10",
    "health_care_system": "VA Ann Arbor health care",
    "operating_status": "NORMAL",
    "operating_status_info": null,
    "county_fips": null,
    "county_source": null,
    "market": null
   }
  },
  {
   "type": "Feature",
   "id": "vha_506QB",
   "geometry": {
    "type": "Point",
    "coordinates": [
     -83.69285135,
     42.31033722
    ]
   },
   "properties": {
    "id": "vha_506QB",
    "name": "Green Road VA Clinic",
    "facility_type": "va_health_facility",
    "classification": "Other Outpatient Services (OOS)",
    "zip5": "48105",
    "city": "Ann Arbor",
    "state": "MI",
    "visn": "10",
    "health_care_system": "VA Ann Arbor health care",
    "operating_status": "NORMAL",
    "operating_status_info": null,
    "county_fips": null,
    "county_source": null,
    "market": null
   }
  },
  {
   "type": "Feature",
   "id": "vha_508",
   "geometry": {
    "type": "Point",
    "coordinates": [
     -84.3130305,
     33.801939
    ]
   },
   "properties": {
    "id": "vha_508",
    "name": "Joseph Maxwell Cleland Atlanta VA Medical Center",
    "facility_type": "va_health_facility",
    "classification": "VA Medical Center (VAMC)",
    "zip5": "30033",
    "city": "Decatur",
    "state": "GA",
    "visn": "7",
    "health_care_system": "VA Atlanta health care",
    "operating_status": "NORMAL",
    "operating_status_info": null,
    "county_fips": null,
    "county_source": null,
    "market": null
   }
  },
  {
   "type": "Feature",
   "id": "vha_508GA",
   "geometry": {
    "type": "Point",
    "coordinates": [
     -84.42929863,
     33.70639702
    ]
   },
   "properties": {
    "id": "vha_508GA",
    "name": "Fort McPherson VA Clinic",
    "facility_type": "va_health_facility",
    "classification": "VA Medical Center (VAMC)",
    "zip5": "30310",
    "city": "Atlanta",
    "state": "GA",
    "visn": "7",
    "health_care_system": "VA Atlanta health care",
    "operating_status": "NORMAL",
    "operating_status_info": null,
    "county_fips": null,
    "county_source": null,
    "market": null
   }
  },
  {
   "type": "Feature",
   "id": "vha_508GE",
   "geometry": {
    "type": "Point",
    "coordinates": [
     -83.89232499,
     34.2075504
    ]
   },
   "properties": {
    "id": "vha_508GE",
    "name": "Oakwood VA Clinic",
    "facility_type": "va_health_facility",
    "classification": "Multi-Specialty CBOC",
    "zip5": "30542",
    "city": "Flowery Branch",
    "state": "GA",
    "visn": "7",
    "health_care_system": "VA Atlanta health care",
    "operating_status": "NORMAL",
    "operating_status_info": null,
    "county_fips": null,
    "county_source": null,
    "market": null
   }
  },
  {
   "type": "Feature",
   "id": "vha_508GF",
   "geometry": {
    "type": "Point",
    "coordinates": [
     -84.68583112,
     33.94630601
    ]
   },
   "properties": {
    "id": "vha_508GF",
    "name": "West Cobb County VA Clinic",
    "facility_type": "va_health_facility",
    "classification": "Primary Care CBOC",
    "zip5": "30064",
    "city": "Marietta",
    "state": "GA",
    "visn": "7",
    "health_care_system": "VA Atlanta health care",
    "operating_status": "NORMAL",
    "operating_status_info": null,
    "county_fips": null,
    "county_source": null,
    "market": null
   }
  },
  {
   "type": "Feature",
   "id": "vha_508GG",
   "geometry": {
    "type": "Point",
    "coordinates": [
     -84.22515668,
     33.51200473
    ]
   },
   "properties": {
    "id": "vha_508GG",
    "name": "Stockbridge VA Clinic",
    "facility_type": "va_health_facility",
    "classification": "Primary Care CBOC",
    "zip5": "30281",
    "city": "Stockbridge",
    "state": "GA",
    "visn": "7",
    "health_care_system": "VA Atlanta health care",
    "operating_status": "NORMAL",
    "operating_status_info": null,
    "county_fips": null,
    "county_source": null,
    "market": null
   }
  },
  {
   "type": "Feature",
   "id": "vha_508GH",
   "geometry": {
    "type": "Point",
    "coordinates": [
     -84.0094878,
     33.96821253
    ]
   },
   "properties": {
    "id": "vha_508GH",
    "name": "Lawrenceville VA Clinic",
    "facility_type": "va_health_facility",
    "classification": "Primary Care CBOC",
    "zip5": "30046",
    "city": "Lawrenceville",
    "state": "GA",
    "visn": "7",
    "health_care_system": "VA Atlanta health care",
    "operating_status": "NORMAL",
    "operating_status_info": null,
    "county_fips": null,
    "county_source": null,
    "market": null
   }
  },
  {
   "type": "Feature",
   "id": "vha_508GI",
   "geometry": {
    "type": "Point",
    "coordinates": [
     -84.71064776,
     33.40093446
    ]
   },
   "properties": {
    "id": "vha_508GI",
    "name": "Newnan VA Clinic",
    "facility_type": "va_health_facility",
    "classification": "Primary Care CBOC",
    "zip5": "30265",
    "city": "Newnan",
    "state": "GA",
    "visn": "7",
    "health_care_system": "VA Atlanta health care",
    "operating_status": "NORMAL",
    "operating_status_info": null,
    "county_fips": null,
    "county_source": null,
    "market": null
   }
  },
  {
   "type": "Feature",
   "id": "vha_508GJ",
   "geometry": {
    "type": "Point",
    "coordinates": [
     -83.94029134,
     34.88665254
    ]
   },
   "properties": {
    "id": "vha_508GJ",
    "name": "Blairsville VA Clinic",
    "facility_type": "va_health_facility",
    "classification": "Multi-Specialty CBOC",
    "zip5": "30512",
    "city": "Blairsville",
    "state": "GA",
    "visn": "7",
    "health_care_system": "VA Atlanta health care",
    "operating_status": "NORMAL",
    "operating_status_info": null,
    "county_fips": null,
    "county_source": null,
    "market": null
   }
  },
  {
   "type": "Feature",
   "id": "vha_508GK",
   "geometry": {
    "type": "Point",
    "coordinates": [
     -85.05722954,
     33.58937018
    ]
   },
   "properties": {
    "id": "vha_508GK",
    "name": "Trinka Davis Veterans Village",
    "facility_type": "va_health_facility",
    "classification": "VA Medical Center (VAMC)",
    "zip5": "30117",
    "city": "Carrollton",
    "state": "GA",
    "visn": "7",
    "health_care_system": "VA Atlanta health care",
    "operating_status": "NORMAL",
    "operating_status_info": null,
    "county_fips": null,
    "county_source": null,
    "market": null
   }
  },
  {
   "type": "Feature",
   "id": "vha_508GL",
   "geometry": {
    "type": "Point",
    "coordinates": [
     -85.15481699,
     34.22016896
    ]
   },
   "properties": {
    "id": "vha_508GL",
    "name": "Rome VA Clinic",
    "facility_type": "va_health_facility",
    "classification": "Primary Care CBOC",
    "zip5": "30161",
    "city": "Rome",
    "state": "GA",
    "visn": "7",
    "health_care_system": "VA Atlanta health care",
    "operating_status": "NORMAL",
    "operating_status_info": null,
    "county_fips": null,
    "county_source": null,
    "market": null
   }
  },
  {
   "type": "Feature",
   "id": "vha_508GM",
   "geometry": {
    "type": "Point",
    "coordinates": [
     -84.4161397,
     34.46277308
    ]
   },
   "properties": {
    "id": "vha_508GM",
    "name": "Pickens County VA Clinic",
    "facility_type": "va_health_facility",
    "classification": "Primary Care CBOC",
    "zip5": "30143",
    "city": "Jasper",
    "state": "GA",
    "visn": "7",
    "health_care_system": "VA Atlanta health care",
    "operating_status": "NORMAL",
    "operating_status_info": null,
    "county_fips": null,
    "county_source": null,
    "market": null
   }
  },
  {
   "type": "Feature",
   "id": "vha_508GN",
   "geometry": {
    "type": "Point",
    "coordinates": [
     -83.83487351,
     33.57893605
    ]
   },
   "properties": {
    "id": "vha_508GN",
    "name": "Covington VA Clinic",
    "facility_type": "va_health_facility",
    "classification": "Primary Care CBOC",
    "zip5": "30014",
    "city": "Covington",
    "state": "GA",
    "visn": "7",
    "health_care_system": "VA Atlanta health care",
    "operating_status": "NORMAL",
    "operating_status_info": null,
    "county_fips": null,
    "county_source": null,
    "market": null
   }
  },
  {
   "type": "Feature",
   "id": "vha_508GO",
   "geometry": {
    "type": "Point",
    "coordinates": [
     -84.489498,
     33.97194
    ]
   },
   "properties": {
    "id": "vha_508GO",
    "name": "Northeast Cobb County VA Clinic",
    "facility_type": "va_health_facility",
    "classification": "Other Outpatient Services (OOS)",
    "zip5": "30062",
    "city": "Marietta",
    "state": "GA",
    "visn": "7",
    "health_care_system": "VA Atlanta health care",
    "operating_status": "TEMPORARY_CLOSURE",
    "operating_status_info": "Please contact the Atlanta VA Healthcare System at 404-321-6111 for updated information.",
    "county_fips": null,
    "county_source": null,
    "market": null
   }
  },
  {
   "type": "Feature",
   "id": "vha_508GP",
   "geometry": {
    "type": "Point",
    "coordinates": [
     -84.47319066,
     33.89379506
    ]
   },
   "properties": {
    "id": "vha_508GP",
    "name": "South Cobb County VA Clinic",
    "facility_type": "va_health_facility",
    "classification": "Other Outpatient Services (OOS)",
    "zip5": "30080",
    "city": "Smyrna",
    "state": "GA",
    "visn": "7",
    "health_care_system": "VA Atlanta health care",
    "operating_status": "NORMAL",
    "operating_status_info": null,
    "county_fips": null,
    "county_source": null,
    "market": null
   }
  },
  {
   "type": "Feature",
   "id": "vha_508GQ",
   "geometry": {
    "type": "Point",
    "coordinates": [
     -84.56064966,
     33.98209773
    ]
   },
   "properties": {
    "id": "vha_508GQ",
    "name": "Cobb County VA Clinic",
    "facility_type": "va_health_facility",
    "classification": "Multi-Specialty CBOC",
    "zip5": "30062",
    "city": "Marietta",
    "state": "GA",
    "visn": "7",
    "health_care_system": "VA Atlanta health care",
    "operating_status": "NORMAL",
    "operating_status_info": null,
    "county_fips": null,
    "county_source": null,
    "market": null
   }
  },
  {
   "type": "Feature",
   "id": "vha_508GS",
   "geometry": {
    "type": "Point",
    "coordinates": [
     -84.33511087,
     33.11780147
    ]
   },
   "properties": {
    "id": "vha_508GS",
    "name": "Pike County VA Clinic",
    "facility_type": "va_health_facility",
    "classification": "Multi-Specialty CBOC",
    "zip5": "30295",
    "city": "Zebulon",
    "state": "GA",
    "visn": "7",
    "health_care_system": "VA Atlanta health care",
    "operating_status": "NORMAL",
    "operating_status_info": null,
    "county_fips": null,
    "county_source": null,
    "market": null
   }
  },
  {
   "type": "Feature",
   "id": "vha_508QC",
   "geometry": {
    "type": "Point",
    "coordinates": [
     -84.25903106,
     33.85242992
    ]
   },
   "properties": {
    "id": "vha_508QC",
    "name": "Henderson Mill VA Clinic",
    "facility_type": "va_health_facility",
    "classification": "Other Outpatient Services (OOS)",
    "zip5": "30345",
    "city": "Atlanta",
    "state": "GA",
    "visn": "7",
    "health_care_system": "VA Atlanta health care",
    "operating_status": "NORMAL",
    "operating_status_info": null,
    "county_fips": null,
    "county_source": null,
    "market": null
   }
  },
  {
   "type": "Feature",
   "id": "vha_508QE",
   "geometry": {
    "type": "Point",
    "coordinates": [
     -84.03521497,
     33.96962413
    ]
   },
   "properties": {
    "id": "vha_508QE",
    "name": "Gwinnett County VA Clinic",
    "facility_type": "va_health_facility",
    "classification": "Primary Care CBOC",
    "zip5": "30043",
    "city": "Lawrenceville",
    "state": "GA",
    "visn": "7",
    "health_care_system": "VA Atlanta health care",
    "operating_status": "NORMAL",
    "operating_status_info": null,
    "county_fips": null,
    "county_source": null,
    "market": null
   }
  },
  {
   "type": "Feature",
   "id": "vha_508QF",
   "geometry": {
    "type": "Point",
    "coordinates": [
     -84.27757463,
     33.78142043
    ]
   },
   "properties": {
    "id": "vha_508QF",
    "name": "Atlanta VA Clinic",
    "facility_type": "va_health_facility",
    "classification": "Multi-Specialty CBOC",
    "zip5": "30030",
    "city": "Decatur",
    "state": "GA",
    "visn": "7",
    "health_care_system": "VA Atlanta health care",
    "operating_status": "NORMAL",
    "operating_status_info": null,
    "county_fips": null,
    "county_source": null,
    "market": null
   }
  },
  {
   "type": "Feature",
   "id": "vha_508QH",
   "geometry": {
    "type": "Point",
    "coordinates": [
     -84.446928,
     33.6132
    ]
   },
   "properties": {
    "id": "vha_508QH",
    "name": "South Fulton County VA Clinic",
    "facility_type": "va_health_facility",
    "classification": "Other Outpatient Services (OOS)",
    "zip5": "30349",
    "city": "College Park",
    "state": "GA",
    "visn": "7",
    "health_care_system": "VA Atlanta health care",
    "operating_status": "NORMAL",
    "operating_status_info": null,
    "county_fips": null,
    "county_source": null,
    "market": null
   }
  },
  {
   "type": "Feature",
   "id": "vha_508QI",
   "geometry": {
    "type": "Point",
    "coordinates": [
     -84.3134265,
     33.849333
    ]
   },
   "properties": {
    "id": "vha_508QI",
    "name": "North DeKalb County VA Clinic",
    "facility_type": "va_health_facility",
    "classification": "Other Outpatient Services (OOS)",
    "zip5": "30329",
    "city": "Brookhaven",
    "state": "GA",
    "visn": "7",
    "health_care_system": "VA Atlanta health care",
    "operating_status": "NORMAL",
    "operating_status_info": null,
    "county_fips": null,
    "county_source": null,
    "market": null
   }
  },
  {
   "type": "Feature",
   "id": "vha_508QJ",
   "geometry": {
    "type": "Point",
    "coordinates": [
     -84.24925751,
     33.85370616
    ]
   },
   "properties": {
    "id": "vha_508QJ",
    "name": "Tucker VA Clinic",
    "facility_type": "va_health_facility",
    "classification": "Multi-Specialty CBOC",
    "zip5": "30345",
    "city": "Atlanta",
    "state": "GA",
    "visn": "7",
    "health_care_system": "VA Atlanta health care",
    "operating_status": "NORMAL",
    "operating_status_info": null,
    "county_fips": null,
    "county_source": null,
    "market": null
   }
  },
  {
   "type": "Feature",
   "id": "vha_508QK",
   "geometry": {
    "type": "Point",
    "coordinates": [
     -84.31041274,
     33.80258094
    ]
   },
   "properties": {
    "id": "vha_508QK",
    "name": "Atlanta VA Mobile Medical Unit",
    "facility_type": "va_health_facility",
    "classification": "Other Outpatient Services (OOS)",
    "zip5": "30033",
    "city": "Decatur",
    "state": "GA",
    "visn": "7",
    "health_care_system": "VA Atlanta health care",
    "operating_status": "NORMAL",
    "operating_status_info": null,
    "county_fips": null,
    "county_source": null,
    "market": null
   }
  },
  {
   "type": "Feature",
   "id": "vha_509",
   "geometry": {
    "type": "Point",
    "coordinates": [
     -81.986535,
     33.4728
    ]
   },
   "properties": {
    "id": "vha_509",
    "name": "Charlie Norwood Department of Veterans Affairs Medical Center",
    "facility_type": "va_health_facility",
    "classification": "VA Medical Center (VAMC)",
    "zip5": "30904",
    "city": "Augusta",
    "state": "GA",
    "visn": "7",
    "health_care_system": "VA Augusta health care",
    "operating_status": "NORMAL",
    "operating_status_info": null,
    "county_fips": null,
    "county_source": null,
    "market": null
   }
  },
  {
   "type": "Feature",
   "id": "vha_509A0",
   "geometry": {
    "type": "Point",
    "coordinates": [
     -82.02573279,
     33.46768426
    ]
   },
   "properties": {
    "id": "vha_509A0",
    "name": "Augusta VA Medical Center-Uptown",
    "facility_type": "va_health_facility",
    "classification": "VA Medical Center (VAMC)",
    "zip5": "30904",
    "city": "Augusta",
    "state": "GA",
    "visn": "7",
    "health_care_system": "VA Augusta health care",
    "operating_status": "NORMAL",
    "operating_status_info": null,
    "county_fips": null,
    "county_source": null,
    "market": null
   }
  },
  {
   "type": "Feature",
   "id": "vha_509GA",
   "geometry": {
    "type": "Point",
    "coordinates": [
     -83.34274468,
     33.98818461
    ]
   },
   "properties": {
    "id": "vha_509GA",
    "name": "Athens VA Clinic",
    "facility_type": "va_health_facility",
    "classification": "Multi-Specialty CBOC",
    "zip5": "30601",
    "city": "Athens",
    "state": "GA",
    "visn": "7",
    "health_care_system": "VA Augusta health care",
    "operating_status": "NORMAL",
    "operating_status_info": null,
    "county_fips": null,
    "county_source": null,
    "market": null
   }
  },
  {
   "type": "Feature",
   "id": "vha_509GB",
   "geometry": {
    "type": "Point",
    "coordinates": [
     -81.72036516,
     33.52106695
    ]
   },
   "properties": {
    "id": "vha_509GB",
    "name": "Aiken VA Clinic",
    "facility_type": "va_health_facility",
    "classification": "Multi-Specialty CBOC",
    "zip5": "29803",
    "city": "Aiken",
    "state": "SC",
    "visn": "7",
    "health_care_system": "VA Augusta health care",
    "operating_status": "NORMAL",
    "operating_status_info": null,
    "county_fips": null,
    "county_source": null,
    "market": null
   }
  },
  {
   "type": "Feature",
   "id": "vha_509QA",
   "geometry": {
    "type": "Point",
    "coordinates": [
     -81.76608127,
     32.44099844
    ]
   },
   "properties": {
    "id": "vha_509QA",
    "name": "Ray Hendrix Department Of Veterans Affairs Clinic",
    "facility_type": "va_health_facility",
    "classification": "Primary Care CBOC",
    "zip5": "30458",
    "city": "Statesboro",
    "state": "GA",
    "visn": "7",
    "health_care_system": "VA Augusta health care",
    "operating_status": "NORMAL",
    "operating_status_info": null,
    "county_fips": null,
    "county_source": null,
    "market": null
   }
  },
  {
   "type": "Feature",
   "id": "vha_509QB",
   "geometry": {
    "type": "Point",
    "coordinates": [
     -83.39020336,
     33.94858469
    ]
   },
   "properties": {
    "id": "vha_509QB",
    "name": "Athens Baxter Street VA Clinic",
    "facility_type": "va_health_facility",
    "classification": "Other Outpatient Services (OOS)",
    "zip5": "30606",
    "city": "Athens",
    "state": "GA",
    "visn": "7",
    "health_care_system": "VA Augusta health care",
    "operating_status": "NORMAL",
    "operating_status_info": null,
    "county_fips": null,
    "county_source": null,
    "market": null
   }
  },
  {
   "type": "Feature",
   "id": "vha_509QC",
   "geometry": {
    "type": "Point",
    "coordinates": [
     -81.98293689,
     33.47221033
    ]
   },
   "properties": {
    "id": "vha_509QC",
    "name": "Augusta VA Clinic",
    "facility_type": "va_health_facility",
    "classification": "Other Outpatient Services (OOS)",
    "zip5": "30901",
    "city": "Augusta",
    "state": "GA",
    "visn": "7",
    "health_care_system": "VA Augusta health care",
    "operating_status": "NORMAL",
    "operating_status_info": null,
    "county_fips": null,
    "county_source": null,
    "market": null
   }
  },
  {
   "type": "Feature",
   "id": "vha_512",
   "geometry": {
    "type": "Point",
    "coordinates": [
     -76.6244745,
     39.289743
    ]
   },
   "properties": {
    "id": "vha_512",
    "name": "Baltimore VA Medical Center",
    "facility_type": "va_health_facility",
    "classification": "VA Medical Center (VAMC)",
    "zip5": "21201",
    "city": "Baltimore",
    "state": "MD",
    "visn": "5",
    "health_care_system": "VA Maryland health care",
    "operating_status": "NORMAL",
    "operating_status_info": null,
    "county_fips": null,
    "county_source": null,
    "market": null
   }
  },
  {
   "type": "Feature",
   "id": "vha_512A5",
   "geometry": {
    "type": "Point",
    "coordinates": [
     -76.06603678,
     39.55124523
    ]
   },
   "properties": {
    "id": "vha_512A5",
    "name": "Perry Point VA Medical Center",
    "facility_type": "va_health_facility",
    "classification": "VA Medical Center (VAMC)",
    "zip5": "21902",
    "city": "Perry Point",
    "state": "MD",
    "visn": "5",
    "health_care_system": "VA Maryland health care",
    "operating_status": "NORMAL",
    "operating_status_info": null,
    "county_fips": null,
    "county_source": null,
    "market": null
   }
  },
  {
   "type": "Feature",
   "id": "vha_512GA",
   "geometry": {
    "type": "Point",
    "coordinates": [
     -76.05350795,
     38.55080039
    ]
   },
   "properties": {
    "id": "vha_512GA",
    "name": "Cambridge VA Clinic",
    "facility_type": "va_health_facility",
    "classification": "Multi-Specialty CBOC",
    "zip5": "21613",
    "city": "Cambridge",
    "state": "MD",
    "visn": "5",
    "health_care_system": "VA Maryland health care",
    "operating_status": "NORMAL",
    "operating_status_info": null,
    "county_fips": null,
    "county_source": null,
    "market": null
   }
  },
  {
   "type": "Feature",
   "id": "vha_512GC",
   "geometry": {
    "type": "Point",
    "coordinates": [
     -76.64263946,
     39.14822906
    ]
   },
   "properties": {
    "id": "vha_512GC",
    "name": "Glen Burnie VA Clinic",
    "facility_type": "va_health_facility",
    "classification": "Multi-Specialty CBOC",
    "zip5": "21061",
    "city": "Glen Burnie",
    "state": "MD",
    "visn": "5",
    "health_care_system": "VA Maryland health care",
    "operating_status": "NORMAL",
    "operating_status_info": null,
    "county_fips": null,
    "county_source": null,
    "market": null
   }
  },
  {
   "type": "Feature",
   "id": "vha_512GD",
   "geometry": {
    "type": "Point",
    "coordinates": [
     -76.59749567,
     39.33617627
    ]
   },
   "properties": {
    "id": "vha_512GD",
    "name": "Loch Raven VA Medical Center",
    "facility_type": "va_health_facility",
    "classification": "VA Medical Center (VAMC)",
    "zip5": "21218",
    "city": "Baltimore",
    "state": "MD",
    "visn": "5",
    "health_care_system": "VA Maryland health care",
    "operating_status": "NORMAL",
    "operating_status_info": null,
    "county_fips": null,
    "county_source": null,
    "market": null
   }
  },
  {
   "type": "Feature",
   "id": "vha_512GE",
   "geometry": {
    "type": "Point",
    "coordinates": [
     -75.54891254,
     38.06169422
    ]
   },
   "properties": {
    "id": "vha_512GE",
    "name": "Pocomoke City VA Clinic",
    "facility_type": "va_health_facility",
    "classification": "Primary Care CBOC",
    "zip5": "21851",
    "city": "Pocomoke City",
    "state": "MD",
    "visn": "5",
    "health_care_system": "VA Maryland health care",
    "operating_status": "NORMAL",
    "operating_status_info": null,
    "county_fips": null,
    "county_source": null,
    "market": null
   }
  },
  {
   "type": "Feature",
   "id": "vha_512GF",
   "geometry": {
    "type": "Point",
    "coordinates": [
     -76.47052255,
     39.35782227
    ]
   },
   "properties": {
    "id": "vha_512GF",
    "name": "Eastern Baltimore County VA Clinic",
    "facility_type": "va_health_facility",
    "classification": "Primary Care CBOC",
    "zip5": "21237",
    "city": "Rosedale",
    "state": "MD",
    "visn": "5",
    "health_care_system": "VA Maryland health care",
    "operating_status": "NORMAL",
    "operating_status_info": null,
    "county_fips": null,
    "county_source": null,
    "market": null
   }
  },
  {
   "type": "Feature",
   "id": "vha_512GG",
   "geometry": {
    "type": "Point",
    "coordinates": [
     -76.72880548,
     39.09661679
    ]
   },
   "properties": {
    "id": "vha_512GG",
    "name": "Fort Meade VA Clinic",
    "facility_type": "va_health_facility",
    "classification": "Primary Care CBOC",
    "zip5": "20755",
    "city": "Fort Meade",
    "state": "MD",
    "visn": "5",
    "health_care_system": "VA Maryland health care",
    "operating_status": "NORMAL",
    "operating_status_info": null,
    "county_fips": null,
    "county_source": null,
    "market": null
   }
  },
  {
   "type": "Feature",
   "id": "vha_512QA",
   "geometry": {
    "type": "Point",
    "coordinates": [
     -76.6184445,
     39.290193
    ]
   },
   "properties": {
    "id": "vha_512QA",
    "name": "Baltimore VA Clinic",
    "facility_type": "va_health_facility",
    "classification": "Other Outpatient Services (OOS)",
    "zip5": "21201",
    "city": "Baltimore",
    "state": "MD",
    "visn": "5",
    "health_care_system": "VA Maryland health care",
    "operating_status": "NORMAL",
    "operating_status_info": null,
    "county_fips": null,
    "county_source": null,
    "market": null
   }
  },
  {
   "type": "Feature",
   "id": "vha_515",
   "geometry": {
    "type": "Point",
    "coordinates": [
     -85.29793384,
     42.3472323
    ]
   },
   "properties": {
    "id": "vha_515",
    "name": "Battle Creek VA Medical Center",
    "facility_type": "va_health_facility",
    "classification": "VA Medical Center (VAMC)",
    "zip5": "49037",
    "city": "Battle Creek",
    "state": "MI",
    "visn": "10",
    "health_care_system": "VA Battle Creek health care",
    "operating_status": "NORMAL",
    "operating_status_info": null,
    "county_fips": null,
    "county_source": null,
    "market": null
   }
  },
  {
   "type": "Feature",
   "id": "vha_515BY",
   "geometry": {
    "type": "Point",
    "coordinates": [
     -85.71426122,
     42.85817905
    ]
   },
   "properties": {
    "id": "vha_515BY",
    "name": "Wyoming VA Clinic",
    "facility_type": "va_health_facility",
    "classification": "Multi-Specialty CBOC",
    "zip5": "49519",
    "city": "Wyoming",
    "state": "MI",
    "visn": "10",
    "health_care_system": "VA Battle Creek health care",
    "operating_status": "NORMAL",
    "operating_status_info": null,
    "county_fips": null,
    "county_source": null,
    "market": null
   }
  },
  {
   "type": "Feature",
   "id": "vha_515GA",
   "geometry": {
    "type": "Point",
    "coordinates": [
     -86.17581711,
     43.2342933
    ]
   },
   "properties": {
    "id": "vha_515GA",
    "name": "Muskegon VA Clinic",
    "facility_type": "va_health_facility",
    "classification": "Multi-Specialty CBOC",
    "zip5": "49442",
    "city": "Muskegon",
    "state": "MI",
    "visn": "10",
    "health_care_system": "VA Battle Creek health care",
    "operating_status": "NORMAL",
    "operating_status_info": null,
    "county_fips": null,
    "county_source": null,
    "market": null
   }
  },
  {
   "type": "Feature",
   "id": "vha_515GB",
   "geometry": {
    "type": "Point",
    "coordinates": [
     -84.54717983,
     42.67517853
    ]
   },
   "properties": {
    "id": "vha_515GB",
    "name": "Lansing VA Clinic",
    "facility_type": "va_health_facility",
    "classification": "Multi-Specialty CBOC",
    "zip5": "48911",
    "city": "Lansing",
    "state": "MI",
    "visn": "10",
    "health_care_system": "VA Battle Creek health care",
    "operating_status": "NORMAL",
    "operating_status_info": null,
    "county_fips": null,
    "county_source": null,
    "market": null
   }
  },
  {
   "type": "Feature",
   "id": "vha_515GC",
   "geometry": {
    "type": "Point",
    "coordinates": [
     -86.42526399,
     42.08192662
    ]
   },
   "properties": {
    "id": "vha_515GC",
    "name": "Benton Harbor VA Clinic",
    "facility_type": "va_health_facility",
    "classification": "Primary Care CBOC",
    "zip5": "49022",
    "city": "Benton Harbor",
    "state": "MI",
    "visn": "10",
    "health_care_system": "VA Battle Creek health care",
    "operating_status": "NORMAL",
    "operating_status_info": null,
    "county_fips": null,
    "county_source": null,
    "market": null
   }
  },
  {
   "type": "Feature",
   "id": "vha_515QB",
   "geometry": {
    "type": "Point",
    "coordinates": [
     -85.67388033,
     42.95174401
    ]
   },
   "properties": {
    "id": "vha_515QB",
    "name": "Century Avenue VA Clinic",
    "facility_type": "va_health_facility",
    "classification": "Other Outpatient Services (OOS)",
    "zip5": "49503",
    "city": "Grand Rapids",
    "state": "MI",
    "visn": "10",
    "health_care_system": "VA Battle Creek health care",
    "operating_status": "NORMAL",
    "operating_status_info": null,
    "county_fips": null,
    "county_source": null,
    "market": null
   }
  },
  {
   "type": "Feature",
   "id": "vha_516",
   "geometry": {
    "type": "Point",
    "coordinates": [
     -82.77938903,
     27.81385653
    ]
   },
   "properties": {
    "id": "vha_516",
    "name": "C.W. Bill Young Department of Veterans Affairs Medical Center",
    "facility_type": "va_health_facility",
    "classification": "VA Medical Center (VAMC)",
    "zip5": "33744",
    "city": "Bay Pines",
    "state": "FL",
    "visn": "8",
    "health_care_system": "VA Bay Pines health care",
    "operating_status": "NORMAL",
    "operating_status_info": null,
    "county_fips": null,
    "county_source": null,
    "market": null
   }
  },
  {
   "type": "Feature",
   "id": "vha_516BZ",
   "geometry": {
    "type": "Point",
    "coordinates": [
     -81.9200115,
     26.685315
    ]
   },
   "properties": {
    "id": "vha_516BZ",
    "name": "Lee County VA Clinic",
    "facility_type": "va_health_facility",
    "classification": "Health Care Center (HCC)",
    "zip5": "33909",
    "city": "Cape Coral",
    "state": "FL",
    "visn": "8",
    "health_care_system": "VA Bay Pines health care",
    "operating_status": "NORMAL",
    "operating_status_info": null,
    "county_fips": null,
    "county_source": null,
    "market": null
   }
  },
  {
   "type": "Feature",
   "id": "vha_516GA",
   "geometry": {
    "type": "Point",
    "coordinates": [
     -82.45631465,
     27.29876551
    ]
   },
   "properties": {
    "id": "vha_516GA",
    "name": "Sarasota VA Clinic",
    "facility_type": "va_health_facility",
    "classification": "Multi-Specialty CBOC",
    "zip5": "34233",
    "city": "Sarasota",
    "state": "FL",
    "visn": "8",
    "health_care_system": "VA Bay Pines health care",
    "operating_status": "NORMAL",
    "operating_status_info": null,
    "county_fips": null,
    "county_source": null,
    "market": null
   }
  },
  {
   "type": "Feature",
   "id": "vha_516GB",
   "geometry": {
    "type": "Point",
    "coordinates": [
     -82.6472745,
     27.78066
    ]
   },
   "properties": {
    "id": "vha_516GB",
    "name": "St. Petersburg VA Clinic",
    "facility_type": "va_health_facility",
    "classification": "Primary Care CBOC",
    "zip5": "33705",
    "city": "St. Petersburg",
    "state": "FL",
    "visn": "8",
    "health_care_system": "VA Bay Pines health care",
    "operating_status": "NORMAL",
    "operating_status_info": null,
    "county_fips": null,
    "county_source": null,
    "market": null
   }
  },
  {
   "type": "Feature",
   "id": "vha_516GC",
   "geometry": {
    "type": "Point",
    "coordinates": [
     -82.73506757,
     28.01247995
    ]
   },
   "properties": {
    "id": "vha_516GC",
    "name": "North Pinellas VA Clinic",
    "facility_type": "va_health_facility",
    "classification": "Primary Care CBOC",
    "zip5": "33761",
    "city": "Clearwater",
    "state": "FL",
    "visn": "8",
    "health_care_system": "VA Bay Pines health care",
    "operating_status": "NORMAL",
    "operating_status_info": null,
    "county_fips": null,
    "county_source": null,
    "market": null
   }
  },
  {
   "type": "Feature",
   "id": "vha_516GD",
   "geometry": {
    "type": "Point",
    "coordinates": [
     -82.4925465,
     27.492975
    ]
   },
   "properties": {
    "id": "vha_516GD",
    "name": "Bradenton VA Clinic",
    "facility_type": "va_health_facility",
    "classification": "Multi-Specialty CBOC",
    "zip5": "34208",
    "city": "Bradenton",
    "state": "FL",
    "visn": "8",
    "health_care_system": "VA Bay Pines health care",
    "operating_status": "NORMAL",
    "operating_status_info": null,
    "county_fips": null,
    "county_source": null,
    "market": null
   }
  },
  {
   "type": "Feature",
   "id": "vha_516GE",
   "geometry": {
    "type": "Point",
    "coordinates": [
     -82.082466,
     26.966556
    ]
   },
   "properties": {
    "id": "vha_516GE",
    "name": "Port Charlotte VA Clinic",
    "facility_type": "va_health_facility",
    "classification": "Multi-Specialty CBOC",
    "zip5": "33952",
    "city": "Port Charlotte",
    "state": "FL",
    "visn": "8",
    "health_care_system": "VA Bay Pines health care",
    "operating_status": "NORMAL",
    "operating_status_info": null,
    "county_fips": null,
    "county_source": null,
    "market": null
   }
  },
  {
   "type": "Feature",
   "id": "vha_516GF",
   "geometry": {
    "type": "Point",
    "coordinates": [
     -81.78695934,
     26.15943177
    ]
   },
   "properties": {
    "id": "vha_516GF",
    "name": "Naples VA Clinic",
    "facility_type": "va_health_facility",
    "classification": "Primary Care CBOC",
    "zip5": "34102",
    "city": "Naples",
    "state": "FL",
    "visn": "8",
    "health_care_system": "VA Bay Pines health care",
    "operating_status": "NORMAL",
    "operating_status_info": null,
    "county_fips": null,
    "county_source": null,
    "market": null
   }
  },
  {
   "type": "Feature",
   "id": "vha_516GH",
   "geometry": {
    "type": "Point",
    "coordinates": [
     -81.49647989,
     27.50810258
    ]
   },
   "properties": {
    "id": "vha_516GH",
    "name": "Sebring VA Clinic",
    "facility_type": "va_health_facility",
    "classification": "Primary Care CBOC",
    "zip5": "33870",
    "city": "Sebring",
    "state": "FL",
    "visn": "8",
    "health_care_system": "VA Bay Pines health care",
    "operating_status": "NORMAL",
    "operating_status_info": null,
    "county_fips": null,
    "county_source": null,
    "market": null
   }
  },
  {
   "type": "Feature",
   "id": "vha_516QA",
   "geometry": {
    "type": "Point",
    "coordinates": [
     -82.7754345,
     27.808767
    ]
   },
   "properties": {
    "id": "vha_516QA",
    "name": "Bay Pines VA Mobile Medical Unit",
    "facility_type": "va_health_facility",
    "classification": "Other Outpatient Services (OOS)",
    "zip5": "33744",
    "city": "Bay Pines",
    "state": "FL",
    "visn": "8",
    "health_care_system": "VA Bay Pines health care",
    "operating_status": "NORMAL",
    "operating_status_info": null,
    "county_fips": null,
    "county_source": null,
    "market": null
   }
  },
  {
   "type": "Feature",
   "id": "vha_517",
   "geometry": {
    "type": "Point",
    "coordinates": [
     -81.19195132,
     37.76603684
    ]
   },
   "properties": {
    "id": "vha_517",
    "name": "Beckley VA Medical Center",
    "facility_type": "va_health_facility",
    "classification": "VA Medical Center (VAMC)",
    "zip5": "25801",
    "city": "Beckley",
    "state": "WV",
    "visn": "5",
    "health_care_system": "VA Beckley health care",
    "operating_status": "NORMAL",
    "operating_status_info": null,
    "county_fips": null,
    "county_source": null,
    "market": null
   }
  },
  {
   "type": "Feature",
   "id": "vha_517GB",
   "geometry": {
    "type": "Point",
    "coordinates": [
     -80.46300558,
     37.76977742
    ]
   },
   "properties": {
    "id": "vha_517GB",
    "name": "Greenbrier County VA Clinic",
    "facility_type": "va_health_facility",
    "classification": "Other Outpatient Services (OOS)",
    "zip5": "24970",
    "city": "Ronceverte",
    "state": "WV",
    "visn": "5",
    "health_care_system": "VA Beckley health care",
    "operating_status": "NORMAL",
    "operating_status_info": null,
    "county_fips": null,
    "county_source": null,
    "market": null
   }
  },
  {
   "type": "Feature",
   "id": "vha_517HK",
   "geometry": {
    "type": "Point",
    "coordinates": [
     -81.19268916,
     37.76511805
    ]
   },
   "properties": {
    "id": "vha_517HK",
    "name": "Beckley VA Mobile Medical Unit",
    "facility_type": "va_health_facility",
    "classification": "Other Outpatient Services (OOS)",
    "zip5": "25801",
    "city": "Beckley",
    "state": "WV",
    "visn": "5",
    "health_care_system": "VA Beckley health care",
    "operating_status": "TEMPORARY_CLOSURE",
    "operating_status_info": "The Mobile Medical Unit is not currently being utilized for health care services.",
    "county_fips": null,
    "county_source": null,
    "market": null
   }
  },
  {
   "type": "Feature",
   "id": "vha_517QA",
   "geometry": {
    "type": "Point",
    "coordinates": [
     -81.10734934,
     37.35941427
    ]
   },
   "properties": {
    "id": "vha_517QA",
    "name": "Princeton VA Clinic",
    "facility_type": "va_health_facility",
    "classification": "Primary Care CBOC",
    "zip5": "24740",
    "city": "Princeton",
    "state": "WV",
    "visn": "5",
    "health_care_system": "VA Beckley health care",
    "operating_status": "NORMAL",
    "operating_status_info": null,
    "county_fips": null,
    "county_source": null,
    "market": null
   }
  },
  {
   "type": "Feature",
   "id": "vha_518",
   "geometry": {
    "type": "Point",
    "coordinates": [
     -71.2726766,
     42.50367478
    ]
   },
   "properties": {
    "id": "vha_518",
    "name": "Edith Nourse Rogers Memorial Veterans' Hospital",
    "facility_type": "va_health_facility",
    "classification": "VA Medical Center (VAMC)",
    "zip5": "01730",
    "city": "Bedford",
    "state": "MA",
    "visn": "1",
    "health_care_system": "VA Bedford health care",
    "operating_status": "NORMAL",
    "operating_status_info": null,
    "county_fips": null,
    "county_source": null,
    "market": null
   }
  },
  {
   "type": "Feature",
   "id": "vha_518GA",
   "geometry": {
    "type": "Point",
    "coordinates": [
     -70.960023,
     42.470514
    ]
   },
   "properties": {
    "id": "vha_518GA",
    "name": "Lynn VA Clinic",
    "facility_type": "va_health_facility",
    "classification": "Multi-Specialty CBOC",
    "zip5": "01904",
    "city": "Lynn",
    "state": "MA",
    "visn": "1",
    "health_care_system": "VA Bedford health care",
    "operating_status": "NORMAL",
    "operating_status_info": null,
    "county_fips": null,
    "county_source": null,
    "market": null
   }
  },
  {
   "type": "Feature",
   "id": "vha_518GB",
   "geometry": {
    "type": "Point",
    "coordinates": [
     -71.0679465,
     42.776001
    ]
   },
   "properties": {
    "id": "vha_518GB",
    "name": "Haverhill VA Clinic",
    "facility_type": "va_health_facility",
    "classification": "Multi-Specialty CBOC",
    "zip5": "01830",
    "city": "Haverhill",
    "state": "MA",
    "visn": "1",
    "health_care_system": "VA Bedford health care",
    "operating_status": "NOTICE",
    "operating_status_info": "Our Primary Care service has expanded to a larger setting and the entrance now faces Hope Avenue, on the opposite side of Summer Street, at the back of the Medical Arts Center. Specialty Care services have moved into the former Primary Care location facing Mill Street.",
    "county_fips": null,
    "county_source": null,
    "market": null
   }
  },
  {
   "type": "Feature",
   "id": "vha_518GE",
   "geometry": {
    "type": "Point",
    "coordinates": [
     -70.66075311,
     42.61311041
    ]
   },
   "properties": {
    "id": "vha_518GE",
    "name": "Gloucester VA Clinic",
    "facility_type": "va_health_facility",
    "classification": "Primary Care CBOC",
    "zip5": "01930",
    "city": "Gloucester",
    "state": "MA",
    "visn": "1",
    "health_care_system": "VA Bedford health care",
    "operating_status": "NORMAL",
    "operating_status_info": null,
    "county_fips": null,
    "county_source": null,
    "market": null
   }
  },
  {
   "type": "Feature",
   "id": "vha_519",
   "geometry": {
    "type": "Point",
    "coordinates": [
     -101.47112688,
     32.23192581
    ]
   },
   "properties": {
    "id": "vha_519",
    "name": "George H. O'Brien, Jr., Department of Veterans Affairs Medical Center",
    "facility_type": "va_health_facility",
    "classification": "VA Medical Center (VAMC)",
    "zip5": "79720",
    "city": "Big Spring",
    "state": "TX",
    "visn": "17",
    "health_care_system": "VA West Texas health care",
    "operating_status": "NORMAL",
    "operating_status_info": null,
    "county_fips": null,
    "county_source": null,
    "market": null
   }
  },
  {
   "type": "Feature",
   "id": "vha_519GA",
   "geometry": {
    "type": "Point",
    "coordinates": [
     -102.288618,
     31.92102
    ]
   },
   "properties": {
    "id": "vha_519GA",
    "name": "Wilson and Young Medal of Honor VA Clinic",
    "facility_type": "va_health_facility",
    "classification": "Multi-Specialty CBOC",
    "zip5": "79765",
    "city": "Odessa",
    "state": "TX",
    "visn": "17",
    "health_care_system": "VA West Texas health care",
    "operating_status": "NORMAL",
    "operating_status_info": null,
    "county_fips": null,
    "county_source": null,
    "market": null
   }
  },
  {
   "type": "Feature",
   "id": "vha_519GB",
   "geometry": {
    "type": "Point",
    "coordinates": [
     -103.13638371,
     32.71213758
    ]
   },
   "properties": {
    "id": "vha_519GB",
    "name": "Hobbs VA Clinic",
    "facility_type": "va_health_facility",
    "classification": "Other Outpatient Services (OOS)",
    "zip5": "88240",
    "city": "Hobbs",
    "state": "NM",
    "visn": "17",
    "health_care_system": "VA West Texas health care",
    "operating_status": "NOTICE",
    "operating_status_info": "The main phone and Mental Health Care phone lines have temporarily changed to 800-472-1365, ext. 2221. Please make a note of the temporary number. \r\n\r\nWe are experiencing technical issues with our standard 575-exchange lines and this 800-number will temporarily resolve the issue.",
    "county_fips": null,
    "county_source": null,
    "market": null
   }
  },
  {
   "type": "Feature",
   "id": "vha_519GD",
   "geometry": {
    "type": "Point",
    "coordinates": [
     -102.9089373,
     30.89597115
    ]
   },
   "properties": {
    "id": "vha_519GD",
    "name": "Fort Stockton VA Clinic",
    "facility_type": "va_health_facility",
    "classification": "Other Outpatient Services (OOS)",
    "zip5": "79735",
    "city": "Fort Stockton",
    "state": "TX",
    "visn": "17",
    "health_care_system": "VA West Texas health care",
    "operating_status": "NORMAL",
    "operating_status_info": null,
    "county_fips": null,
    "county_source": null,
    "market": null
   }
  },
  {
   "type": "Feature",
   "id": "vha_519HC",
   "geometry": {
    "type": "Point",
    "coordinates": [
     -99.766152,
     32.404671
    ]
   },
   "properties": {
    "id": "vha_519HC",
    "name": "Abilene VA Clinic",
    "facility_type": "va_health_facility",
    "classification": "Multi-Specialty CBOC",
    "zip5": "79606",
    "city": "Abilene",
    "state": "TX",
    "visn": "17",
    "health_care_system": "VA West Texas health care",
    "operating_status": "NORMAL",
    "operating_status_info": null,
    "county_fips": null,
    "county_source": null,
    "market": null
   }
  },
  {
   "type": "Feature",
   "id": "vha_519HF",
   "geometry": {
    "type": "Point",
    "coordinates": [
     -100.49589776,
     31.4251648
    ]
   },
   "properties": {
    "id": "vha_519HF",
    "name": "Colonel Charles and JoAnne Powell VA Clinic",
    "facility_type": "va_health_facility",
    "classification": "Multi-Specialty CBOC",
    "zip5": "76904",
    "city": "San Angelo",
    "state": "TX",
    "visn": "17",
    "health_care_system": "VA West Texas health care",
    "operating_status": "NORMAL",
    "operating_status_info": null,
    "county_fips": null,
    "county_source": null,
    "market": null
   }
  },
  {
   "type": "Feature",
   "id": "vha_519QA",
   "geometry": {
    "type": "Point",
    "coordinates": [
     -101.47111428,
     32.23183333
    ]
   },
   "properties": {
    "id": "vha_519QA",
    "name": "Big Spring VA Mobile Medical Unit",
    "facility_type": "va_health_facility",
    "classification": "Other Outpatient Services (OOS)",
    "zip5": "79720",
    "city": "Big Spring",
    "state": "TX",
    "visn": "17",
    "health_care_system": "VA West Texas health care",
    "operating_status": "NORMAL",
    "operating_status_info": null,
    "county_fips": null,
    "county_source": null,
    "market": null
   }
  },
  {
   "type": "Feature",
   "id": "vha_519QB",
   "geometry": {
    "type": "Point",
    "coordinates": [
     -101.47112534,
     32.23178857
    ]
   },
   "properties": {
    "id": "vha_519QB",
    "name": "Big Spring 2 VA Mobile Medical Unit",
    "facility_type": "va_health_facility",
    "classification": "Other Outpatient Services (OOS)",
    "zip5": "79720",
    "city": "Big Spring",
    "state": "TX",
    "visn": "17",
    "health_care_system": "VA West Texas health care",
    "operating_status": "NORMAL",
    "operating_status_info": null,
    "county_fips": null,
    "county_source": null,
    "market": null
   }
  },
  {
   "type": "Feature",
   "id": "vha_519QC",
   "geometry": {
    "type": "Point",
    "coordinates": [
     -101.47112534,
     32.23178857
    ]
   },
   "properties": {
    "id": "vha_519QC",
    "name": "Big Spring 3 VA Mobile Medical Unit",
    "facility_type": "va_health_facility",
    "classification": "Other Outpatient Services (OOS)",
    "zip5": "79720",
    "city": "Big Spring",
    "state": "TX",
    "visn": "17",
    "health_care_system": "VA West Texas health care",
    "operating_status": "NORMAL",
    "operating_status_info": null,
    "county_fips": null,
    "county_source": null,
    "market": null
   }
  },
  {
   "type": "Feature",
   "id": "vha_519QD",
   "geometry": {
    "type": "Point",
    "coordinates": [
     -101.47115526,
     32.23186689
    ]
   },
   "properties": {
    "id": "vha_519QD",
    "name": "Big Spring 4 VA Mobile Clinic",
    "facility_type": "va_health_facility",
    "classification": "Other Outpatient Services (OOS)",
    "zip5": "79720",
    "city": "Big Spring",
    "state": "TX",
    "visn": "17",
    "health_care_system": null,
    "operating_status": "NORMAL",
    "operating_status_info": null,
    "county_fips": null,
    "county_source": null,
    "market": null
   }
  },
  {
   "type": "Feature",
   "id": "vha_520",
   "geometry": {
    "type": "Point",
    "coordinates": [
     -88.9471823,
     30.40904262
    ]
   },
   "properties": {
    "id": "vha_520",
    "name": "Biloxi VA Medical Center",
    "facility_type": "va_health_facility",
    "classification": "VA Medical Center (VAMC)",
    "zip5": "39531",
    "city": "Biloxi",
    "state": "MS",
    "visn": "16",
    "health_care_system": "VA Gulf Coast health care",
    "operating_status": "NORMAL",
    "operating_status_info": null,
    "county_fips": null,
    "county_source": null,
    "market": null
   }
  },
  {
   "type": "Feature",
   "id": "vha_520BZ",
   "geometry": {
    "type": "Point",
    "coordinates": [
     -87.29288382,
     30.40046729
    ]
   },
   "properties": {
    "id": "vha_520BZ",
    "name": "Pensacola VA Clinic",
    "facility_type": "va_health_facility",
    "classification": "Multi-Specialty CBOC",
    "zip5": "32507",
    "city": "Pensacola",
    "state": "FL",
    "visn": "16",
    "health_care_system": "VA Gulf Coast health care",
    "operating_status": "NORMAL",
    "operating_status_info": null,
    "county_fips": null,
    "county_source": null,
    "market": null
   }
  },
  {
   "type": "Feature",
   "id": "vha_520GA",
   "geometry": {
    "type": "Point",
    "coordinates": [
     -88.1571183,
     30.59883444
    ]
   },
   "properties": {
    "id": "vha_520GA",
    "name": "Mobile VA Clinic",
    "facility_type": "va_health_facility",
    "classification": "Multi-Specialty CBOC",
    "zip5": "36619",
    "city": "Mobile",
    "state": "AL",
    "visn": "16",
    "health_care_system": "VA Gulf Coast health care",
    "operating_status": "NORMAL",
    "operating_status_info": null,
    "county_fips": null,
    "county_source": null,
    "market": null
   }
  },
  {
   "type": "Feature",
   "id": "vha_520GB",
   "geometry": {
    "type": "Point",
    "coordinates": [
     -85.743216,
     30.159828
    ]
   },
   "properties": {
    "id": "vha_520GB",
    "name": "Panama City Beach VA Clinic",
    "facility_type": "va_health_facility",
    "classification": "Primary Care CBOC",
    "zip5": "32408",
    "city": "Panama City Beach",
    "state": "FL",
    "visn": "16",
    "health_care_system": "VA Gulf Coast health care",
    "operating_status": "NORMAL",
    "operating_status_info": null,
    "county_fips": null,
    "county_source": null,
    "market": null
   }
  },
  {
   "type": "Feature",
   "id": "vha_520GC",
   "geometry": {
    "type": "Point",
    "coordinates": [
     -86.55942469,
     30.46216553
    ]
   },
   "properties": {
    "id": "vha_520GC",
    "name": "Eglin Air Force Base VA Clinic",
    "facility_type": "va_health_facility",
    "classification": "Multi-Specialty CBOC",
    "zip5": "32542",
    "city": "Eglin Air Force Base",
    "state": "FL",
    "visn": "16",
    "health_care_system": "VA Gulf Coast health care",
    "operating_status": "NORMAL",
    "operating_status_info": null,
    "county_fips": null,
    "county_source": null,
    "market": null
   }
  },
  {
   "type": "Feature",
   "id": "vha_520QA",
   "geometry": {
    "type": "Point",
    "coordinates": [
     -85.81334134,
     30.19395626
    ]
   },
   "properties": {
    "id": "vha_520QA",
    "name": "Panama City Beach West VA Clinic",
    "facility_type": "va_health_facility",
    "classification": "Other Outpatient Services (OOS)",
    "zip5": "32407",
    "city": "Panama City Beach",
    "state": "FL",
    "visn": "16",
    "health_care_system": "VA Gulf Coast health care",
    "operating_status": "NORMAL",
    "operating_status_info": null,
    "county_fips": null,
    "county_source": null,
    "market": null
   }
  },
  {
   "type": "Feature",
   "id": "vha_520QB",
   "geometry": {
    "type": "Point",
    "coordinates": [
     -88.94717343,
     30.40904255
    ]
   },
   "properties": {
    "id": "vha_520QB",
    "name": "Gulf Coast West VA Mobile Medical Unit",
    "facility_type": "va_health_facility",
    "classification": "Other Outpatient Services (OOS)",
    "zip5": "39531",
    "city": "Biloxi",
    "state": "MS",
    "visn": "16",
    "health_care_system": "VA Fayetteville Coastal health care",
    "operating_status": "NORMAL",
    "operating_status_info": null,
    "county_fips": null,
    "county_source": null,
    "market": null
   }
  },
  {
   "type": "Feature",
   "id": "vha_520QC",
   "geometry": {
    "type": "Point",
    "coordinates": [
     -87.2965153,
     30.39690083
    ]
   },
   "properties": {
    "id": "vha_520QC",
    "name": "Naval Hospital Pensacola VA Clinic",
    "facility_type": "va_health_facility",
    "classification": "Other Outpatient Services (OOS)",
    "zip5": "32512",
    "city": "Pensacola",
    "state": "FL",
    "visn": "16",
    "health_care_system": "VA Gulf Coast health care",
    "operating_status": "LIMITED",
    "operating_status_info": "Monday, Wednesday and Friday \r\n\r\n10:00 - 14:00",
    "county_fips": null,
    "county_source": null,
    "market": null
   }
  },
  {
   "type": "Feature",
   "id": "vha_521",
   "geometry": {
    "type": "Point",
    "coordinates": [
     -86.8016835,
     33.504219
    ]
   },
   "properties": {
    "id": "vha_521",
    "name": "Birmingham VA Medical Center",
    "facility_type": "va_health_facility",
    "classification": "VA Medical Center (VAMC)",
    "zip5": "35233",
    "city": "Birmingham",
    "state": "AL",
    "visn": "7",
    "health_care_system": "VA Birmingham health care",
    "operating_status": "NORMAL",
    "operating_status_info": null,
    "county_fips": null,
    "county_source": null,
    "market": null
   }
  },
  {
   "type": "Feature",
   "id": "vha_521GA",
   "geometry": {
    "type": "Point",
    "coordinates": [
     -86.621211,
     34.726446
    ]
   },
   "properties": {
    "id": "vha_521GA",
    "name": "Huntsville VA Clinic",
    "facility_type": "va_health_facility",
    "classification": "Multi-Specialty CBOC",
    "zip5": "35805",
    "city": "Huntsville",
    "state": "AL",
    "visn": "7",
    "health_care_system": "VA Birmingham health care",
    "operating_status": "NORMAL",
    "operating_status_info": null,
    "county_fips": null,
    "county_source": null,
    "market": null
   }
  },
  {
   "type": "Feature",
   "id": "vha_521GC",
   "geometry": {
    "type": "Point",
    "coordinates": [
     -87.68061846,
     34.75111386
    ]
   },
   "properties": {
    "id": "vha_521GC",
    "name": "Florence VA Clinic",
    "facility_type": "va_health_facility",
    "classification": "Primary Care CBOC",
    "zip5": "35660",
    "city": "Sheffield",
    "state": "AL",
    "visn": "7",
    "health_care_system": "VA Birmingham health care",
    "operating_status": "NORMAL",
    "operating_status_info": null,
    "county_fips": null,
    "county_source": null,
    "market": null
   }
  },
  {
   "type": "Feature",
   "id": "vha_521GD",
   "geometry": {
    "type": "Point",
    "coordinates": [
     -86.03322839,
     33.96324949
    ]
   },
   "properties": {
    "id": "vha_521GD",
    "name": "Rainbow City VA Clinic",
    "facility_type": "va_health_facility",
    "classification": "Primary Care CBOC",
    "zip5": "35906",
    "city": "Gadsden",
    "state": "AL",
    "visn": "7",
    "health_care_system": "VA Birmingham health care",
    "operating_status": "NORMAL",
    "operating_status_info": null,
    "county_fips": null,
    "county_source": null,
    "market": null
   }
  },
  {
   "type": "Feature",
   "id": "vha_521GE",
   "geometry": {
    "type": "Point",
    "coordinates": [
     -85.79683268,
     33.61274559
    ]
   },
   "properties": {
    "id": "vha_521GE",
    "name": "Oxford VA Clinic",
    "facility_type": "va_health_facility",
    "classification": "Multi-Specialty CBOC",
    "zip5": "36203",
    "city": "Oxford",
    "state": "AL",
    "visn": "7",
    "health_care_system": "VA Birmingham health care",
    "operating_status": "NORMAL",
    "operating_status_info": null,
    "county_fips": null,
    "county_source": null,
    "market": null
   }
  },
  {
   "type": "Feature",
   "id": "vha_521GF",
   "geometry": {
    "type": "Point",
    "coordinates": [
     -87.2429667,
     33.83910677
    ]
   },
   "properties": {
    "id": "vha_521GF",
    "name": "Jasper VA Clinic",
    "facility_type": "va_health_facility",
    "classification": "Primary Care CBOC",
    "zip5": "35501",
    "city": "Jasper",
    "state": "AL",
    "visn": "7",
    "health_care_system": "VA Birmingham health care",
    "operating_status": "NORMAL",
    "operating_status_info": null,
    "county_fips": null,
    "county_source": null,
    "market": null
   }
  },
  {
   "type": "Feature",
   "id": "vha_521GG",
   "geometry": {
    "type": "Point",
    "coordinates": [
     -86.99006317,
     33.37497391
    ]
   },
   "properties": {
    "id": "vha_521GG",
    "name": "Bessemer VA Clinic",
    "facility_type": "va_health_facility",
    "classification": "Primary Care CBOC",
    "zip5": "35022",
    "city": "Bessemer",
    "state": "AL",
    "visn": "7",
    "health_care_system": "VA Birmingham health care",
    "operating_status": "NORMAL",
    "operating_status_info": null,
    "county_fips": null,
    "county_source": null,
    "market": null
   }
  },
  {
   "type": "Feature",
   "id": "vha_521GH",
   "geometry": {
    "type": "Point",
    "coordinates": [
     -86.35668113,
     33.280588
    ]
   },
   "properties": {
    "id": "vha_521GH",
    "name": "Childersburg VA Clinic",
    "facility_type": "va_health_facility",
    "classification": "Primary Care CBOC",
    "zip5": "35044",
    "city": "Childersburg",
    "state": "AL",
    "visn": "7",
    "health_care_system": "VA Birmingham health care",
    "operating_status": "NORMAL",
    "operating_status_info": null,
    "county_fips": null,
    "county_source": null,
    "market": null
   }
  },
  {
   "type": "Feature",
   "id": "vha_521GI",
   "geometry": {
    "type": "Point",
    "coordinates": [
     -86.278714,
     34.306403
    ]
   },
   "properties": {
    "id": "vha_521GI",
    "name": "Colonel Ola Lee Mize Department of Veterans Affairs Clinic",
    "facility_type": "va_health_facility",
    "classification": "Primary Care CBOC",
    "zip5": "35976",
    "city": "Guntersville",
    "state": "AL",
    "visn": "7",
    "health_care_system": "VA Birmingham health care",
    "operating_status": "NORMAL",
    "operating_status_info": null,
    "county_fips": null,
    "county_source": null,
    "market": null
   }
  },
  {
   "type": "Feature",
   "id": "vha_521GJ",
   "geometry": {
    "type": "Point",
    "coordinates": [
     -86.79366509,
     33.50877404
    ]
   },
   "properties": {
    "id": "vha_521GJ",
    "name": "Birmingham VA Clinic",
    "facility_type": "va_health_facility",
    "classification": "Multi-Specialty CBOC",
    "zip5": "35233",
    "city": "Birmingham",
    "state": "AL",
    "visn": "7",
    "health_care_system": "VA Birmingham health care",
    "operating_status": "NORMAL",
    "operating_status_info": null,
    "county_fips": null,
    "county_source": null,
    "market": null
   }
  },
  {
   "type": "Feature",
   "id": "vha_521GK",
   "geometry": {
    "type": "Point",
    "coordinates": [
     -86.66168716,
     34.69847494
    ]
   },
   "properties": {
    "id": "vha_521GK",
    "name": "Huntsville West VA Clinic",
    "facility_type": "va_health_facility",
    "classification": "Primary Care CBOC",
    "zip5": "35809",
    "city": "Huntsville",
    "state": "AL",
    "visn": "7",
    "health_care_system": "VA Birmingham health care",
    "operating_status": "NORMAL",
    "operating_status_info": null,
    "county_fips": null,
    "county_source": null,
    "market": null
   }
  },
  {
   "type": "Feature",
   "id": "vha_521QB",
   "geometry": {
    "type": "Point",
    "coordinates": [
     -86.71489944,
     33.53081409
    ]
   },
   "properties": {
    "id": "vha_521QB",
    "name": "Birmingham East VA Clinic",
    "facility_type": "va_health_facility",
    "classification": "Other Outpatient Services (OOS)",
    "zip5": "35210",
    "city": "Irondale",
    "state": "AL",
    "visn": "7",
    "health_care_system": "VA Birmingham health care",
    "operating_status": "NORMAL",
    "operating_status_info": null,
    "county_fips": null,
    "county_source": null,
    "market": null
   }
  },
  {
   "type": "Feature",
   "id": "vha_521QC",
   "geometry": {
    "type": "Point",
    "coordinates": [
     -86.80094284,
     33.50468219
    ]
   },
   "properties": {
    "id": "vha_521QC",
    "name": "Birmingham VA Mobile Medical Unit",
    "facility_type": "va_health_facility",
    "classification": "Other Outpatient Services (OOS)",
    "zip5": "35233",
    "city": "Birmingham",
    "state": "AL",
    "visn": "7",
    "health_care_system": "VA Birmingham health care",
    "operating_status": "LIMITED",
    "operating_status_info": "The MMU will primarily deliver care that is specialized to assist Veterans who are currently homeless, and many who are formerly homeless but have difficulty getting to care at a VA facility.",
    "county_fips": null,
    "county_source": null,
    "market": null
   }
  },
  {
   "type": "Feature",
   "id": "vha_521QD",
   "geometry": {
    "type": "Point",
    "coordinates": [
     -86.58351896,
     34.71989053
    ]
   },
   "properties": {
    "id": "vha_521QD",
    "name": "Huntsville South VA Clinic",
    "facility_type": "va_health_facility",
    "classification": "Other Outpatient Services (OOS)",
    "zip5": "35801",
    "city": "Huntsville",
    "state": "AL",
    "visn": "7",
    "health_care_system": null,
    "operating_status": "NORMAL",
    "operating_status_info": null,
    "county_fips": null,
    "county_source": null,
    "market": null
   }
  },
  {
   "type": "Feature",
   "id": "vha_523",
   "geometry": {
    "type": "Point",
    "coordinates": [
     -71.1110553,
     42.32714719
    ]
   },
   "properties": {
    "id": "vha_523",
    "name": "Jamaica Plain VA Medical Center",
    "facility_type": "va_health_facility",
    "classification": "VA Medical Center (VAMC)",
    "zip5": "02130",
    "city": "Boston",
    "state": "MA",
    "visn": "1",
    "health_care_system": "VA Boston health care",
    "operating_status": "NORMAL",
    "operating_status_info": null,
    "county_fips": null,
    "county_source": null,
    "market": null
   }
  },
  {
   "type": "Feature",
   "id": "vha_523A4",
   "geometry": {
    "type": "Point",
    "coordinates": [
     -71.171856,
     42.274242
    ]
   },
   "properties": {
    "id": "vha_523A4",
    "name": "West Roxbury VA Medical Center",
    "facility_type": "va_health_facility",
    "classification": "VA Medical Center (VAMC)",
    "zip5": "02132",
    "city": "West Roxbury",
    "state": "MA",
    "visn": "1",
    "health_care_system": "VA Boston health care",
    "operating_status": "NORMAL",
    "operating_status_info": null,
    "county_fips": null,
    "county_source": null,
    "market": null
   }
  },
  {
   "type": "Feature",
   "id": "vha_523A5",
   "geometry": {
    "type": "Point",
    "coordinates": [
     -71.051868,
     42.060906
    ]
   },
   "properties": {
    "id": "vha_523A5",
    "name": "Brockton VA Medical Center",
    "facility_type": "va_health_facility",
    "classification": "VA Medical Center (VAMC)",
    "zip5": "02301",
    "city": "Brockton",
    "state": "MA",
    "visn": "1",
    "health_care_system": "VA Boston health care",
    "operating_status": "NORMAL",
    "operating_status_info": null,
    "county_fips": null,
    "county_source": null,
    "market": null
   }
  },
  {
   "type": "Feature",
   "id": "vha_523BY",
   "geometry": {
    "type": "Point",
    "coordinates": [
     -71.31536985,
     42.61937432
    ]
   },
   "properties": {
    "id": "vha_523BY",
    "name": "Lowell VA Clinic",
    "facility_type": "va_health_facility",
    "classification": "Multi-Specialty CBOC",
    "zip5": "01852",
    "city": "Lowell",
    "state": "MA",
    "visn": "1",
    "health_care_system": "VA Boston health care",
    "operating_status": "NORMAL",
    "operating_status_info": null,
    "county_fips": null,
    "county_source": null,
    "market": null
   }
  },
  {
   "type": "Feature",
   "id": "vha_523GA",
   "geometry": {
    "type": "Point",
    "coordinates": [
     -71.41777479,
     42.28301175
    ]
   },
   "properties": {
    "id": "vha_523GA",
    "name": "Framingham VA Clinic",
    "facility_type": "va_health_facility",
    "classification": "Primary Care CBOC",
    "zip5": "01702",
    "city": "Framingham",
    "state": "MA",
    "visn": "1",
    "health_care_system": "VA Boston health care",
    "operating_status": "NORMAL",
    "operating_status_info": null,
    "county_fips": null,
    "county_source": null,
    "market": null
   }
  },
  {
   "type": "Feature",
   "id": "vha_523GC",
   "geometry": {
    "type": "Point",
    "coordinates": [
     -71.030808,
     42.272541
    ]
   },
   "properties": {
    "id": "vha_523GC",
    "name": "Quincy VA Clinic",
    "facility_type": "va_health_facility",
    "classification": "Other Outpatient Services (OOS)",
    "zip5": "02171",
    "city": "Quincy",
    "state": "MA",
    "visn": "1",
    "health_care_system": "VA Boston health care",
    "operating_status": "NORMAL",
    "operating_status_info": null,
    "county_fips": null,
    "county_source": null,
    "market": null
   }
  },
  {
   "type": "Feature",
   "id": "vha_523GD",
   "geometry": {
    "type": "Point",
    "coordinates": [
     -70.65677635,
     41.923754
    ]
   },
   "properties": {
    "id": "vha_523GD",
    "name": "Plymouth VA Clinic",
    "facility_type": "va_health_facility",
    "classification": "Primary Care CBOC",
    "zip5": "02360",
    "city": "Plymouth",
    "state": "MA",
    "visn": "1",
    "health_care_system": "VA Boston health care",
    "operating_status": "NORMAL",
    "operating_status_info": null,
    "county_fips": null,
    "county_source": null,
    "market": null
   }
  },
  {
   "type": "Feature",
   "id": "vha_523QB",
   "geometry": {
    "type": "Point",
    "coordinates": [
     -71.2746495,
     42.50502
    ]
   },
   "properties": {
    "id": "vha_523QB",
    "name": "Bedford VA Clinic",
    "facility_type": "va_health_facility",
    "classification": "Other Outpatient Services (OOS)",
    "zip5": "01730",
    "city": "Bedford",
    "state": "MA",
    "visn": "1",
    "health_care_system": null,
    "operating_status": "NORMAL",
    "operating_status_info": null,
    "county_fips": null,
    "county_source": null,
    "market": null
   }
  },
  {
   "type": "Feature",
   "id": "vha_526",
   "geometry": {
    "type": "Point",
    "coordinates": [
     -73.9049985,
     40.868667
    ]
   },
   "properties": {
    "id": "vha_526",
    "name": "James J. Peters Department of Veterans Affairs Medical Center",
    "facility_type": "va_health_facility",
    "classification": "VA Medical Center (VAMC)",
    "zip5": "10468",
    "city": "Bronx",
    "state": "NY",
    "visn": "2",
    "health_care_system": "VA Bronx health care",
    "operating_status": "NORMAL",
    "operating_status_info": null,
    "county_fips": null,
    "county_source": null,
    "market": null
   }
  },
  {
   "type": "Feature",
   "id": "vha_526GA",
   "geometry": {
    "type": "Point",
    "coordinates": [
     -73.76258981,
     41.03277655
    ]
   },
   "properties": {
    "id": "vha_526GA",
    "name": "White Plains VA Clinic",
    "facility_type": "va_health_facility",
    "classification": "Primary Care CBOC",
    "zip5": "10601",
    "city": "White Plains",
    "state": "NY",
    "visn": "2",
    "health_care_system": "VA Bronx health care",
    "operating_status": "NOTICE",
    "operating_status_info": "Our number has changed.  You can reach us at: (914) 421- 1951",
    "county_fips": null,
    "county_source": null,
    "market": null
   }
  },
  {
   "type": "Feature",
   "id": "vha_526GB",
   "geometry": {
    "type": "Point",
    "coordinates": [
     -73.9012035,
     40.93461513
    ]
   },
   "properties": {
    "id": "vha_526GB",
    "name": "Yonkers VA Clinic",
    "facility_type": "va_health_facility",
    "classification": "Primary Care CBOC",
    "zip5": "10701",
    "city": "Yonkers",
    "state": "NY",
    "visn": "2",
    "health_care_system": "VA Bronx health care",
    "operating_status": "NORMAL",
    "operating_status_info": null,
    "county_fips": null,
    "county_source": null,
    "market": null
   }
  },
  {
   "type": "Feature",
   "id": "vha_526GD",
   "geometry": {
    "type": "Point",
    "coordinates": [
     -73.83933273,
     40.70855103
    ]
   },
   "properties": {
    "id": "vha_526GD",
    "name": "Thomas P. Noonan Jr. Department of Veterans Affairs Outpatient Clinic",
    "facility_type": "va_health_facility",
    "classification": "Other Outpatient Services (OOS)",
    "zip5": "11385",
    "city": "Ridgewood",
    "state": "NY",
    "visn": "2",
    "health_care_system": "VA Bronx health care",
    "operating_status": "NORMAL",
    "operating_status_info": null,
    "county_fips": null,
    "county_source": null,
    "market": null
   }
  },
  {
   "type": "Feature",
   "id": "vha_526QA",
   "geometry": {
    "type": "Point",
    "coordinates": [
     -73.9049985,
     40.868667
    ]
   },
   "properties": {
    "id": "vha_526QA",
    "name": "Bronx VA Mobile Medical Unit",
    "facility_type": "va_health_facility",
    "classification": "Other Outpatient Services (OOS)",
    "zip5": "10468",
    "city": "Bronx",
    "state": "NY",
    "visn": "2",
    "health_care_system": "VA Bronx health care",
    "operating_status": "NORMAL",
    "operating_status_info": null,
    "county_fips": null,
    "county_source": null,
    "market": null
   }
  },
  {
   "type": "Feature",
   "id": "vha_528",
   "geometry": {
    "type": "Point",
    "coordinates": [
     -78.81370154,
     42.951213
    ]
   },
   "properties": {
    "id": "vha_528",
    "name": "Buffalo VA Medical Center",
    "facility_type": "va_health_facility",
    "classification": "VA Medical Center (VAMC)",
    "zip5": "14215",
    "city": "Buffalo",
    "state": "NY",
    "visn": "2",
    "health_care_system": "VA Western New York health care",
    "operating_status": "NORMAL",
    "operating_status_info": null,
    "county_fips": null,
    "county_source": null,
    "market": null
   }
  },
  {
   "type": "Feature",
   "id": "vha_528A4",
   "geometry": {
    "type": "Point",
    "coordinates": [
     -78.20073376,
     43.01068917
    ]
   },
   "properties": {
    "id": "vha_528A4",
    "name": "Batavia VA Medical Center",
    "facility_type": "va_health_facility",
    "classification": "VA Medical Center (VAMC)",
    "zip5": "14020",
    "city": "Batavia",
    "state": "NY",
    "visn": "2",
    "health_care_system": "VA Western New York health care",
    "operating_status": "NORMAL",
    "operating_status_info": null,
    "county_fips": null,
    "county_source": null,
    "market": null
   }
  },
  {
   "type": "Feature",
   "id": "vha_528A5",
   "geometry": {
    "type": "Point",
    "coordinates": [
     -77.27086424,
     42.9008251
    ]
   },
   "properties": {
    "id": "vha_528A5",
    "name": "Canandaigua VA Medical Center",
    "facility_type": "va_health_facility",
    "classification": "VA Medical Center (VAMC)",
    "zip5": "14424",
    "city": "Canandaigua",
    "state": "NY",
    "visn": "2",
    "health_care_system": "VA Finger Lakes health care",
    "operating_status": "NORMAL",
    "operating_status_info": null,
    "county_fips": null,
    "county_source": null,
    "market": null
   }
  },
  {
   "type": "Feature",
   "id": "vha_528A6",
   "geometry": {
    "type": "Point",
    "coordinates": [
     -77.34724867,
     42.3434334
    ]
   },
   "properties": {
    "id": "vha_528A6",
    "name": "Bath VA Medical Center",
    "facility_type": "va_health_facility",
    "classification": "VA Medical Center (VAMC)",
    "zip5": "14810",
    "city": "Bath",
    "state": "NY",
    "visn": "2",
    "health_care_system": "VA Finger Lakes health care",
    "operating_status": "NORMAL",
    "operating_status_info": null,
    "county_fips": null,
    "county_source": null,
    "market": null
   }
  },
  {
   "type": "Feature",
   "id": "vha_528A7",
   "geometry": {
    "type": "Point",
    "coordinates": [
     -76.1382625,
     43.03835653
    ]
   },
   "properties": {
    "id": "vha_528A7",
    "name": "Syracuse VA Medical Center",
    "facility_type": "va_health_facility",
    "classification": "VA Medical Center (VAMC)",
    "zip5": "13210",
    "city": "Syracuse",
    "state": "NY",
    "visn": "2",
    "health_care_system": "VA Syracuse health care",
    "operating_status": "NORMAL",
    "operating_status_info": null,
    "county_fips": null,
    "county_source": null,
    "market": null
   }
  },
  {
   "type": "Feature",
   "id": "vha_528A8",
   "geometry": {
    "type": "Point",
    "coordinates": [
     -73.771938,
     42.65073
    ]
   },
   "properties": {
    "id": "vha_528A8",
    "name": "Samuel S. Stratton Department of Veterans Affairs Medical Center",
    "facility_type": "va_health_facility",
    "classification": "VA Medical Center (VAMC)",
    "zip5": "12208",
    "city": "Albany",
    "state": "NY",
    "visn": "2",
    "health_care_system": "VA Albany health care",
    "operating_status": "NORMAL",
    "operating_status_info": null,
    "county_fips": null,
    "county_source": null,
    "market": null
   }
  },
  {
   "type": "Feature",
   "id": "vha_528G2",
   "geometry": {
    "type": "Point",
    "coordinates": [
     -73.51262934,
     44.20957345
    ]
   },
   "properties": {
    "id": "vha_528G2",
    "name": "Westport VA Clinic",
    "facility_type": "va_health_facility",
    "classification": "Other Outpatient Services (OOS)",
    "zip5": "12993",
    "city": "Westport",
    "state": "NY",
    "visn": "2",
    "health_care_system": "VA Albany health care",
    "operating_status": "NORMAL",
    "operating_status_info": null,
    "county_fips": null,
    "county_source": null,
    "market": null
   }
  },
  {
   "type": "Feature",
   "id": "vha_528G3",
   "geometry": {
    "type": "Point",
    "coordinates": [
     -75.0293235,
     42.456267
    ]
   },
   "properties": {
    "id": "vha_528G3",
    "name": "Oneonta VA Clinic",
    "facility_type": "va_health_facility",
    "classification": "Other Outpatient Services (OOS)",
    "zip5": "13820",
    "city": "Oneonta",
    "state": "NY",
    "visn": "2",
    "health_care_system": "VA Albany health care",
    "operating_status": "NORMAL",
    "operating_status_info": null,
    "county_fips": null,
    "county_source": null,
    "market": null
   }
  },
  {
   "type": "Feature",
   "id": "vha_528G4",
   "geometry": {
    "type": "Point",
    "coordinates": [
     -76.82030439,
     42.11089857
    ]
   },
   "properties": {
    "id": "vha_528G4",
    "name": "Elmira VA Clinic",
    "facility_type": "va_health_facility",
    "classification": "Primary Care CBOC",
    "zip5": "14901",
    "city": "Elmira",
    "state": "NY",
    "visn": "2",
    "health_care_system": "VA Finger Lakes health care",
    "operating_status": "NORMAL",
    "operating_status_info": null,
    "county_fips": null,
    "county_source": null,
    "market": null
   }
  },
  {
   "type": "Feature",
   "id": "vha_528G5",
   "geometry": {
    "type": "Point",
    "coordinates": [
     -76.55944097,
     42.9332785
    ]
   },
   "properties": {
    "id": "vha_528G5",
    "name": "Auburn VA Clinic",
    "facility_type": "va_health_facility",
    "classification": "Primary Care CBOC",
    "zip5": "13021",
    "city": "Auburn",
    "state": "NY",
    "visn": "2",
    "health_care_system": "VA Syracuse health care",
    "operating_status": "NORMAL",
    "operating_status_info": null,
    "county_fips": null,
    "county_source": null,
    "market": null
   }
  },
  {
   "type": "Feature",
   "id": "vha_528G6",
   "geometry": {
    "type": "Point",
    "coordinates": [
     -74.38659934,
     42.96119436
    ]
   },
   "properties": {
    "id": "vha_528G6",
    "name": "Fonda VA Clinic",
    "facility_type": "va_health_facility",
    "classification": "Other Outpatient Services (OOS)",
    "zip5": "12068",
    "city": "Fonda",
    "state": "NY",
    "visn": "2",
    "health_care_system": "VA Albany health care",
    "operating_status": "NORMAL",
    "operating_status_info": null,
    "county_fips": null,
    "county_source": null,
    "market": null
   }
  },
  {
   "type": "Feature",
   "id": "vha_528G7",
   "geometry": {
    "type": "Point",
    "coordinates": [
     -73.8780161,
     42.23167556
    ]
   },
   "properties": {
    "id": "vha_528G7",
    "name": "Catskill VA Clinic",
    "facility_type": "va_health_facility",
    "classification": "Other Outpatient Services (OOS)",
    "zip5": "12414",
    "city": "Catskill",
    "state": "NY",
    "visn": "2",
    "health_care_system": "VA Albany health care",
    "operating_status": "NORMAL",
    "operating_status_info": null,
    "county_fips": null,
    "county_source": null,
    "market": null
   }
  },
  {
   "type": "Feature",
   "id": "vha_528G8",
   "geometry": {
    "type": "Point",
    "coordinates": [
     -77.97369424,
     42.14903589
    ]
   },
   "properties": {
    "id": "vha_528G8",
    "name": "Wellsville VA Clinic",
    "facility_type": "va_health_facility",
    "classification": "Primary Care CBOC",
    "zip5": "14895",
    "city": "Wellsville",
    "state": "NY",
    "visn": "2",
    "health_care_system": "VA Finger Lakes health care",
    "operating_status": "NORMAL",
    "operating_status_info": null,
    "county_fips": null,
    "county_source": null,
    "market": null
   }
  },
  {
   "type": "Feature",
   "id": "vha_528G9",
   "geometry": {
    "type": "Point",
    "coordinates": [
     -76.484925,
     42.482925
    ]
   },
   "properties": {
    "id": "vha_528G9",
    "name": "Tompkins County VA Clinic",
    "facility_type": "va_health_facility",
    "classification": "Primary Care CBOC",
    "zip5": "14850",
    "city": "Ithaca",
    "state": "NY",
    "visn": "2",
    "health_care_system": "VA Syracuse health care",
    "operating_status": "NORMAL",
    "operating_status_info": null,
    "county_fips": null,
    "county_source": null,
    "market": null
   }
  },
  {
   "type": "Feature",
   "id": "vha_528GB",
   "geometry": {
    "type": "Point",
    "coordinates": [
     -79.2545805,
     42.082209
    ]
   },
   "properties": {
    "id": "vha_528GB",
    "name": "Jamestown VA Clinic",
    "facility_type": "va_health_facility",
    "classification": "Multi-Specialty CBOC",
    "zip5": "14701",
    "city": "Jamestown",
    "state": "NY",
    "visn": "2",
    "health_care_system": "VA Western New York health care",
    "operating_status": "NORMAL",
    "operating_status_info": null,
    "county_fips": null,
    "county_source": null,
    "market": null
   }
  },
  {
   "type": "Feature",
   "id": "vha_528GC",
   "geometry": {
    "type": "Point",
    "coordinates": [
     -79.3320795,
     42.457572
    ]
   },
   "properties": {
    "id": "vha_528GC",
    "name": "Dunkirk VA Clinic",
    "facility_type": "va_health_facility",
    "classification": "Primary Care CBOC",
    "zip5": "14048",
    "city": "Dunkirk",
    "state": "NY",
    "visn": "2",
    "health_care_system": "VA Western New York health care",
    "operating_status": "NORMAL",
    "operating_status_info": null,
    "county_fips": null,
    "county_source": null,
    "market": null
   }
  },
  {
   "type": "Feature",
   "id": "vha_528GD",
   "geometry": {
    "type": "Point",
    "coordinates": [
     -79.04631296,
     43.09491977
    ]
   },
   "properties": {
    "id": "vha_528GD",
    "name": "Niagara Falls VA Clinic",
    "facility_type": "va_health_facility",
    "classification": "Primary Care CBOC",
    "zip5": "14301",
    "city": "Niagara Falls",
    "state": "NY",
    "visn": "2",
    "health_care_system": "VA Western New York health care",
    "operating_status": "NORMAL",
    "operating_status_info": null,
    "county_fips": null,
    "county_source": null,
    "market": null
   }
  },
  {
   "type": "Feature",
   "id": "vha_528GE",
   "geometry": {
    "type": "Point",
    "coordinates": [
     -77.59633114,
     43.11531416
    ]
   },
   "properties": {
    "id": "vha_528GE",
    "name": "Rochester Clinton Crossings VA Clinic",
    "facility_type": "va_health_facility",
    "classification": "Other Outpatient Services (OOS)",
    "zip5": "14618",
    "city": "Rochester",
    "state": "NY",
    "visn": "2",
    "health_care_system": "VA Finger Lakes health care",
    "operating_status": "NORMAL",
    "operating_status_info": null,
    "county_fips": null,
    "county_source": null,
    "market": null
   }
  },
  {
   "type": "Feature",
   "id": "vha_528GK",
   "geometry": {
    "type": "Point",
    "coordinates": [
     -78.6968427,
     43.1476797
    ]
   },
   "properties": {
    "id": "vha_528GK",
    "name": "Lockport VA Clinic",
    "facility_type": "va_health_facility",
    "classification": "Primary Care CBOC",
    "zip5": "14094",
    "city": "Lockport",
    "state": "NY",
    "visn": "2",
    "health_care_system": "VA Western New York health care",
    "operating_status": "NORMAL",
    "operating_status_info": null,
    "county_fips": null,
    "county_source": null,
    "market": null
   }
  },
  {
   "type": "Feature",
   "id": "vha_528GL",
   "geometry": {
    "type": "Point",
    "coordinates": [
     -74.989314,
     44.685747
    ]
   },
   "properties": {
    "id": "vha_528GL",
    "name": "Potsdam VA Clinic",
    "facility_type": "va_health_facility",
    "classification": "Primary Care CBOC",
    "zip5": "13676",
    "city": "Potsdam",
    "state": "NY",
    "visn": "2",
    "health_care_system": "VA Syracuse health care",
    "operating_status": "NORMAL",
    "operating_status_info": null,
    "county_fips": null,
    "county_source": null,
    "market": null
   }
  },
  {
   "type": "Feature",
   "id": "vha_528GM",
   "geometry": {
    "type": "Point",
    "coordinates": [
     -75.41778418,
     43.21306469
    ]
   },
   "properties": {
    "id": "vha_528GM",
    "name": "Donald J. Mitchell Department of Veterans Affairs Outpatient Clinic",
    "facility_type": "va_health_facility",
    "classification": "Multi-Specialty CBOC",
    "zip5": "13441",
    "city": "Rome",
    "state": "NY",
    "visn": "2",
    "health_care_system": "VA Syracuse health care",
    "operating_status": "NORMAL",
    "operating_status_info": null,
    "county_fips": null,
    "county_source": null,
    "market": null
   }
  },
  {
   "type": "Feature",
   "id": "vha_528GN",
   "geometry": {
    "type": "Point",
    "coordinates": [
     -75.90400991,
     42.10073713
    ]
   },
   "properties": {
    "id": "vha_528GN",
    "name": "Binghamton VA Clinic",
    "facility_type": "va_health_facility",
    "classification": "Multi-Specialty CBOC",
    "zip5": "13901",
    "city": "Binghamton",
    "state": "NY",
    "visn": "2",
    "health_care_system": "VA Syracuse health care",
    "operating_status": "NORMAL",
    "operating_status_info": null,
    "county_fips": null,
    "county_source": null,
    "market": null
   }
  },
  {
   "type": "Feature",
   "id": "vha_528GO",
   "geometry": {
    "type": "Point",
    "coordinates": [
     -75.9432015,
     43.982217
    ]
   },
   "properties": {
    "id": "vha_528GO",
    "name": "Watertown VA Clinic",
    "facility_type": "va_health_facility",
    "classification": "Primary Care CBOC",
    "zip5": "13601",
    "city": "Watertown",
    "state": "NY",
    "visn": "2",
    "health_care_system": "VA Syracuse health care",
    "operating_status": "NORMAL",
    "operating_status_info": null,
    "county_fips": null,
    "county_source": null,
    "market": null
   }
  },
  {
   "type": "Feature",
   "id": "vha_528GP",
   "geometry": {
    "type": "Point",
    "coordinates": [
     -76.482666,
     43.46334
    ]
   },
   "properties": {
    "id": "vha_528GP",
    "name": "Oswego VA Clinic",
    "facility_type": "va_health_facility",
    "classification": "Primary Care CBOC",
    "zip5": "13126",
    "city": "Oswego",
    "state": "NY",
    "visn": "2",
    "health_care_system": "VA Syracuse health care",
    "operating_status": "NORMAL",
    "operating_status_info": null,
    "county_fips": null,
    "county_source": null,
    "market": null
   }
  },
  {
   "type": "Feature",
   "id": "vha_528GQ",
   "geometry": {
    "type": "Point",
    "coordinates": [
     -78.75336589,
     42.82662664
    ]
   },
   "properties": {
    "id": "vha_528GQ",
    "name": "West Seneca VA Clinic",
    "facility_type": "va_health_facility",
    "classification": "Primary Care CBOC",
    "zip5": "14224",
    "city": "West Seneca",
    "state": "NY",
    "visn": "2",
    "health_care_system": "VA Western New York health care",
    "operating_status": "NORMAL",
    "operating_status_info": null,
    "county_fips": null,
    "county_source": null,
    "market": null
   }
  },
  {
   "type": "Feature",
   "id": "vha_528GQ01",
   "geometry": {
    "type": "Point",
    "coordinates": [
     -78.68953837,
     42.50306138
    ]
   },
   "properties": {
    "id": "vha_528GQ01",
    "name": "Springville VA Clinic",
    "facility_type": "va_health_facility",
    "classification": "MCS",
    "zip5": "14141",
    "city": "Springville",
    "state": "NY",
    "visn": "2",
    "health_care_system": "VA Western New York health care",
    "operating_status": "NORMAL",
    "operating_status_info": null,
    "county_fips": null,
    "county_source": null,
    "market": null
   }
  },
  {
   "type": "Feature",
   "id": "vha_528GR",
   "geometry": {
    "type": "Point",
    "coordinates": [
     -78.43001903,
     42.084612
    ]
   },
   "properties": {
    "id": "vha_528GR",
    "name": "Olean VA Clinic",
    "facility_type": "va_health_facility",
    "classification": "Multi-Specialty CBOC",
    "zip5": "14760",
    "city": "Olean",
    "state": "NY",
    "visn": "2",
    "health_care_system": "VA Western New York health care",
    "operating_status": "NORMAL",
    "operating_status_info": null,
    "county_fips": null,
    "county_source": null,
    "market": null
   }
  },
  {
   "type": "Feature",
   "id": "vha_528GT",
   "geometry": {
    "type": "Point",
    "coordinates": [
     -73.64364241,
     43.31241827
    ]
   },
   "properties": {
    "id": "vha_528GT",
    "name": "Glens Falls VA Clinic",
    "facility_type": "va_health_facility",
    "classification": "Primary Care CBOC",
    "zip5": "12801",
    "city": "Glens Falls",
    "state": "NY",
    "visn": "2",
    "health_care_system": "VA Albany health care",
    "operating_status": "NORMAL",
    "operating_status_info": null,
    "county_fips": null,
    "county_source": null,
    "market": null
   }
  },
  {
   "type": "Feature",
   "id": "vha_528GV",
   "geometry": {
    "type": "Point",
    "coordinates": [
     -73.457775,
     44.700093
    ]
   },
   "properties": {
    "id": "vha_528GV",
    "name": "Plattsburgh VA Clinic",
    "facility_type": "va_health_facility",
    "classification": "Primary Care CBOC",
    "zip5": "12901",
    "city": "Plattsburgh",
    "state": "NY",
    "visn": "2",
    "health_care_system": "VA Albany health care",
    "operating_status": "NORMAL",
    "operating_status_info": null,
    "county_fips": null,
    "county_source": null,
    "market": null
   }
  },
  {
   "type": "Feature",
   "id": "vha_528GW",
   "geometry": {
    "type": "Point",
    "coordinates": [
     -73.94459627,
     42.7852374
    ]
   },
   "properties": {
    "id": "vha_528GW",
    "name": "Schenectady VA Clinic",
    "facility_type": "va_health_facility",
    "classification": "Primary Care CBOC",
    "zip5": "12303",
    "city": "Schenectady",
    "state": "NY",
    "visn": "2",
    "health_care_system": "VA Albany health care",
    "operating_status": "NORMAL",
    "operating_status_info": null,
    "county_fips": null,
    "county_source": null,
    "market": null
   }
  },
  {
   "type": "Feature",
   "id": "vha_528GY",
   "geometry": {
    "type": "Point",
    "coordinates": [
     -73.807362,
     42.869196
    ]
   },
   "properties": {
    "id": "vha_528GY",
    "name": "Clifton Park VA Clinic",
    "facility_type": "va_health_facility",
    "classification": "Primary Care CBOC",
    "zip5": "12065",
    "city": "Clifton Park",
    "state": "NY",
    "visn": "2",
    "health_care_system": "VA Albany health care",
    "operating_status": "NORMAL",
    "operating_status_info": null,
    "county_fips": null,
    "county_source": null,
    "market": null
   }
  },
  {
   "type": "Feature",
   "id": "vha_528GZ",
   "geometry": {
    "type": "Point",
    "coordinates": [
     -73.98761245,
     41.97104714
    ]
   },
   "properties": {
    "id": "vha_528GZ",
    "name": "Kingston VA Clinic",
    "facility_type": "va_health_facility",
    "classification": "Primary Care CBOC",
    "zip5": "12401",
    "city": "Kingston",
    "state": "NY",
    "visn": "2",
    "health_care_system": "VA Albany health care",
    "operating_status": "NORMAL",
    "operating_status_info": null,
    "county_fips": null,
    "county_source": null,
    "market": null
   }
  },
  {
   "type": "Feature",
   "id": "vha_528QA",
   "geometry": {
    "type": "Point",
    "coordinates": [
     -78.830415,
     42.945552
    ]
   },
   "properties": {
    "id": "vha_528QA",
    "name": "Buffalo VA Clinic",
    "facility_type": "va_health_facility",
    "classification": "Other Outpatient Services (OOS)",
    "zip5": "14214",
    "city": "Buffalo",
    "state": "NY",
    "visn": "2",
    "health_care_system": "VA Western New York health care",
    "operating_status": "NORMAL",
    "operating_status_info": null,
    "county_fips": null,
    "county_source": null,
    "market": null
   }
  },
  {
   "type": "Feature",
   "id": "vha_528QB",
   "geometry": {
    "type": "Point",
    "coordinates": [
     -78.8660865,
     42.909705
    ]
   },
   "properties": {
    "id": "vha_528QB",
    "name": "Packard VA Clinic",
    "facility_type": "va_health_facility",
    "classification": "Other Outpatient Services (OOS)",
    "zip5": "14209",
    "city": "Buffalo",
    "state": "NY",
    "visn": "2",
    "health_care_system": "VA Western New York health care",
    "operating_status": "NORMAL",
    "operating_status_info": null,
    "county_fips": null,
    "county_source": null,
    "market": null
   }
  },
  {
   "type": "Feature",
   "id": "vha_528QC",
   "geometry": {
    "type": "Point",
    "coordinates": [
     -77.63398787,
     43.06828614
    ]
   },
   "properties": {
    "id": "vha_528QC",
    "name": "Rochester Calkins VA Clinic",
    "facility_type": "va_health_facility",
    "classification": "Multi-Specialty CBOC",
    "zip5": "14623",
    "city": "Rochester",
    "state": "NY",
    "visn": "2",
    "health_care_system": "VA Finger Lakes health care",
    "operating_status": "NORMAL",
    "operating_status_info": null,
    "county_fips": null,
    "county_source": null,
    "market": null
   }
  },
  {
   "type": "Feature",
   "id": "vha_528QF",
   "geometry": {
    "type": "Point",
    "coordinates": [
     -77.27014519,
     41.74005031
    ]
   },
   "properties": {
    "id": "vha_528QF",
    "name": "Wellsboro VA Clinic",
    "facility_type": "va_health_facility",
    "classification": "Other Outpatient Services (OOS)",
    "zip5": "16901",
    "city": "Wellsboro",
    "state": "PA",
    "visn": "2",
    "health_care_system": "VA Finger Lakes health care",
    "operating_status": "NORMAL",
    "operating_status_info": null,
    "county_fips": null,
    "county_source": null,
    "market": null
   }
  },
  {
   "type": "Feature",
   "id": "vha_528QG",
   "geometry": {
    "type": "Point",
    "coordinates": [
     -76.16445008,
     43.04915851
    ]
   },
   "properties": {
    "id": "vha_528QG",
    "name": "Erie West VA Clinic",
    "facility_type": "va_health_facility",
    "classification": "Other Outpatient Services (OOS)",
    "zip5": "13204",
    "city": "Syracuse",
    "state": "NY",
    "visn": "2",
    "health_care_system": "VA Syracuse health care",
    "operating_status": "NORMAL",
    "operating_status_info": null,
    "county_fips": null,
    "county_source": null,
    "market": null
   }
  },
  {
   "type": "Feature",
   "id": "vha_528QI",
   "geometry": {
    "type": "Point",
    "coordinates": [
     -76.1375385,
     43.050501
    ]
   },
   "properties": {
    "id": "vha_528QI",
    "name": "Erie East VA Clinic",
    "facility_type": "va_health_facility",
    "classification": "Other Outpatient Services (OOS)",
    "zip5": "13210",
    "city": "Syracuse",
    "state": "NY",
    "visn": "2",
    "health_care_system": "VA Syracuse health care",
    "operating_status": "NORMAL",
    "operating_status_info": null,
    "county_fips": null,
    "county_source": null,
    "market": null
   }
  },
  {
   "type": "Feature",
   "id": "vha_528QK",
   "geometry": {
    "type": "Point",
    "coordinates": [
     -74.13240542,
     44.33052462
    ]
   },
   "properties": {
    "id": "vha_528QK",
    "name": "Saranac Lake VA Clinic",
    "facility_type": "va_health_facility",
    "classification": "Other Outpatient Services (OOS)",
    "zip5": "12983",
    "city": "Saranac Lake",
    "state": "NY",
    "visn": "2",
    "health_care_system": "VA Albany health care",
    "operating_status": "NORMAL",
    "operating_status_info": null,
    "county_fips": null,
    "county_source": null,
    "market": null
   }
  },
  {
   "type": "Feature",
   "id": "vha_528QN",
   "geometry": {
    "type": "Point",
    "coordinates": [
     -75.81392264442931,
     44.05944788008229
    ]
   },
   "properties": {
    "id": "vha_528QN",
    "name": "Watertown 2 VA Clinic",
    "facility_type": "va_health_facility",
    "classification": "Other Outpatient Services (OOS)",
    "zip5": "13601",
    "city": "Watertown",
    "state": "NY",
    "visn": "2",
    "health_care_system": "VA Syracuse health care",
    "operating_status": "NORMAL",
    "operating_status_info": null,
    "county_fips": null,
    "county_source": null,
    "market": null
   }
  },
  {
   "type": "Feature",
   "id": "vha_529",
   "geometry": {
    "type": "Point",
    "coordinates": [
     -79.9445205,
     40.888683
    ]
   },
   "properties": {
    "id": "vha_529",
    "name": "Abie Abraham VA Clinic",
    "facility_type": "va_health_facility",
    "classification": "Multi-Specialty CBOC",
    "zip5": "16001",
    "city": "Butler",
    "state": "PA",
    "visn": "4",
    "health_care_system": "VA Butler health care",
    "operating_status": "NORMAL",
    "operating_status_info": null,
    "county_fips": null,
    "county_source": null,
    "market": null
   }
  },
  {
   "type": "Feature",
   "id": "vha_529A4",
   "geometry": {
    "type": "Point",
    "coordinates": [
     -79.94225005,
     40.87407595
    ]
   },
   "properties": {
    "id": "vha_529A4",
    "name": "Butler VA Medical Center",
    "facility_type": "va_health_facility",
    "classification": "VA Medical Center (VAMC)",
    "zip5": "16001",
    "city": "Butler",
    "state": "PA",
    "visn": "4",
    "health_care_system": "VA Butler health care",
    "operating_status": "NOTICE",
    "operating_status_info": "All visits to the Community Living Center and Domiciliary (Dom) are reviewed and scheduled in advance.",
    "county_fips": null,
    "county_source": null,
    "market": null
   }
  },
  {
   "type": "Feature",
   "id": "vha_529GA",
   "geometry": {
    "type": "Point",
    "coordinates": [
     -80.45166016,
     41.25434928
    ]
   },
   "properties": {
    "id": "vha_529GA",
    "name": "Michael A. Marzano Department of Veterans Affairs Outpatient Clinic",
    "facility_type": "va_health_facility",
    "classification": "Primary Care CBOC",
    "zip5": "16148",
    "city": "Hermitage",
    "state": "PA",
    "visn": "4",
    "health_care_system": "VA Butler health care",
    "operating_status": "NORMAL",
    "operating_status_info": null,
    "county_fips": null,
    "county_source": null,
    "market": null
   }
  },
  {
   "type": "Feature",
   "id": "vha_529GB",
   "geometry": {
    "type": "Point",
    "coordinates": [
     -80.310096,
     40.983912
    ]
   },
   "properties": {
    "id": "vha_529GB",
    "name": "Lawrence County VA Clinic",
    "facility_type": "va_health_facility",
    "classification": "Primary Care CBOC",
    "zip5": "16101",
    "city": "New Castle",
    "state": "PA",
    "visn": "4",
    "health_care_system": "VA Butler health care",
    "operating_status": "NORMAL",
    "operating_status_info": null,
    "county_fips": null,
    "county_source": null,
    "market": null
   }
  },
  {
   "type": "Feature",
   "id": "vha_529GC",
   "geometry": {
    "type": "Point",
    "coordinates": [
     -79.54544189,
     40.81425093
    ]
   },
   "properties": {
    "id": "vha_529GC",
    "name": "Armstrong County VA Clinic",
    "facility_type": "va_health_facility",
    "classification": "Primary Care CBOC",
    "zip5": "16201",
    "city": "Kittanning",
    "state": "PA",
    "visn": "4",
    "health_care_system": "VA Butler health care",
    "operating_status": "NORMAL",
    "operating_status_info": null,
    "county_fips": null,
    "county_source": null,
    "market": null
   }
  },
  {
   "type": "Feature",
   "id": "vha_529GD",
   "geometry": {
    "type": "Point",
    "coordinates": [
     -79.394237,
     41.192078
    ]
   },
   "properties": {
    "id": "vha_529GD",
    "name": "Clarion County VA Clinic",
    "facility_type": "va_health_facility",
    "classification": "Other Outpatient Services (OOS)",
    "zip5": "16214",
    "city": "Monroe Township",
    "state": "PA",
    "visn": "4",
    "health_care_system": "VA Butler health care",
    "operating_status": "NORMAL",
    "operating_status_info": null,
    "county_fips": null,
    "county_source": null,
    "market": null
   }
  },
  {
   "type": "Feature",
   "id": "vha_529GF",
   "geometry": {
    "type": "Point",
    "coordinates": [
     -80.11107836,
     40.68352779
    ]
   },
   "properties": {
    "id": "vha_529GF",
    "name": "Cranberry Township VA Clinic",
    "facility_type": "va_health_facility",
    "classification": "Primary Care CBOC",
    "zip5": "16066",
    "city": "Cranberry Township",
    "state": "PA",
    "visn": "4",
    "health_care_system": "VA Butler health care",
    "operating_status": "NORMAL",
    "operating_status_info": null,
    "county_fips": null,
    "county_source": null,
    "market": null
   }
  },
  {
   "type": "Feature",
   "id": "vha_531",
   "geometry": {
    "type": "Point",
    "coordinates": [
     -116.1904185,
     43.621065
    ]
   },
   "properties": {
    "id": "vha_531",
    "name": "Boise VA Medical Center",
    "facility_type": "va_health_facility",
    "classification": "VA Medical Center (VAMC)",
    "zip5": "83702",
    "city": "Boise",
    "state": "ID",
    "visn": "20",
    "health_care_system": "VA Boise health care",
    "operating_status": "NORMAL",
    "operating_status_info": null,
    "county_fips": null,
    "county_source": null,
    "market": null
   }
  },
  {
   "type": "Feature",
   "id": "vha_531GE",
   "geometry": {
    "type": "Point",
    "coordinates": [
     -114.46688751,
     42.55486677
    ]
   },
   "properties": {
    "id": "vha_531GE",
    "name": "Twin Falls VA Clinic",
    "facility_type": "va_health_facility",
    "classification": "Primary Care CBOC",
    "zip5": "83301",
    "city": "Twin Falls",
    "state": "ID",
    "visn": "20",
    "health_care_system": "VA Boise health care",
    "operating_status": "NORMAL",
    "operating_status_info": null,
    "county_fips": null,
    "county_source": null,
    "market": null
   }
  },
  {
   "type": "Feature",
   "id": "vha_531GG",
   "geometry": {
    "type": "Point",
    "coordinates": [
     -116.647992,
     43.66445021
    ]
   },
   "properties": {
    "id": "vha_531GG",
    "name": "Caldwell VA Clinic",
    "facility_type": "va_health_facility",
    "classification": "Multi-Specialty CBOC",
    "zip5": "83605",
    "city": "Caldwell",
    "state": "ID",
    "visn": "20",
    "health_care_system": "VA Boise health care",
    "operating_status": "NORMAL",
    "operating_status_info": null,
    "county_fips": null,
    "county_source": null,
    "market": null
   }
  },
  {
   "type": "Feature",
   "id": "vha_531GH",
   "geometry": {
    "type": "Point",
    "coordinates": [
     -119.07462483,
     43.57331459
    ]
   },
   "properties": {
    "id": "vha_531GH",
    "name": "Eastern Oregon VA Clinic",
    "facility_type": "va_health_facility",
    "classification": "Other Outpatient Services (OOS)",
    "zip5": "97738",
    "city": "Hines",
    "state": "OR",
    "visn": "20",
    "health_care_system": "VA Boise health care",
    "operating_status": "NORMAL",
    "operating_status_info": null,
    "county_fips": null,
    "county_source": null,
    "market": null
   }
  },
  {
   "type": "Feature",
   "id": "vha_531GI",
   "geometry": {
    "type": "Point",
    "coordinates": [
     -115.69252866,
     43.13778295
    ]
   },
   "properties": {
    "id": "vha_531GI",
    "name": "Mountain Home VA Clinic",
    "facility_type": "va_health_facility",
    "classification": "Primary Care CBOC",
    "zip5": "83647",
    "city": "Mountain Home",
    "state": "ID",
    "visn": "20",
    "health_care_system": "VA Boise health care",
    "operating_status": "NORMAL",
    "operating_status_info": null,
    "county_fips": null,
    "county_source": null,
    "market": null
   }
  },
  {
   "type": "Feature",
   "id": "vha_531GJ",
   "geometry": {
    "type": "Point",
    "coordinates": [
     -113.89262879,
     45.17309546
    ]
   },
   "properties": {
    "id": "vha_531GJ",
    "name": "Salmon VA Clinic",
    "facility_type": "va_health_facility",
    "classification": "Other Outpatient Services (OOS)",
    "zip5": "83467",
    "city": "Salmon",
    "state": "ID",
    "visn": "20",
    "health_care_system": "VA Boise health care",
    "operating_status": "NORMAL",
    "operating_status_info": null,
    "county_fips": null,
    "county_source": null,
    "market": null
   }
  },
  {
   "type": "Feature",
   "id": "vha_531QA",
   "geometry": {
    "type": "Point",
    "coordinates": [
     -116.21459895,
     43.61474015
    ]
   },
   "properties": {
    "id": "vha_531QA",
    "name": "W. River St. VA Clinic",
    "facility_type": "va_health_facility",
    "classification": "Other Outpatient Services (OOS)",
    "zip5": "83702",
    "city": "Boise",
    "state": "ID",
    "visn": "20",
    "health_care_system": null,
    "operating_status": "NORMAL",
    "operating_status_info": null,
    "county_fips": null,
    "county_source": null,
    "market": null
   }
  },
  {
   "type": "Feature",
   "id": "vha_534",
   "geometry": {
    "type": "Point",
    "coordinates": [
     -79.954146,
     32.784471
    ]
   },
   "properties": {
    "id": "vha_534",
    "name": "Ralph H. Johnson Department of Veterans Affairs Medical Center",
    "facility_type": "va_health_facility",
    "classification": "VA Medical Center (VAMC)",
    "zip5": "29401",
    "city": "Charleston",
    "state": "SC",
    "visn": "7",
    "health_care_system": "VA Charleston health care",
    "operating_status": "NORMAL",
    "operating_status_info": null,
    "county_fips": null,
    "county_source": null,
    "market": null
   }
  },
  {
   "type": "Feature",
   "id": "vha_534BY",
   "geometry": {
    "type": "Point",
    "coordinates": [
     -81.17099981,
     31.98543511
    ]
   },
   "properties": {
    "id": "vha_534BY",
    "name": "Savannah VA Clinic",
    "facility_type": "va_health_facility",
    "classification": "Multi-Specialty CBOC",
    "zip5": "31419",
    "city": "Savannah",
    "state": "GA",
    "visn": "7",
    "health_care_system": "VA Charleston health care",
    "operating_status": "NORMAL",
    "operating_status_info": null,
    "county_fips": null,
    "county_source": null,
    "market": null
   }
  },
  {
   "type": "Feature",
   "id": "vha_534GB",
   "geometry": {
    "type": "Point",
    "coordinates": [
     -78.94529931,
     33.67741419
    ]
   },
   "properties": {
    "id": "vha_534GB",
    "name": "Myrtle Beach VA Clinic",
    "facility_type": "va_health_facility",
    "classification": "Multi-Specialty CBOC",
    "zip5": "29577",
    "city": "Myrtle Beach",
    "state": "SC",
    "visn": "7",
    "health_care_system": "VA Charleston health care",
    "operating_status": "NORMAL",
    "operating_status_info": null,
    "county_fips": null,
    "county_source": null,
    "market": null
   }
  },
  {
   "type": "Feature",
   "id": "vha_534GC",
   "geometry": {
    "type": "Point",
    "coordinates": [
     -80.68559184,
     32.3919543
    ]
   },
   "properties": {
    "id": "vha_534GC",
    "name": "Beaufort VA Clinic",
    "facility_type": "va_health_facility",
    "classification": "Multi-Specialty CBOC",
    "zip5": "29902",
    "city": "Beaufort",
    "state": "SC",
    "visn": "7",
    "health_care_system": "VA Charleston health care",
    "operating_status": "NORMAL",
    "operating_status_info": null,
    "county_fips": null,
    "county_source": null,
    "market": null
   }
  },
  {
   "type": "Feature",
   "id": "vha_534GD",
   "geometry": {
    "type": "Point",
    "coordinates": [
     -79.96437579,
     32.96639857
    ]
   },
   "properties": {
    "id": "vha_534GD",
    "name": "Goose Creek VA Clinic",
    "facility_type": "va_health_facility",
    "classification": "Multi-Specialty CBOC",
    "zip5": "29445",
    "city": "Goose Creek",
    "state": "SC",
    "visn": "7",
    "health_care_system": "VA Charleston health care",
    "operating_status": "NORMAL",
    "operating_status_info": null,
    "county_fips": null,
    "county_source": null,
    "market": null
   }
  },
  {
   "type": "Feature",
   "id": "vha_534GE",
   "geometry": {
    "type": "Point",
    "coordinates": [
     -81.58899894,
     31.84890928
    ]
   },
   "properties": {
    "id": "vha_534GE",
    "name": "John Gibson, Dan James, William Sapp, and Frankie Smiley VA Clinic",
    "facility_type": "va_health_facility",
    "classification": "Multi-Specialty CBOC",
    "zip5": "31313",
    "city": "Hinesville",
    "state": "GA",
    "visn": "7",
    "health_care_system": "VA Charleston health care",
    "operating_status": "NORMAL",
    "operating_status_info": null,
    "county_fips": null,
    "county_source": null,
    "market": null
   }
  },
  {
   "type": "Feature",
   "id": "vha_534GF",
   "geometry": {
    "type": "Point",
    "coordinates": [
     -80.025102,
     32.913891
    ]
   },
   "properties": {
    "id": "vha_534GF",
    "name": "North Charleston VA Clinic",
    "facility_type": "va_health_facility",
    "classification": "Multi-Specialty CBOC",
    "zip5": "29406",
    "city": "North Charleston",
    "state": "SC",
    "visn": "7",
    "health_care_system": "VA Charleston health care",
    "operating_status": "NORMAL",
    "operating_status_info": null,
    "county_fips": null,
    "county_source": null,
    "market": null
   }
  },
  {
   "type": "Feature",
   "id": "vha_534GG",
   "geometry": {
    "type": "Point",
    "coordinates": [
     -81.504486,
     31.203927
    ]
   },
   "properties": {
    "id": "vha_534GG",
    "name": "Brunswick VA Clinic",
    "facility_type": "va_health_facility",
    "classification": "Multi-Specialty CBOC",
    "zip5": "31520",
    "city": "Brunswick",
    "state": "GA",
    "visn": "7",
    "health_care_system": "VA Charleston health care",
    "operating_status": "NORMAL",
    "operating_status_info": null,
    "county_fips": null,
    "county_source": null,
    "market": null
   }
  },
  {
   "type": "Feature",
   "id": "vha_534GH",
   "geometry": {
    "type": "Point",
    "coordinates": [
     -79.89862478,
     32.80329402
    ]
   },
   "properties": {
    "id": "vha_534GH",
    "name": "Mount Pleasant VA Clinic",
    "facility_type": "va_health_facility",
    "classification": "Other Outpatient Services (OOS)",
    "zip5": "29464",
    "city": "Mount Pleasant",
    "state": "SC",
    "visn": "7",
    "health_care_system": "VA Charleston health care",
    "operating_status": "NORMAL",
    "operating_status_info": null,
    "county_fips": null,
    "county_source": null,
    "market": null
   }
  },
  {
   "type": "Feature",
   "id": "vha_534QC",
   "geometry": {
    "type": "Point",
    "coordinates": [
     -80.0118495,
     32.875362
    ]
   },
   "properties": {
    "id": "vha_534QC",
    "name": "Charleston VA Clinic",
    "facility_type": "va_health_facility",
    "classification": "Other Outpatient Services (OOS)",
    "zip5": "29406",
    "city": "North Charleston",
    "state": "SC",
    "visn": "7",
    "health_care_system": "VA Charleston health care",
    "operating_status": "NOTICE",
    "operating_status_info": "This is NOT a VA Clinic. If you wish to contact the Community Resource and Referral Center, please call 843-577-5011. If you are looking to receive health care please visit one of our other system locations that are ready to support you in your health care journey.",
    "county_fips": null,
    "county_source": null,
    "market": null
   }
  },
  {
   "type": "Feature",
   "id": "vha_534QD",
   "geometry": {
    "type": "Point",
    "coordinates": [
     -79.954146,
     32.784471
    ]
   },
   "properties": {
    "id": "vha_534QD",
    "name": "Charleston VA Mobile Medical Unit",
    "facility_type": "va_health_facility",
    "classification": "Other Outpatient Services (OOS)",
    "zip5": "29401",
    "city": "Charleston",
    "state": "SC",
    "visn": "7",
    "health_care_system": "VA Charleston health care",
    "operating_status": "NORMAL",
    "operating_status_info": null,
    "county_fips": null,
    "county_source": null,
    "market": null
   }
  },
  {
   "type": "Feature",
   "id": "vha_534QE",
   "geometry": {
    "type": "Point",
    "coordinates": [
     -80.08659507,
     33.01907999
    ]
   },
   "properties": {
    "id": "vha_534QE",
    "name": "Goose Creek Crowfield VA Clinic",
    "facility_type": "va_health_facility",
    "classification": "Other Outpatient Services (OOS)",
    "zip5": "29445",
    "city": "Goose Creek",
    "state": "SC",
    "visn": "7",
    "health_care_system": "VA Charleston health care",
    "operating_status": "NORMAL",
    "operating_status_info": null,
    "county_fips": null,
    "county_source": null,
    "market": null
   }
  },
  {
   "type": "Feature",
   "id": "vha_537",
   "geometry": {
    "type": "Point",
    "coordinates": [
     -87.67642646,
     41.87078943
    ]
   },
   "properties": {
    "id": "vha_537",
    "name": "Jesse Brown Department of Veterans Affairs Medical Center",
    "facility_type": "va_health_facility",
    "classification": "VA Medical Center (VAMC)",
    "zip5": "60612",
    "city": "Chicago",
    "state": "IL",
    "visn": "12",
    "health_care_system": "VA Chicago health care",
    "operating_status": "NORMAL",
    "operating_status_info": null,
    "county_fips": null,
    "county_source": null,
    "market": null
   }
  },
  {
   "type": "Feature",
   "id": "vha_537BY",
   "geometry": {
    "type": "Point",
    "coordinates": [
     -87.34054537,
     41.44910292
    ]
   },
   "properties": {
    "id": "vha_537BY",
    "name": "Adam Benjamin Jr., Veterans' Administration Outpatient Clinic",
    "facility_type": "va_health_facility",
    "classification": "Multi-Specialty CBOC",
    "zip5": "46307",
    "city": "Crown Point",
    "state": "IN",
    "visn": "12",
    "health_care_system": "VA Chicago health care",
    "operating_status": "NORMAL",
    "operating_status_info": null,
    "county_fips": null,
    "county_source": null,
    "market": null
   }
  },
  {
   "type": "Feature",
   "id": "vha_537GA",
   "geometry": {
    "type": "Point",
    "coordinates": [
     -87.65459513,
     41.52644624
    ]
   },
   "properties": {
    "id": "vha_537GA",
    "name": "Chicago Heights VA Clinic",
    "facility_type": "va_health_facility",
    "classification": "Primary Care CBOC",
    "zip5": "60411",
    "city": "Chicago Heights",
    "state": "IL",
    "visn": "12",
    "health_care_system": "VA Chicago health care",
    "operating_status": "NORMAL",
    "operating_status_info": null,
    "county_fips": null,
    "county_source": null,
    "market": null
   }
  },
  {
   "type": "Feature",
   "id": "vha_537GD",
   "geometry": {
    "type": "Point",
    "coordinates": [
     -87.62211777,
     41.8933409
    ]
   },
   "properties": {
    "id": "vha_537GD",
    "name": "Lakeside VA Clinic",
    "facility_type": "va_health_facility",
    "classification": "Primary Care CBOC",
    "zip5": "60611",
    "city": "Chicago",
    "state": "IL",
    "visn": "12",
    "health_care_system": "VA Chicago health care",
    "operating_status": "NORMAL",
    "operating_status_info": null,
    "county_fips": null,
    "county_source": null,
    "market": null
   }
  },
  {
   "type": "Feature",
   "id": "vha_537HA",
   "geometry": {
    "type": "Point",
    "coordinates": [
     -87.64405954,
     41.75326247
    ]
   },
   "properties": {
    "id": "vha_537HA",
    "name": "Auburn Gresham VA Clinic",
    "facility_type": "va_health_facility",
    "classification": "Primary Care CBOC",
    "zip5": "60620",
    "city": "Chicago",
    "state": "IL",
    "visn": "12",
    "health_care_system": "VA Chicago health care",
    "operating_status": "NORMAL",
    "operating_status_info": null,
    "county_fips": null,
    "county_source": null,
    "market": null
   }
  },
  {
   "type": "Feature",
   "id": "vha_537QA",
   "geometry": {
    "type": "Point",
    "coordinates": [
     -87.69588427,
     41.86762574
    ]
   },
   "properties": {
    "id": "vha_537QA",
    "name": "Chicago VA Clinic",
    "facility_type": "va_health_facility",
    "classification": "Other Outpatient Services (OOS)",
    "zip5": "60612",
    "city": "Chicago",
    "state": "IL",
    "visn": "12",
    "health_care_system": "VA Chicago health care",
    "operating_status": "NORMAL",
    "operating_status_info": null,
    "county_fips": null,
    "county_source": null,
    "market": null
   }
  },
  {
   "type": "Feature",
   "id": "vha_537QB",
   "geometry": {
    "type": "Point",
    "coordinates": [
     -87.67640947,
     41.869728
    ]
   },
   "properties": {
    "id": "vha_537QB",
    "name": "Chicago VA Mobile Medical Unit",
    "facility_type": "va_health_facility",
    "classification": "Other Outpatient Services (OOS)",
    "zip5": "60612",
    "city": "Chicago",
    "state": "IL",
    "visn": "12",
    "health_care_system": "VA Chicago health care",
    "operating_status": "NORMAL",
    "operating_status_info": null,
    "county_fips": null,
    "county_source": null,
    "market": null
   }
  },
  {
   "type": "Feature",
   "id": "vha_538",
   "geometry": {
    "type": "Point",
    "coordinates": [
     -83.0126848,
     39.39081338
    ]
   },
   "properties": {
    "id": "vha_538",
    "name": "Chillicothe VA Medical Center",
    "facility_type": "va_health_facility",
    "classification": "VA Medical Center (VAMC)",
    "zip5": "45601",
    "city": "Chillicothe",
    "state": "OH",
    "visn": "10",
    "health_care_system": "VA Chillicothe health care",
    "operating_status": "NORMAL",
    "operating_status_info": null,
    "county_fips": null,
    "county_source": null,
    "market": null
   }
  },
  {
   "type": "Feature",
   "id": "vha_538GA",
   "geometry": {
    "type": "Point",
    "coordinates": [
     -82.13436367,
     39.37540732
    ]
   },
   "properties": {
    "id": "vha_538GA",
    "name": "Athens VA Clinic",
    "facility_type": "va_health_facility",
    "classification": "Multi-Specialty CBOC",
    "zip5": "45780",
    "city": "The Plains",
    "state": "OH",
    "visn": "10",
    "health_care_system": "VA Chillicothe health care",
    "operating_status": "NORMAL",
    "operating_status_info": null,
    "county_fips": null,
    "county_source": null,
    "market": null
   }
  },
  {
   "type": "Feature",
   "id": "vha_538GB",
   "geometry": {
    "type": "Point",
    "coordinates": [
     -82.93380591,
     38.75331233
    ]
   },
   "properties": {
    "id": "vha_538GB",
    "name": "Portsmouth VA Clinic",
    "facility_type": "va_health_facility",
    "classification": "Primary Care CBOC",
    "zip5": "45662",
    "city": "New Boston",
    "state": "OH",
    "visn": "10",
    "health_care_system": "VA Chillicothe health care",
    "operating_status": "NORMAL",
    "operating_status_info": null,
    "county_fips": null,
    "county_source": null,
    "market": null
   }
  },
  {
   "type": "Feature",
   "id": "vha_538GC",
   "geometry": {
    "type": "Point",
    "coordinates": [
     -81.3912689,
     39.36443904
    ]
   },
   "properties": {
    "id": "vha_538GC",
    "name": "Marietta VA Clinic",
    "facility_type": "va_health_facility",
    "classification": "Primary Care CBOC",
    "zip5": "45750",
    "city": "Marietta",
    "state": "OH",
    "visn": "10",
    "health_care_system": "VA Chillicothe health care",
    "operating_status": "NORMAL",
    "operating_status_info": null,
    "county_fips": null,
    "county_source": null,
    "market": null
   }
  },
  {
   "type": "Feature",
   "id": "vha_538GD",
   "geometry": {
    "type": "Point",
    "coordinates": [
     -82.6349,
     39.7419
    ]
   },
   "properties": {
    "id": "vha_538GD",
    "name": "Lancaster VA Clinic",
    "facility_type": "va_health_facility",
    "classification": "Primary Care CBOC",
    "zip5": "43130",
    "city": "Lancaster",
    "state": "OH",
    "visn": "10",
    "health_care_system": "VA Chillicothe health care",
    "operating_status": "NORMAL",
    "operating_status_info": null,
    "county_fips": null,
    "county_source": null,
    "market": null
   }
  },
  {
   "type": "Feature",
   "id": "vha_538GE",
   "geometry": {
    "type": "Point",
    "coordinates": [
     -81.57671847,
     40.00252672
    ]
   },
   "properties": {
    "id": "vha_538GE",
    "name": "Cambridge VA Clinic",
    "facility_type": "va_health_facility",
    "classification": "Primary Care CBOC",
    "zip5": "43725",
    "city": "Cambridge",
    "state": "OH",
    "visn": "10",
    "health_care_system": "VA Chillicothe health care",
    "operating_status": "NORMAL",
    "operating_status_info": null,
    "county_fips": null,
    "county_source": null,
    "market": null
   }
  },
  {
   "type": "Feature",
   "id": "vha_538GF",
   "geometry": {
    "type": "Point",
    "coordinates": [
     -83.82077502,
     39.44541706
    ]
   },
   "properties": {
    "id": "vha_538GF",
    "name": "Wilmington VA Clinic",
    "facility_type": "va_health_facility",
    "classification": "Primary Care CBOC",
    "zip5": "45177",
    "city": "Wilmington",
    "state": "OH",
    "visn": "10",
    "health_care_system": "VA Chillicothe health care",
    "operating_status": "NORMAL",
    "operating_status_info": null,
    "county_fips": null,
    "county_source": null,
    "market": null
   }
  },
  {
   "type": "Feature",
   "id": "vha_538QA",
   "geometry": {
    "type": "Point",
    "coordinates": [
     -83.0126848,
     39.39081338
    ]
   },
   "properties": {
    "id": "vha_538QA",
    "name": "Chillicothe VA Mobile Medical Unit",
    "facility_type": "va_health_facility",
    "classification": "Other Outpatient Services (OOS)",
    "zip5": "45601",
    "city": "Chillicothe",
    "state": "OH",
    "visn": "10",
    "health_care_system": "VA Chillicothe health care",
    "operating_status": "NORMAL",
    "operating_status_info": null,
    "county_fips": null,
    "county_source": null,
    "market": null
   }
  },
  {
   "type": "Feature",
   "id": "vha_539",
   "geometry": {
    "type": "Point",
    "coordinates": [
     -84.5095002,
     39.13815487
    ]
   },
   "properties": {
    "id": "vha_539",
    "name": "Cincinnati VA Medical Center",
    "facility_type": "va_health_facility",
    "classification": "VA Medical Center (VAMC)",
    "zip5": "45220",
    "city": "Cincinnati",
    "state": "OH",
    "visn": "10",
    "health_care_system": "VA Cincinnati health care",
    "operating_status": "NORMAL",
    "operating_status_info": null,
    "county_fips": null,
    "county_source": null,
    "market": null
   }
  },
  {
   "type": "Feature",
   "id": "vha_539A4",
   "geometry": {
    "type": "Point",
    "coordinates": [
     -84.4456095,
     39.06459
    ]
   },
   "properties": {
    "id": "vha_539A4",
    "name": "Cincinnati VA Medical Center-Fort Thomas",
    "facility_type": "va_health_facility",
    "classification": "Residential Care Site (MH RRTP/DRRTP) (Stand-Alone)",
    "zip5": "41075",
    "city": "Fort Thomas",
    "state": "KY",
    "visn": "10",
    "health_care_system": "VA Cincinnati health care",
    "operating_status": "NORMAL",
    "operating_status_info": null,
    "county_fips": null,
    "county_source": null,
    "market": null
   }
  },
  {
   "type": "Feature",
   "id": "vha_539GA",
   "geometry": {
    "type": "Point",
    "coordinates": [
     -84.484638,
     39.100959
    ]
   },
   "properties": {
    "id": "vha_539GA",
    "name": "Bellevue VA Clinic",
    "facility_type": "va_health_facility",
    "classification": "Primary Care CBOC",
    "zip5": "41073",
    "city": "Bellevue",
    "state": "KY",
    "visn": "10",
    "health_care_system": "VA Cincinnati health care",
    "operating_status": "NORMAL",
    "operating_status_info": null,
    "county_fips": null,
    "county_source": null,
    "market": null
   }
  },
  {
   "type": "Feature",
   "id": "vha_539GB",
   "geometry": {
    "type": "Point",
    "coordinates": [
     -84.2863,
     39.0912
    ]
   },
   "properties": {
    "id": "vha_539GB",
    "name": "Clermont County VA Clinic",
    "facility_type": "va_health_facility",
    "classification": "Multi-Specialty CBOC",
    "zip5": "45245",
    "city": "Cincinnati",
    "state": "OH",
    "visn": "10",
    "health_care_system": "VA Cincinnati health care",
    "operating_status": "NORMAL",
    "operating_status_info": null,
    "county_fips": null,
    "county_source": null,
    "market": null
   }
  },
  {
   "type": "Feature",
   "id": "vha_539GC",
   "geometry": {
    "type": "Point",
    "coordinates": [
     -84.88569777,
     39.11274703
    ]
   },
   "properties": {
    "id": "vha_539GC",
    "name": "Dearborn VA Clinic",
    "facility_type": "va_health_facility",
    "classification": "Multi-Specialty CBOC",
    "zip5": "47025",
    "city": "Lawrenceburg",
    "state": "IN",
    "visn": "10",
    "health_care_system": "VA Cincinnati health care",
    "operating_status": "NORMAL",
    "operating_status_info": null,
    "county_fips": null,
    "county_source": null,
    "market": null
   }
  },
  {
   "type": "Feature",
   "id": "vha_539GD",
   "geometry": {
    "type": "Point",
    "coordinates": [
     -84.6271035,
     39.013029
    ]
   },
   "properties": {
    "id": "vha_539GD",
    "name": "Florence VA Clinic",
    "facility_type": "va_health_facility",
    "classification": "Multi-Specialty CBOC",
    "zip5": "41042",
    "city": "Florence",
    "state": "KY",
    "visn": "10",
    "health_care_system": "VA Cincinnati health care",
    "operating_status": "NORMAL",
    "operating_status_info": null,
    "county_fips": null,
    "county_source": null,
    "market": null
   }
  },
  {
   "type": "Feature",
   "id": "vha_539GE",
   "geometry": {
    "type": "Point",
    "coordinates": [
     -84.51096911,
     39.37870816
    ]
   },
   "properties": {
    "id": "vha_539GE",
    "name": "Hamilton VA Clinic",
    "facility_type": "va_health_facility",
    "classification": "Multi-Specialty CBOC",
    "zip5": "45011",
    "city": "Hamilton",
    "state": "OH",
    "visn": "10",
    "health_care_system": "VA Cincinnati health care",
    "operating_status": "NORMAL",
    "operating_status_info": null,
    "county_fips": null,
    "county_source": null,
    "market": null
   }
  },
  {
   "type": "Feature",
   "id": "vha_539GF",
   "geometry": {
    "type": "Point",
    "coordinates": [
     -83.89813304,
     38.85673704
    ]
   },
   "properties": {
    "id": "vha_539GF",
    "name": "Georgetown VA Clinic",
    "facility_type": "va_health_facility",
    "classification": "Multi-Specialty CBOC",
    "zip5": "45121",
    "city": "Georgetown",
    "state": "OH",
    "visn": "10",
    "health_care_system": "VA Cincinnati health care",
    "operating_status": "NORMAL",
    "operating_status_info": null,
    "county_fips": null,
    "county_source": null,
    "market": null
   }
  },
  {
   "type": "Feature",
   "id": "vha_539QB",
   "geometry": {
    "type": "Point",
    "coordinates": [
     -84.49786038,
     39.11939128
    ]
   },
   "properties": {
    "id": "vha_539QB",
    "name": "Eden Park VA Clinic",
    "facility_type": "va_health_facility",
    "classification": "Other Outpatient Services (OOS)",
    "zip5": "45206",
    "city": "Cincinnati",
    "state": "OH",
    "visn": "10",
    "health_care_system": "VA Cincinnati health care",
    "operating_status": "NORMAL",
    "operating_status_info": null,
    "county_fips": null,
    "county_source": null,
    "market": null
   }
  },
  {
   "type": "Feature",
   "id": "vha_539QC",
   "geometry": {
    "type": "Point",
    "coordinates": [
     -84.51413714,
     39.10573105
    ]
   },
   "properties": {
    "id": "vha_539QC",
    "name": "Vine Street VA Clinic",
    "facility_type": "va_health_facility",
    "classification": "Other Outpatient Services (OOS)",
    "zip5": "45202",
    "city": "Cincinnati",
    "state": "OH",
    "visn": "10",
    "health_care_system": "VA Cincinnati health care",
    "operating_status": "NORMAL",
    "operating_status_info": null,
    "county_fips": null,
    "county_source": null,
    "market": null
   }
  },
  {
   "type": "Feature",
   "id": "vha_539QD",
   "geometry": {
    "type": "Point",
    "coordinates": [
     -84.4522245,
     39.160143
    ]
   },
   "properties": {
    "id": "vha_539QD",
    "name": "Norwood VA Clinic",
    "facility_type": "va_health_facility",
    "classification": "Other Outpatient Services (OOS)",
    "zip5": "45212",
    "city": "Norwood",
    "state": "OH",
    "visn": "10",
    "health_care_system": "VA Cincinnati health care",
    "operating_status": "NORMAL",
    "operating_status_info": null,
    "county_fips": null,
    "county_source": null,
    "market": null
   }
  },
  {
   "type": "Feature",
   "id": "vha_539QE",
   "geometry": {
    "type": "Point",
    "coordinates": [
     -84.50949934,
     39.13815859
    ]
   },
   "properties": {
    "id": "vha_539QE",
    "name": "Cincinnati 1 VA Mobile Medical Unit",
    "facility_type": "va_health_facility",
    "classification": "Other Outpatient Services (OOS)",
    "zip5": "45220",
    "city": "Cincinnati",
    "state": "OH",
    "visn": "10",
    "health_care_system": "VA Cincinnati health care",
    "operating_status": "NORMAL",
    "operating_status_info": null,
    "county_fips": null,
    "county_source": null,
    "market": null
   }
  },
  {
   "type": "Feature",
   "id": "vha_540",
   "geometry": {
    "type": "Point",
    "coordinates": [
     -80.36142251,
     39.27033903
    ]
   },
   "properties": {
    "id": "vha_540",
    "name": "Louis A. Johnson Veterans' Administration Medical Center",
    "facility_type": "va_health_facility",
    "classification": "VA Medical Center (VAMC)",
    "zip5": "26301",
    "city": "Clarksburg",
    "state": "WV",
    "visn": "5",
    "health_care_system": "VA Clarksburg health care",
    "operating_status": "NORMAL",
    "operating_status_info": null,
    "county_fips": null,
    "county_source": null,
    "market": null
   }
  },
  {
   "type": "Feature",
   "id": "vha_540GA",
   "geometry": {
    "type": "Point",
    "coordinates": [
     -79.68392504,
     39.09723132
    ]
   },
   "properties": {
    "id": "vha_540GA",
    "name": "Tucker County VA Clinic",
    "facility_type": "va_health_facility",
    "classification": "Other Outpatient Services (OOS)",
    "zip5": "26287",
    "city": "Parsons",
    "state": "WV",
    "visn": "5",
    "health_care_system": "VA Clarksburg health care",
    "operating_status": "NORMAL",
    "operating_status_info": null,
    "county_fips": null,
    "county_source": null,
    "market": null
   }
  },
  {
   "type": "Feature",
   "id": "vha_540GB",
   "geometry": {
    "type": "Point",
    "coordinates": [
     -81.55006974,
     39.28193568
    ]
   },
   "properties": {
    "id": "vha_540GB",
    "name": "Wood County VA Clinic",
    "facility_type": "va_health_facility",
    "classification": "Multi-Specialty CBOC",
    "zip5": "26101",
    "city": "Parkersburg",
    "state": "WV",
    "visn": "5",
    "health_care_system": "VA Clarksburg health care",
    "operating_status": "NORMAL",
    "operating_status_info": null,
    "county_fips": null,
    "county_source": null,
    "market": null
   }
  },
  {
   "type": "Feature",
   "id": "vha_540GC",
   "geometry": {
    "type": "Point",
    "coordinates": [
     -80.74233213,
     38.65959485
    ]
   },
   "properties": {
    "id": "vha_540GC",
    "name": "Braxton County VA Clinic",
    "facility_type": "va_health_facility",
    "classification": "Other Outpatient Services (OOS)",
    "zip5": "26624",
    "city": "Gassaway",
    "state": "WV",
    "visn": "5",
    "health_care_system": "VA Clarksburg health care",
    "operating_status": "NORMAL",
    "operating_status_info": null,
    "county_fips": null,
    "county_source": null,
    "market": null
   }
  },
  {
   "type": "Feature",
   "id": "vha_540GD",
   "geometry": {
    "type": "Point",
    "coordinates": [
     -79.98628342,
     39.62830239
    ]
   },
   "properties": {
    "id": "vha_540GD",
    "name": "Monongalia County VA Clinic",
    "facility_type": "va_health_facility",
    "classification": "Multi-Specialty CBOC",
    "zip5": "26501",
    "city": "Westover",
    "state": "WV",
    "visn": "5",
    "health_care_system": "VA Clarksburg health care",
    "operating_status": "NORMAL",
    "operating_status_info": null,
    "county_fips": null,
    "county_source": null,
    "market": null
   }
  },
  {
   "type": "Feature",
   "id": "vha_541",
   "geometry": {
    "type": "Point",
    "coordinates": [
     -81.61330533,
     41.51266301
    ]
   },
   "properties": {
    "id": "vha_541",
    "name": "Louis Stokes Cleveland Department of Veterans Affairs Medical Center",
    "facility_type": "va_health_facility",
    "classification": "VA Medical Center (VAMC)",
    "zip5": "44106",
    "city": "Cleveland",
    "state": "OH",
    "visn": "10",
    "health_care_system": "VA Northeast Ohio health care",
    "operating_status": "NORMAL",
    "operating_status_info": null,
    "county_fips": null,
    "county_source": null,
    "market": null
   }
  },
  {
   "type": "Feature",
   "id": "vha_541BU",
   "geometry": {
    "type": "Point",
    "coordinates": [
     -81.61701926,
     41.51404487
    ]
   },
   "properties": {
    "id": "vha_541BU",
    "name": "Cleveland VA Domiciliary",
    "facility_type": "va_health_facility",
    "classification": "Residential Care Site (MH RRTP/DRRTP) (Stand-Alone)",
    "zip5": "44106",
    "city": "Cleveland",
    "state": "OH",
    "visn": "10",
    "health_care_system": "VA Northeast Ohio health care",
    "operating_status": "NORMAL",
    "operating_status_info": null,
    "county_fips": null,
    "county_source": null,
    "market": null
   }
  },
  {
   "type": "Feature",
   "id": "vha_541BY",
   "geometry": {
    "type": "Point",
    "coordinates": [
     -81.3771945,
     40.793274
    ]
   },
   "properties": {
    "id": "vha_541BY",
    "name": "Canton VA Clinic",
    "facility_type": "va_health_facility",
    "classification": "Multi-Specialty CBOC",
    "zip5": "44702",
    "city": "Canton",
    "state": "OH",
    "visn": "10",
    "health_care_system": "VA Northeast Ohio health care",
    "operating_status": "NORMAL",
    "operating_status_info": null,
    "county_fips": null,
    "county_source": null,
    "market": null
   }
  },
  {
   "type": "Feature",
   "id": "vha_541BZ",
   "geometry": {
    "type": "Point",
    "coordinates": [
     -80.66331412,
     41.12395341
    ]
   },
   "properties": {
    "id": "vha_541BZ",
    "name": "Carl Nunziato VA Clinic",
    "facility_type": "va_health_facility",
    "classification": "Multi-Specialty CBOC",
    "zip5": "44504",
    "city": "Youngstown",
    "state": "OH",
    "visn": "10",
    "health_care_system": "VA Northeast Ohio health care",
    "operating_status": "NORMAL",
    "operating_status_info": null,
    "county_fips": null,
    "county_source": null,
    "market": null
   }
  },
  {
   "type": "Feature",
   "id": "vha_541GB",
   "geometry": {
    "type": "Point",
    "coordinates": [
     -82.07706235,
     41.42105379
    ]
   },
   "properties": {
    "id": "vha_541GB",
    "name": "Lorain VA Clinic",
    "facility_type": "va_health_facility",
    "classification": "Multi-Specialty CBOC",
    "zip5": "44035",
    "city": "Sheffield Village",
    "state": "OH",
    "visn": "10",
    "health_care_system": "VA Northeast Ohio health care",
    "operating_status": "NORMAL",
    "operating_status_info": null,
    "county_fips": null,
    "county_source": null,
    "market": null
   }
  },
  {
   "type": "Feature",
   "id": "vha_541GC",
   "geometry": {
    "type": "Point",
    "coordinates": [
     -82.71285722,
     41.43744698
    ]
   },
   "properties": {
    "id": "vha_541GC",
    "name": "Sandusky VA Clinic",
    "facility_type": "va_health_facility",
    "classification": "Multi-Specialty CBOC",
    "zip5": "44870",
    "city": "Sandusky",
    "state": "OH",
    "visn": "10",
    "health_care_system": "VA Northeast Ohio health care",
    "operating_status": "NORMAL",
    "operating_status_info": null,
    "county_fips": null,
    "county_source": null,
    "market": null
   }
  },
  {
   "type": "Feature",
   "id": "vha_541GD",
   "geometry": {
    "type": "Point",
    "coordinates": [
     -82.55156971,
     40.73575161
    ]
   },
   "properties": {
    "id": "vha_541GD",
    "name": "David F. Winder Department of Veterans Affairs Community Based Outpatient Clinic",
    "facility_type": "va_health_facility",
    "classification": "Multi-Specialty CBOC",
    "zip5": "44906",
    "city": "Mansfield",
    "state": "OH",
    "visn": "10",
    "health_care_system": "VA Northeast Ohio health care",
    "operating_status": "NORMAL",
    "operating_status_info": null,
    "county_fips": null,
    "county_source": null,
    "market": null
   }
  },
  {
   "type": "Feature",
   "id": "vha_541GF",
   "geometry": {
    "type": "Point",
    "coordinates": [
     -81.43835385,
     41.62321926
    ]
   },
   "properties": {
    "id": "vha_541GF",
    "name": "Lake County VA Clinic",
    "facility_type": "va_health_facility",
    "classification": "Multi-Specialty CBOC",
    "zip5": "44094",
    "city": "Willoughby",
    "state": "OH",
    "visn": "10",
    "health_care_system": "VA Northeast Ohio health care",
    "operating_status": "NORMAL",
    "operating_status_info": null,
    "county_fips": null,
    "county_source": null,
    "market": null
   }
  },
  {
   "type": "Feature",
   "id": "vha_541GG",
   "geometry": {
    "type": "Point",
    "coordinates": [
     -81.529002,
     41.029128
    ]
   },
   "properties": {
    "id": "vha_541GG",
    "name": "Akron VA Clinic",
    "facility_type": "va_health_facility",
    "classification": "Multi-Specialty CBOC",
    "zip5": "44319",
    "city": "Akron",
    "state": "OH",
    "visn": "10",
    "health_care_system": "VA Northeast Ohio health care",
    "operating_status": "NORMAL",
    "operating_status_info": null,
    "county_fips": null,
    "county_source": null,
    "market": null
   }
  },
  {
   "type": "Feature",
   "id": "vha_541GH",
   "geometry": {
    "type": "Point",
    "coordinates": [
     -80.57818823,
     40.67315413
    ]
   },
   "properties": {
    "id": "vha_541GH",
    "name": "East Liverpool VA Clinic",
    "facility_type": "va_health_facility",
    "classification": "Multi-Specialty CBOC",
    "zip5": "43920",
    "city": "Calcutta",
    "state": "OH",
    "visn": "10",
    "health_care_system": "VA Northeast Ohio health care",
    "operating_status": "NORMAL",
    "operating_status_info": null,
    "county_fips": null,
    "county_source": null,
    "market": null
   }
  },
  {
   "type": "Feature",
   "id": "vha_541GI",
   "geometry": {
    "type": "Point",
    "coordinates": [
     -80.83480505,
     41.24652964
    ]
   },
   "properties": {
    "id": "vha_541GI",
    "name": "Warren VA Clinic",
    "facility_type": "va_health_facility",
    "classification": "Primary Care CBOC",
    "zip5": "44485",
    "city": "Warren",
    "state": "OH",
    "visn": "10",
    "health_care_system": "VA Northeast Ohio health care",
    "operating_status": "NORMAL",
    "operating_status_info": null,
    "county_fips": null,
    "county_source": null,
    "market": null
   }
  },
  {
   "type": "Feature",
   "id": "vha_541GJ",
   "geometry": {
    "type": "Point",
    "coordinates": [
     -81.45682508,
     40.50639848
    ]
   },
   "properties": {
    "id": "vha_541GJ",
    "name": "New Philadelphia VA Clinic",
    "facility_type": "va_health_facility",
    "classification": "Primary Care CBOC",
    "zip5": "44663",
    "city": "New Philadelphia",
    "state": "OH",
    "visn": "10",
    "health_care_system": "VA Northeast Ohio health care",
    "operating_status": "NORMAL",
    "operating_status_info": null,
    "county_fips": null,
    "county_source": null,
    "market": null
   }
  },
  {
   "type": "Feature",
   "id": "vha_541GK",
   "geometry": {
    "type": "Point",
    "coordinates": [
     -81.2563,
     41.1786
    ]
   },
   "properties": {
    "id": "vha_541GK",
    "name": "Ravenna VA Clinic",
    "facility_type": "va_health_facility",
    "classification": "Primary Care CBOC",
    "zip5": "44266",
    "city": "Ravenna",
    "state": "OH",
    "visn": "10",
    "health_care_system": "VA Northeast Ohio health care",
    "operating_status": "NORMAL",
    "operating_status_info": null,
    "county_fips": null,
    "county_source": null,
    "market": null
   }
  },
  {
   "type": "Feature",
   "id": "vha_541GL",
   "geometry": {
    "type": "Point",
    "coordinates": [
     -81.74646127,
     41.4184726
    ]
   },
   "properties": {
    "id": "vha_541GL",
    "name": "Parma VA Clinic",
    "facility_type": "va_health_facility",
    "classification": "Multi-Specialty CBOC",
    "zip5": "44129",
    "city": "Parma",
    "state": "OH",
    "visn": "10",
    "health_care_system": "VA Northeast Ohio health care",
    "operating_status": "NORMAL",
    "operating_status_info": null,
    "county_fips": null,
    "county_source": null,
    "market": null
   }
  },
  {
   "type": "Feature",
   "id": "vha_541GM",
   "geometry": {
    "type": "Point",
    "coordinates": [
     -81.62566982,
     41.52075514
    ]
   },
   "properties": {
    "id": "vha_541GM",
    "name": "Cleveland VA Clinic-Superior",
    "facility_type": "va_health_facility",
    "classification": "Other Outpatient Services (OOS)",
    "zip5": "44106",
    "city": "Cleveland",
    "state": "OH",
    "visn": "10",
    "health_care_system": "VA Northeast Ohio health care",
    "operating_status": "NORMAL",
    "operating_status_info": null,
    "county_fips": null,
    "county_source": null,
    "market": null
   }
  },
  {
   "type": "Feature",
   "id": "vha_541QA",
   "geometry": {
    "type": "Point",
    "coordinates": [
     -81.5220405,
     41.064282
    ]
   },
   "properties": {
    "id": "vha_541QA",
    "name": "Summit County VA Clinic",
    "facility_type": "va_health_facility",
    "classification": "Other Outpatient Services (OOS)",
    "zip5": "44311",
    "city": "Akron",
    "state": "OH",
    "visn": "10",
    "health_care_system": "VA Northeast Ohio health care",
    "operating_status": "NORMAL",
    "operating_status_info": null,
    "county_fips": null,
    "county_source": null,
    "market": null
   }
  },
  {
   "type": "Feature",
   "id": "vha_541QB",
   "geometry": {
    "type": "Point",
    "coordinates": [
     -81.6410655,
     41.503689
    ]
   },
   "properties": {
    "id": "vha_541QB",
    "name": "Cleveland VA Clinic-Euclid",
    "facility_type": "va_health_facility",
    "classification": "Multi-Specialty CBOC",
    "zip5": "44103",
    "city": "Cleveland",
    "state": "OH",
    "visn": "10",
    "health_care_system": "VA Northeast Ohio health care",
    "operating_status": "NORMAL",
    "operating_status_info": null,
    "county_fips": null,
    "county_source": null,
    "market": null
   }
  },
  {
   "type": "Feature",
   "id": "vha_541QC",
   "geometry": {
    "type": "Point",
    "coordinates": [
     -81.37670954,
     40.79301293
    ]
   },
   "properties": {
    "id": "vha_541QC",
    "name": "Canton 1 VA Mobile Medical Unit",
    "facility_type": "va_health_facility",
    "classification": "Other Outpatient Services (OOS)",
    "zip5": "44702",
    "city": "Canton",
    "state": "OH",
    "visn": "10",
    "health_care_system": "VA Northeast Ohio health care",
    "operating_status": "NORMAL",
    "operating_status_info": null,
    "county_fips": null,
    "county_source": null,
    "market": null
   }
  },
  {
   "type": "Feature",
   "id": "vha_541QE",
   "geometry": {
    "type": "Point",
    "coordinates": [
     -82.0770587,
     41.42066778
    ]
   },
   "properties": {
    "id": "vha_541QE",
    "name": "Lorain 1 VA Mobile Medical Unit",
    "facility_type": "va_health_facility",
    "classification": "Other Outpatient Services (OOS)",
    "zip5": "44035",
    "city": "Sheffield Village",
    "state": "OH",
    "visn": "10",
    "health_care_system": "VA Northeast Ohio health care",
    "operating_status": "NORMAL",
    "operating_status_info": null,
    "county_fips": null,
    "county_source": null,
    "market": null
   }
  },
  {
   "type": "Feature",
   "id": "vha_541QF",
   "geometry": {
    "type": "Point",
    "coordinates": [
     -80.6631696,
     41.12372448
    ]
   },
   "properties": {
    "id": "vha_541QF",
    "name": "Youngstown 1 VA Mobile Medical Unit",
    "facility_type": "va_health_facility",
    "classification": "Other Outpatient Services (OOS)",
    "zip5": "44504",
    "city": "Youngstown",
    "state": "OH",
    "visn": "10",
    "health_care_system": "VA Northeast Ohio health care",
    "operating_status": "NORMAL",
    "operating_status_info": null,
    "county_fips": null,
    "county_source": null,
    "market": null
   }
  },
  {
   "type": "Feature",
   "id": "vha_541QG",
   "geometry": {
    "type": "Point",
    "coordinates": [
     -81.38938101,
     41.094856
    ]
   },
   "properties": {
    "id": "vha_541QG",
    "name": "Kent VA Clinic",
    "facility_type": "va_health_facility",
    "classification": "Other Outpatient Services (OOS)",
    "zip5": "44240",
    "city": "Kent",
    "state": "OH",
    "visn": "10",
    "health_care_system": null,
    "operating_status": "NORMAL",
    "operating_status_info": null,
    "county_fips": null,
    "county_source": null,
    "market": null
   }
  },
  {
   "type": "Feature",
   "id": "vha_541QH",
   "geometry": {
    "type": "Point",
    "coordinates": [
     -81.6132328,
     41.51263282
    ]
   },
   "properties": {
    "id": "vha_541QH",
    "name": "Cleveland 3 VA Mobile Medical Unit",
    "facility_type": "va_health_facility",
    "classification": "Other Outpatient Services (OOS)",
    "zip5": "44106",
    "city": "Cleveland",
    "state": "OH",
    "visn": "10",
    "health_care_system": "VA Northeast Ohio health care",
    "operating_status": "NORMAL",
    "operating_status_info": null,
    "county_fips": null,
    "county_source": null,
    "market": null
   }
  },
  {
   "type": "Feature",
   "id": "vha_541QI",
   "geometry": {
    "type": "Point",
    "coordinates": [
     -81.53055375,
     41.02875665
    ]
   },
   "properties": {
    "id": "vha_541QI",
    "name": "Akron West VA Clinic",
    "facility_type": "va_health_facility",
    "classification": "Other Outpatient Services (OOS)",
    "zip5": "44319",
    "city": "Akron",
    "state": "OH",
    "visn": "10",
    "health_care_system": "VA Northeast Ohio health care",
    "operating_status": "NORMAL",
    "operating_status_info": null,
    "county_fips": null,
    "county_source": null,
    "market": null
   }
  },
  {
   "type": "Feature",
   "id": "vha_542",
   "geometry": {
    "type": "Point",
    "coordinates": [
     -75.7963125,
     39.998097
    ]
   },
   "properties": {
    "id": "vha_542",
    "name": "Coatesville VA Medical Center",
    "facility_type": "va_health_facility",
    "classification": "VA Medical Center (VAMC)",
    "zip5": "19320",
    "city": "Coatesville",
    "state": "PA",
    "visn": "4",
    "health_care_system": "VA Coatesville health care",
    "operating_status": "NORMAL",
    "operating_status_info": null,
    "county_fips": null,
    "county_source": null,
    "market": null
   }
  },
  {
   "type": "Feature",
   "id": "vha_542GA",
   "geometry": {
    "type": "Point",
    "coordinates": [
     -75.44244579,
     39.97519719
    ]
   },
   "properties": {
    "id": "vha_542GA",
    "name": "Delaware County VA Clinic",
    "facility_type": "va_health_facility",
    "classification": "Primary Care CBOC",
    "zip5": "19073",
    "city": "Newtown Square",
    "state": "PA",
    "visn": "4",
    "health_care_system": "VA Coatesville health care",
    "operating_status": "NORMAL",
    "operating_status_info": null,
    "county_fips": null,
    "county_source": null,
    "market": null
   }
  },
  {
   "type": "Feature",
   "id": "vha_542GE",
   "geometry": {
    "type": "Point",
    "coordinates": [
     -75.4011093,
     40.12324715
    ]
   },
   "properties": {
    "id": "vha_542GE",
    "name": "West Norriton VA Clinic",
    "facility_type": "va_health_facility",
    "classification": "Multi-Specialty CBOC",
    "zip5": "19403",
    "city": "Norristown",
    "state": "PA",
    "visn": "4",
    "health_care_system": "VA Coatesville health care",
    "operating_status": "NORMAL",
    "operating_status_info": null,
    "county_fips": null,
    "county_source": null,
    "market": null
   }
  },
  {
   "type": "Feature",
   "id": "vha_544",
   "geometry": {
    "type": "Point",
    "coordinates": [
     -80.960958,
     33.976395
    ]
   },
   "properties": {
    "id": "vha_544",
    "name": "Wm. Jennings Bryan Dorn Department of Veterans Affairs Medical Center",
    "facility_type": "va_health_facility",
    "classification": "VA Medical Center (VAMC)",
    "zip5": "29209",
    "city": "Columbia",
    "state": "SC",
    "visn": "7",
    "health_care_system": "VA Columbia South Carolina health care",
    "operating_status": "NORMAL",
    "operating_status_info": null,
    "county_fips": null,
    "county_source": null,
    "market": null
   }
  },
  {
   "type": "Feature",
   "id": "vha_544BZ",
   "geometry": {
    "type": "Point",
    "coordinates": [
     -82.41606,
     34.814934
    ]
   },
   "properties": {
    "id": "vha_544BZ",
    "name": "Lance Corporal Dana Cornell Darnell VA Clinic",
    "facility_type": "va_health_facility",
    "classification": "Multi-Specialty CBOC",
    "zip5": "29605",
    "city": "Greenville",
    "state": "SC",
    "visn": "7",
    "health_care_system": "VA Columbia South Carolina health care",
    "operating_status": "NORMAL",
    "operating_status_info": null,
    "county_fips": null,
    "county_source": null,
    "market": null
   }
  },
  {
   "type": "Feature",
   "id": "vha_544GB",
   "geometry": {
    "type": "Point",
    "coordinates": [
     -79.82750526,
     34.16722454
    ]
   },
   "properties": {
    "id": "vha_544GB",
    "name": "Florence VA Clinic",
    "facility_type": "va_health_facility",
    "classification": "Multi-Specialty CBOC",
    "zip5": "29501",
    "city": "Florence",
    "state": "SC",
    "visn": "7",
    "health_care_system": "VA Columbia South Carolina health care",
    "operating_status": "NORMAL",
    "operating_status_info": null,
    "county_fips": null,
    "county_source": null,
    "market": null
   }
  },
  {
   "type": "Feature",
   "id": "vha_544GC",
   "geometry": {
    "type": "Point",
    "coordinates": [
     -80.99720622,
     34.93058757
    ]
   },
   "properties": {
    "id": "vha_544GC",
    "name": "Rock Hill VA Clinic",
    "facility_type": "va_health_facility",
    "classification": "Primary Care CBOC",
    "zip5": "29730",
    "city": "Rock Hill",
    "state": "SC",
    "visn": "7",
    "health_care_system": "VA Columbia South Carolina health care",
    "operating_status": "NORMAL",
    "operating_status_info": null,
    "county_fips": null,
    "county_source": null,
    "market": null
   }
  },
  {
   "type": "Feature",
   "id": "vha_544GD",
   "geometry": {
    "type": "Point",
    "coordinates": [
     -82.62396889,
     34.57269907
    ]
   },
   "properties": {
    "id": "vha_544GD",
    "name": "Anderson VA Clinic",
    "facility_type": "va_health_facility",
    "classification": "Multi-Specialty CBOC",
    "zip5": "29621",
    "city": "Anderson",
    "state": "SC",
    "visn": "7",
    "health_care_system": "VA Columbia South Carolina health care",
    "operating_status": "NORMAL",
    "operating_status_info": null,
    "county_fips": null,
    "county_source": null,
    "market": null
   }
  },
  {
   "type": "Feature",
   "id": "vha_544GE",
   "geometry": {
    "type": "Point",
    "coordinates": [
     -80.85250367,
     33.47477744
    ]
   },
   "properties": {
    "id": "vha_544GE",
    "name": "Orangeburg VA Clinic",
    "facility_type": "va_health_facility",
    "classification": "Primary Care CBOC",
    "zip5": "29118",
    "city": "Orangeburg",
    "state": "SC",
    "visn": "7",
    "health_care_system": "VA Columbia South Carolina health care",
    "operating_status": "NORMAL",
    "operating_status_info": null,
    "county_fips": null,
    "county_source": null,
    "market": null
   }
  },
  {
   "type": "Feature",
   "id": "vha_544GF",
   "geometry": {
    "type": "Point",
    "coordinates": [
     -80.36885486,
     33.94957811
    ]
   },
   "properties": {
    "id": "vha_544GF",
    "name": "Sumter VA Clinic",
    "facility_type": "va_health_facility",
    "classification": "Primary Care CBOC",
    "zip5": "29150",
    "city": "Sumter",
    "state": "SC",
    "visn": "7",
    "health_care_system": "VA Columbia South Carolina health care",
    "operating_status": "NORMAL",
    "operating_status_info": null,
    "county_fips": null,
    "county_source": null,
    "market": null
   }
  },
  {
   "type": "Feature",
   "id": "vha_544GG",
   "geometry": {
    "type": "Point",
    "coordinates": [
     -81.94296537,
     34.99248044
    ]
   },
   "properties": {
    "id": "vha_544GG",
    "name": "Spartanburg VA Clinic",
    "facility_type": "va_health_facility",
    "classification": "Primary Care CBOC",
    "zip5": "29303",
    "city": "Spartanburg",
    "state": "SC",
    "visn": "7",
    "health_care_system": "VA Columbia South Carolina health care",
    "operating_status": "NORMAL",
    "operating_status_info": null,
    "county_fips": null,
    "county_source": null,
    "market": null
   }
  },
  {
   "type": "Feature",
   "id": "vha_544HK",
   "geometry": {
    "type": "Point",
    "coordinates": [
     -80.960958,
     33.976395
    ]
   },
   "properties": {
    "id": "vha_544HK",
    "name": "Columbia VA Mobile Medical Unit",
    "facility_type": "va_health_facility",
    "classification": "Other Outpatient Services (OOS)",
    "zip5": "29209",
    "city": "Columbia",
    "state": "SC",
    "visn": "7",
    "health_care_system": "VA Columbia South Carolina health care",
    "operating_status": "NORMAL",
    "operating_status_info": null,
    "county_fips": null,
    "county_source": null,
    "market": null
   }
  },
  {
   "type": "Feature",
   "id": "vha_546",
   "geometry": {
    "type": "Point",
    "coordinates": [
     -80.21812557,
     25.79096193
    ]
   },
   "properties": {
    "id": "vha_546",
    "name": "Bruce W. Carter Department of Veterans Affairs Medical Center",
    "facility_type": "va_health_facility",
    "classification": "VA Medical Center (VAMC)",
    "zip5": "33125",
    "city": "Miami",
    "state": "FL",
    "visn": "8",
    "health_care_system": "VA Miami health care",
    "operating_status": "NORMAL",
    "operating_status_info": null,
    "county_fips": null,
    "county_source": null,
    "market": null
   }
  },
  {
   "type": "Feature",
   "id": "vha_546BZ",
   "geometry": {
    "type": "Point",
    "coordinates": [
     -80.28120133,
     26.19364651
    ]
   },
   "properties": {
    "id": "vha_546BZ",
    "name": "William \"Bill\" Kling Department of Veterans Affairs Outpatient Clinic",
    "facility_type": "va_health_facility",
    "classification": "Multi-Specialty CBOC",
    "zip5": "33351",
    "city": "Sunrise",
    "state": "FL",
    "visn": "8",
    "health_care_system": "VA Miami health care",
    "operating_status": "NORMAL",
    "operating_status_info": null,
    "county_fips": null,
    "county_source": null,
    "market": null
   }
  },
  {
   "type": "Feature",
   "id": "vha_546GA",
   "geometry": {
    "type": "Point",
    "coordinates": [
     -80.21946944,
     25.77334969
    ]
   },
   "properties": {
    "id": "vha_546GA",
    "name": "Miami Flagler VA Clinic",
    "facility_type": "va_health_facility",
    "classification": "Primary Care CBOC",
    "zip5": "33135",
    "city": "Miami",
    "state": "FL",
    "visn": "8",
    "health_care_system": "VA Miami health care",
    "operating_status": "NORMAL",
    "operating_status_info": null,
    "county_fips": null,
    "county_source": null,
    "market": null
   }
  },
  {
   "type": "Feature",
   "id": "vha_546GB",
   "geometry": {
    "type": "Point",
    "coordinates": [
     -81.75046078,
     24.56926736
    ]
   },
   "properties": {
    "id": "vha_546GB",
    "name": "Key West VA Clinic",
    "facility_type": "va_health_facility",
    "classification": "Primary Care CBOC",
    "zip5": "33040",
    "city": "Key West",
    "state": "FL",
    "visn": "8",
    "health_care_system": "VA Miami health care",
    "operating_status": "NORMAL",
    "operating_status_info": null,
    "county_fips": null,
    "county_source": null,
    "market": null
   }
  },
  {
   "type": "Feature",
   "id": "vha_546GC",
   "geometry": {
    "type": "Point",
    "coordinates": [
     -80.4775195,
     25.47939385
    ]
   },
   "properties": {
    "id": "vha_546GC",
    "name": "Homestead VA Clinic",
    "facility_type": "va_health_facility",
    "classification": "Multi-Specialty CBOC",
    "zip5": "33030",
    "city": "Homestead",
    "state": "FL",
    "visn": "8",
    "health_care_system": "VA Miami health care",
    "operating_status": "NORMAL",
    "operating_status_info": null,
    "county_fips": null,
    "county_source": null,
    "market": null
   }
  },
  {
   "type": "Feature",
   "id": "vha_546GD",
   "geometry": {
    "type": "Point",
    "coordinates": [
     -80.23598337,
     26.0314371
    ]
   },
   "properties": {
    "id": "vha_546GD",
    "name": "Pembroke Pines VA Clinic",
    "facility_type": "va_health_facility",
    "classification": "Primary Care CBOC",
    "zip5": "33024",
    "city": "Hollywood",
    "state": "FL",
    "visn": "8",
    "health_care_system": "VA Miami health care",
    "operating_status": "NORMAL",
    "operating_status_info": null,
    "county_fips": null,
    "county_source": null,
    "market": null
   }
  },
  {
   "type": "Feature",
   "id": "vha_546GE",
   "geometry": {
    "type": "Point",
    "coordinates": [
     -80.3813085,
     25.164036
    ]
   },
   "properties": {
    "id": "vha_546GE",
    "name": "Key Largo VA Clinic",
    "facility_type": "va_health_facility",
    "classification": "Other Outpatient Services (OOS)",
    "zip5": "33037",
    "city": "Key Largo",
    "state": "FL",
    "visn": "8",
    "health_care_system": "VA Miami health care",
    "operating_status": "NORMAL",
    "operating_status_info": null,
    "county_fips": null,
    "county_source": null,
    "market": null
   }
  },
  {
   "type": "Feature",
   "id": "vha_546GF",
   "geometry": {
    "type": "Point",
    "coordinates": [
     -80.18084917,
     26.00298853
    ]
   },
   "properties": {
    "id": "vha_546GF",
    "name": "Hollywood VA Clinic",
    "facility_type": "va_health_facility",
    "classification": "Primary Care CBOC",
    "zip5": "33021",
    "city": "Hollywood",
    "state": "FL",
    "visn": "8",
    "health_care_system": "VA Miami health care",
    "operating_status": "NORMAL",
    "operating_status_info": null,
    "county_fips": null,
    "county_source": null,
    "market": null
   }
  },
  {
   "type": "Feature",
   "id": "vha_546GH",
   "geometry": {
    "type": "Point",
    "coordinates": [
     -80.1329457,
     26.30392391
    ]
   },
   "properties": {
    "id": "vha_546GH",
    "name": "Deerfield Beach VA Clinic",
    "facility_type": "va_health_facility",
    "classification": "Primary Care CBOC",
    "zip5": "33442",
    "city": "Deerfield Beach",
    "state": "FL",
    "visn": "8",
    "health_care_system": "VA Miami health care",
    "operating_status": "NORMAL",
    "operating_status_info": null,
    "county_fips": null,
    "county_source": null,
    "market": null
   }
  },
  {
   "type": "Feature",
   "id": "vha_548",
   "geometry": {
    "type": "Point",
    "coordinates": [
     -80.1117675,
     26.786079
    ]
   },
   "properties": {
    "id": "vha_548",
    "name": "Thomas H. Corey VA Medical Center",
    "facility_type": "va_health_facility",
    "classification": "VA Medical Center (VAMC)",
    "zip5": "33410",
    "city": "West Palm Beach",
    "state": "FL",
    "visn": "8",
    "health_care_system": "VA West Palm Beach health care",
    "operating_status": "NORMAL",
    "operating_status_info": null,
    "county_fips": null,
    "county_source": null,
    "market": null
   }
  },
  {
   "type": "Feature",
   "id": "vha_548GA",
   "geometry": {
    "type": "Point",
    "coordinates": [
     -80.3505645,
     27.429102
    ]
   },
   "properties": {
    "id": "vha_548GA",
    "name": "Fort Pierce VA Clinic",
    "facility_type": "va_health_facility",
    "classification": "Primary Care CBOC",
    "zip5": "34947",
    "city": "Fort Pierce",
    "state": "FL",
    "visn": "8",
    "health_care_system": "VA West Palm Beach health care",
    "operating_status": "NORMAL",
    "operating_status_info": null,
    "county_fips": null,
    "county_source": null,
    "market": null
   }
  },
  {
   "type": "Feature",
   "id": "vha_548GB",
   "geometry": {
    "type": "Point",
    "coordinates": [
     -80.118387,
     26.438103
    ]
   },
   "properties": {
    "id": "vha_548GB",
    "name": "Delray Beach VA Clinic",
    "facility_type": "va_health_facility",
    "classification": "Multi-Specialty CBOC",
    "zip5": "33445",
    "city": "Delray Beach",
    "state": "FL",
    "visn": "8",
    "health_care_system": "VA West Palm Beach health care",
    "operating_status": "NORMAL",
    "operating_status_info": null,
    "county_fips": null,
    "county_source": null,
    "market": null
   }
  },
  {
   "type": "Feature",
   "id": "vha_548GC",
   "geometry": {
    "type": "Point",
    "coordinates": [
     -80.24055997,
     27.16173171
    ]
   },
   "properties": {
    "id": "vha_548GC",
    "name": "Stuart VA Clinic",
    "facility_type": "va_health_facility",
    "classification": "Primary Care CBOC",
    "zip5": "34997",
    "city": "Stuart",
    "state": "FL",
    "visn": "8",
    "health_care_system": "VA West Palm Beach health care",
    "operating_status": "NORMAL",
    "operating_status_info": null,
    "county_fips": null,
    "county_source": null,
    "market": null
   }
  },
  {
   "type": "Feature",
   "id": "vha_548GD",
   "geometry": {
    "type": "Point",
    "coordinates": [
     -80.10453053,
     26.35850399
    ]
   },
   "properties": {
    "id": "vha_548GD",
    "name": "Boca Raton VA Clinic",
    "facility_type": "va_health_facility",
    "classification": "Primary Care CBOC",
    "zip5": "33433",
    "city": "Boca Raton",
    "state": "FL",
    "visn": "8",
    "health_care_system": "VA West Palm Beach health care",
    "operating_status": "NORMAL",
    "operating_status_info": null,
    "county_fips": null,
    "county_source": null,
    "market": null
   }
  },
  {
   "type": "Feature",
   "id": "vha_548GE",
   "geometry": {
    "type": "Point",
    "coordinates": [
     -80.38021807,
     27.63255628
    ]
   },
   "properties": {
    "id": "vha_548GE",
    "name": "Vero Beach VA Clinic",
    "facility_type": "va_health_facility",
    "classification": "Primary Care CBOC",
    "zip5": "32960",
    "city": "Vero Beach",
    "state": "FL",
    "visn": "8",
    "health_care_system": "VA West Palm Beach health care",
    "operating_status": "NORMAL",
    "operating_status_info": null,
    "county_fips": null,
    "county_source": null,
    "market": null
   }
  },
  {
   "type": "Feature",
   "id": "vha_548GF",
   "geometry": {
    "type": "Point",
    "coordinates": [
     -80.82995034,
     27.25614877
    ]
   },
   "properties": {
    "id": "vha_548GF",
    "name": "Okeechobee VA Clinic",
    "facility_type": "va_health_facility",
    "classification": "Primary Care CBOC",
    "zip5": "34972",
    "city": "Okeechobee",
    "state": "FL",
    "visn": "8",
    "health_care_system": "VA West Palm Beach health care",
    "operating_status": "NORMAL",
    "operating_status_info": null,
    "county_fips": null,
    "county_source": null,
    "market": null
   }
  },
  {
   "type": "Feature",
   "id": "vha_548GG",
   "geometry": {
    "type": "Point",
    "coordinates": [
     -80.38794705,
     27.66020194
    ]
   },
   "properties": {
    "id": "vha_548GG",
    "name": "Indian River VA Clinic",
    "facility_type": "va_health_facility",
    "classification": "Other Outpatient Services (OOS)",
    "zip5": "32960",
    "city": "Vero Beach",
    "state": "FL",
    "visn": "8",
    "health_care_system": null,
    "operating_status": "NORMAL",
    "operating_status_info": null,
    "county_fips": null,
    "county_source": null,
    "market": null
   }
  },
  {
   "type": "Feature",
   "id": "vha_548QA",
   "geometry": {
    "type": "Point",
    "coordinates": [
     -80.402481,
     27.310248
    ]
   },
   "properties": {
    "id": "vha_548QA",
    "name": "Port Saint Lucie VA Clinic",
    "facility_type": "va_health_facility",
    "classification": "Other Outpatient Services (OOS)",
    "zip5": "34986",
    "city": "Port Saint Lucie",
    "state": "FL",
    "visn": "8",
    "health_care_system": "VA West Palm Beach health care",
    "operating_status": "NORMAL",
    "operating_status_info": null,
    "county_fips": null,
    "county_source": null,
    "market": null
   }
  },
  {
   "type": "Feature",
   "id": "vha_548QB",
   "geometry": {
    "type": "Point",
    "coordinates": [
     -80.1106783,
     26.7843887
    ]
   },
   "properties": {
    "id": "vha_548QB",
    "name": "West Palm Beach VA Mobile Medical Unit",
    "facility_type": "va_health_facility",
    "classification": "Other Outpatient Services (OOS)",
    "zip5": "33410",
    "city": "West Palm Beach",
    "state": "FL",
    "visn": "8",
    "health_care_system": null,
    "operating_status": "NORMAL",
    "operating_status_info": null,
    "county_fips": null,
    "county_source": null,
    "market": null
   }
  },
  {
   "type": "Feature",
   "id": "vha_549",
   "geometry": {
    "type": "Point",
    "coordinates": [
     -96.791634,
     32.694444
    ]
   },
   "properties": {
    "id": "vha_549",
    "name": "Dallas VA Medical Center",
    "facility_type": "va_health_facility",
    "classification": "VA Medical Center (VAMC)",
    "zip5": "75216",
    "city": "Dallas",
    "state": "TX",
    "visn": "17",
    "health_care_system": "VA North Texas health care",
    "operating_status": "NORMAL",
    "operating_status_info": null,
    "county_fips": null,
    "county_source": null,
    "market": null
   }
  },
  {
   "type": "Feature",
   "id": "vha_549A4",
   "geometry": {
    "type": "Point",
    "coordinates": [
     -96.16726047,
     33.58161396
    ]
   },
   "properties": {
    "id": "vha_549A4",
    "name": "Sam Rayburn Memorial Veterans Center",
    "facility_type": "va_health_facility",
    "classification": "VA Medical Center (VAMC)",
    "zip5": "75418",
    "city": "Bonham",
    "state": "TX",
    "visn": "17",
    "health_care_system": "VA North Texas health care",
    "operating_status": "NOTICE",
    "operating_status_info": "Clinical hours are 8:00 a.m. to 4:00 p.m.",
    "county_fips": null,
    "county_source": null,
    "market": null
   }
  },
  {
   "type": "Feature",
   "id": "vha_549A5",
   "geometry": {
    "type": "Point",
    "coordinates": [
     -96.66199796,
     32.91860846
    ]
   },
   "properties": {
    "id": "vha_549A5",
    "name": "Garland VA Medical Center",
    "facility_type": "va_health_facility",
    "classification": "Multi-Specialty CBOC",
    "zip5": "75042",
    "city": "Garland",
    "state": "TX",
    "visn": "17",
    "health_care_system": "VA North Texas health care",
    "operating_status": "NORMAL",
    "operating_status_info": null,
    "county_fips": null,
    "county_source": null,
    "market": null
   }
  },
  {
   "type": "Feature",
   "id": "vha_549BY",
   "geometry": {
    "type": "Point",
    "coordinates": [
     -97.30015204,
     32.66918174
    ]
   },
   "properties": {
    "id": "vha_549BY",
    "name": "Fort Worth VA Clinic",
    "facility_type": "va_health_facility",
    "classification": "Multi-Specialty CBOC",
    "zip5": "76119",
    "city": "Fort Worth",
    "state": "TX",
    "visn": "17",
    "health_care_system": "VA North Texas health care",
    "operating_status": "NORMAL",
    "operating_status_info": null,
    "county_fips": null,
    "county_source": null,
    "market": null
   }
  },
  {
   "type": "Feature",
   "id": "vha_549GD",
   "geometry": {
    "type": "Point",
    "coordinates": [
     -97.11156756,
     33.19124245
    ]
   },
   "properties": {
    "id": "vha_549GD",
    "name": "Denton VA Clinic",
    "facility_type": "va_health_facility",
    "classification": "Primary Care CBOC",
    "zip5": "76205",
    "city": "Denton",
    "state": "TX",
    "visn": "17",
    "health_care_system": "VA North Texas health care",
    "operating_status": "NORMAL",
    "operating_status_info": null,
    "county_fips": null,
    "county_source": null,
    "market": null
   }
  },
  {
   "type": "Feature",
   "id": "vha_549GE",
   "geometry": {
    "type": "Point",
    "coordinates": [
     -97.60825891,
     33.23156569
    ]
   },
   "properties": {
    "id": "vha_549GE",
    "name": "Decatur VA Clinic",
    "facility_type": "va_health_facility",
    "classification": "Primary Care CBOC",
    "zip5": "76234",
    "city": "Decatur",
    "state": "TX",
    "visn": "17",
    "health_care_system": "VA North Texas health care",
    "operating_status": "NORMAL",
    "operating_status_info": null,
    "county_fips": null,
    "county_source": null,
    "market": null
   }
  },
  {
   "type": "Feature",
   "id": "vha_549GF",
   "geometry": {
    "type": "Point",
    "coordinates": [
     -97.8086708,
     32.42518847
    ]
   },
   "properties": {
    "id": "vha_549GF",
    "name": "Granbury VA Clinic",
    "facility_type": "va_health_facility",
    "classification": "Primary Care CBOC",
    "zip5": "76048",
    "city": "Granbury",
    "state": "TX",
    "visn": "17",
    "health_care_system": "VA North Texas health care",
    "operating_status": "NORMAL",
    "operating_status_info": null,
    "county_fips": null,
    "county_source": null,
    "market": null
   }
  },
  {
   "type": "Feature",
   "id": "vha_549GH",
   "geometry": {
    "type": "Point",
    "coordinates": [
     -96.08041449,
     33.08644832
    ]
   },
   "properties": {
    "id": "vha_549GH",
    "name": "Greenville VA Clinic",
    "facility_type": "va_health_facility",
    "classification": "Primary Care CBOC",
    "zip5": "75402",
    "city": "Greenville",
    "state": "TX",
    "visn": "17",
    "health_care_system": "VA North Texas health care",
    "operating_status": "NORMAL",
    "operating_status_info": null,
    "county_fips": null,
    "county_source": null,
    "market": null
   }
  },
  {
   "type": "Feature",
   "id": "vha_549GJ",
   "geometry": {
    "type": "Point",
    "coordinates": [
     -96.60652625,
     33.65396051
    ]
   },
   "properties": {
    "id": "vha_549GJ",
    "name": "Sherman VA Clinic",
    "facility_type": "va_health_facility",
    "classification": "Primary Care CBOC",
    "zip5": "75090",
    "city": "Sherman",
    "state": "TX",
    "visn": "17",
    "health_care_system": "VA North Texas health care",
    "operating_status": "NORMAL",
    "operating_status_info": null,
    "county_fips": null,
    "county_source": null,
    "market": null
   }
  },
  {
   "type": "Feature",
   "id": "vha_549GK",
   "geometry": {
    "type": "Point",
    "coordinates": [
     -96.8409315,
     32.693472
    ]
   },
   "properties": {
    "id": "vha_549GK",
    "name": "Polk Street VA Clinic",
    "facility_type": "va_health_facility",
    "classification": "Other Outpatient Services (OOS)",
    "zip5": "75224",
    "city": "Dallas",
    "state": "TX",
    "visn": "17",
    "health_care_system": "VA North Texas health care",
    "operating_status": "NORMAL",
    "operating_status_info": null,
    "county_fips": null,
    "county_source": null,
    "market": null
   }
  },
  {
   "type": "Feature",
   "id": "vha_549GL",
   "geometry": {
    "type": "Point",
    "coordinates": [
     -96.76429567,
     33.01920164
    ]
   },
   "properties": {
    "id": "vha_549GL",
    "name": "U.S. Congressman Sam Johnson Memorial VA Clinic",
    "facility_type": "va_health_facility",
    "classification": "Primary Care CBOC",
    "zip5": "75075",
    "city": "Plano",
    "state": "TX",
    "visn": "17",
    "health_care_system": "VA North Texas health care",
    "operating_status": "NORMAL",
    "operating_status_info": null,
    "county_fips": null,
    "county_source": null,
    "market": null
   }
  },
  {
   "type": "Feature",
   "id": "vha_549GM",
   "geometry": {
    "type": "Point",
    "coordinates": [
     -97.0498125,
     32.734305
    ]
   },
   "properties": {
    "id": "vha_549GM",
    "name": "Grand Prairie VA Clinic",
    "facility_type": "va_health_facility",
    "classification": "Primary Care CBOC",
    "zip5": "75051",
    "city": "Grand Prairie",
    "state": "TX",
    "visn": "17",
    "health_care_system": "VA North Texas health care",
    "operating_status": "NORMAL",
    "operating_status_info": null,
    "county_fips": null,
    "county_source": null,
    "market": null
   }
  },
  {
   "type": "Feature",
   "id": "vha_549GN",
   "geometry": {
    "type": "Point",
    "coordinates": [
     -95.285538,
     32.244984
    ]
   },
   "properties": {
    "id": "vha_549GN",
    "name": "Tyler Centennial VA Clinic",
    "facility_type": "va_health_facility",
    "classification": "Multi-Specialty CBOC",
    "zip5": "75703",
    "city": "Tyler",
    "state": "TX",
    "visn": "17",
    "health_care_system": "VA North Texas health care",
    "operating_status": "NORMAL",
    "operating_status_info": null,
    "county_fips": null,
    "county_source": null,
    "market": null
   }
  },
  {
   "type": "Feature",
   "id": "vha_549HK",
   "geometry": {
    "type": "Point",
    "coordinates": [
     -96.791634,
     32.694444
    ]
   },
   "properties": {
    "id": "vha_549HK",
    "name": "North Texas VA Mobile Medical Unit",
    "facility_type": "va_health_facility",
    "classification": "Other Outpatient Services (OOS)",
    "zip5": "75216",
    "city": "Dallas",
    "state": "TX",
    "visn": "17",
    "health_care_system": "VA North Texas health care",
    "operating_status": "NORMAL",
    "operating_status_info": null,
    "county_fips": null,
    "county_source": null,
    "market": null
   }
  },
  {
   "type": "Feature",
   "id": "vha_549QA",
   "geometry": {
    "type": "Point",
    "coordinates": [
     -96.79046487,
     32.68836794
    ]
   },
   "properties": {
    "id": "vha_549QA",
    "name": "Dallas VA Clinic",
    "facility_type": "va_health_facility",
    "classification": "Other Outpatient Services (OOS)",
    "zip5": "75216",
    "city": "Dallas",
    "state": "TX",
    "visn": "17",
    "health_care_system": "VA North Texas health care",
    "operating_status": "NOTICE",
    "operating_status_info": "This is not a health care clinic. It provides Veterans who are homeless and at risk of homelessness with one-stop access to community-based, multiagency services to promote permanent housing, health and mental health care, career development and access to VA and non-VA benefits. Walk-ins welcome.",
    "county_fips": null,
    "county_source": null,
    "market": null
   }
  },
  {
   "type": "Feature",
   "id": "vha_549QB",
   "geometry": {
    "type": "Point",
    "coordinates": [
     -97.31578449,
     32.743026
    ]
   },
   "properties": {
    "id": "vha_549QB",
    "name": "Fort Worth New York VA Clinic",
    "facility_type": "va_health_facility",
    "classification": "Other Outpatient Services (OOS)",
    "zip5": "76104",
    "city": "Fort Worth",
    "state": "TX",
    "visn": "17",
    "health_care_system": "VA North Texas health care",
    "operating_status": "NOTICE",
    "operating_status_info": "This is not a health care clinic. It provides Veterans who are homeless and at risk of homelessness with one-stop access to community-based, multiagency services to promote permanent housing, health and mental health care, career development and access to VA and non-VA benefits. Walk-ins welcome.",
    "county_fips": null,
    "county_source": null,
    "market": null
   }
  },
  {
   "type": "Feature",
   "id": "vha_550",
   "geometry": {
    "type": "Point",
    "coordinates": [
     -87.59232405,
     40.13173717
    ]
   },
   "properties": {
    "id": "vha_550",
    "name": "Danville VA Medical Center",
    "facility_type": "va_health_facility",
    "classification": "VA Medical Center (VAMC)",
    "zip5": "61832",
    "city": "Danville",
    "state": "IL",
    "visn": "12",
    "health_care_system": "VA Illiana health care",
    "operating_status": "LIMITED",
    "operating_status_info": "only limited services and hours",
    "county_fips": null,
    "county_source": null,
    "market": null
   }
  },
  {
   "type": "Feature",
   "id": "vha_550BY",
   "geometry": {
    "type": "Point",
    "coordinates": [
     -89.67930845,
     40.78264392
    ]
   },
   "properties": {
    "id": "vha_550BY",
    "name": "Bob Michel Department of Veterans Affairs Outpatient Clinic",
    "facility_type": "va_health_facility",
    "classification": "Multi-Specialty CBOC",
    "zip5": "61615",
    "city": "Peoria",
    "state": "IL",
    "visn": "12",
    "health_care_system": "VA Illiana health care",
    "operating_status": "NORMAL",
    "operating_status_info": null,
    "county_fips": null,
    "county_source": null,
    "market": null
   }
  },
  {
   "type": "Feature",
   "id": "vha_550GA",
   "geometry": {
    "type": "Point",
    "coordinates": [
     -89.01490469,
     39.84820039
    ]
   },
   "properties": {
    "id": "vha_550GA",
    "name": "Decatur VA Clinic",
    "facility_type": "va_health_facility",
    "classification": "Multi-Specialty CBOC",
    "zip5": "62522",
    "city": "Decatur",
    "state": "IL",
    "visn": "12",
    "health_care_system": "VA Illiana health care",
    "operating_status": "NORMAL",
    "operating_status_info": null,
    "county_fips": null,
    "county_source": null,
    "market": null
   }
  },
  {
   "type": "Feature",
   "id": "vha_550GD",
   "geometry": {
    "type": "Point",
    "coordinates": [
     -89.64860468,
     39.77455468
    ]
   },
   "properties": {
    "id": "vha_550GD",
    "name": "Springfield VA Clinic",
    "facility_type": "va_health_facility",
    "classification": "Multi-Specialty CBOC",
    "zip5": "62703",
    "city": "Springfield",
    "state": "IL",
    "visn": "12",
    "health_care_system": "VA Illiana health care",
    "operating_status": "NORMAL",
    "operating_status_info": null,
    "county_fips": null,
    "county_source": null,
    "market": null
   }
  },
  {
   "type": "Feature",
   "id": "vha_550GF",
   "geometry": {
    "type": "Point",
    "coordinates": [
     -88.37657711,
     39.47837434
    ]
   },
   "properties": {
    "id": "vha_550GF",
    "name": "Mattoon VA Clinic",
    "facility_type": "va_health_facility",
    "classification": "Primary Care CBOC",
    "zip5": "61938",
    "city": "Mattoon",
    "state": "IL",
    "visn": "12",
    "health_care_system": "VA Illiana health care",
    "operating_status": "NORMAL",
    "operating_status_info": null,
    "county_fips": null,
    "county_source": null,
    "market": null
   }
  },
  {
   "type": "Feature",
   "id": "vha_550GG",
   "geometry": {
    "type": "Point",
    "coordinates": [
     -88.9880427,
     40.45095922
    ]
   },
   "properties": {
    "id": "vha_550GG",
    "name": "Bloomington VA Clinic",
    "facility_type": "va_health_facility",
    "classification": "Multi-Specialty CBOC",
    "zip5": "61704",
    "city": "Bloomington",
    "state": "IL",
    "visn": "12",
    "health_care_system": "VA Illiana health care",
    "operating_status": "NORMAL",
    "operating_status_info": null,
    "county_fips": null,
    "county_source": null,
    "market": null
   }
  },
  {
   "type": "Feature",
   "id": "vha_550GH",
   "geometry": {
    "type": "Point",
    "coordinates": [
     -88.27645108,
     40.09637833
    ]
   },
   "properties": {
    "id": "vha_550GH",
    "name": "Champaign VA Clinic",
    "facility_type": "va_health_facility",
    "classification": "Primary Care CBOC",
    "zip5": "61821",
    "city": "Champaign",
    "state": "IL",
    "visn": "12",
    "health_care_system": null,
    "operating_status": "NORMAL",
    "operating_status_info": null,
    "county_fips": null,
    "county_source": null,
    "market": null
   }
  },
  {
   "type": "Feature",
   "id": "vha_552",
   "geometry": {
    "type": "Point",
    "coordinates": [
     -84.25320014,
     39.74935073
    ]
   },
   "properties": {
    "id": "vha_552",
    "name": "Dayton VA Medical Center",
    "facility_type": "va_health_facility",
    "classification": "VA Medical Center (VAMC)",
    "zip5": "45428",
    "city": "Dayton",
    "state": "OH",
    "visn": "10",
    "health_care_system": "VA Dayton health care",
    "operating_status": "NORMAL",
    "operating_status_info": null,
    "county_fips": null,
    "county_source": null,
    "market": null
   }
  },
  {
   "type": "Feature",
   "id": "vha_552GA",
   "geometry": {
    "type": "Point",
    "coordinates": [
     -84.3164749,
     39.50603012
    ]
   },
   "properties": {
    "id": "vha_552GA",
    "name": "Middletown VA Clinic",
    "facility_type": "va_health_facility",
    "classification": "Multi-Specialty CBOC",
    "zip5": "45005",
    "city": "Middletown",
    "state": "OH",
    "visn": "10",
    "health_care_system": "VA Dayton health care",
    "operating_status": "NORMAL",
    "operating_status_info": null,
    "county_fips": null,
    "county_source": null,
    "market": null
   }
  },
  {
   "type": "Feature",
   "id": "vha_552GB",
   "geometry": {
    "type": "Point",
    "coordinates": [
     -84.11518881,
     40.74138553
    ]
   },
   "properties": {
    "id": "vha_552GB",
    "name": "Lima VA Clinic",
    "facility_type": "va_health_facility",
    "classification": "Multi-Specialty CBOC",
    "zip5": "45801",
    "city": "Lima",
    "state": "OH",
    "visn": "10",
    "health_care_system": null,
    "operating_status": "NORMAL",
    "operating_status_info": null,
    "county_fips": null,
    "county_source": null,
    "market": null
   }
  },
  {
   "type": "Feature",
   "id": "vha_552GC",
   "geometry": {
    "type": "Point",
    "coordinates": [
     -84.88781738,
     39.84070762
    ]
   },
   "properties": {
    "id": "vha_552GC",
    "name": "Richmond VA Clinic",
    "facility_type": "va_health_facility",
    "classification": "Multi-Specialty CBOC",
    "zip5": "47374",
    "city": "Richmond",
    "state": "IN",
    "visn": "10",
    "health_care_system": "VA Dayton health care",
    "operating_status": "NORMAL",
    "operating_status_info": null,
    "county_fips": null,
    "county_source": null,
    "market": null
   }
  },
  {
   "type": "Feature",
   "id": "vha_552GD",
   "geometry": {
    "type": "Point",
    "coordinates": [
     -83.802897,
     39.94281
    ]
   },
   "properties": {
    "id": "vha_552GD",
    "name": "Springfield VA Clinic",
    "facility_type": "va_health_facility",
    "classification": "Multi-Specialty CBOC",
    "zip5": "45503",
    "city": "Springfield",
    "state": "OH",
    "visn": "10",
    "health_care_system": "VA Dayton health care",
    "operating_status": "NORMAL",
    "operating_status_info": null,
    "county_fips": null,
    "county_source": null,
    "market": null
   }
  },
  {
   "type": "Feature",
   "id": "vha_552GF",
   "geometry": {
    "type": "Point",
    "coordinates": [
     -84.036285,
     39.804363
    ]
   },
   "properties": {
    "id": "vha_552GF",
    "name": "Wright-Patterson VA Clinic",
    "facility_type": "va_health_facility",
    "classification": "Other Outpatient Services (OOS)",
    "zip5": "45433",
    "city": "Wright Patterson AFB",
    "state": "OH",
    "visn": "10",
    "health_care_system": "VA Dayton health care",
    "operating_status": "NORMAL",
    "operating_status_info": null,
    "county_fips": null,
    "county_source": null,
    "market": null
   }
  },
  {
   "type": "Feature",
   "id": "vha_553",
   "geometry": {
    "type": "Point",
    "coordinates": [
     -83.059074,
     42.355575
    ]
   },
   "properties": {
    "id": "vha_553",
    "name": "John D. Dingell Department of Veterans Affairs Medical Center",
    "facility_type": "va_health_facility",
    "classification": "VA Medical Center (VAMC)",
    "zip5": "48201",
    "city": "Detroit",
    "state": "MI",
    "visn": "10",
    "health_care_system": "VA Detroit health care",
    "operating_status": "NORMAL",
    "operating_status_info": null,
    "county_fips": null,
    "county_source": null,
    "market": null
   }
  },
  {
   "type": "Feature",
   "id": "vha_553A4",
   "geometry": {
    "type": "Point",
    "coordinates": [
     -83.01523986,
     42.34145016
    ]
   },
   "properties": {
    "id": "vha_553A4",
    "name": "Detroit VA Medical Center-Valor Center",
    "facility_type": "va_health_facility",
    "classification": "Residential Care Site (MH RRTP/DRRTP) (Stand-Alone)",
    "zip5": "48207",
    "city": "Detroit",
    "state": "MI",
    "visn": "10",
    "health_care_system": "VA Detroit health care",
    "operating_status": "NORMAL",
    "operating_status_info": null,
    "county_fips": null,
    "county_source": null,
    "market": null
   }
  },
  {
   "type": "Feature",
   "id": "vha_553GA",
   "geometry": {
    "type": "Point",
    "coordinates": [
     -82.79106158,
     43.11500106
    ]
   },
   "properties": {
    "id": "vha_553GA",
    "name": "Yale VA Clinic",
    "facility_type": "va_health_facility",
    "classification": "Primary Care CBOC",
    "zip5": "48097",
    "city": "Yale",
    "state": "MI",
    "visn": "10",
    "health_care_system": "VA Detroit health care",
    "operating_status": "NORMAL",
    "operating_status_info": null,
    "county_fips": null,
    "county_source": null,
    "market": null
   }
  },
  {
   "type": "Feature",
   "id": "vha_553GB",
   "geometry": {
    "type": "Point",
    "coordinates": [
     -83.272545,
     42.614451
    ]
   },
   "properties": {
    "id": "vha_553GB",
    "name": "Pontiac VA Clinic",
    "facility_type": "va_health_facility",
    "classification": "Primary Care CBOC",
    "zip5": "48341",
    "city": "Pontiac",
    "state": "MI",
    "visn": "10",
    "health_care_system": "VA Detroit health care",
    "operating_status": "NORMAL",
    "operating_status_info": null,
    "county_fips": null,
    "county_source": null,
    "market": null
   }
  },
  {
   "type": "Feature",
   "id": "vha_553GD",
   "geometry": {
    "type": "Point",
    "coordinates": [
     -83.18882375,
     42.1545397
    ]
   },
   "properties": {
    "id": "vha_553GD",
    "name": "Downriver VA Clinic",
    "facility_type": "va_health_facility",
    "classification": "Primary Care CBOC",
    "zip5": "48183",
    "city": "Trenton",
    "state": "MI",
    "visn": "10",
    "health_care_system": "VA Detroit health care",
    "operating_status": "NORMAL",
    "operating_status_info": null,
    "county_fips": null,
    "county_source": null,
    "market": null
   }
  },
  {
   "type": "Feature",
   "id": "vha_553QA",
   "geometry": {
    "type": "Point",
    "coordinates": [
     -83.0668295,
     42.36793245
    ]
   },
   "properties": {
    "id": "vha_553QA",
    "name": "Piquette Street VA Clinic",
    "facility_type": "va_health_facility",
    "classification": "Other Outpatient Services (OOS)",
    "zip5": "48202",
    "city": "Detroit",
    "state": "MI",
    "visn": "10",
    "health_care_system": "VA Detroit health care",
    "operating_status": "NORMAL",
    "operating_status_info": null,
    "county_fips": null,
    "county_source": null,
    "market": null
   }
  },
  {
   "type": "Feature",
   "id": "vha_554",
   "geometry": {
    "type": "Point",
    "coordinates": [
     -104.83095187,
     39.74450645
    ]
   },
   "properties": {
    "id": "vha_554",
    "name": "Rocky Mountain Regional VA Medical Center",
    "facility_type": "va_health_facility",
    "classification": "VA Medical Center (VAMC)",
    "zip5": "80045",
    "city": "Aurora",
    "state": "CO",
    "visn": "19",
    "health_care_system": "VA Eastern Colorado health care",
    "operating_status": "NORMAL",
    "operating_status_info": null,
    "county_fips": null,
    "county_source": null,
    "market": null
   }
  },
  {
   "type": "Feature",
   "id": "vha_554A4",
   "geometry": {
    "type": "Point",
    "coordinates": [
     -104.56491896,
     38.28445242
    ]
   },
   "properties": {
    "id": "vha_554A4",
    "name": "Pueblo VA Community Living Center",
    "facility_type": "va_health_facility",
    "classification": "Extended Care Site (Community Living Center) (Stand-Alone)",
    "zip5": "81001",
    "city": "Pueblo",
    "state": "CO",
    "visn": "19",
    "health_care_system": "VA Eastern Colorado health care",
    "operating_status": "NORMAL",
    "operating_status_info": null,
    "county_fips": null,
    "county_source": null,
    "market": null
   }
  },
  {
   "type": "Feature",
   "id": "vha_554BU",
   "geometry": {
    "type": "Point",
    "coordinates": [
     -105.0777631,
     39.65915123
    ]
   },
   "properties": {
    "id": "vha_554BU",
    "name": "Valor Point VA Domiciliary",
    "facility_type": "va_health_facility",
    "classification": "Residential Care Site (MH RRTP/DRRTP) (Stand-Alone)",
    "zip5": "80227",
    "city": "Lakewood",
    "state": "CO",
    "visn": "19",
    "health_care_system": "VA Eastern Colorado health care",
    "operating_status": "NORMAL",
    "operating_status_info": null,
    "county_fips": null,
    "county_source": null,
    "market": null
   }
  },
  {
   "type": "Feature",
   "id": "vha_554GB",
   "geometry": {
    "type": "Point",
    "coordinates": [
     -104.73318457,
     39.63858154
    ]
   },
   "properties": {
    "id": "vha_554GB",
    "name": "Lieutenant Colonel John W. Mosley VA Clinic",
    "facility_type": "va_health_facility",
    "classification": "Primary Care CBOC",
    "zip5": "80018",
    "city": "Aurora",
    "state": "CO",
    "visn": "19",
    "health_care_system": "VA Eastern Colorado health care",
    "operating_status": "NORMAL",
    "operating_status_info": null,
    "county_fips": null,
    "county_source": null,
    "market": null
   }
  },
  {
   "type": "Feature",
   "id": "vha_554GC",
   "geometry": {
    "type": "Point",
    "coordinates": [
     -105.199002,
     39.73374
    ]
   },
   "properties": {
    "id": "vha_554GC",
    "name": "Golden VA Clinic",
    "facility_type": "va_health_facility",
    "classification": "Multi-Specialty CBOC",
    "zip5": "80401",
    "city": "Golden",
    "state": "CO",
    "visn": "19",
    "health_care_system": "VA Eastern Colorado health care",
    "operating_status": "NORMAL",
    "operating_status_info": null,
    "county_fips": null,
    "county_source": null,
    "market": null
   }
  },
  {
   "type": "Feature",
   "id": "vha_554GD",
   "geometry": {
    "type": "Point",
    "coordinates": [
     -104.6192155,
     38.3233524
    ]
   },
   "properties": {
    "id": "vha_554GD",
    "name": "PFC James Dunn VA Clinic",
    "facility_type": "va_health_facility",
    "classification": "Multi-Specialty CBOC",
    "zip5": "81008",
    "city": "Pueblo",
    "state": "CO",
    "visn": "19",
    "health_care_system": "VA Eastern Colorado health care",
    "operating_status": "NORMAL",
    "operating_status_info": null,
    "county_fips": null,
    "county_source": null,
    "market": null
   }
  },
  {
   "type": "Feature",
   "id": "vha_554GE",
   "geometry": {
    "type": "Point",
    "coordinates": [
     -104.8453591,
     38.87413544
    ]
   },
   "properties": {
    "id": "vha_554GE",
    "name": "PFC Floyd K. Lindstrom Department of Veterans Affairs Clinic",
    "facility_type": "va_health_facility",
    "classification": "Multi-Specialty CBOC",
    "zip5": "80907",
    "city": "Colorado Springs",
    "state": "CO",
    "visn": "19",
    "health_care_system": "VA Eastern Colorado health care",
    "operating_status": "NORMAL",
    "operating_status_info": null,
    "county_fips": null,
    "county_source": null,
    "market": null
   }
  },
  {
   "type": "Feature",
   "id": "vha_554GF",
   "geometry": {
    "type": "Point",
    "coordinates": [
     -105.90275638,
     37.47960014
    ]
   },
   "properties": {
    "id": "vha_554GF",
    "name": "Alamosa VA Clinic",
    "facility_type": "va_health_facility",
    "classification": "Primary Care CBOC",
    "zip5": "81101",
    "city": "Alamosa",
    "state": "CO",
    "visn": "19",
    "health_care_system": "VA Eastern Colorado health care",
    "operating_status": "NORMAL",
    "operating_status_info": null,
    "county_fips": null,
    "county_source": null,
    "market": null
   }
  },
  {
   "type": "Feature",
   "id": "vha_554GG",
   "geometry": {
    "type": "Point",
    "coordinates": [
     -103.5488058,
     37.9775638
    ]
   },
   "properties": {
    "id": "vha_554GG",
    "name": "La Junta VA Clinic",
    "facility_type": "va_health_facility",
    "classification": "Other Outpatient Services (OOS)",
    "zip5": "81050",
    "city": "La Junta",
    "state": "CO",
    "visn": "19",
    "health_care_system": "VA Eastern Colorado health care",
    "operating_status": "NORMAL",
    "operating_status_info": null,
    "county_fips": null,
    "county_source": null,
    "market": null
   }
  },
  {
   "type": "Feature",
   "id": "vha_554GH",
   "geometry": {
    "type": "Point",
    "coordinates": [
     -102.61808647,
     38.07535496
    ]
   },
   "properties": {
    "id": "vha_554GH",
    "name": "Lamar VA Clinic",
    "facility_type": "va_health_facility",
    "classification": "Other Outpatient Services (OOS)",
    "zip5": "81052",
    "city": "Lamar",
    "state": "CO",
    "visn": "19",
    "health_care_system": "VA Eastern Colorado health care",
    "operating_status": "NORMAL",
    "operating_status_info": null,
    "county_fips": null,
    "county_source": null,
    "market": null
   }
  },
  {
   "type": "Feature",
   "id": "vha_554GI",
   "geometry": {
    "type": "Point",
    "coordinates": [
     -102.26486496,
     39.30092796
    ]
   },
   "properties": {
    "id": "vha_554GI",
    "name": "Burlington VA Clinic",
    "facility_type": "va_health_facility",
    "classification": "Other Outpatient Services (OOS)",
    "zip5": "80807",
    "city": "Burlington",
    "state": "CO",
    "visn": "19",
    "health_care_system": "VA Eastern Colorado health care",
    "operating_status": "NORMAL",
    "operating_status_info": null,
    "county_fips": null,
    "county_source": null,
    "market": null
   }
  },
  {
   "type": "Feature",
   "id": "vha_554GK",
   "geometry": {
    "type": "Point",
    "coordinates": [
     -104.7874905,
     38.887668
    ]
   },
   "properties": {
    "id": "vha_554GK",
    "name": "Union Boulevard VA Clinic",
    "facility_type": "va_health_facility",
    "classification": "Primary Care CBOC",
    "zip5": "80907",
    "city": "Colorado Springs",
    "state": "CO",
    "visn": "19",
    "health_care_system": "VA Eastern Colorado health care",
    "operating_status": "NORMAL",
    "operating_status_info": null,
    "county_fips": null,
    "county_source": null,
    "market": null
   }
  },
  {
   "type": "Feature",
   "id": "vha_554GL",
   "geometry": {
    "type": "Point",
    "coordinates": [
     -104.98168947,
     39.6531181
    ]
   },
   "properties": {
    "id": "vha_554GL",
    "name": "Englewood VA Clinic",
    "facility_type": "va_health_facility",
    "classification": "Primary Care CBOC",
    "zip5": "80113",
    "city": "Englewood",
    "state": "CO",
    "visn": "19",
    "health_care_system": null,
    "operating_status": "NORMAL",
    "operating_status_info": null,
    "county_fips": null,
    "county_source": null,
    "market": null
   }
  },
  {
   "type": "Feature",
   "id": "vha_554GM",
   "geometry": {
    "type": "Point",
    "coordinates": [
     -104.72696007,
     38.84057898
    ]
   },
   "properties": {
    "id": "vha_554GM",
    "name": "Space Center VA Clinic",
    "facility_type": "va_health_facility",
    "classification": "Primary Care CBOC",
    "zip5": "80915",
    "city": "Colorado Springs",
    "state": "CO",
    "visn": "19",
    "health_care_system": "VA Eastern Colorado health care",
    "operating_status": "NORMAL",
    "operating_status_info": null,
    "county_fips": null,
    "county_source": null,
    "market": null
   }
  },
  {
   "type": "Feature",
   "id": "vha_554GN",
   "geometry": {
    "type": "Point",
    "coordinates": [
     -104.87836835,
     39.40055768
    ]
   },
   "properties": {
    "id": "vha_554GN",
    "name": "Castle Rock VA Clinic",
    "facility_type": "va_health_facility",
    "classification": "Other Outpatient Services (OOS)",
    "zip5": "80109",
    "city": "Castle Rock",
    "state": "CO",
    "visn": "19",
    "health_care_system": "VA Eastern Colorado health care",
    "operating_status": "NORMAL",
    "operating_status_info": null,
    "county_fips": null,
    "county_source": null,
    "market": null
   }
  },
  {
   "type": "Feature",
   "id": "vha_554QA",
   "geometry": {
    "type": "Point",
    "coordinates": [
     -104.95971155,
     39.769569
    ]
   },
   "properties": {
    "id": "vha_554QA",
    "name": "York Street VA Clinic",
    "facility_type": "va_health_facility",
    "classification": "Other Outpatient Services (OOS)",
    "zip5": "80205",
    "city": "Denver",
    "state": "CO",
    "visn": "19",
    "health_care_system": "VA Eastern Colorado health care",
    "operating_status": "NORMAL",
    "operating_status_info": null,
    "county_fips": null,
    "county_source": null,
    "market": null
   }
  },
  {
   "type": "Feature",
   "id": "vha_554QB",
   "geometry": {
    "type": "Point",
    "coordinates": [
     -104.819823,
     39.681279
    ]
   },
   "properties": {
    "id": "vha_554QB",
    "name": "Jewell VA Clinic",
    "facility_type": "va_health_facility",
    "classification": "Other Outpatient Services (OOS)",
    "zip5": "80012",
    "city": "Aurora",
    "state": "CO",
    "visn": "19",
    "health_care_system": "VA Eastern Colorado health care",
    "operating_status": "NORMAL",
    "operating_status_info": null,
    "county_fips": null,
    "county_source": null,
    "market": null
   }
  },
  {
   "type": "Feature",
   "id": "vha_554QC",
   "geometry": {
    "type": "Point",
    "coordinates": [
     -106.00726753,
     38.54268569
    ]
   },
   "properties": {
    "id": "vha_554QC",
    "name": "Salida VA Clinic",
    "facility_type": "va_health_facility",
    "classification": "Other Outpatient Services (OOS)",
    "zip5": "81201",
    "city": "Salida",
    "state": "CO",
    "visn": "19",
    "health_care_system": "VA Eastern Colorado health care",
    "operating_status": "NOTICE",
    "operating_status_info": "Salida VA Clinic will be closed from noon to 12:30 during operating hours.",
    "county_fips": null,
    "county_source": null,
    "market": null
   }
  },
  {
   "type": "Feature",
   "id": "vha_554QD",
   "geometry": {
    "type": "Point",
    "coordinates": [
     -104.80112557,
     38.71919564
    ]
   },
   "properties": {
    "id": "vha_554QD",
    "name": "Evans VA Clinic",
    "facility_type": "va_health_facility",
    "classification": "Other Outpatient Services (OOS)",
    "zip5": "80913",
    "city": "Fort Carson",
    "state": "CO",
    "visn": "19",
    "health_care_system": "VA Eastern Colorado health care",
    "operating_status": "NORMAL",
    "operating_status_info": null,
    "county_fips": null,
    "county_source": null,
    "market": null
   }
  },
  {
   "type": "Feature",
   "id": "vha_554QE",
   "geometry": {
    "type": "Point",
    "coordinates": [
     -104.88502375,
     38.99265969
    ]
   },
   "properties": {
    "id": "vha_554QE",
    "name": "Academy VA Clinic",
    "facility_type": "va_health_facility",
    "classification": "Other Outpatient Services (OOS)",
    "zip5": "80840",
    "city": "USAF Academy",
    "state": "CO",
    "visn": "19",
    "health_care_system": "VA Eastern Colorado health care",
    "operating_status": "NORMAL",
    "operating_status_info": null,
    "county_fips": null,
    "county_source": null,
    "market": null
   }
  },
  {
   "type": "Feature",
   "id": "vha_554QF",
   "geometry": {
    "type": "Point",
    "coordinates": [
     -104.8534695,
     38.89647547
    ]
   },
   "properties": {
    "id": "vha_554QF",
    "name": "Garden of the Gods VA Clinic",
    "facility_type": "va_health_facility",
    "classification": "Other Outpatient Services (OOS)",
    "zip5": "80907",
    "city": "Colorado Springs",
    "state": "CO",
    "visn": "19",
    "health_care_system": "VA Eastern Colorado health care",
    "operating_status": "NORMAL",
    "operating_status_info": null,
    "county_fips": null,
    "county_source": null,
    "market": null
   }
  },
  {
   "type": "Feature",
   "id": "vha_556",
   "geometry": {
    "type": "Point",
    "coordinates": [
     -87.8605335,
     42.306795
    ]
   },
   "properties": {
    "id": "vha_556",
    "name": "Captain James A. Lovell Federal Health Care Center",
    "facility_type": "va_health_facility",
    "classification": "VA Medical Center (VAMC)",
    "zip5": "60064",
    "city": "North Chicago",
    "state": "IL",
    "visn": "12",
    "health_care_system": "Lovell Federal health care - VA",
    "operating_status": "NORMAL",
    "operating_status_info": null,
    "county_fips": null,
    "county_source": null,
    "market": null
   }
  },
  {
   "type": "Feature",
   "id": "vha_556GA",
   "geometry": {
    "type": "Point",
    "coordinates": [
     -87.70132293,
     42.04105717
    ]
   },
   "properties": {
    "id": "vha_556GA",
    "name": "Evanston VA Clinic",
    "facility_type": "va_health_facility",
    "classification": "Primary Care CBOC",
    "zip5": "60202",
    "city": "Evanston",
    "state": "IL",
    "visn": "12",
    "health_care_system": "Lovell Federal health care - VA",
    "operating_status": "NORMAL",
    "operating_status_info": null,
    "county_fips": null,
    "county_source": null,
    "market": null
   }
  },
  {
   "type": "Feature",
   "id": "vha_556GC",
   "geometry": {
    "type": "Point",
    "coordinates": [
     -88.27049842,
     42.32297151
    ]
   },
   "properties": {
    "id": "vha_556GC",
    "name": "McHenry VA Clinic",
    "facility_type": "va_health_facility",
    "classification": "Primary Care CBOC",
    "zip5": "60050",
    "city": "McHenry",
    "state": "IL",
    "visn": "12",
    "health_care_system": "Lovell Federal health care - VA",
    "operating_status": "NORMAL",
    "operating_status_info": null,
    "county_fips": null,
    "county_source": null,
    "market": null
   }
  },
  {
   "type": "Feature",
   "id": "vha_556GD",
   "geometry": {
    "type": "Point",
    "coordinates": [
     -87.8343705,
     42.555366
    ]
   },
   "properties": {
    "id": "vha_556GD",
    "name": "Kenosha VA Clinic",
    "facility_type": "va_health_facility",
    "classification": "Primary Care CBOC",
    "zip5": "53143",
    "city": "Kenosha",
    "state": "WI",
    "visn": "12",
    "health_care_system": "Lovell Federal health care - VA",
    "operating_status": "NORMAL",
    "operating_status_info": null,
    "county_fips": null,
    "county_source": null,
    "market": null
   }
  },
  {
   "type": "Feature",
   "id": "vha_557",
   "geometry": {
    "type": "Point",
    "coordinates": [
     -82.94035771,
     32.5382436
    ]
   },
   "properties": {
    "id": "vha_557",
    "name": "Carl Vinson Veterans' Administration Medical Center",
    "facility_type": "va_health_facility",
    "classification": "VA Medical Center (VAMC)",
    "zip5": "31021",
    "city": "Dublin",
    "state": "GA",
    "visn": "7",
    "health_care_system": "VA Dublin health care",
    "operating_status": "NORMAL",
    "operating_status_info": null,
    "county_fips": null,
    "county_source": null,
    "market": null
   }
  },
  {
   "type": "Feature",
   "id": "vha_557GA",
   "geometry": {
    "type": "Point",
    "coordinates": [
     -83.74291865,
     32.83395561
    ]
   },
   "properties": {
    "id": "vha_557GA",
    "name": "Macon VA Clinic",
    "facility_type": "va_health_facility",
    "classification": "Multi-Specialty CBOC",
    "zip5": "31220",
    "city": "Macon",
    "state": "GA",
    "visn": "7",
    "health_care_system": "VA Dublin health care",
    "operating_status": "NORMAL",
    "operating_status_info": null,
    "county_fips": null,
    "county_source": null,
    "market": null
   }
  },
  {
   "type": "Feature",
   "id": "vha_557GB",
   "geometry": {
    "type": "Point",
    "coordinates": [
     -84.06387515,
     31.55072775
    ]
   },
   "properties": {
    "id": "vha_557GB",
    "name": "Albany VA Clinic",
    "facility_type": "va_health_facility",
    "classification": "Multi-Specialty CBOC",
    "zip5": "31704",
    "city": "Albany",
    "state": "GA",
    "visn": "7",
    "health_care_system": "VA Dublin health care",
    "operating_status": "NORMAL",
    "operating_status_info": null,
    "county_fips": null,
    "county_source": null,
    "market": null
   }
  },
  {
   "type": "Feature",
   "id": "vha_557GC",
   "geometry": {
    "type": "Point",
    "coordinates": [
     -83.21356413,
     33.05029243
    ]
   },
   "properties": {
    "id": "vha_557GC",
    "name": "Milledgeville VA Clinic",
    "facility_type": "va_health_facility",
    "classification": "Primary Care CBOC",
    "zip5": "31061",
    "city": "Milledgeville",
    "state": "GA",
    "visn": "7",
    "health_care_system": "VA Dublin health care",
    "operating_status": "NORMAL",
    "operating_status_info": null,
    "county_fips": null,
    "county_source": null,
    "market": null
   }
  },
  {
   "type": "Feature",
   "id": "vha_557GF",
   "geometry": {
    "type": "Point",
    "coordinates": [
     -83.50946732,
     31.47128228
    ]
   },
   "properties": {
    "id": "vha_557GF",
    "name": "Tifton VA Clinic",
    "facility_type": "va_health_facility",
    "classification": "Primary Care CBOC",
    "zip5": "31794",
    "city": "Tifton",
    "state": "GA",
    "visn": "7",
    "health_care_system": "VA Dublin health care",
    "operating_status": "NORMAL",
    "operating_status_info": null,
    "county_fips": null,
    "county_source": null,
    "market": null
   }
  },
  {
   "type": "Feature",
   "id": "vha_557GG",
   "geometry": {
    "type": "Point",
    "coordinates": [
     -83.58563836,
     32.60338446
    ]
   },
   "properties": {
    "id": "vha_557GG",
    "name": "Robins VA Clinic",
    "facility_type": "va_health_facility",
    "classification": "Other Outpatient Services (OOS)",
    "zip5": "31098",
    "city": "Warner Robins",
    "state": "GA",
    "visn": "7",
    "health_care_system": "VA Dublin health care",
    "operating_status": "NORMAL",
    "operating_status_info": null,
    "county_fips": null,
    "county_source": null,
    "market": null
   }
  },
  {
   "type": "Feature",
   "id": "vha_557HA",
   "geometry": {
    "type": "Point",
    "coordinates": [
     -83.72377469,
     32.45927033
    ]
   },
   "properties": {
    "id": "vha_557HA",
    "name": "Perry VA Clinic",
    "facility_type": "va_health_facility",
    "classification": "Multi-Specialty CBOC",
    "zip5": "31069",
    "city": "Perry",
    "state": "GA",
    "visn": "7",
    "health_care_system": "VA Dublin health care",
    "operating_status": "NORMAL",
    "operating_status_info": null,
    "county_fips": null,
    "county_source": null,
    "market": null
   }
  },
  {
   "type": "Feature",
   "id": "vha_558",
   "geometry": {
    "type": "Point",
    "coordinates": [
     -78.9397155,
     36.009522
    ]
   },
   "properties": {
    "id": "vha_558",
    "name": "Durham VA Medical Center",
    "facility_type": "va_health_facility",
    "classification": "VA Medical Center (VAMC)",
    "zip5": "27705",
    "city": "Durham",
    "state": "NC",
    "visn": "6",
    "health_care_system": "VA Durham health care",
    "operating_status": "NORMAL",
    "operating_status_info": null,
    "county_fips": null,
    "county_source": null,
    "market": null
   }
  },
  {
   "type": "Feature",
   "id": "vha_558BY",
   "geometry": {
    "type": "Point",
    "coordinates": [
     -78.61379671,
     35.65503851
    ]
   },
   "properties": {
    "id": "vha_558BY",
    "name": "Garner VA Clinic",
    "facility_type": "va_health_facility",
    "classification": "Primary Care CBOC",
    "zip5": "27529",
    "city": "Garner",
    "state": "NC",
    "visn": "6",
    "health_care_system": "VA Durham health care",
    "operating_status": "NORMAL",
    "operating_status_info": null,
    "county_fips": null,
    "county_source": null,
    "market": null
   }
  },
  {
   "type": "Feature",
   "id": "vha_558GA",
   "geometry": {
    "type": "Point",
    "coordinates": [
     -77.39924672,
     35.61679689
    ]
   },
   "properties": {
    "id": "vha_558GA",
    "name": "Greenville VA Clinic",
    "facility_type": "va_health_facility",
    "classification": "Multi-Specialty CBOC",
    "zip5": "27834",
    "city": "Greenville",
    "state": "NC",
    "visn": "6",
    "health_care_system": "VA Durham health care",
    "operating_status": "NORMAL",
    "operating_status_info": null,
    "county_fips": null,
    "county_source": null,
    "market": null
   }
  },
  {
   "type": "Feature",
   "id": "vha_558GC",
   "geometry": {
    "type": "Point",
    "coordinates": [
     -76.7430045,
     34.725789
    ]
   },
   "properties": {
    "id": "vha_558GC",
    "name": "Morehead City VA Clinic",
    "facility_type": "va_health_facility",
    "classification": "Multi-Specialty CBOC",
    "zip5": "28557",
    "city": "Morehead City",
    "state": "NC",
    "visn": "6",
    "health_care_system": "VA Durham health care",
    "operating_status": "NORMAL",
    "operating_status_info": null,
    "county_fips": null,
    "county_source": null,
    "market": null
   }
  },
  {
   "type": "Feature",
   "id": "vha_558GD",
   "geometry": {
    "type": "Point",
    "coordinates": [
     -78.9351615,
     36.031464
    ]
   },
   "properties": {
    "id": "vha_558GD",
    "name": "Durham County VA Clinic",
    "facility_type": "va_health_facility",
    "classification": "Primary Care CBOC",
    "zip5": "27705",
    "city": "Durham",
    "state": "NC",
    "visn": "6",
    "health_care_system": "VA Durham health care",
    "operating_status": "NORMAL",
    "operating_status_info": null,
    "county_fips": null,
    "county_source": null,
    "market": null
   }
  },
  {
   "type": "Feature",
   "id": "vha_558GE",
   "geometry": {
    "type": "Point",
    "coordinates": [
     -78.93575593,
     36.030867
    ]
   },
   "properties": {
    "id": "vha_558GE",
    "name": "Hillandale Road VA Clinic",
    "facility_type": "va_health_facility",
    "classification": "Other Outpatient Services (OOS)",
    "zip5": "27705",
    "city": "Durham",
    "state": "NC",
    "visn": "6",
    "health_care_system": "VA Durham health care",
    "operating_status": "NORMAL",
    "operating_status_info": null,
    "county_fips": null,
    "county_source": null,
    "market": null
   }
  },
  {
   "type": "Feature",
   "id": "vha_558GH",
   "geometry": {
    "type": "Point",
    "coordinates": [
     -78.47287739,
     35.65538787
    ]
   },
   "properties": {
    "id": "vha_558GH",
    "name": "Clayton-East Raleigh VA Clinic",
    "facility_type": "va_health_facility",
    "classification": "Multi-Specialty CBOC",
    "zip5": "27520",
    "city": "Clayton",
    "state": "NC",
    "visn": "6",
    "health_care_system": "VA Durham health care",
    "operating_status": "NORMAL",
    "operating_status_info": null,
    "county_fips": null,
    "county_source": null,
    "market": null
   }
  },
  {
   "type": "Feature",
   "id": "vha_558GI",
   "geometry": {
    "type": "Point",
    "coordinates": [
     -78.9477407,
     36.02507671
    ]
   },
   "properties": {
    "id": "vha_558GI",
    "name": "Croasdaile VA Clinic",
    "facility_type": "va_health_facility",
    "classification": "Multi-Specialty CBOC",
    "zip5": "27705",
    "city": "Durham",
    "state": "NC",
    "visn": "6",
    "health_care_system": "VA Durham health care",
    "operating_status": "NORMAL",
    "operating_status_info": null,
    "county_fips": null,
    "county_source": null,
    "market": null
   }
  },
  {
   "type": "Feature",
   "id": "vha_558GJ",
   "geometry": {
    "type": "Point",
    "coordinates": [
     -76.9062811,
     34.88257209
    ]
   },
   "properties": {
    "id": "vha_558GJ",
    "name": "Cherry Point VA Clinic",
    "facility_type": "va_health_facility",
    "classification": "Other Outpatient Services (OOS)",
    "zip5": "28533",
    "city": "Cherry Point",
    "state": "NC",
    "visn": "6",
    "health_care_system": "VA Durham health care",
    "operating_status": "NORMAL",
    "operating_status_info": null,
    "county_fips": null,
    "county_source": null,
    "market": null
   }
  },
  {
   "type": "Feature",
   "id": "vha_558GK",
   "geometry": {
    "type": "Point",
    "coordinates": [
     -76.93591974,
     34.90877701
    ]
   },
   "properties": {
    "id": "vha_558GK",
    "name": "Havelock VA Clinic",
    "facility_type": "va_health_facility",
    "classification": "Other Outpatient Services (OOS)",
    "zip5": "28532",
    "city": "Havelock",
    "state": "NC",
    "visn": "6",
    "health_care_system": "VA Durham health care",
    "operating_status": "NORMAL",
    "operating_status_info": null,
    "county_fips": null,
    "county_source": null,
    "market": null
   }
  },
  {
   "type": "Feature",
   "id": "vha_558QA",
   "geometry": {
    "type": "Point",
    "coordinates": [
     -78.78048863,
     35.90258233
    ]
   },
   "properties": {
    "id": "vha_558QA",
    "name": "Brier Creek VA Clinic",
    "facility_type": "va_health_facility",
    "classification": "Other Outpatient Services (OOS)",
    "zip5": "27617",
    "city": "Raleigh",
    "state": "NC",
    "visn": "6",
    "health_care_system": "VA Durham health care",
    "operating_status": "NORMAL",
    "operating_status_info": null,
    "county_fips": null,
    "county_source": null,
    "market": null
   }
  },
  {
   "type": "Feature",
   "id": "vha_561",
   "geometry": {
    "type": "Point",
    "coordinates": [
     -74.23432989,
     40.75380161
    ]
   },
   "properties": {
    "id": "vha_561",
    "name": "East Orange VA Medical Center",
    "facility_type": "va_health_facility",
    "classification": "VA Medical Center (VAMC)",
    "zip5": "07018",
    "city": "East Orange",
    "state": "NJ",
    "visn": "2",
    "health_care_system": "VA New Jersey health care",
    "operating_status": "NORMAL",
    "operating_status_info": null,
    "county_fips": null,
    "county_source": null,
    "market": null
   }
  },
  {
   "type": "Feature",
   "id": "vha_561A4",
   "geometry": {
    "type": "Point",
    "coordinates": [
     -74.55435245,
     40.66583734
    ]
   },
   "properties": {
    "id": "vha_561A4",
    "name": "Lyons VA Medical Center",
    "facility_type": "va_health_facility",
    "classification": "VA Medical Center (VAMC)",
    "zip5": "07939",
    "city": "Lyons",
    "state": "NJ",
    "visn": "2",
    "health_care_system": "VA New Jersey health care",
    "operating_status": "NORMAL",
    "operating_status_info": null,
    "county_fips": null,
    "county_source": null,
    "market": null
   }
  },
  {
   "type": "Feature",
   "id": "vha_561BZ",
   "geometry": {
    "type": "Point",
    "coordinates": [
     -74.18379207,
     39.97149271
    ]
   },
   "properties": {
    "id": "vha_561BZ",
    "name": "Leonard G. \u2018\u2018Bud\u2019\u2019 Lomell VA Clinic",
    "facility_type": "va_health_facility",
    "classification": "Multi-Specialty CBOC",
    "zip5": "08753",
    "city": "Toms River",
    "state": "NJ",
    "visn": "2",
    "health_care_system": "VA New Jersey health care",
    "operating_status": "NORMAL",
    "operating_status_info": null,
    "county_fips": null,
    "county_source": null,
    "market": null
   }
  },
  {
   "type": "Feature",
   "id": "vha_561GA",
   "geometry": {
    "type": "Point",
    "coordinates": [
     -74.67751858,
     40.25956909
    ]
   },
   "properties": {
    "id": "vha_561GA",
    "name": "Hamilton VA Clinic",
    "facility_type": "va_health_facility",
    "classification": "Primary Care CBOC",
    "zip5": "08619",
    "city": "Hamilton",
    "state": "NJ",
    "visn": "2",
    "health_care_system": "VA New Jersey health care",
    "operating_status": "NORMAL",
    "operating_status_info": null,
    "county_fips": null,
    "county_source": null,
    "market": null
   }
  },
  {
   "type": "Feature",
   "id": "vha_561GD",
   "geometry": {
    "type": "Point",
    "coordinates": [
     -74.0521066,
     40.89563983
    ]
   },
   "properties": {
    "id": "vha_561GD",
    "name": "Hackensack VA Clinic",
    "facility_type": "va_health_facility",
    "classification": "Primary Care CBOC",
    "zip5": "07601",
    "city": "Hackensack",
    "state": "NJ",
    "visn": "2",
    "health_care_system": "VA New Jersey health care",
    "operating_status": "NORMAL",
    "operating_status_info": null,
    "county_fips": null,
    "county_source": null,
    "market": null
   }
  },
  {
   "type": "Feature",
   "id": "vha_561GE",
   "geometry": {
    "type": "Point",
    "coordinates": [
     -74.04397858,
     40.71982227
    ]
   },
   "properties": {
    "id": "vha_561GE",
    "name": "Jersey City VA Clinic",
    "facility_type": "va_health_facility",
    "classification": "Primary Care CBOC",
    "zip5": "07302",
    "city": "Jersey City",
    "state": "NJ",
    "visn": "2",
    "health_care_system": "VA New Jersey health care",
    "operating_status": "NORMAL",
    "operating_status_info": null,
    "county_fips": null,
    "county_source": null,
    "market": null
   }
  },
  {
   "type": "Feature",
   "id": "vha_561GF",
   "geometry": {
    "type": "Point",
    "coordinates": [
     -74.47656215,
     40.55441727
    ]
   },
   "properties": {
    "id": "vha_561GF",
    "name": "Piscataway VA Clinic",
    "facility_type": "va_health_facility",
    "classification": "Primary Care CBOC",
    "zip5": "08854",
    "city": "Piscataway",
    "state": "NJ",
    "visn": "2",
    "health_care_system": "VA New Jersey health care",
    "operating_status": "NORMAL",
    "operating_status_info": null,
    "county_fips": null,
    "county_source": null,
    "market": null
   }
  },
  {
   "type": "Feature",
   "id": "vha_561GH",
   "geometry": {
    "type": "Point",
    "coordinates": [
     -74.52139004,
     40.83241685
    ]
   },
   "properties": {
    "id": "vha_561GH",
    "name": "Morristown VA Clinic",
    "facility_type": "va_health_facility",
    "classification": "Primary Care CBOC",
    "zip5": "07960",
    "city": "Morristown",
    "state": "NJ",
    "visn": "2",
    "health_care_system": "VA New Jersey health care",
    "operating_status": "NORMAL",
    "operating_status_info": null,
    "county_fips": null,
    "county_source": null,
    "market": null
   }
  },
  {
   "type": "Feature",
   "id": "vha_561GI",
   "geometry": {
    "type": "Point",
    "coordinates": [
     -74.07592881,
     40.32659945
    ]
   },
   "properties": {
    "id": "vha_561GI",
    "name": "Tinton Falls VA Clinic",
    "facility_type": "va_health_facility",
    "classification": "Multi-Specialty CBOC",
    "zip5": "07701",
    "city": "Tinton Falls",
    "state": "NJ",
    "visn": "2",
    "health_care_system": "VA New Jersey health care",
    "operating_status": "NORMAL",
    "operating_status_info": null,
    "county_fips": null,
    "county_source": null,
    "market": null
   }
  },
  {
   "type": "Feature",
   "id": "vha_561GJ",
   "geometry": {
    "type": "Point",
    "coordinates": [
     -74.16587658,
     40.90490066
    ]
   },
   "properties": {
    "id": "vha_561GJ",
    "name": "Paterson VA Clinic",
    "facility_type": "va_health_facility",
    "classification": "Primary Care CBOC",
    "zip5": "07503",
    "city": "Paterson",
    "state": "NJ",
    "visn": "2",
    "health_care_system": "VA New Jersey health care",
    "operating_status": "NORMAL",
    "operating_status_info": null,
    "county_fips": null,
    "county_source": null,
    "market": null
   }
  },
  {
   "type": "Feature",
   "id": "vha_561GK",
   "geometry": {
    "type": "Point",
    "coordinates": [
     -74.76832183,
     41.05386939
    ]
   },
   "properties": {
    "id": "vha_561GK",
    "name": "Sussex VA Clinic",
    "facility_type": "va_health_facility",
    "classification": "Other Outpatient Services (OOS)",
    "zip5": "07860",
    "city": "Newton",
    "state": "NJ",
    "visn": "2",
    "health_care_system": "VA New Jersey health care",
    "operating_status": "NORMAL",
    "operating_status_info": null,
    "county_fips": null,
    "county_source": null,
    "market": null
   }
  },
  {
   "type": "Feature",
   "id": "vha_562",
   "geometry": {
    "type": "Point",
    "coordinates": [
     -80.0630415,
     42.102126
    ]
   },
   "properties": {
    "id": "vha_562",
    "name": "Erie VA Medical Center",
    "facility_type": "va_health_facility",
    "classification": "VA Medical Center (VAMC)",
    "zip5": "16504",
    "city": "Erie",
    "state": "PA",
    "visn": "4",
    "health_care_system": "VA Erie health care",
    "operating_status": "NORMAL",
    "operating_status_info": null,
    "county_fips": null,
    "county_source": null,
    "market": null
   }
  },
  {
   "type": "Feature",
   "id": "vha_562GA",
   "geometry": {
    "type": "Point",
    "coordinates": [
     -80.20229342,
     41.62009813
    ]
   },
   "properties": {
    "id": "vha_562GA",
    "name": "Crawford County VA Clinic",
    "facility_type": "va_health_facility",
    "classification": "Multi-Specialty CBOC",
    "zip5": "16335",
    "city": "Meadville",
    "state": "PA",
    "visn": "4",
    "health_care_system": "VA Erie health care",
    "operating_status": "NORMAL",
    "operating_status_info": null,
    "county_fips": null,
    "county_source": null,
    "market": null
   }
  },
  {
   "type": "Feature",
   "id": "vha_562GB",
   "geometry": {
    "type": "Point",
    "coordinates": [
     -80.8114482,
     41.88208148
    ]
   },
   "properties": {
    "id": "vha_562GB",
    "name": "Ashtabula County VA Clinic",
    "facility_type": "va_health_facility",
    "classification": "Multi-Specialty CBOC",
    "zip5": "44004",
    "city": "Ashtabula",
    "state": "OH",
    "visn": "4",
    "health_care_system": "VA Erie health care",
    "operating_status": "NORMAL",
    "operating_status_info": null,
    "county_fips": null,
    "county_source": null,
    "market": null
   }
  },
  {
   "type": "Feature",
   "id": "vha_562GC",
   "geometry": {
    "type": "Point",
    "coordinates": [
     -78.617099,
     41.97953293
    ]
   },
   "properties": {
    "id": "vha_562GC",
    "name": "McKean County VA Clinic",
    "facility_type": "va_health_facility",
    "classification": "Other Outpatient Services (OOS)",
    "zip5": "16701",
    "city": "Bradford",
    "state": "PA",
    "visn": "4",
    "health_care_system": "VA Erie health care",
    "operating_status": "NORMAL",
    "operating_status_info": null,
    "county_fips": null,
    "county_source": null,
    "market": null
   }
  },
  {
   "type": "Feature",
   "id": "vha_562GD",
   "geometry": {
    "type": "Point",
    "coordinates": [
     -79.72186227,
     41.35145143
    ]
   },
   "properties": {
    "id": "vha_562GD",
    "name": "Venango County VA Clinic",
    "facility_type": "va_health_facility",
    "classification": "Multi-Specialty CBOC",
    "zip5": "16323",
    "city": "Franklin",
    "state": "PA",
    "visn": "4",
    "health_care_system": "VA Erie health care",
    "operating_status": "NORMAL",
    "operating_status_info": null,
    "county_fips": null,
    "county_source": null,
    "market": null
   }
  },
  {
   "type": "Feature",
   "id": "vha_562GE",
   "geometry": {
    "type": "Point",
    "coordinates": [
     -79.15204375,
     41.90562983
    ]
   },
   "properties": {
    "id": "vha_562GE",
    "name": "Warren County VA Clinic",
    "facility_type": "va_health_facility",
    "classification": "Multi-Specialty CBOC",
    "zip5": "16365",
    "city": "Warren",
    "state": "PA",
    "visn": "4",
    "health_care_system": "VA Erie health care",
    "operating_status": "NORMAL",
    "operating_status_info": null,
    "county_fips": null,
    "county_source": null,
    "market": null
   }
  },
  {
   "type": "Feature",
   "id": "vha_564",
   "geometry": {
    "type": "Point",
    "coordinates": [
     -94.158288,
     36.079857
    ]
   },
   "properties": {
    "id": "vha_564",
    "name": "Fayetteville VA Medical Center",
    "facility_type": "va_health_facility",
    "classification": "VA Medical Center (VAMC)",
    "zip5": "72703",
    "city": "Fayetteville",
    "state": "AR",
    "visn": "16",
    "health_care_system": "VA Fayetteville Arkansas health care",
    "operating_status": "NORMAL",
    "operating_status_info": null,
    "county_fips": null,
    "county_source": null,
    "market": null
   }
  },
  {
   "type": "Feature",
   "id": "vha_564BY",
   "geometry": {
    "type": "Point",
    "coordinates": [
     -93.31836446,
     37.13832886
    ]
   },
   "properties": {
    "id": "vha_564BY",
    "name": "Gene Taylor Veterans' Outpatient Clinic",
    "facility_type": "va_health_facility",
    "classification": "Multi-Specialty CBOC",
    "zip5": "65807",
    "city": "Springfield",
    "state": "MO",
    "visn": "16",
    "health_care_system": "VA Fayetteville Arkansas health care",
    "operating_status": "NORMAL",
    "operating_status_info": null,
    "county_fips": null,
    "county_source": null,
    "market": null
   }
  },
  {
   "type": "Feature",
   "id": "vha_564GA",
   "geometry": {
    "type": "Point",
    "coordinates": [
     -93.12072908,
     36.25285758
    ]
   },
   "properties": {
    "id": "vha_564GA",
    "name": "Harrison VA Clinic",
    "facility_type": "va_health_facility",
    "classification": "Primary Care CBOC",
    "zip5": "72601",
    "city": "Harrison",
    "state": "AR",
    "visn": "16",
    "health_care_system": "VA Fayetteville Arkansas health care",
    "operating_status": "NORMAL",
    "operating_status_info": null,
    "county_fips": null,
    "county_source": null,
    "market": null
   }
  },
  {
   "type": "Feature",
   "id": "vha_564GB",
   "geometry": {
    "type": "Point",
    "coordinates": [
     -94.37106662,
     35.34593477
    ]
   },
   "properties": {
    "id": "vha_564GB",
    "name": "Fort Smith VA Clinic",
    "facility_type": "va_health_facility",
    "classification": "Multi-Specialty CBOC",
    "zip5": "72903",
    "city": "Fort Smith",
    "state": "AR",
    "visn": "16",
    "health_care_system": "VA Fayetteville Arkansas health care",
    "operating_status": "NORMAL",
    "operating_status_info": null,
    "county_fips": null,
    "county_source": null,
    "market": null
   }
  },
  {
   "type": "Feature",
   "id": "vha_564GC",
   "geometry": {
    "type": "Point",
    "coordinates": [
     -93.252018,
     36.66469339
    ]
   },
   "properties": {
    "id": "vha_564GC",
    "name": "Branson VA Clinic",
    "facility_type": "va_health_facility",
    "classification": "Multi-Specialty CBOC",
    "zip5": "65616",
    "city": "Branson",
    "state": "MO",
    "visn": "16",
    "health_care_system": "VA Fayetteville Arkansas health care",
    "operating_status": "NORMAL",
    "operating_status_info": null,
    "county_fips": null,
    "county_source": null,
    "market": null
   }
  },
  {
   "type": "Feature",
   "id": "vha_564GD",
   "geometry": {
    "type": "Point",
    "coordinates": [
     -93.855663,
     35.487396
    ]
   },
   "properties": {
    "id": "vha_564GD",
    "name": "Ozark VA Clinic",
    "facility_type": "va_health_facility",
    "classification": "Primary Care CBOC",
    "zip5": "72949",
    "city": "Ozark",
    "state": "AR",
    "visn": "16",
    "health_care_system": "VA Fayetteville Arkansas health care",
    "operating_status": "NORMAL",
    "operating_status_info": null,
    "county_fips": null,
    "county_source": null,
    "market": null
   }
  },
  {
   "type": "Feature",
   "id": "vha_564GE",
   "geometry": {
    "type": "Point",
    "coordinates": [
     -94.78235694,
     36.43575476
    ]
   },
   "properties": {
    "id": "vha_564GE",
    "name": "Jay VA Clinic",
    "facility_type": "va_health_facility",
    "classification": "Primary Care CBOC",
    "zip5": "74346",
    "city": "Jay",
    "state": "OK",
    "visn": "16",
    "health_care_system": "VA Fayetteville Arkansas health care",
    "operating_status": "NORMAL",
    "operating_status_info": null,
    "county_fips": null,
    "county_source": null,
    "market": null
   }
  },
  {
   "type": "Feature",
   "id": "vha_564GF",
   "geometry": {
    "type": "Point",
    "coordinates": [
     -94.4950002,
     37.05637365
    ]
   },
   "properties": {
    "id": "vha_564GF",
    "name": "Joplin VA Clinic",
    "facility_type": "va_health_facility",
    "classification": "Multi-Specialty CBOC",
    "zip5": "64804",
    "city": "Joplin",
    "state": "MO",
    "visn": "16",
    "health_care_system": "VA Fayetteville Arkansas health care",
    "operating_status": "NORMAL",
    "operating_status_info": null,
    "county_fips": null,
    "county_source": null,
    "market": null
   }
  },
  {
   "type": "Feature",
   "id": "vha_564QA",
   "geometry": {
    "type": "Point",
    "coordinates": [
     -94.1553855,
     36.095895
    ]
   },
   "properties": {
    "id": "vha_564QA",
    "name": "Township VA Clinic",
    "facility_type": "va_health_facility",
    "classification": "Other Outpatient Services (OOS)",
    "zip5": "72703",
    "city": "Fayetteville",
    "state": "AR",
    "visn": "16",
    "health_care_system": "VA Fayetteville Arkansas health care",
    "operating_status": "NORMAL",
    "operating_status_info": null,
    "county_fips": null,
    "county_source": null,
    "market": null
   }
  },
  {
   "type": "Feature",
   "id": "vha_564QB",
   "geometry": {
    "type": "Point",
    "coordinates": [
     -94.15434435,
     36.09795804
    ]
   },
   "properties": {
    "id": "vha_564QB",
    "name": "Sunbridge VA Clinic",
    "facility_type": "va_health_facility",
    "classification": "Other Outpatient Services (OOS)",
    "zip5": "72703",
    "city": "Fayetteville",
    "state": "AR",
    "visn": "16",
    "health_care_system": "VA Fayetteville Arkansas health care",
    "operating_status": "NORMAL",
    "operating_status_info": null,
    "county_fips": null,
    "county_source": null,
    "market": null
   }
  },
  {
   "type": "Feature",
   "id": "vha_564QC",
   "geometry": {
    "type": "Point",
    "coordinates": [
     -94.1582925,
     36.079866
    ]
   },
   "properties": {
    "id": "vha_564QC",
    "name": "North College Avenue VA Mobile Medical Unit",
    "facility_type": "va_health_facility",
    "classification": "Other Outpatient Services (OOS)",
    "zip5": "72703",
    "city": "Fayetteville",
    "state": "AR",
    "visn": "16",
    "health_care_system": "VA Fayetteville Arkansas health care",
    "operating_status": "NORMAL",
    "operating_status_info": null,
    "county_fips": null,
    "county_source": null,
    "market": null
   }
  },
  {
   "type": "Feature",
   "id": "vha_565",
   "geometry": {
    "type": "Point",
    "coordinates": [
     -78.8767425,
     35.088003
    ]
   },
   "properties": {
    "id": "vha_565",
    "name": "Fayetteville VA Medical Center",
    "facility_type": "va_health_facility",
    "classification": "VA Medical Center (VAMC)",
    "zip5": "28301",
    "city": "Fayetteville",
    "state": "NC",
    "visn": "6",
    "health_care_system": "VA Fayetteville Coastal health care",
    "operating_status": "NORMAL",
    "operating_status_info": null,
    "county_fips": null,
    "county_source": null,
    "market": null
   }
  },
  {
   "type": "Feature",
   "id": "vha_565GA",
   "geometry": {
    "type": "Point",
    "coordinates": [
     -77.41360822,
     34.7949844
    ]
   },
   "properties": {
    "id": "vha_565GA",
    "name": "Jacksonville VA Clinic",
    "facility_type": "va_health_facility",
    "classification": "Multi-Specialty CBOC",
    "zip5": "28546",
    "city": "Jacksonville",
    "state": "NC",
    "visn": "6",
    "health_care_system": "VA Fayetteville Coastal health care",
    "operating_status": "NORMAL",
    "operating_status_info": null,
    "county_fips": null,
    "county_source": null,
    "market": null
   }
  },
  {
   "type": "Feature",
   "id": "vha_565GC",
   "geometry": {
    "type": "Point",
    "coordinates": [
     -77.9184078,
     34.2687349
    ]
   },
   "properties": {
    "id": "vha_565GC",
    "name": "Wilmington VA Clinic",
    "facility_type": "va_health_facility",
    "classification": "Multi-Specialty CBOC",
    "zip5": "28405",
    "city": "Wilmington",
    "state": "NC",
    "visn": "6",
    "health_care_system": "VA Fayetteville Coastal health care",
    "operating_status": "NORMAL",
    "operating_status_info": null,
    "county_fips": null,
    "county_source": null,
    "market": null
   }
  },
  {
   "type": "Feature",
   "id": "vha_565GD",
   "geometry": {
    "type": "Point",
    "coordinates": [
     -79.7021522,
     34.88532212
    ]
   },
   "properties": {
    "id": "vha_565GD",
    "name": "Hamlet VA Clinic",
    "facility_type": "va_health_facility",
    "classification": "Primary Care CBOC",
    "zip5": "28345",
    "city": "Hamlet",
    "state": "NC",
    "visn": "6",
    "health_care_system": "VA Fayetteville Coastal health care",
    "operating_status": "NORMAL",
    "operating_status_info": null,
    "county_fips": null,
    "county_source": null,
    "market": null
   }
  },
  {
   "type": "Feature",
   "id": "vha_565GE",
   "geometry": {
    "type": "Point",
    "coordinates": [
     -79.16965016,
     34.64722382
    ]
   },
   "properties": {
    "id": "vha_565GE",
    "name": "Robeson County VA Clinic",
    "facility_type": "va_health_facility",
    "classification": "Primary Care CBOC",
    "zip5": "28372",
    "city": "Pembroke",
    "state": "NC",
    "visn": "6",
    "health_care_system": "VA Fayetteville Coastal health care",
    "operating_status": "NORMAL",
    "operating_status_info": null,
    "county_fips": null,
    "county_source": null,
    "market": null
   }
  },
  {
   "type": "Feature",
   "id": "vha_565GF",
   "geometry": {
    "type": "Point",
    "coordinates": [
     -77.95395308,
     35.40375566
    ]
   },
   "properties": {
    "id": "vha_565GF",
    "name": "Goldsboro VA Clinic",
    "facility_type": "va_health_facility",
    "classification": "Primary Care CBOC",
    "zip5": "27534",
    "city": "Goldsboro",
    "state": "NC",
    "visn": "6",
    "health_care_system": "VA Fayetteville Coastal health care",
    "operating_status": "NORMAL",
    "operating_status_info": null,
    "county_fips": null,
    "county_source": null,
    "market": null
   }
  },
  {
   "type": "Feature",
   "id": "vha_565GG",
   "geometry": {
    "type": "Point",
    "coordinates": [
     -79.21354041,
     35.43817906
    ]
   },
   "properties": {
    "id": "vha_565GG",
    "name": "Lee County VA Clinic",
    "facility_type": "va_health_facility",
    "classification": "Primary Care CBOC",
    "zip5": "27330",
    "city": "Sanford",
    "state": "NC",
    "visn": "6",
    "health_care_system": "VA Fayetteville Coastal health care",
    "operating_status": "NORMAL",
    "operating_status_info": null,
    "county_fips": null,
    "county_source": null,
    "market": null
   }
  },
  {
   "type": "Feature",
   "id": "vha_565GH",
   "geometry": {
    "type": "Point",
    "coordinates": [
     -78.2920485,
     34.007499
    ]
   },
   "properties": {
    "id": "vha_565GH",
    "name": "Brunswick County VA Clinic",
    "facility_type": "va_health_facility",
    "classification": "Primary Care CBOC",
    "zip5": "28462",
    "city": "Supply",
    "state": "NC",
    "visn": "6",
    "health_care_system": "VA Fayetteville Coastal health care",
    "operating_status": "NORMAL",
    "operating_status_info": null,
    "county_fips": null,
    "county_source": null,
    "market": null
   }
  },
  {
   "type": "Feature",
   "id": "vha_565GJ",
   "geometry": {
    "type": "Point",
    "coordinates": [
     -77.3778258,
     34.74941262
    ]
   },
   "properties": {
    "id": "vha_565GJ",
    "name": "Jacksonville 2 VA Clinic",
    "facility_type": "va_health_facility",
    "classification": "Other Outpatient Services (OOS)",
    "zip5": "28546",
    "city": "Jacksonville",
    "state": "NC",
    "visn": "6",
    "health_care_system": "VA Fayetteville Coastal health care",
    "operating_status": "NORMAL",
    "operating_status_info": null,
    "county_fips": null,
    "county_source": null,
    "market": null
   }
  },
  {
   "type": "Feature",
   "id": "vha_565GL",
   "geometry": {
    "type": "Point",
    "coordinates": [
     -79.03011427,
     35.03345885
    ]
   },
   "properties": {
    "id": "vha_565GL",
    "name": "Cumberland County VA Clinic",
    "facility_type": "va_health_facility",
    "classification": "Health Care Center (HCC)",
    "zip5": "28304",
    "city": "Fayetteville",
    "state": "NC",
    "visn": "6",
    "health_care_system": "VA Fayetteville Coastal health care",
    "operating_status": "NORMAL",
    "operating_status_info": null,
    "county_fips": null,
    "county_source": null,
    "market": null
   }
  },
  {
   "type": "Feature",
   "id": "vha_565GM",
   "geometry": {
    "type": "Point",
    "coordinates": [
     -77.37730591,
     34.76480054
    ]
   },
   "properties": {
    "id": "vha_565GM",
    "name": "Jacksonville 3 VA Clinic",
    "facility_type": "va_health_facility",
    "classification": "Other Outpatient Services (OOS)",
    "zip5": "28546",
    "city": "Jacksonville",
    "state": "NC",
    "visn": "6",
    "health_care_system": "VA Fayetteville Coastal health care",
    "operating_status": "NORMAL",
    "operating_status_info": null,
    "county_fips": null,
    "county_source": null,
    "market": null
   }
  },
  {
   "type": "Feature",
   "id": "vha_565GN",
   "geometry": {
    "type": "Point",
    "coordinates": [
     -77.42206468,
     34.78846992
    ]
   },
   "properties": {
    "id": "vha_565GN",
    "name": "Jacksonville 4 VA Clinic",
    "facility_type": "va_health_facility",
    "classification": "Other Outpatient Services (OOS)",
    "zip5": "28546",
    "city": "Jacksonville",
    "state": "NC",
    "visn": "6",
    "health_care_system": "VA Fayetteville Coastal health care",
    "operating_status": "NORMAL",
    "operating_status_info": null,
    "county_fips": null,
    "county_source": null,
    "market": null
   }
  },
  {
   "type": "Feature",
   "id": "vha_565GO",
   "geometry": {
    "type": "Point",
    "coordinates": [
     -77.96115816,
     35.36069885
    ]
   },
   "properties": {
    "id": "vha_565GO",
    "name": "Johnson Air Force Base VA Clinic",
    "facility_type": "va_health_facility",
    "classification": "Other Outpatient Services (OOS)",
    "zip5": "27531",
    "city": "Goldsboro",
    "state": "NC",
    "visn": "6",
    "health_care_system": "VA Fayetteville Coastal health care",
    "operating_status": "NORMAL",
    "operating_status_info": null,
    "county_fips": null,
    "county_source": null,
    "market": null
   }
  },
  {
   "type": "Feature",
   "id": "vha_565QA",
   "geometry": {
    "type": "Point",
    "coordinates": [
     -78.91718394,
     35.04327073
    ]
   },
   "properties": {
    "id": "vha_565QA",
    "name": "Robeson Street VA Clinic",
    "facility_type": "va_health_facility",
    "classification": "Other Outpatient Services (OOS)",
    "zip5": "28305",
    "city": "Fayetteville",
    "state": "NC",
    "visn": "6",
    "health_care_system": "VA Fayetteville Coastal health care",
    "operating_status": "NORMAL",
    "operating_status_info": null,
    "county_fips": null,
    "county_source": null,
    "market": null
   }
  },
  {
   "type": "Feature",
   "id": "vha_565QB",
   "geometry": {
    "type": "Point",
    "coordinates": [
     -78.8767425,
     35.088003
    ]
   },
   "properties": {
    "id": "vha_565QB",
    "name": "Fayetteville VA Mobile Medical Unit",
    "facility_type": "va_health_facility",
    "classification": "Other Outpatient Services (OOS)",
    "zip5": "28301",
    "city": "Fayetteville",
    "state": "NC",
    "visn": "6",
    "health_care_system": "VA Fayetteville Coastal health care",
    "operating_status": "NORMAL",
    "operating_status_info": null,
    "county_fips": null,
    "county_source": null,
    "market": null
   }
  },
  {
   "type": "Feature",
   "id": "vha_565QD",
   "geometry": {
    "type": "Point",
    "coordinates": [
     -78.94618087,
     35.04374142
    ]
   },
   "properties": {
    "id": "vha_565QD",
    "name": "Raeford Road VA Clinic",
    "facility_type": "va_health_facility",
    "classification": "Other Outpatient Services (OOS)",
    "zip5": "28304",
    "city": "Fayetteville",
    "state": "NC",
    "visn": "6",
    "health_care_system": "VA Fayetteville Coastal health care",
    "operating_status": "NORMAL",
    "operating_status_info": null,
    "county_fips": null,
    "county_source": null,
    "market": null
   }
  },
  {
   "type": "Feature",
   "id": "vha_565QE",
   "geometry": {
    "type": "Point",
    "coordinates": [
     -78.99881359,
     35.15199065
    ]
   },
   "properties": {
    "id": "vha_565QE",
    "name": "Womack VA Clinic",
    "facility_type": "va_health_facility",
    "classification": "Other Outpatient Services (OOS)",
    "zip5": "28310",
    "city": "Fort Bragg",
    "state": "NC",
    "visn": "6",
    "health_care_system": "VA Fayetteville Coastal health care",
    "operating_status": "NORMAL",
    "operating_status_info": null,
    "county_fips": null,
    "county_source": null,
    "market": null
   }
  },
  {
   "type": "Feature",
   "id": "vha_568",
   "geometry": {
    "type": "Point",
    "coordinates": [
     -103.47486404,
     44.41252355
    ]
   },
   "properties": {
    "id": "vha_568",
    "name": "Fort Meade VA Medical Center",
    "facility_type": "va_health_facility",
    "classification": "VA Medical Center (VAMC)",
    "zip5": "57741",
    "city": "Fort Meade",
    "state": "SD",
    "visn": "23",
    "health_care_system": "VA Black Hills health care",
    "operating_status": "NORMAL",
    "operating_status_info": null,
    "county_fips": null,
    "county_source": null,
    "market": null
   }
  },
  {
   "type": "Feature",
   "id": "vha_568A4",
   "geometry": {
    "type": "Point",
    "coordinates": [
     -103.47485972,
     43.43748086
    ]
   },
   "properties": {
    "id": "vha_568A4",
    "name": "Hot Springs VA Medical Center",
    "facility_type": "va_health_facility",
    "classification": "VA Medical Center (VAMC)",
    "zip5": "57747",
    "city": "Hot Springs",
    "state": "SD",
    "visn": "23",
    "health_care_system": "VA Black Hills health care",
    "operating_status": "CLOSED",
    "operating_status_info": "Test additional info",
    "county_fips": null,
    "county_source": null,
    "market": null
   }
  },
  {
   "type": "Feature",
   "id": "vha_568GA",
   "geometry": {
    "type": "Point",
    "coordinates": [
     -103.2519718,
     44.02413434
    ]
   },
   "properties": {
    "id": "vha_568GA",
    "name": "Rapid City VA Clinic",
    "facility_type": "va_health_facility",
    "classification": "Multi-Specialty CBOC",
    "zip5": "57701",
    "city": "Rapid City",
    "state": "SD",
    "visn": "23",
    "health_care_system": "VA Black Hills health care",
    "operating_status": "NOTICE",
    "operating_status_info": "WE'VE MOVED!  \r\nOUR NEW ADDRESS IS:  2165 PROMISE RD. RAPID CITY, SD. 57701.",
    "county_fips": null,
    "county_source": null,
    "market": null
   }
  },
  {
   "type": "Feature",
   "id": "vha_568GB",
   "geometry": {
    "type": "Point",
    "coordinates": [
     -100.31708071,
     44.37801306
    ]
   },
   "properties": {
    "id": "vha_568GB",
    "name": "Pierre VA Clinic",
    "facility_type": "va_health_facility",
    "classification": "Other Outpatient Services (OOS)",
    "zip5": "57501",
    "city": "Pierre",
    "state": "SD",
    "visn": "23",
    "health_care_system": "VA Black Hills health care",
    "operating_status": "NORMAL",
    "operating_status_info": null,
    "county_fips": null,
    "county_source": null,
    "market": null
   }
  },
  {
   "type": "Feature",
   "id": "vha_568HA",
   "geometry": {
    "type": "Point",
    "coordinates": [
     -104.18883903,
     43.84882548
    ]
   },
   "properties": {
    "id": "vha_568HA",
    "name": "Newcastle VA Clinic",
    "facility_type": "va_health_facility",
    "classification": "Other Outpatient Services (OOS)",
    "zip5": "82701",
    "city": "Newcastle",
    "state": "WY",
    "visn": "23",
    "health_care_system": "VA Black Hills health care",
    "operating_status": "NORMAL",
    "operating_status_info": null,
    "county_fips": null,
    "county_source": null,
    "market": null
   }
  },
  {
   "type": "Feature",
   "id": "vha_568HB",
   "geometry": {
    "type": "Point",
    "coordinates": [
     -102.1996485,
     42.81186952
    ]
   },
   "properties": {
    "id": "vha_568HB",
    "name": "Gordon VA Clinic",
    "facility_type": "va_health_facility",
    "classification": "Other Outpatient Services (OOS)",
    "zip5": "69343",
    "city": "Gordon",
    "state": "NE",
    "visn": "23",
    "health_care_system": "VA Black Hills health care",
    "operating_status": "NORMAL",
    "operating_status_info": null,
    "county_fips": null,
    "county_source": null,
    "market": null
   }
  },
  {
   "type": "Feature",
   "id": "vha_568HF",
   "geometry": {
    "type": "Point",
    "coordinates": [
     -102.60915,
     43.104985
    ]
   },
   "properties": {
    "id": "vha_568HF",
    "name": "Pine Ridge VA Clinic",
    "facility_type": "va_health_facility",
    "classification": "Other Outpatient Services (OOS)",
    "zip5": "57770",
    "city": "Pine Ridge",
    "state": "SD",
    "visn": "23",
    "health_care_system": "VA Black Hills health care",
    "operating_status": "NORMAL",
    "operating_status_info": null,
    "county_fips": null,
    "county_source": null,
    "market": null
   }
  },
  {
   "type": "Feature",
   "id": "vha_568HH",
   "geometry": {
    "type": "Point",
    "coordinates": [
     -103.65316654,
     41.85941934
    ]
   },
   "properties": {
    "id": "vha_568HH",
    "name": "Scottsbluff VA Clinic",
    "facility_type": "va_health_facility",
    "classification": "Primary Care CBOC",
    "zip5": "69361",
    "city": "Scottsbluff",
    "state": "NE",
    "visn": "23",
    "health_care_system": "VA Black Hills health care",
    "operating_status": "NORMAL",
    "operating_status_info": null,
    "county_fips": null,
    "county_source": null,
    "market": null
   }
  },
  {
   "type": "Feature",
   "id": "vha_568HK",
   "geometry": {
    "type": "Point",
    "coordinates": [
     -101.2338315,
     44.993592
    ]
   },
   "properties": {
    "id": "vha_568HK",
    "name": "Cheyenne River VA Clinic",
    "facility_type": "va_health_facility",
    "classification": "Other Outpatient Services (OOS)",
    "zip5": "57625",
    "city": "Eagle Butte",
    "state": "SD",
    "visn": "23",
    "health_care_system": "VA Black Hills health care",
    "operating_status": "NORMAL",
    "operating_status_info": null,
    "county_fips": null,
    "county_source": null,
    "market": null
   }
  },
  {
   "type": "Feature",
   "id": "vha_568HP",
   "geometry": {
    "type": "Point",
    "coordinates": [
     -99.86539935,
     43.37664983
    ]
   },
   "properties": {
    "id": "vha_568HP",
    "name": "Winner VA Clinic",
    "facility_type": "va_health_facility",
    "classification": "Other Outpatient Services (OOS)",
    "zip5": "57580",
    "city": "Winner",
    "state": "SD",
    "visn": "23",
    "health_care_system": "VA Black Hills health care",
    "operating_status": "NORMAL",
    "operating_status_info": null,
    "county_fips": null,
    "county_source": null,
    "market": null
   }
  },
  {
   "type": "Feature",
   "id": "vha_568PB",
   "geometry": {
    "type": "Point",
    "coordinates": [
     -103.473832,
     44.412485
    ]
   },
   "properties": {
    "id": "vha_568PB",
    "name": "Sturgis VA Compensated Work Therapy/Transitional Residence",
    "facility_type": "va_health_facility",
    "classification": "Other Outpatient Services (OOS)",
    "zip5": null,
    "city": null,
    "state": null,
    "visn": "23",
    "health_care_system": "VA Black Hills health care",
    "operating_status": "NORMAL",
    "operating_status_info": null,
    "county_fips": null,
    "county_source": null,
    "market": null
   }
  },
  {
   "type": "Feature",
   "id": "vha_568PC",
   "geometry": {
    "type": "Point",
    "coordinates": [
     -103.473832,
     44.412485
    ]
   },
   "properties": {
    "id": "vha_568PC",
    "name": "Pine Ridge VA Compensated Work Therapy/Transitional Residence",
    "facility_type": "va_health_facility",
    "classification": "Other Outpatient Services (OOS)",
    "zip5": null,
    "city": null,
    "state": null,
    "visn": "23",
    "health_care_system": "VA Black Hills health care",
    "operating_status": "NORMAL",
    "operating_status_info": null,
    "county_fips": null,
    "county_source": null,
    "market": null
   }
  },
  {
   "type": "Feature",
   "id": "vha_568PD",
   "geometry": {
    "type": "Point",
    "coordinates": [
     -103.473832,
     44.412485
    ]
   },
   "properties": {
    "id": "vha_568PD",
    "name": "Rapid City Compensated Work Therapy/Transitional Residence",
    "facility_type": "va_health_facility",
    "classification": "Other Outpatient Services (OOS)",
    "zip5": null,
    "city": null,
    "state": null,
    "visn": "23",
    "health_care_system": "VA Black Hills health care",
    "operating_status": "NORMAL",
    "operating_status_info": null,
    "county_fips": null,
    "county_source": null,
    "market": null
   }
  },
  {
   "type": "Feature",
   "id": "vha_568QA",
   "geometry": {
    "type": "Point",
    "coordinates": [
     -100.62813819,
     46.08849942
    ]
   },
   "properties": {
    "id": "vha_568QA",
    "name": "Fort Yates VA Clinic",
    "facility_type": "va_health_facility",
    "classification": "Other Outpatient Services (OOS)",
    "zip5": "58538",
    "city": "Fort Yates",
    "state": "ND",
    "visn": "23",
    "health_care_system": "VA Black Hills health care",
    "operating_status": "NORMAL",
    "operating_status_info": null,
    "county_fips": null,
    "county_source": null,
    "market": null
   }
  },
  {
   "type": "Feature",
   "id": "vha_570",
   "geometry": {
    "type": "Point",
    "coordinates": [
     -119.7790245,
     36.773487
    ]
   },
   "properties": {
    "id": "vha_570",
    "name": "Fresno VA Medical Center",
    "facility_type": "va_health_facility",
    "classification": "VA Medical Center (VAMC)",
    "zip5": "93703",
    "city": "Fresno",
    "state": "CA",
    "visn": "21",
    "health_care_system": "VA Central California health care",
    "operating_status": "NORMAL",
    "operating_status_info": null,
    "county_fips": null,
    "county_source": null,
    "market": null
   }
  },
  {
   "type": "Feature",
   "id": "vha_570GA",
   "geometry": {
    "type": "Point",
    "coordinates": [
     -120.46482,
     37.330848
    ]
   },
   "properties": {
    "id": "vha_570GA",
    "name": "Merced VA Clinic",
    "facility_type": "va_health_facility",
    "classification": "Multi-Specialty CBOC",
    "zip5": "95340",
    "city": "Merced",
    "state": "CA",
    "visn": "21",
    "health_care_system": "VA Central California health care",
    "operating_status": "NORMAL",
    "operating_status_info": null,
    "county_fips": null,
    "county_source": null,
    "market": null
   }
  },
  {
   "type": "Feature",
   "id": "vha_570GB",
   "geometry": {
    "type": "Point",
    "coordinates": [
     -119.2875975,
     36.334053
    ]
   },
   "properties": {
    "id": "vha_570GB",
    "name": "Visalia VA Clinic",
    "facility_type": "va_health_facility",
    "classification": "Multi-Specialty CBOC",
    "zip5": "93292",
    "city": "Visalia",
    "state": "CA",
    "visn": "21",
    "health_care_system": "VA Central California health care",
    "operating_status": "NORMAL",
    "operating_status_info": null,
    "county_fips": null,
    "county_source": null,
    "market": null
   }
  },
  {
   "type": "Feature",
   "id": "vha_570GC",
   "geometry": {
    "type": "Point",
    "coordinates": [
     -119.66928932,
     37.33850042
    ]
   },
   "properties": {
    "id": "vha_570GC",
    "name": "Oakhurst VA Clinic",
    "facility_type": "va_health_facility",
    "classification": "Multi-Specialty CBOC",
    "zip5": "93644",
    "city": "Oakhurst",
    "state": "CA",
    "visn": "21",
    "health_care_system": "VA Central California health care",
    "operating_status": "NORMAL",
    "operating_status_info": null,
    "county_fips": null,
    "county_source": null,
    "market": null
   }
  },
  {
   "type": "Feature",
   "id": "vha_573",
   "geometry": {
    "type": "Point",
    "coordinates": [
     -82.34491086,
     29.63851539
    ]
   },
   "properties": {
    "id": "vha_573",
    "name": "Malcom Randall Department of Veterans Affairs Medical Center",
    "facility_type": "va_health_facility",
    "classification": "VA Medical Center (VAMC)",
    "zip5": "32608",
    "city": "Gainesville",
    "state": "FL",
    "visn": "8",
    "health_care_system": "VA North Florida/South Georgia health care",
    "operating_status": "NORMAL",
    "operating_status_info": null,
    "county_fips": null,
    "county_source": null,
    "market": null
   }
  },
  {
   "type": "Feature",
   "id": "vha_573A4",
   "geometry": {
    "type": "Point",
    "coordinates": [
     -82.63691873,
     30.18176793
    ]
   },
   "properties": {
    "id": "vha_573A4",
    "name": "Lake City VA Medical Center",
    "facility_type": "va_health_facility",
    "classification": "VA Medical Center (VAMC)",
    "zip5": "32025",
    "city": "Lake City",
    "state": "FL",
    "visn": "8",
    "health_care_system": "VA North Florida/South Georgia health care",
    "operating_status": "NORMAL",
    "operating_status_info": null,
    "county_fips": null,
    "county_source": null,
    "market": null
   }
  },
  {
   "type": "Feature",
   "id": "vha_573BU",
   "geometry": {
    "type": "Point",
    "coordinates": [
     -82.303947,
     29.64918346
    ]
   },
   "properties": {
    "id": "vha_573BU",
    "name": "Gainesville VA Domiciliary",
    "facility_type": "va_health_facility",
    "classification": "Residential Care Site (MH RRTP/DRRTP) (Stand-Alone)",
    "zip5": "32641",
    "city": "Gainesville",
    "state": "FL",
    "visn": "8",
    "health_care_system": "VA North Florida/South Georgia health care",
    "operating_status": "NORMAL",
    "operating_status_info": null,
    "county_fips": null,
    "county_source": null,
    "market": null
   }
  },
  {
   "type": "Feature",
   "id": "vha_573BY",
   "geometry": {
    "type": "Point",
    "coordinates": [
     -81.6636915,
     30.342492
    ]
   },
   "properties": {
    "id": "vha_573BY",
    "name": "Jacksonville 1 VA Clinic",
    "facility_type": "va_health_facility",
    "classification": "Multi-Specialty CBOC",
    "zip5": "32209",
    "city": "Jacksonville",
    "state": "FL",
    "visn": "8",
    "health_care_system": "VA North Florida/South Georgia health care",
    "operating_status": "NORMAL",
    "operating_status_info": null,
    "county_fips": null,
    "county_source": null,
    "market": null
   }
  },
  {
   "type": "Feature",
   "id": "vha_573GA",
   "geometry": {
    "type": "Point",
    "coordinates": [
     -83.31380011,
     30.82691528
    ]
   },
   "properties": {
    "id": "vha_573GA",
    "name": "Valdosta VA Clinic",
    "facility_type": "va_health_facility",
    "classification": "Primary Care CBOC",
    "zip5": "31601",
    "city": "Valdosta",
    "state": "GA",
    "visn": "8",
    "health_care_system": "VA North Florida/South Georgia health care",
    "operating_status": "NORMAL",
    "operating_status_info": null,
    "county_fips": null,
    "county_source": null,
    "market": null
   }
  },
  {
   "type": "Feature",
   "id": "vha_573GD",
   "geometry": {
    "type": "Point",
    "coordinates": [
     -82.19801137,
     29.13560459
    ]
   },
   "properties": {
    "id": "vha_573GD",
    "name": "Ocala VA Clinic",
    "facility_type": "va_health_facility",
    "classification": "Multi-Specialty CBOC",
    "zip5": "34474",
    "city": "Ocala",
    "state": "FL",
    "visn": "8",
    "health_care_system": "VA North Florida/South Georgia health care",
    "operating_status": "NORMAL",
    "operating_status_info": null,
    "county_fips": null,
    "county_source": null,
    "market": null
   }
  },
  {
   "type": "Feature",
   "id": "vha_573GE",
   "geometry": {
    "type": "Point",
    "coordinates": [
     -81.34823744,
     29.85946023
    ]
   },
   "properties": {
    "id": "vha_573GE",
    "name": "Leo C. Chase Jr. VA Clinic",
    "facility_type": "va_health_facility",
    "classification": "Multi-Specialty CBOC",
    "zip5": "32086",
    "city": "Saint Augustine",
    "state": "FL",
    "visn": "8",
    "health_care_system": "VA North Florida/South Georgia health care",
    "operating_status": "NORMAL",
    "operating_status_info": null,
    "county_fips": null,
    "county_source": null,
    "market": null
   }
  },
  {
   "type": "Feature",
   "id": "vha_573GF",
   "geometry": {
    "type": "Point",
    "coordinates": [
     -84.2480415,
     30.409992
    ]
   },
   "properties": {
    "id": "vha_573GF",
    "name": "Sergeant Ernest I. \"Boots\" Thomas VA Clinic",
    "facility_type": "va_health_facility",
    "classification": "Multi-Specialty CBOC",
    "zip5": "32311",
    "city": "Tallahassee",
    "state": "FL",
    "visn": "8",
    "health_care_system": "VA North Florida/South Georgia health care",
    "operating_status": "NORMAL",
    "operating_status_info": null,
    "county_fips": null,
    "county_source": null,
    "market": null
   }
  },
  {
   "type": "Feature",
   "id": "vha_573GI",
   "geometry": {
    "type": "Point",
    "coordinates": [
     -82.005156,
     28.98114654
    ]
   },
   "properties": {
    "id": "vha_573GI",
    "name": "The Villages VA Clinic",
    "facility_type": "va_health_facility",
    "classification": "Multi-Specialty CBOC",
    "zip5": "32162",
    "city": "The Villages",
    "state": "FL",
    "visn": "8",
    "health_care_system": "VA North Florida/South Georgia health care",
    "operating_status": "NORMAL",
    "operating_status_info": null,
    "county_fips": null,
    "county_source": null,
    "market": null
   }
  },
  {
   "type": "Feature",
   "id": "vha_573GJ",
   "geometry": {
    "type": "Point",
    "coordinates": [
     -81.57515885,
     30.75139094
    ]
   },
   "properties": {
    "id": "vha_573GJ",
    "name": "St. Marys VA Clinic",
    "facility_type": "va_health_facility",
    "classification": "Primary Care CBOC",
    "zip5": "31558",
    "city": "St. Marys",
    "state": "GA",
    "visn": "8",
    "health_care_system": "VA North Florida/South Georgia health care",
    "operating_status": "NORMAL",
    "operating_status_info": null,
    "county_fips": null,
    "county_source": null,
    "market": null
   }
  },
  {
   "type": "Feature",
   "id": "vha_573GK",
   "geometry": {
    "type": "Point",
    "coordinates": [
     -85.18180397,
     30.74720411
    ]
   },
   "properties": {
    "id": "vha_573GK",
    "name": "Marianna VA Clinic",
    "facility_type": "va_health_facility",
    "classification": "Primary Care CBOC",
    "zip5": "32446",
    "city": "Marianna",
    "state": "FL",
    "visn": "8",
    "health_care_system": "VA North Florida/South Georgia health care",
    "operating_status": "NORMAL",
    "operating_status_info": null,
    "county_fips": null,
    "county_source": null,
    "market": null
   }
  },
  {
   "type": "Feature",
   "id": "vha_573GL",
   "geometry": {
    "type": "Point",
    "coordinates": [
     -81.67171756,
     29.65300655
    ]
   },
   "properties": {
    "id": "vha_573GL",
    "name": "Palatka VA Clinic",
    "facility_type": "va_health_facility",
    "classification": "Primary Care CBOC",
    "zip5": "32177",
    "city": "Palatka",
    "state": "FL",
    "visn": "8",
    "health_care_system": "VA North Florida/South Georgia health care",
    "operating_status": "NORMAL",
    "operating_status_info": null,
    "county_fips": null,
    "county_source": null,
    "market": null
   }
  },
  {
   "type": "Feature",
   "id": "vha_573GM",
   "geometry": {
    "type": "Point",
    "coordinates": [
     -82.32999653,
     31.21409831
    ]
   },
   "properties": {
    "id": "vha_573GM",
    "name": "Waycross VA Clinic",
    "facility_type": "va_health_facility",
    "classification": "Primary Care CBOC",
    "zip5": "31501",
    "city": "Waycross",
    "state": "GA",
    "visn": "8",
    "health_care_system": "VA North Florida/South Georgia health care",
    "operating_status": "NORMAL",
    "operating_status_info": null,
    "county_fips": null,
    "county_source": null,
    "market": null
   }
  },
  {
   "type": "Feature",
   "id": "vha_573GN",
   "geometry": {
    "type": "Point",
    "coordinates": [
     -83.57632779,
     30.12785145
    ]
   },
   "properties": {
    "id": "vha_573GN",
    "name": "Perry VA Clinic",
    "facility_type": "va_health_facility",
    "classification": "Other Outpatient Services (OOS)",
    "zip5": "32347",
    "city": "Perry",
    "state": "FL",
    "visn": "8",
    "health_care_system": "VA North Florida/South Georgia health care",
    "operating_status": "NORMAL",
    "operating_status_info": null,
    "county_fips": null,
    "county_source": null,
    "market": null
   }
  },
  {
   "type": "Feature",
   "id": "vha_573GO",
   "geometry": {
    "type": "Point",
    "coordinates": [
     -81.77715,
     30.110256
    ]
   },
   "properties": {
    "id": "vha_573GO",
    "name": "A.K. Baker VA Clinic",
    "facility_type": "va_health_facility",
    "classification": "Primary Care CBOC",
    "zip5": "32068",
    "city": "Middleburg",
    "state": "FL",
    "visn": "8",
    "health_care_system": "VA North Florida/South Georgia health care",
    "operating_status": "NORMAL",
    "operating_status_info": null,
    "county_fips": null,
    "county_source": null,
    "market": null
   }
  },
  {
   "type": "Feature",
   "id": "vha_573QB",
   "geometry": {
    "type": "Point",
    "coordinates": [
     -82.45045611,
     29.68464041
    ]
   },
   "properties": {
    "id": "vha_573QB",
    "name": "Gainesville Ninety-Eighth Street VA Clinic",
    "facility_type": "va_health_facility",
    "classification": "Other Outpatient Services (OOS)",
    "zip5": "32606",
    "city": "Gainesville",
    "state": "FL",
    "visn": "8",
    "health_care_system": "VA North Florida/South Georgia health care",
    "operating_status": "NORMAL",
    "operating_status_info": null,
    "county_fips": null,
    "county_source": null,
    "market": null
   }
  },
  {
   "type": "Feature",
   "id": "vha_573QC",
   "geometry": {
    "type": "Point",
    "coordinates": [
     -82.41051416,
     29.60372771
    ]
   },
   "properties": {
    "id": "vha_573QC",
    "name": "Gainesville Sixty-Fourth Street 1 VA Clinic",
    "facility_type": "va_health_facility",
    "classification": "Other Outpatient Services (OOS)",
    "zip5": "32608",
    "city": "Gainesville",
    "state": "FL",
    "visn": "8",
    "health_care_system": "VA North Florida/South Georgia health care",
    "operating_status": "NORMAL",
    "operating_status_info": null,
    "county_fips": null,
    "county_source": null,
    "market": null
   }
  },
  {
   "type": "Feature",
   "id": "vha_573QD",
   "geometry": {
    "type": "Point",
    "coordinates": [
     -82.41025251,
     29.60332287
    ]
   },
   "properties": {
    "id": "vha_573QD",
    "name": "Gainesville Sixty-Fourth Street 2 VA Clinic",
    "facility_type": "va_health_facility",
    "classification": "Other Outpatient Services (OOS)",
    "zip5": "32608",
    "city": "Gainesville",
    "state": "FL",
    "visn": "8",
    "health_care_system": "VA North Florida/South Georgia health care",
    "operating_status": "NORMAL",
    "operating_status_info": null,
    "county_fips": null,
    "county_source": null,
    "market": null
   }
  },
  {
   "type": "Feature",
   "id": "vha_573QE",
   "geometry": {
    "type": "Point",
    "coordinates": [
     -82.40972897,
     29.60276599
    ]
   },
   "properties": {
    "id": "vha_573QE",
    "name": "Gainesville Sixty-Fourth Street 3 VA Clinic",
    "facility_type": "va_health_facility",
    "classification": "Other Outpatient Services (OOS)",
    "zip5": "32608",
    "city": "Gainesville",
    "state": "FL",
    "visn": "8",
    "health_care_system": "VA North Florida/South Georgia health care",
    "operating_status": "NORMAL",
    "operating_status_info": null,
    "county_fips": null,
    "county_source": null,
    "market": null
   }
  },
  {
   "type": "Feature",
   "id": "vha_573QF",
   "geometry": {
    "type": "Point",
    "coordinates": [
     -82.36888885,
     29.601482
    ]
   },
   "properties": {
    "id": "vha_573QF",
    "name": "Gainesville 1 VA Clinic",
    "facility_type": "va_health_facility",
    "classification": "Other Outpatient Services (OOS)",
    "zip5": "32608",
    "city": "Gainesville",
    "state": "FL",
    "visn": "8",
    "health_care_system": "VA North Florida/South Georgia health care",
    "operating_status": "NORMAL",
    "operating_status_info": null,
    "county_fips": null,
    "county_source": null,
    "market": null
   }
  },
  {
   "type": "Feature",
   "id": "vha_573QG",
   "geometry": {
    "type": "Point",
    "coordinates": [
     -81.63128344,
     30.49097986
    ]
   },
   "properties": {
    "id": "vha_573QG",
    "name": "Jacksonville North VA Clinic",
    "facility_type": "va_health_facility",
    "classification": "VA Medical Center (VAMC)",
    "zip5": "32218",
    "city": "Jacksonville",
    "state": "FL",
    "visn": "8",
    "health_care_system": "VA North Florida/South Georgia health care",
    "operating_status": "NORMAL",
    "operating_status_info": null,
    "county_fips": null,
    "county_source": null,
    "market": null
   }
  },
  {
   "type": "Feature",
   "id": "vha_573QH",
   "geometry": {
    "type": "Point",
    "coordinates": [
     -82.16741076,
     29.15417585
    ]
   },
   "properties": {
    "id": "vha_573QH",
    "name": "Ocala West VA Clinic",
    "facility_type": "va_health_facility",
    "classification": "Other Outpatient Services (OOS)",
    "zip5": "34471",
    "city": "Ocala",
    "state": "FL",
    "visn": "8",
    "health_care_system": "VA North Florida/South Georgia health care",
    "operating_status": "LIMITED",
    "operating_status_info": "The Ocala West VA Clinic has minimal specialty health services available during specific hours. \r\nFor additional healthcare services in the Ocala region, please visit our main Ocala VA location at: https://www.va.gov/north-florida-health-care/locations/ocala-va-clinic/.",
    "county_fips": null,
    "county_source": null,
    "market": null
   }
  },
  {
   "type": "Feature",
   "id": "vha_573QJ",
   "geometry": {
    "type": "Point",
    "coordinates": [
     -81.601587,
     30.284253
    ]
   },
   "properties": {
    "id": "vha_573QJ",
    "name": "Jacksonville 2 VA Clinic",
    "facility_type": "va_health_facility",
    "classification": "Primary Care CBOC",
    "zip5": "32216",
    "city": "Jacksonville",
    "state": "FL",
    "visn": "8",
    "health_care_system": "VA North Florida/South Georgia health care",
    "operating_status": "NORMAL",
    "operating_status_info": null,
    "county_fips": null,
    "county_source": null,
    "market": null
   }
  },
  {
   "type": "Feature",
   "id": "vha_573QK",
   "geometry": {
    "type": "Point",
    "coordinates": [
     -82.68407014,
     30.17503364
    ]
   },
   "properties": {
    "id": "vha_573QK",
    "name": "Lake City VA Clinic",
    "facility_type": "va_health_facility",
    "classification": "Other Outpatient Services (OOS)",
    "zip5": "32025",
    "city": "Lake City",
    "state": "FL",
    "visn": "8",
    "health_care_system": "VA North Florida/South Georgia health care",
    "operating_status": "NORMAL",
    "operating_status_info": null,
    "county_fips": null,
    "county_source": null,
    "market": null
   }
  },
  {
   "type": "Feature",
   "id": "vha_573QL",
   "geometry": {
    "type": "Point",
    "coordinates": [
     -82.36792583,
     29.60043433
    ]
   },
   "properties": {
    "id": "vha_573QL",
    "name": "Gainesville VA Clinic",
    "facility_type": "va_health_facility",
    "classification": "Multi-Specialty CBOC",
    "zip5": "32608",
    "city": "Gainesville",
    "state": "FL",
    "visn": "8",
    "health_care_system": "VA North Florida/South Georgia health care",
    "operating_status": "NORMAL",
    "operating_status_info": null,
    "county_fips": null,
    "county_source": null,
    "market": null
   }
  },
  {
   "type": "Feature",
   "id": "vha_573QM",
   "geometry": {
    "type": "Point",
    "coordinates": [
     -82.334166,
     29.672841
    ]
   },
   "properties": {
    "id": "vha_573QM",
    "name": "Gainesville Twenty-Third Avenue VA Clinic",
    "facility_type": "va_health_facility",
    "classification": "Other Outpatient Services (OOS)",
    "zip5": "32609",
    "city": "Gainesville",
    "state": "FL",
    "visn": "8",
    "health_care_system": null,
    "operating_status": "NORMAL",
    "operating_status_info": null,
    "county_fips": null,
    "county_source": null,
    "market": null
   }
  },
  {
   "type": "Feature",
   "id": "vha_575",
   "geometry": {
    "type": "Point",
    "coordinates": [
     -108.540243,
     39.07727653
    ]
   },
   "properties": {
    "id": "vha_575",
    "name": "Grand Junction VA Medical Center",
    "facility_type": "va_health_facility",
    "classification": "VA Medical Center (VAMC)",
    "zip5": "81501",
    "city": "Grand Junction",
    "state": "CO",
    "visn": "19",
    "health_care_system": "VA Western Colorado health care",
    "operating_status": "NORMAL",
    "operating_status_info": null,
    "county_fips": null,
    "county_source": null,
    "market": null
   }
  },
  {
   "type": "Feature",
   "id": "vha_575GA",
   "geometry": {
    "type": "Point",
    "coordinates": [
     -107.87184833,
     38.47066582
    ]
   },
   "properties": {
    "id": "vha_575GA",
    "name": "Montrose VA Clinic",
    "facility_type": "va_health_facility",
    "classification": "Other Outpatient Services (OOS)",
    "zip5": "81401",
    "city": "Montrose",
    "state": "CO",
    "visn": "19",
    "health_care_system": "VA Western Colorado health care",
    "operating_status": "NORMAL",
    "operating_status_info": null,
    "county_fips": null,
    "county_source": null,
    "market": null
   }
  },
  {
   "type": "Feature",
   "id": "vha_575GB",
   "geometry": {
    "type": "Point",
    "coordinates": [
     -107.56029069,
     40.51418847
    ]
   },
   "properties": {
    "id": "vha_575GB",
    "name": "Major William Edward Adams Department of Veterans Affairs Clinic",
    "facility_type": "va_health_facility",
    "classification": "Other Outpatient Services (OOS)",
    "zip5": "81625",
    "city": "Craig",
    "state": "CO",
    "visn": "19",
    "health_care_system": "VA Western Colorado health care",
    "operating_status": "NORMAL",
    "operating_status_info": null,
    "county_fips": null,
    "county_source": null,
    "market": null
   }
  },
  {
   "type": "Feature",
   "id": "vha_575QA",
   "geometry": {
    "type": "Point",
    "coordinates": [
     -107.32545337,
     39.52783063
    ]
   },
   "properties": {
    "id": "vha_575QA",
    "name": "Glenwood Springs VA Clinic",
    "facility_type": "va_health_facility",
    "classification": "Other Outpatient Services (OOS)",
    "zip5": "81601",
    "city": "Glenwood Springs",
    "state": "CO",
    "visn": "19",
    "health_care_system": "VA Western Colorado health care",
    "operating_status": "NORMAL",
    "operating_status_info": null,
    "county_fips": null,
    "county_source": null,
    "market": null
   }
  },
  {
   "type": "Feature",
   "id": "vha_575QB",
   "geometry": {
    "type": "Point",
    "coordinates": [
     -109.54878462,
     38.56251401
    ]
   },
   "properties": {
    "id": "vha_575QB",
    "name": "Moab VA Clinic",
    "facility_type": "va_health_facility",
    "classification": "Other Outpatient Services (OOS)",
    "zip5": "84532",
    "city": "Moab",
    "state": "UT",
    "visn": "19",
    "health_care_system": "VA Western Colorado health care",
    "operating_status": "NORMAL",
    "operating_status_info": null,
    "county_fips": null,
    "county_source": null,
    "market": null
   }
  },
  {
   "type": "Feature",
   "id": "vha_575QC",
   "geometry": {
    "type": "Point",
    "coordinates": [
     -108.540243,
     39.07727653
    ]
   },
   "properties": {
    "id": "vha_575QC",
    "name": "Grand Junction VA Mobile Medical Unit",
    "facility_type": "va_health_facility",
    "classification": "Other Outpatient Services (OOS)",
    "zip5": "81501",
    "city": "Grand Junction",
    "state": "CO",
    "visn": "19",
    "health_care_system": "VA Western Colorado health care",
    "operating_status": "NORMAL",
    "operating_status_info": null,
    "county_fips": null,
    "county_source": null,
    "market": null
   }
  },
  {
   "type": "Feature",
   "id": "vha_575QD",
   "geometry": {
    "type": "Point",
    "coordinates": [
     -108.5336607,
     39.06392171
    ]
   },
   "properties": {
    "id": "vha_575QD",
    "name": "Grand Junction 28 Road VA Clinic",
    "facility_type": "va_health_facility",
    "classification": "Other Outpatient Services (OOS)",
    "zip5": "81501",
    "city": "Grand Junction",
    "state": "CO",
    "visn": "19",
    "health_care_system": "VA Western Colorado health care",
    "operating_status": "NORMAL",
    "operating_status_info": null,
    "county_fips": null,
    "county_source": null,
    "market": null
   }
  },
  {
   "type": "Feature",
   "id": "vha_575QE",
   "geometry": {
    "type": "Point",
    "coordinates": [
     -108.540252,
     39.07726853
    ]
   },
   "properties": {
    "id": "vha_575QE",
    "name": "Western Colorado VA Mobile Medical Unit",
    "facility_type": "va_health_facility",
    "classification": "Other Outpatient Services (OOS)",
    "zip5": "81501",
    "city": "Grand Junction",
    "state": "CO",
    "visn": "19",
    "health_care_system": "VA Western Colorado health care",
    "operating_status": "NORMAL",
    "operating_status_info": null,
    "county_fips": null,
    "county_source": null,
    "market": null
   }
  },
  {
   "type": "Feature",
   "id": "vha_578",
   "geometry": {
    "type": "Point",
    "coordinates": [
     -87.8335425,
     41.851467
    ]
   },
   "properties": {
    "id": "vha_578",
    "name": "Edward Hines Junior Hospital",
    "facility_type": "va_health_facility",
    "classification": "VA Medical Center (VAMC)",
    "zip5": "60141",
    "city": "Hines",
    "state": "IL",
    "visn": "12",
    "health_care_system": "VA Hines health care",
    "operating_status": "NORMAL",
    "operating_status_info": null,
    "county_fips": null,
    "county_source": null,
    "market": null
   }
  },
  {
   "type": "Feature",
   "id": "vha_578GA",
   "geometry": {
    "type": "Point",
    "coordinates": [
     -88.05214414,
     41.53522811
    ]
   },
   "properties": {
    "id": "vha_578GA",
    "name": "Joliet VA Clinic",
    "facility_type": "va_health_facility",
    "classification": "Multi-Specialty CBOC",
    "zip5": "60432",
    "city": "Joliet",
    "state": "IL",
    "visn": "12",
    "health_care_system": "VA Hines health care",
    "operating_status": "NORMAL",
    "operating_status_info": null,
    "county_fips": null,
    "county_source": null,
    "market": null
   }
  },
  {
   "type": "Feature",
   "id": "vha_578GC",
   "geometry": {
    "type": "Point",
    "coordinates": [
     -87.87961032,
     41.16267145
    ]
   },
   "properties": {
    "id": "vha_578GC",
    "name": "Kankakee County VA Clinic",
    "facility_type": "va_health_facility",
    "classification": "Primary Care CBOC",
    "zip5": "60914",
    "city": "Bourbonnais",
    "state": "IL",
    "visn": "12",
    "health_care_system": "VA Hines health care",
    "operating_status": "NORMAL",
    "operating_status_info": null,
    "county_fips": null,
    "county_source": null,
    "market": null
   }
  },
  {
   "type": "Feature",
   "id": "vha_578GD",
   "geometry": {
    "type": "Point",
    "coordinates": [
     -88.32524566,
     41.80014893
    ]
   },
   "properties": {
    "id": "vha_578GD",
    "name": "Aurora VA Clinic",
    "facility_type": "va_health_facility",
    "classification": "Primary Care CBOC",
    "zip5": "60542",
    "city": "North Aurora",
    "state": "IL",
    "visn": "12",
    "health_care_system": "VA Hines health care",
    "operating_status": "NORMAL",
    "operating_status_info": null,
    "county_fips": null,
    "county_source": null,
    "market": null
   }
  },
  {
   "type": "Feature",
   "id": "vha_578GE",
   "geometry": {
    "type": "Point",
    "coordinates": [
     -88.19900324,
     42.06805316
    ]
   },
   "properties": {
    "id": "vha_578GE",
    "name": "Hoffman Estates VA Clinic",
    "facility_type": "va_health_facility",
    "classification": "Primary Care CBOC",
    "zip5": "60192",
    "city": "Hoffman Estates",
    "state": "IL",
    "visn": "12",
    "health_care_system": "VA Hines health care",
    "operating_status": "NORMAL",
    "operating_status_info": null,
    "county_fips": null,
    "county_source": null,
    "market": null
   }
  },
  {
   "type": "Feature",
   "id": "vha_578GF",
   "geometry": {
    "type": "Point",
    "coordinates": [
     -89.12204076,
     41.35847234
    ]
   },
   "properties": {
    "id": "vha_578GF",
    "name": "LaSalle VA Clinic",
    "facility_type": "va_health_facility",
    "classification": "Primary Care CBOC",
    "zip5": "61354",
    "city": "Peru",
    "state": "IL",
    "visn": "12",
    "health_care_system": "VA Hines health care",
    "operating_status": "NORMAL",
    "operating_status_info": null,
    "county_fips": null,
    "county_source": null,
    "market": null
   }
  },
  {
   "type": "Feature",
   "id": "vha_578GG",
   "geometry": {
    "type": "Point",
    "coordinates": [
     -87.74031232,
     41.70741335
    ]
   },
   "properties": {
    "id": "vha_578GG",
    "name": "Oak Lawn VA Clinic",
    "facility_type": "va_health_facility",
    "classification": "Primary Care CBOC",
    "zip5": "60453",
    "city": "Oak Lawn",
    "state": "IL",
    "visn": "12",
    "health_care_system": "VA Hines health care",
    "operating_status": "NORMAL",
    "operating_status_info": null,
    "county_fips": null,
    "county_source": null,
    "market": null
   }
  },
  {
   "type": "Feature",
   "id": "vha_580",
   "geometry": {
    "type": "Point",
    "coordinates": [
     -95.3863785,
     29.706138
    ]
   },
   "properties": {
    "id": "vha_580",
    "name": "Michael E. DeBakey Department of Veterans Affairs Medical Center",
    "facility_type": "va_health_facility",
    "classification": "VA Medical Center (VAMC)",
    "zip5": "77030",
    "city": "Houston",
    "state": "TX",
    "visn": "16",
    "health_care_system": "VA Houston health care",
    "operating_status": "NORMAL",
    "operating_status_info": null,
    "county_fips": null,
    "county_source": null,
    "market": null
   }
  },
  {
   "type": "Feature",
   "id": "vha_580BV",
   "geometry": {
    "type": "Point",
    "coordinates": [
     -95.34765232,
     29.70441391
    ]
   },
   "properties": {
    "id": "vha_580BV",
    "name": "Houston VA Domiciliary",
    "facility_type": "va_health_facility",
    "classification": "Residential Care Site (MH RRTP/DRRTP) (Stand-Alone)",
    "zip5": "77021",
    "city": "Houston",
    "state": "TX",
    "visn": "16",
    "health_care_system": "VA Houston health care",
    "operating_status": "NORMAL",
    "operating_status_info": null,
    "county_fips": null,
    "county_source": null,
    "market": null
   }
  },
  {
   "type": "Feature",
   "id": "vha_580BY",
   "geometry": {
    "type": "Point",
    "coordinates": [
     -94.13906251,
     30.07769043
    ]
   },
   "properties": {
    "id": "vha_580BY",
    "name": "Beaumont VA Clinic",
    "facility_type": "va_health_facility",
    "classification": "Multi-Specialty CBOC",
    "zip5": "77707",
    "city": "Beaumont",
    "state": "TX",
    "visn": "16",
    "health_care_system": "VA Houston health care",
    "operating_status": "NORMAL",
    "operating_status_info": null,
    "county_fips": null,
    "county_source": null,
    "market": null
   }
  },
  {
   "type": "Feature",
   "id": "vha_580BZ",
   "geometry": {
    "type": "Point",
    "coordinates": [
     -94.76434578,
     31.3570715
    ]
   },
   "properties": {
    "id": "vha_580BZ",
    "name": "Charles Wilson Department of Veterans Affairs Outpatient Clinic",
    "facility_type": "va_health_facility",
    "classification": "Multi-Specialty CBOC",
    "zip5": "75904",
    "city": "Lufkin",
    "state": "TX",
    "visn": "16",
    "health_care_system": "VA Houston health care",
    "operating_status": "NORMAL",
    "operating_status_info": null,
    "county_fips": null,
    "county_source": null,
    "market": null
   }
  },
  {
   "type": "Feature",
   "id": "vha_580GC",
   "geometry": {
    "type": "Point",
    "coordinates": [
     -94.77143581,
     29.30617345
    ]
   },
   "properties": {
    "id": "vha_580GC",
    "name": "Galveston County VA Clinic",
    "facility_type": "va_health_facility",
    "classification": "Primary Care CBOC",
    "zip5": "77550",
    "city": "Galveston",
    "state": "TX",
    "visn": "16",
    "health_care_system": "VA Houston health care",
    "operating_status": "NORMAL",
    "operating_status_info": null,
    "county_fips": null,
    "county_source": null,
    "market": null
   }
  },
  {
   "type": "Feature",
   "id": "vha_580GD",
   "geometry": {
    "type": "Point",
    "coordinates": [
     -95.4718875,
     30.282597
    ]
   },
   "properties": {
    "id": "vha_580GD",
    "name": "Conroe VA Clinic",
    "facility_type": "va_health_facility",
    "classification": "Multi-Specialty CBOC",
    "zip5": "77304",
    "city": "Conroe",
    "state": "TX",
    "visn": "16",
    "health_care_system": "VA Houston health care",
    "operating_status": "NORMAL",
    "operating_status_info": null,
    "county_fips": null,
    "county_source": null,
    "market": null
   }
  },
  {
   "type": "Feature",
   "id": "vha_580GE",
   "geometry": {
    "type": "Point",
    "coordinates": [
     -95.736474,
     29.776905
    ]
   },
   "properties": {
    "id": "vha_580GE",
    "name": "Katy VA Clinic",
    "facility_type": "va_health_facility",
    "classification": "Multi-Specialty CBOC",
    "zip5": "77450",
    "city": "Katy",
    "state": "TX",
    "visn": "16",
    "health_care_system": "VA Houston health care",
    "operating_status": "NORMAL",
    "operating_status_info": null,
    "county_fips": null,
    "county_source": null,
    "market": null
   }
  },
  {
   "type": "Feature",
   "id": "vha_580GF",
   "geometry": {
    "type": "Point",
    "coordinates": [
     -95.4570465,
     29.031741
    ]
   },
   "properties": {
    "id": "vha_580GF",
    "name": "Lake Jackson VA Clinic",
    "facility_type": "va_health_facility",
    "classification": "Primary Care CBOC",
    "zip5": "77566",
    "city": "Lake Jackson",
    "state": "TX",
    "visn": "16",
    "health_care_system": "VA Houston health care",
    "operating_status": "NORMAL",
    "operating_status_info": null,
    "county_fips": null,
    "county_source": null,
    "market": null
   }
  },
  {
   "type": "Feature",
   "id": "vha_580GG",
   "geometry": {
    "type": "Point",
    "coordinates": [
     -95.7128985,
     29.555523
    ]
   },
   "properties": {
    "id": "vha_580GG",
    "name": "Richmond VA Clinic",
    "facility_type": "va_health_facility",
    "classification": "Multi-Specialty CBOC",
    "zip5": "77469",
    "city": "Richmond",
    "state": "TX",
    "visn": "16",
    "health_care_system": "VA Houston health care",
    "operating_status": "NORMAL",
    "operating_status_info": null,
    "county_fips": null,
    "county_source": null,
    "market": null
   }
  },
  {
   "type": "Feature",
   "id": "vha_580GH",
   "geometry": {
    "type": "Point",
    "coordinates": [
     -95.6287485,
     30.092544
    ]
   },
   "properties": {
    "id": "vha_580GH",
    "name": "Tomball VA Clinic",
    "facility_type": "va_health_facility",
    "classification": "Multi-Specialty CBOC",
    "zip5": "77375",
    "city": "Tomball",
    "state": "TX",
    "visn": "16",
    "health_care_system": "VA Houston health care",
    "operating_status": "NORMAL",
    "operating_status_info": null,
    "county_fips": null,
    "county_source": null,
    "market": null
   }
  },
  {
   "type": "Feature",
   "id": "vha_580GJ",
   "geometry": {
    "type": "Point",
    "coordinates": [
     -95.01444942,
     29.40042519
    ]
   },
   "properties": {
    "id": "vha_580GJ",
    "name": "Texas City VA Clinic",
    "facility_type": "va_health_facility",
    "classification": "Multi-Specialty CBOC",
    "zip5": "77591",
    "city": "Texas City",
    "state": "TX",
    "visn": "16",
    "health_care_system": "VA Houston health care",
    "operating_status": "NORMAL",
    "operating_status_info": null,
    "county_fips": null,
    "county_source": null,
    "market": null
   }
  },
  {
   "type": "Feature",
   "id": "vha_580GK",
   "geometry": {
    "type": "Point",
    "coordinates": [
     -95.25240492,
     30.00398458
    ]
   },
   "properties": {
    "id": "vha_580GK",
    "name": "Kingwood VA Clinic",
    "facility_type": "va_health_facility",
    "classification": "Primary Care CBOC",
    "zip5": "77338",
    "city": "Humble",
    "state": "TX",
    "visn": "16",
    "health_care_system": "VA Houston health care",
    "operating_status": "NORMAL",
    "operating_status_info": null,
    "county_fips": null,
    "county_source": null,
    "market": null
   }
  },
  {
   "type": "Feature",
   "id": "vha_580GL",
   "geometry": {
    "type": "Point",
    "coordinates": [
     -95.6212436,
     29.60479972
    ]
   },
   "properties": {
    "id": "vha_580GL",
    "name": "Sugar Land VA Clinic",
    "facility_type": "va_health_facility",
    "classification": "Other Outpatient Services (OOS)",
    "zip5": "77478",
    "city": "Sugar Land",
    "state": "TX",
    "visn": "16",
    "health_care_system": "VA Houston health care",
    "operating_status": "NORMAL",
    "operating_status_info": null,
    "county_fips": null,
    "county_source": null,
    "market": null
   }
  },
  {
   "type": "Feature",
   "id": "vha_580QC",
   "geometry": {
    "type": "Point",
    "coordinates": [
     -95.3889435,
     29.700081
    ]
   },
   "properties": {
    "id": "vha_580QC",
    "name": "Houston 2 VA Mobile Medical Unit",
    "facility_type": "va_health_facility",
    "classification": "Other Outpatient Services (OOS)",
    "zip5": "77030",
    "city": "Houston",
    "state": "TX",
    "visn": "16",
    "health_care_system": "VA Houston health care",
    "operating_status": "NORMAL",
    "operating_status_info": null,
    "county_fips": null,
    "county_source": null,
    "market": null
   }
  },
  {
   "type": "Feature",
   "id": "vha_580QD",
   "geometry": {
    "type": "Point",
    "coordinates": [
     -95.3889435,
     29.700081
    ]
   },
   "properties": {
    "id": "vha_580QD",
    "name": "Houston 3 VA Mobile Medical Unit",
    "facility_type": "va_health_facility",
    "classification": "Other Outpatient Services (OOS)",
    "zip5": "77030",
    "city": "Houston",
    "state": "TX",
    "visn": "16",
    "health_care_system": "VA Houston health care",
    "operating_status": "NORMAL",
    "operating_status_info": null,
    "county_fips": null,
    "county_source": null,
    "market": null
   }
  },
  {
   "type": "Feature",
   "id": "vha_580QE",
   "geometry": {
    "type": "Point",
    "coordinates": [
     -95.36575154,
     29.74417766
    ]
   },
   "properties": {
    "id": "vha_580QE",
    "name": "Houston Webster VA Clinic",
    "facility_type": "va_health_facility",
    "classification": "Other Outpatient Services (OOS)",
    "zip5": "77003",
    "city": "Houston",
    "state": "TX",
    "visn": "16",
    "health_care_system": "VA Houston health care",
    "operating_status": "NORMAL",
    "operating_status_info": null,
    "county_fips": null,
    "county_source": null,
    "market": null
   }
  },
  {
   "type": "Feature",
   "id": "vha_580QF",
   "geometry": {
    "type": "Point",
    "coordinates": [
     -95.3889435,
     29.700081
    ]
   },
   "properties": {
    "id": "vha_580QF",
    "name": "Houston 4 VA Mobile Medical Unit",
    "facility_type": "va_health_facility",
    "classification": "Other Outpatient Services (OOS)",
    "zip5": "77030",
    "city": "Houston",
    "state": "TX",
    "visn": "16",
    "health_care_system": "VA Houston health care",
    "operating_status": "NORMAL",
    "operating_status_info": null,
    "county_fips": null,
    "county_source": null,
    "market": null
   }
  },
  {
   "type": "Feature",
   "id": "vha_581",
   "geometry": {
    "type": "Point",
    "coordinates": [
     -82.51686389,
     38.37718073
    ]
   },
   "properties": {
    "id": "vha_581",
    "name": "Hershel \"Woody\" Williams VA Medical Center",
    "facility_type": "va_health_facility",
    "classification": "VA Medical Center (VAMC)",
    "zip5": "25704",
    "city": "Huntington",
    "state": "WV",
    "visn": "5",
    "health_care_system": "VA Huntington health care",
    "operating_status": "NORMAL",
    "operating_status_info": null,
    "county_fips": null,
    "county_source": null,
    "market": null
   }
  },
  {
   "type": "Feature",
   "id": "vha_581GA",
   "geometry": {
    "type": "Point",
    "coordinates": [
     -82.77323368,
     37.67125034
    ]
   },
   "properties": {
    "id": "vha_581GA",
    "name": "Prestonsburg VA Clinic",
    "facility_type": "va_health_facility",
    "classification": "Primary Care CBOC",
    "zip5": "41653",
    "city": "Prestonsburg",
    "state": "KY",
    "visn": "5",
    "health_care_system": "VA Huntington health care",
    "operating_status": "NORMAL",
    "operating_status_info": null,
    "county_fips": null,
    "county_source": null,
    "market": null
   }
  },
  {
   "type": "Feature",
   "id": "vha_581GB",
   "geometry": {
    "type": "Point",
    "coordinates": [
     -81.75168301,
     38.29554845
    ]
   },
   "properties": {
    "id": "vha_581GB",
    "name": "Charleston VA Clinic",
    "facility_type": "va_health_facility",
    "classification": "Multi-Specialty CBOC",
    "zip5": "25309",
    "city": "South Charleston",
    "state": "WV",
    "visn": "5",
    "health_care_system": "VA Huntington health care",
    "operating_status": "NORMAL",
    "operating_status_info": null,
    "county_fips": null,
    "county_source": null,
    "market": null
   }
  },
  {
   "type": "Feature",
   "id": "vha_581GG",
   "geometry": {
    "type": "Point",
    "coordinates": [
     -82.15282903,
     38.8356771
    ]
   },
   "properties": {
    "id": "vha_581GG",
    "name": "Gallipolis VA Clinic",
    "facility_type": "va_health_facility",
    "classification": "Other Outpatient Services (OOS)",
    "zip5": "45631",
    "city": "Gallipolis",
    "state": "OH",
    "visn": "5",
    "health_care_system": "VA Huntington health care",
    "operating_status": "NORMAL",
    "operating_status_info": null,
    "county_fips": null,
    "county_source": null,
    "market": null
   }
  },
  {
   "type": "Feature",
   "id": "vha_581GH",
   "geometry": {
    "type": "Point",
    "coordinates": [
     -82.25243049,
     37.78386099
    ]
   },
   "properties": {
    "id": "vha_581GH",
    "name": "Lenore VA Clinic",
    "facility_type": "va_health_facility",
    "classification": "Other Outpatient Services (OOS)",
    "zip5": "25661",
    "city": "Williamson",
    "state": "WV",
    "visn": "5",
    "health_care_system": "VA Huntington health care",
    "operating_status": "NORMAL",
    "operating_status_info": null,
    "county_fips": null,
    "county_source": null,
    "market": null
   }
  },
  {
   "type": "Feature",
   "id": "vha_581QA",
   "geometry": {
    "type": "Point",
    "coordinates": [
     -82.44283566,
     38.41709868
    ]
   },
   "properties": {
    "id": "vha_581QA",
    "name": "Huntington Ninth Street VA Clinic",
    "facility_type": "va_health_facility",
    "classification": "Other Outpatient Services (OOS)",
    "zip5": "25701",
    "city": "Huntington",
    "state": "WV",
    "visn": "5",
    "health_care_system": "VA Huntington health care",
    "operating_status": "NORMAL",
    "operating_status_info": null,
    "county_fips": null,
    "county_source": null,
    "market": null
   }
  },
  {
   "type": "Feature",
   "id": "vha_581QB",
   "geometry": {
    "type": "Point",
    "coordinates": [
     -82.51686389,
     38.37718073
    ]
   },
   "properties": {
    "id": "vha_581QB",
    "name": "Huntington VA Mobile Medical Unit",
    "facility_type": "va_health_facility",
    "classification": "Other Outpatient Services (OOS)",
    "zip5": "25704",
    "city": "Huntington",
    "state": "WV",
    "visn": "5",
    "health_care_system": "VA Huntington health care",
    "operating_status": "NORMAL",
    "operating_status_info": null,
    "county_fips": null,
    "county_source": null,
    "market": null
   }
  },
  {
   "type": "Feature",
   "id": "vha_583",
   "geometry": {
    "type": "Point",
    "coordinates": [
     -86.187474,
     39.777426
    ]
   },
   "properties": {
    "id": "vha_583",
    "name": "Richard L. Roudebush Veterans' Administration Medical Center",
    "facility_type": "va_health_facility",
    "classification": "VA Medical Center (VAMC)",
    "zip5": "46202",
    "city": "Indianapolis",
    "state": "IN",
    "visn": "10",
    "health_care_system": "VA Indiana health care",
    "operating_status": "NORMAL",
    "operating_status_info": null,
    "county_fips": null,
    "county_source": null,
    "market": null
   }
  },
  {
   "type": "Feature",
   "id": "vha_583BU",
   "geometry": {
    "type": "Point",
    "coordinates": [
     -86.008734,
     39.861891
    ]
   },
   "properties": {
    "id": "vha_583BU",
    "name": "Indianapolis VA Domiciliary",
    "facility_type": "va_health_facility",
    "classification": "Residential Care Site (MH RRTP/DRRTP) (Stand-Alone)",
    "zip5": "46216",
    "city": "Indianapolis",
    "state": "IN",
    "visn": "10",
    "health_care_system": "VA Indiana health care",
    "operating_status": "NORMAL",
    "operating_status_info": null,
    "county_fips": null,
    "county_source": null,
    "market": null
   }
  },
  {
   "type": "Feature",
   "id": "vha_583GA",
   "geometry": {
    "type": "Point",
    "coordinates": [
     -87.34178608,
     39.43793774
    ]
   },
   "properties": {
    "id": "vha_583GA",
    "name": "Terre Haute VA Clinic",
    "facility_type": "va_health_facility",
    "classification": "Multi-Specialty CBOC",
    "zip5": "47803",
    "city": "Terre Haute",
    "state": "IN",
    "visn": "10",
    "health_care_system": "VA Indiana health care",
    "operating_status": "NORMAL",
    "operating_status_info": null,
    "county_fips": null,
    "county_source": null,
    "market": null
   }
  },
  {
   "type": "Feature",
   "id": "vha_583GB",
   "geometry": {
    "type": "Point",
    "coordinates": [
     -86.57460757,
     39.19596722
    ]
   },
   "properties": {
    "id": "vha_583GB",
    "name": "Bloomington VA Clinic",
    "facility_type": "va_health_facility",
    "classification": "Multi-Specialty CBOC",
    "zip5": "47403",
    "city": "Bloomington",
    "state": "IN",
    "visn": "10",
    "health_care_system": "VA Indiana health care",
    "operating_status": "NORMAL",
    "operating_status_info": null,
    "county_fips": null,
    "county_source": null,
    "market": null
   }
  },
  {
   "type": "Feature",
   "id": "vha_583GD",
   "geometry": {
    "type": "Point",
    "coordinates": [
     -86.36630294,
     39.84806093
    ]
   },
   "properties": {
    "id": "vha_583GD",
    "name": "Brownsburg VA Clinic",
    "facility_type": "va_health_facility",
    "classification": "Multi-Specialty CBOC",
    "zip5": "46112",
    "city": "Brownsburg",
    "state": "IN",
    "visn": "10",
    "health_care_system": "VA Indiana health care",
    "operating_status": "NORMAL",
    "operating_status_info": null,
    "county_fips": null,
    "county_source": null,
    "market": null
   }
  },
  {
   "type": "Feature",
   "id": "vha_583GE",
   "geometry": {
    "type": "Point",
    "coordinates": [
     -86.82793411,
     40.40489628
    ]
   },
   "properties": {
    "id": "vha_583GE",
    "name": "Lafayette VA Clinic",
    "facility_type": "va_health_facility",
    "classification": "Multi-Specialty CBOC",
    "zip5": "47905",
    "city": "Lafayette",
    "state": "IN",
    "visn": "10",
    "health_care_system": "VA Indiana health care",
    "operating_status": "NORMAL",
    "operating_status_info": null,
    "county_fips": null,
    "county_source": null,
    "market": null
   }
  },
  {
   "type": "Feature",
   "id": "vha_583GF",
   "geometry": {
    "type": "Point",
    "coordinates": [
     -86.0319801,
     39.36362617
    ]
   },
   "properties": {
    "id": "vha_583GF",
    "name": "Wakeman VA Clinic",
    "facility_type": "va_health_facility",
    "classification": "Multi-Specialty CBOC",
    "zip5": "46124",
    "city": "Edinburgh",
    "state": "IN",
    "visn": "10",
    "health_care_system": "VA Indiana health care",
    "operating_status": "NORMAL",
    "operating_status_info": null,
    "county_fips": null,
    "county_source": null,
    "market": null
   }
  },
  {
   "type": "Feature",
   "id": "vha_583GG",
   "geometry": {
    "type": "Point",
    "coordinates": [
     -85.78066719,
     39.5573715
    ]
   },
   "properties": {
    "id": "vha_583GG",
    "name": "Shelbyville VA Clinic",
    "facility_type": "va_health_facility",
    "classification": "Multi-Specialty CBOC",
    "zip5": "46176",
    "city": "Shelbyville",
    "state": "IN",
    "visn": "10",
    "health_care_system": "VA Indiana health care",
    "operating_status": "NORMAL",
    "operating_status_info": null,
    "county_fips": null,
    "county_source": null,
    "market": null
   }
  },
  {
   "type": "Feature",
   "id": "vha_583QB",
   "geometry": {
    "type": "Point",
    "coordinates": [
     -86.157342,
     39.777318
    ]
   },
   "properties": {
    "id": "vha_583QB",
    "name": "Indianapolis VA Clinic",
    "facility_type": "va_health_facility",
    "classification": "Other Outpatient Services (OOS)",
    "zip5": "46204",
    "city": "Indianapolis",
    "state": "IN",
    "visn": "10",
    "health_care_system": "VA Indiana health care",
    "operating_status": "NORMAL",
    "operating_status_info": null,
    "county_fips": null,
    "county_source": null,
    "market": null
   }
  },
  {
   "type": "Feature",
   "id": "vha_583QD",
   "geometry": {
    "type": "Point",
    "coordinates": [
     -86.25814423,
     39.84771198
    ]
   },
   "properties": {
    "id": "vha_583QD",
    "name": "Indianapolis YMCA VA Clinic",
    "facility_type": "va_health_facility",
    "classification": "Other Outpatient Services (OOS)",
    "zip5": "46254",
    "city": "Indianapolis",
    "state": "IN",
    "visn": "10",
    "health_care_system": "VA Indiana health care",
    "operating_status": "NORMAL",
    "operating_status_info": null,
    "county_fips": null,
    "county_source": null,
    "market": null
   }
  },
  {
   "type": "Feature",
   "id": "vha_583QE",
   "geometry": {
    "type": "Point",
    "coordinates": [
     -86.20311103,
     39.804714
    ]
   },
   "properties": {
    "id": "vha_583QE",
    "name": "Cold Spring Road VA Clinic",
    "facility_type": "va_health_facility",
    "classification": "Other Outpatient Services (OOS)",
    "zip5": "46222",
    "city": "Indianapolis",
    "state": "IN",
    "visn": "10",
    "health_care_system": "VA Indiana health care",
    "operating_status": "NORMAL",
    "operating_status_info": null,
    "county_fips": null,
    "county_source": null,
    "market": null
   }
  },
  {
   "type": "Feature",
   "id": "vha_585",
   "geometry": {
    "type": "Point",
    "coordinates": [
     -88.060176,
     45.81002
    ]
   },
   "properties": {
    "id": "vha_585",
    "name": "Oscar G. Johnson Department of Veterans Affairs Medical Facility",
    "facility_type": "va_health_facility",
    "classification": "VA Medical Center (VAMC)",
    "zip5": "49801",
    "city": "Iron Mountain",
    "state": "MI",
    "visn": "12",
    "health_care_system": "VA Iron Mountain health care",
    "operating_status": "LIMITED",
    "operating_status_info": "This facility is open Monday through Friday, 7:00 a.m. to 6:00 p.m., including holidays. Our Urgent Care Clinic is closed Saturday and Sunday.",
    "county_fips": null,
    "county_source": null,
    "market": null
   }
  },
  {
   "type": "Feature",
   "id": "vha_585GA",
   "geometry": {
    "type": "Point",
    "coordinates": [
     -88.59189255,
     47.13126744
    ]
   },
   "properties": {
    "id": "vha_585GA",
    "name": "Hancock VA Clinic",
    "facility_type": "va_health_facility",
    "classification": "Primary Care CBOC",
    "zip5": "49930",
    "city": "Hancock",
    "state": "MI",
    "visn": "12",
    "health_care_system": "VA Iron Mountain health care",
    "operating_status": "NORMAL",
    "operating_status_info": null,
    "county_fips": null,
    "county_source": null,
    "market": null
   }
  },
  {
   "type": "Feature",
   "id": "vha_585GB",
   "geometry": {
    "type": "Point",
    "coordinates": [
     -89.43135663,
     45.63213345
    ]
   },
   "properties": {
    "id": "vha_585GB",
    "name": "Rhinelander VA Clinic",
    "facility_type": "va_health_facility",
    "classification": "Primary Care CBOC",
    "zip5": "54501",
    "city": "Rhinelander",
    "state": "WI",
    "visn": "12",
    "health_care_system": "VA Iron Mountain health care",
    "operating_status": "NORMAL",
    "operating_status_info": null,
    "county_fips": null,
    "county_source": null,
    "market": null
   }
  },
  {
   "type": "Feature",
   "id": "vha_585GC",
   "geometry": {
    "type": "Point",
    "coordinates": [
     -87.61659852,
     45.10789419
    ]
   },
   "properties": {
    "id": "vha_585GC",
    "name": "Menominee VA Clinic",
    "facility_type": "va_health_facility",
    "classification": "Primary Care CBOC",
    "zip5": "49858",
    "city": "Menominee",
    "state": "MI",
    "visn": "12",
    "health_care_system": "VA Iron Mountain health care",
    "operating_status": "NORMAL",
    "operating_status_info": null,
    "county_fips": null,
    "county_source": null,
    "market": null
   }
  },
  {
   "type": "Feature",
   "id": "vha_585GD",
   "geometry": {
    "type": "Point",
    "coordinates": [
     -90.18407972,
     46.46335549
    ]
   },
   "properties": {
    "id": "vha_585GD",
    "name": "Ironwood VA Clinic",
    "facility_type": "va_health_facility",
    "classification": "Other Outpatient Services (OOS)",
    "zip5": "49938",
    "city": "Ironwood",
    "state": "MI",
    "visn": "12",
    "health_care_system": "VA Iron Mountain health care",
    "operating_status": "NORMAL",
    "operating_status_info": null,
    "county_fips": null,
    "county_source": null,
    "market": null
   }
  },
  {
   "type": "Feature",
   "id": "vha_585GF",
   "geometry": {
    "type": "Point",
    "coordinates": [
     -86.23085006,
     45.94867596
    ]
   },
   "properties": {
    "id": "vha_585GF",
    "name": "Manistique VA Clinic",
    "facility_type": "va_health_facility",
    "classification": "Primary Care CBOC",
    "zip5": "49854",
    "city": "Manistique",
    "state": "MI",
    "visn": "12",
    "health_care_system": "VA Iron Mountain health care",
    "operating_status": "NORMAL",
    "operating_status_info": null,
    "county_fips": null,
    "county_source": null,
    "market": null
   }
  },
  {
   "type": "Feature",
   "id": "vha_585GG",
   "geometry": {
    "type": "Point",
    "coordinates": [
     -87.03540682,
     45.83816837
    ]
   },
   "properties": {
    "id": "vha_585GG",
    "name": "Gladstone VA Clinic",
    "facility_type": "va_health_facility",
    "classification": "Primary Care CBOC",
    "zip5": "49837",
    "city": "Gladstone",
    "state": "MI",
    "visn": "12",
    "health_care_system": "VA Iron Mountain health care",
    "operating_status": "NORMAL",
    "operating_status_info": null,
    "county_fips": null,
    "county_source": null,
    "market": null
   }
  },
  {
   "type": "Feature",
   "id": "vha_585HA",
   "geometry": {
    "type": "Point",
    "coordinates": [
     -87.418152,
     46.55683647
    ]
   },
   "properties": {
    "id": "vha_585HA",
    "name": "Marquette VA Clinic",
    "facility_type": "va_health_facility",
    "classification": "Primary Care CBOC",
    "zip5": "49855",
    "city": "Marquette",
    "state": "MI",
    "visn": "12",
    "health_care_system": "VA Iron Mountain health care",
    "operating_status": "NORMAL",
    "operating_status_info": null,
    "county_fips": null,
    "county_source": null,
    "market": null
   }
  },
  {
   "type": "Feature",
   "id": "vha_585HB",
   "geometry": {
    "type": "Point",
    "coordinates": [
     -84.3674098,
     46.46776656
    ]
   },
   "properties": {
    "id": "vha_585HB",
    "name": "Sault Saint Marie VA Clinic",
    "facility_type": "va_health_facility",
    "classification": "Primary Care CBOC",
    "zip5": "49783",
    "city": "Sault Saint Marie",
    "state": "MI",
    "visn": "12",
    "health_care_system": "VA Iron Mountain health care",
    "operating_status": "NORMAL",
    "operating_status_info": null,
    "county_fips": null,
    "county_source": null,
    "market": null
   }
  },
  {
   "type": "Feature",
   "id": "vha_586",
   "geometry": {
    "type": "Point",
    "coordinates": [
     -90.16632,
     32.327541
    ]
   },
   "properties": {
    "id": "vha_586",
    "name": "G.V. (Sonny) Montgomery Department of Veterans Affairs Medical Center",
    "facility_type": "va_health_facility",
    "classification": "VA Medical Center (VAMC)",
    "zip5": "39216",
    "city": "Jackson",
    "state": "MS",
    "visn": "16",
    "health_care_system": "VA Jackson health care",
    "operating_status": "NORMAL",
    "operating_status_info": null,
    "county_fips": null,
    "county_source": null,
    "market": null
   }
  },
  {
   "type": "Feature",
   "id": "vha_586BU",
   "geometry": {
    "type": "Point",
    "coordinates": [
     -90.24669,
     32.198652
    ]
   },
   "properties": {
    "id": "vha_586BU",
    "name": "Jackson VA Domiciliary",
    "facility_type": "va_health_facility",
    "classification": "Residential Care Site (MH RRTP/DRRTP) (Stand-Alone)",
    "zip5": "39272",
    "city": "Jackson",
    "state": "MS",
    "visn": "16",
    "health_care_system": "VA Jackson health care",
    "operating_status": "NORMAL",
    "operating_status_info": null,
    "county_fips": null,
    "county_source": null,
    "market": null
   }
  },
  {
   "type": "Feature",
   "id": "vha_586GA",
   "geometry": {
    "type": "Point",
    "coordinates": [
     -89.59466149,
     33.05943904
    ]
   },
   "properties": {
    "id": "vha_586GA",
    "name": "Kosciusko VA Clinic",
    "facility_type": "va_health_facility",
    "classification": "Primary Care CBOC",
    "zip5": "39090",
    "city": "Kosciusko",
    "state": "MS",
    "visn": "16",
    "health_care_system": "VA Jackson health care",
    "operating_status": "NORMAL",
    "operating_status_info": null,
    "county_fips": null,
    "county_source": null,
    "market": null
   }
  },
  {
   "type": "Feature",
   "id": "vha_586GB",
   "geometry": {
    "type": "Point",
    "coordinates": [
     -88.69958028,
     32.36985654
    ]
   },
   "properties": {
    "id": "vha_586GB",
    "name": "Meridian VA Clinic",
    "facility_type": "va_health_facility",
    "classification": "Primary Care CBOC",
    "zip5": "39301",
    "city": "Meridian",
    "state": "MS",
    "visn": "16",
    "health_care_system": "VA Jackson health care",
    "operating_status": "NORMAL",
    "operating_status_info": null,
    "county_fips": null,
    "county_source": null,
    "market": null
   }
  },
  {
   "type": "Feature",
   "id": "vha_586GC",
   "geometry": {
    "type": "Point",
    "coordinates": [
     -91.0396978,
     33.37499869
    ]
   },
   "properties": {
    "id": "vha_586GC",
    "name": "Greenville VA Clinic",
    "facility_type": "va_health_facility",
    "classification": "Primary Care CBOC",
    "zip5": "38701",
    "city": "Greenville",
    "state": "MS",
    "visn": "16",
    "health_care_system": "VA Jackson health care",
    "operating_status": "NORMAL",
    "operating_status_info": null,
    "county_fips": null,
    "county_source": null,
    "market": null
   }
  },
  {
   "type": "Feature",
   "id": "vha_586GD",
   "geometry": {
    "type": "Point",
    "coordinates": [
     -89.3679345,
     31.326192
    ]
   },
   "properties": {
    "id": "vha_586GD",
    "name": "Hattiesburg VA Clinic",
    "facility_type": "va_health_facility",
    "classification": "Primary Care CBOC",
    "zip5": "39402",
    "city": "Hattiesburg",
    "state": "MS",
    "visn": "16",
    "health_care_system": "VA Jackson health care",
    "operating_status": "NORMAL",
    "operating_status_info": null,
    "county_fips": null,
    "county_source": null,
    "market": null
   }
  },
  {
   "type": "Feature",
   "id": "vha_586GE",
   "geometry": {
    "type": "Point",
    "coordinates": [
     -91.3516379,
     31.5647657
    ]
   },
   "properties": {
    "id": "vha_586GE",
    "name": "Natchez VA Clinic",
    "facility_type": "va_health_facility",
    "classification": "Primary Care CBOC",
    "zip5": "39120",
    "city": "Natchez",
    "state": "MS",
    "visn": "16",
    "health_care_system": "VA Jackson health care",
    "operating_status": "NORMAL",
    "operating_status_info": null,
    "county_fips": null,
    "county_source": null,
    "market": null
   }
  },
  {
   "type": "Feature",
   "id": "vha_586GF",
   "geometry": {
    "type": "Point",
    "coordinates": [
     -88.36568936,
     33.49327447
    ]
   },
   "properties": {
    "id": "vha_586GF",
    "name": "Columbus VA Clinic",
    "facility_type": "va_health_facility",
    "classification": "Primary Care CBOC",
    "zip5": "39702",
    "city": "Columbus",
    "state": "MS",
    "visn": "16",
    "health_care_system": "VA Jackson health care",
    "operating_status": "NORMAL",
    "operating_status_info": null,
    "county_fips": null,
    "county_source": null,
    "market": null
   }
  },
  {
   "type": "Feature",
   "id": "vha_586GG",
   "geometry": {
    "type": "Point",
    "coordinates": [
     -90.46807994,
     31.24942349
    ]
   },
   "properties": {
    "id": "vha_586GG",
    "name": "McComb VA Clinic",
    "facility_type": "va_health_facility",
    "classification": "Primary Care CBOC",
    "zip5": "39648",
    "city": "McComb",
    "state": "MS",
    "visn": "16",
    "health_care_system": "VA Jackson health care",
    "operating_status": "NORMAL",
    "operating_status_info": null,
    "county_fips": null,
    "county_source": null,
    "market": null
   }
  },
  {
   "type": "Feature",
   "id": "vha_586QA",
   "geometry": {
    "type": "Point",
    "coordinates": [
     -90.16632,
     32.327541
    ]
   },
   "properties": {
    "id": "vha_586QA",
    "name": "Jackson VA Mobile Medical Unit",
    "facility_type": "va_health_facility",
    "classification": "Other Outpatient Services (OOS)",
    "zip5": "39216",
    "city": "Jackson",
    "state": "MS",
    "visn": "16",
    "health_care_system": "VA Jackson health care",
    "operating_status": "NORMAL",
    "operating_status_info": null,
    "county_fips": null,
    "county_source": null,
    "market": null
   }
  },
  {
   "type": "Feature",
   "id": "vha_586QB",
   "geometry": {
    "type": "Point",
    "coordinates": [
     -90.19618493,
     32.39940987
    ]
   },
   "properties": {
    "id": "vha_586QB",
    "name": "Dogwood View Parkway VA Clinic",
    "facility_type": "va_health_facility",
    "classification": "Other Outpatient Services (OOS)",
    "zip5": "39213",
    "city": "Jackson",
    "state": "MS",
    "visn": "16",
    "health_care_system": "VA Jackson health care",
    "operating_status": "NORMAL",
    "operating_status_info": null,
    "county_fips": null,
    "county_source": null,
    "market": null
   }
  },
  {
   "type": "Feature",
   "id": "vha_586QD",
   "geometry": {
    "type": "Point",
    "coordinates": [
     -90.16779384,
     32.32680928
    ]
   },
   "properties": {
    "id": "vha_586QD",
    "name": "Jackson 2 VA Mobile Medical Unit",
    "facility_type": "va_health_facility",
    "classification": "Other Outpatient Services (OOS)",
    "zip5": "39216",
    "city": "Jackson",
    "state": "MS",
    "visn": "16",
    "health_care_system": "VA Jackson health care",
    "operating_status": "NORMAL",
    "operating_status_info": null,
    "county_fips": null,
    "county_source": null,
    "market": null
   }
  },
  {
   "type": "Feature",
   "id": "vha_589",
   "geometry": {
    "type": "Point",
    "coordinates": [
     -94.526883,
     39.063357
    ]
   },
   "properties": {
    "id": "vha_589",
    "name": "Kansas City VA Medical Center",
    "facility_type": "va_health_facility",
    "classification": "VA Medical Center (VAMC)",
    "zip5": "64128",
    "city": "Kansas City",
    "state": "MO",
    "visn": "15",
    "health_care_system": "VA Kansas City health care",
    "operating_status": "NORMAL",
    "operating_status_info": null,
    "county_fips": null,
    "county_source": null,
    "market": null
   }
  },
  {
   "type": "Feature",
   "id": "vha_589A4",
   "geometry": {
    "type": "Point",
    "coordinates": [
     -92.3291865,
     38.936817
    ]
   },
   "properties": {
    "id": "vha_589A4",
    "name": "Harry S. Truman Memorial Veterans' Hospital",
    "facility_type": "va_health_facility",
    "classification": "VA Medical Center (VAMC)",
    "zip5": "65201",
    "city": "Columbia",
    "state": "MO",
    "visn": "15",
    "health_care_system": "VA Columbia Missouri health care",
    "operating_status": "NORMAL",
    "operating_status_info": null,
    "county_fips": null,
    "county_source": null,
    "market": null
   }
  },
  {
   "type": "Feature",
   "id": "vha_589A5",
   "geometry": {
    "type": "Point",
    "coordinates": [
     -95.7249057,
     39.0273447
    ]
   },
   "properties": {
    "id": "vha_589A5",
    "name": "Colmery-O'Neil Veterans' Administration Medical Center",
    "facility_type": "va_health_facility",
    "classification": "VA Medical Center (VAMC)",
    "zip5": "66622",
    "city": "Topeka",
    "state": "KS",
    "visn": "15",
    "health_care_system": "VA Eastern Kansas health care",
    "operating_status": "NORMAL",
    "operating_status_info": null,
    "county_fips": null,
    "county_source": null,
    "market": null
   }
  },
  {
   "type": "Feature",
   "id": "vha_589A6",
   "geometry": {
    "type": "Point",
    "coordinates": [
     -94.89970647,
     39.277129
    ]
   },
   "properties": {
    "id": "vha_589A6",
    "name": "Dwight D. Eisenhower Department of Veterans Affairs Medical Center",
    "facility_type": "va_health_facility",
    "classification": "VA Medical Center (VAMC)",
    "zip5": "66048",
    "city": "Leavenworth",
    "state": "KS",
    "visn": "15",
    "health_care_system": "VA Eastern Kansas health care",
    "operating_status": "NORMAL",
    "operating_status_info": null,
    "county_fips": null,
    "county_source": null,
    "market": null
   }
  },
  {
   "type": "Feature",
   "id": "vha_589A7",
   "geometry": {
    "type": "Point",
    "coordinates": [
     -97.2740115,
     37.681686
    ]
   },
   "properties": {
    "id": "vha_589A7",
    "name": "Robert J. Dole Department of Veterans Affairs Medical and Regional Office Center",
    "facility_type": "va_health_facility",
    "classification": "VA Medical Center (VAMC)",
    "zip5": "67218",
    "city": "Wichita",
    "state": "KS",
    "visn": "15",
    "health_care_system": "VA Wichita health care",
    "operating_status": "NORMAL",
    "operating_status_info": null,
    "county_fips": null,
    "county_source": null,
    "market": null
   }
  },
  {
   "type": "Feature",
   "id": "vha_589G1",
   "geometry": {
    "type": "Point",
    "coordinates": [
     -93.71945516,
     38.77211585
    ]
   },
   "properties": {
    "id": "vha_589G1",
    "name": "Warrensburg VA Clinic",
    "facility_type": "va_health_facility",
    "classification": "Multi-Specialty CBOC",
    "zip5": "64093",
    "city": "Warrensburg",
    "state": "MO",
    "visn": "15",
    "health_care_system": "VA Kansas City health care",
    "operating_status": "NORMAL",
    "operating_status_info": null,
    "county_fips": null,
    "county_source": null,
    "market": null
   }
  },
  {
   "type": "Feature",
   "id": "vha_589G2",
   "geometry": {
    "type": "Point",
    "coordinates": [
     -99.99756993,
     37.77857097
    ]
   },
   "properties": {
    "id": "vha_589G2",
    "name": "Dodge City VA Clinic",
    "facility_type": "va_health_facility",
    "classification": "Other Outpatient Services (OOS)",
    "zip5": "67801",
    "city": "Dodge City",
    "state": "KS",
    "visn": "15",
    "health_care_system": "VA Wichita health care",
    "operating_status": "NORMAL",
    "operating_status_info": null,
    "county_fips": null,
    "county_source": null,
    "market": null
   }
  },
  {
   "type": "Feature",
   "id": "vha_589G4",
   "geometry": {
    "type": "Point",
    "coordinates": [
     -99.31791248,
     38.90080066
    ]
   },
   "properties": {
    "id": "vha_589G4",
    "name": "Hays VA Clinic",
    "facility_type": "va_health_facility",
    "classification": "Primary Care CBOC",
    "zip5": "67601",
    "city": "Hays",
    "state": "KS",
    "visn": "15",
    "health_care_system": "VA Wichita health care",
    "operating_status": "NORMAL",
    "operating_status_info": null,
    "county_fips": null,
    "county_source": null,
    "market": null
   }
  },
  {
   "type": "Feature",
   "id": "vha_589G5",
   "geometry": {
    "type": "Point",
    "coordinates": [
     -95.26499011,
     37.3658595
    ]
   },
   "properties": {
    "id": "vha_589G5",
    "name": "Parsons VA Clinic",
    "facility_type": "va_health_facility",
    "classification": "Primary Care CBOC",
    "zip5": "67357",
    "city": "Parsons",
    "state": "KS",
    "visn": "15",
    "health_care_system": "VA Wichita health care",
    "operating_status": "NORMAL",
    "operating_status_info": null,
    "county_fips": null,
    "county_source": null,
    "market": null
   }
  },
  {
   "type": "Feature",
   "id": "vha_589G7",
   "geometry": {
    "type": "Point",
    "coordinates": [
     -97.89497108,
     38.08650553
    ]
   },
   "properties": {
    "id": "vha_589G7",
    "name": "Hutchinson VA Clinic",
    "facility_type": "va_health_facility",
    "classification": "Primary Care CBOC",
    "zip5": "67502",
    "city": "Hutchinson",
    "state": "KS",
    "visn": "15",
    "health_care_system": "VA Wichita health care",
    "operating_status": "NORMAL",
    "operating_status_info": null,
    "county_fips": null,
    "county_source": null,
    "market": null
   }
  },
  {
   "type": "Feature",
   "id": "vha_589G8",
   "geometry": {
    "type": "Point",
    "coordinates": [
     -92.2480511,
     38.56901059
    ]
   },
   "properties": {
    "id": "vha_589G8",
    "name": "Jefferson City VA Clinic",
    "facility_type": "va_health_facility",
    "classification": "Multi-Specialty CBOC",
    "zip5": "65109",
    "city": "Jefferson City",
    "state": "MO",
    "visn": "15",
    "health_care_system": "VA Columbia Missouri health care",
    "operating_status": "NORMAL",
    "operating_status_info": null,
    "county_fips": null,
    "county_source": null,
    "market": null
   }
  },
  {
   "type": "Feature",
   "id": "vha_589GB",
   "geometry": {
    "type": "Point",
    "coordinates": [
     -94.51079257,
     38.80931917
    ]
   },
   "properties": {
    "id": "vha_589GB",
    "name": "Belton VA Clinic",
    "facility_type": "va_health_facility",
    "classification": "Primary Care CBOC",
    "zip5": "64012",
    "city": "Belton",
    "state": "MO",
    "visn": "15",
    "health_care_system": "VA Kansas City health care",
    "operating_status": "NORMAL",
    "operating_status_info": null,
    "county_fips": null,
    "county_source": null,
    "market": null
   }
  },
  {
   "type": "Feature",
   "id": "vha_589GC",
   "geometry": {
    "type": "Point",
    "coordinates": [
     -94.8561249,
     38.57129122
    ]
   },
   "properties": {
    "id": "vha_589GC",
    "name": "Paola VA Clinic",
    "facility_type": "va_health_facility",
    "classification": "Primary Care CBOC",
    "zip5": "66071",
    "city": "Paola",
    "state": "KS",
    "visn": "15",
    "health_care_system": "VA Kansas City health care",
    "operating_status": "NORMAL",
    "operating_status_info": null,
    "county_fips": null,
    "county_source": null,
    "market": null
   }
  },
  {
   "type": "Feature",
   "id": "vha_589GD",
   "geometry": {
    "type": "Point",
    "coordinates": [
     -94.34188933,
     37.83685447
    ]
   },
   "properties": {
    "id": "vha_589GD",
    "name": "Nevada VA Clinic",
    "facility_type": "va_health_facility",
    "classification": "Primary Care CBOC",
    "zip5": "64772",
    "city": "Nevada",
    "state": "MO",
    "visn": "15",
    "health_care_system": "VA Kansas City health care",
    "operating_status": "NORMAL",
    "operating_status_info": null,
    "county_fips": null,
    "county_source": null,
    "market": null
   }
  },
  {
   "type": "Feature",
   "id": "vha_589GE",
   "geometry": {
    "type": "Point",
    "coordinates": [
     -92.57930111,
     40.2090145
    ]
   },
   "properties": {
    "id": "vha_589GE",
    "name": "Kirksville VA Clinic",
    "facility_type": "va_health_facility",
    "classification": "Primary Care CBOC",
    "zip5": "63501",
    "city": "Kirksville",
    "state": "MO",
    "visn": "15",
    "health_care_system": "VA Columbia Missouri health care",
    "operating_status": "NORMAL",
    "operating_status_info": null,
    "county_fips": null,
    "county_source": null,
    "market": null
   }
  },
  {
   "type": "Feature",
   "id": "vha_589GF",
   "geometry": {
    "type": "Point",
    "coordinates": [
     -92.21526712,
     37.80950049
    ]
   },
   "properties": {
    "id": "vha_589GF",
    "name": "Waynesville VA Clinic",
    "facility_type": "va_health_facility",
    "classification": "Multi-Specialty CBOC",
    "zip5": "65583",
    "city": "Waynesville",
    "state": "MO",
    "visn": "15",
    "health_care_system": "VA Columbia Missouri health care",
    "operating_status": "NORMAL",
    "operating_status_info": null,
    "county_fips": null,
    "county_source": null,
    "market": null
   }
  },
  {
   "type": "Feature",
   "id": "vha_589GH",
   "geometry": {
    "type": "Point",
    "coordinates": [
     -92.75970475,
     38.00069767
    ]
   },
   "properties": {
    "id": "vha_589GH",
    "name": "Camdenton VA Clinic",
    "facility_type": "va_health_facility",
    "classification": "Multi-Specialty CBOC",
    "zip5": "65020",
    "city": "Camdenton",
    "state": "MO",
    "visn": "15",
    "health_care_system": "VA Columbia Missouri health care",
    "operating_status": "NORMAL",
    "operating_status_info": null,
    "county_fips": null,
    "county_source": null,
    "market": null
   }
  },
  {
   "type": "Feature",
   "id": "vha_589GI",
   "geometry": {
    "type": "Point",
    "coordinates": [
     -94.80376397,
     39.81145401
    ]
   },
   "properties": {
    "id": "vha_589GI",
    "name": "St. Joseph VA Clinic",
    "facility_type": "va_health_facility",
    "classification": "Primary Care CBOC",
    "zip5": "64506",
    "city": "St. Joseph",
    "state": "MO",
    "visn": "15",
    "health_care_system": "VA Eastern Kansas health care",
    "operating_status": "NORMAL",
    "operating_status_info": null,
    "county_fips": null,
    "county_source": null,
    "market": null
   }
  },
  {
   "type": "Feature",
   "id": "vha_589GJ",
   "geometry": {
    "type": "Point",
    "coordinates": [
     -94.792113,
     39.12856354
    ]
   },
   "properties": {
    "id": "vha_589GJ",
    "name": "Captain Elwin Shopteese VA Clinic",
    "facility_type": "va_health_facility",
    "classification": "Primary Care CBOC",
    "zip5": "66112",
    "city": "Kansas City",
    "state": "KS",
    "visn": "15",
    "health_care_system": "VA Eastern Kansas health care",
    "operating_status": "NORMAL",
    "operating_status_info": null,
    "county_fips": null,
    "county_source": null,
    "market": null
   }
  },
  {
   "type": "Feature",
   "id": "vha_589GR",
   "geometry": {
    "type": "Point",
    "coordinates": [
     -96.86433477,
     39.01022006
    ]
   },
   "properties": {
    "id": "vha_589GR",
    "name": "Lieutenant General Richard J. Seitz Community-Based Outpatient Clinic",
    "facility_type": "va_health_facility",
    "classification": "Primary Care CBOC",
    "zip5": "66441",
    "city": "Junction City",
    "state": "KS",
    "visn": "15",
    "health_care_system": "VA Eastern Kansas health care",
    "operating_status": "NORMAL",
    "operating_status_info": null,
    "county_fips": null,
    "county_source": null,
    "market": null
   }
  },
  {
   "type": "Feature",
   "id": "vha_589GU",
   "geometry": {
    "type": "Point",
    "coordinates": [
     -95.30544352,
     38.96012539
    ]
   },
   "properties": {
    "id": "vha_589GU",
    "name": "Lawrence VA Clinic",
    "facility_type": "va_health_facility",
    "classification": "Multi-Specialty CBOC",
    "zip5": "66049",
    "city": "Lawrence",
    "state": "KS",
    "visn": "15",
    "health_care_system": "VA Eastern Kansas health care",
    "operating_status": "NORMAL",
    "operating_status_info": null,
    "county_fips": null,
    "county_source": null,
    "market": null
   }
  },
  {
   "type": "Feature",
   "id": "vha_589GV",
   "geometry": {
    "type": "Point",
    "coordinates": [
     -95.3874332,
     37.92218562
    ]
   },
   "properties": {
    "id": "vha_589GV",
    "name": "Iola VA Clinic",
    "facility_type": "va_health_facility",
    "classification": "Primary Care CBOC",
    "zip5": "66749",
    "city": "Iola",
    "state": "KS",
    "visn": "15",
    "health_care_system": "VA Eastern Kansas health care",
    "operating_status": "NORMAL",
    "operating_status_info": null,
    "county_fips": null,
    "county_source": null,
    "market": null
   }
  },
  {
   "type": "Feature",
   "id": "vha_589GW",
   "geometry": {
    "type": "Point",
    "coordinates": [
     -97.58860047,
     38.84041952
    ]
   },
   "properties": {
    "id": "vha_589GW",
    "name": "Salina VA Clinic",
    "facility_type": "va_health_facility",
    "classification": "Primary Care CBOC",
    "zip5": "67401",
    "city": "Salina",
    "state": "KS",
    "visn": "15",
    "health_care_system": "VA Wichita health care",
    "operating_status": "NORMAL",
    "operating_status_info": null,
    "county_fips": null,
    "county_source": null,
    "market": null
   }
  },
  {
   "type": "Feature",
   "id": "vha_589GX",
   "geometry": {
    "type": "Point",
    "coordinates": [
     -91.89271407,
     39.13758168
    ]
   },
   "properties": {
    "id": "vha_589GX",
    "name": "Mexico VA Clinic",
    "facility_type": "va_health_facility",
    "classification": "Primary Care CBOC",
    "zip5": "65265",
    "city": "Mexico",
    "state": "MO",
    "visn": "15",
    "health_care_system": "VA Columbia Missouri health care",
    "operating_status": "NORMAL",
    "operating_status_info": null,
    "county_fips": null,
    "county_source": null,
    "market": null
   }
  },
  {
   "type": "Feature",
   "id": "vha_589GY",
   "geometry": {
    "type": "Point",
    "coordinates": [
     -91.62389999,
     38.01044371
    ]
   },
   "properties": {
    "id": "vha_589GY",
    "name": "St. James VA Clinic",
    "facility_type": "va_health_facility",
    "classification": "Primary Care CBOC",
    "zip5": "65559",
    "city": "St. James",
    "state": "MO",
    "visn": "15",
    "health_care_system": "VA Columbia Missouri health care",
    "operating_status": "NORMAL",
    "operating_status_info": null,
    "county_fips": null,
    "county_source": null,
    "market": null
   }
  },
  {
   "type": "Feature",
   "id": "vha_589GZ",
   "geometry": {
    "type": "Point",
    "coordinates": [
     -94.23694604,
     39.75322753
    ]
   },
   "properties": {
    "id": "vha_589GZ",
    "name": "Cameron VA Clinic",
    "facility_type": "va_health_facility",
    "classification": "Other Outpatient Services (OOS)",
    "zip5": "64429",
    "city": "Cameron",
    "state": "MO",
    "visn": "15",
    "health_care_system": "VA Kansas City health care",
    "operating_status": "NORMAL",
    "operating_status_info": null,
    "county_fips": null,
    "county_source": null,
    "market": null
   }
  },
  {
   "type": "Feature",
   "id": "vha_589JA",
   "geometry": {
    "type": "Point",
    "coordinates": [
     -93.27350985,
     38.70448006
    ]
   },
   "properties": {
    "id": "vha_589JA",
    "name": "Sedalia VA Clinic",
    "facility_type": "va_health_facility",
    "classification": "Multi-Specialty CBOC",
    "zip5": "65301",
    "city": "Sedalia",
    "state": "MO",
    "visn": "15",
    "health_care_system": "VA Columbia Missouri health care",
    "operating_status": "NORMAL",
    "operating_status_info": null,
    "county_fips": null,
    "county_source": null,
    "market": null
   }
  },
  {
   "type": "Feature",
   "id": "vha_589JB",
   "geometry": {
    "type": "Point",
    "coordinates": [
     -94.26853939,
     39.33212667
    ]
   },
   "properties": {
    "id": "vha_589JB",
    "name": "Excelsior Springs VA Clinic",
    "facility_type": "va_health_facility",
    "classification": "Primary Care CBOC",
    "zip5": "64024",
    "city": "Excelsior Springs",
    "state": "MO",
    "visn": "15",
    "health_care_system": "VA Kansas City health care",
    "operating_status": "NORMAL",
    "operating_status_info": null,
    "county_fips": null,
    "county_source": null,
    "market": null
   }
  },
  {
   "type": "Feature",
   "id": "vha_589JC",
   "geometry": {
    "type": "Point",
    "coordinates": [
     -94.8478263,
     39.00595582
    ]
   },
   "properties": {
    "id": "vha_589JC",
    "name": "Shawnee VA Clinic",
    "facility_type": "va_health_facility",
    "classification": "Other Outpatient Services (OOS)",
    "zip5": "66226",
    "city": "Shawnee",
    "state": "KS",
    "visn": "15",
    "health_care_system": "VA Kansas City health care",
    "operating_status": "NORMAL",
    "operating_status_info": null,
    "county_fips": null,
    "county_source": null,
    "market": null
   }
  },
  {
   "type": "Feature",
   "id": "vha_589JD",
   "geometry": {
    "type": "Point",
    "coordinates": [
     -92.92703348,
     37.34455999
    ]
   },
   "properties": {
    "id": "vha_589JD",
    "name": "Marshfield VA Clinic",
    "facility_type": "va_health_facility",
    "classification": "Multi-Specialty CBOC",
    "zip5": "65706",
    "city": "Marshfield",
    "state": "MO",
    "visn": "15",
    "health_care_system": "VA Columbia Missouri health care",
    "operating_status": "NORMAL",
    "operating_status_info": null,
    "county_fips": null,
    "county_source": null,
    "market": null
   }
  },
  {
   "type": "Feature",
   "id": "vha_589JE",
   "geometry": {
    "type": "Point",
    "coordinates": [
     -94.76195446,
     39.34882756
    ]
   },
   "properties": {
    "id": "vha_589JE",
    "name": "Platte City VA Clinic",
    "facility_type": "va_health_facility",
    "classification": "Primary Care CBOC",
    "zip5": "64079",
    "city": "Platte City",
    "state": "MO",
    "visn": "15",
    "health_care_system": "VA Eastern Kansas health care",
    "operating_status": "NORMAL",
    "operating_status_info": null,
    "county_fips": null,
    "county_source": null,
    "market": null
   }
  },
  {
   "type": "Feature",
   "id": "vha_589JF",
   "geometry": {
    "type": "Point",
    "coordinates": [
     -94.4522376,
     39.0459078
    ]
   },
   "properties": {
    "id": "vha_589JF",
    "name": "Honor VA Clinic",
    "facility_type": "va_health_facility",
    "classification": "Multi-Specialty CBOC",
    "zip5": "64133",
    "city": "Kansas City",
    "state": "MO",
    "visn": "15",
    "health_care_system": "VA Kansas City health care",
    "operating_status": "NORMAL",
    "operating_status_info": null,
    "county_fips": null,
    "county_source": null,
    "market": null
   }
  },
  {
   "type": "Feature",
   "id": "vha_589JG",
   "geometry": {
    "type": "Point",
    "coordinates": [
     -94.76389569,
     38.9218135
    ]
   },
   "properties": {
    "id": "vha_589JG",
    "name": "Lenexa VA Clinic",
    "facility_type": "va_health_facility",
    "classification": "Multi-Specialty CBOC",
    "zip5": "66219",
    "city": "Lenexa",
    "state": "KS",
    "visn": "15",
    "health_care_system": "VA Kansas City health care",
    "operating_status": "NORMAL",
    "operating_status_info": null,
    "county_fips": null,
    "county_source": null,
    "market": null
   }
  },
  {
   "type": "Feature",
   "id": "vha_589JH",
   "geometry": {
    "type": "Point",
    "coordinates": [
     -96.863364,
     39.01741552
    ]
   },
   "properties": {
    "id": "vha_589JH",
    "name": "Junction City VA Clinic",
    "facility_type": "va_health_facility",
    "classification": "Primary Care CBOC",
    "zip5": "66441",
    "city": "Junction City",
    "state": "KS",
    "visn": "15",
    "health_care_system": "VA Eastern Kansas health care",
    "operating_status": "NORMAL",
    "operating_status_info": null,
    "county_fips": null,
    "county_source": null,
    "market": null
   }
  },
  {
   "type": "Feature",
   "id": "vha_589QA",
   "geometry": {
    "type": "Point",
    "coordinates": [
     -94.70226451,
     38.93817411
    ]
   },
   "properties": {
    "id": "vha_589QA",
    "name": "Overland Park VA Clinic",
    "facility_type": "va_health_facility",
    "classification": "Other Outpatient Services (OOS)",
    "zip5": "66207",
    "city": "Overland Park",
    "state": "KS",
    "visn": "15",
    "health_care_system": "VA Kansas City health care",
    "operating_status": "NORMAL",
    "operating_status_info": null,
    "county_fips": null,
    "county_source": null,
    "market": null
   }
  },
  {
   "type": "Feature",
   "id": "vha_589QB",
   "geometry": {
    "type": "Point",
    "coordinates": [
     -97.27861795,
     37.67014698
    ]
   },
   "properties": {
    "id": "vha_589QB",
    "name": "Sedgwick County VA Clinic",
    "facility_type": "va_health_facility",
    "classification": "Other Outpatient Services (OOS)",
    "zip5": "67218",
    "city": "Wichita",
    "state": "KS",
    "visn": "15",
    "health_care_system": "VA Wichita health care",
    "operating_status": "NORMAL",
    "operating_status_info": null,
    "county_fips": null,
    "county_source": null,
    "market": null
   }
  },
  {
   "type": "Feature",
   "id": "vha_589QD",
   "geometry": {
    "type": "Point",
    "coordinates": [
     -97.2740115,
     37.681686
    ]
   },
   "properties": {
    "id": "vha_589QD",
    "name": "Wichita VA Mobile Medical Unit",
    "facility_type": "va_health_facility",
    "classification": "Other Outpatient Services (OOS)",
    "zip5": "67218",
    "city": "Wichita",
    "state": "KS",
    "visn": "15",
    "health_care_system": "VA Wichita health care",
    "operating_status": "NORMAL",
    "operating_status_info": null,
    "county_fips": null,
    "county_source": null,
    "market": null
   }
  },
  {
   "type": "Feature",
   "id": "vha_589QE",
   "geometry": {
    "type": "Point",
    "coordinates": [
     -97.2741375,
     37.67979748
    ]
   },
   "properties": {
    "id": "vha_589QE",
    "name": "Wichita 1 VA Mobile Medical Unit",
    "facility_type": "va_health_facility",
    "classification": "Other Outpatient Services (OOS)",
    "zip5": "67218",
    "city": "Wichita",
    "state": "KS",
    "visn": "15",
    "health_care_system": "VA Wichita health care",
    "operating_status": "NORMAL",
    "operating_status_info": null,
    "county_fips": null,
    "county_source": null,
    "market": null
   }
  },
  {
   "type": "Feature",
   "id": "vha_589QF",
   "geometry": {
    "type": "Point",
    "coordinates": [
     -97.2741375,
     37.67979748
    ]
   },
   "properties": {
    "id": "vha_589QF",
    "name": "Wichita 2 VA Mobile Medical Unit",
    "facility_type": "va_health_facility",
    "classification": "Other Outpatient Services (OOS)",
    "zip5": "67218",
    "city": "Wichita",
    "state": "KS",
    "visn": "15",
    "health_care_system": "VA Wichita health care",
    "operating_status": "NORMAL",
    "operating_status_info": null,
    "county_fips": null,
    "county_source": null,
    "market": null
   }
  },
  {
   "type": "Feature",
   "id": "vha_589QG",
   "geometry": {
    "type": "Point",
    "coordinates": [
     -97.2741375,
     37.67979748
    ]
   },
   "properties": {
    "id": "vha_589QG",
    "name": "Wichita 3 VA Mobile Medical Unit",
    "facility_type": "va_health_facility",
    "classification": "Other Outpatient Services (OOS)",
    "zip5": "67218",
    "city": "Wichita",
    "state": "KS",
    "visn": "15",
    "health_care_system": "VA Wichita health care",
    "operating_status": "NORMAL",
    "operating_status_info": null,
    "county_fips": null,
    "county_source": null,
    "market": null
   }
  },
  {
   "type": "Feature",
   "id": "vha_589QH",
   "geometry": {
    "type": "Point",
    "coordinates": [
     -92.33143831,
     38.9131542
    ]
   },
   "properties": {
    "id": "vha_589QH",
    "name": "Buttonwood Drive VA Clinic",
    "facility_type": "va_health_facility",
    "classification": "Primary Care CBOC",
    "zip5": "65201",
    "city": "Columbia",
    "state": "MO",
    "visn": "15",
    "health_care_system": "VA Columbia Missouri health care",
    "operating_status": "NORMAL",
    "operating_status_info": null,
    "county_fips": null,
    "county_source": null,
    "market": null
   }
  },
  {
   "type": "Feature",
   "id": "vha_589QI",
   "geometry": {
    "type": "Point",
    "coordinates": [
     -94.76533672,
     38.92225998
    ]
   },
   "properties": {
    "id": "vha_589QI",
    "name": "Kansas City VA Mobile Medical Unit",
    "facility_type": "va_health_facility",
    "classification": "Other Outpatient Services (OOS)",
    "zip5": "66219",
    "city": "Lenexa",
    "state": "KS",
    "visn": "15",
    "health_care_system": null,
    "operating_status": "NORMAL",
    "operating_status_info": null,
    "county_fips": null,
    "county_source": null,
    "market": null
   }
  },
  {
   "type": "Feature",
   "id": "vha_590",
   "geometry": {
    "type": "Point",
    "coordinates": [
     -76.3330005,
     37.014858
    ]
   },
   "properties": {
    "id": "vha_590",
    "name": "Hampton VA Medical Center",
    "facility_type": "va_health_facility",
    "classification": "VA Medical Center (VAMC)",
    "zip5": "23667",
    "city": "Hampton",
    "state": "VA",
    "visn": "6",
    "health_care_system": "VA Hampton health care",
    "operating_status": "NORMAL",
    "operating_status_info": null,
    "county_fips": null,
    "county_source": null,
    "market": null
   }
  },
  {
   "type": "Feature",
   "id": "vha_590GB",
   "geometry": {
    "type": "Point",
    "coordinates": [
     -76.16518296,
     36.84603339
    ]
   },
   "properties": {
    "id": "vha_590GB",
    "name": "Virginia Beach VA Clinic",
    "facility_type": "va_health_facility",
    "classification": "Primary Care CBOC",
    "zip5": "23462",
    "city": "Virginia Beach",
    "state": "VA",
    "visn": "6",
    "health_care_system": "VA Hampton health care",
    "operating_status": "NORMAL",
    "operating_status_info": null,
    "county_fips": null,
    "county_source": null,
    "market": null
   }
  },
  {
   "type": "Feature",
   "id": "vha_590GC",
   "geometry": {
    "type": "Point",
    "coordinates": [
     -76.2612105,
     36.29857548
    ]
   },
   "properties": {
    "id": "vha_590GC",
    "name": "Albemarle VA Clinic",
    "facility_type": "va_health_facility",
    "classification": "Primary Care CBOC",
    "zip5": "27909",
    "city": "Elizabeth City",
    "state": "NC",
    "visn": "6",
    "health_care_system": "VA Hampton health care",
    "operating_status": "NORMAL",
    "operating_status_info": null,
    "county_fips": null,
    "county_source": null,
    "market": null
   }
  },
  {
   "type": "Feature",
   "id": "vha_590GD",
   "geometry": {
    "type": "Point",
    "coordinates": [
     -76.2558705,
     36.787266
    ]
   },
   "properties": {
    "id": "vha_590GD",
    "name": "Chesapeake VA Clinic",
    "facility_type": "va_health_facility",
    "classification": "Multi-Specialty CBOC",
    "zip5": "23320",
    "city": "Chesapeake",
    "state": "VA",
    "visn": "6",
    "health_care_system": "VA Hampton health care",
    "operating_status": "NORMAL",
    "operating_status_info": null,
    "county_fips": null,
    "county_source": null,
    "market": null
   }
  },
  {
   "type": "Feature",
   "id": "vha_590GE",
   "geometry": {
    "type": "Point",
    "coordinates": [
     -76.29822,
     36.834111
    ]
   },
   "properties": {
    "id": "vha_590GE",
    "name": "Portsmouth VA Clinic",
    "facility_type": "va_health_facility",
    "classification": "Primary Care CBOC",
    "zip5": "23704",
    "city": "Portsmouth",
    "state": "VA",
    "visn": "6",
    "health_care_system": "VA Hampton health care",
    "operating_status": "NORMAL",
    "operating_status_info": null,
    "county_fips": null,
    "county_source": null,
    "market": null
   }
  },
  {
   "type": "Feature",
   "id": "vha_590GF",
   "geometry": {
    "type": "Point",
    "coordinates": [
     -76.24848054,
     36.7490192
    ]
   },
   "properties": {
    "id": "vha_590GF",
    "name": "North Battlefield VA Clinic",
    "facility_type": "va_health_facility",
    "classification": "Multi-Specialty CBOC",
    "zip5": "23320",
    "city": "Chesapeake",
    "state": "VA",
    "visn": "6",
    "health_care_system": "VA Hampton health care",
    "operating_status": "NORMAL",
    "operating_status_info": null,
    "county_fips": null,
    "county_source": null,
    "market": null
   }
  },
  {
   "type": "Feature",
   "id": "vha_590GG",
   "geometry": {
    "type": "Point",
    "coordinates": [
     -76.41904456,
     36.82670976
    ]
   },
   "properties": {
    "id": "vha_590GG",
    "name": "Western Branch VA Clinic",
    "facility_type": "va_health_facility",
    "classification": "Multi-Specialty CBOC",
    "zip5": "23321",
    "city": "Chesapeake",
    "state": "VA",
    "visn": "6",
    "health_care_system": null,
    "operating_status": "NORMAL",
    "operating_status_info": null,
    "county_fips": null,
    "county_source": null,
    "market": null
   }
  },
  {
   "type": "Feature",
   "id": "vha_590QC",
   "geometry": {
    "type": "Point",
    "coordinates": [
     -76.33320246,
     37.01531166
    ]
   },
   "properties": {
    "id": "vha_590QC",
    "name": "Hampton 1 VA Mobile Medical Unit",
    "facility_type": "va_health_facility",
    "classification": "Other Outpatient Services (OOS)",
    "zip5": "23667",
    "city": "Hampton",
    "state": "VA",
    "visn": "6",
    "health_care_system": "VA Hampton health care",
    "operating_status": "NORMAL",
    "operating_status_info": null,
    "county_fips": null,
    "county_source": null,
    "market": null
   }
  },
  {
   "type": "Feature",
   "id": "vha_590QD",
   "geometry": {
    "type": "Point",
    "coordinates": [
     -76.36035794,
     37.07044186
    ]
   },
   "properties": {
    "id": "vha_590QD",
    "name": "Langley VA Clinic",
    "facility_type": "va_health_facility",
    "classification": "Primary Care CBOC",
    "zip5": "23665",
    "city": "Hampton",
    "state": "VA",
    "visn": "6",
    "health_care_system": "VA Hampton health care",
    "operating_status": "NORMAL",
    "operating_status_info": null,
    "county_fips": null,
    "county_source": null,
    "market": null
   }
  },
  {
   "type": "Feature",
   "id": "vha_593",
   "geometry": {
    "type": "Point",
    "coordinates": [
     -115.094142,
     36.285084
    ]
   },
   "properties": {
    "id": "vha_593",
    "name": "North Las Vegas VA Medical Center",
    "facility_type": "va_health_facility",
    "classification": "VA Medical Center (VAMC)",
    "zip5": "89086",
    "city": "North Las Vegas",
    "state": "NV",
    "visn": "21",
    "health_care_system": "VA Southern Nevada health care",
    "operating_status": "NOTICE",
    "operating_status_info": "Scheduled Appointments Only. Virtual Care Available. Lab 7:30 a.m. to 4 p.m., Imaging 7 a.m. to 6 p.m. Walk-In Business Services Available. Fisher House Open.",
    "county_fips": null,
    "county_source": null,
    "market": null
   }
  },
  {
   "type": "Feature",
   "id": "vha_593GC",
   "geometry": {
    "type": "Point",
    "coordinates": [
     -116.02340188,
     36.21569016
    ]
   },
   "properties": {
    "id": "vha_593GC",
    "name": "Pahrump VA Clinic",
    "facility_type": "va_health_facility",
    "classification": "Primary Care CBOC",
    "zip5": "89048",
    "city": "Pahrump",
    "state": "NV",
    "visn": "21",
    "health_care_system": "VA Southern Nevada health care",
    "operating_status": "LIMITED",
    "operating_status_info": "Hours: 7:30 a.m. to 4:00 p.m. Mon-Fri. Scheduled In-Person Appointments Only. Virtual Care Services Available.",
    "county_fips": null,
    "county_source": null,
    "market": null
   }
  },
  {
   "type": "Feature",
   "id": "vha_593GD",
   "geometry": {
    "type": "Point",
    "coordinates": [
     -115.22406599,
     36.23047662
    ]
   },
   "properties": {
    "id": "vha_593GD",
    "name": "Northwest Las Vegas VA Clinic",
    "facility_type": "va_health_facility",
    "classification": "Multi-Specialty CBOC",
    "zip5": "89130",
    "city": "Las Vegas",
    "state": "NV",
    "visn": "21",
    "health_care_system": "VA Southern Nevada health care",
    "operating_status": "NOTICE",
    "operating_status_info": "Hours: 7:30 a.m. to 4 p.m. Monday -Friday. Scheduled In-Person Appointments Only. Virtual Care Available.",
    "county_fips": null,
    "county_source": null,
    "market": null
   }
  },
  {
   "type": "Feature",
   "id": "vha_593GE",
   "geometry": {
    "type": "Point",
    "coordinates": [
     -114.957234,
     36.019296
    ]
   },
   "properties": {
    "id": "vha_593GE",
    "name": "Southeast Las Vegas VA Clinic",
    "facility_type": "va_health_facility",
    "classification": "Multi-Specialty CBOC",
    "zip5": "89015",
    "city": "Henderson",
    "state": "NV",
    "visn": "21",
    "health_care_system": "VA Southern Nevada health care",
    "operating_status": "NOTICE",
    "operating_status_info": "Hours: 7:30 a.m. to 4 p.m. Monday - Friday. Scheduled In-Person Appointments Only. Virtual Care Available.",
    "county_fips": null,
    "county_source": null,
    "market": null
   }
  },
  {
   "type": "Feature",
   "id": "vha_593GF",
   "geometry": {
    "type": "Point",
    "coordinates": [
     -115.26107313,
     36.05659907
    ]
   },
   "properties": {
    "id": "vha_593GF",
    "name": "Southwest Las Vegas VA Clinic",
    "facility_type": "va_health_facility",
    "classification": "Multi-Specialty CBOC",
    "zip5": "89113",
    "city": "Las Vegas",
    "state": "NV",
    "visn": "21",
    "health_care_system": "VA Southern Nevada health care",
    "operating_status": "NOTICE",
    "operating_status_info": "Hours: 7:30 a.m. to 4 p.m. Monday - Friday. Scheduled In-Person Appointments Only. Virtual Care Available.",
    "county_fips": null,
    "county_source": null,
    "market": null
   }
  },
  {
   "type": "Feature",
   "id": "vha_593GG",
   "geometry": {
    "type": "Point",
    "coordinates": [
     -115.0765155,
     36.157815
    ]
   },
   "properties": {
    "id": "vha_593GG",
    "name": "Northeast Las Vegas VA Clinic",
    "facility_type": "va_health_facility",
    "classification": "Primary Care CBOC",
    "zip5": "89104",
    "city": "Las Vegas",
    "state": "NV",
    "visn": "21",
    "health_care_system": "VA Southern Nevada health care",
    "operating_status": "NOTICE",
    "operating_status_info": "Hours: 7:30 a.m. to 4 p.m. Monday - Friday. Scheduled In-Person Appointments Only. Virtual Care Available.",
    "county_fips": null,
    "county_source": null,
    "market": null
   }
  },
  {
   "type": "Feature",
   "id": "vha_593GH",
   "geometry": {
    "type": "Point",
    "coordinates": [
     -114.626979,
     35.131626
    ]
   },
   "properties": {
    "id": "vha_593GH",
    "name": "Master Chief Petty Officer Jesse Dean VA Clinic",
    "facility_type": "va_health_facility",
    "classification": "Primary Care CBOC",
    "zip5": "89029",
    "city": "Laughlin",
    "state": "NV",
    "visn": "21",
    "health_care_system": "VA Southern Nevada health care",
    "operating_status": "NOTICE",
    "operating_status_info": "Hours: 7:30 a.m. to 4 p.m. Mon-Fri. Scheduled In-Person Appointments Only. Virtual Care Services Available. Lab and Imaging appointments scheduled by clinic.",
    "county_fips": null,
    "county_source": null,
    "market": null
   }
  },
  {
   "type": "Feature",
   "id": "vha_593QC",
   "geometry": {
    "type": "Point",
    "coordinates": [
     -115.18670413,
     36.2174538
    ]
   },
   "properties": {
    "id": "vha_593QC",
    "name": "West Cheyenne VA Clinic",
    "facility_type": "va_health_facility",
    "classification": "Other Outpatient Services (OOS)",
    "zip5": "89032",
    "city": "North Las Vegas",
    "state": "NV",
    "visn": "21",
    "health_care_system": "VA Southern Nevada health care",
    "operating_status": "NORMAL",
    "operating_status_info": null,
    "county_fips": null,
    "county_source": null,
    "market": null
   }
  },
  {
   "type": "Feature",
   "id": "vha_593QD",
   "geometry": {
    "type": "Point",
    "coordinates": [
     -115.094016,
     36.285759
    ]
   },
   "properties": {
    "id": "vha_593QD",
    "name": "Southern Nevada VA Mobile Medical Unit",
    "facility_type": "va_health_facility",
    "classification": "Other Outpatient Services (OOS)",
    "zip5": "89086",
    "city": "North Las Vegas",
    "state": "NV",
    "visn": "21",
    "health_care_system": "VA Southern Nevada health care",
    "operating_status": "NORMAL",
    "operating_status_info": null,
    "county_fips": null,
    "county_source": null,
    "market": null
   }
  },
  {
   "type": "Feature",
   "id": "vha_595",
   "geometry": {
    "type": "Point",
    "coordinates": [
     -76.40870992,
     40.31520108
    ]
   },
   "properties": {
    "id": "vha_595",
    "name": "Lebanon VA Medical Center",
    "facility_type": "va_health_facility",
    "classification": "VA Medical Center (VAMC)",
    "zip5": "17042",
    "city": "Lebanon",
    "state": "PA",
    "visn": "4",
    "health_care_system": "VA Lebanon health care",
    "operating_status": "NOTICE",
    "operating_status_info": "The Building 17 entrance will close on April 7, 2025. The entrance will remain closed during construction of a new and more accessible entrance. During this time, please use the temporary entrance on the left side of Building 17 or the entrance to Building 17 South on the right side of the building.",
    "county_fips": null,
    "county_source": null,
    "market": null
   }
  },
  {
   "type": "Feature",
   "id": "vha_595GA",
   "geometry": {
    "type": "Point",
    "coordinates": [
     -76.96843365,
     40.20036988
    ]
   },
   "properties": {
    "id": "vha_595GA",
    "name": "Cumberland County VA Clinic",
    "facility_type": "va_health_facility",
    "classification": "Multi-Specialty CBOC",
    "zip5": "17055",
    "city": "Mechanicsburg",
    "state": "PA",
    "visn": "4",
    "health_care_system": "VA Lebanon health care",
    "operating_status": "NORMAL",
    "operating_status_info": null,
    "county_fips": null,
    "county_source": null,
    "market": null
   }
  },
  {
   "type": "Feature",
   "id": "vha_595GC",
   "geometry": {
    "type": "Point",
    "coordinates": [
     -76.2748335,
     39.987234
    ]
   },
   "properties": {
    "id": "vha_595GC",
    "name": "Lancaster County VA Clinic",
    "facility_type": "va_health_facility",
    "classification": "Multi-Specialty CBOC",
    "zip5": "17584",
    "city": "Willow Street",
    "state": "PA",
    "visn": "4",
    "health_care_system": "VA Lebanon health care",
    "operating_status": "NORMAL",
    "operating_status_info": null,
    "county_fips": null,
    "county_source": null,
    "market": null
   }
  },
  {
   "type": "Feature",
   "id": "vha_595GD",
   "geometry": {
    "type": "Point",
    "coordinates": [
     -75.98825523,
     40.35777043
    ]
   },
   "properties": {
    "id": "vha_595GD",
    "name": "Berks County VA Clinic",
    "facility_type": "va_health_facility",
    "classification": "Primary Care CBOC",
    "zip5": "19610",
    "city": "Wyomissing",
    "state": "PA",
    "visn": "4",
    "health_care_system": "VA Lebanon health care",
    "operating_status": "NORMAL",
    "operating_status_info": null,
    "county_fips": null,
    "county_source": null,
    "market": null
   }
  },
  {
   "type": "Feature",
   "id": "vha_595GE",
   "geometry": {
    "type": "Point",
    "coordinates": [
     -76.6829655,
     39.972591
    ]
   },
   "properties": {
    "id": "vha_595GE",
    "name": "York VA Clinic",
    "facility_type": "va_health_facility",
    "classification": "Multi-Specialty CBOC",
    "zip5": "17402",
    "city": "York",
    "state": "PA",
    "visn": "4",
    "health_care_system": "VA Lebanon health care",
    "operating_status": "NORMAL",
    "operating_status_info": null,
    "county_fips": null,
    "county_source": null,
    "market": null
   }
  },
  {
   "type": "Feature",
   "id": "vha_595GF",
   "geometry": {
    "type": "Point",
    "coordinates": [
     -76.21060195,
     40.68358441
    ]
   },
   "properties": {
    "id": "vha_595GF",
    "name": "Schuylkill County VA Clinic",
    "facility_type": "va_health_facility",
    "classification": "Primary Care CBOC",
    "zip5": "17901",
    "city": "Pottsville",
    "state": "PA",
    "visn": "4",
    "health_care_system": "VA Lebanon health care",
    "operating_status": "NORMAL",
    "operating_status_info": null,
    "county_fips": null,
    "county_source": null,
    "market": null
   }
  },
  {
   "type": "Feature",
   "id": "vha_596",
   "geometry": {
    "type": "Point",
    "coordinates": [
     -84.5414505,
     38.071692
    ]
   },
   "properties": {
    "id": "vha_596",
    "name": "Franklin R. Sousley Campus",
    "facility_type": "va_health_facility",
    "classification": "VA Medical Center (VAMC)",
    "zip5": "40511",
    "city": "Lexington",
    "state": "KY",
    "visn": "9",
    "health_care_system": "VA Lexington health care",
    "operating_status": "NORMAL",
    "operating_status_info": null,
    "county_fips": null,
    "county_source": null,
    "market": null
   }
  },
  {
   "type": "Feature",
   "id": "vha_596A4",
   "geometry": {
    "type": "Point",
    "coordinates": [
     -84.506679,
     38.029293
    ]
   },
   "properties": {
    "id": "vha_596A4",
    "name": "Troy Bowling Campus",
    "facility_type": "va_health_facility",
    "classification": "VA Medical Center (VAMC)",
    "zip5": "40502",
    "city": "Lexington",
    "state": "KY",
    "visn": "9",
    "health_care_system": "VA Lexington health care",
    "operating_status": "NORMAL",
    "operating_status_info": null,
    "county_fips": null,
    "county_source": null,
    "market": null
   }
  },
  {
   "type": "Feature",
   "id": "vha_596GA",
   "geometry": {
    "type": "Point",
    "coordinates": [
     -84.62951976,
     37.08318756
    ]
   },
   "properties": {
    "id": "vha_596GA",
    "name": "Somerset VA Clinic",
    "facility_type": "va_health_facility",
    "classification": "Multi-Specialty CBOC",
    "zip5": "42503",
    "city": "Somerset",
    "state": "KY",
    "visn": "9",
    "health_care_system": "VA Lexington health care",
    "operating_status": "NORMAL",
    "operating_status_info": null,
    "county_fips": null,
    "county_source": null,
    "market": null
   }
  },
  {
   "type": "Feature",
   "id": "vha_596GB",
   "geometry": {
    "type": "Point",
    "coordinates": [
     -83.48046831,
     38.18652821
    ]
   },
   "properties": {
    "id": "vha_596GB",
    "name": "Morehead VA Clinic",
    "facility_type": "va_health_facility",
    "classification": "Multi-Specialty CBOC",
    "zip5": "40351",
    "city": "Morehead",
    "state": "KY",
    "visn": "9",
    "health_care_system": "VA Lexington health care",
    "operating_status": "NOTICE",
    "operating_status_info": "Phone lines are down, please call 859-233-4511, ext. 7202 for Morehead Reception, ext. 4949 for the Appointment Line and use secure messaging in MyHealtheVet. Call 911 for emergencies.",
    "county_fips": null,
    "county_source": null,
    "market": null
   }
  },
  {
   "type": "Feature",
   "id": "vha_596GC",
   "geometry": {
    "type": "Point",
    "coordinates": [
     -83.20177583,
     37.29744146
    ]
   },
   "properties": {
    "id": "vha_596GC",
    "name": "Hazard VA Clinic",
    "facility_type": "va_health_facility",
    "classification": "Primary Care CBOC",
    "zip5": "41701",
    "city": "Hazard",
    "state": "KY",
    "visn": "9",
    "health_care_system": "VA Lexington health care",
    "operating_status": "NORMAL",
    "operating_status_info": null,
    "county_fips": null,
    "county_source": null,
    "market": null
   }
  },
  {
   "type": "Feature",
   "id": "vha_596GD",
   "geometry": {
    "type": "Point",
    "coordinates": [
     -84.32304421,
     37.597437
    ]
   },
   "properties": {
    "id": "vha_596GD",
    "name": "Berea VA Clinic",
    "facility_type": "va_health_facility",
    "classification": "Multi-Specialty CBOC",
    "zip5": "40403",
    "city": "Berea",
    "state": "KY",
    "visn": "9",
    "health_care_system": "VA Lexington health care",
    "operating_status": "NORMAL",
    "operating_status_info": null,
    "county_fips": null,
    "county_source": null,
    "market": null
   }
  },
  {
   "type": "Feature",
   "id": "vha_596QB",
   "geometry": {
    "type": "Point",
    "coordinates": [
     -84.542778,
     38.074518
    ]
   },
   "properties": {
    "id": "vha_596QB",
    "name": "Lexington VA Mobile Medical Unit",
    "facility_type": "va_health_facility",
    "classification": "Other Outpatient Services (OOS)",
    "zip5": "40511",
    "city": "Lexington",
    "state": "KY",
    "visn": "9",
    "health_care_system": "VA Lexington health care",
    "operating_status": "NORMAL",
    "operating_status_info": null,
    "county_fips": null,
    "county_source": null,
    "market": null
   }
  },
  {
   "type": "Feature",
   "id": "vha_598",
   "geometry": {
    "type": "Point",
    "coordinates": [
     -92.3204925,
     34.746363
    ]
   },
   "properties": {
    "id": "vha_598",
    "name": "John L. McClellan Memorial Veterans' Hospital",
    "facility_type": "va_health_facility",
    "classification": "VA Medical Center (VAMC)",
    "zip5": "72205",
    "city": "Little Rock",
    "state": "AR",
    "visn": "16",
    "health_care_system": "VA Central Arkansas health care",
    "operating_status": "NORMAL",
    "operating_status_info": null,
    "county_fips": null,
    "county_source": null,
    "market": null
   }
  },
  {
   "type": "Feature",
   "id": "vha_598A0",
   "geometry": {
    "type": "Point",
    "coordinates": [
     -92.2962195,
     34.776045
    ]
   },
   "properties": {
    "id": "vha_598A0",
    "name": "Eugene J. Towbin Healthcare Center",
    "facility_type": "va_health_facility",
    "classification": "VA Medical Center (VAMC)",
    "zip5": "72114",
    "city": "North Little Rock",
    "state": "AR",
    "visn": "16",
    "health_care_system": "VA Central Arkansas health care",
    "operating_status": "NORMAL",
    "operating_status_info": null,
    "county_fips": null,
    "county_source": null,
    "market": null
   }
  },
  {
   "type": "Feature",
   "id": "vha_598GA",
   "geometry": {
    "type": "Point",
    "coordinates": [
     -92.376378,
     36.349092
    ]
   },
   "properties": {
    "id": "vha_598GA",
    "name": "Mountain Home VA Clinic",
    "facility_type": "va_health_facility",
    "classification": "Primary Care CBOC",
    "zip5": "72653",
    "city": "Mountain Home",
    "state": "AR",
    "visn": "16",
    "health_care_system": "VA Central Arkansas health care",
    "operating_status": "NORMAL",
    "operating_status_info": null,
    "county_fips": null,
    "county_source": null,
    "market": null
   }
  },
  {
   "type": "Feature",
   "id": "vha_598GB",
   "geometry": {
    "type": "Point",
    "coordinates": [
     -92.66574128,
     33.22901348
    ]
   },
   "properties": {
    "id": "vha_598GB",
    "name": "El Dorado VA Clinic",
    "facility_type": "va_health_facility",
    "classification": "Primary Care CBOC",
    "zip5": "71730",
    "city": "El Dorado",
    "state": "AR",
    "visn": "16",
    "health_care_system": "VA Central Arkansas health care",
    "operating_status": "NORMAL",
    "operating_status_info": null,
    "county_fips": null,
    "county_source": null,
    "market": null
   }
  },
  {
   "type": "Feature",
   "id": "vha_598GC",
   "geometry": {
    "type": "Point",
    "coordinates": [
     -93.03901311,
     34.48930421
    ]
   },
   "properties": {
    "id": "vha_598GC",
    "name": "Hot Springs VA Clinic",
    "facility_type": "va_health_facility",
    "classification": "Multi-Specialty CBOC",
    "zip5": "71901",
    "city": "Hot Springs",
    "state": "AR",
    "visn": "16",
    "health_care_system": "VA Central Arkansas health care",
    "operating_status": "NORMAL",
    "operating_status_info": null,
    "county_fips": null,
    "county_source": null,
    "market": null
   }
  },
  {
   "type": "Feature",
   "id": "vha_598GD",
   "geometry": {
    "type": "Point",
    "coordinates": [
     -94.2226511,
     34.57857934
    ]
   },
   "properties": {
    "id": "vha_598GD",
    "name": "Mena VA Clinic",
    "facility_type": "va_health_facility",
    "classification": "Primary Care CBOC",
    "zip5": "71953",
    "city": "Mena",
    "state": "AR",
    "visn": "16",
    "health_care_system": "VA Central Arkansas health care",
    "operating_status": "NORMAL",
    "operating_status_info": null,
    "county_fips": null,
    "county_source": null,
    "market": null
   }
  },
  {
   "type": "Feature",
   "id": "vha_598GE",
   "geometry": {
    "type": "Point",
    "coordinates": [
     -91.97188922,
     34.21297924
    ]
   },
   "properties": {
    "id": "vha_598GE",
    "name": "Pine Bluff VA Clinic",
    "facility_type": "va_health_facility",
    "classification": "Primary Care CBOC",
    "zip5": "71601",
    "city": "Pine Bluff",
    "state": "AR",
    "visn": "16",
    "health_care_system": "VA Central Arkansas health care",
    "operating_status": "NORMAL",
    "operating_status_info": null,
    "county_fips": null,
    "county_source": null,
    "market": null
   }
  },
  {
   "type": "Feature",
   "id": "vha_598GF",
   "geometry": {
    "type": "Point",
    "coordinates": [
     -91.7345563,
     35.23781996
    ]
   },
   "properties": {
    "id": "vha_598GF",
    "name": "Searcy VA Clinic",
    "facility_type": "va_health_facility",
    "classification": "Primary Care CBOC",
    "zip5": "72143",
    "city": "Searcy",
    "state": "AR",
    "visn": "16",
    "health_care_system": "VA Central Arkansas health care",
    "operating_status": "NORMAL",
    "operating_status_info": null,
    "county_fips": null,
    "county_source": null,
    "market": null
   }
  },
  {
   "type": "Feature",
   "id": "vha_598GG",
   "geometry": {
    "type": "Point",
    "coordinates": [
     -92.405574,
     35.068248
    ]
   },
   "properties": {
    "id": "vha_598GG",
    "name": "Conway VA Clinic",
    "facility_type": "va_health_facility",
    "classification": "Multi-Specialty CBOC",
    "zip5": "72032",
    "city": "Conway",
    "state": "AR",
    "visn": "16",
    "health_care_system": "VA Central Arkansas health care",
    "operating_status": "NORMAL",
    "operating_status_info": null,
    "county_fips": null,
    "county_source": null,
    "market": null
   }
  },
  {
   "type": "Feature",
   "id": "vha_598GH",
   "geometry": {
    "type": "Point",
    "coordinates": [
     -93.16591034,
     35.28477752
    ]
   },
   "properties": {
    "id": "vha_598GH",
    "name": "Russellville VA Clinic",
    "facility_type": "va_health_facility",
    "classification": "Primary Care CBOC",
    "zip5": "72801",
    "city": "Russellville",
    "state": "AR",
    "visn": "16",
    "health_care_system": "VA Central Arkansas health care",
    "operating_status": "NORMAL",
    "operating_status_info": null,
    "county_fips": null,
    "county_source": null,
    "market": null
   }
  },
  {
   "type": "Feature",
   "id": "vha_598QA",
   "geometry": {
    "type": "Point",
    "coordinates": [
     -92.2725675,
     34.739028
    ]
   },
   "properties": {
    "id": "vha_598QA",
    "name": "Little Rock VA Clinic",
    "facility_type": "va_health_facility",
    "classification": "Other Outpatient Services (OOS)",
    "zip5": "72201",
    "city": "Little Rock",
    "state": "AR",
    "visn": "16",
    "health_care_system": "VA Central Arkansas health care",
    "operating_status": "NORMAL",
    "operating_status_info": null,
    "county_fips": null,
    "county_source": null,
    "market": null
   }
  },
  {
   "type": "Feature",
   "id": "vha_598QB",
   "geometry": {
    "type": "Point",
    "coordinates": [
     -92.3204925,
     34.746363
    ]
   },
   "properties": {
    "id": "vha_598QB",
    "name": "Little Rock VA Mobile Medical Unit",
    "facility_type": "va_health_facility",
    "classification": "Other Outpatient Services (OOS)",
    "zip5": "72205",
    "city": "Little Rock",
    "state": "AR",
    "visn": "16",
    "health_care_system": "VA Central Arkansas health care",
    "operating_status": "NORMAL",
    "operating_status_info": null,
    "county_fips": null,
    "county_source": null,
    "market": null
   }
  },
  {
   "type": "Feature",
   "id": "vha_600",
   "geometry": {
    "type": "Point",
    "coordinates": [
     -118.11995371,
     33.77536793
    ]
   },
   "properties": {
    "id": "vha_600",
    "name": "Tibor Rubin VA Medical Center",
    "facility_type": "va_health_facility",
    "classification": "VA Medical Center (VAMC)",
    "zip5": "90822",
    "city": "Long Beach",
    "state": "CA",
    "visn": "22",
    "health_care_system": "VA Long Beach health care",
    "operating_status": "NORMAL",
    "operating_status_info": null,
    "county_fips": null,
    "county_source": null,
    "market": null
   }
  },
  {
   "type": "Feature",
   "id": "vha_600GA",
   "geometry": {
    "type": "Point",
    "coordinates": [
     -117.88237063,
     33.86228513
    ]
   },
   "properties": {
    "id": "vha_600GA",
    "name": "Placentia VA Clinic",
    "facility_type": "va_health_facility",
    "classification": "Multi-Specialty CBOC",
    "zip5": "92870",
    "city": "Placentia",
    "state": "CA",
    "visn": "22",
    "health_care_system": "VA Long Beach health care",
    "operating_status": "NORMAL",
    "operating_status_info": null,
    "county_fips": null,
    "county_source": null,
    "market": null
   }
  },
  {
   "type": "Feature",
   "id": "vha_600GB",
   "geometry": {
    "type": "Point",
    "coordinates": [
     -117.84971128,
     33.71475358
    ]
   },
   "properties": {
    "id": "vha_600GB",
    "name": "Santa Ana VA Clinic",
    "facility_type": "va_health_facility",
    "classification": "Multi-Specialty CBOC",
    "zip5": "92705",
    "city": "Santa Ana",
    "state": "CA",
    "visn": "22",
    "health_care_system": "VA Long Beach health care",
    "operating_status": "NORMAL",
    "operating_status_info": null,
    "county_fips": null,
    "county_source": null,
    "market": null
   }
  },
  {
   "type": "Feature",
   "id": "vha_600GC",
   "geometry": {
    "type": "Point",
    "coordinates": [
     -118.22216091,
     33.79221374
    ]
   },
   "properties": {
    "id": "vha_600GC",
    "name": "Cabrillo VA Clinic",
    "facility_type": "va_health_facility",
    "classification": "Primary Care CBOC",
    "zip5": "90806",
    "city": "Long Beach",
    "state": "CA",
    "visn": "22",
    "health_care_system": "VA Long Beach health care",
    "operating_status": "NORMAL",
    "operating_status_info": null,
    "county_fips": null,
    "county_source": null,
    "market": null
   }
  },
  {
   "type": "Feature",
   "id": "vha_600GD",
   "geometry": {
    "type": "Point",
    "coordinates": [
     -118.08179253,
     33.942348
    ]
   },
   "properties": {
    "id": "vha_600GD",
    "name": "Santa Fe Springs VA Clinic",
    "facility_type": "va_health_facility",
    "classification": "Primary Care CBOC",
    "zip5": "90670",
    "city": "Santa Fe Springs",
    "state": "CA",
    "visn": "22",
    "health_care_system": "VA Long Beach health care",
    "operating_status": "NORMAL",
    "operating_status_info": null,
    "county_fips": null,
    "county_source": null,
    "market": null
   }
  },
  {
   "type": "Feature",
   "id": "vha_600GE",
   "geometry": {
    "type": "Point",
    "coordinates": [
     -117.73147997,
     33.61822202
    ]
   },
   "properties": {
    "id": "vha_600GE",
    "name": "Laguna Hills VA Clinic",
    "facility_type": "va_health_facility",
    "classification": "Primary Care CBOC",
    "zip5": "92653",
    "city": "Laguna Hills",
    "state": "CA",
    "visn": "22",
    "health_care_system": "VA Long Beach health care",
    "operating_status": "NORMAL",
    "operating_status_info": null,
    "county_fips": null,
    "county_source": null,
    "market": null
   }
  },
  {
   "type": "Feature",
   "id": "vha_600GF",
   "geometry": {
    "type": "Point",
    "coordinates": [
     -118.29651619,
     33.85834559
    ]
   },
   "properties": {
    "id": "vha_600GF",
    "name": "Gardena VA Clinic",
    "facility_type": "va_health_facility",
    "classification": "Primary Care CBOC",
    "zip5": "90248",
    "city": "Gardena",
    "state": "CA",
    "visn": "22",
    "health_care_system": "VA Long Beach health care",
    "operating_status": "NORMAL",
    "operating_status_info": null,
    "county_fips": null,
    "county_source": null,
    "market": null
   }
  },
  {
   "type": "Feature",
   "id": "vha_600QA",
   "geometry": {
    "type": "Point",
    "coordinates": [
     -117.8760285,
     33.747642
    ]
   },
   "properties": {
    "id": "vha_600QA",
    "name": "West Santa Ana VA Clinic",
    "facility_type": "va_health_facility",
    "classification": "Other Outpatient Services (OOS)",
    "zip5": "92701",
    "city": "Santa Ana",
    "state": "CA",
    "visn": "22",
    "health_care_system": "VA Long Beach health care",
    "operating_status": "NORMAL",
    "operating_status_info": null,
    "county_fips": null,
    "county_source": null,
    "market": null
   }
  },
  {
   "type": "Feature",
   "id": "vha_603",
   "geometry": {
    "type": "Point",
    "coordinates": [
     -85.6973205,
     38.270628
    ]
   },
   "properties": {
    "id": "vha_603",
    "name": "Robley Rex Department of Veterans Affairs Medical Center",
    "facility_type": "va_health_facility",
    "classification": "VA Medical Center (VAMC)",
    "zip5": "40206",
    "city": "Louisville",
    "state": "KY",
    "visn": "9",
    "health_care_system": "VA Louisville health care",
    "operating_status": "NORMAL",
    "operating_status_info": null,
    "county_fips": null,
    "county_source": null,
    "market": null
   }
  },
  {
   "type": "Feature",
   "id": "vha_603GA",
   "geometry": {
    "type": "Point",
    "coordinates": [
     -85.93615572,
     37.9020354
    ]
   },
   "properties": {
    "id": "vha_603GA",
    "name": "Fort Knox VA Clinic",
    "facility_type": "va_health_facility",
    "classification": "Multi-Specialty CBOC",
    "zip5": "40121",
    "city": "Fort Knox",
    "state": "KY",
    "visn": "9",
    "health_care_system": "VA Louisville health care",
    "operating_status": "NORMAL",
    "operating_status_info": null,
    "county_fips": null,
    "county_source": null,
    "market": null
   }
  },
  {
   "type": "Feature",
   "id": "vha_603GB",
   "geometry": {
    "type": "Point",
    "coordinates": [
     -85.80453666,
     38.36601718
    ]
   },
   "properties": {
    "id": "vha_603GB",
    "name": "New Albany VA Clinic",
    "facility_type": "va_health_facility",
    "classification": "Multi-Specialty CBOC",
    "zip5": "47150",
    "city": "New Albany",
    "state": "IN",
    "visn": "9",
    "health_care_system": "VA Louisville health care",
    "operating_status": "NORMAL",
    "operating_status_info": null,
    "county_fips": null,
    "county_source": null,
    "market": null
   }
  },
  {
   "type": "Feature",
   "id": "vha_603GC",
   "geometry": {
    "type": "Point",
    "coordinates": [
     -85.84035268,
     38.14193815
    ]
   },
   "properties": {
    "id": "vha_603GC",
    "name": "Greenwood VA Clinic",
    "facility_type": "va_health_facility",
    "classification": "Multi-Specialty CBOC",
    "zip5": "40258",
    "city": "Louisville",
    "state": "KY",
    "visn": "9",
    "health_care_system": "VA Louisville health care",
    "operating_status": "NORMAL",
    "operating_status_info": null,
    "county_fips": null,
    "county_source": null,
    "market": null
   }
  },
  {
   "type": "Feature",
   "id": "vha_603GD",
   "geometry": {
    "type": "Point",
    "coordinates": [
     -85.58692888,
     38.21159599
    ]
   },
   "properties": {
    "id": "vha_603GD",
    "name": "Stonybrook VA Clinic",
    "facility_type": "va_health_facility",
    "classification": "Multi-Specialty CBOC",
    "zip5": "40299",
    "city": "Louisville",
    "state": "KY",
    "visn": "9",
    "health_care_system": "VA Louisville health care",
    "operating_status": "NORMAL",
    "operating_status_info": null,
    "county_fips": null,
    "county_source": null,
    "market": null
   }
  },
  {
   "type": "Feature",
   "id": "vha_603GE",
   "geometry": {
    "type": "Point",
    "coordinates": [
     -85.67910065,
     38.19525149
    ]
   },
   "properties": {
    "id": "vha_603GE",
    "name": "Newburg VA Clinic",
    "facility_type": "va_health_facility",
    "classification": "Primary Care CBOC",
    "zip5": "40218",
    "city": "Louisville",
    "state": "KY",
    "visn": "9",
    "health_care_system": "VA Louisville health care",
    "operating_status": "NORMAL",
    "operating_status_info": null,
    "county_fips": null,
    "county_source": null,
    "market": null
   }
  },
  {
   "type": "Feature",
   "id": "vha_603GF",
   "geometry": {
    "type": "Point",
    "coordinates": [
     -86.23391119,
     37.49556537
    ]
   },
   "properties": {
    "id": "vha_603GF",
    "name": "Grayson County VA Clinic",
    "facility_type": "va_health_facility",
    "classification": "Primary Care CBOC",
    "zip5": "42726",
    "city": "Clarkson",
    "state": "KY",
    "visn": "9",
    "health_care_system": "VA Louisville health care",
    "operating_status": "NORMAL",
    "operating_status_info": null,
    "county_fips": null,
    "county_source": null,
    "market": null
   }
  },
  {
   "type": "Feature",
   "id": "vha_603GG",
   "geometry": {
    "type": "Point",
    "coordinates": [
     -85.7887862,
     38.7059305
    ]
   },
   "properties": {
    "id": "vha_603GG",
    "name": "Scott County VA Clinic",
    "facility_type": "va_health_facility",
    "classification": "Primary Care CBOC",
    "zip5": "47170",
    "city": "Scottsburg",
    "state": "IN",
    "visn": "9",
    "health_care_system": "VA Louisville health care",
    "operating_status": "NORMAL",
    "operating_status_info": null,
    "county_fips": null,
    "county_source": null,
    "market": null
   }
  },
  {
   "type": "Feature",
   "id": "vha_603GH",
   "geometry": {
    "type": "Point",
    "coordinates": [
     -85.14099213,
     38.6636339
    ]
   },
   "properties": {
    "id": "vha_603GH",
    "name": "Carrollton VA Clinic",
    "facility_type": "va_health_facility",
    "classification": "Primary Care CBOC",
    "zip5": "41008",
    "city": "Carrollton",
    "state": "KY",
    "visn": "9",
    "health_care_system": "VA Louisville health care",
    "operating_status": "NORMAL",
    "operating_status_info": null,
    "county_fips": null,
    "county_source": null,
    "market": null
   }
  },
  {
   "type": "Feature",
   "id": "vha_605",
   "geometry": {
    "type": "Point",
    "coordinates": [
     -117.2523432,
     34.0501827
    ]
   },
   "properties": {
    "id": "vha_605",
    "name": "Jerry L. Pettis Memorial Veterans' Hospital",
    "facility_type": "va_health_facility",
    "classification": "VA Medical Center (VAMC)",
    "zip5": "92357",
    "city": "Loma Linda",
    "state": "CA",
    "visn": "22",
    "health_care_system": "VA Loma Linda health care",
    "operating_status": "NORMAL",
    "operating_status_info": null,
    "county_fips": null,
    "county_source": null,
    "market": null
   }
  },
  {
   "type": "Feature",
   "id": "vha_605BZ",
   "geometry": {
    "type": "Point",
    "coordinates": [
     -117.235278,
     34.061049
    ]
   },
   "properties": {
    "id": "vha_605BZ",
    "name": "Loma Linda VA Clinic",
    "facility_type": "va_health_facility",
    "classification": "Multi-Specialty CBOC",
    "zip5": "92373",
    "city": "Redlands",
    "state": "CA",
    "visn": "22",
    "health_care_system": "VA Loma Linda health care",
    "operating_status": "NORMAL",
    "operating_status_info": null,
    "county_fips": null,
    "county_source": null,
    "market": null
   }
  },
  {
   "type": "Feature",
   "id": "vha_605GA",
   "geometry": {
    "type": "Point",
    "coordinates": [
     -117.3136475,
     34.51587637
    ]
   },
   "properties": {
    "id": "vha_605GA",
    "name": "Victorville VA Clinic",
    "facility_type": "va_health_facility",
    "classification": "Multi-Specialty CBOC",
    "zip5": "92395",
    "city": "Victorville",
    "state": "CA",
    "visn": "22",
    "health_care_system": "VA Loma Linda health care",
    "operating_status": "NORMAL",
    "operating_status_info": null,
    "county_fips": null,
    "county_source": null,
    "market": null
   }
  },
  {
   "type": "Feature",
   "id": "vha_605GB",
   "geometry": {
    "type": "Point",
    "coordinates": [
     -117.19967885,
     33.55658285
    ]
   },
   "properties": {
    "id": "vha_605GB",
    "name": "Murrieta VA Clinic",
    "facility_type": "va_health_facility",
    "classification": "Multi-Specialty CBOC",
    "zip5": "92562",
    "city": "Murrieta",
    "state": "CA",
    "visn": "22",
    "health_care_system": "VA Loma Linda health care",
    "operating_status": "NORMAL",
    "operating_status_info": null,
    "county_fips": null,
    "county_source": null,
    "market": null
   }
  },
  {
   "type": "Feature",
   "id": "vha_605GC",
   "geometry": {
    "type": "Point",
    "coordinates": [
     -116.3915415,
     33.805836
    ]
   },
   "properties": {
    "id": "vha_605GC",
    "name": "Sy Kaplan VA Clinic",
    "facility_type": "va_health_facility",
    "classification": "Multi-Specialty CBOC",
    "zip5": "92211",
    "city": "Palm Desert",
    "state": "CA",
    "visn": "22",
    "health_care_system": "VA Loma Linda health care",
    "operating_status": "NORMAL",
    "operating_status_info": null,
    "county_fips": null,
    "county_source": null,
    "market": null
   }
  },
  {
   "type": "Feature",
   "id": "vha_605GD",
   "geometry": {
    "type": "Point",
    "coordinates": [
     -117.5228955,
     33.88335819
    ]
   },
   "properties": {
    "id": "vha_605GD",
    "name": "Corona VA Clinic",
    "facility_type": "va_health_facility",
    "classification": "Primary Care CBOC",
    "zip5": "92879",
    "city": "Corona",
    "state": "CA",
    "visn": "22",
    "health_care_system": "VA Loma Linda health care",
    "operating_status": "NORMAL",
    "operating_status_info": null,
    "county_fips": null,
    "county_source": null,
    "market": null
   }
  },
  {
   "type": "Feature",
   "id": "vha_605GE",
   "geometry": {
    "type": "Point",
    "coordinates": [
     -117.539505,
     34.105158
    ]
   },
   "properties": {
    "id": "vha_605GE",
    "name": "Rancho Cucamonga VA Clinic",
    "facility_type": "va_health_facility",
    "classification": "Primary Care CBOC",
    "zip5": "91739",
    "city": "Rancho Cucamonga",
    "state": "CA",
    "visn": "22",
    "health_care_system": "VA Loma Linda health care",
    "operating_status": "NORMAL",
    "operating_status_info": null,
    "county_fips": null,
    "county_source": null,
    "market": null
   }
  },
  {
   "type": "Feature",
   "id": "vha_605GF",
   "geometry": {
    "type": "Point",
    "coordinates": [
     -117.24020721,
     34.06501057
    ]
   },
   "properties": {
    "id": "vha_605GF",
    "name": "North Loma Linda VA Clinic",
    "facility_type": "va_health_facility",
    "classification": "Primary Care CBOC",
    "zip5": "92374",
    "city": "Redlands",
    "state": "CA",
    "visn": "22",
    "health_care_system": "VA Loma Linda health care",
    "operating_status": "NORMAL",
    "operating_status_info": null,
    "county_fips": null,
    "county_source": null,
    "market": null
   }
  },
  {
   "type": "Feature",
   "id": "vha_605GG",
   "geometry": {
    "type": "Point",
    "coordinates": [
     -116.9648415,
     33.74940948
    ]
   },
   "properties": {
    "id": "vha_605GG",
    "name": "Hemet VA Clinic",
    "facility_type": "va_health_facility",
    "classification": "Primary Care CBOC",
    "zip5": "92543",
    "city": "Hemet",
    "state": "CA",
    "visn": "22",
    "health_care_system": "VA Loma Linda health care",
    "operating_status": "NORMAL",
    "operating_status_info": null,
    "county_fips": null,
    "county_source": null,
    "market": null
   }
  },
  {
   "type": "Feature",
   "id": "vha_605QA",
   "geometry": {
    "type": "Point",
    "coordinates": [
     -114.61099581,
     33.61022137
    ]
   },
   "properties": {
    "id": "vha_605QA",
    "name": "Blythe VA Clinic",
    "facility_type": "va_health_facility",
    "classification": "Other Outpatient Services (OOS)",
    "zip5": "92225",
    "city": "Blythe",
    "state": "CA",
    "visn": "22",
    "health_care_system": "VA Loma Linda health care",
    "operating_status": "NORMAL",
    "operating_status_info": null,
    "county_fips": null,
    "county_source": null,
    "market": null
   }
  },
  {
   "type": "Feature",
   "id": "vha_607",
   "geometry": {
    "type": "Point",
    "coordinates": [
     -89.43107348,
     43.07514468
    ]
   },
   "properties": {
    "id": "vha_607",
    "name": "William S. Middleton Memorial Veterans' Hospital",
    "facility_type": "va_health_facility",
    "classification": "VA Medical Center (VAMC)",
    "zip5": "53705",
    "city": "Madison",
    "state": "WI",
    "visn": "12",
    "health_care_system": "VA Madison health care",
    "operating_status": "NOTICE",
    "operating_status_info": "Construction impacting Highland Avenue access from approximately May 12, 2025 - September 5, 2025.",
    "county_fips": null,
    "county_source": null,
    "market": null
   }
  },
  {
   "type": "Feature",
   "id": "vha_607GC",
   "geometry": {
    "type": "Point",
    "coordinates": [
     -89.0089695,
     42.705504
    ]
   },
   "properties": {
    "id": "vha_607GC",
    "name": "Janesville VA Clinic",
    "facility_type": "va_health_facility",
    "classification": "Primary Care CBOC",
    "zip5": "53545",
    "city": "Janesville",
    "state": "WI",
    "visn": "12",
    "health_care_system": "VA Madison health care",
    "operating_status": "NORMAL",
    "operating_status_info": null,
    "county_fips": null,
    "county_source": null,
    "market": null
   }
  },
  {
   "type": "Feature",
   "id": "vha_607GD",
   "geometry": {
    "type": "Point",
    "coordinates": [
     -89.76901192,
     43.4674214
    ]
   },
   "properties": {
    "id": "vha_607GD",
    "name": "Baraboo VA Clinic",
    "facility_type": "va_health_facility",
    "classification": "Other Outpatient Services (OOS)",
    "zip5": "53913",
    "city": "Baraboo",
    "state": "WI",
    "visn": "12",
    "health_care_system": "VA Madison health care",
    "operating_status": "NORMAL",
    "operating_status_info": null,
    "county_fips": null,
    "county_source": null,
    "market": null
   }
  },
  {
   "type": "Feature",
   "id": "vha_607GE",
   "geometry": {
    "type": "Point",
    "coordinates": [
     -88.81149983,
     43.48024798
    ]
   },
   "properties": {
    "id": "vha_607GE",
    "name": "Beaver Dam VA Clinic",
    "facility_type": "va_health_facility",
    "classification": "Other Outpatient Services (OOS)",
    "zip5": "53916",
    "city": "Beaver Dam",
    "state": "WI",
    "visn": "12",
    "health_care_system": "VA Madison health care",
    "operating_status": "NORMAL",
    "operating_status_info": null,
    "county_fips": null,
    "county_source": null,
    "market": null
   }
  },
  {
   "type": "Feature",
   "id": "vha_607GF",
   "geometry": {
    "type": "Point",
    "coordinates": [
     -89.67101718,
     42.291027
    ]
   },
   "properties": {
    "id": "vha_607GF",
    "name": "Freeport VA Clinic",
    "facility_type": "va_health_facility",
    "classification": "Other Outpatient Services (OOS)",
    "zip5": "61032",
    "city": "Freeport",
    "state": "IL",
    "visn": "12",
    "health_care_system": "VA Madison health care",
    "operating_status": "NORMAL",
    "operating_status_info": null,
    "county_fips": null,
    "county_source": null,
    "market": null
   }
  },
  {
   "type": "Feature",
   "id": "vha_607GG",
   "geometry": {
    "type": "Point",
    "coordinates": [
     -89.46797923,
     43.05950311
    ]
   },
   "properties": {
    "id": "vha_607GG",
    "name": "Madison West VA Clinic",
    "facility_type": "va_health_facility",
    "classification": "Primary Care CBOC",
    "zip5": "53711",
    "city": "Madison",
    "state": "WI",
    "visn": "12",
    "health_care_system": "VA Madison health care",
    "operating_status": "NORMAL",
    "operating_status_info": null,
    "county_fips": null,
    "county_source": null,
    "market": null
   }
  },
  {
   "type": "Feature",
   "id": "vha_607GH",
   "geometry": {
    "type": "Point",
    "coordinates": [
     -89.29904456,
     43.1474417
    ]
   },
   "properties": {
    "id": "vha_607GH",
    "name": "Madison East VA Clinic",
    "facility_type": "va_health_facility",
    "classification": "Primary Care CBOC",
    "zip5": "53718",
    "city": "Madison",
    "state": "WI",
    "visn": "12",
    "health_care_system": "VA Madison health care",
    "operating_status": "NORMAL",
    "operating_status_info": null,
    "county_fips": null,
    "county_source": null,
    "market": null
   }
  },
  {
   "type": "Feature",
   "id": "vha_607HA",
   "geometry": {
    "type": "Point",
    "coordinates": [
     -88.998543,
     42.278472
    ]
   },
   "properties": {
    "id": "vha_607HA",
    "name": "Rockford VA Clinic",
    "facility_type": "va_health_facility",
    "classification": "Multi-Specialty CBOC",
    "zip5": "61107",
    "city": "Rockford",
    "state": "IL",
    "visn": "12",
    "health_care_system": "VA Madison health care",
    "operating_status": "NORMAL",
    "operating_status_info": null,
    "county_fips": null,
    "county_source": null,
    "market": null
   }
  },
  {
   "type": "Feature",
   "id": "vha_608",
   "geometry": {
    "type": "Point",
    "coordinates": [
     -71.44003365,
     43.01139338
    ]
   },
   "properties": {
    "id": "vha_608",
    "name": "Manchester VA Medical Center",
    "facility_type": "va_health_facility",
    "classification": "VA Medical Center (VAMC)",
    "zip5": "03104",
    "city": "Manchester",
    "state": "NH",
    "visn": "1",
    "health_care_system": "VA Manchester health care",
    "operating_status": "NORMAL",
    "operating_status_info": null,
    "county_fips": null,
    "county_source": null,
    "market": null
   }
  },
  {
   "type": "Feature",
   "id": "vha_608GA",
   "geometry": {
    "type": "Point",
    "coordinates": [
     -70.81805746,
     43.0896476
    ]
   },
   "properties": {
    "id": "vha_608GA",
    "name": "Portsmouth VA Clinic",
    "facility_type": "va_health_facility",
    "classification": "Primary Care CBOC",
    "zip5": "03803",
    "city": "Portsmouth",
    "state": "NH",
    "visn": "1",
    "health_care_system": "VA Manchester health care",
    "operating_status": "NORMAL",
    "operating_status_info": null,
    "county_fips": null,
    "county_source": null,
    "market": null
   }
  },
  {
   "type": "Feature",
   "id": "vha_608GC",
   "geometry": {
    "type": "Point",
    "coordinates": [
     -70.89841431,
     43.24323403
    ]
   },
   "properties": {
    "id": "vha_608GC",
    "name": "Somersworth VA Clinic",
    "facility_type": "va_health_facility",
    "classification": "Multi-Specialty CBOC",
    "zip5": "03878",
    "city": "Somersworth",
    "state": "NH",
    "visn": "1",
    "health_care_system": "VA Manchester health care",
    "operating_status": "NORMAL",
    "operating_status_info": null,
    "county_fips": null,
    "county_source": null,
    "market": null
   }
  },
  {
   "type": "Feature",
   "id": "vha_608GD",
   "geometry": {
    "type": "Point",
    "coordinates": [
     -71.12936119,
     43.97434874
    ]
   },
   "properties": {
    "id": "vha_608GD",
    "name": "Conway VA Clinic",
    "facility_type": "va_health_facility",
    "classification": "Other Outpatient Services (OOS)",
    "zip5": "03818",
    "city": "Conway",
    "state": "NH",
    "visn": "1",
    "health_care_system": "VA Manchester health care",
    "operating_status": "NORMAL",
    "operating_status_info": null,
    "county_fips": null,
    "county_source": null,
    "market": null
   }
  },
  {
   "type": "Feature",
   "id": "vha_608HA",
   "geometry": {
    "type": "Point",
    "coordinates": [
     -71.62006877,
     43.4471986
    ]
   },
   "properties": {
    "id": "vha_608HA",
    "name": "Tilton VA Clinic",
    "facility_type": "va_health_facility",
    "classification": "Primary Care CBOC",
    "zip5": "03276",
    "city": "Tilton",
    "state": "NH",
    "visn": "1",
    "health_care_system": "VA Manchester health care",
    "operating_status": "NORMAL",
    "operating_status_info": null,
    "county_fips": null,
    "county_source": null,
    "market": null
   }
  },
  {
   "type": "Feature",
   "id": "vha_608QA",
   "geometry": {
    "type": "Point",
    "coordinates": [
     -71.46502681,
     43.00394948
    ]
   },
   "properties": {
    "id": "vha_608QA",
    "name": "Manchester West VA Clinic",
    "facility_type": "va_health_facility",
    "classification": "Other Outpatient Services (OOS)",
    "zip5": "03104",
    "city": "Manchester",
    "state": "NH",
    "visn": "1",
    "health_care_system": "VA Manchester health care",
    "operating_status": "NORMAL",
    "operating_status_info": null,
    "county_fips": null,
    "county_source": null,
    "market": null
   }
  },
  {
   "type": "Feature",
   "id": "vha_608QB",
   "geometry": {
    "type": "Point",
    "coordinates": [
     -71.465845,
     43.003774
    ]
   },
   "properties": {
    "id": "vha_608QB",
    "name": "Manchester VA Mobile Medical Unit",
    "facility_type": "va_health_facility",
    "classification": "Other Outpatient Services (OOS)",
    "zip5": "03104",
    "city": "Manchester",
    "state": "NH",
    "visn": "1",
    "health_care_system": null,
    "operating_status": "NORMAL",
    "operating_status_info": null,
    "county_fips": null,
    "county_source": null,
    "market": null
   }
  },
  {
   "type": "Feature",
   "id": "vha_610",
   "geometry": {
    "type": "Point",
    "coordinates": [
     -85.63720253,
     40.52367955
    ]
   },
   "properties": {
    "id": "vha_610",
    "name": "Marion VA Medical Center",
    "facility_type": "va_health_facility",
    "classification": "VA Medical Center (VAMC)",
    "zip5": "46953",
    "city": "Marion",
    "state": "IN",
    "visn": "10",
    "health_care_system": "VA Northern Indiana health care",
    "operating_status": "NORMAL",
    "operating_status_info": null,
    "county_fips": null,
    "county_source": null,
    "market": null
   }
  },
  {
   "type": "Feature",
   "id": "vha_610A4",
   "geometry": {
    "type": "Point",
    "coordinates": [
     -85.108131,
     41.091111
    ]
   },
   "properties": {
    "id": "vha_610A4",
    "name": "Fort Wayne VA Medical Center",
    "facility_type": "va_health_facility",
    "classification": "VA Medical Center (VAMC)",
    "zip5": "46805",
    "city": "Fort Wayne",
    "state": "IN",
    "visn": "10",
    "health_care_system": "VA Northern Indiana health care",
    "operating_status": "NORMAL",
    "operating_status_info": null,
    "county_fips": null,
    "county_source": null,
    "market": null
   }
  },
  {
   "type": "Feature",
   "id": "vha_610BY",
   "geometry": {
    "type": "Point",
    "coordinates": [
     -86.16584482,
     41.70693065
    ]
   },
   "properties": {
    "id": "vha_610BY",
    "name": "Jackie Walorski VA Clinic",
    "facility_type": "va_health_facility",
    "classification": "Multi-Specialty CBOC",
    "zip5": "46545",
    "city": "Mishawaka",
    "state": "IN",
    "visn": "10",
    "health_care_system": "VA Northern Indiana health care",
    "operating_status": "NORMAL",
    "operating_status_info": null,
    "county_fips": null,
    "county_source": null,
    "market": null
   }
  },
  {
   "type": "Feature",
   "id": "vha_610GB",
   "geometry": {
    "type": "Point",
    "coordinates": [
     -85.44272062,
     40.22004801
    ]
   },
   "properties": {
    "id": "vha_610GB",
    "name": "Muncie VA Clinic",
    "facility_type": "va_health_facility",
    "classification": "Primary Care CBOC",
    "zip5": "47304",
    "city": "Muncie",
    "state": "IN",
    "visn": "10",
    "health_care_system": "VA Northern Indiana health care",
    "operating_status": "NORMAL",
    "operating_status_info": null,
    "county_fips": null,
    "county_source": null,
    "market": null
   }
  },
  {
   "type": "Feature",
   "id": "vha_610GD",
   "geometry": {
    "type": "Point",
    "coordinates": [
     -86.1365702,
     40.66613634
    ]
   },
   "properties": {
    "id": "vha_610GD",
    "name": "Hoosier VA Clinic",
    "facility_type": "va_health_facility",
    "classification": "Primary Care CBOC",
    "zip5": "46970",
    "city": "Peru",
    "state": "IN",
    "visn": "10",
    "health_care_system": "VA Northern Indiana health care",
    "operating_status": "NORMAL",
    "operating_status_info": null,
    "county_fips": null,
    "county_source": null,
    "market": null
   }
  },
  {
   "type": "Feature",
   "id": "vha_610GE",
   "geometry": {
    "type": "Point",
    "coordinates": [
     -84.3608851,
     41.29685197
    ]
   },
   "properties": {
    "id": "vha_610GE",
    "name": "Defiance VA Clinic",
    "facility_type": "va_health_facility",
    "classification": "Other Outpatient Services (OOS)",
    "zip5": "43512",
    "city": "Defiance",
    "state": "OH",
    "visn": "10",
    "health_care_system": "VA Northern Indiana health care",
    "operating_status": "NORMAL",
    "operating_status_info": null,
    "county_fips": null,
    "county_source": null,
    "market": null
   }
  },
  {
   "type": "Feature",
   "id": "vha_610GF",
   "geometry": {
    "type": "Point",
    "coordinates": [
     -85.50929859,
     40.9020325
    ]
   },
   "properties": {
    "id": "vha_610GF",
    "name": "Huntington VA Clinic",
    "facility_type": "va_health_facility",
    "classification": "Other Outpatient Services (OOS)",
    "zip5": "46750",
    "city": "Huntington",
    "state": "IN",
    "visn": "10",
    "health_care_system": "VA Northern Indiana health care",
    "operating_status": "NORMAL",
    "operating_status_info": null,
    "county_fips": null,
    "county_source": null,
    "market": null
   }
  },
  {
   "type": "Feature",
   "id": "vha_610QA",
   "geometry": {
    "type": "Point",
    "coordinates": [
     -85.106313,
     41.095755
    ]
   },
   "properties": {
    "id": "vha_610QA",
    "name": "Fort Wayne VA Clinic",
    "facility_type": "va_health_facility",
    "classification": "Other Outpatient Services (OOS)",
    "zip5": "46805",
    "city": "Fort Wayne",
    "state": "IN",
    "visn": "10",
    "health_care_system": "VA Northern Indiana health care",
    "operating_status": "NORMAL",
    "operating_status_info": null,
    "county_fips": null,
    "county_source": null,
    "market": null
   }
  },
  {
   "type": "Feature",
   "id": "vha_612A4",
   "geometry": {
    "type": "Point",
    "coordinates": [
     -121.296501,
     38.572461
    ]
   },
   "properties": {
    "id": "vha_612A4",
    "name": "Sacramento VA Medical Center",
    "facility_type": "va_health_facility",
    "classification": "VA Medical Center (VAMC)",
    "zip5": "95655",
    "city": "Mather",
    "state": "CA",
    "visn": "21",
    "health_care_system": "VA Northern California health care",
    "operating_status": "NORMAL",
    "operating_status_info": null,
    "county_fips": null,
    "county_source": null,
    "market": null
   }
  },
  {
   "type": "Feature",
   "id": "vha_612B4",
   "geometry": {
    "type": "Point",
    "coordinates": [
     -122.31256572,
     40.50702956
    ]
   },
   "properties": {
    "id": "vha_612B4",
    "name": "Redding VA Clinic",
    "facility_type": "va_health_facility",
    "classification": "Multi-Specialty CBOC",
    "zip5": "96002",
    "city": "Redding",
    "state": "CA",
    "visn": "21",
    "health_care_system": "VA Northern California health care",
    "operating_status": "NORMAL",
    "operating_status_info": null,
    "county_fips": null,
    "county_source": null,
    "market": null
   }
  },
  {
   "type": "Feature",
   "id": "vha_612GD",
   "geometry": {
    "type": "Point",
    "coordinates": [
     -121.96510932,
     38.26758502
    ]
   },
   "properties": {
    "id": "vha_612GD",
    "name": "Fairfield VA Clinic",
    "facility_type": "va_health_facility",
    "classification": "Multi-Specialty CBOC",
    "zip5": "94535",
    "city": "Travis AFB",
    "state": "CA",
    "visn": "21",
    "health_care_system": "VA Northern California health care",
    "operating_status": "NORMAL",
    "operating_status_info": null,
    "county_fips": null,
    "county_source": null,
    "market": null
   }
  },
  {
   "type": "Feature",
   "id": "vha_612GE",
   "geometry": {
    "type": "Point",
    "coordinates": [
     -122.28685535,
     38.11418311
    ]
   },
   "properties": {
    "id": "vha_612GE",
    "name": "Mare Island VA Clinic",
    "facility_type": "va_health_facility",
    "classification": "Primary Care CBOC",
    "zip5": "94592",
    "city": "Mare Island",
    "state": "CA",
    "visn": "21",
    "health_care_system": "VA Northern California health care",
    "operating_status": "NORMAL",
    "operating_status_info": null,
    "county_fips": null,
    "county_source": null,
    "market": null
   }
  },
  {
   "type": "Feature",
   "id": "vha_612GF",
   "geometry": {
    "type": "Point",
    "coordinates": [
     -122.11528524,
     37.99523917
    ]
   },
   "properties": {
    "id": "vha_612GF",
    "name": "Martinez VA Medical Center",
    "facility_type": "va_health_facility",
    "classification": "VA Medical Center (VAMC)",
    "zip5": "94553",
    "city": "Martinez",
    "state": "CA",
    "visn": "21",
    "health_care_system": "VA Northern California health care",
    "operating_status": "NORMAL",
    "operating_status_info": null,
    "county_fips": null,
    "county_source": null,
    "market": null
   }
  },
  {
   "type": "Feature",
   "id": "vha_612GG",
   "geometry": {
    "type": "Point",
    "coordinates": [
     -121.7879595,
     39.731985
    ]
   },
   "properties": {
    "id": "vha_612GG",
    "name": "Chico VA Clinic",
    "facility_type": "va_health_facility",
    "classification": "Multi-Specialty CBOC",
    "zip5": "95928",
    "city": "Chico",
    "state": "CA",
    "visn": "21",
    "health_care_system": "VA Northern California health care",
    "operating_status": "NORMAL",
    "operating_status_info": null,
    "county_fips": null,
    "county_source": null,
    "market": null
   }
  },
  {
   "type": "Feature",
   "id": "vha_612GH",
   "geometry": {
    "type": "Point",
    "coordinates": [
     -121.3864605,
     38.664378
    ]
   },
   "properties": {
    "id": "vha_612GH",
    "name": "McClellan VA Clinic",
    "facility_type": "va_health_facility",
    "classification": "Multi-Specialty CBOC",
    "zip5": "95652",
    "city": "McClellan Park",
    "state": "CA",
    "visn": "21",
    "health_care_system": "VA Northern California health care",
    "operating_status": "NORMAL",
    "operating_status_info": null,
    "county_fips": null,
    "county_source": null,
    "market": null
   }
  },
  {
   "type": "Feature",
   "id": "vha_612GI",
   "geometry": {
    "type": "Point",
    "coordinates": [
     -121.61385793,
     39.13108223
    ]
   },
   "properties": {
    "id": "vha_612GI",
    "name": "Yuba City VA Clinic",
    "facility_type": "va_health_facility",
    "classification": "Multi-Specialty CBOC",
    "zip5": "95991",
    "city": "Yuba City",
    "state": "CA",
    "visn": "21",
    "health_care_system": "VA Northern California health care",
    "operating_status": "NORMAL",
    "operating_status_info": null,
    "county_fips": null,
    "county_source": null,
    "market": null
   }
  },
  {
   "type": "Feature",
   "id": "vha_612GJ",
   "geometry": {
    "type": "Point",
    "coordinates": [
     -122.63866086,
     41.71600544
    ]
   },
   "properties": {
    "id": "vha_612GJ",
    "name": "Yreka VA Clinic",
    "facility_type": "va_health_facility",
    "classification": "Primary Care CBOC",
    "zip5": "96097",
    "city": "Yreka",
    "state": "CA",
    "visn": "21",
    "health_care_system": "VA Northern California health care",
    "operating_status": "NORMAL",
    "operating_status_info": null,
    "county_fips": null,
    "county_source": null,
    "market": null
   }
  },
  {
   "type": "Feature",
   "id": "vha_612GK",
   "geometry": {
    "type": "Point",
    "coordinates": [
     -121.09888733,
     38.94154267
    ]
   },
   "properties": {
    "id": "vha_612GK",
    "name": "Louis A. Conter VA Clinic",
    "facility_type": "va_health_facility",
    "classification": "Primary Care CBOC",
    "zip5": "95603",
    "city": "Auburn",
    "state": "CA",
    "visn": "21",
    "health_care_system": "VA Northern California health care",
    "operating_status": "NORMAL",
    "operating_status_info": null,
    "county_fips": null,
    "county_source": null,
    "market": null
   }
  },
  {
   "type": "Feature",
   "id": "vha_612GL",
   "geometry": {
    "type": "Point",
    "coordinates": [
     -120.34499674,
     37.97506316
    ]
   },
   "properties": {
    "id": "vha_612GL",
    "name": "Sonora VA Clinic",
    "facility_type": "va_health_facility",
    "classification": "Primary Care CBOC",
    "zip5": "95370",
    "city": "Sonora",
    "state": "CA",
    "visn": "21",
    "health_care_system": "VA Northern California health care",
    "operating_status": "NORMAL",
    "operating_status_info": null,
    "county_fips": null,
    "county_source": null,
    "market": null
   }
  },
  {
   "type": "Feature",
   "id": "vha_612GM",
   "geometry": {
    "type": "Point",
    "coordinates": [
     -120.95755168,
     37.66061082
    ]
   },
   "properties": {
    "id": "vha_612GM",
    "name": "Modesto VA Clinic",
    "facility_type": "va_health_facility",
    "classification": "Primary Care CBOC",
    "zip5": "95355",
    "city": "Modesto",
    "state": "CA",
    "visn": "21",
    "health_care_system": "VA Northern California health care",
    "operating_status": "NORMAL",
    "operating_status_info": null,
    "county_fips": null,
    "county_source": null,
    "market": null
   }
  },
  {
   "type": "Feature",
   "id": "vha_612QC",
   "geometry": {
    "type": "Point",
    "coordinates": [
     -122.38047136,
     40.57438449
    ]
   },
   "properties": {
    "id": "vha_612QC",
    "name": "Cypress Avenue VA Clinic",
    "facility_type": "va_health_facility",
    "classification": "Other Outpatient Services (OOS)",
    "zip5": "96001",
    "city": "Redding",
    "state": "CA",
    "visn": "21",
    "health_care_system": "VA Northern California health care",
    "operating_status": "LIMITED",
    "operating_status_info": "The specialty clinic is only open to enrolled patients who are scheduled to be on this clinic.  The main clinic location is 3455 Knighton Rd, Redding, CA 96002.",
    "county_fips": null,
    "county_source": null,
    "market": null
   }
  },
  {
   "type": "Feature",
   "id": "vha_612QE",
   "geometry": {
    "type": "Point",
    "coordinates": [
     -121.28461293,
     37.8917697
    ]
   },
   "properties": {
    "id": "vha_612QE",
    "name": "Richard A. Pittman VA Clinic",
    "facility_type": "va_health_facility",
    "classification": "Multi-Specialty CBOC",
    "zip5": "95231",
    "city": "French Camp",
    "state": "CA",
    "visn": "21",
    "health_care_system": "VA Northern California health care",
    "operating_status": "NORMAL",
    "operating_status_info": null,
    "county_fips": null,
    "county_source": null,
    "market": null
   }
  },
  {
   "type": "Feature",
   "id": "vha_612QF",
   "geometry": {
    "type": "Point",
    "coordinates": [
     -121.28199334,
     37.89051606
    ]
   },
   "properties": {
    "id": "vha_612QF",
    "name": "Sacramento VA Mobile Medical Unit",
    "facility_type": "va_health_facility",
    "classification": "Other Outpatient Services (OOS)",
    "zip5": "95231",
    "city": "French Camp",
    "state": "CA",
    "visn": "21",
    "health_care_system": null,
    "operating_status": "NORMAL",
    "operating_status_info": null,
    "county_fips": null,
    "county_source": null,
    "market": null
   }
  },
  {
   "type": "Feature",
   "id": "vha_613",
   "geometry": {
    "type": "Point",
    "coordinates": [
     -77.9109752,
     39.41725696
    ]
   },
   "properties": {
    "id": "vha_613",
    "name": "Martinsburg VA Medical Center",
    "facility_type": "va_health_facility",
    "classification": "VA Medical Center (VAMC)",
    "zip5": "25405",
    "city": "Martinsburg",
    "state": "WV",
    "visn": "5",
    "health_care_system": "VA Martinsburg health care",
    "operating_status": "NORMAL",
    "operating_status_info": null,
    "county_fips": null,
    "county_source": null,
    "market": null
   }
  },
  {
   "type": "Feature",
   "id": "vha_613GA",
   "geometry": {
    "type": "Point",
    "coordinates": [
     -78.75863175,
     39.65361032
    ]
   },
   "properties": {
    "id": "vha_613GA",
    "name": "Cumberland VA Clinic",
    "facility_type": "va_health_facility",
    "classification": "Multi-Specialty CBOC",
    "zip5": "21502",
    "city": "Cumberland",
    "state": "MD",
    "visn": "5",
    "health_care_system": "VA Martinsburg health care",
    "operating_status": "NORMAL",
    "operating_status_info": null,
    "county_fips": null,
    "county_source": null,
    "market": null
   }
  },
  {
   "type": "Feature",
   "id": "vha_613GB",
   "geometry": {
    "type": "Point",
    "coordinates": [
     -77.69658564,
     39.636258
    ]
   },
   "properties": {
    "id": "vha_613GB",
    "name": "Hagerstown VA Clinic",
    "facility_type": "va_health_facility",
    "classification": "Primary Care CBOC",
    "zip5": "21740",
    "city": "Hagerstown",
    "state": "MD",
    "visn": "5",
    "health_care_system": "VA Martinsburg health care",
    "operating_status": "NORMAL",
    "operating_status_info": null,
    "county_fips": null,
    "county_source": null,
    "market": null
   }
  },
  {
   "type": "Feature",
   "id": "vha_613GC",
   "geometry": {
    "type": "Point",
    "coordinates": [
     -78.20228818,
     39.13044942
    ]
   },
   "properties": {
    "id": "vha_613GC",
    "name": "Winchester VA Clinic",
    "facility_type": "va_health_facility",
    "classification": "Multi-Specialty CBOC",
    "zip5": "22602",
    "city": "Winchester",
    "state": "VA",
    "visn": "5",
    "health_care_system": "VA Martinsburg health care",
    "operating_status": "NORMAL",
    "operating_status_info": null,
    "county_fips": null,
    "county_source": null,
    "market": null
   }
  },
  {
   "type": "Feature",
   "id": "vha_613GD",
   "geometry": {
    "type": "Point",
    "coordinates": [
     -79.33122481,
     38.64349096
    ]
   },
   "properties": {
    "id": "vha_613GD",
    "name": "Franklin VA Clinic",
    "facility_type": "va_health_facility",
    "classification": "Other Outpatient Services (OOS)",
    "zip5": "26807",
    "city": "Franklin",
    "state": "WV",
    "visn": "5",
    "health_care_system": "VA Martinsburg health care",
    "operating_status": "NORMAL",
    "operating_status_info": null,
    "county_fips": null,
    "county_source": null,
    "market": null
   }
  },
  {
   "type": "Feature",
   "id": "vha_613GE",
   "geometry": {
    "type": "Point",
    "coordinates": [
     -79.11802422,
     38.9947897
    ]
   },
   "properties": {
    "id": "vha_613GE",
    "name": "Petersburg VA Clinic",
    "facility_type": "va_health_facility",
    "classification": "Primary Care CBOC",
    "zip5": "26847",
    "city": "Petersburg",
    "state": "WV",
    "visn": "5",
    "health_care_system": "VA Martinsburg health care",
    "operating_status": "NORMAL",
    "operating_status_info": null,
    "county_fips": null,
    "county_source": null,
    "market": null
   }
  },
  {
   "type": "Feature",
   "id": "vha_613GF",
   "geometry": {
    "type": "Point",
    "coordinates": [
     -78.90175929,
     38.43262732
    ]
   },
   "properties": {
    "id": "vha_613GF",
    "name": "Harrisonburg VA Clinic",
    "facility_type": "va_health_facility",
    "classification": "Primary Care CBOC",
    "zip5": "22801",
    "city": "Harrisonburg",
    "state": "VA",
    "visn": "5",
    "health_care_system": "VA Martinsburg health care",
    "operating_status": "NORMAL",
    "operating_status_info": null,
    "county_fips": null,
    "county_source": null,
    "market": null
   }
  },
  {
   "type": "Feature",
   "id": "vha_613GG",
   "geometry": {
    "type": "Point",
    "coordinates": [
     -77.4223681,
     39.43774202
    ]
   },
   "properties": {
    "id": "vha_613GG",
    "name": "Fort Detrick VA Clinic",
    "facility_type": "va_health_facility",
    "classification": "Multi-Specialty CBOC",
    "zip5": "21702",
    "city": "Frederick",
    "state": "MD",
    "visn": "5",
    "health_care_system": "VA Martinsburg health care",
    "operating_status": "NORMAL",
    "operating_status_info": null,
    "county_fips": null,
    "county_source": null,
    "market": null
   }
  },
  {
   "type": "Feature",
   "id": "vha_614",
   "geometry": {
    "type": "Point",
    "coordinates": [
     -90.02757125,
     35.1429243
    ]
   },
   "properties": {
    "id": "vha_614",
    "name": "Lt. Col. Luke Weathers, Jr. VA Medical Center",
    "facility_type": "va_health_facility",
    "classification": "VA Medical Center (VAMC)",
    "zip5": "38104",
    "city": "Memphis",
    "state": "TN",
    "visn": "9",
    "health_care_system": "VA Memphis health care",
    "operating_status": "NOTICE",
    "operating_status_info": "To contact Mental health care please dial 901-523-8990 extension 7411.",
    "county_fips": null,
    "county_source": null,
    "market": null
   }
  },
  {
   "type": "Feature",
   "id": "vha_614GA",
   "geometry": {
    "type": "Point",
    "coordinates": [
     -88.70278105,
     34.29993388
    ]
   },
   "properties": {
    "id": "vha_614GA",
    "name": "Tupelo VA Clinic",
    "facility_type": "va_health_facility",
    "classification": "Multi-Specialty CBOC",
    "zip5": "38804",
    "city": "Tupelo",
    "state": "MS",
    "visn": "9",
    "health_care_system": "VA Memphis health care",
    "operating_status": "NORMAL",
    "operating_status_info": null,
    "county_fips": null,
    "county_source": null,
    "market": null
   }
  },
  {
   "type": "Feature",
   "id": "vha_614GB",
   "geometry": {
    "type": "Point",
    "coordinates": [
     -90.683217,
     35.819379
    ]
   },
   "properties": {
    "id": "vha_614GB",
    "name": "Jonesboro VA Clinic",
    "facility_type": "va_health_facility",
    "classification": "Multi-Specialty CBOC",
    "zip5": "72401",
    "city": "Jonesboro",
    "state": "AR",
    "visn": "9",
    "health_care_system": "VA Memphis health care",
    "operating_status": "NORMAL",
    "operating_status_info": null,
    "county_fips": null,
    "county_source": null,
    "market": null
   }
  },
  {
   "type": "Feature",
   "id": "vha_614GC",
   "geometry": {
    "type": "Point",
    "coordinates": [
     -89.45589284,
     34.75043518
    ]
   },
   "properties": {
    "id": "vha_614GC",
    "name": "Holly Springs VA Clinic",
    "facility_type": "va_health_facility",
    "classification": "Primary Care CBOC",
    "zip5": "38635",
    "city": "Holly Springs",
    "state": "MS",
    "visn": "9",
    "health_care_system": "VA Memphis health care",
    "operating_status": "NORMAL",
    "operating_status_info": null,
    "county_fips": null,
    "county_source": null,
    "market": null
   }
  },
  {
   "type": "Feature",
   "id": "vha_614GD",
   "geometry": {
    "type": "Point",
    "coordinates": [
     -88.2259169,
     35.22158111
    ]
   },
   "properties": {
    "id": "vha_614GD",
    "name": "Savannah VA Clinic",
    "facility_type": "va_health_facility",
    "classification": "Primary Care CBOC",
    "zip5": "38372",
    "city": "Savannah",
    "state": "TN",
    "visn": "9",
    "health_care_system": "VA Memphis health care",
    "operating_status": "NORMAL",
    "operating_status_info": null,
    "county_fips": null,
    "county_source": null,
    "market": null
   }
  },
  {
   "type": "Feature",
   "id": "vha_614GE",
   "geometry": {
    "type": "Point",
    "coordinates": [
     -89.911728,
     35.220195
    ]
   },
   "properties": {
    "id": "vha_614GE",
    "name": "Covington VA Clinic",
    "facility_type": "va_health_facility",
    "classification": "Primary Care CBOC",
    "zip5": "38128",
    "city": "Memphis",
    "state": "TN",
    "visn": "9",
    "health_care_system": "VA Memphis health care",
    "operating_status": "NORMAL",
    "operating_status_info": null,
    "county_fips": null,
    "county_source": null,
    "market": null
   }
  },
  {
   "type": "Feature",
   "id": "vha_614GF",
   "geometry": {
    "type": "Point",
    "coordinates": [
     -90.00588909,
     35.07156424
    ]
   },
   "properties": {
    "id": "vha_614GF",
    "name": "Nonconnah Boulevard VA Clinic",
    "facility_type": "va_health_facility",
    "classification": "Multi-Specialty CBOC",
    "zip5": "38132",
    "city": "Memphis",
    "state": "TN",
    "visn": "9",
    "health_care_system": "VA Memphis health care",
    "operating_status": "NORMAL",
    "operating_status_info": null,
    "county_fips": null,
    "county_source": null,
    "market": null
   }
  },
  {
   "type": "Feature",
   "id": "vha_614GG",
   "geometry": {
    "type": "Point",
    "coordinates": [
     -88.8348915,
     35.65321052
    ]
   },
   "properties": {
    "id": "vha_614GG",
    "name": "Jackson VA Clinic",
    "facility_type": "va_health_facility",
    "classification": "Multi-Specialty CBOC",
    "zip5": "38305",
    "city": "Jackson",
    "state": "TN",
    "visn": "9",
    "health_care_system": "VA Memphis health care",
    "operating_status": "NORMAL",
    "operating_status_info": null,
    "county_fips": null,
    "county_source": null,
    "market": null
   }
  },
  {
   "type": "Feature",
   "id": "vha_614GI",
   "geometry": {
    "type": "Point",
    "coordinates": [
     -89.39784674,
     36.06049857
    ]
   },
   "properties": {
    "id": "vha_614GI",
    "name": "Dyersburg VA Clinic",
    "facility_type": "va_health_facility",
    "classification": "Primary Care CBOC",
    "zip5": "38024",
    "city": "Dyersburg",
    "state": "TN",
    "visn": "9",
    "health_care_system": "VA Memphis health care",
    "operating_status": "NORMAL",
    "operating_status_info": null,
    "county_fips": null,
    "county_source": null,
    "market": null
   }
  },
  {
   "type": "Feature",
   "id": "vha_614GN",
   "geometry": {
    "type": "Point",
    "coordinates": [
     -90.65248629,
     34.55491425
    ]
   },
   "properties": {
    "id": "vha_614GN",
    "name": "Helena VA Clinic",
    "facility_type": "va_health_facility",
    "classification": "Primary Care CBOC",
    "zip5": "72390",
    "city": "West Helena",
    "state": "AR",
    "visn": "9",
    "health_care_system": "VA Memphis health care",
    "operating_status": "NORMAL",
    "operating_status_info": null,
    "county_fips": null,
    "county_source": null,
    "market": null
   }
  },
  {
   "type": "Feature",
   "id": "vha_614GP",
   "geometry": {
    "type": "Point",
    "coordinates": [
     -89.89893885,
     35.36343549
    ]
   },
   "properties": {
    "id": "vha_614GP",
    "name": "Millington VA Clinic",
    "facility_type": "va_health_facility",
    "classification": "Multi-Specialty CBOC",
    "zip5": "38053",
    "city": "Millington",
    "state": "TN",
    "visn": "9",
    "health_care_system": null,
    "operating_status": "NORMAL",
    "operating_status_info": null,
    "county_fips": null,
    "county_source": null,
    "market": null
   }
  },
  {
   "type": "Feature",
   "id": "vha_614QA",
   "geometry": {
    "type": "Point",
    "coordinates": [
     -90.04217308,
     35.12733376
    ]
   },
   "properties": {
    "id": "vha_614QA",
    "name": "Phelan Avenue VA Clinic",
    "facility_type": "va_health_facility",
    "classification": "Other Outpatient Services (OOS)",
    "zip5": "38126",
    "city": "Memphis",
    "state": "TN",
    "visn": "9",
    "health_care_system": "VA Memphis health care",
    "operating_status": "NORMAL",
    "operating_status_info": null,
    "county_fips": null,
    "county_source": null,
    "market": null
   }
  },
  {
   "type": "Feature",
   "id": "vha_618",
   "geometry": {
    "type": "Point",
    "coordinates": [
     -93.2043285,
     44.90196204
    ]
   },
   "properties": {
    "id": "vha_618",
    "name": "Minneapolis VA Medical Center",
    "facility_type": "va_health_facility",
    "classification": "VA Medical Center (VAMC)",
    "zip5": "55417",
    "city": "Minneapolis",
    "state": "MN",
    "visn": "23",
    "health_care_system": "VA Minneapolis health care",
    "operating_status": "NORMAL",
    "operating_status_info": null,
    "county_fips": null,
    "county_source": null,
    "market": null
   }
  },
  {
   "type": "Feature",
   "id": "vha_618BY",
   "geometry": {
    "type": "Point",
    "coordinates": [
     -92.10404467,
     46.69725873
    ]
   },
   "properties": {
    "id": "vha_618BY",
    "name": "Twin Ports VA Clinic",
    "facility_type": "va_health_facility",
    "classification": "Multi-Specialty CBOC",
    "zip5": "54880",
    "city": "Superior",
    "state": "WI",
    "visn": "23",
    "health_care_system": "VA Minneapolis health care",
    "operating_status": "NORMAL",
    "operating_status_info": null,
    "county_fips": null,
    "county_source": null,
    "market": null
   }
  },
  {
   "type": "Feature",
   "id": "vha_618GA",
   "geometry": {
    "type": "Point",
    "coordinates": [
     -94.62330521,
     43.97084102
    ]
   },
   "properties": {
    "id": "vha_618GA",
    "name": "St. James VA Clinic",
    "facility_type": "va_health_facility",
    "classification": "Other Outpatient Services (OOS)",
    "zip5": "56081",
    "city": "St. James",
    "state": "MN",
    "visn": "23",
    "health_care_system": "VA Minneapolis health care",
    "operating_status": "NORMAL",
    "operating_status_info": null,
    "county_fips": null,
    "county_source": null,
    "market": null
   }
  },
  {
   "type": "Feature",
   "id": "vha_618GB",
   "geometry": {
    "type": "Point",
    "coordinates": [
     -92.9561355,
     47.39823
    ]
   },
   "properties": {
    "id": "vha_618GB",
    "name": "Hibbing VA Clinic",
    "facility_type": "va_health_facility",
    "classification": "Primary Care CBOC",
    "zip5": "55746",
    "city": "Hibbing",
    "state": "MN",
    "visn": "23",
    "health_care_system": "VA Minneapolis health care",
    "operating_status": "NORMAL",
    "operating_status_info": null,
    "county_fips": null,
    "county_source": null,
    "market": null
   }
  },
  {
   "type": "Feature",
   "id": "vha_618GD",
   "geometry": {
    "type": "Point",
    "coordinates": [
     -93.03049437,
     45.03334154
    ]
   },
   "properties": {
    "id": "vha_618GD",
    "name": "Maplewood VA Clinic",
    "facility_type": "va_health_facility",
    "classification": "Multi-Specialty CBOC",
    "zip5": "55109",
    "city": "Maplewood",
    "state": "MN",
    "visn": "23",
    "health_care_system": "VA Minneapolis health care",
    "operating_status": "NORMAL",
    "operating_status_info": null,
    "county_fips": null,
    "county_source": null,
    "market": null
   }
  },
  {
   "type": "Feature",
   "id": "vha_618GE",
   "geometry": {
    "type": "Point",
    "coordinates": [
     -91.38206385,
     44.92521165
    ]
   },
   "properties": {
    "id": "vha_618GE",
    "name": "Chippewa Valley VA Clinic",
    "facility_type": "va_health_facility",
    "classification": "Primary Care CBOC",
    "zip5": "54729",
    "city": "Chippewa Falls",
    "state": "WI",
    "visn": "23",
    "health_care_system": "VA Minneapolis health care",
    "operating_status": "NORMAL",
    "operating_status_info": null,
    "county_fips": null,
    "county_source": null,
    "market": null
   }
  },
  {
   "type": "Feature",
   "id": "vha_618GG",
   "geometry": {
    "type": "Point",
    "coordinates": [
     -92.463816,
     43.97001459
    ]
   },
   "properties": {
    "id": "vha_618GG",
    "name": "Rochester VA Clinic",
    "facility_type": "va_health_facility",
    "classification": "Multi-Specialty CBOC",
    "zip5": "55902",
    "city": "Rochester",
    "state": "MN",
    "visn": "23",
    "health_care_system": "VA Minneapolis health care",
    "operating_status": "NORMAL",
    "operating_status_info": null,
    "county_fips": null,
    "county_source": null,
    "market": null
   }
  },
  {
   "type": "Feature",
   "id": "vha_618GH",
   "geometry": {
    "type": "Point",
    "coordinates": [
     -91.48143691,
     46.00702058
    ]
   },
   "properties": {
    "id": "vha_618GH",
    "name": "Hayward VA Clinic",
    "facility_type": "va_health_facility",
    "classification": "Other Outpatient Services (OOS)",
    "zip5": "54843",
    "city": "Hayward",
    "state": "WI",
    "visn": "23",
    "health_care_system": "VA Minneapolis health care",
    "operating_status": "NORMAL",
    "operating_status_info": null,
    "county_fips": null,
    "county_source": null,
    "market": null
   }
  },
  {
   "type": "Feature",
   "id": "vha_618GI",
   "geometry": {
    "type": "Point",
    "coordinates": [
     -93.45867912,
     45.23140596
    ]
   },
   "properties": {
    "id": "vha_618GI",
    "name": "Northwest Metro VA Clinic",
    "facility_type": "va_health_facility",
    "classification": "Multi-Specialty CBOC",
    "zip5": "55303",
    "city": "Ramsey",
    "state": "MN",
    "visn": "23",
    "health_care_system": "VA Minneapolis health care",
    "operating_status": "NORMAL",
    "operating_status_info": null,
    "county_fips": null,
    "county_source": null,
    "market": null
   }
  },
  {
   "type": "Feature",
   "id": "vha_618GJ",
   "geometry": {
    "type": "Point",
    "coordinates": [
     -93.53733024,
     44.77211718
    ]
   },
   "properties": {
    "id": "vha_618GJ",
    "name": "Shakopee VA Clinic",
    "facility_type": "va_health_facility",
    "classification": "Primary Care CBOC",
    "zip5": "55379",
    "city": "Shakopee",
    "state": "MN",
    "visn": "23",
    "health_care_system": "VA Minneapolis health care",
    "operating_status": "NORMAL",
    "operating_status_info": null,
    "county_fips": null,
    "county_source": null,
    "market": null
   }
  },
  {
   "type": "Feature",
   "id": "vha_618GK",
   "geometry": {
    "type": "Point",
    "coordinates": [
     -93.3404926,
     43.65461945
    ]
   },
   "properties": {
    "id": "vha_618GK",
    "name": "Albert Lea VA Clinic",
    "facility_type": "va_health_facility",
    "classification": "Primary Care CBOC",
    "zip5": "56007",
    "city": "Albert Lea",
    "state": "MN",
    "visn": "23",
    "health_care_system": "VA Minneapolis health care",
    "operating_status": "NORMAL",
    "operating_status_info": null,
    "county_fips": null,
    "county_source": null,
    "market": null
   }
  },
  {
   "type": "Feature",
   "id": "vha_618GL",
   "geometry": {
    "type": "Point",
    "coordinates": [
     -93.279699,
     44.973405
    ]
   },
   "properties": {
    "id": "vha_618GL",
    "name": "Minneapolis VA Clinic",
    "facility_type": "va_health_facility",
    "classification": "Primary Care CBOC",
    "zip5": "55403",
    "city": "Minneapolis",
    "state": "MN",
    "visn": "23",
    "health_care_system": "VA Minneapolis health care",
    "operating_status": "NORMAL",
    "operating_status_info": null,
    "county_fips": null,
    "county_source": null,
    "market": null
   }
  },
  {
   "type": "Feature",
   "id": "vha_618GM",
   "geometry": {
    "type": "Point",
    "coordinates": [
     -91.74261507,
     45.47283973
    ]
   },
   "properties": {
    "id": "vha_618GM",
    "name": "Rice Lake VA Clinic",
    "facility_type": "va_health_facility",
    "classification": "Primary Care CBOC",
    "zip5": "54868",
    "city": "Rice Lake",
    "state": "WI",
    "visn": "23",
    "health_care_system": "VA Minneapolis health care",
    "operating_status": "NORMAL",
    "operating_status_info": null,
    "county_fips": null,
    "county_source": null,
    "market": null
   }
  },
  {
   "type": "Feature",
   "id": "vha_618GN",
   "geometry": {
    "type": "Point",
    "coordinates": [
     -93.9716775,
     44.169039
    ]
   },
   "properties": {
    "id": "vha_618GN",
    "name": "Lyle C. Pearson Community Based Outpatient Clinic",
    "facility_type": "va_health_facility",
    "classification": "Primary Care CBOC",
    "zip5": "56001",
    "city": "Mankato",
    "state": "MN",
    "visn": "23",
    "health_care_system": "VA Minneapolis health care",
    "operating_status": "NORMAL",
    "operating_status_info": null,
    "county_fips": null,
    "county_source": null,
    "market": null
   }
  },
  {
   "type": "Feature",
   "id": "vha_618QA",
   "geometry": {
    "type": "Point",
    "coordinates": [
     -93.19433807,
     44.89327599
    ]
   },
   "properties": {
    "id": "vha_618QA",
    "name": "Fort Snelling VA Clinic",
    "facility_type": "va_health_facility",
    "classification": "Other Outpatient Services (OOS)",
    "zip5": "55111",
    "city": "Fort Snelling",
    "state": "MN",
    "visn": "23",
    "health_care_system": "VA Minneapolis health care",
    "operating_status": "NORMAL",
    "operating_status_info": null,
    "county_fips": null,
    "county_source": null,
    "market": null
   }
  },
  {
   "type": "Feature",
   "id": "vha_618QB",
   "geometry": {
    "type": "Point",
    "coordinates": [
     -91.85620814,
     47.90708916
    ]
   },
   "properties": {
    "id": "vha_618QB",
    "name": "Ely VA Clinic",
    "facility_type": "va_health_facility",
    "classification": "Other Outpatient Services (OOS)",
    "zip5": "55731",
    "city": "Ely",
    "state": "MN",
    "visn": "23",
    "health_care_system": "VA Minneapolis health care",
    "operating_status": "NORMAL",
    "operating_status_info": null,
    "county_fips": null,
    "county_source": null,
    "market": null
   }
  },
  {
   "type": "Feature",
   "id": "vha_618QC",
   "geometry": {
    "type": "Point",
    "coordinates": [
     -93.24791313,
     44.88225012
    ]
   },
   "properties": {
    "id": "vha_618QC",
    "name": "Richfield VA Clinic",
    "facility_type": "va_health_facility",
    "classification": "Other Outpatient Services (OOS)",
    "zip5": "55423",
    "city": "Richfield",
    "state": "MN",
    "visn": "23",
    "health_care_system": "VA Minneapolis health care",
    "operating_status": "NORMAL",
    "operating_status_info": null,
    "county_fips": null,
    "county_source": null,
    "market": null
   }
  },
  {
   "type": "Feature",
   "id": "vha_618QD",
   "geometry": {
    "type": "Point",
    "coordinates": [
     -93.20435672,
     44.90190764
    ]
   },
   "properties": {
    "id": "vha_618QD",
    "name": "Minneapolis VA Mobile Medical Unit",
    "facility_type": "va_health_facility",
    "classification": "Other Outpatient Services (OOS)",
    "zip5": "55417",
    "city": "Minneapolis",
    "state": "MN",
    "visn": "23",
    "health_care_system": "VA Minneapolis health care",
    "operating_status": "NORMAL",
    "operating_status_info": null,
    "county_fips": null,
    "county_source": null,
    "market": null
   }
  },
  {
   "type": "Feature",
   "id": "vha_619",
   "geometry": {
    "type": "Point",
    "coordinates": [
     -86.244399,
     32.377302
    ]
   },
   "properties": {
    "id": "vha_619",
    "name": "Central Alabama VA Medical Center-Montgomery",
    "facility_type": "va_health_facility",
    "classification": "VA Medical Center (VAMC)",
    "zip5": "36109",
    "city": "Montgomery",
    "state": "AL",
    "visn": "7",
    "health_care_system": "VA Central Alabama health care",
    "operating_status": "NORMAL",
    "operating_status_info": null,
    "county_fips": null,
    "county_source": null,
    "market": null
   }
  },
  {
   "type": "Feature",
   "id": "vha_619A4",
   "geometry": {
    "type": "Point",
    "coordinates": [
     -85.70841105,
     32.43707785
    ]
   },
   "properties": {
    "id": "vha_619A4",
    "name": "Central Alabama VA Medical Center-Tuskegee",
    "facility_type": "va_health_facility",
    "classification": "VA Medical Center (VAMC)",
    "zip5": "36083",
    "city": "Tuskegee",
    "state": "AL",
    "visn": "7",
    "health_care_system": "VA Central Alabama health care",
    "operating_status": "NORMAL",
    "operating_status_info": null,
    "county_fips": null,
    "county_source": null,
    "market": null
   }
  },
  {
   "type": "Feature",
   "id": "vha_619GA",
   "geometry": {
    "type": "Point",
    "coordinates": [
     -84.99566985,
     32.54490043
    ]
   },
   "properties": {
    "id": "vha_619GA",
    "name": "Robert S. Poydasheff VA Clinic",
    "facility_type": "va_health_facility",
    "classification": "Multi-Specialty CBOC",
    "zip5": "31904",
    "city": "Columbus",
    "state": "GA",
    "visn": "7",
    "health_care_system": "VA Central Alabama health care",
    "operating_status": "NORMAL",
    "operating_status_info": null,
    "county_fips": null,
    "county_source": null,
    "market": null
   }
  },
  {
   "type": "Feature",
   "id": "vha_619GD",
   "geometry": {
    "type": "Point",
    "coordinates": [
     -85.72606491,
     31.32450422
    ]
   },
   "properties": {
    "id": "vha_619GD",
    "name": "Wiregrass VA Clinic",
    "facility_type": "va_health_facility",
    "classification": "Multi-Specialty CBOC",
    "zip5": "36362",
    "city": "Fort Rucker",
    "state": "AL",
    "visn": "7",
    "health_care_system": "VA Central Alabama health care",
    "operating_status": "NORMAL",
    "operating_status_info": null,
    "county_fips": null,
    "county_source": null,
    "market": null
   }
  },
  {
   "type": "Feature",
   "id": "vha_619GE",
   "geometry": {
    "type": "Point",
    "coordinates": [
     -87.32887378,
     31.50128745
    ]
   },
   "properties": {
    "id": "vha_619GE",
    "name": "Monroe County VA Clinic",
    "facility_type": "va_health_facility",
    "classification": "Primary Care CBOC",
    "zip5": "36460",
    "city": "Monroeville",
    "state": "AL",
    "visn": "7",
    "health_care_system": "VA Central Alabama health care",
    "operating_status": "NORMAL",
    "operating_status_info": null,
    "county_fips": null,
    "county_source": null,
    "market": null
   }
  },
  {
   "type": "Feature",
   "id": "vha_619GF",
   "geometry": {
    "type": "Point",
    "coordinates": [
     -86.12855946,
     32.35727391
    ]
   },
   "properties": {
    "id": "vha_619GF",
    "name": "Central Alabama Montgomery VA Clinic",
    "facility_type": "va_health_facility",
    "classification": "Multi-Specialty CBOC",
    "zip5": "36117",
    "city": "Montgomery",
    "state": "AL",
    "visn": "7",
    "health_care_system": "VA Central Alabama health care",
    "operating_status": "NORMAL",
    "operating_status_info": null,
    "county_fips": null,
    "county_source": null,
    "market": null
   }
  },
  {
   "type": "Feature",
   "id": "vha_619GG",
   "geometry": {
    "type": "Point",
    "coordinates": [
     -84.97921525,
     32.48335296
    ]
   },
   "properties": {
    "id": "vha_619GG",
    "name": "Columbus Downtown VA Clinic",
    "facility_type": "va_health_facility",
    "classification": "Primary Care CBOC",
    "zip5": "31904",
    "city": "Columbus",
    "state": "GA",
    "visn": "7",
    "health_care_system": "VA Central Alabama health care",
    "operating_status": "NORMAL",
    "operating_status_info": null,
    "county_fips": null,
    "county_source": null,
    "market": null
   }
  },
  {
   "type": "Feature",
   "id": "vha_619QA",
   "geometry": {
    "type": "Point",
    "coordinates": [
     -85.41563545,
     31.25292104
    ]
   },
   "properties": {
    "id": "vha_619QA",
    "name": "Dothan 2 VA Clinic",
    "facility_type": "va_health_facility",
    "classification": "Primary Care CBOC",
    "zip5": "36303",
    "city": "Dothan",
    "state": "AL",
    "visn": "7",
    "health_care_system": "VA Central Alabama health care",
    "operating_status": "NORMAL",
    "operating_status_info": null,
    "county_fips": null,
    "county_source": null,
    "market": null
   }
  },
  {
   "type": "Feature",
   "id": "vha_619QB",
   "geometry": {
    "type": "Point",
    "coordinates": [
     -84.83875772,
     32.34249785
    ]
   },
   "properties": {
    "id": "vha_619QB",
    "name": "Fort Benning VA Clinic",
    "facility_type": "va_health_facility",
    "classification": "Primary Care CBOC",
    "zip5": "31905",
    "city": "Fort Benning",
    "state": "GA",
    "visn": "7",
    "health_care_system": "VA Central Alabama health care",
    "operating_status": "NORMAL",
    "operating_status_info": null,
    "county_fips": null,
    "county_source": null,
    "market": null
   }
  },
  {
   "type": "Feature",
   "id": "vha_619QC",
   "geometry": {
    "type": "Point",
    "coordinates": [
     -86.243472,
     32.376996
    ]
   },
   "properties": {
    "id": "vha_619QC",
    "name": "Montgomery VA Mobile Medical Unit",
    "facility_type": "va_health_facility",
    "classification": "Other Outpatient Services (OOS)",
    "zip5": "36109",
    "city": "Montgomery",
    "state": "AL",
    "visn": "7",
    "health_care_system": "VA Central Alabama health care",
    "operating_status": "NORMAL",
    "operating_status_info": null,
    "county_fips": null,
    "county_source": null,
    "market": null
   }
  },
  {
   "type": "Feature",
   "id": "vha_620",
   "geometry": {
    "type": "Point",
    "coordinates": [
     -73.926261,
     41.24466
    ]
   },
   "properties": {
    "id": "vha_620",
    "name": "Franklin Delano Roosevelt Hospital",
    "facility_type": "va_health_facility",
    "classification": "VA Medical Center (VAMC)",
    "zip5": "10548",
    "city": "Montrose",
    "state": "NY",
    "visn": "2",
    "health_care_system": "VA Hudson Valley health care",
    "operating_status": "NORMAL",
    "operating_status_info": null,
    "county_fips": null,
    "county_source": null,
    "market": null
   }
  },
  {
   "type": "Feature",
   "id": "vha_620A4",
   "geometry": {
    "type": "Point",
    "coordinates": [
     -73.96220178,
     41.54039811
    ]
   },
   "properties": {
    "id": "vha_620A4",
    "name": "Castle Point VA Medical Center",
    "facility_type": "va_health_facility",
    "classification": "VA Medical Center (VAMC)",
    "zip5": "12590",
    "city": "Wappingers Falls",
    "state": "NY",
    "visn": "2",
    "health_care_system": "VA Hudson Valley health care",
    "operating_status": "NORMAL",
    "operating_status_info": null,
    "county_fips": null,
    "county_source": null,
    "market": null
   }
  },
  {
   "type": "Feature",
   "id": "vha_620GA",
   "geometry": {
    "type": "Point",
    "coordinates": [
     -73.98807545,
     41.16760326
    ]
   },
   "properties": {
    "id": "vha_620GA",
    "name": "New City VA Clinic",
    "facility_type": "va_health_facility",
    "classification": "Multi-Specialty CBOC",
    "zip5": "10956",
    "city": "New City",
    "state": "NY",
    "visn": "2",
    "health_care_system": "VA Hudson Valley health care",
    "operating_status": "NORMAL",
    "operating_status_info": null,
    "county_fips": null,
    "county_source": null,
    "market": null
   }
  },
  {
   "type": "Feature",
   "id": "vha_620GB",
   "geometry": {
    "type": "Point",
    "coordinates": [
     -73.67012263,
     41.41485676
    ]
   },
   "properties": {
    "id": "vha_620GB",
    "name": "Carmel VA Clinic",
    "facility_type": "va_health_facility",
    "classification": "Primary Care CBOC",
    "zip5": "10512",
    "city": "Carmel",
    "state": "NY",
    "visn": "2",
    "health_care_system": "VA Hudson Valley health care",
    "operating_status": "NORMAL",
    "operating_status_info": null,
    "county_fips": null,
    "county_source": null,
    "market": null
   }
  },
  {
   "type": "Feature",
   "id": "vha_620GD",
   "geometry": {
    "type": "Point",
    "coordinates": [
     -74.339802,
     41.395113
    ]
   },
   "properties": {
    "id": "vha_620GD",
    "name": "Goshen VA Clinic",
    "facility_type": "va_health_facility",
    "classification": "Primary Care CBOC",
    "zip5": "10924",
    "city": "Goshen",
    "state": "NY",
    "visn": "2",
    "health_care_system": "VA Hudson Valley health care",
    "operating_status": "NORMAL",
    "operating_status_info": null,
    "county_fips": null,
    "county_source": null,
    "market": null
   }
  },
  {
   "type": "Feature",
   "id": "vha_620GE",
   "geometry": {
    "type": "Point",
    "coordinates": [
     -74.693691,
     41.376708
    ]
   },
   "properties": {
    "id": "vha_620GE",
    "name": "Port Jervis VA Clinic",
    "facility_type": "va_health_facility",
    "classification": "Primary Care CBOC",
    "zip5": "12771",
    "city": "Port Jervis",
    "state": "NY",
    "visn": "2",
    "health_care_system": "VA Hudson Valley health care",
    "operating_status": "NORMAL",
    "operating_status_info": null,
    "county_fips": null,
    "county_source": null,
    "market": null
   }
  },
  {
   "type": "Feature",
   "id": "vha_620GF",
   "geometry": {
    "type": "Point",
    "coordinates": [
     -74.69458295,
     41.66009212
    ]
   },
   "properties": {
    "id": "vha_620GF",
    "name": "Monticello VA Clinic",
    "facility_type": "va_health_facility",
    "classification": "Other Outpatient Services (OOS)",
    "zip5": "12701",
    "city": "Monticello",
    "state": "NY",
    "visn": "2",
    "health_care_system": "VA Hudson Valley health care",
    "operating_status": "NORMAL",
    "operating_status_info": null,
    "county_fips": null,
    "county_source": null,
    "market": null
   }
  },
  {
   "type": "Feature",
   "id": "vha_620GG",
   "geometry": {
    "type": "Point",
    "coordinates": [
     -73.8547605,
     41.679639
    ]
   },
   "properties": {
    "id": "vha_620GG",
    "name": "Poughkeepsie VA Clinic",
    "facility_type": "va_health_facility",
    "classification": "Primary Care CBOC",
    "zip5": "12603",
    "city": "Poughkeepsie",
    "state": "NY",
    "visn": "2",
    "health_care_system": "VA Hudson Valley health care",
    "operating_status": "NORMAL",
    "operating_status_info": null,
    "county_fips": null,
    "county_source": null,
    "market": null
   }
  },
  {
   "type": "Feature",
   "id": "vha_620GH",
   "geometry": {
    "type": "Point",
    "coordinates": [
     -73.66106105,
     41.98076568
    ]
   },
   "properties": {
    "id": "vha_620GH",
    "name": "Eastern Dutchess VA Clinic",
    "facility_type": "va_health_facility",
    "classification": "Other Outpatient Services (OOS)",
    "zip5": "12567",
    "city": "Pine Plains",
    "state": "NY",
    "visn": "2",
    "health_care_system": "VA Hudson Valley health care",
    "operating_status": "NORMAL",
    "operating_status_info": null,
    "county_fips": null,
    "county_source": null,
    "market": null
   }
  },
  {
   "type": "Feature",
   "id": "vha_621",
   "geometry": {
    "type": "Point",
    "coordinates": [
     -82.3730805,
     36.311193
    ]
   },
   "properties": {
    "id": "vha_621",
    "name": "James H. Quillen Department of Veterans Affairs Medical Center",
    "facility_type": "va_health_facility",
    "classification": "VA Medical Center (VAMC)",
    "zip5": "37684",
    "city": "Mountain Home",
    "state": "TN",
    "visn": "9",
    "health_care_system": "VA Mountain Home health care",
    "operating_status": "NORMAL",
    "operating_status_info": null,
    "county_fips": null,
    "county_source": null,
    "market": null
   }
  },
  {
   "type": "Feature",
   "id": "vha_621BY",
   "geometry": {
    "type": "Point",
    "coordinates": [
     -84.0474741,
     35.92320364
    ]
   },
   "properties": {
    "id": "vha_621BY",
    "name": "William C. Tallent Department of Veterans Affairs Outpatient Clinic",
    "facility_type": "va_health_facility",
    "classification": "Multi-Specialty CBOC",
    "zip5": "37919",
    "city": "Knoxville",
    "state": "TN",
    "visn": "9",
    "health_care_system": "VA Mountain Home health care",
    "operating_status": "NORMAL",
    "operating_status_info": null,
    "county_fips": null,
    "county_source": null,
    "market": null
   }
  },
  {
   "type": "Feature",
   "id": "vha_621GA",
   "geometry": {
    "type": "Point",
    "coordinates": [
     -83.0132595,
     36.40086
    ]
   },
   "properties": {
    "id": "vha_621GA",
    "name": "Rogersville VA Clinic",
    "facility_type": "va_health_facility",
    "classification": "Other Outpatient Services (OOS)",
    "zip5": "37857",
    "city": "Rogersville",
    "state": "TN",
    "visn": "9",
    "health_care_system": "VA Mountain Home health care",
    "operating_status": "NORMAL",
    "operating_status_info": null,
    "county_fips": null,
    "county_source": null,
    "market": null
   }
  },
  {
   "type": "Feature",
   "id": "vha_621GC",
   "geometry": {
    "type": "Point",
    "coordinates": [
     -82.60359804,
     36.93960968
    ]
   },
   "properties": {
    "id": "vha_621GC",
    "name": "Norton VA Clinic",
    "facility_type": "va_health_facility",
    "classification": "Primary Care CBOC",
    "zip5": "24273",
    "city": "Norton",
    "state": "VA",
    "visn": "9",
    "health_care_system": "VA Mountain Home health care",
    "operating_status": "NORMAL",
    "operating_status_info": null,
    "county_fips": null,
    "county_source": null,
    "market": null
   }
  },
  {
   "type": "Feature",
   "id": "vha_621GG",
   "geometry": {
    "type": "Point",
    "coordinates": [
     -83.28229235,
     36.21665392
    ]
   },
   "properties": {
    "id": "vha_621GG",
    "name": "Morristown VA Clinic",
    "facility_type": "va_health_facility",
    "classification": "Primary Care CBOC",
    "zip5": "37813",
    "city": "Morristown",
    "state": "TN",
    "visn": "9",
    "health_care_system": "VA Mountain Home health care",
    "operating_status": "NORMAL",
    "operating_status_info": null,
    "county_fips": null,
    "county_source": null,
    "market": null
   }
  },
  {
   "type": "Feature",
   "id": "vha_621GI",
   "geometry": {
    "type": "Point",
    "coordinates": [
     -83.54172446,
     35.8526454
    ]
   },
   "properties": {
    "id": "vha_621GI",
    "name": "Dannie A. Carr Veterans Outpatient Clinic",
    "facility_type": "va_health_facility",
    "classification": "Primary Care CBOC",
    "zip5": "37862",
    "city": "Sevierville",
    "state": "TN",
    "visn": "9",
    "health_care_system": "VA Mountain Home health care",
    "operating_status": "NORMAL",
    "operating_status_info": null,
    "county_fips": null,
    "county_source": null,
    "market": null
   }
  },
  {
   "type": "Feature",
   "id": "vha_621GJ",
   "geometry": {
    "type": "Point",
    "coordinates": [
     -82.1263905,
     36.633519
    ]
   },
   "properties": {
    "id": "vha_621GJ",
    "name": "Bristol VA Clinic",
    "facility_type": "va_health_facility",
    "classification": "Primary Care CBOC",
    "zip5": "24202",
    "city": "Bristol",
    "state": "VA",
    "visn": "9",
    "health_care_system": "VA Mountain Home health care",
    "operating_status": "NORMAL",
    "operating_status_info": null,
    "county_fips": null,
    "county_source": null,
    "market": null
   }
  },
  {
   "type": "Feature",
   "id": "vha_621GK",
   "geometry": {
    "type": "Point",
    "coordinates": [
     -84.15740417,
     36.35184084
    ]
   },
   "properties": {
    "id": "vha_621GK",
    "name": "Campbell County VA Clinic",
    "facility_type": "va_health_facility",
    "classification": "Other Outpatient Services (OOS)",
    "zip5": "37766",
    "city": "LaFollette",
    "state": "TN",
    "visn": "9",
    "health_care_system": "VA Mountain Home health care",
    "operating_status": "NORMAL",
    "operating_status_info": null,
    "county_fips": null,
    "county_source": null,
    "market": null
   }
  },
  {
   "type": "Feature",
   "id": "vha_621GO",
   "geometry": {
    "type": "Point",
    "coordinates": [
     -81.8196525,
     36.499923
    ]
   },
   "properties": {
    "id": "vha_621GO",
    "name": "Mountain City VA Clinic",
    "facility_type": "va_health_facility",
    "classification": "Other Outpatient Services (OOS)",
    "zip5": "37683",
    "city": "Mountain City",
    "state": "TN",
    "visn": "9",
    "health_care_system": "VA Mountain Home health care",
    "operating_status": "NORMAL",
    "operating_status_info": null,
    "county_fips": null,
    "county_source": null,
    "market": null
   }
  },
  {
   "type": "Feature",
   "id": "vha_621GP",
   "geometry": {
    "type": "Point",
    "coordinates": [
     -83.28229235,
     36.21665392
    ]
   },
   "properties": {
    "id": "vha_621GP",
    "name": "Morristown East VA Clinic",
    "facility_type": "va_health_facility",
    "classification": "Other Outpatient Services (OOS)",
    "zip5": "37813",
    "city": "Morristown",
    "state": "TN",
    "visn": "9",
    "health_care_system": "VA Mountain Home health care",
    "operating_status": "NORMAL",
    "operating_status_info": null,
    "county_fips": null,
    "county_source": null,
    "market": null
   }
  },
  {
   "type": "Feature",
   "id": "vha_621QA",
   "geometry": {
    "type": "Point",
    "coordinates": [
     -83.1274239,
     36.6842991
    ]
   },
   "properties": {
    "id": "vha_621QA",
    "name": "Jonesville VA Clinic",
    "facility_type": "va_health_facility",
    "classification": "Other Outpatient Services (OOS)",
    "zip5": "24263",
    "city": "Jonesville",
    "state": "VA",
    "visn": "9",
    "health_care_system": "VA Mountain Home health care",
    "operating_status": "NORMAL",
    "operating_status_info": null,
    "county_fips": null,
    "county_source": null,
    "market": null
   }
  },
  {
   "type": "Feature",
   "id": "vha_621QC",
   "geometry": {
    "type": "Point",
    "coordinates": [
     -82.10201972,
     37.21985988
    ]
   },
   "properties": {
    "id": "vha_621QC",
    "name": "Vansant VA Clinic",
    "facility_type": "va_health_facility",
    "classification": "Other Outpatient Services (OOS)",
    "zip5": "24656",
    "city": "Vansant",
    "state": "VA",
    "visn": "9",
    "health_care_system": "VA Mountain Home health care",
    "operating_status": "NORMAL",
    "operating_status_info": null,
    "county_fips": null,
    "county_source": null,
    "market": null
   }
  },
  {
   "type": "Feature",
   "id": "vha_621QD",
   "geometry": {
    "type": "Point",
    "coordinates": [
     -84.05136783,
     35.91992436
    ]
   },
   "properties": {
    "id": "vha_621QD",
    "name": "Knox County VA Clinic",
    "facility_type": "va_health_facility",
    "classification": "Other Outpatient Services (OOS)",
    "zip5": "37919",
    "city": "Knoxville",
    "state": "TN",
    "visn": "9",
    "health_care_system": "VA Mountain Home health care",
    "operating_status": "NORMAL",
    "operating_status_info": null,
    "county_fips": null,
    "county_source": null,
    "market": null
   }
  },
  {
   "type": "Feature",
   "id": "vha_621QE",
   "geometry": {
    "type": "Point",
    "coordinates": [
     -84.05244,
     35.918946
    ]
   },
   "properties": {
    "id": "vha_621QE",
    "name": "Downtown West VA Clinic",
    "facility_type": "va_health_facility",
    "classification": "Other Outpatient Services (OOS)",
    "zip5": "37919",
    "city": "Knoxville",
    "state": "TN",
    "visn": "9",
    "health_care_system": "VA Mountain Home health care",
    "operating_status": "NORMAL",
    "operating_status_info": null,
    "county_fips": null,
    "county_source": null,
    "market": null
   }
  },
  {
   "type": "Feature",
   "id": "vha_621QF",
   "geometry": {
    "type": "Point",
    "coordinates": [
     -82.362618,
     36.318096
    ]
   },
   "properties": {
    "id": "vha_621QF",
    "name": "Johnson City VA Clinic",
    "facility_type": "va_health_facility",
    "classification": "Other Outpatient Services (OOS)",
    "zip5": "37604",
    "city": "Johnson City",
    "state": "TN",
    "visn": "9",
    "health_care_system": "VA Mountain Home health care",
    "operating_status": "NORMAL",
    "operating_status_info": null,
    "county_fips": null,
    "county_source": null,
    "market": null
   }
  },
  {
   "type": "Feature",
   "id": "vha_621QG",
   "geometry": {
    "type": "Point",
    "coordinates": [
     -84.05096877,
     35.92112702
    ]
   },
   "properties": {
    "id": "vha_621QG",
    "name": "Knox West VA Clinic",
    "facility_type": "va_health_facility",
    "classification": "Other Outpatient Services (OOS)",
    "zip5": "37919",
    "city": "Knoxville",
    "state": "TN",
    "visn": "9",
    "health_care_system": "VA Mountain Home health care",
    "operating_status": "NORMAL",
    "operating_status_info": null,
    "county_fips": null,
    "county_source": null,
    "market": null
   }
  },
  {
   "type": "Feature",
   "id": "vha_621QH",
   "geometry": {
    "type": "Point",
    "coordinates": [
     -84.05927704,
     35.92304241
    ]
   },
   "properties": {
    "id": "vha_621QH",
    "name": "Kingston Pike VA Clinic",
    "facility_type": "va_health_facility",
    "classification": "Other Outpatient Services (OOS)",
    "zip5": "37919",
    "city": "Knoxville",
    "state": "TN",
    "visn": "9",
    "health_care_system": null,
    "operating_status": "NORMAL",
    "operating_status_info": null,
    "county_fips": null,
    "county_source": null,
    "market": null
   }
  },
  {
   "type": "Feature",
   "id": "vha_621QI",
   "geometry": {
    "type": "Point",
    "coordinates": [
     -82.3730805,
     36.311193
    ]
   },
   "properties": {
    "id": "vha_621QI",
    "name": "Mountain Home 1 VA Mobile Clinic",
    "facility_type": "va_health_facility",
    "classification": "Other Outpatient Services (OOS)",
    "zip5": "37684",
    "city": "Mountain Home",
    "state": "TN",
    "visn": "9",
    "health_care_system": "VA Mountain Home health care",
    "operating_status": "NORMAL",
    "operating_status_info": null,
    "county_fips": null,
    "county_source": null,
    "market": null
   }
  },
  {
   "type": "Feature",
   "id": "vha_623",
   "geometry": {
    "type": "Point",
    "coordinates": [
     -95.41360924,
     35.76489696
    ]
   },
   "properties": {
    "id": "vha_623",
    "name": "Jack C. Montgomery Department of Veterans Affairs Medical Center",
    "facility_type": "va_health_facility",
    "classification": "VA Medical Center (VAMC)",
    "zip5": "74401",
    "city": "Muskogee",
    "state": "OK",
    "visn": "19",
    "health_care_system": "VA Eastern Oklahoma health care",
    "operating_status": "NORMAL",
    "operating_status_info": null,
    "county_fips": null,
    "county_source": null,
    "market": null
   }
  },
  {
   "type": "Feature",
   "id": "vha_623A4",
   "geometry": {
    "type": "Point",
    "coordinates": [
     -95.9988983,
     36.1494506
    ]
   },
   "properties": {
    "id": "vha_623A4",
    "name": "James Mountain Inhofe VA Medical Center",
    "facility_type": "va_health_facility",
    "classification": "VA Medical Center (VAMC)",
    "zip5": "74127",
    "city": "Tulsa",
    "state": "OK",
    "visn": "19",
    "health_care_system": null,
    "operating_status": "NORMAL",
    "operating_status_info": null,
    "county_fips": null,
    "county_source": null,
    "market": null
   }
  },
  {
   "type": "Feature",
   "id": "vha_623BY",
   "geometry": {
    "type": "Point",
    "coordinates": [
     -95.86845454,
     36.033813
    ]
   },
   "properties": {
    "id": "vha_623BY",
    "name": "Ernest Childers Department of Veterans Affairs Outpatient Clinic",
    "facility_type": "va_health_facility",
    "classification": "Multi-Specialty CBOC",
    "zip5": "74133",
    "city": "Tulsa",
    "state": "OK",
    "visn": "19",
    "health_care_system": "VA Eastern Oklahoma health care",
    "operating_status": "NORMAL",
    "operating_status_info": null,
    "county_fips": null,
    "county_source": null,
    "market": null
   }
  },
  {
   "type": "Feature",
   "id": "vha_623GA",
   "geometry": {
    "type": "Point",
    "coordinates": [
     -95.75031767,
     34.93601672
    ]
   },
   "properties": {
    "id": "vha_623GA",
    "name": "McAlester VA Clinic",
    "facility_type": "va_health_facility",
    "classification": "Primary Care CBOC",
    "zip5": "74501",
    "city": "McAlester",
    "state": "OK",
    "visn": "19",
    "health_care_system": "VA Eastern Oklahoma health care",
    "operating_status": "NORMAL",
    "operating_status_info": null,
    "county_fips": null,
    "county_source": null,
    "market": null
   }
  },
  {
   "type": "Feature",
   "id": "vha_623GB",
   "geometry": {
    "type": "Point",
    "coordinates": [
     -95.14359608,
     36.62056661
    ]
   },
   "properties": {
    "id": "vha_623GB",
    "name": "Vinita VA Clinic",
    "facility_type": "va_health_facility",
    "classification": "Other Outpatient Services (OOS)",
    "zip5": "74301",
    "city": "Vinita",
    "state": "OK",
    "visn": "19",
    "health_care_system": "VA Eastern Oklahoma health care",
    "operating_status": "NORMAL",
    "operating_status_info": null,
    "county_fips": null,
    "county_source": null,
    "market": null
   }
  },
  {
   "type": "Feature",
   "id": "vha_623GC",
   "geometry": {
    "type": "Point",
    "coordinates": [
     -94.82817567,
     33.91959111
    ]
   },
   "properties": {
    "id": "vha_623GC",
    "name": "McCurtain County VA Clinic",
    "facility_type": "va_health_facility",
    "classification": "Other Outpatient Services (OOS)",
    "zip5": "74745",
    "city": "Idabel",
    "state": "OK",
    "visn": "19",
    "health_care_system": "VA Eastern Oklahoma health care",
    "operating_status": "NORMAL",
    "operating_status_info": null,
    "county_fips": null,
    "county_source": null,
    "market": null
   }
  },
  {
   "type": "Feature",
   "id": "vha_623GD",
   "geometry": {
    "type": "Point",
    "coordinates": [
     -95.59891678,
     36.33756923
    ]
   },
   "properties": {
    "id": "vha_623GD",
    "name": "Claremore VA Clinic",
    "facility_type": "va_health_facility",
    "classification": "Primary Care CBOC",
    "zip5": "74017",
    "city": "Claremore",
    "state": "OK",
    "visn": "19",
    "health_care_system": "VA Eastern Oklahoma health care",
    "operating_status": "NORMAL",
    "operating_status_info": null,
    "county_fips": null,
    "county_source": null,
    "market": null
   }
  },
  {
   "type": "Feature",
   "id": "vha_623QA",
   "geometry": {
    "type": "Point",
    "coordinates": [
     -95.33901932,
     35.77111998
    ]
   },
   "properties": {
    "id": "vha_623QA",
    "name": "Muskogee East VA Clinic",
    "facility_type": "va_health_facility",
    "classification": "Other Outpatient Services (OOS)",
    "zip5": "74403",
    "city": "Muskogee",
    "state": "OK",
    "visn": "19",
    "health_care_system": "VA Eastern Oklahoma health care",
    "operating_status": "NORMAL",
    "operating_status_info": null,
    "county_fips": null,
    "county_source": null,
    "market": null
   }
  },
  {
   "type": "Feature",
   "id": "vha_623QB",
   "geometry": {
    "type": "Point",
    "coordinates": [
     -95.8621725,
     36.149229
    ]
   },
   "properties": {
    "id": "vha_623QB",
    "name": "Tulsa Eleventh Street VA Clinic",
    "facility_type": "va_health_facility",
    "classification": "Other Outpatient Services (OOS)",
    "zip5": "74128",
    "city": "Tulsa",
    "state": "OK",
    "visn": "19",
    "health_care_system": "VA Eastern Oklahoma health care",
    "operating_status": "TEMPORARY_CLOSURE",
    "operating_status_info": "Tulsa Eleventh Street VA Clinic will remain closed through Friday, June 20, 2025 due to significant water damage. We appreciate the understanding and support of our veteran community as we work to resolve this issue. The health and safety of our veterans and staff remain our top priority.",
    "county_fips": null,
    "county_source": null,
    "market": null
   }
  },
  {
   "type": "Feature",
   "id": "vha_623QC",
   "geometry": {
    "type": "Point",
    "coordinates": [
     -95.9232825,
     36.089352
    ]
   },
   "properties": {
    "id": "vha_623QC",
    "name": "Yale Avenue VA Clinic",
    "facility_type": "va_health_facility",
    "classification": "Other Outpatient Services (OOS)",
    "zip5": "74134",
    "city": "Tulsa",
    "state": "OK",
    "visn": "19",
    "health_care_system": "VA Eastern Oklahoma health care",
    "operating_status": "NORMAL",
    "operating_status_info": null,
    "county_fips": null,
    "county_source": null,
    "market": null
   }
  },
  {
   "type": "Feature",
   "id": "vha_623QD",
   "geometry": {
    "type": "Point",
    "coordinates": [
     -95.945283,
     36.748773
    ]
   },
   "properties": {
    "id": "vha_623QD",
    "name": "Bartlesville VA Clinic",
    "facility_type": "va_health_facility",
    "classification": "Multi-Specialty CBOC",
    "zip5": "74006",
    "city": "Bartlesville",
    "state": "OK",
    "visn": "19",
    "health_care_system": "VA Eastern Oklahoma health care",
    "operating_status": "NORMAL",
    "operating_status_info": null,
    "county_fips": null,
    "county_source": null,
    "market": null
   }
  },
  {
   "type": "Feature",
   "id": "vha_623QE",
   "geometry": {
    "type": "Point",
    "coordinates": [
     -95.86216667,
     36.14810505
    ]
   },
   "properties": {
    "id": "vha_623QE",
    "name": "Tulsa VA Mobile Medical Unit",
    "facility_type": "va_health_facility",
    "classification": "Other Outpatient Services (OOS)",
    "zip5": "74128",
    "city": "Tulsa",
    "state": "OK",
    "visn": "19",
    "health_care_system": "VA Eastern Oklahoma health care",
    "operating_status": "NORMAL",
    "operating_status_info": null,
    "county_fips": null,
    "county_source": null,
    "market": null
   }
  },
  {
   "type": "Feature",
   "id": "vha_626",
   "geometry": {
    "type": "Point",
    "coordinates": [
     -86.8039155,
     36.14058
    ]
   },
   "properties": {
    "id": "vha_626",
    "name": "Nashville VA Medical Center",
    "facility_type": "va_health_facility",
    "classification": "VA Medical Center (VAMC)",
    "zip5": "37212",
    "city": "Nashville",
    "state": "TN",
    "visn": "9",
    "health_care_system": "VA Tennessee Valley health care",
    "operating_status": "NORMAL",
    "operating_status_info": null,
    "county_fips": null,
    "county_source": null,
    "market": null
   }
  },
  {
   "type": "Feature",
   "id": "vha_626A4",
   "geometry": {
    "type": "Point",
    "coordinates": [
     -86.38251839,
     35.91443735
    ]
   },
   "properties": {
    "id": "vha_626A4",
    "name": "Alvin C. York Veterans' Administration Medical Center",
    "facility_type": "va_health_facility",
    "classification": "VA Medical Center (VAMC)",
    "zip5": "37129",
    "city": "Murfreesboro",
    "state": "TN",
    "visn": "9",
    "health_care_system": "VA Tennessee Valley health care",
    "operating_status": "NORMAL",
    "operating_status_info": null,
    "county_fips": null,
    "county_source": null,
    "market": null
   }
  },
  {
   "type": "Feature",
   "id": "vha_626GA",
   "geometry": {
    "type": "Point",
    "coordinates": [
     -87.88593251,
     36.48071838
    ]
   },
   "properties": {
    "id": "vha_626GA",
    "name": "Dover VA Clinic",
    "facility_type": "va_health_facility",
    "classification": "Primary Care CBOC",
    "zip5": "37058",
    "city": "Dover",
    "state": "TN",
    "visn": "9",
    "health_care_system": "VA Tennessee Valley health care",
    "operating_status": "NORMAL",
    "operating_status_info": null,
    "county_fips": null,
    "county_source": null,
    "market": null
   }
  },
  {
   "type": "Feature",
   "id": "vha_626GC",
   "geometry": {
    "type": "Point",
    "coordinates": [
     -86.428268,
     36.990471
    ]
   },
   "properties": {
    "id": "vha_626GC",
    "name": "Bowling Green VA Clinic",
    "facility_type": "va_health_facility",
    "classification": "Primary Care CBOC",
    "zip5": "42101",
    "city": "Bowling Green",
    "state": "KY",
    "visn": "9",
    "health_care_system": "VA Tennessee Valley health care",
    "operating_status": "NORMAL",
    "operating_status_info": null,
    "county_fips": null,
    "county_source": null,
    "market": null
   }
  },
  {
   "type": "Feature",
   "id": "vha_626GE",
   "geometry": {
    "type": "Point",
    "coordinates": [
     -87.28685764,
     36.57358941
    ]
   },
   "properties": {
    "id": "vha_626GE",
    "name": "Clarksville VA Clinic",
    "facility_type": "va_health_facility",
    "classification": "Multi-Specialty CBOC",
    "zip5": "37043",
    "city": "Clarksville",
    "state": "TN",
    "visn": "9",
    "health_care_system": "VA Tennessee Valley health care",
    "operating_status": "NORMAL",
    "operating_status_info": null,
    "county_fips": null,
    "county_source": null,
    "market": null
   }
  },
  {
   "type": "Feature",
   "id": "vha_626GF",
   "geometry": {
    "type": "Point",
    "coordinates": [
     -85.17622969,
     35.05086718
    ]
   },
   "properties": {
    "id": "vha_626GF",
    "name": "Chattanooga VA Clinic",
    "facility_type": "va_health_facility",
    "classification": "Multi-Specialty CBOC",
    "zip5": "37421",
    "city": "Chattanooga",
    "state": "TN",
    "visn": "9",
    "health_care_system": "VA Tennessee Valley health care",
    "operating_status": "NORMAL",
    "operating_status_info": null,
    "county_fips": null,
    "county_source": null,
    "market": null
   }
  },
  {
   "type": "Feature",
   "id": "vha_626GG",
   "geometry": {
    "type": "Point",
    "coordinates": [
     -86.02963,
     35.38277
    ]
   },
   "properties": {
    "id": "vha_626GG",
    "name": "Tullahoma VA Clinic",
    "facility_type": "va_health_facility",
    "classification": "Other Outpatient Services (OOS)",
    "zip5": "37389",
    "city": "Arnold Air Force Base",
    "state": "TN",
    "visn": "9",
    "health_care_system": "VA Tennessee Valley health care",
    "operating_status": "NORMAL",
    "operating_status_info": null,
    "county_fips": null,
    "county_source": null,
    "market": null
   }
  },
  {
   "type": "Feature",
   "id": "vha_626GH",
   "geometry": {
    "type": "Point",
    "coordinates": [
     -85.52398279,
     36.14406156
    ]
   },
   "properties": {
    "id": "vha_626GH",
    "name": "Cookeville VA Clinic",
    "facility_type": "va_health_facility",
    "classification": "Primary Care CBOC",
    "zip5": "38501",
    "city": "Cookeville",
    "state": "TN",
    "visn": "9",
    "health_care_system": "VA Tennessee Valley health care",
    "operating_status": "NORMAL",
    "operating_status_info": null,
    "county_fips": null,
    "county_source": null,
    "market": null
   }
  },
  {
   "type": "Feature",
   "id": "vha_626GJ",
   "geometry": {
    "type": "Point",
    "coordinates": [
     -87.47373646,
     36.83364345
    ]
   },
   "properties": {
    "id": "vha_626GJ",
    "name": "Hopkinsville VA Clinic",
    "facility_type": "va_health_facility",
    "classification": "Primary Care CBOC",
    "zip5": "42240",
    "city": "Hopkinsville",
    "state": "KY",
    "visn": "9",
    "health_care_system": "VA Tennessee Valley health care",
    "operating_status": "NORMAL",
    "operating_status_info": null,
    "county_fips": null,
    "county_source": null,
    "market": null
   }
  },
  {
   "type": "Feature",
   "id": "vha_626GK",
   "geometry": {
    "type": "Point",
    "coordinates": [
     -85.74711749,
     35.69557208
    ]
   },
   "properties": {
    "id": "vha_626GK",
    "name": "McMinnville VA Clinic",
    "facility_type": "va_health_facility",
    "classification": "Primary Care CBOC",
    "zip5": "37110",
    "city": "McMinnville",
    "state": "TN",
    "visn": "9",
    "health_care_system": "VA Tennessee Valley health care",
    "operating_status": "NORMAL",
    "operating_status_info": null,
    "county_fips": null,
    "county_source": null,
    "market": null
   }
  },
  {
   "type": "Feature",
   "id": "vha_626GL",
   "geometry": {
    "type": "Point",
    "coordinates": [
     -84.62241699,
     35.89343606
    ]
   },
   "properties": {
    "id": "vha_626GL",
    "name": "Roane County VA Clinic",
    "facility_type": "va_health_facility",
    "classification": "Primary Care CBOC",
    "zip5": "37748",
    "city": "Harriman",
    "state": "TN",
    "visn": "9",
    "health_care_system": "VA Tennessee Valley health care",
    "operating_status": "NORMAL",
    "operating_status_info": null,
    "county_fips": null,
    "county_source": null,
    "market": null
   }
  },
  {
   "type": "Feature",
   "id": "vha_626GM",
   "geometry": {
    "type": "Point",
    "coordinates": [
     -87.05642505,
     35.5961789
    ]
   },
   "properties": {
    "id": "vha_626GM",
    "name": "Columbia VA Clinic",
    "facility_type": "va_health_facility",
    "classification": "Primary Care CBOC",
    "zip5": "38401",
    "city": "Columbia",
    "state": "TN",
    "visn": "9",
    "health_care_system": "VA Tennessee Valley health care",
    "operating_status": "NORMAL",
    "operating_status_info": null,
    "county_fips": null,
    "county_source": null,
    "market": null
   }
  },
  {
   "type": "Feature",
   "id": "vha_626GN",
   "geometry": {
    "type": "Point",
    "coordinates": [
     -84.61678538,
     35.44942388
    ]
   },
   "properties": {
    "id": "vha_626GN",
    "name": "Athens VA Clinic",
    "facility_type": "va_health_facility",
    "classification": "Primary Care CBOC",
    "zip5": "37303",
    "city": "Athens",
    "state": "TN",
    "visn": "9",
    "health_care_system": "VA Tennessee Valley health care",
    "operating_status": "NORMAL",
    "operating_status_info": null,
    "county_fips": null,
    "county_source": null,
    "market": null
   }
  },
  {
   "type": "Feature",
   "id": "vha_626GO",
   "geometry": {
    "type": "Point",
    "coordinates": [
     -86.69560081,
     36.1272915
    ]
   },
   "properties": {
    "id": "vha_626GO",
    "name": "International Plaza VA Clinic",
    "facility_type": "va_health_facility",
    "classification": "Multi-Specialty CBOC",
    "zip5": "37217",
    "city": "Nashville",
    "state": "TN",
    "visn": "9",
    "health_care_system": "VA Tennessee Valley health care",
    "operating_status": "NORMAL",
    "operating_status_info": null,
    "county_fips": null,
    "county_source": null,
    "market": null
   }
  },
  {
   "type": "Feature",
   "id": "vha_626GP",
   "geometry": {
    "type": "Point",
    "coordinates": [
     -86.43302806,
     36.38727893
    ]
   },
   "properties": {
    "id": "vha_626GP",
    "name": "Gallatin VA Clinic",
    "facility_type": "va_health_facility",
    "classification": "Primary Care CBOC",
    "zip5": "37066",
    "city": "Gallatin",
    "state": "TN",
    "visn": "9",
    "health_care_system": "VA Tennessee Valley health care",
    "operating_status": "NORMAL",
    "operating_status_info": null,
    "county_fips": null,
    "county_source": null,
    "market": null
   }
  },
  {
   "type": "Feature",
   "id": "vha_626GQ",
   "geometry": {
    "type": "Point",
    "coordinates": [
     -87.44696082,
     36.6375768
    ]
   },
   "properties": {
    "id": "vha_626GQ",
    "name": "Fort Campbell VA Clinic",
    "facility_type": "va_health_facility",
    "classification": "Primary Care CBOC",
    "zip5": "42223",
    "city": "Fort Campbell",
    "state": "KY",
    "visn": "9",
    "health_care_system": "VA Tennessee Valley health care",
    "operating_status": "NORMAL",
    "operating_status_info": null,
    "county_fips": null,
    "county_source": null,
    "market": null
   }
  },
  {
   "type": "Feature",
   "id": "vha_626GR",
   "geometry": {
    "type": "Point",
    "coordinates": [
     -86.80290077,
     36.1572518
    ]
   },
   "properties": {
    "id": "vha_626GR",
    "name": "Charlotte Avenue 3 VA Clinic",
    "facility_type": "va_health_facility",
    "classification": "Primary Care CBOC",
    "zip5": "37203",
    "city": "Nashville",
    "state": "TN",
    "visn": "9",
    "health_care_system": null,
    "operating_status": "NORMAL",
    "operating_status_info": null,
    "county_fips": null,
    "county_source": null,
    "market": null
   }
  },
  {
   "type": "Feature",
   "id": "vha_626GS",
   "geometry": {
    "type": "Point",
    "coordinates": [
     -87.27097986,
     36.58014095
    ]
   },
   "properties": {
    "id": "vha_626GS",
    "name": "Montgomery County VA Clinic",
    "facility_type": "va_health_facility",
    "classification": "Primary Care CBOC",
    "zip5": "37040",
    "city": "Clarksville",
    "state": "TN",
    "visn": "9",
    "health_care_system": null,
    "operating_status": "NORMAL",
    "operating_status_info": null,
    "county_fips": null,
    "county_source": null,
    "market": null
   }
  },
  {
   "type": "Feature",
   "id": "vha_626GT",
   "geometry": {
    "type": "Point",
    "coordinates": [
     -86.80290077,
     36.1572518
    ]
   },
   "properties": {
    "id": "vha_626GT",
    "name": "Charlotte Avenue 2 VA Clinic",
    "facility_type": "va_health_facility",
    "classification": "Primary Care CBOC",
    "zip5": "37203",
    "city": "Nashville",
    "state": "TN",
    "visn": "9",
    "health_care_system": null,
    "operating_status": "NORMAL",
    "operating_status_info": null,
    "county_fips": null,
    "county_source": null,
    "market": null
   }
  },
  {
   "type": "Feature",
   "id": "vha_626QA",
   "geometry": {
    "type": "Point",
    "coordinates": [
     -86.806485,
     36.166986
    ]
   },
   "properties": {
    "id": "vha_626QA",
    "name": "Albion Street VA Clinic",
    "facility_type": "va_health_facility",
    "classification": "Other Outpatient Services (OOS)",
    "zip5": "37208",
    "city": "Nashville",
    "state": "TN",
    "visn": "9",
    "health_care_system": "VA Tennessee Valley health care",
    "operating_status": "NORMAL",
    "operating_status_info": null,
    "county_fips": null,
    "county_source": null,
    "market": null
   }
  },
  {
   "type": "Feature",
   "id": "vha_626QB",
   "geometry": {
    "type": "Point",
    "coordinates": [
     -86.8028085,
     36.15687
    ]
   },
   "properties": {
    "id": "vha_626QB",
    "name": "Charlotte Avenue VA Clinic",
    "facility_type": "va_health_facility",
    "classification": "Multi-Specialty CBOC",
    "zip5": "37203",
    "city": "Nashville",
    "state": "TN",
    "visn": "9",
    "health_care_system": "VA Tennessee Valley health care",
    "operating_status": "NORMAL",
    "operating_status_info": null,
    "county_fips": null,
    "county_source": null,
    "market": null
   }
  },
  {
   "type": "Feature",
   "id": "vha_626QC",
   "geometry": {
    "type": "Point",
    "coordinates": [
     -85.18711066,
     35.0134216
    ]
   },
   "properties": {
    "id": "vha_626QC",
    "name": "Pointe Centre VA Clinic",
    "facility_type": "va_health_facility",
    "classification": "Other Outpatient Services (OOS)",
    "zip5": "37421",
    "city": "Chattanooga",
    "state": "TN",
    "visn": "9",
    "health_care_system": "VA Tennessee Valley health care",
    "operating_status": "NORMAL",
    "operating_status_info": null,
    "county_fips": null,
    "county_source": null,
    "market": null
   }
  },
  {
   "type": "Feature",
   "id": "vha_626QD",
   "geometry": {
    "type": "Point",
    "coordinates": [
     -86.38423783,
     35.87328461
    ]
   },
   "properties": {
    "id": "vha_626QD",
    "name": "Glenis Drive VA Clinic",
    "facility_type": "va_health_facility",
    "classification": "Other Outpatient Services (OOS)",
    "zip5": "37129",
    "city": "Murfreesboro",
    "state": "TN",
    "visn": "9",
    "health_care_system": "VA Tennessee Valley health care",
    "operating_status": "NORMAL",
    "operating_status_info": null,
    "county_fips": null,
    "county_source": null,
    "market": null
   }
  },
  {
   "type": "Feature",
   "id": "vha_626QE",
   "geometry": {
    "type": "Point",
    "coordinates": [
     -86.38426682,
     35.87349384
    ]
   },
   "properties": {
    "id": "vha_626QE",
    "name": "Glenis Drive 2 VA Clinic",
    "facility_type": "va_health_facility",
    "classification": "Other Outpatient Services (OOS)",
    "zip5": "37129",
    "city": "Murfreesboro",
    "state": "TN",
    "visn": "9",
    "health_care_system": "VA Tennessee Valley health care",
    "operating_status": "NORMAL",
    "operating_status_info": null,
    "county_fips": null,
    "county_source": null,
    "market": null
   }
  },
  {
   "type": "Feature",
   "id": "vha_626QF",
   "geometry": {
    "type": "Point",
    "coordinates": [
     -87.28614333,
     36.57222631
    ]
   },
   "properties": {
    "id": "vha_626QF",
    "name": "Dalton Drive VA Clinic",
    "facility_type": "va_health_facility",
    "classification": "Other Outpatient Services (OOS)",
    "zip5": "37043",
    "city": "Clarksville",
    "state": "TN",
    "visn": "9",
    "health_care_system": "VA Tennessee Valley health care",
    "operating_status": "NORMAL",
    "operating_status_info": null,
    "county_fips": null,
    "county_source": null,
    "market": null
   }
  },
  {
   "type": "Feature",
   "id": "vha_626QG",
   "geometry": {
    "type": "Point",
    "coordinates": [
     -87.46363856,
     36.64100281
    ]
   },
   "properties": {
    "id": "vha_626QG",
    "name": "Taylor VA Clinic",
    "facility_type": "va_health_facility",
    "classification": "Other Outpatient Services (OOS)",
    "zip5": "42223",
    "city": "Fort Campbell",
    "state": "KY",
    "visn": "9",
    "health_care_system": "VA Tennessee Valley health care",
    "operating_status": "NORMAL",
    "operating_status_info": null,
    "county_fips": null,
    "county_source": null,
    "market": null
   }
  },
  {
   "type": "Feature",
   "id": "vha_626QH",
   "geometry": {
    "type": "Point",
    "coordinates": [
     -86.38880827,
     35.87389947
    ]
   },
   "properties": {
    "id": "vha_626QH",
    "name": "Heritage Park Drive VA Clinic",
    "facility_type": "va_health_facility",
    "classification": "Other Outpatient Services (OOS)",
    "zip5": "37129",
    "city": "Murfreesboro",
    "state": "TN",
    "visn": "9",
    "health_care_system": null,
    "operating_status": "NORMAL",
    "operating_status_info": null,
    "county_fips": null,
    "county_source": null,
    "market": null
   }
  },
  {
   "type": "Feature",
   "id": "vha_626QI",
   "geometry": {
    "type": "Point",
    "coordinates": [
     -85.18713898,
     35.01284102
    ]
   },
   "properties": {
    "id": "vha_626QI",
    "name": "Pointe Centre 2 VA Clinic",
    "facility_type": "va_health_facility",
    "classification": "Other Outpatient Services (OOS)",
    "zip5": "37421",
    "city": "Chattanooga",
    "state": "TN",
    "visn": "9",
    "health_care_system": null,
    "operating_status": "NORMAL",
    "operating_status_info": null,
    "county_fips": null,
    "county_source": null,
    "market": null
   }
  },
  {
   "type": "Feature",
   "id": "vha_629",
   "geometry": {
    "type": "Point",
    "coordinates": [
     -90.08445391,
     29.96344462
    ]
   },
   "properties": {
    "id": "vha_629",
    "name": "New Orleans VA Medical Center",
    "facility_type": "va_health_facility",
    "classification": "VA Medical Center (VAMC)",
    "zip5": "70119",
    "city": "New Orleans",
    "state": "LA",
    "visn": "16",
    "health_care_system": "VA Southeast Louisiana health care",
    "operating_status": "NORMAL",
    "operating_status_info": null,
    "county_fips": null,
    "county_source": null,
    "market": null
   }
  },
  {
   "type": "Feature",
   "id": "vha_629BY",
   "geometry": {
    "type": "Point",
    "coordinates": [
     -91.1006775,
     30.403908
    ]
   },
   "properties": {
    "id": "vha_629BY",
    "name": "Baton Rouge VA Clinic",
    "facility_type": "va_health_facility",
    "classification": "Multi-Specialty CBOC",
    "zip5": "70809",
    "city": "Baton Rouge",
    "state": "LA",
    "visn": "16",
    "health_care_system": "VA Southeast Louisiana health care",
    "operating_status": "NORMAL",
    "operating_status_info": null,
    "county_fips": null,
    "county_source": null,
    "market": null
   }
  },
  {
   "type": "Feature",
   "id": "vha_629GA",
   "geometry": {
    "type": "Point",
    "coordinates": [
     -90.74740039,
     29.62335416
    ]
   },
   "properties": {
    "id": "vha_629GA",
    "name": "Houma VA Clinic",
    "facility_type": "va_health_facility",
    "classification": "Primary Care CBOC",
    "zip5": "70364",
    "city": "Houma",
    "state": "LA",
    "visn": "16",
    "health_care_system": "VA Southeast Louisiana health care",
    "operating_status": "NORMAL",
    "operating_status_info": null,
    "county_fips": null,
    "county_source": null,
    "market": null
   }
  },
  {
   "type": "Feature",
   "id": "vha_629GB",
   "geometry": {
    "type": "Point",
    "coordinates": [
     -90.4827027,
     30.48892917
    ]
   },
   "properties": {
    "id": "vha_629GB",
    "name": "Hammond VA Clinic",
    "facility_type": "va_health_facility",
    "classification": "Multi-Specialty CBOC",
    "zip5": "70403",
    "city": "Hammond",
    "state": "LA",
    "visn": "16",
    "health_care_system": "VA Southeast Louisiana health care",
    "operating_status": "NORMAL",
    "operating_status_info": null,
    "county_fips": null,
    "county_source": null,
    "market": null
   }
  },
  {
   "type": "Feature",
   "id": "vha_629GC",
   "geometry": {
    "type": "Point",
    "coordinates": [
     -89.77598186,
     30.30960206
    ]
   },
   "properties": {
    "id": "vha_629GC",
    "name": "Slidell VA Clinic",
    "facility_type": "va_health_facility",
    "classification": "Multi-Specialty CBOC",
    "zip5": "70460",
    "city": "Slidell",
    "state": "LA",
    "visn": "16",
    "health_care_system": "VA Southeast Louisiana health care",
    "operating_status": "NORMAL",
    "operating_status_info": null,
    "county_fips": null,
    "county_source": null,
    "market": null
   }
  },
  {
   "type": "Feature",
   "id": "vha_629GD",
   "geometry": {
    "type": "Point",
    "coordinates": [
     -90.57120869,
     30.0768985
    ]
   },
   "properties": {
    "id": "vha_629GD",
    "name": "St. John VA Clinic",
    "facility_type": "va_health_facility",
    "classification": "Primary Care CBOC",
    "zip5": "70084",
    "city": "Reserve",
    "state": "LA",
    "visn": "16",
    "health_care_system": "VA Southeast Louisiana health care",
    "operating_status": "NORMAL",
    "operating_status_info": null,
    "county_fips": null,
    "county_source": null,
    "market": null
   }
  },
  {
   "type": "Feature",
   "id": "vha_629GE",
   "geometry": {
    "type": "Point",
    "coordinates": [
     -91.50633933,
     29.80599743
    ]
   },
   "properties": {
    "id": "vha_629GE",
    "name": "Franklin VA Clinic",
    "facility_type": "va_health_facility",
    "classification": "Primary Care CBOC",
    "zip5": "70538",
    "city": "Franklin",
    "state": "LA",
    "visn": "16",
    "health_care_system": "VA Southeast Louisiana health care",
    "operating_status": "NORMAL",
    "operating_status_info": null,
    "county_fips": null,
    "county_source": null,
    "market": null
   }
  },
  {
   "type": "Feature",
   "id": "vha_629GF",
   "geometry": {
    "type": "Point",
    "coordinates": [
     -89.8675205,
     30.79157652
    ]
   },
   "properties": {
    "id": "vha_629GF",
    "name": "Bogalusa VA Clinic",
    "facility_type": "va_health_facility",
    "classification": "Primary Care CBOC",
    "zip5": "70427",
    "city": "Bogalusa",
    "state": "LA",
    "visn": "16",
    "health_care_system": "VA Southeast Louisiana health care",
    "operating_status": "NORMAL",
    "operating_status_info": null,
    "county_fips": null,
    "county_source": null,
    "market": null
   }
  },
  {
   "type": "Feature",
   "id": "vha_629QA",
   "geometry": {
    "type": "Point",
    "coordinates": [
     -91.106712,
     30.394908
    ]
   },
   "properties": {
    "id": "vha_629QA",
    "name": "Baton Rouge South VA Clinic",
    "facility_type": "va_health_facility",
    "classification": "Other Outpatient Services (OOS)",
    "zip5": "70810",
    "city": "Baton Rouge",
    "state": "LA",
    "visn": "16",
    "health_care_system": "VA Southeast Louisiana health care",
    "operating_status": "NORMAL",
    "operating_status_info": null,
    "county_fips": null,
    "county_source": null,
    "market": null
   }
  },
  {
   "type": "Feature",
   "id": "vha_629QB",
   "geometry": {
    "type": "Point",
    "coordinates": [
     -90.08459589,
     29.96352778
    ]
   },
   "properties": {
    "id": "vha_629QB",
    "name": "New Orleans South VA Mobile Medical Unit",
    "facility_type": "va_health_facility",
    "classification": "Other Outpatient Services (OOS)",
    "zip5": "70119",
    "city": "New Orleans",
    "state": "LA",
    "visn": "16",
    "health_care_system": "VA Southeast Louisiana health care",
    "operating_status": "NORMAL",
    "operating_status_info": null,
    "county_fips": null,
    "county_source": null,
    "market": null
   }
  },
  {
   "type": "Feature",
   "id": "vha_629QC",
   "geometry": {
    "type": "Point",
    "coordinates": [
     -90.08459589,
     29.96352778
    ]
   },
   "properties": {
    "id": "vha_629QC",
    "name": "New Orleans VA Mobile Medical Unit",
    "facility_type": "va_health_facility",
    "classification": "Other Outpatient Services (OOS)",
    "zip5": "70119",
    "city": "New Orleans",
    "state": "LA",
    "visn": "16",
    "health_care_system": "VA Southeast Louisiana health care",
    "operating_status": "NORMAL",
    "operating_status_info": null,
    "county_fips": null,
    "county_source": null,
    "market": null
   }
  },
  {
   "type": "Feature",
   "id": "vha_630",
   "geometry": {
    "type": "Point",
    "coordinates": [
     -73.97736495,
     40.73641531
    ]
   },
   "properties": {
    "id": "vha_630",
    "name": "Margaret Cochran Corbin VA Campus",
    "facility_type": "va_health_facility",
    "classification": "VA Medical Center (VAMC)",
    "zip5": "10010",
    "city": "New York",
    "state": "NY",
    "visn": "2",
    "health_care_system": "VA New York Harbor health care",
    "operating_status": "NORMAL",
    "operating_status_info": null,
    "county_fips": null,
    "county_source": null,
    "market": null
   }
  },
  {
   "type": "Feature",
   "id": "vha_630A4",
   "geometry": {
    "type": "Point",
    "coordinates": [
     -74.02363121,
     40.60904143
    ]
   },
   "properties": {
    "id": "vha_630A4",
    "name": "Brooklyn VA Medical Center",
    "facility_type": "va_health_facility",
    "classification": "VA Medical Center (VAMC)",
    "zip5": "11209",
    "city": "Brooklyn",
    "state": "NY",
    "visn": "2",
    "health_care_system": "VA New York Harbor health care",
    "operating_status": "NORMAL",
    "operating_status_info": null,
    "county_fips": null,
    "county_source": null,
    "market": null
   }
  },
  {
   "type": "Feature",
   "id": "vha_630A5",
   "geometry": {
    "type": "Point",
    "coordinates": [
     -73.76812489,
     40.69244516
    ]
   },
   "properties": {
    "id": "vha_630A5",
    "name": "St. Albans VA Medical Center",
    "facility_type": "va_health_facility",
    "classification": "VA Medical Center (VAMC)",
    "zip5": "11424",
    "city": "Queens",
    "state": "NY",
    "visn": "2",
    "health_care_system": "VA New York Harbor health care",
    "operating_status": "NORMAL",
    "operating_status_info": null,
    "county_fips": null,
    "county_source": null,
    "market": null
   }
  },
  {
   "type": "Feature",
   "id": "vha_630GA",
   "geometry": {
    "type": "Point",
    "coordinates": [
     -73.944207,
     40.807413
    ]
   },
   "properties": {
    "id": "vha_630GA",
    "name": "Harlem VA Clinic",
    "facility_type": "va_health_facility",
    "classification": "Other Outpatient Services (OOS)",
    "zip5": "10027",
    "city": "New York",
    "state": "NY",
    "visn": "2",
    "health_care_system": "VA New York Harbor health care",
    "operating_status": "NORMAL",
    "operating_status_info": null,
    "county_fips": null,
    "county_source": null,
    "market": null
   }
  },
  {
   "type": "Feature",
   "id": "vha_630GB",
   "geometry": {
    "type": "Point",
    "coordinates": [
     -74.17680194,
     40.61088831
    ]
   },
   "properties": {
    "id": "vha_630GB",
    "name": "Staten Island Community VA Clinic",
    "facility_type": "va_health_facility",
    "classification": "Multi-Specialty CBOC",
    "zip5": "10314",
    "city": "Staten Island",
    "state": "NY",
    "visn": "2",
    "health_care_system": "VA New York Harbor health care",
    "operating_status": "NORMAL",
    "operating_status_info": null,
    "county_fips": null,
    "county_source": null,
    "market": null
   }
  },
  {
   "type": "Feature",
   "id": "vha_630QB",
   "geometry": {
    "type": "Point",
    "coordinates": [
     -73.76812489,
     40.69244516
    ]
   },
   "properties": {
    "id": "vha_630QB",
    "name": "New York Harbor 2 VA Mobile Medical Unit",
    "facility_type": "va_health_facility",
    "classification": "Other Outpatient Services (OOS)",
    "zip5": "11434",
    "city": "Jamaica",
    "state": "NY",
    "visn": "2",
    "health_care_system": "VA New York Harbor health care",
    "operating_status": "NORMAL",
    "operating_status_info": null,
    "county_fips": null,
    "county_source": null,
    "market": null
   }
  },
  {
   "type": "Feature",
   "id": "vha_631",
   "geometry": {
    "type": "Point",
    "coordinates": [
     -72.682407,
     42.3495
    ]
   },
   "properties": {
    "id": "vha_631",
    "name": "Edward P. Boland Department of Veterans Affairs Medical Center",
    "facility_type": "va_health_facility",
    "classification": "VA Medical Center (VAMC)",
    "zip5": "01053",
    "city": "Leeds",
    "state": "MA",
    "visn": "1",
    "health_care_system": "VA Central Western Massachusetts health care",
    "operating_status": "NORMAL",
    "operating_status_info": null,
    "county_fips": null,
    "county_source": null,
    "market": null
   }
  },
  {
   "type": "Feature",
   "id": "vha_631BY",
   "geometry": {
    "type": "Point",
    "coordinates": [
     -72.59988122,
     42.11021717
    ]
   },
   "properties": {
    "id": "vha_631BY",
    "name": "Springfield VA Clinic",
    "facility_type": "va_health_facility",
    "classification": "Multi-Specialty CBOC",
    "zip5": "01104",
    "city": "Springfield",
    "state": "MA",
    "visn": "1",
    "health_care_system": "VA Central Western Massachusetts health care",
    "operating_status": "NORMAL",
    "operating_status_info": null,
    "county_fips": null,
    "county_source": null,
    "market": null
   }
  },
  {
   "type": "Feature",
   "id": "vha_631GC",
   "geometry": {
    "type": "Point",
    "coordinates": [
     -73.2553965,
     42.452118
    ]
   },
   "properties": {
    "id": "vha_631GC",
    "name": "Pittsfield VA Clinic",
    "facility_type": "va_health_facility",
    "classification": "Primary Care CBOC",
    "zip5": "01201",
    "city": "Pittsfield",
    "state": "MA",
    "visn": "1",
    "health_care_system": "VA Central Western Massachusetts health care",
    "operating_status": "NORMAL",
    "operating_status_info": null,
    "county_fips": null,
    "county_source": null,
    "market": null
   }
  },
  {
   "type": "Feature",
   "id": "vha_631GD",
   "geometry": {
    "type": "Point",
    "coordinates": [
     -72.62435941,
     42.57570167
    ]
   },
   "properties": {
    "id": "vha_631GD",
    "name": "Greenfield VA Clinic",
    "facility_type": "va_health_facility",
    "classification": "Primary Care CBOC",
    "zip5": "01301",
    "city": "Greenfield",
    "state": "MA",
    "visn": "1",
    "health_care_system": "VA Central Western Massachusetts health care",
    "operating_status": "NORMAL",
    "operating_status_info": null,
    "county_fips": null,
    "county_source": null,
    "market": null
   }
  },
  {
   "type": "Feature",
   "id": "vha_631GE",
   "geometry": {
    "type": "Point",
    "coordinates": [
     -71.760798,
     42.274647
    ]
   },
   "properties": {
    "id": "vha_631GE",
    "name": "Worcester VA Clinic",
    "facility_type": "va_health_facility",
    "classification": "Multi-Specialty CBOC",
    "zip5": "01604",
    "city": "Worcester",
    "state": "MA",
    "visn": "1",
    "health_care_system": "VA Central Western Massachusetts health care",
    "operating_status": "NORMAL",
    "operating_status_info": null,
    "county_fips": null,
    "county_source": null,
    "market": null
   }
  },
  {
   "type": "Feature",
   "id": "vha_631GF",
   "geometry": {
    "type": "Point",
    "coordinates": [
     -71.804394,
     42.586272
    ]
   },
   "properties": {
    "id": "vha_631GF",
    "name": "Fitchburg VA Clinic",
    "facility_type": "va_health_facility",
    "classification": "Primary Care CBOC",
    "zip5": "01420",
    "city": "Fitchburg",
    "state": "MA",
    "visn": "1",
    "health_care_system": "VA Central Western Massachusetts health care",
    "operating_status": "NORMAL",
    "operating_status_info": null,
    "county_fips": null,
    "county_source": null,
    "market": null
   }
  },
  {
   "type": "Feature",
   "id": "vha_631QA",
   "geometry": {
    "type": "Point",
    "coordinates": [
     -71.76438496,
     42.2799516
    ]
   },
   "properties": {
    "id": "vha_631QA",
    "name": "Plantation Street VA Clinic",
    "facility_type": "va_health_facility",
    "classification": "Other Outpatient Services (OOS)",
    "zip5": "01605",
    "city": "Worcester",
    "state": "MA",
    "visn": "1",
    "health_care_system": "VA Central Western Massachusetts health care",
    "operating_status": "NORMAL",
    "operating_status_info": null,
    "county_fips": null,
    "county_source": null,
    "market": null
   }
  },
  {
   "type": "Feature",
   "id": "vha_632",
   "geometry": {
    "type": "Point",
    "coordinates": [
     -73.313775,
     40.898853
    ]
   },
   "properties": {
    "id": "vha_632",
    "name": "Northport VA Medical Center",
    "facility_type": "va_health_facility",
    "classification": "VA Medical Center (VAMC)",
    "zip5": "11768",
    "city": "Northport",
    "state": "NY",
    "visn": "2",
    "health_care_system": "VA Northport health care",
    "operating_status": "NORMAL",
    "operating_status_info": null,
    "county_fips": null,
    "county_source": null,
    "market": null
   }
  },
  {
   "type": "Feature",
   "id": "vha_632GA",
   "geometry": {
    "type": "Point",
    "coordinates": [
     -73.5533415,
     40.726413
    ]
   },
   "properties": {
    "id": "vha_632GA",
    "name": "East Meadow VA Clinic",
    "facility_type": "va_health_facility",
    "classification": "Multi-Specialty CBOC",
    "zip5": "11554",
    "city": "East Meadow",
    "state": "NY",
    "visn": "2",
    "health_care_system": "VA Northport health care",
    "operating_status": "NORMAL",
    "operating_status_info": null,
    "county_fips": null,
    "county_source": null,
    "market": null
   }
  },
  {
   "type": "Feature",
   "id": "vha_632HA",
   "geometry": {
    "type": "Point",
    "coordinates": [
     -73.7082,
     40.66452
    ]
   },
   "properties": {
    "id": "vha_632HA",
    "name": "Valley Stream VA Clinic",
    "facility_type": "va_health_facility",
    "classification": "Primary Care CBOC",
    "zip5": "11580",
    "city": "Valley Stream",
    "state": "NY",
    "visn": "2",
    "health_care_system": "VA Northport health care",
    "operating_status": "NORMAL",
    "operating_status_info": null,
    "county_fips": null,
    "county_source": null,
    "market": null
   }
  },
  {
   "type": "Feature",
   "id": "vha_632HB",
   "geometry": {
    "type": "Point",
    "coordinates": [
     -72.66944301,
     40.91366751
    ]
   },
   "properties": {
    "id": "vha_632HB",
    "name": "Riverhead VA Clinic",
    "facility_type": "va_health_facility",
    "classification": "Multi-Specialty CBOC",
    "zip5": "11901",
    "city": "Riverhead",
    "state": "NY",
    "visn": "2",
    "health_care_system": "VA Northport health care",
    "operating_status": "NORMAL",
    "operating_status_info": null,
    "county_fips": null,
    "county_source": null,
    "market": null
   }
  },
  {
   "type": "Feature",
   "id": "vha_632HC",
   "geometry": {
    "type": "Point",
    "coordinates": [
     -73.2445858,
     40.72363877
    ]
   },
   "properties": {
    "id": "vha_632HC",
    "name": "Bay Shore VA Clinic",
    "facility_type": "va_health_facility",
    "classification": "Primary Care CBOC",
    "zip5": "11706",
    "city": "Bay Shore",
    "state": "NY",
    "visn": "2",
    "health_care_system": "VA Northport health care",
    "operating_status": "NORMAL",
    "operating_status_info": null,
    "county_fips": null,
    "county_source": null,
    "market": null
   }
  },
  {
   "type": "Feature",
   "id": "vha_632HD",
   "geometry": {
    "type": "Point",
    "coordinates": [
     -72.99637401,
     40.76830678
    ]
   },
   "properties": {
    "id": "vha_632HD",
    "name": "Patchogue VA Clinic",
    "facility_type": "va_health_facility",
    "classification": "Multi-Specialty CBOC",
    "zip5": "11772",
    "city": "Patchogue",
    "state": "NY",
    "visn": "2",
    "health_care_system": "VA Northport health care",
    "operating_status": "NORMAL",
    "operating_status_info": null,
    "county_fips": null,
    "county_source": null,
    "market": null
   }
  },
  {
   "type": "Feature",
   "id": "vha_632QA",
   "geometry": {
    "type": "Point",
    "coordinates": [
     -73.313775,
     40.898853
    ]
   },
   "properties": {
    "id": "vha_632QA",
    "name": "Northport 1 VA Mobile Medical Unit",
    "facility_type": "va_health_facility",
    "classification": "Other Outpatient Services (OOS)",
    "zip5": "11768",
    "city": "Northport",
    "state": "NY",
    "visn": "2",
    "health_care_system": "VA Northport health care",
    "operating_status": "NORMAL",
    "operating_status_info": null,
    "county_fips": null,
    "county_source": null,
    "market": null
   }
  },
  {
   "type": "Feature",
   "id": "vha_632QB",
   "geometry": {
    "type": "Point",
    "coordinates": [
     -73.313775,
     40.898853
    ]
   },
   "properties": {
    "id": "vha_632QB",
    "name": "Northport 2 VA Mobile Medical Unit",
    "facility_type": "va_health_facility",
    "classification": "Other Outpatient Services (OOS)",
    "zip5": "11768",
    "city": "Northport",
    "state": "NY",
    "visn": "2",
    "health_care_system": "VA Northport health care",
    "operating_status": "NORMAL",
    "operating_status_info": null,
    "county_fips": null,
    "county_source": null,
    "market": null
   }
  },
  {
   "type": "Feature",
   "id": "vha_635",
   "geometry": {
    "type": "Point",
    "coordinates": [
     -97.49643169,
     35.4824555
    ]
   },
   "properties": {
    "id": "vha_635",
    "name": "Oklahoma City VA Medical Center",
    "facility_type": "va_health_facility",
    "classification": "VA Medical Center (VAMC)",
    "zip5": "73104",
    "city": "Oklahoma City",
    "state": "OK",
    "visn": "19",
    "health_care_system": "VA Oklahoma City health care",
    "operating_status": "NORMAL",
    "operating_status_info": null,
    "county_fips": null,
    "county_source": null,
    "market": null
   }
  },
  {
   "type": "Feature",
   "id": "vha_635GA",
   "geometry": {
    "type": "Point",
    "coordinates": [
     -98.41661837,
     34.65324684
    ]
   },
   "properties": {
    "id": "vha_635GA",
    "name": "Lawton VA Clinic",
    "facility_type": "va_health_facility",
    "classification": "Multi-Specialty CBOC",
    "zip5": "73503",
    "city": "Fort Sill",
    "state": "OK",
    "visn": "19",
    "health_care_system": "VA Oklahoma City health care",
    "operating_status": "NORMAL",
    "operating_status_info": null,
    "county_fips": null,
    "county_source": null,
    "market": null
   }
  },
  {
   "type": "Feature",
   "id": "vha_635GB",
   "geometry": {
    "type": "Point",
    "coordinates": [
     -98.527059,
     33.949107
    ]
   },
   "properties": {
    "id": "vha_635GB",
    "name": "Wichita Falls VA Clinic",
    "facility_type": "va_health_facility",
    "classification": "Multi-Specialty CBOC",
    "zip5": "76306",
    "city": "Wichita Falls",
    "state": "TX",
    "visn": "19",
    "health_care_system": "VA Oklahoma City health care",
    "operating_status": "NORMAL",
    "operating_status_info": null,
    "county_fips": null,
    "county_source": null,
    "market": null
   }
  },
  {
   "type": "Feature",
   "id": "vha_635GC",
   "geometry": {
    "type": "Point",
    "coordinates": [
     -97.29689842,
     36.79695252
    ]
   },
   "properties": {
    "id": "vha_635GC",
    "name": "Blackwell VA Clinic",
    "facility_type": "va_health_facility",
    "classification": "Other Outpatient Services (OOS)",
    "zip5": "74631",
    "city": "Blackwell",
    "state": "OK",
    "visn": "19",
    "health_care_system": "VA Oklahoma City health care",
    "operating_status": "NORMAL",
    "operating_status_info": null,
    "county_fips": null,
    "county_source": null,
    "market": null
   }
  },
  {
   "type": "Feature",
   "id": "vha_635GD",
   "geometry": {
    "type": "Point",
    "coordinates": [
     -96.629055,
     34.781589
    ]
   },
   "properties": {
    "id": "vha_635GD",
    "name": "Ada VA Clinic",
    "facility_type": "va_health_facility",
    "classification": "Primary Care CBOC",
    "zip5": "74820",
    "city": "Ada",
    "state": "OK",
    "visn": "19",
    "health_care_system": "VA Oklahoma City health care",
    "operating_status": "NORMAL",
    "operating_status_info": null,
    "county_fips": null,
    "county_source": null,
    "market": null
   }
  },
  {
   "type": "Feature",
   "id": "vha_635GE",
   "geometry": {
    "type": "Point",
    "coordinates": [
     -97.0515168,
     36.1263543
    ]
   },
   "properties": {
    "id": "vha_635GE",
    "name": "Stillwater VA Clinic",
    "facility_type": "va_health_facility",
    "classification": "Primary Care CBOC",
    "zip5": "74075",
    "city": "Stillwater",
    "state": "OK",
    "visn": "19",
    "health_care_system": "VA Oklahoma City health care",
    "operating_status": "NORMAL",
    "operating_status_info": null,
    "county_fips": null,
    "county_source": null,
    "market": null
   }
  },
  {
   "type": "Feature",
   "id": "vha_635GF",
   "geometry": {
    "type": "Point",
    "coordinates": [
     -99.33397551,
     34.65487276
    ]
   },
   "properties": {
    "id": "vha_635GF",
    "name": "Altus VA Clinic",
    "facility_type": "va_health_facility",
    "classification": "Primary Care CBOC",
    "zip5": "73521",
    "city": "Altus",
    "state": "OK",
    "visn": "19",
    "health_care_system": "VA Oklahoma City health care",
    "operating_status": "NORMAL",
    "operating_status_info": null,
    "county_fips": null,
    "county_source": null,
    "market": null
   }
  },
  {
   "type": "Feature",
   "id": "vha_635GG",
   "geometry": {
    "type": "Point",
    "coordinates": [
     -97.864389,
     36.3906625
    ]
   },
   "properties": {
    "id": "vha_635GG",
    "name": "Enid VA Clinic",
    "facility_type": "va_health_facility",
    "classification": "Primary Care CBOC",
    "zip5": "73701",
    "city": "Enid",
    "state": "OK",
    "visn": "19",
    "health_care_system": "VA Oklahoma City health care",
    "operating_status": "NORMAL",
    "operating_status_info": null,
    "county_fips": null,
    "county_source": null,
    "market": null
   }
  },
  {
   "type": "Feature",
   "id": "vha_635GH",
   "geometry": {
    "type": "Point",
    "coordinates": [
     -98.96436858,
     35.51548649
    ]
   },
   "properties": {
    "id": "vha_635GH",
    "name": "Clinton VA Clinic",
    "facility_type": "va_health_facility",
    "classification": "Other Outpatient Services (OOS)",
    "zip5": "73601",
    "city": "Clinton",
    "state": "OK",
    "visn": "19",
    "health_care_system": "VA Oklahoma City health care",
    "operating_status": "NORMAL",
    "operating_status_info": null,
    "county_fips": null,
    "county_source": null,
    "market": null
   }
  },
  {
   "type": "Feature",
   "id": "vha_635GI",
   "geometry": {
    "type": "Point",
    "coordinates": [
     -97.4813985,
     35.23122
    ]
   },
   "properties": {
    "id": "vha_635GI",
    "name": "Norman VA Clinic",
    "facility_type": "va_health_facility",
    "classification": "Multi-Specialty CBOC",
    "zip5": "73069",
    "city": "Norman",
    "state": "OK",
    "visn": "19",
    "health_care_system": "VA Oklahoma City health care",
    "operating_status": "NORMAL",
    "operating_status_info": null,
    "county_fips": null,
    "county_source": null,
    "market": null
   }
  },
  {
   "type": "Feature",
   "id": "vha_635GJ",
   "geometry": {
    "type": "Point",
    "coordinates": [
     -97.7681752,
     35.482561
    ]
   },
   "properties": {
    "id": "vha_635GJ",
    "name": "Yukon VA Clinic",
    "facility_type": "va_health_facility",
    "classification": "Multi-Specialty CBOC",
    "zip5": "73099",
    "city": "Yukon",
    "state": "OK",
    "visn": "19",
    "health_care_system": "VA Oklahoma City health care",
    "operating_status": "NORMAL",
    "operating_status_info": null,
    "county_fips": null,
    "county_source": null,
    "market": null
   }
  },
  {
   "type": "Feature",
   "id": "vha_635GK",
   "geometry": {
    "type": "Point",
    "coordinates": [
     -96.92983946,
     35.3673
    ]
   },
   "properties": {
    "id": "vha_635GK",
    "name": "Shawnee VA Clinic",
    "facility_type": "va_health_facility",
    "classification": "Primary Care CBOC",
    "zip5": "74804",
    "city": "Shawnee",
    "state": "OK",
    "visn": "19",
    "health_care_system": "VA Oklahoma City health care",
    "operating_status": "NORMAL",
    "operating_status_info": null,
    "county_fips": null,
    "county_source": null,
    "market": null
   }
  },
  {
   "type": "Feature",
   "id": "vha_635GL",
   "geometry": {
    "type": "Point",
    "coordinates": [
     -97.57314,
     35.617302
    ]
   },
   "properties": {
    "id": "vha_635GL",
    "name": "North Oklahoma City VA Clinic",
    "facility_type": "va_health_facility",
    "classification": "Multi-Specialty CBOC",
    "zip5": "73134",
    "city": "Oklahoma City",
    "state": "OK",
    "visn": "19",
    "health_care_system": "VA Oklahoma City health care",
    "operating_status": "NORMAL",
    "operating_status_info": null,
    "county_fips": null,
    "county_source": null,
    "market": null
   }
  },
  {
   "type": "Feature",
   "id": "vha_635GM",
   "geometry": {
    "type": "Point",
    "coordinates": [
     -97.58185374,
     35.52831868
    ]
   },
   "properties": {
    "id": "vha_635GM",
    "name": "North Portland VA Clinic",
    "facility_type": "va_health_facility",
    "classification": "Multi-Specialty CBOC",
    "zip5": "73112",
    "city": "Oklahoma City",
    "state": "OK",
    "visn": "19",
    "health_care_system": null,
    "operating_status": "NORMAL",
    "operating_status_info": null,
    "county_fips": null,
    "county_source": null,
    "market": null
   }
  },
  {
   "type": "Feature",
   "id": "vha_635HB",
   "geometry": {
    "type": "Point",
    "coordinates": [
     -97.14478126,
     34.18757726
    ]
   },
   "properties": {
    "id": "vha_635HB",
    "name": "Ardmore VA Clinic",
    "facility_type": "va_health_facility",
    "classification": "Primary Care CBOC",
    "zip5": "73401",
    "city": "Ardmore",
    "state": "OK",
    "visn": "19",
    "health_care_system": "VA Oklahoma City health care",
    "operating_status": "NORMAL",
    "operating_status_info": null,
    "county_fips": null,
    "county_source": null,
    "market": null
   }
  },
  {
   "type": "Feature",
   "id": "vha_635PA",
   "geometry": {
    "type": "Point",
    "coordinates": [
     -97.53190907,
     35.50288478
    ]
   },
   "properties": {
    "id": "vha_635PA",
    "name": "Friendship House VA Compensated Work Therapy/Transitional Residence",
    "facility_type": "va_health_facility",
    "classification": "Other Outpatient Services (OOS)",
    "zip5": "73118",
    "city": "Oklahoma City",
    "state": "OK",
    "visn": "19",
    "health_care_system": "VA Oklahoma City health care",
    "operating_status": "NORMAL",
    "operating_status_info": null,
    "county_fips": null,
    "county_source": null,
    "market": null
   }
  },
  {
   "type": "Feature",
   "id": "vha_635QA",
   "geometry": {
    "type": "Point",
    "coordinates": [
     -97.568442,
     35.59253852
    ]
   },
   "properties": {
    "id": "vha_635QA",
    "name": "North May VA Clinic",
    "facility_type": "va_health_facility",
    "classification": "Other Outpatient Services (OOS)",
    "zip5": "73120",
    "city": "Oklahoma City",
    "state": "OK",
    "visn": "19",
    "health_care_system": "VA Oklahoma City health care",
    "operating_status": "NORMAL",
    "operating_status_info": null,
    "county_fips": null,
    "county_source": null,
    "market": null
   }
  },
  {
   "type": "Feature",
   "id": "vha_635QB",
   "geometry": {
    "type": "Point",
    "coordinates": [
     -97.41265753,
     35.38760271
    ]
   },
   "properties": {
    "id": "vha_635QB",
    "name": "South Oklahoma City VA Clinic",
    "facility_type": "va_health_facility",
    "classification": "Multi-Specialty CBOC",
    "zip5": "73135",
    "city": "Oklahoma City",
    "state": "OK",
    "visn": "19",
    "health_care_system": "VA Oklahoma City health care",
    "operating_status": "NORMAL",
    "operating_status_info": null,
    "county_fips": null,
    "county_source": null,
    "market": null
   }
  },
  {
   "type": "Feature",
   "id": "vha_635QC",
   "geometry": {
    "type": "Point",
    "coordinates": [
     -97.488909,
     35.48409045
    ]
   },
   "properties": {
    "id": "vha_635QC",
    "name": "Fourteenth Street VA Clinic",
    "facility_type": "va_health_facility",
    "classification": "Other Outpatient Services (OOS)",
    "zip5": "73117",
    "city": "Oklahoma City",
    "state": "OK",
    "visn": "19",
    "health_care_system": "VA Oklahoma City health care",
    "operating_status": "NORMAL",
    "operating_status_info": null,
    "county_fips": null,
    "county_source": null,
    "market": null
   }
  },
  {
   "type": "Feature",
   "id": "vha_635QD",
   "geometry": {
    "type": "Point",
    "coordinates": [
     -98.43355009,
     34.66150536
    ]
   },
   "properties": {
    "id": "vha_635QD",
    "name": "Lawton North VA Clinic",
    "facility_type": "va_health_facility",
    "classification": "Other Outpatient Services (OOS)",
    "zip5": "73503",
    "city": "Fort Sill",
    "state": "OK",
    "visn": "19",
    "health_care_system": "VA Oklahoma City health care",
    "operating_status": "NORMAL",
    "operating_status_info": null,
    "county_fips": null,
    "county_source": null,
    "market": null
   }
  },
  {
   "type": "Feature",
   "id": "vha_635QE",
   "geometry": {
    "type": "Point",
    "coordinates": [
     -97.40477846,
     35.41976606
    ]
   },
   "properties": {
    "id": "vha_635QE",
    "name": "Tinker VA Clinic",
    "facility_type": "va_health_facility",
    "classification": "Primary Care CBOC",
    "zip5": "73145",
    "city": "Tinker AFB",
    "state": "OK",
    "visn": "19",
    "health_care_system": "VA Oklahoma City health care",
    "operating_status": "NORMAL",
    "operating_status_info": null,
    "county_fips": null,
    "county_source": null,
    "market": null
   }
  },
  {
   "type": "Feature",
   "id": "vha_635QF",
   "geometry": {
    "type": "Point",
    "coordinates": [
     -97.4958182,
     35.48244736
    ]
   },
   "properties": {
    "id": "vha_635QF",
    "name": "Oklahoma City VA Mobile Medical Unit",
    "facility_type": "va_health_facility",
    "classification": "Other Outpatient Services (OOS)",
    "zip5": "73104",
    "city": "Oklahoma City",
    "state": "OK",
    "visn": "19",
    "health_care_system": "VA Oklahoma City health care",
    "operating_status": "NORMAL",
    "operating_status_info": null,
    "county_fips": null,
    "county_source": null,
    "market": null
   }
  },
  {
   "type": "Feature",
   "id": "vha_635QG",
   "geometry": {
    "type": "Point",
    "coordinates": [
     -97.49581401,
     35.48243547
    ]
   },
   "properties": {
    "id": "vha_635QG",
    "name": "Oklahoma City 2 VA Mobile Medical Unit",
    "facility_type": "va_health_facility",
    "classification": "Other Outpatient Services (OOS)",
    "zip5": "73104",
    "city": "Oklahoma City",
    "state": "OK",
    "visn": "19",
    "health_care_system": "VA Oklahoma City health care",
    "operating_status": "NORMAL",
    "operating_status_info": null,
    "county_fips": null,
    "county_source": null,
    "market": null
   }
  },
  {
   "type": "Feature",
   "id": "vha_635QH",
   "geometry": {
    "type": "Point",
    "coordinates": [
     -97.51256273,
     35.56635156
    ]
   },
   "properties": {
    "id": "vha_635QH",
    "name": "Broadway Extension VA Clinic",
    "facility_type": "va_health_facility",
    "classification": "Other Outpatient Services (OOS)",
    "zip5": "73114",
    "city": "Oklahoma City",
    "state": "OK",
    "visn": "19",
    "health_care_system": null,
    "operating_status": "NORMAL",
    "operating_status_info": null,
    "county_fips": null,
    "county_source": null,
    "market": null
   }
  },
  {
   "type": "Feature",
   "id": "vha_636",
   "geometry": {
    "type": "Point",
    "coordinates": [
     -95.97525954,
     41.24512648
    ]
   },
   "properties": {
    "id": "vha_636",
    "name": "Omaha VA Medical Center",
    "facility_type": "va_health_facility",
    "classification": "VA Medical Center (VAMC)",
    "zip5": "68105",
    "city": "Omaha",
    "state": "NE",
    "visn": "23",
    "health_care_system": "VA Nebraska-Western Iowa health care",
    "operating_status": "NORMAL",
    "operating_status_info": null,
    "county_fips": null,
    "county_source": null,
    "market": null
   }
  },
  {
   "type": "Feature",
   "id": "vha_6369BA",
   "geometry": {
    "type": "Point",
    "coordinates": [
     -96.040035,
     41.135958
    ]
   },
   "properties": {
    "id": "vha_6369BA",
    "name": "Papillion VA Community Living Center",
    "facility_type": "va_health_facility",
    "classification": "Other Outpatient Services (OOS)",
    "zip5": "68046",
    "city": "Papillion",
    "state": "NE",
    "visn": "23",
    "health_care_system": "VA Nebraska-Western Iowa health care",
    "operating_status": "NORMAL",
    "operating_status_info": null,
    "county_fips": null,
    "county_source": null,
    "market": null
   }
  },
  {
   "type": "Feature",
   "id": "vha_636A4",
   "geometry": {
    "type": "Point",
    "coordinates": [
     -98.3588131,
     40.94238566
    ]
   },
   "properties": {
    "id": "vha_636A4",
    "name": "Grand Island VA Medical Center",
    "facility_type": "va_health_facility",
    "classification": "VA Medical Center (VAMC)",
    "zip5": "68803",
    "city": "Grand Island",
    "state": "NE",
    "visn": "23",
    "health_care_system": "VA Nebraska-Western Iowa health care",
    "operating_status": "NORMAL",
    "operating_status_info": null,
    "county_fips": null,
    "county_source": null,
    "market": null
   }
  },
  {
   "type": "Feature",
   "id": "vha_636A5",
   "geometry": {
    "type": "Point",
    "coordinates": [
     -96.62292468,
     40.80963019
    ]
   },
   "properties": {
    "id": "vha_636A5",
    "name": "Lincoln VA Clinic",
    "facility_type": "va_health_facility",
    "classification": "Multi-Specialty CBOC",
    "zip5": "68510",
    "city": "Lincoln",
    "state": "NE",
    "visn": "23",
    "health_care_system": "VA Nebraska-Western Iowa health care",
    "operating_status": "NORMAL",
    "operating_status_info": null,
    "county_fips": null,
    "county_source": null,
    "market": null
   }
  },
  {
   "type": "Feature",
   "id": "vha_636A6",
   "geometry": {
    "type": "Point",
    "coordinates": [
     -93.65878525,
     41.62773592
    ]
   },
   "properties": {
    "id": "vha_636A6",
    "name": "Des Moines VA Medical Center",
    "facility_type": "va_health_facility",
    "classification": "VA Medical Center (VAMC)",
    "zip5": "50310",
    "city": "Des Moines",
    "state": "IA",
    "visn": "23",
    "health_care_system": "VA Central Iowa health care",
    "operating_status": "NORMAL",
    "operating_status_info": null,
    "county_fips": null,
    "county_source": null,
    "market": null
   }
  },
  {
   "type": "Feature",
   "id": "vha_636A8",
   "geometry": {
    "type": "Point",
    "coordinates": [
     -91.548621,
     41.66361
    ]
   },
   "properties": {
    "id": "vha_636A8",
    "name": "Iowa City VA Medical Center",
    "facility_type": "va_health_facility",
    "classification": "VA Medical Center (VAMC)",
    "zip5": "52246",
    "city": "Iowa City",
    "state": "IA",
    "visn": "23",
    "health_care_system": "VA Iowa City health care",
    "operating_status": "NORMAL",
    "operating_status_info": null,
    "county_fips": null,
    "county_source": null,
    "market": null
   }
  },
  {
   "type": "Feature",
   "id": "vha_636GA",
   "geometry": {
    "type": "Point",
    "coordinates": [
     -97.45857114,
     42.03348146
    ]
   },
   "properties": {
    "id": "vha_636GA",
    "name": "Norfolk VA Clinic",
    "facility_type": "va_health_facility",
    "classification": "Multi-Specialty CBOC",
    "zip5": "68701",
    "city": "Norfolk",
    "state": "NE",
    "visn": "23",
    "health_care_system": "VA Nebraska-Western Iowa health care",
    "operating_status": "NORMAL",
    "operating_status_info": null,
    "county_fips": null,
    "county_source": null,
    "market": null
   }
  },
  {
   "type": "Feature",
   "id": "vha_636GB",
   "geometry": {
    "type": "Point",
    "coordinates": [
     -100.76097412,
     41.13514408
    ]
   },
   "properties": {
    "id": "vha_636GB",
    "name": "North Platte VA Clinic",
    "facility_type": "va_health_facility",
    "classification": "Other Outpatient Services (OOS)",
    "zip5": "69101",
    "city": "North Platte",
    "state": "NE",
    "visn": "23",
    "health_care_system": "VA Nebraska-Western Iowa health care",
    "operating_status": "NORMAL",
    "operating_status_info": null,
    "county_fips": null,
    "county_source": null,
    "market": null
   }
  },
  {
   "type": "Feature",
   "id": "vha_636GC",
   "geometry": {
    "type": "Point",
    "coordinates": [
     -93.24482378,
     43.14710006
    ]
   },
   "properties": {
    "id": "vha_636GC",
    "name": "Mason City VA Clinic",
    "facility_type": "va_health_facility",
    "classification": "Multi-Specialty CBOC",
    "zip5": "50401",
    "city": "Mason City",
    "state": "IA",
    "visn": "23",
    "health_care_system": "VA Central Iowa health care",
    "operating_status": "NORMAL",
    "operating_status_info": null,
    "county_fips": null,
    "county_source": null,
    "market": null
   }
  },
  {
   "type": "Feature",
   "id": "vha_636GD",
   "geometry": {
    "type": "Point",
    "coordinates": [
     -92.87764076,
     42.01399929
    ]
   },
   "properties": {
    "id": "vha_636GD",
    "name": "Marshalltown VA Clinic",
    "facility_type": "va_health_facility",
    "classification": "Multi-Specialty CBOC",
    "zip5": "50158",
    "city": "Marshalltown",
    "state": "IA",
    "visn": "23",
    "health_care_system": "VA Central Iowa health care",
    "operating_status": "NORMAL",
    "operating_status_info": null,
    "county_fips": null,
    "county_source": null,
    "market": null
   }
  },
  {
   "type": "Feature",
   "id": "vha_636GF",
   "geometry": {
    "type": "Point",
    "coordinates": [
     -90.618921,
     41.539329
    ]
   },
   "properties": {
    "id": "vha_636GF",
    "name": "Quad Cities VA Clinic",
    "facility_type": "va_health_facility",
    "classification": "Multi-Specialty CBOC",
    "zip5": "52804",
    "city": "Davenport",
    "state": "IA",
    "visn": "23",
    "health_care_system": "VA Iowa City health care",
    "operating_status": "NORMAL",
    "operating_status_info": null,
    "county_fips": null,
    "county_source": null,
    "market": null
   }
  },
  {
   "type": "Feature",
   "id": "vha_636GG",
   "geometry": {
    "type": "Point",
    "coordinates": [
     -91.32069169,
     39.93481949
    ]
   },
   "properties": {
    "id": "vha_636GG",
    "name": "Quincy VA Clinic",
    "facility_type": "va_health_facility",
    "classification": "Multi-Specialty CBOC",
    "zip5": "62305",
    "city": "Quincy",
    "state": "IL",
    "visn": "23",
    "health_care_system": "VA Iowa City health care",
    "operating_status": "NORMAL",
    "operating_status_info": null,
    "county_fips": null,
    "county_source": null,
    "market": null
   }
  },
  {
   "type": "Feature",
   "id": "vha_636GH",
   "geometry": {
    "type": "Point",
    "coordinates": [
     -92.40406041,
     42.50525294
    ]
   },
   "properties": {
    "id": "vha_636GH",
    "name": "Waterloo VA Clinic",
    "facility_type": "va_health_facility",
    "classification": "Multi-Specialty CBOC",
    "zip5": "50701",
    "city": "Waterloo",
    "state": "IA",
    "visn": "23",
    "health_care_system": "VA Iowa City health care",
    "operating_status": "NORMAL",
    "operating_status_info": null,
    "county_fips": null,
    "county_source": null,
    "market": null
   }
  },
  {
   "type": "Feature",
   "id": "vha_636GI",
   "geometry": {
    "type": "Point",
    "coordinates": [
     -90.38752039,
     40.97491565
    ]
   },
   "properties": {
    "id": "vha_636GI",
    "name": "Lane A. Evans VA Community Based Outpatient Clinic",
    "facility_type": "va_health_facility",
    "classification": "Primary Care CBOC",
    "zip5": "61401",
    "city": "Galesburg",
    "state": "IL",
    "visn": "23",
    "health_care_system": "VA Iowa City health care",
    "operating_status": "NORMAL",
    "operating_status_info": null,
    "county_fips": null,
    "county_source": null,
    "market": null
   }
  },
  {
   "type": "Feature",
   "id": "vha_636GJ",
   "geometry": {
    "type": "Point",
    "coordinates": [
     -90.70061618,
     42.49118662
    ]
   },
   "properties": {
    "id": "vha_636GJ",
    "name": "Dubuque VA Clinic",
    "facility_type": "va_health_facility",
    "classification": "Multi-Specialty CBOC",
    "zip5": "52003",
    "city": "Dubuque",
    "state": "IA",
    "visn": "23",
    "health_care_system": "VA Iowa City health care",
    "operating_status": "NORMAL",
    "operating_status_info": null,
    "county_fips": null,
    "county_source": null,
    "market": null
   }
  },
  {
   "type": "Feature",
   "id": "vha_636GK",
   "geometry": {
    "type": "Point",
    "coordinates": [
     -94.16313811,
     42.5007613
    ]
   },
   "properties": {
    "id": "vha_636GK",
    "name": "Fort Dodge VA Clinic",
    "facility_type": "va_health_facility",
    "classification": "Multi-Specialty CBOC",
    "zip5": "50501",
    "city": "Fort Dodge",
    "state": "IA",
    "visn": "23",
    "health_care_system": "VA Central Iowa health care",
    "operating_status": "NORMAL",
    "operating_status_info": null,
    "county_fips": null,
    "county_source": null,
    "market": null
   }
  },
  {
   "type": "Feature",
   "id": "vha_636GL",
   "geometry": {
    "type": "Point",
    "coordinates": [
     -96.02745328,
     41.17506527
    ]
   },
   "properties": {
    "id": "vha_636GL",
    "name": "Sarpy County VA Clinic",
    "facility_type": "va_health_facility",
    "classification": "Multi-Specialty CBOC",
    "zip5": "68046",
    "city": "Papillion",
    "state": "NE",
    "visn": "23",
    "health_care_system": "VA Nebraska-Western Iowa health care",
    "operating_status": "NORMAL",
    "operating_status_info": null,
    "county_fips": null,
    "county_source": null,
    "market": null
   }
  },
  {
   "type": "Feature",
   "id": "vha_636GM",
   "geometry": {
    "type": "Point",
    "coordinates": [
     -94.86780025,
     42.05728146
    ]
   },
   "properties": {
    "id": "vha_636GM",
    "name": "Carroll VA Clinic",
    "facility_type": "va_health_facility",
    "classification": "Primary Care CBOC",
    "zip5": "51401",
    "city": "Carroll",
    "state": "IA",
    "visn": "23",
    "health_care_system": "VA Central Iowa health care",
    "operating_status": "NORMAL",
    "operating_status_info": null,
    "county_fips": null,
    "county_source": null,
    "market": null
   }
  },
  {
   "type": "Feature",
   "id": "vha_636GN",
   "geometry": {
    "type": "Point",
    "coordinates": [
     -91.719405,
     41.951889
    ]
   },
   "properties": {
    "id": "vha_636GN",
    "name": "Cedar Rapids VA Clinic",
    "facility_type": "va_health_facility",
    "classification": "Multi-Specialty CBOC",
    "zip5": "52404",
    "city": "Cedar Rapids",
    "state": "IA",
    "visn": "23",
    "health_care_system": "VA Iowa City health care",
    "operating_status": "NORMAL",
    "operating_status_info": null,
    "county_fips": null,
    "county_source": null,
    "market": null
   }
  },
  {
   "type": "Feature",
   "id": "vha_636GP",
   "geometry": {
    "type": "Point",
    "coordinates": [
     -95.3660553,
     40.74951196
    ]
   },
   "properties": {
    "id": "vha_636GP",
    "name": "Shenandoah VA Clinic",
    "facility_type": "va_health_facility",
    "classification": "Primary Care CBOC",
    "zip5": "51601",
    "city": "Shenandoah",
    "state": "IA",
    "visn": "23",
    "health_care_system": "VA Nebraska-Western Iowa health care",
    "operating_status": "NORMAL",
    "operating_status_info": null,
    "county_fips": null,
    "county_source": null,
    "market": null
   }
  },
  {
   "type": "Feature",
   "id": "vha_636GQ",
   "geometry": {
    "type": "Point",
    "coordinates": [
     -99.379594,
     40.44544113
    ]
   },
   "properties": {
    "id": "vha_636GQ",
    "name": "Holdrege VA Clinic",
    "facility_type": "va_health_facility",
    "classification": "Other Outpatient Services (OOS)",
    "zip5": "68949",
    "city": "Holdrege",
    "state": "NE",
    "visn": "23",
    "health_care_system": "VA Nebraska-Western Iowa health care",
    "operating_status": "NORMAL",
    "operating_status_info": null,
    "county_fips": null,
    "county_source": null,
    "market": null
   }
  },
  {
   "type": "Feature",
   "id": "vha_636GR",
   "geometry": {
    "type": "Point",
    "coordinates": [
     -93.10947239,
     41.332536
    ]
   },
   "properties": {
    "id": "vha_636GR",
    "name": "Knoxville VA Clinic",
    "facility_type": "va_health_facility",
    "classification": "Multi-Specialty CBOC",
    "zip5": "50138",
    "city": "Knoxville",
    "state": "IA",
    "visn": "23",
    "health_care_system": "VA Central Iowa health care",
    "operating_status": "NORMAL",
    "operating_status_info": null,
    "county_fips": null,
    "county_source": null,
    "market": null
   }
  },
  {
   "type": "Feature",
   "id": "vha_636GS",
   "geometry": {
    "type": "Point",
    "coordinates": [
     -92.43838222,
     41.01516775
    ]
   },
   "properties": {
    "id": "vha_636GS",
    "name": "Ottumwa VA Clinic",
    "facility_type": "va_health_facility",
    "classification": "Multi-Specialty CBOC",
    "zip5": "52501",
    "city": "Ottumwa",
    "state": "IA",
    "visn": "23",
    "health_care_system": "VA Iowa City health care",
    "operating_status": "NORMAL",
    "operating_status_info": null,
    "county_fips": null,
    "county_source": null,
    "market": null
   }
  },
  {
   "type": "Feature",
   "id": "vha_636GT",
   "geometry": {
    "type": "Point",
    "coordinates": [
     -89.66201882,
     41.80565054
    ]
   },
   "properties": {
    "id": "vha_636GT",
    "name": "Sterling VA Clinic",
    "facility_type": "va_health_facility",
    "classification": "Primary Care CBOC",
    "zip5": "61081",
    "city": "Sterling",
    "state": "IL",
    "visn": "23",
    "health_care_system": "VA Iowa City health care",
    "operating_status": "NORMAL",
    "operating_status_info": null,
    "county_fips": null,
    "county_source": null,
    "market": null
   }
  },
  {
   "type": "Feature",
   "id": "vha_636GU",
   "geometry": {
    "type": "Point",
    "coordinates": [
     -91.783301,
     43.329016
    ]
   },
   "properties": {
    "id": "vha_636GU",
    "name": "Decorah VA Clinic",
    "facility_type": "va_health_facility",
    "classification": "Multi-Specialty CBOC",
    "zip5": "52101",
    "city": "Decorah",
    "state": "IA",
    "visn": "23",
    "health_care_system": "VA Iowa City health care",
    "operating_status": "NORMAL",
    "operating_status_info": null,
    "county_fips": null,
    "county_source": null,
    "market": null
   }
  },
  {
   "type": "Feature",
   "id": "vha_636GW",
   "geometry": {
    "type": "Point",
    "coordinates": [
     -91.5971175,
     41.684049
    ]
   },
   "properties": {
    "id": "vha_636GW",
    "name": "Coralville VA Clinic",
    "facility_type": "va_health_facility",
    "classification": "Primary Care CBOC",
    "zip5": "52241",
    "city": "Coralville",
    "state": "IA",
    "visn": "23",
    "health_care_system": "VA Iowa City health care",
    "operating_status": "NORMAL",
    "operating_status_info": null,
    "county_fips": null,
    "county_source": null,
    "market": null
   }
  },
  {
   "type": "Feature",
   "id": "vha_636GY",
   "geometry": {
    "type": "Point",
    "coordinates": [
     -91.14141517,
     40.81892358
    ]
   },
   "properties": {
    "id": "vha_636GY",
    "name": "Burlington VA Clinic",
    "facility_type": "va_health_facility",
    "classification": "Primary Care CBOC",
    "zip5": "52601",
    "city": "Burlington",
    "state": "IA",
    "visn": "23",
    "health_care_system": "VA Iowa City health care",
    "operating_status": "NORMAL",
    "operating_status_info": null,
    "county_fips": null,
    "county_source": null,
    "market": null
   }
  },
  {
   "type": "Feature",
   "id": "vha_636GZ",
   "geometry": {
    "type": "Point",
    "coordinates": [
     -93.59963835,
     41.52622177
    ]
   },
   "properties": {
    "id": "vha_636GZ",
    "name": "South Des Moines VA Clinic",
    "facility_type": "va_health_facility",
    "classification": "Multi-Specialty CBOC",
    "zip5": "50315",
    "city": "Des Moines",
    "state": "IA",
    "visn": "23",
    "health_care_system": "VA Central Iowa health care",
    "operating_status": "NORMAL",
    "operating_status_info": null,
    "county_fips": null,
    "county_source": null,
    "market": null
   }
  },
  {
   "type": "Feature",
   "id": "vha_636QA",
   "geometry": {
    "type": "Point",
    "coordinates": [
     -95.927652,
     41.23940655
    ]
   },
   "properties": {
    "id": "vha_636QA",
    "name": "Omaha VA Clinic",
    "facility_type": "va_health_facility",
    "classification": "Primary Care CBOC",
    "zip5": "68108",
    "city": "Omaha",
    "state": "NE",
    "visn": "23",
    "health_care_system": "VA Nebraska-Western Iowa health care",
    "operating_status": "NORMAL",
    "operating_status_info": null,
    "county_fips": null,
    "county_source": null,
    "market": null
   }
  },
  {
   "type": "Feature",
   "id": "vha_636QB",
   "geometry": {
    "type": "Point",
    "coordinates": [
     -93.63280824,
     41.59175428
    ]
   },
   "properties": {
    "id": "vha_636QB",
    "name": "Des Moines VA Clinic",
    "facility_type": "va_health_facility",
    "classification": "Other Outpatient Services (OOS)",
    "zip5": "50309",
    "city": "Des Moines",
    "state": "IA",
    "visn": "23",
    "health_care_system": "VA Central Iowa health care",
    "operating_status": "NORMAL",
    "operating_status_info": null,
    "county_fips": null,
    "county_source": null,
    "market": null
   }
  },
  {
   "type": "Feature",
   "id": "vha_636QC",
   "geometry": {
    "type": "Point",
    "coordinates": [
     -91.634049,
     42.009048
    ]
   },
   "properties": {
    "id": "vha_636QC",
    "name": "Linn County VA Clinic",
    "facility_type": "va_health_facility",
    "classification": "Other Outpatient Services (OOS)",
    "zip5": "52402",
    "city": "Cedar Rapids",
    "state": "IA",
    "visn": "23",
    "health_care_system": "VA Iowa City health care",
    "operating_status": "NORMAL",
    "operating_status_info": null,
    "county_fips": null,
    "county_source": null,
    "market": null
   }
  },
  {
   "type": "Feature",
   "id": "vha_636QG",
   "geometry": {
    "type": "Point",
    "coordinates": [
     -91.548621,
     41.66361
    ]
   },
   "properties": {
    "id": "vha_636QG",
    "name": "Iowa City VA Mobile Medical Unit",
    "facility_type": "va_health_facility",
    "classification": "Other Outpatient Services (OOS)",
    "zip5": "52246",
    "city": "Iowa City",
    "state": "IA",
    "visn": "23",
    "health_care_system": "VA Iowa City health care",
    "operating_status": "NORMAL",
    "operating_status_info": null,
    "county_fips": null,
    "county_source": null,
    "market": null
   }
  },
  {
   "type": "Feature",
   "id": "vha_636QH",
   "geometry": {
    "type": "Point",
    "coordinates": [
     -93.65878525,
     41.62773592
    ]
   },
   "properties": {
    "id": "vha_636QH",
    "name": "Des Moines VA Mobile Medical Unit",
    "facility_type": "va_health_facility",
    "classification": "Other Outpatient Services (OOS)",
    "zip5": "50310",
    "city": "Des Moines",
    "state": "IA",
    "visn": "23",
    "health_care_system": "VA Central Iowa health care",
    "operating_status": "NORMAL",
    "operating_status_info": null,
    "county_fips": null,
    "county_source": null,
    "market": null
   }
  },
  {
   "type": "Feature",
   "id": "vha_636QI",
   "geometry": {
    "type": "Point",
    "coordinates": [
     -90.57261801,
     41.52397482
    ]
   },
   "properties": {
    "id": "vha_636QI",
    "name": "Davenport VA Clinic",
    "facility_type": "va_health_facility",
    "classification": "Other Outpatient Services (OOS)",
    "zip5": "52801",
    "city": "Davenport",
    "state": "IA",
    "visn": "23",
    "health_care_system": "VA Iowa City health care",
    "operating_status": "NORMAL",
    "operating_status_info": null,
    "county_fips": null,
    "county_source": null,
    "market": null
   }
  },
  {
   "type": "Feature",
   "id": "vha_636QJ",
   "geometry": {
    "type": "Point",
    "coordinates": [
     -91.533924,
     41.656176
    ]
   },
   "properties": {
    "id": "vha_636QJ",
    "name": "Iowa City VA Clinic",
    "facility_type": "va_health_facility",
    "classification": "Other Outpatient Services (OOS)",
    "zip5": "52240",
    "city": "Iowa City",
    "state": "IA",
    "visn": "23",
    "health_care_system": "VA Iowa City health care",
    "operating_status": "NORMAL",
    "operating_status_info": null,
    "county_fips": null,
    "county_source": null,
    "market": null
   }
  },
  {
   "type": "Feature",
   "id": "vha_636QK",
   "geometry": {
    "type": "Point",
    "coordinates": [
     -95.9734845,
     41.243184
    ]
   },
   "properties": {
    "id": "vha_636QK",
    "name": "Omaha VA Mobile Medical Unit",
    "facility_type": "va_health_facility",
    "classification": "Other Outpatient Services (OOS)",
    "zip5": "68105",
    "city": "Omaha",
    "state": "NE",
    "visn": "23",
    "health_care_system": "VA Nebraska-Western Iowa health care",
    "operating_status": "NORMAL",
    "operating_status_info": null,
    "county_fips": null,
    "county_source": null,
    "market": null
   }
  },
  {
   "type": "Feature",
   "id": "vha_636QL",
   "geometry": {
    "type": "Point",
    "coordinates": [
     -91.5486255,
     41.663619
    ]
   },
   "properties": {
    "id": "vha_636QL",
    "name": "Iowa City 2 VA Mobile Medical Unit",
    "facility_type": "va_health_facility",
    "classification": "Other Outpatient Services (OOS)",
    "zip5": "52246",
    "city": "Iowa City",
    "state": "IA",
    "visn": "23",
    "health_care_system": "VA Iowa City health care",
    "operating_status": "NORMAL",
    "operating_status_info": null,
    "county_fips": null,
    "county_source": null,
    "market": null
   }
  },
  {
   "type": "Feature",
   "id": "vha_636QM",
   "geometry": {
    "type": "Point",
    "coordinates": [
     -95.92360618,
     41.15647136
    ]
   },
   "properties": {
    "id": "vha_636QM",
    "name": "Bellevue-Longo Drive VA Clinic",
    "facility_type": "va_health_facility",
    "classification": "Other Outpatient Services (OOS)",
    "zip5": "68005",
    "city": "Bellevue",
    "state": "NE",
    "visn": "23",
    "health_care_system": null,
    "operating_status": "NORMAL",
    "operating_status_info": null,
    "county_fips": null,
    "county_source": null,
    "market": null
   }
  },
  {
   "type": "Feature",
   "id": "vha_637",
   "geometry": {
    "type": "Point",
    "coordinates": [
     -82.4833395,
     35.58834
    ]
   },
   "properties": {
    "id": "vha_637",
    "name": "Charles George Department of Veterans Affairs Medical Center",
    "facility_type": "va_health_facility",
    "classification": "VA Medical Center (VAMC)",
    "zip5": "28805",
    "city": "Asheville",
    "state": "NC",
    "visn": "6",
    "health_care_system": "VA Asheville health care",
    "operating_status": "NORMAL",
    "operating_status_info": null,
    "county_fips": null,
    "county_source": null,
    "market": null
   }
  },
  {
   "type": "Feature",
   "id": "vha_637GA",
   "geometry": {
    "type": "Point",
    "coordinates": [
     -83.37473685,
     35.17554779
    ]
   },
   "properties": {
    "id": "vha_637GA",
    "name": "Franklin VA Clinic",
    "facility_type": "va_health_facility",
    "classification": "Multi-Specialty CBOC",
    "zip5": "28734",
    "city": "Franklin",
    "state": "NC",
    "visn": "6",
    "health_care_system": "VA Asheville health care",
    "operating_status": "NORMAL",
    "operating_status_info": null,
    "county_fips": null,
    "county_source": null,
    "market": null
   }
  },
  {
   "type": "Feature",
   "id": "vha_637GB",
   "geometry": {
    "type": "Point",
    "coordinates": [
     -81.89032815,
     35.33360399
    ]
   },
   "properties": {
    "id": "vha_637GB",
    "name": "Master Sergeant Jerry K. Crump VA Clinic",
    "facility_type": "va_health_facility",
    "classification": "Multi-Specialty CBOC",
    "zip5": "28043",
    "city": "Forest City",
    "state": "NC",
    "visn": "6",
    "health_care_system": "VA Asheville health care",
    "operating_status": "NORMAL",
    "operating_status_info": null,
    "county_fips": null,
    "county_source": null,
    "market": null
   }
  },
  {
   "type": "Feature",
   "id": "vha_637GC",
   "geometry": {
    "type": "Point",
    "coordinates": [
     -81.28573558,
     35.72674762
    ]
   },
   "properties": {
    "id": "vha_637GC",
    "name": "Hickory VA Clinic",
    "facility_type": "va_health_facility",
    "classification": "Multi-Specialty CBOC",
    "zip5": "28602",
    "city": "Hickory",
    "state": "NC",
    "visn": "6",
    "health_care_system": "VA Asheville health care",
    "operating_status": "NORMAL",
    "operating_status_info": null,
    "county_fips": null,
    "county_source": null,
    "market": null
   }
  },
  {
   "type": "Feature",
   "id": "vha_640",
   "geometry": {
    "type": "Point",
    "coordinates": [
     -122.13910592,
     37.40132327
    ]
   },
   "properties": {
    "id": "vha_640",
    "name": "Palo Alto VA Medical Center",
    "facility_type": "va_health_facility",
    "classification": "VA Medical Center (VAMC)",
    "zip5": "94304",
    "city": "Palo Alto",
    "state": "CA",
    "visn": "21",
    "health_care_system": "VA Palo Alto health care",
    "operating_status": "NORMAL",
    "operating_status_info": null,
    "county_fips": null,
    "county_source": null,
    "market": null
   }
  },
  {
   "type": "Feature",
   "id": "vha_640A0",
   "geometry": {
    "type": "Point",
    "coordinates": [
     -122.15871,
     37.468341
    ]
   },
   "properties": {
    "id": "vha_640A0",
    "name": "Palo Alto VA Medical Center-Menlo Park",
    "facility_type": "va_health_facility",
    "classification": "VA Medical Center (VAMC)",
    "zip5": "94025",
    "city": "Menlo Park",
    "state": "CA",
    "visn": "21",
    "health_care_system": "VA Palo Alto health care",
    "operating_status": "NORMAL",
    "operating_status_info": null,
    "county_fips": null,
    "county_source": null,
    "market": null
   }
  },
  {
   "type": "Feature",
   "id": "vha_640A4",
   "geometry": {
    "type": "Point",
    "coordinates": [
     -121.75668774,
     37.62508753
    ]
   },
   "properties": {
    "id": "vha_640A4",
    "name": "Palo Alto VA Medical Center-Livermore",
    "facility_type": "va_health_facility",
    "classification": "VA Medical Center (VAMC)",
    "zip5": "94550",
    "city": "Livermore",
    "state": "CA",
    "visn": "21",
    "health_care_system": "VA Palo Alto health care",
    "operating_status": "NORMAL",
    "operating_status_info": null,
    "county_fips": null,
    "county_source": null,
    "market": null
   }
  },
  {
   "type": "Feature",
   "id": "vha_640BY",
   "geometry": {
    "type": "Point",
    "coordinates": [
     -121.78593385,
     37.26833126
    ]
   },
   "properties": {
    "id": "vha_640BY",
    "name": "San Jose VA Clinic",
    "facility_type": "va_health_facility",
    "classification": "Multi-Specialty CBOC",
    "zip5": "95138",
    "city": "San Jose",
    "state": "CA",
    "visn": "21",
    "health_care_system": "VA Palo Alto health care",
    "operating_status": "NORMAL",
    "operating_status_info": null,
    "county_fips": null,
    "county_source": null,
    "market": null
   }
  },
  {
   "type": "Feature",
   "id": "vha_640GA",
   "geometry": {
    "type": "Point",
    "coordinates": [
     -121.9641795,
     36.970596
    ]
   },
   "properties": {
    "id": "vha_640GA",
    "name": "Capitola VA Clinic",
    "facility_type": "va_health_facility",
    "classification": "Primary Care CBOC",
    "zip5": "95010",
    "city": "Capitola",
    "state": "CA",
    "visn": "21",
    "health_care_system": "VA Palo Alto health care",
    "operating_status": "NORMAL",
    "operating_status_info": null,
    "county_fips": null,
    "county_source": null,
    "market": null
   }
  },
  {
   "type": "Feature",
   "id": "vha_640GC",
   "geometry": {
    "type": "Point",
    "coordinates": [
     -121.98167203,
     37.5506205
    ]
   },
   "properties": {
    "id": "vha_640GC",
    "name": "Fremont VA Clinic",
    "facility_type": "va_health_facility",
    "classification": "Primary Care CBOC",
    "zip5": "94538",
    "city": "Fremont",
    "state": "CA",
    "visn": "21",
    "health_care_system": "VA Palo Alto health care",
    "operating_status": "NORMAL",
    "operating_status_info": null,
    "county_fips": null,
    "county_source": null,
    "market": null
   }
  },
  {
   "type": "Feature",
   "id": "vha_640HC",
   "geometry": {
    "type": "Point",
    "coordinates": [
     -121.81348234,
     36.66249151
    ]
   },
   "properties": {
    "id": "vha_640HC",
    "name": "Major General William H. Gourley VA-DoD Outpatient Clinic",
    "facility_type": "va_health_facility",
    "classification": "Multi-Specialty CBOC",
    "zip5": "93933",
    "city": "Marina",
    "state": "CA",
    "visn": "21",
    "health_care_system": "VA Palo Alto health care",
    "operating_status": "NORMAL",
    "operating_status_info": null,
    "county_fips": null,
    "county_source": null,
    "market": null
   }
  },
  {
   "type": "Feature",
   "id": "vha_640QB",
   "geometry": {
    "type": "Point",
    "coordinates": [
     -122.14067708,
     37.4022267
    ]
   },
   "properties": {
    "id": "vha_640QB",
    "name": "Palo Alto 2 VA Mobile Medical Unit",
    "facility_type": "va_health_facility",
    "classification": "Other Outpatient Services (OOS)",
    "zip5": "94304",
    "city": "Palo Alto",
    "state": "CA",
    "visn": "21",
    "health_care_system": "VA Palo Alto health care",
    "operating_status": "LIMITED",
    "operating_status_info": "Schedule and location vary",
    "county_fips": null,
    "county_source": null,
    "market": null
   }
  },
  {
   "type": "Feature",
   "id": "vha_642",
   "geometry": {
    "type": "Point",
    "coordinates": [
     -75.2012362,
     39.94974848
    ]
   },
   "properties": {
    "id": "vha_642",
    "name": "Corporal Michael J. Crescenz Department of Veterans Affairs Medical Center",
    "facility_type": "va_health_facility",
    "classification": "VA Medical Center (VAMC)",
    "zip5": "19104",
    "city": "Philadelphia",
    "state": "PA",
    "visn": "4",
    "health_care_system": "VA Philadelphia health care",
    "operating_status": "NORMAL",
    "operating_status_info": null,
    "county_fips": null,
    "county_source": null,
    "market": null
   }
  },
  {
   "type": "Feature",
   "id": "vha_642BU",
   "geometry": {
    "type": "Point",
    "coordinates": [
     -75.17063148,
     39.92454307
    ]
   },
   "properties": {
    "id": "vha_642BU",
    "name": "Philadelphia VA Domiciliary",
    "facility_type": "va_health_facility",
    "classification": "Residential Care Site (MH RRTP/DRRTP) (Stand-Alone)",
    "zip5": "19145",
    "city": "Philadelphia",
    "state": "PA",
    "visn": "4",
    "health_care_system": "VA Philadelphia health care",
    "operating_status": "NORMAL",
    "operating_status_info": null,
    "county_fips": null,
    "county_source": null,
    "market": null
   }
  },
  {
   "type": "Feature",
   "id": "vha_642GA",
   "geometry": {
    "type": "Point",
    "coordinates": [
     -74.93873645,
     39.91130443
    ]
   },
   "properties": {
    "id": "vha_642GA",
    "name": "Burlington County VA Clinic",
    "facility_type": "va_health_facility",
    "classification": "Multi-Specialty CBOC",
    "zip5": "08053",
    "city": "Marlton",
    "state": "NJ",
    "visn": "4",
    "health_care_system": "VA Philadelphia health care",
    "operating_status": "NORMAL",
    "operating_status_info": null,
    "county_fips": null,
    "county_source": null,
    "market": null
   }
  },
  {
   "type": "Feature",
   "id": "vha_642GC",
   "geometry": {
    "type": "Point",
    "coordinates": [
     -75.1767255,
     40.201695
    ]
   },
   "properties": {
    "id": "vha_642GC",
    "name": "Victor J. Saracini Department of Veterans Affairs Outpatient Clinic",
    "facility_type": "va_health_facility",
    "classification": "Multi-Specialty CBOC",
    "zip5": "19044",
    "city": "Horsham",
    "state": "PA",
    "visn": "4",
    "health_care_system": "VA Philadelphia health care",
    "operating_status": "NORMAL",
    "operating_status_info": null,
    "county_fips": null,
    "county_source": null,
    "market": null
   }
  },
  {
   "type": "Feature",
   "id": "vha_642GD",
   "geometry": {
    "type": "Point",
    "coordinates": [
     -75.1006651,
     39.77857943
    ]
   },
   "properties": {
    "id": "vha_642GD",
    "name": "Gloucester County VA Clinic",
    "facility_type": "va_health_facility",
    "classification": "Multi-Specialty CBOC",
    "zip5": "08080",
    "city": "Sewell",
    "state": "NJ",
    "visn": "4",
    "health_care_system": "VA Philadelphia health care",
    "operating_status": "NORMAL",
    "operating_status_info": null,
    "county_fips": null,
    "county_source": null,
    "market": null
   }
  },
  {
   "type": "Feature",
   "id": "vha_642GF",
   "geometry": {
    "type": "Point",
    "coordinates": [
     -75.11924315,
     39.94120797
    ]
   },
   "properties": {
    "id": "vha_642GF",
    "name": "Camden VA Clinic",
    "facility_type": "va_health_facility",
    "classification": "Primary Care CBOC",
    "zip5": "08103",
    "city": "Camden",
    "state": "NJ",
    "visn": "4",
    "health_care_system": "VA Philadelphia health care",
    "operating_status": "NORMAL",
    "operating_status_info": null,
    "county_fips": null,
    "county_source": null,
    "market": null
   }
  },
  {
   "type": "Feature",
   "id": "vha_642GH",
   "geometry": {
    "type": "Point",
    "coordinates": [
     -75.2462325,
     39.962187
    ]
   },
   "properties": {
    "id": "vha_642GH",
    "name": "West Philadelphia VA Clinic",
    "facility_type": "va_health_facility",
    "classification": "Primary Care CBOC",
    "zip5": "19139",
    "city": "Philadelphia",
    "state": "PA",
    "visn": "4",
    "health_care_system": "VA Philadelphia health care",
    "operating_status": "NORMAL",
    "operating_status_info": null,
    "county_fips": null,
    "county_source": null,
    "market": null
   }
  },
  {
   "type": "Feature",
   "id": "vha_642QA",
   "geometry": {
    "type": "Point",
    "coordinates": [
     -75.20716865,
     39.9563297
    ]
   },
   "properties": {
    "id": "vha_642QA",
    "name": "Chestnut Street VA Clinic",
    "facility_type": "va_health_facility",
    "classification": "Other Outpatient Services (OOS)",
    "zip5": "19104",
    "city": "Philadelphia",
    "state": "PA",
    "visn": "4",
    "health_care_system": "VA Philadelphia health care",
    "operating_status": "NORMAL",
    "operating_status_info": null,
    "county_fips": null,
    "county_source": null,
    "market": null
   }
  },
  {
   "type": "Feature",
   "id": "vha_642QB",
   "geometry": {
    "type": "Point",
    "coordinates": [
     -75.14604,
     39.954645
    ]
   },
   "properties": {
    "id": "vha_642QB",
    "name": "Fourth Street VA Clinic",
    "facility_type": "va_health_facility",
    "classification": "Other Outpatient Services (OOS)",
    "zip5": "19106",
    "city": "Philadelphia",
    "state": "PA",
    "visn": "4",
    "health_care_system": "VA Philadelphia health care",
    "operating_status": "NORMAL",
    "operating_status_info": null,
    "county_fips": null,
    "county_source": null,
    "market": null
   }
  },
  {
   "type": "Feature",
   "id": "vha_644",
   "geometry": {
    "type": "Point",
    "coordinates": [
     -112.0661145,
     33.497586
    ]
   },
   "properties": {
    "id": "vha_644",
    "name": "Carl T. Hayden Veterans' Administration Medical Center",
    "facility_type": "va_health_facility",
    "classification": "VA Medical Center (VAMC)",
    "zip5": "85012",
    "city": "Phoenix",
    "state": "AZ",
    "visn": "22",
    "health_care_system": "VA Phoenix health care",
    "operating_status": "NORMAL",
    "operating_status_info": null,
    "county_fips": null,
    "county_source": null,
    "market": null
   }
  },
  {
   "type": "Feature",
   "id": "vha_644BY",
   "geometry": {
    "type": "Point",
    "coordinates": [
     -111.754251,
     33.293214
    ]
   },
   "properties": {
    "id": "vha_644BY",
    "name": "Staff Sergeant Alexander W. Conrad Veterans Affairs Health Care Clinic",
    "facility_type": "va_health_facility",
    "classification": "Multi-Specialty CBOC",
    "zip5": "85297",
    "city": "Gilbert",
    "state": "AZ",
    "visn": "22",
    "health_care_system": "VA Phoenix health care",
    "operating_status": "NORMAL",
    "operating_status_info": null,
    "county_fips": null,
    "county_source": null,
    "market": null
   }
  },
  {
   "type": "Feature",
   "id": "vha_644GA",
   "geometry": {
    "type": "Point",
    "coordinates": [
     -112.36328569,
     33.6486222
    ]
   },
   "properties": {
    "id": "vha_644GA",
    "name": "Northwest VA Clinic",
    "facility_type": "va_health_facility",
    "classification": "Multi-Specialty CBOC",
    "zip5": "85374",
    "city": "Surprise",
    "state": "AZ",
    "visn": "22",
    "health_care_system": "VA Phoenix health care",
    "operating_status": "NORMAL",
    "operating_status_info": null,
    "county_fips": null,
    "county_source": null,
    "market": null
   }
  },
  {
   "type": "Feature",
   "id": "vha_644GB",
   "geometry": {
    "type": "Point",
    "coordinates": [
     -110.02075601,
     34.20207011
    ]
   },
   "properties": {
    "id": "vha_644GB",
    "name": "Show Low VA Clinic",
    "facility_type": "va_health_facility",
    "classification": "Primary Care CBOC",
    "zip5": "85901",
    "city": "Show Low",
    "state": "AZ",
    "visn": "22",
    "health_care_system": "VA Phoenix health care",
    "operating_status": "NORMAL",
    "operating_status_info": null,
    "county_fips": null,
    "county_source": null,
    "market": null
   }
  },
  {
   "type": "Feature",
   "id": "vha_644GC",
   "geometry": {
    "type": "Point",
    "coordinates": [
     -112.2585525,
     33.480396
    ]
   },
   "properties": {
    "id": "vha_644GC",
    "name": "Southwest VA Clinic",
    "facility_type": "va_health_facility",
    "classification": "Multi-Specialty CBOC",
    "zip5": "85037",
    "city": "Phoenix",
    "state": "AZ",
    "visn": "22",
    "health_care_system": "VA Phoenix health care",
    "operating_status": "NORMAL",
    "operating_status_info": null,
    "county_fips": null,
    "county_source": null,
    "market": null
   }
  },
  {
   "type": "Feature",
   "id": "vha_644GD",
   "geometry": {
    "type": "Point",
    "coordinates": [
     -111.30817311,
     34.2423139
    ]
   },
   "properties": {
    "id": "vha_644GD",
    "name": "Payson VA Clinic",
    "facility_type": "va_health_facility",
    "classification": "Other Outpatient Services (OOS)",
    "zip5": "85541",
    "city": "Payson",
    "state": "AZ",
    "visn": "22",
    "health_care_system": "VA Phoenix health care",
    "operating_status": "NORMAL",
    "operating_status_info": null,
    "county_fips": null,
    "county_source": null,
    "market": null
   }
  },
  {
   "type": "Feature",
   "id": "vha_644GE",
   "geometry": {
    "type": "Point",
    "coordinates": [
     -112.11228547,
     33.5725683
    ]
   },
   "properties": {
    "id": "vha_644GE",
    "name": "Thunderbird VA Clinic",
    "facility_type": "va_health_facility",
    "classification": "Other Outpatient Services (OOS)",
    "zip5": "85021",
    "city": "Phoenix",
    "state": "AZ",
    "visn": "22",
    "health_care_system": "VA Phoenix health care",
    "operating_status": "NORMAL",
    "operating_status_info": null,
    "county_fips": null,
    "county_source": null,
    "market": null
   }
  },
  {
   "type": "Feature",
   "id": "vha_644GF",
   "geometry": {
    "type": "Point",
    "coordinates": [
     -110.82661319,
     33.40727531
    ]
   },
   "properties": {
    "id": "vha_644GF",
    "name": "Globe VA Clinic",
    "facility_type": "va_health_facility",
    "classification": "Other Outpatient Services (OOS)",
    "zip5": "85501",
    "city": "Globe",
    "state": "AZ",
    "visn": "22",
    "health_care_system": "VA Phoenix health care",
    "operating_status": "NORMAL",
    "operating_status_info": null,
    "county_fips": null,
    "county_source": null,
    "market": null
   }
  },
  {
   "type": "Feature",
   "id": "vha_644GG",
   "geometry": {
    "type": "Point",
    "coordinates": [
     -111.834324,
     33.590232
    ]
   },
   "properties": {
    "id": "vha_644GG",
    "name": "Northeast Phoenix VA Clinic",
    "facility_type": "va_health_facility",
    "classification": "Primary Care CBOC",
    "zip5": "85259",
    "city": "Scottsdale",
    "state": "AZ",
    "visn": "22",
    "health_care_system": "VA Phoenix health care",
    "operating_status": "NORMAL",
    "operating_status_info": null,
    "county_fips": null,
    "county_source": null,
    "market": null
   }
  },
  {
   "type": "Feature",
   "id": "vha_644GH",
   "geometry": {
    "type": "Point",
    "coordinates": [
     -112.0920705,
     33.510762
    ]
   },
   "properties": {
    "id": "vha_644GH",
    "name": "Phoenix Midtown VA Clinic",
    "facility_type": "va_health_facility",
    "classification": "Other Outpatient Services (OOS)",
    "zip5": "85015",
    "city": "Phoenix",
    "state": "AZ",
    "visn": "22",
    "health_care_system": "VA Phoenix health care",
    "operating_status": "NORMAL",
    "operating_status_info": null,
    "county_fips": null,
    "county_source": null,
    "market": null
   }
  },
  {
   "type": "Feature",
   "id": "vha_644GI",
   "geometry": {
    "type": "Point",
    "coordinates": [
     -112.01297966999999,
     33.45342296
    ]
   },
   "properties": {
    "id": "vha_644GI",
    "name": "Phoenix 32nd Street VA Clinic",
    "facility_type": "va_health_facility",
    "classification": "Multi-Specialty CBOC",
    "zip5": "85008",
    "city": "Phoenix",
    "state": "AZ",
    "visn": "22",
    "health_care_system": "VA Phoenix health care",
    "operating_status": "NORMAL",
    "operating_status_info": null,
    "county_fips": null,
    "county_source": null,
    "market": null
   }
  },
  {
   "type": "Feature",
   "id": "vha_644GJ",
   "geometry": {
    "type": "Point",
    "coordinates": [
     -111.68720812,
     33.34026157
    ]
   },
   "properties": {
    "id": "vha_644GJ",
    "name": "Mesa VA Clinic",
    "facility_type": "va_health_facility",
    "classification": "Other Outpatient Services (OOS)",
    "zip5": "85212",
    "city": "Mesa",
    "state": "AZ",
    "visn": "22",
    "health_care_system": "VA Phoenix health care",
    "operating_status": "NORMAL",
    "operating_status_info": null,
    "county_fips": null,
    "county_source": null,
    "market": null
   }
  },
  {
   "type": "Feature",
   "id": "vha_644QA",
   "geometry": {
    "type": "Point",
    "coordinates": [
     -112.049568,
     33.481161
    ]
   },
   "properties": {
    "id": "vha_644QA",
    "name": "Phoenix VA Clinic",
    "facility_type": "va_health_facility",
    "classification": "Other Outpatient Services (OOS)",
    "zip5": "85014",
    "city": "Phoenix",
    "state": "AZ",
    "visn": "22",
    "health_care_system": "VA Phoenix health care",
    "operating_status": "NORMAL",
    "operating_status_info": null,
    "county_fips": null,
    "county_source": null,
    "market": null
   }
  },
  {
   "type": "Feature",
   "id": "vha_644QB",
   "geometry": {
    "type": "Point",
    "coordinates": [
     -112.0666005,
     33.49476746
    ]
   },
   "properties": {
    "id": "vha_644QB",
    "name": "Phoenix VA Mobile Medical Unit",
    "facility_type": "va_health_facility",
    "classification": "Other Outpatient Services (OOS)",
    "zip5": "85012",
    "city": "Phoenix",
    "state": "AZ",
    "visn": "22",
    "health_care_system": "VA Phoenix health care",
    "operating_status": "NORMAL",
    "operating_status_info": null,
    "county_fips": null,
    "county_source": null,
    "market": null
   }
  },
  {
   "type": "Feature",
   "id": "vha_646",
   "geometry": {
    "type": "Point",
    "coordinates": [
     -79.95898403,
     40.44711478
    ]
   },
   "properties": {
    "id": "vha_646",
    "name": "Pittsburgh VA Medical Center-University Drive",
    "facility_type": "va_health_facility",
    "classification": "VA Medical Center (VAMC)",
    "zip5": "15240",
    "city": "Pittsburgh",
    "state": "PA",
    "visn": "4",
    "health_care_system": "VA Pittsburgh health care",
    "operating_status": "NORMAL",
    "operating_status_info": null,
    "county_fips": null,
    "county_source": null,
    "market": null
   }
  },
  {
   "type": "Feature",
   "id": "vha_646A4",
   "geometry": {
    "type": "Point",
    "coordinates": [
     -79.887699,
     40.495158
    ]
   },
   "properties": {
    "id": "vha_646A4",
    "name": "H. John Heinz III Department of Veterans Affairs Medical Center",
    "facility_type": "va_health_facility",
    "classification": "VA Medical Center (VAMC)",
    "zip5": "15240",
    "city": "Pittsburgh",
    "state": "PA",
    "visn": "4",
    "health_care_system": "VA Pittsburgh health care",
    "operating_status": "NORMAL",
    "operating_status_info": null,
    "county_fips": null,
    "county_source": null,
    "market": null
   }
  },
  {
   "type": "Feature",
   "id": "vha_646GA",
   "geometry": {
    "type": "Point",
    "coordinates": [
     -80.8650778,
     40.06922257
    ]
   },
   "properties": {
    "id": "vha_646GA",
    "name": "Belmont County VA Clinic",
    "facility_type": "va_health_facility",
    "classification": "Multi-Specialty CBOC",
    "zip5": "43950",
    "city": "St. Clairsville",
    "state": "OH",
    "visn": "4",
    "health_care_system": "VA Pittsburgh health care",
    "operating_status": "NORMAL",
    "operating_status_info": null,
    "county_fips": null,
    "county_source": null,
    "market": null
   }
  },
  {
   "type": "Feature",
   "id": "vha_646GB",
   "geometry": {
    "type": "Point",
    "coordinates": [
     -79.50999958,
     40.30300659
    ]
   },
   "properties": {
    "id": "vha_646GB",
    "name": "Westmoreland County VA Clinic",
    "facility_type": "va_health_facility",
    "classification": "Multi-Specialty CBOC",
    "zip5": "15601",
    "city": "Greensburg",
    "state": "PA",
    "visn": "4",
    "health_care_system": "VA Pittsburgh health care",
    "operating_status": "NORMAL",
    "operating_status_info": null,
    "county_fips": null,
    "county_source": null,
    "market": null
   }
  },
  {
   "type": "Feature",
   "id": "vha_646GC",
   "geometry": {
    "type": "Point",
    "coordinates": [
     -80.28574479,
     40.70193405
    ]
   },
   "properties": {
    "id": "vha_646GC",
    "name": "Beaver County VA Clinic",
    "facility_type": "va_health_facility",
    "classification": "Multi-Specialty CBOC",
    "zip5": "15074",
    "city": "Rochester",
    "state": "PA",
    "visn": "4",
    "health_care_system": "VA Pittsburgh health care",
    "operating_status": "NORMAL",
    "operating_status_info": null,
    "county_fips": null,
    "county_source": null,
    "market": null
   }
  },
  {
   "type": "Feature",
   "id": "vha_646GD",
   "geometry": {
    "type": "Point",
    "coordinates": [
     -80.247231,
     40.170843
    ]
   },
   "properties": {
    "id": "vha_646GD",
    "name": "Washington County VA Clinic",
    "facility_type": "va_health_facility",
    "classification": "Multi-Specialty CBOC",
    "zip5": "15301",
    "city": "Washington",
    "state": "PA",
    "visn": "4",
    "health_care_system": "VA Pittsburgh health care",
    "operating_status": "NORMAL",
    "operating_status_info": null,
    "county_fips": null,
    "county_source": null,
    "market": null
   }
  },
  {
   "type": "Feature",
   "id": "vha_646GE",
   "geometry": {
    "type": "Point",
    "coordinates": [
     -79.7268511,
     39.9249541
    ]
   },
   "properties": {
    "id": "vha_646GE",
    "name": "Fayette County VA Clinic",
    "facility_type": "va_health_facility",
    "classification": "Multi-Specialty CBOC",
    "zip5": "15401",
    "city": "Uniontown",
    "state": "PA",
    "visn": "4",
    "health_care_system": "VA Pittsburgh health care",
    "operating_status": "NORMAL",
    "operating_status_info": null,
    "county_fips": null,
    "county_source": null,
    "market": null
   }
  },
  {
   "type": "Feature",
   "id": "vha_646GF",
   "geometry": {
    "type": "Point",
    "coordinates": [
     -79.79194709,
     40.42713863
    ]
   },
   "properties": {
    "id": "vha_646GF",
    "name": "Henry Parham VA Clinic",
    "facility_type": "va_health_facility",
    "classification": "Multi-Specialty CBOC",
    "zip5": "15146",
    "city": "Monroeville",
    "state": "PA",
    "visn": "4",
    "health_care_system": "VA Pittsburgh health care",
    "operating_status": "NORMAL",
    "operating_status_info": null,
    "county_fips": null,
    "county_source": null,
    "market": null
   }
  },
  {
   "type": "Feature",
   "id": "vha_648",
   "geometry": {
    "type": "Point",
    "coordinates": [
     -122.68331024,
     45.49690116
    ]
   },
   "properties": {
    "id": "vha_648",
    "name": "Portland VA Medical Center",
    "facility_type": "va_health_facility",
    "classification": "VA Medical Center (VAMC)",
    "zip5": "97239",
    "city": "Portland",
    "state": "OR",
    "visn": "20",
    "health_care_system": "VA Portland health care",
    "operating_status": "NORMAL",
    "operating_status_info": null,
    "county_fips": null,
    "county_source": null,
    "market": null
   }
  },
  {
   "type": "Feature",
   "id": "vha_648A4",
   "geometry": {
    "type": "Point",
    "coordinates": [
     -122.65538544,
     45.63938186
    ]
   },
   "properties": {
    "id": "vha_648A4",
    "name": "Vancouver VA Medical Center",
    "facility_type": "va_health_facility",
    "classification": "VA Medical Center (VAMC)",
    "zip5": "98661",
    "city": "Vancouver",
    "state": "WA",
    "visn": "20",
    "health_care_system": "VA Portland health care",
    "operating_status": "NORMAL",
    "operating_status_info": null,
    "county_fips": null,
    "county_source": null,
    "market": null
   }
  },
  {
   "type": "Feature",
   "id": "vha_648GA",
   "geometry": {
    "type": "Point",
    "coordinates": [
     -121.26477494,
     44.0720333
    ]
   },
   "properties": {
    "id": "vha_648GA",
    "name": "Robert D. Maxwell Department of Veterans Affairs Clinic",
    "facility_type": "va_health_facility",
    "classification": "Multi-Specialty CBOC",
    "zip5": "97701",
    "city": "Bend",
    "state": "OR",
    "visn": "20",
    "health_care_system": "VA Portland health care",
    "operating_status": "NORMAL",
    "operating_status_info": null,
    "county_fips": null,
    "county_source": null,
    "market": null
   }
  },
  {
   "type": "Feature",
   "id": "vha_648GB",
   "geometry": {
    "type": "Point",
    "coordinates": [
     -123.0243885,
     44.91603
    ]
   },
   "properties": {
    "id": "vha_648GB",
    "name": "Salem VA Clinic",
    "facility_type": "va_health_facility",
    "classification": "Multi-Specialty CBOC",
    "zip5": "97302",
    "city": "Salem",
    "state": "OR",
    "visn": "20",
    "health_care_system": "VA Portland health care",
    "operating_status": "NORMAL",
    "operating_status_info": null,
    "county_fips": null,
    "county_source": null,
    "market": null
   }
  },
  {
   "type": "Feature",
   "id": "vha_648GD",
   "geometry": {
    "type": "Point",
    "coordinates": [
     -123.80869869,
     46.19142901
    ]
   },
   "properties": {
    "id": "vha_648GD",
    "name": "Astoria VA Clinic",
    "facility_type": "va_health_facility",
    "classification": "Other Outpatient Services (OOS)",
    "zip5": "97103",
    "city": "Astoria",
    "state": "OR",
    "visn": "20",
    "health_care_system": "VA Portland health care",
    "operating_status": "CLOSED",
    "operating_status_info": "Please note: the North Coast VA Clinic is now permanently closed. The VA Community Based Outpatient Clinic serving north Oregon coast Veterans is the Astoria CBOC, located at 3196 Marine Drive, Astoria OR 97103.",
    "county_fips": null,
    "county_source": null,
    "market": null
   }
  },
  {
   "type": "Feature",
   "id": "vha_648GE",
   "geometry": {
    "type": "Point",
    "coordinates": [
     -122.44201864,
     45.53351337
    ]
   },
   "properties": {
    "id": "vha_648GE",
    "name": "Fairview VA Clinic",
    "facility_type": "va_health_facility",
    "classification": "Multi-Specialty CBOC",
    "zip5": "97024",
    "city": "Fairview",
    "state": "OR",
    "visn": "20",
    "health_care_system": "VA Portland health care",
    "operating_status": "NORMAL",
    "operating_status_info": null,
    "county_fips": null,
    "county_source": null,
    "market": null
   }
  },
  {
   "type": "Feature",
   "id": "vha_648GF",
   "geometry": {
    "type": "Point",
    "coordinates": [
     -122.879619,
     45.534465
    ]
   },
   "properties": {
    "id": "vha_648GF",
    "name": "Hillsboro VA Clinic",
    "facility_type": "va_health_facility",
    "classification": "Multi-Specialty CBOC",
    "zip5": "97006",
    "city": "Hillsboro",
    "state": "OR",
    "visn": "20",
    "health_care_system": "VA Portland health care",
    "operating_status": "NORMAL",
    "operating_status_info": null,
    "county_fips": null,
    "county_source": null,
    "market": null
   }
  },
  {
   "type": "Feature",
   "id": "vha_648GG",
   "geometry": {
    "type": "Point",
    "coordinates": [
     -122.65617644,
     45.35109548
    ]
   },
   "properties": {
    "id": "vha_648GG",
    "name": "West Linn VA Clinic",
    "facility_type": "va_health_facility",
    "classification": "Multi-Specialty CBOC",
    "zip5": "97068",
    "city": "West Linn",
    "state": "OR",
    "visn": "20",
    "health_care_system": "VA Portland health care",
    "operating_status": "NORMAL",
    "operating_status_info": null,
    "county_fips": null,
    "county_source": null,
    "market": null
   }
  },
  {
   "type": "Feature",
   "id": "vha_648GH",
   "geometry": {
    "type": "Point",
    "coordinates": [
     -124.05567074,
     44.63598734
    ]
   },
   "properties": {
    "id": "vha_648GH",
    "name": "Newport VA Clinic",
    "facility_type": "va_health_facility",
    "classification": "Other Outpatient Services (OOS)",
    "zip5": "97365",
    "city": "Newport",
    "state": "OR",
    "visn": "20",
    "health_care_system": "VA Portland health care",
    "operating_status": "NORMAL",
    "operating_status_info": null,
    "county_fips": null,
    "county_source": null,
    "market": null
   }
  },
  {
   "type": "Feature",
   "id": "vha_648GI",
   "geometry": {
    "type": "Point",
    "coordinates": [
     -122.6721943,
     45.52023504
    ]
   },
   "properties": {
    "id": "vha_648GI",
    "name": "Portland VA Clinic",
    "facility_type": "va_health_facility",
    "classification": "Primary Care CBOC",
    "zip5": "97204",
    "city": "Portland",
    "state": "OR",
    "visn": "20",
    "health_care_system": "VA Portland health care",
    "operating_status": "NORMAL",
    "operating_status_info": null,
    "county_fips": null,
    "county_source": null,
    "market": null
   }
  },
  {
   "type": "Feature",
   "id": "vha_648GJ",
   "geometry": {
    "type": "Point",
    "coordinates": [
     -121.12559413,
     45.60036501
    ]
   },
   "properties": {
    "id": "vha_648GJ",
    "name": "Loren R. Kaufman VA Clinic",
    "facility_type": "va_health_facility",
    "classification": "Other Outpatient Services (OOS)",
    "zip5": "97058",
    "city": "The Dalles",
    "state": "OR",
    "visn": "20",
    "health_care_system": "VA Portland health care",
    "operating_status": "NORMAL",
    "operating_status_info": null,
    "county_fips": null,
    "county_source": null,
    "market": null
   }
  },
  {
   "type": "Feature",
   "id": "vha_648GK",
   "geometry": {
    "type": "Point",
    "coordinates": [
     -124.01277004,
     44.95958311
    ]
   },
   "properties": {
    "id": "vha_648GK",
    "name": "Lincoln City VA Clinic",
    "facility_type": "va_health_facility",
    "classification": "Other Outpatient Services (OOS)",
    "zip5": "97367",
    "city": "Lincoln City",
    "state": "OR",
    "visn": "20",
    "health_care_system": "VA Portland health care",
    "operating_status": "NORMAL",
    "operating_status_info": null,
    "county_fips": null,
    "county_source": null,
    "market": null
   }
  },
  {
   "type": "Feature",
   "id": "vha_649",
   "geometry": {
    "type": "Point",
    "coordinates": [
     -112.45167423,
     34.55145201
    ]
   },
   "properties": {
    "id": "vha_649",
    "name": "Bob Stump Department of Veterans Affairs Medical Center",
    "facility_type": "va_health_facility",
    "classification": "VA Medical Center (VAMC)",
    "zip5": "86313",
    "city": "Prescott",
    "state": "AZ",
    "visn": "22",
    "health_care_system": "VA Northern Arizona health care",
    "operating_status": "NORMAL",
    "operating_status_info": null,
    "county_fips": null,
    "county_source": null,
    "market": null
   }
  },
  {
   "type": "Feature",
   "id": "vha_649GA",
   "geometry": {
    "type": "Point",
    "coordinates": [
     -114.01631434,
     35.19120832
    ]
   },
   "properties": {
    "id": "vha_649GA",
    "name": "Kingman VA Clinic",
    "facility_type": "va_health_facility",
    "classification": "Primary Care CBOC",
    "zip5": "86401",
    "city": "Kingman",
    "state": "AZ",
    "visn": "22",
    "health_care_system": "VA Northern Arizona health care",
    "operating_status": "NORMAL",
    "operating_status_info": null,
    "county_fips": null,
    "county_source": null,
    "market": null
   }
  },
  {
   "type": "Feature",
   "id": "vha_649GB",
   "geometry": {
    "type": "Point",
    "coordinates": [
     -111.67256059,
     35.18419144
    ]
   },
   "properties": {
    "id": "vha_649GB",
    "name": "Flagstaff VA Clinic",
    "facility_type": "va_health_facility",
    "classification": "Primary Care CBOC",
    "zip5": "86001",
    "city": "Flagstaff",
    "state": "AZ",
    "visn": "22",
    "health_care_system": "VA Northern Arizona health care",
    "operating_status": "NORMAL",
    "operating_status_info": null,
    "county_fips": null,
    "county_source": null,
    "market": null
   }
  },
  {
   "type": "Feature",
   "id": "vha_649GC",
   "geometry": {
    "type": "Point",
    "coordinates": [
     -114.33658199,
     34.46328623
    ]
   },
   "properties": {
    "id": "vha_649GC",
    "name": "Lake Havasu City VA Clinic",
    "facility_type": "va_health_facility",
    "classification": "Other Outpatient Services (OOS)",
    "zip5": "86403",
    "city": "Lake Havasu City",
    "state": "AZ",
    "visn": "22",
    "health_care_system": "VA Northern Arizona health care",
    "operating_status": "NORMAL",
    "operating_status_info": null,
    "county_fips": null,
    "county_source": null,
    "market": null
   }
  },
  {
   "type": "Feature",
   "id": "vha_649GD",
   "geometry": {
    "type": "Point",
    "coordinates": [
     -112.1434335,
     33.86367
    ]
   },
   "properties": {
    "id": "vha_649GD",
    "name": "Anthem VA Clinic",
    "facility_type": "va_health_facility",
    "classification": "Primary Care CBOC",
    "zip5": "85086",
    "city": "Anthem",
    "state": "AZ",
    "visn": "22",
    "health_care_system": "VA Northern Arizona health care",
    "operating_status": "NORMAL",
    "operating_status_info": null,
    "county_fips": null,
    "county_source": null,
    "market": null
   }
  },
  {
   "type": "Feature",
   "id": "vha_649GE",
   "geometry": {
    "type": "Point",
    "coordinates": [
     -112.02920092,
     34.73052861
    ]
   },
   "properties": {
    "id": "vha_649GE",
    "name": "Cottonwood VA Clinic",
    "facility_type": "va_health_facility",
    "classification": "Primary Care CBOC",
    "zip5": "86326",
    "city": "Cottonwood",
    "state": "AZ",
    "visn": "22",
    "health_care_system": "VA Northern Arizona health care",
    "operating_status": "NORMAL",
    "operating_status_info": null,
    "county_fips": null,
    "county_source": null,
    "market": null
   }
  },
  {
   "type": "Feature",
   "id": "vha_649QA",
   "geometry": {
    "type": "Point",
    "coordinates": [
     -109.59545467,
     36.1475628
    ]
   },
   "properties": {
    "id": "vha_649QA",
    "name": "Chinle VA Clinic",
    "facility_type": "va_health_facility",
    "classification": "Other Outpatient Services (OOS)",
    "zip5": "86503",
    "city": "Chinle",
    "state": "AZ",
    "visn": "22",
    "health_care_system": "VA Northern Arizona health care",
    "operating_status": "NORMAL",
    "operating_status_info": null,
    "county_fips": null,
    "county_source": null,
    "market": null
   }
  },
  {
   "type": "Feature",
   "id": "vha_649QD",
   "geometry": {
    "type": "Point",
    "coordinates": [
     -111.45904806,
     36.91970067
    ]
   },
   "properties": {
    "id": "vha_649QD",
    "name": "Page VA Clinic",
    "facility_type": "va_health_facility",
    "classification": "Other Outpatient Services (OOS)",
    "zip5": "86040",
    "city": "Page",
    "state": "AZ",
    "visn": "22",
    "health_care_system": "VA Northern Arizona health care",
    "operating_status": "NORMAL",
    "operating_status_info": null,
    "county_fips": null,
    "county_source": null,
    "market": null
   }
  },
  {
   "type": "Feature",
   "id": "vha_649QF",
   "geometry": {
    "type": "Point",
    "coordinates": [
     -111.23975273,
     36.13538931
    ]
   },
   "properties": {
    "id": "vha_649QF",
    "name": "Tuba City VA Clinic",
    "facility_type": "va_health_facility",
    "classification": "Other Outpatient Services (OOS)",
    "zip5": "86045",
    "city": "Tuba City",
    "state": "AZ",
    "visn": "22",
    "health_care_system": "VA Northern Arizona health care",
    "operating_status": "NORMAL",
    "operating_status_info": null,
    "county_fips": null,
    "county_source": null,
    "market": null
   }
  },
  {
   "type": "Feature",
   "id": "vha_649QH",
   "geometry": {
    "type": "Point",
    "coordinates": [
     -110.41938501,
     36.6608143
    ]
   },
   "properties": {
    "id": "vha_649QH",
    "name": "Kayenta VA Clinic",
    "facility_type": "va_health_facility",
    "classification": "Other Outpatient Services (OOS)",
    "zip5": "86033",
    "city": "Kayenta",
    "state": "AZ",
    "visn": "22",
    "health_care_system": "VA Northern Arizona health care",
    "operating_status": "NORMAL",
    "operating_status_info": null,
    "county_fips": null,
    "county_source": null,
    "market": null
   }
  },
  {
   "type": "Feature",
   "id": "vha_650",
   "geometry": {
    "type": "Point",
    "coordinates": [
     -71.431794,
     41.831253
    ]
   },
   "properties": {
    "id": "vha_650",
    "name": "Providence VA Medical Center",
    "facility_type": "va_health_facility",
    "classification": "VA Medical Center (VAMC)",
    "zip5": "02908",
    "city": "Providence",
    "state": "RI",
    "visn": "1",
    "health_care_system": "VA Providence health care",
    "operating_status": "NOTICE",
    "operating_status_info": "As part of the ongoing security fence project, VA Providence will be closing the Armed Forces Blvd. entrance (Main Entrance) to the PVAMC on Tuesday, May 28th at 6pm.\u00a0The closure is needed so the Contractor can reconfigure the entrance, install new fencing, and a new gate at the entrance.",
    "county_fips": null,
    "county_source": null,
    "market": null
   }
  },
  {
   "type": "Feature",
   "id": "vha_650GA",
   "geometry": {
    "type": "Point",
    "coordinates": [
     -70.9296255,
     41.636268
    ]
   },
   "properties": {
    "id": "vha_650GA",
    "name": "New Bedford VA Clinic",
    "facility_type": "va_health_facility",
    "classification": "Primary Care CBOC",
    "zip5": "02740",
    "city": "New Bedford",
    "state": "MA",
    "visn": "1",
    "health_care_system": "VA Providence health care",
    "operating_status": "NOTICE",
    "operating_status_info": "COVID-19 Transmission has gone down to LOW level",
    "county_fips": null,
    "county_source": null,
    "market": null
   }
  },
  {
   "type": "Feature",
   "id": "vha_650GB",
   "geometry": {
    "type": "Point",
    "coordinates": [
     -70.2941667,
     41.6515538
    ]
   },
   "properties": {
    "id": "vha_650GB",
    "name": "Hyannis VA Clinic",
    "facility_type": "va_health_facility",
    "classification": "Multi-Specialty CBOC",
    "zip5": "02601",
    "city": "Hyannis",
    "state": "MA",
    "visn": "1",
    "health_care_system": "VA Providence health care",
    "operating_status": "NOTICE",
    "operating_status_info": "COVID-19 Transmission has gone down to MEDIUM level",
    "county_fips": null,
    "county_source": null,
    "market": null
   }
  },
  {
   "type": "Feature",
   "id": "vha_650GD",
   "geometry": {
    "type": "Point",
    "coordinates": [
     -71.29726332,
     41.53034355
    ]
   },
   "properties": {
    "id": "vha_650GD",
    "name": "Middletown VA Clinic",
    "facility_type": "va_health_facility",
    "classification": "Primary Care CBOC",
    "zip5": "02842",
    "city": "Middletown",
    "state": "RI",
    "visn": "1",
    "health_care_system": "VA Providence health care",
    "operating_status": "NORMAL",
    "operating_status_info": null,
    "county_fips": null,
    "county_source": null,
    "market": null
   }
  },
  {
   "type": "Feature",
   "id": "vha_650QA",
   "geometry": {
    "type": "Point",
    "coordinates": [
     -71.43702518,
     41.82454948
    ]
   },
   "properties": {
    "id": "vha_650QA",
    "name": "Eagle Square VA Clinic",
    "facility_type": "va_health_facility",
    "classification": "Other Outpatient Services (OOS)",
    "zip5": "02909",
    "city": "Providence",
    "state": "RI",
    "visn": "1",
    "health_care_system": "VA Providence health care",
    "operating_status": "NOTICE",
    "operating_status_info": "COVID-19 Transmission has gone up to HIGH transmission level",
    "county_fips": null,
    "county_source": null,
    "market": null
   }
  },
  {
   "type": "Feature",
   "id": "vha_650QB",
   "geometry": {
    "type": "Point",
    "coordinates": [
     -71.43542253,
     41.82565975
    ]
   },
   "properties": {
    "id": "vha_650QB",
    "name": "Eagle Street VA Clinic",
    "facility_type": "va_health_facility",
    "classification": "Other Outpatient Services (OOS)",
    "zip5": "02909",
    "city": "Providence",
    "state": "RI",
    "visn": "1",
    "health_care_system": "VA Providence health care",
    "operating_status": "NORMAL",
    "operating_status_info": null,
    "county_fips": null,
    "county_source": null,
    "market": null
   }
  },
  {
   "type": "Feature",
   "id": "vha_652",
   "geometry": {
    "type": "Point",
    "coordinates": [
     -77.47035097,
     37.49792643
    ]
   },
   "properties": {
    "id": "vha_652",
    "name": "Richmond VA Medical Center",
    "facility_type": "va_health_facility",
    "classification": "VA Medical Center (VAMC)",
    "zip5": "23249",
    "city": "Richmond",
    "state": "VA",
    "visn": "6",
    "health_care_system": "VA Richmond health care",
    "operating_status": "NORMAL",
    "operating_status_info": null,
    "county_fips": null,
    "county_source": null,
    "market": null
   }
  },
  {
   "type": "Feature",
   "id": "vha_652BY",
   "geometry": {
    "type": "Point",
    "coordinates": [
     -77.499037,
     38.24695801
    ]
   },
   "properties": {
    "id": "vha_652BY",
    "name": "Fredericksburg 3 VA Clinic",
    "facility_type": "va_health_facility",
    "classification": "Multi-Specialty CBOC",
    "zip5": "22408",
    "city": "Fredericksburg",
    "state": "VA",
    "visn": "6",
    "health_care_system": "VA Richmond health care",
    "operating_status": "NORMAL",
    "operating_status_info": null,
    "county_fips": null,
    "county_source": null,
    "market": null
   }
  },
  {
   "type": "Feature",
   "id": "vha_652GB",
   "geometry": {
    "type": "Point",
    "coordinates": [
     -77.49640848,
     38.24330497
    ]
   },
   "properties": {
    "id": "vha_652GB",
    "name": "Fredericksburg 2 VA Clinic",
    "facility_type": "va_health_facility",
    "classification": "Primary Care CBOC",
    "zip5": "22408",
    "city": "Fredericksburg",
    "state": "VA",
    "visn": "6",
    "health_care_system": "VA Richmond health care",
    "operating_status": "TEMPORARY_CLOSURE",
    "operating_status_info": "With the opening of the new Fredericksburg Health Care Center this facility is now closed.\r\n\r\nPlease go to the Fredericksburg VA Health Care Center, located at 10432 Patriot Hwy. Fredericksburg, VA, 22408.",
    "county_fips": null,
    "county_source": null,
    "market": null
   }
  },
  {
   "type": "Feature",
   "id": "vha_652GC",
   "geometry": {
    "type": "Point",
    "coordinates": [
     -77.52672,
     37.631565
    ]
   },
   "properties": {
    "id": "vha_652GC",
    "name": "Henrico County VA Clinic",
    "facility_type": "va_health_facility",
    "classification": "Multi-Specialty CBOC",
    "zip5": "23294",
    "city": "Richmond",
    "state": "VA",
    "visn": "6",
    "health_care_system": "VA Richmond health care",
    "operating_status": "NORMAL",
    "operating_status_info": null,
    "county_fips": null,
    "county_source": null,
    "market": null
   }
  },
  {
   "type": "Feature",
   "id": "vha_652GE",
   "geometry": {
    "type": "Point",
    "coordinates": [
     -78.44135591,
     38.02149186
    ]
   },
   "properties": {
    "id": "vha_652GE",
    "name": "Charlottesville VA Clinic",
    "facility_type": "va_health_facility",
    "classification": "Multi-Specialty CBOC",
    "zip5": "22911",
    "city": "Charlottesville",
    "state": "VA",
    "visn": "6",
    "health_care_system": "VA Richmond health care",
    "operating_status": "NORMAL",
    "operating_status_info": null,
    "county_fips": null,
    "county_source": null,
    "market": null
   }
  },
  {
   "type": "Feature",
   "id": "vha_652GF",
   "geometry": {
    "type": "Point",
    "coordinates": [
     -77.52807407,
     36.69014119
    ]
   },
   "properties": {
    "id": "vha_652GF",
    "name": "Emporia VA Clinic",
    "facility_type": "va_health_facility",
    "classification": "Primary Care CBOC",
    "zip5": "23847",
    "city": "Emporia",
    "state": "VA",
    "visn": "6",
    "health_care_system": "VA Richmond health care",
    "operating_status": "NORMAL",
    "operating_status_info": null,
    "county_fips": null,
    "county_source": null,
    "market": null
   }
  },
  {
   "type": "Feature",
   "id": "vha_652GG",
   "geometry": {
    "type": "Point",
    "coordinates": [
     -77.4674325,
     37.497951
    ]
   },
   "properties": {
    "id": "vha_652GG",
    "name": "Richmond 1 VA Mobile Medical Unit",
    "facility_type": "va_health_facility",
    "classification": "Other Outpatient Services (OOS)",
    "zip5": "23249",
    "city": "Richmond",
    "state": "VA",
    "visn": "6",
    "health_care_system": "VA Richmond health care",
    "operating_status": "NORMAL",
    "operating_status_info": null,
    "county_fips": null,
    "county_source": null,
    "market": null
   }
  },
  {
   "type": "Feature",
   "id": "vha_652GH",
   "geometry": {
    "type": "Point",
    "coordinates": [
     -77.4674325,
     37.497951
    ]
   },
   "properties": {
    "id": "vha_652GH",
    "name": "Richmond 2 VA Mobile Medical Unit",
    "facility_type": "va_health_facility",
    "classification": "Other Outpatient Services (OOS)",
    "zip5": "23249",
    "city": "Richmond",
    "state": "VA",
    "visn": "6",
    "health_care_system": "VA Richmond health care",
    "operating_status": "NORMAL",
    "operating_status_info": null,
    "county_fips": null,
    "county_source": null,
    "market": null
   }
  },
  {
   "type": "Feature",
   "id": "vha_652GI",
   "geometry": {
    "type": "Point",
    "coordinates": [
     -77.50267763,
     38.23022706
    ]
   },
   "properties": {
    "id": "vha_652GI",
    "name": "Massaponax VA Clinic",
    "facility_type": "va_health_facility",
    "classification": "Primary Care CBOC",
    "zip5": "22407",
    "city": "Fredericksburg",
    "state": "VA",
    "visn": "6",
    "health_care_system": "VA Richmond health care",
    "operating_status": "TEMPORARY_CLOSURE",
    "operating_status_info": "Facility closed\r\nWith the opening of the new Fredericksburg Health care Center this facility is now closed.\r\n\r\nPlease go to the Fredericksburg VA Health Care Center, located at 10432 Patriot Hwy. Fredericksburg, VA, 22408.",
    "county_fips": null,
    "county_source": null,
    "market": null
   }
  },
  {
   "type": "Feature",
   "id": "vha_652QA",
   "geometry": {
    "type": "Point",
    "coordinates": [
     -77.52025163,
     37.62806983
    ]
   },
   "properties": {
    "id": "vha_652QA",
    "name": "Henrico County 2 VA Clinic",
    "facility_type": "va_health_facility",
    "classification": "Other Outpatient Services (OOS)",
    "zip5": "23228",
    "city": "Richmond",
    "state": "VA",
    "visn": "6",
    "health_care_system": "VA Richmond health care",
    "operating_status": "TEMPORARY_CLOSURE",
    "operating_status_info": "ATTENTION: This facility is not in operation by the VA.  Please use the Henrico clinic at: 7702 East Parham Road, Parham Doctors Hospital, MOB III, Suite 201 Richmond, VA 23294-4372 Main phone: 804-675-5000Main phone VA health connect: 855-679-0074VA health connect Mental health care: 804-675-5411",
    "county_fips": null,
    "county_source": null,
    "market": null
   }
  },
  {
   "type": "Feature",
   "id": "vha_653",
   "geometry": {
    "type": "Point",
    "coordinates": [
     -123.36708767,
     43.22859108
    ]
   },
   "properties": {
    "id": "vha_653",
    "name": "Roseburg VA Medical Center",
    "facility_type": "va_health_facility",
    "classification": "VA Medical Center (VAMC)",
    "zip5": "97471",
    "city": "Roseburg",
    "state": "OR",
    "visn": "20",
    "health_care_system": "VA Roseburg health care",
    "operating_status": "NORMAL",
    "operating_status_info": null,
    "county_fips": null,
    "county_source": null,
    "market": null
   }
  },
  {
   "type": "Feature",
   "id": "vha_653BY",
   "geometry": {
    "type": "Point",
    "coordinates": [
     -123.052518,
     44.088462
    ]
   },
   "properties": {
    "id": "vha_653BY",
    "name": "Eugene VA Clinic",
    "facility_type": "va_health_facility",
    "classification": "Health Care Center (HCC)",
    "zip5": "97408",
    "city": "Eugene",
    "state": "OR",
    "visn": "20",
    "health_care_system": "VA Roseburg health care",
    "operating_status": "NORMAL",
    "operating_status_info": null,
    "county_fips": null,
    "county_source": null,
    "market": null
   }
  },
  {
   "type": "Feature",
   "id": "vha_653GA",
   "geometry": {
    "type": "Point",
    "coordinates": [
     -124.2360045,
     43.404291
    ]
   },
   "properties": {
    "id": "vha_653GA",
    "name": "North Bend VA Clinic",
    "facility_type": "va_health_facility",
    "classification": "Primary Care CBOC",
    "zip5": "97459",
    "city": "North Bend",
    "state": "OR",
    "visn": "20",
    "health_care_system": "VA Roseburg health care",
    "operating_status": "NORMAL",
    "operating_status_info": null,
    "county_fips": null,
    "county_source": null,
    "market": null
   }
  },
  {
   "type": "Feature",
   "id": "vha_653GB",
   "geometry": {
    "type": "Point",
    "coordinates": [
     -124.28829849,
     42.05213263
    ]
   },
   "properties": {
    "id": "vha_653GB",
    "name": "Brookings VA Clinic",
    "facility_type": "va_health_facility",
    "classification": "Primary Care CBOC",
    "zip5": "97415",
    "city": "Brookings",
    "state": "OR",
    "visn": "20",
    "health_care_system": "VA Roseburg health care",
    "operating_status": "NORMAL",
    "operating_status_info": null,
    "county_fips": null,
    "county_source": null,
    "market": null
   }
  },
  {
   "type": "Feature",
   "id": "vha_653QA",
   "geometry": {
    "type": "Point",
    "coordinates": [
     -123.089373,
     44.05248
    ]
   },
   "properties": {
    "id": "vha_653QA",
    "name": "Downtown Eugene VA Clinic",
    "facility_type": "va_health_facility",
    "classification": "Other Outpatient Services (OOS)",
    "zip5": "97401",
    "city": "Eugene",
    "state": "OR",
    "visn": "20",
    "health_care_system": "VA Roseburg health care",
    "operating_status": "NORMAL",
    "operating_status_info": null,
    "county_fips": null,
    "county_source": null,
    "market": null
   }
  },
  {
   "type": "Feature",
   "id": "vha_654",
   "geometry": {
    "type": "Point",
    "coordinates": [
     -119.799522,
     39.516318
    ]
   },
   "properties": {
    "id": "vha_654",
    "name": "Ioannis A. Lougaris Veterans' Administration Medical Center",
    "facility_type": "va_health_facility",
    "classification": "VA Medical Center (VAMC)",
    "zip5": "89502",
    "city": "Reno",
    "state": "NV",
    "visn": "21",
    "health_care_system": "VA Sierra Nevada health care",
    "operating_status": "NORMAL",
    "operating_status_info": null,
    "county_fips": null,
    "county_source": null,
    "market": null
   }
  },
  {
   "type": "Feature",
   "id": "vha_654GB",
   "geometry": {
    "type": "Point",
    "coordinates": [
     -119.74070777,
     38.93497474
    ]
   },
   "properties": {
    "id": "vha_654GB",
    "name": "Carson Valley VA Clinic",
    "facility_type": "va_health_facility",
    "classification": "Other Outpatient Services (OOS)",
    "zip5": "89410",
    "city": "Gardnerville",
    "state": "NV",
    "visn": "21",
    "health_care_system": "VA Sierra Nevada health care",
    "operating_status": "NORMAL",
    "operating_status_info": null,
    "county_fips": null,
    "county_source": null,
    "market": null
   }
  },
  {
   "type": "Feature",
   "id": "vha_654GC",
   "geometry": {
    "type": "Point",
    "coordinates": [
     -118.76223167,
     39.46539947
    ]
   },
   "properties": {
    "id": "vha_654GC",
    "name": "Lahontan Valley VA Clinic",
    "facility_type": "va_health_facility",
    "classification": "Other Outpatient Services (OOS)",
    "zip5": "89406",
    "city": "Fallon",
    "state": "NV",
    "visn": "21",
    "health_care_system": "VA Sierra Nevada health care",
    "operating_status": "NORMAL",
    "operating_status_info": null,
    "county_fips": null,
    "county_source": null,
    "market": null
   }
  },
  {
   "type": "Feature",
   "id": "vha_654GD",
   "geometry": {
    "type": "Point",
    "coordinates": [
     -120.62556908,
     40.40584984
    ]
   },
   "properties": {
    "id": "vha_654GD",
    "name": "Diamond View VA Clinic",
    "facility_type": "va_health_facility",
    "classification": "Other Outpatient Services (OOS)",
    "zip5": "96130",
    "city": "Susanville",
    "state": "CA",
    "visn": "21",
    "health_care_system": "VA Sierra Nevada health care",
    "operating_status": "NORMAL",
    "operating_status_info": null,
    "county_fips": null,
    "county_source": null,
    "market": null
   }
  },
  {
   "type": "Feature",
   "id": "vha_654GE",
   "geometry": {
    "type": "Point",
    "coordinates": [
     -119.75064083,
     39.51015564
    ]
   },
   "properties": {
    "id": "vha_654GE",
    "name": "Reno East VA Clinic",
    "facility_type": "va_health_facility",
    "classification": "Multi-Specialty CBOC",
    "zip5": "89502",
    "city": "Reno",
    "state": "NV",
    "visn": "21",
    "health_care_system": "VA Sierra Nevada health care",
    "operating_status": "NORMAL",
    "operating_status_info": null,
    "county_fips": null,
    "county_source": null,
    "market": null
   }
  },
  {
   "type": "Feature",
   "id": "vha_654GF",
   "geometry": {
    "type": "Point",
    "coordinates": [
     -119.80018363,
     39.55763568
    ]
   },
   "properties": {
    "id": "vha_654GF",
    "name": "North Reno VA Clinic",
    "facility_type": "va_health_facility",
    "classification": "Primary Care CBOC",
    "zip5": "89512",
    "city": "Reno",
    "state": "NV",
    "visn": "21",
    "health_care_system": "VA Sierra Nevada health care",
    "operating_status": "NORMAL",
    "operating_status_info": null,
    "county_fips": null,
    "county_source": null,
    "market": null
   }
  },
  {
   "type": "Feature",
   "id": "vha_654QA",
   "geometry": {
    "type": "Point",
    "coordinates": [
     -119.78913396,
     39.50191487
    ]
   },
   "properties": {
    "id": "vha_654QA",
    "name": "Kietzke VA Clinic",
    "facility_type": "va_health_facility",
    "classification": "Other Outpatient Services (OOS)",
    "zip5": "89502",
    "city": "Reno",
    "state": "NV",
    "visn": "21",
    "health_care_system": "VA Sierra Nevada health care",
    "operating_status": "NORMAL",
    "operating_status_info": null,
    "county_fips": null,
    "county_source": null,
    "market": null
   }
  },
  {
   "type": "Feature",
   "id": "vha_654QB",
   "geometry": {
    "type": "Point",
    "coordinates": [
     -119.802438,
     39.51049649
    ]
   },
   "properties": {
    "id": "vha_654QB",
    "name": "Pioneer VA Clinic",
    "facility_type": "va_health_facility",
    "classification": "Primary Care CBOC",
    "zip5": "89502",
    "city": "Reno",
    "state": "NV",
    "visn": "21",
    "health_care_system": "VA Sierra Nevada health care",
    "operating_status": "NORMAL",
    "operating_status_info": null,
    "county_fips": null,
    "county_source": null,
    "market": null
   }
  },
  {
   "type": "Feature",
   "id": "vha_654QC",
   "geometry": {
    "type": "Point",
    "coordinates": [
     -117.74265207,
     40.95717242
    ]
   },
   "properties": {
    "id": "vha_654QC",
    "name": "Winnemucca VA Clinic",
    "facility_type": "va_health_facility",
    "classification": "Other Outpatient Services (OOS)",
    "zip5": "89445",
    "city": "Winnemucca",
    "state": "NV",
    "visn": "21",
    "health_care_system": "VA Sierra Nevada health care",
    "operating_status": "NORMAL",
    "operating_status_info": null,
    "county_fips": null,
    "county_source": null,
    "market": null
   }
  },
  {
   "type": "Feature",
   "id": "vha_654QD",
   "geometry": {
    "type": "Point",
    "coordinates": [
     -119.7949322,
     39.48891778
    ]
   },
   "properties": {
    "id": "vha_654QD",
    "name": "Virginia Street VA Clinic",
    "facility_type": "va_health_facility",
    "classification": "Other Outpatient Services (OOS)",
    "zip5": "89502",
    "city": "Reno",
    "state": "NV",
    "visn": "21",
    "health_care_system": "VA Sierra Nevada health care",
    "operating_status": "NORMAL",
    "operating_status_info": null,
    "county_fips": null,
    "county_source": null,
    "market": null
   }
  },
  {
   "type": "Feature",
   "id": "vha_654QE",
   "geometry": {
    "type": "Point",
    "coordinates": [
     -119.79849739,
     39.51594938
    ]
   },
   "properties": {
    "id": "vha_654QE",
    "name": "Reno VA Mobile Medical Unit",
    "facility_type": "va_health_facility",
    "classification": "Other Outpatient Services (OOS)",
    "zip5": "89502",
    "city": "Reno",
    "state": "NV",
    "visn": "21",
    "health_care_system": "VA Sierra Nevada health care",
    "operating_status": "NORMAL",
    "operating_status_info": null,
    "county_fips": null,
    "county_source": null,
    "market": null
   }
  },
  {
   "type": "Feature",
   "id": "vha_655",
   "geometry": {
    "type": "Point",
    "coordinates": [
     -83.96236697,
     43.4436778
    ]
   },
   "properties": {
    "id": "vha_655",
    "name": "Aleda E. Lutz Department of Veterans Affairs Medical Center",
    "facility_type": "va_health_facility",
    "classification": "VA Medical Center (VAMC)",
    "zip5": "48602",
    "city": "Saginaw",
    "state": "MI",
    "visn": "10",
    "health_care_system": "VA Saginaw health care",
    "operating_status": "NORMAL",
    "operating_status_info": null,
    "county_fips": null,
    "county_source": null,
    "market": null
   }
  },
  {
   "type": "Feature",
   "id": "vha_655GA",
   "geometry": {
    "type": "Point",
    "coordinates": [
     -84.67704973,
     44.99157585
    ]
   },
   "properties": {
    "id": "vha_655GA",
    "name": "Navy Corpsman Steve Andrews Department of Veterans Affairs Health Care Clinic",
    "facility_type": "va_health_facility",
    "classification": "Multi-Specialty CBOC",
    "zip5": "49735",
    "city": "Gaylord",
    "state": "MI",
    "visn": "10",
    "health_care_system": "VA Saginaw health care",
    "operating_status": "NORMAL",
    "operating_status_info": null,
    "county_fips": null,
    "county_source": null,
    "market": null
   }
  },
  {
   "type": "Feature",
   "id": "vha_655GB",
   "geometry": {
    "type": "Point",
    "coordinates": [
     -85.65621272,
     44.67872029
    ]
   },
   "properties": {
    "id": "vha_655GB",
    "name": "Colonel Demas T. Craw VA Clinic",
    "facility_type": "va_health_facility",
    "classification": "Multi-Specialty CBOC",
    "zip5": "49685",
    "city": "Traverse City",
    "state": "MI",
    "visn": "10",
    "health_care_system": "VA Saginaw health care",
    "operating_status": "NORMAL",
    "operating_status_info": null,
    "county_fips": null,
    "county_source": null,
    "market": null
   }
  },
  {
   "type": "Feature",
   "id": "vha_655GC",
   "geometry": {
    "type": "Point",
    "coordinates": [
     -83.34775439,
     44.44755466
    ]
   },
   "properties": {
    "id": "vha_655GC",
    "name": "Oscoda VA Clinic",
    "facility_type": "va_health_facility",
    "classification": "Primary Care CBOC",
    "zip5": "48750",
    "city": "Oscoda",
    "state": "MI",
    "visn": "10",
    "health_care_system": "VA Saginaw health care",
    "operating_status": "NORMAL",
    "operating_status_info": null,
    "county_fips": null,
    "county_source": null,
    "market": null
   }
  },
  {
   "type": "Feature",
   "id": "vha_655GD",
   "geometry": {
    "type": "Point",
    "coordinates": [
     -83.43056958,
     45.06106473
    ]
   },
   "properties": {
    "id": "vha_655GD",
    "name": "Lieutenant Colonel Clement C. Van Wagoner Department of Veterans Affairs Clinic",
    "facility_type": "va_health_facility",
    "classification": "Primary Care CBOC",
    "zip5": "49707",
    "city": "Alpena",
    "state": "MI",
    "visn": "10",
    "health_care_system": "VA Saginaw health care",
    "operating_status": "NORMAL",
    "operating_status_info": null,
    "county_fips": null,
    "county_source": null,
    "market": null
   }
  },
  {
   "type": "Feature",
   "id": "vha_655GE",
   "geometry": {
    "type": "Point",
    "coordinates": [
     -84.74836008,
     43.81183792
    ]
   },
   "properties": {
    "id": "vha_655GE",
    "name": "Clare VA Clinic",
    "facility_type": "va_health_facility",
    "classification": "Primary Care CBOC",
    "zip5": "48617",
    "city": "Clare",
    "state": "MI",
    "visn": "10",
    "health_care_system": "VA Saginaw health care",
    "operating_status": "NORMAL",
    "operating_status_info": null,
    "county_fips": null,
    "county_source": null,
    "market": null
   }
  },
  {
   "type": "Feature",
   "id": "vha_655GF",
   "geometry": {
    "type": "Point",
    "coordinates": [
     -83.03758908,
     43.80188543
    ]
   },
   "properties": {
    "id": "vha_655GF",
    "name": "Bad Axe VA Clinic",
    "facility_type": "va_health_facility",
    "classification": "Primary Care CBOC",
    "zip5": "48413",
    "city": "Bad Axe",
    "state": "MI",
    "visn": "10",
    "health_care_system": "VA Saginaw health care",
    "operating_status": "NORMAL",
    "operating_status_info": null,
    "county_fips": null,
    "county_source": null,
    "market": null
   }
  },
  {
   "type": "Feature",
   "id": "vha_655GG",
   "geometry": {
    "type": "Point",
    "coordinates": [
     -85.40663387,
     44.27728928
    ]
   },
   "properties": {
    "id": "vha_655GG",
    "name": "Duane E. Dewey VA Clinic",
    "facility_type": "va_health_facility",
    "classification": "Multi-Specialty CBOC",
    "zip5": "49601",
    "city": "Cadillac",
    "state": "MI",
    "visn": "10",
    "health_care_system": "VA Saginaw health care",
    "operating_status": "NORMAL",
    "operating_status_info": null,
    "county_fips": null,
    "county_source": null,
    "market": null
   }
  },
  {
   "type": "Feature",
   "id": "vha_655GH",
   "geometry": {
    "type": "Point",
    "coordinates": [
     -84.59891816,
     45.39878577
    ]
   },
   "properties": {
    "id": "vha_655GH",
    "name": "Pfc. Justin T. Paton Department of Veterans Affairs Clinic",
    "facility_type": "va_health_facility",
    "classification": "Primary Care CBOC",
    "zip5": "49749",
    "city": "Indian River",
    "state": "MI",
    "visn": "10",
    "health_care_system": "VA Saginaw health care",
    "operating_status": "NORMAL",
    "operating_status_info": null,
    "county_fips": null,
    "county_source": null,
    "market": null
   }
  },
  {
   "type": "Feature",
   "id": "vha_655GI",
   "geometry": {
    "type": "Point",
    "coordinates": [
     -84.70989941,
     44.70947041
    ]
   },
   "properties": {
    "id": "vha_655GI",
    "name": "Grayling VA Clinic",
    "facility_type": "va_health_facility",
    "classification": "Primary Care CBOC",
    "zip5": "49738",
    "city": "Grayling",
    "state": "MI",
    "visn": "10",
    "health_care_system": "VA Saginaw health care",
    "operating_status": "NORMAL",
    "operating_status_info": null,
    "county_fips": null,
    "county_source": null,
    "market": null
   }
  },
  {
   "type": "Feature",
   "id": "vha_655QA",
   "geometry": {
    "type": "Point",
    "coordinates": [
     -83.96567884,
     43.46829883
    ]
   },
   "properties": {
    "id": "vha_655QA",
    "name": "Saginaw VA Clinic",
    "facility_type": "va_health_facility",
    "classification": "Other Outpatient Services (OOS)",
    "zip5": "48603",
    "city": "Saginaw",
    "state": "MI",
    "visn": "10",
    "health_care_system": "VA Saginaw health care",
    "operating_status": "NORMAL",
    "operating_status_info": null,
    "county_fips": null,
    "county_source": null,
    "market": null
   }
  },
  {
   "type": "Feature",
   "id": "vha_655QC",
   "geometry": {
    "type": "Point",
    "coordinates": [
     -83.97193942,
     43.46540049
    ]
   },
   "properties": {
    "id": "vha_655QC",
    "name": "Saginaw North VA Clinic",
    "facility_type": "va_health_facility",
    "classification": "Other Outpatient Services (OOS)",
    "zip5": "48603",
    "city": "Saginaw",
    "state": "MI",
    "visn": "10",
    "health_care_system": "VA Saginaw health care",
    "operating_status": "NORMAL",
    "operating_status_info": null,
    "county_fips": null,
    "county_source": null,
    "market": null
   }
  },
  {
   "type": "Feature",
   "id": "vha_656",
   "geometry": {
    "type": "Point",
    "coordinates": [
     -94.216221,
     45.572589
    ]
   },
   "properties": {
    "id": "vha_656",
    "name": "St. Cloud VA Medical Center",
    "facility_type": "va_health_facility",
    "classification": "VA Medical Center (VAMC)",
    "zip5": "56303",
    "city": "St. Cloud",
    "state": "MN",
    "visn": "23",
    "health_care_system": "VA St Cloud health care",
    "operating_status": "NORMAL",
    "operating_status_info": null,
    "county_fips": null,
    "county_source": null,
    "market": null
   }
  },
  {
   "type": "Feature",
   "id": "vha_656GA",
   "geometry": {
    "type": "Point",
    "coordinates": [
     -94.22232906,
     46.35940375
    ]
   },
   "properties": {
    "id": "vha_656GA",
    "name": "Brainerd VA Clinic",
    "facility_type": "va_health_facility",
    "classification": "Multi-Specialty CBOC",
    "zip5": "56401",
    "city": "Brainerd",
    "state": "MN",
    "visn": "23",
    "health_care_system": "VA St Cloud health care",
    "operating_status": "NORMAL",
    "operating_status_info": null,
    "county_fips": null,
    "county_source": null,
    "market": null
   }
  },
  {
   "type": "Feature",
   "id": "vha_656GB",
   "geometry": {
    "type": "Point",
    "coordinates": [
     -95.71350154,
     44.953029
    ]
   },
   "properties": {
    "id": "vha_656GB",
    "name": "Montevideo VA Clinic",
    "facility_type": "va_health_facility",
    "classification": "Primary Care CBOC",
    "zip5": "56265",
    "city": "Montevideo",
    "state": "MN",
    "visn": "23",
    "health_care_system": "VA St Cloud health care",
    "operating_status": "NORMAL",
    "operating_status_info": null,
    "county_fips": null,
    "county_source": null,
    "market": null
   }
  },
  {
   "type": "Feature",
   "id": "vha_656GC",
   "geometry": {
    "type": "Point",
    "coordinates": [
     -95.37212019,
     45.86480556
    ]
   },
   "properties": {
    "id": "vha_656GC",
    "name": "Max J. Beilke Department of Veterans Affairs Outpatient Clinic",
    "facility_type": "va_health_facility",
    "classification": "Primary Care CBOC",
    "zip5": "56308",
    "city": "Alexandria",
    "state": "MN",
    "visn": "23",
    "health_care_system": "VA St Cloud health care",
    "operating_status": "NORMAL",
    "operating_status_info": null,
    "county_fips": null,
    "county_source": null,
    "market": null
   }
  },
  {
   "type": "Feature",
   "id": "vha_657",
   "geometry": {
    "type": "Point",
    "coordinates": [
     -90.2315475,
     38.64258
    ]
   },
   "properties": {
    "id": "vha_657",
    "name": "John J. Cochran Veterans Hospital",
    "facility_type": "va_health_facility",
    "classification": "VA Medical Center (VAMC)",
    "zip5": "63106",
    "city": "St. Louis",
    "state": "MO",
    "visn": "15",
    "health_care_system": "VA St Louis health care",
    "operating_status": "NORMAL",
    "operating_status_info": null,
    "county_fips": null,
    "county_source": null,
    "market": null
   }
  },
  {
   "type": "Feature",
   "id": "vha_657A0",
   "geometry": {
    "type": "Point",
    "coordinates": [
     -90.28941776,
     38.50925313
    ]
   },
   "properties": {
    "id": "vha_657A0",
    "name": "St. Louis VA Medical Center-Jefferson Barracks",
    "facility_type": "va_health_facility",
    "classification": "VA Medical Center (VAMC)",
    "zip5": "63125",
    "city": "St. Louis",
    "state": "MO",
    "visn": "15",
    "health_care_system": "VA St Louis health care",
    "operating_status": "NORMAL",
    "operating_status_info": null,
    "county_fips": null,
    "county_source": null,
    "market": null
   }
  },
  {
   "type": "Feature",
   "id": "vha_657A4",
   "geometry": {
    "type": "Point",
    "coordinates": [
     -90.41800478,
     36.77159032
    ]
   },
   "properties": {
    "id": "vha_657A4",
    "name": "John J. Pershing Veterans' Administration Medical Center",
    "facility_type": "va_health_facility",
    "classification": "VA Medical Center (VAMC)",
    "zip5": "63901",
    "city": "Poplar Bluff",
    "state": "MO",
    "visn": "15",
    "health_care_system": "VA Poplar Bluff health care",
    "operating_status": "NORMAL",
    "operating_status_info": null,
    "county_fips": null,
    "county_source": null,
    "market": null
   }
  },
  {
   "type": "Feature",
   "id": "vha_657A5",
   "geometry": {
    "type": "Point",
    "coordinates": [
     -88.95597853,
     37.72970596
    ]
   },
   "properties": {
    "id": "vha_657A5",
    "name": "Marion VA Medical Center",
    "facility_type": "va_health_facility",
    "classification": "VA Medical Center (VAMC)",
    "zip5": "62959",
    "city": "Marion",
    "state": "IL",
    "visn": "15",
    "health_care_system": "VA Marion health care",
    "operating_status": "NORMAL",
    "operating_status_info": null,
    "county_fips": null,
    "county_source": null,
    "market": null
   }
  },
  {
   "type": "Feature",
   "id": "vha_657GA",
   "geometry": {
    "type": "Point",
    "coordinates": [
     -89.92148271,
     38.57348946
    ]
   },
   "properties": {
    "id": "vha_657GA",
    "name": "St. Clair County VA Clinic",
    "facility_type": "va_health_facility",
    "classification": "Primary Care CBOC",
    "zip5": "62269",
    "city": "Shiloh",
    "state": "IL",
    "visn": "15",
    "health_care_system": "VA St Louis health care",
    "operating_status": "NORMAL",
    "operating_status_info": null,
    "county_fips": null,
    "county_source": null,
    "market": null
   }
  },
  {
   "type": "Feature",
   "id": "vha_657GB",
   "geometry": {
    "type": "Point",
    "coordinates": [
     -90.234864,
     38.7954
    ]
   },
   "properties": {
    "id": "vha_657GB",
    "name": "St. Louis County VA Clinic",
    "facility_type": "va_health_facility",
    "classification": "Primary Care CBOC",
    "zip5": "63033",
    "city": "Florissant",
    "state": "MO",
    "visn": "15",
    "health_care_system": "VA St Louis health care",
    "operating_status": "NORMAL",
    "operating_status_info": null,
    "county_fips": null,
    "county_source": null,
    "market": null
   }
  },
  {
   "type": "Feature",
   "id": "vha_657GD",
   "geometry": {
    "type": "Point",
    "coordinates": [
     -90.5243445,
     38.78082
    ]
   },
   "properties": {
    "id": "vha_657GD",
    "name": "St. Charles County VA Clinic",
    "facility_type": "va_health_facility",
    "classification": "Multi-Specialty CBOC",
    "zip5": "63303",
    "city": "St. Charles,",
    "state": "MO",
    "visn": "15",
    "health_care_system": "VA St Louis health care",
    "operating_status": "NORMAL",
    "operating_status_info": null,
    "county_fips": null,
    "county_source": null,
    "market": null
   }
  },
  {
   "type": "Feature",
   "id": "vha_657GF",
   "geometry": {
    "type": "Point",
    "coordinates": [
     -91.83073418,
     36.7212295
    ]
   },
   "properties": {
    "id": "vha_657GF",
    "name": "West Plains VA Clinic",
    "facility_type": "va_health_facility",
    "classification": "Primary Care CBOC",
    "zip5": "65775",
    "city": "West Plains",
    "state": "MO",
    "visn": "15",
    "health_care_system": "VA Poplar Bluff health care",
    "operating_status": "NORMAL",
    "operating_status_info": null,
    "county_fips": null,
    "county_source": null,
    "market": null
   }
  },
  {
   "type": "Feature",
   "id": "vha_657GG",
   "geometry": {
    "type": "Point",
    "coordinates": [
     -90.52123752,
     36.03096019
    ]
   },
   "properties": {
    "id": "vha_657GG",
    "name": "Paragould VA Clinic",
    "facility_type": "va_health_facility",
    "classification": "Multi-Specialty CBOC",
    "zip5": "72450",
    "city": "Paragould",
    "state": "AR",
    "visn": "15",
    "health_care_system": "VA Poplar Bluff health care",
    "operating_status": "NORMAL",
    "operating_status_info": null,
    "county_fips": null,
    "county_source": null,
    "market": null
   }
  },
  {
   "type": "Feature",
   "id": "vha_657GH",
   "geometry": {
    "type": "Point",
    "coordinates": [
     -89.5748715,
     37.29902718
    ]
   },
   "properties": {
    "id": "vha_657GH",
    "name": "Cape Girardeau VA Clinic",
    "facility_type": "va_health_facility",
    "classification": "Multi-Specialty CBOC",
    "zip5": "63703",
    "city": "Cape Girardeau",
    "state": "MO",
    "visn": "15",
    "health_care_system": "VA Poplar Bluff health care",
    "operating_status": "NORMAL",
    "operating_status_info": null,
    "county_fips": null,
    "county_source": null,
    "market": null
   }
  },
  {
   "type": "Feature",
   "id": "vha_657GI",
   "geometry": {
    "type": "Point",
    "coordinates": [
     -90.44130772,
     37.77317189
    ]
   },
   "properties": {
    "id": "vha_657GI",
    "name": "Robert Silvey Department of Veterans Affairs Outpatient Clinic",
    "facility_type": "va_health_facility",
    "classification": "Primary Care CBOC",
    "zip5": "63640",
    "city": "Farmington",
    "state": "MO",
    "visn": "15",
    "health_care_system": "VA Poplar Bluff health care",
    "operating_status": "NORMAL",
    "operating_status_info": null,
    "county_fips": null,
    "county_source": null,
    "market": null
   }
  },
  {
   "type": "Feature",
   "id": "vha_657GJ",
   "geometry": {
    "type": "Point",
    "coordinates": [
     -87.4778535,
     37.986084
    ]
   },
   "properties": {
    "id": "vha_657GJ",
    "name": "Evansville VA Clinic",
    "facility_type": "va_health_facility",
    "classification": "Health Care Center (HCC)",
    "zip5": "47715",
    "city": "Evansville",
    "state": "IN",
    "visn": "15",
    "health_care_system": "VA Marion health care",
    "operating_status": "NORMAL",
    "operating_status_info": null,
    "county_fips": null,
    "county_source": null,
    "market": null
   }
  },
  {
   "type": "Feature",
   "id": "vha_657GK",
   "geometry": {
    "type": "Point",
    "coordinates": [
     -88.93824071,
     38.3051913
    ]
   },
   "properties": {
    "id": "vha_657GK",
    "name": "Mount Vernon VA Clinic",
    "facility_type": "va_health_facility",
    "classification": "Primary Care CBOC",
    "zip5": "62864",
    "city": "Mount Vernon",
    "state": "IL",
    "visn": "15",
    "health_care_system": "VA Marion health care",
    "operating_status": "NORMAL",
    "operating_status_info": null,
    "county_fips": null,
    "county_source": null,
    "market": null
   }
  },
  {
   "type": "Feature",
   "id": "vha_657GL",
   "geometry": {
    "type": "Point",
    "coordinates": [
     -88.6864051,
     37.06695936
    ]
   },
   "properties": {
    "id": "vha_657GL",
    "name": "Paducah VA Clinic",
    "facility_type": "va_health_facility",
    "classification": "Primary Care CBOC",
    "zip5": "42001",
    "city": "Paducah",
    "state": "KY",
    "visn": "15",
    "health_care_system": "VA Marion health care",
    "operating_status": "NORMAL",
    "operating_status_info": null,
    "county_fips": null,
    "county_source": null,
    "market": null
   }
  },
  {
   "type": "Feature",
   "id": "vha_657GM",
   "geometry": {
    "type": "Point",
    "coordinates": [
     -88.55446424,
     39.14207228
    ]
   },
   "properties": {
    "id": "vha_657GM",
    "name": "Effingham VA Clinic",
    "facility_type": "va_health_facility",
    "classification": "Primary Care CBOC",
    "zip5": "62401",
    "city": "Effingham",
    "state": "IL",
    "visn": "15",
    "health_care_system": "VA Marion health care",
    "operating_status": "NORMAL",
    "operating_status_info": null,
    "county_fips": null,
    "county_source": null,
    "market": null
   }
  },
  {
   "type": "Feature",
   "id": "vha_657GO",
   "geometry": {
    "type": "Point",
    "coordinates": [
     -87.49645581,
     37.36476464
    ]
   },
   "properties": {
    "id": "vha_657GO",
    "name": "Madisonville VA Clinic",
    "facility_type": "va_health_facility",
    "classification": "Other Outpatient Services (OOS)",
    "zip5": "42431",
    "city": "Madisonville",
    "state": "KY",
    "visn": "15",
    "health_care_system": "VA Marion health care",
    "operating_status": "NORMAL",
    "operating_status_info": null,
    "county_fips": null,
    "county_source": null,
    "market": null
   }
  },
  {
   "type": "Feature",
   "id": "vha_657GP",
   "geometry": {
    "type": "Point",
    "coordinates": [
     -87.07999103,
     37.76157135
    ]
   },
   "properties": {
    "id": "vha_657GP",
    "name": "Owensboro VA Clinic",
    "facility_type": "va_health_facility",
    "classification": "Primary Care CBOC",
    "zip5": "42303",
    "city": "Owensboro",
    "state": "KY",
    "visn": "15",
    "health_care_system": "VA Marion health care",
    "operating_status": "NORMAL",
    "operating_status_info": null,
    "county_fips": null,
    "county_source": null,
    "market": null
   }
  },
  {
   "type": "Feature",
   "id": "vha_657GQ",
   "geometry": {
    "type": "Point",
    "coordinates": [
     -87.533207,
     38.66376488
    ]
   },
   "properties": {
    "id": "vha_657GQ",
    "name": "Vincennes VA Clinic",
    "facility_type": "va_health_facility",
    "classification": "Primary Care CBOC",
    "zip5": "47591",
    "city": "Vincennes",
    "state": "IN",
    "visn": "15",
    "health_care_system": "VA Marion health care",
    "operating_status": "NORMAL",
    "operating_status_info": null,
    "county_fips": null,
    "county_source": null,
    "market": null
   }
  },
  {
   "type": "Feature",
   "id": "vha_657GR",
   "geometry": {
    "type": "Point",
    "coordinates": [
     -88.6265641,
     36.72111133
    ]
   },
   "properties": {
    "id": "vha_657GR",
    "name": "Mayfield VA Clinic",
    "facility_type": "va_health_facility",
    "classification": "Primary Care CBOC",
    "zip5": "42066",
    "city": "Mayfield",
    "state": "KY",
    "visn": "15",
    "health_care_system": "VA Marion health care",
    "operating_status": "NORMAL",
    "operating_status_info": null,
    "county_fips": null,
    "county_source": null,
    "market": null
   }
  },
  {
   "type": "Feature",
   "id": "vha_657GS",
   "geometry": {
    "type": "Point",
    "coordinates": [
     -90.99269174,
     38.53980104
    ]
   },
   "properties": {
    "id": "vha_657GS",
    "name": "Franklin County VA Clinic",
    "facility_type": "va_health_facility",
    "classification": "Primary Care CBOC",
    "zip5": "63090",
    "city": "Washington",
    "state": "MO",
    "visn": "15",
    "health_care_system": "VA St Louis health care",
    "operating_status": "NORMAL",
    "operating_status_info": null,
    "county_fips": null,
    "county_source": null,
    "market": null
   }
  },
  {
   "type": "Feature",
   "id": "vha_657GT",
   "geometry": {
    "type": "Point",
    "coordinates": [
     -89.19637212,
     37.72702147
    ]
   },
   "properties": {
    "id": "vha_657GT",
    "name": "Carbondale VA Clinic",
    "facility_type": "va_health_facility",
    "classification": "Primary Care CBOC",
    "zip5": "62901",
    "city": "Carbondale",
    "state": "IL",
    "visn": "15",
    "health_care_system": "VA Marion health care",
    "operating_status": "NORMAL",
    "operating_status_info": null,
    "county_fips": null,
    "county_source": null,
    "market": null
   }
  },
  {
   "type": "Feature",
   "id": "vha_657GU",
   "geometry": {
    "type": "Point",
    "coordinates": [
     -88.53551592,
     37.72878379
    ]
   },
   "properties": {
    "id": "vha_657GU",
    "name": "Harrisburg VA Clinic",
    "facility_type": "va_health_facility",
    "classification": "Primary Care CBOC",
    "zip5": "62946",
    "city": "Harrisburg",
    "state": "IL",
    "visn": "15",
    "health_care_system": "VA Marion health care",
    "operating_status": "NORMAL",
    "operating_status_info": null,
    "county_fips": null,
    "county_source": null,
    "market": null
   }
  },
  {
   "type": "Feature",
   "id": "vha_657GV",
   "geometry": {
    "type": "Point",
    "coordinates": [
     -89.58536913,
     36.86859275
    ]
   },
   "properties": {
    "id": "vha_657GV",
    "name": "Sikeston VA Clinic",
    "facility_type": "va_health_facility",
    "classification": "Primary Care CBOC",
    "zip5": "63801",
    "city": "Sikeston",
    "state": "MO",
    "visn": "15",
    "health_care_system": "VA Poplar Bluff health care",
    "operating_status": "NORMAL",
    "operating_status_info": null,
    "county_fips": null,
    "county_source": null,
    "market": null
   }
  },
  {
   "type": "Feature",
   "id": "vha_657GW",
   "geometry": {
    "type": "Point",
    "coordinates": [
     -90.99445058,
     36.28962745
    ]
   },
   "properties": {
    "id": "vha_657GW",
    "name": "Pocahontas VA Clinic",
    "facility_type": "va_health_facility",
    "classification": "Primary Care CBOC",
    "zip5": "72455",
    "city": "Pocahontas",
    "state": "AR",
    "visn": "15",
    "health_care_system": "VA Poplar Bluff health care",
    "operating_status": "NORMAL",
    "operating_status_info": null,
    "county_fips": null,
    "county_source": null,
    "market": null
   }
  },
  {
   "type": "Feature",
   "id": "vha_657GX",
   "geometry": {
    "type": "Point",
    "coordinates": [
     -90.2167886,
     38.63576314
    ]
   },
   "properties": {
    "id": "vha_657GX",
    "name": "Washington Avenue VA Clinic",
    "facility_type": "va_health_facility",
    "classification": "Primary Care CBOC",
    "zip5": "63103",
    "city": "St. Louis",
    "state": "MO",
    "visn": "15",
    "health_care_system": "VA St Louis health care",
    "operating_status": "NORMAL",
    "operating_status_info": null,
    "county_fips": null,
    "county_source": null,
    "market": null
   }
  },
  {
   "type": "Feature",
   "id": "vha_657GY",
   "geometry": {
    "type": "Point",
    "coordinates": [
     -90.26761166,
     38.62546202
    ]
   },
   "properties": {
    "id": "vha_657GY",
    "name": "Manchester Avenue VA Clinic",
    "facility_type": "va_health_facility",
    "classification": "Primary Care CBOC",
    "zip5": "63110",
    "city": "St. Louis",
    "state": "MO",
    "visn": "15",
    "health_care_system": "VA St Louis health care",
    "operating_status": "NORMAL",
    "operating_status_info": null,
    "county_fips": null,
    "county_source": null,
    "market": null
   }
  },
  {
   "type": "Feature",
   "id": "vha_657QB",
   "geometry": {
    "type": "Point",
    "coordinates": [
     -90.21342491,
     38.63478937
    ]
   },
   "properties": {
    "id": "vha_657QB",
    "name": "Jefferson Avenue VA Clinic",
    "facility_type": "va_health_facility",
    "classification": "Other Outpatient Services (OOS)",
    "zip5": "63103",
    "city": "St. Louis",
    "state": "MO",
    "visn": "15",
    "health_care_system": "VA St Louis health care",
    "operating_status": "NORMAL",
    "operating_status_info": null,
    "county_fips": null,
    "county_source": null,
    "market": null
   }
  },
  {
   "type": "Feature",
   "id": "vha_657QD",
   "geometry": {
    "type": "Point",
    "coordinates": [
     -88.99425,
     37.74312888
    ]
   },
   "properties": {
    "id": "vha_657QD",
    "name": "Heartland Street VA Clinic",
    "facility_type": "va_health_facility",
    "classification": "Primary Care CBOC",
    "zip5": "62959",
    "city": "Marion",
    "state": "IL",
    "visn": "15",
    "health_care_system": "VA Marion health care",
    "operating_status": "NORMAL",
    "operating_status_info": null,
    "county_fips": null,
    "county_source": null,
    "market": null
   }
  },
  {
   "type": "Feature",
   "id": "vha_657QE",
   "geometry": {
    "type": "Point",
    "coordinates": [
     -89.86920084,
     38.54260389
    ]
   },
   "properties": {
    "id": "vha_657QE",
    "name": "Scott Air Force Base VA Clinic",
    "facility_type": "va_health_facility",
    "classification": "Other Outpatient Services (OOS)",
    "zip5": "62225",
    "city": "Scott Air Force Base",
    "state": "IL",
    "visn": "15",
    "health_care_system": "VA St Louis health care",
    "operating_status": "NORMAL",
    "operating_status_info": null,
    "county_fips": null,
    "county_source": null,
    "market": null
   }
  },
  {
   "type": "Feature",
   "id": "vha_657QF",
   "geometry": {
    "type": "Point",
    "coordinates": [
     -90.22960514,
     38.64193786
    ]
   },
   "properties": {
    "id": "vha_657QF",
    "name": "Jefferson Barracks VA Mobile Medical Unit",
    "facility_type": "va_health_facility",
    "classification": "Other Outpatient Services (OOS)",
    "zip5": "63106",
    "city": "St. Louis",
    "state": "MO",
    "visn": "15",
    "health_care_system": "VA St Louis health care",
    "operating_status": "NORMAL",
    "operating_status_info": null,
    "county_fips": null,
    "county_source": null,
    "market": null
   }
  },
  {
   "type": "Feature",
   "id": "vha_658",
   "geometry": {
    "type": "Point",
    "coordinates": [
     -80.019954,
     37.274463
    ]
   },
   "properties": {
    "id": "vha_658",
    "name": "Salem VA Medical Center",
    "facility_type": "va_health_facility",
    "classification": "VA Medical Center (VAMC)",
    "zip5": "24153",
    "city": "Salem",
    "state": "VA",
    "visn": "6",
    "health_care_system": "VA Salem health care",
    "operating_status": "NORMAL",
    "operating_status_info": null,
    "county_fips": null,
    "county_source": null,
    "market": null
   }
  },
  {
   "type": "Feature",
   "id": "vha_658GA",
   "geometry": {
    "type": "Point",
    "coordinates": [
     -81.4890375,
     37.12374
    ]
   },
   "properties": {
    "id": "vha_658GA",
    "name": "Tazewell VA Clinic",
    "facility_type": "va_health_facility",
    "classification": "Primary Care CBOC",
    "zip5": "24651",
    "city": "Tazewell",
    "state": "VA",
    "visn": "6",
    "health_care_system": "VA Salem health care",
    "operating_status": "NORMAL",
    "operating_status_info": null,
    "county_fips": null,
    "county_source": null,
    "market": null
   }
  },
  {
   "type": "Feature",
   "id": "vha_658GB",
   "geometry": {
    "type": "Point",
    "coordinates": [
     -79.42199135,
     36.59531261
    ]
   },
   "properties": {
    "id": "vha_658GB",
    "name": "Danville VA Clinic",
    "facility_type": "va_health_facility",
    "classification": "Multi-Specialty CBOC",
    "zip5": "24540",
    "city": "Danville",
    "state": "VA",
    "visn": "6",
    "health_care_system": "VA Salem health care",
    "operating_status": "NORMAL",
    "operating_status_info": null,
    "county_fips": null,
    "county_source": null,
    "market": null
   }
  },
  {
   "type": "Feature",
   "id": "vha_658GC",
   "geometry": {
    "type": "Point",
    "coordinates": [
     -79.1890695,
     37.402164
    ]
   },
   "properties": {
    "id": "vha_658GC",
    "name": "Private First Class Desmond T. Doss VA Clinic",
    "facility_type": "va_health_facility",
    "classification": "Multi-Specialty CBOC",
    "zip5": "24501",
    "city": "Lynchburg",
    "state": "VA",
    "visn": "6",
    "health_care_system": "VA Salem health care",
    "operating_status": "NORMAL",
    "operating_status_info": null,
    "county_fips": null,
    "county_source": null,
    "market": null
   }
  },
  {
   "type": "Feature",
   "id": "vha_658GD",
   "geometry": {
    "type": "Point",
    "coordinates": [
     -79.0887227,
     38.13649785
    ]
   },
   "properties": {
    "id": "vha_658GD",
    "name": "Staunton VA Clinic",
    "facility_type": "va_health_facility",
    "classification": "Multi-Specialty CBOC",
    "zip5": "24401",
    "city": "Staunton",
    "state": "VA",
    "visn": "6",
    "health_care_system": "VA Salem health care",
    "operating_status": "NORMAL",
    "operating_status_info": null,
    "county_fips": null,
    "county_source": null,
    "market": null
   }
  },
  {
   "type": "Feature",
   "id": "vha_658GE",
   "geometry": {
    "type": "Point",
    "coordinates": [
     -81.077778,
     36.95481
    ]
   },
   "properties": {
    "id": "vha_658GE",
    "name": "Wytheville VA Clinic",
    "facility_type": "va_health_facility",
    "classification": "Multi-Specialty CBOC",
    "zip5": "24382",
    "city": "Wytheville",
    "state": "VA",
    "visn": "6",
    "health_care_system": "VA Salem health care",
    "operating_status": "NORMAL",
    "operating_status_info": null,
    "county_fips": null,
    "county_source": null,
    "market": null
   }
  },
  {
   "type": "Feature",
   "id": "vha_658QA",
   "geometry": {
    "type": "Point",
    "coordinates": [
     -80.0187525,
     37.274283
    ]
   },
   "properties": {
    "id": "vha_658QA",
    "name": "Salem VA Mobile Medical Unit",
    "facility_type": "va_health_facility",
    "classification": "Other Outpatient Services (OOS)",
    "zip5": "24153",
    "city": "Salem",
    "state": "VA",
    "visn": "6",
    "health_care_system": "VA Salem health care",
    "operating_status": "NORMAL",
    "operating_status_info": null,
    "county_fips": null,
    "county_source": null,
    "market": null
   }
  },
  {
   "type": "Feature",
   "id": "vha_659",
   "geometry": {
    "type": "Point",
    "coordinates": [
     -80.4938085,
     35.681733
    ]
   },
   "properties": {
    "id": "vha_659",
    "name": "W.G. (Bill) Hefner Salisbury Department of Veterans Affairs Medical Center",
    "facility_type": "va_health_facility",
    "classification": "VA Medical Center (VAMC)",
    "zip5": "28144",
    "city": "Salisbury",
    "state": "NC",
    "visn": "6",
    "health_care_system": "VA Salisbury health care",
    "operating_status": "NORMAL",
    "operating_status_info": null,
    "county_fips": null,
    "county_source": null,
    "market": null
   }
  },
  {
   "type": "Feature",
   "id": "vha_659BY",
   "geometry": {
    "type": "Point",
    "coordinates": [
     -80.049141,
     36.09333
    ]
   },
   "properties": {
    "id": "vha_659BY",
    "name": "Kernersville VA Clinic",
    "facility_type": "va_health_facility",
    "classification": "Health Care Center (HCC)",
    "zip5": "27284",
    "city": "Kernersville",
    "state": "NC",
    "visn": "6",
    "health_care_system": "VA Salisbury health care",
    "operating_status": "NORMAL",
    "operating_status_info": null,
    "county_fips": null,
    "county_source": null,
    "market": null
   }
  },
  {
   "type": "Feature",
   "id": "vha_659BZ",
   "geometry": {
    "type": "Point",
    "coordinates": [
     -80.913708,
     35.196858
    ]
   },
   "properties": {
    "id": "vha_659BZ",
    "name": "South Charlotte VA Clinic",
    "facility_type": "va_health_facility",
    "classification": "Health Care Center (HCC)",
    "zip5": "28208",
    "city": "Charlotte",
    "state": "NC",
    "visn": "6",
    "health_care_system": "VA Salisbury health care",
    "operating_status": "NORMAL",
    "operating_status_info": null,
    "county_fips": null,
    "county_source": null,
    "market": null
   }
  },
  {
   "type": "Feature",
   "id": "vha_659GA",
   "geometry": {
    "type": "Point",
    "coordinates": [
     -80.731413,
     35.284122
    ]
   },
   "properties": {
    "id": "vha_659GA",
    "name": "North Charlotte VA Clinic",
    "facility_type": "va_health_facility",
    "classification": "Multi-Specialty CBOC",
    "zip5": "28213",
    "city": "Charlotte",
    "state": "NC",
    "visn": "6",
    "health_care_system": "VA Salisbury health care",
    "operating_status": "NORMAL",
    "operating_status_info": null,
    "county_fips": null,
    "county_source": null,
    "market": null
   }
  },
  {
   "type": "Feature",
   "id": "vha_660",
   "geometry": {
    "type": "Point",
    "coordinates": [
     -111.8376495,
     40.755051
    ]
   },
   "properties": {
    "id": "vha_660",
    "name": "George E. Wahlen Department of Veterans Affairs Medical Center",
    "facility_type": "va_health_facility",
    "classification": "VA Medical Center (VAMC)",
    "zip5": "84148",
    "city": "Salt Lake City",
    "state": "UT",
    "visn": "19",
    "health_care_system": "VA Salt Lake City health care",
    "operating_status": "NOTICE",
    "operating_status_info": "Due to flooding at the main medical center, some services have moved. \r\n\r\nNeurology and internal medicine (endocrinology, infectious disease, pulmonary (not pulmonary rehab), rheumatology, and vascular surgery) moved to building 3. Patients can park in in the lots surrounding building 3.",
    "county_fips": null,
    "county_source": null,
    "market": null
   }
  },
  {
   "type": "Feature",
   "id": "vha_660GA",
   "geometry": {
    "type": "Point",
    "coordinates": [
     -112.43332863,
     42.86702235
    ]
   },
   "properties": {
    "id": "vha_660GA",
    "name": "Pocatello VA Clinic",
    "facility_type": "va_health_facility",
    "classification": "Multi-Specialty CBOC",
    "zip5": "83201",
    "city": "Pocatello",
    "state": "ID",
    "visn": "19",
    "health_care_system": "VA Salt Lake City health care",
    "operating_status": "NORMAL",
    "operating_status_info": null,
    "county_fips": null,
    "county_source": null,
    "market": null
   }
  },
  {
   "type": "Feature",
   "id": "vha_660GB",
   "geometry": {
    "type": "Point",
    "coordinates": [
     -111.9726945,
     41.191524
    ]
   },
   "properties": {
    "id": "vha_660GB",
    "name": "Ogden VA Clinic",
    "facility_type": "va_health_facility",
    "classification": "Multi-Specialty CBOC",
    "zip5": "84403",
    "city": "South Ogden",
    "state": "UT",
    "visn": "19",
    "health_care_system": "VA Salt Lake City health care",
    "operating_status": "NORMAL",
    "operating_status_info": null,
    "county_fips": null,
    "county_source": null,
    "market": null
   }
  },
  {
   "type": "Feature",
   "id": "vha_660GD",
   "geometry": {
    "type": "Point",
    "coordinates": [
     -109.99589816,
     40.30206149
    ]
   },
   "properties": {
    "id": "vha_660GD",
    "name": "Roosevelt VA Clinic",
    "facility_type": "va_health_facility",
    "classification": "Other Outpatient Services (OOS)",
    "zip5": "84066",
    "city": "Roosevelt",
    "state": "UT",
    "visn": "19",
    "health_care_system": "VA Salt Lake City health care",
    "operating_status": "NORMAL",
    "operating_status_info": null,
    "county_fips": null,
    "county_source": null,
    "market": null
   }
  },
  {
   "type": "Feature",
   "id": "vha_660GE",
   "geometry": {
    "type": "Point",
    "coordinates": [
     -111.68891895,
     40.2831658
    ]
   },
   "properties": {
    "id": "vha_660GE",
    "name": "Orem VA Clinic",
    "facility_type": "va_health_facility",
    "classification": "Multi-Specialty CBOC",
    "zip5": "84058",
    "city": "Orem",
    "state": "UT",
    "visn": "19",
    "health_care_system": "VA Salt Lake City health care",
    "operating_status": "NORMAL",
    "operating_status_info": null,
    "county_fips": null,
    "county_source": null,
    "market": null
   }
  },
  {
   "type": "Feature",
   "id": "vha_660GG",
   "geometry": {
    "type": "Point",
    "coordinates": [
     -113.56383207,
     37.08689493
    ]
   },
   "properties": {
    "id": "vha_660GG",
    "name": "St. George VA Clinic",
    "facility_type": "va_health_facility",
    "classification": "Multi-Specialty CBOC",
    "zip5": "84790",
    "city": "St. George",
    "state": "UT",
    "visn": "19",
    "health_care_system": "VA Salt Lake City health care",
    "operating_status": "NOTICE",
    "operating_status_info": "The St. George VA Clinic has moved.  The new address is Riverfront Medical Center, 585 East Riverside Drive, St. George, UT. The phone number and operating hours remain the same.",
    "county_fips": null,
    "county_source": null,
    "market": null
   }
  },
  {
   "type": "Feature",
   "id": "vha_660GJ",
   "geometry": {
    "type": "Point",
    "coordinates": [
     -112.01256889,
     40.54147632
    ]
   },
   "properties": {
    "id": "vha_660GJ",
    "name": "South Jordan VA Clinic",
    "facility_type": "va_health_facility",
    "classification": "Primary Care CBOC",
    "zip5": "84009",
    "city": "South Jordan",
    "state": "UT",
    "visn": "19",
    "health_care_system": "VA Salt Lake City health care",
    "operating_status": "NORMAL",
    "operating_status_info": null,
    "county_fips": null,
    "county_source": null,
    "market": null
   }
  },
  {
   "type": "Feature",
   "id": "vha_660GK",
   "geometry": {
    "type": "Point",
    "coordinates": [
     -115.79448857,
     40.83934629
    ]
   },
   "properties": {
    "id": "vha_660GK",
    "name": "Elko VA Clinic",
    "facility_type": "va_health_facility",
    "classification": "Other Outpatient Services (OOS)",
    "zip5": "89801",
    "city": "Elko",
    "state": "NV",
    "visn": "19",
    "health_care_system": "VA Salt Lake City health care",
    "operating_status": "NORMAL",
    "operating_status_info": null,
    "county_fips": null,
    "county_source": null,
    "market": null
   }
  },
  {
   "type": "Feature",
   "id": "vha_660QA",
   "geometry": {
    "type": "Point",
    "coordinates": [
     -111.9991083,
     43.49181117
    ]
   },
   "properties": {
    "id": "vha_660QA",
    "name": "Idaho Falls VA Clinic",
    "facility_type": "va_health_facility",
    "classification": "Primary Care CBOC",
    "zip5": "83401",
    "city": "Idaho Falls",
    "state": "ID",
    "visn": "19",
    "health_care_system": "VA Salt Lake City health care",
    "operating_status": "NORMAL",
    "operating_status_info": null,
    "county_fips": null,
    "county_source": null,
    "market": null
   }
  },
  {
   "type": "Feature",
   "id": "vha_660QB",
   "geometry": {
    "type": "Point",
    "coordinates": [
     -110.82015231,
     39.59782192
    ]
   },
   "properties": {
    "id": "vha_660QB",
    "name": "Price VA Clinic",
    "facility_type": "va_health_facility",
    "classification": "Other Outpatient Services (OOS)",
    "zip5": "84501",
    "city": "Price",
    "state": "UT",
    "visn": "19",
    "health_care_system": "VA Salt Lake City health care",
    "operating_status": "NORMAL",
    "operating_status_info": null,
    "county_fips": null,
    "county_source": null,
    "market": null
   }
  },
  {
   "type": "Feature",
   "id": "vha_660QD",
   "geometry": {
    "type": "Point",
    "coordinates": [
     -111.82307948,
     41.77597929
    ]
   },
   "properties": {
    "id": "vha_660QD",
    "name": "Cache Valley VA Clinic",
    "facility_type": "va_health_facility",
    "classification": "Other Outpatient Services (OOS)",
    "zip5": "84341",
    "city": "North Logan",
    "state": "UT",
    "visn": "19",
    "health_care_system": "VA Salt Lake City health care",
    "operating_status": "NORMAL",
    "operating_status_info": null,
    "county_fips": null,
    "county_source": null,
    "market": null
   }
  },
  {
   "type": "Feature",
   "id": "vha_660QE",
   "geometry": {
    "type": "Point",
    "coordinates": [
     -111.83892504,
     40.75837268
    ]
   },
   "properties": {
    "id": "vha_660QE",
    "name": "Salt Lake City VA Mobile Medical Unit",
    "facility_type": "va_health_facility",
    "classification": "Other Outpatient Services (OOS)",
    "zip5": "84148",
    "city": "Salt Lake City",
    "state": "UT",
    "visn": "19",
    "health_care_system": "VA Salt Lake City health care",
    "operating_status": "NORMAL",
    "operating_status_info": null,
    "county_fips": null,
    "county_source": null,
    "market": null
   }
  },
  {
   "type": "Feature",
   "id": "vha_662",
   "geometry": {
    "type": "Point",
    "coordinates": [
     -122.50512,
     37.781766
    ]
   },
   "properties": {
    "id": "vha_662",
    "name": "San Francisco VA Medical Center",
    "facility_type": "va_health_facility",
    "classification": "VA Medical Center (VAMC)",
    "zip5": "94121",
    "city": "San Francisco",
    "state": "CA",
    "visn": "21",
    "health_care_system": "VA San Francisco health care",
    "operating_status": "NORMAL",
    "operating_status_info": null,
    "county_fips": null,
    "county_source": null,
    "market": null
   }
  },
  {
   "type": "Feature",
   "id": "vha_662GA",
   "geometry": {
    "type": "Point",
    "coordinates": [
     -122.7510855,
     38.423664
    ]
   },
   "properties": {
    "id": "vha_662GA",
    "name": "South Santa Rosa VA Clinic",
    "facility_type": "va_health_facility",
    "classification": "Multi-Specialty CBOC",
    "zip5": "95407",
    "city": "Santa Rosa",
    "state": "CA",
    "visn": "21",
    "health_care_system": "VA San Francisco health care",
    "operating_status": "NORMAL",
    "operating_status_info": null,
    "county_fips": null,
    "county_source": null,
    "market": null
   }
  },
  {
   "type": "Feature",
   "id": "vha_662GC",
   "geometry": {
    "type": "Point",
    "coordinates": [
     -124.1811495,
     40.78058447
    ]
   },
   "properties": {
    "id": "vha_662GC",
    "name": "Eureka VA Clinic",
    "facility_type": "va_health_facility",
    "classification": "Multi-Specialty CBOC",
    "zip5": "95503",
    "city": "Eureka",
    "state": "CA",
    "visn": "21",
    "health_care_system": "VA San Francisco health care",
    "operating_status": "NORMAL",
    "operating_status_info": null,
    "county_fips": null,
    "county_source": null,
    "market": null
   }
  },
  {
   "type": "Feature",
   "id": "vha_662GD",
   "geometry": {
    "type": "Point",
    "coordinates": [
     -123.19754373,
     39.14811949
    ]
   },
   "properties": {
    "id": "vha_662GD",
    "name": "Ukiah VA Clinic",
    "facility_type": "va_health_facility",
    "classification": "Multi-Specialty CBOC",
    "zip5": "95482",
    "city": "Ukiah",
    "state": "CA",
    "visn": "21",
    "health_care_system": "VA San Francisco health care",
    "operating_status": "NORMAL",
    "operating_status_info": null,
    "county_fips": null,
    "county_source": null,
    "market": null
   }
  },
  {
   "type": "Feature",
   "id": "vha_662GE",
   "geometry": {
    "type": "Point",
    "coordinates": [
     -122.42578874,
     37.63469178
    ]
   },
   "properties": {
    "id": "vha_662GE",
    "name": "San Bruno VA Clinic",
    "facility_type": "va_health_facility",
    "classification": "Multi-Specialty CBOC",
    "zip5": "94066",
    "city": "San Bruno",
    "state": "CA",
    "visn": "21",
    "health_care_system": "VA San Francisco health care",
    "operating_status": "NORMAL",
    "operating_status_info": null,
    "county_fips": null,
    "county_source": null,
    "market": null
   }
  },
  {
   "type": "Feature",
   "id": "vha_662GF",
   "geometry": {
    "type": "Point",
    "coordinates": [
     -122.3971335,
     37.782549
    ]
   },
   "properties": {
    "id": "vha_662GF",
    "name": "San Francisco VA Clinic",
    "facility_type": "va_health_facility",
    "classification": "Primary Care CBOC",
    "zip5": "94107",
    "city": "San Francisco",
    "state": "CA",
    "visn": "21",
    "health_care_system": "VA San Francisco health care",
    "operating_status": "NORMAL",
    "operating_status_info": null,
    "county_fips": null,
    "county_source": null,
    "market": null
   }
  },
  {
   "type": "Feature",
   "id": "vha_662GG",
   "geometry": {
    "type": "Point",
    "coordinates": [
     -122.62854435,
     38.94984654
    ]
   },
   "properties": {
    "id": "vha_662GG",
    "name": "Clearlake VA Clinic",
    "facility_type": "va_health_facility",
    "classification": "Multi-Specialty CBOC",
    "zip5": "95422",
    "city": "Clearlake",
    "state": "CA",
    "visn": "21",
    "health_care_system": "VA San Francisco health care",
    "operating_status": "NORMAL",
    "operating_status_info": null,
    "county_fips": null,
    "county_source": null,
    "market": null
   }
  },
  {
   "type": "Feature",
   "id": "vha_662GH",
   "geometry": {
    "type": "Point",
    "coordinates": [
     -122.27301879,
     37.81192328
    ]
   },
   "properties": {
    "id": "vha_662GH",
    "name": "Oakland VA Clinic",
    "facility_type": "va_health_facility",
    "classification": "Multi-Specialty CBOC",
    "zip5": "94612",
    "city": "Oakland",
    "state": "CA",
    "visn": "21",
    "health_care_system": "VA San Francisco health care",
    "operating_status": "NORMAL",
    "operating_status_info": null,
    "county_fips": null,
    "county_source": null,
    "market": null
   }
  },
  {
   "type": "Feature",
   "id": "vha_662QA",
   "geometry": {
    "type": "Point",
    "coordinates": [
     -122.27043744,
     37.81045101
    ]
   },
   "properties": {
    "id": "vha_662QA",
    "name": "Twenty-First Street VA Clinic",
    "facility_type": "va_health_facility",
    "classification": "Other Outpatient Services (OOS)",
    "zip5": "94612",
    "city": "Oakland",
    "state": "CA",
    "visn": "21",
    "health_care_system": "VA San Francisco health care",
    "operating_status": "NORMAL",
    "operating_status_info": null,
    "county_fips": null,
    "county_source": null,
    "market": null
   }
  },
  {
   "type": "Feature",
   "id": "vha_662QB",
   "geometry": {
    "type": "Point",
    "coordinates": [
     -122.79335681,
     38.51220505
    ]
   },
   "properties": {
    "id": "vha_662QB",
    "name": "North Santa Rosa VA Clinic",
    "facility_type": "va_health_facility",
    "classification": "Other Outpatient Services (OOS)",
    "zip5": "95403",
    "city": "Santa Rosa",
    "state": "CA",
    "visn": "21",
    "health_care_system": "VA San Francisco health care",
    "operating_status": "NORMAL",
    "operating_status_info": null,
    "county_fips": null,
    "county_source": null,
    "market": null
   }
  },
  {
   "type": "Feature",
   "id": "vha_662QC",
   "geometry": {
    "type": "Point",
    "coordinates": [
     -122.50517078,
     37.78109171
    ]
   },
   "properties": {
    "id": "vha_662QC",
    "name": "San Francisco VA Mobile Medical Unit",
    "facility_type": "va_health_facility",
    "classification": "Other Outpatient Services (OOS)",
    "zip5": "94121",
    "city": "San Francisco",
    "state": "CA",
    "visn": "21",
    "health_care_system": "VA San Francisco health care",
    "operating_status": "NORMAL",
    "operating_status_info": null,
    "county_fips": null,
    "county_source": null,
    "market": null
   }
  },
  {
   "type": "Feature",
   "id": "vha_663",
   "geometry": {
    "type": "Point",
    "coordinates": [
     -122.310216,
     47.562174
    ]
   },
   "properties": {
    "id": "vha_663",
    "name": "Seattle VA Medical Center",
    "facility_type": "va_health_facility",
    "classification": "VA Medical Center (VAMC)",
    "zip5": "98108",
    "city": "Seattle",
    "state": "WA",
    "visn": "20",
    "health_care_system": "VA Puget Sound health care",
    "operating_status": "NORMAL",
    "operating_status_info": null,
    "county_fips": null,
    "county_source": null,
    "market": null
   }
  },
  {
   "type": "Feature",
   "id": "vha_663A4",
   "geometry": {
    "type": "Point",
    "coordinates": [
     -122.56452469,
     47.14220758
    ]
   },
   "properties": {
    "id": "vha_663A4",
    "name": "American Lake VA Medical Center",
    "facility_type": "va_health_facility",
    "classification": "VA Medical Center (VAMC)",
    "zip5": "98493",
    "city": "Tacoma",
    "state": "WA",
    "visn": "20",
    "health_care_system": "VA Puget Sound health care",
    "operating_status": "NORMAL",
    "operating_status_info": null,
    "county_fips": null,
    "county_source": null,
    "market": null
   }
  },
  {
   "type": "Feature",
   "id": "vha_663GB",
   "geometry": {
    "type": "Point",
    "coordinates": [
     -122.68594199,
     47.65410281
    ]
   },
   "properties": {
    "id": "vha_663GB",
    "name": "Silverdale VA Clinic",
    "facility_type": "va_health_facility",
    "classification": "Multi-Specialty CBOC",
    "zip5": "98383",
    "city": "Silverdale",
    "state": "WA",
    "visn": "20",
    "health_care_system": "VA Puget Sound health care",
    "operating_status": "NORMAL",
    "operating_status_info": null,
    "county_fips": null,
    "county_source": null,
    "market": null
   }
  },
  {
   "type": "Feature",
   "id": "vha_663GC",
   "geometry": {
    "type": "Point",
    "coordinates": [
     -122.32529349,
     48.41879822
    ]
   },
   "properties": {
    "id": "vha_663GC",
    "name": "Mount Vernon VA Clinic",
    "facility_type": "va_health_facility",
    "classification": "Multi-Specialty CBOC",
    "zip5": "98274",
    "city": "Mount Vernon",
    "state": "WA",
    "visn": "20",
    "health_care_system": "VA Puget Sound health care",
    "operating_status": "NORMAL",
    "operating_status_info": null,
    "county_fips": null,
    "county_source": null,
    "market": null
   }
  },
  {
   "type": "Feature",
   "id": "vha_663GE",
   "geometry": {
    "type": "Point",
    "coordinates": [
     -123.41316078,
     48.11302744
    ]
   },
   "properties": {
    "id": "vha_663GE",
    "name": "North Olympic Peninsula VA Clinic",
    "facility_type": "va_health_facility",
    "classification": "Other Outpatient Services (OOS)",
    "zip5": "98362",
    "city": "Port Angeles",
    "state": "WA",
    "visn": "20",
    "health_care_system": "VA Puget Sound health care",
    "operating_status": "NORMAL",
    "operating_status_info": null,
    "county_fips": null,
    "county_source": null,
    "market": null
   }
  },
  {
   "type": "Feature",
   "id": "vha_663GI",
   "geometry": {
    "type": "Point",
    "coordinates": [
     -122.84439302,
     47.053746
    ]
   },
   "properties": {
    "id": "vha_663GI",
    "name": "Olympia VA Clinic",
    "facility_type": "va_health_facility",
    "classification": "Primary Care CBOC",
    "zip5": "98506",
    "city": "Olympia",
    "state": "WA",
    "visn": "20",
    "health_care_system": "VA Puget Sound health care",
    "operating_status": "NORMAL",
    "operating_status_info": null,
    "county_fips": null,
    "county_source": null,
    "market": null
   }
  },
  {
   "type": "Feature",
   "id": "vha_663GJ",
   "geometry": {
    "type": "Point",
    "coordinates": [
     -122.27807149,
     47.0973019
    ]
   },
   "properties": {
    "id": "vha_663GJ",
    "name": "Puyallup VA Clinic",
    "facility_type": "va_health_facility",
    "classification": "Other Outpatient Services (OOS)",
    "zip5": "98374",
    "city": "Puyallup",
    "state": "WA",
    "visn": "20",
    "health_care_system": "VA Puget Sound health care",
    "operating_status": "NORMAL",
    "operating_status_info": null,
    "county_fips": null,
    "county_source": null,
    "market": null
   }
  },
  {
   "type": "Feature",
   "id": "vha_663GK",
   "geometry": {
    "type": "Point",
    "coordinates": [
     -122.231678,
     47.957643
    ]
   },
   "properties": {
    "id": "vha_663GK",
    "name": "Everett VA Clinic",
    "facility_type": "va_health_facility",
    "classification": "Multi-Specialty CBOC",
    "zip5": "98203",
    "city": "Everett",
    "state": "WA",
    "visn": "20",
    "health_care_system": "VA Puget Sound health care",
    "operating_status": "NORMAL",
    "operating_status_info": null,
    "county_fips": null,
    "county_source": null,
    "market": null
   }
  },
  {
   "type": "Feature",
   "id": "vha_663GL",
   "geometry": {
    "type": "Point",
    "coordinates": [
     -122.68018037,
     48.33641503
    ]
   },
   "properties": {
    "id": "vha_663GL",
    "name": "Oak Harbor VA Clinic",
    "facility_type": "va_health_facility",
    "classification": "Other Outpatient Services (OOS)",
    "zip5": "98278",
    "city": "Oak Harbor",
    "state": "WA",
    "visn": "20",
    "health_care_system": null,
    "operating_status": "NORMAL",
    "operating_status_info": null,
    "county_fips": null,
    "county_source": null,
    "market": null
   }
  },
  {
   "type": "Feature",
   "id": "vha_663GM",
   "geometry": {
    "type": "Point",
    "coordinates": [
     -122.24379695,
     47.2956391
    ]
   },
   "properties": {
    "id": "vha_663GM",
    "name": "Auburn VA Clinic",
    "facility_type": "va_health_facility",
    "classification": "Primary Care CBOC",
    "zip5": "98001",
    "city": "Auburn",
    "state": "WA",
    "visn": "20",
    "health_care_system": null,
    "operating_status": "NORMAL",
    "operating_status_info": null,
    "county_fips": null,
    "county_source": null,
    "market": null
   }
  },
  {
   "type": "Feature",
   "id": "vha_663HK",
   "geometry": {
    "type": "Point",
    "coordinates": [
     -122.56452469,
     47.14220758
    ]
   },
   "properties": {
    "id": "vha_663HK",
    "name": "Puget Sound VA Mobile Medical Unit",
    "facility_type": "va_health_facility",
    "classification": "Other Outpatient Services (OOS)",
    "zip5": "98493",
    "city": "Tacoma",
    "state": "WA",
    "visn": "20",
    "health_care_system": "VA Puget Sound health care",
    "operating_status": "NORMAL",
    "operating_status_info": null,
    "county_fips": null,
    "county_source": null,
    "market": null
   }
  },
  {
   "type": "Feature",
   "id": "vha_663QA",
   "geometry": {
    "type": "Point",
    "coordinates": [
     -122.2109595,
     47.4811135
    ]
   },
   "properties": {
    "id": "vha_663QA",
    "name": "Renton VA Clinic",
    "facility_type": "va_health_facility",
    "classification": "Other Outpatient Services (OOS)",
    "zip5": "98057",
    "city": "Renton",
    "state": "WA",
    "visn": "20",
    "health_care_system": "VA Puget Sound health care",
    "operating_status": "NORMAL",
    "operating_status_info": null,
    "county_fips": null,
    "county_source": null,
    "market": null
   }
  },
  {
   "type": "Feature",
   "id": "vha_663QB",
   "geometry": {
    "type": "Point",
    "coordinates": [
     -122.330646,
     47.55338549
    ]
   },
   "properties": {
    "id": "vha_663QB",
    "name": "South Lucile Street VA Clinic",
    "facility_type": "va_health_facility",
    "classification": "Other Outpatient Services (OOS)",
    "zip5": "98108",
    "city": "Seattle",
    "state": "WA",
    "visn": "20",
    "health_care_system": "VA Puget Sound health care",
    "operating_status": "NORMAL",
    "operating_status_info": null,
    "county_fips": null,
    "county_source": null,
    "market": null
   }
  },
  {
   "type": "Feature",
   "id": "vha_663QC",
   "geometry": {
    "type": "Point",
    "coordinates": [
     -122.307741,
     47.563623
    ]
   },
   "properties": {
    "id": "vha_663QC",
    "name": "Seattle VA Mobile Medical Unit",
    "facility_type": "va_health_facility",
    "classification": "Other Outpatient Services (OOS)",
    "zip5": "98108",
    "city": "Seattle",
    "state": "WA",
    "visn": "20",
    "health_care_system": "VA Puget Sound health care",
    "operating_status": "NORMAL",
    "operating_status_info": null,
    "county_fips": null,
    "county_source": null,
    "market": null
   }
  },
  {
   "type": "Feature",
   "id": "vha_663QD",
   "geometry": {
    "type": "Point",
    "coordinates": [
     -122.307741,
     47.563623
    ]
   },
   "properties": {
    "id": "vha_663QD",
    "name": "American Lake VA Mobile Medical Unit",
    "facility_type": "va_health_facility",
    "classification": "Other Outpatient Services (OOS)",
    "zip5": "98108",
    "city": "Seattle",
    "state": "WA",
    "visn": "20",
    "health_care_system": "VA Puget Sound health care",
    "operating_status": "TEMPORARY_LOCATION",
    "operating_status_info": null,
    "county_fips": null,
    "county_source": null,
    "market": null
   }
  },
  {
   "type": "Feature",
   "id": "vha_664",
   "geometry": {
    "type": "Point",
    "coordinates": [
     -117.2322855,
     32.875551
    ]
   },
   "properties": {
    "id": "vha_664",
    "name": "Jennifer Moreno Department of Veterans Affairs Medical Center",
    "facility_type": "va_health_facility",
    "classification": "VA Medical Center (VAMC)",
    "zip5": "92161",
    "city": "San Diego",
    "state": "CA",
    "visn": "22",
    "health_care_system": "VA San Diego health care",
    "operating_status": "NORMAL",
    "operating_status_info": null,
    "county_fips": null,
    "county_source": null,
    "market": null
   }
  },
  {
   "type": "Feature",
   "id": "vha_664BV",
   "geometry": {
    "type": "Point",
    "coordinates": [
     -117.18937336,
     32.74651025
    ]
   },
   "properties": {
    "id": "vha_664BV",
    "name": "San Diego VA Domiciliary",
    "facility_type": "va_health_facility",
    "classification": "Residential Care Site (MH RRTP/DRRTP) (Stand-Alone)",
    "zip5": "92110",
    "city": "San Diego",
    "state": "CA",
    "visn": "22",
    "health_care_system": "VA San Diego health care",
    "operating_status": "NORMAL",
    "operating_status_info": null,
    "county_fips": null,
    "county_source": null,
    "market": null
   }
  },
  {
   "type": "Feature",
   "id": "vha_664BY",
   "geometry": {
    "type": "Point",
    "coordinates": [
     -117.13706751,
     32.80974319
    ]
   },
   "properties": {
    "id": "vha_664BY",
    "name": "Kearny Mesa VA Clinic",
    "facility_type": "va_health_facility",
    "classification": "Multi-Specialty CBOC",
    "zip5": "92123",
    "city": "San Diego",
    "state": "CA",
    "visn": "22",
    "health_care_system": "VA San Diego health care",
    "operating_status": "NORMAL",
    "operating_status_info": null,
    "county_fips": null,
    "county_source": null,
    "market": null
   }
  },
  {
   "type": "Feature",
   "id": "vha_664GA",
   "geometry": {
    "type": "Point",
    "coordinates": [
     -115.571,
     32.7928
    ]
   },
   "properties": {
    "id": "vha_664GA",
    "name": "Imperial Valley VA Clinic",
    "facility_type": "va_health_facility",
    "classification": "Other Outpatient Services (OOS)",
    "zip5": "92243",
    "city": "El Centro",
    "state": "CA",
    "visn": "22",
    "health_care_system": "VA San Diego health care",
    "operating_status": "NORMAL",
    "operating_status_info": null,
    "county_fips": null,
    "county_source": null,
    "market": null
   }
  },
  {
   "type": "Feature",
   "id": "vha_664GB",
   "geometry": {
    "type": "Point",
    "coordinates": [
     -117.3108465,
     33.207399
    ]
   },
   "properties": {
    "id": "vha_664GB",
    "name": "Oceanside VA Clinic",
    "facility_type": "va_health_facility",
    "classification": "Multi-Specialty CBOC",
    "zip5": "92056",
    "city": "Oceanside",
    "state": "CA",
    "visn": "22",
    "health_care_system": "VA San Diego health care",
    "operating_status": "NORMAL",
    "operating_status_info": null,
    "county_fips": null,
    "county_source": null,
    "market": null
   }
  },
  {
   "type": "Feature",
   "id": "vha_664GC",
   "geometry": {
    "type": "Point",
    "coordinates": [
     -117.07923508,
     32.63386758
    ]
   },
   "properties": {
    "id": "vha_664GC",
    "name": "Chula Vista VA Clinic",
    "facility_type": "va_health_facility",
    "classification": "Multi-Specialty CBOC",
    "zip5": "91910",
    "city": "Chula Vista",
    "state": "CA",
    "visn": "22",
    "health_care_system": "VA San Diego health care",
    "operating_status": "NORMAL",
    "operating_status_info": null,
    "county_fips": null,
    "county_source": null,
    "market": null
   }
  },
  {
   "type": "Feature",
   "id": "vha_664GD",
   "geometry": {
    "type": "Point",
    "coordinates": [
     -117.0514832,
     33.13776779
    ]
   },
   "properties": {
    "id": "vha_664GD",
    "name": "Escondido VA Clinic",
    "facility_type": "va_health_facility",
    "classification": "Primary Care CBOC",
    "zip5": "92027",
    "city": "Escondido",
    "state": "CA",
    "visn": "22",
    "health_care_system": "VA San Diego health care",
    "operating_status": "NORMAL",
    "operating_status_info": null,
    "county_fips": null,
    "county_source": null,
    "market": null
   }
  },
  {
   "type": "Feature",
   "id": "vha_664GF",
   "geometry": {
    "type": "Point",
    "coordinates": [
     -117.21714903,
     32.89503489
    ]
   },
   "properties": {
    "id": "vha_664GF",
    "name": "Sorrento Valley VA Clinic",
    "facility_type": "va_health_facility",
    "classification": "Other Outpatient Services (OOS)",
    "zip5": "92121",
    "city": "San Diego",
    "state": "CA",
    "visn": "22",
    "health_care_system": "VA San Diego health care",
    "operating_status": "NORMAL",
    "operating_status_info": null,
    "county_fips": null,
    "county_source": null,
    "market": null
   }
  },
  {
   "type": "Feature",
   "id": "vha_664QA",
   "geometry": {
    "type": "Point",
    "coordinates": [
     -117.13677034,
     32.77579719
    ]
   },
   "properties": {
    "id": "vha_664QA",
    "name": "Rio VA Clinic",
    "facility_type": "va_health_facility",
    "classification": "Other Outpatient Services (OOS)",
    "zip5": "92108",
    "city": "San Diego",
    "state": "CA",
    "visn": "22",
    "health_care_system": "VA San Diego health care",
    "operating_status": "NORMAL",
    "operating_status_info": null,
    "county_fips": null,
    "county_source": null,
    "market": null
   }
  },
  {
   "type": "Feature",
   "id": "vha_664QB",
   "geometry": {
    "type": "Point",
    "coordinates": [
     -117.231543,
     32.873913
    ]
   },
   "properties": {
    "id": "vha_664QB",
    "name": "San Diego VA Mobile Medical Unit",
    "facility_type": "va_health_facility",
    "classification": "Other Outpatient Services (OOS)",
    "zip5": "92161",
    "city": "San Diego",
    "state": "CA",
    "visn": "22",
    "health_care_system": "VA San Diego health care",
    "operating_status": "NORMAL",
    "operating_status_info": null,
    "county_fips": null,
    "county_source": null,
    "market": null
   }
  },
  {
   "type": "Feature",
   "id": "vha_666",
   "geometry": {
    "type": "Point",
    "coordinates": [
     -106.98492156,
     44.82696789
    ]
   },
   "properties": {
    "id": "vha_666",
    "name": "Sheridan VA Medical Center",
    "facility_type": "va_health_facility",
    "classification": "VA Medical Center (VAMC)",
    "zip5": "82801",
    "city": "Sheridan",
    "state": "WY",
    "visn": "19",
    "health_care_system": "VA Sheridan health care",
    "operating_status": "NORMAL",
    "operating_status_info": null,
    "county_fips": null,
    "county_source": null,
    "market": null
   }
  },
  {
   "type": "Feature",
   "id": "vha_666GB",
   "geometry": {
    "type": "Point",
    "coordinates": [
     -106.2358875,
     42.84315
    ]
   },
   "properties": {
    "id": "vha_666GB",
    "name": "Casper VA Clinic",
    "facility_type": "va_health_facility",
    "classification": "Multi-Specialty CBOC",
    "zip5": "82609",
    "city": "Casper",
    "state": "WY",
    "visn": "19",
    "health_care_system": "VA Sheridan health care",
    "operating_status": "NORMAL",
    "operating_status_info": null,
    "county_fips": null,
    "county_source": null,
    "market": null
   }
  },
  {
   "type": "Feature",
   "id": "vha_666GC",
   "geometry": {
    "type": "Point",
    "coordinates": [
     -108.42109192,
     43.03564452
    ]
   },
   "properties": {
    "id": "vha_666GC",
    "name": "Riverton VA Clinic",
    "facility_type": "va_health_facility",
    "classification": "Other Outpatient Services (OOS)",
    "zip5": "82501",
    "city": "Riverton",
    "state": "WY",
    "visn": "19",
    "health_care_system": "VA Sheridan health care",
    "operating_status": "NORMAL",
    "operating_status_info": null,
    "county_fips": null,
    "county_source": null,
    "market": null
   }
  },
  {
   "type": "Feature",
   "id": "vha_666GD",
   "geometry": {
    "type": "Point",
    "coordinates": [
     -109.0588815,
     44.52714851
    ]
   },
   "properties": {
    "id": "vha_666GD",
    "name": "Cody VA Clinic",
    "facility_type": "va_health_facility",
    "classification": "Other Outpatient Services (OOS)",
    "zip5": "82414",
    "city": "Cody",
    "state": "WY",
    "visn": "19",
    "health_care_system": "VA Sheridan health care",
    "operating_status": "NORMAL",
    "operating_status_info": null,
    "county_fips": null,
    "county_source": null,
    "market": null
   }
  },
  {
   "type": "Feature",
   "id": "vha_666GE",
   "geometry": {
    "type": "Point",
    "coordinates": [
     -105.51111758,
     44.24598598
    ]
   },
   "properties": {
    "id": "vha_666GE",
    "name": "Gillette VA Clinic",
    "facility_type": "va_health_facility",
    "classification": "Other Outpatient Services (OOS)",
    "zip5": "82718",
    "city": "Gillette",
    "state": "WY",
    "visn": "19",
    "health_care_system": "VA Sheridan health care",
    "operating_status": "NORMAL",
    "operating_status_info": null,
    "county_fips": null,
    "county_source": null,
    "market": null
   }
  },
  {
   "type": "Feature",
   "id": "vha_666GF",
   "geometry": {
    "type": "Point",
    "coordinates": [
     -109.24719094,
     41.58616242
    ]
   },
   "properties": {
    "id": "vha_666GF",
    "name": "Rock Springs VA Clinic",
    "facility_type": "va_health_facility",
    "classification": "Other Outpatient Services (OOS)",
    "zip5": "82901",
    "city": "Rock Springs",
    "state": "WY",
    "visn": "19",
    "health_care_system": "VA Sheridan health care",
    "operating_status": "NORMAL",
    "operating_status_info": null,
    "county_fips": null,
    "county_source": null,
    "market": null
   }
  },
  {
   "type": "Feature",
   "id": "vha_666QA",
   "geometry": {
    "type": "Point",
    "coordinates": [
     -110.93320467,
     42.73130541
    ]
   },
   "properties": {
    "id": "vha_666QA",
    "name": "Afton VA Clinic",
    "facility_type": "va_health_facility",
    "classification": "Other Outpatient Services (OOS)",
    "zip5": "83110",
    "city": "Afton",
    "state": "WY",
    "visn": "19",
    "health_care_system": "VA Sheridan health care",
    "operating_status": "NORMAL",
    "operating_status_info": null,
    "county_fips": null,
    "county_source": null,
    "market": null
   }
  },
  {
   "type": "Feature",
   "id": "vha_666QB",
   "geometry": {
    "type": "Point",
    "coordinates": [
     -110.94146349,
     41.25221466
    ]
   },
   "properties": {
    "id": "vha_666QB",
    "name": "Evanston VA Clinic",
    "facility_type": "va_health_facility",
    "classification": "Other Outpatient Services (OOS)",
    "zip5": "82930",
    "city": "Evanston",
    "state": "WY",
    "visn": "19",
    "health_care_system": "VA Sheridan health care",
    "operating_status": "NORMAL",
    "operating_status_info": null,
    "county_fips": null,
    "county_source": null,
    "market": null
   }
  },
  {
   "type": "Feature",
   "id": "vha_666QC",
   "geometry": {
    "type": "Point",
    "coordinates": [
     -107.94843668,
     44.01250153
    ]
   },
   "properties": {
    "id": "vha_666QC",
    "name": "Worland VA Clinic",
    "facility_type": "va_health_facility",
    "classification": "Other Outpatient Services (OOS)",
    "zip5": "82401",
    "city": "Worland",
    "state": "WY",
    "visn": "19",
    "health_care_system": "VA Sheridan health care",
    "operating_status": "NORMAL",
    "operating_status_info": null,
    "county_fips": null,
    "county_source": null,
    "market": null
   }
  },
  {
   "type": "Feature",
   "id": "vha_667",
   "geometry": {
    "type": "Point",
    "coordinates": [
     -93.72284983,
     32.50001146
    ]
   },
   "properties": {
    "id": "vha_667",
    "name": "Overton Brooks Veterans' Administration Medical Center",
    "facility_type": "va_health_facility",
    "classification": "VA Medical Center (VAMC)",
    "zip5": "71101",
    "city": "Shreveport",
    "state": "LA",
    "visn": "16",
    "health_care_system": "VA Shreveport health care",
    "operating_status": "NORMAL",
    "operating_status_info": null,
    "county_fips": null,
    "county_source": null,
    "market": null
   }
  },
  {
   "type": "Feature",
   "id": "vha_667GA",
   "geometry": {
    "type": "Point",
    "coordinates": [
     -94.07014211,
     33.47483911
    ]
   },
   "properties": {
    "id": "vha_667GA",
    "name": "Texarkana VA Clinic",
    "facility_type": "va_health_facility",
    "classification": "Multi-Specialty CBOC",
    "zip5": "75503",
    "city": "Texarkana",
    "state": "TX",
    "visn": "16",
    "health_care_system": "VA Shreveport health care",
    "operating_status": "NORMAL",
    "operating_status_info": null,
    "county_fips": null,
    "county_source": null,
    "market": null
   }
  },
  {
   "type": "Feature",
   "id": "vha_667GB",
   "geometry": {
    "type": "Point",
    "coordinates": [
     -92.09915604,
     32.53050689
    ]
   },
   "properties": {
    "id": "vha_667GB",
    "name": "Monroe VA Clinic",
    "facility_type": "va_health_facility",
    "classification": "Multi-Specialty CBOC",
    "zip5": "71201",
    "city": "Monroe",
    "state": "LA",
    "visn": "16",
    "health_care_system": "VA Shreveport health care",
    "operating_status": "NORMAL",
    "operating_status_info": null,
    "county_fips": null,
    "county_source": null,
    "market": null
   }
  },
  {
   "type": "Feature",
   "id": "vha_667GC",
   "geometry": {
    "type": "Point",
    "coordinates": [
     -94.711977,
     32.512977
    ]
   },
   "properties": {
    "id": "vha_667GC",
    "name": "Longview VA Clinic",
    "facility_type": "va_health_facility",
    "classification": "Multi-Specialty CBOC",
    "zip5": "75601",
    "city": "Longview",
    "state": "TX",
    "visn": "16",
    "health_care_system": "VA Shreveport health care",
    "operating_status": "NORMAL",
    "operating_status_info": null,
    "county_fips": null,
    "county_source": null,
    "market": null
   }
  },
  {
   "type": "Feature",
   "id": "vha_667QA",
   "geometry": {
    "type": "Point",
    "coordinates": [
     -93.70735084,
     32.48369378
    ]
   },
   "properties": {
    "id": "vha_667QA",
    "name": "Knight Street VA Clinic",
    "facility_type": "va_health_facility",
    "classification": "Other Outpatient Services (OOS)",
    "zip5": "71105",
    "city": "Shreveport",
    "state": "LA",
    "visn": "16",
    "health_care_system": "VA Shreveport health care",
    "operating_status": "NORMAL",
    "operating_status_info": null,
    "county_fips": null,
    "county_source": null,
    "market": null
   }
  },
  {
   "type": "Feature",
   "id": "vha_667QB",
   "geometry": {
    "type": "Point",
    "coordinates": [
     -93.7216935,
     32.503068
    ]
   },
   "properties": {
    "id": "vha_667QB",
    "name": "Shreveport 1 VA Mobile Medical Unit",
    "facility_type": "va_health_facility",
    "classification": "Other Outpatient Services (OOS)",
    "zip5": "71101",
    "city": "Shreveport",
    "state": "LA",
    "visn": "16",
    "health_care_system": "VA Shreveport health care",
    "operating_status": "NORMAL",
    "operating_status_info": null,
    "county_fips": null,
    "county_source": null,
    "market": null
   }
  },
  {
   "type": "Feature",
   "id": "vha_667QC",
   "geometry": {
    "type": "Point",
    "coordinates": [
     -93.7216935,
     32.503068
    ]
   },
   "properties": {
    "id": "vha_667QC",
    "name": "Shreveport 2 VA Mobile Medical Unit",
    "facility_type": "va_health_facility",
    "classification": "Other Outpatient Services (OOS)",
    "zip5": "71101",
    "city": "Shreveport",
    "state": "LA",
    "visn": "16",
    "health_care_system": "VA Shreveport health care",
    "operating_status": "LIMITED",
    "operating_status_info": "The VA Mobile Medical Unit (MMU) gets utilized when it is out in the community.  It is not open for use when it is stationed at the facility.",
    "county_fips": null,
    "county_source": null,
    "market": null
   }
  },
  {
   "type": "Feature",
   "id": "vha_668",
   "geometry": {
    "type": "Point",
    "coordinates": [
     -117.47562284,
     47.70192635
    ]
   },
   "properties": {
    "id": "vha_668",
    "name": "Mann-Grandstaff Department of Veterans Affairs Medical Center",
    "facility_type": "va_health_facility",
    "classification": "VA Medical Center (VAMC)",
    "zip5": "99205",
    "city": "Spokane",
    "state": "WA",
    "visn": "20",
    "health_care_system": "VA Spokane health care",
    "operating_status": "TEMPORARY_LOCATION",
    "operating_status_info": "Temp location status",
    "county_fips": null,
    "county_source": null,
    "market": null
   }
  },
  {
   "type": "Feature",
   "id": "vha_668GA",
   "geometry": {
    "type": "Point",
    "coordinates": [
     -120.3340686,
     47.46323864
    ]
   },
   "properties": {
    "id": "vha_668GA",
    "name": "Elwood \u201cBud\u201d Link Department of Veterans Affairs Outpatient Clinic",
    "facility_type": "va_health_facility",
    "classification": "Other Outpatient Services (OOS)",
    "zip5": "98801",
    "city": "Wenatchee",
    "state": "WA",
    "visn": "20",
    "health_care_system": "VA Spokane health care",
    "operating_status": "NOTICE",
    "operating_status_info": "notice status",
    "county_fips": null,
    "county_source": null,
    "market": null
   }
  },
  {
   "type": "Feature",
   "id": "vha_668GB",
   "geometry": {
    "type": "Point",
    "coordinates": [
     -116.79626796,
     47.69263845
    ]
   },
   "properties": {
    "id": "vha_668GB",
    "name": "Coeur d 'Alene VA Clinic",
    "facility_type": "va_health_facility",
    "classification": "Multi-Specialty CBOC",
    "zip5": "83814",
    "city": "Coeur d'Alene",
    "state": "ID",
    "visn": "20",
    "health_care_system": "VA Spokane health care",
    "operating_status": "NORMAL",
    "operating_status_info": null,
    "county_fips": null,
    "county_source": null,
    "market": null
   }
  },
  {
   "type": "Feature",
   "id": "vha_668GC",
   "geometry": {
    "type": "Point",
    "coordinates": [
     -117.40147021,
     47.66032451
    ]
   },
   "properties": {
    "id": "vha_668GC",
    "name": "East Front Avenue VA Clinic",
    "facility_type": "va_health_facility",
    "classification": "Other Outpatient Services (OOS)",
    "zip5": "99202",
    "city": "Spokane",
    "state": "WA",
    "visn": "20",
    "health_care_system": "VA Spokane health care",
    "operating_status": "NORMAL",
    "operating_status_info": null,
    "county_fips": null,
    "county_source": null,
    "market": null
   }
  },
  {
   "type": "Feature",
   "id": "vha_668GD",
   "geometry": {
    "type": "Point",
    "coordinates": [
     -117.23664734,
     47.68627523
    ]
   },
   "properties": {
    "id": "vha_668GD",
    "name": "Spokane Valley VA Clinic",
    "facility_type": "va_health_facility",
    "classification": "Other Outpatient Services (OOS)",
    "zip5": "99216",
    "city": "Spokane Valley",
    "state": "WA",
    "visn": "20",
    "health_care_system": "VA Spokane health care",
    "operating_status": "CLOSED",
    "operating_status_info": "The new facility is not open yet.",
    "county_fips": null,
    "county_source": null,
    "market": null
   }
  },
  {
   "type": "Feature",
   "id": "vha_668HK",
   "geometry": {
    "type": "Point",
    "coordinates": [
     -117.47562284,
     47.70192635
    ]
   },
   "properties": {
    "id": "vha_668HK",
    "name": "Spokane VA Mobile Medical Unit",
    "facility_type": "va_health_facility",
    "classification": "Other Outpatient Services (OOS)",
    "zip5": "99205",
    "city": "Spokane",
    "state": "WA",
    "visn": "20",
    "health_care_system": "VA Spokane health care",
    "operating_status": "CLOSED",
    "operating_status_info": "This facility is closed.  Please visit one of our other system locations to support your health care needs.",
    "county_fips": null,
    "county_source": null,
    "market": null
   }
  },
  {
   "type": "Feature",
   "id": "vha_668QB",
   "geometry": {
    "type": "Point",
    "coordinates": [
     -115.54850941,
     48.39322213
    ]
   },
   "properties": {
    "id": "vha_668QB",
    "name": "Libby VA Clinic",
    "facility_type": "va_health_facility",
    "classification": "Other Outpatient Services (OOS)",
    "zip5": "59923",
    "city": "Libby",
    "state": "MT",
    "visn": "20",
    "health_care_system": "VA Spokane health care",
    "operating_status": "NORMAL",
    "operating_status_info": null,
    "county_fips": null,
    "county_source": null,
    "market": null
   }
  },
  {
   "type": "Feature",
   "id": "vha_668QD",
   "geometry": {
    "type": "Point",
    "coordinates": [
     -116.52452746,
     48.311631
    ]
   },
   "properties": {
    "id": "vha_668QD",
    "name": "Bonner County VA Clinic",
    "facility_type": "va_health_facility",
    "classification": "Other Outpatient Services (OOS)",
    "zip5": "83840",
    "city": "Kootenai",
    "state": "ID",
    "visn": "20",
    "health_care_system": "VA Spokane health care",
    "operating_status": "NORMAL",
    "operating_status_info": null,
    "county_fips": null,
    "county_source": null,
    "market": null
   }
  },
  {
   "type": "Feature",
   "id": "vha_668QE",
   "geometry": {
    "type": "Point",
    "coordinates": [
     -117.403254,
     47.654433
    ]
   },
   "properties": {
    "id": "vha_668QE",
    "name": "Spokane VA Clinic",
    "facility_type": "va_health_facility",
    "classification": "Other Outpatient Services (OOS)",
    "zip5": "99202",
    "city": "Spokane",
    "state": "WA",
    "visn": "20",
    "health_care_system": "VA Spokane health care",
    "operating_status": "NORMAL",
    "operating_status_info": null,
    "county_fips": null,
    "county_source": null,
    "market": null
   }
  },
  {
   "type": "Feature",
   "id": "vha_671",
   "geometry": {
    "type": "Point",
    "coordinates": [
     -98.58068264,
     29.50841909
    ]
   },
   "properties": {
    "id": "vha_671",
    "name": "Audie L. Murphy Memorial Veterans' Hospital",
    "facility_type": "va_health_facility",
    "classification": "VA Medical Center (VAMC)",
    "zip5": "78229",
    "city": "San Antonio",
    "state": "TX",
    "visn": "17",
    "health_care_system": "VA South Texas health care",
    "operating_status": "NORMAL",
    "operating_status_info": null,
    "county_fips": null,
    "county_source": null,
    "market": null
   }
  },
  {
   "type": "Feature",
   "id": "vha_671A4",
   "geometry": {
    "type": "Point",
    "coordinates": [
     -99.1166512,
     30.01378285
    ]
   },
   "properties": {
    "id": "vha_671A4",
    "name": "Kerrville VA Medical Center",
    "facility_type": "va_health_facility",
    "classification": "VA Medical Center (VAMC)",
    "zip5": "78028",
    "city": "Kerrville",
    "state": "TX",
    "visn": "17",
    "health_care_system": "VA South Texas health care",
    "operating_status": "NORMAL",
    "operating_status_info": null,
    "county_fips": null,
    "county_source": null,
    "market": null
   }
  },
  {
   "type": "Feature",
   "id": "vha_671GB",
   "geometry": {
    "type": "Point",
    "coordinates": [
     -97.01907277,
     28.85188969
    ]
   },
   "properties": {
    "id": "vha_671GB",
    "name": "Victoria VA Clinic",
    "facility_type": "va_health_facility",
    "classification": "Primary Care CBOC",
    "zip5": "77904",
    "city": "Victoria",
    "state": "TX",
    "visn": "17",
    "health_care_system": "VA South Texas health care",
    "operating_status": "NORMAL",
    "operating_status_info": null,
    "county_fips": null,
    "county_source": null,
    "market": null
   }
  },
  {
   "type": "Feature",
   "id": "vha_671GF",
   "geometry": {
    "type": "Point",
    "coordinates": [
     -98.401914,
     29.374119
    ]
   },
   "properties": {
    "id": "vha_671GF",
    "name": "South Bexar County VA Clinic",
    "facility_type": "va_health_facility",
    "classification": "Primary Care CBOC",
    "zip5": "78222",
    "city": "San Antonio",
    "state": "TX",
    "visn": "17",
    "health_care_system": "VA South Texas health care",
    "operating_status": "VIRTUAL_CARE",
    "operating_status_info": "South Bexar Outpatient Clinic is still undergoing maintenance. Primary Care appointments scheduled for Monday January 13 are being rescheduled or converted to virtual. Mental Health appointments are not impacted and still scheduled. Labwork can be done at Audie L. Murphy VA Hospital or rescheduled.",
    "county_fips": null,
    "county_source": null,
    "market": null
   }
  },
  {
   "type": "Feature",
   "id": "vha_671GK",
   "geometry": {
    "type": "Point",
    "coordinates": [
     -98.56763942,
     29.5113085
    ]
   },
   "properties": {
    "id": "vha_671GK",
    "name": "San Antonio VA Clinic",
    "facility_type": "va_health_facility",
    "classification": "Primary Care CBOC",
    "zip5": "78229",
    "city": "San Antonio",
    "state": "TX",
    "visn": "17",
    "health_care_system": "VA South Texas health care",
    "operating_status": "NORMAL",
    "operating_status_info": null,
    "county_fips": null,
    "county_source": null,
    "market": null
   }
  },
  {
   "type": "Feature",
   "id": "vha_671GL",
   "geometry": {
    "type": "Point",
    "coordinates": [
     -98.062317,
     29.72015179
    ]
   },
   "properties": {
    "id": "vha_671GL",
    "name": "New Braunfels VA Clinic",
    "facility_type": "va_health_facility",
    "classification": "Other Outpatient Services (OOS)",
    "zip5": "78130",
    "city": "New Braunfels",
    "state": "TX",
    "visn": "17",
    "health_care_system": "VA South Texas health care",
    "operating_status": "NORMAL",
    "operating_status_info": null,
    "county_fips": null,
    "county_source": null,
    "market": null
   }
  },
  {
   "type": "Feature",
   "id": "vha_671GO",
   "geometry": {
    "type": "Point",
    "coordinates": [
     -98.4615295,
     29.60335111
    ]
   },
   "properties": {
    "id": "vha_671GO",
    "name": "North Central Federal VA Clinic",
    "facility_type": "va_health_facility",
    "classification": "Multi-Specialty CBOC",
    "zip5": "78232",
    "city": "San Antonio",
    "state": "TX",
    "visn": "17",
    "health_care_system": "VA South Texas health care",
    "operating_status": "LIMITED",
    "operating_status_info": "Beginning October 14, 2024, the Pharmacy at the North Central Federal Clinic (NCFC) will be closed to renovate the air conditioning system and replace duct work. The renovation is expected to be completed by Spring 2025.",
    "county_fips": null,
    "county_source": null,
    "market": null
   }
  },
  {
   "type": "Feature",
   "id": "vha_671GP",
   "geometry": {
    "type": "Point",
    "coordinates": [
     -98.55099856,
     29.48970344
    ]
   },
   "properties": {
    "id": "vha_671GP",
    "name": "Balcones Heights VA Clinic",
    "facility_type": "va_health_facility",
    "classification": "Multi-Specialty CBOC",
    "zip5": "78201",
    "city": "San Antonio",
    "state": "TX",
    "visn": "17",
    "health_care_system": "VA South Texas health care",
    "operating_status": "NORMAL",
    "operating_status_info": null,
    "county_fips": null,
    "county_source": null,
    "market": null
   }
  },
  {
   "type": "Feature",
   "id": "vha_671GQ",
   "geometry": {
    "type": "Point",
    "coordinates": [
     -98.56583951,
     29.57900214
    ]
   },
   "properties": {
    "id": "vha_671GQ",
    "name": "Shavano Park VA Clinic",
    "facility_type": "va_health_facility",
    "classification": "Primary Care CBOC",
    "zip5": "78249",
    "city": "San Antonio",
    "state": "TX",
    "visn": "17",
    "health_care_system": "VA South Texas health care",
    "operating_status": "NORMAL",
    "operating_status_info": null,
    "county_fips": null,
    "county_source": null,
    "market": null
   }
  },
  {
   "type": "Feature",
   "id": "vha_671GR",
   "geometry": {
    "type": "Point",
    "coordinates": [
     -98.3613645,
     29.587032
    ]
   },
   "properties": {
    "id": "vha_671GR",
    "name": "North Bexar VA Clinic",
    "facility_type": "va_health_facility",
    "classification": "Primary Care CBOC",
    "zip5": "78247",
    "city": "San Antonio",
    "state": "TX",
    "visn": "17",
    "health_care_system": "VA South Texas health care",
    "operating_status": "NORMAL",
    "operating_status_info": null,
    "county_fips": null,
    "county_source": null,
    "market": null
   }
  },
  {
   "type": "Feature",
   "id": "vha_671GS",
   "geometry": {
    "type": "Point",
    "coordinates": [
     -98.67607389,
     29.44694027
    ]
   },
   "properties": {
    "id": "vha_671GS",
    "name": "North West San Antonio VA Clinic",
    "facility_type": "va_health_facility",
    "classification": "Multi-Specialty CBOC",
    "zip5": "78251",
    "city": "San Antonio",
    "state": "TX",
    "visn": "17",
    "health_care_system": "VA South Texas health care",
    "operating_status": "NORMAL",
    "operating_status_info": null,
    "county_fips": null,
    "county_source": null,
    "market": null
   }
  },
  {
   "type": "Feature",
   "id": "vha_671GT",
   "geometry": {
    "type": "Point",
    "coordinates": [
     -98.35009252,
     29.49827559
    ]
   },
   "properties": {
    "id": "vha_671GT",
    "name": "Walzem VA Clinic",
    "facility_type": "va_health_facility",
    "classification": "Other Outpatient Services (OOS)",
    "zip5": "78239",
    "city": "San Antonio",
    "state": "TX",
    "visn": "17",
    "health_care_system": "VA South Texas health care",
    "operating_status": "NORMAL",
    "operating_status_info": null,
    "county_fips": null,
    "county_source": null,
    "market": null
   }
  },
  {
   "type": "Feature",
   "id": "vha_671GU",
   "geometry": {
    "type": "Point",
    "coordinates": [
     -98.43167993,
     29.37701004
    ]
   },
   "properties": {
    "id": "vha_671GU",
    "name": "San Antonio Pecan Valley VA Clinic",
    "facility_type": "va_health_facility",
    "classification": "Other Outpatient Services (OOS)",
    "zip5": "78223",
    "city": "San Antonio",
    "state": "TX",
    "visn": "17",
    "health_care_system": "VA South Texas health care",
    "operating_status": "NORMAL",
    "operating_status_info": null,
    "county_fips": null,
    "county_source": null,
    "market": null
   }
  },
  {
   "type": "Feature",
   "id": "vha_671GV",
   "geometry": {
    "type": "Point",
    "coordinates": [
     -98.419311,
     29.51640147
    ]
   },
   "properties": {
    "id": "vha_671GV",
    "name": "North East Bexar VA Clinic",
    "facility_type": "va_health_facility",
    "classification": "Primary Care CBOC",
    "zip5": "78217",
    "city": "San Antonio",
    "state": "TX",
    "visn": "17",
    "health_care_system": "VA South Texas health care",
    "operating_status": "NORMAL",
    "operating_status_info": null,
    "county_fips": null,
    "county_source": null,
    "market": null
   }
  },
  {
   "type": "Feature",
   "id": "vha_671GW",
   "geometry": {
    "type": "Point",
    "coordinates": [
     -98.5307535,
     29.35660954
    ]
   },
   "properties": {
    "id": "vha_671GW",
    "name": "Southwest VA Clinic",
    "facility_type": "va_health_facility",
    "classification": "Other Outpatient Services (OOS)",
    "zip5": "78224",
    "city": "San Antonio",
    "state": "TX",
    "visn": "17",
    "health_care_system": "VA South Texas health care",
    "operating_status": "VIRTUAL_CARE",
    "operating_status_info": "Don't come in person",
    "county_fips": null,
    "county_source": null,
    "market": null
   }
  },
  {
   "type": "Feature",
   "id": "vha_671QB",
   "geometry": {
    "type": "Point",
    "coordinates": [
     -98.56922564,
     29.51746496
    ]
   },
   "properties": {
    "id": "vha_671QB",
    "name": "Data Point VA Clinic",
    "facility_type": "va_health_facility",
    "classification": "Other Outpatient Services (OOS)",
    "zip5": "78229",
    "city": "San Antonio",
    "state": "TX",
    "visn": "17",
    "health_care_system": "VA South Texas health care",
    "operating_status": "NORMAL",
    "operating_status_info": null,
    "county_fips": null,
    "county_source": null,
    "market": null
   }
  },
  {
   "type": "Feature",
   "id": "vha_671QC",
   "geometry": {
    "type": "Point",
    "coordinates": [
     -98.47541731,
     29.50644308
    ]
   },
   "properties": {
    "id": "vha_671QC",
    "name": "Christus Santa Rosa VA Clinic",
    "facility_type": "va_health_facility",
    "classification": "Other Outpatient Services (OOS)",
    "zip5": "78209",
    "city": "San Antonio",
    "state": "TX",
    "visn": "17",
    "health_care_system": "VA South Texas health care",
    "operating_status": "LIMITED",
    "operating_status_info": "Christus Santa Rosa is a contracted Physician Ambulatory Surgery Center that facilitates necessary surgical procedures performed by VA surgeons. This is not a VA Clinic and no other services are provided at this location.",
    "county_fips": null,
    "county_source": null,
    "market": null
   }
  },
  {
   "type": "Feature",
   "id": "vha_671QD",
   "geometry": {
    "type": "Point",
    "coordinates": [
     -98.28650153,
     29.53532608
    ]
   },
   "properties": {
    "id": "vha_671QD",
    "name": "San Antonio Randolph VA Clinic",
    "facility_type": "va_health_facility",
    "classification": "Other Outpatient Services (OOS)",
    "zip5": "78150",
    "city": "Randolph Air Force Base",
    "state": "TX",
    "visn": "17",
    "health_care_system": "VA South Texas health care",
    "operating_status": "NORMAL",
    "operating_status_info": null,
    "county_fips": null,
    "county_source": null,
    "market": null
   }
  },
  {
   "type": "Feature",
   "id": "vha_672",
   "geometry": {
    "type": "Point",
    "coordinates": [
     -66.08063961,
     18.39165303
    ]
   },
   "properties": {
    "id": "vha_672",
    "name": "San Juan VA Medical Center",
    "facility_type": "va_health_facility",
    "classification": "VA Medical Center (VAMC)",
    "zip5": "00921",
    "city": "San Juan",
    "state": "PR",
    "visn": "8",
    "health_care_system": "VA Caribbean health care",
    "operating_status": "NORMAL",
    "operating_status_info": null,
    "county_fips": null,
    "county_source": null,
    "market": null
   }
  },
  {
   "type": "Feature",
   "id": "vha_672B0",
   "geometry": {
    "type": "Point",
    "coordinates": [
     -66.5950011,
     18.02505475
    ]
   },
   "properties": {
    "id": "vha_672B0",
    "name": "Eur\u00edpides Rubio Department of Veterans Affairs Outpatient Clinic",
    "facility_type": "va_health_facility",
    "classification": "Multi-Specialty CBOC",
    "zip5": "00716",
    "city": "Ponce",
    "state": "PR",
    "visn": "8",
    "health_care_system": "VA Caribbean health care",
    "operating_status": "NORMAL",
    "operating_status_info": null,
    "county_fips": null,
    "county_source": null,
    "market": null
   }
  },
  {
   "type": "Feature",
   "id": "vha_672BZ",
   "geometry": {
    "type": "Point",
    "coordinates": [
     -67.15676957,
     18.23560716
    ]
   },
   "properties": {
    "id": "vha_672BZ",
    "name": "Mayaguez VA Clinic",
    "facility_type": "va_health_facility",
    "classification": "Multi-Specialty CBOC",
    "zip5": "00682",
    "city": "Mayaguez",
    "state": "PR",
    "visn": "8",
    "health_care_system": "VA Caribbean health care",
    "operating_status": "NORMAL",
    "operating_status_info": null,
    "county_fips": null,
    "county_source": null,
    "market": null
   }
  },
  {
   "type": "Feature",
   "id": "vha_672GA",
   "geometry": {
    "type": "Point",
    "coordinates": [
     -64.81029,
     17.69725
    ]
   },
   "properties": {
    "id": "vha_672GA",
    "name": "Saint Croix VA Clinic",
    "facility_type": "va_health_facility",
    "classification": "Other Outpatient Services (OOS)",
    "zip5": "00850",
    "city": "St. Croix",
    "state": "VI",
    "visn": "8",
    "health_care_system": "VA Caribbean health care",
    "operating_status": "NORMAL",
    "operating_status_info": null,
    "county_fips": null,
    "county_source": null,
    "market": null
   }
  },
  {
   "type": "Feature",
   "id": "vha_672GB",
   "geometry": {
    "type": "Point",
    "coordinates": [
     -64.9321898,
     18.340651
    ]
   },
   "properties": {
    "id": "vha_672GB",
    "name": "Saint Thomas VA Clinic",
    "facility_type": "va_health_facility",
    "classification": "Other Outpatient Services (OOS)",
    "zip5": "00802",
    "city": "Saint Thomas",
    "state": "VI",
    "visn": "8",
    "health_care_system": "VA Caribbean health care",
    "operating_status": "NORMAL",
    "operating_status_info": null,
    "county_fips": null,
    "county_source": null,
    "market": null
   }
  },
  {
   "type": "Feature",
   "id": "vha_672GC",
   "geometry": {
    "type": "Point",
    "coordinates": [
     -66.73983199,
     18.4723206
    ]
   },
   "properties": {
    "id": "vha_672GC",
    "name": "Arecibo VA Clinic",
    "facility_type": "va_health_facility",
    "classification": "Primary Care CBOC",
    "zip5": "00612",
    "city": "Arecibo",
    "state": "PR",
    "visn": "8",
    "health_care_system": "VA Caribbean health care",
    "operating_status": "NORMAL",
    "operating_status_info": null,
    "county_fips": null,
    "county_source": null,
    "market": null
   }
  },
  {
   "type": "Feature",
   "id": "vha_672GD",
   "geometry": {
    "type": "Point",
    "coordinates": [
     -65.64026153,
     18.27328865
    ]
   },
   "properties": {
    "id": "vha_672GD",
    "name": "Ceiba VA Clinic",
    "facility_type": "va_health_facility",
    "classification": "Primary Care CBOC",
    "zip5": "00735",
    "city": "Pueblo Ward",
    "state": "PR",
    "visn": "8",
    "health_care_system": "VA Caribbean health care",
    "operating_status": "NORMAL",
    "operating_status_info": null,
    "county_fips": null,
    "county_source": null,
    "market": null
   }
  },
  {
   "type": "Feature",
   "id": "vha_672GE",
   "geometry": {
    "type": "Point",
    "coordinates": [
     -66.12034079,
     17.97088958
    ]
   },
   "properties": {
    "id": "vha_672GE",
    "name": "Guayama VA Clinic",
    "facility_type": "va_health_facility",
    "classification": "Primary Care CBOC",
    "zip5": "00784",
    "city": "Guayama",
    "state": "PR",
    "visn": "8",
    "health_care_system": "VA Caribbean health care",
    "operating_status": "NORMAL",
    "operating_status_info": null,
    "county_fips": null,
    "county_source": null,
    "market": null
   }
  },
  {
   "type": "Feature",
   "id": "vha_672QA",
   "geometry": {
    "type": "Point",
    "coordinates": [
     -66.22661941,
     18.21818413
    ]
   },
   "properties": {
    "id": "vha_672QA",
    "name": "Comerio VA Clinic",
    "facility_type": "va_health_facility",
    "classification": "Other Outpatient Services (OOS)",
    "zip5": "00782",
    "city": "Comerio",
    "state": "PR",
    "visn": "8",
    "health_care_system": "VA Caribbean health care",
    "operating_status": "NORMAL",
    "operating_status_info": null,
    "county_fips": null,
    "county_source": null,
    "market": null
   }
  },
  {
   "type": "Feature",
   "id": "vha_672QB",
   "geometry": {
    "type": "Point",
    "coordinates": [
     -66.70139955,
     18.26728457
    ]
   },
   "properties": {
    "id": "vha_672QB",
    "name": "Utuado VA Clinic",
    "facility_type": "va_health_facility",
    "classification": "Other Outpatient Services (OOS)",
    "zip5": "00641",
    "city": "Utuado",
    "state": "PR",
    "visn": "8",
    "health_care_system": "VA Caribbean health care",
    "operating_status": "NORMAL",
    "operating_status_info": null,
    "county_fips": null,
    "county_source": null,
    "market": null
   }
  },
  {
   "type": "Feature",
   "id": "vha_672QC",
   "geometry": {
    "type": "Point",
    "coordinates": [
     -65.436525,
     18.1386
    ]
   },
   "properties": {
    "id": "vha_672QC",
    "name": "Vieques VA Clinic",
    "facility_type": "va_health_facility",
    "classification": "Other Outpatient Services (OOS)",
    "zip5": "00765",
    "city": "Vieques",
    "state": "PR",
    "visn": "8",
    "health_care_system": "VA Caribbean health care",
    "operating_status": "NORMAL",
    "operating_status_info": null,
    "county_fips": null,
    "county_source": null,
    "market": null
   }
  },
  {
   "type": "Feature",
   "id": "vha_672QD",
   "geometry": {
    "type": "Point",
    "coordinates": [
     -66.079512,
     18.390537
    ]
   },
   "properties": {
    "id": "vha_672QD",
    "name": "San Juan 1 VA Mobile Medical Unit",
    "facility_type": "va_health_facility",
    "classification": "Other Outpatient Services (OOS)",
    "zip5": "00921",
    "city": "San Juan",
    "state": "PR",
    "visn": "8",
    "health_care_system": "VA Caribbean health care",
    "operating_status": "NORMAL",
    "operating_status_info": null,
    "county_fips": null,
    "county_source": null,
    "market": null
   }
  },
  {
   "type": "Feature",
   "id": "vha_672QE",
   "geometry": {
    "type": "Point",
    "coordinates": [
     -66.079512,
     18.390537
    ]
   },
   "properties": {
    "id": "vha_672QE",
    "name": "San Juan 2 VA Mobile Medical Unit",
    "facility_type": "va_health_facility",
    "classification": "Other Outpatient Services (OOS)",
    "zip5": "00921",
    "city": "San Juan",
    "state": "PR",
    "visn": "8",
    "health_care_system": "VA Caribbean health care",
    "operating_status": "NORMAL",
    "operating_status_info": null,
    "county_fips": null,
    "county_source": null,
    "market": null
   }
  },
  {
   "type": "Feature",
   "id": "vha_672QF",
   "geometry": {
    "type": "Point",
    "coordinates": [
     -64.85064731,
     18.31711723
    ]
   },
   "properties": {
    "id": "vha_672QF",
    "name": "Saint Thomas VA Mobile Medical Unit",
    "facility_type": "va_health_facility",
    "classification": "Other Outpatient Services (OOS)",
    "zip5": "00802",
    "city": "St. Thomas",
    "state": "VI",
    "visn": "8",
    "health_care_system": "VA Caribbean health care",
    "operating_status": "NORMAL",
    "operating_status_info": null,
    "county_fips": null,
    "county_source": null,
    "market": null
   }
  },
  {
   "type": "Feature",
   "id": "vha_672QG",
   "geometry": {
    "type": "Point",
    "coordinates": [
     -64.704115,
     17.74361
    ]
   },
   "properties": {
    "id": "vha_672QG",
    "name": "Saint Croix VA Mobile Medical Unit",
    "facility_type": "va_health_facility",
    "classification": "Other Outpatient Services (OOS)",
    "zip5": "00820",
    "city": "St. Croix",
    "state": "VI",
    "visn": "8",
    "health_care_system": "VA Caribbean health care",
    "operating_status": "NORMAL",
    "operating_status_info": null,
    "county_fips": null,
    "county_source": null,
    "market": null
   }
  },
  {
   "type": "Feature",
   "id": "vha_672QH",
   "geometry": {
    "type": "Point",
    "coordinates": [
     -66.0565723,
     18.41057774
    ]
   },
   "properties": {
    "id": "vha_672QH",
    "name": "Hato Rey VA Clinic",
    "facility_type": "va_health_facility",
    "classification": "Residential Care Site (MH RRTP/DRRTP) (Stand-Alone)",
    "zip5": "00918",
    "city": "San Juan",
    "state": "PR",
    "visn": "8",
    "health_care_system": "VA Caribbean health care",
    "operating_status": "NORMAL",
    "operating_status_info": null,
    "county_fips": null,
    "county_source": null,
    "market": null
   }
  },
  {
   "type": "Feature",
   "id": "vha_673",
   "geometry": {
    "type": "Point",
    "coordinates": [
     -82.4295825,
     28.064718
    ]
   },
   "properties": {
    "id": "vha_673",
    "name": "James A. Haley Veterans' Hospital",
    "facility_type": "va_health_facility",
    "classification": "VA Medical Center (VAMC)",
    "zip5": "33612",
    "city": "Tampa",
    "state": "FL",
    "visn": "8",
    "health_care_system": "VA Tampa health care",
    "operating_status": "TEMPORARY_CLOSURE",
    "operating_status_info": null,
    "county_fips": null,
    "county_source": null,
    "market": null
   }
  },
  {
   "type": "Feature",
   "id": "vha_673BZ",
   "geometry": {
    "type": "Point",
    "coordinates": [
     -82.67433895,
     28.27148937
    ]
   },
   "properties": {
    "id": "vha_673BZ",
    "name": "New Port Richey VA Clinic",
    "facility_type": "va_health_facility",
    "classification": "Multi-Specialty CBOC",
    "zip5": "34654",
    "city": "New Port Richey",
    "state": "FL",
    "visn": "8",
    "health_care_system": "VA Tampa health care",
    "operating_status": "NORMAL",
    "operating_status_info": null,
    "county_fips": null,
    "county_source": null,
    "market": null
   }
  },
  {
   "type": "Feature",
   "id": "vha_673GB",
   "geometry": {
    "type": "Point",
    "coordinates": [
     -81.92212244,
     27.99970969
    ]
   },
   "properties": {
    "id": "vha_673GB",
    "name": "Lakeland VA Clinic",
    "facility_type": "va_health_facility",
    "classification": "Multi-Specialty CBOC",
    "zip5": "33803",
    "city": "Lakeland",
    "state": "FL",
    "visn": "8",
    "health_care_system": "VA Tampa health care",
    "operating_status": "NORMAL",
    "operating_status_info": null,
    "county_fips": null,
    "county_source": null,
    "market": null
   }
  },
  {
   "type": "Feature",
   "id": "vha_673GC",
   "geometry": {
    "type": "Point",
    "coordinates": [
     -82.48430772,
     28.53374051
    ]
   },
   "properties": {
    "id": "vha_673GC",
    "name": "Brooksville VA Clinic",
    "facility_type": "va_health_facility",
    "classification": "Multi-Specialty CBOC",
    "zip5": "34613",
    "city": "Brooksville",
    "state": "FL",
    "visn": "8",
    "health_care_system": "VA Tampa health care",
    "operating_status": "NORMAL",
    "operating_status_info": null,
    "county_fips": null,
    "county_source": null,
    "market": null
   }
  },
  {
   "type": "Feature",
   "id": "vha_673GF",
   "geometry": {
    "type": "Point",
    "coordinates": [
     -82.19018212,
     28.25183866
    ]
   },
   "properties": {
    "id": "vha_673GF",
    "name": "Zephyrhills VA Clinic",
    "facility_type": "va_health_facility",
    "classification": "Multi-Specialty CBOC",
    "zip5": "33542",
    "city": "Zephyrhills",
    "state": "FL",
    "visn": "8",
    "health_care_system": "VA Tampa health care",
    "operating_status": "NORMAL",
    "operating_status_info": null,
    "county_fips": null,
    "county_source": null,
    "market": null
   }
  },
  {
   "type": "Feature",
   "id": "vha_673GG",
   "geometry": {
    "type": "Point",
    "coordinates": [
     -82.32884523,
     27.79583262
    ]
   },
   "properties": {
    "id": "vha_673GG",
    "name": "South Hillsborough VA Clinic",
    "facility_type": "va_health_facility",
    "classification": "Multi-Specialty CBOC",
    "zip5": "33579",
    "city": "Riverview",
    "state": "FL",
    "visn": "8",
    "health_care_system": "VA Tampa health care",
    "operating_status": "NORMAL",
    "operating_status_info": null,
    "county_fips": null,
    "county_source": null,
    "market": null
   }
  },
  {
   "type": "Feature",
   "id": "vha_673GH",
   "geometry": {
    "type": "Point",
    "coordinates": [
     -82.48042996,
     28.90564659
    ]
   },
   "properties": {
    "id": "vha_673GH",
    "name": "Lecanto VA Clinic",
    "facility_type": "va_health_facility",
    "classification": "Primary Care CBOC",
    "zip5": "34461",
    "city": "Lecanto",
    "state": "FL",
    "visn": "8",
    "health_care_system": "VA Tampa health care",
    "operating_status": "NORMAL",
    "operating_status_info": null,
    "county_fips": null,
    "county_source": null,
    "market": null
   }
  },
  {
   "type": "Feature",
   "id": "vha_673QA",
   "geometry": {
    "type": "Point",
    "coordinates": [
     -82.40999552,
     28.074105
    ]
   },
   "properties": {
    "id": "vha_673QA",
    "name": "Forty-Sixth Street North VA Clinic",
    "facility_type": "va_health_facility",
    "classification": "Other Outpatient Services (OOS)",
    "zip5": "33613",
    "city": "Tampa",
    "state": "FL",
    "visn": "8",
    "health_care_system": "VA Tampa health care",
    "operating_status": "NORMAL",
    "operating_status_info": null,
    "county_fips": null,
    "county_source": null,
    "market": null
   }
  },
  {
   "type": "Feature",
   "id": "vha_673QB",
   "geometry": {
    "type": "Point",
    "coordinates": [
     -82.40991597,
     28.047879
    ]
   },
   "properties": {
    "id": "vha_673QB",
    "name": "Forty-Sixth Street South VA Clinic",
    "facility_type": "va_health_facility",
    "classification": "Other Outpatient Services (OOS)",
    "zip5": "33617",
    "city": "Tampa",
    "state": "FL",
    "visn": "8",
    "health_care_system": "VA Tampa health care",
    "operating_status": "NORMAL",
    "operating_status_info": null,
    "county_fips": null,
    "county_source": null,
    "market": null
   }
  },
  {
   "type": "Feature",
   "id": "vha_673QH",
   "geometry": {
    "type": "Point",
    "coordinates": [
     -82.42620643,
     28.05908942
    ]
   },
   "properties": {
    "id": "vha_673QH",
    "name": "Bruce B. Downs Boulevard VA Clinic",
    "facility_type": "va_health_facility",
    "classification": "Other Outpatient Services (OOS)",
    "zip5": "33612",
    "city": "Tampa",
    "state": "FL",
    "visn": "8",
    "health_care_system": "VA Tampa health care",
    "operating_status": "NORMAL",
    "operating_status_info": null,
    "county_fips": null,
    "county_source": null,
    "market": null
   }
  },
  {
   "type": "Feature",
   "id": "vha_673QJ",
   "geometry": {
    "type": "Point",
    "coordinates": [
     -82.35735766,
     28.07089029
    ]
   },
   "properties": {
    "id": "vha_673QJ",
    "name": "Hidden River VA Clinic",
    "facility_type": "va_health_facility",
    "classification": "Multi-Specialty CBOC",
    "zip5": "33637",
    "city": "Tampa",
    "state": "FL",
    "visn": "8",
    "health_care_system": "VA Tampa health care",
    "operating_status": "NORMAL",
    "operating_status_info": null,
    "county_fips": null,
    "county_source": null,
    "market": null
   }
  },
  {
   "type": "Feature",
   "id": "vha_673QK",
   "geometry": {
    "type": "Point",
    "coordinates": [
     -82.4295825,
     28.064718
    ]
   },
   "properties": {
    "id": "vha_673QK",
    "name": "Tampa 1 VA Mobile Medical Unit",
    "facility_type": "va_health_facility",
    "classification": "Other Outpatient Services (OOS)",
    "zip5": "33612",
    "city": "Tampa",
    "state": "FL",
    "visn": "8",
    "health_care_system": "VA Tampa health care",
    "operating_status": "NORMAL",
    "operating_status_info": null,
    "county_fips": null,
    "county_source": null,
    "market": null
   }
  },
  {
   "type": "Feature",
   "id": "vha_673QL",
   "geometry": {
    "type": "Point",
    "coordinates": [
     -82.4295825,
     28.064718
    ]
   },
   "properties": {
    "id": "vha_673QL",
    "name": "Tampa 2 VA Mobile Medical Unit",
    "facility_type": "va_health_facility",
    "classification": "Other Outpatient Services (OOS)",
    "zip5": "33612",
    "city": "Tampa",
    "state": "FL",
    "visn": "8",
    "health_care_system": "VA Tampa health care",
    "operating_status": "NORMAL",
    "operating_status_info": null,
    "county_fips": null,
    "county_source": null,
    "market": null
   }
  },
  {
   "type": "Feature",
   "id": "vha_673QM",
   "geometry": {
    "type": "Point",
    "coordinates": [
     -82.35976928,
     28.03248725
    ]
   },
   "properties": {
    "id": "vha_673QM",
    "name": "Temple Terrace VA Clinic",
    "facility_type": "va_health_facility",
    "classification": "Residential Care Site (MH RRTP/DRRTP) (Stand-Alone)",
    "zip5": "33637",
    "city": "Temple Terrace",
    "state": "FL",
    "visn": "8",
    "health_care_system": "VA Tampa health care",
    "operating_status": "COMING_SOON",
    "operating_status_info": "We're coming!",
    "county_fips": null,
    "county_source": null,
    "market": null
   }
  },
  {
   "type": "Feature",
   "id": "vha_673QN",
   "geometry": {
    "type": "Point",
    "coordinates": [
     -82.3488705,
     27.97670148
    ]
   },
   "properties": {
    "id": "vha_673QN",
    "name": "Sabal Park VA Clinic",
    "facility_type": "va_health_facility",
    "classification": "Other Outpatient Services (OOS)",
    "zip5": "33619",
    "city": "Tampa",
    "state": "FL",
    "visn": "8",
    "health_care_system": "VA Tampa health care",
    "operating_status": "NORMAL",
    "operating_status_info": null,
    "county_fips": null,
    "county_source": null,
    "market": null
   }
  },
  {
   "type": "Feature",
   "id": "vha_673QO",
   "geometry": {
    "type": "Point",
    "coordinates": [
     -82.41420305,
     28.07997945
    ]
   },
   "properties": {
    "id": "vha_673QO",
    "name": "Forty-Second Street VA Clinic",
    "facility_type": "va_health_facility",
    "classification": "Other Outpatient Services (OOS)",
    "zip5": "33613",
    "city": "Tampa",
    "state": "FL",
    "visn": "8",
    "health_care_system": "VA Tampa health care",
    "operating_status": "VIRTUAL_CARE",
    "operating_status_info": "Only virtual appts",
    "county_fips": null,
    "county_source": null,
    "market": null
   }
  },
  {
   "type": "Feature",
   "id": "vha_674",
   "geometry": {
    "type": "Point",
    "coordinates": [
     -97.34880496,
     31.07901994
    ]
   },
   "properties": {
    "id": "vha_674",
    "name": "Olin E. Teague Veterans' Center",
    "facility_type": "va_health_facility",
    "classification": "VA Medical Center (VAMC)",
    "zip5": "76504",
    "city": "Temple",
    "state": "TX",
    "visn": "17",
    "health_care_system": "VA Central Texas health care",
    "operating_status": "NORMAL",
    "operating_status_info": null,
    "county_fips": null,
    "county_source": null,
    "market": null
   }
  },
  {
   "type": "Feature",
   "id": "vha_674A4",
   "geometry": {
    "type": "Point",
    "coordinates": [
     -97.164135,
     31.511601
    ]
   },
   "properties": {
    "id": "vha_674A4",
    "name": "Doris Miller Department of Veterans Affairs Medical Center",
    "facility_type": "va_health_facility",
    "classification": "VA Medical Center (VAMC)",
    "zip5": "76711",
    "city": "Waco",
    "state": "TX",
    "visn": "17",
    "health_care_system": "VA Central Texas health care",
    "operating_status": "NORMAL",
    "operating_status_info": null,
    "county_fips": null,
    "county_source": null,
    "market": null
   }
  },
  {
   "type": "Feature",
   "id": "vha_674BY",
   "geometry": {
    "type": "Point",
    "coordinates": [
     -97.6903515,
     30.205656
    ]
   },
   "properties": {
    "id": "vha_674BY",
    "name": "Austin VA Clinic",
    "facility_type": "va_health_facility",
    "classification": "Multi-Specialty CBOC",
    "zip5": "78744",
    "city": "Austin",
    "state": "TX",
    "visn": "17",
    "health_care_system": "VA Central Texas health care",
    "operating_status": "NORMAL",
    "operating_status_info": null,
    "county_fips": null,
    "county_source": null,
    "market": null
   }
  },
  {
   "type": "Feature",
   "id": "vha_674GA",
   "geometry": {
    "type": "Point",
    "coordinates": [
     -95.63712398,
     31.73513557
    ]
   },
   "properties": {
    "id": "vha_674GA",
    "name": "Palestine VA Clinic",
    "facility_type": "va_health_facility",
    "classification": "Other Outpatient Services (OOS)",
    "zip5": "75801",
    "city": "Palestine",
    "state": "TX",
    "visn": "17",
    "health_care_system": "VA Central Texas health care",
    "operating_status": "TEMPORARY_LOCATION",
    "operating_status_info": "Here are the details",
    "county_fips": null,
    "county_source": null,
    "market": null
   }
  },
  {
   "type": "Feature",
   "id": "vha_674GB",
   "geometry": {
    "type": "Point",
    "coordinates": [
     -98.99150468,
     31.67874766
    ]
   },
   "properties": {
    "id": "vha_674GB",
    "name": "Brownwood VA Clinic",
    "facility_type": "va_health_facility",
    "classification": "Primary Care CBOC",
    "zip5": "76801",
    "city": "Brownwood",
    "state": "TX",
    "visn": "17",
    "health_care_system": "VA Central Texas health care",
    "operating_status": "NORMAL",
    "operating_status_info": null,
    "county_fips": null,
    "county_source": null,
    "market": null
   }
  },
  {
   "type": "Feature",
   "id": "vha_674GC",
   "geometry": {
    "type": "Point",
    "coordinates": [
     -96.28974084,
     30.5828319
    ]
   },
   "properties": {
    "id": "vha_674GC",
    "name": "Bryan VA Clinic",
    "facility_type": "va_health_facility",
    "classification": "Primary Care CBOC",
    "zip5": "77845",
    "city": "College Station",
    "state": "TX",
    "visn": "17",
    "health_care_system": "VA Central Texas health care",
    "operating_status": "NORMAL",
    "operating_status_info": null,
    "county_fips": null,
    "county_source": null,
    "market": null
   }
  },
  {
   "type": "Feature",
   "id": "vha_674GD",
   "geometry": {
    "type": "Point",
    "coordinates": [
     -97.81286592,
     30.5310884
    ]
   },
   "properties": {
    "id": "vha_674GD",
    "name": "Cedar Park VA Clinic",
    "facility_type": "va_health_facility",
    "classification": "Primary Care CBOC",
    "zip5": "78613",
    "city": "Cedar Park",
    "state": "TX",
    "visn": "17",
    "health_care_system": "VA Central Texas health care",
    "operating_status": "NORMAL",
    "operating_status_info": null,
    "county_fips": null,
    "county_source": null,
    "market": null
   }
  },
  {
   "type": "Feature",
   "id": "vha_674GF",
   "geometry": {
    "type": "Point",
    "coordinates": [
     -97.39836189,
     31.08680036
    ]
   },
   "properties": {
    "id": "vha_674GF",
    "name": "Temple VA Clinic",
    "facility_type": "va_health_facility",
    "classification": "Primary Care CBOC",
    "zip5": "76502",
    "city": "Temple",
    "state": "TX",
    "visn": "17",
    "health_care_system": "VA Central Texas health care",
    "operating_status": "NORMAL",
    "operating_status_info": null,
    "county_fips": null,
    "county_source": null,
    "market": null
   }
  },
  {
   "type": "Feature",
   "id": "vha_674GG",
   "geometry": {
    "type": "Point",
    "coordinates": [
     -97.90953412,
     31.11405308
    ]
   },
   "properties": {
    "id": "vha_674GG",
    "name": "Copperas Cove VA Clinic",
    "facility_type": "va_health_facility",
    "classification": "Primary Care CBOC",
    "zip5": "76522",
    "city": "Copperas Cove",
    "state": "TX",
    "visn": "17",
    "health_care_system": "VA Central Texas health care",
    "operating_status": "NORMAL",
    "operating_status_info": null,
    "county_fips": null,
    "county_source": null,
    "market": null
   }
  },
  {
   "type": "Feature",
   "id": "vha_674GH",
   "geometry": {
    "type": "Point",
    "coordinates": [
     -97.72254812,
     31.11405848
    ]
   },
   "properties": {
    "id": "vha_674GH",
    "name": "Killeen VA Clinic",
    "facility_type": "va_health_facility",
    "classification": "Primary Care CBOC",
    "zip5": "76541",
    "city": "Killeen",
    "state": "TX",
    "visn": "17",
    "health_care_system": "VA Central Texas health care",
    "operating_status": "NORMAL",
    "operating_status_info": null,
    "county_fips": null,
    "county_source": null,
    "market": null
   }
  },
  {
   "type": "Feature",
   "id": "vha_674HB",
   "geometry": {
    "type": "Point",
    "coordinates": [
     -96.87528,
     29.93610753
    ]
   },
   "properties": {
    "id": "vha_674HB",
    "name": "LaGrange VA Clinic",
    "facility_type": "va_health_facility",
    "classification": "Primary Care CBOC",
    "zip5": "78945",
    "city": "LaGrange",
    "state": "TX",
    "visn": "17",
    "health_care_system": "VA Central Texas health care",
    "operating_status": "NORMAL",
    "operating_status_info": null,
    "county_fips": null,
    "county_source": null,
    "market": null
   }
  },
  {
   "type": "Feature",
   "id": "vha_674QA",
   "geometry": {
    "type": "Point",
    "coordinates": [
     -97.34863932,
     31.07943964
    ]
   },
   "properties": {
    "id": "vha_674QA",
    "name": "Temple VA Mobile Medical Unit",
    "facility_type": "va_health_facility",
    "classification": "Other Outpatient Services (OOS)",
    "zip5": "76504",
    "city": "Temple",
    "state": "TX",
    "visn": "17",
    "health_care_system": "VA Central Texas health care",
    "operating_status": "NORMAL",
    "operating_status_info": null,
    "county_fips": null,
    "county_source": null,
    "market": null
   }
  },
  {
   "type": "Feature",
   "id": "vha_674QB",
   "geometry": {
    "type": "Point",
    "coordinates": [
     -97.69021869,
     30.20774544
    ]
   },
   "properties": {
    "id": "vha_674QB",
    "name": "Austin VA Mobile Medical Unit",
    "facility_type": "va_health_facility",
    "classification": "Other Outpatient Services (OOS)",
    "zip5": "78744",
    "city": "Austin",
    "state": "TX",
    "visn": "17",
    "health_care_system": "VA Central Texas health care",
    "operating_status": "NORMAL",
    "operating_status_info": null,
    "county_fips": null,
    "county_source": null,
    "market": null
   }
  },
  {
   "type": "Feature",
   "id": "vha_675",
   "geometry": {
    "type": "Point",
    "coordinates": [
     -81.27646415,
     28.36668938
    ]
   },
   "properties": {
    "id": "vha_675",
    "name": "Orlando VA Medical Center",
    "facility_type": "va_health_facility",
    "classification": "VA Medical Center (VAMC)",
    "zip5": "32827",
    "city": "Orlando",
    "state": "FL",
    "visn": "8",
    "health_care_system": "VA Orlando health care",
    "operating_status": "NORMAL",
    "operating_status_info": null,
    "county_fips": null,
    "county_source": null,
    "market": null
   }
  },
  {
   "type": "Feature",
   "id": "vha_675GA",
   "geometry": {
    "type": "Point",
    "coordinates": [
     -80.73810655,
     28.25527705
    ]
   },
   "properties": {
    "id": "vha_675GA",
    "name": "Viera VA Clinic",
    "facility_type": "va_health_facility",
    "classification": "Multi-Specialty CBOC",
    "zip5": "32940",
    "city": "Viera",
    "state": "FL",
    "visn": "8",
    "health_care_system": "VA Orlando health care",
    "operating_status": "NORMAL",
    "operating_status_info": null,
    "county_fips": null,
    "county_source": null,
    "market": null
   }
  },
  {
   "type": "Feature",
   "id": "vha_675GB",
   "geometry": {
    "type": "Point",
    "coordinates": [
     -81.099936,
     29.229696
    ]
   },
   "properties": {
    "id": "vha_675GB",
    "name": "Daytona Beach VA Clinic",
    "facility_type": "va_health_facility",
    "classification": "Multi-Specialty CBOC",
    "zip5": "32117",
    "city": "Daytona Beach",
    "state": "FL",
    "visn": "8",
    "health_care_system": "VA Orlando health care",
    "operating_status": "NORMAL",
    "operating_status_info": null,
    "county_fips": null,
    "county_source": null,
    "market": null
   }
  },
  {
   "type": "Feature",
   "id": "vha_675GC",
   "geometry": {
    "type": "Point",
    "coordinates": [
     -81.40560053,
     28.2971397
    ]
   },
   "properties": {
    "id": "vha_675GC",
    "name": "Kissimmee VA Clinic",
    "facility_type": "va_health_facility",
    "classification": "Primary Care CBOC",
    "zip5": "34741",
    "city": "Kissimmee",
    "state": "FL",
    "visn": "8",
    "health_care_system": "VA Orlando health care",
    "operating_status": "NORMAL",
    "operating_status_info": null,
    "county_fips": null,
    "county_source": null,
    "market": null
   }
  },
  {
   "type": "Feature",
   "id": "vha_675GD",
   "geometry": {
    "type": "Point",
    "coordinates": [
     -81.27161014,
     28.89575302
    ]
   },
   "properties": {
    "id": "vha_675GD",
    "name": "Deltona VA Clinic",
    "facility_type": "va_health_facility",
    "classification": "Multi-Specialty CBOC",
    "zip5": "32725",
    "city": "Deltona",
    "state": "FL",
    "visn": "8",
    "health_care_system": "VA Orlando health care",
    "operating_status": "NORMAL",
    "operating_status_info": null,
    "county_fips": null,
    "county_source": null,
    "market": null
   }
  },
  {
   "type": "Feature",
   "id": "vha_675GE",
   "geometry": {
    "type": "Point",
    "coordinates": [
     -81.71294394,
     28.82177702
    ]
   },
   "properties": {
    "id": "vha_675GE",
    "name": "Tavares VA Clinic",
    "facility_type": "va_health_facility",
    "classification": "Multi-Specialty CBOC",
    "zip5": "32778",
    "city": "Tavares",
    "state": "FL",
    "visn": "8",
    "health_care_system": "VA Orlando health care",
    "operating_status": "NORMAL",
    "operating_status_info": null,
    "county_fips": null,
    "county_source": null,
    "market": null
   }
  },
  {
   "type": "Feature",
   "id": "vha_675GF",
   "geometry": {
    "type": "Point",
    "coordinates": [
     -81.72760659,
     28.52198066
    ]
   },
   "properties": {
    "id": "vha_675GF",
    "name": "Clermont VA Clinic",
    "facility_type": "va_health_facility",
    "classification": "Multi-Specialty CBOC",
    "zip5": "34711",
    "city": "Clermont",
    "state": "FL",
    "visn": "8",
    "health_care_system": "VA Orlando health care",
    "operating_status": "NORMAL",
    "operating_status_info": null,
    "county_fips": null,
    "county_source": null,
    "market": null
   }
  },
  {
   "type": "Feature",
   "id": "vha_675GG",
   "geometry": {
    "type": "Point",
    "coordinates": [
     -81.32164141,
     28.57912348
    ]
   },
   "properties": {
    "id": "vha_675GG",
    "name": "Lake Baldwin VA Clinic",
    "facility_type": "va_health_facility",
    "classification": "VA Medical Center (VAMC)",
    "zip5": "32803",
    "city": "Orlando",
    "state": "FL",
    "visn": "8",
    "health_care_system": "VA Orlando health care",
    "operating_status": "NORMAL",
    "operating_status_info": null,
    "county_fips": null,
    "county_source": null,
    "market": null
   }
  },
  {
   "type": "Feature",
   "id": "vha_675QB",
   "geometry": {
    "type": "Point",
    "coordinates": [
     -81.03516061,
     29.14561908
    ]
   },
   "properties": {
    "id": "vha_675QB",
    "name": "Port Orange VA Clinic",
    "facility_type": "va_health_facility",
    "classification": "Other Outpatient Services (OOS)",
    "zip5": "32129",
    "city": "Port Orange",
    "state": "FL",
    "visn": "8",
    "health_care_system": "VA Orlando health care",
    "operating_status": "NORMAL",
    "operating_status_info": null,
    "county_fips": null,
    "county_source": null,
    "market": null
   }
  },
  {
   "type": "Feature",
   "id": "vha_675QC",
   "geometry": {
    "type": "Point",
    "coordinates": [
     -81.07549219,
     29.20365
    ]
   },
   "properties": {
    "id": "vha_675QC",
    "name": "Westside Pavilion VA Clinic",
    "facility_type": "va_health_facility",
    "classification": "Other Outpatient Services (OOS)",
    "zip5": "32114",
    "city": "Daytona Beach",
    "state": "FL",
    "visn": "8",
    "health_care_system": "VA Orlando health care",
    "operating_status": "NORMAL",
    "operating_status_info": null,
    "county_fips": null,
    "county_source": null,
    "market": null
   }
  },
  {
   "type": "Feature",
   "id": "vha_675QE",
   "geometry": {
    "type": "Point",
    "coordinates": [
     -81.32164141,
     28.57912348
    ]
   },
   "properties": {
    "id": "vha_675QE",
    "name": "Orlando 1 VA Mobile Medical Unit",
    "facility_type": "va_health_facility",
    "classification": "Other Outpatient Services (OOS)",
    "zip5": "32803",
    "city": "Orlando",
    "state": "FL",
    "visn": "8",
    "health_care_system": "VA Orlando health care",
    "operating_status": "TEMPORARY_CLOSURE",
    "operating_status_info": "Does not exist.",
    "county_fips": null,
    "county_source": null,
    "market": null
   }
  },
  {
   "type": "Feature",
   "id": "vha_675QG",
   "geometry": {
    "type": "Point",
    "coordinates": [
     -80.62218837,
     28.0212942
    ]
   },
   "properties": {
    "id": "vha_675QG",
    "name": "Palm Bay VA Clinic",
    "facility_type": "va_health_facility",
    "classification": "Primary Care CBOC",
    "zip5": "32905",
    "city": "Palm Bay",
    "state": "FL",
    "visn": "8",
    "health_care_system": "VA Orlando health care",
    "operating_status": "TEMPORARY_CLOSURE",
    "operating_status_info": "Here's some content",
    "county_fips": null,
    "county_source": null,
    "market": null
   }
  },
  {
   "type": "Feature",
   "id": "vha_675QI",
   "geometry": {
    "type": "Point",
    "coordinates": [
     -81.27624023,
     28.3668384
    ]
   },
   "properties": {
    "id": "vha_675QI",
    "name": "Orlando 3 VA Mobile Medical Unit",
    "facility_type": "va_health_facility",
    "classification": "Other Outpatient Services (OOS)",
    "zip5": "32827",
    "city": "Orlando",
    "state": "FL",
    "visn": "8",
    "health_care_system": "VA Orlando health care",
    "operating_status": "NORMAL",
    "operating_status_info": null,
    "county_fips": null,
    "county_source": null,
    "market": null
   }
  },
  {
   "type": "Feature",
   "id": "vha_676",
   "geometry": {
    "type": "Point",
    "coordinates": [
     -90.49391066,
     44.00110847
    ]
   },
   "properties": {
    "id": "vha_676",
    "name": "Tomah VA Medical Center",
    "facility_type": "va_health_facility",
    "classification": "VA Medical Center (VAMC)",
    "zip5": "54660",
    "city": "Tomah",
    "state": "WI",
    "visn": "12",
    "health_care_system": "VA Tomah health care",
    "operating_status": "NORMAL",
    "operating_status_info": null,
    "county_fips": null,
    "county_source": null,
    "market": null
   }
  },
  {
   "type": "Feature",
   "id": "vha_676GA",
   "geometry": {
    "type": "Point",
    "coordinates": [
     -89.610255,
     44.897049
    ]
   },
   "properties": {
    "id": "vha_676GA",
    "name": "Wausau VA Clinic",
    "facility_type": "va_health_facility",
    "classification": "Multi-Specialty CBOC",
    "zip5": "54474",
    "city": "Rothschild",
    "state": "WI",
    "visn": "12",
    "health_care_system": "VA Tomah health care",
    "operating_status": "NORMAL",
    "operating_status_info": null,
    "county_fips": null,
    "county_source": null,
    "market": null
   }
  },
  {
   "type": "Feature",
   "id": "vha_676GC",
   "geometry": {
    "type": "Point",
    "coordinates": [
     -91.195578,
     43.867818
    ]
   },
   "properties": {
    "id": "vha_676GC",
    "name": "La Crosse VA Clinic",
    "facility_type": "va_health_facility",
    "classification": "Multi-Specialty CBOC",
    "zip5": "54601",
    "city": "La Crosse",
    "state": "WI",
    "visn": "12",
    "health_care_system": "VA Tomah health care",
    "operating_status": "NORMAL",
    "operating_status_info": null,
    "county_fips": null,
    "county_source": null,
    "market": null
   }
  },
  {
   "type": "Feature",
   "id": "vha_676GD",
   "geometry": {
    "type": "Point",
    "coordinates": [
     -89.83231176,
     44.3929666
    ]
   },
   "properties": {
    "id": "vha_676GD",
    "name": "Wisconsin Rapids VA Clinic",
    "facility_type": "va_health_facility",
    "classification": "Multi-Specialty CBOC",
    "zip5": "54495",
    "city": "Wisconsin Rapids",
    "state": "WI",
    "visn": "12",
    "health_care_system": "VA Tomah health care",
    "operating_status": "NORMAL",
    "operating_status_info": null,
    "county_fips": null,
    "county_source": null,
    "market": null
   }
  },
  {
   "type": "Feature",
   "id": "vha_676GE",
   "geometry": {
    "type": "Point",
    "coordinates": [
     -90.54787784,
     44.94588209
    ]
   },
   "properties": {
    "id": "vha_676GE",
    "name": "Clark County VA Clinic",
    "facility_type": "va_health_facility",
    "classification": "Other Outpatient Services (OOS)",
    "zip5": "54460",
    "city": "Owen",
    "state": "WI",
    "visn": "12",
    "health_care_system": "VA Tomah health care",
    "operating_status": "NORMAL",
    "operating_status_info": null,
    "county_fips": null,
    "county_source": null,
    "market": null
   }
  },
  {
   "type": "Feature",
   "id": "vha_676PA",
   "geometry": {
    "type": "Point",
    "coordinates": [
     -90.493911,
     44.001168
    ]
   },
   "properties": {
    "id": "vha_676PA",
    "name": "La Crosse VA Compensated Work Therapy/Transitional Residence",
    "facility_type": "va_health_facility",
    "classification": "Other Outpatient Services (OOS)",
    "zip5": null,
    "city": null,
    "state": null,
    "visn": "12",
    "health_care_system": "VA Tomah health care",
    "operating_status": "NORMAL",
    "operating_status_info": null,
    "county_fips": null,
    "county_source": null,
    "market": null
   }
  },
  {
   "type": "Feature",
   "id": "vha_678",
   "geometry": {
    "type": "Point",
    "coordinates": [
     -110.96825852,
     32.18110796
    ]
   },
   "properties": {
    "id": "vha_678",
    "name": "Tucson VA Medical Center",
    "facility_type": "va_health_facility",
    "classification": "VA Medical Center (VAMC)",
    "zip5": "85723",
    "city": "Tucson",
    "state": "AZ",
    "visn": "22",
    "health_care_system": "VA Southern Arizona health care",
    "operating_status": "NORMAL",
    "operating_status_info": null,
    "county_fips": null,
    "county_source": null,
    "market": null
   }
  },
  {
   "type": "Feature",
   "id": "vha_678GA",
   "geometry": {
    "type": "Point",
    "coordinates": [
     -110.27747906,
     31.5557658
    ]
   },
   "properties": {
    "id": "vha_678GA",
    "name": "Sierra Vista VA Clinic",
    "facility_type": "va_health_facility",
    "classification": "Multi-Specialty CBOC",
    "zip5": "85635",
    "city": "Sierra Vista",
    "state": "AZ",
    "visn": "22",
    "health_care_system": "VA Southern Arizona health care",
    "operating_status": "NORMAL",
    "operating_status_info": null,
    "county_fips": null,
    "county_source": null,
    "market": null
   }
  },
  {
   "type": "Feature",
   "id": "vha_678GB",
   "geometry": {
    "type": "Point",
    "coordinates": [
     -114.62446942,
     32.67086995
    ]
   },
   "properties": {
    "id": "vha_678GB",
    "name": "Yuma VA Clinic",
    "facility_type": "va_health_facility",
    "classification": "Multi-Specialty CBOC",
    "zip5": "85364",
    "city": "Yuma",
    "state": "AZ",
    "visn": "22",
    "health_care_system": "VA Southern Arizona health care",
    "operating_status": "NORMAL",
    "operating_status_info": null,
    "county_fips": null,
    "county_source": null,
    "market": null
   }
  },
  {
   "type": "Feature",
   "id": "vha_678GC",
   "geometry": {
    "type": "Point",
    "coordinates": [
     -111.70675032,
     32.88167745
    ]
   },
   "properties": {
    "id": "vha_678GC",
    "name": "Casa Grande VA Clinic",
    "facility_type": "va_health_facility",
    "classification": "Multi-Specialty CBOC",
    "zip5": "85122",
    "city": "Casa Grande",
    "state": "AZ",
    "visn": "22",
    "health_care_system": "VA Southern Arizona health care",
    "operating_status": "NORMAL",
    "operating_status_info": null,
    "county_fips": null,
    "county_source": null,
    "market": null
   }
  },
  {
   "type": "Feature",
   "id": "vha_678GD",
   "geometry": {
    "type": "Point",
    "coordinates": [
     -109.71599675,
     32.84108147
    ]
   },
   "properties": {
    "id": "vha_678GD",
    "name": "Safford VA Clinic",
    "facility_type": "va_health_facility",
    "classification": "Other Outpatient Services (OOS)",
    "zip5": "85546",
    "city": "Safford",
    "state": "AZ",
    "visn": "22",
    "health_care_system": "VA Southern Arizona health care",
    "operating_status": "NORMAL",
    "operating_status_info": null,
    "county_fips": null,
    "county_source": null,
    "market": null
   }
  },
  {
   "type": "Feature",
   "id": "vha_678GE",
   "geometry": {
    "type": "Point",
    "coordinates": [
     -110.99776143,
     31.85417246
    ]
   },
   "properties": {
    "id": "vha_678GE",
    "name": "Green Valley VA Clinic",
    "facility_type": "va_health_facility",
    "classification": "Primary Care CBOC",
    "zip5": "85614",
    "city": "Green Valley",
    "state": "AZ",
    "visn": "22",
    "health_care_system": "VA Southern Arizona health care",
    "operating_status": "NORMAL",
    "operating_status_info": null,
    "county_fips": null,
    "county_source": null,
    "market": null
   }
  },
  {
   "type": "Feature",
   "id": "vha_678GF",
   "geometry": {
    "type": "Point",
    "coordinates": [
     -111.04990699,
     32.38085615
    ]
   },
   "properties": {
    "id": "vha_678GF",
    "name": "Northwest Tucson VA Clinic",
    "facility_type": "va_health_facility",
    "classification": "Multi-Specialty CBOC",
    "zip5": "85742",
    "city": "Tucson",
    "state": "AZ",
    "visn": "22",
    "health_care_system": "VA Southern Arizona health care",
    "operating_status": "NORMAL",
    "operating_status_info": null,
    "county_fips": null,
    "county_source": null,
    "market": null
   }
  },
  {
   "type": "Feature",
   "id": "vha_678GG",
   "geometry": {
    "type": "Point",
    "coordinates": [
     -110.772563,
     32.117616
    ]
   },
   "properties": {
    "id": "vha_678GG",
    "name": "Southeast Tucson VA Clinic",
    "facility_type": "va_health_facility",
    "classification": "Multi-Specialty CBOC",
    "zip5": "85747",
    "city": "Tucson",
    "state": "AZ",
    "visn": "22",
    "health_care_system": "VA Southern Arizona health care",
    "operating_status": "NORMAL",
    "operating_status_info": null,
    "county_fips": null,
    "county_source": null,
    "market": null
   }
  },
  {
   "type": "Feature",
   "id": "vha_678GH",
   "geometry": {
    "type": "Point",
    "coordinates": [
     -110.35186,
     31.549865
    ]
   },
   "properties": {
    "id": "vha_678GH",
    "name": "Fort Huachuca VA Clinic",
    "facility_type": "va_health_facility",
    "classification": "Primary Care CBOC",
    "zip5": "85613",
    "city": "Fort Huachuca",
    "state": "AZ",
    "visn": "22",
    "health_care_system": null,
    "operating_status": "NORMAL",
    "operating_status_info": null,
    "county_fips": null,
    "county_source": null,
    "market": null
   }
  },
  {
   "type": "Feature",
   "id": "vha_678QA",
   "geometry": {
    "type": "Point",
    "coordinates": [
     -110.27565932,
     31.55688802
    ]
   },
   "properties": {
    "id": "vha_678QA",
    "name": "Cochise County VA Clinic",
    "facility_type": "va_health_facility",
    "classification": "Other Outpatient Services (OOS)",
    "zip5": "85635",
    "city": "Sierra Vista",
    "state": "AZ",
    "visn": "22",
    "health_care_system": "VA Southern Arizona health care",
    "operating_status": "NORMAL",
    "operating_status_info": null,
    "county_fips": null,
    "county_source": null,
    "market": null
   }
  },
  {
   "type": "Feature",
   "id": "vha_678QB",
   "geometry": {
    "type": "Point",
    "coordinates": [
     -111.73612212,
     32.89404201
    ]
   },
   "properties": {
    "id": "vha_678QB",
    "name": "Pinal County VA Clinic",
    "facility_type": "va_health_facility",
    "classification": "Other Outpatient Services (OOS)",
    "zip5": "85122",
    "city": "Casa Grande",
    "state": "AZ",
    "visn": "22",
    "health_care_system": "VA Southern Arizona health care",
    "operating_status": "NORMAL",
    "operating_status_info": null,
    "county_fips": null,
    "county_source": null,
    "market": null
   }
  },
  {
   "type": "Feature",
   "id": "vha_678QC",
   "geometry": {
    "type": "Point",
    "coordinates": [
     -110.964933,
     32.180382
    ]
   },
   "properties": {
    "id": "vha_678QC",
    "name": "Tucson VA Mobile Medical Unit",
    "facility_type": "va_health_facility",
    "classification": "Other Outpatient Services (OOS)",
    "zip5": "85723",
    "city": "Tucson",
    "state": "AZ",
    "visn": "22",
    "health_care_system": "VA Southern Arizona health care",
    "operating_status": "NOTICE",
    "operating_status_info": "This is just a notice: Your Homeless Patient Aligned Care Team provider will work with you on getting scheduled for Mobile Medical Unit services.",
    "county_fips": null,
    "county_source": null,
    "market": null
   }
  },
  {
   "type": "Feature",
   "id": "vha_679",
   "geometry": {
    "type": "Point",
    "coordinates": [
     -87.488226,
     33.190146
    ]
   },
   "properties": {
    "id": "vha_679",
    "name": "Tuscaloosa VA Medical Center",
    "facility_type": "va_health_facility",
    "classification": "VA Medical Center (VAMC)",
    "zip5": "35404",
    "city": "Tuscaloosa",
    "state": "AL",
    "visn": "7",
    "health_care_system": "VA Tuscaloosa health care",
    "operating_status": "NORMAL",
    "operating_status_info": null,
    "county_fips": null,
    "county_source": null,
    "market": null
   }
  },
  {
   "type": "Feature",
   "id": "vha_679GA",
   "geometry": {
    "type": "Point",
    "coordinates": [
     -87.05692672,
     32.40531246
    ]
   },
   "properties": {
    "id": "vha_679GA",
    "name": "Selma VA Clinic",
    "facility_type": "va_health_facility",
    "classification": "Primary Care CBOC",
    "zip5": "36701",
    "city": "Selma",
    "state": "AL",
    "visn": "7",
    "health_care_system": "VA Tuscaloosa health care",
    "operating_status": "NORMAL",
    "operating_status_info": null,
    "county_fips": null,
    "county_source": null,
    "market": null
   }
  },
  {
   "type": "Feature",
   "id": "vha_687",
   "geometry": {
    "type": "Point",
    "coordinates": [
     -118.35545797,
     46.05323845
    ]
   },
   "properties": {
    "id": "vha_687",
    "name": "Jonathan M. Wainwright Memorial VA Medical Center",
    "facility_type": "va_health_facility",
    "classification": "VA Medical Center (VAMC)",
    "zip5": "99362",
    "city": "Walla Walla",
    "state": "WA",
    "visn": "20",
    "health_care_system": "VA Walla Walla health care",
    "operating_status": "NORMAL",
    "operating_status_info": null,
    "county_fips": null,
    "county_source": null,
    "market": null
   }
  },
  {
   "type": "Feature",
   "id": "vha_687GA",
   "geometry": {
    "type": "Point",
    "coordinates": [
     -119.27528374,
     46.27710017
    ]
   },
   "properties": {
    "id": "vha_687GA",
    "name": "Richland VA Clinic",
    "facility_type": "va_health_facility",
    "classification": "Primary Care CBOC",
    "zip5": "99352",
    "city": "Richland",
    "state": "WA",
    "visn": "20",
    "health_care_system": "VA Walla Walla health care",
    "operating_status": "NORMAL",
    "operating_status_info": null,
    "county_fips": null,
    "county_source": null,
    "market": null
   }
  },
  {
   "type": "Feature",
   "id": "vha_687GB",
   "geometry": {
    "type": "Point",
    "coordinates": [
     -117.00832927,
     46.39729031
    ]
   },
   "properties": {
    "id": "vha_687GB",
    "name": "Lewiston VA Clinic",
    "facility_type": "va_health_facility",
    "classification": "Primary Care CBOC",
    "zip5": "83501",
    "city": "Lewiston",
    "state": "ID",
    "visn": "20",
    "health_care_system": "VA Walla Walla health care",
    "operating_status": "NOTICE",
    "operating_status_info": "Effective April 3, face masks are currently optional when entering any building. If you are ill, please wear a mask. If you would like to staff member to wear a mask, please ask.",
    "county_fips": null,
    "county_source": null,
    "market": null
   }
  },
  {
   "type": "Feature",
   "id": "vha_687GC",
   "geometry": {
    "type": "Point",
    "coordinates": [
     -118.08637105,
     45.3139126
    ]
   },
   "properties": {
    "id": "vha_687GC",
    "name": "La Grande VA Clinic",
    "facility_type": "va_health_facility",
    "classification": "Primary Care CBOC",
    "zip5": "97850",
    "city": "La Grande",
    "state": "OR",
    "visn": "20",
    "health_care_system": "VA Walla Walla health care",
    "operating_status": "LIMITED",
    "operating_status_info": "This is limited",
    "county_fips": null,
    "county_source": null,
    "market": null
   }
  },
  {
   "type": "Feature",
   "id": "vha_687HA",
   "geometry": {
    "type": "Point",
    "coordinates": [
     -120.49242979,
     46.55667198
    ]
   },
   "properties": {
    "id": "vha_687HA",
    "name": "Yakima Valley VA Clinic",
    "facility_type": "va_health_facility",
    "classification": "Primary Care CBOC",
    "zip5": "98903",
    "city": "Union Gap",
    "state": "WA",
    "visn": "20",
    "health_care_system": "VA Walla Walla health care",
    "operating_status": "CLOSED",
    "operating_status_info": "Closed",
    "county_fips": null,
    "county_source": null,
    "market": null
   }
  },
  {
   "type": "Feature",
   "id": "vha_687QB",
   "geometry": {
    "type": "Point",
    "coordinates": [
     -119.69359143,
     45.84775042
    ]
   },
   "properties": {
    "id": "vha_687QB",
    "name": "Morrow County VA Clinic",
    "facility_type": "va_health_facility",
    "classification": "Other Outpatient Services (OOS)",
    "zip5": "97818",
    "city": "Boardman",
    "state": "OR",
    "visn": "20",
    "health_care_system": "VA Walla Walla health care",
    "operating_status": "LIMITED",
    "operating_status_info": "The clinic is open 8 a.m. - 4:30 p.m. Tuesdays for appointments. Clinic staff are available Monday as well as Wednesday through Friday for telephone and VA Video Connect services.",
    "county_fips": null,
    "county_source": null,
    "market": null
   }
  },
  {
   "type": "Feature",
   "id": "vha_688",
   "geometry": {
    "type": "Point",
    "coordinates": [
     -77.0111955,
     38.929401
    ]
   },
   "properties": {
    "id": "vha_688",
    "name": "Washington VA Medical Center",
    "facility_type": "va_health_facility",
    "classification": "VA Medical Center (VAMC)",
    "zip5": "20422",
    "city": "Washington",
    "state": "DC",
    "visn": "5",
    "health_care_system": "VA Washington DC health care",
    "operating_status": "NORMAL",
    "operating_status_info": null,
    "county_fips": null,
    "county_source": null,
    "market": null
   }
  },
  {
   "type": "Feature",
   "id": "vha_688GA",
   "geometry": {
    "type": "Point",
    "coordinates": [
     -77.14006651,
     38.70478797
    ]
   },
   "properties": {
    "id": "vha_688GA",
    "name": "Fort Belvoir VA Clinic",
    "facility_type": "va_health_facility",
    "classification": "Multi-Specialty CBOC",
    "zip5": "22060",
    "city": "Fort Belvoir",
    "state": "VA",
    "visn": "5",
    "health_care_system": "VA Washington DC health care",
    "operating_status": "NOTICE",
    "operating_status_info": "The Fort Belvoir Clinic is open for telehealth, phone appointments and limited face-to-face appointments at this time.  Phone 202-745-8000, option 2 to make a routine appointment.",
    "county_fips": null,
    "county_source": null,
    "market": null
   }
  },
  {
   "type": "Feature",
   "id": "vha_688GB",
   "geometry": {
    "type": "Point",
    "coordinates": [
     -76.9924845,
     38.829393
    ]
   },
   "properties": {
    "id": "vha_688GB",
    "name": "Southeast Washington VA Clinic",
    "facility_type": "va_health_facility",
    "classification": "Primary Care CBOC",
    "zip5": "20032",
    "city": "Washington",
    "state": "DC",
    "visn": "5",
    "health_care_system": "VA Washington DC health care",
    "operating_status": "NORMAL",
    "operating_status_info": null,
    "county_fips": null,
    "county_source": null,
    "market": null
   }
  },
  {
   "type": "Feature",
   "id": "vha_688GD",
   "geometry": {
    "type": "Point",
    "coordinates": [
     -76.77509546,
     38.48311657
    ]
   },
   "properties": {
    "id": "vha_688GD",
    "name": "Charlotte Hall VA Clinic",
    "facility_type": "va_health_facility",
    "classification": "Multi-Specialty CBOC",
    "zip5": "20622",
    "city": "Charlotte Hall",
    "state": "MD",
    "visn": "5",
    "health_care_system": "VA Washington DC health care",
    "operating_status": "NORMAL",
    "operating_status_info": null,
    "county_fips": null,
    "county_source": null,
    "market": null
   }
  },
  {
   "type": "Feature",
   "id": "vha_688GE",
   "geometry": {
    "type": "Point",
    "coordinates": [
     -76.899096,
     38.808405
    ]
   },
   "properties": {
    "id": "vha_688GE",
    "name": "Southern Prince George's County VA Clinic",
    "facility_type": "va_health_facility",
    "classification": "Primary Care CBOC",
    "zip5": "20746",
    "city": "Camp Springs",
    "state": "MD",
    "visn": "5",
    "health_care_system": "VA Washington DC health care",
    "operating_status": "NORMAL",
    "operating_status_info": null,
    "county_fips": null,
    "county_source": null,
    "market": null
   }
  },
  {
   "type": "Feature",
   "id": "vha_688GF",
   "geometry": {
    "type": "Point",
    "coordinates": [
     -77.1908805,
     39.115062
    ]
   },
   "properties": {
    "id": "vha_688GF",
    "name": "Montgomery County VA Clinic",
    "facility_type": "va_health_facility",
    "classification": "Multi-Specialty CBOC",
    "zip5": "20877",
    "city": "Gaithersburg",
    "state": "MD",
    "visn": "5",
    "health_care_system": "VA Washington DC health care",
    "operating_status": "NORMAL",
    "operating_status_info": null,
    "county_fips": null,
    "county_source": null,
    "market": null
   }
  },
  {
   "type": "Feature",
   "id": "vha_688GG",
   "geometry": {
    "type": "Point",
    "coordinates": [
     -76.4050095,
     38.259315
    ]
   },
   "properties": {
    "id": "vha_688GG",
    "name": "Lexington Park VA Clinic",
    "facility_type": "va_health_facility",
    "classification": "Primary Care CBOC",
    "zip5": "20653",
    "city": "Lexington Park",
    "state": "MD",
    "visn": "5",
    "health_care_system": "VA Washington DC health care",
    "operating_status": "NORMAL",
    "operating_status_info": null,
    "county_fips": null,
    "county_source": null,
    "market": null
   }
  },
  {
   "type": "Feature",
   "id": "vha_688QA",
   "geometry": {
    "type": "Point",
    "coordinates": [
     -76.983624,
     38.926008
    ]
   },
   "properties": {
    "id": "vha_688QA",
    "name": "Franklin Street VA Clinic",
    "facility_type": "va_health_facility",
    "classification": "Other Outpatient Services (OOS)",
    "zip5": "20018",
    "city": "Washington",
    "state": "DC",
    "visn": "5",
    "health_care_system": "VA Washington DC health care",
    "operating_status": "NORMAL",
    "operating_status_info": null,
    "county_fips": null,
    "county_source": null,
    "market": null
   }
  },
  {
   "type": "Feature",
   "id": "vha_689",
   "geometry": {
    "type": "Point",
    "coordinates": [
     -72.95730126,
     41.28432479
    ]
   },
   "properties": {
    "id": "vha_689",
    "name": "West Haven VA Medical Center",
    "facility_type": "va_health_facility",
    "classification": "VA Medical Center (VAMC)",
    "zip5": "06516",
    "city": "West Haven",
    "state": "CT",
    "visn": "1",
    "health_care_system": "VA Connecticut health care",
    "operating_status": "NORMAL",
    "operating_status_info": null,
    "county_fips": null,
    "county_source": null,
    "market": null
   }
  },
  {
   "type": "Feature",
   "id": "vha_689A4",
   "geometry": {
    "type": "Point",
    "coordinates": [
     -72.737856,
     41.702148
    ]
   },
   "properties": {
    "id": "vha_689A4",
    "name": "Newington VA Clinic",
    "facility_type": "va_health_facility",
    "classification": "Multi-Specialty CBOC",
    "zip5": "06111",
    "city": "Newington",
    "state": "CT",
    "visn": "1",
    "health_care_system": "VA Connecticut health care",
    "operating_status": "NORMAL",
    "operating_status_info": null,
    "county_fips": null,
    "county_source": null,
    "market": null
   }
  },
  {
   "type": "Feature",
   "id": "vha_689BW",
   "geometry": {
    "type": "Point",
    "coordinates": [
     -72.94858262,
     41.31580969
    ]
   },
   "properties": {
    "id": "vha_689BW",
    "name": "Maple Street VA Domiciliary",
    "facility_type": "va_health_facility",
    "classification": "Residential Care Site (MH RRTP/DRRTP) (Stand-Alone)",
    "zip5": "06511",
    "city": "New Haven",
    "state": "CT",
    "visn": "1",
    "health_care_system": "VA Connecticut health care",
    "operating_status": "NORMAL",
    "operating_status_info": null,
    "county_fips": null,
    "county_source": null,
    "market": null
   }
  },
  {
   "type": "Feature",
   "id": "vha_689BX",
   "geometry": {
    "type": "Point",
    "coordinates": [
     -72.948192,
     41.31317751
    ]
   },
   "properties": {
    "id": "vha_689BX",
    "name": "Norton Street VA Domiciliary",
    "facility_type": "va_health_facility",
    "classification": "Residential Care Site (MH RRTP/DRRTP) (Stand-Alone)",
    "zip5": "06511",
    "city": "New Haven",
    "state": "CT",
    "visn": "1",
    "health_care_system": "VA Connecticut health care",
    "operating_status": "NORMAL",
    "operating_status_info": null,
    "county_fips": null,
    "county_source": null,
    "market": null
   }
  },
  {
   "type": "Feature",
   "id": "vha_689GA",
   "geometry": {
    "type": "Point",
    "coordinates": [
     -73.03735278,
     41.55361819
    ]
   },
   "properties": {
    "id": "vha_689GA",
    "name": "Waterbury VA Clinic",
    "facility_type": "va_health_facility",
    "classification": "Primary Care CBOC",
    "zip5": "06706",
    "city": "Waterbury",
    "state": "CT",
    "visn": "1",
    "health_care_system": "VA Connecticut health care",
    "operating_status": "NORMAL",
    "operating_status_info": null,
    "county_fips": null,
    "county_source": null,
    "market": null
   }
  },
  {
   "type": "Feature",
   "id": "vha_689GB",
   "geometry": {
    "type": "Point",
    "coordinates": [
     -73.5415515,
     41.061978
    ]
   },
   "properties": {
    "id": "vha_689GB",
    "name": "Stamford VA Clinic",
    "facility_type": "va_health_facility",
    "classification": "Primary Care CBOC",
    "zip5": "06905",
    "city": "Stamford",
    "state": "CT",
    "visn": "1",
    "health_care_system": "VA Connecticut health care",
    "operating_status": "NORMAL",
    "operating_status_info": null,
    "county_fips": null,
    "county_source": null,
    "market": null
   }
  },
  {
   "type": "Feature",
   "id": "vha_689GC",
   "geometry": {
    "type": "Point",
    "coordinates": [
     -72.22893143,
     41.71521922
    ]
   },
   "properties": {
    "id": "vha_689GC",
    "name": "Willimantic VA Clinic",
    "facility_type": "va_health_facility",
    "classification": "Primary Care CBOC",
    "zip5": "06226",
    "city": "Willimantic",
    "state": "CT",
    "visn": "1",
    "health_care_system": "VA Connecticut health care",
    "operating_status": "NORMAL",
    "operating_status_info": null,
    "county_fips": null,
    "county_source": null,
    "market": null
   }
  },
  {
   "type": "Feature",
   "id": "vha_689GD",
   "geometry": {
    "type": "Point",
    "coordinates": [
     -73.0757359,
     41.93038034
    ]
   },
   "properties": {
    "id": "vha_689GD",
    "name": "Winsted VA Clinic",
    "facility_type": "va_health_facility",
    "classification": "Primary Care CBOC",
    "zip5": "06098",
    "city": "Winsted",
    "state": "CT",
    "visn": "1",
    "health_care_system": "VA Connecticut health care",
    "operating_status": "NORMAL",
    "operating_status_info": null,
    "county_fips": null,
    "county_source": null,
    "market": null
   }
  },
  {
   "type": "Feature",
   "id": "vha_689GE",
   "geometry": {
    "type": "Point",
    "coordinates": [
     -73.43626847,
     41.40889422
    ]
   },
   "properties": {
    "id": "vha_689GE",
    "name": "Danbury VA Clinic",
    "facility_type": "va_health_facility",
    "classification": "Primary Care CBOC",
    "zip5": "06810",
    "city": "Danbury",
    "state": "CT",
    "visn": "1",
    "health_care_system": "VA Connecticut health care",
    "operating_status": "NORMAL",
    "operating_status_info": null,
    "county_fips": null,
    "county_source": null,
    "market": null
   }
  },
  {
   "type": "Feature",
   "id": "vha_689GF",
   "geometry": {
    "type": "Point",
    "coordinates": [
     -73.00023404,
     41.25795206
    ]
   },
   "properties": {
    "id": "vha_689GF",
    "name": "Orange VA Clinic",
    "facility_type": "va_health_facility",
    "classification": "Other Outpatient Services (OOS)",
    "zip5": "06477",
    "city": "Orange",
    "state": "CT",
    "visn": "1",
    "health_care_system": "VA Connecticut health care",
    "operating_status": "NORMAL",
    "operating_status_info": null,
    "county_fips": null,
    "county_source": null,
    "market": null
   }
  },
  {
   "type": "Feature",
   "id": "vha_689HC",
   "geometry": {
    "type": "Point",
    "coordinates": [
     -72.10078377,
     41.34614153
    ]
   },
   "properties": {
    "id": "vha_689HC",
    "name": "John J. McGuirk Department of Veterans Affairs Outpatient Clinic",
    "facility_type": "va_health_facility",
    "classification": "Multi-Specialty CBOC",
    "zip5": "06320",
    "city": "New London",
    "state": "CT",
    "visn": "1",
    "health_care_system": "VA Connecticut health care",
    "operating_status": "NORMAL",
    "operating_status_info": null,
    "county_fips": null,
    "county_source": null,
    "market": null
   }
  },
  {
   "type": "Feature",
   "id": "vha_689QA",
   "geometry": {
    "type": "Point",
    "coordinates": [
     -72.95469763,
     41.29676649
    ]
   },
   "properties": {
    "id": "vha_689QA",
    "name": "Errera VA Clinic",
    "facility_type": "va_health_facility",
    "classification": "Multi-Specialty CBOC",
    "zip5": "06516",
    "city": "West Haven",
    "state": "CT",
    "visn": "1",
    "health_care_system": "VA Connecticut health care",
    "operating_status": "NORMAL",
    "operating_status_info": null,
    "county_fips": null,
    "county_source": null,
    "market": null
   }
  },
  {
   "type": "Feature",
   "id": "vha_689QB",
   "geometry": {
    "type": "Point",
    "coordinates": [
     -72.9600435,
     41.282424
    ]
   },
   "properties": {
    "id": "vha_689QB",
    "name": "West Haven VA Mobile Medical Unit",
    "facility_type": "va_health_facility",
    "classification": "Other Outpatient Services (OOS)",
    "zip5": "06516",
    "city": "West Haven",
    "state": "CT",
    "visn": "1",
    "health_care_system": "VA Connecticut health care",
    "operating_status": "NORMAL",
    "operating_status_info": null,
    "county_fips": null,
    "county_source": null,
    "market": null
   }
  },
  {
   "type": "Feature",
   "id": "vha_691",
   "geometry": {
    "type": "Point",
    "coordinates": [
     -118.45846334,
     34.05243241
    ]
   },
   "properties": {
    "id": "vha_691",
    "name": "West Los Angeles VA Medical Center",
    "facility_type": "va_health_facility",
    "classification": "VA Medical Center (VAMC)",
    "zip5": "90073",
    "city": "Los Angeles",
    "state": "CA",
    "visn": "22",
    "health_care_system": "VA Greater Los Angeles health care",
    "operating_status": "NORMAL",
    "operating_status_info": null,
    "county_fips": null,
    "county_source": null,
    "market": null
   }
  },
  {
   "type": "Feature",
   "id": "vha_691A4",
   "geometry": {
    "type": "Point",
    "coordinates": [
     -118.48325017,
     34.24292261
    ]
   },
   "properties": {
    "id": "vha_691A4",
    "name": "Sepulveda VA Medical Center",
    "facility_type": "va_health_facility",
    "classification": "VA Medical Center (VAMC)",
    "zip5": "91343",
    "city": "Sepulveda",
    "state": "CA",
    "visn": "22",
    "health_care_system": "VA Greater Los Angeles health care",
    "operating_status": "NORMAL",
    "operating_status_info": null,
    "county_fips": null,
    "county_source": null,
    "market": null
   }
  },
  {
   "type": "Feature",
   "id": "vha_691GB",
   "geometry": {
    "type": "Point",
    "coordinates": [
     -119.77646095,
     34.44240299
    ]
   },
   "properties": {
    "id": "vha_691GB",
    "name": "Santa Barbara VA Clinic",
    "facility_type": "va_health_facility",
    "classification": "Primary Care CBOC",
    "zip5": "93110",
    "city": "Santa Barbara",
    "state": "CA",
    "visn": "22",
    "health_care_system": "VA Greater Los Angeles health care",
    "operating_status": "NORMAL",
    "operating_status_info": null,
    "county_fips": null,
    "county_source": null,
    "market": null
   }
  },
  {
   "type": "Feature",
   "id": "vha_691GD",
   "geometry": {
    "type": "Point",
    "coordinates": [
     -119.04254203,
     35.37581914
    ]
   },
   "properties": {
    "id": "vha_691GD",
    "name": "Bakersfield VA Clinic",
    "facility_type": "va_health_facility",
    "classification": "Multi-Specialty CBOC",
    "zip5": "93301",
    "city": "Bakersfield",
    "state": "CA",
    "visn": "22",
    "health_care_system": "VA Greater Los Angeles health care",
    "operating_status": "NORMAL",
    "operating_status_info": null,
    "county_fips": null,
    "county_source": null,
    "market": null
   }
  },
  {
   "type": "Feature",
   "id": "vha_691GE",
   "geometry": {
    "type": "Point",
    "coordinates": [
     -118.23847927,
     34.05149131
    ]
   },
   "properties": {
    "id": "vha_691GE",
    "name": "Los Angeles VA Clinic",
    "facility_type": "va_health_facility",
    "classification": "Multi-Specialty CBOC",
    "zip5": "90012",
    "city": "Los Angeles",
    "state": "CA",
    "visn": "22",
    "health_care_system": "VA Greater Los Angeles health care",
    "operating_status": "NORMAL",
    "operating_status_info": null,
    "county_fips": null,
    "county_source": null,
    "market": null
   }
  },
  {
   "type": "Feature",
   "id": "vha_691GF",
   "geometry": {
    "type": "Point",
    "coordinates": [
     -118.15522237,
     34.01553574
    ]
   },
   "properties": {
    "id": "vha_691GF",
    "name": "East Los Angeles VA Clinic",
    "facility_type": "va_health_facility",
    "classification": "Primary Care CBOC",
    "zip5": "90022",
    "city": "Commerce",
    "state": "CA",
    "visn": "22",
    "health_care_system": "VA Greater Los Angeles health care",
    "operating_status": "NORMAL",
    "operating_status_info": null,
    "county_fips": null,
    "county_source": null,
    "market": null
   }
  },
  {
   "type": "Feature",
   "id": "vha_691GG",
   "geometry": {
    "type": "Point",
    "coordinates": [
     -118.16129504,
     34.69044901
    ]
   },
   "properties": {
    "id": "vha_691GG",
    "name": "Antelope Valley VA Clinic",
    "facility_type": "va_health_facility",
    "classification": "Multi-Specialty CBOC",
    "zip5": "93534",
    "city": "Lancaster",
    "state": "CA",
    "visn": "22",
    "health_care_system": "VA Greater Los Angeles health care",
    "operating_status": "NORMAL",
    "operating_status_info": null,
    "county_fips": null,
    "county_source": null,
    "market": null
   }
  },
  {
   "type": "Feature",
   "id": "vha_691GK",
   "geometry": {
    "type": "Point",
    "coordinates": [
     -120.66041368,
     35.27924306
    ]
   },
   "properties": {
    "id": "vha_691GK",
    "name": "San Luis Obispo VA Clinic",
    "facility_type": "va_health_facility",
    "classification": "Multi-Specialty CBOC",
    "zip5": "93401",
    "city": "San Luis Obispo",
    "state": "CA",
    "visn": "22",
    "health_care_system": "VA Greater Los Angeles health care",
    "operating_status": "NORMAL",
    "operating_status_info": null,
    "county_fips": null,
    "county_source": null,
    "market": null
   }
  },
  {
   "type": "Feature",
   "id": "vha_691GL",
   "geometry": {
    "type": "Point",
    "coordinates": [
     -120.40748487,
     34.95274328
    ]
   },
   "properties": {
    "id": "vha_691GL",
    "name": "Santa Maria VA Clinic",
    "facility_type": "va_health_facility",
    "classification": "Multi-Specialty CBOC",
    "zip5": "93454",
    "city": "Santa Maria",
    "state": "CA",
    "visn": "22",
    "health_care_system": "VA Greater Los Angeles health care",
    "operating_status": "NORMAL",
    "operating_status_info": null,
    "county_fips": null,
    "county_source": null,
    "market": null
   }
  },
  {
   "type": "Feature",
   "id": "vha_691GP",
   "geometry": {
    "type": "Point",
    "coordinates": [
     -118.03227023,
     34.15108223
    ]
   },
   "properties": {
    "id": "vha_691GP",
    "name": "San Gabriel Valley VA Clinic",
    "facility_type": "va_health_facility",
    "classification": "Primary Care CBOC",
    "zip5": "91006",
    "city": "Arcadia",
    "state": "CA",
    "visn": "22",
    "health_care_system": "VA Greater Los Angeles health care",
    "operating_status": "NORMAL",
    "operating_status_info": null,
    "county_fips": null,
    "county_source": null,
    "market": null
   }
  },
  {
   "type": "Feature",
   "id": "vha_691GQ",
   "geometry": {
    "type": "Point",
    "coordinates": [
     -119.22007484,
     34.25955593
    ]
   },
   "properties": {
    "id": "vha_691GQ",
    "name": "Captain Rosemary Bryant Mariner Outpatient Clinic",
    "facility_type": "va_health_facility",
    "classification": "Multi-Specialty CBOC",
    "zip5": "93003",
    "city": "Ventura",
    "state": "CA",
    "visn": "22",
    "health_care_system": "VA Greater Los Angeles health care",
    "operating_status": "NORMAL",
    "operating_status_info": null,
    "county_fips": null,
    "county_source": null,
    "market": null
   }
  },
  {
   "type": "Feature",
   "id": "vha_691QA",
   "geometry": {
    "type": "Point",
    "coordinates": [
     -118.454148,
     34.051095
    ]
   },
   "properties": {
    "id": "vha_691QA",
    "name": "Greater Los Angeles VA Mobile Medical Unit",
    "facility_type": "va_health_facility",
    "classification": "Other Outpatient Services (OOS)",
    "zip5": "90073",
    "city": "Los Angeles",
    "state": "CA",
    "visn": "22",
    "health_care_system": "VA Greater Los Angeles health care",
    "operating_status": "NORMAL",
    "operating_status_info": null,
    "county_fips": null,
    "county_source": null,
    "market": null
   }
  },
  {
   "type": "Feature",
   "id": "vha_692",
   "geometry": {
    "type": "Point",
    "coordinates": [
     -122.83629732,
     42.43994933
    ]
   },
   "properties": {
    "id": "vha_692",
    "name": "White City VA Medical Center",
    "facility_type": "va_health_facility",
    "classification": "VA Medical Center (VAMC)",
    "zip5": "97503",
    "city": "White City",
    "state": "OR",
    "visn": "20",
    "health_care_system": "VA Southern Oregon health care",
    "operating_status": "NORMAL",
    "operating_status_info": null,
    "county_fips": null,
    "county_source": null,
    "market": null
   }
  },
  {
   "type": "Feature",
   "id": "vha_692GA",
   "geometry": {
    "type": "Point",
    "coordinates": [
     -121.78707109,
     42.2481744
    ]
   },
   "properties": {
    "id": "vha_692GA",
    "name": "Klamath Falls VA Clinic",
    "facility_type": "va_health_facility",
    "classification": "Primary Care CBOC",
    "zip5": "97601",
    "city": "Klamath Falls",
    "state": "OR",
    "visn": "20",
    "health_care_system": "VA Southern Oregon health care",
    "operating_status": "NORMAL",
    "operating_status_info": null,
    "county_fips": null,
    "county_source": null,
    "market": null
   }
  },
  {
   "type": "Feature",
   "id": "vha_692GB",
   "geometry": {
    "type": "Point",
    "coordinates": [
     -123.3377055,
     42.416559
    ]
   },
   "properties": {
    "id": "vha_692GB",
    "name": "Grants Pass VA Clinic",
    "facility_type": "va_health_facility",
    "classification": "Primary Care CBOC",
    "zip5": "97527",
    "city": "Grants Pass",
    "state": "OR",
    "visn": "20",
    "health_care_system": "VA Southern Oregon health care",
    "operating_status": "NORMAL",
    "operating_status_info": null,
    "county_fips": null,
    "county_source": null,
    "market": null
   }
  },
  {
   "type": "Feature",
   "id": "vha_693",
   "geometry": {
    "type": "Point",
    "coordinates": [
     -75.83717026,
     41.2480423
    ]
   },
   "properties": {
    "id": "vha_693",
    "name": "Wilkes-Barre VA Medical Center",
    "facility_type": "va_health_facility",
    "classification": "VA Medical Center (VAMC)",
    "zip5": "18711",
    "city": "Wilkes-Barre",
    "state": "PA",
    "visn": "4",
    "health_care_system": "VA Wilkes-Barre health care",
    "operating_status": "NORMAL",
    "operating_status_info": null,
    "county_fips": null,
    "county_source": null,
    "market": null
   }
  },
  {
   "type": "Feature",
   "id": "vha_693B4",
   "geometry": {
    "type": "Point",
    "coordinates": [
     -75.51741865,
     40.58346462
    ]
   },
   "properties": {
    "id": "vha_693B4",
    "name": "Allentown VA Clinic",
    "facility_type": "va_health_facility",
    "classification": "Multi-Specialty CBOC",
    "zip5": "18103",
    "city": "Allentown",
    "state": "PA",
    "visn": "4",
    "health_care_system": "VA Wilkes-Barre health care",
    "operating_status": "NORMAL",
    "operating_status_info": null,
    "county_fips": null,
    "county_source": null,
    "market": null
   }
  },
  {
   "type": "Feature",
   "id": "vha_693GA",
   "geometry": {
    "type": "Point",
    "coordinates": [
     -76.539528,
     41.970825
    ]
   },
   "properties": {
    "id": "vha_693GA",
    "name": "Sayre VA Clinic",
    "facility_type": "va_health_facility",
    "classification": "Primary Care CBOC",
    "zip5": "18840",
    "city": "Sayre",
    "state": "PA",
    "visn": "4",
    "health_care_system": "VA Wilkes-Barre health care",
    "operating_status": "NORMAL",
    "operating_status_info": null,
    "county_fips": null,
    "county_source": null,
    "market": null
   }
  },
  {
   "type": "Feature",
   "id": "vha_693GB",
   "geometry": {
    "type": "Point",
    "coordinates": [
     -76.98134837,
     41.25899713
    ]
   },
   "properties": {
    "id": "vha_693GB",
    "name": "Williamsport VA Clinic",
    "facility_type": "va_health_facility",
    "classification": "Primary Care CBOC",
    "zip5": "17701",
    "city": "Williamsport",
    "state": "PA",
    "visn": "4",
    "health_care_system": "VA Wilkes-Barre health care",
    "operating_status": "NORMAL",
    "operating_status_info": null,
    "county_fips": null,
    "county_source": null,
    "market": null
   }
  },
  {
   "type": "Feature",
   "id": "vha_693GC",
   "geometry": {
    "type": "Point",
    "coordinates": [
     -75.42966182,
     41.18581805
    ]
   },
   "properties": {
    "id": "vha_693GC",
    "name": "Tobyhanna VA Clinic",
    "facility_type": "va_health_facility",
    "classification": "Other Outpatient Services (OOS)",
    "zip5": "18466",
    "city": "Tobyhanna",
    "state": "PA",
    "visn": "4",
    "health_care_system": "VA Wilkes-Barre health care",
    "operating_status": "NORMAL",
    "operating_status_info": null,
    "county_fips": null,
    "county_source": null,
    "market": null
   }
  },
  {
   "type": "Feature",
   "id": "vha_693GF",
   "geometry": {
    "type": "Point",
    "coordinates": [
     -76.48630964,
     41.01592293
    ]
   },
   "properties": {
    "id": "vha_693GF",
    "name": "Columbia County VA Clinic",
    "facility_type": "va_health_facility",
    "classification": "Other Outpatient Services (OOS)",
    "zip5": "17815",
    "city": "Bloomsburg",
    "state": "PA",
    "visn": "4",
    "health_care_system": "VA Wilkes-Barre health care",
    "operating_status": "NORMAL",
    "operating_status_info": null,
    "county_fips": null,
    "county_source": null,
    "market": null
   }
  },
  {
   "type": "Feature",
   "id": "vha_693GG",
   "geometry": {
    "type": "Point",
    "coordinates": [
     -75.22829122,
     40.87414841
    ]
   },
   "properties": {
    "id": "vha_693GG",
    "name": "Northampton County VA Clinic",
    "facility_type": "va_health_facility",
    "classification": "Other Outpatient Services (OOS)",
    "zip5": "18013",
    "city": "Bangor",
    "state": "PA",
    "visn": "4",
    "health_care_system": "VA Wilkes-Barre health care",
    "operating_status": "NORMAL",
    "operating_status_info": null,
    "county_fips": null,
    "county_source": null,
    "market": null
   }
  },
  {
   "type": "Feature",
   "id": "vha_693QA",
   "geometry": {
    "type": "Point",
    "coordinates": [
     -75.268647,
     41.574978
    ]
   },
   "properties": {
    "id": "vha_693QA",
    "name": "Wayne County VA Clinic",
    "facility_type": "va_health_facility",
    "classification": "Other Outpatient Services (OOS)",
    "zip5": "18431",
    "city": "Honesdale",
    "state": "PA",
    "visn": "4",
    "health_care_system": "VA Wilkes-Barre health care",
    "operating_status": "NORMAL",
    "operating_status_info": null,
    "county_fips": null,
    "county_source": null,
    "market": null
   }
  },
  {
   "type": "Feature",
   "id": "vha_693QB",
   "geometry": {
    "type": "Point",
    "coordinates": [
     -75.53362442,
     40.61443817
    ]
   },
   "properties": {
    "id": "vha_693QB",
    "name": "Cedar Crest Boulevard VA Clinic",
    "facility_type": "va_health_facility",
    "classification": "Other Outpatient Services (OOS)",
    "zip5": "18104",
    "city": "Allentown",
    "state": "PA",
    "visn": "4",
    "health_care_system": "VA Wilkes-Barre health care",
    "operating_status": "NORMAL",
    "operating_status_info": null,
    "county_fips": null,
    "county_source": null,
    "market": null
   }
  },
  {
   "type": "Feature",
   "id": "vha_695",
   "geometry": {
    "type": "Point",
    "coordinates": [
     -87.972183,
     43.023168
    ]
   },
   "properties": {
    "id": "vha_695",
    "name": "Clement J. Zablocki Veterans' Administration Medical Center",
    "facility_type": "va_health_facility",
    "classification": "VA Medical Center (VAMC)",
    "zip5": "53295",
    "city": "Milwaukee",
    "state": "WI",
    "visn": "12",
    "health_care_system": "VA Milwaukee health care",
    "operating_status": "NOTICE",
    "operating_status_info": "Medical-grade cough, surgical, procedural or N95/KN95 masks are required in high-risk areas of the Milwaukee VA Medical Center.",
    "county_fips": null,
    "county_source": null,
    "market": null
   }
  },
  {
   "type": "Feature",
   "id": "vha_695BY",
   "geometry": {
    "type": "Point",
    "coordinates": [
     -88.45271151,
     44.28053791
    ]
   },
   "properties": {
    "id": "vha_695BY",
    "name": "John H. Bradley Department of Veterans Affairs Outpatient Clinic",
    "facility_type": "va_health_facility",
    "classification": "Multi-Specialty CBOC",
    "zip5": "54914",
    "city": "Appleton",
    "state": "WI",
    "visn": "12",
    "health_care_system": "VA Milwaukee health care",
    "operating_status": "NORMAL",
    "operating_status_info": null,
    "county_fips": null,
    "county_source": null,
    "market": null
   }
  },
  {
   "type": "Feature",
   "id": "vha_695GA",
   "geometry": {
    "type": "Point",
    "coordinates": [
     -88.0785585,
     42.693273
    ]
   },
   "properties": {
    "id": "vha_695GA",
    "name": "Union Grove VA Clinic",
    "facility_type": "va_health_facility",
    "classification": "Primary Care CBOC",
    "zip5": "53182",
    "city": "Union Grove",
    "state": "WI",
    "visn": "12",
    "health_care_system": "VA Milwaukee health care",
    "operating_status": "NORMAL",
    "operating_status_info": null,
    "county_fips": null,
    "county_source": null,
    "market": null
   }
  },
  {
   "type": "Feature",
   "id": "vha_695GC",
   "geometry": {
    "type": "Point",
    "coordinates": [
     -87.75184718,
     43.92124391
    ]
   },
   "properties": {
    "id": "vha_695GC",
    "name": "Cleveland VA Clinic",
    "facility_type": "va_health_facility",
    "classification": "Primary Care CBOC",
    "zip5": "53015",
    "city": "Cleveland",
    "state": "WI",
    "visn": "12",
    "health_care_system": "VA Milwaukee health care",
    "operating_status": "NORMAL",
    "operating_status_info": null,
    "county_fips": null,
    "county_source": null,
    "market": null
   }
  },
  {
   "type": "Feature",
   "id": "vha_695GD",
   "geometry": {
    "type": "Point",
    "coordinates": [
     -87.943788,
     44.523648
    ]
   },
   "properties": {
    "id": "vha_695GD",
    "name": "Milo C. Huempfner Department of Veterans Affairs Outpatient Clinic",
    "facility_type": "va_health_facility",
    "classification": "Health Care Center (HCC)",
    "zip5": "54311",
    "city": "Green Bay",
    "state": "WI",
    "visn": "12",
    "health_care_system": "VA Milwaukee health care",
    "operating_status": "NORMAL",
    "operating_status_info": null,
    "county_fips": null,
    "county_source": null,
    "market": null
   }
  },
  {
   "type": "Feature",
   "id": "vha_695GE",
   "geometry": {
    "type": "Point",
    "coordinates": [
     -88.49686,
     43.107735
    ]
   },
   "properties": {
    "id": "vha_695GE",
    "name": "Oconomowoc VA Clinic",
    "facility_type": "va_health_facility",
    "classification": "Primary Care CBOC",
    "zip5": "53066",
    "city": "Oconomowoc",
    "state": "WI",
    "visn": "12",
    "health_care_system": "VA Milwaukee health care",
    "operating_status": "NOTICE",
    "operating_status_info": "The Oconomowoc clinic is open for day-to-day operations, eligible Veterans who are interested in transferring to the clinic can call the Clinical Contact Center at 414-384-2000, ext. 44255, to submit a request.  Currently enrolled, eligible Veterans are being contacted by Milwaukee VA.",
    "county_fips": null,
    "county_source": null,
    "market": null
   }
  },
  {
   "type": "Feature",
   "id": "vha_695QA",
   "geometry": {
    "type": "Point",
    "coordinates": [
     -87.913836,
     43.054308
    ]
   },
   "properties": {
    "id": "vha_695QA",
    "name": "Milwaukee VA Clinic",
    "facility_type": "va_health_facility",
    "classification": "Other Outpatient Services (OOS)",
    "zip5": "53212",
    "city": "Milwaukee",
    "state": "WI",
    "visn": "12",
    "health_care_system": "VA Milwaukee health care",
    "operating_status": "NOTICE",
    "operating_status_info": "This is not a health care clinic. It provides Veterans who are homeless and at risk of homelessness with one-stop access to community-based, multiagency services to promote permanent housing, health and mental health care, career development and access to VA and non-VA benefits. Walk-ins welcome.",
    "county_fips": null,
    "county_source": null,
    "market": null
   }
  },
  {
   "type": "Feature",
   "id": "vha_740",
   "geometry": {
    "type": "Point",
    "coordinates": [
     -97.66793926,
     26.17062357
    ]
   },
   "properties": {
    "id": "vha_740",
    "name": "Harlingen VA Clinic",
    "facility_type": "va_health_facility",
    "classification": "Health Care Center (HCC)",
    "zip5": "78550",
    "city": "Harlingen",
    "state": "TX",
    "visn": "17",
    "health_care_system": "VA Texas Valley health care",
    "operating_status": "CLOSED",
    "operating_status_info": "Facility is closed forever",
    "county_fips": null,
    "county_source": null,
    "market": null
   }
  },
  {
   "type": "Feature",
   "id": "vha_740GA",
   "geometry": {
    "type": "Point",
    "coordinates": [
     -97.66671805,
     26.17450135
    ]
   },
   "properties": {
    "id": "vha_740GA",
    "name": "Harlingen VA Clinic-Treasure Hills",
    "facility_type": "va_health_facility",
    "classification": "Multi-Specialty CBOC",
    "zip5": "78550",
    "city": "Harlingen",
    "state": "TX",
    "visn": "17",
    "health_care_system": "VA Texas Valley health care",
    "operating_status": "NORMAL",
    "operating_status_info": null,
    "county_fips": null,
    "county_source": null,
    "market": null
   }
  },
  {
   "type": "Feature",
   "id": "vha_740GB",
   "geometry": {
    "type": "Point",
    "coordinates": [
     -98.21104232,
     26.20855012
    ]
   },
   "properties": {
    "id": "vha_740GB",
    "name": "McAllen VA Clinic",
    "facility_type": "va_health_facility",
    "classification": "Multi-Specialty CBOC",
    "zip5": "78501",
    "city": "McAllen",
    "state": "TX",
    "visn": "17",
    "health_care_system": "VA Texas Valley health care",
    "operating_status": "NORMAL",
    "operating_status_info": null,
    "county_fips": null,
    "county_source": null,
    "market": null
   }
  },
  {
   "type": "Feature",
   "id": "vha_740GC",
   "geometry": {
    "type": "Point",
    "coordinates": [
     -97.45801972,
     27.7573084
    ]
   },
   "properties": {
    "id": "vha_740GC",
    "name": "Corpus Christi VA Clinic",
    "facility_type": "va_health_facility",
    "classification": "Other Outpatient Services (OOS)",
    "zip5": "78405",
    "city": "Corpus Christi",
    "state": "TX",
    "visn": "17",
    "health_care_system": "VA Texas Valley health care",
    "operating_status": "NORMAL",
    "operating_status_info": null,
    "county_fips": null,
    "county_source": null,
    "market": null
   }
  },
  {
   "type": "Feature",
   "id": "vha_740GD",
   "geometry": {
    "type": "Point",
    "coordinates": [
     -99.474993,
     27.537273
    ]
   },
   "properties": {
    "id": "vha_740GD",
    "name": "Laredo VA Clinic",
    "facility_type": "va_health_facility",
    "classification": "Multi-Specialty CBOC",
    "zip5": "78041",
    "city": "Laredo",
    "state": "TX",
    "visn": "17",
    "health_care_system": "VA Texas Valley health care",
    "operating_status": "NORMAL",
    "operating_status_info": null,
    "county_fips": null,
    "county_source": null,
    "market": null
   }
  },
  {
   "type": "Feature",
   "id": "vha_740GH",
   "geometry": {
    "type": "Point",
    "coordinates": [
     -97.4648565,
     27.762192
    ]
   },
   "properties": {
    "id": "vha_740GH",
    "name": "South Enterprize VA Clinic",
    "facility_type": "va_health_facility",
    "classification": "Other Outpatient Services (OOS)",
    "zip5": "78405",
    "city": "Corpus Christi",
    "state": "TX",
    "visn": "17",
    "health_care_system": "VA Texas Valley health care",
    "operating_status": "NORMAL",
    "operating_status_info": null,
    "county_fips": null,
    "county_source": null,
    "market": null
   }
  },
  {
   "type": "Feature",
   "id": "vha_740GK",
   "geometry": {
    "type": "Point",
    "coordinates": [
     -97.51982068,
     25.98745526
    ]
   },
   "properties": {
    "id": "vha_740GK",
    "name": "Brownsville VA Clinic",
    "facility_type": "va_health_facility",
    "classification": "Other Outpatient Services (OOS)",
    "zip5": "78526",
    "city": "Brownsville",
    "state": "TX",
    "visn": "17",
    "health_care_system": "VA Texas Valley health care",
    "operating_status": "NORMAL",
    "operating_status_info": null,
    "county_fips": null,
    "county_source": null,
    "market": null
   }
  },
  {
   "type": "Feature",
   "id": "vha_740QA",
   "geometry": {
    "type": "Point",
    "coordinates": [
     -98.20974889,
     26.20833563
    ]
   },
   "properties": {
    "id": "vha_740QA",
    "name": "McAllen VA Mobile Medical Unit",
    "facility_type": "va_health_facility",
    "classification": "Other Outpatient Services (OOS)",
    "zip5": "78501",
    "city": "McAllen",
    "state": "TX",
    "visn": "17",
    "health_care_system": "VA Texas Valley health care",
    "operating_status": "LIMITED",
    "operating_status_info": "Mondays (0930 - 1530) -  Port Isabel: Port Isabel Event & Cultural Center Tuesdays (0930 - 1530) -  Falfurrias: Ed Rachal Memorial Library Wednesdays (0900 -1600) - Rio Grande City: Starr County, Courthouse Annex Thursdays (1000 - 1500) -  Zapata: Zapata County Community Center",
    "county_fips": null,
    "county_source": null,
    "market": null
   }
  },
  {
   "type": "Feature",
   "id": "vha_740QB",
   "geometry": {
    "type": "Point",
    "coordinates": [
     -97.45433933,
     27.74976224
    ]
   },
   "properties": {
    "id": "vha_740QB",
    "name": "Corpus Christi West Point VA Clinic",
    "facility_type": "va_health_facility",
    "classification": "Multi-Specialty CBOC",
    "zip5": "78416",
    "city": "Corpus Christi",
    "state": "TX",
    "visn": "17",
    "health_care_system": "VA Texas Valley health care",
    "operating_status": "NORMAL",
    "operating_status_info": null,
    "county_fips": null,
    "county_source": null,
    "market": null
   }
  },
  {
   "type": "Feature",
   "id": "vha_740QC",
   "geometry": {
    "type": "Point",
    "coordinates": [
     -97.45433933,
     27.74976224
    ]
   },
   "properties": {
    "id": "vha_740QC",
    "name": "Corpus Christi VA Mobile Medical Unit",
    "facility_type": "va_health_facility",
    "classification": "Other Outpatient Services (OOS)",
    "zip5": "78416",
    "city": "Corpus Christi",
    "state": "TX",
    "visn": "17",
    "health_care_system": "VA Texas Valley health care",
    "operating_status": "CLOSED",
    "operating_status_info": "This is now closed",
    "county_fips": null,
    "county_source": null,
    "market": null
   }
  },
  {
   "type": "Feature",
   "id": "vha_756",
   "geometry": {
    "type": "Point",
    "coordinates": [
     -106.46147656,
     31.81883652
    ]
   },
   "properties": {
    "id": "vha_756",
    "name": "El Paso VA Clinic",
    "facility_type": "va_health_facility",
    "classification": "Health Care Center (HCC)",
    "zip5": "79930",
    "city": "El Paso",
    "state": "TX",
    "visn": "17",
    "health_care_system": "VA El Paso health care",
    "operating_status": "NORMAL",
    "operating_status_info": null,
    "county_fips": null,
    "county_source": null,
    "market": null
   }
  },
  {
   "type": "Feature",
   "id": "vha_756GA",
   "geometry": {
    "type": "Point",
    "coordinates": [
     -106.76861815,
     32.35492081
    ]
   },
   "properties": {
    "id": "vha_756GA",
    "name": "Las Cruces VA Clinic",
    "facility_type": "va_health_facility",
    "classification": "Multi-Specialty CBOC",
    "zip5": "88012",
    "city": "Las Cruces",
    "state": "NM",
    "visn": "17",
    "health_care_system": "VA El Paso health care",
    "operating_status": "NORMAL",
    "operating_status_info": null,
    "county_fips": null,
    "county_source": null,
    "market": null
   }
  },
  {
   "type": "Feature",
   "id": "vha_756GB",
   "geometry": {
    "type": "Point",
    "coordinates": [
     -106.316703,
     31.764168
    ]
   },
   "properties": {
    "id": "vha_756GB",
    "name": "El Paso Eastside VA Clinic",
    "facility_type": "va_health_facility",
    "classification": "Multi-Specialty CBOC",
    "zip5": "79936",
    "city": "El Paso",
    "state": "TX",
    "visn": "17",
    "health_care_system": "VA El Paso health care",
    "operating_status": "NORMAL",
    "operating_status_info": null,
    "county_fips": null,
    "county_source": null,
    "market": null
   }
  },
  {
   "type": "Feature",
   "id": "vha_756GC",
   "geometry": {
    "type": "Point",
    "coordinates": [
     -106.57650856,
     31.90279164
    ]
   },
   "properties": {
    "id": "vha_756GC",
    "name": "El Paso Westside VA Clinic",
    "facility_type": "va_health_facility",
    "classification": "Primary Care CBOC",
    "zip5": "79912",
    "city": "El Paso",
    "state": "TX",
    "visn": "17",
    "health_care_system": "VA El Paso health care",
    "operating_status": "NORMAL",
    "operating_status_info": null,
    "county_fips": null,
    "county_source": null,
    "market": null
   }
  },
  {
   "type": "Feature",
   "id": "vha_756GD",
   "geometry": {
    "type": "Point",
    "coordinates": [
     -106.419186,
     31.881411
    ]
   },
   "properties": {
    "id": "vha_756GD",
    "name": "El Paso Northeast VA Clinic",
    "facility_type": "va_health_facility",
    "classification": "Primary Care CBOC",
    "zip5": "79924",
    "city": "El Paso",
    "state": "TX",
    "visn": "17",
    "health_care_system": "VA El Paso health care",
    "operating_status": "NORMAL",
    "operating_status_info": null,
    "county_fips": null,
    "county_source": null,
    "market": null
   }
  },
  {
   "type": "Feature",
   "id": "vha_756QA",
   "geometry": {
    "type": "Point",
    "coordinates": [
     -106.42998531,
     31.7753394
    ]
   },
   "properties": {
    "id": "vha_756QA",
    "name": "El Paso South Central VA Clinic",
    "facility_type": "va_health_facility",
    "classification": "Primary Care CBOC",
    "zip5": "79905",
    "city": "El Paso",
    "state": "TX",
    "visn": "17",
    "health_care_system": "VA El Paso health care",
    "operating_status": "NORMAL",
    "operating_status_info": null,
    "county_fips": null,
    "county_source": null,
    "market": null
   }
  },
  {
   "type": "Feature",
   "id": "vha_756QB",
   "geometry": {
    "type": "Point",
    "coordinates": [
     -106.485021,
     31.776444
    ]
   },
   "properties": {
    "id": "vha_756QB",
    "name": "El Paso Central VA Clinic",
    "facility_type": "va_health_facility",
    "classification": "Other Outpatient Services (OOS)",
    "zip5": "79902",
    "city": "El Paso",
    "state": "TX",
    "visn": "17",
    "health_care_system": "VA El Paso health care",
    "operating_status": "NORMAL",
    "operating_status_info": null,
    "county_fips": null,
    "county_source": null,
    "market": null
   }
  },
  {
   "type": "Feature",
   "id": "vha_757",
   "geometry": {
    "type": "Point",
    "coordinates": [
     -82.91230307,
     39.98048191
    ]
   },
   "properties": {
    "id": "vha_757",
    "name": "Chalmers P. Wylie Veterans Outpatient Clinic",
    "facility_type": "va_health_facility",
    "classification": "Health Care Center (HCC)",
    "zip5": "43219",
    "city": "Columbus",
    "state": "OH",
    "visn": "10",
    "health_care_system": "VA Central Ohio health care",
    "operating_status": "NORMAL",
    "operating_status_info": null,
    "county_fips": null,
    "county_source": null,
    "market": null
   }
  },
  {
   "type": "Feature",
   "id": "vha_757GA",
   "geometry": {
    "type": "Point",
    "coordinates": [
     -82.0098765,
     39.975381
    ]
   },
   "properties": {
    "id": "vha_757GA",
    "name": "Zanesville VA Clinic",
    "facility_type": "va_health_facility",
    "classification": "Multi-Specialty CBOC",
    "zip5": "43701",
    "city": "Zanesville",
    "state": "OH",
    "visn": "10",
    "health_care_system": "VA Central Ohio health care",
    "operating_status": "NORMAL",
    "operating_status_info": null,
    "county_fips": null,
    "county_source": null,
    "market": null
   }
  },
  {
   "type": "Feature",
   "id": "vha_757GB",
   "geometry": {
    "type": "Point",
    "coordinates": [
     -83.08458138,
     39.84366105
    ]
   },
   "properties": {
    "id": "vha_757GB",
    "name": "Grove City VA Clinic",
    "facility_type": "va_health_facility",
    "classification": "Multi-Specialty CBOC",
    "zip5": "43123",
    "city": "Grove City",
    "state": "OH",
    "visn": "10",
    "health_care_system": "VA Central Ohio health care",
    "operating_status": "NORMAL",
    "operating_status_info": null,
    "county_fips": null,
    "county_source": null,
    "market": null
   }
  },
  {
   "type": "Feature",
   "id": "vha_757GC",
   "geometry": {
    "type": "Point",
    "coordinates": [
     -83.115754,
     40.56792734
    ]
   },
   "properties": {
    "id": "vha_757GC",
    "name": "Marion VA Clinic",
    "facility_type": "va_health_facility",
    "classification": "Primary Care CBOC",
    "zip5": "43302",
    "city": "Marion",
    "state": "OH",
    "visn": "10",
    "health_care_system": "VA Central Ohio health care",
    "operating_status": "NORMAL",
    "operating_status_info": null,
    "county_fips": null,
    "county_source": null,
    "market": null
   }
  },
  {
   "type": "Feature",
   "id": "vha_757GD",
   "geometry": {
    "type": "Point",
    "coordinates": [
     -82.46833752,
     40.04125422
    ]
   },
   "properties": {
    "id": "vha_757GD",
    "name": "Daniel L. Kinnard VA Clinic",
    "facility_type": "va_health_facility",
    "classification": "Multi-Specialty CBOC",
    "zip5": "43055",
    "city": "Newark",
    "state": "OH",
    "visn": "10",
    "health_care_system": "VA Central Ohio health care",
    "operating_status": "NORMAL",
    "operating_status_info": null,
    "county_fips": null,
    "county_source": null,
    "market": null
   }
  },
  {
   "type": "Feature",
   "id": "vha_757GE",
   "geometry": {
    "type": "Point",
    "coordinates": [
     -83.03786964,
     40.29288229
    ]
   },
   "properties": {
    "id": "vha_757GE",
    "name": "Delaware VA Clinic",
    "facility_type": "va_health_facility",
    "classification": "Primary Care CBOC",
    "zip5": "43015",
    "city": "Delaware",
    "state": "OH",
    "visn": "10",
    "health_care_system": null,
    "operating_status": "NORMAL",
    "operating_status_info": null,
    "county_fips": null,
    "county_source": null,
    "market": null
   }
  },
  {
   "type": "Feature",
   "id": "vha_757QB",
   "geometry": {
    "type": "Point",
    "coordinates": [
     -82.91230307,
     39.98048191
    ]
   },
   "properties": {
    "id": "vha_757QB",
    "name": "North James Road 2 VA Mobile Medical Unit",
    "facility_type": "va_health_facility",
    "classification": "Other Outpatient Services (OOS)",
    "zip5": "43219",
    "city": "Columbus",
    "state": "OH",
    "visn": "10",
    "health_care_system": "VA Central Ohio health care",
    "operating_status": "NORMAL",
    "operating_status_info": null,
    "county_fips": null,
    "county_source": null,
    "market": null
   }
  }
 ],
 "provenance": {
  "source": "https://sandbox-api.va.gov/services/va_facilities/v1/facilities?type=health",
  "retrieved": "2026-09-20T07:37:16+00:00",
  "count": 1400,
  "builder": "scripts/build_facilities.py"
 }
}