ugc_zone,county_fips,county_name,state
AKZ317,02282,Yakutat,AK
AKZ318,02230,Skagway,AK
AKZ319,02100,Haines,AK
AKZ320,02105,Hoonah-Angoon,AK
AKZ321,02105,Hoonah-Angoon,AK
AKZ322,02105,Hoonah-Angoon,AK
AKZ323,02220,Sitka,AK
AKZ324,02105,Hoonah-Angoon,AK
AKZ325,02110,Juneau,AK
AKZ326,02195,Petersburg Borough,AK
AKZ327,02198,Prince of Wales-Hyder,AK
AKZ328,02198,Prince of Wales-Hyder,AK
AKZ329,02275,Wrangell,AK
AKZ330,02130,Ketchikan,AK
AKZ331,02198,Prince of Wales-Hyder,AK
AKZ332,02198,Prince of Wales-Hyder,AK
AKZ701,02020,Anchorage Municipality,AK
AKZ702,02020,Anchorage Municipality,AK
AKZ703,02020,Anchorage Municipality,AK
AKZ704,02020,Anchorage Municipality,AK
AKZ711,02170,Matanuska-Susitna Borough,AK
AKZ712,02170,Matanuska-Susitna Borough,AK
AKZ713,02170,Matanuska-Susitna Borough,AK
AKZ714,02170,Matanuska-Susitna Borough,AK
AKZ721,02122,Kenai Peninsula Borough,AK
AKZ722,02122,Kenai Peninsula Borough,AK
AKZ723,02122,Kenai Peninsula Borough,AK
AKZ724,02122,Kenai Peninsula Borough,AK
AKZ725,02122,Kenai Peninsula Borough,AK
AKZ726,02122,Kenai Peninsula Borough,AK
AKZ727,02122,Kenai Peninsula Borough,AK
AKZ728,02063,Chugach Census Area,AK
AKZ729,02122,Kenai Peninsula Borough,AK
AKZ731,02063,Chugach Census Area,AK
AKZ732,02063,Chugach Census Area,AK
AKZ735,02063,Chugach Census Area,AK
AKZ741,02066,Copper River Census Area,AK
AKZ742,02066,Copper River Census Area,AK
AKZ743,02066,Copper River Census Area,AK
AKZ744,02066,Copper River Census Area,AK
AKZ745,02170,Matanuska-Susitna Borough,AK
AKZ746,02170,Matanuska-Susitna Borough,AK
AKZ747,02170,Matanuska-Susitna Borough,AK
AKZ748,02170,Matanuska-Susitna Borough,AK
AKZ749,02066,Copper River Census Area,AK
AKZ750,02066,Copper River Census Area,AK
AKZ751,02066,Copper River Census Area,AK
AKZ752,02050,Bethel Census Area,AK
AKZ753,02050,Bethel Census Area,AK
AKZ754,02050,Bethel Census Area,AK
AKZ755,02050,Bethel Census Area,AK
AKZ756,02050,Bethel Census Area,AK
AKZ757,02050,Bethel Census Area,AK
AKZ761,02164,Lake and Peninsula Borough,AK
AKZ762,02164,Lake and Peninsula Borough,AK
AKZ763,02060,Bristol Bay Borough,AK
AKZ764,02070,Dillingham Census Area,AK
AKZ765,02070,Dillingham Census Area,AK
AKZ766,02164,Lake and Peninsula Borough,AK
AKZ771,02150,Kodiak Island Borough,AK
AKZ772,02150,Kodiak Island Borough,AK
AKZ773,02164,Lake and Peninsula Borough,AK
AKZ781,02013,Aleutians East Borough,AK
AKZ785,02016,Aleutians West Census Area,AK
AKZ787,02016,Aleutians West Census Area,AK
AKZ791,02016,Aleutians West Census Area,AK
AKZ795,02016,Aleutians West Census Area,AK
AKZ801,02185,North Slope,AK
AKZ802,02185,North Slope,AK
AKZ803,02185,North Slope,AK
AKZ804,02185,North Slope,AK
AKZ805,02185,North Slope,AK
AKZ806,02185,North Slope,AK
AKZ807,02185,North Slope,AK
AKZ808,02185,North Slope,AK
AKZ809,02185,North Slope,AK
AKZ810,02185,North Slope,AK
AKZ811,02290,Yukon-Koyukuk,AK
AKZ812,02290,Yukon-Koyukuk,AK
AKZ813,02188,Northwest Arctic,AK
AKZ814,02188,Northwest Arctic,AK
AKZ815,02188,Northwest Arctic,AK
AKZ816,02188,Northwest Arctic,AK
AKZ817,02188,Northwest Arctic,AK
AKZ818,02188,Northwest Arctic,AK
AKZ819,02188,Northwest Arctic,AK
AKZ820,02180,Nome,AK
AKZ821,02180,Nome,AK
AKZ822,02180,Nome,AK
AKZ823,02180,Nome,AK
AKZ824,02180,Nome,AK
AKZ825,02158,Kusilvak,AK
AKZ826,02158,Kusilvak,AK
AKZ827,02180,Nome,AK
AKZ828,02290,Yukon-Koyukuk,AK
AKZ829,02290,Yukon-Koyukuk,AK
AKZ830,02290,Yukon-Koyukuk,AK
AKZ831,02290,Yukon-Koyukuk,AK
AKZ832,02290,Yukon-Koyukuk,AK
AKZ833,02290,Yukon-Koyukuk,AK
AKZ834,02290,Yukon-Koyukuk,AK
AKZ835,02240,Southeast Fairbanks,AK
AKZ836,02240,Southeast Fairbanks,AK
AKZ837,02240,Southeast Fairbanks,AK
AKZ838,02090,Fairbanks North Star,AK
AKZ839,02090,Fairbanks North Star,AK
AKZ840,02090,Fairbanks North Star,AK
AKZ841,02090,Fairbanks North Star,AK
AKZ842,02090,Fairbanks North Star,AK
AKZ843,02090,Fairbanks North Star,AK
AKZ844,02090,Fairbanks North Star,AK
AKZ845,02290,Yukon-Koyukuk,AK
AKZ846,02290,Yukon-Koyukuk,AK
AKZ847,02068,Denali,AK
AKZ848,02068,Denali,AK
AKZ849,02240,Southeast Fairbanks,AK
AKZ850,02240,Southeast Fairbanks,AK
AKZ851,02290,Yukon-Koyukuk,AK
AKZ852,02290,Yukon-Koyukuk,AK
ALZ001,01077,Lauderdale,AL
ALZ002,01033,Colbert,AL
ALZ003,01059,Franklin,AL
ALZ004,01079,Lawrence,AL
ALZ005,01083,Limestone,AL
ALZ006,01089,Madison,AL
ALZ007,01103,Morgan,AL
ALZ008,01095,Marshall,AL
ALZ009,01071,Jackson,AL
ALZ010,01049,DeKalb,AL
ALZ011,01093,Marion,AL
ALZ012,01075,Lamar,AL
ALZ013,01057,Fayette,AL
ALZ014,01133,Winston,AL
ALZ015,01127,Walker,AL
ALZ016,01043,Cullman,AL
ALZ017,01009,Blount,AL
ALZ018,01055,Etowah,AL
ALZ019,01015,Calhoun,AL
ALZ020,01019,Cherokee,AL
ALZ021,01029,Cleburne,AL
ALZ022,01107,Pickens,AL
ALZ023,01125,Tuscaloosa,AL
ALZ024,01073,Jefferson,AL
ALZ025,01117,Shelby,AL
ALZ026,01115,St. Clair,AL
ALZ027,01121,Talladega,AL
ALZ028,01027,Clay,AL
ALZ029,01111,Randolph,AL
ALZ030,01119,Sumter,AL
ALZ031,01063,Greene,AL
ALZ032,01065,Hale,AL
ALZ033,01105,Perry,AL
ALZ034,01007,Bibb,AL
ALZ035,01021,Chilton,AL
ALZ036,01037,Coosa,AL
ALZ037,01123,Tallapoosa,AL
ALZ038,01017,Chambers,AL
ALZ039,01091,Marengo,AL
ALZ040,01047,Dallas,AL
ALZ041,01001,Autauga,AL
ALZ042,01085,Lowndes,AL
ALZ043,01051,Elmore,AL
ALZ044,01101,Montgomery,AL
ALZ045,01087,Macon,AL
ALZ046,01011,Bullock,AL
ALZ047,01081,Lee,AL
ALZ048,01113,Russell,AL
ALZ049,01109,Pike,AL
ALZ050,01005,Barbour,AL
ALZ051,01023,Choctaw,AL
ALZ052,01129,Washington,AL
ALZ053,01025,Clarke,AL
ALZ054,01131,Wilcox,AL
ALZ055,01099,Monroe,AL
ALZ056,01035,Conecuh,AL
ALZ057,01013,Butler,AL
ALZ058,01041,Crenshaw,AL
ALZ059,01053,Escambia,AL
ALZ060,01039,Covington,AL
ALZ065,01031,Coffee,AL
ALZ066,01045,Dale,AL
ALZ067,01067,Henry,AL
ALZ068,01061,Geneva,AL
ALZ069,01069,Houston,AL
ALZ261,01097,Mobile,AL
ALZ262,01003,Baldwin,AL
ALZ263,01097,Mobile,AL
ALZ264,01003,Baldwin,AL
ALZ265,01097,Mobile,AL
ALZ266,01003,Baldwin,AL
ARZ001,05007,Benton,AR
ARZ002,05015,Carroll,AR
ARZ004,05089,Marion,AR
ARZ005,05005,Baxter,AR
ARZ006,05049,Fulton,AR
ARZ007,05135,Sharp,AR
ARZ008,05121,Randolph,AR
ARZ009,05021,Clay,AR
ARZ010,05143,Washington,AR
ARZ011,05087,Madison,AR
ARZ014,05137,Stone,AR
ARZ015,05065,Izard,AR
ARZ016,05063,Independence,AR
ARZ017,05075,Lawrence,AR
ARZ018,05055,Greene,AR
ARZ024,05023,Cleburne,AR
ARZ025,05067,Jackson,AR
ARZ026,05031,Craighead,AR
ARZ027,05111,Poinsett,AR
ARZ028,05093,Mississippi,AR
ARZ031,05029,Conway,AR
ARZ032,05045,Faulkner,AR
ARZ033,05145,White,AR
ARZ034,05147,Woodruff,AR
ARZ035,05037,Cross,AR
ARZ036,05035,Crittenden,AR
ARZ039,05105,Perry,AR
ARZ042,05051,Garland,AR
ARZ043,05125,Saline,AR
ARZ044,05119,Pulaski,AR
ARZ045,05085,Lonoke,AR
ARZ046,05117,Prairie,AR
ARZ047,05095,Monroe,AR
ARZ048,05123,St. Francis,AR
ARZ049,05077,Lee,AR
ARZ050,05133,Sevier,AR
ARZ051,05061,Howard,AR
ARZ052,05109,Pike,AR
ARZ053,05019,Clark,AR
ARZ054,05059,Hot Spring,AR
ARZ055,05053,Grant,AR
ARZ056,05069,Jefferson,AR
ARZ057,05001,Arkansas,AR
ARZ058,05107,Phillips,AR
ARZ059,05081,Little River,AR
ARZ060,05057,Hempstead,AR
ARZ061,05099,Nevada,AR
ARZ062,05039,Dallas,AR
ARZ063,05025,Cleveland,AR
ARZ064,05079,Lincoln,AR
ARZ065,05041,Desha,AR
ARZ066,05103,Ouachita,AR
ARZ067,05013,Calhoun,AR
ARZ068,05011,Bradley,AR
ARZ069,05043,Drew,AR
ARZ070,05091,Miller,AR
ARZ071,05073,Lafayette,AR
ARZ072,05027,Columbia,AR
ARZ073,05139,Union,AR
ARZ074,05003,Ashley,AR
ARZ075,05017,Chicot,AR
ARZ103,05009,Boone,AR
ARZ112,05101,Newton,AR
ARZ113,05129,Searcy,AR
ARZ119,05033,Crawford,AR
ARZ120,05047,Franklin,AR
ARZ121,05071,Johnson,AR
ARZ122,05115,Pope,AR
ARZ123,05141,Van Buren,AR
ARZ129,05131,Sebastian,AR
ARZ130,05083,Logan,AR
ARZ137,05127,Scott,AR
ARZ138,05149,Yell,AR
ARZ140,05113,Polk,AR
ARZ141,05097,Montgomery,AR
ARZ203,05009,Boone,AR
ARZ212,05101,Newton,AR
ARZ213,05129,Searcy,AR
ARZ219,05033,Crawford,AR
ARZ220,05047,Franklin,AR
ARZ221,05071,Johnson,AR
ARZ222,05115,Pope,AR
ARZ223,05141,Van Buren,AR
ARZ229,05131,Sebastian,AR
ARZ230,05083,Logan,AR
ARZ237,05127,Scott,AR
ARZ238,05149,Yell,AR
ARZ240,05113,Polk,AR
ARZ241,05097,Montgomery,AR
ARZ313,05129,Searcy,AR
ARZ340,05113,Polk,AR
ARZ341,05097,Montgomery,AR
ASZ001,60010,Eastern,AS
ASZ001,60050,Western,AS
ASZ002,60020,Manu'a,AS
ASZ003,60040,Swains Island,AS
ASZ004,60030,Rose Atoll,AS
AZZ001,04015,Mohave,AZ
AZZ002,04015,Mohave,AZ
AZZ004,04005,Coconino,AZ
AZZ005,04005,Coconino,AZ
AZZ006,04005,Coconino,AZ
AZZ007,04005,Coconino,AZ
AZZ008,04025,Yavapai,AZ
AZZ009,04001,Apache,AZ
AZZ009,04005,Coconino,AZ
AZZ009,04017,Navajo,AZ
AZZ010,04001,Apache,AZ
AZZ010,04017,Navajo,AZ
AZZ011,04001,Apache,AZ
AZZ012,04005,Coconino,AZ
AZZ012,04017,Navajo,AZ
AZZ013,04017,Navajo,AZ
AZZ014,04001,Apache,AZ
AZZ015,04005,Coconino,AZ
AZZ016,04005,Coconino,AZ
AZZ016,04017,Navajo,AZ
AZZ017,04001,Apache,AZ
AZZ017,04017,Navajo,AZ
AZZ018,04007,Gila,AZ
AZZ037,04025,Yavapai,AZ
AZZ038,04005,Coconino,AZ
AZZ038,04025,Yavapai,AZ
AZZ039,04001,Apache,AZ
AZZ039,04005,Coconino,AZ
AZZ039,04017,Navajo,AZ
AZZ040,04001,Apache,AZ
AZZ040,04005,Coconino,AZ
AZZ040,04017,Navajo,AZ
AZZ501,04019,Pima,AZ
AZZ502,04019,Pima,AZ
AZZ502,04021,Pinal,AZ
AZZ503,04019,Pima,AZ
AZZ503,04023,Santa Cruz,AZ
AZZ504,04019,Pima,AZ
AZZ505,04021,Pinal,AZ
AZZ506,04021,Pinal,AZ
AZZ507,04003,Cochise,AZ
AZZ507,04009,Graham,AZ
AZZ507,04019,Pima,AZ
AZZ507,04023,Santa Cruz,AZ
AZZ508,04003,Cochise,AZ
AZZ509,04009,Graham,AZ
AZZ509,04011,Greenlee,AZ
AZZ510,04009,Graham,AZ
AZZ510,04011,Greenlee,AZ
AZZ511,04003,Cochise,AZ
AZZ511,04009,Graham,AZ
AZZ511,04021,Pinal,AZ
AZZ512,04003,Cochise,AZ
AZZ513,04003,Cochise,AZ
AZZ513,04019,Pima,AZ
AZZ513,04023,Santa Cruz,AZ
AZZ514,04019,Pima,AZ
AZZ514,04021,Pinal,AZ
AZZ515,04019,Pima,AZ
AZZ530,04012,La Paz,AZ
AZZ531,04012,La Paz,AZ
AZZ531,04027,Yuma,AZ
AZZ532,04027,Yuma,AZ
AZZ533,04012,La Paz,AZ
AZZ534,04013,Maricopa,AZ
AZZ535,04027,Yuma,AZ
AZZ536,04027,Yuma,AZ
AZZ537,04013,Maricopa,AZ
AZZ538,04013,Maricopa,AZ
AZZ539,04013,Maricopa,AZ
AZZ540,04013,Maricopa,AZ
AZZ541,04013,Maricopa,AZ
AZZ542,04013,Maricopa,AZ
AZZ543,04013,Maricopa,AZ
AZZ544,04013,Maricopa,AZ
AZZ545,04013,Maricopa,AZ
AZZ546,04013,Maricopa,AZ
AZZ547,04013,Maricopa,AZ
AZZ548,04013,Maricopa,AZ
AZZ549,04013,Maricopa,AZ
AZZ550,04013,Maricopa,AZ
AZZ551,04013,Maricopa,AZ
AZZ552,04021,Pinal,AZ
AZZ553,04021,Pinal,AZ
AZZ554,04021,Pinal,AZ
AZZ555,04021,Pinal,AZ
AZZ556,04007,Gila,AZ
AZZ557,04007,Gila,AZ
AZZ557,04013,Maricopa,AZ
AZZ558,04007,Gila,AZ
AZZ558,04013,Maricopa,AZ
AZZ558,04021,Pinal,AZ
AZZ559,04013,Maricopa,AZ
AZZ560,04007,Gila,AZ
AZZ561,04007,Gila,AZ
AZZ562,04007,Gila,AZ
AZZ563,04007,Gila,AZ
AZZ570,04015,Mohave,AZ
AZZ571,04015,Mohave,AZ
AZZ575,04015,Mohave,AZ
AZZ576,04015,Mohave,AZ
CAZ006,06075,San Francisco,CA
CAZ038,06083,Santa Barbara,CA
CAZ043,06073,San Diego,CA
CAZ048,06065,Riverside,CA
CAZ048,06071,San Bernardino,CA
CAZ050,06073,San Diego,CA
CAZ055,06071,San Bernardino,CA
CAZ056,06065,Riverside,CA
CAZ057,06059,Orange,CA
CAZ057,06065,Riverside,CA
CAZ057,06073,San Diego,CA
CAZ058,06073,San Diego,CA
CAZ060,06071,San Bernardino,CA
CAZ061,06065,Riverside,CA
CAZ062,06073,San Diego,CA
CAZ065,06065,Riverside,CA
CAZ070,06049,Modoc,CA
CAZ071,06035,Lassen,CA
CAZ071,06063,Plumas,CA
CAZ071,06091,Sierra,CA
CAZ072,06003,Alpine,CA
CAZ072,06017,El Dorado,CA
CAZ072,06057,Nevada,CA
CAZ072,06061,Placer,CA
CAZ073,06051,Mono,CA
CAZ080,06093,Siskiyou,CA
CAZ081,06093,Siskiyou,CA
CAZ082,06093,Siskiyou,CA
CAZ083,06093,Siskiyou,CA
CAZ084,06049,Modoc,CA
CAZ084,06093,Siskiyou,CA
CAZ085,06049,Modoc,CA
CAZ087,06037,Los Angeles,CA
CAZ088,06037,Los Angeles,CA
CAZ101,06015,Del Norte,CA
CAZ102,06015,Del Norte,CA
CAZ103,06023,Humboldt,CA
CAZ104,06023,Humboldt,CA
CAZ105,06023,Humboldt,CA
CAZ106,06023,Humboldt,CA
CAZ108,06105,Trinity,CA
CAZ109,06045,Mendocino,CA
CAZ110,06045,Mendocino,CA
CAZ111,06045,Mendocino,CA
CAZ112,06045,Mendocino,CA
CAZ113,06045,Mendocino,CA
CAZ114,06033,Lake,CA
CAZ116,06105,Trinity,CA
CAZ117,06105,Trinity,CA
CAZ118,06033,Lake,CA
CAZ119,06033,Lake,CA
CAZ120,06033,Lake,CA
CAZ121,06089,Shasta,CA
CAZ122,06089,Shasta,CA
CAZ123,06089,Shasta,CA
CAZ124,06089,Shasta,CA
CAZ125,06089,Shasta,CA
CAZ126,06089,Shasta,CA
CAZ127,06089,Shasta,CA
CAZ128,06035,Lassen,CA
CAZ128,06063,Plumas,CA
CAZ128,06089,Shasta,CA
CAZ128,06103,Tehama,CA
CAZ129,06007,Butte,CA
CAZ129,06063,Plumas,CA
CAZ129,06103,Tehama,CA
CAZ130,06007,Butte,CA
CAZ130,06063,Plumas,CA
CAZ130,06103,Tehama,CA
CAZ131,06057,Nevada,CA
CAZ131,06061,Placer,CA
CAZ131,06115,Yuba,CA
CAZ132,06057,Nevada,CA
CAZ132,06061,Placer,CA
CAZ132,06091,Sierra,CA
CAZ133,06057,Nevada,CA
CAZ133,06061,Placer,CA
CAZ133,06091,Sierra,CA
CAZ134,06005,Amador,CA
CAZ134,06017,El Dorado,CA
CAZ135,06005,Amador,CA
CAZ135,06017,El Dorado,CA
CAZ136,06003,Alpine,CA
CAZ136,06005,Amador,CA
CAZ136,06017,El Dorado,CA
CAZ137,06009,Calaveras,CA
CAZ137,06109,Tuolumne,CA
CAZ138,06009,Calaveras,CA
CAZ138,06109,Tuolumne,CA
CAZ139,06003,Alpine,CA
CAZ139,06009,Calaveras,CA
CAZ139,06109,Tuolumne,CA
CAZ140,06103,Tehama,CA
CAZ141,06103,Tehama,CA
CAZ142,06103,Tehama,CA
CAZ143,06011,Colusa,CA
CAZ143,06021,Glenn,CA
CAZ144,06021,Glenn,CA
CAZ145,06021,Glenn,CA
CAZ146,06007,Butte,CA
CAZ147,06011,Colusa,CA
CAZ147,06021,Glenn,CA
CAZ148,06011,Colusa,CA
CAZ149,06011,Colusa,CA
CAZ150,06057,Nevada,CA
CAZ150,06061,Placer,CA
CAZ150,06101,Sutter,CA
CAZ150,06115,Yuba,CA
CAZ151,06095,Solano,CA
CAZ151,06113,Yolo,CA
CAZ152,06095,Solano,CA
CAZ152,06113,Yolo,CA
CAZ153,06095,Solano,CA
CAZ153,06113,Yolo,CA
CAZ154,06005,Amador,CA
CAZ154,06017,El Dorado,CA
CAZ154,06061,Placer,CA
CAZ154,06067,Sacramento,CA
CAZ154,06113,Yolo,CA
CAZ155,06095,Solano,CA
CAZ156,06095,Solano,CA
CAZ157,06067,Sacramento,CA
CAZ158,06077,San Joaquin,CA
CAZ159,06077,San Joaquin,CA
CAZ160,06077,San Joaquin,CA
CAZ161,06009,Calaveras,CA
CAZ161,06099,Stanislaus,CA
CAZ161,06109,Tuolumne,CA
CAZ162,06099,Stanislaus,CA
CAZ163,06099,Stanislaus,CA
CAZ164,06099,Stanislaus,CA
CAZ300,06019,Fresno,CA
CAZ300,06047,Merced,CA
CAZ301,06019,Fresno,CA
CAZ301,06047,Merced,CA
CAZ302,06019,Fresno,CA
CAZ302,06039,Madera,CA
CAZ302,06047,Merced,CA
CAZ303,06039,Madera,CA
CAZ303,06043,Mariposa,CA
CAZ303,06047,Merced,CA
CAZ304,06019,Fresno,CA
CAZ304,06031,Kings,CA
CAZ305,06019,Fresno,CA
CAZ305,06031,Kings,CA
CAZ306,06019,Fresno,CA
CAZ306,06107,Tulare,CA
CAZ307,06019,Fresno,CA
CAZ308,06019,Fresno,CA
CAZ308,06029,Kern,CA
CAZ308,06031,Kings,CA
CAZ309,06029,Kern,CA
CAZ309,06031,Kings,CA
CAZ310,06029,Kern,CA
CAZ310,06031,Kings,CA
CAZ310,06107,Tulare,CA
CAZ311,06019,Fresno,CA
CAZ311,06031,Kings,CA
CAZ311,06107,Tulare,CA
CAZ312,06019,Fresno,CA
CAZ312,06107,Tulare,CA
CAZ313,06029,Kern,CA
CAZ314,06029,Kern,CA
CAZ315,06029,Kern,CA
CAZ315,06107,Tulare,CA
CAZ316,06029,Kern,CA
CAZ317,06039,Madera,CA
CAZ317,06043,Mariposa,CA
CAZ317,06047,Merced,CA
CAZ318,06039,Madera,CA
CAZ318,06043,Mariposa,CA
CAZ319,06019,Fresno,CA
CAZ319,06107,Tulare,CA
CAZ320,06019,Fresno,CA
CAZ320,06107,Tulare,CA
CAZ321,06029,Kern,CA
CAZ321,06107,Tulare,CA
CAZ322,06029,Kern,CA
CAZ322,06107,Tulare,CA
CAZ323,06039,Madera,CA
CAZ323,06043,Mariposa,CA
CAZ323,06109,Tuolumne,CA
CAZ324,06043,Mariposa,CA
CAZ325,06019,Fresno,CA
CAZ325,06039,Madera,CA
CAZ326,06019,Fresno,CA
CAZ326,06039,Madera,CA
CAZ327,06019,Fresno,CA
CAZ328,06019,Fresno,CA
CAZ328,06107,Tulare,CA
CAZ329,06019,Fresno,CA
CAZ329,06107,Tulare,CA
CAZ330,06107,Tulare,CA
CAZ331,06029,Kern,CA
CAZ331,06107,Tulare,CA
CAZ332,06029,Kern,CA
CAZ332,06107,Tulare,CA
CAZ333,06029,Kern,CA
CAZ334,06029,Kern,CA
CAZ335,06029,Kern,CA
CAZ336,06029,Kern,CA
CAZ337,06029,Kern,CA
CAZ338,06029,Kern,CA
CAZ339,06029,Kern,CA
CAZ340,06079,San Luis Obispo,CA
CAZ341,06079,San Luis Obispo,CA
CAZ342,06079,San Luis Obispo,CA
CAZ343,06079,San Luis Obispo,CA
CAZ344,06079,San Luis Obispo,CA
CAZ345,06079,San Luis Obispo,CA
CAZ346,06083,Santa Barbara,CA
CAZ347,06083,Santa Barbara,CA
CAZ348,06083,Santa Barbara,CA
CAZ349,06083,Santa Barbara,CA
CAZ350,06083,Santa Barbara,CA
CAZ351,06083,Santa Barbara,CA
CAZ352,06083,Santa Barbara,CA
CAZ352,06111,Ventura,CA
CAZ353,06083,Santa Barbara,CA
CAZ354,06111,Ventura,CA
CAZ355,06111,Ventura,CA
CAZ356,06111,Ventura,CA
CAZ357,06111,Ventura,CA
CAZ358,06111,Ventura,CA
CAZ362,06037,Los Angeles,CA
CAZ366,06037,Los Angeles,CA
CAZ367,06037,Los Angeles,CA
CAZ368,06037,Los Angeles,CA
CAZ369,06037,Los Angeles,CA
CAZ369,06111,Ventura,CA
CAZ370,06037,Los Angeles,CA
CAZ371,06037,Los Angeles,CA
CAZ372,06037,Los Angeles,CA
CAZ373,06037,Los Angeles,CA
CAZ374,06111,Ventura,CA
CAZ375,06037,Los Angeles,CA
CAZ375,06111,Ventura,CA
CAZ376,06111,Ventura,CA
CAZ377,06111,Ventura,CA
CAZ378,06037,Los Angeles,CA
CAZ379,06037,Los Angeles,CA
CAZ380,06037,Los Angeles,CA
CAZ381,06037,Los Angeles,CA
CAZ382,06037,Los Angeles,CA
CAZ383,06037,Los Angeles,CA
CAZ502,06041,Marin,CA
CAZ503,06097,Sonoma,CA
CAZ504,06055,Napa,CA
CAZ504,06097,Sonoma,CA
CAZ505,06041,Marin,CA
CAZ505,06097,Sonoma,CA
CAZ506,06041,Marin,CA
CAZ506,06055,Napa,CA
CAZ506,06097,Sonoma,CA
CAZ508,06001,Alameda,CA
CAZ508,06013,Contra Costa,CA
CAZ508,06081,San Mateo,CA
CAZ508,06085,Santa Clara,CA
CAZ509,06081,San Mateo,CA
CAZ509,06087,Santa Cruz,CA
CAZ510,06001,Alameda,CA
CAZ510,06013,Contra Costa,CA
CAZ512,06081,San Mateo,CA
CAZ512,06085,Santa Clara,CA
CAZ512,06087,Santa Cruz,CA
CAZ513,06085,Santa Clara,CA
CAZ514,06085,Santa Clara,CA
CAZ515,06001,Alameda,CA
CAZ515,06013,Contra Costa,CA
CAZ516,06053,Monterey,CA
CAZ517,06053,Monterey,CA
CAZ518,06053,Monterey,CA
CAZ518,06069,San Benito,CA
CAZ519,06027,Inyo,CA
CAZ521,06027,Inyo,CA
CAZ522,06027,Inyo,CA
CAZ523,06071,San Bernardino,CA
CAZ524,06071,San Bernardino,CA
CAZ525,06071,San Bernardino,CA
CAZ526,06071,San Bernardino,CA
CAZ527,06071,San Bernardino,CA
CAZ528,06053,Monterey,CA
CAZ528,06069,San Benito,CA
CAZ529,06087,Santa Cruz,CA
CAZ530,06053,Monterey,CA
CAZ548,06037,Los Angeles,CA
CAZ549,06083,Santa Barbara,CA
CAZ550,06083,Santa Barbara,CA
CAZ552,06059,Orange,CA
CAZ554,06059,Orange,CA
CAZ560,06071,San Bernardino,CA
CAZ561,06071,San Bernardino,CA
CAZ562,06025,Imperial,CA
CAZ563,06025,Imperial,CA
CAZ563,06065,Riverside,CA
CAZ564,06025,Imperial,CA
CAZ564,06065,Riverside,CA
CAZ565,06025,Imperial,CA
CAZ566,06025,Imperial,CA
CAZ567,06025,Imperial,CA
CAZ568,06065,Riverside,CA
CAZ569,06025,Imperial,CA
CAZ569,06065,Riverside,CA
CAZ570,06065,Riverside,CA
CAZ581,06027,Inyo,CA
CAZ582,06027,Inyo,CA
COZ001,08045,Garfield,CO
COZ001,08081,Moffat,CO
COZ001,08103,Rio Blanco,CO
COZ002,08081,Moffat,CO
COZ002,08103,Rio Blanco,CO
COZ002,08107,Routt,CO
COZ003,08045,Garfield,CO
COZ003,08077,Mesa,CO
COZ003,08103,Rio Blanco,CO
COZ004,08081,Moffat,CO
COZ004,08107,Routt,CO
COZ005,08107,Routt,CO
COZ006,08045,Garfield,CO
COZ006,08077,Mesa,CO
COZ007,08045,Garfield,CO
COZ007,08077,Mesa,CO
COZ008,08037,Eagle,CO
COZ008,08045,Garfield,CO
COZ008,08097,Pitkin,CO
COZ009,08029,Delta,CO
COZ009,08045,Garfield,CO
COZ009,08077,Mesa,CO
COZ010,08037,Eagle,CO
COZ010,08045,Garfield,CO
COZ010,08097,Pitkin,CO
COZ011,08029,Delta,CO
COZ011,08051,Gunnison,CO
COZ011,08077,Mesa,CO
COZ011,08085,Montrose,CO
COZ012,08029,Delta,CO
COZ012,08051,Gunnison,CO
COZ012,08085,Montrose,CO
COZ013,08037,Eagle,CO
COZ013,08045,Garfield,CO
COZ013,08081,Moffat,CO
COZ013,08103,Rio Blanco,CO
COZ013,08107,Routt,CO
COZ014,08051,Gunnison,CO
COZ014,08085,Montrose,CO
COZ017,08029,Delta,CO
COZ017,08077,Mesa,CO
COZ017,08085,Montrose,CO
COZ017,08091,Ouray,CO
COZ017,08113,San Miguel,CO
COZ018,08051,Gunnison,CO
COZ018,08053,Hinsdale,CO
COZ018,08085,Montrose,CO
COZ018,08091,Ouray,CO
COZ018,08113,San Miguel,CO
COZ019,08007,Archuleta,CO
COZ019,08033,Dolores,CO
COZ019,08053,Hinsdale,CO
COZ019,08067,La Plata,CO
COZ019,08083,Montezuma,CO
COZ019,08111,San Juan,CO
COZ019,08113,San Miguel,CO
COZ020,08033,Dolores,CO
COZ020,08077,Mesa,CO
COZ020,08085,Montrose,CO
COZ020,08113,San Miguel,CO
COZ021,08033,Dolores,CO
COZ021,08083,Montezuma,CO
COZ021,08113,San Miguel,CO
COZ022,08067,La Plata,CO
COZ023,08007,Archuleta,CO
COZ030,08057,Jackson,CO
COZ031,08049,Grand,CO
COZ031,08057,Jackson,CO
COZ032,08049,Grand,CO
COZ032,08117,Summit,CO
COZ033,08013,Boulder,CO
COZ033,08049,Grand,CO
COZ033,08057,Jackson,CO
COZ033,08069,Larimer,CO
COZ034,08013,Boulder,CO
COZ034,08019,Clear Creek,CO
COZ034,08047,Gilpin,CO
COZ034,08049,Grand,CO
COZ034,08059,Jefferson,CO
COZ034,08093,Park,CO
COZ034,08117,Summit,CO
COZ035,08013,Boulder,CO
COZ035,08069,Larimer,CO
COZ036,08019,Clear Creek,CO
COZ036,08035,Douglas,CO
COZ036,08047,Gilpin,CO
COZ036,08059,Jefferson,CO
COZ036,08093,Park,CO
COZ037,08093,Park,CO
COZ038,08069,Larimer,CO
COZ038,08123,Weld,CO
COZ039,08013,Boulder,CO
COZ039,08014,Broomfield,CO
COZ039,08059,Jefferson,CO
COZ040,08001,Adams,CO
COZ040,08005,Arapahoe,CO
COZ040,08014,Broomfield,CO
COZ040,08031,Denver,CO
COZ040,08035,Douglas,CO
COZ041,08005,Arapahoe,CO
COZ041,08035,Douglas,CO
COZ041,08039,Elbert,CO
COZ042,08123,Weld,CO
COZ043,08123,Weld,CO
COZ044,08087,Morgan,CO
COZ045,08001,Adams,CO
COZ045,08005,Arapahoe,CO
COZ046,08039,Elbert,CO
COZ046,08073,Lincoln,CO
COZ047,08039,Elbert,CO
COZ047,08073,Lincoln,CO
COZ048,08075,Logan,CO
COZ049,08121,Washington,CO
COZ050,08115,Sedgwick,CO
COZ051,08095,Phillips,CO
COZ058,08065,Lake,CO
COZ059,08065,Lake,CO
COZ060,08015,Chaffee,CO
COZ060,08065,Lake,CO
COZ060,08109,Saguache,CO
COZ061,08015,Chaffee,CO
COZ062,08015,Chaffee,CO
COZ063,08015,Chaffee,CO
COZ064,08109,Saguache,CO
COZ065,08105,Rio Grande,CO
COZ065,08109,Saguache,CO
COZ066,08079,Mineral,CO
COZ066,08105,Rio Grande,CO
COZ066,08109,Saguache,CO
COZ067,08021,Conejos,CO
COZ067,08079,Mineral,CO
COZ067,08105,Rio Grande,CO
COZ068,08021,Conejos,CO
COZ068,08079,Mineral,CO
COZ068,08105,Rio Grande,CO
COZ069,08105,Rio Grande,CO
COZ069,08109,Saguache,CO
COZ070,08003,Alamosa,CO
COZ070,08105,Rio Grande,CO
COZ071,08021,Conejos,CO
COZ071,08023,Costilla,CO
COZ072,08003,Alamosa,CO
COZ072,08015,Chaffee,CO
COZ072,08023,Costilla,CO
COZ072,08027,Custer,CO
COZ072,08043,Fremont,CO
COZ072,08055,Huerfano,CO
COZ072,08109,Saguache,CO
COZ073,08003,Alamosa,CO
COZ073,08023,Costilla,CO
COZ073,08027,Custer,CO
COZ073,08043,Fremont,CO
COZ073,08055,Huerfano,CO
COZ073,08109,Saguache,CO
COZ074,08023,Costilla,CO
COZ074,08055,Huerfano,CO
COZ074,08071,Las Animas,CO
COZ075,08023,Costilla,CO
COZ075,08055,Huerfano,CO
COZ075,08071,Las Animas,CO
COZ076,08043,Fremont,CO
COZ077,08043,Fremont,CO
COZ078,08027,Custer,CO
COZ078,08055,Huerfano,CO
COZ079,08027,Custer,CO
COZ079,08043,Fremont,CO
COZ079,08055,Huerfano,CO
COZ079,08101,Pueblo,CO
COZ080,08027,Custer,CO
COZ080,08055,Huerfano,CO
COZ080,08101,Pueblo,CO
COZ081,08041,El Paso,CO
COZ081,08043,Fremont,CO
COZ081,08119,Teller,CO
COZ082,08041,El Paso,CO
COZ082,08119,Teller,CO
COZ083,08027,Custer,CO
COZ083,08043,Fremont,CO
COZ083,08119,Teller,CO
COZ084,08041,El Paso,CO
COZ085,08041,El Paso,CO
COZ086,08101,Pueblo,CO
COZ087,08055,Huerfano,CO
COZ088,08071,Las Animas,CO
COZ089,08025,Crowley,CO
COZ090,08125,Yuma,CO
COZ091,08063,Kit Carson,CO
COZ092,08017,Cheyenne,CO
COZ093,08089,Otero,CO
COZ094,08071,Las Animas,CO
COZ095,08061,Kiowa,CO
COZ096,08061,Kiowa,CO
COZ097,08011,Bent,CO
COZ098,08099,Prowers,CO
COZ099,08009,Baca,CO
CTZ001,09005,Litchfield,CT
CTZ002,09003,Hartford,CT
CTZ003,09013,Tolland,CT
CTZ004,09015,Windham,CT
CTZ005,09001,Fairfield,CT
CTZ006,09009,New Haven,CT
CTZ007,09007,Middlesex,CT
CTZ008,09011,New London,CT
CTZ009,09001,Fairfield,CT
CTZ010,09009,New Haven,CT
CTZ011,09007,Middlesex,CT
CTZ012,09011,New London,CT
CTZ013,09005,Litchfield,CT
DCZ001,11001,District of Columbia,DC
DEZ001,10003,New Castle,DE
DEZ002,10001,Kent,DE
DEZ003,10005,Sussex,DE
DEZ004,10005,Sussex,DE
FLZ007,12131,Walton,FL
FLZ008,12131,Walton,FL
FLZ009,12059,Holmes,FL
FLZ010,12133,Washington,FL
FLZ011,12063,Jackson,FL
FLZ012,12005,Bay,FL
FLZ013,12013,Calhoun,FL
FLZ014,12045,Gulf,FL
FLZ015,12037,Franklin,FL
FLZ016,12039,Gadsden,FL
FLZ017,12073,Leon,FL
FLZ018,12065,Jefferson,FL
FLZ019,12079,Madison,FL
FLZ021,12121,Suwannee,FL
FLZ023,12003,Baker,FL
FLZ024,12089,Nassau,FL
FLZ027,12129,Wakulla,FL
FLZ028,12123,Taylor,FL
FLZ029,12067,Lafayette,FL
FLZ030,12125,Union,FL
FLZ031,12007,Bradford,FL
FLZ034,12029,Dixie,FL
FLZ035,12041,Gilchrist,FL
FLZ038,12035,Flagler,FL
FLZ041,12127,Volusia,FL
FLZ043,12119,Sumter,FL
FLZ044,12069,Lake,FL
FLZ045,12095,Orange,FL
FLZ046,12117,Seminole,FL
FLZ050,12103,Pinellas,FL
FLZ052,12105,Polk,FL
FLZ053,12097,Osceola,FL
FLZ056,12049,Hardee,FL
FLZ057,12055,Highlands,FL
FLZ058,12093,Okeechobee,FL
FLZ061,12027,DeSoto,FL
FLZ063,12043,Glades,FL
FLZ066,12051,Hendry,FL
FLZ067,12099,Palm Beach,FL
FLZ068,12099,Palm Beach,FL
FLZ069,12021,Collier,FL
FLZ070,12021,Collier,FL
FLZ071,12011,Broward,FL
FLZ072,12011,Broward,FL
FLZ073,12086,Miami-Dade,FL
FLZ074,12086,Miami-Dade,FL
FLZ075,12087,Mainland Monroe,FL
FLZ076,12087,Upper Keys in Monroe,FL
FLZ077,12087,Middle Keys in Monroe,FL
FLZ078,12087,Lower Keys in Monroe,FL
FLZ108,12131,Walton,FL
FLZ112,12005,Bay,FL
FLZ114,12045,Gulf,FL
FLZ115,12037,Franklin,FL
FLZ118,12065,Jefferson,FL
FLZ120,12047,Hamilton,FL
FLZ124,12089,Nassau,FL
FLZ125,12031,Duval,FL
FLZ127,12129,Wakulla,FL
FLZ128,12123,Taylor,FL
FLZ132,12019,Clay,FL
FLZ134,12029,Dixie,FL
FLZ136,12001,Alachua,FL
FLZ137,12107,Putnam,FL
FLZ138,12035,Flagler,FL
FLZ139,12075,Levy,FL
FLZ140,12083,Marion,FL
FLZ141,12127,Volusia,FL
FLZ142,12017,Citrus,FL
FLZ144,12069,Lake,FL
FLZ148,12053,Hernando,FL
FLZ149,12101,Pasco,FL
FLZ151,12057,Hillsborough,FL
FLZ154,12061,Indian River,FL
FLZ155,12081,Manatee,FL
FLZ159,12111,St. Lucie,FL
FLZ160,12115,Sarasota,FL
FLZ162,12015,Charlotte,FL
FLZ164,12085,Martin,FL
FLZ165,12071,Lee,FL
FLZ168,12099,Palm Beach,FL
FLZ172,12011,Broward,FL
FLZ173,12086,Miami-Dade,FL
FLZ174,12086,Miami-Dade,FL
FLZ201,12033,Escambia,FL
FLZ202,12033,Escambia,FL
FLZ203,12113,Santa Rosa,FL
FLZ204,12113,Santa Rosa,FL
FLZ205,12091,Okaloosa,FL
FLZ206,12091,Okaloosa,FL
FLZ220,12047,Hamilton,FL
FLZ225,12031,Duval,FL
FLZ232,12019,Clay,FL
FLZ233,12109,St. Johns,FL
FLZ236,12001,Alachua,FL
FLZ237,12107,Putnam,FL
FLZ239,12075,Levy,FL
FLZ240,12083,Marion,FL
FLZ242,12017,Citrus,FL
FLZ247,12009,Brevard,FL
FLZ248,12053,Hernando,FL
FLZ249,12101,Pasco,FL
FLZ251,12057,Hillsborough,FL
FLZ254,12061,Indian River,FL
FLZ255,12081,Manatee,FL
FLZ259,12111,St. Lucie,FL
FLZ260,12115,Sarasota,FL
FLZ262,12015,Charlotte,FL
FLZ264,12085,Martin,FL
FLZ265,12071,Lee,FL
FLZ322,12023,Columbia,FL
FLZ325,12031,Duval,FL
FLZ326,12077,Liberty,FL
FLZ333,12109,St. Johns,FL
FLZ340,12083,Marion,FL
FLZ347,12009,Brevard,FL
FLZ422,12023,Columbia,FL
FLZ425,12031,Duval,FL
FLZ426,12077,Liberty,FL
FLZ433,12109,St. Johns,FL
FLZ447,12009,Brevard,FL
FLZ522,12023,Columbia,FL
FLZ533,12109,St. Johns,FL
FLZ547,12009,Brevard,FL
FLZ633,12109,St. Johns,FL
FLZ647,12009,Brevard,FL
FLZ747,12009,Brevard,FL
FMZ001,64005,Kosrae,FM
FMZ011,64090,Pingelap,FM
FMZ012,64040,Mwoakilloa,FM
FMZ013,64040,Pohnpei,FM
FMZ014,64040,Pakin,FM
FMZ015,64050,Sapwuahfik,FM
FMZ016,64070,Oroluk,FM
FMZ017,64060,Nukuoro,FM
FMZ018,64020,Kapingamarangi,FM
FMZ021,64420,Lukunoch,FM
FMZ022,64410,Losap,FM
FMZ023,64002,Chuuk Lagoon,FM
FMZ024,64350,Fananu,FM
FMZ025,64430,Onoun,FM
FMZ026,64610,Polowat,FM
FMZ031,64090,Satawal,FM
FMZ032,64120,Woleai,FM
FMZ033,64040,Faraulep,FM
FMZ034,64010,Eauripik,FM
FMZ035,64030,Fais,FM
FMZ036,64110,Ulithi,FM
FMZ037,64060,Yap,FM
FMZ038,64080,Ngulu,FM
GAZ001,13083,Dade,GA
GAZ002,13295,Walker,GA
GAZ003,13047,Catoosa,GA
GAZ004,13313,Whitfield,GA
GAZ005,13213,Murray,GA
GAZ006,13111,Fannin,GA
GAZ007,13123,Gilmer,GA
GAZ008,13291,Union,GA
GAZ009,13281,Towns,GA
GAZ010,13241,Rabun,GA
GAZ011,13055,Chattooga,GA
GAZ012,13129,Gordon,GA
GAZ013,13227,Pickens,GA
GAZ014,13085,Dawson,GA
GAZ015,13187,Lumpkin,GA
GAZ016,13311,White,GA
GAZ017,13137,Habersham,GA
GAZ018,13257,Stephens,GA
GAZ019,13115,Floyd,GA
GAZ020,13015,Bartow,GA
GAZ021,13057,Cherokee,GA
GAZ022,13117,Forsyth,GA
GAZ023,13139,Hall,GA
GAZ024,13011,Banks,GA
GAZ025,13157,Jackson,GA
GAZ026,13119,Franklin,GA
GAZ027,13195,Madison,GA
GAZ028,13147,Hart,GA
GAZ029,13105,Elbert,GA
GAZ030,13233,Polk,GA
GAZ031,13223,Paulding,GA
GAZ032,13067,Cobb,GA
GAZ033,13121,Fulton,GA
GAZ034,13135,Gwinnett,GA
GAZ035,13013,Barrow,GA
GAZ036,13059,Clarke,GA
GAZ037,13219,Oconee,GA
GAZ038,13221,Oglethorpe,GA
GAZ039,13317,Wilkes,GA
GAZ040,13181,Lincoln,GA
GAZ041,13143,Haralson,GA
GAZ042,13045,Carroll,GA
GAZ043,13097,Douglas,GA
GAZ044,13121,Fulton,GA
GAZ045,13089,DeKalb,GA
GAZ046,13247,Rockdale,GA
GAZ047,13297,Walton,GA
GAZ048,13217,Newton,GA
GAZ049,13211,Morgan,GA
GAZ050,13133,Greene,GA
GAZ051,13265,Taliaferro,GA
GAZ052,13149,Heard,GA
GAZ053,13077,Coweta,GA
GAZ054,13113,Fayette,GA
GAZ055,13063,Clayton,GA
GAZ056,13255,Spalding,GA
GAZ057,13151,Henry,GA
GAZ058,13035,Butts,GA
GAZ059,13159,Jasper,GA
GAZ060,13237,Putnam,GA
GAZ061,13141,Hancock,GA
GAZ062,13301,Warren,GA
GAZ063,13189,McDuffie,GA
GAZ064,13073,Columbia,GA
GAZ065,13245,Richmond,GA
GAZ066,13285,Troup,GA
GAZ067,13199,Meriwether,GA
GAZ068,13231,Pike,GA
GAZ069,13293,Upson,GA
GAZ070,13171,Lamar,GA
GAZ071,13207,Monroe,GA
GAZ072,13169,Jones,GA
GAZ073,13009,Baldwin,GA
GAZ074,13303,Washington,GA
GAZ075,13125,Glascock,GA
GAZ076,13163,Jefferson,GA
GAZ077,13033,Burke,GA
GAZ078,13145,Harris,GA
GAZ079,13263,Talbot,GA
GAZ080,13269,Taylor,GA
GAZ081,13079,Crawford,GA
GAZ082,13021,Bibb,GA
GAZ083,13289,Twiggs,GA
GAZ084,13319,Wilkinson,GA
GAZ085,13167,Johnson,GA
GAZ086,13107,Emanuel,GA
GAZ087,13165,Jenkins,GA
GAZ088,13251,Screven,GA
GAZ089,13215,Muscogee,GA
GAZ090,13053,Chattahoochee,GA
GAZ091,13197,Marion,GA
GAZ092,13249,Schley,GA
GAZ093,13193,Macon,GA
GAZ094,13225,Peach,GA
GAZ095,13153,Houston,GA
GAZ096,13023,Bleckley,GA
GAZ097,13175,Laurens,GA
GAZ098,13283,Treutlen,GA
GAZ099,13043,Candler,GA
GAZ100,13031,Bulloch,GA
GAZ101,13103,Effingham,GA
GAZ102,13259,Stewart,GA
GAZ103,13307,Webster,GA
GAZ104,13261,Sumter,GA
GAZ105,13093,Dooly,GA
GAZ106,13081,Crisp,GA
GAZ107,13235,Pulaski,GA
GAZ108,13315,Wilcox,GA
GAZ109,13091,Dodge,GA
GAZ110,13271,Telfair,GA
GAZ111,13309,Wheeler,GA
GAZ112,13209,Montgomery,GA
GAZ113,13279,Toombs,GA
GAZ114,13267,Tattnall,GA
GAZ115,13109,Evans,GA
GAZ120,13239,Quitman,GA
GAZ121,13061,Clay,GA
GAZ122,13243,Randolph,GA
GAZ123,13037,Calhoun,GA
GAZ124,13273,Terrell,GA
GAZ125,13095,Dougherty,GA
GAZ126,13177,Lee,GA
GAZ127,13321,Worth,GA
GAZ128,13287,Turner,GA
GAZ129,13277,Tift,GA
GAZ130,13017,Ben Hill,GA
GAZ131,13155,Irwin,GA
GAZ132,13069,Coffee,GA
GAZ133,13161,Jeff Davis,GA
GAZ134,13005,Bacon,GA
GAZ135,13001,Appling,GA
GAZ136,13305,Wayne,GA
GAZ137,13183,Long,GA
GAZ142,13099,Early,GA
GAZ143,13201,Miller,GA
GAZ144,13007,Baker,GA
GAZ145,13205,Mitchell,GA
GAZ146,13071,Colquitt,GA
GAZ147,13075,Cook,GA
GAZ148,13019,Berrien,GA
GAZ149,13003,Atkinson,GA
GAZ151,13229,Pierce,GA
GAZ152,13025,Brantley,GA
GAZ153,13127,Glynn,GA
GAZ154,13127,Glynn,GA
GAZ155,13253,Seminole,GA
GAZ156,13087,Decatur,GA
GAZ157,13131,Grady,GA
GAZ158,13275,Thomas,GA
GAZ159,13027,Brooks,GA
GAZ160,13185,Lowndes,GA
GAZ161,13173,Lanier,GA
GAZ162,13101,Echols,GA
GAZ163,13065,Clinch,GA
GAZ165,13039,Camden,GA
GAZ166,13039,Camden,GA
GAZ216,13029,Bryan,GA
GAZ217,13029,Bryan,GA
GAZ218,13051,Chatham,GA
GAZ219,13051,Chatham,GA
GAZ238,13179,Liberty,GA
GAZ239,13179,Liberty,GA
GAZ240,13191,McIntosh,GA
GAZ241,13191,McIntosh,GA
GAZ250,13299,Ware,GA
GAZ264,13049,Charlton,GA
GAZ350,13299,Ware,GA
GAZ364,13049,Charlton,GA
GUZ001,66010,Guam,GU
HIZ001,15007,Kauai,HI
HIZ003,15007,Kauai,HI
HIZ004,15007,Kauai,HI
HIZ006,15003,Honolulu,HI
HIZ007,15003,Honolulu,HI
HIZ009,15003,Honolulu,HI
HIZ010,15003,Honolulu,HI
HIZ011,15003,Honolulu,HI
HIZ015,15009,Maui,HI
HIZ016,15009,Maui,HI
HIZ017,15009,Maui,HI
HIZ018,15009,Maui,HI
HIZ022,15009,Maui,HI
HIZ023,15001,Hawaii,HI
HIZ026,15001,Hawaii,HI
HIZ027,15001,Hawaii,HI
HIZ028,15001,Hawaii,HI
HIZ029,15007,Kauai,HI
HIZ030,15007,Kauai,HI
HIZ031,15007,Kauai,HI
HIZ032,15003,Honolulu,HI
HIZ033,15003,Honolulu,HI
HIZ034,15003,Honolulu,HI
HIZ035,15003,Honolulu,HI
HIZ036,15003,Honolulu,HI
HIZ037,15009,Maui,HI
HIZ038,15009,Maui,HI
HIZ039,15009,Maui,HI
HIZ040,15009,Maui,HI
HIZ041,15009,Maui,HI
HIZ042,15009,Maui,HI
HIZ043,15009,Maui,HI
HIZ044,15009,Maui,HI
HIZ045,15009,Maui,HI
HIZ046,15009,Maui,HI
HIZ047,15009,Maui,HI
HIZ048,15009,Maui,HI
HIZ049,15009,Maui,HI
HIZ050,15001,Hawaii,HI
HIZ051,15001,Hawaii,HI
HIZ052,15001,Hawaii,HI
HIZ053,15001,Hawaii,HI
HIZ054,15001,Hawaii,HI
IAZ001,19119,Lyon,IA
IAZ002,19143,Osceola,IA
IAZ003,19059,Dickinson,IA
IAZ004,19063,Emmet,IA
IAZ005,19109,Kossuth,IA
IAZ006,19189,Winnebago,IA
IAZ007,19195,Worth,IA
IAZ008,19131,Mitchell,IA
IAZ009,19089,Howard,IA
IAZ010,19191,Winneshiek,IA
IAZ011,19005,Allamakee,IA
IAZ012,19167,Sioux,IA
IAZ013,19141,O'Brien,IA
IAZ014,19041,Clay,IA
IAZ015,19147,Palo Alto,IA
IAZ016,19081,Hancock,IA
IAZ017,19033,Cerro Gordo,IA
IAZ018,19067,Floyd,IA
IAZ019,19037,Chickasaw,IA
IAZ020,19149,Plymouth,IA
IAZ021,19035,Cherokee,IA
IAZ022,19021,Buena Vista,IA
IAZ023,19151,Pocahontas,IA
IAZ024,19091,Humboldt,IA
IAZ025,19197,Wright,IA
IAZ026,19069,Franklin,IA
IAZ027,19023,Butler,IA
IAZ028,19017,Bremer,IA
IAZ029,19065,Fayette,IA
IAZ030,19043,Clayton,IA
IAZ031,19193,Woodbury,IA
IAZ032,19093,Ida,IA
IAZ033,19161,Sac,IA
IAZ034,19025,Calhoun,IA
IAZ035,19187,Webster,IA
IAZ036,19079,Hamilton,IA
IAZ037,19083,Hardin,IA
IAZ038,19075,Grundy,IA
IAZ039,19013,Black Hawk,IA
IAZ040,19019,Buchanan,IA
IAZ041,19055,Delaware,IA
IAZ042,19061,Dubuque,IA
IAZ043,19133,Monona,IA
IAZ044,19047,Crawford,IA
IAZ045,19027,Carroll,IA
IAZ046,19073,Greene,IA
IAZ047,19015,Boone,IA
IAZ048,19169,Story,IA
IAZ049,19127,Marshall,IA
IAZ050,19171,Tama,IA
IAZ051,19011,Benton,IA
IAZ052,19113,Linn,IA
IAZ053,19105,Jones,IA
IAZ054,19097,Jackson,IA
IAZ055,19085,Harrison,IA
IAZ056,19165,Shelby,IA
IAZ057,19009,Audubon,IA
IAZ058,19077,Guthrie,IA
IAZ059,19049,Dallas,IA
IAZ060,19153,Polk,IA
IAZ061,19099,Jasper,IA
IAZ062,19157,Poweshiek,IA
IAZ063,19095,Iowa,IA
IAZ064,19103,Johnson,IA
IAZ065,19031,Cedar,IA
IAZ066,19045,Clinton,IA
IAZ067,19139,Muscatine,IA
IAZ068,19163,Scott,IA
IAZ069,19155,Pottawattamie,IA
IAZ070,19029,Cass,IA
IAZ071,19001,Adair,IA
IAZ072,19121,Madison,IA
IAZ073,19181,Warren,IA
IAZ074,19125,Marion,IA
IAZ075,19123,Mahaska,IA
IAZ076,19107,Keokuk,IA
IAZ077,19183,Washington,IA
IAZ078,19115,Louisa,IA
IAZ079,19129,Mills,IA
IAZ080,19137,Montgomery,IA
IAZ081,19003,Adams,IA
IAZ082,19175,Union,IA
IAZ083,19039,Clarke,IA
IAZ084,19117,Lucas,IA
IAZ085,19135,Monroe,IA
IAZ086,19179,Wapello,IA
IAZ087,19101,Jefferson,IA
IAZ088,19087,Henry,IA
IAZ089,19057,Des Moines,IA
IAZ090,19071,Fremont,IA
IAZ091,19145,Page,IA
IAZ092,19173,Taylor,IA
IAZ093,19159,Ringgold,IA
IAZ094,19053,Decatur,IA
IAZ095,19185,Wayne,IA
IAZ096,19007,Appanoose,IA
IAZ097,19051,Davis,IA
IAZ098,19177,Van Buren,IA
IAZ099,19111,Lee,IA
IDZ001,16017,Bonner,ID
IDZ001,16021,Boundary,ID
IDZ001,16055,Kootenai,ID
IDZ002,16055,Kootenai,ID
IDZ003,16009,Benewah,ID
IDZ003,16057,Latah,ID
IDZ004,16009,Benewah,ID
IDZ004,16055,Kootenai,ID
IDZ004,16057,Latah,ID
IDZ004,16079,Shoshone,ID
IDZ005,16035,Clearwater,ID
IDZ006,16049,Idaho,ID
IDZ007,16035,Clearwater,ID
IDZ007,16049,Idaho,ID
IDZ008,16049,Idaho,ID
IDZ009,16059,Lemhi,ID
IDZ010,16059,Lemhi,ID
IDZ011,16003,Adams,ID
IDZ011,16045,Gem,ID
IDZ011,16085,Valley,ID
IDZ011,16087,Washington,ID
IDZ012,16027,Canyon,ID
IDZ012,16045,Gem,ID
IDZ012,16073,Owyhee,ID
IDZ012,16075,Payette,ID
IDZ012,16087,Washington,ID
IDZ013,16015,Boise,ID
IDZ013,16025,Camas,ID
IDZ013,16039,Elmore,ID
IDZ014,16001,Ada,ID
IDZ014,16039,Elmore,ID
IDZ014,16073,Owyhee,ID
IDZ015,16073,Owyhee,ID
IDZ016,16047,Gooding,ID
IDZ016,16053,Jerome,ID
IDZ016,16083,Twin Falls,ID
IDZ026,16069,Nez Perce,ID
IDZ027,16061,Lewis,ID
IDZ027,16069,Nez Perce,ID
IDZ028,16025,Camas,ID
IDZ028,16039,Elmore,ID
IDZ029,16073,Owyhee,ID
IDZ030,16083,Twin Falls,ID
IDZ033,16003,Adams,ID
IDZ033,16087,Washington,ID
IDZ051,16013,Blaine,ID
IDZ051,16063,Lincoln,ID
IDZ051,16067,Minidoka,ID
IDZ052,16011,Bingham,ID
IDZ052,16019,Bonneville,ID
IDZ052,16023,Butte,ID
IDZ052,16051,Jefferson,ID
IDZ053,16019,Bonneville,ID
IDZ053,16043,Fremont,ID
IDZ053,16051,Jefferson,ID
IDZ053,16065,Madison,ID
IDZ054,16005,Bannock,ID
IDZ054,16011,Bingham,ID
IDZ054,16077,Power,ID
IDZ055,16013,Blaine,ID
IDZ055,16031,Cassia,ID
IDZ055,16067,Minidoka,ID
IDZ055,16077,Power,ID
IDZ056,16031,Cassia,ID
IDZ057,16031,Cassia,ID
IDZ057,16071,Oneida,ID
IDZ057,16077,Power,ID
IDZ058,16005,Bannock,ID
IDZ058,16011,Bingham,ID
IDZ058,16029,Caribou,ID
IDZ058,16077,Power,ID
IDZ059,16041,Franklin,ID
IDZ059,16071,Oneida,ID
IDZ060,16007,Bear Lake,ID
IDZ060,16029,Caribou,ID
IDZ060,16041,Franklin,ID
IDZ061,16007,Bear Lake,ID
IDZ062,16011,Bingham,ID
IDZ062,16019,Bonneville,ID
IDZ062,16029,Caribou,ID
IDZ063,16007,Bear Lake,ID
IDZ063,16019,Bonneville,ID
IDZ063,16029,Caribou,ID
IDZ064,16019,Bonneville,ID
IDZ064,16065,Madison,ID
IDZ064,16081,Teton,ID
IDZ065,16043,Fremont,ID
IDZ065,16065,Madison,ID
IDZ065,16081,Teton,ID
IDZ066,16033,Clark,ID
IDZ066,16043,Fremont,ID
IDZ066,16081,Teton,ID
IDZ067,16023,Butte,ID
IDZ067,16033,Clark,ID
IDZ068,16023,Butte,ID
IDZ068,16037,Custer,ID
IDZ069,16023,Butte,ID
IDZ069,16037,Custer,ID
IDZ070,16037,Custer,ID
IDZ071,16037,Custer,ID
IDZ072,16013,Blaine,ID
IDZ072,16037,Custer,ID
IDZ073,16013,Blaine,ID
IDZ073,16037,Custer,ID
IDZ074,16013,Blaine,ID
IDZ074,16023,Butte,ID
IDZ074,16037,Custer,ID
IDZ075,16013,Blaine,ID
ILZ001,17085,Jo Daviess,IL
ILZ002,17177,Stephenson,IL
ILZ003,17201,Winnebago,IL
ILZ004,17007,Boone,IL
ILZ005,17111,McHenry,IL
ILZ006,17097,Lake,IL
ILZ007,17015,Carroll,IL
ILZ008,17141,Ogle,IL
ILZ009,17195,Whiteside,IL
ILZ010,17103,Lee,IL
ILZ011,17037,De Kalb,IL
ILZ012,17089,Kane,IL
ILZ013,17043,DuPage,IL
ILZ015,17161,Rock Island,IL
ILZ016,17073,Henry,IL
ILZ017,17011,Bureau,IL
ILZ018,17155,Putnam,IL
ILZ019,17099,La Salle,IL
ILZ020,17093,Kendall,IL
ILZ021,17063,Grundy,IL
ILZ023,17091,Kankakee,IL
ILZ024,17131,Mercer,IL
ILZ025,17071,Henderson,IL
ILZ026,17187,Warren,IL
ILZ027,17095,Knox,IL
ILZ028,17175,Stark,IL
ILZ029,17143,Peoria,IL
ILZ030,17123,Marshall,IL
ILZ031,17203,Woodford,IL
ILZ032,17105,Livingston,IL
ILZ033,17075,Iroquois,IL
ILZ034,17067,Hancock,IL
ILZ035,17109,McDonough,IL
ILZ036,17057,Fulton,IL
ILZ037,17179,Tazewell,IL
ILZ038,17113,McLean,IL
ILZ039,17053,Ford,IL
ILZ040,17169,Schuyler,IL
ILZ041,17125,Mason,IL
ILZ042,17107,Logan,IL
ILZ043,17039,De Witt,IL
ILZ044,17147,Piatt,IL
ILZ045,17019,Champaign,IL
ILZ046,17183,Vermilion,IL
ILZ047,17017,Cass,IL
ILZ048,17129,Menard,IL
ILZ049,17171,Scott,IL
ILZ050,17137,Morgan,IL
ILZ051,17167,Sangamon,IL
ILZ052,17021,Christian,IL
ILZ053,17115,Macon,IL
ILZ054,17139,Moultrie,IL
ILZ055,17041,Douglas,IL
ILZ056,17029,Coles,IL
ILZ057,17045,Edgar,IL
ILZ058,17061,Greene,IL
ILZ059,17117,Macoupin,IL
ILZ060,17135,Montgomery,IL
ILZ061,17173,Shelby,IL
ILZ062,17035,Cumberland,IL
ILZ063,17023,Clark,IL
ILZ064,17005,Bond,IL
ILZ065,17051,Fayette,IL
ILZ066,17049,Effingham,IL
ILZ067,17079,Jasper,IL
ILZ068,17033,Crawford,IL
ILZ069,17027,Clinton,IL
ILZ070,17121,Marion,IL
ILZ071,17025,Clay,IL
ILZ072,17159,Richland,IL
ILZ073,17101,Lawrence,IL
ILZ074,17189,Washington,IL
ILZ075,17081,Jefferson,IL
ILZ076,17191,Wayne,IL
ILZ077,17047,Edwards,IL
ILZ078,17185,Wabash,IL
ILZ079,17157,Randolph,IL
ILZ080,17145,Perry,IL
ILZ081,17055,Franklin,IL
ILZ082,17065,Hamilton,IL
ILZ083,17193,White,IL
ILZ084,17077,Jackson,IL
ILZ085,17199,Williamson,IL
ILZ086,17165,Saline,IL
ILZ087,17059,Gallatin,IL
ILZ088,17181,Union,IL
ILZ089,17087,Johnson,IL
ILZ090,17151,Pope,IL
ILZ091,17069,Hardin,IL
ILZ092,17003,Alexander,IL
ILZ093,17153,Pulaski,IL
ILZ094,17127,Massac,IL
ILZ095,17001,Adams,IL
ILZ096,17009,Brown,IL
ILZ097,17149,Pike,IL
ILZ098,17013,Calhoun,IL
ILZ099,17083,Jersey,IL
ILZ100,17119,Madison,IL
ILZ101,17163,St. Clair,IL
ILZ102,17133,Monroe,IL
ILZ103,17031,Cook,IL
ILZ104,17031,Cook,IL
ILZ105,17031,Cook,IL
ILZ106,17197,Will,IL
ILZ107,17197,Will,IL
ILZ108,17197,Will,IL
INZ001,18089,Lake,IN
INZ002,18127,Porter,IN
INZ005,18039,Elkhart,IN
INZ006,18087,Lagrange,IN
INZ007,18151,Steuben,IN
INZ008,18113,Noble,IN
INZ009,18033,De Kalb,IN
INZ010,18111,Newton,IN
INZ011,18073,Jasper,IN
INZ012,18149,Starke,IN
INZ013,18131,Pulaski,IN
INZ014,18099,Marshall,IN
INZ015,18049,Fulton,IN
INZ017,18183,Whitley,IN
INZ018,18003,Allen,IN
INZ019,18007,Benton,IN
INZ020,18181,White,IN
INZ021,18015,Carroll,IN
INZ022,18017,Cass,IN
INZ023,18103,Miami,IN
INZ024,18169,Wabash,IN
INZ025,18069,Huntington,IN
INZ026,18179,Wells,IN
INZ027,18001,Adams,IN
INZ028,18171,Warren,IN
INZ029,18157,Tippecanoe,IN
INZ030,18023,Clinton,IN
INZ031,18067,Howard,IN
INZ032,18053,Grant,IN
INZ033,18009,Blackford,IN
INZ034,18075,Jay,IN
INZ035,18045,Fountain,IN
INZ036,18107,Montgomery,IN
INZ037,18011,Boone,IN
INZ038,18159,Tipton,IN
INZ039,18057,Hamilton,IN
INZ040,18095,Madison,IN
INZ041,18035,Delaware,IN
INZ042,18135,Randolph,IN
INZ043,18165,Vermillion,IN
INZ044,18121,Parke,IN
INZ045,18133,Putnam,IN
INZ046,18063,Hendricks,IN
INZ047,18097,Marion,IN
INZ048,18059,Hancock,IN
INZ049,18065,Henry,IN
INZ050,18177,Wayne,IN
INZ051,18167,Vigo,IN
INZ052,18021,Clay,IN
INZ053,18119,Owen,IN
INZ054,18109,Morgan,IN
INZ055,18081,Johnson,IN
INZ056,18145,Shelby,IN
INZ057,18139,Rush,IN
INZ058,18041,Fayette,IN
INZ059,18161,Union,IN
INZ060,18153,Sullivan,IN
INZ061,18055,Greene,IN
INZ062,18105,Monroe,IN
INZ063,18013,Brown,IN
INZ064,18005,Bartholomew,IN
INZ065,18031,Decatur,IN
INZ066,18047,Franklin,IN
INZ067,18083,Knox,IN
INZ068,18027,Daviess,IN
INZ069,18101,Martin,IN
INZ070,18093,Lawrence,IN
INZ071,18071,Jackson,IN
INZ072,18079,Jennings,IN
INZ073,18137,Ripley,IN
INZ074,18029,Dearborn,IN
INZ075,18115,Ohio,IN
INZ076,18117,Orange,IN
INZ077,18175,Washington,IN
INZ078,18143,Scott,IN
INZ079,18077,Jefferson,IN
INZ080,18155,Switzerland,IN
INZ081,18051,Gibson,IN
INZ082,18125,Pike,IN
INZ083,18037,Dubois,IN
INZ084,18025,Crawford,IN
INZ085,18129,Posey,IN
INZ086,18163,Vanderburgh,IN
INZ087,18173,Warrick,IN
INZ088,18147,Spencer,IN
INZ089,18123,Perry,IN
INZ090,18061,Harrison,IN
INZ091,18043,Floyd,IN
INZ092,18019,Clark,IN
INZ103,18091,La Porte,IN
INZ104,18141,St. Joseph,IN
INZ116,18085,Kosciusko,IN
INZ203,18091,La Porte,IN
INZ204,18141,St. Joseph,IN
INZ216,18085,Kosciusko,IN
KSZ001,20023,Cheyenne,KS
KSZ002,20153,Rawlins,KS
KSZ003,20039,Decatur,KS
KSZ004,20137,Norton,KS
KSZ005,20147,Phillips,KS
KSZ006,20183,Smith,KS
KSZ007,20089,Jewell,KS
KSZ008,20157,Republic,KS
KSZ009,20201,Washington,KS
KSZ010,20117,Marshall,KS
KSZ011,20131,Nemaha,KS
KSZ012,20013,Brown,KS
KSZ013,20181,Sherman,KS
KSZ014,20193,Thomas,KS
KSZ015,20179,Sheridan,KS
KSZ016,20065,Graham,KS
KSZ017,20163,Rooks,KS
KSZ018,20141,Osborne,KS
KSZ019,20123,Mitchell,KS
KSZ020,20029,Cloud,KS
KSZ021,20027,Clay,KS
KSZ022,20161,Riley,KS
KSZ023,20149,Pottawatomie,KS
KSZ024,20085,Jackson,KS
KSZ025,20005,Atchison,KS
KSZ026,20087,Jefferson,KS
KSZ027,20199,Wallace,KS
KSZ028,20109,Logan,KS
KSZ029,20063,Gove,KS
KSZ030,20195,Trego,KS
KSZ031,20051,Ellis,KS
KSZ032,20167,Russell,KS
KSZ033,20105,Lincoln,KS
KSZ034,20143,Ottawa,KS
KSZ035,20041,Dickinson,KS
KSZ036,20061,Geary,KS
KSZ037,20127,Morris,KS
KSZ038,20197,Wabaunsee,KS
KSZ039,20177,Shawnee,KS
KSZ040,20045,Douglas,KS
KSZ041,20071,Greeley,KS
KSZ042,20203,Wichita,KS
KSZ043,20171,Scott,KS
KSZ044,20101,Lane,KS
KSZ045,20135,Ness,KS
KSZ046,20165,Rush,KS
KSZ047,20009,Barton,KS
KSZ048,20053,Ellsworth,KS
KSZ049,20169,Saline,KS
KSZ050,20159,Rice,KS
KSZ051,20113,McPherson,KS
KSZ052,20115,Marion,KS
KSZ053,20017,Chase,KS
KSZ054,20111,Lyon,KS
KSZ055,20139,Osage,KS
KSZ056,20059,Franklin,KS
KSZ057,20121,Miami,KS
KSZ058,20031,Coffey,KS
KSZ059,20003,Anderson,KS
KSZ060,20107,Linn,KS
KSZ061,20075,Hamilton,KS
KSZ062,20093,Kearny,KS
KSZ063,20055,Finney,KS
KSZ064,20083,Hodgeman,KS
KSZ065,20145,Pawnee,KS
KSZ066,20185,Stafford,KS
KSZ067,20155,Reno,KS
KSZ068,20079,Harvey,KS
KSZ069,20015,Butler,KS
KSZ070,20073,Greenwood,KS
KSZ071,20207,Woodson,KS
KSZ072,20001,Allen,KS
KSZ073,20011,Bourbon,KS
KSZ074,20187,Stanton,KS
KSZ075,20067,Grant,KS
KSZ076,20081,Haskell,KS
KSZ077,20069,Gray,KS
KSZ078,20057,Ford,KS
KSZ079,20047,Edwards,KS
KSZ080,20097,Kiowa,KS
KSZ081,20151,Pratt,KS
KSZ082,20095,Kingman,KS
KSZ083,20173,Sedgwick,KS
KSZ084,20129,Morton,KS
KSZ085,20189,Stevens,KS
KSZ086,20175,Seward,KS
KSZ087,20119,Meade,KS
KSZ088,20025,Clark,KS
KSZ089,20033,Comanche,KS
KSZ090,20007,Barber,KS
KSZ091,20077,Harper,KS
KSZ092,20191,Sumner,KS
KSZ093,20035,Cowley,KS
KSZ094,20049,Elk,KS
KSZ095,20205,Wilson,KS
KSZ096,20133,Neosho,KS
KSZ097,20037,Crawford,KS
KSZ098,20019,Chautauqua,KS
KSZ099,20125,Montgomery,KS
KSZ100,20099,Labette,KS
KSZ101,20021,Cherokee,KS
KSZ102,20043,Doniphan,KS
KSZ103,20103,Leavenworth,KS
KSZ104,20209,Wyandotte,KS
KSZ105,20091,Johnson,KS
KYZ001,21075,Fulton,KY
KYZ002,21105,Hickman,KY
KYZ003,21039,Carlisle,KY
KYZ004,21007,Ballard,KY
KYZ005,21145,McCracken,KY
KYZ006,21083,Graves,KY
KYZ007,21139,Livingston,KY
KYZ008,21157,Marshall,KY
KYZ009,21035,Calloway,KY
KYZ010,21055,Crittenden,KY
KYZ011,21143,Lyon,KY
KYZ012,21221,Trigg,KY
KYZ013,21033,Caldwell,KY
KYZ014,21225,Union,KY
KYZ015,21233,Webster,KY
KYZ016,21107,Hopkins,KY
KYZ017,21047,Christian,KY
KYZ018,21101,Henderson,KY
KYZ019,21059,Daviess,KY
KYZ020,21149,McLean,KY
KYZ021,21177,Muhlenberg,KY
KYZ022,21219,Todd,KY
KYZ023,21091,Hancock,KY
KYZ024,21027,Breckinridge,KY
KYZ025,21163,Meade,KY
KYZ026,21183,Ohio,KY
KYZ027,21085,Grayson,KY
KYZ028,21093,Hardin,KY
KYZ029,21029,Bullitt,KY
KYZ030,21111,Jefferson,KY
KYZ031,21185,Oldham,KY
KYZ032,21223,Trimble,KY
KYZ033,21103,Henry,KY
KYZ034,21211,Shelby,KY
KYZ035,21073,Franklin,KY
KYZ036,21209,Scott,KY
KYZ037,21097,Harrison,KY
KYZ038,21215,Spencer,KY
KYZ039,21005,Anderson,KY
KYZ040,21239,Woodford,KY
KYZ041,21067,Fayette,KY
KYZ042,21017,Bourbon,KY
KYZ043,21181,Nicholas,KY
KYZ044,21069,Fleming,KY
KYZ045,21179,Nelson,KY
KYZ046,21229,Washington,KY
KYZ047,21167,Mercer,KY
KYZ048,21113,Jessamine,KY
KYZ049,21049,Clark,KY
KYZ050,21173,Montgomery,KY
KYZ051,21011,Bath,KY
KYZ052,21205,Rowan,KY
KYZ053,21123,Larue,KY
KYZ054,21155,Marion,KY
KYZ055,21021,Boyle,KY
KYZ056,21079,Garrard,KY
KYZ057,21151,Madison,KY
KYZ058,21065,Estill,KY
KYZ059,21197,Powell,KY
KYZ060,21165,Menifee,KY
KYZ061,21031,Butler,KY
KYZ062,21061,Edmonson,KY
KYZ063,21099,Hart,KY
KYZ064,21087,Green,KY
KYZ065,21217,Taylor,KY
KYZ066,21045,Casey,KY
KYZ067,21137,Lincoln,KY
KYZ068,21203,Rockcastle,KY
KYZ069,21109,Jackson,KY
KYZ070,21141,Logan,KY
KYZ071,21227,Warren,KY
KYZ072,21213,Simpson,KY
KYZ073,21003,Allen,KY
KYZ074,21009,Barren,KY
KYZ075,21171,Monroe,KY
KYZ076,21169,Metcalfe,KY
KYZ077,21001,Adair,KY
KYZ078,21207,Russell,KY
KYZ079,21199,Pulaski,KY
KYZ080,21125,Laurel,KY
KYZ081,21057,Cumberland,KY
KYZ082,21053,Clinton,KY
KYZ083,21231,Wayne,KY
KYZ084,21147,McCreary,KY
KYZ085,21235,Whitley,KY
KYZ086,21121,Knox,KY
KYZ087,21013,Bell,KY
KYZ088,21095,Harlan,KY
KYZ089,21041,Carroll,KY
KYZ090,21077,Gallatin,KY
KYZ091,21015,Boone,KY
KYZ092,21117,Kenton,KY
KYZ093,21037,Campbell,KY
KYZ094,21187,Owen,KY
KYZ095,21081,Grant,KY
KYZ096,21191,Pendleton,KY
KYZ097,21023,Bracken,KY
KYZ098,21201,Robertson,KY
KYZ099,21161,Mason,KY
KYZ100,21135,Lewis,KY
KYZ101,21089,Greenup,KY
KYZ102,21043,Carter,KY
KYZ103,21019,Boyd,KY
KYZ104,21063,Elliott,KY
KYZ105,21127,Lawrence,KY
KYZ106,21175,Morgan,KY
KYZ107,21115,Johnson,KY
KYZ108,21237,Wolfe,KY
KYZ109,21153,Magoffin,KY
KYZ110,21071,Floyd,KY
KYZ111,21129,Lee,KY
KYZ112,21025,Breathitt,KY
KYZ113,21119,Knott,KY
KYZ114,21189,Owsley,KY
KYZ115,21193,Perry,KY
KYZ116,21051,Clay,KY
KYZ117,21131,Leslie,KY
KYZ118,21133,Letcher,KY
KYZ119,21159,Martin,KY
KYZ120,21195,Pike,KY
LAZ001,22017,Caddo,LA
LAZ002,22015,Bossier,LA
LAZ003,22119,Webster,LA
LAZ004,22027,Claiborne,LA
LAZ005,22061,Lincoln,LA
LAZ006,22111,Union,LA
LAZ007,22067,Morehouse,LA
LAZ008,22123,West Carroll,LA
LAZ009,22035,East Carroll,LA
LAZ010,22031,De Soto,LA
LAZ011,22081,Red River,LA
LAZ012,22013,Bienville,LA
LAZ013,22049,Jackson,LA
LAZ014,22073,Ouachita,LA
LAZ015,22083,Richland,LA
LAZ016,22065,Madison,LA
LAZ017,22085,Sabine,LA
LAZ018,22069,Natchitoches,LA
LAZ019,22127,Winn,LA
LAZ020,22043,Grant,LA
LAZ021,22021,Caldwell,LA
LAZ022,22059,La Salle,LA
LAZ023,22041,Franklin,LA
LAZ024,22025,Catahoula,LA
LAZ025,22107,Tensas,LA
LAZ026,22029,Concordia,LA
LAZ027,22115,Vernon,LA
LAZ028,22079,Rapides,LA
LAZ029,22009,Avoyelles,LA
LAZ030,22011,Beauregard,LA
LAZ031,22003,Allen,LA
LAZ032,22039,Evangeline,LA
LAZ033,22097,St. Landry,LA
LAZ034,22077,Pointe Coupee,LA
LAZ035,22125,West Feliciana,LA
LAZ036,22037,East Feliciana,LA
LAZ037,22091,St. Helena,LA
LAZ039,22117,Washington,LA
LAZ044,22055,Lafayette,LA
LAZ045,22099,St. Martin,LA
LAZ046,22047,Iberville,LA
LAZ047,22121,West Baton Rouge,LA
LAZ048,22033,East Baton Rouge,LA
LAZ055,22099,St. Martin,LA
LAZ056,22007,Assumption,LA
LAZ057,22093,St. James,LA
LAZ058,22095,St. John The Baptist,LA
LAZ064,22087,St. Bernard,LA
LAZ070,22087,St. Bernard,LA
LAZ071,22105,Tangipahoa,LA
LAZ073,22023,Cameron,LA
LAZ074,22023,Cameron,LA
LAZ076,22103,St. Tammany,LA
LAZ077,22071,Orleans,LA
LAZ078,22071,Orleans,LA
LAZ079,22103,St. Tammany,LA
LAZ080,22103,St. Tammany,LA
LAZ081,22105,Tangipahoa,LA
LAZ082,22105,Tangipahoa,LA
LAZ083,22063,Livingston,LA
LAZ084,22063,Livingston,LA
LAZ085,22005,Ascension,LA
LAZ086,22005,Ascension,LA
LAZ087,22051,Jefferson,LA
LAZ089,22075,Plaquemines,LA
LAZ090,22075,Plaquemines,LA
LAZ091,22075,Plaquemines,LA
LAZ092,22051,Jefferson,LA
LAZ093,22051,Jefferson,LA
LAZ094,22057,Lafourche,LA
LAZ095,22057,Lafourche,LA
LAZ096,22109,Terrebonne,LA
LAZ097,22109,Terrebonne,LA
LAZ098,22089,St. Charles,LA
LAZ099,22089,St. Charles,LA
LAZ100,22089,St. Charles,LA
LAZ141,22019,Calcasieu,LA
LAZ142,22053,Jefferson Davis,LA
LAZ143,22001,Acadia,LA
LAZ152,22113,Vermilion,LA
LAZ153,22045,Iberia,LA
LAZ154,22101,St. Mary,LA
LAZ241,22019,Calcasieu,LA
LAZ242,22053,Jefferson Davis,LA
LAZ243,22001,Acadia,LA
LAZ252,22113,Vermilion,LA
LAZ253,22045,Iberia,LA
LAZ254,22101,St. Mary,LA
MAZ001,25003,Berkshire,MA
MAZ002,25011,Franklin,MA
MAZ003,25011,Franklin,MA
MAZ004,25027,Worcester,MA
MAZ005,25017,Middlesex,MA
MAZ006,25009,Essex,MA
MAZ007,25009,Essex,MA
MAZ008,25015,Hampshire,MA
MAZ009,25013,Hampden,MA
MAZ010,25015,Hampshire,MA
MAZ011,25013,Hampden,MA
MAZ012,25027,Worcester,MA
MAZ013,25021,Norfolk,MA
MAZ014,25017,Middlesex,MA
MAZ015,25021,Norfolk,MA
MAZ015,25025,Suffolk,MA
MAZ016,25021,Norfolk,MA
MAZ017,25005,Bristol,MA
MAZ018,25023,Plymouth,MA
MAZ019,25021,Norfolk,MA
MAZ019,25023,Plymouth,MA
MAZ020,25005,Bristol,MA
MAZ021,25023,Plymouth,MA
MAZ022,25001,Barnstable,MA
MAZ023,25007,Dukes,MA
MAZ024,25019,Nantucket,MA
MAZ025,25003,Berkshire,MA
MAZ026,25017,Middlesex,MA
MDZ003,24043,Washington,MD
MDZ004,24021,Frederick,MD
MDZ005,24013,Carroll,MD
MDZ006,24005,Baltimore,MD
MDZ008,24015,Cecil,MD
MDZ011,24005,Baltimore,MD
MDZ011,24510,Baltimore City,MD
MDZ012,24029,Kent,MD
MDZ013,24033,Prince Georges,MD
MDZ014,24003,Anne Arundel,MD
MDZ015,24035,Queen Anne's,MD
MDZ016,24017,Charles,MD
MDZ017,24037,St. Marys,MD
MDZ018,24009,Calvert,MD
MDZ019,24041,Talbot,MD
MDZ020,24011,Caroline,MD
MDZ021,24019,Dorchester,MD
MDZ022,24045,Wicomico,MD
MDZ023,24039,Somerset,MD
MDZ024,24047,Worcester,MD
MDZ025,24047,Worcester,MD
MDZ501,24001,Allegany,MD
MDZ502,24001,Allegany,MD
MDZ503,24031,Montgomery,MD
MDZ504,24031,Montgomery,MD
MDZ505,24027,Howard,MD
MDZ506,24027,Howard,MD
MDZ507,24025,Harford,MD
MDZ508,24025,Harford,MD
MDZ509,24023,Garrett,MD
MDZ510,24023,Garrett,MD
MEZ001,23003,Aroostook,ME
MEZ002,23003,Aroostook,ME
MEZ003,23025,Somerset,ME
MEZ004,23021,Piscataquis,ME
MEZ005,23019,Penobscot,ME
MEZ006,23003,Aroostook,ME
MEZ007,23017,Oxford,ME
MEZ008,23007,Franklin,ME
MEZ009,23025,Somerset,ME
MEZ010,23021,Piscataquis,ME
MEZ011,23019,Penobscot,ME
MEZ012,23017,Oxford,ME
MEZ013,23007,Franklin,ME
MEZ014,23025,Somerset,ME
MEZ015,23019,Penobscot,ME
MEZ016,23009,Hancock,ME
MEZ017,23029,Washington,ME
MEZ018,23031,York,ME
MEZ019,23005,Cumberland,ME
MEZ020,23001,Androscoggin,ME
MEZ021,23011,Kennebec,ME
MEZ022,23027,Waldo,ME
MEZ023,23031,York,ME
MEZ024,23005,Cumberland,ME
MEZ025,23023,Sagadahoc,ME
MEZ026,23015,Lincoln,ME
MEZ027,23013,Knox,ME
MEZ028,23027,Waldo,ME
MEZ029,23009,Hancock,ME
MEZ030,23029,Washington,ME
MEZ031,23021,Piscataquis,ME
MEZ032,23029,Washington,ME
MEZ033,23005,Cumberland,ME
MHZ001,68040,Arno,MH
MHZ002,68190,Majuro,MH
MHZ003,68430,Wotje,MH
MHZ004,68320,Mili,MH
MHZ005,68410,Utrok,MH
MHZ006,68120,Jaluit,MH
MHZ007,68010,Ailinglaplap,MH
MHZ008,68150,Kwajalein,MH
MHZ009,68390,Ujae,MH
MHZ010,68090,Enewetak,MH
MIZ001,26083,Keweenaw,MI
MIZ002,26131,Ontonagon,MI
MIZ003,26061,Houghton,MI
MIZ004,26013,Baraga,MI
MIZ005,26103,Marquette,MI
MIZ006,26003,Alger,MI
MIZ007,26095,Luce,MI
MIZ009,26053,Gogebic,MI
MIZ010,26071,Iron,MI
MIZ011,26043,Dickinson,MI
MIZ012,26109,Menominee,MI
MIZ013,26041,Delta,MI
MIZ014,26153,Schoolcraft,MI
MIZ016,26047,Emmet,MI
MIZ017,26031,Cheboygan,MI
MIZ018,26141,Presque Isle,MI
MIZ020,26089,Leelanau,MI
MIZ021,26009,Antrim,MI
MIZ022,26137,Otsego,MI
MIZ023,26119,Montmorency,MI
MIZ024,26007,Alpena,MI
MIZ025,26019,Benzie,MI
MIZ026,26055,Grand Traverse,MI
MIZ027,26079,Kalkaska,MI
MIZ028,26039,Crawford,MI
MIZ029,26135,Oscoda,MI
MIZ030,26001,Alcona,MI
MIZ031,26101,Manistee,MI
MIZ032,26165,Wexford,MI
MIZ033,26113,Missaukee,MI
MIZ034,26143,Roscommon,MI
MIZ035,26129,Ogemaw,MI
MIZ036,26069,Iosco,MI
MIZ037,26105,Mason,MI
MIZ038,26085,Lake,MI
MIZ039,26133,Osceola,MI
MIZ040,26035,Clare,MI
MIZ041,26051,Gladwin,MI
MIZ042,26011,Arenac,MI
MIZ043,26127,Oceana,MI
MIZ044,26123,Newaygo,MI
MIZ045,26107,Mecosta,MI
MIZ046,26073,Isabella,MI
MIZ047,26111,Midland,MI
MIZ048,26017,Bay,MI
MIZ049,26063,Huron,MI
MIZ050,26121,Muskegon,MI
MIZ051,26117,Montcalm,MI
MIZ052,26057,Gratiot,MI
MIZ053,26145,Saginaw,MI
MIZ054,26157,Tuscola,MI
MIZ055,26151,Sanilac,MI
MIZ056,26139,Ottawa,MI
MIZ057,26081,Kent,MI
MIZ058,26067,Ionia,MI
MIZ059,26037,Clinton,MI
MIZ060,26155,Shiawassee,MI
MIZ061,26049,Genesee,MI
MIZ062,26087,Lapeer,MI
MIZ063,26147,St. Clair,MI
MIZ064,26005,Allegan,MI
MIZ065,26015,Barry,MI
MIZ066,26045,Eaton,MI
MIZ067,26065,Ingham,MI
MIZ068,26093,Livingston,MI
MIZ069,26125,Oakland,MI
MIZ070,26099,Macomb,MI
MIZ071,26159,Van Buren,MI
MIZ072,26077,Kalamazoo,MI
MIZ073,26025,Calhoun,MI
MIZ074,26075,Jackson,MI
MIZ075,26161,Washtenaw,MI
MIZ076,26163,Wayne,MI
MIZ078,26027,Cass,MI
MIZ079,26149,St. Joseph,MI
MIZ080,26023,Branch,MI
MIZ081,26059,Hillsdale,MI
MIZ082,26091,Lenawee,MI
MIZ083,26115,Monroe,MI
MIZ084,26061,Houghton,MI
MIZ085,26153,Schoolcraft,MI
MIZ086,26033,Chippewa,MI
MIZ087,26033,Chippewa,MI
MIZ088,26033,Chippewa,MI
MIZ095,26097,Mackinac,MI
MIZ096,26097,Mackinac,MI
MIZ097,26097,Mackinac,MI
MIZ098,26029,Charlevoix,MI
MIZ099,26029,Charlevoix,MI
MIZ177,26021,Berrien,MI
MIZ277,26021,Berrien,MI
MNZ001,27119,Polk,MN
MNZ002,27107,Norman,MN
MNZ003,27027,Clay,MN
MNZ004,27069,Kittson,MN
MNZ005,27135,Roseau,MN
MNZ006,27077,Lake of the Woods,MN
MNZ007,27089,Marshall,MN
MNZ008,27089,Marshall,MN
MNZ009,27007,Beltrami,MN
MNZ010,27071,Koochiching,MN
MNZ011,27137,St. Louis,MN
MNZ012,27031,Cook,MN
MNZ012,27075,Lake,MN
MNZ013,27113,Pennington,MN
MNZ014,27125,Red Lake,MN
MNZ015,27119,Polk,MN
MNZ016,27029,Clearwater,MN
MNZ017,27007,Beltrami,MN
MNZ018,27061,Itasca,MN
MNZ019,27137,St. Louis,MN
MNZ020,27075,Lake,MN
MNZ020,27137,St. Louis,MN
MNZ021,27031,Cook,MN
MNZ022,27087,Mahnomen,MN
MNZ023,27029,Clearwater,MN
MNZ024,27057,Hubbard,MN
MNZ025,27021,Cass,MN
MNZ026,27061,Itasca,MN
MNZ027,27005,Becker,MN
MNZ028,27005,Becker,MN
MNZ029,27167,Wilkin,MN
MNZ030,27111,Otter Tail,MN
MNZ031,27111,Otter Tail,MN
MNZ032,27159,Wadena,MN
MNZ033,27021,Cass,MN
MNZ034,27035,Crow Wing,MN
MNZ035,27001,Aitkin,MN
MNZ036,27001,Aitkin,MN
MNZ037,27017,Carlton,MN
MNZ037,27137,St. Louis,MN
MNZ038,27115,Pine,MN
MNZ039,27155,Traverse,MN
MNZ040,27051,Grant,MN
MNZ041,27041,Douglas,MN
MNZ042,27153,Todd,MN
MNZ043,27097,Morrison,MN
MNZ044,27095,Mille Lacs,MN
MNZ045,27065,Kanabec,MN
MNZ046,27011,Big Stone,MN
MNZ047,27149,Stevens,MN
MNZ048,27121,Pope,MN
MNZ049,27145,Stearns,MN
MNZ050,27009,Benton,MN
MNZ051,27141,Sherburne,MN
MNZ052,27059,Isanti,MN
MNZ053,27025,Chisago,MN
MNZ054,27073,Lac qui Parle,MN
MNZ055,27151,Swift,MN
MNZ056,27023,Chippewa,MN
MNZ057,27067,Kandiyohi,MN
MNZ058,27093,Meeker,MN
MNZ059,27171,Wright,MN
MNZ060,27053,Hennepin,MN
MNZ061,27003,Anoka,MN
MNZ062,27123,Ramsey,MN
MNZ063,27163,Washington,MN
MNZ064,27173,Yellow Medicine,MN
MNZ065,27129,Renville,MN
MNZ066,27085,McLeod,MN
MNZ067,27143,Sibley,MN
MNZ068,27019,Carver,MN
MNZ069,27139,Scott,MN
MNZ070,27037,Dakota,MN
MNZ071,27081,Lincoln,MN
MNZ072,27083,Lyon,MN
MNZ073,27127,Redwood,MN
MNZ074,27015,Brown,MN
MNZ075,27103,Nicollet,MN
MNZ076,27079,Le Sueur,MN
MNZ077,27131,Rice,MN
MNZ078,27049,Goodhue,MN
MNZ079,27157,Wabasha,MN
MNZ080,27101,Murray,MN
MNZ081,27033,Cottonwood,MN
MNZ082,27165,Watonwan,MN
MNZ083,27013,Blue Earth,MN
MNZ084,27161,Waseca,MN
MNZ085,27147,Steele,MN
MNZ086,27039,Dodge,MN
MNZ087,27109,Olmsted,MN
MNZ088,27169,Winona,MN
MNZ089,27105,Nobles,MN
MNZ090,27063,Jackson,MN
MNZ091,27091,Martin,MN
MNZ092,27043,Faribault,MN
MNZ093,27047,Freeborn,MN
MNZ094,27099,Mower,MN
MNZ095,27045,Fillmore,MN
MNZ096,27055,Houston,MN
MNZ097,27117,Pipestone,MN
MNZ098,27133,Rock,MN
MOZ001,29005,Atchison,MO
MOZ002,29147,Nodaway,MO
MOZ003,29227,Worth,MO
MOZ004,29075,Gentry,MO
MOZ005,29081,Harrison,MO
MOZ006,29129,Mercer,MO
MOZ007,29171,Putnam,MO
MOZ008,29197,Schuyler,MO
MOZ009,29199,Scotland,MO
MOZ010,29045,Clark,MO
MOZ011,29087,Holt,MO
MOZ012,29003,Andrew,MO
MOZ013,29063,DeKalb,MO
MOZ014,29061,Daviess,MO
MOZ015,29079,Grundy,MO
MOZ016,29211,Sullivan,MO
MOZ017,29001,Adair,MO
MOZ018,29103,Knox,MO
MOZ019,29111,Lewis,MO
MOZ020,29021,Buchanan,MO
MOZ021,29049,Clinton,MO
MOZ022,29025,Caldwell,MO
MOZ023,29117,Livingston,MO
MOZ024,29115,Linn,MO
MOZ025,29121,Macon,MO
MOZ026,29205,Shelby,MO
MOZ027,29127,Marion,MO
MOZ028,29165,Platte,MO
MOZ029,29047,Clay,MO
MOZ030,29177,Ray,MO
MOZ031,29033,Carroll,MO
MOZ032,29041,Chariton,MO
MOZ033,29175,Randolph,MO
MOZ034,29137,Monroe,MO
MOZ035,29173,Ralls,MO
MOZ036,29163,Pike,MO
MOZ037,29095,Jackson,MO
MOZ038,29107,Lafayette,MO
MOZ039,29195,Saline,MO
MOZ040,29089,Howard,MO
MOZ041,29019,Boone,MO
MOZ042,29007,Audrain,MO
MOZ043,29037,Cass,MO
MOZ044,29101,Johnson,MO
MOZ045,29159,Pettis,MO
MOZ046,29053,Cooper,MO
MOZ047,29135,Moniteau,MO
MOZ048,29051,Cole,MO
MOZ049,29151,Osage,MO
MOZ050,29027,Callaway,MO
MOZ051,29139,Montgomery,MO
MOZ052,29113,Lincoln,MO
MOZ053,29013,Bates,MO
MOZ054,29083,Henry,MO
MOZ055,29015,Benton,MO
MOZ056,29141,Morgan,MO
MOZ057,29131,Miller,MO
MOZ058,29125,Maries,MO
MOZ059,29073,Gasconade,MO
MOZ060,29219,Warren,MO
MOZ061,29183,St. Charles,MO
MOZ062,29071,Franklin,MO
MOZ063,29189,St. Louis,MO
MOZ064,29510,St. Louis City,MO
MOZ065,29099,Jefferson,MO
MOZ066,29217,Vernon,MO
MOZ067,29185,St. Clair,MO
MOZ068,29085,Hickory,MO
MOZ069,29029,Camden,MO
MOZ070,29169,Pulaski,MO
MOZ071,29161,Phelps,MO
MOZ072,29055,Crawford,MO
MOZ073,29221,Washington,MO
MOZ074,29187,St. Francois,MO
MOZ075,29186,Ste. Genevieve,MO
MOZ076,29157,Perry,MO
MOZ077,29011,Barton,MO
MOZ078,29039,Cedar,MO
MOZ079,29167,Polk,MO
MOZ080,29059,Dallas,MO
MOZ081,29105,Laclede,MO
MOZ082,29215,Texas,MO
MOZ083,29065,Dent,MO
MOZ084,29093,Iron,MO
MOZ085,29123,Madison,MO
MOZ086,29017,Bollinger,MO
MOZ087,29031,Cape Girardeau,MO
MOZ088,29097,Jasper,MO
MOZ089,29057,Dade,MO
MOZ090,29077,Greene,MO
MOZ091,29225,Webster,MO
MOZ092,29229,Wright,MO
MOZ093,29145,Newton,MO
MOZ094,29109,Lawrence,MO
MOZ095,29043,Christian,MO
MOZ096,29067,Douglas,MO
MOZ097,29091,Howell,MO
MOZ098,29203,Shannon,MO
MOZ099,29179,Reynolds,MO
MOZ100,29223,Wayne,MO
MOZ101,29119,McDonald,MO
MOZ102,29009,Barry,MO
MOZ103,29209,Stone,MO
MOZ104,29213,Taney,MO
MOZ105,29153,Ozark,MO
MOZ106,29149,Oregon,MO
MOZ107,29035,Carter,MO
MOZ108,29181,Ripley,MO
MOZ109,29023,Butler,MO
MOZ110,29207,Stoddard,MO
MOZ111,29201,Scott,MO
MOZ112,29133,Mississippi,MO
MOZ113,29069,Dunklin,MO
MOZ114,29143,New Madrid,MO
MOZ115,29155,Pemiscot,MO
MPZ001,69100,Rota,MP
MPZ002,69120,Tinian,MP
MPZ003,69110,Saipan,MP
MPZ004,69085,Anatahan,MP
MPZ005,69085,Alamagan,MP
MPZ006,69085,Pagan,MP
MPZ007,69085,Agrihan,MP
MSZ001,28033,DeSoto,MS
MSZ002,28093,Marshall,MS
MSZ003,28009,Benton,MS
MSZ004,28139,Tippah,MS
MSZ005,28003,Alcorn,MS
MSZ006,28141,Tishomingo,MS
MSZ007,28143,Tunica,MS
MSZ008,28137,Tate,MS
MSZ009,28117,Prentiss,MS
MSZ010,28027,Coahoma,MS
MSZ011,28119,Quitman,MS
MSZ012,28107,Panola,MS
MSZ013,28071,Lafayette,MS
MSZ014,28145,Union,MS
MSZ015,28115,Pontotoc,MS
MSZ016,28081,Lee,MS
MSZ017,28057,Itawamba,MS
MSZ018,28011,Bolivar,MS
MSZ019,28133,Sunflower,MS
MSZ020,28135,Tallahatchie,MS
MSZ021,28161,Yalobusha,MS
MSZ022,28013,Calhoun,MS
MSZ023,28017,Chickasaw,MS
MSZ024,28095,Monroe,MS
MSZ025,28083,Leflore,MS
MSZ026,28043,Grenada,MS
MSZ027,28015,Carroll,MS
MSZ028,28097,Montgomery,MS
MSZ029,28155,Webster,MS
MSZ030,28025,Clay,MS
MSZ031,28087,Lowndes,MS
MSZ032,28019,Choctaw,MS
MSZ033,28105,Oktibbeha,MS
MSZ034,28151,Washington,MS
MSZ035,28053,Humphreys,MS
MSZ036,28051,Holmes,MS
MSZ037,28007,Attala,MS
MSZ038,28159,Winston,MS
MSZ039,28103,Noxubee,MS
MSZ040,28055,Issaquena,MS
MSZ041,28125,Sharkey,MS
MSZ042,28163,Yazoo,MS
MSZ043,28089,Madison,MS
MSZ044,28079,Leake,MS
MSZ045,28099,Neshoba,MS
MSZ046,28069,Kemper,MS
MSZ047,28149,Warren,MS
MSZ048,28049,Hinds,MS
MSZ049,28121,Rankin,MS
MSZ050,28123,Scott,MS
MSZ051,28101,Newton,MS
MSZ052,28075,Lauderdale,MS
MSZ053,28021,Claiborne,MS
MSZ054,28029,Copiah,MS
MSZ055,28127,Simpson,MS
MSZ056,28129,Smith,MS
MSZ057,28061,Jasper,MS
MSZ058,28023,Clarke,MS
MSZ059,28063,Jefferson,MS
MSZ060,28001,Adams,MS
MSZ061,28037,Franklin,MS
MSZ062,28085,Lincoln,MS
MSZ063,28077,Lawrence,MS
MSZ064,28065,Jefferson Davis,MS
MSZ065,28031,Covington,MS
MSZ066,28067,Jones,MS
MSZ067,28153,Wayne,MS
MSZ068,28157,Wilkinson,MS
MSZ069,28005,Amite,MS
MSZ070,28113,Pike,MS
MSZ071,28147,Walthall,MS
MSZ072,28091,Marion,MS
MSZ073,28073,Lamar,MS
MSZ074,28035,Forrest,MS
MSZ075,28111,Perry,MS
MSZ076,28041,Greene,MS
MSZ077,28109,Pearl River,MS
MSZ078,28131,Stone,MS
MSZ079,28039,George,MS
MSZ083,28045,Hancock,MS
MSZ084,28047,Harrison,MS
MSZ085,28059,Jackson,MS
MSZ086,28045,Hancock,MS
MSZ087,28047,Harrison,MS
MSZ088,28059,Jackson,MS
MTZ001,30029,Flathead,MT
MTZ001,30053,Lincoln,MT
MTZ001,30089,Sanders,MT
MTZ002,30029,Flathead,MT
MTZ002,30047,Lake,MT
MTZ003,30029,Flathead,MT
MTZ003,30047,Lake,MT
MTZ003,30089,Sanders,MT
MTZ004,30061,Mineral,MT
MTZ004,30063,Missoula,MT
MTZ004,30089,Sanders,MT
MTZ005,30063,Missoula,MT
MTZ005,30081,Ravalli,MT
MTZ006,30039,Granite,MT
MTZ006,30063,Missoula,MT
MTZ006,30081,Ravalli,MT
MTZ007,30023,Deer Lodge,MT
MTZ007,30039,Granite,MT
MTZ007,30077,Powell,MT
MTZ007,30093,Silver Bow,MT
MTZ016,30071,Phillips,MT
MTZ017,30105,Valley,MT
MTZ018,30019,Daniels,MT
MTZ019,30091,Sheridan,MT
MTZ020,30085,Roosevelt,MT
MTZ021,30069,Petroleum,MT
MTZ022,30033,Garfield,MT
MTZ023,30055,McCone,MT
MTZ024,30083,Richland,MT
MTZ025,30021,Dawson,MT
MTZ026,30079,Prairie,MT
MTZ027,30109,Wibaux,MT
MTZ029,30065,Musselshell,MT
MTZ030,30103,Treasure,MT
MTZ031,30087,Rosebud,MT
MTZ032,30017,Custer,MT
MTZ033,30025,Fallon,MT
MTZ034,30095,Stillwater,MT
MTZ036,30075,Powder River,MT
MTZ037,30011,Carter,MT
MTZ040,30067,Park,MT
MTZ042,30037,Golden Valley,MT
MTZ043,30039,Granite,MT
MTZ043,30047,Lake,MT
MTZ043,30063,Missoula,MT
MTZ043,30077,Powell,MT
MTZ056,30009,Carbon,MT
MTZ057,30003,Big Horn,MT
MTZ058,30087,Rosebud,MT
MTZ059,30071,Phillips,MT
MTZ060,30071,Phillips,MT
MTZ061,30105,Valley,MT
MTZ062,30085,Roosevelt,MT
MTZ063,30037,Golden Valley,MT
MTZ063,30107,Wheatland,MT
MTZ064,30067,Park,MT
MTZ065,30067,Park,MT
MTZ066,30095,Stillwater,MT
MTZ066,30097,Sweet Grass,MT
MTZ067,30009,Carbon,MT
MTZ067,30067,Park,MT
MTZ067,30095,Stillwater,MT
MTZ067,30097,Sweet Grass,MT
MTZ068,30067,Park,MT
MTZ068,30097,Sweet Grass,MT
MTZ068,30107,Wheatland,MT
MTZ138,30003,Big Horn,MT
MTZ139,30003,Big Horn,MT
MTZ139,30009,Carbon,MT
MTZ141,30097,Sweet Grass,MT
MTZ169,30003,Big Horn,MT
MTZ169,30009,Carbon,MT
MTZ170,30009,Carbon,MT
MTZ171,30003,Big Horn,MT
MTZ171,30009,Carbon,MT
MTZ172,30097,Sweet Grass,MT
MTZ172,30107,Wheatland,MT
MTZ173,30111,Yellowstone,MT
MTZ228,30107,Wheatland,MT
MTZ235,30111,Yellowstone,MT
MTZ301,30035,Glacier,MT
MTZ301,30073,Pondera,MT
MTZ302,30035,Glacier,MT
MTZ302,30073,Pondera,MT
MTZ303,30035,Glacier,MT
MTZ303,30073,Pondera,MT
MTZ303,30101,Toole,MT
MTZ304,30051,Liberty,MT
MTZ304,30101,Toole,MT
MTZ305,30041,Hill,MT
MTZ306,30005,Blaine,MT
MTZ307,30049,Lewis and Clark,MT
MTZ307,30099,Teton,MT
MTZ308,30049,Lewis and Clark,MT
MTZ308,30099,Teton,MT
MTZ309,30073,Pondera,MT
MTZ309,30099,Teton,MT
MTZ310,30015,Chouteau,MT
MTZ311,30005,Blaine,MT
MTZ311,30015,Chouteau,MT
MTZ311,30041,Hill,MT
MTZ312,30013,Cascade,MT
MTZ313,30027,Fergus,MT
MTZ313,30045,Judith Basin,MT
MTZ314,30027,Fergus,MT
MTZ315,30049,Lewis and Clark,MT
MTZ316,30013,Cascade,MT
MTZ316,30049,Lewis and Clark,MT
MTZ317,30013,Cascade,MT
MTZ317,30015,Chouteau,MT
MTZ317,30045,Judith Basin,MT
MTZ317,30059,Meagher,MT
MTZ318,30027,Fergus,MT
MTZ319,30049,Lewis and Clark,MT
MTZ320,30007,Broadwater,MT
MTZ320,30031,Gallatin,MT
MTZ320,30049,Lewis and Clark,MT
MTZ320,30059,Meagher,MT
MTZ321,30059,Meagher,MT
MTZ322,30007,Broadwater,MT
MTZ322,30043,Jefferson,MT
MTZ323,30007,Broadwater,MT
MTZ323,30049,Lewis and Clark,MT
MTZ324,30031,Gallatin,MT
MTZ324,30043,Jefferson,MT
MTZ324,30057,Madison,MT
MTZ325,30057,Madison,MT
MTZ326,30031,Gallatin,MT
MTZ327,30001,Beaverhead,MT
MTZ328,30001,Beaverhead,MT
MTZ328,30057,Madison,MT
MTZ329,30001,Beaverhead,MT
MTZ329,30057,Madison,MT
MTZ330,30001,Beaverhead,MT
MTZ330,30031,Gallatin,MT
MTZ330,30057,Madison,MT
NCZ001,37009,Ashe,NC
NCZ002,37005,Alleghany,NC
NCZ003,37171,Surry,NC
NCZ004,37169,Stokes,NC
NCZ005,37157,Rockingham,NC
NCZ006,37033,Caswell,NC
NCZ007,37145,Person,NC
NCZ008,37077,Granville,NC
NCZ009,37181,Vance,NC
NCZ010,37185,Warren,NC
NCZ011,37083,Halifax,NC
NCZ012,37131,Northampton,NC
NCZ013,37091,Hertford,NC
NCZ014,37073,Gates,NC
NCZ015,37139,Pasquotank,NC
NCZ016,37029,Camden,NC
NCZ017,37053,Currituck,NC
NCZ018,37189,Watauga,NC
NCZ019,37193,Wilkes,NC
NCZ020,37197,Yadkin,NC
NCZ021,37067,Forsyth,NC
NCZ022,37081,Guilford,NC
NCZ023,37001,Alamance,NC
NCZ024,37135,Orange,NC
NCZ025,37063,Durham,NC
NCZ026,37069,Franklin,NC
NCZ027,37127,Nash,NC
NCZ028,37065,Edgecombe,NC
NCZ029,37117,Martin,NC
NCZ030,37015,Bertie,NC
NCZ031,37041,Chowan,NC
NCZ032,37143,Perquimans,NC
NCZ033,37011,Avery,NC
NCZ035,37003,Alexander,NC
NCZ036,37097,Iredell,NC
NCZ037,37059,Davie,NC
NCZ038,37057,Davidson,NC
NCZ039,37151,Randolph,NC
NCZ040,37037,Chatham,NC
NCZ041,37183,Wake,NC
NCZ042,37101,Johnston,NC
NCZ043,37195,Wilson,NC
NCZ044,37147,Pitt,NC
NCZ045,37187,Washington,NC
NCZ046,37177,Tyrrell,NC
NCZ047,37055,Dare,NC
NCZ048,37115,Madison,NC
NCZ049,37199,Yancey,NC
NCZ050,37121,Mitchell,NC
NCZ051,37173,Swain,NC
NCZ052,37087,Haywood,NC
NCZ053,37021,Buncombe,NC
NCZ056,37035,Catawba,NC
NCZ057,37159,Rowan,NC
NCZ058,37075,Graham,NC
NCZ059,37099,Jackson,NC
NCZ060,37039,Cherokee,NC
NCZ061,37043,Clay,NC
NCZ062,37113,Macon,NC
NCZ063,37099,Jackson,NC
NCZ064,37175,Transylvania,NC
NCZ065,37089,Henderson,NC
NCZ068,37045,Cleveland,NC
NCZ069,37109,Lincoln,NC
NCZ070,37071,Gaston,NC
NCZ071,37119,Mecklenburg,NC
NCZ072,37025,Cabarrus,NC
NCZ073,37167,Stanly,NC
NCZ074,37123,Montgomery,NC
NCZ075,37125,Moore,NC
NCZ076,37105,Lee,NC
NCZ077,37085,Harnett,NC
NCZ078,37191,Wayne,NC
NCZ079,37079,Greene,NC
NCZ080,37013,Beaufort,NC
NCZ081,37095,Hyde,NC
NCZ082,37179,Union,NC
NCZ083,37007,Anson,NC
NCZ084,37153,Richmond,NC
NCZ085,37165,Scotland,NC
NCZ086,37093,Hoke,NC
NCZ087,37155,Robeson,NC
NCZ088,37051,Cumberland,NC
NCZ089,37163,Sampson,NC
NCZ090,37061,Duplin,NC
NCZ091,37107,Lenoir,NC
NCZ092,37103,Jones,NC
NCZ094,37137,Pamlico,NC
NCZ096,37017,Bladen,NC
NCZ099,37047,Columbus,NC
NCZ102,37053,Currituck,NC
NCZ105,37141,Pender,NC
NCZ106,37141,Pender,NC
NCZ107,37129,New Hanover,NC
NCZ108,37129,New Hanover,NC
NCZ109,37019,Brunswick,NC
NCZ110,37019,Brunswick,NC
NCZ193,37049,Craven,NC
NCZ194,37049,Craven,NC
NCZ195,37031,Carteret,NC
NCZ196,37031,Carteret,NC
NCZ198,37133,Onslow,NC
NCZ199,37133,Onslow,NC
NCZ203,37055,Dare,NC
NCZ204,37095,Hyde,NC
NCZ205,37055,Dare,NC
NCZ501,37027,Caldwell,NC
NCZ502,37027,Caldwell,NC
NCZ503,37023,Burke,NC
NCZ504,37023,Burke,NC
NCZ505,37111,McDowell,NC
NCZ506,37111,McDowell,NC
NCZ507,37161,Rutherford,NC
NCZ508,37161,Rutherford,NC
NCZ509,37149,Polk,NC
NCZ510,37149,Polk,NC
NDZ001,38023,Divide,ND
NDZ002,38013,Burke,ND
NDZ003,38075,Renville,ND
NDZ004,38009,Bottineau,ND
NDZ005,38079,Rolette,ND
NDZ006,38095,Towner,ND
NDZ007,38019,Cavalier,ND
NDZ008,38067,Pembina,ND
NDZ009,38105,Williams,ND
NDZ010,38061,Mountrail,ND
NDZ012,38049,McHenry,ND
NDZ013,38069,Pierce,ND
NDZ014,38005,Benson,ND
NDZ015,38071,Ramsey,ND
NDZ016,38099,Walsh,ND
NDZ017,38053,McKenzie,ND
NDZ018,38025,Dunn,ND
NDZ019,38057,Mercer,ND
NDZ020,38065,Oliver,ND
NDZ022,38083,Sheridan,ND
NDZ023,38103,Wells,ND
NDZ024,38027,Eddy,ND
NDZ025,38031,Foster,ND
NDZ026,38063,Nelson,ND
NDZ027,38035,Grand Forks,ND
NDZ028,38039,Griggs,ND
NDZ029,38091,Steele,ND
NDZ030,38097,Traill,ND
NDZ031,38033,Golden Valley,ND
NDZ032,38007,Billings,ND
NDZ033,38089,Stark,ND
NDZ035,38015,Burleigh,ND
NDZ036,38043,Kidder,ND
NDZ037,38093,Stutsman,ND
NDZ038,38003,Barnes,ND
NDZ039,38017,Cass,ND
NDZ040,38087,Slope,ND
NDZ041,38041,Hettinger,ND
NDZ042,38037,Grant,ND
NDZ043,38011,Bowman,ND
NDZ044,38001,Adams,ND
NDZ046,38029,Emmons,ND
NDZ047,38047,Logan,ND
NDZ048,38045,LaMoure,ND
NDZ049,38073,Ransom,ND
NDZ050,38051,McIntosh,ND
NDZ051,38021,Dickey,ND
NDZ052,38081,Sargent,ND
NDZ053,38077,Richland,ND
NDZ054,38099,Walsh,ND
NDZ055,38101,Ward,ND
NDZ056,38101,Ward,ND
NDZ057,38055,McLean,ND
NDZ058,38055,McLean,ND
NDZ059,38059,Morton,ND
NDZ060,38059,Morton,ND
NDZ061,38085,Sioux,ND
NDZ062,38085,Sioux,ND
NEZ002,31045,Dawes,NE
NEZ003,31013,Box Butte,NE
NEZ004,31161,Sheridan,NE
NEZ005,31031,Cherry,NE
NEZ006,31103,Keya Paha,NE
NEZ007,31015,Boyd,NE
NEZ008,31017,Brown,NE
NEZ009,31149,Rock,NE
NEZ010,31089,Holt,NE
NEZ011,31107,Knox,NE
NEZ012,31027,Cedar,NE
NEZ013,31051,Dixon,NE
NEZ014,31043,Dakota,NE
NEZ015,31173,Thurston,NE
NEZ016,31003,Antelope,NE
NEZ017,31139,Pierce,NE
NEZ018,31179,Wayne,NE
NEZ019,31157,Scotts Bluff,NE
NEZ020,31007,Banner,NE
NEZ021,31123,Morrill,NE
NEZ022,31069,Garden,NE
NEZ023,31075,Grant,NE
NEZ024,31091,Hooker,NE
NEZ025,31171,Thomas,NE
NEZ026,31009,Blaine,NE
NEZ027,31115,Loup,NE
NEZ028,31071,Garfield,NE
NEZ029,31183,Wheeler,NE
NEZ030,31011,Boone,NE
NEZ031,31119,Madison,NE
NEZ032,31167,Stanton,NE
NEZ033,31039,Cuming,NE
NEZ034,31021,Burt,NE
NEZ035,31005,Arthur,NE
NEZ036,31117,McPherson,NE
NEZ037,31113,Logan,NE
NEZ038,31041,Custer,NE
NEZ039,31175,Valley,NE
NEZ040,31077,Greeley,NE
NEZ041,31125,Nance,NE
NEZ042,31141,Platte,NE
NEZ043,31037,Colfax,NE
NEZ044,31053,Dodge,NE
NEZ045,31177,Washington,NE
NEZ046,31163,Sherman,NE
NEZ047,31093,Howard,NE
NEZ048,31121,Merrick,NE
NEZ049,31143,Polk,NE
NEZ050,31023,Butler,NE
NEZ051,31155,Saunders,NE
NEZ052,31055,Douglas,NE
NEZ053,31153,Sarpy,NE
NEZ054,31105,Kimball,NE
NEZ055,31033,Cheyenne,NE
NEZ056,31049,Deuel,NE
NEZ057,31101,Keith,NE
NEZ058,31135,Perkins,NE
NEZ059,31111,Lincoln,NE
NEZ060,31047,Dawson,NE
NEZ061,31019,Buffalo,NE
NEZ062,31079,Hall,NE
NEZ063,31081,Hamilton,NE
NEZ064,31185,York,NE
NEZ065,31159,Seward,NE
NEZ066,31109,Lancaster,NE
NEZ067,31025,Cass,NE
NEZ068,31131,Otoe,NE
NEZ069,31029,Chase,NE
NEZ070,31085,Hayes,NE
NEZ071,31063,Frontier,NE
NEZ072,31073,Gosper,NE
NEZ073,31137,Phelps,NE
NEZ074,31099,Kearney,NE
NEZ075,31001,Adams,NE
NEZ076,31035,Clay,NE
NEZ077,31059,Fillmore,NE
NEZ078,31151,Saline,NE
NEZ079,31057,Dundy,NE
NEZ080,31087,Hitchcock,NE
NEZ081,31145,Red Willow,NE
NEZ082,31065,Furnas,NE
NEZ083,31083,Harlan,NE
NEZ084,31061,Franklin,NE
NEZ085,31181,Webster,NE
NEZ086,31129,Nuckolls,NE
NEZ087,31169,Thayer,NE
NEZ088,31095,Jefferson,NE
NEZ089,31067,Gage,NE
NEZ090,31097,Johnson,NE
NEZ091,31127,Nemaha,NE
NEZ092,31133,Pawnee,NE
NEZ093,31147,Richardson,NE
NEZ094,31031,Cherry,NE
NEZ095,31165,Sioux,NE
NEZ096,31165,Sioux,NE
NHZ001,33007,Coos,NH
NHZ002,33007,Coos,NH
NHZ003,33009,Grafton,NH
NHZ004,33003,Carroll,NH
NHZ005,33009,Grafton,NH
NHZ006,33003,Carroll,NH
NHZ007,33019,Sullivan,NH
NHZ008,33013,Merrimack,NH
NHZ009,33001,Belknap,NH
NHZ010,33017,Strafford,NH
NHZ011,33005,Cheshire,NH
NHZ012,33011,Hillsborough,NH
NHZ013,33015,Rockingham,NH
NHZ014,33015,Rockingham,NH
NHZ015,33011,Hillsborough,NH
NJZ001,34037,Sussex,NJ
NJZ002,34031,Passaic,NJ
NJZ004,34031,Passaic,NJ
NJZ006,34017,Hudson,NJ
NJZ007,34041,Warren,NJ
NJZ008,34027,Morris,NJ
NJZ009,34019,Hunterdon,NJ
NJZ010,34035,Somerset,NJ
NJZ012,34023,Middlesex,NJ
NJZ013,34025,Monmouth,NJ
NJZ014,34025,Monmouth,NJ
NJZ015,34021,Mercer,NJ
NJZ016,34033,Salem,NJ
NJZ017,34015,Gloucester,NJ
NJZ018,34007,Camden,NJ
NJZ019,34005,Burlington,NJ
NJZ020,34029,Ocean,NJ
NJZ021,34011,Cumberland,NJ
NJZ022,34001,Atlantic,NJ
NJZ023,34009,Cape May,NJ
NJZ024,34009,Cape May,NJ
NJZ025,34001,Atlantic,NJ
NJZ026,34029,Ocean,NJ
NJZ027,34005,Burlington,NJ
NJZ103,34003,Bergen,NJ
NJZ104,34003,Bergen,NJ
NJZ105,34013,Essex,NJ
NJZ106,34013,Essex,NJ
NJZ107,34039,Eastern Union,NJ
NJZ108,34039,Eastern Union,NJ
NMZ027,35015,Eddy,NM
NMZ028,35015,Eddy,NM
NMZ029,35025,Lea,NM
NMZ033,35025,Lea,NM
NMZ034,35025,Lea,NM
NMZ201,35031,McKinley,NM
NMZ201,35045,San Juan,NM
NMZ202,35031,McKinley,NM
NMZ202,35045,San Juan,NM
NMZ203,35039,Rio Arriba,NM
NMZ203,35043,Sandoval,NM
NMZ203,35045,San Juan,NM
NMZ204,35031,McKinley,NM
NMZ204,35039,Rio Arriba,NM
NMZ204,35043,Sandoval,NM
NMZ204,35045,San Juan,NM
NMZ205,35003,Catron,NM
NMZ205,35006,Cibola,NM
NMZ205,35031,McKinley,NM
NMZ206,35003,Catron,NM
NMZ206,35006,Cibola,NM
NMZ206,35031,McKinley,NM
NMZ206,35043,Sandoval,NM
NMZ206,35053,Socorro,NM
NMZ207,35001,Bernalillo,NM
NMZ207,35006,Cibola,NM
NMZ207,35031,McKinley,NM
NMZ207,35043,Sandoval,NM
NMZ207,35053,Socorro,NM
NMZ207,35061,Valencia,NM
NMZ208,35003,Catron,NM
NMZ208,35053,Socorro,NM
NMZ209,35003,Catron,NM
NMZ210,35039,Rio Arriba,NM
NMZ210,35055,Taos,NM
NMZ211,35028,Los Alamos,NM
NMZ211,35039,Rio Arriba,NM
NMZ211,35043,Sandoval,NM
NMZ212,35047,San Miguel,NM
NMZ212,35049,Santa Fe,NM
NMZ213,35007,Colfax,NM
NMZ213,35055,Taos,NM
NMZ214,35007,Colfax,NM
NMZ214,35033,Mora,NM
NMZ214,35039,Rio Arriba,NM
NMZ214,35047,San Miguel,NM
NMZ214,35049,Santa Fe,NM
NMZ214,35055,Taos,NM
NMZ215,35007,Colfax,NM
NMZ215,35033,Mora,NM
NMZ215,35047,San Miguel,NM
NMZ216,35039,Rio Arriba,NM
NMZ216,35055,Taos,NM
NMZ217,35039,Rio Arriba,NM
NMZ217,35049,Santa Fe,NM
NMZ217,35055,Taos,NM
NMZ218,35001,Bernalillo,NM
NMZ218,35043,Sandoval,NM
NMZ218,35049,Santa Fe,NM
NMZ219,35001,Bernalillo,NM
NMZ219,35006,Cibola,NM
NMZ219,35043,Sandoval,NM
NMZ219,35057,Torrance,NM
NMZ219,35061,Valencia,NM
NMZ220,35053,Socorro,NM
NMZ221,35001,Bernalillo,NM
NMZ221,35043,Sandoval,NM
NMZ221,35049,Santa Fe,NM
NMZ221,35057,Torrance,NM
NMZ221,35061,Valencia,NM
NMZ222,35001,Bernalillo,NM
NMZ222,35049,Santa Fe,NM
NMZ222,35057,Torrance,NM
NMZ223,35047,San Miguel,NM
NMZ223,35049,Santa Fe,NM
NMZ223,35057,Torrance,NM
NMZ224,35027,Lincoln,NM
NMZ224,35053,Socorro,NM
NMZ224,35057,Torrance,NM
NMZ224,35061,Valencia,NM
NMZ225,35027,Lincoln,NM
NMZ225,35053,Socorro,NM
NMZ226,35027,Lincoln,NM
NMZ227,35007,Colfax,NM
NMZ227,35059,Union,NM
NMZ228,35007,Colfax,NM
NMZ228,35033,Mora,NM
NMZ229,35047,San Miguel,NM
NMZ230,35059,Union,NM
NMZ231,35021,Harding,NM
NMZ232,35047,San Miguel,NM
NMZ233,35019,Guadalupe,NM
NMZ234,35037,Quay,NM
NMZ235,35009,Curry,NM
NMZ236,35041,Roosevelt,NM
NMZ237,35011,De Baca,NM
NMZ238,35005,Chaves,NM
NMZ239,35027,Lincoln,NM
NMZ240,35005,Chaves,NM
NMZ241,35003,Catron,NM
NMZ241,35053,Socorro,NM
NMZ401,35017,Grant,NM
NMZ401,35023,Hidalgo,NM
NMZ403,35017,Grant,NM
NMZ403,35029,Luna,NM
NMZ404,35017,Grant,NM
NMZ404,35023,Hidalgo,NM
NMZ405,35017,Grant,NM
NMZ405,35023,Hidalgo,NM
NMZ406,35023,Hidalgo,NM
NMZ407,35017,Grant,NM
NMZ407,35029,Luna,NM
NMZ408,35017,Grant,NM
NMZ408,35029,Luna,NM
NMZ408,35051,Sierra,NM
NMZ409,35051,Sierra,NM
NMZ410,35013,Dona Ana,NM
NMZ411,35013,Dona Ana,NM
NMZ414,35035,Otero,NM
NMZ415,35035,Otero,NM
NMZ416,35035,Otero,NM
NMZ417,35035,Otero,NM
NMZ425,35017,Grant,NM
NMZ426,35017,Grant,NM
NMZ426,35051,Sierra,NM
NMZ427,35013,Dona Ana,NM
NMZ427,35035,Otero,NM
NMZ427,35051,Sierra,NM
NMZ428,35035,Otero,NM
NMZ429,35035,Otero,NM
NVZ001,32019,Lyon,NV
NVZ001,32021,Mineral,NV
NVZ002,32005,Douglas,NV
NVZ002,32031,Washoe,NV
NVZ002,32510,Carson City,NV
NVZ003,32005,Douglas,NV
NVZ003,32019,Lyon,NV
NVZ003,32029,Storey,NV
NVZ003,32031,Washoe,NV
NVZ003,32510,Carson City,NV
NVZ004,32001,Churchill,NV
NVZ004,32019,Lyon,NV
NVZ004,32027,Pershing,NV
NVZ004,32031,Washoe,NV
NVZ005,32031,Washoe,NV
NVZ014,32009,Esmeralda,NV
NVZ014,32023,Nye,NV
NVZ015,32017,Lincoln,NV
NVZ016,32003,Clark,NV
NVZ017,32003,Clark,NV
NVZ017,32023,Nye,NV
NVZ018,32003,Clark,NV
NVZ018,32017,Lincoln,NV
NVZ019,32003,Clark,NV
NVZ019,32023,Nye,NV
NVZ020,32003,Clark,NV
NVZ022,32003,Clark,NV
NVZ025,32003,Clark,NV
NVZ026,32003,Clark,NV
NVZ030,32013,Humboldt,NV
NVZ031,32007,Elko,NV
NVZ033,32007,Elko,NV
NVZ034,32007,Elko,NV
NVZ034,32033,White Pine,NV
NVZ035,32033,White Pine,NV
NVZ036,32011,Eureka,NV
NVZ036,32015,Lander,NV
NVZ037,32011,Eureka,NV
NVZ037,32015,Lander,NV
NVZ038,32007,Elko,NV
NVZ039,32007,Elko,NV
NVZ040,32023,Nye,NV
NVZ041,32023,Nye,NV
NYZ001,36063,Niagara,NY
NYZ002,36073,Orleans,NY
NYZ003,36055,Monroe,NY
NYZ004,36117,Wayne,NY
NYZ005,36011,Cayuga,NY
NYZ006,36075,Oswego,NY
NYZ007,36045,Jefferson,NY
NYZ008,36049,Lewis,NY
NYZ009,36065,Oneida,NY
NYZ010,36029,Erie,NY
NYZ011,36037,Genesee,NY
NYZ012,36121,Wyoming,NY
NYZ013,36051,Livingston,NY
NYZ014,36069,Ontario,NY
NYZ015,36123,Yates,NY
NYZ016,36099,Seneca,NY
NYZ017,36011,Cayuga,NY
NYZ018,36067,Onondaga,NY
NYZ019,36013,Chautauqua,NY
NYZ020,36009,Cattaraugus,NY
NYZ021,36003,Allegany,NY
NYZ022,36101,Steuben,NY
NYZ023,36097,Schuyler,NY
NYZ024,36015,Chemung,NY
NYZ025,36109,Tompkins,NY
NYZ026,36089,St. Lawrence,NY
NYZ027,36033,Franklin,NY
NYZ028,36019,Clinton,NY
NYZ029,36089,St. Lawrence,NY
NYZ030,36033,Franklin,NY
NYZ031,36019,Clinton,NY
NYZ032,36043,Herkimer,NY
NYZ033,36041,Hamilton,NY
NYZ034,36031,Essex,NY
NYZ035,36031,Essex,NY
NYZ036,36053,Madison,NY
NYZ037,36065,Oneida,NY
NYZ038,36043,Herkimer,NY
NYZ039,36035,Fulton,NY
NYZ040,36057,Montgomery,NY
NYZ041,36091,Saratoga,NY
NYZ042,36113,Warren,NY
NYZ043,36115,Washington,NY
NYZ044,36023,Cortland,NY
NYZ045,36017,Chenango,NY
NYZ046,36077,Otsego,NY
NYZ047,36095,Schoharie,NY
NYZ048,36093,Schenectady,NY
NYZ049,36093,Schenectady,NY
NYZ050,36091,Saratoga,NY
NYZ051,36001,Albany,NY
NYZ052,36001,Albany,NY
NYZ053,36083,Rensselaer,NY
NYZ054,36083,Rensselaer,NY
NYZ055,36107,Tioga,NY
NYZ056,36007,Broome,NY
NYZ057,36025,Delaware,NY
NYZ058,36039,Greene,NY
NYZ059,36039,Greene,NY
NYZ060,36021,Columbia,NY
NYZ061,36021,Columbia,NY
NYZ062,36105,Sullivan,NY
NYZ063,36111,Ulster,NY
NYZ064,36111,Ulster,NY
NYZ065,36027,Dutchess,NY
NYZ066,36027,Dutchess,NY
NYZ067,36071,Orange,NY
NYZ068,36079,Putnam,NY
NYZ069,36087,Rockland,NY
NYZ070,36119,Westchester,NY
NYZ071,36119,Westchester,NY
NYZ072,36061,New York,NY
NYZ073,36005,Bronx,NY
NYZ074,36085,Richmond,NY
NYZ075,36047,Kings,NY
NYZ078,36103,Suffolk,NY
NYZ079,36103,Suffolk,NY
NYZ080,36103,Suffolk,NY
NYZ081,36103,Suffolk,NY
NYZ082,36035,Fulton,NY
NYZ083,36113,Warren,NY
NYZ084,36115,Washington,NY
NYZ085,36029,Erie,NY
NYZ087,36089,St. Lawrence,NY
NYZ176,36081,Queens,NY
NYZ177,36059,Nassau,NY
NYZ178,36081,Queens,NY
NYZ179,36059,Nassau,NY
OHZ001,39171,Williams,OH
OHZ002,39051,Fulton,OH
OHZ003,39095,Lucas,OH
OHZ004,39039,Defiance,OH
OHZ005,39069,Henry,OH
OHZ006,39173,Wood,OH
OHZ007,39123,Ottawa,OH
OHZ008,39143,Sandusky,OH
OHZ009,39043,Erie,OH
OHZ010,39093,Lorain,OH
OHZ011,39035,Cuyahoga,OH
OHZ012,39085,Lake,OH
OHZ013,39055,Geauga,OH
OHZ014,39007,Ashtabula,OH
OHZ015,39125,Paulding,OH
OHZ016,39137,Putnam,OH
OHZ017,39063,Hancock,OH
OHZ018,39147,Seneca,OH
OHZ019,39077,Huron,OH
OHZ020,39103,Medina,OH
OHZ021,39153,Summit,OH
OHZ022,39133,Portage,OH
OHZ023,39155,Trumbull,OH
OHZ024,39161,Van Wert,OH
OHZ025,39003,Allen,OH
OHZ026,39065,Hardin,OH
OHZ027,39175,Wyandot,OH
OHZ028,39033,Crawford,OH
OHZ029,39139,Richland,OH
OHZ030,39005,Ashland,OH
OHZ031,39169,Wayne,OH
OHZ032,39151,Stark,OH
OHZ033,39099,Mahoning,OH
OHZ034,39107,Mercer,OH
OHZ035,39011,Auglaize,OH
OHZ036,39101,Marion,OH
OHZ037,39117,Morrow,OH
OHZ038,39075,Holmes,OH
OHZ039,39157,Tuscarawas,OH
OHZ040,39019,Carroll,OH
OHZ041,39029,Columbiana,OH
OHZ042,39037,Darke,OH
OHZ043,39149,Shelby,OH
OHZ044,39091,Logan,OH
OHZ045,39159,Union,OH
OHZ046,39041,Delaware,OH
OHZ047,39083,Knox,OH
OHZ048,39031,Coshocton,OH
OHZ049,39067,Harrison,OH
OHZ050,39081,Jefferson,OH
OHZ051,39109,Miami,OH
OHZ052,39021,Champaign,OH
OHZ053,39023,Clark,OH
OHZ054,39097,Madison,OH
OHZ055,39049,Franklin,OH
OHZ056,39089,Licking,OH
OHZ057,39119,Muskingum,OH
OHZ058,39059,Guernsey,OH
OHZ059,39013,Belmont,OH
OHZ060,39135,Preble,OH
OHZ061,39113,Montgomery,OH
OHZ062,39057,Greene,OH
OHZ063,39047,Fayette,OH
OHZ064,39129,Pickaway,OH
OHZ065,39045,Fairfield,OH
OHZ066,39127,Perry,OH
OHZ067,39115,Morgan,OH
OHZ068,39121,Noble,OH
OHZ069,39111,Monroe,OH
OHZ070,39017,Butler,OH
OHZ071,39165,Warren,OH
OHZ072,39027,Clinton,OH
OHZ073,39141,Ross,OH
OHZ074,39073,Hocking,OH
OHZ075,39009,Athens,OH
OHZ076,39167,Washington,OH
OHZ077,39061,Hamilton,OH
OHZ078,39025,Clermont,OH
OHZ079,39015,Brown,OH
OHZ080,39071,Highland,OH
OHZ081,39001,Adams,OH
OHZ082,39131,Pike,OH
OHZ083,39079,Jackson,OH
OHZ084,39163,Vinton,OH
OHZ085,39105,Meigs,OH
OHZ086,39053,Gallia,OH
OHZ087,39087,Lawrence,OH
OHZ088,39145,Scioto,OH
OHZ089,39007,Ashtabula,OH
OKZ001,40025,Cimarron,OK
OKZ002,40139,Texas,OK
OKZ003,40007,Beaver,OK
OKZ004,40059,Harper,OK
OKZ005,40151,Woods,OK
OKZ006,40003,Alfalfa,OK
OKZ007,40053,Grant,OK
OKZ008,40071,Kay,OK
OKZ009,40045,Ellis,OK
OKZ010,40153,Woodward,OK
OKZ011,40093,Major,OK
OKZ012,40047,Garfield,OK
OKZ013,40103,Noble,OK
OKZ014,40129,Roger Mills,OK
OKZ015,40043,Dewey,OK
OKZ016,40039,Custer,OK
OKZ017,40011,Blaine,OK
OKZ018,40073,Kingfisher,OK
OKZ019,40083,Logan,OK
OKZ020,40119,Payne,OK
OKZ021,40009,Beckham,OK
OKZ022,40149,Washita,OK
OKZ023,40015,Caddo,OK
OKZ024,40017,Canadian,OK
OKZ025,40109,Oklahoma,OK
OKZ026,40081,Lincoln,OK
OKZ027,40051,Grady,OK
OKZ028,40087,McClain,OK
OKZ029,40027,Cleveland,OK
OKZ030,40125,Pottawatomie,OK
OKZ031,40133,Seminole,OK
OKZ032,40063,Hughes,OK
OKZ033,40057,Harmon,OK
OKZ034,40055,Greer,OK
OKZ035,40075,Kiowa,OK
OKZ036,40065,Jackson,OK
OKZ037,40141,Tillman,OK
OKZ038,40031,Comanche,OK
OKZ039,40137,Stephens,OK
OKZ040,40049,Garvin,OK
OKZ041,40099,Murray,OK
OKZ042,40123,Pontotoc,OK
OKZ043,40029,Coal,OK
OKZ044,40033,Cotton,OK
OKZ045,40067,Jefferson,OK
OKZ046,40019,Carter,OK
OKZ047,40069,Johnston,OK
OKZ048,40005,Atoka,OK
OKZ049,40127,Pushmataha,OK
OKZ050,40085,Love,OK
OKZ051,40095,Marshall,OK
OKZ052,40013,Bryan,OK
OKZ053,40023,Choctaw,OK
OKZ055,40147,Washington,OK
OKZ056,40105,Nowata,OK
OKZ057,40035,Craig,OK
OKZ058,40115,Ottawa,OK
OKZ059,40117,Pawnee,OK
OKZ060,40143,Tulsa,OK
OKZ061,40131,Rogers,OK
OKZ062,40097,Mayes,OK
OKZ063,40041,Delaware,OK
OKZ064,40037,Creek,OK
OKZ065,40107,Okfuskee,OK
OKZ066,40111,Okmulgee,OK
OKZ067,40145,Wagoner,OK
OKZ068,40021,Cherokee,OK
OKZ069,40001,Adair,OK
OKZ070,40101,Muskogee,OK
OKZ071,40091,McIntosh,OK
OKZ073,40121,Pittsburg,OK
OKZ074,40061,Haskell,OK
OKZ075,40077,Latimer,OK
OKZ077,40089,McCurtain,OK
OKZ154,40113,Osage,OK
OKZ172,40135,Sequoyah,OK
OKZ176,40079,Le Flore,OK
OKZ254,40113,Osage,OK
OKZ272,40135,Sequoyah,OK
OKZ276,40079,Le Flore,OK
OKZ354,40113,Osage,OK
OKZ376,40079,Le Flore,OK
ORZ021,41011,Coos,OR
ORZ021,41015,Curry,OR
ORZ021,41019,Douglas,OR
ORZ022,41015,Curry,OR
ORZ023,41011,Coos,OR
ORZ023,41019,Douglas,OR
ORZ024,41015,Curry,OR
ORZ024,41033,Josephine,OR
ORZ025,41019,Douglas,OR
ORZ026,41029,Jackson,OR
ORZ027,41019,Douglas,OR
ORZ027,41029,Jackson,OR
ORZ027,41035,Klamath,OR
ORZ028,41029,Jackson,OR
ORZ028,41033,Josephine,OR
ORZ028,41035,Klamath,OR
ORZ029,41035,Klamath,OR
ORZ030,41035,Klamath,OR
ORZ030,41037,Lake,OR
ORZ031,41037,Lake,OR
ORZ041,41021,Gilliam,OR
ORZ041,41055,Sherman,OR
ORZ041,41065,Wasco,OR
ORZ044,41049,Morrow,OR
ORZ044,41059,Umatilla,OR
ORZ049,41061,Union,OR
ORZ050,41061,Union,OR
ORZ050,41063,Wallowa,OR
ORZ061,41025,Harney,OR
ORZ062,41001,Baker,OR
ORZ063,41045,Malheur,OR
ORZ064,41045,Malheur,OR
ORZ101,41007,Clatsop,OR
ORZ102,41057,Tillamook,OR
ORZ103,41039,Lane,OR
ORZ103,41041,Lincoln,OR
ORZ104,41007,Clatsop,OR
ORZ104,41041,Lincoln,OR
ORZ104,41057,Tillamook,OR
ORZ104,41067,Washington,OR
ORZ104,41071,Yamhill,OR
ORZ105,41003,Benton,OR
ORZ105,41039,Lane,OR
ORZ105,41041,Lincoln,OR
ORZ105,41053,Polk,OR
ORZ106,41007,Clatsop,OR
ORZ106,41009,Columbia,OR
ORZ106,41057,Tillamook,OR
ORZ106,41067,Washington,OR
ORZ106,41071,Yamhill,OR
ORZ107,41003,Benton,OR
ORZ107,41039,Lane,OR
ORZ107,41041,Lincoln,OR
ORZ107,41053,Polk,OR
ORZ108,41009,Columbia,OR
ORZ109,41005,Clackamas,OR
ORZ109,41051,Multnomah,OR
ORZ109,41067,Washington,OR
ORZ110,41051,Multnomah,OR
ORZ110,41067,Washington,OR
ORZ110,41071,Yamhill,OR
ORZ111,41005,Clackamas,OR
ORZ111,41051,Multnomah,OR
ORZ112,41051,Multnomah,OR
ORZ113,41005,Clackamas,OR
ORZ113,41051,Multnomah,OR
ORZ114,41053,Polk,OR
ORZ114,41071,Yamhill,OR
ORZ115,41005,Clackamas,OR
ORZ115,41047,Marion,OR
ORZ116,41003,Benton,OR
ORZ117,41043,Linn,OR
ORZ118,41039,Lane,OR
ORZ119,41027,Hood River,OR
ORZ119,41051,Multnomah,OR
ORZ120,41027,Hood River,OR
ORZ120,41051,Multnomah,OR
ORZ121,41027,Hood River,OR
ORZ122,41027,Hood River,OR
ORZ123,41005,Clackamas,OR
ORZ124,41043,Linn,OR
ORZ124,41047,Marion,OR
ORZ125,41039,Lane,OR
ORZ126,41005,Clackamas,OR
ORZ126,41027,Hood River,OR
ORZ126,41051,Multnomah,OR
ORZ127,41043,Linn,OR
ORZ127,41047,Marion,OR
ORZ128,41039,Lane,OR
ORZ502,41059,Umatilla,OR
ORZ502,41061,Union,OR
ORZ502,41063,Wallowa,OR
ORZ503,41021,Gilliam,OR
ORZ503,41023,Grant,OR
ORZ503,41049,Morrow,OR
ORZ503,41059,Umatilla,OR
ORZ503,41061,Union,OR
ORZ503,41069,Wheeler,OR
ORZ505,41023,Grant,OR
ORZ505,41031,Jefferson,OR
ORZ505,41049,Morrow,OR
ORZ505,41065,Wasco,OR
ORZ505,41069,Wheeler,OR
ORZ506,41013,Crook,OR
ORZ506,41017,Deschutes,OR
ORZ506,41023,Grant,OR
ORZ506,41031,Jefferson,OR
ORZ506,41069,Wheeler,OR
ORZ507,41059,Umatilla,OR
ORZ508,41021,Gilliam,OR
ORZ508,41049,Morrow,OR
ORZ508,41069,Wheeler,OR
ORZ509,41017,Deschutes,OR
ORZ509,41031,Jefferson,OR
ORZ509,41065,Wasco,OR
ORZ510,41055,Sherman,OR
ORZ510,41065,Wasco,OR
ORZ511,41013,Crook,OR
ORZ511,41017,Deschutes,OR
ORZ511,41031,Jefferson,OR
PAZ001,42049,Erie,PA
PAZ002,42049,Erie,PA
PAZ003,42039,Crawford,PA
PAZ004,42123,Warren,PA
PAZ005,42083,McKean,PA
PAZ006,42105,Potter,PA
PAZ007,42085,Mercer,PA
PAZ008,42121,Venango,PA
PAZ009,42053,Forest,PA
PAZ010,42047,Elk,PA
PAZ011,42023,Cameron,PA
PAZ012,42035,Clinton,PA
PAZ013,42073,Lawrence,PA
PAZ014,42019,Butler,PA
PAZ015,42031,Clarion,PA
PAZ016,42065,Jefferson,PA
PAZ017,42033,Clearfield,PA
PAZ018,42027,Centre,PA
PAZ019,42027,Centre,PA
PAZ020,42007,Beaver,PA
PAZ021,42003,Allegheny,PA
PAZ022,42005,Armstrong,PA
PAZ024,42021,Cambria,PA
PAZ025,42013,Blair,PA
PAZ026,42061,Huntingdon,PA
PAZ027,42087,Mifflin,PA
PAZ028,42067,Juniata,PA
PAZ029,42125,Washington,PA
PAZ031,42059,Greene,PA
PAZ033,42111,Somerset,PA
PAZ034,42009,Bedford,PA
PAZ035,42057,Fulton,PA
PAZ036,42055,Franklin,PA
PAZ037,42117,Tioga,PA
PAZ038,42015,Bradford,PA
PAZ039,42115,Susquehanna,PA
PAZ040,42127,Wayne,PA
PAZ041,42081,Lycoming,PA
PAZ042,42113,Sullivan,PA
PAZ043,42131,Wyoming,PA
PAZ044,42069,Lackawanna,PA
PAZ045,42035,Clinton,PA
PAZ046,42081,Lycoming,PA
PAZ047,42079,Luzerne,PA
PAZ048,42103,Pike,PA
PAZ049,42119,Union,PA
PAZ050,42109,Snyder,PA
PAZ051,42093,Montour,PA
PAZ052,42097,Northumberland,PA
PAZ053,42037,Columbia,PA
PAZ054,42025,Carbon,PA
PAZ055,42089,Monroe,PA
PAZ056,42099,Perry,PA
PAZ057,42043,Dauphin,PA
PAZ058,42107,Schuylkill,PA
PAZ059,42075,Lebanon,PA
PAZ060,42011,Berks,PA
PAZ061,42077,Lehigh,PA
PAZ062,42095,Northampton,PA
PAZ063,42041,Cumberland,PA
PAZ064,42001,Adams,PA
PAZ065,42133,York,PA
PAZ066,42071,Lancaster,PA
PAZ070,42045,Delaware,PA
PAZ071,42101,Philadelphia,PA
PAZ072,42127,Wayne,PA
PAZ073,42129,Westmoreland,PA
PAZ074,42129,Westmoreland,PA
PAZ075,42051,Fayette,PA
PAZ076,42051,Fayette,PA
PAZ077,42063,Indiana,PA
PAZ078,42063,Indiana,PA
PAZ101,42029,Chester,PA
PAZ102,42029,Chester,PA
PAZ103,42091,Montgomery,PA
PAZ104,42091,Montgomery,PA
PAZ105,42017,Upper Bucks,PA
PAZ106,42017,Lower Bucks,PA
PRZ001,72021,Bayamon,PR
PRZ001,72031,Carolina,PR
PRZ001,72033,Catano,PR
PRZ001,72061,Guaynabo,PR
PRZ001,72127,San Juan,PR
PRZ001,72135,Toa Alta,PR
PRZ001,72137,Toa Baja,PR
PRZ001,72139,Trujillo Alto,PR
PRZ002,72029,Canovanas,PR
PRZ002,72037,Ceiba,PR
PRZ002,72053,Fajardo,PR
PRZ002,72069,Humacao,PR
PRZ002,72087,Loiza,PR
PRZ002,72089,Luquillo,PR
PRZ002,72103,Naguabo,PR
PRZ002,72119,Rio Grande,PR
PRZ003,72015,Arroyo,PR
PRZ003,72057,Guayama,PR
PRZ003,72095,Maunabo,PR
PRZ003,72109,Patillas,PR
PRZ003,72123,Salinas,PR
PRZ003,72151,Yabucoa,PR
PRZ004,72007,Aguas Buenas,PR
PRZ004,72025,Caguas,PR
PRZ004,72035,Cayey,PR
PRZ004,72041,Cidra,PR
PRZ004,72045,Comerio,PR
PRZ004,72063,Gurabo,PR
PRZ004,72077,Juncos,PR
PRZ004,72085,Las Piedras,PR
PRZ004,72129,San Lorenzo,PR
PRZ005,72013,Arecibo,PR
PRZ005,72017,Barceloneta,PR
PRZ005,72051,Dorado,PR
PRZ005,72054,Florida,PR
PRZ005,72091,Manati,PR
PRZ005,72143,Vega Alta,PR
PRZ005,72145,Vega Baja,PR
PRZ006,72009,Aibonito,PR
PRZ006,72019,Barranquitas,PR
PRZ006,72039,Ciales,PR
PRZ006,72043,Coamo,PR
PRZ006,72047,Corozal,PR
PRZ006,72073,Jayuya,PR
PRZ006,72101,Morovis,PR
PRZ006,72105,Naranjito,PR
PRZ006,72107,Orocovis,PR
PRZ006,72149,Villalba,PR
PRZ007,72059,Guayanilla,PR
PRZ007,72075,Juana Diaz,PR
PRZ007,72111,Penuelas,PR
PRZ007,72113,Ponce,PR
PRZ007,72133,Santa Isabel,PR
PRZ007,72153,Yauco,PR
PRZ008,72005,Aguadilla,PR
PRZ008,72027,Camuy,PR
PRZ008,72065,Hatillo,PR
PRZ008,72071,Isabela,PR
PRZ008,72115,Quebradillas,PR
PRZ009,72001,Adjuntas,PR
PRZ009,72081,Lares,PR
PRZ009,72083,Las Marias,PR
PRZ009,72093,Maricao,PR
PRZ009,72121,Sabana Grande,PR
PRZ009,72131,San Sebastian,PR
PRZ009,72141,Utuado,PR
PRZ010,72003,Aguada,PR
PRZ010,72011,Anasco,PR
PRZ010,72067,Hormigueros,PR
PRZ010,72097,Mayaguez,PR
PRZ010,72099,Moca,PR
PRZ010,72117,Rincon,PR
PRZ010,72125,San German,PR
PRZ011,72023,Cabo Rojo,PR
PRZ011,72055,Guanica,PR
PRZ011,72079,Lajas,PR
PRZ012,72049,Culebra,PR
PRZ013,72147,Vieques,PR
PWZ001,70100,Kayangel,PW
PWZ002,70212,Melekeok,PW
PWZ003,70004,Airai,PW
PWZ004,70150,Koror,PW
PWZ005,70350,Peleliu,PW
PWZ006,70010,Angaur,PW
PWZ007,70370,Sonsorol,PW
PWZ008,70050,Tobi,PW
RIZ001,44007,Providence,RI
RIZ002,44007,Providence,RI
RIZ003,44003,Kent,RI
RIZ004,44003,Kent,RI
RIZ005,44001,Bristol,RI
RIZ006,44009,Washington,RI
RIZ007,44005,Newport,RI
RIZ008,44009,Washington,RI
SCZ008,45021,Cherokee,SC
SCZ009,45091,York,SC
SCZ010,45007,Anderson,SC
SCZ011,45001,Abbeville,SC
SCZ012,45059,Laurens,SC
SCZ013,45087,Union,SC
SCZ014,45023,Chester,SC
SCZ016,45025,Chesterfield,SC
SCZ017,45069,Marlboro,SC
SCZ018,45065,McCormick,SC
SCZ019,45047,Greenwood,SC
SCZ020,45071,Newberry,SC
SCZ021,45039,Fairfield,SC
SCZ022,45055,Kershaw,SC
SCZ023,45031,Darlington,SC
SCZ024,45033,Dillon,SC
SCZ025,45037,Edgefield,SC
SCZ026,45081,Saluda,SC
SCZ027,45063,Lexington,SC
SCZ028,45079,Richland,SC
SCZ029,45061,Lee,SC
SCZ030,45003,Aiken,SC
SCZ031,45085,Sumter,SC
SCZ032,45041,Florence,SC
SCZ033,45067,Marion,SC
SCZ035,45011,Barnwell,SC
SCZ037,45017,Calhoun,SC
SCZ038,45027,Clarendon,SC
SCZ039,45089,Williamsburg,SC
SCZ040,45005,Allendale,SC
SCZ041,45009,Bamberg,SC
SCZ042,45049,Hampton,SC
SCZ043,45029,Colleton,SC
SCZ044,45035,Dorchester,SC
SCZ045,45015,Berkeley,SC
SCZ054,45051,Horry,SC
SCZ055,45043,Georgetown,SC
SCZ056,45043,Georgetown,SC
SCZ058,45051,Horry,SC
SCZ059,45051,Horry,SC
SCZ101,45073,Oconee,SC
SCZ102,45077,Pickens,SC
SCZ103,45045,Greenville,SC
SCZ104,45073,Oconee,SC
SCZ105,45077,Pickens,SC
SCZ106,45045,Greenville,SC
SCZ107,45045,Greenville,SC
SCZ108,45083,Spartanburg,SC
SCZ109,45083,Spartanburg,SC
SCZ115,45057,Lancaster,SC
SCZ116,45057,Lancaster,SC
SCZ135,45075,Orangeburg,SC
SCZ136,45075,Orangeburg,SC
SCZ137,45075,Orangeburg,SC
SCZ147,45053,Jasper,SC
SCZ148,45013,Beaufort,SC
SCZ149,45029,Colleton,SC
SCZ150,45019,Charleston,SC
SCZ151,45053,Jasper,SC
SCZ152,45015,Berkeley,SC
SDZ001,46063,Harding,SD
SDZ002,46105,Perkins,SD
SDZ003,46031,Corson,SD
SDZ004,46021,Campbell,SD
SDZ005,46089,McPherson,SD
SDZ006,46013,Brown,SD
SDZ007,46091,Marshall,SD
SDZ008,46109,Roberts,SD
SDZ009,46129,Walworth,SD
SDZ010,46045,Edmunds,SD
SDZ011,46037,Day,SD
SDZ012,46019,Butte,SD
SDZ013,46093,Meade,SD
SDZ014,46137,Ziebach,SD
SDZ015,46041,Dewey,SD
SDZ016,46107,Potter,SD
SDZ017,46049,Faulk,SD
SDZ018,46115,Spink,SD
SDZ019,46025,Clark,SD
SDZ020,46029,Codington,SD
SDZ021,46051,Grant,SD
SDZ022,46057,Hamlin,SD
SDZ023,46039,Deuel,SD
SDZ024,46081,Lawrence,SD
SDZ024,46093,Meade,SD
SDZ024,46103,Pennington,SD
SDZ025,46081,Lawrence,SD
SDZ026,46103,Pennington,SD
SDZ027,46047,Fall River,SD
SDZ028,46033,Custer,SD
SDZ028,46103,Pennington,SD
SDZ029,46033,Custer,SD
SDZ030,46033,Custer,SD
SDZ031,46103,Pennington,SD
SDZ032,46055,Haakon,SD
SDZ033,46117,Stanley,SD
SDZ034,46119,Sully,SD
SDZ035,46065,Hughes,SD
SDZ036,46069,Hyde,SD
SDZ037,46059,Hand,SD
SDZ038,46005,Beadle,SD
SDZ039,46077,Kingsbury,SD
SDZ040,46011,Brookings,SD
SDZ041,46047,Fall River,SD
SDZ042,46102,Oglala Lakota,SD
SDZ043,46071,Jackson,SD
SDZ044,46007,Bennett,SD
SDZ045,46075,Jones,SD
SDZ046,46095,Mellette,SD
SDZ047,46121,Todd,SD
SDZ048,46085,Lyman,SD
SDZ049,46123,Tripp,SD
SDZ050,46053,Gregory,SD
SDZ051,46017,Buffalo,SD
SDZ052,46073,Jerauld,SD
SDZ053,46111,Sanborn,SD
SDZ054,46097,Miner,SD
SDZ055,46079,Lake,SD
SDZ056,46101,Moody,SD
SDZ057,46015,Brule,SD
SDZ058,46003,Aurora,SD
SDZ059,46035,Davison,SD
SDZ060,46061,Hanson,SD
SDZ061,46087,McCook,SD
SDZ062,46099,Minnehaha,SD
SDZ063,46023,Charles Mix,SD
SDZ064,46043,Douglas,SD
SDZ065,46067,Hutchinson,SD
SDZ066,46125,Turner,SD
SDZ067,46083,Lincoln,SD
SDZ068,46009,Bon Homme,SD
SDZ069,46135,Yankton,SD
SDZ070,46027,Clay,SD
SDZ071,46127,Union,SD
SDZ072,46093,Meade,SD
SDZ073,46093,Meade,SD
SDZ074,46033,Custer,SD
SDZ075,46047,Fall River,SD
SDZ076,46102,Oglala Lakota,SD
SDZ077,46071,Jackson,SD
SDZ078,46105,Perkins,SD
TNZ001,47095,Lake,TN
TNZ002,47131,Obion,TN
TNZ003,47183,Weakley,TN
TNZ004,47079,Henry,TN
TNZ005,47161,Stewart,TN
TNZ006,47125,Montgomery,TN
TNZ007,47147,Robertson,TN
TNZ008,47165,Sumner,TN
TNZ009,47111,Macon,TN
TNZ010,47027,Clay,TN
TNZ011,47137,Pickett,TN
TNZ012,47151,Scott,TN
TNZ013,47013,Campbell,TN
TNZ014,47025,Claiborne,TN
TNZ015,47067,Hancock,TN
TNZ016,47073,Hawkins,TN
TNZ017,47163,Sullivan,TN
TNZ018,47091,Johnson,TN
TNZ019,47045,Dyer,TN
TNZ020,47053,Gibson,TN
TNZ021,47017,Carroll,TN
TNZ022,47005,Benton,TN
TNZ023,47083,Houston,TN
TNZ024,47085,Humphreys,TN
TNZ025,47043,Dickson,TN
TNZ026,47021,Cheatham,TN
TNZ027,47037,Davidson,TN
TNZ028,47189,Wilson,TN
TNZ029,47169,Trousdale,TN
TNZ030,47159,Smith,TN
TNZ031,47087,Jackson,TN
TNZ032,47141,Putnam,TN
TNZ033,47133,Overton,TN
TNZ034,47049,Fentress,TN
TNZ035,47129,Morgan,TN
TNZ036,47001,Anderson,TN
TNZ037,47173,Union,TN
TNZ038,47057,Grainger,TN
TNZ039,47063,Hamblen,TN
TNZ040,47029,Cocke,TN
TNZ041,47029,Cocke,TN
TNZ042,47059,Greene,TN
TNZ043,47059,Greene,TN
TNZ044,47179,Washington,TN
TNZ045,47171,Unicoi,TN
TNZ046,47019,Carter,TN
TNZ047,47019,Carter,TN
TNZ048,47097,Lauderdale,TN
TNZ049,47167,Tipton,TN
TNZ050,47075,Haywood,TN
TNZ051,47033,Crockett,TN
TNZ052,47113,Madison,TN
TNZ053,47023,Chester,TN
TNZ054,47077,Henderson,TN
TNZ055,47039,Decatur,TN
TNZ056,47135,Perry,TN
TNZ057,47081,Hickman,TN
TNZ058,47101,Lewis,TN
TNZ059,47187,Williamson,TN
TNZ060,47119,Maury,TN
TNZ061,47117,Marshall,TN
TNZ062,47149,Rutherford,TN
TNZ063,47015,Cannon,TN
TNZ064,47041,De Kalb,TN
TNZ065,47185,White,TN
TNZ066,47035,Cumberland,TN
TNZ067,47145,Roane,TN
TNZ068,47105,Loudon,TN
TNZ069,47093,Knox,TN
TNZ070,47089,Jefferson,TN
TNZ071,47009,Blount,TN
TNZ072,47009,Blount,TN
TNZ073,47155,Sevier,TN
TNZ074,47155,Sevier,TN
TNZ075,47003,Bedford,TN
TNZ076,47127,Moore,TN
TNZ077,47031,Coffee,TN
TNZ078,47177,Warren,TN
TNZ079,47061,Grundy,TN
TNZ080,47175,Van Buren,TN
TNZ081,47153,Sequatchie,TN
TNZ082,47007,Bledsoe,TN
TNZ083,47143,Rhea,TN
TNZ084,47121,Meigs,TN
TNZ085,47107,McMinn,TN
TNZ086,47123,Monroe,TN
TNZ087,47123,Monroe,TN
TNZ088,47157,Shelby,TN
TNZ089,47047,Fayette,TN
TNZ090,47069,Hardeman,TN
TNZ091,47109,McNairy,TN
TNZ092,47071,Hardin,TN
TNZ093,47181,Wayne,TN
TNZ094,47099,Lawrence,TN
TNZ095,47055,Giles,TN
TNZ096,47103,Lincoln,TN
TNZ097,47051,Franklin,TN
TNZ098,47115,Marion,TN
TNZ099,47065,Hamilton,TN
TNZ100,47011,Bradley,TN
TNZ101,47139,Polk,TN
TNZ102,47139,Polk,TN
TXZ001,48111,Dallam,TX
TXZ002,48421,Sherman,TX
TXZ003,48195,Hansford,TX
TXZ004,48357,Ochiltree,TX
TXZ005,48295,Lipscomb,TX
TXZ006,48205,Hartley,TX
TXZ007,48341,Moore,TX
TXZ008,48233,Hutchinson,TX
TXZ009,48393,Roberts,TX
TXZ010,48211,Hemphill,TX
TXZ011,48359,Oldham,TX
TXZ012,48375,Potter,TX
TXZ013,48065,Carson,TX
TXZ014,48179,Gray,TX
TXZ015,48483,Wheeler,TX
TXZ016,48117,Deaf Smith,TX
TXZ017,48381,Randall,TX
TXZ018,48011,Armstrong,TX
TXZ019,48129,Donley,TX
TXZ020,48087,Collingsworth,TX
TXZ021,48369,Parmer,TX
TXZ022,48069,Castro,TX
TXZ023,48437,Swisher,TX
TXZ024,48045,Briscoe,TX
TXZ025,48191,Hall,TX
TXZ026,48075,Childress,TX
TXZ027,48017,Bailey,TX
TXZ028,48279,Lamb,TX
TXZ029,48189,Hale,TX
TXZ030,48153,Floyd,TX
TXZ031,48345,Motley,TX
TXZ032,48101,Cottle,TX
TXZ033,48079,Cochran,TX
TXZ034,48219,Hockley,TX
TXZ035,48303,Lubbock,TX
TXZ036,48107,Crosby,TX
TXZ037,48125,Dickens,TX
TXZ038,48269,King,TX
TXZ039,48501,Yoakum,TX
TXZ040,48445,Terry,TX
TXZ041,48305,Lynn,TX
TXZ042,48169,Garza,TX
TXZ043,48263,Kent,TX
TXZ044,48433,Stonewall,TX
TXZ045,48165,Gaines,TX
TXZ046,48115,Dawson,TX
TXZ047,48033,Borden,TX
TXZ048,48415,Scurry,TX
TXZ049,48151,Fisher,TX
TXZ050,48003,Andrews,TX
TXZ051,48317,Martin,TX
TXZ052,48227,Howard,TX
TXZ053,48335,Mitchell,TX
TXZ054,48353,Nolan,TX
TXZ059,48301,Loving,TX
TXZ060,48495,Winkler,TX
TXZ061,48135,Ector,TX
TXZ062,48329,Midland,TX
TXZ063,48173,Glasscock,TX
TXZ064,48431,Sterling,TX
TXZ065,48081,Coke,TX
TXZ066,48399,Runnels,TX
TXZ067,48475,Ward,TX
TXZ068,48103,Crane,TX
TXZ069,48461,Upton,TX
TXZ070,48383,Reagan,TX
TXZ071,48235,Irion,TX
TXZ072,48451,Tom Green,TX
TXZ073,48095,Concho,TX
TXZ075,48371,Pecos,TX
TXZ076,48105,Crockett,TX
TXZ077,48413,Schleicher,TX
TXZ078,48435,Sutton,TX
TXZ082,48443,Terrell,TX
TXZ083,48197,Hardeman,TX
TXZ084,48155,Foard,TX
TXZ085,48487,Wilbarger,TX
TXZ086,48485,Wichita,TX
TXZ087,48275,Knox,TX
TXZ088,48023,Baylor,TX
TXZ089,48009,Archer,TX
TXZ090,48077,Clay,TX
TXZ091,48337,Montague,TX
TXZ092,48097,Cooke,TX
TXZ093,48181,Grayson,TX
TXZ094,48147,Fannin,TX
TXZ095,48277,Lamar,TX
TXZ096,48387,Red River,TX
TXZ097,48037,Bowie,TX
TXZ098,48207,Haskell,TX
TXZ099,48447,Throckmorton,TX
TXZ100,48503,Young,TX
TXZ101,48237,Jack,TX
TXZ102,48497,Wise,TX
TXZ103,48121,Denton,TX
TXZ104,48085,Collin,TX
TXZ105,48231,Hunt,TX
TXZ106,48119,Delta,TX
TXZ107,48223,Hopkins,TX
TXZ108,48159,Franklin,TX
TXZ109,48449,Titus,TX
TXZ110,48063,Camp,TX
TXZ111,48343,Morris,TX
TXZ112,48067,Cass,TX
TXZ113,48253,Jones,TX
TXZ114,48417,Shackelford,TX
TXZ115,48429,Stephens,TX
TXZ116,48363,Palo Pinto,TX
TXZ117,48367,Parker,TX
TXZ118,48439,Tarrant,TX
TXZ119,48113,Dallas,TX
TXZ120,48397,Rockwall,TX
TXZ121,48257,Kaufman,TX
TXZ122,48467,Van Zandt,TX
TXZ123,48379,Rains,TX
TXZ124,48499,Wood,TX
TXZ125,48459,Upshur,TX
TXZ126,48315,Marion,TX
TXZ127,48441,Taylor,TX
TXZ128,48059,Callahan,TX
TXZ129,48133,Eastland,TX
TXZ130,48143,Erath,TX
TXZ131,48221,Hood,TX
TXZ132,48425,Somervell,TX
TXZ133,48251,Johnson,TX
TXZ134,48139,Ellis,TX
TXZ135,48213,Henderson,TX
TXZ136,48423,Smith,TX
TXZ137,48183,Gregg,TX
TXZ138,48203,Harrison,TX
TXZ139,48083,Coleman,TX
TXZ140,48049,Brown,TX
TXZ141,48093,Comanche,TX
TXZ142,48333,Mills,TX
TXZ143,48193,Hamilton,TX
TXZ144,48035,Bosque,TX
TXZ145,48217,Hill,TX
TXZ146,48349,Navarro,TX
TXZ147,48161,Freestone,TX
TXZ148,48001,Anderson,TX
TXZ149,48073,Cherokee,TX
TXZ150,48401,Rusk,TX
TXZ151,48365,Panola,TX
TXZ152,48347,Nacogdoches,TX
TXZ153,48419,Shelby,TX
TXZ154,48307,McCulloch,TX
TXZ155,48411,San Saba,TX
TXZ156,48281,Lampasas,TX
TXZ157,48099,Coryell,TX
TXZ158,48027,Bell,TX
TXZ159,48309,McLennan,TX
TXZ160,48145,Falls,TX
TXZ161,48293,Limestone,TX
TXZ162,48289,Leon,TX
TXZ163,48225,Houston,TX
TXZ164,48455,Trinity,TX
TXZ165,48005,Angelina,TX
TXZ166,48405,San Augustine,TX
TXZ167,48403,Sabine,TX
TXZ168,48327,Menard,TX
TXZ169,48267,Kimble,TX
TXZ170,48319,Mason,TX
TXZ171,48299,Llano,TX
TXZ172,48053,Burnet,TX
TXZ173,48491,Williamson,TX
TXZ174,48331,Milam,TX
TXZ175,48395,Robertson,TX
TXZ176,48313,Madison,TX
TXZ177,48471,Walker,TX
TXZ178,48407,San Jacinto,TX
TXZ179,48373,Polk,TX
TXZ180,48457,Tyler,TX
TXZ183,48465,Val Verde,TX
TXZ184,48137,Edwards,TX
TXZ185,48385,Real,TX
TXZ186,48265,Kerr,TX
TXZ187,48019,Bandera,TX
TXZ188,48171,Gillespie,TX
TXZ189,48259,Kendall,TX
TXZ190,48031,Blanco,TX
TXZ191,48209,Hays,TX
TXZ192,48453,Travis,TX
TXZ193,48021,Bastrop,TX
TXZ194,48287,Lee,TX
TXZ195,48051,Burleson,TX
TXZ196,48041,Brazos,TX
TXZ197,48477,Washington,TX
TXZ198,48185,Grimes,TX
TXZ199,48339,Montgomery,TX
TXZ200,48291,Liberty,TX
TXZ201,48199,Hardin,TX
TXZ202,48271,Kinney,TX
TXZ203,48463,Uvalde,TX
TXZ204,48325,Medina,TX
TXZ205,48029,Bexar,TX
TXZ206,48091,Comal,TX
TXZ207,48187,Guadalupe,TX
TXZ208,48055,Caldwell,TX
TXZ209,48149,Fayette,TX
TXZ210,48089,Colorado,TX
TXZ211,48015,Austin,TX
TXZ212,48473,Waller,TX
TXZ213,48201,Harris,TX
TXZ214,48071,Chambers,TX
TXZ217,48323,Maverick,TX
TXZ218,48507,Zavala,TX
TXZ219,48163,Frio,TX
TXZ220,48013,Atascosa,TX
TXZ221,48493,Wilson,TX
TXZ222,48255,Karnes,TX
TXZ223,48177,Gonzales,TX
TXZ224,48123,DeWitt,TX
TXZ225,48285,Lavaca,TX
TXZ226,48481,Wharton,TX
TXZ227,48157,Fort Bend,TX
TXZ228,48127,Dimmit,TX
TXZ229,48283,La Salle,TX
TXZ230,48311,McMullen,TX
TXZ231,48297,Live Oak,TX
TXZ232,48025,Bee,TX
TXZ233,48175,Goliad,TX
TXZ234,48469,Victoria,TX
TXZ235,48239,Jackson,TX
TXZ236,48321,Matagorda,TX
TXZ237,48039,Brazoria,TX
TXZ238,48167,Galveston,TX
TXZ239,48479,Webb,TX
TXZ240,48131,Duval,TX
TXZ241,48249,Jim Wells,TX
TXZ242,48273,Kleberg,TX
TXZ243,48355,Nueces,TX
TXZ244,48409,San Patricio,TX
TXZ245,48007,Aransas,TX
TXZ246,48391,Refugio,TX
TXZ247,48057,Calhoun,TX
TXZ248,48505,Zapata,TX
TXZ249,48247,Jim Hogg,TX
TXZ250,48047,Brooks,TX
TXZ251,48261,Kenedy,TX
TXZ252,48427,Starr,TX
TXZ253,48215,Hidalgo,TX
TXZ254,48489,Willacy,TX
TXZ255,48061,Cameron,TX
TXZ259,48241,Jasper,TX
TXZ260,48351,Newton,TX
TXZ261,48241,Jasper,TX
TXZ262,48351,Newton,TX
TXZ270,48109,Culberson,TX
TXZ271,48109,Culberson,TX
TXZ272,48109,Culberson,TX
TXZ273,48109,Culberson,TX
TXZ274,48389,Reeves,TX
TXZ275,48377,Presidio,TX
TXZ276,48243,Jeff Davis,TX
TXZ276,48377,Presidio,TX
TXZ277,48043,Brewster,TX
TXZ277,48243,Jeff Davis,TX
TXZ277,48377,Presidio,TX
TXZ278,48043,Brewster,TX
TXZ278,48109,Culberson,TX
TXZ278,48243,Jeff Davis,TX
TXZ278,48389,Reeves,TX
TXZ279,48043,Brewster,TX
TXZ280,48043,Brewster,TX
TXZ281,48109,Culberson,TX
TXZ281,48243,Jeff Davis,TX
TXZ281,48377,Presidio,TX
TXZ282,48043,Brewster,TX
TXZ300,48291,Liberty,TX
TXZ313,48201,Harris,TX
TXZ317,48381,Randall,TX
TXZ335,48239,Jackson,TX
TXZ336,48321,Matagorda,TX
TXZ337,48039,Brazoria,TX
TXZ338,48167,Galveston,TX
TXZ342,48273,Kleberg,TX
TXZ343,48355,Nueces,TX
TXZ344,48409,San Patricio,TX
TXZ345,48007,Aransas,TX
TXZ346,48391,Refugio,TX
TXZ347,48057,Calhoun,TX
TXZ351,48261,Kenedy,TX
TXZ353,48215,Hidalgo,TX
TXZ354,48489,Willacy,TX
TXZ355,48061,Cameron,TX
TXZ418,48141,El Paso,TX
TXZ419,48141,El Paso,TX
TXZ420,48141,El Paso,TX
TXZ420,48229,Hudspeth,TX
TXZ421,48229,Hudspeth,TX
TXZ422,48229,Hudspeth,TX
TXZ423,48141,El Paso,TX
TXZ423,48229,Hudspeth,TX
TXZ424,48229,Hudspeth,TX
TXZ436,48321,Matagorda,TX
TXZ437,48039,Brazoria,TX
TXZ438,48167,Galveston,TX
TXZ439,48167,Galveston,TX
TXZ442,48273,Kleberg,TX
TXZ443,48355,Nueces,TX
TXZ447,48057,Calhoun,TX
TXZ451,48261,Kenedy,TX
TXZ454,48489,Willacy,TX
TXZ455,48061,Cameron,TX
TXZ515,48245,Jefferson,TX
TXZ516,48361,Orange,TX
TXZ615,48245,Jefferson,TX
TXZ616,48361,Orange,TX
UTZ022,49037,San Juan,UT
UTZ023,49009,Daggett,UT
UTZ023,49047,Uintah,UT
UTZ024,49047,Uintah,UT
UTZ025,49019,Grand,UT
UTZ025,49047,Uintah,UT
UTZ027,49019,Grand,UT
UTZ028,49019,Grand,UT
UTZ028,49037,San Juan,UT
UTZ029,49037,San Juan,UT
UTZ101,49003,Box Elder,UT
UTZ101,49035,Salt Lake,UT
UTZ101,49045,Tooele,UT
UTZ101,49049,Utah,UT
UTZ102,49045,Tooele,UT
UTZ103,49003,Box Elder,UT
UTZ104,49011,Davis,UT
UTZ104,49057,Weber,UT
UTZ105,49035,Salt Lake,UT
UTZ106,49049,Utah,UT
UTZ107,49005,Cache,UT
UTZ108,49029,Morgan,UT
UTZ108,49043,Summit,UT
UTZ108,49051,Wasatch,UT
UTZ108,49057,Weber,UT
UTZ109,49033,Rich,UT
UTZ110,49003,Box Elder,UT
UTZ110,49005,Cache,UT
UTZ110,49011,Davis,UT
UTZ110,49029,Morgan,UT
UTZ110,49033,Rich,UT
UTZ110,49035,Salt Lake,UT
UTZ110,49043,Summit,UT
UTZ110,49057,Weber,UT
UTZ111,49023,Juab,UT
UTZ111,49035,Salt Lake,UT
UTZ111,49043,Summit,UT
UTZ111,49049,Utah,UT
UTZ111,49051,Wasatch,UT
UTZ112,49013,Duchesne,UT
UTZ112,49043,Summit,UT
UTZ112,49051,Wasatch,UT
UTZ113,49007,Carbon,UT
UTZ113,49013,Duchesne,UT
UTZ113,49015,Emery,UT
UTZ113,49039,Sanpete,UT
UTZ113,49049,Utah,UT
UTZ113,49051,Wasatch,UT
UTZ114,49013,Duchesne,UT
UTZ115,49023,Juab,UT
UTZ115,49027,Millard,UT
UTZ116,49023,Juab,UT
UTZ116,49027,Millard,UT
UTZ117,49015,Emery,UT
UTZ117,49023,Juab,UT
UTZ117,49027,Millard,UT
UTZ117,49039,Sanpete,UT
UTZ117,49041,Sevier,UT
UTZ118,49039,Sanpete,UT
UTZ119,49041,Sevier,UT
UTZ120,49007,Carbon,UT
UTZ120,49015,Emery,UT
UTZ120,49041,Sevier,UT
UTZ121,49015,Emery,UT
UTZ121,49041,Sevier,UT
UTZ122,49001,Beaver,UT
UTZ122,49021,Iron,UT
UTZ122,49053,Washington,UT
UTZ123,49053,Washington,UT
UTZ124,49021,Iron,UT
UTZ124,49025,Kane,UT
UTZ124,49053,Washington,UT
UTZ125,49001,Beaver,UT
UTZ125,49017,Garfield,UT
UTZ125,49021,Iron,UT
UTZ125,49025,Kane,UT
UTZ125,49031,Piute,UT
UTZ125,49053,Washington,UT
UTZ125,49055,Wayne,UT
UTZ126,49017,Garfield,UT
UTZ126,49031,Piute,UT
UTZ126,49041,Sevier,UT
UTZ127,49017,Garfield,UT
UTZ127,49025,Kane,UT
UTZ128,49017,Garfield,UT
UTZ128,49025,Kane,UT
UTZ128,49053,Washington,UT
UTZ129,49015,Emery,UT
UTZ129,49017,Garfield,UT
UTZ129,49041,Sevier,UT
UTZ129,49055,Wayne,UT
UTZ130,49017,Garfield,UT
UTZ130,49055,Wayne,UT
UTZ131,49017,Garfield,UT
UTZ131,49025,Kane,UT
UTZ131,49037,San Juan,UT
VAZ001,51105,Lee,VA
VAZ002,51195,Wise,VA
VAZ002,51720,City of Norton,VA
VAZ003,51051,Dickenson,VA
VAZ004,51027,Buchanan,VA
VAZ005,51169,Scott,VA
VAZ006,51167,Russell,VA
VAZ007,51185,Tazewell,VA
VAZ008,51191,Washington,VA
VAZ008,51520,City of Bristol,VA
VAZ009,51173,Smyth,VA
VAZ010,51021,Bland,VA
VAZ011,51071,Giles,VA
VAZ012,51197,Wythe,VA
VAZ013,51155,Pulaski,VA
VAZ013,51750,City of Radford,VA
VAZ014,51121,Montgomery,VA
VAZ015,51077,Grayson,VA
VAZ016,51035,Carroll,VA
VAZ016,51640,City of Galax,VA
VAZ017,51063,Floyd,VA
VAZ018,51045,Craig,VA
VAZ019,51005,Alleghany,VA
VAZ019,51580,City of Covington,VA
VAZ020,51017,Bath,VA
VAZ022,51161,Roanoke,VA
VAZ022,51770,City of Roanoke,VA
VAZ022,51775,City of Salem,VA
VAZ023,51023,Botetourt,VA
VAZ024,51163,Rockbridge,VA
VAZ024,51530,City of Buena Vista,VA
VAZ024,51678,City of Lexington,VA
VAZ025,51790,City of Staunton,VA
VAZ025,51820,City of Waynesboro,VA
VAZ026,51165,Rockingham,VA
VAZ026,51660,City of Harrisonburg,VA
VAZ027,51171,Shenandoah,VA
VAZ028,51069,Frederick,VA
VAZ028,51840,City of Winchester,VA
VAZ029,51139,Page,VA
VAZ030,51187,Warren,VA
VAZ031,51043,Clarke,VA
VAZ032,51141,Patrick,VA
VAZ033,51067,Franklin,VA
VAZ034,51019,Bedford,VA
VAZ035,51009,Amherst,VA
VAZ036,51125,Nelson,VA
VAZ037,51540,City of Charlottesville,VA
VAZ038,51079,Greene,VA
VAZ039,51113,Madison,VA
VAZ040,51157,Rappahannock,VA
VAZ043,51089,Henry,VA
VAZ043,51690,City of Martinsville,VA
VAZ044,51143,Pittsylvania,VA
VAZ044,51590,City of Danville,VA
VAZ045,51031,Campbell,VA
VAZ045,51680,City of Lynchburg,VA
VAZ046,51011,Appomattox,VA
VAZ047,51029,Buckingham,VA
VAZ048,51065,Fluvanna,VA
VAZ050,51137,Orange,VA
VAZ051,51047,Culpeper,VA
VAZ053,51059,Fairfax,VA
VAZ053,51600,City of Fairfax,VA
VAZ054,51013,Arlington,VA
VAZ054,51510,City of Alexandria,VA
VAZ054,51610,City of Falls Church,VA
VAZ055,51179,Stafford,VA
VAZ056,51177,Spotsylvania,VA
VAZ056,51630,City of Fredericksburg,VA
VAZ057,51099,King George,VA
VAZ058,51083,Halifax,VA
VAZ059,51037,Charlotte,VA
VAZ060,51147,Prince Edward,VA
VAZ061,51049,Cumberland,VA
VAZ062,51075,Goochland,VA
VAZ064,51033,Caroline,VA
VAZ065,51117,Mecklenburg,VA
VAZ066,51111,Lunenburg,VA
VAZ067,51135,Nottoway,VA
VAZ068,51007,Amelia,VA
VAZ069,51145,Powhatan,VA
VAZ075,51193,Westmoreland,VA
VAZ076,51159,Richmond,VA
VAZ077,51133,Northumberland,VA
VAZ078,51103,Lancaster,VA
VAZ079,51025,Brunswick,VA
VAZ080,51053,Dinwiddie,VA
VAZ081,51149,Prince George,VA
VAZ081,51670,City of Hopewell,VA
VAZ081,51730,City of Petersburg,VA
VAZ082,51036,Charles City,VA
VAZ083,51127,New Kent,VA
VAZ084,51073,Gloucester,VA
VAZ085,51119,Middlesex,VA
VAZ086,51115,Mathews,VA
VAZ087,51081,Greensville,VA
VAZ087,51595,City of Emporia,VA
VAZ088,51183,Sussex,VA
VAZ089,51181,Surry,VA
VAZ090,51095,James City,VA
VAZ090,51830,City of Williamsburg,VA
VAZ092,51175,Southampton,VA
VAZ092,51620,City of Franklin,VA
VAZ097,51550,City of Chesapeake,VA
VAZ098,51810,City of Virginia Beach,VA
VAZ099,51001,Accomack,VA
VAZ100,51131,Northampton,VA
VAZ501,51061,Fauquier,VA
VAZ502,51061,Fauquier,VA
VAZ503,51091,Highland,VA
VAZ504,51091,Highland,VA
VAZ505,51107,Loudoun,VA
VAZ506,51107,Loudoun,VA
VAZ507,51079,Greene,VA
VAZ507,51113,Madison,VA
VAZ507,51139,Page,VA
VAZ507,51157,Rappahannock,VA
VAZ507,51165,Rockingham,VA
VAZ507,51187,Warren,VA
VAZ508,51003,Albemarle,VA
VAZ508,51009,Amherst,VA
VAZ508,51015,Augusta,VA
VAZ508,51125,Nelson,VA
VAZ508,51163,Rockbridge,VA
VAZ509,51109,Louisa,VA
VAZ510,51109,Louisa,VA
VAZ511,51085,Hanover,VA
VAZ512,51085,Hanover,VA
VAZ513,51041,Chesterfield,VA
VAZ514,51570,City of Colonial Heights,VA
VAZ515,51087,Henrico,VA
VAZ515,51760,City of Richmond,VA
VAZ516,51087,Henrico,VA
VAZ517,51101,King William,VA
VAZ518,51101,King William,VA
VAZ519,51097,King and Queen,VA
VAZ520,51097,King and Queen,VA
VAZ521,51057,Essex,VA
VAZ522,51057,Essex,VA
VAZ523,51199,York,VA
VAZ523,51735,City of Poquoson,VA
VAZ524,51700,City of Newport News,VA
VAZ525,51650,City of Hampton,VA
VAZ526,51153,Prince William,VA
VAZ527,51153,Prince William,VA
VAZ527,51683,City of Manassas,VA
VAZ527,51685,City of Manassas Park,VA
VAZ528,51093,Isle of Wight,VA
VAZ529,51800,City of Suffolk,VA
VAZ530,51710,City of Norfolk,VA
VAZ531,51740,City of Portsmouth,VA
VIZ001,78020,Saint John,VI
VIZ001,78030,Saint Thomas,VI
VIZ002,78010,Saint Croix,VI
VTZ001,50013,Grand Isle,VT
VTZ002,50011,Franklin,VT
VTZ003,50019,Orleans,VT
VTZ004,50009,Essex,VT
VTZ005,50007,Chittenden,VT
VTZ006,50015,Lamoille,VT
VTZ007,50005,Caledonia,VT
VTZ008,50023,Washington,VT
VTZ009,50001,Addison,VT
VTZ010,50017,Orange,VT
VTZ011,50021,Rutland,VT
VTZ013,50003,Bennington,VT
VTZ014,50025,Windham,VT
VTZ015,50025,Windham,VT
VTZ016,50011,Franklin,VT
VTZ017,50007,Chittenden,VT
VTZ018,50001,Addison,VT
VTZ019,50021,Rutland,VT
VTZ020,50027,Windsor,VT
VTZ021,50027,Windsor,VT
WAZ001,53055,San Juan,WA
WAZ024,53039,Klickitat,WA
WAZ026,53037,Kittitas,WA
WAZ026,53077,Yakima,WA
WAZ027,53077,Yakima,WA
WAZ028,53005,Benton,WA
WAZ028,53021,Franklin,WA
WAZ028,53039,Klickitat,WA
WAZ028,53071,Walla Walla,WA
WAZ029,53013,Columbia,WA
WAZ029,53071,Walla Walla,WA
WAZ030,53013,Columbia,WA
WAZ030,53071,Walla Walla,WA
WAZ031,53003,Asotin,WA
WAZ031,53023,Garfield,WA
WAZ032,53003,Asotin,WA
WAZ032,53023,Garfield,WA
WAZ033,53063,Spokane,WA
WAZ033,53075,Whitman,WA
WAZ034,53001,Adams,WA
WAZ034,53025,Grant,WA
WAZ035,53001,Adams,WA
WAZ035,53017,Douglas,WA
WAZ035,53025,Grant,WA
WAZ035,53043,Lincoln,WA
WAZ035,53047,Okanogan,WA
WAZ036,53043,Lincoln,WA
WAZ036,53063,Spokane,WA
WAZ037,53051,Pend Oreille,WA
WAZ037,53063,Spokane,WA
WAZ037,53065,Stevens,WA
WAZ038,53019,Ferry,WA
WAZ038,53047,Okanogan,WA
WAZ041,53007,Chelan,WA
WAZ041,53017,Douglas,WA
WAZ043,53017,Douglas,WA
WAZ043,53047,Okanogan,WA
WAZ044,53017,Douglas,WA
WAZ044,53025,Grant,WA
WAZ047,53007,Chelan,WA
WAZ048,53007,Chelan,WA
WAZ049,53047,Okanogan,WA
WAZ201,53049,Pacific,WA
WAZ202,53049,Pacific,WA
WAZ202,53069,Wahkiakum,WA
WAZ203,53015,Cowlitz,WA
WAZ203,53049,Pacific,WA
WAZ203,53069,Wahkiakum,WA
WAZ204,53015,Cowlitz,WA
WAZ205,53011,Clark,WA
WAZ206,53011,Clark,WA
WAZ207,53011,Clark,WA
WAZ208,53011,Clark,WA
WAZ208,53015,Cowlitz,WA
WAZ208,53059,Skamania,WA
WAZ209,53059,Skamania,WA
WAZ210,53059,Skamania,WA
WAZ211,53011,Clark,WA
WAZ211,53015,Cowlitz,WA
WAZ211,53059,Skamania,WA
WAZ301,53057,Skagit,WA
WAZ301,53073,Whatcom,WA
WAZ302,53033,King,WA
WAZ302,53061,Snohomish,WA
WAZ303,53033,King,WA
WAZ304,53041,Lewis,WA
WAZ304,53053,Pierce,WA
WAZ305,53057,Skagit,WA
WAZ305,53061,Snohomish,WA
WAZ305,53073,Whatcom,WA
WAZ306,53033,King,WA
WAZ306,53061,Snohomish,WA
WAZ307,53033,King,WA
WAZ308,53033,King,WA
WAZ308,53053,Pierce,WA
WAZ309,53041,Lewis,WA
WAZ309,53067,Thurston,WA
WAZ310,53073,Whatcom,WA
WAZ311,53057,Skagit,WA
WAZ311,53061,Snohomish,WA
WAZ312,53061,Snohomish,WA
WAZ313,53033,King,WA
WAZ313,53061,Snohomish,WA
WAZ314,53033,King,WA
WAZ315,53033,King,WA
WAZ316,53033,King,WA
WAZ316,53053,Pierce,WA
WAZ317,53045,Mason,WA
WAZ317,53067,Thurston,WA
WAZ318,53041,Lewis,WA
WAZ318,53067,Thurston,WA
WAZ319,53027,Grays Harbor,WA
WAZ319,53045,Mason,WA
WAZ320,53027,Grays Harbor,WA
WAZ320,53041,Lewis,WA
WAZ320,53045,Mason,WA
WAZ320,53067,Thurston,WA
WAZ321,53045,Mason,WA
WAZ322,53031,Jefferson,WA
WAZ322,53035,Kitsap,WA
WAZ323,53035,Kitsap,WA
WAZ324,53031,Jefferson,WA
WAZ325,53009,Clallam,WA
WAZ326,53009,Clallam,WA
WAZ327,53009,Clallam,WA
WAZ328,53009,Clallam,WA
WAZ328,53027,Grays Harbor,WA
WAZ328,53031,Jefferson,WA
WAZ328,53045,Mason,WA
WAZ329,53009,Clallam,WA
WAZ329,53027,Grays Harbor,WA
WAZ329,53031,Jefferson,WA
WAZ329,53045,Mason,WA
WAZ330,53009,Clallam,WA
WAZ330,53031,Jefferson,WA
WAZ331,53027,Grays Harbor,WA
WAZ332,53027,Grays Harbor,WA
WAZ333,53029,Island,WA
WAZ521,53039,Klickitat,WA
WAZ521,53077,Yakima,WA
WAZ522,53037,Kittitas,WA
WAZ522,53077,Yakima,WA
WAZ523,53037,Kittitas,WA
WAZ523,53039,Klickitat,WA
WAZ523,53077,Yakima,WA
WIZ001,55031,Douglas,WI
WIZ002,55007,Bayfield,WI
WIZ003,55003,Ashland,WI
WIZ004,55051,Iron,WI
WIZ005,55125,Vilas,WI
WIZ006,55013,Burnett,WI
WIZ007,55129,Washburn,WI
WIZ008,55113,Sawyer,WI
WIZ009,55099,Price,WI
WIZ010,55085,Oneida,WI
WIZ011,55041,Forest,WI
WIZ012,55037,Florence,WI
WIZ013,55075,Marinette,WI
WIZ014,55095,Polk,WI
WIZ015,55005,Barron,WI
WIZ016,55107,Rusk,WI
WIZ017,55119,Taylor,WI
WIZ018,55069,Lincoln,WI
WIZ019,55067,Langlade,WI
WIZ020,55078,Menominee,WI
WIZ021,55083,Oconto,WI
WIZ022,55029,Door,WI
WIZ023,55109,St. Croix,WI
WIZ024,55093,Pierce,WI
WIZ025,55033,Dunn,WI
WIZ026,55091,Pepin,WI
WIZ027,55017,Chippewa,WI
WIZ028,55035,Eau Claire,WI
WIZ029,55019,Clark,WI
WIZ030,55073,Marathon,WI
WIZ031,55115,Shawano,WI
WIZ032,55011,Buffalo,WI
WIZ033,55121,Trempealeau,WI
WIZ034,55053,Jackson,WI
WIZ035,55141,Wood,WI
WIZ036,55097,Portage,WI
WIZ037,55135,Waupaca,WI
WIZ038,55087,Outagamie,WI
WIZ039,55009,Brown,WI
WIZ040,55061,Kewaunee,WI
WIZ041,55063,La Crosse,WI
WIZ042,55081,Monroe,WI
WIZ043,55057,Juneau,WI
WIZ044,55001,Adams,WI
WIZ045,55137,Waushara,WI
WIZ046,55077,Marquette,WI
WIZ047,55047,Green Lake,WI
WIZ048,55139,Winnebago,WI
WIZ049,55015,Calumet,WI
WIZ050,55071,Manitowoc,WI
WIZ051,55039,Fond du Lac,WI
WIZ052,55117,Sheboygan,WI
WIZ053,55123,Vernon,WI
WIZ054,55023,Crawford,WI
WIZ055,55103,Richland,WI
WIZ056,55111,Sauk,WI
WIZ057,55021,Columbia,WI
WIZ058,55027,Dodge,WI
WIZ059,55131,Washington,WI
WIZ060,55089,Ozaukee,WI
WIZ061,55043,Grant,WI
WIZ062,55049,Iowa,WI
WIZ063,55025,Dane,WI
WIZ064,55055,Jefferson,WI
WIZ065,55133,Waukesha,WI
WIZ066,55079,Milwaukee,WI
WIZ067,55065,Lafayette,WI
WIZ068,55045,Green,WI
WIZ069,55105,Rock,WI
WIZ070,55127,Walworth,WI
WIZ071,55101,Racine,WI
WIZ072,55059,Kenosha,WI
WIZ073,55075,Marinette,WI
WIZ074,55083,Oconto,WI
WVZ001,54029,Hancock,WV
WVZ002,54009,Brooke,WV
WVZ003,54069,Ohio,WV
WVZ004,54051,Marshall,WV
WVZ005,54099,Wayne,WV
WVZ006,54011,Cabell,WV
WVZ007,54053,Mason,WV
WVZ008,54035,Jackson,WV
WVZ009,54107,Wood,WV
WVZ010,54073,Pleasants,WV
WVZ011,54095,Tyler,WV
WVZ012,54103,Wetzel,WV
WVZ013,54043,Lincoln,WV
WVZ014,54079,Putnam,WV
WVZ015,54039,Kanawha,WV
WVZ016,54087,Roane,WV
WVZ017,54105,Wirt,WV
WVZ018,54013,Calhoun,WV
WVZ019,54085,Ritchie,WV
WVZ020,54017,Doddridge,WV
WVZ021,54049,Marion,WV
WVZ024,54059,Mingo,WV
WVZ025,54045,Logan,WV
WVZ026,54005,Boone,WV
WVZ027,54015,Clay,WV
WVZ028,54007,Braxton,WV
WVZ029,54021,Gilmer,WV
WVZ030,54041,Lewis,WV
WVZ031,54033,Harrison,WV
WVZ032,54091,Taylor,WV
WVZ033,54047,McDowell,WV
WVZ034,54109,Wyoming,WV
WVZ039,54097,Upshur,WV
WVZ040,54001,Barbour,WV
WVZ042,54055,Mercer,WV
WVZ043,54089,Summers,WV
WVZ044,54063,Monroe,WV
WVZ050,54027,Hampshire,WV
WVZ051,54065,Morgan,WV
WVZ052,54003,Berkeley,WV
WVZ053,54037,Jefferson,WV
WVZ055,54031,Hardy,WV
WVZ501,54023,Grant,WV
WVZ502,54023,Grant,WV
WVZ503,54057,Mineral,WV
WVZ504,54057,Mineral,WV
WVZ505,54071,Pendleton,WV
WVZ506,54071,Pendleton,WV
WVZ507,54025,Greenbrier,WV
WVZ508,54025,Greenbrier,WV
WVZ509,54061,Monongalia,WV
WVZ510,54061,Monongalia,WV
WVZ511,54077,Preston,WV
WVZ512,54077,Preston,WV
WVZ513,54093,Tucker,WV
WVZ514,54093,Tucker,WV
WVZ515,54081,Raleigh,WV
WVZ516,54081,Raleigh,WV
WVZ517,54019,Fayette,WV
WVZ518,54019,Fayette,WV
WVZ519,54067,Nicholas,WV
WVZ520,54067,Nicholas,WV
WVZ521,54101,Webster,WV
WVZ522,54101,Webster,WV
WVZ523,54075,Pocahontas,WV
WVZ524,54075,Pocahontas,WV
WVZ525,54083,Randolph,WV
WVZ526,54083,Randolph,WV
WYZ001,16043,Fremont,WY
WYZ001,30031,Gallatin,WY
WYZ001,56029,Park,WY
WYZ001,56039,Teton,WY
WYZ002,56013,Fremont,WY
WYZ002,56017,Hot Springs,WY
WYZ002,56029,Park,WY
WYZ003,56029,Park,WY
WYZ004,56003,Big Horn,WY
WYZ004,56029,Park,WY
WYZ005,56017,Hot Springs,WY
WYZ006,56043,Washakie,WY
WYZ007,56013,Fremont,WY
WYZ007,56017,Hot Springs,WY
WYZ007,56025,Natrona,WY
WYZ008,56003,Big Horn,WY
WYZ008,56013,Fremont,WY
WYZ008,56019,Johnson,WY
WYZ008,56025,Natrona,WY
WYZ008,56043,Washakie,WY
WYZ009,56019,Johnson,WY
WYZ009,56025,Natrona,WY
WYZ009,56043,Washakie,WY
WYZ010,56019,Johnson,WY
WYZ011,56019,Johnson,WY
WYZ012,56013,Fremont,WY
WYZ012,56023,Lincoln,WY
WYZ012,56035,Sublette,WY
WYZ012,56039,Teton,WY
WYZ013,56023,Lincoln,WY
WYZ013,56039,Teton,WY
WYZ014,56013,Fremont,WY
WYZ014,56035,Sublette,WY
WYZ015,56013,Fremont,WY
WYZ015,56035,Sublette,WY
WYZ016,56013,Fremont,WY
WYZ017,56013,Fremont,WY
WYZ018,56013,Fremont,WY
WYZ019,56013,Fremont,WY
WYZ019,56025,Natrona,WY
WYZ019,56037,Sweetwater,WY
WYZ020,56025,Natrona,WY
WYZ021,56041,Uinta,WY
WYZ022,56025,Natrona,WY
WYZ023,56023,Lincoln,WY
WYZ024,56023,Lincoln,WY
WYZ024,56035,Sublette,WY
WYZ025,56035,Sublette,WY
WYZ026,56013,Fremont,WY
WYZ026,56023,Lincoln,WY
WYZ026,56035,Sublette,WY
WYZ026,56037,Sweetwater,WY
WYZ027,56023,Lincoln,WY
WYZ028,56037,Sweetwater,WY
WYZ029,56037,Sweetwater,WY
WYZ030,56037,Sweetwater,WY
WYZ054,56005,Campbell,WY
WYZ055,56005,Campbell,WY
WYZ056,56011,Crook,WY
WYZ057,56011,Crook,WY
WYZ057,56045,Weston,WY
WYZ058,56045,Weston,WY
WYZ059,56045,Weston,WY
WYZ060,56011,Crook,WY
WYZ101,56009,Converse,WY
WYZ102,56027,Niobrara,WY
WYZ103,56001,Albany,WY
WYZ103,56009,Converse,WY
WYZ103,56031,Platte,WY
WYZ104,56007,Carbon,WY
WYZ105,56001,Albany,WY
WYZ105,56007,Carbon,WY
WYZ106,56001,Albany,WY
WYZ106,56021,Laramie,WY
WYZ106,56031,Platte,WY
WYZ107,56031,Platte,WY
WYZ108,56015,Goshen,WY
WYZ109,56007,Carbon,WY
WYZ110,56001,Albany,WY
WYZ110,56007,Carbon,WY
WYZ111,56007,Carbon,WY
WYZ112,56007,Carbon,WY
WYZ113,56007,Carbon,WY
WYZ114,56001,Albany,WY
WYZ114,56007,Carbon,WY
WYZ115,56001,Albany,WY
WYZ116,56001,Albany,WY
WYZ116,56021,Laramie,WY
WYZ117,56001,Albany,WY
WYZ117,56021,Laramie,WY
WYZ118,56021,Laramie,WY
WYZ119,56021,Laramie,WY
WYZ198,56033,Sheridan,WY
WYZ199,56033,Sheridan,WY
