county_fips,state,county,population,population_18plus,copd,casthma,chd,diabetes,depression,mhlth,bphigh,obesity,stroke,disability
01001,AL,Autauga,60342,46253,7.4,10.0,6.7,13.3,25.1,17.0,42.0,39.8,3.7,33.8
01003,AL,Baldwin,253507,200397,7.5,9.3,7.5,13.4,22.5,15.1,43.8,35.2,3.8,33.9
01005,AL,Barbour,24585,19517,11.1,10.8,9.5,19.6,22.1,18.5,50.2,46.8,5.8,44.4
01007,AL,Bibb,21868,17522,10.2,10.4,8.5,16.2,24.4,18.9,46.3,43.9,4.7,41.3
01009,AL,Blount,59816,46099,9.1,9.9,8.0,13.8,24.8,17.5,41.2,36.1,4.1,37.9
01011,AL,Bullock,9897,7878,13.0,11.5,10.7,24.6,21.1,20.1,56.6,51.3,7.3,49.7
01013,AL,Butler,18382,14276,10.3,10.9,9.1,18.9,22.5,18.3,51.0,40.4,5.5,42.1
01015,AL,Calhoun,116429,91555,8.9,10.6,7.7,14.8,24.6,18.4,44.8,38.6,4.2,39.0
01017,AL,Chambers,34079,26970,9.9,10.7,8.6,17.9,22.7,18.3,48.7,41.5,5.2,41.0
01019,AL,Cherokee,25666,20877,10.7,10.2,9.6,16.0,25.0,17.4,45.9,39.5,4.8,40.9
01021,AL,Chilton,46431,35269,8.8,10.0,7.6,14.1,24.5,18.2,43.1,40.0,4.0,39.2
01023,AL,Choctaw,12252,9839,11.1,10.9,10.0,20.1,23.3,17.8,52.7,44.4,6.0,44.3
01025,AL,Clarke,22337,17444,9.7,10.8,8.7,18.4,22.6,18.0,49.5,43.9,5.3,43.0
01027,AL,Clay,14111,11157,10.6,10.4,9.3,16.5,24.4,18.0,47.6,42.5,4.9,41.8
01029,AL,Cleburne,15639,12016,9.8,10.0,8.4,14.6,25.5,18.1,42.9,37.4,4.3,38.6
01031,AL,Coffee,55643,42235,8.6,10.2,7.6,14.8,24.3,17.7,43.5,41.0,4.2,38.1
01033,AL,Colbert,58361,45890,8.9,10.3,8.0,15.0,24.5,17.3,44.3,37.5,4.3,37.9
01035,AL,Conecuh,11174,8894,12.6,11.0,11.1,22.1,22.3,18.3,54.7,46.4,6.7,46.5
01037,AL,Coosa,10268,8603,10.6,10.3,9.8,18.6,22.2,16.9,50.2,41.9,5.5,41.6
01039,AL,Covington,37952,29514,10.4,10.2,9.2,16.3,24.3,18.0,46.4,37.9,4.9,40.5
01041,AL,Crenshaw,13101,10066,9.9,10.5,8.5,16.6,23.8,18.0,46.6,40.5,4.8,40.3
01043,AL,Cullman,92016,71431,9.0,9.8,7.9,13.4,25.4,17.6,42.3,36.4,4.0,37.2
01045,AL,Dale,49871,38227,9.2,10.3,8.1,15.8,24.8,18.5,44.3,41.3,4.4,40.6
01047,AL,Dallas,36165,27736,11.2,11.6,9.6,22.4,20.3,18.4,55.2,46.3,6.6,44.2
01049,AL,DeKalb,72569,55297,10.8,10.1,8.9,15.7,26.3,18.9,44.5,38.6,4.6,42.0
01051,AL,Elmore,90441,71010,7.5,10.0,6.7,13.0,23.0,17.5,41.6,38.9,3.7,35.2
01053,AL,Escambia,36558,28282,11.4,10.9,9.5,18.5,24.0,19.6,48.6,43.9,5.5,44.1
01055,AL,Etowah,103241,80652,9.8,10.3,8.5,16.3,24.9,18.1,46.3,43.8,4.5,41.1
01057,AL,Fayette,15967,12532,10.9,10.3,9.4,16.6,25.7,18.2,47.6,40.6,5.0,41.4
01059,AL,Franklin,31802,23799,10.7,10.0,8.9,16.4,25.1,18.6,44.4,42.2,4.7,42.0
01061,AL,Geneva,26988,21061,11.0,10.4,9.3,16.4,25.7,18.3,45.5,42.3,4.9,40.6
01063,AL,Greene,7341,5755,13.8,12.0,11.9,27.1,20.4,19.0,59.8,52.7,8.4,50.4
01065,AL,Hale,14888,11246,10.3,11.3,9.0,19.7,21.2,18.4,51.1,47.6,5.8,42.7
01067,AL,Henry,17899,14236,9.7,10.3,8.9,16.7,23.0,17.0,48.1,41.3,4.9,39.1
01069,AL,Houston,108462,83709,8.9,10.4,7.9,15.7,24.9,18.2,44.5,40.5,4.5,39.2
01071,AL,Jackson,53467,42355,10.9,10.3,9.2,16.0,26.7,18.5,45.9,39.3,4.7,43.4
01073,AL,Jefferson,662895,511715,6.9,9.9,6.6,15.1,22.7,16.8,42.7,37.4,4.1,35.3
01075,AL,Lamar,13661,10648,11.1,10.3,9.6,16.7,24.7,18.3,47.7,40.8,5.1,42.4
01077,AL,Lauderdale,96814,78262,8.2,9.9,7.4,12.9,24.2,17.5,39.6,35.6,3.9,36.0
01079,AL,Lawrence,33502,26186,9.8,10.5,8.4,15.5,24.9,18.3,44.3,39.5,4.6,39.7
01081,AL,Lee,183215,145050,6.4,10.1,5.8,12.5,23.6,17.6,37.5,38.4,3.2,32.7
01083,AL,Limestone,114654,89453,6.9,9.7,6.4,12.5,23.7,16.4,40.7,39.6,3.4,33.3
01085,AL,Lowndes,9717,7570,12.3,11.7,10.4,24.1,20.9,19.1,56.5,51.2,7.2,47.8
01087,AL,Macon,18370,15322,8.8,11.7,8.2,20.0,20.7,18.8,50.6,46.7,5.7,42.4
01089,AL,Madison,412600,324132,5.8,9.4,5.8,12.1,21.6,15.5,38.6,39.9,3.2,30.3
01091,AL,Marengo,18684,14502,9.9,11.0,9.0,19.8,22.3,17.8,51.5,43.1,5.5,42.1
01093,AL,Marion,29244,23108,10.8,10.2,9.4,15.5,25.7,18.2,45.9,42.4,4.8,41.6
01095,AL,Marshall,100756,74538,9.0,9.8,7.8,14.5,25.4,17.8,41.7,37.6,4.0,39.1
01097,AL,Mobile,411640,316274,7.9,9.7,7.3,16.1,22.1,17.2,43.1,39.0,4.3,35.8
01099,AL,Monroe,19229,15175,11.2,11.1,9.7,19.7,22.7,18.6,51.3,43.8,5.9,44.1
01101,AL,Montgomery,224980,170733,7.5,10.7,6.9,16.4,21.0,17.0,46.3,46.1,4.5,37.6
01103,AL,Morgan,125133,96099,8.5,9.9,7.7,14.7,24.0,16.8,44.5,38.6,4.0,37.7
01105,AL,Perry,7738,6081,12.9,11.9,10.9,24.6,22.1,19.8,56.9,52.9,7.4,49.1
01107,AL,Pickens,18688,15154,10.0,10.6,8.7,18.0,22.3,18.2,48.3,48.0,5.2,41.6
01109,AL,Pike,33137,26665,7.8,10.9,6.8,14.1,24.7,19.5,40.6,40.3,4.0,39.0
01111,AL,Randolph,22786,17988,9.7,10.3,8.7,16.1,24.4,17.6,46.1,37.8,4.7,39.9
01113,AL,Russell,58744,44343,9.0,11.0,7.5,17.3,23.9,18.8,46.7,43.0,4.8,39.8
01115,AL,St. Clair,95552,74442,7.9,10.0,7.1,13.0,25.0,17.4,41.8,39.6,3.7,36.0
01117,AL,Shelby,233000,180682,5.5,9.3,5.7,11.2,21.6,14.6,40.2,31.7,3.0,28.1
01119,AL,Sumter,11727,9434,9.3,11.6,8.5,19.7,21.5,19.4,50.0,47.2,5.8,42.6
01121,AL,Talladega,81132,64467,9.4,10.6,8.3,17.2,22.7,17.7,48.2,45.6,4.8,39.4
01123,AL,Tallapoosa,40677,32607,9.5,10.3,9.0,16.8,23.5,16.9,48.5,39.5,4.9,39.7
01125,AL,Tuscaloosa,237373,189087,6.6,10.3,5.8,12.0,25.0,18.4,38.9,41.0,3.4,34.7
01127,AL,Walker,64728,49914,10.2,10.3,8.6,15.1,26.6,18.5,44.1,35.8,4.4,41.5
01129,AL,Washington,15022,11806,9.5,10.5,8.7,17.0,24.1,17.7,47.4,41.1,4.9,41.1
01131,AL,Wilcox,9944,7755,12.8,11.9,10.8,23.8,21.4,19.3,56.7,51.2,7.3,48.0
01133,AL,Winston,23611,18837,11.8,10.3,9.9,16.5,26.2,18.3,46.9,39.1,5.0,42.9
02013,AK,Aleutians East,3461,3270,5.0,7.8,5.5,12.8,12.3,13.0,33.2,30.7,3.2,28.2
02016,AK,Aleutians West,5160,4734,4.3,7.8,4.5,10.8,13.3,13.2,30.7,31.9,2.6,24.1
02020,AK,Anchorage,286075,219385,5.3,10.7,5.1,8.9,21.3,16.1,31.5,35.0,2.8,27.4
02050,AK,Bethel,18224,11798,9.9,13.6,7.7,13.8,21.0,21.6,37.5,39.1,4.8,42.5
02060,AK,Bristol Bay,844,663,7.1,11.0,7.6,11.3,18.8,15.3,36.3,34.9,4.1,31.9
02063,AK,Chugach,6769,5268,6.3,10.0,6.2,9.6,18.4,14.3,33.4,31.1,3.2,27.6
02066,AK,Copper River,2674,1994,8.0,10.7,8.0,11.4,19.8,15.2,38.3,33.6,4.1,32.2
02068,AK,Denali,1584,1291,5.9,9.9,5.6,8.6,19.5,15.0,32.0,31.3,2.9,27.1
02070,AK,Dillingham,4607,3180,8.6,12.7,7.4,13.0,20.1,19.2,34.4,38.5,4.4,37.5
02090,AK,Fairbanks North Star,94840,72305,4.9,10.0,4.8,7.9,20.5,15.8,30.3,35.3,2.5,28.0
02100,AK,Haines,2070,1718,7.2,10.1,7.6,10.8,18.8,13.3,38.5,34.0,3.8,28.9
02105,AK,Hoonah-Angoon,2262,1889,9.4,11.3,9.6,14.8,18.5,15.1,42.8,37.1,5.1,36.7
02110,AK,Juneau,31555,25267,5.9,10.2,5.7,8.9,21.0,14.8,32.4,35.0,3.0,26.7
02122,AK,Kenai Peninsula,61223,47721,7.3,10.3,7.0,9.8,19.7,14.8,35.4,32.3,3.6,30.0
02130,AK,Ketchikan Gateway,13738,11023,6.6,10.3,6.4,10.1,18.9,15.0,34.8,37.7,3.4,29.7
02150,AK,Kodiak Island,12565,9632,5.5,9.3,5.4,9.8,17.2,14.5,31.0,31.5,2.9,26.9
02158,AK,Kusilvak,8001,4640,11.6,14.7,8.5,16.5,23.5,24.5,38.5,46.5,5.4,49.0
02164,AK,Lake and Peninsula,1331,964,9.1,12.5,8.2,14.6,20.0,18.4,38.2,39.4,4.8,38.4
02170,AK,Matanuska-Susitna,115239,86125,6.7,10.7,6.0,9.0,21.9,16.2,32.0,37.5,3.1,31.9
02180,AK,Nome,9763,6487,8.7,12.8,7.1,13.0,20.7,20.6,33.6,38.6,4.3,39.4
02185,AK,North Slope,10603,7948,6.0,10.4,5.8,10.8,18.0,16.6,34.9,42.3,3.2,30.4
02188,AK,Northwest Arctic,7361,4551,8.8,13.3,7.5,14.1,20.7,20.8,36.8,40.6,4.5,41.5
02195,AK,Petersburg,3427,2729,6.8,9.8,7.1,10.5,18.2,14.4,35.6,30.8,3.6,29.9
02198,AK,Prince of Wales-Hyder,5696,4429,9.4,11.9,8.9,14.0,20.3,16.8,39.4,38.4,4.8,37.1
02220,AK,Sitka,8282,6728,6.0,10.1,6.1,9.9,19.1,14.3,33.7,29.8,3.3,27.5
02230,AK,Skagway,1095,925,6.3,10.0,6.1,9.1,19.4,14.5,33.6,36.2,3.2,28.0
02240,AK,Southeast Fairbanks,7077,5262,7.5,10.1,7.0,10.2,19.3,16.0,35.5,35.7,3.7,32.3
02275,AK,Wrangell,2064,1686,9.1,10.6,9.4,12.9,18.3,14.8,40.8,34.8,4.8,34.8
02282,AK,Yakutat,687,555,8.6,10.9,8.9,13.7,18.0,15.8,40.5,35.4,4.8,36.1
02290,AK,Yukon-Koyukuk,5129,3732,10.5,12.6,9.7,16.5,19.8,18.8,41.4,36.9,5.6,42.0
04001,AZ,Apache,65036,48365,11.9,14.3,9.3,17.5,20.4,21.2,36.0,35.8,6.0,44.1
04003,AZ,Cochise,124640,99219,8.3,10.4,8.3,13.7,19.9,15.2,39.0,31.2,4.3,36.7
04005,AZ,Coconino,144472,116865,6.3,11.7,5.4,9.3,22.5,18.4,27.0,23.6,3.1,29.6
04007,AZ,Gila,54003,43968,10.6,11.1,9.8,15.0,20.7,15.8,39.3,31.4,5.2,38.5
04009,AZ,Graham,39525,29109,7.4,11.2,6.4,11.4,20.3,17.5,32.2,36.0,3.6,36.2
04011,AZ,Greenlee,9369,6858,5.4,10.1,5.3,10.6,19.2,15.9,29.8,33.1,2.9,30.8
04012,AZ,La Paz,16710,14156,12.5,10.6,13.3,17.5,17.9,14.0,46.3,33.2,6.8,45.9
04013,AZ,Maricopa,4585871,3572375,5.7,10.0,5.7,10.6,18.6,14.9,30.8,30.4,3.0,29.2
04015,AZ,Mohave,223682,187847,11.2,11.0,10.0,14.2,19.2,15.1,42.0,32.7,5.2,38.3
04017,AZ,Navajo,109175,82055,10.9,13.6,8.9,15.1,22.2,18.8,40.7,37.6,5.2,40.0
04019,AZ,Pima,1063162,858060,6.8,10.9,6.7,11.0,22.8,16.3,34.1,31.1,3.6,33.6
04021,AZ,Pinal,484239,380282,7.5,10.8,6.9,12.9,19.8,16.2,36.2,38.4,3.8,33.9
04023,AZ,Santa Cruz,49158,36812,6.8,9.4,7.5,15.5,16.0,14.7,35.7,34.2,4.1,37.8
04025,AZ,Yavapai,249081,211150,9.2,10.8,8.8,12.1,19.3,13.8,38.0,27.0,4.5,35.2
04027,AZ,Yuma,213221,161189,7.5,9.7,7.9,14.5,17.9,15.3,35.3,37.4,4.2,35.9
05001,AR,Arkansas,16307,12549,9.6,10.6,8.6,15.2,23.4,19.1,45.4,39.1,4.7,40.5
05003,AR,Ashley,18262,14105,11.9,11.0,10.2,18.3,25.6,19.7,49.4,45.1,5.7,46.3
05005,AR,Baxter,42875,35338,11.5,10.2,11.1,15.0,25.7,17.2,47.0,37.7,5.2,40.7
05007,AR,Benton,311013,232841,5.9,9.2,5.6,10.3,23.7,16.5,32.8,35.3,2.8,30.0
05009,AR,Boone,38530,29802,9.3,10.2,8.5,13.1,25.4,18.4,40.7,40.7,4.1,39.1
05011,AR,Bradley,10104,7612,10.7,10.8,9.4,17.6,23.2,19.1,48.7,42.5,5.3,44.6
05013,AR,Calhoun,4641,3792,8.9,10.3,8.5,14.6,23.0,17.7,45.5,39.2,4.6,38.8
05015,AR,Carroll,28814,22640,10.4,9.8,9.7,15.0,24.2,17.5,45.3,37.6,4.7,40.9
05017,AR,Chicot,9538,7511,11.5,11.1,10.3,20.5,21.5,18.7,53.0,47.1,6.3,45.5
05019,AR,Clark,21274,16965,8.1,10.9,7.2,12.9,26.0,20.5,40.3,40.0,3.9,39.3
05021,AR,Clay,14201,11154,10.8,10.4,9.3,14.1,26.8,19.2,43.3,40.2,4.6,42.5
05023,AR,Cleburne,25445,20693,11.1,10.1,10.3,15.1,24.8,17.8,45.3,37.9,5.0,42.4
05025,AR,Cleveland,7378,5798,10.3,10.5,9.3,15.0,24.6,18.6,46.5,42.4,4.7,41.0
05027,AR,Columbia,22150,17425,8.8,11.0,7.9,14.4,23.7,20.0,42.8,37.7,4.4,40.7
05029,AR,Conway,21077,16337,10.7,10.6,9.4,15.6,24.9,19.1,46.8,41.4,4.8,42.0
05031,AR,Craighead,113993,85259,7.9,10.5,6.7,11.6,26.5,19.5,39.1,39.1,3.5,37.2
05033,AR,Crawford,61891,47058,9.2,10.3,8.1,13.0,26.1,19.0,41.9,38.8,4.0,39.8
05035,AR,Crittenden,47139,34414,9.3,11.6,7.9,16.5,23.9,20.2,47.4,46.7,4.9,43.0
05037,AR,Cross,16420,12527,10.8,10.9,9.1,16.1,25.3,19.8,46.5,45.0,5.0,42.1
05039,AR,Dallas,6185,4934,9.5,10.6,9.2,17.1,21.7,17.6,49.8,41.9,5.3,42.1
05041,AR,Desha,10479,7909,13.1,11.8,10.8,21.2,23.2,20.7,52.8,46.6,6.7,48.2
05043,AR,Drew,16945,13230,9.8,11.1,8.5,15.2,24.1,19.8,44.7,43.8,4.7,41.9
05045,AR,Faulkner,129951,100739,6.7,10.2,6.0,10.8,26.4,18.8,35.4,39.8,3.1,35.5
05047,AR,Franklin,17468,13545,11.2,10.6,9.5,14.6,27.0,19.8,44.6,39.8,4.7,42.0
05049,AR,Fulton,12421,9795,13.2,10.6,11.5,17.1,26.2,19.0,49.1,39.6,5.7,45.0
05051,AR,Garland,99784,80189,9.5,10.1,9.3,14.8,24.1,17.4,45.8,39.1,4.5,40.8
05053,AR,Grant,18383,14319,8.2,9.9,7.5,12.0,24.9,17.9,40.2,36.9,3.7,36.1
05055,AR,Greene,46743,35680,9.7,10.5,8.0,12.5,27.8,20.0,42.5,42.3,4.0,41.2
05057,AR,Hempstead,19343,14429,9.8,10.7,8.9,16.6,22.1,18.9,46.2,45.6,5.0,42.4
05059,AR,Hot Spring,33258,26928,9.8,10.3,8.5,13.9,23.9,18.8,43.3,37.1,4.4,40.3
05061,AR,Howard,12533,9311,9.5,10.6,8.6,15.2,24.3,18.9,44.3,39.4,4.6,41.7
05063,AR,Independence,38320,29054,9.7,10.4,8.4,13.4,26.1,19.3,41.3,41.6,4.2,40.3
05065,AR,Izard,14169,11629,12.2,10.3,10.9,15.9,25.6,18.8,47.6,41.2,5.3,45.2
05067,AR,Jackson,16784,13466,11.1,11.0,8.9,15.4,26.3,21.0,44.4,43.9,4.8,43.5
05069,AR,Jefferson,63661,50000,9.3,11.2,8.3,17.6,21.5,19.0,50.9,45.9,5.2,43.3
05071,AR,Johnson,26129,19835,10.3,10.3,8.9,14.6,25.4,19.5,42.5,37.4,4.4,41.6
05073,AR,Lafayette,6095,4961,13.6,11.4,11.8,20.6,23.9,19.5,52.6,46.0,6.7,48.0
05075,AR,Lawrence,16318,12703,11.3,10.7,9.3,14.4,27.3,20.4,43.7,43.7,4.7,42.9
05077,AR,Lee,8201,6761,11.7,11.0,10.1,19.7,21.3,20.1,51.7,46.9,6.3,47.5
05079,AR,Lincoln,12898,10904,8.8,9.8,7.6,13.8,22.0,19.4,43.2,42.6,4.2,40.9
05081,AR,Little River,11805,9237,10.2,10.7,9.2,15.7,24.5,18.7,46.3,41.3,4.9,42.5
05083,AR,Logan,21400,16752,10.4,10.5,9.0,14.4,25.8,18.7,44.9,38.1,4.5,40.9
05085,AR,Lonoke,75944,57386,7.5,10.3,6.5,11.3,25.8,18.8,39.0,36.1,3.3,36.4
05087,AR,Madison,17775,13547,10.5,10.4,9.0,13.9,25.6,19.3,44.1,40.8,4.4,42.9
05089,AR,Marion,17514,14236,12.1,10.3,11.3,16.4,24.8,17.7,46.3,37.9,5.4,43.9
05091,AR,Miller,42415,32396,10.1,11.1,8.5,15.3,24.6,20.1,44.8,38.1,4.7,41.1
05093,AR,Mississippi,38663,28644,9.6,11.1,8.1,15.2,24.8,20.1,46.4,46.6,4.6,42.4
05095,AR,Monroe,6512,4982,11.5,11.3,10.4,19.1,22.9,18.9,52.3,43.5,6.1,45.3
05097,AR,Montgomery,8620,7004,12.0,10.4,11.1,16.4,25.2,18.0,47.8,40.9,5.4,44.1
05099,AR,Nevada,8120,6347,11.8,10.9,10.3,18.3,24.1,19.6,51.0,44.0,5.9,45.8
05101,AR,Newton,7071,5758,11.3,10.3,10.4,15.3,24.7,17.8,47.4,38.6,5.0,42.4
05103,AR,Ouachita,21793,16948,10.3,11.0,9.3,17.7,23.2,19.1,49.5,43.5,5.4,42.8
05105,AR,Perry,10184,8014,10.2,10.2,9.1,14.1,25.1,18.3,43.8,38.9,4.5,40.4
05107,AR,Phillips,14961,11146,12.4,12.2,10.7,21.7,22.6,20.2,55.6,48.4,6.9,48.1
05109,AR,Pike,10208,7916,10.2,10.3,9.1,14.4,25.7,18.6,44.3,38.3,4.5,40.3
05111,AR,Poinsett,22397,16955,11.3,10.8,9.1,14.6,26.8,20.5,43.0,41.4,4.7,43.3
05113,AR,Polk,19436,15141,11.4,10.5,10.1,15.5,25.0,18.8,44.8,40.0,4.9,42.1
05115,AR,Pope,64593,49630,9.1,10.6,7.7,12.7,24.6,19.3,38.7,44.6,3.9,39.4
05117,AR,Prairie,8036,6369,10.4,10.4,9.6,15.1,23.8,18.0,46.7,40.3,4.8,41.4
05119,AR,Pulaski,400009,307397,7.2,10.3,6.7,12.9,23.1,17.5,42.2,40.5,3.9,35.2
05121,AR,Randolph,18907,14260,11.2,10.6,9.4,14.7,26.8,20.3,43.6,41.4,4.7,43.4
05123,AR,St. Francis,22101,17444,10.9,11.0,9.3,18.9,21.7,19.9,50.1,48.2,5.7,44.8
05125,AR,Saline,129574,99649,7.2,10.0,7.1,11.3,24.7,17.1,40.0,34.5,3.5,34.9
05127,AR,Scott,9851,7622,10.6,10.3,9.5,14.8,25.1,18.9,44.1,37.0,4.7,43.6
05129,AR,Searcy,7806,6215,13.7,10.7,11.9,17.6,26.0,19.0,49.3,39.9,5.8,45.8
05131,AR,Sebastian,129098,98581,8.5,10.3,7.7,13.1,24.9,18.9,40.7,36.2,3.9,37.5
05133,AR,Sevier,15632,11232,9.9,10.2,8.6,15.2,24.1,19.5,40.2,41.4,4.4,44.0
05135,AR,Sharp,17968,14333,12.3,10.6,10.8,16.2,26.1,18.9,46.7,39.4,5.3,44.7
05137,AR,Stone,12671,10181,13.2,10.5,11.8,17.0,25.3,18.3,47.9,39.8,5.7,45.6
05139,AR,Union,37397,28421,9.6,10.9,8.7,16.0,23.6,18.5,46.4,39.4,4.9,41.2
05141,AR,Van Buren,16142,13054,12.6,10.4,11.1,16.2,24.8,18.3,47.4,39.6,5.4,43.9
05143,AR,Washington,261549,200987,6.5,10.2,5.8,10.1,24.6,18.8,34.6,35.4,2.9,34.4
05145,AR,White,78452,60279,9.3,10.6,7.9,12.6,26.3,19.6,40.4,39.7,4.0,40.4
05147,AR,Woodruff,5964,4659,12.3,11.0,10.7,18.3,24.4,19.3,49.8,39.2,6.0,46.3
05149,AR,Yell,20044,15261,9.9,10.1,8.7,14.7,25.1,18.8,43.5,42.0,4.3,41.2
06001,CA,Alameda,1622188,1306255,4.1,8.8,4.8,11.0,18.6,15.0,28.5,22.8,2.8,26.7
06003,CA,Alpine,1141,955,6.4,10.2,7.5,11.6,21.7,15.6,35.7,28.4,3.8,30.6
06005,CA,Amador,41811,35299,7.1,10.0,7.8,11.8,21.7,16.0,37.6,29.6,4.0,32.0
06007,CA,Butte,207172,164973,6.8,10.5,6.5,10.7,25.6,19.1,32.2,29.3,3.5,32.6
06009,CA,Calaveras,46565,38409,8.4,10.3,8.7,13.2,23.2,16.7,37.8,29.8,4.5,34.6
06011,CA,Colusa,22037,16122,6.4,9.8,6.8,13.4,21.6,18.1,32.0,35.0,3.7,37.2
06013,CA,Contra Costa,1155025,904586,4.7,9.4,5.5,11.3,19.1,15.3,31.2,28.0,3.0,27.0
06015,CA,Del Norte,26589,21034,8.1,10.8,7.7,12.5,23.5,18.3,36.0,31.0,4.1,35.3
06017,CA,El Dorado,192215,155106,6.0,9.8,6.8,10.8,22.3,15.5,33.6,27.7,3.4,29.8
06019,CA,Fresno,1017162,737124,6.0,9.9,6.2,12.7,21.4,18.4,31.7,37.7,3.4,36.4
06021,CA,Glenn,28129,20659,7.1,10.1,7.0,12.6,22.6,18.4,32.7,32.1,3.8,35.7
06023,CA,Humboldt,133985,109146,7.6,11.0,7.1,11.4,26.1,19.7,32.9,31.3,3.7,33.9
06025,CA,Imperial,179057,128709,5.7,9.2,6.7,15.0,19.9,18.0,33.2,34.7,3.7,39.1
06027,CA,Inyo,18527,14859,6.9,10.2,7.6,12.4,22.2,16.3,35.1,28.2,3.9,33.5
06029,CA,Kern,913820,654092,6.4,10.3,6.2,13.3,22.8,20.0,32.0,36.0,3.5,37.3
06031,CA,Kings,152682,111961,5.9,9.8,5.8,12.1,21.1,19.5,30.4,34.7,3.3,35.7
06033,CA,Lake,67878,52978,9.1,10.8,8.9,14.1,24.0,18.1,39.6,32.7,4.7,37.5
06035,CA,Lassen,28861,23438,7.6,10.3,7.1,11.5,22.9,19.2,33.7,34.2,3.8,36.5
06037,CA,Los Angeles,9663345,7710575,4.9,9.1,5.3,12.6,19.0,16.2,30.2,26.5,3.2,31.6
06039,CA,Madera,162858,118944,7.2,10.4,7.0,13.5,21.8,19.8,33.2,36.5,3.9,38.3
06041,CA,Marin,254407,206190,5.3,9.4,6.4,10.2,20.6,13.9,32.6,21.3,3.2,27.5
06043,CA,Mariposa,16919,13883,8.4,10.3,9.1,13.5,22.6,16.2,39.0,30.5,4.6,35.2
06045,CA,Mendocino,89108,70576,8.5,10.6,8.5,13.7,23.0,17.8,38.5,29.3,4.4,35.9
06047,CA,Merced,291920,209020,6.1,9.8,6.1,13.0,21.5,19.0,31.2,33.8,3.4,36.0
06049,CA,Modoc,8500,6906,9.9,10.8,10.0,14.9,23.9,17.4,41.3,31.9,5.2,38.4
06051,CA,Mono,13066,10809,6.0,9.9,6.3,10.5,22.8,16.9,31.5,31.2,3.2,29.7
06053,CA,Monterey,430723,321055,5.7,9.6,6.2,12.5,19.2,16.7,32.0,31.1,3.4,32.1
06055,CA,Napa,133216,107838,5.7,9.5,6.5,11.4,20.8,15.5,33.0,27.9,3.4,30.9
06057,CA,Nevada,102037,84878,7.2,10.2,7.9,11.5,23.0,15.6,37.5,27.5,4.0,31.8
06059,CA,Orange,3135755,2489875,4.7,9.0,5.5,11.5,19.0,16.0,29.1,23.9,2.9,27.8
06061,CA,Placer,423561,332465,5.2,9.9,5.9,9.8,21.3,15.3,32.7,27.3,3.1,26.8
06063,CA,Plumas,19131,15898,8.7,10.6,9.3,13.5,23.4,16.6,40.4,29.9,4.6,35.8
06065,CA,Riverside,2492442,1899181,5.4,9.5,6.0,12.4,21.7,17.1,33.3,36.8,3.3,34.6
06067,CA,Sacramento,1584288,1226535,5.6,10.2,5.7,11.2,22.5,17.4,30.9,29.6,3.2,30.5
06069,CA,San Benito,68175,51135,4.7,9.2,5.3,11.3,20.2,16.6,29.9,31.5,2.9,31.3
06071,CA,San Bernardino,2195611,1641803,5.2,9.9,5.6,12.1,19.6,17.7,31.9,33.3,3.2,31.5
06073,CA,San Diego,3269973,2594848,4.7,8.9,5.2,10.0,21.1,16.3,28.7,25.3,2.8,26.7
06075,CA,San Francisco,808988,698599,3.9,8.4,4.9,10.2,19.4,13.8,27.0,17.2,2.6,24.3
06077,CA,San Joaquin,800965,593491,5.5,9.5,5.7,12.3,19.6,17.2,30.4,30.7,3.3,33.0
06079,CA,San Luis Obispo,281639,233172,5.8,9.9,6.4,10.0,22.8,16.7,31.8,26.1,3.3,29.5
06081,CA,San Mateo,726353,587135,4.0,8.5,5.2,10.6,18.1,13.1,29.2,22.3,2.7,24.2
06083,CA,Santa Barbara,441257,343138,5.6,9.7,6.0,10.8,21.7,17.2,30.4,26.1,3.2,32.9
06085,CA,Santa Clara,1877592,1503217,3.5,7.9,4.5,10.5,17.8,13.7,27.0,21.9,2.4,23.9
06087,CA,Santa Cruz,261547,214446,5.4,9.8,5.9,10.2,22.8,16.7,30.5,25.8,3.1,29.2
06089,CA,Shasta,180366,141552,7.6,10.8,7.3,11.7,24.3,18.6,35.9,29.3,3.9,33.4
06091,CA,Sierra,3200,2670,10.2,10.6,10.3,15.3,23.2,16.8,42.8,32.5,5.2,38.5
06093,CA,Siskiyou,42905,34437,9.1,11.0,9.2,13.9,24.0,17.6,39.4,31.8,4.7,37.3
06095,CA,Solano,449218,351690,5.3,10.1,5.8,12.1,19.4,16.6,33.3,31.3,3.3,30.0
06097,CA,Sonoma,481812,391558,5.8,9.8,6.4,10.7,22.9,15.8,31.6,26.1,3.3,29.3
06099,CA,Stanislaus,551430,405599,6.1,10.0,6.1,11.9,20.9,18.8,31.8,36.4,3.4,35.9
06101,CA,Sutter,97948,73657,6.8,10.0,6.8,12.8,21.5,17.9,33.3,29.5,3.7,34.2
06103,CA,Tehama,64896,49286,8.4,10.7,8.1,13.0,24.1,18.8,35.9,31.6,4.3,36.0
06105,CA,Trinity,15670,12928,11.3,11.0,11.0,15.9,24.8,18.1,43.7,33.3,5.7,40.1
06107,CA,Tulare,479468,338551,6.1,10.0,6.2,13.1,22.3,19.0,31.2,35.0,3.4,36.4
06109,CA,Tuolumne,54204,44852,7.6,10.3,8.0,12.1,23.6,16.8,36.8,29.0,4.1,32.7
06111,CA,Ventura,829590,651461,5.2,9.5,5.8,11.4,20.6,16.2,30.7,25.7,3.1,30.2
06113,CA,Yolo,220544,177405,4.7,9.8,4.9,9.3,23.6,17.9,26.0,25.7,2.7,29.2
06115,CA,Yuba,85722,62561,6.5,10.4,6.0,11.3,23.7,19.4,30.9,30.8,3.4,33.5
08001,CO,Adams,533365,403764,5.1,11.0,4.7,9.7,20.7,17.1,27.3,33.2,2.6,29.4
08003,CO,Alamosa,16655,12672,6.4,11.0,6.2,11.3,22.6,18.1,29.0,30.3,3.4,33.8
08005,CO,Arapahoe,656061,510201,4.9,10.5,4.9,8.5,21.7,15.9,27.8,26.1,2.7,25.5
08007,CO,Archuleta,14189,11826,7.7,10.9,7.9,11.7,21.2,14.3,35.4,27.6,3.9,30.2
08009,CO,Baca,3344,2584,10.7,11.9,9.6,13.4,24.2,17.7,37.8,29.9,5.0,38.0
08011,CO,Bent,5681,4784,10.1,10.8,9.2,14.7,22.0,18.3,36.9,33.7,4.9,40.7
08013,CO,Boulder,326831,271124,4.7,10.3,4.8,7.1,23.3,15.2,21.9,16.7,2.5,22.5
08014,CO,Broomfield,76860,61571,4.2,10.3,4.4,7.1,21.4,14.4,24.5,22.3,2.3,22.4
08015,CO,Chaffee,20617,17609,7.1,10.8,7.1,10.2,21.6,14.9,32.3,25.7,3.6,28.6
08017,CO,Cheyenne,1727,1301,8.0,11.3,7.6,11.3,22.8,16.5,33.8,28.8,3.9,32.1
08019,CO,Clear Creek,9147,7938,5.7,10.6,6.1,9.0,21.3,13.9,30.3,23.9,3.0,25.3
08021,CO,Conejos,7521,5620,6.9,10.4,7.5,13.8,20.5,16.0,32.9,30.3,3.9,34.9
08023,CO,Costilla,3628,2957,8.4,10.4,9.4,17.0,19.5,15.0,38.1,31.6,4.8,37.6
08025,CO,Crowley,5636,5006,7.1,10.1,6.4,11.0,20.5,17.9,31.0,31.7,3.5,35.1
08027,CO,Custer,5534,4689,8.6,11.2,8.8,12.4,22.0,14.4,38.2,26.6,4.4,31.8
08029,CO,Delta,31746,25772,9.2,11.4,8.8,12.4,23.6,16.2,37.5,26.7,4.5,34.9
08031,CO,Denver,716577,589711,4.2,10.3,4.1,7.1,22.7,15.2,21.7,21.6,2.3,24.9
08033,CO,Dolores,2513,2096,8.3,11.2,7.9,11.5,22.7,16.6,35.1,27.3,4.1,32.8
08035,CO,Douglas,383906,296166,4.0,10.5,4.3,6.8,21.1,14.2,25.8,25.3,2.2,21.2
08037,CO,Eagle,54381,43620,5.0,10.3,5.1,8.5,20.4,14.7,25.2,24.3,2.6,25.2
08039,CO,Elbert,28806,22667,5.9,11.1,5.9,8.9,21.7,15.2,29.9,24.8,3.0,25.8
08041,CO,El Paso,744215,574278,5.2,11.6,4.9,8.7,25.4,17.8,28.1,28.3,2.7,30.0
08043,CO,Fremont,50318,42512,8.2,11.0,7.6,11.4,23.2,16.9,32.6,30.6,3.9,33.7
08045,CO,Garfield,62707,47597,5.8,10.7,5.5,8.9,21.1,16.2,27.2,24.0,2.9,28.1
08047,CO,Gilpin,5926,5161,6.1,11.0,6.2,9.6,21.9,14.7,31.1,25.5,3.1,26.3
08049,CO,Grand,15935,13504,6.2,10.8,6.2,9.1,22.6,15.6,29.8,24.3,3.1,27.0
08051,CO,Gunnison,17321,14624,4.6,10.8,4.6,7.1,23.3,16.1,24.2,23.8,2.3,24.1
08053,CO,Hinsdale,765,662,6.0,10.4,7.5,10.0,20.2,12.5,34.1,23.5,3.5,26.8
08055,CO,Huerfano,7055,5992,8.6,10.8,9.1,13.9,20.6,14.7,37.6,27.5,4.6,35.3
08057,CO,Jackson,1309,1072,10.6,11.5,9.6,13.9,23.0,16.6,38.8,30.0,4.9,36.0
08059,CO,Jefferson,576366,472514,5.0,11.2,5.1,8.3,23.1,14.8,27.7,23.1,2.6,24.7
08061,CO,Kiowa,1384,1055,8.9,11.4,8.7,11.8,23.2,16.3,36.1,27.1,4.4,34.5
08063,CO,Kit Carson,6994,5210,8.3,11.5,7.7,11.4,23.3,17.3,33.3,29.4,4.0,34.1
08065,CO,Lake,7365,5869,4.7,10.2,4.9,8.4,21.6,15.1,26.4,23.9,2.5,25.1
08067,CO,La Plata,56407,46809,6.2,11.1,6.2,9.3,21.9,15.6,28.6,20.9,3.2,27.7
08069,CO,Larimer,370771,304158,5.2,11.2,5.1,7.3,24.8,16.6,25.6,23.5,2.6,26.6
08071,CO,Las Animas,14348,11821,8.2,10.8,8.5,13.7,21.7,16.0,35.5,32.5,4.4,36.6
08073,CO,Lincoln,5480,4374,7.9,10.9,7.3,10.8,21.6,17.2,32.6,29.8,3.8,33.3
08075,CO,Logan,20619,16878,8.4,11.4,7.5,11.2,23.6,18.1,33.6,29.7,4.0,34.2
08077,CO,Mesa,159681,127668,7.0,11.4,6.7,9.8,23.4,16.6,31.1,29.8,3.5,30.6
08079,CO,Mineral,944,819,6.9,10.7,7.3,10.5,21.5,13.8,34.3,25.7,3.6,27.7
08081,CO,Moffat,13327,10079,7.9,11.4,7.0,10.8,24.1,17.9,32.3,28.5,3.7,33.0
08083,CO,Montezuma,26531,21032,8.3,11.8,7.8,11.8,23.6,16.6,33.9,28.4,4.1,34.7
08085,CO,Montrose,44156,35363,8.0,11.1,8.0,11.5,22.4,15.7,34.1,27.5,4.1,32.7
08087,CO,Morgan,29524,21787,6.9,11.1,6.6,10.9,21.7,17.4,31.6,32.1,3.5,33.1
08089,CO,Otero,18136,13957,9.0,11.3,8.5,14.5,22.5,17.6,35.6,34.6,4.6,37.5
08091,CO,Ouray,5176,4488,6.2,10.6,7.0,10.0,21.1,12.9,34.0,23.3,3.4,26.0
08093,CO,Park,18117,15510,6.5,10.9,6.7,10.2,21.1,14.4,32.7,23.5,3.3,26.6
08095,CO,Phillips,4476,3359,8.3,11.2,8.0,11.9,22.7,16.8,34.1,28.9,4.2,34.1
08097,CO,Pitkin,16640,14206,4.9,10.2,5.8,8.4,20.4,13.3,28.8,20.7,2.8,24.0
08099,CO,Prowers,11751,8744,8.1,11.1,7.6,12.6,22.4,17.6,32.5,29.2,4.0,35.3
08101,CO,Pueblo,169422,132908,7.2,11.1,6.9,12.3,22.6,17.3,32.2,32.1,3.7,35.2
08103,CO,Rio Blanco,6569,5042,6.8,11.2,6.5,9.6,23.6,16.9,31.1,26.7,3.3,30.1
08105,CO,Rio Grande,11188,8914,7.1,10.6,7.4,12.2,21.0,15.6,33.4,27.7,3.8,33.3
08107,CO,Routt,25064,20739,5.4,10.6,5.5,8.3,21.8,14.8,27.9,23.7,2.8,25.2
08109,CO,Saguache,6688,5416,9.3,11.1,9.3,15.1,21.0,15.7,38.3,29.1,4.7,36.5
08111,CO,San Juan,802,709,6.2,10.4,6.9,10.2,21.5,14.3,32.4,26.4,3.4,27.8
08113,CO,San Miguel,7868,6642,5.3,10.5,5.7,8.7,21.9,14.3,28.7,26.3,2.8,24.2
08115,CO,Sedgwick,2299,1854,9.1,11.1,9.3,13.0,21.9,15.6,37.8,28.0,4.7,34.9
08117,CO,Summit,30465,25681,5.0,10.4,5.0,7.9,22.1,15.3,26.3,24.4,2.5,24.5
08119,CO,Teller,24617,20694,6.8,11.0,6.9,10.2,22.0,14.4,33.4,24.1,3.5,27.8
08121,CO,Washington,4855,3732,7.6,11.1,7.4,10.5,22.6,16.4,32.6,26.4,3.8,31.7
08123,CO,Weld,359442,268740,5.5,10.7,5.1,9.5,22.1,17.2,27.8,33.8,2.7,29.6
08125,CO,Yuma,9862,7075,7.8,11.1,7.2,10.9,22.3,16.9,31.4,28.4,3.8,33.8
09110,CT,Capitol,975328,780140,5.6,11.9,5.7,11.0,21.8,16.7,32.5,31.9,3.2,26.0
09120,CT,Greater Bridgeport,327651,256229,5.4,10.5,5.5,10.3,17.8,15.7,30.6,28.1,3.4,25.2
09130,CT,Lower Connecticut River Valley,176215,147247,5.6,10.7,6.1,9.4,22.4,14.6,33.5,29.0,3.2,22.4
09140,CT,Naugatuck Valley,456128,364230,6.2,11.1,6.3,10.6,21.1,16.2,33.3,32.5,3.4,26.8
09150,CT,Northeastern Connecticut,96692,79116,6.8,11.4,6.4,10.3,23.9,17.2,35.1,33.3,3.4,28.1
09160,CT,Northwest Hills,113463,93325,6.5,11.0,6.6,10.0,21.6,15.2,32.4,28.2,3.4,25.4
09170,CT,South Central Connecticut,568158,457936,5.6,10.9,5.9,10.4,20.4,16.1,32.8,33.4,3.2,26.0
09180,CT,Southeastern Connecticut,279634,226482,6.3,11.7,6.1,10.0,23.1,16.6,34.4,32.5,3.3,29.0
09190,CT,Western Connecticut,623907,489485,4.6,9.8,5.0,8.5,17.7,13.9,28.2,24.7,2.8,21.1
10001,DE,Kent,189789,146800,7.6,12.5,6.6,14.3,22.5,17.7,39.5,43.5,3.8,34.8
10003,DE,New Castle,578592,456332,6.0,10.4,5.9,12.2,21.0,15.5,35.2,33.4,3.4,28.7
10005,DE,Sussex,263509,216820,9.1,10.5,9.1,14.2,20.4,13.8,43.4,33.8,4.4,31.8
11001,DC,District of Columbia,678972,552380,4.0,10.2,3.8,7.8,21.6,14.1,28.5,24.7,2.8,21.6
12001,FL,Alachua,285994,235265,6.0,10.1,5.6,10.5,20.1,18.2,30.7,30.9,3.0,29.9
12003,FL,Baker,28368,21295,8.3,10.3,6.9,12.3,19.6,19.0,36.7,35.3,3.6,33.4
12005,FL,Bay,190769,150387,7.9,10.0,7.3,11.9,20.8,17.7,37.7,33.4,3.7,32.1
12007,FL,Bradford,27858,21945,10.5,10.5,8.6,14.4,20.3,19.8,38.5,34.9,4.6,36.6
12009,FL,Brevard,643979,528274,7.8,9.6,7.9,13.1,18.6,15.9,38.8,34.0,3.9,31.4
12011,FL,Broward,1962531,1559291,6.3,9.2,6.7,13.5,15.6,15.7,36.3,30.6,3.7,28.9
12013,FL,Calhoun,13470,10766,11.1,10.6,9.2,15.2,19.9,19.6,40.3,40.0,4.8,39.5
12015,FL,Charlotte,206134,181904,9.7,9.5,10.7,15.6,16.2,14.3,45.1,30.6,5.0,35.3
12017,FL,Citrus,166696,142235,11.1,9.7,11.1,15.8,18.4,15.9,42.6,32.3,5.3,37.8
12019,FL,Clay,232439,179750,7.0,9.9,6.6,12.2,18.9,17.6,36.9,34.9,3.4,30.4
12021,FL,Collier,404310,339282,8.0,8.6,9.4,13.7,15.1,13.3,39.2,26.6,4.4,30.8
12023,FL,Columbia,73063,57020,10.1,10.3,8.9,15.1,20.1,18.2,41.5,39.7,4.6,35.5
12027,FL,DeSoto,35979,29486,12.1,10.0,10.7,17.6,18.6,18.9,42.4,41.0,5.5,43.6
12029,FL,Dixie,17465,14301,12.2,10.3,10.6,16.1,20.0,19.2,43.3,34.7,5.3,41.2
12031,FL,Duval,1030822,801179,7.0,10.3,6.3,12.8,19.6,18.2,35.4,34.3,3.5,31.0
12033,FL,Escambia,326928,258632,7.8,10.6,7.2,12.8,20.5,18.1,38.8,35.8,3.8,33.7
12035,FL,Flagler,131439,110520,8.6,9.7,9.0,13.7,18.3,14.8,39.2,30.6,4.4,32.6
12037,FL,Franklin,12594,10717,10.8,9.9,9.8,15.3,18.3,16.8,44.0,32.3,4.9,35.6
12039,FL,Gadsden,43833,34200,11.0,11.1,9.3,19.2,16.6,18.8,44.6,44.6,5.9,39.6
12041,FL,Gilchrist,19587,15406,9.7,10.2,8.3,12.8,20.6,18.3,36.3,34.5,4.2,35.5
12043,FL,Glades,12786,11132,11.7,9.8,10.9,17.7,17.6,18.2,44.0,37.1,5.5,40.0
12045,FL,Gulf,15693,13114,9.1,9.8,8.3,14.1,19.5,16.8,40.5,35.3,4.2,34.5
12047,FL,Hamilton,13471,10639,12.1,10.9,9.9,17.6,19.1,19.8,44.3,41.5,5.5,41.8
12049,FL,Hardee,25760,19295,9.5,9.7,8.6,15.6,18.0,19.0,36.9,39.9,4.4,39.1
12051,FL,Hendry,43333,32457,8.5,9.4,8.0,16.8,16.6,18.5,37.2,37.6,4.2,39.0
12053,FL,Hernando,212807,173370,9.1,9.8,8.9,14.9,19.7,16.7,38.5,36.1,4.4,35.6
12055,FL,Highlands,107614,89745,11.0,9.5,11.7,18.3,16.9,15.7,46.1,36.7,5.6,38.3
12057,FL,Hillsborough,1535564,1206004,6.0,9.4,6.0,12.5,16.6,16.4,34.4,31.6,3.2,29.5
12059,FL,Holmes,19944,15826,10.9,10.4,9.0,14.5,20.8,19.5,41.0,36.3,4.6,39.3
12061,FL,Indian River,169795,144567,8.8,9.1,9.7,14.3,16.6,14.1,40.0,26.6,4.6,32.5
12063,FL,Jackson,48622,39341,10.3,10.3,9.1,15.6,19.3,19.0,41.9,38.7,5.0,38.4
12065,FL,Jefferson,15450,12807,10.3,10.3,9.3,16.3,17.5,17.2,46.3,35.1,5.2,37.1
12067,FL,Lafayette,8078,6495,10.6,10.2,8.8,14.6,19.3,19.8,39.4,34.7,4.5,38.2
12069,FL,Lake,424462,344053,8.0,9.5,8.5,14.5,17.1,15.7,38.9,35.3,4.2,33.0
12071,FL,Lee,834573,692259,8.2,9.2,8.9,14.5,16.9,14.8,39.6,30.4,4.3,32.3
12073,FL,Leon,296913,242508,5.9,10.5,5.5,10.6,18.2,18.2,32.6,33.1,3.0,28.6
12075,FL,Levy,46545,37523,11.0,10.3,9.9,16.1,19.0,18.5,42.6,33.8,5.0,36.9
12077,FL,Liberty,7706,6342,10.0,10.1,8.4,14.3,19.0,19.5,39.5,44.5,4.3,37.6
12079,FL,Madison,18519,15063,11.1,10.9,9.4,16.8,18.6,18.7,43.9,38.0,5.5,38.6
12081,FL,Manatee,441095,365149,8.3,9.1,8.8,14.0,17.4,15.1,39.5,32.1,4.2,34.3
12083,FL,Marion,409959,333326,9.8,9.8,9.7,14.9,19.0,16.6,40.9,36.4,4.8,35.6
12085,FL,Martin,163315,137320,8.5,9.2,9.4,13.6,17.1,14.3,37.0,27.0,4.4,33.0
12086,FL,Miami-Dade,2686867,2154272,5.3,8.5,6.8,15.4,13.5,14.4,33.8,29.5,3.6,29.6
12087,FL,Monroe,80614,68170,7.2,8.9,7.9,13.2,16.1,14.4,38.0,25.8,3.7,29.9
12089,FL,Nassau,101501,82029,7.6,9.6,7.4,11.6,18.3,15.7,36.9,33.7,3.6,29.4
12091,FL,Okaloosa,218464,169246,6.6,9.6,6.1,10.8,19.1,17.4,32.7,30.7,3.1,29.5
12093,FL,Okeechobee,41427,32401,10.5,9.9,9.4,15.6,19.4,18.7,41.4,43.9,4.7,38.2
12095,FL,Orange,1471416,1160505,5.5,9.1,5.6,11.7,16.6,16.3,32.0,33.5,3.0,28.3
12097,FL,Osceola,437784,333862,5.5,9.0,5.9,13.4,17.2,16.7,34.8,39.8,3.1,30.0
12099,FL,Palm Beach,1533801,1247769,7.1,9.2,7.9,13.7,15.3,14.4,36.3,26.6,4.0,31.0
12101,FL,Pasco,632996,504907,7.8,9.7,7.7,12.8,19.1,16.4,38.2,31.8,3.8,33.5
12103,FL,Pinellas,961596,816023,8.1,9.5,8.2,13.1,19.3,15.5,37.3,31.5,4.0,31.7
12105,FL,Polk,818330,638484,8.0,10.0,7.7,13.6,19.2,17.8,36.2,40.2,4.0,36.3
12107,FL,Putnam,75955,59956,13.0,10.8,10.8,17.5,19.6,19.4,43.4,33.1,5.7,40.4
12109,FL,St. Johns,320110,251521,6.0,9.3,6.5,10.6,17.4,14.4,34.6,29.2,3.1,24.8
12111,FL,St. Lucie,373586,300271,8.3,9.9,8.4,14.5,17.0,16.4,39.9,31.5,4.3,33.6
12113,FL,Santa Rosa,203162,158829,6.8,9.6,6.4,10.9,19.3,17.2,35.3,32.1,3.2,29.3
12115,FL,Sarasota,469013,403873,8.4,9.1,9.4,13.0,17.9,13.4,41.4,29.2,4.4,31.2
12117,FL,Seminole,484271,385528,5.6,9.1,5.9,11.0,16.4,15.1,32.2,29.5,3.0,26.7
12119,FL,Sumter,151565,140704,10.1,8.8,12.1,16.0,14.1,11.5,48.0,29.5,5.5,35.6
12121,FL,Suwannee,46130,36557,10.5,10.2,9.3,15.0,19.3,18.2,40.9,38.3,4.7,38.1
12123,FL,Taylor,21582,17040,11.5,10.5,9.7,15.9,19.3,19.0,44.3,40.8,5.1,39.3
12125,FL,Union,15532,12084,10.0,10.3,8.5,14.5,20.2,19.5,41.0,41.6,4.5,38.9
12127,FL,Volusia,590357,487914,8.4,10.0,8.3,13.5,19.1,16.7,39.1,32.7,4.1,33.7
12129,FL,Wakulla,36449,28876,7.8,10.0,6.9,12.6,18.0,17.6,37.4,38.9,3.5,32.7
12131,FL,Walton,86354,68437,7.7,9.5,7.4,12.3,18.7,16.4,36.3,30.1,3.6,31.2
12133,FL,Washington,25602,20435,10.7,10.5,8.9,15.1,20.4,19.7,42.3,40.1,4.6,37.7
13001,GA,Appling,18457,13966,11.0,10.8,9.1,17.4,22.0,19.6,43.5,40.6,5.2,39.2
13003,GA,Atkinson,8293,6215,11.0,10.8,8.7,18.0,22.0,20.7,42.5,44.0,5.1,41.8
13005,GA,Bacon,11124,8340,9.5,10.7,7.9,14.9,22.1,19.5,40.4,36.9,4.4,35.8
13007,GA,Baker,2743,2242,12.4,11.1,11.3,22.9,19.3,18.2,51.6,43.3,6.9,42.2
13009,GA,Baldwin,43396,35399,8.1,10.8,7.2,15.3,20.4,19.0,40.1,38.7,4.4,34.7
13011,GA,Banks,19789,15562,8.8,10.1,7.6,13.8,22.8,18.3,39.0,34.5,4.0,34.4
13013,GA,Barrow,92792,69765,6.5,9.9,5.7,12.2,19.7,17.7,35.6,35.3,3.2,30.2
13015,GA,Bartow,115041,88588,7.1,10.1,6.2,12.0,21.2,17.9,36.8,38.7,3.4,30.4
13017,GA,Ben Hill,17128,12939,11.1,11.4,9.0,19.1,20.9,19.8,46.6,41.5,5.6,40.1
13019,GA,Berrien,18570,14256,10.7,10.7,8.8,16.0,22.9,19.9,41.7,38.1,4.8,37.7
13021,GA,Bibb,156512,118300,8.4,11.2,7.3,16.9,19.5,19.1,44.6,44.7,4.8,36.8
13023,GA,Bleckley,12465,9890,8.8,10.8,7.7,14.7,21.8,19.0,40.2,37.7,4.3,35.3
13025,GA,Brantley,18401,14186,10.3,10.6,8.4,14.4,24.0,19.7,40.3,39.0,4.4,37.0
13027,GA,Brooks,16245,12902,11.6,11.1,10.0,20.0,20.2,18.8,47.9,40.2,5.9,40.1
13029,GA,Bryan,49739,35571,5.0,9.6,4.7,10.0,20.5,16.7,32.8,33.5,2.6,26.4
13031,GA,Bulloch,84327,67469,6.6,10.6,5.6,11.5,21.4,20.1,35.1,38.9,3.3,31.4
13033,GA,Burke,24438,18515,9.8,11.4,8.3,18.3,20.4,19.4,45.7,40.1,5.2,38.0
13035,GA,Butts,26887,21395,8.0,10.4,6.8,13.8,20.4,18.7,39.6,38.2,4.0,33.9
13037,GA,Calhoun,5457,4642,9.3,10.6,8.1,18.5,17.3,19.1,46.9,43.6,5.4,38.7
13039,GA,Camden,58118,44234,6.9,10.1,6.2,12.3,20.9,18.2,35.7,37.2,3.5,31.1
13043,GA,Candler,11059,8146,9.8,10.8,8.4,16.5,21.2,18.9,42.7,42.2,4.9,37.9
13045,GA,Carroll,127098,96984,7.3,10.4,6.3,12.8,21.3,18.7,36.7,34.2,3.5,33.4
13047,GA,Catoosa,68910,54038,7.5,9.9,6.9,12.5,21.3,17.2,36.3,34.1,3.6,31.6
13049,GA,Charlton,12934,10660,9.1,10.0,7.8,16.1,20.1,19.2,41.2,41.5,4.5,37.9
13051,GA,Chatham,303655,241631,6.4,10.2,6.1,13.1,18.9,16.6,38.8,33.0,3.7,29.6
13053,GA,Chattahoochee,8661,6690,4.3,9.2,3.4,7.5,21.0,20.6,25.7,35.8,2.0,29.7
13055,GA,Chattooga,25222,19718,11.3,10.7,8.9,16.0,23.1,20.0,42.0,35.2,4.9,39.6
13057,GA,Cherokee,286602,222757,5.6,9.5,5.7,11.0,20.2,16.0,34.1,33.5,2.9,25.8
13059,GA,Clarke,129933,108382,5.8,10.6,5.1,10.9,22.2,19.4,31.1,30.2,3.0,29.8
13061,GA,Clay,2853,2290,11.0,11.2,10.5,21.5,18.3,17.4,52.1,41.2,6.6,40.0
13063,GA,Clayton,298300,219599,6.5,11.4,5.7,16.2,17.0,19.2,41.4,45.2,4.3,33.8
13065,GA,Clinch,6746,5045,11.0,11.1,8.8,17.3,21.8,20.1,43.8,41.9,5.2,39.4
13067,GA,Cobb,776743,603821,4.8,9.4,4.9,10.9,18.2,15.0,32.1,29.9,2.8,23.6
13069,GA,Coffee,43317,32601,9.8,10.9,7.8,16.1,21.7,20.4,41.5,39.3,4.7,39.8
13071,GA,Colquitt,46167,34375,9.6,10.7,8.1,16.7,21.7,19.6,43.0,35.7,4.7,38.4
13073,GA,Columbia,165162,124488,5.5,9.6,5.4,11.9,19.4,16.1,36.7,33.1,3.0,25.0
13075,GA,Cook,17714,13235,10.1,11.0,8.3,16.5,22.2,19.9,42.6,37.6,4.9,37.3
13077,GA,Coweta,155892,120448,5.9,9.9,5.7,12.4,19.3,16.1,35.7,35.7,3.2,28.6
13079,GA,Crawford,12277,9813,9.0,10.4,7.9,15.5,20.6,17.7,42.5,37.3,4.5,34.8
13081,GA,Crisp,19631,15039,11.0,11.6,9.4,19.4,20.5,19.4,47.5,44.6,5.7,39.9
13083,GA,Dade,16165,13017,8.2,10.1,7.4,12.6,22.6,17.6,37.9,35.1,3.8,32.4
13085,GA,Dawson,31732,25312,6.8,9.5,6.6,11.6,21.0,16.1,35.8,31.6,3.3,28.7
13087,GA,Decatur,29087,22056,9.7,11.1,8.3,17.8,20.3,19.5,44.8,42.2,5.2,38.3
13089,GA,DeKalb,762992,591931,5.2,10.4,5.1,13.0,16.9,15.8,37.4,31.8,3.5,24.5
13091,GA,Dodge,19776,16128,9.8,10.6,8.6,16.7,20.6,18.8,44.7,40.4,5.0,37.4
13093,GA,Dooly,10981,9303,9.2,10.5,8.6,18.3,17.8,17.5,47.2,41.0,5.3,37.2
13095,GA,Dougherty,82645,62618,9.1,11.9,7.8,19.0,18.6,19.2,47.1,41.9,5.5,38.0
13097,GA,Douglas,149160,111702,5.8,10.8,5.4,13.6,18.2,17.2,37.4,36.3,3.5,30.7
13099,GA,Early,10563,7986,10.3,11.6,8.8,18.9,19.8,19.0,47.4,40.7,5.6,39.9
13101,GA,Echols,3709,2736,7.4,9.8,6.6,13.6,20.6,17.9,36.1,38.3,3.6,33.1
13103,GA,Effingham,71541,52772,6.1,10.0,5.4,11.3,20.5,17.3,34.6,37.9,3.0,28.5
13105,GA,Elbert,20013,15564,9.6,10.7,8.6,16.6,20.4,18.1,44.2,38.2,4.9,36.4
13107,GA,Emanuel,23119,17452,10.0,11.1,8.0,16.4,20.8,19.8,43.9,42.7,4.8,37.4
13109,GA,Evans,10754,8115,9.6,10.9,8.0,16.8,20.8,19.4,43.2,42.4,4.8,37.6
13111,GA,Fannin,25955,21938,10.6,10.0,10.2,16.5,20.7,15.9,44.8,38.2,5.0,35.9
13113,GA,Fayette,123351,95974,5.3,9.3,6.0,12.6,17.6,13.9,37.1,30.7,3.3,26.0
13115,GA,Floyd,100113,77443,8.1,10.3,7.1,14.1,22.3,18.6,38.6,37.3,3.9,34.5
13117,GA,Forsyth,272887,203939,4.2,8.4,4.6,9.9,17.4,13.2,30.2,27.7,2.4,20.9
13119,GA,Franklin,24782,19292,9.6,10.6,8.2,14.7,22.6,19.0,40.7,39.0,4.4,35.9
13121,GA,Fulton,1079105,856802,4.5,9.4,4.6,10.9,16.9,15.4,33.4,28.2,2.9,24.8
13123,GA,Gilmer,32860,26936,9.5,9.7,9.1,15.2,20.7,16.0,41.9,34.2,4.5,35.7
13125,GA,Glascock,2954,2319,9.4,10.5,7.9,14.5,22.5,18.8,40.5,37.6,4.3,35.0
13127,GA,Glynn,86172,68495,8.2,10.1,7.9,15.3,19.3,16.4,44.0,35.1,4.4,32.7
13129,GA,Gordon,59757,46142,8.7,10.2,7.3,13.9,22.5,18.7,38.2,35.3,3.9,35.4
13131,GA,Grady,26066,19695,9.7,10.7,8.6,17.2,20.3,18.5,44.0,38.5,5.0,36.3
13133,GA,Greene,20722,17235,7.9,9.7,8.6,15.6,17.5,14.1,44.9,33.7,4.6,31.8
13135,GA,Gwinnett,983526,730986,5.0,9.2,5.1,12.6,15.7,15.5,33.4,34.9,3.0,26.2
13137,GA,Habersham,48757,38151,8.0,9.9,7.2,12.9,21.5,17.6,37.1,32.2,3.8,32.3
13139,GA,Hall,217267,166389,7.1,9.6,6.7,13.2,20.2,16.7,36.4,32.3,3.5,32.0
13141,GA,Hancock,8676,7419,11.9,11.4,10.5,22.8,17.5,18.8,53.0,44.8,7.0,43.1
13143,GA,Haralson,32038,24278,8.2,10.3,6.8,12.6,23.8,19.0,37.3,36.2,3.7,33.0
13145,GA,Harris,36654,28872,6.3,9.7,6.4,12.6,18.8,15.3,37.5,33.0,3.5,27.8
13147,GA,Hart,27556,22018,9.0,10.2,8.3,15.3,20.4,17.2,42.1,35.1,4.5,33.8
13149,GA,Heard,12034,9275,9.2,10.5,7.8,14.3,22.6,19.1,39.6,35.6,4.2,34.9
13151,GA,Henry,254613,191306,5.5,10.6,5.2,13.4,17.6,16.9,38.8,45.2,3.5,28.1
13153,GA,Houston,171974,128292,5.9,10.1,5.5,13.1,20.5,17.1,38.7,39.7,3.3,29.1
13155,GA,Irwin,9120,7005,9.6,10.7,8.3,16.2,21.5,18.8,43.1,40.3,4.8,36.8
13157,GA,Jackson,88615,66464,6.6,9.7,6.0,11.6,20.5,17.0,34.7,33.0,3.2,29.0
13159,GA,Jasper,16455,12575,8.6,10.4,7.5,14.6,21.7,18.2,40.2,37.1,4.2,34.0
13161,GA,Jeff Davis,14906,11152,10.6,10.8,8.5,16.4,22.2,20.1,41.2,40.4,4.8,39.9
13163,GA,Jefferson,15183,11719,10.1,11.5,8.5,18.5,19.9,19.4,47.1,41.3,5.5,39.8
13165,GA,Jenkins,8627,6909,10.9,11.2,8.7,18.2,20.5,20.4,45.5,42.5,5.5,40.3
13167,GA,Johnson,9282,7669,10.7,10.6,9.3,18.0,20.2,19.2,47.5,43.5,5.4,40.6
13169,GA,Jones,28969,22439,7.9,10.6,7.1,14.4,20.8,17.9,40.2,39.8,4.2,33.1
13171,GA,Lamar,20401,16036,7.6,10.7,6.8,13.6,20.9,18.5,38.7,36.6,3.9,32.4
13173,GA,Lanier,10452,7992,9.7,10.8,7.9,15.9,22.0,19.8,41.5,40.9,4.6,37.2
13175,GA,Laurens,49941,37550,9.4,11.1,8.2,16.4,20.3,18.8,45.3,44.0,4.9,35.1
13177,GA,Lee,33872,25370,5.9,10.0,5.5,11.8,20.2,16.7,36.8,39.2,3.2,27.7
13179,GA,Liberty,69210,50108,5.5,10.3,4.8,11.6,19.7,19.4,34.3,32.3,3.1,31.1
13181,GA,Lincoln,7879,6351,10.7,10.7,9.8,18.2,20.3,17.5,47.1,38.0,5.5,37.8
13183,GA,Long,19594,14123,6.7,10.6,5.4,12.4,21.3,19.8,36.1,38.4,3.3,32.1
13185,GA,Lowndes,120712,91064,7.0,10.7,6.0,12.9,20.5,19.3,35.9,38.7,3.7,34.0
13187,GA,Lumpkin,35258,29477,7.2,10.0,6.5,11.5,22.5,18.3,33.7,28.9,3.3,30.7
13189,GA,McDuffie,21799,16447,9.2,11.0,8.0,16.7,20.4,18.5,44.4,38.9,4.9,36.6
13191,GA,McIntosh,11501,9721,12.3,11.1,11.2,20.4,20.3,17.7,50.8,40.7,6.4,40.6
13193,GA,Macon,11817,9723,11.3,11.2,9.5,21.1,18.1,19.6,49.4,43.8,6.3,42.6
13195,GA,Madison,32191,24680,9.5,10.5,8.0,14.7,22.3,18.8,40.0,38.1,4.3,35.3
13197,GA,Marion,7440,5938,10.5,10.8,9.4,18.7,20.4,18.0,46.5,38.6,5.5,38.7
13199,GA,Meriwether,20931,16562,9.9,11.0,8.6,17.6,20.4,18.5,45.0,41.4,5.2,37.1
13201,GA,Miller,5747,4410,10.7,11.0,9.6,17.8,21.1,18.2,46.1,41.8,5.5,38.0
13205,GA,Mitchell,21114,16263,9.8,11.2,8.4,18.4,20.0,19.3,47.2,45.1,5.3,38.1
13207,GA,Monroe,30625,24227,7.1,10.1,6.7,13.1,20.0,16.8,39.1,34.9,3.8,30.3
13209,GA,Montgomery,8761,6956,8.7,10.5,7.7,15.4,21.1,18.5,42.1,39.4,4.4,35.6
13211,GA,Morgan,21460,16735,6.8,9.9,6.7,12.9,19.6,16.0,39.9,31.7,3.7,29.3
13213,GA,Murray,41035,31441,8.4,10.2,7.1,13.3,22.4,18.5,36.8,41.5,3.7,33.7
13215,GA,Muscogee,201877,151740,7.1,10.9,6.3,15.0,19.6,18.7,40.9,40.3,4.1,32.4
13217,GA,Newton,120135,90194,6.6,11.0,5.9,14.4,18.8,18.3,40.4,42.4,3.8,31.7
13219,GA,Oconee,44182,32893,4.8,8.9,5.4,10.1,19.5,13.9,33.4,28.8,2.7,23.4
13221,GA,Oglethorpe,15754,12372,8.0,10.1,7.4,14.1,20.8,17.2,39.9,36.4,4.1,32.5
13223,GA,Paulding,183164,136998,5.5,10.1,5.0,11.6,20.4,17.1,35.0,38.4,2.9,26.3
13225,GA,Peach,28805,22815,7.1,10.6,6.6,14.9,19.5,18.0,40.3,39.3,4.1,32.7
13227,GA,Pickens,35969,29293,8.5,10.0,7.9,13.6,21.8,17.1,40.7,35.0,4.0,32.2
13229,GA,Pierce,20425,15398,9.3,10.5,7.9,14.3,22.5,18.8,39.5,36.4,4.2,35.6
13231,GA,Pike,20461,15706,7.1,10.1,6.3,11.9,21.7,17.6,36.6,36.0,3.4,30.0
13233,GA,Polk,44223,33130,8.9,10.5,7.3,14.1,22.5,19.0,38.8,40.4,4.1,36.1
13235,GA,Pulaski,10095,8287,10.2,11.5,8.7,16.8,21.8,19.6,43.6,40.8,5.1,38.3
13237,GA,Putnam,23129,18686,9.5,10.4,9.1,17.1,19.8,16.7,45.2,39.4,4.9,35.2
13239,GA,Quitman,2280,1849,13.1,11.1,12.1,23.6,18.6,17.3,54.7,42.3,7.3,43.2
13241,GA,Rabun,17442,14652,9.4,9.7,9.3,15.5,20.5,15.6,43.8,34.2,4.6,33.7
13243,GA,Randolph,6078,4809,13.7,12.0,12.0,24.9,19.6,19.2,54.6,45.6,7.9,45.5
13245,GA,Richmond,205414,158562,7.5,11.5,6.6,16.7,20.4,19.4,41.9,36.6,4.4,34.7
13247,GA,Rockdale,95987,73494,6.8,11.1,6.5,17.0,17.6,17.1,43.2,39.0,4.4,32.1
13249,GA,Schley,4526,3488,8.5,10.5,7.8,15.1,20.8,17.7,41.5,37.4,4.4,34.0
13251,GA,Screven,14174,11178,9.7,11.0,8.5,17.8,20.0,18.5,46.1,40.0,5.2,36.6
13253,GA,Seminole,9092,7325,10.2,10.8,9.5,18.0,19.5,17.4,47.0,39.4,5.4,37.7
13255,GA,Spalding,69946,53654,8.8,10.8,7.7,16.0,20.0,18.3,43.1,39.7,4.6,35.6
13257,GA,Stephens,27228,21289,9.6,10.5,8.3,14.9,22.1,18.7,41.1,38.5,4.5,35.9
13259,GA,Stewart,4674,4068,9.3,10.0,7.9,17.9,17.3,18.8,43.1,41.6,5.2,39.9
13261,GA,Sumter,28890,22380,8.6,11.3,7.7,16.7,19.2,19.1,43.6,39.5,4.8,36.3
13263,GA,Talbot,5718,4784,11.3,11.3,10.4,22.1,18.5,17.6,52.4,43.1,6.6,40.6
13265,GA,Taliaferro,1609,1312,10.8,10.9,10.4,21.7,17.5,17.0,52.2,41.7,6.6,40.6
13267,GA,Tattnall,24296,19380,9.5,10.4,7.9,16.0,20.2,19.5,42.5,40.7,4.6,37.4
13269,GA,Taylor,7758,6246,12.6,11.5,10.3,20.2,21.0,19.6,48.6,42.4,6.3,42.2
13271,GA,Telfair,10920,9009,12.0,10.7,10.1,20.5,19.8,19.7,47.5,43.0,6.1,43.3
13273,GA,Terrell,8718,6786,11.6,11.9,9.9,21.2,19.4,19.5,49.6,43.6,6.4,42.2
13275,GA,Thomas,45649,34945,8.5,10.7,7.8,16.0,19.7,17.4,43.2,39.2,4.6,33.9
13277,GA,Tift,41554,31354,8.6,10.7,7.4,15.8,21.0,19.1,41.0,39.4,4.4,35.9
13279,GA,Toombs,27040,19850,9.1,10.8,7.7,15.5,20.8,19.0,41.1,40.6,4.5,36.5
13281,GA,Towns,13035,11309,9.7,9.6,10.1,15.9,20.3,14.7,45.5,31.9,4.9,34.7
13283,GA,Treutlen,6341,4946,11.9,11.3,9.2,18.3,21.8,20.8,44.3,41.2,5.5,42.3
13285,GA,Troup,70742,53548,8.2,10.8,7.1,15.0,20.7,18.8,40.5,36.0,4.3,33.8
13287,GA,Turner,8909,6668,11.1,11.4,9.2,18.5,20.8,19.9,45.9,44.4,5.6,40.9
13289,GA,Twiggs,7691,6243,10.3,11.0,9.3,18.6,19.1,18.1,47.8,39.7,5.7,37.8
13291,GA,Union,27124,23066,9.9,9.6,9.9,15.7,20.5,15.1,45.0,34.5,4.8,35.4
13293,GA,Upson,28263,21805,9.5,10.9,8.1,16.3,21.2,19.0,42.1,39.2,4.7,35.7
13295,GA,Walker,69489,54798,8.8,10.2,7.7,13.5,21.6,18.0,39.6,38.0,4.0,33.3
13297,GA,Walton,106702,81495,7.3,10.3,6.6,13.0,20.4,17.3,38.0,38.3,3.7,31.8
13299,GA,Ware,36243,27189,10.0,10.9,8.4,16.8,21.9,19.8,43.3,41.3,4.9,38.0
13301,GA,Warren,5106,4068,10.5,11.4,9.4,20.2,18.9,18.2,50.3,43.5,6.1,40.0
13303,GA,Washington,19820,15608,9.7,11.1,8.3,18.7,19.4,18.8,47.1,43.1,5.4,37.8
13305,GA,Wayne,31373,23759,10.0,10.8,8.0,15.8,21.6,19.7,42.7,43.3,4.6,36.6
13307,GA,Webster,2337,1938,11.4,11.2,10.7,21.0,19.3,17.9,50.7,42.2,6.4,40.6
13309,GA,Wheeler,7081,5935,9.6,10.0,8.1,16.0,19.0,19.2,43.8,41.3,4.8,38.2
13311,GA,White,29026,23497,8.4,9.9,7.9,13.2,21.1,16.7,39.8,35.0,4.0,31.8
13313,GA,Whitfield,103687,78269,7.5,9.6,6.9,14.1,20.2,17.7,35.7,37.9,3.7,33.1
13315,GA,Wilcox,8779,7154,10.3,10.2,9.1,17.4,19.2,18.5,46.2,42.6,5.3,38.8
13317,GA,Wilkes,9518,7557,10.2,10.8,9.3,18.9,19.2,17.6,47.4,40.6,5.6,38.4
13319,GA,Wilkinson,8725,6784,9.7,10.9,8.5,17.7,20.1,18.4,45.9,41.0,5.2,38.0
13321,GA,Worth,20273,15854,10.1,10.9,8.6,16.9,21.7,19.0,44.5,38.9,5.0,38.0
15001,HI,Hawaii,207615,164992,7.1,11.0,7.6,12.5,20.0,15.6,31.0,27.2,4.4,32.3
15003,HI,Honolulu,989408,787914,4.7,9.5,5.8,12.4,15.1,14.2,31.6,25.3,3.5,28.1
15005,HI,Kalawao,81,75,9.8,10.2,12.8,22.1,14.3,13.6,46.6,38.5,7.3,38.2
15007,HI,Kauai,73851,58274,6.0,10.0,6.8,12.0,16.4,14.6,33.1,23.9,3.9,27.1
15009,HI,Maui,164183,130270,5.9,10.3,6.6,12.2,15.8,14.9,30.7,26.2,3.8,28.4
16001,ID,Ada,524673,411855,5.3,10.3,5.4,9.0,25.0,15.2,31.2,29.0,2.8,31.5
16003,ID,Adams,4903,4062,10.0,10.8,9.6,13.9,21.5,14.8,40.7,34.2,4.9,39.0
16005,ID,Bannock,90400,67958,6.6,11.2,5.9,9.7,25.0,17.0,31.0,33.0,3.1,36.6
16007,ID,Bear Lake,6766,5018,8.1,10.9,7.6,11.6,22.2,15.9,34.1,31.0,3.9,36.3
16009,ID,Benewah,10369,8064,10.2,11.6,9.1,13.5,22.4,16.6,38.0,36.3,4.8,41.4
16011,ID,Bingham,50395,35914,7.1,11.0,6.5,11.2,23.0,17.1,33.0,39.0,3.4,38.3
16013,ID,Blaine,25041,20458,6.1,9.9,6.6,10.2,18.9,13.1,31.0,23.1,3.3,31.0
16015,ID,Boise,8517,7188,7.7,10.5,8.1,12.1,21.4,13.6,38.0,31.9,4.0,35.3
16017,ID,Bonner,52547,42293,8.4,10.7,8.4,11.8,21.3,14.5,36.7,32.2,4.2,35.7
16019,ID,Bonneville,131366,92871,6.0,10.6,5.6,9.4,25.3,16.5,29.9,33.3,3.0,32.6
16021,ID,Boundary,13557,10356,9.3,11.2,8.5,12.6,21.8,15.8,36.1,33.3,4.4,40.1
16023,ID,Butte,2758,2126,11.8,11.5,10.5,15.2,23.8,17.2,40.3,35.5,5.4,44.7
16025,ID,Camas,1232,960,7.8,10.5,7.9,11.8,21.0,14.4,36.0,29.7,4.0,35.0
16027,ID,Canyon,257674,189929,6.6,10.8,5.9,11.2,23.1,16.6,30.9,35.3,3.2,37.6
16029,ID,Caribou,7219,5232,7.3,10.7,6.8,10.5,22.0,16.4,32.5,34.8,3.6,35.6
16031,ID,Cassia,25696,17834,6.9,10.6,6.5,11.0,22.1,16.6,32.3,37.5,3.4,36.7
16033,ID,Clark,801,612,8.3,10.4,8.5,13.8,20.4,15.7,36.3,36.0,4.3,40.8
16035,ID,Clearwater,9214,7803,9.3,10.5,9.1,13.1,20.8,14.9,38.5,31.8,4.7,39.0
16037,ID,Custer,4523,3769,9.1,10.5,9.4,13.4,20.6,14.2,40.3,31.5,4.7,36.9
16039,ID,Elmore,29724,22520,7.1,10.7,6.2,10.4,22.8,17.5,31.7,34.2,3.3,37.6
16041,ID,Franklin,15494,10847,6.6,10.7,6.0,9.4,22.8,16.7,30.9,35.7,3.2,34.1
16043,ID,Fremont,14196,10850,7.1,10.5,6.6,10.5,22.1,16.2,30.9,32.7,3.4,35.6
16045,ID,Gem,21071,16445,7.8,10.7,7.5,11.5,21.8,15.3,35.1,32.9,3.9,36.1
16047,ID,Gooding,16061,11928,8.7,10.7,8.0,13.0,20.9,16.7,34.9,34.1,4.2,40.0
16049,ID,Idaho,17890,14280,9.1,10.6,9.2,12.8,20.9,14.7,37.9,31.8,4.6,37.8
16051,ID,Jefferson,34198,23316,6.0,10.7,5.5,9.1,22.5,16.3,28.7,33.1,2.9,31.0
16053,ID,Jerome,25479,17979,8.0,10.8,7.0,12.6,21.6,17.2,33.0,35.8,3.8,39.7
16055,ID,Kootenai,185010,144057,7.2,10.7,6.7,9.9,23.7,16.1,30.1,31.7,3.5,34.2
16057,ID,Latah,41301,33280,5.5,10.7,5.3,7.8,23.4,17.2,28.1,29.0,2.7,31.1
16059,ID,Lemhi,8441,6904,9.2,10.8,9.3,12.7,21.9,14.8,39.6,30.4,4.7,38.3
16061,ID,Lewis,3739,2946,10.9,11.3,10.4,15.1,21.9,15.8,42.3,35.2,5.3,41.8
16063,ID,Lincoln,5450,4062,7.3,10.6,6.7,11.5,21.7,16.7,32.1,34.2,3.5,37.7
16065,ID,Madison,54547,43341,4.4,12.1,3.0,4.9,27.9,22.7,17.3,26.2,1.7,34.3
16067,ID,Minidoka,22480,16145,7.3,10.3,6.9,12.3,20.8,16.6,34.0,36.4,3.7,38.4
16069,ID,Nez Perce,42987,33960,7.9,11.4,7.4,10.8,23.9,16.3,35.7,37.7,3.9,39.1
16071,ID,Oneida,4953,3589,7.2,10.5,7.0,10.5,22.0,15.8,33.2,31.9,3.6,35.3
16073,ID,Owyhee,12722,9638,9.3,11.0,8.2,13.4,22.2,17.1,35.8,33.4,4.4,41.3
16075,ID,Payette,27279,20474,8.4,10.9,7.7,11.8,22.5,16.4,35.5,31.4,4.0,37.1
16077,ID,Power,8253,5792,7.9,10.5,7.4,12.1,21.2,16.5,33.6,37.5,3.9,38.0
16079,ID,Shoshone,14026,11081,9.9,11.3,8.7,13.5,22.9,17.3,37.4,36.1,4.6,42.8
16081,ID,Teton,12549,9883,5.4,10.0,5.3,9.2,20.7,14.1,29.7,32.0,2.7,28.6
16083,ID,Twin Falls,95156,70457,7.3,11.1,6.5,11.0,23.7,16.6,31.0,33.3,3.5,35.0
16085,ID,Valley,12644,10405,8.6,10.7,8.5,13.1,21.2,14.4,39.0,34.0,4.3,37.3
16087,ID,Washington,11425,8903,10.0,11.1,9.6,14.5,21.8,16.1,38.3,33.4,4.9,42.2
17001,IL,Adams,64441,49972,8.1,10.3,7.3,12.0,22.4,16.7,37.2,37.8,3.7,30.7
17003,IL,Alexander,4695,3690,12.1,11.7,10.2,19.0,21.2,18.2,47.9,45.3,6.0,39.7
17005,IL,Bond,16450,13506,8.0,10.5,6.9,11.6,22.8,17.9,35.5,39.0,3.6,31.2
17007,IL,Boone,53202,40735,7.4,10.0,6.7,12.2,21.5,16.7,34.9,36.8,3.5,31.0
17009,IL,Brown,6294,5228,8.0,10.0,6.5,11.7,20.5,18.1,36.4,41.5,3.5,32.5
17011,IL,Bureau,32729,26017,8.9,10.2,8.0,13.2,22.5,16.6,37.9,38.1,4.1,32.7
17013,IL,Calhoun,4317,3452,7.8,10.1,7.5,11.9,21.2,15.4,38.0,35.3,3.7,29.5
17015,IL,Carroll,15526,12708,9.0,10.1,8.2,13.3,21.3,16.6,39.3,38.8,4.1,33.0
17017,IL,Cass,12596,9542,8.6,10.2,7.4,13.4,21.6,17.2,37.4,40.6,3.9,33.3
17019,IL,Champaign,205644,166549,5.6,10.1,5.0,9.6,22.6,17.3,28.7,31.1,2.7,26.5
17021,IL,Christian,33228,26982,8.6,10.3,7.4,12.3,22.4,17.4,37.5,38.1,3.8,32.4
17023,IL,Clark,15088,11771,8.3,10.3,7.3,12.0,22.5,16.8,36.8,37.3,3.7,30.8
17025,IL,Clay,12999,10006,10.3,10.8,8.5,13.9,23.6,18.2,39.7,41.5,4.4,35.0
17027,IL,Clinton,36785,28932,7.4,10.3,6.6,11.3,21.7,16.5,35.5,40.2,3.4,29.2
17029,IL,Coles,46060,37579,8.2,10.8,6.9,11.4,24.1,18.7,34.0,37.7,3.6,32.6
17031,IL,Cook,5087072,4031580,5.7,9.8,5.3,11.8,18.7,14.9,31.0,31.0,3.2,26.9
17033,IL,Crawford,18300,14700,8.4,10.4,7.2,12.1,22.3,17.2,37.6,40.1,3.7,31.2
17035,IL,Cumberland,10261,7994,8.1,10.3,7.3,11.9,22.9,16.8,37.2,38.7,3.7,30.5
17037,IL,DeKalb,100288,78892,6.3,10.4,5.5,10.3,23.0,18.3,30.4,35.1,2.9,29.2
17039,IL,De Witt,15365,12070,8.4,10.4,7.3,12.2,22.5,17.0,37.2,38.2,3.7,31.3
17041,IL,Douglas,19629,14859,8.0,10.4,6.9,11.7,22.6,17.4,35.4,38.5,3.5,31.4
17043,IL,DuPage,921213,719635,5.0,8.9,5.3,10.0,17.4,13.4,30.7,29.2,2.7,22.4
17045,IL,Edgar,16334,13132,9.8,10.5,8.6,13.6,22.8,17.2,40.3,37.5,4.4,33.9
17047,IL,Edwards,5968,4705,10.3,10.8,8.7,14.1,23.6,17.9,40.2,40.3,4.5,35.0
17049,IL,Effingham,34331,26215,7.7,10.2,6.8,11.3,22.5,16.7,35.2,34.3,3.5,29.2
17051,IL,Fayette,21164,16988,9.2,10.4,7.6,12.7,22.4,18.1,37.6,39.8,4.0,33.4
17053,IL,Ford,13250,10197,8.7,10.6,7.5,12.4,22.9,17.5,37.1,37.7,3.8,32.3
17055,IL,Franklin,37138,28958,10.2,10.9,8.4,13.9,23.7,18.4,38.7,41.6,4.4,35.0
17057,IL,Fulton,32541,26249,9.2,10.5,7.9,13.0,23.1,17.6,39.2,39.9,4.1,33.3
17059,IL,Gallatin,4670,3791,10.9,10.8,9.3,14.6,23.0,17.5,41.6,40.8,4.8,36.0
17061,IL,Greene,11543,9100,9.7,10.7,8.1,13.2,23.2,17.8,38.9,40.2,4.1,33.7
17063,IL,Grundy,53578,40665,6.4,10.1,5.7,10.3,22.0,16.8,32.3,36.4,3.0,27.4
17065,IL,Hamilton,7911,6144,10.1,10.7,8.7,13.9,23.3,17.8,39.9,40.0,4.4,34.7
17067,IL,Hancock,17186,13505,9.0,10.3,8.2,13.2,22.0,16.3,39.6,38.8,4.1,32.1
17069,IL,Hardin,3569,2918,10.5,10.6,9.3,14.7,22.4,17.1,42.1,39.7,4.7,35.4
17071,IL,Henderson,6088,4976,9.6,10.2,8.9,14.1,21.4,15.9,41.8,38.6,4.5,33.2
17073,IL,Henry,48448,38043,7.8,10.2,7.2,11.9,21.8,16.2,36.4,36.9,3.6,30.3
17075,IL,Iroquois,26136,20557,9.7,10.5,8.4,13.9,22.8,17.4,40.0,40.6,4.3,34.4
17077,IL,Jackson,52141,42149,7.7,10.8,6.5,11.6,23.0,18.8,33.6,39.8,3.5,31.5
17079,IL,Jasper,9144,7080,8.1,10.2,7.3,12.0,22.6,16.4,36.9,38.2,3.7,30.3
17081,IL,Jefferson,36320,28241,8.8,10.6,7.6,13.0,22.7,17.6,38.5,39.8,4.0,32.3
17083,IL,Jersey,21091,16934,7.9,10.3,7.1,11.7,22.8,16.8,36.2,39.0,3.6,29.9
17085,IL,Jo Daviess,21756,17877,8.6,9.9,8.5,13.2,20.6,14.8,40.4,36.1,4.2,31.0
17087,IL,Johnson,13326,11121,8.9,10.2,7.7,12.9,21.5,17.5,38.4,41.4,4.0,33.8
17089,IL,Kane,514982,394457,5.7,9.3,5.7,11.5,18.6,15.0,30.4,35.1,3.0,26.1
17091,IL,Kankakee,105940,82054,7.9,10.7,7.0,13.0,21.4,17.8,37.7,39.8,3.8,32.2
17093,IL,Kendall,139976,102765,4.7,9.5,4.4,9.4,19.4,15.4,29.6,39.7,2.4,23.4
17095,IL,Knox,48411,38628,9.4,10.6,8.2,13.5,21.9,17.5,38.7,39.2,4.3,33.9
17097,IL,Lake,708760,546551,5.4,9.1,5.4,11.2,18.1,14.1,32.4,32.9,2.9,23.9
17099,IL,LaSalle,108309,85477,8.2,10.3,7.3,12.4,22.3,17.0,36.4,37.8,3.7,31.2
17101,IL,Lawrence,14813,12103,9.2,10.5,7.5,12.8,22.0,18.2,38.1,40.7,4.0,34.0
17103,IL,Lee,33654,27075,8.4,10.2,7.6,12.8,21.2,16.6,38.0,38.9,3.9,31.8
17105,IL,Livingston,35320,27580,8.4,10.5,7.3,12.2,22.0,17.2,36.6,35.9,3.8,31.5
17107,IL,Logan,27590,22260,7.9,10.4,6.9,11.6,22.2,17.5,35.6,38.5,3.6,30.8
17109,IL,McDonough,26839,21974,7.9,10.6,6.8,11.4,23.8,18.6,34.1,36.3,3.5,32.1
17111,IL,McHenry,312800,242583,5.9,9.6,5.6,10.5,21.7,15.4,33.7,32.1,2.9,26.3
17113,IL,McLean,170441,134722,5.6,10.3,5.2,9.5,22.3,16.7,30.9,34.5,2.7,26.0
17115,IL,Macon,100591,77904,8.5,10.8,7.5,13.3,21.7,17.3,39.2,42.1,4.1,32.5
17117,IL,Macoupin,44018,35091,9.1,10.6,7.7,12.8,22.9,17.3,38.2,37.0,4.0,32.5
17119,IL,Madison,262752,207550,7.2,10.5,6.4,11.2,22.2,17.1,35.5,38.7,3.4,30.5
17121,IL,Marion,36673,28035,9.5,10.8,7.9,13.3,23.5,18.1,38.5,39.5,4.1,33.9
17123,IL,Marshall,11683,9285,8.9,10.4,8.1,13.0,22.5,16.7,38.9,38.6,4.1,32.6
17125,IL,Mason,12523,10018,9.4,10.5,8.3,13.3,22.6,17.2,39.1,37.3,4.2,33.1
17127,IL,Massac,13661,10895,9.7,10.9,8.3,14.1,22.8,17.7,39.9,40.8,4.4,34.6
17129,IL,Menard,11954,9394,7.9,10.4,7.0,11.7,22.5,16.4,36.8,37.9,3.6,29.4
17131,IL,Mercer,15487,12237,8.6,10.3,7.6,12.4,22.4,16.9,37.6,38.6,3.9,32.0
17133,IL,Monroe,34957,27543,6.2,9.9,5.9,10.1,21.3,14.9,33.9,35.5,3.0,25.4
17135,IL,Montgomery,27663,22131,8.9,10.3,7.6,12.6,22.3,17.4,37.4,39.1,3.9,32.7
17137,IL,Morgan,32140,25898,8.8,10.5,7.6,12.6,22.5,17.4,38.0,39.9,3.9,32.3
17139,IL,Moultrie,14342,10780,8.6,10.7,7.1,11.6,23.7,17.9,36.1,38.4,3.7,31.8
17141,IL,Ogle,51265,39938,7.8,10.1,7.1,12.2,21.8,16.4,36.9,40.9,3.6,30.3
17143,IL,Peoria,177513,135266,7.5,10.6,6.7,12.6,22.1,16.9,36.9,34.8,3.7,30.2
17145,IL,Perry,20503,16597,9.5,10.5,7.9,13.2,22.3,18.2,38.5,40.7,4.2,34.3
17147,IL,Piatt,16714,13082,6.9,10.0,6.6,10.9,21.7,15.5,35.4,35.1,3.3,27.6
17149,IL,Pike,14342,11015,9.7,10.6,8.2,13.3,23.2,17.7,39.4,40.6,4.2,33.9
17151,IL,Pope,3707,3288,9.9,10.3,9.4,14.9,21.3,15.7,43.0,39.6,4.7,34.1
17153,IL,Pulaski,4911,3909,11.6,11.6,9.5,18.4,21.9,18.9,45.3,45.6,5.7,39.3
17155,IL,Putnam,5561,4497,7.8,9.9,7.6,12.1,21.1,15.5,37.4,36.1,3.7,29.9
17157,IL,Randolph,29815,23890,8.9,10.4,7.7,12.9,21.9,17.5,39.1,38.8,4.0,33.2
17159,IL,Richland,15488,12015,8.9,10.5,7.7,12.5,23.0,17.4,37.5,39.4,4.0,32.6
17161,IL,Rock Island,141236,109684,8.1,10.5,7.3,13.1,20.4,16.9,36.1,39.6,3.9,31.3
17163,IL,St. Clair,251018,194116,7.2,11.1,6.5,13.1,20.9,16.9,39.0,38.8,3.8,29.9
17165,IL,Saline,22873,18163,9.7,10.9,8.2,13.5,23.3,17.9,39.2,40.3,4.3,33.7
17167,IL,Sangamon,193491,151879,7.3,10.5,6.6,11.9,21.1,16.3,37.0,39.6,3.5,29.2
17169,IL,Schuyler,6733,5549,9.8,10.3,8.7,14.4,21.9,17.0,41.4,40.4,4.5,34.2
17171,IL,Scott,4710,3763,8.6,10.4,7.5,12.3,22.7,16.8,37.4,38.4,3.8,31.5
17173,IL,Shelby,20568,16229,9.0,10.4,8.1,13.0,22.4,16.7,38.9,37.6,4.1,32.6
17175,IL,Stark,5218,4084,8.8,10.3,7.9,12.7,22.3,16.8,38.5,38.2,4.0,32.3
17177,IL,Stephenson,43105,34127,9.1,10.6,8.3,13.9,22.4,16.9,40.1,40.6,4.3,33.4
17179,IL,Tazewell,129541,101480,7.3,10.3,6.6,11.2,23.0,16.3,35.3,36.3,3.4,29.2
17181,IL,Union,16667,13274,10.1,10.7,8.7,14.1,22.8,17.5,39.8,39.8,4.4,34.9
17183,IL,Vermilion,71652,54905,9.7,10.9,8.2,14.4,22.9,18.2,42.2,43.8,4.4,34.8
17185,IL,Wabash,10942,8679,9.4,10.6,8.2,13.3,22.9,17.5,38.4,39.8,4.2,33.3
17187,IL,Warren,16185,12565,8.2,10.4,7.3,12.3,22.4,17.3,36.1,37.0,3.7,32.3
17189,IL,Washington,13536,10805,7.8,10.2,7.2,11.7,22.2,16.3,36.5,36.8,3.6,29.5
17191,IL,Wayne,15761,12269,10.0,10.7,8.5,13.6,23.3,17.8,39.7,39.9,4.3,34.4
17193,IL,White,13401,10554,11.0,10.9,9.2,14.5,23.5,18.1,40.9,39.2,4.7,36.2
17195,IL,Whiteside,54498,42573,8.3,10.2,7.6,13.0,21.5,16.6,37.1,36.2,3.8,31.7
17197,IL,Will,700728,537627,5.6,9.7,5.3,10.7,18.9,15.7,32.0,38.0,2.9,25.4
17199,IL,Williamson,66706,52683,8.2,10.5,7.2,12.4,22.9,16.9,37.2,40.1,3.7,31.4
17201,IL,Winnebago,280922,215494,8.3,10.6,7.3,13.9,22.5,17.6,38.2,42.0,4.0,33.3
17203,IL,Woodford,38285,29234,6.8,10.1,6.4,10.6,22.0,15.8,34.7,37.3,3.2,27.6
18001,IN,Adams,36288,24924,10.4,11.7,8.1,14.1,27.0,19.2,39.2,41.7,4.1,36.4
18003,IN,Allen,394545,294905,7.6,11.2,6.4,12.9,26.1,17.4,36.7,39.4,3.4,30.3
18005,IN,Bartholomew,84003,63788,7.6,10.6,6.6,12.4,24.9,17.2,37.1,38.9,3.3,29.4
18007,IN,Benton,8729,6634,10.0,11.5,8.0,14.2,26.5,18.7,39.8,42.4,4.0,35.6
18009,IN,Blackford,11893,9240,12.1,11.7,9.6,16.4,26.5,18.9,43.9,44.3,4.8,37.9
18011,IN,Boone,76120,56880,5.9,10.4,5.4,10.5,21.5,15.0,33.4,32.9,2.6,24.9
18013,IN,Brown,15653,13065,9.5,10.9,8.5,14.7,24.1,15.8,43.0,36.1,4.1,32.0
18015,IN,Carroll,20525,16103,9.5,11.1,8.0,13.9,25.0,17.7,40.6,41.6,3.9,33.4
18017,IN,Cass,37666,28939,10.0,11.1,8.1,15.3,24.8,18.0,41.0,47.4,4.1,35.4
18019,IN,Clark,125467,98156,8.1,11.3,6.7,12.5,25.9,17.3,39.8,43.9,3.4,32.9
18021,IN,Clay,26460,20399,9.6,11.4,7.8,14.2,26.5,18.0,41.5,43.3,3.8,33.7
18023,IN,Clinton,32730,24122,8.9,11.0,7.2,13.4,24.6,17.9,38.2,40.2,3.6,33.0
18025,IN,Crawford,10438,8319,13.8,11.9,10.4,17.8,27.1,19.5,45.6,43.6,5.2,40.0
18027,IN,Daviess,33656,23700,10.2,11.7,7.8,13.8,27.2,19.6,38.8,41.4,3.9,35.7
18029,IN,Dearborn,51215,40242,8.3,10.9,7.2,12.4,25.1,16.8,38.4,35.8,3.5,30.1
18031,IN,Decatur,26399,20278,8.5,11.1,7.1,12.4,26.0,17.9,37.9,37.6,3.5,32.2
18033,IN,DeKalb,44198,33580,8.6,11.2,7.1,12.8,26.5,18.1,38.2,43.7,3.5,30.7
18035,IN,Delaware,112321,91956,9.1,12.0,7.2,13.5,29.3,20.2,36.2,36.6,3.7,34.5
18037,IN,Dubois,43546,33017,8.5,10.9,7.4,13.2,23.4,16.6,38.0,40.0,3.6,31.1
18039,IN,Elkhart,206409,150600,8.8,11.3,7.1,13.6,25.2,18.9,38.3,43.8,3.7,35.1
18041,IN,Fayette,23362,18243,11.4,11.8,8.9,15.4,27.1,19.1,42.6,44.9,4.4,36.5
18043,IN,Floyd,80809,62972,7.8,11.3,6.7,12.5,25.2,17.6,38.8,37.6,3.3,31.2
18045,IN,Fountain,16731,13018,10.0,11.5,8.2,14.1,26.0,18.2,40.7,42.6,4.0,35.4
18047,IN,Franklin,23096,17964,9.1,11.2,7.6,13.7,25.3,17.3,40.4,40.8,3.7,32.1
18049,IN,Fulton,20358,15626,10.2,11.4,8.5,14.6,25.5,18.0,41.2,41.7,4.2,35.8
18051,IN,Gibson,32904,25197,9.0,11.2,7.5,13.0,26.5,18.1,38.4,39.4,3.7,33.4
18053,IN,Grant,66200,51942,10.1,11.7,8.1,15.2,27.7,19.1,41.0,41.1,4.1,35.3
18055,IN,Greene,31196,24492,10.5,11.5,8.5,14.7,26.3,18.5,41.5,40.7,4.2,35.3
18057,IN,Hamilton,371645,278885,4.7,10.2,4.9,9.6,22.5,13.7,32.0,32.5,2.3,22.5
18059,IN,Hancock,86166,66246,6.7,11.0,6.1,11.3,24.4,16.2,37.4,39.9,3.0,28.2
18061,IN,Harrison,40006,31213,8.7,11.2,7.3,12.8,24.8,17.4,39.2,42.7,3.6,32.1
18063,IN,Hendricks,186387,140883,6.1,10.7,5.6,11.1,21.3,15.4,35.2,36.4,2.8,25.9
18065,IN,Henry,48929,39114,9.6,11.4,7.9,13.5,26.8,18.4,40.8,43.7,3.9,34.4
18067,IN,Howard,83831,64586,9.4,11.6,7.7,14.4,25.3,17.8,40.1,36.5,4.0,32.8
18069,IN,Huntington,36781,28842,8.8,11.2,7.3,13.3,25.8,17.9,40.7,39.9,3.6,32.5
18071,IN,Jackson,46460,34546,8.8,10.8,7.3,13.6,25.5,17.5,37.8,39.6,3.6,32.2
18073,IN,Jasper,33535,25921,8.4,10.9,7.2,12.7,24.8,17.3,38.6,40.2,3.5,31.4
18075,IN,Jay,20032,14886,11.0,11.6,8.6,15.0,26.5,19.2,42.0,43.6,4.3,36.8
18077,IN,Jefferson,33056,26481,9.2,11.5,7.5,13.5,26.4,18.2,39.2,36.6,3.7,32.8
18079,IN,Jennings,27622,21266,9.9,11.5,7.8,14.3,27.0,19.0,40.7,41.2,3.9,35.3
18081,IN,Johnson,167819,127387,6.9,10.9,6.0,11.9,25.3,16.7,37.8,38.8,2.9,29.1
18083,IN,Knox,36070,28282,9.3,11.3,7.6,13.2,25.7,18.6,38.6,36.8,3.8,33.9
18085,IN,Kosciusko,80364,61628,8.5,11.0,7.2,13.0,25.2,17.4,39.8,38.7,3.5,31.3
18087,IN,LaGrange,40907,28068,9.8,11.9,7.2,12.4,27.2,19.9,36.1,39.6,3.6,36.4
18089,IN,Lake,500598,385370,8.4,11.5,7.1,15.1,20.3,17.0,39.0,39.9,4.0,31.4
18091,IN,LaPorte,111706,88166,9.2,11.0,7.7,15.0,24.5,17.7,41.7,37.0,3.9,35.7
18093,IN,Lawrence,45084,35554,9.5,11.4,7.9,13.9,24.8,17.5,40.1,42.0,3.9,32.8
18095,IN,Madison,132504,104288,9.2,11.5,7.5,14.0,26.8,18.3,40.6,36.4,3.8,32.7
18097,IN,Marion,968460,727834,7.3,11.8,5.9,13.0,25.5,17.9,38.2,38.3,3.5,30.1
18099,IN,Marshall,46352,35175,9.4,11.1,7.9,14.0,25.8,18.0,40.1,43.2,3.9,33.4
18101,IN,Martin,9897,7723,10.3,11.5,8.6,14.6,25.7,18.2,41.5,39.1,4.2,34.6
18103,IN,Miami,35402,28092,9.9,11.2,8.1,14.6,26.1,18.6,40.1,44.3,4.0,36.5
18105,IN,Monroe,139342,117382,6.4,11.0,5.4,9.9,27.1,18.9,29.7,32.5,2.7,28.4
18107,IN,Montgomery,38573,29757,9.6,11.1,7.8,13.5,26.0,17.8,39.7,39.2,3.9,33.6
18109,IN,Morgan,73227,57218,8.7,11.1,7.2,13.4,25.4,17.4,38.9,37.8,3.5,30.5
18111,IN,Newton,13960,11012,10.0,11.2,8.3,14.4,24.8,17.8,40.7,43.5,4.1,35.6
18113,IN,Noble,47430,36001,8.9,11.2,7.2,13.2,24.5,17.9,37.3,39.6,3.6,32.9
18115,IN,Ohio,6004,4809,9.6,11.1,8.4,14.3,25.0,16.7,41.7,39.5,4.1,33.2
18117,IN,Orange,19638,15128,10.5,11.5,8.5,14.7,26.9,18.6,41.8,39.7,4.2,36.6
18119,IN,Owen,21532,17270,10.3,11.5,8.4,14.5,26.5,18.0,41.3,41.7,4.1,35.2
18121,IN,Parke,16484,12706,11.8,12.2,9.1,15.4,27.2,19.3,42.4,42.3,4.5,38.0
18123,IN,Perry,19209,15282,9.2,11.0,7.7,13.4,25.2,17.9,40.4,37.6,3.8,32.8
18125,IN,Pike,12106,9417,10.2,11.2,8.4,14.5,25.4,17.8,40.9,37.9,4.1,34.5
18127,IN,Porter,175335,138304,7.4,10.9,6.6,12.5,23.6,16.6,38.5,39.9,3.2,29.2
18129,IN,Posey,25040,19685,8.5,10.9,7.4,12.9,24.8,16.5,39.7,40.4,3.6,30.5
18131,IN,Pulaski,12385,9679,10.2,11.2,8.6,14.5,25.5,17.9,41.7,38.7,4.2,35.4
18133,IN,Putnam,37567,30179,8.3,11.3,6.9,12.4,25.9,18.1,36.5,38.4,3.4,31.8
18135,IN,Randolph,24216,18722,10.3,11.3,8.5,14.4,25.8,18.2,41.0,38.7,4.2,35.3
18137,IN,Ripley,29227,22263,8.7,11.2,7.3,12.5,24.9,17.6,38.2,36.2,3.6,31.4
18139,IN,Rush,16847,13067,10.1,11.6,8.2,14.3,26.6,18.4,40.1,39.1,4.0,34.4
18141,IN,St. Joseph,272848,209729,7.8,11.1,6.5,12.9,27.2,18.6,37.2,35.3,3.4,32.7
18143,IN,Scott,24657,19068,10.4,11.7,7.8,14.1,27.3,19.5,40.6,42.3,3.9,34.7
18145,IN,Shelby,45231,35206,9.2,11.2,7.6,13.9,26.9,18.0,40.3,41.2,3.7,33.2
18147,IN,Spencer,19910,15626,8.6,10.9,7.6,13.4,25.8,16.9,40.9,39.9,3.6,31.8
18149,IN,Starke,23206,18050,10.9,11.4,8.6,15.0,26.4,18.6,41.2,42.4,4.3,36.6
18151,IN,Steuben,34917,28111,8.8,11.1,7.8,13.5,25.4,17.0,39.2,34.8,3.7,31.1
18153,IN,Sullivan,20757,16872,10.3,11.3,8.1,14.1,25.3,18.5,41.1,43.6,4.0,35.0
18155,IN,Switzerland,10019,7652,10.9,11.5,8.7,14.9,26.8,18.6,42.8,40.4,4.3,36.6
18157,IN,Tippecanoe,188792,150623,6.4,10.7,5.3,10.0,24.3,18.4,29.4,27.9,2.7,28.0
18159,IN,Tipton,15256,12151,8.9,11.0,7.8,13.5,25.0,16.6,39.7,36.5,3.8,32.4
18161,IN,Union,6973,5517,8.6,11.2,7.5,13.0,25.4,17.0,39.2,37.6,3.6,31.9
18163,IN,Vanderburgh,179810,140992,8.6,11.5,7.3,12.8,27.1,18.3,38.4,38.2,3.7,31.9
18165,IN,Vermillion,15417,12095,10.1,11.5,8.2,14.3,26.3,18.4,40.9,40.6,4.0,35.0
18167,IN,Vigo,106153,84369,9.5,11.6,7.4,13.7,26.5,19.6,37.5,41.0,3.8,34.0
18169,IN,Wabash,30670,24213,9.7,11.3,8.1,13.8,24.6,17.5,40.0,38.1,4.0,33.9
18171,IN,Warren,8518,6645,9.6,11.2,8.2,14.1,25.6,17.5,40.5,41.6,4.0,33.7
18173,IN,Warrick,65867,50898,6.8,10.7,6.3,11.6,24.8,16.0,35.3,34.0,3.1,27.3
18175,IN,Washington,28205,21906,10.6,11.7,8.3,14.7,27.4,18.7,42.3,41.5,4.1,35.9
18177,IN,Wayne,66127,51199,10.3,11.8,8.3,14.7,27.1,19.3,40.9,37.9,4.2,36.8
18179,IN,Wells,28555,21512,8.5,11.0,7.2,12.7,25.7,17.4,39.2,41.9,3.5,32.2
18181,IN,White,24917,19028,9.5,11.0,8.1,14.6,25.3,17.1,40.3,44.6,4.0,33.3
18183,IN,Whitley,34742,26865,8.5,11.0,7.3,12.6,24.6,17.1,38.1,39.7,3.5,30.0
19001,IA,Adair,7389,5700,8.7,10.0,8.3,13.1,20.2,16.2,39.6,39.9,4.1,31.7
19003,IA,Adams,3544,2778,8.4,9.9,8.4,13.2,20.1,15.4,39.8,39.1,4.1,31.1
19005,IA,Allamakee,14074,10623,8.6,9.8,8.5,13.1,20.1,16.0,39.6,42.3,4.1,30.1
19007,IA,Appanoose,12119,9467,10.8,10.7,9.6,15.4,21.8,17.2,43.3,43.4,4.8,35.9
19009,IA,Audubon,5534,4333,9.0,10.0,8.8,13.6,19.8,15.8,40.2,37.6,4.3,32.4
19011,IA,Benton,25796,19933,7.1,9.8,7.0,11.1,20.0,15.6,36.2,40.8,3.4,27.6
19013,IA,Black Hawk,130471,101949,7.0,10.4,6.5,11.6,21.3,16.8,33.9,40.4,3.3,29.2
19015,IA,Boone,26590,21104,6.8,9.8,6.6,11.2,20.2,15.6,36.4,43.4,3.3,26.6
19017,IA,Bremer,25307,19617,6.3,9.6,6.4,9.9,19.5,15.4,33.4,37.6,3.1,25.5
19019,IA,Buchanan,20691,15459,7.0,10.0,6.7,11.1,20.2,15.9,35.6,37.6,3.3,27.6
19021,IA,Buena Vista,20567,15115,7.2,9.4,7.1,13.0,18.0,16.3,34.3,38.1,3.6,30.1
19023,IA,Butler,14172,11057,8.3,9.9,8.0,12.6,20.3,15.9,38.8,39.3,4.0,29.3
19025,IA,Calhoun,9763,7637,8.0,9.8,7.8,12.3,19.7,15.8,37.1,39.8,3.8,30.0
19027,IA,Carroll,20522,15519,7.7,9.8,7.5,12.0,19.8,15.8,37.2,39.7,3.7,28.9
19029,IA,Cass,13130,10126,9.2,10.2,8.7,13.9,21.1,16.4,39.8,40.7,4.3,33.6
19031,IA,Cedar,18302,14479,7.4,10.0,7.2,11.9,20.7,15.9,36.6,40.8,3.6,28.9
19033,IA,Cerro Gordo,42406,33545,8.0,10.0,7.9,12.5,21.3,15.9,37.6,40.1,3.9,30.7
19035,IA,Cherokee,11605,8953,9.0,10.0,8.7,13.7,20.2,15.9,40.3,40.6,4.3,31.5
19037,IA,Chickasaw,11658,8978,8.0,9.7,7.9,12.6,19.0,15.6,38.6,39.4,3.9,29.9
19039,IA,Clarke,9588,7120,9.4,10.2,8.4,14.2,20.6,17.4,38.2,43.1,4.3,34.0
19041,IA,Clay,16511,12791,7.8,9.9,7.6,12.3,19.9,15.7,37.0,35.2,3.8,29.4
19043,IA,Clayton,16969,13315,9.7,10.0,9.1,13.9,19.5,16.1,41.3,41.0,4.5,32.3
19045,IA,Clinton,46158,35649,8.5,10.2,7.8,12.7,20.4,16.6,38.4,39.3,3.9,30.4
19047,IA,Crawford,16013,12050,8.4,9.6,8.0,14.3,18.9,16.5,37.7,42.6,4.0,32.5
19049,IA,Dallas,111092,81838,4.5,9.2,4.6,8.8,19.2,14.4,29.4,32.8,2.3,22.5
19051,IA,Davis,9169,6446,8.5,10.3,7.6,12.0,21.5,17.3,37.0,37.5,3.8,32.0
19053,IA,Decatur,7665,5875,8.5,10.2,7.9,12.4,21.3,17.4,35.3,39.6,3.9,32.0
19055,IA,Delaware,17600,13528,8.3,9.9,7.9,12.5,19.7,16.1,37.7,39.7,3.9,30.5
19057,IA,Des Moines,38253,29795,7.9,10.0,7.5,12.3,21.1,16.5,35.5,34.6,3.8,30.8
19059,IA,Dickinson,18056,14615,7.5,9.7,7.9,12.1,18.5,14.1,38.5,37.2,3.8,28.7
19061,IA,Dubuque,98887,76789,6.8,9.9,6.5,10.4,19.5,15.7,31.2,34.3,3.3,27.4
19063,IA,Emmet,9229,7456,8.4,9.9,8.0,12.7,19.7,16.3,38.4,42.5,4.0,31.2
19065,IA,Fayette,19210,15100,8.6,9.9,8.2,13.1,20.0,16.3,38.8,38.5,4.1,30.9
19067,IA,Floyd,15326,11807,8.3,10.0,8.0,12.9,20.4,16.3,37.9,39.8,4.0,31.0
19069,IA,Franklin,9875,7448,9.0,10.0,8.6,14.1,20.3,16.4,39.0,40.7,4.2,32.6
19071,IA,Fremont,6458,5059,8.1,10.0,8.0,12.7,20.1,15.5,38.6,39.9,3.9,29.8
19073,IA,Greene,8584,6667,8.6,10.1,8.3,13.1,20.4,16.1,38.6,35.8,4.1,31.3
19075,IA,Grundy,12384,9451,6.8,9.7,6.9,11.1,19.6,15.4,35.4,37.5,3.4,27.4
19077,IA,Guthrie,10722,8454,7.6,9.8,7.7,12.4,19.2,15.2,37.8,37.2,3.8,28.9
19079,IA,Hamilton,14729,11259,7.3,9.8,7.3,12.1,19.5,15.2,36.9,36.5,3.6,28.0
19081,IA,Hancock,10615,8332,8.1,9.8,7.9,12.6,20.2,15.6,38.0,42.2,3.9,30.5
19083,IA,Hardin,16463,13369,8.3,10.0,7.9,12.9,20.1,16.0,38.5,38.9,4.0,30.1
19085,IA,Harrison,14670,11251,7.8,9.9,7.4,12.5,20.2,16.0,37.0,35.2,3.7,29.4
19087,IA,Henry,19547,15436,7.8,9.7,7.5,12.5,20.1,16.3,37.3,38.8,3.7,29.9
19089,IA,Howard,9376,7026,8.3,10.0,7.7,12.4,20.4,16.4,37.2,38.0,3.8,30.5
19091,IA,Humboldt,9500,7247,8.7,10.1,8.3,13.2,20.1,16.4,38.8,41.4,4.1,31.7
19093,IA,Ida,6833,5151,8.2,10.0,7.9,12.4,20.1,16.0,37.4,41.0,3.9,30.4
19095,IA,Iowa,16381,12590,7.3,9.9,7.1,11.7,20.2,15.9,36.8,43.4,3.5,28.5
19097,IA,Jackson,19342,15066,8.4,10.1,7.9,12.7,20.6,16.2,38.5,40.3,3.9,30.1
19099,IA,Jasper,37919,29600,7.6,10.0,7.1,11.9,20.4,16.5,36.8,38.3,3.6,30.1
19101,IA,Jefferson,15440,12891,8.1,9.6,8.3,13.2,19.0,14.7,39.1,39.6,4.0,29.0
19103,IA,Johnson,157528,127373,5.0,9.8,4.8,8.8,21.0,16.5,28.1,30.4,2.5,23.7
19105,IA,Jones,20900,16705,7.7,9.8,7.4,11.9,19.8,16.0,36.4,39.7,3.7,29.2
19107,IA,Keokuk,9914,7694,8.9,10.2,8.2,13.4,21.1,16.9,39.6,41.4,4.1,32.0
19109,IA,Kossuth,14396,11208,8.2,9.8,8.4,13.1,19.8,15.6,38.0,38.2,4.1,30.9
19111,IA,Lee,32565,25623,8.6,10.2,8.0,12.9,20.2,16.5,37.7,37.6,4.0,31.3
19113,IA,Linn,228972,177999,6.5,10.3,6.2,11.2,23.1,16.3,31.3,35.4,3.1,27.7
19115,IA,Louisa,10513,8288,7.7,9.8,7.4,12.8,19.6,15.8,36.3,40.2,3.7,30.4
19117,IA,Lucas,8747,6665,9.6,10.3,8.7,13.9,21.1,16.9,39.7,39.8,4.3,32.8
19119,IA,Lyon,12324,8896,7.3,10.3,7.2,11.8,21.0,17.0,37.3,42.2,3.5,31.1
19121,IA,Madison,16971,12791,6.4,9.8,6.2,10.5,20.3,15.8,33.5,37.2,3.1,26.1
19123,IA,Mahaska,21874,16738,7.8,10.1,7.2,11.7,21.1,16.9,36.0,38.6,3.6,30.0
19125,IA,Marion,33770,25965,6.4,9.6,6.5,10.5,21.0,15.7,34.5,39.4,3.2,28.4
19127,IA,Marshall,40014,29881,7.2,9.5,7.1,12.7,19.4,15.8,34.7,44.1,3.6,30.5
19129,IA,Mills,14633,11325,6.7,9.8,6.7,11.3,19.7,15.2,35.9,39.2,3.3,26.5
19131,IA,Mitchell,10518,8004,7.9,9.9,7.8,12.2,19.4,15.7,37.8,40.1,3.8,29.5
19133,IA,Monona,8493,6595,8.8,10.1,8.3,13.1,20.6,16.5,39.5,42.2,4.1,32.1
19135,IA,Monroe,7504,5790,7.5,10.0,7.2,11.7,20.5,16.1,36.7,38.2,3.6,28.8
19137,IA,Montgomery,10139,7873,8.6,10.2,8.1,12.9,20.5,16.5,38.7,39.5,4.1,31.0
19139,IA,Muscatine,42218,32274,7.4,9.8,7.0,12.3,19.4,16.8,35.4,41.4,3.5,30.0
19141,IA,O'Brien,14012,10569,8.4,10.1,7.9,12.4,21.0,16.7,36.9,38.8,3.9,32.0
19143,IA,Osceola,5978,4643,9.3,10.0,8.8,14.0,20.1,16.2,39.4,39.5,4.4,33.9
19145,IA,Page,15014,12305,9.1,10.0,8.5,13.6,20.1,16.4,40.8,42.9,4.3,32.7
19147,IA,Palo Alto,8810,6779,7.8,9.9,7.7,12.1,20.0,15.8,37.3,40.0,3.8,29.4
19149,IA,Plymouth,25722,19365,6.8,9.7,6.8,11.2,18.9,15.5,35.0,39.4,3.3,27.0
19151,IA,Pocahontas,6976,5362,8.6,10.0,8.4,13.3,19.6,15.8,38.7,36.2,4.2,31.5
19153,IA,Polk,505255,383731,5.8,9.8,5.5,10.1,21.6,17.2,31.2,37.0,2.8,26.2
19155,IA,Pottawattamie,93179,72047,7.8,10.4,7.0,11.7,21.9,17.0,35.3,39.1,3.6,31.3
19157,IA,Poweshiek,18453,14872,7.5,9.9,7.2,11.4,21.6,16.5,35.2,40.5,3.6,29.9
19159,IA,Ringgold,4642,3577,7.7,9.9,7.7,12.2,20.5,15.4,37.9,42.7,3.8,29.7
19161,IA,Sac,9686,7495,8.1,9.9,8.1,12.5,19.8,15.6,37.9,41.3,3.9,30.5
19163,IA,Scott,174270,134300,6.7,10.5,6.3,11.0,20.5,16.2,32.8,40.6,3.3,25.9
19165,IA,Shelby,11806,9133,7.9,10.0,7.9,12.5,19.9,15.5,37.4,37.8,3.9,31.0
19167,IA,Sioux,36246,26374,6.0,9.6,5.9,9.8,20.3,15.9,32.5,33.0,2.9,26.0
19169,IA,Story,98566,82292,4.8,9.7,4.7,8.1,21.5,17.1,26.4,30.8,2.3,25.2
19171,IA,Tama,16833,12823,8.8,10.2,8.2,13.6,20.2,16.6,37.7,40.2,4.1,33.2
19173,IA,Taylor,5924,4508,8.3,9.8,8.0,12.9,20.6,16.0,39.1,39.7,4.0,31.8
19175,IA,Union,11906,9293,7.9,10.1,7.4,12.1,20.6,16.6,37.2,37.2,3.7,30.2
19177,IA,Van Buren,7266,5528,9.8,10.5,8.8,13.9,21.2,16.9,40.2,39.5,4.4,33.8
19179,IA,Wapello,35166,26771,8.6,10.3,7.6,13.5,20.4,17.2,35.8,41.7,3.9,32.9
19181,IA,Warren,55205,41762,5.7,9.7,5.6,9.7,20.5,15.4,32.3,38.7,2.8,24.9
19183,IA,Washington,22560,16984,7.6,9.8,7.3,12.0,20.7,15.9,37.3,38.6,3.6,29.3
19185,IA,Wayne,6557,4850,9.1,10.2,8.6,13.1,20.7,16.7,38.8,40.6,4.3,32.3
19187,IA,Webster,36485,28671,7.7,10.1,7.1,11.8,20.5,16.9,36.9,41.2,3.6,29.3
19189,IA,Winnebago,10571,8271,7.4,9.9,7.2,11.6,20.3,15.8,36.4,38.4,3.6,28.5
19191,IA,Winneshiek,19815,16136,6.6,9.6,7.0,10.7,19.2,15.2,34.1,34.7,3.4,26.2
19193,IA,Woodbury,105951,78835,7.3,9.8,6.6,12.1,20.0,17.5,34.5,39.1,3.4,29.4
19195,IA,Worth,7297,5744,7.8,9.8,7.7,12.4,20.0,15.6,38.1,40.5,3.8,29.3
19197,IA,Wright,12656,9332,8.7,9.9,8.6,13.9,19.5,15.6,38.4,40.7,4.2,32.4
20001,KS,Allen,12412,9628,8.5,10.3,7.8,12.5,22.6,17.1,36.5,37.4,3.9,34.4
20003,KS,Anderson,7838,5838,9.3,10.3,8.4,13.1,21.5,17.1,39.2,40.1,4.2,35.7
20005,KS,Atchison,16016,12523,7.6,10.4,6.9,11.2,21.7,17.8,34.8,37.0,3.4,33.4
20007,KS,Barber,4071,3137,9.4,10.1,8.9,13.8,20.6,15.8,40.9,38.6,4.3,35.1
20009,KS,Barton,24899,18848,9.0,10.1,8.2,13.4,20.4,16.2,38.3,38.8,4.0,36.0
20011,KS,Bourbon,14408,10633,8.9,10.4,7.9,12.7,21.7,17.1,38.2,36.7,4.0,34.8
20013,KS,Brown,9250,6932,9.0,10.5,8.4,13.5,21.0,16.7,40.4,39.6,4.2,34.6
20015,KS,Butler,68632,51856,6.6,10.2,6.2,10.7,21.2,16.6,34.5,39.0,3.1,30.4
20017,KS,Chase,2579,2057,9.3,10.0,8.9,13.9,20.3,15.9,40.0,38.2,4.3,35.8
20019,KS,Chautauqua,3347,2613,10.9,10.6,10.1,15.2,21.1,17.1,42.6,40.4,5.0,39.3
20021,KS,Cherokee,19054,14716,9.7,10.8,8.5,13.4,22.5,17.6,38.8,43.8,4.3,37.8
20023,KS,Cheyenne,2636,2027,10.3,10.1,9.8,14.8,20.9,16.2,41.5,38.0,4.7,37.4
20025,KS,Clark,1847,1425,7.6,9.9,7.7,12.1,19.8,15.2,37.8,36.8,3.7,31.9
20027,KS,Clay,8007,6150,8.8,10.1,8.4,12.8,21.5,15.9,39.9,39.6,4.1,34.9
20029,KS,Cloud,8854,6762,8.4,10.2,7.7,12.3,21.9,16.9,38.6,41.4,3.8,34.4
20031,KS,Coffey,8251,6507,8.5,10.2,8.1,12.7,20.8,16.1,38.5,36.9,3.9,33.9
20033,KS,Comanche,1655,1267,8.7,10.1,8.6,13.3,20.8,15.7,40.2,39.2,4.2,34.6
20035,KS,Cowley,34157,26072,8.0,10.2,7.4,12.8,21.5,17.2,37.6,40.9,3.7,33.7
20037,KS,Crawford,38764,30098,7.9,10.5,6.9,11.2,22.6,18.3,35.1,36.8,3.5,34.6
20039,KS,Decatur,2712,2127,8.5,9.8,8.9,13.4,19.4,14.4,40.2,36.6,4.2,33.4
20041,KS,Dickinson,18445,14195,7.8,10.1,7.5,11.9,20.7,16.1,37.1,39.5,3.7,33.5
20043,KS,Doniphan,7493,5905,7.5,10.2,7.1,11.5,21.3,16.6,35.9,37.5,3.5,31.7
20045,KS,Douglas,120553,99565,5.3,10.1,4.8,8.4,24.5,17.1,26.6,30.5,2.5,27.9
20047,KS,Edwards,2733,2119,8.8,10.0,8.6,14.3,19.8,15.9,39.9,39.9,4.2,36.0
20049,KS,Elk,2467,1897,11.1,10.4,10.3,15.8,21.1,16.3,43.7,40.5,5.0,39.2
20051,KS,Ellis,28810,23071,6.6,9.9,6.1,9.8,20.7,17.2,31.7,36.5,3.0,28.6
20053,KS,Ellsworth,6357,5224,7.4,9.4,7.5,11.7,18.5,15.1,37.9,39.1,3.7,32.8
20055,KS,Finney,37466,26325,6.5,9.7,6.2,13.1,18.2,17.0,32.9,37.3,3.2,34.0
20057,KS,Ford,33980,23779,6.6,9.3,6.4,13.1,17.9,16.6,33.2,39.1,3.3,35.0
20059,KS,Franklin,26125,20176,7.7,10.4,7.0,11.5,21.3,16.8,36.2,40.3,3.5,32.7
20061,KS,Geary,35047,23726,5.9,10.3,4.9,9.3,21.8,19.6,29.5,34.5,2.7,32.8
20063,KS,Gove,2735,2038,8.1,9.9,8.0,12.3,19.7,15.5,38.0,37.4,3.9,32.6
20065,KS,Graham,2376,1886,9.4,10.1,9.5,14.3,19.6,15.1,42.4,36.7,4.6,35.7
20067,KS,Grant,7147,4979,5.5,9.0,5.9,11.8,17.3,14.6,31.5,35.4,2.9,30.5
20069,KS,Gray,5743,4076,7.6,10.2,7.0,11.2,21.0,16.9,33.7,39.5,3.4,33.5
20071,KS,Greeley,1181,861,6.9,9.6,7.1,11.7,19.5,14.6,35.7,36.8,3.4,30.5
20073,KS,Greenwood,5870,4610,9.9,10.3,9.4,14.4,21.0,16.2,42.0,40.7,4.5,35.8
20075,KS,Hamilton,2437,1730,6.5,9.3,6.4,11.8,18.6,15.5,33.7,40.2,3.2,32.1
20077,KS,Harper,5435,4018,10.6,10.4,9.3,14.8,21.7,17.0,40.6,41.9,4.7,38.2
20079,KS,Harvey,33504,25695,7.2,10.0,7.2,12.2,20.3,15.6,35.0,36.5,3.5,31.2
20081,KS,Haskell,3630,2660,7.9,9.9,7.4,13.2,20.0,16.8,34.9,41.8,3.7,35.1
20083,KS,Hodgeman,1655,1265,6.9,9.5,7.2,11.5,19.0,14.6,36.8,36.5,3.5,29.4
20085,KS,Jackson,13368,10012,7.9,10.3,7.6,12.3,20.8,16.3,36.5,37.8,3.7,32.8
20087,KS,Jefferson,18327,14419,7.3,9.9,7.1,11.3,20.7,15.4,35.6,34.7,3.4,31.5
20089,KS,Jewell,2847,2244,11.0,10.1,10.8,15.8,20.5,15.5,44.5,39.1,5.1,38.3
20091,KS,Johnson,622237,477859,4.6,9.3,5.0,9.4,18.4,13.2,32.0,31.2,2.5,24.4
20093,KS,Kearny,3823,2692,7.3,9.7,7.1,12.9,19.0,16.4,34.4,37.6,3.6,34.2
20095,KS,Kingman,7066,5406,8.2,10.2,7.4,12.0,21.3,16.5,37.3,39.8,3.7,32.9
20097,KS,Kiowa,2374,1802,7.7,9.9,7.7,11.8,20.6,15.6,37.2,39.0,3.7,31.7
20099,KS,Labette,19728,14965,9.4,10.7,8.4,13.4,20.9,17.1,40.4,41.3,4.3,35.5
20101,KS,Lane,1529,1159,8.3,10.1,8.3,13.1,20.4,15.4,39.1,36.6,4.0,33.3
20103,KS,Leavenworth,83518,63836,6.0,10.0,6.0,10.8,20.9,15.7,32.9,39.8,3.0,29.0
20105,KS,Lincoln,2920,2286,9.6,10.1,9.4,14.2,20.6,15.8,42.0,40.2,4.5,35.9
20107,KS,Linn,9860,7693,8.4,10.2,8.0,12.5,20.2,16.0,37.4,37.2,3.9,32.5
20109,KS,Logan,2665,1984,8.4,10.1,7.9,12.5,21.2,16.2,37.2,39.8,3.9,33.5
20111,KS,Lyon,32172,24980,7.2,10.0,6.6,11.5,21.5,17.6,34.0,37.8,3.3,33.0
20113,KS,McPherson,30091,23489,6.8,9.9,6.7,10.5,21.1,15.8,35.0,37.0,3.3,30.7
20115,KS,Marion,11690,9217,8.2,10.0,8.0,12.2,20.8,15.8,37.7,38.7,3.9,32.3
20117,KS,Marshall,9933,7549,9.1,10.2,8.6,13.0,21.2,16.5,38.9,37.4,4.2,34.0
20119,KS,Meade,3911,2875,8.0,10.0,7.6,12.5,20.3,16.2,36.4,36.8,3.7,33.8
20121,KS,Miami,35320,27123,6.7,9.8,6.5,10.8,20.9,15.6,33.5,35.0,3.2,29.6
20123,KS,Mitchell,5719,4312,8.4,10.1,8.2,12.8,20.8,16.2,38.7,39.0,3.9,33.5
20125,KS,Montgomery,30568,23384,9.4,10.7,8.4,13.8,21.6,17.5,40.0,38.9,4.3,36.2
20127,KS,Morris,5334,4236,8.9,9.9,8.8,13.5,19.7,15.2,40.8,36.7,4.2,34.5
20129,KS,Morton,2580,1952,8.8,10.0,8.3,14.0,19.7,16.1,38.2,37.9,4.2,36.2
20131,KS,Nemaha,10114,7414,7.6,9.9,7.5,11.4,20.6,15.7,36.9,38.7,3.6,32.4
20133,KS,Neosho,15420,11698,8.9,10.3,8.1,13.1,20.7,17.0,38.3,39.5,4.0,34.1
20135,KS,Ness,2618,2030,8.7,9.8,8.5,13.2,19.9,15.2,39.1,35.2,4.1,33.5
20137,KS,Norton,5330,4310,8.6,9.8,8.0,12.7,20.5,16.5,37.8,42.7,3.9,34.0
20139,KS,Osage,15824,12172,8.4,10.1,7.8,12.5,21.1,16.3,39.0,41.8,3.8,34.5
20141,KS,Osborne,3427,2619,9.3,10.0,9.4,14.0,20.1,15.5,40.7,38.8,4.4,35.3
20143,KS,Ottawa,5818,4451,8.2,10.0,7.8,12.2,20.7,15.8,37.6,38.3,3.8,32.1
20145,KS,Pawnee,6126,5127,8.1,9.8,8.0,12.7,19.3,15.3,38.7,38.2,3.9,34.2
20147,KS,Phillips,4761,3695,9.3,10.1,8.9,13.6,20.6,15.8,39.8,40.5,4.3,34.7
20149,KS,Pottawatomie,26382,18835,6.1,9.7,5.9,9.7,19.9,15.7,33.2,35.8,2.9,27.8
20151,KS,Pratt,9082,6929,7.7,9.9,7.6,12.1,20.7,16.1,35.9,36.5,3.7,33.1
20153,KS,Rawlins,2463,1900,9.9,10.1,9.9,14.7,20.5,15.8,41.7,41.9,4.7,36.8
20155,KS,Reno,61497,48096,8.3,10.2,7.9,13.2,22.1,16.3,35.4,44.0,3.9,34.2
20157,KS,Republic,4627,3574,9.9,10.1,9.6,14.3,20.3,15.7,41.9,41.2,4.6,35.8
20159,KS,Rice,9260,7052,7.4,9.9,7.1,11.9,20.3,16.1,36.0,39.5,3.5,33.2
20161,KS,Riley,71402,59912,4.9,10.1,4.3,7.2,23.2,18.8,23.2,26.4,2.2,29.1
20163,KS,Rooks,4778,3726,8.2,10.0,7.8,12.3,21.3,15.4,38.1,40.6,3.8,32.6
20165,KS,Rush,2830,2263,9.4,10.1,9.1,13.9,20.7,15.6,41.2,38.7,4.4,35.3
20167,KS,Russell,6723,5253,9.8,10.5,9.2,13.9,20.7,16.5,41.3,41.5,4.5,36.8
20169,KS,Saline,53098,41187,7.6,9.9,7.3,12.1,20.7,16.4,35.5,41.1,3.6,31.5
20171,KS,Scott,4922,3638,6.9,9.5,7.1,11.4,19.1,15.0,35.0,38.1,3.4,30.5
20173,KS,Sedgwick,528469,398378,7.1,10.0,6.5,12.0,22.6,17.0,34.7,38.6,3.4,30.8
20175,KS,Seward,21067,14437,6.0,9.2,6.0,13.4,17.8,16.9,31.5,42.7,3.2,35.6
20177,KS,Shawnee,177746,137140,7.4,10.5,7.1,12.5,23.0,15.6,39.0,38.3,3.5,32.8
20179,KS,Sheridan,2423,1821,7.5,9.8,7.8,11.8,20.0,15.2,37.0,34.0,3.7,31.9
20181,KS,Sherman,5844,4429,7.8,9.9,7.7,12.3,20.2,16.2,37.4,38.2,3.7,33.7
20183,KS,Smith,3590,2863,8.7,9.8,9.0,13.3,19.2,14.6,40.8,39.0,4.3,34.1
20185,KS,Stafford,3909,2956,8.4,10.1,8.1,13.1,20.4,15.7,38.3,41.0,4.0,34.6
20187,KS,Stanton,1901,1393,8.3,9.7,8.1,14.7,19.1,16.0,36.6,39.5,4.1,37.4
20189,KS,Stevens,5077,3621,9.1,10.1,8.4,14.9,19.9,17.2,37.8,41.3,4.2,38.5
20191,KS,Sumner,22334,16986,8.3,10.1,7.7,12.4,21.3,16.4,37.5,39.9,3.8,32.0
20193,KS,Thomas,7865,5942,6.5,9.9,6.4,10.2,20.9,16.4,33.0,35.0,3.1,29.7
20195,KS,Trego,2731,2207,7.8,9.7,8.0,12.3,19.5,14.4,39.2,40.5,3.8,31.3
20197,KS,Wabaunsee,7057,5423,7.3,9.9,7.3,11.5,20.1,15.5,36.2,35.1,3.5,30.7
20199,KS,Wallace,1509,1087,9.0,10.0,8.9,13.7,20.4,15.6,39.9,36.6,4.3,35.3
20201,KS,Washington,5504,4139,8.0,9.7,7.9,11.9,19.6,15.2,37.3,34.0,3.8,31.9
20203,KS,Wichita,2082,1493,8.6,9.5,8.8,14.5,19.0,15.6,39.2,41.7,4.2,36.4
20205,KS,Wilson,8382,6388,9.6,10.4,8.8,13.8,21.3,16.6,40.3,39.8,4.3,36.0
20207,KS,Woodson,3115,2491,9.4,10.2,8.9,13.6,20.7,15.8,40.8,39.6,4.3,34.7
20209,KS,Wyandotte,165281,120644,7.4,10.1,6.7,14.5,17.7,17.2,37.0,40.7,3.8,32.5
21001,KY,Adair,19264,15466,,,,,,,,,,
21003,KY,Allen,21788,16791,,,,,,,,,,
21005,KY,Anderson,24613,18946,,,,,,,,,,
21007,KY,Ballard,7582,6077,,,,,,,,,,
21009,KY,Barren,45008,34401,,,,,,,,,,
21011,KY,Bath,12975,9671,,,,,,,,,,
21013,KY,Bell,23317,18156,,,,,,,,,,
21015,KY,Boone,140496,105062,,,,,,,,,,
21017,KY,Bourbon,20134,15577,,,,,,,,,,
21019,KY,Boyd,47826,37692,,,,,,,,,,
21021,KY,Boyle,30988,24639,,,,,,,,,,
21023,KY,Bracken,8426,6453,,,,,,,,,,
21025,KY,Breathitt,12953,10214,,,,,,,,,,
21027,KY,Breckinridge,21124,16388,,,,,,,,,,
21029,KY,Bullitt,84863,67051,,,,,,,,,,
21031,KY,Butler,12375,9514,,,,,,,,,,
21033,KY,Caldwell,12551,9631,,,,,,,,,,
21035,KY,Calloway,38280,31199,,,,,,,,,,
21037,KY,Campbell,93702,74636,,,,,,,,,,
21039,KY,Carlisle,4704,3595,,,,,,,,,,
21041,KY,Carroll,10987,8019,,,,,,,,,,
21043,KY,Carter,26366,20511,,,,,,,,,,
21045,KY,Casey,15918,12263,,,,,,,,,,
21047,KY,Christian,72032,51521,,,,,,,,,,
21049,KY,Clark,37304,28972,,,,,,,,,,
21051,KY,Clay,19648,15540,,,,,,,,,,
21053,KY,Clinton,9148,7178,,,,,,,,,,
21055,KY,Crittenden,8974,6977,,,,,,,,,,
21057,KY,Cumberland,6000,4649,,,,,,,,,,
21059,KY,Daviess,103458,78324,,,,,,,,,,
21061,KY,Edmonson,12448,10213,,,,,,,,,,
21063,KY,Elliott,7245,6028,,,,,,,,,,
21065,KY,Estill,13936,10995,,,,,,,,,,
21067,KY,Fayette,320154,253709,,,,,,,,,,
21069,KY,Fleming,15442,11720,,,,,,,,,,
21071,KY,Floyd,34423,26697,,,,,,,,,,
21073,KY,Franklin,51644,40886,,,,,,,,,,
21075,KY,Fulton,6338,4956,,,,,,,,,,
21077,KY,Gallatin,8792,6729,,,,,,,,,,
21079,KY,Garrard,17829,13879,,,,,,,,,,
21081,KY,Grant,25619,18868,,,,,,,,,,
21083,KY,Graves,36461,27625,,,,,,,,,,
21085,KY,Grayson,26825,20578,,,,,,,,,,
21087,KY,Green,11468,9075,,,,,,,,,,
21089,KY,Greenup,35221,27851,,,,,,,,,,
21091,KY,Hancock,8920,6844,,,,,,,,,,
21093,KY,Hardin,112273,84493,,,,,,,,,,
21095,KY,Harlan,25324,19294,,,,,,,,,,
21097,KY,Harrison,19415,14948,,,,,,,,,,
21099,KY,Hart,19724,14975,,,,,,,,,,
21101,KY,Henderson,44119,34202,,,,,,,,,,
21103,KY,Henry,15973,12243,,,,,,,,,,
21105,KY,Hickman,4447,3584,,,,,,,,,,
21107,KY,Hopkins,44929,34591,,,,,,,,,,
21109,KY,Jackson,13104,10049,,,,,,,,,,
21111,KY,Jefferson,772144,601290,,,,,,,,,,
21113,KY,Jessamine,55017,42098,,,,,,,,,,
21115,KY,Johnson,22116,17225,,,,,,,,,,
21117,KY,Kenton,171321,131901,,,,,,,,,,
21119,KY,Knott,13659,10946,,,,,,,,,,
21121,KY,Knox,29794,22837,,,,,,,,,,
21123,KY,Larue,15303,11846,,,,,,,,,,
21125,KY,Laurel,63296,49023,,,,,,,,,,
21127,KY,Lawrence,16000,12165,,,,,,,,,,
21129,KY,Lee,7293,6002,,,,,,,,,,
21131,KY,Leslie,9864,7761,,,,,,,,,,
21133,KY,Letcher,20423,16017,,,,,,,,,,
21135,KY,Lewis,12973,9997,,,,,,,,,,
21137,KY,Lincoln,24776,18696,,,,,,,,,,
21139,KY,Livingston,8892,7071,,,,,,,,,,
21141,KY,Logan,28283,21446,,,,,,,,,,
21143,KY,Lyon,9187,7902,,,,,,,,,,
21145,KY,McCracken,67428,52847,,,,,,,,,,
21147,KY,McCreary,17050,13365,,,,,,,,,,
21149,KY,McLean,9054,6955,,,,,,,,,,
21151,KY,Madison,96735,76250,,,,,,,,,,
21153,KY,Magoffin,11228,8684,,,,,,,,,,
21155,KY,Marion,19834,15144,,,,,,,,,,
21157,KY,Marshall,31744,25459,,,,,,,,,,
21159,KY,Martin,10928,8828,,,,,,,,,,
21161,KY,Mason,16841,12943,,,,,,,,,,
21163,KY,Meade,30131,23607,,,,,,,,,,
21165,KY,Menifee,6286,5112,,,,,,,,,,
21167,KY,Mercer,23097,18078,,,,,,,,,,
21169,KY,Metcalfe,10482,8042,,,,,,,,,,
21171,KY,Monroe,11306,8615,,,,,,,,,,
21173,KY,Montgomery,28527,21907,,,,,,,,,,
21175,KY,Morgan,14283,11670,,,,,,,,,,
21177,KY,Muhlenberg,30568,24126,,,,,,,,,,
21179,KY,Nelson,47730,36836,,,,,,,,,,
21181,KY,Nicholas,7686,5809,,,,,,,,,,
21183,KY,Ohio,23626,18062,,,,,,,,,,
21185,KY,Oldham,70183,53197,,,,,,,,,,
21187,KY,Owen,11313,8968,,,,,,,,,,
21189,KY,Owsley,4001,3084,,,,,,,,,,
21191,KY,Pendleton,14810,11396,,,,,,,,,,
21193,KY,Perry,27133,20782,,,,,,,,,,
21195,KY,Pike,55973,44589,,,,,,,,,,
21197,KY,Powell,12972,9884,,,,,,,,,,
21199,KY,Pulaski,66191,51804,,,,,,,,,,
21201,KY,Robertson,2313,1799,,,,,,,,,,
21203,KY,Rockcastle,16190,12780,,,,,,,,,,
21205,KY,Rowan,24409,19548,,,,,,,,,,
21207,KY,Russell,18279,14064,,,,,,,,,,
21209,KY,Scott,60168,45676,,,,,,,,,,
21211,KY,Shelby,49515,38642,,,,,,,,,,
21213,KY,Simpson,20195,15511,,,,,,,,,,
21215,KY,Spencer,20531,15906,,,,,,,,,,
21217,KY,Taylor,26443,20386,,,,,,,,,,
21219,KY,Todd,12494,9127,,,,,,,,,,
21221,KY,Trigg,14369,11280,,,,,,,,,,
21223,KY,Trimble,8607,6709,,,,,,,,,,
21225,KY,Union,13106,10559,,,,,,,,,,
21227,KY,Warren,142229,108754,,,,,,,,,,
21229,KY,Washington,12267,9420,,,,,,,,,,
21231,KY,Wayne,19580,15608,,,,,,,,,,
21233,KY,Webster,12726,9635,,,,,,,,,,
21235,KY,Whitley,36825,27163,,,,,,,,,,
21237,KY,Wolfe,6282,4858,,,,,,,,,,
21239,KY,Woodford,27268,21423,,,,,,,,,,
22001,LA,Acadia,56489,41929,11.2,10.8,8.7,16.5,30.6,21.6,44.6,41.8,4.9,43.3
22003,LA,Allen,22112,17025,9.7,10.1,8.0,15.3,27.4,20.7,44.0,44.2,4.5,41.5
22005,LA,Ascension,131632,97316,6.6,9.7,5.9,12.2,26.9,18.7,38.9,35.5,3.3,33.2
22007,LA,Assumption,20160,16073,10.5,10.6,8.9,16.7,27.1,19.8,45.3,38.4,5.1,42.9
22009,LA,Avoyelles,38408,29196,12.0,11.1,9.6,17.7,28.0,21.8,48.2,43.0,5.5,44.2
22011,LA,Beauregard,36827,27436,8.9,10.3,7.5,13.4,28.9,20.0,39.7,40.7,4.0,38.1
22013,LA,Bienville,12366,9519,13.4,11.2,11.1,22.1,26.9,20.9,52.5,47.5,6.8,48.2
22015,LA,Bossier,129795,97847,7.6,10.1,6.7,13.2,26.8,18.5,39.3,40.9,3.8,34.1
22017,LA,Caddo,226386,173794,9.4,10.8,8.4,17.2,26.6,19.4,47.1,42.2,5.1,41.0
22019,LA,Calcasieu,203761,153336,8.1,10.2,7.2,14.2,27.5,19.0,42.2,43.0,4.0,38.5
22021,LA,Caldwell,9389,7310,11.7,10.5,9.4,16.7,29.2,21.4,45.2,38.6,5.2,44.6
22023,LA,Cameron,4768,3710,8.8,9.8,8.0,13.3,28.1,18.7,41.3,36.4,4.0,37.5
22025,LA,Catahoula,8414,6589,11.6,10.6,9.3,17.7,26.9,20.6,46.5,41.8,5.3,44.6
22027,LA,Claiborne,13670,11034,14.2,11.0,11.6,22.8,25.1,21.1,54.3,48.5,7.1,50.7
22029,LA,Concordia,17688,13579,12.4,11.1,10.1,19.8,27.4,21.3,50.1,45.6,6.0,45.9
22031,LA,De Soto,27114,20598,10.5,10.9,8.9,17.8,27.1,20.3,47.4,44.4,5.3,42.9
22033,LA,East Baton Rouge,448467,347496,6.8,10.3,6.3,13.9,25.9,18.8,40.3,35.3,3.8,34.8
22035,LA,East Carroll,6829,5465,13.3,11.6,10.1,22.0,24.9,23.2,53.0,51.2,6.8,50.8
22037,LA,East Feliciana,19229,15872,8.6,10.1,8.1,16.1,24.5,18.6,47.7,42.2,4.7,39.5
22039,LA,Evangeline,31754,23809,11.1,10.9,8.8,16.8,28.3,21.3,45.1,44.7,5.0,44.8
22041,LA,Franklin,19285,14407,12.5,11.1,9.9,18.4,28.1,21.1,48.1,42.0,5.7,45.8
22043,LA,Grant,21911,17355,9.0,9.8,7.5,13.7,26.9,20.2,42.0,39.9,4.0,38.9
22045,LA,Iberia,67659,50684,10.4,10.8,8.5,17.1,27.9,20.5,44.8,42.5,4.9,43.0
22047,LA,Iberville,29617,23427,8.9,10.6,7.8,16.5,25.2,19.8,44.4,43.0,4.7,41.0
22049,LA,Jackson,14746,11654,11.2,10.5,9.6,17.7,26.5,19.8,47.9,44.9,5.4,43.1
22051,LA,Jefferson,421777,328457,7.7,9.8,7.5,16.2,24.3,17.7,42.7,41.6,4.1,35.4
22053,LA,Jefferson Davis,31553,23598,9.9,10.4,8.1,14.8,28.4,20.5,42.8,42.7,4.4,41.4
22055,LA,Lafayette,249750,189467,7.2,9.7,6.5,13.0,25.9,18.2,39.1,34.5,3.6,34.2
22057,LA,Lafourche,95056,73551,9.5,10.2,7.9,14.7,30.0,20.4,43.1,47.2,4.2,41.0
22059,LA,LaSalle,14800,11610,8.4,9.7,7.0,13.1,27.0,19.8,38.4,38.6,3.8,38.6
22061,LA,Lincoln,47962,38485,8.0,10.8,6.7,13.5,28.0,21.7,38.9,42.6,4.0,40.5
22063,LA,Livingston,150145,111845,7.8,9.9,6.6,12.7,29.6,19.6,40.1,38.9,3.4,37.4
22065,LA,Madison,9246,6887,13.5,12.1,10.5,22.6,26.3,22.5,53.4,49.9,7.0,49.2
22067,LA,Morehouse,23955,18408,12.3,11.5,10.0,20.3,26.7,21.0,52.6,44.8,6.2,46.4
22069,LA,Natchitoches,36291,28127,9.0,10.9,7.7,15.5,27.9,21.0,43.6,40.1,4.6,40.8
22071,LA,Orleans,364136,293146,7.3,10.5,7.0,16.2,26.7,18.4,41.9,34.4,4.5,34.8
22073,LA,Ouachita,157568,119007,8.8,10.9,7.5,15.4,25.7,19.8,44.6,43.9,4.4,39.5
22075,LA,Plaquemines,22386,16953,7.6,9.9,6.8,13.8,26.0,18.8,40.0,38.7,3.8,35.7
22077,LA,Pointe Coupee,20000,15744,10.2,10.6,9.1,17.1,26.1,19.1,47.5,39.9,5.2,41.3
22079,LA,Rapides,126260,94760,9.2,10.6,7.9,15.6,27.3,19.9,43.8,40.7,4.5,41.4
22081,LA,Red River,7356,5645,12.3,11.1,9.9,19.8,26.6,21.0,49.7,43.9,6.0,46.1
22083,LA,Richland,19712,15026,11.0,11.0,9.0,17.7,27.4,20.8,46.7,43.1,5.3,43.1
22085,LA,Sabine,21906,16848,11.5,10.7,9.9,17.9,28.0,20.6,47.1,44.7,5.3,43.4
22087,LA,St. Bernard,44463,33008,9.1,10.6,7.4,15.3,27.9,20.8,42.0,42.8,4.2,40.9
22089,LA,St. Charles,50620,38554,7.1,9.9,6.5,13.2,25.5,18.1,41.2,37.7,3.6,34.1
22091,LA,St. Helena,10774,8595,11.5,11.3,9.8,19.8,25.7,20.5,49.3,42.7,6.1,45.6
22093,LA,St. James,19191,14995,8.3,10.5,7.8,16.5,24.5,18.4,46.0,43.7,4.8,37.9
22095,LA,St. John the Baptist,39592,30134,7.8,10.7,7.2,17.2,24.0,19.0,46.4,41.8,4.6,38.5
22097,LA,St. Landry,81464,59706,11.2,11.2,9.0,18.2,26.6,21.3,47.3,40.4,5.5,45.6
22099,LA,St. Martin,51057,38941,9.7,10.5,8.0,15.5,28.5,20.4,43.7,45.3,4.6,40.8
22101,LA,St. Mary,47055,35623,10.8,10.7,9.2,18.1,27.3,20.4,47.4,45.0,5.4,44.3
22103,LA,St. Tammany,275583,211037,7.2,9.5,7.0,13.3,25.2,18.0,38.9,37.4,3.6,33.8
22105,LA,Tangipahoa,138064,104233,8.7,10.5,7.3,14.6,26.4,20.8,40.7,43.0,4.1,39.0
22107,LA,Tensas,3764,2991,14.6,11.3,12.8,25.1,24.6,19.7,57.3,48.4,7.9,50.5
22109,LA,Terrebonne,103616,77948,9.0,10.4,7.7,15.2,27.3,20.1,41.4,41.3,4.2,38.6
22111,LA,Union,20650,16318,11.9,10.5,10.2,18.4,27.0,19.7,48.4,37.0,5.6,43.3
22113,LA,Vermilion,56992,42588,10.0,10.3,8.1,15.0,28.7,20.3,42.5,42.8,4.4,40.1
22115,LA,Vernon,46250,34491,8.1,10.0,6.8,12.5,27.5,20.5,38.8,38.5,3.7,38.4
22117,LA,Washington,44865,34243,11.3,10.8,9.3,17.8,27.2,20.4,46.9,45.5,5.3,42.5
22119,LA,Webster,35238,27304,12.6,11.2,10.2,19.5,27.4,20.9,49.4,44.6,6.0,46.0
22121,LA,West Baton Rouge,28266,21373,7.2,10.4,6.5,14.0,25.5,18.9,42.6,41.6,3.9,35.9
22123,LA,West Carroll,9323,7222,11.1,10.4,9.4,16.5,27.7,19.6,45.6,40.1,5.1,42.3
22125,LA,West Feliciana,15371,12848,6.9,9.1,6.9,14.6,21.8,16.9,44.4,40.7,4.0,34.7
22127,LA,Winn,13216,10424,10.3,10.2,8.9,17.1,26.4,19.9,46.6,45.9,5.0,43.4
23001,ME,Androscoggin,113765,90589,8.9,13.2,7.5,12.1,29.7,19.7,33.5,35.8,3.7,34.5
23003,ME,Aroostook,67351,54697,11.0,13.4,9.5,14.8,25.6,18.3,43.3,40.0,4.5,38.4
23005,ME,Cumberland,310230,255110,6.1,11.8,6.0,8.9,25.6,16.7,32.1,26.7,2.9,26.3
23007,ME,Franklin,30828,25609,9.2,13.2,8.3,11.3,28.3,19.0,36.6,34.6,3.9,35.3
23009,ME,Hancock,56526,47589,8.3,12.1,7.9,11.2,25.5,16.5,35.8,29.4,3.8,31.2
23011,ME,Kennebec,127259,103608,8.9,12.5,7.6,11.8,28.2,18.3,34.6,32.5,3.6,34.7
23013,ME,Knox,40977,34148,8.6,11.9,8.1,11.2,25.4,15.3,36.2,28.8,3.9,30.1
23015,ME,Lincoln,36507,30624,8.6,12.1,8.4,11.8,26.5,16.1,38.8,30.9,3.9,31.7
23017,ME,Oxford,59905,49429,10.7,13.4,9.0,13.7,26.3,17.8,38.1,35.0,4.4,33.6
23019,ME,Penobscot,155312,128236,8.6,13.3,7.7,11.5,28.8,19.4,37.2,38.0,3.6,34.1
23021,ME,Piscataquis,17486,14518,11.2,12.6,10.1,13.8,26.2,17.8,40.5,34.6,4.7,36.1
23023,ME,Sagadahoc,37513,30865,8.1,12.3,7.7,10.8,27.1,16.2,35.0,29.6,3.6,30.3
23025,ME,Somerset,51302,41911,11.3,13.5,9.3,13.9,28.8,19.7,39.3,37.2,4.4,37.8
23027,ME,Waldo,40620,33502,8.9,13.3,8.2,11.7,28.2,18.1,36.1,34.3,3.8,34.0
23029,ME,Washington,31555,25717,11.3,13.2,9.8,14.9,26.7,19.1,43.1,39.8,4.6,41.1
23031,ME,York,218586,180518,7.8,12.7,7.2,10.4,25.4,16.9,35.3,33.1,3.4,31.4
24001,MD,Allegany,67273,55228,9.7,11.3,7.9,13.3,25.7,18.9,39.6,36.6,4.2,35.1
24003,MD,Anne Arundel,594582,461032,5.2,10.0,5.3,10.4,19.9,14.6,34.5,34.5,2.9,25.8
24005,MD,Baltimore,844703,661546,6.5,11.0,6.2,13.1,20.7,16.1,36.7,34.0,3.5,26.2
24009,MD,Calvert,94728,72945,5.9,10.5,5.5,10.9,19.7,14.9,36.9,36.3,3.0,26.5
24011,MD,Caroline,33593,25618,9.5,11.8,7.7,14.2,24.2,18.1,41.3,41.7,4.3,33.4
24013,MD,Carroll,176639,137462,5.9,10.1,6.0,10.3,22.5,14.9,34.4,37.7,2.9,25.1
24015,MD,Cecil,105672,82332,7.7,10.5,6.6,13.2,23.2,17.4,39.2,41.3,3.5,30.3
24017,MD,Charles,171973,131229,5.5,10.7,5.2,13.4,17.5,16.0,41.4,41.9,3.4,26.0
24019,MD,Dorchester,32879,26096,9.9,11.5,8.7,16.6,20.2,17.0,44.2,41.8,4.9,34.1
24021,MD,Frederick,293391,224828,5.1,9.5,5.4,10.6,20.5,15.1,33.9,34.7,2.8,22.8
24023,MD,Garrett,28423,23480,9.3,11.1,8.3,14.1,21.0,16.4,42.4,36.3,4.2,31.8
24025,MD,Harford,264644,206050,6.1,10.2,5.8,11.6,21.6,15.4,35.9,35.8,3.1,24.4
24027,MD,Howard,336001,256944,4.0,9.1,4.8,10.4,17.7,12.4,34.5,30.0,2.6,20.9
24029,MD,Kent,19303,16393,8.1,10.6,8.1,13.7,22.1,15.2,43.0,35.1,4.2,29.4
24031,MD,Montgomery,1058474,819715,4.5,9.2,5.3,10.8,17.0,12.0,32.7,26.1,2.9,22.3
24033,MD,Prince George's,947430,740721,5.5,11.5,5.5,15.2,14.8,14.3,40.0,42.2,3.9,27.5
24035,MD,Queen Anne's,52508,41602,6.8,9.9,6.7,11.6,22.4,14.9,38.4,29.4,3.4,26.6
24037,MD,St. Mary's,115281,87752,5.9,10.7,5.7,11.4,21.2,16.4,34.7,37.4,3.0,25.9
24039,MD,Somerset,24910,20561,8.7,11.7,7.5,14.2,20.9,18.5,42.7,38.4,4.3,34.0
24041,MD,Talbot,37823,30897,8.0,10.3,8.4,13.1,20.5,13.6,41.6,30.1,4.3,30.3
24043,MD,Washington,155813,122221,8.4,10.7,7.2,13.3,22.9,16.9,38.9,39.0,3.8,32.2
24045,MD,Wicomico,104800,81312,7.4,11.1,6.5,12.6,21.7,17.6,36.7,39.6,3.7,28.8
24047,MD,Worcester,54171,44887,8.0,10.1,8.1,13.7,20.4,14.5,42.1,33.1,4.2,29.2
24510,MD,Baltimore,565239,447486,7.3,12.7,6.4,14.4,23.5,18.4,40.6,38.7,4.4,33.5
25001,MA,Barnstable,231735,199941,7.3,11.5,8.0,10.7,22.5,13.8,38.2,26.3,3.8,28.2
25003,MA,Berkshire,126818,106721,7.7,12.0,7.8,10.9,25.1,16.9,34.8,31.2,3.7,30.8
25005,MA,Bristol,581841,463617,7.6,12.6,6.8,10.8,23.8,18.6,33.5,32.1,3.5,31.0
25007,MA,Dukes,20819,17186,6.8,11.5,7.3,10.6,23.4,14.7,36.0,25.5,3.5,27.6
25009,MA,Essex,810089,642879,6.3,11.5,6.2,10.3,22.3,15.3,32.1,30.0,3.1,27.9
25011,MA,Franklin,70836,59245,7.7,11.8,7.3,10.8,25.4,16.1,36.3,26.3,3.6,29.7
25013,MA,Hampden,460291,365283,7.7,12.7,7.0,12.1,26.8,18.9,34.7,34.9,3.7,35.5
25015,MA,Hampshire,162502,139946,5.6,12.1,5.5,8.2,27.4,17.4,26.7,22.2,2.7,26.2
25017,MA,Middlesex,1623952,1310019,4.6,11.1,4.9,8.5,23.7,14.8,27.6,23.8,2.5,24.0
25019,MA,Nantucket,14444,11509,4.6,10.9,5.1,8.6,22.0,14.3,29.4,27.7,2.5,23.0
25021,MA,Norfolk,727473,580073,4.9,10.7,5.2,9.0,21.9,14.6,29.8,23.5,2.7,24.0
25023,MA,Plymouth,535308,426137,6.4,12.1,6.2,10.3,23.8,16.8,32.6,29.7,3.2,29.5
25025,MA,Suffolk,768425,646638,5.1,11.4,4.8,9.3,23.2,17.3,27.4,24.2,2.8,26.0
25027,MA,Worcester,866866,690404,6.3,12.1,6.0,10.4,25.6,17.2,33.2,32.6,3.1,28.3
26001,MI,Alcona,10489,9146,11.9,11.2,11.0,16.0,25.3,15.7,46.0,39.0,5.2,37.2
26003,MI,Alger,8757,7484,9.6,11.1,8.7,13.2,24.7,16.8,40.6,36.1,4.3,33.9
26005,MI,Allegan,121939,93939,8.2,11.0,7.1,11.6,25.8,17.2,34.7,35.6,3.5,31.2
26007,MI,Alpena,28904,23463,11.4,11.9,9.5,14.2,27.9,18.1,41.6,41.3,4.6,37.0
26009,MI,Antrim,24409,20323,9.0,11.0,8.5,12.8,25.2,15.5,39.9,36.4,4.0,31.5
26011,MI,Arenac,15145,12334,11.4,11.7,9.8,14.7,27.1,17.7,42.7,38.6,4.7,37.1
26013,MI,Baraga,8310,6876,10.6,11.9,9.0,14.5,26.5,18.5,40.9,40.3,4.6,37.3
26015,MI,Barry,63808,50005,8.3,11.2,7.2,11.2,26.2,17.2,35.3,37.0,3.5,31.5
26017,MI,Bay,102500,82758,9.3,11.5,7.8,12.6,26.9,17.6,37.7,38.0,3.9,32.3
26019,MI,Benzie,18441,15317,9.0,11.0,8.5,12.8,25.7,15.8,39.9,35.4,4.1,32.4
26021,MI,Berrien,152261,120080,9.2,11.8,8.0,13.5,25.7,17.2,39.8,38.8,4.2,34.4
26023,MI,Branch,45215,34668,10.2,11.6,8.3,13.3,27.5,18.6,39.6,36.0,4.2,36.8
26025,MI,Calhoun,133366,102982,9.2,11.8,7.6,13.3,26.9,18.5,39.4,42.5,4.0,34.9
26027,MI,Cass,51642,41306,9.7,11.7,8.3,13.1,26.9,17.7,39.3,36.2,4.2,34.2
26029,MI,Charlevoix,26159,21621,8.6,11.2,8.2,12.3,24.7,15.5,38.9,35.0,3.9,31.2
26031,MI,Cheboygan,26048,22070,10.9,11.6,9.5,14.6,26.7,17.0,42.4,41.1,4.6,35.8
26033,MI,Chippewa,36264,29773,9.1,12.1,7.8,12.7,26.8,19.3,38.6,35.6,4.0,35.1
26035,MI,Clare,31316,25226,12.7,12.1,10.2,15.4,28.1,18.9,44.5,40.5,5.1,38.6
26037,MI,Clinton,79720,62943,7.3,11.2,6.6,10.6,27.0,16.6,33.9,35.2,3.2,28.5
26039,MI,Crawford,13538,11172,11.6,11.6,10.0,14.9,27.5,17.5,42.4,37.5,4.8,36.8
26041,MI,Delta,36790,29801,10.5,11.6,9.1,13.8,28.1,17.6,40.1,39.9,4.4,36.5
26043,MI,Dickinson,25982,20842,9.2,11.3,8.3,12.6,27.5,17.0,39.2,38.1,4.0,33.9
26045,MI,Eaton,108820,86607,7.5,11.4,6.8,11.4,26.8,17.4,35.9,38.9,3.4,30.0
26047,MI,Emmet,34123,28041,7.8,11.0,7.5,11.5,25.3,15.8,37.6,32.7,3.6,29.5
26049,MI,Genesee,401522,313303,9.5,12.3,7.8,13.2,27.2,19.3,39.0,40.6,4.2,35.7
26051,MI,Gladwin,25853,20920,11.9,11.8,10.1,15.0,26.9,17.8,43.4,40.6,4.9,36.2
26053,MI,Gogebic,14224,11925,11.3,11.5,10.3,15.2,26.2,17.0,43.8,37.0,4.9,36.6
26055,MI,Grand Traverse,96421,77995,7.4,11.0,6.8,10.7,25.5,16.3,35.2,35.3,3.3,30.1
26057,MI,Gratiot,41368,33395,8.8,11.3,7.3,11.6,26.9,18.8,35.8,36.7,3.7,33.5
26059,MI,Hillsdale,45587,35783,10.5,11.7,8.7,13.5,29.3,18.8,40.5,37.6,4.2,36.0
26061,MI,Houghton,37599,30241,7.6,11.1,6.6,10.0,26.3,18.5,31.5,33.7,3.2,31.8
26063,MI,Huron,30927,25092,10.8,11.5,9.4,14.3,26.5,17.2,41.8,38.6,4.6,36.3
26065,MI,Ingham,284637,229779,6.5,11.6,5.6,10.2,27.2,18.4,32.0,34.5,2.9,29.8
26067,MI,Ionia,66262,52509,8.1,11.2,6.7,11.1,26.8,18.7,35.8,40.2,3.4,31.2
26069,MI,Iosco,25373,21051,12.7,11.6,10.9,15.9,27.0,17.2,45.7,38.8,5.3,39.0
26071,MI,Iron,11740,9748,11.5,11.3,10.3,15.3,25.6,16.5,45.0,39.0,5.0,37.6
26073,MI,Isabella,64118,52691,8.2,12.2,6.2,10.5,30.5,21.7,32.1,39.5,3.2,34.3
26075,MI,Jackson,159424,126422,8.7,11.6,7.5,12.5,27.0,18.5,38.9,39.2,3.7,34.9
26077,MI,Kalamazoo,262215,206827,6.9,11.5,5.9,9.7,28.9,18.6,31.4,37.4,3.1,28.9
26079,MI,Kalkaska,18490,14833,10.5,11.8,8.7,13.5,27.8,18.5,40.3,38.7,4.3,35.1
26081,MI,Kent,661354,507844,6.4,11.0,5.7,10.3,27.5,17.0,32.2,34.8,2.9,27.5
26083,MI,Keweenaw,2172,1839,9.0,10.6,9.5,13.4,24.4,14.1,42.7,33.7,4.3,32.1
26085,MI,Lake,12734,10887,13.4,11.7,10.9,17.2,26.4,18.3,45.7,40.5,5.6,40.4
26087,MI,Lapeer,88977,71497,9.0,11.4,7.6,11.9,26.2,17.5,37.2,35.5,3.7,32.0
26089,MI,Leelanau,23019,19453,7.8,10.5,8.3,12.2,23.6,13.4,39.6,31.7,3.8,29.3
26091,MI,Lenawee,97520,77713,8.8,11.3,7.6,12.4,27.7,18.2,37.6,40.6,3.8,33.1
26093,MI,Livingston,196757,157470,6.8,11.0,6.2,9.7,25.3,15.5,32.3,32.3,3.0,25.6
26095,MI,Luce,6435,5396,10.1,11.2,8.9,14.1,24.6,17.7,41.7,40.9,4.5,36.4
26097,MI,Mackinac,10851,9233,11.7,12.0,10.4,16.4,25.9,17.3,43.2,41.2,5.2,38.8
26099,MI,Macomb,875101,695938,8.2,11.3,6.8,11.4,26.0,17.4,37.7,37.5,3.5,32.0
26101,MI,Manistee,25562,21306,10.2,11.4,9.1,13.7,26.2,16.9,40.8,36.6,4.4,35.0
26103,MI,Marquette,66999,55244,7.8,11.5,6.9,10.6,27.8,18.1,34.0,36.4,3.3,30.7
26105,MI,Mason,29159,23606,10.1,11.4,8.9,13.8,26.5,17.0,40.7,40.4,4.4,35.0
26107,MI,Mecosta,41099,33152,10.0,11.7,8.2,12.4,28.9,18.9,37.4,37.1,4.1,36.1
26109,MI,Menominee,22945,19083,10.6,11.4,9.3,13.9,27.3,17.2,42.0,38.9,4.5,36.5
26111,MI,Midland,84039,66530,7.7,11.0,7.1,10.8,25.9,16.3,35.5,31.8,3.4,29.0
26113,MI,Missaukee,15311,11930,10.3,11.6,8.6,13.3,27.6,18.2,40.2,39.3,4.2,35.1
26115,MI,Monroe,155045,123173,8.6,11.7,7.4,12.3,26.7,17.8,37.6,40.6,3.6,32.4
26117,MI,Montcalm,68154,54137,9.5,11.5,7.6,12.4,27.2,18.9,37.7,42.5,3.8,34.5
26119,MI,Montmorency,9678,8165,12.9,11.6,11.2,16.5,26.4,16.9,45.7,38.6,5.4,38.6
26121,MI,Muskegon,176564,137270,9.1,12.1,7.4,12.7,27.6,18.5,36.7,44.3,3.9,33.6
26123,MI,Newaygo,51108,40085,10.4,11.6,8.5,13.2,26.9,18.2,39.8,37.8,4.2,35.2
26125,MI,Oakland,1270426,1015769,5.9,10.6,5.9,10.2,20.8,14.8,34.5,31.3,3.0,23.3
26127,MI,Oceana,26981,21345,10.0,11.3,8.7,13.7,26.4,17.5,39.2,40.6,4.3,35.5
26129,MI,Ogemaw,20990,17270,12.0,11.7,10.1,15.3,27.5,17.8,43.4,39.4,4.9,38.2
26131,MI,Ontonagon,5906,5167,12.4,11.2,11.6,16.5,25.2,15.7,47.8,37.0,5.5,38.3
26133,MI,Osceola,23330,18218,10.9,11.8,9.1,13.7,27.6,18.6,40.4,39.6,4.4,37.1
26135,MI,Oscoda,8545,6848,13.5,11.9,11.2,16.5,27.2,17.8,45.4,38.4,5.5,40.0
26137,MI,Otsego,25747,20430,9.1,11.4,7.9,12.3,27.3,17.5,38.2,38.1,3.8,33.0
26139,MI,Ottawa,303372,234628,6.4,10.9,5.8,9.4,26.5,16.8,31.3,32.3,2.9,28.5
26141,MI,Presque Isle,13285,11288,11.9,11.4,10.8,15.6,26.3,16.3,44.5,40.9,5.1,37.3
26143,MI,Roscommon,23863,20479,12.0,11.4,10.7,15.7,26.0,16.1,45.1,39.2,5.1,36.4
26145,MI,Saginaw,187782,147908,9.6,12.2,8.0,14.1,26.5,18.5,40.1,36.6,4.3,35.5
26147,MI,St. Clair,159874,127824,9.2,11.7,7.7,12.2,27.5,18.3,38.7,36.5,3.8,33.9
26149,MI,St. Joseph,60878,46399,9.6,11.6,7.8,12.8,27.5,18.5,37.6,38.3,3.9,34.7
26151,MI,Sanilac,40368,32004,10.7,11.6,8.9,13.8,27.6,18.1,40.8,40.0,4.4,36.4
26153,MI,Schoolcraft,8149,6684,11.9,11.9,10.3,15.8,26.6,17.4,43.9,40.3,5.1,37.7
26155,MI,Shiawassee,68025,54057,9.2,11.6,7.7,12.5,28.3,18.6,37.6,38.8,3.8,32.9
26157,MI,Tuscola,52826,42309,10.2,11.6,8.4,13.2,27.4,18.2,39.4,41.7,4.2,34.6
26159,MI,Van Buren,75798,58504,9.5,11.7,8.0,13.5,27.4,18.2,38.4,39.4,4.0,34.5
26161,MI,Washtenaw,365536,299903,5.4,10.6,5.1,8.7,26.7,15.8,28.2,27.5,2.7,24.1
26163,MI,Wayne,1751169,1339690,9.2,12.3,7.4,14.3,24.3,19.7,40.3,37.4,4.4,34.1
26165,MI,Wexford,34122,26384,10.2,11.7,8.4,13.0,27.9,18.4,39.2,39.0,4.1,35.1
27001,MN,Aitkin,16102,13701,9.2,10.1,10.2,15.2,23.2,14.0,41.9,33.2,5.0,34.7
27003,MN,Anoka,372441,284448,5.2,9.9,5.7,10.6,24.6,15.5,31.3,36.2,3.0,28.1
27005,MN,Becker,35283,27215,7.2,10.1,7.8,11.8,23.9,15.5,37.9,37.3,3.9,30.3
27007,MN,Beltrami,46718,35293,6.9,11.2,6.9,11.3,26.9,17.6,32.3,38.5,3.7,32.7
27009,MN,Benton,41600,31235,5.9,10.3,5.9,10.2,25.7,16.8,30.8,41.5,3.1,28.4
27011,MN,Big Stone,5105,3985,7.8,10.0,8.8,13.2,22.2,14.6,37.0,37.6,4.4,32.0
27013,MN,Blue Earth,70006,56268,5.4,10.5,5.5,9.4,26.6,17.6,28.9,33.8,2.9,28.8
27015,MN,Brown,25628,19942,6.6,10.0,7.2,11.5,23.6,15.4,34.3,35.5,3.7,30.2
27017,MN,Carlton,36825,28845,6.4,10.5,6.8,11.7,26.5,15.9,33.3,38.8,3.5,31.0
27019,MN,Carver,111057,83547,4.3,9.5,5.0,8.5,22.9,13.5,26.8,32.0,2.5,23.3
27021,MN,Cass,31446,25212,8.2,10.2,9.0,14.2,23.0,15.2,39.2,36.9,4.4,34.1
27023,MN,Chippewa,12172,9114,7.6,10.0,8.2,12.8,24.0,15.8,34.8,40.4,4.1,32.6
27025,MN,Chisago,58535,45564,5.7,10.0,6.2,10.3,24.1,15.2,32.3,36.5,3.1,28.4
27027,MN,Clay,66258,50084,5.2,10.4,5.5,9.3,26.0,16.5,29.8,32.9,2.8,27.4
27029,MN,Clearwater,8644,6482,8.0,10.5,8.2,12.8,24.8,16.7,34.8,34.5,4.3,33.2
27031,MN,Cook,5639,4830,6.6,9.8,8.1,12.9,22.4,13.2,37.2,35.3,4.0,28.9
27033,MN,Cottonwood,11319,8460,7.6,9.8,8.4,13.1,23.4,15.2,37.0,39.2,4.2,32.9
27035,MN,Crow Wing,68304,54545,6.9,10.2,7.9,11.8,22.8,14.4,36.3,37.5,3.8,30.7
27037,MN,Dakota,447440,341048,4.6,9.8,5.1,9.7,22.9,14.1,29.7,34.5,2.7,25.8
27039,MN,Dodge,21088,15823,5.1,9.9,5.7,9.6,24.1,15.2,29.6,35.2,2.9,26.1
27041,MN,Douglas,39953,31487,6.4,10.0,7.3,11.4,24.4,14.5,33.5,35.2,3.7,29.6
27043,MN,Faribault,13873,10857,7.8,10.2,8.4,12.8,23.7,15.6,36.5,37.6,4.2,34.3
27045,MN,Fillmore,21522,16319,6.9,10.1,7.5,11.8,23.7,15.4,36.2,40.5,3.8,31.6
27047,MN,Freeborn,30515,23904,7.4,9.9,8.1,12.9,22.6,15.5,35.9,36.0,4.1,32.7
27049,MN,Goodhue,48035,37607,6.4,10.0,6.9,10.9,23.1,15.3,34.4,36.0,3.5,28.6
27051,MN,Grant,6139,4712,7.7,10.3,8.4,12.7,24.7,15.8,36.9,39.7,4.1,32.3
27053,MN,Hennepin,1258713,989486,4.4,9.6,5.0,8.1,25.5,14.5,28.7,27.1,2.8,25.0
27055,MN,Houston,18582,14697,6.4,10.0,7.2,11.3,22.6,14.2,33.2,34.1,3.6,28.5
27057,MN,Hubbard,22132,17563,7.3,9.9,8.3,13.3,22.0,14.1,35.2,35.4,4.1,30.1
27059,MN,Isanti,43182,33233,6.3,10.0,6.5,10.5,24.5,16.0,31.9,32.8,3.3,29.0
27061,MN,Itasca,45365,36288,7.5,10.2,8.3,13.7,23.8,15.0,37.8,36.0,4.1,32.7
27063,MN,Jackson,9919,7831,6.6,9.8,7.5,11.7,22.6,14.6,35.3,35.8,3.8,30.5
27065,MN,Kanabec,16602,13036,7.9,10.4,7.8,12.8,25.1,16.2,35.8,37.6,4.0,33.8
27067,MN,Kandiyohi,43813,33278,6.6,10.1,7.2,12.3,23.2,14.9,33.4,40.6,3.7,30.0
27069,MN,Kittson,4060,3182,7.1,9.9,8.2,12.5,23.1,14.4,36.9,34.0,4.0,31.0
27071,MN,Koochiching,11751,9706,7.7,10.1,8.7,13.4,23.4,14.8,39.0,37.0,4.3,32.7
27073,MN,Lac qui Parle,6630,5192,7.0,9.7,8.3,12.2,22.3,14.1,36.3,34.0,4.0,31.4
27075,MN,Lake,10855,8819,7.4,9.8,8.4,12.5,22.9,14.4,35.8,35.4,4.2,32.4
27077,MN,Lake of the Woods,3778,3059,7.3,9.9,8.1,12.9,22.8,14.3,37.2,36.2,4.0,31.0
27079,MN,Le Sueur,29255,22562,5.8,9.8,6.5,10.9,23.5,14.8,32.8,35.3,3.3,27.0
27081,MN,Lincoln,5521,4227,7.1,9.9,7.9,12.0,23.1,14.8,35.8,36.6,4.0,32.0
27083,MN,Lyon,25427,18733,6.2,10.0,6.6,11.0,22.8,15.5,31.8,37.9,3.4,29.1
27085,MN,McLeod,36785,28829,6.3,9.9,6.8,11.4,23.3,15.3,33.5,42.0,3.5,29.3
27087,MN,Mahnomen,5280,3646,10.2,12.5,9.7,16.8,26.6,19.8,38.1,43.8,5.3,42.2
27089,MN,Marshall,8810,6782,7.0,9.9,7.8,12.1,23.3,15.0,36.1,39.0,3.9,31.9
27091,MN,Martin,19657,15122,7.5,9.9,8.3,13.0,23.0,15.0,35.1,36.3,4.1,31.8
27093,MN,Meeker,23490,17928,6.8,9.9,7.4,12.2,23.8,15.4,34.2,37.1,3.7,29.1
27095,MN,Mille Lacs,27427,21090,7.1,10.5,7.2,12.0,24.8,16.3,35.8,38.5,3.7,32.7
27097,MN,Morrison,34250,26469,7.2,10.3,7.7,12.0,24.2,15.3,35.4,37.2,3.8,30.1
27099,MN,Mower,40058,30015,6.7,9.9,7.0,11.8,24.3,15.8,33.2,37.9,3.7,30.9
27101,MN,Murray,8049,6312,7.2,9.9,8.4,12.6,23.7,14.6,36.8,36.3,4.1,31.7
27103,MN,Nicollet,34242,27053,5.5,10.1,6.0,9.8,24.8,15.9,29.5,33.2,3.1,28.3
27105,MN,Nobles,21727,15454,7.3,9.5,7.7,13.5,21.4,15.7,33.0,38.6,4.0,33.2
27107,MN,Norman,6329,4857,7.3,10.1,7.9,12.5,23.9,15.5,36.8,35.6,4.0,31.7
27109,MN,Olmsted,164784,125821,4.7,9.7,5.5,9.5,24.1,13.8,30.1,36.4,2.8,24.9
27111,MN,Otter Tail,60626,47492,7.2,10.0,8.1,12.1,23.2,14.7,33.5,34.3,4.0,30.6
27113,MN,Pennington,13714,10676,6.3,10.3,6.8,11.2,24.9,16.3,34.2,40.2,3.5,30.7
27115,MN,Pine,30197,24419,7.8,10.1,8.1,13.1,24.9,16.5,38.5,39.6,4.1,33.9
27117,MN,Pipestone,9245,6729,7.5,10.2,7.9,12.7,24.2,15.7,36.3,38.5,4.1,32.6
27119,MN,Polk,30412,23008,6.7,10.2,7.1,11.3,24.5,15.6,32.0,39.4,3.6,29.7
27121,MN,Pope,11400,8902,7.1,10.0,8.1,12.2,23.5,14.7,36.8,38.9,4.0,30.1
27123,MN,Ramsey,536075,413891,5.2,10.1,5.7,10.5,25.7,15.9,30.1,32.1,3.0,27.9
27125,MN,Red Lake,3911,2973,6.8,10.1,7.7,12.0,23.9,15.3,35.6,38.6,3.8,30.9
27127,MN,Redwood,15288,11470,7.4,10.2,7.9,12.8,23.7,15.9,35.1,36.5,4.1,31.7
27129,MN,Renville,14348,11042,7.5,10.0,8.0,13.1,23.2,15.4,35.6,38.8,4.0,33.2
27131,MN,Rice,67948,53679,5.5,9.9,6.0,10.1,23.0,15.8,31.8,37.5,3.1,28.1
27133,MN,Rock,9551,7310,6.7,10.0,7.2,11.4,24.1,15.6,33.2,36.6,3.7,30.8
27135,MN,Roseau,15252,11622,6.8,10.0,7.2,11.8,23.1,15.4,32.5,35.9,3.7,30.7
27137,MN,St. Louis,200514,163794,6.5,10.5,7.0,11.2,25.0,16.5,32.1,35.2,3.5,30.8
27139,MN,Scott,155814,116237,4.3,9.5,4.8,9.4,22.3,14.3,30.3,32.0,2.5,23.7
27141,MN,Sherburne,102206,75976,4.9,9.8,5.0,9.0,24.1,16.0,28.7,39.0,2.6,27.3
27143,MN,Sibley,15084,11635,6.7,9.9,7.2,11.5,23.4,15.6,34.0,38.8,3.6,30.4
27145,MN,Stearns,160977,123090,5.8,10.3,6.1,10.1,25.1,16.6,30.1,36.0,3.2,27.6
27147,MN,Steele,37421,28437,6.1,9.9,6.7,10.9,23.1,15.1,33.3,37.4,3.4,28.2
27149,MN,Stevens,9728,7542,5.5,10.0,6.0,9.7,24.6,16.5,28.7,36.8,3.0,29.5
27151,MN,Swift,9719,7508,7.8,10.0,8.6,13.2,24.7,15.4,37.9,38.4,4.3,33.9
27153,MN,Todd,25667,19382,8.3,10.0,8.7,13.3,24.1,15.7,38.0,39.3,4.4,34.5
27155,MN,Traverse,3136,2467,7.7,10.1,8.7,13.2,23.2,15.0,37.9,38.7,4.4,33.8
27157,MN,Wabasha,21683,16964,6.5,9.9,7.4,11.6,22.4,14.5,33.6,37.5,3.7,28.5
27159,MN,Wadena,14241,10464,7.8,10.6,7.9,12.7,25.3,16.8,34.9,38.4,4.1,34.4
27161,MN,Waseca,18981,14718,6.5,10.3,6.8,11.4,24.6,16.2,32.4,39.1,3.5,30.7
27163,MN,Washington,278936,212815,4.5,9.3,5.2,10.3,22.8,13.3,29.4,32.5,2.7,23.5
27165,MN,Watonwan,11077,8140,6.9,9.6,7.6,12.9,22.3,15.0,34.5,36.8,3.9,33.0
27167,MN,Wilkin,6306,4874,7.3,10.3,7.6,12.3,24.7,15.9,35.4,38.6,3.9,31.3
27169,MN,Winona,49721,41197,5.8,10.3,6.1,9.8,25.0,16.6,30.0,33.8,3.1,29.1
27171,MN,Wright,151150,110472,4.9,10.0,5.2,9.2,24.4,15.2,30.8,35.4,2.7,26.0
27173,MN,Yellow Medicine,9467,7259,7.2,10.2,7.7,12.4,24.4,15.7,35.6,38.8,3.9,31.3
28001,MS,Adams,28746,22919,11.0,10.3,9.7,20.6,17.4,17.4,51.7,41.2,6.3,44.4
28003,MS,Alcorn,34135,26535,9.9,9.8,8.3,15.0,21.9,17.5,45.7,40.0,4.5,39.1
28005,MS,Amite,12442,9961,12.2,10.2,10.9,20.6,19.0,17.2,52.4,45.0,6.5,46.2
28007,MS,Attala,17359,13015,9.8,10.3,8.5,16.9,18.8,17.5,48.4,42.6,5.3,40.1
28009,MS,Benton,7438,5911,10.2,10.1,8.8,17.4,19.4,17.5,48.3,42.4,5.2,41.9
28011,MS,Bolivar,28968,21837,10.7,11.2,8.9,20.5,18.9,18.6,51.9,46.5,6.1,43.0
28013,MS,Calhoun,12685,9911,11.4,10.2,9.5,18.2,20.0,18.0,49.0,41.1,5.6,43.2
28015,MS,Carroll,9535,7933,11.3,9.8,10.3,18.6,18.6,16.7,50.1,40.0,5.9,42.7
28017,MS,Chickasaw,16866,12706,10.6,10.4,8.8,18.4,19.1,18.1,47.8,43.3,5.6,43.7
28019,MS,Choctaw,8088,6352,9.7,9.7,9.0,16.9,19.2,16.1,47.9,40.2,5.2,40.1
28021,MS,Claiborne,8617,6742,9.8,11.4,8.5,20.4,17.5,19.4,51.2,47.8,6.1,45.1
28023,MS,Clarke,15228,11869,10.6,10.1,9.3,17.8,20.2,17.4,49.5,38.6,5.5,42.0
28025,MS,Clay,18206,14127,10.3,10.6,8.8,19.1,18.1,17.8,50.5,47.6,5.8,41.4
28027,MS,Coahoma,20077,14632,11.1,11.4,9.1,21.8,17.9,19.2,53.4,46.4,6.5,45.3
28029,MS,Copiah,27664,21515,9.7,10.3,8.5,18.2,18.9,17.5,48.6,41.8,5.4,41.3
28031,MS,Covington,18059,13606,9.1,10.1,7.9,15.6,19.2,17.5,46.3,40.4,4.7,38.5
28033,MS,DeSoto,193247,145706,6.2,9.7,5.6,12.4,19.7,16.4,40.0,37.3,3.4,32.6
28035,MS,Forrest,78208,60424,7.4,10.0,6.2,13.1,20.8,18.4,39.5,35.8,3.8,37.2
28037,MS,Franklin,7610,5846,11.3,10.2,9.7,18.5,19.6,17.5,50.3,40.4,5.7,42.8
28039,MS,George,25619,18726,8.7,9.5,7.2,13.1,21.6,18.0,39.8,37.2,3.9,37.4
28041,MS,Greene,13601,11108,8.8,9.3,7.4,14.0,19.8,17.8,43.1,41.9,4.2,38.9
28043,MS,Grenada,21065,15948,9.9,10.3,8.5,17.6,19.2,17.5,48.2,46.1,5.3,40.6
28045,MS,Hancock,46159,37467,8.8,9.2,8.2,14.3,19.7,16.0,43.3,37.3,4.3,37.0
28047,MS,Harrison,210612,161589,8.0,9.6,7.2,14.1,21.1,17.3,42.3,36.5,4.0,37.8
28049,MS,Hinds,214870,165112,7.7,10.6,7.0,17.0,17.3,17.2,47.9,44.0,4.9,37.5
28051,MS,Holmes,15777,11936,11.6,11.5,9.4,23.3,17.9,19.5,55.3,50.7,7.0,46.9
28053,MS,Humphreys,7216,5419,13.4,11.7,10.8,24.7,18.6,19.2,57.3,52.4,7.7,48.9
28055,MS,Issaquena,1256,1128,9.5,9.7,7.8,16.4,16.8,19.2,46.1,45.3,5.1,44.7
28057,MS,Itawamba,24093,18967,8.2,9.5,7.1,12.2,21.1,17.6,40.0,36.2,3.7,36.1
28059,MS,Jackson,146389,113275,7.7,9.4,7.1,15.0,19.7,16.5,45.0,40.7,4.0,35.4
28061,MS,Jasper,16013,12328,10.0,10.2,9.1,19.0,18.1,17.3,50.6,44.9,5.8,41.4
28063,MS,Jefferson,6941,5423,11.5,11.2,9.8,23.6,16.5,18.3,57.1,51.5,7.2,46.1
28065,MS,Jefferson Davis,10969,8785,11.6,10.7,10.3,21.8,17.8,17.4,54.8,45.4,6.8,44.0
28067,MS,Jones,66250,49715,9.3,9.9,8.1,16.0,19.9,17.0,46.5,41.6,4.7,39.1
28069,MS,Kemper,8584,7073,9.5,10.4,8.9,18.4,17.3,17.4,49.9,43.7,5.7,42.5
28071,MS,Lafayette,58467,47706,6.2,9.5,5.4,10.9,20.5,17.3,34.1,34.4,3.1,32.8
28073,MS,Lamar,66217,50292,7.1,9.3,6.4,12.4,21.3,16.2,40.5,38.7,3.6,34.1
28075,MS,Lauderdale,70527,54144,9.7,10.3,8.4,16.7,18.8,17.5,47.5,42.1,5.2,40.1
28077,MS,Lawrence,11741,8893,11.8,10.5,9.6,18.8,20.6,18.5,50.2,46.3,5.8,44.5
28079,MS,Leake,21258,16198,9.7,10.4,8.3,17.0,19.2,17.9,47.9,42.8,5.1,41.9
28081,MS,Lee,82799,62227,7.3,9.8,6.6,13.9,20.1,16.6,44.3,36.4,3.8,35.2
28083,MS,Leflore,26378,19118,10.6,11.3,8.5,20.9,17.6,18.8,51.5,43.4,6.2,44.2
28085,MS,Lincoln,34702,26720,9.2,9.9,7.8,15.7,19.8,17.4,45.3,40.5,4.6,38.4
28087,MS,Lowndes,57283,43676,8.0,10.1,7.2,15.5,19.0,16.9,45.1,37.5,4.5,38.0
28089,MS,Madison,112511,85633,5.8,9.3,5.7,12.4,17.7,14.6,40.3,36.3,3.4,30.3
28091,MS,Marion,24224,18622,10.6,10.3,8.8,17.2,20.4,18.1,48.0,43.5,5.3,42.7
28093,MS,Marshall,34123,27051,10.5,10.4,8.7,18.5,19.4,18.3,49.3,41.9,5.6,43.6
28095,MS,Monroe,33609,26102,9.9,10.0,8.6,16.7,19.8,17.8,47.9,42.9,5.1,42.3
28097,MS,Montgomery,9600,7441,11.4,10.3,10.0,19.6,18.7,17.5,51.2,43.5,6.1,43.2
28099,MS,Neshoba,28789,20927,10.4,10.7,8.5,16.5,21.3,19.2,44.4,43.1,4.9,41.1
28101,MS,Newton,21019,15910,9.4,10.2,8.0,15.7,20.3,18.3,44.6,40.9,4.8,39.9
28103,MS,Noxubee,9914,7406,11.0,11.1,9.2,21.2,17.9,18.7,52.2,46.4,6.5,45.3
28105,MS,Oktibbeha,51203,42382,6.2,9.8,5.3,10.9,20.1,18.5,34.6,34.5,3.2,34.0
28107,MS,Panola,32669,24732,10.6,10.7,8.8,18.4,20.1,18.5,48.6,46.3,5.5,43.4
28109,MS,Pearl River,57978,44780,9.3,9.6,8.1,14.4,21.1,17.2,42.8,38.0,4.4,39.1
28111,MS,Perry,11315,8819,10.2,9.9,8.6,16.2,21.1,18.0,46.7,43.7,4.9,41.0
28113,MS,Pike,39394,29430,10.5,10.8,8.7,18.9,19.3,18.6,50.2,46.0,5.7,41.5
28115,MS,Pontotoc,31535,23394,8.6,9.8,7.2,13.8,20.9,17.9,42.0,38.9,4.0,38.1
28117,MS,Prentiss,25135,19567,9.1,9.9,7.6,13.9,21.6,18.0,41.9,40.5,4.2,38.9
28119,MS,Quitman,5546,4262,12.4,11.6,9.7,22.8,18.5,19.4,54.8,51.2,7.0,47.0
28121,MS,Rankin,160417,124962,6.4,9.1,6.0,12.1,19.3,15.5,40.7,36.6,3.4,31.9
28123,MS,Scott,27507,19774,10.5,10.4,8.6,18.3,20.0,18.7,46.7,43.4,5.4,43.4
28125,MS,Sharkey,3336,2528,13.3,11.3,11.3,25.2,17.6,18.4,58.4,50.3,7.8,48.0
28127,MS,Simpson,25715,19707,9.4,10.1,8.1,16.2,19.7,17.5,46.2,40.2,4.9,39.8
28129,MS,Smith,14099,10861,11.0,10.2,9.3,16.9,20.9,17.9,48.5,43.6,5.3,42.4
28131,MS,Stone,18756,14785,8.6,9.7,7.4,14.0,20.9,17.5,43.0,41.0,4.1,37.7
28133,MS,Sunflower,24468,19260,10.1,10.8,8.1,19.3,17.1,18.9,50.4,48.6,5.8,44.3
28135,MS,Tallahatchie,11837,9494,10.2,10.3,8.6,18.9,18.5,18.1,50.7,44.9,5.7,42.9
28137,MS,Tate,28261,22008,8.1,9.8,7.1,14.2,20.0,17.3,41.8,36.1,4.1,37.0
28139,MS,Tippah,21287,16342,9.8,9.8,8.1,15.3,21.3,18.2,43.5,43.3,4.6,39.8
28141,MS,Tishomingo,18507,14543,10.7,9.7,9.0,15.0,22.2,17.5,44.5,39.5,4.7,40.4
28143,MS,Tunica,9234,6698,11.2,11.7,8.5,21.4,18.6,20.3,52.8,51.0,6.3,45.7
28145,MS,Union,28284,21239,9.3,9.8,7.7,14.1,21.4,17.9,43.0,41.6,4.3,39.2
28147,MS,Walthall,13863,10730,10.4,10.3,9.0,17.8,19.2,17.7,49.6,43.1,5.5,42.2
28149,MS,Warren,42298,32439,8.2,10.1,7.5,16.2,18.3,16.2,46.4,43.8,4.7,37.3
28151,MS,Washington,41946,31186,11.1,11.3,9.1,21.0,16.9,18.3,53.9,44.2,6.5,43.0
28153,MS,Wayne,19703,14753,10.7,10.5,9.0,17.8,19.7,18.3,47.7,44.2,5.5,42.2
28155,MS,Webster,9988,7562,8.5,9.7,7.3,13.7,20.2,16.7,43.2,36.5,4.1,37.0
28157,MS,Wilkinson,8058,6454,10.5,10.5,9.1,20.6,17.0,17.8,52.9,47.4,6.2,43.8
28159,MS,Winston,17416,13573,11.0,10.3,9.6,19.5,18.7,17.7,50.8,41.7,5.9,42.4
28161,MS,Yalobusha,12386,9781,11.4,10.3,9.6,19.0,19.5,17.8,50.7,40.1,5.8,43.2
28163,MS,Yazoo,25796,20207,10.7,10.4,8.3,18.5,18.6,19.4,49.5,50.5,5.5,44.9
29001,MO,Adair,25122,20545,7.5,10.9,6.1,10.0,27.6,19.7,30.3,34.7,3.1,36.2
29003,MO,Andrew,18127,14052,8.1,10.3,7.1,11.6,23.6,16.5,38.3,36.0,3.6,35.1
29005,MO,Atchison,5107,4077,10.9,10.5,9.4,14.9,24.7,16.9,43.5,41.6,4.7,40.9
29007,MO,Audrain,24394,18823,10.7,11.2,8.3,14.1,25.9,19.3,39.6,40.0,4.4,41.3
29009,MO,Barry,35265,27271,11.3,10.7,9.2,15.0,24.5,18.1,40.9,37.8,4.7,42.7
29011,MO,Barton,11731,8988,12.2,11.2,9.5,15.2,25.6,19.1,41.8,40.7,4.9,43.8
29013,MO,Bates,16242,12485,10.7,10.9,8.5,13.8,26.2,18.9,40.2,41.2,4.4,41.2
29015,MO,Benton,20552,16999,12.4,10.6,10.9,16.7,24.1,16.3,45.5,38.9,5.4,43.0
29017,MO,Bollinger,10544,8227,11.2,10.8,8.9,14.1,25.9,18.4,41.7,39.3,4.6,41.7
29019,MO,Boone,189463,151585,6.0,10.4,5.2,9.5,24.1,17.3,30.1,29.8,2.7,32.3
29021,MO,Buchanan,82956,64505,9.3,10.9,7.6,13.0,24.8,18.4,37.9,42.9,3.9,39.0
29023,MO,Butler,41948,32109,11.8,11.6,9.0,15.3,27.4,20.2,42.5,41.1,4.8,44.6
29025,MO,Caldwell,8955,6849,9.8,10.7,8.1,13.0,24.9,17.9,39.1,38.9,4.1,39.5
29027,MO,Callaway,44731,35515,8.4,10.6,7.1,11.9,24.7,17.7,37.0,36.9,3.6,36.0
29029,MO,Camden,44044,36598,10.2,10.3,9.4,14.7,23.0,15.5,42.3,35.6,4.6,38.4
29031,MO,Cape Girardeau,82984,65388,7.7,10.5,6.6,11.2,24.5,17.9,35.4,34.7,3.4,35.4
29033,MO,Carroll,8391,6542,10.3,10.6,8.6,13.9,24.9,17.7,39.9,38.6,4.4,39.8
29035,MO,Carter,5303,4026,12.7,11.3,9.7,15.7,26.6,19.4,43.3,40.0,5.0,45.1
29037,MO,Cass,111732,85880,7.3,10.1,6.4,11.5,23.9,16.7,35.3,38.0,3.3,32.1
29039,MO,Cedar,14672,11098,12.2,10.9,9.9,15.6,25.2,18.3,42.6,39.8,5.0,43.1
29041,MO,Chariton,7399,5676,10.4,10.5,9.1,14.0,23.7,17.1,41.0,38.3,4.6,40.3
29043,MO,Christian,94422,70802,7.2,10.3,6.3,10.7,24.7,16.8,35.0,36.3,3.2,34.5
29045,MO,Clark,6641,5096,11.7,10.8,9.5,14.9,25.4,18.5,42.0,41.7,4.8,42.8
29047,MO,Clay,259772,199234,6.4,10.3,5.8,10.8,23.4,16.5,34.9,37.4,3.0,32.8
29049,MO,Clinton,21548,16643,8.6,10.4,7.5,12.0,24.9,17.3,38.3,39.5,3.8,37.6
29051,MO,Cole,77278,60406,7.1,10.2,6.3,11.0,23.2,16.4,36.9,36.6,3.3,34.8
29053,MO,Cooper,16947,13165,8.6,10.4,7.3,12.2,24.0,17.3,37.5,37.5,3.8,36.5
29055,MO,Crawford,22719,17715,11.0,10.9,8.7,14.1,25.7,18.5,39.2,41.9,4.4,42.2
29057,MO,Dade,7716,6133,12.2,11.0,10.0,16.0,25.3,18.1,43.8,40.7,5.1,43.6
29059,MO,Dallas,17768,13540,11.7,11.0,9.1,14.9,26.0,18.8,41.0,39.5,4.7,42.8
29061,MO,Daviess,8551,6434,11.2,10.9,9.1,14.2,25.7,18.2,41.1,38.4,4.6,42.1
29063,MO,DeKalb,9899,7741,9.0,10.4,7.8,12.5,23.3,17.2,39.2,38.9,4.0,38.5
29065,MO,Dent,14647,11351,11.2,10.8,9.2,14.6,24.4,17.9,41.7,39.5,4.7,41.7
29067,MO,Douglas,12228,9333,11.7,11.1,9.6,15.3,25.3,18.0,42.9,38.0,4.9,42.4
29069,MO,Dunklin,27032,20004,12.3,11.4,9.3,16.0,26.6,20.0,44.1,46.2,5.0,46.6
29071,MO,Franklin,106404,82845,8.5,10.4,7.3,12.2,25.6,17.1,37.4,39.6,3.7,36.4
29073,MO,Gasconade,14705,11709,10.0,10.6,8.6,13.5,24.6,17.2,40.7,39.3,4.3,39.7
29075,MO,Gentry,6287,4635,10.1,10.8,8.0,13.2,25.0,18.2,38.9,41.2,4.1,39.9
29077,MO,Greene,304611,241659,7.8,10.7,6.5,11.0,24.5,18.1,33.1,36.7,3.4,36.5
29079,MO,Grundy,9815,7321,11.2,10.8,9.2,14.3,25.3,18.2,41.0,39.0,4.7,42.8
29081,MO,Harrison,8220,6218,11.5,10.7,9.4,14.7,24.9,18.3,41.3,39.3,4.8,42.0
29083,MO,Henry,22485,17438,11.1,10.8,9.1,14.4,25.1,18.2,41.3,38.5,4.6,41.3
29085,MO,Hickory,8718,7163,16.0,11.1,13.1,19.7,24.9,17.9,50.1,43.0,6.7,49.4
29087,MO,Holt,4248,3342,10.3,10.4,9.1,14.1,23.8,16.8,41.3,36.6,4.5,40.2
29089,MO,Howard,10101,7943,8.5,10.6,7.3,12.0,25.0,17.6,36.7,34.8,3.7,37.3
29091,MO,Howell,40735,30898,12.0,11.2,9.1,14.9,26.7,19.3,40.7,36.8,4.8,43.1
29093,MO,Iron,9440,7420,11.5,10.9,9.3,15.0,26.3,18.5,42.5,42.3,4.7,42.8
29095,MO,Jackson,718560,553202,7.4,10.5,6.2,12.1,25.4,18.9,35.7,37.2,3.6,36.3
29097,MO,Jasper,125056,94515,9.2,10.8,7.2,12.8,25.8,19.2,37.3,40.0,3.8,38.9
29099,MO,Jefferson,231230,179619,7.9,10.5,6.6,11.2,23.9,17.4,35.5,40.3,3.3,34.7
29101,MO,Johnson,54962,42654,6.9,10.5,5.5,9.6,26.8,19.5,30.1,35.3,2.9,34.3
29103,MO,Knox,3723,2854,12.4,11.1,9.7,15.1,25.2,18.8,42.0,39.5,4.9,43.2
29105,MO,Laclede,36680,27574,11.1,11.1,8.6,14.0,25.9,19.2,39.8,38.5,4.5,41.3
29107,MO,Lafayette,33196,25607,8.5,10.5,7.2,11.8,24.6,17.4,37.0,37.0,3.7,37.4
29109,MO,Lawrence,38872,28920,10.7,10.9,8.4,13.7,25.7,19.0,39.1,40.1,4.3,41.4
29111,MO,Lewis,9818,7755,9.9,11.0,7.9,12.7,25.8,19.1,37.2,36.6,4.1,40.2
29113,MO,Lincoln,64699,48548,7.9,10.6,6.3,11.1,24.9,18.3,34.3,39.9,3.3,36.5
29115,MO,Linn,11791,9017,10.4,10.7,8.5,13.5,25.1,17.9,39.3,35.7,4.3,39.8
29117,MO,Livingston,14557,11376,9.7,11.0,7.8,12.6,26.1,18.9,38.3,39.4,4.1,40.0
29119,MO,McDonald,23903,17900,11.9,11.3,9.0,15.8,26.5,20.2,41.0,43.0,4.8,44.8
29121,MO,Macon,15161,11647,9.3,10.4,8.2,12.9,23.7,17.2,39.1,34.4,4.1,38.9
29123,MO,Madison,12698,9847,9.8,10.7,7.9,13.2,25.4,18.1,38.6,37.7,4.1,39.8
29125,MO,Maries,8430,6697,10.3,10.7,8.5,13.6,25.2,17.9,40.1,38.2,4.3,40.4
29127,MO,Marion,28336,21790,9.1,10.6,7.5,12.8,25.0,17.9,38.2,39.6,3.9,37.3
29129,MO,Mercer,3469,2611,11.8,10.8,9.8,15.6,25.4,18.0,43.4,41.1,4.9,43.5
29131,MO,Miller,25590,19541,9.9,10.7,8.2,13.2,25.8,18.1,38.8,37.5,4.1,39.6
29133,MO,Mississippi,11822,9153,12.3,11.6,9.2,16.7,25.1,19.9,44.4,47.6,5.2,46.2
29135,MO,Moniteau,15256,11398,8.7,10.4,7.1,11.9,24.8,18.1,36.3,39.2,3.7,37.7
29137,MO,Monroe,8698,6787,11.4,10.6,9.6,15.0,24.9,17.5,42.2,37.8,4.9,41.4
29139,MO,Montgomery,11459,8974,10.6,10.9,8.5,13.9,25.1,18.2,40.4,37.3,4.4,40.5
29141,MO,Morgan,21970,16914,12.5,10.9,10.1,15.8,26.1,18.3,43.0,38.2,5.1,44.1
29143,MO,New Madrid,15424,11775,11.9,11.5,9.1,16.1,25.7,19.3,43.6,43.2,5.1,44.6
29145,MO,Newton,60677,46193,9.5,10.7,7.9,13.4,25.0,18.1,38.4,38.8,4.1,38.1
29147,MO,Nodaway,20695,17134,7.7,10.6,6.7,10.6,26.2,19.0,33.0,36.1,3.3,37.1
29149,MO,Oregon,8720,6668,13.3,11.1,10.4,16.5,25.9,19.2,43.8,41.1,5.4,45.3
29151,MO,Osage,13468,10389,8.0,10.3,6.9,11.2,24.2,17.1,35.9,35.6,3.5,35.2
29153,MO,Ozark,8970,7255,14.9,11.2,12.0,18.3,25.5,18.4,47.7,42.5,6.1,47.7
29155,MO,Pemiscot,14613,10795,13.3,12.2,9.7,17.9,25.7,20.5,45.0,44.9,5.6,47.7
29157,MO,Perry,18950,14765,9.2,10.4,7.7,12.5,24.4,17.3,38.4,36.0,3.9,38.0
29159,MO,Pettis,43530,32613,9.0,10.7,7.4,12.6,24.6,18.1,36.3,36.1,3.9,38.8
29161,MO,Phelps,45284,35710,8.4,10.4,7.1,11.7,25.9,18.2,35.4,34.6,3.6,38.3
29163,MO,Pike,17935,13889,10.3,10.6,8.3,13.5,24.1,18.5,40.3,38.3,4.3,40.4
29165,MO,Platte,111940,86325,5.9,9.8,5.6,10.0,22.8,15.4,33.9,37.0,2.8,29.7
29167,MO,Polk,32780,25174,10.1,10.9,8.1,13.0,26.1,19.0,38.0,38.7,4.1,40.5
29169,MO,Pulaski,53812,42066,5.8,10.1,4.5,8.6,24.6,19.1,28.5,35.8,2.5,34.2
29171,MO,Putnam,4638,3551,9.9,10.4,8.7,13.6,24.3,17.1,40.8,35.0,4.3,40.0
29173,MO,Ralls,10489,8338,10.5,10.6,8.8,14.1,24.8,17.4,41.8,40.1,4.5,40.7
29175,MO,Randolph,24109,18724,9.6,10.9,7.6,12.7,25.5,18.8,37.8,37.7,4.0,39.2
29177,MO,Ray,23182,17877,9.6,10.7,7.9,13.3,25.0,18.0,39.8,39.6,4.0,38.9
29179,MO,Reynolds,5950,4821,12.7,11.0,10.2,15.9,25.4,18.4,43.2,41.2,5.2,44.6
29181,MO,Ripley,10806,8128,12.8,11.4,9.7,15.6,27.1,19.9,41.8,41.3,5.0,45.4
29183,MO,St. Charles,416659,323865,5.8,10.0,5.6,10.3,22.8,15.1,31.9,35.7,2.8,31.4
29185,MO,St. Clair,9752,7697,12.5,10.8,10.5,16.2,25.2,17.9,45.0,37.6,5.3,44.5
29186,MO,Ste. Genevieve,18642,14648,9.1,10.4,7.9,12.5,24.4,17.1,39.4,37.2,3.9,38.4
29187,MO,St. Francois,67058,53194,10.1,10.8,7.7,12.9,25.9,19.3,39.2,40.3,4.0,40.4
29189,MO,St. Louis,987059,771815,6.5,10.6,6.1,11.5,22.7,15.9,36.9,31.3,3.4,32.9
29195,MO,Saline,23049,18077,8.2,10.5,7.1,12.4,24.6,18.0,35.3,37.7,3.7,39.2
29197,MO,Schuyler,4053,2951,8.9,10.4,7.6,12.2,24.3,17.8,38.2,38.8,3.9,38.4
29199,MO,Scotland,4676,3300,10.4,10.8,8.4,12.8,25.1,18.5,38.3,37.1,4.3,40.4
29201,MO,Scott,37889,28776,9.9,11.0,7.8,13.4,24.6,18.2,39.8,38.1,4.2,39.7
29203,MO,Shannon,7238,5590,11.7,10.9,9.5,15.2,24.9,18.1,42.5,37.0,4.9,42.2
29205,MO,Shelby,5931,4506,11.8,10.8,9.6,14.9,25.2,18.4,42.6,40.3,4.8,43.4
29207,MO,Stoddard,28397,22190,11.4,10.9,8.8,14.2,26.1,19.0,40.2,37.6,4.6,43.9
29209,MO,Stone,32658,27152,11.3,10.4,10.2,15.6,23.5,15.9,45.5,41.1,5.0,40.7
29211,MO,Sullivan,5797,4514,10.3,10.4,8.9,15.1,24.0,17.7,41.1,40.1,4.5,41.3
29213,MO,Taney,56775,45069,9.5,10.7,8.3,13.3,24.3,17.5,39.4,35.7,4.2,39.8
29215,MO,Texas,25619,20067,12.2,10.9,9.6,15.8,25.5,19.1,43.8,42.1,4.9,44.8
29217,MO,Vernon,19710,15019,11.3,11.1,9.0,14.3,26.6,19.0,40.5,37.8,4.6,43.0
29219,MO,Warren,37806,29200,8.7,10.5,7.3,12.3,24.9,17.8,37.8,39.0,3.7,36.7
29221,MO,Washington,23534,18183,11.9,11.2,8.8,14.8,26.4,19.8,41.0,41.9,4.6,42.8
29223,MO,Wayne,10811,8628,14.3,11.3,11.1,17.4,25.8,19.1,45.4,41.5,5.7,45.6
29225,MO,Webster,41472,29983,9.4,10.8,7.4,12.2,26.1,19.0,37.1,41.7,3.8,38.6
29227,MO,Worth,1907,1536,11.7,10.6,9.9,15.5,24.5,17.5,43.8,40.2,5.0,42.5
29229,MO,Wright,19403,14305,12.6,11.2,9.5,15.5,26.6,19.8,41.3,42.2,5.0,44.6
29510,MO,St. Louis,281754,230905,7.4,11.7,6.1,13.3,23.9,18.2,37.5,37.0,3.9,35.5
30001,MT,Beaverhead,9885,8156,7.5,10.9,7.4,10.5,24.3,16.9,34.0,28.3,3.8,32.1
30003,MT,Big Horn,12751,8784,10.0,14.1,8.3,15.1,25.2,22.2,35.6,35.5,5.0,39.6
30005,MT,Blaine,6899,4948,9.3,13.2,8.3,14.3,24.3,19.8,36.9,41.1,4.7,39.6
30007,MT,Broadwater,8032,6410,7.5,10.9,7.2,10.4,23.1,16.3,35.3,30.7,3.7,30.8
30009,MT,Carbon,11419,9474,8.0,10.9,8.0,11.8,22.8,15.3,40.1,33.0,4.1,31.6
30011,MT,Carter,1418,1121,9.5,11.1,9.2,12.3,23.2,16.3,39.9,32.9,4.7,34.6
30013,MT,Cascade,84900,66139,7.5,12.3,6.7,10.4,27.1,18.8,33.9,35.3,3.6,34.5
30015,MT,Chouteau,5847,4657,8.5,11.8,7.9,12.2,23.8,17.8,37.5,35.6,4.2,34.5
30017,MT,Custer,11985,9637,7.4,11.0,6.8,10.5,24.0,16.9,33.7,32.6,3.6,32.0
30019,MT,Daniels,1633,1289,7.9,10.8,8.1,11.2,22.5,15.9,36.5,33.5,4.1,32.1
30021,MT,Dawson,8810,6918,7.0,10.8,6.8,10.1,23.2,16.8,33.2,32.8,3.5,29.9
30023,MT,Deer Lodge,9673,8546,9.8,11.3,8.8,12.9,24.2,17.3,38.1,32.4,4.6,34.9
30025,MT,Fallon,2994,2225,7.4,11.1,6.8,10.2,23.8,17.6,32.7,31.4,3.6,31.4
30027,MT,Fergus,11772,9316,8.5,11.1,8.0,11.4,23.1,16.4,37.3,31.2,4.2,32.9
30029,MT,Flathead,113679,89230,7.0,10.7,6.5,9.3,23.7,15.8,31.1,31.2,3.4,30.2
30031,MT,Gallatin,126409,102868,4.5,10.7,4.3,6.7,22.8,16.7,23.7,23.0,2.3,24.0
30033,MT,Garfield,1211,917,8.6,11.1,8.3,11.5,24.2,16.9,36.6,30.6,4.3,33.1
30035,MT,Glacier,13609,9584,10.8,14.6,8.5,15.5,25.8,23.2,36.2,39.7,5.3,42.9
30037,MT,Golden Valley,835,693,11.1,11.3,10.6,14.7,23.0,16.3,43.3,32.5,5.4,38.5
30039,MT,Granite,3595,3047,9.0,10.9,9.0,12.3,22.1,15.6,39.4,30.4,4.6,33.3
30041,MT,Hill,16276,11705,8.5,12.2,7.5,12.1,26.2,20.2,36.3,38.5,4.0,34.9
30043,MT,Jefferson,13048,10436,7.0,10.9,6.7,10.3,22.7,15.4,33.4,32.8,3.5,28.7
30045,MT,Judith Basin,2093,1704,9.4,11.0,9.2,12.9,23.3,16.1,39.9,31.5,4.7,34.5
30047,MT,Lake,33338,26163,8.8,12.0,8.3,12.2,24.9,17.5,36.4,33.0,4.5,33.7
30049,MT,Lewis and Clark,75011,59205,6.3,11.2,6.0,9.3,25.8,16.6,30.6,31.0,3.2,29.5
30051,MT,Liberty,1974,1533,10.9,11.9,9.6,13.1,24.9,18.2,39.4,34.0,5.1,38.3
30053,MT,Lincoln,21895,18010,10.7,11.4,9.9,14.0,24.5,16.9,42.6,37.8,5.1,36.8
30055,MT,McCone,1676,1334,7.8,10.7,8.1,11.1,22.1,15.5,38.1,32.4,4.1,32.1
30057,MT,Madison,9521,8033,7.3,10.5,7.7,10.6,21.6,15.0,35.8,28.7,3.8,29.9
30059,MT,Meagher,2071,1699,8.9,10.8,9.1,12.5,22.4,15.0,39.0,32.3,4.6,33.7
30061,MT,Mineral,5090,4134,9.3,11.1,9.1,12.8,23.4,16.0,39.3,36.0,4.6,34.9
30063,MT,Missoula,121849,100124,5.4,10.7,5.2,8.3,26.6,17.6,26.3,26.2,2.8,26.2
30065,MT,Musselshell,5308,4266,9.2,11.2,8.6,12.7,23.3,16.5,38.8,35.6,4.5,33.9
30067,MT,Park,17903,14881,7.6,10.7,7.3,10.5,22.5,15.8,34.0,30.4,3.7,30.6
30069,MT,Petroleum,554,454,8.6,10.5,9.0,12.4,21.4,14.9,39.6,32.9,4.5,33.0
30071,MT,Phillips,4249,3245,8.6,11.2,8.2,12.0,23.9,17.1,35.8,38.8,4.3,32.8
30073,MT,Pondera,6125,4691,10.3,12.3,8.9,13.6,25.0,18.8,37.6,37.2,4.9,37.9
30075,MT,Powder River,1743,1437,8.3,10.7,8.4,11.9,21.7,15.3,37.1,30.4,4.2,33.2
30077,MT,Powell,7133,6094,8.1,10.4,7.6,11.3,22.2,17.0,35.0,35.8,3.9,34.1
30079,MT,Prairie,1112,902,12.8,11.2,12.3,16.2,22.2,16.0,44.8,33.5,6.3,40.6
30081,MT,Ravalli,47738,38925,7.6,10.5,7.5,10.4,22.3,15.3,34.3,31.9,3.8,33.5
30083,MT,Richland,11173,8358,6.4,10.7,6.2,9.2,22.9,16.7,31.3,37.9,3.2,28.9
30085,MT,Roosevelt,10319,6918,9.6,14.2,7.5,14.1,26.9,22.5,36.0,41.0,4.6,41.9
30087,MT,Rosebud,8160,5803,9.5,12.9,8.2,13.6,24.6,20.2,39.4,39.5,4.6,38.6
30089,MT,Sanders,13684,11386,10.8,11.0,10.2,13.7,23.0,16.3,40.4,34.9,5.2,37.0
30091,MT,Sheridan,3498,2775,8.3,11.1,7.9,11.5,23.5,16.4,37.5,35.5,4.1,32.4
30093,MT,Silver Bow,36360,29065,7.6,11.1,6.8,10.2,25.1,18.5,32.5,32.3,3.6,32.6
30095,MT,Stillwater,9173,7300,7.5,10.8,7.3,10.8,22.6,15.4,35.1,30.2,3.8,29.9
30097,MT,Sweet Grass,3763,3087,7.7,10.7,7.9,10.9,22.7,15.6,36.1,29.4,4.0,32.5
30099,MT,Teton,6430,4837,8.1,11.1,7.8,11.0,23.5,17.0,35.0,30.9,4.1,34.1
30101,MT,Toole,5133,4036,8.8,11.0,7.5,11.5,23.2,18.8,34.1,35.6,4.0,35.1
30103,MT,Treasure,772,586,8.7,10.6,9.2,12.5,21.6,14.8,40.0,33.2,4.6,33.6
30105,MT,Valley,7474,5820,8.4,11.3,8.2,11.6,23.2,17.0,39.3,32.7,4.3,33.9
30107,MT,Wheatland,2057,1534,10.0,11.5,9.1,13.0,24.6,17.7,38.9,32.0,4.7,37.0
30109,MT,Wibaux,910,719,8.4,11.0,8.2,11.6,23.6,16.7,37.2,32.5,4.2,33.8
30111,MT,Yellowstone,170843,132003,6.4,10.7,6.0,9.5,27.3,17.6,31.7,34.0,3.2,31.3
31001,NE,Adams,30899,23578,7.0,9.2,7.1,11.8,19.7,14.0,35.6,41.2,3.4,29.1
31003,NE,Antelope,6302,4745,8.1,9.2,8.2,12.9,16.6,13.4,38.7,42.4,4.0,30.7
31005,NE,Arthur,412,313,7.5,9.3,8.0,12.1,17.5,13.7,37.3,41.7,3.9,29.8
31007,NE,Banner,674,520,7.5,9.1,8.2,13.1,16.3,12.3,39.2,38.5,3.9,29.3
31009,NE,Blaine,436,344,8.1,9.4,8.3,13.3,17.4,13.7,39.7,39.3,4.0,31.0
31011,NE,Boone,5310,4024,8.0,8.9,8.2,12.7,16.8,13.2,37.4,33.1,4.1,29.7
31013,NE,Box Butte,10692,8035,7.6,9.2,7.7,13.0,16.8,14.1,36.6,38.8,3.8,30.6
31015,NE,Boyd,1725,1404,9.3,9.0,9.8,14.8,16.0,12.8,43.0,37.9,4.8,34.2
31017,NE,Brown,2853,2242,8.4,9.3,8.5,13.2,17.0,13.7,39.3,40.2,4.2,31.5
31019,NE,Buffalo,50697,39269,5.8,9.2,5.9,9.6,18.1,14.7,32.0,37.3,2.9,26.1
31021,NE,Burt,6727,5218,8.1,9.2,8.3,13.1,17.2,13.7,39.9,40.3,4.1,31.5
31023,NE,Butler,8459,6408,7.0,9.2,7.1,11.3,16.3,13.5,34.8,38.6,3.5,27.4
31025,NE,Cass,27446,21215,6.2,9.2,6.4,10.8,18.2,13.4,34.5,40.2,3.2,26.5
31027,NE,Cedar,8262,6180,6.9,9.0,7.3,11.3,15.9,13.0,35.5,40.2,3.6,28.6
31029,NE,Chase,3724,2808,7.7,9.1,8.1,12.7,16.3,13.1,36.8,36.9,4.0,31.0
31031,NE,Cherry,5492,4162,8.1,9.5,8.2,13.1,17.1,14.0,37.5,40.8,4.1,31.7
31033,NE,Cheyenne,9541,7351,8.0,9.3,7.9,12.9,17.1,14.1,37.5,34.7,4.0,31.1
31035,NE,Clay,6116,4559,7.2,9.2,7.3,11.8,16.9,13.7,35.5,40.1,3.6,29.4
31037,NE,Colfax,10566,7357,6.5,8.5,6.6,13.2,14.1,13.5,32.1,38.8,3.5,30.3
31039,NE,Cuming,8918,6695,7.3,8.9,7.7,12.1,16.7,13.5,37.5,40.4,3.8,30.8
31041,NE,Custer,10581,8019,7.5,9.2,7.7,12.2,16.6,13.6,37.9,40.0,3.8,28.7
31043,NE,Dakota,21268,15010,6.3,8.9,6.3,12.8,15.9,14.3,31.7,44.3,3.3,31.8
31045,NE,Dawes,8133,6654,6.3,9.4,6.5,10.6,18.2,14.7,32.2,35.5,3.2,30.0
31047,NE,Dawson,24085,17395,6.9,8.7,7.0,13.5,15.4,13.7,35.0,41.1,3.6,30.6
31049,NE,Deuel,1871,1493,8.5,9.3,9.1,14.2,16.9,13.0,41.6,39.8,4.4,32.2
31051,NE,Dixon,5491,4099,8.1,9.0,8.3,13.2,15.8,13.4,36.8,43.3,4.1,30.6
31053,NE,Dodge,37187,27891,7.2,9.1,7.0,11.9,16.6,13.7,34.1,39.7,3.6,28.8
31055,NE,Douglas,589540,441789,5.6,8.7,5.3,9.8,18.9,14.6,30.6,36.9,2.9,26.1
31057,NE,Dundy,1561,1277,8.6,9.3,9.0,14.2,16.7,13.1,41.2,37.0,4.4,32.3
31059,NE,Fillmore,5548,4435,7.3,9.3,7.6,12.3,16.6,13.1,36.9,42.1,3.7,28.9
31061,NE,Franklin,2825,2223,9.2,9.4,9.5,14.2,17.8,13.9,41.9,39.2,4.6,34.1
31063,NE,Frontier,2585,2060,7.4,9.2,7.9,11.9,16.6,13.5,36.5,37.4,3.8,29.5
31065,NE,Furnas,4556,3583,8.5,9.4,8.7,13.5,17.1,13.6,39.6,44.4,4.2,32.2
31067,NE,Gage,21634,16755,8.1,9.4,7.9,12.6,17.6,14.3,39.6,41.8,3.9,31.0
31069,NE,Garden,1794,1468,9.9,9.4,10.2,15.5,16.9,13.4,44.0,40.2,5.0,34.7
31071,NE,Garfield,1763,1422,7.5,9.0,8.4,12.3,16.2,12.5,38.0,38.8,4.0,29.8
31073,NE,Gosper,1847,1454,7.2,9.0,8.0,12.4,16.4,12.8,37.6,38.4,3.8,28.4
31075,NE,Grant,565,427,7.3,9.1,7.8,12.1,17.0,12.9,37.6,36.5,3.8,28.6
31077,NE,Greeley,2219,1694,8.0,9.0,8.3,12.6,16.5,13.5,37.8,34.7,4.1,30.1
31079,NE,Hall,62197,45205,6.9,8.8,6.7,12.0,16.4,14.0,32.8,41.2,3.5,32.2
31081,NE,Hamilton,9537,7226,6.4,9.2,6.8,10.5,16.9,13.4,34.3,40.7,3.3,28.3
31083,NE,Harlan,3045,2375,8.0,9.1,8.5,13.0,16.6,13.1,39.4,35.4,4.1,31.6
31085,NE,Hayes,846,629,8.7,8.9,9.5,14.1,16.5,12.9,40.8,41.0,4.5,32.7
31087,NE,Hitchcock,2552,1964,8.5,9.3,8.7,13.4,17.2,13.7,40.4,41.6,4.3,31.7
31089,NE,Holt,10093,7493,8.1,9.2,8.2,12.9,16.0,13.3,36.6,38.4,4.0,31.0
31091,NE,Hooker,679,529,8.3,9.2,8.6,13.3,16.9,13.4,39.8,39.7,4.3,31.7
31093,NE,Howard,6527,4978,7.0,9.1,7.3,11.5,16.8,13.4,37.6,38.6,3.6,28.2
31095,NE,Jefferson,7054,5436,7.7,9.2,8.1,13.4,17.7,13.6,37.6,37.4,4.0,31.4
31097,NE,Johnson,5198,4248,6.9,8.5,6.8,11.6,15.7,13.7,34.3,38.1,3.5,29.5
31099,NE,Kearney,6770,5096,6.2,9.0,6.7,10.8,16.8,12.8,33.3,38.3,3.3,26.8
31101,NE,Keith,8113,6429,8.0,9.0,8.5,13.2,15.6,12.9,38.4,35.4,4.2,31.2
31103,NE,Keya Paha,805,656,9.0,8.9,10.1,14.2,16.0,12.6,41.7,36.6,4.8,33.6
31105,NE,Kimball,3289,2640,9.8,9.5,9.7,15.2,17.3,14.0,40.9,42.1,4.9,36.2
31107,NE,Knox,8298,6275,9.0,9.5,8.9,14.1,16.8,14.1,38.8,39.8,4.5,33.6
31109,NE,Lancaster,326716,254106,5.5,9.2,5.5,9.6,20.5,14.5,30.0,34.4,2.8,25.7
31111,NE,Lincoln,33365,25829,8.0,9.7,8.0,12.9,18.9,14.5,37.5,40.1,4.0,32.2
31113,NE,Logan,655,518,7.1,8.9,7.8,12.0,16.2,12.4,38.8,35.9,3.8,28.2
31115,NE,Loup,592,479,7.8,8.8,8.7,13.5,15.9,12.2,40.1,36.4,4.2,29.4
31117,NE,McPherson,383,316,8.2,9.2,9.2,13.3,16.7,12.7,40.3,38.5,4.4,31.9
31119,NE,Madison,35627,26650,6.7,9.4,6.7,11.8,16.2,14.0,35.1,40.0,3.4,28.0
31121,NE,Merrick,7755,5997,7.4,9.2,7.5,11.7,17.8,14.2,36.1,39.3,3.7,30.0
31123,NE,Morrill,4504,3482,8.4,9.2,8.3,13.3,17.1,14.0,37.2,41.6,4.2,33.3
31125,NE,Nance,3274,2505,8.4,9.5,7.8,12.7,17.9,14.7,37.4,41.0,3.9,30.3
31127,NE,Nemaha,7076,5443,7.6,9.5,7.4,11.7,18.4,14.8,33.7,40.7,3.7,29.8
31129,NE,Nuckolls,4095,3260,7.9,9.0,8.4,12.7,16.9,12.8,40.0,41.8,4.1,29.7
31131,NE,Otoe,16335,12426,6.8,9.2,7.0,11.9,17.7,13.6,36.7,40.7,3.4,29.5
31133,NE,Pawnee,2512,1933,9.8,9.5,9.9,14.4,16.9,13.7,42.2,37.5,4.9,35.4
31135,NE,Perkins,2795,2130,7.3,9.1,7.6,11.9,17.0,13.3,36.7,40.6,3.7,29.4
31137,NE,Phelps,9057,6814,7.3,9.2,7.3,11.5,17.9,14.1,35.3,38.6,3.7,30.9
31139,NE,Pierce,7299,5430,6.8,9.1,7.0,10.9,17.1,13.7,34.4,38.9,3.5,27.6
31141,NE,Platte,34609,25501,6.6,8.6,6.8,11.9,15.8,13.4,34.9,41.8,3.4,28.8
31143,NE,Polk,5228,4066,7.2,9.0,7.6,12.0,16.5,13.3,37.0,40.4,3.7,29.4
31145,NE,Red Willow,10457,8110,7.6,9.5,7.6,12.1,19.4,14.2,38.6,42.1,3.8,32.3
31147,NE,Richardson,7689,6032,8.4,9.4,8.4,14.0,17.7,13.7,41.1,45.3,4.2,32.0
31149,NE,Rock,1271,987,7.7,9.1,8.2,12.5,16.6,12.7,38.3,38.8,3.9,29.4
31151,NE,Saline,14555,10731,6.5,8.8,6.5,11.8,16.9,14.2,32.0,40.4,3.3,30.3
31153,NE,Sarpy,199886,148082,4.6,8.6,4.7,9.4,17.5,13.5,30.1,35.9,2.5,23.4
31155,NE,Saunders,23463,17644,6.1,8.9,6.4,10.5,16.5,13.0,34.8,39.3,3.1,25.6
31157,NE,Scotts Bluff,35699,27153,7.6,9.2,7.5,13.0,17.5,14.1,37.7,39.1,3.8,33.9
31159,NE,Seward,17671,13590,5.9,9.1,6.0,9.5,18.4,13.8,32.0,34.5,3.0,27.2
31161,NE,Sheridan,4928,3887,8.7,9.5,8.9,13.9,16.4,13.3,40.7,36.0,4.5,32.8
31163,NE,Sherman,2983,2327,8.8,9.3,9.0,13.7,16.7,13.5,39.9,41.4,4.4,32.8
31165,NE,Sioux,1154,947,10.6,9.4,10.9,16.0,17.2,13.8,43.9,42.6,5.2,36.0
31167,NE,Stanton,5856,4443,6.8,9.1,7.1,11.5,16.4,13.3,34.3,39.8,3.5,27.2
31169,NE,Thayer,4829,3720,8.4,9.3,8.4,13.2,17.4,13.7,38.4,40.0,4.2,31.6
31171,NE,Thomas,677,525,6.7,9.0,7.3,11.3,16.6,12.6,36.0,36.6,3.6,28.2
31173,NE,Thurston,6557,4284,7.8,11.3,6.9,13.4,18.2,17.7,35.8,45.4,3.9,36.1
31175,NE,Valley,4012,3070,8.2,9.3,8.5,12.9,16.6,13.3,38.5,41.8,4.2,31.2
31177,NE,Washington,21152,16193,6.0,8.9,6.3,10.7,17.7,12.9,34.2,41.2,3.1,26.0
31179,NE,Wayne,9874,7832,5.8,9.2,5.8,9.7,18.2,15.5,29.0,37.3,2.9,27.8
31181,NE,Webster,3351,2578,7.7,9.3,7.6,12.9,17.6,13.7,37.4,39.1,3.8,30.6
31183,NE,Wheeler,775,603,7.6,8.8,8.5,13.2,15.8,11.8,40.6,38.4,4.0,29.7
31185,NE,York,14356,11004,7.0,9.4,7.1,11.2,17.3,14.3,34.0,40.9,3.5,29.5
32001,NV,Churchill,25803,19917,8.2,11.2,7.3,11.7,22.0,18.8,35.4,37.8,3.8,35.3
32003,NV,Clark,2336573,1824661,6.9,10.1,6.2,12.4,20.3,18.7,34.5,31.4,3.4,34.0
32005,NV,Douglas,49545,42375,8.2,10.1,8.5,12.2,18.9,14.5,38.2,27.1,4.2,33.2
32007,NV,Elko,54293,40093,7.3,10.7,6.2,11.0,21.5,18.8,32.1,38.0,3.3,34.7
32009,NV,Esmeralda,736,636,12.5,10.9,12.1,17.7,20.2,16.8,44.8,36.1,6.1,43.7
32011,NV,Eureka,1917,1480,12.1,11.4,9.9,16.1,23.5,19.7,41.5,38.8,5.2,41.2
32013,NV,Humboldt,17136,12652,7.6,10.7,6.6,11.5,21.7,18.2,32.0,36.2,3.5,35.8
32015,NV,Lander,5769,4270,9.0,10.9,7.7,13.0,22.8,19.1,36.0,35.1,4.1,37.3
32017,NV,Lincoln,4452,3519,8.3,10.4,7.9,11.8,21.2,16.9,37.0,31.6,4.0,35.1
32019,NV,Lyon,62583,49698,8.5,10.8,7.5,12.3,21.4,17.7,37.5,35.2,3.9,35.8
32021,NV,Mineral,4528,3656,12.9,11.7,11.1,17.6,22.3,19.3,44.0,38.2,6.0,45.2
32023,NV,Nye,55720,46506,11.0,11.1,10.1,15.7,21.0,17.9,42.3,39.7,5.2,40.9
32027,NV,Pershing,6364,5279,8.0,9.8,7.4,12.1,19.6,17.6,35.4,35.7,3.8,36.1
32029,NV,Storey,4177,3662,8.1,10.3,8.4,12.4,19.7,14.7,38.5,31.6,4.1,33.3
32031,NV,Washoe,498022,396438,6.7,10.3,6.1,10.0,21.1,17.5,29.7,28.5,3.2,30.6
32033,NV,White Pine,8522,6803,9.1,10.7,8.1,12.6,21.5,18.5,36.4,34.4,4.2,37.6
32510,NV,Carson City,58036,46575,7.8,10.5,7.2,12.1,21.4,17.6,34.5,33.1,3.7,35.7
33001,NH,Belknap,65027,53990,7.5,10.3,7.0,10.5,23.1,15.1,35.7,30.5,3.6,28.2
33003,NH,Carroll,52448,44871,7.5,10.0,7.8,10.7,21.5,13.8,35.1,30.7,3.8,26.1
33005,NH,Cheshire,77703,63936,7.1,10.5,6.6,9.5,23.6,15.8,33.3,29.9,3.4,28.9
33007,NH,Coos,31372,26302,9.5,11.5,8.4,13.0,22.6,16.0,38.2,36.4,4.4,34.3
33009,NH,Grafton,93146,78967,6.4,10.4,6.4,9.3,23.7,15.0,31.8,25.8,3.2,26.0
33011,NH,Hillsborough,427354,344717,5.7,10.6,5.6,9.2,21.5,15.3,31.5,33.1,2.9,25.9
33013,NH,Merrimack,157103,128587,6.4,11.0,5.9,9.1,23.6,15.5,31.8,33.2,3.1,27.1
33015,NH,Rockingham,320689,262293,5.7,10.0,5.7,9.1,21.7,14.4,34.7,31.2,2.9,23.8
33017,NH,Strafford,133243,110001,6.0,10.7,5.3,8.6,26.3,17.5,30.9,32.4,2.8,25.8
33019,NH,Sullivan,43969,36340,8.0,10.8,7.3,11.2,24.1,15.7,36.1,33.5,3.8,29.7
34001,NJ,Atlantic,275213,218623,6.5,9.5,6.8,12.7,16.3,15.9,36.1,30.7,3.7,28.6
34003,NJ,Bergen,957736,759402,4.4,8.0,5.2,9.7,14.0,13.6,32.5,25.6,2.8,21.5
34005,NJ,Burlington,469167,373419,5.2,9.2,5.6,10.5,15.7,15.0,34.0,30.2,3.1,25.0
34007,NJ,Camden,527196,407842,5.7,9.7,5.7,11.4,17.6,16.2,33.4,29.8,3.3,27.9
34009,NJ,Cape May,94610,78642,7.2,9.5,7.8,11.7,17.6,14.3,38.9,33.5,3.9,27.5
34011,NJ,Cumberland,152326,115216,7.4,9.7,7.0,13.5,16.1,17.7,38.8,40.4,4.0,31.4
34013,NJ,Essex,851117,652264,5.5,9.8,5.6,12.0,15.4,16.0,31.7,29.6,3.6,26.1
34015,NJ,Gloucester,308423,243231,5.4,9.8,5.4,10.3,18.6,16.3,36.6,31.5,3.0,25.2
34017,NJ,Hudson,705472,568317,4.1,8.4,4.7,10.5,14.2,14.7,28.6,27.9,2.6,25.2
34019,NJ,Hunterdon,130183,105457,4.9,8.8,5.8,9.2,16.5,13.3,31.7,26.3,2.8,22.7
34021,NJ,Mercer,381671,298044,4.9,9.0,5.4,11.1,14.8,14.5,31.2,25.4,3.1,23.0
34023,NJ,Middlesex,863623,680119,4.4,8.4,5.1,11.6,12.7,13.8,33.2,29.9,2.8,24.1
34025,NJ,Monmouth,642799,510015,5.0,8.8,5.7,9.8,14.3,13.6,32.9,30.4,2.9,22.3
34027,NJ,Morris,514423,409159,4.2,8.3,5.1,9.0,14.9,13.0,31.0,22.8,2.6,20.8
34029,NJ,Ocean,659197,494303,6.8,9.2,7.0,11.4,16.1,15.0,35.0,29.8,3.6,27.4
34031,NJ,Passaic,513395,392936,5.8,8.9,6.1,12.7,15.4,15.8,32.4,31.0,3.4,30.0
34033,NJ,Salem,65338,50965,7.2,10.1,6.9,11.9,18.6,17.0,37.4,34.0,3.8,29.6
34035,NJ,Somerset,348842,275979,4.1,8.0,4.9,10.1,13.9,12.6,30.6,26.3,2.6,20.1
34037,NJ,Sussex,146132,117673,5.4,9.4,5.8,9.5,18.2,14.9,33.3,26.9,2.9,23.0
34039,NJ,Union,572726,439083,5.0,9.0,5.5,11.6,14.3,15.0,33.7,29.7,3.2,25.4
34041,NJ,Warren,111252,89862,5.8,9.3,6.1,10.0,17.8,15.3,34.5,32.5,3.2,25.1
35001,NM,Bernalillo,671586,538537,5.6,9.7,6.5,11.6,24.6,15.7,33.5,33.0,3.4,30.7
35003,NM,Catron,3825,3386,11.3,10.0,12.4,17.7,21.8,14.1,47.1,31.6,6.1,39.1
35005,NM,Chaves,63561,47930,7.4,9.9,7.5,14.3,23.7,17.3,36.9,39.8,4.0,38.9
35006,NM,Cibola,26780,20607,8.4,11.5,8.3,16.6,23.4,18.7,36.8,39.1,4.7,40.0
35007,NM,Colfax,12255,10226,8.1,9.4,9.3,15.5,21.1,14.6,39.2,31.5,4.7,37.2
35009,NM,Curry,47222,34741,6.7,10.3,6.4,12.0,24.6,18.3,32.2,39.4,3.5,34.9
35011,NM,De Baca,1657,1294,8.8,10.0,9.8,15.3,22.5,15.4,40.6,32.5,4.9,37.9
35013,NM,DoÃ±a Ana,225210,174328,6.0,9.4,6.7,13.7,22.0,15.9,32.5,35.9,3.6,36.3
35015,NM,Eddy,60275,44384,5.9,9.7,6.3,11.6,22.8,16.7,32.2,39.8,3.3,33.0
35017,NM,Grant,27472,22591,8.5,9.5,9.8,15.9,21.2,14.5,39.7,32.8,4.9,37.0
35019,NM,Guadalupe,4292,3499,6.4,8.6,8.3,16.5,19.2,15.2,37.2,36.8,4.3,38.9
35021,NM,Harding,624,540,10.8,9.4,12.9,19.6,20.4,13.6,47.5,35.3,6.4,42.4
35023,NM,Hidalgo,3965,3115,8.3,9.5,9.2,16.4,21.6,15.8,39.2,34.5,4.8,38.6
35025,NM,Lea,72101,51363,6.3,9.6,6.2,12.0,21.7,17.6,32.3,37.0,3.4,36.2
35027,NM,Lincoln,20029,16497,8.5,9.6,9.6,14.4,22.4,14.2,41.3,30.0,4.7,36.0
35028,NM,Los Alamos,19444,15411,3.7,8.8,4.9,8.0,20.5,12.1,28.0,25.4,2.4,21.4
35029,NM,Luna,25316,18862,9.5,9.9,10.1,17.7,22.6,17.6,39.0,35.7,5.3,42.7
35031,NM,McKinley,68797,50466,11.5,14.2,9.5,19.0,24.8,23.3,38.2,41.3,6.0,43.9
35033,NM,Mora,4123,3454,6.6,8.4,9.6,18.5,17.7,12.6,40.9,33.1,4.7,37.2
35035,NM,Otero,68835,54011,7.2,10.0,7.2,12.7,24.0,17.1,34.2,37.1,3.9,34.8
35037,NM,Quay,8510,6759,9.9,10.0,10.3,17.2,22.3,16.0,41.9,37.6,5.4,39.9
35039,NM,Rio Arriba,39876,30988,7.0,9.9,8.4,17.2,20.2,15.8,36.8,39.9,4.5,39.7
35041,NM,Roosevelt,18787,14317,6.6,10.0,6.5,11.5,24.2,18.2,30.9,32.6,3.4,36.1
35043,NM,Sandoval,155936,122649,5.6,9.7,6.4,11.8,23.1,15.3,34.0,32.6,3.4,31.1
35045,NM,San Juan,120675,90972,9.2,12.0,8.3,14.5,23.4,19.4,34.2,35.1,4.7,40.7
35047,NM,San Miguel,26668,22308,6.5,9.0,8.5,17.1,19.5,14.5,37.1,37.3,4.4,38.1
35049,NM,Santa Fe,155956,131762,6.3,9.2,7.6,12.6,21.9,13.1,33.2,25.6,3.8,28.8
35051,NM,Sierra,11488,9643,11.9,10.1,12.7,18.2,22.0,15.1,46.2,36.8,6.4,42.3
35053,NM,Socorro,15963,12594,8.1,10.0,8.7,15.7,21.7,17.2,36.6,36.2,4.6,38.4
35055,NM,Taos,34405,29128,7.0,9.4,8.7,15.2,20.5,13.4,38.1,27.9,4.4,33.7
35057,NM,Torrance,15633,12406,9.6,10.2,9.6,16.5,24.4,17.2,39.8,34.5,5.0,40.4
35059,NM,Union,3964,3169,8.4,9.7,8.7,14.7,22.2,16.0,38.2,34.3,4.5,36.9
35061,NM,Valencia,79141,61087,6.6,9.6,7.4,14.6,21.8,16.1,35.2,35.4,3.9,36.5
36001,NY,Albany,316659,260123,5.7,10.8,5.5,9.2,21.1,15.4,31.7,29.8,3.0,25.9
36003,NY,Allegany,46651,37430,8.1,11.2,7.3,11.1,21.2,17.4,35.5,34.4,3.7,30.1
36005,NY,Bronx,1356476,1031703,6.9,11.8,7.0,16.1,15.8,16.4,36.5,33.5,4.4,36.2
36007,NY,Broome,196077,158802,7.7,11.5,7.1,10.9,20.7,16.6,35.0,33.1,3.7,29.4
36009,NY,Cattaraugus,75600,59190,9.4,11.4,8.0,12.1,21.6,17.5,38.1,35.7,4.1,32.1
36011,NY,Cayuga,74485,60227,8.6,11.1,7.7,11.8,20.8,16.6,36.8,35.7,3.9,32.1
36013,NY,Chautauqua,124891,99281,8.8,11.2,7.9,12.6,20.6,16.7,37.3,36.3,4.0,30.9
36015,NY,Chemung,81325,64334,8.2,11.2,7.3,11.5,21.4,17.1,36.8,30.7,3.8,29.1
36017,NY,Chenango,45920,36448,9.0,11.2,8.1,12.3,21.1,16.9,37.1,36.3,4.1,30.9
36019,NY,Clinton,78115,63935,7.8,11.6,7.0,10.7,22.7,17.6,34.1,33.2,3.5,28.8
36021,NY,Columbia,60470,51121,7.7,10.5,7.8,11.8,19.3,14.3,37.0,30.8,3.9,28.5
36023,NY,Cortland,45752,37332,6.9,11.3,6.2,9.3,23.0,17.9,31.1,30.5,3.1,27.8
36025,NY,Delaware,44410,37417,9.0,10.9,8.5,12.5,20.5,16.1,39.6,32.8,4.3,31.2
36027,NY,Dutchess,297150,243026,5.9,10.4,6.0,9.9,18.9,14.8,33.4,28.2,3.1,25.5
36029,NY,Erie,946147,756717,6.9,11.5,6.5,10.8,20.6,16.0,33.0,32.8,3.4,24.9
36031,NY,Essex,36775,31123,8.3,10.7,8.1,11.8,20.4,15.1,37.9,34.8,4.0,30.2
36033,NY,Franklin,46502,37193,8.6,11.4,7.6,12.2,21.9,17.3,36.4,40.7,3.9,31.8
36035,NY,Fulton,52234,41853,9.1,11.9,7.8,12.1,21.7,17.4,38.3,35.8,4.0,33.2
36037,NY,Genesee,57529,45851,7.4,10.9,6.9,10.7,21.1,16.4,35.1,30.2,3.5,29.0
36039,NY,Greene,47062,39543,8.0,10.8,7.6,11.7,20.3,15.5,36.6,34.4,3.9,29.6
36041,NY,Hamilton,5082,4455,9.4,10.9,9.3,13.4,19.4,14.5,41.5,31.0,4.5,30.8
36043,NY,Herkimer,59484,47406,8.4,11.0,7.6,11.3,20.4,16.6,36.4,37.0,3.9,29.7
36045,NY,Jefferson,114787,87280,6.9,11.2,6.0,10.0,20.5,17.4,30.8,37.8,3.1,28.6
36047,NY,Kings,2561225,2003937,5.8,10.3,5.7,12.0,16.1,15.2,30.4,25.1,3.6,27.1
36049,NY,Lewis,26548,20528,8.6,11.0,7.7,11.8,20.9,16.8,36.3,40.9,3.9,29.8
36051,NY,Livingston,61158,50385,7.1,11.0,6.6,10.1,20.8,16.3,33.7,30.8,3.4,27.2
36053,NY,Madison,66921,54640,7.1,11.0,6.7,10.3,21.1,16.3,33.7,36.4,3.4,27.9
36055,NY,Monroe,748482,597520,6.3,10.9,6.3,11.2,21.9,15.3,33.7,31.4,3.3,27.4
36057,NY,Montgomery,49368,37918,8.2,11.0,7.4,11.5,21.2,16.8,35.3,38.8,3.8,29.5
36059,NY,Nassau,1381715,1086193,4.8,9.6,5.4,10.1,13.4,13.2,31.8,28.4,2.9,23.6
36061,NY,New York,1597451,1381420,4.4,9.6,4.9,8.9,18.5,14.5,27.2,19.2,2.7,23.9
36063,NY,Niagara,209457,168091,7.7,11.3,7.0,11.3,21.1,16.2,37.0,39.5,3.7,28.2
36065,NY,Oneida,227555,178989,8.0,11.0,7.3,11.5,20.4,16.7,36.6,36.1,3.7,29.6
36067,NY,Onondaga,467873,370637,6.8,11.3,6.5,10.9,22.0,16.5,35.6,36.9,3.4,27.9
36069,NY,Ontario,112494,91175,6.8,10.6,6.8,10.5,20.3,15.2,34.1,30.7,3.4,26.5
36071,NY,Orange,407470,303262,6.1,10.5,5.8,11.2,17.8,16.0,31.9,32.2,3.2,26.9
36073,NY,Orleans,39124,31736,8.5,11.4,7.5,11.7,20.6,17.2,35.7,32.9,3.9,30.2
36075,NY,Oswego,118162,94079,8.3,11.3,7.2,11.2,21.9,18.0,35.2,36.4,3.7,29.9
36077,NY,Otsego,60126,51237,7.2,11.3,6.8,10.2,20.9,17.4,32.1,29.9,3.4,28.3
36079,NY,Putnam,98060,79093,5.3,9.9,5.8,9.7,17.6,13.7,30.4,27.5,2.9,22.9
36081,NY,Queens,2252196,1821507,5.4,8.9,6.0,14.3,13.7,13.6,33.6,24.0,3.5,28.9
36083,NY,Rensselaer,159305,129327,6.5,10.9,6.0,9.9,20.0,16.0,32.1,31.5,3.1,26.6
36085,NY,Richmond,490687,385428,6.0,10.2,5.8,11.9,15.3,14.6,34.1,30.3,3.2,26.5
36087,NY,Rockland,340807,238842,6.1,10.5,6.3,11.3,17.9,15.0,32.3,30.5,3.4,25.6
36089,NY,St. Lawrence,106940,85802,8.6,11.7,7.3,11.9,23.6,18.2,36.5,41.8,3.8,31.7
36091,NY,Saratoga,238711,193626,5.8,10.3,6.0,9.6,20.2,14.7,32.3,33.1,3.0,23.8
36093,NY,Schenectady,159902,125778,6.4,11.0,6.1,10.2,19.3,15.8,33.0,34.3,3.3,27.0
36095,NY,Schoharie,30105,24919,7.9,11.0,7.6,11.3,20.0,16.1,36.8,32.4,3.8,28.5
36097,NY,Schuyler,17507,14192,9.0,11.2,8.2,12.4,20.8,16.2,37.8,31.7,4.1,30.7
36099,NY,Seneca,32349,25660,8.7,11.2,7.8,11.6,21.2,16.8,36.4,34.7,4.0,30.7
36101,NY,Steuben,92162,72423,8.3,11.0,7.5,11.5,21.7,16.4,35.7,34.8,3.8,30.1
36103,NY,Suffolk,1523170,1210387,5.4,10.2,5.7,10.0,16.0,14.4,31.7,29.7,3.0,26.1
36105,NY,Sullivan,79920,62695,7.5,10.6,7.2,12.1,19.3,15.7,35.8,31.9,3.7,29.4
36107,NY,Tioga,47715,38115,8.1,11.0,7.6,11.3,21.0,16.0,36.9,30.5,3.8,29.2
36109,NY,Tompkins,103558,89113,4.8,10.5,4.8,7.6,22.5,16.1,26.1,24.6,2.4,23.2
36111,NY,Ulster,182333,151636,6.9,10.4,6.8,10.9,19.4,15.2,37.0,30.5,3.5,26.5
36113,NY,Warren,65380,54087,7.4,10.9,7.2,11.2,21.0,15.3,35.8,31.0,3.6,27.8
36115,NY,Washington,60047,49075,8.1,11.1,7.4,11.2,20.4,16.4,36.2,31.4,3.8,30.4
36117,NY,Wayne,90829,71935,7.7,11.1,7.3,11.2,20.9,16.1,34.0,37.4,3.7,28.9
36119,NY,Westchester,990817,782936,4.9,9.3,5.6,10.5,15.5,13.3,29.8,26.0,3.0,23.0
36121,NY,Wyoming,39532,32281,8.1,10.9,7.3,11.2,20.7,16.5,36.6,35.6,3.7,29.5
36123,NY,Yates,24472,18914,8.9,11.3,7.9,11.6,20.8,16.7,35.8,33.9,4.0,31.0
37001,NC,Alamance,179165,139859,7.4,10.9,6.7,12.2,24.0,17.2,36.5,38.5,3.8,33.0
37003,NC,Alexander,36473,29341,9.2,10.8,8.0,12.7,25.8,17.5,39.1,36.5,4.1,35.9
37005,NC,Alleghany,11342,9426,11.6,10.8,10.5,16.0,25.3,16.4,44.9,36.5,5.3,39.8
37007,NC,Anson,21897,17493,10.5,12.0,8.8,17.2,23.4,18.9,46.6,43.3,5.5,41.1
37009,NC,Ashe,27063,22627,10.0,10.6,9.4,14.0,25.2,16.2,42.9,36.2,4.6,36.9
37011,NC,Avery,17561,15011,9.2,10.6,8.4,12.9,25.2,16.8,39.9,37.1,4.2,35.7
37013,NC,Beaufort,44481,35939,10.0,11.2,9.2,15.6,23.9,16.5,45.0,36.8,5.0,37.5
37015,NC,Bertie,16922,14112,10.7,12.0,9.6,19.3,21.7,17.5,50.0,43.0,6.3,41.6
37017,NC,Bladen,29484,23400,10.0,11.6,9.1,16.6,24.2,17.4,46.3,41.3,5.3,39.1
37019,NC,Brunswick,159964,137936,8.5,10.4,8.8,13.5,23.4,14.0,41.6,32.8,4.3,33.1
37021,NC,Buncombe,275901,227608,6.9,10.3,6.7,10.9,24.7,15.3,36.1,31.3,3.4,30.5
37023,NC,Burke,88338,72201,9.8,10.9,8.6,13.8,26.1,17.3,40.4,36.8,4.4,36.9
37025,NC,Cabarrus,240016,180188,5.8,10.4,5.5,10.8,23.4,16.2,34.7,33.3,3.1,29.2
37027,NC,Caldwell,80574,64820,9.6,11.0,8.4,13.2,26.3,17.6,39.8,33.4,4.3,35.7
37029,NC,Camden,11137,8653,6.5,10.6,6.1,10.7,24.6,16.1,35.6,35.2,3.3,29.4
37031,NC,Carteret,69615,58070,8.1,10.4,8.1,12.5,24.1,14.7,40.5,34.0,4.0,31.9
37033,NC,Caswell,22807,18569,9.5,11.3,8.5,15.5,23.5,17.2,44.1,39.3,5.0,37.8
37035,NC,Catawba,164645,129398,7.8,10.7,7.1,12.1,25.7,16.7,37.4,37.4,3.7,32.9
37037,NC,Chatham,81624,66141,7.3,10.2,7.8,12.9,22.1,13.8,39.9,30.1,4.0,30.9
37039,NC,Cherokee,29959,25195,10.8,10.7,10.3,15.2,25.4,15.7,44.8,34.8,5.1,37.6
37041,NC,Chowan,13891,11123,10.5,11.5,9.5,17.0,23.5,16.7,47.1,40.4,5.5,39.3
37043,NC,Clay,11864,10069,10.0,10.5,9.9,14.3,24.7,14.7,44.3,35.3,4.8,36.3
37045,NC,Cleveland,101378,78793,9.1,11.5,7.8,13.6,25.9,17.8,41.1,38.6,4.4,36.5
37047,NC,Columbus,50121,39774,10.0,11.8,8.6,15.6,24.4,18.3,44.6,41.1,5.1,38.8
37049,NC,Craven,102391,80675,7.9,10.9,7.4,12.5,24.3,16.7,39.5,36.9,4.0,34.0
37051,NC,Cumberland,337890,252626,6.5,11.4,5.7,12.2,25.0,18.4,37.6,40.1,3.6,35.4
37053,NC,Currituck,31593,24619,6.7,10.4,6.3,10.7,24.7,15.8,35.2,34.5,3.2,29.7
37055,NC,Dare,38110,31485,7.0,10.1,7.1,11.2,24.1,14.2,38.0,31.6,3.5,29.0
37057,NC,Davidson,174804,137346,8.7,11.0,7.6,12.7,25.6,17.5,38.6,36.2,4.1,34.5
37059,NC,Davie,44599,35409,7.8,10.5,7.5,12.1,24.8,15.8,39.1,33.4,3.9,33.3
37061,NC,Duplin,49520,37683,9.4,11.2,8.4,15.5,23.4,17.3,42.9,39.4,4.9,38.9
37063,NC,Durham,336892,271458,5.1,10.8,5.0,10.5,22.9,15.3,32.9,36.1,3.0,28.0
37065,NC,Edgecombe,48832,37653,10.0,12.4,8.8,17.9,22.7,18.2,47.6,43.7,5.7,40.3
37067,NC,Forsyth,392921,304926,7.0,11.1,6.5,12.4,23.4,16.4,36.7,41.2,3.7,32.8
37069,NC,Franklin,77001,60292,7.6,11.0,6.8,12.8,24.5,16.8,38.6,38.8,3.9,33.9
37071,NC,Gaston,237242,184354,7.7,11.1,6.7,12.3,25.3,17.4,37.1,36.2,3.7,33.0
37073,NC,Gates,10343,8363,9.5,11.5,8.6,15.8,24.2,17.3,44.6,39.0,5.1,37.6
37075,NC,Graham,8052,6517,9.2,10.9,8.7,13.1,25.4,16.8,40.5,35.1,4.3,36.1
37077,NC,Granville,62192,49581,8.0,11.3,7.2,13.6,23.4,17.0,40.7,36.2,4.2,34.1
37079,NC,Greene,20530,16688,9.6,11.3,8.1,15.9,23.4,18.7,43.0,42.8,4.9,39.9
37081,NC,Guilford,549866,430053,6.5,11.2,6.1,12.2,24.2,16.8,36.9,38.0,3.6,33.1
37083,NC,Halifax,47298,37177,11.5,12.4,9.8,19.4,22.5,18.4,49.7,42.6,6.3,42.0
37085,NC,Harnett,141477,105764,7.1,11.0,6.2,11.8,26.0,18.1,37.7,36.9,3.5,33.8
37087,NC,Haywood,62969,52105,8.7,10.6,8.3,12.4,26.4,15.9,40.2,33.3,4.1,35.3
37089,NC,Henderson,119230,97324,8.2,10.3,8.2,12.5,23.8,14.9,38.8,30.3,4.1,32.9
37091,NC,Hertford,19453,15694,10.2,12.3,9.1,18.9,22.6,18.2,48.1,42.5,6.0,40.9
37093,NC,Hoke,54446,39888,7.0,11.7,6.0,13.3,24.7,19.0,38.2,38.5,3.8,34.8
37095,NC,Hyde,4607,3922,10.8,11.0,9.6,17.0,23.2,17.2,46.5,41.0,5.5,40.2
37097,NC,Iredell,199710,155704,6.6,10.5,6.2,10.7,24.4,15.9,36.4,32.8,3.3,30.8
37099,NC,Jackson,44574,37282,8.2,11.1,7.4,12.1,27.2,18.3,35.5,34.5,3.8,35.3
37101,NC,Johnston,241955,182582,6.6,10.8,5.9,11.6,24.3,16.9,35.1,35.1,3.3,32.1
37103,NC,Jones,9401,7647,10.8,11.6,9.4,17.0,24.7,17.6,46.3,40.0,5.5,39.8
37105,NC,Lee,67059,51479,8.0,10.9,7.2,13.5,24.4,17.5,38.4,37.8,4.0,35.6
37107,NC,Lenoir,54895,42399,11.1,12.2,9.5,17.8,24.2,18.5,46.9,42.4,5.8,41.8
37109,NC,Lincoln,95675,76148,7.6,10.6,7.0,11.5,25.1,16.2,37.6,35.0,3.6,31.5
37111,NC,McDowell,44893,36301,9.6,10.9,8.3,13.0,26.1,17.4,39.8,35.2,4.3,36.2
37113,NC,Macon,38412,31394,10.1,10.6,9.6,14.2,25.4,15.8,43.5,35.3,4.7,37.4
37115,NC,Madison,22071,18349,8.1,10.7,7.6,11.6,25.8,16.3,38.3,34.6,3.8,33.8
37117,NC,Martin,21447,17125,10.6,12.0,9.5,17.8,23.8,17.5,47.5,40.4,5.8,40.8
37119,NC,Mecklenburg,1163701,901633,5.0,10.4,4.8,10.1,22.7,15.7,31.0,29.7,2.8,27.4
37121,NC,Mitchell,14999,12283,9.0,10.6,8.4,12.8,25.6,16.2,40.3,37.2,4.2,34.5
37123,NC,Montgomery,26085,20705,9.8,11.1,8.8,15.1,24.5,17.1,42.8,38.7,4.8,38.0
37125,NC,Moore,106898,83707,7.0,10.3,7.3,11.5,23.5,14.7,38.3,32.6,3.7,31.5
37127,NC,Nash,96551,75392,8.3,11.5,7.5,15.0,22.8,17.2,42.5,38.4,4.6,35.5
37129,NC,New Hanover,238852,197058,6.5,10.5,6.3,10.6,25.0,16.3,34.7,31.1,3.3,30.7
37131,NC,Northampton,16715,13758,11.2,12.0,10.6,20.3,21.9,16.5,52.0,42.7,6.7,42.5
37133,NC,Onslow,213676,160933,5.6,10.2,4.7,8.6,24.4,18.9,28.8,33.4,2.6,31.7
37135,NC,Orange,150626,122940,5.0,10.2,5.2,9.3,24.4,15.3,30.2,28.0,2.7,26.4
37137,NC,Pamlico,12423,10683,9.6,10.6,9.6,15.2,23.0,15.0,46.0,36.0,5.0,36.7
37139,NC,Pasquotank,41444,32807,7.2,11.3,6.7,13.0,23.7,17.1,39.3,38.3,4.0,33.4
37141,NC,Pender,68521,53105,7.3,10.7,6.8,11.8,24.8,16.5,37.3,36.3,3.6,31.5
37143,NC,Perquimans,13377,10937,9.7,11.1,9.2,15.3,23.7,15.9,44.9,37.3,5.0,36.6
37145,NC,Person,39737,31541,9.1,11.4,8.2,14.9,24.8,17.3,43.2,38.8,4.7,36.5
37147,NC,Pitt,175119,137875,6.7,11.5,6.0,12.0,25.2,18.2,34.7,39.0,3.6,32.6
37149,NC,Polk,20060,17006,9.4,10.5,9.5,14.1,23.8,14.5,43.8,35.2,4.7,35.9
37151,NC,Randolph,147458,114881,9.2,10.9,7.8,13.2,26.5,17.9,39.1,39.9,4.1,36.6
37153,NC,Richmond,42324,32370,10.6,12.1,8.8,16.4,25.9,19.1,43.9,42.9,5.2,40.8
37155,NC,Robeson,117365,86828,11.4,13.3,9.3,18.4,22.9,20.1,45.6,47.9,5.8,42.4
37157,NC,Rockingham,92518,73816,9.7,11.3,8.4,14.5,25.2,17.8,42.5,37.3,4.7,38.4
37159,NC,Rowan,151661,118284,8.4,11.0,7.3,12.7,24.7,17.5,37.7,37.4,4.0,36.2
37161,NC,Rutherford,65507,52439,10.3,11.3,8.9,14.4,26.7,17.7,41.7,38.1,4.7,38.2
37163,NC,Sampson,59601,44966,9.2,11.3,8.1,15.6,24.5,18.1,42.6,41.8,4.7,38.9
37165,NC,Scotland,34376,26528,10.9,12.4,9.0,17.4,24.3,19.7,46.1,45.2,5.6,42.5
37167,NC,Stanly,65699,51434,8.6,11.0,7.6,12.7,25.7,17.6,38.4,36.3,4.0,34.6
37169,NC,Stokes,45532,37073,9.4,10.9,8.4,13.2,26.3,16.9,41.0,37.1,4.3,35.8
37171,NC,Surry,71462,56528,10.1,11.2,8.7,13.7,27.0,17.7,40.4,40.9,4.5,38.9
37173,NC,Swain,13916,10906,10.3,12.1,8.7,15.2,26.7,19.2,41.7,40.7,4.8,40.5
37175,NC,Transylvania,33549,28383,8.5,10.3,9.0,12.9,24.2,14.5,42.3,33.7,4.3,33.5
37177,NC,Tyrrell,3461,2772,10.6,11.1,9.7,17.5,22.9,17.0,46.2,41.3,5.7,40.6
37179,NC,Union,256452,191719,5.7,10.3,5.5,10.5,24.1,15.8,33.6,33.4,2.9,27.8
37181,NC,Vance,42301,32113,9.4,12.0,8.3,16.8,23.1,18.1,45.1,42.6,5.2,38.7
37183,NC,Wake,1190275,919538,4.6,10.1,4.7,9.5,23.1,14.7,32.2,29.3,2.6,24.0
37185,NC,Warren,18836,15503,11.5,11.9,10.5,20.0,22.2,17.2,50.4,43.9,6.5,42.8
37187,NC,Washington,10713,8617,12.4,12.2,11.1,20.6,23.4,17.7,51.8,43.6,6.8,44.3
37189,NC,Watauga,54748,48121,7.0,10.9,6.3,9.8,28.5,19.0,31.3,33.0,3.1,32.9
37191,NC,Wayne,118686,90368,8.4,11.5,7.4,14.2,24.2,17.9,41.1,39.5,4.4,36.7
37193,NC,Wilkes,66013,52999,10.4,11.0,9.0,13.9,26.8,17.5,41.5,38.0,4.7,37.9
37195,NC,Wilson,78970,60928,9.9,11.9,8.6,16.8,23.8,18.1,44.7,38.4,5.2,40.5
37197,NC,Yadkin,37774,30051,9.5,10.9,8.4,13.3,26.3,17.3,40.6,36.3,4.3,36.5
37199,NC,Yancey,18938,15582,10.0,10.8,9.1,13.7,26.1,16.6,41.4,35.6,4.5,36.9
38001,ND,Adams,2163,1737,9.2,10.0,9.7,14.1,19.1,13.2,41.2,34.8,4.8,34.7
38003,ND,Barnes,10726,8591,7.0,9.9,7.5,11.5,20.0,13.5,36.2,37.7,3.7,29.2
38005,ND,Benson,5745,3810,9.8,12.4,9.0,15.4,21.5,17.3,40.3,43.3,4.8,39.2
38007,ND,Billings,1034,812,7.2,9.4,8.4,12.1,18.6,12.7,38.5,36.4,3.9,30.0
38009,ND,Bottineau,6349,4933,7.3,10.0,8.0,11.9,19.2,13.0,38.8,37.7,3.9,30.2
38011,ND,Bowman,2867,2165,7.4,9.9,7.8,11.4,19.2,13.1,36.7,36.3,3.8,29.7
38013,ND,Burke,2134,1599,6.7,9.7,7.3,11.1,19.3,12.8,37.2,37.3,3.5,28.4
38015,ND,Burleigh,100012,76833,5.6,9.8,5.9,9.3,19.1,13.1,30.8,35.2,2.9,27.5
38017,ND,Cass,196362,152955,4.5,9.8,4.8,7.9,23.8,13.9,27.5,33.8,2.4,22.9
38019,ND,Cavalier,3596,2772,7.2,9.7,8.5,11.8,19.0,12.4,39.7,39.5,4.0,30.2
38021,ND,Dickey,4900,3734,7.0,10.1,7.3,11.2,20.3,14.2,35.1,38.7,3.6,30.1
38023,ND,Divide,2135,1615,7.8,10.0,8.6,12.6,19.3,13.2,38.6,37.4,4.1,31.4
38025,ND,Dunn,4019,2975,6.8,10.1,7.1,11.5,19.7,14.1,35.2,36.7,3.6,29.9
38027,ND,Eddy,2263,1680,8.7,10.5,8.8,13.5,20.4,14.1,39.1,38.7,4.4,32.9
38029,ND,Emmons,3224,2561,8.8,10.1,9.5,13.5,19.0,13.1,40.8,38.1,4.6,33.6
38031,ND,Foster,3309,2554,7.2,10.0,7.8,11.8,19.8,13.1,37.8,35.7,3.8,29.2
38033,ND,Golden Valley,1743,1411,8.8,10.3,9.4,13.7,19.9,13.8,41.1,37.6,4.5,33.3
38035,ND,Grand Forks,72708,57336,5.3,10.4,5.4,9.1,23.0,15.3,28.2,35.2,2.7,27.3
38037,ND,Grant,2215,1740,10.3,10.3,11.0,15.2,19.6,13.4,44.5,41.3,5.3,36.1
38039,ND,Griggs,2248,1789,7.7,9.4,9.0,12.3,18.1,11.9,41.0,36.8,4.3,31.5
38041,ND,Hettinger,2415,1825,7.5,10.2,8.1,11.7,20.0,13.9,37.3,37.4,3.9,30.9
38043,ND,Kidder,2342,1833,8.1,9.9,8.9,12.8,19.7,13.2,39.7,39.9,4.3,32.2
38045,ND,LaMoure,4096,3206,8.0,9.9,8.8,12.5,18.8,12.9,38.2,34.4,4.2,31.3
38047,ND,Logan,1869,1414,8.9,10.2,9.6,13.2,19.7,13.6,40.5,39.8,4.6,34.6
38049,ND,McHenry,5131,3898,7.6,10.0,7.8,11.9,19.8,13.7,38.4,42.1,3.8,31.2
38051,ND,McIntosh,2488,1958,9.7,10.2,10.1,14.4,19.1,13.4,42.4,35.8,5.0,36.4
38053,ND,McKenzie,14252,9705,5.6,10.3,5.4,9.6,20.8,15.4,30.4,41.1,2.8,28.6
38055,ND,McLean,9832,7747,7.2,9.9,8.1,12.1,19.8,12.9,39.0,40.2,3.9,29.9
38057,ND,Mercer,8309,6371,7.9,10.3,8.2,12.2,19.9,13.7,38.2,39.8,4.0,31.8
38059,ND,Morton,33895,25862,5.9,10.2,6.2,9.6,21.0,14.1,32.6,38.6,3.0,26.5
38061,ND,Mountrail,9383,6651,7.3,11.2,6.9,12.8,20.5,16.3,34.7,42.2,3.7,33.6
38063,ND,Nelson,2991,2397,7.5,9.7,8.5,12.4,19.4,12.3,40.0,39.6,4.0,31.1
38065,ND,Oliver,1879,1434,7.0,9.8,7.9,11.7,19.0,12.8,37.3,34.6,3.8,28.9
38067,ND,Pembina,6661,5261,7.8,9.8,8.6,12.8,19.7,13.4,38.5,41.9,4.1,31.6
38069,ND,Pierce,3902,3000,7.5,10.1,8.0,12.1,20.2,13.4,36.9,40.7,3.9,30.8
38071,ND,Ramsey,11463,8724,7.9,10.2,8.1,12.3,20.5,14.3,36.8,40.8,4.0,30.8
38073,ND,Ransom,5603,4390,7.4,9.9,7.8,12.1,19.9,13.8,36.9,37.9,3.8,30.9
38075,ND,Renville,2279,1757,6.9,9.9,7.2,11.1,19.7,13.7,36.2,39.0,3.5,29.1
38077,ND,Richland,16558,13011,6.6,10.0,7.0,10.5,21.6,14.3,34.7,36.1,3.4,29.8
38079,ND,Rolette,11728,7935,9.7,13.8,8.5,17.9,22.0,19.2,40.3,50.2,5.0,41.7
38081,ND,Sargent,3776,2992,7.0,9.7,7.7,11.8,19.5,13.4,36.7,41.2,3.7,30.0
38083,ND,Sheridan,1266,1018,9.0,9.8,10.5,13.9,18.9,12.2,44.1,36.2,5.0,35.7
38085,ND,Sioux,3643,2396,12.2,14.7,9.9,20.2,23.9,22.2,41.3,49.1,6.0,47.7
38087,ND,Slope,674,550,9.4,9.8,10.3,14.6,18.6,12.4,44.4,38.3,4.9,33.3
38089,ND,Stark,33001,23903,6.0,9.8,6.0,9.5,19.7,14.6,31.7,37.4,3.0,28.5
38091,ND,Steele,1782,1384,7.9,9.8,8.7,12.7,19.5,13.1,38.8,35.0,4.1,31.4
38093,ND,Stutsman,21392,17062,7.3,10.3,7.3,10.9,20.6,14.7,33.7,39.7,3.6,31.0
38095,ND,Towner,2030,1581,9.9,10.5,10.1,15.0,20.0,14.0,43.3,43.9,4.9,35.3
38097,ND,Traill,7908,6099,6.2,9.7,6.8,10.5,19.5,13.4,34.3,38.2,3.3,28.6
38099,ND,Walsh,10305,7893,7.8,9.9,8.2,12.4,19.4,13.4,37.4,35.8,4.1,31.9
38101,ND,Ward,68332,51945,5.2,9.9,5.3,8.8,20.5,14.4,31.4,33.9,2.7,27.2
38103,ND,Wells,3876,3059,9.0,10.1,9.5,13.8,19.2,13.3,40.6,37.8,4.6,33.5
38105,ND,Williams,39113,27329,5.4,10.2,5.1,8.9,21.2,16.0,30.4,40.4,2.7,28.0
39001,OH,Adams,27521,20867,11.8,11.8,9.2,15.7,26.6,19.8,40.6,40.3,4.6,35.1
39003,OH,Allen,100838,77234,9.1,11.1,7.9,14.5,27.2,18.3,38.7,39.7,3.9,31.5
39005,OH,Ashland,52190,40545,9.6,11.0,8.2,13.9,26.0,18.0,40.4,38.3,4.0,32.9
39007,OH,Ashtabula,96845,75784,11.0,11.3,9.2,16.2,27.7,19.5,41.7,45.8,4.5,35.3
39009,OH,Athens,62706,53669,7.7,11.6,6.2,11.5,30.5,20.9,33.4,34.5,3.1,29.8
39011,OH,Auglaize,46050,35144,8.1,10.7,7.5,12.2,24.8,17.2,37.6,39.5,3.5,27.9
39013,OH,Belmont,64918,52858,9.8,11.1,8.6,14.5,26.0,18.1,41.4,40.9,4.1,32.9
39015,OH,Brown,43777,33846,10.4,11.4,8.7,14.5,27.3,18.9,42.2,41.6,4.2,34.8
39017,OH,Butler,393043,302288,7.2,10.8,6.6,12.5,25.7,17.8,35.3,39.0,3.3,27.4
39019,OH,Carroll,26758,21195,10.5,11.1,9.1,14.9,25.5,18.3,41.1,38.9,4.4,35.3
39021,OH,Champaign,38845,30357,8.5,11.0,7.5,12.7,25.5,17.7,38.0,43.2,3.6,30.4
39023,OH,Clark,134610,104368,9.9,11.4,8.4,15.0,26.7,18.8,41.6,42.2,4.2,34.2
39025,OH,Clermont,211972,165743,7.6,10.6,7.0,12.6,25.7,17.2,36.2,34.7,3.3,29.2
39027,OH,Clinton,41938,32506,9.3,11.3,8.0,13.5,26.2,18.4,38.1,39.7,3.9,32.3
39029,OH,Columbiana,100182,80055,10.3,11.2,8.8,15.2,25.1,17.9,42.1,41.1,4.3,32.6
39031,OH,Coshocton,36869,28085,11.1,11.3,9.1,15.3,27.7,18.9,41.3,41.5,4.5,34.2
39033,OH,Crawford,41529,32618,10.3,11.1,8.8,14.6,26.9,18.6,40.0,39.5,4.2,33.9
39035,OH,Cuyahoga,1233088,982384,7.7,11.6,6.9,13.4,23.9,16.1,38.5,35.3,4.0,30.2
39037,OH,Darke,51415,39329,9.7,11.0,8.5,14.3,26.6,18.3,39.7,36.4,4.1,32.7
39039,OH,Defiance,38315,29722,8.2,10.6,7.6,13.3,25.0,17.2,37.2,35.3,3.6,30.4
39041,OH,Delaware,231636,175070,4.9,9.5,5.0,10.1,21.0,13.5,31.3,31.5,2.5,19.6
39043,OH,Erie,74035,59711,8.9,10.9,8.3,14.4,24.5,16.8,41.6,40.1,4.0,29.6
39045,OH,Fairfield,165360,125997,7.2,10.8,6.6,12.2,25.3,16.6,36.3,35.6,3.3,27.4
39047,OH,Fayette,28817,22051,10.2,11.4,8.2,14.3,26.8,19.2,41.6,41.3,4.1,33.4
39049,OH,Franklin,1326063,1019364,6.3,11.2,5.6,11.8,25.8,18.1,32.9,33.7,3.1,26.0
39051,OH,Fulton,42007,32339,8.1,10.5,7.4,13.3,24.7,17.1,37.8,37.0,3.6,29.6
39053,OH,Gallia,28986,22229,11.0,11.5,9.2,15.3,28.3,19.6,41.5,36.6,4.4,36.1
39055,OH,Geauga,95407,74443,7.6,10.3,7.4,12.4,23.3,15.2,37.5,32.6,3.5,25.6
39057,OH,Greene,169691,135071,6.6,10.8,6.4,11.2,24.2,16.3,35.4,37.8,3.1,25.7
39059,OH,Guernsey,38089,29668,10.6,11.3,8.9,14.8,27.3,19.1,40.2,38.3,4.3,34.1
39061,OH,Hamilton,827058,638290,7.1,11.4,6.5,13.2,25.4,17.3,36.3,35.6,3.5,26.9
39063,OH,Hancock,74704,58554,7.5,10.6,6.9,12.5,25.1,17.4,36.2,39.3,3.3,27.9
39065,OH,Hardin,30368,23282,9.1,11.2,7.5,12.9,27.1,19.9,38.1,40.3,3.6,32.9
39067,OH,Harrison,14159,11246,10.6,11.3,9.1,15.6,26.8,18.7,43.0,41.4,4.4,33.8
39069,OH,Henry,27520,21192,8.3,10.8,7.6,13.1,24.8,17.2,38.1,38.6,3.7,29.9
39071,OH,Highland,43614,33239,10.4,11.4,8.5,14.7,27.4,19.2,40.1,41.3,4.2,34.1
39073,OH,Hocking,27540,21637,10.9,11.4,9.2,15.7,27.1,19.3,42.5,36.1,4.4,36.0
39075,OH,Holmes,44386,31037,10.7,12.0,7.8,12.7,29.3,21.5,35.3,38.2,3.9,36.5
39077,OH,Huron,58199,44611,9.0,11.1,7.7,13.5,25.7,18.0,37.7,35.0,3.8,31.9
39079,OH,Jackson,32606,24867,10.5,11.5,8.4,14.9,28.9,20.0,42.7,44.9,4.1,34.7
39081,OH,Jefferson,64026,51564,10.1,11.7,8.7,15.1,27.8,18.7,41.9,42.5,4.2,34.3
39083,OH,Knox,63320,48925,8.5,11.0,7.5,12.6,25.7,17.7,37.5,37.1,3.6,29.6
39085,OH,Lake,231640,187614,7.7,10.7,7.3,12.9,24.6,16.2,37.9,36.9,3.5,28.5
39087,OH,Lawrence,56118,44136,10.6,11.7,8.6,15.1,27.4,19.6,42.9,41.6,4.3,37.0
39089,OH,Licking,183201,141689,7.6,10.9,6.8,12.9,25.8,17.1,35.5,37.5,3.4,28.8
39091,OH,Logan,46057,35588,9.2,11.0,8.0,14.0,25.4,17.9,39.0,39.3,3.9,30.8
39093,OH,Lorain,317910,249779,8.2,11.0,7.6,14.2,25.2,17.4,38.8,36.8,3.7,30.5
39095,OH,Lucas,425484,329145,8.6,11.3,7.5,14.0,26.2,18.3,37.2,36.1,3.9,31.4
39097,OH,Madison,44602,35840,7.8,10.6,6.8,12.4,24.7,17.6,37.5,37.3,3.4,28.3
39099,OH,Mahoning,225596,179979,9.5,11.0,8.4,14.8,24.5,17.6,40.2,38.6,4.3,32.1
39101,OH,Marion,64851,50931,10.0,10.9,8.3,14.8,27.3,18.7,41.3,44.2,4.1,34.8
39103,OH,Medina,184042,145211,7.0,10.5,6.8,11.9,23.9,15.8,37.1,36.3,3.2,25.9
39105,OH,Meigs,21767,17309,12.9,11.6,10.3,17.3,27.7,20.3,45.1,44.5,5.0,37.5
39107,OH,Mercer,42439,31313,7.9,10.4,7.3,12.1,24.9,17.1,37.8,36.3,3.5,28.7
39109,OH,Miami,110876,85630,8.0,10.8,7.3,12.7,25.3,16.9,37.2,33.6,3.5,29.3
39111,OH,Monroe,13153,10468,11.6,11.2,9.9,16.1,26.6,18.5,43.3,40.4,4.8,35.8
39113,OH,Montgomery,533796,415836,8.1,11.5,7.2,14.5,25.9,18.0,37.0,37.0,3.9,31.0
39115,OH,Morgan,13646,10828,11.1,11.5,9.4,16.0,26.5,18.5,43.1,41.1,4.6,34.5
39117,OH,Morrow,35595,27894,9.2,11.1,7.8,13.8,25.4,18.1,38.2,40.0,3.8,31.6
39119,OH,Muskingum,86305,66808,9.6,11.5,8.0,14.4,27.8,18.9,39.9,43.9,3.9,31.4
39121,OH,Noble,14311,11564,11.8,10.2,11.9,18.0,23.4,16.3,47.9,41.6,5.4,35.9
39123,OH,Ottawa,39803,32975,8.5,10.5,8.5,13.8,23.6,15.5,41.9,38.0,3.9,29.3
39125,OH,Paulding,18706,14290,9.2,10.9,8.1,14.1,25.7,17.8,40.0,41.3,3.9,32.0
39127,OH,Perry,35551,27260,10.1,11.2,8.3,14.3,27.0,18.8,40.5,38.6,4.0,32.2
39129,OH,Pickaway,61086,47959,8.5,11.0,7.1,12.6,26.9,18.5,38.7,39.8,3.5,29.8
39131,OH,Pike,27001,20683,12.5,11.9,9.6,16.2,29.2,21.0,43.7,43.2,4.8,38.4
39133,OH,Portage,162665,133435,7.6,10.8,6.8,11.8,24.6,17.8,34.7,32.9,3.3,28.8
39135,OH,Preble,40556,31595,9.1,10.9,7.9,13.4,26.0,17.9,39.0,39.7,3.8,31.1
39137,OH,Putnam,34199,25492,7.4,10.5,7.0,12.3,24.2,16.4,36.6,43.7,3.3,27.9
39139,OH,Richland,125064,97954,9.7,11.0,8.3,14.5,26.2,18.8,38.9,39.0,4.1,31.6
39141,OH,Ross,76501,60465,10.0,11.6,8.1,15.0,27.9,19.2,40.7,44.3,4.1,31.5
39143,OH,Sandusky,58709,46050,8.8,10.7,8.0,14.4,25.0,17.6,39.7,40.7,3.9,30.7
39145,OH,Scioto,71969,56470,11.4,11.6,9.0,15.3,29.3,21.0,43.6,44.7,4.4,37.9
39147,OH,Seneca,54527,42948,8.5,10.8,7.4,13.2,25.4,18.0,36.0,35.8,3.6,29.9
39149,OH,Shelby,47765,36087,8.8,11.0,7.7,13.3,25.6,18.1,38.2,39.6,3.7,31.2
39151,OH,Stark,372716,292739,8.8,11.2,7.9,13.7,25.1,17.7,38.5,40.4,3.9,31.4
39153,OH,Summit,535733,425767,7.9,11.2,7.0,13.7,25.8,17.2,37.5,37.6,3.6,30.7
39155,OH,Trumbull,200373,159197,10.2,11.3,8.9,15.5,25.6,18.5,40.2,39.7,4.4,32.7
39157,OH,Tuscarawas,91874,70742,9.7,11.2,8.2,13.6,24.9,18.4,39.9,43.4,4.0,30.7
39159,OH,Union,69637,53037,5.7,10.4,5.2,10.2,24.2,16.1,32.0,39.8,2.6,23.0
39161,OH,Van Wert,28704,22097,8.8,10.8,7.8,13.2,25.7,17.8,38.8,37.3,3.7,30.7
39163,OH,Vinton,12474,9815,11.4,11.7,8.9,15.4,28.1,19.6,41.2,40.3,4.4,34.0
39165,OH,Warren,252148,192654,5.8,9.9,5.8,11.0,22.7,15.2,32.2,32.6,2.8,23.3
39167,OH,Washington,58577,47177,9.6,10.9,8.6,13.8,25.8,17.6,41.2,43.7,4.1,32.0
39169,OH,Wayne,116510,88780,8.7,11.0,7.6,12.9,25.4,17.8,37.1,37.5,3.7,30.5
39171,OH,Williams,36591,28607,9.5,11.1,8.3,14.4,25.8,18.2,39.9,40.6,4.0,32.0
39173,OH,Wood,132650,106092,6.6,10.6,6.1,10.7,27.6,17.4,33.1,37.4,2.9,28.3
39175,OH,Wyandot,21457,16768,8.4,10.7,7.6,13.0,24.6,17.0,39.1,35.6,3.6,29.4
40001,OK,Adair,19627,14357,11.7,13.6,9.6,17.5,26.3,21.2,44.0,46.2,5.3,47.6
40003,OK,Alfalfa,5673,4620,8.5,10.4,8.3,13.5,22.6,16.2,42.7,40.6,4.0,38.1
40005,OK,Atoka,14525,11475,10.3,11.7,8.9,14.6,24.8,18.8,42.7,40.3,4.6,43.1
40007,OK,Beaver,5018,3798,8.5,10.5,8.4,13.9,22.9,16.2,41.3,38.4,4.1,39.7
40009,OK,Beckham,22042,16887,9.5,11.2,7.9,13.3,24.3,18.7,40.9,40.0,4.0,41.7
40011,OK,Blaine,8539,6321,9.4,11.3,8.6,14.3,24.6,17.4,43.1,38.3,4.3,41.3
40013,OK,Bryan,48967,37465,9.4,12.2,8.1,13.4,27.0,18.9,40.3,40.0,4.2,40.4
40015,OK,Caddo,26214,20174,9.5,11.5,8.2,14.9,24.2,19.0,41.6,40.2,4.3,44.2
40017,OK,Canadian,175829,131131,5.9,10.7,5.6,10.4,24.8,17.3,35.6,39.0,2.8,32.5
40019,OK,Carter,48596,36523,8.8,11.7,7.7,13.7,25.5,18.4,41.3,39.7,4.0,40.0
40021,OK,Cherokee,48185,37972,8.9,12.7,8.1,14.3,25.3,19.6,40.6,42.9,4.2,42.3
40023,OK,Choctaw,14276,10723,11.5,12.6,9.9,17.2,25.3,19.3,46.1,45.4,5.3,45.2
40025,OK,Cimarron,2191,1605,8.1,10.1,8.7,13.7,21.5,14.4,41.9,37.6,4.1,38.3
40027,OK,Cleveland,301193,240814,6.4,11.0,5.9,10.9,25.5,17.5,34.2,36.3,3.0,35.2
40029,OK,Coal,5266,4013,12.4,12.8,10.4,17.2,27.5,20.0,45.5,42.6,5.4,47.5
40031,OK,Comanche,121574,92715,7.5,11.3,6.6,12.8,25.1,18.9,37.5,43.0,3.6,39.5
40033,OK,Cotton,5427,4179,10.5,11.8,9.2,15.4,25.6,18.0,44.2,43.1,4.7,42.6
40035,OK,Craig,14494,11115,11.2,12.4,9.6,15.9,26.0,19.7,44.7,41.8,5.1,44.9
40037,OK,Creek,73332,56335,8.9,11.7,8.0,13.4,24.9,17.9,39.5,39.8,4.1,40.8
40039,OK,Custer,28266,21204,7.5,11.1,6.9,11.8,25.9,18.4,35.1,41.0,3.4,39.7
40041,OK,Delaware,41703,33484,11.5,12.1,10.4,16.7,25.4,18.5,47.1,37.8,5.3,45.2
40043,OK,Dewey,4286,3145,9.2,11.3,8.3,13.5,24.8,17.5,41.8,38.2,4.1,39.5
40045,OK,Ellis,3648,2849,9.5,11.0,9.1,14.1,24.2,16.5,43.7,39.6,4.4,40.6
40047,OK,Garfield,62023,46027,8.2,11.0,7.3,12.6,22.9,16.9,38.9,41.7,3.7,36.7
40049,OK,Garvin,25865,19354,9.6,11.7,8.2,14.1,25.9,18.7,41.7,38.6,4.2,41.2
40051,OK,Grady,57375,44065,7.9,11.1,7.1,12.0,23.9,17.7,39.3,38.4,3.6,36.9
40053,OK,Grant,4083,3090,9.2,11.0,8.8,13.5,24.2,16.8,42.4,36.3,4.3,39.3
40055,OK,Greer,5466,4363,8.4,10.8,7.6,13.0,23.9,17.6,40.8,42.1,3.9,40.5
40057,OK,Harmon,2392,1769,10.1,11.1,9.4,17.0,23.2,17.2,44.7,42.4,4.8,44.1
40059,OK,Harper,3190,2450,9.0,10.7,8.5,14.0,23.3,16.2,41.9,39.4,4.1,39.5
40061,OK,Haskell,11832,9053,10.8,12.2,9.5,15.4,25.4,18.8,44.1,42.2,4.9,44.0
40063,OK,Hughes,13436,10505,10.5,11.9,9.0,15.1,25.3,19.3,43.0,41.9,4.7,44.7
40065,OK,Jackson,24669,18482,7.9,11.0,7.3,13.2,24.6,17.5,39.1,40.4,3.7,39.8
40067,OK,Jefferson,5347,4030,11.6,11.7,10.1,16.3,25.4,18.5,45.6,41.2,5.1,44.7
40069,OK,Johnston,10216,7851,10.8,12.4,9.3,15.3,26.9,19.8,42.3,39.4,4.8,45.4
40071,OK,Kay,43641,32842,9.6,11.8,8.6,14.1,26.5,18.6,41.4,42.6,4.3,41.5
40073,OK,Kingfisher,15481,11404,7.7,10.8,7.2,11.9,23.6,17.0,38.1,37.1,3.6,36.1
40075,OK,Kiowa,8398,6366,11.4,11.8,10.1,16.6,25.4,18.4,45.4,42.7,5.1,43.7
40077,OK,Latimer,9526,7375,12.1,12.6,10.6,17.0,26.2,19.9,45.1,42.3,5.5,47.3
40079,OK,Le Flore,49596,37373,10.8,12.3,9.1,15.1,25.9,19.8,42.5,40.3,4.7,43.9
40081,OK,Lincoln,34562,26523,9.8,11.7,8.6,14.1,25.5,18.0,43.3,44.1,4.3,41.5
40083,OK,Logan,53029,41523,7.4,11.2,6.9,12.0,24.5,16.9,39.8,40.2,3.5,35.3
40085,OK,Love,10296,7849,9.3,11.4,8.5,14.4,24.8,18.0,41.6,38.8,4.3,40.8
40087,OK,McClain,47072,35436,7.1,11.1,6.6,11.3,25.2,17.1,38.8,38.5,3.3,35.9
40089,OK,McCurtain,30660,22566,10.5,12.5,8.9,15.5,25.5,19.5,42.6,42.6,4.8,43.8
40091,OK,McIntosh,19603,15584,12.4,12.4,11.1,17.7,26.1,18.9,49.1,44.8,5.6,48.2
40093,OK,Major,7581,5641,9.1,11.0,8.4,13.3,24.2,16.9,40.8,41.9,4.1,38.8
40095,OK,Marshall,15970,12272,10.5,11.6,9.6,15.7,24.6,17.8,43.9,39.4,4.8,44.0
40097,OK,Mayes,39889,30559,10.0,12.4,8.7,14.6,25.1,19.0,43.2,41.8,4.5,43.4
40099,OK,Murray,13754,10683,9.5,11.7,8.7,14.3,24.5,17.5,43.0,41.4,4.4,41.5
40101,OK,Muskogee,66677,50493,10.1,12.6,8.5,15.2,26.1,20.1,42.6,41.5,4.6,45.6
40103,OK,Noble,10832,8403,8.8,11.5,8.2,13.3,25.3,17.3,41.7,41.6,4.1,40.3
40105,OK,Nowata,9438,7235,10.2,12.3,9.0,15.2,25.7,18.7,43.5,40.5,4.7,42.6
40107,OK,Okfuskee,11300,8773,12.1,12.5,10.1,17.3,25.7,19.9,46.0,45.8,5.4,46.5
40109,OK,Oklahoma,808866,605014,7.0,11.5,6.7,12.6,25.0,17.4,37.1,37.7,3.5,37.8
40111,OK,Okmulgee,37035,28317,9.9,12.7,8.6,15.4,25.7,19.5,43.8,45.0,4.6,44.2
40113,OK,Osage,46130,36541,9.2,12.1,8.7,14.4,24.0,17.4,45.6,46.4,4.5,41.0
40115,OK,Ottawa,30287,22537,10.7,12.6,9.1,15.2,27.0,19.8,41.0,41.7,4.7,43.6
40117,OK,Pawnee,15864,12110,9.9,11.9,8.8,14.3,26.0,18.2,42.1,39.7,4.4,41.4
40119,OK,Payne,83352,68128,6.7,11.5,5.7,9.8,26.0,19.1,30.6,33.9,2.9,36.4
40121,OK,Pittsburg,43479,33556,9.9,11.8,8.9,14.3,25.0,18.2,43.5,40.1,4.5,41.3
40123,OK,Pontotoc,38396,28720,7.9,11.8,7.4,12.3,25.3,17.9,40.2,39.9,3.8,37.2
40125,OK,Pottawatomie,73791,56848,8.9,12.3,7.5,13.0,25.9,19.2,40.9,41.2,3.9,40.3
40127,OK,Pushmataha,10800,8446,12.8,12.4,11.0,17.7,27.0,19.2,46.9,39.1,5.6,48.2
40129,OK,Roger Mills,3295,2502,9.9,11.2,9.3,14.6,24.6,17.1,43.8,40.3,4.5,40.7
40131,OK,Rogers,100248,77057,7.6,11.4,7.2,12.4,24.6,16.9,37.8,40.1,3.6,37.1
40133,OK,Seminole,23565,17848,11.4,12.7,9.6,16.1,27.6,20.3,44.4,45.0,5.0,46.6
40135,OK,Sequoyah,40291,30639,11.5,12.8,9.7,16.6,26.8,20.3,44.7,47.1,5.1,47.0
40137,OK,Stephens,44014,33994,9.8,11.6,8.8,14.2,25.4,17.9,43.7,39.1,4.4,41.8
40139,OK,Texas,20371,14549,7.2,10.3,7.0,13.7,22.2,16.9,37.5,44.1,3.5,40.5
40141,OK,Tillman,6869,5259,9.8,11.1,9.2,16.2,23.4,17.2,43.6,44.0,4.7,43.4
40143,OK,Tulsa,682868,513124,7.2,11.2,6.6,11.7,27.2,17.9,35.6,35.7,3.4,37.7
40145,OK,Wagoner,89280,68338,7.4,11.2,6.8,11.9,24.5,16.7,38.7,36.1,3.5,36.4
40147,OK,Washington,53706,40761,8.8,11.6,8.2,13.2,26.5,17.2,39.6,42.4,4.1,40.2
40149,OK,Washita,10736,8159,9.3,11.2,8.4,13.4,24.9,17.2,40.5,39.5,4.1,39.7
40151,OK,Woods,8564,6777,7.6,10.9,7.2,11.1,26.0,17.9,36.1,36.6,3.5,38.0
40153,OK,Woodward,19947,15150,8.2,10.9,7.5,12.1,24.1,17.4,39.5,41.5,3.7,37.6
41001,OR,Baker,16912,13632,9.1,11.9,9.0,13.6,25.7,16.7,38.7,37.7,4.4,34.1
41003,OR,Benton,97713,82818,5.7,11.6,5.7,9.3,26.7,18.0,27.4,25.9,2.8,28.5
41005,OR,Clackamas,423173,336240,6.0,11.6,6.1,10.5,27.5,16.5,32.1,34.0,3.1,26.9
41007,OR,Clatsop,41102,33906,8.3,12.1,8.0,12.6,26.4,17.0,37.1,34.8,4.0,32.9
41009,OR,Columbia,53880,43031,7.9,12.2,7.2,12.1,27.3,18.0,34.9,33.5,3.7,30.3
41011,OR,Coos,64212,53139,9.9,12.4,9.4,14.2,26.4,17.4,40.7,34.1,4.7,37.2
41013,OR,Crook,26952,21698,8.1,12.0,7.9,12.5,26.7,17.1,37.7,36.1,3.9,32.0
41015,OR,Curry,23296,20052,10.5,12.1,10.5,15.7,25.3,16.1,43.6,38.4,5.2,36.8
41017,OR,Deschutes,208513,169747,6.4,11.6,6.4,10.2,24.8,15.7,33.0,27.2,3.2,27.3
41019,OR,Douglas,112435,90938,9.7,12.8,9.1,14.3,27.2,17.8,39.4,37.6,4.5,36.5
41021,OR,Gilliam,2026,1628,10.4,12.3,9.8,14.8,26.2,17.2,41.1,35.4,4.9,37.2
41023,OR,Grant,7215,5880,10.2,12.1,10.0,14.6,25.7,16.9,41.0,33.6,4.9,37.2
41025,OR,Harney,7440,5975,10.6,12.6,9.8,15.0,27.1,18.5,42.0,38.8,4.9,38.5
41027,OR,Hood River,23745,18605,6.4,11.3,6.4,11.3,23.9,16.1,32.1,31.5,3.2,29.1
41029,OR,Jackson,220768,176206,8.0,12.1,7.5,12.7,26.3,18.0,36.1,32.8,3.8,31.2
41031,OR,Jefferson,25454,19812,8.0,12.1,7.6,13.4,25.5,18.1,35.5,35.5,3.9,34.0
41033,OR,Josephine,87821,70969,10.4,12.4,9.5,14.8,27.0,18.1,39.0,33.8,4.9,37.7
41035,OR,Klamath,70003,54838,9.4,12.5,8.6,14.1,27.3,18.7,40.0,37.9,4.3,36.2
41037,OR,Lake,8293,6626,10.0,12.0,9.4,14.7,26.2,17.5,40.6,37.7,4.7,36.4
41039,OR,Lane,381181,315520,7.5,12.2,6.8,10.8,27.4,18.8,33.3,34.3,3.6,31.4
41041,OR,Lincoln,50821,43034,9.8,12.4,9.5,14.9,26.5,16.5,41.6,35.7,4.7,34.4
41043,OR,Linn,131496,102778,8.0,12.5,7.1,12.0,30.5,18.8,34.4,40.1,3.7,33.0
41045,OR,Malheur,32044,23797,8.6,11.7,7.8,13.9,24.8,18.9,36.3,41.2,4.0,36.4
41047,OR,Marion,346741,266110,7.2,12.2,6.5,12.5,27.2,18.4,33.3,43.4,3.5,32.9
41049,OR,Morrow,12302,8929,8.9,12.1,7.9,14.5,25.9,19.3,35.5,39.2,4.1,37.7
41051,OR,Multnomah,789698,653269,5.3,11.7,5.2,9.5,29.9,18.1,28.5,28.9,2.7,28.0
41053,OR,Polk,89805,70598,7.0,12.4,6.6,10.9,27.0,17.6,31.5,32.5,3.4,29.4
41055,OR,Sherman,1951,1533,9.9,12.2,9.4,14.2,26.4,17.8,40.2,36.6,4.7,36.1
41057,OR,Tillamook,27417,22499,9.0,11.9,8.6,13.5,25.4,16.6,37.6,32.1,4.3,32.7
41059,OR,Umatilla,80053,60628,7.8,12.0,7.0,12.5,23.5,18.4,32.7,37.7,3.6,34.4
41061,OR,Union,25944,20317,8.4,12.2,7.8,12.2,27.3,18.6,35.9,35.8,3.9,33.5
41063,OR,Wallowa,7674,6171,8.2,11.7,8.3,12.6,25.6,15.6,38.5,34.2,4.1,31.4
41065,OR,Wasco,26333,20804,8.6,12.1,7.9,13.3,26.4,17.9,35.4,37.9,4.0,34.2
41067,OR,Washington,598865,472361,5.0,11.2,5.0,9.9,24.9,16.1,29.9,32.4,2.6,25.7
41069,OR,Wheeler,1436,1267,11.4,12.2,11.3,16.5,25.3,16.2,45.2,35.8,5.6,38.9
41071,OR,Yamhill,108644,86173,6.8,11.8,6.4,11.2,24.8,16.9,33.2,37.0,3.3,29.4
42001,PA,Adams,106748,86261,,,,,,,,,,
42003,PA,Allegheny,1224825,998667,,,,,,,,,,
42005,PA,Armstrong,64074,52021,,,,,,,,,,
42007,PA,Beaver,165631,133840,,,,,,,,,,
42009,PA,Bedford,47350,38115,,,,,,,,,,
42011,PA,Berks,432821,338644,,,,,,,,,,
42013,PA,Blair,120273,96265,,,,,,,,,,
42015,PA,Bradford,59695,46501,,,,,,,,,,
42017,PA,Bucks,645984,518476,,,,,,,,,,
42019,PA,Butler,198413,160653,,,,,,,,,,
42021,PA,Cambria,130668,105683,,,,,,,,,,
42023,PA,Cameron,4380,3604,,,,,,,,,,
42025,PA,Carbon,65458,53158,,,,,,,,,,
42027,PA,Centre,157795,134873,,,,,,,,,,
42029,PA,Chester,549784,430192,,,,,,,,,,
42031,PA,Clarion,36970,29971,,,,,,,,,,
42033,PA,Clearfield,77090,62920,,,,,,,,,,
42035,PA,Clinton,37607,30135,,,,,,,,,,
42037,PA,Columbia,65439,54026,,,,,,,,,,
42039,PA,Crawford,82001,65155,,,,,,,,,,
42041,PA,Cumberland,270738,215666,,,,,,,,,,
42043,PA,Dauphin,289234,224963,,,,,,,,,,
42045,PA,Delaware,576720,450488,,,,,,,,,,
42047,PA,Elk,30198,24436,,,,,,,,,,
42049,PA,Erie,267571,212685,,,,,,,,,,
42051,PA,Fayette,123915,100555,,,,,,,,,,
42053,PA,Forest,6449,6206,,,,,,,,,,
42055,PA,Franklin,157854,123358,,,,,,,,,,
42057,PA,Fulton,14468,11638,,,,,,,,,,
42059,PA,Greene,34357,27940,,,,,,,,,,
42061,PA,Huntingdon,43514,35764,,,,,,,,,,
42063,PA,Indiana,83094,68240,,,,,,,,,,
42065,PA,Jefferson,43612,34394,,,,,,,,,,
42067,PA,Juniata,23243,18146,,,,,,,,,,
42069,PA,Lackawanna,216123,172016,,,,,,,,,,
42071,PA,Lancaster,558589,430649,,,,,,,,,,
42073,PA,Lawrence,84472,67727,,,,,,,,,,
42075,PA,Lebanon,144252,111962,,,,,,,,,,
42077,PA,Lehigh,377754,294023,,,,,,,,,,
42079,PA,Luzerne,327388,260845,,,,,,,,,,
42081,PA,Lycoming,112724,89871,,,,,,,,,,
42083,PA,McKean,39519,32001,,,,,,,,,,
42085,PA,Mercer,108503,88049,,,,,,,,,,
42087,PA,Mifflin,45922,35538,,,,,,,,,,
42089,PA,Monroe,166053,134807,,,,,,,,,,
42091,PA,Montgomery,868742,685549,,,,,,,,,,
42093,PA,Montour,17860,14344,,,,,,,,,,
42095,PA,Northampton,319091,258654,,,,,,,,,,
42097,PA,Northumberland,90120,72338,,,,,,,,,,
42099,PA,Perry,46083,36495,,,,,,,,,,
42101,PA,Philadelphia,1550542,1226065,,,,,,,,,,
42103,PA,Pike,61247,50875,,,,,,,,,,
42105,PA,Potter,15999,12797,,,,,,,,,,
42107,PA,Schuylkill,143786,115159,,,,,,,,,,
42109,PA,Snyder,39717,31550,,,,,,,,,,
42111,PA,Somerset,72197,59202,,,,,,,,,,
42113,PA,Sullivan,5834,5235,,,,,,,,,,
42115,PA,Susquehanna,38109,31006,,,,,,,,,,
42117,PA,Tioga,40840,32882,,,,,,,,,,
42119,PA,Union,42042,34751,,,,,,,,,,
42121,PA,Venango,49431,39983,,,,,,,,,,
42123,PA,Warren,37572,30176,,,,,,,,,,
42125,PA,Washington,210232,169190,,,,,,,,,,
42127,PA,Wayne,51262,42777,,,,,,,,,,
42129,PA,Westmoreland,351163,287864,,,,,,,,,,
42131,PA,Wyoming,25902,20959,,,,,,,,,,
42133,PA,York,464640,363700,,,,,,,,,,
44001,RI,Bristol,50255,41462,5.9,10.7,6.0,9.8,23.4,14.5,32.4,25.6,2.9,23.6
44003,RI,Kent,171278,140721,7.0,11.7,6.4,11.8,24.7,15.8,36.8,33.0,3.3,27.4
44005,RI,Newport,83832,70797,6.3,10.6,6.9,10.3,22.4,13.9,35.1,27.4,3.3,23.7
44007,RI,Providence,660615,528665,6.7,12.4,6.2,11.6,23.1,17.9,33.0,33.4,3.2,29.8
44009,RI,Washington,129982,110479,6.3,10.8,6.4,9.0,22.1,14.4,33.1,27.0,3.1,23.8
45001,SC,Abbeville,24434,19650,9.9,10.3,8.6,16.9,23.2,17.6,43.7,37.6,5.0,36.7
45003,SC,Aiken,177130,139026,7.5,9.8,7.1,13.9,22.7,15.6,38.9,34.4,4.1,30.5
45005,SC,Allendale,7369,6040,10.7,11.0,9.1,21.6,19.6,18.3,50.1,46.7,6.4,41.6
45007,SC,Anderson,213076,165138,8.2,10.2,7.2,13.3,25.9,17.7,38.0,36.3,4.0,34.4
45009,SC,Bamberg,12974,10549,9.9,10.9,8.7,19.5,20.1,17.7,47.1,42.0,5.9,39.6
45011,SC,Barnwell,20447,15569,11.6,11.0,9.2,19.4,22.4,18.9,45.7,44.2,5.9,40.5
45013,SC,Beaufort,198979,165010,7.0,8.5,7.5,12.7,18.0,13.1,38.2,29.6,4.0,27.7
45015,SC,Berkeley,255217,195733,6.2,9.5,5.6,12.9,22.4,16.7,36.4,37.9,3.3,31.3
45017,SC,Calhoun,14186,11559,8.8,10.1,8.2,17.3,21.2,15.8,45.3,40.7,5.0,34.5
45019,SC,Charleston,424367,342698,5.7,8.8,5.5,11.4,21.3,14.4,32.3,30.0,3.2,25.7
45021,SC,Cherokee,56714,43778,9.4,10.3,7.7,15.0,24.1,18.7,39.8,38.8,4.4,36.4
45023,SC,Chester,32226,25136,9.9,10.7,8.3,16.9,23.0,18.5,43.8,37.9,5.1,36.4
45025,SC,Chesterfield,44031,34239,10.3,10.4,8.5,18.1,23.1,18.4,44.6,45.2,5.2,39.6
45027,SC,Clarendon,31004,25502,10.5,10.7,9.3,19.6,22.0,17.5,48.1,38.0,5.8,39.6
45029,SC,Colleton,38874,29998,10.0,10.8,8.4,17.3,22.6,17.8,44.1,39.3,5.2,35.8
45031,SC,Darlington,62416,48521,9.4,10.7,8.0,17.6,22.9,17.8,44.6,45.6,5.0,35.7
45033,SC,Dillon,27698,20691,11.8,11.4,9.1,20.3,22.8,20.2,47.4,45.3,6.0,41.9
45035,SC,Dorchester,169833,129270,6.5,9.6,5.9,12.8,21.7,16.2,35.3,35.4,3.4,28.0
45037,SC,Edgefield,27607,23040,8.8,9.7,7.7,16.2,20.6,17.1,40.3,39.9,4.6,33.9
45039,SC,Fairfield,20422,16771,10.3,10.7,9.1,20.5,20.6,17.2,49.1,45.7,5.9,37.7
45041,SC,Florence,137214,104925,8.1,10.3,7.0,15.5,22.7,17.6,42.6,40.6,4.5,35.0
45043,SC,Georgetown,65731,54866,8.6,9.3,8.6,16.9,19.8,14.0,44.1,31.8,4.8,32.1
45045,SC,Greenville,558036,430899,6.4,9.4,6.1,12.2,21.8,16.0,35.6,32.5,3.3,29.0
45047,SC,Greenwood,69460,54014,8.6,10.1,7.5,15.4,23.6,17.1,40.8,36.8,4.5,34.1
45049,SC,Hampton,18122,14442,10.1,10.6,8.6,20.2,21.1,18.4,46.7,41.6,5.6,38.4
45051,SC,Horry,397478,331067,9.0,9.2,8.1,14.9,21.5,16.6,42.0,32.3,4.3,32.2
45053,SC,Jasper,33544,27540,8.9,9.7,8.3,17.0,20.6,15.8,43.3,35.0,4.8,35.4
45055,SC,Kershaw,69905,53629,7.9,9.8,7.0,14.8,21.9,16.7,40.1,36.6,4.1,31.6
45057,SC,Lancaster,108215,84913,7.5,9.4,7.1,14.1,22.1,15.8,37.3,36.1,3.9,31.8
45059,SC,Laurens,68873,53894,9.0,10.1,7.7,15.6,23.4,17.9,40.5,36.3,4.5,38.0
45061,SC,Lee,15967,12947,10.4,11.0,8.6,20.1,21.1,18.6,48.3,43.7,5.9,39.3
45063,SC,Lexington,309528,238788,6.9,9.2,6.2,12.3,24.4,16.2,37.1,36.2,3.5,28.8
45065,SC,McCormick,9941,8927,11.0,9.6,11.1,20.6,18.8,13.9,51.5,36.9,6.3,38.3
45067,SC,Marion,28508,22259,11.8,11.3,9.5,22.0,21.6,19.1,49.6,45.3,6.4,41.3
45069,SC,Marlboro,25704,20526,11.4,11.0,9.0,20.5,21.8,19.4,49.1,41.0,6.0,42.7
45071,SC,Newberry,38825,30495,8.7,9.8,7.8,16.1,22.1,17.0,42.4,38.1,4.5,32.9
45073,SC,Oconee,81221,65941,9.9,9.8,8.7,15.3,25.0,15.8,39.8,38.2,4.6,33.8
45075,SC,Orangeburg,82820,65211,9.6,11.0,8.4,19.0,21.4,18.0,47.3,42.2,5.7,38.5
45077,SC,Pickens,135495,110529,7.8,9.7,6.7,12.1,25.4,18.0,34.9,35.4,3.6,32.3
45079,SC,Richland,425138,334065,5.8,9.9,5.4,13.0,22.3,16.6,36.5,34.7,3.5,29.9
45081,SC,Saluda,19123,14912,9.6,9.8,8.5,16.8,21.4,16.5,42.4,43.6,4.9,38.0
45083,SC,Spartanburg,356698,273436,7.5,9.7,6.5,13.5,24.1,17.3,38.2,37.9,3.7,33.9
45085,SC,Sumter,104165,79564,8.0,10.5,7.0,15.8,21.0,17.4,41.6,42.7,4.6,32.8
45087,SC,Union,26629,21101,11.9,10.9,9.4,19.1,23.4,18.8,47.4,44.0,5.8,41.5
45089,SC,Williamsburg,29891,24199,10.0,10.9,8.6,20.4,20.0,17.9,49.9,45.0,6.0,41.0
45091,SC,York,298320,228347,6.0,9.3,5.3,11.8,21.9,15.9,35.5,37.3,3.1,26.7
46003,SD,Aurora,2782,2073,7.4,10.0,7.6,12.2,20.1,14.9,34.7,36.4,3.8,31.4
46005,SD,Beadle,19591,13979,8.1,10.0,7.8,13.4,20.4,15.4,34.9,35.4,4.0,33.1
46007,SD,Bennett,3305,2277,11.5,13.2,9.8,18.7,22.4,20.4,38.9,42.4,5.7,43.3
46009,SD,Bon Homme,7065,5697,8.0,9.8,8.1,12.8,19.6,15.3,36.7,37.0,4.1,33.3
46011,SD,Brookings,35980,28513,4.9,9.8,5.0,8.5,23.5,15.9,25.5,35.7,2.5,25.5
46013,SD,Brown,37733,28884,6.3,9.7,6.5,11.2,20.2,14.8,31.7,35.1,3.3,30.2
46015,SD,Brule,5311,4007,8.1,10.5,8.2,13.2,20.3,15.2,37.0,38.2,4.2,33.5
46017,SD,Buffalo,1884,1197,9.9,14.0,8.0,17.5,22.6,23.1,35.6,48.5,4.9,44.8
46019,SD,Butte,10863,8174,8.1,10.4,7.9,12.5,21.3,15.7,35.8,35.7,4.0,31.9
46021,SD,Campbell,1340,1094,8.1,9.5,9.4,13.8,18.4,12.6,40.0,33.0,4.5,32.2
46023,SD,Charles Mix,9240,6401,9.3,11.3,9.0,15.3,20.9,16.8,38.3,40.4,4.7,36.7
46025,SD,Clark,3948,2819,8.4,9.8,8.6,13.1,19.9,14.6,36.6,34.1,4.3,33.1
46027,SD,Clay,15431,12763,5.1,10.5,4.9,8.1,24.3,17.8,24.5,34.7,2.5,28.0
46029,SD,Codington,28971,22438,7.3,10.2,7.4,12.1,21.3,15.2,33.2,35.9,3.8,31.2
46031,SD,Corson,3782,2464,12.5,13.3,10.4,19.9,23.8,21.2,40.1,43.5,6.0,45.5
46033,SD,Custer,9117,7850,7.9,9.8,8.9,13.9,18.8,12.4,40.3,33.9,4.3,31.0
46035,SD,Davison,19922,15293,7.5,10.0,7.5,12.2,20.4,15.2,35.6,38.0,3.8,31.4
46037,SD,Day,5451,4249,9.0,10.4,9.5,14.7,19.7,14.6,39.2,34.8,4.7,34.1
46039,SD,Deuel,4354,3280,7.3,9.9,7.6,11.9,20.1,14.4,34.6,33.3,3.8,30.7
46041,SD,Dewey,5208,3180,10.3,13.7,8.3,18.0,22.1,21.1,38.1,43.6,5.1,41.4
46043,SD,Douglas,2838,2065,8.5,10.1,8.9,13.6,20.5,14.7,38.2,35.1,4.4,33.4
46045,SD,Edmunds,4057,3140,7.6,9.9,8.1,12.4,19.8,13.9,36.5,33.7,4.0,30.7
46047,SD,Fall River,7393,6194,10.2,10.4,10.5,16.4,20.0,14.3,43.1,38.0,5.2,36.8
46049,SD,Faulk,2151,1581,9.4,10.3,9.5,14.4,21.1,15.4,38.6,36.3,4.7,35.3
46051,SD,Grant,7553,5865,7.7,9.7,8.2,12.8,19.4,13.8,36.5,37.3,4.1,31.3
46053,SD,Gregory,4018,3034,8.8,10.2,9.2,14.1,20.1,14.8,38.9,35.9,4.6,34.5
46055,SD,Haakon,1851,1404,8.5,10.1,9.1,13.5,19.9,14.4,38.0,33.7,4.5,32.7
46057,SD,Hamlin,6451,4294,6.1,9.9,6.2,10.1,20.1,15.2,30.3,34.6,3.1,28.2
46059,SD,Hand,3107,2369,7.0,9.7,7.9,11.9,19.6,13.6,35.7,33.9,3.8,29.8
46061,SD,Hanson,3471,2506,7.4,10.4,6.9,12.1,21.8,15.8,33.9,36.6,3.5,29.7
46063,SD,Harding,1324,1009,6.3,9.6,7.0,11.2,19.7,13.7,34.0,35.3,3.4,28.1
46065,SD,Hughes,17624,13336,5.9,10.2,6.3,10.8,20.3,14.4,32.0,34.0,3.2,27.7
46067,SD,Hutchinson,7394,5430,7.3,10.0,7.7,12.1,20.3,14.4,35.3,34.4,3.8,30.0
46069,SD,Hyde,1186,913,8.4,10.5,8.8,13.6,20.6,15.1,37.4,35.3,4.4,33.6
46071,SD,Jackson,2776,1799,12.3,13.2,10.3,18.6,22.3,20.9,40.2,40.9,6.0,43.4
46073,SD,Jerauld,1660,1275,8.1,9.6,8.9,13.8,18.7,13.2,39.2,35.6,4.4,32.4
46075,SD,Jones,855,664,8.8,10.1,9.5,14.7,19.6,14.0,41.0,35.4,4.6,33.7
46077,SD,Kingsbury,5276,3947,7.4,9.9,7.9,12.1,20.1,14.3,35.5,35.6,3.9,30.7
46079,SD,Lake,11031,8766,6.8,9.7,7.5,12.0,19.4,13.6,35.8,32.5,3.6,28.5
46081,SD,Lawrence,28053,23472,7.1,10.0,7.6,11.4,20.4,14.0,33.0,32.7,3.8,30.4
46083,SD,Lincoln,73238,54161,4.8,9.5,5.1,8.8,19.7,13.6,28.9,34.9,2.6,23.8
46085,SD,Lyman,3705,2689,9.5,11.3,9.2,15.8,20.8,17.1,38.7,40.1,4.8,37.7
46087,SD,McCook,5809,4149,6.4,9.7,6.7,11.0,20.5,14.2,32.8,36.1,3.4,28.0
46089,SD,McPherson,2334,1826,9.7,10.0,10.3,14.8,19.3,14.0,40.9,34.9,5.1,36.9
46091,SD,Marshall,4390,3294,7.3,9.8,7.8,12.7,19.1,14.1,36.0,35.9,3.9,30.6
46093,SD,Meade,30954,24546,6.0,10.3,6.1,9.5,22.6,15.8,31.3,30.4,3.0,29.2
46095,SD,Mellette,1851,1291,13.7,13.2,11.5,21.1,22.8,20.7,42.5,45.6,6.6,46.8
46097,SD,Miner,2280,1744,8.2,9.9,8.6,13.3,19.9,14.6,37.7,35.7,4.3,32.8
46099,SD,Minnehaha,206930,154695,5.6,9.7,5.5,10.6,22.3,15.7,31.7,37.4,2.8,27.4
46101,SD,Moody,6450,4742,6.7,10.1,7.2,12.1,19.3,14.2,34.1,33.6,3.7,29.5
46102,SD,Oglala Lakota,13434,8652,13.6,15.0,9.7,21.1,24.3,25.7,38.9,47.0,6.3,51.3
46103,SD,Pennington,115903,90529,6.8,10.2,7.0,12.1,21.0,14.8,34.6,33.7,3.5,31.2
46105,SD,Perkins,2834,2172,8.9,10.2,9.3,14.3,20.2,14.4,38.7,36.0,4.6,33.3
46107,SD,Potter,2413,1889,7.4,9.7,8.5,13.1,19.1,13.5,37.9,34.8,4.1,30.9
46109,SD,Roberts,10206,7288,9.7,11.4,9.5,16.3,20.5,16.8,39.6,43.0,5.0,36.9
46111,SD,Sanborn,2399,1801,7.8,10.0,7.8,12.6,20.2,14.7,35.9,36.3,3.9,31.2
46115,SD,Spink,6166,4773,8.0,10.0,8.3,12.9,20.2,14.2,37.3,36.0,4.2,31.9
46117,SD,Stanley,3043,2361,6.3,9.8,6.9,11.1,20.0,13.9,33.6,35.2,3.4,28.4
46119,SD,Sully,1494,1195,7.1,9.6,8.1,12.5,18.8,13.4,37.6,34.7,3.9,29.9
46121,SD,Todd,9199,5411,13.2,15.3,9.5,20.7,24.2,24.8,38.5,49.3,6.2,49.2
46123,SD,Tripp,5621,4341,10.0,10.8,9.8,15.3,20.6,15.9,39.9,37.0,5.0,37.4
46125,SD,Turner,9027,6748,7.1,9.9,7.3,11.8,20.4,14.6,34.3,34.0,3.6,29.4
46127,SD,Union,17183,13101,5.9,9.6,6.4,10.6,19.9,13.8,32.0,31.2,3.2,26.8
46129,SD,Walworth,5269,4009,7.9,10.3,8.4,13.4,19.8,14.5,36.7,34.3,4.2,32.9
46135,SD,Yankton,23517,18574,6.7,9.8,7.1,11.8,20.2,14.4,35.0,38.3,3.6,30.3
46137,SD,Ziebach,2322,1744,11.2,13.8,9.2,18.7,23.1,21.5,39.4,47.2,5.5,43.9
47001,TN,Anderson,80234,63394,9.5,10.7,7.8,14.1,30.2,19.9,41.8,42.0,3.9,38.1
47003,TN,Bedford,53055,39707,9.2,11.0,7.0,13.5,29.6,20.4,39.4,44.4,3.7,38.2
47005,TN,Benton,16103,12855,12.7,11.2,10.0,16.9,29.4,20.5,46.0,40.8,5.0,43.0
47007,TN,Bledsoe,15060,12741,13.5,11.1,10.2,17.3,29.0,21.0,45.7,41.9,5.2,44.4
47009,TN,Blount,141456,113587,9.0,10.5,7.5,13.4,29.3,18.5,40.8,36.3,3.7,36.5
47011,TN,Bradley,111579,87424,9.0,10.8,7.3,13.4,28.7,19.7,40.8,41.5,3.7,36.9
47013,TN,Campbell,40223,31958,12.4,11.5,9.3,15.7,31.0,21.5,43.5,42.6,4.7,42.2
47015,TN,Cannon,15063,11758,10.8,11.1,8.2,14.5,30.3,20.5,41.5,43.1,4.2,39.4
47017,TN,Carroll,28860,22607,10.5,11.2,8.4,15.2,29.7,20.2,42.0,42.8,4.4,39.7
47019,TN,Carter,57022,47175,11.6,11.3,9.3,15.9,31.5,20.2,44.7,37.9,4.6,43.1
47021,TN,Cheatham,42254,33283,8.2,10.7,6.6,12.4,28.7,18.9,38.1,39.6,3.3,33.4
47023,TN,Chester,17606,13796,9.8,11.5,7.5,13.9,30.8,21.2,39.8,39.0,3.9,39.0
47025,TN,Claiborne,32654,26424,11.3,11.3,8.5,15.0,30.9,20.8,42.6,42.3,4.3,40.7
47027,TN,Clay,7714,6190,13.8,11.3,10.8,17.8,30.2,20.2,47.4,39.9,5.4,44.8
47029,TN,Cocke,37404,29763,13.4,11.5,10.0,17.2,31.1,21.2,45.5,40.3,5.1,44.2
47031,TN,Coffee,60633,46066,10.0,11.1,7.9,13.9,29.8,20.0,41.6,39.5,4.0,38.6
47033,TN,Crockett,13982,10774,10.0,11.2,8.0,15.5,27.9,20.0,42.7,42.1,4.4,39.7
47035,TN,Cumberland,64760,53834,12.7,10.8,10.9,17.3,29.1,18.3,49.0,39.5,5.3,41.1
47037,TN,Davidson,712334,566997,6.2,10.7,5.1,11.2,28.2,19.2,33.3,32.3,2.9,31.8
47039,TN,Decatur,11656,9281,13.6,11.4,10.4,17.8,30.4,20.6,46.5,43.0,5.3,43.9
47041,TN,DeKalb,21225,16657,11.8,11.1,8.9,15.9,30.1,20.8,43.6,40.4,4.5,41.9
47043,TN,Dickson,56729,44005,8.6,10.9,6.8,12.7,29.4,19.6,37.6,37.6,3.5,36.5
47045,TN,Dyer,36498,27693,10.2,11.4,8.0,14.9,30.8,20.7,42.6,39.4,4.2,40.6
47047,TN,Fayette,44175,36250,8.9,10.9,8.0,15.9,25.8,17.6,45.1,39.0,4.3,36.2
47049,TN,Fentress,19696,15620,13.3,11.4,10.0,17.1,30.4,20.6,45.6,44.9,5.1,43.1
47051,TN,Franklin,44654,36041,9.5,11.0,7.8,13.9,30.1,19.6,40.7,35.0,3.9,38.1
47053,TN,Gibson,51045,38625,9.9,11.4,7.6,14.7,28.5,20.2,41.5,39.6,4.2,38.5
47055,TN,Giles,30721,24414,10.5,11.3,8.4,15.4,29.1,19.8,43.1,39.8,4.4,39.7
47057,TN,Grainger,24681,19943,11.6,11.1,9.1,15.7,29.9,20.1,43.3,41.2,4.5,40.4
47059,TN,Greene,72577,58898,11.3,11.1,8.9,15.4,29.3,19.9,42.3,40.6,4.4,40.3
47061,TN,Grundy,13955,10952,13.1,11.7,9.6,16.5,31.2,21.4,44.5,40.6,5.0,43.4
47063,TN,Hamblen,66216,50439,10.6,11.1,8.2,15.2,30.1,20.6,41.4,40.5,4.3,41.0
47065,TN,Hamilton,379864,299790,7.7,11.0,6.6,12.7,26.6,17.9,38.3,34.5,3.6,32.1
47067,TN,Hancock,6956,5496,17.6,12.2,12.1,20.3,33.1,23.2,49.5,43.0,6.3,49.6
47069,TN,Hardeman,25567,20544,10.5,11.4,8.3,17.2,25.8,20.7,45.9,43.7,4.9,41.3
47071,TN,Hardin,27229,21759,13.0,11.3,10.1,17.1,30.2,20.6,45.7,38.1,5.1,43.7
47073,TN,Hawkins,58600,47494,11.8,11.1,9.2,16.0,30.7,20.1,43.9,41.1,4.6,41.3
47075,TN,Haywood,17328,13485,12.0,12.4,9.4,20.7,26.7,20.9,51.2,46.6,5.9,45.5
47077,TN,Henderson,28070,21781,10.9,11.2,8.4,15.4,29.0,20.4,43.0,38.8,4.4,40.2
47079,TN,Henry,32554,26072,12.1,11.2,9.7,16.9,30.4,19.8,45.1,38.2,5.0,42.3
47081,TN,Hickman,25826,20399,10.3,11.0,7.9,14.1,29.7,20.5,41.4,38.4,4.1,38.8
47083,TN,Houston,8393,6642,10.5,11.1,8.3,14.7,30.1,20.1,42.4,39.5,4.2,39.3
47085,TN,Humphreys,19209,15251,10.9,11.1,8.5,15.0,30.1,20.3,42.4,41.2,4.3,39.6
47087,TN,Jackson,12363,10099,13.1,11.3,10.1,17.0,30.6,20.3,44.8,39.4,5.0,42.9
47089,TN,Jefferson,57838,46748,9.7,11.0,8.0,13.6,30.1,19.5,40.9,37.3,4.0,36.8
47091,TN,Johnson,18375,15348,13.3,11.2,10.1,17.5,30.1,20.4,46.2,40.0,5.1,43.6
47093,TN,Knox,500669,396548,7.4,10.6,6.2,12.0,30.7,19.0,36.5,33.5,3.2,32.7
47095,TN,Lake,6347,5362,14.3,11.6,9.8,19.0,29.2,23.4,48.3,47.2,5.6,48.4
47097,TN,Lauderdale,24610,19169,11.2,11.8,8.3,17.2,27.9,21.8,45.5,47.2,4.9,42.6
47099,TN,Lawrence,46114,34552,11.2,11.3,8.5,14.9,32.0,21.2,42.0,41.5,4.3,39.4
47101,TN,Lewis,13066,10217,11.1,11.2,8.6,14.9,30.2,20.6,42.0,39.2,4.4,40.4
47103,TN,Lincoln,36169,28065,10.0,10.9,8.0,14.8,28.3,19.3,42.1,40.5,4.2,38.0
47105,TN,Loudon,60591,49273,9.9,10.3,9.0,15.1,26.7,16.9,44.8,36.4,4.3,37.0
47107,TN,McMinn,55678,43829,10.5,11.1,8.3,15.4,29.2,20.1,43.3,46.8,4.2,40.6
47109,TN,McNairy,26163,20543,11.8,11.4,9.0,16.2,30.2,20.9,44.3,39.4,4.7,42.4
47111,TN,Macon,26793,20137,10.9,11.3,7.9,14.6,30.7,21.8,39.4,43.1,4.1,40.4
47113,TN,Madison,99193,77007,9.1,11.5,7.7,16.2,26.9,19.5,43.7,43.8,4.3,40.9
47115,TN,Marion,29382,23402,11.9,11.4,9.2,16.2,30.4,20.2,44.0,40.6,4.7,41.8
47117,TN,Marshall,36961,28299,9.1,11.0,7.1,13.6,30.1,20.0,39.9,40.0,3.7,36.5
47119,TN,Maury,110760,85543,7.8,10.7,6.6,12.6,27.9,18.9,39.0,35.2,3.4,33.2
47121,TN,Meigs,13691,10945,11.9,11.2,9.3,15.9,30.2,20.4,44.9,40.8,4.7,41.8
47123,TN,Monroe,48594,38727,11.8,11.3,9.3,15.9,30.8,20.4,45.2,39.1,4.7,41.7
47125,TN,Montgomery,239872,176143,6.1,10.8,4.8,10.8,28.6,20.0,33.9,38.4,2.7,31.8
47127,TN,Moore,6748,5434,10.2,10.8,8.5,14.7,28.8,18.9,42.7,38.8,4.2,38.1
47129,TN,Morgan,21573,17352,11.1,10.9,8.5,14.8,30.0,20.8,42.4,43.4,4.3,40.1
47131,TN,Obion,30411,23747,11.4,11.3,9.0,16.2,30.2,20.4,43.7,40.2,4.7,41.8
47133,TN,Overton,23327,18448,12.3,11.4,9.1,15.7,30.6,21.0,43.5,40.9,4.6,41.2
47135,TN,Perry,8891,6896,12.8,11.4,9.6,16.4,30.2,21.0,44.6,40.1,4.9,43.4
47137,TN,Pickett,5128,4278,15.2,11.3,12.1,19.1,29.9,19.9,49.0,41.8,5.9,45.9
47139,TN,Polk,18033,14655,11.0,11.2,8.7,15.1,30.5,20.1,43.8,43.7,4.3,40.0
47141,TN,Putnam,83844,66450,8.9,10.9,6.9,12.4,28.9,20.5,37.0,37.5,3.5,35.5
47143,TN,Rhea,33924,26584,11.4,11.1,8.7,15.7,30.2,20.6,43.2,42.5,4.4,40.7
47145,TN,Roane,56096,45557,10.5,10.8,8.8,14.7,29.6,18.7,43.3,37.0,4.4,39.1
47147,TN,Robertson,76776,58419,8.2,10.8,6.6,12.7,28.3,19.5,38.2,37.0,3.4,35.6
47149,TN,Rutherford,367101,277198,6.2,10.7,5.0,10.9,26.8,19.6,34.0,37.9,2.7,31.3
47151,TN,Scott,22171,17051,13.8,11.8,9.6,16.6,32.7,23.1,44.1,43.4,4.9,44.7
47153,TN,Sequatchie,17161,13711,12.8,11.3,9.8,16.7,31.3,20.7,44.7,39.4,4.9,43.1
47155,TN,Sevier,99415,78781,10.1,10.8,8.2,14.4,29.4,19.7,40.8,38.4,4.1,38.0
47157,TN,Shelby,910042,678990,7.9,11.7,6.5,15.9,24.9,19.2,43.0,39.7,4.2,36.6
47159,TN,Smith,20538,15962,9.7,11.0,7.5,13.5,30.0,20.1,39.1,39.1,3.8,37.5
47161,TN,Stewart,14222,11296,9.8,10.8,8.0,14.0,29.0,19.2,41.4,38.1,4.0,37.5
47163,TN,Sullivan,162135,131383,10.3,11.2,8.5,15.2,30.6,19.3,42.0,37.8,4.2,38.7
47165,TN,Sumner,207994,160636,7.5,10.7,6.4,12.2,29.3,18.4,37.0,40.6,3.3,33.3
47167,TN,Tipton,62015,47484,8.9,11.3,7.0,14.2,28.7,20.0,42.1,44.1,3.8,37.0
47169,TN,Trousdale,12271,9953,8.2,10.6,6.0,11.7,29.2,21.4,35.9,39.1,3.2,36.5
47171,TN,Unicoi,17756,14576,12.2,11.1,9.7,16.5,29.9,19.9,45.2,39.3,4.8,41.6
47173,TN,Union,20741,16391,10.9,11.1,8.3,14.6,29.9,20.4,41.2,40.3,4.2,39.1
47175,TN,Van Buren,6493,5159,11.8,11.1,9.5,16.0,29.5,19.8,45.1,39.2,4.7,41.5
47177,TN,Warren,42638,32817,10.8,11.2,8.2,15.5,29.7,20.7,42.1,42.3,4.2,39.7
47179,TN,Washington,138420,112911,8.8,10.9,7.3,12.8,30.9,19.7,36.9,35.5,3.6,37.1
47181,TN,Wayne,16066,13393,11.8,11.0,8.9,15.4,29.0,20.7,42.7,40.5,4.6,41.1
47183,TN,Weakley,33084,26870,10.0,11.3,7.8,13.9,30.1,21.5,38.3,39.1,4.0,39.6
47185,TN,White,28692,22572,11.9,11.3,9.0,15.6,31.4,20.7,43.3,39.7,4.6,42.1
47187,TN,Williamson,264460,197303,5.2,9.8,5.1,10.0,24.7,15.1,35.0,29.4,2.5,25.5
47189,TN,Wilson,163674,125684,6.8,10.4,5.9,11.3,27.0,17.7,35.7,31.2,3.0,31.7
48001,TX,Anderson,57736,46379,7.8,9.9,6.9,13.9,22.0,18.4,38.6,39.9,3.9,35.7
48003,TX,Andrews,18664,12871,6.1,9.5,5.6,12.7,22.1,18.2,31.9,36.7,3.1,34.1
48005,TX,Angelina,87319,65255,8.8,11.0,7.9,14.9,24.3,19.6,41.3,40.8,4.2,40.2
48007,TX,Aransas,25374,20864,9.1,9.9,9.1,15.9,22.4,15.7,43.5,36.0,4.6,36.1
48009,TX,Archer,9029,6979,8.1,10.2,7.5,12.7,23.8,17.2,38.1,34.9,3.8,33.1
48011,TX,Armstrong,1832,1422,7.4,9.9,7.4,12.6,23.0,16.2,38.0,33.3,3.7,31.7
48013,TX,Atascosa,51784,38008,6.3,9.2,6.6,15.4,20.7,17.0,36.8,42.2,3.5,35.8
48015,TX,Austin,31677,24216,8.2,10.0,7.9,14.7,22.1,16.8,39.5,37.3,4.2,35.3
48017,TX,Bailey,6672,4676,7.1,9.5,7.2,15.5,21.2,17.7,35.6,38.8,3.8,38.3
48019,TX,Bandera,22637,18811,9.0,10.0,9.1,15.7,22.7,15.5,42.6,35.5,4.5,35.9
48021,TX,Bastrop,110778,82035,6.8,9.5,6.5,13.4,21.9,17.0,35.7,40.2,3.5,33.4
48023,TX,Baylor,3463,2691,9.7,10.3,8.9,14.9,23.9,17.7,41.3,36.1,4.6,37.8
48025,TX,Bee,30850,24638,5.7,8.7,5.9,13.9,19.6,17.5,34.2,39.2,3.2,35.6
48027,TX,Bell,393193,285194,5.9,10.7,5.4,12.6,24.7,18.9,33.2,43.2,3.2,34.0
48029,TX,Bexar,2087679,1577040,5.1,9.0,5.4,13.9,22.2,16.7,33.5,34.1,3.0,31.9
48031,TX,Blanco,13048,10896,7.2,9.6,7.4,13.1,21.5,14.7,38.7,34.5,3.7,30.4
48033,TX,Borden,572,455,7.4,9.6,7.9,13.2,21.7,15.0,39.6,33.2,3.9,32.0
48035,TX,Bosque,18996,15064,8.7,10.0,8.4,14.3,22.9,16.5,40.0,35.9,4.3,35.2
48037,TX,Bowie,91687,69941,8.1,10.8,7.1,13.8,23.6,18.6,38.9,36.7,4.1,34.5
48039,TX,Brazoria,398938,297394,5.1,9.4,5.1,12.0,19.9,16.1,34.6,36.3,2.9,27.4
48041,TX,Brazos,244703,195226,5.2,9.9,4.6,9.7,24.2,19.5,27.8,29.4,2.6,29.9
48043,TX,Brewster,9513,7906,5.5,8.9,6.6,12.8,20.1,14.3,35.0,32.8,3.3,29.7
48045,TX,Briscoe,1445,1128,10.4,10.3,9.9,17.5,22.8,17.5,43.4,39.5,5.2,40.5
48047,TX,Brooks,6848,5111,7.1,8.8,8.1,19.8,19.3,17.5,38.3,42.6,4.4,42.9
48049,TX,Brown,38709,30770,8.5,10.1,7.8,14.0,23.5,17.7,38.1,34.9,4.1,35.9
48051,TX,Burleson,19475,15139,7.8,10.1,7.4,14.0,22.1,16.7,39.3,35.9,4.0,33.5
48053,TX,Burnet,53991,43122,7.8,9.8,7.7,13.5,22.2,16.1,38.3,35.3,3.9,33.0
48055,TX,Caldwell,49859,38288,6.8,9.4,6.5,14.6,21.4,17.5,34.9,42.2,3.6,35.2
48057,TX,Calhoun,19696,15174,6.9,9.2,7.3,14.7,20.1,16.1,36.8,34.8,3.8,34.5
48059,TX,Callahan,14374,11235,8.2,10.2,7.6,13.2,23.9,17.3,38.5,36.2,3.9,33.2
48061,TX,Cameron,426710,306297,6.2,8.7,7.1,18.3,18.9,16.5,34.0,40.3,3.9,37.0
48063,TX,Camp,13000,9495,9.5,10.8,8.3,16.1,23.5,18.9,40.9,40.0,4.7,38.5
48065,TX,Carson,5878,4511,6.9,9.9,6.8,11.7,23.2,16.6,36.0,34.0,3.4,30.4
48067,TX,Cass,28659,22102,9.9,10.9,8.7,15.7,24.0,18.6,42.8,39.3,4.9,37.6
48069,TX,Castro,7227,5107,6.7,9.1,7.2,15.5,20.1,16.6,36.2,38.2,3.8,36.5
48071,TX,Chambers,53876,38951,5.7,10.0,5.2,10.8,23.4,18.0,32.1,35.0,2.9,30.0
48073,TX,Cherokee,52217,39032,8.9,10.5,7.8,14.7,23.6,18.5,38.7,35.7,4.3,37.5
48075,TX,Childress,6788,5492,6.9,9.5,6.3,12.0,21.9,18.3,34.0,36.1,3.4,34.7
48077,TX,Clay,10738,8542,8.3,10.1,7.9,13.2,23.6,16.8,39.3,34.9,4.0,33.2
48079,TX,Cochran,2509,1832,9.7,10.1,8.8,18.6,22.9,19.6,39.8,42.6,4.9,43.5
48081,TX,Coke,3352,2630,9.9,10.1,9.6,15.9,22.9,16.9,42.3,36.3,4.9,38.2
48083,TX,Coleman,7842,6188,9.4,10.2,9.0,15.4,23.3,17.0,41.9,37.2,4.6,36.5
48085,TX,Collin,1195359,903972,4.1,8.9,4.3,9.5,20.0,14.6,30.4,32.3,2.3,23.1
48087,TX,Collingsworth,2563,1897,9.3,10.5,8.2,15.5,23.4,18.0,39.9,39.3,4.4,37.3
48089,TX,Colorado,21117,16091,7.9,9.8,7.9,14.9,21.1,16.2,40.0,36.2,4.2,34.9
48091,TX,Comal,193928,151068,5.6,9.4,5.8,11.2,20.3,14.7,34.3,35.0,3.0,25.5
48093,TX,Comanche,14050,10881,8.7,9.9,8.5,14.8,22.5,16.8,40.1,36.7,4.3,36.1
48095,TX,Concho,3297,2894,7.8,9.1,7.6,14.2,20.0,16.9,38.5,37.1,4.0,36.5
48097,TX,Cooke,43782,33539,7.9,10.2,7.2,13.0,23.7,17.5,37.4,36.1,3.8,33.7
48099,TX,Coryell,84878,65792,5.7,10.4,4.9,10.3,24.0,19.6,30.4,37.3,2.8,31.1
48101,TX,Cottle,1294,1043,11.0,10.5,10.2,18.8,22.6,17.4,45.1,40.6,5.5,40.7
48103,TX,Crane,4574,3247,6.3,9.1,6.4,15.0,20.4,17.6,34.3,39.7,3.5,36.7
48105,TX,Crockett,2858,2119,7.4,9.4,7.7,16.5,20.3,16.5,37.7,37.7,4.1,37.9
48107,TX,Crosby,4917,3652,8.6,9.7,8.4,17.1,21.6,17.8,39.5,40.5,4.5,40.0
48109,TX,Culberson,2196,1675,8.0,9.2,8.7,19.3,19.9,17.2,40.2,40.3,4.7,41.9
48111,TX,Dallam,7237,4733,7.4,9.6,6.7,14.7,22.3,18.9,35.1,39.6,3.6,37.5
48113,TX,Dallas,2606358,1960720,5.6,9.8,5.3,12.5,19.3,17.1,33.1,35.7,3.2,29.7
48115,TX,Dawson,12004,9004,7.6,9.4,7.0,15.3,21.1,18.6,36.0,39.4,3.9,38.9
48117,TX,Deaf Smith,18347,12613,7.2,9.4,7.1,16.4,20.9,18.4,35.5,40.7,3.9,39.7
48119,TX,Delta,5520,4187,8.7,10.6,7.8,13.7,24.4,18.1,39.1,37.1,4.1,35.2
48121,TX,Denton,1007703,775771,4.3,9.3,4.3,9.9,20.8,15.8,29.5,33.7,2.4,25.0
48123,TX,DeWitt,19929,15349,8.6,9.8,8.2,16.0,21.5,17.2,40.2,37.6,4.4,37.5
48125,TX,Dickens,1711,1399,9.8,9.9,9.6,16.7,21.9,16.4,43.0,37.5,5.0,38.8
48127,TX,Dimmit,8257,5890,9.4,9.5,9.9,23.4,20.9,19.2,42.3,46.8,5.5,48.3
48129,TX,Donley,3214,2573,8.9,10.4,8.4,14.0,23.6,17.7,39.4,34.2,4.4,36.3
48131,TX,Duval,9604,7139,7.0,8.9,8.2,18.8,19.4,17.4,38.4,41.2,4.3,41.8
48133,TX,Eastland,18037,14154,9.1,10.3,8.2,14.1,24.1,18.0,38.7,35.5,4.3,36.7
48135,TX,Ector,164494,114193,5.5,9.3,5.3,12.8,21.2,18.0,30.5,40.0,3.0,33.4
48137,TX,Edwards,1393,1097,9.9,9.5,10.5,19.3,20.1,15.5,44.6,38.2,5.3,40.9
48139,TX,Ellis,222829,164247,5.6,10.1,5.3,11.6,22.6,17.3,34.2,37.2,3.0,30.1
48141,TX,El Paso,869880,646273,4.9,8.6,5.8,15.4,19.9,17.5,33.1,34.0,3.2,33.7
48143,TX,Erath,44195,35075,6.6,10.3,5.8,10.8,24.9,19.3,30.9,33.4,3.1,31.9
48145,TX,Falls,17286,13585,9.1,10.9,8.1,16.1,23.1,19.1,40.9,40.0,4.7,38.5
48147,TX,Fannin,37571,29614,8.5,10.4,7.4,13.2,24.5,18.4,37.5,39.2,3.9,35.4
48149,TX,Fayette,25474,20303,7.7,9.6,8.0,13.8,21.3,15.4,39.3,33.9,4.1,33.3
48151,TX,Fisher,3612,2830,7.6,9.7,8.0,14.5,21.6,16.1,40.0,36.1,4.1,34.3
48153,TX,Floyd,5090,3788,8.3,9.6,8.3,17.0,21.0,17.3,38.9,39.1,4.4,39.4
48155,TX,Foard,1079,854,11.8,10.7,10.9,18.2,23.8,18.4,45.4,40.1,5.7,42.6
48157,TX,Fort Bend,916778,674906,4.2,9.0,4.6,12.0,17.5,14.3,31.8,30.1,2.7,23.5
48159,TX,Franklin,10735,8409,7.6,10.0,7.5,13.0,22.9,16.3,38.4,35.3,3.8,32.5
48161,TX,Freestone,20441,15822,8.6,10.3,7.9,14.7,22.7,17.7,41.0,38.2,4.4,35.5
48163,TX,Frio,17987,13345,5.9,8.6,6.2,15.3,19.5,18.0,33.1,40.5,3.4,39.3
48165,TX,Gaines,22523,14406,6.6,10.2,5.5,11.8,23.8,20.1,30.8,36.1,3.1,36.0
48167,TX,Galveston,361744,277060,6.0,9.8,5.9,12.3,21.7,16.6,35.7,34.0,3.3,29.6
48169,TX,Garza,4517,3597,7.5,9.3,6.9,14.9,20.9,18.3,35.5,39.9,3.8,38.3
48171,TX,Gillespie,27733,22412,7.7,9.4,8.3,13.6,21.0,14.4,40.3,32.8,4.1,32.9
48173,TX,Glasscock,1141,853,5.2,9.1,5.5,10.9,21.2,15.4,32.4,34.0,2.8,28.3
48175,TX,Goliad,7144,5744,8.4,9.8,8.5,15.6,21.5,16.2,40.5,37.0,4.4,36.2
48177,TX,Gonzales,19930,14670,8.3,9.9,7.9,16.0,21.8,17.9,38.8,39.4,4.3,38.8
48179,TX,Gray,20916,15662,8.2,9.9,7.3,13.9,23.2,18.4,37.6,38.5,3.9,36.4
48181,TX,Grayson,146907,111562,7.4,10.3,6.7,12.5,24.3,17.8,36.1,33.9,3.6,32.7
48183,TX,Gregg,126243,93766,7.7,10.7,6.7,13.5,23.7,18.8,37.6,36.8,3.9,34.7
48185,TX,Grimes,32384,25008,8.1,10.1,7.5,14.4,22.6,17.8,38.7,37.1,4.1,35.4
48187,TX,Guadalupe,188454,143773,5.5,9.5,5.6,12.8,22.1,16.4,33.8,34.7,3.0,30.8
48189,TX,Hale,31761,23506,7.4,9.5,7.1,15.6,21.3,18.3,36.3,38.9,3.8,38.2
48191,TX,Hall,2818,2210,9.6,10.0,9.5,17.5,22.1,17.3,42.7,39.1,5.1,39.9
48193,TX,Hamilton,8619,6752,9.4,10.1,8.9,14.6,23.2,17.0,41.3,36.1,4.6,36.7
48195,TX,Hansford,5071,3618,7.0,9.6,6.7,13.6,22.0,17.2,34.6,36.8,3.6,34.8
48197,TX,Hardeman,3490,2702,9.1,10.3,8.6,15.2,23.1,17.7,40.5,37.6,4.5,37.3
48199,TX,Hardin,58261,43697,7.9,10.5,6.8,12.4,24.8,18.5,36.7,34.0,3.7,33.4
48201,TX,Harris,4835125,3595915,5.5,9.2,5.4,13.2,19.7,16.5,32.8,37.3,3.3,31.3
48203,TX,Harrison,70895,53891,7.9,10.7,7.1,13.8,23.5,18.6,38.6,38.8,4.1,34.6
48205,TX,Hartley,5145,4012,6.3,9.1,6.3,12.0,20.7,16.3,34.9,34.5,3.3,31.7
48207,TX,Haskell,5385,4416,9.0,10.0,8.2,14.9,22.9,17.7,39.3,36.6,4.3,37.1
48209,TX,Hays,280486,218510,4.8,9.3,4.7,10.2,21.9,17.0,29.0,34.5,2.5,27.6
48211,TX,Hemphill,3189,2336,6.2,9.4,6.3,11.6,21.5,15.9,34.1,32.7,3.3,30.8
48213,TX,Henderson,86158,67684,9.2,10.5,8.3,14.5,24.2,17.9,40.6,35.4,4.4,36.3
48215,TX,Hidalgo,898471,624451,5.9,8.7,6.5,17.4,20.2,18.2,33.4,44.2,3.6,39.4
48217,TX,Hill,38101,29280,8.4,10.3,7.8,14.2,23.5,17.8,38.8,36.9,4.1,35.8
48219,TX,Hockley,21460,15783,7.0,9.7,6.7,14.1,22.0,17.8,35.1,36.1,3.6,35.1
48221,TX,Hood,67774,53986,7.4,9.8,7.4,12.5,22.6,15.5,38.0,33.2,3.7,31.6
48223,TX,Hopkins,38172,28933,8.3,10.4,7.3,13.4,24.1,18.2,37.5,37.5,4.0,35.0
48225,TX,Houston,22066,17552,9.9,10.6,8.9,16.8,22.7,18.2,43.4,38.2,5.1,39.3
48227,TX,Howard,30554,23509,6.6,9.6,6.3,13.7,22.0,18.0,34.8,38.4,3.4,34.8
48229,TX,Hudspeth,3451,3036,6.6,8.9,6.0,14.3,20.5,19.6,33.0,41.0,3.3,39.6
48231,TX,Hunt,113347,85368,7.4,10.3,6.5,12.3,23.3,18.5,35.6,36.7,3.5,33.6
48233,TX,Hutchinson,20033,15111,7.5,10.1,7.0,12.9,23.4,17.9,36.0,35.1,3.7,33.8
48235,TX,Irion,1549,1190,7.2,9.7,7.3,13.4,22.5,16.1,37.7,35.1,3.7,32.8
48237,TX,Jack,8875,6909,8.8,10.2,7.6,13.4,24.0,18.9,37.5,37.8,4.0,36.4
48239,TX,Jackson,15221,11330,8.2,9.9,7.8,14.7,22.4,17.5,38.6,37.7,4.2,36.5
48241,TX,Jasper,32694,25039,10.7,11.1,9.0,16.3,24.5,19.4,43.2,41.1,5.0,38.9
48243,TX,Jeff Davis,1856,1764,11.6,9.8,12.3,21.2,21.0,14.3,50.1,37.9,6.1,40.7
48245,TX,Jefferson,251496,189667,7.8,10.7,7.0,15.6,21.1,18.6,39.8,41.3,4.3,36.4
48247,TX,Jim Hogg,4720,3365,8.9,9.1,9.9,22.8,19.7,17.9,41.6,44.7,5.3,46.8
48249,TX,Jim Wells,38662,28172,6.9,9.0,7.6,18.0,20.0,17.2,37.3,40.6,4.0,40.4
48251,TX,Johnson,202906,150832,6.6,10.2,5.9,11.9,23.2,18.0,33.8,33.4,3.2,31.3
48253,TX,Jones,20381,16924,7.5,9.5,6.6,13.0,21.4,18.4,36.2,38.7,3.6,35.7
48255,TX,Karnes,15018,12017,6.8,9.1,6.4,14.0,20.4,18.0,35.3,38.9,3.5,37.0
48257,TX,Kaufman,185690,132239,5.8,10.4,5.0,11.2,22.2,18.3,32.5,38.0,2.9,30.4
48259,TX,Kendall,50537,39429,5.5,9.3,6.1,11.1,20.4,14.3,34.9,34.3,3.1,26.3
48261,TX,Kenedy,343,289,7.2,9.3,8.3,18.5,19.3,16.7,38.2,37.9,4.4,41.7
48263,TX,Kent,734,557,7.2,9.6,7.7,12.9,21.6,14.9,38.9,32.5,4.0,32.8
48265,TX,Kerr,53915,44017,8.4,9.6,8.7,14.7,21.4,15.4,40.3,34.4,4.4,34.9
48267,TX,Kimble,4442,3628,10.1,10.0,9.9,16.6,22.5,16.2,43.8,36.8,5.0,38.4
48269,TX,King,217,168,10.8,10.3,10.4,16.8,22.8,17.0,45.0,37.8,5.3,39.7
48271,TX,Kinney,3148,2597,7.5,8.8,8.6,15.8,19.4,15.4,39.2,36.8,4.3,36.9
48273,TX,Kleberg,30069,22867,5.5,9.1,6.0,14.0,21.0,18.0,31.5,37.1,3.2,36.7
48275,TX,Knox,3302,2408,8.7,10.1,8.2,15.6,22.6,17.5,40.3,37.8,4.4,37.2
48277,TX,Lamar,51127,38549,9.1,11.0,7.8,14.3,24.6,19.0,39.9,38.5,4.3,36.7
48279,TX,Lamb,12711,9252,7.9,9.6,7.9,16.6,21.4,17.6,38.2,40.0,4.2,39.0
48281,TX,Lampasas,23262,18331,7.9,10.2,7.5,14.0,23.6,17.3,38.5,35.1,3.9,34.1
48283,TX,La Salle,6537,5295,6.8,8.7,6.9,15.5,19.5,18.3,33.6,38.8,3.8,41.3
48285,TX,Lavaca,20571,15741,8.7,10.1,8.4,14.6,22.8,16.9,40.6,36.3,4.4,36.1
48287,TX,Lee,18240,14389,9.0,10.3,8.1,15.4,22.9,17.8,40.6,39.8,4.4,37.1
48289,TX,Leon,16538,12726,9.5,10.4,8.8,15.3,23.2,17.4,41.6,36.2,4.6,36.8
48291,TX,Liberty,108272,75346,8.0,10.6,6.5,13.9,23.7,20.1,35.4,40.1,3.7,37.2
48293,TX,Limestone,22250,17239,9.3,10.5,8.4,16.1,22.8,18.1,41.9,39.7,4.7,37.9
48295,TX,Lipscomb,2906,2179,8.3,9.8,8.0,14.8,22.0,16.7,38.6,36.7,4.1,35.7
48297,TX,Live Oak,11584,9407,8.7,9.6,8.5,16.2,21.4,17.8,40.0,39.7,4.4,39.2
48299,TX,Llano,22875,19317,9.5,9.8,10.0,15.7,21.5,14.5,44.8,35.8,4.9,36.3
48303,TX,Lubbock,320940,245983,5.8,9.8,5.4,11.4,22.7,18.2,30.3,35.4,3.0,31.6
48305,TX,Lynn,5761,4156,8.0,9.9,7.5,15.2,22.9,18.0,37.5,38.6,4.0,36.5
48307,TX,McCulloch,7452,5892,8.9,10.0,8.6,15.5,22.7,17.0,40.4,36.4,4.4,37.1
48309,TX,McLennan,268583,204435,6.8,10.4,6.2,12.5,23.6,18.4,34.3,34.8,3.5,32.9
48311,TX,McMullen,568,445,9.1,9.5,9.5,17.8,21.3,17.0,42.1,38.6,4.9,39.6
48313,TX,Madison,13742,10656,7.6,10.1,6.7,13.1,22.0,18.9,36.1,37.1,3.8,36.2
48315,TX,Marion,9571,7838,11.2,11.0,10.1,18.1,23.1,17.9,46.8,39.1,5.6,39.8
48317,TX,Martin,5216,3571,6.0,9.6,5.5,12.1,22.2,17.8,32.3,36.0,3.0,32.6
48319,TX,Mason,3931,3203,8.1,9.4,8.8,14.4,20.9,14.2,41.2,33.5,4.3,34.0
48321,TX,Matagorda,36359,26887,8.3,9.9,7.9,16.4,22.0,17.4,39.6,39.4,4.3,37.4
48323,TX,Maverick,57762,39943,5.7,8.9,6.6,17.8,19.7,18.0,34.4,43.9,3.6,40.8
48325,TX,Medina,54797,42472,6.1,9.2,6.6,14.4,20.6,16.0,37.1,39.5,3.4,34.5
48327,TX,Menard,1958,1592,9.8,9.7,10.3,17.6,20.9,15.3,44.2,36.5,5.2,39.5
48329,TX,Midland,177108,125208,4.9,9.4,4.7,10.8,21.4,17.2,30.5,35.9,2.6,30.7
48331,TX,Milam,25951,20070,8.5,10.1,8.0,14.9,22.7,17.3,40.2,37.1,4.3,35.9
48333,TX,Mills,4548,3625,8.3,9.7,8.6,14.1,21.9,15.5,40.4,33.0,4.3,34.3
48335,TX,Mitchell,9075,7271,7.0,9.3,6.5,13.3,21.0,18.3,35.4,38.4,3.5,35.9
48337,TX,Montague,21598,16711,8.8,10.3,8.0,13.4,24.4,17.9,38.7,35.0,4.1,35.3
48339,TX,Montgomery,711354,528013,5.6,9.5,5.3,11.4,21.5,16.4,31.9,31.8,2.9,27.4
48341,TX,Moore,21190,14480,6.8,9.5,6.5,14.9,21.3,18.4,34.5,39.0,3.6,37.5
48343,TX,Morris,12066,9326,9.4,11.1,8.4,15.9,23.4,18.5,42.7,39.0,4.8,37.2
48345,TX,Motley,1020,819,9.2,9.9,9.1,14.7,22.4,16.2,41.8,35.2,4.5,36.1
48347,TX,Nacogdoches,65375,50065,7.9,10.9,6.8,13.2,24.4,19.8,35.0,33.2,3.8,35.7
48349,TX,Navarro,55635,40762,8.6,10.6,7.6,15.3,23.3,18.9,38.4,38.1,4.2,37.3
48351,TX,Newton,12039,9669,13.0,11.5,10.5,18.6,25.0,20.3,46.2,42.8,6.0,43.4
48353,TX,Nolan,14306,10732,9.4,10.2,8.5,16.5,23.1,18.6,40.3,40.5,4.6,39.5
48355,TX,Nueces,352289,269148,6.0,9.3,6.5,15.8,20.0,16.5,36.2,39.7,3.5,35.5
48357,TX,Ochiltree,9704,6797,7.1,9.5,6.7,14.1,22.1,18.0,34.8,39.2,3.6,36.1
48359,TX,Oldham,1783,1398,7.6,10.2,6.8,13.3,24.3,17.9,36.3,36.1,3.6,33.4
48361,TX,Orange,85722,63756,7.7,10.6,6.7,12.4,25.0,19.0,36.6,38.4,3.6,33.3
48363,TX,Palo Pinto,29747,22840,9.1,10.4,8.0,14.4,24.0,18.3,38.6,39.4,4.2,36.0
48365,TX,Panola,22838,17537,8.4,10.7,7.5,13.8,23.5,18.1,39.3,37.4,4.2,35.1
48367,TX,Parker,173494,131016,6.4,10.1,5.9,10.7,24.0,16.9,34.0,35.5,3.1,28.8
48369,TX,Parmer,9617,6935,6.4,9.1,6.8,15.0,20.1,16.7,34.9,37.0,3.6,36.1
48371,TX,Pecos,14623,11009,6.5,8.8,6.9,16.5,19.6,17.4,36.2,40.2,3.7,37.7
48373,TX,Polk,54186,43059,9.8,10.7,8.1,15.4,24.8,18.8,40.7,39.2,4.3,37.5
48375,TX,Potter,114647,84112,8.2,10.1,7.2,15.3,23.0,19.2,37.6,41.8,4.1,39.0
48377,TX,Presidio,5795,4219,8.4,8.9,10.6,22.2,18.7,16.2,42.9,41.0,5.5,45.0
48379,TX,Rains,12986,10414,8.8,10.2,8.3,14.1,23.3,16.6,40.5,35.8,4.3,34.3
48381,TX,Randall,148255,113132,5.8,9.8,5.6,10.8,23.6,17.2,32.8,35.1,3.0,29.8
48383,TX,Reagan,3141,2250,5.5,8.7,5.9,14.5,19.6,16.4,34.3,39.1,3.2,33.8
48385,TX,Real,2854,2328,11.0,10.2,10.5,18.3,22.7,16.6,45.5,38.1,5.4,40.3
48387,TX,Red River,11678,9261,10.7,10.9,9.7,16.9,23.7,18.2,44.8,38.5,5.3,39.6
48389,TX,Reeves,11770,8503,6.2,8.7,7.0,17.6,19.6,17.9,35.6,40.7,3.8,40.3
48391,TX,Refugio,6666,5209,8.4,9.7,8.6,17.6,21.0,17.0,40.8,39.7,4.6,39.1
48393,TX,Roberts,840,631,6.7,9.7,6.9,11.6,22.8,16.1,36.3,33.7,3.5,30.4
48395,TX,Robertson,17267,13118,8.7,10.5,8.0,15.4,22.2,17.6,40.8,37.9,4.5,36.6
48397,TX,Rockwall,131307,96606,4.5,9.7,4.5,9.4,21.8,15.5,30.5,35.1,2.5,25.4
48399,TX,Runnels,9868,7542,7.8,9.7,7.8,14.7,21.9,16.8,38.2,35.9,4.1,35.2
48401,TX,Rusk,53079,41108,8.0,10.4,7.1,13.9,22.7,18.4,39.0,37.5,4.0,35.7
48403,TX,Sabine,10106,8293,11.1,10.6,10.4,16.6,23.1,16.8,45.9,35.5,5.4,39.1
48405,TX,San Augustine,7833,6232,14.1,11.5,11.9,20.9,24.3,19.5,49.7,43.5,6.8,45.5
48407,TX,San Jacinto,28936,22772,10.1,10.6,9.0,16.4,23.9,18.4,42.7,39.0,4.8,38.9
48409,TX,San Patricio,70660,52520,6.9,9.6,6.8,15.4,20.7,17.5,38.0,41.3,3.6,36.3
48411,TX,San Saba,5845,4743,8.6,9.6,8.2,14.2,21.9,17.3,38.2,35.8,4.2,37.0
48413,TX,Schleicher,2391,1809,6.7,9.1,7.4,14.8,20.2,15.5,37.1,36.0,3.8,34.6
48415,TX,Scurry,16212,11981,7.0,9.6,6.7,13.6,22.1,17.5,35.3,38.1,3.6,34.4
48417,TX,Shackelford,3229,2477,7.1,9.9,7.0,12.3,23.2,16.2,36.8,33.8,3.6,31.0
48419,TX,Shelby,24179,17790,10.1,11.0,8.5,16.4,23.9,19.4,42.0,41.1,4.8,39.1
48421,TX,Sherman,2678,1950,6.2,9.3,6.5,12.9,21.0,16.2,34.2,35.4,3.3,32.7
48423,TX,Smith,245209,186274,7.0,10.5,6.5,13.2,23.3,17.7,36.4,37.5,3.7,32.9
48425,TX,Somervell,9888,7756,7.1,9.9,6.9,12.3,23.1,16.5,36.6,34.3,3.5,31.2
48427,TX,Starr,65934,44621,7.2,9.3,7.6,20.0,21.2,19.5,36.6,45.0,4.2,45.5
48429,TX,Stephens,9343,7416,8.4,9.8,7.7,13.8,22.8,17.7,37.7,36.3,4.0,35.8
48431,TX,Sterling,1397,980,4.9,9.2,5.1,10.5,21.4,16.0,31.1,33.2,2.7,27.9
48433,TX,Stonewall,1218,955,9.6,10.0,9.4,15.8,22.1,16.6,42.7,35.8,4.9,38.6
48435,TX,Sutton,3221,2454,7.6,9.1,8.2,17.4,20.1,16.3,39.2,38.3,4.2,38.1
48437,TX,Swisher,6955,5305,8.9,9.8,8.2,16.6,21.9,18.7,39.3,40.5,4.4,40.3
48439,TX,Tarrant,2182947,1635353,5.4,10.1,5.1,11.7,22.7,17.5,31.4,33.2,3.0,30.1
48441,TX,Taylor,146836,110949,6.3,10.0,5.8,11.2,23.4,18.4,32.7,34.3,3.1,31.2
48443,TX,Terrell,687,556,5.6,8.4,7.8,15.0,17.9,12.8,39.6,33.8,3.7,31.5
48445,TX,Terry,11547,8240,8.2,9.7,7.6,16.4,21.9,18.6,37.6,40.7,4.2,39.9
48447,TX,Throckmorton,1526,1159,9.7,10.0,9.7,15.4,22.9,16.5,43.1,35.5,4.9,37.3
48449,TX,Titus,31357,22569,8.5,10.2,7.5,15.6,22.5,18.7,37.8,38.6,4.2,38.2
48451,TX,Tom Green,119057,90938,6.5,9.6,6.4,12.9,23.0,17.4,34.8,36.8,3.4,33.5
48453,TX,Travis,1334961,1071849,4.0,9.2,4.1,9.0,22.1,15.9,26.6,30.4,2.2,23.0
48455,TX,Trinity,14228,11401,10.5,10.7,9.5,16.4,23.7,17.7,43.9,37.7,5.0,38.2
48457,TX,Tyler,20382,16475,10.7,10.7,9.0,15.3,24.3,19.3,42.0,38.7,4.8,40.1
48459,TX,Upshur,43281,32998,9.0,10.8,7.7,13.9,24.9,18.9,38.8,37.6,4.2,35.8
48461,TX,Upton,3109,2293,8.0,9.8,7.7,16.6,21.9,18.5,37.9,40.9,4.2,39.5
48463,TX,Uvalde,24960,18337,6.6,9.1,7.0,15.7,20.6,17.0,35.5,40.1,3.7,37.2
48465,TX,Val Verde,47720,34333,5.6,8.8,6.4,15.6,19.5,17.2,33.0,37.8,3.4,37.2
48467,TX,Van Zandt,64000,49331,8.5,10.4,7.7,13.4,24.7,18.1,38.8,36.0,4.0,35.0
48469,TX,Victoria,91664,68723,6.9,9.6,6.8,14.5,21.6,17.4,35.4,37.2,3.7,34.9
48471,TX,Walker,81268,69285,7.3,10.2,6.4,13.3,22.8,19.5,36.2,39.3,3.6,34.9
48473,TX,Waller,63553,48491,5.4,10.3,5.0,11.1,21.6,18.9,31.2,36.6,2.9,32.1
48475,TX,Ward,10966,7825,6.4,9.4,6.4,14.4,21.3,17.9,34.8,37.6,3.5,35.8
48477,TX,Washington,37007,29213,7.1,10.0,7.2,13.2,21.7,16.4,38.5,35.7,3.8,32.7
48479,TX,Webb,269148,186022,5.0,8.7,5.8,16.1,19.1,17.2,31.6,42.1,3.2,38.5
48481,TX,Wharton,41739,31173,7.4,9.9,7.3,15.0,21.5,17.3,38.1,40.0,4.0,35.9
48483,TX,Wheeler,4804,3606,9.1,10.3,8.3,14.7,23.4,17.8,39.8,37.2,4.3,36.6
48485,TX,Wichita,130180,100315,7.1,10.3,6.2,12.1,23.9,18.6,34.8,35.3,3.4,33.4
48487,TX,Wilbarger,12522,9895,9.9,10.5,8.5,16.5,23.7,19.2,40.3,39.6,4.7,40.0
48489,TX,Willacy,20037,15371,7.2,8.9,7.7,18.8,19.5,18.4,36.5,43.2,4.2,43.4
48491,TX,Williamson,697191,532125,4.3,9.0,4.5,9.8,20.4,15.5,29.2,32.6,2.4,25.2
48493,TX,Wilson,54183,41434,6.1,9.4,6.3,13.1,20.9,16.0,34.2,35.3,3.3,31.2
48495,TX,Winkler,7414,5280,6.0,9.2,6.1,14.1,20.5,17.4,33.8,37.6,3.3,35.0
48497,TX,Wise,78097,58924,7.2,10.1,6.4,11.9,23.5,17.9,34.5,34.1,3.4,31.6
48499,TX,Wood,47921,39005,9.3,10.3,8.8,14.6,23.2,16.7,41.2,34.3,4.5,35.5
48501,TX,Yoakum,7468,5012,5.8,9.2,6.0,13.5,20.9,17.3,32.6,37.6,3.2,34.6
48503,TX,Young,18124,13798,8.1,10.0,7.5,13.4,23.4,17.3,38.1,37.1,3.9,33.6
48505,TX,Zapata,13736,9425,7.8,9.2,8.4,20.8,20.4,18.8,38.2,43.7,4.6,45.6
48507,TX,Zavala,9312,6563,8.4,9.4,9.0,22.6,20.8,19.2,40.6,47.5,4.9,47.3
49001,UT,Beaver,7233,5146,5.5,10.5,5.7,9.8,25.3,16.9,29.6,28.5,3.0,30.1
49003,UT,Box Elder,62684,43845,5.6,11.1,5.4,9.3,26.5,17.9,28.9,32.6,2.9,29.6
49005,UT,Cache,142393,101374,4.6,10.5,4.3,7.8,27.7,17.8,24.6,27.9,2.4,27.9
49007,UT,Carbon,20609,15429,7.7,11.5,7.4,12.8,28.5,17.8,33.6,35.0,3.9,36.1
49009,UT,Daggett,992,782,8.2,10.6,8.9,13.5,24.2,15.7,39.6,33.1,4.4,35.6
49011,UT,Davis,373207,263292,4.2,11.0,4.5,8.2,28.9,17.2,26.9,32.7,2.4,26.9
49013,UT,Duchesne,20477,14005,7.0,11.3,6.4,11.0,25.6,18.6,31.3,31.6,3.4,31.2
49015,UT,Emery,10144,7361,6.9,11.2,6.8,11.2,27.1,17.3,34.0,30.6,3.5,33.1
49017,UT,Garfield,5314,4137,6.6,10.6,7.3,11.6,24.7,15.4,34.7,28.6,3.7,31.7
49019,UT,Grand,9706,7722,6.6,10.8,6.9,11.2,25.3,16.4,33.3,28.3,3.6,32.1
49021,UT,Iron,64211,47127,5.8,11.0,5.6,9.4,27.5,18.4,27.6,35.3,3.0,31.5
49023,UT,Juab,13023,8695,5.7,11.0,5.3,9.0,26.4,18.3,28.5,32.6,2.8,29.9
49025,UT,Kane,8425,6481,6.9,10.8,7.3,11.8,25.0,15.5,35.6,33.3,3.7,32.2
49027,UT,Millard,13437,9330,7.0,10.7,7.1,11.8,25.4,17.1,33.8,34.1,3.6,34.8
49029,UT,Morgan,13000,8784,4.4,10.5,4.7,8.1,24.7,15.6,27.9,25.0,2.5,25.3
49031,UT,Piute,1550,1221,10.3,11.5,10.2,15.2,26.0,17.1,40.6,33.0,5.2,40.3
49033,UT,Rich,2670,1947,6.9,11.0,7.3,11.6,26.1,16.5,33.9,32.7,3.7,33.0
49035,UT,Salt Lake,1185813,893016,4.4,11.0,4.4,8.5,27.8,17.5,27.5,29.9,2.5,28.0
49037,UT,San Juan,14358,10367,8.9,13.3,8.0,15.4,26.4,20.5,37.3,34.2,4.7,41.2
49039,UT,Sanpete,30277,23084,6.7,11.2,6.1,10.4,26.8,18.6,28.4,29.2,3.3,33.2
49041,UT,Sevier,22344,16249,6.6,11.1,6.4,10.5,27.5,17.6,32.9,36.4,3.3,32.2
49043,UT,Summit,42759,33254,4.3,10.1,5.0,8.7,22.7,13.6,27.7,19.8,2.5,23.3
49045,UT,Tooele,82051,56930,4.6,11.4,4.3,8.9,27.8,17.3,28.8,37.6,2.4,30.7
49047,UT,Uintah,37747,26247,6.5,11.5,5.8,10.5,27.2,18.7,30.7,35.5,3.2,34.6
49049,UT,Utah,719174,495249,3.6,9.9,3.7,6.9,26.4,17.1,23.0,29.7,2.0,25.2
49051,UT,Wasatch,37144,26748,4.5,10.0,5.0,8.4,22.4,14.5,27.1,24.3,2.6,24.4
49053,UT,Washington,202452,153718,6.2,10.7,6.9,10.7,25.4,15.6,34.2,33.1,3.5,33.3
49055,UT,Wayne,2614,2014,8.1,11.1,8.3,13.1,25.6,16.7,37.9,34.3,4.2,34.2
49057,UT,Weber,271926,201028,4.9,11.4,4.9,9.0,28.2,18.6,29.4,34.7,2.6,32.1
50001,VT,Addison,37720,31723,6.0,10.8,6.0,8.2,24.7,15.1,31.8,27.3,3.2,24.0
50003,VT,Bennington,37183,30362,7.3,11.5,7.3,10.0,29.2,16.1,35.6,30.5,3.7,29.3
50005,VT,Caledonia,30610,25067,7.8,11.3,7.1,10.1,26.7,17.1,34.9,31.3,3.7,29.3
50007,VT,Chittenden,169481,140894,4.9,10.9,4.8,6.6,27.0,15.9,25.2,22.7,2.6,22.3
50009,VT,Essex,6010,4937,10.4,11.6,9.5,12.5,26.2,16.8,39.9,34.2,4.9,34.6
50011,VT,Franklin,50994,40099,7.2,11.4,6.8,9.6,25.4,17.0,34.0,36.9,3.4,27.6
50013,VT,Grand Isle,7467,6194,6.6,10.9,6.7,9.7,25.1,15.0,35.5,30.7,3.4,25.1
50015,VT,Lamoille,26060,20919,6.2,11.3,6.0,8.3,27.5,15.7,29.4,29.2,3.1,28.0
50017,VT,Orange,29943,24672,7.1,11.2,6.9,9.7,26.2,15.4,34.3,32.6,3.6,26.4
50019,VT,Orleans,27516,22246,8.3,11.5,7.6,10.7,24.8,17.0,36.0,33.2,4.0,30.3
50021,VT,Rutland,60271,49934,7.9,11.8,7.5,10.3,25.3,16.3,36.5,35.5,3.8,30.8
50023,VT,Washington,60142,49442,6.3,10.7,6.1,8.9,27.6,15.5,30.3,27.1,3.2,26.0
50025,VT,Windham,45966,38295,7.5,10.8,7.1,9.8,26.1,15.7,32.5,25.9,3.7,28.8
50027,VT,Windsor,58101,48044,6.7,10.8,6.7,9.5,26.6,14.8,33.2,28.8,3.6,26.0
51001,VA,Accomack,33239,26487,10.6,11.6,9.7,18.2,21.7,16.9,47.4,40.0,5.3,39.2
51003,VA,Albemarle,115676,93582,5.2,10.0,5.7,10.2,20.9,14.3,32.2,28.2,2.9,27.1
51005,VA,Alleghany,14595,12022,9.9,11.0,9.2,15.1,24.5,17.5,42.5,39.0,4.6,38.0
51007,VA,Amelia,13480,10676,9.7,11.4,8.5,16.6,23.4,18.0,43.0,39.3,4.8,37.8
51009,VA,Amherst,31396,25190,8.7,11.3,8.1,15.1,23.3,17.5,41.2,39.3,4.4,35.7
51011,VA,Appomattox,16864,13156,8.7,11.2,8.1,14.8,23.5,17.5,41.4,38.9,4.3,35.6
51013,VA,Arlington,234162,192107,3.2,9.0,3.8,8.0,21.2,13.4,25.9,25.3,1.9,20.6
51015,VA,Augusta,78247,64233,8.1,10.4,7.6,13.2,24.7,16.9,38.1,40.8,3.8,34.7
51017,VA,Bath,4051,3378,12.9,11.2,11.6,18.4,24.8,17.7,47.3,38.8,5.8,42.3
51019,VA,Bedford,81525,65762,7.6,10.5,7.7,13.5,23.3,15.9,37.8,36.9,3.8,32.6
51021,VA,Bland,6179,5302,8.8,10.4,8.3,13.8,23.6,16.8,40.0,36.5,4.1,35.2
51023,VA,Botetourt,34125,27833,7.6,10.4,7.6,13.0,23.6,15.7,39.4,35.1,3.7,32.3
51025,VA,Brunswick,15749,13267,9.6,11.7,8.6,18.2,20.8,18.2,45.6,43.4,5.4,40.4
51027,VA,Buchanan,19087,15806,13.0,11.6,10.6,17.4,26.6,19.6,44.2,38.9,5.4,43.6
51029,VA,Buckingham,16978,13997,9.3,11.3,8.3,16.6,22.8,18.1,43.6,43.6,4.8,38.6
51031,VA,Campbell,55270,44734,8.4,11.1,7.8,14.2,23.1,17.2,39.3,35.6,4.1,34.3
51033,VA,Caroline,32640,25204,7.4,11.1,6.7,14.0,22.8,17.4,39.4,41.9,3.9,33.1
51035,VA,Carroll,29239,24074,11.1,11.1,9.9,15.9,25.8,17.8,43.4,41.4,4.9,38.8
51036,VA,Charles City,6610,5657,9.5,11.8,9.1,19.4,21.0,16.8,47.7,42.1,5.6,39.5
51037,VA,Charlotte,11336,8826,11.5,11.9,9.9,18.6,24.0,18.6,45.2,42.6,5.6,41.5
51041,VA,Chesterfield,383876,293524,5.6,10.6,5.6,12.4,21.2,16.1,36.5,36.4,3.1,28.0
51043,VA,Clarke,15466,12491,6.8,10.1,7.1,12.2,23.3,14.9,37.1,32.8,3.5,30.8
51045,VA,Craig,4843,4041,9.4,10.7,8.7,14.3,24.2,16.7,40.7,36.5,4.3,36.1
51047,VA,Culpeper,54973,41294,7.0,10.6,6.6,12.8,22.5,16.7,37.4,38.5,3.5,31.5
51049,VA,Cumberland,9878,7919,8.8,11.4,8.4,16.1,22.7,17.2,43.2,39.5,4.7,36.5
51051,VA,Dickenson,13640,11035,12.6,11.3,10.6,16.9,26.4,19.3,44.3,39.1,5.3,42.3
51053,VA,Dinwiddie,28343,22735,7.4,11.3,7.0,14.7,22.7,17.4,40.8,40.7,4.1,33.4
51057,VA,Essex,10598,8706,9.8,11.8,8.9,18.0,22.8,17.7,45.9,42.6,5.2,38.4
51059,VA,Fairfax,1141878,884086,4.1,9.1,5.0,10.7,18.4,12.2,29.6,24.0,2.5,22.9
51061,VA,Fauquier,75165,57749,6.0,10.1,6.2,11.6,22.1,15.3,34.0,32.7,3.1,29.2
51063,VA,Floyd,15679,12779,8.6,10.6,8.3,13.5,23.7,16.3,39.4,32.7,4.1,33.7
51065,VA,Fluvanna,28462,22968,6.8,10.9,6.7,12.6,23.5,16.0,37.3,39.1,3.5,30.7
51067,VA,Franklin,55549,45296,9.2,11.1,8.7,15.1,24.0,16.6,41.2,34.8,4.4,35.3
51069,VA,Frederick,95994,74555,6.8,10.3,6.6,11.8,22.3,16.1,35.1,37.5,3.4,29.8
51071,VA,Giles,16457,13231,8.9,10.8,8.1,13.8,24.9,17.5,39.9,36.1,4.1,35.6
51073,VA,Gloucester,40057,32065,7.4,10.7,7.1,12.8,24.1,16.2,38.5,35.8,3.6,31.9
51075,VA,Goochland,27197,22738,6.1,10.1,6.8,12.2,21.0,13.8,38.4,33.0,3.4,28.3
51077,VA,Grayson,15285,12745,12.1,11.2,10.4,17.5,24.9,18.3,45.0,41.1,5.3,41.7
51079,VA,Greene,21301,16419,7.6,10.7,7.1,12.7,23.8,16.7,37.6,37.8,3.6,32.5
51081,VA,Greensville,11133,9333,8.4,11.2,7.5,17.1,19.4,18.4,44.3,45.3,4.8,37.7
51083,VA,Halifax,33432,26643,11.2,11.8,10.0,19.3,22.4,17.9,47.4,40.2,5.9,40.6
51085,VA,Hanover,114148,89709,6.1,10.1,6.1,11.6,21.7,15.0,34.9,32.9,3.2,29.0
51087,VA,Henrico,334760,262519,5.7,10.6,5.7,12.3,20.8,15.5,36.6,32.8,3.3,29.7
51089,VA,Henry,49702,40192,11.0,11.7,9.8,18.0,23.7,18.1,45.9,41.9,5.4,40.5
51091,VA,Highland,2339,2002,9.3,10.0,9.9,15.2,21.6,13.9,44.0,33.0,4.6,35.1
51093,VA,Isle of Wight,40711,31981,7.1,10.8,6.9,13.8,22.2,16.0,39.2,36.6,3.8,32.0
51095,VA,James City,82654,66533,6.2,10.3,7.1,12.5,21.4,13.9,38.4,32.1,3.5,29.5
51097,VA,King and Queen,6720,5583,9.6,11.4,8.9,17.0,22.7,17.2,44.9,40.7,4.9,37.7
51099,VA,King George,28568,21638,6.1,10.7,5.8,11.6,23.1,16.7,34.3,36.1,3.2,29.9
51101,VA,King William,19030,14699,6.7,10.9,6.3,12.2,23.9,17.1,36.5,34.9,3.4,31.3
51103,VA,Lancaster,10859,9249,10.3,10.8,10.8,18.1,20.7,14.3,49.1,35.1,5.6,37.9
51105,VA,Lee,21745,17770,12.6,11.5,10.2,17.3,25.8,19.4,44.4,42.3,5.2,42.8
51107,VA,Loudoun,436347,322393,3.7,8.9,4.2,9.5,18.4,13.0,29.8,28.1,2.2,22.5
51109,VA,Louisa,41037,32859,8.1,10.9,7.5,14.1,23.0,16.6,40.0,36.7,4.0,34.1
51111,VA,Lunenburg,12038,9653,10.6,11.6,9.5,18.9,22.8,18.0,46.0,46.1,5.5,39.4
51113,VA,Madison,14128,11351,8.2,10.8,7.8,13.7,23.4,16.4,39.4,37.8,4.0,33.5
51115,VA,Mathews,8514,7170,8.8,10.6,9.2,15.2,23.1,15.0,43.1,35.1,4.6,35.9
51117,VA,Mecklenburg,30648,24987,10.3,11.4,9.6,18.6,22.7,16.7,46.7,41.2,5.4,38.1
51119,VA,Middlesex,10924,9150,9.3,10.6,9.8,16.5,21.8,14.6,45.0,37.8,5.0,37.0
51121,VA,Montgomery,98666,83813,6.0,10.5,5.3,9.6,25.3,18.5,29.4,28.0,2.7,29.2
51125,VA,Nelson,14705,12117,9.1,10.6,9.1,15.6,22.5,15.2,43.4,35.2,4.6,35.8
51127,VA,New Kent,26134,21047,6.1,10.6,6.1,11.9,22.5,15.8,35.6,35.1,3.2,28.0
51131,VA,Northampton,12021,9854,9.9,11.1,9.8,18.5,20.8,15.5,47.1,39.5,5.4,38.2
51133,VA,Northumberland,12391,10687,9.0,10.6,9.9,16.8,20.1,13.8,46.5,36.0,5.0,36.2
51135,VA,Nottoway,15566,12496,8.9,11.4,7.9,16.7,22.1,18.3,43.2,43.5,4.7,37.8
51137,VA,Orange,38574,30240,7.4,10.7,7.1,12.9,23.4,16.6,38.4,37.1,3.7,33.1
51139,VA,Page,23741,19159,9.5,11.0,8.4,14.1,25.1,17.9,40.0,34.6,4.2,37.2
51141,VA,Patrick,17509,14402,11.0,11.0,10.1,16.4,23.7,17.2,43.4,39.9,5.1,38.7
51143,VA,Pittsylvania,59571,49130,10.8,11.3,9.5,17.5,22.9,17.5,45.9,41.6,5.2,39.8
51145,VA,Powhatan,32105,26175,6.7,10.5,6.7,12.1,22.4,15.8,37.6,36.4,3.4,30.3
51147,VA,Prince Edward,22049,18532,7.7,11.6,6.6,13.5,25.6,20.5,35.8,37.2,3.9,37.0
51149,VA,Prince George,42871,34450,5.9,10.7,5.4,11.5,22.2,18.4,34.0,38.4,3.1,31.7
51153,VA,Prince William,489640,361424,4.7,9.8,4.8,11.4,20.0,14.9,32.8,34.3,2.7,28.2
51155,VA,Pulaski,33655,27735,9.0,10.9,8.3,14.1,24.1,17.4,39.3,35.7,4.2,35.6
51157,VA,Rappahannock,7414,6250,8.8,10.4,8.9,14.7,22.9,15.1,42.0,35.2,4.4,34.1
51159,VA,Richmond,9184,7501,8.8,11.0,8.0,15.1,21.9,17.4,42.5,37.1,4.5,38.3
51161,VA,Roanoke,97026,78314,6.8,10.3,6.9,12.0,24.6,15.8,36.3,34.4,3.4,28.9
51163,VA,Rockbridge,22358,18688,8.8,10.4,8.7,14.0,23.3,15.9,40.9,34.0,4.2,34.6
51165,VA,Rockingham,86568,67455,7.7,10.6,7.2,12.3,23.9,17.0,36.6,33.1,3.6,34.2
51167,VA,Russell,25477,20555,11.4,11.5,9.5,15.7,26.3,18.6,42.9,39.6,4.8,41.0
51169,VA,Scott,21433,17546,11.6,11.3,10.1,16.4,26.7,18.4,43.6,38.3,5.0,40.6
51171,VA,Shenandoah,45228,35666,9.1,10.9,8.3,14.1,23.6,17.4,38.7,36.2,4.2,36.1
51173,VA,Smyth,29216,23575,10.9,11.4,9.3,15.4,26.0,18.7,40.9,38.1,4.7,38.2
51175,VA,Southampton,17975,14690,8.0,11.1,7.8,15.9,21.5,16.7,43.2,38.4,4.5,35.0
51177,VA,Spotsylvania,149588,113315,6.1,10.7,5.9,12.6,22.7,16.4,36.5,40.3,3.2,29.5
51179,VA,Stafford,165428,122402,4.8,10.3,4.8,10.7,22.1,15.8,31.5,35.7,2.7,27.2
51181,VA,Surry,6593,5458,8.5,11.3,8.6,17.3,21.1,16.0,45.8,39.9,5.0,36.1
51183,VA,Sussex,10757,9043,8.0,11.3,7.4,16.2,20.2,17.8,43.5,45.5,4.6,36.2
51185,VA,Tazewell,39120,31690,10.9,11.4,9.3,15.9,26.9,18.7,43.1,40.4,4.7,40.7
51187,VA,Warren,41843,32854,7.6,10.8,7.0,12.7,24.4,17.6,36.1,38.0,3.5,33.5
51191,VA,Washington,54050,44535,8.8,10.7,8.3,13.8,24.3,16.5,40.0,38.3,4.1,34.3
51193,VA,Westmoreland,19013,15601,10.7,11.4,10.0,18.3,23.0,16.9,45.4,41.0,5.5,40.6
51195,VA,Wise,35174,28336,10.5,11.4,8.6,15.1,26.3,19.7,41.8,43.5,4.4,38.8
51197,VA,Wythe,28104,22650,9.6,11.1,8.5,14.3,25.1,17.9,40.3,38.8,4.3,36.7
51199,VA,York,70952,54822,5.2,10.0,5.7,11.1,21.2,14.5,33.4,31.5,2.9,26.3
51510,VA,Alexandria,155230,127357,4.1,9.9,4.4,9.9,20.9,14.5,30.3,32.0,2.4,24.6
51520,VA,Bristol,16807,13451,10.0,11.3,8.7,14.8,25.6,18.3,41.0,39.2,4.5,38.3
51530,VA,Buena Vista,6566,5153,8.8,11.5,7.5,12.9,26.9,19.8,36.2,37.0,3.9,37.2
51540,VA,Charlottesville,44983,37336,5.4,10.7,5.1,10.4,24.4,17.4,30.2,33.0,2.8,28.9
51550,VA,Chesapeake,253886,192778,5.9,11.0,5.6,12.8,21.6,16.5,36.5,40.1,3.2,29.3
51570,VA,Colonial Heights,18393,13796,6.7,10.8,6.4,12.3,22.9,16.6,36.4,37.4,3.4,31.1
51580,VA,Covington,5545,4241,11.0,11.7,9.0,16.6,25.6,19.7,42.4,40.7,5.0,40.9
51590,VA,Danville,41837,32396,10.7,12.5,9.0,19.9,22.1,19.3,47.7,41.7,5.8,41.4
51595,VA,Emporia,5463,4042,10.1,12.8,8.8,20.0,21.1,19.1,47.6,44.4,5.9,41.8
51600,VA,Fairfax,25144,18626,4.5,9.2,5.0,11.1,19.5,13.8,31.2,31.8,2.5,24.7
51610,VA,Falls Church,14685,11167,3.6,9.1,4.4,8.9,20.4,12.4,29.2,29.1,2.2,21.2
51620,VA,Franklin,8339,6018,9.3,12.5,8.1,18.1,22.4,18.6,45.2,43.8,5.2,39.1
51630,VA,Fredericksburg,28928,22830,5.2,11.3,4.8,10.2,24.8,18.4,30.2,39.5,2.7,30.8
51640,VA,Galax,6717,4907,10.7,11.7,8.6,16.3,26.5,19.8,40.9,39.4,4.7,40.7
51650,VA,Hampton,137098,107586,6.9,11.8,6.4,15.0,21.0,18.0,39.9,40.3,4.1,35.8
51660,VA,Harrisonburg,51082,42177,6.1,11.1,5.0,10.2,26.9,21.1,27.8,34.0,2.7,34.5
51670,VA,Hopewell,22752,16949,10.1,12.6,8.1,17.7,24.1,20.7,43.4,45.8,5.1,41.7
51678,VA,Lexington,7528,6479,4.7,10.7,4.4,7.8,25.9,19.6,25.3,29.1,2.3,29.6
51680,VA,Lynchburg,79535,64016,6.2,11.7,5.4,11.0,24.9,19.6,32.5,36.4,3.2,32.5
51683,VA,Manassas,42696,31215,5.0,9.7,4.9,12.0,20.0,15.8,30.9,35.8,2.7,29.2
51685,VA,Manassas Park,16361,12682,5.5,9.8,5.3,13.8,20.4,16.7,33.1,38.6,3.0,33.1
51690,VA,Martinsville,13763,9946,10.2,12.5,8.4,18.6,23.2,19.5,44.9,44.9,5.3,40.3
51700,VA,Newport News,183118,140716,6.5,11.6,5.9,13.5,22.2,18.1,37.6,40.8,3.6,32.7
51710,VA,Norfolk,230930,184301,6.3,11.1,5.5,12.7,21.8,18.8,36.2,40.3,3.4,33.2
51720,VA,Norton,3492,2702,10.5,11.7,8.1,14.9,27.1,20.2,40.0,40.8,4.4,38.7
51730,VA,Petersburg,33309,25028,8.4,13.0,7.4,19.2,20.9,19.6,46.4,46.6,5.4,40.3
51735,VA,Poquoson,12635,9735,6.1,10.0,6.4,11.0,23.1,15.1,34.8,33.2,3.1,27.9
51740,VA,Portsmouth,96793,74620,7.6,12.3,6.7,15.8,22.7,19.4,40.5,40.8,4.3,36.4
51750,VA,Radford,16971,14797,6.6,12.0,4.9,9.2,30.0,23.4,27.5,34.4,2.6,35.7
51760,VA,Richmond,229247,189438,6.2,11.4,5.6,12.9,22.8,18.2,36.2,37.7,3.5,33.1
51770,VA,Roanoke,97171,75344,8.4,11.5,7.4,15.1,23.5,18.1,39.6,42.0,4.3,34.9
51775,VA,Salem,25600,20601,7.1,10.8,6.7,12.0,24.9,17.2,35.4,35.2,3.4,32.1
51790,VA,Staunton,25915,20871,7.5,11.0,7.0,12.9,24.5,17.1,37.1,36.4,3.7,32.8
51800,VA,Suffolk,100659,77077,6.3,11.6,5.9,13.7,21.2,16.9,39.2,42.5,3.6,31.1
51810,VA,Virginia Beach,453649,355216,5.6,10.6,5.7,12.3,23.3,16.3,35.4,36.7,3.1,28.5
51820,VA,Waynesboro,23182,17775,7.9,11.0,7.1,13.2,24.2,17.7,37.6,38.6,3.8,34.6
51830,VA,Williamsburg,15847,14049,5.3,11.0,5.1,9.4,24.8,19.0,28.5,31.1,2.7,30.1
51840,VA,Winchester,27617,21446,8.3,10.9,7.4,14.2,24.2,18.3,37.5,37.6,3.9,36.4
53001,WA,Adams,20820,13641,6.9,10.6,6.8,13.3,22.3,18.3,32.4,37.6,3.8,36.9
53003,WA,Asotin,22549,18182,8.1,11.7,8.1,12.6,25.4,17.1,37.4,35.3,4.3,35.7
53005,WA,Benton,215219,159518,5.6,10.8,5.8,10.4,24.0,16.2,29.2,36.2,3.1,29.0
53007,WA,Chelan,79997,62106,6.3,10.6,6.7,10.7,24.5,16.1,32.4,29.1,3.5,30.5
53009,WA,Clallam,77616,65282,7.8,11.4,8.4,12.1,24.5,15.1,38.8,31.0,4.4,33.2
53011,WA,Clark,521150,405348,5.5,11.6,5.6,9.6,26.9,18.2,31.1,35.3,3.0,27.8
53013,WA,Columbia,4053,3325,7.6,11.3,8.1,12.2,25.5,15.8,36.8,32.4,4.2,32.8
53015,WA,Cowlitz,112864,87722,7.5,12.3,7.2,11.4,27.5,18.7,35.4,40.5,3.8,33.8
53017,WA,Douglas,44798,34090,6.3,10.6,6.6,11.0,22.6,16.6,32.4,35.8,3.5,34.3
53019,WA,Ferry,7497,6217,9.8,12.3,10.0,15.1,25.0,17.4,41.1,40.2,5.2,38.7
53021,WA,Franklin,99034,68864,5.4,10.5,5.3,10.8,21.2,17.8,27.8,35.2,3.0,31.3
53023,WA,Garfield,2363,1865,7.0,11.0,7.7,11.5,23.4,15.4,37.7,31.0,3.9,30.4
53025,WA,Grant,102678,74081,6.4,10.8,6.5,11.5,23.7,17.8,32.7,38.7,3.5,34.2
53027,WA,Grays Harbor,77290,62070,8.2,11.5,8.1,13.6,26.9,18.4,39.4,37.0,4.2,35.6
53029,WA,Island,86267,71614,5.9,10.4,6.8,10.2,23.2,14.8,34.7,31.3,3.5,28.8
53031,WA,Jefferson,33714,30013,7.2,10.5,9.2,13.1,23.7,13.4,41.0,28.7,4.4,32.9
53033,WA,King,2271380,1836529,3.4,9.7,4.0,7.3,23.5,14.7,26.7,22.6,2.3,20.9
53035,WA,Kitsap,277658,224070,5.4,11.2,5.8,9.8,25.1,16.0,33.2,31.8,3.1,26.5
53037,WA,Kittitas,45508,37605,6.1,11.3,6.1,9.7,26.4,18.0,30.2,34.7,3.2,29.9
53039,WA,Klickitat,23589,19317,7.2,11.3,7.8,11.7,24.0,16.1,34.1,32.9,4.0,30.6
53041,WA,Lewis,86154,67577,7.5,11.3,7.2,12.1,26.5,17.8,36.3,39.0,3.9,33.3
53043,WA,Lincoln,11738,9253,7.3,11.2,8.1,11.7,23.0,15.8,36.7,37.6,4.1,33.9
53045,WA,Mason,68389,55214,7.5,11.1,7.7,12.2,25.4,16.9,36.8,35.9,4.0,33.5
53047,WA,Okanogan,43712,34205,8.7,11.6,8.6,13.3,24.6,17.2,37.6,32.6,4.5,36.4
53049,WA,Pacific,24200,20677,8.5,11.1,9.2,14.9,25.2,16.0,42.1,36.4,4.7,35.1
53051,WA,Pend Oreille,14361,11514,8.7,11.4,8.8,13.3,24.6,16.8,38.5,38.9,4.5,34.9
53053,WA,Pierce,928696,716813,5.2,10.8,5.3,10.6,26.5,18.1,32.3,36.9,3.0,30.9
53055,WA,San Juan,18566,16267,6.4,10.4,8.0,10.9,22.5,13.0,37.0,24.7,3.9,28.1
53057,WA,Skagit,131417,104403,6.5,11.0,6.9,10.8,25.5,15.8,33.2,33.0,3.6,30.7
53059,WA,Skamania,12640,10535,7.0,11.5,7.4,11.2,25.2,16.1,36.2,32.8,3.8,31.6
53061,WA,Snohomish,844761,660415,4.8,11.1,4.9,9.1,25.0,15.8,29.6,30.6,2.7,25.7
53063,WA,Spokane,551455,433863,6.0,11.5,6.0,10.2,26.5,17.5,31.1,34.7,3.2,29.0
53065,WA,Stevens,48837,38686,8.6,12.0,8.7,12.6,24.3,16.0,37.6,34.3,4.4,34.8
53067,WA,Thurston,299003,237569,5.3,11.2,5.8,10.3,27.2,16.9,34.5,31.2,3.1,29.1
53069,WA,Wahkiakum,4765,3987,9.2,11.5,10.2,14.7,25.4,16.0,42.9,39.1,5.1,36.9
53071,WA,Walla Walla,61568,48966,6.0,11.0,6.5,10.6,24.8,16.8,31.6,34.1,3.4,31.3
53073,WA,Whatcom,231919,189784,5.4,10.7,5.7,8.8,29.5,17.9,28.4,26.5,3.0,29.5
53075,WA,Whitman,48012,40463,4.9,12.0,4.5,7.4,28.5,20.9,23.9,28.5,2.5,30.3
53077,WA,Yakima,256643,183160,6.5,10.7,6.5,12.9,22.6,17.8,32.7,39.7,3.6,34.0
54001,WV,Barbour,15378,12288,11.9,12.6,9.3,16.9,31.9,22.6,46.4,43.3,4.5,42.0
54003,WV,Berkeley,132440,101986,8.4,12.2,6.7,13.5,29.5,21.6,39.6,38.7,3.4,34.9
54005,WV,Boone,20576,16396,12.4,12.5,9.7,17.3,31.0,21.6,48.1,46.7,4.6,42.2
54007,WV,Braxton,12162,9951,14.3,12.4,11.1,19.1,30.2,22.0,49.0,41.5,5.4,44.5
54009,WV,Brooke,21373,17740,9.8,11.7,8.7,15.5,28.8,19.5,44.6,40.0,4.1,37.2
54011,WV,Cabell,92082,73859,9.8,12.8,8.1,14.9,32.4,21.9,39.8,44.1,3.9,39.7
54013,WV,Calhoun,5959,4871,16.2,12.7,12.5,21.1,30.9,22.2,51.4,40.8,6.0,47.9
54015,WV,Clay,7783,6050,14.0,12.6,10.8,18.8,31.5,22.3,48.4,41.9,5.2,45.0
54017,WV,Doddridge,7680,6589,11.5,11.9,9.4,16.4,29.2,21.2,45.5,41.0,4.4,40.2
54019,WV,Fayette,39072,31056,12.2,12.5,9.7,17.9,31.2,21.8,45.6,40.5,4.7,43.1
54021,WV,Gilmer,7254,6147,10.1,11.6,8.2,15.5,28.4,21.4,43.5,42.9,4.1,40.4
54023,WV,Grant,10921,8803,11.2,11.9,9.7,16.6,28.8,20.0,45.6,43.2,4.6,40.9
54025,WV,Greenbrier,32149,25961,12.4,12.3,10.1,17.3,29.4,20.8,46.9,40.4,4.8,39.5
54027,WV,Hampshire,23649,19427,11.3,11.9,9.5,16.9,29.6,20.1,46.0,39.2,4.5,40.4
54029,WV,Hancock,28145,22983,10.8,12.1,9.2,16.6,29.5,20.2,46.3,44.0,4.4,39.7
54031,WV,Hardy,14251,11484,12.6,12.3,10.4,19.0,29.8,21.0,48.7,41.9,5.0,42.5
54033,WV,Harrison,64639,51001,10.2,12.3,8.5,15.6,29.6,20.3,43.0,40.2,4.0,36.9
54035,WV,Jackson,27593,21715,11.1,12.2,9.2,17.2,30.5,20.6,46.5,42.8,4.4,41.0
54037,WV,Jefferson,59787,47507,7.6,11.9,6.8,13.4,27.8,18.6,40.5,38.3,3.3,32.1
54039,WV,Kanawha,174805,140410,9.8,11.9,8.7,15.6,30.2,20.9,46.2,40.3,4.2,39.5
54041,WV,Lewis,16500,12975,11.6,12.2,9.2,16.9,31.0,21.6,44.2,40.3,4.4,40.6
54043,WV,Lincoln,19701,15393,13.8,12.9,10.4,18.5,32.5,22.5,47.2,45.6,5.1,44.0
54045,WV,Logan,30827,24401,13.5,12.7,10.2,18.2,34.3,23.1,47.8,45.0,5.0,45.0
54047,WV,McDowell,17439,14224,16.5,13.2,11.8,21.6,31.1,23.8,51.0,46.2,6.1,49.3
54049,WV,Marion,55807,44759,9.3,12.2,7.9,14.7,30.3,21.4,41.9,42.1,3.7,37.1
54051,WV,Marshall,29405,23911,11.1,12.0,9.4,16.4,29.9,20.5,45.7,37.5,4.4,39.9
54053,WV,Mason,24765,19716,12.5,12.8,9.7,17.0,31.7,21.6,45.8,41.3,4.7,42.0
54055,WV,Mercer,58057,45722,12.1,12.7,9.5,17.2,31.1,21.3,45.3,40.8,4.7,42.9
54057,WV,Mineral,26867,21526,9.8,11.9,8.4,15.2,30.4,19.7,43.0,39.3,4.0,36.8
54059,WV,Mingo,22023,17103,16.1,13.3,11.5,20.4,34.0,24.1,50.1,43.5,5.7,49.6
54061,WV,Monongalia,107718,90427,6.7,11.6,5.6,10.8,29.4,20.9,31.9,31.9,2.7,29.5
54063,WV,Monroe,12382,9940,12.3,12.2,10.3,17.9,30.3,20.4,47.7,41.1,4.9,42.6
54065,WV,Morgan,17649,14668,11.1,11.9,9.4,16.8,29.1,19.8,46.7,39.2,4.4,39.5
54067,WV,Nicholas,24169,19286,11.9,12.1,9.9,16.8,30.8,20.7,46.6,40.6,4.6,41.6
54069,WV,Ohio,41194,33156,9.4,11.9,8.3,15.0,29.5,20.1,42.5,39.5,3.9,37.5
54071,WV,Pendleton,6029,4907,12.2,11.8,10.9,18.2,28.7,19.3,48.4,36.5,5.1,41.4
54073,WV,Pleasants,7428,6004,10.0,11.8,8.1,14.9,30.7,20.9,43.5,44.0,3.9,38.1
54075,WV,Pocahontas,7765,6382,13.9,12.2,11.4,19.2,29.4,20.6,49.9,40.6,5.4,43.8
54077,WV,Preston,34099,27943,10.5,11.9,8.5,15.3,30.5,21.2,43.1,37.7,4.1,39.9
54079,WV,Putnam,56962,44875,8.8,11.7,7.5,14.1,30.1,19.6,43.7,38.3,3.6,34.3
54081,WV,Raleigh,72356,57230,12.1,12.6,9.5,17.7,30.6,22.3,47.2,43.1,4.7,42.9
54083,WV,Randolph,27350,22356,10.9,12.0,9.1,16.0,30.7,20.8,45.7,45.9,4.3,40.4
54085,WV,Ritchie,8167,6554,13.4,12.4,10.5,17.9,30.5,21.5,47.6,42.9,5.0,42.5
54087,WV,Roane,13743,11044,14.4,12.6,11.0,19.4,31.5,21.8,49.1,41.6,5.3,44.8
54089,WV,Summers,11581,9749,13.9,13.0,11.0,19.4,30.5,21.5,48.9,39.8,5.4,44.0
54091,WV,Taylor,16388,13194,11.2,12.3,9.0,15.9,30.2,21.0,44.9,42.0,4.3,39.8
54093,WV,Tucker,6604,5662,11.3,11.9,9.9,16.9,29.3,19.1,48.1,39.3,4.6,39.8
54095,WV,Tyler,7919,6382,11.9,12.0,10.0,17.6,29.8,20.4,48.0,42.8,4.7,40.8
54097,WV,Upshur,23529,18726,11.5,12.2,9.4,16.5,30.3,21.6,44.9,36.6,4.4,41.1
54099,WV,Wayne,37686,30122,12.0,12.5,9.7,16.9,31.3,21.8,46.5,42.6,4.6,42.7
54101,WV,Webster,8045,6456,14.8,12.7,11.5,19.5,31.4,21.7,49.9,42.9,5.5,45.9
54103,WV,Wetzel,13890,10969,11.7,12.1,9.7,16.7,30.7,21.3,45.6,42.4,4.6,41.7
54105,WV,Wirt,5000,3936,12.7,12.3,10.4,18.1,30.3,20.9,47.6,42.8,4.9,41.8
54107,WV,Wood,83052,65756,10.8,12.0,9.0,16.6,32.0,20.8,45.3,43.5,4.2,38.7
54109,WV,Wyoming,20277,16181,14.0,12.9,10.7,18.7,31.6,22.4,49.7,44.6,5.1,46.7
55001,WI,Adams,21449,18664,10.1,10.8,10.6,16.7,22.6,14.9,43.5,40.3,5.0,37.3
55003,WI,Ashland,16079,12754,8.6,11.4,8.4,13.9,25.2,16.6,36.3,41.2,4.3,33.9
55005,WI,Barron,46833,37064,8.2,10.9,8.3,13.2,23.7,15.6,36.6,38.3,4.1,32.0
55007,WI,Bayfield,16769,14035,7.9,10.8,9.1,13.9,23.0,13.9,41.2,39.1,4.3,32.5
55009,WI,Brown,271417,209911,6.1,10.7,6.2,10.5,23.2,15.5,31.5,41.1,3.1,28.3
55011,WI,Buffalo,13419,10742,7.8,10.7,8.1,12.8,23.4,15.3,36.6,39.6,3.9,32.3
55013,WI,Burnett,17092,14468,9.7,10.9,10.0,15.5,22.1,14.5,41.2,39.0,4.9,35.4
55015,WI,Calumet,53199,41590,5.9,10.7,6.1,10.3,23.4,15.1,31.0,33.3,3.0,27.2
55017,WI,Chippewa,66970,52829,7.2,11.1,7.2,11.7,24.1,15.8,34.7,41.7,3.6,32.8
55019,WI,Clark,34774,24557,9.0,11.4,8.2,12.5,22.6,17.0,33.7,37.9,4.1,34.3
55021,WI,Columbia,58091,46376,6.9,10.8,6.9,11.3,23.3,15.4,32.8,33.6,3.4,29.5
55023,WI,Crawford,15944,12868,8.8,10.9,8.8,13.8,23.2,15.8,38.5,37.4,4.4,33.7
55025,WI,Dane,575347,463964,4.4,9.9,4.8,8.2,24.3,14.8,25.6,32.4,2.4,24.3
55027,WI,Dodge,88231,71376,7.0,10.7,7.0,11.3,22.8,16.0,33.4,42.8,3.5,31.3
55029,WI,Door,30562,25848,7.5,10.5,8.5,13.0,20.7,13.0,38.8,36.6,4.1,30.3
55031,WI,Douglas,44264,35947,7.0,11.0,7.2,11.7,23.9,16.0,35.5,41.0,3.5,30.8
55033,WI,Dunn,45794,37053,6.2,10.8,6.0,9.9,25.0,16.7,29.9,38.8,3.0,30.4
55035,WI,Eau Claire,107903,86787,5.8,10.7,5.8,9.4,26.0,16.8,29.0,30.0,2.9,28.6
55037,WI,Florence,4682,4032,8.5,10.7,9.0,14.3,22.4,14.0,40.7,37.5,4.3,33.4
55039,WI,Fond du Lac,103948,82246,6.9,11.0,6.9,11.5,24.4,15.6,34.4,43.8,3.5,31.7
55041,WI,Forest,9325,7503,10.2,12.1,9.9,16.7,25.4,17.5,43.2,46.0,5.0,38.7
55043,WI,Grant,51409,40536,7.3,11.0,7.0,11.5,24.4,17.3,31.7,40.9,3.5,31.7
55045,WI,Green,36951,29103,6.8,10.5,7.0,11.3,23.0,15.0,35.9,40.3,3.5,30.1
55047,WI,Green Lake,19344,15139,8.8,11.1,8.6,13.7,23.6,15.8,37.8,40.4,4.3,34.8
55049,WI,Iowa,23956,18836,6.8,10.5,7.0,11.3,23.5,15.1,33.3,38.7,3.4,29.1
55051,WI,Iron,6228,5234,9.1,10.7,9.8,14.8,21.3,14.1,39.6,34.7,4.7,32.9
55053,WI,Jackson,20855,16438,8.5,11.1,8.3,13.4,23.5,16.6,38.1,40.4,4.1,34.3
55055,WI,Jefferson,85743,69165,6.4,10.9,6.5,10.7,22.8,15.5,31.1,40.7,3.2,28.5
55057,WI,Juneau,26594,21598,9.1,11.1,8.7,14.2,24.2,16.4,39.7,42.1,4.3,35.1
55059,WI,Kenosha,167488,131659,6.5,11.0,6.3,11.4,24.1,16.0,33.6,40.1,3.2,30.1
55061,WI,Kewaunee,20690,16410,7.3,10.6,7.6,12.1,22.6,15.0,35.4,41.3,3.7,31.1
55063,WI,La Crosse,120486,97393,6.0,11.2,6.1,10.1,25.1,16.3,30.0,37.5,3.0,30.0
55065,WI,Lafayette,16945,12715,8.0,10.9,7.9,12.5,24.0,16.4,36.4,41.9,3.9,33.4
55067,WI,Langlade,19404,15739,9.2,11.0,9.0,14.1,21.8,15.8,39.2,37.1,4.5,35.0
55069,WI,Lincoln,28405,23357,8.5,11.0,8.5,13.1,23.9,15.7,38.4,42.8,4.1,34.5
55071,WI,Manitowoc,81331,65081,7.7,10.7,7.7,12.2,21.6,14.9,36.9,39.1,3.8,29.8
55073,WI,Marathon,138612,107632,6.7,10.2,6.9,10.9,24.0,14.8,34.4,36.3,3.4,29.9
55075,WI,Marinette,42106,34244,8.5,10.9,8.7,13.9,23.2,15.3,38.2,37.8,4.2,34.1
55077,WI,Marquette,15838,12855,9.5,11.0,9.3,14.6,23.3,15.3,40.6,43.4,4.6,35.6
55078,WI,Menominee,4226,2882,8.9,13.9,8.6,18.2,23.3,19.3,38.9,45.4,5.0,40.6
55079,WI,Milwaukee,916205,700935,6.7,11.8,6.2,13.1,23.6,17.0,35.2,38.6,3.6,30.6
55081,WI,Monroe,46151,34486,8.2,11.2,7.8,12.8,25.2,16.7,36.0,44.4,3.9,33.6
55083,WI,Oconto,39775,32028,7.9,11.0,8.0,12.9,23.2,15.8,37.1,42.7,3.9,33.5
55085,WI,Oneida,38226,31953,7.9,10.4,8.6,13.8,23.5,14.5,39.1,35.2,4.1,32.2
55087,WI,Outagamie,193234,149418,5.9,10.6,6.0,10.3,23.7,15.5,33.3,36.6,3.0,26.9
55089,WI,Ozaukee,93460,74094,5.4,10.2,6.3,10.1,21.8,13.5,30.3,30.3,3.0,25.3
55091,WI,Pepin,7441,5802,7.4,10.6,7.9,12.4,22.6,14.8,36.3,36.6,3.8,30.6
55093,WI,Pierce,43026,34410,5.8,10.7,5.9,9.8,23.5,15.8,30.8,33.2,2.9,27.3
55095,WI,Polk,45762,36790,7.3,10.7,7.5,12.4,22.6,15.0,36.1,35.6,3.8,31.1
55097,WI,Portage,71024,57775,6.1,10.7,6.2,9.6,24.6,16.2,29.0,35.1,3.1,28.9
55099,WI,Price,14102,11739,9.5,10.9,9.7,14.8,22.0,14.9,40.1,42.5,4.7,32.9
55101,WI,Racine,196613,152563,6.7,11.3,6.7,12.5,22.4,15.3,34.6,42.3,3.5,30.5
55103,WI,Richland,17197,13613,8.9,10.9,8.8,13.6,22.5,15.6,37.2,37.5,4.4,34.7
55105,WI,Rock,164278,127890,6.8,11.2,6.7,12.3,23.3,16.0,33.4,41.9,3.4,31.0
55107,WI,Rusk,14143,11289,9.8,11.1,9.6,14.9,22.7,15.9,39.7,41.1,4.7,35.8
55109,WI,St. Croix,96763,74028,5.5,10.4,5.7,9.6,22.6,14.6,32.0,36.3,2.9,26.4
55111,WI,Sauk,65920,51378,7.0,10.8,7.1,12.3,24.2,15.7,34.0,40.4,3.5,31.8
55113,WI,Sawyer,18552,15215,9.3,11.0,9.6,15.2,22.7,15.0,41.4,34.3,4.8,35.8
55115,WI,Shawano,41109,32448,8.2,11.2,8.1,12.9,22.0,16.0,35.9,40.4,4.1,31.8
55117,WI,Sheboygan,117752,92697,6.5,10.3,6.9,11.5,22.0,15.4,35.4,36.6,3.4,29.5
55119,WI,Taylor,20058,15464,8.4,10.7,8.2,12.8,21.6,16.1,37.3,44.3,4.1,34.1
55121,WI,Trempealeau,30899,22713,7.6,10.6,7.5,12.3,23.2,15.9,35.3,41.3,3.7,30.9
55123,WI,Vernon,31170,23135,8.5,11.0,8.4,12.9,22.9,15.9,36.5,38.8,4.1,32.6
55125,WI,Vilas,23885,20060,8.3,10.8,9.4,13.8,22.4,13.6,41.6,38.4,4.4,32.4
55127,WI,Walworth,105822,85648,6.4,10.5,6.8,11.2,21.9,15.2,32.7,38.4,3.3,29.8
55129,WI,Washburn,16930,13886,8.9,11.0,9.2,14.4,21.6,14.7,40.4,35.6,4.5,33.1
55131,WI,Washington,138168,109514,5.9,10.5,6.5,10.5,22.3,14.6,32.9,36.4,3.2,26.1
55133,WI,Waukesha,412591,327018,5.2,10.2,6.2,10.5,20.2,12.9,33.6,33.4,2.9,26.1
55135,WI,Waupaca,51388,41137,7.8,11.1,7.7,13.1,22.9,15.7,36.7,38.2,3.8,32.0
55137,WI,Waushara,24934,20556,8.7,10.5,8.9,14.4,22.1,15.3,39.1,39.7,4.4,33.3
55139,WI,Winnebago,171735,137307,6.4,11.0,6.3,11.2,23.4,16.1,32.4,40.0,3.2,28.9
55141,WI,Wood,73939,58207,7.7,10.9,7.8,12.6,22.7,15.7,35.9,40.0,3.9,31.7
56001,WY,Albany,38257,32496,5.1,10.4,4.7,7.5,23.7,17.1,25.4,27.0,2.4,26.6
56003,WY,Big Horn,12018,9180,8.8,10.3,8.2,12.6,21.6,15.9,35.7,33.8,4.0,34.4
56005,WY,Campbell,47498,35021,6.6,10.3,5.6,9.9,22.8,16.6,29.6,35.9,2.9,30.8
56007,WY,Carbon,14334,11192,8.0,9.9,7.4,12.9,19.8,15.8,34.6,38.6,3.8,32.9
56009,WY,Converse,13809,10503,7.8,10.3,7.1,11.5,21.0,16.0,34.3,37.3,3.6,31.4
56011,WY,Crook,7592,5694,7.5,10.2,7.3,11.5,20.1,14.8,34.4,32.6,3.6,31.0
56013,WY,Fremont,39815,30150,8.3,10.9,7.6,12.4,20.6,16.3,35.4,33.9,3.9,35.7
56015,WY,Goshen,12642,10171,8.1,9.9,8.0,12.3,20.9,15.0,35.8,36.8,3.9,32.3
56017,WY,Hot Springs,4661,3703,9.9,10.5,9.7,14.5,20.7,14.7,39.1,35.1,4.8,34.5
56019,WY,Johnson,8759,7022,8.9,10.2,8.8,13.1,19.6,14.6,37.1,35.6,4.3,34.3
56021,WY,Laramie,100984,78706,6.6,10.1,5.9,10.5,21.1,16.0,30.3,33.8,3.1,29.5
56023,WY,Lincoln,20880,15709,7.3,10.0,6.8,11.4,19.9,15.0,34.5,35.4,3.5,28.5
56025,WY,Natrona,79941,61379,7.1,10.3,6.2,11.1,23.2,16.3,30.2,36.6,3.2,32.2
56027,WY,Niobrara,2354,1927,9.5,10.9,8.7,13.0,22.3,16.4,36.4,36.3,4.4,35.1
56029,WY,Park,30735,24494,7.3,9.8,7.4,11.7,20.9,14.2,34.0,31.5,3.7,29.9
56031,WY,Platte,8546,6829,9.1,10.2,9.0,13.5,19.8,15.2,38.7,35.8,4.4,34.5
56033,WY,Sheridan,32519,25809,7.1,10.0,7.0,10.9,23.1,14.8,34.0,30.6,3.5,30.0
56035,WY,Sublette,8969,7060,7.0,9.8,7.3,11.2,20.2,14.1,34.4,33.3,3.6,30.5
56037,WY,Sweetwater,41249,31162,7.0,10.3,6.2,11.1,23.6,17.1,31.1,36.3,3.2,31.1
56039,WY,Teton,23232,19340,4.5,9.0,5.0,8.4,18.0,12.7,27.0,24.0,2.4,21.6
56041,WY,Uinta,20745,15278,7.2,10.2,6.5,11.0,20.8,16.2,31.6,34.4,3.3,30.8
56043,WY,Washakie,7710,6140,8.9,10.1,8.5,13.7,20.3,15.2,36.1,33.3,4.3,34.7
56045,WY,Weston,6808,5543,8.2,9.9,7.9,12.6,19.5,15.5,34.6,35.7,3.9,33.6
