county_fips,county,veterans_2023,veterans_2024,veterans_2025,veterans_2026,veterans_2027,veterans_2028,veterans_2029,veterans_2030
01001,"Autauga, AL",5889,5857,5834,5799,5766,5734,5689,5650
01003,"Baldwin, AL",19139,19333,19520,19690,19845,19959,20070,20169
01005,"Barbour, AL",1529,1496,1467,1437,1406,1383,1359,1335
01007,"Bibb, AL",1093,1093,1086,1084,1079,1078,1077,1068
01009,"Blount, AL",3179,3072,2967,2870,2774,2680,2588,2499
01011,"Bullock, AL",423,419,412,404,397,388,381,374
01013,"Butler, AL",1265,1240,1213,1189,1159,1133,1103,1069
01015,"Calhoun, AL",8828,8661,8494,8330,8157,8005,7834,7674
01017,"Chambers, AL",2053,2000,1950,1900,1855,1810,1768,1728
01019,"Cherokee, AL",1494,1442,1393,1341,1297,1254,1217,1179
01021,"Chilton, AL",2210,2122,2041,1958,1878,1796,1716,1643
01023,"Choctaw, AL",685,657,629,603,580,557,535,514
01025,"Clarke, AL",1342,1319,1298,1276,1259,1243,1228,1218
01027,"Clay, AL",838,813,789,762,738,711,682,654
01029,"Cleburne, AL",858,858,856,849,850,849,852,851
01031,"Coffee, AL",7428,7378,7335,7282,7240,7190,7136,7074
01033,"Colbert, AL",3272,3180,3093,2994,2905,2819,2741,2667
01035,"Conecuh, AL",727,703,678,652,628,606,585,564
01037,"Coosa, AL",766,752,737,716,693,676,660,647
01039,"Covington, AL",2741,2663,2593,2526,2453,2383,2311,2234
01041,"Crenshaw, AL",848,817,785,754,722,691,663,638
01043,"Cullman, AL",5166,5096,5027,4965,4880,4798,4706,4614
01045,"Dale, AL",7176,7019,6880,6747,6608,6477,6348,6216
01047,"Dallas, AL",2176,2131,2084,2036,1988,1939,1892,1842
01049,"De Kalb, AL",3443,3404,3364,3323,3273,3218,3163,3099
01051,"Elmore, AL",7877,7757,7651,7551,7462,7378,7319,7265
01053,"Escambia, AL",2137,2092,2056,2024,1989,1956,1924,1895
01055,"Etowah, AL",6072,5873,5688,5505,5323,5157,4994,4840
01057,"Fayette, AL",1050,1017,985,952,918,887,854,827
01059,"Franklin, AL",1257,1229,1203,1179,1153,1130,1101,1071
01061,"Geneva, AL",2256,2249,2230,2216,2192,2180,2155,2130
01063,"Greene, AL",464,458,450,442,434,429,425,423
01065,"Hale, AL",828,823,810,796,784,776,767,757
01067,"Henry, AL",1280,1270,1261,1250,1241,1231,1221,1202
01069,"Houston, AL",8596,8569,8542,8513,8485,8450,8401,8351
01071,"Jackson, AL",3015,2961,2917,2860,2814,2763,2717,2674
01073,"Jefferson, AL",36009,35268,34509,33777,33044,32314,31602,30864
01075,"Lamar, AL",739,724,706,686,667,649,631,614
01077,"Lauderdale, AL",5467,5418,5355,5298,5232,5166,5088,4995
01079,"Lawrence, AL",1660,1653,1636,1621,1601,1588,1578,1579
01081,"Lee, AL",11472,11492,11504,11479,11456,11423,11385,11335
01083,"Limestone, AL",8665,8741,8829,8902,8951,8996,9050,9087
01085,"Lowndes, AL",729,711,692,678,662,646,632,617
01087,"Macon, AL",1456,1442,1419,1395,1367,1342,1320,1294
01089,"Madison, AL",36925,36947,36977,37001,36976,36934,36832,36694
01091,"Marengo, AL",1348,1340,1321,1307,1293,1282,1273,1266
01093,"Marion, AL",1773,1764,1751,1741,1728,1711,1697,1685
01095,"Marshall, AL",5744,5668,5581,5497,5423,5343,5265,5197
01097,"Mobile, AL",27456,27124,26822,26518,26191,25807,25395,24998
01099,"Monroe, AL",1133,1101,1067,1031,998,965,929,895
01101,"Montgomery, AL",18920,18664,18427,18178,17946,17695,17455,17218
01103,"Morgan, AL",7762,7667,7588,7497,7406,7328,7263,7200
01105,"Perry, AL",536,513,487,465,443,425,407,391
01107,"Pickens, AL",1141,1113,1080,1046,1018,986,960,932
01109,"Pike, AL",2249,2230,2214,2203,2186,2182,2166,2149
01111,"Randolph, AL",1220,1180,1140,1097,1056,1014,977,942
01113,"Russell, AL",6720,6646,6585,6515,6450,6391,6346,6293
01115,"Saint Clair, AL",5324,5265,5214,5157,5099,5047,5004,4969
01117,"Shelby, AL",11681,11698,11718,11768,11790,11780,11756,11734
01119,"Sumter, AL",503,491,477,461,450,440,429,416
01121,"Talladega, AL",5059,4995,4910,4825,4759,4694,4607,4516
01123,"Tallapoosa, AL",2911,2852,2785,2725,2666,2610,2557,2515
01125,"Tuscaloosa, AL",12768,12745,12690,12607,12567,12530,12489,12425
01127,"Walker, AL",3528,3400,3281,3159,3044,2934,2837,2747
01129,"Washington, AL",811,801,787,773,759,745,732,721
01131,"Wilcox, AL",468,466,459,450,445,443,439,430
01133,"Winston, AL",1423,1390,1360,1330,1299,1265,1237,1204
02013,"Aleutians East, AK",83,91,93,96,102,111,122,132
02016,"Aleutians West, AK",141,146,146,148,154,162,175,197
02020,"Anchorage, AK",28884,28244,27628,27051,26443,25842,25220,24611
02050,"Bethel, AK",1005,1007,1009,1004,996,985,975,962
02060,"Bristol Bay, AK",56,59,58,58,58,59,62,70
02063,"Chugach, AK",564,555,537,532,526,519,511,500
02066,"Copper River, AK",283,280,273,270,266,261,255,249
02068,"Denali, AK",276,282,278,275,277,270,272,286
02070,"Dillingham, AK",206,201,197,192,187,185,185,187
02090,"Fairbanks North Star, AK",13223,13059,12886,12719,12560,12387,12189,11960
02100,"Haines, AK",170,170,170,163,161,163,167,176
02105,"Hoonah-Angoon, AK",181,183,181,178,180,179,183,184
02110,"Juneau, AK",2396,2359,2312,2263,2219,2173,2118,2057
02122,"Kenai Peninsula, AK",5239,5135,5043,4926,4814,4704,4579,4461
02130,"Ketchikan Gateway, AK",1018,979,944,904,866,828,795,764
02150,"Kodiak Island, AK",1151,1127,1105,1088,1071,1059,1037,1018
02158,"Kusilvak, AK",355,354,345,336,331,325,325,327
02164,"Lake and Peninsula, AK",51,54,53,52,52,53,57,63
02170,"Matanuska-Susitna, AK",11689,11763,11861,11922,11932,11924,11921,11895
02180,"Nome, AK",504,500,495,487,484,481,472,462
02185,"North Slope, AK",250,262,270,273,279,284,299,311
02188,"Northwest Arctic, AK",299,299,294,295,292,294,297,302
02195,"Petersburg, AK",262,261,257,242,231,229,225,227
02198,"Prince of Wales-Hyder, AK",375,364,346,329,313,305,297,291
02220,"Sitka, AK",631,621,610,595,582,569,562,549
02230,"Skagway, AK",54,60,60,57,57,58,61,65
02240,"Southeast Fairbanks, AK",959,936,917,895,878,858,842,826
02275,"Wrangell, AK",226,230,228,230,234,242,244,246
02282,"Yakutat, AK",75,83,80,73,78,90,101,121
02290,"Yukon-Koyukuk, AK",399,392,387,377,368,355,349,349
04001,"Apache, AZ",2871,2867,2871,2867,2863,2863,2861,2854
04003,"Cochise, AZ",19531,19306,19136,18913,18700,18518,18350,18177
04005,"Coconino, AZ",7884,7825,7772,7688,7624,7617,7641,7651
04007,"Gila, AZ",4757,4639,4533,4427,4318,4208,4098,3993
04009,"Graham, AZ",1947,1933,1922,1903,1883,1866,1850,1836
04011,"Greenlee, AZ",495,483,473,459,444,432,417,406
04012,"La Paz, AZ",2224,2178,2126,2088,2057,2015,1975,1939
04013,"Maricopa, AZ",246072,244816,243365,241627,239583,237312,234903,232383
04015,"Mohave, AZ",20874,20559,20299,20030,19750,19493,19227,18996
04017,"Navajo, AZ",6285,6178,6075,5964,5858,5755,5649,5535
04019,"Pima, AZ",85115,84226,83304,82439,81576,80655,79667,78492
04021,"Pinal, AZ",33774,34134,34484,34872,35275,35677,36016,36407
04023,"Santa Cruz, AZ",1728,1687,1645,1597,1554,1512,1473,1431
04025,"Yavapai, AZ",23683,23524,23313,23108,22910,22651,22383,22113
04027,"Yuma, AZ",16134,15919,15690,15488,15313,15146,14963,14772
05001,"Arkansas, AR",923,886,845,808,773,740,707,674
05003,"Ashley, AR",1138,1108,1081,1056,1027,997,964,934
05005,"Baxter, AR",4403,4358,4324,4266,4200,4143,4081,4038
05007,"Benton, AR",17155,17161,17199,17163,17140,17106,17081,17079
05009,"Boone, AR",2733,2670,2618,2570,2520,2465,2397,2335
05011,"Bradley, AR",509,498,484,468,454,443,431,419
05013,"Calhoun, AR",303,293,283,272,262,252,243,233
05015,"Carroll, AR",2092,2074,2049,2002,1964,1934,1911,1889
05017,"Chicot, AR",578,544,506,470,440,412,385,358
05019,"Clark, AR",1221,1190,1155,1121,1091,1061,1024,989
05021,"Clay, AR",853,830,805,781,757,735,715,695
05023,"Cleburne, AR",2231,2180,2131,2090,2045,2003,1960,1922
05025,"Cleveland, AR",485,470,462,452,446,439,429,419
05027,"Columbia, AR",1190,1169,1146,1123,1099,1075,1058,1036
05029,"Conway, AR",1498,1465,1431,1404,1374,1344,1315,1284
05031,"Craighead, AR",5316,5252,5177,5103,5020,4949,4882,4816
05033,"Crawford, AR",4592,4552,4506,4447,4400,4356,4306,4255
05035,"Crittenden, AR",2645,2572,2501,2429,2354,2284,2219,2155
05037,"Cross, AR",976,961,942,929,914,897,879,863
05039,"Dallas, AR",419,404,387,369,353,341,329,319
05041,"Desha, AR",557,527,496,471,447,423,400,380
05043,"Drew, AR",1023,1008,985,961,937,919,897,876
05045,"Faulkner, AR",7452,7287,7124,6990,6866,6711,6540,6373
05047,"Franklin, AR",1234,1217,1200,1189,1173,1156,1140,1121
05049,"Fulton, AR",952,931,906,877,851,829,811,792
05051,"Garland, AR",7600,7459,7318,7164,7021,6867,6718,6577
05053,"Grant, AR",1181,1159,1135,1108,1080,1063,1041,1023
05055,"Greene, AR",2810,2783,2764,2721,2678,2651,2618,2585
05057,"Hempstead, AR",1023,992,956,918,882,852,822,793
05059,"Hot Spring, AR",2316,2273,2233,2188,2152,2119,2079,2039
05061,"Howard, AR",613,596,576,557,541,529,514,499
05063,"Independence, AR",2226,2176,2117,2053,2000,1951,1900,1848
05065,"Izard, AR",1135,1112,1083,1062,1033,1007,979,952
05067,"Jackson, AR",841,817,789,764,741,714,691,668
05069,"Jefferson, AR",4722,4586,4450,4344,4243,4138,4032,3919
05071,"Johnson, AR",1668,1620,1571,1520,1476,1431,1394,1354
05073,"Lafayette, AR",471,468,464,457,446,440,437,431
05075,"Lawrence, AR",995,975,951,928,907,884,859,841
05077,"Lee, AR",325,319,311,303,294,286,277,268
05079,"Lincoln, AR",525,517,506,493,485,476,469,462
05081,"Little River, AR",761,733,704,679,650,630,602,578
05083,"Logan, AR",1633,1605,1580,1553,1519,1494,1471,1453
05085,"Lonoke, AR",7389,7303,7221,7142,7054,6965,6878,6797
05087,"Madison, AR",1055,1052,1052,1046,1032,1022,1018,1014
05089,"Marion, AR",1607,1573,1547,1509,1474,1434,1404,1384
05091,"Miller, AR",2550,2502,2452,2410,2370,2325,2275,2230
05093,"Mississippi, AR",2277,2214,2154,2101,2045,1988,1928,1874
05095,"Monroe, AR",424,415,402,386,369,353,341,325
05097,"Montgomery, AR",702,685,667,645,625,602,581,564
05099,"Nevada, AR",596,589,583,575,560,549,541,531
05101,"Newton, AR",582,575,568,557,549,537,526,514
05103,"Ouachita, AR",1790,1763,1738,1710,1675,1643,1619,1592
05105,"Perry, AR",823,813,807,799,789,781,769,758
05107,"Phillips, AR",926,896,861,833,803,778,749,718
05109,"Pike, AR",674,668,657,641,630,622,613,600
05111,"Poinsett, AR",1194,1160,1131,1100,1067,1040,1012,985
05113,"Polk, AR",1799,1761,1719,1688,1645,1609,1569,1524
05115,"Pope, AR",4221,4146,4070,3992,3917,3846,3762,3673
05117,"Prairie, AR",570,558,550,533,520,506,489,479
05119,"Pulaski, AR",32281,31684,31062,30446,29857,29254,28685,28071
05121,"Randolph, AR",1147,1112,1082,1047,1017,986,954,927
05123,"Saint Francis, AR",1166,1133,1105,1076,1049,1023,997,974
05125,"Saline, AR",8548,8454,8386,8352,8292,8213,8147,8075
05127,"Scott, AR",677,654,630,602,575,552,528,504
05129,"Searcy, AR",610,600,594,590,586,578,568,558
05131,"Sebastian, AR",8735,8619,8534,8460,8381,8277,8174,8078
05133,"Sevier, AR",743,725,708,692,673,655,640,625
05135,"Sharp, AR",1610,1569,1529,1485,1439,1398,1356,1316
05137,"Stone, AR",1110,1101,1098,1090,1079,1067,1055,1050
05139,"Union, AR",2265,2233,2199,2171,2153,2127,2100,2074
05141,"Van Buren, AR",1467,1442,1415,1393,1366,1346,1321,1297
05143,"Washington, AR",12932,12947,12965,13014,13053,13085,13106,13067
05145,"White, AR",5676,5566,5467,5382,5288,5190,5091,4994
05147,"Woodruff, AR",344,326,307,290,276,263,248,234
05149,"Yell, AR",1274,1237,1202,1162,1129,1101,1074,1049
06001,"Alameda, CA",44111,42443,40813,39272,37813,36398,35057,33753
06003,"Alpine, CA",41,47,46,45,44,43,41,40
06005,"Amador, CA",2906,2794,2693,2592,2498,2407,2321,2238
06007,"Butte, CA",13018,12552,12151,11773,11416,11082,10764,10459
06009,"Calaveras, CA",3435,3302,3192,3076,2971,2874,2774,2686
06011,"Colusa, CA",743,721,698,673,652,630,612,596
06013,"Contra Costa, CA",39969,38570,37240,36001,34824,33658,32492,31376
06015,"Del Norte, CA",1817,1756,1699,1645,1599,1550,1506,1458
06017,"El Dorado, CA",11458,11094,10772,10458,10157,9831,9520,9226
06019,"Fresno, CA",34808,33873,32969,32122,31299,30526,29810,29133
06021,"Glenn, CA",1111,1073,1034,996,957,928,898,872
06023,"Humboldt, CA",7478,7178,6908,6658,6430,6209,6000,5775
06025,"Imperial, CA",4926,4821,4726,4636,4556,4488,4421,4356
06027,"Inyo, CA",1121,1065,1009,960,914,866,822,784
06029,"Kern, CA",34799,33866,32964,32097,31291,30525,29824,29166
06031,"Kings, CA",9120,8876,8627,8385,8154,7934,7731,7529
06033,"Lake, CA",4103,3929,3760,3612,3468,3332,3211,3090
06035,"Lassen, CA",2057,1980,1910,1842,1778,1714,1652,1601
06037,"Los Angeles, CA",240514,231477,222934,214660,206743,199173,191972,185097
06039,"Madera, CA",6147,5937,5752,5574,5411,5258,5116,4991
06041,"Marin, CA",9064,8620,8238,7887,7551,7187,6825,6491
06043,"Mariposa, CA",1559,1507,1463,1414,1382,1344,1309,1271
06045,"Mendocino, CA",4436,4232,4025,3850,3689,3528,3352,3177
06047,"Merced, CA",9121,8755,8394,8041,7706,7405,7130,6866
06049,"Modoc, CA",741,720,689,658,634,612,588,568
06051,"Mono, CA",466,455,442,427,412,397,384,370
06053,"Monterey, CA",18269,17545,16865,16207,15591,15008,14448,13913
06055,"Napa, CA",5848,5549,5262,4990,4740,4497,4261,4035
06057,"Nevada, CA",6577,6378,6191,6049,5914,5772,5636,5494
06059,"Orange, CA",90184,86713,83450,80297,77290,74382,71618,69033
06061,"Placer, CA",23515,22974,22480,22027,21633,21217,20772,20343
06063,"Plumas, CA",1433,1365,1291,1231,1169,1099,1049,1000
06065,"Riverside, CA",114324,111917,109686,107615,105653,103819,101987,100281
06067,"Sacramento, CA",75957,73558,71268,69048,66966,64937,63019,61138
06069,"San Benito, CA",2190,2128,2067,2005,1945,1899,1854,1813
06071,"San Bernardino, CA",88044,85701,83497,81385,79318,77384,75542,73728
06073,"San Diego, CA",238134,231599,225278,219052,213056,207579,202205,196959
06075,"San Francisco, CA",19892,19146,18454,17783,17157,16560,15998,15427
06077,"San Joaquin, CA",28310,27428,26592,25785,25012,24267,23567,22910
06079,"San Luis Obispo, CA",14661,14295,13927,13560,13250,12960,12678,12389
06081,"San Mateo, CA",20163,19299,18492,17693,16951,16239,15546,14892
06083,"Santa Barbara, CA",18699,17862,17074,16355,15664,15031,14406,13790
06085,"Santa Clara, CA",46398,44378,42491,40701,38977,37337,35803,34366
06087,"Santa Cruz, CA",8534,8172,7815,7476,7160,6871,6600,6327
06089,"Shasta, CA",12854,12460,12107,11784,11469,11161,10872,10599
06091,"Sierra, CA",201,198,192,183,174,166,160,155
06093,"Siskiyou, CA",3139,3016,2889,2769,2650,2542,2449,2357
06095,"Solano, CA",31754,30823,29915,29093,28251,27426,26613,25805
06097,"Sonoma, CA",21126,20291,19516,18809,18124,17416,16680,15972
06099,"Stanislaus, CA",19146,18514,17953,17456,16975,16506,16039,15614
06101,"Sutter, CA",5191,4967,4747,4515,4304,4118,3952,3798
06103,"Tehama, CA",3628,3487,3366,3243,3130,3030,2941,2847
06105,"Trinity, CA",1060,1013,985,943,919,886,859,819
06107,"Tulare, CA",14239,13912,13603,13312,13038,12795,12544,12303
06109,"Tuolumne, CA",4136,4012,3915,3829,3730,3632,3532,3443
06111,"Ventura, CA",34889,33605,32417,31287,30220,29211,28219,27270
06113,"Yolo, CA",7420,7162,6909,6655,6418,6201,5993,5801
06115,"Yuba, CA",5951,5750,5550,5359,5172,5005,4841,4686
08001,"Adams, CO",24927,24562,24193,23819,23456,23114,22791,22476
08003,"Alamosa, CO",766,752,734,715,698,678,662,648
08005,"Arapahoe, CO",36325,35780,35211,34618,34035,33466,32907,32340
08007,"Archuleta, CO",1068,1045,1025,996,972,949,928,908
08009,"Baca, CO",176,171,163,155,148,141,135,128
08011,"Bent, CO",379,367,354,342,329,319,310,300
08013,"Boulder, CO",11830,11535,11250,10997,10747,10472,10218,9958
08014,"Broomfield, CO",3375,3327,3274,3236,3187,3136,3082,3027
08015,"Chaffee, CO",1311,1267,1225,1190,1153,1111,1081,1052
08017,"Cheyenne, CO",81,84,81,77,74,71,70,67
08019,"Clear Creek, CO",492,475,456,438,421,408,394,381
08021,"Conejos, CO",465,447,433,418,401,387,372,361
08023,"Costilla, CO",309,300,281,265,250,239,225,213
08025,"Crowley, CO",305,296,290,286,284,282,280,278
08027,"Custer, CO",457,436,417,395,376,363,349,339
08029,"Delta, CO",2493,2432,2362,2284,2221,2168,2117,2071
08031,"Denver, CO",28266,27731,27229,26699,26154,25631,25136,24671
08033,"Dolores, CO",243,253,246,242,239,241,240,240
08035,"Douglas, CO",19301,19392,19509,19692,19907,20056,20183,20309
08037,"Eagle, CO",1435,1421,1411,1406,1393,1377,1356,1341
08039,"Elbert, CO",2082,2067,2059,2049,2045,2041,2038,2031
08041,"El Paso, CO",104418,103678,102944,102101,101315,100647,99923,99182
08043,"Fremont, CO",4222,4097,3982,3856,3742,3624,3517,3420
08045,"Garfield, CO",2247,2184,2126,2066,2009,1953,1900,1847
08047,"Gilpin, CO",334,326,317,308,297,286,278,267
08049,"Grand, CO",886,881,881,869,861,848,834,830
08051,"Gunnison, CO",742,742,728,725,725,720,709,710
08053,"Hinsdale, CO",65,71,71,68,67,66,65,61
08055,"Huerfano, CO",665,631,603,582,563,548,537,531
08057,"Jackson, CO",112,121,120,119,117,113,112,109
08059,"Jefferson, CO",32025,31308,30664,30083,29497,28870,28245,27628
08061,"Kiowa, CO",52,56,55,53,54,53,52,50
08063,"Kit Carson, CO",351,335,319,306,293,282,272,262
08065,"Lake, CO",367,359,348,338,330,320,314,308
08067,"La Plata, CO",2817,2744,2677,2614,2549,2486,2426,2364
08069,"Larimer, CO",19078,18765,18449,18179,17894,17603,17295,16986
08071,"Las Animas, CO",1138,1106,1083,1058,1036,1014,990,965
08073,"Lincoln, CO",327,322,316,307,299,294,288,281
08075,"Logan, CO",1046,1022,1001,980,957,938,924,911
08077,"Mesa, CO",12661,12419,12217,11984,11737,11519,11337,11167
08079,"Mineral, CO",68,74,73,74,74,76,75,71
08081,"Moffat, CO",784,770,755,739,724,706,693,678
08083,"Montezuma, CO",1897,1843,1795,1742,1702,1664,1630,1590
08085,"Montrose, CO",2841,2734,2648,2576,2514,2457,2404,2366
08087,"Morgan, CO",1261,1219,1187,1152,1121,1093,1068,1046
08089,"Otero, CO",1264,1226,1188,1157,1124,1096,1071,1046
08091,"Ouray, CO",403,397,389,380,373,363,357,347
08093,"Park, CO",1368,1337,1302,1262,1227,1198,1165,1132
08095,"Phillips, CO",231,228,221,216,210,206,201,197
08097,"Pitkin, CO",633,629,626,629,626,623,619,620
08099,"Prowers, CO",592,580,566,554,543,531,518,509
08101,"Pueblo, CO",12546,12250,11965,11668,11375,11110,10859,10607
08103,"Rio Blanco, CO",440,433,424,412,400,392,385,374
08105,"Rio Grande, CO",723,687,652,622,592,569,548,528
08107,"Routt, CO",942,915,889,865,841,817,791,762
08109,"Saguache, CO",359,351,341,331,322,315,303,292
08111,"San Juan, CO",56,61,61,62,65,66,67,68
08113,"San Miguel, CO",314,316,314,318,319,320,322,320
08115,"Sedgwick, CO",152,148,145,137,135,131,125,121
08117,"Summit, CO",1259,1251,1247,1267,1297,1304,1318,1337
08119,"Teller, CO",2825,2783,2739,2702,2674,2647,2626,2602
08121,"Washington, CO",244,238,229,219,210,204,196,192
08123,"Weld, CO",16884,16772,16697,16654,16597,16546,16474,16418
08125,"Yuma, CO",382,361,344,330,316,301,289,277
09110,"Capitol, CT",40856,39329,37905,36566,35315,34179,33110,32088
09120,"Greater Bridgeport, CT",8359,8011,7681,7369,7077,6789,6510,6247
09130,"Lower Connecticut River Valley, CT",9383,9019,8687,8365,8075,7804,7547,7298
09140,"Naugatuck Valley, CT",19958,19214,18525,17874,17249,16648,16081,15530
09150,"Northeastern Connecticut, CT",6758,6578,6409,6254,6099,5953,5794,5662
09160,"Northwest Hills, CT",5931,5644,5383,5130,4900,4680,4472,4291
09170,"South Central Connecticut, CT",22361,21567,20821,20136,19473,18828,18222,17613
09180,"Southeastern Connecticut, CT",22012,21330,20713,20112,19524,18978,18459,17961
09190,"Western Connecticut, CT",16579,15885,15213,14578,13996,13424,12869,12346
10001,"Kent, DE",17348,17205,17090,16947,16816,16671,16548,16411
10003,"New Castle, DE",27933,27471,26966,26421,25867,25318,24732,24138
10005,"Sussex, DE",18110,17910,17716,17564,17387,17202,17008,16817
11001,"District Of Columbia, DC",27916,27226,26567,25925,25307,24711,24133,23577
12001,"Alachua, FL",16376,16132,15899,15656,15462,15305,15173,14994
12003,"Baker, FL",1903,1884,1869,1854,1836,1825,1817,1805
12005,"Bay, FL",21840,21623,21403,21175,20957,20733,20490,20245
12007,"Bradford, FL",1979,1925,1871,1818,1770,1722,1678,1635
12009,"Brevard, FL",65614,65108,64553,64004,63397,62759,62128,61477
12011,"Broward, FL",70795,69251,67732,66191,64625,63033,61486,60002
12013,"Calhoun, FL",991,976,961,944,928,920,912,900
12015,"Charlotte, FL",19876,19454,19089,18741,18387,18031,17682,17366
12017,"Citrus, FL",18175,17784,17423,17068,16751,16407,16080,15794
12019,"Clay, FL",28147,28159,28173,28158,28142,28108,28072,27992
12021,"Collier, FL",20762,20147,19591,19014,18416,17843,17279,16779
12023,"Columbia, FL",6869,6779,6697,6612,6538,6478,6416,6370
12027,"De Soto, FL",1703,1669,1636,1601,1573,1552,1525,1501
12029,"Dixie, FL",1336,1305,1279,1257,1242,1232,1220,1215
12031,"Duval, FL",89552,88129,86757,85357,83967,82652,81313,79937
12033,"Escambia, FL",39913,39692,39445,39162,38940,38736,38553,38302
12035,"Flagler, FL",11228,11171,11107,11047,10989,10946,10906,10884
12037,"Franklin, FL",898,890,858,833,814,792,778,764
12039,"Gadsden, FL",2933,2861,2791,2728,2667,2609,2552,2495
12041,"Gilchrist, FL",1393,1382,1370,1351,1336,1325,1315,1309
12043,"Glades, FL",990,977,955,947,943,940,927,915
12045,"Gulf, FL",1360,1332,1312,1283,1258,1231,1204,1182
12047,"Hamilton, FL",873,852,829,803,780,761,743,721
12049,"Hardee, FL",997,979,955,931,905,882,859,839
12051,"Hendry, FL",1363,1327,1291,1253,1219,1188,1157,1133
12053,"Hernando, FL",17563,17583,17609,17616,17666,17733,17810,17887
12055,"Highlands, FL",9989,9683,9409,9098,8799,8538,8290,8069
12057,"Hillsborough, FL",97356,96394,95396,94334,93217,92096,90988,89807
12059,"Holmes, FL",1523,1503,1478,1456,1435,1413,1392,1377
12061,"Indian River, FL",13437,13278,13124,12998,12849,12698,12529,12354
12063,"Jackson, FL",3542,3462,3382,3305,3228,3157,3090,3025
12065,"Jefferson, FL",1071,1062,1052,1039,1026,1017,1009,1000
12067,"Lafayette, FL",477,472,471,469,466,465,464,460
12069,"Lake, FL",32091,31666,31307,30946,30627,30305,29958,29661
12071,"Lee, FL",53066,52231,51412,50623,49848,49012,48135,47296
12073,"Leon, FL",15923,15566,15226,14898,14600,14331,14069,13765
12075,"Levy, FL",3986,3921,3850,3784,3717,3652,3599,3545
12077,"Liberty, FL",398,401,398,393,391,392,391,393
12079,"Madison, FL",1192,1179,1160,1137,1120,1107,1097,1080
12081,"Manatee, FL",30165,29761,29333,28994,28611,28163,27673,27170
12083,"Marion, FL",33686,33330,32968,32595,32239,31902,31597,31297
12085,"Martin, FL",11718,11525,11355,11161,10973,10772,10571,10372
12086,"Miami-Dade, FL",57746,56830,55888,54899,53889,52913,51945,50967
12087,"Monroe, FL",7276,7007,6742,6480,6228,5962,5702,5455
12089,"Nassau, FL",9134,9020,8903,8808,8706,8584,8444,8309
12091,"Okaloosa, FL",37485,37308,37142,36959,36801,36686,36541,36364
12093,"Okeechobee, FL",2455,2428,2406,2378,2345,2319,2308,2291
12095,"Orange, FL",66398,66360,66278,66168,66072,65970,65831,65688
12097,"Osceola, FL",20698,20976,21246,21504,21776,22117,22470,22845
12099,"Palm Beach, FL",68995,67594,66212,64777,63267,61703,60127,58540
12101,"Pasco, FL",46694,46613,46545,46442,46326,46223,46078,45935
12103,"Pinellas, FL",73248,71217,69241,67297,65397,63505,61673,59865
12105,"Polk, FL",48485,47748,47032,46297,45575,44864,44203,43562
12107,"Putnam, FL",6149,5982,5814,5650,5482,5336,5195,5049
12109,"Saint Johns, FL",22142,22224,22319,22411,22497,22579,22609,22637
12111,"Saint Lucie, FL",23064,22945,22821,22725,22641,22548,22443,22332
12113,"Santa Rosa, FL",26428,26430,26399,26396,26374,26373,26346,26311
12115,"Sarasota, FL",34707,34022,33361,32735,32036,31272,30506,29747
12117,"Seminole, FL",26587,26645,26687,26741,26763,26762,26744,26716
12119,"Sumter, FL",16088,16163,16295,16456,16613,16739,16855,17074
12121,"Suwannee, FL",3367,3289,3213,3142,3077,3008,2942,2873
12123,"Taylor, FL",1457,1440,1426,1411,1397,1381,1370,1355
12125,"Union, FL",1032,1031,1020,1006,999,996,994,989
12127,"Volusia, FL",46422,45618,44851,44108,43345,42604,41866,41112
12129,"Wakulla, FL",2545,2541,2530,2523,2517,2520,2525,2517
12131,"Walton, FL",7266,7336,7406,7462,7535,7604,7664,7713
12133,"Washington, FL",2045,2032,2022,2012,2005,1985,1976,1966
13001,"Appling, GA",837,818,796,776,760,740,719,701
13003,"Atkinson, GA",387,382,377,374,367,358,352,348
13005,"Bacon, GA",506,502,495,483,477,472,463,452
13007,"Baker, GA",218,219,216,215,213,213,211,211
13009,"Baldwin, GA",2430,2355,2288,2212,2144,2095,2043,1992
13011,"Banks, GA",973,950,925,905,881,857,832,810
13013,"Barrow, GA",4146,4094,4056,4017,3973,3926,3884,3861
13015,"Bartow, GA",6249,6203,6147,6115,6060,5987,5926,5849
13017,"Ben Hill, GA",898,891,886,876,865,854,844,836
13019,"Berrien, GA",1251,1227,1207,1181,1152,1126,1102,1071
13021,"Bibb, GA",10876,10700,10534,10370,10193,10013,9838,9665
13023,"Bleckley, GA",813,804,791,779,764,759,760,757
13025,"Brantley, GA",1090,1069,1049,1033,1018,1002,985,955
13027,"Brooks, GA",1103,1064,1031,998,966,934,896,864
13029,"Bryan, GA",5626,5715,5793,5872,5946,6041,6118,6195
13031,"Bulloch, GA",4150,4091,4043,3988,3939,3891,3849,3802
13033,"Burke, GA",1749,1734,1722,1711,1700,1685,1668,1658
13035,"Butts, GA",1347,1336,1322,1303,1281,1264,1254,1245
13037,"Calhoun, GA",269,267,263,258,255,249,245,242
13039,"Camden, GA",8324,8265,8235,8199,8164,8149,8109,8073
13043,"Candler, GA",643,620,600,581,557,539,520,505
13045,"Carroll, GA",6242,6171,6101,6011,5940,5851,5774,5706
13047,"Catoosa, GA",3496,3473,3450,3425,3404,3379,3349,3325
13049,"Charlton, GA",797,779,764,745,731,714,694,678
13051,"Chatham, GA",25838,25496,25134,24764,24394,24076,23765,23455
13053,"Chattahoochee, GA",3891,3905,3899,3905,3916,3960,3989,4021
13055,"Chattooga, GA",1432,1421,1410,1401,1385,1375,1359,1347
13057,"Cherokee, GA",14618,14778,14985,15215,15424,15566,15694,15848
13059,"Clarke, GA",4721,4724,4707,4679,4674,4670,4671,4668
13061,"Clay, GA",208,201,193,185,176,169,161,157
13063,"Clayton, GA",16830,16583,16343,16086,15825,15577,15323,15072
13065,"Clinch, GA",352,346,338,331,321,313,301,294
13067,"Cobb, GA",38259,37649,37032,36409,35744,35036,34380,33742
13069,"Coffee, GA",1774,1764,1755,1743,1731,1721,1712,1703
13071,"Colquitt, GA",2220,2209,2200,2189,2174,2153,2144,2131
13073,"Columbia, GA",19900,20078,20260,20429,20629,20820,20974,21131
13075,"Cook, GA",1069,1058,1043,1030,1015,1009,999,987
13077,"Coweta, GA",10503,10535,10539,10542,10558,10548,10529,10516
13079,"Crawford, GA",819,802,789,776,761,745,725,707
13081,"Crisp, GA",1062,1049,1037,1023,1012,1004,994,978
13083,"Dade, GA",964,950,933,908,885,863,844,828
13085,"Dawson, GA",1545,1530,1516,1505,1491,1482,1465,1445
13087,"Decatur, GA",1643,1624,1607,1595,1582,1560,1539,1530
13089,"De Kalb, GA",36283,35699,35108,34483,33842,33174,32527,31877
13091,"Dodge, GA",1205,1185,1166,1149,1129,1111,1090,1068
13093,"Dooly, GA",637,627,615,601,588,577,569,565
13095,"Dougherty, GA",6002,5911,5831,5730,5619,5530,5440,5352
13097,"Douglas, GA",9621,9662,9704,9725,9744,9753,9766,9772
13099,"Early, GA",701,691,688,681,671,663,652,646
13101,"Echols, GA",175,179,179,179,181,183,185,185
13103,"Effingham, GA",5015,5074,5135,5188,5239,5295,5357,5412
13105,"Elbert, GA",1075,1039,1005,973,944,922,899,877
13107,"Emanuel, GA",1106,1096,1086,1068,1056,1046,1033,1021
13109,"Evans, GA",664,651,634,622,615,608,592,577
13111,"Fannin, GA",2133,2124,2120,2126,2119,2121,2116,2098
13113,"Fayette, GA",9463,9446,9444,9446,9470,9474,9469,9458
13115,"Floyd, GA",5531,5407,5267,5146,5029,4886,4760,4653
13117,"Forsyth, GA",8279,8290,8302,8334,8353,8372,8390,8403
13119,"Franklin, GA",1197,1190,1181,1166,1157,1140,1132,1122
13121,"Fulton, GA",45574,44892,44187,43436,42672,41961,41240,40431
13123,"Gilmer, GA",2309,2290,2265,2235,2219,2191,2164,2141
13125,"Glascock, GA",128,129,128,127,125,123,120,118
13127,"Glynn, GA",6520,6317,6133,5965,5788,5630,5444,5273
13129,"Gordon, GA",2714,2683,2646,2603,2567,2527,2482,2444
13131,"Grady, GA",1547,1529,1520,1510,1490,1471,1454,1433
13133,"Greene, GA",1276,1262,1258,1245,1244,1221,1213,1202
13135,"Gwinnett, GA",38663,38355,38046,37692,37332,36939,36567,36210
13137,"Habersham, GA",2562,2532,2498,2471,2453,2431,2412,2385
13139,"Hall, GA",9385,9337,9287,9246,9201,9149,9101,9040
13141,"Hancock, GA",515,500,484,467,452,437,425,412
13143,"Haralson, GA",1589,1575,1549,1528,1512,1499,1481,1458
13145,"Harris, GA",3851,3861,3876,3896,3920,3939,3967,3981
13147,"Hart, GA",1540,1527,1512,1492,1473,1458,1440,1424
13149,"Heard, GA",735,732,737,735,736,734,731,730
13151,"Henry, GA",18040,18317,18583,18834,19062,19277,19479,19661
13153,"Houston, GA",22197,22156,22129,22083,22051,22006,21941,21883
13155,"Irwin, GA",526,522,517,515,512,510,508,505
13157,"Jackson, GA",3963,3968,3976,4010,4033,4039,4039,4035
13159,"Jasper, GA",844,829,816,805,796,787,781,770
13161,"Jeff Davis, GA",828,831,832,847,862,872,879,881
13163,"Jefferson, GA",971,965,960,948,939,931,924,918
13165,"Jenkins, GA",484,476,467,460,451,450,441,434
13167,"Johnson, GA",454,449,444,437,430,425,419,416
13169,"Jones, GA",2042,2032,2019,2014,1996,1973,1955,1934
13171,"Lamar, GA",1183,1183,1175,1169,1157,1140,1133,1120
13173,"Lanier, GA",844,842,836,829,822,822,822,816
13175,"Laurens, GA",3342,3266,3195,3116,3039,2973,2907,2850
13177,"Lee, GA",2462,2456,2425,2408,2388,2368,2347,2323
13179,"Liberty, GA",14660,14437,14235,14087,13926,13795,13661,13519
13181,"Lincoln, GA",606,583,561,544,523,504,487,474
13183,"Long, GA",2890,2882,2882,2889,2900,2898,2904,2909
13185,"Lowndes, GA",10054,9869,9715,9555,9413,9322,9238,9132
13187,"Lumpkin, GA",2187,2154,2116,2067,2044,2015,1992,1974
13189,"McDuffie, GA",1611,1581,1548,1523,1504,1487,1458,1428
13191,"McIntosh, GA",927,889,853,819,786,752,720,692
13193,"Macon, GA",643,623,606,588,571,557,541,524
13195,"Madison, GA",1516,1478,1447,1411,1373,1341,1302,1264
13197,"Marion, GA",630,613,596,579,563,550,535,523
13199,"Meriwether, GA",1307,1286,1264,1241,1220,1197,1176,1158
13201,"Miller, GA",294,291,280,276,272,269,263,260
13205,"Mitchell, GA",1224,1197,1177,1155,1133,1111,1095,1080
13207,"Monroe, GA",1703,1668,1639,1614,1588,1567,1541,1516
13209,"Montgomery, GA",433,431,427,425,419,413,411,407
13211,"Morgan, GA",962,938,914,888,863,841,820,802
13213,"Murray, GA",1575,1530,1488,1443,1406,1366,1328,1292
13215,"Muscogee, GA",22518,22353,22196,22035,21873,21727,21582,21425
13217,"Newton, GA",7241,7279,7316,7363,7401,7440,7462,7474
13219,"Oconee, GA",1929,1932,1938,1947,1958,1974,1972,1969
13221,"Oglethorpe, GA",922,915,905,893,882,877,868,864
13223,"Paulding, GA",10145,10279,10400,10541,10693,10824,10949,11063
13225,"Peach, GA",2399,2362,2319,2274,2223,2177,2135,2090
13227,"Pickens, GA",2074,2040,1995,1960,1923,1887,1858,1830
13229,"Pierce, GA",1214,1193,1170,1149,1131,1113,1097,1077
13231,"Pike, GA",1379,1388,1399,1405,1424,1440,1452,1466
13233,"Polk, GA",2052,1996,1939,1884,1824,1769,1716,1664
13235,"Pulaski, GA",825,824,820,827,827,826,821,815
13237,"Putnam, GA",1556,1540,1515,1495,1473,1457,1438,1410
13239,"Quitman, GA",231,229,223,216,209,205,198,194
13241,"Rabun, GA",1244,1230,1229,1223,1217,1211,1200,1183
13243,"Randolph, GA",288,281,272,261,250,241,232,223
13245,"Richmond, GA",24191,23856,23525,23190,22847,22508,22195,21861
13247,"Rockdale, GA",6314,6280,6249,6208,6172,6134,6103,6078
13249,"Schley, GA",201,198,193,187,182,178,174,168
13251,"Screven, GA",852,828,810,786,762,740,719,697
13253,"Seminole, GA",549,527,509,490,468,453,436,421
13255,"Spalding, GA",4834,4788,4749,4692,4643,4599,4547,4501
13257,"Stephens, GA",1627,1607,1592,1572,1557,1538,1515,1494
13259,"Stewart, GA",244,247,246,245,243,241,240,240
13261,"Sumter, GA",1593,1562,1536,1515,1487,1458,1430,1403
13263,"Talbot, GA",554,550,548,539,528,523,515,515
13265,"Taliaferro, GA",133,135,138,137,133,131,127,125
13267,"Tattnall, GA",1404,1385,1367,1342,1325,1310,1295,1277
13269,"Taylor, GA",467,458,450,444,438,429,424,415
13271,"Telfair, GA",612,609,606,601,599,594,587,588
13273,"Terrell, GA",588,577,567,555,547,539,533,522
13275,"Thomas, GA",2927,2872,2818,2769,2728,2688,2656,2621
13277,"Tift, GA",2114,2062,2012,1963,1919,1881,1845,1807
13279,"Toombs, GA",1579,1544,1514,1484,1457,1437,1414,1392
13281,"Towns, GA",1146,1140,1131,1120,1112,1105,1084,1068
13283,"Treutlen, GA",358,349,339,328,315,305,296,289
13285,"Troup, GA",3809,3761,3721,3676,3636,3592,3547,3507
13287,"Turner, GA",504,494,482,471,458,447,435,424
13289,"Twiggs, GA",666,660,649,642,634,631,620,610
13291,"Union, GA",2575,2589,2598,2627,2651,2670,2683,2685
13293,"Upson, GA",1709,1678,1653,1629,1604,1584,1553,1523
13295,"Walker, GA",3332,3293,3256,3219,3176,3132,3090,3050
13297,"Walton, GA",4907,4892,4880,4853,4835,4823,4820,4829
13299,"Ware, GA",2116,2052,1985,1921,1857,1794,1737,1683
13301,"Warren, GA",300,295,288,281,275,269,263,260
13303,"Washington, GA",1187,1172,1162,1156,1147,1138,1131,1123
13305,"Wayne, GA",2050,1997,1948,1905,1859,1814,1768,1723
13307,"Webster, GA",100,101,99,95,93,90,88,86
13309,"Wheeler, GA",367,366,366,365,364,365,363,366
13311,"White, GA",1899,1875,1860,1839,1821,1806,1781,1759
13313,"Whitfield, GA",4312,4203,4088,3980,3892,3792,3697,3611
13315,"Wilcox, GA",361,346,334,321,309,300,290,279
13317,"Wilkes, GA",629,616,600,587,576,557,542,527
13319,"Wilkinson, GA",548,532,516,504,491,476,466,457
13321,"Worth, GA",1239,1213,1190,1166,1143,1122,1100,1075
15001,"Hawaii, HI",12631,12315,12011,11703,11405,11118,10830,10556
15003,"Honolulu, HI",85827,83615,81506,79529,77641,75874,74175,72554
15005,"Kalawao, HI",15,15,16,16,17,17,16,16
15007,"Kauai, HI",4538,4468,4413,4355,4315,4273,4223,4168
15009,"Maui, HI",8334,8112,7903,7700,7515,7330,7172,7024
16001,"Ada, ID",33173,33324,33477,33601,33700,33771,33778,33766
16003,"Adams, ID",434,427,420,413,401,385,373,359
16005,"Bannock, ID",4918,4867,4819,4771,4722,4679,4645,4604
16007,"Bear Lake, ID",345,339,329,317,307,296,283,270
16009,"Benewah, ID",966,952,935,920,899,875,857,837
16011,"Bingham, ID",2394,2375,2350,2321,2292,2258,2221,2185
16013,"Blaine, ID",944,929,902,880,859,830,813,787
16015,"Boise, ID",901,877,857,834,815,794,774,757
16017,"Bonner, ID",4387,4321,4265,4187,4128,4056,3995,3931
16019,"Bonneville, ID",7055,7042,7023,7002,6976,6937,6889,6817
16021,"Boundary, ID",1075,1042,1014,989,957,931,905,882
16023,"Butte, ID",209,202,195,191,184,180,175,167
16025,"Camas, ID",86,93,97,96,97,98,100,101
16027,"Canyon, ID",15136,15215,15308,15390,15451,15519,15584,15657
16029,"Caribou, ID",330,324,316,304,291,278,267,256
16031,"Cassia, ID",942,935,921,908,896,884,866,849
16033,"Clark, ID",15,23,23,22,22,22,21,21
16035,"Clearwater, ID",878,853,827,805,779,748,724,703
16037,"Custer, ID",398,397,391,386,375,367,362,361
16039,"Elmore, ID",4991,4869,4749,4655,4550,4456,4352,4247
16041,"Franklin, ID",491,482,471,461,450,438,425,413
16043,"Fremont, ID",619,599,583,568,550,532,515,499
16045,"Gem, ID",1698,1646,1600,1551,1509,1466,1428,1389
16047,"Gooding, ID",900,883,862,830,812,793,778,761
16049,"Idaho, ID",1480,1442,1412,1387,1347,1307,1270,1242
16051,"Jefferson, ID",1222,1209,1197,1185,1173,1158,1146,1134
16053,"Jerome, ID",1074,1042,1017,996,969,942,921,903
16055,"Kootenai, ID",14617,14770,14902,15038,15191,15349,15492,15617
16057,"Latah, ID",2268,2229,2187,2149,2107,2064,2025,1994
16059,"Lemhi, ID",748,732,713,691,672,649,634,617
16061,"Lewis, ID",378,365,355,340,328,317,306,294
16063,"Lincoln, ID",232,231,226,222,217,213,207,200
16065,"Madison, ID",940,949,962,980,1003,1015,1029,1037
16067,"Minidoka, ID",937,913,887,862,839,819,796,774
16069,"Nez Perce, ID",3234,3216,3183,3147,3109,3090,3070,3047
16071,"Oneida, ID",323,318,316,305,305,306,297,291
16073,"Owyhee, ID",740,724,708,693,674,661,646,630
16075,"Payette, ID",1937,1921,1907,1896,1882,1862,1850,1837
16077,"Power, ID",309,299,290,279,270,259,250,241
16079,"Shoshone, ID",1188,1172,1149,1131,1112,1096,1074,1056
16081,"Teton, ID",369,373,378,384,387,390,390,388
16083,"Twin Falls, ID",5164,5077,5007,4929,4849,4781,4703,4633
16085,"Valley, ID",988,972,955,939,930,917,894,877
16087,"Washington, ID",847,828,810,791,772,751,738,721
17001,"Adams, IL",4229,4164,4083,4008,3944,3900,3850,3803
17003,"Alexander, IL",392,372,352,336,320,303,288,275
17005,"Bond, IL",978,952,929,908,888,874,859,845
17007,"Boone, IL",2375,2334,2300,2269,2239,2209,2186,2171
17009,"Brown, IL",304,295,286,277,270,263,257,249
17011,"Bureau, IL",1851,1796,1746,1699,1661,1621,1581,1548
17013,"Calhoun, IL",344,337,327,318,308,302,293,288
17015,"Carroll, IL",1154,1124,1096,1065,1045,1025,1005,978
17017,"Cass, IL",666,643,620,597,577,558,541,524
17019,"Champaign, IL",8356,8127,7909,7695,7499,7329,7181,7030
17021,"Christian, IL",2142,2081,2026,1975,1936,1894,1854,1813
17023,"Clark, IL",1006,983,956,932,908,888,871,856
17025,"Clay, IL",899,880,863,845,828,817,798,781
17027,"Clinton, IL",2521,2473,2435,2397,2367,2342,2310,2279
17029,"Coles, IL",2792,2723,2665,2614,2573,2535,2492,2449
17031,"Cook, IL",147336,142449,137773,133292,129108,125202,121464,117710
17033,"Crawford, IL",1124,1095,1070,1051,1028,1009,994,979
17035,"Cumberland, IL",643,622,599,580,561,548,536,521
17037,"De Kalb, IL",4632,4574,4519,4474,4443,4407,4395,4383
17039,"De Witt, IL",1003,983,964,950,934,924,908,897
17041,"Douglas, IL",1065,1041,1018,994,977,952,922,896
17043,"Du Page, IL",26422,25587,24779,24014,23301,22577,21873,21173
17045,"Edgar, IL",1033,994,957,923,895,866,837,808
17047,"Edwards, IL",369,361,350,341,334,325,315,307
17049,"Effingham, IL",2033,2018,2005,1989,1980,1974,1961,1945
17051,"Fayette, IL",1133,1099,1068,1041,1015,997,977,954
17053,"Ford, IL",750,730,709,695,681,674,665,656
17055,"Franklin, IL",2815,2744,2687,2635,2581,2541,2506,2472
17057,"Fulton, IL",2199,2149,2099,2053,2013,1972,1936,1896
17059,"Gallatin, IL",352,341,329,317,311,307,299,288
17061,"Greene, IL",837,814,795,777,760,738,720,706
17063,"Grundy, IL",2615,2597,2580,2566,2565,2551,2553,2551
17065,"Hamilton, IL",415,406,398,388,381,368,355,346
17067,"Hancock, IL",1190,1146,1095,1049,1009,979,948,914
17069,"Hardin, IL",305,301,289,280,270,269,263,256
17071,"Henderson, IL",535,522,506,488,475,466,457,444
17073,"Henry, IL",2979,2896,2821,2753,2687,2632,2579,2534
17075,"Iroquois, IL",1561,1509,1445,1391,1353,1309,1272,1233
17077,"Jackson, IL",3509,3411,3321,3239,3175,3120,3077,3031
17079,"Jasper, IL",497,489,485,477,474,467,462,458
17081,"Jefferson, IL",2317,2235,2155,2082,2018,1961,1911,1859
17083,"Jersey, IL",1428,1394,1360,1327,1285,1250,1222,1198
17085,"Jo Daviess, IL",1431,1379,1333,1284,1241,1204,1166,1130
17087,"Johnson, IL",912,884,857,833,811,791,772,752
17089,"Kane, IL",16759,16522,16320,16130,15930,15734,15542,15345
17091,"Kankakee, IL",5010,4889,4782,4685,4592,4514,4433,4349
17093,"Kendall, IL",4468,4409,4368,4330,4300,4270,4246,4224
17095,"Knox, IL",3206,3088,2988,2885,2786,2696,2616,2542
17097,"Lake, IL",123971,120161,116359,112343,108067,103611,99238,95108
17099,"La Salle, IL",5685,5509,5348,5199,5053,4934,4829,4730
17101,"Lawrence, IL",887,878,869,861,852,842,837,827
17103,"Lee, IL",2155,2103,2052,2000,1967,1929,1891,1849
17105,"Livingston, IL",2093,2041,1985,1927,1884,1847,1820,1792
17107,"Logan, IL",1570,1519,1473,1425,1378,1335,1290,1248
17109,"McDonough, IL",1757,1695,1637,1588,1556,1528,1505,1481
17111,"McHenry, IL",12766,12569,12376,12177,11988,11824,11678,11567
17113,"McLean, IL",7631,7458,7314,7178,7057,6943,6812,6684
17115,"Macon, IL",6447,6234,6032,5845,5674,5512,5353,5192
17117,"Macoupin, IL",3156,3056,2958,2867,2773,2688,2604,2532
17119,"Madison, IL",18684,18131,17605,17142,16669,16257,15845,15436
17121,"Marion, IL",2555,2498,2449,2407,2369,2334,2297,2263
17123,"Marshall, IL",815,785,757,735,714,698,681,672
17125,"Mason, IL",982,955,920,890,860,837,815,793
17127,"Massac, IL",938,914,886,859,835,813,795,776
17129,"Menard, IL",1012,986,963,943,930,919,905,886
17131,"Mercer, IL",1125,1097,1070,1045,1021,997,973,952
17133,"Monroe, IL",2198,2178,2159,2140,2137,2142,2136,2132
17135,"Montgomery, IL",1904,1856,1810,1764,1722,1688,1661,1638
17137,"Morgan, IL",2241,2190,2145,2101,2066,2030,1991,1953
17139,"Moultrie, IL",806,781,756,734,713,697,677,658
17141,"Ogle, IL",3305,3218,3152,3101,3035,2985,2935,2893
17143,"Peoria, IL",9775,9446,9159,8872,8617,8343,8075,7827
17145,"Perry, IL",1334,1305,1271,1242,1222,1198,1175,1156
17147,"Piatt, IL",950,922,894,869,849,822,801,776
17149,"Pike, IL",904,882,861,842,827,809,796,786
17151,"Pope, IL",325,321,315,306,301,296,293,293
17153,"Pulaski, IL",446,434,421,411,400,393,382,370
17155,"Putnam, IL",392,389,384,380,369,362,352,348
17157,"Randolph, IL",1971,1923,1877,1834,1801,1774,1743,1716
17159,"Richland, IL",1005,978,952,927,906,886,868,854
17161,"Rock Island, IL",8936,8666,8401,8140,7902,7682,7476,7279
17163,"Saint Clair, IL",26624,26157,25760,25405,25051,24749,24440,24136
17165,"Saline, IL",1440,1402,1377,1347,1318,1295,1270,1247
17167,"Sangamon, IL",12783,12377,12002,11640,11305,11009,10730,10457
17169,"Schuyler, IL",465,455,440,429,421,412,398,387
17171,"Scott, IL",295,288,279,268,258,249,242,239
17173,"Shelby, IL",1491,1445,1406,1355,1312,1281,1246,1217
17175,"Stark, IL",333,325,313,306,299,292,288,280
17177,"Stephenson, IL",2688,2603,2532,2459,2395,2327,2266,2215
17179,"Tazewell, IL",7890,7703,7532,7387,7244,7116,6976,6834
17181,"Union, IL",1137,1084,1037,994,956,922,883,852
17183,"Vermilion, IL",4970,4780,4610,4450,4301,4171,4041,3913
17185,"Wabash, IL",689,675,659,644,631,623,615,606
17187,"Warren, IL",968,950,933,913,895,880,859,841
17189,"Washington, IL",1014,993,978,966,950,932,908,889
17191,"Wayne, IL",900,864,827,794,761,733,705,676
17193,"White, IL",891,863,849,835,817,801,792,781
17195,"Whiteside, IL",3718,3624,3534,3445,3363,3279,3193,3114
17197,"Will, IL",26528,26162,25846,25579,25356,25114,24903,24696
17199,"Williamson, IL",5573,5462,5377,5320,5241,5160,5087,5013
17201,"Winnebago, IL",15183,14746,14303,13893,13498,13111,12721,12355
17203,"Woodford, IL",2038,1984,1925,1870,1821,1778,1735,1691
18001,"Adams, IN",1251,1209,1170,1127,1086,1049,1009,973
18003,"Allen, IN",20017,19784,19556,19333,19104,18858,18622,18378
18005,"Bartholomew, IN",4396,4279,4173,4069,3958,3856,3765,3677
18007,"Benton, IN",482,478,476,468,460,452,446,439
18009,"Blackford, IN",863,840,816,791,763,737,712,687
18011,"Boone, IN",2688,2661,2631,2601,2572,2540,2501,2465
18013,"Brown, IN",1169,1124,1088,1050,1017,982,946,908
18015,"Carroll, IN",1298,1284,1263,1246,1227,1202,1178,1151
18017,"Cass, IN",2257,2216,2176,2135,2094,2051,2007,1973
18019,"Clark, IN",7961,7768,7563,7376,7206,7044,6888,6727
18021,"Clay, IN",1813,1790,1766,1747,1717,1688,1667,1636
18023,"Clinton, IN",1630,1575,1529,1482,1430,1382,1335,1295
18025,"Crawford, IN",816,801,794,777,765,757,736,729
18027,"Daviess, IN",1600,1560,1524,1488,1454,1416,1383,1348
18029,"Dearborn, IN",3304,3266,3243,3219,3184,3137,3091,3061
18031,"Decatur, IN",1454,1425,1406,1385,1360,1343,1324,1309
18033,"De Kalb, IN",2363,2299,2231,2169,2100,2039,1979,1920
18035,"Delaware, IN",6525,6337,6145,5961,5810,5663,5531,5403
18037,"Dubois, IN",2146,2105,2062,2021,1973,1923,1881,1840
18039,"Elkhart, IN",7988,7811,7625,7447,7264,7072,6885,6707
18041,"Fayette, IN",1610,1578,1546,1507,1468,1430,1397,1365
18043,"Floyd, IN",4826,4679,4540,4397,4247,4103,3977,3855
18045,"Fountain, IN",1110,1091,1081,1060,1040,1018,1002,983
18047,"Franklin, IN",1284,1274,1269,1259,1244,1224,1207,1188
18049,"Fulton, IN",1198,1165,1132,1104,1075,1047,1015,985
18051,"Gibson, IN",1975,1927,1892,1860,1821,1786,1758,1738
18053,"Grant, IN",4949,4830,4706,4588,4480,4376,4279,4175
18055,"Greene, IN",2276,2238,2197,2152,2107,2053,2011,1967
18057,"Hamilton, IN",14501,14394,14309,14231,14154,14061,13946,13827
18059,"Hancock, IN",5190,5100,4996,4915,4864,4795,4711,4631
18061,"Harrison, IN",2787,2755,2726,2695,2664,2626,2602,2586
18063,"Hendricks, IN",9311,9119,8959,8779,8587,8400,8204,8029
18065,"Henry, IN",3258,3232,3199,3169,3135,3113,3085,3044
18067,"Howard, IN",5981,5785,5600,5428,5253,5082,4917,4762
18069,"Huntington, IN",2238,2217,2193,2160,2129,2101,2069,2037
18071,"Jackson, IN",2248,2228,2199,2178,2154,2129,2099,2074
18073,"Jasper, IN",1860,1838,1817,1799,1770,1743,1722,1701
18075,"Jay, IN",1118,1103,1091,1078,1065,1048,1029,1011
18077,"Jefferson, IN",1951,1878,1811,1743,1676,1618,1562,1504
18079,"Jennings, IN",1838,1807,1785,1754,1726,1685,1645,1610
18081,"Johnson, IN",9223,9019,8835,8646,8451,8252,8048,7854
18083,"Knox, IN",2151,2069,1986,1903,1828,1761,1692,1622
18085,"Kosciusko, IN",4282,4225,4186,4146,4091,4042,3996,3947
18087,"Lagrange, IN",1127,1092,1051,1017,985,950,920,892
18089,"Lake, IN",25482,24846,24222,23556,22881,22259,21676,21080
18091,"La Porte, IN",6450,6348,6256,6175,6092,5990,5864,5738
18093,"Lawrence, IN",3432,3360,3292,3237,3174,3112,3054,2996
18095,"Madison, IN",8529,8397,8251,8113,7983,7843,7680,7512
18097,"Marion, IN",50781,49446,48093,46783,45456,44173,42908,41626
18099,"Marshall, IN",2082,1994,1915,1836,1757,1681,1606,1535
18101,"Martin, IN",850,846,836,826,818,810,806,798
18103,"Miami, IN",3013,2967,2914,2854,2801,2747,2688,2625
18105,"Monroe, IN",5764,5645,5523,5396,5299,5227,5167,5100
18107,"Montgomery, IN",2329,2286,2242,2189,2139,2085,2044,2007
18109,"Morgan, IN",5391,5326,5254,5181,5120,5081,5023,4947
18111,"Newton, IN",937,935,930,927,916,902,889,881
18113,"Noble, IN",2405,2387,2371,2357,2348,2331,2306,2273
18115,"Ohio, IN",451,433,415,399,385,367,353,339
18117,"Orange, IN",1187,1159,1123,1094,1063,1030,998,969
18119,"Owen, IN",1654,1640,1631,1629,1616,1610,1602,1593
18121,"Parke, IN",1066,1033,1009,985,964,947,926,904
18123,"Perry, IN",1233,1232,1233,1229,1221,1218,1213,1210
18125,"Pike, IN",794,785,775,759,745,734,720,701
18127,"Porter, IN",9519,9469,9426,9382,9372,9324,9274,9211
18129,"Posey, IN",1494,1442,1403,1356,1315,1272,1231,1196
18131,"Pulaski, IN",690,673,651,628,604,582,562,540
18133,"Putnam, IN",2357,2343,2331,2311,2290,2265,2234,2209
18135,"Randolph, IN",1678,1658,1639,1621,1599,1579,1559,1537
18137,"Ripley, IN",1710,1682,1657,1622,1589,1560,1519,1491
18139,"Rush, IN",965,952,933,910,893,872,854,830
18141,"St Joseph, IN",13302,13092,12883,12675,12460,12244,12025,11810
18143,"Scott, IN",1633,1623,1608,1591,1582,1568,1552,1534
18145,"Shelby, IN",2720,2640,2566,2484,2404,2331,2256,2189
18147,"Spencer, IN",1262,1230,1198,1170,1143,1119,1095,1073
18149,"Starke, IN",1432,1406,1391,1371,1352,1318,1296,1278
18151,"Steuben, IN",2090,2076,2065,2049,2025,2007,1984,1966
18153,"Sullivan, IN",1294,1273,1253,1236,1216,1197,1175,1151
18155,"Switzerland, IN",659,648,637,628,622,611,601,590
18157,"Tippecanoe, IN",7661,7440,7219,7021,6841,6679,6532,6395
18159,"Tipton, IN",887,860,834,809,782,755,730,704
18161,"Union, IN",489,481,465,455,445,438,429,415
18163,"Vanderburgh, IN",10898,10698,10506,10310,10108,9932,9738,9547
18165,"Vermillion, IN",976,947,916,887,859,827,798,772
18167,"Vigo, IN",6772,6620,6469,6329,6208,6086,5939,5780
18169,"Wabash, IN",1825,1789,1748,1710,1672,1635,1595,1556
18171,"Warren, IN",523,505,491,473,460,444,431,416
18173,"Warrick, IN",3001,2938,2878,2826,2777,2732,2682,2628
18175,"Washington, IN",1731,1676,1624,1570,1514,1457,1406,1361
18177,"Wayne, IN",4527,4409,4291,4165,4043,3924,3813,3700
18179,"Wells, IN",1540,1517,1491,1466,1450,1428,1399,1368
18181,"White, IN",1617,1578,1539,1505,1468,1429,1389,1350
18183,"Whitley, IN",1967,1926,1886,1851,1817,1786,1752,1712
19001,"Adair, IA",456,433,417,402,385,371,355,342
19003,"Adams, IA",255,252,245,240,232,226,218,213
19005,"Allamakee, IA",864,832,806,774,746,722,699,676
19007,"Appanoose, IA",865,846,824,805,783,757,727,706
19009,"Audubon, IA",363,352,337,325,310,296,284,272
19011,"Benton, IA",1567,1518,1474,1432,1388,1351,1312,1275
19013,"Black Hawk, IA",6474,6226,6019,5826,5654,5482,5304,5131
19015,"Boone, IA",1740,1680,1622,1570,1515,1461,1405,1355
19017,"Bremer, IA",1443,1406,1374,1340,1308,1281,1253,1224
19019,"Buchanan, IA",1179,1144,1104,1071,1031,1000,973,948
19021,"Buena Vista, IA",805,773,738,711,685,656,627,599
19023,"Butler, IA",886,867,852,835,818,800,783,761
19025,"Calhoun, IA",622,612,608,602,590,576,565,552
19027,"Carroll, IA",1061,1023,991,960,929,898,865,836
19029,"Cass, IA",867,848,830,812,794,775,755,733
19031,"Cedar, IA",1199,1176,1146,1123,1095,1067,1040,1012
19033,"Cerro Gordo, IA",2713,2595,2495,2394,2297,2200,2109,2025
19035,"Cherokee, IA",727,707,684,660,637,619,600,580
19037,"Chickasaw, IA",704,673,643,613,585,560,537,512
19039,"Clarke, IA",637,629,620,613,600,589,577,568
19041,"Clay, IA",1098,1070,1039,1015,994,971,945,917
19043,"Clayton, IA",1081,1044,1008,972,942,911,875,843
19045,"Clinton, IA",3181,3051,2937,2827,2720,2628,2535,2452
19047,"Crawford, IA",750,733,716,698,677,655,634,617
19049,"Dallas, IA",4173,4169,4173,4164,4161,4161,4154,4141
19051,"Davis, IA",399,386,367,349,334,320,306,292
19053,"Decatur, IA",425,414,400,388,378,366,353,341
19055,"Delaware, IA",832,801,772,746,723,698,672,646
19057,"Des Moines, IA",2809,2679,2552,2431,2319,2218,2122,2037
19059,"Dickinson, IA",1190,1156,1115,1068,1032,1008,976,948
19061,"Dubuque, IA",5240,5162,5058,4953,4839,4727,4624,4517
19063,"Emmet, IA",535,522,507,491,471,454,438,424
19065,"Fayette, IA",1185,1165,1137,1105,1075,1048,1025,1001
19067,"Floyd, IA",1081,1061,1046,1022,1002,972,945,919
19069,"Franklin, IA",529,521,514,505,496,490,480,470
19071,"Fremont, IA",496,472,450,428,410,392,374,356
19073,"Greene, IA",541,524,510,493,473,457,443,430
19075,"Grundy, IA",652,635,615,598,580,566,550,537
19077,"Guthrie, IA",694,671,650,629,608,587,565,544
19079,"Hamilton, IA",875,836,802,768,736,711,688,666
19081,"Hancock, IA",674,662,653,634,620,605,591,577
19083,"Hardin, IA",1153,1125,1102,1078,1052,1017,989,965
19085,"Harrison, IA",1032,1009,982,953,927,899,878,855
19087,"Henry, IA",1313,1280,1250,1223,1199,1178,1151,1131
19089,"Howard, IA",559,541,528,508,491,472,453,438
19091,"Humboldt, IA",602,582,559,536,514,495,478,464
19093,"Ida, IA",378,365,348,330,315,301,286,272
19095,"Iowa, IA",906,884,862,842,821,797,777,757
19097,"Jackson, IA",1328,1288,1252,1232,1202,1172,1137,1097
19099,"Jasper, IA",2197,2116,2044,1987,1925,1854,1787,1726
19101,"Jefferson, IA",898,894,890,895,900,896,900,897
19103,"Johnson, IA",6465,6272,6099,5926,5771,5622,5477,5328
19105,"Jones, IA",1403,1370,1344,1315,1282,1243,1211,1186
19107,"Keokuk, IA",620,604,585,568,553,541,527,513
19109,"Kossuth, IA",966,934,901,870,843,814,788,757
19111,"Lee, IA",2458,2389,2319,2243,2185,2125,2068,2006
19113,"Linn, IA",13785,13524,13289,13080,12872,12652,12413,12191
19115,"Louisa, IA",555,530,506,479,456,432,409,389
19117,"Lucas, IA",606,586,569,555,537,517,495,479
19119,"Lyon, IA",587,569,546,521,500,479,462,443
19121,"Madison, IA",922,919,909,899,891,885,875,863
19123,"Mahaska, IA",1096,1062,1033,1001,971,934,898,867
19125,"Marion, IA",1860,1825,1798,1773,1748,1717,1686,1651
19127,"Marshall, IA",2609,2587,2549,2508,2451,2404,2352,2307
19129,"Mills, IA",1271,1257,1245,1233,1219,1206,1195,1178
19131,"Mitchell, IA",679,668,655,638,620,608,595,581
19133,"Monona, IA",691,666,642,619,594,573,548,528
19135,"Monroe, IA",459,448,436,429,416,404,392,380
19137,"Montgomery, IA",662,646,630,616,598,578,564,545
19139,"Muscatine, IA",2292,2227,2177,2123,2072,2035,1991,1951
19141,"O'Brien, IA",783,764,739,717,698,675,655,632
19143,"Osceola, IA",383,369,356,344,334,325,315,303
19145,"Page, IA",1078,1052,1027,1006,986,966,945,924
19147,"Palo Alto, IA",567,546,526,500,479,461,441,425
19149,"Plymouth, IA",1646,1611,1582,1548,1505,1463,1423,1389
19151,"Pocahontas, IA",456,440,423,404,386,369,352,337
19153,"Polk, IA",25047,24582,24097,23620,23144,22671,22245,21785
19155,"Pottawattamie, IA",6425,6280,6138,5986,5840,5704,5570,5441
19157,"Poweshiek, IA",1059,1037,1015,993,975,959,939,918
19159,"Ringgold, IA",253,245,236,227,218,209,200,194
19161,"Sac, IA",604,597,586,577,567,558,545,534
19163,"Scott, IA",11768,11531,11310,11103,10903,10664,10412,10149
19165,"Shelby, IA",769,752,732,713,694,679,664,644
19167,"Sioux, IA",1174,1140,1111,1085,1052,1022,990,964
19169,"Story, IA",4268,4171,4082,3976,3884,3810,3739,3673
19171,"Tama, IA",1048,1030,1010,993,968,948,931,913
19173,"Taylor, IA",385,372,358,345,334,324,312,302
19175,"Union, IA",825,804,786,761,740,723,711,699
19177,"Van Buren, IA",548,521,497,475,455,434,415,395
19179,"Wapello, IA",1927,1851,1784,1711,1641,1580,1525,1468
19181,"Warren, IA",3372,3306,3235,3186,3127,3063,3001,2950
19183,"Washington, IA",1296,1272,1251,1231,1215,1198,1179,1156
19185,"Wayne, IA",346,333,316,299,285,272,259,246
19187,"Webster, IA",2197,2130,2052,1977,1903,1835,1774,1712
19189,"Winnebago, IA",557,534,511,491,472,453,434,416
19191,"Winneshiek, IA",995,969,938,903,872,845,822,797
19193,"Woodbury, IA",6302,6061,5824,5578,5349,5136,4941,4758
19195,"Worth, IA",549,535,516,501,489,483,470,456
19197,"Wright, IA",788,772,756,744,726,705,684,665
20001,"Allen, KS",828,798,772,745,717,693,669,644
20003,"Anderson, KS",441,427,412,397,381,368,354,343
20005,"Atchison, KS",923,903,879,855,831,805,783,763
20007,"Barber, KS",247,243,236,224,217,209,202,194
20009,"Barton, KS",1480,1479,1459,1446,1423,1408,1396,1385
20011,"Bourbon, KS",844,829,810,791,771,754,734,715
20013,"Brown, KS",724,702,679,653,631,608,588,572
20015,"Butler, KS",4628,4598,4550,4516,4468,4426,4384,4330
20017,"Chase, KS",132,132,126,121,115,110,105,101
20019,"Chautauqua, KS",251,249,242,239,236,231,223,219
20021,"Cherokee, KS",1129,1107,1085,1063,1045,1024,1006,987
20023,"Cheyenne, KS",95,95,91,85,81,77,74,70
20025,"Clark, KS",145,147,145,144,141,136,136,132
20027,"Clay, KS",833,814,792,777,763,748,728,711
20029,"Cloud, KS",512,495,474,455,436,418,402,386
20031,"Coffey, KS",624,617,607,594,581,570,558,547
20033,"Comanche, KS",78,82,80,79,77,75,72,73
20035,"Cowley, KS",2288,2251,2213,2179,2152,2108,2066,2038
20037,"Crawford, KS",1993,1924,1864,1802,1744,1697,1646,1604
20039,"Decatur, KS",141,137,129,122,115,108,101,96
20041,"Dickinson, KS",2082,2049,2021,1985,1950,1922,1895,1871
20043,"Doniphan, KS",475,457,440,424,407,391,377,358
20045,"Douglas, KS",5480,5420,5378,5325,5287,5245,5202,5165
20047,"Edwards, KS",163,161,157,151,148,143,140,135
20049,"Elk, KS",159,152,146,138,131,124,118,111
20051,"Ellis, KS",1143,1104,1062,1022,984,950,913,877
20053,"Ellsworth, KS",405,401,398,392,384,381,375,369
20055,"Finney, KS",1089,1071,1047,1019,996,972,953,932
20057,"Ford, KS",955,931,910,885,863,846,833,815
20059,"Franklin, KS",1755,1751,1739,1721,1714,1691,1681,1673
20061,"Geary, KS",7926,7829,7740,7669,7623,7593,7575,7556
20063,"Gove, KS",118,123,120,118,117,115,113,109
20065,"Graham, KS",138,133,127,121,117,112,108,104
20067,"Grant, KS",171,167,161,154,148,141,136,130
20069,"Gray, KS",187,181,176,169,163,158,153,147
20071,"Greeley, KS",53,54,52,52,51,51,50,51
20073,"Greenwood, KS",458,438,424,409,394,378,365,351
20075,"Hamilton, KS",83,89,89,87,88,84,82,84
20077,"Harper, KS",288,277,264,252,241,232,223,215
20079,"Harvey, KS",1853,1817,1794,1765,1732,1706,1671,1639
20081,"Haskell, KS",64,70,68,67,64,63,62,60
20083,"Hodgeman, KS",94,99,97,93,92,90,87,87
20085,"Jackson, KS",1042,1027,1017,999,981,968,954,943
20087,"Jefferson, KS",1417,1389,1367,1349,1334,1322,1305,1284
20089,"Jewell, KS",203,197,185,175,166,154,146,138
20091,"Johnson, KS",27769,27433,27130,26734,26374,25923,25499,25018
20093,"Kearny, KS",120,121,120,116,113,112,109,107
20095,"Kingman, KS",423,415,406,396,387,377,372,363
20097,"Kiowa, KS",110,110,107,100,96,92,87,83
20099,"Labette, KS",1159,1124,1096,1064,1037,1008,976,951
20101,"Lane, KS",110,113,116,115,115,112,113,112
20103,"Leavenworth, KS",12409,12307,12231,12180,12092,12021,11925,11851
20105,"Lincoln, KS",214,214,208,207,210,211,209,202
20107,"Linn, KS",644,622,605,586,566,545,523,504
20109,"Logan, KS",117,115,112,107,102,97,94,91
20111,"Lyon, KS",1685,1642,1593,1547,1510,1474,1440,1403
20113,"McPherson, KS",1513,1480,1452,1421,1391,1355,1321,1286
20115,"Marion, KS",632,614,599,583,567,549,534,519
20117,"Marshall, KS",598,576,551,533,515,498,479,460
20119,"Meade, KS",158,159,158,158,158,156,155,152
20121,"Miami, KS",2007,1995,1973,1947,1919,1903,1885,1870
20123,"Mitchell, KS",302,292,280,267,257,248,239,228
20125,"Montgomery, KS",2051,1965,1880,1807,1740,1673,1612,1553
20127,"Morris, KS",515,503,490,478,467,457,447,438
20129,"Morton, KS",71,73,71,69,67,66,64,62
20131,"Nemaha, KS",409,392,374,360,346,331,318,305
20133,"Neosho, KS",894,877,865,846,832,818,803,787
20135,"Ness, KS",130,126,122,116,110,106,102,98
20137,"Norton, KS",258,250,242,234,227,218,212,204
20139,"Osage, KS",1290,1260,1235,1208,1180,1160,1131,1105
20141,"Osborne, KS",195,190,181,171,162,155,147,140
20143,"Ottawa, KS",336,329,319,313,305,296,290,282
20145,"Pawnee, KS",375,366,357,349,341,331,324,318
20147,"Phillips, KS",279,271,261,253,245,241,234,225
20149,"Pottawatomie, KS",2018,2016,2022,2027,2029,2037,2036,2040
20151,"Pratt, KS",506,495,485,474,463,454,445,437
20153,"Rawlins, KS",148,149,145,142,142,136,134,130
20155,"Reno, KS",3440,3318,3211,3101,2983,2876,2769,2669
20157,"Republic, KS",308,300,291,282,273,265,255,248
20159,"Rice, KS",519,512,505,499,489,479,471,462
20161,"Riley, KS",7559,7331,7142,6992,6845,6714,6571,6438
20163,"Rooks, KS",279,271,262,254,242,233,223,214
20165,"Rush, KS",227,223,218,211,209,202,196,189
20167,"Russell, KS",465,459,452,446,437,428,418,409
20169,"Saline, KS",3467,3399,3339,3279,3210,3145,3079,3020
20171,"Scott, KS",184,184,181,177,174,170,166,163
20173,"Sedgwick, KS",33743,32883,32059,31295,30508,29765,29021,28287
20175,"Seward, KS",479,464,447,432,417,404,393,378
20177,"Shawnee, KS",12759,12393,12061,11718,11400,11089,10779,10472
20179,"Sheridan, KS",119,119,115,113,110,108,104,100
20181,"Sherman, KS",269,266,260,256,249,243,237,230
20183,"Smith, KS",278,279,276,272,269,262,258,254
20185,"Stafford, KS",208,206,199,194,188,183,182,176
20187,"Stanton, KS",79,86,91,91,89,86,82,79
20189,"Stevens, KS",195,194,192,189,185,184,179,178
20191,"Sumner, KS",1505,1477,1453,1432,1411,1384,1350,1327
20193,"Thomas, KS",343,338,332,326,321,317,310,306
20195,"Trego, KS",188,193,190,188,185,181,177,174
20197,"Wabaunsee, KS",465,452,441,432,423,416,409,403
20199,"Wallace, KS",99,103,106,105,104,103,100,97
20201,"Washington, KS",352,348,337,330,324,317,310,301
20203,"Wichita, KS",66,73,71,70,69,66,66,64
20205,"Wilson, KS",570,554,537,517,498,482,467,451
20207,"Woodson, KS",214,214,209,207,204,200,196,193
20209,"Wyandotte, KS",7310,7054,6810,6585,6352,6147,5959,5784
21001,"Adair, KY",914,907,901,895,887,878,874,869
21003,"Allen, KY",1085,1076,1063,1048,1042,1031,1020,1002
21005,"Anderson, KY",1500,1474,1447,1426,1400,1373,1350,1328
21007,"Ballard, KY",474,472,468,457,445,436,426,416
21009,"Barren, KY",2209,2165,2123,2081,2041,2002,1955,1915
21011,"Bath, KY",550,544,533,525,518,507,498,490
21013,"Bell, KY",1092,1047,1008,965,924,884,844,810
21015,"Boone, KY",7880,7913,7951,8001,8023,8052,8082,8073
21017,"Bourbon, KY",999,969,939,912,885,857,831,804
21019,"Boyd, KY",3275,3200,3116,3026,2947,2872,2803,2733
21021,"Boyle, KY",1645,1631,1609,1592,1576,1557,1538,1521
21023,"Bracken, KY",460,461,455,450,445,438,429,425
21025,"Breathitt, KY",517,511,501,487,475,464,451,441
21027,"Breckinridge, KY",1415,1393,1372,1352,1327,1302,1282,1264
21029,"Bullitt, KY",5352,5360,5351,5347,5365,5362,5352,5342
21031,"Butler, KY",699,683,670,656,640,625,607,593
21033,"Caldwell, KY",754,737,725,709,689,674,661,643
21035,"Calloway, KY",1940,1902,1861,1826,1799,1770,1731,1691
21037,"Campbell, KY",4396,4275,4151,4026,3898,3778,3663,3555
21039,"Carlisle, KY",257,253,250,242,236,232,228,222
21041,"Carroll, KY",589,576,563,549,533,519,503,487
21043,"Carter, KY",1358,1345,1332,1318,1309,1298,1286,1270
21045,"Casey, KY",856,850,841,833,820,811,801,796
21047,"Christian, KY",11319,11222,11166,11144,11148,11165,11150,11131
21049,"Clark, KY",2362,2317,2272,2227,2184,2140,2096,2054
21051,"Clay, KY",704,689,673,661,645,630,618,604
21053,"Clinton, KY",501,506,504,504,512,512,513,516
21055,"Crittenden, KY",462,444,424,403,383,365,348,330
21057,"Cumberland, KY",374,367,363,357,349,342,334,329
21059,"Daviess, KY",5926,5867,5777,5710,5638,5561,5489,5380
21061,"Edmonson, KY",736,721,706,686,668,651,636,620
21063,"Elliott, KY",341,345,346,345,349,346,345,346
21065,"Estill, KY",723,712,702,692,680,668,660,651
21067,"Fayette, KY",15528,15313,15091,14824,14582,14357,14115,13868
21069,"Fleming, KY",716,704,687,671,660,641,624,607
21071,"Floyd, KY",1383,1342,1301,1257,1209,1163,1124,1093
21073,"Franklin, KY",3001,2947,2900,2843,2782,2727,2675,2626
21075,"Fulton, KY",371,357,344,333,321,310,296,285
21077,"Gallatin, KY",466,458,455,449,438,427,416,416
21079,"Garrard, KY",1066,1066,1064,1064,1061,1054,1054,1051
21081,"Grant, KY",1417,1386,1359,1333,1306,1275,1246,1218
21083,"Graves, KY",1947,1924,1909,1888,1871,1850,1827,1808
21085,"Grayson, KY",1461,1425,1388,1347,1307,1267,1227,1192
21087,"Green, KY",623,617,612,603,592,584,572,564
21089,"Greenup, KY",2161,2123,2090,2061,2026,1994,1961,1930
21091,"Hancock, KY",570,567,559,549,551,545,542,537
21093,"Hardin, KY",17930,17611,17321,17019,16728,16445,16149,15849
21095,"Harlan, KY",1186,1135,1087,1040,999,956,922,889
21097,"Harrison, KY",1028,1002,979,957,933,911,889,865
21099,"Hart, KY",1036,1031,1027,1018,1013,1003,995,986
21101,"Henderson, KY",2280,2227,2168,2113,2065,2016,1962,1908
21103,"Henry, KY",910,899,889,870,850,834,819,807
21105,"Hickman, KY",226,220,212,204,195,186,179,172
21107,"Hopkins, KY",2375,2275,2183,2089,1999,1919,1836,1759
21109,"Jackson, KY",536,535,532,529,528,528,527,524
21111,"Jefferson, KY",41956,41083,40189,39327,38416,37503,36591,35665
21113,"Jessamine, KY",2917,2901,2875,2870,2856,2839,2809,2778
21115,"Johnson, KY",945,911,874,838,808,779,748,718
21117,"Kenton, KY",8898,8693,8504,8301,8096,7903,7721,7548
21119,"Knott, KY",505,497,487,477,467,460,452,443
21121,"Knox, KY",1444,1398,1356,1316,1276,1243,1208,1171
21123,"Larue, KY",878,848,823,798,774,752,730,708
21125,"Laurel, KY",3105,3040,2977,2911,2849,2796,2736,2679
21127,"Lawrence, KY",702,688,676,668,655,646,637,626
21129,"Lee, KY",367,370,371,372,374,373,373,372
21131,"Leslie, KY",328,319,310,304,296,290,282,275
21133,"Letcher, KY",805,785,767,746,730,709,694,679
21135,"Lewis, KY",753,743,726,712,702,687,676,659
21137,"Lincoln, KY",1459,1444,1436,1427,1414,1394,1380,1366
21139,"Livingston, KY",505,493,481,467,453,439,426,413
21141,"Logan, KY",1513,1488,1470,1451,1429,1410,1393,1380
21143,"Lyon, KY",671,666,666,652,650,646,641,636
21145,"McCracken, KY",4615,4485,4367,4257,4139,4026,3922,3813
21147,"McCreary, KY",961,944,935,927,917,910,909,907
21149,"McLean, KY",553,549,539,535,531,526,518,509
21151,"Madison, KY",5714,5664,5623,5564,5501,5439,5384,5337
21153,"Magoffin, KY",351,356,356,350,345,339,337,336
21155,"Marion, KY",925,921,924,923,923,926,929,931
21157,"Marshall, KY",2035,1987,1938,1890,1846,1803,1758,1716
21159,"Martin, KY",277,268,259,248,239,231,224,218
21161,"Mason, KY",847,825,808,789,769,749,731,715
21163,"Meade, KY",3769,3646,3542,3444,3352,3261,3169,3075
21165,"Menifee, KY",329,326,319,312,306,299,289,282
21167,"Mercer, KY",1475,1464,1452,1439,1422,1415,1398,1388
21169,"Metcalfe, KY",564,544,529,513,497,481,462,448
21171,"Monroe, KY",512,492,474,453,437,420,403,390
21173,"Montgomery, KY",1688,1669,1654,1640,1630,1621,1611,1595
21175,"Morgan, KY",529,529,528,528,528,525,521,517
21177,"Muhlenberg, KY",1473,1436,1405,1369,1332,1300,1267,1239
21179,"Nelson, KY",3105,3110,3117,3130,3136,3139,3135,3133
21181,"Nicholas, KY",318,308,297,289,282,272,262,250
21183,"Ohio, KY",1279,1244,1208,1171,1141,1109,1080,1053
21185,"Oldham, KY",3321,3340,3358,3380,3412,3425,3429,3419
21187,"Owen, KY",654,642,635,627,615,595,578,569
21189,"Owsley, KY",159,160,156,151,146,139,133,128
21191,"Pendleton, KY",791,783,776,771,763,759,753,746
21193,"Perry, KY",1197,1169,1140,1112,1089,1065,1042,1015
21195,"Pike, KY",2175,2112,2060,2003,1945,1889,1838,1792
21197,"Powell, KY",786,778,768,759,747,739,738,726
21199,"Pulaski, KY",4306,4240,4185,4132,4079,4030,3984,3943
21201,"Robertson, KY",122,125,124,123,124,121,121,120
21203,"Rockcastle, KY",779,761,743,726,708,685,667,650
21205,"Rowan, KY",1117,1088,1066,1043,1018,997,977,956
21207,"Russell, KY",924,920,917,907,902,895,890,886
21209,"Scott, KY",3144,3117,3087,3073,3046,3017,2986,2951
21211,"Shelby, KY",2654,2633,2614,2592,2572,2551,2533,2524
21213,"Simpson, KY",1066,1050,1036,1021,1006,990,972,958
21215,"Spencer, KY",1083,1069,1052,1035,1017,999,985,970
21217,"Taylor, KY",1455,1444,1423,1412,1403,1390,1380,1364
21219,"Todd, KY",709,698,685,672,657,644,631,621
21221,"Trigg, KY",1300,1260,1226,1199,1170,1142,1112,1078
21223,"Trimble, KY",553,552,548,551,547,545,542,534
21225,"Union, KY",679,671,663,654,645,635,623,612
21227,"Warren, KY",6374,6364,6359,6331,6307,6293,6280,6273
21229,"Washington, KY",540,535,528,521,515,504,495,486
21231,"Wayne, KY",1073,1055,1038,1016,997,981,960,944
21233,"Webster, KY",615,609,601,598,591,578,567,557
21235,"Whitley, KY",1824,1765,1710,1656,1603,1546,1497,1453
21237,"Wolfe, KY",310,303,292,282,272,262,251,241
21239,"Woodford, KY",1496,1467,1437,1407,1381,1355,1330,1297
22001,"Acadia, LA",2468,2379,2292,2204,2118,2034,1959,1889
22003,"Allen, LA",1033,1000,969,938,906,880,856,832
22005,"Ascension, LA",6048,6058,6071,6083,6103,6100,6105,6097
22007,"Assumption, LA",937,931,924,912,897,882,872,860
22009,"Avoyelles, LA",2175,2093,2006,1925,1842,1764,1692,1627
22011,"Beauregard, LA",3167,3122,3076,3030,2980,2929,2891,2852
22013,"Bienville, LA",818,779,744,715,689,666,643,620
22015,"Bossier, LA",13114,12899,12681,12476,12283,12082,11884,11669
22017,"Caddo, LA",16442,16048,15675,15307,14936,14563,14199,13848
22019,"Calcasieu, LA",11417,11267,11132,10987,10837,10682,10525,10360
22021,"Caldwell, LA",484,470,454,444,438,432,420,408
22023,"Cameron, LA",193,187,178,167,158,150,141,134
22025,"Catahoula, LA",420,409,398,387,376,364,355,345
22027,"Claiborne, LA",789,772,752,734,717,700,682,659
22029,"Concordia, LA",998,1005,1007,1002,991,986,988,988
22031,"De Soto, LA",1415,1378,1339,1302,1271,1236,1197,1159
22033,"East Baton Rouge, LA",20238,19598,18998,18396,17820,17265,16714,16187
22035,"East Carroll, LA",245,245,241,234,229,223,219,213
22037,"East Feliciana, LA",1006,990,975,957,938,922,908,890
22039,"Evangeline, LA",1419,1382,1341,1305,1271,1240,1214,1182
22041,"Franklin, LA",896,882,876,864,853,840,829,816
22043,"Grant, LA",1406,1388,1365,1346,1324,1308,1290,1273
22045,"Iberia, LA",3234,3147,3062,2991,2926,2865,2802,2736
22047,"Iberville, LA",1300,1282,1265,1249,1230,1211,1193,1177
22049,"Jackson, LA",860,830,804,778,752,727,704,679
22051,"Jefferson, LA",20854,20260,19709,19170,18622,18062,17486,16923
22053,"Jefferson Davis, LA",1745,1708,1678,1648,1620,1594,1563,1527
22055,"Lafayette, LA",13567,13460,13355,13245,13134,13013,12897,12789
22057,"Lafourche, LA",3587,3550,3497,3451,3406,3363,3330,3298
22059,"LaSalle, LA",567,558,546,537,526,516,507,497
22061,"Lincoln, LA",2270,2244,2217,2187,2169,2159,2141,2122
22063,"Livingston, LA",7987,7981,7968,7935,7882,7823,7785,7745
22065,"Madison, LA",471,465,459,458,453,447,441,431
22067,"Morehouse, LA",1332,1293,1253,1217,1180,1144,1114,1082
22069,"Natchitoches, LA",2023,1994,1968,1938,1913,1885,1856,1827
22071,"Orleans, LA",18845,18292,17736,17163,16608,16095,15579,15063
22073,"Ouachita, LA",9082,8888,8700,8499,8291,8101,7913,7733
22075,"Plaquemines, LA",1767,1712,1664,1613,1565,1522,1475,1430
22077,"Pointe Coupee, LA",955,952,945,934,927,916,905,894
22079,"Rapides, LA",9898,9692,9480,9261,9062,8862,8664,8484
22081,"Red River, LA",322,313,304,292,282,275,268,261
22083,"Richland, LA",912,888,864,841,822,803,783,763
22085,"Sabine, LA",1470,1429,1388,1351,1314,1275,1238,1206
22087,"Saint Bernard, LA",1925,1879,1826,1778,1735,1693,1653,1609
22089,"Saint Charles, LA",2511,2473,2441,2407,2376,2339,2304,2274
22091,"Saint Helena, LA",510,499,488,478,470,459,448,436
22093,"Saint James, LA",673,644,612,583,555,529,508,487
22095,"Saint John The Baptist, LA",1950,1901,1851,1804,1754,1705,1657,1608
22097,"Saint Landry, LA",3954,3870,3781,3692,3598,3503,3421,3340
22099,"Saint Martin, LA",2578,2550,2517,2488,2457,2422,2389,2349
22101,"Saint Mary, LA",2408,2344,2283,2225,2163,2104,2046,1994
22103,"Saint Tammany, LA",18019,17767,17542,17334,17079,16814,16521,16242
22105,"Tangipahoa, LA",6661,6570,6457,6358,6255,6158,6037,5913
22107,"Tensas, LA",174,164,153,142,132,123,115,108
22109,"Terrebonne, LA",5458,5391,5326,5247,5176,5108,5043,4973
22111,"Union, LA",1276,1233,1191,1154,1119,1084,1049,1016
22113,"Vermilion, LA",2497,2450,2399,2348,2294,2246,2200,2150
22115,"Vernon, LA",8332,8072,7842,7619,7415,7227,7033,6837
22117,"Washington, LA",2724,2653,2587,2517,2456,2395,2328,2271
22119,"Webster, LA",2393,2334,2277,2225,2182,2137,2095,2054
22121,"West Baton Rouge, LA",1211,1201,1185,1173,1159,1141,1128,1111
22123,"West Carroll, LA",432,421,409,399,390,385,378,369
22125,"West Feliciana, LA",733,734,733,731,726,725,719,715
22127,"Winn, LA",791,795,790,779,774,773,767,758
23001,"Androscoggin, ME",8604,8372,8150,7926,7708,7510,7303,7094
23003,"Aroostook, ME",5716,5547,5376,5212,5045,4886,4728,4580
23005,"Cumberland, ME",18349,18072,17807,17560,17308,17013,16699,16395
23007,"Franklin, ME",2555,2496,2443,2397,2340,2288,2241,2191
23009,"Hancock, ME",4306,4173,4026,3889,3759,3624,3498,3380
23011,"Kennebec, ME",11393,11268,11140,10999,10848,10710,10562,10407
23013,"Knox, ME",2972,2894,2814,2747,2675,2592,2511,2421
23015,"Lincoln, ME",3022,2954,2897,2832,2780,2717,2656,2591
23017,"Oxford, ME",4919,4866,4806,4748,4685,4620,4560,4503
23019,"Penobscot, ME",12669,12353,12026,11679,11344,11056,10793,10521
23021,"Piscataquis, ME",1591,1541,1493,1444,1398,1349,1306,1266
23023,"Sagadahoc, ME",3759,3651,3553,3451,3351,3253,3158,3067
23025,"Somerset, ME",4415,4346,4282,4223,4167,4112,4057,4001
23027,"Waldo, ME",3128,3007,2899,2795,2688,2597,2505,2415
23029,"Washington, ME",3230,3171,3118,3070,3021,2971,2917,2866
23031,"York, ME",16205,15858,15531,15208,14908,14599,14295,14000
24001,"Allegany, MD",4771,4627,4489,4365,4247,4129,4018,3916
24003,"Anne Arundel, MD",50032,49127,48249,47400,46565,45735,44935,44137
24005,"Baltimore, MD",40930,39884,38880,37826,36763,35712,34673,33646
24009,"Calvert, MD",8623,8483,8365,8255,8140,8030,7927,7834
24011,"Caroline, MD",1913,1848,1792,1741,1695,1653,1604,1560
24013,"Carroll, MD",8567,8417,8265,8119,7971,7802,7637,7474
24015,"Cecil, MD",7285,7129,6986,6865,6769,6661,6570,6481
24017,"Charles, MD",16788,16683,16589,16494,16386,16281,16177,16064
24019,"Dorchester, MD",2492,2427,2372,2337,2300,2270,2233,2203
24021,"Frederick, MD",16384,16202,16046,15915,15789,15674,15543,15413
24023,"Garrett, MD",1971,1929,1894,1872,1841,1806,1771,1737
24025,"Harford, MD",19652,19324,19025,18756,18486,18219,17943,17677
24027,"Howard, MD",16870,16488,16109,15738,15389,15017,14646,14289
24029,"Kent, MD",1321,1279,1233,1189,1149,1110,1074,1036
24031,"Montgomery, MD",35542,34487,33421,32356,31317,30284,29285,28299
24033,"Prince George's, MD",58878,57362,55866,54405,53042,51759,50494,49240
24035,"Queen Anne's, MD",3445,3407,3361,3322,3297,3278,3249,3233
24037,"Saint Mary's, MD",13047,13027,13020,13032,13041,13048,13043,13053
24039,"Somerset, MD",1506,1489,1477,1462,1440,1425,1411,1399
24041,"Talbot, MD",2667,2583,2497,2412,2332,2252,2175,2102
24043,"Washington, MD",10175,9817,9480,9157,8845,8544,8255,7993
24045,"Wicomico, MD",5627,5455,5280,5115,4948,4816,4692,4567
24047,"Worcester, MD",4559,4497,4436,4372,4313,4263,4216,4174
24510,"Baltimore City, MD",27051,26132,25285,24437,23619,22881,22211,21577
25001,"Barnstable, MA",15670,15140,14662,14207,13784,13328,12880,12466
25003,"Berkshire, MA",6220,5939,5675,5433,5191,4963,4738,4513
25005,"Bristol, MA",26054,25205,24446,23735,23024,22322,21639,20999
25007,"Dukes, MA",872,875,873,874,873,862,850,838
25009,"Essex, MA",29771,28701,27661,26662,25730,24835,23962,23134
25011,"Franklin, MA",4260,4104,3950,3805,3671,3544,3432,3309
25013,"Hampden, MA",24563,23689,22897,22144,21430,20765,20133,19542
25015,"Hampshire, MA",7621,7337,7066,6810,6580,6397,6218,6026
25017,"Middlesex, MA",48560,46824,45141,43540,41995,40502,39049,37656
25019,"Nantucket, MA",519,530,522,521,508,498,499,492
25021,"Norfolk, MA",24820,23859,22917,22008,21133,20301,19487,18699
25023,"Plymouth, MA",26067,25250,24474,23716,23021,22330,21666,21047
25025,"Suffolk, MA",18989,18206,17452,16674,15928,15320,14772,14250
25027,"Worcester, MA",39948,38752,37611,36497,35406,34302,33244,32191
26001,"Alcona, MI",1233,1198,1162,1124,1090,1059,1032,1009
26003,"Alger, MI",765,740,713,685,661,637,613,594
26005,"Allegan, MI",5425,5277,5148,5018,4887,4743,4603,4483
26007,"Alpena, MI",2377,2333,2289,2252,2211,2174,2131,2085
26009,"Antrim, MI",1858,1825,1786,1755,1728,1696,1660,1623
26011,"Arenac, MI",1089,1052,1023,993,966,940,912,890
26013,"Baraga, MI",741,725,703,685,662,646,629,617
26015,"Barry, MI",3598,3527,3449,3366,3290,3213,3137,3065
26017,"Bay, MI",6748,6529,6322,6104,5902,5700,5516,5351
26019,"Benzie, MI",1319,1278,1244,1209,1179,1149,1121,1095
26021,"Berrien, MI",7708,7398,7089,6800,6532,6268,5998,5732
26023,"Branch, MI",2418,2332,2246,2168,2090,2016,1943,1878
26025,"Calhoun, MI",9409,9070,8749,8442,8149,7879,7603,7324
26027,"Cass, MI",3026,2939,2856,2788,2717,2647,2574,2503
26029,"Charlevoix, MI",1772,1725,1677,1630,1588,1550,1510,1471
26031,"Cheboygan, MI",2148,2084,2032,1989,1940,1885,1835,1781
26033,"Chippewa, MI",2774,2681,2592,2513,2444,2376,2312,2249
26035,"Clare, MI",2656,2580,2522,2471,2418,2364,2307,2256
26037,"Clinton, MI",4017,3954,3903,3844,3775,3702,3642,3595
26039,"Crawford, MI",1354,1327,1293,1265,1234,1207,1184,1151
26041,"Delta, MI",3386,3311,3235,3157,3088,3023,2963,2898
26043,"Dickinson, MI",2294,2221,2156,2092,2034,1978,1919,1862
26045,"Eaton, MI",6769,6675,6589,6500,6415,6304,6194,6086
26047,"Emmet, MI",2083,2022,1964,1896,1830,1762,1714,1662
26049,"Genesee, MI",21667,21188,20715,20271,19813,19387,18948,18517
26051,"Gladwin, MI",2053,2002,1958,1911,1868,1826,1782,1753
26053,"Gogebic, MI",1376,1334,1291,1242,1198,1154,1115,1077
26055,"Grand Traverse, MI",5621,5509,5394,5276,5163,5052,4941,4820
26057,"Gratiot, MI",2066,2005,1949,1890,1835,1783,1726,1675
26059,"Hillsdale, MI",2809,2724,2647,2560,2472,2381,2305,2237
26061,"Houghton, MI",2250,2167,2086,2019,1957,1893,1835,1773
26063,"Huron, MI",1905,1833,1763,1693,1635,1577,1520,1464
26065,"Ingham, MI",11773,11404,11041,10667,10309,9993,9669,9359
26067,"Ionia, MI",3430,3393,3340,3302,3263,3223,3174,3123
26069,"Iosco, MI",2835,2746,2665,2592,2514,2441,2373,2304
26071,"Iron, MI",1099,1050,1009,966,927,888,851,814
26073,"Isabella, MI",2981,2926,2874,2819,2777,2732,2697,2663
26075,"Jackson, MI",9277,9022,8776,8523,8272,8021,7775,7536
26077,"Kalamazoo, MI",12672,12393,12155,11935,11731,11496,11226,10981
26079,"Kalkaska, MI",1451,1432,1421,1414,1400,1390,1378,1369
26081,"Kent, MI",26547,26053,25605,25156,24666,24198,23793,23394
26083,"Keweenaw, MI",239,233,223,214,210,199,196,186
26085,"Lake, MI",1037,990,957,927,898,866,833,803
26087,"Lapeer, MI",5746,5639,5560,5467,5383,5298,5216,5156
26089,"Leelanau, MI",1366,1354,1344,1343,1338,1330,1316,1301
26091,"Lenawee, MI",5951,5802,5650,5511,5355,5213,5075,4923
26093,"Livingston, MI",9725,9611,9492,9366,9258,9115,8990,8863
26095,"Luce, MI",527,520,509,497,490,481,475,463
26097,"Mackinac, MI",989,959,925,895,861,835,811,790
26099,"Macomb, MI",37640,36445,35311,34240,33171,32116,31063,30032
26101,"Manistee, MI",1881,1827,1782,1734,1691,1652,1605,1561
26103,"Marquette, MI",5537,5328,5161,4994,4847,4716,4602,4499
26105,"Mason, MI",2118,2077,2034,1990,1950,1906,1870,1830
26107,"Mecosta, MI",2608,2523,2441,2355,2281,2215,2147,2093
26109,"Menominee, MI",2071,2039,2004,1977,1958,1934,1911,1883
26111,"Midland, MI",4838,4766,4670,4582,4498,4426,4353,4273
26113,"Missaukee, MI",950,925,900,882,859,840,819,800
26115,"Monroe, MI",8699,8429,8156,7887,7625,7376,7156,6944
26117,"Montcalm, MI",4046,3953,3866,3786,3720,3645,3578,3512
26119,"Montmorency, MI",1011,982,948,925,901,877,852,826
26121,"Muskegon, MI",10633,10339,10052,9770,9487,9216,8941,8670
26123,"Newaygo, MI",3289,3201,3122,3054,2979,2906,2835,2756
26125,"Oakland, MI",45357,44143,42908,41721,40538,39392,38219,37053
26127,"Oceana, MI",1841,1808,1769,1727,1687,1653,1619,1584
26129,"Ogemaw, MI",1819,1786,1747,1715,1678,1638,1597,1566
26131,"Ontonagon, MI",759,738,714,690,666,642,624,600
26133,"Osceola, MI",1845,1788,1732,1682,1635,1588,1543,1508
26135,"Oscoda, MI",808,773,736,702,670,644,620,593
26137,"Otsego, MI",1990,1954,1931,1890,1857,1818,1790,1755
26139,"Ottawa, MI",11544,11253,10966,10684,10416,10154,9874,9602
26141,"Presque Isle, MI",1219,1191,1174,1146,1119,1094,1065,1039
26143,"Roscommon, MI",2432,2380,2336,2292,2251,2201,2158,2116
26145,"Saginaw, MI",10531,10175,9839,9501,9178,8886,8614,8347
26147,"Saint Clair, MI",9962,9730,9516,9290,9092,8892,8681,8492
26149,"Saint Joseph, MI",3336,3244,3152,3067,2985,2902,2828,2749
26151,"Sanilac, MI",2473,2412,2365,2311,2254,2194,2138,2093
26153,"Schoolcraft, MI",706,678,651,624,600,580,560,539
26155,"Shiawassee, MI",4435,4315,4206,4086,3979,3881,3784,3683
26157,"Tuscola, MI",3249,3098,2960,2824,2699,2581,2472,2366
26159,"Van Buren, MI",4368,4192,4025,3865,3703,3546,3403,3268
26161,"Washtenaw, MI",13633,13454,13232,13017,12799,12621,12424,12160
26163,"Wayne, MI",75266,72804,70414,68054,65757,63521,61351,59223
26165,"Wexford, MI",2480,2423,2379,2334,2287,2247,2203,2167
27001,"Aitkin, MN",1428,1358,1303,1246,1192,1137,1093,1056
27003,"Anoka, MN",19597,19024,18480,17960,17427,16919,16448,16025
27005,"Becker, MN",2623,2534,2462,2386,2317,2250,2180,2108
27007,"Beltrami, MN",2702,2650,2599,2546,2492,2447,2404,2353
27009,"Benton, MN",2390,2320,2259,2206,2148,2094,2041,1989
27011,"Big Stone, MN",341,323,301,282,265,251,235,221
27013,"Blue Earth, MN",3216,3062,2917,2789,2671,2565,2454,2346
27015,"Brown, MN",1455,1381,1313,1252,1194,1138,1084,1031
27017,"Carlton, MN",2610,2547,2480,2417,2358,2308,2266,2224
27019,"Carver, MN",4211,4146,4067,4008,3954,3898,3819,3724
27021,"Cass, MN",2589,2467,2355,2258,2149,2066,1981,1906
27023,"Chippewa, MN",857,834,803,772,746,721,693,666
27025,"Chisago, MN",3683,3613,3572,3529,3478,3413,3354,3299
27027,"Clay, MN",3549,3419,3306,3197,3087,2986,2880,2785
27029,"Clearwater, MN",676,643,616,591,568,546,527,507
27031,"Cook, MN",331,318,303,286,273,259,247,237
27033,"Cottonwood, MN",568,543,518,497,477,457,437,419
27035,"Crow Wing, MN",5003,4811,4639,4482,4333,4192,4053,3911
27037,"Dakota, MN",22499,21927,21401,20863,20313,19780,19253,18748
27039,"Dodge, MN",1080,1046,1009,971,934,898,866,834
27041,"Douglas, MN",2541,2453,2376,2297,2226,2154,2087,2031
27043,"Faribault, MN",974,930,894,858,826,793,758,724
27045,"Fillmore, MN",1212,1175,1139,1095,1057,1016,978,943
27047,"Freeborn, MN",2028,1935,1846,1766,1686,1611,1531,1457
27049,"Goodhue, MN",3004,2889,2780,2691,2598,2494,2387,2286
27051,"Grant, MN",393,376,360,343,328,315,304,291
27053,"Hennepin, MN",50262,48555,46886,45243,43645,42057,40528,38966
27055,"Houston, MN",1144,1102,1063,1026,995,957,921,886
27057,"Hubbard, MN",1908,1854,1805,1765,1724,1686,1645,1603
27059,"Isanti, MN",2628,2572,2516,2467,2422,2382,2338,2294
27061,"Itasca, MN",3564,3433,3310,3194,3083,2973,2870,2780
27063,"Jackson, MN",642,616,594,574,553,532,518,505
27065,"Kanabec, MN",1261,1240,1228,1203,1173,1144,1124,1105
27067,"Kandiyohi, MN",2238,2172,2104,2041,1976,1911,1848,1793
27069,"Kittson, MN",226,213,198,188,178,168,158,148
27071,"Koochiching, MN",992,956,923,887,857,825,798,770
27073,"Lac Qui Parle, MN",510,489,467,446,431,411,391,373
27075,"Lake, MN",823,786,752,721,692,667,642,620
27077,"Lake of the Woods, MN",310,294,279,270,258,251,238,227
27079,"Le Sueur, MN",1646,1595,1544,1499,1452,1405,1364,1323
27081,"Lincoln, MN",381,368,353,336,321,304,290,279
27083,"Lyon, MN",1432,1386,1340,1294,1250,1213,1174,1145
27085,"McLeod, MN",2206,2103,2012,1928,1847,1769,1697,1625
27087,"Mahnomen, MN",269,256,242,228,218,208,197,187
27089,"Marshall, MN",531,515,494,473,460,443,431,416
27091,"Martin, MN",1396,1342,1287,1227,1175,1132,1083,1037
27093,"Meeker, MN",1383,1327,1271,1217,1156,1103,1051,999
27095,"Mille Lacs, MN",1968,1920,1863,1813,1765,1726,1685,1646
27097,"Morrison, MN",2720,2659,2599,2546,2493,2437,2377,2316
27099,"Mower, MN",2243,2155,2073,1993,1914,1843,1773,1699
27101,"Murray, MN",535,515,494,471,448,427,405,388
27103,"Nicollet, MN",1724,1668,1618,1573,1541,1504,1457,1404
27105,"Nobles, MN",957,924,890,854,826,800,770,745
27107,"Norman, MN",407,393,380,366,354,342,331,318
27109,"Olmsted, MN",8551,8365,8177,7985,7799,7598,7414,7251
27111,"Otter Tail, MN",4102,3962,3816,3692,3582,3471,3358,3248
27113,"Pennington, MN",789,748,712,677,645,613,581,552
27115,"Pine, MN",2300,2250,2196,2137,2089,2049,2007,1966
27117,"Pipestone, MN",476,460,446,431,416,403,391,376
27119,"Polk, MN",1810,1725,1647,1581,1513,1451,1387,1325
27121,"Pope, MN",876,862,845,826,807,790,767,747
27123,"Ramsey, MN",22272,21478,20717,19937,19200,18473,17808,17148
27125,"Red Lake, MN",261,258,250,240,236,234,229,221
27127,"Redwood, MN",811,780,749,717,686,657,630,610
27129,"Renville, MN",869,840,817,789,765,739,718,702
27131,"Rice, MN",3623,3541,3467,3393,3324,3275,3228,3188
27133,"Rock, MN",539,525,507,486,469,453,436,418
27135,"Roseau, MN",878,850,820,793,765,741,720,700
27137,"Saint Louis, MN",14440,13916,13402,12933,12503,12098,11724,11342
27139,"Scott, MN",6337,6182,6048,5927,5807,5688,5557,5421
27141,"Sherburne, MN",5551,5457,5376,5289,5212,5153,5088,5036
27143,"Sibley, MN",871,850,834,813,788,762,738,716
27145,"Stearns, MN",9521,9261,9028,8806,8597,8403,8203,7998
27147,"Steele, MN",2132,2047,1971,1891,1812,1744,1675,1610
27149,"Stevens, MN",381,367,349,333,315,300,288,275
27151,"Swift, MN",597,571,548,523,500,478,459,436
27153,"Todd, MN",1777,1722,1661,1615,1549,1497,1444,1397
27155,"Traverse, MN",244,233,224,212,201,193,185,178
27157,"Wabasha, MN",1367,1303,1246,1194,1148,1104,1060,1017
27159,"Wadena, MN",935,902,873,841,813,785,762,736
27161,"Waseca, MN",1110,1071,1037,1002,970,939,907,878
27163,"Washington, MN",13151,12895,12645,12416,12181,11936,11683,11428
27165,"Watonwan, MN",623,590,560,530,501,473,447,427
27167,"Wilkin, MN",366,357,350,339,332,325,315,305
27169,"Winona, MN",2547,2449,2362,2286,2214,2142,2079,2015
27171,"Wright, MN",7110,7039,6968,6894,6830,6755,6683,6616
27173,"Yellow Medicine, MN",625,605,584,557,534,506,482,465
28001,"Adams, MS",1616,1615,1604,1596,1588,1574,1564,1555
28003,"Alcorn, MS",1660,1635,1626,1612,1597,1579,1559,1545
28005,"Amite, MS",696,681,669,655,640,622,609,601
28007,"Attala, MS",910,897,881,868,855,844,834,824
28009,"Benton, MS",354,349,343,337,332,328,323,321
28011,"Bolivar, MS",1144,1106,1067,1037,1004,973,944,916
28013,"Calhoun, MS",612,603,592,579,566,554,544,531
28015,"Carroll, MS",425,410,393,379,366,352,339,327
28017,"Chickasaw, MS",592,571,549,526,506,486,467,449
28019,"Choctaw, MS",469,454,442,428,415,400,385,370
28021,"Claiborne, MS",376,372,361,353,343,333,322,310
28023,"Clarke, MS",876,857,834,813,794,775,757,738
28025,"Clay, MS",1002,983,960,946,933,917,903,886
28027,"Coahoma, MS",936,904,876,844,816,789,762,736
28029,"Copiah, MS",1343,1319,1294,1267,1241,1217,1194,1166
28031,"Covington, MS",1088,1069,1051,1032,1013,993,979,966
28033,"De Soto, MS",11094,11155,11198,11243,11265,11307,11319,11326
28035,"Forrest, MS",5313,5221,5131,5040,4952,4872,4782,4700
28037,"Franklin, MS",473,479,480,480,477,479,484,488
28039,"George, MS",1229,1225,1219,1215,1207,1200,1194,1188
28041,"Greene, MS",590,588,587,589,588,588,584,580
28043,"Grenada, MS",1128,1100,1068,1037,1003,970,941,910
28045,"Hancock, MS",3835,3761,3722,3676,3637,3593,3555,3519
28047,"Harrison, MS",27344,27059,26796,26508,26200,25891,25558,25233
28049,"Hinds, MS",13787,13504,13225,12944,12679,12422,12149,11864
28051,"Holmes, MS",626,616,606,597,587,582,576,572
28053,"Humphreys, MS",331,320,307,297,287,277,269,259
28055,"Issaquena, MS",37,43,42,41,40,39,37,36
28057,"Itawamba, MS",1195,1180,1168,1153,1134,1114,1097,1080
28059,"Jackson, MS",13098,12848,12637,12409,12199,11965,11741,11540
28061,"Jasper, MS",889,876,861,850,839,824,809,802
28063,"Jefferson, MS",200,202,197,193,190,187,183,179
28065,"Jefferson Davis, MS",609,587,566,546,527,509,491,473
28067,"Jones, MS",3164,3093,3023,2955,2886,2825,2766,2707
28069,"Kemper, MS",550,549,544,537,529,523,517,511
28071,"Lafayette, MS",1994,1979,1957,1934,1909,1886,1870,1847
28073,"Lamar, MS",4055,4013,3988,3966,3937,3908,3884,3868
28075,"Lauderdale, MS",5457,5380,5291,5207,5129,5052,4981,4893
28077,"Lawrence, MS",685,671,658,644,631,621,609,598
28079,"Leake, MS",1074,1076,1078,1080,1081,1078,1076,1078
28081,"Lee, MS",4133,4057,3995,3931,3867,3799,3722,3652
28083,"Leflore, MS",921,893,870,845,822,804,786,770
28085,"Lincoln, MS",1580,1548,1522,1493,1477,1455,1429,1406
28087,"Lowndes, MS",4604,4525,4445,4366,4273,4191,4114,4026
28089,"Madison, MS",4868,4824,4762,4711,4665,4607,4539,4461
28091,"Marion, MS",1346,1341,1330,1327,1322,1315,1312,1303
28093,"Marshall, MS",1660,1632,1601,1564,1532,1499,1465,1434
28095,"Monroe, MS",2044,2000,1964,1925,1882,1845,1804,1760
28097,"Montgomery, MS",595,580,564,551,539,525,511,502
28099,"Neshoba, MS",1497,1488,1473,1464,1447,1435,1425,1411
28101,"Newton, MS",1443,1426,1404,1386,1370,1355,1334,1315
28103,"Noxubee, MS",377,373,369,366,365,360,356,352
28105,"Oktibbeha, MS",1882,1875,1865,1852,1847,1836,1826,1820
28107,"Panola, MS",1513,1486,1456,1426,1399,1372,1344,1313
28109,"Pearl River, MS",4103,4026,3935,3855,3769,3684,3603,3519
28111,"Perry, MS",826,816,805,791,780,769,760,750
28113,"Pike, MS",2267,2232,2203,2163,2139,2105,2077,2045
28115,"Pontotoc, MS",1440,1417,1399,1379,1361,1343,1325,1307
28117,"Prentiss, MS",1235,1218,1198,1182,1164,1148,1134,1118
28119,"Quitman, MS",332,325,315,306,294,286,277,267
28121,"Rankin, MS",9578,9575,9593,9628,9641,9649,9668,9683
28123,"Scott, MS",1144,1120,1093,1063,1039,1014,993,971
28125,"Sharkey, MS",161,156,149,140,133,127,121,116
28127,"Simpson, MS",1409,1400,1386,1367,1349,1333,1319,1307
28129,"Smith, MS",692,672,650,629,608,590,570,549
28131,"Stone, MS",1335,1319,1294,1272,1252,1242,1234,1220
28133,"Sunflower, MS",889,877,864,849,833,819,805,791
28135,"Tallahatchie, MS",524,522,522,516,509,505,506,508
28137,"Tate, MS",1451,1440,1425,1407,1389,1371,1352,1335
28139,"Tippah, MS",783,771,757,743,732,718,703,687
28141,"Tishomingo, MS",945,924,902,878,854,833,810,787
28143,"Tunica, MS",401,391,379,366,356,346,337,329
28145,"Union, MS",1169,1153,1134,1112,1095,1076,1056,1037
28147,"Walthall, MS",639,615,593,571,549,530,513,496
28149,"Warren, MS",2711,2647,2582,2526,2464,2407,2354,2299
28151,"Washington, MS",2270,2197,2122,2051,1987,1922,1859,1797
28153,"Wayne, MS",873,847,824,802,784,764,747,728
28155,"Webster, MS",506,497,483,470,455,442,430,417
28157,"Wilkinson, MS",325,328,326,327,324,321,320,321
28159,"Winston, MS",1108,1112,1114,1115,1117,1122,1126,1118
28161,"Yalobusha, MS",768,756,747,735,722,709,692,679
28163,"Yazoo, MS",1235,1236,1249,1256,1266,1278,1293,1304
29001,"Adair, MO",1223,1163,1102,1048,1002,962,921,886
29003,"Andrew, MO",1128,1125,1115,1106,1094,1079,1070,1061
29005,"Atchison, MO",358,350,342,338,329,321,310,300
29007,"Audrain, MO",1375,1338,1301,1260,1229,1195,1150,1107
29009,"Barry, MO",2501,2453,2410,2370,2330,2284,2244,2212
29011,"Barton, MO",650,626,607,587,566,545,526,507
29013,"Bates, MO",959,939,920,897,878,861,845,830
29015,"Benton, MO",1891,1852,1813,1767,1733,1697,1671,1643
29017,"Bollinger, MO",762,747,732,715,698,682,669,659
29019,"Boone, MO",9813,9668,9530,9398,9278,9150,9012,8858
29021,"Buchanan, MO",5510,5406,5315,5214,5119,5032,4947,4865
29023,"Butler, MO",3631,3600,3576,3548,3524,3501,3478,3445
29025,"Caldwell, MO",714,713,710,702,695,684,676,669
29027,"Callaway, MO",3322,3282,3250,3207,3165,3128,3094,3059
29029,"Camden, MO",3829,3754,3685,3618,3558,3488,3424,3361
29031,"Cape Girardeau, MO",5079,4987,4889,4806,4727,4640,4552,4471
29033,"Carroll, MO",522,498,479,461,444,424,408,390
29035,"Carter, MO",462,459,452,446,435,431,426,418
29037,"Cass, MO",7545,7514,7453,7404,7379,7358,7356,7363
29039,"Cedar, MO",1098,1069,1038,1005,981,961,941,921
29041,"Chariton, MO",551,546,538,530,517,506,497,490
29043,"Christian, MO",5907,5891,5884,5881,5862,5835,5801,5762
29045,"Clark, MO",348,336,321,307,295,284,275,267
29047,"Clay, MO",15082,14832,14573,14350,14124,13887,13646,13406
29049,"Clinton, MO",1641,1614,1584,1559,1532,1507,1477,1462
29051,"Cole, MO",5261,5179,5094,5013,4933,4856,4776,4702
29053,"Cooper, MO",1063,1038,1021,1002,986,972,961,950
29055,"Crawford, MO",1703,1654,1609,1563,1520,1477,1438,1396
29057,"Dade, MO",517,501,487,467,450,431,417,400
29059,"Dallas, MO",1280,1255,1235,1208,1183,1166,1151,1134
29061,"Daviess, MO",547,534,524,511,497,485,470,457
29063,"De Kalb, MO",717,703,690,676,655,637,621,610
29065,"Dent, MO",1232,1223,1210,1193,1184,1176,1166,1153
29067,"Douglas, MO",834,822,808,792,780,770,761,750
29069,"Dunklin, MO",1679,1626,1571,1516,1461,1405,1353,1309
29071,"Franklin, MO",5922,5823,5722,5629,5527,5434,5326,5222
29073,"Gasconade, MO",921,892,865,836,810,784,757,731
29075,"Gentry, MO",367,358,349,337,326,314,306,295
29077,"Greene, MO",19360,18876,18422,17993,17570,17154,16703,16246
29079,"Grundy, MO",618,602,586,570,554,541,530,518
29081,"Harrison, MO",508,487,470,452,431,411,395,380
29083,"Henry, MO",1872,1824,1775,1728,1689,1650,1609,1567
29085,"Hickory, MO",819,801,776,755,735,713,694,676
29087,"Holt, MO",344,331,321,308,297,285,275,264
29089,"Howard, MO",649,634,614,593,578,563,550,531
29091,"Howell, MO",2978,2931,2897,2855,2809,2755,2709,2657
29093,"Iron, MO",765,745,726,706,685,666,647,627
29095,"Jackson, MO",40226,39445,38697,37924,37145,36392,35667,34949
29097,"Jasper, MO",7301,7174,7063,6959,6841,6721,6596,6488
29099,"Jefferson, MO",14594,14426,14256,14075,13919,13736,13561,13375
29101,"Johnson, MO",6568,6535,6513,6486,6490,6511,6501,6482
29103,"Knox, MO",227,226,221,216,210,207,205,202
29105,"Laclede, MO",2907,2858,2811,2766,2722,2672,2626,2583
29107,"Lafayette, MO",2163,2101,2038,1984,1923,1874,1825,1784
29109,"Lawrence, MO",2638,2581,2527,2472,2421,2376,2339,2296
29111,"Lewis, MO",615,607,599,585,574,561,549,537
29113,"Lincoln, MO",3491,3450,3416,3373,3333,3296,3254,3220
29115,"Linn, MO",740,717,695,670,647,628,606,588
29117,"Livingston, MO",925,904,876,854,829,807,786,765
29119,"McDonald, MO",1373,1356,1344,1339,1330,1323,1319,1308
29121,"Macon, MO",940,896,854,818,784,755,726,700
29123,"Madison, MO",1038,1022,1008,991,974,956,942,924
29125,"Maries, MO",793,782,767,752,743,734,728,722
29127,"Marion, MO",1853,1810,1766,1735,1695,1647,1599,1556
29129,"Mercer, MO",246,248,242,238,232,229,226,221
29131,"Miller, MO",1764,1739,1711,1684,1659,1631,1604,1573
29133,"Mississippi, MO",597,583,564,549,534,518,503,486
29135,"Moniteau, MO",836,820,806,794,785,776,769,758
29137,"Monroe, MO",655,643,624,611,597,585,574,556
29139,"Montgomery, MO",821,818,814,808,802,794,792,791
29141,"Morgan, MO",1680,1646,1612,1585,1553,1522,1495,1475
29143,"New Madrid, MO",1008,986,967,948,927,909,892,873
29145,"Newton, MO",4095,4026,3949,3881,3822,3773,3721,3685
29147,"Nodaway, MO",1092,1063,1037,1015,1006,990,975,962
29149,"Oregon, MO",696,686,680,667,658,649,639,629
29151,"Osage, MO",793,781,766,756,740,728,713,698
29153,"Ozark, MO",891,858,829,798,774,751,726,703
29155,"Pemiscot, MO",794,759,731,700,670,646,623,601
29157,"Perry, MO",1132,1115,1104,1083,1062,1043,1027,1011
29159,"Pettis, MO",3131,3078,3023,2974,2922,2879,2836,2782
29161,"Phelps, MO",3678,3611,3554,3497,3451,3403,3347,3281
29163,"Pike, MO",995,961,932,905,883,860,833,809
29165,"Platte, MO",7121,7109,7100,7074,7037,7015,6985,6964
29167,"Polk, MO",1933,1899,1870,1830,1794,1761,1730,1695
29169,"Pulaski, MO",15210,14865,14545,14193,13912,13644,13358,13047
29171,"Putnam, MO",280,275,264,252,240,228,218,208
29173,"Ralls, MO",682,667,654,638,625,615,601,589
29175,"Randolph, MO",1468,1439,1407,1372,1333,1295,1264,1234
29177,"Ray, MO",1456,1434,1418,1403,1383,1359,1341,1318
29179,"Reynolds, MO",541,531,520,511,503,491,480,470
29181,"Ripley, MO",943,923,906,891,872,852,834,816
29183,"Saint Charles, MO",22385,22199,21999,21835,21670,21485,21308,21128
29185,"Saint Clair, MO",759,731,703,672,644,616,590,564
29186,"Sainte Genevieve, MO",1129,1110,1092,1074,1050,1023,1001,983
29187,"St. Francois, MO",4978,4883,4792,4697,4594,4492,4407,4318
29189,"Saint Louis, MO",48819,47725,46674,45717,44654,43561,42449,41387
29195,"Saline, MO",1196,1155,1110,1068,1031,997,962,928
29197,"Schuyler, MO",216,214,211,206,202,197,194,192
29199,"Scotland, MO",203,199,193,185,180,173,166,161
29201,"Scott, MO",2450,2383,2327,2273,2215,2166,2116,2079
29203,"Shannon, MO",570,559,543,531,524,514,503,492
29205,"Shelby, MO",382,374,367,356,345,336,328,319
29207,"Stoddard, MO",2160,2114,2061,2021,1983,1950,1918,1889
29209,"Stone, MO",2874,2817,2748,2692,2645,2595,2546,2503
29211,"Sullivan, MO",322,319,318,317,314,308,302,297
29213,"Taney, MO",4168,4092,4004,3937,3872,3812,3735,3655
29215,"Texas, MO",2296,2279,2267,2249,2226,2214,2203,2186
29217,"Vernon, MO",1091,1055,1018,982,945,911,876,842
29219,"Warren, MO",2534,2522,2519,2502,2490,2488,2485,2494
29221,"Washington, MO",1608,1592,1578,1555,1534,1515,1500,1479
29223,"Wayne, MO",1034,1008,984,956,927,904,883,860
29225,"Webster, MO",2722,2738,2751,2764,2780,2790,2801,2814
29227,"Worth, MO",115,119,114,113,111,108,106,105
29229,"Wright, MO",1367,1343,1324,1310,1288,1257,1230,1208
29510,"Saint Louis City, MO",17391,16896,16446,15951,15469,15049,14664,14285
30001,"Beaverhead, MT",742,731,712,695,682,666,656,638
30003,"Big Horn, MT",630,606,589,571,550,527,509,491
30005,"Blaine, MT",407,398,388,380,371,358,348,341
30007,"Broadwater, MT",874,848,851,845,835,819,809,816
30009,"Carbon, MT",899,862,840,816,790,765,742,727
30011,"Carter, MT",69,69,68,69,67,65,62,60
30013,"Cascade, MT",10961,10760,10565,10376,10209,10030,9859,9673
30015,"Chouteau, MT",397,388,375,360,345,335,322,311
30017,"Custer, MT",921,900,875,851,834,815,794,772
30019,"Daniels, MT",113,115,110,105,100,96,90,86
30021,"Dawson, MT",594,586,577,567,553,545,535,525
30023,"Deer Lodge, MT",887,863,847,826,813,795,780,759
30025,"Fallon, MT",139,139,137,135,134,132,130,127
30027,"Fergus, MT",949,936,927,914,905,895,884,874
30029,"Flathead, MT",8212,8069,7941,7802,7693,7569,7438,7311
30031,"Gallatin, MT",6289,6260,6228,6221,6201,6170,6152,6097
30033,"Garfield, MT",51,55,53,51,49,47,47,45
30035,"Glacier, MT",758,756,751,746,742,739,732,726
30037,"Golden Valley, MT",78,82,82,81,80,79,76,73
30039,"Granite, MT",359,350,338,328,317,306,299,288
30041,"Hill, MT",1014,982,948,912,876,846,816,787
30043,"Jefferson, MT",1193,1174,1159,1138,1123,1110,1097,1090
30045,"Judith Basin, MT",182,179,170,166,157,151,144,141
30047,"Lake, MT",2394,2335,2277,2217,2158,2106,2050,1997
30049,"Lewis and Clark, MT",7303,7181,7057,6930,6826,6745,6658,6568
30051,"Liberty, MT",148,153,152,151,148,150,150,148
30053,"Lincoln, MT",2377,2326,2286,2251,2211,2175,2132,2100
30055,"McCone, MT",163,163,157,159,155,154,150,146
30057,"Madison, MT",738,710,680,652,627,601,576,556
30059,"Meagher, MT",196,195,193,190,185,179,172,166
30061,"Mineral, MT",561,549,541,531,520,507,502,486
30063,"Missoula, MT",8998,8991,8998,9027,9030,8997,8980,8972
30065,"Musselshell, MT",483,467,450,435,420,405,390,374
30067,"Park, MT",1287,1267,1245,1226,1205,1181,1160,1143
30069,"Petroleum, MT",31,38,39,38,37,38,38,37
30071,"Phillips, MT",247,240,229,219,209,200,192,183
30073,"Pondera, MT",378,368,355,340,328,316,304,293
30075,"Powder River, MT",120,117,111,105,100,97,93,92
30077,"Powell, MT",705,699,697,690,680,676,674,665
30079,"Prairie, MT",102,103,103,99,92,90,86,83
30081,"Ravalli, MT",3967,3881,3803,3739,3677,3612,3554,3499
30083,"Richland, MT",617,604,591,577,564,553,541,530
30085,"Roosevelt, MT",655,653,644,637,624,614,599,588
30087,"Rosebud, MT",646,626,607,587,569,553,536,516
30089,"Sanders, MT",1504,1469,1440,1399,1370,1337,1297,1266
30091,"Sheridan, MT",253,246,244,244,244,243,237,234
30093,"Silver Bow, MT",2845,2794,2753,2718,2678,2639,2607,2567
30095,"Stillwater, MT",806,798,791,771,760,752,740,734
30097,"Sweet Grass, MT",283,281,273,264,257,250,240,233
30099,"Teton, MT",455,440,420,401,381,363,345,328
30101,"Toole, MT",407,407,405,403,403,398,394,393
30103,"Treasure, MT",36,43,42,42,43,44,42,41
30105,"Valley, MT",551,542,529,515,499,488,474,460
30107,"Wheatland, MT",191,184,175,167,161,156,149,142
30109,"Wibaux, MT",63,65,63,63,63,62,62,60
30111,"Yellowstone, MT",12315,12143,11990,11829,11640,11493,11347,11202
31001,"Adams, NE",1701,1659,1620,1579,1541,1501,1465,1424
31003,"Antelope, NE",386,366,352,345,333,322,307,296
31005,"Arthur, NE",24,31,30,29,29,30,30,28
31007,"Banner, NE",38,43,40,38,39,39,38,37
31009,"Blaine, NE",57,62,61,62,63,65,63,64
31011,"Boone, NE",305,294,282,268,254,244,232,225
31013,"Box Butte, NE",615,595,575,555,537,522,503,483
31015,"Boyd, NE",150,152,148,140,136,132,131,125
31017,"Brown, NE",169,166,163,159,156,150,145,141
31019,"Buffalo, NE",2644,2592,2544,2511,2474,2430,2378,2337
31021,"Burt, NE",477,466,449,434,420,405,392,378
31023,"Butler, NE",484,471,463,451,438,428,418,407
31025,"Cass, NE",2564,2509,2459,2408,2367,2330,2278,2233
31027,"Cedar, NE",472,462,449,436,425,411,398,386
31029,"Chase, NE",172,165,157,150,144,137,132,125
31031,"Cherry, NE",319,307,294,278,264,252,242,233
31033,"Cheyenne, NE",681,664,645,625,609,594,577,560
31035,"Clay, NE",364,348,330,317,302,288,274,260
31037,"Colfax, NE",328,321,309,301,290,280,272,259
31039,"Cuming, NE",450,434,413,395,378,364,348,334
31041,"Custer, NE",675,645,622,598,592,597,580,558
31043,"Dakota, NE",856,810,770,727,691,655,620,589
31045,"Dawes, NE",586,576,565,556,540,529,518,508
31047,"Dawson, NE",972,930,886,849,809,768,739,708
31049,"Deuel, NE",159,161,158,154,150,144,140,139
31051,"Dixon, NE",369,363,355,348,335,330,321,315
31053,"Dodge, NE",2411,2358,2310,2258,2209,2150,2107,2065
31055,"Douglas, NE",30231,29484,28793,28122,27376,26622,26000,25375
31057,"Dundy, NE",92,92,86,80,76,71,68,64
31059,"Fillmore, NE",389,373,361,353,343,331,318,310
31061,"Franklin, NE",180,175,167,161,156,150,144,139
31063,"Frontier, NE",132,127,121,117,112,109,105,101
31065,"Furnas, NE",342,338,332,326,325,333,324,321
31067,"Gage, NE",1426,1367,1319,1269,1225,1183,1146,1111
31069,"Garden, NE",156,156,151,151,148,143,138,139
31071,"Garfield, NE",109,109,104,102,99,96,91,85
31073,"Gosper, NE",120,118,115,115,114,113,110,104
31075,"Grant, NE",22,28,28,28,27,27,26,25
31077,"Greeley, NE",186,179,174,173,171,167,161,154
31079,"Hall, NE",3057,2913,2791,2668,2552,2440,2333,2228
31081,"Hamilton, NE",607,597,587,581,576,568,557,547
31083,"Harlan, NE",207,203,200,195,191,188,180,175
31085,"Hayes, NE",60,64,61,59,60,60,59,58
31087,"Hitchcock, NE",177,173,164,157,150,145,140,136
31089,"Holt, NE",594,580,565,550,538,525,513,500
31091,"Hooker, NE",23,29,27,27,27,27,26,25
31093,"Howard, NE",374,360,345,332,320,310,298,289
31095,"Jefferson, NE",462,446,426,411,395,379,364,352
31097,"Johnson, NE",302,295,287,280,277,275,273,270
31099,"Kearney, NE",368,348,330,313,297,280,267,256
31101,"Keith, NE",584,564,540,526,514,503,483,466
31103,"Keya Paha, NE",57,61,61,60,61,63,62,59
31105,"Kimball, NE",275,264,252,238,229,221,212,205
31107,"Knox, NE",576,553,529,507,485,465,449,428
31109,"Lancaster, NE",17466,17098,16784,16461,16164,15887,15571,15251
31111,"Lincoln, NE",2509,2443,2384,2315,2256,2200,2150,2097
31113,"Logan, NE",45,50,49,47,47,47,46,45
31115,"Loup, NE",36,42,40,39,38,37,35,35
31117,"McPherson, NE",29,36,36,36,38,40,40,40
31119,"Madison, NE",1913,1843,1776,1701,1642,1587,1535,1482
31121,"Merrick, NE",494,473,455,438,422,405,389,375
31123,"Morrill, NE",304,294,285,271,261,251,242,236
31125,"Nance, NE",204,206,204,197,195,195,193,191
31127,"Nemaha, NE",520,508,493,484,472,459,446,436
31129,"Nuckolls, NE",318,309,300,292,287,283,273,261
31131,"Otoe, NE",1044,1020,1000,977,956,938,916,894
31133,"Pawnee, NE",168,165,159,153,148,144,140,134
31135,"Perkins, NE",201,201,194,190,186,183,178,174
31137,"Phelps, NE",576,560,549,538,531,525,515,507
31139,"Pierce, NE",433,417,401,382,362,341,325,313
31141,"Platte, NE",1527,1444,1371,1301,1229,1164,1106,1047
31143,"Polk, NE",311,310,305,302,297,290,287,281
31145,"Red Willow, NE",639,616,595,566,542,520,501,486
31147,"Richardson, NE",578,566,543,523,506,495,478,457
31149,"Rock, NE",63,67,65,63,61,61,60,59
31151,"Saline, NE",604,588,575,561,550,538,523,510
31153,"Sarpy, NE",21433,21235,21118,21000,20875,20732,20610,20492
31155,"Saunders, NE",1380,1329,1285,1249,1214,1180,1143,1105
31157,"Scotts Bluff, NE",2264,2168,2077,1984,1901,1820,1748,1683
31159,"Seward, NE",1051,1026,1009,993,980,982,972,960
31161,"Sheridan, NE",386,380,370,364,355,344,335,325
31163,"Sherman, NE",177,174,164,158,154,147,142,135
31165,"Sioux, NE",72,79,79,79,78,77,76,76
31167,"Stanton, NE",375,361,351,343,336,331,321,313
31169,"Thayer, NE",318,306,294,284,279,273,267,254
31171,"Thomas, NE",43,49,47,44,42,40,38,36
31173,"Thurston, NE",323,311,303,294,287,280,273,273
31175,"Valley, NE",271,263,253,243,236,227,217,211
31177,"Washington, NE",1304,1252,1206,1165,1126,1086,1048,1006
31179,"Wayne, NE",455,449,439,426,411,398,390,381
31181,"Webster, NE",196,192,187,179,174,170,164,160
31183,"Wheeler, NE",51,56,55,56,57,60,59,57
31185,"York, NE",803,792,777,766,752,736,719,701
32001,"Churchill, NV",3419,3386,3357,3322,3282,3240,3201,3168
32003,"Clark, NV",146475,146339,146141,145847,145503,145123,144773,144333
32005,"Douglas, NV",4369,4284,4217,4157,4101,4032,3942,3844
32007,"Elko, NV",2809,2777,2737,2700,2659,2620,2582,2541
32009,"Esmeralda, NV",78,84,80,75,71,71,69,67
32011,"Eureka, NV",110,112,109,106,104,101,98,96
32013,"Humboldt, NV",1061,1062,1053,1045,1041,1033,1022,1016
32015,"Lander, NV",342,337,331,323,316,310,303,299
32017,"Lincoln, NV",326,326,320,313,308,302,300,291
32019,"Lyon, NV",5935,5844,5764,5683,5599,5525,5452,5376
32021,"Mineral, NV",470,455,436,425,407,392,374,359
32023,"Nye, NV",6213,6177,6159,6138,6084,6037,5983,5951
32027,"Pershing, NV",413,403,387,374,359,347,336,325
32029,"Storey, NV",486,482,477,472,462,458,451,443
32031,"Washoe, NV",31282,30792,30334,29864,29419,28929,28351,27766
32033,"White Pine, NV",672,658,650,637,623,611,599,591
32510,"Carson City, NV",4219,4143,4055,3983,3909,3831,3747,3661
33001,"Belknap, NH",5332,5214,5106,5019,4900,4778,4666,4564
33003,"Carroll, NH",4012,3897,3792,3686,3577,3475,3373,3270
33005,"Cheshire, NH",4733,4614,4496,4374,4254,4149,4051,3942
33007,"Coos, NH",2732,2645,2560,2470,2389,2310,2237,2166
33009,"Grafton, NH",6100,5901,5700,5494,5331,5183,5051,4918
33011,"Hillsborough, NH",26517,25952,25402,24881,24375,23864,23319,22762
33013,"Merrimack, NH",10559,10333,10118,9900,9682,9461,9264,9062
33015,"Rockingham, NH",20617,20225,19871,19545,19220,18895,18556,18230
33017,"Strafford, NH",9058,8842,8640,8441,8252,8082,7924,7783
33019,"Sullivan, NH",3231,3121,3018,2911,2815,2722,2630,2557
34001,"Atlantic, NJ",12902,12438,12032,11644,11284,10915,10582,10264
34003,"Bergen, NJ",21408,20580,19733,18943,18206,17486,16789,16082
34005,"Burlington, NJ",28402,27496,26617,25746,24930,24180,23450,22706
34007,"Camden, NJ",21098,20356,19679,19058,18451,17903,17369,16870
34009,"Cape May, NJ",14097,13608,13194,12802,12459,12156,11819,11498
34011,"Cumberland, NJ",6044,5825,5626,5442,5259,5106,4952,4808
34013,"Essex, NJ",20216,19279,18426,17611,16830,16123,15499,14912
34015,"Gloucester, NJ",14028,13717,13476,13234,12993,12777,12561,12401
34017,"Hudson, NJ",13562,12856,12197,11578,10994,10460,9973,9506
34019,"Hunterdon, NJ",4661,4496,4324,4163,4017,3876,3743,3613
34021,"Mercer, NJ",10258,9868,9514,9170,8826,8522,8223,7944
34023,"Middlesex, NJ",21276,20401,19561,18748,17958,17194,16495,15852
34025,"Monmouth, NJ",22116,21207,20294,19407,18584,17785,17019,16272
34027,"Morris, NJ",15259,14660,14069,13489,12941,12391,11866,11379
34029,"Ocean, NJ",30596,29327,28150,27101,26137,25161,24216,23325
34031,"Passaic, NJ",11503,10983,10496,10043,9613,9206,8806,8420
34033,"Salem, NJ",4082,3928,3776,3621,3483,3360,3240,3116
34035,"Somerset, NJ",9330,9028,8746,8461,8177,7931,7686,7455
34037,"Sussex, NJ",6203,5933,5692,5480,5244,5024,4822,4636
34039,"Union, NJ",15559,14878,14215,13592,12999,12403,11840,11313
34041,"Warren, NJ",5010,4885,4762,4627,4502,4378,4274,4160
35001,"Bernalillo, NM",58057,57186,56295,55402,54511,53610,52688,51711
35003,"Catron, NM",438,432,424,417,410,403,395,381
35005,"Chaves, NM",3485,3408,3344,3280,3227,3165,3111,3058
35006,"Cibola, NM",1483,1482,1481,1476,1469,1461,1456,1446
35007,"Colfax, NM",964,932,903,881,853,829,798,772
35009,"Curry, NM",4957,4834,4718,4592,4473,4351,4227,4108
35011,"De Baca, NM",112,111,107,103,97,93,90,83
35013,"Dona Ana, NM",14599,14336,14082,13824,13580,13339,13081,12855
35015,"Eddy, NM",3066,3015,2980,2931,2887,2859,2830,2798
35017,"Grant, NM",2292,2240,2185,2131,2076,2015,1963,1907
35019,"Guadalupe, NM",230,223,211,201,191,179,172,165
35021,"Harding, NM",51,57,57,57,54,53,51,48
35023,"Hidalgo, NM",284,279,267,257,244,238,230,223
35025,"Lea, NM",2391,2313,2233,2157,2078,2002,1936,1871
35027,"Lincoln, NM",1502,1449,1405,1366,1326,1295,1251,1215
35028,"Los Alamos, NM",1104,1083,1060,1035,1014,993,971,951
35029,"Luna, NM",1513,1457,1414,1361,1311,1264,1222,1187
35031,"McKinley, NM",2517,2476,2435,2393,2350,2306,2268,2227
35033,"Mora, NM",325,319,310,304,293,281,271,261
35035,"Otero, NM",8522,8366,8225,8078,7947,7836,7722,7617
35037,"Quay, NM",596,575,557,535,516,498,482,464
35039,"Rio Arriba, NM",2014,1969,1922,1870,1818,1769,1729,1694
35041,"Roosevelt, NM",952,928,903,876,850,826,802,780
35043,"Sandoval, NM",12669,12624,12594,12569,12512,12453,12383,12318
35045,"San Juan, NM",6792,6673,6555,6431,6298,6168,6050,5957
35047,"San Miguel, NM",1762,1709,1655,1600,1549,1498,1449,1407
35049,"Santa Fe, NM",8949,8866,8768,8698,8589,8448,8303,8128
35051,"Sierra, NM",1273,1211,1153,1092,1037,984,928,879
35053,"Socorro, NM",1165,1150,1142,1129,1122,1111,1102,1095
35055,"Taos, NM",2179,2158,2121,2089,2059,2026,1985,1954
35057,"Torrance, NM",1206,1167,1133,1096,1065,1036,1009,987
35059,"Union, NM",277,273,266,261,254,249,243,235
35061,"Valencia, NM",5680,5633,5566,5503,5451,5402,5358,5306
36001,"Albany, NY",15333,14728,14133,13597,13140,12715,12301,11879
36003,"Allegany, NY",3229,3116,2991,2882,2780,2697,2609,2532
36005,"Bronx, NY",25932,24863,23836,22834,21825,20872,19964,19095
36007,"Broome, NY",10401,10020,9624,9284,8969,8661,8369,8078
36009,"Cattaraugus, NY",5585,5378,5185,5005,4832,4680,4525,4369
36011,"Cayuga, NY",4994,4801,4617,4440,4262,4102,3952,3807
36013,"Chautauqua, NY",8036,7754,7495,7240,6986,6741,6514,6307
36015,"Chemung, NY",5520,5373,5227,5101,4958,4829,4701,4574
36017,"Chenango, NY",3126,3019,2915,2811,2722,2634,2553,2482
36019,"Clinton, NY",5745,5532,5328,5145,4981,4837,4700,4563
36021,"Columbia, NY",3175,3052,2934,2824,2713,2612,2503,2398
36023,"Cortland, NY",2502,2411,2334,2262,2193,2143,2087,2032
36025,"Delaware, NY",2584,2472,2385,2288,2202,2123,2048,1980
36027,"Dutchess, NY",12942,12465,12017,11588,11185,10780,10377,9996
36029,"Erie, NY",49483,47721,46049,44368,42716,41139,39670,38263
36031,"Essex, NY",2531,2423,2338,2252,2165,2084,2014,1955
36033,"Franklin, NY",3114,3020,2940,2869,2796,2735,2673,2610
36035,"Fulton, NY",3362,3266,3191,3125,3056,2983,2901,2815
36037,"Genesee, NY",3662,3553,3456,3365,3274,3189,3109,3033
36039,"Greene, NY",2955,2859,2773,2687,2586,2493,2408,2332
36041,"Hamilton, NY",368,354,342,330,317,309,302,292
36043,"Herkimer, NY",3982,3813,3660,3520,3389,3268,3152,3042
36045,"Jefferson, NY",15673,15216,14779,14398,14066,13771,13476,13195
36047,"Kings, NY",43659,41795,40013,38317,36712,35185,33724,32273
36049,"Lewis, NY",1815,1762,1707,1654,1605,1566,1527,1490
36051,"Livingston, NY",3442,3333,3207,3093,2991,2904,2819,2733
36053,"Madison, NY",4397,4295,4202,4104,4010,3913,3821,3741
36055,"Monroe, NY",32298,31151,30063,28999,27911,26852,25849,24899
36057,"Montgomery, NY",2831,2741,2653,2567,2487,2403,2320,2243
36059,"Nassau, NY",32727,31334,30019,28758,27599,26458,25341,24312
36061,"New York, NY",28163,26967,25827,24650,23515,22494,21536,20604
36063,"Niagara, NY",14627,14167,13728,13339,12951,12576,12205,11858
36065,"Oneida, NY",14197,13714,13245,12797,12367,11976,11595,11224
36067,"Onondaga, NY",24581,23725,22935,22180,21440,20741,20094,19488
36069,"Ontario, NY",6675,6436,6211,6004,5793,5583,5390,5196
36071,"Orange, NY",18026,17451,16898,16400,15959,15525,15076,14625
36073,"Orleans, NY",2453,2378,2301,2230,2166,2105,2047,1988
36075,"Oswego, NY",8565,8320,8076,7834,7633,7440,7251,7080
36077,"Otsego, NY",3575,3443,3311,3180,3068,2980,2909,2834
36079,"Putnam, NY",3871,3778,3707,3648,3571,3486,3404,3308
36081,"Queens, NY",39727,37911,36171,34503,32930,31460,30098,28830
36083,"Rensselaer, NY",8853,8617,8412,8211,8014,7815,7624,7423
36085,"Richmond, NY",13172,12440,11727,11071,10471,9901,9379,8890
36087,"Rockland, NY",6819,6603,6365,6142,5945,5738,5527,5331
36089,"Saint Lawrence, NY",6596,6326,6079,5845,5617,5416,5219,5043
36091,"Saratoga, NY",15026,14579,14159,13747,13345,12941,12557,12179
36093,"Schenectady, NY",7831,7530,7225,6940,6667,6396,6142,5889
36095,"Schoharie, NY",2003,1922,1846,1770,1701,1638,1574,1515
36097,"Schuyler, NY",1232,1198,1159,1117,1080,1048,1014,985
36099,"Seneca, NY",2172,2109,2048,2001,1951,1898,1841,1785
36101,"Steuben, NY",7390,7090,6806,6544,6280,6031,5805,5589
36103,"Suffolk, NY",50848,48770,46844,44986,43249,41502,39826,38262
36105,"Sullivan, NY",3882,3731,3606,3471,3341,3219,3098,2980
36107,"Tioga, NY",3241,3104,2976,2853,2739,2634,2530,2439
36109,"Tompkins, NY",3828,3665,3526,3399,3291,3211,3128,3043
36111,"Ulster, NY",8495,8164,7863,7566,7271,6978,6704,6441
36113,"Warren, NY",4782,4645,4516,4393,4280,4172,4057,3938
36115,"Washington, NY",3971,3828,3696,3571,3451,3332,3219,3110
36117,"Wayne, NY",5236,5073,4922,4768,4611,4468,4324,4196
36119,"Westchester, NY",23306,22500,21713,20929,20181,19427,18660,17892
36121,"Wyoming, NY",2430,2356,2277,2211,2142,2072,2013,1964
36123,"Yates, NY",1429,1381,1341,1307,1268,1235,1206,1170
37001,"Alamance, NC",9448,9410,9351,9264,9194,9146,9081,9003
37003,"Alexander, NC",1948,1903,1856,1809,1760,1716,1674,1632
37005,"Alleghany, NC",725,714,702,692,687,680,665,654
37007,"Anson, NC",1327,1321,1315,1304,1306,1302,1296,1288
37009,"Ashe, NC",1634,1615,1595,1583,1571,1555,1542,1519
37011,"Avery, NC",936,938,930,922,918,913,903,894
37013,"Beaufort, NC",3351,3317,3268,3227,3192,3152,3120,3085
37015,"Bertie, NC",912,897,882,861,850,833,817,796
37017,"Bladen, NC",2046,2033,2019,1998,1980,1957,1936,1912
37019,"Brunswick, NC",14616,14624,14674,14715,14713,14654,14636,14623
37021,"Buncombe, NC",15919,15705,15501,15312,15135,14968,14778,14589
37023,"Burke, NC",6023,5846,5697,5541,5381,5244,5100,4963
37025,"Cabarrus, NC",11795,11739,11673,11587,11514,11435,11348,11262
37027,"Caldwell, NC",4590,4504,4422,4339,4254,4176,4106,4039
37029,"Camden, NC",1268,1256,1249,1238,1227,1221,1212,1205
37031,"Carteret, NC",7817,7691,7566,7461,7372,7291,7214,7147
37033,"Caswell, NC",1337,1316,1294,1276,1253,1233,1211,1189
37035,"Catawba, NC",9322,9116,8922,8727,8531,8330,8134,7933
37037,"Chatham, NC",3768,3746,3716,3684,3654,3606,3556,3519
37039,"Cherokee, NC",2766,2749,2732,2708,2691,2669,2658,2651
37041,"Chowan, NC",1019,997,971,948,923,898,876,854
37043,"Clay, NC",882,854,824,796,771,741,714,687
37045,"Cleveland, NC",5370,5307,5247,5191,5123,5056,4978,4894
37047,"Columbus, NC",2946,2887,2830,2773,2725,2676,2624,2578
37049,"Craven, NC",14596,14404,14237,14086,13974,13869,13765,13700
37051,"Cumberland, NC",59290,58583,57941,57282,56626,56053,55429,54781
37053,"Currituck, NC",3278,3308,3336,3352,3372,3397,3423,3439
37055,"Dare, NC",2635,2602,2577,2565,2539,2511,2481,2442
37057,"Davidson, NC",10147,10042,9906,9773,9638,9507,9384,9261
37059,"Davie, NC",2672,2663,2643,2632,2616,2609,2595,2569
37061,"Duplin, NC",2869,2820,2777,2733,2692,2643,2595,2547
37063,"Durham, NC",14180,14025,13852,13656,13453,13256,13088,12882
37065,"Edgecombe, NC",2860,2804,2756,2707,2656,2602,2552,2501
37067,"Forsyth, NC",19586,19158,18733,18286,17826,17387,16950,16479
37069,"Franklin, NC",4503,4572,4628,4687,4748,4785,4809,4835
37071,"Gaston, NC",13365,13258,13164,13047,12939,12810,12702,12591
37073,"Gates, NC",946,933,919,908,896,888,873,864
37075,"Graham, NC",343,334,323,311,299,288,279,269
37077,"Granville, NC",3409,3390,3369,3344,3320,3289,3260,3230
37079,"Greene, NC",900,876,853,828,805,782,760,741
37081,"Guilford, NC",27815,27474,27117,26689,26244,25816,25403,24954
37083,"Halifax, NC",2658,2597,2534,2467,2404,2343,2282,2223
37085,"Harnett, NC",14727,14478,14228,13972,13704,13444,13190,12950
37087,"Haywood, NC",4901,4834,4765,4692,4624,4558,4482,4400
37089,"Henderson, NC",8322,8177,8040,7890,7741,7586,7426,7267
37091,"Hertford, NC",1261,1259,1256,1251,1245,1234,1227,1221
37093,"Hoke, NC",8268,8344,8431,8517,8595,8668,8755,8853
37095,"Hyde, NC",214,211,205,198,192,188,184,180
37097,"Iredell, NC",10567,10524,10475,10408,10342,10250,10160,10068
37099,"Jackson, NC",2334,2291,2247,2193,2154,2124,2099,2068
37101,"Johnston, NC",13743,13715,13695,13696,13687,13661,13622,13591
37103,"Jones, NC",952,939,922,909,900,889,876,860
37105,"Lee, NC",4321,4236,4148,4061,3973,3881,3792,3707
37107,"Lenoir, NC",4149,4130,4110,4088,4075,4056,4034,4003
37109,"Lincoln, NC",4989,4990,4996,5009,5004,5010,5022,5032
37111,"McDowell, NC",3103,3088,3072,3064,3045,3027,3005,2985
37113,"Macon, NC",3269,3269,3257,3248,3236,3219,3195,3183
37115,"Madison, NC",1316,1311,1300,1289,1282,1272,1261,1251
37117,"Martin, NC",1315,1290,1260,1231,1201,1175,1144,1113
37119,"Mecklenburg, NC",47832,47685,47482,47279,47051,46766,46437,46095
37121,"Mitchell, NC",1062,1067,1062,1063,1055,1052,1044,1030
37123,"Montgomery, NC",1477,1430,1381,1333,1283,1234,1180,1138
37125,"Moore, NC",11379,11383,11358,11328,11281,11246,11197,11146
37127,"Nash, NC",5785,5712,5639,5566,5491,5417,5336,5244
37129,"New Hanover, NC",15444,15286,15122,14956,14829,14711,14555,14403
37131,"Northampton, NC",1065,1028,992,956,919,882,848,814
37133,"Onslow, NC",41192,40893,40676,40486,40294,40203,40119,40026
37135,"Orange, NC",5542,5546,5517,5473,5442,5416,5371,5314
37137,"Pamlico, NC",1224,1195,1159,1122,1096,1066,1036,1009
37139,"Pasquotank, NC",3964,3886,3813,3735,3669,3599,3526,3461
37141,"Pender, NC",4998,4995,4992,4993,4992,4994,4991,4991
37143,"Perquimans, NC",1313,1272,1234,1191,1159,1127,1087,1051
37145,"Person, NC",2339,2310,2276,2248,2229,2206,2171,2135
37147,"Pitt, NC",10138,10104,10063,10037,10019,10000,9986,9970
37149,"Polk, NC",1425,1413,1402,1379,1349,1325,1308,1290
37151,"Randolph, NC",7469,7327,7180,7042,6920,6785,6644,6508
37153,"Richmond, NC",2627,2562,2508,2452,2398,2341,2282,2224
37155,"Robeson, NC",6800,6700,6595,6498,6402,6302,6200,6090
37157,"Rockingham, NC",5535,5411,5304,5190,5065,4947,4825,4708
37159,"Rowan, NC",9547,9388,9240,9091,8948,8794,8637,8486
37161,"Rutherford, NC",4068,4012,3959,3916,3873,3825,3778,3735
37163,"Sampson, NC",3189,3103,3029,2957,2887,2814,2736,2664
37165,"Scotland, NC",2165,2101,2034,1972,1917,1870,1817,1760
37167,"Stanly, NC",3399,3309,3227,3141,3064,2988,2923,2860
37169,"Stokes, NC",2768,2742,2723,2697,2668,2639,2595,2561
37171,"Surry, NC",3613,3544,3480,3402,3322,3248,3170,3088
37173,"Swain, NC",929,923,916,907,894,888,874,865
37175,"Transylvania, NC",2722,2719,2719,2728,2723,2728,2723,2714
37177,"Tyrrell, NC",253,256,251,249,250,253,254,250
37179,"Union, NC",10535,10580,10633,10700,10779,10851,10933,11026
37181,"Vance, NC",2405,2394,2374,2350,2335,2314,2300,2278
37183,"Wake, NC",51403,51196,50990,50796,50503,50125,49698,49248
37185,"Warren, NC",1296,1282,1270,1251,1233,1217,1205,1193
37187,"Washington, NC",701,691,680,668,653,636,621,607
37189,"Watauga, NC",2504,2502,2513,2513,2506,2510,2519,2534
37191,"Wayne, NC",11733,11471,11217,10977,10748,10518,10288,10043
37193,"Wilkes, NC",3798,3745,3687,3630,3572,3505,3428,3354
37195,"Wilson, NC",4502,4404,4311,4215,4108,4003,3908,3814
37197,"Yadkin, NC",2144,2125,2102,2074,2050,2014,1985,1955
37199,"Yancey, NC",1083,1076,1066,1045,1026,1005,995,989
38001,"Adams, ND",140,140,136,133,128,123,118,114
38003,"Barnes, ND",711,692,672,648,627,608,589,571
38005,"Benson, ND",328,320,313,306,296,289,282,276
38007,"Billings, ND",69,71,72,71,72,72,70,68
38009,"Bottineau, ND",487,471,451,437,422,409,397,382
38011,"Bowman, ND",186,184,179,174,169,165,158,155
38013,"Burke, ND",98,97,94,94,91,89,87,86
38015,"Burleigh, ND",5135,5039,4949,4851,4741,4634,4533,4440
38017,"Cass, ND",10545,10328,10135,9966,9802,9626,9454,9272
38019,"Cavalier, ND",212,199,183,169,161,154,145,135
38021,"Dickey, ND",261,250,240,229,219,208,200,189
38023,"Divide, ND",146,145,139,137,136,132,127,124
38025,"Dunn, ND",304,301,295,289,284,286,285,283
38027,"Eddy, ND",144,139,130,122,117,111,105,99
38029,"Emmons, ND",235,227,217,211,205,198,191,183
38031,"Foster, ND",177,172,165,160,156,149,144,136
38033,"Golden Valley, ND",116,116,113,110,105,103,99,95
38035,"Grand Forks, ND",5406,5239,5116,4970,4832,4718,4623,4529
38037,"Grant, ND",172,161,150,142,141,139,131,123
38039,"Griggs, ND",106,105,99,94,87,81,75,69
38041,"Hettinger, ND",165,169,163,161,156,151,149,147
38043,"Kidder, ND",179,178,172,166,166,163,160,159
38045,"La Moure, ND",269,258,248,240,235,230,224,217
38047,"Logan, ND",108,106,102,97,93,90,87,85
38049,"McHenry, ND",400,394,388,385,378,370,362,355
38051,"McIntosh, ND",178,174,168,163,156,150,144,141
38053,"McKenzie, ND",573,573,572,568,565,561,556,552
38055,"McLean, ND",657,631,611,584,555,530,507,488
38057,"Mercer, ND",522,507,492,475,467,459,448,439
38059,"Morton, ND",2003,1979,1958,1935,1910,1882,1858,1836
38061,"Mountrail, ND",508,502,499,495,485,477,470,464
38063,"Nelson, ND",227,220,212,204,194,186,178,170
38065,"Oliver, ND",112,116,115,115,114,112,110,107
38067,"Pembina, ND",469,451,435,418,400,384,368,354
38069,"Pierce, ND",273,264,261,257,255,249,241,238
38071,"Ramsey, ND",818,789,765,740,714,690,668,644
38073,"Ransom, ND",352,348,340,332,323,314,306,301
38075,"Renville, ND",215,210,203,193,187,180,172,165
38077,"Richland, ND",992,960,927,902,888,870,841,815
38079,"Rolette, ND",546,540,530,522,518,512,501,489
38081,"Sargent, ND",247,237,227,223,215,207,200,192
38083,"Sheridan, ND",89,88,84,80,76,72,70,68
38085,"Sioux, ND",186,183,180,176,173,171,168,167
38087,"Slope, ND",34,39,38,38,37,37,35,33
38089,"Stark, ND",1823,1786,1757,1725,1691,1668,1646,1631
38091,"Steele, ND",114,110,103,97,92,88,84,79
38093,"Stutsman, ND",1250,1203,1151,1106,1067,1028,991,951
38095,"Towner, ND",98,98,94,88,82,77,72,69
38097,"Traill, ND",478,459,442,423,405,389,374,359
38099,"Walsh, ND",621,606,586,570,555,537,518,501
38101,"Ward, ND",6806,6696,6610,6534,6468,6392,6322,6247
38103,"Wells, ND",235,230,224,217,210,203,196,192
38105,"Williams, ND",1979,1976,1970,1956,1934,1924,1916,1904
39001,"Adams, OH",1778,1760,1740,1715,1698,1682,1661,1637
39003,"Allen, OH",6295,6151,6024,5894,5761,5655,5556,5459
39005,"Ashland, OH",3217,3118,3030,2949,2860,2776,2693,2616
39007,"Ashtabula, OH",7008,6811,6636,6458,6297,6137,5970,5809
39009,"Athens, OH",2888,2794,2701,2611,2545,2496,2455,2402
39011,"Auglaize, OH",2645,2602,2572,2543,2511,2465,2421,2383
39013,"Belmont, OH",4133,3983,3845,3716,3598,3483,3374,3272
39015,"Brown, OH",3039,2993,2953,2921,2887,2848,2809,2768
39017,"Butler, OH",19720,19284,18843,18421,18014,17599,17172,16708
39019,"Carroll, OH",1785,1738,1700,1668,1631,1595,1553,1515
39021,"Champaign, OH",2650,2585,2531,2468,2411,2361,2313,2263
39023,"Clark, OH",10504,10223,9960,9694,9433,9192,8955,8722
39025,"Clermont, OH",12744,12553,12372,12185,12020,11850,11679,11534
39027,"Clinton, OH",2989,2976,2956,2939,2922,2906,2889,2869
39029,"Columbiana, OH",6911,6792,6684,6593,6491,6369,6244,6114
39031,"Coshocton, OH",2257,2198,2141,2088,2039,1989,1937,1892
39033,"Crawford, OH",2785,2693,2604,2510,2422,2339,2258,2188
39035,"Cuyahoga, OH",63040,61535,60049,58542,56989,55478,53994,52557
39037,"Darke, OH",2784,2680,2588,2484,2389,2299,2213,2131
39039,"Defiance, OH",2317,2241,2177,2119,2056,1995,1937,1876
39041,"Delaware, OH",9578,9660,9757,9871,9996,10064,10154,10201
39043,"Erie, OH",5035,4845,4665,4495,4330,4164,4011,3860
39045,"Fairfield, OH",10365,10114,9892,9657,9430,9214,9011,8825
39047,"Fayette, OH",1697,1619,1552,1486,1429,1383,1331,1281
39049,"Franklin, OH",60636,59335,58019,56723,55434,54270,53146,52017
39051,"Fulton, OH",2505,2467,2417,2376,2337,2303,2261,2220
39053,"Gallia, OH",1719,1654,1597,1543,1490,1447,1405,1369
39055,"Geauga, OH",4279,4209,4144,4086,4022,3952,3883,3836
39057,"Greene, OH",17104,16882,16693,16501,16315,16133,15963,15784
39059,"Guernsey, OH",2610,2547,2478,2406,2344,2288,2242,2193
39061,"Hamilton, OH",38809,37943,37077,36187,35302,34467,33659,32818
39063,"Hancock, OH",4116,4019,3931,3848,3760,3681,3593,3513
39065,"Hardin, OH",1632,1599,1568,1539,1500,1461,1430,1403
39067,"Harrison, OH",996,975,953,934,913,884,861,842
39069,"Henry, OH",1651,1631,1605,1580,1554,1524,1498,1472
39071,"Highland, OH",2815,2713,2617,2524,2434,2348,2268,2181
39073,"Hocking, OH",1875,1800,1727,1649,1582,1519,1461,1402
39075,"Holmes, OH",1019,980,941,905,871,837,800,768
39077,"Huron, OH",3628,3519,3414,3318,3233,3147,3057,2975
39079,"Jackson, OH",2004,1983,1967,1947,1923,1902,1891,1873
39081,"Jefferson, OH",4339,4193,4065,3943,3824,3700,3579,3453
39083,"Knox, OH",3599,3509,3424,3343,3265,3195,3127,3068
39085,"Lake, OH",13056,12807,12582,12354,12127,11895,11686,11490
39087,"Lawrence, OH",3914,3843,3771,3697,3637,3575,3522,3459
39089,"Licking, OH",11869,11711,11542,11387,11247,11122,10984,10850
39091,"Logan, OH",2994,2932,2876,2821,2762,2701,2633,2578
39093,"Lorain, OH",18821,18444,18098,17788,17481,17140,16801,16452
39095,"Lucas, OH",22175,21559,20963,20391,19807,19250,18716,18174
39097,"Madison, OH",2415,2382,2352,2317,2287,2261,2239,2227
39099,"Mahoning, OH",12868,12514,12184,11862,11537,11211,10880,10552
39101,"Marion, OH",3704,3596,3494,3394,3301,3205,3109,3014
39103,"Medina, OH",10302,10082,9869,9667,9484,9296,9097,8896
39105,"Meigs, OH",1423,1372,1334,1294,1252,1214,1175,1141
39107,"Mercer, OH",2056,2030,1997,1971,1956,1932,1901,1860
39109,"Miami, OH",7738,7551,7380,7215,7063,6896,6724,6555
39111,"Monroe, OH",901,872,848,820,797,773,750,730
39113,"Montgomery, OH",40419,39603,38821,38043,37264,36524,35780,35084
39115,"Morgan, OH",1011,984,956,933,912,891,869,846
39117,"Morrow, OH",2214,2157,2105,2053,2001,1956,1915,1878
39119,"Muskingum, OH",5303,5130,4959,4802,4654,4523,4388,4268
39121,"Noble, OH",925,874,832,810,799,795,768,741
39123,"Ottawa, OH",2871,2812,2751,2684,2617,2550,2486,2427
39125,"Paulding, OH",1069,1055,1032,1012,989,969,951,927
39127,"Perry, OH",2393,2346,2284,2244,2211,2173,2131,2087
39129,"Pickaway, OH",3870,3775,3680,3587,3505,3436,3369,3305
39131,"Pike, OH",1812,1792,1777,1759,1740,1720,1692,1673
39133,"Portage, OH",9659,9435,9232,9024,8863,8685,8500,8334
39135,"Preble, OH",2566,2514,2462,2413,2362,2309,2258,2206
39137,"Putnam, OH",1457,1416,1366,1313,1265,1226,1188,1154
39139,"Richland, OH",7902,7731,7563,7403,7254,7118,6968,6818
39141,"Ross, OH",6008,5886,5763,5631,5509,5396,5296,5200
39143,"Sandusky, OH",3706,3623,3543,3470,3396,3324,3246,3177
39145,"Scioto, OH",4430,4299,4162,4031,3901,3769,3641,3514
39147,"Seneca, OH",3118,3045,2973,2896,2822,2748,2675,2602
39149,"Shelby, OH",2778,2724,2674,2627,2575,2528,2482,2443
39151,"Stark, OH",22217,21555,20939,20312,19694,19104,18533,17987
39153,"Summit, OH",28721,28053,27417,26806,26186,25543,24938,24351
39155,"Trumbull, OH",14222,13933,13647,13378,13115,12834,12562,12297
39157,"Tuscarawas, OH",5079,4950,4819,4701,4587,4475,4363,4256
39159,"Union, OH",3394,3360,3316,3265,3218,3173,3108,3055
39161,"Van Wert, OH",1597,1558,1523,1480,1434,1393,1353,1328
39163,"Vinton, OH",651,636,616,599,581,563,544,523
39165,"Warren, OH",12178,12050,11931,11829,11752,11661,11559,11433
39167,"Washington, OH",4338,4237,4145,4059,3975,3908,3829,3755
39169,"Wayne, OH",5564,5422,5280,5136,5006,4882,4768,4657
39171,"Williams, OH",2096,2039,1989,1935,1886,1835,1784,1738
39173,"Wood, OH",6586,6493,6395,6303,6222,6137,6055,5951
39175,"Wyandot, OH",1291,1270,1239,1210,1179,1152,1130,1106
40001,"Adair, OK",1132,1126,1115,1108,1099,1093,1086,1085
40003,"Alfalfa, OK",398,397,392,389,387,390,385,376
40005,"Atoka, OK",924,930,928,924,920,915,912,909
40007,"Beaver, OK",226,226,220,213,209,205,201,196
40009,"Beckham, OK",1090,1087,1080,1070,1059,1047,1033,1023
40011,"Blaine, OK",518,505,490,474,458,443,427,410
40013,"Bryan, OK",2876,2823,2774,2715,2653,2597,2544,2493
40015,"Caddo, OK",1530,1478,1432,1384,1340,1294,1252,1213
40017,"Canadian, OK",11476,11511,11524,11526,11532,11531,11540,11505
40019,"Carter, OK",3042,2966,2890,2822,2757,2700,2637,2576
40021,"Cherokee, OK",2975,2946,2906,2870,2819,2770,2739,2697
40023,"Choctaw, OK",1069,1049,1037,1027,1018,1007,992,987
40025,"Cimarron, OK",83,87,81,77,73,69,63,60
40027,"Cleveland, OK",22372,22375,22384,22362,22389,22398,22377,22354
40029,"Coal, OK",327,327,323,316,312,305,298,293
40031,"Comanche, OK",25789,25244,24694,24150,23671,23218,22790,22335
40033,"Cotton, OK",415,412,405,397,389,384,376,368
40035,"Craig, OK",856,822,788,759,724,691,662,634
40037,"Creek, OK",4758,4704,4641,4581,4516,4455,4397,4333
40039,"Custer, OK",1392,1365,1340,1316,1294,1281,1263,1238
40041,"Delaware, OK",2953,2878,2793,2722,2657,2593,2526,2468
40043,"Dewey, OK",213,213,209,199,192,188,182,175
40045,"Ellis, OK",205,203,198,194,188,182,177,170
40047,"Garfield, OK",4351,4253,4155,4059,3964,3873,3789,3708
40049,"Garvin, OK",1493,1464,1432,1397,1370,1337,1306,1275
40051,"Grady, OK",3884,3829,3769,3715,3672,3627,3570,3522
40053,"Grant, OK",232,225,222,218,212,206,199,194
40055,"Greer, OK",421,418,415,409,403,400,399,394
40057,"Harmon, OK",105,104,98,92,87,83,78,74
40059,"Harper, OK",152,159,163,167,167,166,162,162
40061,"Haskell, OK",805,787,772,758,745,722,705,692
40063,"Hughes, OK",828,815,800,786,770,759,746,736
40065,"Jackson, OK",3384,3279,3171,3069,2966,2880,2792,2692
40067,"Jefferson, OK",352,346,331,320,309,297,287,276
40069,"Johnston, OK",729,719,704,690,677,666,650,641
40071,"Kay, OK",2949,2896,2864,2822,2789,2754,2713,2688
40073,"Kingfisher, OK",661,644,627,613,603,590,580,564
40075,"Kiowa, OK",614,590,567,546,531,510,489,473
40077,"Latimer, OK",859,851,846,833,821,808,801,794
40079,"Le Flore, OK",3384,3342,3309,3274,3234,3196,3158,3112
40081,"Lincoln, OK",2727,2674,2616,2556,2498,2443,2390,2334
40083,"Logan, OK",3528,3511,3503,3486,3466,3436,3416,3386
40085,"Love, OK",651,645,638,634,624,614,610,600
40087,"McClain, OK",2839,2829,2815,2801,2793,2775,2756,2733
40089,"McCurtain, OK",1995,1949,1901,1851,1814,1776,1735,1705
40091,"McIntosh, OK",1831,1791,1753,1733,1702,1680,1655,1619
40093,"Major, OK",431,425,426,429,424,416,405,400
40095,"Marshall, OK",1244,1231,1219,1207,1196,1181,1164,1161
40097,"Mayes, OK",2867,2806,2757,2719,2677,2637,2592,2552
40099,"Murray, OK",997,964,940,919,896,871,841,815
40101,"Muskogee, OK",5322,5241,5159,5072,4986,4892,4818,4730
40103,"Noble, OK",668,658,643,629,607,591,579,561
40105,"Nowata, OK",477,458,437,418,398,380,362,345
40107,"Okfuskee, OK",746,734,723,710,698,683,672,656
40109,"Oklahoma, OK",54855,54147,53456,52792,52080,51350,50587,49799
40111,"Okmulgee, OK",2607,2534,2467,2391,2322,2252,2184,2127
40113,"Osage, OK",3034,2990,2951,2903,2857,2814,2765,2722
40115,"Ottawa, OK",2042,1991,1942,1895,1847,1805,1760,1715
40117,"Pawnee, OK",1199,1177,1145,1114,1091,1063,1043,1020
40119,"Payne, OK",4133,4075,4011,3962,3917,3880,3854,3800
40121,"Pittsburg, OK",3685,3613,3554,3495,3424,3371,3308,3249
40123,"Pontotoc, OK",2202,2187,2177,2164,2152,2145,2127,2114
40125,"Pottawatomie, OK",5576,5445,5321,5180,5047,4923,4795,4683
40127,"Pushmataha, OK",870,839,809,783,755,735,713,692
40129,"Roger Mills, OK",135,139,138,137,136,136,133,132
40131,"Rogers, OK",7003,7000,7004,7006,7021,7022,7022,7049
40133,"Seminole, OK",1687,1653,1627,1592,1563,1539,1515,1486
40135,"Sequoyah, OK",3168,3131,3100,3075,3056,3028,3012,2986
40137,"Stephens, OK",3218,3163,3108,3054,3002,2939,2882,2827
40139,"Texas, OK",575,566,549,538,524,512,501,489
40141,"Tillman, OK",456,437,419,403,389,376,362,350
40143,"Tulsa, OK",36797,36151,35549,34937,34218,33501,32792,32099
40145,"Wagoner, OK",5639,5634,5648,5651,5675,5674,5667,5676
40147,"Washington, OK",3333,3281,3239,3196,3139,3082,3024,2971
40149,"Washita, OK",592,575,563,547,530,516,500,485
40151,"Woods, OK",477,467,454,439,422,407,393,379
40153,"Woodward, OK",1059,1033,1009,987,967,944,920,903
41001,"Baker, OR",1556,1499,1447,1386,1333,1281,1230,1184
41003,"Benton, OR",5445,5357,5292,5214,5158,5124,5072,5020
41005,"Clackamas, OR",23803,23095,22425,21766,21163,20556,19928,19347
41007,"Clatsop, OR",3448,3380,3315,3256,3200,3151,3092,3031
41009,"Columbia, OR",4452,4353,4254,4161,4069,3968,3888,3813
41011,"Coos, OR",6221,6040,5883,5740,5608,5492,5369,5257
41013,"Crook, OR",2095,2026,1960,1909,1860,1816,1772,1727
41015,"Curry, OR",2416,2325,2246,2170,2097,2028,1958,1897
41017,"Deschutes, OR",13516,13488,13471,13471,13485,13461,13440,13426
41019,"Douglas, OR",12047,11777,11527,11286,11067,10852,10626,10409
41021,"Gilliam, OR",195,196,191,189,190,188,187,185
41023,"Grant, OR",712,695,683,665,647,629,613,603
41025,"Harney, OR",565,540,522,500,479,462,444,424
41027,"Hood River, OR",1055,1042,1025,1004,988,968,947,924
41029,"Jackson, OR",16889,16467,16103,15738,15376,15058,14710,14380
41031,"Jefferson, OR",1450,1399,1344,1304,1261,1223,1187,1153
41033,"Josephine, OR",8214,8121,8016,7914,7812,7732,7654,7567
41035,"Klamath, OR",6697,6481,6250,6040,5832,5651,5486,5326
41037,"Lake, OR",646,617,591,569,545,522,499,477
41039,"Lane, OR",26847,26456,26106,25719,25344,24973,24587,24170
41041,"Lincoln, OR",4751,4637,4506,4405,4308,4177,4074,3961
41043,"Linn, OR",10448,10248,10053,9879,9717,9559,9404,9271
41045,"Malheur, OR",1671,1630,1593,1554,1514,1480,1447,1412
41047,"Marion, OR",19700,19147,18621,18109,17612,17099,16612,16141
41049,"Morrow, OR",745,725,702,672,650,631,613,590
41051,"Multnomah, OR",37957,37042,36128,35187,34232,33333,32514,31668
41053,"Polk, OR",6007,5915,5827,5739,5644,5560,5475,5397
41055,"Sherman, OR",167,165,162,158,151,145,141,141
41057,"Tillamook, OR",1995,1921,1849,1777,1706,1642,1585,1536
41059,"Umatilla, OR",4817,4666,4521,4387,4259,4138,4026,3914
41061,"Union, OR",1902,1848,1800,1761,1720,1682,1645,1607
41063,"Wallowa, OR",497,477,460,444,429,416,402,388
41065,"Wasco, OR",1950,1901,1855,1821,1787,1752,1714,1684
41067,"Washington, OR",27922,27340,26790,26272,25754,25231,24713,24185
41069,"Wheeler, OR",172,171,169,169,161,156,151,147
41071,"Yamhill, OR",6788,6725,6678,6637,6585,6524,6465,6405
42001,"Adams, PA",6530,6329,6143,5957,5776,5602,5430,5250
42003,"Allegheny, PA",65677,63057,60587,58214,55901,53670,51570,49536
42005,"Armstrong, PA",4991,4810,4631,4468,4310,4165,4022,3880
42007,"Beaver, PA",11506,11107,10707,10323,9967,9622,9283,8947
42009,"Bedford, PA",3327,3210,3096,2989,2900,2803,2720,2639
42011,"Berks, PA",19593,18990,18425,17868,17322,16791,16271,15751
42013,"Blair, PA",9629,9321,9024,8729,8443,8153,7889,7645
42015,"Bradford, PA",4285,4105,3930,3768,3620,3479,3340,3209
42017,"Bucks, PA",29700,28930,28208,27508,26843,26175,25504,24891
42019,"Butler, PA",11706,11324,10983,10656,10316,9979,9664,9367
42021,"Cambria, PA",10454,10118,9793,9463,9140,8824,8534,8255
42023,"Cameron, PA",418,397,373,353,335,319,301,285
42025,"Carbon, PA",4551,4374,4203,4044,3903,3771,3651,3538
42027,"Centre, PA",7280,7131,6981,6796,6634,6517,6394,6262
42029,"Chester, PA",21578,21125,20687,20257,19821,19336,18846,18350
42031,"Clarion, PA",2594,2519,2449,2379,2317,2254,2196,2145
42033,"Clearfield, PA",5497,5307,5125,4955,4798,4649,4503,4360
42035,"Clinton, PA",2665,2569,2495,2416,2349,2280,2217,2156
42037,"Columbia, PA",3960,3812,3673,3538,3414,3299,3178,3067
42039,"Crawford, PA",6308,6163,6033,5914,5793,5666,5540,5417
42041,"Cumberland, PA",17823,17366,16908,16459,16011,15607,15206,14810
42043,"Dauphin, PA",17072,16605,16158,15721,15287,14864,14452,14036
42045,"Delaware, PA",22907,22180,21494,20844,20180,19510,18838,18170
42047,"Elk, PA",2160,2075,1982,1890,1807,1730,1666,1612
42049,"Erie, PA",17790,17202,16634,16093,15557,15031,14522,14022
42051,"Fayette, PA",8461,8136,7826,7528,7228,6955,6704,6460
42053,"Forest, PA",492,475,460,450,436,427,411,398
42055,"Franklin, PA",11167,10804,10466,10151,9871,9613,9361,9125
42057,"Fulton, PA",922,884,852,818,785,754,723,694
42059,"Greene, PA",2489,2443,2398,2361,2321,2279,2239,2200
42061,"Huntingdon, PA",3203,3144,3085,3027,2982,2932,2873,2807
42063,"Indiana, PA",5290,5143,4993,4851,4726,4625,4524,4432
42065,"Jefferson, PA",2833,2739,2648,2568,2496,2423,2350,2279
42067,"Juniata, PA",1185,1139,1096,1055,1015,979,940,904
42069,"Lackawanna, PA",12236,11835,11413,11006,10595,10187,9812,9443
42071,"Lancaster, PA",27335,26512,25780,25058,24340,23647,22924,22270
42073,"Lawrence, PA",5409,5232,5057,4893,4728,4586,4452,4318
42075,"Lebanon, PA",10189,9967,9749,9529,9311,9104,8903,8701
42077,"Lehigh, PA",16542,16055,15602,15170,14757,14343,13963,13587
42079,"Luzerne, PA",18786,18276,17757,17261,16787,16314,15867,15412
42081,"Lycoming, PA",8134,7935,7738,7553,7360,7186,7024,6867
42083,"McKean, PA",2945,2821,2695,2575,2469,2365,2263,2171
42085,"Mercer, PA",7220,6981,6755,6528,6298,6086,5887,5689
42087,"Mifflin, PA",3139,2995,2862,2734,2610,2501,2398,2306
42089,"Monroe, PA",9292,9175,9048,8936,8829,8718,8611,8479
42091,"Montgomery, PA",32485,31451,30453,29518,28597,27661,26735,25806
42093,"Montour, PA",1115,1067,1024,981,946,909,877,843
42095,"Northampton, PA",15990,15615,15261,14904,14539,14189,13830,13483
42097,"Northumberland, PA",6311,6107,5898,5707,5533,5362,5191,5032
42099,"Perry, PA",3128,3045,2950,2853,2775,2701,2630,2566
42101,"Philadelphia, PA",54305,52518,50846,49154,47533,46082,44728,43418
42103,"Pike, PA",3840,3764,3690,3624,3558,3486,3418,3357
42105,"Potter, PA",1431,1380,1336,1294,1253,1211,1172,1137
42107,"Schuylkill, PA",9622,9185,8778,8411,8061,7716,7372,7048
42109,"Snyder, PA",1838,1777,1714,1651,1598,1546,1492,1444
42111,"Somerset, PA",5470,5345,5222,5104,4995,4883,4765,4633
42113,"Sullivan, PA",501,481,460,440,422,403,386,371
42115,"Susquehanna, PA",2924,2843,2772,2702,2639,2568,2487,2415
42117,"Tioga, PA",3503,3438,3366,3290,3226,3166,3100,3040
42119,"Union, PA",2166,2105,2042,1976,1909,1857,1811,1767
42121,"Venango, PA",4044,3904,3765,3627,3497,3375,3254,3135
42123,"Warren, PA",3400,3308,3211,3123,3030,2944,2869,2797
42125,"Washington, PA",12905,12440,12010,11597,11220,10832,10480,10141
42127,"Wayne, PA",3890,3836,3778,3717,3665,3610,3556,3492
42129,"Westmoreland, PA",22191,21538,20912,20341,19773,19218,18640,18086
42131,"Wyoming, PA",1842,1770,1704,1641,1582,1536,1484,1438
42133,"York, PA",28031,27366,26737,26116,25533,24948,24326,23706
44001,"Bristol, RI",2651,2589,2519,2451,2387,2325,2267,2209
44003,"Kent, RI",10248,9988,9764,9569,9335,9140,8942,8750
44005,"Newport, RI",8350,8084,7840,7596,7390,7213,7036,6855
44007,"Providence, RI",26544,25631,24751,23894,23116,22308,21529,20788
44009,"Washington, RI",7210,6964,6726,6503,6270,6062,5871,5687
45001,"Abbeville, SC",1651,1621,1596,1577,1554,1526,1506,1482
45003,"Aiken, SC",13996,13911,13801,13707,13586,13467,13351,13255
45005,"Allendale, SC",420,413,406,397,390,382,375,369
45007,"Anderson, SC",12973,12943,12886,12830,12775,12705,12651,12590
45009,"Bamberg, SC",863,834,800,771,741,714,687,663
45011,"Barnwell, SC",1212,1191,1175,1156,1139,1127,1111,1091
45013,"Beaufort, SC",28563,27945,27463,27161,26870,26508,26148,25882
45015,"Berkeley, SC",24654,24755,24830,24879,24926,24991,25039,25059
45017,"Calhoun, SC",1012,987,960,929,902,873,850,828
45019,"Charleston, SC",31614,31689,31748,31760,31708,31611,31475,31322
45021,"Cherokee, SC",3237,3236,3226,3209,3195,3168,3149,3124
45023,"Chester, SC",2033,2017,1995,1967,1945,1915,1887,1868
45025,"Chesterfield, SC",2526,2526,2520,2510,2494,2485,2472,2465
45027,"Clarendon, SC",2265,2208,2141,2083,2019,1964,1915,1859
45029,"Colleton, SC",3158,3101,3040,2974,2908,2838,2773,2702
45031,"Darlington, SC",3750,3616,3483,3342,3212,3081,2959,2841
45033,"Dillon, SC",1730,1718,1699,1681,1661,1640,1621,1598
45035,"Dorchester, SC",16640,16863,17106,17309,17487,17676,17818,17949
45037,"Edgefield, SC",1843,1830,1812,1789,1764,1742,1724,1702
45039,"Fairfield, SC",1427,1395,1366,1331,1301,1271,1245,1216
45041,"Florence, SC",8435,8326,8202,8081,7951,7834,7724,7607
45043,"Georgetown, SC",4852,4749,4642,4527,4424,4313,4207,4117
45045,"Greenville, SC",29185,28951,28694,28402,28072,27748,27386,27019
45047,"Greenwood, SC",3771,3722,3663,3607,3560,3520,3469,3405
45049,"Hampton, SC",1211,1182,1146,1110,1076,1047,1017,982
45051,"Horry, SC",28209,28060,27910,27777,27606,27414,27218,27001
45053,"Jasper, SC",2025,1997,1959,1930,1891,1860,1833,1803
45055,"Kershaw, SC",6348,6294,6231,6164,6094,6029,5965,5896
45057,"Lancaster, SC",5920,5862,5807,5738,5688,5625,5570,5523
45059,"Laurens, SC",4232,4086,3951,3824,3697,3567,3441,3323
45061,"Lee, SC",1019,1018,1020,1019,1017,1009,1002,1002
45063,"Lexington, SC",22838,22928,22993,23039,23046,23061,23079,23131
45065,"McCormick, SC",915,895,874,859,843,824,809,787
45067,"Marion, SC",1798,1726,1658,1593,1526,1467,1413,1361
45069,"Marlboro, SC",1384,1352,1323,1298,1268,1240,1214,1187
45071,"Newberry, SC",2305,2294,2282,2269,2258,2246,2235,2221
45073,"Oconee, SC",5502,5404,5289,5188,5088,4978,4868,4757
45075,"Orangeburg, SC",5293,5147,5015,4884,4753,4625,4497,4369
45077,"Pickens, SC",7000,6858,6723,6571,6429,6298,6161,6025
45079,"Richland, SC",39567,39264,39008,38678,38442,38261,37998,37649
45081,"Saluda, SC",1148,1123,1100,1073,1049,1022,999,973
45083,"Spartanburg, SC",18488,18302,18120,17923,17716,17494,17266,16985
45085,"Sumter, SC",13025,12909,12783,12635,12481,12321,12175,12037
45087,"Union, SC",1565,1526,1490,1455,1422,1386,1349,1315
45089,"Williamsburg, SC",1780,1729,1683,1630,1581,1533,1489,1449
45091,"York, SC",17006,17135,17251,17319,17391,17461,17516,17568
46003,"Aurora, SD",143,141,135,130,126,120,114,110
46005,"Beadle, SD",868,857,839,824,809,793,779,761
46007,"Bennett, SD",119,121,119,120,119,118,114,109
46009,"Bon Homme, SD",488,470,458,448,437,428,418,410
46011,"Brookings, SD",1904,1884,1866,1834,1804,1781,1759,1733
46013,"Brown, SD",2045,1986,1935,1882,1837,1787,1732,1678
46015,"Brule, SD",304,300,295,294,286,278,273,269
46017,"Buffalo, SD",91,95,96,97,95,93,92,89
46019,"Butte, SD",749,725,700,675,653,632,607,586
46021,"Campbell, SD",80,85,82,81,81,80,80,80
46023,"Charles Mix, SD",532,513,493,475,457,438,421,404
46025,"Clark, SD",194,190,182,174,164,155,149,144
46027,"Clay, SD",755,749,737,720,702,689,672,658
46029,"Codington, SD",1861,1816,1773,1730,1685,1635,1587,1545
46031,"Corson, SD",223,223,223,223,222,220,222,219
46033,"Custer, SD",979,957,940,919,895,871,847,827
46035,"Davison, SD",1318,1285,1258,1228,1198,1168,1141,1118
46037,"Day, SD",440,429,417,408,398,384,369,357
46039,"Deuel, SD",281,275,269,265,261,258,251,244
46041,"Dewey, SD",286,283,279,277,274,272,270,267
46043,"Douglas, SD",185,182,174,166,160,152,146,140
46045,"Edmunds, SD",218,221,219,215,212,214,214,212
46047,"Fall River, SD",1070,1040,1007,984,967,947,919,892
46049,"Faulk, SD",123,123,120,116,112,112,110,107
46051,"Grant, SD",483,470,457,444,428,413,400,387
46053,"Gregory, SD",243,238,227,218,212,205,197,190
46055,"Haakon, SD",99,100,97,95,94,90,85,83
46057,"Hamlin, SD",327,320,314,307,300,293,285,278
46059,"Hand, SD",169,168,164,160,152,147,141,137
46061,"Hanson, SD",204,200,192,186,178,171,165,161
46063,"Harding, SD",79,84,84,85,85,84,83,83
46065,"Hughes, SD",1110,1101,1093,1092,1090,1085,1077,1065
46067,"Hutchinson, SD",449,433,417,403,388,371,354,338
46069,"Hyde, SD",63,65,63,61,58,55,51,49
46071,"Jackson, SD",105,106,102,98,95,91,87,83
46073,"Jerauld, SD",121,118,115,114,110,107,103,99
46075,"Jones, SD",54,59,58,58,59,61,61,62
46077,"Kingsbury, SD",314,306,296,287,278,269,259,248
46079,"Lake, SD",831,818,805,791,780,767,752,734
46081,"Lawrence, SD",2640,2638,2635,2629,2618,2613,2612,2604
46083,"Lincoln, SD",3681,3623,3585,3533,3481,3432,3378,3332
46085,"Lyman, SD",190,185,183,178,173,170,169,168
46087,"McCook, SD",372,358,347,338,330,321,314,304
46089,"McPherson, SD",176,176,174,173,169,169,166,161
46091,"Marshall, SD",222,220,215,213,210,206,201,196
46093,"Meade, SD",3895,3866,3856,3846,3842,3840,3825,3808
46095,"Mellette, SD",119,123,124,125,130,134,135,133
46097,"Miner, SD",153,153,149,144,137,130,125,120
46099,"Minnehaha, SD",12751,12744,12764,12744,12703,12675,12656,12623
46101,"Moody, SD",411,397,383,368,357,347,338,329
46102,"Oglala Lakota, SD",569,565,562,559,552,544,541,534
46103,"Pennington, SD",12998,12878,12784,12692,12623,12517,12394,12270
46105,"Perkins, SD",231,227,222,220,215,206,198,195
46107,"Potter, SD",139,141,138,133,130,126,121,117
46109,"Roberts, SD",584,562,546,531,517,498,476,460
46111,"Sanborn, SD",142,140,134,131,126,122,119,114
46115,"Spink, SD",396,380,364,349,333,319,306,295
46117,"Stanley, SD",190,188,181,175,168,161,154,148
46119,"Sully, SD",67,69,66,63,60,58,56,55
46121,"Todd, SD",387,384,378,371,363,357,352,347
46123,"Tripp, SD",270,263,255,248,241,231,225,217
46125,"Turner, SD",629,617,610,607,599,592,585,578
46127,"Union, SD",1077,1067,1058,1044,1024,1012,1008,999
46129,"Walworth, SD",355,343,330,317,303,292,281,272
46135,"Yankton, SD",1481,1445,1404,1362,1317,1272,1236,1195
46137,"Ziebach, SD",70,75,73,73,73,74,75,74
47001,"Anderson, TN",6150,6112,6074,6036,5968,5903,5831,5767
47003,"Bedford, TN",2801,2739,2681,2617,2553,2497,2441,2388
47005,"Benton, TN",1218,1167,1115,1064,1018,976,933,891
47007,"Bledsoe, TN",899,901,901,899,901,899,895,896
47009,"Blount, TN",9689,9649,9608,9561,9510,9432,9353,9284
47011,"Bradley, TN",5775,5741,5723,5685,5652,5619,5583,5539
47013,"Campbell, TN",2599,2589,2576,2551,2525,2484,2456,2431
47015,"Cannon, TN",895,886,879,870,862,854,848,837
47017,"Carroll, TN",2045,2016,1993,1964,1939,1913,1880,1846
47019,"Carter, TN",4279,4215,4140,4073,4015,3947,3883,3822
47021,"Cheatham, TN",2483,2452,2425,2389,2360,2326,2290,2250
47023,"Chester, TN",1024,1005,984,962,935,912,886,862
47025,"Claiborne, TN",1618,1589,1561,1531,1495,1464,1435,1407
47027,"Clay, TN",561,556,551,546,540,533,525,517
47029,"Cocke, TN",2529,2462,2389,2321,2258,2183,2114,2046
47031,"Coffee, TN",4398,4326,4251,4184,4111,4049,3987,3923
47033,"Crockett, TN",691,678,669,652,636,624,611,600
47035,"Cumberland, TN",5831,5762,5681,5599,5530,5470,5408,5358
47037,"Davidson, TN",30203,29377,28543,27694,26841,26034,25262,24504
47039,"Decatur, TN",692,675,654,637,617,596,575,555
47041,"De Kalb, TN",1141,1130,1122,1105,1081,1065,1046,1028
47043,"Dickson, TN",3496,3502,3511,3528,3538,3551,3538,3539
47045,"Dyer, TN",1925,1865,1813,1754,1700,1649,1595,1541
47047,"Fayette, TN",2976,2978,2971,2968,2980,2999,3025,3051
47049,"Fentress, TN",1418,1418,1431,1429,1425,1423,1420,1404
47051,"Franklin, TN",3200,3173,3154,3136,3109,3076,3051,3027
47053,"Gibson, TN",3252,3205,3170,3133,3097,3058,3003,2956
47055,"Giles, TN",1989,1959,1935,1913,1893,1867,1845,1820
47057,"Grainger, TN",1429,1410,1389,1375,1356,1338,1322,1304
47059,"Greene, TN",5239,5141,5033,4937,4833,4741,4654,4554
47061,"Grundy, TN",835,830,826,822,814,806,799,779
47063,"Hamblen, TN",4072,3997,3930,3869,3812,3761,3711,3678
47065,"Hamilton, TN",21326,21135,20942,20750,20547,20326,20064,19815
47067,"Hancock, TN",373,369,361,355,348,342,335,327
47069,"Hardeman, TN",1475,1489,1499,1506,1517,1514,1516,1516
47071,"Hardin, TN",1665,1619,1578,1526,1486,1444,1408,1371
47073,"Hawkins, TN",4282,4219,4146,4070,4005,3937,3869,3809
47075,"Haywood, TN",892,860,827,794,762,731,698,669
47077,"Henderson, TN",1752,1753,1756,1751,1741,1733,1736,1734
47079,"Henry, TN",2818,2736,2656,2575,2503,2436,2370,2309
47081,"Hickman, TN",1511,1492,1481,1469,1460,1459,1456,1452
47083,"Houston, TN",704,700,688,682,671,663,648,642
47085,"Humphreys, TN",1216,1194,1168,1145,1119,1097,1070,1046
47087,"Jackson, TN",748,739,726,711,698,686,674,663
47089,"Jefferson, TN",3847,3827,3803,3782,3755,3704,3667,3637
47091,"Johnson, TN",1297,1283,1269,1262,1259,1242,1222,1208
47093,"Knox, TN",28622,28432,28206,27991,27762,27499,27258,26952
47095,"Lake, TN",305,299,292,288,284,278,273,268
47097,"Lauderdale, TN",1252,1228,1205,1184,1160,1140,1124,1104
47099,"Lawrence, TN",2402,2363,2325,2296,2267,2241,2206,2179
47101,"Lewis, TN",859,858,856,856,857,854,850,841
47103,"Lincoln, TN",2309,2270,2232,2194,2154,2108,2070,2031
47105,"Loudon, TN",4298,4226,4163,4097,4039,3976,3914,3860
47107,"McMinn, TN",3742,3742,3742,3747,3747,3742,3732,3718
47109,"McNairy, TN",1465,1434,1406,1379,1350,1327,1300,1270
47111,"Macon, TN",1241,1228,1215,1198,1181,1168,1152,1134
47113,"Madison, TN",6180,6079,5976,5864,5754,5638,5512,5395
47115,"Marion, TN",1790,1775,1756,1731,1712,1685,1661,1635
47117,"Marshall, TN",1948,1953,1960,1967,1975,1978,1986,1992
47119,"Maury, TN",5982,5947,5896,5855,5798,5735,5683,5628
47121,"Meigs, TN",884,870,853,839,825,809,799,779
47123,"Monroe, TN",3229,3188,3128,3084,3035,2978,2924,2877
47125,"Montgomery, TN",36899,37075,37317,37589,37869,38165,38437,38705
47127,"Moore, TN",486,473,457,444,431,422,409,400
47129,"Morgan, TN",1538,1506,1477,1447,1416,1390,1363,1337
47131,"Obion, TN",1868,1830,1796,1767,1738,1712,1680,1644
47133,"Overton, TN",1280,1257,1237,1217,1194,1167,1143,1119
47135,"Perry, TN",579,574,565,555,543,534,523,512
47137,"Pickett, TN",475,485,483,488,482,477,480,474
47139,"Polk, TN",1032,1006,979,948,918,890,865,839
47141,"Putnam, TN",4727,4768,4796,4830,4867,4881,4907,4923
47143,"Rhea, TN",2114,2096,2081,2065,2047,2023,2004,1983
47145,"Roane, TN",4570,4500,4425,4355,4293,4239,4169,4086
47147,"Robertson, TN",4006,3946,3895,3839,3783,3725,3671,3618
47149,"Rutherford, TN",19900,19863,19844,19817,19770,19713,19635,19554
47151,"Scott, TN",1271,1273,1266,1250,1244,1235,1225,1221
47153,"Sequatchie, TN",1147,1140,1130,1124,1119,1114,1103,1088
47155,"Sevier, TN",6926,6957,7002,7020,7040,7054,7050,7046
47157,"Shelby, TN",47626,46623,45668,44710,43762,42829,41879,40904
47159,"Smith, TN",1206,1186,1169,1147,1133,1117,1101,1084
47161,"Stewart, TN",1749,1724,1701,1680,1657,1638,1617,1595
47163,"Sullivan, TN",11353,11189,11036,10877,10706,10536,10342,10174
47165,"Sumner, TN",11254,11206,11130,11077,11038,11024,11004,10980
47167,"Tipton, TN",4780,4738,4696,4650,4611,4575,4537,4509
47169,"Trousdale, TN",562,568,574,576,583,598,621,632
47171,"Unicoi, TN",1545,1535,1533,1526,1515,1507,1500,1486
47173,"Union, TN",1135,1115,1086,1064,1039,1024,1011,993
47175,"Van Buren, TN",437,428,414,405,396,391,382,374
47177,"Warren, TN",2316,2289,2268,2243,2211,2186,2167,2146
47179,"Washington, TN",10584,10428,10291,10125,9949,9789,9636,9482
47181,"Wayne, TN",996,979,967,951,941,926,912,898
47183,"Weakley, TN",2054,2037,2019,1995,1974,1951,1914,1879
47185,"White, TN",1878,1841,1806,1774,1743,1712,1682,1651
47187,"Williamson, TN",9340,9432,9531,9621,9713,9793,9887,9949
47189,"Wilson, TN",9251,9284,9319,9345,9372,9407,9431,9468
48001,"Anderson, TX",3119,3091,3062,3034,3012,2985,2962,2947
48003,"Andrews, TX",617,618,617,616,611,610,607,605
48005,"Angelina, TX",4794,4718,4654,4598,4531,4463,4402,4350
48007,"Aransas, TX",2277,2240,2201,2172,2138,2103,2070,2039
48009,"Archer, TX",609,602,588,577,563,553,545,535
48011,"Armstrong, TX",145,147,140,142,138,137,131,130
48013,"Atascosa, TX",3175,3167,3157,3155,3155,3160,3162,3163
48015,"Austin, TX",1314,1272,1235,1200,1166,1134,1097,1065
48017,"Bailey, TX",172,171,166,158,153,148,142,138
48019,"Bandera, TX",2555,2506,2469,2432,2392,2355,2322,2276
48021,"Bastrop, TX",6473,6445,6439,6427,6415,6401,6380,6336
48023,"Baylor, TX",222,223,222,216,210,204,200,198
48025,"Bee, TX",1700,1704,1711,1718,1736,1750,1761,1772
48027,"Bell, TX",65006,64920,64850,64726,64544,64364,64134,63977
48029,"Bexar, TX",173220,172344,171611,170783,169887,169038,168098,167023
48031,"Blanco, TX",791,781,768,756,742,729,717,707
48033,"Borden, TX",30,39,38,38,38,37,36,36
48035,"Bosque, TX",1333,1312,1286,1262,1240,1220,1204,1181
48037,"Bowie, TX",6906,6807,6730,6645,6564,6493,6417,6338
48039,"Brazoria, TX",18898,18636,18377,18115,17866,17614,17344,17066
48041,"Brazos, TX",9327,9277,9215,9136,9081,9000,8913,8815
48043,"Brewster, TX",680,652,624,594,569,545,522,504
48045,"Briscoe, TX",90,93,94,91,90,88,85,84
48047,"Brooks, TX",326,324,320,316,310,307,304,300
48049,"Brown, TX",2676,2608,2545,2489,2436,2387,2334,2283
48051,"Burleson, TX",1026,1000,978,957,937,919,902,886
48053,"Burnet, TX",3672,3640,3600,3576,3557,3526,3495,3455
48055,"Caldwell, TX",2406,2408,2412,2407,2410,2414,2409,2403
48057,"Calhoun, TX",1317,1299,1289,1283,1272,1260,1250,1238
48059,"Callahan, TX",1009,991,969,949,929,913,896,880
48061,"Cameron, TX",14669,14447,14241,14028,13805,13590,13376,13161
48063,"Camp, TX",780,760,741,724,703,688,670,651
48065,"Carson, TX",377,371,363,358,351,345,336,330
48067,"Cass, TX",2548,2505,2456,2409,2372,2329,2296,2265
48069,"Castro, TX",233,234,226,219,209,203,195,188
48071,"Chambers, TX",2418,2436,2459,2475,2496,2509,2528,2545
48073,"Cherokee, TX",2773,2723,2676,2639,2599,2562,2530,2500
48075,"Childress, TX",262,259,252,245,240,234,230,227
48077,"Clay, TX",807,794,782,772,758,747,735,721
48079,"Cochran, TX",88,91,90,91,89,87,85,83
48081,"Coke, TX",250,250,249,246,246,244,240,236
48083,"Coleman, TX",661,648,629,615,598,583,572,551
48085,"Collin, TX",42745,42942,43127,43369,43595,43757,43868,43917
48087,"Collingsworth, TX",155,156,154,148,144,140,133,129
48089,"Colorado, TX",1188,1165,1138,1116,1091,1060,1034,1016
48091,"Comal, TX",17375,17616,17884,18137,18377,18628,18851,19097
48093,"Comanche, TX",903,885,871,859,849,834,820,812
48095,"Concho, TX",201,205,203,199,196,192,188,186
48097,"Cooke, TX",2323,2278,2232,2191,2154,2114,2080,2054
48099,"Coryell, TX",16449,16349,16248,16126,16021,15912,15787,15670
48101,"Cottle, TX",47,53,52,49,48,48,45,43
48103,"Crane, TX",159,166,164,164,165,164,165,166
48105,"Crockett, TX",141,145,147,148,150,152,147,147
48107,"Crosby, TX",231,231,226,223,218,213,212,207
48109,"Culberson, TX",133,134,130,126,123,120,118,117
48111,"Dallam, TX",290,291,289,283,280,280,274,270
48113,"Dallas, TX",87058,85540,84054,82513,80950,79384,77863,76367
48115,"Dawson, TX",381,380,378,373,368,366,363,363
48117,"Deaf Smith, TX",491,485,473,461,450,438,429,418
48119,"Delta, TX",366,361,353,343,337,331,325,325
48121,"Denton, TX",40440,40527,40567,40600,40598,40560,40508,40444
48123,"De Witt, TX",980,966,945,920,899,879,858,835
48125,"Dickens, TX",112,111,108,104,100,97,94,91
48127,"Dimmit, TX",359,359,358,358,355,350,345,340
48129,"Donley, TX",199,195,188,180,171,167,165,161
48131,"Duval, TX",381,374,368,362,356,351,345,342
48133,"Eastland, TX",1252,1231,1213,1196,1180,1164,1153,1140
48135,"Ector, TX",5488,5404,5325,5243,5156,5076,4990,4907
48137,"Edwards, TX",82,86,83,81,78,75,71,69
48139,"Ellis, TX",12136,12126,12111,12129,12143,12174,12219,12275
48141,"El Paso, TX",61827,61415,60992,60497,59966,59458,58939,58424
48143,"Erath, TX",1864,1861,1848,1826,1810,1796,1791,1785
48145,"Falls, TX",1080,1048,1019,985,954,925,900,875
48147,"Fannin, TX",2781,2714,2656,2601,2547,2504,2455,2409
48149,"Fayette, TX",1431,1399,1369,1342,1309,1279,1250,1221
48151,"Fisher, TX",215,216,212,208,208,206,202,198
48153,"Floyd, TX",253,251,246,240,236,230,226,224
48155,"Foard, TX",55,60,60,57,54,51,49,48
48157,"Fort Bend, TX",27301,27528,27749,27989,28226,28421,28608,28728
48159,"Franklin, TX",616,602,585,570,554,540,526,510
48161,"Freestone, TX",1172,1156,1133,1116,1094,1073,1055,1039
48163,"Frio, TX",643,659,666,679,689,702,712,722
48165,"Gaines, TX",416,413,407,403,398,394,391,386
48167,"Galveston, TX",19218,19112,19010,18889,18754,18628,18519,18407
48169,"Garza, TX",214,214,208,207,210,205,201,197
48171,"Gillespie, TX",2030,2020,2018,2011,2005,1997,1992,1993
48173,"Glasscock, TX",20,29,29,30,30,30,30,29
48175,"Goliad, TX",473,463,450,440,432,421,408,398
48177,"Gonzales, TX",940,917,897,873,849,829,812,791
48179,"Gray, TX",1063,1038,1012,989,967,947,930,910
48181,"Grayson, TX",8864,8697,8545,8411,8268,8122,7980,7844
48183,"Gregg, TX",6785,6679,6575,6465,6358,6251,6153,6066
48185,"Grimes, TX",1761,1752,1746,1739,1734,1729,1714,1697
48187,"Guadalupe, TX",20965,21087,21231,21352,21482,21606,21719,21837
48189,"Hale, TX",1145,1120,1101,1080,1059,1040,1022,1009
48191,"Hall, TX",151,150,144,141,138,135,133,130
48193,"Hamilton, TX",553,537,521,505,489,474,460,443
48195,"Hansford, TX",143,147,144,139,135,132,128,125
48197,"Hardeman, TX",171,167,161,155,148,140,136,132
48199,"Hardin, TX",3547,3529,3512,3482,3457,3439,3426,3403
48201,"Harris, TX",168970,166996,164969,162837,160676,158418,156233,154049
48203,"Harrison, TX",4097,4017,3936,3859,3781,3708,3637,3561
48205,"Hartley, TX",189,188,183,181,178,175,172,170
48207,"Haskell, TX",246,246,243,238,235,231,228,222
48209,"Hays, TX",12315,12407,12494,12566,12615,12647,12666,12656
48211,"Hemphill, TX",118,122,117,113,109,105,103,101
48213,"Henderson, TX",5827,5704,5586,5469,5375,5280,5187,5095
48215,"Hidalgo, TX",22992,22865,22715,22550,22403,22247,22073,21903
48217,"Hill, TX",2367,2318,2270,2224,2181,2146,2107,2078
48219,"Hockley, TX",873,869,866,862,851,842,838,832
48221,"Hood, TX",5540,5495,5479,5443,5407,5385,5359,5344
48223,"Hopkins, TX",2047,1987,1933,1879,1827,1773,1725,1679
48225,"Houston, TX",1589,1574,1556,1538,1526,1510,1494,1479
48227,"Howard, TX",1979,1957,1935,1911,1883,1860,1837,1819
48229,"Hudspeth, TX",161,161,159,157,155,154,153,151
48231,"Hunt, TX",7266,7243,7234,7205,7191,7191,7175,7146
48233,"Hutchinson, TX",1295,1280,1270,1256,1242,1224,1208,1198
48235,"Irion, TX",65,69,67,65,64,64,62,61
48237,"Jack, TX",396,391,386,379,373,368,364,358
48239,"Jackson, TX",797,779,762,748,730,712,697,683
48241,"Jasper, TX",2141,2092,2046,2001,1959,1914,1879,1845
48243,"Jeff Davis, TX",148,145,141,136,131,125,122,117
48245,"Jefferson, TX",13033,12854,12692,12538,12404,12280,12153,12004
48247,"Jim Hogg, TX",115,116,114,110,108,105,101,99
48249,"Jim Wells, TX",1719,1683,1650,1629,1608,1588,1569,1546
48251,"Johnson, TX",11008,10877,10767,10646,10528,10408,10288,10172
48253,"Jones, TX",1027,1010,990,974,957,942,928,912
48255,"Karnes, TX",686,676,668,659,650,642,637,631
48257,"Kaufman, TX",8467,8465,8473,8477,8479,8476,8474,8460
48259,"Kendall, TX",3602,3617,3649,3671,3696,3724,3743,3754
48261,"Kenedy, TX",8,19,19,20,20,20,20,20
48263,"Kent, TX",36,42,41,41,42,41,41,40
48265,"Kerr, TX",5053,4975,4902,4810,4736,4654,4570,4496
48267,"Kimble, TX",288,279,271,264,261,256,247,237
48269,"King, TX",14,25,25,27,28,27,28,28
48271,"Kinney, TX",315,310,306,304,300,297,294,293
48273,"Kleberg, TX",2102,2099,2088,2077,2070,2070,2070,2066
48275,"Knox, TX",145,146,141,137,132,127,122,116
48277,"Lamar, TX",3204,3152,3111,3068,3016,2967,2919,2871
48279,"Lamb, TX",614,606,596,587,580,573,564,557
48281,"Lampasas, TX",3507,3478,3446,3419,3396,3371,3349,3313
48283,"La Salle, TX",356,360,356,361,364,367,365,361
48285,"Lavaca, TX",1050,1041,1028,1011,996,978,968,957
48287,"Lee, TX",931,915,894,871,852,833,815,799
48289,"Leon, TX",1162,1144,1122,1100,1080,1054,1037,1016
48291,"Liberty, TX",4504,4494,4473,4471,4469,4464,4460,4452
48293,"Limestone, TX",1464,1449,1440,1427,1420,1415,1402,1393
48295,"Lipscomb, TX",117,118,116,116,113,113,109,109
48297,"Live Oak, TX",652,630,611,589,569,549,527,509
48299,"Llano, TX",2048,2007,1965,1921,1876,1834,1792,1758
48301,"Loving, TX",9,13,13,13,13,16,16,19
48303,"Lubbock, TX",14701,14515,14351,14198,14061,13955,13852,13751
48305,"Lynn, TX",208,207,203,200,197,195,193,190
48307,"McCulloch, TX",524,511,499,489,478,465,456,445
48309,"McLennan, TX",16734,16526,16298,16101,15929,15777,15636,15487
48311,"McMullen, TX",39,47,46,45,45,45,45,44
48313,"Madison, TX",671,662,653,647,636,636,630,624
48315,"Marion, TX",918,897,872,848,825,801,782,760
48317,"Martin, TX",137,138,134,131,128,125,121,118
48319,"Mason, TX",271,262,253,246,237,229,220,214
48321,"Matagorda, TX",1939,1906,1868,1829,1785,1746,1711,1682
48323,"Maverick, TX",1093,1072,1051,1032,1015,999,986,975
48325,"Medina, TX",5055,5068,5093,5116,5144,5177,5202,5213
48327,"Menard, TX",178,176,171,166,163,159,153,150
48329,"Midland, TX",6366,6388,6412,6433,6459,6488,6514,6541
48331,"Milam, TX",1437,1392,1356,1321,1281,1246,1208,1170
48333,"Mills, TX",334,331,326,320,314,305,301,298
48335,"Mitchell, TX",311,308,301,294,287,281,274,266
48337,"Montague, TX",1453,1433,1409,1389,1365,1346,1329,1315
48339,"Montgomery, TX",34319,34700,35082,35481,35907,36294,36665,37021
48341,"Moore, TX",663,659,647,635,625,622,620,612
48343,"Morris, TX",863,841,821,798,776,755,734,712
48345,"Motley, TX",92,95,95,95,93,91,89,87
48347,"Nacogdoches, TX",3279,3227,3165,3099,3041,2983,2927,2872
48349,"Navarro, TX",2715,2655,2596,2545,2494,2452,2409,2366
48351,"Newton, TX",842,819,790,766,740,716,694,673
48353,"Nolan, TX",801,787,771,759,746,733,721,709
48355,"Nueces, TX",24676,24399,24140,23883,23640,23410,23163,22934
48357,"Ochiltree, TX",291,297,292,287,282,283,280,276
48359,"Oldham, TX",107,108,106,105,105,105,103,101
48361,"Orange, TX",4923,4835,4749,4667,4580,4498,4421,4346
48363,"Palo Pinto, TX",1992,1949,1905,1865,1827,1789,1741,1700
48365,"Panola, TX",1499,1488,1486,1481,1473,1463,1457,1450
48367,"Parker, TX",12889,12912,12964,13018,13103,13175,13206,13245
48369,"Parmer, TX",222,219,214,207,202,195,189,183
48371,"Pecos, TX",491,485,476,467,459,452,445,436
48373,"Polk, TX",4125,4124,4124,4125,4124,4126,4129,4128
48375,"Potter, TX",5561,5470,5376,5282,5193,5116,5039,4966
48377,"Presidio, TX",166,166,160,156,153,149,145,141
48379,"Rains, TX",1126,1121,1120,1112,1104,1101,1096,1087
48381,"Randall, TX",8132,8158,8186,8205,8216,8240,8265,8304
48383,"Reagan, TX",78,83,81,80,81,81,80,79
48385,"Real, TX",224,218,213,208,199,194,186,178
48387,"Red River, TX",835,817,797,772,755,737,719,707
48389,"Reeves, TX",420,424,423,425,423,419,415,414
48391,"Refugio, TX",485,479,466,457,450,441,427,419
48393,"Roberts, TX",24,32,32,32,31,32,32,32
48395,"Robertson, TX",892,889,882,878,876,874,867,862
48397,"Rockwall, TX",6416,6543,6671,6805,6947,7081,7213,7344
48399,"Runnels, TX",613,593,579,565,551,533,519,502
48401,"Rusk, TX",2893,2855,2819,2788,2761,2717,2683,2647
48403,"Sabine, TX",1084,1059,1020,993,968,941,922,904
48405,"San Augustine, TX",589,576,556,540,524,510,500,486
48407,"San Jacinto, TX",2013,1986,1976,1969,1956,1937,1917,1895
48409,"San Patricio, TX",4917,4867,4827,4784,4739,4701,4665,4633
48411,"San Saba, TX",342,333,323,314,309,303,298,293
48413,"Schleicher, TX",140,144,145,146,144,144,141,140
48415,"Scurry, TX",717,715,717,716,715,716,714,714
48417,"Shackelford, TX",173,176,176,175,171,172,169,166
48419,"Shelby, TX",1157,1132,1105,1074,1047,1020,995,973
48421,"Sherman, TX",77,81,80,78,78,75,73,72
48423,"Smith, TX",13158,12906,12672,12445,12194,11958,11723,11508
48425,"Somervell, TX",560,548,535,521,507,496,484,476
48427,"Starr, TX",740,740,732,721,715,708,701,695
48429,"Stephens, TX",461,454,442,434,426,416,407,400
48431,"Sterling, TX",37,46,46,45,45,45,44,44
48433,"Stonewall, TX",66,71,69,69,66,65,63,61
48435,"Sutton, TX",146,147,143,141,138,135,132,129
48437,"Swisher, TX",260,257,251,244,237,232,227,223
48439,"Tarrant, TX",110779,110308,109810,109278,108693,108023,107327,106591
48441,"Taylor, TX",11869,11735,11606,11493,11399,11335,11269,11197
48443,"Terrell, TX",43,48,47,46,44,43,41,39
48445,"Terry, TX",371,370,367,359,354,350,343,338
48447,"Throckmorton, TX",102,106,105,102,98,93,90,89
48449,"Titus, TX",1493,1464,1437,1406,1384,1364,1342,1315
48451,"Tom Green, TX",9327,9193,9062,8923,8786,8676,8561,8441
48453,"Travis, TX",49796,49368,48983,48577,48123,47632,47115,46582
48455,"Trinity, TX",1144,1116,1086,1064,1036,1011,987,962
48457,"Tyler, TX",1471,1434,1403,1375,1341,1315,1287,1267
48459,"Upshur, TX",2968,2961,2964,2951,2947,2936,2922,2918
48461,"Upton, TX",140,140,136,133,131,129,128,125
48463,"Uvalde, TX",1233,1222,1215,1206,1201,1191,1180,1169
48465,"Val Verde, TX",3059,3035,3014,2989,2968,2949,2930,2913
48467,"Van Zandt, TX",3941,3909,3896,3874,3860,3839,3818,3808
48469,"Victoria, TX",4815,4710,4614,4515,4423,4341,4270,4195
48471,"Walker, TX",3988,3902,3804,3709,3621,3526,3449,3364
48473,"Waller, TX",2506,2509,2513,2511,2521,2533,2544,2557
48475,"Ward, TX",493,486,477,469,461,450,442,433
48477,"Washington, TX",1753,1731,1720,1706,1687,1660,1639,1625
48479,"Webb, TX",5510,5428,5351,5276,5205,5139,5067,4992
48481,"Wharton, TX",1773,1754,1732,1703,1674,1648,1623,1600
48483,"Wheeler, TX",272,270,266,260,257,251,246,240
48485,"Wichita, TX",13887,13806,13762,13710,13700,13721,13717,13693
48487,"Wilbarger, TX",659,644,632,620,611,602,593,584
48489,"Willacy, TX",719,721,718,720,716,719,721,721
48491,"Williamson, TX",37098,37651,38213,38847,39421,39980,40501,40983
48493,"Wilson, TX",5039,5081,5125,5176,5221,5280,5333,5381
48495,"Winkler, TX",238,238,233,230,226,223,223,221
48497,"Wise, TX",4707,4645,4580,4517,4463,4406,4336,4275
48499,"Wood, TX",3653,3611,3572,3540,3510,3478,3454,3427
48501,"Yoakum, TX",163,162,155,151,145,141,137,133
48503,"Young, TX",961,944,926,906,888,869,854,834
48505,"Zapata, TX",347,344,339,333,325,322,319,317
48507,"Zavala, TX",279,285,284,284,283,281,282,283
49001,"Beaver, UT",300,290,278,262,249,235,223,212
49003,"Box Elder, UT",2409,2364,2329,2294,2255,2221,2188,2158
49005,"Cache, UT",3849,3798,3768,3743,3714,3691,3654,3635
49007,"Carbon, UT",1081,1056,1025,1002,978,955,935,913
49009,"Daggett, UT",40,45,45,44,43,41,40,41
49011,"Davis, UT",18945,18818,18687,18567,18440,18346,18267,18170
49013,"Duchesne, UT",702,686,668,648,631,619,606,594
49015,"Emery, UT",405,393,382,367,359,350,343,336
49017,"Garfield, UT",224,217,205,196,188,178,168,161
49019,"Grand, UT",463,435,409,386,364,344,325,307
49021,"Iron, UT",2801,2707,2625,2529,2439,2353,2272,2196
49023,"Juab, UT",405,400,391,384,378,369,363,356
49025,"Kane, UT",541,527,513,500,483,471,463,450
49027,"Millard, UT",600,585,565,546,531,519,507,496
49029,"Morgan, UT",564,557,546,536,525,514,507,507
49031,"Piute, UT",107,112,108,105,103,100,99,96
49033,"Rich, UT",115,114,113,114,111,108,104,103
49035,"Salt Lake, UT",42493,41554,40665,39787,38927,38091,37258,36437
49037,"San Juan, UT",567,556,547,539,529,523,515,505
49039,"Sanpete, UT",1197,1180,1172,1159,1146,1127,1112,1096
49041,"Sevier, UT",1121,1100,1081,1058,1038,1020,1007,993
49043,"Summit, UT",1456,1433,1406,1376,1349,1322,1296,1273
49045,"Tooele, UT",3897,3868,3843,3827,3839,3836,3840,3834
49047,"Uintah, UT",1321,1300,1280,1266,1248,1232,1216,1199
49049,"Utah, UT",17523,17547,17569,17597,17632,17644,17624,17588
49051,"Wasatch, UT",1105,1088,1067,1050,1033,1013,995,978
49053,"Washington, UT",9785,9730,9705,9671,9650,9616,9583,9560
49055,"Wayne, UT",144,148,147,144,144,139,137,137
49057,"Weber, UT",15625,15337,15069,14835,14589,14370,14153,13941
50001,"Addison, VT",2064,2011,1961,1898,1850,1809,1760,1710
50003,"Bennington, VT",2387,2340,2282,2230,2186,2132,2080,2033
50005,"Caledonia, VT",2001,1944,1894,1849,1797,1743,1692,1644
50007,"Chittenden, VT",7535,7215,6932,6669,6417,6208,6013,5837
50009,"Essex, VT",511,495,483,472,459,443,427,413
50011,"Franklin, VT",3571,3498,3436,3367,3300,3230,3161,3094
50013,"Grand Isle, VT",566,547,528,512,497,478,463,449
50015,"Lamoille, VT",1496,1457,1415,1374,1344,1319,1290,1258
50017,"Orange, VT",1980,1917,1840,1775,1712,1643,1577,1510
50019,"Orleans, VT",1969,1912,1863,1818,1776,1722,1681,1635
50021,"Rutland, VT",4163,4087,4022,3946,3868,3792,3705,3621
50023,"Washington, VT",3370,3235,3092,2950,2821,2701,2584,2455
50025,"Windham, VT",2926,2880,2818,2770,2702,2635,2568,2503
50027,"Windsor, VT",4053,3907,3778,3644,3511,3381,3257,3144
51001,"Accomack, VA",2623,2529,2441,2365,2287,2209,2133,2063
51003,"Albemarle, VA",5349,5324,5286,5249,5220,5177,5130,5088
51005,"Alleghany, VA",1019,994,967,937,908,886,862,841
51007,"Amelia, VA",1095,1089,1083,1088,1089,1094,1096,1109
51009,"Amherst, VA",2123,2065,2002,1952,1901,1850,1804,1763
51011,"Appomattox, VA",1101,1081,1052,1027,1004,982,956,933
51013,"Arlington, VA",13446,13318,13189,13036,12873,12699,12540,12382
51015,"Augusta, VA",4955,4860,4764,4651,4547,4441,4337,4237
51017,"Bath, VA",341,343,341,337,332,330,327,326
51019,"Bedford, VA",5624,5605,5574,5545,5517,5477,5437,5391
51021,"Bland, VA",379,372,359,348,337,325,318,309
51023,"Botetourt, VA",2579,2557,2526,2489,2458,2413,2381,2359
51025,"Brunswick, VA",1036,1021,1011,999,984,971,961,948
51027,"Buchanan, VA",737,727,712,700,694,682,669,660
51029,"Buckingham, VA",985,969,955,938,924,914,903,893
51031,"Campbell, VA",3529,3427,3332,3238,3164,3106,3048,2987
51033,"Caroline, VA",2628,2621,2617,2617,2613,2607,2606,2600
51035,"Carroll, VA",1817,1793,1775,1745,1717,1688,1665,1641
51036,"Charles City, VA",582,568,559,553,551,547,543,541
51037,"Charlotte, VA",783,764,740,716,692,669,649,629
51041,"Chesterfield, VA",26107,25968,25803,25632,25463,25246,25007,24781
51043,"Clarke, VA",1132,1126,1124,1122,1116,1102,1097,1091
51045,"Craig, VA",310,305,299,291,284,277,271,267
51047,"Culpeper, VA",3668,3656,3646,3631,3616,3597,3588,3598
51049,"Cumberland, VA",680,677,661,649,636,620,608,594
51051,"Dickenson, VA",653,634,618,605,592,578,565,555
51053,"Dinwiddie, VA",2565,2514,2469,2422,2379,2332,2292,2257
51057,"Essex, VA",751,739,733,727,723,717,712,708
51059,"Fairfax, VA",71912,70713,69495,68297,67083,65799,64492,63219
51061,"Fauquier, VA",5345,5281,5223,5172,5114,5040,4978,4918
51063,"Floyd, VA",888,877,864,849,830,812,802,790
51065,"Fluvanna, VA",1955,1917,1884,1846,1808,1778,1737,1698
51067,"Franklin, VA",3656,3596,3551,3507,3471,3419,3375,3339
51069,"Frederick, VA",6406,6376,6351,6336,6323,6299,6267,6236
51071,"Giles, VA",935,914,892,874,852,828,804,778
51073,"Gloucester, VA",4338,4242,4147,4057,3969,3892,3806,3725
51075,"Goochland, VA",1412,1403,1393,1386,1378,1367,1358,1350
51077,"Grayson, VA",939,924,908,891,877,859,839,824
51079,"Greene, VA",1614,1584,1568,1550,1533,1515,1502,1484
51081,"Greensville, VA",661,657,653,648,644,639,636,633
51083,"Halifax, VA",2288,2250,2217,2182,2143,2105,2074,2044
51085,"Hanover, VA",6039,6046,6062,6063,6064,6066,6052,6026
51087,"Henrico, VA",17094,16723,16355,15997,15646,15284,14940,14588
51089,"Henry, VA",3268,3148,3026,2902,2789,2679,2578,2480
51091,"Highland, VA",211,207,200,193,187,182,175,166
51093,"Isle Of Wight, VA",4495,4512,4526,4552,4557,4565,4573,4588
51095,"James City, VA",9150,9174,9190,9183,9203,9224,9227,9214
51097,"King And Queen, VA",395,382,369,356,342,330,319,308
51099,"King George, VA",3239,3208,3176,3149,3122,3095,3056,3013
51101,"King William, VA",1052,1041,1031,1023,1017,1006,998,990
51103,"Lancaster, VA",962,922,882,842,806,775,741,711
51105,"Lee, VA",1252,1223,1192,1167,1143,1118,1094,1075
51107,"Loudoun, VA",21333,21509,21682,21852,22024,22170,22294,22416
51109,"Louisa, VA",2765,2730,2702,2677,2653,2624,2599,2579
51111,"Lunenburg, VA",848,830,810,791,772,751,735,719
51113,"Madison, VA",831,818,804,789,769,752,737,722
51115,"Mathews, VA",886,877,864,853,837,820,802,789
51117,"Mecklenburg, VA",2295,2233,2187,2124,2071,2014,1960,1917
51119,"Middlesex, VA",986,956,922,888,860,835,806,780
51121,"Montgomery, VA",3844,3770,3696,3615,3535,3474,3416,3363
51125,"Nelson, VA",938,918,899,883,869,854,834,817
51127,"New Kent, VA",2147,2154,2164,2164,2162,2165,2159,2161
51131,"Northampton, VA",909,882,859,830,806,780,753,731
51133,"Northumberland, VA",1073,1026,987,952,914,881,854,832
51135,"Nottoway, VA",1128,1109,1088,1066,1043,1021,1000,977
51137,"Orange, VA",2911,2885,2867,2837,2809,2786,2768,2749
51139,"Page, VA",1508,1506,1506,1497,1482,1469,1460,1456
51141,"Patrick, VA",1043,1021,992,959,929,901,875,850
51143,"Pittsylvania, VA",3891,3797,3709,3615,3516,3423,3333,3250
51145,"Powhatan, VA",2144,2162,2171,2192,2215,2231,2242,2246
51147,"Prince Edward, VA",1252,1220,1185,1157,1130,1119,1108,1099
51149,"Prince George, VA",6658,6544,6427,6312,6203,6103,5999,5902
51153,"Prince William, VA",41174,41006,40852,40685,40497,40278,40030,39737
51155,"Pulaski, VA",2426,2405,2389,2375,2351,2332,2310,2292
51157,"Rappahannock, VA",602,590,578,568,559,549,541,527
51159,"Richmond, VA",429,422,413,403,392,381,373,366
51161,"Roanoke, VA",6105,5991,5881,5768,5655,5540,5431,5313
51163,"Rockbridge, VA",1630,1594,1554,1512,1476,1453,1435,1421
51165,"Rockingham, VA",4034,3996,3950,3880,3814,3757,3706,3663
51167,"Russell, VA",1097,1079,1062,1043,1032,1020,1008,997
51169,"Scott, VA",1312,1265,1224,1177,1130,1083,1042,999
51171,"Shenandoah, VA",3169,3143,3116,3086,3067,3031,3002,2984
51173,"Smyth, VA",1822,1778,1735,1691,1653,1614,1574,1538
51175,"Southampton, VA",1468,1462,1450,1443,1439,1430,1417,1404
51177,"Spotsylvania, VA",13915,13891,13861,13837,13799,13747,13675,13591
51179,"Stafford, VA",21924,22016,22108,22205,22289,22354,22417,22481
51181,"Surry, VA",698,694,683,676,668,665,660,657
51183,"Sussex, VA",763,756,747,734,722,711,697,685
51185,"Tazewell, VA",2395,2360,2330,2293,2260,2220,2179,2139
51187,"Warren, VA",2979,2916,2837,2769,2694,2614,2544,2480
51191,"Washington, VA",3645,3613,3586,3558,3526,3509,3485,3466
51193,"Westmoreland, VA",1642,1591,1538,1493,1450,1402,1354,1314
51195,"Wise, VA",1971,1934,1896,1858,1821,1787,1754,1722
51197,"Wythe, VA",1743,1712,1678,1641,1605,1568,1534,1505
51199,"York, VA",10181,10081,9976,9864,9748,9632,9498,9375
51510,"Alexandria City, VA",12243,12041,11852,11665,11493,11321,11152,10990
51520,"Bristol, VA",1118,1096,1079,1063,1046,1034,1021,1009
51530,"Buena Vista City, VA",352,348,342,334,326,322,318,313
51540,"Charlottesville City, VA",1614,1581,1546,1513,1479,1448,1420,1396
51550,"Chesapeake City, VA",31030,30965,30906,30858,30805,30778,30702,30624
51570,"Colonial Heights City, VA",1619,1599,1585,1567,1552,1535,1522,1509
51580,"Covington City, VA",397,387,375,364,352,343,333,323
51590,"Danville City, VA",2732,2684,2639,2587,2530,2478,2429,2385
51595,"Emporia City, VA",344,343,342,341,340,339,338,337
51600,"Fairfax City, VA",1453,1427,1401,1377,1351,1325,1298,1272
51610,"Falls Church City, VA",661,648,634,621,608,595,581,569
51620,"Franklin City, VA",557,546,532,520,509,498,485,473
51630,"Fredericksburg City, VA",2483,2474,2470,2476,2477,2477,2480,2486
51640,"Galax City, VA",398,393,390,384,380,374,370,366
51650,"Hampton City, VA",19680,19405,19103,18815,18513,18209,17919,17619
51660,"Harrisonburg City, VA",1363,1354,1344,1330,1315,1305,1295,1284
51670,"Hopewell City, VA",1995,1974,1952,1932,1914,1895,1877,1862
51678,"Lexington City, VA",253,248,243,237,232,229,226,223
51680,"Lynchburg City, VA",4589,4485,4386,4292,4213,4151,4085,4010
51683,"Manassas City, VA",2237,2218,2200,2179,2157,2133,2109,2084
51685,"Manassas Park City, VA",858,850,842,833,824,815,807,796
51690,"Martinsville City, VA",741,718,696,675,656,638,622,606
51700,"Newport News City, VA",23154,22804,22445,22037,21652,21380,21084,20768
51710,"Norfolk City, VA",30736,30484,30291,30115,29959,29855,29755,29597
51720,"Norton City, VA",240,236,233,233,232,232,232,234
51730,"Petersburg City, VA",3003,2931,2868,2811,2751,2693,2643,2596
51735,"Poquoson City, VA",1511,1522,1532,1542,1551,1560,1568,1581
51740,"Portsmouth City, VA",11320,10974,10653,10349,10056,9783,9512,9231
51750,"Radford City, VA",656,645,634,623,611,602,593,586
51760,"Richmond City, VA",11619,11412,11198,10950,10691,10467,10259,10066
51770,"Roanoke City, VA",5907,5789,5659,5538,5415,5302,5206,5100
51775,"Salem City, VA",1800,1771,1743,1714,1685,1655,1627,1597
51790,"Staunton City, VA",1589,1566,1543,1514,1487,1458,1430,1403
51800,"Suffolk City, VA",12536,12512,12482,12455,12424,12401,12364,12313
51810,"Virginia Beach City, VA",63871,63349,62846,62377,61894,61436,60978,60518
51820,"Waynesboro City, VA",1462,1446,1430,1411,1394,1378,1363,1350
51830,"Williamsburg City, VA",1181,1173,1164,1152,1144,1137,1129,1120
51840,"Winchester City, VA",1586,1540,1496,1452,1411,1370,1328,1286
53001,"Adams, WA",558,546,533,522,515,508,505,505
53003,"Asotin, WA",1851,1815,1786,1757,1730,1697,1666,1645
53005,"Benton, WA",12322,12207,12068,11933,11803,11663,11540,11417
53007,"Chelan, WA",4823,4727,4632,4543,4456,4364,4280,4199
53009,"Clallam, WA",7691,7567,7455,7337,7222,7130,7055,7032
53011,"Clark, WA",33445,33350,33249,33066,32901,32792,32721,32668
53013,"Columbia, WA",364,351,338,324,311,299,288,278
53015,"Cowlitz, WA",8694,8490,8282,8094,7907,7719,7552,7372
53017,"Douglas, WA",2204,2164,2122,2081,2036,1992,1957,1928
53019,"Ferry, WA",745,726,700,679,657,640,629,617
53021,"Franklin, WA",3456,3440,3421,3391,3367,3336,3317,3305
53023,"Garfield, WA",247,247,244,242,236,230,225,219
53025,"Grant, WA",4316,4222,4149,4080,4001,3920,3836,3746
53027,"Grays Harbor, WA",6294,6102,5937,5757,5568,5412,5249,5106
53029,"Island, WA",12515,12318,12147,11981,11827,11658,11509,11355
53031,"Jefferson, WA",3170,3076,2994,2916,2842,2755,2673,2601
53033,"King, WA",91328,89397,87461,85541,83658,81742,79851,77934
53035,"Kitsap, WA",35393,34848,34339,33858,33397,32909,32385,31858
53037,"Kittitas, WA",2549,2506,2467,2430,2405,2382,2359,2334
53039,"Klickitat, WA",1879,1852,1823,1787,1759,1734,1712,1696
53041,"Lewis, WA",6634,6399,6189,5987,5783,5592,5390,5203
53043,"Lincoln, WA",1060,1017,978,941,907,876,851,826
53045,"Mason, WA",6669,6615,6577,6543,6494,6447,6402,6373
53047,"Okanogan, WA",3078,2998,2915,2852,2793,2720,2646,2568
53049,"Pacific, WA",2343,2299,2258,2208,2162,2117,2062,2016
53051,"Pend Oreille, WA",1333,1290,1249,1211,1170,1137,1103,1070
53053,"Pierce, WA",89800,88529,87272,85986,84666,83426,82108,80814
53055,"San Juan, WA",1158,1125,1096,1068,1040,1014,981,952
53057,"Skagit, WA",9473,9328,9209,9098,8976,8848,8708,8562
53059,"Skamania, WA",992,976,958,948,934,920,902,876
53061,"Snohomish, WA",45679,45014,44362,43727,43063,42435,41800,41164
53063,"Spokane, WA",42340,41898,41453,41017,40580,40128,39687,39240
53065,"Stevens, WA",4738,4647,4525,4417,4317,4217,4113,4024
53067,"Thurston, WA",31429,31168,30936,30685,30445,30203,29953,29688
53069,"Wahkiakum, WA",471,472,468,458,446,439,431,421
53071,"Walla Walla, WA",4157,4075,3995,3905,3821,3732,3655,3581
53073,"Whatcom, WA",12532,12428,12310,12213,12165,12103,12035,11911
53075,"Whitman, WA",2085,2066,2044,2012,1986,1981,1979,1980
53077,"Yakima, WA",10042,9732,9443,9160,8885,8606,8332,8051
54001,"Barbour, WV",969,946,923,898,876,852,828,808
54003,"Berkeley, WV",11040,10900,10768,10653,10510,10377,10255,10098
54005,"Boone, WV",1283,1265,1240,1219,1199,1169,1144,1121
54007,"Braxton, WV",912,887,867,842,819,799,779,763
54009,"Brooke, WV",1532,1494,1452,1414,1377,1341,1311,1278
54011,"Cabell, WV",6187,5956,5727,5501,5296,5096,4892,4704
54013,"Calhoun, WV",383,373,359,348,336,324,312,302
54015,"Clay, WV",608,599,583,570,560,549,536,525
54017,"Doddridge, WV",534,525,516,508,500,491,481,470
54019,"Fayette, WV",2933,2824,2727,2631,2535,2440,2348,2263
54021,"Gilmer, WV",404,394,381,370,359,348,336,326
54023,"Grant, WV",751,747,734,721,708,693,680,661
54025,"Greenbrier, WV",2473,2422,2372,2310,2254,2186,2121,2065
54027,"Hampshire, WV",1838,1808,1774,1745,1710,1672,1640,1613
54029,"Hancock, WV",2201,2159,2119,2085,2044,2007,1968,1921
54031,"Hardy, WV",1165,1163,1146,1139,1129,1124,1113,1086
54033,"Harrison, WV",5010,4842,4698,4564,4424,4298,4168,4038
54035,"Jackson, WV",2094,2041,2005,1953,1913,1879,1838,1804
54037,"Jefferson, WV",4866,4838,4813,4797,4759,4729,4683,4652
54039,"Kanawha, WV",11758,11309,10859,10423,9987,9563,9151,8772
54041,"Lewis, WV",1345,1331,1319,1307,1290,1277,1263,1239
54043,"Lincoln, WV",1026,980,939,892,853,818,784,755
54045,"Logan, WV",1537,1498,1460,1421,1387,1342,1306,1259
54047,"McDowell, WV",925,916,902,892,877,864,849,827
54049,"Marion, WV",4011,3922,3833,3739,3654,3558,3460,3363
54051,"Marshall, WV",1875,1809,1748,1684,1625,1571,1513,1454
54053,"Mason, WV",1674,1623,1570,1522,1474,1432,1384,1340
54055,"Mercer, WV",3850,3728,3601,3475,3358,3246,3143,3043
54057,"Mineral, WV",1996,1940,1884,1830,1772,1722,1676,1626
54059,"Mingo, WV",970,934,895,860,831,795,764,739
54061,"Monongalia, WV",4792,4748,4704,4657,4620,4592,4556,4530
54063,"Monroe, WV",1006,1000,978,965,938,919,902,884
54065,"Morgan, WV",1519,1488,1459,1427,1403,1373,1344,1313
54067,"Nicholas, WV",1640,1584,1535,1484,1438,1388,1338,1296
54069,"Ohio, WV",2723,2666,2612,2559,2500,2441,2393,2329
54071,"Pendleton, WV",528,519,509,500,489,478,468,452
54073,"Pleasants, WV",503,501,501,497,488,482,474,469
54075,"Pocahontas, WV",650,648,642,635,631,620,614,605
54077,"Preston, WV",2179,2157,2130,2093,2066,2033,2003,1974
54079,"Putnam, WV",4002,3931,3862,3783,3720,3657,3587,3534
54081,"Raleigh, WV",5596,5318,5072,4836,4621,4400,4185,3988
54083,"Randolph, WV",1968,1934,1897,1867,1838,1809,1784,1752
54085,"Ritchie, WV",648,633,619,605,588,571,552,533
54087,"Roane, WV",963,934,919,896,878,866,847,827
54089,"Summers, WV",858,837,815,793,771,751,728,706
54091,"Taylor, WV",1284,1247,1218,1182,1146,1112,1087,1059
54093,"Tucker, WV",509,497,482,470,460,450,436,425
54095,"Tyler, WV",627,615,606,590,580,561,545,534
54097,"Upshur, WV",1771,1723,1672,1623,1577,1527,1487,1438
54099,"Wayne, WV",2726,2665,2610,2549,2481,2425,2364,2304
54101,"Webster, WV",552,535,520,511,498,483,470,455
54103,"Wetzel, WV",937,899,865,831,798,767,736,707
54105,"Wirt, WV",431,426,418,416,413,406,399,388
54107,"Wood, WV",6282,6193,6100,5993,5881,5768,5640,5521
54109,"Wyoming, WV",1077,1044,1011,975,940,907,879,838
55001,"Adams, WI",2000,1923,1854,1801,1747,1698,1648,1594
55003,"Ashland, WI",1099,1060,1025,988,949,915,882,854
55005,"Barron, WI",3357,3277,3206,3130,3049,2968,2876,2809
55007,"Bayfield, WI",1364,1340,1313,1292,1273,1243,1213,1187
55009,"Brown, WI",14451,14132,13843,13557,13264,12983,12729,12492
55011,"Buffalo, WI",937,919,895,876,856,837,814,793
55013,"Burnett, WI",1610,1554,1506,1463,1419,1379,1330,1293
55015,"Calumet, WI",2564,2556,2551,2545,2526,2505,2491,2473
55017,"Chippewa, WI",4657,4589,4524,4464,4391,4330,4246,4176
55019,"Clark, WI",1727,1682,1640,1596,1551,1506,1468,1428
55021,"Columbia, WI",3795,3715,3629,3548,3458,3370,3286,3195
55023,"Crawford, WI",1146,1117,1095,1066,1034,1002,975,959
55025,"Dane, WI",23405,23073,22719,22417,22127,21838,21504,21114
55027,"Dodge, WI",5248,5107,4991,4872,4766,4670,4568,4469
55029,"Door, WI",1996,1969,1935,1899,1861,1809,1769,1730
55031,"Douglas, WI",3534,3383,3246,3115,2989,2870,2754,2650
55033,"Dunn, WI",2428,2329,2233,2133,2048,1968,1894,1819
55035,"Eau Claire, WI",5762,5638,5505,5380,5267,5163,5067,4970
55037,"Florence, WI",503,487,471,456,444,434,420,405
55039,"Fond Du Lac, WI",5916,5777,5640,5499,5354,5216,5078,4943
55041,"Forest, WI",810,782,753,718,689,661,632,605
55043,"Grant, WI",2643,2557,2482,2408,2344,2286,2242,2201
55045,"Green, WI",2024,2016,2007,1992,1977,1957,1939,1909
55047,"Green Lake, WI",1211,1200,1186,1168,1150,1124,1101,1086
55049,"Iowa, WI",1268,1232,1194,1162,1132,1105,1073,1045
55051,"Iron, WI",537,520,502,481,464,450,432,415
55053,"Jackson, WI",1601,1576,1554,1532,1514,1491,1469,1445
55055,"Jefferson, WI",5073,4910,4747,4593,4439,4279,4141,4013
55057,"Juneau, WI",2300,2260,2230,2198,2165,2130,2088,2052
55059,"Kenosha, WI",9504,9347,9189,9034,8875,8701,8540,8389
55061,"Kewaunee, WI",1108,1080,1052,1027,1004,978,955,930
55063,"La Crosse, WI",7490,7254,7032,6820,6630,6463,6308,6165
55065,"Lafayette, WI",820,802,787,772,755,739,720,697
55067,"Langlade, WI",1625,1604,1576,1552,1527,1496,1470,1447
55069,"Lincoln, WI",1990,1896,1808,1729,1653,1579,1501,1426
55071,"Manitowoc, WI",5160,5023,4891,4761,4641,4503,4377,4264
55073,"Marathon, WI",8129,7905,7704,7501,7298,7099,6897,6709
55075,"Marinette, WI",3599,3444,3310,3176,3058,2930,2807,2694
55077,"Marquette, WI",1363,1343,1320,1292,1258,1223,1195,1168
55078,"Menominee, WI",256,254,247,242,241,237,232,225
55079,"Milwaukee, WI",39451,37933,36505,35093,33706,32445,31236,30049
55081,"Monroe, WI",5703,5550,5419,5282,5153,5033,4915,4788
55083,"Oconto, WI",2797,2717,2646,2579,2508,2452,2392,2340
55085,"Oneida, WI",3176,3069,2962,2855,2750,2642,2548,2461
55087,"Outagamie, WI",10512,10242,10003,9764,9537,9315,9107,8919
55089,"Ozaukee, WI",3828,3739,3638,3540,3436,3332,3231,3135
55091,"Pepin, WI",496,478,459,443,426,409,393,379
55093,"Pierce, WI",2322,2249,2173,2101,2031,1972,1913,1855
55095,"Polk, WI",3182,3126,3068,3019,2965,2908,2858,2801
55097,"Portage, WI",4188,4108,4040,3974,3903,3840,3785,3721
55099,"Price, WI",1330,1292,1252,1215,1189,1161,1129,1099
55101,"Racine, WI",10882,10557,10232,9921,9602,9302,9001,8703
55103,"Richland, WI",1053,1023,995,970,943,909,880,855
55105,"Rock, WI",10342,10134,9924,9711,9519,9338,9160,8966
55107,"Rusk, WI",1132,1095,1061,1033,1004,983,957,928
55109,"Saint Croix, WI",5405,5340,5285,5222,5185,5132,5074,5012
55111,"Sauk, WI",3661,3610,3561,3514,3469,3422,3372,3318
55113,"Sawyer, WI",1386,1339,1299,1261,1219,1171,1130,1095
55115,"Shawano, WI",2705,2628,2560,2485,2412,2336,2269,2208
55117,"Sheboygan, WI",5993,5867,5740,5619,5495,5376,5259,5119
55119,"Taylor, WI",1249,1227,1206,1176,1153,1125,1098,1077
55121,"Trempealeau, WI",1811,1781,1753,1724,1697,1669,1640,1622
55123,"Vernon, WI",1790,1755,1720,1691,1657,1625,1582,1544
55125,"Vilas, WI",2046,1994,1947,1906,1859,1810,1767,1724
55127,"Walworth, WI",5148,5008,4864,4718,4590,4457,4330,4202
55129,"Washburn, WI",1506,1461,1423,1390,1351,1315,1284,1253
55131,"Washington, WI",7381,7259,7121,6981,6862,6740,6616,6477
55133,"Waukesha, WI",18737,18450,18132,17829,17514,17187,16839,16473
55135,"Waupaca, WI",3861,3783,3695,3620,3541,3460,3373,3284
55137,"Waushara, WI",1844,1770,1700,1631,1568,1509,1448,1396
55139,"Winnebago, WI",10789,10554,10332,10091,9855,9613,9371,9138
55141,"Wood, WI",5475,5358,5229,5096,4982,4878,4777,4668
56001,"Albany, WY",2301,2258,2228,2224,2213,2205,2197,2170
56003,"Big Horn, WY",859,853,838,825,812,798,790,779
56005,"Campbell, WY",2793,2747,2713,2669,2629,2597,2560,2525
56007,"Carbon, WY",966,952,935,922,913,897,887,871
56009,"Converse, WY",988,975,962,948,931,914,905,888
56011,"Crook, WY",604,598,592,586,583,574,569,567
56013,"Fremont, WY",2492,2453,2400,2341,2285,2234,2172,2128
56015,"Goshen, WY",1034,1030,1021,1024,1019,1011,1008,1001
56017,"Hot Springs, WY",385,363,345,332,318,305,296,285
56019,"Johnson, WY",761,770,751,700,677,660,630,614
56021,"Laramie, WY",13353,13159,13037,12884,12720,12573,12398,12242
56023,"Lincoln, WY",1225,1236,1234,1246,1258,1255,1254,1244
56025,"Natrona, WY",5012,4917,4847,4798,4732,4654,4579,4494
56027,"Niobrara, WY",138,137,131,133,129,125,128,125
56029,"Park, WY",2301,2256,2207,2156,2104,2058,2008,1955
56031,"Platte, WY",868,845,818,798,775,753,736,714
56033,"Sheridan, WY",3056,3059,3038,2968,2917,2872,2811,2775
56035,"Sublette, WY",724,728,718,719,718,708,706,700
56037,"Sweetwater, WY",2607,2585,2564,2523,2491,2462,2431,2394
56039,"Teton, WY",677,669,657,651,643,633,625,609
56041,"Uinta, WY",1157,1132,1110,1100,1083,1060,1037,1014
56043,"Washakie, WY",587,567,543,524,507,489,473,458
56045,"Weston, WY",557,544,536,537,530,521,517,508
72000,"Puerto Rico, PR",79811,76179,72728,69435,66297,63310,60458,57741
90060,American Samoa,1456,1444,1432,1418,1404,1390,1375,1360
90066,Guam,10843,10746,10643,10538,10432,10328,10221,10110
90069,Northern Mariana Islands,831,826,820,814,807,801,794,786
90078,Virgin Islands,3885,3809,3734,3657,3581,3505,3429,3353
99000,Foreign Countries,78946,78385,77790,77176,76560,75948,75318,74678
