{
"type": "FeatureCollection",
"name": "pyogrio_6f0314995f6a4ffa871cd2d31844cd82",
"crs": { "type": "name", "properties": { "name": "urn:ogc:def:crs:OGC:1.3:CRS84" } },
"features": [
{"type":"Feature","properties":{"ugc":"IDC001","name":"Ada","state":"ID","wfo":"BOI"},"geometry":{"type":"MultiPolygon","coordinates":[[[[-116.42,43.81],[-116.38,43.81],[-116.34,43.81],[-116.31,43.81],[-116.28,43.81],[-116.28,43.8],[-116.27,43.8],[-116.26,43.79],[-116.25,43.79],[-116.23,43.77],[-116.2,43.75],[-116.18,43.73],[-116.17,43.72],[-116.16,43.72],[-116.15,43.71],[-116.13,43.7],[-116.12,43.69],[-116.01,43.61],[-116.0,43.6],[-115.99,43.59],[-115.98,43.59],[-115.98,43.58],[-115.98,43.56],[-115.98,43.55],[-115.97,43.54],[-115.98,43.5],[-115.97,43.48],[-115.98,43.38],[-115.98,43.37],[-115.97,43.36],[-115.97,43.29],[-115.98,43.29],[-115.98,43.28],[-115.98,43.25],[-115.98,43.22],[-115.98,43.2],[-115.98,43.18],[-115.98,43.12],[-115.98,43.11],[-116.0,43.11],[-116.15,43.11],[-116.16,43.11],[-116.25,43.11],[-116.26,43.11],[-116.27,43.11],[-116.27,43.12],[-116.28,43.12],[-116.3,43.12],[-116.31,43.12],[-116.31,43.13],[-116.31,43.14],[-116.32,43.14],[-116.32,43.15],[-116.33,43.15],[-116.33,43.16],[-116.34,43.16],[-116.35,43.17],[-116.36,43.17],[-116.37,43.18],[-116.38,43.19],[-116.39,43.19],[-116.39,43.2],[-116.38,43.2],[-116.38,43.21],[-116.38,43.22],[-116.38,43.23],[-116.38,43.24],[-116.38,43.25],[-116.39,43.25],[-116.4,43.26],[-116.4,43.27],[-116.4,43.28],[-116.41,43.28],[-116.41,43.29],[-116.42,43.29],[-116.43,43.29],[-116.43,43.3],[-116.44,43.3],[-116.44,43.29],[-116.45,43.29],[-116.46,43.29],[-116.47,43.29],[-116.48,43.29],[-116.49,43.29],[-116.5,43.28],[-116.51,43.29],[-116.51,43.3],[-116.51,43.32],[-116.51,43.35],[-116.51,43.36],[-116.51,43.37],[-116.51,43.39],[-116.51,43.44],[-116.51,43.46],[-116.48,43.46],[-116.47,43.46],[-116.47,43.47],[-116.47,43.52],[-116.47,43.63],[-116.49,43.63],[-116.5,43.63],[-116.51,43.63],[-116.51,43.65],[-116.51,43.67],[-116.51,43.69],[-116.51,43.7],[-116.51,43.72],[-116.51,43.73],[-116.51,43.74],[-116.51,43.78],[-116.51,43.81],[-116.48,43.81],[-116.42,43.81]]]]}},
{"type":"Feature","properties":{"ugc":"IDC003","name":"Adams","state":"ID","wfo":"BOI"},"geometry":{"type":"MultiPolygon","coordinates":[[[[-116.85,44.97],[-116.86,44.98],[-116.86,44.99],[-116.85,44.99],[-116.85,45.0],[-116.84,45.0],[-116.85,45.01],[-116.85,45.02],[-116.84,45.03],[-116.83,45.04],[-116.82,45.04],[-116.82,45.05],[-116.81,45.05],[-116.8,45.05],[-116.8,45.06],[-116.79,45.06],[-116.79,45.07],[-116.78,45.08],[-116.78,45.09],[-116.78,45.1],[-116.77,45.11],[-116.76,45.11],[-116.75,45.12],[-116.75,45.13],[-116.74,45.14],[-116.73,45.14],[-116.73,45.16],[-116.72,45.16],[-116.72,45.17],[-116.72,45.18],[-116.71,45.19],[-116.71,45.2],[-116.71,45.21],[-116.71,45.22],[-116.7,45.23],[-116.7,45.24],[-116.7,45.25],[-116.69,45.26],[-116.69,45.27],[-116.62,45.27],[-116.5,45.27],[-116.43,45.27],[-116.39,45.27],[-116.34,45.27],[-116.34,45.26],[-116.33,45.25],[-116.33,45.24],[-116.32,45.23],[-116.32,45.22],[-116.31,45.21],[-116.31,45.2],[-116.31,45.19],[-116.3,45.19],[-116.3,45.18],[-116.3,45.17],[-116.3,45.16],[-116.3,45.15],[-116.29,45.15],[-116.29,45.14],[-116.28,45.14],[-116.28,45.13],[-116.29,45.13],[-116.3,45.12],[-116.3,45.11],[-116.25,45.11],[-116.17,45.11],[-116.15,45.11],[-116.14,45.11],[-116.14,45.1],[-116.14,45.09],[-116.14,45.08],[-116.13,45.08],[-116.12,45.08],[-116.11,45.07],[-116.1,45.07],[-116.09,45.07],[-116.09,45.06],[-116.1,45.05],[-116.1,45.04],[-116.1,45.03],[-116.11,45.03],[-116.11,45.02],[-116.12,45.02],[-116.13,45.02],[-116.13,45.01],[-116.13,45.0],[-116.13,44.99],[-116.12,44.99],[-116.12,44.98],[-116.11,44.98],[-116.11,44.97],[-116.12,44.97],[-116.12,44.96],[-116.12,44.95],[-116.13,44.95],[-116.13,44.94],[-116.14,44.94],[-116.15,44.94],[-116.16,44.94],[-116.16,44.93],[-116.16,44.92],[-116.16,44.91],[-116.16,44.9],[-116.17,44.9],[-116.17,44.89],[-116.18,44.89],[-116.19,44.89],[-116.19,44.88],[-116.19,44.87],[-116.19,44.86],[-116.2,44.86],[-116.2,44.85],[-116.2,44.84],[-116.2,44.83],[-116.2,44.82],[-116.2,44.81],[-116.2,44.8],[-116.2,44.79],[-116.21,44.79],[-116.21,44.78],[-116.21,44.77],[-116.2,44.77],[-116.2,44.76],[-116.19,44.76],[-116.19,44.75],[-116.18,44.75],[-116.18,44.74],[-116.18,44.73],[-116.18,44.72],[-116.17,44.72],[-116.17,44.71],[-116.16,44.71],[-116.16,44.7],[-116.16,44.69],[-116.16,44.68],[-116.16,44.67],[-116.17,44.67],[-116.17,44.66],[-116.18,44.65],[-116.17,44.64],[-116.17,44.63],[-116.17,44.62],[-116.17,44.61],[-116.18,44.61],[-116.18,44.6],[-116.18,44.59],[-116.18,44.58],[-116.17,44.58],[-116.17,44.57],[-116.18,44.56],[-116.17,44.56],[-116.17,44.55],[-116.17,44.54],[-116.16,44.54],[-116.16,44.53],[-116.16,44.52],[-116.16,44.51],[-116.16,44.5],[-116.17,44.5],[-116.18,44.5],[-116.19,44.5],[-116.2,44.5],[-116.21,44.5],[-116.22,44.5],[-116.22,44.49],[-116.23,44.49],[-116.23,44.48],[-116.23,44.47],[-116.24,44.47],[-116.24,44.46],[-116.25,44.46],[-116.25,44.47],[-116.26,44.47],[-116.26,44.46],[-116.27,44.46],[-116.28,44.46],[-116.29,44.45],[-116.3,44.45],[-116.3,44.44],[-116.31,44.44],[-116.39,44.44],[-116.41,44.44],[-116.43,44.45],[-116.45,44.46],[-116.5,44.48],[-116.53,44.49],[-116.53,44.5],[-116.53,44.51],[-116.53,44.54],[-116.53,44.56],[-116.53,44.58],[-116.53,44.61],[-116.6,44.61],[-116.6,44.63],[-116.6,44.64],[-116.61,44.65],[-116.62,44.66],[-116.62,44.67],[-116.62,44.69],[-116.62,44.71],[-116.62,44.73],[-116.62,44.75],[-116.62,44.84],[-116.66,44.84],[-116.84,44.84],[-116.9,44.84],[-116.9,44.85],[-116.89,44.86],[-116.88,44.86],[-116.88,44.87],[-116.87,44.87],[-116.86,44.88],[-116.85,44.89],[-116.85,44.9],[-116.84,44.91],[-116.84,44.92],[-116.84,44.93],[-116.83,44.93],[-116.83,44.94],[-116.84,44.94],[-116.84,44.95],[-116.85,44.96],[-116.85,44.97]],[[-116.84,44.97],[-116.83,44.97],[-116.83,44.98],[-116.84,44.98],[-116.84,44.97]]]]}},
{"type":"Feature","properties":{"ugc":"IDC005","name":"Bannock","state":"ID","wfo":"PIH"},"geometry":{"type":"MultiPolygon","coordinates":[[[[-112.74,42.93],[-112.73,42.94],[-112.74,42.94],[-112.74,42.95],[-112.75,42.95],[-112.75,42.96],[-112.75,42.97],[-112.74,42.97],[-112.73,42.97],[-112.74,42.98],[-112.74,42.99],[-112.73,42.99],[-112.72,42.99],[-112.71,42.99],[-112.7,43.0],[-112.69,43.0],[-112.69,43.01],[-112.68,43.01],[-112.68,43.02],[-112.67,43.02],[-112.66,43.02],[-112.64,43.02],[-112.56,43.02],[-112.54,43.02],[-112.51,43.02],[-112.49,43.02],[-112.48,43.02],[-112.44,43.02],[-112.39,43.02],[-112.37,43.02],[-112.36,43.02],[-112.29,43.02],[-112.26,43.02],[-112.25,43.02],[-112.19,43.02],[-112.18,43.02],[-112.16,43.02],[-112.07,43.02],[-112.06,43.02],[-112.06,43.01],[-112.06,43.0],[-112.05,43.0],[-112.05,42.99],[-112.06,42.99],[-112.06,42.98],[-112.07,42.98],[-112.08,42.98],[-112.09,42.97],[-112.09,42.96],[-112.08,42.96],[-112.08,42.95],[-112.09,42.95],[-112.1,42.95],[-112.11,42.95],[-112.12,42.94],[-112.13,42.94],[-112.13,42.93],[-112.14,42.92],[-112.14,42.91],[-112.14,42.9],[-112.15,42.9],[-112.15,42.89],[-112.14,42.89],[-112.14,42.88],[-112.14,42.87],[-112.13,42.87],[-112.14,42.86],[-112.13,42.85],[-112.13,42.84],[-112.12,42.84],[-112.12,42.83],[-112.12,42.82],[-112.12,42.81],[-112.13,42.81],[-112.14,42.81],[-112.14,42.8],[-112.15,42.8],[-112.14,42.79],[-112.14,42.78],[-112.14,42.77],[-112.14,42.76],[-112.14,42.75],[-112.13,42.75],[-112.13,42.74],[-112.12,42.74],[-112.12,42.73],[-112.11,42.73],[-112.11,42.72],[-112.12,42.72],[-112.11,42.71],[-112.11,42.7],[-112.1,42.7],[-112.09,42.7],[-112.08,42.7],[-112.07,42.71],[-112.06,42.71],[-112.06,42.72],[-112.05,42.72],[-112.02,42.72],[-111.98,42.72],[-111.97,42.72],[-111.97,42.71],[-111.97,42.7],[-111.97,42.69],[-111.96,42.69],[-111.96,42.68],[-111.97,42.68],[-111.96,42.67],[-111.95,42.67],[-111.95,42.66],[-111.95,42.64],[-111.93,42.64],[-111.93,42.63],[-111.92,42.63],[-111.92,42.62],[-111.92,42.59],[-111.92,42.52],[-111.91,42.52],[-111.9,42.52],[-111.9,42.51],[-111.9,42.5],[-111.89,42.5],[-111.89,42.49],[-111.88,42.45],[-111.88,42.42],[-111.9,42.42],[-111.89,42.4],[-111.9,42.39],[-111.89,42.37],[-111.9,42.35],[-111.9,42.33],[-111.9,42.31],[-111.9,42.29],[-111.9,42.26],[-111.94,42.26],[-111.98,42.26],[-111.98,42.28],[-111.98,42.29],[-111.99,42.29],[-112.04,42.29],[-112.12,42.28],[-112.13,42.29],[-112.14,42.3],[-112.14,42.29],[-112.15,42.29],[-112.16,42.3],[-112.16,42.31],[-112.17,42.31],[-112.17,42.32],[-112.18,42.32],[-112.18,42.33],[-112.18,42.34],[-112.19,42.34],[-112.19,42.35],[-112.25,42.35],[-112.26,42.35],[-112.26,42.34],[-112.27,42.33],[-112.27,42.32],[-112.28,42.32],[-112.29,42.32],[-112.3,42.32],[-112.3,42.33],[-112.31,42.33],[-112.31,42.32],[-112.32,42.32],[-112.33,42.32],[-112.33,42.33],[-112.33,42.34],[-112.33,42.35],[-112.32,42.35],[-112.32,42.36],[-112.31,42.36],[-112.31,42.37],[-112.31,42.38],[-112.3,42.38],[-112.29,42.39],[-112.29,42.4],[-112.29,42.41],[-112.29,42.42],[-112.29,42.43],[-112.29,42.44],[-112.3,42.44],[-112.29,42.45],[-112.3,42.45],[-112.31,42.46],[-112.31,42.45],[-112.32,42.45],[-112.33,42.45],[-112.34,42.45],[-112.35,42.45],[-112.35,42.46],[-112.35,42.47],[-112.37,42.47],[-112.37,42.48],[-112.38,42.48],[-112.38,42.49],[-112.38,42.5],[-112.42,42.5],[-112.42,42.56],[-112.42,42.57],[-112.41,42.57],[-112.39,42.57],[-112.39,42.59],[-112.39,42.6],[-112.39,42.62],[-112.38,42.62],[-112.38,42.65],[-112.39,42.65],[-112.42,42.65],[-112.42,42.68],[-112.44,42.68],[-112.44,42.7],[-112.46,42.7],[-112.46,42.73],[-112.5,42.73],[-112.5,42.76],[-112.5,42.79],[-112.52,42.79],[-112.52,42.8],[-112.52,42.83],[-112.52,42.85],[-112.52,42.89],[-112.52,42.9],[-112.52,42.91],[-112.52,42.92],[-112.53,42.92],[-112.53,42.93],[-112.54,42.93],[-112.55,42.94],[-112.54,42.94],[-112.55,42.95],[-112.55,42.96],[-112.56,42.96],[-112.57,42.96],[-112.58,42.97],[-112.59,42.97],[-112.6,42.97],[-112.6,42.96],[-112.61,42.96],[-112.62,42.96],[-112.62,42.95],[-112.63,42.95],[-112.64,42.94],[-112.65,42.94],[-112.66,42.94],[-112.67,42.94],[-112.68,42.94],[-112.69,42.94],[-112.7,42.94],[-112.7,42.93],[-112.71,42.92],[-112.72,42.92],[-112.73,42.92],[-112.73,42.91],[-112.74,42.91],[-112.75,42.91],[-112.75,42.92],[-112.74,42.92],[-112.74,42.93]]]]}},
{"type":"Feature","properties":{"ugc":"IDC007","name":"Bear Lake","state":"ID","wfo":"PIH"},"geometry":{"type":"MultiPolygon","coordinates":[[[[-111.24,42.58],[-111.23,42.58],[-111.23,42.57],[-111.22,42.57],[-111.23,42.56],[-111.23,42.55],[-111.23,42.54],[-111.23,42.53],[-111.23,42.52],[-111.24,42.52],[-111.24,42.51],[-111.24,42.5],[-111.25,42.5],[-111.25,42.49],[-111.24,42.49],[-111.24,42.48],[-111.23,42.48],[-111.22,42.48],[-111.21,42.48],[-111.2,42.48],[-111.19,42.48],[-111.18,42.48],[-111.17,42.48],[-111.16,42.48],[-111.16,42.49],[-111.15,42.49],[-111.14,42.49],[-111.13,42.49],[-111.13,42.48],[-111.12,42.48],[-111.12,42.49],[-111.11,42.49],[-111.1,42.49],[-111.09,42.49],[-111.08,42.49],[-111.07,42.49],[-111.07,42.5],[-111.06,42.5],[-111.06,42.51],[-111.05,42.51],[-111.05,42.47],[-111.05,42.45],[-111.05,42.44],[-111.05,42.35],[-111.05,42.29],[-111.05,42.27],[-111.05,42.24],[-111.05,42.21],[-111.05,42.18],[-111.05,42.15],[-111.05,42.1],[-111.05,42.06],[-111.05,42.0],[-111.09,42.0],[-111.13,42.0],[-111.17,42.0],[-111.25,42.0],[-111.32,42.0],[-111.4,42.0],[-111.43,42.0],[-111.46,42.0],[-111.49,42.0],[-111.5,42.0],[-111.51,42.0],[-111.51,42.01],[-111.51,42.02],[-111.51,42.03],[-111.51,42.04],[-111.51,42.05],[-111.51,42.06],[-111.52,42.06],[-111.52,42.07],[-111.53,42.07],[-111.53,42.08],[-111.54,42.08],[-111.55,42.08],[-111.56,42.08],[-111.57,42.08],[-111.57,42.09],[-111.58,42.09],[-111.59,42.09],[-111.6,42.1],[-111.6,42.11],[-111.59,42.11],[-111.59,42.12],[-111.59,42.13],[-111.59,42.14],[-111.6,42.15],[-111.61,42.15],[-111.61,42.16],[-111.61,42.17],[-111.61,42.18],[-111.62,42.18],[-111.62,42.19],[-111.63,42.19],[-111.63,42.2],[-111.63,42.21],[-111.62,42.21],[-111.62,42.22],[-111.61,42.23],[-111.61,42.24],[-111.61,42.25],[-111.6,42.25],[-111.6,42.26],[-111.59,42.26],[-111.58,42.27],[-111.57,42.27],[-111.56,42.27],[-111.56,42.28],[-111.58,42.28],[-111.58,42.29],[-111.59,42.29],[-111.58,42.3],[-111.59,42.3],[-111.58,42.31],[-111.59,42.32],[-111.59,42.33],[-111.58,42.33],[-111.57,42.33],[-111.57,42.34],[-111.56,42.35],[-111.55,42.35],[-111.56,42.36],[-111.57,42.37],[-111.58,42.37],[-111.58,42.38],[-111.58,42.39],[-111.59,42.39],[-111.6,42.39],[-111.6,42.4],[-111.6,42.41],[-111.6,42.42],[-111.59,42.42],[-111.59,42.43],[-111.58,42.43],[-111.58,42.44],[-111.58,42.45],[-111.59,42.45],[-111.59,42.46],[-111.59,42.47],[-111.6,42.47],[-111.6,42.48],[-111.6,42.49],[-111.61,42.49],[-111.61,42.5],[-111.61,42.51],[-111.62,42.51],[-111.62,42.52],[-111.63,42.53],[-111.63,42.54],[-111.63,42.55],[-111.63,42.56],[-111.63,42.57],[-111.63,42.58],[-111.62,42.58],[-111.61,42.59],[-111.6,42.59],[-111.5,42.59],[-111.48,42.59],[-111.38,42.59],[-111.36,42.59],[-111.35,42.59],[-111.34,42.59],[-111.34,42.58],[-111.34,42.57],[-111.33,42.57],[-111.33,42.56],[-111.32,42.56],[-111.31,42.56],[-111.3,42.56],[-111.29,42.56],[-111.28,42.55],[-111.28,42.56],[-111.27,42.56],[-111.27,42.57],[-111.26,42.58],[-111.25,42.59],[-111.25,42.6],[-111.24,42.6],[-111.24,42.59],[-111.24,42.58]]]]}},
{"type":"Feature","properties":{"ugc":"IDC009","name":"Benewah","state":"ID","wfo":"OTX"},"geometry":{"type":"MultiPolygon","coordinates":[[[[-116.59,47.41],[-116.54,47.41],[-116.51,47.41],[-116.45,47.41],[-116.43,47.41],[-116.4,47.41],[-116.39,47.41],[-116.38,47.41],[-116.36,47.41],[-116.33,47.41],[-116.33,47.4],[-116.33,47.36],[-116.33,47.32],[-116.33,47.29],[-116.33,47.25],[-116.33,47.24],[-116.33,47.12],[-116.33,47.11],[-116.33,47.1],[-116.33,47.07],[-116.33,47.05],[-116.33,47.03],[-116.33,47.02],[-116.35,47.02],[-116.41,47.02],[-116.43,47.02],[-116.45,47.02],[-116.46,47.02],[-116.46,47.04],[-116.48,47.04],[-116.5,47.04],[-116.56,47.04],[-116.63,47.04],[-116.65,47.04],[-116.75,47.04],[-116.77,47.04],[-116.77,47.03],[-116.84,47.03],[-116.84,47.04],[-116.84,47.05],[-116.85,47.05],[-116.86,47.05],[-116.86,47.06],[-116.87,47.06],[-116.88,47.06],[-116.88,47.07],[-116.89,47.07],[-116.89,47.08],[-116.9,47.08],[-116.91,47.08],[-116.92,47.08],[-116.93,47.08],[-116.94,47.07],[-116.95,47.07],[-116.96,47.07],[-116.96,47.08],[-116.97,47.08],[-116.98,47.09],[-116.98,47.1],[-116.97,47.1],[-116.97,47.11],[-116.97,47.12],[-116.98,47.12],[-116.98,47.13],[-116.99,47.13],[-117.0,47.13],[-117.01,47.13],[-117.02,47.13],[-117.03,47.13],[-117.04,47.13],[-117.04,47.17],[-117.04,47.29],[-117.04,47.35],[-117.04,47.36],[-117.04,47.37],[-116.99,47.37],[-116.93,47.37],[-116.89,47.37],[-116.88,47.37],[-116.86,47.37],[-116.82,47.37],[-116.81,47.37],[-116.81,47.38],[-116.77,47.38],[-116.77,47.39],[-116.73,47.39],[-116.74,47.37],[-116.73,47.37],[-116.63,47.37],[-116.63,47.39],[-116.63,47.4],[-116.59,47.4],[-116.59,47.41]]]]}},
{"type":"Feature","properties":{"ugc":"IDC011","name":"Bingham","state":"ID","wfo":"PIH"},"geometry":{"type":"MultiPolygon","coordinates":[[[[-112.54,43.63],[-112.52,43.63],[-112.52,43.6],[-112.52,43.5],[-112.52,43.48],[-112.52,43.46],[-112.52,43.43],[-112.5,43.43],[-112.46,43.43],[-112.44,43.43],[-112.38,43.43],[-112.29,43.42],[-112.25,43.42],[-112.16,43.43],[-112.14,43.43],[-112.14,43.42],[-112.1,43.42],[-112.1,43.41],[-112.05,43.41],[-112.04,43.41],[-112.04,43.37],[-112.02,43.37],[-112.0,43.37],[-111.97,43.37],[-111.95,43.37],[-111.94,43.37],[-111.92,43.37],[-111.91,43.37],[-111.83,43.37],[-111.82,43.37],[-111.82,43.36],[-111.82,43.33],[-111.82,43.28],[-111.8,43.28],[-111.75,43.28],[-111.73,43.28],[-111.63,43.28],[-111.61,43.28],[-111.6,43.28],[-111.59,43.28],[-111.59,43.25],[-111.59,43.24],[-111.59,43.2],[-111.59,43.19],[-111.59,43.14],[-111.59,43.06],[-111.59,43.02],[-111.62,43.02],[-111.63,43.02],[-111.66,43.02],[-111.67,43.02],[-111.68,43.02],[-111.7,43.02],[-111.73,43.02],[-111.74,43.02],[-111.75,43.02],[-111.76,43.02],[-111.78,43.02],[-111.8,43.02],[-111.81,43.02],[-111.83,43.02],[-111.85,43.02],[-111.88,43.02],[-111.91,43.02],[-111.94,43.02],[-111.95,43.02],[-111.98,43.02],[-112.02,43.02],[-112.06,43.02],[-112.07,43.02],[-112.16,43.02],[-112.18,43.02],[-112.19,43.02],[-112.25,43.02],[-112.26,43.02],[-112.29,43.02],[-112.36,43.02],[-112.37,43.02],[-112.39,43.02],[-112.44,43.02],[-112.48,43.02],[-112.49,43.02],[-112.51,43.02],[-112.54,43.02],[-112.56,43.02],[-112.64,43.02],[-112.66,43.02],[-112.67,43.02],[-112.68,43.02],[-112.68,43.01],[-112.69,43.01],[-112.69,43.0],[-112.7,43.0],[-112.71,42.99],[-112.72,42.99],[-112.73,42.99],[-112.74,42.99],[-112.74,42.98],[-112.73,42.97],[-112.74,42.97],[-112.75,42.97],[-112.75,42.96],[-112.75,42.95],[-112.76,42.95],[-112.76,42.94],[-112.77,42.93],[-112.76,42.93],[-112.76,42.92],[-112.77,42.92],[-112.78,42.92],[-112.78,42.91],[-112.78,42.9],[-112.78,42.89],[-112.79,42.89],[-112.79,42.88],[-112.8,42.88],[-112.81,42.88],[-112.81,42.87],[-112.82,42.87],[-112.82,42.86],[-112.84,42.86],[-112.89,42.86],[-113.01,42.86],[-113.01,42.87],[-113.01,42.88],[-113.01,42.91],[-113.01,42.93],[-113.01,42.94],[-113.01,42.95],[-113.01,43.0],[-113.01,43.01],[-113.01,43.04],[-113.01,43.05],[-113.01,43.06],[-113.01,43.11],[-113.01,43.12],[-113.01,43.23],[-113.01,43.25],[-113.01,43.28],[-112.95,43.28],[-112.95,43.31],[-112.95,43.37],[-112.94,43.37],[-112.94,43.4],[-112.94,43.43],[-112.94,43.44],[-112.94,43.45],[-112.93,43.45],[-112.85,43.45],[-112.84,43.45],[-112.82,43.45],[-112.82,43.5],[-112.82,43.51],[-112.82,43.54],[-112.76,43.54],[-112.75,43.54],[-112.74,43.54],[-112.7,43.54],[-112.7,43.59],[-112.7,43.62],[-112.68,43.62],[-112.65,43.62],[-112.64,43.62],[-112.64,43.63],[-112.54,43.63]]]]}},
{"type":"Feature","properties":{"ugc":"IDC013","name":"Blaine","state":"ID","wfo":"PIH"},"geometry":{"type":"MultiPolygon","coordinates":[[[[-114.98,43.86],[-114.98,43.87],[-114.97,43.87],[-114.97,43.88],[-114.98,43.88],[-114.99,43.89],[-114.99,43.9],[-114.99,43.91],[-115.0,43.91],[-114.99,43.92],[-114.98,43.92],[-114.98,43.93],[-114.97,43.94],[-114.96,43.95],[-114.95,43.95],[-114.94,43.95],[-114.94,43.96],[-114.93,43.96],[-114.93,43.97],[-114.92,43.97],[-114.92,43.98],[-114.91,43.98],[-114.9,43.98],[-114.9,43.99],[-114.89,43.99],[-114.87,43.99],[-114.81,43.99],[-114.81,43.97],[-114.81,43.96],[-114.81,43.94],[-114.81,43.93],[-114.75,43.93],[-114.74,43.93],[-114.7,43.93],[-114.68,43.93],[-114.67,43.93],[-114.67,43.92],[-114.66,43.92],[-114.65,43.91],[-114.65,43.92],[-114.64,43.91],[-114.63,43.91],[-114.63,43.9],[-114.62,43.9],[-114.61,43.9],[-114.61,43.89],[-114.6,43.89],[-114.6,43.88],[-114.59,43.88],[-114.58,43.88],[-114.58,43.87],[-114.58,43.86],[-114.58,43.85],[-114.57,43.85],[-114.56,43.84],[-114.56,43.85],[-114.55,43.85],[-114.54,43.85],[-114.53,43.85],[-114.52,43.85],[-114.52,43.86],[-114.51,43.86],[-114.52,43.87],[-114.52,43.88],[-114.51,43.88],[-114.51,43.89],[-114.51,43.9],[-114.5,43.9],[-114.49,43.9],[-114.48,43.9],[-114.47,43.9],[-114.46,43.9],[-114.45,43.9],[-114.44,43.9],[-114.44,43.89],[-114.43,43.89],[-114.42,43.89],[-114.41,43.89],[-114.4,43.89],[-114.39,43.89],[-114.39,43.88],[-114.38,43.88],[-114.37,43.88],[-114.36,43.88],[-114.36,43.87],[-114.35,43.88],[-114.35,43.89],[-114.34,43.89],[-114.33,43.89],[-114.32,43.89],[-114.31,43.89],[-114.3,43.89],[-114.29,43.89],[-114.29,43.88],[-114.28,43.88],[-114.28,43.87],[-114.28,43.86],[-114.28,43.85],[-114.28,43.84],[-114.28,43.83],[-114.27,43.83],[-114.26,43.82],[-114.25,43.82],[-114.24,43.81],[-114.23,43.81],[-114.22,43.8],[-114.21,43.8],[-114.2,43.79],[-114.19,43.79],[-114.18,43.79],[-114.17,43.78],[-114.16,43.78],[-114.15,43.78],[-114.14,43.77],[-114.13,43.76],[-114.11,43.75],[-114.1,43.74],[-114.09,43.74],[-114.08,43.74],[-114.07,43.74],[-114.06,43.75],[-114.06,43.76],[-114.05,43.76],[-114.04,43.77],[-114.04,43.78],[-114.03,43.78],[-114.03,43.77],[-114.02,43.77],[-114.01,43.77],[-114.0,43.77],[-114.0,43.76],[-113.99,43.76],[-114.0,43.75],[-114.0,43.74],[-113.99,43.74],[-113.98,43.73],[-113.99,43.73],[-113.98,43.72],[-113.98,43.71],[-113.97,43.71],[-113.96,43.7],[-113.95,43.7],[-113.95,43.69],[-113.94,43.69],[-113.94,43.68],[-113.93,43.68],[-113.92,43.67],[-113.91,43.67],[-113.91,43.66],[-113.91,43.65],[-113.9,43.65],[-113.89,43.65],[-113.88,43.65],[-113.87,43.65],[-113.86,43.64],[-113.86,43.63],[-113.85,43.63],[-113.84,43.62],[-113.84,43.61],[-113.83,43.61],[-113.83,43.6],[-113.81,43.6],[-113.81,43.57],[-113.8,43.57],[-113.79,43.57],[-113.78,43.57],[-113.77,43.57],[-113.76,43.57],[-113.76,43.58],[-113.75,43.58],[-113.75,43.59],[-113.74,43.59],[-113.73,43.59],[-113.72,43.59],[-113.71,43.59],[-113.7,43.58],[-113.69,43.58],[-113.7,43.57],[-113.69,43.57],[-113.69,43.56],[-113.69,43.55],[-113.69,43.54],[-113.69,43.53],[-113.68,43.53],[-113.67,43.53],[-113.67,43.52],[-113.67,43.51],[-113.67,43.5],[-113.66,43.5],[-113.65,43.49],[-113.64,43.49],[-113.64,43.5],[-113.63,43.5],[-113.63,43.49],[-113.62,43.49],[-113.61,43.49],[-113.61,43.48],[-113.6,43.47],[-113.59,43.47],[-113.6,43.46],[-113.61,43.46],[-113.62,43.46],[-113.63,43.46],[-113.63,43.45],[-113.64,43.45],[-113.64,43.37],[-113.63,43.37],[-113.5,43.37],[-113.42,43.37],[-113.41,43.37],[-113.36,43.37],[-113.36,43.28],[-113.28,43.28],[-113.16,43.28],[-113.14,43.28],[-113.01,43.28],[-113.01,43.25],[-113.01,43.23],[-113.01,43.12],[-113.01,43.11],[-113.09,43.11],[-113.13,43.11],[-113.24,43.11],[-113.24,43.1],[-113.24,43.0],[-113.24,42.85],[-113.24,42.76],[-113.18,42.76],[-113.18,42.71],[-113.18,42.68],[-113.24,42.68],[-113.24,42.63],[-113.24,42.62],[-113.25,42.62],[-113.26,42.62],[-113.26,42.63],[-113.27,42.63],[-113.28,42.63],[-113.29,42.63],[-113.3,42.63],[-113.31,42.63],[-113.31,42.64],[-113.32,42.64],[-113.33,42.64],[-113.33,42.65],[-113.34,42.66],[-113.35,42.66],[-113.35,42.67],[-113.36,42.67],[-113.36,42.68],[-113.37,42.69],[-113.38,42.69],[-113.39,42.69],[-113.4,42.69],[-113.4,42.68],[-113.41,42.68],[-113.41,42.67],[-113.42,42.67],[-113.43,42.67],[-113.44,42.67],[-113.45,42.67],[-113.47,42.67],[-113.47,42.68],[-113.47,42.7],[-113.47,42.72],[-113.47,42.74],[-113.47,42.75],[-113.47,42.76],[-113.47,42.78],[-113.47,42.79],[-113.47,42.85],[-113.41,42.85],[-113.41,43.2],[-113.5,43.2],[-113.6,43.2],[-113.71,43.2],[-113.75,43.2],[-113.79,43.2],[-114.0,43.2],[-114.01,43.2],[-114.1,43.2],[-114.25,43.2],[-114.28,43.2],[-114.36,43.2],[-114.38,43.2],[-114.37,43.23],[-114.37,43.24],[-114.37,43.26],[-114.38,43.26],[-114.39,43.26],[-114.39,43.32],[-114.4,43.33],[-114.41,43.33],[-114.42,43.33],[-114.43,43.33],[-114.44,43.33],[-114.45,43.33],[-114.46,43.33],[-114.47,43.33],[-114.48,43.33],[-114.49,43.33],[-114.5,43.33],[-114.51,43.33],[-114.52,43.33],[-114.53,43.33],[-114.53,43.35],[-114.53,43.37],[-114.53,43.38],[-114.53,43.4],[-114.54,43.4],[-114.55,43.4],[-114.55,43.43],[-114.55,43.44],[-114.54,43.44],[-114.53,43.44],[-114.53,43.45],[-114.52,43.45],[-114.52,43.46],[-114.51,43.46],[-114.51,43.47],[-114.51,43.48],[-114.51,43.49],[-114.52,43.49],[-114.53,43.49],[-114.54,43.49],[-114.54,43.5],[-114.55,43.5],[-114.56,43.5],[-114.57,43.5],[-114.57,43.51],[-114.58,43.51],[-114.58,43.52],[-114.58,43.53],[-114.59,43.53],[-114.6,43.53],[-114.59,43.54],[-114.59,43.55],[-114.59,43.56],[-114.6,43.56],[-114.6,43.57],[-114.61,43.57],[-114.62,43.57],[-114.62,43.58],[-114.63,43.57],[-114.64,43.58],[-114.64,43.59],[-114.65,43.59],[-114.66,43.59],[-114.67,43.59],[-114.68,43.59],[-114.68,43.6],[-114.68,43.61],[-114.68,43.62],[-114.67,43.62],[-114.67,43.63],[-114.67,43.64],[-114.66,43.64],[-114.66,43.65],[-114.66,43.66],[-114.67,43.66],[-114.67,43.67],[-114.68,43.67],[-114.68,43.68],[-114.69,43.68],[-114.69,43.69],[-114.68,43.69],[-114.68,43.7],[-114.68,43.71],[-114.68,43.72],[-114.68,43.73],[-114.67,43.73],[-114.67,43.74],[-114.68,43.74],[-114.68,43.75],[-114.69,43.75],[-114.69,43.76],[-114.69,43.77],[-114.69,43.78],[-114.69,43.79],[-114.7,43.79],[-114.7,43.8],[-114.7,43.81],[-114.71,43.81],[-114.72,43.82],[-114.72,43.81],[-114.73,43.81],[-114.74,43.81],[-114.75,43.8],[-114.76,43.8],[-114.76,43.79],[-114.77,43.79],[-114.78,43.79],[-114.78,43.8],[-114.79,43.8],[-114.8,43.8],[-114.82,43.8],[-114.82,43.79],[-114.83,43.79],[-114.84,43.79],[-114.85,43.79],[-114.86,43.8],[-114.85,43.8],[-114.85,43.81],[-114.85,43.82],[-114.86,43.82],[-114.87,43.82],[-114.88,43.82],[-114.89,43.83],[-114.9,43.83],[-114.91,43.83],[-114.92,43.84],[-114.93,43.84],[-114.94,43.84],[-114.94,43.85],[-114.95,43.85],[-114.96,43.85],[-114.97,43.85],[-114.98,43.85],[-114.98,43.86]]]]}},
{"type":"Feature","properties":{"ugc":"IDC015","name":"Boise","state":"ID","wfo":"BOI"},"geometry":{"type":"MultiPolygon","coordinates":[[[[-116.12,44.18],[-116.11,44.19],[-116.11,44.2],[-116.11,44.21],[-116.11,44.22],[-116.1,44.23],[-116.1,44.24],[-116.04,44.24],[-116.03,44.24],[-116.0,44.24],[-115.9,44.24],[-115.88,44.24],[-115.85,44.24],[-115.75,44.24],[-115.74,44.24],[-115.63,44.24],[-115.57,44.24],[-115.55,44.24],[-115.52,44.24],[-115.51,44.24],[-115.5,44.24],[-115.5,44.23],[-115.49,44.23],[-115.49,44.24],[-115.48,44.24],[-115.47,44.24],[-115.46,44.24],[-115.45,44.25],[-115.44,44.25],[-115.44,44.26],[-115.43,44.26],[-115.43,44.27],[-115.42,44.27],[-115.41,44.27],[-115.41,44.26],[-115.4,44.26],[-115.4,44.27],[-115.39,44.27],[-115.39,44.28],[-115.39,44.29],[-115.38,44.29],[-115.38,44.3],[-115.37,44.3],[-115.36,44.3],[-115.35,44.3],[-115.35,44.31],[-115.35,44.32],[-115.35,44.33],[-115.35,44.34],[-115.36,44.34],[-115.36,44.35],[-115.35,44.35],[-115.34,44.35],[-115.33,44.35],[-115.32,44.35],[-115.31,44.35],[-115.31,44.34],[-115.3,44.34],[-115.29,44.34],[-115.29,44.33],[-115.29,44.32],[-115.28,44.32],[-115.27,44.32],[-115.26,44.31],[-115.25,44.31],[-115.25,44.3],[-115.24,44.29],[-115.24,44.3],[-115.24,44.31],[-115.23,44.31],[-115.22,44.31],[-115.21,44.3],[-115.21,44.29],[-115.2,44.29],[-115.2,44.28],[-115.19,44.29],[-115.18,44.29],[-115.17,44.29],[-115.17,44.28],[-115.17,44.27],[-115.16,44.26],[-115.16,44.25],[-115.16,44.24],[-115.17,44.24],[-115.17,44.23],[-115.17,44.22],[-115.16,44.22],[-115.16,44.21],[-115.17,44.21],[-115.17,44.2],[-115.16,44.2],[-115.15,44.2],[-115.15,44.19],[-115.14,44.19],[-115.13,44.19],[-115.12,44.19],[-115.12,44.18],[-115.11,44.18],[-115.11,44.17],[-115.1,44.17],[-115.09,44.17],[-115.08,44.18],[-115.08,44.17],[-115.07,44.17],[-115.07,44.16],[-115.06,44.16],[-115.05,44.17],[-115.05,44.16],[-115.04,44.16],[-115.03,44.16],[-115.02,44.16],[-115.02,44.15],[-115.02,44.14],[-115.02,44.13],[-115.03,44.13],[-115.04,44.12],[-115.04,44.11],[-115.03,44.11],[-115.02,44.1],[-115.01,44.1],[-115.0,44.1],[-115.0,44.09],[-115.0,44.08],[-115.01,44.08],[-115.02,44.08],[-115.02,44.07],[-115.03,44.07],[-115.04,44.07],[-115.04,44.06],[-115.05,44.06],[-115.05,44.05],[-115.05,44.04],[-115.04,44.03],[-115.04,44.02],[-115.03,44.02],[-115.02,44.02],[-115.02,44.01],[-115.01,44.01],[-115.0,44.02],[-115.0,44.01],[-114.99,44.01],[-114.98,44.01],[-114.98,44.0],[-114.99,43.99],[-114.98,43.99],[-114.98,43.98],[-114.97,43.98],[-114.97,43.97],[-114.98,43.97],[-114.99,43.96],[-114.99,43.95],[-115.0,43.95],[-115.01,43.95],[-115.02,43.95],[-115.03,43.95],[-115.04,43.96],[-115.04,43.95],[-115.05,43.95],[-115.06,43.95],[-115.07,43.94],[-115.08,43.95],[-115.09,43.95],[-115.09,43.96],[-115.09,43.97],[-115.1,43.97],[-115.11,43.97],[-115.12,43.98],[-115.13,43.98],[-115.14,43.98],[-115.14,43.99],[-115.14,44.0],[-115.15,44.0],[-115.14,44.01],[-115.15,44.02],[-115.15,44.03],[-115.15,44.04],[-115.15,44.05],[-115.16,44.05],[-115.16,44.06],[-115.16,44.07],[-115.16,44.08],[-115.17,44.08],[-115.18,44.09],[-115.19,44.09],[-115.2,44.09],[-115.21,44.1],[-115.22,44.1],[-115.23,44.1],[-115.23,44.09],[-115.22,44.09],[-115.21,44.09],[-115.21,44.08],[-115.2,44.08],[-115.2,44.07],[-115.2,44.06],[-115.21,44.06],[-115.21,44.05],[-115.21,44.04],[-115.22,44.04],[-115.22,44.03],[-115.23,44.02],[-115.23,44.01],[-115.24,44.01],[-115.24,44.0],[-115.25,44.0],[-115.25,43.99],[-115.26,43.99],[-115.26,43.98],[-115.27,43.98],[-115.27,43.97],[-115.28,43.96],[-115.28,43.95],[-115.28,43.94],[-115.29,43.94],[-115.29,43.93],[-115.3,43.93],[-115.31,43.93],[-115.32,43.93],[-115.33,43.93],[-115.34,43.92],[-115.35,43.92],[-115.36,43.92],[-115.37,43.92],[-115.38,43.92],[-115.39,43.92],[-115.4,43.92],[-115.4,43.91],[-115.41,43.91],[-115.42,43.91],[-115.43,43.91],[-115.44,43.9],[-115.45,43.9],[-115.46,43.9],[-115.47,43.9],[-115.47,43.89],[-115.48,43.89],[-115.49,43.89],[-115.5,43.89],[-115.51,43.88],[-115.52,43.87],[-115.52,43.86],[-115.53,43.86],[-115.54,43.85],[-115.54,43.84],[-115.53,43.84],[-115.53,43.83],[-115.53,43.82],[-115.53,43.81],[-115.54,43.81],[-115.54,43.8],[-115.55,43.8],[-115.55,43.79],[-115.56,43.79],[-115.57,43.79],[-115.58,43.8],[-115.59,43.8],[-115.59,43.79],[-115.6,43.79],[-115.61,43.78],[-115.62,43.78],[-115.62,43.77],[-115.62,43.76],[-115.63,43.75],[-115.63,43.74],[-115.63,43.73],[-115.63,43.72],[-115.64,43.72],[-115.64,43.71],[-115.64,43.7],[-115.65,43.7],[-115.66,43.7],[-115.67,43.7],[-115.67,43.69],[-115.68,43.68],[-115.69,43.67],[-115.7,43.67],[-115.71,43.66],[-115.72,43.66],[-115.73,43.67],[-115.73,43.66],[-115.73,43.65],[-115.74,43.65],[-115.75,43.65],[-115.75,43.64],[-115.76,43.65],[-115.77,43.65],[-115.78,43.65],[-115.79,43.64],[-115.8,43.64],[-115.79,43.63],[-115.8,43.63],[-115.81,43.63],[-115.81,43.62],[-115.82,43.62],[-115.82,43.61],[-115.83,43.61],[-115.84,43.61],[-115.85,43.61],[-115.85,43.6],[-115.86,43.6],[-115.87,43.6],[-115.87,43.59],[-115.88,43.59],[-115.88,43.6],[-115.89,43.6],[-115.9,43.6],[-115.9,43.59],[-115.91,43.59],[-115.92,43.59],[-115.92,43.6],[-115.93,43.59],[-115.93,43.6],[-115.93,43.61],[-115.94,43.61],[-115.95,43.61],[-115.95,43.6],[-115.96,43.6],[-115.95,43.59],[-115.96,43.59],[-115.97,43.59],[-115.98,43.59],[-115.99,43.59],[-116.0,43.6],[-116.01,43.61],[-116.12,43.69],[-116.13,43.7],[-116.15,43.71],[-116.16,43.72],[-116.17,43.72],[-116.18,43.73],[-116.2,43.75],[-116.23,43.77],[-116.25,43.79],[-116.26,43.79],[-116.27,43.8],[-116.28,43.8],[-116.28,43.81],[-116.27,43.81],[-116.27,43.84],[-116.27,43.87],[-116.27,43.89],[-116.27,43.91],[-116.27,44.0],[-116.27,44.07],[-116.27,44.09],[-116.27,44.15],[-116.25,44.15],[-116.24,44.15],[-116.21,44.15],[-116.16,44.15],[-116.13,44.15],[-116.11,44.15],[-116.12,44.16],[-116.12,44.17],[-116.12,44.18]],[[-115.08,43.95],[-115.07,43.95],[-115.08,43.96],[-115.08,43.95]],[[-115.09,43.97],[-115.08,43.97],[-115.09,43.98],[-115.09,43.97]]]]}},
{"type":"Feature","properties":{"ugc":"IDC017","name":"Bonner","state":"ID","wfo":"OTX"},"geometry":{"type":"MultiPolygon","coordinates":[[[[-116.79,48.85],[-116.79,48.76],[-116.79,48.71],[-116.79,48.69],[-116.79,48.68],[-116.78,48.67],[-116.78,48.63],[-116.78,48.6],[-116.78,48.55],[-116.78,48.53],[-116.78,48.5],[-116.74,48.5],[-116.69,48.5],[-116.66,48.5],[-116.63,48.5],[-116.59,48.5],[-116.5,48.5],[-116.41,48.5],[-116.39,48.5],[-116.38,48.5],[-116.24,48.5],[-116.15,48.5],[-116.06,48.5],[-116.05,48.5],[-116.05,48.48],[-116.05,48.41],[-116.05,48.37],[-116.05,48.31],[-116.05,48.27],[-116.05,48.25],[-116.05,48.24],[-116.05,48.22],[-116.05,48.12],[-116.05,48.1],[-116.05,48.09],[-116.05,48.07],[-116.05,48.06],[-116.05,48.04],[-116.05,48.03],[-116.05,48.01],[-116.05,48.0],[-116.05,47.98],[-116.06,47.98],[-116.06,47.99],[-116.07,48.0],[-116.08,48.0],[-116.09,48.0],[-116.1,48.01],[-116.1,48.02],[-116.11,48.03],[-116.12,48.03],[-116.13,48.03],[-116.14,48.03],[-116.14,48.02],[-116.15,48.02],[-116.16,48.02],[-116.17,48.03],[-116.18,48.03],[-116.19,48.04],[-116.2,48.04],[-116.21,48.04],[-116.21,48.05],[-116.22,48.05],[-116.22,48.06],[-116.23,48.06],[-116.23,48.07],[-116.24,48.07],[-116.25,48.07],[-116.25,48.06],[-116.26,48.06],[-116.27,48.06],[-116.28,48.06],[-116.29,48.05],[-116.29,48.04],[-116.3,48.04],[-116.31,48.04],[-116.31,48.03],[-116.32,48.03],[-116.32,48.02],[-116.33,48.02],[-116.33,48.0],[-116.33,47.99],[-116.32,47.98],[-116.32,47.89],[-116.37,47.89],[-116.38,47.89],[-116.5,47.89],[-116.5,47.99],[-116.63,47.99],[-116.63,47.98],[-116.68,47.98],[-116.69,47.98],[-116.75,47.98],[-116.88,47.98],[-117.0,47.98],[-117.04,47.98],[-117.04,48.02],[-117.04,48.05],[-117.04,48.12],[-117.04,48.17],[-117.04,48.18],[-117.04,48.21],[-117.04,48.37],[-117.04,48.39],[-117.04,48.42],[-117.04,48.5],[-117.03,48.61],[-117.03,48.62],[-117.03,48.66],[-117.03,48.7],[-117.03,48.75],[-117.03,48.85],[-117.0,48.85],[-116.93,48.85],[-116.87,48.85],[-116.79,48.85]]]]}},
{"type":"Feature","properties":{"ugc":"IDC019","name":"Bonneville","state":"ID","wfo":"PIH"},"geometry":{"type":"MultiPolygon","coordinates":[[[[-111.69,43.63],[-111.63,43.63],[-111.57,43.63],[-111.57,43.62],[-111.54,43.62],[-111.5,43.62],[-111.4,43.62],[-111.25,43.62],[-111.24,43.62],[-111.24,43.61],[-111.23,43.61],[-111.23,43.6],[-111.22,43.6],[-111.23,43.59],[-111.22,43.59],[-111.22,43.58],[-111.22,43.57],[-111.22,43.56],[-111.21,43.56],[-111.21,43.55],[-111.21,43.54],[-111.2,43.54],[-111.19,43.54],[-111.18,43.54],[-111.17,43.54],[-111.16,43.54],[-111.15,43.54],[-111.14,43.55],[-111.14,43.54],[-111.13,43.54],[-111.13,43.53],[-111.12,43.53],[-111.11,43.53],[-111.1,43.52],[-111.09,43.52],[-111.08,43.52],[-111.07,43.53],[-111.07,43.52],[-111.06,43.52],[-111.06,43.51],[-111.05,43.51],[-111.05,43.5],[-111.05,43.37],[-111.04,43.37],[-111.04,43.32],[-111.04,43.25],[-111.04,43.18],[-111.04,43.17],[-111.04,43.1],[-111.04,43.09],[-111.04,43.07],[-111.04,43.02],[-111.05,43.02],[-111.07,43.02],[-111.09,43.02],[-111.1,43.02],[-111.13,43.02],[-111.21,43.02],[-111.23,43.02],[-111.24,43.02],[-111.25,43.02],[-111.32,43.02],[-111.34,43.02],[-111.35,43.02],[-111.38,43.02],[-111.39,43.02],[-111.4,43.02],[-111.41,43.02],[-111.44,43.02],[-111.5,43.02],[-111.52,43.02],[-111.53,43.02],[-111.54,43.02],[-111.59,43.02],[-111.59,43.06],[-111.59,43.14],[-111.59,43.19],[-111.59,43.2],[-111.59,43.24],[-111.59,43.25],[-111.59,43.28],[-111.6,43.28],[-111.61,43.28],[-111.63,43.28],[-111.73,43.28],[-111.75,43.28],[-111.8,43.28],[-111.82,43.28],[-111.82,43.33],[-111.82,43.36],[-111.82,43.37],[-111.83,43.37],[-111.91,43.37],[-111.92,43.37],[-111.94,43.37],[-111.95,43.37],[-111.97,43.37],[-112.0,43.37],[-112.02,43.37],[-112.04,43.37],[-112.04,43.41],[-112.05,43.41],[-112.1,43.41],[-112.1,43.42],[-112.14,43.42],[-112.14,43.43],[-112.16,43.43],[-112.25,43.42],[-112.29,43.42],[-112.38,43.43],[-112.44,43.43],[-112.46,43.43],[-112.5,43.43],[-112.52,43.43],[-112.52,43.46],[-112.52,43.48],[-112.52,43.5],[-112.52,43.6],[-112.52,43.63],[-112.45,43.63],[-112.3,43.63],[-112.26,43.63],[-112.22,43.63],[-112.2,43.63],[-112.08,43.63],[-112.07,43.63],[-112.02,43.63],[-111.95,43.63],[-111.9,43.63],[-111.78,43.63],[-111.76,43.63],[-111.73,43.63],[-111.72,43.63],[-111.71,43.63],[-111.69,43.63]]]]}},
{"type":"Feature","properties":{"ugc":"IDC021","name":"Boundary","state":"ID","wfo":"OTX"},"geometry":{"type":"MultiPolygon","coordinates":[[[[-116.05,49.0],[-116.05,48.94],[-116.05,48.91],[-116.05,48.85],[-116.05,48.71],[-116.05,48.69],[-116.05,48.68],[-116.05,48.66],[-116.05,48.62],[-116.05,48.5],[-116.06,48.5],[-116.15,48.5],[-116.24,48.5],[-116.38,48.5],[-116.39,48.5],[-116.41,48.5],[-116.5,48.5],[-116.59,48.5],[-116.63,48.5],[-116.66,48.5],[-116.69,48.5],[-116.74,48.5],[-116.78,48.5],[-116.78,48.53],[-116.78,48.55],[-116.78,48.6],[-116.78,48.63],[-116.78,48.67],[-116.79,48.68],[-116.79,48.69],[-116.79,48.71],[-116.79,48.76],[-116.79,48.85],[-116.87,48.85],[-116.93,48.85],[-117.0,48.85],[-117.03,48.85],[-117.03,48.86],[-117.03,48.88],[-117.03,49.0],[-116.76,49.0],[-116.5,49.0],[-116.33,49.0],[-116.24,49.0],[-116.18,49.0],[-116.05,49.0]]]]}},
{"type":"Feature","properties":{"ugc":"IDC023","name":"Butte","state":"ID","wfo":"PIH"},"geometry":{"type":"MultiPolygon","coordinates":[[[[-113.52,43.73],[-113.51,43.73],[-113.51,43.74],[-113.5,43.74],[-113.49,43.74],[-113.48,43.74],[-113.49,43.75],[-113.48,43.75],[-113.47,43.75],[-113.47,43.76],[-113.46,43.76],[-113.46,43.77],[-113.45,43.77],[-113.45,43.78],[-113.44,43.79],[-113.45,43.79],[-113.45,43.8],[-113.44,43.8],[-113.44,43.81],[-113.43,43.81],[-113.42,43.81],[-113.42,43.82],[-113.41,43.82],[-113.41,43.81],[-113.4,43.81],[-113.39,43.81],[-113.38,43.81],[-113.37,43.81],[-113.37,43.82],[-113.38,43.82],[-113.39,43.82],[-113.39,43.83],[-113.39,43.84],[-113.4,43.84],[-113.4,43.85],[-113.4,43.86],[-113.41,43.86],[-113.42,43.86],[-113.43,43.86],[-113.43,43.87],[-113.44,43.87],[-113.45,43.87],[-113.46,43.88],[-113.46,43.89],[-113.46,43.9],[-113.45,43.9],[-113.45,43.91],[-113.45,43.92],[-113.44,43.92],[-113.44,43.93],[-113.45,43.93],[-113.45,43.94],[-113.44,43.94],[-113.45,43.95],[-113.44,43.95],[-113.44,43.96],[-113.45,43.96],[-113.45,43.97],[-113.45,43.98],[-113.45,43.99],[-113.45,44.0],[-113.45,44.01],[-113.46,44.02],[-113.46,44.03],[-113.46,44.06],[-113.42,44.06],[-113.42,44.07],[-113.42,44.23],[-113.32,44.23],[-113.25,44.23],[-113.0,44.23],[-113.0,44.12],[-113.0,44.06],[-112.99,44.06],[-112.99,44.0],[-112.99,43.97],[-112.9,43.97],[-112.88,43.97],[-112.87,43.97],[-112.84,43.97],[-112.75,43.97],[-112.69,43.97],[-112.7,43.91],[-112.69,43.91],[-112.7,43.88],[-112.69,43.81],[-112.7,43.8],[-112.7,43.79],[-112.7,43.78],[-112.7,43.65],[-112.7,43.62],[-112.7,43.59],[-112.7,43.54],[-112.74,43.54],[-112.75,43.54],[-112.76,43.54],[-112.82,43.54],[-112.82,43.51],[-112.82,43.5],[-112.82,43.45],[-112.84,43.45],[-112.85,43.45],[-112.93,43.45],[-112.94,43.45],[-112.94,43.44],[-112.94,43.43],[-112.94,43.4],[-112.94,43.37],[-112.95,43.37],[-112.95,43.31],[-112.95,43.28],[-113.01,43.28],[-113.14,43.28],[-113.16,43.28],[-113.28,43.28],[-113.36,43.28],[-113.36,43.37],[-113.41,43.37],[-113.42,43.37],[-113.5,43.37],[-113.63,43.37],[-113.64,43.37],[-113.64,43.45],[-113.63,43.45],[-113.63,43.46],[-113.62,43.46],[-113.61,43.46],[-113.6,43.46],[-113.59,43.47],[-113.6,43.47],[-113.61,43.48],[-113.61,43.49],[-113.62,43.49],[-113.63,43.49],[-113.63,43.5],[-113.64,43.5],[-113.64,43.49],[-113.65,43.49],[-113.66,43.5],[-113.67,43.5],[-113.67,43.51],[-113.67,43.52],[-113.67,43.53],[-113.68,43.53],[-113.69,43.53],[-113.69,43.54],[-113.69,43.55],[-113.69,43.56],[-113.69,43.57],[-113.7,43.57],[-113.69,43.58],[-113.7,43.58],[-113.71,43.59],[-113.72,43.59],[-113.73,43.59],[-113.74,43.59],[-113.75,43.59],[-113.75,43.58],[-113.76,43.58],[-113.76,43.57],[-113.77,43.57],[-113.78,43.57],[-113.79,43.57],[-113.8,43.57],[-113.8,43.58],[-113.79,43.58],[-113.78,43.58],[-113.78,43.59],[-113.78,43.6],[-113.77,43.6],[-113.77,43.61],[-113.76,43.61],[-113.76,43.62],[-113.75,43.63],[-113.74,43.63],[-113.73,43.63],[-113.72,43.63],[-113.71,43.63],[-113.71,43.64],[-113.7,43.64],[-113.7,43.65],[-113.69,43.65],[-113.68,43.66],[-113.67,43.66],[-113.66,43.66],[-113.66,43.67],[-113.65,43.67],[-113.64,43.67],[-113.64,43.68],[-113.63,43.68],[-113.62,43.68],[-113.62,43.69],[-113.61,43.69],[-113.6,43.69],[-113.59,43.69],[-113.59,43.7],[-113.58,43.7],[-113.57,43.7],[-113.56,43.7],[-113.56,43.71],[-113.55,43.71],[-113.55,43.72],[-113.54,43.72],[-113.53,43.72],[-113.52,43.72],[-113.52,43.73]],[[-113.37,43.81],[-113.38,43.8],[-113.37,43.8],[-113.36,43.79],[-113.36,43.8],[-113.36,43.81],[-113.37,43.81]]]]}},
{"type":"Feature","properties":{"ugc":"IDC025","name":"Camas","state":"ID","wfo":"BOI"},"geometry":{"type":"MultiPolygon","coordinates":[[[[-114.97,43.85],[-114.96,43.85],[-114.95,43.85],[-114.94,43.85],[-114.94,43.84],[-114.93,43.84],[-114.92,43.84],[-114.91,43.83],[-114.9,43.83],[-114.89,43.83],[-114.88,43.82],[-114.87,43.82],[-114.86,43.82],[-114.85,43.82],[-114.85,43.81],[-114.85,43.8],[-114.86,43.8],[-114.85,43.79],[-114.84,43.79],[-114.83,43.79],[-114.82,43.79],[-114.82,43.8],[-114.8,43.8],[-114.79,43.8],[-114.78,43.8],[-114.78,43.79],[-114.77,43.79],[-114.76,43.79],[-114.76,43.8],[-114.75,43.8],[-114.74,43.81],[-114.73,43.81],[-114.72,43.81],[-114.72,43.82],[-114.71,43.81],[-114.7,43.81],[-114.7,43.8],[-114.7,43.79],[-114.69,43.79],[-114.69,43.78],[-114.69,43.77],[-114.69,43.76],[-114.69,43.75],[-114.68,43.75],[-114.68,43.74],[-114.67,43.74],[-114.67,43.73],[-114.68,43.73],[-114.68,43.72],[-114.68,43.71],[-114.68,43.7],[-114.68,43.69],[-114.69,43.69],[-114.69,43.68],[-114.68,43.68],[-114.68,43.67],[-114.67,43.67],[-114.67,43.66],[-114.66,43.66],[-114.66,43.65],[-114.66,43.64],[-114.67,43.64],[-114.67,43.63],[-114.67,43.62],[-114.68,43.62],[-114.68,43.61],[-114.68,43.6],[-114.68,43.59],[-114.67,43.59],[-114.66,43.59],[-114.65,43.59],[-114.64,43.59],[-114.64,43.58],[-114.63,43.57],[-114.62,43.58],[-114.62,43.57],[-114.61,43.57],[-114.6,43.57],[-114.6,43.56],[-114.59,43.56],[-114.59,43.55],[-114.59,43.54],[-114.6,43.53],[-114.59,43.53],[-114.58,43.53],[-114.58,43.52],[-114.58,43.51],[-114.57,43.51],[-114.57,43.5],[-114.56,43.5],[-114.55,43.5],[-114.54,43.5],[-114.54,43.49],[-114.53,43.49],[-114.52,43.49],[-114.51,43.49],[-114.51,43.48],[-114.51,43.47],[-114.51,43.46],[-114.52,43.46],[-114.52,43.45],[-114.53,43.45],[-114.53,43.44],[-114.54,43.44],[-114.55,43.44],[-114.55,43.43],[-114.55,43.4],[-114.54,43.4],[-114.53,43.4],[-114.53,43.38],[-114.53,43.37],[-114.53,43.35],[-114.53,43.33],[-114.52,43.33],[-114.51,43.33],[-114.5,43.33],[-114.49,43.33],[-114.48,43.33],[-114.47,43.33],[-114.46,43.33],[-114.45,43.33],[-114.44,43.33],[-114.43,43.33],[-114.42,43.33],[-114.41,43.33],[-114.4,43.33],[-114.39,43.32],[-114.39,43.26],[-114.38,43.26],[-114.37,43.26],[-114.37,43.24],[-114.37,43.23],[-114.38,43.2],[-114.4,43.2],[-114.49,43.2],[-114.5,43.2],[-114.54,43.2],[-114.6,43.2],[-114.75,43.2],[-115.0,43.2],[-115.01,43.2],[-115.07,43.2],[-115.09,43.2],[-115.09,43.37],[-115.08,43.37],[-115.08,43.46],[-115.08,43.49],[-115.08,43.5],[-115.08,43.53],[-115.08,43.6],[-115.08,43.61],[-115.07,43.61],[-115.07,43.6],[-115.06,43.6],[-115.06,43.61],[-115.05,43.61],[-115.05,43.62],[-115.04,43.62],[-115.03,43.62],[-115.04,43.63],[-115.03,43.63],[-115.03,43.64],[-115.04,43.64],[-115.04,43.65],[-115.03,43.65],[-115.03,43.66],[-115.03,43.67],[-115.04,43.67],[-115.04,43.68],[-115.03,43.68],[-115.02,43.69],[-115.01,43.69],[-115.01,43.7],[-115.01,43.71],[-115.01,43.72],[-115.02,43.73],[-115.03,43.73],[-115.03,43.74],[-115.04,43.74],[-115.04,43.75],[-115.04,43.76],[-115.04,43.77],[-115.03,43.78],[-115.03,43.79],[-115.03,43.8],[-115.03,43.81],[-115.02,43.81],[-115.02,43.82],[-115.01,43.83],[-115.0,43.83],[-115.0,43.84],[-115.0,43.85],[-114.99,43.86],[-114.98,43.86],[-114.98,43.85],[-114.97,43.85]]]]}},
{"type":"Feature","properties":{"ugc":"IDC027","name":"Canyon","state":"ID","wfo":"BOI"},"geometry":{"type":"MultiPolygon","coordinates":[[[[-116.51,43.81],[-116.51,43.78],[-116.51,43.74],[-116.51,43.73],[-116.51,43.72],[-116.51,43.7],[-116.51,43.69],[-116.51,43.67],[-116.51,43.65],[-116.51,43.63],[-116.5,43.63],[-116.49,43.63],[-116.47,43.63],[-116.47,43.52],[-116.47,43.47],[-116.47,43.46],[-116.48,43.46],[-116.51,43.46],[-116.51,43.44],[-116.51,43.39],[-116.51,43.37],[-116.51,43.36],[-116.51,43.35],[-116.51,43.32],[-116.51,43.3],[-116.51,43.29],[-116.52,43.29],[-116.52,43.3],[-116.53,43.3],[-116.54,43.3],[-116.55,43.3],[-116.56,43.3],[-116.57,43.3],[-116.58,43.31],[-116.58,43.32],[-116.59,43.32],[-116.59,43.33],[-116.6,43.33],[-116.6,43.34],[-116.6,43.35],[-116.61,43.35],[-116.62,43.36],[-116.62,43.37],[-116.63,43.37],[-116.64,43.38],[-116.65,43.38],[-116.66,43.38],[-116.66,43.39],[-116.67,43.39],[-116.67,43.4],[-116.68,43.4],[-116.69,43.41],[-116.7,43.41],[-116.7,43.42],[-116.71,43.42],[-116.71,43.43],[-116.72,43.43],[-116.72,43.44],[-116.73,43.44],[-116.74,43.45],[-116.75,43.46],[-116.76,43.46],[-116.77,43.47],[-116.78,43.47],[-116.78,43.48],[-116.78,43.49],[-116.78,43.5],[-116.78,43.51],[-116.78,43.52],[-116.78,43.53],[-116.79,43.53],[-116.79,43.54],[-116.8,43.55],[-116.8,43.56],[-116.81,43.57],[-116.81,43.58],[-116.82,43.58],[-116.83,43.58],[-116.83,43.59],[-116.84,43.59],[-116.85,43.59],[-116.86,43.59],[-116.87,43.59],[-116.88,43.59],[-116.88,43.6],[-116.89,43.6],[-116.9,43.6],[-116.91,43.6],[-116.92,43.61],[-116.92,43.62],[-116.93,43.62],[-116.93,43.63],[-116.94,43.63],[-116.95,43.63],[-116.96,43.64],[-116.96,43.65],[-116.96,43.66],[-116.97,43.67],[-116.98,43.67],[-116.99,43.67],[-117.0,43.67],[-117.01,43.67],[-117.02,43.68],[-117.03,43.68],[-117.03,43.69],[-117.03,43.7],[-117.03,43.71],[-117.03,43.72],[-117.03,43.75],[-117.03,43.81],[-117.02,43.81],[-117.02,43.82],[-117.03,43.83],[-117.03,43.84],[-117.02,43.84],[-117.01,43.84],[-117.01,43.85],[-117.02,43.85],[-117.02,43.86],[-117.01,43.86],[-117.0,43.86],[-116.99,43.86],[-116.98,43.87],[-116.98,43.88],[-116.95,43.88],[-116.95,43.87],[-116.95,43.84],[-116.94,43.84],[-116.91,43.84],[-116.91,43.83],[-116.91,43.82],[-116.89,43.82],[-116.89,43.81],[-116.88,43.81],[-116.87,43.81],[-116.85,43.81],[-116.85,43.8],[-116.85,43.79],[-116.83,43.79],[-116.79,43.79],[-116.79,43.8],[-116.75,43.8],[-116.75,43.81],[-116.71,43.81],[-116.63,43.81],[-116.62,43.81],[-116.51,43.81]]]]}},
{"type":"Feature","properties":{"ugc":"IDC029","name":"Caribou","state":"ID","wfo":"PIH"},"geometry":{"type":"MultiPolygon","coordinates":[[[[-112.14,42.91],[-112.14,42.92],[-112.13,42.93],[-112.13,42.94],[-112.12,42.94],[-112.11,42.95],[-112.1,42.95],[-112.09,42.95],[-112.08,42.95],[-112.08,42.96],[-112.09,42.96],[-112.09,42.97],[-112.08,42.98],[-112.07,42.98],[-112.06,42.98],[-112.06,42.99],[-112.05,42.99],[-112.05,43.0],[-112.06,43.0],[-112.06,43.01],[-112.06,43.02],[-112.02,43.02],[-111.98,43.02],[-111.95,43.02],[-111.94,43.02],[-111.91,43.02],[-111.88,43.02],[-111.85,43.02],[-111.83,43.02],[-111.81,43.02],[-111.8,43.02],[-111.78,43.02],[-111.76,43.02],[-111.75,43.02],[-111.74,43.02],[-111.73,43.02],[-111.7,43.02],[-111.68,43.02],[-111.67,43.02],[-111.66,43.02],[-111.63,43.02],[-111.62,43.02],[-111.59,43.02],[-111.54,43.02],[-111.53,43.02],[-111.52,43.02],[-111.5,43.02],[-111.44,43.02],[-111.41,43.02],[-111.4,43.02],[-111.39,43.02],[-111.38,43.02],[-111.35,43.02],[-111.34,43.02],[-111.32,43.02],[-111.25,43.02],[-111.24,43.02],[-111.23,43.02],[-111.21,43.02],[-111.13,43.02],[-111.1,43.02],[-111.09,43.02],[-111.07,43.02],[-111.05,43.02],[-111.04,43.02],[-111.04,43.01],[-111.04,42.99],[-111.04,42.97],[-111.04,42.93],[-111.04,42.91],[-111.04,42.89],[-111.04,42.87],[-111.04,42.86],[-111.04,42.8],[-111.04,42.74],[-111.04,42.72],[-111.04,42.66],[-111.05,42.6],[-111.05,42.51],[-111.06,42.51],[-111.06,42.5],[-111.07,42.5],[-111.07,42.49],[-111.08,42.49],[-111.09,42.49],[-111.1,42.49],[-111.11,42.49],[-111.12,42.49],[-111.12,42.48],[-111.13,42.48],[-111.13,42.49],[-111.14,42.49],[-111.15,42.49],[-111.16,42.49],[-111.16,42.48],[-111.17,42.48],[-111.18,42.48],[-111.19,42.48],[-111.2,42.48],[-111.21,42.48],[-111.22,42.48],[-111.23,42.48],[-111.24,42.48],[-111.24,42.49],[-111.25,42.49],[-111.25,42.5],[-111.24,42.5],[-111.24,42.51],[-111.24,42.52],[-111.23,42.52],[-111.23,42.53],[-111.23,42.54],[-111.23,42.55],[-111.23,42.56],[-111.22,42.57],[-111.23,42.57],[-111.23,42.58],[-111.24,42.58],[-111.24,42.59],[-111.24,42.6],[-111.25,42.6],[-111.25,42.59],[-111.26,42.58],[-111.27,42.57],[-111.27,42.56],[-111.28,42.56],[-111.28,42.55],[-111.29,42.56],[-111.3,42.56],[-111.31,42.56],[-111.32,42.56],[-111.33,42.56],[-111.33,42.57],[-111.34,42.57],[-111.34,42.58],[-111.34,42.59],[-111.35,42.59],[-111.36,42.59],[-111.38,42.59],[-111.48,42.59],[-111.5,42.59],[-111.6,42.59],[-111.61,42.59],[-111.62,42.58],[-111.63,42.58],[-111.63,42.57],[-111.63,42.56],[-111.63,42.55],[-111.63,42.54],[-111.63,42.53],[-111.62,42.52],[-111.62,42.51],[-111.61,42.51],[-111.61,42.5],[-111.61,42.49],[-111.6,42.49],[-111.6,42.48],[-111.6,42.47],[-111.59,42.47],[-111.59,42.46],[-111.59,42.45],[-111.58,42.45],[-111.58,42.44],[-111.58,42.43],[-111.59,42.43],[-111.59,42.42],[-111.6,42.42],[-111.66,42.42],[-111.71,42.42],[-111.71,42.43],[-111.72,42.43],[-111.73,42.43],[-111.74,42.43],[-111.73,42.42],[-111.74,42.42],[-111.75,42.42],[-111.78,42.42],[-111.79,42.42],[-111.84,42.42],[-111.88,42.42],[-111.88,42.45],[-111.89,42.49],[-111.89,42.5],[-111.9,42.5],[-111.9,42.51],[-111.9,42.52],[-111.91,42.52],[-111.92,42.52],[-111.92,42.59],[-111.92,42.62],[-111.92,42.63],[-111.93,42.63],[-111.93,42.64],[-111.95,42.64],[-111.95,42.66],[-111.95,42.67],[-111.96,42.67],[-111.97,42.68],[-111.96,42.68],[-111.96,42.69],[-111.97,42.69],[-111.97,42.7],[-111.97,42.71],[-111.97,42.72],[-111.98,42.72],[-112.02,42.72],[-112.05,42.72],[-112.06,42.72],[-112.06,42.71],[-112.07,42.71],[-112.08,42.7],[-112.09,42.7],[-112.1,42.7],[-112.11,42.7],[-112.11,42.71],[-112.12,42.72],[-112.11,42.72],[-112.11,42.73],[-112.12,42.73],[-112.12,42.74],[-112.13,42.74],[-112.13,42.75],[-112.14,42.75],[-112.14,42.76],[-112.14,42.77],[-112.14,42.78],[-112.14,42.79],[-112.15,42.8],[-112.14,42.8],[-112.14,42.81],[-112.13,42.81],[-112.12,42.81],[-112.12,42.82],[-112.12,42.83],[-112.12,42.84],[-112.13,42.84],[-112.13,42.85],[-112.14,42.86],[-112.13,42.87],[-112.14,42.87],[-112.14,42.88],[-112.14,42.89],[-112.15,42.89],[-112.15,42.9],[-112.14,42.9],[-112.14,42.91]]]]}},
{"type":"Feature","properties":{"ugc":"IDC031","name":"Cassia","state":"ID","wfo":"PIH"},"geometry":{"type":"MultiPolygon","coordinates":[[[[-113.36,42.67],[-113.35,42.67],[-113.35,42.66],[-113.34,42.66],[-113.33,42.65],[-113.33,42.64],[-113.32,42.64],[-113.31,42.64],[-113.31,42.63],[-113.3,42.63],[-113.29,42.63],[-113.28,42.63],[-113.27,42.63],[-113.26,42.63],[-113.26,42.62],[-113.25,42.62],[-113.24,42.62],[-113.24,42.63],[-113.22,42.63],[-113.21,42.63],[-113.2,42.63],[-113.19,42.63],[-113.18,42.63],[-113.18,42.59],[-113.17,42.59],[-113.15,42.59],[-113.13,42.59],[-113.12,42.59],[-113.1,42.59],[-113.03,42.59],[-113.0,42.59],[-113.0,42.54],[-113.0,42.53],[-113.0,42.5],[-113.0,42.4],[-113.0,42.33],[-113.0,42.32],[-113.0,42.0],[-113.04,42.0],[-113.07,42.0],[-113.09,42.0],[-113.11,42.0],[-113.13,42.0],[-113.15,42.0],[-113.19,42.0],[-113.2,42.0],[-113.24,42.0],[-113.26,42.0],[-113.27,42.0],[-113.31,42.0],[-113.34,41.99],[-113.36,41.99],[-113.37,41.99],[-113.4,41.99],[-113.42,41.99],[-113.5,41.99],[-113.53,41.99],[-113.55,41.99],[-113.62,41.99],[-113.63,41.99],[-113.67,41.99],[-113.69,41.99],[-113.7,41.99],[-113.74,41.99],[-113.77,41.99],[-113.8,41.99],[-113.82,41.99],[-113.85,41.99],[-113.88,41.99],[-113.89,41.99],[-113.91,41.99],[-113.93,41.99],[-113.96,41.99],[-114.0,41.99],[-114.04,41.99],[-114.05,41.99],[-114.23,41.99],[-114.25,41.99],[-114.27,41.99],[-114.28,41.99],[-114.28,42.0],[-114.28,42.01],[-114.28,42.11],[-114.28,42.12],[-114.28,42.15],[-114.28,42.2],[-114.28,42.21],[-114.28,42.25],[-114.28,42.27],[-114.28,42.3],[-114.28,42.33],[-114.29,42.33],[-114.29,42.35],[-114.29,42.37],[-114.29,42.42],[-114.13,42.42],[-114.07,42.42],[-114.07,42.44],[-114.07,42.45],[-114.07,42.5],[-114.07,42.51],[-114.06,42.52],[-114.04,42.52],[-114.02,42.52],[-114.0,42.52],[-114.0,42.53],[-113.99,42.53],[-113.98,42.53],[-113.97,42.53],[-113.96,42.54],[-113.96,42.53],[-113.95,42.53],[-113.94,42.53],[-113.93,42.54],[-113.92,42.54],[-113.91,42.54],[-113.9,42.54],[-113.9,42.55],[-113.89,42.55],[-113.88,42.55],[-113.87,42.55],[-113.86,42.55],[-113.86,42.54],[-113.85,42.54],[-113.84,42.54],[-113.83,42.53],[-113.83,42.54],[-113.82,42.54],[-113.81,42.54],[-113.81,42.55],[-113.8,42.55],[-113.79,42.55],[-113.79,42.56],[-113.78,42.56],[-113.77,42.55],[-113.76,42.55],[-113.76,42.54],[-113.76,42.53],[-113.75,42.53],[-113.74,42.52],[-113.73,42.52],[-113.72,42.52],[-113.71,42.52],[-113.7,42.52],[-113.69,42.52],[-113.68,42.53],[-113.67,42.53],[-113.66,42.53],[-113.66,42.54],[-113.65,42.54],[-113.64,42.55],[-113.64,42.56],[-113.63,42.56],[-113.63,42.57],[-113.63,42.58],[-113.62,42.58],[-113.62,42.59],[-113.61,42.59],[-113.61,42.6],[-113.6,42.6],[-113.6,42.61],[-113.59,42.61],[-113.59,42.62],[-113.58,42.62],[-113.58,42.63],[-113.58,42.64],[-113.57,42.65],[-113.56,42.66],[-113.54,42.66],[-113.53,42.66],[-113.52,42.67],[-113.51,42.67],[-113.5,42.67],[-113.49,42.67],[-113.48,42.67],[-113.47,42.67],[-113.45,42.67],[-113.44,42.67],[-113.43,42.67],[-113.42,42.67],[-113.41,42.67],[-113.41,42.68],[-113.4,42.68],[-113.4,42.69],[-113.39,42.69],[-113.38,42.69],[-113.37,42.69],[-113.36,42.68],[-113.36,42.67]]]]}},
{"type":"Feature","properties":{"ugc":"IDC033","name":"Clark","state":"ID","wfo":"PIH"},"geometry":{"type":"MultiPolygon","coordinates":[[[[-112.81,44.45],[-112.81,44.46],[-112.8,44.46],[-112.8,44.47],[-112.79,44.47],[-112.78,44.48],[-112.77,44.48],[-112.77,44.49],[-112.76,44.49],[-112.75,44.49],[-112.74,44.49],[-112.73,44.5],[-112.72,44.5],[-112.71,44.5],[-112.7,44.5],[-112.69,44.5],[-112.69,44.49],[-112.68,44.49],[-112.67,44.49],[-112.66,44.49],[-112.65,44.49],[-112.64,44.49],[-112.63,44.49],[-112.63,44.48],[-112.62,44.48],[-112.62,44.49],[-112.61,44.49],[-112.6,44.49],[-112.59,44.49],[-112.59,44.48],[-112.58,44.48],[-112.57,44.48],[-112.56,44.48],[-112.55,44.48],[-112.54,44.48],[-112.53,44.48],[-112.52,44.48],[-112.51,44.47],[-112.5,44.46],[-112.5,44.47],[-112.49,44.47],[-112.48,44.47],[-112.48,44.48],[-112.47,44.48],[-112.46,44.48],[-112.46,44.47],[-112.45,44.47],[-112.44,44.47],[-112.44,44.46],[-112.43,44.46],[-112.43,44.45],[-112.42,44.45],[-112.41,44.46],[-112.4,44.46],[-112.4,44.45],[-112.39,44.45],[-112.38,44.45],[-112.38,44.46],[-112.37,44.46],[-112.37,44.47],[-112.36,44.48],[-112.36,44.49],[-112.36,44.5],[-112.36,44.51],[-112.36,44.52],[-112.36,44.53],[-112.35,44.54],[-112.34,44.54],[-112.33,44.54],[-112.32,44.54],[-112.31,44.54],[-112.32,44.55],[-112.31,44.55],[-112.31,44.56],[-112.3,44.56],[-112.29,44.56],[-112.29,44.57],[-112.28,44.57],[-112.27,44.57],[-112.26,44.57],[-112.25,44.57],[-112.24,44.57],[-112.23,44.56],[-112.23,44.55],[-112.22,44.54],[-112.21,44.54],[-112.2,44.54],[-112.19,44.54],[-112.19,44.53],[-112.18,44.53],[-112.18,44.54],[-112.17,44.54],[-112.16,44.54],[-112.15,44.54],[-112.14,44.54],[-112.13,44.54],[-112.13,44.53],[-112.12,44.53],[-112.11,44.52],[-112.1,44.52],[-112.09,44.53],[-112.08,44.53],[-112.07,44.54],[-112.06,44.54],[-112.05,44.54],[-112.05,44.53],[-112.04,44.53],[-112.03,44.53],[-112.03,44.54],[-112.03,44.55],[-112.02,44.54],[-112.01,44.54],[-112.0,44.54],[-111.99,44.54],[-111.98,44.54],[-111.97,44.54],[-111.96,44.54],[-111.96,44.55],[-111.95,44.55],[-111.95,44.56],[-111.94,44.56],[-111.93,44.56],[-111.92,44.56],[-111.9,44.56],[-111.89,44.56],[-111.88,44.56],[-111.87,44.56],[-111.86,44.55],[-111.85,44.54],[-111.84,44.53],[-111.84,44.52],[-111.83,44.52],[-111.83,44.51],[-111.82,44.51],[-111.81,44.51],[-111.81,44.52],[-111.8,44.52],[-111.8,44.53],[-111.79,44.53],[-111.79,44.52],[-111.78,44.52],[-111.78,44.53],[-111.77,44.53],[-111.76,44.53],[-111.75,44.54],[-111.74,44.54],[-111.73,44.54],[-111.72,44.54],[-111.71,44.55],[-111.7,44.56],[-111.69,44.56],[-111.68,44.56],[-111.67,44.56],[-111.66,44.55],[-111.65,44.55],[-111.64,44.55],[-111.63,44.55],[-111.62,44.55],[-111.61,44.55],[-111.62,44.51],[-111.62,44.5],[-111.62,44.48],[-111.62,44.47],[-111.62,44.45],[-111.62,44.42],[-111.62,44.41],[-111.62,44.4],[-111.63,44.4],[-111.71,44.4],[-111.75,44.4],[-111.79,44.4],[-111.79,44.39],[-111.79,44.35],[-111.79,44.32],[-111.85,44.32],[-111.85,44.26],[-111.85,44.23],[-111.86,44.23],[-111.86,44.21],[-111.86,44.19],[-111.91,44.19],[-111.91,44.14],[-112.0,44.14],[-112.01,44.14],[-112.03,44.14],[-112.03,44.12],[-112.03,44.06],[-112.16,44.06],[-112.49,44.06],[-112.62,44.06],[-112.69,44.06],[-112.69,44.01],[-112.69,44.0],[-112.69,43.97],[-112.75,43.97],[-112.84,43.97],[-112.87,43.97],[-112.88,43.97],[-112.9,43.97],[-112.99,43.97],[-112.99,44.0],[-112.99,44.06],[-113.0,44.06],[-113.0,44.12],[-113.0,44.23],[-112.93,44.23],[-112.88,44.23],[-112.87,44.23],[-112.81,44.23],[-112.81,44.3],[-112.81,44.32],[-112.81,44.37],[-112.81,44.38],[-112.81,44.39],[-112.81,44.4],[-112.82,44.4],[-112.82,44.41],[-112.83,44.41],[-112.83,44.42],[-112.84,44.42],[-112.84,44.43],[-112.83,44.43],[-112.83,44.44],[-112.82,44.45],[-112.81,44.45]]]]}},
{"type":"Feature","properties":{"ugc":"IDC035","name":"Clearwater","state":"ID","wfo":"MSO"},"geometry":{"type":"MultiPolygon","coordinates":[[[[-116.45,46.5],[-116.45,46.56],[-116.46,46.56],[-116.46,46.63],[-116.45,46.63],[-116.39,46.63],[-116.35,46.63],[-116.33,46.63],[-116.33,46.94],[-116.32,46.93],[-116.29,46.93],[-116.18,46.93],[-116.13,46.93],[-116.08,46.93],[-116.04,46.93],[-115.99,46.93],[-115.83,46.93],[-115.82,46.93],[-115.75,46.93],[-115.66,46.93],[-115.64,46.93],[-115.63,46.93],[-115.61,46.93],[-115.45,46.93],[-115.25,46.93],[-115.13,46.93],[-115.06,46.93],[-115.0,46.93],[-114.96,46.93],[-114.95,46.93],[-114.94,46.92],[-114.93,46.92],[-114.92,46.92],[-114.92,46.91],[-114.93,46.91],[-114.93,46.9],[-114.94,46.9],[-114.94,46.89],[-114.93,46.89],[-114.93,46.88],[-114.94,46.87],[-114.95,46.86],[-114.94,46.86],[-114.93,46.85],[-114.93,46.84],[-114.92,46.83],[-114.9,46.82],[-114.9,46.81],[-114.9,46.8],[-114.89,46.8],[-114.89,46.81],[-114.88,46.81],[-114.87,46.81],[-114.86,46.81],[-114.86,46.8],[-114.85,46.8],[-114.84,46.79],[-114.83,46.79],[-114.83,46.78],[-114.82,46.78],[-114.81,46.78],[-114.8,46.78],[-114.79,46.78],[-114.79,46.77],[-114.78,46.77],[-114.77,46.76],[-114.77,46.75],[-114.77,46.74],[-114.77,46.73],[-114.78,46.73],[-114.78,46.72],[-114.79,46.72],[-114.79,46.71],[-114.78,46.71],[-114.77,46.71],[-114.77,46.7],[-114.76,46.7],[-114.75,46.7],[-114.74,46.71],[-114.73,46.71],[-114.72,46.71],[-114.71,46.72],[-114.71,46.73],[-114.7,46.73],[-114.7,46.74],[-114.69,46.74],[-114.68,46.74],[-114.67,46.74],[-114.66,46.74],[-114.66,46.73],[-114.65,46.73],[-114.64,46.72],[-114.63,46.72],[-114.63,46.71],[-114.62,46.71],[-114.62,46.7],[-114.62,46.69],[-114.63,46.69],[-114.63,46.68],[-114.64,46.68],[-114.64,46.67],[-114.64,46.66],[-114.63,46.66],[-114.62,46.66],[-114.61,46.65],[-114.62,46.64],[-114.61,46.64],[-114.6,46.64],[-114.59,46.63],[-114.66,46.62],[-114.75,46.61],[-114.8,46.6],[-115.05,46.57],[-115.11,46.56],[-115.13,46.55],[-115.21,46.54],[-115.25,46.53],[-115.29,46.53],[-115.32,46.52],[-115.38,46.51],[-115.5,46.49],[-115.52,46.49],[-115.56,46.48],[-115.63,46.47],[-115.63,46.46],[-115.64,46.46],[-115.64,46.45],[-115.64,46.44],[-115.65,46.44],[-115.65,46.43],[-115.65,46.42],[-115.66,46.42],[-115.66,46.41],[-115.67,46.41],[-115.68,46.4],[-115.68,46.39],[-115.69,46.39],[-115.7,46.39],[-115.7,46.38],[-115.71,46.38],[-115.72,46.38],[-115.72,46.37],[-115.73,46.37],[-115.73,46.36],[-115.73,46.35],[-115.73,46.34],[-115.73,46.33],[-115.74,46.33],[-115.74,46.32],[-115.75,46.32],[-115.75,46.31],[-115.75,46.3],[-115.75,46.29],[-115.76,46.29],[-115.76,46.28],[-115.77,46.28],[-115.78,46.28],[-115.77,46.27],[-115.78,46.27],[-115.79,46.27],[-115.8,46.27],[-115.81,46.27],[-115.82,46.27],[-115.83,46.27],[-115.84,46.28],[-115.85,46.28],[-115.86,46.28],[-115.87,46.28],[-115.88,46.28],[-115.89,46.29],[-115.9,46.29],[-115.91,46.29],[-115.92,46.29],[-115.93,46.29],[-115.94,46.29],[-115.95,46.29],[-115.96,46.29],[-115.97,46.29],[-115.98,46.3],[-115.99,46.3],[-116.0,46.31],[-116.01,46.31],[-116.01,46.32],[-116.02,46.33],[-116.03,46.33],[-116.03,46.34],[-116.04,46.34],[-116.04,46.35],[-116.05,46.35],[-116.05,46.36],[-116.06,46.36],[-116.07,46.36],[-116.08,46.36],[-116.09,46.36],[-116.1,46.36],[-116.11,46.36],[-116.12,46.36],[-116.13,46.35],[-116.13,46.36],[-116.14,46.36],[-116.15,46.37],[-116.16,46.37],[-116.17,46.37],[-116.18,46.37],[-116.18,46.38],[-116.18,46.39],[-116.18,46.4],[-116.19,46.4],[-116.19,46.41],[-116.2,46.41],[-116.23,46.41],[-116.25,46.41],[-116.3,46.41],[-116.31,46.41],[-116.31,46.42],[-116.32,46.43],[-116.32,46.44],[-116.33,46.44],[-116.34,46.45],[-116.35,46.45],[-116.35,46.46],[-116.36,46.46],[-116.36,46.47],[-116.37,46.47],[-116.37,46.5],[-116.38,46.5],[-116.39,46.5],[-116.4,46.5],[-116.41,46.5],[-116.42,46.5],[-116.43,46.5],[-116.44,46.5],[-116.45,46.5]]]]}},
{"type":"Feature","properties":{"ugc":"IDC037","name":"Custer","state":"ID","wfo":"PIH"},"geometry":{"type":"MultiPolygon","coordinates":[[[[-115.3,44.58],[-115.3,44.59],[-115.29,44.59],[-115.29,44.6],[-115.28,44.6],[-115.28,44.61],[-115.27,44.61],[-115.26,44.61],[-115.26,44.62],[-115.25,44.62],[-115.24,44.62],[-115.23,44.62],[-115.23,44.63],[-115.22,44.63],[-115.21,44.63],[-115.2,44.63],[-115.19,44.63],[-115.19,44.64],[-115.18,44.64],[-115.18,44.65],[-115.17,44.65],[-115.17,44.66],[-115.16,44.66],[-115.16,44.67],[-115.15,44.67],[-115.15,44.68],[-115.15,44.69],[-115.15,44.7],[-115.15,44.71],[-115.14,44.71],[-115.14,44.72],[-115.15,44.72],[-115.15,44.73],[-115.14,44.73],[-115.14,44.74],[-115.13,44.75],[-115.12,44.75],[-115.12,44.76],[-115.11,44.76],[-115.1,44.76],[-115.1,44.77],[-115.09,44.77],[-115.08,44.77],[-115.07,44.77],[-115.07,44.76],[-115.06,44.76],[-115.05,44.75],[-115.04,44.75],[-115.03,44.74],[-115.02,44.74],[-115.01,44.74],[-115.02,44.73],[-115.02,44.72],[-115.01,44.72],[-115.0,44.72],[-115.0,44.73],[-114.99,44.73],[-114.98,44.73],[-114.97,44.73],[-114.97,44.72],[-114.96,44.72],[-114.95,44.72],[-114.94,44.72],[-114.94,44.73],[-114.93,44.73],[-114.92,44.74],[-114.91,44.75],[-114.91,44.76],[-114.9,44.76],[-114.89,44.77],[-114.88,44.77],[-114.88,44.78],[-114.87,44.78],[-114.86,44.78],[-114.85,44.78],[-114.85,44.79],[-114.84,44.79],[-114.84,44.8],[-114.83,44.8],[-114.82,44.8],[-114.82,44.81],[-114.81,44.81],[-114.81,44.8],[-114.8,44.8],[-114.8,44.79],[-114.8,44.78],[-114.81,44.78],[-114.81,44.77],[-114.81,44.76],[-114.82,44.76],[-114.82,44.75],[-114.82,44.74],[-114.81,44.73],[-114.81,44.72],[-114.8,44.72],[-114.79,44.72],[-114.78,44.71],[-114.77,44.71],[-114.77,44.7],[-114.76,44.7],[-114.76,44.69],[-114.75,44.69],[-114.75,44.68],[-114.74,44.68],[-114.74,44.67],[-114.74,44.66],[-114.74,44.65],[-114.73,44.65],[-114.72,44.65],[-114.71,44.65],[-114.71,44.66],[-114.7,44.66],[-114.7,44.65],[-114.69,44.66],[-114.68,44.66],[-114.67,44.66],[-114.66,44.66],[-114.65,44.66],[-114.64,44.66],[-114.64,44.65],[-114.63,44.65],[-114.62,44.65],[-114.62,44.64],[-114.61,44.64],[-114.61,44.63],[-114.6,44.63],[-114.6,44.62],[-114.6,44.61],[-114.6,44.6],[-114.6,44.59],[-114.59,44.59],[-114.58,44.59],[-114.58,44.58],[-114.57,44.58],[-114.56,44.58],[-114.55,44.58],[-114.54,44.58],[-114.54,44.59],[-114.53,44.59],[-114.53,44.6],[-114.52,44.6],[-114.51,44.6],[-114.5,44.6],[-114.49,44.6],[-114.49,44.59],[-114.48,44.59],[-114.48,44.6],[-114.47,44.6],[-114.47,44.61],[-114.46,44.61],[-114.45,44.61],[-114.45,44.62],[-114.45,44.63],[-114.44,44.64],[-114.44,44.65],[-114.43,44.65],[-114.42,44.65],[-114.41,44.65],[-114.41,44.66],[-114.4,44.67],[-114.39,44.67],[-114.39,44.68],[-114.39,44.69],[-114.38,44.69],[-114.38,44.7],[-114.37,44.7],[-114.37,44.71],[-114.38,44.71],[-114.39,44.71],[-114.39,44.72],[-114.4,44.72],[-114.4,44.73],[-114.41,44.73],[-114.41,44.74],[-114.4,44.74],[-114.39,44.74],[-114.39,44.75],[-114.38,44.75],[-114.37,44.75],[-114.36,44.75],[-114.36,44.76],[-114.35,44.76],[-114.35,44.77],[-114.35,44.78],[-114.34,44.78],[-114.34,44.79],[-114.34,44.8],[-114.33,44.8],[-114.32,44.8],[-114.32,44.81],[-114.31,44.81],[-114.3,44.82],[-114.29,44.82],[-114.28,44.82],[-114.28,44.83],[-114.27,44.83],[-114.27,44.84],[-114.26,44.85],[-114.25,44.85],[-114.24,44.85],[-114.24,44.86],[-114.23,44.86],[-114.23,44.87],[-114.23,44.88],[-114.22,44.88],[-114.22,44.87],[-114.21,44.87],[-114.21,44.86],[-114.2,44.86],[-114.2,44.85],[-114.19,44.84],[-114.2,44.84],[-114.2,44.83],[-114.19,44.83],[-114.19,44.82],[-114.19,44.81],[-114.2,44.81],[-114.2,44.8],[-114.21,44.79],[-114.2,44.78],[-114.21,44.78],[-114.21,44.77],[-114.21,44.76],[-114.22,44.76],[-114.22,44.75],[-114.21,44.74],[-114.2,44.75],[-114.19,44.75],[-114.19,44.74],[-114.18,44.74],[-114.18,44.75],[-114.17,44.75],[-114.17,44.74],[-114.16,44.74],[-114.16,44.75],[-114.15,44.74],[-114.14,44.73],[-114.13,44.73],[-114.13,44.74],[-114.12,44.74],[-114.11,44.74],[-114.11,44.75],[-114.1,44.75],[-114.09,44.75],[-114.09,44.76],[-114.08,44.76],[-114.08,44.75],[-114.08,44.74],[-114.07,44.74],[-114.07,44.73],[-114.06,44.73],[-114.06,44.72],[-114.05,44.72],[-114.05,44.71],[-114.05,44.7],[-114.05,44.69],[-114.04,44.69],[-114.04,44.68],[-114.03,44.68],[-114.03,44.67],[-114.03,44.66],[-114.02,44.66],[-114.02,44.65],[-114.01,44.65],[-114.01,44.64],[-114.0,44.64],[-114.0,44.63],[-113.99,44.63],[-113.99,44.62],[-113.98,44.62],[-113.97,44.62],[-113.97,44.61],[-113.96,44.61],[-113.96,44.6],[-113.95,44.6],[-113.95,44.59],[-113.94,44.59],[-113.94,44.58],[-113.93,44.58],[-113.93,44.57],[-113.92,44.57],[-113.91,44.57],[-113.91,44.56],[-113.9,44.56],[-113.9,44.55],[-113.89,44.55],[-113.88,44.55],[-113.88,44.54],[-113.87,44.54],[-113.86,44.54],[-113.86,44.53],[-113.85,44.53],[-113.85,44.52],[-113.84,44.52],[-113.84,44.51],[-113.83,44.51],[-113.83,44.5],[-113.82,44.5],[-113.82,44.49],[-113.81,44.49],[-113.8,44.49],[-113.79,44.49],[-113.78,44.49],[-113.77,44.49],[-113.76,44.49],[-113.76,44.48],[-113.75,44.48],[-113.74,44.48],[-113.73,44.48],[-113.72,44.48],[-113.72,44.47],[-113.71,44.47],[-113.7,44.47],[-113.69,44.47],[-113.68,44.46],[-113.67,44.46],[-113.67,44.45],[-113.66,44.45],[-113.65,44.45],[-113.64,44.45],[-113.63,44.45],[-113.62,44.45],[-113.61,44.45],[-113.61,44.44],[-113.6,44.44],[-113.59,44.44],[-113.58,44.44],[-113.57,44.44],[-113.56,44.44],[-113.56,44.43],[-113.55,44.43],[-113.54,44.43],[-113.54,44.42],[-113.53,44.43],[-113.52,44.43],[-113.52,44.42],[-113.51,44.42],[-113.5,44.42],[-113.5,44.43],[-113.49,44.43],[-113.48,44.43],[-113.48,44.44],[-113.48,44.45],[-113.47,44.45],[-113.47,44.46],[-113.46,44.46],[-113.46,44.45],[-113.45,44.46],[-113.45,44.45],[-113.44,44.44],[-113.44,44.43],[-113.43,44.43],[-113.43,44.42],[-113.42,44.42],[-113.42,44.41],[-113.41,44.4],[-113.41,44.39],[-113.41,44.38],[-113.4,44.38],[-113.39,44.37],[-113.38,44.37],[-113.38,44.36],[-113.37,44.36],[-113.37,44.35],[-113.36,44.35],[-113.36,44.34],[-113.36,44.33],[-113.35,44.33],[-113.35,44.32],[-113.34,44.32],[-113.34,44.31],[-113.34,44.3],[-113.34,44.29],[-113.33,44.29],[-113.33,44.28],[-113.33,44.27],[-113.33,44.26],[-113.33,44.25],[-113.33,44.24],[-113.32,44.24],[-113.32,44.23],[-113.42,44.23],[-113.42,44.07],[-113.42,44.06],[-113.46,44.06],[-113.46,44.03],[-113.46,44.02],[-113.45,44.01],[-113.45,44.0],[-113.45,43.99],[-113.45,43.98],[-113.45,43.97],[-113.45,43.96],[-113.44,43.96],[-113.44,43.95],[-113.45,43.95],[-113.44,43.94],[-113.45,43.94],[-113.45,43.93],[-113.44,43.93],[-113.44,43.92],[-113.45,43.92],[-113.45,43.91],[-113.45,43.9],[-113.46,43.9],[-113.46,43.89],[-113.46,43.88],[-113.45,43.87],[-113.44,43.87],[-113.43,43.87],[-113.43,43.86],[-113.42,43.86],[-113.41,43.86],[-113.4,43.86],[-113.4,43.85],[-113.4,43.84],[-113.39,43.84],[-113.39,43.83],[-113.39,43.82],[-113.38,43.82],[-113.37,43.82],[-113.37,43.81],[-113.38,43.81],[-113.39,43.81],[-113.4,43.81],[-113.41,43.81],[-113.41,43.82],[-113.42,43.82],[-113.42,43.81],[-113.43,43.81],[-113.44,43.81],[-113.44,43.8],[-113.45,43.8],[-113.45,43.79],[-113.44,43.79],[-113.45,43.78],[-113.45,43.77],[-113.46,43.77],[-113.46,43.76],[-113.47,43.76],[-113.47,43.75],[-113.48,43.75],[-113.49,43.75],[-113.48,43.74],[-113.49,43.74],[-113.5,43.74],[-113.51,43.74],[-113.51,43.73],[-113.52,43.73],[-113.52,43.72],[-113.53,43.72],[-113.54,43.72],[-113.55,43.72],[-113.55,43.71],[-113.56,43.71],[-113.56,43.7],[-113.57,43.7],[-113.58,43.7],[-113.59,43.7],[-113.59,43.69],[-113.6,43.69],[-113.61,43.69],[-113.62,43.69],[-113.62,43.68],[-113.63,43.68],[-113.64,43.68],[-113.64,43.67],[-113.65,43.67],[-113.66,43.67],[-113.66,43.66],[-113.67,43.66],[-113.68,43.66],[-113.69,43.65],[-113.7,43.65],[-113.7,43.64],[-113.71,43.64],[-113.71,43.63],[-113.72,43.63],[-113.73,43.63],[-113.74,43.63],[-113.75,43.63],[-113.76,43.62],[-113.76,43.61],[-113.77,43.61],[-113.77,43.6],[-113.78,43.6],[-113.78,43.59],[-113.78,43.58],[-113.79,43.58],[-113.8,43.58],[-113.8,43.57],[-113.81,43.57],[-113.81,43.6],[-113.83,43.6],[-113.83,43.61],[-113.84,43.61],[-113.84,43.62],[-113.85,43.63],[-113.86,43.63],[-113.86,43.64],[-113.87,43.65],[-113.88,43.65],[-113.89,43.65],[-113.9,43.65],[-113.91,43.65],[-113.91,43.66],[-113.91,43.67],[-113.92,43.67],[-113.93,43.68],[-113.94,43.68],[-113.94,43.69],[-113.95,43.69],[-113.95,43.7],[-113.96,43.7],[-113.97,43.71],[-113.98,43.71],[-113.98,43.72],[-113.99,43.73],[-113.98,43.73],[-113.99,43.74],[-114.0,43.74],[-114.0,43.75],[-113.99,43.76],[-114.0,43.76],[-114.0,43.77],[-114.01,43.77],[-114.02,43.77],[-114.03,43.77],[-114.03,43.78],[-114.04,43.78],[-114.04,43.77],[-114.05,43.76],[-114.06,43.76],[-114.06,43.75],[-114.07,43.74],[-114.08,43.74],[-114.09,43.74],[-114.1,43.74],[-114.11,43.75],[-114.13,43.76],[-114.14,43.77],[-114.15,43.78],[-114.16,43.78],[-114.17,43.78],[-114.18,43.79],[-114.19,43.79],[-114.2,43.79],[-114.21,43.8],[-114.22,43.8],[-114.23,43.81],[-114.24,43.81],[-114.25,43.82],[-114.26,43.82],[-114.27,43.83],[-114.28,43.83],[-114.28,43.84],[-114.28,43.85],[-114.28,43.86],[-114.28,43.87],[-114.28,43.88],[-114.29,43.88],[-114.29,43.89],[-114.3,43.89],[-114.31,43.89],[-114.32,43.89],[-114.33,43.89],[-114.34,43.89],[-114.35,43.89],[-114.35,43.88],[-114.36,43.87],[-114.36,43.88],[-114.37,43.88],[-114.38,43.88],[-114.39,43.88],[-114.39,43.89],[-114.4,43.89],[-114.41,43.89],[-114.42,43.89],[-114.43,43.89],[-114.44,43.89],[-114.44,43.9],[-114.45,43.9],[-114.46,43.9],[-114.47,43.9],[-114.48,43.9],[-114.49,43.9],[-114.5,43.9],[-114.51,43.9],[-114.51,43.89],[-114.51,43.88],[-114.52,43.88],[-114.52,43.87],[-114.51,43.86],[-114.52,43.86],[-114.52,43.85],[-114.53,43.85],[-114.54,43.85],[-114.55,43.85],[-114.56,43.85],[-114.56,43.84],[-114.57,43.85],[-114.58,43.85],[-114.58,43.86],[-114.58,43.87],[-114.58,43.88],[-114.59,43.88],[-114.6,43.88],[-114.6,43.89],[-114.61,43.89],[-114.61,43.9],[-114.62,43.9],[-114.63,43.9],[-114.63,43.91],[-114.64,43.91],[-114.65,43.92],[-114.65,43.91],[-114.66,43.92],[-114.67,43.92],[-114.67,43.93],[-114.68,43.93],[-114.7,43.93],[-114.74,43.93],[-114.75,43.93],[-114.81,43.93],[-114.81,43.94],[-114.81,43.96],[-114.81,43.97],[-114.81,43.99],[-114.87,43.99],[-114.89,43.99],[-114.9,43.99],[-114.9,43.98],[-114.91,43.98],[-114.92,43.98],[-114.92,43.97],[-114.93,43.97],[-114.93,43.96],[-114.94,43.96],[-114.94,43.95],[-114.95,43.95],[-114.96,43.95],[-114.97,43.94],[-114.98,43.94],[-114.98,43.95],[-114.99,43.95],[-114.99,43.96],[-114.98,43.97],[-114.97,43.97],[-114.97,43.98],[-114.98,43.98],[-114.98,43.99],[-114.99,43.99],[-114.98,44.0],[-114.98,44.01],[-114.99,44.01],[-115.0,44.01],[-115.0,44.02],[-115.01,44.01],[-115.02,44.01],[-115.02,44.02],[-115.03,44.02],[-115.04,44.02],[-115.04,44.03],[-115.05,44.04],[-115.05,44.05],[-115.05,44.06],[-115.04,44.06],[-115.04,44.07],[-115.03,44.07],[-115.02,44.07],[-115.02,44.08],[-115.01,44.08],[-115.0,44.08],[-115.0,44.09],[-115.0,44.1],[-115.01,44.1],[-115.02,44.1],[-115.03,44.11],[-115.04,44.11],[-115.04,44.12],[-115.03,44.13],[-115.02,44.13],[-115.02,44.14],[-115.02,44.15],[-115.02,44.16],[-115.03,44.16],[-115.04,44.16],[-115.05,44.16],[-115.05,44.17],[-115.06,44.16],[-115.07,44.16],[-115.07,44.17],[-115.08,44.17],[-115.08,44.18],[-115.09,44.17],[-115.1,44.17],[-115.11,44.17],[-115.11,44.18],[-115.12,44.18],[-115.12,44.19],[-115.13,44.19],[-115.14,44.19],[-115.15,44.19],[-115.15,44.2],[-115.16,44.2],[-115.17,44.2],[-115.17,44.21],[-115.16,44.21],[-115.16,44.22],[-115.17,44.22],[-115.17,44.23],[-115.17,44.24],[-115.16,44.24],[-115.16,44.25],[-115.16,44.26],[-115.17,44.27],[-115.17,44.28],[-115.17,44.29],[-115.18,44.29],[-115.19,44.29],[-115.2,44.28],[-115.2,44.29],[-115.21,44.29],[-115.21,44.3],[-115.22,44.31],[-115.23,44.31],[-115.24,44.31],[-115.24,44.3],[-115.24,44.29],[-115.25,44.3],[-115.25,44.31],[-115.26,44.31],[-115.27,44.32],[-115.28,44.32],[-115.29,44.32],[-115.29,44.33],[-115.29,44.34],[-115.29,44.35],[-115.28,44.36],[-115.27,44.36],[-115.26,44.37],[-115.26,44.38],[-115.25,44.38],[-115.25,44.39],[-115.25,44.4],[-115.24,44.4],[-115.24,44.41],[-115.23,44.41],[-115.23,44.42],[-115.23,44.43],[-115.23,44.44],[-115.23,44.45],[-115.23,44.46],[-115.22,44.46],[-115.23,44.47],[-115.23,44.48],[-115.23,44.49],[-115.23,44.5],[-115.24,44.5],[-115.24,44.51],[-115.25,44.52],[-115.26,44.52],[-115.27,44.52],[-115.28,44.52],[-115.28,44.53],[-115.29,44.53],[-115.29,44.54],[-115.29,44.55],[-115.3,44.55],[-115.3,44.56],[-115.3,44.57],[-115.3,44.58]]],[[[-113.37,43.81],[-113.36,43.81],[-113.36,43.8],[-113.36,43.79],[-113.37,43.8],[-113.38,43.8],[-113.37,43.81]]]]}},
{"type":"Feature","properties":{"ugc":"IDC039","name":"Elmore","state":"ID","wfo":"BOI"},"geometry":{"type":"MultiPolygon","coordinates":[[[[-116.26,43.11],[-116.25,43.11],[-116.16,43.11],[-116.15,43.11],[-116.0,43.11],[-115.98,43.11],[-115.98,43.12],[-115.98,43.18],[-115.98,43.2],[-115.98,43.22],[-115.98,43.25],[-115.98,43.28],[-115.98,43.29],[-115.97,43.29],[-115.97,43.36],[-115.98,43.37],[-115.98,43.38],[-115.97,43.48],[-115.98,43.5],[-115.97,43.54],[-115.98,43.55],[-115.98,43.56],[-115.98,43.58],[-115.98,43.59],[-115.97,43.59],[-115.96,43.59],[-115.95,43.59],[-115.96,43.6],[-115.95,43.6],[-115.95,43.61],[-115.94,43.61],[-115.93,43.61],[-115.93,43.6],[-115.93,43.59],[-115.92,43.6],[-115.92,43.59],[-115.91,43.59],[-115.9,43.59],[-115.9,43.6],[-115.89,43.6],[-115.88,43.6],[-115.88,43.59],[-115.87,43.59],[-115.87,43.6],[-115.86,43.6],[-115.85,43.6],[-115.85,43.61],[-115.84,43.61],[-115.83,43.61],[-115.82,43.61],[-115.82,43.62],[-115.81,43.62],[-115.81,43.63],[-115.8,43.63],[-115.79,43.63],[-115.8,43.64],[-115.79,43.64],[-115.78,43.65],[-115.77,43.65],[-115.76,43.65],[-115.75,43.64],[-115.75,43.65],[-115.74,43.65],[-115.73,43.65],[-115.73,43.66],[-115.73,43.67],[-115.72,43.66],[-115.71,43.66],[-115.7,43.67],[-115.69,43.67],[-115.68,43.68],[-115.67,43.69],[-115.67,43.7],[-115.66,43.7],[-115.65,43.7],[-115.64,43.7],[-115.64,43.71],[-115.64,43.72],[-115.63,43.72],[-115.63,43.73],[-115.63,43.74],[-115.63,43.75],[-115.62,43.76],[-115.62,43.77],[-115.62,43.78],[-115.61,43.78],[-115.6,43.79],[-115.59,43.79],[-115.59,43.8],[-115.58,43.8],[-115.57,43.79],[-115.56,43.79],[-115.55,43.79],[-115.55,43.8],[-115.54,43.8],[-115.54,43.81],[-115.53,43.81],[-115.53,43.82],[-115.53,43.83],[-115.53,43.84],[-115.54,43.84],[-115.54,43.85],[-115.53,43.86],[-115.52,43.86],[-115.52,43.87],[-115.51,43.88],[-115.5,43.89],[-115.49,43.89],[-115.48,43.89],[-115.47,43.89],[-115.47,43.9],[-115.46,43.9],[-115.45,43.9],[-115.44,43.9],[-115.43,43.91],[-115.42,43.91],[-115.41,43.91],[-115.4,43.91],[-115.4,43.92],[-115.39,43.92],[-115.38,43.92],[-115.37,43.92],[-115.36,43.92],[-115.35,43.92],[-115.34,43.92],[-115.33,43.93],[-115.32,43.93],[-115.31,43.93],[-115.3,43.93],[-115.29,43.93],[-115.29,43.94],[-115.28,43.94],[-115.28,43.95],[-115.28,43.96],[-115.27,43.97],[-115.27,43.98],[-115.26,43.98],[-115.26,43.99],[-115.25,43.99],[-115.25,44.0],[-115.24,44.0],[-115.24,44.01],[-115.23,44.01],[-115.23,44.02],[-115.22,44.03],[-115.22,44.04],[-115.21,44.04],[-115.21,44.05],[-115.21,44.06],[-115.2,44.06],[-115.2,44.07],[-115.2,44.08],[-115.21,44.08],[-115.21,44.09],[-115.22,44.09],[-115.23,44.09],[-115.23,44.1],[-115.22,44.1],[-115.21,44.1],[-115.2,44.09],[-115.19,44.09],[-115.18,44.09],[-115.17,44.08],[-115.16,44.08],[-115.16,44.07],[-115.16,44.06],[-115.16,44.05],[-115.15,44.05],[-115.15,44.04],[-115.15,44.03],[-115.15,44.02],[-115.14,44.01],[-115.15,44.0],[-115.14,44.0],[-115.14,43.99],[-115.14,43.98],[-115.13,43.98],[-115.12,43.98],[-115.11,43.97],[-115.1,43.97],[-115.09,43.97],[-115.09,43.96],[-115.09,43.95],[-115.08,43.95],[-115.07,43.94],[-115.06,43.95],[-115.05,43.95],[-115.04,43.95],[-115.04,43.96],[-115.03,43.95],[-115.02,43.95],[-115.01,43.95],[-115.0,43.95],[-114.99,43.95],[-114.98,43.95],[-114.98,43.94],[-114.97,43.94],[-114.98,43.93],[-114.98,43.92],[-114.99,43.92],[-115.0,43.91],[-114.99,43.91],[-114.99,43.9],[-114.99,43.89],[-114.98,43.88],[-114.97,43.88],[-114.97,43.87],[-114.98,43.87],[-114.98,43.86],[-114.99,43.86],[-115.0,43.85],[-115.0,43.84],[-115.0,43.83],[-115.01,43.83],[-115.02,43.82],[-115.02,43.81],[-115.03,43.81],[-115.03,43.8],[-115.03,43.79],[-115.03,43.78],[-115.04,43.77],[-115.04,43.76],[-115.04,43.75],[-115.04,43.74],[-115.03,43.74],[-115.03,43.73],[-115.02,43.73],[-115.01,43.72],[-115.01,43.71],[-115.01,43.7],[-115.01,43.69],[-115.02,43.69],[-115.03,43.68],[-115.04,43.68],[-115.04,43.67],[-115.03,43.67],[-115.03,43.66],[-115.03,43.65],[-115.04,43.65],[-115.04,43.64],[-115.03,43.64],[-115.03,43.63],[-115.04,43.63],[-115.03,43.62],[-115.04,43.62],[-115.05,43.62],[-115.05,43.61],[-115.06,43.61],[-115.06,43.6],[-115.07,43.6],[-115.07,43.61],[-115.08,43.61],[-115.08,43.6],[-115.08,43.53],[-115.08,43.5],[-115.08,43.49],[-115.08,43.46],[-115.08,43.37],[-115.09,43.37],[-115.09,43.2],[-115.09,43.09],[-115.09,43.08],[-115.09,43.07],[-115.09,43.06],[-115.09,43.01],[-115.09,42.92],[-115.09,42.91],[-115.08,42.92],[-115.07,42.91],[-115.06,42.91],[-115.05,42.92],[-115.04,42.91],[-115.04,42.9],[-115.04,42.89],[-115.04,42.85],[-115.04,42.77],[-115.05,42.77],[-115.1,42.77],[-115.12,42.77],[-115.18,42.77],[-115.23,42.77],[-115.3,42.77],[-115.34,42.77],[-115.45,42.77],[-115.45,42.78],[-115.45,42.85],[-115.44,42.85],[-115.44,42.91],[-115.44,42.93],[-115.45,42.93],[-115.46,42.93],[-115.47,42.93],[-115.48,42.93],[-115.49,42.93],[-115.5,42.93],[-115.51,42.93],[-115.51,42.94],[-115.52,42.94],[-115.53,42.94],[-115.54,42.94],[-115.55,42.94],[-115.56,42.94],[-115.56,42.93],[-115.57,42.93],[-115.57,42.94],[-115.58,42.94],[-115.59,42.94],[-115.6,42.94],[-115.61,42.94],[-115.61,42.95],[-115.62,42.95],[-115.62,42.96],[-115.63,42.96],[-115.64,42.96],[-115.65,42.95],[-115.66,42.95],[-115.67,42.94],[-115.68,42.94],[-115.69,42.94],[-115.7,42.94],[-115.71,42.94],[-115.72,42.94],[-115.73,42.94],[-115.74,42.94],[-115.75,42.94],[-115.76,42.94],[-115.77,42.94],[-115.78,42.94],[-115.79,42.94],[-115.79,42.95],[-115.79,42.96],[-115.79,42.97],[-115.81,42.97],[-115.82,42.97],[-115.83,42.97],[-115.84,42.97],[-115.85,42.97],[-115.86,42.97],[-115.87,42.98],[-115.88,42.99],[-115.89,42.99],[-115.89,42.98],[-115.9,42.98],[-115.91,42.98],[-115.91,42.99],[-115.92,42.99],[-115.92,43.0],[-115.93,43.0],[-115.94,43.0],[-115.94,42.99],[-115.95,42.99],[-115.96,42.99],[-115.97,42.98],[-115.97,42.97],[-115.97,42.96],[-115.96,42.96],[-115.96,42.95],[-115.97,42.94],[-115.97,42.95],[-115.98,42.95],[-115.99,42.95],[-116.0,42.95],[-116.01,42.95],[-116.02,42.95],[-116.02,42.96],[-116.03,42.96],[-116.04,42.97],[-116.04,42.98],[-116.05,42.98],[-116.05,42.99],[-116.06,42.99],[-116.07,42.99],[-116.08,42.99],[-116.09,42.99],[-116.1,42.99],[-116.1,43.0],[-116.11,43.0],[-116.11,43.01],[-116.12,43.01],[-116.13,43.02],[-116.14,43.01],[-116.15,43.01],[-116.15,43.02],[-116.14,43.03],[-116.15,43.04],[-116.16,43.04],[-116.17,43.04],[-116.18,43.04],[-116.19,43.05],[-116.2,43.05],[-116.21,43.05],[-116.21,43.06],[-116.21,43.07],[-116.2,43.07],[-116.2,43.08],[-116.19,43.08],[-116.2,43.09],[-116.21,43.09],[-116.22,43.1],[-116.23,43.1],[-116.24,43.1],[-116.25,43.1],[-116.26,43.1],[-116.26,43.11]]],[[[-115.08,43.95],[-115.08,43.96],[-115.07,43.95],[-115.08,43.95]]],[[[-115.09,43.97],[-115.09,43.98],[-115.08,43.97],[-115.09,43.97]]]]}},
{"type":"Feature","properties":{"ugc":"IDC041","name":"Franklin","state":"ID","wfo":"PIH"},"geometry":{"type":"MultiPolygon","coordinates":[[[[-111.72,42.43],[-111.71,42.43],[-111.71,42.42],[-111.66,42.42],[-111.6,42.42],[-111.6,42.41],[-111.6,42.4],[-111.6,42.39],[-111.59,42.39],[-111.58,42.39],[-111.58,42.38],[-111.58,42.37],[-111.57,42.37],[-111.56,42.36],[-111.55,42.35],[-111.56,42.35],[-111.57,42.34],[-111.57,42.33],[-111.58,42.33],[-111.59,42.33],[-111.59,42.32],[-111.58,42.31],[-111.59,42.3],[-111.58,42.3],[-111.59,42.29],[-111.58,42.29],[-111.58,42.28],[-111.56,42.28],[-111.56,42.27],[-111.57,42.27],[-111.58,42.27],[-111.59,42.26],[-111.6,42.26],[-111.6,42.25],[-111.61,42.25],[-111.61,42.24],[-111.61,42.23],[-111.62,42.22],[-111.62,42.21],[-111.63,42.21],[-111.63,42.2],[-111.63,42.19],[-111.62,42.19],[-111.62,42.18],[-111.61,42.18],[-111.61,42.17],[-111.61,42.16],[-111.61,42.15],[-111.6,42.15],[-111.59,42.14],[-111.59,42.13],[-111.59,42.12],[-111.59,42.11],[-111.6,42.11],[-111.6,42.1],[-111.59,42.09],[-111.58,42.09],[-111.57,42.09],[-111.57,42.08],[-111.56,42.08],[-111.55,42.08],[-111.54,42.08],[-111.53,42.08],[-111.53,42.07],[-111.52,42.07],[-111.52,42.06],[-111.51,42.06],[-111.51,42.05],[-111.51,42.04],[-111.51,42.03],[-111.51,42.02],[-111.51,42.01],[-111.51,42.0],[-111.52,42.0],[-111.54,42.0],[-111.61,42.0],[-111.63,42.0],[-111.7,42.0],[-111.74,42.0],[-111.75,42.0],[-111.83,42.0],[-111.84,42.0],[-111.86,42.0],[-111.93,42.0],[-111.95,42.0],[-112.01,42.0],[-112.11,42.0],[-112.11,42.01],[-112.11,42.04],[-112.11,42.07],[-112.11,42.08],[-112.11,42.12],[-112.11,42.13],[-112.11,42.14],[-112.11,42.15],[-112.11,42.17],[-112.1,42.17],[-112.09,42.17],[-112.08,42.17],[-112.07,42.17],[-112.07,42.19],[-112.07,42.21],[-112.07,42.24],[-112.08,42.24],[-112.08,42.25],[-112.09,42.25],[-112.09,42.26],[-112.1,42.26],[-112.1,42.27],[-112.11,42.27],[-112.12,42.28],[-112.04,42.29],[-111.99,42.29],[-111.98,42.29],[-111.98,42.28],[-111.98,42.26],[-111.94,42.26],[-111.9,42.26],[-111.9,42.29],[-111.9,42.31],[-111.9,42.33],[-111.9,42.35],[-111.89,42.37],[-111.9,42.39],[-111.89,42.4],[-111.9,42.42],[-111.88,42.42],[-111.84,42.42],[-111.79,42.42],[-111.78,42.42],[-111.75,42.42],[-111.74,42.42],[-111.73,42.42],[-111.74,42.43],[-111.73,42.43],[-111.72,42.43]]]]}},
{"type":"Feature","properties":{"ugc":"IDC043","name":"Fremont","state":"ID","wfo":"PIH"},"geometry":{"type":"MultiPolygon","coordinates":[[[[-111.51,44.63],[-111.51,44.64],[-111.52,44.64],[-111.51,44.65],[-111.5,44.65],[-111.5,44.64],[-111.49,44.64],[-111.49,44.65],[-111.48,44.66],[-111.47,44.67],[-111.48,44.67],[-111.47,44.68],[-111.48,44.68],[-111.48,44.69],[-111.49,44.7],[-111.49,44.71],[-111.48,44.71],[-111.47,44.71],[-111.46,44.72],[-111.45,44.72],[-111.44,44.72],[-111.43,44.72],[-111.42,44.71],[-111.41,44.71],[-111.41,44.72],[-111.4,44.72],[-111.4,44.73],[-111.4,44.74],[-111.39,44.74],[-111.4,44.75],[-111.39,44.75],[-111.38,44.76],[-111.38,44.75],[-111.37,44.75],[-111.37,44.74],[-111.36,44.74],[-111.36,44.73],[-111.35,44.73],[-111.34,44.73],[-111.33,44.73],[-111.32,44.73],[-111.32,44.72],[-111.32,44.71],[-111.31,44.71],[-111.3,44.71],[-111.3,44.7],[-111.3,44.69],[-111.29,44.69],[-111.28,44.68],[-111.27,44.67],[-111.27,44.66],[-111.28,44.66],[-111.28,44.65],[-111.27,44.65],[-111.26,44.65],[-111.25,44.65],[-111.25,44.64],[-111.24,44.64],[-111.23,44.63],[-111.22,44.62],[-111.23,44.62],[-111.24,44.62],[-111.24,44.61],[-111.23,44.6],[-111.23,44.59],[-111.23,44.58],[-111.22,44.58],[-111.21,44.58],[-111.2,44.58],[-111.2,44.57],[-111.18,44.57],[-111.18,44.56],[-111.18,44.55],[-111.17,44.55],[-111.16,44.55],[-111.16,44.54],[-111.15,44.53],[-111.14,44.54],[-111.13,44.53],[-111.14,44.52],[-111.13,44.5],[-111.12,44.49],[-111.11,44.49],[-111.1,44.49],[-111.09,44.48],[-111.08,44.48],[-111.07,44.48],[-111.06,44.48],[-111.05,44.47],[-111.05,44.44],[-111.05,44.43],[-111.05,44.37],[-111.05,44.35],[-111.05,44.27],[-111.05,44.26],[-111.05,44.22],[-111.05,44.12],[-111.05,44.11],[-111.05,44.06],[-111.05,44.03],[-111.05,44.02],[-111.05,44.0],[-111.05,43.99],[-111.05,43.98],[-111.06,43.98],[-111.07,43.98],[-111.08,43.98],[-111.08,43.97],[-111.09,43.97],[-111.1,43.97],[-111.11,43.97],[-111.12,43.97],[-111.12,43.96],[-111.13,43.96],[-111.14,43.96],[-111.14,43.95],[-111.15,43.95],[-111.16,43.95],[-111.16,43.94],[-111.17,43.94],[-111.18,43.94],[-111.18,43.93],[-111.19,43.93],[-111.2,43.93],[-111.2,43.94],[-111.21,43.94],[-111.22,43.94],[-111.23,43.95],[-111.24,43.95],[-111.24,43.94],[-111.25,43.94],[-111.26,43.94],[-111.27,43.94],[-111.28,43.93],[-111.29,43.93],[-111.29,43.92],[-111.3,43.92],[-111.31,43.92],[-111.32,43.92],[-111.33,43.92],[-111.33,43.93],[-111.33,43.94],[-111.34,43.94],[-111.35,43.94],[-111.35,43.95],[-111.36,43.94],[-111.37,43.94],[-111.37,43.93],[-111.38,43.93],[-111.39,43.93],[-111.4,43.93],[-111.4,43.92],[-111.41,43.92],[-111.42,43.91],[-111.43,43.91],[-111.43,43.92],[-111.44,43.91],[-111.45,43.92],[-111.46,43.92],[-111.47,43.92],[-111.48,43.93],[-111.49,43.93],[-111.5,43.93],[-111.51,43.92],[-111.52,43.92],[-111.53,43.92],[-111.54,43.91],[-111.55,43.91],[-111.55,43.9],[-111.56,43.9],[-111.56,43.88],[-111.62,43.88],[-111.65,43.88],[-111.68,43.88],[-111.69,43.88],[-111.7,43.88],[-111.7,43.89],[-111.7,43.9],[-111.79,43.9],[-111.81,43.9],[-111.83,43.9],[-111.84,43.9],[-111.84,43.91],[-111.84,43.92],[-111.84,43.93],[-111.88,43.93],[-111.91,43.93],[-111.98,43.93],[-111.98,43.97],[-112.0,43.97],[-112.07,43.97],[-112.09,43.97],[-112.1,43.97],[-112.12,43.97],[-112.13,43.97],[-112.16,43.97],[-112.16,43.98],[-112.16,43.99],[-112.16,44.0],[-112.16,44.06],[-112.03,44.06],[-112.03,44.12],[-112.03,44.14],[-112.01,44.14],[-112.0,44.14],[-111.91,44.14],[-111.91,44.19],[-111.86,44.19],[-111.86,44.21],[-111.86,44.23],[-111.85,44.23],[-111.85,44.26],[-111.85,44.32],[-111.79,44.32],[-111.79,44.35],[-111.79,44.39],[-111.79,44.4],[-111.75,44.4],[-111.71,44.4],[-111.63,44.4],[-111.62,44.4],[-111.62,44.41],[-111.62,44.42],[-111.62,44.45],[-111.62,44.47],[-111.62,44.48],[-111.62,44.5],[-111.62,44.51],[-111.61,44.55],[-111.6,44.55],[-111.59,44.56],[-111.58,44.56],[-111.57,44.56],[-111.56,44.56],[-111.56,44.55],[-111.55,44.56],[-111.54,44.55],[-111.53,44.55],[-111.52,44.55],[-111.52,44.54],[-111.51,44.54],[-111.5,44.54],[-111.49,44.54],[-111.48,44.54],[-111.47,44.54],[-111.47,44.55],[-111.47,44.56],[-111.48,44.55],[-111.48,44.56],[-111.49,44.56],[-111.5,44.56],[-111.51,44.56],[-111.51,44.57],[-111.5,44.57],[-111.51,44.58],[-111.52,44.58],[-111.52,44.59],[-111.52,44.6],[-111.53,44.6],[-111.52,44.61],[-111.52,44.62],[-111.51,44.62],[-111.51,44.63]]]]}},
{"type":"Feature","properties":{"ugc":"IDC045","name":"Gem","state":"ID","wfo":"BOI"},"geometry":{"type":"MultiPolygon","coordinates":[[[[-116.16,44.5],[-116.15,44.5],[-116.15,44.37],[-116.15,44.34],[-116.15,44.33],[-116.15,44.32],[-116.19,44.32],[-116.21,44.32],[-116.21,44.31],[-116.21,44.28],[-116.21,44.25],[-116.21,44.23],[-116.21,44.21],[-116.21,44.2],[-116.21,44.19],[-116.21,44.16],[-116.21,44.15],[-116.24,44.15],[-116.25,44.15],[-116.27,44.15],[-116.27,44.09],[-116.27,44.07],[-116.27,44.0],[-116.27,43.91],[-116.27,43.89],[-116.27,43.87],[-116.27,43.84],[-116.27,43.81],[-116.28,43.81],[-116.31,43.81],[-116.34,43.81],[-116.38,43.81],[-116.42,43.81],[-116.48,43.81],[-116.51,43.81],[-116.62,43.81],[-116.63,43.81],[-116.71,43.81],[-116.71,43.83],[-116.71,43.85],[-116.71,43.87],[-116.71,43.88],[-116.71,43.89],[-116.71,43.96],[-116.71,43.98],[-116.7,43.98],[-116.66,43.98],[-116.63,43.98],[-116.57,43.98],[-116.57,44.01],[-116.55,44.01],[-116.53,44.01],[-116.53,44.05],[-116.53,44.07],[-116.51,44.07],[-116.45,44.07],[-116.45,44.1],[-116.45,44.15],[-116.38,44.15],[-116.36,44.15],[-116.36,44.16],[-116.35,44.17],[-116.35,44.18],[-116.36,44.18],[-116.35,44.19],[-116.36,44.2],[-116.36,44.21],[-116.35,44.21],[-116.34,44.22],[-116.35,44.22],[-116.34,44.23],[-116.35,44.23],[-116.35,44.24],[-116.35,44.25],[-116.34,44.26],[-116.34,44.27],[-116.34,44.28],[-116.34,44.29],[-116.35,44.29],[-116.34,44.3],[-116.34,44.31],[-116.34,44.32],[-116.35,44.32],[-116.34,44.33],[-116.34,44.34],[-116.33,44.35],[-116.33,44.36],[-116.34,44.36],[-116.33,44.37],[-116.33,44.38],[-116.32,44.38],[-116.32,44.39],[-116.32,44.4],[-116.32,44.41],[-116.32,44.42],[-116.31,44.42],[-116.31,44.43],[-116.3,44.44],[-116.3,44.45],[-116.29,44.45],[-116.28,44.46],[-116.27,44.46],[-116.26,44.46],[-116.26,44.47],[-116.25,44.47],[-116.25,44.46],[-116.24,44.46],[-116.24,44.47],[-116.23,44.47],[-116.23,44.48],[-116.23,44.49],[-116.22,44.49],[-116.22,44.5],[-116.21,44.5],[-116.2,44.5],[-116.19,44.5],[-116.18,44.5],[-116.17,44.5],[-116.16,44.5]]]]}},
{"type":"Feature","properties":{"ugc":"IDC047","name":"Gooding","state":"ID","wfo":"BOI"},"geometry":{"type":"MultiPolygon","coordinates":[[[[-114.93,42.77],[-114.94,42.77],[-114.94,42.78],[-114.94,42.79],[-114.94,42.8],[-114.93,42.8],[-114.93,42.81],[-114.94,42.81],[-114.93,42.82],[-114.92,42.83],[-114.91,42.83],[-114.91,42.84],[-114.9,42.85],[-114.9,42.86],[-114.91,42.86],[-114.91,42.87],[-114.92,42.87],[-114.92,42.88],[-114.93,42.88],[-114.94,42.89],[-114.94,42.9],[-114.95,42.9],[-114.96,42.91],[-114.96,42.92],[-114.97,42.92],[-114.98,42.91],[-114.99,42.92],[-115.0,42.92],[-115.01,42.92],[-115.02,42.92],[-115.03,42.92],[-115.03,42.91],[-115.04,42.91],[-115.05,42.92],[-115.06,42.91],[-115.07,42.91],[-115.08,42.92],[-115.09,42.91],[-115.09,42.92],[-115.09,43.01],[-115.09,43.06],[-115.09,43.07],[-115.09,43.08],[-115.09,43.09],[-115.09,43.2],[-115.07,43.2],[-115.01,43.2],[-115.0,43.2],[-114.75,43.2],[-114.6,43.2],[-114.6,43.14],[-114.6,43.07],[-114.6,43.06],[-114.6,43.03],[-114.6,43.02],[-114.6,42.98],[-114.6,42.95],[-114.6,42.94],[-114.6,42.93],[-114.6,42.88],[-114.6,42.86],[-114.6,42.85],[-114.62,42.85],[-114.62,42.8],[-114.62,42.78],[-114.62,42.75],[-114.62,42.72],[-114.62,42.68],[-114.62,42.65],[-114.63,42.65],[-114.64,42.66],[-114.65,42.66],[-114.66,42.66],[-114.67,42.66],[-114.68,42.66],[-114.69,42.66],[-114.7,42.66],[-114.7,42.67],[-114.71,42.67],[-114.72,42.67],[-114.73,42.67],[-114.74,42.67],[-114.75,42.67],[-114.76,42.67],[-114.77,42.67],[-114.78,42.66],[-114.78,42.67],[-114.79,42.67],[-114.8,42.67],[-114.81,42.66],[-114.81,42.67],[-114.82,42.67],[-114.82,42.68],[-114.83,42.69],[-114.82,42.69],[-114.82,42.7],[-114.83,42.71],[-114.84,42.71],[-114.85,42.71],[-114.85,42.72],[-114.84,42.73],[-114.84,42.74],[-114.85,42.74],[-114.85,42.75],[-114.86,42.76],[-114.87,42.76],[-114.88,42.76],[-114.89,42.76],[-114.9,42.77],[-114.91,42.77],[-114.92,42.77],[-114.93,42.77]]]]}},
{"type":"Feature","properties":{"ugc":"IDC049","name":"Idaho","state":"ID","wfo":"MSO"},"geometry":{"type":"MultiPolygon","coordinates":[[[[-116.68,45.27],[-116.67,45.28],[-116.67,45.29],[-116.67,45.3],[-116.67,45.31],[-116.67,45.32],[-116.67,45.33],[-116.66,45.34],[-116.66,45.35],[-116.65,45.36],[-116.64,45.37],[-116.63,45.37],[-116.63,45.38],[-116.63,45.39],[-116.62,45.39],[-116.62,45.4],[-116.61,45.4],[-116.6,45.41],[-116.6,45.42],[-116.59,45.43],[-116.59,45.44],[-116.58,45.45],[-116.57,45.46],[-116.56,45.46],[-116.56,45.47],[-116.56,45.48],[-116.56,45.49],[-116.55,45.49],[-116.55,45.5],[-116.56,45.5],[-116.56,45.51],[-116.55,45.51],[-116.54,45.51],[-116.54,45.52],[-116.53,45.53],[-116.53,45.54],[-116.52,45.55],[-116.52,45.56],[-116.51,45.56],[-116.5,45.56],[-116.5,45.57],[-116.49,45.57],[-116.49,45.58],[-116.48,45.58],[-116.48,45.59],[-116.47,45.59],[-116.47,45.6],[-116.46,45.6],[-116.46,45.61],[-116.46,45.62],[-116.47,45.62],[-116.47,45.63],[-116.48,45.63],[-116.48,45.64],[-116.49,45.64],[-116.49,45.65],[-116.5,45.66],[-116.51,45.67],[-116.52,45.67],[-116.52,45.68],[-116.53,45.68],[-116.53,45.69],[-116.54,45.69],[-116.54,45.7],[-116.54,45.71],[-116.54,45.72],[-116.54,45.73],[-116.54,45.74],[-116.55,45.75],[-116.56,45.75],[-116.56,45.76],[-116.57,45.76],[-116.58,45.77],[-116.59,45.77],[-116.59,45.78],[-116.6,45.78],[-116.61,45.78],[-116.62,45.78],[-116.63,45.78],[-116.64,45.78],[-116.65,45.78],[-116.66,45.78],[-116.67,45.78],[-116.67,45.79],[-116.68,45.79],[-116.68,45.8],[-116.69,45.81],[-116.7,45.82],[-116.71,45.83],[-116.72,45.83],[-116.73,45.83],[-116.74,45.83],[-116.74,45.82],[-116.75,45.82],[-116.76,45.82],[-116.77,45.82],[-116.78,45.82],[-116.78,45.83],[-116.79,45.83],[-116.79,45.84],[-116.79,45.85],[-116.79,45.86],[-116.78,45.86],[-116.77,45.86],[-116.76,45.87],[-116.75,45.87],[-116.74,45.87],[-116.74,45.88],[-116.74,45.89],[-116.73,45.89],[-116.73,45.9],[-116.74,45.91],[-116.74,45.92],[-116.75,45.92],[-116.75,45.93],[-116.75,45.94],[-116.76,45.94],[-116.75,45.95],[-116.75,45.96],[-116.74,45.96],[-116.74,45.97],[-116.73,45.97],[-116.73,45.98],[-116.72,45.98],[-116.72,45.99],[-116.7,45.99],[-116.7,46.0],[-116.69,46.0],[-116.68,46.0],[-116.67,46.0],[-116.67,45.99],[-116.66,45.99],[-116.65,45.99],[-116.65,46.0],[-116.64,46.0],[-116.64,46.01],[-116.65,46.02],[-116.65,46.03],[-116.64,46.04],[-116.63,46.04],[-116.62,46.04],[-116.62,46.03],[-116.61,46.03],[-116.6,46.03],[-116.59,46.03],[-116.58,46.03],[-116.58,46.02],[-116.57,46.02],[-116.56,46.01],[-116.55,46.01],[-116.55,46.0],[-116.54,46.0],[-116.53,46.0],[-116.53,46.01],[-116.53,46.02],[-116.52,46.03],[-116.52,46.04],[-116.52,46.05],[-116.51,46.05],[-116.51,46.06],[-116.51,46.13],[-116.5,46.12],[-116.49,46.12],[-116.48,46.12],[-116.48,46.13],[-116.48,46.14],[-116.47,46.15],[-116.47,46.16],[-116.46,46.16],[-116.46,46.17],[-116.46,46.18],[-116.45,46.19],[-116.45,46.2],[-116.44,46.2],[-116.43,46.2],[-116.42,46.2],[-116.41,46.2],[-116.41,46.19],[-116.4,46.19],[-116.39,46.19],[-116.38,46.19],[-116.37,46.18],[-116.36,46.18],[-116.35,46.19],[-116.34,46.18],[-116.33,46.18],[-116.32,46.18],[-116.32,46.17],[-116.31,46.17],[-116.3,46.17],[-116.29,46.17],[-116.28,46.17],[-116.27,46.17],[-116.26,46.17],[-116.25,46.17],[-116.24,46.17],[-116.24,46.16],[-116.23,46.16],[-116.22,46.16],[-116.21,46.16],[-116.21,46.15],[-116.2,46.15],[-116.19,46.15],[-116.19,46.16],[-116.19,46.17],[-116.19,46.18],[-116.18,46.18],[-116.17,46.19],[-116.16,46.19],[-116.16,46.2],[-116.15,46.2],[-116.15,46.21],[-116.14,46.21],[-116.13,46.22],[-116.13,46.21],[-116.12,46.21],[-116.11,46.21],[-116.1,46.21],[-116.09,46.21],[-116.08,46.21],[-116.07,46.21],[-116.06,46.21],[-116.05,46.21],[-116.04,46.21],[-116.03,46.22],[-116.02,46.22],[-116.01,46.23],[-116.02,46.23],[-116.03,46.24],[-116.04,46.24],[-116.04,46.25],[-116.05,46.25],[-116.06,46.25],[-116.06,46.26],[-116.07,46.26],[-116.08,46.26],[-116.09,46.26],[-116.09,46.27],[-116.1,46.28],[-116.11,46.28],[-116.11,46.29],[-116.12,46.29],[-116.12,46.3],[-116.13,46.3],[-116.13,46.31],[-116.14,46.32],[-116.14,46.33],[-116.15,46.33],[-116.15,46.34],[-116.15,46.35],[-116.16,46.35],[-116.16,46.36],[-116.17,46.36],[-116.17,46.37],[-116.16,46.37],[-116.15,46.37],[-116.14,46.36],[-116.13,46.36],[-116.13,46.35],[-116.12,46.36],[-116.11,46.36],[-116.1,46.36],[-116.09,46.36],[-116.08,46.36],[-116.07,46.36],[-116.06,46.36],[-116.05,46.36],[-116.05,46.35],[-116.04,46.35],[-116.04,46.34],[-116.03,46.34],[-116.03,46.33],[-116.02,46.33],[-116.01,46.32],[-116.01,46.31],[-116.0,46.31],[-115.99,46.3],[-115.98,46.3],[-115.97,46.29],[-115.96,46.29],[-115.95,46.29],[-115.94,46.29],[-115.93,46.29],[-115.92,46.29],[-115.91,46.29],[-115.9,46.29],[-115.89,46.29],[-115.88,46.28],[-115.87,46.28],[-115.86,46.28],[-115.85,46.28],[-115.84,46.28],[-115.83,46.27],[-115.82,46.27],[-115.81,46.27],[-115.8,46.27],[-115.79,46.27],[-115.78,46.27],[-115.77,46.27],[-115.78,46.28],[-115.77,46.28],[-115.76,46.28],[-115.76,46.29],[-115.75,46.29],[-115.75,46.3],[-115.75,46.31],[-115.75,46.32],[-115.74,46.32],[-115.74,46.33],[-115.73,46.33],[-115.73,46.34],[-115.73,46.35],[-115.73,46.36],[-115.73,46.37],[-115.72,46.37],[-115.72,46.38],[-115.71,46.38],[-115.7,46.38],[-115.7,46.39],[-115.69,46.39],[-115.68,46.39],[-115.68,46.4],[-115.67,46.41],[-115.66,46.41],[-115.66,46.42],[-115.65,46.42],[-115.65,46.43],[-115.65,46.44],[-115.64,46.44],[-115.64,46.45],[-115.64,46.46],[-115.63,46.46],[-115.63,46.47],[-115.56,46.48],[-115.52,46.49],[-115.5,46.49],[-115.38,46.51],[-115.32,46.52],[-115.29,46.53],[-115.25,46.53],[-115.21,46.54],[-115.13,46.55],[-115.11,46.56],[-115.05,46.57],[-114.8,46.6],[-114.75,46.61],[-114.66,46.62],[-114.59,46.63],[-114.58,46.63],[-114.58,46.64],[-114.57,46.64],[-114.56,46.64],[-114.55,46.64],[-114.54,46.65],[-114.53,46.65],[-114.53,46.64],[-114.52,46.64],[-114.51,46.64],[-114.5,46.64],[-114.49,46.64],[-114.49,46.63],[-114.48,46.63],[-114.47,46.63],[-114.46,46.63],[-114.46,46.64],[-114.45,46.64],[-114.45,46.65],[-114.44,46.65],[-114.43,46.66],[-114.42,46.66],[-114.41,46.66],[-114.4,46.66],[-114.39,46.66],[-114.38,46.66],[-114.38,46.67],[-114.37,46.67],[-114.36,46.67],[-114.35,46.66],[-114.34,46.66],[-114.33,46.66],[-114.33,46.65],[-114.32,46.65],[-114.32,46.64],[-114.32,46.63],[-114.32,46.62],[-114.33,46.62],[-114.32,46.61],[-114.33,46.61],[-114.33,46.6],[-114.34,46.59],[-114.34,46.58],[-114.33,46.58],[-114.33,46.57],[-114.34,46.57],[-114.34,46.56],[-114.34,46.55],[-114.35,46.55],[-114.34,46.54],[-114.35,46.54],[-114.35,46.53],[-114.34,46.52],[-114.35,46.52],[-114.35,46.51],[-114.36,46.51],[-114.37,46.51],[-114.37,46.5],[-114.38,46.5],[-114.38,46.51],[-114.39,46.5],[-114.4,46.5],[-114.4,46.49],[-114.4,46.48],[-114.4,46.47],[-114.39,46.47],[-114.38,46.47],[-114.38,46.46],[-114.38,46.45],[-114.38,46.44],[-114.38,46.43],[-114.38,46.42],[-114.38,46.41],[-114.39,46.41],[-114.4,46.41],[-114.4,46.4],[-114.41,46.4],[-114.42,46.39],[-114.42,46.38],[-114.42,46.37],[-114.41,46.37],[-114.41,46.36],[-114.41,46.35],[-114.41,46.34],[-114.42,46.33],[-114.42,46.32],[-114.43,46.32],[-114.43,46.31],[-114.43,46.3],[-114.43,46.29],[-114.43,46.28],[-114.44,46.27],[-114.45,46.27],[-114.46,46.27],[-114.47,46.27],[-114.47,46.26],[-114.47,46.25],[-114.46,46.24],[-114.45,46.24],[-114.45,46.23],[-114.45,46.22],[-114.45,46.21],[-114.44,46.2],[-114.44,46.19],[-114.45,46.18],[-114.44,46.18],[-114.45,46.17],[-114.46,46.17],[-114.47,46.16],[-114.48,46.16],[-114.49,46.17],[-114.5,46.17],[-114.51,46.16],[-114.51,46.17],[-114.52,46.16],[-114.51,46.15],[-114.52,46.15],[-114.53,46.15],[-114.53,46.14],[-114.52,46.14],[-114.52,46.13],[-114.52,46.12],[-114.51,46.12],[-114.5,46.12],[-114.49,46.12],[-114.49,46.11],[-114.48,46.11],[-114.47,46.11],[-114.47,46.1],[-114.46,46.1],[-114.46,46.09],[-114.46,46.08],[-114.47,46.08],[-114.47,46.07],[-114.47,46.06],[-114.48,46.06],[-114.48,46.05],[-114.49,46.05],[-114.5,46.04],[-114.51,46.04],[-114.51,46.03],[-114.5,46.03],[-114.49,46.03],[-114.48,46.03],[-114.48,46.02],[-114.47,46.02],[-114.47,46.01],[-114.48,46.01],[-114.49,46.01],[-114.49,46.0],[-114.48,46.0],[-114.48,45.99],[-114.47,45.99],[-114.47,46.0],[-114.46,46.0],[-114.46,45.99],[-114.45,45.99],[-114.44,45.99],[-114.43,45.99],[-114.42,45.98],[-114.41,45.98],[-114.41,45.97],[-114.4,45.97],[-114.4,45.96],[-114.41,45.96],[-114.41,45.95],[-114.42,45.95],[-114.42,45.94],[-114.43,45.94],[-114.43,45.93],[-114.42,45.93],[-114.42,45.92],[-114.41,45.91],[-114.4,45.9],[-114.39,45.9],[-114.39,45.89],[-114.39,45.88],[-114.4,45.87],[-114.41,45.87],[-114.41,45.86],[-114.41,45.85],[-114.42,45.85],[-114.42,45.86],[-114.43,45.86],[-114.44,45.86],[-114.45,45.86],[-114.46,45.85],[-114.47,45.85],[-114.48,45.85],[-114.49,45.85],[-114.5,45.85],[-114.51,45.85],[-114.51,45.84],[-114.52,45.84],[-114.52,45.83],[-114.52,45.82],[-114.53,45.82],[-114.53,45.81],[-114.54,45.81],[-114.54,45.8],[-114.55,45.79],[-114.56,45.79],[-114.56,45.78],[-114.57,45.77],[-114.56,45.77],[-114.56,45.76],[-114.55,45.76],[-114.55,45.75],[-114.55,45.74],[-114.54,45.74],[-114.53,45.74],[-114.53,45.73],[-114.52,45.73],[-114.51,45.73],[-114.51,45.72],[-114.5,45.72],[-114.5,45.71],[-114.5,45.7],[-114.5,45.69],[-114.51,45.69],[-114.51,45.68],[-114.5,45.68],[-114.5,45.67],[-114.5,45.66],[-114.51,45.66],[-114.52,45.65],[-114.53,45.65],[-114.54,45.65],[-114.54,45.64],[-114.55,45.64],[-114.56,45.64],[-114.56,45.63],[-114.56,45.62],[-114.55,45.62],[-114.54,45.62],[-114.54,45.61],[-114.54,45.6],[-114.55,45.6],[-114.55,45.59],[-114.56,45.59],[-114.56,45.58],[-114.55,45.58],[-114.56,45.57],[-114.56,45.56],[-114.57,45.55],[-114.58,45.54],[-114.59,45.54],[-114.6,45.53],[-114.61,45.53],[-114.62,45.53],[-114.62,45.52],[-114.63,45.52],[-114.63,45.51],[-114.64,45.51],[-114.64,45.5],[-114.65,45.5],[-114.65,45.49],[-114.65,45.48],[-114.66,45.48],[-114.66,45.47],[-114.67,45.47],[-114.68,45.47],[-114.68,45.48],[-114.68,45.49],[-114.69,45.49],[-114.7,45.49],[-114.71,45.49],[-114.72,45.49],[-114.73,45.49],[-114.74,45.49],[-114.74,45.5],[-114.75,45.5],[-114.76,45.5],[-114.76,45.51],[-114.77,45.51],[-114.78,45.51],[-114.79,45.51],[-114.79,45.5],[-114.8,45.5],[-114.79,45.49],[-114.8,45.49],[-114.8,45.48],[-114.8,45.47],[-114.79,45.47],[-114.79,45.46],[-114.79,45.45],[-114.79,45.44],[-114.78,45.44],[-114.77,45.43],[-114.76,45.43],[-114.77,45.42],[-114.76,45.41],[-114.75,45.41],[-114.74,45.4],[-114.73,45.4],[-114.72,45.4],[-114.72,45.39],[-114.71,45.39],[-114.71,45.38],[-114.7,45.38],[-114.7,45.37],[-114.69,45.37],[-114.68,45.37],[-114.67,45.36],[-114.68,45.36],[-114.68,45.35],[-114.67,45.35],[-114.67,45.34],[-114.66,45.34],[-114.66,45.33],[-114.65,45.33],[-114.65,45.32],[-114.64,45.32],[-114.63,45.32],[-114.63,45.31],[-114.62,45.31],[-114.62,45.3],[-114.61,45.3],[-114.6,45.3],[-114.59,45.3],[-114.6,45.29],[-114.61,45.28],[-114.62,45.28],[-114.63,45.27],[-114.64,45.26],[-114.65,45.26],[-114.65,45.25],[-114.66,45.25],[-114.66,45.24],[-114.67,45.24],[-114.67,45.23],[-114.68,45.23],[-114.68,45.22],[-114.68,45.21],[-114.69,45.21],[-114.69,45.2],[-114.72,45.2],[-114.75,45.2],[-114.93,45.2],[-114.99,45.2],[-115.13,45.2],[-115.15,45.2],[-115.18,45.2],[-115.21,45.2],[-115.31,45.2],[-115.35,45.2],[-115.37,45.2],[-115.38,45.2],[-115.42,45.2],[-115.61,45.2],[-115.63,45.2],[-115.75,45.2],[-115.82,45.2],[-115.89,45.2],[-115.9,45.2],[-115.97,45.2],[-115.97,45.21],[-115.97,45.22],[-115.98,45.22],[-115.99,45.21],[-115.99,45.2],[-116.0,45.2],[-116.01,45.2],[-116.01,45.19],[-116.02,45.19],[-116.02,45.18],[-116.03,45.18],[-116.04,45.18],[-116.05,45.17],[-116.06,45.17],[-116.07,45.16],[-116.08,45.16],[-116.08,45.15],[-116.09,45.16],[-116.1,45.15],[-116.1,45.16],[-116.11,45.16],[-116.12,45.16],[-116.13,45.15],[-116.13,45.14],[-116.14,45.14],[-116.14,45.13],[-116.14,45.12],[-116.14,45.11],[-116.15,45.11],[-116.17,45.11],[-116.25,45.11],[-116.3,45.11],[-116.3,45.12],[-116.29,45.13],[-116.28,45.13],[-116.28,45.14],[-116.29,45.14],[-116.29,45.15],[-116.3,45.15],[-116.3,45.16],[-116.3,45.17],[-116.3,45.18],[-116.3,45.19],[-116.31,45.19],[-116.31,45.2],[-116.31,45.21],[-116.32,45.22],[-116.32,45.23],[-116.33,45.24],[-116.33,45.25],[-116.34,45.26],[-116.34,45.27],[-116.39,45.27],[-116.43,45.27],[-116.5,45.27],[-116.62,45.27],[-116.68,45.27]]]]}},
{"type":"Feature","properties":{"ugc":"IDC051","name":"Jefferson","state":"ID","wfo":"PIH"},"geometry":{"type":"MultiPolygon","coordinates":[[[[-112.69,44.06],[-112.62,44.06],[-112.49,44.06],[-112.16,44.06],[-112.16,44.0],[-112.16,43.99],[-112.16,43.98],[-112.16,43.97],[-112.13,43.97],[-112.12,43.97],[-112.1,43.97],[-112.09,43.97],[-112.07,43.97],[-112.0,43.97],[-111.98,43.97],[-111.98,43.93],[-111.98,43.88],[-111.98,43.86],[-111.98,43.83],[-111.98,43.82],[-111.98,43.8],[-111.98,43.77],[-111.98,43.76],[-111.98,43.75],[-111.97,43.75],[-111.96,43.75],[-111.95,43.75],[-111.95,43.76],[-111.94,43.76],[-111.93,43.77],[-111.93,43.76],[-111.92,43.76],[-111.91,43.76],[-111.9,43.75],[-111.89,43.75],[-111.89,43.74],[-111.88,43.74],[-111.87,43.74],[-111.87,43.73],[-111.86,43.72],[-111.85,43.72],[-111.84,43.72],[-111.84,43.71],[-111.83,43.72],[-111.83,43.71],[-111.82,43.71],[-111.82,43.7],[-111.81,43.7],[-111.8,43.7],[-111.8,43.69],[-111.79,43.69],[-111.78,43.68],[-111.77,43.68],[-111.77,43.67],[-111.76,43.67],[-111.75,43.67],[-111.74,43.67],[-111.73,43.67],[-111.73,43.66],[-111.72,43.66],[-111.64,43.66],[-111.63,43.65],[-111.63,43.63],[-111.69,43.63],[-111.71,43.63],[-111.72,43.63],[-111.73,43.63],[-111.76,43.63],[-111.78,43.63],[-111.9,43.63],[-111.95,43.63],[-112.02,43.63],[-112.07,43.63],[-112.08,43.63],[-112.2,43.63],[-112.22,43.63],[-112.26,43.63],[-112.3,43.63],[-112.45,43.63],[-112.52,43.63],[-112.54,43.63],[-112.64,43.63],[-112.64,43.62],[-112.65,43.62],[-112.68,43.62],[-112.7,43.62],[-112.7,43.65],[-112.7,43.78],[-112.7,43.79],[-112.7,43.8],[-112.69,43.81],[-112.7,43.88],[-112.69,43.91],[-112.7,43.91],[-112.69,43.97],[-112.69,44.0],[-112.69,44.01],[-112.69,44.06]]]]}},
{"type":"Feature","properties":{"ugc":"IDC053","name":"Jerome","state":"ID","wfo":"BOI"},"geometry":{"type":"MultiPolygon","coordinates":[[[[-114.49,42.85],[-114.47,42.85],[-114.38,42.85],[-114.37,42.85],[-114.37,42.84],[-114.37,42.83],[-114.37,42.82],[-114.35,42.82],[-114.35,42.81],[-114.2,42.81],[-114.14,42.81],[-114.11,42.81],[-114.09,42.81],[-114.05,42.81],[-114.05,42.77],[-113.93,42.77],[-113.93,42.76],[-113.93,42.75],[-113.93,42.74],[-113.93,42.73],[-113.93,42.67],[-113.93,42.58],[-113.93,42.55],[-113.93,42.54],[-113.94,42.53],[-113.95,42.53],[-113.96,42.53],[-113.96,42.54],[-113.97,42.53],[-113.98,42.53],[-113.99,42.53],[-114.0,42.53],[-114.01,42.53],[-114.02,42.53],[-114.03,42.52],[-114.03,42.53],[-114.04,42.53],[-114.05,42.53],[-114.06,42.52],[-114.07,42.52],[-114.08,42.52],[-114.08,42.51],[-114.09,42.51],[-114.1,42.51],[-114.11,42.51],[-114.12,42.5],[-114.13,42.5],[-114.14,42.5],[-114.15,42.5],[-114.16,42.5],[-114.16,42.51],[-114.17,42.51],[-114.17,42.52],[-114.18,42.53],[-114.2,42.54],[-114.21,42.55],[-114.22,42.55],[-114.23,42.55],[-114.24,42.56],[-114.25,42.56],[-114.26,42.56],[-114.27,42.56],[-114.28,42.56],[-114.29,42.56],[-114.29,42.57],[-114.3,42.57],[-114.31,42.57],[-114.32,42.57],[-114.33,42.57],[-114.34,42.57],[-114.34,42.58],[-114.35,42.59],[-114.36,42.59],[-114.37,42.59],[-114.37,42.6],[-114.38,42.6],[-114.39,42.6],[-114.4,42.6],[-114.41,42.6],[-114.42,42.6],[-114.43,42.6],[-114.44,42.6],[-114.45,42.6],[-114.46,42.6],[-114.47,42.6],[-114.47,42.61],[-114.48,42.61],[-114.49,42.61],[-114.5,42.62],[-114.51,42.62],[-114.51,42.63],[-114.52,42.63],[-114.54,42.63],[-114.55,42.64],[-114.56,42.63],[-114.56,42.64],[-114.57,42.64],[-114.58,42.64],[-114.59,42.64],[-114.6,42.64],[-114.61,42.64],[-114.61,42.65],[-114.62,42.65],[-114.62,42.68],[-114.62,42.72],[-114.62,42.75],[-114.62,42.78],[-114.62,42.8],[-114.62,42.85],[-114.6,42.85],[-114.59,42.85],[-114.57,42.85],[-114.52,42.85],[-114.5,42.85],[-114.49,42.85]]]]}},
{"type":"Feature","properties":{"ugc":"IDC055","name":"Kootenai","state":"ID","wfo":"OTX"},"geometry":{"type":"MultiPolygon","coordinates":[[[[-116.5,47.99],[-116.5,47.89],[-116.38,47.89],[-116.37,47.89],[-116.32,47.89],[-116.32,47.88],[-116.32,47.87],[-116.32,47.8],[-116.32,47.79],[-116.32,47.76],[-116.32,47.75],[-116.32,47.74],[-116.32,47.73],[-116.32,47.72],[-116.32,47.71],[-116.32,47.69],[-116.32,47.63],[-116.32,47.6],[-116.32,47.59],[-116.32,47.56],[-116.32,47.55],[-116.32,47.53],[-116.33,47.5],[-116.33,47.48],[-116.33,47.45],[-116.33,47.41],[-116.36,47.41],[-116.38,47.41],[-116.39,47.41],[-116.4,47.41],[-116.43,47.41],[-116.45,47.41],[-116.51,47.41],[-116.54,47.41],[-116.59,47.41],[-116.59,47.4],[-116.63,47.4],[-116.63,47.39],[-116.63,47.37],[-116.73,47.37],[-116.74,47.37],[-116.73,47.39],[-116.77,47.39],[-116.77,47.38],[-116.81,47.38],[-116.81,47.37],[-116.82,47.37],[-116.86,47.37],[-116.88,47.37],[-116.89,47.37],[-116.93,47.37],[-116.99,47.37],[-117.04,47.37],[-117.04,47.38],[-117.04,47.39],[-117.04,47.41],[-117.04,47.49],[-117.04,47.5],[-117.04,47.53],[-117.04,47.55],[-117.04,47.56],[-117.04,47.57],[-117.04,47.58],[-117.04,47.62],[-117.04,47.67],[-117.04,47.68],[-117.04,47.69],[-117.04,47.7],[-117.04,47.71],[-117.04,47.74],[-117.04,47.75],[-117.04,47.76],[-117.04,47.78],[-117.04,47.82],[-117.04,47.84],[-117.04,47.86],[-117.04,47.87],[-117.04,47.89],[-117.04,47.93],[-117.04,47.97],[-117.04,47.98],[-117.0,47.98],[-116.88,47.98],[-116.75,47.98],[-116.69,47.98],[-116.68,47.98],[-116.63,47.98],[-116.63,47.99],[-116.5,47.99]]]]}},
{"type":"Feature","properties":{"ugc":"IDC057","name":"Latah","state":"ID","wfo":"OTX"},"geometry":{"type":"MultiPolygon","coordinates":[[[[-117.01,47.13],[-117.0,47.13],[-116.99,47.13],[-116.98,47.13],[-116.98,47.12],[-116.97,47.12],[-116.97,47.11],[-116.97,47.1],[-116.98,47.1],[-116.98,47.09],[-116.97,47.08],[-116.96,47.08],[-116.96,47.07],[-116.95,47.07],[-116.94,47.07],[-116.93,47.08],[-116.92,47.08],[-116.91,47.08],[-116.9,47.08],[-116.89,47.08],[-116.89,47.07],[-116.88,47.07],[-116.88,47.06],[-116.87,47.06],[-116.86,47.06],[-116.86,47.05],[-116.85,47.05],[-116.84,47.05],[-116.84,47.04],[-116.84,47.03],[-116.77,47.03],[-116.77,47.04],[-116.75,47.04],[-116.65,47.04],[-116.63,47.04],[-116.56,47.04],[-116.5,47.04],[-116.48,47.04],[-116.46,47.04],[-116.46,47.02],[-116.45,47.02],[-116.43,47.02],[-116.41,47.02],[-116.35,47.02],[-116.33,47.02],[-116.33,47.01],[-116.33,47.0],[-116.33,46.94],[-116.33,46.63],[-116.35,46.63],[-116.39,46.63],[-116.45,46.63],[-116.46,46.63],[-116.47,46.63],[-116.5,46.63],[-116.56,46.63],[-116.6,46.63],[-116.61,46.63],[-116.62,46.63],[-116.63,46.63],[-116.63,46.62],[-116.64,46.62],[-116.64,46.61],[-116.66,46.61],[-116.67,46.61],[-116.67,46.6],[-116.68,46.6],[-116.68,46.59],[-116.69,46.59],[-116.7,46.59],[-116.7,46.58],[-116.71,46.57],[-116.71,46.56],[-116.71,46.55],[-116.72,46.55],[-116.72,46.54],[-116.75,46.54],[-117.0,46.54],[-117.04,46.54],[-117.04,46.63],[-117.04,46.7],[-117.04,46.75],[-117.04,46.78],[-117.04,46.81],[-117.04,46.82],[-117.04,46.83],[-117.04,46.85],[-117.04,46.87],[-117.04,46.94],[-117.04,47.0],[-117.04,47.08],[-117.04,47.13],[-117.03,47.13],[-117.02,47.13],[-117.01,47.13]]]]}},
{"type":"Feature","properties":{"ugc":"IDC059","name":"Lemhi","state":"ID","wfo":"MSO"},"geometry":{"type":"MultiPolygon","coordinates":[[[[-114.81,44.78],[-114.8,44.78],[-114.8,44.79],[-114.8,44.8],[-114.81,44.8],[-114.81,44.81],[-114.81,44.82],[-114.8,44.82],[-114.8,44.83],[-114.79,44.83],[-114.78,44.84],[-114.77,44.84],[-114.77,44.85],[-114.76,44.85],[-114.76,44.86],[-114.77,44.86],[-114.77,44.87],[-114.76,44.88],[-114.76,44.87],[-114.75,44.87],[-114.75,44.88],[-114.74,44.88],[-114.73,44.88],[-114.73,44.89],[-114.73,44.9],[-114.73,44.91],[-114.73,44.92],[-114.74,44.92],[-114.73,44.93],[-114.72,44.93],[-114.72,44.94],[-114.73,44.94],[-114.73,44.95],[-114.73,44.96],[-114.73,44.97],[-114.74,44.97],[-114.73,44.98],[-114.73,44.99],[-114.73,45.0],[-114.72,45.0],[-114.72,45.01],[-114.73,45.01],[-114.73,45.02],[-114.73,45.03],[-114.72,45.03],[-114.73,45.04],[-114.73,45.05],[-114.72,45.05],[-114.72,45.06],[-114.73,45.06],[-114.73,45.07],[-114.73,45.08],[-114.72,45.08],[-114.72,45.09],[-114.73,45.09],[-114.73,45.1],[-114.73,45.11],[-114.72,45.12],[-114.73,45.13],[-114.73,45.14],[-114.73,45.15],[-114.73,45.16],[-114.72,45.16],[-114.72,45.17],[-114.72,45.18],[-114.72,45.19],[-114.71,45.19],[-114.7,45.19],[-114.69,45.2],[-114.69,45.21],[-114.68,45.21],[-114.68,45.22],[-114.68,45.23],[-114.67,45.23],[-114.67,45.24],[-114.66,45.24],[-114.66,45.25],[-114.65,45.25],[-114.65,45.26],[-114.64,45.26],[-114.63,45.27],[-114.62,45.28],[-114.61,45.28],[-114.6,45.29],[-114.59,45.3],[-114.6,45.3],[-114.61,45.3],[-114.62,45.3],[-114.62,45.31],[-114.63,45.31],[-114.63,45.32],[-114.64,45.32],[-114.65,45.32],[-114.65,45.33],[-114.66,45.33],[-114.66,45.34],[-114.67,45.34],[-114.67,45.35],[-114.68,45.35],[-114.68,45.36],[-114.67,45.36],[-114.68,45.37],[-114.69,45.37],[-114.7,45.37],[-114.7,45.38],[-114.71,45.38],[-114.71,45.39],[-114.72,45.39],[-114.72,45.4],[-114.73,45.4],[-114.74,45.4],[-114.75,45.41],[-114.76,45.41],[-114.77,45.42],[-114.76,45.43],[-114.77,45.43],[-114.78,45.44],[-114.79,45.44],[-114.79,45.45],[-114.79,45.46],[-114.79,45.47],[-114.8,45.47],[-114.8,45.48],[-114.8,45.49],[-114.79,45.49],[-114.8,45.5],[-114.79,45.5],[-114.79,45.51],[-114.78,45.51],[-114.77,45.51],[-114.76,45.51],[-114.76,45.5],[-114.75,45.5],[-114.74,45.5],[-114.74,45.49],[-114.73,45.49],[-114.72,45.49],[-114.71,45.49],[-114.7,45.49],[-114.69,45.49],[-114.68,45.49],[-114.68,45.48],[-114.68,45.47],[-114.67,45.47],[-114.66,45.47],[-114.66,45.48],[-114.65,45.48],[-114.65,45.49],[-114.65,45.5],[-114.64,45.5],[-114.64,45.51],[-114.63,45.51],[-114.63,45.52],[-114.62,45.52],[-114.62,45.53],[-114.61,45.53],[-114.6,45.53],[-114.59,45.54],[-114.58,45.54],[-114.57,45.55],[-114.56,45.56],[-114.55,45.56],[-114.54,45.56],[-114.53,45.57],[-114.52,45.57],[-114.51,45.56],[-114.5,45.56],[-114.49,45.56],[-114.48,45.56],[-114.47,45.56],[-114.46,45.56],[-114.46,45.55],[-114.46,45.54],[-114.45,45.54],[-114.44,45.54],[-114.44,45.53],[-114.43,45.53],[-114.43,45.52],[-114.43,45.51],[-114.42,45.51],[-114.41,45.51],[-114.4,45.51],[-114.39,45.5],[-114.38,45.5],[-114.37,45.49],[-114.36,45.48],[-114.36,45.47],[-114.35,45.47],[-114.35,45.46],[-114.34,45.46],[-114.33,45.46],[-114.32,45.47],[-114.31,45.47],[-114.3,45.47],[-114.3,45.48],[-114.29,45.48],[-114.28,45.48],[-114.27,45.48],[-114.27,45.49],[-114.26,45.49],[-114.26,45.5],[-114.26,45.51],[-114.25,45.51],[-114.25,45.52],[-114.25,45.53],[-114.25,45.54],[-114.25,45.55],[-114.24,45.55],[-114.23,45.55],[-114.22,45.54],[-114.21,45.54],[-114.2,45.54],[-114.19,45.54],[-114.19,45.55],[-114.18,45.55],[-114.17,45.55],[-114.16,45.55],[-114.15,45.55],[-114.15,45.56],[-114.14,45.56],[-114.13,45.56],[-114.13,45.57],[-114.13,45.58],[-114.12,45.58],[-114.11,45.59],[-114.1,45.59],[-114.09,45.59],[-114.08,45.59],[-114.08,45.6],[-114.08,45.61],[-114.07,45.62],[-114.07,45.63],[-114.06,45.63],[-114.05,45.63],[-114.05,45.64],[-114.04,45.64],[-114.04,45.65],[-114.03,45.65],[-114.02,45.65],[-114.01,45.65],[-114.01,45.66],[-114.02,45.66],[-114.02,45.67],[-114.03,45.68],[-114.02,45.68],[-114.01,45.68],[-114.02,45.69],[-114.01,45.7],[-114.01,45.69],[-114.0,45.69],[-114.0,45.7],[-113.99,45.7],[-113.99,45.71],[-113.98,45.7],[-113.97,45.7],[-113.97,45.69],[-113.96,45.69],[-113.95,45.69],[-113.94,45.7],[-113.94,45.69],[-113.93,45.69],[-113.93,45.68],[-113.93,45.67],[-113.92,45.67],[-113.92,45.66],[-113.91,45.66],[-113.91,45.65],[-113.9,45.65],[-113.9,45.64],[-113.9,45.63],[-113.9,45.62],[-113.89,45.62],[-113.88,45.62],[-113.87,45.62],[-113.86,45.62],[-113.85,45.62],[-113.84,45.61],[-113.83,45.61],[-113.82,45.61],[-113.81,45.61],[-113.81,45.6],[-113.8,45.59],[-113.8,45.58],[-113.81,45.58],[-113.81,45.57],[-113.82,45.57],[-113.82,45.56],[-113.82,45.55],[-113.83,45.54],[-113.83,45.53],[-113.83,45.52],[-113.82,45.52],[-113.81,45.52],[-113.8,45.52],[-113.79,45.52],[-113.78,45.52],[-113.77,45.52],[-113.77,45.51],[-113.77,45.5],[-113.76,45.5],[-113.76,45.49],[-113.76,45.48],[-113.77,45.47],[-113.78,45.47],[-113.77,45.46],[-113.78,45.46],[-113.78,45.45],[-113.77,45.45],[-113.77,45.44],[-113.78,45.43],[-113.77,45.43],[-113.76,45.43],[-113.76,45.42],[-113.77,45.42],[-113.78,45.42],[-113.78,45.41],[-113.77,45.41],[-113.76,45.41],[-113.75,45.4],[-113.74,45.4],[-113.74,45.39],[-113.73,45.39],[-113.73,45.38],[-113.73,45.37],[-113.74,45.37],[-113.74,45.36],[-113.73,45.36],[-113.73,45.35],[-113.74,45.35],[-113.74,45.34],[-113.74,45.33],[-113.73,45.32],[-113.72,45.32],[-113.72,45.31],[-113.71,45.31],[-113.71,45.3],[-113.7,45.3],[-113.7,45.29],[-113.69,45.29],[-113.69,45.28],[-113.68,45.28],[-113.68,45.27],[-113.69,45.27],[-113.69,45.26],[-113.68,45.25],[-113.67,45.25],[-113.66,45.24],[-113.65,45.24],[-113.65,45.23],[-113.65,45.22],[-113.64,45.22],[-113.64,45.21],[-113.63,45.21],[-113.62,45.21],[-113.62,45.2],[-113.61,45.2],[-113.6,45.19],[-113.59,45.19],[-113.59,45.18],[-113.59,45.17],[-113.59,45.16],[-113.59,45.15],[-113.58,45.15],[-113.57,45.15],[-113.57,45.14],[-113.58,45.13],[-113.57,45.13],[-113.56,45.12],[-113.56,45.11],[-113.55,45.11],[-113.54,45.11],[-113.54,45.12],[-113.53,45.11],[-113.52,45.11],[-113.51,45.12],[-113.51,45.11],[-113.51,45.1],[-113.52,45.09],[-113.51,45.09],[-113.51,45.08],[-113.5,45.08],[-113.49,45.08],[-113.49,45.07],[-113.49,45.06],[-113.48,45.06],[-113.47,45.06],[-113.46,45.06],[-113.45,45.06],[-113.45,45.05],[-113.45,45.04],[-113.45,45.03],[-113.45,45.02],[-113.44,45.01],[-113.44,45.0],[-113.45,45.0],[-113.45,44.99],[-113.44,44.98],[-113.44,44.97],[-113.45,44.97],[-113.44,44.96],[-113.45,44.96],[-113.45,44.95],[-113.46,44.95],[-113.47,44.95],[-113.48,44.95],[-113.49,44.95],[-113.5,44.95],[-113.5,44.94],[-113.5,44.93],[-113.49,44.93],[-113.49,44.92],[-113.48,44.92],[-113.48,44.91],[-113.47,44.91],[-113.48,44.9],[-113.47,44.89],[-113.46,44.89],[-113.46,44.88],[-113.46,44.87],[-113.45,44.86],[-113.44,44.86],[-113.43,44.86],[-113.43,44.85],[-113.42,44.85],[-113.42,44.84],[-113.41,44.84],[-113.4,44.84],[-113.39,44.84],[-113.38,44.84],[-113.38,44.83],[-113.37,44.83],[-113.37,44.82],[-113.36,44.82],[-113.35,44.81],[-113.35,44.8],[-113.35,44.79],[-113.34,44.79],[-113.33,44.79],[-113.32,44.79],[-113.32,44.8],[-113.31,44.8],[-113.3,44.8],[-113.29,44.81],[-113.28,44.81],[-113.27,44.81],[-113.27,44.82],[-113.26,44.82],[-113.25,44.82],[-113.24,44.82],[-113.24,44.81],[-113.23,44.81],[-113.22,44.81],[-113.21,44.81],[-113.2,44.8],[-113.19,44.8],[-113.18,44.79],[-113.17,44.78],[-113.16,44.78],[-113.15,44.78],[-113.14,44.78],[-113.14,44.77],[-113.13,44.77],[-113.13,44.76],[-113.13,44.75],[-113.12,44.75],[-113.12,44.74],[-113.12,44.73],[-113.11,44.73],[-113.1,44.73],[-113.1,44.72],[-113.1,44.71],[-113.1,44.7],[-113.09,44.69],[-113.08,44.69],[-113.08,44.68],[-113.07,44.68],[-113.07,44.67],[-113.07,44.66],[-113.06,44.65],[-113.06,44.64],[-113.05,44.64],[-113.05,44.63],[-113.05,44.62],[-113.06,44.62],[-113.07,44.62],[-113.07,44.61],[-113.08,44.61],[-113.09,44.6],[-113.08,44.6],[-113.07,44.59],[-113.06,44.59],[-113.07,44.58],[-113.05,44.57],[-113.04,44.57],[-113.04,44.56],[-113.05,44.56],[-113.05,44.55],[-113.05,44.54],[-113.04,44.54],[-113.03,44.54],[-113.02,44.54],[-113.02,44.53],[-113.01,44.53],[-113.01,44.52],[-113.02,44.52],[-113.01,44.51],[-113.02,44.5],[-113.03,44.5],[-113.03,44.49],[-113.02,44.49],[-113.02,44.48],[-113.01,44.48],[-113.01,44.47],[-113.01,44.46],[-113.0,44.45],[-112.99,44.45],[-112.99,44.44],[-112.98,44.44],[-112.98,44.43],[-112.97,44.43],[-112.96,44.42],[-112.95,44.42],[-112.94,44.41],[-112.93,44.41],[-112.92,44.41],[-112.92,44.4],[-112.91,44.4],[-112.9,44.4],[-112.89,44.4],[-112.88,44.39],[-112.88,44.38],[-112.87,44.37],[-112.86,44.37],[-112.86,44.36],[-112.85,44.36],[-112.84,44.36],[-112.83,44.37],[-112.82,44.37],[-112.81,44.38],[-112.81,44.37],[-112.81,44.32],[-112.81,44.3],[-112.81,44.23],[-112.87,44.23],[-112.88,44.23],[-112.93,44.23],[-113.0,44.23],[-113.25,44.23],[-113.32,44.23],[-113.32,44.24],[-113.33,44.24],[-113.33,44.25],[-113.33,44.26],[-113.33,44.27],[-113.33,44.28],[-113.33,44.29],[-113.34,44.29],[-113.34,44.3],[-113.34,44.31],[-113.34,44.32],[-113.35,44.32],[-113.35,44.33],[-113.36,44.33],[-113.36,44.34],[-113.36,44.35],[-113.37,44.35],[-113.37,44.36],[-113.38,44.36],[-113.38,44.37],[-113.39,44.37],[-113.4,44.38],[-113.41,44.38],[-113.41,44.39],[-113.41,44.4],[-113.42,44.41],[-113.42,44.42],[-113.43,44.42],[-113.43,44.43],[-113.44,44.43],[-113.44,44.44],[-113.45,44.45],[-113.45,44.46],[-113.46,44.45],[-113.46,44.46],[-113.47,44.46],[-113.47,44.45],[-113.48,44.45],[-113.48,44.44],[-113.48,44.43],[-113.49,44.43],[-113.5,44.43],[-113.5,44.42],[-113.51,44.42],[-113.52,44.42],[-113.52,44.43],[-113.53,44.43],[-113.54,44.42],[-113.54,44.43],[-113.55,44.43],[-113.56,44.43],[-113.56,44.44],[-113.57,44.44],[-113.58,44.44],[-113.59,44.44],[-113.6,44.44],[-113.61,44.44],[-113.61,44.45],[-113.62,44.45],[-113.63,44.45],[-113.64,44.45],[-113.65,44.45],[-113.66,44.45],[-113.67,44.45],[-113.67,44.46],[-113.68,44.46],[-113.69,44.47],[-113.7,44.47],[-113.71,44.47],[-113.72,44.47],[-113.72,44.48],[-113.73,44.48],[-113.74,44.48],[-113.75,44.48],[-113.76,44.48],[-113.76,44.49],[-113.77,44.49],[-113.78,44.49],[-113.79,44.49],[-113.8,44.49],[-113.81,44.49],[-113.82,44.49],[-113.82,44.5],[-113.83,44.5],[-113.83,44.51],[-113.84,44.51],[-113.84,44.52],[-113.85,44.52],[-113.85,44.53],[-113.86,44.53],[-113.86,44.54],[-113.87,44.54],[-113.88,44.54],[-113.88,44.55],[-113.89,44.55],[-113.9,44.55],[-113.9,44.56],[-113.91,44.56],[-113.91,44.57],[-113.92,44.57],[-113.93,44.57],[-113.93,44.58],[-113.94,44.58],[-113.94,44.59],[-113.95,44.59],[-113.95,44.6],[-113.96,44.6],[-113.96,44.61],[-113.97,44.61],[-113.97,44.62],[-113.98,44.62],[-113.99,44.62],[-113.99,44.63],[-114.0,44.63],[-114.0,44.64],[-114.01,44.64],[-114.01,44.65],[-114.02,44.65],[-114.02,44.66],[-114.03,44.66],[-114.03,44.67],[-114.03,44.68],[-114.04,44.68],[-114.04,44.69],[-114.05,44.69],[-114.05,44.7],[-114.05,44.71],[-114.05,44.72],[-114.06,44.72],[-114.06,44.73],[-114.07,44.73],[-114.07,44.74],[-114.08,44.74],[-114.08,44.75],[-114.08,44.76],[-114.09,44.76],[-114.09,44.75],[-114.1,44.75],[-114.11,44.75],[-114.11,44.74],[-114.12,44.74],[-114.13,44.74],[-114.13,44.73],[-114.14,44.73],[-114.15,44.74],[-114.16,44.75],[-114.16,44.74],[-114.17,44.74],[-114.17,44.75],[-114.18,44.75],[-114.18,44.74],[-114.19,44.74],[-114.19,44.75],[-114.2,44.75],[-114.21,44.74],[-114.22,44.75],[-114.22,44.76],[-114.21,44.76],[-114.21,44.77],[-114.21,44.78],[-114.2,44.78],[-114.21,44.79],[-114.2,44.8],[-114.2,44.81],[-114.19,44.81],[-114.19,44.82],[-114.19,44.83],[-114.2,44.83],[-114.2,44.84],[-114.19,44.84],[-114.2,44.85],[-114.2,44.86],[-114.21,44.86],[-114.21,44.87],[-114.22,44.87],[-114.22,44.88],[-114.23,44.88],[-114.23,44.87],[-114.23,44.86],[-114.24,44.86],[-114.24,44.85],[-114.25,44.85],[-114.26,44.85],[-114.27,44.84],[-114.27,44.83],[-114.28,44.83],[-114.28,44.82],[-114.29,44.82],[-114.3,44.82],[-114.31,44.81],[-114.32,44.81],[-114.32,44.8],[-114.33,44.8],[-114.34,44.8],[-114.34,44.79],[-114.34,44.78],[-114.35,44.78],[-114.35,44.77],[-114.35,44.76],[-114.36,44.76],[-114.36,44.75],[-114.37,44.75],[-114.38,44.75],[-114.39,44.75],[-114.39,44.74],[-114.4,44.74],[-114.41,44.74],[-114.41,44.73],[-114.4,44.73],[-114.4,44.72],[-114.39,44.72],[-114.39,44.71],[-114.38,44.71],[-114.37,44.71],[-114.37,44.7],[-114.38,44.7],[-114.38,44.69],[-114.39,44.69],[-114.39,44.68],[-114.39,44.67],[-114.4,44.67],[-114.41,44.66],[-114.41,44.65],[-114.42,44.65],[-114.43,44.65],[-114.44,44.65],[-114.44,44.64],[-114.45,44.63],[-114.45,44.62],[-114.45,44.61],[-114.46,44.61],[-114.47,44.61],[-114.47,44.6],[-114.48,44.6],[-114.48,44.59],[-114.49,44.59],[-114.49,44.6],[-114.5,44.6],[-114.51,44.6],[-114.52,44.6],[-114.53,44.6],[-114.53,44.59],[-114.54,44.59],[-114.54,44.58],[-114.55,44.58],[-114.56,44.58],[-114.57,44.58],[-114.58,44.58],[-114.58,44.59],[-114.59,44.59],[-114.6,44.59],[-114.6,44.6],[-114.6,44.61],[-114.6,44.62],[-114.6,44.63],[-114.61,44.63],[-114.61,44.64],[-114.62,44.64],[-114.62,44.65],[-114.63,44.65],[-114.64,44.65],[-114.64,44.66],[-114.65,44.66],[-114.66,44.66],[-114.67,44.66],[-114.68,44.66],[-114.69,44.66],[-114.7,44.65],[-114.7,44.66],[-114.71,44.66],[-114.71,44.65],[-114.72,44.65],[-114.73,44.65],[-114.74,44.65],[-114.74,44.66],[-114.74,44.67],[-114.74,44.68],[-114.75,44.68],[-114.75,44.69],[-114.76,44.69],[-114.76,44.7],[-114.77,44.7],[-114.77,44.71],[-114.78,44.71],[-114.79,44.72],[-114.8,44.72],[-114.81,44.72],[-114.81,44.73],[-114.82,44.74],[-114.82,44.75],[-114.82,44.76],[-114.81,44.76],[-114.81,44.77],[-114.81,44.78]]]]}},
{"type":"Feature","properties":{"ugc":"IDC061","name":"Lewis","state":"ID","wfo":"OTX"},"geometry":{"type":"MultiPolygon","coordinates":[[[[-116.53,46.01],[-116.53,46.0],[-116.54,46.0],[-116.55,46.0],[-116.55,46.01],[-116.56,46.01],[-116.57,46.02],[-116.58,46.02],[-116.58,46.03],[-116.59,46.03],[-116.6,46.03],[-116.61,46.03],[-116.62,46.03],[-116.62,46.04],[-116.63,46.04],[-116.64,46.04],[-116.65,46.03],[-116.65,46.02],[-116.64,46.01],[-116.64,46.0],[-116.65,46.0],[-116.65,45.99],[-116.66,45.99],[-116.67,45.99],[-116.67,46.0],[-116.68,46.0],[-116.69,46.0],[-116.7,46.0],[-116.7,46.05],[-116.7,46.06],[-116.7,46.07],[-116.7,46.1],[-116.7,46.13],[-116.7,46.2],[-116.7,46.22],[-116.7,46.23],[-116.7,46.24],[-116.69,46.24],[-116.68,46.24],[-116.68,46.25],[-116.69,46.26],[-116.69,46.27],[-116.7,46.27],[-116.7,46.28],[-116.7,46.29],[-116.71,46.3],[-116.71,46.31],[-116.71,46.32],[-116.71,46.33],[-116.7,46.33],[-116.63,46.33],[-116.56,46.33],[-116.54,46.33],[-116.5,46.33],[-116.49,46.33],[-116.49,46.34],[-116.49,46.35],[-116.48,46.35],[-116.47,46.35],[-116.46,46.35],[-116.45,46.35],[-116.44,46.35],[-116.43,46.34],[-116.42,46.34],[-116.42,46.35],[-116.41,46.35],[-116.4,46.35],[-116.4,46.34],[-116.39,46.34],[-116.38,46.34],[-116.37,46.34],[-116.37,46.35],[-116.36,46.35],[-116.36,46.36],[-116.36,46.37],[-116.36,46.38],[-116.36,46.39],[-116.36,46.4],[-116.37,46.4],[-116.37,46.41],[-116.37,46.42],[-116.38,46.42],[-116.38,46.43],[-116.39,46.43],[-116.39,46.44],[-116.4,46.44],[-116.41,46.45],[-116.41,46.46],[-116.41,46.47],[-116.4,46.47],[-116.39,46.47],[-116.38,46.47],[-116.37,46.47],[-116.36,46.47],[-116.36,46.46],[-116.35,46.46],[-116.35,46.45],[-116.34,46.45],[-116.33,46.44],[-116.32,46.44],[-116.32,46.43],[-116.31,46.42],[-116.31,46.41],[-116.3,46.41],[-116.25,46.41],[-116.23,46.41],[-116.2,46.41],[-116.19,46.41],[-116.19,46.4],[-116.18,46.4],[-116.18,46.39],[-116.18,46.38],[-116.18,46.37],[-116.17,46.37],[-116.17,46.36],[-116.16,46.36],[-116.16,46.35],[-116.15,46.35],[-116.15,46.34],[-116.15,46.33],[-116.14,46.33],[-116.14,46.32],[-116.13,46.31],[-116.13,46.3],[-116.12,46.3],[-116.12,46.29],[-116.11,46.29],[-116.11,46.28],[-116.1,46.28],[-116.09,46.27],[-116.09,46.26],[-116.08,46.26],[-116.07,46.26],[-116.06,46.26],[-116.06,46.25],[-116.05,46.25],[-116.04,46.25],[-116.04,46.24],[-116.03,46.24],[-116.02,46.23],[-116.01,46.23],[-116.02,46.22],[-116.03,46.22],[-116.04,46.21],[-116.05,46.21],[-116.06,46.21],[-116.07,46.21],[-116.08,46.21],[-116.09,46.21],[-116.1,46.21],[-116.11,46.21],[-116.12,46.21],[-116.13,46.21],[-116.13,46.22],[-116.14,46.21],[-116.15,46.21],[-116.15,46.2],[-116.16,46.2],[-116.16,46.19],[-116.17,46.19],[-116.18,46.18],[-116.19,46.18],[-116.19,46.17],[-116.19,46.16],[-116.19,46.15],[-116.2,46.15],[-116.21,46.15],[-116.21,46.16],[-116.22,46.16],[-116.23,46.16],[-116.24,46.16],[-116.24,46.17],[-116.25,46.17],[-116.26,46.17],[-116.27,46.17],[-116.28,46.17],[-116.29,46.17],[-116.3,46.17],[-116.31,46.17],[-116.32,46.17],[-116.32,46.18],[-116.33,46.18],[-116.34,46.18],[-116.35,46.19],[-116.36,46.18],[-116.37,46.18],[-116.38,46.19],[-116.39,46.19],[-116.4,46.19],[-116.41,46.19],[-116.41,46.2],[-116.42,46.2],[-116.43,46.2],[-116.44,46.2],[-116.45,46.2],[-116.45,46.19],[-116.46,46.18],[-116.46,46.17],[-116.46,46.16],[-116.47,46.16],[-116.47,46.15],[-116.48,46.14],[-116.48,46.13],[-116.48,46.12],[-116.49,46.12],[-116.5,46.12],[-116.51,46.13],[-116.51,46.06],[-116.51,46.05],[-116.52,46.05],[-116.52,46.04],[-116.52,46.03],[-116.53,46.02],[-116.53,46.01]]]]}},
{"type":"Feature","properties":{"ugc":"IDC063","name":"Lincoln","state":"ID","wfo":"PIH"},"geometry":{"type":"MultiPolygon","coordinates":[[[[-113.71,43.2],[-113.71,43.14],[-113.71,43.04],[-113.71,43.0],[-113.71,42.97],[-113.71,42.92],[-113.71,42.91],[-113.71,42.9],[-113.71,42.87],[-113.71,42.86],[-113.71,42.85],[-113.76,42.85],[-113.76,42.81],[-113.76,42.8],[-113.76,42.79],[-113.76,42.76],[-113.77,42.76],[-113.82,42.76],[-113.93,42.76],[-113.93,42.77],[-114.05,42.77],[-114.05,42.81],[-114.09,42.81],[-114.11,42.81],[-114.14,42.81],[-114.2,42.81],[-114.35,42.81],[-114.35,42.82],[-114.37,42.82],[-114.37,42.83],[-114.37,42.84],[-114.37,42.85],[-114.38,42.85],[-114.47,42.85],[-114.49,42.85],[-114.5,42.85],[-114.52,42.85],[-114.57,42.85],[-114.59,42.85],[-114.6,42.85],[-114.6,42.86],[-114.6,42.88],[-114.6,42.93],[-114.6,42.94],[-114.6,42.95],[-114.6,42.98],[-114.6,43.02],[-114.6,43.03],[-114.6,43.06],[-114.6,43.07],[-114.6,43.14],[-114.6,43.2],[-114.54,43.2],[-114.5,43.2],[-114.49,43.2],[-114.4,43.2],[-114.38,43.2],[-114.36,43.2],[-114.28,43.2],[-114.25,43.2],[-114.1,43.2],[-114.01,43.2],[-114.0,43.2],[-113.79,43.2],[-113.75,43.2],[-113.71,43.2]]]]}},
{"type":"Feature","properties":{"ugc":"IDC065","name":"Madison","state":"ID","wfo":"PIH"},"geometry":{"type":"MultiPolygon","coordinates":[[[[-111.49,43.93],[-111.48,43.93],[-111.47,43.92],[-111.46,43.92],[-111.45,43.92],[-111.44,43.91],[-111.43,43.92],[-111.43,43.91],[-111.42,43.91],[-111.41,43.92],[-111.4,43.92],[-111.4,43.91],[-111.4,43.89],[-111.4,43.88],[-111.4,43.85],[-111.4,43.8],[-111.4,43.79],[-111.4,43.76],[-111.4,43.73],[-111.4,43.62],[-111.5,43.62],[-111.54,43.62],[-111.57,43.62],[-111.57,43.63],[-111.63,43.63],[-111.63,43.65],[-111.64,43.66],[-111.72,43.66],[-111.73,43.66],[-111.73,43.67],[-111.74,43.67],[-111.75,43.67],[-111.76,43.67],[-111.77,43.67],[-111.77,43.68],[-111.78,43.68],[-111.79,43.69],[-111.8,43.69],[-111.8,43.7],[-111.81,43.7],[-111.82,43.7],[-111.82,43.71],[-111.83,43.71],[-111.83,43.72],[-111.84,43.71],[-111.84,43.72],[-111.85,43.72],[-111.86,43.72],[-111.87,43.73],[-111.87,43.74],[-111.88,43.74],[-111.89,43.74],[-111.89,43.75],[-111.9,43.75],[-111.91,43.76],[-111.92,43.76],[-111.93,43.76],[-111.93,43.77],[-111.94,43.76],[-111.95,43.76],[-111.95,43.75],[-111.96,43.75],[-111.97,43.75],[-111.98,43.75],[-111.98,43.76],[-111.98,43.77],[-111.98,43.8],[-111.98,43.82],[-111.98,43.83],[-111.98,43.86],[-111.98,43.88],[-111.98,43.93],[-111.91,43.93],[-111.88,43.93],[-111.84,43.93],[-111.84,43.92],[-111.84,43.91],[-111.84,43.9],[-111.83,43.9],[-111.81,43.9],[-111.79,43.9],[-111.7,43.9],[-111.7,43.89],[-111.7,43.88],[-111.69,43.88],[-111.68,43.88],[-111.65,43.88],[-111.62,43.88],[-111.56,43.88],[-111.56,43.9],[-111.55,43.9],[-111.55,43.91],[-111.54,43.91],[-111.53,43.92],[-111.52,43.92],[-111.51,43.92],[-111.5,43.93],[-111.49,43.93]]]]}},
{"type":"Feature","properties":{"ugc":"IDC067","name":"Minidoka","state":"ID","wfo":"PIH"},"geometry":{"type":"MultiPolygon","coordinates":[[[[-113.5,43.2],[-113.41,43.2],[-113.41,42.85],[-113.47,42.85],[-113.47,42.79],[-113.47,42.78],[-113.47,42.76],[-113.47,42.75],[-113.47,42.74],[-113.47,42.72],[-113.47,42.7],[-113.47,42.68],[-113.47,42.67],[-113.48,42.67],[-113.49,42.67],[-113.5,42.67],[-113.51,42.67],[-113.52,42.67],[-113.53,42.66],[-113.54,42.66],[-113.56,42.66],[-113.57,42.65],[-113.58,42.64],[-113.58,42.63],[-113.58,42.62],[-113.59,42.62],[-113.59,42.61],[-113.6,42.61],[-113.6,42.6],[-113.61,42.6],[-113.61,42.59],[-113.62,42.59],[-113.62,42.58],[-113.63,42.58],[-113.63,42.57],[-113.63,42.56],[-113.64,42.56],[-113.64,42.55],[-113.65,42.54],[-113.66,42.54],[-113.66,42.53],[-113.67,42.53],[-113.68,42.53],[-113.69,42.52],[-113.7,42.52],[-113.71,42.52],[-113.72,42.52],[-113.73,42.52],[-113.74,42.52],[-113.75,42.53],[-113.76,42.53],[-113.76,42.54],[-113.76,42.55],[-113.77,42.55],[-113.78,42.56],[-113.79,42.56],[-113.79,42.55],[-113.8,42.55],[-113.81,42.55],[-113.81,42.54],[-113.82,42.54],[-113.83,42.54],[-113.83,42.53],[-113.84,42.54],[-113.85,42.54],[-113.86,42.54],[-113.86,42.55],[-113.87,42.55],[-113.88,42.55],[-113.89,42.55],[-113.9,42.55],[-113.9,42.54],[-113.91,42.54],[-113.92,42.54],[-113.93,42.54],[-113.93,42.55],[-113.93,42.58],[-113.93,42.67],[-113.93,42.73],[-113.93,42.74],[-113.93,42.75],[-113.93,42.76],[-113.82,42.76],[-113.77,42.76],[-113.76,42.76],[-113.76,42.79],[-113.76,42.8],[-113.76,42.81],[-113.76,42.85],[-113.71,42.85],[-113.71,42.86],[-113.71,42.87],[-113.71,42.9],[-113.71,42.91],[-113.71,42.92],[-113.71,42.97],[-113.71,43.0],[-113.71,43.04],[-113.71,43.14],[-113.71,43.2],[-113.6,43.2],[-113.5,43.2]]]]}},
{"type":"Feature","properties":{"ugc":"IDC069","name":"Nez Perce","state":"ID","wfo":"OTX"},"geometry":{"type":"MultiPolygon","coordinates":[[[[-116.99,46.29],[-116.99,46.3],[-117.0,46.3],[-117.01,46.3],[-117.01,46.31],[-117.02,46.31],[-117.02,46.32],[-117.02,46.33],[-117.03,46.34],[-117.04,46.34],[-117.05,46.34],[-117.06,46.35],[-117.06,46.36],[-117.06,46.37],[-117.05,46.38],[-117.04,46.39],[-117.04,46.4],[-117.04,46.41],[-117.03,46.42],[-117.04,46.42],[-117.04,46.43],[-117.04,46.54],[-117.0,46.54],[-116.75,46.54],[-116.72,46.54],[-116.72,46.55],[-116.71,46.55],[-116.71,46.56],[-116.71,46.57],[-116.7,46.58],[-116.7,46.59],[-116.69,46.59],[-116.68,46.59],[-116.68,46.6],[-116.67,46.6],[-116.67,46.61],[-116.66,46.61],[-116.64,46.61],[-116.64,46.62],[-116.63,46.62],[-116.63,46.63],[-116.62,46.63],[-116.61,46.63],[-116.6,46.63],[-116.56,46.63],[-116.5,46.63],[-116.47,46.63],[-116.46,46.63],[-116.46,46.56],[-116.45,46.56],[-116.45,46.5],[-116.44,46.5],[-116.43,46.5],[-116.42,46.5],[-116.41,46.5],[-116.4,46.5],[-116.39,46.5],[-116.38,46.5],[-116.37,46.5],[-116.37,46.47],[-116.38,46.47],[-116.39,46.47],[-116.4,46.47],[-116.41,46.47],[-116.41,46.46],[-116.41,46.45],[-116.4,46.44],[-116.39,46.44],[-116.39,46.43],[-116.38,46.43],[-116.38,46.42],[-116.37,46.42],[-116.37,46.41],[-116.37,46.4],[-116.36,46.4],[-116.36,46.39],[-116.36,46.38],[-116.36,46.37],[-116.36,46.36],[-116.36,46.35],[-116.37,46.35],[-116.37,46.34],[-116.38,46.34],[-116.39,46.34],[-116.4,46.34],[-116.4,46.35],[-116.41,46.35],[-116.42,46.35],[-116.42,46.34],[-116.43,46.34],[-116.44,46.35],[-116.45,46.35],[-116.46,46.35],[-116.47,46.35],[-116.48,46.35],[-116.49,46.35],[-116.49,46.34],[-116.49,46.33],[-116.5,46.33],[-116.54,46.33],[-116.56,46.33],[-116.63,46.33],[-116.7,46.33],[-116.71,46.33],[-116.71,46.32],[-116.71,46.31],[-116.71,46.3],[-116.7,46.29],[-116.7,46.28],[-116.7,46.27],[-116.69,46.27],[-116.69,46.26],[-116.68,46.25],[-116.68,46.24],[-116.69,46.24],[-116.7,46.24],[-116.7,46.23],[-116.7,46.22],[-116.7,46.2],[-116.7,46.13],[-116.7,46.1],[-116.7,46.07],[-116.7,46.06],[-116.7,46.05],[-116.7,46.0],[-116.7,45.99],[-116.72,45.99],[-116.72,45.98],[-116.73,45.98],[-116.73,45.97],[-116.74,45.97],[-116.74,45.96],[-116.75,45.96],[-116.75,45.95],[-116.76,45.94],[-116.75,45.94],[-116.75,45.93],[-116.75,45.92],[-116.74,45.92],[-116.74,45.91],[-116.73,45.9],[-116.73,45.89],[-116.74,45.89],[-116.74,45.88],[-116.74,45.87],[-116.75,45.87],[-116.76,45.87],[-116.77,45.86],[-116.78,45.86],[-116.79,45.86],[-116.8,45.86],[-116.81,45.87],[-116.81,45.88],[-116.82,45.88],[-116.83,45.89],[-116.84,45.89],[-116.85,45.9],[-116.86,45.9],[-116.86,45.91],[-116.87,45.92],[-116.87,45.93],[-116.87,45.94],[-116.88,45.94],[-116.88,45.95],[-116.88,45.96],[-116.89,45.96],[-116.89,45.97],[-116.89,45.98],[-116.9,45.98],[-116.91,45.99],[-116.92,46.0],[-116.92,46.01],[-116.92,46.02],[-116.93,46.02],[-116.93,46.03],[-116.93,46.04],[-116.94,46.04],[-116.94,46.05],[-116.94,46.06],[-116.95,46.06],[-116.95,46.07],[-116.96,46.07],[-116.96,46.08],[-116.97,46.08],[-116.98,46.08],[-116.98,46.09],[-116.98,46.1],[-116.97,46.1],[-116.96,46.1],[-116.95,46.11],[-116.95,46.12],[-116.95,46.13],[-116.94,46.13],[-116.93,46.14],[-116.94,46.14],[-116.94,46.15],[-116.93,46.15],[-116.93,46.16],[-116.92,46.16],[-116.92,46.17],[-116.93,46.17],[-116.94,46.18],[-116.94,46.19],[-116.95,46.19],[-116.96,46.2],[-116.97,46.2],[-116.97,46.21],[-116.96,46.22],[-116.96,46.23],[-116.96,46.24],[-116.96,46.25],[-116.97,46.26],[-116.98,46.27],[-116.99,46.27],[-116.99,46.28],[-116.99,46.29]]]]}},
{"type":"Feature","properties":{"ugc":"IDC071","name":"Oneida","state":"ID","wfo":"PIH"},"geometry":{"type":"MultiPolygon","coordinates":[[[[-112.42,42.5],[-112.38,42.5],[-112.38,42.49],[-112.38,42.48],[-112.37,42.48],[-112.37,42.47],[-112.35,42.47],[-112.35,42.46],[-112.35,42.45],[-112.34,42.45],[-112.33,42.45],[-112.32,42.45],[-112.31,42.45],[-112.31,42.46],[-112.3,42.45],[-112.29,42.45],[-112.3,42.44],[-112.29,42.44],[-112.29,42.43],[-112.29,42.42],[-112.29,42.41],[-112.29,42.4],[-112.29,42.39],[-112.3,42.38],[-112.31,42.38],[-112.31,42.37],[-112.31,42.36],[-112.32,42.36],[-112.32,42.35],[-112.33,42.35],[-112.33,42.34],[-112.33,42.33],[-112.33,42.32],[-112.32,42.32],[-112.31,42.32],[-112.31,42.33],[-112.3,42.33],[-112.3,42.32],[-112.29,42.32],[-112.28,42.32],[-112.27,42.32],[-112.27,42.33],[-112.26,42.34],[-112.26,42.35],[-112.25,42.35],[-112.19,42.35],[-112.19,42.34],[-112.18,42.34],[-112.18,42.33],[-112.18,42.32],[-112.17,42.32],[-112.17,42.31],[-112.16,42.31],[-112.16,42.3],[-112.15,42.29],[-112.14,42.29],[-112.14,42.3],[-112.13,42.29],[-112.12,42.28],[-112.11,42.27],[-112.1,42.27],[-112.1,42.26],[-112.09,42.26],[-112.09,42.25],[-112.08,42.25],[-112.08,42.24],[-112.07,42.24],[-112.07,42.21],[-112.07,42.19],[-112.07,42.17],[-112.08,42.17],[-112.09,42.17],[-112.1,42.17],[-112.11,42.17],[-112.11,42.15],[-112.11,42.14],[-112.11,42.13],[-112.11,42.12],[-112.11,42.08],[-112.11,42.07],[-112.11,42.04],[-112.11,42.01],[-112.11,42.0],[-112.13,42.0],[-112.15,42.0],[-112.17,42.0],[-112.19,42.0],[-112.24,42.0],[-112.28,42.0],[-112.29,42.0],[-112.36,42.0],[-112.39,42.0],[-112.45,42.0],[-112.46,42.0],[-112.51,42.0],[-112.52,42.0],[-112.6,42.0],[-112.62,42.0],[-112.63,42.0],[-112.64,42.0],[-112.65,42.0],[-112.71,42.0],[-112.75,42.0],[-112.8,42.0],[-112.85,42.0],[-112.88,42.0],[-112.89,42.0],[-112.9,42.0],[-112.91,42.0],[-112.94,42.0],[-112.98,42.0],[-113.0,42.0],[-113.0,42.32],[-113.0,42.33],[-112.93,42.33],[-112.91,42.33],[-112.9,42.33],[-112.88,42.33],[-112.87,42.33],[-112.85,42.33],[-112.78,42.33],[-112.75,42.33],[-112.73,42.33],[-112.65,42.33],[-112.65,42.42],[-112.63,42.42],[-112.61,42.42],[-112.58,42.42],[-112.5,42.42],[-112.5,42.49],[-112.5,42.5],[-112.42,42.5]]]]}},
{"type":"Feature","properties":{"ugc":"IDC073","name":"Owyhee","state":"ID","wfo":"BOI"},"geometry":{"type":"MultiPolygon","coordinates":[[[[-117.0,43.67],[-116.99,43.67],[-116.98,43.67],[-116.97,43.67],[-116.96,43.66],[-116.96,43.65],[-116.96,43.64],[-116.95,43.63],[-116.94,43.63],[-116.93,43.63],[-116.93,43.62],[-116.92,43.62],[-116.92,43.61],[-116.91,43.6],[-116.9,43.6],[-116.89,43.6],[-116.88,43.6],[-116.88,43.59],[-116.87,43.59],[-116.86,43.59],[-116.85,43.59],[-116.84,43.59],[-116.83,43.59],[-116.83,43.58],[-116.82,43.58],[-116.81,43.58],[-116.81,43.57],[-116.8,43.56],[-116.8,43.55],[-116.79,43.54],[-116.79,43.53],[-116.78,43.53],[-116.78,43.52],[-116.78,43.51],[-116.78,43.5],[-116.78,43.49],[-116.78,43.48],[-116.78,43.47],[-116.77,43.47],[-116.76,43.46],[-116.75,43.46],[-116.74,43.45],[-116.73,43.44],[-116.72,43.44],[-116.72,43.43],[-116.71,43.43],[-116.71,43.42],[-116.7,43.42],[-116.7,43.41],[-116.69,43.41],[-116.68,43.4],[-116.67,43.4],[-116.67,43.39],[-116.66,43.39],[-116.66,43.38],[-116.65,43.38],[-116.64,43.38],[-116.63,43.37],[-116.62,43.37],[-116.62,43.36],[-116.61,43.35],[-116.6,43.35],[-116.6,43.34],[-116.6,43.33],[-116.59,43.33],[-116.59,43.32],[-116.58,43.32],[-116.58,43.31],[-116.57,43.3],[-116.56,43.3],[-116.55,43.3],[-116.54,43.3],[-116.53,43.3],[-116.52,43.3],[-116.52,43.29],[-116.51,43.29],[-116.5,43.28],[-116.49,43.29],[-116.48,43.29],[-116.47,43.29],[-116.46,43.29],[-116.45,43.29],[-116.44,43.29],[-116.44,43.3],[-116.43,43.3],[-116.43,43.29],[-116.42,43.29],[-116.41,43.29],[-116.41,43.28],[-116.4,43.28],[-116.4,43.27],[-116.4,43.26],[-116.39,43.25],[-116.38,43.25],[-116.38,43.24],[-116.38,43.23],[-116.38,43.22],[-116.38,43.21],[-116.38,43.2],[-116.39,43.2],[-116.39,43.19],[-116.38,43.19],[-116.37,43.18],[-116.36,43.17],[-116.35,43.17],[-116.34,43.16],[-116.33,43.16],[-116.33,43.15],[-116.32,43.15],[-116.32,43.14],[-116.31,43.14],[-116.31,43.13],[-116.31,43.12],[-116.3,43.12],[-116.28,43.12],[-116.27,43.12],[-116.27,43.11],[-116.26,43.11],[-116.26,43.1],[-116.25,43.1],[-116.24,43.1],[-116.23,43.1],[-116.22,43.1],[-116.21,43.09],[-116.2,43.09],[-116.19,43.08],[-116.2,43.08],[-116.2,43.07],[-116.21,43.07],[-116.21,43.06],[-116.21,43.05],[-116.2,43.05],[-116.19,43.05],[-116.18,43.04],[-116.17,43.04],[-116.16,43.04],[-116.15,43.04],[-116.14,43.03],[-116.15,43.02],[-116.15,43.01],[-116.14,43.01],[-116.13,43.02],[-116.12,43.01],[-116.11,43.01],[-116.11,43.0],[-116.1,43.0],[-116.1,42.99],[-116.09,42.99],[-116.08,42.99],[-116.07,42.99],[-116.06,42.99],[-116.05,42.99],[-116.05,42.98],[-116.04,42.98],[-116.04,42.97],[-116.03,42.96],[-116.02,42.96],[-116.02,42.95],[-116.01,42.95],[-116.0,42.95],[-115.99,42.95],[-115.98,42.95],[-115.97,42.95],[-115.97,42.94],[-115.96,42.95],[-115.96,42.96],[-115.97,42.96],[-115.97,42.97],[-115.97,42.98],[-115.96,42.99],[-115.95,42.99],[-115.94,42.99],[-115.94,43.0],[-115.93,43.0],[-115.92,43.0],[-115.92,42.99],[-115.91,42.99],[-115.91,42.98],[-115.9,42.98],[-115.89,42.98],[-115.89,42.99],[-115.88,42.99],[-115.87,42.98],[-115.86,42.97],[-115.85,42.97],[-115.84,42.97],[-115.83,42.97],[-115.82,42.97],[-115.81,42.97],[-115.79,42.97],[-115.79,42.96],[-115.79,42.95],[-115.79,42.94],[-115.78,42.94],[-115.77,42.94],[-115.76,42.94],[-115.75,42.94],[-115.74,42.94],[-115.73,42.94],[-115.72,42.94],[-115.71,42.94],[-115.7,42.94],[-115.69,42.94],[-115.68,42.94],[-115.67,42.94],[-115.66,42.95],[-115.65,42.95],[-115.64,42.96],[-115.63,42.96],[-115.62,42.96],[-115.62,42.95],[-115.61,42.95],[-115.61,42.94],[-115.6,42.94],[-115.59,42.94],[-115.58,42.94],[-115.57,42.94],[-115.57,42.93],[-115.56,42.93],[-115.56,42.94],[-115.55,42.94],[-115.54,42.94],[-115.53,42.94],[-115.52,42.94],[-115.51,42.94],[-115.51,42.93],[-115.5,42.93],[-115.49,42.93],[-115.48,42.93],[-115.47,42.93],[-115.46,42.93],[-115.45,42.93],[-115.44,42.93],[-115.44,42.91],[-115.44,42.85],[-115.45,42.85],[-115.45,42.78],[-115.45,42.77],[-115.34,42.77],[-115.3,42.77],[-115.23,42.77],[-115.18,42.77],[-115.12,42.77],[-115.1,42.77],[-115.05,42.77],[-115.04,42.77],[-115.04,42.72],[-115.04,42.7],[-115.04,42.67],[-115.04,42.63],[-115.04,42.62],[-115.04,42.61],[-115.04,42.59],[-115.04,42.54],[-115.04,42.49],[-115.04,42.47],[-115.04,42.46],[-115.04,42.17],[-115.04,42.11],[-115.04,42.1],[-115.04,42.08],[-115.04,42.04],[-115.04,42.0],[-115.24,42.0],[-115.25,42.0],[-115.27,42.0],[-115.29,42.0],[-115.32,42.0],[-115.37,42.0],[-115.38,42.0],[-115.44,42.0],[-115.46,42.0],[-115.53,42.0],[-115.54,42.0],[-115.59,42.0],[-115.63,42.0],[-115.65,42.0],[-115.7,42.0],[-115.71,42.0],[-115.87,42.0],[-115.88,42.0],[-115.89,42.0],[-115.91,42.0],[-115.92,42.0],[-115.93,42.0],[-115.96,42.0],[-115.99,42.0],[-116.0,42.0],[-116.01,42.0],[-116.02,42.0],[-116.06,42.0],[-116.07,42.0],[-116.15,42.0],[-116.16,42.0],[-116.17,42.0],[-116.24,42.0],[-116.26,42.0],[-116.27,42.0],[-116.28,42.0],[-116.3,42.0],[-116.32,42.0],[-116.33,42.0],[-116.34,42.0],[-116.36,42.0],[-116.37,42.0],[-116.4,42.0],[-116.44,42.0],[-116.46,42.0],[-116.51,42.0],[-116.54,42.0],[-116.55,42.0],[-116.57,42.0],[-116.58,42.0],[-116.59,42.0],[-116.63,42.0],[-116.64,42.0],[-116.71,42.0],[-116.73,42.0],[-116.76,42.0],[-116.81,42.0],[-116.85,42.0],[-116.86,42.0],[-116.89,42.0],[-116.97,42.0],[-116.99,42.0],[-117.01,42.0],[-117.02,42.0],[-117.03,42.0],[-117.03,42.07],[-117.03,42.12],[-117.03,42.13],[-117.03,42.16],[-117.03,42.31],[-117.03,42.32],[-117.03,42.36],[-117.03,42.38],[-117.03,42.41],[-117.03,42.46],[-117.03,42.49],[-117.03,42.6],[-117.03,42.62],[-117.03,42.84],[-117.03,42.88],[-117.03,42.89],[-117.03,42.97],[-117.03,43.03],[-117.03,43.08],[-117.03,43.12],[-117.03,43.13],[-117.03,43.14],[-117.03,43.15],[-117.03,43.2],[-117.03,43.32],[-117.03,43.52],[-117.03,43.55],[-117.03,43.56],[-117.03,43.57],[-117.03,43.58],[-117.03,43.61],[-117.03,43.62],[-117.03,43.63],[-117.03,43.67],[-117.03,43.68],[-117.02,43.68],[-117.01,43.67],[-117.0,43.67]]]]}},
{"type":"Feature","properties":{"ugc":"IDC075","name":"Payette","state":"ID","wfo":"BOI"},"geometry":{"type":"MultiPolygon","coordinates":[[[[-116.89,44.15],[-116.88,44.15],[-116.85,44.15],[-116.74,44.15],[-116.62,44.15],[-116.45,44.15],[-116.45,44.1],[-116.45,44.07],[-116.51,44.07],[-116.53,44.07],[-116.53,44.05],[-116.53,44.01],[-116.55,44.01],[-116.57,44.01],[-116.57,43.98],[-116.63,43.98],[-116.66,43.98],[-116.7,43.98],[-116.71,43.98],[-116.71,43.96],[-116.71,43.89],[-116.71,43.88],[-116.71,43.87],[-116.71,43.85],[-116.71,43.83],[-116.71,43.81],[-116.75,43.81],[-116.75,43.8],[-116.79,43.8],[-116.79,43.79],[-116.83,43.79],[-116.85,43.79],[-116.85,43.8],[-116.85,43.81],[-116.87,43.81],[-116.88,43.81],[-116.89,43.81],[-116.89,43.82],[-116.91,43.82],[-116.91,43.83],[-116.91,43.84],[-116.94,43.84],[-116.95,43.84],[-116.95,43.87],[-116.95,43.88],[-116.98,43.88],[-116.98,43.89],[-116.98,43.9],[-116.98,43.91],[-116.97,43.92],[-116.96,43.92],[-116.96,43.93],[-116.97,43.93],[-116.97,43.94],[-116.96,43.94],[-116.96,43.95],[-116.96,43.96],[-116.97,43.96],[-116.98,43.96],[-116.97,43.97],[-116.96,43.97],[-116.96,43.98],[-116.95,43.98],[-116.94,43.98],[-116.94,43.99],[-116.94,44.0],[-116.94,44.01],[-116.94,44.02],[-116.93,44.02],[-116.94,44.03],[-116.94,44.04],[-116.95,44.04],[-116.96,44.05],[-116.97,44.05],[-116.97,44.06],[-116.98,44.06],[-116.98,44.07],[-116.98,44.08],[-116.98,44.09],[-116.97,44.09],[-116.96,44.09],[-116.94,44.09],[-116.94,44.1],[-116.93,44.1],[-116.93,44.11],[-116.93,44.12],[-116.92,44.12],[-116.92,44.13],[-116.91,44.13],[-116.91,44.14],[-116.9,44.15],[-116.89,44.15]]]]}},
{"type":"Feature","properties":{"ugc":"IDC077","name":"Power","state":"ID","wfo":"PIH"},"geometry":{"type":"MultiPolygon","coordinates":[[[[-113.24,43.11],[-113.13,43.11],[-113.09,43.11],[-113.01,43.11],[-113.01,43.06],[-113.01,43.05],[-113.01,43.04],[-113.01,43.01],[-113.01,43.0],[-113.01,42.95],[-113.01,42.94],[-113.01,42.93],[-113.01,42.91],[-113.01,42.88],[-113.01,42.87],[-113.01,42.86],[-112.89,42.86],[-112.84,42.86],[-112.82,42.86],[-112.82,42.87],[-112.81,42.87],[-112.81,42.88],[-112.8,42.88],[-112.79,42.88],[-112.79,42.89],[-112.78,42.89],[-112.78,42.9],[-112.78,42.91],[-112.78,42.92],[-112.77,42.92],[-112.76,42.92],[-112.76,42.93],[-112.77,42.93],[-112.76,42.94],[-112.76,42.95],[-112.75,42.95],[-112.74,42.95],[-112.74,42.94],[-112.73,42.94],[-112.74,42.93],[-112.74,42.92],[-112.75,42.92],[-112.75,42.91],[-112.74,42.91],[-112.73,42.91],[-112.73,42.92],[-112.72,42.92],[-112.71,42.92],[-112.7,42.93],[-112.7,42.94],[-112.69,42.94],[-112.68,42.94],[-112.67,42.94],[-112.66,42.94],[-112.65,42.94],[-112.64,42.94],[-112.63,42.95],[-112.62,42.95],[-112.62,42.96],[-112.61,42.96],[-112.6,42.96],[-112.6,42.97],[-112.59,42.97],[-112.58,42.97],[-112.57,42.96],[-112.56,42.96],[-112.55,42.96],[-112.55,42.95],[-112.54,42.94],[-112.55,42.94],[-112.54,42.93],[-112.53,42.93],[-112.53,42.92],[-112.52,42.92],[-112.52,42.91],[-112.52,42.9],[-112.52,42.89],[-112.52,42.85],[-112.52,42.83],[-112.52,42.8],[-112.52,42.79],[-112.5,42.79],[-112.5,42.76],[-112.5,42.73],[-112.46,42.73],[-112.46,42.7],[-112.44,42.7],[-112.44,42.68],[-112.42,42.68],[-112.42,42.65],[-112.39,42.65],[-112.38,42.65],[-112.38,42.62],[-112.39,42.62],[-112.39,42.6],[-112.39,42.59],[-112.39,42.57],[-112.41,42.57],[-112.42,42.57],[-112.42,42.56],[-112.42,42.5],[-112.5,42.5],[-112.5,42.49],[-112.5,42.42],[-112.58,42.42],[-112.61,42.42],[-112.63,42.42],[-112.65,42.42],[-112.65,42.33],[-112.73,42.33],[-112.75,42.33],[-112.78,42.33],[-112.85,42.33],[-112.87,42.33],[-112.88,42.33],[-112.9,42.33],[-112.91,42.33],[-112.93,42.33],[-113.0,42.33],[-113.0,42.4],[-113.0,42.5],[-113.0,42.53],[-113.0,42.54],[-113.0,42.59],[-113.03,42.59],[-113.1,42.59],[-113.12,42.59],[-113.13,42.59],[-113.15,42.59],[-113.17,42.59],[-113.18,42.59],[-113.18,42.63],[-113.19,42.63],[-113.2,42.63],[-113.21,42.63],[-113.22,42.63],[-113.24,42.63],[-113.24,42.68],[-113.18,42.68],[-113.18,42.71],[-113.18,42.76],[-113.24,42.76],[-113.24,42.85],[-113.24,43.0],[-113.24,43.1],[-113.24,43.11]]]]}},
{"type":"Feature","properties":{"ugc":"IDC079","name":"Shoshone","state":"ID","wfo":"OTX"},"geometry":{"type":"MultiPolygon","coordinates":[[[[-116.23,48.06],[-116.22,48.06],[-116.22,48.05],[-116.21,48.05],[-116.21,48.04],[-116.2,48.04],[-116.19,48.04],[-116.18,48.03],[-116.17,48.03],[-116.16,48.02],[-116.15,48.02],[-116.14,48.02],[-116.14,48.03],[-116.13,48.03],[-116.12,48.03],[-116.11,48.03],[-116.1,48.02],[-116.1,48.01],[-116.09,48.0],[-116.08,48.0],[-116.07,48.0],[-116.06,47.99],[-116.06,47.98],[-116.05,47.98],[-116.04,47.97],[-116.03,47.97],[-116.02,47.97],[-116.02,47.96],[-116.01,47.96],[-116.01,47.95],[-116.01,47.94],[-116.0,47.94],[-115.99,47.93],[-115.99,47.92],[-115.98,47.92],[-115.98,47.91],[-115.97,47.91],[-115.97,47.9],[-115.96,47.9],[-115.95,47.89],[-115.94,47.88],[-115.94,47.87],[-115.93,47.87],[-115.92,47.86],[-115.92,47.85],[-115.91,47.85],[-115.9,47.84],[-115.89,47.85],[-115.88,47.85],[-115.88,47.84],[-115.87,47.84],[-115.87,47.83],[-115.86,47.83],[-115.85,47.83],[-115.85,47.82],[-115.85,47.81],[-115.85,47.8],[-115.85,47.79],[-115.85,47.78],[-115.84,47.78],[-115.84,47.77],[-115.84,47.76],[-115.83,47.76],[-115.83,47.75],[-115.82,47.75],[-115.82,47.76],[-115.81,47.76],[-115.8,47.76],[-115.79,47.75],[-115.78,47.75],[-115.78,47.74],[-115.78,47.73],[-115.78,47.72],[-115.77,47.72],[-115.76,47.72],[-115.75,47.72],[-115.75,47.71],[-115.74,47.71],[-115.73,47.71],[-115.73,47.7],[-115.72,47.7],[-115.72,47.69],[-115.73,47.69],[-115.73,47.68],[-115.73,47.67],[-115.73,47.66],[-115.74,47.66],[-115.74,47.65],[-115.73,47.65],[-115.73,47.64],[-115.72,47.64],[-115.71,47.64],[-115.71,47.63],[-115.7,47.63],[-115.69,47.62],[-115.7,47.61],[-115.7,47.6],[-115.69,47.6],[-115.69,47.59],[-115.7,47.59],[-115.71,47.58],[-115.72,47.58],[-115.72,47.57],[-115.73,47.57],[-115.74,47.56],[-115.75,47.56],[-115.75,47.55],[-115.76,47.55],[-115.75,47.54],[-115.74,47.54],[-115.73,47.54],[-115.72,47.53],[-115.71,47.53],[-115.71,47.54],[-115.7,47.53],[-115.71,47.52],[-115.71,47.51],[-115.7,47.51],[-115.7,47.5],[-115.69,47.5],[-115.69,47.49],[-115.68,47.48],[-115.68,47.49],[-115.67,47.49],[-115.66,47.48],[-115.65,47.48],[-115.64,47.48],[-115.63,47.48],[-115.63,47.47],[-115.64,47.47],[-115.64,47.46],[-115.65,47.46],[-115.66,47.45],[-115.67,47.45],[-115.68,47.46],[-115.69,47.46],[-115.7,47.46],[-115.7,47.45],[-115.71,47.45],[-115.72,47.45],[-115.73,47.45],[-115.73,47.44],[-115.74,47.44],[-115.75,47.44],[-115.75,47.43],[-115.76,47.43],[-115.76,47.42],[-115.75,47.42],[-115.74,47.42],[-115.74,47.43],[-115.73,47.43],[-115.73,47.42],[-115.72,47.43],[-115.72,47.42],[-115.71,47.42],[-115.7,47.42],[-115.69,47.41],[-115.68,47.41],[-115.68,47.4],[-115.67,47.4],[-115.66,47.4],[-115.65,47.39],[-115.65,47.38],[-115.64,47.38],[-115.63,47.38],[-115.62,47.38],[-115.61,47.38],[-115.6,47.38],[-115.6,47.37],[-115.59,47.37],[-115.58,47.37],[-115.58,47.36],[-115.57,47.36],[-115.57,47.35],[-115.56,47.35],[-115.55,47.35],[-115.55,47.34],[-115.55,47.33],[-115.54,47.33],[-115.54,47.32],[-115.53,47.32],[-115.53,47.31],[-115.53,47.3],[-115.52,47.3],[-115.51,47.3],[-115.51,47.29],[-115.5,47.29],[-115.49,47.29],[-115.48,47.28],[-115.47,47.28],[-115.47,47.29],[-115.46,47.29],[-115.46,47.28],[-115.45,47.28],[-115.44,47.28],[-115.43,47.28],[-115.42,47.28],[-115.42,47.27],[-115.41,47.27],[-115.41,47.26],[-115.4,47.26],[-115.39,47.27],[-115.38,47.27],[-115.37,47.26],[-115.36,47.26],[-115.35,47.26],[-115.34,47.26],[-115.33,47.26],[-115.32,47.26],[-115.32,47.25],[-115.32,47.24],[-115.32,47.23],[-115.31,47.23],[-115.3,47.23],[-115.3,47.22],[-115.29,47.22],[-115.29,47.21],[-115.3,47.21],[-115.3,47.2],[-115.3,47.19],[-115.29,47.19],[-115.29,47.18],[-115.28,47.18],[-115.27,47.18],[-115.26,47.18],[-115.26,47.17],[-115.26,47.16],[-115.25,47.16],[-115.25,47.15],[-115.24,47.15],[-115.23,47.15],[-115.22,47.15],[-115.21,47.14],[-115.2,47.14],[-115.19,47.13],[-115.18,47.12],[-115.17,47.11],[-115.16,47.1],[-115.15,47.1],[-115.14,47.1],[-115.14,47.09],[-115.14,47.08],[-115.13,47.08],[-115.13,47.07],[-115.12,47.07],[-115.12,47.06],[-115.11,47.05],[-115.1,47.05],[-115.09,47.05],[-115.09,47.04],[-115.08,47.04],[-115.08,47.03],[-115.07,47.03],[-115.07,47.02],[-115.07,47.01],[-115.07,47.0],[-115.06,46.99],[-115.06,46.98],[-115.05,46.98],[-115.05,46.97],[-115.03,46.97],[-115.03,46.98],[-115.01,46.97],[-115.0,46.97],[-114.99,46.96],[-114.99,46.95],[-114.98,46.95],[-114.97,46.94],[-114.96,46.94],[-114.96,46.93],[-115.0,46.93],[-115.06,46.93],[-115.13,46.93],[-115.25,46.93],[-115.45,46.93],[-115.61,46.93],[-115.63,46.93],[-115.64,46.93],[-115.66,46.93],[-115.75,46.93],[-115.82,46.93],[-115.83,46.93],[-115.99,46.93],[-116.04,46.93],[-116.08,46.93],[-116.13,46.93],[-116.18,46.93],[-116.29,46.93],[-116.32,46.93],[-116.33,46.94],[-116.33,47.0],[-116.33,47.01],[-116.33,47.02],[-116.33,47.03],[-116.33,47.05],[-116.33,47.07],[-116.33,47.1],[-116.33,47.11],[-116.33,47.12],[-116.33,47.24],[-116.33,47.25],[-116.33,47.29],[-116.33,47.32],[-116.33,47.36],[-116.33,47.4],[-116.33,47.41],[-116.33,47.45],[-116.33,47.48],[-116.33,47.5],[-116.32,47.53],[-116.32,47.55],[-116.32,47.56],[-116.32,47.59],[-116.32,47.6],[-116.32,47.63],[-116.32,47.69],[-116.32,47.71],[-116.32,47.72],[-116.32,47.73],[-116.32,47.74],[-116.32,47.75],[-116.32,47.76],[-116.32,47.79],[-116.32,47.8],[-116.32,47.87],[-116.32,47.88],[-116.32,47.89],[-116.32,47.98],[-116.33,47.99],[-116.33,48.0],[-116.33,48.02],[-116.32,48.02],[-116.32,48.03],[-116.31,48.03],[-116.31,48.04],[-116.3,48.04],[-116.29,48.04],[-116.29,48.05],[-116.28,48.06],[-116.27,48.06],[-116.26,48.06],[-116.25,48.06],[-116.25,48.07],[-116.24,48.07],[-116.23,48.07],[-116.23,48.06]]]]}},
{"type":"Feature","properties":{"ugc":"IDC081","name":"Teton","state":"ID","wfo":"PIH"},"geometry":{"type":"MultiPolygon","coordinates":[[[[-111.17,43.54],[-111.18,43.54],[-111.19,43.54],[-111.2,43.54],[-111.21,43.54],[-111.21,43.55],[-111.21,43.56],[-111.22,43.56],[-111.22,43.57],[-111.22,43.58],[-111.22,43.59],[-111.23,43.59],[-111.22,43.6],[-111.23,43.6],[-111.23,43.61],[-111.24,43.61],[-111.24,43.62],[-111.25,43.62],[-111.4,43.62],[-111.4,43.73],[-111.4,43.76],[-111.4,43.79],[-111.4,43.8],[-111.4,43.85],[-111.4,43.88],[-111.4,43.89],[-111.4,43.91],[-111.4,43.92],[-111.4,43.93],[-111.39,43.93],[-111.38,43.93],[-111.37,43.93],[-111.37,43.94],[-111.36,43.94],[-111.35,43.95],[-111.35,43.94],[-111.34,43.94],[-111.33,43.94],[-111.33,43.93],[-111.33,43.92],[-111.32,43.92],[-111.31,43.92],[-111.3,43.92],[-111.29,43.92],[-111.29,43.93],[-111.28,43.93],[-111.27,43.94],[-111.26,43.94],[-111.25,43.94],[-111.24,43.94],[-111.24,43.95],[-111.23,43.95],[-111.22,43.94],[-111.21,43.94],[-111.2,43.94],[-111.2,43.93],[-111.19,43.93],[-111.18,43.93],[-111.18,43.94],[-111.17,43.94],[-111.16,43.94],[-111.16,43.95],[-111.15,43.95],[-111.14,43.95],[-111.14,43.96],[-111.13,43.96],[-111.12,43.96],[-111.12,43.97],[-111.11,43.97],[-111.1,43.97],[-111.09,43.97],[-111.08,43.97],[-111.08,43.98],[-111.07,43.98],[-111.06,43.98],[-111.05,43.98],[-111.05,43.91],[-111.05,43.88],[-111.05,43.85],[-111.05,43.8],[-111.05,43.78],[-111.05,43.77],[-111.05,43.72],[-111.05,43.7],[-111.05,43.69],[-111.05,43.68],[-111.05,43.63],[-111.05,43.51],[-111.06,43.51],[-111.06,43.52],[-111.07,43.52],[-111.07,43.53],[-111.08,43.52],[-111.09,43.52],[-111.1,43.52],[-111.11,43.53],[-111.12,43.53],[-111.13,43.53],[-111.13,43.54],[-111.14,43.54],[-111.14,43.55],[-111.15,43.54],[-111.16,43.54],[-111.17,43.54]]]]}},
{"type":"Feature","properties":{"ugc":"IDC083","name":"Twin Falls","state":"ID","wfo":"BOI"},"geometry":{"type":"MultiPolygon","coordinates":[[[[-114.99,42.92],[-114.98,42.91],[-114.97,42.92],[-114.96,42.92],[-114.96,42.91],[-114.95,42.9],[-114.94,42.9],[-114.94,42.89],[-114.93,42.88],[-114.92,42.88],[-114.92,42.87],[-114.91,42.87],[-114.91,42.86],[-114.9,42.86],[-114.9,42.85],[-114.91,42.84],[-114.91,42.83],[-114.92,42.83],[-114.93,42.82],[-114.94,42.81],[-114.93,42.81],[-114.93,42.8],[-114.94,42.8],[-114.94,42.79],[-114.94,42.78],[-114.94,42.77],[-114.93,42.77],[-114.92,42.77],[-114.91,42.77],[-114.9,42.77],[-114.89,42.76],[-114.88,42.76],[-114.87,42.76],[-114.86,42.76],[-114.85,42.75],[-114.85,42.74],[-114.84,42.74],[-114.84,42.73],[-114.85,42.72],[-114.85,42.71],[-114.84,42.71],[-114.83,42.71],[-114.82,42.7],[-114.82,42.69],[-114.83,42.69],[-114.82,42.68],[-114.82,42.67],[-114.81,42.67],[-114.81,42.66],[-114.8,42.67],[-114.79,42.67],[-114.78,42.67],[-114.78,42.66],[-114.77,42.67],[-114.76,42.67],[-114.75,42.67],[-114.74,42.67],[-114.73,42.67],[-114.72,42.67],[-114.71,42.67],[-114.7,42.67],[-114.7,42.66],[-114.69,42.66],[-114.68,42.66],[-114.67,42.66],[-114.66,42.66],[-114.65,42.66],[-114.64,42.66],[-114.63,42.65],[-114.62,42.65],[-114.61,42.65],[-114.61,42.64],[-114.6,42.64],[-114.59,42.64],[-114.58,42.64],[-114.57,42.64],[-114.56,42.64],[-114.56,42.63],[-114.55,42.64],[-114.54,42.63],[-114.52,42.63],[-114.51,42.63],[-114.51,42.62],[-114.5,42.62],[-114.49,42.61],[-114.48,42.61],[-114.47,42.61],[-114.47,42.6],[-114.46,42.6],[-114.45,42.6],[-114.44,42.6],[-114.43,42.6],[-114.42,42.6],[-114.41,42.6],[-114.4,42.6],[-114.39,42.6],[-114.38,42.6],[-114.37,42.6],[-114.37,42.59],[-114.36,42.59],[-114.35,42.59],[-114.34,42.58],[-114.34,42.57],[-114.33,42.57],[-114.32,42.57],[-114.31,42.57],[-114.3,42.57],[-114.29,42.57],[-114.29,42.56],[-114.28,42.56],[-114.27,42.56],[-114.26,42.56],[-114.25,42.56],[-114.24,42.56],[-114.23,42.55],[-114.22,42.55],[-114.21,42.55],[-114.2,42.54],[-114.18,42.53],[-114.17,42.52],[-114.17,42.51],[-114.16,42.51],[-114.16,42.5],[-114.15,42.5],[-114.14,42.5],[-114.13,42.5],[-114.12,42.5],[-114.11,42.51],[-114.1,42.51],[-114.09,42.51],[-114.08,42.51],[-114.08,42.52],[-114.07,42.52],[-114.06,42.52],[-114.07,42.51],[-114.07,42.5],[-114.07,42.45],[-114.07,42.44],[-114.07,42.42],[-114.13,42.42],[-114.29,42.42],[-114.29,42.37],[-114.29,42.35],[-114.29,42.33],[-114.28,42.33],[-114.28,42.3],[-114.28,42.27],[-114.28,42.25],[-114.28,42.21],[-114.28,42.2],[-114.28,42.15],[-114.28,42.12],[-114.28,42.11],[-114.28,42.01],[-114.28,42.0],[-114.28,41.99],[-114.3,41.99],[-114.33,41.99],[-114.37,41.99],[-114.47,42.0],[-114.5,41.99],[-114.54,41.99],[-114.57,41.99],[-114.6,41.99],[-114.63,42.0],[-114.72,42.0],[-114.76,42.0],[-114.81,42.0],[-114.83,42.0],[-114.86,42.0],[-114.88,42.0],[-114.9,42.0],[-114.92,42.0],[-115.03,42.0],[-115.04,42.0],[-115.04,42.04],[-115.04,42.08],[-115.04,42.1],[-115.04,42.11],[-115.04,42.17],[-115.04,42.46],[-115.04,42.47],[-115.04,42.49],[-115.04,42.54],[-115.04,42.59],[-115.04,42.61],[-115.04,42.62],[-115.04,42.63],[-115.04,42.67],[-115.04,42.7],[-115.04,42.72],[-115.04,42.77],[-115.04,42.85],[-115.04,42.89],[-115.04,42.9],[-115.04,42.91],[-115.03,42.91],[-115.03,42.92],[-115.02,42.92],[-115.01,42.92],[-115.0,42.92],[-114.99,42.92]]],[[[-114.06,42.52],[-114.05,42.53],[-114.04,42.53],[-114.03,42.53],[-114.03,42.52],[-114.04,42.52],[-114.06,42.52]]],[[[-114.03,42.52],[-114.02,42.53],[-114.01,42.53],[-114.0,42.53],[-114.0,42.52],[-114.02,42.52],[-114.03,42.52]]]]}},
{"type":"Feature","properties":{"ugc":"IDC085","name":"Valley","state":"ID","wfo":"BOI"},"geometry":{"type":"MultiPolygon","coordinates":[[[[-116.17,44.57],[-116.17,44.58],[-116.18,44.58],[-116.18,44.59],[-116.18,44.6],[-116.18,44.61],[-116.17,44.61],[-116.17,44.62],[-116.17,44.63],[-116.17,44.64],[-116.18,44.65],[-116.17,44.66],[-116.17,44.67],[-116.16,44.67],[-116.16,44.68],[-116.16,44.69],[-116.16,44.7],[-116.16,44.71],[-116.17,44.71],[-116.17,44.72],[-116.18,44.72],[-116.18,44.73],[-116.18,44.74],[-116.18,44.75],[-116.19,44.75],[-116.19,44.76],[-116.2,44.76],[-116.2,44.77],[-116.21,44.77],[-116.21,44.78],[-116.21,44.79],[-116.2,44.79],[-116.2,44.8],[-116.2,44.81],[-116.2,44.82],[-116.2,44.83],[-116.2,44.84],[-116.2,44.85],[-116.2,44.86],[-116.19,44.86],[-116.19,44.87],[-116.19,44.88],[-116.19,44.89],[-116.18,44.89],[-116.17,44.89],[-116.17,44.9],[-116.16,44.9],[-116.16,44.91],[-116.16,44.92],[-116.16,44.93],[-116.16,44.94],[-116.15,44.94],[-116.14,44.94],[-116.13,44.94],[-116.13,44.95],[-116.12,44.95],[-116.12,44.96],[-116.12,44.97],[-116.11,44.97],[-116.11,44.98],[-116.12,44.98],[-116.12,44.99],[-116.13,44.99],[-116.13,45.0],[-116.13,45.01],[-116.13,45.02],[-116.12,45.02],[-116.11,45.02],[-116.11,45.03],[-116.1,45.03],[-116.1,45.04],[-116.1,45.05],[-116.09,45.06],[-116.09,45.07],[-116.1,45.07],[-116.11,45.07],[-116.12,45.08],[-116.13,45.08],[-116.14,45.08],[-116.14,45.09],[-116.14,45.1],[-116.14,45.11],[-116.14,45.12],[-116.14,45.13],[-116.14,45.14],[-116.13,45.14],[-116.13,45.15],[-116.12,45.16],[-116.11,45.16],[-116.1,45.16],[-116.1,45.15],[-116.09,45.16],[-116.08,45.15],[-116.08,45.16],[-116.07,45.16],[-116.06,45.17],[-116.05,45.17],[-116.04,45.18],[-116.03,45.18],[-116.02,45.18],[-116.02,45.19],[-116.01,45.19],[-116.01,45.2],[-116.0,45.2],[-115.99,45.2],[-115.99,45.21],[-115.98,45.22],[-115.97,45.22],[-115.97,45.21],[-115.97,45.2],[-115.9,45.2],[-115.89,45.2],[-115.82,45.2],[-115.75,45.2],[-115.63,45.2],[-115.61,45.2],[-115.42,45.2],[-115.38,45.2],[-115.37,45.2],[-115.35,45.2],[-115.31,45.2],[-115.21,45.2],[-115.18,45.2],[-115.15,45.2],[-115.13,45.2],[-114.99,45.2],[-114.93,45.2],[-114.75,45.2],[-114.72,45.2],[-114.69,45.2],[-114.7,45.19],[-114.71,45.19],[-114.72,45.19],[-114.72,45.18],[-114.72,45.17],[-114.72,45.16],[-114.73,45.16],[-114.73,45.15],[-114.73,45.14],[-114.73,45.13],[-114.72,45.12],[-114.73,45.11],[-114.73,45.1],[-114.73,45.09],[-114.72,45.09],[-114.72,45.08],[-114.73,45.08],[-114.73,45.07],[-114.73,45.06],[-114.72,45.06],[-114.72,45.05],[-114.73,45.05],[-114.73,45.04],[-114.72,45.03],[-114.73,45.03],[-114.73,45.02],[-114.73,45.01],[-114.72,45.01],[-114.72,45.0],[-114.73,45.0],[-114.73,44.99],[-114.73,44.98],[-114.74,44.97],[-114.73,44.97],[-114.73,44.96],[-114.73,44.95],[-114.73,44.94],[-114.72,44.94],[-114.72,44.93],[-114.73,44.93],[-114.74,44.92],[-114.73,44.92],[-114.73,44.91],[-114.73,44.9],[-114.73,44.89],[-114.73,44.88],[-114.74,44.88],[-114.75,44.88],[-114.75,44.87],[-114.76,44.87],[-114.76,44.88],[-114.77,44.87],[-114.77,44.86],[-114.76,44.86],[-114.76,44.85],[-114.77,44.85],[-114.77,44.84],[-114.78,44.84],[-114.79,44.83],[-114.8,44.83],[-114.8,44.82],[-114.81,44.82],[-114.81,44.81],[-114.82,44.81],[-114.82,44.8],[-114.83,44.8],[-114.84,44.8],[-114.84,44.79],[-114.85,44.79],[-114.85,44.78],[-114.86,44.78],[-114.87,44.78],[-114.88,44.78],[-114.88,44.77],[-114.89,44.77],[-114.9,44.76],[-114.91,44.76],[-114.91,44.75],[-114.92,44.74],[-114.93,44.73],[-114.94,44.73],[-114.94,44.72],[-114.95,44.72],[-114.96,44.72],[-114.97,44.72],[-114.97,44.73],[-114.98,44.73],[-114.99,44.73],[-115.0,44.73],[-115.0,44.72],[-115.01,44.72],[-115.02,44.72],[-115.02,44.73],[-115.01,44.74],[-115.02,44.74],[-115.03,44.74],[-115.04,44.75],[-115.05,44.75],[-115.06,44.76],[-115.07,44.76],[-115.07,44.77],[-115.08,44.77],[-115.09,44.77],[-115.1,44.77],[-115.1,44.76],[-115.11,44.76],[-115.12,44.76],[-115.12,44.75],[-115.13,44.75],[-115.14,44.74],[-115.14,44.73],[-115.15,44.73],[-115.15,44.72],[-115.14,44.72],[-115.14,44.71],[-115.15,44.71],[-115.15,44.7],[-115.15,44.69],[-115.15,44.68],[-115.15,44.67],[-115.16,44.67],[-115.16,44.66],[-115.17,44.66],[-115.17,44.65],[-115.18,44.65],[-115.18,44.64],[-115.19,44.64],[-115.19,44.63],[-115.2,44.63],[-115.21,44.63],[-115.22,44.63],[-115.23,44.63],[-115.23,44.62],[-115.24,44.62],[-115.25,44.62],[-115.26,44.62],[-115.26,44.61],[-115.27,44.61],[-115.28,44.61],[-115.28,44.6],[-115.29,44.6],[-115.29,44.59],[-115.3,44.59],[-115.3,44.58],[-115.3,44.57],[-115.3,44.56],[-115.3,44.55],[-115.29,44.55],[-115.29,44.54],[-115.29,44.53],[-115.28,44.53],[-115.28,44.52],[-115.27,44.52],[-115.26,44.52],[-115.25,44.52],[-115.24,44.51],[-115.24,44.5],[-115.23,44.5],[-115.23,44.49],[-115.23,44.48],[-115.23,44.47],[-115.22,44.46],[-115.23,44.46],[-115.23,44.45],[-115.23,44.44],[-115.23,44.43],[-115.23,44.42],[-115.23,44.41],[-115.24,44.41],[-115.24,44.4],[-115.25,44.4],[-115.25,44.39],[-115.25,44.38],[-115.26,44.38],[-115.26,44.37],[-115.27,44.36],[-115.28,44.36],[-115.29,44.35],[-115.29,44.34],[-115.3,44.34],[-115.31,44.34],[-115.31,44.35],[-115.32,44.35],[-115.33,44.35],[-115.34,44.35],[-115.35,44.35],[-115.36,44.35],[-115.36,44.34],[-115.35,44.34],[-115.35,44.33],[-115.35,44.32],[-115.35,44.31],[-115.35,44.3],[-115.36,44.3],[-115.37,44.3],[-115.38,44.3],[-115.38,44.29],[-115.39,44.29],[-115.39,44.28],[-115.39,44.27],[-115.4,44.27],[-115.4,44.26],[-115.41,44.26],[-115.41,44.27],[-115.42,44.27],[-115.43,44.27],[-115.43,44.26],[-115.44,44.26],[-115.44,44.25],[-115.45,44.25],[-115.46,44.24],[-115.47,44.24],[-115.48,44.24],[-115.49,44.24],[-115.49,44.23],[-115.5,44.23],[-115.5,44.24],[-115.51,44.24],[-115.52,44.24],[-115.55,44.24],[-115.57,44.24],[-115.63,44.24],[-115.74,44.24],[-115.75,44.24],[-115.85,44.24],[-115.88,44.24],[-115.9,44.24],[-116.0,44.24],[-116.03,44.24],[-116.04,44.24],[-116.1,44.24],[-116.1,44.23],[-116.11,44.22],[-116.11,44.21],[-116.11,44.2],[-116.11,44.19],[-116.12,44.18],[-116.12,44.17],[-116.12,44.16],[-116.11,44.15],[-116.13,44.15],[-116.16,44.15],[-116.21,44.15],[-116.21,44.16],[-116.21,44.19],[-116.21,44.2],[-116.21,44.21],[-116.21,44.23],[-116.21,44.25],[-116.21,44.28],[-116.21,44.31],[-116.21,44.32],[-116.19,44.32],[-116.15,44.32],[-116.15,44.33],[-116.15,44.34],[-116.15,44.37],[-116.15,44.5],[-116.16,44.5],[-116.16,44.51],[-116.16,44.52],[-116.16,44.53],[-116.16,44.54],[-116.17,44.54],[-116.17,44.55],[-116.17,44.56],[-116.18,44.56],[-116.17,44.57]]]]}},
{"type":"Feature","properties":{"ugc":"IDC087","name":"Washington","state":"ID","wfo":"BOI"},"geometry":{"type":"MultiPolygon","coordinates":[[[[-116.84,44.84],[-116.66,44.84],[-116.62,44.84],[-116.62,44.75],[-116.62,44.73],[-116.62,44.71],[-116.62,44.69],[-116.62,44.67],[-116.62,44.66],[-116.61,44.65],[-116.6,44.64],[-116.6,44.63],[-116.6,44.61],[-116.53,44.61],[-116.53,44.58],[-116.53,44.56],[-116.53,44.54],[-116.53,44.51],[-116.53,44.5],[-116.53,44.49],[-116.5,44.48],[-116.45,44.46],[-116.43,44.45],[-116.41,44.44],[-116.39,44.44],[-116.31,44.44],[-116.3,44.44],[-116.31,44.43],[-116.31,44.42],[-116.32,44.42],[-116.32,44.41],[-116.32,44.4],[-116.32,44.39],[-116.32,44.38],[-116.33,44.38],[-116.33,44.37],[-116.34,44.36],[-116.33,44.36],[-116.33,44.35],[-116.34,44.34],[-116.34,44.33],[-116.35,44.32],[-116.34,44.32],[-116.34,44.31],[-116.34,44.3],[-116.35,44.29],[-116.34,44.29],[-116.34,44.28],[-116.34,44.27],[-116.34,44.26],[-116.35,44.25],[-116.35,44.24],[-116.35,44.23],[-116.34,44.23],[-116.35,44.22],[-116.34,44.22],[-116.35,44.21],[-116.36,44.21],[-116.36,44.2],[-116.35,44.19],[-116.36,44.18],[-116.35,44.18],[-116.35,44.17],[-116.36,44.16],[-116.36,44.15],[-116.38,44.15],[-116.45,44.15],[-116.62,44.15],[-116.74,44.15],[-116.85,44.15],[-116.88,44.15],[-116.89,44.15],[-116.9,44.15],[-116.9,44.16],[-116.89,44.16],[-116.89,44.17],[-116.9,44.17],[-116.9,44.18],[-116.91,44.18],[-116.92,44.19],[-116.93,44.19],[-116.94,44.19],[-116.95,44.19],[-116.96,44.19],[-116.97,44.19],[-116.97,44.2],[-116.97,44.21],[-116.97,44.22],[-116.97,44.23],[-116.97,44.24],[-116.98,44.24],[-116.99,44.25],[-117.0,44.25],[-117.01,44.25],[-117.02,44.25],[-117.03,44.25],[-117.04,44.25],[-117.04,44.24],[-117.05,44.23],[-117.06,44.23],[-117.06,44.24],[-117.07,44.24],[-117.07,44.25],[-117.08,44.25],[-117.09,44.26],[-117.09,44.27],[-117.1,44.27],[-117.1,44.28],[-117.11,44.28],[-117.12,44.28],[-117.13,44.27],[-117.13,44.26],[-117.14,44.26],[-117.15,44.26],[-117.16,44.26],[-117.17,44.26],[-117.18,44.26],[-117.18,44.27],[-117.19,44.27],[-117.2,44.27],[-117.2,44.28],[-117.21,44.28],[-117.22,44.29],[-117.22,44.3],[-117.22,44.31],[-117.21,44.31],[-117.2,44.31],[-117.2,44.32],[-117.2,44.33],[-117.19,44.33],[-117.19,44.34],[-117.2,44.35],[-117.21,44.35],[-117.21,44.36],[-117.22,44.36],[-117.22,44.37],[-117.23,44.37],[-117.24,44.37],[-117.24,44.38],[-117.24,44.39],[-117.24,44.4],[-117.23,44.4],[-117.23,44.41],[-117.22,44.41],[-117.22,44.42],[-117.22,44.43],[-117.22,44.44],[-117.22,44.45],[-117.21,44.45],[-117.22,44.46],[-117.22,44.47],[-117.23,44.48],[-117.22,44.48],[-117.22,44.49],[-117.21,44.49],[-117.2,44.49],[-117.2,44.5],[-117.19,44.5],[-117.19,44.51],[-117.19,44.52],[-117.18,44.52],[-117.17,44.52],[-117.16,44.53],[-117.15,44.53],[-117.15,44.54],[-117.14,44.55],[-117.14,44.56],[-117.15,44.56],[-117.15,44.57],[-117.14,44.57],[-117.13,44.58],[-117.12,44.59],[-117.13,44.59],[-117.12,44.6],[-117.12,44.61],[-117.12,44.62],[-117.11,44.62],[-117.11,44.63],[-117.1,44.64],[-117.1,44.65],[-117.09,44.65],[-117.1,44.66],[-117.09,44.67],[-117.08,44.67],[-117.08,44.68],[-117.08,44.69],[-117.07,44.7],[-117.06,44.7],[-117.06,44.71],[-117.06,44.72],[-117.06,44.73],[-117.05,44.73],[-117.05,44.74],[-117.04,44.75],[-117.03,44.75],[-117.02,44.75],[-117.01,44.76],[-117.0,44.76],[-116.99,44.76],[-116.97,44.77],[-116.97,44.78],[-116.96,44.78],[-116.95,44.78],[-116.94,44.78],[-116.93,44.79],[-116.93,44.8],[-116.93,44.81],[-116.92,44.81],[-116.91,44.83],[-116.9,44.84],[-116.84,44.84]]]]}},
{"type":"Feature","properties":{"ugc":"IDZ001","name":"Northern Panhandle","state":"ID","wfo":"OTX"},"geometry":{"type":"MultiPolygon","coordinates":[[[[-116.05,49.0],[-116.05,48.94],[-116.05,48.91],[-116.05,48.85],[-116.05,48.71],[-116.05,48.69],[-116.05,48.68],[-116.05,48.66],[-116.05,48.62],[-116.05,48.48],[-116.05,48.41],[-116.05,48.37],[-116.05,48.31],[-116.05,48.27],[-116.05,48.25],[-116.05,48.24],[-116.05,48.14],[-116.05,48.12],[-116.05,48.1],[-116.05,48.09],[-116.05,48.07],[-116.05,48.06],[-116.05,48.04],[-116.05,48.03],[-116.05,48.01],[-116.05,48.0],[-116.05,47.98],[-116.06,47.98],[-116.06,47.99],[-116.07,48.0],[-116.08,48.0],[-116.09,48.0],[-116.1,48.01],[-116.1,48.02],[-116.11,48.03],[-116.12,48.03],[-116.13,48.03],[-116.14,48.03],[-116.14,48.02],[-116.15,48.02],[-116.16,48.02],[-116.17,48.03],[-116.18,48.03],[-116.19,48.04],[-116.2,48.04],[-116.21,48.04],[-116.21,48.05],[-116.22,48.05],[-116.22,48.06],[-116.23,48.06],[-116.23,48.07],[-116.24,48.07],[-116.25,48.07],[-116.25,48.06],[-116.26,48.06],[-116.27,48.06],[-116.28,48.06],[-116.29,48.05],[-116.29,48.04],[-116.3,48.04],[-116.31,48.04],[-116.31,48.03],[-116.32,48.03],[-116.32,48.02],[-116.33,48.02],[-116.33,48.0],[-116.33,47.99],[-116.32,47.98],[-116.32,47.89],[-116.37,47.89],[-116.38,47.89],[-116.5,47.89],[-116.63,47.89],[-116.67,47.89],[-116.75,47.89],[-116.77,47.88],[-116.79,47.87],[-116.82,47.85],[-116.84,47.84],[-116.86,47.81],[-116.89,47.78],[-116.91,47.76],[-116.95,47.74],[-117.0,47.73],[-117.04,47.73],[-117.04,47.74],[-117.04,47.75],[-117.04,47.76],[-117.04,47.78],[-117.04,47.82],[-117.04,47.84],[-117.04,47.86],[-117.04,47.87],[-117.04,47.89],[-117.04,47.93],[-117.04,47.97],[-117.04,48.0],[-117.04,48.12],[-117.04,48.17],[-117.04,48.18],[-117.04,48.21],[-117.04,48.37],[-117.04,48.39],[-117.04,48.42],[-117.04,48.5],[-117.03,48.61],[-117.03,48.62],[-117.03,48.66],[-117.03,48.7],[-117.03,48.75],[-117.03,48.86],[-117.03,48.88],[-117.03,49.0],[-116.76,49.0],[-116.5,49.0],[-116.33,49.0],[-116.24,49.0],[-116.18,49.0],[-116.05,49.0]]]]}},
{"type":"Feature","properties":{"ugc":"IDZ002","name":"Coeur d'Alene Area","state":"ID","wfo":"OTX"},"geometry":{"type":"MultiPolygon","coordinates":[[[[-116.63,47.89],[-116.63,47.63],[-116.63,47.5],[-116.63,47.39],[-116.63,47.37],[-116.73,47.37],[-116.74,47.37],[-116.73,47.39],[-116.77,47.39],[-116.77,47.38],[-116.81,47.38],[-116.81,47.37],[-116.82,47.37],[-116.86,47.37],[-116.88,47.37],[-116.89,47.37],[-116.93,47.37],[-116.99,47.37],[-117.04,47.37],[-117.04,47.38],[-117.04,47.39],[-117.04,47.41],[-117.04,47.49],[-117.04,47.5],[-117.04,47.53],[-117.04,47.55],[-117.04,47.56],[-117.04,47.57],[-117.04,47.58],[-117.04,47.62],[-117.04,47.67],[-117.04,47.68],[-117.04,47.69],[-117.04,47.7],[-117.04,47.73],[-117.0,47.73],[-116.95,47.74],[-116.91,47.76],[-116.89,47.78],[-116.86,47.81],[-116.84,47.84],[-116.82,47.85],[-116.79,47.87],[-116.77,47.88],[-116.75,47.89],[-116.67,47.89],[-116.63,47.89]]]]}},
{"type":"Feature","properties":{"ugc":"IDZ003","name":"Idaho Palouse","state":"ID","wfo":"OTX"},"geometry":{"type":"MultiPolygon","coordinates":[[[[-116.63,47.37],[-116.64,47.31],[-116.68,47.27],[-116.73,47.25],[-116.79,47.21],[-116.83,47.18],[-116.88,47.11],[-116.89,47.08],[-116.9,47.05],[-116.89,46.99],[-116.87,46.94],[-116.84,46.9],[-116.8,46.86],[-116.75,46.83],[-116.69,46.78],[-116.64,46.74],[-116.62,46.71],[-116.61,46.67],[-116.61,46.63],[-116.62,46.63],[-116.63,46.63],[-116.63,46.62],[-116.64,46.62],[-116.64,46.61],[-116.66,46.61],[-116.67,46.61],[-116.67,46.6],[-116.68,46.6],[-116.68,46.59],[-116.69,46.59],[-116.7,46.59],[-116.7,46.58],[-116.71,46.57],[-116.71,46.56],[-116.71,46.55],[-116.72,46.55],[-116.72,46.54],[-116.75,46.54],[-117.0,46.54],[-117.04,46.54],[-117.04,46.63],[-117.04,46.7],[-117.04,46.75],[-117.04,46.81],[-117.04,46.82],[-117.04,46.83],[-117.04,46.85],[-117.04,46.87],[-117.04,46.94],[-117.04,47.0],[-117.04,47.09],[-117.04,47.17],[-117.04,47.25],[-117.04,47.35],[-117.04,47.36],[-117.04,47.37],[-116.99,47.37],[-116.93,47.37],[-116.89,47.37],[-116.88,47.37],[-116.86,47.37],[-116.82,47.37],[-116.81,47.37],[-116.81,47.38],[-116.77,47.38],[-116.77,47.39],[-116.73,47.39],[-116.74,47.37],[-116.73,47.37],[-116.63,47.37]]]]}},
{"type":"Feature","properties":{"ugc":"IDZ004","name":"Central Panhandle Mountains","state":"ID","wfo":"OTX"},"geometry":{"type":"MultiPolygon","coordinates":[[[[-116.05,47.98],[-116.04,47.97],[-116.03,47.97],[-116.02,47.97],[-116.02,47.96],[-116.01,47.96],[-116.01,47.95],[-116.01,47.94],[-116.0,47.94],[-115.99,47.93],[-115.99,47.92],[-115.98,47.92],[-115.98,47.91],[-115.97,47.91],[-115.97,47.9],[-115.96,47.9],[-115.95,47.89],[-115.94,47.88],[-115.94,47.87],[-115.93,47.87],[-115.92,47.86],[-115.92,47.85],[-115.91,47.85],[-115.9,47.84],[-115.89,47.85],[-115.88,47.85],[-115.88,47.84],[-115.87,47.84],[-115.87,47.83],[-115.86,47.83],[-115.85,47.83],[-115.85,47.82],[-115.85,47.81],[-115.85,47.8],[-115.85,47.79],[-115.85,47.78],[-115.84,47.78],[-115.84,47.77],[-115.84,47.76],[-115.83,47.76],[-115.83,47.75],[-115.82,47.75],[-115.82,47.76],[-115.81,47.76],[-115.8,47.76],[-115.79,47.75],[-115.78,47.75],[-115.78,47.74],[-115.78,47.73],[-115.78,47.72],[-115.77,47.72],[-115.76,47.72],[-115.75,47.72],[-115.75,47.71],[-115.74,47.71],[-115.73,47.71],[-115.73,47.7],[-115.72,47.7],[-115.72,47.69],[-115.73,47.69],[-115.73,47.68],[-115.73,47.67],[-115.73,47.66],[-115.74,47.66],[-115.74,47.65],[-115.73,47.65],[-115.73,47.64],[-115.72,47.64],[-115.71,47.64],[-115.71,47.63],[-115.7,47.63],[-115.69,47.62],[-115.7,47.61],[-115.7,47.6],[-115.69,47.6],[-115.69,47.59],[-115.7,47.59],[-115.71,47.58],[-115.72,47.58],[-115.72,47.57],[-115.73,47.57],[-115.74,47.56],[-115.75,47.56],[-115.75,47.55],[-115.76,47.55],[-115.75,47.54],[-115.74,47.54],[-115.73,47.54],[-115.72,47.53],[-115.71,47.53],[-115.71,47.54],[-115.7,47.53],[-115.71,47.52],[-115.71,47.51],[-115.7,47.51],[-115.7,47.5],[-115.69,47.5],[-115.69,47.49],[-115.68,47.48],[-115.68,47.49],[-115.67,47.49],[-115.66,47.48],[-115.65,47.48],[-115.64,47.48],[-115.63,47.48],[-115.63,47.47],[-115.64,47.47],[-115.64,47.46],[-115.65,47.46],[-115.66,47.45],[-115.67,47.45],[-115.68,47.46],[-115.69,47.46],[-115.7,47.46],[-115.7,47.45],[-115.71,47.45],[-115.72,47.45],[-115.73,47.45],[-115.73,47.44],[-115.74,47.44],[-115.75,47.44],[-115.75,47.43],[-115.76,47.43],[-115.76,47.42],[-115.75,47.42],[-115.74,47.42],[-115.74,47.43],[-115.73,47.43],[-115.73,47.42],[-115.72,47.43],[-115.72,47.42],[-115.71,47.42],[-115.7,47.42],[-115.69,47.41],[-115.68,47.41],[-115.68,47.4],[-115.67,47.4],[-115.66,47.4],[-115.65,47.39],[-115.65,47.38],[-115.64,47.38],[-115.63,47.38],[-115.62,47.38],[-115.61,47.38],[-115.6,47.38],[-115.6,47.37],[-115.59,47.37],[-115.58,47.37],[-115.58,47.36],[-115.57,47.36],[-115.57,47.35],[-115.56,47.35],[-115.55,47.35],[-115.55,47.34],[-115.55,47.33],[-115.54,47.33],[-115.54,47.32],[-115.53,47.32],[-115.53,47.31],[-115.53,47.3],[-115.52,47.3],[-115.51,47.3],[-115.51,47.29],[-115.5,47.29],[-115.49,47.29],[-115.48,47.28],[-115.47,47.28],[-115.47,47.29],[-115.46,47.29],[-115.46,47.28],[-115.45,47.28],[-115.44,47.28],[-115.43,47.28],[-115.42,47.28],[-115.42,47.27],[-115.41,47.27],[-115.41,47.26],[-115.4,47.26],[-115.39,47.27],[-115.38,47.27],[-115.37,47.26],[-115.36,47.26],[-115.35,47.26],[-115.34,47.26],[-115.33,47.26],[-115.32,47.26],[-115.32,47.25],[-115.32,47.24],[-115.32,47.23],[-115.31,47.23],[-115.3,47.23],[-115.3,47.22],[-115.29,47.22],[-115.29,47.21],[-115.3,47.21],[-115.3,47.2],[-115.3,47.19],[-115.29,47.19],[-115.29,47.18],[-115.28,47.18],[-115.27,47.18],[-115.26,47.18],[-115.26,47.17],[-115.26,47.16],[-115.25,47.16],[-115.25,47.15],[-115.24,47.15],[-115.23,47.15],[-115.22,47.15],[-115.21,47.14],[-115.2,47.14],[-115.19,47.13],[-115.18,47.12],[-115.17,47.11],[-115.16,47.1],[-115.15,47.1],[-115.14,47.1],[-115.14,47.09],[-115.14,47.08],[-115.13,47.08],[-115.13,47.07],[-115.12,47.07],[-115.12,47.06],[-115.11,47.05],[-115.1,47.05],[-115.09,47.05],[-115.09,47.04],[-115.08,47.04],[-115.08,47.03],[-115.07,47.03],[-115.07,47.02],[-115.07,47.01],[-115.07,47.0],[-115.06,46.99],[-115.06,46.98],[-115.05,46.98],[-115.05,46.97],[-115.03,46.97],[-115.03,46.98],[-115.01,46.97],[-115.0,46.97],[-114.99,46.96],[-114.99,46.95],[-114.98,46.95],[-114.97,46.94],[-114.96,46.94],[-114.96,46.93],[-115.0,46.93],[-115.06,46.93],[-115.13,46.93],[-115.25,46.93],[-115.45,46.93],[-115.61,46.93],[-115.63,46.93],[-115.64,46.93],[-115.66,46.93],[-115.75,46.93],[-115.82,46.93],[-115.83,46.93],[-115.99,46.93],[-116.04,46.93],[-116.08,46.93],[-116.13,46.93],[-116.18,46.93],[-116.29,46.93],[-116.32,46.93],[-116.33,46.94],[-116.33,46.63],[-116.35,46.63],[-116.39,46.63],[-116.45,46.63],[-116.46,46.63],[-116.47,46.63],[-116.5,46.63],[-116.56,46.63],[-116.6,46.63],[-116.61,46.63],[-116.61,46.67],[-116.62,46.71],[-116.64,46.74],[-116.69,46.78],[-116.75,46.83],[-116.8,46.86],[-116.84,46.9],[-116.87,46.94],[-116.89,46.99],[-116.9,47.05],[-116.89,47.08],[-116.88,47.11],[-116.83,47.18],[-116.79,47.21],[-116.73,47.25],[-116.68,47.27],[-116.64,47.31],[-116.63,47.37],[-116.63,47.39],[-116.63,47.5],[-116.63,47.63],[-116.63,47.89],[-116.5,47.89],[-116.38,47.89],[-116.37,47.89],[-116.32,47.89],[-116.32,47.98],[-116.33,47.99],[-116.33,48.0],[-116.33,48.02],[-116.32,48.02],[-116.32,48.03],[-116.31,48.03],[-116.31,48.04],[-116.3,48.04],[-116.29,48.04],[-116.29,48.05],[-116.28,48.06],[-116.27,48.06],[-116.26,48.06],[-116.25,48.06],[-116.25,48.07],[-116.24,48.07],[-116.23,48.07],[-116.23,48.06],[-116.22,48.06],[-116.22,48.05],[-116.21,48.05],[-116.21,48.04],[-116.2,48.04],[-116.19,48.04],[-116.18,48.03],[-116.17,48.03],[-116.16,48.02],[-116.15,48.02],[-116.14,48.02],[-116.14,48.03],[-116.13,48.03],[-116.12,48.03],[-116.11,48.03],[-116.1,48.02],[-116.1,48.01],[-116.09,48.0],[-116.08,48.0],[-116.07,48.0],[-116.06,47.99],[-116.06,47.98],[-116.05,47.98]]]]}},
{"type":"Feature","properties":{"ugc":"IDZ005","name":"Northern Clearwater Mountains","state":"ID","wfo":"MSO"},"geometry":{"type":"MultiPolygon","coordinates":[[[[-115.64,46.44],[-115.65,46.44],[-115.65,46.43],[-115.65,46.42],[-115.66,46.42],[-115.66,46.41],[-115.67,46.41],[-115.68,46.4],[-115.68,46.39],[-115.69,46.39],[-115.7,46.39],[-115.7,46.38],[-115.71,46.38],[-115.72,46.38],[-115.72,46.37],[-115.73,46.37],[-116.33,46.63],[-116.33,46.94],[-116.32,46.93],[-116.29,46.93],[-116.18,46.93],[-116.13,46.93],[-116.08,46.93],[-116.04,46.93],[-115.99,46.93],[-115.83,46.93],[-115.82,46.93],[-115.75,46.93],[-115.66,46.93],[-115.64,46.93],[-115.63,46.93],[-115.61,46.93],[-115.45,46.93],[-115.25,46.93],[-115.13,46.93],[-115.06,46.93],[-115.0,46.93],[-114.96,46.93],[-114.95,46.93],[-114.94,46.92],[-114.93,46.92],[-114.92,46.92],[-114.92,46.91],[-114.93,46.91],[-114.93,46.9],[-114.94,46.9],[-114.94,46.89],[-114.93,46.89],[-114.93,46.88],[-114.94,46.87],[-114.95,46.86],[-114.94,46.86],[-114.93,46.85],[-114.93,46.84],[-114.92,46.83],[-114.9,46.82],[-114.9,46.81],[-114.9,46.8],[-114.89,46.8],[-114.89,46.81],[-114.88,46.81],[-114.87,46.81],[-114.86,46.81],[-114.86,46.8],[-114.85,46.8],[-114.84,46.79],[-114.83,46.79],[-114.83,46.78],[-114.82,46.78],[-114.81,46.78],[-114.8,46.78],[-114.79,46.78],[-114.79,46.77],[-114.78,46.77],[-114.77,46.76],[-114.77,46.75],[-114.77,46.74],[-114.77,46.73],[-114.78,46.73],[-114.78,46.72],[-114.79,46.72],[-114.79,46.71],[-114.78,46.71],[-114.77,46.71],[-114.77,46.7],[-114.76,46.7],[-114.75,46.7],[-114.74,46.71],[-114.73,46.71],[-114.72,46.71],[-114.71,46.72],[-114.71,46.73],[-114.7,46.73],[-114.7,46.74],[-114.69,46.74],[-114.68,46.74],[-114.67,46.74],[-114.66,46.74],[-114.66,46.73],[-114.65,46.73],[-114.64,46.72],[-114.63,46.72],[-114.63,46.71],[-114.62,46.71],[-114.62,46.7],[-114.62,46.69],[-114.63,46.69],[-114.63,46.68],[-114.64,46.68],[-114.64,46.67],[-114.64,46.66],[-114.63,46.66],[-114.62,46.66],[-114.61,46.65],[-114.62,46.64],[-114.61,46.64],[-114.6,46.64],[-114.59,46.63],[-114.66,46.62],[-114.75,46.61],[-114.8,46.6],[-115.05,46.57],[-115.11,46.56],[-115.13,46.55],[-115.21,46.54],[-115.25,46.53],[-115.29,46.53],[-115.32,46.52],[-115.38,46.51],[-115.5,46.49],[-115.52,46.49],[-115.56,46.48],[-115.63,46.47],[-115.63,46.46],[-115.64,46.46],[-115.64,46.45],[-115.64,46.44]]]]}},
{"type":"Feature","properties":{"ugc":"IDZ006","name":"Southern Clearwater Mountains","state":"ID","wfo":"MSO"},"geometry":{"type":"MultiPolygon","coordinates":[[[[-116.3,45.11],[-116.3,45.12],[-116.29,45.13],[-116.28,45.13],[-116.28,45.14],[-116.29,45.14],[-116.29,45.15],[-116.3,45.15],[-116.3,45.16],[-116.3,45.17],[-116.3,45.18],[-116.3,45.19],[-116.31,45.19],[-116.31,45.2],[-116.31,45.21],[-116.32,45.22],[-116.32,45.23],[-116.33,45.24],[-116.33,45.25],[-116.34,45.26],[-116.26,45.46],[-116.23,45.66],[-116.18,45.75],[-116.22,45.87],[-116.1,45.89],[-116.0,45.9],[-115.92,45.92],[-115.88,45.98],[-115.78,46.01],[-115.7,46.05],[-115.65,46.19],[-115.65,46.23],[-115.65,46.28],[-115.67,46.34],[-115.73,46.37],[-115.72,46.37],[-115.72,46.38],[-115.71,46.38],[-115.7,46.38],[-115.7,46.39],[-115.69,46.39],[-115.68,46.39],[-115.68,46.4],[-115.67,46.41],[-115.66,46.41],[-115.66,46.42],[-115.65,46.42],[-115.65,46.43],[-115.65,46.44],[-115.64,46.44],[-115.64,46.45],[-115.64,46.46],[-115.63,46.46],[-115.63,46.47],[-115.56,46.48],[-115.52,46.49],[-115.5,46.49],[-115.38,46.51],[-115.32,46.52],[-115.29,46.53],[-115.25,46.53],[-115.21,46.54],[-115.13,46.55],[-115.11,46.56],[-115.05,46.57],[-114.8,46.6],[-114.75,46.61],[-114.66,46.62],[-114.59,46.63],[-114.58,46.63],[-114.58,46.64],[-114.57,46.64],[-114.56,46.64],[-114.55,46.64],[-114.54,46.65],[-114.53,46.65],[-114.53,46.64],[-114.52,46.64],[-114.51,46.64],[-114.5,46.64],[-114.49,46.64],[-114.49,46.63],[-114.48,46.63],[-114.47,46.63],[-114.46,46.63],[-114.46,46.64],[-114.45,46.64],[-114.45,46.65],[-114.44,46.65],[-114.43,46.66],[-114.42,46.66],[-114.41,46.66],[-114.4,46.66],[-114.39,46.66],[-114.38,46.66],[-114.38,46.67],[-114.37,46.67],[-114.36,46.67],[-114.35,46.66],[-114.34,46.66],[-114.33,46.66],[-114.33,46.65],[-114.32,46.65],[-114.32,46.64],[-114.32,46.63],[-114.32,46.62],[-114.33,46.62],[-114.32,46.61],[-114.33,46.61],[-114.33,46.6],[-114.34,46.59],[-114.34,46.58],[-114.33,46.58],[-114.33,46.57],[-114.34,46.57],[-114.34,46.56],[-114.34,46.55],[-114.35,46.55],[-114.34,46.54],[-114.35,46.54],[-114.35,46.53],[-114.34,46.52],[-114.35,46.52],[-114.35,46.51],[-114.36,46.51],[-114.37,46.51],[-114.37,46.5],[-114.38,46.5],[-114.38,46.51],[-114.39,46.5],[-114.4,46.5],[-114.4,46.49],[-114.4,46.48],[-114.4,46.47],[-114.39,46.47],[-114.38,46.47],[-114.38,46.46],[-114.38,46.45],[-114.38,46.44],[-114.38,46.43],[-114.38,46.42],[-114.38,46.41],[-114.39,46.41],[-114.4,46.41],[-114.4,46.4],[-114.41,46.4],[-114.42,46.39],[-114.42,46.38],[-114.42,46.37],[-114.41,46.37],[-114.41,46.36],[-114.41,46.35],[-114.41,46.34],[-114.42,46.33],[-114.42,46.32],[-114.43,46.32],[-114.43,46.31],[-114.43,46.3],[-114.43,46.29],[-114.43,46.28],[-114.44,46.27],[-114.45,46.27],[-114.46,46.27],[-114.47,46.27],[-114.47,46.26],[-114.47,46.25],[-114.46,46.24],[-114.45,46.24],[-114.45,46.23],[-114.45,46.22],[-114.45,46.21],[-114.44,46.2],[-114.44,46.19],[-114.45,46.18],[-114.44,46.18],[-114.45,46.17],[-114.46,46.17],[-114.47,46.16],[-114.48,46.16],[-114.49,46.17],[-114.5,46.17],[-114.51,46.16],[-114.51,46.17],[-114.52,46.16],[-114.51,46.15],[-114.52,46.15],[-114.53,46.15],[-114.53,46.14],[-114.52,46.14],[-114.52,46.13],[-114.52,46.12],[-114.51,46.12],[-114.5,46.12],[-114.49,46.12],[-114.49,46.11],[-114.48,46.11],[-114.47,46.11],[-114.47,46.1],[-114.46,46.1],[-114.46,46.09],[-114.46,46.08],[-114.47,46.08],[-114.47,46.07],[-114.47,46.06],[-114.48,46.06],[-114.48,46.05],[-114.49,46.05],[-114.5,46.04],[-114.51,46.04],[-114.51,46.03],[-114.5,46.03],[-114.49,46.03],[-114.48,46.03],[-114.48,46.02],[-114.47,46.02],[-114.47,46.01],[-114.48,46.01],[-114.49,46.01],[-114.49,46.0],[-114.48,46.0],[-114.48,45.99],[-114.47,45.99],[-114.47,46.0],[-114.46,46.0],[-114.46,45.99],[-114.45,45.99],[-114.44,45.99],[-114.43,45.99],[-114.42,45.98],[-114.41,45.98],[-114.41,45.97],[-114.4,45.97],[-114.4,45.96],[-114.41,45.96],[-114.41,45.95],[-114.42,45.95],[-114.42,45.94],[-114.43,45.94],[-114.43,45.93],[-114.42,45.93],[-114.42,45.92],[-114.41,45.91],[-114.4,45.9],[-114.39,45.9],[-114.39,45.89],[-114.39,45.88],[-114.4,45.87],[-114.41,45.87],[-114.41,45.86],[-114.41,45.85],[-114.42,45.85],[-114.42,45.86],[-114.43,45.86],[-114.44,45.86],[-114.45,45.86],[-114.46,45.85],[-114.47,45.85],[-114.48,45.85],[-114.49,45.85],[-114.5,45.85],[-114.51,45.85],[-114.51,45.84],[-114.52,45.84],[-114.52,45.83],[-114.52,45.82],[-114.53,45.82],[-114.53,45.81],[-114.54,45.81],[-114.54,45.8],[-114.55,45.79],[-114.56,45.79],[-114.56,45.78],[-114.57,45.77],[-114.56,45.77],[-114.56,45.76],[-114.55,45.76],[-114.55,45.75],[-114.55,45.74],[-114.54,45.74],[-114.53,45.74],[-114.53,45.73],[-114.52,45.73],[-114.51,45.73],[-114.51,45.72],[-114.5,45.72],[-114.5,45.71],[-114.5,45.7],[-114.5,45.69],[-114.51,45.69],[-114.51,45.68],[-114.5,45.68],[-114.5,45.67],[-114.5,45.66],[-114.51,45.66],[-114.52,45.65],[-114.53,45.65],[-114.54,45.65],[-114.54,45.64],[-114.55,45.64],[-114.56,45.64],[-114.56,45.63],[-114.56,45.62],[-114.55,45.62],[-114.54,45.62],[-114.54,45.61],[-114.54,45.6],[-114.55,45.6],[-114.55,45.59],[-114.56,45.59],[-114.56,45.58],[-114.55,45.58],[-114.56,45.57],[-114.56,45.56],[-114.57,45.55],[-114.58,45.54],[-114.59,45.54],[-114.6,45.53],[-114.61,45.53],[-114.62,45.53],[-114.62,45.52],[-114.63,45.52],[-114.63,45.51],[-114.64,45.51],[-114.64,45.5],[-114.65,45.5],[-114.65,45.49],[-114.65,45.48],[-114.66,45.48],[-114.66,45.47],[-114.67,45.47],[-114.68,45.47],[-114.68,45.48],[-114.68,45.49],[-114.69,45.49],[-114.7,45.49],[-114.71,45.49],[-114.72,45.49],[-114.73,45.49],[-114.74,45.49],[-114.74,45.5],[-114.75,45.5],[-114.76,45.5],[-114.76,45.51],[-114.77,45.51],[-114.78,45.51],[-114.79,45.51],[-114.79,45.5],[-114.8,45.5],[-114.79,45.49],[-114.8,45.49],[-114.8,45.48],[-114.8,45.47],[-114.79,45.47],[-114.79,45.46],[-114.79,45.45],[-114.79,45.44],[-114.78,45.44],[-114.77,45.43],[-114.76,45.43],[-114.77,45.42],[-114.76,45.41],[-114.75,45.41],[-114.74,45.4],[-114.73,45.4],[-114.72,45.4],[-114.72,45.39],[-114.71,45.39],[-114.71,45.38],[-114.7,45.38],[-114.7,45.37],[-114.69,45.37],[-114.68,45.37],[-114.67,45.36],[-114.68,45.36],[-114.68,45.35],[-114.67,45.35],[-114.67,45.34],[-114.66,45.34],[-114.66,45.33],[-114.65,45.33],[-114.65,45.32],[-114.64,45.32],[-114.63,45.32],[-114.63,45.31],[-114.62,45.31],[-114.62,45.3],[-114.61,45.3],[-114.6,45.3],[-114.59,45.3],[-114.6,45.29],[-114.61,45.28],[-114.62,45.28],[-114.63,45.27],[-114.64,45.26],[-114.65,45.26],[-114.65,45.25],[-114.66,45.25],[-114.66,45.24],[-114.67,45.24],[-114.67,45.23],[-114.68,45.23],[-114.68,45.22],[-114.68,45.21],[-114.69,45.21],[-114.69,45.2],[-114.72,45.2],[-114.75,45.2],[-114.93,45.2],[-114.99,45.2],[-115.13,45.2],[-115.15,45.2],[-115.18,45.2],[-115.21,45.2],[-115.31,45.2],[-115.34,45.2],[-115.37,45.2],[-115.38,45.2],[-115.42,45.2],[-115.61,45.2],[-115.63,45.2],[-115.75,45.2],[-115.82,45.2],[-115.89,45.2],[-115.9,45.2],[-115.97,45.2],[-115.97,45.21],[-115.97,45.22],[-115.98,45.22],[-115.99,45.21],[-115.99,45.2],[-116.0,45.2],[-116.01,45.2],[-116.01,45.19],[-116.02,45.19],[-116.02,45.18],[-116.03,45.18],[-116.04,45.18],[-116.05,45.17],[-116.06,45.17],[-116.07,45.16],[-116.08,45.16],[-116.08,45.15],[-116.09,45.16],[-116.1,45.15],[-116.1,45.16],[-116.11,45.16],[-116.12,45.16],[-116.13,45.15],[-116.13,45.14],[-116.14,45.14],[-116.14,45.13],[-116.14,45.12],[-116.14,45.11],[-116.15,45.11],[-116.17,45.11],[-116.25,45.11],[-116.3,45.11]]]]}},
{"type":"Feature","properties":{"ugc":"IDZ007","name":"Orofino/Grangeville Region","state":"ID","wfo":"MSO"},"geometry":{"type":"MultiPolygon","coordinates":[[[[-116.53,46.01],[-116.53,46.02],[-116.52,46.03],[-116.52,46.04],[-116.52,46.05],[-116.51,46.05],[-116.51,46.06],[-116.51,46.13],[-116.5,46.12],[-116.49,46.12],[-116.48,46.12],[-116.48,46.13],[-116.48,46.14],[-116.47,46.15],[-116.47,46.16],[-116.46,46.16],[-116.46,46.17],[-116.46,46.18],[-116.45,46.19],[-116.45,46.2],[-116.44,46.2],[-116.43,46.2],[-116.42,46.2],[-116.41,46.2],[-116.41,46.19],[-116.4,46.19],[-116.39,46.19],[-116.38,46.19],[-116.37,46.18],[-116.36,46.18],[-116.35,46.19],[-116.34,46.18],[-116.33,46.18],[-116.32,46.18],[-116.32,46.17],[-116.31,46.17],[-116.3,46.17],[-116.29,46.17],[-116.28,46.17],[-116.27,46.17],[-116.26,46.17],[-116.25,46.17],[-116.24,46.17],[-116.24,46.16],[-116.23,46.16],[-116.22,46.16],[-116.21,46.16],[-116.21,46.15],[-116.2,46.15],[-116.19,46.15],[-116.19,46.16],[-116.19,46.17],[-116.19,46.18],[-116.18,46.18],[-116.17,46.19],[-116.16,46.19],[-116.16,46.2],[-116.15,46.2],[-116.15,46.21],[-116.14,46.21],[-116.13,46.22],[-116.13,46.21],[-116.12,46.21],[-116.11,46.21],[-116.1,46.21],[-116.09,46.21],[-116.08,46.21],[-116.07,46.21],[-116.06,46.21],[-116.05,46.21],[-116.04,46.21],[-116.03,46.22],[-116.02,46.22],[-116.01,46.23],[-116.02,46.23],[-116.03,46.24],[-116.04,46.24],[-116.04,46.25],[-116.05,46.25],[-116.06,46.25],[-116.06,46.26],[-116.07,46.26],[-116.08,46.26],[-116.09,46.26],[-116.09,46.27],[-116.1,46.28],[-116.11,46.28],[-116.11,46.29],[-116.12,46.29],[-116.12,46.3],[-116.13,46.3],[-116.13,46.31],[-116.14,46.32],[-116.14,46.33],[-116.15,46.33],[-116.15,46.34],[-116.15,46.35],[-116.16,46.35],[-116.16,46.36],[-116.17,46.36],[-116.17,46.37],[-116.18,46.37],[-116.18,46.38],[-116.18,46.39],[-116.18,46.4],[-116.19,46.4],[-116.19,46.41],[-116.2,46.41],[-116.23,46.41],[-116.25,46.41],[-116.3,46.41],[-116.31,46.41],[-116.31,46.42],[-116.32,46.43],[-116.32,46.44],[-116.33,46.44],[-116.34,46.45],[-116.35,46.45],[-116.35,46.46],[-116.36,46.46],[-116.36,46.47],[-116.37,46.47],[-116.37,46.5],[-116.38,46.5],[-116.39,46.5],[-116.4,46.5],[-116.41,46.5],[-116.42,46.5],[-116.43,46.5],[-116.44,46.5],[-116.45,46.5],[-116.45,46.56],[-116.46,46.56],[-116.46,46.63],[-116.45,46.63],[-116.39,46.63],[-116.35,46.63],[-116.33,46.63],[-115.73,46.37],[-115.67,46.34],[-115.65,46.28],[-115.65,46.23],[-115.65,46.19],[-115.7,46.05],[-115.78,46.01],[-115.88,45.98],[-115.92,45.92],[-116.0,45.9],[-116.1,45.89],[-116.22,45.87],[-116.35,45.96],[-116.43,45.99],[-116.53,46.0],[-116.53,46.01]]]]}},
{"type":"Feature","properties":{"ugc":"IDZ008","name":"Lower Hells Canyon/Salmon River Region","state":"ID","wfo":"MSO"},"geometry":{"type":"MultiPolygon","coordinates":[[[[-116.68,45.27],[-116.67,45.28],[-116.67,45.29],[-116.67,45.3],[-116.67,45.31],[-116.67,45.32],[-116.67,45.33],[-116.66,45.34],[-116.66,45.35],[-116.65,45.36],[-116.64,45.37],[-116.63,45.37],[-116.63,45.38],[-116.63,45.39],[-116.62,45.39],[-116.62,45.4],[-116.61,45.4],[-116.6,45.41],[-116.6,45.42],[-116.59,45.43],[-116.59,45.44],[-116.58,45.45],[-116.57,45.46],[-116.56,45.46],[-116.56,45.47],[-116.56,45.48],[-116.56,45.49],[-116.55,45.49],[-116.55,45.5],[-116.56,45.5],[-116.56,45.51],[-116.55,45.51],[-116.54,45.51],[-116.54,45.52],[-116.53,45.53],[-116.53,45.54],[-116.52,45.55],[-116.52,45.56],[-116.51,45.56],[-116.5,45.56],[-116.5,45.57],[-116.49,45.57],[-116.49,45.58],[-116.48,45.58],[-116.48,45.59],[-116.47,45.59],[-116.47,45.6],[-116.46,45.6],[-116.46,45.61],[-116.46,45.62],[-116.47,45.62],[-116.47,45.63],[-116.48,45.63],[-116.48,45.64],[-116.49,45.64],[-116.49,45.65],[-116.5,45.66],[-116.51,45.67],[-116.52,45.67],[-116.52,45.68],[-116.53,45.68],[-116.53,45.69],[-116.54,45.69],[-116.54,45.7],[-116.54,45.71],[-116.54,45.72],[-116.54,45.73],[-116.54,45.74],[-116.55,45.75],[-116.56,45.75],[-116.56,45.76],[-116.57,45.76],[-116.58,45.77],[-116.59,45.77],[-116.59,45.78],[-116.6,45.78],[-116.61,45.78],[-116.62,45.78],[-116.63,45.78],[-116.64,45.78],[-116.65,45.78],[-116.66,45.78],[-116.67,45.78],[-116.67,45.79],[-116.68,45.79],[-116.68,45.8],[-116.69,45.81],[-116.7,45.82],[-116.71,45.83],[-116.72,45.83],[-116.73,45.83],[-116.74,45.83],[-116.74,45.82],[-116.75,45.82],[-116.76,45.82],[-116.77,45.82],[-116.78,45.82],[-116.78,45.83],[-116.79,45.83],[-116.79,45.84],[-116.79,45.85],[-116.79,45.86],[-116.78,45.86],[-116.77,45.86],[-116.76,45.87],[-116.75,45.87],[-116.74,45.87],[-116.74,45.88],[-116.74,45.89],[-116.73,45.89],[-116.73,45.9],[-116.74,45.91],[-116.74,45.92],[-116.75,45.92],[-116.75,45.93],[-116.75,45.94],[-116.76,45.94],[-116.75,45.95],[-116.75,45.96],[-116.74,45.96],[-116.74,45.97],[-116.73,45.97],[-116.73,45.98],[-116.72,45.98],[-116.72,45.99],[-116.7,45.99],[-116.7,46.0],[-116.69,46.0],[-116.68,46.0],[-116.67,46.0],[-116.67,45.99],[-116.66,45.99],[-116.65,45.99],[-116.65,46.0],[-116.64,46.0],[-116.64,46.01],[-116.65,46.02],[-116.65,46.03],[-116.64,46.04],[-116.63,46.04],[-116.62,46.04],[-116.62,46.03],[-116.61,46.03],[-116.6,46.03],[-116.59,46.03],[-116.58,46.03],[-116.58,46.02],[-116.57,46.02],[-116.56,46.01],[-116.55,46.01],[-116.55,46.0],[-116.54,46.0],[-116.53,46.0],[-116.43,45.99],[-116.35,45.96],[-116.22,45.87],[-116.18,45.75],[-116.23,45.66],[-116.26,45.46],[-116.34,45.26],[-116.34,45.27],[-116.39,45.27],[-116.43,45.27],[-116.5,45.27],[-116.62,45.27],[-116.68,45.27]]]]}},
{"type":"Feature","properties":{"ugc":"IDZ009","name":"Western Lemhi County","state":"ID","wfo":"MSO"},"geometry":{"type":"MultiPolygon","coordinates":[[[[-114.81,44.78],[-114.8,44.78],[-114.8,44.79],[-114.8,44.8],[-114.81,44.8],[-114.81,44.81],[-114.81,44.82],[-114.8,44.82],[-114.8,44.83],[-114.79,44.83],[-114.78,44.84],[-114.77,44.84],[-114.77,44.85],[-114.76,44.85],[-114.76,44.86],[-114.77,44.86],[-114.77,44.87],[-114.76,44.88],[-114.76,44.87],[-114.75,44.87],[-114.75,44.88],[-114.74,44.88],[-114.73,44.88],[-114.73,44.89],[-114.73,44.9],[-114.73,44.91],[-114.73,44.92],[-114.74,44.92],[-114.73,44.93],[-114.72,44.93],[-114.72,44.94],[-114.73,44.94],[-114.73,44.95],[-114.73,44.96],[-114.73,44.97],[-114.74,44.97],[-114.73,44.98],[-114.73,44.99],[-114.73,45.0],[-114.72,45.0],[-114.72,45.01],[-114.73,45.01],[-114.73,45.02],[-114.73,45.03],[-114.72,45.03],[-114.73,45.04],[-114.73,45.05],[-114.72,45.05],[-114.72,45.06],[-114.73,45.06],[-114.73,45.07],[-114.73,45.08],[-114.72,45.08],[-114.72,45.09],[-114.73,45.09],[-114.73,45.1],[-114.73,45.11],[-114.72,45.12],[-114.73,45.13],[-114.73,45.14],[-114.73,45.15],[-114.73,45.16],[-114.72,45.16],[-114.72,45.17],[-114.72,45.18],[-114.72,45.19],[-114.71,45.19],[-114.7,45.19],[-114.69,45.2],[-114.69,45.21],[-114.68,45.21],[-114.68,45.22],[-114.68,45.23],[-114.67,45.23],[-114.67,45.24],[-114.66,45.24],[-114.66,45.25],[-114.65,45.25],[-114.65,45.26],[-114.64,45.26],[-114.63,45.27],[-114.62,45.28],[-114.61,45.28],[-114.6,45.29],[-114.59,45.3],[-114.6,45.3],[-114.61,45.3],[-114.62,45.3],[-114.62,45.31],[-114.63,45.31],[-114.63,45.32],[-114.64,45.32],[-114.65,45.32],[-114.65,45.33],[-114.66,45.33],[-114.66,45.34],[-114.67,45.34],[-114.67,45.35],[-114.68,45.35],[-114.68,45.36],[-114.67,45.36],[-114.68,45.37],[-114.69,45.37],[-114.7,45.37],[-114.7,45.38],[-114.71,45.38],[-114.71,45.39],[-114.72,45.39],[-114.72,45.4],[-114.73,45.4],[-114.74,45.4],[-114.75,45.41],[-114.76,45.41],[-114.77,45.42],[-114.76,45.43],[-114.77,45.43],[-114.78,45.44],[-114.79,45.44],[-114.79,45.45],[-114.79,45.46],[-114.79,45.47],[-114.8,45.47],[-114.8,45.48],[-114.8,45.49],[-114.79,45.49],[-114.8,45.5],[-114.79,45.5],[-114.79,45.51],[-114.78,45.51],[-114.77,45.51],[-114.76,45.51],[-114.76,45.5],[-114.75,45.5],[-114.74,45.5],[-114.74,45.49],[-114.73,45.49],[-114.72,45.49],[-114.71,45.49],[-114.7,45.49],[-114.69,45.49],[-114.68,45.49],[-114.68,45.48],[-114.68,45.47],[-114.67,45.47],[-114.66,45.47],[-114.66,45.48],[-114.65,45.48],[-114.65,45.49],[-114.65,45.5],[-114.64,45.5],[-114.64,45.51],[-114.63,45.51],[-114.63,45.52],[-114.62,45.52],[-114.62,45.53],[-114.61,45.53],[-114.6,45.53],[-114.59,45.54],[-114.58,45.54],[-114.57,45.55],[-114.56,45.56],[-114.55,45.56],[-114.54,45.56],[-114.53,45.57],[-114.52,45.57],[-114.51,45.56],[-114.5,45.56],[-114.49,45.56],[-114.48,45.56],[-114.47,45.56],[-114.46,45.56],[-114.46,45.55],[-114.46,45.54],[-114.45,45.54],[-114.44,45.54],[-114.44,45.53],[-114.43,45.53],[-114.43,45.52],[-114.43,45.51],[-114.42,45.51],[-114.41,45.51],[-114.4,45.51],[-114.39,45.5],[-114.38,45.5],[-114.37,45.49],[-114.36,45.48],[-114.36,45.47],[-114.35,45.47],[-114.35,45.46],[-114.34,45.46],[-114.33,45.46],[-114.32,45.47],[-114.31,45.47],[-114.3,45.47],[-114.3,45.48],[-114.29,45.48],[-114.28,45.48],[-114.27,45.48],[-114.27,45.49],[-114.26,45.49],[-114.26,45.5],[-114.26,45.51],[-114.25,45.51],[-114.25,45.52],[-114.25,45.53],[-114.25,45.54],[-114.25,45.55],[-114.24,45.55],[-114.23,45.55],[-114.22,45.54],[-114.21,45.54],[-114.2,45.54],[-114.19,45.54],[-114.19,45.55],[-114.18,45.55],[-114.17,45.55],[-114.16,45.55],[-114.15,45.55],[-114.15,45.56],[-114.14,45.56],[-114.13,45.56],[-114.13,45.57],[-114.13,45.58],[-114.12,45.58],[-114.11,45.59],[-114.1,45.59],[-114.09,45.59],[-114.08,45.59],[-114.08,45.6],[-114.08,45.61],[-114.07,45.62],[-114.07,45.63],[-114.06,45.63],[-114.05,45.63],[-114.05,45.64],[-114.04,45.64],[-114.04,45.65],[-114.03,45.65],[-114.0,45.59],[-113.97,45.53],[-113.99,45.49],[-114.0,45.49],[-114.0,45.48],[-114.01,45.47],[-114.02,45.46],[-114.03,45.45],[-114.04,45.44],[-114.04,45.36],[-113.99,45.31],[-113.98,45.28],[-113.99,45.17],[-114.02,45.04],[-114.04,44.97],[-114.06,44.93],[-114.06,44.92],[-114.08,44.85],[-114.1,44.83],[-114.12,44.83],[-114.12,44.81],[-114.12,44.8],[-114.14,44.8],[-114.14,44.76],[-114.15,44.76],[-114.15,44.75],[-114.17,44.75],[-114.18,44.75],[-114.18,44.74],[-114.19,44.74],[-114.19,44.75],[-114.2,44.75],[-114.21,44.74],[-114.22,44.75],[-114.22,44.76],[-114.21,44.76],[-114.21,44.77],[-114.21,44.78],[-114.2,44.78],[-114.21,44.79],[-114.2,44.8],[-114.2,44.81],[-114.19,44.81],[-114.19,44.82],[-114.19,44.83],[-114.2,44.83],[-114.2,44.84],[-114.19,44.84],[-114.2,44.85],[-114.2,44.86],[-114.21,44.86],[-114.21,44.87],[-114.22,44.87],[-114.22,44.88],[-114.23,44.88],[-114.23,44.87],[-114.23,44.86],[-114.24,44.86],[-114.24,44.85],[-114.25,44.85],[-114.26,44.85],[-114.27,44.84],[-114.27,44.83],[-114.28,44.83],[-114.28,44.82],[-114.29,44.82],[-114.3,44.82],[-114.31,44.81],[-114.32,44.81],[-114.32,44.8],[-114.33,44.8],[-114.34,44.8],[-114.34,44.79],[-114.34,44.78],[-114.35,44.78],[-114.35,44.77],[-114.35,44.76],[-114.36,44.76],[-114.36,44.75],[-114.37,44.75],[-114.38,44.75],[-114.39,44.75],[-114.39,44.74],[-114.4,44.74],[-114.41,44.74],[-114.41,44.73],[-114.4,44.73],[-114.4,44.72],[-114.39,44.72],[-114.39,44.71],[-114.38,44.71],[-114.37,44.71],[-114.37,44.7],[-114.38,44.7],[-114.38,44.69],[-114.39,44.69],[-114.39,44.68],[-114.39,44.67],[-114.4,44.67],[-114.41,44.66],[-114.41,44.65],[-114.42,44.65],[-114.43,44.65],[-114.44,44.65],[-114.44,44.64],[-114.45,44.63],[-114.45,44.62],[-114.45,44.61],[-114.46,44.61],[-114.47,44.61],[-114.47,44.6],[-114.48,44.6],[-114.48,44.59],[-114.49,44.59],[-114.49,44.6],[-114.5,44.6],[-114.51,44.6],[-114.52,44.6],[-114.53,44.6],[-114.53,44.59],[-114.54,44.59],[-114.54,44.58],[-114.55,44.58],[-114.56,44.58],[-114.57,44.58],[-114.58,44.58],[-114.58,44.59],[-114.59,44.59],[-114.6,44.59],[-114.6,44.6],[-114.6,44.61],[-114.6,44.62],[-114.6,44.63],[-114.61,44.63],[-114.61,44.64],[-114.62,44.64],[-114.62,44.65],[-114.63,44.65],[-114.64,44.65],[-114.64,44.66],[-114.65,44.66],[-114.66,44.66],[-114.67,44.66],[-114.68,44.66],[-114.69,44.66],[-114.7,44.65],[-114.7,44.66],[-114.71,44.66],[-114.71,44.65],[-114.72,44.65],[-114.73,44.65],[-114.74,44.65],[-114.74,44.66],[-114.74,44.67],[-114.74,44.68],[-114.75,44.68],[-114.75,44.69],[-114.76,44.69],[-114.76,44.7],[-114.77,44.7],[-114.77,44.71],[-114.78,44.71],[-114.79,44.72],[-114.8,44.72],[-114.81,44.72],[-114.81,44.73],[-114.82,44.74],[-114.82,44.75],[-114.82,44.76],[-114.81,44.76],[-114.81,44.77],[-114.81,44.78]]]]}},
{"type":"Feature","properties":{"ugc":"IDZ010","name":"Eastern Lemhi County","state":"ID","wfo":"MSO"},"geometry":{"type":"MultiPolygon","coordinates":[[[[-114.16,44.75],[-114.15,44.75],[-114.15,44.76],[-114.14,44.76],[-114.14,44.8],[-114.12,44.8],[-114.12,44.81],[-114.12,44.83],[-114.1,44.83],[-114.08,44.85],[-114.06,44.92],[-114.06,44.93],[-114.04,44.97],[-114.02,45.04],[-113.99,45.17],[-113.98,45.28],[-113.99,45.31],[-114.04,45.36],[-114.04,45.44],[-114.03,45.45],[-114.02,45.46],[-114.01,45.47],[-114.0,45.48],[-114.0,45.49],[-113.99,45.49],[-113.97,45.53],[-114.0,45.59],[-114.03,45.65],[-114.02,45.65],[-114.01,45.65],[-114.01,45.66],[-114.02,45.66],[-114.02,45.67],[-114.03,45.68],[-114.02,45.68],[-114.01,45.68],[-114.02,45.69],[-114.01,45.7],[-114.01,45.69],[-114.0,45.69],[-114.0,45.7],[-113.99,45.7],[-113.99,45.71],[-113.98,45.7],[-113.97,45.7],[-113.97,45.69],[-113.96,45.69],[-113.95,45.69],[-113.94,45.7],[-113.94,45.69],[-113.93,45.69],[-113.93,45.68],[-113.93,45.67],[-113.92,45.67],[-113.92,45.66],[-113.91,45.66],[-113.91,45.65],[-113.9,45.65],[-113.9,45.64],[-113.9,45.63],[-113.9,45.62],[-113.89,45.62],[-113.88,45.62],[-113.87,45.62],[-113.86,45.62],[-113.85,45.62],[-113.84,45.61],[-113.83,45.61],[-113.82,45.61],[-113.81,45.61],[-113.81,45.6],[-113.8,45.59],[-113.8,45.58],[-113.81,45.58],[-113.81,45.57],[-113.82,45.57],[-113.82,45.56],[-113.82,45.55],[-113.83,45.54],[-113.83,45.53],[-113.83,45.52],[-113.82,45.52],[-113.81,45.52],[-113.8,45.52],[-113.79,45.52],[-113.78,45.52],[-113.77,45.52],[-113.77,45.51],[-113.77,45.5],[-113.76,45.5],[-113.76,45.49],[-113.76,45.48],[-113.77,45.47],[-113.78,45.47],[-113.77,45.46],[-113.78,45.46],[-113.78,45.45],[-113.77,45.45],[-113.77,45.44],[-113.78,45.43],[-113.77,45.43],[-113.76,45.43],[-113.76,45.42],[-113.77,45.42],[-113.78,45.42],[-113.78,45.41],[-113.77,45.41],[-113.76,45.41],[-113.75,45.4],[-113.74,45.4],[-113.74,45.39],[-113.73,45.39],[-113.73,45.38],[-113.73,45.37],[-113.74,45.37],[-113.74,45.36],[-113.73,45.36],[-113.73,45.35],[-113.74,45.35],[-113.74,45.34],[-113.74,45.33],[-113.73,45.32],[-113.72,45.32],[-113.72,45.31],[-113.71,45.31],[-113.71,45.3],[-113.7,45.3],[-113.7,45.29],[-113.69,45.29],[-113.69,45.28],[-113.68,45.28],[-113.68,45.27],[-113.69,45.27],[-113.69,45.26],[-113.68,45.25],[-113.67,45.25],[-113.66,45.24],[-113.65,45.24],[-113.65,45.23],[-113.65,45.22],[-113.64,45.22],[-113.64,45.21],[-113.63,45.21],[-113.62,45.21],[-113.62,45.2],[-113.61,45.2],[-113.6,45.19],[-113.59,45.19],[-113.59,45.18],[-113.59,45.17],[-113.59,45.16],[-113.59,45.15],[-113.58,45.15],[-113.57,45.15],[-113.57,45.14],[-113.58,45.13],[-113.57,45.13],[-113.56,45.12],[-113.56,45.11],[-113.55,45.11],[-113.54,45.11],[-113.54,45.12],[-113.53,45.11],[-113.52,45.11],[-113.51,45.12],[-113.51,45.11],[-113.51,45.1],[-113.52,45.09],[-113.51,45.09],[-113.51,45.08],[-113.5,45.08],[-113.49,45.08],[-113.49,45.07],[-113.49,45.06],[-113.48,45.06],[-113.47,45.06],[-113.46,45.06],[-113.45,45.06],[-113.45,45.05],[-113.45,45.04],[-113.45,45.03],[-113.45,45.02],[-113.44,45.01],[-113.44,45.0],[-113.45,45.0],[-113.45,44.99],[-113.44,44.98],[-113.44,44.97],[-113.45,44.97],[-113.44,44.96],[-113.45,44.96],[-113.45,44.95],[-113.46,44.95],[-113.47,44.95],[-113.48,44.95],[-113.49,44.95],[-113.5,44.95],[-113.5,44.94],[-113.5,44.93],[-113.49,44.93],[-113.49,44.92],[-113.48,44.92],[-113.48,44.91],[-113.47,44.91],[-113.48,44.9],[-113.47,44.89],[-113.46,44.89],[-113.46,44.88],[-113.46,44.87],[-113.45,44.86],[-113.44,44.86],[-113.43,44.86],[-113.43,44.85],[-113.42,44.85],[-113.42,44.84],[-113.41,44.84],[-113.4,44.84],[-113.39,44.84],[-113.38,44.84],[-113.38,44.83],[-113.37,44.83],[-113.37,44.82],[-113.36,44.82],[-113.35,44.81],[-113.35,44.8],[-113.35,44.79],[-113.34,44.79],[-113.33,44.79],[-113.32,44.79],[-113.32,44.8],[-113.31,44.8],[-113.3,44.8],[-113.29,44.81],[-113.28,44.81],[-113.27,44.81],[-113.27,44.82],[-113.26,44.82],[-113.25,44.82],[-113.24,44.82],[-113.24,44.81],[-113.23,44.81],[-113.22,44.81],[-113.21,44.81],[-113.2,44.8],[-113.19,44.8],[-113.18,44.79],[-113.17,44.78],[-113.16,44.78],[-113.15,44.78],[-113.14,44.78],[-113.14,44.77],[-113.13,44.77],[-113.13,44.76],[-113.13,44.75],[-113.12,44.75],[-113.12,44.74],[-113.12,44.73],[-113.11,44.73],[-113.1,44.73],[-113.1,44.72],[-113.1,44.71],[-113.1,44.7],[-113.09,44.69],[-113.08,44.69],[-113.08,44.68],[-113.07,44.68],[-113.07,44.67],[-113.07,44.66],[-113.06,44.65],[-113.06,44.64],[-113.05,44.64],[-113.05,44.63],[-113.05,44.62],[-113.06,44.62],[-113.07,44.62],[-113.07,44.61],[-113.08,44.61],[-113.09,44.6],[-113.08,44.6],[-113.07,44.59],[-113.06,44.59],[-113.07,44.58],[-113.05,44.57],[-113.04,44.57],[-113.04,44.56],[-113.05,44.56],[-113.05,44.55],[-113.05,44.54],[-113.04,44.54],[-113.03,44.54],[-113.02,44.54],[-113.02,44.53],[-113.01,44.53],[-113.01,44.52],[-113.02,44.52],[-113.01,44.51],[-113.02,44.5],[-113.03,44.5],[-113.03,44.49],[-113.02,44.49],[-113.02,44.48],[-113.01,44.48],[-113.01,44.47],[-113.01,44.46],[-113.0,44.45],[-112.99,44.45],[-112.99,44.44],[-112.98,44.44],[-112.98,44.43],[-112.97,44.43],[-112.96,44.42],[-112.95,44.42],[-112.94,44.41],[-112.93,44.41],[-112.92,44.41],[-112.92,44.4],[-112.91,44.4],[-112.9,44.4],[-112.89,44.4],[-112.88,44.39],[-112.88,44.38],[-112.87,44.37],[-112.86,44.37],[-112.86,44.36],[-112.85,44.36],[-112.84,44.36],[-112.83,44.37],[-112.82,44.37],[-112.81,44.38],[-112.81,44.37],[-112.81,44.32],[-112.81,44.3],[-112.81,44.23],[-112.87,44.23],[-112.88,44.23],[-112.93,44.23],[-112.99,44.23],[-113.0,44.23],[-113.25,44.23],[-113.27,44.23],[-113.32,44.23],[-113.32,44.24],[-113.33,44.24],[-113.33,44.25],[-113.33,44.26],[-113.33,44.27],[-113.33,44.28],[-113.33,44.29],[-113.34,44.29],[-113.34,44.3],[-113.34,44.31],[-113.34,44.32],[-113.35,44.32],[-113.35,44.33],[-113.36,44.33],[-113.36,44.34],[-113.36,44.35],[-113.37,44.35],[-113.37,44.36],[-113.38,44.36],[-113.38,44.37],[-113.39,44.37],[-113.4,44.38],[-113.41,44.38],[-113.41,44.39],[-113.41,44.4],[-113.42,44.41],[-113.42,44.42],[-113.43,44.42],[-113.43,44.43],[-113.44,44.43],[-113.44,44.44],[-113.45,44.45],[-113.45,44.46],[-113.46,44.45],[-113.46,44.46],[-113.47,44.46],[-113.47,44.45],[-113.48,44.45],[-113.48,44.44],[-113.48,44.43],[-113.49,44.43],[-113.5,44.43],[-113.5,44.42],[-113.51,44.42],[-113.52,44.42],[-113.52,44.43],[-113.53,44.43],[-113.54,44.42],[-113.54,44.43],[-113.55,44.43],[-113.56,44.43],[-113.56,44.44],[-113.57,44.44],[-113.58,44.44],[-113.59,44.44],[-113.6,44.44],[-113.61,44.44],[-113.61,44.45],[-113.62,44.45],[-113.63,44.45],[-113.64,44.45],[-113.65,44.45],[-113.66,44.45],[-113.67,44.45],[-113.67,44.46],[-113.68,44.46],[-113.69,44.47],[-113.7,44.47],[-113.71,44.47],[-113.72,44.47],[-113.72,44.48],[-113.73,44.48],[-113.74,44.48],[-113.75,44.48],[-113.76,44.48],[-113.76,44.49],[-113.77,44.49],[-113.78,44.49],[-113.79,44.49],[-113.8,44.49],[-113.81,44.49],[-113.82,44.49],[-113.82,44.5],[-113.83,44.5],[-113.83,44.51],[-113.84,44.51],[-113.84,44.52],[-113.85,44.52],[-113.85,44.53],[-113.86,44.53],[-113.86,44.54],[-113.87,44.54],[-113.88,44.54],[-113.88,44.55],[-113.89,44.55],[-113.9,44.55],[-113.9,44.56],[-113.91,44.56],[-113.91,44.57],[-113.92,44.57],[-113.93,44.57],[-113.93,44.58],[-113.94,44.58],[-113.94,44.59],[-113.95,44.59],[-113.95,44.6],[-113.96,44.6],[-113.96,44.61],[-113.97,44.61],[-113.97,44.62],[-113.98,44.62],[-113.99,44.62],[-113.99,44.63],[-114.0,44.63],[-114.0,44.64],[-114.01,44.64],[-114.01,44.65],[-114.02,44.65],[-114.02,44.66],[-114.03,44.66],[-114.03,44.67],[-114.03,44.68],[-114.04,44.68],[-114.04,44.69],[-114.05,44.69],[-114.05,44.7],[-114.05,44.71],[-114.05,44.72],[-114.06,44.72],[-114.06,44.73],[-114.07,44.73],[-114.07,44.74],[-114.08,44.74],[-114.08,44.75],[-114.08,44.76],[-114.09,44.76],[-114.09,44.75],[-114.1,44.75],[-114.11,44.75],[-114.11,44.74],[-114.12,44.74],[-114.13,44.74],[-114.13,44.73],[-114.14,44.73],[-114.15,44.74],[-114.16,44.75]]],[[[-114.16,44.75],[-114.16,44.74],[-114.17,44.74],[-114.17,44.75],[-114.16,44.75]]]]}},
{"type":"Feature","properties":{"ugc":"IDZ011","name":"West Central Mountains","state":"ID","wfo":"BOI"},"geometry":{"type":"MultiPolygon","coordinates":[[[[-116.85,44.97],[-116.86,44.98],[-116.86,44.99],[-116.85,44.99],[-116.85,45.0],[-116.84,45.0],[-116.85,45.01],[-116.85,45.02],[-116.84,45.03],[-116.83,45.04],[-116.82,45.04],[-116.82,45.05],[-116.81,45.05],[-116.8,45.05],[-116.8,45.06],[-116.79,45.06],[-116.79,45.07],[-116.78,45.08],[-116.78,45.09],[-116.78,45.1],[-116.77,45.11],[-116.76,45.11],[-116.75,45.12],[-116.75,45.13],[-116.74,45.14],[-116.73,45.14],[-116.73,45.16],[-116.72,45.16],[-116.72,45.17],[-116.72,45.18],[-116.71,45.19],[-116.71,45.2],[-116.71,45.21],[-116.71,45.22],[-116.7,45.23],[-116.7,45.24],[-116.7,45.25],[-116.69,45.26],[-116.69,45.27],[-116.62,45.27],[-116.5,45.27],[-116.43,45.27],[-116.39,45.27],[-116.34,45.27],[-116.34,45.26],[-116.33,45.25],[-116.33,45.24],[-116.32,45.23],[-116.32,45.22],[-116.31,45.21],[-116.31,45.2],[-116.31,45.19],[-116.3,45.19],[-116.3,45.18],[-116.3,45.17],[-116.3,45.16],[-116.3,45.15],[-116.29,45.15],[-116.29,45.14],[-116.28,45.14],[-116.28,45.13],[-116.29,45.13],[-116.3,45.12],[-116.3,45.11],[-116.25,45.11],[-116.17,45.11],[-116.15,45.11],[-116.14,45.11],[-116.14,45.12],[-116.14,45.13],[-116.14,45.14],[-116.13,45.14],[-116.13,45.15],[-116.12,45.16],[-116.11,45.16],[-116.1,45.16],[-116.1,45.15],[-116.09,45.16],[-116.08,45.15],[-116.08,45.16],[-116.07,45.16],[-116.06,45.17],[-116.05,45.17],[-116.04,45.18],[-116.03,45.18],[-116.02,45.18],[-116.02,45.19],[-116.01,45.19],[-116.01,45.2],[-116.0,45.2],[-115.99,45.2],[-115.99,45.21],[-115.98,45.22],[-115.97,45.22],[-115.97,45.21],[-115.97,45.2],[-115.9,45.2],[-115.89,45.2],[-115.82,45.2],[-115.75,45.2],[-115.63,45.2],[-115.61,45.2],[-115.42,45.2],[-115.38,45.2],[-115.37,45.2],[-115.34,45.2],[-115.31,45.2],[-115.21,45.2],[-115.18,45.2],[-115.15,45.2],[-115.13,45.2],[-114.99,45.2],[-114.93,45.2],[-114.75,45.2],[-114.72,45.2],[-114.69,45.2],[-114.7,45.19],[-114.71,45.19],[-114.72,45.19],[-114.72,45.18],[-114.72,45.17],[-114.72,45.16],[-114.73,45.16],[-114.73,45.15],[-114.73,45.14],[-114.73,45.13],[-114.72,45.12],[-114.73,45.11],[-114.73,45.1],[-114.73,45.09],[-114.72,45.09],[-114.72,45.08],[-114.73,45.08],[-114.73,45.07],[-114.73,45.06],[-114.72,45.06],[-114.72,45.05],[-114.73,45.05],[-114.73,45.04],[-114.72,45.03],[-114.73,45.03],[-114.73,45.02],[-114.73,45.01],[-114.72,45.01],[-114.72,45.0],[-114.73,45.0],[-114.73,44.99],[-114.73,44.98],[-114.74,44.97],[-114.73,44.97],[-114.73,44.96],[-114.73,44.95],[-114.73,44.94],[-114.72,44.94],[-114.72,44.93],[-114.73,44.93],[-114.74,44.92],[-114.73,44.92],[-114.73,44.91],[-114.73,44.9],[-114.73,44.89],[-114.73,44.88],[-114.74,44.88],[-114.75,44.88],[-114.75,44.87],[-114.76,44.87],[-114.76,44.88],[-114.77,44.87],[-114.77,44.86],[-114.76,44.86],[-114.76,44.85],[-114.77,44.85],[-114.77,44.84],[-114.78,44.84],[-114.79,44.83],[-114.8,44.83],[-114.8,44.82],[-114.81,44.82],[-114.81,44.81],[-114.82,44.81],[-114.82,44.8],[-114.83,44.8],[-114.84,44.8],[-114.84,44.79],[-114.85,44.79],[-114.85,44.78],[-114.86,44.78],[-114.87,44.78],[-114.88,44.78],[-114.88,44.77],[-114.89,44.77],[-114.9,44.76],[-114.91,44.76],[-114.91,44.75],[-114.92,44.74],[-114.93,44.73],[-114.94,44.73],[-114.94,44.72],[-114.95,44.72],[-114.96,44.72],[-114.97,44.72],[-114.97,44.73],[-114.98,44.73],[-114.99,44.73],[-115.0,44.73],[-115.0,44.72],[-115.01,44.72],[-115.02,44.72],[-115.02,44.73],[-115.01,44.74],[-115.02,44.74],[-115.03,44.74],[-115.04,44.75],[-115.05,44.75],[-115.06,44.76],[-115.07,44.76],[-115.07,44.77],[-115.08,44.77],[-115.09,44.77],[-115.1,44.77],[-115.1,44.76],[-115.11,44.76],[-115.12,44.76],[-115.12,44.75],[-115.13,44.75],[-115.14,44.74],[-115.14,44.73],[-115.15,44.73],[-115.15,44.72],[-115.14,44.72],[-115.14,44.71],[-115.15,44.71],[-115.15,44.7],[-115.15,44.69],[-115.15,44.68],[-115.15,44.67],[-115.16,44.67],[-115.16,44.66],[-115.17,44.66],[-115.17,44.65],[-115.18,44.65],[-115.18,44.64],[-115.19,44.64],[-115.19,44.63],[-115.2,44.63],[-115.21,44.63],[-115.22,44.63],[-115.23,44.63],[-115.23,44.62],[-115.24,44.62],[-115.25,44.62],[-115.26,44.62],[-115.26,44.61],[-115.27,44.61],[-115.28,44.61],[-115.28,44.6],[-115.29,44.6],[-115.29,44.59],[-115.3,44.59],[-115.3,44.58],[-115.3,44.57],[-115.3,44.56],[-115.3,44.55],[-115.29,44.55],[-115.29,44.54],[-115.29,44.53],[-115.28,44.53],[-115.28,44.52],[-115.27,44.52],[-115.26,44.52],[-115.25,44.52],[-115.24,44.51],[-115.24,44.5],[-115.23,44.5],[-115.23,44.49],[-115.23,44.48],[-115.23,44.47],[-115.22,44.46],[-115.23,44.46],[-115.23,44.45],[-115.23,44.44],[-115.23,44.43],[-115.23,44.42],[-115.23,44.41],[-115.24,44.41],[-115.24,44.4],[-115.25,44.4],[-115.25,44.39],[-115.25,44.38],[-115.26,44.38],[-115.26,44.37],[-115.27,44.36],[-115.28,44.36],[-115.29,44.35],[-115.29,44.34],[-115.3,44.34],[-115.31,44.34],[-115.31,44.35],[-115.32,44.35],[-115.33,44.35],[-115.34,44.35],[-115.35,44.35],[-115.36,44.35],[-115.36,44.34],[-115.35,44.34],[-115.35,44.33],[-115.35,44.32],[-115.35,44.31],[-115.35,44.3],[-115.36,44.3],[-115.37,44.3],[-115.38,44.3],[-115.38,44.29],[-115.39,44.29],[-115.39,44.28],[-115.39,44.27],[-115.4,44.27],[-115.4,44.26],[-115.41,44.26],[-115.41,44.27],[-115.42,44.27],[-115.43,44.27],[-115.43,44.26],[-115.44,44.26],[-115.44,44.25],[-115.45,44.25],[-115.46,44.24],[-115.47,44.24],[-115.48,44.24],[-115.49,44.24],[-115.49,44.23],[-115.5,44.23],[-115.5,44.24],[-115.51,44.24],[-115.52,44.24],[-115.55,44.24],[-115.57,44.24],[-115.63,44.24],[-115.74,44.24],[-115.75,44.24],[-115.85,44.24],[-115.88,44.24],[-115.9,44.24],[-116.0,44.24],[-116.03,44.24],[-116.04,44.24],[-116.1,44.24],[-116.1,44.23],[-116.11,44.22],[-116.11,44.21],[-116.11,44.2],[-116.11,44.19],[-116.12,44.18],[-116.12,44.17],[-116.12,44.16],[-116.11,44.15],[-116.13,44.15],[-116.16,44.15],[-116.24,44.15],[-116.25,44.15],[-116.27,44.15],[-116.35,44.15],[-116.36,44.15],[-116.36,44.16],[-116.35,44.17],[-116.35,44.18],[-116.36,44.18],[-116.35,44.19],[-116.36,44.2],[-116.36,44.21],[-116.35,44.21],[-116.34,44.22],[-116.35,44.22],[-116.34,44.23],[-116.35,44.23],[-116.35,44.24],[-116.35,44.25],[-116.34,44.26],[-116.34,44.27],[-116.34,44.28],[-116.34,44.29],[-116.35,44.29],[-116.34,44.3],[-116.34,44.31],[-116.34,44.32],[-116.35,44.32],[-116.34,44.33],[-116.34,44.34],[-116.33,44.35],[-116.33,44.36],[-116.34,44.36],[-116.33,44.37],[-116.33,44.38],[-116.32,44.38],[-116.32,44.39],[-116.32,44.4],[-116.32,44.41],[-116.32,44.42],[-116.31,44.42],[-116.31,44.43],[-116.3,44.44],[-116.31,44.44],[-116.31,44.53],[-116.31,44.57],[-116.33,44.57],[-116.33,44.59],[-116.35,44.59],[-116.35,44.63],[-116.33,44.63],[-116.33,44.64],[-116.35,44.64],[-116.35,44.67],[-116.37,44.67],[-116.37,44.7],[-116.39,44.7],[-116.39,44.86],[-116.41,44.86],[-116.41,44.85],[-116.43,44.85],[-116.43,44.86],[-116.49,44.86],[-116.49,44.88],[-116.51,44.88],[-116.51,44.89],[-116.55,44.89],[-116.55,44.88],[-116.59,44.88],[-116.59,44.85],[-116.61,44.85],[-116.62,44.84],[-116.62,44.82],[-116.59,44.82],[-116.59,44.79],[-116.53,44.79],[-116.53,44.73],[-116.55,44.73],[-116.55,44.72],[-116.57,44.72],[-116.57,44.7],[-116.59,44.7],[-116.59,44.69],[-116.61,44.69],[-116.62,44.69],[-116.66,44.69],[-116.76,44.69],[-116.82,44.69],[-116.82,44.7],[-116.85,44.7],[-116.85,44.65],[-116.86,44.65],[-116.86,44.6],[-116.88,44.6],[-116.88,44.59],[-116.88,44.54],[-116.89,44.54],[-116.9,44.54],[-116.9,44.53],[-116.92,44.53],[-116.92,44.52],[-116.94,44.52],[-116.93,44.5],[-116.94,44.49],[-116.93,44.46],[-116.92,44.42],[-116.93,44.4],[-116.94,44.36],[-116.96,44.34],[-116.99,44.32],[-117.01,44.32],[-117.06,44.34],[-117.1,44.33],[-117.12,44.28],[-117.13,44.27],[-117.13,44.26],[-117.14,44.26],[-117.15,44.26],[-117.16,44.26],[-117.17,44.26],[-117.18,44.26],[-117.18,44.27],[-117.19,44.27],[-117.2,44.27],[-117.2,44.28],[-117.21,44.28],[-117.22,44.29],[-117.22,44.3],[-117.22,44.31],[-117.21,44.31],[-117.2,44.31],[-117.2,44.32],[-117.2,44.33],[-117.19,44.33],[-117.19,44.34],[-117.2,44.35],[-117.21,44.35],[-117.21,44.36],[-117.22,44.36],[-117.22,44.37],[-117.23,44.37],[-117.24,44.37],[-117.24,44.38],[-117.24,44.39],[-117.24,44.4],[-117.23,44.4],[-117.23,44.41],[-117.22,44.41],[-117.22,44.42],[-117.22,44.43],[-117.22,44.44],[-117.22,44.45],[-117.21,44.45],[-117.22,44.46],[-117.22,44.47],[-117.23,44.48],[-117.22,44.48],[-117.22,44.49],[-117.21,44.49],[-117.2,44.49],[-117.2,44.5],[-117.19,44.5],[-117.19,44.51],[-117.19,44.52],[-117.18,44.52],[-117.17,44.52],[-117.16,44.53],[-117.15,44.53],[-117.15,44.54],[-117.14,44.55],[-117.14,44.56],[-117.15,44.56],[-117.15,44.57],[-117.14,44.57],[-117.13,44.58],[-117.12,44.59],[-117.13,44.59],[-117.12,44.6],[-117.12,44.61],[-117.12,44.62],[-117.11,44.62],[-117.11,44.63],[-117.1,44.64],[-117.1,44.65],[-117.09,44.65],[-117.1,44.66],[-117.09,44.67],[-117.08,44.67],[-117.08,44.68],[-117.08,44.69],[-117.07,44.7],[-117.06,44.7],[-117.06,44.71],[-117.06,44.72],[-117.06,44.73],[-117.05,44.73],[-117.05,44.74],[-117.04,44.75],[-117.03,44.75],[-117.02,44.75],[-117.01,44.76],[-117.0,44.76],[-116.99,44.76],[-116.97,44.77],[-116.97,44.78],[-116.96,44.78],[-116.95,44.78],[-116.94,44.78],[-116.93,44.79],[-116.93,44.8],[-116.93,44.81],[-116.92,44.81],[-116.91,44.83],[-116.9,44.84],[-116.9,44.85],[-116.89,44.86],[-116.88,44.86],[-116.88,44.87],[-116.87,44.87],[-116.86,44.88],[-116.85,44.89],[-116.85,44.9],[-116.84,44.91],[-116.84,44.92],[-116.84,44.93],[-116.83,44.93],[-116.83,44.94],[-116.84,44.94],[-116.84,44.95],[-116.85,44.96],[-116.85,44.97]],[[-116.84,44.97],[-116.83,44.97],[-116.83,44.98],[-116.84,44.98],[-116.84,44.97]]]]}},
{"type":"Feature","properties":{"ugc":"IDZ012","name":"Lower Treasure Valley","state":"ID","wfo":"BOI"},"geometry":{"type":"MultiPolygon","coordinates":[[[[-116.83,44.34],[-116.79,44.25],[-116.77,44.25],[-116.77,44.24],[-116.73,44.24],[-116.73,44.21],[-116.71,44.2],[-116.71,44.18],[-116.65,44.15],[-116.62,44.15],[-116.53,44.15],[-116.38,44.15],[-116.36,44.15],[-116.35,44.15],[-116.27,44.15],[-116.27,44.09],[-116.27,44.07],[-116.27,44.0],[-116.27,43.91],[-116.27,43.89],[-116.27,43.87],[-116.27,43.84],[-116.27,43.81],[-116.28,43.81],[-116.31,43.81],[-116.34,43.81],[-116.38,43.81],[-116.42,43.81],[-116.48,43.81],[-116.51,43.81],[-116.51,43.78],[-116.51,43.74],[-116.51,43.73],[-116.51,43.72],[-116.51,43.7],[-116.51,43.69],[-116.51,43.67],[-116.51,43.65],[-116.51,43.63],[-116.5,43.63],[-116.49,43.63],[-116.47,43.63],[-116.47,43.6],[-116.47,43.59],[-116.47,43.54],[-116.47,43.52],[-116.47,43.5],[-116.47,43.46],[-116.48,43.46],[-116.51,43.46],[-116.51,43.44],[-116.51,43.39],[-116.51,43.37],[-116.51,43.36],[-116.51,43.35],[-116.51,43.32],[-116.51,43.3],[-116.51,43.29],[-116.5,43.28],[-116.5,43.04],[-116.58,43.11],[-116.96,43.52],[-117.02,43.58],[-117.03,43.58],[-117.03,43.61],[-117.03,43.62],[-117.03,43.63],[-117.03,43.67],[-117.03,43.68],[-117.03,43.69],[-117.03,43.7],[-117.03,43.71],[-117.03,43.72],[-117.03,43.75],[-117.03,43.81],[-117.02,43.81],[-117.02,43.82],[-117.03,43.83],[-117.03,43.84],[-117.02,43.84],[-117.01,43.84],[-117.01,43.85],[-117.02,43.85],[-117.02,43.86],[-117.01,43.86],[-117.0,43.86],[-116.99,43.86],[-116.98,43.87],[-116.98,43.88],[-116.98,43.89],[-116.98,43.9],[-116.98,43.91],[-116.97,43.92],[-116.96,43.92],[-116.96,43.93],[-116.97,43.93],[-116.97,43.94],[-116.96,43.94],[-116.96,43.95],[-116.96,43.96],[-116.97,43.96],[-116.98,43.96],[-116.97,43.97],[-116.96,43.97],[-116.96,43.98],[-116.95,43.98],[-116.94,43.98],[-116.94,43.99],[-116.94,44.0],[-116.94,44.01],[-116.94,44.02],[-116.93,44.02],[-116.94,44.03],[-116.94,44.04],[-116.95,44.04],[-116.96,44.05],[-116.97,44.05],[-116.97,44.06],[-116.98,44.06],[-116.98,44.07],[-116.98,44.08],[-116.98,44.09],[-116.97,44.09],[-116.96,44.09],[-116.94,44.09],[-116.94,44.1],[-116.93,44.1],[-116.93,44.11],[-116.93,44.12],[-116.92,44.12],[-116.92,44.13],[-116.91,44.13],[-116.91,44.14],[-116.9,44.15],[-116.9,44.16],[-116.89,44.16],[-116.89,44.17],[-116.9,44.17],[-116.9,44.18],[-116.91,44.18],[-116.92,44.18],[-116.92,44.19],[-116.93,44.19],[-116.94,44.19],[-116.95,44.19],[-116.96,44.19],[-116.97,44.19],[-116.97,44.2],[-116.97,44.21],[-116.97,44.22],[-116.97,44.23],[-116.97,44.24],[-116.98,44.24],[-116.99,44.25],[-117.0,44.25],[-117.01,44.25],[-117.02,44.25],[-117.03,44.25],[-117.04,44.25],[-117.04,44.24],[-117.05,44.23],[-117.06,44.23],[-117.06,44.24],[-117.07,44.24],[-117.07,44.25],[-117.08,44.25],[-117.09,44.26],[-117.09,44.27],[-117.1,44.27],[-117.1,44.28],[-117.11,44.28],[-117.12,44.28],[-117.1,44.33],[-117.06,44.34],[-117.01,44.32],[-116.99,44.32],[-116.96,44.34],[-116.94,44.36],[-116.93,44.4],[-116.92,44.42],[-116.89,44.43],[-116.87,44.43],[-116.85,44.41],[-116.83,44.34]]]]}},
{"type":"Feature","properties":{"ugc":"IDZ013","name":"Boise Mountains","state":"ID","wfo":"BOI"},"geometry":{"type":"MultiPolygon","coordinates":[[[[-116.12,44.18],[-116.11,44.19],[-116.11,44.2],[-116.11,44.21],[-116.11,44.22],[-116.1,44.23],[-116.1,44.24],[-116.04,44.24],[-116.03,44.24],[-116.0,44.24],[-115.9,44.24],[-115.88,44.24],[-115.85,44.24],[-115.75,44.24],[-115.74,44.24],[-115.63,44.24],[-115.57,44.24],[-115.55,44.24],[-115.52,44.24],[-115.51,44.24],[-115.5,44.24],[-115.5,44.23],[-115.49,44.23],[-115.49,44.24],[-115.48,44.24],[-115.47,44.24],[-115.46,44.24],[-115.45,44.25],[-115.44,44.25],[-115.44,44.26],[-115.43,44.26],[-115.43,44.27],[-115.42,44.27],[-115.41,44.27],[-115.41,44.26],[-115.4,44.26],[-115.4,44.27],[-115.39,44.27],[-115.39,44.28],[-115.39,44.29],[-115.38,44.29],[-115.38,44.3],[-115.37,44.3],[-115.36,44.3],[-115.35,44.3],[-115.35,44.31],[-115.35,44.32],[-115.35,44.33],[-115.35,44.34],[-115.36,44.34],[-115.36,44.35],[-115.35,44.35],[-115.34,44.35],[-115.33,44.35],[-115.32,44.35],[-115.31,44.35],[-115.31,44.34],[-115.3,44.34],[-115.29,44.34],[-115.29,44.33],[-115.29,44.32],[-115.28,44.32],[-115.27,44.32],[-115.26,44.31],[-115.25,44.31],[-115.25,44.3],[-115.24,44.29],[-115.24,44.3],[-115.24,44.31],[-115.23,44.31],[-115.22,44.31],[-115.21,44.3],[-115.21,44.29],[-115.2,44.29],[-115.2,44.28],[-115.19,44.29],[-115.18,44.29],[-115.17,44.29],[-115.17,44.28],[-115.17,44.27],[-115.16,44.26],[-115.16,44.25],[-115.16,44.24],[-115.17,44.24],[-115.17,44.23],[-115.17,44.22],[-115.16,44.22],[-115.16,44.21],[-115.17,44.21],[-115.17,44.2],[-115.16,44.2],[-115.15,44.2],[-115.15,44.19],[-115.14,44.19],[-115.13,44.19],[-115.12,44.19],[-115.12,44.18],[-115.11,44.18],[-115.11,44.17],[-115.1,44.17],[-115.09,44.17],[-115.08,44.18],[-115.08,44.17],[-115.07,44.17],[-115.07,44.16],[-115.06,44.16],[-115.05,44.17],[-115.05,44.16],[-115.04,44.16],[-115.03,44.16],[-115.02,44.16],[-115.02,44.15],[-115.02,44.14],[-115.02,44.13],[-115.03,44.13],[-115.04,44.12],[-115.04,44.11],[-115.03,44.11],[-115.02,44.1],[-115.01,44.1],[-115.0,44.1],[-115.0,44.09],[-115.0,44.08],[-115.01,44.08],[-115.02,44.08],[-115.02,44.07],[-115.03,44.07],[-115.04,44.07],[-115.04,44.06],[-115.05,44.06],[-115.05,44.05],[-115.05,44.04],[-115.04,44.03],[-115.04,44.02],[-115.03,44.02],[-115.02,44.02],[-115.02,44.01],[-115.01,44.01],[-115.0,44.02],[-115.0,44.01],[-114.99,44.01],[-114.98,44.01],[-114.98,44.0],[-114.99,43.99],[-114.98,43.99],[-114.98,43.98],[-114.97,43.98],[-114.97,43.97],[-114.98,43.97],[-114.99,43.96],[-114.99,43.95],[-114.98,43.95],[-114.98,43.94],[-114.97,43.94],[-114.98,43.93],[-114.98,43.92],[-114.99,43.92],[-115.0,43.91],[-114.99,43.91],[-114.99,43.9],[-114.99,43.89],[-114.98,43.88],[-114.97,43.88],[-114.97,43.87],[-114.98,43.87],[-114.98,43.86],[-114.98,43.85],[-114.97,43.85],[-114.96,43.85],[-114.95,43.85],[-114.94,43.85],[-114.94,43.84],[-114.93,43.84],[-114.92,43.84],[-114.91,43.83],[-114.9,43.83],[-114.89,43.83],[-114.88,43.82],[-114.87,43.82],[-114.86,43.82],[-114.85,43.82],[-114.85,43.81],[-114.85,43.8],[-114.86,43.8],[-114.85,43.79],[-114.84,43.79],[-114.83,43.79],[-114.82,43.79],[-114.82,43.8],[-114.8,43.8],[-114.79,43.8],[-114.78,43.8],[-114.78,43.79],[-114.77,43.79],[-114.76,43.79],[-114.76,43.8],[-114.75,43.8],[-114.74,43.81],[-114.73,43.81],[-114.72,43.81],[-114.72,43.82],[-114.71,43.81],[-114.7,43.81],[-114.7,43.8],[-114.7,43.79],[-114.69,43.79],[-114.69,43.78],[-114.69,43.77],[-114.69,43.76],[-114.69,43.75],[-114.68,43.75],[-114.68,43.74],[-114.67,43.74],[-114.67,43.73],[-114.68,43.73],[-114.68,43.72],[-114.68,43.71],[-114.68,43.7],[-114.68,43.69],[-114.69,43.69],[-114.69,43.68],[-114.68,43.68],[-114.68,43.67],[-114.67,43.67],[-114.67,43.66],[-114.66,43.66],[-114.66,43.65],[-114.66,43.64],[-114.67,43.64],[-114.67,43.63],[-114.67,43.62],[-114.68,43.62],[-114.68,43.61],[-114.68,43.6],[-114.68,43.59],[-114.67,43.59],[-114.66,43.59],[-114.65,43.59],[-114.64,43.59],[-114.64,43.58],[-114.63,43.57],[-114.62,43.58],[-114.62,43.57],[-114.61,43.57],[-114.6,43.57],[-114.6,43.56],[-114.59,43.56],[-114.59,43.55],[-114.59,43.54],[-114.6,43.53],[-114.59,43.53],[-114.58,43.53],[-114.58,43.52],[-114.58,43.51],[-114.57,43.51],[-114.57,43.5],[-114.56,43.5],[-114.55,43.5],[-114.54,43.5],[-114.54,43.49],[-114.53,43.49],[-114.52,43.49],[-114.51,43.49],[-114.51,43.48],[-114.51,43.47],[-114.51,43.46],[-114.52,43.46],[-114.52,43.45],[-114.53,43.45],[-114.53,43.44],[-114.54,43.44],[-114.55,43.44],[-114.55,43.43],[-114.55,43.4],[-114.59,43.4],[-114.61,43.4],[-114.65,43.41],[-114.67,43.41],[-114.67,43.43],[-114.69,43.43],[-114.69,43.4],[-114.71,43.4],[-114.71,43.43],[-114.73,43.43],[-114.73,43.44],[-114.79,43.44],[-114.84,43.44],[-114.91,43.44],[-114.96,43.42],[-114.99,43.42],[-114.99,43.43],[-115.05,43.43],[-115.05,43.38],[-115.07,43.36],[-115.09,43.36],[-115.09,43.37],[-115.13,43.37],[-115.13,43.36],[-115.17,43.36],[-115.17,43.33],[-115.2,43.33],[-115.21,43.3],[-115.28,43.3],[-115.28,43.29],[-115.28,43.24],[-115.11,43.2],[-115.09,43.2],[-115.09,43.09],[-115.09,43.08],[-115.09,43.07],[-115.27,43.08],[-115.54,43.2],[-115.62,43.26],[-115.74,43.32],[-115.86,43.4],[-115.97,43.5],[-115.98,43.5],[-115.97,43.54],[-115.98,43.55],[-115.98,43.56],[-115.98,43.58],[-115.98,43.59],[-115.99,43.59],[-116.0,43.6],[-116.01,43.61],[-116.12,43.69],[-116.13,43.7],[-116.15,43.71],[-116.16,43.72],[-116.17,43.72],[-116.18,43.73],[-116.2,43.75],[-116.23,43.77],[-116.25,43.79],[-116.26,43.79],[-116.27,43.8],[-116.28,43.8],[-116.28,43.81],[-116.27,43.81],[-116.27,43.84],[-116.27,43.87],[-116.27,43.89],[-116.27,43.91],[-116.27,44.0],[-116.27,44.07],[-116.27,44.09],[-116.27,44.15],[-116.25,44.15],[-116.24,44.15],[-116.16,44.15],[-116.13,44.15],[-116.11,44.15],[-116.12,44.16],[-116.12,44.17],[-116.12,44.18]]]]}},
{"type":"Feature","properties":{"ugc":"IDZ014","name":"Upper Treasure Valley","state":"ID","wfo":"BOI"},"geometry":{"type":"MultiPolygon","coordinates":[[[[-116.42,43.81],[-116.38,43.81],[-116.34,43.81],[-116.31,43.81],[-116.28,43.81],[-116.28,43.8],[-116.27,43.8],[-116.26,43.79],[-116.25,43.79],[-116.23,43.77],[-116.2,43.75],[-116.18,43.73],[-116.17,43.72],[-116.16,43.72],[-116.15,43.71],[-116.13,43.7],[-116.12,43.69],[-116.01,43.61],[-116.0,43.6],[-115.99,43.59],[-115.98,43.59],[-115.98,43.58],[-115.98,43.56],[-115.98,43.55],[-115.97,43.54],[-115.98,43.5],[-115.97,43.5],[-115.86,43.4],[-115.74,43.32],[-115.62,43.26],[-115.54,43.2],[-115.27,43.08],[-115.09,43.07],[-115.09,43.06],[-115.09,43.01],[-115.09,42.95],[-115.09,42.92],[-115.09,42.91],[-115.08,42.92],[-115.07,42.91],[-115.06,42.91],[-115.05,42.92],[-115.04,42.91],[-115.04,42.9],[-115.04,42.89],[-115.04,42.85],[-115.04,42.82],[-115.04,42.72],[-115.04,42.7],[-115.04,42.67],[-115.04,42.63],[-115.04,42.62],[-115.04,42.61],[-115.04,42.59],[-115.04,42.57],[-115.04,42.53],[-115.22,42.57],[-115.54,42.64],[-115.97,42.73],[-116.2,42.82],[-116.4,42.93],[-116.5,43.04],[-116.5,43.28],[-116.51,43.29],[-116.51,43.3],[-116.51,43.32],[-116.51,43.35],[-116.51,43.36],[-116.51,43.37],[-116.51,43.39],[-116.51,43.44],[-116.51,43.46],[-116.48,43.46],[-116.47,43.46],[-116.47,43.5],[-116.47,43.52],[-116.47,43.54],[-116.47,43.59],[-116.47,43.6],[-116.47,43.63],[-116.49,43.63],[-116.5,43.63],[-116.51,43.63],[-116.51,43.65],[-116.51,43.67],[-116.51,43.69],[-116.51,43.7],[-116.51,43.72],[-116.51,43.73],[-116.51,43.74],[-116.51,43.78],[-116.51,43.81],[-116.48,43.81],[-116.42,43.81]]]]}},
{"type":"Feature","properties":{"ugc":"IDZ015","name":"Southwest Highlands","state":"ID","wfo":"BOI"},"geometry":{"type":"MultiPolygon","coordinates":[[[[-115.22,42.57],[-115.04,42.53],[-115.04,42.49],[-115.04,42.47],[-115.04,42.46],[-115.04,42.17],[-115.04,42.11],[-115.04,42.1],[-115.04,42.08],[-115.04,42.07],[-115.04,42.04],[-115.04,42.0],[-115.24,42.0],[-115.25,42.0],[-115.27,42.0],[-115.29,42.0],[-115.32,42.0],[-115.37,42.0],[-115.38,42.0],[-115.44,42.0],[-115.46,42.0],[-115.53,42.0],[-115.54,42.0],[-115.59,42.0],[-115.63,42.0],[-115.65,42.0],[-115.7,42.0],[-115.71,42.0],[-115.87,42.0],[-115.88,42.0],[-115.89,42.0],[-115.91,42.0],[-115.92,42.0],[-115.93,42.0],[-115.96,42.0],[-115.99,42.0],[-116.0,42.0],[-116.01,42.0],[-116.02,42.0],[-116.06,42.0],[-116.07,42.0],[-116.15,42.0],[-116.16,42.0],[-116.17,42.0],[-116.24,42.0],[-116.26,42.0],[-116.27,42.0],[-116.28,42.0],[-116.3,42.0],[-116.32,42.0],[-116.33,42.0],[-116.34,42.0],[-116.36,42.0],[-116.37,42.0],[-116.4,42.0],[-116.44,42.0],[-116.46,42.0],[-116.51,42.0],[-116.54,42.0],[-116.55,42.0],[-116.57,42.0],[-116.58,42.0],[-116.59,42.0],[-116.63,42.0],[-116.64,42.0],[-116.71,42.0],[-116.73,42.0],[-116.76,42.0],[-116.81,42.0],[-116.85,42.0],[-116.86,42.0],[-116.89,42.0],[-116.97,42.0],[-116.99,42.0],[-117.01,42.0],[-117.02,42.0],[-117.03,42.0],[-117.03,42.07],[-117.03,42.12],[-117.03,42.16],[-117.03,42.31],[-117.03,42.32],[-117.03,42.36],[-117.03,42.38],[-117.03,42.41],[-117.03,42.46],[-117.03,42.49],[-117.03,42.67],[-116.98,42.62],[-116.91,42.6],[-116.83,42.56],[-116.68,42.59],[-116.48,42.6],[-116.37,42.64],[-116.37,42.74],[-116.51,42.88],[-116.5,43.04],[-116.4,42.93],[-116.2,42.82],[-115.97,42.73],[-115.54,42.64],[-115.22,42.57]]]]}},
{"type":"Feature","properties":{"ugc":"IDZ016","name":"Western Magic Valley","state":"ID","wfo":"BOI"},"geometry":{"type":"MultiPolygon","coordinates":[[[[-114.6,43.2],[-114.6,43.14],[-114.6,43.07],[-114.6,43.06],[-114.6,43.03],[-114.6,43.02],[-114.6,42.98],[-114.6,42.95],[-114.6,42.94],[-114.6,42.93],[-114.6,42.85],[-114.59,42.85],[-114.52,42.85],[-114.5,42.85],[-114.49,42.85],[-114.47,42.85],[-114.38,42.85],[-114.37,42.85],[-114.37,42.84],[-114.37,42.83],[-114.37,42.82],[-114.35,42.82],[-114.35,42.81],[-114.2,42.81],[-114.14,42.81],[-114.11,42.81],[-114.09,42.81],[-114.05,42.81],[-114.05,42.77],[-113.93,42.77],[-113.93,42.75],[-113.93,42.74],[-113.93,42.73],[-113.93,42.67],[-113.93,42.58],[-113.93,42.55],[-113.93,42.54],[-113.94,42.53],[-113.95,42.53],[-113.96,42.53],[-113.96,42.54],[-113.97,42.53],[-113.98,42.53],[-113.99,42.53],[-114.0,42.53],[-114.0,42.52],[-114.02,42.52],[-114.04,42.52],[-114.06,42.52],[-114.07,42.51],[-114.07,42.5],[-114.07,42.45],[-114.07,42.44],[-114.07,42.42],[-114.13,42.42],[-114.29,42.42],[-114.29,42.41],[-114.45,42.4],[-114.71,42.45],[-114.99,42.52],[-115.02,42.52],[-115.04,42.53],[-115.04,42.57],[-115.04,42.59],[-115.04,42.61],[-115.04,42.62],[-115.04,42.63],[-115.04,42.67],[-115.04,42.7],[-115.04,42.72],[-115.04,42.82],[-115.04,42.85],[-115.04,42.89],[-115.04,42.9],[-115.04,42.91],[-115.05,42.92],[-115.06,42.91],[-115.07,42.91],[-115.08,42.92],[-115.09,42.91],[-115.09,42.92],[-115.09,42.95],[-115.09,43.01],[-115.09,43.06],[-115.09,43.07],[-115.09,43.08],[-115.09,43.09],[-115.09,43.2],[-115.07,43.2],[-115.01,43.2],[-115.0,43.2],[-114.98,43.2],[-114.75,43.2],[-114.6,43.2]]]]}},
{"type":"Feature","properties":{"ugc":"IDZ026","name":"Lewiston Area","state":"ID","wfo":"OTX"},"geometry":{"type":"MultiPolygon","coordinates":[[[[-116.46,46.63],[-116.46,46.56],[-116.45,46.56],[-116.45,46.5],[-116.44,46.5],[-116.43,46.5],[-116.42,46.5],[-116.41,46.5],[-116.4,46.5],[-116.39,46.5],[-116.38,46.5],[-116.37,46.5],[-116.37,46.47],[-116.38,46.47],[-116.39,46.47],[-116.4,46.47],[-116.41,46.47],[-116.41,46.46],[-116.41,46.45],[-116.4,46.44],[-116.39,46.44],[-116.39,46.43],[-116.38,46.43],[-116.38,46.42],[-116.37,46.42],[-116.37,46.41],[-116.37,46.4],[-116.36,46.4],[-116.36,46.39],[-116.36,46.38],[-116.36,46.37],[-116.36,46.36],[-116.36,46.35],[-116.37,46.35],[-116.37,46.34],[-116.38,46.34],[-116.39,46.34],[-116.4,46.34],[-116.4,46.35],[-116.41,46.35],[-116.42,46.35],[-116.42,46.34],[-116.43,46.34],[-116.44,46.35],[-116.45,46.35],[-116.46,46.35],[-116.47,46.35],[-116.48,46.35],[-116.49,46.35],[-116.49,46.34],[-116.49,46.33],[-116.5,46.33],[-116.54,46.33],[-116.56,46.33],[-116.63,46.33],[-116.7,46.33],[-116.71,46.33],[-116.71,46.32],[-117.02,46.32],[-117.02,46.33],[-117.03,46.34],[-117.04,46.34],[-117.05,46.34],[-117.06,46.35],[-117.06,46.36],[-117.06,46.37],[-117.05,46.38],[-117.04,46.39],[-117.04,46.4],[-117.04,46.41],[-117.03,46.42],[-117.04,46.42],[-117.04,46.43],[-117.04,46.54],[-117.0,46.54],[-116.75,46.54],[-116.72,46.54],[-116.72,46.55],[-116.71,46.55],[-116.71,46.56],[-116.71,46.57],[-116.7,46.58],[-116.7,46.59],[-116.69,46.59],[-116.68,46.59],[-116.68,46.6],[-116.67,46.6],[-116.67,46.61],[-116.66,46.61],[-116.64,46.61],[-116.64,46.62],[-116.63,46.62],[-116.63,46.63],[-116.62,46.63],[-116.61,46.63],[-116.6,46.63],[-116.56,46.63],[-116.5,46.63],[-116.47,46.63],[-116.46,46.63]]]]}},
{"type":"Feature","properties":{"ugc":"IDZ027","name":"Lewis and Southern Nez Perce Counties","state":"ID","wfo":"OTX"},"geometry":{"type":"MultiPolygon","coordinates":[[[[-116.99,46.29],[-116.99,46.3],[-117.0,46.3],[-117.01,46.3],[-117.01,46.31],[-117.02,46.31],[-117.02,46.32],[-116.71,46.32],[-116.71,46.33],[-116.7,46.33],[-116.63,46.33],[-116.56,46.33],[-116.54,46.33],[-116.5,46.33],[-116.49,46.33],[-116.49,46.34],[-116.49,46.35],[-116.48,46.35],[-116.47,46.35],[-116.46,46.35],[-116.45,46.35],[-116.44,46.35],[-116.43,46.34],[-116.42,46.34],[-116.42,46.35],[-116.41,46.35],[-116.4,46.35],[-116.4,46.34],[-116.39,46.34],[-116.38,46.34],[-116.37,46.34],[-116.37,46.35],[-116.36,46.35],[-116.36,46.36],[-116.36,46.37],[-116.36,46.38],[-116.36,46.39],[-116.36,46.4],[-116.37,46.4],[-116.37,46.41],[-116.37,46.42],[-116.38,46.42],[-116.38,46.43],[-116.39,46.43],[-116.39,46.44],[-116.4,46.44],[-116.41,46.45],[-116.41,46.46],[-116.41,46.47],[-116.4,46.47],[-116.39,46.47],[-116.38,46.47],[-116.37,46.47],[-116.36,46.47],[-116.36,46.46],[-116.35,46.46],[-116.35,46.45],[-116.34,46.45],[-116.33,46.44],[-116.32,46.44],[-116.32,46.43],[-116.31,46.42],[-116.31,46.41],[-116.3,46.41],[-116.25,46.41],[-116.23,46.41],[-116.2,46.41],[-116.19,46.41],[-116.19,46.4],[-116.18,46.4],[-116.18,46.39],[-116.18,46.38],[-116.18,46.37],[-116.17,46.37],[-116.17,46.36],[-116.16,46.36],[-116.16,46.35],[-116.15,46.35],[-116.15,46.34],[-116.15,46.33],[-116.14,46.33],[-116.14,46.32],[-116.13,46.31],[-116.13,46.3],[-116.12,46.3],[-116.12,46.29],[-116.11,46.29],[-116.11,46.28],[-116.1,46.28],[-116.09,46.27],[-116.09,46.26],[-116.08,46.26],[-116.07,46.26],[-116.06,46.26],[-116.06,46.25],[-116.05,46.25],[-116.04,46.25],[-116.04,46.24],[-116.03,46.24],[-116.02,46.23],[-116.01,46.23],[-116.02,46.22],[-116.03,46.22],[-116.04,46.21],[-116.05,46.21],[-116.06,46.21],[-116.07,46.21],[-116.08,46.21],[-116.09,46.21],[-116.1,46.21],[-116.11,46.21],[-116.12,46.21],[-116.13,46.21],[-116.13,46.22],[-116.14,46.21],[-116.15,46.21],[-116.15,46.2],[-116.16,46.2],[-116.16,46.19],[-116.17,46.19],[-116.18,46.18],[-116.19,46.18],[-116.19,46.17],[-116.19,46.16],[-116.19,46.15],[-116.2,46.15],[-116.21,46.15],[-116.21,46.16],[-116.22,46.16],[-116.23,46.16],[-116.24,46.16],[-116.24,46.17],[-116.25,46.17],[-116.26,46.17],[-116.27,46.17],[-116.28,46.17],[-116.29,46.17],[-116.3,46.17],[-116.31,46.17],[-116.32,46.17],[-116.32,46.18],[-116.33,46.18],[-116.34,46.18],[-116.35,46.19],[-116.36,46.18],[-116.37,46.18],[-116.38,46.19],[-116.39,46.19],[-116.4,46.19],[-116.41,46.19],[-116.41,46.2],[-116.42,46.2],[-116.43,46.2],[-116.44,46.2],[-116.45,46.2],[-116.45,46.19],[-116.46,46.18],[-116.46,46.17],[-116.46,46.16],[-116.47,46.16],[-116.47,46.15],[-116.48,46.14],[-116.48,46.13],[-116.48,46.12],[-116.49,46.12],[-116.5,46.12],[-116.51,46.13],[-116.51,46.06],[-116.51,46.05],[-116.52,46.05],[-116.52,46.04],[-116.52,46.03],[-116.53,46.02],[-116.53,46.01],[-116.53,46.0],[-116.54,46.0],[-116.55,46.0],[-116.55,46.01],[-116.56,46.01],[-116.57,46.02],[-116.58,46.02],[-116.58,46.03],[-116.59,46.03],[-116.6,46.03],[-116.61,46.03],[-116.62,46.03],[-116.62,46.04],[-116.63,46.04],[-116.64,46.04],[-116.65,46.03],[-116.65,46.02],[-116.64,46.01],[-116.64,46.0],[-116.65,46.0],[-116.65,45.99],[-116.66,45.99],[-116.67,45.99],[-116.67,46.0],[-116.68,46.0],[-116.69,46.0],[-116.7,46.0],[-116.7,45.99],[-116.72,45.99],[-116.72,45.98],[-116.73,45.98],[-116.73,45.97],[-116.74,45.97],[-116.74,45.96],[-116.75,45.96],[-116.75,45.95],[-116.76,45.94],[-116.75,45.94],[-116.75,45.93],[-116.75,45.92],[-116.74,45.92],[-116.74,45.91],[-116.73,45.9],[-116.73,45.89],[-116.74,45.89],[-116.74,45.88],[-116.74,45.87],[-116.75,45.87],[-116.76,45.87],[-116.77,45.86],[-116.78,45.86],[-116.79,45.86],[-116.8,45.86],[-116.81,45.87],[-116.81,45.88],[-116.82,45.88],[-116.83,45.89],[-116.84,45.89],[-116.85,45.9],[-116.86,45.9],[-116.86,45.91],[-116.87,45.92],[-116.87,45.93],[-116.87,45.94],[-116.88,45.94],[-116.88,45.95],[-116.88,45.96],[-116.89,45.96],[-116.89,45.97],[-116.89,45.98],[-116.9,45.98],[-116.91,45.99],[-116.92,46.0],[-116.92,46.01],[-116.92,46.02],[-116.93,46.02],[-116.93,46.03],[-116.93,46.04],[-116.94,46.04],[-116.94,46.05],[-116.94,46.06],[-116.95,46.06],[-116.95,46.07],[-116.96,46.07],[-116.96,46.08],[-116.97,46.08],[-116.98,46.08],[-116.98,46.09],[-116.98,46.1],[-116.97,46.1],[-116.96,46.1],[-116.95,46.11],[-116.95,46.12],[-116.95,46.13],[-116.94,46.13],[-116.93,46.14],[-116.94,46.14],[-116.94,46.15],[-116.93,46.15],[-116.93,46.16],[-116.92,46.16],[-116.92,46.17],[-116.93,46.17],[-116.94,46.18],[-116.94,46.19],[-116.95,46.19],[-116.96,46.2],[-116.97,46.2],[-116.97,46.21],[-116.96,46.22],[-116.96,46.23],[-116.96,46.24],[-116.96,46.25],[-116.97,46.26],[-116.98,46.27],[-116.99,46.27],[-116.99,46.28],[-116.99,46.29]]]]}},
{"type":"Feature","properties":{"ugc":"IDZ028","name":"Camas Prairie","state":"ID","wfo":"BOI"},"geometry":{"type":"MultiPolygon","coordinates":[[[[-115.09,43.37],[-115.09,43.36],[-115.07,43.36],[-115.05,43.38],[-115.05,43.43],[-114.99,43.43],[-114.99,43.42],[-114.96,43.42],[-114.91,43.44],[-114.84,43.44],[-114.79,43.44],[-114.73,43.44],[-114.73,43.43],[-114.71,43.43],[-114.71,43.4],[-114.69,43.4],[-114.69,43.43],[-114.67,43.43],[-114.67,43.41],[-114.65,43.41],[-114.61,43.4],[-114.59,43.4],[-114.55,43.4],[-114.54,43.4],[-114.53,43.4],[-114.53,43.38],[-114.53,43.37],[-114.53,43.34],[-114.53,43.33],[-114.52,43.33],[-114.51,43.33],[-114.5,43.33],[-114.49,43.33],[-114.48,43.33],[-114.47,43.33],[-114.46,43.33],[-114.45,43.33],[-114.44,43.33],[-114.43,43.33],[-114.42,43.33],[-114.41,43.33],[-114.4,43.33],[-114.39,43.32],[-114.39,43.26],[-114.38,43.26],[-114.37,43.26],[-114.37,43.24],[-114.37,43.23],[-114.38,43.2],[-114.4,43.2],[-114.49,43.2],[-114.5,43.2],[-114.54,43.2],[-114.6,43.2],[-114.75,43.2],[-114.98,43.2],[-115.0,43.2],[-115.01,43.2],[-115.07,43.2],[-115.09,43.2],[-115.11,43.2],[-115.28,43.24],[-115.28,43.29],[-115.28,43.3],[-115.21,43.3],[-115.2,43.33],[-115.17,43.33],[-115.17,43.36],[-115.13,43.36],[-115.13,43.37],[-115.09,43.37]]]]}},
{"type":"Feature","properties":{"ugc":"IDZ029","name":"Owyhee Mountains","state":"ID","wfo":"BOI"},"geometry":{"type":"MultiPolygon","coordinates":[[[[-116.5,43.04],[-116.51,42.88],[-116.37,42.74],[-116.37,42.64],[-116.48,42.6],[-116.68,42.59],[-116.83,42.56],[-116.91,42.6],[-116.98,42.62],[-117.03,42.67],[-117.03,42.84],[-117.03,42.88],[-117.03,42.89],[-117.03,42.97],[-117.03,43.03],[-117.03,43.08],[-117.03,43.12],[-117.03,43.13],[-117.03,43.14],[-117.03,43.15],[-117.03,43.2],[-117.03,43.32],[-117.03,43.52],[-117.03,43.55],[-117.03,43.56],[-117.03,43.57],[-117.03,43.58],[-117.02,43.58],[-116.96,43.52],[-116.58,43.11],[-116.5,43.04]]]]}},
{"type":"Feature","properties":{"ugc":"IDZ030","name":"Southern Twin  Falls County","state":"ID","wfo":"BOI"},"geometry":{"type":"MultiPolygon","coordinates":[[[[-114.71,42.45],[-114.45,42.4],[-114.29,42.41],[-114.29,42.37],[-114.29,42.35],[-114.29,42.33],[-114.28,42.33],[-114.28,42.3],[-114.28,42.27],[-114.28,42.25],[-114.28,42.21],[-114.28,42.2],[-114.28,42.15],[-114.28,42.12],[-114.28,42.11],[-114.28,42.01],[-114.28,42.0],[-114.28,41.99],[-114.3,41.99],[-114.33,41.99],[-114.37,41.99],[-114.47,42.0],[-114.5,41.99],[-114.54,41.99],[-114.57,41.99],[-114.6,41.99],[-114.63,42.0],[-114.72,42.0],[-114.76,42.0],[-114.81,42.0],[-114.83,42.0],[-114.86,42.0],[-114.88,42.0],[-114.9,42.0],[-114.92,42.0],[-115.03,42.0],[-115.04,42.0],[-115.04,42.04],[-115.04,42.07],[-115.04,42.08],[-115.04,42.1],[-115.04,42.11],[-115.04,42.17],[-115.04,42.46],[-115.04,42.47],[-115.04,42.49],[-115.04,42.53],[-115.02,42.52],[-114.99,42.52],[-114.71,42.45]]]]}},
{"type":"Feature","properties":{"ugc":"IDZ033","name":"Upper Weiser River","state":"ID","wfo":"BOI"},"geometry":{"type":"MultiPolygon","coordinates":[[[[-116.49,44.88],[-116.49,44.86],[-116.43,44.86],[-116.43,44.85],[-116.41,44.85],[-116.41,44.86],[-116.39,44.86],[-116.39,44.7],[-116.37,44.7],[-116.37,44.67],[-116.35,44.67],[-116.35,44.64],[-116.33,44.64],[-116.33,44.63],[-116.35,44.63],[-116.35,44.59],[-116.33,44.59],[-116.33,44.57],[-116.31,44.57],[-116.31,44.53],[-116.31,44.44],[-116.3,44.44],[-116.31,44.43],[-116.31,44.42],[-116.32,44.42],[-116.32,44.41],[-116.32,44.4],[-116.32,44.39],[-116.32,44.38],[-116.33,44.38],[-116.33,44.37],[-116.34,44.36],[-116.33,44.36],[-116.33,44.35],[-116.34,44.34],[-116.34,44.33],[-116.35,44.32],[-116.34,44.32],[-116.34,44.31],[-116.34,44.3],[-116.35,44.29],[-116.34,44.29],[-116.34,44.28],[-116.34,44.27],[-116.34,44.26],[-116.35,44.25],[-116.35,44.24],[-116.35,44.23],[-116.34,44.23],[-116.35,44.22],[-116.34,44.22],[-116.35,44.21],[-116.36,44.21],[-116.36,44.2],[-116.35,44.19],[-116.36,44.18],[-116.35,44.18],[-116.35,44.17],[-116.36,44.16],[-116.36,44.15],[-116.38,44.15],[-116.53,44.15],[-116.62,44.15],[-116.65,44.15],[-116.71,44.18],[-116.71,44.2],[-116.73,44.21],[-116.73,44.24],[-116.77,44.24],[-116.77,44.25],[-116.79,44.25],[-116.83,44.34],[-116.85,44.41],[-116.87,44.43],[-116.89,44.43],[-116.92,44.42],[-116.93,44.46],[-116.94,44.49],[-116.93,44.5],[-116.94,44.52],[-116.92,44.52],[-116.92,44.53],[-116.9,44.53],[-116.9,44.54],[-116.89,44.54],[-116.88,44.54],[-116.88,44.59],[-116.88,44.6],[-116.86,44.6],[-116.86,44.65],[-116.85,44.65],[-116.85,44.7],[-116.82,44.7],[-116.82,44.69],[-116.76,44.69],[-116.66,44.69],[-116.62,44.69],[-116.61,44.69],[-116.59,44.69],[-116.59,44.7],[-116.57,44.7],[-116.57,44.72],[-116.55,44.72],[-116.55,44.73],[-116.53,44.73],[-116.53,44.79],[-116.59,44.79],[-116.59,44.82],[-116.62,44.82],[-116.62,44.84],[-116.61,44.85],[-116.59,44.85],[-116.59,44.88],[-116.55,44.88],[-116.55,44.89],[-116.51,44.89],[-116.51,44.88],[-116.49,44.88]]]]}},
{"type":"Feature","properties":{"ugc":"IDZ051","name":"Shoshone/Lava Beds","state":"ID","wfo":"PIH"},"geometry":{"type":"MultiPolygon","coordinates":[[[[-113.36,43.37],[-113.36,43.28],[-113.01,43.28],[-113.24,43.11],[-113.76,42.76],[-113.93,42.77],[-114.05,42.77],[-114.05,42.81],[-114.09,42.81],[-114.11,42.81],[-114.14,42.81],[-114.2,42.81],[-114.35,42.81],[-114.35,42.82],[-114.37,42.82],[-114.37,42.83],[-114.37,42.84],[-114.37,42.85],[-114.38,42.85],[-114.47,42.85],[-114.49,42.85],[-114.5,42.85],[-114.52,42.85],[-114.59,42.85],[-114.6,42.85],[-114.6,42.93],[-114.6,42.94],[-114.6,42.95],[-114.6,42.98],[-114.6,43.02],[-114.6,43.03],[-114.6,43.06],[-114.6,43.07],[-114.6,43.14],[-114.6,43.2],[-114.54,43.2],[-114.5,43.2],[-114.49,43.2],[-114.4,43.2],[-114.38,43.2],[-114.36,43.2],[-114.28,43.2],[-114.26,43.22],[-114.14,43.25],[-114.06,43.27],[-113.98,43.37],[-113.91,43.38],[-113.85,43.39],[-113.77,43.39],[-113.63,43.37],[-113.36,43.37]]]]}},
{"type":"Feature","properties":{"ugc":"IDZ052","name":"Arco/Mud Lake Desert","state":"ID","wfo":"PIH"},"geometry":{"type":"MultiPolygon","coordinates":[[[[-112.16,43.97],[-112.52,43.43],[-112.95,43.28],[-113.01,43.28],[-113.36,43.28],[-113.36,43.37],[-113.63,43.37],[-113.64,43.45],[-113.63,43.45],[-113.63,43.46],[-113.62,43.46],[-113.61,43.46],[-113.6,43.46],[-113.59,43.47],[-113.56,43.5],[-113.43,43.53],[-113.38,43.55],[-113.3,43.58],[-113.23,43.58],[-113.16,43.58],[-113.1,43.6],[-113.02,43.64],[-112.92,43.75],[-112.86,43.83],[-112.78,43.9],[-112.7,43.97],[-112.69,44.06],[-112.16,44.06],[-112.16,43.97]]]]}},
{"type":"Feature","properties":{"ugc":"IDZ053","name":"Upper Snake River Plain","state":"ID","wfo":"PIH"},"geometry":{"type":"MultiPolygon","coordinates":[[[[-111.51,44.11],[-111.48,44.01],[-111.49,43.93],[-111.52,43.84],[-111.54,43.78],[-111.57,43.75],[-111.6,43.7],[-111.61,43.63],[-111.62,43.6],[-111.63,43.55],[-111.63,43.48],[-111.72,43.46],[-111.83,43.46],[-111.89,43.46],[-111.93,43.44],[-111.97,43.41],[-112.02,43.37],[-112.04,43.37],[-112.04,43.41],[-112.05,43.41],[-112.1,43.41],[-112.1,43.42],[-112.52,43.43],[-112.16,43.97],[-112.16,44.06],[-112.03,44.06],[-112.03,44.14],[-111.91,44.14],[-111.91,44.19],[-111.86,44.19],[-111.86,44.23],[-111.85,44.23],[-111.85,44.32],[-111.81,44.32],[-111.79,44.32],[-111.64,44.22],[-111.59,44.16],[-111.51,44.11]]]]}},
{"type":"Feature","properties":{"ugc":"IDZ054","name":"Lower Snake River Plain","state":"ID","wfo":"PIH"},"geometry":{"type":"MultiPolygon","coordinates":[[[[-112.39,42.91],[-112.38,42.87],[-112.39,42.84],[-112.43,42.83],[-112.46,42.85],[-112.5,42.86],[-112.52,42.88],[-112.55,42.88],[-112.57,42.87],[-112.62,42.85],[-112.66,42.84],[-112.72,42.81],[-112.77,42.76],[-112.85,42.7],[-112.9,42.73],[-113.01,42.86],[-113.01,43.11],[-113.01,43.28],[-112.95,43.28],[-112.52,43.43],[-112.1,43.42],[-112.1,43.41],[-112.05,43.41],[-112.04,43.41],[-112.04,43.37],[-112.02,43.37],[-112.06,43.32],[-112.1,43.27],[-112.14,43.24],[-112.19,43.2],[-112.27,43.14],[-112.33,43.06],[-112.36,42.99],[-112.38,42.97],[-112.4,42.94],[-112.39,42.91]]]]}},
{"type":"Feature","properties":{"ugc":"IDZ055","name":"Eastern Magic Valley","state":"ID","wfo":"PIH"},"geometry":{"type":"MultiPolygon","coordinates":[[[[-113.01,42.86],[-112.9,42.73],[-112.85,42.7],[-112.97,42.6],[-113.05,42.56],[-113.43,42.53],[-113.46,42.51],[-113.47,42.51],[-113.54,42.49],[-113.58,42.49],[-113.61,42.47],[-113.62,42.44],[-113.66,42.41],[-113.69,42.39],[-113.72,42.36],[-113.75,42.32],[-113.77,42.29],[-113.78,42.24],[-113.8,42.2],[-113.83,42.19],[-113.91,42.2],[-113.97,42.2],[-113.98,42.23],[-114.0,42.28],[-114.04,42.31],[-114.04,42.35],[-114.06,42.37],[-114.07,42.42],[-114.07,42.44],[-114.07,42.45],[-114.07,42.5],[-114.07,42.51],[-114.06,42.52],[-114.04,42.52],[-114.02,42.52],[-114.0,42.52],[-114.0,42.53],[-113.99,42.53],[-113.98,42.53],[-113.97,42.53],[-113.96,42.54],[-113.96,42.53],[-113.95,42.53],[-113.94,42.53],[-113.93,42.54],[-113.93,42.55],[-113.93,42.58],[-113.93,42.67],[-113.93,42.73],[-113.93,42.74],[-113.93,42.75],[-113.93,42.77],[-113.76,42.76],[-113.24,43.11],[-113.01,43.28],[-113.01,43.11],[-113.01,42.86]]]]}},
{"type":"Feature","properties":{"ugc":"IDZ056","name":"Southern Hills/Albion Mountains","state":"ID","wfo":"PIH"},"geometry":{"type":"MultiPolygon","coordinates":[[[[-113.46,42.51],[-113.45,42.48],[-113.45,42.41],[-113.43,42.39],[-113.41,42.34],[-113.44,42.3],[-113.43,42.21],[-113.43,41.99],[-113.5,41.99],[-113.51,41.99],[-113.55,41.99],[-113.62,41.99],[-113.63,41.99],[-113.67,41.99],[-113.74,41.99],[-113.77,41.99],[-113.8,41.99],[-113.82,41.99],[-113.85,41.99],[-113.88,41.99],[-113.89,41.99],[-113.91,41.99],[-113.93,41.99],[-113.96,41.99],[-114.0,41.99],[-114.04,41.99],[-114.05,41.99],[-114.23,41.99],[-114.25,41.99],[-114.27,41.99],[-114.28,41.99],[-114.28,42.0],[-114.28,42.01],[-114.28,42.11],[-114.28,42.12],[-114.28,42.15],[-114.28,42.2],[-114.28,42.21],[-114.28,42.25],[-114.28,42.27],[-114.28,42.3],[-114.28,42.33],[-114.29,42.33],[-114.29,42.35],[-114.29,42.37],[-114.29,42.41],[-114.29,42.42],[-114.13,42.42],[-114.07,42.42],[-114.06,42.37],[-114.04,42.35],[-114.04,42.31],[-114.0,42.28],[-113.98,42.23],[-113.97,42.2],[-113.91,42.2],[-113.83,42.19],[-113.8,42.2],[-113.78,42.24],[-113.77,42.29],[-113.75,42.32],[-113.72,42.36],[-113.69,42.39],[-113.66,42.41],[-113.62,42.44],[-113.61,42.47],[-113.58,42.49],[-113.54,42.49],[-113.47,42.51],[-113.46,42.51]]]]}},
{"type":"Feature","properties":{"ugc":"IDZ057","name":"Raft River Region","state":"ID","wfo":"PIH"},"geometry":{"type":"MultiPolygon","coordinates":[[[[-112.88,42.0],[-112.89,42.0],[-112.9,42.0],[-112.91,42.0],[-112.94,42.0],[-112.98,42.0],[-113.0,42.0],[-113.04,42.0],[-113.07,42.0],[-113.09,42.0],[-113.11,42.0],[-113.13,42.0],[-113.15,42.0],[-113.19,42.0],[-113.2,42.0],[-113.24,42.0],[-113.26,42.0],[-113.27,42.0],[-113.31,42.0],[-113.34,41.99],[-113.36,41.99],[-113.37,41.99],[-113.4,41.99],[-113.43,41.99],[-113.43,42.21],[-113.44,42.3],[-113.41,42.34],[-113.43,42.39],[-113.45,42.41],[-113.45,42.48],[-113.46,42.51],[-113.43,42.53],[-113.05,42.56],[-112.97,42.6],[-112.85,42.7],[-112.81,42.64],[-112.8,42.59],[-112.77,42.55],[-112.77,42.51],[-112.78,42.48],[-112.78,42.44],[-112.76,42.42],[-112.77,42.38],[-112.77,42.33],[-112.69,42.25],[-112.57,42.19],[-112.63,42.08],[-112.63,42.0],[-112.65,42.0],[-112.71,42.0],[-112.75,42.0],[-112.8,42.0],[-112.85,42.0],[-112.88,42.0]]]]}},
{"type":"Feature","properties":{"ugc":"IDZ058","name":"Marsh and Arbon Highlands","state":"ID","wfo":"PIH"},"geometry":{"type":"MultiPolygon","coordinates":[[[[-111.99,43.1],[-112.0,43.08],[-112.02,43.08],[-112.04,43.06],[-112.04,43.04],[-112.04,43.01],[-112.02,42.97],[-112.02,42.94],[-112.03,42.93],[-112.03,42.89],[-112.01,42.88],[-112.01,42.86],[-112.02,42.83],[-112.02,42.8],[-112.01,42.77],[-112.0,42.76],[-111.96,42.74],[-111.93,42.72],[-111.91,42.68],[-111.91,42.66],[-111.92,42.63],[-111.92,42.62],[-111.89,42.61],[-111.86,42.6],[-111.87,42.57],[-111.87,42.56],[-111.86,42.54],[-111.87,42.51],[-111.86,42.49],[-111.83,42.46],[-111.8,42.42],[-111.88,42.42],[-111.9,42.42],[-111.9,42.33],[-111.9,42.32],[-111.9,42.26],[-111.98,42.26],[-111.98,42.29],[-112.12,42.28],[-112.13,42.29],[-112.14,42.3],[-112.14,42.29],[-112.15,42.29],[-112.16,42.3],[-112.16,42.31],[-112.17,42.31],[-112.17,42.32],[-112.18,42.32],[-112.18,42.33],[-112.18,42.34],[-112.19,42.34],[-112.19,42.35],[-112.26,42.35],[-112.26,42.34],[-112.27,42.33],[-112.28,42.32],[-112.29,42.32],[-112.3,42.32],[-112.3,42.33],[-112.31,42.33],[-112.31,42.32],[-112.32,42.32],[-112.33,42.32],[-112.33,42.33],[-112.33,42.34],[-112.32,42.35],[-112.31,42.37],[-112.3,42.39],[-112.29,42.39],[-112.29,42.4],[-112.29,42.41],[-112.29,42.42],[-112.29,42.43],[-112.3,42.44],[-112.29,42.45],[-112.3,42.45],[-112.31,42.46],[-112.32,42.45],[-112.34,42.45],[-112.35,42.45],[-112.35,42.46],[-112.35,42.47],[-112.37,42.47],[-112.37,42.48],[-112.38,42.48],[-112.38,42.49],[-112.38,42.5],[-112.5,42.5],[-112.5,42.42],[-112.65,42.42],[-112.65,42.33],[-112.77,42.33],[-112.77,42.38],[-112.76,42.42],[-112.78,42.44],[-112.78,42.48],[-112.77,42.51],[-112.77,42.55],[-112.8,42.59],[-112.81,42.64],[-112.85,42.7],[-112.77,42.76],[-112.72,42.81],[-112.66,42.84],[-112.62,42.85],[-112.57,42.87],[-112.55,42.88],[-112.52,42.88],[-112.5,42.86],[-112.46,42.85],[-112.43,42.83],[-112.39,42.84],[-112.38,42.87],[-112.39,42.91],[-112.4,42.94],[-112.38,42.97],[-112.36,42.99],[-112.33,43.06],[-112.27,43.14],[-112.19,43.2],[-112.14,43.24],[-112.1,43.27],[-112.06,43.25],[-112.06,43.22],[-112.06,43.18],[-112.06,43.16],[-112.05,43.14],[-112.01,43.12],[-111.99,43.1]]]]}},
{"type":"Feature","properties":{"ugc":"IDZ059","name":"Franklin/Eastern Oneida Region","state":"ID","wfo":"PIH"},"geometry":{"type":"MultiPolygon","coordinates":[[[[-112.38,42.5],[-112.38,42.49],[-112.38,42.48],[-112.37,42.48],[-112.37,42.47],[-112.35,42.47],[-112.35,42.46],[-112.35,42.45],[-112.34,42.45],[-112.32,42.45],[-112.31,42.46],[-112.3,42.45],[-112.29,42.45],[-112.3,42.44],[-112.29,42.43],[-112.29,42.42],[-112.29,42.41],[-112.29,42.4],[-112.29,42.39],[-112.3,42.39],[-112.31,42.37],[-112.32,42.35],[-112.33,42.34],[-112.33,42.33],[-112.33,42.32],[-112.32,42.32],[-112.31,42.32],[-112.31,42.33],[-112.3,42.33],[-112.3,42.32],[-112.29,42.32],[-112.28,42.32],[-112.27,42.33],[-112.26,42.34],[-112.26,42.35],[-112.19,42.35],[-112.19,42.34],[-112.18,42.34],[-112.18,42.33],[-112.18,42.32],[-112.17,42.32],[-112.17,42.31],[-112.16,42.31],[-112.16,42.3],[-112.15,42.29],[-112.14,42.29],[-112.14,42.3],[-112.13,42.29],[-112.12,42.28],[-111.98,42.29],[-111.98,42.26],[-111.9,42.26],[-111.9,42.32],[-111.9,42.33],[-111.9,42.42],[-111.88,42.42],[-111.8,42.42],[-111.75,42.42],[-111.74,42.42],[-111.74,42.43],[-111.72,42.43],[-111.71,42.43],[-111.71,42.42],[-111.69,42.42],[-111.69,42.4],[-111.69,42.36],[-111.68,42.31],[-111.69,42.27],[-111.7,42.21],[-111.72,42.19],[-111.72,42.16],[-111.73,42.11],[-111.72,42.06],[-111.73,42.03],[-111.73,42.0],[-111.74,42.0],[-111.75,42.0],[-111.76,42.0],[-111.83,42.0],[-111.84,42.0],[-111.86,42.0],[-111.93,42.0],[-111.95,42.0],[-112.01,42.0],[-112.11,42.0],[-112.13,42.0],[-112.15,42.0],[-112.17,42.0],[-112.19,42.0],[-112.24,42.0],[-112.28,42.0],[-112.29,42.0],[-112.36,42.0],[-112.39,42.0],[-112.45,42.0],[-112.46,42.0],[-112.51,42.0],[-112.52,42.0],[-112.6,42.0],[-112.62,42.0],[-112.63,42.0],[-112.63,42.08],[-112.57,42.19],[-112.69,42.25],[-112.77,42.33],[-112.65,42.33],[-112.65,42.42],[-112.5,42.42],[-112.5,42.5],[-112.38,42.5]]]]}},
{"type":"Feature","properties":{"ugc":"IDZ060","name":"Bear River Range","state":"ID","wfo":"PIH"},"geometry":{"type":"MultiPolygon","coordinates":[[[[-111.46,42.0],[-111.49,42.0],[-111.5,42.0],[-111.51,42.0],[-111.52,42.0],[-111.54,42.0],[-111.61,42.0],[-111.63,42.0],[-111.7,42.0],[-111.73,42.0],[-111.73,42.03],[-111.72,42.06],[-111.73,42.11],[-111.72,42.16],[-111.72,42.19],[-111.7,42.21],[-111.69,42.27],[-111.68,42.31],[-111.69,42.36],[-111.69,42.4],[-111.69,42.42],[-111.68,42.43],[-111.66,42.49],[-111.66,42.53],[-111.67,42.57],[-111.68,42.59],[-111.68,42.61],[-111.67,42.62],[-111.66,42.62],[-111.65,42.61],[-111.64,42.6],[-111.63,42.59],[-111.61,42.58],[-111.58,42.57],[-111.52,42.54],[-111.47,42.47],[-111.46,42.41],[-111.49,42.37],[-111.5,42.36],[-111.49,42.35],[-111.48,42.32],[-111.47,42.31],[-111.45,42.27],[-111.43,42.25],[-111.42,42.14],[-111.41,42.12],[-111.41,42.06],[-111.43,42.0],[-111.46,42.0]]]]}},
{"type":"Feature","properties":{"ugc":"IDZ061","name":"Bear Lake Valley","state":"ID","wfo":"PIH"},"geometry":{"type":"MultiPolygon","coordinates":[[[[-111.6,42.59],[-111.5,42.59],[-111.48,42.59],[-111.46,42.59],[-111.33,42.46],[-111.31,42.44],[-111.28,42.41],[-111.28,42.38],[-111.27,42.36],[-111.22,42.35],[-111.18,42.36],[-111.13,42.36],[-111.05,42.42],[-111.05,42.35],[-111.05,42.25],[-111.05,42.21],[-111.05,42.18],[-111.05,42.15],[-111.05,42.1],[-111.05,42.06],[-111.05,42.0],[-111.09,42.0],[-111.13,42.0],[-111.17,42.0],[-111.25,42.0],[-111.32,42.0],[-111.4,42.0],[-111.43,42.0],[-111.41,42.06],[-111.41,42.12],[-111.42,42.14],[-111.43,42.25],[-111.45,42.27],[-111.47,42.31],[-111.48,42.32],[-111.49,42.35],[-111.5,42.36],[-111.49,42.37],[-111.46,42.41],[-111.47,42.47],[-111.52,42.54],[-111.58,42.57],[-111.61,42.58],[-111.61,42.59],[-111.6,42.59]]]]}},
{"type":"Feature","properties":{"ugc":"IDZ062","name":"Blackfoot Mountains","state":"ID","wfo":"PIH"},"geometry":{"type":"MultiPolygon","coordinates":[[[[-111.63,43.48],[-111.61,43.39],[-111.63,43.31],[-111.64,43.3],[-111.62,43.28],[-111.61,43.28],[-111.6,43.28],[-111.59,43.28],[-111.57,43.26],[-111.55,43.24],[-111.53,43.23],[-111.49,43.22],[-111.47,43.18],[-111.44,43.17],[-111.42,43.15],[-111.41,43.13],[-111.39,43.12],[-111.37,43.09],[-111.35,43.06],[-111.34,43.02],[-111.36,43.01],[-111.37,42.99],[-111.39,42.97],[-111.41,42.97],[-111.43,42.98],[-111.45,42.99],[-111.48,42.99],[-111.49,42.97],[-111.48,42.94],[-111.47,42.92],[-111.46,42.91],[-111.45,42.9],[-111.45,42.88],[-111.46,42.88],[-111.48,42.88],[-111.49,42.86],[-111.49,42.84],[-111.49,42.82],[-111.47,42.82],[-111.46,42.82],[-111.44,42.83],[-111.42,42.81],[-111.41,42.8],[-111.41,42.78],[-111.43,42.76],[-111.44,42.75],[-111.44,42.74],[-111.46,42.74],[-111.48,42.76],[-111.49,42.77],[-111.51,42.78],[-111.53,42.78],[-111.54,42.76],[-111.55,42.72],[-111.53,42.68],[-111.51,42.64],[-111.48,42.61],[-111.46,42.59],[-111.48,42.59],[-111.5,42.59],[-111.6,42.59],[-111.61,42.59],[-111.61,42.58],[-111.63,42.59],[-111.64,42.6],[-111.65,42.61],[-111.66,42.62],[-111.67,42.62],[-111.68,42.61],[-111.68,42.59],[-111.67,42.57],[-111.66,42.53],[-111.66,42.49],[-111.68,42.43],[-111.69,42.42],[-111.71,42.42],[-111.71,42.43],[-111.72,42.43],[-111.74,42.43],[-111.74,42.42],[-111.75,42.42],[-111.8,42.42],[-111.83,42.46],[-111.86,42.49],[-111.87,42.51],[-111.86,42.54],[-111.87,42.56],[-111.87,42.57],[-111.86,42.6],[-111.89,42.61],[-111.92,42.62],[-111.92,42.63],[-111.91,42.66],[-111.91,42.68],[-111.93,42.72],[-111.96,42.74],[-112.0,42.76],[-112.01,42.77],[-112.02,42.8],[-112.02,42.83],[-112.01,42.86],[-112.01,42.88],[-112.03,42.89],[-112.03,42.93],[-112.02,42.94],[-112.02,42.97],[-112.04,43.01],[-112.04,43.04],[-112.04,43.06],[-112.02,43.08],[-112.0,43.08],[-111.99,43.1],[-112.01,43.12],[-112.05,43.14],[-112.06,43.16],[-112.06,43.18],[-112.06,43.22],[-112.06,43.25],[-112.1,43.27],[-112.06,43.32],[-112.02,43.37],[-111.97,43.41],[-111.93,43.44],[-111.89,43.46],[-111.83,43.46],[-111.72,43.46],[-111.63,43.48]]]]}},
{"type":"Feature","properties":{"ugc":"IDZ063","name":"Caribou Range","state":"ID","wfo":"PIH"},"geometry":{"type":"MultiPolygon","coordinates":[[[[-111.17,43.36],[-111.13,43.34],[-111.08,43.34],[-111.04,43.37],[-111.04,43.25],[-111.04,43.18],[-111.04,43.17],[-111.04,43.11],[-111.04,43.09],[-111.04,43.07],[-111.04,43.04],[-111.04,43.03],[-111.04,43.02],[-111.04,43.01],[-111.04,42.99],[-111.04,42.97],[-111.04,42.93],[-111.04,42.91],[-111.04,42.89],[-111.04,42.87],[-111.04,42.86],[-111.04,42.8],[-111.04,42.74],[-111.04,42.72],[-111.04,42.65],[-111.05,42.6],[-111.05,42.57],[-111.05,42.47],[-111.05,42.45],[-111.05,42.44],[-111.05,42.43],[-111.05,42.42],[-111.13,42.36],[-111.18,42.36],[-111.22,42.35],[-111.27,42.36],[-111.28,42.38],[-111.28,42.41],[-111.31,42.44],[-111.33,42.46],[-111.46,42.59],[-111.48,42.61],[-111.51,42.64],[-111.53,42.68],[-111.55,42.72],[-111.54,42.76],[-111.53,42.78],[-111.51,42.78],[-111.49,42.77],[-111.48,42.76],[-111.46,42.74],[-111.44,42.74],[-111.44,42.75],[-111.43,42.76],[-111.41,42.78],[-111.41,42.8],[-111.42,42.81],[-111.44,42.83],[-111.46,42.82],[-111.47,42.82],[-111.49,42.82],[-111.49,42.84],[-111.49,42.86],[-111.48,42.88],[-111.46,42.88],[-111.45,42.88],[-111.45,42.9],[-111.46,42.91],[-111.47,42.92],[-111.48,42.94],[-111.49,42.97],[-111.48,42.99],[-111.45,42.99],[-111.43,42.98],[-111.41,42.97],[-111.39,42.97],[-111.37,42.99],[-111.36,43.01],[-111.34,43.02],[-111.35,43.06],[-111.37,43.09],[-111.39,43.12],[-111.41,43.13],[-111.42,43.15],[-111.44,43.17],[-111.47,43.18],[-111.49,43.22],[-111.53,43.23],[-111.55,43.24],[-111.57,43.26],[-111.59,43.28],[-111.6,43.28],[-111.61,43.28],[-111.62,43.28],[-111.64,43.3],[-111.63,43.31],[-111.61,43.39],[-111.63,43.48],[-111.63,43.55],[-111.62,43.6],[-111.61,43.63],[-111.57,43.63],[-111.57,43.62],[-111.48,43.62],[-111.46,43.61],[-111.44,43.58],[-111.41,43.54],[-111.38,43.53],[-111.33,43.5],[-111.3,43.48],[-111.28,43.46],[-111.27,43.45],[-111.25,43.43],[-111.23,43.42],[-111.21,43.39],[-111.17,43.36]]]]}},
{"type":"Feature","properties":{"ugc":"IDZ064","name":"Big Hole Mountains","state":"ID","wfo":"PIH"},"geometry":{"type":"MultiPolygon","coordinates":[[[[-111.3,43.84],[-111.29,43.82],[-111.28,43.79],[-111.27,43.77],[-111.25,43.73],[-111.23,43.7],[-111.2,43.66],[-111.17,43.61],[-111.13,43.61],[-111.05,43.68],[-111.05,43.63],[-111.05,43.51],[-111.05,43.5],[-111.05,43.37],[-111.04,43.37],[-111.08,43.34],[-111.13,43.34],[-111.17,43.36],[-111.21,43.39],[-111.23,43.42],[-111.25,43.43],[-111.27,43.45],[-111.28,43.46],[-111.3,43.48],[-111.33,43.5],[-111.38,43.53],[-111.41,43.54],[-111.44,43.58],[-111.46,43.61],[-111.48,43.62],[-111.57,43.62],[-111.57,43.63],[-111.61,43.63],[-111.6,43.7],[-111.57,43.75],[-111.54,43.78],[-111.52,43.84],[-111.49,43.83],[-111.46,43.83],[-111.43,43.84],[-111.4,43.85],[-111.36,43.87],[-111.33,43.86],[-111.31,43.85],[-111.3,43.84]]]]}},
{"type":"Feature","properties":{"ugc":"IDZ065","name":"Teton Valley","state":"ID","wfo":"PIH"},"geometry":{"type":"MultiPolygon","coordinates":[[[[-111.11,43.9],[-111.05,43.85],[-111.05,43.8],[-111.05,43.78],[-111.05,43.77],[-111.05,43.72],[-111.05,43.7],[-111.05,43.69],[-111.05,43.68],[-111.13,43.61],[-111.17,43.61],[-111.2,43.66],[-111.23,43.7],[-111.25,43.73],[-111.27,43.77],[-111.28,43.79],[-111.29,43.82],[-111.3,43.84],[-111.31,43.85],[-111.33,43.86],[-111.36,43.87],[-111.4,43.85],[-111.43,43.84],[-111.46,43.83],[-111.49,43.83],[-111.52,43.84],[-111.49,43.93],[-111.48,44.01],[-111.51,44.11],[-111.4,44.1],[-111.18,44.07],[-111.17,44.0],[-111.13,43.96],[-111.11,43.9]]]]}},
{"type":"Feature","properties":{"ugc":"IDZ066","name":"Centennial Mountains/Island Park","state":"ID","wfo":"PIH"},"geometry":{"type":"MultiPolygon","coordinates":[[[[-111.65,44.55],[-111.64,44.55],[-111.63,44.55],[-111.62,44.55],[-111.61,44.55],[-111.6,44.55],[-111.59,44.56],[-111.58,44.56],[-111.57,44.56],[-111.56,44.56],[-111.56,44.55],[-111.55,44.56],[-111.54,44.55],[-111.53,44.55],[-111.52,44.55],[-111.52,44.54],[-111.51,44.54],[-111.5,44.54],[-111.49,44.54],[-111.48,44.54],[-111.47,44.54],[-111.47,44.55],[-111.47,44.56],[-111.48,44.55],[-111.48,44.56],[-111.49,44.56],[-111.5,44.56],[-111.51,44.56],[-111.51,44.57],[-111.5,44.57],[-111.51,44.58],[-111.52,44.58],[-111.52,44.59],[-111.52,44.6],[-111.53,44.6],[-111.52,44.61],[-111.52,44.62],[-111.51,44.62],[-111.51,44.63],[-111.51,44.64],[-111.52,44.64],[-111.51,44.65],[-111.5,44.65],[-111.5,44.64],[-111.49,44.64],[-111.49,44.65],[-111.48,44.66],[-111.47,44.67],[-111.48,44.67],[-111.47,44.68],[-111.48,44.68],[-111.48,44.69],[-111.49,44.7],[-111.49,44.71],[-111.48,44.71],[-111.47,44.71],[-111.46,44.72],[-111.45,44.72],[-111.44,44.72],[-111.43,44.72],[-111.42,44.71],[-111.41,44.71],[-111.41,44.72],[-111.4,44.72],[-111.4,44.73],[-111.4,44.74],[-111.39,44.74],[-111.4,44.75],[-111.39,44.75],[-111.38,44.76],[-111.38,44.75],[-111.37,44.75],[-111.37,44.74],[-111.36,44.74],[-111.36,44.73],[-111.35,44.73],[-111.34,44.73],[-111.33,44.73],[-111.32,44.73],[-111.32,44.72],[-111.32,44.71],[-111.31,44.71],[-111.3,44.71],[-111.3,44.7],[-111.3,44.69],[-111.29,44.69],[-111.28,44.68],[-111.27,44.67],[-111.27,44.66],[-111.28,44.66],[-111.28,44.65],[-111.27,44.65],[-111.26,44.65],[-111.25,44.65],[-111.25,44.64],[-111.24,44.64],[-111.23,44.63],[-111.22,44.62],[-111.23,44.62],[-111.24,44.62],[-111.24,44.61],[-111.23,44.6],[-111.23,44.59],[-111.23,44.58],[-111.22,44.58],[-111.21,44.58],[-111.2,44.58],[-111.2,44.57],[-111.18,44.57],[-111.18,44.56],[-111.18,44.55],[-111.17,44.55],[-111.16,44.55],[-111.16,44.54],[-111.15,44.53],[-111.14,44.54],[-111.13,44.53],[-111.14,44.52],[-111.13,44.5],[-111.12,44.49],[-111.11,44.49],[-111.1,44.49],[-111.09,44.49],[-111.09,44.13],[-111.05,44.13],[-111.05,44.12],[-111.05,44.11],[-111.05,44.06],[-111.05,44.03],[-111.05,44.02],[-111.05,44.0],[-111.05,43.99],[-111.05,43.98],[-111.05,43.91],[-111.05,43.88],[-111.05,43.85],[-111.11,43.9],[-111.13,43.96],[-111.17,44.0],[-111.18,44.07],[-111.4,44.1],[-111.51,44.11],[-111.59,44.16],[-111.64,44.22],[-111.79,44.32],[-111.81,44.32],[-111.85,44.32],[-111.91,44.32],[-112.0,44.35],[-112.07,44.35],[-112.09,44.36],[-112.13,44.38],[-112.15,44.41],[-112.17,44.48],[-112.19,44.53],[-112.18,44.53],[-112.18,44.54],[-112.17,44.54],[-112.16,44.54],[-112.15,44.54],[-112.14,44.54],[-112.13,44.54],[-112.13,44.53],[-112.12,44.53],[-112.11,44.52],[-112.1,44.52],[-112.09,44.53],[-112.08,44.53],[-112.07,44.54],[-112.06,44.54],[-112.05,44.54],[-112.05,44.53],[-112.04,44.53],[-112.03,44.53],[-112.03,44.54],[-112.03,44.55],[-112.02,44.54],[-112.01,44.54],[-112.0,44.54],[-111.99,44.54],[-111.98,44.54],[-111.97,44.54],[-111.96,44.54],[-111.96,44.55],[-111.95,44.55],[-111.95,44.56],[-111.94,44.56],[-111.93,44.56],[-111.92,44.56],[-111.9,44.56],[-111.89,44.56],[-111.88,44.56],[-111.87,44.56],[-111.86,44.55],[-111.85,44.54],[-111.84,44.53],[-111.84,44.52],[-111.83,44.52],[-111.83,44.51],[-111.82,44.51],[-111.81,44.51],[-111.81,44.52],[-111.8,44.52],[-111.8,44.53],[-111.79,44.53],[-111.79,44.52],[-111.78,44.52],[-111.78,44.53],[-111.77,44.53],[-111.76,44.53],[-111.75,44.54],[-111.74,44.54],[-111.73,44.54],[-111.72,44.54],[-111.71,44.55],[-111.7,44.56],[-111.69,44.56],[-111.68,44.56],[-111.67,44.56],[-111.66,44.55],[-111.65,44.55]]]]}},
{"type":"Feature","properties":{"ugc":"IDZ067","name":"Beaverhead/Lemhi Highlands","state":"ID","wfo":"PIH"},"geometry":{"type":"MultiPolygon","coordinates":[[[[-112.81,44.45],[-112.81,44.46],[-112.8,44.46],[-112.8,44.47],[-112.79,44.47],[-112.78,44.48],[-112.77,44.48],[-112.77,44.49],[-112.76,44.49],[-112.75,44.49],[-112.74,44.49],[-112.73,44.5],[-112.72,44.5],[-112.71,44.5],[-112.7,44.5],[-112.69,44.5],[-112.69,44.49],[-112.68,44.49],[-112.67,44.49],[-112.66,44.49],[-112.65,44.49],[-112.64,44.49],[-112.63,44.49],[-112.63,44.48],[-112.62,44.48],[-112.62,44.49],[-112.61,44.49],[-112.6,44.49],[-112.59,44.49],[-112.59,44.48],[-112.58,44.48],[-112.57,44.48],[-112.56,44.48],[-112.55,44.48],[-112.54,44.48],[-112.53,44.48],[-112.52,44.48],[-112.51,44.47],[-112.5,44.46],[-112.5,44.47],[-112.49,44.47],[-112.48,44.47],[-112.48,44.48],[-112.47,44.48],[-112.46,44.48],[-112.46,44.47],[-112.45,44.47],[-112.44,44.47],[-112.44,44.46],[-112.43,44.46],[-112.43,44.45],[-112.42,44.45],[-112.41,44.46],[-112.4,44.46],[-112.4,44.45],[-112.39,44.45],[-112.38,44.45],[-112.38,44.46],[-112.37,44.46],[-112.37,44.47],[-112.36,44.48],[-112.36,44.49],[-112.36,44.5],[-112.36,44.51],[-112.36,44.52],[-112.36,44.53],[-112.35,44.54],[-112.34,44.54],[-112.33,44.54],[-112.32,44.54],[-112.31,44.54],[-112.32,44.55],[-112.31,44.55],[-112.31,44.56],[-112.3,44.56],[-112.29,44.56],[-112.29,44.57],[-112.28,44.57],[-112.27,44.57],[-112.26,44.57],[-112.25,44.57],[-112.24,44.57],[-112.23,44.56],[-112.23,44.55],[-112.22,44.54],[-112.21,44.54],[-112.2,44.54],[-112.19,44.54],[-112.19,44.53],[-112.17,44.48],[-112.15,44.41],[-112.13,44.38],[-112.09,44.36],[-112.07,44.35],[-112.0,44.35],[-111.91,44.32],[-111.85,44.32],[-111.85,44.23],[-111.86,44.23],[-111.86,44.19],[-111.91,44.19],[-111.91,44.14],[-112.03,44.14],[-112.03,44.06],[-112.16,44.06],[-112.69,44.06],[-112.7,43.97],[-112.91,43.97],[-112.9,43.87],[-112.94,43.87],[-112.95,43.88],[-112.98,43.88],[-113.0,43.88],[-113.01,43.88],[-113.03,43.9],[-113.04,43.91],[-113.05,43.92],[-113.07,43.92],[-113.09,43.95],[-113.09,43.97],[-113.09,43.98],[-113.08,43.99],[-113.08,44.0],[-113.09,44.0],[-113.1,44.01],[-113.12,44.01],[-113.13,44.02],[-113.13,44.03],[-113.13,44.05],[-113.13,44.06],[-113.14,44.09],[-113.18,44.1],[-113.21,44.11],[-113.22,44.13],[-113.22,44.16],[-113.24,44.18],[-113.26,44.22],[-113.27,44.23],[-113.25,44.23],[-113.0,44.23],[-112.99,44.23],[-112.93,44.23],[-112.88,44.23],[-112.87,44.23],[-112.81,44.23],[-112.81,44.3],[-112.81,44.32],[-112.81,44.37],[-112.81,44.38],[-112.81,44.39],[-112.81,44.4],[-112.82,44.4],[-112.82,44.41],[-112.83,44.41],[-112.83,44.42],[-112.84,44.42],[-112.84,44.43],[-112.83,44.43],[-112.83,44.44],[-112.82,44.45],[-112.81,44.45]]]]}},
{"type":"Feature","properties":{"ugc":"IDZ068","name":"Lost River Valleys","state":"ID","wfo":"PIH"},"geometry":{"type":"MultiPolygon","coordinates":[[[[-113.34,44.31],[-113.34,44.3],[-113.34,44.29],[-113.33,44.29],[-113.33,44.28],[-113.33,44.27],[-113.33,44.26],[-113.33,44.25],[-113.33,44.24],[-113.32,44.24],[-113.32,44.23],[-113.27,44.23],[-113.26,44.22],[-113.24,44.18],[-113.22,44.16],[-113.22,44.13],[-113.21,44.11],[-113.18,44.1],[-113.14,44.09],[-113.13,44.06],[-113.13,44.05],[-113.13,44.03],[-113.13,44.02],[-113.12,44.01],[-113.1,44.01],[-113.09,44.0],[-113.08,44.0],[-113.08,43.99],[-113.09,43.98],[-113.09,43.97],[-113.09,43.95],[-113.07,43.92],[-113.05,43.92],[-113.04,43.91],[-113.03,43.9],[-113.01,43.88],[-113.0,43.88],[-112.98,43.88],[-112.95,43.88],[-112.94,43.87],[-112.9,43.87],[-112.91,43.97],[-112.7,43.97],[-112.78,43.9],[-112.86,43.83],[-112.92,43.75],[-113.02,43.64],[-113.1,43.6],[-113.16,43.58],[-113.23,43.58],[-113.3,43.58],[-113.38,43.55],[-113.43,43.53],[-113.56,43.5],[-113.6,43.52],[-113.62,43.54],[-113.62,43.57],[-113.63,43.61],[-113.64,43.69],[-113.67,43.73],[-113.69,43.78],[-113.68,43.82],[-113.67,43.88],[-113.68,43.89],[-113.69,43.91],[-113.7,43.91],[-113.72,43.91],[-113.74,43.9],[-113.77,43.9],[-113.79,43.91],[-113.81,43.92],[-113.83,43.92],[-113.84,43.92],[-113.86,43.92],[-113.88,43.94],[-113.89,43.94],[-113.9,43.96],[-113.91,43.96],[-113.93,43.96],[-113.94,43.98],[-113.94,43.99],[-113.97,43.99],[-113.99,43.97],[-114.0,43.95],[-114.02,43.95],[-114.03,43.95],[-114.05,43.96],[-114.06,43.96],[-114.08,43.96],[-114.03,44.0],[-114.01,44.03],[-114.02,44.06],[-114.03,44.09],[-114.0,44.11],[-114.0,44.13],[-113.99,44.16],[-113.97,44.18],[-113.97,44.2],[-113.98,44.21],[-113.98,44.23],[-113.95,44.23],[-113.94,44.23],[-113.92,44.24],[-113.91,44.22],[-113.9,44.21],[-113.89,44.2],[-113.88,44.19],[-113.86,44.19],[-113.86,44.2],[-113.85,44.21],[-113.84,44.2],[-113.84,44.18],[-113.83,44.17],[-113.82,44.16],[-113.82,44.15],[-113.82,44.14],[-113.83,44.13],[-113.83,44.12],[-113.83,44.1],[-113.83,44.09],[-113.82,44.08],[-113.81,44.07],[-113.81,44.06],[-113.8,44.06],[-113.79,44.06],[-113.77,44.06],[-113.76,44.05],[-113.76,44.04],[-113.75,44.04],[-113.74,44.04],[-113.73,44.03],[-113.71,44.03],[-113.7,44.03],[-113.69,44.02],[-113.68,44.01],[-113.66,44.01],[-113.65,44.0],[-113.64,43.99],[-113.63,43.98],[-113.62,43.97],[-113.61,43.97],[-113.6,43.97],[-113.59,43.97],[-113.57,43.96],[-113.56,43.95],[-113.55,43.94],[-113.53,43.94],[-113.51,43.93],[-113.49,43.92],[-113.47,43.92],[-113.45,43.93],[-113.44,43.93],[-113.42,43.93],[-113.41,43.94],[-113.4,43.94],[-113.39,43.93],[-113.38,43.93],[-113.38,43.91],[-113.38,43.89],[-113.38,43.87],[-113.36,43.85],[-113.34,43.83],[-113.31,43.82],[-113.31,43.79],[-113.31,43.76],[-113.32,43.73],[-113.32,43.68],[-113.29,43.65],[-113.21,43.62],[-113.17,43.62],[-113.12,43.64],[-113.06,43.66],[-113.05,43.72],[-113.04,43.74],[-113.06,43.76],[-113.06,43.77],[-113.06,43.78],[-113.07,43.79],[-113.08,43.8],[-113.09,43.81],[-113.1,43.82],[-113.11,43.82],[-113.13,43.82],[-113.15,43.82],[-113.16,43.81],[-113.18,43.81],[-113.19,43.83],[-113.19,43.85],[-113.2,43.88],[-113.22,43.92],[-113.22,43.94],[-113.23,43.97],[-113.24,43.97],[-113.25,43.98],[-113.26,44.0],[-113.27,44.01],[-113.27,44.02],[-113.29,44.03],[-113.3,44.04],[-113.29,44.05],[-113.28,44.06],[-113.26,44.05],[-113.26,44.07],[-113.26,44.08],[-113.28,44.1],[-113.31,44.13],[-113.33,44.14],[-113.37,44.14],[-113.42,44.16],[-113.46,44.19],[-113.47,44.24],[-113.5,44.26],[-113.49,44.27],[-113.49,44.28],[-113.49,44.29],[-113.48,44.3],[-113.47,44.31],[-113.45,44.32],[-113.43,44.31],[-113.42,44.31],[-113.39,44.31],[-113.36,44.34],[-113.36,44.33],[-113.35,44.33],[-113.35,44.32],[-113.34,44.32],[-113.34,44.31]]]]}},
{"type":"Feature","properties":{"ugc":"IDZ069","name":"Lost River Range","state":"ID","wfo":"PIH"},"geometry":{"type":"MultiPolygon","coordinates":[[[[-113.9,44.45],[-113.9,44.44],[-113.88,44.44],[-113.87,44.45],[-113.86,44.44],[-113.85,44.44],[-113.84,44.43],[-113.83,44.41],[-113.83,44.4],[-113.82,44.39],[-113.8,44.38],[-113.8,44.36],[-113.79,44.34],[-113.79,44.33],[-113.77,44.32],[-113.75,44.31],[-113.73,44.31],[-113.72,44.3],[-113.72,44.28],[-113.73,44.27],[-113.72,44.26],[-113.72,44.25],[-113.72,44.23],[-113.72,44.22],[-113.71,44.22],[-113.69,44.22],[-113.67,44.21],[-113.66,44.21],[-113.64,44.21],[-113.63,44.22],[-113.62,44.23],[-113.62,44.24],[-113.63,44.25],[-113.63,44.26],[-113.65,44.27],[-113.65,44.29],[-113.65,44.3],[-113.65,44.31],[-113.64,44.32],[-113.63,44.33],[-113.61,44.31],[-113.6,44.32],[-113.59,44.32],[-113.58,44.32],[-113.57,44.31],[-113.54,44.36],[-113.56,44.37],[-113.58,44.37],[-113.59,44.37],[-113.6,44.37],[-113.61,44.39],[-113.62,44.41],[-113.61,44.43],[-113.61,44.44],[-113.6,44.44],[-113.59,44.44],[-113.58,44.44],[-113.57,44.44],[-113.56,44.44],[-113.56,44.43],[-113.55,44.43],[-113.54,44.43],[-113.54,44.42],[-113.53,44.43],[-113.52,44.43],[-113.52,44.42],[-113.51,44.42],[-113.5,44.42],[-113.5,44.43],[-113.49,44.43],[-113.48,44.43],[-113.48,44.44],[-113.48,44.45],[-113.47,44.45],[-113.47,44.46],[-113.46,44.46],[-113.46,44.45],[-113.45,44.46],[-113.45,44.45],[-113.44,44.44],[-113.44,44.43],[-113.43,44.43],[-113.43,44.42],[-113.42,44.42],[-113.42,44.41],[-113.41,44.4],[-113.41,44.39],[-113.41,44.38],[-113.4,44.38],[-113.39,44.37],[-113.38,44.37],[-113.38,44.36],[-113.37,44.36],[-113.37,44.35],[-113.36,44.35],[-113.36,44.34],[-113.39,44.31],[-113.42,44.31],[-113.43,44.31],[-113.45,44.32],[-113.47,44.31],[-113.48,44.3],[-113.49,44.29],[-113.49,44.28],[-113.49,44.27],[-113.5,44.26],[-113.47,44.24],[-113.46,44.19],[-113.42,44.16],[-113.37,44.14],[-113.33,44.14],[-113.31,44.13],[-113.28,44.1],[-113.26,44.08],[-113.26,44.07],[-113.26,44.05],[-113.28,44.06],[-113.29,44.05],[-113.3,44.04],[-113.29,44.03],[-113.27,44.02],[-113.27,44.01],[-113.26,44.0],[-113.25,43.98],[-113.24,43.97],[-113.23,43.97],[-113.22,43.94],[-113.22,43.92],[-113.2,43.88],[-113.19,43.85],[-113.19,43.83],[-113.18,43.81],[-113.16,43.81],[-113.15,43.82],[-113.13,43.82],[-113.11,43.82],[-113.1,43.82],[-113.09,43.81],[-113.08,43.8],[-113.07,43.79],[-113.06,43.78],[-113.06,43.77],[-113.06,43.76],[-113.04,43.74],[-113.05,43.72],[-113.06,43.66],[-113.12,43.64],[-113.17,43.62],[-113.21,43.62],[-113.29,43.65],[-113.32,43.68],[-113.32,43.73],[-113.31,43.76],[-113.31,43.79],[-113.31,43.82],[-113.34,43.83],[-113.36,43.85],[-113.38,43.87],[-113.38,43.89],[-113.38,43.91],[-113.38,43.93],[-113.39,43.93],[-113.4,43.94],[-113.41,43.94],[-113.42,43.93],[-113.44,43.93],[-113.45,43.93],[-113.47,43.92],[-113.49,43.92],[-113.51,43.93],[-113.53,43.94],[-113.55,43.94],[-113.56,43.95],[-113.57,43.96],[-113.59,43.97],[-113.6,43.97],[-113.61,43.97],[-113.62,43.97],[-113.63,43.98],[-113.64,43.99],[-113.65,44.0],[-113.66,44.01],[-113.68,44.01],[-113.69,44.02],[-113.7,44.03],[-113.71,44.03],[-113.73,44.03],[-113.74,44.04],[-113.75,44.04],[-113.76,44.04],[-113.76,44.05],[-113.77,44.06],[-113.79,44.06],[-113.8,44.06],[-113.81,44.06],[-113.81,44.07],[-113.82,44.08],[-113.83,44.09],[-113.83,44.1],[-113.83,44.12],[-113.83,44.13],[-113.82,44.14],[-113.82,44.15],[-113.82,44.16],[-113.83,44.17],[-113.84,44.18],[-113.84,44.2],[-113.85,44.21],[-113.86,44.2],[-113.86,44.19],[-113.88,44.19],[-113.89,44.2],[-113.9,44.21],[-113.91,44.22],[-113.92,44.24],[-113.92,44.25],[-113.93,44.26],[-113.94,44.26],[-113.94,44.27],[-113.94,44.28],[-113.96,44.29],[-113.97,44.3],[-113.98,44.31],[-113.99,44.32],[-114.0,44.33],[-114.01,44.34],[-114.02,44.35],[-114.03,44.37],[-114.04,44.38],[-114.05,44.39],[-114.04,44.41],[-114.06,44.41],[-114.06,44.43],[-114.06,44.44],[-114.07,44.44],[-114.08,44.46],[-114.09,44.47],[-114.1,44.48],[-114.1,44.5],[-114.11,44.51],[-114.13,44.51],[-114.15,44.52],[-114.15,44.54],[-114.14,44.55],[-114.15,44.56],[-114.15,44.58],[-114.15,44.59],[-114.14,44.6],[-114.13,44.61],[-114.11,44.61],[-114.09,44.63],[-114.08,44.63],[-114.07,44.63],[-114.05,44.63],[-114.03,44.61],[-114.03,44.59],[-114.03,44.58],[-114.03,44.57],[-114.01,44.56],[-114.01,44.55],[-114.0,44.54],[-113.99,44.53],[-113.97,44.52],[-113.97,44.5],[-113.96,44.5],[-113.94,44.49],[-113.93,44.48],[-113.92,44.46],[-113.9,44.45]]]]}},
{"type":"Feature","properties":{"ugc":"IDZ070","name":"Challis/Pahsimeroi Valleys","state":"ID","wfo":"PIH"},"geometry":{"type":"MultiPolygon","coordinates":[[[[-114.21,44.74],[-114.2,44.75],[-114.19,44.75],[-114.19,44.74],[-114.18,44.74],[-114.18,44.75],[-114.17,44.75],[-114.17,44.74],[-114.16,44.74],[-114.16,44.75],[-114.15,44.74],[-114.14,44.73],[-114.13,44.73],[-114.13,44.74],[-114.12,44.74],[-114.11,44.74],[-114.11,44.75],[-114.1,44.75],[-114.09,44.75],[-114.09,44.76],[-114.08,44.76],[-114.08,44.75],[-114.08,44.74],[-114.07,44.74],[-114.07,44.73],[-114.06,44.73],[-114.06,44.72],[-114.05,44.72],[-114.05,44.71],[-114.05,44.7],[-114.05,44.69],[-114.04,44.69],[-114.04,44.68],[-114.03,44.68],[-114.03,44.67],[-114.03,44.66],[-114.02,44.66],[-114.02,44.65],[-114.01,44.65],[-114.01,44.64],[-114.0,44.64],[-114.0,44.63],[-113.99,44.63],[-113.99,44.62],[-113.98,44.62],[-113.97,44.62],[-113.97,44.61],[-113.96,44.61],[-113.96,44.6],[-113.95,44.6],[-113.95,44.59],[-113.94,44.59],[-113.94,44.58],[-113.93,44.58],[-113.93,44.57],[-113.92,44.57],[-113.91,44.57],[-113.91,44.56],[-113.9,44.56],[-113.9,44.55],[-113.89,44.55],[-113.88,44.55],[-113.88,44.54],[-113.87,44.54],[-113.86,44.54],[-113.86,44.53],[-113.85,44.53],[-113.85,44.52],[-113.84,44.52],[-113.84,44.51],[-113.83,44.51],[-113.83,44.5],[-113.82,44.5],[-113.82,44.49],[-113.81,44.49],[-113.8,44.49],[-113.79,44.49],[-113.78,44.49],[-113.77,44.49],[-113.76,44.49],[-113.76,44.48],[-113.75,44.48],[-113.74,44.48],[-113.73,44.48],[-113.72,44.48],[-113.72,44.47],[-113.71,44.47],[-113.7,44.47],[-113.69,44.47],[-113.68,44.46],[-113.67,44.46],[-113.67,44.45],[-113.66,44.45],[-113.65,44.45],[-113.64,44.45],[-113.63,44.45],[-113.62,44.45],[-113.61,44.45],[-113.61,44.44],[-113.61,44.43],[-113.62,44.41],[-113.61,44.39],[-113.6,44.37],[-113.59,44.37],[-113.58,44.37],[-113.56,44.37],[-113.54,44.36],[-113.57,44.31],[-113.58,44.32],[-113.59,44.32],[-113.6,44.32],[-113.61,44.31],[-113.63,44.33],[-113.64,44.32],[-113.65,44.31],[-113.65,44.3],[-113.65,44.29],[-113.65,44.27],[-113.63,44.26],[-113.63,44.25],[-113.62,44.24],[-113.62,44.23],[-113.63,44.22],[-113.64,44.21],[-113.66,44.21],[-113.67,44.21],[-113.69,44.22],[-113.71,44.22],[-113.72,44.22],[-113.72,44.23],[-113.72,44.25],[-113.72,44.26],[-113.73,44.27],[-113.72,44.28],[-113.72,44.3],[-113.73,44.31],[-113.75,44.31],[-113.77,44.32],[-113.79,44.33],[-113.79,44.34],[-113.8,44.36],[-113.8,44.38],[-113.82,44.39],[-113.83,44.4],[-113.83,44.41],[-113.84,44.43],[-113.85,44.44],[-113.86,44.44],[-113.87,44.45],[-113.88,44.44],[-113.9,44.44],[-113.9,44.45],[-113.92,44.46],[-113.93,44.48],[-113.94,44.49],[-113.96,44.5],[-113.97,44.5],[-113.97,44.52],[-113.99,44.53],[-114.0,44.54],[-114.01,44.55],[-114.01,44.56],[-114.03,44.57],[-114.03,44.58],[-114.03,44.59],[-114.03,44.61],[-114.05,44.63],[-114.07,44.63],[-114.08,44.63],[-114.09,44.63],[-114.11,44.61],[-114.13,44.61],[-114.14,44.6],[-114.15,44.59],[-114.15,44.58],[-114.15,44.56],[-114.14,44.55],[-114.15,44.54],[-114.15,44.52],[-114.13,44.51],[-114.11,44.51],[-114.1,44.5],[-114.1,44.48],[-114.09,44.47],[-114.08,44.46],[-114.07,44.44],[-114.06,44.44],[-114.06,44.43],[-114.06,44.41],[-114.04,44.41],[-114.05,44.39],[-114.04,44.38],[-114.03,44.37],[-114.02,44.35],[-114.01,44.34],[-114.0,44.33],[-113.99,44.32],[-113.98,44.31],[-113.97,44.3],[-113.96,44.29],[-113.94,44.28],[-113.94,44.27],[-113.94,44.26],[-113.93,44.26],[-113.92,44.25],[-113.92,44.24],[-113.94,44.23],[-113.95,44.23],[-113.98,44.23],[-113.98,44.21],[-113.97,44.2],[-113.97,44.18],[-113.99,44.16],[-114.0,44.13],[-114.0,44.11],[-114.03,44.09],[-114.06,44.12],[-114.16,44.12],[-114.26,44.11],[-114.35,44.1],[-114.36,44.12],[-114.36,44.15],[-114.36,44.23],[-114.36,44.28],[-114.35,44.3],[-114.34,44.33],[-114.31,44.37],[-114.32,44.4],[-114.3,44.42],[-114.3,44.45],[-114.31,44.46],[-114.33,44.46],[-114.35,44.48],[-114.35,44.49],[-114.37,44.51],[-114.37,44.53],[-114.38,44.54],[-114.41,44.54],[-114.42,44.54],[-114.41,44.56],[-114.41,44.57],[-114.41,44.58],[-114.39,44.6],[-114.36,44.61],[-114.36,44.62],[-114.33,44.62],[-114.31,44.64],[-114.29,44.64],[-114.27,44.64],[-114.26,44.67],[-114.28,44.69],[-114.29,44.71],[-114.3,44.72],[-114.29,44.74],[-114.28,44.76],[-114.27,44.76],[-114.25,44.77],[-114.23,44.77],[-114.22,44.76],[-114.22,44.75],[-114.21,44.74]]]]}},
{"type":"Feature","properties":{"ugc":"IDZ071","name":"Frank Church Wilderness","state":"ID","wfo":"PIH"},"geometry":{"type":"MultiPolygon","coordinates":[[[[-114.61,44.63],[-114.6,44.63],[-114.6,44.62],[-114.6,44.61],[-114.6,44.6],[-114.6,44.59],[-114.59,44.59],[-114.58,44.59],[-114.58,44.58],[-114.57,44.58],[-114.56,44.58],[-114.55,44.58],[-114.54,44.58],[-114.54,44.59],[-114.53,44.59],[-114.53,44.6],[-114.52,44.6],[-114.51,44.6],[-114.5,44.6],[-114.49,44.6],[-114.49,44.59],[-114.48,44.59],[-114.48,44.6],[-114.47,44.6],[-114.47,44.61],[-114.46,44.61],[-114.45,44.61],[-114.45,44.62],[-114.45,44.63],[-114.44,44.64],[-114.44,44.65],[-114.43,44.65],[-114.42,44.65],[-114.41,44.65],[-114.41,44.66],[-114.4,44.67],[-114.39,44.67],[-114.39,44.68],[-114.39,44.69],[-114.38,44.69],[-114.38,44.7],[-114.37,44.7],[-114.37,44.71],[-114.38,44.71],[-114.39,44.71],[-114.39,44.72],[-114.4,44.72],[-114.4,44.73],[-114.41,44.73],[-114.41,44.74],[-114.4,44.74],[-114.39,44.74],[-114.39,44.75],[-114.38,44.75],[-114.37,44.75],[-114.36,44.75],[-114.36,44.76],[-114.35,44.76],[-114.35,44.77],[-114.35,44.78],[-114.34,44.78],[-114.34,44.79],[-114.34,44.8],[-114.33,44.8],[-114.32,44.8],[-114.32,44.81],[-114.31,44.81],[-114.3,44.82],[-114.29,44.82],[-114.28,44.82],[-114.28,44.83],[-114.27,44.83],[-114.27,44.84],[-114.26,44.85],[-114.25,44.85],[-114.24,44.85],[-114.24,44.86],[-114.23,44.86],[-114.23,44.87],[-114.23,44.88],[-114.22,44.88],[-114.22,44.87],[-114.21,44.87],[-114.21,44.86],[-114.2,44.86],[-114.2,44.85],[-114.19,44.84],[-114.2,44.84],[-114.2,44.83],[-114.19,44.83],[-114.19,44.82],[-114.19,44.81],[-114.2,44.81],[-114.2,44.8],[-114.21,44.79],[-114.2,44.78],[-114.21,44.78],[-114.21,44.77],[-114.21,44.76],[-114.22,44.76],[-114.23,44.77],[-114.25,44.77],[-114.27,44.76],[-114.28,44.76],[-114.29,44.74],[-114.3,44.72],[-114.29,44.71],[-114.28,44.69],[-114.26,44.67],[-114.27,44.64],[-114.29,44.64],[-114.31,44.64],[-114.33,44.62],[-114.36,44.62],[-114.36,44.61],[-114.39,44.6],[-114.41,44.58],[-114.41,44.57],[-114.41,44.56],[-114.42,44.54],[-114.41,44.54],[-114.38,44.54],[-114.37,44.53],[-114.37,44.51],[-114.35,44.49],[-114.35,44.48],[-114.33,44.46],[-114.31,44.46],[-114.3,44.45],[-114.3,44.42],[-114.32,44.4],[-114.31,44.37],[-114.34,44.33],[-114.35,44.3],[-114.36,44.28],[-114.36,44.23],[-114.36,44.15],[-114.36,44.12],[-114.35,44.1],[-114.39,44.1],[-114.42,44.09],[-114.43,44.07],[-114.44,44.06],[-114.45,44.04],[-114.43,44.02],[-114.45,44.02],[-114.47,44.0],[-114.48,43.98],[-114.5,43.98],[-114.52,43.98],[-114.55,44.01],[-114.56,44.07],[-114.57,44.12],[-114.61,44.16],[-114.63,44.18],[-114.65,44.21],[-114.68,44.23],[-114.7,44.25],[-114.71,44.25],[-114.72,44.27],[-114.76,44.35],[-114.76,44.4],[-114.76,44.48],[-114.8,44.52],[-114.85,44.53],[-114.86,44.57],[-114.85,44.6],[-114.81,44.64],[-114.8,44.67],[-114.8,44.7],[-114.79,44.71],[-114.79,44.72],[-114.78,44.71],[-114.77,44.71],[-114.77,44.7],[-114.76,44.7],[-114.76,44.69],[-114.75,44.69],[-114.75,44.68],[-114.74,44.68],[-114.74,44.67],[-114.74,44.66],[-114.74,44.65],[-114.73,44.65],[-114.72,44.65],[-114.71,44.65],[-114.71,44.66],[-114.7,44.66],[-114.7,44.65],[-114.69,44.66],[-114.68,44.66],[-114.67,44.66],[-114.66,44.66],[-114.65,44.66],[-114.64,44.66],[-114.64,44.65],[-114.63,44.65],[-114.62,44.65],[-114.62,44.64],[-114.61,44.64],[-114.61,44.63]]]]}},
{"type":"Feature","properties":{"ugc":"IDZ072","name":"Sawtooth/Stanley Basin","state":"ID","wfo":"PIH"},"geometry":{"type":"MultiPolygon","coordinates":[[[[-115.3,44.58],[-115.3,44.59],[-115.29,44.59],[-115.29,44.6],[-115.28,44.6],[-115.28,44.61],[-115.27,44.61],[-115.26,44.61],[-115.26,44.62],[-115.25,44.62],[-115.24,44.62],[-115.23,44.62],[-115.23,44.63],[-115.22,44.63],[-115.21,44.63],[-115.2,44.63],[-115.19,44.63],[-115.19,44.64],[-115.18,44.64],[-115.18,44.65],[-115.17,44.65],[-115.17,44.66],[-115.16,44.66],[-115.16,44.67],[-115.15,44.67],[-115.15,44.68],[-115.15,44.69],[-115.15,44.7],[-115.15,44.71],[-115.14,44.71],[-115.14,44.72],[-115.15,44.72],[-115.15,44.73],[-115.14,44.73],[-115.14,44.74],[-115.13,44.75],[-115.12,44.75],[-115.12,44.76],[-115.11,44.76],[-115.1,44.76],[-115.1,44.77],[-115.09,44.77],[-115.08,44.77],[-115.07,44.77],[-115.07,44.76],[-115.06,44.76],[-115.05,44.75],[-115.04,44.75],[-115.03,44.74],[-115.02,44.74],[-115.01,44.74],[-115.02,44.73],[-115.02,44.72],[-115.01,44.72],[-115.0,44.72],[-115.0,44.73],[-114.99,44.73],[-114.98,44.73],[-114.97,44.73],[-114.97,44.72],[-114.96,44.72],[-114.95,44.72],[-114.94,44.72],[-114.94,44.73],[-114.93,44.73],[-114.92,44.74],[-114.91,44.75],[-114.91,44.76],[-114.9,44.76],[-114.89,44.77],[-114.88,44.77],[-114.88,44.78],[-114.87,44.78],[-114.86,44.78],[-114.85,44.78],[-114.85,44.79],[-114.84,44.79],[-114.84,44.8],[-114.83,44.8],[-114.82,44.8],[-114.82,44.81],[-114.81,44.81],[-114.81,44.8],[-114.8,44.8],[-114.8,44.79],[-114.8,44.78],[-114.81,44.78],[-114.81,44.77],[-114.81,44.76],[-114.82,44.76],[-114.82,44.75],[-114.82,44.74],[-114.81,44.73],[-114.81,44.72],[-114.8,44.72],[-114.79,44.72],[-114.79,44.71],[-114.8,44.7],[-114.8,44.67],[-114.81,44.64],[-114.85,44.6],[-114.86,44.57],[-114.85,44.53],[-114.8,44.52],[-114.76,44.48],[-114.76,44.4],[-114.76,44.35],[-114.72,44.27],[-114.71,44.25],[-114.7,44.25],[-114.68,44.23],[-114.65,44.21],[-114.63,44.18],[-114.61,44.16],[-114.57,44.12],[-114.56,44.07],[-114.55,44.01],[-114.52,43.98],[-114.57,43.93],[-114.63,43.92],[-114.66,43.93],[-114.71,43.89],[-114.73,43.81],[-114.74,43.81],[-114.75,43.8],[-114.76,43.8],[-114.76,43.79],[-114.77,43.79],[-114.78,43.79],[-114.78,43.8],[-114.79,43.8],[-114.8,43.8],[-114.82,43.8],[-114.82,43.79],[-114.83,43.79],[-114.84,43.79],[-114.85,43.79],[-114.86,43.8],[-114.85,43.8],[-114.85,43.81],[-114.85,43.82],[-114.86,43.82],[-114.87,43.82],[-114.88,43.82],[-114.89,43.83],[-114.9,43.83],[-114.91,43.83],[-114.92,43.84],[-114.93,43.84],[-114.94,43.84],[-114.94,43.85],[-114.95,43.85],[-114.96,43.85],[-114.97,43.85],[-114.98,43.85],[-114.98,43.86],[-114.98,43.87],[-114.97,43.87],[-114.97,43.88],[-114.98,43.88],[-114.99,43.89],[-114.99,43.9],[-114.99,43.91],[-115.0,43.91],[-114.99,43.92],[-114.98,43.92],[-114.98,43.93],[-114.97,43.94],[-114.98,43.94],[-114.98,43.95],[-114.99,43.95],[-114.99,43.96],[-114.98,43.97],[-114.97,43.97],[-114.97,43.98],[-114.98,43.98],[-114.98,43.99],[-114.99,43.99],[-114.98,44.0],[-114.98,44.01],[-114.99,44.01],[-115.0,44.01],[-115.0,44.02],[-115.01,44.01],[-115.02,44.01],[-115.02,44.02],[-115.03,44.02],[-115.04,44.02],[-115.04,44.03],[-115.05,44.04],[-115.05,44.05],[-115.05,44.06],[-115.04,44.06],[-115.04,44.07],[-115.03,44.07],[-115.02,44.07],[-115.02,44.08],[-115.01,44.08],[-115.0,44.08],[-115.0,44.09],[-115.0,44.1],[-115.01,44.1],[-115.02,44.1],[-115.03,44.11],[-115.04,44.11],[-115.04,44.12],[-115.03,44.13],[-115.02,44.13],[-115.02,44.14],[-115.02,44.15],[-115.02,44.16],[-115.03,44.16],[-115.04,44.16],[-115.05,44.16],[-115.05,44.17],[-115.06,44.16],[-115.07,44.16],[-115.07,44.17],[-115.08,44.17],[-115.08,44.18],[-115.09,44.17],[-115.1,44.17],[-115.11,44.17],[-115.11,44.18],[-115.12,44.18],[-115.12,44.19],[-115.13,44.19],[-115.14,44.19],[-115.15,44.19],[-115.15,44.2],[-115.16,44.2],[-115.17,44.2],[-115.17,44.21],[-115.16,44.21],[-115.16,44.22],[-115.17,44.22],[-115.17,44.23],[-115.17,44.24],[-115.16,44.24],[-115.16,44.25],[-115.16,44.26],[-115.17,44.27],[-115.17,44.28],[-115.17,44.29],[-115.18,44.29],[-115.19,44.29],[-115.2,44.28],[-115.2,44.29],[-115.21,44.29],[-115.21,44.3],[-115.22,44.31],[-115.23,44.31],[-115.24,44.31],[-115.24,44.3],[-115.24,44.29],[-115.25,44.3],[-115.25,44.31],[-115.26,44.31],[-115.27,44.32],[-115.28,44.32],[-115.29,44.32],[-115.29,44.33],[-115.29,44.34],[-115.29,44.35],[-115.28,44.36],[-115.27,44.36],[-115.26,44.37],[-115.26,44.38],[-115.25,44.38],[-115.25,44.39],[-115.25,44.4],[-115.24,44.4],[-115.24,44.41],[-115.23,44.41],[-115.23,44.42],[-115.23,44.43],[-115.23,44.44],[-115.23,44.45],[-115.23,44.46],[-115.22,44.46],[-115.23,44.47],[-115.23,44.48],[-115.23,44.49],[-115.23,44.5],[-115.24,44.5],[-115.24,44.51],[-115.25,44.52],[-115.26,44.52],[-115.27,44.52],[-115.28,44.52],[-115.28,44.53],[-115.29,44.53],[-115.29,44.54],[-115.29,44.55],[-115.3,44.55],[-115.3,44.56],[-115.3,44.57],[-115.3,44.58]]]]}},
{"type":"Feature","properties":{"ugc":"IDZ073","name":"Sun Valley Region","state":"ID","wfo":"PIH"},"geometry":{"type":"MultiPolygon","coordinates":[[[[-114.45,43.93],[-114.4,43.92],[-114.38,43.91],[-114.37,43.91],[-114.35,43.91],[-114.33,43.89],[-114.32,43.89],[-114.31,43.89],[-114.29,43.89],[-114.28,43.88],[-114.26,43.88],[-114.24,43.86],[-114.24,43.84],[-114.18,43.84],[-114.15,43.82],[-114.13,43.81],[-114.11,43.78],[-114.1,43.76],[-114.07,43.74],[-114.04,43.66],[-114.04,43.63],[-114.04,43.62],[-114.05,43.61],[-114.05,43.59],[-114.06,43.58],[-114.08,43.58],[-114.09,43.59],[-114.1,43.59],[-114.11,43.6],[-114.13,43.59],[-114.14,43.59],[-114.18,43.6],[-114.21,43.64],[-114.25,43.64],[-114.31,43.61],[-114.35,43.6],[-114.35,43.56],[-114.39,43.52],[-114.4,43.49],[-114.42,43.48],[-114.45,43.47],[-114.48,43.46],[-114.51,43.47],[-114.51,43.48],[-114.51,43.49],[-114.52,43.49],[-114.53,43.49],[-114.54,43.49],[-114.54,43.5],[-114.55,43.5],[-114.56,43.5],[-114.57,43.5],[-114.57,43.51],[-114.58,43.51],[-114.58,43.52],[-114.58,43.53],[-114.59,43.53],[-114.6,43.53],[-114.59,43.54],[-114.59,43.55],[-114.59,43.56],[-114.6,43.56],[-114.6,43.57],[-114.61,43.57],[-114.62,43.57],[-114.62,43.58],[-114.63,43.57],[-114.64,43.58],[-114.64,43.59],[-114.65,43.59],[-114.66,43.59],[-114.67,43.59],[-114.68,43.59],[-114.68,43.6],[-114.68,43.61],[-114.68,43.62],[-114.67,43.62],[-114.67,43.63],[-114.67,43.64],[-114.66,43.64],[-114.66,43.65],[-114.66,43.66],[-114.67,43.66],[-114.67,43.67],[-114.68,43.67],[-114.68,43.68],[-114.69,43.68],[-114.69,43.69],[-114.68,43.69],[-114.68,43.7],[-114.68,43.71],[-114.68,43.72],[-114.68,43.73],[-114.67,43.73],[-114.67,43.74],[-114.68,43.74],[-114.68,43.75],[-114.69,43.75],[-114.69,43.76],[-114.69,43.77],[-114.69,43.78],[-114.69,43.79],[-114.7,43.79],[-114.7,43.8],[-114.7,43.81],[-114.71,43.81],[-114.72,43.82],[-114.72,43.81],[-114.73,43.81],[-114.71,43.89],[-114.66,43.93],[-114.63,43.92],[-114.57,43.93],[-114.52,43.98],[-114.5,43.95],[-114.47,43.94],[-114.45,43.93]]]]}},
{"type":"Feature","properties":{"ugc":"IDZ074","name":"Big Lost Highlands/Copper Basin","state":"ID","wfo":"PIH"},"geometry":{"type":"MultiPolygon","coordinates":[[[[-114.03,44.0],[-114.08,43.96],[-114.06,43.96],[-114.05,43.96],[-114.03,43.95],[-114.02,43.95],[-114.0,43.95],[-113.99,43.97],[-113.97,43.99],[-113.94,43.99],[-113.94,43.98],[-113.93,43.96],[-113.91,43.96],[-113.9,43.96],[-113.89,43.94],[-113.88,43.94],[-113.86,43.92],[-113.84,43.92],[-113.83,43.92],[-113.81,43.92],[-113.79,43.91],[-113.77,43.9],[-113.74,43.9],[-113.72,43.91],[-113.7,43.91],[-113.69,43.91],[-113.68,43.89],[-113.67,43.88],[-113.68,43.82],[-113.69,43.78],[-113.67,43.73],[-113.64,43.69],[-113.63,43.61],[-113.62,43.57],[-113.62,43.54],[-113.6,43.52],[-113.56,43.5],[-113.59,43.47],[-113.6,43.46],[-113.61,43.46],[-113.62,43.46],[-113.63,43.46],[-113.63,43.45],[-113.64,43.45],[-113.68,43.46],[-113.7,43.47],[-113.72,43.48],[-113.74,43.48],[-113.75,43.5],[-113.75,43.52],[-113.74,43.54],[-113.74,43.55],[-113.75,43.56],[-113.77,43.55],[-113.78,43.55],[-113.8,43.54],[-113.83,43.54],[-113.85,43.54],[-113.87,43.56],[-113.88,43.57],[-113.89,43.58],[-113.91,43.59],[-113.93,43.6],[-113.94,43.59],[-113.95,43.58],[-113.96,43.57],[-113.97,43.56],[-113.99,43.55],[-114.01,43.56],[-114.01,43.57],[-114.01,43.58],[-114.01,43.59],[-114.01,43.61],[-114.04,43.63],[-114.04,43.66],[-114.07,43.74],[-114.1,43.76],[-114.11,43.78],[-114.13,43.81],[-114.15,43.82],[-114.18,43.84],[-114.24,43.84],[-114.24,43.86],[-114.26,43.88],[-114.28,43.88],[-114.29,43.89],[-114.31,43.89],[-114.32,43.89],[-114.33,43.89],[-114.35,43.91],[-114.37,43.91],[-114.38,43.91],[-114.4,43.92],[-114.45,43.93],[-114.47,43.94],[-114.5,43.95],[-114.52,43.98],[-114.5,43.98],[-114.48,43.98],[-114.47,44.0],[-114.45,44.02],[-114.43,44.02],[-114.45,44.04],[-114.44,44.06],[-114.43,44.07],[-114.42,44.09],[-114.39,44.1],[-114.35,44.1],[-114.26,44.11],[-114.16,44.12],[-114.06,44.12],[-114.03,44.09],[-114.02,44.06],[-114.01,44.03],[-114.03,44.0]]]]}},
{"type":"Feature","properties":{"ugc":"IDZ075","name":"Wood River Foothills","state":"ID","wfo":"PIH"},"geometry":{"type":"MultiPolygon","coordinates":[[[[-114.18,43.6],[-114.14,43.59],[-114.13,43.59],[-114.11,43.6],[-114.1,43.59],[-114.09,43.59],[-114.08,43.58],[-114.06,43.58],[-114.05,43.59],[-114.05,43.61],[-114.04,43.62],[-114.04,43.63],[-114.01,43.61],[-114.01,43.59],[-114.01,43.58],[-114.01,43.57],[-114.01,43.56],[-113.99,43.55],[-113.97,43.56],[-113.96,43.57],[-113.95,43.58],[-113.94,43.59],[-113.93,43.6],[-113.91,43.59],[-113.89,43.58],[-113.88,43.57],[-113.87,43.56],[-113.85,43.54],[-113.83,43.54],[-113.8,43.54],[-113.78,43.55],[-113.77,43.55],[-113.75,43.56],[-113.74,43.55],[-113.74,43.54],[-113.75,43.52],[-113.75,43.5],[-113.74,43.48],[-113.72,43.48],[-113.7,43.47],[-113.68,43.46],[-113.64,43.45],[-113.63,43.37],[-113.77,43.39],[-113.85,43.39],[-113.91,43.38],[-113.98,43.37],[-114.06,43.27],[-114.14,43.25],[-114.26,43.22],[-114.28,43.2],[-114.36,43.2],[-114.38,43.2],[-114.37,43.23],[-114.37,43.24],[-114.37,43.26],[-114.38,43.26],[-114.39,43.26],[-114.39,43.32],[-114.4,43.33],[-114.41,43.33],[-114.42,43.33],[-114.43,43.33],[-114.44,43.33],[-114.45,43.33],[-114.46,43.33],[-114.47,43.33],[-114.48,43.33],[-114.49,43.33],[-114.5,43.33],[-114.51,43.33],[-114.52,43.33],[-114.53,43.33],[-114.53,43.34],[-114.53,43.37],[-114.53,43.38],[-114.53,43.4],[-114.54,43.4],[-114.55,43.4],[-114.55,43.43],[-114.55,43.44],[-114.54,43.44],[-114.53,43.44],[-114.53,43.45],[-114.52,43.45],[-114.52,43.46],[-114.51,43.46],[-114.51,43.47],[-114.48,43.46],[-114.45,43.47],[-114.42,43.48],[-114.4,43.49],[-114.39,43.52],[-114.35,43.56],[-114.35,43.6],[-114.31,43.61],[-114.25,43.64],[-114.21,43.64],[-114.18,43.6]]]]}}
]
}
