{
"type": "FeatureCollection",
"name": "pyogrio_66a854a06df24bd69327714404195d94",
"crs": { "type": "name", "properties": { "name": "urn:ogc:def:crs:OGC:1.3:CRS84" } },
"features": [
{"type":"Feature","properties":{"ugc":"ORC001","name":"Baker","state":"OR","wfo":"BOI"},"geometry":{"type":"MultiPolygon","coordinates":[[[[-118.42,44.45],[-118.41,44.45],[-118.4,44.46],[-118.39,44.46],[-118.38,44.46],[-118.37,44.46],[-118.37,44.47],[-118.36,44.47],[-118.36,44.48],[-118.36,44.49],[-118.37,44.5],[-118.37,44.51],[-118.37,44.52],[-118.37,44.53],[-118.36,44.54],[-118.35,44.54],[-118.35,44.55],[-118.35,44.56],[-118.34,44.56],[-118.33,44.56],[-118.32,44.56],[-118.32,44.57],[-118.31,44.57],[-118.32,44.58],[-118.31,44.58],[-118.31,44.59],[-118.31,44.6],[-118.32,44.6],[-118.32,44.61],[-118.33,44.61],[-118.34,44.61],[-118.34,44.62],[-118.34,44.63],[-118.35,44.63],[-118.35,44.64],[-118.36,44.64],[-118.37,44.64],[-118.37,44.65],[-118.38,44.65],[-118.39,44.64],[-118.4,44.64],[-118.41,44.64],[-118.41,44.65],[-118.42,44.65],[-118.43,44.65],[-118.44,44.65],[-118.45,44.65],[-118.46,44.66],[-118.47,44.66],[-118.48,44.66],[-118.49,44.66],[-118.5,44.67],[-118.51,44.67],[-118.51,44.68],[-118.51,44.69],[-118.52,44.69],[-118.52,44.7],[-118.52,44.71],[-118.51,44.71],[-118.5,44.71],[-118.49,44.71],[-118.48,44.71],[-118.47,44.71],[-118.46,44.71],[-118.46,44.72],[-118.45,44.72],[-118.44,44.72],[-118.43,44.72],[-118.42,44.72],[-118.42,44.73],[-118.41,44.73],[-118.4,44.73],[-118.39,44.73],[-118.39,44.74],[-118.38,44.74],[-118.38,44.75],[-118.37,44.75],[-118.36,44.75],[-118.35,44.74],[-118.34,44.74],[-118.33,44.74],[-118.32,44.74],[-118.31,44.74],[-118.3,44.75],[-118.29,44.75],[-118.29,44.76],[-118.29,44.77],[-118.29,44.78],[-118.29,44.79],[-118.3,44.79],[-118.3,44.8],[-118.3,44.81],[-118.3,44.82],[-118.31,44.82],[-118.31,44.83],[-118.32,44.83],[-118.32,44.84],[-118.31,44.84],[-118.31,44.85],[-118.3,44.85],[-118.29,44.85],[-118.29,44.86],[-118.29,44.87],[-118.28,44.87],[-118.27,44.87],[-118.26,44.86],[-118.25,44.86],[-118.24,44.86],[-118.23,44.86],[-118.23,44.87],[-118.22,44.88],[-118.23,44.88],[-118.23,44.89],[-118.23,44.9],[-118.24,44.9],[-118.24,44.91],[-118.23,44.91],[-118.23,44.92],[-118.23,44.93],[-118.22,44.94],[-118.23,44.94],[-118.24,44.94],[-118.24,44.95],[-118.25,44.96],[-118.23,44.96],[-118.23,44.97],[-118.23,44.98],[-118.22,44.98],[-118.22,44.99],[-118.21,44.99],[-118.21,45.0],[-118.21,45.01],[-118.2,45.01],[-118.2,45.02],[-118.19,45.02],[-118.18,45.02],[-118.17,45.02],[-118.16,45.02],[-118.15,45.02],[-118.15,45.03],[-118.14,45.03],[-118.14,45.04],[-118.13,45.04],[-118.12,45.04],[-118.12,45.05],[-118.11,45.05],[-118.1,45.05],[-118.1,45.04],[-118.09,45.04],[-118.09,45.03],[-118.08,45.03],[-118.08,45.02],[-118.07,45.02],[-118.06,45.01],[-118.05,45.01],[-118.04,45.01],[-118.04,45.0],[-118.03,45.0],[-118.02,45.0],[-118.01,45.0],[-118.0,45.0],[-118.0,44.99],[-117.99,44.99],[-117.99,45.0],[-117.98,45.0],[-117.97,45.0],[-117.96,45.0],[-117.95,45.0],[-117.95,45.01],[-117.94,45.01],[-117.93,45.01],[-117.93,45.02],[-117.92,45.02],[-117.91,45.03],[-117.9,45.03],[-117.9,45.04],[-117.89,45.05],[-117.89,45.06],[-117.88,45.06],[-117.87,45.06],[-117.86,45.05],[-117.86,45.06],[-117.85,45.06],[-117.84,45.06],[-117.84,45.05],[-117.83,45.04],[-117.83,45.03],[-117.82,45.03],[-117.81,45.03],[-117.8,45.03],[-117.79,45.03],[-117.8,45.02],[-117.79,45.02],[-117.79,45.01],[-117.78,45.01],[-117.78,45.0],[-117.78,44.99],[-117.75,44.99],[-117.63,44.99],[-117.58,44.99],[-117.56,44.99],[-117.56,45.02],[-117.56,45.08],[-117.5,45.08],[-117.38,45.08],[-117.36,45.08],[-117.27,45.08],[-117.2,45.08],[-117.18,45.08],[-117.15,45.08],[-117.13,45.08],[-117.01,45.08],[-116.93,45.08],[-116.88,45.08],[-116.86,45.08],[-116.79,45.08],[-116.78,45.08],[-116.79,45.07],[-116.79,45.06],[-116.8,45.06],[-116.8,45.05],[-116.81,45.05],[-116.82,45.05],[-116.82,45.04],[-116.83,45.04],[-116.84,45.03],[-116.85,45.02],[-116.85,45.01],[-116.84,45.0],[-116.85,45.0],[-116.85,44.99],[-116.86,44.99],[-116.86,44.98],[-116.85,44.97],[-116.85,44.96],[-116.84,44.95],[-116.84,44.94],[-116.83,44.94],[-116.83,44.93],[-116.84,44.93],[-116.84,44.92],[-116.84,44.91],[-116.85,44.9],[-116.85,44.89],[-116.86,44.88],[-116.87,44.87],[-116.88,44.87],[-116.88,44.86],[-116.89,44.86],[-116.9,44.85],[-116.9,44.84],[-116.91,44.83],[-116.92,44.81],[-116.93,44.81],[-116.93,44.8],[-116.93,44.79],[-116.94,44.78],[-116.95,44.78],[-116.96,44.78],[-116.97,44.78],[-116.97,44.77],[-116.99,44.76],[-117.0,44.76],[-117.01,44.76],[-117.02,44.75],[-117.03,44.75],[-117.04,44.75],[-117.05,44.74],[-117.05,44.73],[-117.06,44.73],[-117.06,44.72],[-117.06,44.71],[-117.06,44.7],[-117.07,44.7],[-117.08,44.69],[-117.08,44.68],[-117.08,44.67],[-117.09,44.67],[-117.1,44.66],[-117.09,44.65],[-117.1,44.65],[-117.1,44.64],[-117.11,44.63],[-117.11,44.62],[-117.12,44.62],[-117.12,44.61],[-117.12,44.6],[-117.13,44.59],[-117.12,44.59],[-117.13,44.58],[-117.14,44.57],[-117.15,44.57],[-117.15,44.56],[-117.14,44.56],[-117.14,44.55],[-117.15,44.54],[-117.15,44.53],[-117.16,44.53],[-117.17,44.52],[-117.18,44.52],[-117.19,44.52],[-117.19,44.51],[-117.19,44.5],[-117.2,44.5],[-117.2,44.49],[-117.21,44.49],[-117.22,44.49],[-117.22,44.48],[-117.23,44.48],[-117.22,44.47],[-117.22,44.46],[-117.21,44.45],[-117.22,44.45],[-117.22,44.44],[-117.22,44.43],[-117.22,44.42],[-117.22,44.41],[-117.23,44.41],[-117.23,44.4],[-117.24,44.4],[-117.24,44.39],[-117.24,44.38],[-117.24,44.37],[-117.23,44.37],[-117.22,44.37],[-117.22,44.36],[-117.21,44.36],[-117.21,44.35],[-117.2,44.35],[-117.19,44.34],[-117.19,44.33],[-117.2,44.33],[-117.2,44.32],[-117.2,44.31],[-117.21,44.31],[-117.22,44.31],[-117.22,44.3],[-117.23,44.3],[-117.36,44.3],[-117.38,44.3],[-117.49,44.3],[-117.49,44.37],[-117.49,44.39],[-117.51,44.39],[-117.51,44.4],[-117.53,44.4],[-117.53,44.42],[-117.57,44.42],[-117.57,44.43],[-117.58,44.43],[-117.59,44.43],[-117.59,44.44],[-117.6,44.44],[-117.63,44.44],[-117.74,44.44],[-117.75,44.44],[-117.87,44.44],[-117.97,44.44],[-117.97,44.43],[-118.01,44.43],[-118.01,44.42],[-118.03,44.42],[-118.03,44.39],[-118.05,44.39],[-118.05,44.37],[-118.07,44.37],[-118.07,44.36],[-118.09,44.36],[-118.09,44.34],[-118.09,44.33],[-118.11,44.33],[-118.11,44.31],[-118.13,44.31],[-118.13,44.3],[-118.14,44.3],[-118.15,44.3],[-118.15,44.27],[-118.17,44.27],[-118.19,44.27],[-118.19,44.26],[-118.22,44.26],[-118.23,44.26],[-118.25,44.26],[-118.35,44.26],[-118.36,44.26],[-118.39,44.26],[-118.42,44.26],[-118.46,44.26],[-118.5,44.26],[-118.5,44.28],[-118.5,44.29],[-118.49,44.29],[-118.49,44.3],[-118.48,44.3],[-118.48,44.31],[-118.48,44.32],[-118.47,44.32],[-118.47,44.33],[-118.46,44.34],[-118.46,44.35],[-118.45,44.35],[-118.44,44.35],[-118.43,44.36],[-118.43,44.37],[-118.42,44.37],[-118.41,44.37],[-118.41,44.38],[-118.42,44.39],[-118.43,44.39],[-118.43,44.4],[-118.44,44.4],[-118.43,44.41],[-118.43,44.42],[-118.42,44.42],[-118.42,44.43],[-118.42,44.44],[-118.42,44.45]]],[[[-116.84,44.97],[-116.84,44.98],[-116.83,44.98],[-116.83,44.97],[-116.84,44.97]]]]}},
{"type":"Feature","properties":{"ugc":"ORC003","name":"Benton","state":"OR","wfo":"PQR"},"geometry":{"type":"MultiPolygon","coordinates":[[[[-123.23,44.54],[-123.23,44.53],[-123.22,44.53],[-123.22,44.52],[-123.23,44.52],[-123.22,44.51],[-123.21,44.51],[-123.21,44.5],[-123.21,44.49],[-123.22,44.49],[-123.22,44.48],[-123.21,44.48],[-123.21,44.47],[-123.22,44.47],[-123.21,44.46],[-123.21,44.45],[-123.22,44.45],[-123.23,44.45],[-123.23,44.44],[-123.22,44.44],[-123.22,44.43],[-123.22,44.42],[-123.22,44.41],[-123.23,44.41],[-123.23,44.4],[-123.22,44.39],[-123.23,44.39],[-123.24,44.39],[-123.24,44.38],[-123.24,44.37],[-123.23,44.37],[-123.22,44.37],[-123.22,44.36],[-123.23,44.36],[-123.23,44.35],[-123.23,44.34],[-123.24,44.34],[-123.25,44.33],[-123.24,44.33],[-123.23,44.33],[-123.22,44.33],[-123.22,44.32],[-123.22,44.31],[-123.21,44.31],[-123.2,44.31],[-123.2,44.3],[-123.21,44.3],[-123.21,44.29],[-123.2,44.28],[-123.21,44.28],[-123.22,44.28],[-123.23,44.28],[-123.25,44.28],[-123.26,44.28],[-123.3,44.28],[-123.37,44.28],[-123.38,44.28],[-123.44,44.28],[-123.45,44.28],[-123.46,44.28],[-123.5,44.28],[-123.53,44.28],[-123.55,44.28],[-123.57,44.28],[-123.59,44.28],[-123.6,44.28],[-123.62,44.28],[-123.64,44.28],[-123.65,44.28],[-123.66,44.28],[-123.67,44.28],[-123.69,44.28],[-123.71,44.28],[-123.72,44.28],[-123.75,44.28],[-123.77,44.28],[-123.78,44.28],[-123.78,44.29],[-123.78,44.32],[-123.79,44.32],[-123.82,44.32],[-123.82,44.33],[-123.82,44.34],[-123.81,44.34],[-123.8,44.34],[-123.79,44.34],[-123.78,44.34],[-123.76,44.35],[-123.75,44.35],[-123.73,44.35],[-123.74,44.36],[-123.72,44.36],[-123.72,44.38],[-123.72,44.39],[-123.72,44.42],[-123.72,44.43],[-123.71,44.43],[-123.69,44.43],[-123.67,44.43],[-123.65,44.43],[-123.63,44.43],[-123.61,44.43],[-123.6,44.43],[-123.6,44.44],[-123.6,44.45],[-123.6,44.46],[-123.6,44.47],[-123.6,44.48],[-123.6,44.5],[-123.6,44.52],[-123.6,44.55],[-123.6,44.57],[-123.6,44.65],[-123.6,44.66],[-123.6,44.68],[-123.6,44.72],[-123.58,44.72],[-123.57,44.72],[-123.54,44.72],[-123.51,44.72],[-123.5,44.72],[-123.49,44.72],[-123.48,44.72],[-123.47,44.72],[-123.44,44.72],[-123.39,44.72],[-123.38,44.72],[-123.37,44.72],[-123.3,44.72],[-123.26,44.72],[-123.16,44.72],[-123.15,44.72],[-123.15,44.71],[-123.14,44.71],[-123.14,44.7],[-123.13,44.7],[-123.12,44.69],[-123.12,44.68],[-123.11,44.68],[-123.11,44.67],[-123.1,44.68],[-123.09,44.68],[-123.09,44.67],[-123.08,44.66],[-123.07,44.66],[-123.07,44.65],[-123.08,44.65],[-123.09,44.64],[-123.1,44.64],[-123.11,44.64],[-123.12,44.64],[-123.13,44.64],[-123.14,44.64],[-123.15,44.64],[-123.16,44.64],[-123.17,44.64],[-123.17,44.63],[-123.17,44.62],[-123.18,44.62],[-123.18,44.61],[-123.19,44.61],[-123.2,44.6],[-123.19,44.6],[-123.18,44.59],[-123.19,44.59],[-123.2,44.59],[-123.21,44.59],[-123.22,44.59],[-123.22,44.58],[-123.23,44.58],[-123.25,44.58],[-123.25,44.57],[-123.26,44.57],[-123.26,44.56],[-123.26,44.55],[-123.25,44.55],[-123.25,44.56],[-123.24,44.56],[-123.24,44.55],[-123.23,44.55],[-123.23,44.54]]]]}},
{"type":"Feature","properties":{"ugc":"ORC005","name":"Clackamas","state":"OR","wfo":"PQR"},"geometry":{"type":"MultiPolygon","coordinates":[[[[-122.78,45.12],[-122.78,45.13],[-122.79,45.13],[-122.79,45.14],[-122.78,45.14],[-122.78,45.15],[-122.77,45.15],[-122.77,45.16],[-122.76,45.17],[-122.76,45.18],[-122.76,45.19],[-122.75,45.19],[-122.75,45.2],[-122.76,45.2],[-122.76,45.21],[-122.75,45.21],[-122.75,45.22],[-122.75,45.23],[-122.75,45.24],[-122.75,45.25],[-122.74,45.25],[-122.74,45.26],[-122.78,45.26],[-122.78,45.27],[-122.8,45.27],[-122.83,45.27],[-122.85,45.26],[-122.87,45.26],[-122.87,45.32],[-122.86,45.32],[-122.85,45.32],[-122.85,45.35],[-122.81,45.35],[-122.81,45.33],[-122.77,45.33],[-122.74,45.33],[-122.74,45.35],[-122.74,45.37],[-122.74,45.39],[-122.74,45.4],[-122.74,45.41],[-122.74,45.43],[-122.71,45.43],[-122.7,45.43],[-122.68,45.43],[-122.67,45.43],[-122.65,45.43],[-122.65,45.44],[-122.65,45.45],[-122.66,45.45],[-122.66,45.46],[-122.64,45.46],[-122.6,45.46],[-122.56,45.46],[-122.55,45.46],[-122.53,45.46],[-122.51,45.46],[-122.5,45.46],[-122.49,45.46],[-122.48,45.46],[-122.47,45.46],[-122.45,45.46],[-122.44,45.46],[-122.41,45.46],[-122.39,45.46],[-122.37,45.46],[-122.34,45.46],[-122.31,45.46],[-122.28,45.46],[-122.26,45.46],[-122.22,45.46],[-122.21,45.46],[-122.19,45.46],[-122.14,45.46],[-122.13,45.46],[-122.12,45.46],[-122.09,45.46],[-122.08,45.46],[-122.04,45.46],[-122.02,45.46],[-122.0,45.46],[-121.97,45.46],[-121.93,45.46],[-121.9,45.46],[-121.89,45.46],[-121.88,45.46],[-121.86,45.46],[-121.83,45.46],[-121.82,45.46],[-121.81,45.46],[-121.81,45.45],[-121.8,45.45],[-121.8,45.44],[-121.81,45.44],[-121.81,45.43],[-121.8,45.43],[-121.79,45.42],[-121.79,45.41],[-121.78,45.41],[-121.78,45.4],[-121.77,45.4],[-121.76,45.4],[-121.75,45.4],[-121.74,45.4],[-121.73,45.4],[-121.73,45.39],[-121.72,45.39],[-121.71,45.39],[-121.71,45.38],[-121.7,45.38],[-121.7,45.37],[-121.7,45.36],[-121.7,45.35],[-121.7,45.34],[-121.7,45.33],[-121.7,45.32],[-121.69,45.32],[-121.69,45.31],[-121.69,45.3],[-121.68,45.3],[-121.68,45.29],[-121.69,45.28],[-121.69,45.27],[-121.7,45.27],[-121.7,45.26],[-121.69,45.25],[-121.68,45.25],[-121.68,45.24],[-121.68,45.23],[-121.69,45.23],[-121.7,45.23],[-121.7,45.22],[-121.71,45.22],[-121.71,45.21],[-121.72,45.21],[-121.73,45.21],[-121.74,45.21],[-121.75,45.21],[-121.75,45.2],[-121.75,45.19],[-121.74,45.18],[-121.73,45.18],[-121.73,45.17],[-121.73,45.16],[-121.72,45.16],[-121.71,45.15],[-121.71,45.14],[-121.71,45.13],[-121.7,45.13],[-121.7,45.12],[-121.69,45.12],[-121.68,45.12],[-121.67,45.12],[-121.66,45.12],[-121.66,45.11],[-121.66,45.1],[-121.65,45.1],[-121.65,45.09],[-121.66,45.08],[-121.66,45.07],[-121.67,45.07],[-121.68,45.07],[-121.69,45.07],[-121.7,45.06],[-121.71,45.06],[-121.72,45.05],[-121.72,45.04],[-121.73,45.04],[-121.74,45.03],[-121.75,45.03],[-121.76,45.04],[-121.77,45.04],[-121.78,45.04],[-121.78,45.03],[-121.78,45.02],[-121.78,45.01],[-121.79,45.02],[-121.8,45.02],[-121.8,45.01],[-121.81,45.01],[-121.8,45.0],[-121.8,44.99],[-121.8,44.98],[-121.8,44.97],[-121.79,44.96],[-121.79,44.95],[-121.8,44.95],[-121.8,44.94],[-121.79,44.93],[-121.79,44.94],[-121.78,44.94],[-121.77,44.94],[-121.76,44.94],[-121.75,44.93],[-121.74,44.92],[-121.75,44.92],[-121.74,44.91],[-121.73,44.91],[-121.72,44.91],[-121.71,44.91],[-121.71,44.9],[-121.72,44.9],[-121.73,44.89],[-121.74,44.89],[-121.82,44.89],[-121.88,44.89],[-121.92,44.89],[-121.94,44.89],[-121.96,44.89],[-122.0,44.89],[-122.11,44.89],[-122.17,44.89],[-122.19,44.89],[-122.21,44.89],[-122.26,44.89],[-122.27,44.89],[-122.28,44.89],[-122.32,44.89],[-122.35,44.89],[-122.37,44.88],[-122.39,44.89],[-122.39,44.9],[-122.4,44.9],[-122.41,44.9],[-122.42,44.9],[-122.43,44.9],[-122.44,44.9],[-122.44,44.91],[-122.45,44.91],[-122.46,44.91],[-122.46,44.92],[-122.47,44.92],[-122.48,44.92],[-122.49,44.92],[-122.5,44.92],[-122.51,44.92],[-122.52,44.93],[-122.52,44.94],[-122.53,44.94],[-122.54,44.94],[-122.54,44.95],[-122.55,44.95],[-122.55,44.96],[-122.56,44.96],[-122.56,44.97],[-122.57,44.98],[-122.57,44.99],[-122.58,44.99],[-122.59,44.99],[-122.6,44.99],[-122.59,45.0],[-122.59,45.01],[-122.6,45.01],[-122.6,45.02],[-122.61,45.02],[-122.62,45.02],[-122.62,45.03],[-122.63,45.03],[-122.64,45.03],[-122.65,45.03],[-122.65,45.04],[-122.66,45.04],[-122.67,45.04],[-122.67,45.05],[-122.68,45.05],[-122.69,45.05],[-122.7,45.05],[-122.7,45.06],[-122.71,45.06],[-122.71,45.07],[-122.72,45.07],[-122.72,45.08],[-122.73,45.09],[-122.74,45.09],[-122.74,45.1],[-122.75,45.1],[-122.75,45.11],[-122.76,45.11],[-122.77,45.11],[-122.77,45.12],[-122.78,45.12]]]]}},
{"type":"Feature","properties":{"ugc":"ORC007","name":"Clatsop","state":"OR","wfo":"PQR"},"geometry":{"type":"MultiPolygon","coordinates":[[[[-124.0,46.21],[-123.99,46.21],[-123.98,46.21],[-123.97,46.21],[-123.96,46.21],[-123.95,46.21],[-123.95,46.2],[-123.94,46.2],[-123.93,46.19],[-123.92,46.19],[-123.92,46.18],[-123.91,46.18],[-123.91,46.17],[-123.9,46.17],[-123.89,46.17],[-123.88,46.17],[-123.87,46.17],[-123.89,46.16],[-123.88,46.16],[-123.87,46.16],[-123.86,46.16],[-123.85,46.16],[-123.84,46.16],[-123.83,46.16],[-123.83,46.17],[-123.84,46.17],[-123.85,46.17],[-123.85,46.18],[-123.86,46.18],[-123.86,46.19],[-123.85,46.19],[-123.84,46.19],[-123.83,46.19],[-123.82,46.19],[-123.81,46.19],[-123.8,46.2],[-123.79,46.2],[-123.78,46.2],[-123.77,46.2],[-123.77,46.21],[-123.76,46.21],[-123.76,46.2],[-123.76,46.19],[-123.75,46.19],[-123.74,46.18],[-123.73,46.17],[-123.72,46.17],[-123.72,46.18],[-123.71,46.18],[-123.7,46.18],[-123.69,46.17],[-123.68,46.17],[-123.67,46.18],[-123.66,46.18],[-123.66,46.19],[-123.65,46.19],[-123.65,46.18],[-123.65,46.17],[-123.64,46.18],[-123.63,46.18],[-123.63,46.19],[-123.63,46.2],[-123.62,46.2],[-123.61,46.21],[-123.62,46.21],[-123.62,46.22],[-123.61,46.22],[-123.6,46.22],[-123.6,46.23],[-123.59,46.23],[-123.58,46.23],[-123.57,46.23],[-123.57,46.24],[-123.56,46.24],[-123.55,46.24],[-123.55,46.23],[-123.56,46.23],[-123.56,46.22],[-123.55,46.22],[-123.54,46.23],[-123.54,46.24],[-123.53,46.24],[-123.52,46.24],[-123.52,46.25],[-123.51,46.25],[-123.5,46.25],[-123.5,46.24],[-123.5,46.23],[-123.49,46.23],[-123.48,46.23],[-123.48,46.22],[-123.47,46.22],[-123.47,46.21],[-123.46,46.21],[-123.45,46.21],[-123.45,46.2],[-123.44,46.2],[-123.43,46.2],[-123.42,46.2],[-123.42,46.21],[-123.41,46.21],[-123.41,46.2],[-123.4,46.2],[-123.39,46.19],[-123.38,46.19],[-123.37,46.19],[-123.36,46.18],[-123.36,46.15],[-123.37,46.15],[-123.38,46.15],[-123.38,46.16],[-123.39,46.16],[-123.4,46.17],[-123.4,46.16],[-123.4,46.15],[-123.39,46.15],[-123.38,46.14],[-123.37,46.14],[-123.36,46.14],[-123.36,46.1],[-123.37,46.07],[-123.37,46.04],[-123.36,46.04],[-123.36,46.01],[-123.36,46.0],[-123.36,45.99],[-123.36,45.98],[-123.36,45.95],[-123.36,45.92],[-123.36,45.87],[-123.36,45.86],[-123.36,45.84],[-123.36,45.83],[-123.36,45.78],[-123.38,45.78],[-123.48,45.78],[-123.49,45.78],[-123.51,45.78],[-123.54,45.78],[-123.57,45.78],[-123.61,45.77],[-123.63,45.77],[-123.72,45.77],[-123.72,45.78],[-123.74,45.78],[-123.75,45.78],[-123.79,45.78],[-123.88,45.78],[-123.96,45.78],[-123.97,45.78],[-123.97,45.79],[-123.97,45.8],[-123.97,45.81],[-123.96,45.81],[-123.96,45.82],[-123.96,45.83],[-123.96,45.84],[-123.96,45.85],[-123.96,45.86],[-123.96,45.87],[-123.96,45.88],[-123.97,45.88],[-123.97,45.89],[-123.97,45.9],[-123.97,45.91],[-123.97,45.92],[-123.98,45.92],[-123.98,45.93],[-123.99,45.94],[-123.99,45.95],[-123.98,45.95],[-123.98,45.96],[-123.97,45.96],[-123.97,45.97],[-123.96,45.97],[-123.95,45.98],[-123.94,45.98],[-123.93,45.98],[-123.93,45.99],[-123.93,46.0],[-123.93,46.01],[-123.93,46.02],[-123.93,46.03],[-123.93,46.05],[-123.93,46.06],[-123.93,46.07],[-123.94,46.08],[-123.94,46.09],[-123.94,46.1],[-123.94,46.11],[-123.95,46.11],[-123.95,46.12],[-123.95,46.13],[-123.96,46.14],[-123.96,46.15],[-123.97,46.16],[-123.97,46.17],[-123.98,46.17],[-123.98,46.18],[-123.98,46.19],[-123.99,46.19],[-123.99,46.2],[-124.0,46.21]],[[-123.79,46.2],[-123.8,46.19],[-123.79,46.19],[-123.79,46.2]],[[-123.6,46.22],[-123.6,46.21],[-123.59,46.22],[-123.6,46.22]],[[-123.56,46.22],[-123.57,46.22],[-123.57,46.21],[-123.56,46.22]],[[-123.4,46.16],[-123.41,46.17],[-123.42,46.18],[-123.43,46.18],[-123.43,46.17],[-123.42,46.17],[-123.41,46.16],[-123.4,46.16]],[[-123.86,46.15],[-123.87,46.15],[-123.87,46.14],[-123.86,46.14],[-123.86,46.15]],[[-123.87,46.14],[-123.88,46.13],[-123.88,46.12],[-123.87,46.12],[-123.87,46.13],[-123.87,46.14]],[[-123.58,46.21],[-123.59,46.21],[-123.59,46.2],[-123.58,46.2],[-123.58,46.21]],[[-123.82,46.17],[-123.82,46.16],[-123.82,46.15],[-123.82,46.14],[-123.81,46.14],[-123.81,46.15],[-123.81,46.16],[-123.81,46.17],[-123.82,46.17]],[[-123.81,46.13],[-123.82,46.13],[-123.81,46.12],[-123.8,46.12],[-123.81,46.13]],[[-123.79,46.11],[-123.79,46.1],[-123.78,46.1],[-123.78,46.11],[-123.79,46.11]]],[[[-124.0,46.21],[-124.01,46.22],[-124.01,46.23],[-124.02,46.23],[-124.01,46.24],[-124.0,46.24],[-124.0,46.23],[-124.0,46.22],[-124.0,46.21]]],[[[-123.45,46.21],[-123.46,46.22],[-123.47,46.22],[-123.48,46.23],[-123.48,46.24],[-123.47,46.23],[-123.47,46.24],[-123.44,46.22],[-123.44,46.21],[-123.45,46.21]]],[[[-123.54,46.24],[-123.55,46.24],[-123.55,46.25],[-123.54,46.25],[-123.53,46.25],[-123.54,46.24]]],[[[-123.63,46.2],[-123.64,46.2],[-123.64,46.21],[-123.63,46.21],[-123.63,46.2]]],[[[-123.72,46.18],[-123.73,46.18],[-123.73,46.19],[-123.72,46.19],[-123.72,46.18]]],[[[-123.69,46.19],[-123.7,46.19],[-123.7,46.2],[-123.69,46.19]]],[[[-123.66,46.19],[-123.67,46.19],[-123.67,46.2],[-123.66,46.2],[-123.66,46.19]]],[[[-123.66,46.2],[-123.66,46.21],[-123.65,46.21],[-123.64,46.21],[-123.65,46.2],[-123.66,46.2]]],[[[-123.66,46.21],[-123.67,46.21],[-123.67,46.22],[-123.66,46.22],[-123.66,46.21]]],[[[-123.65,46.2],[-123.64,46.2],[-123.64,46.19],[-123.65,46.19],[-123.65,46.2]]],[[[-123.48,46.24],[-123.48,46.25],[-123.47,46.24],[-123.48,46.24]]],[[[-123.62,46.23],[-123.61,46.24],[-123.61,46.23],[-123.62,46.23]]],[[[-123.62,46.23],[-123.63,46.24],[-123.62,46.24],[-123.62,46.23]]],[[[-123.66,46.24],[-123.66,46.25],[-123.65,46.25],[-123.64,46.25],[-123.64,46.24],[-123.65,46.24],[-123.66,46.24]]],[[[-124.01,46.27],[-124.0,46.27],[-124.0,46.26],[-124.01,46.26],[-124.01,46.27]]]]}},
{"type":"Feature","properties":{"ugc":"ORC009","name":"Columbia","state":"OR","wfo":"PQR"},"geometry":{"type":"MultiPolygon","coordinates":[[[[-123.04,46.15],[-123.03,46.14],[-123.02,46.14],[-123.01,46.14],[-123.01,46.13],[-123.0,46.13],[-122.99,46.12],[-122.96,46.11],[-122.96,46.1],[-122.9,46.08],[-122.88,46.06],[-122.88,46.05],[-122.88,46.03],[-122.87,46.03],[-122.86,46.01],[-122.84,45.98],[-122.83,45.98],[-122.81,45.96],[-122.81,45.93],[-122.81,45.91],[-122.8,45.88],[-122.78,45.87],[-122.79,45.85],[-122.79,45.84],[-122.8,45.83],[-122.8,45.81],[-122.77,45.78],[-122.76,45.76],[-122.76,45.73],[-122.77,45.73],[-122.78,45.73],[-122.78,45.72],[-122.79,45.72],[-122.92,45.72],[-122.93,45.72],[-122.93,45.73],[-122.93,45.74],[-122.95,45.74],[-122.96,45.74],[-122.98,45.74],[-122.99,45.74],[-122.99,45.75],[-123.0,45.75],[-123.01,45.75],[-123.03,45.75],[-123.03,45.78],[-123.05,45.78],[-123.1,45.78],[-123.12,45.78],[-123.26,45.78],[-123.3,45.78],[-123.31,45.78],[-123.36,45.78],[-123.36,45.83],[-123.36,45.84],[-123.36,45.86],[-123.36,45.87],[-123.36,45.92],[-123.36,45.95],[-123.36,45.98],[-123.36,45.99],[-123.36,46.0],[-123.36,46.01],[-123.36,46.04],[-123.37,46.04],[-123.37,46.07],[-123.36,46.1],[-123.36,46.14],[-123.36,46.15],[-123.34,46.15],[-123.33,46.15],[-123.32,46.15],[-123.3,46.14],[-123.29,46.14],[-123.28,46.14],[-123.27,46.15],[-123.25,46.16],[-123.23,46.17],[-123.21,46.17],[-123.17,46.19],[-123.12,46.19],[-123.12,46.18],[-123.11,46.18],[-123.05,46.15],[-123.04,46.15]]]]}},
{"type":"Feature","properties":{"ugc":"ORC011","name":"Coos","state":"OR","wfo":"MFR"},"geometry":{"type":"MultiPolygon","coordinates":[[[[-124.44,43.11],[-124.43,43.12],[-124.42,43.13],[-124.42,43.14],[-124.42,43.15],[-124.41,43.15],[-124.41,43.16],[-124.41,43.17],[-124.4,43.18],[-124.4,43.19],[-124.4,43.2],[-124.4,43.21],[-124.4,43.22],[-124.39,43.23],[-124.39,43.24],[-124.39,43.25],[-124.39,43.26],[-124.38,43.27],[-124.39,43.27],[-124.39,43.28],[-124.39,43.29],[-124.39,43.3],[-124.4,43.3],[-124.4,43.31],[-124.39,43.32],[-124.39,43.33],[-124.38,43.33],[-124.37,43.33],[-124.37,43.34],[-124.36,43.34],[-124.35,43.34],[-124.35,43.35],[-124.34,43.35],[-124.34,43.36],[-124.33,43.36],[-124.33,43.37],[-124.32,43.38],[-124.32,43.39],[-124.31,43.39],[-124.31,43.4],[-124.3,43.4],[-124.3,43.41],[-124.3,43.42],[-124.29,43.42],[-124.29,43.44],[-124.28,43.45],[-124.28,43.46],[-124.27,43.46],[-124.27,43.47],[-124.27,43.48],[-124.26,43.49],[-124.26,43.5],[-124.25,43.51],[-124.25,43.52],[-124.25,43.53],[-124.24,43.53],[-124.24,43.54],[-124.24,43.55],[-124.23,43.56],[-124.23,43.57],[-124.23,43.58],[-124.22,43.59],[-124.22,43.6],[-124.22,43.61],[-124.19,43.61],[-124.18,43.61],[-124.15,43.61],[-124.01,43.61],[-124.0,43.61],[-123.96,43.61],[-123.94,43.61],[-123.88,43.61],[-123.88,43.6],[-123.88,43.52],[-123.87,43.52],[-123.82,43.52],[-123.82,43.5],[-123.82,43.47],[-123.82,43.43],[-123.81,43.43],[-123.76,43.43],[-123.76,43.26],[-123.72,43.26],[-123.7,43.26],[-123.7,43.25],[-123.7,43.17],[-123.7,43.16],[-123.7,43.09],[-123.71,43.09],[-123.71,43.08],[-123.74,43.08],[-123.76,43.08],[-123.76,43.07],[-123.76,43.0],[-123.82,43.0],[-123.82,42.92],[-123.82,42.91],[-123.82,42.82],[-123.81,42.82],[-123.81,42.79],[-123.83,42.79],[-123.85,42.79],[-123.85,42.78],[-123.87,42.78],[-123.87,42.77],[-123.93,42.77],[-123.93,42.74],[-123.94,42.74],[-123.94,42.73],[-123.95,42.73],[-123.96,42.73],[-123.96,42.71],[-123.98,42.71],[-123.98,42.7],[-124.0,42.7],[-124.0,42.69],[-124.03,42.69],[-124.07,42.69],[-124.09,42.69],[-124.09,42.68],[-124.1,42.68],[-124.11,42.68],[-124.12,42.68],[-124.12,42.67],[-124.13,42.67],[-124.14,42.67],[-124.14,42.74],[-124.16,42.74],[-124.16,42.75],[-124.16,42.79],[-124.16,42.81],[-124.16,42.82],[-124.16,42.83],[-124.14,42.83],[-124.14,42.85],[-124.15,42.85],[-124.15,42.86],[-124.16,42.86],[-124.16,42.87],[-124.16,42.88],[-124.18,42.88],[-124.18,42.89],[-124.19,42.89],[-124.19,42.9],[-124.2,42.9],[-124.21,42.9],[-124.21,42.91],[-124.21,42.92],[-124.22,42.92],[-124.22,42.93],[-124.24,42.93],[-124.24,42.94],[-124.25,42.94],[-124.25,42.95],[-124.26,42.95],[-124.27,42.95],[-124.34,42.95],[-124.38,42.95],[-124.41,42.96],[-124.42,42.95],[-124.43,42.95],[-124.44,42.95],[-124.48,42.95],[-124.48,42.96],[-124.47,42.96],[-124.47,42.97],[-124.47,42.98],[-124.47,42.99],[-124.46,42.99],[-124.46,43.0],[-124.46,43.01],[-124.45,43.01],[-124.45,43.02],[-124.45,43.03],[-124.45,43.04],[-124.44,43.04],[-124.44,43.05],[-124.44,43.06],[-124.44,43.07],[-124.44,43.08],[-124.43,43.09],[-124.43,43.1],[-124.44,43.1],[-124.44,43.11]]]]}},
{"type":"Feature","properties":{"ugc":"ORC013","name":"Crook","state":"OR","wfo":"PDT"},"geometry":{"type":"MultiPolygon","coordinates":[[[[-120.39,44.56],[-120.39,44.53],[-120.39,44.49],[-120.39,44.48],[-120.39,44.47],[-120.39,44.44],[-120.3,44.44],[-120.22,44.44],[-120.19,44.44],[-120.17,44.44],[-120.14,44.44],[-120.13,44.44],[-120.06,44.44],[-120.02,44.44],[-120.02,44.43],[-120.02,44.4],[-120.02,44.39],[-120.01,44.39],[-120.0,44.39],[-119.99,44.39],[-119.97,44.39],[-119.96,44.39],[-119.95,44.39],[-119.9,44.39],[-119.9,44.35],[-119.9,44.34],[-119.9,44.33],[-119.9,44.31],[-119.88,44.31],[-119.82,44.31],[-119.78,44.31],[-119.76,44.31],[-119.66,44.31],[-119.66,44.26],[-119.65,44.22],[-119.66,44.22],[-119.66,44.21],[-119.66,44.05],[-119.66,44.02],[-119.66,44.0],[-119.66,43.96],[-119.75,43.96],[-119.78,43.96],[-119.78,43.87],[-119.78,43.77],[-119.78,43.7],[-119.9,43.7],[-119.96,43.7],[-120.0,43.7],[-120.01,43.7],[-120.13,43.7],[-120.24,43.7],[-120.25,43.7],[-120.26,43.7],[-120.26,43.75],[-120.26,43.79],[-120.27,43.79],[-120.38,43.79],[-120.38,43.87],[-120.4,43.87],[-120.42,43.87],[-120.47,43.87],[-120.5,43.87],[-120.58,43.87],[-120.61,43.87],[-120.63,43.87],[-120.68,43.87],[-120.69,43.87],[-120.7,43.87],[-120.73,43.87],[-120.75,43.87],[-120.75,43.88],[-120.75,43.96],[-120.79,43.96],[-120.81,43.96],[-120.83,43.96],[-120.85,43.96],[-120.9,43.96],[-120.99,43.96],[-120.99,44.05],[-120.99,44.08],[-120.99,44.09],[-120.99,44.12],[-120.99,44.13],[-121.01,44.13],[-121.05,44.14],[-121.1,44.14],[-121.1,44.19],[-121.1,44.22],[-121.11,44.22],[-121.11,44.23],[-121.11,44.25],[-121.11,44.33],[-121.11,44.34],[-121.11,44.37],[-121.11,44.39],[-121.07,44.39],[-121.05,44.39],[-121.01,44.39],[-120.99,44.39],[-120.99,44.42],[-120.99,44.47],[-120.99,44.48],[-120.91,44.48],[-120.83,44.48],[-120.83,44.49],[-120.83,44.51],[-120.83,44.56],[-120.8,44.56],[-120.79,44.56],[-120.75,44.56],[-120.67,44.56],[-120.5,44.56],[-120.45,44.56],[-120.39,44.56]]]]}},
{"type":"Feature","properties":{"ugc":"ORC015","name":"Curry","state":"OR","wfo":"MFR"},"geometry":{"type":"MultiPolygon","coordinates":[[[[-124.55,42.85],[-124.54,42.85],[-124.54,42.86],[-124.54,42.87],[-124.54,42.88],[-124.53,42.88],[-124.52,42.88],[-124.52,42.89],[-124.52,42.9],[-124.51,42.9],[-124.51,42.91],[-124.5,42.91],[-124.5,42.92],[-124.49,42.93],[-124.49,42.94],[-124.48,42.94],[-124.48,42.95],[-124.44,42.95],[-124.43,42.95],[-124.42,42.95],[-124.41,42.96],[-124.38,42.95],[-124.34,42.95],[-124.27,42.95],[-124.26,42.95],[-124.25,42.95],[-124.25,42.94],[-124.24,42.94],[-124.24,42.93],[-124.22,42.93],[-124.22,42.92],[-124.21,42.92],[-124.21,42.91],[-124.21,42.9],[-124.2,42.9],[-124.19,42.9],[-124.19,42.89],[-124.18,42.89],[-124.18,42.88],[-124.16,42.88],[-124.16,42.87],[-124.16,42.86],[-124.15,42.86],[-124.15,42.85],[-124.14,42.85],[-124.14,42.83],[-124.16,42.83],[-124.16,42.82],[-124.16,42.81],[-124.16,42.79],[-124.16,42.75],[-124.16,42.74],[-124.14,42.74],[-124.14,42.67],[-124.13,42.67],[-124.12,42.67],[-124.12,42.68],[-124.11,42.68],[-124.1,42.68],[-124.09,42.68],[-124.09,42.69],[-124.07,42.69],[-124.03,42.69],[-124.0,42.69],[-124.0,42.7],[-123.98,42.7],[-123.98,42.71],[-123.96,42.71],[-123.96,42.73],[-123.95,42.73],[-123.94,42.73],[-123.94,42.74],[-123.93,42.74],[-123.93,42.77],[-123.87,42.77],[-123.87,42.78],[-123.85,42.78],[-123.85,42.79],[-123.83,42.79],[-123.81,42.79],[-123.8,42.79],[-123.79,42.8],[-123.78,42.8],[-123.77,42.79],[-123.76,42.79],[-123.75,42.79],[-123.74,42.79],[-123.74,42.78],[-123.73,42.78],[-123.72,42.78],[-123.73,42.77],[-123.74,42.76],[-123.74,42.75],[-123.75,42.75],[-123.75,42.74],[-123.75,42.73],[-123.76,42.72],[-123.76,42.71],[-123.77,42.71],[-123.77,42.7],[-123.78,42.69],[-123.83,42.63],[-123.82,42.62],[-123.82,42.61],[-123.83,42.61],[-123.83,42.6],[-123.83,42.59],[-123.84,42.59],[-123.85,42.59],[-123.85,42.58],[-123.85,42.57],[-123.86,42.57],[-123.86,42.56],[-123.86,42.55],[-123.86,42.54],[-123.87,42.54],[-123.87,42.53],[-123.88,42.53],[-123.88,42.52],[-123.88,42.51],[-123.89,42.51],[-123.89,42.5],[-123.9,42.5],[-123.91,42.5],[-123.92,42.5],[-123.92,42.49],[-123.93,42.49],[-123.93,42.5],[-123.94,42.5],[-123.95,42.5],[-123.96,42.5],[-123.97,42.5],[-123.98,42.5],[-123.99,42.5],[-124.0,42.5],[-124.01,42.5],[-124.01,42.49],[-124.0,42.49],[-124.0,42.48],[-124.0,42.47],[-124.0,42.46],[-124.0,42.45],[-124.0,42.44],[-124.01,42.44],[-124.01,42.43],[-124.01,42.42],[-124.01,42.41],[-124.02,42.41],[-124.03,42.41],[-124.03,42.4],[-124.04,42.4],[-124.04,42.39],[-124.04,42.38],[-124.03,42.38],[-124.04,42.37],[-124.03,42.37],[-124.03,42.36],[-124.02,42.36],[-124.01,42.36],[-124.0,42.36],[-123.99,42.36],[-123.98,42.36],[-123.97,42.36],[-123.96,42.36],[-123.95,42.36],[-123.94,42.36],[-123.93,42.36],[-123.93,42.35],[-123.92,42.35],[-123.91,42.35],[-123.9,42.35],[-123.89,42.35],[-123.88,42.35],[-123.88,42.34],[-123.88,42.33],[-123.87,42.33],[-123.87,42.32],[-123.86,42.32],[-123.85,42.32],[-123.84,42.31],[-123.85,42.31],[-123.85,42.3],[-123.84,42.3],[-123.84,42.29],[-123.83,42.28],[-123.83,42.27],[-123.82,42.27],[-123.82,42.26],[-123.81,42.26],[-123.81,42.25],[-123.81,42.24],[-123.8,42.24],[-123.79,42.24],[-123.79,42.23],[-123.79,42.22],[-123.8,42.22],[-123.81,42.22],[-123.81,42.21],[-123.82,42.2],[-123.82,42.19],[-123.81,42.18],[-123.81,42.17],[-123.82,42.16],[-123.83,42.16],[-123.84,42.15],[-123.85,42.15],[-123.85,42.14],[-123.86,42.14],[-123.86,42.13],[-123.85,42.13],[-123.85,42.12],[-123.84,42.12],[-123.84,42.11],[-123.83,42.11],[-123.83,42.1],[-123.83,42.09],[-123.82,42.09],[-123.82,42.08],[-123.83,42.08],[-123.83,42.07],[-123.83,42.06],[-123.84,42.06],[-123.84,42.05],[-123.85,42.05],[-123.85,42.04],[-123.84,42.03],[-123.84,42.02],[-123.84,42.01],[-123.83,42.01],[-123.83,42.0],[-124.0,42.0],[-124.05,42.0],[-124.06,42.0],[-124.08,42.0],[-124.09,42.0],[-124.1,42.0],[-124.13,42.0],[-124.21,42.0],[-124.22,42.0],[-124.22,42.01],[-124.23,42.01],[-124.23,42.02],[-124.24,42.02],[-124.24,42.03],[-124.25,42.03],[-124.26,42.03],[-124.26,42.04],[-124.27,42.04],[-124.27,42.05],[-124.28,42.05],[-124.29,42.05],[-124.3,42.05],[-124.3,42.06],[-124.31,42.06],[-124.31,42.07],[-124.32,42.07],[-124.32,42.08],[-124.33,42.08],[-124.33,42.09],[-124.34,42.09],[-124.34,42.1],[-124.35,42.1],[-124.35,42.11],[-124.36,42.11],[-124.36,42.12],[-124.35,42.12],[-124.35,42.13],[-124.35,42.14],[-124.36,42.14],[-124.36,42.15],[-124.37,42.15],[-124.37,42.16],[-124.36,42.16],[-124.36,42.17],[-124.36,42.18],[-124.36,42.19],[-124.37,42.19],[-124.38,42.2],[-124.38,42.21],[-124.38,42.22],[-124.38,42.23],[-124.39,42.23],[-124.39,42.24],[-124.4,42.24],[-124.4,42.25],[-124.41,42.25],[-124.41,42.26],[-124.41,42.27],[-124.41,42.28],[-124.41,42.29],[-124.41,42.3],[-124.41,42.31],[-124.42,42.31],[-124.42,42.32],[-124.43,42.32],[-124.43,42.33],[-124.43,42.34],[-124.43,42.35],[-124.43,42.36],[-124.43,42.37],[-124.42,42.37],[-124.42,42.38],[-124.42,42.39],[-124.43,42.4],[-124.43,42.41],[-124.43,42.42],[-124.43,42.43],[-124.44,42.44],[-124.43,42.44],[-124.43,42.45],[-124.42,42.46],[-124.42,42.47],[-124.42,42.48],[-124.42,42.49],[-124.42,42.5],[-124.41,42.51],[-124.41,42.52],[-124.4,42.53],[-124.4,42.54],[-124.4,42.55],[-124.39,42.55],[-124.39,42.56],[-124.39,42.57],[-124.39,42.58],[-124.4,42.59],[-124.4,42.6],[-124.4,42.61],[-124.4,42.62],[-124.4,42.63],[-124.41,42.63],[-124.41,42.64],[-124.41,42.65],[-124.41,42.66],[-124.42,42.66],[-124.43,42.66],[-124.43,42.67],[-124.44,42.67],[-124.45,42.67],[-124.45,42.68],[-124.45,42.69],[-124.46,42.7],[-124.46,42.71],[-124.46,42.72],[-124.47,42.72],[-124.47,42.73],[-124.48,42.73],[-124.48,42.74],[-124.49,42.74],[-124.5,42.74],[-124.51,42.74],[-124.51,42.75],[-124.52,42.75],[-124.52,42.76],[-124.52,42.77],[-124.52,42.78],[-124.52,42.79],[-124.53,42.79],[-124.53,42.8],[-124.53,42.81],[-124.54,42.81],[-124.54,42.82],[-124.55,42.83],[-124.56,42.83],[-124.57,42.83],[-124.57,42.84],[-124.56,42.84],[-124.55,42.84],[-124.55,42.85]]]]}},
{"type":"Feature","properties":{"ugc":"ORC017","name":"Deschutes","state":"OR","wfo":"PDT"},"geometry":{"type":"MultiPolygon","coordinates":[[[[-121.98,43.73],[-121.98,43.74],[-121.98,43.75],[-121.97,43.75],[-121.97,43.76],[-121.96,43.76],[-121.97,43.77],[-121.97,43.78],[-121.97,43.79],[-121.97,43.8],[-121.96,43.81],[-121.97,43.81],[-121.97,43.82],[-121.97,43.83],[-121.98,43.83],[-121.98,43.84],[-121.97,43.84],[-121.98,43.85],[-121.98,43.86],[-121.97,43.86],[-121.97,43.87],[-121.96,43.87],[-121.96,43.88],[-121.95,43.88],[-121.94,43.89],[-121.93,43.89],[-121.93,43.9],[-121.94,43.9],[-121.93,43.91],[-121.92,43.91],[-121.91,43.91],[-121.9,43.92],[-121.9,43.91],[-121.89,43.91],[-121.88,43.91],[-121.87,43.91],[-121.87,43.92],[-121.87,43.93],[-121.86,43.93],[-121.86,43.94],[-121.86,43.95],[-121.86,43.96],[-121.85,43.97],[-121.84,43.97],[-121.84,43.98],[-121.84,43.99],[-121.83,43.99],[-121.83,44.0],[-121.82,44.0],[-121.82,44.01],[-121.82,44.02],[-121.83,44.02],[-121.83,44.03],[-121.83,44.04],[-121.82,44.05],[-121.81,44.05],[-121.8,44.05],[-121.8,44.06],[-121.79,44.06],[-121.79,44.07],[-121.79,44.08],[-121.78,44.08],[-121.78,44.09],[-121.77,44.09],[-121.77,44.1],[-121.77,44.11],[-121.77,44.12],[-121.77,44.13],[-121.77,44.14],[-121.78,44.14],[-121.78,44.15],[-121.78,44.16],[-121.77,44.17],[-121.78,44.17],[-121.78,44.18],[-121.77,44.18],[-121.77,44.19],[-121.78,44.19],[-121.78,44.2],[-121.78,44.21],[-121.78,44.22],[-121.78,44.23],[-121.79,44.23],[-121.79,44.24],[-121.79,44.25],[-121.8,44.25],[-121.8,44.26],[-121.81,44.26],[-121.82,44.26],[-121.82,44.27],[-121.82,44.28],[-121.83,44.28],[-121.83,44.29],[-121.84,44.29],[-121.84,44.3],[-121.84,44.31],[-121.84,44.32],[-121.84,44.33],[-121.84,44.34],[-121.84,44.35],[-121.84,44.36],[-121.85,44.37],[-121.84,44.37],[-121.84,44.38],[-121.85,44.38],[-121.85,44.39],[-121.84,44.39],[-121.82,44.39],[-121.78,44.39],[-121.77,44.39],[-121.55,44.39],[-121.51,44.39],[-121.49,44.39],[-121.43,44.39],[-121.41,44.39],[-121.34,44.39],[-121.25,44.39],[-121.23,44.39],[-121.2,44.39],[-121.12,44.39],[-121.11,44.39],[-121.11,44.37],[-121.11,44.34],[-121.11,44.33],[-121.11,44.25],[-121.11,44.23],[-121.11,44.22],[-121.1,44.22],[-121.1,44.19],[-121.1,44.14],[-121.05,44.14],[-121.01,44.13],[-120.99,44.13],[-120.99,44.12],[-120.99,44.09],[-120.99,44.08],[-120.99,44.05],[-120.99,43.96],[-120.9,43.96],[-120.85,43.96],[-120.83,43.96],[-120.81,43.96],[-120.79,43.96],[-120.75,43.96],[-120.75,43.88],[-120.75,43.87],[-120.73,43.87],[-120.7,43.87],[-120.69,43.87],[-120.68,43.87],[-120.63,43.87],[-120.61,43.87],[-120.58,43.87],[-120.5,43.87],[-120.47,43.87],[-120.42,43.87],[-120.4,43.87],[-120.38,43.87],[-120.38,43.79],[-120.27,43.79],[-120.26,43.79],[-120.26,43.75],[-120.26,43.7],[-120.25,43.7],[-120.24,43.7],[-120.13,43.7],[-120.01,43.7],[-120.0,43.7],[-119.96,43.7],[-119.9,43.7],[-119.9,43.67],[-119.9,43.65],[-119.9,43.62],[-119.9,43.61],[-119.95,43.61],[-120.0,43.61],[-120.01,43.61],[-120.25,43.61],[-120.28,43.61],[-120.31,43.61],[-120.37,43.61],[-120.38,43.61],[-120.38,43.62],[-120.5,43.62],[-120.66,43.62],[-120.67,43.62],[-120.69,43.62],[-120.72,43.62],[-120.75,43.62],[-120.81,43.62],[-120.97,43.62],[-120.98,43.62],[-121.03,43.62],[-121.06,43.62],[-121.09,43.62],[-121.13,43.62],[-121.24,43.62],[-121.29,43.62],[-121.33,43.62],[-121.34,43.62],[-121.55,43.62],[-121.58,43.62],[-121.62,43.62],[-121.63,43.62],[-121.75,43.62],[-121.82,43.62],[-121.89,43.62],[-121.98,43.62],[-122.0,43.62],[-122.0,43.63],[-121.99,43.63],[-121.98,43.63],[-121.97,43.63],[-121.97,43.64],[-121.98,43.64],[-121.98,43.65],[-121.99,43.65],[-121.99,43.66],[-121.98,43.67],[-121.98,43.68],[-121.98,43.69],[-121.97,43.69],[-121.97,43.7],[-121.97,43.71],[-121.97,43.72],[-121.98,43.72],[-121.98,43.73]]]]}},
{"type":"Feature","properties":{"ugc":"ORC019","name":"Douglas","state":"OR","wfo":"MFR"},"geometry":{"type":"MultiPolygon","coordinates":[[[[-124.2,43.67],[-124.2,43.68],[-124.2,43.69],[-124.2,43.7],[-124.19,43.7],[-124.19,43.71],[-124.19,43.72],[-124.19,43.73],[-124.19,43.74],[-124.18,43.74],[-124.18,43.75],[-124.18,43.76],[-124.18,43.77],[-124.18,43.78],[-124.17,43.78],[-124.17,43.79],[-124.17,43.8],[-124.17,43.81],[-124.17,43.82],[-124.17,43.83],[-124.16,43.83],[-124.16,43.84],[-124.16,43.85],[-124.16,43.86],[-124.13,43.86],[-124.12,43.86],[-124.11,43.86],[-124.08,43.86],[-124.06,43.86],[-124.01,43.86],[-124.0,43.86],[-123.96,43.86],[-123.95,43.86],[-123.95,43.87],[-123.93,43.87],[-123.93,43.88],[-123.93,43.9],[-123.91,43.9],[-123.9,43.9],[-123.89,43.91],[-123.88,43.91],[-123.87,43.91],[-123.87,43.92],[-123.86,43.92],[-123.85,43.92],[-123.85,43.93],[-123.84,43.93],[-123.84,43.94],[-123.83,43.94],[-123.81,43.94],[-123.76,43.94],[-123.75,43.94],[-123.71,43.95],[-123.7,43.94],[-123.68,43.94],[-123.66,43.94],[-123.66,43.92],[-123.64,43.92],[-123.62,43.92],[-123.62,43.9],[-123.62,43.89],[-123.58,43.89],[-123.58,43.87],[-123.57,43.87],[-123.54,43.87],[-123.53,43.87],[-123.53,43.86],[-123.53,43.83],[-123.52,43.83],[-123.48,43.83],[-123.47,43.83],[-123.47,43.81],[-123.45,43.81],[-123.37,43.81],[-123.35,43.81],[-123.35,43.8],[-123.35,43.78],[-123.24,43.78],[-123.14,43.78],[-123.14,43.77],[-123.14,43.75],[-123.14,43.74],[-123.14,43.71],[-123.14,43.66],[-123.14,43.63],[-123.14,43.62],[-123.14,43.61],[-123.13,43.61],[-123.12,43.61],[-123.11,43.61],[-123.11,43.55],[-123.11,43.54],[-123.1,43.54],[-123.05,43.54],[-123.03,43.54],[-123.01,43.54],[-123.0,43.54],[-122.99,43.54],[-122.98,43.54],[-122.87,43.54],[-122.86,43.54],[-122.84,43.55],[-122.77,43.54],[-122.74,43.54],[-122.74,43.53],[-122.74,43.5],[-122.74,43.49],[-122.74,43.48],[-122.74,43.44],[-122.63,43.44],[-122.62,43.44],[-122.52,43.44],[-122.51,43.44],[-122.5,43.44],[-122.3,43.44],[-122.22,43.44],[-122.15,43.44],[-122.14,43.44],[-122.13,43.44],[-122.13,43.43],[-122.12,43.44],[-122.11,43.44],[-122.11,43.43],[-122.1,43.43],[-122.09,43.43],[-122.09,43.42],[-122.08,43.42],[-122.08,43.41],[-122.07,43.41],[-122.06,43.41],[-122.06,43.4],[-122.06,43.39],[-122.06,43.38],[-122.05,43.38],[-122.04,43.37],[-122.03,43.37],[-122.03,43.36],[-122.02,43.36],[-122.02,43.35],[-122.01,43.35],[-122.01,43.34],[-122.01,43.33],[-122.01,43.32],[-122.0,43.31],[-122.0,43.3],[-122.01,43.3],[-122.01,43.29],[-122.0,43.28],[-121.99,43.28],[-121.99,43.27],[-121.98,43.27],[-121.98,43.26],[-121.99,43.26],[-121.99,43.25],[-122.0,43.24],[-122.01,43.24],[-122.01,43.23],[-122.02,43.23],[-122.02,43.22],[-122.03,43.22],[-122.04,43.22],[-122.04,43.21],[-122.03,43.21],[-122.04,43.2],[-122.04,43.19],[-122.04,43.18],[-122.05,43.18],[-122.05,43.17],[-122.05,43.16],[-122.06,43.16],[-122.06,43.15],[-122.07,43.15],[-122.06,43.14],[-122.07,43.13],[-122.08,43.12],[-122.08,43.11],[-122.08,43.1],[-122.09,43.1],[-122.09,43.09],[-122.09,43.08],[-122.09,43.07],[-122.12,43.07],[-122.28,43.07],[-122.28,43.01],[-122.28,43.0],[-122.29,43.0],[-122.32,43.0],[-122.35,43.0],[-122.37,43.0],[-122.39,43.0],[-122.4,43.0],[-122.4,42.98],[-122.41,42.98],[-122.42,42.98],[-122.42,42.97],[-122.44,42.97],[-122.44,42.95],[-122.46,42.95],[-122.46,42.94],[-122.49,42.94],[-122.52,42.94],[-122.56,42.94],[-122.56,42.93],[-122.56,42.92],[-122.58,42.92],[-122.58,42.91],[-122.59,42.91],[-122.6,42.91],[-122.6,42.9],[-122.62,42.9],[-122.63,42.9],[-122.64,42.9],[-122.64,42.88],[-122.68,42.88],[-122.68,42.87],[-122.69,42.87],[-122.7,42.87],[-122.7,42.85],[-122.72,42.85],[-122.72,42.84],[-122.74,42.84],[-122.74,42.82],[-122.76,42.82],[-122.76,42.83],[-122.78,42.83],[-122.77,42.82],[-122.77,42.81],[-122.78,42.81],[-122.78,42.79],[-122.79,42.79],[-122.79,42.78],[-122.8,42.78],[-122.82,42.78],[-122.84,42.78],[-122.85,42.78],[-122.85,42.77],[-122.9,42.77],[-122.95,42.77],[-122.96,42.77],[-122.97,42.77],[-122.97,42.76],[-122.99,42.76],[-123.0,42.76],[-123.01,42.76],[-123.01,42.75],[-123.11,42.75],[-123.11,42.76],[-123.15,42.76],[-123.15,42.74],[-123.17,42.74],[-123.18,42.74],[-123.18,42.73],[-123.19,42.73],[-123.19,42.72],[-123.2,42.72],[-123.21,42.72],[-123.21,42.71],[-123.22,42.71],[-123.23,42.71],[-123.23,42.7],[-123.24,42.7],[-123.25,42.7],[-123.25,42.72],[-123.27,42.72],[-123.27,42.73],[-123.28,42.73],[-123.3,42.73],[-123.31,42.73],[-123.33,42.73],[-123.37,42.73],[-123.38,42.72],[-123.4,42.72],[-123.4,42.71],[-123.41,42.71],[-123.42,42.71],[-123.43,42.71],[-123.44,42.71],[-123.44,42.7],[-123.45,42.7],[-123.46,42.7],[-123.49,42.7],[-123.49,42.71],[-123.54,42.71],[-123.54,42.72],[-123.56,42.72],[-123.57,42.72],[-123.57,42.73],[-123.58,42.73],[-123.58,42.74],[-123.62,42.74],[-123.67,42.74],[-123.68,42.74],[-123.68,42.75],[-123.69,42.75],[-123.7,42.75],[-123.7,42.74],[-123.72,42.74],[-123.72,42.75],[-123.72,42.78],[-123.73,42.78],[-123.74,42.78],[-123.74,42.79],[-123.75,42.79],[-123.76,42.79],[-123.77,42.79],[-123.78,42.8],[-123.79,42.8],[-123.8,42.79],[-123.81,42.79],[-123.81,42.82],[-123.82,42.82],[-123.82,42.91],[-123.82,42.92],[-123.82,43.0],[-123.76,43.0],[-123.76,43.07],[-123.76,43.08],[-123.74,43.08],[-123.71,43.08],[-123.71,43.09],[-123.7,43.09],[-123.7,43.16],[-123.7,43.17],[-123.7,43.25],[-123.7,43.26],[-123.72,43.26],[-123.76,43.26],[-123.76,43.43],[-123.81,43.43],[-123.82,43.43],[-123.82,43.47],[-123.82,43.5],[-123.82,43.52],[-123.87,43.52],[-123.88,43.52],[-123.88,43.6],[-123.88,43.61],[-123.94,43.61],[-123.96,43.61],[-124.0,43.61],[-124.01,43.61],[-124.15,43.61],[-124.18,43.61],[-124.19,43.61],[-124.22,43.61],[-124.22,43.62],[-124.21,43.62],[-124.21,43.63],[-124.21,43.64],[-124.21,43.65],[-124.21,43.66],[-124.2,43.66],[-124.2,43.67]]]]}},
{"type":"Feature","properties":{"ugc":"ORC021","name":"Gilliam","state":"OR","wfo":"PDT"},"geometry":{"type":"MultiPolygon","coordinates":[[[[-120.55,45.25],[-120.54,45.25],[-120.53,45.26],[-120.54,45.26],[-120.55,45.26],[-120.55,45.27],[-120.54,45.27],[-120.54,45.28],[-120.54,45.29],[-120.55,45.29],[-120.55,45.3],[-120.54,45.3],[-120.53,45.29],[-120.53,45.3],[-120.52,45.3],[-120.53,45.31],[-120.54,45.31],[-120.54,45.32],[-120.53,45.32],[-120.53,45.33],[-120.53,45.34],[-120.54,45.34],[-120.54,45.35],[-120.53,45.35],[-120.53,45.36],[-120.53,45.37],[-120.52,45.37],[-120.52,45.38],[-120.53,45.38],[-120.53,45.39],[-120.52,45.39],[-120.52,45.4],[-120.51,45.4],[-120.51,45.41],[-120.5,45.41],[-120.5,45.42],[-120.49,45.42],[-120.49,45.43],[-120.48,45.44],[-120.49,45.44],[-120.5,45.44],[-120.5,45.45],[-120.49,45.45],[-120.48,45.46],[-120.49,45.46],[-120.5,45.46],[-120.49,45.47],[-120.48,45.47],[-120.47,45.48],[-120.46,45.48],[-120.45,45.49],[-120.45,45.48],[-120.44,45.48],[-120.43,45.47],[-120.42,45.47],[-120.41,45.47],[-120.41,45.48],[-120.42,45.48],[-120.42,45.49],[-120.43,45.5],[-120.42,45.5],[-120.41,45.5],[-120.4,45.5],[-120.39,45.5],[-120.38,45.49],[-120.37,45.49],[-120.37,45.5],[-120.36,45.5],[-120.36,45.51],[-120.37,45.51],[-120.37,45.52],[-120.38,45.52],[-120.38,45.53],[-120.37,45.53],[-120.36,45.53],[-120.36,45.54],[-120.37,45.54],[-120.38,45.54],[-120.39,45.54],[-120.39,45.55],[-120.4,45.55],[-120.41,45.56],[-120.4,45.57],[-120.4,45.58],[-120.41,45.58],[-120.41,45.59],[-120.41,45.6],[-120.42,45.6],[-120.43,45.6],[-120.44,45.6],[-120.44,45.61],[-120.45,45.61],[-120.44,45.62],[-120.44,45.63],[-120.45,45.63],[-120.46,45.62],[-120.47,45.62],[-120.47,45.63],[-120.48,45.63],[-120.49,45.64],[-120.49,45.65],[-120.49,45.66],[-120.5,45.66],[-120.51,45.66],[-120.51,45.67],[-120.52,45.67],[-120.53,45.67],[-120.54,45.67],[-120.55,45.67],[-120.55,45.68],[-120.56,45.68],[-120.57,45.69],[-120.57,45.7],[-120.58,45.7],[-120.59,45.7],[-120.6,45.7],[-120.6,45.71],[-120.61,45.71],[-120.61,45.72],[-120.62,45.72],[-120.63,45.72],[-120.64,45.72],[-120.65,45.73],[-120.65,45.74],[-120.64,45.75],[-120.63,45.75],[-120.59,45.75],[-120.56,45.74],[-120.52,45.71],[-120.51,45.7],[-120.48,45.69],[-120.4,45.7],[-120.38,45.7],[-120.34,45.71],[-120.33,45.71],[-120.32,45.71],[-120.3,45.72],[-120.29,45.72],[-120.28,45.72],[-120.26,45.72],[-120.21,45.73],[-120.17,45.76],[-120.14,45.77],[-120.13,45.78],[-120.07,45.79],[-120.0,45.81],[-120.0,45.8],[-120.0,45.78],[-120.0,45.77],[-120.0,45.75],[-120.0,45.62],[-120.0,45.57],[-120.0,45.52],[-120.01,45.37],[-120.01,45.28],[-120.01,45.26],[-119.88,45.26],[-119.88,45.24],[-119.88,45.23],[-119.88,45.21],[-119.88,45.19],[-119.88,45.17],[-119.78,45.17],[-119.76,45.17],[-119.76,45.13],[-119.76,45.1],[-119.76,45.08],[-119.79,45.08],[-119.79,45.07],[-119.8,45.07],[-119.85,45.07],[-119.87,45.07],[-119.89,45.07],[-119.91,45.07],[-119.92,45.07],[-120.03,45.07],[-120.07,45.07],[-120.11,45.07],[-120.13,45.07],[-120.15,45.07],[-120.21,45.07],[-120.24,45.07],[-120.26,45.07],[-120.3,45.07],[-120.31,45.07],[-120.38,45.07],[-120.4,45.07],[-120.42,45.07],[-120.46,45.07],[-120.49,45.07],[-120.5,45.07],[-120.5,45.08],[-120.51,45.09],[-120.51,45.1],[-120.5,45.1],[-120.49,45.11],[-120.49,45.1],[-120.48,45.1],[-120.48,45.11],[-120.47,45.11],[-120.47,45.1],[-120.46,45.1],[-120.46,45.11],[-120.46,45.12],[-120.46,45.13],[-120.46,45.14],[-120.47,45.14],[-120.47,45.15],[-120.48,45.15],[-120.48,45.16],[-120.47,45.16],[-120.47,45.17],[-120.48,45.17],[-120.47,45.18],[-120.48,45.18],[-120.49,45.18],[-120.48,45.19],[-120.49,45.2],[-120.5,45.2],[-120.51,45.2],[-120.52,45.2],[-120.53,45.2],[-120.53,45.21],[-120.54,45.21],[-120.54,45.22],[-120.54,45.23],[-120.54,45.24],[-120.55,45.24],[-120.55,45.25]],[[-120.49,45.64],[-120.48,45.64],[-120.48,45.65],[-120.49,45.64]],[[-120.46,45.14],[-120.45,45.14],[-120.45,45.15],[-120.46,45.15],[-120.46,45.14]]],[[[-120.52,45.4],[-120.53,45.4],[-120.53,45.41],[-120.52,45.41],[-120.52,45.4]]]]}},
{"type":"Feature","properties":{"ugc":"ORC023","name":"Grant","state":"OR","wfo":"PDT"},"geometry":{"type":"MultiPolygon","coordinates":[[[[-118.89,45.0],[-118.84,45.0],[-118.79,45.0],[-118.75,45.0],[-118.73,45.0],[-118.57,45.0],[-118.52,45.0],[-118.5,45.0],[-118.47,44.99],[-118.46,44.99],[-118.45,44.99],[-118.44,44.99],[-118.44,44.98],[-118.44,44.97],[-118.44,44.96],[-118.43,44.96],[-118.42,44.96],[-118.42,44.97],[-118.41,44.97],[-118.4,44.98],[-118.4,44.97],[-118.39,44.97],[-118.39,44.98],[-118.38,44.98],[-118.37,44.98],[-118.37,44.99],[-118.36,44.99],[-118.35,44.99],[-118.34,44.99],[-118.34,44.98],[-118.33,44.98],[-118.33,44.97],[-118.32,44.97],[-118.31,44.97],[-118.3,44.97],[-118.3,44.96],[-118.29,44.96],[-118.28,44.96],[-118.27,44.96],[-118.26,44.96],[-118.25,44.96],[-118.24,44.95],[-118.24,44.94],[-118.23,44.94],[-118.22,44.94],[-118.23,44.93],[-118.23,44.92],[-118.23,44.91],[-118.24,44.91],[-118.24,44.9],[-118.23,44.9],[-118.23,44.89],[-118.23,44.88],[-118.22,44.88],[-118.23,44.87],[-118.23,44.86],[-118.24,44.86],[-118.25,44.86],[-118.26,44.86],[-118.27,44.87],[-118.28,44.87],[-118.29,44.87],[-118.29,44.86],[-118.29,44.85],[-118.3,44.85],[-118.31,44.85],[-118.31,44.84],[-118.32,44.84],[-118.32,44.83],[-118.31,44.83],[-118.31,44.82],[-118.3,44.82],[-118.3,44.81],[-118.3,44.8],[-118.3,44.79],[-118.29,44.79],[-118.29,44.78],[-118.29,44.77],[-118.29,44.76],[-118.29,44.75],[-118.3,44.75],[-118.31,44.74],[-118.32,44.74],[-118.33,44.74],[-118.34,44.74],[-118.35,44.74],[-118.36,44.75],[-118.37,44.75],[-118.38,44.75],[-118.38,44.74],[-118.39,44.74],[-118.39,44.73],[-118.4,44.73],[-118.41,44.73],[-118.42,44.73],[-118.42,44.72],[-118.43,44.72],[-118.44,44.72],[-118.45,44.72],[-118.46,44.72],[-118.46,44.71],[-118.47,44.71],[-118.48,44.71],[-118.49,44.71],[-118.5,44.71],[-118.51,44.71],[-118.52,44.71],[-118.52,44.7],[-118.52,44.69],[-118.51,44.69],[-118.51,44.68],[-118.51,44.67],[-118.5,44.67],[-118.49,44.66],[-118.48,44.66],[-118.47,44.66],[-118.46,44.66],[-118.45,44.65],[-118.44,44.65],[-118.43,44.65],[-118.42,44.65],[-118.41,44.65],[-118.41,44.64],[-118.4,44.64],[-118.39,44.64],[-118.38,44.65],[-118.37,44.65],[-118.37,44.64],[-118.36,44.64],[-118.35,44.64],[-118.35,44.63],[-118.34,44.63],[-118.34,44.62],[-118.34,44.61],[-118.33,44.61],[-118.32,44.61],[-118.32,44.6],[-118.31,44.6],[-118.31,44.59],[-118.31,44.58],[-118.32,44.58],[-118.31,44.57],[-118.32,44.57],[-118.32,44.56],[-118.33,44.56],[-118.34,44.56],[-118.35,44.56],[-118.35,44.55],[-118.35,44.54],[-118.36,44.54],[-118.37,44.53],[-118.37,44.52],[-118.37,44.51],[-118.37,44.5],[-118.36,44.49],[-118.36,44.48],[-118.36,44.47],[-118.37,44.47],[-118.37,44.46],[-118.38,44.46],[-118.39,44.46],[-118.4,44.46],[-118.41,44.45],[-118.42,44.45],[-118.42,44.44],[-118.42,44.43],[-118.42,44.42],[-118.43,44.42],[-118.43,44.41],[-118.44,44.4],[-118.43,44.4],[-118.43,44.39],[-118.42,44.39],[-118.41,44.38],[-118.41,44.37],[-118.42,44.37],[-118.43,44.37],[-118.43,44.36],[-118.44,44.35],[-118.45,44.35],[-118.46,44.35],[-118.46,44.34],[-118.47,44.33],[-118.47,44.32],[-118.48,44.32],[-118.48,44.31],[-118.48,44.3],[-118.49,44.3],[-118.49,44.29],[-118.5,44.29],[-118.5,44.28],[-118.5,44.26],[-118.46,44.26],[-118.42,44.26],[-118.39,44.26],[-118.36,44.26],[-118.35,44.26],[-118.25,44.26],[-118.23,44.26],[-118.23,44.24],[-118.23,44.21],[-118.23,44.04],[-118.34,44.04],[-118.35,44.04],[-118.36,44.04],[-118.44,44.04],[-118.47,44.04],[-118.5,44.04],[-118.58,44.04],[-118.59,44.04],[-118.59,44.05],[-118.75,44.05],[-118.81,44.05],[-118.82,44.05],[-118.82,44.04],[-118.82,44.03],[-118.82,43.96],[-118.99,43.96],[-119.0,43.96],[-119.06,43.96],[-119.09,43.96],[-119.13,43.96],[-119.22,43.96],[-119.25,43.96],[-119.29,43.96],[-119.35,43.96],[-119.38,43.96],[-119.5,43.96],[-119.52,43.96],[-119.54,43.96],[-119.63,43.96],[-119.66,43.96],[-119.66,44.0],[-119.66,44.02],[-119.66,44.05],[-119.66,44.21],[-119.66,44.22],[-119.65,44.22],[-119.66,44.26],[-119.66,44.31],[-119.66,44.38],[-119.65,44.39],[-119.65,44.4],[-119.65,44.43],[-119.65,44.45],[-119.65,44.46],[-119.65,44.52],[-119.65,44.53],[-119.65,44.55],[-119.65,44.57],[-119.65,44.62],[-119.65,44.75],[-119.65,44.76],[-119.65,44.8],[-119.65,44.82],[-119.67,44.82],[-119.67,44.85],[-119.67,44.87],[-119.67,44.94],[-119.67,44.99],[-119.66,44.99],[-119.63,44.99],[-119.62,44.99],[-119.61,45.0],[-119.59,45.0],[-119.54,45.0],[-119.51,45.0],[-119.5,45.0],[-119.49,45.0],[-119.46,45.0],[-119.44,45.0],[-119.43,45.0],[-119.42,44.99],[-119.41,44.99],[-119.39,45.0],[-119.39,44.99],[-119.38,45.0],[-119.38,44.99],[-119.36,45.0],[-119.34,45.0],[-119.31,45.0],[-119.29,45.0],[-119.25,45.0],[-119.16,45.0],[-119.14,45.0],[-119.12,45.0],[-119.0,45.0],[-118.98,45.0],[-118.95,45.0],[-118.89,45.0]]]]}},
{"type":"Feature","properties":{"ugc":"ORC025","name":"Harney","state":"OR","wfo":"BOI"},"geometry":{"type":"MultiPolygon","coordinates":[[[[-118.59,44.05],[-118.59,44.04],[-118.58,44.04],[-118.5,44.04],[-118.47,44.04],[-118.44,44.04],[-118.36,44.04],[-118.35,44.04],[-118.34,44.04],[-118.23,44.04],[-118.23,43.78],[-118.23,43.76],[-118.23,43.75],[-118.23,43.74],[-118.23,43.63],[-118.23,43.51],[-118.23,43.5],[-118.23,43.35],[-118.23,43.34],[-118.23,43.25],[-118.23,43.22],[-118.23,43.15],[-118.23,43.12],[-118.23,43.1],[-118.23,43.03],[-118.23,43.02],[-118.23,43.0],[-118.23,42.99],[-118.23,42.96],[-118.23,42.91],[-118.22,42.91],[-118.22,42.87],[-118.22,42.82],[-118.22,42.81],[-118.22,42.75],[-118.22,42.73],[-118.22,42.63],[-118.22,42.61],[-118.22,42.6],[-118.22,42.5],[-118.21,42.28],[-118.2,42.28],[-118.2,42.22],[-118.2,42.12],[-118.2,42.05],[-118.2,42.0],[-118.26,42.0],[-118.38,42.0],[-118.46,42.0],[-118.48,42.0],[-118.5,42.0],[-118.6,41.99],[-118.7,41.99],[-118.75,41.99],[-118.78,41.99],[-118.8,41.99],[-118.87,41.99],[-118.93,41.99],[-119.0,41.99],[-119.01,41.99],[-119.04,41.99],[-119.12,41.99],[-119.13,41.99],[-119.21,41.99],[-119.23,41.99],[-119.25,41.99],[-119.32,41.99],[-119.36,41.99],[-119.36,42.0],[-119.36,42.03],[-119.36,42.09],[-119.36,42.12],[-119.36,42.14],[-119.36,42.24],[-119.36,42.25],[-119.36,42.27],[-119.36,42.32],[-119.36,42.38],[-119.36,42.46],[-119.36,42.5],[-119.36,42.51],[-119.36,42.56],[-119.37,42.66],[-119.37,42.75],[-119.49,42.75],[-119.62,42.75],[-119.63,42.75],[-119.64,42.75],[-119.71,42.75],[-119.76,42.75],[-119.79,42.75],[-119.89,42.75],[-119.91,42.75],[-119.94,42.75],[-119.94,42.77],[-119.94,42.87],[-119.94,42.88],[-119.94,42.9],[-119.94,42.92],[-119.93,42.92],[-119.93,42.99],[-119.93,43.02],[-119.93,43.08],[-119.93,43.18],[-119.9,43.18],[-119.9,43.23],[-119.9,43.25],[-119.9,43.26],[-119.9,43.27],[-119.9,43.28],[-119.9,43.31],[-119.9,43.37],[-119.89,43.58],[-119.9,43.59],[-119.9,43.6],[-119.9,43.61],[-119.9,43.62],[-119.9,43.65],[-119.9,43.67],[-119.9,43.7],[-119.78,43.7],[-119.78,43.77],[-119.78,43.87],[-119.78,43.96],[-119.75,43.96],[-119.66,43.96],[-119.63,43.96],[-119.54,43.96],[-119.52,43.96],[-119.5,43.96],[-119.38,43.96],[-119.35,43.96],[-119.29,43.96],[-119.25,43.96],[-119.22,43.96],[-119.13,43.96],[-119.09,43.96],[-119.06,43.96],[-119.0,43.96],[-118.99,43.96],[-118.82,43.96],[-118.82,44.03],[-118.82,44.04],[-118.82,44.05],[-118.81,44.05],[-118.75,44.05],[-118.59,44.05]]]]}},
{"type":"Feature","properties":{"ugc":"ORC027","name":"Hood River","state":"OR","wfo":"PQR"},"geometry":{"type":"MultiPolygon","coordinates":[[[[-121.47,45.7],[-121.46,45.7],[-121.44,45.7],[-121.44,45.64],[-121.44,45.62],[-121.44,45.61],[-121.44,45.59],[-121.44,45.56],[-121.44,45.55],[-121.44,45.52],[-121.45,45.52],[-121.48,45.52],[-121.48,45.5],[-121.48,45.49],[-121.48,45.44],[-121.48,45.43],[-121.48,45.4],[-121.48,45.38],[-121.48,45.37],[-121.48,45.35],[-121.48,45.29],[-121.48,45.26],[-121.49,45.26],[-121.5,45.26],[-121.51,45.26],[-121.63,45.26],[-121.64,45.26],[-121.7,45.26],[-121.7,45.27],[-121.69,45.27],[-121.69,45.28],[-121.68,45.29],[-121.68,45.3],[-121.69,45.3],[-121.69,45.31],[-121.69,45.32],[-121.7,45.32],[-121.7,45.33],[-121.7,45.34],[-121.7,45.35],[-121.7,45.36],[-121.7,45.37],[-121.7,45.38],[-121.71,45.38],[-121.71,45.39],[-121.72,45.39],[-121.73,45.39],[-121.73,45.4],[-121.74,45.4],[-121.75,45.4],[-121.76,45.4],[-121.77,45.4],[-121.78,45.4],[-121.78,45.41],[-121.79,45.41],[-121.79,45.42],[-121.8,45.43],[-121.81,45.43],[-121.81,45.44],[-121.8,45.44],[-121.8,45.45],[-121.81,45.45],[-121.81,45.46],[-121.82,45.46],[-121.82,45.47],[-121.83,45.47],[-121.84,45.47],[-121.84,45.48],[-121.85,45.48],[-121.85,45.49],[-121.86,45.49],[-121.86,45.5],[-121.87,45.51],[-121.87,45.52],[-121.88,45.51],[-121.89,45.51],[-121.9,45.52],[-121.91,45.52],[-121.91,45.53],[-121.91,45.54],[-121.92,45.54],[-121.92,45.55],[-121.91,45.55],[-121.9,45.55],[-121.9,45.56],[-121.91,45.56],[-121.91,45.57],[-121.91,45.58],[-121.92,45.58],[-121.92,45.59],[-121.91,45.59],[-121.92,45.6],[-121.91,45.6],[-121.92,45.61],[-121.92,45.62],[-121.92,45.65],[-121.91,45.65],[-121.9,45.66],[-121.9,45.67],[-121.88,45.69],[-121.87,45.69],[-121.84,45.7],[-121.81,45.71],[-121.78,45.7],[-121.74,45.69],[-121.71,45.69],[-121.67,45.71],[-121.63,45.7],[-121.63,45.71],[-121.53,45.73],[-121.52,45.72],[-121.51,45.72],[-121.5,45.72],[-121.49,45.72],[-121.48,45.71],[-121.47,45.7]]]]}},
{"type":"Feature","properties":{"ugc":"ORC029","name":"Jackson","state":"OR","wfo":"MFR"},"geometry":{"type":"MultiPolygon","coordinates":[[[[-122.37,43.0],[-122.35,43.0],[-122.32,43.0],[-122.29,43.0],[-122.28,43.0],[-122.28,42.91],[-122.28,42.9],[-122.28,42.88],[-122.28,42.75],[-122.28,42.74],[-122.28,42.72],[-122.28,42.5],[-122.29,42.47],[-122.29,42.25],[-122.29,42.13],[-122.29,42.07],[-122.29,42.01],[-122.38,42.01],[-122.4,42.01],[-122.44,42.01],[-122.5,42.01],[-122.63,42.0],[-122.65,42.0],[-122.71,42.0],[-122.75,42.0],[-122.78,42.0],[-122.79,42.0],[-122.81,42.0],[-122.82,42.0],[-122.83,42.0],[-122.84,42.0],[-122.87,42.0],[-122.89,42.0],[-122.9,42.0],[-122.94,42.0],[-123.04,42.0],[-123.07,42.0],[-123.08,42.01],[-123.1,42.01],[-123.15,42.01],[-123.19,42.01],[-123.23,42.0],[-123.23,42.1],[-123.23,42.11],[-123.23,42.12],[-123.23,42.13],[-123.23,42.14],[-123.23,42.15],[-123.23,42.17],[-123.23,42.18],[-123.23,42.19],[-123.23,42.21],[-123.23,42.23],[-123.23,42.24],[-123.23,42.29],[-123.23,42.31],[-123.23,42.36],[-123.23,42.38],[-123.23,42.48],[-123.23,42.5],[-123.23,42.55],[-123.23,42.61],[-123.23,42.62],[-123.23,42.63],[-123.23,42.7],[-123.23,42.71],[-123.22,42.71],[-123.21,42.71],[-123.21,42.72],[-123.2,42.72],[-123.19,42.72],[-123.19,42.73],[-123.18,42.73],[-123.18,42.74],[-123.17,42.74],[-123.15,42.74],[-123.15,42.76],[-123.11,42.76],[-123.11,42.75],[-123.01,42.75],[-123.01,42.76],[-123.0,42.76],[-122.99,42.76],[-122.97,42.76],[-122.97,42.77],[-122.96,42.77],[-122.95,42.77],[-122.9,42.77],[-122.85,42.77],[-122.85,42.78],[-122.84,42.78],[-122.82,42.78],[-122.8,42.78],[-122.79,42.78],[-122.79,42.79],[-122.78,42.79],[-122.78,42.81],[-122.77,42.81],[-122.77,42.82],[-122.78,42.83],[-122.76,42.83],[-122.76,42.82],[-122.74,42.82],[-122.74,42.84],[-122.72,42.84],[-122.72,42.85],[-122.7,42.85],[-122.7,42.87],[-122.69,42.87],[-122.68,42.87],[-122.68,42.88],[-122.64,42.88],[-122.64,42.9],[-122.63,42.9],[-122.62,42.9],[-122.6,42.9],[-122.6,42.91],[-122.59,42.91],[-122.58,42.91],[-122.58,42.92],[-122.56,42.92],[-122.56,42.93],[-122.56,42.94],[-122.52,42.94],[-122.49,42.94],[-122.46,42.94],[-122.46,42.95],[-122.44,42.95],[-122.44,42.97],[-122.42,42.97],[-122.42,42.98],[-122.41,42.98],[-122.4,42.98],[-122.4,43.0],[-122.39,43.0],[-122.37,43.0]]]]}},
{"type":"Feature","properties":{"ugc":"ORC031","name":"Jefferson","state":"OR","wfo":"PDT"},"geometry":{"type":"MultiPolygon","coordinates":[[[[-121.76,44.83],[-121.75,44.83],[-121.48,44.83],[-121.31,44.82],[-121.26,44.83],[-121.24,44.83],[-121.09,44.83],[-121.09,44.82],[-120.98,44.82],[-120.76,44.82],[-120.68,44.82],[-120.5,44.82],[-120.38,44.82],[-120.38,44.81],[-120.38,44.8],[-120.39,44.8],[-120.4,44.8],[-120.4,44.79],[-120.39,44.78],[-120.4,44.78],[-120.39,44.77],[-120.39,44.76],[-120.39,44.75],[-120.39,44.74],[-120.39,44.72],[-120.39,44.61],[-120.39,44.56],[-120.45,44.56],[-120.5,44.56],[-120.67,44.56],[-120.75,44.56],[-120.79,44.56],[-120.8,44.56],[-120.83,44.56],[-120.83,44.51],[-120.83,44.49],[-120.83,44.48],[-120.91,44.48],[-120.99,44.48],[-120.99,44.47],[-120.99,44.42],[-120.99,44.39],[-121.01,44.39],[-121.05,44.39],[-121.07,44.39],[-121.11,44.39],[-121.12,44.39],[-121.2,44.39],[-121.23,44.39],[-121.25,44.39],[-121.34,44.39],[-121.41,44.39],[-121.43,44.39],[-121.49,44.39],[-121.51,44.39],[-121.55,44.39],[-121.77,44.39],[-121.78,44.39],[-121.82,44.39],[-121.84,44.39],[-121.84,44.4],[-121.85,44.4],[-121.85,44.41],[-121.84,44.41],[-121.84,44.42],[-121.85,44.42],[-121.85,44.43],[-121.85,44.44],[-121.84,44.44],[-121.84,44.45],[-121.85,44.45],[-121.85,44.46],[-121.85,44.47],[-121.84,44.47],[-121.84,44.48],[-121.85,44.48],[-121.85,44.49],[-121.84,44.49],[-121.83,44.5],[-121.83,44.51],[-121.82,44.51],[-121.81,44.51],[-121.81,44.52],[-121.81,44.53],[-121.82,44.54],[-121.81,44.54],[-121.81,44.55],[-121.8,44.56],[-121.8,44.57],[-121.8,44.58],[-121.8,44.59],[-121.79,44.59],[-121.79,44.6],[-121.8,44.6],[-121.8,44.61],[-121.81,44.61],[-121.81,44.62],[-121.81,44.63],[-121.8,44.64],[-121.8,44.65],[-121.8,44.66],[-121.8,44.67],[-121.8,44.68],[-121.79,44.68],[-121.79,44.69],[-121.79,44.7],[-121.8,44.7],[-121.8,44.71],[-121.8,44.72],[-121.79,44.73],[-121.8,44.73],[-121.79,44.74],[-121.79,44.75],[-121.78,44.75],[-121.77,44.76],[-121.76,44.76],[-121.76,44.77],[-121.77,44.77],[-121.77,44.78],[-121.78,44.78],[-121.78,44.77],[-121.79,44.77],[-121.8,44.77],[-121.8,44.78],[-121.81,44.78],[-121.81,44.79],[-121.82,44.79],[-121.82,44.8],[-121.81,44.8],[-121.81,44.81],[-121.8,44.81],[-121.79,44.82],[-121.78,44.82],[-121.77,44.82],[-121.76,44.82],[-121.76,44.83]]]]}},
{"type":"Feature","properties":{"ugc":"ORC033","name":"Josephine","state":"OR","wfo":"MFR"},"geometry":{"type":"MultiPolygon","coordinates":[[[[-123.75,42.73],[-123.75,42.74],[-123.75,42.75],[-123.74,42.75],[-123.74,42.76],[-123.73,42.77],[-123.72,42.78],[-123.72,42.75],[-123.72,42.74],[-123.7,42.74],[-123.7,42.75],[-123.69,42.75],[-123.68,42.75],[-123.68,42.74],[-123.67,42.74],[-123.62,42.74],[-123.58,42.74],[-123.58,42.73],[-123.57,42.73],[-123.57,42.72],[-123.56,42.72],[-123.54,42.72],[-123.54,42.71],[-123.49,42.71],[-123.49,42.7],[-123.46,42.7],[-123.45,42.7],[-123.44,42.7],[-123.44,42.71],[-123.43,42.71],[-123.42,42.71],[-123.41,42.71],[-123.4,42.71],[-123.4,42.72],[-123.38,42.72],[-123.37,42.73],[-123.33,42.73],[-123.31,42.73],[-123.3,42.73],[-123.28,42.73],[-123.27,42.73],[-123.27,42.72],[-123.25,42.72],[-123.25,42.7],[-123.24,42.7],[-123.23,42.7],[-123.23,42.63],[-123.23,42.62],[-123.23,42.61],[-123.23,42.55],[-123.23,42.5],[-123.23,42.48],[-123.23,42.38],[-123.23,42.36],[-123.23,42.31],[-123.23,42.29],[-123.23,42.24],[-123.23,42.23],[-123.23,42.21],[-123.23,42.19],[-123.23,42.18],[-123.23,42.17],[-123.23,42.15],[-123.23,42.14],[-123.23,42.13],[-123.23,42.12],[-123.23,42.11],[-123.23,42.1],[-123.23,42.0],[-123.25,42.0],[-123.27,42.0],[-123.35,42.0],[-123.38,42.0],[-123.4,42.0],[-123.43,42.0],[-123.48,42.0],[-123.5,42.0],[-123.51,42.0],[-123.52,42.0],[-123.53,42.0],[-123.55,42.0],[-123.6,42.0],[-123.61,42.0],[-123.62,42.0],[-123.63,42.0],[-123.66,42.0],[-123.73,42.0],[-123.77,42.0],[-123.79,42.0],[-123.81,42.0],[-123.82,42.0],[-123.83,42.0],[-123.83,42.01],[-123.84,42.01],[-123.84,42.02],[-123.84,42.03],[-123.85,42.04],[-123.85,42.05],[-123.84,42.05],[-123.84,42.06],[-123.83,42.06],[-123.83,42.07],[-123.83,42.08],[-123.82,42.08],[-123.82,42.09],[-123.83,42.09],[-123.83,42.1],[-123.83,42.11],[-123.84,42.11],[-123.84,42.12],[-123.85,42.12],[-123.85,42.13],[-123.86,42.13],[-123.86,42.14],[-123.85,42.14],[-123.85,42.15],[-123.84,42.15],[-123.83,42.16],[-123.82,42.16],[-123.81,42.17],[-123.81,42.18],[-123.82,42.19],[-123.82,42.2],[-123.81,42.21],[-123.81,42.22],[-123.8,42.22],[-123.79,42.22],[-123.79,42.23],[-123.79,42.24],[-123.8,42.24],[-123.81,42.24],[-123.81,42.25],[-123.81,42.26],[-123.82,42.26],[-123.82,42.27],[-123.83,42.27],[-123.83,42.28],[-123.84,42.29],[-123.84,42.3],[-123.85,42.3],[-123.85,42.31],[-123.84,42.31],[-123.85,42.32],[-123.86,42.32],[-123.87,42.32],[-123.87,42.33],[-123.88,42.33],[-123.88,42.34],[-123.88,42.35],[-123.89,42.35],[-123.9,42.35],[-123.91,42.35],[-123.92,42.35],[-123.93,42.35],[-123.93,42.36],[-123.94,42.36],[-123.95,42.36],[-123.96,42.36],[-123.97,42.36],[-123.98,42.36],[-123.99,42.36],[-124.0,42.36],[-124.01,42.36],[-124.02,42.36],[-124.03,42.36],[-124.03,42.37],[-124.04,42.37],[-124.03,42.38],[-124.04,42.38],[-124.04,42.39],[-124.04,42.4],[-124.03,42.4],[-124.03,42.41],[-124.02,42.41],[-124.01,42.41],[-124.01,42.42],[-124.01,42.43],[-124.01,42.44],[-124.0,42.44],[-124.0,42.45],[-124.0,42.46],[-124.0,42.47],[-124.0,42.48],[-124.0,42.49],[-124.01,42.49],[-124.01,42.5],[-124.0,42.5],[-123.99,42.5],[-123.98,42.5],[-123.97,42.5],[-123.96,42.5],[-123.95,42.5],[-123.94,42.5],[-123.93,42.5],[-123.93,42.49],[-123.92,42.49],[-123.92,42.5],[-123.91,42.5],[-123.9,42.5],[-123.89,42.5],[-123.89,42.51],[-123.88,42.51],[-123.88,42.52],[-123.88,42.53],[-123.87,42.53],[-123.87,42.54],[-123.86,42.54],[-123.86,42.55],[-123.86,42.56],[-123.86,42.57],[-123.85,42.57],[-123.85,42.58],[-123.85,42.59],[-123.84,42.59],[-123.83,42.59],[-123.83,42.6],[-123.83,42.61],[-123.82,42.61],[-123.82,42.62],[-123.83,42.63],[-123.78,42.69],[-123.77,42.7],[-123.77,42.71],[-123.76,42.71],[-123.76,42.72],[-123.75,42.73]]]]}},
{"type":"Feature","properties":{"ugc":"ORC035","name":"Klamath","state":"OR","wfo":"MFR"},"geometry":{"type":"MultiPolygon","coordinates":[[[[-122.09,43.07],[-122.09,43.08],[-122.09,43.09],[-122.09,43.1],[-122.08,43.1],[-122.08,43.11],[-122.08,43.12],[-122.07,43.13],[-122.06,43.14],[-122.07,43.15],[-122.06,43.15],[-122.06,43.16],[-122.05,43.16],[-122.05,43.17],[-122.05,43.18],[-122.04,43.18],[-122.04,43.19],[-122.04,43.2],[-122.03,43.21],[-122.04,43.21],[-122.04,43.22],[-122.03,43.22],[-122.02,43.22],[-122.02,43.23],[-122.01,43.23],[-122.01,43.24],[-122.0,43.24],[-121.99,43.25],[-121.99,43.26],[-121.98,43.26],[-121.98,43.27],[-121.99,43.27],[-121.99,43.28],[-122.0,43.28],[-122.01,43.29],[-122.01,43.3],[-122.0,43.3],[-122.0,43.31],[-122.01,43.32],[-122.01,43.33],[-122.01,43.34],[-122.01,43.35],[-122.02,43.35],[-122.02,43.36],[-122.03,43.36],[-122.03,43.37],[-122.04,43.37],[-122.05,43.38],[-122.06,43.38],[-122.06,43.39],[-122.06,43.4],[-122.06,43.41],[-122.07,43.41],[-122.08,43.41],[-122.08,43.42],[-122.09,43.42],[-122.09,43.43],[-122.1,43.43],[-122.11,43.43],[-122.11,43.44],[-122.12,43.44],[-122.13,43.43],[-122.13,43.44],[-122.14,43.44],[-122.15,43.44],[-122.15,43.45],[-122.14,43.46],[-122.14,43.47],[-122.13,43.48],[-122.13,43.49],[-122.13,43.5],[-122.13,43.51],[-122.14,43.51],[-122.15,43.52],[-122.14,43.53],[-122.14,43.54],[-122.14,43.55],[-122.13,43.55],[-122.13,43.56],[-122.12,43.56],[-122.11,43.56],[-122.11,43.57],[-122.1,43.57],[-122.1,43.58],[-122.09,43.58],[-122.08,43.58],[-122.07,43.58],[-122.07,43.59],[-122.06,43.59],[-122.05,43.59],[-122.05,43.6],[-122.04,43.6],[-122.03,43.6],[-122.03,43.61],[-122.02,43.61],[-122.01,43.61],[-122.0,43.61],[-122.0,43.62],[-121.98,43.62],[-121.89,43.62],[-121.82,43.62],[-121.75,43.62],[-121.63,43.62],[-121.62,43.62],[-121.58,43.62],[-121.55,43.62],[-121.34,43.62],[-121.33,43.62],[-121.33,43.56],[-121.33,43.5],[-121.33,43.49],[-121.33,43.37],[-121.33,43.36],[-121.35,43.36],[-121.35,43.25],[-121.35,43.19],[-121.35,43.14],[-121.35,43.13],[-121.35,43.12],[-121.35,43.11],[-121.35,43.09],[-121.35,43.03],[-121.35,43.01],[-121.35,43.0],[-121.35,42.92],[-121.35,42.86],[-121.35,42.84],[-121.35,42.83],[-121.35,42.81],[-121.35,42.75],[-121.25,42.75],[-121.12,42.75],[-121.0,42.75],[-120.98,42.74],[-120.96,42.74],[-120.94,42.74],[-120.93,42.74],[-120.92,42.74],[-120.9,42.74],[-120.88,42.74],[-120.88,42.73],[-120.88,42.64],[-120.88,42.63],[-120.88,42.57],[-120.88,42.53],[-120.88,42.5],[-120.88,42.49],[-120.88,42.43],[-120.88,42.42],[-120.88,42.37],[-120.88,42.35],[-120.88,42.33],[-120.88,42.3],[-120.88,42.25],[-120.88,42.24],[-120.88,42.12],[-120.88,42.1],[-120.88,42.07],[-120.88,42.01],[-120.88,42.0],[-120.88,41.99],[-121.0,41.99],[-121.04,41.99],[-121.09,41.99],[-121.11,42.0],[-121.13,42.0],[-121.25,42.0],[-121.26,42.0],[-121.31,42.0],[-121.33,42.0],[-121.34,42.0],[-121.35,42.0],[-121.38,42.0],[-121.42,42.0],[-121.45,42.0],[-121.57,42.0],[-121.6,42.0],[-121.61,42.0],[-121.62,42.0],[-121.75,42.0],[-121.79,42.0],[-121.85,42.0],[-121.9,42.0],[-121.98,42.0],[-122.01,42.0],[-122.11,42.01],[-122.16,42.01],[-122.18,42.01],[-122.26,42.01],[-122.29,42.01],[-122.29,42.07],[-122.29,42.13],[-122.29,42.25],[-122.29,42.47],[-122.28,42.5],[-122.28,42.72],[-122.28,42.74],[-122.28,42.75],[-122.28,42.88],[-122.28,42.9],[-122.28,42.91],[-122.28,43.0],[-122.28,43.01],[-122.28,43.07],[-122.12,43.07],[-122.09,43.07]]]]}},
{"type":"Feature","properties":{"ugc":"ORC037","name":"Lake","state":"OR","wfo":"MFR"},"geometry":{"type":"MultiPolygon","coordinates":[[[[-121.33,43.62],[-121.29,43.62],[-121.24,43.62],[-121.13,43.62],[-121.09,43.62],[-121.06,43.62],[-121.03,43.62],[-120.98,43.62],[-120.97,43.62],[-120.81,43.62],[-120.75,43.62],[-120.72,43.62],[-120.69,43.62],[-120.67,43.62],[-120.66,43.62],[-120.5,43.62],[-120.38,43.62],[-120.38,43.61],[-120.37,43.61],[-120.31,43.61],[-120.28,43.61],[-120.25,43.61],[-120.01,43.61],[-120.0,43.61],[-119.95,43.61],[-119.9,43.61],[-119.9,43.6],[-119.9,43.59],[-119.89,43.58],[-119.9,43.37],[-119.9,43.31],[-119.9,43.28],[-119.9,43.27],[-119.9,43.26],[-119.9,43.25],[-119.9,43.23],[-119.9,43.18],[-119.93,43.18],[-119.93,43.08],[-119.93,43.02],[-119.93,42.99],[-119.93,42.92],[-119.94,42.92],[-119.94,42.9],[-119.94,42.88],[-119.94,42.87],[-119.94,42.77],[-119.94,42.75],[-119.91,42.75],[-119.89,42.75],[-119.79,42.75],[-119.76,42.75],[-119.71,42.75],[-119.64,42.75],[-119.63,42.75],[-119.62,42.75],[-119.49,42.75],[-119.37,42.75],[-119.37,42.66],[-119.36,42.56],[-119.36,42.51],[-119.36,42.5],[-119.36,42.46],[-119.36,42.38],[-119.36,42.32],[-119.36,42.27],[-119.36,42.25],[-119.36,42.24],[-119.36,42.14],[-119.36,42.12],[-119.36,42.09],[-119.36,42.03],[-119.36,42.0],[-119.36,41.99],[-119.38,41.99],[-119.44,42.0],[-119.62,42.0],[-119.63,42.0],[-119.65,42.0],[-119.73,42.0],[-119.75,42.0],[-119.79,42.0],[-119.85,42.0],[-119.87,42.0],[-119.88,42.0],[-119.9,42.0],[-119.99,42.0],[-120.0,41.99],[-120.01,42.0],[-120.05,42.0],[-120.13,41.99],[-120.18,41.99],[-120.21,41.99],[-120.24,41.99],[-120.29,41.99],[-120.33,41.99],[-120.5,41.99],[-120.55,41.99],[-120.59,41.99],[-120.65,41.99],[-120.7,41.99],[-120.75,41.99],[-120.78,41.99],[-120.81,41.99],[-120.85,41.99],[-120.88,41.99],[-120.88,42.0],[-120.88,42.01],[-120.88,42.07],[-120.88,42.1],[-120.88,42.12],[-120.88,42.24],[-120.88,42.25],[-120.88,42.3],[-120.88,42.33],[-120.88,42.35],[-120.88,42.37],[-120.88,42.42],[-120.88,42.43],[-120.88,42.49],[-120.88,42.5],[-120.88,42.53],[-120.88,42.57],[-120.88,42.63],[-120.88,42.64],[-120.88,42.73],[-120.88,42.74],[-120.9,42.74],[-120.92,42.74],[-120.93,42.74],[-120.94,42.74],[-120.96,42.74],[-120.98,42.74],[-121.0,42.75],[-121.12,42.75],[-121.25,42.75],[-121.35,42.75],[-121.35,42.81],[-121.35,42.83],[-121.35,42.84],[-121.35,42.86],[-121.35,42.92],[-121.35,43.0],[-121.35,43.01],[-121.35,43.03],[-121.35,43.09],[-121.35,43.11],[-121.35,43.12],[-121.35,43.13],[-121.35,43.14],[-121.35,43.19],[-121.35,43.25],[-121.35,43.36],[-121.33,43.36],[-121.33,43.37],[-121.33,43.49],[-121.33,43.5],[-121.33,43.56],[-121.33,43.62]]]]}},
{"type":"Feature","properties":{"ugc":"ORC039","name":"Lane","state":"OR","wfo":"PQR"},"geometry":{"type":"MultiPolygon","coordinates":[[[[-124.16,43.88],[-124.16,43.89],[-124.15,43.89],[-124.15,43.9],[-124.15,43.91],[-124.15,43.92],[-124.15,43.93],[-124.15,43.94],[-124.14,43.94],[-124.14,43.95],[-124.14,43.96],[-124.14,43.97],[-124.14,43.98],[-124.14,43.99],[-124.14,44.0],[-124.14,44.01],[-124.13,44.01],[-124.13,44.02],[-124.14,44.02],[-124.14,44.03],[-124.13,44.03],[-124.13,44.04],[-124.13,44.05],[-124.13,44.06],[-124.13,44.07],[-124.13,44.08],[-124.13,44.09],[-124.12,44.09],[-124.12,44.1],[-124.12,44.11],[-124.12,44.12],[-124.13,44.12],[-124.13,44.13],[-124.12,44.13],[-124.12,44.14],[-124.12,44.15],[-124.12,44.16],[-124.12,44.17],[-124.12,44.18],[-124.12,44.19],[-124.11,44.2],[-124.12,44.2],[-124.12,44.21],[-124.11,44.21],[-124.11,44.22],[-124.11,44.23],[-124.11,44.24],[-124.12,44.25],[-124.11,44.25],[-124.11,44.26],[-124.11,44.27],[-124.12,44.27],[-124.12,44.28],[-124.11,44.28],[-124.08,44.28],[-124.07,44.28],[-124.06,44.28],[-124.01,44.28],[-124.0,44.28],[-123.96,44.28],[-123.94,44.28],[-123.89,44.28],[-123.87,44.28],[-123.83,44.28],[-123.82,44.28],[-123.8,44.28],[-123.78,44.28],[-123.77,44.28],[-123.75,44.28],[-123.72,44.28],[-123.71,44.28],[-123.69,44.28],[-123.67,44.28],[-123.66,44.28],[-123.65,44.28],[-123.64,44.28],[-123.62,44.28],[-123.6,44.28],[-123.59,44.28],[-123.57,44.28],[-123.55,44.28],[-123.53,44.28],[-123.5,44.28],[-123.46,44.28],[-123.45,44.28],[-123.44,44.28],[-123.38,44.28],[-123.37,44.28],[-123.3,44.28],[-123.26,44.28],[-123.25,44.28],[-123.23,44.28],[-123.22,44.28],[-123.21,44.28],[-123.2,44.28],[-123.19,44.28],[-123.18,44.28],[-123.17,44.27],[-123.18,44.27],[-123.18,44.26],[-123.18,44.25],[-123.17,44.24],[-123.16,44.23],[-123.15,44.23],[-123.16,44.22],[-123.16,44.21],[-123.16,44.2],[-123.13,44.2],[-123.06,44.2],[-123.0,44.2],[-122.99,44.2],[-122.91,44.2],[-122.91,44.24],[-122.9,44.25],[-122.9,44.26],[-122.89,44.26],[-122.87,44.26],[-122.87,44.28],[-122.86,44.29],[-122.85,44.29],[-122.85,44.28],[-122.84,44.28],[-122.83,44.28],[-122.82,44.28],[-122.81,44.28],[-122.8,44.28],[-122.79,44.29],[-122.79,44.28],[-122.78,44.28],[-122.77,44.28],[-122.76,44.29],[-122.75,44.29],[-122.74,44.29],[-122.73,44.29],[-122.72,44.29],[-122.72,44.28],[-122.71,44.28],[-122.7,44.28],[-122.69,44.28],[-122.69,44.27],[-122.68,44.27],[-122.67,44.27],[-122.66,44.27],[-122.65,44.27],[-122.65,44.26],[-122.65,44.25],[-122.64,44.25],[-122.63,44.25],[-122.62,44.25],[-122.61,44.25],[-122.61,44.24],[-122.6,44.24],[-122.59,44.24],[-122.58,44.24],[-122.58,44.23],[-122.57,44.23],[-122.56,44.23],[-122.55,44.23],[-122.55,44.24],[-122.54,44.23],[-122.53,44.23],[-122.52,44.23],[-122.51,44.23],[-122.51,44.22],[-122.5,44.22],[-122.49,44.22],[-122.48,44.22],[-122.47,44.22],[-122.46,44.22],[-122.45,44.22],[-122.44,44.22],[-122.43,44.22],[-122.42,44.22],[-122.41,44.22],[-122.4,44.22],[-122.39,44.22],[-122.39,44.21],[-122.38,44.21],[-122.37,44.21],[-122.36,44.21],[-122.36,44.22],[-122.35,44.22],[-122.34,44.22],[-122.34,44.23],[-122.33,44.23],[-122.33,44.24],[-122.33,44.25],[-122.31,44.25],[-122.27,44.25],[-122.26,44.25],[-122.25,44.25],[-122.15,44.25],[-122.13,44.25],[-122.12,44.25],[-122.04,44.25],[-122.03,44.26],[-122.0,44.26],[-121.96,44.26],[-121.88,44.26],[-121.81,44.26],[-121.8,44.26],[-121.8,44.25],[-121.79,44.25],[-121.79,44.24],[-121.79,44.23],[-121.78,44.23],[-121.78,44.22],[-121.78,44.21],[-121.78,44.2],[-121.78,44.19],[-121.77,44.19],[-121.77,44.18],[-121.78,44.18],[-121.78,44.17],[-121.77,44.17],[-121.78,44.16],[-121.78,44.15],[-121.78,44.14],[-121.77,44.14],[-121.77,44.13],[-121.77,44.12],[-121.77,44.11],[-121.77,44.1],[-121.77,44.09],[-121.78,44.09],[-121.78,44.08],[-121.79,44.08],[-121.79,44.07],[-121.79,44.06],[-121.8,44.06],[-121.8,44.05],[-121.81,44.05],[-121.82,44.05],[-121.83,44.04],[-121.83,44.03],[-121.83,44.02],[-121.82,44.02],[-121.82,44.01],[-121.82,44.0],[-121.83,44.0],[-121.83,43.99],[-121.84,43.99],[-121.84,43.98],[-121.84,43.97],[-121.85,43.97],[-121.86,43.96],[-121.86,43.95],[-121.86,43.94],[-121.86,43.93],[-121.87,43.93],[-121.87,43.92],[-121.87,43.91],[-121.88,43.91],[-121.89,43.91],[-121.9,43.91],[-121.9,43.92],[-121.91,43.91],[-121.92,43.91],[-121.93,43.91],[-121.94,43.9],[-121.93,43.9],[-121.93,43.89],[-121.94,43.89],[-121.95,43.88],[-121.96,43.88],[-121.96,43.87],[-121.97,43.87],[-121.97,43.86],[-121.98,43.86],[-121.98,43.85],[-121.97,43.84],[-121.98,43.84],[-121.98,43.83],[-121.97,43.83],[-121.97,43.82],[-121.97,43.81],[-121.96,43.81],[-121.97,43.8],[-121.97,43.79],[-121.97,43.78],[-121.97,43.77],[-121.96,43.76],[-121.97,43.76],[-121.97,43.75],[-121.98,43.75],[-121.98,43.74],[-121.98,43.73],[-121.98,43.72],[-121.97,43.72],[-121.97,43.71],[-121.97,43.7],[-121.97,43.69],[-121.98,43.69],[-121.98,43.68],[-121.98,43.67],[-121.99,43.66],[-121.99,43.65],[-121.98,43.65],[-121.98,43.64],[-121.97,43.64],[-121.97,43.63],[-121.98,43.63],[-121.99,43.63],[-122.0,43.63],[-122.0,43.62],[-122.0,43.61],[-122.01,43.61],[-122.02,43.61],[-122.03,43.61],[-122.03,43.6],[-122.04,43.6],[-122.05,43.6],[-122.05,43.59],[-122.06,43.59],[-122.07,43.59],[-122.07,43.58],[-122.08,43.58],[-122.09,43.58],[-122.1,43.58],[-122.1,43.57],[-122.11,43.57],[-122.11,43.56],[-122.12,43.56],[-122.13,43.56],[-122.13,43.55],[-122.14,43.55],[-122.14,43.54],[-122.14,43.53],[-122.15,43.52],[-122.14,43.51],[-122.13,43.51],[-122.13,43.5],[-122.13,43.49],[-122.13,43.48],[-122.14,43.47],[-122.14,43.46],[-122.15,43.45],[-122.15,43.44],[-122.22,43.44],[-122.3,43.44],[-122.5,43.44],[-122.51,43.44],[-122.52,43.44],[-122.62,43.44],[-122.63,43.44],[-122.74,43.44],[-122.74,43.48],[-122.74,43.49],[-122.74,43.5],[-122.74,43.53],[-122.74,43.54],[-122.77,43.54],[-122.84,43.55],[-122.86,43.54],[-122.87,43.54],[-122.98,43.54],[-122.99,43.54],[-123.0,43.54],[-123.01,43.54],[-123.03,43.54],[-123.05,43.54],[-123.1,43.54],[-123.11,43.54],[-123.11,43.55],[-123.11,43.61],[-123.12,43.61],[-123.13,43.61],[-123.14,43.61],[-123.14,43.62],[-123.14,43.63],[-123.14,43.66],[-123.14,43.71],[-123.14,43.74],[-123.14,43.75],[-123.14,43.77],[-123.14,43.78],[-123.24,43.78],[-123.35,43.78],[-123.35,43.8],[-123.35,43.81],[-123.37,43.81],[-123.45,43.81],[-123.47,43.81],[-123.47,43.83],[-123.48,43.83],[-123.52,43.83],[-123.53,43.83],[-123.53,43.86],[-123.53,43.87],[-123.54,43.87],[-123.57,43.87],[-123.58,43.87],[-123.58,43.89],[-123.62,43.89],[-123.62,43.9],[-123.62,43.92],[-123.64,43.92],[-123.66,43.92],[-123.66,43.94],[-123.68,43.94],[-123.7,43.94],[-123.71,43.95],[-123.75,43.94],[-123.76,43.94],[-123.81,43.94],[-123.83,43.94],[-123.84,43.94],[-123.84,43.93],[-123.85,43.93],[-123.85,43.92],[-123.86,43.92],[-123.87,43.92],[-123.87,43.91],[-123.88,43.91],[-123.89,43.91],[-123.9,43.9],[-123.91,43.9],[-123.93,43.9],[-123.93,43.88],[-123.93,43.87],[-123.95,43.87],[-123.95,43.86],[-123.96,43.86],[-124.0,43.86],[-124.01,43.86],[-124.06,43.86],[-124.08,43.86],[-124.11,43.86],[-124.12,43.86],[-124.13,43.86],[-124.16,43.86],[-124.16,43.87],[-124.16,43.88]],[[-124.13,44.01],[-124.13,44.0],[-124.12,44.0],[-124.13,44.01]],[[-124.12,43.99],[-124.13,43.98],[-124.13,43.97],[-124.12,43.97],[-124.12,43.98],[-124.12,43.99]],[[-124.12,43.97],[-124.11,43.96],[-124.1,43.96],[-124.09,43.96],[-124.09,43.97],[-124.1,43.97],[-124.11,43.97],[-124.12,43.97]],[[-124.09,43.97],[-124.08,43.98],[-124.09,43.98],[-124.09,43.97]],[[-124.08,43.98],[-124.08,43.97],[-124.07,43.98],[-124.08,43.98]]]]}},
{"type":"Feature","properties":{"ugc":"ORC041","name":"Lincoln","state":"OR","wfo":"PQR"},"geometry":{"type":"MultiPolygon","coordinates":[[[[-124.11,44.28],[-124.11,44.29],[-124.11,44.3],[-124.1,44.31],[-124.11,44.31],[-124.11,44.32],[-124.1,44.33],[-124.1,44.34],[-124.1,44.35],[-124.09,44.36],[-124.09,44.37],[-124.09,44.38],[-124.09,44.39],[-124.09,44.4],[-124.09,44.41],[-124.08,44.42],[-124.07,44.42],[-124.07,44.43],[-124.08,44.43],[-124.08,44.44],[-124.08,44.45],[-124.08,44.46],[-124.08,44.47],[-124.08,44.48],[-124.08,44.49],[-124.08,44.5],[-124.08,44.51],[-124.08,44.52],[-124.08,44.53],[-124.08,44.54],[-124.07,44.55],[-124.07,44.56],[-124.07,44.57],[-124.07,44.58],[-124.07,44.59],[-124.07,44.6],[-124.07,44.61],[-124.08,44.61],[-124.06,44.62],[-124.05,44.62],[-124.05,44.63],[-124.06,44.63],[-124.06,44.64],[-124.06,44.65],[-124.06,44.66],[-124.06,44.67],[-124.07,44.67],[-124.08,44.67],[-124.08,44.68],[-124.07,44.68],[-124.07,44.69],[-124.07,44.7],[-124.06,44.7],[-124.06,44.71],[-124.06,44.72],[-124.06,44.73],[-124.06,44.74],[-124.06,44.75],[-124.06,44.76],[-124.07,44.76],[-124.07,44.77],[-124.07,44.78],[-124.07,44.79],[-124.07,44.8],[-124.06,44.8],[-124.06,44.81],[-124.06,44.82],[-124.07,44.82],[-124.07,44.83],[-124.06,44.83],[-124.06,44.84],[-124.05,44.84],[-124.05,44.85],[-124.05,44.86],[-124.04,44.86],[-124.04,44.87],[-124.04,44.88],[-124.04,44.89],[-124.03,44.9],[-124.03,44.89],[-124.02,44.89],[-124.01,44.89],[-124.02,44.9],[-124.01,44.9],[-124.01,44.91],[-124.02,44.91],[-124.02,44.92],[-124.01,44.92],[-124.02,44.93],[-124.03,44.93],[-124.03,44.94],[-124.02,44.94],[-124.02,44.95],[-124.02,44.96],[-124.02,44.97],[-124.02,44.98],[-124.01,44.99],[-124.01,45.0],[-124.01,45.01],[-124.01,45.02],[-124.01,45.03],[-124.01,45.04],[-124.0,45.04],[-123.99,45.04],[-123.97,45.04],[-123.95,45.04],[-123.9,45.04],[-123.89,45.04],[-123.88,45.04],[-123.88,45.05],[-123.85,45.05],[-123.84,45.05],[-123.81,45.05],[-123.81,45.04],[-123.8,45.04],[-123.73,45.04],[-123.72,45.04],[-123.73,45.02],[-123.73,45.0],[-123.72,44.99],[-123.72,44.93],[-123.73,44.88],[-123.73,44.87],[-123.73,44.86],[-123.72,44.74],[-123.7,44.74],[-123.7,44.72],[-123.6,44.72],[-123.6,44.68],[-123.6,44.66],[-123.6,44.65],[-123.6,44.57],[-123.6,44.55],[-123.6,44.52],[-123.6,44.5],[-123.6,44.48],[-123.6,44.47],[-123.6,44.46],[-123.6,44.45],[-123.6,44.44],[-123.6,44.43],[-123.61,44.43],[-123.63,44.43],[-123.65,44.43],[-123.67,44.43],[-123.69,44.43],[-123.71,44.43],[-123.72,44.43],[-123.72,44.42],[-123.72,44.39],[-123.72,44.38],[-123.72,44.36],[-123.74,44.36],[-123.73,44.35],[-123.75,44.35],[-123.76,44.35],[-123.78,44.34],[-123.79,44.34],[-123.8,44.34],[-123.81,44.34],[-123.82,44.34],[-123.82,44.33],[-123.82,44.32],[-123.79,44.32],[-123.78,44.32],[-123.78,44.29],[-123.78,44.28],[-123.8,44.28],[-123.82,44.28],[-123.83,44.28],[-123.87,44.28],[-123.89,44.28],[-123.94,44.28],[-123.96,44.28],[-124.0,44.28],[-124.01,44.28],[-124.06,44.28],[-124.07,44.28],[-124.08,44.28],[-124.11,44.28]],[[-124.07,44.43],[-124.06,44.43],[-124.05,44.43],[-124.04,44.43],[-124.03,44.43],[-124.03,44.44],[-124.04,44.44],[-124.04,44.45],[-124.05,44.45],[-124.06,44.45],[-124.06,44.44],[-124.07,44.44],[-124.07,44.43]],[[-123.97,44.57],[-123.96,44.57],[-123.96,44.58],[-123.97,44.58],[-123.97,44.57]],[[-123.96,44.58],[-123.95,44.58],[-123.95,44.59],[-123.96,44.59],[-123.96,44.58]],[[-124.04,44.63],[-124.04,44.62],[-124.04,44.61],[-124.04,44.6],[-124.03,44.59],[-124.03,44.6],[-124.03,44.61],[-124.02,44.61],[-124.02,44.6],[-124.02,44.59],[-124.01,44.59],[-124.01,44.6],[-124.01,44.61],[-124.01,44.62],[-124.01,44.63],[-124.02,44.63],[-124.03,44.63],[-124.04,44.63]],[[-124.0,44.58],[-123.99,44.57],[-123.98,44.57],[-123.99,44.58],[-124.0,44.58]],[[-123.94,44.6],[-123.94,44.61],[-123.94,44.62],[-123.95,44.62],[-123.95,44.61],[-123.95,44.6],[-123.94,44.6]],[[-123.92,44.6],[-123.92,44.59],[-123.91,44.59],[-123.92,44.6]]],[[[-124.07,44.62],[-124.07,44.63],[-124.06,44.63],[-124.06,44.62],[-124.07,44.62]]],[[[-124.03,44.63],[-124.02,44.62],[-124.03,44.62],[-124.03,44.63]]],[[[-124.02,44.92],[-124.03,44.92],[-124.02,44.93],[-124.02,44.92]]],[[[-124.0,45.04],[-124.01,45.05],[-124.0,45.05],[-124.0,45.04]]]]}},
{"type":"Feature","properties":{"ugc":"ORC043","name":"Linn","state":"OR","wfo":"PQR"},"geometry":{"type":"MultiPolygon","coordinates":[[[[-123.23,44.54],[-123.23,44.55],[-123.24,44.55],[-123.24,44.56],[-123.25,44.56],[-123.25,44.55],[-123.26,44.55],[-123.26,44.56],[-123.26,44.57],[-123.25,44.57],[-123.25,44.58],[-123.23,44.58],[-123.22,44.58],[-123.22,44.59],[-123.21,44.59],[-123.2,44.59],[-123.19,44.59],[-123.18,44.59],[-123.19,44.6],[-123.2,44.6],[-123.19,44.61],[-123.18,44.61],[-123.18,44.62],[-123.17,44.62],[-123.17,44.63],[-123.17,44.64],[-123.16,44.64],[-123.15,44.64],[-123.14,44.64],[-123.13,44.64],[-123.12,44.64],[-123.11,44.64],[-123.1,44.64],[-123.09,44.64],[-123.08,44.65],[-123.07,44.65],[-123.07,44.66],[-123.08,44.66],[-123.09,44.67],[-123.09,44.68],[-123.1,44.68],[-123.11,44.67],[-123.11,44.68],[-123.12,44.68],[-123.12,44.69],[-123.13,44.7],[-123.14,44.7],[-123.14,44.71],[-123.15,44.71],[-123.15,44.72],[-123.15,44.73],[-123.14,44.73],[-123.14,44.74],[-123.13,44.74],[-123.14,44.75],[-123.13,44.75],[-123.12,44.75],[-123.12,44.76],[-123.11,44.76],[-123.11,44.75],[-123.1,44.75],[-123.09,44.75],[-123.08,44.74],[-123.07,44.74],[-123.07,44.75],[-123.06,44.75],[-123.06,44.74],[-123.05,44.74],[-123.04,44.74],[-123.04,44.73],[-123.04,44.72],[-123.03,44.72],[-123.02,44.73],[-123.02,44.72],[-123.01,44.72],[-123.01,44.71],[-123.02,44.7],[-123.01,44.69],[-123.0,44.69],[-122.99,44.7],[-122.98,44.7],[-122.97,44.7],[-122.97,44.71],[-122.96,44.72],[-122.95,44.72],[-122.94,44.72],[-122.93,44.72],[-122.93,44.73],[-122.92,44.73],[-122.92,44.74],[-122.91,44.74],[-122.91,44.75],[-122.9,44.74],[-122.89,44.75],[-122.88,44.75],[-122.87,44.75],[-122.87,44.76],[-122.86,44.76],[-122.85,44.76],[-122.85,44.77],[-122.84,44.77],[-122.83,44.77],[-122.82,44.77],[-122.82,44.78],[-122.81,44.78],[-122.81,44.79],[-122.8,44.79],[-122.79,44.79],[-122.78,44.79],[-122.77,44.79],[-122.76,44.79],[-122.75,44.79],[-122.74,44.79],[-122.73,44.79],[-122.72,44.79],[-122.72,44.78],[-122.71,44.78],[-122.7,44.78],[-122.69,44.78],[-122.68,44.78],[-122.67,44.78],[-122.66,44.78],[-122.65,44.78],[-122.64,44.78],[-122.64,44.79],[-122.63,44.79],[-122.62,44.79],[-122.61,44.79],[-122.61,44.78],[-122.6,44.78],[-122.59,44.78],[-122.58,44.78],[-122.57,44.78],[-122.57,44.77],[-122.56,44.77],[-122.55,44.77],[-122.54,44.77],[-122.53,44.77],[-122.53,44.76],[-122.52,44.76],[-122.52,44.75],[-122.51,44.75],[-122.5,44.75],[-122.49,44.75],[-122.48,44.76],[-122.48,44.75],[-122.47,44.75],[-122.46,44.76],[-122.45,44.76],[-122.45,44.75],[-122.44,44.75],[-122.44,44.76],[-122.43,44.76],[-122.43,44.75],[-122.42,44.75],[-122.41,44.75],[-122.41,44.76],[-122.4,44.75],[-122.39,44.75],[-122.38,44.75],[-122.37,44.76],[-122.35,44.76],[-122.34,44.76],[-122.33,44.76],[-122.32,44.76],[-122.31,44.76],[-122.3,44.76],[-122.3,44.75],[-122.29,44.75],[-122.28,44.75],[-122.27,44.74],[-122.27,44.73],[-122.26,44.73],[-122.26,44.72],[-122.25,44.72],[-122.24,44.72],[-122.24,44.71],[-122.24,44.7],[-122.23,44.7],[-122.22,44.7],[-122.22,44.69],[-122.21,44.7],[-122.2,44.7],[-122.19,44.7],[-122.18,44.71],[-122.17,44.71],[-122.16,44.72],[-122.15,44.72],[-122.15,44.73],[-122.14,44.73],[-122.14,44.72],[-122.13,44.72],[-122.12,44.72],[-122.12,44.71],[-122.11,44.71],[-122.1,44.71],[-122.09,44.7],[-122.08,44.7],[-122.07,44.7],[-122.06,44.7],[-122.06,44.69],[-122.05,44.69],[-122.04,44.69],[-122.03,44.69],[-122.02,44.69],[-122.01,44.69],[-122.0,44.69],[-121.99,44.69],[-121.98,44.69],[-121.97,44.69],[-121.96,44.68],[-121.8,44.68],[-121.8,44.67],[-121.8,44.66],[-121.8,44.65],[-121.8,44.64],[-121.81,44.63],[-121.81,44.62],[-121.81,44.61],[-121.8,44.61],[-121.8,44.6],[-121.79,44.6],[-121.79,44.59],[-121.8,44.59],[-121.8,44.58],[-121.8,44.57],[-121.8,44.56],[-121.81,44.55],[-121.81,44.54],[-121.82,44.54],[-121.81,44.53],[-121.81,44.52],[-121.81,44.51],[-121.82,44.51],[-121.83,44.51],[-121.83,44.5],[-121.84,44.49],[-121.85,44.49],[-121.85,44.48],[-121.84,44.48],[-121.84,44.47],[-121.85,44.47],[-121.85,44.46],[-121.85,44.45],[-121.84,44.45],[-121.84,44.44],[-121.85,44.44],[-121.85,44.43],[-121.85,44.42],[-121.84,44.42],[-121.84,44.41],[-121.85,44.41],[-121.85,44.4],[-121.84,44.4],[-121.84,44.39],[-121.85,44.39],[-121.85,44.38],[-121.84,44.38],[-121.84,44.37],[-121.85,44.37],[-121.84,44.36],[-121.84,44.35],[-121.84,44.34],[-121.84,44.33],[-121.84,44.32],[-121.84,44.31],[-121.84,44.3],[-121.84,44.29],[-121.83,44.29],[-121.83,44.28],[-121.82,44.28],[-121.82,44.27],[-121.82,44.26],[-121.88,44.26],[-121.96,44.26],[-122.0,44.26],[-122.03,44.26],[-122.04,44.25],[-122.12,44.25],[-122.13,44.25],[-122.15,44.25],[-122.25,44.25],[-122.26,44.25],[-122.27,44.25],[-122.31,44.25],[-122.33,44.25],[-122.33,44.24],[-122.33,44.23],[-122.34,44.23],[-122.34,44.22],[-122.35,44.22],[-122.36,44.22],[-122.36,44.21],[-122.37,44.21],[-122.38,44.21],[-122.39,44.21],[-122.39,44.22],[-122.4,44.22],[-122.41,44.22],[-122.42,44.22],[-122.43,44.22],[-122.44,44.22],[-122.45,44.22],[-122.46,44.22],[-122.47,44.22],[-122.48,44.22],[-122.49,44.22],[-122.5,44.22],[-122.51,44.22],[-122.51,44.23],[-122.52,44.23],[-122.53,44.23],[-122.54,44.23],[-122.55,44.24],[-122.55,44.23],[-122.56,44.23],[-122.57,44.23],[-122.58,44.23],[-122.58,44.24],[-122.59,44.24],[-122.6,44.24],[-122.61,44.24],[-122.61,44.25],[-122.62,44.25],[-122.63,44.25],[-122.64,44.25],[-122.65,44.25],[-122.65,44.26],[-122.65,44.27],[-122.66,44.27],[-122.67,44.27],[-122.68,44.27],[-122.69,44.27],[-122.69,44.28],[-122.7,44.28],[-122.71,44.28],[-122.72,44.28],[-122.72,44.29],[-122.73,44.29],[-122.74,44.29],[-122.75,44.29],[-122.76,44.29],[-122.77,44.28],[-122.78,44.28],[-122.79,44.28],[-122.79,44.29],[-122.8,44.28],[-122.81,44.28],[-122.82,44.28],[-122.83,44.28],[-122.84,44.28],[-122.85,44.28],[-122.85,44.29],[-122.86,44.29],[-122.87,44.28],[-122.87,44.26],[-122.89,44.26],[-122.9,44.26],[-122.9,44.25],[-122.91,44.24],[-122.91,44.2],[-122.99,44.2],[-123.0,44.2],[-123.06,44.2],[-123.13,44.2],[-123.16,44.2],[-123.16,44.21],[-123.16,44.22],[-123.15,44.23],[-123.16,44.23],[-123.17,44.24],[-123.18,44.25],[-123.18,44.26],[-123.18,44.27],[-123.17,44.27],[-123.18,44.28],[-123.19,44.28],[-123.2,44.28],[-123.21,44.29],[-123.21,44.3],[-123.2,44.3],[-123.2,44.31],[-123.21,44.31],[-123.22,44.31],[-123.22,44.32],[-123.22,44.33],[-123.23,44.33],[-123.24,44.33],[-123.25,44.33],[-123.24,44.34],[-123.23,44.34],[-123.23,44.35],[-123.23,44.36],[-123.22,44.36],[-123.22,44.37],[-123.23,44.37],[-123.24,44.37],[-123.24,44.38],[-123.24,44.39],[-123.23,44.39],[-123.22,44.39],[-123.23,44.4],[-123.23,44.41],[-123.22,44.41],[-123.22,44.42],[-123.22,44.43],[-123.22,44.44],[-123.23,44.44],[-123.23,44.45],[-123.22,44.45],[-123.21,44.45],[-123.21,44.46],[-123.22,44.47],[-123.21,44.47],[-123.21,44.48],[-123.22,44.48],[-123.22,44.49],[-123.21,44.49],[-123.21,44.5],[-123.21,44.51],[-123.22,44.51],[-123.23,44.52],[-123.22,44.52],[-123.22,44.53],[-123.23,44.53],[-123.23,44.54]]]]}},
{"type":"Feature","properties":{"ugc":"ORC045","name":"Malheur","state":"OR","wfo":"BOI"},"geometry":{"type":"MultiPolygon","coordinates":[[[[-117.6,44.44],[-117.59,44.44],[-117.59,44.43],[-117.58,44.43],[-117.57,44.43],[-117.57,44.42],[-117.53,44.42],[-117.53,44.4],[-117.51,44.4],[-117.51,44.39],[-117.49,44.39],[-117.49,44.37],[-117.49,44.3],[-117.38,44.3],[-117.36,44.3],[-117.23,44.3],[-117.22,44.3],[-117.22,44.29],[-117.21,44.28],[-117.2,44.28],[-117.2,44.27],[-117.19,44.27],[-117.18,44.27],[-117.18,44.26],[-117.17,44.26],[-117.16,44.26],[-117.15,44.26],[-117.14,44.26],[-117.13,44.26],[-117.13,44.27],[-117.12,44.28],[-117.11,44.28],[-117.1,44.28],[-117.1,44.27],[-117.09,44.27],[-117.09,44.26],[-117.08,44.25],[-117.07,44.25],[-117.07,44.24],[-117.06,44.24],[-117.06,44.23],[-117.05,44.23],[-117.04,44.24],[-117.04,44.25],[-117.03,44.25],[-117.02,44.25],[-117.01,44.25],[-117.0,44.25],[-116.99,44.25],[-116.98,44.24],[-116.97,44.24],[-116.97,44.23],[-116.97,44.22],[-116.97,44.21],[-116.97,44.2],[-116.97,44.19],[-116.96,44.19],[-116.95,44.19],[-116.94,44.19],[-116.93,44.19],[-116.92,44.19],[-116.91,44.18],[-116.9,44.18],[-116.9,44.17],[-116.89,44.17],[-116.89,44.16],[-116.9,44.16],[-116.9,44.15],[-116.91,44.14],[-116.91,44.13],[-116.92,44.13],[-116.92,44.12],[-116.93,44.12],[-116.93,44.11],[-116.93,44.1],[-116.94,44.1],[-116.94,44.09],[-116.96,44.09],[-116.97,44.09],[-116.98,44.09],[-116.98,44.08],[-116.98,44.07],[-116.98,44.06],[-116.97,44.06],[-116.97,44.05],[-116.96,44.05],[-116.95,44.04],[-116.94,44.04],[-116.94,44.03],[-116.93,44.02],[-116.94,44.02],[-116.94,44.01],[-116.94,44.0],[-116.94,43.99],[-116.94,43.98],[-116.95,43.98],[-116.96,43.98],[-116.96,43.97],[-116.97,43.97],[-116.98,43.96],[-116.97,43.96],[-116.96,43.96],[-116.96,43.95],[-116.96,43.94],[-116.97,43.94],[-116.97,43.93],[-116.96,43.93],[-116.96,43.92],[-116.97,43.92],[-116.98,43.91],[-116.98,43.9],[-116.98,43.89],[-116.98,43.88],[-116.98,43.87],[-116.99,43.86],[-117.0,43.86],[-117.01,43.86],[-117.02,43.86],[-117.02,43.85],[-117.01,43.85],[-117.01,43.84],[-117.02,43.84],[-117.03,43.84],[-117.03,43.83],[-117.02,43.82],[-117.02,43.81],[-117.03,43.81],[-117.03,43.75],[-117.03,43.72],[-117.03,43.71],[-117.03,43.7],[-117.03,43.69],[-117.03,43.68],[-117.03,43.67],[-117.03,43.63],[-117.03,43.62],[-117.03,43.61],[-117.03,43.58],[-117.03,43.57],[-117.03,43.56],[-117.03,43.55],[-117.03,43.52],[-117.03,43.32],[-117.03,43.2],[-117.03,43.15],[-117.03,43.14],[-117.03,43.13],[-117.03,43.12],[-117.03,43.08],[-117.03,43.03],[-117.03,42.97],[-117.03,42.89],[-117.03,42.88],[-117.03,42.84],[-117.03,42.62],[-117.03,42.6],[-117.03,42.49],[-117.03,42.46],[-117.03,42.41],[-117.03,42.38],[-117.03,42.36],[-117.03,42.32],[-117.03,42.31],[-117.03,42.16],[-117.03,42.13],[-117.03,42.12],[-117.03,42.07],[-117.03,42.0],[-117.04,42.0],[-117.05,42.0],[-117.13,42.0],[-117.2,42.0],[-117.22,42.0],[-117.25,42.0],[-117.26,42.0],[-117.37,42.0],[-117.39,42.0],[-117.44,42.0],[-117.49,42.0],[-117.5,42.0],[-117.51,42.0],[-117.53,42.0],[-117.62,42.0],[-117.63,42.0],[-117.74,42.0],[-117.79,42.0],[-117.89,42.0],[-117.92,42.0],[-117.95,42.0],[-118.01,42.0],[-118.2,42.0],[-118.2,42.05],[-118.2,42.12],[-118.2,42.22],[-118.2,42.28],[-118.21,42.28],[-118.22,42.5],[-118.22,42.6],[-118.22,42.61],[-118.22,42.63],[-118.22,42.73],[-118.22,42.75],[-118.22,42.81],[-118.22,42.82],[-118.22,42.87],[-118.22,42.91],[-118.23,42.91],[-118.23,42.96],[-118.23,42.99],[-118.23,43.0],[-118.23,43.02],[-118.23,43.03],[-118.23,43.1],[-118.23,43.12],[-118.23,43.15],[-118.23,43.22],[-118.23,43.25],[-118.23,43.34],[-118.23,43.35],[-118.23,43.5],[-118.23,43.51],[-118.23,43.63],[-118.23,43.74],[-118.23,43.75],[-118.23,43.76],[-118.23,43.78],[-118.23,44.04],[-118.23,44.21],[-118.23,44.24],[-118.23,44.26],[-118.22,44.26],[-118.19,44.26],[-118.19,44.27],[-118.17,44.27],[-118.15,44.27],[-118.15,44.3],[-118.14,44.3],[-118.13,44.3],[-118.13,44.31],[-118.11,44.31],[-118.11,44.33],[-118.09,44.33],[-118.09,44.34],[-118.09,44.36],[-118.07,44.36],[-118.07,44.37],[-118.05,44.37],[-118.05,44.39],[-118.03,44.39],[-118.03,44.42],[-118.01,44.42],[-118.01,44.43],[-117.97,44.43],[-117.97,44.44],[-117.87,44.44],[-117.75,44.44],[-117.74,44.44],[-117.63,44.44],[-117.6,44.44]]]]}},
{"type":"Feature","properties":{"ugc":"ORC047","name":"Marion","state":"OR","wfo":"PQR"},"geometry":{"type":"MultiPolygon","coordinates":[[[[-123.12,44.92],[-123.11,44.92],[-123.11,44.93],[-123.1,44.93],[-123.09,44.93],[-123.08,44.93],[-123.07,44.93],[-123.06,44.94],[-123.04,44.94],[-123.04,44.95],[-123.04,44.96],[-123.04,44.97],[-123.04,44.98],[-123.04,44.99],[-123.05,44.99],[-123.06,44.99],[-123.07,44.99],[-123.07,45.0],[-123.07,45.01],[-123.08,45.01],[-123.07,45.02],[-123.07,45.03],[-123.07,45.04],[-123.07,45.05],[-123.07,45.06],[-123.07,45.07],[-123.07,45.08],[-123.05,45.09],[-123.04,45.09],[-123.04,45.1],[-123.03,45.1],[-123.02,45.1],[-123.01,45.1],[-123.01,45.11],[-123.0,45.11],[-123.0,45.12],[-123.01,45.13],[-123.02,45.14],[-123.03,45.14],[-123.03,45.15],[-123.03,45.16],[-123.02,45.16],[-123.01,45.16],[-123.0,45.16],[-123.0,45.17],[-123.01,45.17],[-123.01,45.18],[-123.02,45.18],[-123.02,45.19],[-123.02,45.2],[-123.03,45.2],[-123.04,45.2],[-123.05,45.2],[-123.05,45.21],[-123.05,45.22],[-123.04,45.22],[-123.02,45.22],[-123.01,45.22],[-123.0,45.22],[-123.0,45.23],[-123.0,45.24],[-123.0,45.25],[-123.0,45.26],[-122.99,45.27],[-122.98,45.27],[-122.98,45.28],[-122.97,45.28],[-122.97,45.29],[-122.96,45.28],[-122.95,45.27],[-122.94,45.27],[-122.93,45.27],[-122.92,45.27],[-122.91,45.27],[-122.91,45.26],[-122.9,45.26],[-122.89,45.26],[-122.88,45.26],[-122.88,45.25],[-122.87,45.25],[-122.86,45.25],[-122.86,45.26],[-122.85,45.26],[-122.83,45.27],[-122.8,45.27],[-122.78,45.27],[-122.78,45.26],[-122.74,45.26],[-122.74,45.25],[-122.75,45.25],[-122.75,45.24],[-122.75,45.23],[-122.75,45.22],[-122.75,45.21],[-122.76,45.21],[-122.76,45.2],[-122.75,45.2],[-122.75,45.19],[-122.76,45.19],[-122.76,45.18],[-122.76,45.17],[-122.77,45.16],[-122.77,45.15],[-122.78,45.15],[-122.78,45.14],[-122.79,45.14],[-122.79,45.13],[-122.78,45.13],[-122.78,45.12],[-122.77,45.12],[-122.77,45.11],[-122.76,45.11],[-122.75,45.11],[-122.75,45.1],[-122.74,45.1],[-122.74,45.09],[-122.73,45.09],[-122.72,45.08],[-122.72,45.07],[-122.71,45.07],[-122.71,45.06],[-122.7,45.06],[-122.7,45.05],[-122.69,45.05],[-122.68,45.05],[-122.67,45.05],[-122.67,45.04],[-122.66,45.04],[-122.65,45.04],[-122.65,45.03],[-122.64,45.03],[-122.63,45.03],[-122.62,45.03],[-122.62,45.02],[-122.61,45.02],[-122.6,45.02],[-122.6,45.01],[-122.59,45.01],[-122.59,45.0],[-122.6,44.99],[-122.59,44.99],[-122.58,44.99],[-122.57,44.99],[-122.57,44.98],[-122.56,44.97],[-122.56,44.96],[-122.55,44.96],[-122.55,44.95],[-122.54,44.95],[-122.54,44.94],[-122.53,44.94],[-122.52,44.94],[-122.52,44.93],[-122.51,44.92],[-122.5,44.92],[-122.49,44.92],[-122.48,44.92],[-122.47,44.92],[-122.46,44.92],[-122.46,44.91],[-122.45,44.91],[-122.44,44.91],[-122.44,44.9],[-122.43,44.9],[-122.42,44.9],[-122.41,44.9],[-122.4,44.9],[-122.39,44.9],[-122.39,44.89],[-122.37,44.88],[-122.35,44.89],[-122.32,44.89],[-122.28,44.89],[-122.27,44.89],[-122.26,44.89],[-122.21,44.89],[-122.19,44.89],[-122.17,44.89],[-122.11,44.89],[-122.0,44.89],[-121.96,44.89],[-121.94,44.89],[-121.92,44.89],[-121.88,44.89],[-121.82,44.89],[-121.74,44.89],[-121.73,44.89],[-121.73,44.88],[-121.74,44.88],[-121.75,44.87],[-121.75,44.86],[-121.74,44.85],[-121.74,44.84],[-121.75,44.84],[-121.75,44.83],[-121.76,44.83],[-121.76,44.82],[-121.77,44.82],[-121.78,44.82],[-121.79,44.82],[-121.8,44.81],[-121.81,44.81],[-121.81,44.8],[-121.82,44.8],[-121.82,44.79],[-121.81,44.79],[-121.81,44.78],[-121.8,44.78],[-121.8,44.77],[-121.79,44.77],[-121.78,44.77],[-121.78,44.78],[-121.77,44.78],[-121.77,44.77],[-121.76,44.77],[-121.76,44.76],[-121.77,44.76],[-121.78,44.75],[-121.79,44.75],[-121.79,44.74],[-121.8,44.73],[-121.79,44.73],[-121.8,44.72],[-121.8,44.71],[-121.8,44.7],[-121.79,44.7],[-121.79,44.69],[-121.79,44.68],[-121.8,44.68],[-121.96,44.68],[-121.97,44.69],[-121.98,44.69],[-121.99,44.69],[-122.0,44.69],[-122.01,44.69],[-122.02,44.69],[-122.03,44.69],[-122.04,44.69],[-122.05,44.69],[-122.06,44.69],[-122.06,44.7],[-122.07,44.7],[-122.08,44.7],[-122.09,44.7],[-122.1,44.71],[-122.11,44.71],[-122.12,44.71],[-122.12,44.72],[-122.13,44.72],[-122.14,44.72],[-122.14,44.73],[-122.15,44.73],[-122.15,44.72],[-122.16,44.72],[-122.17,44.71],[-122.18,44.71],[-122.19,44.7],[-122.2,44.7],[-122.21,44.7],[-122.22,44.69],[-122.22,44.7],[-122.23,44.7],[-122.24,44.7],[-122.24,44.71],[-122.24,44.72],[-122.25,44.72],[-122.26,44.72],[-122.26,44.73],[-122.27,44.73],[-122.27,44.74],[-122.28,44.75],[-122.29,44.75],[-122.3,44.75],[-122.3,44.76],[-122.31,44.76],[-122.32,44.76],[-122.33,44.76],[-122.34,44.76],[-122.35,44.76],[-122.37,44.76],[-122.38,44.75],[-122.39,44.75],[-122.4,44.75],[-122.41,44.76],[-122.41,44.75],[-122.42,44.75],[-122.43,44.75],[-122.43,44.76],[-122.44,44.76],[-122.44,44.75],[-122.45,44.75],[-122.45,44.76],[-122.46,44.76],[-122.47,44.75],[-122.48,44.75],[-122.48,44.76],[-122.49,44.75],[-122.5,44.75],[-122.51,44.75],[-122.52,44.75],[-122.52,44.76],[-122.53,44.76],[-122.53,44.77],[-122.54,44.77],[-122.55,44.77],[-122.56,44.77],[-122.57,44.77],[-122.57,44.78],[-122.58,44.78],[-122.59,44.78],[-122.6,44.78],[-122.61,44.78],[-122.61,44.79],[-122.62,44.79],[-122.63,44.79],[-122.64,44.79],[-122.64,44.78],[-122.65,44.78],[-122.66,44.78],[-122.67,44.78],[-122.68,44.78],[-122.69,44.78],[-122.7,44.78],[-122.71,44.78],[-122.72,44.78],[-122.72,44.79],[-122.73,44.79],[-122.74,44.79],[-122.75,44.79],[-122.76,44.79],[-122.77,44.79],[-122.78,44.79],[-122.79,44.79],[-122.8,44.79],[-122.81,44.79],[-122.81,44.78],[-122.82,44.78],[-122.82,44.77],[-122.83,44.77],[-122.84,44.77],[-122.85,44.77],[-122.85,44.76],[-122.86,44.76],[-122.87,44.76],[-122.87,44.75],[-122.88,44.75],[-122.89,44.75],[-122.9,44.74],[-122.91,44.75],[-122.91,44.74],[-122.92,44.74],[-122.92,44.73],[-122.93,44.73],[-122.93,44.72],[-122.94,44.72],[-122.95,44.72],[-122.96,44.72],[-122.97,44.71],[-122.97,44.7],[-122.98,44.7],[-122.99,44.7],[-123.0,44.69],[-123.01,44.69],[-123.02,44.7],[-123.01,44.71],[-123.01,44.72],[-123.02,44.72],[-123.02,44.73],[-123.03,44.72],[-123.04,44.72],[-123.04,44.73],[-123.04,44.74],[-123.05,44.74],[-123.06,44.74],[-123.06,44.75],[-123.07,44.75],[-123.07,44.74],[-123.08,44.74],[-123.09,44.75],[-123.1,44.75],[-123.11,44.75],[-123.11,44.76],[-123.12,44.76],[-123.12,44.75],[-123.13,44.75],[-123.14,44.75],[-123.15,44.75],[-123.15,44.76],[-123.15,44.77],[-123.14,44.77],[-123.13,44.78],[-123.13,44.79],[-123.12,44.79],[-123.11,44.8],[-123.1,44.8],[-123.09,44.81],[-123.1,44.82],[-123.11,44.82],[-123.12,44.82],[-123.13,44.83],[-123.14,44.83],[-123.15,44.83],[-123.16,44.83],[-123.17,44.83],[-123.18,44.83],[-123.18,44.84],[-123.18,44.85],[-123.18,44.86],[-123.17,44.86],[-123.16,44.86],[-123.15,44.86],[-123.15,44.87],[-123.15,44.88],[-123.14,44.88],[-123.14,44.89],[-123.13,44.89],[-123.13,44.9],[-123.13,44.91],[-123.12,44.91],[-123.12,44.92]]]]}},
{"type":"Feature","properties":{"ugc":"ORC049","name":"Morrow","state":"OR","wfo":"PDT"},"geometry":{"type":"MultiPolygon","coordinates":[[[[-119.49,45.91],[-119.45,45.92],[-119.43,45.92],[-119.43,45.9],[-119.43,45.89],[-119.43,45.88],[-119.43,45.87],[-119.43,45.86],[-119.43,45.85],[-119.43,45.83],[-119.43,45.82],[-119.44,45.8],[-119.43,45.76],[-119.43,45.75],[-119.43,45.7],[-119.43,45.68],[-119.43,45.62],[-119.43,45.6],[-119.38,45.6],[-119.37,45.6],[-119.35,45.6],[-119.33,45.6],[-119.3,45.6],[-119.28,45.6],[-119.25,45.6],[-119.25,45.57],[-119.25,45.52],[-119.15,45.52],[-119.15,45.37],[-119.15,45.27],[-119.15,45.26],[-119.15,45.25],[-119.15,45.24],[-119.15,45.23],[-119.15,45.22],[-119.15,45.2],[-119.15,45.15],[-119.15,45.13],[-119.15,45.12],[-119.15,45.08],[-119.16,45.08],[-119.16,45.02],[-119.16,45.01],[-119.16,45.0],[-119.25,45.0],[-119.29,45.0],[-119.31,45.0],[-119.34,45.0],[-119.36,45.0],[-119.38,44.99],[-119.38,45.0],[-119.39,44.99],[-119.39,45.0],[-119.41,44.99],[-119.42,44.99],[-119.43,45.0],[-119.44,45.0],[-119.46,45.0],[-119.49,45.0],[-119.5,45.0],[-119.51,45.0],[-119.54,45.0],[-119.59,45.0],[-119.61,45.0],[-119.62,44.99],[-119.63,44.99],[-119.66,44.99],[-119.67,44.99],[-119.68,44.99],[-119.75,44.99],[-119.79,44.99],[-119.79,45.0],[-119.79,45.01],[-119.79,45.03],[-119.79,45.05],[-119.79,45.07],[-119.79,45.08],[-119.76,45.08],[-119.76,45.1],[-119.76,45.13],[-119.76,45.17],[-119.78,45.17],[-119.88,45.17],[-119.88,45.19],[-119.88,45.21],[-119.88,45.23],[-119.88,45.24],[-119.88,45.26],[-120.01,45.26],[-120.01,45.28],[-120.01,45.37],[-120.0,45.52],[-120.0,45.57],[-120.0,45.62],[-120.0,45.75],[-120.0,45.77],[-120.0,45.78],[-120.0,45.8],[-120.0,45.81],[-119.97,45.82],[-119.91,45.83],[-119.88,45.83],[-119.87,45.84],[-119.8,45.85],[-119.77,45.85],[-119.73,45.85],[-119.67,45.86],[-119.65,45.87],[-119.62,45.91],[-119.6,45.92],[-119.57,45.93],[-119.52,45.91],[-119.49,45.91]]]]}},
{"type":"Feature","properties":{"ugc":"ORC051","name":"Multnomah","state":"OR","wfo":"PQR"},"geometry":{"type":"MultiPolygon","coordinates":[[[[-122.77,45.73],[-122.76,45.73],[-122.77,45.7],[-122.77,45.68],[-122.76,45.66],[-122.74,45.64],[-122.71,45.64],[-122.69,45.62],[-122.67,45.62],[-122.64,45.61],[-122.61,45.61],[-122.6,45.61],[-122.58,45.6],[-122.56,45.6],[-122.55,45.6],[-122.52,45.59],[-122.51,45.59],[-122.49,45.58],[-122.47,45.58],[-122.45,45.57],[-122.44,45.56],[-122.41,45.57],[-122.39,45.57],[-122.38,45.58],[-122.35,45.57],[-122.33,45.55],[-122.31,45.55],[-122.3,45.54],[-122.27,45.54],[-122.26,45.54],[-122.25,45.55],[-122.2,45.56],[-122.18,45.58],[-122.14,45.58],[-122.13,45.58],[-122.11,45.58],[-122.1,45.58],[-122.04,45.61],[-122.02,45.62],[-122.0,45.62],[-121.98,45.62],[-121.96,45.63],[-121.95,45.64],[-121.94,45.64],[-121.92,45.65],[-121.92,45.62],[-121.92,45.61],[-121.91,45.6],[-121.92,45.6],[-121.91,45.59],[-121.92,45.59],[-121.92,45.58],[-121.91,45.58],[-121.91,45.57],[-121.91,45.56],[-121.9,45.56],[-121.9,45.55],[-121.91,45.55],[-121.92,45.55],[-121.92,45.54],[-121.91,45.54],[-121.91,45.53],[-121.91,45.52],[-121.9,45.52],[-121.89,45.51],[-121.88,45.51],[-121.87,45.52],[-121.87,45.51],[-121.86,45.5],[-121.86,45.49],[-121.85,45.49],[-121.85,45.48],[-121.84,45.48],[-121.84,45.47],[-121.83,45.47],[-121.82,45.47],[-121.82,45.46],[-121.83,45.46],[-121.86,45.46],[-121.88,45.46],[-121.89,45.46],[-121.9,45.46],[-121.93,45.46],[-121.97,45.46],[-122.0,45.46],[-122.02,45.46],[-122.04,45.46],[-122.08,45.46],[-122.09,45.46],[-122.12,45.46],[-122.13,45.46],[-122.14,45.46],[-122.19,45.46],[-122.21,45.46],[-122.22,45.46],[-122.26,45.46],[-122.28,45.46],[-122.31,45.46],[-122.34,45.46],[-122.37,45.46],[-122.39,45.46],[-122.41,45.46],[-122.44,45.46],[-122.45,45.46],[-122.47,45.46],[-122.48,45.46],[-122.49,45.46],[-122.5,45.46],[-122.51,45.46],[-122.53,45.46],[-122.55,45.46],[-122.56,45.46],[-122.6,45.46],[-122.64,45.46],[-122.66,45.46],[-122.66,45.45],[-122.65,45.45],[-122.65,45.44],[-122.65,45.43],[-122.67,45.43],[-122.68,45.43],[-122.7,45.43],[-122.71,45.43],[-122.74,45.43],[-122.74,45.44],[-122.74,45.45],[-122.74,45.46],[-122.74,45.47],[-122.74,45.49],[-122.74,45.52],[-122.76,45.52],[-122.76,45.53],[-122.77,45.53],[-122.78,45.53],[-122.79,45.54],[-122.78,45.54],[-122.78,45.55],[-122.79,45.55],[-122.8,45.55],[-122.81,45.55],[-122.81,45.56],[-122.83,45.56],[-122.83,45.58],[-122.84,45.58],[-122.85,45.58],[-122.85,45.59],[-122.87,45.59],[-122.87,45.6],[-122.87,45.61],[-122.89,45.61],[-122.89,45.62],[-122.91,45.62],[-122.91,45.63],[-122.92,45.63],[-122.93,45.63],[-122.93,45.64],[-122.93,45.69],[-122.93,45.72],[-122.92,45.72],[-122.79,45.72],[-122.78,45.72],[-122.78,45.73],[-122.77,45.73]]]]}},
{"type":"Feature","properties":{"ugc":"ORC053","name":"Polk","state":"OR","wfo":"PQR"},"geometry":{"type":"MultiPolygon","coordinates":[[[[-123.55,45.08],[-123.53,45.08],[-123.52,45.08],[-123.49,45.08],[-123.43,45.08],[-123.4,45.08],[-123.38,45.08],[-123.35,45.08],[-123.34,45.08],[-123.29,45.08],[-123.19,45.07],[-123.16,45.07],[-123.07,45.08],[-123.07,45.07],[-123.07,45.06],[-123.07,45.05],[-123.07,45.04],[-123.07,45.03],[-123.07,45.02],[-123.08,45.01],[-123.07,45.01],[-123.07,45.0],[-123.07,44.99],[-123.06,44.99],[-123.05,44.99],[-123.04,44.99],[-123.04,44.98],[-123.04,44.97],[-123.04,44.96],[-123.04,44.95],[-123.04,44.94],[-123.06,44.94],[-123.07,44.93],[-123.08,44.93],[-123.09,44.93],[-123.1,44.93],[-123.11,44.93],[-123.11,44.92],[-123.12,44.92],[-123.12,44.91],[-123.13,44.91],[-123.13,44.9],[-123.13,44.89],[-123.14,44.89],[-123.14,44.88],[-123.15,44.88],[-123.15,44.87],[-123.15,44.86],[-123.16,44.86],[-123.17,44.86],[-123.18,44.86],[-123.18,44.85],[-123.18,44.84],[-123.18,44.83],[-123.17,44.83],[-123.16,44.83],[-123.15,44.83],[-123.14,44.83],[-123.13,44.83],[-123.12,44.82],[-123.11,44.82],[-123.1,44.82],[-123.09,44.81],[-123.1,44.8],[-123.11,44.8],[-123.12,44.79],[-123.13,44.79],[-123.13,44.78],[-123.14,44.77],[-123.15,44.77],[-123.15,44.76],[-123.15,44.75],[-123.14,44.75],[-123.13,44.74],[-123.14,44.74],[-123.14,44.73],[-123.15,44.73],[-123.15,44.72],[-123.16,44.72],[-123.26,44.72],[-123.3,44.72],[-123.37,44.72],[-123.38,44.72],[-123.39,44.72],[-123.44,44.72],[-123.47,44.72],[-123.48,44.72],[-123.49,44.72],[-123.5,44.72],[-123.51,44.72],[-123.54,44.72],[-123.57,44.72],[-123.58,44.72],[-123.6,44.72],[-123.7,44.72],[-123.7,44.74],[-123.72,44.74],[-123.73,44.86],[-123.73,44.87],[-123.73,44.88],[-123.72,44.93],[-123.72,44.99],[-123.73,45.0],[-123.73,45.02],[-123.72,45.04],[-123.73,45.04],[-123.73,45.05],[-123.72,45.07],[-123.72,45.08],[-123.6,45.08],[-123.59,45.08],[-123.55,45.08]]]]}},
{"type":"Feature","properties":{"ugc":"ORC055","name":"Sherman","state":"OR","wfo":"PDT"},"geometry":{"type":"MultiPolygon","coordinates":[[[[-121.02,45.24],[-121.02,45.25],[-121.02,45.26],[-121.02,45.27],[-121.02,45.28],[-121.02,45.29],[-121.02,45.3],[-121.02,45.31],[-121.01,45.31],[-121.0,45.31],[-120.99,45.31],[-120.99,45.32],[-120.98,45.32],[-120.97,45.32],[-120.97,45.31],[-120.96,45.31],[-120.95,45.32],[-120.95,45.33],[-120.96,45.34],[-120.95,45.34],[-120.94,45.33],[-120.93,45.33],[-120.93,45.34],[-120.94,45.34],[-120.94,45.35],[-120.93,45.35],[-120.92,45.35],[-120.92,45.36],[-120.91,45.36],[-120.9,45.36],[-120.9,45.37],[-120.89,45.38],[-120.88,45.39],[-120.87,45.39],[-120.87,45.4],[-120.87,45.41],[-120.86,45.42],[-120.86,45.43],[-120.85,45.43],[-120.86,45.44],[-120.87,45.44],[-120.87,45.45],[-120.86,45.45],[-120.86,45.46],[-120.85,45.46],[-120.84,45.47],[-120.84,45.48],[-120.84,45.49],[-120.83,45.49],[-120.84,45.5],[-120.84,45.51],[-120.83,45.51],[-120.83,45.52],[-120.84,45.52],[-120.85,45.52],[-120.86,45.53],[-120.87,45.53],[-120.88,45.53],[-120.88,45.54],[-120.89,45.54],[-120.9,45.54],[-120.9,45.55],[-120.91,45.56],[-120.91,45.57],[-120.9,45.58],[-120.9,45.59],[-120.9,45.6],[-120.91,45.6],[-120.91,45.61],[-120.9,45.62],[-120.91,45.63],[-120.91,45.64],[-120.9,45.64],[-120.86,45.67],[-120.79,45.69],[-120.75,45.7],[-120.72,45.71],[-120.69,45.72],[-120.67,45.73],[-120.65,45.74],[-120.65,45.73],[-120.64,45.72],[-120.63,45.72],[-120.62,45.72],[-120.61,45.72],[-120.61,45.71],[-120.6,45.71],[-120.6,45.7],[-120.59,45.7],[-120.58,45.7],[-120.57,45.7],[-120.57,45.69],[-120.56,45.68],[-120.55,45.68],[-120.55,45.67],[-120.54,45.67],[-120.53,45.67],[-120.52,45.67],[-120.51,45.67],[-120.51,45.66],[-120.5,45.66],[-120.49,45.66],[-120.49,45.65],[-120.49,45.64],[-120.48,45.63],[-120.47,45.63],[-120.47,45.62],[-120.46,45.62],[-120.45,45.63],[-120.44,45.63],[-120.44,45.62],[-120.45,45.61],[-120.44,45.61],[-120.44,45.6],[-120.43,45.6],[-120.42,45.6],[-120.41,45.6],[-120.41,45.59],[-120.41,45.58],[-120.4,45.58],[-120.4,45.57],[-120.41,45.56],[-120.4,45.55],[-120.39,45.55],[-120.39,45.54],[-120.38,45.54],[-120.37,45.54],[-120.36,45.54],[-120.36,45.53],[-120.37,45.53],[-120.38,45.53],[-120.38,45.52],[-120.37,45.52],[-120.37,45.51],[-120.36,45.51],[-120.36,45.5],[-120.37,45.5],[-120.37,45.49],[-120.38,45.49],[-120.39,45.5],[-120.4,45.5],[-120.41,45.5],[-120.42,45.5],[-120.43,45.5],[-120.42,45.49],[-120.42,45.48],[-120.41,45.48],[-120.41,45.47],[-120.42,45.47],[-120.43,45.47],[-120.44,45.48],[-120.45,45.48],[-120.45,45.49],[-120.46,45.48],[-120.47,45.48],[-120.48,45.47],[-120.49,45.47],[-120.5,45.46],[-120.49,45.46],[-120.48,45.46],[-120.49,45.45],[-120.5,45.45],[-120.5,45.44],[-120.49,45.44],[-120.48,45.44],[-120.49,45.43],[-120.49,45.42],[-120.5,45.42],[-120.5,45.41],[-120.51,45.41],[-120.51,45.4],[-120.52,45.4],[-120.52,45.39],[-120.53,45.39],[-120.53,45.38],[-120.52,45.38],[-120.52,45.37],[-120.53,45.37],[-120.53,45.36],[-120.53,45.35],[-120.54,45.35],[-120.54,45.34],[-120.53,45.34],[-120.53,45.33],[-120.53,45.32],[-120.54,45.32],[-120.54,45.31],[-120.53,45.31],[-120.52,45.3],[-120.53,45.3],[-120.53,45.29],[-120.54,45.3],[-120.55,45.3],[-120.55,45.29],[-120.54,45.29],[-120.54,45.28],[-120.54,45.27],[-120.55,45.27],[-120.55,45.26],[-120.54,45.26],[-120.53,45.26],[-120.54,45.25],[-120.55,45.25],[-120.55,45.24],[-120.54,45.24],[-120.54,45.23],[-120.54,45.22],[-120.54,45.21],[-120.53,45.21],[-120.53,45.2],[-120.52,45.2],[-120.51,45.2],[-120.5,45.2],[-120.49,45.2],[-120.48,45.19],[-120.49,45.18],[-120.48,45.18],[-120.47,45.18],[-120.48,45.17],[-120.47,45.17],[-120.47,45.16],[-120.48,45.16],[-120.48,45.15],[-120.47,45.15],[-120.47,45.14],[-120.46,45.14],[-120.46,45.13],[-120.46,45.12],[-120.46,45.11],[-120.46,45.1],[-120.47,45.1],[-120.47,45.11],[-120.48,45.11],[-120.48,45.1],[-120.49,45.1],[-120.49,45.11],[-120.5,45.1],[-120.51,45.1],[-120.51,45.09],[-120.5,45.08],[-120.54,45.08],[-120.63,45.08],[-120.69,45.08],[-120.73,45.08],[-120.73,45.09],[-120.73,45.1],[-120.72,45.11],[-120.72,45.12],[-120.72,45.13],[-120.73,45.13],[-120.74,45.13],[-120.74,45.14],[-120.75,45.14],[-120.76,45.14],[-120.76,45.15],[-120.77,45.15],[-120.77,45.16],[-120.78,45.16],[-120.79,45.16],[-120.79,45.17],[-120.8,45.16],[-120.8,45.17],[-120.81,45.17],[-120.82,45.17],[-120.82,45.18],[-120.83,45.18],[-120.84,45.18],[-120.84,45.19],[-120.85,45.19],[-120.86,45.19],[-120.87,45.2],[-120.88,45.2],[-120.89,45.2],[-120.9,45.2],[-120.91,45.2],[-120.92,45.2],[-120.93,45.2],[-120.94,45.2],[-120.95,45.2],[-120.96,45.2],[-120.97,45.2],[-120.98,45.2],[-120.99,45.2],[-121.0,45.21],[-121.01,45.21],[-121.02,45.21],[-121.02,45.22],[-121.02,45.23],[-121.02,45.24]],[[-120.52,45.4],[-120.52,45.41],[-120.53,45.41],[-120.53,45.4],[-120.52,45.4]]],[[[-120.46,45.14],[-120.46,45.15],[-120.45,45.15],[-120.45,45.14],[-120.46,45.14]]],[[[-120.49,45.64],[-120.48,45.65],[-120.48,45.64],[-120.49,45.64]]],[[[-121.02,45.29],[-121.03,45.28],[-121.03,45.29],[-121.02,45.29]]]]}},
{"type":"Feature","properties":{"ugc":"ORC057","name":"Tillamook","state":"OR","wfo":"PQR"},"geometry":{"type":"MultiPolygon","coordinates":[[[[-124.01,45.05],[-124.01,45.06],[-124.02,45.06],[-124.02,45.07],[-124.01,45.07],[-124.01,45.08],[-124.0,45.08],[-124.0,45.09],[-123.99,45.09],[-123.99,45.1],[-123.99,45.11],[-123.98,45.11],[-123.98,45.12],[-123.98,45.13],[-123.98,45.14],[-123.98,45.15],[-123.97,45.15],[-123.97,45.16],[-123.96,45.16],[-123.96,45.17],[-123.95,45.17],[-123.94,45.16],[-123.94,45.17],[-123.93,45.17],[-123.93,45.18],[-123.94,45.18],[-123.95,45.18],[-123.95,45.19],[-123.96,45.19],[-123.96,45.18],[-123.97,45.17],[-123.97,45.18],[-123.97,45.19],[-123.97,45.2],[-123.97,45.21],[-123.97,45.22],[-123.97,45.23],[-123.97,45.24],[-123.97,45.25],[-123.97,45.26],[-123.97,45.27],[-123.96,45.27],[-123.96,45.26],[-123.95,45.27],[-123.95,45.28],[-123.96,45.28],[-123.96,45.29],[-123.96,45.3],[-123.96,45.31],[-123.96,45.32],[-123.97,45.32],[-123.97,45.33],[-123.97,45.34],[-123.98,45.34],[-123.99,45.34],[-123.99,45.35],[-123.98,45.35],[-123.97,45.35],[-123.97,45.36],[-123.97,45.37],[-123.97,45.38],[-123.97,45.39],[-123.96,45.4],[-123.96,45.39],[-123.96,45.38],[-123.95,45.38],[-123.95,45.39],[-123.94,45.39],[-123.94,45.4],[-123.93,45.4],[-123.93,45.41],[-123.94,45.42],[-123.94,45.43],[-123.95,45.43],[-123.95,45.44],[-123.96,45.44],[-123.96,45.45],[-123.97,45.45],[-123.97,45.46],[-123.97,45.47],[-123.97,45.48],[-123.98,45.49],[-123.97,45.49],[-123.97,45.5],[-123.96,45.5],[-123.96,45.51],[-123.95,45.52],[-123.94,45.51],[-123.94,45.5],[-123.93,45.5],[-123.92,45.49],[-123.91,45.49],[-123.91,45.48],[-123.9,45.48],[-123.89,45.48],[-123.88,45.48],[-123.88,45.49],[-123.88,45.5],[-123.88,45.51],[-123.89,45.51],[-123.89,45.52],[-123.9,45.53],[-123.9,45.54],[-123.91,45.55],[-123.92,45.55],[-123.92,45.56],[-123.93,45.56],[-123.94,45.56],[-123.94,45.57],[-123.95,45.57],[-123.96,45.57],[-123.96,45.58],[-123.95,45.58],[-123.95,45.59],[-123.95,45.6],[-123.95,45.61],[-123.95,45.62],[-123.94,45.62],[-123.94,45.63],[-123.94,45.64],[-123.94,45.65],[-123.93,45.66],[-123.94,45.66],[-123.94,45.67],[-123.94,45.68],[-123.94,45.69],[-123.94,45.7],[-123.94,45.71],[-123.94,45.72],[-123.94,45.73],[-123.95,45.73],[-123.95,45.74],[-123.96,45.74],[-123.97,45.75],[-123.97,45.76],[-123.98,45.76],[-123.98,45.77],[-123.97,45.78],[-123.96,45.78],[-123.88,45.78],[-123.79,45.78],[-123.75,45.78],[-123.74,45.78],[-123.72,45.78],[-123.72,45.77],[-123.63,45.77],[-123.61,45.77],[-123.57,45.78],[-123.54,45.78],[-123.51,45.78],[-123.49,45.78],[-123.48,45.78],[-123.38,45.78],[-123.36,45.78],[-123.36,45.76],[-123.36,45.75],[-123.36,45.74],[-123.36,45.73],[-123.36,45.71],[-123.48,45.71],[-123.48,45.68],[-123.46,45.68],[-123.46,45.67],[-123.44,45.67],[-123.44,45.65],[-123.42,45.65],[-123.42,45.64],[-123.41,45.64],[-123.4,45.64],[-123.38,45.64],[-123.38,45.62],[-123.37,45.62],[-123.36,45.62],[-123.34,45.62],[-123.34,45.61],[-123.33,45.61],[-123.3,45.61],[-123.3,45.59],[-123.32,45.59],[-123.32,45.58],[-123.36,45.58],[-123.36,45.55],[-123.4,45.55],[-123.4,45.54],[-123.42,45.54],[-123.42,45.52],[-123.43,45.52],[-123.44,45.52],[-123.44,45.5],[-123.44,45.49],[-123.46,45.49],[-123.46,45.48],[-123.46,45.46],[-123.46,45.45],[-123.49,45.45],[-123.49,45.43],[-123.47,45.43],[-123.46,45.42],[-123.46,45.4],[-123.46,45.39],[-123.46,45.37],[-123.46,45.36],[-123.46,45.35],[-123.46,45.34],[-123.46,45.33],[-123.46,45.32],[-123.46,45.3],[-123.46,45.29],[-123.46,45.26],[-123.46,45.22],[-123.47,45.22],[-123.49,45.22],[-123.5,45.22],[-123.53,45.22],[-123.56,45.22],[-123.57,45.22],[-123.59,45.22],[-123.63,45.22],[-123.65,45.22],[-123.67,45.22],[-123.69,45.22],[-123.7,45.22],[-123.71,45.22],[-123.75,45.22],[-123.76,45.22],[-123.78,45.22],[-123.78,45.21],[-123.78,45.2],[-123.78,45.19],[-123.78,45.17],[-123.78,45.16],[-123.78,45.15],[-123.78,45.14],[-123.78,45.13],[-123.78,45.11],[-123.78,45.08],[-123.76,45.08],[-123.75,45.08],[-123.72,45.08],[-123.72,45.07],[-123.73,45.05],[-123.73,45.04],[-123.8,45.04],[-123.81,45.04],[-123.81,45.05],[-123.84,45.05],[-123.85,45.05],[-123.88,45.05],[-123.88,45.04],[-123.89,45.04],[-123.9,45.04],[-123.95,45.04],[-123.97,45.04],[-123.99,45.04],[-124.0,45.04],[-124.0,45.05],[-124.01,45.05]],[[-123.95,45.28],[-123.94,45.29],[-123.95,45.29],[-123.95,45.28]],[[-123.91,45.55],[-123.9,45.55],[-123.9,45.56],[-123.91,45.56],[-123.91,45.55]],[[-123.93,45.67],[-123.92,45.68],[-123.93,45.69],[-123.93,45.68],[-123.93,45.67]],[[-123.92,45.69],[-123.91,45.69],[-123.9,45.69],[-123.89,45.69],[-123.89,45.7],[-123.9,45.7],[-123.9,45.71],[-123.91,45.71],[-123.92,45.71],[-123.92,45.7],[-123.92,45.69]]],[[[-123.95,45.43],[-123.95,45.42],[-123.95,45.41],[-123.96,45.41],[-123.96,45.42],[-123.96,45.43],[-123.95,45.43]]],[[[-123.95,45.52],[-123.96,45.53],[-123.95,45.53],[-123.95,45.52]]],[[[-123.94,45.56],[-123.94,45.55],[-123.94,45.54],[-123.95,45.53],[-123.95,45.54],[-123.95,45.55],[-123.95,45.56],[-123.94,45.56]]]]}},
{"type":"Feature","properties":{"ugc":"ORC059","name":"Umatilla","state":"OR","wfo":"PDT"},"geometry":{"type":"MultiPolygon","coordinates":[[[[-117.99,46.0],[-117.98,46.0],[-117.98,45.86],[-117.97,45.86],[-117.97,45.85],[-117.97,45.82],[-118.04,45.82],[-118.04,45.81],[-118.04,45.8],[-118.04,45.77],[-118.05,45.77],[-118.06,45.77],[-118.07,45.77],[-118.07,45.75],[-118.07,45.72],[-118.07,45.71],[-118.07,45.7],[-118.07,45.69],[-118.08,45.69],[-118.11,45.69],[-118.12,45.69],[-118.12,45.63],[-118.12,45.6],[-118.12,45.57],[-118.12,45.56],[-118.12,45.52],[-118.12,45.51],[-118.12,45.5],[-118.12,45.48],[-118.12,45.47],[-118.14,45.47],[-118.2,45.47],[-118.2,45.45],[-118.2,45.43],[-118.23,45.43],[-118.24,45.43],[-118.25,45.43],[-118.36,45.43],[-118.37,45.43],[-118.37,45.44],[-118.38,45.44],[-118.4,45.44],[-118.4,45.43],[-118.41,45.43],[-118.43,45.43],[-118.43,45.36],[-118.5,45.35],[-118.61,45.35],[-118.61,45.34],[-118.62,45.34],[-118.64,45.34],[-118.66,45.34],[-118.66,45.35],[-118.7,45.35],[-118.7,45.33],[-118.7,45.32],[-118.7,45.29],[-118.7,45.26],[-118.68,45.26],[-118.66,45.26],[-118.66,45.2],[-118.64,45.2],[-118.55,45.2],[-118.55,45.14],[-118.55,45.13],[-118.55,45.1],[-118.55,45.09],[-118.55,45.08],[-118.52,45.08],[-118.52,45.0],[-118.57,45.0],[-118.73,45.0],[-118.75,45.0],[-118.79,45.0],[-118.84,45.0],[-118.89,45.0],[-118.95,45.0],[-118.98,45.0],[-119.0,45.0],[-119.12,45.0],[-119.14,45.0],[-119.16,45.0],[-119.16,45.01],[-119.16,45.02],[-119.16,45.08],[-119.15,45.08],[-119.15,45.12],[-119.15,45.13],[-119.15,45.15],[-119.15,45.2],[-119.15,45.22],[-119.15,45.23],[-119.15,45.24],[-119.15,45.25],[-119.15,45.26],[-119.15,45.27],[-119.15,45.37],[-119.15,45.52],[-119.25,45.52],[-119.25,45.57],[-119.25,45.6],[-119.28,45.6],[-119.3,45.6],[-119.33,45.6],[-119.35,45.6],[-119.37,45.6],[-119.38,45.6],[-119.43,45.6],[-119.43,45.62],[-119.43,45.68],[-119.43,45.7],[-119.43,45.75],[-119.43,45.76],[-119.44,45.8],[-119.43,45.82],[-119.43,45.83],[-119.43,45.85],[-119.43,45.86],[-119.43,45.87],[-119.43,45.88],[-119.43,45.89],[-119.43,45.9],[-119.43,45.92],[-119.36,45.92],[-119.32,45.93],[-119.31,45.93],[-119.26,45.94],[-119.23,45.93],[-119.2,45.93],[-119.17,45.93],[-119.13,45.93],[-119.09,45.94],[-119.06,45.96],[-119.03,45.97],[-119.01,45.98],[-119.0,45.99],[-118.99,46.0],[-118.98,46.0],[-118.93,46.0],[-118.88,46.0],[-118.77,46.0],[-118.64,46.0],[-118.58,46.0],[-118.56,46.0],[-118.54,46.0],[-118.5,46.0],[-118.48,46.0],[-118.42,46.0],[-118.4,46.0],[-118.37,46.0],[-118.31,46.0],[-118.28,46.0],[-118.25,46.0],[-118.21,46.0],[-118.15,46.0],[-118.14,46.0],[-118.13,46.0],[-118.12,46.0],[-118.1,46.0],[-118.08,46.0],[-118.06,46.0],[-118.02,46.0],[-118.0,46.0],[-117.99,46.0]]]]}},
{"type":"Feature","properties":{"ugc":"ORC061","name":"Union","state":"OR","wfo":"PDT"},"geometry":{"type":"MultiPolygon","coordinates":[[[[-118.32,44.97],[-118.33,44.97],[-118.33,44.98],[-118.34,44.98],[-118.34,44.99],[-118.35,44.99],[-118.36,44.99],[-118.37,44.99],[-118.37,44.98],[-118.38,44.98],[-118.39,44.98],[-118.39,44.97],[-118.4,44.97],[-118.4,44.98],[-118.41,44.97],[-118.42,44.97],[-118.42,44.96],[-118.43,44.96],[-118.44,44.96],[-118.44,44.97],[-118.44,44.98],[-118.44,44.99],[-118.45,44.99],[-118.46,44.99],[-118.47,44.99],[-118.5,45.0],[-118.52,45.0],[-118.52,45.08],[-118.55,45.08],[-118.55,45.09],[-118.55,45.1],[-118.55,45.13],[-118.55,45.14],[-118.55,45.2],[-118.64,45.2],[-118.66,45.2],[-118.66,45.26],[-118.68,45.26],[-118.7,45.26],[-118.7,45.29],[-118.7,45.32],[-118.7,45.33],[-118.7,45.35],[-118.66,45.35],[-118.66,45.34],[-118.64,45.34],[-118.62,45.34],[-118.61,45.34],[-118.61,45.35],[-118.5,45.35],[-118.43,45.36],[-118.43,45.43],[-118.41,45.43],[-118.4,45.43],[-118.4,45.44],[-118.38,45.44],[-118.37,45.44],[-118.37,45.43],[-118.36,45.43],[-118.25,45.43],[-118.24,45.43],[-118.23,45.43],[-118.2,45.43],[-118.2,45.45],[-118.2,45.47],[-118.14,45.47],[-118.12,45.47],[-118.12,45.48],[-118.12,45.5],[-118.12,45.51],[-118.12,45.52],[-118.12,45.56],[-118.12,45.57],[-118.12,45.6],[-118.12,45.63],[-118.12,45.69],[-118.11,45.69],[-118.08,45.69],[-118.07,45.69],[-118.07,45.7],[-118.07,45.71],[-118.07,45.72],[-118.07,45.75],[-118.07,45.77],[-118.06,45.77],[-118.05,45.77],[-118.04,45.77],[-118.04,45.8],[-118.04,45.81],[-118.04,45.82],[-117.97,45.82],[-117.97,45.85],[-117.97,45.86],[-117.88,45.86],[-117.85,45.86],[-117.75,45.86],[-117.75,45.77],[-117.76,45.77],[-117.79,45.77],[-117.79,45.75],[-117.79,45.69],[-117.77,45.69],[-117.77,45.66],[-117.76,45.66],[-117.75,45.66],[-117.75,45.65],[-117.75,45.64],[-117.75,45.62],[-117.73,45.62],[-117.73,45.59],[-117.73,45.57],[-117.73,45.56],[-117.73,45.51],[-117.68,45.52],[-117.68,45.5],[-117.68,45.47],[-117.68,45.43],[-117.66,45.43],[-117.66,45.37],[-117.64,45.36],[-117.64,45.34],[-117.63,45.34],[-117.62,45.34],[-117.6,45.34],[-117.59,45.34],[-117.58,45.34],[-117.58,45.33],[-117.58,45.31],[-117.56,45.31],[-117.56,45.3],[-117.54,45.3],[-117.54,45.27],[-117.52,45.27],[-117.52,45.25],[-117.52,45.24],[-117.52,45.21],[-117.48,45.21],[-117.48,45.17],[-117.42,45.17],[-117.37,45.17],[-117.27,45.17],[-117.27,45.13],[-117.27,45.12],[-117.27,45.08],[-117.36,45.08],[-117.38,45.08],[-117.5,45.08],[-117.56,45.08],[-117.56,45.02],[-117.56,44.99],[-117.58,44.99],[-117.63,44.99],[-117.75,44.99],[-117.78,44.99],[-117.78,45.0],[-117.78,45.01],[-117.79,45.01],[-117.79,45.02],[-117.8,45.02],[-117.79,45.03],[-117.8,45.03],[-117.81,45.03],[-117.82,45.03],[-117.83,45.03],[-117.83,45.04],[-117.84,45.05],[-117.84,45.06],[-117.85,45.06],[-117.86,45.06],[-117.86,45.05],[-117.87,45.06],[-117.88,45.06],[-117.89,45.06],[-117.89,45.05],[-117.9,45.04],[-117.9,45.03],[-117.91,45.03],[-117.92,45.02],[-117.93,45.02],[-117.93,45.01],[-117.94,45.01],[-117.95,45.01],[-117.95,45.0],[-117.96,45.0],[-117.97,45.0],[-117.98,45.0],[-117.99,45.0],[-117.99,44.99],[-118.0,44.99],[-118.0,45.0],[-118.01,45.0],[-118.02,45.0],[-118.03,45.0],[-118.04,45.0],[-118.04,45.01],[-118.05,45.01],[-118.06,45.01],[-118.07,45.02],[-118.08,45.02],[-118.08,45.03],[-118.09,45.03],[-118.09,45.04],[-118.1,45.04],[-118.1,45.05],[-118.11,45.05],[-118.12,45.05],[-118.12,45.04],[-118.13,45.04],[-118.14,45.04],[-118.14,45.03],[-118.15,45.03],[-118.15,45.02],[-118.16,45.02],[-118.17,45.02],[-118.18,45.02],[-118.19,45.02],[-118.2,45.02],[-118.2,45.01],[-118.21,45.01],[-118.21,45.0],[-118.21,44.99],[-118.22,44.99],[-118.22,44.98],[-118.23,44.98],[-118.23,44.97],[-118.23,44.96],[-118.25,44.96],[-118.26,44.96],[-118.27,44.96],[-118.28,44.96],[-118.29,44.96],[-118.3,44.96],[-118.3,44.97],[-118.31,44.97],[-118.32,44.97]]]]}},
{"type":"Feature","properties":{"ugc":"ORC063","name":"Wallowa","state":"OR","wfo":"PDT"},"geometry":{"type":"MultiPolygon","coordinates":[[[[-117.88,46.0],[-117.85,46.0],[-117.79,46.0],[-117.78,46.0],[-117.72,46.0],[-117.62,46.0],[-117.61,46.0],[-117.6,46.0],[-117.55,46.0],[-117.51,46.0],[-117.48,46.0],[-117.43,46.0],[-117.39,46.0],[-117.38,46.0],[-117.37,46.0],[-117.35,46.0],[-117.34,46.0],[-117.22,46.0],[-117.13,46.0],[-117.12,46.0],[-117.07,46.0],[-117.05,46.0],[-117.04,46.0],[-116.98,46.0],[-116.97,46.0],[-116.96,46.0],[-116.94,46.0],[-116.92,46.0],[-116.91,45.99],[-116.9,45.98],[-116.89,45.98],[-116.89,45.97],[-116.89,45.96],[-116.88,45.96],[-116.88,45.95],[-116.88,45.94],[-116.87,45.94],[-116.87,45.93],[-116.87,45.92],[-116.86,45.91],[-116.86,45.9],[-116.85,45.9],[-116.84,45.89],[-116.83,45.89],[-116.82,45.88],[-116.81,45.88],[-116.81,45.87],[-116.8,45.86],[-116.79,45.86],[-116.79,45.85],[-116.79,45.84],[-116.79,45.83],[-116.78,45.83],[-116.78,45.82],[-116.77,45.82],[-116.76,45.82],[-116.75,45.82],[-116.74,45.82],[-116.74,45.83],[-116.73,45.83],[-116.72,45.83],[-116.71,45.83],[-116.7,45.82],[-116.69,45.81],[-116.68,45.8],[-116.68,45.79],[-116.67,45.79],[-116.67,45.78],[-116.66,45.78],[-116.65,45.78],[-116.64,45.78],[-116.63,45.78],[-116.62,45.78],[-116.61,45.78],[-116.6,45.78],[-116.59,45.78],[-116.59,45.77],[-116.58,45.77],[-116.57,45.76],[-116.56,45.76],[-116.56,45.75],[-116.55,45.75],[-116.54,45.74],[-116.54,45.73],[-116.54,45.72],[-116.54,45.71],[-116.54,45.7],[-116.54,45.69],[-116.53,45.69],[-116.53,45.68],[-116.52,45.68],[-116.52,45.67],[-116.51,45.67],[-116.5,45.66],[-116.49,45.65],[-116.49,45.64],[-116.48,45.64],[-116.48,45.63],[-116.47,45.63],[-116.47,45.62],[-116.46,45.62],[-116.46,45.61],[-116.46,45.6],[-116.47,45.6],[-116.47,45.59],[-116.48,45.59],[-116.48,45.58],[-116.49,45.58],[-116.49,45.57],[-116.5,45.57],[-116.5,45.56],[-116.51,45.56],[-116.52,45.56],[-116.52,45.55],[-116.53,45.54],[-116.53,45.53],[-116.54,45.52],[-116.54,45.51],[-116.55,45.51],[-116.56,45.51],[-116.56,45.5],[-116.55,45.5],[-116.55,45.49],[-116.56,45.49],[-116.56,45.48],[-116.56,45.47],[-116.56,45.46],[-116.57,45.46],[-116.58,45.45],[-116.59,45.44],[-116.59,45.43],[-116.6,45.42],[-116.6,45.41],[-116.61,45.4],[-116.62,45.4],[-116.62,45.39],[-116.63,45.39],[-116.63,45.38],[-116.63,45.37],[-116.64,45.37],[-116.65,45.36],[-116.66,45.35],[-116.66,45.34],[-116.67,45.33],[-116.67,45.32],[-116.67,45.31],[-116.67,45.3],[-116.67,45.29],[-116.67,45.28],[-116.68,45.27],[-116.69,45.27],[-116.69,45.26],[-116.7,45.25],[-116.7,45.24],[-116.7,45.23],[-116.71,45.22],[-116.71,45.21],[-116.71,45.2],[-116.71,45.19],[-116.72,45.18],[-116.72,45.17],[-116.72,45.16],[-116.73,45.16],[-116.73,45.14],[-116.74,45.14],[-116.75,45.13],[-116.75,45.12],[-116.76,45.11],[-116.77,45.11],[-116.78,45.1],[-116.78,45.09],[-116.78,45.08],[-116.79,45.08],[-116.86,45.08],[-116.88,45.08],[-116.93,45.08],[-117.01,45.08],[-117.13,45.08],[-117.15,45.08],[-117.18,45.08],[-117.2,45.08],[-117.27,45.08],[-117.27,45.12],[-117.27,45.13],[-117.27,45.17],[-117.37,45.17],[-117.42,45.17],[-117.48,45.17],[-117.48,45.21],[-117.52,45.21],[-117.52,45.24],[-117.52,45.25],[-117.52,45.27],[-117.54,45.27],[-117.54,45.3],[-117.56,45.3],[-117.56,45.31],[-117.58,45.31],[-117.58,45.33],[-117.58,45.34],[-117.59,45.34],[-117.6,45.34],[-117.62,45.34],[-117.63,45.34],[-117.64,45.34],[-117.64,45.36],[-117.66,45.37],[-117.66,45.43],[-117.68,45.43],[-117.68,45.47],[-117.68,45.5],[-117.68,45.52],[-117.73,45.51],[-117.73,45.56],[-117.73,45.57],[-117.73,45.59],[-117.73,45.62],[-117.75,45.62],[-117.75,45.64],[-117.75,45.65],[-117.75,45.66],[-117.76,45.66],[-117.77,45.66],[-117.77,45.69],[-117.79,45.69],[-117.79,45.75],[-117.79,45.77],[-117.76,45.77],[-117.75,45.77],[-117.75,45.86],[-117.85,45.86],[-117.88,45.86],[-117.97,45.86],[-117.98,45.86],[-117.98,46.0],[-117.88,46.0]]]]}},
{"type":"Feature","properties":{"ugc":"ORC065","name":"Wasco","state":"OR","wfo":"PDT"},"geometry":{"type":"MultiPolygon","coordinates":[[[[-121.75,44.83],[-121.75,44.84],[-121.74,44.84],[-121.74,44.85],[-121.75,44.86],[-121.75,44.87],[-121.74,44.88],[-121.73,44.88],[-121.73,44.89],[-121.72,44.9],[-121.71,44.9],[-121.71,44.91],[-121.72,44.91],[-121.73,44.91],[-121.74,44.91],[-121.75,44.92],[-121.74,44.92],[-121.75,44.93],[-121.76,44.94],[-121.77,44.94],[-121.78,44.94],[-121.79,44.94],[-121.79,44.93],[-121.8,44.94],[-121.8,44.95],[-121.79,44.95],[-121.79,44.96],[-121.8,44.97],[-121.8,44.98],[-121.8,44.99],[-121.8,45.0],[-121.81,45.01],[-121.8,45.01],[-121.8,45.02],[-121.79,45.02],[-121.78,45.01],[-121.78,45.02],[-121.78,45.03],[-121.78,45.04],[-121.77,45.04],[-121.76,45.04],[-121.75,45.03],[-121.74,45.03],[-121.73,45.04],[-121.72,45.04],[-121.72,45.05],[-121.71,45.06],[-121.7,45.06],[-121.69,45.07],[-121.68,45.07],[-121.67,45.07],[-121.66,45.07],[-121.66,45.08],[-121.65,45.09],[-121.65,45.1],[-121.66,45.1],[-121.66,45.11],[-121.66,45.12],[-121.67,45.12],[-121.68,45.12],[-121.69,45.12],[-121.7,45.12],[-121.7,45.13],[-121.71,45.13],[-121.71,45.14],[-121.71,45.15],[-121.72,45.16],[-121.73,45.16],[-121.73,45.17],[-121.73,45.18],[-121.74,45.18],[-121.75,45.19],[-121.75,45.2],[-121.75,45.21],[-121.74,45.21],[-121.73,45.21],[-121.72,45.21],[-121.71,45.21],[-121.71,45.22],[-121.7,45.22],[-121.7,45.23],[-121.69,45.23],[-121.68,45.23],[-121.68,45.24],[-121.68,45.25],[-121.69,45.25],[-121.7,45.26],[-121.64,45.26],[-121.63,45.26],[-121.51,45.26],[-121.5,45.26],[-121.49,45.26],[-121.48,45.26],[-121.48,45.29],[-121.48,45.35],[-121.48,45.37],[-121.48,45.38],[-121.48,45.4],[-121.48,45.43],[-121.48,45.44],[-121.48,45.49],[-121.48,45.5],[-121.48,45.52],[-121.45,45.52],[-121.44,45.52],[-121.44,45.55],[-121.44,45.56],[-121.44,45.59],[-121.44,45.61],[-121.44,45.62],[-121.44,45.64],[-121.44,45.7],[-121.42,45.69],[-121.4,45.69],[-121.37,45.7],[-121.34,45.7],[-121.31,45.7],[-121.29,45.69],[-121.25,45.68],[-121.22,45.67],[-121.2,45.66],[-121.2,45.65],[-121.2,45.63],[-121.2,45.62],[-121.18,45.61],[-121.17,45.61],[-121.15,45.61],[-121.14,45.61],[-121.13,45.61],[-121.12,45.62],[-121.09,45.65],[-121.06,45.65],[-121.03,45.65],[-121.01,45.65],[-120.98,45.65],[-120.95,45.66],[-120.94,45.66],[-120.92,45.64],[-120.91,45.64],[-120.91,45.63],[-120.9,45.62],[-120.91,45.61],[-120.91,45.6],[-120.9,45.6],[-120.9,45.59],[-120.9,45.58],[-120.91,45.57],[-120.91,45.56],[-120.9,45.55],[-120.9,45.54],[-120.89,45.54],[-120.88,45.54],[-120.88,45.53],[-120.87,45.53],[-120.86,45.53],[-120.85,45.52],[-120.84,45.52],[-120.83,45.52],[-120.83,45.51],[-120.84,45.51],[-120.84,45.5],[-120.83,45.49],[-120.84,45.49],[-120.84,45.48],[-120.84,45.47],[-120.85,45.46],[-120.86,45.46],[-120.86,45.45],[-120.87,45.45],[-120.87,45.44],[-120.86,45.44],[-120.85,45.43],[-120.86,45.43],[-120.86,45.42],[-120.87,45.41],[-120.87,45.4],[-120.87,45.39],[-120.88,45.39],[-120.89,45.38],[-120.9,45.37],[-120.9,45.36],[-120.91,45.36],[-120.92,45.36],[-120.92,45.35],[-120.93,45.35],[-120.94,45.35],[-120.94,45.34],[-120.93,45.34],[-120.93,45.33],[-120.94,45.33],[-120.95,45.34],[-120.96,45.34],[-120.95,45.33],[-120.95,45.32],[-120.96,45.31],[-120.97,45.31],[-120.97,45.32],[-120.98,45.32],[-120.99,45.32],[-120.99,45.31],[-121.0,45.31],[-121.01,45.31],[-121.02,45.31],[-121.02,45.3],[-121.02,45.29],[-121.02,45.28],[-121.02,45.27],[-121.02,45.26],[-121.02,45.25],[-121.02,45.24],[-121.02,45.23],[-121.02,45.22],[-121.02,45.21],[-121.01,45.21],[-121.0,45.21],[-120.99,45.2],[-120.98,45.2],[-120.97,45.2],[-120.96,45.2],[-120.95,45.2],[-120.94,45.2],[-120.93,45.2],[-120.92,45.2],[-120.91,45.2],[-120.9,45.2],[-120.89,45.2],[-120.88,45.2],[-120.87,45.2],[-120.86,45.19],[-120.85,45.19],[-120.84,45.19],[-120.84,45.18],[-120.83,45.18],[-120.82,45.18],[-120.82,45.17],[-120.81,45.17],[-120.8,45.17],[-120.8,45.16],[-120.79,45.17],[-120.79,45.16],[-120.78,45.16],[-120.77,45.16],[-120.77,45.15],[-120.76,45.15],[-120.76,45.14],[-120.75,45.14],[-120.74,45.14],[-120.74,45.13],[-120.73,45.13],[-120.72,45.13],[-120.72,45.12],[-120.72,45.11],[-120.73,45.1],[-120.73,45.09],[-120.73,45.08],[-120.69,45.08],[-120.63,45.08],[-120.54,45.08],[-120.5,45.08],[-120.5,45.07],[-120.49,45.06],[-120.48,45.06],[-120.48,45.05],[-120.49,45.05],[-120.49,45.04],[-120.48,45.04],[-120.48,45.03],[-120.49,45.03],[-120.48,45.02],[-120.48,45.01],[-120.49,45.0],[-120.48,45.0],[-120.48,44.99],[-120.48,44.98],[-120.48,44.97],[-120.49,44.96],[-120.49,44.95],[-120.48,44.95],[-120.48,44.94],[-120.47,44.94],[-120.47,44.93],[-120.47,44.92],[-120.47,44.91],[-120.46,44.91],[-120.46,44.9],[-120.45,44.9],[-120.45,44.91],[-120.44,44.9],[-120.44,44.89],[-120.45,44.89],[-120.45,44.88],[-120.46,44.88],[-120.46,44.87],[-120.45,44.87],[-120.45,44.86],[-120.44,44.86],[-120.43,44.86],[-120.43,44.85],[-120.42,44.85],[-120.41,44.85],[-120.41,44.84],[-120.41,44.83],[-120.4,44.83],[-120.39,44.83],[-120.38,44.83],[-120.37,44.82],[-120.38,44.82],[-120.5,44.82],[-120.68,44.82],[-120.76,44.82],[-120.98,44.82],[-121.09,44.82],[-121.09,44.83],[-121.24,44.83],[-121.26,44.83],[-121.31,44.82],[-121.48,44.83],[-121.75,44.83]],[[-121.02,45.29],[-121.03,45.29],[-121.03,45.28],[-121.02,45.29]]]]}},
{"type":"Feature","properties":{"ugc":"ORC067","name":"Washington","state":"OR","wfo":"PQR"},"geometry":{"type":"MultiPolygon","coordinates":[[[[-123.05,45.78],[-123.03,45.78],[-123.03,45.75],[-123.01,45.75],[-123.0,45.75],[-122.99,45.75],[-122.99,45.74],[-122.98,45.74],[-122.96,45.74],[-122.95,45.74],[-122.93,45.74],[-122.93,45.73],[-122.93,45.72],[-122.93,45.69],[-122.93,45.64],[-122.93,45.63],[-122.92,45.63],[-122.91,45.63],[-122.91,45.62],[-122.89,45.62],[-122.89,45.61],[-122.87,45.61],[-122.87,45.6],[-122.87,45.59],[-122.85,45.59],[-122.85,45.58],[-122.84,45.58],[-122.83,45.58],[-122.83,45.56],[-122.81,45.56],[-122.81,45.55],[-122.8,45.55],[-122.79,45.55],[-122.78,45.55],[-122.78,45.54],[-122.79,45.54],[-122.78,45.53],[-122.77,45.53],[-122.76,45.53],[-122.76,45.52],[-122.74,45.52],[-122.74,45.49],[-122.74,45.47],[-122.74,45.46],[-122.74,45.45],[-122.74,45.44],[-122.74,45.43],[-122.74,45.41],[-122.74,45.4],[-122.74,45.39],[-122.74,45.37],[-122.74,45.35],[-122.74,45.33],[-122.77,45.33],[-122.81,45.33],[-122.81,45.35],[-122.85,45.35],[-122.85,45.32],[-122.86,45.32],[-122.87,45.32],[-122.89,45.32],[-122.9,45.32],[-122.91,45.32],[-122.91,45.34],[-122.91,45.35],[-122.97,45.35],[-122.97,45.36],[-122.98,45.36],[-122.99,45.36],[-122.99,45.37],[-123.0,45.38],[-123.01,45.38],[-123.01,45.39],[-123.03,45.39],[-123.03,45.4],[-123.11,45.4],[-123.11,45.41],[-123.11,45.42],[-123.12,45.42],[-123.14,45.42],[-123.14,45.43],[-123.16,45.43],[-123.2,45.43],[-123.21,45.43],[-123.3,45.43],[-123.32,45.43],[-123.35,45.43],[-123.38,45.43],[-123.45,45.43],[-123.47,45.43],[-123.49,45.43],[-123.49,45.45],[-123.46,45.45],[-123.46,45.46],[-123.46,45.48],[-123.46,45.49],[-123.44,45.49],[-123.44,45.5],[-123.44,45.52],[-123.43,45.52],[-123.42,45.52],[-123.42,45.54],[-123.4,45.54],[-123.4,45.55],[-123.36,45.55],[-123.36,45.58],[-123.32,45.58],[-123.32,45.59],[-123.3,45.59],[-123.3,45.61],[-123.33,45.61],[-123.34,45.61],[-123.34,45.62],[-123.36,45.62],[-123.37,45.62],[-123.38,45.62],[-123.38,45.64],[-123.4,45.64],[-123.41,45.64],[-123.42,45.64],[-123.42,45.65],[-123.44,45.65],[-123.44,45.67],[-123.46,45.67],[-123.46,45.68],[-123.48,45.68],[-123.48,45.71],[-123.36,45.71],[-123.36,45.73],[-123.36,45.74],[-123.36,45.75],[-123.36,45.76],[-123.36,45.78],[-123.31,45.78],[-123.3,45.78],[-123.26,45.78],[-123.12,45.78],[-123.1,45.78],[-123.05,45.78]]]]}},
{"type":"Feature","properties":{"ugc":"ORC069","name":"Wheeler","state":"OR","wfo":"PDT"},"geometry":{"type":"MultiPolygon","coordinates":[[[[-120.47,44.93],[-120.47,44.94],[-120.48,44.94],[-120.48,44.95],[-120.49,44.95],[-120.49,44.96],[-120.48,44.97],[-120.48,44.98],[-120.48,44.99],[-120.48,45.0],[-120.49,45.0],[-120.48,45.01],[-120.48,45.02],[-120.49,45.03],[-120.48,45.03],[-120.48,45.04],[-120.49,45.04],[-120.49,45.05],[-120.48,45.05],[-120.48,45.06],[-120.49,45.06],[-120.5,45.07],[-120.49,45.07],[-120.46,45.07],[-120.42,45.07],[-120.4,45.07],[-120.38,45.07],[-120.31,45.07],[-120.3,45.07],[-120.26,45.07],[-120.24,45.07],[-120.21,45.07],[-120.15,45.07],[-120.13,45.07],[-120.11,45.07],[-120.07,45.07],[-120.03,45.07],[-119.92,45.07],[-119.91,45.07],[-119.89,45.07],[-119.87,45.07],[-119.85,45.07],[-119.8,45.07],[-119.79,45.07],[-119.79,45.05],[-119.79,45.03],[-119.79,45.01],[-119.79,45.0],[-119.79,44.99],[-119.75,44.99],[-119.68,44.99],[-119.67,44.99],[-119.67,44.94],[-119.67,44.87],[-119.67,44.85],[-119.67,44.82],[-119.65,44.82],[-119.65,44.8],[-119.65,44.76],[-119.65,44.75],[-119.65,44.62],[-119.65,44.57],[-119.65,44.55],[-119.65,44.53],[-119.65,44.52],[-119.65,44.46],[-119.65,44.45],[-119.65,44.43],[-119.65,44.4],[-119.65,44.39],[-119.66,44.38],[-119.66,44.31],[-119.76,44.31],[-119.78,44.31],[-119.82,44.31],[-119.88,44.31],[-119.9,44.31],[-119.9,44.33],[-119.9,44.34],[-119.9,44.35],[-119.9,44.39],[-119.95,44.39],[-119.96,44.39],[-119.97,44.39],[-119.99,44.39],[-120.0,44.39],[-120.01,44.39],[-120.02,44.39],[-120.02,44.4],[-120.02,44.43],[-120.02,44.44],[-120.06,44.44],[-120.13,44.44],[-120.14,44.44],[-120.17,44.44],[-120.19,44.44],[-120.22,44.44],[-120.3,44.44],[-120.39,44.44],[-120.39,44.47],[-120.39,44.48],[-120.39,44.49],[-120.39,44.53],[-120.39,44.56],[-120.39,44.61],[-120.39,44.72],[-120.39,44.74],[-120.39,44.75],[-120.39,44.76],[-120.39,44.77],[-120.4,44.78],[-120.39,44.78],[-120.4,44.79],[-120.4,44.8],[-120.39,44.8],[-120.38,44.8],[-120.38,44.81],[-120.38,44.82],[-120.37,44.82],[-120.38,44.83],[-120.39,44.83],[-120.4,44.83],[-120.41,44.83],[-120.41,44.84],[-120.41,44.85],[-120.42,44.85],[-120.43,44.85],[-120.43,44.86],[-120.44,44.86],[-120.45,44.86],[-120.45,44.87],[-120.46,44.87],[-120.46,44.88],[-120.45,44.88],[-120.45,44.89],[-120.44,44.89],[-120.44,44.9],[-120.45,44.91],[-120.45,44.9],[-120.46,44.9],[-120.46,44.91],[-120.47,44.91],[-120.47,44.92],[-120.47,44.93]]]]}},
{"type":"Feature","properties":{"ugc":"ORC071","name":"Yamhill","state":"OR","wfo":"PQR"},"geometry":{"type":"MultiPolygon","coordinates":[[[[-123.38,45.43],[-123.35,45.43],[-123.32,45.43],[-123.3,45.43],[-123.21,45.43],[-123.2,45.43],[-123.16,45.43],[-123.14,45.43],[-123.14,45.42],[-123.12,45.42],[-123.11,45.42],[-123.11,45.41],[-123.11,45.4],[-123.03,45.4],[-123.03,45.39],[-123.01,45.39],[-123.01,45.38],[-123.0,45.38],[-122.99,45.37],[-122.99,45.36],[-122.98,45.36],[-122.97,45.36],[-122.97,45.35],[-122.91,45.35],[-122.91,45.34],[-122.91,45.32],[-122.9,45.32],[-122.89,45.32],[-122.87,45.32],[-122.87,45.26],[-122.86,45.26],[-122.86,45.25],[-122.87,45.25],[-122.88,45.25],[-122.88,45.26],[-122.89,45.26],[-122.9,45.26],[-122.91,45.26],[-122.91,45.27],[-122.92,45.27],[-122.93,45.27],[-122.94,45.27],[-122.95,45.27],[-122.96,45.28],[-122.97,45.29],[-122.97,45.28],[-122.98,45.28],[-122.98,45.27],[-122.99,45.27],[-123.0,45.26],[-123.0,45.25],[-123.0,45.24],[-123.0,45.23],[-123.0,45.22],[-123.01,45.22],[-123.02,45.22],[-123.04,45.22],[-123.05,45.22],[-123.05,45.21],[-123.05,45.2],[-123.04,45.2],[-123.03,45.2],[-123.02,45.2],[-123.02,45.19],[-123.02,45.18],[-123.01,45.18],[-123.01,45.17],[-123.0,45.17],[-123.0,45.16],[-123.01,45.16],[-123.02,45.16],[-123.03,45.16],[-123.03,45.15],[-123.03,45.14],[-123.02,45.14],[-123.01,45.13],[-123.0,45.12],[-123.0,45.11],[-123.01,45.11],[-123.01,45.1],[-123.02,45.1],[-123.03,45.1],[-123.04,45.1],[-123.04,45.09],[-123.05,45.09],[-123.07,45.08],[-123.16,45.07],[-123.19,45.07],[-123.29,45.08],[-123.34,45.08],[-123.35,45.08],[-123.38,45.08],[-123.4,45.08],[-123.43,45.08],[-123.49,45.08],[-123.52,45.08],[-123.53,45.08],[-123.55,45.08],[-123.59,45.08],[-123.6,45.08],[-123.72,45.08],[-123.75,45.08],[-123.76,45.08],[-123.78,45.08],[-123.78,45.11],[-123.78,45.13],[-123.78,45.14],[-123.78,45.15],[-123.78,45.16],[-123.78,45.17],[-123.78,45.19],[-123.78,45.2],[-123.78,45.21],[-123.78,45.22],[-123.76,45.22],[-123.75,45.22],[-123.71,45.22],[-123.7,45.22],[-123.69,45.22],[-123.67,45.22],[-123.65,45.22],[-123.63,45.22],[-123.59,45.22],[-123.57,45.22],[-123.56,45.22],[-123.53,45.22],[-123.5,45.22],[-123.49,45.22],[-123.47,45.22],[-123.46,45.22],[-123.46,45.26],[-123.46,45.29],[-123.46,45.3],[-123.46,45.32],[-123.46,45.33],[-123.46,45.34],[-123.46,45.35],[-123.46,45.36],[-123.46,45.37],[-123.46,45.39],[-123.46,45.4],[-123.46,45.42],[-123.47,45.43],[-123.45,45.43],[-123.38,45.43]]]]}},
{"type":"Feature","properties":{"ugc":"ORZ001","name":"North Oregon Coast","state":"OR","wfo":"PQR"},"geometry":{"type":"MultiPolygon","coordinates":[[[[-124.01,45.05],[-124.01,45.06],[-124.02,45.06],[-124.02,45.07],[-124.01,45.07],[-124.01,45.08],[-124.0,45.08],[-124.0,45.09],[-123.99,45.09],[-123.99,45.1],[-123.99,45.11],[-123.98,45.11],[-123.98,45.12],[-123.98,45.13],[-123.98,45.14],[-123.98,45.15],[-123.97,45.15],[-123.97,45.16],[-123.96,45.16],[-123.96,45.17],[-123.95,45.17],[-123.94,45.16],[-123.94,45.17],[-123.93,45.17],[-123.93,45.18],[-123.94,45.18],[-123.95,45.18],[-123.95,45.19],[-123.96,45.19],[-123.96,45.18],[-123.97,45.17],[-123.97,45.18],[-123.97,45.19],[-123.97,45.2],[-123.97,45.21],[-123.97,45.22],[-123.97,45.23],[-123.97,45.24],[-123.97,45.25],[-123.97,45.26],[-123.97,45.27],[-123.96,45.27],[-123.96,45.26],[-123.95,45.27],[-123.95,45.28],[-123.96,45.28],[-123.96,45.29],[-123.96,45.3],[-123.96,45.31],[-123.96,45.32],[-123.97,45.32],[-123.97,45.33],[-123.97,45.34],[-123.98,45.34],[-123.99,45.34],[-123.99,45.35],[-123.98,45.35],[-123.97,45.35],[-123.97,45.36],[-123.97,45.37],[-123.97,45.38],[-123.97,45.39],[-123.96,45.4],[-123.96,45.39],[-123.96,45.38],[-123.95,45.38],[-123.95,45.39],[-123.94,45.39],[-123.94,45.4],[-123.93,45.4],[-123.93,45.41],[-123.94,45.42],[-123.94,45.43],[-123.95,45.43],[-123.95,45.44],[-123.96,45.44],[-123.96,45.45],[-123.97,45.45],[-123.97,45.46],[-123.97,45.47],[-123.97,45.48],[-123.98,45.49],[-123.97,45.49],[-123.97,45.5],[-123.96,45.5],[-123.96,45.51],[-123.95,45.52],[-123.94,45.51],[-123.94,45.5],[-123.93,45.5],[-123.92,45.49],[-123.91,45.49],[-123.91,45.48],[-123.9,45.48],[-123.89,45.48],[-123.88,45.48],[-123.88,45.49],[-123.88,45.5],[-123.88,45.51],[-123.89,45.51],[-123.89,45.52],[-123.9,45.53],[-123.9,45.54],[-123.91,45.55],[-123.92,45.55],[-123.92,45.56],[-123.93,45.56],[-123.94,45.56],[-123.94,45.57],[-123.96,45.57],[-123.96,45.58],[-123.95,45.58],[-123.95,45.59],[-123.95,45.6],[-123.95,45.61],[-123.95,45.62],[-123.94,45.62],[-123.94,45.63],[-123.94,45.64],[-123.94,45.65],[-123.93,45.66],[-123.94,45.66],[-123.94,45.67],[-123.94,45.68],[-123.94,45.69],[-123.94,45.7],[-123.94,45.71],[-123.94,45.72],[-123.94,45.73],[-123.95,45.73],[-123.95,45.74],[-123.96,45.74],[-123.97,45.75],[-123.97,45.76],[-123.98,45.76],[-123.98,45.77],[-123.97,45.78],[-123.97,45.79],[-123.97,45.8],[-123.97,45.81],[-123.96,45.81],[-123.96,45.82],[-123.96,45.83],[-123.96,45.84],[-123.96,45.85],[-123.96,45.86],[-123.96,45.87],[-123.96,45.88],[-123.97,45.88],[-123.97,45.89],[-123.97,45.9],[-123.97,45.91],[-123.97,45.92],[-123.98,45.92],[-123.98,45.93],[-123.99,45.94],[-123.99,45.95],[-123.98,45.95],[-123.98,45.96],[-123.97,45.96],[-123.97,45.97],[-123.96,45.97],[-123.95,45.98],[-123.94,45.98],[-123.93,45.98],[-123.93,45.99],[-123.93,46.0],[-123.93,46.01],[-123.93,46.02],[-123.93,46.03],[-123.93,46.05],[-123.93,46.06],[-123.93,46.07],[-123.94,46.08],[-123.94,46.09],[-123.94,46.1],[-123.94,46.11],[-123.95,46.11],[-123.95,46.12],[-123.95,46.13],[-123.96,46.14],[-123.96,46.15],[-123.97,46.16],[-123.97,46.17],[-123.98,46.17],[-123.98,46.18],[-123.98,46.19],[-123.99,46.19],[-123.99,46.2],[-124.0,46.21],[-123.99,46.21],[-123.98,46.21],[-123.97,46.21],[-123.96,46.21],[-123.95,46.21],[-123.95,46.2],[-123.94,46.2],[-123.93,46.19],[-123.92,46.19],[-123.92,46.18],[-123.91,46.18],[-123.91,46.17],[-123.9,46.17],[-123.89,46.17],[-123.88,46.17],[-123.87,46.17],[-123.89,46.16],[-123.88,46.16],[-123.87,46.16],[-123.86,46.16],[-123.85,46.16],[-123.84,46.16],[-123.83,46.16],[-123.83,46.17],[-123.84,46.17],[-123.85,46.17],[-123.85,46.18],[-123.86,46.18],[-123.86,46.19],[-123.85,46.19],[-123.84,46.19],[-123.83,46.19],[-123.82,46.19],[-123.81,46.19],[-123.8,46.2],[-123.79,46.2],[-123.78,46.2],[-123.77,46.2],[-123.77,46.21],[-123.76,46.21],[-123.76,46.2],[-123.76,46.19],[-123.75,46.19],[-123.74,46.18],[-123.73,46.17],[-123.72,46.17],[-123.72,46.18],[-123.71,46.18],[-123.7,46.18],[-123.69,46.17],[-123.68,46.17],[-123.67,46.18],[-123.66,46.18],[-123.66,46.19],[-123.65,46.19],[-123.65,46.18],[-123.65,46.17],[-123.64,46.18],[-123.63,46.18],[-123.63,46.19],[-123.63,46.2],[-123.62,46.2],[-123.61,46.21],[-123.62,46.21],[-123.62,46.22],[-123.61,46.22],[-123.6,46.22],[-123.6,46.23],[-123.59,46.23],[-123.58,46.23],[-123.57,46.23],[-123.57,46.24],[-123.56,46.24],[-123.55,46.24],[-123.55,46.23],[-123.56,46.23],[-123.56,46.22],[-123.55,46.22],[-123.54,46.23],[-123.54,46.24],[-123.53,46.24],[-123.52,46.24],[-123.52,46.25],[-123.51,46.25],[-123.5,46.25],[-123.5,46.24],[-123.5,46.23],[-123.49,46.23],[-123.48,46.23],[-123.48,46.22],[-123.47,46.22],[-123.47,46.21],[-123.46,46.21],[-123.45,46.21],[-123.45,46.2],[-123.44,46.2],[-123.43,46.2],[-123.42,46.2],[-123.42,46.21],[-123.41,46.21],[-123.41,46.2],[-123.4,46.2],[-123.39,46.19],[-123.38,46.19],[-123.37,46.19],[-123.36,46.18],[-123.36,46.15],[-123.37,46.15],[-123.38,46.15],[-123.38,46.16],[-123.39,46.16],[-123.4,46.17],[-123.4,46.16],[-123.4,46.15],[-123.39,46.15],[-123.38,46.14],[-123.37,46.14],[-123.36,46.14],[-123.36,46.13],[-123.36,46.09],[-123.4,46.12],[-123.44,46.15],[-123.46,46.15],[-123.5,46.15],[-123.54,46.14],[-123.81,46.07],[-123.84,46.05],[-123.87,46.03],[-123.91,45.96],[-123.92,45.93],[-123.93,45.82],[-123.94,45.76],[-123.93,45.75],[-123.92,45.75],[-123.87,45.77],[-123.85,45.76],[-123.84,45.75],[-123.84,45.73],[-123.83,45.71],[-123.83,45.69],[-123.84,45.68],[-123.89,45.64],[-123.9,45.62],[-123.89,45.59],[-123.86,45.54],[-123.83,45.51],[-123.79,45.47],[-123.77,45.45],[-123.76,45.42],[-123.76,45.39],[-123.79,45.34],[-123.81,45.27],[-123.82,45.25],[-123.87,45.19],[-123.88,45.17],[-123.88,45.15],[-123.88,45.04],[-123.89,45.04],[-123.9,45.04],[-123.95,45.04],[-123.97,45.04],[-123.99,45.04],[-124.0,45.04],[-124.0,45.05],[-124.01,45.05]],[[-123.95,45.28],[-123.94,45.29],[-123.95,45.29],[-123.95,45.28]],[[-123.91,45.55],[-123.9,45.55],[-123.9,45.56],[-123.91,45.56],[-123.91,45.55]],[[-123.79,46.2],[-123.8,46.19],[-123.79,46.19],[-123.79,46.2]],[[-123.6,46.22],[-123.6,46.21],[-123.59,46.22],[-123.6,46.22]],[[-123.56,46.22],[-123.57,46.22],[-123.57,46.21],[-123.56,46.22]],[[-123.4,46.16],[-123.41,46.17],[-123.42,46.18],[-123.43,46.18],[-123.43,46.17],[-123.42,46.17],[-123.41,46.16],[-123.4,46.16]],[[-123.86,46.15],[-123.87,46.15],[-123.87,46.14],[-123.86,46.14],[-123.86,46.15]],[[-123.87,46.14],[-123.88,46.13],[-123.88,46.12],[-123.87,46.12],[-123.87,46.13],[-123.87,46.14]],[[-123.59,46.21],[-123.59,46.2],[-123.58,46.2],[-123.58,46.21],[-123.59,46.21]],[[-123.82,46.17],[-123.82,46.16],[-123.82,46.15],[-123.82,46.14],[-123.81,46.14],[-123.81,46.15],[-123.81,46.16],[-123.81,46.17],[-123.82,46.17]],[[-123.81,46.13],[-123.82,46.13],[-123.81,46.12],[-123.8,46.12],[-123.81,46.13]],[[-123.79,46.11],[-123.79,46.1],[-123.78,46.1],[-123.78,46.11],[-123.79,46.11]],[[-123.93,45.67],[-123.92,45.68],[-123.93,45.69],[-123.93,45.68],[-123.93,45.67]],[[-123.92,45.69],[-123.91,45.69],[-123.9,45.69],[-123.89,45.69],[-123.89,45.7],[-123.9,45.7],[-123.9,45.71],[-123.91,45.71],[-123.92,45.71],[-123.92,45.7],[-123.92,45.69]]],[[[-123.95,45.43],[-123.95,45.42],[-123.95,45.41],[-123.96,45.41],[-123.96,45.42],[-123.96,45.43],[-123.95,45.43]]],[[[-123.95,45.52],[-123.96,45.53],[-123.95,45.53],[-123.95,45.52]]],[[[-123.94,45.56],[-123.94,45.55],[-123.94,45.54],[-123.95,45.53],[-123.95,45.54],[-123.95,45.55],[-123.95,45.56],[-123.94,45.56]]],[[[-124.0,46.21],[-124.01,46.22],[-124.01,46.23],[-124.02,46.23],[-124.01,46.24],[-124.0,46.24],[-124.0,46.23],[-124.0,46.22],[-124.0,46.21]]],[[[-123.72,46.18],[-123.73,46.18],[-123.73,46.19],[-123.72,46.19],[-123.72,46.18]]],[[[-123.66,46.19],[-123.67,46.19],[-123.67,46.2],[-123.66,46.2],[-123.66,46.19]]],[[[-123.66,46.2],[-123.66,46.21],[-123.65,46.21],[-123.64,46.21],[-123.65,46.2],[-123.66,46.2]]],[[[-123.66,46.21],[-123.67,46.21],[-123.67,46.22],[-123.66,46.22],[-123.66,46.21]]],[[[-123.65,46.2],[-123.64,46.2],[-123.64,46.19],[-123.65,46.19],[-123.65,46.2]]],[[[-123.64,46.2],[-123.64,46.21],[-123.63,46.21],[-123.63,46.2],[-123.64,46.2]]],[[[-123.55,46.24],[-123.55,46.25],[-123.54,46.25],[-123.53,46.25],[-123.54,46.24],[-123.55,46.24]]],[[[-123.48,46.23],[-123.48,46.24],[-123.47,46.23],[-123.47,46.24],[-123.44,46.22],[-123.44,46.21],[-123.45,46.21],[-123.46,46.22],[-123.47,46.22],[-123.48,46.23]]],[[[-123.47,46.24],[-123.48,46.24],[-123.48,46.25],[-123.47,46.24]]],[[[-123.69,46.19],[-123.7,46.19],[-123.7,46.2],[-123.69,46.19]]],[[[-123.62,46.23],[-123.61,46.24],[-123.61,46.23],[-123.62,46.23]]],[[[-123.62,46.23],[-123.63,46.24],[-123.62,46.24],[-123.62,46.23]]],[[[-123.66,46.24],[-123.66,46.25],[-123.65,46.25],[-123.64,46.25],[-123.64,46.24],[-123.65,46.24],[-123.66,46.24]]],[[[-124.01,46.27],[-124.0,46.27],[-124.0,46.26],[-124.01,46.26],[-124.01,46.27]]]]}},
{"type":"Feature","properties":{"ugc":"ORZ002","name":"Central Oregon Coast","state":"OR","wfo":"PQR"},"geometry":{"type":"MultiPolygon","coordinates":[[[[-124.16,43.88],[-124.16,43.89],[-124.15,43.89],[-124.15,43.9],[-124.15,43.91],[-124.15,43.92],[-124.15,43.93],[-124.15,43.94],[-124.14,43.94],[-124.14,43.95],[-124.14,43.96],[-124.14,43.97],[-124.14,43.98],[-124.14,43.99],[-124.14,44.0],[-124.14,44.01],[-124.13,44.01],[-124.13,44.02],[-124.14,44.02],[-124.14,44.03],[-124.13,44.04],[-124.13,44.05],[-124.13,44.06],[-124.13,44.07],[-124.13,44.08],[-124.13,44.09],[-124.12,44.09],[-124.12,44.1],[-124.12,44.11],[-124.12,44.12],[-124.13,44.12],[-124.13,44.13],[-124.12,44.13],[-124.12,44.14],[-124.12,44.15],[-124.12,44.16],[-124.12,44.17],[-124.12,44.18],[-124.12,44.19],[-124.11,44.2],[-124.12,44.2],[-124.12,44.21],[-124.11,44.21],[-124.11,44.22],[-124.11,44.23],[-124.11,44.24],[-124.12,44.25],[-124.11,44.25],[-124.11,44.26],[-124.11,44.27],[-124.12,44.27],[-124.12,44.28],[-124.11,44.28],[-124.11,44.29],[-124.11,44.3],[-124.1,44.31],[-124.11,44.31],[-124.11,44.32],[-124.1,44.33],[-124.1,44.34],[-124.1,44.35],[-124.09,44.36],[-124.09,44.37],[-124.09,44.38],[-124.09,44.39],[-124.09,44.4],[-124.09,44.41],[-124.08,44.42],[-124.07,44.42],[-124.07,44.43],[-124.08,44.43],[-124.08,44.44],[-124.08,44.45],[-124.08,44.46],[-124.08,44.47],[-124.08,44.48],[-124.08,44.49],[-124.08,44.5],[-124.08,44.51],[-124.08,44.52],[-124.08,44.53],[-124.08,44.54],[-124.07,44.55],[-124.07,44.56],[-124.07,44.57],[-124.07,44.58],[-124.07,44.59],[-124.07,44.6],[-124.07,44.61],[-124.08,44.61],[-124.06,44.62],[-124.05,44.62],[-124.05,44.63],[-124.06,44.63],[-124.06,44.64],[-124.06,44.65],[-124.06,44.66],[-124.06,44.67],[-124.07,44.67],[-124.08,44.67],[-124.08,44.68],[-124.07,44.68],[-124.07,44.69],[-124.07,44.7],[-124.06,44.7],[-124.06,44.71],[-124.06,44.72],[-124.06,44.73],[-124.06,44.74],[-124.06,44.75],[-124.06,44.76],[-124.07,44.76],[-124.07,44.77],[-124.07,44.78],[-124.07,44.79],[-124.07,44.8],[-124.06,44.8],[-124.06,44.81],[-124.06,44.82],[-124.07,44.82],[-124.07,44.83],[-124.06,44.83],[-124.06,44.84],[-124.05,44.84],[-124.05,44.85],[-124.05,44.86],[-124.04,44.86],[-124.04,44.87],[-124.04,44.88],[-124.04,44.89],[-124.03,44.9],[-124.03,44.89],[-124.02,44.89],[-124.01,44.89],[-124.02,44.9],[-124.01,44.9],[-124.01,44.91],[-124.02,44.91],[-124.02,44.92],[-124.01,44.92],[-124.02,44.93],[-124.03,44.93],[-124.03,44.94],[-124.02,44.94],[-124.02,44.95],[-124.02,44.96],[-124.02,44.97],[-124.02,44.98],[-124.01,44.99],[-124.01,45.0],[-124.01,45.01],[-124.01,45.02],[-124.01,45.03],[-124.01,45.04],[-124.0,45.04],[-123.99,45.04],[-123.97,45.04],[-123.95,45.04],[-123.9,45.04],[-123.89,45.04],[-123.88,45.04],[-123.95,44.98],[-123.96,44.97],[-123.97,44.95],[-123.98,44.94],[-123.98,44.92],[-123.94,44.88],[-123.94,44.84],[-123.93,44.81],[-123.91,44.79],[-123.88,44.79],[-123.87,44.75],[-123.89,44.69],[-123.9,44.61],[-123.91,44.6],[-123.91,44.59],[-123.92,44.58],[-123.98,44.45],[-123.98,44.41],[-124.03,44.39],[-124.06,44.37],[-124.07,44.32],[-124.08,44.28],[-124.1,44.03],[-124.05,44.02],[-124.01,43.99],[-124.0,43.97],[-124.01,43.95],[-124.04,43.9],[-124.04,43.86],[-124.06,43.86],[-124.08,43.86],[-124.11,43.86],[-124.12,43.86],[-124.13,43.86],[-124.16,43.86],[-124.16,43.87],[-124.16,43.88]],[[-124.13,44.01],[-124.13,44.0],[-124.12,44.0],[-124.13,44.01]],[[-124.07,44.43],[-124.06,44.43],[-124.05,44.43],[-124.04,44.43],[-124.03,44.43],[-124.03,44.44],[-124.04,44.44],[-124.04,44.45],[-124.05,44.45],[-124.06,44.45],[-124.06,44.44],[-124.07,44.44],[-124.07,44.43]],[[-123.91,44.59],[-123.92,44.6],[-123.92,44.59],[-123.91,44.59]],[[-123.95,44.59],[-123.96,44.59],[-123.96,44.58],[-123.95,44.58],[-123.95,44.59]],[[-123.96,44.58],[-123.97,44.58],[-123.97,44.57],[-123.96,44.57],[-123.96,44.58]],[[-124.12,43.99],[-124.13,43.98],[-124.13,43.97],[-124.12,43.97],[-124.12,43.98],[-124.12,43.99]],[[-124.12,43.97],[-124.11,43.96],[-124.1,43.96],[-124.09,43.96],[-124.09,43.97],[-124.1,43.97],[-124.11,43.97],[-124.12,43.97]],[[-124.09,43.97],[-124.08,43.98],[-124.09,43.98],[-124.09,43.97]],[[-124.08,43.98],[-124.08,43.97],[-124.07,43.98],[-124.08,43.98]],[[-123.94,44.61],[-123.94,44.62],[-123.95,44.62],[-123.95,44.61],[-123.95,44.6],[-123.94,44.6],[-123.94,44.61]],[[-123.98,44.57],[-123.99,44.58],[-124.0,44.58],[-123.99,44.57],[-123.98,44.57]],[[-124.02,44.59],[-124.01,44.59],[-124.01,44.6],[-124.01,44.61],[-124.01,44.62],[-124.01,44.63],[-124.02,44.63],[-124.03,44.63],[-124.04,44.63],[-124.04,44.62],[-124.04,44.61],[-124.04,44.6],[-124.03,44.59],[-124.03,44.6],[-124.03,44.61],[-124.02,44.61],[-124.02,44.6],[-124.02,44.59]]],[[[-124.06,44.62],[-124.07,44.62],[-124.07,44.63],[-124.06,44.63],[-124.06,44.62]]],[[[-124.02,44.92],[-124.03,44.92],[-124.02,44.93],[-124.02,44.92]]],[[[-124.0,45.04],[-124.01,45.05],[-124.0,45.05],[-124.0,45.04]]],[[[-124.03,44.63],[-124.02,44.62],[-124.03,44.62],[-124.03,44.63]]]]}},
{"type":"Feature","properties":{"ugc":"ORZ003","name":"Coast Range of Northwest Oregon","state":"OR","wfo":"PQR"},"geometry":{"type":"MultiPolygon","coordinates":[[[[-123.88,45.05],[-123.88,45.15],[-123.88,45.17],[-123.87,45.19],[-123.82,45.25],[-123.81,45.27],[-123.79,45.34],[-123.76,45.39],[-123.76,45.42],[-123.77,45.45],[-123.79,45.47],[-123.83,45.51],[-123.86,45.54],[-123.89,45.59],[-123.9,45.62],[-123.89,45.64],[-123.84,45.68],[-123.83,45.69],[-123.83,45.71],[-123.84,45.73],[-123.84,45.75],[-123.85,45.76],[-123.87,45.77],[-123.92,45.75],[-123.93,45.75],[-123.94,45.76],[-123.93,45.82],[-123.92,45.93],[-123.91,45.96],[-123.87,46.03],[-123.84,46.05],[-123.81,46.07],[-123.54,46.14],[-123.5,46.15],[-123.46,46.15],[-123.44,46.15],[-123.4,46.12],[-123.36,46.09],[-123.32,46.1],[-123.28,46.11],[-123.23,46.09],[-123.16,46.09],[-123.11,46.09],[-122.99,46.06],[-122.91,45.97],[-122.87,45.91],[-122.86,45.79],[-122.94,45.75],[-122.96,45.74],[-122.98,45.73],[-123.0,45.72],[-123.08,45.71],[-123.11,45.7],[-123.16,45.66],[-123.22,45.59],[-123.28,45.51],[-123.34,45.43],[-123.35,45.43],[-123.39,45.32],[-123.42,45.23],[-123.46,45.14],[-123.48,45.08],[-123.49,45.08],[-123.52,45.08],[-123.53,45.08],[-123.55,45.08],[-123.59,45.08],[-123.6,45.08],[-123.72,45.08],[-123.72,45.07],[-123.73,45.05],[-123.73,45.04],[-123.8,45.04],[-123.81,45.04],[-123.81,45.05],[-123.84,45.05],[-123.85,45.05],[-123.88,45.05]]]]}},
{"type":"Feature","properties":{"ugc":"ORZ004","name":"Central Coast Range of Western Oregon","state":"OR","wfo":"PQR"},"geometry":{"type":"MultiPolygon","coordinates":[[[[-123.55,45.08],[-123.53,45.08],[-123.52,45.08],[-123.49,45.08],[-123.48,45.08],[-123.49,45.04],[-123.51,44.93],[-123.53,44.83],[-123.52,44.76],[-123.51,44.72],[-123.51,44.71],[-123.5,44.61],[-123.48,44.41],[-123.46,44.33],[-123.45,44.28],[-123.43,44.23],[-123.4,44.16],[-123.3,44.05],[-123.25,43.98],[-123.19,43.91],[-123.14,43.86],[-123.14,43.81],[-123.14,43.78],[-123.24,43.78],[-123.35,43.78],[-123.35,43.8],[-123.35,43.81],[-123.37,43.81],[-123.45,43.81],[-123.47,43.81],[-123.47,43.83],[-123.48,43.83],[-123.52,43.83],[-123.53,43.83],[-123.53,43.86],[-123.53,43.87],[-123.54,43.87],[-123.57,43.87],[-123.58,43.87],[-123.58,43.89],[-123.62,43.89],[-123.62,43.9],[-123.62,43.92],[-123.64,43.92],[-123.66,43.92],[-123.66,43.94],[-123.68,43.94],[-123.7,43.94],[-123.71,43.95],[-123.75,43.94],[-123.76,43.94],[-123.81,43.94],[-123.83,43.94],[-123.84,43.94],[-123.84,43.93],[-123.85,43.93],[-123.85,43.92],[-123.86,43.92],[-123.87,43.92],[-123.87,43.91],[-123.88,43.91],[-123.89,43.91],[-123.9,43.9],[-123.91,43.9],[-123.93,43.9],[-123.93,43.88],[-123.93,43.87],[-123.95,43.87],[-123.95,43.86],[-123.96,43.86],[-123.99,43.86],[-124.0,43.86],[-124.01,43.86],[-124.04,43.86],[-124.04,43.9],[-124.01,43.95],[-124.0,43.97],[-124.01,43.99],[-124.05,44.02],[-124.1,44.03],[-124.08,44.28],[-124.07,44.32],[-124.06,44.37],[-124.03,44.39],[-123.98,44.41],[-123.98,44.45],[-123.92,44.58],[-123.91,44.59],[-123.91,44.6],[-123.9,44.61],[-123.89,44.69],[-123.87,44.75],[-123.88,44.79],[-123.91,44.79],[-123.93,44.81],[-123.94,44.84],[-123.94,44.88],[-123.98,44.92],[-123.98,44.94],[-123.97,44.95],[-123.96,44.97],[-123.95,44.98],[-123.88,45.04],[-123.88,45.05],[-123.85,45.05],[-123.84,45.05],[-123.81,45.05],[-123.81,45.04],[-123.8,45.04],[-123.73,45.04],[-123.73,45.05],[-123.72,45.07],[-123.72,45.08],[-123.6,45.08],[-123.59,45.08],[-123.55,45.08]]]]}},
{"type":"Feature","properties":{"ugc":"ORZ005","name":"Lower Columbia","state":"OR","wfo":"PQR"},"geometry":{"type":"MultiPolygon","coordinates":[[[[-123.04,46.15],[-123.03,46.14],[-123.02,46.14],[-123.01,46.14],[-123.01,46.13],[-123.0,46.13],[-122.99,46.12],[-122.96,46.11],[-122.96,46.1],[-122.9,46.08],[-122.88,46.06],[-122.88,46.05],[-122.88,46.03],[-122.87,46.03],[-122.86,46.01],[-122.84,45.98],[-122.83,45.98],[-122.81,45.96],[-122.81,45.93],[-122.81,45.91],[-122.8,45.88],[-122.78,45.87],[-122.79,45.85],[-122.79,45.84],[-122.8,45.83],[-122.8,45.81],[-122.77,45.78],[-122.76,45.76],[-122.86,45.79],[-122.87,45.91],[-122.91,45.97],[-122.99,46.06],[-123.11,46.09],[-123.16,46.09],[-123.23,46.09],[-123.28,46.11],[-123.32,46.1],[-123.36,46.09],[-123.36,46.13],[-123.36,46.14],[-123.36,46.15],[-123.34,46.15],[-123.33,46.15],[-123.32,46.15],[-123.3,46.14],[-123.29,46.14],[-123.28,46.14],[-123.27,46.15],[-123.25,46.16],[-123.23,46.17],[-123.21,46.17],[-123.17,46.19],[-123.12,46.19],[-123.12,46.18],[-123.11,46.18],[-123.05,46.15],[-123.04,46.15]]]]}},
{"type":"Feature","properties":{"ugc":"ORZ006","name":"Greater Portland Metro Area","state":"OR","wfo":"PQR"},"geometry":{"type":"MultiPolygon","coordinates":[[[[-122.45,45.57],[-122.44,45.56],[-122.41,45.57],[-122.39,45.57],[-122.38,45.58],[-122.35,45.57],[-122.33,45.55],[-122.31,45.55],[-122.32,45.5],[-122.33,45.41],[-122.34,45.4],[-122.34,45.38],[-122.34,45.36],[-122.35,45.32],[-122.35,45.29],[-122.37,45.26],[-122.42,45.26],[-122.74,45.26],[-122.75,45.26],[-122.78,45.26],[-122.78,45.27],[-122.79,45.27],[-122.83,45.27],[-122.85,45.26],[-122.87,45.26],[-122.87,45.32],[-122.89,45.32],[-122.9,45.32],[-122.91,45.32],[-122.91,45.34],[-122.91,45.35],[-122.97,45.35],[-122.97,45.36],[-122.98,45.36],[-122.99,45.36],[-122.99,45.37],[-123.0,45.38],[-123.01,45.38],[-123.01,45.39],[-123.03,45.39],[-123.03,45.4],[-123.11,45.4],[-123.11,45.41],[-123.11,45.42],[-123.12,45.42],[-123.14,45.42],[-123.14,45.43],[-123.16,45.43],[-123.2,45.43],[-123.21,45.43],[-123.3,45.43],[-123.32,45.43],[-123.34,45.43],[-123.28,45.51],[-123.22,45.59],[-123.16,45.66],[-123.11,45.7],[-123.08,45.71],[-123.0,45.72],[-122.98,45.73],[-122.96,45.74],[-122.94,45.75],[-122.86,45.79],[-122.76,45.76],[-122.76,45.73],[-122.77,45.7],[-122.77,45.68],[-122.76,45.66],[-122.74,45.64],[-122.71,45.64],[-122.69,45.62],[-122.67,45.62],[-122.64,45.61],[-122.61,45.61],[-122.6,45.61],[-122.58,45.6],[-122.56,45.6],[-122.55,45.6],[-122.52,45.59],[-122.51,45.59],[-122.49,45.58],[-122.47,45.58],[-122.45,45.57]]]]}},
{"type":"Feature","properties":{"ugc":"ORZ007","name":"Central Willamette Valley","state":"OR","wfo":"PQR"},"geometry":{"type":"MultiPolygon","coordinates":[[[[-123.32,45.43],[-123.3,45.43],[-123.21,45.43],[-123.2,45.43],[-123.16,45.43],[-123.14,45.43],[-123.14,45.42],[-123.12,45.42],[-123.11,45.42],[-123.11,45.41],[-123.11,45.4],[-123.03,45.4],[-123.03,45.39],[-123.01,45.39],[-123.01,45.38],[-123.0,45.38],[-122.99,45.37],[-122.99,45.36],[-122.98,45.36],[-122.97,45.36],[-122.97,45.35],[-122.91,45.35],[-122.91,45.34],[-122.91,45.32],[-122.9,45.32],[-122.89,45.32],[-122.87,45.32],[-122.87,45.26],[-122.85,45.26],[-122.83,45.27],[-122.79,45.27],[-122.78,45.27],[-122.78,45.26],[-122.75,45.26],[-122.74,45.26],[-122.42,45.26],[-122.37,45.26],[-122.38,45.23],[-122.4,45.2],[-122.42,45.17],[-122.45,45.13],[-122.59,45.01],[-122.64,44.95],[-122.67,44.91],[-122.69,44.88],[-122.7,44.84],[-122.71,44.78],[-122.72,44.78],[-122.72,44.79],[-122.73,44.79],[-122.74,44.79],[-122.75,44.79],[-122.76,44.79],[-122.77,44.79],[-122.78,44.79],[-122.79,44.79],[-122.8,44.79],[-122.81,44.79],[-122.81,44.78],[-122.82,44.78],[-122.82,44.77],[-122.83,44.77],[-122.84,44.77],[-122.85,44.77],[-122.85,44.76],[-122.86,44.76],[-122.87,44.76],[-122.87,44.75],[-122.88,44.75],[-122.89,44.75],[-122.9,44.74],[-122.91,44.75],[-122.91,44.74],[-122.92,44.74],[-122.92,44.73],[-122.93,44.73],[-122.93,44.72],[-122.94,44.72],[-122.95,44.72],[-122.96,44.72],[-122.97,44.71],[-122.97,44.7],[-122.98,44.7],[-122.99,44.7],[-123.0,44.69],[-123.01,44.69],[-123.02,44.7],[-123.01,44.71],[-123.01,44.72],[-123.02,44.72],[-123.02,44.73],[-123.03,44.72],[-123.04,44.72],[-123.04,44.73],[-123.04,44.74],[-123.05,44.74],[-123.06,44.74],[-123.06,44.75],[-123.07,44.75],[-123.07,44.74],[-123.08,44.74],[-123.09,44.75],[-123.1,44.75],[-123.11,44.75],[-123.11,44.76],[-123.12,44.76],[-123.12,44.75],[-123.13,44.75],[-123.14,44.75],[-123.13,44.74],[-123.14,44.74],[-123.14,44.73],[-123.15,44.73],[-123.15,44.72],[-123.16,44.72],[-123.26,44.72],[-123.3,44.72],[-123.37,44.72],[-123.38,44.72],[-123.39,44.72],[-123.44,44.72],[-123.47,44.72],[-123.48,44.72],[-123.49,44.72],[-123.51,44.72],[-123.52,44.76],[-123.53,44.83],[-123.51,44.93],[-123.49,45.04],[-123.48,45.08],[-123.46,45.14],[-123.42,45.23],[-123.39,45.32],[-123.35,45.43],[-123.34,45.43],[-123.32,45.43]]]]}},
{"type":"Feature","properties":{"ugc":"ORZ008","name":"South  Willamette Valley","state":"OR","wfo":"PQR"},"geometry":{"type":"MultiPolygon","coordinates":[[[[-122.75,44.79],[-122.74,44.79],[-122.73,44.79],[-122.72,44.79],[-122.72,44.78],[-122.71,44.78],[-122.71,44.73],[-122.7,44.66],[-122.7,44.6],[-122.7,44.58],[-122.71,44.56],[-122.73,44.53],[-122.78,44.48],[-122.9,44.39],[-122.94,44.36],[-122.96,44.32],[-122.99,44.25],[-123.0,44.2],[-123.01,44.14],[-122.99,44.11],[-122.97,44.08],[-122.96,44.06],[-122.96,44.04],[-122.96,44.02],[-122.99,43.98],[-123.03,43.94],[-123.14,43.86],[-123.19,43.91],[-123.25,43.98],[-123.3,44.05],[-123.4,44.16],[-123.43,44.23],[-123.45,44.28],[-123.46,44.33],[-123.48,44.41],[-123.5,44.61],[-123.51,44.71],[-123.51,44.72],[-123.49,44.72],[-123.48,44.72],[-123.47,44.72],[-123.44,44.72],[-123.39,44.72],[-123.38,44.72],[-123.37,44.72],[-123.3,44.72],[-123.26,44.72],[-123.16,44.72],[-123.15,44.72],[-123.15,44.73],[-123.14,44.73],[-123.14,44.74],[-123.13,44.74],[-123.14,44.75],[-123.13,44.75],[-123.12,44.75],[-123.12,44.76],[-123.11,44.76],[-123.11,44.75],[-123.1,44.75],[-123.09,44.75],[-123.08,44.74],[-123.07,44.74],[-123.07,44.75],[-123.06,44.75],[-123.06,44.74],[-123.05,44.74],[-123.04,44.74],[-123.04,44.73],[-123.04,44.72],[-123.03,44.72],[-123.02,44.73],[-123.02,44.72],[-123.01,44.72],[-123.01,44.71],[-123.02,44.7],[-123.01,44.69],[-123.0,44.69],[-122.99,44.7],[-122.98,44.7],[-122.97,44.7],[-122.97,44.71],[-122.96,44.72],[-122.95,44.72],[-122.94,44.72],[-122.93,44.72],[-122.93,44.73],[-122.92,44.73],[-122.92,44.74],[-122.91,44.74],[-122.91,44.75],[-122.9,44.74],[-122.89,44.75],[-122.88,44.75],[-122.87,44.75],[-122.87,44.76],[-122.86,44.76],[-122.85,44.76],[-122.85,44.77],[-122.84,44.77],[-122.83,44.77],[-122.82,44.77],[-122.82,44.78],[-122.81,44.78],[-122.81,44.79],[-122.8,44.79],[-122.79,44.79],[-122.78,44.79],[-122.77,44.79],[-122.76,44.79],[-122.75,44.79]]]]}},
{"type":"Feature","properties":{"ugc":"ORZ010","name":"Northern Oregon Cascade Foothills","state":"OR","wfo":"PQR"},"geometry":{"type":"MultiPolygon","coordinates":[[[[-122.65,44.26],[-122.65,44.27],[-122.66,44.27],[-122.67,44.27],[-122.68,44.27],[-122.69,44.27],[-122.69,44.28],[-122.7,44.28],[-122.71,44.28],[-122.72,44.28],[-122.72,44.29],[-122.73,44.29],[-122.74,44.29],[-122.75,44.29],[-122.76,44.29],[-122.77,44.28],[-122.78,44.28],[-122.79,44.28],[-122.79,44.29],[-122.8,44.28],[-122.81,44.28],[-122.82,44.28],[-122.83,44.28],[-122.84,44.28],[-122.85,44.28],[-122.85,44.29],[-122.86,44.29],[-122.87,44.28],[-122.87,44.26],[-122.89,44.26],[-122.9,44.26],[-122.9,44.25],[-122.91,44.24],[-122.91,44.2],[-123.0,44.2],[-122.99,44.25],[-122.96,44.32],[-122.94,44.36],[-122.9,44.39],[-122.78,44.48],[-122.73,44.53],[-122.71,44.56],[-122.7,44.58],[-122.7,44.6],[-122.7,44.66],[-122.71,44.73],[-122.71,44.78],[-122.7,44.84],[-122.69,44.88],[-122.67,44.91],[-122.64,44.95],[-122.59,45.01],[-122.45,45.13],[-122.42,45.17],[-122.4,45.2],[-122.38,45.23],[-122.37,45.26],[-122.35,45.29],[-122.35,45.32],[-122.34,45.36],[-122.34,45.38],[-122.34,45.4],[-122.33,45.41],[-122.32,45.5],[-122.28,45.5],[-122.22,45.51],[-122.13,45.53],[-122.1,45.48],[-122.09,45.46],[-122.09,45.45],[-122.07,45.43],[-122.06,45.4],[-122.05,45.39],[-122.05,45.37],[-122.05,45.35],[-122.06,45.33],[-122.09,45.28],[-122.21,45.1],[-122.25,45.04],[-122.27,45.01],[-122.31,44.97],[-122.32,44.93],[-122.33,44.91],[-122.33,44.89],[-122.33,44.85],[-122.33,44.84],[-122.32,44.82],[-122.31,44.8],[-122.31,44.78],[-122.31,44.76],[-122.31,44.74],[-122.33,44.67],[-122.37,44.53],[-122.41,44.4],[-122.43,44.34],[-122.44,44.29],[-122.44,44.24],[-122.44,44.22],[-122.45,44.22],[-122.46,44.22],[-122.47,44.22],[-122.48,44.22],[-122.49,44.22],[-122.5,44.22],[-122.51,44.22],[-122.51,44.23],[-122.52,44.23],[-122.53,44.23],[-122.54,44.23],[-122.55,44.24],[-122.55,44.23],[-122.56,44.23],[-122.57,44.23],[-122.58,44.23],[-122.58,44.24],[-122.59,44.24],[-122.6,44.24],[-122.61,44.24],[-122.61,44.25],[-122.62,44.25],[-122.63,44.25],[-122.64,44.25],[-122.65,44.25],[-122.65,44.26]]]]}},
{"type":"Feature","properties":{"ugc":"ORZ011","name":"Northern Oregon Cascades","state":"OR","wfo":"PQR"},"geometry":{"type":"MultiPolygon","coordinates":[[[[-121.82,44.26],[-121.88,44.26],[-121.96,44.26],[-122.0,44.26],[-122.03,44.26],[-122.04,44.25],[-122.12,44.25],[-122.13,44.25],[-122.15,44.25],[-122.25,44.25],[-122.26,44.25],[-122.27,44.25],[-122.31,44.25],[-122.33,44.25],[-122.33,44.24],[-122.33,44.23],[-122.34,44.23],[-122.34,44.22],[-122.35,44.22],[-122.36,44.22],[-122.36,44.21],[-122.37,44.21],[-122.38,44.21],[-122.39,44.21],[-122.39,44.22],[-122.4,44.22],[-122.41,44.22],[-122.42,44.22],[-122.43,44.22],[-122.44,44.22],[-122.44,44.24],[-122.44,44.29],[-122.43,44.34],[-122.41,44.4],[-122.37,44.53],[-122.33,44.67],[-122.31,44.74],[-122.31,44.76],[-122.31,44.78],[-122.31,44.8],[-122.32,44.82],[-122.33,44.84],[-122.33,44.85],[-122.33,44.89],[-122.33,44.91],[-122.32,44.93],[-122.31,44.97],[-122.27,45.01],[-122.25,45.04],[-122.21,45.1],[-122.09,45.28],[-122.06,45.33],[-122.05,45.35],[-122.05,45.37],[-122.05,45.39],[-122.06,45.4],[-122.07,45.43],[-122.09,45.45],[-122.09,45.46],[-122.1,45.48],[-122.13,45.53],[-121.97,45.58],[-121.92,45.59],[-121.92,45.6],[-121.91,45.6],[-121.88,45.62],[-121.85,45.65],[-121.8,45.66],[-121.79,45.66],[-121.71,45.66],[-121.65,45.67],[-121.65,45.65],[-121.66,45.62],[-121.67,45.62],[-121.68,45.61],[-121.68,45.6],[-121.68,45.58],[-121.68,45.57],[-121.7,45.57],[-121.71,45.56],[-121.71,45.55],[-121.71,45.54],[-121.7,45.54],[-121.68,45.54],[-121.67,45.54],[-121.66,45.53],[-121.65,45.52],[-121.63,45.49],[-121.63,45.48],[-121.62,45.48],[-121.61,45.48],[-121.61,45.47],[-121.6,45.47],[-121.58,45.47],[-121.58,45.46],[-121.57,45.46],[-121.56,45.46],[-121.56,45.47],[-121.56,45.49],[-121.55,45.51],[-121.55,45.54],[-121.54,45.56],[-121.52,45.56],[-121.52,45.58],[-121.51,45.57],[-121.5,45.57],[-121.48,45.58],[-121.47,45.59],[-121.46,45.6],[-121.44,45.59],[-121.44,45.56],[-121.44,45.55],[-121.44,45.52],[-121.45,45.52],[-121.48,45.52],[-121.48,45.5],[-121.48,45.49],[-121.48,45.44],[-121.48,45.43],[-121.48,45.4],[-121.48,45.38],[-121.48,45.37],[-121.48,45.35],[-121.48,45.29],[-121.48,45.26],[-121.49,45.26],[-121.5,45.26],[-121.51,45.26],[-121.63,45.26],[-121.64,45.26],[-121.7,45.26],[-121.69,45.25],[-121.68,45.25],[-121.68,45.24],[-121.68,45.23],[-121.69,45.23],[-121.7,45.23],[-121.7,45.22],[-121.71,45.22],[-121.71,45.21],[-121.72,45.21],[-121.73,45.21],[-121.74,45.21],[-121.75,45.21],[-121.75,45.2],[-121.75,45.19],[-121.74,45.18],[-121.73,45.18],[-121.73,45.17],[-121.73,45.16],[-121.72,45.16],[-121.71,45.15],[-121.71,45.14],[-121.71,45.13],[-121.7,45.13],[-121.7,45.12],[-121.69,45.12],[-121.68,45.12],[-121.67,45.12],[-121.66,45.12],[-121.66,45.11],[-121.66,45.1],[-121.65,45.1],[-121.65,45.09],[-121.66,45.08],[-121.66,45.07],[-121.67,45.07],[-121.68,45.07],[-121.69,45.07],[-121.7,45.06],[-121.71,45.06],[-121.72,45.05],[-121.72,45.04],[-121.73,45.04],[-121.74,45.03],[-121.75,45.03],[-121.76,45.04],[-121.77,45.04],[-121.78,45.04],[-121.78,45.03],[-121.78,45.02],[-121.78,45.01],[-121.79,45.02],[-121.8,45.02],[-121.8,45.01],[-121.81,45.01],[-121.8,45.0],[-121.8,44.99],[-121.8,44.98],[-121.8,44.97],[-121.79,44.96],[-121.79,44.95],[-121.8,44.95],[-121.8,44.94],[-121.79,44.93],[-121.79,44.94],[-121.78,44.94],[-121.77,44.94],[-121.76,44.94],[-121.75,44.93],[-121.74,44.92],[-121.75,44.92],[-121.74,44.91],[-121.73,44.91],[-121.72,44.91],[-121.71,44.91],[-121.71,44.9],[-121.72,44.9],[-121.73,44.89],[-121.73,44.88],[-121.74,44.88],[-121.75,44.87],[-121.75,44.86],[-121.74,44.85],[-121.74,44.84],[-121.75,44.84],[-121.75,44.83],[-121.76,44.83],[-121.76,44.82],[-121.77,44.82],[-121.78,44.82],[-121.79,44.82],[-121.8,44.81],[-121.81,44.81],[-121.81,44.8],[-121.82,44.8],[-121.82,44.79],[-121.81,44.79],[-121.81,44.78],[-121.8,44.78],[-121.8,44.77],[-121.79,44.77],[-121.78,44.77],[-121.78,44.78],[-121.77,44.78],[-121.77,44.77],[-121.76,44.77],[-121.76,44.76],[-121.77,44.76],[-121.78,44.75],[-121.79,44.75],[-121.79,44.74],[-121.8,44.73],[-121.79,44.73],[-121.8,44.72],[-121.8,44.71],[-121.8,44.7],[-121.79,44.7],[-121.79,44.69],[-121.79,44.68],[-121.8,44.68],[-121.8,44.67],[-121.8,44.66],[-121.8,44.65],[-121.8,44.64],[-121.81,44.63],[-121.81,44.62],[-121.81,44.61],[-121.8,44.61],[-121.8,44.6],[-121.79,44.6],[-121.79,44.59],[-121.8,44.59],[-121.8,44.58],[-121.8,44.57],[-121.8,44.56],[-121.81,44.55],[-121.81,44.54],[-121.82,44.54],[-121.81,44.53],[-121.81,44.52],[-121.81,44.51],[-121.82,44.51],[-121.83,44.51],[-121.83,44.5],[-121.84,44.49],[-121.85,44.49],[-121.85,44.48],[-121.84,44.48],[-121.84,44.47],[-121.85,44.47],[-121.85,44.46],[-121.85,44.45],[-121.84,44.45],[-121.84,44.44],[-121.85,44.44],[-121.85,44.43],[-121.85,44.42],[-121.84,44.42],[-121.84,44.41],[-121.85,44.41],[-121.85,44.4],[-121.84,44.4],[-121.84,44.39],[-121.85,44.39],[-121.85,44.38],[-121.84,44.38],[-121.84,44.37],[-121.85,44.37],[-121.84,44.36],[-121.84,44.35],[-121.84,44.34],[-121.84,44.33],[-121.84,44.32],[-121.84,44.31],[-121.84,44.3],[-121.84,44.29],[-121.83,44.29],[-121.83,44.28],[-121.82,44.28],[-121.82,44.27],[-121.82,44.26]]]]}},
{"type":"Feature","properties":{"ugc":"ORZ012","name":"Cascade Foothills in Lane County","state":"OR","wfo":"PQR"},"geometry":{"type":"MultiPolygon","coordinates":[[[[-122.75,44.29],[-122.74,44.29],[-122.73,44.29],[-122.72,44.29],[-122.72,44.28],[-122.71,44.28],[-122.7,44.28],[-122.69,44.28],[-122.69,44.27],[-122.68,44.27],[-122.67,44.27],[-122.66,44.27],[-122.65,44.27],[-122.65,44.26],[-122.65,44.25],[-122.64,44.25],[-122.63,44.25],[-122.62,44.25],[-122.61,44.25],[-122.61,44.24],[-122.6,44.24],[-122.59,44.24],[-122.58,44.24],[-122.58,44.23],[-122.57,44.23],[-122.56,44.23],[-122.55,44.23],[-122.55,44.24],[-122.54,44.23],[-122.53,44.23],[-122.52,44.23],[-122.51,44.23],[-122.51,44.22],[-122.5,44.22],[-122.49,44.22],[-122.48,44.22],[-122.47,44.22],[-122.46,44.22],[-122.45,44.22],[-122.44,44.22],[-122.44,44.19],[-122.44,44.17],[-122.41,44.15],[-122.4,44.13],[-122.39,44.12],[-122.41,44.01],[-122.55,43.87],[-122.72,43.65],[-122.74,43.54],[-122.77,43.54],[-122.84,43.55],[-122.86,43.54],[-122.87,43.54],[-122.98,43.54],[-122.99,43.54],[-123.0,43.54],[-123.01,43.54],[-123.03,43.54],[-123.05,43.54],[-123.1,43.54],[-123.11,43.54],[-123.11,43.55],[-123.11,43.61],[-123.12,43.61],[-123.13,43.61],[-123.14,43.61],[-123.14,43.62],[-123.14,43.63],[-123.14,43.66],[-123.14,43.71],[-123.14,43.74],[-123.14,43.75],[-123.14,43.77],[-123.14,43.78],[-123.14,43.81],[-123.14,43.86],[-123.03,43.94],[-122.99,43.98],[-122.96,44.02],[-122.96,44.04],[-122.96,44.06],[-122.97,44.08],[-122.99,44.11],[-123.01,44.14],[-123.0,44.2],[-122.91,44.2],[-122.91,44.24],[-122.9,44.25],[-122.9,44.26],[-122.89,44.26],[-122.87,44.26],[-122.87,44.28],[-122.86,44.29],[-122.85,44.29],[-122.85,44.28],[-122.84,44.28],[-122.83,44.28],[-122.82,44.28],[-122.81,44.28],[-122.8,44.28],[-122.79,44.29],[-122.79,44.28],[-122.78,44.28],[-122.77,44.28],[-122.76,44.29],[-122.75,44.29]]]]}},
{"type":"Feature","properties":{"ugc":"ORZ013","name":"Cascades in Lane County","state":"OR","wfo":"PQR"},"geometry":{"type":"MultiPolygon","coordinates":[[[[-122.15,43.44],[-122.26,43.44],[-122.39,43.44],[-122.5,43.44],[-122.51,43.44],[-122.52,43.44],[-122.62,43.44],[-122.63,43.44],[-122.74,43.44],[-122.74,43.48],[-122.74,43.49],[-122.74,43.5],[-122.74,43.53],[-122.74,43.54],[-122.72,43.65],[-122.55,43.87],[-122.41,44.01],[-122.39,44.12],[-122.4,44.13],[-122.41,44.15],[-122.44,44.17],[-122.44,44.19],[-122.44,44.22],[-122.43,44.22],[-122.42,44.22],[-122.41,44.22],[-122.4,44.22],[-122.39,44.22],[-122.39,44.21],[-122.38,44.21],[-122.37,44.21],[-122.36,44.21],[-122.36,44.22],[-122.35,44.22],[-122.34,44.22],[-122.34,44.23],[-122.33,44.23],[-122.33,44.24],[-122.33,44.25],[-122.31,44.25],[-122.27,44.25],[-122.26,44.25],[-122.25,44.25],[-122.15,44.25],[-122.13,44.25],[-122.12,44.25],[-122.04,44.25],[-122.03,44.26],[-122.0,44.26],[-121.96,44.26],[-121.88,44.26],[-121.81,44.26],[-121.8,44.26],[-121.8,44.25],[-121.79,44.25],[-121.79,44.24],[-121.79,44.23],[-121.78,44.23],[-121.78,44.22],[-121.78,44.21],[-121.78,44.2],[-121.78,44.19],[-121.77,44.19],[-121.77,44.18],[-121.78,44.18],[-121.78,44.17],[-121.77,44.17],[-121.78,44.16],[-121.78,44.15],[-121.78,44.14],[-121.77,44.14],[-121.77,44.13],[-121.77,44.12],[-121.77,44.11],[-121.77,44.1],[-121.77,44.09],[-121.78,44.09],[-121.78,44.08],[-121.79,44.08],[-121.79,44.07],[-121.79,44.06],[-121.8,44.06],[-121.8,44.05],[-121.81,44.05],[-121.82,44.05],[-121.83,44.04],[-121.83,44.03],[-121.83,44.02],[-121.82,44.02],[-121.82,44.01],[-121.82,44.0],[-121.83,44.0],[-121.83,43.99],[-121.84,43.99],[-121.84,43.98],[-121.84,43.97],[-121.85,43.97],[-121.86,43.96],[-121.86,43.95],[-121.86,43.94],[-121.86,43.93],[-121.87,43.93],[-121.87,43.92],[-121.87,43.91],[-121.88,43.91],[-121.89,43.91],[-121.9,43.91],[-121.9,43.92],[-121.91,43.91],[-121.92,43.91],[-121.93,43.91],[-121.94,43.9],[-121.93,43.9],[-121.93,43.89],[-121.94,43.89],[-121.95,43.88],[-121.96,43.88],[-121.96,43.87],[-121.97,43.87],[-121.97,43.86],[-121.98,43.86],[-121.98,43.85],[-121.97,43.84],[-121.98,43.84],[-121.98,43.83],[-121.97,43.83],[-121.97,43.82],[-121.97,43.81],[-121.96,43.81],[-121.97,43.8],[-121.97,43.79],[-121.97,43.78],[-121.97,43.77],[-121.96,43.76],[-121.97,43.76],[-121.97,43.75],[-121.98,43.75],[-121.98,43.74],[-121.98,43.73],[-121.98,43.72],[-121.97,43.72],[-121.97,43.71],[-121.97,43.7],[-121.97,43.69],[-121.98,43.69],[-121.98,43.68],[-121.98,43.67],[-121.99,43.66],[-121.99,43.65],[-121.98,43.65],[-121.98,43.64],[-121.97,43.64],[-121.97,43.63],[-121.98,43.63],[-121.99,43.63],[-122.0,43.63],[-122.0,43.62],[-122.0,43.61],[-122.01,43.61],[-122.02,43.61],[-122.03,43.61],[-122.03,43.6],[-122.04,43.6],[-122.05,43.6],[-122.05,43.59],[-122.06,43.59],[-122.07,43.59],[-122.07,43.58],[-122.08,43.58],[-122.09,43.58],[-122.1,43.58],[-122.1,43.57],[-122.11,43.57],[-122.11,43.56],[-122.12,43.56],[-122.13,43.56],[-122.13,43.55],[-122.14,43.55],[-122.14,43.54],[-122.14,43.53],[-122.15,43.52],[-122.14,43.51],[-122.13,43.51],[-122.13,43.5],[-122.13,43.49],[-122.13,43.48],[-122.14,43.47],[-122.14,43.46],[-122.15,43.45],[-122.15,43.44]]]]}},
{"type":"Feature","properties":{"ugc":"ORZ014","name":"Upper Hood River Valley","state":"OR","wfo":"PQR"},"geometry":{"type":"MultiPolygon","coordinates":[[[[-121.44,45.59],[-121.46,45.6],[-121.47,45.59],[-121.48,45.58],[-121.5,45.57],[-121.51,45.57],[-121.52,45.58],[-121.52,45.56],[-121.54,45.56],[-121.55,45.54],[-121.55,45.51],[-121.56,45.49],[-121.56,45.47],[-121.56,45.46],[-121.57,45.46],[-121.58,45.46],[-121.58,45.47],[-121.6,45.47],[-121.61,45.47],[-121.61,45.48],[-121.62,45.48],[-121.63,45.48],[-121.63,45.49],[-121.65,45.52],[-121.66,45.53],[-121.67,45.54],[-121.68,45.54],[-121.7,45.54],[-121.71,45.54],[-121.71,45.55],[-121.71,45.56],[-121.7,45.57],[-121.68,45.57],[-121.68,45.58],[-121.68,45.6],[-121.68,45.61],[-121.67,45.62],[-121.66,45.62],[-121.65,45.65],[-121.65,45.67],[-121.62,45.67],[-121.59,45.65],[-121.55,45.64],[-121.52,45.65],[-121.49,45.67],[-121.45,45.67],[-121.44,45.67],[-121.44,45.64],[-121.44,45.62],[-121.44,45.61],[-121.44,45.59]]]]}},
{"type":"Feature","properties":{"ugc":"ORZ015","name":"Western Columbia River Gorge","state":"OR","wfo":"PQR"},"geometry":{"type":"MultiPolygon","coordinates":[[[[-121.85,45.65],[-121.88,45.62],[-121.91,45.6],[-121.92,45.6],[-121.92,45.59],[-121.97,45.58],[-122.13,45.53],[-122.22,45.51],[-122.28,45.5],[-122.32,45.5],[-122.31,45.55],[-122.3,45.54],[-122.27,45.54],[-122.26,45.54],[-122.25,45.55],[-122.2,45.56],[-122.18,45.58],[-122.14,45.58],[-122.13,45.58],[-122.11,45.58],[-122.1,45.58],[-122.04,45.61],[-122.02,45.62],[-122.0,45.62],[-121.98,45.62],[-121.96,45.63],[-121.95,45.64],[-121.94,45.64],[-121.91,45.65],[-121.9,45.66],[-121.9,45.67],[-121.88,45.69],[-121.87,45.69],[-121.83,45.7],[-121.79,45.66],[-121.8,45.66],[-121.85,45.65]]]]}},
{"type":"Feature","properties":{"ugc":"ORZ016","name":"Central Columbia River Gorge","state":"OR","wfo":"PQR"},"geometry":{"type":"MultiPolygon","coordinates":[[[[-121.47,45.7],[-121.46,45.7],[-121.44,45.7],[-121.44,45.67],[-121.45,45.67],[-121.49,45.67],[-121.52,45.65],[-121.55,45.64],[-121.59,45.65],[-121.62,45.67],[-121.65,45.67],[-121.71,45.66],[-121.79,45.66],[-121.83,45.7],[-121.81,45.71],[-121.78,45.7],[-121.74,45.69],[-121.71,45.69],[-121.67,45.71],[-121.63,45.7],[-121.63,45.71],[-121.53,45.73],[-121.52,45.72],[-121.51,45.72],[-121.5,45.72],[-121.49,45.72],[-121.48,45.71],[-121.47,45.7]]]]}},
{"type":"Feature","properties":{"ugc":"ORZ021","name":"South Central Oregon Coast","state":"OR","wfo":"MFR"},"geometry":{"type":"MultiPolygon","coordinates":[[[[-124.55,42.85],[-124.54,42.85],[-124.54,42.86],[-124.54,42.87],[-124.54,42.88],[-124.53,42.88],[-124.52,42.88],[-124.52,42.89],[-124.52,42.9],[-124.51,42.9],[-124.51,42.91],[-124.5,42.91],[-124.5,42.92],[-124.49,42.93],[-124.49,42.94],[-124.48,42.94],[-124.48,42.95],[-124.48,42.96],[-124.47,42.96],[-124.47,42.97],[-124.47,42.98],[-124.47,42.99],[-124.46,42.99],[-124.46,43.0],[-124.46,43.01],[-124.45,43.01],[-124.45,43.02],[-124.45,43.03],[-124.45,43.04],[-124.44,43.04],[-124.44,43.05],[-124.44,43.06],[-124.44,43.07],[-124.44,43.08],[-124.43,43.09],[-124.43,43.1],[-124.44,43.1],[-124.44,43.11],[-124.43,43.12],[-124.42,43.13],[-124.42,43.14],[-124.42,43.15],[-124.41,43.15],[-124.41,43.16],[-124.41,43.17],[-124.4,43.18],[-124.4,43.19],[-124.4,43.2],[-124.4,43.21],[-124.4,43.22],[-124.39,43.23],[-124.39,43.24],[-124.39,43.25],[-124.39,43.26],[-124.38,43.27],[-124.39,43.27],[-124.39,43.28],[-124.39,43.29],[-124.39,43.3],[-124.4,43.3],[-124.4,43.31],[-124.39,43.32],[-124.39,43.33],[-124.38,43.33],[-124.37,43.33],[-124.37,43.34],[-124.36,43.34],[-124.35,43.34],[-124.35,43.35],[-124.34,43.35],[-124.34,43.36],[-124.33,43.36],[-124.33,43.37],[-124.32,43.38],[-124.32,43.39],[-124.31,43.39],[-124.31,43.4],[-124.3,43.4],[-124.3,43.41],[-124.3,43.42],[-124.29,43.42],[-124.29,43.44],[-124.28,43.45],[-124.28,43.46],[-124.27,43.46],[-124.27,43.47],[-124.27,43.48],[-124.26,43.49],[-124.26,43.5],[-124.25,43.51],[-124.25,43.52],[-124.25,43.53],[-124.24,43.53],[-124.24,43.54],[-124.24,43.55],[-124.23,43.56],[-124.23,43.57],[-124.23,43.58],[-124.22,43.59],[-124.22,43.6],[-124.22,43.61],[-124.22,43.62],[-124.21,43.62],[-124.21,43.63],[-124.21,43.64],[-124.21,43.65],[-124.21,43.66],[-124.2,43.66],[-124.2,43.67],[-124.2,43.68],[-124.2,43.69],[-124.2,43.7],[-124.19,43.7],[-124.19,43.71],[-124.19,43.72],[-124.19,43.73],[-124.19,43.74],[-124.18,43.74],[-124.18,43.75],[-124.18,43.76],[-124.18,43.77],[-124.18,43.78],[-124.17,43.78],[-124.17,43.79],[-124.17,43.8],[-124.17,43.81],[-124.17,43.82],[-124.17,43.83],[-124.16,43.83],[-124.16,43.84],[-124.16,43.85],[-124.16,43.86],[-124.13,43.86],[-124.12,43.86],[-124.11,43.86],[-124.08,43.86],[-124.06,43.86],[-124.04,43.86],[-124.01,43.86],[-124.0,43.86],[-123.99,43.86],[-124.0,43.81],[-123.92,43.8],[-123.92,43.67],[-123.92,43.66],[-123.92,43.6],[-123.93,42.77],[-123.93,42.74],[-123.94,42.74],[-123.94,42.73],[-123.95,42.73],[-123.96,42.73],[-123.96,42.71],[-123.98,42.71],[-123.98,42.7],[-124.0,42.7],[-124.0,42.69],[-124.03,42.69],[-124.07,42.69],[-124.09,42.69],[-124.09,42.68],[-124.1,42.68],[-124.11,42.68],[-124.12,42.68],[-124.12,42.67],[-124.13,42.67],[-124.14,42.67],[-124.14,42.71],[-124.25,42.71],[-124.35,42.71],[-124.46,42.71],[-124.46,42.72],[-124.47,42.72],[-124.47,42.73],[-124.48,42.73],[-124.48,42.74],[-124.49,42.74],[-124.5,42.74],[-124.51,42.74],[-124.51,42.75],[-124.52,42.75],[-124.52,42.76],[-124.52,42.77],[-124.52,42.78],[-124.52,42.79],[-124.53,42.79],[-124.53,42.8],[-124.53,42.81],[-124.54,42.81],[-124.54,42.82],[-124.55,42.83],[-124.56,42.83],[-124.57,42.83],[-124.57,42.84],[-124.56,42.84],[-124.55,42.84],[-124.55,42.85]]]]}},
{"type":"Feature","properties":{"ugc":"ORZ022","name":"Curry County Coast","state":"OR","wfo":"MFR"},"geometry":{"type":"MultiPolygon","coordinates":[[[[-124.46,42.7],[-124.46,42.71],[-124.35,42.71],[-124.25,42.71],[-124.26,42.64],[-124.26,42.58],[-124.26,42.49],[-124.27,42.46],[-124.27,42.42],[-124.26,42.36],[-124.26,42.32],[-124.24,42.28],[-124.23,42.24],[-124.2,42.19],[-124.17,42.16],[-124.13,42.1],[-124.11,42.08],[-124.1,42.06],[-124.09,42.04],[-124.08,42.02],[-124.08,42.0],[-124.09,42.0],[-124.1,42.0],[-124.13,42.0],[-124.14,42.0],[-124.21,42.0],[-124.22,42.0],[-124.22,42.01],[-124.23,42.01],[-124.23,42.02],[-124.24,42.02],[-124.24,42.03],[-124.25,42.03],[-124.26,42.03],[-124.26,42.04],[-124.27,42.04],[-124.27,42.05],[-124.28,42.05],[-124.29,42.05],[-124.3,42.05],[-124.3,42.06],[-124.31,42.06],[-124.31,42.07],[-124.32,42.07],[-124.32,42.08],[-124.33,42.08],[-124.33,42.09],[-124.34,42.09],[-124.34,42.1],[-124.35,42.1],[-124.35,42.11],[-124.36,42.11],[-124.36,42.12],[-124.35,42.12],[-124.35,42.13],[-124.35,42.14],[-124.36,42.14],[-124.36,42.15],[-124.37,42.15],[-124.37,42.16],[-124.36,42.16],[-124.36,42.17],[-124.36,42.18],[-124.36,42.19],[-124.37,42.19],[-124.38,42.2],[-124.38,42.21],[-124.38,42.22],[-124.38,42.23],[-124.39,42.23],[-124.39,42.24],[-124.4,42.24],[-124.4,42.25],[-124.41,42.25],[-124.41,42.26],[-124.41,42.27],[-124.41,42.28],[-124.41,42.29],[-124.41,42.3],[-124.41,42.31],[-124.42,42.31],[-124.42,42.32],[-124.43,42.32],[-124.43,42.33],[-124.43,42.34],[-124.43,42.35],[-124.43,42.36],[-124.43,42.37],[-124.42,42.37],[-124.42,42.38],[-124.42,42.39],[-124.43,42.4],[-124.43,42.41],[-124.43,42.42],[-124.43,42.43],[-124.44,42.44],[-124.43,42.44],[-124.43,42.45],[-124.42,42.46],[-124.42,42.47],[-124.42,42.48],[-124.42,42.49],[-124.42,42.5],[-124.41,42.51],[-124.41,42.52],[-124.4,42.53],[-124.4,42.54],[-124.4,42.55],[-124.39,42.55],[-124.39,42.56],[-124.39,42.57],[-124.39,42.58],[-124.4,42.59],[-124.4,42.6],[-124.4,42.61],[-124.4,42.62],[-124.4,42.63],[-124.41,42.63],[-124.41,42.64],[-124.41,42.65],[-124.41,42.66],[-124.42,42.66],[-124.43,42.66],[-124.43,42.67],[-124.44,42.67],[-124.45,42.67],[-124.45,42.68],[-124.45,42.69],[-124.46,42.7]]]]}},
{"type":"Feature","properties":{"ugc":"ORZ023","name":"Central Douglas County","state":"OR","wfo":"MFR"},"geometry":{"type":"MultiPolygon","coordinates":[[[[-123.7,43.94],[-123.68,43.94],[-123.66,43.94],[-123.66,43.92],[-123.64,43.92],[-123.62,43.92],[-123.62,43.9],[-123.62,43.89],[-123.58,43.89],[-123.58,43.87],[-123.57,43.87],[-123.54,43.87],[-123.53,43.87],[-123.53,43.86],[-123.53,43.83],[-123.52,43.83],[-123.48,43.83],[-123.47,43.83],[-123.47,43.81],[-123.45,43.81],[-123.37,43.81],[-123.35,43.81],[-123.35,43.8],[-123.35,43.78],[-123.24,43.78],[-123.14,43.78],[-123.14,43.77],[-123.14,43.75],[-123.14,43.74],[-123.14,43.71],[-123.14,43.66],[-123.14,43.63],[-123.14,43.62],[-123.14,43.61],[-123.13,43.61],[-123.12,43.61],[-123.11,43.61],[-123.11,43.55],[-123.11,43.54],[-123.1,43.52],[-123.1,43.5],[-123.1,43.48],[-123.09,43.45],[-123.07,43.41],[-123.05,43.37],[-123.01,43.31],[-122.97,43.26],[-122.93,43.21],[-122.89,43.16],[-122.86,43.12],[-122.84,43.07],[-122.82,43.02],[-122.8,42.97],[-122.79,42.92],[-122.78,42.88],[-122.78,42.84],[-122.78,42.83],[-122.77,42.82],[-122.77,42.81],[-122.78,42.81],[-122.78,42.79],[-122.79,42.79],[-122.79,42.78],[-122.8,42.78],[-122.82,42.78],[-122.84,42.78],[-122.85,42.78],[-122.85,42.77],[-122.9,42.77],[-122.95,42.77],[-122.96,42.77],[-122.97,42.77],[-122.97,42.76],[-122.99,42.76],[-123.0,42.76],[-123.01,42.76],[-123.01,42.75],[-123.11,42.75],[-123.11,42.76],[-123.15,42.76],[-123.15,42.74],[-123.17,42.74],[-123.18,42.74],[-123.18,42.73],[-123.19,42.73],[-123.19,42.72],[-123.2,42.72],[-123.21,42.72],[-123.21,42.71],[-123.22,42.71],[-123.23,42.71],[-123.23,42.7],[-123.24,42.7],[-123.25,42.7],[-123.25,42.72],[-123.27,42.72],[-123.27,42.73],[-123.28,42.73],[-123.3,42.73],[-123.31,42.73],[-123.33,42.73],[-123.37,42.73],[-123.38,42.72],[-123.4,42.72],[-123.4,42.71],[-123.41,42.71],[-123.42,42.71],[-123.43,42.71],[-123.44,42.71],[-123.44,42.7],[-123.45,42.7],[-123.46,42.7],[-123.49,42.7],[-123.49,42.71],[-123.54,42.71],[-123.54,42.72],[-123.56,42.72],[-123.57,42.72],[-123.57,42.73],[-123.58,42.73],[-123.58,42.74],[-123.62,42.74],[-123.67,42.74],[-123.68,42.74],[-123.68,42.75],[-123.69,42.75],[-123.7,42.75],[-123.7,42.74],[-123.72,42.74],[-123.72,42.75],[-123.72,42.78],[-123.73,42.78],[-123.74,42.78],[-123.74,42.79],[-123.75,42.79],[-123.76,42.79],[-123.77,42.79],[-123.78,42.8],[-123.79,42.8],[-123.8,42.79],[-123.81,42.79],[-123.83,42.79],[-123.85,42.79],[-123.85,42.78],[-123.87,42.78],[-123.87,42.77],[-123.93,42.77],[-123.92,43.6],[-123.92,43.66],[-123.92,43.67],[-123.92,43.8],[-124.0,43.81],[-123.99,43.86],[-123.96,43.86],[-123.95,43.86],[-123.95,43.87],[-123.93,43.87],[-123.93,43.88],[-123.93,43.9],[-123.91,43.9],[-123.9,43.9],[-123.89,43.91],[-123.88,43.91],[-123.87,43.91],[-123.87,43.92],[-123.86,43.92],[-123.85,43.92],[-123.85,43.93],[-123.84,43.93],[-123.84,43.94],[-123.83,43.94],[-123.81,43.94],[-123.76,43.94],[-123.75,43.94],[-123.71,43.95],[-123.7,43.94]]]]}},
{"type":"Feature","properties":{"ugc":"ORZ024","name":"Eastern Curry County and Josephine County","state":"OR","wfo":"MFR"},"geometry":{"type":"MultiPolygon","coordinates":[[[[-123.75,42.79],[-123.74,42.79],[-123.74,42.78],[-123.73,42.78],[-123.72,42.78],[-123.72,42.75],[-123.72,42.74],[-123.7,42.74],[-123.7,42.75],[-123.69,42.75],[-123.68,42.75],[-123.68,42.74],[-123.67,42.74],[-123.62,42.74],[-123.58,42.74],[-123.58,42.73],[-123.57,42.73],[-123.57,42.72],[-123.56,42.72],[-123.54,42.72],[-123.54,42.71],[-123.49,42.71],[-123.49,42.7],[-123.46,42.7],[-123.45,42.7],[-123.44,42.7],[-123.44,42.71],[-123.43,42.71],[-123.42,42.71],[-123.41,42.71],[-123.4,42.71],[-123.4,42.72],[-123.38,42.72],[-123.37,42.73],[-123.33,42.73],[-123.31,42.73],[-123.3,42.73],[-123.28,42.73],[-123.27,42.73],[-123.27,42.72],[-123.25,42.72],[-123.25,42.7],[-123.24,42.7],[-123.23,42.7],[-123.23,42.63],[-123.23,42.62],[-123.23,42.61],[-123.23,42.55],[-123.23,42.5],[-123.23,42.48],[-123.23,42.38],[-123.23,42.36],[-123.23,42.31],[-123.23,42.29],[-123.23,42.24],[-123.23,42.23],[-123.23,42.21],[-123.23,42.19],[-123.23,42.18],[-123.23,42.15],[-123.23,42.14],[-123.38,42.14],[-123.39,42.14],[-123.4,42.14],[-123.42,42.14],[-123.43,42.13],[-123.44,42.13],[-123.45,42.12],[-123.46,42.11],[-123.47,42.1],[-123.47,42.09],[-123.47,42.08],[-123.48,42.07],[-123.48,42.05],[-123.48,42.04],[-123.48,42.0],[-123.5,42.0],[-123.51,42.0],[-123.52,42.0],[-123.53,42.0],[-123.55,42.0],[-123.6,42.0],[-123.61,42.0],[-123.62,42.0],[-123.63,42.0],[-123.66,42.0],[-123.73,42.0],[-123.77,42.0],[-123.79,42.0],[-123.81,42.0],[-123.82,42.0],[-123.83,42.0],[-124.0,42.0],[-124.05,42.0],[-124.06,42.0],[-124.08,42.0],[-124.08,42.02],[-124.09,42.04],[-124.1,42.06],[-124.11,42.08],[-124.13,42.1],[-124.17,42.16],[-124.2,42.19],[-124.23,42.24],[-124.24,42.28],[-124.26,42.32],[-124.26,42.36],[-124.27,42.42],[-124.27,42.46],[-124.26,42.49],[-124.26,42.58],[-124.26,42.64],[-124.25,42.71],[-124.14,42.71],[-124.14,42.67],[-124.13,42.67],[-124.12,42.67],[-124.12,42.68],[-124.11,42.68],[-124.1,42.68],[-124.09,42.68],[-124.09,42.69],[-124.07,42.69],[-124.03,42.69],[-124.0,42.69],[-124.0,42.7],[-123.98,42.7],[-123.98,42.71],[-123.96,42.71],[-123.96,42.73],[-123.95,42.73],[-123.94,42.73],[-123.94,42.74],[-123.93,42.74],[-123.93,42.77],[-123.87,42.77],[-123.87,42.78],[-123.85,42.78],[-123.85,42.79],[-123.83,42.79],[-123.81,42.79],[-123.8,42.79],[-123.79,42.8],[-123.78,42.8],[-123.77,42.79],[-123.76,42.79],[-123.75,42.79]]]]}},
{"type":"Feature","properties":{"ugc":"ORZ025","name":"Eastern Douglas County Foothills","state":"OR","wfo":"MFR"},"geometry":{"type":"MultiPolygon","coordinates":[[[[-122.84,43.55],[-122.77,43.54],[-122.74,43.54],[-122.74,43.53],[-122.74,43.5],[-122.74,43.49],[-122.74,43.48],[-122.74,43.44],[-122.63,43.44],[-122.62,43.44],[-122.52,43.44],[-122.51,43.44],[-122.5,43.44],[-122.39,43.44],[-122.39,43.32],[-122.4,43.28],[-122.41,43.24],[-122.41,43.2],[-122.42,43.16],[-122.43,43.12],[-122.44,43.08],[-122.45,43.04],[-122.45,43.01],[-122.45,42.98],[-122.45,42.95],[-122.46,42.95],[-122.46,42.94],[-122.49,42.94],[-122.52,42.94],[-122.56,42.94],[-122.56,42.93],[-122.56,42.92],[-122.58,42.92],[-122.58,42.91],[-122.59,42.91],[-122.6,42.91],[-122.6,42.9],[-122.62,42.9],[-122.63,42.9],[-122.64,42.9],[-122.64,42.88],[-122.68,42.88],[-122.68,42.87],[-122.69,42.87],[-122.7,42.87],[-122.7,42.85],[-122.72,42.85],[-122.72,42.84],[-122.74,42.84],[-122.74,42.82],[-122.77,42.82],[-122.78,42.83],[-122.78,42.84],[-122.78,42.88],[-122.79,42.92],[-122.8,42.97],[-122.82,43.02],[-122.84,43.07],[-122.86,43.12],[-122.89,43.16],[-122.93,43.21],[-122.97,43.26],[-123.01,43.31],[-123.05,43.37],[-123.07,43.41],[-123.09,43.45],[-123.1,43.48],[-123.1,43.5],[-123.1,43.52],[-123.11,43.54],[-123.1,43.54],[-123.05,43.54],[-123.03,43.54],[-123.01,43.54],[-123.0,43.54],[-122.99,43.54],[-122.98,43.54],[-122.87,43.54],[-122.86,43.54],[-122.84,43.55]]]]}},
{"type":"Feature","properties":{"ugc":"ORZ026","name":"Jackson County","state":"OR","wfo":"MFR"},"geometry":{"type":"MultiPolygon","coordinates":[[[[-122.48,42.82],[-122.48,42.15],[-123.23,42.14],[-123.23,42.15],[-123.23,42.18],[-123.23,42.19],[-123.23,42.21],[-123.23,42.23],[-123.23,42.24],[-123.23,42.29],[-123.23,42.31],[-123.23,42.36],[-123.23,42.38],[-123.23,42.48],[-123.23,42.5],[-123.23,42.55],[-123.23,42.61],[-123.23,42.62],[-123.23,42.63],[-123.23,42.7],[-123.23,42.71],[-123.22,42.71],[-123.21,42.71],[-123.21,42.72],[-123.2,42.72],[-123.19,42.72],[-123.19,42.73],[-123.18,42.73],[-123.18,42.74],[-123.17,42.74],[-123.15,42.74],[-123.15,42.76],[-123.11,42.76],[-123.11,42.75],[-123.01,42.75],[-123.01,42.76],[-123.0,42.76],[-122.99,42.76],[-122.97,42.76],[-122.97,42.77],[-122.96,42.77],[-122.95,42.77],[-122.9,42.77],[-122.85,42.77],[-122.85,42.78],[-122.84,42.78],[-122.82,42.78],[-122.8,42.78],[-122.79,42.78],[-122.79,42.79],[-122.78,42.79],[-122.78,42.81],[-122.77,42.81],[-122.77,42.82],[-122.74,42.82],[-122.48,42.82]]]]}},
{"type":"Feature","properties":{"ugc":"ORZ027","name":"South Central Oregon Cascades","state":"OR","wfo":"MFR"},"geometry":{"type":"MultiPolygon","coordinates":[[[[-122.15,43.44],[-122.15,43.45],[-122.14,43.46],[-122.14,43.47],[-122.13,43.48],[-122.13,43.49],[-122.13,43.5],[-122.13,43.51],[-122.14,43.51],[-122.15,43.52],[-122.14,43.53],[-122.14,43.54],[-122.14,43.55],[-122.13,43.55],[-122.13,43.56],[-122.12,43.56],[-122.11,43.56],[-122.11,43.57],[-122.1,43.57],[-122.1,43.58],[-122.09,43.58],[-122.08,43.58],[-122.07,43.58],[-122.07,43.59],[-122.06,43.59],[-122.05,43.59],[-122.05,43.6],[-122.04,43.6],[-122.03,43.6],[-122.03,43.61],[-122.02,43.61],[-122.01,43.61],[-122.0,43.61],[-122.0,43.62],[-121.98,43.62],[-121.89,43.62],[-121.82,43.62],[-121.75,43.62],[-121.69,43.62],[-121.7,43.59],[-121.71,43.56],[-121.74,43.52],[-121.77,43.48],[-121.8,43.43],[-121.84,43.37],[-121.88,43.31],[-121.91,43.25],[-121.93,43.2],[-121.95,43.14],[-121.96,43.09],[-121.97,43.02],[-121.97,42.96],[-121.98,42.91],[-121.99,42.87],[-121.99,42.84],[-122.0,42.82],[-122.28,42.82],[-122.48,42.82],[-122.74,42.82],[-122.74,42.84],[-122.72,42.84],[-122.72,42.85],[-122.7,42.85],[-122.7,42.87],[-122.69,42.87],[-122.68,42.87],[-122.68,42.88],[-122.64,42.88],[-122.64,42.9],[-122.63,42.9],[-122.62,42.9],[-122.6,42.9],[-122.6,42.91],[-122.59,42.91],[-122.58,42.91],[-122.58,42.92],[-122.56,42.92],[-122.56,42.93],[-122.56,42.94],[-122.52,42.94],[-122.49,42.94],[-122.46,42.94],[-122.46,42.95],[-122.45,42.95],[-122.45,42.98],[-122.45,43.01],[-122.45,43.04],[-122.44,43.08],[-122.43,43.12],[-122.42,43.16],[-122.41,43.2],[-122.41,43.24],[-122.4,43.28],[-122.39,43.32],[-122.39,43.44],[-122.26,43.44],[-122.15,43.44]]]]}},
{"type":"Feature","properties":{"ugc":"ORZ028","name":"Siskiyou Mountains and Southern Oregon Cascades","state":"OR","wfo":"MFR"},"geometry":{"type":"MultiPolygon","coordinates":[[[[-122.15,42.03],[-122.15,42.01],[-122.16,42.01],[-122.18,42.01],[-122.26,42.01],[-122.34,42.01],[-122.38,42.01],[-122.4,42.01],[-122.44,42.01],[-122.5,42.01],[-122.63,42.0],[-122.65,42.0],[-122.71,42.0],[-122.75,42.0],[-122.78,42.0],[-122.79,42.0],[-122.81,42.0],[-122.82,42.0],[-122.83,42.0],[-122.84,42.0],[-122.86,42.0],[-122.88,42.0],[-122.89,42.0],[-122.94,42.0],[-123.04,42.0],[-123.07,42.0],[-123.08,42.01],[-123.1,42.01],[-123.15,42.01],[-123.19,42.01],[-123.23,42.0],[-123.25,42.0],[-123.27,42.0],[-123.35,42.0],[-123.38,42.0],[-123.4,42.0],[-123.43,42.0],[-123.48,42.0],[-123.48,42.04],[-123.48,42.05],[-123.48,42.07],[-123.47,42.08],[-123.47,42.09],[-123.47,42.1],[-123.46,42.11],[-123.45,42.12],[-123.44,42.13],[-123.43,42.13],[-123.42,42.14],[-123.4,42.14],[-123.39,42.14],[-123.38,42.14],[-123.23,42.14],[-122.48,42.15],[-122.48,42.82],[-122.28,42.82],[-122.0,42.82],[-122.0,42.33],[-122.0,42.31],[-122.0,42.29],[-122.01,42.27],[-122.02,42.24],[-122.04,42.21],[-122.07,42.17],[-122.1,42.12],[-122.11,42.1],[-122.13,42.08],[-122.14,42.05],[-122.15,42.03]]]]}},
{"type":"Feature","properties":{"ugc":"ORZ029","name":"Klamath Basin","state":"OR","wfo":"MFR"},"geometry":{"type":"MultiPolygon","coordinates":[[[[-121.12,42.01],[-121.12,42.0],[-121.13,42.0],[-121.15,42.0],[-121.25,42.0],[-121.26,42.0],[-121.31,42.0],[-121.33,42.0],[-121.34,42.0],[-121.35,42.0],[-121.38,42.0],[-121.42,42.0],[-121.51,42.0],[-121.57,42.0],[-121.6,42.0],[-121.61,42.0],[-121.62,42.0],[-121.75,42.0],[-121.79,42.0],[-121.85,42.0],[-121.9,42.0],[-121.98,42.0],[-122.01,42.0],[-122.11,42.01],[-122.15,42.01],[-122.15,42.03],[-122.14,42.05],[-122.13,42.08],[-122.11,42.1],[-122.1,42.12],[-122.07,42.17],[-122.04,42.21],[-122.02,42.24],[-122.01,42.27],[-122.0,42.29],[-122.0,42.31],[-122.0,42.33],[-122.0,42.82],[-121.99,42.84],[-121.99,42.87],[-121.98,42.91],[-121.97,42.96],[-121.93,42.95],[-121.91,42.95],[-121.87,42.94],[-121.83,42.93],[-121.79,42.91],[-121.75,42.88],[-121.72,42.86],[-121.68,42.82],[-121.66,42.8],[-121.64,42.77],[-121.63,42.74],[-121.62,42.7],[-121.62,42.69],[-121.62,42.65],[-121.63,42.56],[-121.62,42.52],[-121.62,42.47],[-121.6,42.42],[-121.56,42.37],[-121.52,42.33],[-121.47,42.3],[-121.42,42.27],[-121.35,42.24],[-121.28,42.21],[-121.23,42.19],[-121.2,42.17],[-121.18,42.15],[-121.16,42.13],[-121.15,42.11],[-121.14,42.08],[-121.13,42.06],[-121.12,42.04],[-121.12,42.01]]]]}},
{"type":"Feature","properties":{"ugc":"ORZ030","name":"Northern and Eastern Klamath County and Western Lake County","state":"OR","wfo":"MFR"},"geometry":{"type":"MultiPolygon","coordinates":[[[[-121.13,43.62],[-121.13,43.29],[-121.12,43.21],[-121.12,43.15],[-121.11,43.09],[-121.09,43.04],[-121.05,42.97],[-121.01,42.92],[-120.96,42.86],[-120.9,42.79],[-120.85,42.74],[-120.8,42.69],[-120.74,42.64],[-120.66,42.56],[-120.61,42.52],[-120.58,42.48],[-120.56,42.45],[-120.54,42.42],[-120.53,42.38],[-120.52,42.34],[-120.51,42.3],[-120.51,42.22],[-120.51,41.99],[-120.55,41.99],[-120.59,41.99],[-120.65,41.99],[-120.7,41.99],[-120.75,41.99],[-120.78,41.99],[-120.81,41.99],[-120.85,41.99],[-120.88,41.99],[-120.97,41.99],[-121.04,41.99],[-121.09,41.99],[-121.11,42.0],[-121.12,42.0],[-121.12,42.01],[-121.12,42.04],[-121.13,42.06],[-121.14,42.08],[-121.15,42.11],[-121.16,42.13],[-121.18,42.15],[-121.2,42.17],[-121.23,42.19],[-121.28,42.21],[-121.35,42.24],[-121.42,42.27],[-121.47,42.3],[-121.52,42.33],[-121.56,42.37],[-121.6,42.42],[-121.62,42.47],[-121.62,42.52],[-121.63,42.56],[-121.62,42.65],[-121.62,42.69],[-121.62,42.7],[-121.63,42.74],[-121.64,42.77],[-121.66,42.8],[-121.68,42.82],[-121.72,42.86],[-121.75,42.88],[-121.79,42.91],[-121.83,42.93],[-121.87,42.94],[-121.91,42.95],[-121.93,42.95],[-121.97,42.96],[-121.97,43.02],[-121.96,43.09],[-121.95,43.14],[-121.93,43.2],[-121.91,43.25],[-121.88,43.31],[-121.84,43.37],[-121.8,43.43],[-121.77,43.48],[-121.74,43.52],[-121.71,43.56],[-121.7,43.59],[-121.69,43.62],[-121.63,43.62],[-121.62,43.62],[-121.58,43.62],[-121.55,43.62],[-121.34,43.62],[-121.33,43.62],[-121.29,43.62],[-121.24,43.62],[-121.13,43.62]]]]}},
{"type":"Feature","properties":{"ugc":"ORZ031","name":"Central and Eastern Lake County","state":"OR","wfo":"MFR"},"geometry":{"type":"MultiPolygon","coordinates":[[[[-119.9,43.61],[-119.9,43.6],[-119.9,43.59],[-119.89,43.58],[-119.9,43.37],[-119.9,43.31],[-119.9,43.28],[-119.9,43.27],[-119.9,43.26],[-119.9,43.25],[-119.9,43.23],[-119.9,43.18],[-119.93,43.18],[-119.93,43.08],[-119.93,43.02],[-119.93,42.99],[-119.93,42.92],[-119.94,42.92],[-119.94,42.9],[-119.94,42.88],[-119.94,42.87],[-119.94,42.77],[-119.94,42.75],[-119.91,42.75],[-119.89,42.75],[-119.79,42.75],[-119.76,42.75],[-119.71,42.75],[-119.64,42.75],[-119.63,42.75],[-119.62,42.75],[-119.49,42.75],[-119.37,42.75],[-119.37,42.66],[-119.36,42.56],[-119.36,42.51],[-119.36,42.5],[-119.36,42.46],[-119.36,42.38],[-119.36,42.32],[-119.36,42.27],[-119.36,42.25],[-119.36,42.24],[-119.36,42.14],[-119.36,42.12],[-119.36,42.09],[-119.36,42.03],[-119.36,42.0],[-119.36,41.99],[-119.38,41.99],[-119.44,42.0],[-119.62,42.0],[-119.63,42.0],[-119.65,42.0],[-119.73,42.0],[-119.75,42.0],[-119.79,42.0],[-119.85,42.0],[-119.87,42.0],[-119.88,42.0],[-119.9,42.0],[-119.99,42.0],[-120.0,41.99],[-120.01,42.0],[-120.05,42.0],[-120.13,41.99],[-120.18,41.99],[-120.21,41.99],[-120.24,41.99],[-120.29,41.99],[-120.33,41.99],[-120.51,41.99],[-120.51,42.22],[-120.51,42.3],[-120.52,42.34],[-120.53,42.38],[-120.54,42.42],[-120.56,42.45],[-120.58,42.48],[-120.61,42.52],[-120.66,42.56],[-120.74,42.64],[-120.8,42.69],[-120.85,42.74],[-120.9,42.79],[-120.96,42.86],[-121.01,42.92],[-121.05,42.97],[-121.09,43.04],[-121.11,43.09],[-121.12,43.15],[-121.12,43.21],[-121.13,43.29],[-121.13,43.62],[-121.09,43.62],[-121.06,43.62],[-121.03,43.62],[-120.98,43.62],[-120.97,43.62],[-120.81,43.62],[-120.75,43.62],[-120.72,43.62],[-120.69,43.62],[-120.67,43.62],[-120.66,43.62],[-120.5,43.62],[-120.38,43.62],[-120.38,43.61],[-120.37,43.61],[-120.31,43.61],[-120.28,43.61],[-120.25,43.61],[-120.01,43.61],[-120.0,43.61],[-119.95,43.61],[-119.9,43.61]]]]}},
{"type":"Feature","properties":{"ugc":"ORZ041","name":"Eastern Columbia River Gorge of Oregon","state":"OR","wfo":"PDT"},"geometry":{"type":"MultiPolygon","coordinates":[[[[-120.44,45.63],[-120.45,45.63],[-120.46,45.62],[-120.47,45.62],[-120.48,45.62],[-120.49,45.63],[-120.5,45.64],[-120.52,45.64],[-120.54,45.64],[-120.57,45.68],[-120.64,45.7],[-120.69,45.69],[-120.7,45.67],[-120.76,45.66],[-120.78,45.63],[-120.82,45.61],[-120.85,45.62],[-120.88,45.61],[-120.87,45.59],[-120.87,45.58],[-120.88,45.57],[-120.89,45.57],[-120.89,45.56],[-120.89,45.55],[-120.9,45.55],[-120.91,45.56],[-120.92,45.57],[-120.92,45.58],[-120.94,45.59],[-120.97,45.58],[-121.01,45.59],[-121.03,45.59],[-121.04,45.59],[-121.05,45.59],[-121.04,45.58],[-121.04,45.57],[-121.05,45.55],[-121.07,45.52],[-121.11,45.54],[-121.15,45.54],[-121.17,45.53],[-121.18,45.56],[-121.19,45.57],[-121.2,45.58],[-121.22,45.57],[-121.24,45.56],[-121.26,45.56],[-121.28,45.55],[-121.29,45.56],[-121.29,45.57],[-121.27,45.57],[-121.27,45.58],[-121.26,45.58],[-121.25,45.59],[-121.24,45.59],[-121.23,45.59],[-121.23,45.61],[-121.25,45.62],[-121.23,45.64],[-121.27,45.66],[-121.33,45.66],[-121.36,45.62],[-121.39,45.65],[-121.43,45.64],[-121.44,45.67],[-121.44,45.7],[-121.42,45.69],[-121.4,45.69],[-121.37,45.7],[-121.34,45.7],[-121.31,45.7],[-121.29,45.69],[-121.25,45.68],[-121.22,45.67],[-121.2,45.66],[-121.2,45.65],[-121.2,45.63],[-121.2,45.62],[-121.18,45.61],[-121.17,45.61],[-121.15,45.61],[-121.14,45.61],[-121.13,45.61],[-121.12,45.62],[-121.09,45.65],[-121.06,45.65],[-121.03,45.65],[-121.01,45.65],[-120.98,45.65],[-120.95,45.66],[-120.94,45.66],[-120.91,45.64],[-120.9,45.64],[-120.86,45.67],[-120.79,45.69],[-120.75,45.7],[-120.72,45.71],[-120.69,45.72],[-120.67,45.73],[-120.65,45.74],[-120.64,45.75],[-120.63,45.75],[-120.59,45.75],[-120.56,45.74],[-120.52,45.71],[-120.51,45.7],[-120.48,45.69],[-120.4,45.7],[-120.38,45.7],[-120.34,45.71],[-120.33,45.71],[-120.32,45.71],[-120.3,45.72],[-120.29,45.72],[-120.28,45.72],[-120.26,45.72],[-120.21,45.73],[-120.17,45.76],[-120.14,45.77],[-120.13,45.78],[-120.07,45.79],[-120.0,45.81],[-120.0,45.8],[-120.0,45.78],[-120.0,45.77],[-120.0,45.75],[-120.03,45.73],[-120.04,45.73],[-120.06,45.72],[-120.07,45.72],[-120.09,45.72],[-120.11,45.72],[-120.13,45.71],[-120.14,45.7],[-120.15,45.68],[-120.18,45.68],[-120.21,45.68],[-120.23,45.67],[-120.25,45.67],[-120.28,45.67],[-120.3,45.68],[-120.31,45.69],[-120.32,45.69],[-120.33,45.68],[-120.34,45.67],[-120.35,45.66],[-120.36,45.65],[-120.38,45.65],[-120.39,45.66],[-120.4,45.66],[-120.4,45.67],[-120.4,45.68],[-120.4,45.69],[-120.41,45.69],[-120.42,45.69],[-120.43,45.68],[-120.44,45.67],[-120.45,45.67],[-120.46,45.67],[-120.46,45.66],[-120.45,45.65],[-120.44,45.64],[-120.43,45.63],[-120.44,45.63]]]]}},
{"type":"Feature","properties":{"ugc":"ORZ044","name":"Lower Columbia Basin of Oregon","state":"OR","wfo":"PDT"},"geometry":{"type":"MultiPolygon","coordinates":[[[[-120.0,45.58],[-120.04,45.58],[-120.05,45.55],[-120.07,45.54],[-120.1,45.56],[-120.11,45.58],[-120.13,45.6],[-120.15,45.59],[-120.24,45.59],[-120.26,45.58],[-120.23,45.56],[-120.22,45.53],[-120.27,45.55],[-120.32,45.55],[-120.35,45.53],[-120.36,45.54],[-120.37,45.54],[-120.38,45.54],[-120.39,45.54],[-120.39,45.55],[-120.4,45.55],[-120.41,45.56],[-120.4,45.57],[-120.41,45.58],[-120.41,45.59],[-120.41,45.6],[-120.42,45.6],[-120.43,45.6],[-120.44,45.6],[-120.44,45.61],[-120.45,45.61],[-120.44,45.62],[-120.44,45.63],[-120.43,45.63],[-120.44,45.64],[-120.45,45.65],[-120.46,45.66],[-120.46,45.67],[-120.45,45.67],[-120.44,45.67],[-120.43,45.68],[-120.42,45.69],[-120.41,45.69],[-120.4,45.69],[-120.4,45.68],[-120.4,45.67],[-120.4,45.66],[-120.39,45.66],[-120.38,45.65],[-120.36,45.65],[-120.35,45.66],[-120.34,45.67],[-120.33,45.68],[-120.32,45.69],[-120.31,45.69],[-120.3,45.68],[-120.28,45.67],[-120.25,45.67],[-120.23,45.67],[-120.21,45.68],[-120.18,45.68],[-120.15,45.68],[-120.14,45.7],[-120.13,45.71],[-120.11,45.72],[-120.09,45.72],[-120.07,45.72],[-120.06,45.72],[-120.04,45.73],[-120.03,45.73],[-120.0,45.75],[-120.0,45.77],[-120.0,45.78],[-120.0,45.8],[-120.0,45.81],[-119.97,45.82],[-119.91,45.83],[-119.88,45.83],[-119.87,45.84],[-119.8,45.85],[-119.77,45.85],[-119.73,45.85],[-119.67,45.86],[-119.65,45.87],[-119.62,45.91],[-119.6,45.92],[-119.57,45.93],[-119.52,45.91],[-119.49,45.91],[-119.45,45.92],[-119.36,45.92],[-119.32,45.93],[-119.31,45.93],[-119.26,45.94],[-119.23,45.93],[-119.2,45.93],[-119.17,45.93],[-119.13,45.93],[-119.09,45.94],[-119.06,45.96],[-119.03,45.97],[-119.01,45.98],[-119.0,45.99],[-118.99,46.0],[-118.98,46.0],[-118.93,46.0],[-118.88,46.0],[-118.84,46.0],[-118.87,45.98],[-118.89,45.95],[-118.91,45.91],[-118.92,45.87],[-118.94,45.86],[-118.94,45.83],[-118.97,45.8],[-118.98,45.72],[-118.98,45.68],[-119.01,45.64],[-119.06,45.63],[-119.1,45.64],[-119.13,45.65],[-119.16,45.64],[-119.25,45.59],[-119.25,45.6],[-119.28,45.6],[-119.3,45.6],[-119.33,45.6],[-119.35,45.6],[-119.37,45.6],[-119.38,45.6],[-119.43,45.6],[-119.45,45.59],[-119.48,45.59],[-119.5,45.59],[-119.53,45.58],[-119.55,45.59],[-119.59,45.58],[-119.6,45.57],[-119.62,45.55],[-119.66,45.54],[-119.7,45.55],[-119.72,45.55],[-119.73,45.54],[-119.75,45.54],[-119.76,45.53],[-119.77,45.52],[-119.77,45.51],[-119.78,45.5],[-119.78,45.49],[-119.8,45.48],[-119.82,45.47],[-119.83,45.47],[-119.84,45.46],[-119.85,45.47],[-119.87,45.47],[-119.91,45.5],[-119.92,45.51],[-119.93,45.52],[-119.94,45.54],[-119.95,45.55],[-119.97,45.56],[-120.0,45.58]]]]}},
{"type":"Feature","properties":{"ugc":"ORZ049","name":"Grande Ronde Valley","state":"OR","wfo":"PDT"},"geometry":{"type":"MultiPolygon","coordinates":[[[[-117.9,45.61],[-117.9,45.6],[-117.89,45.6],[-117.89,45.59],[-117.9,45.59],[-117.91,45.58],[-117.91,45.57],[-117.9,45.56],[-117.9,45.55],[-117.88,45.55],[-117.88,45.54],[-117.87,45.54],[-117.86,45.53],[-117.85,45.52],[-117.86,45.51],[-117.87,45.5],[-117.88,45.49],[-117.89,45.49],[-117.91,45.48],[-117.91,45.47],[-117.92,45.45],[-117.92,45.44],[-117.92,45.43],[-117.92,45.42],[-117.91,45.42],[-117.9,45.41],[-117.89,45.41],[-117.87,45.4],[-117.85,45.39],[-117.84,45.38],[-117.81,45.36],[-117.79,45.34],[-117.78,45.31],[-117.78,45.3],[-117.79,45.29],[-117.8,45.29],[-117.82,45.29],[-117.84,45.29],[-117.85,45.29],[-117.86,45.29],[-117.86,45.28],[-117.86,45.27],[-117.85,45.25],[-117.85,45.24],[-117.85,45.23],[-117.85,45.22],[-117.84,45.21],[-117.91,45.21],[-117.92,45.21],[-117.93,45.22],[-117.93,45.23],[-117.95,45.23],[-117.96,45.24],[-117.99,45.24],[-118.0,45.24],[-118.01,45.24],[-118.02,45.24],[-118.03,45.25],[-118.04,45.26],[-118.05,45.27],[-118.05,45.28],[-118.06,45.29],[-118.07,45.29],[-118.08,45.3],[-118.09,45.31],[-118.1,45.31],[-118.11,45.31],[-118.11,45.32],[-118.11,45.33],[-118.12,45.34],[-118.13,45.34],[-118.13,45.35],[-118.12,45.35],[-118.11,45.35],[-118.1,45.35],[-118.1,45.36],[-118.09,45.37],[-118.08,45.37],[-118.08,45.38],[-118.07,45.39],[-118.06,45.4],[-118.06,45.41],[-118.05,45.43],[-118.05,45.44],[-118.04,45.44],[-118.04,45.45],[-118.04,45.46],[-118.05,45.48],[-118.05,45.49],[-118.04,45.49],[-118.05,45.5],[-118.05,45.51],[-118.05,45.52],[-118.05,45.53],[-118.04,45.53],[-118.03,45.53],[-118.02,45.52],[-118.02,45.51],[-118.01,45.51],[-118.0,45.52],[-118.0,45.53],[-117.99,45.53],[-117.98,45.53],[-117.98,45.52],[-117.97,45.52],[-117.96,45.52],[-117.95,45.52],[-117.94,45.52],[-117.93,45.52],[-117.93,45.53],[-117.92,45.54],[-117.93,45.55],[-117.94,45.56],[-117.94,45.57],[-117.94,45.58],[-117.95,45.59],[-117.94,45.59],[-117.93,45.6],[-117.92,45.6],[-117.9,45.61]]]]}},
{"type":"Feature","properties":{"ugc":"ORZ050","name":"Wallowa County","state":"OR","wfo":"PDT"},"geometry":{"type":"MultiPolygon","coordinates":[[[[-117.24,46.0],[-117.13,46.0],[-117.12,46.0],[-117.07,46.0],[-117.05,46.0],[-117.04,46.0],[-116.98,46.0],[-116.97,46.0],[-116.96,46.0],[-116.94,46.0],[-116.92,46.0],[-116.91,45.99],[-116.9,45.98],[-116.89,45.98],[-116.89,45.97],[-116.89,45.96],[-116.88,45.96],[-116.88,45.95],[-116.88,45.94],[-116.87,45.94],[-116.87,45.93],[-116.87,45.92],[-116.86,45.91],[-116.86,45.9],[-116.85,45.9],[-116.84,45.89],[-116.83,45.89],[-116.82,45.88],[-116.81,45.88],[-116.81,45.87],[-116.8,45.86],[-116.79,45.86],[-116.79,45.85],[-116.79,45.84],[-116.79,45.83],[-116.78,45.83],[-116.78,45.82],[-116.77,45.82],[-116.76,45.82],[-116.75,45.82],[-116.74,45.82],[-116.74,45.83],[-116.73,45.83],[-116.72,45.83],[-116.71,45.83],[-116.7,45.82],[-116.69,45.81],[-116.68,45.8],[-116.68,45.79],[-116.67,45.79],[-116.67,45.78],[-116.66,45.78],[-116.65,45.78],[-116.64,45.78],[-116.63,45.78],[-116.62,45.78],[-116.61,45.78],[-116.6,45.78],[-116.59,45.78],[-116.59,45.77],[-116.58,45.77],[-116.57,45.76],[-116.56,45.76],[-116.56,45.75],[-116.55,45.75],[-116.54,45.74],[-116.54,45.73],[-116.54,45.72],[-116.54,45.71],[-116.54,45.7],[-116.54,45.69],[-116.53,45.69],[-116.53,45.68],[-116.52,45.68],[-116.52,45.67],[-116.51,45.67],[-116.5,45.66],[-116.49,45.65],[-116.49,45.64],[-116.48,45.64],[-116.48,45.63],[-116.47,45.63],[-116.47,45.62],[-116.46,45.62],[-116.46,45.61],[-116.46,45.6],[-116.47,45.6],[-116.47,45.59],[-116.48,45.59],[-116.48,45.58],[-116.49,45.58],[-116.49,45.57],[-116.5,45.57],[-116.5,45.56],[-116.51,45.56],[-116.52,45.56],[-116.52,45.55],[-116.53,45.54],[-116.53,45.53],[-116.54,45.52],[-116.54,45.51],[-116.55,45.51],[-116.56,45.51],[-116.56,45.5],[-116.55,45.5],[-116.55,45.49],[-116.56,45.49],[-116.56,45.48],[-116.56,45.47],[-116.56,45.46],[-116.57,45.46],[-116.58,45.45],[-116.59,45.44],[-116.59,45.43],[-116.6,45.42],[-116.6,45.41],[-116.61,45.4],[-116.62,45.4],[-116.62,45.39],[-116.63,45.39],[-116.63,45.38],[-116.63,45.37],[-116.64,45.37],[-116.65,45.36],[-116.66,45.35],[-116.66,45.34],[-116.67,45.33],[-116.67,45.32],[-116.67,45.31],[-116.67,45.3],[-116.67,45.29],[-116.67,45.28],[-116.68,45.27],[-116.69,45.27],[-116.69,45.26],[-116.7,45.25],[-116.7,45.24],[-116.7,45.23],[-116.71,45.22],[-116.71,45.21],[-116.71,45.2],[-116.71,45.19],[-116.72,45.18],[-116.72,45.17],[-116.72,45.16],[-116.73,45.16],[-116.73,45.14],[-116.74,45.14],[-116.75,45.13],[-116.75,45.12],[-116.76,45.11],[-116.77,45.11],[-116.78,45.1],[-116.78,45.09],[-116.78,45.08],[-116.79,45.08],[-116.86,45.08],[-116.88,45.08],[-116.93,45.08],[-117.01,45.08],[-117.13,45.08],[-117.15,45.08],[-117.2,45.08],[-117.25,45.08],[-117.36,45.08],[-117.38,45.08],[-117.5,45.08],[-117.56,45.08],[-117.56,45.02],[-117.56,44.99],[-117.58,44.99],[-117.61,44.99],[-117.61,45.0],[-117.63,45.01],[-117.64,45.01],[-117.66,45.02],[-117.68,45.02],[-117.71,45.03],[-117.75,45.05],[-117.76,45.05],[-117.79,45.06],[-117.8,45.07],[-117.8,45.08],[-117.8,45.1],[-117.81,45.11],[-117.82,45.11],[-117.83,45.12],[-117.84,45.14],[-117.86,45.16],[-117.86,45.17],[-117.87,45.18],[-117.87,45.19],[-117.86,45.2],[-117.85,45.2],[-117.84,45.2],[-117.84,45.21],[-117.85,45.22],[-117.85,45.23],[-117.85,45.24],[-117.85,45.25],[-117.86,45.27],[-117.86,45.28],[-117.86,45.29],[-117.85,45.29],[-117.84,45.29],[-117.82,45.29],[-117.8,45.29],[-117.79,45.29],[-117.78,45.3],[-117.78,45.31],[-117.79,45.34],[-117.81,45.36],[-117.84,45.38],[-117.85,45.39],[-117.87,45.4],[-117.89,45.41],[-117.9,45.41],[-117.91,45.42],[-117.92,45.42],[-117.92,45.43],[-117.92,45.44],[-117.92,45.45],[-117.91,45.47],[-117.91,45.48],[-117.89,45.49],[-117.88,45.49],[-117.87,45.5],[-117.86,45.51],[-117.85,45.52],[-117.85,45.51],[-117.84,45.52],[-117.83,45.52],[-117.81,45.52],[-117.79,45.51],[-117.78,45.52],[-117.79,45.54],[-117.78,45.56],[-117.77,45.58],[-117.76,45.58],[-117.75,45.59],[-117.74,45.59],[-117.73,45.59],[-117.73,45.6],[-117.73,45.61],[-117.73,45.62],[-117.71,45.62],[-117.7,45.62],[-117.7,45.63],[-117.69,45.62],[-117.66,45.63],[-117.65,45.62],[-117.63,45.61],[-117.62,45.61],[-117.6,45.62],[-117.59,45.62],[-117.58,45.62],[-117.57,45.62],[-117.56,45.62],[-117.55,45.63],[-117.54,45.64],[-117.53,45.64],[-117.52,45.64],[-117.52,45.65],[-117.51,45.66],[-117.5,45.66],[-117.47,45.67],[-117.46,45.68],[-117.45,45.69],[-117.44,45.7],[-117.43,45.72],[-117.42,45.75],[-117.42,45.77],[-117.41,45.78],[-117.41,45.79],[-117.42,45.8],[-117.43,45.81],[-117.44,45.82],[-117.44,45.84],[-117.44,45.85],[-117.45,45.86],[-117.45,45.87],[-117.45,45.88],[-117.46,45.89],[-117.47,45.9],[-117.45,45.9],[-117.45,45.91],[-117.44,45.91],[-117.44,45.92],[-117.44,45.93],[-117.43,45.93],[-117.43,45.94],[-117.42,45.95],[-117.41,45.95],[-117.41,45.96],[-117.4,45.97],[-117.38,45.98],[-117.38,45.99],[-117.37,46.0],[-117.35,46.0],[-117.34,46.0],[-117.24,46.0]]]]}},
{"type":"Feature","properties":{"ugc":"ORZ061","name":"Harney County","state":"OR","wfo":"BOI"},"geometry":{"type":"MultiPolygon","coordinates":[[[[-118.23,44.04],[-118.23,43.78],[-118.23,43.76],[-118.23,43.75],[-118.23,43.74],[-118.23,43.63],[-118.23,43.51],[-118.23,43.5],[-118.23,43.35],[-118.23,43.34],[-118.23,43.25],[-118.23,43.22],[-118.23,43.15],[-118.23,43.12],[-118.23,43.1],[-118.23,43.03],[-118.23,43.02],[-118.23,43.0],[-118.23,42.99],[-118.23,42.96],[-118.23,42.91],[-118.22,42.91],[-118.22,42.87],[-118.22,42.82],[-118.22,42.81],[-118.22,42.75],[-118.22,42.73],[-118.22,42.63],[-118.22,42.61],[-118.22,42.6],[-118.22,42.5],[-118.21,42.28],[-118.2,42.28],[-118.2,42.22],[-118.2,42.12],[-118.2,42.05],[-118.2,42.0],[-118.26,42.0],[-118.38,42.0],[-118.46,42.0],[-118.48,42.0],[-118.5,42.0],[-118.6,41.99],[-118.7,41.99],[-118.75,41.99],[-118.78,41.99],[-118.8,41.99],[-118.87,41.99],[-118.93,41.99],[-119.0,41.99],[-119.01,41.99],[-119.04,41.99],[-119.12,41.99],[-119.13,41.99],[-119.21,41.99],[-119.23,41.99],[-119.25,41.99],[-119.32,41.99],[-119.36,41.99],[-119.36,42.0],[-119.36,42.03],[-119.36,42.09],[-119.36,42.12],[-119.36,42.14],[-119.36,42.24],[-119.36,42.25],[-119.36,42.27],[-119.36,42.32],[-119.36,42.38],[-119.36,42.46],[-119.36,42.5],[-119.36,42.51],[-119.36,42.56],[-119.37,42.66],[-119.37,42.75],[-119.49,42.75],[-119.62,42.75],[-119.63,42.75],[-119.64,42.75],[-119.71,42.75],[-119.76,42.75],[-119.79,42.75],[-119.89,42.75],[-119.91,42.75],[-119.94,42.75],[-119.94,42.77],[-119.94,42.87],[-119.94,42.88],[-119.94,42.9],[-119.94,42.92],[-119.93,42.92],[-119.93,42.99],[-119.93,43.02],[-119.93,43.08],[-119.93,43.18],[-119.9,43.18],[-119.9,43.23],[-119.9,43.25],[-119.9,43.26],[-119.9,43.27],[-119.9,43.28],[-119.9,43.31],[-119.9,43.37],[-119.89,43.58],[-119.9,43.59],[-119.9,43.6],[-119.9,43.61],[-119.9,43.62],[-119.9,43.65],[-119.9,43.67],[-119.9,43.7],[-119.78,43.7],[-119.78,43.77],[-119.78,43.87],[-119.78,43.96],[-119.75,43.96],[-119.66,43.96],[-119.63,43.96],[-119.54,43.96],[-119.52,43.96],[-119.5,43.96],[-119.38,43.96],[-119.35,43.96],[-119.29,43.96],[-119.25,43.96],[-119.22,43.96],[-119.13,43.96],[-119.09,43.96],[-119.06,43.96],[-119.0,43.96],[-118.99,43.96],[-118.82,43.96],[-118.82,44.03],[-118.82,44.04],[-118.82,44.05],[-118.81,44.05],[-118.75,44.05],[-118.59,44.05],[-118.59,44.04],[-118.58,44.04],[-118.5,44.04],[-118.47,44.04],[-118.44,44.04],[-118.36,44.04],[-118.35,44.04],[-118.34,44.04],[-118.23,44.04]]]]}},
{"type":"Feature","properties":{"ugc":"ORZ062","name":"Baker County","state":"OR","wfo":"BOI"},"geometry":{"type":"MultiPolygon","coordinates":[[[[-118.42,44.45],[-118.41,44.45],[-118.4,44.46],[-118.39,44.46],[-118.38,44.46],[-118.37,44.46],[-118.37,44.47],[-118.36,44.47],[-118.36,44.48],[-118.36,44.49],[-118.37,44.5],[-118.37,44.51],[-118.37,44.52],[-118.37,44.53],[-118.36,44.54],[-118.35,44.54],[-118.35,44.55],[-118.35,44.56],[-118.34,44.56],[-118.33,44.56],[-118.32,44.56],[-118.32,44.57],[-118.31,44.57],[-118.32,44.58],[-118.31,44.58],[-118.31,44.59],[-118.31,44.6],[-118.32,44.6],[-118.32,44.61],[-118.33,44.61],[-118.34,44.61],[-118.34,44.62],[-118.34,44.63],[-118.35,44.63],[-118.35,44.64],[-118.36,44.64],[-118.37,44.64],[-118.37,44.65],[-118.38,44.65],[-118.39,44.64],[-118.4,44.64],[-118.41,44.64],[-118.41,44.65],[-118.42,44.65],[-118.43,44.65],[-118.44,44.65],[-118.45,44.65],[-118.46,44.66],[-118.47,44.66],[-118.48,44.66],[-118.49,44.66],[-118.5,44.67],[-118.51,44.67],[-118.51,44.68],[-118.51,44.69],[-118.52,44.69],[-118.52,44.7],[-118.52,44.71],[-118.51,44.71],[-118.5,44.71],[-118.49,44.71],[-118.48,44.71],[-118.47,44.71],[-118.46,44.71],[-118.46,44.72],[-118.45,44.72],[-118.44,44.72],[-118.43,44.72],[-118.42,44.72],[-118.42,44.73],[-118.41,44.73],[-118.4,44.73],[-118.39,44.73],[-118.39,44.74],[-118.38,44.74],[-118.38,44.75],[-118.37,44.75],[-118.36,44.75],[-118.35,44.74],[-118.34,44.74],[-118.33,44.74],[-118.32,44.74],[-118.31,44.74],[-118.3,44.75],[-118.29,44.75],[-118.29,44.76],[-118.29,44.77],[-118.29,44.78],[-118.29,44.79],[-118.3,44.79],[-118.3,44.8],[-118.3,44.81],[-118.3,44.82],[-118.31,44.82],[-118.31,44.83],[-118.32,44.83],[-118.32,44.84],[-118.31,44.84],[-118.31,44.85],[-118.3,44.85],[-118.29,44.85],[-118.29,44.86],[-118.29,44.87],[-118.28,44.87],[-118.27,44.87],[-118.26,44.86],[-118.25,44.86],[-118.24,44.86],[-118.23,44.86],[-118.23,44.87],[-118.22,44.88],[-118.23,44.88],[-118.23,44.89],[-118.23,44.9],[-118.24,44.9],[-118.24,44.91],[-118.23,44.91],[-118.23,44.92],[-118.23,44.93],[-118.22,44.94],[-118.23,44.94],[-118.24,44.94],[-118.24,44.95],[-118.25,44.96],[-118.23,44.96],[-118.23,44.97],[-118.23,44.98],[-118.22,44.98],[-118.22,44.99],[-118.21,44.99],[-118.21,45.0],[-118.21,45.01],[-118.2,45.01],[-118.2,45.02],[-118.19,45.02],[-118.18,45.02],[-118.17,45.02],[-118.16,45.02],[-118.15,45.02],[-118.15,45.03],[-118.14,45.03],[-118.14,45.04],[-118.13,45.04],[-118.12,45.04],[-118.12,45.05],[-118.11,45.05],[-118.1,45.05],[-118.1,45.04],[-118.09,45.04],[-118.09,45.03],[-118.08,45.03],[-118.08,45.02],[-118.07,45.02],[-118.06,45.01],[-118.05,45.01],[-118.04,45.01],[-118.04,45.0],[-118.03,45.0],[-118.02,45.0],[-118.01,45.0],[-118.0,45.0],[-118.0,44.99],[-117.99,44.99],[-117.99,45.0],[-117.98,45.0],[-117.97,45.0],[-117.96,45.0],[-117.95,45.0],[-117.95,45.01],[-117.94,45.01],[-117.93,45.01],[-117.93,45.02],[-117.92,45.02],[-117.91,45.03],[-117.9,45.03],[-117.9,45.04],[-117.89,45.05],[-117.89,45.06],[-117.88,45.06],[-117.87,45.06],[-117.86,45.05],[-117.86,45.06],[-117.85,45.06],[-117.84,45.06],[-117.84,45.05],[-117.83,45.04],[-117.83,45.03],[-117.82,45.03],[-117.81,45.03],[-117.8,45.03],[-117.79,45.03],[-117.8,45.02],[-117.79,45.02],[-117.79,45.01],[-117.78,45.01],[-117.78,45.0],[-117.78,44.99],[-117.75,44.99],[-117.61,44.99],[-117.58,44.99],[-117.56,44.99],[-117.56,45.02],[-117.56,45.08],[-117.5,45.08],[-117.38,45.08],[-117.36,45.08],[-117.25,45.08],[-117.2,45.08],[-117.15,45.08],[-117.13,45.08],[-117.01,45.08],[-116.93,45.08],[-116.88,45.08],[-116.86,45.08],[-116.79,45.08],[-116.78,45.08],[-116.79,45.07],[-116.79,45.06],[-116.8,45.06],[-116.8,45.05],[-116.81,45.05],[-116.82,45.05],[-116.82,45.04],[-116.83,45.04],[-116.84,45.03],[-116.85,45.02],[-116.85,45.01],[-116.84,45.0],[-116.85,45.0],[-116.85,44.99],[-116.86,44.99],[-116.86,44.98],[-116.85,44.97],[-116.85,44.96],[-116.84,44.95],[-116.84,44.94],[-116.83,44.94],[-116.83,44.93],[-116.84,44.93],[-116.84,44.92],[-116.84,44.91],[-116.85,44.9],[-116.85,44.89],[-116.86,44.88],[-116.87,44.87],[-116.88,44.87],[-116.88,44.86],[-116.89,44.86],[-116.9,44.85],[-116.9,44.84],[-116.91,44.83],[-116.92,44.81],[-116.93,44.81],[-116.93,44.8],[-116.93,44.79],[-116.94,44.78],[-116.95,44.78],[-116.96,44.78],[-116.97,44.78],[-116.97,44.77],[-116.99,44.76],[-117.0,44.76],[-117.01,44.76],[-117.02,44.75],[-117.03,44.75],[-117.04,44.75],[-117.05,44.74],[-117.05,44.73],[-117.06,44.73],[-117.06,44.72],[-117.06,44.71],[-117.06,44.7],[-117.07,44.7],[-117.08,44.69],[-117.08,44.68],[-117.08,44.67],[-117.09,44.67],[-117.1,44.66],[-117.09,44.65],[-117.1,44.65],[-117.1,44.64],[-117.11,44.63],[-117.11,44.62],[-117.12,44.62],[-117.12,44.61],[-117.12,44.6],[-117.13,44.59],[-117.12,44.59],[-117.13,44.58],[-117.14,44.57],[-117.15,44.57],[-117.15,44.56],[-117.14,44.56],[-117.14,44.55],[-117.15,44.54],[-117.15,44.53],[-117.16,44.53],[-117.17,44.52],[-117.18,44.52],[-117.19,44.52],[-117.19,44.51],[-117.19,44.5],[-117.2,44.5],[-117.2,44.49],[-117.21,44.49],[-117.22,44.49],[-117.22,44.48],[-117.23,44.48],[-117.22,44.47],[-117.22,44.46],[-117.21,44.45],[-117.22,44.45],[-117.22,44.44],[-117.22,44.43],[-117.22,44.42],[-117.22,44.41],[-117.23,44.41],[-117.23,44.4],[-117.24,44.4],[-117.24,44.39],[-117.24,44.38],[-117.24,44.37],[-117.23,44.37],[-117.22,44.37],[-117.22,44.36],[-117.21,44.36],[-117.21,44.35],[-117.2,44.35],[-117.19,44.34],[-117.19,44.33],[-117.2,44.33],[-117.2,44.32],[-117.2,44.31],[-117.21,44.31],[-117.22,44.31],[-117.22,44.3],[-117.23,44.3],[-117.26,44.3],[-117.36,44.3],[-117.38,44.3],[-117.49,44.3],[-117.49,44.37],[-117.49,44.39],[-117.51,44.39],[-117.51,44.4],[-117.53,44.4],[-117.53,44.42],[-117.57,44.42],[-117.57,44.43],[-117.58,44.43],[-117.59,44.43],[-117.59,44.44],[-117.6,44.44],[-117.63,44.44],[-117.74,44.44],[-117.75,44.44],[-117.87,44.44],[-117.97,44.44],[-117.97,44.43],[-118.01,44.43],[-118.01,44.42],[-118.03,44.42],[-118.03,44.39],[-118.05,44.39],[-118.05,44.37],[-118.07,44.37],[-118.07,44.36],[-118.09,44.36],[-118.09,44.34],[-118.09,44.33],[-118.11,44.33],[-118.11,44.31],[-118.13,44.31],[-118.13,44.3],[-118.14,44.3],[-118.15,44.3],[-118.15,44.27],[-118.17,44.27],[-118.19,44.27],[-118.19,44.26],[-118.22,44.26],[-118.23,44.26],[-118.25,44.26],[-118.35,44.26],[-118.36,44.26],[-118.39,44.26],[-118.42,44.26],[-118.46,44.26],[-118.5,44.26],[-118.5,44.28],[-118.5,44.29],[-118.49,44.29],[-118.49,44.3],[-118.48,44.3],[-118.48,44.31],[-118.48,44.32],[-118.47,44.32],[-118.47,44.33],[-118.46,44.34],[-118.46,44.35],[-118.45,44.35],[-118.44,44.35],[-118.43,44.36],[-118.43,44.37],[-118.42,44.37],[-118.41,44.37],[-118.41,44.38],[-118.42,44.39],[-118.43,44.39],[-118.43,44.4],[-118.44,44.4],[-118.43,44.41],[-118.43,44.42],[-118.42,44.42],[-118.42,44.43],[-118.42,44.44],[-118.42,44.45]]],[[[-116.84,44.97],[-116.84,44.98],[-116.83,44.98],[-116.83,44.97],[-116.84,44.97]]]]}},
{"type":"Feature","properties":{"ugc":"ORZ063","name":"Malheur County","state":"OR","wfo":"BOI"},"geometry":{"type":"MultiPolygon","coordinates":[[[[-117.26,44.3],[-117.26,44.21],[-117.35,44.21],[-117.35,44.23],[-117.41,44.23],[-117.41,44.24],[-117.45,44.24],[-117.45,44.23],[-117.47,44.23],[-117.47,44.24],[-117.49,44.24],[-117.49,44.26],[-117.51,44.26],[-117.53,44.27],[-117.57,44.27],[-117.57,44.24],[-117.55,44.23],[-117.53,44.23],[-117.53,44.18],[-117.51,44.18],[-117.51,44.17],[-117.47,44.17],[-117.47,44.1],[-117.43,44.1],[-117.43,44.11],[-117.41,44.11],[-117.41,44.1],[-117.39,44.1],[-117.39,44.08],[-117.37,44.08],[-117.37,44.07],[-117.33,44.07],[-117.33,44.04],[-117.35,44.04],[-117.35,44.05],[-117.41,44.05],[-117.41,44.04],[-117.45,44.04],[-117.45,44.03],[-117.43,44.03],[-117.43,44.01],[-117.41,44.01],[-117.41,43.98],[-117.45,43.98],[-117.45,43.93],[-117.45,43.91],[-117.37,43.91],[-117.37,43.88],[-117.33,43.88],[-117.33,43.85],[-117.27,43.85],[-117.27,43.87],[-117.25,43.87],[-117.19,43.84],[-117.19,43.74],[-117.1,43.74],[-117.1,43.71],[-117.12,43.71],[-117.12,43.67],[-117.1,43.67],[-117.1,43.64],[-117.08,43.64],[-117.08,43.58],[-117.06,43.58],[-117.06,43.56],[-117.03,43.56],[-117.03,43.55],[-117.03,43.52],[-117.03,43.32],[-117.03,43.2],[-117.03,43.15],[-117.03,43.14],[-117.03,43.13],[-117.03,43.12],[-117.03,43.08],[-117.03,43.03],[-117.03,42.97],[-117.03,42.89],[-117.03,42.88],[-117.03,42.84],[-117.03,42.67],[-117.03,42.49],[-117.03,42.46],[-117.03,42.41],[-117.03,42.38],[-117.03,42.36],[-117.03,42.32],[-117.03,42.31],[-117.03,42.16],[-117.03,42.12],[-117.03,42.07],[-117.03,42.0],[-117.04,42.0],[-117.05,42.0],[-117.13,42.0],[-117.2,42.0],[-117.22,42.0],[-117.25,42.0],[-117.26,42.0],[-117.37,42.0],[-117.39,42.0],[-117.44,42.0],[-117.49,42.0],[-117.5,42.0],[-117.51,42.0],[-117.53,42.0],[-117.62,42.0],[-117.63,42.0],[-117.74,42.0],[-117.79,42.0],[-117.89,42.0],[-117.92,42.0],[-117.95,42.0],[-118.01,42.0],[-118.2,42.0],[-118.2,42.05],[-118.2,42.12],[-118.2,42.22],[-118.2,42.28],[-118.21,42.28],[-118.22,42.5],[-118.22,42.6],[-118.22,42.61],[-118.22,42.63],[-118.22,42.73],[-118.22,42.75],[-118.22,42.81],[-118.22,42.82],[-118.22,42.87],[-118.22,42.91],[-118.23,42.91],[-118.23,42.96],[-118.23,42.99],[-118.23,43.0],[-118.23,43.02],[-118.23,43.03],[-118.23,43.1],[-118.23,43.12],[-118.23,43.15],[-118.23,43.22],[-118.23,43.25],[-118.23,43.34],[-118.23,43.35],[-118.23,43.5],[-118.23,43.51],[-118.23,43.63],[-118.23,43.74],[-118.23,43.75],[-118.23,43.76],[-118.23,43.78],[-118.23,44.04],[-118.23,44.21],[-118.23,44.24],[-118.23,44.26],[-118.22,44.26],[-118.19,44.26],[-118.19,44.27],[-118.17,44.27],[-118.15,44.27],[-118.15,44.3],[-118.14,44.3],[-118.13,44.3],[-118.13,44.31],[-118.11,44.31],[-118.11,44.33],[-118.09,44.33],[-118.09,44.34],[-118.09,44.36],[-118.07,44.36],[-118.07,44.37],[-118.05,44.37],[-118.05,44.39],[-118.03,44.39],[-118.03,44.42],[-118.01,44.42],[-118.01,44.43],[-117.97,44.43],[-117.97,44.44],[-117.87,44.44],[-117.75,44.44],[-117.74,44.44],[-117.63,44.44],[-117.6,44.44],[-117.59,44.44],[-117.59,44.43],[-117.58,44.43],[-117.57,44.43],[-117.57,44.42],[-117.53,44.42],[-117.53,44.4],[-117.51,44.4],[-117.51,44.39],[-117.49,44.39],[-117.49,44.37],[-117.49,44.3],[-117.38,44.3],[-117.36,44.3],[-117.26,44.3]]]]}},
{"type":"Feature","properties":{"ugc":"ORZ064","name":"Oregon Lower Treasure Valley","state":"OR","wfo":"BOI"},"geometry":{"type":"MultiPolygon","coordinates":[[[[-117.16,44.26],[-117.15,44.26],[-117.14,44.26],[-117.13,44.26],[-117.13,44.27],[-117.12,44.28],[-117.11,44.28],[-117.1,44.28],[-117.1,44.27],[-117.09,44.27],[-117.09,44.26],[-117.08,44.25],[-117.07,44.25],[-117.07,44.24],[-117.06,44.24],[-117.06,44.23],[-117.05,44.23],[-117.04,44.24],[-117.04,44.25],[-117.03,44.25],[-117.02,44.25],[-117.01,44.25],[-117.0,44.25],[-116.99,44.25],[-116.98,44.24],[-116.97,44.24],[-116.97,44.23],[-116.97,44.22],[-116.97,44.21],[-116.97,44.2],[-116.97,44.19],[-116.96,44.19],[-116.95,44.19],[-116.94,44.19],[-116.93,44.19],[-116.92,44.19],[-116.92,44.18],[-116.91,44.18],[-116.9,44.18],[-116.9,44.17],[-116.89,44.17],[-116.89,44.16],[-116.9,44.16],[-116.9,44.15],[-116.91,44.14],[-116.91,44.13],[-116.92,44.13],[-116.92,44.12],[-116.93,44.12],[-116.93,44.11],[-116.93,44.1],[-116.94,44.1],[-116.94,44.09],[-116.96,44.09],[-116.97,44.09],[-116.98,44.09],[-116.98,44.08],[-116.98,44.07],[-116.98,44.06],[-116.97,44.06],[-116.97,44.05],[-116.96,44.05],[-116.95,44.04],[-116.94,44.04],[-116.94,44.03],[-116.93,44.02],[-116.94,44.02],[-116.94,44.01],[-116.94,44.0],[-116.94,43.99],[-116.94,43.98],[-116.95,43.98],[-116.96,43.98],[-116.96,43.97],[-116.97,43.97],[-116.98,43.96],[-116.97,43.96],[-116.96,43.96],[-116.96,43.95],[-116.96,43.94],[-116.97,43.94],[-116.97,43.93],[-116.96,43.93],[-116.96,43.92],[-116.97,43.92],[-116.98,43.91],[-116.98,43.9],[-116.98,43.89],[-116.98,43.88],[-116.98,43.87],[-116.99,43.86],[-117.0,43.86],[-117.01,43.86],[-117.02,43.86],[-117.02,43.85],[-117.01,43.85],[-117.01,43.84],[-117.02,43.84],[-117.03,43.84],[-117.03,43.83],[-117.02,43.82],[-117.02,43.81],[-117.03,43.81],[-117.03,43.75],[-117.03,43.72],[-117.03,43.71],[-117.03,43.7],[-117.03,43.69],[-117.03,43.68],[-117.03,43.67],[-117.03,43.63],[-117.03,43.62],[-117.03,43.61],[-117.03,43.58],[-117.03,43.57],[-117.03,43.56],[-117.06,43.56],[-117.06,43.58],[-117.08,43.58],[-117.08,43.64],[-117.1,43.64],[-117.1,43.67],[-117.12,43.67],[-117.12,43.71],[-117.1,43.71],[-117.1,43.74],[-117.19,43.74],[-117.19,43.84],[-117.25,43.87],[-117.27,43.87],[-117.27,43.85],[-117.33,43.85],[-117.33,43.88],[-117.37,43.88],[-117.37,43.91],[-117.45,43.91],[-117.45,43.93],[-117.45,43.98],[-117.41,43.98],[-117.41,44.01],[-117.43,44.01],[-117.43,44.03],[-117.45,44.03],[-117.45,44.04],[-117.41,44.04],[-117.41,44.05],[-117.35,44.05],[-117.35,44.04],[-117.33,44.04],[-117.33,44.07],[-117.37,44.07],[-117.37,44.08],[-117.39,44.08],[-117.39,44.1],[-117.41,44.1],[-117.41,44.11],[-117.43,44.11],[-117.43,44.1],[-117.47,44.1],[-117.47,44.17],[-117.51,44.17],[-117.51,44.18],[-117.53,44.18],[-117.53,44.23],[-117.55,44.23],[-117.57,44.24],[-117.57,44.27],[-117.53,44.27],[-117.51,44.26],[-117.49,44.26],[-117.49,44.24],[-117.47,44.24],[-117.47,44.23],[-117.45,44.23],[-117.45,44.24],[-117.41,44.24],[-117.41,44.23],[-117.35,44.23],[-117.35,44.21],[-117.26,44.21],[-117.26,44.3],[-117.23,44.3],[-117.22,44.3],[-117.22,44.29],[-117.21,44.28],[-117.2,44.28],[-117.2,44.27],[-117.19,44.27],[-117.18,44.27],[-117.18,44.26],[-117.17,44.26],[-117.16,44.26]]]]}},
{"type":"Feature","properties":{"ugc":"ORZ101","name":"Clatsop County Coast","state":"OR","wfo":"PQR"},"geometry":{"type":"MultiPolygon","coordinates":[[[[-123.49,46.25],[-123.49,46.26],[-123.48,46.26],[-123.47,46.26],[-123.47,46.25],[-123.46,46.25],[-123.45,46.25],[-123.45,46.24],[-123.44,46.24],[-123.44,46.23],[-123.43,46.23],[-123.43,46.22],[-123.44,46.22],[-123.44,46.21],[-123.45,46.21],[-123.46,46.22],[-123.47,46.22],[-123.48,46.23],[-123.48,46.24],[-123.48,46.25],[-123.49,46.25]],[[-123.48,46.24],[-123.47,46.23],[-123.47,46.24],[-123.48,46.24]]],[[[-123.49,46.26],[-123.5,46.26],[-123.5,46.27],[-123.49,46.27],[-123.49,46.26]]],[[[-123.62,46.22],[-123.61,46.22],[-123.6,46.22],[-123.6,46.21],[-123.61,46.21],[-123.62,46.21],[-123.62,46.22]]],[[[-123.6,46.22],[-123.6,46.23],[-123.59,46.23],[-123.58,46.23],[-123.57,46.23],[-123.57,46.24],[-123.56,46.24],[-123.55,46.24],[-123.55,46.23],[-123.56,46.23],[-123.56,46.22],[-123.57,46.22],[-123.57,46.21],[-123.58,46.21],[-123.59,46.21],[-123.6,46.21],[-123.59,46.22],[-123.6,46.22]]],[[[-123.55,46.24],[-123.55,46.25],[-123.54,46.25],[-123.53,46.25],[-123.54,46.24],[-123.55,46.24]]],[[[-123.52,46.24],[-123.52,46.25],[-123.51,46.25],[-123.5,46.25],[-123.5,46.24],[-123.51,46.24],[-123.52,46.24]]],[[[-123.62,46.23],[-123.61,46.24],[-123.61,46.23],[-123.62,46.23]]],[[[-123.62,46.23],[-123.63,46.24],[-123.62,46.24],[-123.62,46.23]]],[[[-124.0,46.21],[-123.99,46.21],[-123.98,46.21],[-123.97,46.21],[-123.96,46.21],[-123.95,46.21],[-123.95,46.2],[-123.94,46.2],[-123.93,46.19],[-123.92,46.19],[-123.92,46.18],[-123.91,46.18],[-123.91,46.17],[-123.9,46.17],[-123.89,46.17],[-123.88,46.17],[-123.87,46.17],[-123.89,46.16],[-123.88,46.16],[-123.87,46.16],[-123.86,46.16],[-123.85,46.16],[-123.84,46.16],[-123.83,46.16],[-123.83,46.17],[-123.84,46.17],[-123.85,46.17],[-123.85,46.18],[-123.86,46.18],[-123.86,46.19],[-123.85,46.19],[-123.84,46.19],[-123.83,46.19],[-123.82,46.19],[-123.81,46.19],[-123.8,46.2],[-123.79,46.2],[-123.78,46.2],[-123.77,46.2],[-123.77,46.21],[-123.76,46.21],[-123.76,46.2],[-123.76,46.19],[-123.75,46.19],[-123.74,46.18],[-123.73,46.17],[-123.72,46.17],[-123.71,46.12],[-123.7,46.12],[-123.7,46.11],[-123.7,46.1],[-123.81,46.07],[-123.84,46.05],[-123.87,46.03],[-123.91,45.96],[-123.92,45.93],[-123.93,45.85],[-123.93,45.82],[-123.94,45.78],[-123.97,45.78],[-123.97,45.79],[-123.97,45.8],[-123.97,45.81],[-123.96,45.81],[-123.96,45.82],[-123.96,45.83],[-123.96,45.84],[-123.96,45.85],[-123.96,45.86],[-123.96,45.87],[-123.96,45.88],[-123.97,45.88],[-123.97,45.89],[-123.97,45.9],[-123.97,45.91],[-123.97,45.92],[-123.98,45.92],[-123.98,45.93],[-123.99,45.94],[-123.99,45.95],[-123.98,45.95],[-123.98,45.96],[-123.97,45.96],[-123.97,45.97],[-123.96,45.97],[-123.95,45.98],[-123.94,45.98],[-123.93,45.98],[-123.93,45.99],[-123.93,46.0],[-123.93,46.01],[-123.93,46.02],[-123.93,46.03],[-123.93,46.05],[-123.93,46.06],[-123.94,46.1],[-123.96,46.15],[-123.97,46.16],[-123.97,46.17],[-123.98,46.17],[-123.98,46.18],[-123.98,46.19],[-123.99,46.19],[-123.99,46.2],[-124.0,46.21]],[[-123.79,46.2],[-123.8,46.19],[-123.79,46.19],[-123.79,46.2]],[[-123.86,46.15],[-123.87,46.15],[-123.87,46.14],[-123.86,46.14],[-123.86,46.15]],[[-123.87,46.14],[-123.88,46.13],[-123.88,46.12],[-123.87,46.12],[-123.87,46.13],[-123.87,46.14]],[[-123.82,46.17],[-123.82,46.16],[-123.82,46.15],[-123.82,46.14],[-123.81,46.14],[-123.81,46.15],[-123.81,46.16],[-123.81,46.17],[-123.82,46.17]],[[-123.81,46.13],[-123.82,46.13],[-123.81,46.12],[-123.8,46.12],[-123.81,46.13]],[[-123.79,46.11],[-123.79,46.1],[-123.78,46.1],[-123.78,46.11],[-123.79,46.11]]],[[[-124.0,46.21],[-124.01,46.22],[-124.01,46.23],[-124.02,46.23],[-124.01,46.24],[-124.0,46.24],[-124.0,46.23],[-124.0,46.22],[-124.0,46.21]]],[[[-123.72,46.17],[-123.72,46.18],[-123.71,46.18],[-123.7,46.18],[-123.69,46.17],[-123.7,46.17],[-123.71,46.17],[-123.72,46.17]]],[[[-123.72,46.18],[-123.73,46.18],[-123.73,46.19],[-123.72,46.19],[-123.72,46.18]]],[[[-123.69,46.19],[-123.7,46.19],[-123.7,46.2],[-123.69,46.19]]],[[[-123.67,46.18],[-123.66,46.18],[-123.66,46.19],[-123.65,46.19],[-123.65,46.18],[-123.65,46.17],[-123.66,46.17],[-123.67,46.17],[-123.67,46.18]]],[[[-123.66,46.19],[-123.67,46.19],[-123.67,46.2],[-123.66,46.2],[-123.66,46.19]]],[[[-123.66,46.2],[-123.66,46.21],[-123.65,46.21],[-123.64,46.21],[-123.65,46.2],[-123.66,46.2]]],[[[-123.66,46.21],[-123.67,46.21],[-123.67,46.22],[-123.66,46.22],[-123.66,46.21]]],[[[-123.65,46.2],[-123.64,46.2],[-123.64,46.19],[-123.65,46.19],[-123.65,46.2]]],[[[-123.64,46.2],[-123.64,46.21],[-123.63,46.21],[-123.63,46.2],[-123.64,46.2]]],[[[-123.66,46.24],[-123.66,46.25],[-123.65,46.25],[-123.64,46.25],[-123.64,46.24],[-123.65,46.24],[-123.66,46.24]]],[[[-124.02,46.29],[-124.02,46.28],[-124.01,46.27],[-124.02,46.27],[-124.03,46.27],[-124.03,46.28],[-124.03,46.29],[-124.02,46.29]]],[[[-124.01,46.27],[-124.0,46.27],[-124.0,46.26],[-124.01,46.26],[-124.01,46.27]]]]}},
{"type":"Feature","properties":{"ugc":"ORZ102","name":"Tillamook County Coast","state":"OR","wfo":"PQR"},"geometry":{"type":"MultiPolygon","coordinates":[[[[-124.01,45.05],[-124.01,45.06],[-124.02,45.06],[-124.02,45.07],[-124.01,45.07],[-124.01,45.08],[-124.0,45.08],[-124.0,45.09],[-123.99,45.09],[-123.99,45.1],[-123.99,45.11],[-123.98,45.11],[-123.98,45.12],[-123.98,45.13],[-123.98,45.14],[-123.98,45.15],[-123.97,45.15],[-123.97,45.16],[-123.96,45.16],[-123.96,45.17],[-123.95,45.17],[-123.94,45.16],[-123.94,45.17],[-123.93,45.17],[-123.93,45.18],[-123.94,45.18],[-123.95,45.18],[-123.95,45.19],[-123.96,45.19],[-123.96,45.18],[-123.97,45.17],[-123.97,45.18],[-123.97,45.19],[-123.97,45.2],[-123.97,45.21],[-123.97,45.22],[-123.97,45.23],[-123.97,45.24],[-123.97,45.25],[-123.97,45.26],[-123.97,45.27],[-123.96,45.27],[-123.96,45.26],[-123.95,45.27],[-123.95,45.28],[-123.96,45.28],[-123.96,45.29],[-123.96,45.3],[-123.96,45.31],[-123.96,45.32],[-123.97,45.32],[-123.97,45.33],[-123.97,45.34],[-123.98,45.34],[-123.99,45.34],[-123.99,45.35],[-123.98,45.35],[-123.97,45.35],[-123.97,45.36],[-123.97,45.37],[-123.97,45.38],[-123.97,45.39],[-123.96,45.4],[-123.96,45.39],[-123.96,45.38],[-123.95,45.38],[-123.95,45.39],[-123.94,45.39],[-123.94,45.4],[-123.93,45.4],[-123.93,45.41],[-123.94,45.42],[-123.94,45.43],[-123.95,45.43],[-123.95,45.44],[-123.96,45.44],[-123.96,45.45],[-123.97,45.45],[-123.97,45.46],[-123.97,45.47],[-123.97,45.48],[-123.98,45.49],[-123.97,45.49],[-123.97,45.5],[-123.96,45.5],[-123.96,45.51],[-123.95,45.52],[-123.94,45.51],[-123.94,45.5],[-123.93,45.5],[-123.92,45.49],[-123.91,45.49],[-123.91,45.48],[-123.9,45.48],[-123.89,45.48],[-123.88,45.48],[-123.88,45.49],[-123.88,45.5],[-123.88,45.51],[-123.89,45.51],[-123.89,45.52],[-123.9,45.53],[-123.9,45.54],[-123.91,45.55],[-123.92,45.55],[-123.92,45.56],[-123.93,45.56],[-123.94,45.56],[-123.94,45.57],[-123.96,45.57],[-123.96,45.58],[-123.95,45.58],[-123.95,45.59],[-123.95,45.6],[-123.95,45.61],[-123.95,45.62],[-123.94,45.62],[-123.94,45.63],[-123.94,45.64],[-123.94,45.65],[-123.93,45.66],[-123.94,45.66],[-123.94,45.67],[-123.94,45.68],[-123.94,45.69],[-123.94,45.7],[-123.94,45.71],[-123.94,45.72],[-123.94,45.73],[-123.95,45.73],[-123.95,45.74],[-123.96,45.74],[-123.97,45.75],[-123.97,45.76],[-123.98,45.76],[-123.98,45.77],[-123.97,45.78],[-123.94,45.78],[-123.94,45.76],[-123.93,45.75],[-123.92,45.75],[-123.87,45.77],[-123.85,45.76],[-123.84,45.75],[-123.84,45.73],[-123.83,45.71],[-123.83,45.69],[-123.84,45.68],[-123.89,45.64],[-123.9,45.62],[-123.89,45.59],[-123.87,45.55],[-123.86,45.54],[-123.85,45.53],[-123.83,45.51],[-123.79,45.47],[-123.77,45.45],[-123.76,45.42],[-123.76,45.39],[-123.78,45.35],[-123.79,45.35],[-123.79,45.34],[-123.79,45.33],[-123.8,45.32],[-123.81,45.27],[-123.82,45.26],[-123.82,45.25],[-123.84,45.22],[-123.86,45.2],[-123.87,45.19],[-123.87,45.18],[-123.88,45.17],[-123.88,45.15],[-123.88,45.04],[-123.89,45.04],[-123.9,45.04],[-123.95,45.04],[-123.97,45.04],[-123.99,45.04],[-124.0,45.04],[-124.0,45.05],[-124.01,45.05]],[[-123.95,45.28],[-123.94,45.29],[-123.95,45.29],[-123.95,45.28]],[[-123.91,45.55],[-123.9,45.55],[-123.9,45.56],[-123.91,45.56],[-123.91,45.55]],[[-123.93,45.67],[-123.92,45.68],[-123.93,45.69],[-123.93,45.68],[-123.93,45.67]],[[-123.92,45.69],[-123.91,45.69],[-123.9,45.69],[-123.89,45.69],[-123.89,45.7],[-123.9,45.7],[-123.9,45.71],[-123.91,45.71],[-123.92,45.71],[-123.92,45.7],[-123.92,45.69]]],[[[-123.95,45.43],[-123.95,45.42],[-123.95,45.41],[-123.96,45.41],[-123.96,45.42],[-123.96,45.43],[-123.95,45.43]]],[[[-123.95,45.52],[-123.96,45.53],[-123.95,45.53],[-123.95,45.52]]],[[[-123.94,45.56],[-123.94,45.55],[-123.94,45.54],[-123.95,45.53],[-123.95,45.54],[-123.95,45.55],[-123.95,45.56],[-123.94,45.56]]]]}},
{"type":"Feature","properties":{"ugc":"ORZ103","name":"Central Coast of Oregon","state":"OR","wfo":"PQR"},"geometry":{"type":"MultiPolygon","coordinates":[[[[-124.16,43.88],[-124.16,43.89],[-124.15,43.89],[-124.15,43.9],[-124.15,43.91],[-124.15,43.92],[-124.15,43.93],[-124.15,43.94],[-124.14,43.94],[-124.14,43.95],[-124.14,43.96],[-124.14,43.97],[-124.14,43.98],[-124.14,43.99],[-124.14,44.0],[-124.14,44.01],[-124.13,44.01],[-124.13,44.02],[-124.14,44.02],[-124.14,44.03],[-124.13,44.04],[-124.13,44.05],[-124.13,44.06],[-124.13,44.07],[-124.13,44.08],[-124.13,44.09],[-124.12,44.09],[-124.12,44.1],[-124.12,44.11],[-124.12,44.12],[-124.13,44.12],[-124.13,44.13],[-124.12,44.13],[-124.12,44.14],[-124.12,44.15],[-124.12,44.16],[-124.12,44.17],[-124.12,44.18],[-124.12,44.19],[-124.11,44.2],[-124.12,44.2],[-124.12,44.21],[-124.11,44.21],[-124.11,44.22],[-124.11,44.23],[-124.11,44.24],[-124.12,44.25],[-124.11,44.25],[-124.11,44.26],[-124.11,44.27],[-124.12,44.27],[-124.12,44.28],[-124.11,44.28],[-124.11,44.29],[-124.11,44.3],[-124.1,44.31],[-124.11,44.31],[-124.11,44.32],[-124.1,44.33],[-124.1,44.34],[-124.1,44.35],[-124.09,44.36],[-124.09,44.37],[-124.09,44.38],[-124.09,44.39],[-124.09,44.4],[-124.09,44.41],[-124.08,44.42],[-124.07,44.42],[-124.07,44.43],[-124.08,44.43],[-124.08,44.44],[-124.08,44.45],[-124.08,44.46],[-124.08,44.47],[-124.08,44.48],[-124.08,44.49],[-124.08,44.5],[-124.08,44.51],[-124.08,44.52],[-124.08,44.53],[-124.08,44.54],[-124.07,44.55],[-124.07,44.56],[-124.07,44.57],[-124.07,44.58],[-124.07,44.59],[-124.07,44.6],[-124.07,44.61],[-124.08,44.61],[-124.06,44.62],[-124.05,44.62],[-124.05,44.63],[-124.06,44.63],[-124.06,44.64],[-124.06,44.65],[-124.06,44.66],[-124.06,44.67],[-124.07,44.67],[-124.08,44.67],[-124.08,44.68],[-124.07,44.68],[-124.07,44.69],[-124.07,44.7],[-124.06,44.7],[-124.06,44.71],[-124.06,44.72],[-124.06,44.73],[-124.06,44.74],[-124.06,44.75],[-124.06,44.76],[-124.07,44.76],[-124.07,44.77],[-124.07,44.78],[-124.07,44.79],[-124.07,44.8],[-124.06,44.8],[-124.06,44.81],[-124.06,44.82],[-124.07,44.82],[-124.07,44.83],[-124.06,44.83],[-124.06,44.84],[-124.05,44.84],[-124.05,44.85],[-124.05,44.86],[-124.04,44.86],[-124.04,44.87],[-124.04,44.88],[-124.04,44.89],[-124.03,44.9],[-124.03,44.89],[-124.02,44.89],[-124.01,44.89],[-124.02,44.9],[-124.01,44.9],[-124.01,44.91],[-124.02,44.91],[-124.02,44.92],[-124.01,44.92],[-124.02,44.93],[-124.03,44.93],[-124.03,44.94],[-124.02,44.94],[-124.02,44.95],[-124.02,44.96],[-124.02,44.97],[-124.02,44.98],[-124.01,44.99],[-124.01,45.0],[-124.01,45.01],[-124.01,45.02],[-124.01,45.03],[-124.01,45.04],[-124.0,45.04],[-123.99,45.04],[-123.97,45.04],[-123.95,45.04],[-123.9,45.04],[-123.89,45.04],[-123.88,45.04],[-123.95,44.98],[-123.96,44.97],[-123.97,44.95],[-123.98,44.94],[-123.98,44.92],[-123.94,44.88],[-123.94,44.84],[-123.93,44.81],[-123.91,44.79],[-123.88,44.79],[-123.87,44.75],[-123.89,44.69],[-123.9,44.61],[-123.91,44.6],[-123.91,44.59],[-123.92,44.58],[-123.98,44.45],[-123.98,44.41],[-124.03,44.39],[-124.06,44.37],[-124.07,44.32],[-124.08,44.3],[-124.08,44.28],[-124.09,44.15],[-124.1,44.03],[-124.05,44.02],[-124.01,43.99],[-124.0,43.97],[-124.01,43.95],[-124.04,43.9],[-124.04,43.86],[-124.06,43.86],[-124.08,43.86],[-124.11,43.86],[-124.12,43.86],[-124.13,43.86],[-124.16,43.86],[-124.16,43.87],[-124.16,43.88]],[[-124.13,44.01],[-124.13,44.0],[-124.12,44.0],[-124.13,44.01]],[[-124.07,44.43],[-124.06,44.43],[-124.05,44.43],[-124.04,44.43],[-124.03,44.43],[-124.03,44.44],[-124.04,44.44],[-124.04,44.45],[-124.05,44.45],[-124.06,44.45],[-124.06,44.44],[-124.07,44.44],[-124.07,44.43]],[[-123.91,44.59],[-123.92,44.6],[-123.92,44.59],[-123.91,44.59]],[[-123.95,44.59],[-123.96,44.59],[-123.96,44.58],[-123.95,44.58],[-123.95,44.59]],[[-123.96,44.58],[-123.97,44.58],[-123.97,44.57],[-123.96,44.57],[-123.96,44.58]],[[-124.12,43.99],[-124.13,43.98],[-124.13,43.97],[-124.12,43.97],[-124.12,43.98],[-124.12,43.99]],[[-124.12,43.97],[-124.11,43.96],[-124.1,43.96],[-124.09,43.96],[-124.09,43.97],[-124.1,43.97],[-124.11,43.97],[-124.12,43.97]],[[-124.09,43.97],[-124.08,43.98],[-124.09,43.98],[-124.09,43.97]],[[-124.08,43.98],[-124.08,43.97],[-124.07,43.98],[-124.08,43.98]],[[-123.94,44.61],[-123.94,44.62],[-123.95,44.62],[-123.95,44.61],[-123.95,44.6],[-123.94,44.6],[-123.94,44.61]],[[-123.98,44.57],[-123.99,44.58],[-124.0,44.58],[-123.99,44.57],[-123.98,44.57]],[[-124.02,44.59],[-124.01,44.59],[-124.01,44.6],[-124.01,44.61],[-124.01,44.62],[-124.01,44.63],[-124.02,44.63],[-124.03,44.63],[-124.04,44.63],[-124.04,44.62],[-124.04,44.61],[-124.04,44.6],[-124.03,44.59],[-124.03,44.6],[-124.03,44.61],[-124.02,44.61],[-124.02,44.6],[-124.02,44.59]]],[[[-124.06,44.62],[-124.07,44.62],[-124.07,44.63],[-124.06,44.63],[-124.06,44.62]]],[[[-124.02,44.92],[-124.03,44.92],[-124.02,44.93],[-124.02,44.92]]],[[[-124.0,45.04],[-124.01,45.05],[-124.0,45.05],[-124.0,45.04]]],[[[-124.03,44.63],[-124.02,44.62],[-124.03,44.62],[-124.03,44.63]]]]}},
{"type":"Feature","properties":{"ugc":"ORZ104","name":"North Oregon Coast Range Lowlands","state":"OR","wfo":"PQR"},"geometry":{"type":"MultiPolygon","coordinates":[[[[-123.92,45.86],[-123.92,45.85],[-123.93,45.85],[-123.92,45.93],[-123.91,45.96],[-123.87,46.03],[-123.84,46.05],[-123.81,46.07],[-123.7,46.1],[-123.7,46.11],[-123.7,46.12],[-123.71,46.12],[-123.72,46.17],[-123.71,46.17],[-123.69,46.17],[-123.68,46.17],[-123.67,46.18],[-123.67,46.17],[-123.66,46.17],[-123.65,46.17],[-123.64,46.18],[-123.63,46.18],[-123.63,46.19],[-123.63,46.2],[-123.62,46.2],[-123.61,46.21],[-123.6,46.21],[-123.59,46.21],[-123.59,46.2],[-123.58,46.2],[-123.58,46.21],[-123.57,46.21],[-123.56,46.22],[-123.55,46.22],[-123.54,46.23],[-123.54,46.24],[-123.53,46.24],[-123.52,46.24],[-123.51,46.24],[-123.5,46.24],[-123.5,46.23],[-123.49,46.23],[-123.48,46.23],[-123.48,46.22],[-123.47,46.22],[-123.47,46.21],[-123.46,46.21],[-123.45,46.21],[-123.45,46.2],[-123.44,46.2],[-123.43,46.2],[-123.43,46.19],[-123.43,46.18],[-123.43,46.17],[-123.42,46.17],[-123.41,46.16],[-123.4,46.16],[-123.4,46.15],[-123.39,46.15],[-123.38,46.14],[-123.37,46.14],[-123.36,46.14],[-123.36,46.12],[-123.36,46.11],[-123.35,46.11],[-123.35,46.1],[-123.36,46.1],[-123.37,46.1],[-123.37,46.11],[-123.38,46.11],[-123.39,46.11],[-123.4,46.11],[-123.41,46.11],[-123.41,46.12],[-123.41,46.13],[-123.42,46.13],[-123.42,46.14],[-123.43,46.14],[-123.43,46.15],[-123.43,46.16],[-123.44,46.16],[-123.44,46.15],[-123.45,46.15],[-123.46,46.15],[-123.47,46.15],[-123.48,46.14],[-123.49,46.14],[-123.5,46.14],[-123.5,46.15],[-123.51,46.15],[-123.52,46.15],[-123.52,46.14],[-123.53,46.14],[-123.54,46.14],[-123.54,46.15],[-123.55,46.15],[-123.56,46.15],[-123.57,46.14],[-123.57,46.13],[-123.58,46.13],[-123.59,46.13],[-123.6,46.13],[-123.61,46.13],[-123.62,46.13],[-123.62,46.12],[-123.62,46.11],[-123.63,46.11],[-123.64,46.11],[-123.65,46.11],[-123.66,46.11],[-123.66,46.1],[-123.65,46.1],[-123.64,46.1],[-123.64,46.09],[-123.65,46.09],[-123.66,46.08],[-123.67,46.08],[-123.67,46.07],[-123.66,46.07],[-123.65,46.07],[-123.64,46.07],[-123.63,46.07],[-123.63,46.06],[-123.62,46.06],[-123.61,46.06],[-123.61,46.05],[-123.62,46.05],[-123.62,46.04],[-123.63,46.04],[-123.63,46.05],[-123.64,46.04],[-123.64,46.03],[-123.65,46.03],[-123.66,46.02],[-123.65,46.01],[-123.65,46.0],[-123.64,46.0],[-123.63,46.0],[-123.63,45.99],[-123.64,45.99],[-123.65,45.99],[-123.66,45.99],[-123.67,45.99],[-123.68,45.99],[-123.69,45.99],[-123.69,45.98],[-123.7,45.98],[-123.7,45.99],[-123.71,45.99],[-123.71,45.98],[-123.72,45.98],[-123.73,45.98],[-123.74,45.98],[-123.74,45.97],[-123.77,45.97],[-123.78,45.97],[-123.79,45.97],[-123.79,45.98],[-123.8,45.98],[-123.81,45.98],[-123.81,45.97],[-123.82,45.97],[-123.83,45.97],[-123.84,45.97],[-123.85,45.97],[-123.86,45.97],[-123.87,45.97],[-123.87,45.96],[-123.87,45.95],[-123.88,45.95],[-123.89,45.95],[-123.89,45.94],[-123.88,45.94],[-123.87,45.94],[-123.86,45.94],[-123.86,45.95],[-123.85,45.95],[-123.84,45.95],[-123.84,45.94],[-123.84,45.93],[-123.83,45.93],[-123.82,45.93],[-123.81,45.93],[-123.81,45.94],[-123.8,45.94],[-123.79,45.94],[-123.79,45.93],[-123.79,45.92],[-123.78,45.92],[-123.77,45.92],[-123.77,45.93],[-123.76,45.93],[-123.76,45.92],[-123.75,45.92],[-123.74,45.92],[-123.74,45.93],[-123.73,45.93],[-123.73,45.92],[-123.72,45.92],[-123.71,45.92],[-123.71,45.91],[-123.72,45.91],[-123.72,45.9],[-123.71,45.9],[-123.71,45.89],[-123.71,45.88],[-123.7,45.88],[-123.69,45.88],[-123.68,45.88],[-123.68,45.87],[-123.68,45.86],[-123.69,45.86],[-123.69,45.85],[-123.68,45.85],[-123.67,45.85],[-123.67,45.84],[-123.67,45.83],[-123.66,45.83],[-123.66,45.82],[-123.67,45.82],[-123.68,45.82],[-123.68,45.81],[-123.67,45.8],[-123.66,45.8],[-123.66,45.81],[-123.65,45.81],[-123.64,45.81],[-123.64,45.82],[-123.63,45.82],[-123.62,45.82],[-123.61,45.82],[-123.61,45.83],[-123.62,45.83],[-123.62,45.84],[-123.63,45.84],[-123.64,45.84],[-123.64,45.85],[-123.63,45.85],[-123.63,45.86],[-123.64,45.86],[-123.64,45.87],[-123.63,45.88],[-123.63,45.89],[-123.64,45.89],[-123.65,45.88],[-123.66,45.88],[-123.66,45.89],[-123.66,45.9],[-123.65,45.91],[-123.64,45.9],[-123.63,45.9],[-123.62,45.9],[-123.62,45.91],[-123.6,45.9],[-123.59,45.9],[-123.59,45.91],[-123.58,45.91],[-123.57,45.91],[-123.57,45.92],[-123.56,45.92],[-123.55,45.92],[-123.55,45.93],[-123.56,45.93],[-123.56,45.94],[-123.57,45.94],[-123.58,45.94],[-123.58,45.95],[-123.59,45.95],[-123.59,45.96],[-123.58,45.96],[-123.57,45.96],[-123.57,45.97],[-123.57,45.98],[-123.56,45.98],[-123.56,45.97],[-123.56,45.96],[-123.55,45.96],[-123.54,45.96],[-123.53,45.96],[-123.52,45.96],[-123.52,45.97],[-123.52,45.98],[-123.51,45.98],[-123.52,45.99],[-123.51,45.99],[-123.52,46.0],[-123.51,46.0],[-123.5,46.0],[-123.5,45.99],[-123.49,46.0],[-123.48,46.0],[-123.48,46.01],[-123.48,46.02],[-123.47,46.02],[-123.44,46.02],[-123.43,46.02],[-123.43,46.01],[-123.42,46.01],[-123.42,46.02],[-123.41,46.02],[-123.41,46.03],[-123.4,46.03],[-123.39,46.03],[-123.38,46.04],[-123.37,46.04],[-123.37,46.05],[-123.36,46.05],[-123.35,46.05],[-123.33,46.06],[-123.32,46.05],[-123.31,46.04],[-123.3,46.04],[-123.3,46.03],[-123.29,46.03],[-123.29,46.02],[-123.28,46.02],[-123.27,46.02],[-123.26,46.02],[-123.25,46.02],[-123.24,46.02],[-123.23,46.02],[-123.22,46.02],[-123.21,46.02],[-123.21,46.01],[-123.2,46.01],[-123.2,46.0],[-123.19,46.0],[-123.18,46.0],[-123.18,45.99],[-123.18,45.98],[-123.17,45.98],[-123.16,45.98],[-123.16,45.97],[-123.15,45.97],[-123.14,45.97],[-123.14,45.96],[-123.14,45.95],[-123.13,45.95],[-123.12,45.96],[-123.12,45.95],[-123.12,45.94],[-123.13,45.94],[-123.13,45.93],[-123.13,45.92],[-123.13,45.91],[-123.12,45.91],[-123.12,45.9],[-123.12,45.89],[-123.12,45.88],[-123.11,45.88],[-123.11,45.87],[-123.1,45.87],[-123.09,45.88],[-123.09,45.87],[-123.08,45.87],[-123.08,45.86],[-123.09,45.86],[-123.09,45.85],[-123.08,45.85],[-123.08,45.84],[-123.08,45.83],[-123.09,45.83],[-123.09,45.84],[-123.1,45.84],[-123.1,45.83],[-123.11,45.83],[-123.11,45.84],[-123.12,45.84],[-123.12,45.83],[-123.13,45.83],[-123.13,45.84],[-123.13,45.85],[-123.14,45.85],[-123.14,45.84],[-123.15,45.84],[-123.16,45.84],[-123.16,45.83],[-123.17,45.83],[-123.18,45.83],[-123.18,45.82],[-123.18,45.81],[-123.17,45.81],[-123.17,45.8],[-123.18,45.8],[-123.19,45.8],[-123.19,45.79],[-123.18,45.79],[-123.17,45.79],[-123.17,45.78],[-123.18,45.78],[-123.18,45.77],[-123.19,45.78],[-123.2,45.78],[-123.2,45.79],[-123.2,45.8],[-123.21,45.8],[-123.22,45.8],[-123.22,45.79],[-123.21,45.79],[-123.21,45.78],[-123.21,45.77],[-123.21,45.76],[-123.22,45.76],[-123.23,45.76],[-123.23,45.77],[-123.23,45.78],[-123.24,45.79],[-123.24,45.8],[-123.24,45.81],[-123.25,45.82],[-123.26,45.82],[-123.27,45.82],[-123.27,45.81],[-123.27,45.8],[-123.27,45.79],[-123.26,45.79],[-123.26,45.78],[-123.27,45.78],[-123.27,45.77],[-123.27,45.76],[-123.28,45.75],[-123.28,45.74],[-123.28,45.73],[-123.28,45.72],[-123.29,45.71],[-123.29,45.72],[-123.3,45.72],[-123.29,45.73],[-123.29,45.74],[-123.3,45.74],[-123.3,45.73],[-123.31,45.73],[-123.31,45.74],[-123.32,45.74],[-123.32,45.75],[-123.31,45.75],[-123.3,45.75],[-123.31,45.76],[-123.3,45.76],[-123.3,45.77],[-123.29,45.77],[-123.29,45.78],[-123.29,45.79],[-123.28,45.79],[-123.28,45.8],[-123.29,45.8],[-123.29,45.81],[-123.29,45.82],[-123.29,45.83],[-123.28,45.83],[-123.27,45.83],[-123.27,45.84],[-123.27,45.85],[-123.28,45.85],[-123.29,45.86],[-123.28,45.86],[-123.27,45.86],[-123.27,45.87],[-123.28,45.87],[-123.29,45.87],[-123.3,45.87],[-123.31,45.87],[-123.33,45.88],[-123.33,45.89],[-123.34,45.89],[-123.35,45.89],[-123.36,45.89],[-123.36,45.9],[-123.36,45.93],[-123.35,45.93],[-123.35,45.94],[-123.35,45.95],[-123.35,45.96],[-123.36,45.96],[-123.37,45.96],[-123.37,45.95],[-123.38,45.95],[-123.39,45.96],[-123.39,45.95],[-123.4,45.95],[-123.4,45.94],[-123.41,45.94],[-123.42,45.95],[-123.42,45.94],[-123.42,45.93],[-123.43,45.93],[-123.44,45.93],[-123.45,45.93],[-123.46,45.93],[-123.46,45.94],[-123.47,45.94],[-123.47,45.93],[-123.47,45.92],[-123.46,45.92],[-123.46,45.9],[-123.47,45.9],[-123.47,45.89],[-123.48,45.89],[-123.49,45.89],[-123.5,45.88],[-123.5,45.89],[-123.51,45.89],[-123.51,45.88],[-123.52,45.88],[-123.53,45.88],[-123.53,45.87],[-123.53,45.86],[-123.53,45.85],[-123.53,45.84],[-123.54,45.84],[-123.55,45.84],[-123.55,45.83],[-123.56,45.83],[-123.57,45.84],[-123.57,45.83],[-123.58,45.83],[-123.58,45.84],[-123.59,45.84],[-123.59,45.83],[-123.59,45.82],[-123.6,45.82],[-123.6,45.81],[-123.61,45.81],[-123.61,45.8],[-123.61,45.79],[-123.62,45.79],[-123.62,45.78],[-123.63,45.78],[-123.63,45.76],[-123.64,45.76],[-123.64,45.75],[-123.65,45.74],[-123.66,45.74],[-123.67,45.74],[-123.68,45.74],[-123.69,45.74],[-123.7,45.74],[-123.7,45.73],[-123.71,45.73],[-123.72,45.73],[-123.73,45.72],[-123.73,45.71],[-123.74,45.71],[-123.74,45.69],[-123.75,45.68],[-123.75,45.69],[-123.76,45.69],[-123.77,45.69],[-123.78,45.69],[-123.78,45.68],[-123.77,45.68],[-123.77,45.67],[-123.78,45.67],[-123.79,45.67],[-123.79,45.66],[-123.8,45.66],[-123.8,45.65],[-123.81,45.65],[-123.82,45.65],[-123.82,45.66],[-123.82,45.67],[-123.83,45.67],[-123.83,45.66],[-123.83,45.65],[-123.83,45.64],[-123.83,45.63],[-123.84,45.63],[-123.84,45.62],[-123.84,45.61],[-123.84,45.6],[-123.84,45.59],[-123.84,45.58],[-123.85,45.58],[-123.86,45.58],[-123.86,45.57],[-123.86,45.56],[-123.86,45.55],[-123.87,45.55],[-123.89,45.59],[-123.9,45.62],[-123.89,45.64],[-123.84,45.68],[-123.83,45.69],[-123.83,45.71],[-123.84,45.73],[-123.84,45.75],[-123.85,45.76],[-123.87,45.77],[-123.89,45.762],[-123.89,45.77],[-123.9,45.77],[-123.9,45.78],[-123.89,45.78],[-123.89,45.79],[-123.88,45.8],[-123.87,45.8],[-123.86,45.8],[-123.86,45.81],[-123.86,45.82],[-123.86,45.83],[-123.85,45.83],[-123.84,45.83],[-123.84,45.82],[-123.83,45.82],[-123.82,45.82],[-123.82,45.83],[-123.82,45.84],[-123.81,45.84],[-123.8,45.84],[-123.8,45.85],[-123.79,45.85],[-123.78,45.85],[-123.77,45.86],[-123.78,45.86],[-123.78,45.87],[-123.78,45.88],[-123.79,45.88],[-123.8,45.88],[-123.81,45.87],[-123.82,45.87],[-123.83,45.87],[-123.84,45.87],[-123.85,45.87],[-123.85,45.88],[-123.86,45.88],[-123.87,45.88],[-123.87,45.89],[-123.88,45.89],[-123.89,45.89],[-123.9,45.89],[-123.9,45.88],[-123.89,45.88],[-123.9,45.87],[-123.91,45.87],[-123.92,45.87],[-123.92,45.86]],[[-123.66,46.02],[-123.66,46.03],[-123.67,46.03],[-123.68,46.03],[-123.7,46.03],[-123.71,46.03],[-123.72,46.03],[-123.73,46.04],[-123.73,46.03],[-123.73,46.02],[-123.72,46.02],[-123.72,46.01],[-123.71,46.01],[-123.7,46.01],[-123.69,46.02],[-123.68,46.02],[-123.68,46.01],[-123.67,46.01],[-123.66,46.01],[-123.66,46.02]],[[-123.49,46.0],[-123.49,45.99],[-123.48,45.99],[-123.49,46.0]],[[-123.79,45.67],[-123.8,45.68],[-123.81,45.68],[-123.81,45.67],[-123.8,45.67],[-123.79,45.67]],[[-123.79,45.88],[-123.79,45.89],[-123.8,45.89],[-123.79,45.88]],[[-123.9,45.89],[-123.9,45.9],[-123.91,45.9],[-123.91,45.89],[-123.9,45.89]],[[-123.26,45.87],[-123.26,45.86],[-123.25,45.86],[-123.25,45.87],[-123.26,45.87]],[[-123.14,45.86],[-123.13,45.86],[-123.13,45.87],[-123.14,45.87],[-123.14,45.88],[-123.15,45.88],[-123.15,45.87],[-123.14,45.86]]],[[[-123.23,46.06],[-123.23,46.07],[-123.22,46.07],[-123.21,46.07],[-123.21,46.08],[-123.2,46.08],[-123.2,46.09],[-123.19,46.09],[-123.18,46.08],[-123.18,46.07],[-123.18,46.06],[-123.17,46.06],[-123.15,46.06],[-123.15,46.07],[-123.14,46.07],[-123.14,46.08],[-123.15,46.08],[-123.15,46.09],[-123.16,46.09],[-123.16,46.1],[-123.15,46.11],[-123.15,46.12],[-123.14,46.12],[-123.14,46.13],[-123.13,46.13],[-123.13,46.14],[-123.14,46.14],[-123.14,46.15],[-123.13,46.15],[-123.14,46.16],[-123.13,46.16],[-123.12,46.16],[-123.11,46.16],[-123.11,46.15],[-123.1,46.14],[-123.1,46.15],[-123.09,46.15],[-123.09,46.14],[-123.08,46.14],[-123.08,46.13],[-123.07,46.14],[-123.07,46.13],[-123.06,46.13],[-123.06,46.14],[-123.05,46.14],[-123.05,46.13],[-123.04,46.13],[-123.04,46.12],[-123.03,46.12],[-123.03,46.11],[-123.02,46.11],[-123.01,46.11],[-123.01,46.1],[-123.0,46.1],[-122.99,46.1],[-122.98,46.1],[-122.98,46.09],[-122.97,46.09],[-122.96,46.09],[-122.96,46.08],[-122.96,46.07],[-122.95,46.08],[-122.95,46.07],[-122.94,46.07],[-122.94,46.06],[-122.93,46.06],[-122.93,46.07],[-122.93,46.08],[-122.92,46.08],[-122.91,46.08],[-122.91,46.07],[-122.9,46.06],[-122.9,46.05],[-122.9,46.04],[-122.9,46.03],[-122.9,46.02],[-122.9,46.01],[-122.91,46.01],[-122.92,46.02],[-122.93,46.02],[-122.94,46.02],[-122.94,46.01],[-122.94,46.0],[-122.95,46.01],[-122.95,46.0],[-122.94,45.99],[-122.94,45.98],[-122.93,45.98],[-122.92,45.98],[-122.91,45.98],[-122.91,45.99],[-122.9,45.99],[-122.89,45.99],[-122.89,45.98],[-122.88,45.97],[-122.89,45.97],[-122.9,45.96],[-122.9,45.95],[-122.91,45.95],[-122.92,45.95],[-122.92,45.96],[-122.93,45.96],[-122.93,45.97],[-122.94,45.97],[-122.95,45.97],[-122.95,45.98],[-122.96,45.98],[-122.96,45.99],[-122.97,45.99],[-122.97,45.98],[-122.98,45.98],[-122.97,45.97],[-122.97,45.96],[-122.96,45.96],[-122.96,45.95],[-122.96,45.94],[-122.95,45.94],[-122.94,45.94],[-122.94,45.93],[-122.93,45.93],[-122.92,45.93],[-122.93,45.92],[-122.92,45.92],[-122.91,45.92],[-122.9,45.92],[-122.89,45.92],[-122.88,45.91],[-122.87,45.91],[-122.87,45.92],[-122.86,45.92],[-122.85,45.92],[-122.85,45.91],[-122.84,45.91],[-122.83,45.91],[-122.83,45.9],[-122.82,45.89],[-122.83,45.89],[-122.83,45.88],[-122.84,45.88],[-122.85,45.88],[-122.86,45.88],[-122.86,45.89],[-122.87,45.89],[-122.88,45.89],[-122.88,45.9],[-122.89,45.9],[-122.89,45.89],[-122.9,45.89],[-122.91,45.9],[-122.91,45.89],[-122.92,45.89],[-122.92,45.9],[-122.93,45.9],[-122.93,45.89],[-122.92,45.88],[-122.91,45.87],[-122.92,45.87],[-122.92,45.86],[-122.91,45.86],[-122.91,45.85],[-122.91,45.84],[-122.91,45.83],[-122.91,45.82],[-122.9,45.82],[-122.91,45.81],[-122.91,45.8],[-122.92,45.8],[-122.93,45.8],[-122.93,45.79],[-122.93,45.78],[-122.92,45.78],[-122.91,45.78],[-122.91,45.77],[-122.9,45.77],[-122.9,45.76],[-122.91,45.76],[-122.91,45.75],[-122.92,45.75],[-122.93,45.75],[-122.93,45.76],[-122.94,45.76],[-122.94,45.75],[-122.94,45.74],[-122.94,45.73],[-122.93,45.73],[-122.93,45.72],[-122.93,45.71],[-122.94,45.71],[-122.95,45.71],[-122.96,45.71],[-122.96,45.72],[-122.97,45.72],[-122.97,45.73],[-122.97,45.74],[-122.98,45.74],[-122.99,45.74],[-122.99,45.75],[-123.0,45.75],[-123.0,45.76],[-122.99,45.76],[-122.98,45.77],[-122.98,45.76],[-122.97,45.76],[-122.96,45.76],[-122.96,45.77],[-122.95,45.77],[-122.94,45.77],[-122.94,45.78],[-122.95,45.78],[-122.94,45.79],[-122.95,45.79],[-122.96,45.79],[-122.96,45.8],[-122.95,45.8],[-122.95,45.81],[-122.96,45.81],[-122.97,45.81],[-122.98,45.81],[-122.99,45.8],[-122.99,45.81],[-123.0,45.81],[-123.01,45.81],[-123.02,45.81],[-123.02,45.82],[-123.03,45.82],[-123.03,45.83],[-123.02,45.83],[-123.01,45.83],[-123.0,45.83],[-123.0,45.84],[-122.99,45.84],[-122.99,45.83],[-122.98,45.83],[-122.98,45.84],[-122.99,45.85],[-122.98,45.85],[-122.97,45.85],[-122.96,45.85],[-122.96,45.86],[-122.95,45.86],[-122.95,45.87],[-122.95,45.88],[-122.96,45.88],[-122.96,45.89],[-122.97,45.89],[-122.98,45.89],[-122.98,45.9],[-122.98,45.91],[-122.99,45.91],[-122.99,45.92],[-122.99,45.93],[-122.99,45.94],[-122.99,45.95],[-122.99,45.96],[-122.99,45.97],[-123.0,45.98],[-123.0,45.99],[-123.0,46.0],[-122.99,46.0],[-122.98,46.0],[-122.98,46.01],[-122.98,46.02],[-122.98,46.03],[-122.99,46.03],[-123.0,46.03],[-123.0,46.02],[-123.01,46.03],[-123.02,46.03],[-123.03,46.03],[-123.03,46.02],[-123.04,46.03],[-123.04,46.02],[-123.04,46.01],[-123.03,46.01],[-123.02,46.0],[-123.02,45.99],[-123.02,45.98],[-123.02,45.97],[-123.04,45.96],[-123.05,45.96],[-123.04,45.97],[-123.05,45.97],[-123.05,45.98],[-123.05,45.99],[-123.05,46.0],[-123.06,46.0],[-123.06,46.01],[-123.07,46.01],[-123.07,46.02],[-123.08,46.02],[-123.08,46.01],[-123.09,46.01],[-123.09,46.0],[-123.1,46.0],[-123.1,46.01],[-123.1,46.02],[-123.1,46.03],[-123.11,46.03],[-123.12,46.03],[-123.13,46.03],[-123.14,46.03],[-123.15,46.03],[-123.16,46.03],[-123.17,46.03],[-123.18,46.03],[-123.18,46.04],[-123.18,46.05],[-123.19,46.05],[-123.2,46.05],[-123.2,46.06],[-123.21,46.06],[-123.22,46.06],[-123.23,46.06]],[[-122.91,45.92],[-122.91,45.91],[-122.9,45.91],[-122.91,45.92]],[[-122.93,45.89],[-122.94,45.89],[-122.94,45.88],[-122.93,45.88],[-122.93,45.89]],[[-122.96,46.0],[-122.96,46.01],[-122.97,46.01],[-122.97,46.0],[-122.96,46.0]]],[[[-123.61,46.05],[-123.6,46.05],[-123.6,46.04],[-123.61,46.04],[-123.61,46.05]]],[[[-123.64,46.03],[-123.63,46.03],[-123.62,46.02],[-123.62,46.01],[-123.63,46.01],[-123.63,46.02],[-123.64,46.02],[-123.64,46.03]]],[[[-123.67,45.85],[-123.67,45.86],[-123.66,45.85],[-123.67,45.85]]],[[[-123.11,45.88],[-123.11,45.89],[-123.1,45.89],[-123.09,45.89],[-123.09,45.88],[-123.1,45.88],[-123.11,45.88]]],[[[-123.15,45.84],[-123.15,45.83],[-123.16,45.83],[-123.15,45.84]]],[[[-123.15,45.82],[-123.15,45.81],[-123.16,45.81],[-123.17,45.81],[-123.17,45.82],[-123.16,45.82],[-123.15,45.82]]],[[[-123.15,45.81],[-123.14,45.81],[-123.14,45.8],[-123.15,45.8],[-123.15,45.81]]],[[[-123.21,45.76],[-123.2,45.76],[-123.2,45.75],[-123.21,45.75],[-123.21,45.76]]],[[[-123.2,45.75],[-123.19,45.75],[-123.19,45.74],[-123.19,45.73],[-123.18,45.73],[-123.18,45.72],[-123.17,45.72],[-123.17,45.71],[-123.16,45.71],[-123.16,45.72],[-123.15,45.72],[-123.15,45.71],[-123.14,45.71],[-123.15,45.7],[-123.15,45.69],[-123.14,45.69],[-123.14,45.7],[-123.13,45.7],[-123.13,45.69],[-123.12,45.69],[-123.12,45.68],[-123.11,45.67],[-123.1,45.67],[-123.2,45.64],[-123.2,45.65],[-123.2,45.66],[-123.21,45.66],[-123.21,45.67],[-123.22,45.67],[-123.23,45.67],[-123.23,45.68],[-123.24,45.68],[-123.25,45.68],[-123.25,45.69],[-123.26,45.69],[-123.26,45.7],[-123.25,45.71],[-123.24,45.71],[-123.24,45.72],[-123.23,45.72],[-123.23,45.73],[-123.22,45.73],[-123.22,45.74],[-123.21,45.74],[-123.2,45.75]]],[[[-123.29,45.71],[-123.28,45.71],[-123.28,45.7],[-123.28,45.69],[-123.28,45.68],[-123.27,45.68],[-123.26,45.68],[-123.26,45.67],[-123.26,45.66],[-123.25,45.65],[-123.24,45.65],[-123.23,45.65],[-123.23,45.64],[-123.22,45.64],[-123.25,45.62],[-123.26,45.62],[-123.27,45.62],[-123.28,45.62],[-123.29,45.63],[-123.28,45.64],[-123.29,45.64],[-123.3,45.64],[-123.3,45.65],[-123.31,45.65],[-123.32,45.65],[-123.32,45.66],[-123.33,45.66],[-123.33,45.67],[-123.32,45.67],[-123.32,45.68],[-123.31,45.68],[-123.31,45.69],[-123.3,45.69],[-123.3,45.7],[-123.3,45.71],[-123.29,45.71]]],[[[-123.33,45.66],[-123.33,45.65],[-123.34,45.65],[-123.33,45.66]]],[[[-123.35,45.65],[-123.35,45.64],[-123.36,45.64],[-123.35,45.65]]],[[[-123.31,45.76],[-123.32,45.76],[-123.32,45.77],[-123.31,45.77],[-123.31,45.76]]],[[[-123.32,45.77],[-123.33,45.77],[-123.34,45.78],[-123.33,45.78],[-123.32,45.78],[-123.32,45.77]]],[[[-123.895,45.76],[-123.92,45.75],[-123.91,45.76],[-123.9,45.76],[-123.895,45.76]]],[[[-123.9,45.87],[-123.89,45.87],[-123.89,45.86],[-123.9,45.86],[-123.9,45.87]]],[[[-123.59,45.81],[-123.58,45.82],[-123.57,45.82],[-123.57,45.81],[-123.58,45.81],[-123.59,45.81]]],[[[-123.34,46.1],[-123.33,46.1],[-123.32,46.11],[-123.31,46.1],[-123.3,46.1],[-123.3,46.11],[-123.29,46.11],[-123.29,46.1],[-123.29,46.09],[-123.3,46.09],[-123.31,46.09],[-123.32,46.09],[-123.33,46.09],[-123.34,46.09],[-123.34,46.1]]],[[[-123.28,46.1],[-123.27,46.1],[-123.27,46.11],[-123.26,46.11],[-123.25,46.11],[-123.24,46.11],[-123.24,46.1],[-123.24,46.09],[-123.23,46.09],[-123.23,46.08],[-123.24,46.08],[-123.24,46.07],[-123.24,46.06],[-123.23,46.06],[-123.23,46.05],[-123.24,46.05],[-123.25,46.05],[-123.25,46.06],[-123.26,46.06],[-123.26,46.07],[-123.25,46.07],[-123.25,46.08],[-123.25,46.09],[-123.26,46.09],[-123.26,46.08],[-123.27,46.09],[-123.28,46.09],[-123.28,46.1]]],[[[-123.02,46.02],[-123.01,46.01],[-123.02,46.01],[-123.02,46.02]]],[[[-122.9,45.85],[-122.89,45.85],[-122.88,45.84],[-122.89,45.84],[-122.9,45.84],[-122.9,45.85]]],[[[-123.81,45.51],[-123.8,45.51],[-123.8,45.5],[-123.79,45.5],[-123.79,45.49],[-123.78,45.49],[-123.77,45.49],[-123.76,45.49],[-123.75,45.49],[-123.74,45.49],[-123.74,45.5],[-123.73,45.49],[-123.73,45.48],[-123.72,45.49],[-123.71,45.49],[-123.71,45.5],[-123.7,45.5],[-123.69,45.5],[-123.68,45.5],[-123.68,45.51],[-123.67,45.51],[-123.66,45.51],[-123.65,45.51],[-123.66,45.5],[-123.65,45.5],[-123.64,45.5],[-123.63,45.5],[-123.63,45.51],[-123.63,45.52],[-123.62,45.52],[-123.62,45.53],[-123.62,45.54],[-123.62,45.55],[-123.62,45.56],[-123.61,45.56],[-123.61,45.57],[-123.6,45.57],[-123.6,45.56],[-123.59,45.56],[-123.59,45.55],[-123.6,45.54],[-123.6,45.53],[-123.6,45.52],[-123.61,45.52],[-123.61,45.51],[-123.6,45.51],[-123.6,45.5],[-123.59,45.5],[-123.58,45.5],[-123.58,45.49],[-123.59,45.49],[-123.6,45.49],[-123.61,45.49],[-123.62,45.49],[-123.62,45.48],[-123.63,45.48],[-123.63,45.47],[-123.64,45.47],[-123.64,45.46],[-123.63,45.46],[-123.62,45.46],[-123.61,45.46],[-123.61,45.45],[-123.6,45.44],[-123.6,45.43],[-123.59,45.43],[-123.59,45.42],[-123.61,45.42],[-123.61,45.43],[-123.62,45.43],[-123.62,45.44],[-123.63,45.44],[-123.63,45.43],[-123.64,45.44],[-123.65,45.44],[-123.65,45.45],[-123.66,45.44],[-123.67,45.44],[-123.68,45.44],[-123.68,45.45],[-123.69,45.45],[-123.7,45.45],[-123.7,45.44],[-123.69,45.44],[-123.69,45.43],[-123.7,45.43],[-123.7,45.42],[-123.69,45.42],[-123.69,45.41],[-123.7,45.41],[-123.71,45.41],[-123.71,45.42],[-123.72,45.42],[-123.73,45.42],[-123.74,45.42],[-123.74,45.41],[-123.73,45.41],[-123.73,45.4],[-123.74,45.4],[-123.74,45.39],[-123.75,45.39],[-123.75,45.38],[-123.74,45.38],[-123.75,45.37],[-123.76,45.37],[-123.77,45.36],[-123.775,45.36],[-123.76,45.39],[-123.76,45.42],[-123.77,45.45],[-123.79,45.47],[-123.83,45.51],[-123.85,45.53],[-123.84,45.53],[-123.84,45.54],[-123.83,45.54],[-123.83,45.53],[-123.82,45.53],[-123.82,45.54],[-123.81,45.54],[-123.81,45.53],[-123.8,45.53],[-123.79,45.53],[-123.79,45.54],[-123.8,45.54],[-123.8,45.55],[-123.81,45.55],[-123.81,45.56],[-123.81,45.57],[-123.8,45.57],[-123.8,45.58],[-123.81,45.58],[-123.81,45.59],[-123.8,45.59],[-123.79,45.59],[-123.79,45.58],[-123.79,45.57],[-123.78,45.57],[-123.78,45.56],[-123.78,45.55],[-123.77,45.55],[-123.77,45.53],[-123.78,45.53],[-123.78,45.52],[-123.79,45.52],[-123.8,45.52],[-123.81,45.52],[-123.82,45.52],[-123.81,45.51]],[[-123.63,45.51],[-123.62,45.5],[-123.62,45.51],[-123.63,45.51]],[[-123.64,45.47],[-123.65,45.48],[-123.66,45.48],[-123.67,45.48],[-123.67,45.49],[-123.68,45.49],[-123.68,45.48],[-123.69,45.48],[-123.69,45.47],[-123.68,45.47],[-123.67,45.47],[-123.67,45.46],[-123.66,45.46],[-123.65,45.46],[-123.65,45.47],[-123.64,45.47]],[[-123.69,45.47],[-123.7,45.47],[-123.71,45.47],[-123.71,45.48],[-123.72,45.48],[-123.72,45.47],[-123.73,45.47],[-123.74,45.47],[-123.74,45.46],[-123.74,45.45],[-123.74,45.44],[-123.73,45.44],[-123.73,45.45],[-123.72,45.45],[-123.71,45.45],[-123.7,45.46],[-123.69,45.46],[-123.69,45.47]],[[-123.8,45.55],[-123.79,45.55],[-123.79,45.56],[-123.8,45.55]]],[[[-123.74,45.38],[-123.74,45.39],[-123.73,45.39],[-123.72,45.38],[-123.73,45.38],[-123.74,45.38]]],[[[-123.59,45.56],[-123.59,45.57],[-123.58,45.57],[-123.57,45.57],[-123.57,45.58],[-123.57,45.59],[-123.57,45.6],[-123.56,45.6],[-123.56,45.59],[-123.55,45.6],[-123.55,45.61],[-123.54,45.61],[-123.54,45.6],[-123.54,45.59],[-123.53,45.59],[-123.53,45.58],[-123.54,45.58],[-123.55,45.58],[-123.56,45.58],[-123.56,45.57],[-123.56,45.56],[-123.57,45.56],[-123.58,45.56],[-123.59,45.56]]],[[[-123.62,45.54],[-123.63,45.53],[-123.63,45.54],[-123.62,45.54]]],[[[-123.55,45.62],[-123.55,45.63],[-123.54,45.63],[-123.54,45.62],[-123.55,45.62]]],[[[-123.53,45.59],[-123.53,45.6],[-123.52,45.59],[-123.53,45.59]]],[[[-123.52,45.59],[-123.51,45.59],[-123.51,45.58],[-123.52,45.58],[-123.52,45.59]]],[[[-123.51,45.59],[-123.51,45.6],[-123.5,45.6],[-123.5,45.59],[-123.51,45.59]]],[[[-123.49,45.6],[-123.49,45.61],[-123.48,45.61],[-123.48,45.6],[-123.49,45.6]]],[[[-123.57,45.49],[-123.56,45.5],[-123.56,45.49],[-123.57,45.49]]],[[[-123.68,45.43],[-123.67,45.43],[-123.68,45.42],[-123.68,45.43]]],[[[-123.88,45.05],[-123.88,45.15],[-123.88,45.17],[-123.87,45.18],[-123.86,45.18],[-123.86,45.17],[-123.86,45.16],[-123.86,45.15],[-123.87,45.14],[-123.87,45.13],[-123.86,45.13],[-123.85,45.13],[-123.85,45.12],[-123.84,45.12],[-123.83,45.12],[-123.82,45.12],[-123.82,45.13],[-123.82,45.14],[-123.81,45.14],[-123.81,45.15],[-123.81,45.16],[-123.82,45.16],[-123.82,45.17],[-123.83,45.17],[-123.83,45.18],[-123.84,45.18],[-123.85,45.18],[-123.85,45.19],[-123.85,45.2],[-123.86,45.2],[-123.84,45.22],[-123.83,45.23],[-123.82,45.23],[-123.82,45.22],[-123.81,45.22],[-123.8,45.22],[-123.8,45.21],[-123.81,45.21],[-123.82,45.21],[-123.82,45.2],[-123.81,45.2],[-123.81,45.19],[-123.8,45.2],[-123.79,45.2],[-123.79,45.19],[-123.78,45.19],[-123.77,45.19],[-123.77,45.18],[-123.76,45.18],[-123.76,45.17],[-123.76,45.16],[-123.77,45.16],[-123.78,45.16],[-123.79,45.16],[-123.8,45.16],[-123.79,45.15],[-123.78,45.15],[-123.79,45.14],[-123.8,45.14],[-123.79,45.13],[-123.78,45.13],[-123.78,45.12],[-123.77,45.12],[-123.76,45.12],[-123.75,45.12],[-123.74,45.12],[-123.73,45.12],[-123.73,45.13],[-123.72,45.13],[-123.72,45.12],[-123.71,45.12],[-123.71,45.13],[-123.7,45.13],[-123.69,45.13],[-123.68,45.13],[-123.67,45.14],[-123.66,45.14],[-123.66,45.15],[-123.65,45.15],[-123.65,45.14],[-123.64,45.14],[-123.64,45.15],[-123.65,45.16],[-123.64,45.16],[-123.63,45.16],[-123.63,45.15],[-123.63,45.14],[-123.62,45.14],[-123.62,45.15],[-123.61,45.15],[-123.61,45.14],[-123.6,45.14],[-123.6,45.15],[-123.59,45.15],[-123.58,45.15],[-123.57,45.15],[-123.56,45.15],[-123.56,45.16],[-123.55,45.16],[-123.55,45.17],[-123.56,45.17],[-123.56,45.18],[-123.55,45.18],[-123.54,45.18],[-123.54,45.19],[-123.53,45.19],[-123.53,45.18],[-123.53,45.17],[-123.52,45.17],[-123.52,45.16],[-123.51,45.08],[-123.52,45.08],[-123.53,45.08],[-123.55,45.08],[-123.59,45.08],[-123.6,45.08],[-123.72,45.08],[-123.72,45.07],[-123.73,45.05],[-123.73,45.04],[-123.8,45.04],[-123.81,45.04],[-123.81,45.05],[-123.84,45.05],[-123.85,45.05],[-123.88,45.05]],[[-123.82,45.17],[-123.81,45.17],[-123.81,45.18],[-123.82,45.18],[-123.82,45.17]],[[-123.68,45.13],[-123.68,45.12],[-123.67,45.12],[-123.67,45.13],[-123.68,45.13]]],[[[-123.76,45.18],[-123.75,45.19],[-123.75,45.18],[-123.76,45.18]]],[[[-123.66,45.15],[-123.67,45.16],[-123.66,45.16],[-123.66,45.15]]],[[[-123.56,45.16],[-123.57,45.16],[-123.57,45.17],[-123.56,45.17],[-123.56,45.16]]],[[[-123.57,45.18],[-123.58,45.18],[-123.58,45.19],[-123.57,45.19],[-123.57,45.18]]],[[[-123.8,45.25],[-123.81,45.25],[-123.81,45.26],[-123.82,45.26],[-123.81,45.27],[-123.8,45.32],[-123.8,45.31],[-123.79,45.31],[-123.78,45.31],[-123.78,45.3],[-123.77,45.3],[-123.77,45.31],[-123.77,45.32],[-123.76,45.32],[-123.76,45.31],[-123.75,45.31],[-123.74,45.31],[-123.74,45.32],[-123.73,45.32],[-123.73,45.31],[-123.72,45.31],[-123.71,45.31],[-123.7,45.31],[-123.7,45.32],[-123.69,45.32],[-123.68,45.32],[-123.68,45.31],[-123.67,45.31],[-123.67,45.32],[-123.66,45.32],[-123.65,45.32],[-123.64,45.32],[-123.64,45.31],[-123.65,45.31],[-123.66,45.31],[-123.66,45.3],[-123.66,45.29],[-123.67,45.29],[-123.67,45.28],[-123.68,45.28],[-123.69,45.27],[-123.7,45.27],[-123.7,45.26],[-123.7,45.25],[-123.71,45.25],[-123.72,45.25],[-123.73,45.25],[-123.74,45.25],[-123.75,45.25],[-123.76,45.25],[-123.77,45.25],[-123.78,45.25],[-123.78,45.26],[-123.79,45.26],[-123.79,45.25],[-123.8,45.25]]]]}},
{"type":"Feature","properties":{"ugc":"ORZ105","name":"Central Oregon Coast Range Lowlands","state":"OR","wfo":"PQR"},"geometry":{"type":"MultiPolygon","coordinates":[[[[-124.06,44.12],[-124.05,44.12],[-124.05,44.11],[-124.04,44.11],[-124.03,44.11],[-124.02,44.11],[-124.02,44.12],[-124.01,44.11],[-124.01,44.12],[-124.0,44.12],[-123.99,44.12],[-123.99,44.13],[-123.98,44.13],[-123.98,44.14],[-123.97,44.14],[-123.97,44.15],[-123.96,44.15],[-123.96,44.16],[-123.96,44.17],[-123.95,44.17],[-123.94,44.17],[-123.94,44.18],[-123.93,44.18],[-123.93,44.17],[-123.92,44.17],[-123.91,44.17],[-123.89,44.17],[-123.88,44.18],[-123.88,44.17],[-123.87,44.17],[-123.87,44.18],[-123.86,44.18],[-123.86,44.19],[-123.85,44.19],[-123.84,44.19],[-123.84,44.18],[-123.83,44.18],[-123.82,44.17],[-123.82,44.16],[-123.81,44.16],[-123.81,44.15],[-123.81,44.14],[-123.8,44.14],[-123.8,44.15],[-123.79,44.15],[-123.78,44.15],[-123.77,44.15],[-123.77,44.17],[-123.76,44.17],[-123.76,44.18],[-123.74,44.17],[-123.74,44.16],[-123.73,44.16],[-123.73,44.15],[-123.73,44.13],[-123.74,44.13],[-123.74,44.12],[-123.74,44.11],[-123.73,44.11],[-123.73,44.12],[-123.72,44.12],[-123.72,44.11],[-123.72,44.1],[-123.71,44.1],[-123.7,44.1],[-123.7,44.11],[-123.7,44.12],[-123.69,44.12],[-123.69,44.11],[-123.68,44.11],[-123.68,44.12],[-123.67,44.12],[-123.67,44.13],[-123.66,44.13],[-123.65,44.13],[-123.64,44.13],[-123.63,44.13],[-123.62,44.13],[-123.62,44.14],[-123.61,44.14],[-123.61,44.15],[-123.6,44.15],[-123.59,44.15],[-123.59,44.16],[-123.6,44.16],[-123.6,44.17],[-123.59,44.17],[-123.59,44.18],[-123.59,44.19],[-123.58,44.19],[-123.58,44.2],[-123.59,44.2],[-123.59,44.21],[-123.58,44.21],[-123.57,44.21],[-123.57,44.2],[-123.56,44.2],[-123.55,44.2],[-123.56,44.21],[-123.55,44.21],[-123.54,44.21],[-123.53,44.21],[-123.52,44.21],[-123.52,44.2],[-123.51,44.2],[-123.51,44.21],[-123.51,44.22],[-123.52,44.22],[-123.52,44.23],[-123.51,44.23],[-123.51,44.24],[-123.5,44.24],[-123.5,44.23],[-123.5,44.22],[-123.49,44.22],[-123.49,44.21],[-123.5,44.2],[-123.49,44.2],[-123.49,44.19],[-123.49,44.18],[-123.5,44.18],[-123.5,44.19],[-123.51,44.18],[-123.51,44.19],[-123.52,44.19],[-123.53,44.19],[-123.54,44.18],[-123.54,44.17],[-123.55,44.17],[-123.56,44.17],[-123.57,44.16],[-123.58,44.16],[-123.58,44.15],[-123.57,44.15],[-123.56,44.15],[-123.56,44.14],[-123.57,44.14],[-123.58,44.14],[-123.58,44.13],[-123.59,44.13],[-123.6,44.13],[-123.61,44.13],[-123.61,44.12],[-123.6,44.12],[-123.59,44.12],[-123.58,44.12],[-123.57,44.12],[-123.56,44.12],[-123.56,44.11],[-123.57,44.11],[-123.58,44.11],[-123.59,44.11],[-123.6,44.11],[-123.6,44.1],[-123.61,44.1],[-123.61,44.09],[-123.62,44.09],[-123.62,44.08],[-123.63,44.08],[-123.64,44.08],[-123.65,44.08],[-123.66,44.08],[-123.66,44.09],[-123.67,44.08],[-123.67,44.09],[-123.68,44.09],[-123.68,44.08],[-123.69,44.09],[-123.7,44.09],[-123.71,44.09],[-123.72,44.09],[-123.73,44.09],[-123.74,44.09],[-123.75,44.09],[-123.76,44.09],[-123.76,44.08],[-123.77,44.08],[-123.78,44.08],[-123.78,44.07],[-123.78,44.06],[-123.77,44.06],[-123.77,44.07],[-123.76,44.07],[-123.76,44.06],[-123.76,44.05],[-123.75,44.06],[-123.75,44.07],[-123.74,44.07],[-123.74,44.06],[-123.73,44.06],[-123.72,44.06],[-123.73,44.07],[-123.72,44.07],[-123.71,44.07],[-123.7,44.07],[-123.69,44.07],[-123.69,44.06],[-123.68,44.06],[-123.68,44.05],[-123.67,44.05],[-123.66,44.04],[-123.65,44.04],[-123.64,44.03],[-123.65,44.03],[-123.65,44.02],[-123.66,44.02],[-123.66,44.01],[-123.65,44.01],[-123.64,44.01],[-123.63,44.01],[-123.63,44.02],[-123.63,44.03],[-123.62,44.03],[-123.62,44.04],[-123.6,44.04],[-123.59,44.04],[-123.59,44.05],[-123.58,44.05],[-123.58,44.04],[-123.57,44.04],[-123.56,44.04],[-123.55,44.04],[-123.55,44.05],[-123.54,44.05],[-123.54,44.06],[-123.54,44.07],[-123.55,44.07],[-123.55,44.08],[-123.54,44.08],[-123.54,44.09],[-123.54,44.1],[-123.53,44.1],[-123.53,44.09],[-123.52,44.09],[-123.51,44.09],[-123.51,44.08],[-123.5,44.08],[-123.49,44.08],[-123.48,44.08],[-123.48,44.06],[-123.48,44.05],[-123.47,44.05],[-123.47,44.04],[-123.47,44.03],[-123.46,44.01],[-123.47,44.01],[-123.47,44.0],[-123.49,44.0],[-123.5,44.0],[-123.5,44.01],[-123.51,44.01],[-123.52,44.01],[-123.52,44.0],[-123.53,44.0],[-123.53,44.01],[-123.53,44.02],[-123.54,44.02],[-123.55,44.02],[-123.55,44.03],[-123.56,44.03],[-123.56,44.02],[-123.57,44.02],[-123.58,44.02],[-123.58,44.01],[-123.58,44.0],[-123.59,43.99],[-123.6,43.99],[-123.61,43.99],[-123.62,43.99],[-123.63,43.99],[-123.64,43.99],[-123.63,43.98],[-123.63,43.97],[-123.63,43.96],[-123.62,43.96],[-123.62,43.97],[-123.61,43.97],[-123.6,43.97],[-123.59,43.97],[-123.58,43.97],[-123.58,43.96],[-123.57,43.96],[-123.57,43.97],[-123.56,43.96],[-123.55,43.95],[-123.55,43.94],[-123.56,43.94],[-123.56,43.93],[-123.57,43.93],[-123.58,43.93],[-123.59,43.93],[-123.59,43.92],[-123.58,43.92],[-123.58,43.91],[-123.57,43.91],[-123.56,43.91],[-123.55,43.92],[-123.54,43.92],[-123.53,43.91],[-123.52,43.91],[-123.51,43.91],[-123.5,43.91],[-123.5,43.9],[-123.49,43.9],[-123.48,43.9],[-123.47,43.9],[-123.46,43.9],[-123.45,43.91],[-123.45,43.9],[-123.44,43.9],[-123.44,43.89],[-123.43,43.88],[-123.42,43.87],[-123.4,43.86],[-123.4,43.85],[-123.39,43.85],[-123.37,43.86],[-123.36,43.85],[-123.34,43.84],[-123.33,43.84],[-123.32,43.83],[-123.31,43.83],[-123.3,43.84],[-123.28,43.84],[-123.27,43.84],[-123.27,43.83],[-123.26,43.83],[-123.26,43.84],[-123.26,43.85],[-123.26,43.86],[-123.27,43.86],[-123.27,43.87],[-123.26,43.87],[-123.26,43.88],[-123.27,43.88],[-123.27,43.89],[-123.28,43.89],[-123.29,43.89],[-123.29,43.9],[-123.3,43.9],[-123.3,43.91],[-123.31,43.91],[-123.31,43.92],[-123.31,43.93],[-123.22,43.93],[-123.21,43.93],[-123.21,43.92],[-123.2,43.92],[-123.19,43.92],[-123.18,43.92],[-123.19,43.91],[-123.2,43.91],[-123.2,43.9],[-123.21,43.9],[-123.22,43.9],[-123.22,43.89],[-123.21,43.89],[-123.2,43.89],[-123.2,43.88],[-123.21,43.88],[-123.21,43.87],[-123.22,43.87],[-123.23,43.87],[-123.23,43.86],[-123.22,43.86],[-123.21,43.86],[-123.2,43.86],[-123.19,43.86],[-123.2,43.85],[-123.19,43.85],[-123.19,43.84],[-123.2,43.84],[-123.21,43.84],[-123.21,43.83],[-123.22,43.83],[-123.22,43.82],[-123.22,43.81],[-123.21,43.81],[-123.21,43.82],[-123.2,43.82],[-123.2,43.81],[-123.19,43.81],[-123.19,43.8],[-123.2,43.8],[-123.21,43.8],[-123.21,43.79],[-123.2,43.79],[-123.19,43.79],[-123.18,43.79],[-123.18,43.8],[-123.18,43.81],[-123.17,43.81],[-123.17,43.8],[-123.17,43.79],[-123.16,43.79],[-123.15,43.79],[-123.15,43.78],[-123.16,43.78],[-123.17,43.78],[-123.24,43.78],[-123.25,43.78],[-123.25,43.79],[-123.24,43.79],[-123.24,43.8],[-123.25,43.8],[-123.25,43.81],[-123.26,43.81],[-123.26,43.82],[-123.27,43.82],[-123.27,43.81],[-123.28,43.8],[-123.28,43.81],[-123.29,43.81],[-123.3,43.81],[-123.31,43.82],[-123.33,43.82],[-123.34,43.82],[-123.35,43.82],[-123.36,43.83],[-123.36,43.84],[-123.37,43.84],[-123.38,43.84],[-123.39,43.84],[-123.4,43.84],[-123.41,43.84],[-123.42,43.84],[-123.43,43.84],[-123.43,43.85],[-123.44,43.85],[-123.45,43.86],[-123.45,43.87],[-123.46,43.87],[-123.47,43.87],[-123.47,43.88],[-123.48,43.88],[-123.49,43.88],[-123.49,43.87],[-123.51,43.86],[-123.52,43.86],[-123.53,43.86],[-123.53,43.87],[-123.55,43.87],[-123.57,43.87],[-123.58,43.87],[-123.58,43.89],[-123.62,43.89],[-123.62,43.9],[-123.62,43.92],[-123.64,43.92],[-123.66,43.92],[-123.66,43.94],[-123.66,43.95],[-123.66,43.96],[-123.66,43.97],[-123.66,43.98],[-123.68,43.99],[-123.69,43.99],[-123.7,43.99],[-123.7,43.98],[-123.71,43.98],[-123.71,43.99],[-123.72,43.99],[-123.72,43.98],[-123.73,43.98],[-123.73,43.99],[-123.74,43.98],[-123.74,43.99],[-123.75,43.99],[-123.75,44.0],[-123.76,44.0],[-123.8,43.99],[-123.81,43.99],[-123.81,43.98],[-123.82,43.98],[-123.83,43.98],[-123.82,43.97],[-123.83,43.97],[-123.84,43.97],[-123.84,43.98],[-123.85,43.98],[-123.86,43.98],[-123.87,43.98],[-123.88,43.98],[-123.88,43.97],[-123.91,43.96],[-123.92,43.96],[-123.93,43.96],[-123.94,43.96],[-123.94,43.95],[-123.93,43.95],[-123.93,43.94],[-123.92,43.94],[-123.92,43.93],[-123.92,43.92],[-123.91,43.92],[-123.9,43.92],[-123.89,43.92],[-123.89,43.91],[-123.9,43.9],[-123.91,43.9],[-123.93,43.9],[-123.93,43.88],[-123.93,43.87],[-123.95,43.87],[-123.95,43.86],[-123.96,43.86],[-123.99,43.86],[-124.0,43.86],[-124.01,43.86],[-124.04,43.86],[-124.04,43.9],[-124.01,43.95],[-124.0,43.97],[-124.01,43.99],[-124.05,44.02],[-124.1,44.03],[-124.09,44.15],[-124.08,44.14],[-124.06,44.13],[-124.07,44.13],[-124.06,44.12]],[[-123.5,44.01],[-123.49,44.02],[-123.5,44.02],[-123.5,44.01]],[[-123.21,43.92],[-123.22,43.92],[-123.23,43.91],[-123.22,43.91],[-123.21,43.91],[-123.21,43.92]],[[-123.81,43.99],[-123.81,44.0],[-123.82,44.0],[-123.82,43.99],[-123.81,43.99]],[[-123.94,43.96],[-123.94,43.97],[-123.95,43.98],[-123.96,43.98],[-123.95,43.97],[-123.95,43.96],[-123.94,43.96]],[[-123.92,43.92],[-123.93,43.92],[-123.93,43.91],[-123.92,43.91],[-123.92,43.92]]],[[[-123.19,43.81],[-123.19,43.82],[-123.18,43.82],[-123.18,43.81],[-123.19,43.81]]],[[[-123.19,43.86],[-123.19,43.87],[-123.18,43.87],[-123.18,43.86],[-123.19,43.86]]],[[[-123.2,43.89],[-123.2,43.9],[-123.19,43.9],[-123.19,43.91],[-123.18,43.91],[-123.17,43.91],[-123.17,43.9],[-123.18,43.9],[-123.18,43.89],[-123.19,43.89],[-123.2,43.89]]],[[[-123.54,43.92],[-123.54,43.93],[-123.53,43.93],[-123.53,43.92],[-123.54,43.92]]],[[[-123.47,44.05],[-123.47,44.06],[-123.46,44.06],[-123.47,44.05]]],[[[-123.67,44.05],[-123.68,44.06],[-123.67,44.06],[-123.67,44.05]]],[[[-123.72,44.12],[-123.71,44.12],[-123.71,44.11],[-123.72,44.12]]],[[[-123.52,44.22],[-123.53,44.22],[-123.54,44.22],[-123.54,44.23],[-123.53,44.23],[-123.52,44.22]]],[[[-123.5,44.24],[-123.5,44.25],[-123.5,44.26],[-123.49,44.26],[-123.49,44.25],[-123.49,44.24],[-123.5,44.24]]],[[[-123.48,44.22],[-123.47,44.22],[-123.47,44.21],[-123.48,44.21],[-123.48,44.22]]],[[[-123.48,44.22],[-123.48,44.23],[-123.47,44.23],[-123.48,44.22]]],[[[-123.18,43.87],[-123.18,43.88],[-123.17,43.88],[-123.17,43.87],[-123.18,43.87]]],[[[-123.97,44.25],[-123.98,44.25],[-123.98,44.26],[-123.98,44.27],[-123.99,44.27],[-124.0,44.27],[-124.01,44.28],[-124.02,44.28],[-124.03,44.28],[-124.04,44.28],[-124.05,44.28],[-124.05,44.29],[-124.06,44.29],[-124.07,44.29],[-124.08,44.29],[-124.08,44.3],[-124.07,44.32],[-124.06,44.37],[-124.03,44.39],[-123.98,44.41],[-123.98,44.45],[-123.92,44.58],[-123.91,44.59],[-123.91,44.6],[-123.9,44.61],[-123.89,44.69],[-123.87,44.75],[-123.88,44.79],[-123.91,44.79],[-123.93,44.81],[-123.94,44.84],[-123.94,44.88],[-123.96,44.9],[-123.95,44.9],[-123.94,44.9],[-123.94,44.91],[-123.93,44.91],[-123.92,44.9],[-123.92,44.89],[-123.91,44.89],[-123.9,44.89],[-123.89,44.89],[-123.89,44.88],[-123.89,44.87],[-123.88,44.88],[-123.87,44.88],[-123.87,44.87],[-123.86,44.87],[-123.86,44.86],[-123.87,44.86],[-123.88,44.86],[-123.89,44.86],[-123.89,44.85],[-123.9,44.85],[-123.9,44.84],[-123.9,44.83],[-123.9,44.82],[-123.9,44.81],[-123.89,44.81],[-123.88,44.81],[-123.87,44.81],[-123.87,44.82],[-123.86,44.82],[-123.86,44.81],[-123.85,44.81],[-123.84,44.81],[-123.84,44.8],[-123.83,44.8],[-123.82,44.8],[-123.81,44.8],[-123.8,44.8],[-123.8,44.79],[-123.79,44.79],[-123.79,44.8],[-123.78,44.79],[-123.77,44.79],[-123.76,44.79],[-123.76,44.78],[-123.75,44.78],[-123.74,44.78],[-123.74,44.77],[-123.73,44.77],[-123.73,44.76],[-123.72,44.76],[-123.71,44.76],[-123.7,44.76],[-123.69,44.76],[-123.68,44.76],[-123.68,44.75],[-123.69,44.75],[-123.69,44.74],[-123.7,44.74],[-123.7,44.73],[-123.7,44.72],[-123.69,44.73],[-123.68,44.73],[-123.67,44.73],[-123.67,44.74],[-123.66,44.74],[-123.65,44.74],[-123.64,44.74],[-123.63,44.74],[-123.63,44.73],[-123.63,44.72],[-123.62,44.72],[-123.61,44.72],[-123.61,44.71],[-123.61,44.7],[-123.61,44.69],[-123.6,44.69],[-123.6,44.7],[-123.59,44.7],[-123.59,44.71],[-123.58,44.71],[-123.58,44.7],[-123.57,44.7],[-123.56,44.7],[-123.56,44.69],[-123.55,44.69],[-123.54,44.69],[-123.53,44.69],[-123.52,44.69],[-123.52,44.7],[-123.51,44.7],[-123.51,44.71],[-123.52,44.71],[-123.53,44.71],[-123.53,44.72],[-123.54,44.72],[-123.55,44.72],[-123.55,44.73],[-123.55,44.74],[-123.54,44.74],[-123.53,44.75],[-123.53,44.76],[-123.52,44.76],[-123.51,44.76],[-123.51,44.77],[-123.5,44.77],[-123.5,44.78],[-123.49,44.78],[-123.48,44.78],[-123.48,44.79],[-123.48,44.8],[-123.48,44.81],[-123.47,44.81],[-123.47,44.8],[-123.46,44.81],[-123.46,44.8],[-123.45,44.8],[-123.45,44.81],[-123.44,44.81],[-123.44,44.8],[-123.43,44.8],[-123.34,44.72],[-123.35,44.72],[-123.35,44.71],[-123.36,44.71],[-123.37,44.71],[-123.37,44.7],[-123.38,44.69],[-123.39,44.69],[-123.39,44.68],[-123.4,44.68],[-123.39,44.67],[-123.4,44.67],[-123.4,44.66],[-123.41,44.66],[-123.42,44.66],[-123.42,44.65],[-123.42,44.64],[-123.42,44.63],[-123.42,44.62],[-123.42,44.61],[-123.44,44.57],[-123.45,44.57],[-123.46,44.57],[-123.47,44.57],[-123.48,44.57],[-123.49,44.57],[-123.49,44.56],[-123.5,44.57],[-123.5,44.56],[-123.51,44.56],[-123.51,44.57],[-123.52,44.57],[-123.52,44.56],[-123.53,44.55],[-123.53,44.56],[-123.54,44.57],[-123.55,44.57],[-123.56,44.57],[-123.56,44.58],[-123.56,44.59],[-123.57,44.59],[-123.58,44.59],[-123.59,44.58],[-123.59,44.59],[-123.6,44.59],[-123.61,44.59],[-123.61,44.6],[-123.62,44.6],[-123.63,44.61],[-123.64,44.61],[-123.64,44.62],[-123.65,44.62],[-123.66,44.62],[-123.66,44.61],[-123.65,44.61],[-123.65,44.6],[-123.66,44.6],[-123.67,44.6],[-123.68,44.6],[-123.69,44.6],[-123.7,44.6],[-123.71,44.6],[-123.72,44.6],[-123.72,44.59],[-123.71,44.59],[-123.7,44.59],[-123.69,44.59],[-123.69,44.58],[-123.68,44.58],[-123.66,44.57],[-123.65,44.57],[-123.65,44.56],[-123.64,44.56],[-123.63,44.56],[-123.63,44.55],[-123.63,44.54],[-123.62,44.54],[-123.62,44.55],[-123.61,44.55],[-123.61,44.54],[-123.61,44.53],[-123.6,44.53],[-123.6,44.52],[-123.6,44.51],[-123.61,44.51],[-123.61,44.5],[-123.62,44.5],[-123.63,44.5],[-123.64,44.5],[-123.64,44.51],[-123.65,44.51],[-123.66,44.51],[-123.67,44.51],[-123.67,44.52],[-123.68,44.52],[-123.69,44.52],[-123.7,44.52],[-123.71,44.53],[-123.72,44.53],[-123.73,44.53],[-123.75,44.53],[-123.76,44.53],[-123.77,44.53],[-123.77,44.54],[-123.78,44.54],[-123.79,44.54],[-123.8,44.54],[-123.81,44.54],[-123.83,44.54],[-123.85,44.55],[-123.86,44.55],[-123.86,44.56],[-123.86,44.57],[-123.87,44.57],[-123.87,44.56],[-123.88,44.56],[-123.89,44.56],[-123.9,44.56],[-123.9,44.55],[-123.91,44.54],[-123.91,44.53],[-123.9,44.54],[-123.89,44.54],[-123.88,44.54],[-123.89,44.53],[-123.88,44.53],[-123.89,44.52],[-123.89,44.51],[-123.9,44.51],[-123.91,44.51],[-123.91,44.5],[-123.91,44.49],[-123.92,44.49],[-123.92,44.48],[-123.93,44.48],[-123.93,44.47],[-123.94,44.47],[-123.95,44.47],[-123.95,44.46],[-123.94,44.46],[-123.93,44.46],[-123.93,44.45],[-123.92,44.45],[-123.92,44.44],[-123.93,44.44],[-123.94,44.44],[-123.95,44.44],[-123.95,44.43],[-123.96,44.43],[-123.96,44.42],[-123.95,44.42],[-123.94,44.42],[-123.93,44.42],[-123.93,44.41],[-123.92,44.41],[-123.92,44.42],[-123.91,44.42],[-123.9,44.42],[-123.89,44.42],[-123.89,44.41],[-123.88,44.41],[-123.88,44.42],[-123.87,44.42],[-123.87,44.41],[-123.86,44.41],[-123.86,44.42],[-123.85,44.42],[-123.85,44.41],[-123.84,44.41],[-123.82,44.39],[-123.82,44.38],[-123.81,44.38],[-123.81,44.39],[-123.8,44.39],[-123.79,44.39],[-123.79,44.38],[-123.78,44.38],[-123.78,44.39],[-123.77,44.39],[-123.76,44.39],[-123.73,44.4],[-123.72,44.4],[-123.71,44.4],[-123.7,44.4],[-123.69,44.4],[-123.68,44.4],[-123.68,44.39],[-123.67,44.39],[-123.66,44.39],[-123.65,44.39],[-123.64,44.39],[-123.63,44.4],[-123.62,44.4],[-123.62,44.41],[-123.61,44.41],[-123.6,44.41],[-123.59,44.41],[-123.58,44.41],[-123.58,44.42],[-123.56,44.43],[-123.56,44.44],[-123.55,44.44],[-123.55,44.43],[-123.54,44.43],[-123.54,44.44],[-123.54,44.45],[-123.53,44.45],[-123.52,44.45],[-123.52,44.44],[-123.53,44.44],[-123.53,44.43],[-123.53,44.42],[-123.53,44.41],[-123.52,44.41],[-123.52,44.4],[-123.52,44.39],[-123.51,44.39],[-123.51,44.38],[-123.52,44.38],[-123.53,44.38],[-123.53,44.37],[-123.54,44.37],[-123.55,44.37],[-123.56,44.37],[-123.56,44.36],[-123.57,44.36],[-123.57,44.35],[-123.59,44.34],[-123.59,44.33],[-123.59,44.32],[-123.59,44.31],[-123.6,44.31],[-123.61,44.3],[-123.62,44.3],[-123.62,44.29],[-123.63,44.29],[-123.64,44.29],[-123.64,44.28],[-123.64,44.27],[-123.65,44.27],[-123.66,44.27],[-123.67,44.27],[-123.67,44.28],[-123.68,44.28],[-123.69,44.28],[-123.69,44.27],[-123.7,44.27],[-123.71,44.27],[-123.72,44.27],[-123.72,44.26],[-123.73,44.26],[-123.74,44.26],[-123.74,44.25],[-123.75,44.25],[-123.76,44.25],[-123.76,44.24],[-123.77,44.24],[-123.77,44.23],[-123.78,44.23],[-123.79,44.23],[-123.8,44.23],[-123.8,44.24],[-123.81,44.24],[-123.84,44.25],[-123.85,44.25],[-123.86,44.25],[-123.87,44.25],[-123.87,44.24],[-123.88,44.24],[-123.88,44.25],[-123.89,44.26],[-123.89,44.25],[-123.91,44.26],[-123.92,44.26],[-123.92,44.25],[-123.93,44.25],[-123.93,44.26],[-123.94,44.26],[-123.94,44.25],[-123.95,44.25],[-123.96,44.25],[-123.97,44.25]],[[-123.69,44.73],[-123.69,44.72],[-123.68,44.72],[-123.69,44.73]],[[-123.53,44.69],[-123.53,44.68],[-123.54,44.68],[-123.54,44.67],[-123.53,44.67],[-123.52,44.67],[-123.52,44.68],[-123.53,44.69]],[[-123.51,44.7],[-123.51,44.69],[-123.5,44.69],[-123.49,44.69],[-123.49,44.7],[-123.5,44.7],[-123.51,44.7]],[[-123.91,44.51],[-123.91,44.52],[-123.92,44.52],[-123.92,44.51],[-123.93,44.52],[-123.93,44.51],[-123.94,44.51],[-123.95,44.51],[-123.95,44.5],[-123.95,44.49],[-123.94,44.49],[-123.93,44.49],[-123.93,44.5],[-123.92,44.5],[-123.91,44.51]],[[-123.95,44.44],[-123.95,44.45],[-123.96,44.45],[-123.96,44.44],[-123.95,44.44]],[[-123.68,44.39],[-123.69,44.39],[-123.69,44.38],[-123.68,44.38],[-123.68,44.39]],[[-123.69,44.38],[-123.7,44.38],[-123.7,44.37],[-123.69,44.37],[-123.69,44.38]],[[-123.62,44.3],[-123.63,44.31],[-123.64,44.31],[-123.64,44.3],[-123.63,44.3],[-123.62,44.3]],[[-123.76,44.25],[-123.75,44.26],[-123.76,44.26],[-123.76,44.25]]],[[[-123.73,45.04],[-123.73,45.05],[-123.72,45.07],[-123.72,45.08],[-123.6,45.08],[-123.59,45.08],[-123.55,45.08],[-123.53,45.08],[-123.52,45.08],[-123.51,45.08],[-123.51,45.01],[-123.52,45.01],[-123.53,45.01],[-123.54,45.01],[-123.55,45.01],[-123.55,45.0],[-123.56,45.0],[-123.57,45.0],[-123.58,45.0],[-123.59,45.0],[-123.59,45.01],[-123.58,45.01],[-123.58,45.02],[-123.59,45.02],[-123.6,45.03],[-123.61,45.03],[-123.61,45.02],[-123.62,45.02],[-123.62,45.01],[-123.63,45.01],[-123.63,45.0],[-123.64,45.0],[-123.64,45.01],[-123.64,45.02],[-123.64,45.03],[-123.65,45.03],[-123.66,45.03],[-123.66,45.04],[-123.67,45.04],[-123.68,45.03],[-123.69,45.03],[-123.7,45.03],[-123.71,45.03],[-123.72,45.04],[-123.73,45.04]],[[-123.6,45.03],[-123.59,45.03],[-123.59,45.04],[-123.6,45.04],[-123.6,45.03]]],[[[-123.96,44.9],[-123.98,44.92],[-123.98,44.94],[-123.97,44.95],[-123.96,44.97],[-123.95,44.98],[-123.88,45.04],[-123.88,45.05],[-123.85,45.05],[-123.84,45.05],[-123.81,45.05],[-123.81,45.04],[-123.8,45.04],[-123.78,45.04],[-123.78,45.03],[-123.79,45.03],[-123.8,45.03],[-123.8,45.02],[-123.81,45.02],[-123.81,45.01],[-123.82,45.01],[-123.82,45.0],[-123.82,44.99],[-123.83,44.99],[-123.84,44.99],[-123.84,44.98],[-123.84,44.97],[-123.85,44.97],[-123.85,44.98],[-123.86,44.98],[-123.87,44.98],[-123.88,44.98],[-123.88,44.97],[-123.87,44.97],[-123.88,44.96],[-123.89,44.95],[-123.9,44.96],[-123.91,44.96],[-123.91,44.95],[-123.92,44.95],[-123.92,44.94],[-123.93,44.94],[-123.94,44.94],[-123.95,44.94],[-123.95,44.93],[-123.96,44.93],[-123.96,44.92],[-123.96,44.91],[-123.96,44.9]]],[[[-123.74,45.04],[-123.73,45.04],[-123.73,45.03],[-123.74,45.04]]],[[[-123.87,44.86],[-123.86,44.85],[-123.87,44.85],[-123.87,44.86]]],[[[-123.59,44.71],[-123.6,44.71],[-123.6,44.72],[-123.59,44.72],[-123.59,44.71]]],[[[-123.38,44.69],[-123.37,44.69],[-123.37,44.68],[-123.38,44.68],[-123.38,44.69]]],[[[-123.38,44.68],[-123.38,44.67],[-123.39,44.67],[-123.39,44.68],[-123.38,44.68]]],[[[-123.38,44.66],[-123.38,44.65],[-123.39,44.65],[-123.4,44.66],[-123.39,44.66],[-123.38,44.66]]],[[[-123.52,44.45],[-123.52,44.46],[-123.51,44.46],[-123.51,44.45],[-123.52,44.45]]],[[[-123.37,44.67],[-123.36,44.67],[-123.36,44.66],[-123.37,44.66],[-123.37,44.67]]],[[[-123.89,44.82],[-123.89,44.83],[-123.88,44.83],[-123.88,44.82],[-123.89,44.82]]]]}},
{"type":"Feature","properties":{"ugc":"ORZ106","name":"North Oregon Coast Range","state":"OR","wfo":"PQR"},"geometry":{"type":"MultiPolygon","coordinates":[[[[-123.87,45.97],[-123.86,45.97],[-123.85,45.97],[-123.84,45.97],[-123.83,45.97],[-123.82,45.97],[-123.81,45.97],[-123.81,45.98],[-123.8,45.98],[-123.79,45.98],[-123.79,45.97],[-123.78,45.97],[-123.77,45.97],[-123.74,45.97],[-123.74,45.98],[-123.73,45.98],[-123.72,45.98],[-123.71,45.98],[-123.71,45.99],[-123.7,45.99],[-123.7,45.98],[-123.69,45.98],[-123.69,45.99],[-123.68,45.99],[-123.67,45.99],[-123.66,45.99],[-123.65,45.99],[-123.64,45.99],[-123.63,45.99],[-123.63,46.0],[-123.64,46.0],[-123.65,46.0],[-123.65,46.01],[-123.66,46.02],[-123.65,46.03],[-123.64,46.03],[-123.64,46.04],[-123.63,46.05],[-123.63,46.04],[-123.62,46.04],[-123.62,46.05],[-123.61,46.05],[-123.61,46.06],[-123.62,46.06],[-123.63,46.06],[-123.63,46.07],[-123.64,46.07],[-123.65,46.07],[-123.66,46.07],[-123.67,46.07],[-123.67,46.08],[-123.66,46.08],[-123.65,46.09],[-123.64,46.09],[-123.64,46.1],[-123.65,46.1],[-123.66,46.1],[-123.66,46.11],[-123.65,46.11],[-123.64,46.11],[-123.63,46.11],[-123.62,46.11],[-123.62,46.12],[-123.62,46.13],[-123.61,46.13],[-123.6,46.13],[-123.59,46.13],[-123.58,46.13],[-123.57,46.13],[-123.57,46.14],[-123.56,46.15],[-123.55,46.15],[-123.54,46.15],[-123.54,46.14],[-123.53,46.14],[-123.52,46.14],[-123.52,46.15],[-123.51,46.15],[-123.5,46.15],[-123.5,46.14],[-123.49,46.14],[-123.48,46.14],[-123.47,46.15],[-123.46,46.15],[-123.45,46.15],[-123.44,46.15],[-123.44,46.16],[-123.43,46.16],[-123.43,46.15],[-123.43,46.14],[-123.42,46.14],[-123.42,46.13],[-123.41,46.13],[-123.41,46.12],[-123.41,46.11],[-123.4,46.11],[-123.39,46.11],[-123.38,46.11],[-123.37,46.11],[-123.37,46.1],[-123.36,46.1],[-123.35,46.1],[-123.34,46.1],[-123.34,46.09],[-123.33,46.09],[-123.32,46.09],[-123.31,46.09],[-123.3,46.09],[-123.29,46.09],[-123.29,46.1],[-123.28,46.1],[-123.28,46.09],[-123.27,46.09],[-123.26,46.08],[-123.26,46.09],[-123.25,46.09],[-123.25,46.08],[-123.25,46.07],[-123.26,46.07],[-123.26,46.06],[-123.25,46.06],[-123.25,46.05],[-123.24,46.05],[-123.23,46.05],[-123.23,46.06],[-123.22,46.06],[-123.21,46.06],[-123.2,46.06],[-123.2,46.05],[-123.19,46.05],[-123.18,46.05],[-123.18,46.04],[-123.18,46.03],[-123.17,46.03],[-123.16,46.03],[-123.15,46.03],[-123.14,46.03],[-123.13,46.03],[-123.12,46.03],[-123.11,46.03],[-123.1,46.03],[-123.1,46.02],[-123.1,46.01],[-123.1,46.0],[-123.09,46.0],[-123.09,46.01],[-123.08,46.01],[-123.08,46.02],[-123.07,46.02],[-123.07,46.01],[-123.06,46.01],[-123.06,46.0],[-123.05,46.0],[-123.05,45.99],[-123.05,45.98],[-123.05,45.97],[-123.04,45.97],[-123.05,45.96],[-123.04,45.96],[-123.02,45.97],[-123.02,45.98],[-123.02,45.99],[-123.02,46.0],[-123.03,46.01],[-123.04,46.01],[-123.04,46.02],[-123.04,46.03],[-123.03,46.02],[-123.03,46.03],[-123.02,46.03],[-123.01,46.03],[-123.0,46.02],[-123.0,46.03],[-122.99,46.03],[-122.98,46.03],[-122.98,46.02],[-122.98,46.01],[-122.98,46.0],[-122.99,46.0],[-123.0,46.0],[-123.0,45.99],[-123.0,45.98],[-122.99,45.97],[-122.99,45.96],[-122.99,45.95],[-122.99,45.94],[-122.99,45.93],[-122.99,45.92],[-122.99,45.91],[-122.98,45.91],[-122.98,45.9],[-122.98,45.89],[-122.97,45.89],[-122.96,45.89],[-122.96,45.88],[-122.95,45.88],[-122.95,45.87],[-122.95,45.86],[-122.96,45.86],[-122.96,45.85],[-122.97,45.85],[-122.98,45.85],[-122.99,45.85],[-122.98,45.84],[-122.98,45.83],[-122.99,45.83],[-122.99,45.84],[-123.0,45.84],[-123.0,45.83],[-123.01,45.83],[-123.02,45.83],[-123.03,45.83],[-123.03,45.82],[-123.02,45.82],[-123.02,45.81],[-123.01,45.81],[-123.0,45.81],[-122.99,45.81],[-122.99,45.8],[-122.98,45.81],[-122.97,45.81],[-122.96,45.81],[-122.95,45.81],[-122.95,45.8],[-122.96,45.8],[-122.96,45.79],[-122.95,45.79],[-122.94,45.79],[-122.95,45.78],[-122.94,45.78],[-122.94,45.77],[-122.95,45.77],[-122.96,45.77],[-122.96,45.76],[-122.97,45.76],[-122.98,45.76],[-122.98,45.77],[-122.99,45.76],[-123.0,45.76],[-123.0,45.75],[-122.99,45.75],[-122.99,45.74],[-122.98,45.74],[-122.97,45.74],[-122.97,45.73],[-122.97,45.72],[-122.96,45.72],[-122.96,45.71],[-122.95,45.71],[-122.94,45.71],[-122.93,45.71],[-122.92,45.71],[-122.91,45.71],[-122.9,45.71],[-122.9,45.7],[-122.89,45.69],[-122.9,45.69],[-122.91,45.69],[-122.91,45.68],[-122.91,45.67],[-122.9,45.67],[-122.9,45.66],[-122.89,45.66],[-122.89,45.65],[-122.88,45.65],[-122.88,45.64],[-122.89,45.64],[-122.9,45.64],[-122.91,45.64],[-122.92,45.64],[-122.92,45.65],[-122.93,45.65],[-122.93,45.66],[-122.94,45.66],[-122.94,45.67],[-122.95,45.67],[-122.96,45.67],[-122.96,45.66],[-122.97,45.66],[-122.97,45.67],[-122.97,45.68],[-122.98,45.68],[-122.99,45.68],[-122.99,45.69],[-123.0,45.69],[-123.0,45.68],[-123.01,45.68],[-123.02,45.68],[-123.02,45.67],[-123.03,45.67],[-123.03,45.68],[-123.04,45.68],[-123.05,45.68],[-123.05,45.69],[-123.05,45.7],[-123.05,45.71],[-123.05,45.72],[-123.06,45.72],[-123.07,45.72],[-123.07,45.73],[-123.06,45.73],[-123.05,45.73],[-123.06,45.74],[-123.06,45.75],[-123.07,45.75],[-123.07,45.74],[-123.08,45.74],[-123.08,45.73],[-123.09,45.73],[-123.09,45.72],[-123.08,45.72],[-123.08,45.71],[-123.09,45.71],[-123.09,45.7],[-123.1,45.7],[-123.1,45.69],[-123.09,45.69],[-123.09,45.68],[-123.09,45.67],[-123.1,45.67],[-123.11,45.67],[-123.12,45.68],[-123.12,45.69],[-123.13,45.69],[-123.13,45.7],[-123.14,45.7],[-123.14,45.69],[-123.15,45.69],[-123.15,45.7],[-123.14,45.71],[-123.15,45.71],[-123.15,45.72],[-123.16,45.72],[-123.16,45.71],[-123.17,45.71],[-123.17,45.72],[-123.18,45.72],[-123.18,45.73],[-123.19,45.73],[-123.19,45.74],[-123.19,45.75],[-123.2,45.75],[-123.2,45.76],[-123.21,45.76],[-123.21,45.77],[-123.21,45.78],[-123.21,45.79],[-123.22,45.79],[-123.22,45.8],[-123.21,45.8],[-123.2,45.8],[-123.2,45.79],[-123.2,45.78],[-123.19,45.78],[-123.18,45.77],[-123.18,45.78],[-123.17,45.78],[-123.17,45.79],[-123.18,45.79],[-123.19,45.79],[-123.19,45.8],[-123.18,45.8],[-123.17,45.8],[-123.17,45.81],[-123.18,45.81],[-123.18,45.82],[-123.18,45.83],[-123.17,45.83],[-123.16,45.83],[-123.15,45.83],[-123.15,45.84],[-123.14,45.84],[-123.14,45.85],[-123.13,45.85],[-123.13,45.84],[-123.13,45.83],[-123.12,45.83],[-123.12,45.84],[-123.11,45.84],[-123.11,45.83],[-123.1,45.83],[-123.1,45.84],[-123.09,45.84],[-123.09,45.83],[-123.08,45.83],[-123.08,45.84],[-123.08,45.85],[-123.09,45.85],[-123.09,45.86],[-123.08,45.86],[-123.08,45.87],[-123.09,45.87],[-123.09,45.88],[-123.09,45.89],[-123.1,45.89],[-123.11,45.89],[-123.11,45.88],[-123.12,45.88],[-123.12,45.89],[-123.12,45.9],[-123.12,45.91],[-123.13,45.91],[-123.13,45.92],[-123.13,45.93],[-123.13,45.94],[-123.12,45.94],[-123.12,45.95],[-123.12,45.96],[-123.13,45.95],[-123.14,45.95],[-123.14,45.96],[-123.14,45.97],[-123.15,45.97],[-123.16,45.97],[-123.16,45.98],[-123.17,45.98],[-123.18,45.98],[-123.18,45.99],[-123.18,46.0],[-123.19,46.0],[-123.2,46.0],[-123.2,46.01],[-123.21,46.01],[-123.21,46.02],[-123.22,46.02],[-123.23,46.02],[-123.24,46.02],[-123.25,46.02],[-123.26,46.02],[-123.27,46.02],[-123.28,46.02],[-123.29,46.02],[-123.29,46.03],[-123.3,46.03],[-123.3,46.04],[-123.31,46.04],[-123.32,46.05],[-123.33,46.06],[-123.35,46.05],[-123.36,46.05],[-123.37,46.05],[-123.37,46.04],[-123.38,46.04],[-123.39,46.03],[-123.4,46.03],[-123.41,46.03],[-123.41,46.02],[-123.42,46.02],[-123.42,46.01],[-123.43,46.01],[-123.43,46.02],[-123.44,46.02],[-123.47,46.02],[-123.48,46.02],[-123.48,46.01],[-123.48,46.0],[-123.49,46.0],[-123.5,45.99],[-123.5,46.0],[-123.51,46.0],[-123.52,46.0],[-123.51,45.99],[-123.52,45.99],[-123.51,45.98],[-123.52,45.98],[-123.52,45.97],[-123.52,45.96],[-123.53,45.96],[-123.54,45.96],[-123.55,45.96],[-123.56,45.96],[-123.56,45.97],[-123.56,45.98],[-123.57,45.98],[-123.57,45.97],[-123.57,45.96],[-123.58,45.96],[-123.59,45.96],[-123.59,45.95],[-123.58,45.95],[-123.58,45.94],[-123.57,45.94],[-123.56,45.94],[-123.56,45.93],[-123.55,45.93],[-123.55,45.92],[-123.56,45.92],[-123.57,45.92],[-123.57,45.91],[-123.58,45.91],[-123.59,45.91],[-123.59,45.9],[-123.6,45.9],[-123.62,45.91],[-123.62,45.9],[-123.63,45.9],[-123.64,45.9],[-123.65,45.91],[-123.66,45.9],[-123.66,45.89],[-123.66,45.88],[-123.65,45.88],[-123.64,45.89],[-123.63,45.89],[-123.63,45.88],[-123.64,45.87],[-123.64,45.86],[-123.63,45.86],[-123.63,45.85],[-123.64,45.85],[-123.64,45.84],[-123.63,45.84],[-123.62,45.84],[-123.62,45.83],[-123.61,45.83],[-123.61,45.82],[-123.62,45.82],[-123.63,45.82],[-123.64,45.82],[-123.64,45.81],[-123.65,45.81],[-123.66,45.81],[-123.66,45.8],[-123.67,45.8],[-123.68,45.81],[-123.68,45.82],[-123.67,45.82],[-123.66,45.82],[-123.66,45.83],[-123.67,45.83],[-123.67,45.84],[-123.67,45.85],[-123.68,45.85],[-123.69,45.85],[-123.69,45.86],[-123.68,45.86],[-123.68,45.87],[-123.68,45.88],[-123.69,45.88],[-123.7,45.88],[-123.71,45.88],[-123.71,45.89],[-123.71,45.9],[-123.72,45.9],[-123.72,45.91],[-123.71,45.91],[-123.71,45.92],[-123.72,45.92],[-123.73,45.92],[-123.73,45.93],[-123.74,45.93],[-123.74,45.92],[-123.75,45.92],[-123.76,45.92],[-123.76,45.93],[-123.77,45.93],[-123.77,45.92],[-123.78,45.92],[-123.79,45.92],[-123.79,45.93],[-123.79,45.94],[-123.8,45.94],[-123.81,45.94],[-123.81,45.93],[-123.82,45.93],[-123.83,45.93],[-123.84,45.93],[-123.84,45.94],[-123.84,45.95],[-123.85,45.95],[-123.86,45.95],[-123.86,45.94],[-123.87,45.94],[-123.88,45.94],[-123.89,45.94],[-123.89,45.95],[-123.88,45.95],[-123.87,45.95],[-123.87,45.96],[-123.87,45.97]],[[-123.64,46.03],[-123.64,46.02],[-123.63,46.02],[-123.63,46.01],[-123.62,46.01],[-123.62,46.02],[-123.63,46.03],[-123.64,46.03]],[[-123.61,46.05],[-123.61,46.04],[-123.6,46.04],[-123.6,46.05],[-123.61,46.05]],[[-123.07,45.75],[-123.07,45.76],[-123.08,45.76],[-123.08,45.75],[-123.07,45.75]],[[-123.09,45.73],[-123.09,45.74],[-123.1,45.73],[-123.09,45.73]],[[-123.17,45.81],[-123.16,45.81],[-123.15,45.81],[-123.15,45.82],[-123.16,45.82],[-123.17,45.82],[-123.17,45.81]],[[-123.15,45.81],[-123.15,45.8],[-123.14,45.8],[-123.14,45.81],[-123.15,45.81]],[[-123.67,45.85],[-123.66,45.85],[-123.67,45.86],[-123.67,45.85]],[[-123.02,46.02],[-123.02,46.01],[-123.01,46.01],[-123.02,46.02]]],[[[-123.29,45.71],[-123.3,45.71],[-123.3,45.7],[-123.3,45.69],[-123.31,45.69],[-123.31,45.68],[-123.32,45.68],[-123.32,45.67],[-123.33,45.67],[-123.33,45.66],[-123.32,45.66],[-123.32,45.65],[-123.31,45.65],[-123.3,45.65],[-123.3,45.64],[-123.29,45.64],[-123.28,45.64],[-123.29,45.63],[-123.28,45.62],[-123.27,45.62],[-123.26,45.62],[-123.26,45.61],[-123.27,45.61],[-123.28,45.61],[-123.28,45.6],[-123.28,45.59],[-123.28,45.58],[-123.27,45.58],[-123.26,45.58],[-123.26,45.57],[-123.26,45.56],[-123.25,45.56],[-123.25,45.55],[-123.24,45.55],[-123.23,45.56],[-123.23,45.55],[-123.22,45.55],[-123.21,45.55],[-123.2,45.54],[-123.19,45.54],[-123.19,45.53],[-123.19,45.52],[-123.2,45.52],[-123.21,45.52],[-123.22,45.52],[-123.23,45.52],[-123.24,45.52],[-123.25,45.52],[-123.25,45.53],[-123.26,45.53],[-123.26,45.52],[-123.27,45.52],[-123.27,45.51],[-123.27,45.5],[-123.26,45.5],[-123.26,45.49],[-123.27,45.49],[-123.28,45.49],[-123.28,45.5],[-123.29,45.5],[-123.29,45.49],[-123.3,45.49],[-123.3,45.48],[-123.29,45.48],[-123.28,45.48],[-123.27,45.47],[-123.28,45.47],[-123.29,45.47],[-123.3,45.47],[-123.31,45.47],[-123.32,45.47],[-123.33,45.47],[-123.34,45.47],[-123.34,45.46],[-123.33,45.46],[-123.32,45.46],[-123.31,45.46],[-123.3,45.46],[-123.3,45.45],[-123.29,45.45],[-123.28,45.45],[-123.27,45.45],[-123.27,45.44],[-123.28,45.44],[-123.29,45.44],[-123.28,45.43],[-123.27,45.43],[-123.27,45.42],[-123.28,45.42],[-123.29,45.42],[-123.3,45.42],[-123.31,45.42],[-123.31,45.41],[-123.3,45.41],[-123.3,45.4],[-123.31,45.4],[-123.31,45.39],[-123.3,45.39],[-123.3,45.38],[-123.31,45.38],[-123.32,45.38],[-123.33,45.38],[-123.33,45.39],[-123.34,45.39],[-123.34,45.38],[-123.35,45.38],[-123.35,45.37],[-123.36,45.37],[-123.36,45.38],[-123.37,45.38],[-123.37,45.37],[-123.38,45.37],[-123.39,45.37],[-123.4,45.37],[-123.39,45.36],[-123.38,45.36],[-123.37,45.36],[-123.37,45.35],[-123.36,45.35],[-123.35,45.35],[-123.35,45.34],[-123.34,45.34],[-123.33,45.34],[-123.33,45.33],[-123.34,45.33],[-123.35,45.33],[-123.35,45.32],[-123.35,45.31],[-123.36,45.31],[-123.37,45.31],[-123.37,45.3],[-123.36,45.3],[-123.35,45.3],[-123.35,45.29],[-123.34,45.29],[-123.33,45.29],[-123.32,45.28],[-123.31,45.28],[-123.3,45.28],[-123.3,45.27],[-123.29,45.27],[-123.29,45.26],[-123.3,45.26],[-123.3,45.25],[-123.3,45.24],[-123.31,45.24],[-123.32,45.24],[-123.32,45.25],[-123.33,45.25],[-123.33,45.26],[-123.34,45.26],[-123.35,45.26],[-123.34,45.25],[-123.34,45.24],[-123.33,45.24],[-123.33,45.23],[-123.34,45.23],[-123.34,45.22],[-123.34,45.21],[-123.35,45.21],[-123.35,45.22],[-123.36,45.23],[-123.36,45.22],[-123.37,45.22],[-123.37,45.23],[-123.38,45.23],[-123.38,45.22],[-123.38,45.21],[-123.39,45.21],[-123.4,45.21],[-123.4,45.2],[-123.41,45.2],[-123.41,45.21],[-123.42,45.21],[-123.42,45.2],[-123.43,45.2],[-123.43,45.21],[-123.44,45.21],[-123.44,45.2],[-123.44,45.19],[-123.45,45.19],[-123.45,45.2],[-123.46,45.2],[-123.47,45.19],[-123.47,45.18],[-123.48,45.18],[-123.49,45.18],[-123.5,45.18],[-123.5,45.19],[-123.51,45.18],[-123.51,45.17],[-123.52,45.16],[-123.52,45.17],[-123.53,45.17],[-123.53,45.18],[-123.53,45.19],[-123.54,45.19],[-123.54,45.18],[-123.55,45.18],[-123.56,45.18],[-123.56,45.17],[-123.57,45.17],[-123.57,45.16],[-123.56,45.16],[-123.56,45.15],[-123.57,45.15],[-123.58,45.15],[-123.59,45.15],[-123.6,45.15],[-123.6,45.14],[-123.61,45.14],[-123.61,45.15],[-123.62,45.15],[-123.62,45.14],[-123.63,45.14],[-123.63,45.15],[-123.63,45.16],[-123.64,45.16],[-123.65,45.16],[-123.64,45.15],[-123.64,45.14],[-123.65,45.14],[-123.65,45.15],[-123.66,45.15],[-123.66,45.14],[-123.67,45.14],[-123.68,45.13],[-123.69,45.13],[-123.7,45.13],[-123.71,45.13],[-123.71,45.12],[-123.72,45.12],[-123.72,45.13],[-123.73,45.13],[-123.73,45.12],[-123.74,45.12],[-123.75,45.12],[-123.76,45.12],[-123.77,45.12],[-123.78,45.12],[-123.78,45.13],[-123.79,45.13],[-123.8,45.14],[-123.79,45.14],[-123.78,45.15],[-123.79,45.15],[-123.8,45.16],[-123.79,45.16],[-123.78,45.16],[-123.77,45.16],[-123.76,45.16],[-123.76,45.17],[-123.76,45.18],[-123.77,45.18],[-123.77,45.19],[-123.78,45.19],[-123.79,45.19],[-123.79,45.2],[-123.8,45.2],[-123.81,45.19],[-123.81,45.2],[-123.82,45.2],[-123.82,45.21],[-123.81,45.21],[-123.8,45.21],[-123.8,45.22],[-123.81,45.22],[-123.82,45.22],[-123.82,45.23],[-123.83,45.23],[-123.84,45.22],[-123.82,45.25],[-123.82,45.26],[-123.81,45.26],[-123.81,45.25],[-123.8,45.25],[-123.79,45.25],[-123.79,45.26],[-123.78,45.26],[-123.78,45.25],[-123.77,45.25],[-123.76,45.25],[-123.75,45.25],[-123.74,45.25],[-123.73,45.25],[-123.72,45.25],[-123.71,45.25],[-123.7,45.25],[-123.7,45.26],[-123.7,45.27],[-123.69,45.27],[-123.68,45.28],[-123.67,45.28],[-123.67,45.29],[-123.66,45.29],[-123.66,45.3],[-123.66,45.31],[-123.65,45.31],[-123.64,45.31],[-123.64,45.32],[-123.65,45.32],[-123.66,45.32],[-123.67,45.32],[-123.67,45.31],[-123.68,45.31],[-123.68,45.32],[-123.69,45.32],[-123.7,45.32],[-123.7,45.31],[-123.71,45.31],[-123.72,45.31],[-123.73,45.31],[-123.73,45.32],[-123.74,45.32],[-123.74,45.31],[-123.75,45.31],[-123.76,45.31],[-123.76,45.32],[-123.77,45.32],[-123.77,45.31],[-123.77,45.3],[-123.78,45.3],[-123.78,45.31],[-123.79,45.31],[-123.8,45.31],[-123.8,45.32],[-123.79,45.33],[-123.79,45.34],[-123.79,45.35],[-123.78,45.35],[-123.78,45.36],[-123.77,45.36],[-123.76,45.37],[-123.75,45.37],[-123.74,45.38],[-123.73,45.38],[-123.72,45.38],[-123.73,45.39],[-123.74,45.39],[-123.74,45.4],[-123.73,45.4],[-123.73,45.41],[-123.74,45.41],[-123.74,45.42],[-123.73,45.42],[-123.72,45.42],[-123.71,45.42],[-123.71,45.41],[-123.7,45.41],[-123.69,45.41],[-123.69,45.42],[-123.7,45.42],[-123.7,45.43],[-123.69,45.43],[-123.69,45.44],[-123.7,45.44],[-123.7,45.45],[-123.69,45.45],[-123.68,45.45],[-123.68,45.44],[-123.67,45.44],[-123.66,45.44],[-123.65,45.45],[-123.65,45.44],[-123.64,45.44],[-123.63,45.43],[-123.63,45.44],[-123.62,45.44],[-123.62,45.43],[-123.61,45.43],[-123.61,45.42],[-123.59,45.42],[-123.59,45.43],[-123.6,45.43],[-123.6,45.44],[-123.61,45.45],[-123.61,45.46],[-123.62,45.46],[-123.63,45.46],[-123.64,45.46],[-123.64,45.47],[-123.63,45.47],[-123.63,45.48],[-123.62,45.48],[-123.62,45.49],[-123.61,45.49],[-123.6,45.49],[-123.59,45.49],[-123.58,45.49],[-123.58,45.5],[-123.59,45.5],[-123.6,45.5],[-123.6,45.51],[-123.61,45.51],[-123.61,45.52],[-123.6,45.52],[-123.6,45.53],[-123.6,45.54],[-123.59,45.55],[-123.59,45.56],[-123.6,45.56],[-123.6,45.57],[-123.61,45.57],[-123.61,45.56],[-123.62,45.56],[-123.62,45.55],[-123.62,45.54],[-123.62,45.53],[-123.62,45.52],[-123.63,45.52],[-123.63,45.51],[-123.63,45.5],[-123.64,45.5],[-123.65,45.5],[-123.66,45.5],[-123.65,45.51],[-123.66,45.51],[-123.67,45.51],[-123.68,45.51],[-123.68,45.5],[-123.69,45.5],[-123.7,45.5],[-123.71,45.5],[-123.71,45.49],[-123.72,45.49],[-123.73,45.48],[-123.73,45.49],[-123.74,45.5],[-123.74,45.49],[-123.75,45.49],[-123.76,45.49],[-123.77,45.49],[-123.78,45.49],[-123.79,45.49],[-123.79,45.5],[-123.8,45.5],[-123.8,45.51],[-123.81,45.51],[-123.82,45.52],[-123.81,45.52],[-123.8,45.52],[-123.79,45.52],[-123.78,45.52],[-123.78,45.53],[-123.77,45.53],[-123.77,45.55],[-123.78,45.55],[-123.78,45.56],[-123.78,45.57],[-123.79,45.57],[-123.79,45.58],[-123.79,45.59],[-123.8,45.59],[-123.81,45.59],[-123.81,45.58],[-123.8,45.58],[-123.8,45.57],[-123.81,45.57],[-123.81,45.56],[-123.81,45.55],[-123.8,45.55],[-123.8,45.54],[-123.79,45.54],[-123.79,45.53],[-123.8,45.53],[-123.81,45.53],[-123.81,45.54],[-123.82,45.54],[-123.82,45.53],[-123.83,45.53],[-123.83,45.54],[-123.84,45.54],[-123.84,45.53],[-123.85,45.53],[-123.86,45.54],[-123.87,45.55],[-123.86,45.55],[-123.86,45.56],[-123.86,45.57],[-123.86,45.58],[-123.85,45.58],[-123.84,45.58],[-123.84,45.59],[-123.84,45.6],[-123.84,45.61],[-123.84,45.62],[-123.84,45.63],[-123.83,45.63],[-123.83,45.64],[-123.83,45.65],[-123.83,45.66],[-123.83,45.67],[-123.82,45.67],[-123.82,45.66],[-123.82,45.65],[-123.81,45.65],[-123.8,45.65],[-123.8,45.66],[-123.79,45.66],[-123.79,45.67],[-123.78,45.67],[-123.77,45.67],[-123.77,45.68],[-123.78,45.68],[-123.78,45.69],[-123.77,45.69],[-123.76,45.69],[-123.75,45.69],[-123.75,45.68],[-123.74,45.69],[-123.74,45.71],[-123.73,45.71],[-123.73,45.72],[-123.72,45.73],[-123.71,45.73],[-123.7,45.73],[-123.7,45.74],[-123.69,45.74],[-123.68,45.74],[-123.67,45.74],[-123.66,45.74],[-123.65,45.74],[-123.64,45.75],[-123.64,45.76],[-123.63,45.76],[-123.63,45.78],[-123.62,45.78],[-123.62,45.79],[-123.61,45.79],[-123.61,45.8],[-123.61,45.81],[-123.6,45.81],[-123.6,45.82],[-123.59,45.82],[-123.59,45.83],[-123.59,45.84],[-123.58,45.84],[-123.58,45.83],[-123.57,45.83],[-123.57,45.84],[-123.56,45.83],[-123.55,45.83],[-123.55,45.84],[-123.54,45.84],[-123.53,45.84],[-123.53,45.85],[-123.53,45.86],[-123.53,45.87],[-123.53,45.88],[-123.52,45.88],[-123.51,45.88],[-123.51,45.89],[-123.5,45.89],[-123.5,45.88],[-123.49,45.89],[-123.48,45.89],[-123.47,45.89],[-123.47,45.9],[-123.46,45.9],[-123.46,45.92],[-123.47,45.92],[-123.47,45.93],[-123.47,45.94],[-123.46,45.94],[-123.46,45.93],[-123.45,45.93],[-123.44,45.93],[-123.43,45.93],[-123.42,45.93],[-123.42,45.94],[-123.42,45.95],[-123.41,45.94],[-123.4,45.94],[-123.4,45.95],[-123.39,45.95],[-123.39,45.96],[-123.38,45.95],[-123.37,45.95],[-123.37,45.96],[-123.36,45.96],[-123.35,45.96],[-123.35,45.95],[-123.35,45.94],[-123.35,45.93],[-123.36,45.93],[-123.36,45.9],[-123.36,45.89],[-123.35,45.89],[-123.34,45.89],[-123.33,45.89],[-123.33,45.88],[-123.31,45.87],[-123.3,45.87],[-123.29,45.87],[-123.28,45.87],[-123.27,45.87],[-123.27,45.86],[-123.28,45.86],[-123.29,45.86],[-123.28,45.85],[-123.27,45.85],[-123.27,45.84],[-123.27,45.83],[-123.28,45.83],[-123.29,45.83],[-123.29,45.82],[-123.29,45.81],[-123.29,45.8],[-123.28,45.8],[-123.28,45.79],[-123.29,45.79],[-123.29,45.78],[-123.29,45.77],[-123.3,45.77],[-123.3,45.76],[-123.31,45.76],[-123.3,45.75],[-123.31,45.75],[-123.32,45.75],[-123.32,45.74],[-123.31,45.74],[-123.31,45.73],[-123.3,45.73],[-123.3,45.74],[-123.29,45.74],[-123.29,45.73],[-123.3,45.72],[-123.29,45.72],[-123.29,45.71]],[[-123.33,45.66],[-123.34,45.65],[-123.33,45.65],[-123.33,45.66]],[[-123.27,45.52],[-123.27,45.53],[-123.28,45.53],[-123.28,45.52],[-123.27,45.52]],[[-123.28,45.53],[-123.28,45.54],[-123.29,45.54],[-123.29,45.53],[-123.28,45.53]],[[-123.35,45.38],[-123.35,45.39],[-123.36,45.39],[-123.35,45.38]],[[-123.36,45.39],[-123.36,45.4],[-123.37,45.4],[-123.37,45.39],[-123.36,45.39]],[[-123.38,45.22],[-123.39,45.23],[-123.39,45.22],[-123.38,45.22]],[[-123.66,45.15],[-123.66,45.16],[-123.67,45.16],[-123.66,45.15]],[[-123.76,45.18],[-123.75,45.18],[-123.75,45.19],[-123.76,45.18]],[[-123.59,45.56],[-123.58,45.56],[-123.57,45.56],[-123.56,45.56],[-123.56,45.57],[-123.56,45.58],[-123.55,45.58],[-123.54,45.58],[-123.53,45.58],[-123.53,45.59],[-123.54,45.59],[-123.54,45.6],[-123.54,45.61],[-123.55,45.61],[-123.55,45.6],[-123.56,45.59],[-123.56,45.6],[-123.57,45.6],[-123.57,45.59],[-123.57,45.58],[-123.57,45.57],[-123.58,45.57],[-123.59,45.57],[-123.59,45.56]],[[-123.53,45.59],[-123.52,45.59],[-123.53,45.6],[-123.53,45.59]],[[-123.52,45.59],[-123.52,45.58],[-123.51,45.58],[-123.51,45.59],[-123.52,45.59]],[[-123.51,45.59],[-123.5,45.59],[-123.5,45.6],[-123.51,45.6],[-123.51,45.59]],[[-123.62,45.54],[-123.63,45.54],[-123.63,45.53],[-123.62,45.54]],[[-123.31,45.76],[-123.31,45.77],[-123.32,45.77],[-123.32,45.76],[-123.31,45.76]],[[-123.32,45.77],[-123.32,45.78],[-123.33,45.78],[-123.34,45.78],[-123.33,45.77],[-123.32,45.77]],[[-123.35,45.65],[-123.36,45.64],[-123.35,45.64],[-123.35,45.65]],[[-123.59,45.81],[-123.58,45.81],[-123.57,45.81],[-123.57,45.82],[-123.58,45.82],[-123.59,45.81]],[[-123.55,45.62],[-123.54,45.62],[-123.54,45.63],[-123.55,45.63],[-123.55,45.62]],[[-123.49,45.6],[-123.48,45.6],[-123.48,45.61],[-123.49,45.61],[-123.49,45.6]],[[-123.57,45.49],[-123.56,45.49],[-123.56,45.5],[-123.57,45.49]],[[-123.68,45.43],[-123.68,45.42],[-123.67,45.43],[-123.68,45.43]],[[-123.57,45.18],[-123.57,45.19],[-123.58,45.19],[-123.58,45.18],[-123.57,45.18]]],[[[-123.49,46.0],[-123.48,45.99],[-123.49,45.99],[-123.49,46.0]]],[[[-123.11,45.88],[-123.1,45.88],[-123.09,45.88],[-123.1,45.87],[-123.11,45.87],[-123.11,45.88]]],[[[-123.15,45.84],[-123.16,45.83],[-123.16,45.84],[-123.15,45.84]]],[[[-123.21,45.76],[-123.21,45.75],[-123.2,45.75],[-123.21,45.74],[-123.22,45.74],[-123.22,45.73],[-123.23,45.73],[-123.23,45.72],[-123.24,45.72],[-123.24,45.71],[-123.25,45.71],[-123.26,45.7],[-123.26,45.69],[-123.25,45.69],[-123.25,45.68],[-123.24,45.68],[-123.23,45.68],[-123.23,45.67],[-123.22,45.67],[-123.21,45.67],[-123.21,45.66],[-123.2,45.66],[-123.2,45.65],[-123.2,45.64],[-123.21,45.64],[-123.22,45.64],[-123.23,45.64],[-123.23,45.65],[-123.24,45.65],[-123.25,45.65],[-123.26,45.66],[-123.26,45.67],[-123.26,45.68],[-123.27,45.68],[-123.28,45.68],[-123.28,45.69],[-123.28,45.7],[-123.28,45.71],[-123.29,45.71],[-123.28,45.72],[-123.28,45.73],[-123.28,45.74],[-123.28,45.75],[-123.27,45.76],[-123.27,45.77],[-123.27,45.78],[-123.26,45.78],[-123.26,45.79],[-123.27,45.79],[-123.27,45.8],[-123.27,45.81],[-123.27,45.82],[-123.26,45.82],[-123.25,45.82],[-123.24,45.81],[-123.24,45.8],[-123.24,45.79],[-123.23,45.78],[-123.23,45.77],[-123.23,45.76],[-123.22,45.76],[-123.21,45.76]]],[[[-123.19,45.52],[-123.18,45.52],[-123.18,45.51],[-123.19,45.51],[-123.19,45.52]]],[[[-123.35,45.21],[-123.35,45.2],[-123.36,45.2],[-123.36,45.21],[-123.35,45.21]]],[[[-123.45,45.19],[-123.45,45.18],[-123.46,45.19],[-123.45,45.19]]],[[[-123.56,45.17],[-123.55,45.17],[-123.55,45.16],[-123.56,45.16],[-123.56,45.17]]],[[[-123.68,45.13],[-123.67,45.13],[-123.67,45.12],[-123.68,45.12],[-123.68,45.13]]],[[[-123.74,45.38],[-123.75,45.38],[-123.75,45.39],[-123.74,45.39],[-123.74,45.38]]],[[[-123.64,45.47],[-123.65,45.47],[-123.65,45.46],[-123.66,45.46],[-123.67,45.46],[-123.67,45.47],[-123.68,45.47],[-123.69,45.47],[-123.69,45.48],[-123.68,45.48],[-123.68,45.49],[-123.67,45.49],[-123.67,45.48],[-123.66,45.48],[-123.65,45.48],[-123.64,45.47]]],[[[-123.69,45.47],[-123.69,45.46],[-123.7,45.46],[-123.71,45.45],[-123.72,45.45],[-123.73,45.45],[-123.73,45.44],[-123.74,45.44],[-123.74,45.45],[-123.74,45.46],[-123.74,45.47],[-123.73,45.47],[-123.72,45.47],[-123.72,45.48],[-123.71,45.48],[-123.71,45.47],[-123.7,45.47],[-123.69,45.47]]],[[[-123.63,45.51],[-123.62,45.51],[-123.62,45.5],[-123.63,45.51]]],[[[-123.8,45.55],[-123.79,45.56],[-123.79,45.55],[-123.8,45.55]]],[[[-123.79,45.67],[-123.8,45.67],[-123.81,45.67],[-123.81,45.68],[-123.8,45.68],[-123.79,45.67]]],[[[-123.26,45.87],[-123.25,45.87],[-123.25,45.86],[-123.26,45.86],[-123.26,45.87]]],[[[-123.0,45.68],[-122.99,45.68],[-122.99,45.67],[-123.0,45.67],[-123.0,45.68]]],[[[-122.94,45.66],[-122.94,45.65],[-122.95,45.65],[-122.95,45.66],[-122.94,45.66]]],[[[-123.66,46.02],[-123.66,46.01],[-123.67,46.01],[-123.68,46.01],[-123.68,46.02],[-123.69,46.02],[-123.7,46.01],[-123.71,46.01],[-123.72,46.01],[-123.72,46.02],[-123.73,46.02],[-123.73,46.03],[-123.73,46.04],[-123.72,46.03],[-123.71,46.03],[-123.7,46.03],[-123.68,46.03],[-123.67,46.03],[-123.66,46.03],[-123.66,46.02]]],[[[-123.14,45.86],[-123.15,45.87],[-123.15,45.88],[-123.14,45.88],[-123.14,45.87],[-123.13,45.87],[-123.13,45.86],[-123.14,45.86]]],[[[-123.92,45.86],[-123.92,45.87],[-123.91,45.87],[-123.9,45.87],[-123.89,45.88],[-123.9,45.88],[-123.9,45.89],[-123.89,45.89],[-123.88,45.89],[-123.87,45.89],[-123.87,45.88],[-123.86,45.88],[-123.85,45.88],[-123.85,45.87],[-123.84,45.87],[-123.83,45.87],[-123.82,45.87],[-123.81,45.87],[-123.8,45.88],[-123.79,45.88],[-123.78,45.88],[-123.78,45.87],[-123.78,45.86],[-123.77,45.86],[-123.78,45.85],[-123.79,45.85],[-123.8,45.85],[-123.8,45.84],[-123.81,45.84],[-123.82,45.84],[-123.82,45.83],[-123.82,45.82],[-123.83,45.82],[-123.84,45.82],[-123.84,45.83],[-123.85,45.83],[-123.86,45.83],[-123.86,45.82],[-123.86,45.81],[-123.86,45.8],[-123.87,45.8],[-123.88,45.8],[-123.89,45.79],[-123.89,45.78],[-123.9,45.78],[-123.9,45.77],[-123.89,45.77],[-123.89,45.76],[-123.9,45.76],[-123.91,45.76],[-123.92,45.75],[-123.93,45.75],[-123.94,45.76],[-123.94,45.78],[-123.93,45.82],[-123.93,45.85],[-123.92,45.85],[-123.92,45.86]],[[-123.9,45.87],[-123.9,45.86],[-123.89,45.86],[-123.89,45.87],[-123.9,45.87]]],[[[-123.79,45.88],[-123.8,45.89],[-123.79,45.89],[-123.79,45.88]]],[[[-123.9,45.89],[-123.91,45.89],[-123.91,45.9],[-123.9,45.9],[-123.9,45.89]]],[[[-123.87,45.14],[-123.86,45.15],[-123.86,45.16],[-123.86,45.17],[-123.86,45.18],[-123.87,45.18],[-123.87,45.19],[-123.86,45.2],[-123.85,45.2],[-123.85,45.19],[-123.85,45.18],[-123.84,45.18],[-123.83,45.18],[-123.83,45.17],[-123.82,45.17],[-123.82,45.16],[-123.81,45.16],[-123.81,45.15],[-123.81,45.14],[-123.82,45.14],[-123.82,45.13],[-123.82,45.12],[-123.83,45.12],[-123.84,45.12],[-123.85,45.12],[-123.85,45.13],[-123.86,45.13],[-123.87,45.13],[-123.87,45.14]]],[[[-123.82,45.17],[-123.82,45.18],[-123.81,45.18],[-123.81,45.17],[-123.82,45.17]]]]}},
{"type":"Feature","properties":{"ugc":"ORZ107","name":"Central Oregon Coast Range","state":"OR","wfo":"PQR"},"geometry":{"type":"MultiPolygon","coordinates":[[[[-123.22,43.81],[-123.22,43.82],[-123.22,43.83],[-123.21,43.83],[-123.21,43.84],[-123.2,43.84],[-123.19,43.84],[-123.19,43.85],[-123.2,43.85],[-123.19,43.86],[-123.2,43.86],[-123.21,43.86],[-123.22,43.86],[-123.23,43.86],[-123.23,43.87],[-123.22,43.87],[-123.21,43.87],[-123.21,43.88],[-123.2,43.88],[-123.2,43.89],[-123.19,43.89],[-123.18,43.89],[-123.18,43.9],[-123.17,43.9],[-123.17,43.91],[-123.18,43.91],[-123.19,43.91],[-123.18,43.92],[-123.19,43.92],[-123.2,43.92],[-123.21,43.92],[-123.21,43.93],[-123.2,43.93],[-123.19,43.93],[-123.19,43.94],[-123.18,43.94],[-123.18,43.93],[-123.17,43.92],[-123.17,43.93],[-123.17,43.94],[-123.16,43.94],[-123.15,43.94],[-123.16,43.93],[-123.16,43.92],[-123.16,43.91],[-123.15,43.91],[-123.16,43.9],[-123.16,43.89],[-123.16,43.88],[-123.15,43.89],[-123.14,43.89],[-123.14,43.88],[-123.13,43.88],[-123.13,43.89],[-123.12,43.9],[-123.13,43.9],[-123.14,43.9],[-123.14,43.91],[-123.13,43.91],[-123.12,43.91],[-123.11,43.91],[-123.1,43.91],[-123.09,43.9],[-123.09,43.91],[-123.08,43.91],[-123.07,43.91],[-123.07,43.9],[-123.07,43.89],[-123.06,43.89],[-123.06,43.88],[-123.07,43.88],[-123.08,43.88],[-123.09,43.88],[-123.1,43.88],[-123.11,43.89],[-123.11,43.88],[-123.11,43.87],[-123.1,43.86],[-123.09,43.86],[-123.08,43.86],[-123.08,43.85],[-123.07,43.85],[-123.06,43.85],[-123.06,43.84],[-123.07,43.84],[-123.07,43.83],[-123.06,43.83],[-123.06,43.82],[-123.06,43.81],[-123.07,43.82],[-123.08,43.82],[-123.08,43.83],[-123.09,43.83],[-123.09,43.82],[-123.09,43.81],[-123.1,43.81],[-123.1,43.82],[-123.11,43.82],[-123.11,43.83],[-123.12,43.83],[-123.12,43.84],[-123.12,43.85],[-123.13,43.85],[-123.13,43.84],[-123.14,43.84],[-123.15,43.84],[-123.15,43.83],[-123.14,43.83],[-123.14,43.82],[-123.14,43.81],[-123.13,43.81],[-123.12,43.81],[-123.11,43.81],[-123.11,43.8],[-123.11,43.79],[-123.1,43.79],[-123.1,43.78],[-123.09,43.78],[-123.09,43.77],[-123.1,43.77],[-123.11,43.77],[-123.12,43.77],[-123.12,43.76],[-123.13,43.76],[-123.14,43.76],[-123.14,43.77],[-123.14,43.78],[-123.15,43.78],[-123.15,43.79],[-123.16,43.79],[-123.17,43.79],[-123.17,43.8],[-123.17,43.81],[-123.18,43.81],[-123.18,43.82],[-123.19,43.82],[-123.19,43.81],[-123.2,43.81],[-123.2,43.82],[-123.21,43.82],[-123.21,43.81],[-123.22,43.81]],[[-123.19,43.86],[-123.18,43.86],[-123.18,43.87],[-123.19,43.87],[-123.19,43.86]],[[-123.18,43.87],[-123.17,43.87],[-123.17,43.88],[-123.18,43.88],[-123.18,43.87]]],[[[-123.2,43.89],[-123.21,43.89],[-123.22,43.89],[-123.22,43.9],[-123.21,43.9],[-123.2,43.9],[-123.2,43.89]]],[[[-123.21,43.91],[-123.22,43.91],[-123.23,43.91],[-123.22,43.92],[-123.21,43.92],[-123.21,43.91]]],[[[-123.19,43.91],[-123.19,43.9],[-123.2,43.9],[-123.2,43.91],[-123.19,43.91]]],[[[-123.06,43.84],[-123.05,43.84],[-123.06,43.83],[-123.06,43.84]]],[[[-123.06,43.82],[-123.05,43.82],[-123.05,43.81],[-123.06,43.82]]],[[[-123.18,43.79],[-123.19,43.79],[-123.2,43.79],[-123.21,43.79],[-123.21,43.8],[-123.2,43.8],[-123.19,43.8],[-123.19,43.81],[-123.18,43.81],[-123.18,43.8],[-123.18,43.79]]],[[[-123.47,43.88],[-123.47,43.87],[-123.46,43.87],[-123.45,43.87],[-123.45,43.86],[-123.44,43.85],[-123.43,43.85],[-123.43,43.84],[-123.42,43.84],[-123.41,43.84],[-123.4,43.84],[-123.39,43.84],[-123.38,43.84],[-123.37,43.84],[-123.36,43.84],[-123.36,43.83],[-123.35,43.82],[-123.34,43.82],[-123.33,43.82],[-123.31,43.82],[-123.3,43.81],[-123.29,43.81],[-123.28,43.81],[-123.28,43.8],[-123.27,43.81],[-123.27,43.82],[-123.26,43.82],[-123.26,43.81],[-123.25,43.81],[-123.25,43.8],[-123.24,43.8],[-123.24,43.79],[-123.25,43.79],[-123.25,43.78],[-123.26,43.78],[-123.35,43.78],[-123.35,43.8],[-123.35,43.81],[-123.37,43.81],[-123.45,43.81],[-123.47,43.81],[-123.47,43.83],[-123.48,43.83],[-123.52,43.83],[-123.53,43.83],[-123.53,43.85],[-123.53,43.86],[-123.52,43.86],[-123.51,43.86],[-123.49,43.87],[-123.49,43.88],[-123.48,43.88],[-123.47,43.88]]],[[[-123.64,43.99],[-123.63,43.99],[-123.62,43.99],[-123.61,43.99],[-123.6,43.99],[-123.59,43.99],[-123.58,44.0],[-123.58,44.01],[-123.58,44.02],[-123.57,44.02],[-123.56,44.02],[-123.56,44.03],[-123.55,44.03],[-123.55,44.02],[-123.54,44.02],[-123.53,44.02],[-123.53,44.01],[-123.53,44.0],[-123.52,44.0],[-123.52,44.01],[-123.51,44.01],[-123.5,44.01],[-123.5,44.0],[-123.49,44.0],[-123.47,44.0],[-123.47,44.01],[-123.46,44.01],[-123.45,44.01],[-123.44,44.01],[-123.44,44.0],[-123.43,44.0],[-123.42,43.99],[-123.42,43.98],[-123.41,43.98],[-123.4,43.98],[-123.39,43.98],[-123.38,43.98],[-123.37,43.98],[-123.37,43.97],[-123.36,43.97],[-123.36,43.96],[-123.36,43.95],[-123.35,43.95],[-123.34,43.95],[-123.34,43.94],[-123.33,43.94],[-123.32,43.94],[-123.32,43.93],[-123.31,43.93],[-123.31,43.92],[-123.31,43.91],[-123.3,43.91],[-123.3,43.9],[-123.29,43.9],[-123.29,43.89],[-123.28,43.89],[-123.27,43.89],[-123.27,43.88],[-123.26,43.88],[-123.26,43.87],[-123.27,43.87],[-123.27,43.86],[-123.26,43.86],[-123.26,43.85],[-123.26,43.84],[-123.26,43.83],[-123.27,43.83],[-123.27,43.84],[-123.28,43.84],[-123.3,43.84],[-123.31,43.83],[-123.32,43.83],[-123.33,43.84],[-123.34,43.84],[-123.36,43.85],[-123.37,43.86],[-123.39,43.85],[-123.4,43.85],[-123.4,43.86],[-123.42,43.87],[-123.43,43.88],[-123.44,43.89],[-123.44,43.9],[-123.45,43.9],[-123.45,43.91],[-123.46,43.9],[-123.47,43.9],[-123.48,43.9],[-123.49,43.9],[-123.5,43.9],[-123.5,43.91],[-123.51,43.91],[-123.52,43.91],[-123.53,43.91],[-123.54,43.92],[-123.55,43.92],[-123.56,43.91],[-123.57,43.91],[-123.58,43.91],[-123.58,43.92],[-123.59,43.92],[-123.59,43.93],[-123.58,43.93],[-123.57,43.93],[-123.56,43.93],[-123.56,43.94],[-123.55,43.94],[-123.55,43.95],[-123.56,43.96],[-123.57,43.97],[-123.57,43.96],[-123.58,43.96],[-123.58,43.97],[-123.59,43.97],[-123.6,43.97],[-123.61,43.97],[-123.62,43.97],[-123.62,43.96],[-123.63,43.96],[-123.63,43.97],[-123.63,43.98],[-123.64,43.99]],[[-123.54,43.92],[-123.53,43.92],[-123.53,43.93],[-123.54,43.93],[-123.54,43.92]]],[[[-123.36,43.97],[-123.36,43.98],[-123.35,43.97],[-123.36,43.97]]],[[[-123.5,44.01],[-123.5,44.02],[-123.49,44.02],[-123.5,44.01]]],[[[-123.42,44.65],[-123.42,44.66],[-123.41,44.66],[-123.4,44.66],[-123.4,44.67],[-123.39,44.67],[-123.38,44.67],[-123.38,44.68],[-123.37,44.68],[-123.37,44.69],[-123.38,44.69],[-123.37,44.7],[-123.37,44.71],[-123.36,44.71],[-123.35,44.71],[-123.35,44.72],[-123.34,44.72],[-123.33,44.72],[-123.33,44.71],[-123.33,44.7],[-123.32,44.7],[-123.32,44.69],[-123.31,44.69],[-123.3,44.69],[-123.29,44.7],[-123.28,44.69],[-123.29,44.69],[-123.29,44.68],[-123.3,44.68],[-123.31,44.67],[-123.32,44.67],[-123.33,44.67],[-123.33,44.66],[-123.33,44.65],[-123.34,44.65],[-123.34,44.64],[-123.33,44.64],[-123.32,44.64],[-123.32,44.63],[-123.33,44.63],[-123.34,44.62],[-123.34,44.61],[-123.35,44.61],[-123.36,44.61],[-123.36,44.6],[-123.36,44.59],[-123.37,44.59],[-123.38,44.59],[-123.38,44.6],[-123.37,44.6],[-123.37,44.61],[-123.38,44.61],[-123.38,44.62],[-123.38,44.63],[-123.39,44.63],[-123.39,44.62],[-123.4,44.62],[-123.4,44.61],[-123.41,44.61],[-123.42,44.61],[-123.42,44.62],[-123.42,44.63],[-123.42,44.64],[-123.42,44.65]],[[-123.4,44.66],[-123.39,44.65],[-123.38,44.65],[-123.38,44.66],[-123.39,44.66],[-123.4,44.66]],[[-123.37,44.67],[-123.37,44.66],[-123.36,44.66],[-123.36,44.67],[-123.37,44.67]]],[[[-123.38,44.69],[-123.38,44.68],[-123.39,44.68],[-123.39,44.69],[-123.38,44.69]]],[[[-123.39,44.67],[-123.4,44.68],[-123.39,44.68],[-123.39,44.67]]],[[[-124.08,44.29],[-124.07,44.29],[-124.06,44.29],[-124.05,44.29],[-124.05,44.28],[-124.04,44.28],[-124.03,44.28],[-124.02,44.28],[-124.01,44.28],[-124.0,44.27],[-123.99,44.27],[-123.98,44.27],[-123.98,44.26],[-123.98,44.25],[-123.97,44.25],[-123.96,44.25],[-123.95,44.25],[-123.94,44.25],[-123.94,44.26],[-123.93,44.26],[-123.93,44.25],[-123.92,44.25],[-123.92,44.26],[-123.91,44.26],[-123.89,44.25],[-123.89,44.26],[-123.88,44.25],[-123.88,44.24],[-123.87,44.24],[-123.87,44.25],[-123.86,44.25],[-123.85,44.25],[-123.84,44.25],[-123.81,44.24],[-123.8,44.24],[-123.8,44.23],[-123.79,44.23],[-123.78,44.23],[-123.77,44.23],[-123.77,44.24],[-123.76,44.24],[-123.76,44.25],[-123.75,44.25],[-123.74,44.25],[-123.74,44.26],[-123.73,44.26],[-123.72,44.26],[-123.72,44.27],[-123.71,44.27],[-123.7,44.27],[-123.69,44.27],[-123.69,44.28],[-123.68,44.28],[-123.67,44.28],[-123.67,44.27],[-123.66,44.27],[-123.65,44.27],[-123.64,44.27],[-123.64,44.28],[-123.64,44.29],[-123.63,44.29],[-123.62,44.29],[-123.62,44.3],[-123.61,44.3],[-123.6,44.31],[-123.59,44.31],[-123.59,44.32],[-123.59,44.33],[-123.59,44.34],[-123.57,44.35],[-123.57,44.36],[-123.56,44.36],[-123.56,44.37],[-123.55,44.37],[-123.54,44.37],[-123.53,44.37],[-123.53,44.38],[-123.52,44.38],[-123.51,44.38],[-123.51,44.39],[-123.52,44.39],[-123.52,44.4],[-123.52,44.41],[-123.53,44.41],[-123.53,44.42],[-123.53,44.43],[-123.53,44.44],[-123.52,44.44],[-123.52,44.45],[-123.53,44.45],[-123.54,44.45],[-123.54,44.44],[-123.54,44.43],[-123.55,44.43],[-123.55,44.44],[-123.56,44.44],[-123.56,44.43],[-123.58,44.42],[-123.58,44.41],[-123.59,44.41],[-123.6,44.41],[-123.61,44.41],[-123.62,44.41],[-123.62,44.4],[-123.63,44.4],[-123.64,44.39],[-123.65,44.39],[-123.66,44.39],[-123.67,44.39],[-123.68,44.39],[-123.68,44.4],[-123.69,44.4],[-123.7,44.4],[-123.71,44.4],[-123.72,44.4],[-123.73,44.4],[-123.76,44.39],[-123.77,44.39],[-123.78,44.39],[-123.78,44.38],[-123.79,44.38],[-123.79,44.39],[-123.8,44.39],[-123.81,44.39],[-123.81,44.38],[-123.82,44.38],[-123.82,44.39],[-123.84,44.41],[-123.85,44.41],[-123.85,44.42],[-123.86,44.42],[-123.86,44.41],[-123.87,44.41],[-123.87,44.42],[-123.88,44.42],[-123.88,44.41],[-123.89,44.41],[-123.89,44.42],[-123.9,44.42],[-123.91,44.42],[-123.92,44.42],[-123.92,44.41],[-123.93,44.41],[-123.93,44.42],[-123.94,44.42],[-123.95,44.42],[-123.96,44.42],[-123.96,44.43],[-123.95,44.43],[-123.95,44.44],[-123.94,44.44],[-123.93,44.44],[-123.92,44.44],[-123.92,44.45],[-123.93,44.45],[-123.93,44.46],[-123.94,44.46],[-123.95,44.46],[-123.95,44.47],[-123.94,44.47],[-123.93,44.47],[-123.93,44.48],[-123.92,44.48],[-123.92,44.49],[-123.91,44.49],[-123.91,44.5],[-123.91,44.51],[-123.9,44.51],[-123.89,44.51],[-123.89,44.52],[-123.88,44.53],[-123.89,44.53],[-123.88,44.54],[-123.89,44.54],[-123.9,44.54],[-123.91,44.53],[-123.91,44.54],[-123.9,44.55],[-123.9,44.56],[-123.89,44.56],[-123.88,44.56],[-123.87,44.56],[-123.87,44.57],[-123.86,44.57],[-123.86,44.56],[-123.86,44.55],[-123.85,44.55],[-123.83,44.54],[-123.81,44.54],[-123.8,44.54],[-123.79,44.54],[-123.78,44.54],[-123.77,44.54],[-123.77,44.53],[-123.76,44.53],[-123.75,44.53],[-123.73,44.53],[-123.72,44.53],[-123.71,44.53],[-123.7,44.52],[-123.69,44.52],[-123.68,44.52],[-123.67,44.52],[-123.67,44.51],[-123.66,44.51],[-123.65,44.51],[-123.64,44.51],[-123.64,44.5],[-123.63,44.5],[-123.62,44.5],[-123.61,44.5],[-123.61,44.51],[-123.6,44.51],[-123.6,44.52],[-123.6,44.53],[-123.61,44.53],[-123.61,44.54],[-123.61,44.55],[-123.62,44.55],[-123.62,44.54],[-123.63,44.54],[-123.63,44.55],[-123.63,44.56],[-123.64,44.56],[-123.65,44.56],[-123.65,44.57],[-123.66,44.57],[-123.68,44.58],[-123.69,44.58],[-123.69,44.59],[-123.7,44.59],[-123.71,44.59],[-123.72,44.59],[-123.72,44.6],[-123.71,44.6],[-123.7,44.6],[-123.69,44.6],[-123.68,44.6],[-123.67,44.6],[-123.66,44.6],[-123.65,44.6],[-123.65,44.61],[-123.66,44.61],[-123.66,44.62],[-123.65,44.62],[-123.64,44.62],[-123.64,44.61],[-123.63,44.61],[-123.62,44.6],[-123.61,44.6],[-123.61,44.59],[-123.6,44.59],[-123.59,44.59],[-123.59,44.58],[-123.58,44.59],[-123.57,44.59],[-123.56,44.59],[-123.56,44.58],[-123.56,44.57],[-123.55,44.57],[-123.54,44.57],[-123.53,44.56],[-123.53,44.55],[-123.52,44.56],[-123.52,44.57],[-123.51,44.57],[-123.51,44.56],[-123.5,44.56],[-123.5,44.57],[-123.49,44.56],[-123.49,44.57],[-123.48,44.57],[-123.47,44.57],[-123.46,44.57],[-123.45,44.57],[-123.44,44.57],[-123.44,44.56],[-123.44,44.55],[-123.45,44.55],[-123.46,44.55],[-123.47,44.55],[-123.47,44.54],[-123.46,44.54],[-123.45,44.54],[-123.45,44.53],[-123.45,44.52],[-123.46,44.52],[-123.47,44.52],[-123.47,44.53],[-123.48,44.53],[-123.49,44.53],[-123.5,44.53],[-123.5,44.52],[-123.49,44.52],[-123.48,44.52],[-123.48,44.51],[-123.47,44.51],[-123.47,44.5],[-123.47,44.49],[-123.48,44.49],[-123.48,44.48],[-123.48,44.47],[-123.49,44.47],[-123.49,44.46],[-123.48,44.46],[-123.47,44.46],[-123.47,44.45],[-123.46,44.46],[-123.45,44.47],[-123.44,44.47],[-123.43,44.47],[-123.43,44.46],[-123.44,44.46],[-123.45,44.46],[-123.45,44.45],[-123.46,44.45],[-123.46,44.44],[-123.45,44.44],[-123.44,44.44],[-123.43,44.44],[-123.44,44.43],[-123.44,44.42],[-123.43,44.42],[-123.43,44.41],[-123.44,44.41],[-123.44,44.4],[-123.44,44.39],[-123.44,44.38],[-123.43,44.38],[-123.43,44.37],[-123.44,44.37],[-123.44,44.36],[-123.44,44.35],[-123.43,44.35],[-123.42,44.35],[-123.42,44.34],[-123.43,44.34],[-123.43,44.33],[-123.43,44.32],[-123.44,44.32],[-123.44,44.31],[-123.43,44.31],[-123.43,44.3],[-123.43,44.29],[-123.42,44.29],[-123.41,44.29],[-123.4,44.29],[-123.4,44.28],[-123.41,44.28],[-123.42,44.28],[-123.42,44.27],[-123.41,44.27],[-123.41,44.26],[-123.42,44.25],[-123.41,44.25],[-123.41,44.24],[-123.41,44.23],[-123.41,44.22],[-123.42,44.22],[-123.42,44.21],[-123.41,44.21],[-123.4,44.21],[-123.39,44.21],[-123.39,44.2],[-123.4,44.2],[-123.4,44.19],[-123.41,44.19],[-123.41,44.2],[-123.42,44.2],[-123.43,44.2],[-123.43,44.21],[-123.44,44.21],[-123.44,44.2],[-123.45,44.2],[-123.45,44.19],[-123.46,44.19],[-123.46,44.18],[-123.45,44.17],[-123.46,44.17],[-123.46,44.16],[-123.45,44.16],[-123.44,44.16],[-123.45,44.15],[-123.46,44.15],[-123.47,44.15],[-123.47,44.14],[-123.48,44.14],[-123.48,44.15],[-123.49,44.15],[-123.49,44.14],[-123.49,44.13],[-123.5,44.13],[-123.5,44.12],[-123.51,44.12],[-123.51,44.11],[-123.5,44.11],[-123.5,44.1],[-123.49,44.09],[-123.48,44.09],[-123.48,44.08],[-123.49,44.08],[-123.5,44.08],[-123.51,44.08],[-123.51,44.09],[-123.52,44.09],[-123.53,44.09],[-123.53,44.1],[-123.54,44.1],[-123.54,44.09],[-123.54,44.08],[-123.55,44.08],[-123.55,44.07],[-123.54,44.07],[-123.54,44.06],[-123.54,44.05],[-123.55,44.05],[-123.55,44.04],[-123.56,44.04],[-123.57,44.04],[-123.58,44.04],[-123.58,44.05],[-123.59,44.05],[-123.59,44.04],[-123.6,44.04],[-123.62,44.04],[-123.62,44.03],[-123.63,44.03],[-123.63,44.02],[-123.63,44.01],[-123.64,44.01],[-123.65,44.01],[-123.66,44.01],[-123.66,44.02],[-123.65,44.02],[-123.65,44.03],[-123.64,44.03],[-123.65,44.04],[-123.66,44.04],[-123.67,44.05],[-123.67,44.06],[-123.68,44.06],[-123.69,44.06],[-123.69,44.07],[-123.7,44.07],[-123.71,44.07],[-123.72,44.07],[-123.73,44.07],[-123.72,44.06],[-123.73,44.06],[-123.74,44.06],[-123.74,44.07],[-123.75,44.07],[-123.75,44.06],[-123.76,44.05],[-123.76,44.06],[-123.76,44.07],[-123.77,44.07],[-123.77,44.06],[-123.78,44.06],[-123.78,44.07],[-123.78,44.08],[-123.77,44.08],[-123.76,44.08],[-123.76,44.09],[-123.75,44.09],[-123.74,44.09],[-123.73,44.09],[-123.72,44.09],[-123.71,44.09],[-123.7,44.09],[-123.69,44.09],[-123.68,44.08],[-123.68,44.09],[-123.67,44.09],[-123.67,44.08],[-123.66,44.09],[-123.66,44.08],[-123.65,44.08],[-123.64,44.08],[-123.63,44.08],[-123.62,44.08],[-123.62,44.09],[-123.61,44.09],[-123.61,44.1],[-123.6,44.1],[-123.6,44.11],[-123.59,44.11],[-123.58,44.11],[-123.57,44.11],[-123.56,44.11],[-123.56,44.12],[-123.57,44.12],[-123.58,44.12],[-123.59,44.12],[-123.6,44.12],[-123.61,44.12],[-123.61,44.13],[-123.6,44.13],[-123.59,44.13],[-123.58,44.13],[-123.58,44.14],[-123.57,44.14],[-123.56,44.14],[-123.56,44.15],[-123.57,44.15],[-123.58,44.15],[-123.58,44.16],[-123.57,44.16],[-123.56,44.17],[-123.55,44.17],[-123.54,44.17],[-123.54,44.18],[-123.53,44.19],[-123.52,44.19],[-123.51,44.19],[-123.51,44.18],[-123.5,44.19],[-123.5,44.18],[-123.49,44.18],[-123.49,44.19],[-123.49,44.2],[-123.5,44.2],[-123.49,44.21],[-123.49,44.22],[-123.5,44.22],[-123.5,44.23],[-123.5,44.24],[-123.51,44.24],[-123.51,44.23],[-123.52,44.23],[-123.52,44.22],[-123.51,44.22],[-123.51,44.21],[-123.51,44.2],[-123.52,44.2],[-123.52,44.21],[-123.53,44.21],[-123.54,44.21],[-123.55,44.21],[-123.56,44.21],[-123.55,44.2],[-123.56,44.2],[-123.57,44.2],[-123.57,44.21],[-123.58,44.21],[-123.59,44.21],[-123.59,44.2],[-123.58,44.2],[-123.58,44.19],[-123.59,44.19],[-123.59,44.18],[-123.59,44.17],[-123.6,44.17],[-123.6,44.16],[-123.59,44.16],[-123.59,44.15],[-123.6,44.15],[-123.61,44.15],[-123.61,44.14],[-123.62,44.14],[-123.62,44.13],[-123.63,44.13],[-123.64,44.13],[-123.65,44.13],[-123.66,44.13],[-123.67,44.13],[-123.67,44.12],[-123.68,44.12],[-123.68,44.11],[-123.69,44.11],[-123.69,44.12],[-123.7,44.12],[-123.7,44.11],[-123.7,44.1],[-123.71,44.1],[-123.72,44.1],[-123.72,44.11],[-123.72,44.12],[-123.73,44.12],[-123.73,44.11],[-123.74,44.11],[-123.74,44.12],[-123.74,44.13],[-123.73,44.13],[-123.73,44.15],[-123.73,44.16],[-123.74,44.16],[-123.74,44.17],[-123.76,44.18],[-123.76,44.17],[-123.77,44.17],[-123.77,44.15],[-123.78,44.15],[-123.79,44.15],[-123.8,44.15],[-123.8,44.14],[-123.81,44.14],[-123.81,44.15],[-123.81,44.16],[-123.82,44.16],[-123.82,44.17],[-123.83,44.18],[-123.84,44.18],[-123.84,44.19],[-123.85,44.19],[-123.86,44.19],[-123.86,44.18],[-123.87,44.18],[-123.87,44.17],[-123.88,44.17],[-123.88,44.18],[-123.89,44.17],[-123.91,44.17],[-123.92,44.17],[-123.93,44.17],[-123.93,44.18],[-123.94,44.18],[-123.94,44.17],[-123.95,44.17],[-123.96,44.17],[-123.96,44.16],[-123.96,44.15],[-123.97,44.15],[-123.97,44.14],[-123.98,44.14],[-123.98,44.13],[-123.99,44.13],[-123.99,44.12],[-124.0,44.12],[-124.01,44.12],[-124.01,44.11],[-124.02,44.12],[-124.02,44.11],[-124.03,44.11],[-124.04,44.11],[-124.05,44.11],[-124.05,44.12],[-124.06,44.12],[-124.07,44.13],[-124.06,44.13],[-124.08,44.14],[-124.09,44.15],[-124.08,44.28],[-124.08,44.29]],[[-123.52,44.45],[-123.51,44.45],[-123.51,44.46],[-123.52,44.46],[-123.52,44.45]],[[-123.44,44.38],[-123.45,44.39],[-123.45,44.38],[-123.44,44.38]],[[-123.46,44.19],[-123.46,44.2],[-123.47,44.2],[-123.47,44.19],[-123.46,44.19]],[[-123.47,44.2],[-123.47,44.21],[-123.47,44.22],[-123.48,44.22],[-123.48,44.21],[-123.48,44.2],[-123.47,44.2]],[[-123.48,44.22],[-123.47,44.23],[-123.48,44.23],[-123.48,44.22]],[[-123.5,44.24],[-123.49,44.24],[-123.49,44.25],[-123.49,44.26],[-123.5,44.26],[-123.5,44.25],[-123.5,44.24]],[[-123.52,44.22],[-123.53,44.23],[-123.54,44.23],[-123.54,44.22],[-123.53,44.22],[-123.52,44.22]],[[-123.72,44.12],[-123.71,44.11],[-123.71,44.12],[-123.72,44.12]]],[[[-123.68,44.06],[-123.67,44.05],[-123.68,44.05],[-123.68,44.06]]],[[[-123.44,44.16],[-123.43,44.16],[-123.43,44.15],[-123.44,44.15],[-123.44,44.16]]],[[[-123.44,44.2],[-123.43,44.2],[-123.43,44.19],[-123.43,44.18],[-123.43,44.17],[-123.44,44.17],[-123.44,44.18],[-123.44,44.19],[-123.44,44.2]]],[[[-123.91,44.51],[-123.92,44.5],[-123.93,44.5],[-123.93,44.49],[-123.94,44.49],[-123.95,44.49],[-123.95,44.5],[-123.95,44.51],[-123.94,44.51],[-123.93,44.51],[-123.93,44.52],[-123.92,44.51],[-123.92,44.52],[-123.91,44.52],[-123.91,44.51]]],[[[-123.95,44.44],[-123.96,44.44],[-123.96,44.45],[-123.95,44.45],[-123.95,44.44]]],[[[-123.69,44.39],[-123.68,44.39],[-123.68,44.38],[-123.69,44.38],[-123.69,44.39]]],[[[-123.69,44.38],[-123.69,44.37],[-123.7,44.37],[-123.7,44.38],[-123.69,44.38]]],[[[-123.62,44.3],[-123.63,44.3],[-123.64,44.3],[-123.64,44.31],[-123.63,44.31],[-123.62,44.3]]],[[[-123.76,44.25],[-123.76,44.26],[-123.75,44.26],[-123.76,44.25]]],[[[-123.39,44.28],[-123.38,44.29],[-123.38,44.28],[-123.39,44.28]]],[[[-123.96,44.92],[-123.96,44.93],[-123.95,44.93],[-123.95,44.94],[-123.94,44.94],[-123.93,44.94],[-123.92,44.94],[-123.92,44.95],[-123.91,44.95],[-123.91,44.96],[-123.9,44.96],[-123.89,44.95],[-123.88,44.96],[-123.87,44.97],[-123.88,44.97],[-123.88,44.98],[-123.87,44.98],[-123.86,44.98],[-123.85,44.98],[-123.85,44.97],[-123.84,44.97],[-123.84,44.98],[-123.84,44.99],[-123.83,44.99],[-123.82,44.99],[-123.82,45.0],[-123.82,45.01],[-123.81,45.01],[-123.81,45.02],[-123.8,45.02],[-123.8,45.03],[-123.79,45.03],[-123.78,45.03],[-123.78,45.04],[-123.77,45.04],[-123.76,45.04],[-123.75,45.04],[-123.74,45.04],[-123.73,45.03],[-123.73,45.04],[-123.72,45.04],[-123.71,45.03],[-123.7,45.03],[-123.69,45.03],[-123.68,45.03],[-123.67,45.04],[-123.66,45.04],[-123.66,45.03],[-123.65,45.03],[-123.64,45.03],[-123.64,45.02],[-123.64,45.01],[-123.64,45.0],[-123.63,45.0],[-123.63,45.01],[-123.62,45.01],[-123.62,45.02],[-123.61,45.02],[-123.61,45.03],[-123.6,45.03],[-123.59,45.02],[-123.58,45.02],[-123.58,45.01],[-123.59,45.01],[-123.59,45.0],[-123.58,45.0],[-123.57,45.0],[-123.56,45.0],[-123.55,45.0],[-123.55,45.01],[-123.54,45.01],[-123.53,45.01],[-123.52,45.01],[-123.51,45.01],[-123.51,45.0],[-123.5,45.0],[-123.49,45.0],[-123.49,44.99],[-123.48,44.99],[-123.47,44.99],[-123.47,45.0],[-123.46,45.0],[-123.46,44.99],[-123.45,44.99],[-123.44,44.99],[-123.44,44.98],[-123.43,44.98],[-123.42,44.98],[-123.41,44.98],[-123.4,44.97],[-123.39,44.97],[-123.39,44.96],[-123.39,44.95],[-123.39,44.94],[-123.39,44.93],[-123.4,44.93],[-123.4,44.92],[-123.41,44.92],[-123.41,44.91],[-123.4,44.9],[-123.41,44.9],[-123.41,44.89],[-123.42,44.89],[-123.43,44.89],[-123.43,44.88],[-123.44,44.88],[-123.45,44.88],[-123.45,44.89],[-123.46,44.89],[-123.46,44.88],[-123.47,44.88],[-123.48,44.88],[-123.49,44.88],[-123.5,44.88],[-123.5,44.87],[-123.49,44.87],[-123.48,44.87],[-123.47,44.87],[-123.47,44.86],[-123.46,44.86],[-123.45,44.85],[-123.45,44.84],[-123.46,44.84],[-123.46,44.83],[-123.45,44.83],[-123.44,44.83],[-123.44,44.82],[-123.43,44.82],[-123.42,44.82],[-123.42,44.81],[-123.43,44.81],[-123.43,44.8],[-123.44,44.8],[-123.44,44.81],[-123.45,44.81],[-123.45,44.8],[-123.46,44.8],[-123.46,44.81],[-123.47,44.8],[-123.47,44.81],[-123.48,44.81],[-123.48,44.8],[-123.48,44.79],[-123.48,44.78],[-123.49,44.78],[-123.5,44.78],[-123.5,44.77],[-123.51,44.77],[-123.51,44.76],[-123.52,44.76],[-123.53,44.76],[-123.53,44.75],[-123.54,44.74],[-123.55,44.74],[-123.55,44.73],[-123.55,44.72],[-123.54,44.72],[-123.53,44.72],[-123.53,44.71],[-123.52,44.71],[-123.51,44.71],[-123.51,44.7],[-123.52,44.7],[-123.52,44.69],[-123.53,44.69],[-123.54,44.69],[-123.55,44.69],[-123.56,44.69],[-123.56,44.7],[-123.57,44.7],[-123.58,44.7],[-123.58,44.71],[-123.59,44.71],[-123.59,44.7],[-123.6,44.7],[-123.6,44.69],[-123.61,44.69],[-123.61,44.7],[-123.61,44.71],[-123.61,44.72],[-123.62,44.72],[-123.63,44.72],[-123.63,44.73],[-123.63,44.74],[-123.64,44.74],[-123.65,44.74],[-123.66,44.74],[-123.67,44.74],[-123.67,44.73],[-123.68,44.73],[-123.69,44.73],[-123.7,44.72],[-123.7,44.73],[-123.7,44.74],[-123.69,44.74],[-123.69,44.75],[-123.68,44.75],[-123.68,44.76],[-123.69,44.76],[-123.7,44.76],[-123.71,44.76],[-123.72,44.76],[-123.73,44.76],[-123.73,44.77],[-123.74,44.77],[-123.74,44.78],[-123.75,44.78],[-123.76,44.78],[-123.76,44.79],[-123.77,44.79],[-123.78,44.79],[-123.79,44.8],[-123.79,44.79],[-123.8,44.79],[-123.8,44.8],[-123.81,44.8],[-123.82,44.8],[-123.83,44.8],[-123.84,44.8],[-123.84,44.81],[-123.85,44.81],[-123.86,44.81],[-123.86,44.82],[-123.87,44.82],[-123.87,44.81],[-123.88,44.81],[-123.89,44.81],[-123.9,44.81],[-123.9,44.82],[-123.9,44.83],[-123.9,44.84],[-123.9,44.85],[-123.89,44.85],[-123.89,44.86],[-123.88,44.86],[-123.87,44.86],[-123.86,44.86],[-123.86,44.87],[-123.87,44.87],[-123.87,44.88],[-123.88,44.88],[-123.89,44.87],[-123.89,44.88],[-123.89,44.89],[-123.9,44.89],[-123.91,44.89],[-123.92,44.89],[-123.92,44.9],[-123.93,44.91],[-123.94,44.91],[-123.94,44.9],[-123.95,44.9],[-123.96,44.9],[-123.96,44.91],[-123.96,44.92]],[[-123.41,44.91],[-123.42,44.91],[-123.43,44.91],[-123.43,44.9],[-123.42,44.9],[-123.41,44.91]],[[-123.5,44.87],[-123.51,44.87],[-123.52,44.87],[-123.52,44.86],[-123.51,44.86],[-123.5,44.86],[-123.5,44.87]],[[-123.59,44.71],[-123.59,44.72],[-123.6,44.72],[-123.6,44.71],[-123.59,44.71]],[[-123.87,44.86],[-123.87,44.85],[-123.86,44.85],[-123.87,44.86]],[[-123.45,44.9],[-123.45,44.91],[-123.46,44.91],[-123.46,44.9],[-123.45,44.9]],[[-123.47,44.9],[-123.47,44.91],[-123.48,44.91],[-123.49,44.91],[-123.5,44.91],[-123.5,44.9],[-123.49,44.9],[-123.48,44.9],[-123.47,44.9]],[[-123.89,44.82],[-123.88,44.82],[-123.88,44.83],[-123.89,44.83],[-123.89,44.82]]],[[[-123.69,44.73],[-123.68,44.72],[-123.69,44.72],[-123.69,44.73]]],[[[-123.53,44.69],[-123.52,44.68],[-123.52,44.67],[-123.53,44.67],[-123.54,44.67],[-123.54,44.68],[-123.53,44.68],[-123.53,44.69]]],[[[-123.51,44.7],[-123.5,44.7],[-123.49,44.7],[-123.49,44.69],[-123.5,44.69],[-123.51,44.69],[-123.51,44.7]]],[[[-123.4,44.9],[-123.4,44.91],[-123.39,44.91],[-123.39,44.9],[-123.4,44.9]]],[[[-123.6,45.03],[-123.6,45.04],[-123.59,45.04],[-123.59,45.03],[-123.6,45.03]]],[[[-123.95,43.96],[-123.95,43.97],[-123.96,43.98],[-123.95,43.98],[-123.94,43.97],[-123.94,43.96],[-123.95,43.96]]],[[[-123.94,43.96],[-123.93,43.96],[-123.92,43.96],[-123.91,43.96],[-123.88,43.97],[-123.88,43.98],[-123.87,43.98],[-123.86,43.98],[-123.85,43.98],[-123.84,43.98],[-123.84,43.97],[-123.83,43.97],[-123.82,43.97],[-123.83,43.98],[-123.82,43.98],[-123.81,43.98],[-123.81,43.99],[-123.8,43.99],[-123.76,44.0],[-123.75,44.0],[-123.75,43.99],[-123.74,43.99],[-123.74,43.98],[-123.73,43.99],[-123.73,43.98],[-123.72,43.98],[-123.72,43.99],[-123.71,43.99],[-123.71,43.98],[-123.7,43.98],[-123.7,43.99],[-123.69,43.99],[-123.68,43.99],[-123.66,43.98],[-123.66,43.97],[-123.66,43.96],[-123.66,43.95],[-123.66,43.94],[-123.68,43.94],[-123.7,43.94],[-123.71,43.95],[-123.75,43.94],[-123.81,43.94],[-123.83,43.94],[-123.84,43.94],[-123.84,43.93],[-123.85,43.93],[-123.85,43.92],[-123.86,43.92],[-123.87,43.92],[-123.87,43.91],[-123.88,43.91],[-123.89,43.91],[-123.89,43.92],[-123.9,43.92],[-123.91,43.92],[-123.92,43.92],[-123.92,43.93],[-123.92,43.94],[-123.93,43.94],[-123.93,43.95],[-123.94,43.95],[-123.94,43.96]]],[[[-123.92,43.92],[-123.92,43.91],[-123.93,43.91],[-123.93,43.92],[-123.92,43.92]]],[[[-123.81,43.99],[-123.82,43.99],[-123.82,44.0],[-123.81,44.0],[-123.81,43.99]]]]}},
{"type":"Feature","properties":{"ugc":"ORZ108","name":"Lower Columbia River","state":"OR","wfo":"PQR"},"geometry":{"type":"MultiPolygon","coordinates":[[[[-123.31,46.1],[-123.32,46.11],[-123.33,46.1],[-123.34,46.1],[-123.35,46.1],[-123.35,46.11],[-123.36,46.11],[-123.36,46.12],[-123.36,46.14],[-123.36,46.15],[-123.34,46.15],[-123.33,46.15],[-123.32,46.15],[-123.3,46.14],[-123.29,46.14],[-123.28,46.14],[-123.27,46.15],[-123.25,46.16],[-123.23,46.17],[-123.21,46.17],[-123.17,46.19],[-123.12,46.19],[-123.12,46.18],[-123.11,46.18],[-123.05,46.15],[-123.04,46.15],[-123.03,46.14],[-123.02,46.14],[-123.01,46.14],[-123.01,46.13],[-123.0,46.13],[-122.99,46.12],[-122.96,46.11],[-122.96,46.1],[-122.9,46.08],[-122.88,46.06],[-122.88,46.05],[-122.88,46.03],[-122.87,46.03],[-122.86,46.01],[-122.84,45.98],[-122.83,45.98],[-122.81,45.96],[-122.81,45.93],[-122.81,45.91],[-122.8,45.88],[-122.78,45.87],[-122.79,45.85],[-122.79,45.84],[-122.8,45.83],[-122.8,45.81],[-122.77,45.78],[-122.76,45.76],[-122.76,45.73],[-122.76,45.72],[-122.91,45.72],[-122.92,45.73],[-122.93,45.72],[-122.93,45.73],[-122.94,45.73],[-122.94,45.74],[-122.94,45.75],[-122.94,45.76],[-122.93,45.76],[-122.93,45.75],[-122.92,45.75],[-122.91,45.75],[-122.91,45.76],[-122.9,45.76],[-122.9,45.77],[-122.91,45.77],[-122.91,45.78],[-122.92,45.78],[-122.93,45.78],[-122.93,45.79],[-122.93,45.8],[-122.92,45.8],[-122.91,45.8],[-122.91,45.81],[-122.9,45.82],[-122.91,45.82],[-122.91,45.83],[-122.91,45.84],[-122.91,45.85],[-122.91,45.86],[-122.92,45.86],[-122.92,45.87],[-122.91,45.87],[-122.92,45.88],[-122.93,45.89],[-122.93,45.9],[-122.92,45.9],[-122.92,45.89],[-122.91,45.89],[-122.91,45.9],[-122.9,45.89],[-122.89,45.89],[-122.89,45.9],[-122.88,45.9],[-122.88,45.89],[-122.87,45.89],[-122.86,45.89],[-122.86,45.88],[-122.85,45.88],[-122.84,45.88],[-122.83,45.88],[-122.83,45.89],[-122.82,45.89],[-122.83,45.9],[-122.83,45.91],[-122.84,45.91],[-122.85,45.91],[-122.85,45.92],[-122.86,45.92],[-122.87,45.92],[-122.87,45.91],[-122.88,45.91],[-122.89,45.92],[-122.9,45.92],[-122.91,45.92],[-122.92,45.92],[-122.93,45.92],[-122.92,45.93],[-122.93,45.93],[-122.94,45.93],[-122.94,45.94],[-122.95,45.94],[-122.96,45.94],[-122.96,45.95],[-122.96,45.96],[-122.97,45.96],[-122.97,45.97],[-122.98,45.98],[-122.97,45.98],[-122.97,45.99],[-122.96,45.99],[-122.96,45.98],[-122.95,45.98],[-122.95,45.97],[-122.94,45.97],[-122.93,45.97],[-122.93,45.96],[-122.92,45.96],[-122.92,45.95],[-122.91,45.95],[-122.9,45.95],[-122.9,45.96],[-122.89,45.97],[-122.88,45.97],[-122.89,45.98],[-122.89,45.99],[-122.9,45.99],[-122.91,45.99],[-122.91,45.98],[-122.92,45.98],[-122.93,45.98],[-122.94,45.98],[-122.94,45.99],[-122.95,46.0],[-122.95,46.01],[-122.94,46.0],[-122.94,46.01],[-122.94,46.02],[-122.93,46.02],[-122.92,46.02],[-122.91,46.01],[-122.9,46.01],[-122.9,46.02],[-122.9,46.03],[-122.9,46.04],[-122.9,46.05],[-122.9,46.06],[-122.91,46.07],[-122.91,46.08],[-122.92,46.08],[-122.93,46.08],[-122.93,46.07],[-122.93,46.06],[-122.94,46.06],[-122.94,46.07],[-122.95,46.07],[-122.95,46.08],[-122.96,46.07],[-122.96,46.08],[-122.96,46.09],[-122.97,46.09],[-122.98,46.09],[-122.98,46.1],[-122.99,46.1],[-123.0,46.1],[-123.01,46.1],[-123.01,46.11],[-123.02,46.11],[-123.03,46.11],[-123.03,46.12],[-123.04,46.12],[-123.04,46.13],[-123.05,46.13],[-123.05,46.14],[-123.06,46.14],[-123.06,46.13],[-123.07,46.13],[-123.07,46.14],[-123.08,46.13],[-123.08,46.14],[-123.09,46.14],[-123.09,46.15],[-123.1,46.15],[-123.1,46.14],[-123.11,46.15],[-123.11,46.16],[-123.12,46.16],[-123.13,46.16],[-123.14,46.16],[-123.13,46.15],[-123.14,46.15],[-123.14,46.14],[-123.13,46.14],[-123.13,46.13],[-123.14,46.13],[-123.14,46.12],[-123.15,46.12],[-123.15,46.11],[-123.16,46.1],[-123.16,46.09],[-123.15,46.09],[-123.15,46.08],[-123.14,46.08],[-123.14,46.07],[-123.15,46.07],[-123.15,46.06],[-123.17,46.06],[-123.18,46.06],[-123.18,46.07],[-123.18,46.08],[-123.19,46.09],[-123.2,46.09],[-123.2,46.08],[-123.21,46.08],[-123.21,46.07],[-123.22,46.07],[-123.23,46.07],[-123.23,46.06],[-123.24,46.06],[-123.24,46.07],[-123.24,46.08],[-123.23,46.08],[-123.23,46.09],[-123.24,46.09],[-123.24,46.1],[-123.24,46.11],[-123.25,46.11],[-123.26,46.11],[-123.27,46.11],[-123.27,46.1],[-123.28,46.1],[-123.29,46.1],[-123.29,46.11],[-123.3,46.11],[-123.3,46.1],[-123.31,46.1]],[[-122.9,45.85],[-122.9,45.84],[-122.89,45.84],[-122.88,45.84],[-122.89,45.85],[-122.9,45.85]]],[[[-122.93,45.89],[-122.93,45.88],[-122.94,45.88],[-122.94,45.89],[-122.93,45.89]]],[[[-122.91,45.92],[-122.9,45.91],[-122.91,45.91],[-122.91,45.92]]],[[[-122.96,46.0],[-122.97,46.0],[-122.97,46.01],[-122.96,46.01],[-122.96,46.0]]]]}},
{"type":"Feature","properties":{"ugc":"ORZ109","name":"Tualatin Valley","state":"OR","wfo":"PQR"},"geometry":{"type":"MultiPolygon","coordinates":[[[[-123.33,45.46],[-123.34,45.46],[-123.34,45.47],[-123.33,45.47],[-123.32,45.47],[-123.31,45.47],[-123.3,45.47],[-123.29,45.47],[-123.28,45.47],[-123.27,45.47],[-123.28,45.48],[-123.29,45.48],[-123.3,45.48],[-123.3,45.49],[-123.29,45.49],[-123.29,45.5],[-123.28,45.5],[-123.28,45.49],[-123.27,45.49],[-123.26,45.49],[-123.26,45.5],[-123.27,45.5],[-123.27,45.51],[-123.27,45.52],[-123.26,45.52],[-123.26,45.53],[-123.25,45.53],[-123.25,45.52],[-123.24,45.52],[-123.23,45.52],[-123.22,45.52],[-123.21,45.52],[-123.2,45.52],[-123.19,45.52],[-123.19,45.53],[-123.19,45.54],[-123.2,45.54],[-123.21,45.55],[-123.22,45.55],[-123.23,45.55],[-123.23,45.56],[-123.24,45.55],[-123.25,45.55],[-123.25,45.56],[-123.26,45.56],[-123.26,45.57],[-123.26,45.58],[-123.27,45.58],[-123.28,45.58],[-123.28,45.59],[-123.28,45.6],[-123.28,45.61],[-123.27,45.61],[-123.26,45.61],[-123.26,45.62],[-123.25,45.62],[-123.22,45.64],[-123.21,45.64],[-123.2,45.64],[-123.1,45.67],[-123.09,45.67],[-123.09,45.68],[-123.09,45.69],[-123.1,45.69],[-123.1,45.7],[-123.09,45.7],[-123.09,45.71],[-123.08,45.71],[-123.08,45.72],[-123.09,45.72],[-123.09,45.73],[-123.08,45.73],[-123.08,45.74],[-123.07,45.74],[-123.07,45.75],[-123.06,45.75],[-123.06,45.74],[-123.05,45.73],[-123.06,45.73],[-123.07,45.73],[-123.07,45.72],[-123.06,45.72],[-123.05,45.72],[-123.05,45.71],[-123.05,45.7],[-123.05,45.69],[-123.05,45.68],[-123.04,45.68],[-123.03,45.68],[-123.03,45.67],[-123.02,45.67],[-123.02,45.68],[-123.01,45.68],[-123.0,45.68],[-123.0,45.67],[-122.99,45.67],[-122.99,45.68],[-122.98,45.68],[-122.97,45.68],[-122.97,45.67],[-122.97,45.66],[-122.96,45.66],[-122.96,45.67],[-122.95,45.67],[-122.94,45.67],[-122.94,45.66],[-122.93,45.66],[-122.93,45.65],[-122.93,45.62],[-122.93,45.61],[-122.92,45.61],[-122.91,45.61],[-122.9,45.61],[-122.89,45.61],[-122.89,45.62],[-122.88,45.62],[-122.88,45.61],[-122.87,45.61],[-122.86,45.6],[-122.85,45.6],[-122.85,45.59],[-122.84,45.59],[-122.83,45.59],[-122.83,45.58],[-122.82,45.58],[-122.81,45.58],[-122.81,45.57],[-122.8,45.56],[-122.8,45.55],[-122.8,45.54],[-122.8,45.53],[-122.79,45.53],[-122.79,45.54],[-122.78,45.54],[-122.78,45.53],[-122.78,45.52],[-122.77,45.52],[-122.77,45.51],[-122.77,45.5],[-122.76,45.5],[-122.75,45.5],[-122.74,45.5],[-122.74,45.49],[-122.74,45.4],[-122.74,45.33],[-122.84,45.33],[-122.84,45.34],[-122.85,45.34],[-122.85,45.33],[-122.86,45.33],[-122.87,45.33],[-122.88,45.33],[-122.88,45.32],[-122.89,45.32],[-122.9,45.32],[-122.9,45.33],[-122.89,45.33],[-122.89,45.34],[-122.89,45.35],[-122.89,45.36],[-122.9,45.36],[-122.9,45.37],[-122.89,45.37],[-122.89,45.38],[-122.9,45.38],[-122.91,45.38],[-122.92,45.38],[-122.93,45.38],[-122.94,45.38],[-122.94,45.37],[-122.95,45.37],[-122.95,45.38],[-122.96,45.38],[-122.97,45.38],[-122.97,45.39],[-122.98,45.39],[-122.98,45.38],[-122.99,45.38],[-122.99,45.39],[-123.0,45.39],[-123.01,45.39],[-123.01,45.4],[-123.0,45.4],[-123.0,45.41],[-123.01,45.41],[-123.02,45.42],[-123.02,45.43],[-123.03,45.44],[-123.04,45.44],[-123.04,45.45],[-123.04,45.46],[-123.05,45.46],[-123.06,45.46],[-123.07,45.46],[-123.07,45.47],[-123.08,45.47],[-123.08,45.48],[-123.09,45.48],[-123.09,45.47],[-123.1,45.47],[-123.1,45.46],[-123.09,45.46],[-123.09,45.45],[-123.09,45.44],[-123.09,45.43],[-123.08,45.43],[-123.07,45.43],[-123.07,45.42],[-123.07,45.41],[-123.08,45.41],[-123.09,45.41],[-123.09,45.4],[-123.11,45.4],[-123.11,45.41],[-123.11,45.42],[-123.12,45.42],[-123.14,45.42],[-123.14,45.43],[-123.16,45.43],[-123.2,45.43],[-123.21,45.43],[-123.28,45.43],[-123.29,45.44],[-123.28,45.44],[-123.27,45.44],[-123.27,45.45],[-123.28,45.45],[-123.29,45.45],[-123.3,45.45],[-123.3,45.46],[-123.31,45.46],[-123.32,45.46],[-123.33,45.46]],[[-123.19,45.52],[-123.19,45.51],[-123.18,45.51],[-123.18,45.52],[-123.19,45.52]],[[-122.94,45.66],[-122.95,45.66],[-122.95,45.65],[-122.94,45.65],[-122.94,45.66]]],[[[-123.27,45.52],[-123.28,45.52],[-123.28,45.53],[-123.27,45.53],[-123.27,45.52]]],[[[-123.28,45.53],[-123.29,45.53],[-123.29,45.54],[-123.28,45.54],[-123.28,45.53]]],[[[-123.09,45.73],[-123.1,45.73],[-123.09,45.74],[-123.09,45.73]]],[[[-123.07,45.75],[-123.08,45.75],[-123.08,45.76],[-123.07,45.76],[-123.07,45.75]]],[[[-123.0,45.68],[-123.0,45.69],[-122.99,45.69],[-122.99,45.68],[-123.0,45.68]]]]}},
{"type":"Feature","properties":{"ugc":"ORZ110","name":"West Hills and Chehalem Mountains","state":"OR","wfo":"PQR"},"geometry":{"type":"MultiPolygon","coordinates":[[[[-122.88,45.65],[-122.87,45.65],[-122.87,45.64],[-122.88,45.63],[-122.87,45.63],[-122.87,45.62],[-122.86,45.62],[-122.86,45.63],[-122.86,45.64],[-122.85,45.64],[-122.85,45.63],[-122.84,45.63],[-122.83,45.63],[-122.82,45.63],[-122.82,45.62],[-122.82,45.61],[-122.81,45.61],[-122.8,45.61],[-122.79,45.61],[-122.79,45.6],[-122.79,45.59],[-122.78,45.59],[-122.78,45.58],[-122.77,45.58],[-122.76,45.58],[-122.77,45.57],[-122.76,45.57],[-122.76,45.56],[-122.75,45.56],[-122.74,45.56],[-122.74,45.55],[-122.73,45.55],[-122.73,45.54],[-122.72,45.54],[-122.72,45.53],[-122.71,45.53],[-122.71,45.52],[-122.7,45.52],[-122.7,45.51],[-122.69,45.51],[-122.69,45.5],[-122.68,45.5],[-122.68,45.49],[-122.68,45.48],[-122.69,45.47],[-122.69,45.48],[-122.7,45.48],[-122.7,45.49],[-122.71,45.49],[-122.72,45.49],[-122.72,45.5],[-122.73,45.5],[-122.74,45.5],[-122.75,45.5],[-122.76,45.5],[-122.77,45.5],[-122.77,45.51],[-122.77,45.52],[-122.78,45.52],[-122.78,45.53],[-122.78,45.54],[-122.79,45.54],[-122.79,45.53],[-122.8,45.53],[-122.8,45.54],[-122.8,45.55],[-122.8,45.56],[-122.81,45.57],[-122.81,45.58],[-122.82,45.58],[-122.83,45.58],[-122.83,45.59],[-122.84,45.59],[-122.85,45.59],[-122.85,45.6],[-122.86,45.6],[-122.87,45.61],[-122.88,45.61],[-122.88,45.62],[-122.89,45.62],[-122.89,45.61],[-122.9,45.61],[-122.91,45.61],[-122.92,45.61],[-122.93,45.61],[-122.93,45.62],[-122.93,45.65],[-122.92,45.65],[-122.92,45.64],[-122.91,45.64],[-122.9,45.64],[-122.89,45.64],[-122.88,45.64],[-122.88,45.65]],[[-122.86,45.62],[-122.86,45.61],[-122.85,45.61],[-122.85,45.62],[-122.86,45.62]]],[[[-122.92,45.73],[-122.91,45.72],[-122.9,45.71],[-122.91,45.71],[-122.92,45.71],[-122.93,45.71],[-122.93,45.72],[-122.92,45.73]]],[[[-122.9,45.71],[-122.9,45.72],[-122.89,45.71],[-122.88,45.71],[-122.88,45.7],[-122.88,45.69],[-122.89,45.69],[-122.9,45.7],[-122.9,45.71]]],[[[-122.89,45.69],[-122.89,45.68],[-122.9,45.68],[-122.89,45.67],[-122.89,45.66],[-122.9,45.66],[-122.9,45.67],[-122.91,45.67],[-122.91,45.68],[-122.91,45.69],[-122.9,45.69],[-122.89,45.69]]],[[[-123.1,45.47],[-123.09,45.47],[-123.09,45.48],[-123.08,45.48],[-123.08,45.47],[-123.07,45.47],[-123.07,45.46],[-123.06,45.46],[-123.05,45.46],[-123.04,45.46],[-123.04,45.45],[-123.04,45.44],[-123.03,45.44],[-123.02,45.43],[-123.02,45.42],[-123.01,45.41],[-123.0,45.41],[-123.0,45.4],[-123.01,45.4],[-123.01,45.39],[-123.0,45.39],[-122.99,45.39],[-122.99,45.38],[-122.98,45.38],[-122.98,45.39],[-122.97,45.39],[-122.97,45.38],[-122.96,45.38],[-122.95,45.38],[-122.95,45.37],[-122.94,45.37],[-122.94,45.38],[-122.93,45.38],[-122.92,45.38],[-122.91,45.38],[-122.9,45.38],[-122.89,45.38],[-122.89,45.37],[-122.9,45.37],[-122.9,45.36],[-122.89,45.36],[-122.89,45.35],[-122.89,45.34],[-122.89,45.33],[-122.9,45.33],[-122.9,45.32],[-122.89,45.32],[-122.88,45.32],[-122.88,45.33],[-122.87,45.33],[-122.86,45.33],[-122.85,45.33],[-122.85,45.34],[-122.84,45.34],[-122.84,45.33],[-122.83,45.33],[-122.83,45.32],[-122.83,45.31],[-122.84,45.31],[-122.85,45.31],[-122.85,45.3],[-122.86,45.3],[-122.87,45.3],[-122.87,45.29],[-122.87,45.28],[-122.86,45.28],[-122.87,45.27],[-122.88,45.27],[-122.89,45.27],[-122.9,45.27],[-122.9,45.28],[-122.91,45.28],[-122.91,45.29],[-122.91,45.3],[-122.91,45.31],[-122.91,45.32],[-122.92,45.32],[-122.93,45.33],[-122.94,45.33],[-122.95,45.33],[-122.96,45.33],[-122.97,45.33],[-122.97,45.34],[-122.98,45.34],[-122.99,45.34],[-123.0,45.34],[-123.01,45.34],[-123.01,45.35],[-123.02,45.35],[-123.03,45.35],[-123.04,45.35],[-123.04,45.36],[-123.05,45.36],[-123.06,45.36],[-123.06,45.37],[-123.06,45.38],[-123.07,45.38],[-123.08,45.38],[-123.08,45.39],[-123.08,45.4],[-123.09,45.4],[-123.09,45.41],[-123.08,45.41],[-123.07,45.41],[-123.07,45.42],[-123.07,45.43],[-123.08,45.43],[-123.09,45.43],[-123.09,45.44],[-123.09,45.45],[-123.09,45.46],[-123.1,45.46],[-123.1,45.47]]],[[[-122.86,45.28],[-122.86,45.29],[-122.85,45.29],[-122.85,45.28],[-122.86,45.28]]],[[[-122.85,45.3],[-122.84,45.3],[-122.84,45.29],[-122.85,45.29],[-122.85,45.3]]]]}},
{"type":"Feature","properties":{"ugc":"ORZ111","name":"Inner Portland Metro","state":"OR","wfo":"PQR"},"geometry":{"type":"MultiPolygon","coordinates":[[[[-122.9,45.72],[-122.89,45.72],[-122.76,45.72],[-122.77,45.7],[-122.77,45.68],[-122.76,45.66],[-122.74,45.64],[-122.71,45.64],[-122.69,45.62],[-122.67,45.62],[-122.64,45.61],[-122.61,45.61],[-122.6,45.61],[-122.58,45.6],[-122.56,45.6],[-122.55,45.6],[-122.53,45.59],[-122.51,45.59],[-122.5,45.58],[-122.5,45.55],[-122.5,45.54],[-122.5,45.5],[-122.5,45.46],[-122.47,45.46],[-122.47,45.45],[-122.47,45.44],[-122.46,45.44],[-122.45,45.44],[-122.45,45.43],[-122.46,45.43],[-122.47,45.43],[-122.48,45.43],[-122.48,45.42],[-122.48,45.41],[-122.47,45.41],[-122.46,45.41],[-122.46,45.4],[-122.46,45.39],[-122.45,45.39],[-122.44,45.39],[-122.43,45.39],[-122.43,45.4],[-122.42,45.4],[-122.41,45.4],[-122.4,45.41],[-122.4,45.4],[-122.39,45.4],[-122.38,45.4],[-122.37,45.4],[-122.37,45.39],[-122.37,45.38],[-122.36,45.38],[-122.36,45.37],[-122.35,45.37],[-122.34,45.36],[-122.33,45.36],[-122.33,45.35],[-122.32,45.35],[-122.32,45.34],[-122.32,45.33],[-122.33,45.33],[-122.33,45.32],[-122.33,45.31],[-122.33,45.3],[-122.34,45.3],[-122.34,45.29],[-122.35,45.29],[-122.36,45.29],[-122.37,45.29],[-122.37,45.3],[-122.38,45.3],[-122.38,45.31],[-122.39,45.31],[-122.39,45.32],[-122.4,45.33],[-122.4,45.34],[-122.41,45.34],[-122.41,45.33],[-122.42,45.33],[-122.42,45.32],[-122.42,45.31],[-122.41,45.3],[-122.4,45.3],[-122.4,45.29],[-122.41,45.29],[-122.42,45.3],[-122.42,45.29],[-122.43,45.29],[-122.43,45.3],[-122.43,45.31],[-122.43,45.32],[-122.43,45.33],[-122.44,45.33],[-122.44,45.32],[-122.45,45.33],[-122.45,45.34],[-122.46,45.34],[-122.47,45.34],[-122.47,45.33],[-122.48,45.33],[-122.49,45.33],[-122.48,45.32],[-122.49,45.32],[-122.49,45.31],[-122.49,45.3],[-122.5,45.3],[-122.51,45.3],[-122.52,45.3],[-122.52,45.31],[-122.52,45.32],[-122.53,45.32],[-122.54,45.32],[-122.55,45.32],[-122.55,45.31],[-122.55,45.3],[-122.55,45.29],[-122.56,45.29],[-122.56,45.3],[-122.57,45.3],[-122.57,45.29],[-122.58,45.29],[-122.68,45.31],[-122.69,45.31],[-122.69,45.32],[-122.69,45.33],[-122.7,45.33],[-122.74,45.33],[-122.74,45.4],[-122.74,45.49],[-122.74,45.5],[-122.73,45.5],[-122.72,45.5],[-122.72,45.49],[-122.71,45.49],[-122.7,45.49],[-122.7,45.48],[-122.69,45.48],[-122.69,45.47],[-122.68,45.48],[-122.68,45.49],[-122.68,45.5],[-122.69,45.5],[-122.69,45.51],[-122.7,45.51],[-122.7,45.52],[-122.71,45.52],[-122.71,45.53],[-122.72,45.53],[-122.72,45.54],[-122.73,45.54],[-122.73,45.55],[-122.74,45.55],[-122.74,45.56],[-122.75,45.56],[-122.76,45.56],[-122.76,45.57],[-122.77,45.57],[-122.76,45.58],[-122.77,45.58],[-122.78,45.58],[-122.78,45.59],[-122.79,45.59],[-122.79,45.6],[-122.79,45.61],[-122.8,45.61],[-122.81,45.61],[-122.82,45.61],[-122.82,45.62],[-122.82,45.63],[-122.83,45.63],[-122.84,45.63],[-122.85,45.63],[-122.85,45.64],[-122.86,45.64],[-122.86,45.63],[-122.86,45.62],[-122.87,45.62],[-122.87,45.63],[-122.88,45.63],[-122.87,45.64],[-122.87,45.65],[-122.88,45.65],[-122.89,45.65],[-122.89,45.66],[-122.89,45.67],[-122.9,45.68],[-122.89,45.68],[-122.89,45.69],[-122.88,45.69],[-122.88,45.7],[-122.88,45.71],[-122.89,45.71],[-122.9,45.72]],[[-122.41,45.34],[-122.41,45.35],[-122.42,45.35],[-122.42,45.34],[-122.41,45.34]]],[[[-122.9,45.72],[-122.9,45.71],[-122.91,45.72],[-122.9,45.72]]],[[[-122.36,45.38],[-122.36,45.39],[-122.35,45.38],[-122.36,45.38]]],[[[-122.34,45.29],[-122.33,45.29],[-122.33,45.28],[-122.34,45.28],[-122.34,45.29]]],[[[-122.4,45.29],[-122.39,45.29],[-122.38,45.28],[-122.39,45.28],[-122.4,45.29]]],[[[-122.55,45.29],[-122.54,45.29],[-122.54,45.28],[-122.55,45.28],[-122.55,45.29]]],[[[-122.86,45.62],[-122.85,45.62],[-122.85,45.61],[-122.86,45.61],[-122.86,45.62]]],[[[-122.48,45.29],[-122.47,45.28],[-122.48,45.28],[-122.49,45.28],[-122.48,45.29]]]]}},
{"type":"Feature","properties":{"ugc":"ORZ112","name":"East Portland Metro","state":"OR","wfo":"PQR"},"geometry":{"type":"MultiPolygon","coordinates":[[[[-122.45,45.57],[-122.44,45.56],[-122.41,45.57],[-122.39,45.57],[-122.38,45.58],[-122.35,45.57],[-122.33,45.55],[-122.31,45.55],[-122.31,45.53],[-122.32,45.53],[-122.33,45.53],[-122.33,45.52],[-122.32,45.52],[-122.31,45.52],[-122.31,45.51],[-122.3,45.51],[-122.29,45.51],[-122.28,45.51],[-122.28,45.5],[-122.27,45.5],[-122.27,45.49],[-122.28,45.49],[-122.28,45.48],[-122.28,45.47],[-122.27,45.47],[-122.26,45.46],[-122.28,45.46],[-122.29,45.46],[-122.29,45.47],[-122.3,45.47],[-122.3,45.48],[-122.29,45.49],[-122.3,45.49],[-122.31,45.49],[-122.32,45.49],[-122.33,45.5],[-122.34,45.5],[-122.35,45.5],[-122.35,45.49],[-122.36,45.49],[-122.36,45.48],[-122.37,45.48],[-122.38,45.48],[-122.38,45.47],[-122.37,45.47],[-122.36,45.47],[-122.36,45.46],[-122.37,45.46],[-122.4,45.46],[-122.4,45.47],[-122.41,45.47],[-122.42,45.47],[-122.42,45.48],[-122.43,45.48],[-122.43,45.49],[-122.44,45.49],[-122.44,45.48],[-122.45,45.48],[-122.45,45.47],[-122.46,45.47],[-122.46,45.46],[-122.5,45.46],[-122.5,45.5],[-122.5,45.54],[-122.5,45.55],[-122.5,45.58],[-122.49,45.58],[-122.47,45.58],[-122.45,45.57]],[[-122.33,45.53],[-122.33,45.54],[-122.34,45.54],[-122.35,45.54],[-122.36,45.54],[-122.37,45.54],[-122.37,45.53],[-122.36,45.53],[-122.35,45.53],[-122.35,45.52],[-122.34,45.52],[-122.34,45.53],[-122.33,45.53]]]]}},
{"type":"Feature","properties":{"ugc":"ORZ113","name":"Outer Southeast Portland Metro","state":"OR","wfo":"PQR"},"geometry":{"type":"MultiPolygon","coordinates":[[[[-122.55,45.31],[-122.55,45.32],[-122.54,45.32],[-122.53,45.32],[-122.52,45.32],[-122.52,45.31],[-122.52,45.3],[-122.51,45.3],[-122.5,45.3],[-122.49,45.3],[-122.49,45.31],[-122.49,45.32],[-122.48,45.32],[-122.49,45.33],[-122.48,45.33],[-122.47,45.33],[-122.47,45.34],[-122.46,45.34],[-122.45,45.34],[-122.45,45.33],[-122.44,45.32],[-122.44,45.33],[-122.43,45.33],[-122.43,45.32],[-122.43,45.31],[-122.43,45.3],[-122.43,45.29],[-122.42,45.29],[-122.42,45.3],[-122.41,45.29],[-122.4,45.29],[-122.4,45.3],[-122.41,45.3],[-122.42,45.31],[-122.42,45.32],[-122.42,45.33],[-122.41,45.33],[-122.41,45.34],[-122.4,45.34],[-122.4,45.33],[-122.39,45.32],[-122.39,45.31],[-122.38,45.31],[-122.38,45.3],[-122.37,45.3],[-122.37,45.29],[-122.36,45.29],[-122.35,45.29],[-122.34,45.29],[-122.34,45.3],[-122.33,45.3],[-122.33,45.31],[-122.33,45.32],[-122.33,45.33],[-122.32,45.33],[-122.32,45.34],[-122.32,45.35],[-122.33,45.35],[-122.33,45.36],[-122.34,45.36],[-122.35,45.37],[-122.36,45.37],[-122.36,45.38],[-122.37,45.38],[-122.37,45.39],[-122.37,45.4],[-122.38,45.4],[-122.39,45.4],[-122.4,45.4],[-122.4,45.41],[-122.41,45.4],[-122.42,45.4],[-122.43,45.4],[-122.43,45.39],[-122.44,45.39],[-122.45,45.39],[-122.46,45.39],[-122.46,45.4],[-122.46,45.41],[-122.47,45.41],[-122.48,45.41],[-122.48,45.42],[-122.48,45.43],[-122.47,45.43],[-122.46,45.43],[-122.45,45.43],[-122.45,45.44],[-122.46,45.44],[-122.47,45.44],[-122.47,45.45],[-122.47,45.46],[-122.46,45.46],[-122.46,45.47],[-122.45,45.47],[-122.45,45.48],[-122.44,45.48],[-122.44,45.49],[-122.43,45.49],[-122.43,45.48],[-122.42,45.48],[-122.42,45.47],[-122.41,45.47],[-122.4,45.47],[-122.4,45.46],[-122.37,45.46],[-122.36,45.46],[-122.36,45.47],[-122.37,45.47],[-122.38,45.47],[-122.38,45.48],[-122.37,45.48],[-122.36,45.48],[-122.36,45.49],[-122.35,45.49],[-122.35,45.5],[-122.34,45.5],[-122.33,45.5],[-122.32,45.49],[-122.31,45.49],[-122.3,45.49],[-122.29,45.49],[-122.3,45.48],[-122.3,45.47],[-122.29,45.47],[-122.29,45.46],[-122.28,45.46],[-122.26,45.46],[-122.23,45.46],[-122.22,45.46],[-122.22,45.45],[-122.23,45.45],[-122.23,45.44],[-122.22,45.44],[-122.22,45.43],[-122.22,45.41],[-122.22,45.39],[-122.23,45.39],[-122.24,45.39],[-122.25,45.4],[-122.26,45.4],[-122.26,45.39],[-122.26,45.38],[-122.27,45.39],[-122.27,45.38],[-122.28,45.38],[-122.28,45.37],[-122.28,45.36],[-122.29,45.36],[-122.29,45.35],[-122.28,45.35],[-122.28,45.34],[-122.29,45.34],[-122.29,45.33],[-122.28,45.33],[-122.27,45.33],[-122.26,45.32],[-122.27,45.31],[-122.27,45.3],[-122.28,45.3],[-122.29,45.31],[-122.29,45.3],[-122.29,45.29],[-122.3,45.28],[-122.3,45.27],[-122.29,45.26],[-122.29,45.25],[-122.28,45.25],[-122.27,45.25],[-122.27,45.24],[-122.28,45.24],[-122.29,45.24],[-122.3,45.24],[-122.31,45.24],[-122.31,45.25],[-122.3,45.25],[-122.31,45.26],[-122.32,45.26],[-122.32,45.27],[-122.33,45.27],[-122.34,45.27],[-122.34,45.26],[-122.35,45.26],[-122.36,45.26],[-122.36,45.25],[-122.35,45.25],[-122.35,45.24],[-122.36,45.24],[-122.36,45.23],[-122.37,45.22],[-122.38,45.23],[-122.37,45.24],[-122.37,45.25],[-122.38,45.25],[-122.39,45.25],[-122.39,45.26],[-122.4,45.27],[-122.41,45.27],[-122.42,45.27],[-122.43,45.27],[-122.44,45.28],[-122.44,45.27],[-122.45,45.27],[-122.46,45.26],[-122.47,45.26],[-122.57,45.26],[-122.57,45.27],[-122.57,45.28],[-122.58,45.29],[-122.57,45.29],[-122.57,45.3],[-122.56,45.3],[-122.56,45.29],[-122.55,45.29],[-122.55,45.3],[-122.55,45.31]],[[-122.4,45.29],[-122.39,45.28],[-122.38,45.28],[-122.39,45.29],[-122.4,45.29]],[[-122.34,45.29],[-122.34,45.28],[-122.33,45.28],[-122.33,45.29],[-122.34,45.29]],[[-122.36,45.38],[-122.35,45.38],[-122.36,45.39],[-122.36,45.38]],[[-122.55,45.29],[-122.55,45.28],[-122.54,45.28],[-122.54,45.29],[-122.55,45.29]],[[-122.48,45.29],[-122.49,45.28],[-122.48,45.28],[-122.47,45.28],[-122.48,45.29]]],[[[-122.39,45.26],[-122.4,45.25],[-122.4,45.26],[-122.39,45.26]]],[[[-122.41,45.34],[-122.42,45.34],[-122.42,45.35],[-122.41,45.35],[-122.41,45.34]]],[[[-122.26,45.24],[-122.25,45.24],[-122.25,45.23],[-122.25,45.22],[-122.26,45.23],[-122.26,45.24]]]]}},
{"type":"Feature","properties":{"ugc":"ORZ114","name":"West Central Willamette Valley","state":"OR","wfo":"PQR"},"geometry":{"type":"MultiPolygon","coordinates":[[[[-123.5,44.87],[-123.5,44.88],[-123.49,44.88],[-123.48,44.88],[-123.47,44.88],[-123.46,44.88],[-123.46,44.89],[-123.45,44.89],[-123.45,44.88],[-123.44,44.88],[-123.43,44.88],[-123.43,44.89],[-123.42,44.89],[-123.41,44.89],[-123.41,44.9],[-123.4,44.9],[-123.41,44.91],[-123.41,44.92],[-123.4,44.92],[-123.4,44.93],[-123.39,44.93],[-123.39,44.94],[-123.39,44.95],[-123.39,44.96],[-123.39,44.97],[-123.4,44.97],[-123.41,44.98],[-123.42,44.98],[-123.43,44.98],[-123.44,44.98],[-123.44,44.99],[-123.45,44.99],[-123.46,44.99],[-123.46,45.0],[-123.47,45.0],[-123.47,44.99],[-123.48,44.99],[-123.49,44.99],[-123.49,45.0],[-123.5,45.0],[-123.51,45.0],[-123.51,45.01],[-123.51,45.08],[-123.52,45.16],[-123.51,45.17],[-123.51,45.18],[-123.5,45.19],[-123.5,45.18],[-123.49,45.18],[-123.48,45.18],[-123.47,45.18],[-123.47,45.19],[-123.46,45.2],[-123.45,45.2],[-123.45,45.19],[-123.44,45.19],[-123.44,45.2],[-123.44,45.21],[-123.43,45.21],[-123.43,45.2],[-123.42,45.2],[-123.42,45.21],[-123.41,45.21],[-123.41,45.2],[-123.4,45.2],[-123.4,45.21],[-123.39,45.21],[-123.38,45.21],[-123.38,45.22],[-123.38,45.23],[-123.37,45.23],[-123.37,45.22],[-123.36,45.22],[-123.36,45.23],[-123.35,45.22],[-123.35,45.21],[-123.34,45.21],[-123.34,45.22],[-123.34,45.23],[-123.33,45.23],[-123.33,45.24],[-123.34,45.24],[-123.34,45.25],[-123.35,45.26],[-123.34,45.26],[-123.33,45.26],[-123.33,45.25],[-123.32,45.25],[-123.32,45.24],[-123.31,45.24],[-123.3,45.24],[-123.3,45.25],[-123.3,45.26],[-123.29,45.26],[-123.29,45.27],[-123.3,45.27],[-123.3,45.28],[-123.31,45.28],[-123.32,45.28],[-123.33,45.29],[-123.34,45.29],[-123.35,45.29],[-123.35,45.3],[-123.36,45.3],[-123.37,45.3],[-123.37,45.31],[-123.36,45.31],[-123.35,45.31],[-123.35,45.32],[-123.35,45.33],[-123.34,45.33],[-123.33,45.33],[-123.33,45.34],[-123.34,45.34],[-123.35,45.34],[-123.35,45.35],[-123.36,45.35],[-123.37,45.35],[-123.37,45.36],[-123.38,45.36],[-123.39,45.36],[-123.4,45.37],[-123.39,45.37],[-123.38,45.37],[-123.37,45.37],[-123.37,45.38],[-123.36,45.38],[-123.36,45.37],[-123.35,45.37],[-123.35,45.38],[-123.34,45.38],[-123.34,45.39],[-123.33,45.39],[-123.33,45.38],[-123.32,45.38],[-123.31,45.38],[-123.3,45.38],[-123.3,45.39],[-123.31,45.39],[-123.31,45.4],[-123.3,45.4],[-123.3,45.41],[-123.31,45.41],[-123.31,45.42],[-123.3,45.42],[-123.29,45.42],[-123.28,45.42],[-123.27,45.42],[-123.27,45.43],[-123.21,45.43],[-123.2,45.43],[-123.16,45.43],[-123.14,45.43],[-123.14,45.42],[-123.12,45.42],[-123.11,45.42],[-123.11,45.41],[-123.11,45.4],[-123.09,45.4],[-123.08,45.4],[-123.08,45.39],[-123.08,45.38],[-123.07,45.38],[-123.06,45.38],[-123.06,45.37],[-123.06,45.36],[-123.05,45.36],[-123.04,45.36],[-123.04,45.35],[-123.03,45.35],[-123.02,45.35],[-123.01,45.35],[-123.01,45.34],[-123.0,45.34],[-122.99,45.34],[-122.98,45.34],[-122.97,45.34],[-122.97,45.33],[-122.96,45.33],[-122.95,45.33],[-122.94,45.33],[-122.93,45.33],[-122.92,45.32],[-122.91,45.32],[-122.91,45.31],[-122.91,45.3],[-122.91,45.29],[-122.91,45.28],[-122.9,45.28],[-122.9,45.27],[-122.89,45.27],[-122.88,45.27],[-122.87,45.27],[-122.87,45.26],[-122.86,45.26],[-122.86,45.25],[-122.87,45.25],[-122.88,45.26],[-122.88,45.25],[-122.89,45.26],[-122.9,45.26],[-122.91,45.26],[-122.91,45.27],[-122.92,45.27],[-122.94,45.27],[-122.95,45.27],[-122.96,45.28],[-122.96,45.29],[-122.97,45.28],[-122.98,45.28],[-122.98,45.27],[-122.99,45.27],[-123.0,45.26],[-123.0,45.25],[-123.0,45.24],[-122.99,45.24],[-123.0,45.23],[-123.0,45.22],[-123.01,45.22],[-123.02,45.22],[-123.04,45.22],[-123.05,45.22],[-123.05,45.21],[-123.05,45.2],[-123.04,45.2],[-123.03,45.2],[-123.02,45.2],[-123.02,45.19],[-123.02,45.18],[-123.01,45.18],[-123.01,45.17],[-123.0,45.17],[-123.0,45.16],[-123.01,45.16],[-123.02,45.16],[-123.03,45.16],[-123.03,45.15],[-123.03,45.14],[-123.02,45.14],[-123.01,45.14],[-123.01,45.13],[-123.0,45.13],[-123.0,45.12],[-123.0,45.11],[-123.01,45.11],[-123.01,45.1],[-123.02,45.1],[-123.03,45.1],[-123.04,45.1],[-123.04,45.09],[-123.05,45.09],[-123.06,45.08],[-123.07,45.08],[-123.07,45.07],[-123.07,45.06],[-123.07,45.05],[-123.07,45.04],[-123.07,45.03],[-123.07,45.02],[-123.08,45.02],[-123.08,45.01],[-123.07,45.01],[-123.07,45.0],[-123.07,44.99],[-123.06,44.99],[-123.05,44.99],[-123.04,44.99],[-123.04,44.98],[-123.04,44.97],[-123.04,44.96],[-123.04,44.95],[-123.04,44.94],[-123.05,44.94],[-123.06,44.94],[-123.06,44.93],[-123.07,44.93],[-123.08,44.93],[-123.09,44.93],[-123.1,44.93],[-123.11,44.93],[-123.11,44.92],[-123.12,44.91],[-123.13,44.91],[-123.13,44.9],[-123.13,44.89],[-123.14,44.89],[-123.14,44.88],[-123.15,44.88],[-123.15,44.86],[-123.16,44.86],[-123.17,44.86],[-123.18,44.86],[-123.18,44.85],[-123.18,44.84],[-123.18,44.83],[-123.17,44.83],[-123.16,44.83],[-123.15,44.83],[-123.14,44.83],[-123.13,44.83],[-123.12,44.83],[-123.12,44.82],[-123.11,44.82],[-123.1,44.82],[-123.09,44.81],[-123.09,44.8],[-123.1,44.8],[-123.11,44.8],[-123.12,44.79],[-123.13,44.79],[-123.13,44.78],[-123.14,44.78],[-123.14,44.77],[-123.15,44.77],[-123.15,44.76],[-123.15,44.75],[-123.14,44.75],[-123.13,44.74],[-123.14,44.74],[-123.14,44.73],[-123.15,44.73],[-123.15,44.72],[-123.16,44.72],[-123.26,44.72],[-123.3,44.72],[-123.34,44.72],[-123.43,44.8],[-123.43,44.81],[-123.42,44.81],[-123.42,44.82],[-123.43,44.82],[-123.44,44.82],[-123.44,44.83],[-123.45,44.83],[-123.46,44.83],[-123.46,44.84],[-123.45,44.84],[-123.45,44.85],[-123.46,44.86],[-123.47,44.86],[-123.47,44.87],[-123.48,44.87],[-123.49,44.87],[-123.5,44.87]],[[-123.4,44.9],[-123.39,44.9],[-123.39,44.91],[-123.4,44.91],[-123.4,44.9]],[[-123.45,45.19],[-123.46,45.19],[-123.45,45.18],[-123.45,45.19]],[[-123.35,45.21],[-123.36,45.21],[-123.36,45.2],[-123.35,45.2],[-123.35,45.21]]],[[[-123.52,44.86],[-123.52,44.87],[-123.51,44.87],[-123.5,44.87],[-123.5,44.86],[-123.51,44.86],[-123.52,44.86]]],[[[-123.43,44.9],[-123.43,44.91],[-123.42,44.91],[-123.41,44.91],[-123.42,44.9],[-123.43,44.9]]],[[[-123.45,44.9],[-123.46,44.9],[-123.46,44.91],[-123.45,44.91],[-123.45,44.9]]],[[[-123.47,44.9],[-123.48,44.9],[-123.49,44.9],[-123.5,44.9],[-123.5,44.91],[-123.49,44.91],[-123.48,44.91],[-123.47,44.91],[-123.47,44.9]]],[[[-123.38,45.22],[-123.39,45.22],[-123.39,45.23],[-123.38,45.22]]],[[[-123.35,45.38],[-123.36,45.39],[-123.35,45.39],[-123.35,45.38]]],[[[-123.36,45.39],[-123.37,45.39],[-123.37,45.4],[-123.36,45.4],[-123.36,45.39]]]]}},
{"type":"Feature","properties":{"ugc":"ORZ115","name":"East Central Willamette Valley","state":"OR","wfo":"PQR"},"geometry":{"type":"MultiPolygon","coordinates":[[[[-122.87,45.29],[-122.87,45.3],[-122.86,45.3],[-122.85,45.3],[-122.85,45.29],[-122.86,45.29],[-122.86,45.28],[-122.87,45.28],[-122.87,45.29]]],[[[-122.86,45.28],[-122.85,45.28],[-122.85,45.29],[-122.84,45.29],[-122.84,45.3],[-122.85,45.3],[-122.85,45.31],[-122.84,45.31],[-122.83,45.31],[-122.83,45.32],[-122.83,45.33],[-122.74,45.33],[-122.7,45.33],[-122.69,45.33],[-122.69,45.32],[-122.69,45.31],[-122.68,45.31],[-122.58,45.29],[-122.57,45.28],[-122.57,45.27],[-122.57,45.26],[-122.47,45.26],[-122.46,45.25],[-122.47,45.25],[-122.47,45.24],[-122.47,45.23],[-122.46,45.23],[-122.46,45.22],[-122.45,45.22],[-122.45,45.21],[-122.44,45.21],[-122.44,45.2],[-122.43,45.21],[-122.42,45.21],[-122.42,45.2],[-122.41,45.2],[-122.4,45.2],[-122.39,45.2],[-122.39,45.19],[-122.38,45.19],[-122.37,45.19],[-122.37,45.18],[-122.38,45.18],[-122.39,45.18],[-122.39,45.17],[-122.4,45.17],[-122.4,45.16],[-122.41,45.15],[-122.42,45.15],[-122.43,45.15],[-122.44,45.15],[-122.44,45.14],[-122.45,45.15],[-122.45,45.14],[-122.46,45.14],[-122.47,45.13],[-122.48,45.13],[-122.48,45.12],[-122.49,45.12],[-122.49,45.11],[-122.5,45.11],[-122.5,45.1],[-122.52,45.09],[-122.53,45.08],[-122.53,45.09],[-122.54,45.09],[-122.55,45.09],[-122.56,45.09],[-122.56,45.08],[-122.57,45.08],[-122.57,45.07],[-122.58,45.07],[-122.61,45.06],[-122.62,45.06],[-122.62,45.05],[-122.62,45.04],[-122.63,45.03],[-122.64,45.03],[-122.64,45.02],[-122.64,45.01],[-122.65,45.01],[-122.66,45.01],[-122.67,45.0],[-122.69,45.01],[-122.7,45.01],[-122.7,45.0],[-122.71,44.99],[-122.72,44.99],[-122.72,44.98],[-122.73,44.98],[-122.73,44.97],[-122.72,44.96],[-122.72,44.95],[-122.72,44.94],[-122.72,44.93],[-122.73,44.93],[-122.73,44.92],[-122.72,44.92],[-122.72,44.91],[-122.72,44.9],[-122.71,44.9],[-122.71,44.89],[-122.71,44.88],[-122.71,44.87],[-122.72,44.87],[-122.72,44.86],[-122.72,44.85],[-122.71,44.85],[-122.71,44.84],[-122.7,44.84],[-122.7,44.83],[-122.71,44.83],[-122.72,44.82],[-122.71,44.82],[-122.71,44.81],[-122.7,44.81],[-122.71,44.78],[-122.72,44.78],[-122.72,44.79],[-122.73,44.79],[-122.74,44.79],[-122.75,44.79],[-122.76,44.79],[-122.77,44.79],[-122.78,44.79],[-122.79,44.79],[-122.8,44.79],[-122.81,44.79],[-122.81,44.78],[-122.82,44.78],[-122.82,44.77],[-122.83,44.77],[-122.84,44.77],[-122.85,44.77],[-122.85,44.76],[-122.86,44.76],[-122.87,44.76],[-122.87,44.75],[-122.88,44.75],[-122.89,44.75],[-122.9,44.74],[-122.91,44.75],[-122.91,44.74],[-122.92,44.74],[-122.92,44.73],[-122.93,44.73],[-122.93,44.72],[-122.94,44.72],[-122.95,44.72],[-122.96,44.72],[-122.97,44.71],[-122.97,44.7],[-122.98,44.7],[-122.99,44.7],[-123.0,44.7],[-123.0,44.69],[-123.01,44.69],[-123.02,44.7],[-123.01,44.71],[-123.01,44.72],[-123.02,44.72],[-123.02,44.73],[-123.03,44.72],[-123.04,44.72],[-123.04,44.73],[-123.04,44.74],[-123.05,44.74],[-123.06,44.74],[-123.06,44.75],[-123.07,44.75],[-123.07,44.74],[-123.08,44.74],[-123.09,44.75],[-123.1,44.75],[-123.11,44.75],[-123.11,44.76],[-123.12,44.76],[-123.12,44.75],[-123.13,44.75],[-123.14,44.75],[-123.15,44.75],[-123.15,44.76],[-123.15,44.77],[-123.14,44.77],[-123.14,44.78],[-123.13,44.78],[-123.13,44.79],[-123.12,44.79],[-123.11,44.8],[-123.1,44.8],[-123.09,44.8],[-123.09,44.81],[-123.1,44.82],[-123.11,44.82],[-123.12,44.82],[-123.12,44.83],[-123.13,44.83],[-123.14,44.83],[-123.15,44.83],[-123.16,44.83],[-123.17,44.83],[-123.18,44.83],[-123.18,44.84],[-123.18,44.85],[-123.18,44.86],[-123.17,44.86],[-123.16,44.86],[-123.15,44.86],[-123.15,44.88],[-123.14,44.88],[-123.14,44.89],[-123.13,44.89],[-123.13,44.9],[-123.13,44.91],[-123.12,44.91],[-123.11,44.92],[-123.11,44.93],[-123.1,44.93],[-123.09,44.93],[-123.08,44.93],[-123.07,44.93],[-123.06,44.93],[-123.06,44.94],[-123.05,44.94],[-123.04,44.94],[-123.04,44.95],[-123.04,44.96],[-123.04,44.97],[-123.04,44.98],[-123.04,44.99],[-123.05,44.99],[-123.06,44.99],[-123.07,44.99],[-123.07,45.0],[-123.07,45.01],[-123.08,45.01],[-123.08,45.02],[-123.07,45.02],[-123.07,45.03],[-123.07,45.04],[-123.07,45.05],[-123.07,45.06],[-123.07,45.07],[-123.07,45.08],[-123.06,45.08],[-123.05,45.09],[-123.04,45.09],[-123.04,45.1],[-123.03,45.1],[-123.02,45.1],[-123.01,45.1],[-123.01,45.11],[-123.0,45.11],[-123.0,45.12],[-123.0,45.13],[-123.01,45.13],[-123.01,45.14],[-123.02,45.14],[-123.03,45.14],[-123.03,45.15],[-123.03,45.16],[-123.02,45.16],[-123.01,45.16],[-123.0,45.16],[-123.0,45.17],[-123.01,45.17],[-123.01,45.18],[-123.02,45.18],[-123.02,45.19],[-123.02,45.2],[-123.03,45.2],[-123.04,45.2],[-123.05,45.2],[-123.05,45.21],[-123.05,45.22],[-123.04,45.22],[-123.02,45.22],[-123.01,45.22],[-123.0,45.22],[-123.0,45.23],[-122.99,45.24],[-123.0,45.24],[-123.0,45.25],[-123.0,45.26],[-122.99,45.27],[-122.98,45.27],[-122.98,45.28],[-122.97,45.28],[-122.96,45.29],[-122.96,45.28],[-122.95,45.27],[-122.94,45.27],[-122.92,45.27],[-122.91,45.27],[-122.91,45.26],[-122.9,45.26],[-122.89,45.26],[-122.88,45.25],[-122.88,45.26],[-122.87,45.25],[-122.86,45.25],[-122.86,45.26],[-122.87,45.26],[-122.87,45.27],[-122.86,45.28]]]]}},
{"type":"Feature","properties":{"ugc":"ORZ116","name":"Benton County Lowlands","state":"OR","wfo":"PQR"},"geometry":{"type":"MultiPolygon","coordinates":[[[[-123.5,44.52],[-123.5,44.53],[-123.49,44.53],[-123.48,44.53],[-123.47,44.53],[-123.47,44.52],[-123.46,44.52],[-123.45,44.52],[-123.45,44.53],[-123.45,44.54],[-123.46,44.54],[-123.47,44.54],[-123.47,44.55],[-123.46,44.55],[-123.45,44.55],[-123.44,44.55],[-123.44,44.56],[-123.44,44.57],[-123.42,44.61],[-123.41,44.61],[-123.4,44.61],[-123.4,44.62],[-123.39,44.62],[-123.39,44.63],[-123.38,44.63],[-123.38,44.62],[-123.38,44.61],[-123.37,44.61],[-123.37,44.6],[-123.38,44.6],[-123.38,44.59],[-123.37,44.59],[-123.36,44.59],[-123.36,44.6],[-123.36,44.61],[-123.35,44.61],[-123.34,44.61],[-123.34,44.62],[-123.33,44.63],[-123.32,44.63],[-123.32,44.64],[-123.33,44.64],[-123.34,44.64],[-123.34,44.65],[-123.33,44.65],[-123.33,44.66],[-123.33,44.67],[-123.32,44.67],[-123.31,44.67],[-123.3,44.68],[-123.29,44.68],[-123.29,44.69],[-123.28,44.69],[-123.29,44.7],[-123.3,44.69],[-123.31,44.69],[-123.32,44.69],[-123.32,44.7],[-123.33,44.7],[-123.33,44.71],[-123.33,44.72],[-123.3,44.72],[-123.26,44.72],[-123.16,44.72],[-123.15,44.72],[-123.15,44.71],[-123.14,44.71],[-123.14,44.7],[-123.13,44.7],[-123.12,44.69],[-123.12,44.68],[-123.11,44.68],[-123.11,44.67],[-123.1,44.68],[-123.09,44.68],[-123.09,44.67],[-123.08,44.67],[-123.08,44.66],[-123.07,44.66],[-123.07,44.65],[-123.08,44.65],[-123.08,44.64],[-123.09,44.64],[-123.1,44.64],[-123.11,44.64],[-123.12,44.64],[-123.13,44.64],[-123.14,44.64],[-123.16,44.64],[-123.17,44.64],[-123.17,44.63],[-123.17,44.62],[-123.18,44.62],[-123.18,44.61],[-123.19,44.61],[-123.2,44.6],[-123.19,44.6],[-123.18,44.59],[-123.19,44.59],[-123.2,44.59],[-123.21,44.58],[-123.22,44.58],[-123.23,44.58],[-123.25,44.58],[-123.25,44.57],[-123.26,44.56],[-123.25,44.55],[-123.24,44.55],[-123.24,44.54],[-123.25,44.54],[-123.25,44.53],[-123.24,44.53],[-123.23,44.52],[-123.23,44.51],[-123.22,44.51],[-123.21,44.51],[-123.21,44.5],[-123.22,44.5],[-123.21,44.49],[-123.22,44.49],[-123.22,44.48],[-123.21,44.48],[-123.22,44.47],[-123.21,44.46],[-123.21,44.45],[-123.21,44.44],[-123.21,44.43],[-123.22,44.43],[-123.23,44.43],[-123.22,44.42],[-123.23,44.42],[-123.23,44.41],[-123.23,44.4],[-123.22,44.4],[-123.22,44.39],[-123.23,44.39],[-123.24,44.39],[-123.24,44.38],[-123.24,44.37],[-123.23,44.37],[-123.22,44.37],[-123.22,44.36],[-123.23,44.36],[-123.24,44.36],[-123.23,44.35],[-123.23,44.34],[-123.24,44.34],[-123.25,44.33],[-123.24,44.33],[-123.23,44.33],[-123.22,44.33],[-123.22,44.32],[-123.22,44.31],[-123.21,44.31],[-123.2,44.31],[-123.19,44.31],[-123.19,44.3],[-123.19,44.29],[-123.18,44.28],[-123.38,44.28],[-123.38,44.29],[-123.39,44.28],[-123.4,44.28],[-123.4,44.29],[-123.41,44.29],[-123.42,44.29],[-123.43,44.29],[-123.43,44.3],[-123.43,44.31],[-123.44,44.31],[-123.44,44.32],[-123.43,44.32],[-123.43,44.33],[-123.43,44.34],[-123.42,44.34],[-123.42,44.35],[-123.43,44.35],[-123.44,44.35],[-123.44,44.36],[-123.44,44.37],[-123.43,44.37],[-123.43,44.38],[-123.44,44.38],[-123.44,44.39],[-123.44,44.4],[-123.44,44.41],[-123.43,44.41],[-123.43,44.42],[-123.44,44.42],[-123.44,44.43],[-123.43,44.44],[-123.44,44.44],[-123.45,44.44],[-123.46,44.44],[-123.46,44.45],[-123.45,44.45],[-123.45,44.46],[-123.44,44.46],[-123.43,44.46],[-123.43,44.47],[-123.44,44.47],[-123.45,44.47],[-123.46,44.46],[-123.47,44.45],[-123.47,44.46],[-123.48,44.46],[-123.49,44.46],[-123.49,44.47],[-123.48,44.47],[-123.48,44.48],[-123.48,44.49],[-123.47,44.49],[-123.47,44.5],[-123.47,44.51],[-123.48,44.51],[-123.48,44.52],[-123.49,44.52],[-123.5,44.52]]],[[[-123.44,44.38],[-123.45,44.38],[-123.45,44.39],[-123.44,44.38]]]]}},
{"type":"Feature","properties":{"ugc":"ORZ117","name":"Linn County Lowlands","state":"OR","wfo":"PQR"},"geometry":{"type":"MultiPolygon","coordinates":[[[[-122.97,44.32],[-122.98,44.31],[-122.98,44.3],[-122.97,44.3],[-122.96,44.3],[-122.96,44.29],[-122.95,44.29],[-122.94,44.29],[-122.95,44.28],[-122.96,44.28],[-122.96,44.27],[-122.97,44.27],[-122.97,44.26],[-122.98,44.26],[-122.99,44.25],[-122.99,44.24],[-122.99,44.23],[-123.0,44.23],[-123.01,44.23],[-123.01,44.22],[-123.01,44.21],[-123.02,44.21],[-123.02,44.2],[-123.05,44.2],[-123.06,44.2],[-123.17,44.2],[-123.16,44.21],[-123.16,44.22],[-123.15,44.22],[-123.15,44.23],[-123.16,44.23],[-123.17,44.24],[-123.17,44.25],[-123.18,44.25],[-123.18,44.26],[-123.17,44.26],[-123.17,44.27],[-123.18,44.28],[-123.19,44.29],[-123.19,44.3],[-123.19,44.31],[-123.2,44.31],[-123.21,44.31],[-123.22,44.31],[-123.22,44.32],[-123.22,44.33],[-123.23,44.33],[-123.24,44.33],[-123.25,44.33],[-123.24,44.34],[-123.23,44.34],[-123.23,44.35],[-123.24,44.36],[-123.23,44.36],[-123.22,44.36],[-123.22,44.37],[-123.23,44.37],[-123.24,44.37],[-123.24,44.38],[-123.24,44.39],[-123.23,44.39],[-123.22,44.39],[-123.22,44.4],[-123.23,44.4],[-123.23,44.41],[-123.23,44.42],[-123.22,44.42],[-123.23,44.43],[-123.22,44.43],[-123.21,44.43],[-123.21,44.44],[-123.21,44.45],[-123.21,44.46],[-123.22,44.47],[-123.21,44.48],[-123.22,44.48],[-123.22,44.49],[-123.21,44.49],[-123.22,44.5],[-123.21,44.5],[-123.21,44.51],[-123.22,44.51],[-123.23,44.51],[-123.23,44.52],[-123.24,44.53],[-123.25,44.53],[-123.25,44.54],[-123.24,44.54],[-123.24,44.55],[-123.25,44.55],[-123.26,44.56],[-123.25,44.57],[-123.25,44.58],[-123.23,44.58],[-123.22,44.58],[-123.21,44.58],[-123.2,44.59],[-123.19,44.59],[-123.18,44.59],[-123.19,44.6],[-123.2,44.6],[-123.19,44.61],[-123.18,44.61],[-123.18,44.62],[-123.17,44.62],[-123.17,44.63],[-123.17,44.64],[-123.16,44.64],[-123.14,44.64],[-123.13,44.64],[-123.12,44.64],[-123.11,44.64],[-123.1,44.64],[-123.09,44.64],[-123.08,44.64],[-123.08,44.65],[-123.07,44.65],[-123.07,44.66],[-123.08,44.66],[-123.08,44.67],[-123.09,44.67],[-123.09,44.68],[-123.1,44.68],[-123.11,44.67],[-123.11,44.68],[-123.12,44.68],[-123.12,44.69],[-123.13,44.7],[-123.14,44.7],[-123.14,44.71],[-123.15,44.71],[-123.15,44.72],[-123.15,44.73],[-123.14,44.73],[-123.14,44.74],[-123.13,44.74],[-123.14,44.75],[-123.13,44.75],[-123.12,44.75],[-123.12,44.76],[-123.11,44.76],[-123.11,44.75],[-123.1,44.75],[-123.09,44.75],[-123.08,44.74],[-123.07,44.74],[-123.07,44.75],[-123.06,44.75],[-123.06,44.74],[-123.05,44.74],[-123.04,44.74],[-123.04,44.73],[-123.04,44.72],[-123.03,44.72],[-123.02,44.73],[-123.02,44.72],[-123.01,44.72],[-123.01,44.71],[-123.02,44.7],[-123.01,44.69],[-123.0,44.69],[-123.0,44.7],[-122.99,44.7],[-122.98,44.7],[-122.97,44.7],[-122.97,44.71],[-122.96,44.72],[-122.95,44.72],[-122.94,44.72],[-122.93,44.72],[-122.93,44.73],[-122.92,44.73],[-122.92,44.74],[-122.91,44.74],[-122.91,44.75],[-122.9,44.74],[-122.89,44.75],[-122.88,44.75],[-122.87,44.75],[-122.87,44.76],[-122.86,44.76],[-122.85,44.76],[-122.85,44.77],[-122.84,44.77],[-122.83,44.77],[-122.82,44.77],[-122.82,44.78],[-122.81,44.78],[-122.81,44.79],[-122.8,44.79],[-122.79,44.79],[-122.78,44.79],[-122.77,44.79],[-122.76,44.79],[-122.75,44.79],[-122.74,44.79],[-122.73,44.79],[-122.72,44.79],[-122.72,44.78],[-122.71,44.78],[-122.7,44.81],[-122.69,44.81],[-122.68,44.81],[-122.67,44.81],[-122.67,44.8],[-122.68,44.8],[-122.67,44.79],[-122.66,44.79],[-122.65,44.79],[-122.65,44.8],[-122.62,44.8],[-122.61,44.8],[-122.57,44.79],[-122.57,44.78],[-122.56,44.78],[-122.56,44.77],[-122.55,44.77],[-122.54,44.77],[-122.53,44.77],[-122.53,44.75],[-122.54,44.75],[-122.55,44.75],[-122.56,44.75],[-122.57,44.75],[-122.58,44.75],[-122.58,44.76],[-122.59,44.76],[-122.6,44.76],[-122.61,44.76],[-122.62,44.77],[-122.63,44.77],[-122.64,44.77],[-122.65,44.77],[-122.66,44.77],[-122.66,44.76],[-122.65,44.76],[-122.65,44.75],[-122.66,44.75],[-122.66,44.74],[-122.65,44.74],[-122.64,44.74],[-122.64,44.73],[-122.64,44.71],[-122.65,44.71],[-122.66,44.71],[-122.66,44.7],[-122.65,44.7],[-122.65,44.69],[-122.66,44.69],[-122.67,44.69],[-122.67,44.68],[-122.68,44.68],[-122.68,44.67],[-122.69,44.67],[-122.69,44.66],[-122.7,44.67],[-122.7,44.68],[-122.71,44.68],[-122.72,44.69],[-122.72,44.7],[-122.73,44.7],[-122.74,44.7],[-122.75,44.7],[-122.76,44.7],[-122.76,44.69],[-122.77,44.69],[-122.78,44.69],[-122.79,44.69],[-122.79,44.68],[-122.78,44.68],[-122.77,44.68],[-122.77,44.67],[-122.76,44.67],[-122.75,44.67],[-122.75,44.66],[-122.74,44.66],[-122.73,44.66],[-122.71,44.65],[-122.73,44.55],[-122.72,44.54],[-122.72,44.49],[-122.76,44.46],[-122.76,44.45],[-122.76,44.44],[-122.75,44.44],[-122.74,44.43],[-122.73,44.43],[-122.72,44.43],[-122.71,44.43],[-122.7,44.43],[-122.69,44.43],[-122.69,44.42],[-122.68,44.42],[-122.67,44.42],[-122.66,44.42],[-122.66,44.43],[-122.65,44.43],[-122.65,44.42],[-122.64,44.42],[-122.64,44.43],[-122.63,44.43],[-122.63,44.44],[-122.62,44.43],[-122.61,44.42],[-122.65,44.4],[-122.68,44.39],[-122.69,44.39],[-122.73,44.38],[-122.77,44.39],[-122.78,44.39],[-122.79,44.4],[-122.78,44.4],[-122.78,44.41],[-122.79,44.41],[-122.8,44.41],[-122.81,44.41],[-122.82,44.41],[-122.83,44.41],[-122.84,44.41],[-122.84,44.42],[-122.85,44.43],[-122.84,44.44],[-122.84,44.45],[-122.83,44.45],[-122.82,44.46],[-122.83,44.46],[-122.84,44.46],[-122.85,44.46],[-122.85,44.45],[-122.86,44.45],[-122.87,44.45],[-122.88,44.45],[-122.89,44.46],[-122.89,44.47],[-122.9,44.47],[-122.91,44.47],[-122.92,44.47],[-122.92,44.46],[-122.93,44.46],[-122.94,44.46],[-122.95,44.46],[-122.95,44.45],[-122.94,44.44],[-122.93,44.44],[-122.92,44.44],[-122.91,44.44],[-122.91,44.43],[-122.92,44.43],[-122.93,44.43],[-122.94,44.43],[-122.94,44.42],[-122.95,44.42],[-122.96,44.42],[-122.96,44.41],[-122.95,44.4],[-122.94,44.4],[-122.94,44.41],[-122.93,44.42],[-122.92,44.42],[-122.92,44.41],[-122.91,44.41],[-122.9,44.4],[-122.89,44.39],[-122.88,44.39],[-122.88,44.38],[-122.87,44.38],[-122.86,44.38],[-122.86,44.37],[-122.85,44.37],[-122.82,44.37],[-122.82,44.34],[-122.84,44.34],[-122.86,44.34],[-122.87,44.34],[-122.88,44.34],[-122.89,44.35],[-122.89,44.36],[-122.9,44.35],[-122.91,44.35],[-122.94,44.34],[-122.95,44.34],[-122.96,44.34],[-122.97,44.34],[-122.97,44.33],[-122.97,44.32]],[[-122.83,44.45],[-122.82,44.44],[-122.82,44.45],[-122.83,44.45]]],[[[-122.67,44.68],[-122.66,44.68],[-122.66,44.67],[-122.67,44.67],[-122.67,44.68]]],[[[-122.92,44.46],[-122.91,44.46],[-122.9,44.46],[-122.91,44.45],[-122.92,44.46]]]]}},
{"type":"Feature","properties":{"ugc":"ORZ118","name":"Lane County Lowlands","state":"OR","wfo":"PQR"},"geometry":{"type":"MultiPolygon","coordinates":[[[[-123.5,44.13],[-123.49,44.13],[-123.49,44.14],[-123.49,44.15],[-123.48,44.15],[-123.48,44.14],[-123.47,44.14],[-123.47,44.15],[-123.46,44.15],[-123.45,44.15],[-123.44,44.16],[-123.45,44.16],[-123.46,44.16],[-123.46,44.17],[-123.45,44.17],[-123.46,44.18],[-123.46,44.19],[-123.45,44.19],[-123.45,44.2],[-123.44,44.2],[-123.44,44.19],[-123.44,44.18],[-123.44,44.17],[-123.43,44.17],[-123.43,44.18],[-123.43,44.19],[-123.43,44.2],[-123.42,44.2],[-123.41,44.2],[-123.41,44.19],[-123.4,44.19],[-123.4,44.2],[-123.39,44.2],[-123.39,44.21],[-123.4,44.21],[-123.41,44.21],[-123.42,44.21],[-123.42,44.22],[-123.41,44.22],[-123.41,44.23],[-123.41,44.24],[-123.41,44.25],[-123.42,44.25],[-123.41,44.26],[-123.41,44.27],[-123.42,44.27],[-123.42,44.28],[-123.41,44.28],[-123.4,44.28],[-123.39,44.28],[-123.38,44.28],[-123.18,44.28],[-123.17,44.27],[-123.17,44.26],[-123.18,44.26],[-123.18,44.25],[-123.17,44.25],[-123.17,44.24],[-123.16,44.23],[-123.15,44.23],[-123.15,44.22],[-123.16,44.22],[-123.16,44.21],[-123.17,44.2],[-123.06,44.2],[-123.05,44.2],[-123.02,44.2],[-123.02,44.19],[-123.02,44.18],[-123.02,44.17],[-123.02,44.16],[-123.01,44.15],[-123.0,44.15],[-123.0,44.14],[-123.01,44.13],[-123.02,44.13],[-123.02,44.12],[-123.03,44.12],[-123.03,44.11],[-123.02,44.1],[-123.01,44.1],[-123.0,44.1],[-123.0,44.09],[-122.99,44.09],[-122.99,44.1],[-122.98,44.09],[-122.98,44.1],[-122.97,44.09],[-122.97,44.1],[-122.97,44.11],[-122.96,44.11],[-122.96,44.12],[-122.95,44.12],[-122.95,44.13],[-122.94,44.13],[-122.94,44.14],[-122.91,44.16],[-122.91,44.17],[-122.87,44.18],[-122.87,44.19],[-122.86,44.19],[-122.86,44.2],[-122.85,44.2],[-122.83,44.22],[-122.83,44.23],[-122.81,44.22],[-122.81,44.21],[-122.81,44.2],[-122.82,44.18],[-122.85,44.16],[-122.86,44.16],[-122.87,44.15],[-122.87,44.14],[-122.88,44.14],[-122.88,44.13],[-122.89,44.12],[-122.9,44.12],[-122.91,44.12],[-122.91,44.11],[-122.92,44.11],[-122.91,44.1],[-122.92,44.1],[-122.93,44.09],[-122.94,44.09],[-122.95,44.08],[-122.94,44.08],[-122.93,44.08],[-122.92,44.08],[-122.91,44.08],[-122.9,44.08],[-122.89,44.08],[-122.84,44.08],[-122.83,44.08],[-122.82,44.08],[-122.81,44.08],[-122.8,44.08],[-122.8,44.05],[-122.81,44.05],[-122.82,44.05],[-122.83,44.04],[-122.84,44.04],[-122.85,44.05],[-122.86,44.05],[-122.87,44.05],[-122.88,44.04],[-122.89,44.04],[-122.9,44.04],[-122.9,44.03],[-122.9,44.02],[-122.89,44.02],[-122.89,44.01],[-122.88,43.98],[-122.87,43.98],[-122.86,43.98],[-122.85,43.97],[-122.84,43.98],[-122.83,43.97],[-122.82,43.97],[-122.81,43.97],[-122.78,43.93],[-122.77,43.92],[-122.76,43.91],[-122.77,43.91],[-122.77,43.9],[-122.78,43.9],[-122.79,43.9],[-122.79,43.91],[-122.8,43.91],[-122.81,43.91],[-122.84,43.91],[-122.87,43.94],[-122.88,43.94],[-122.89,43.94],[-122.9,43.94],[-122.9,43.93],[-122.9,43.92],[-122.91,43.92],[-122.92,43.92],[-122.93,43.92],[-122.93,43.91],[-122.93,43.9],[-122.94,43.89],[-122.95,43.89],[-122.96,43.9],[-122.97,43.9],[-122.98,43.9],[-122.99,43.9],[-122.99,43.89],[-123.0,43.89],[-123.0,43.88],[-123.0,43.87],[-123.01,43.87],[-123.01,43.86],[-123.01,43.85],[-123.0,43.84],[-122.99,43.84],[-122.99,43.83],[-123.0,43.83],[-123.0,43.82],[-123.01,43.82],[-123.01,43.81],[-123.02,43.81],[-123.02,43.8],[-123.01,43.8],[-123.01,43.77],[-123.02,43.77],[-123.03,43.77],[-123.03,43.78],[-123.04,43.78],[-123.04,43.79],[-123.05,43.79],[-123.05,43.78],[-123.05,43.77],[-123.05,43.76],[-123.09,43.75],[-123.12,43.75],[-123.13,43.75],[-123.14,43.75],[-123.14,43.76],[-123.13,43.76],[-123.12,43.76],[-123.12,43.77],[-123.11,43.77],[-123.1,43.77],[-123.09,43.77],[-123.09,43.78],[-123.1,43.78],[-123.1,43.79],[-123.11,43.79],[-123.11,43.8],[-123.11,43.81],[-123.12,43.81],[-123.13,43.81],[-123.14,43.81],[-123.14,43.82],[-123.14,43.83],[-123.15,43.83],[-123.15,43.84],[-123.14,43.84],[-123.13,43.84],[-123.13,43.85],[-123.12,43.85],[-123.12,43.84],[-123.12,43.83],[-123.11,43.83],[-123.11,43.82],[-123.1,43.82],[-123.1,43.81],[-123.09,43.81],[-123.09,43.82],[-123.09,43.83],[-123.08,43.83],[-123.08,43.82],[-123.07,43.82],[-123.06,43.81],[-123.06,43.82],[-123.06,43.83],[-123.05,43.84],[-123.06,43.84],[-123.06,43.85],[-123.07,43.85],[-123.08,43.85],[-123.08,43.86],[-123.09,43.86],[-123.1,43.86],[-123.11,43.87],[-123.11,43.88],[-123.11,43.89],[-123.1,43.88],[-123.09,43.88],[-123.08,43.88],[-123.07,43.88],[-123.06,43.88],[-123.06,43.89],[-123.07,43.89],[-123.07,43.9],[-123.07,43.91],[-123.08,43.91],[-123.09,43.91],[-123.09,43.9],[-123.1,43.91],[-123.11,43.91],[-123.12,43.91],[-123.13,43.91],[-123.14,43.91],[-123.14,43.9],[-123.13,43.9],[-123.12,43.9],[-123.13,43.89],[-123.13,43.88],[-123.14,43.88],[-123.14,43.89],[-123.15,43.89],[-123.16,43.88],[-123.16,43.89],[-123.16,43.9],[-123.15,43.91],[-123.16,43.91],[-123.16,43.92],[-123.16,43.93],[-123.15,43.94],[-123.16,43.94],[-123.17,43.94],[-123.17,43.93],[-123.17,43.92],[-123.18,43.93],[-123.18,43.94],[-123.19,43.94],[-123.19,43.93],[-123.2,43.93],[-123.21,43.93],[-123.22,43.93],[-123.31,43.93],[-123.32,43.93],[-123.32,43.94],[-123.33,43.94],[-123.34,43.94],[-123.34,43.95],[-123.35,43.95],[-123.36,43.95],[-123.36,43.96],[-123.36,43.97],[-123.37,43.97],[-123.37,43.98],[-123.38,43.98],[-123.39,43.98],[-123.4,43.98],[-123.41,43.98],[-123.42,43.98],[-123.42,43.99],[-123.43,44.0],[-123.44,44.0],[-123.44,44.01],[-123.45,44.01],[-123.46,44.01],[-123.47,44.03],[-123.47,44.04],[-123.47,44.05],[-123.48,44.05],[-123.48,44.06],[-123.48,44.08],[-123.48,44.09],[-123.49,44.09],[-123.5,44.1],[-123.5,44.11],[-123.51,44.11],[-123.51,44.12],[-123.5,44.12],[-123.5,44.13]],[[-123.44,44.16],[-123.44,44.15],[-123.43,44.15],[-123.43,44.16],[-123.44,44.16]],[[-123.06,43.82],[-123.05,43.81],[-123.05,43.82],[-123.06,43.82]],[[-123.36,43.97],[-123.35,43.97],[-123.36,43.98],[-123.36,43.97]],[[-123.47,44.05],[-123.46,44.06],[-123.47,44.06],[-123.47,44.05]]],[[[-123.06,43.84],[-123.06,43.83],[-123.07,43.83],[-123.07,43.84],[-123.06,43.84]]],[[[-123.43,44.2],[-123.44,44.2],[-123.44,44.21],[-123.43,44.21],[-123.43,44.2]]],[[[-123.46,44.19],[-123.47,44.19],[-123.47,44.2],[-123.46,44.2],[-123.46,44.19]]],[[[-123.47,44.2],[-123.48,44.2],[-123.48,44.21],[-123.47,44.21],[-123.47,44.2]]]]}},
{"type":"Feature","properties":{"ugc":"ORZ119","name":"West Columbia River Gorge of Oregon above 500 ft","state":"OR","wfo":"PQR"},"geometry":{"type":"MultiPolygon","coordinates":[[[[-122.33,45.53],[-122.32,45.53],[-122.31,45.53],[-122.3,45.53],[-122.3,45.54],[-122.29,45.54],[-122.28,45.54],[-122.27,45.54],[-122.26,45.54],[-122.25,45.54],[-122.24,45.54],[-122.23,45.53],[-122.23,45.54],[-122.22,45.54],[-122.21,45.54],[-122.2,45.54],[-122.2,45.55],[-122.19,45.55],[-122.18,45.55],[-122.18,45.56],[-122.17,45.56],[-122.16,45.56],[-122.16,45.57],[-122.15,45.57],[-122.14,45.57],[-122.13,45.57],[-122.12,45.58],[-122.11,45.58],[-122.1,45.58],[-122.09,45.58],[-122.09,45.59],[-122.08,45.59],[-122.07,45.59],[-122.06,45.59],[-122.05,45.59],[-122.04,45.6],[-122.03,45.6],[-122.02,45.6],[-122.02,45.61],[-122.01,45.61],[-122.0,45.61],[-121.99,45.61],[-121.99,45.62],[-121.98,45.62],[-121.97,45.62],[-121.97,45.63],[-121.96,45.63],[-121.95,45.62],[-121.95,45.63],[-121.94,45.63],[-121.94,45.64],[-121.93,45.64],[-121.92,45.64],[-121.91,45.65],[-121.9,45.65],[-121.9,45.66],[-121.89,45.66],[-121.88,45.67],[-121.87,45.67],[-121.86,45.67],[-121.85,45.67],[-121.84,45.68],[-121.83,45.68],[-121.83,45.69],[-121.82,45.69],[-121.8,45.68],[-121.81,45.68],[-121.81,45.67],[-121.8,45.67],[-121.81,45.66],[-121.8,45.66],[-121.8,45.65],[-121.79,45.65],[-121.79,45.64],[-121.8,45.64],[-121.81,45.65],[-121.81,45.64],[-121.81,45.63],[-121.82,45.63],[-121.83,45.64],[-121.83,45.65],[-121.83,45.66],[-121.83,45.67],[-121.84,45.67],[-121.84,45.66],[-121.85,45.66],[-121.85,45.65],[-121.86,45.65],[-121.87,45.65],[-121.88,45.65],[-121.88,45.64],[-121.88,45.63],[-121.87,45.63],[-121.87,45.62],[-121.87,45.61],[-121.86,45.61],[-121.86,45.6],[-121.85,45.6],[-121.85,45.59],[-121.84,45.59],[-121.83,45.59],[-121.83,45.58],[-121.84,45.58],[-121.86,45.58],[-121.87,45.58],[-121.88,45.58],[-121.88,45.57],[-121.89,45.57],[-121.89,45.58],[-121.89,45.59],[-121.89,45.6],[-121.9,45.6],[-121.9,45.61],[-121.91,45.61],[-121.92,45.62],[-121.92,45.63],[-121.93,45.63],[-121.93,45.62],[-121.94,45.62],[-121.94,45.61],[-121.93,45.61],[-121.93,45.6],[-121.93,45.59],[-121.94,45.59],[-121.94,45.58],[-121.93,45.57],[-121.93,45.56],[-121.94,45.56],[-121.95,45.56],[-121.95,45.57],[-121.96,45.57],[-121.96,45.58],[-121.96,45.59],[-121.95,45.59],[-121.96,45.6],[-121.97,45.6],[-121.98,45.61],[-121.98,45.6],[-121.99,45.59],[-121.99,45.6],[-122.0,45.6],[-122.01,45.59],[-122.02,45.59],[-122.03,45.59],[-122.03,45.58],[-122.04,45.58],[-122.04,45.57],[-122.05,45.57],[-122.05,45.56],[-122.06,45.56],[-122.07,45.56],[-122.08,45.56],[-122.09,45.56],[-122.1,45.56],[-122.11,45.56],[-122.11,45.55],[-122.12,45.55],[-122.12,45.54],[-122.12,45.53],[-122.12,45.52],[-122.12,45.51],[-122.11,45.51],[-122.11,45.5],[-122.1,45.5],[-122.09,45.5],[-122.08,45.5],[-122.08,45.51],[-122.07,45.51],[-122.06,45.51],[-122.05,45.51],[-122.04,45.51],[-122.02,45.52],[-122.01,45.52],[-122.01,45.51],[-122.01,45.48],[-122.02,45.48],[-122.03,45.47],[-122.03,45.46],[-122.07,45.46],[-122.1,45.46],[-122.23,45.46],[-122.26,45.46],[-122.27,45.47],[-122.28,45.47],[-122.28,45.48],[-122.28,45.49],[-122.27,45.49],[-122.27,45.5],[-122.28,45.5],[-122.28,45.51],[-122.29,45.51],[-122.3,45.51],[-122.31,45.51],[-122.31,45.52],[-122.32,45.52],[-122.33,45.52],[-122.33,45.53]],[[-121.92,45.64],[-121.91,45.63],[-121.91,45.64],[-121.92,45.64]],[[-121.88,45.64],[-121.89,45.65],[-121.89,45.64],[-121.88,45.64]],[[-121.91,45.61],[-121.9,45.62],[-121.91,45.62],[-121.91,45.61]],[[-122.04,45.58],[-122.04,45.59],[-122.05,45.58],[-122.04,45.58]]],[[[-122.33,45.53],[-122.34,45.53],[-122.34,45.52],[-122.35,45.52],[-122.35,45.53],[-122.36,45.53],[-122.37,45.53],[-122.37,45.54],[-122.36,45.54],[-122.35,45.54],[-122.34,45.54],[-122.33,45.54],[-122.33,45.53]]]]}},
{"type":"Feature","properties":{"ugc":"ORZ120","name":"West Columbia River Gorge I-84 Corridor","state":"OR","wfo":"PQR"},"geometry":{"type":"MultiPolygon","coordinates":[[[[-122.3,45.54],[-122.3,45.53],[-122.31,45.53],[-122.31,45.55],[-122.3,45.54]]],[[[-122.26,45.54],[-122.25,45.55],[-122.2,45.56],[-122.18,45.58],[-122.14,45.58],[-122.13,45.58],[-122.12,45.58],[-122.13,45.57],[-122.14,45.57],[-122.15,45.57],[-122.16,45.57],[-122.16,45.56],[-122.17,45.56],[-122.18,45.56],[-122.18,45.55],[-122.19,45.55],[-122.2,45.55],[-122.2,45.54],[-122.21,45.54],[-122.22,45.54],[-122.23,45.54],[-122.23,45.53],[-122.24,45.54],[-122.25,45.54],[-122.26,45.54]]],[[[-122.1,45.58],[-122.09,45.585],[-122.09,45.58],[-122.1,45.58]]],[[[-122.08,45.59],[-122.04,45.61],[-122.02,45.62],[-122.0,45.62],[-121.99,45.62],[-121.99,45.61],[-122.0,45.61],[-122.01,45.61],[-122.02,45.61],[-122.02,45.6],[-122.03,45.6],[-122.04,45.6],[-122.05,45.59],[-122.06,45.59],[-122.07,45.59],[-122.08,45.59]]],[[[-121.98,45.62],[-121.97,45.625],[-121.97,45.62],[-121.98,45.62]]],[[[-121.96,45.63],[-121.95,45.64],[-121.94,45.64],[-121.94,45.63],[-121.95,45.63],[-121.95,45.62],[-121.96,45.63]]],[[[-121.94,45.64],[-121.91,45.65],[-121.92,45.64],[-121.93,45.64],[-121.94,45.64]]],[[[-121.91,45.65],[-121.9,45.66],[-121.9,45.65],[-121.91,45.65]]],[[[-121.92,45.64],[-121.91,45.64],[-121.91,45.63],[-121.92,45.64]]],[[[-121.9,45.66],[-121.9,45.67],[-121.88,45.69],[-121.87,45.69],[-121.83,45.7],[-121.82,45.69],[-121.83,45.69],[-121.83,45.68],[-121.84,45.68],[-121.85,45.67],[-121.86,45.67],[-121.87,45.67],[-121.88,45.67],[-121.89,45.66],[-121.9,45.66]]]]}},
{"type":"Feature","properties":{"ugc":"ORZ121","name":"Upper Hood River Valley","state":"OR","wfo":"PQR"},"geometry":{"type":"MultiPolygon","coordinates":[[[[-121.77,45.69],[-121.76,45.69],[-121.75,45.69],[-121.74,45.69],[-121.73,45.69],[-121.72,45.69],[-121.71,45.69],[-121.7,45.68],[-121.7,45.69],[-121.69,45.69],[-121.68,45.69],[-121.67,45.69],[-121.66,45.69],[-121.66,45.7],[-121.65,45.7],[-121.64,45.7],[-121.63,45.7],[-121.62,45.7],[-121.61,45.7],[-121.6,45.7],[-121.59,45.7],[-121.58,45.71],[-121.57,45.71],[-121.56,45.71],[-121.56,45.7],[-121.55,45.7],[-121.54,45.7],[-121.53,45.7],[-121.53,45.69],[-121.52,45.69],[-121.52,45.68],[-121.52,45.67],[-121.51,45.67],[-121.51,45.68],[-121.5,45.68],[-121.5,45.69],[-121.5,45.7],[-121.49,45.7],[-121.48,45.7],[-121.47,45.7],[-121.46,45.7],[-121.46,45.69],[-121.45,45.69],[-121.44,45.69],[-121.44,45.67],[-121.44,45.64],[-121.44,45.62],[-121.44,45.61],[-121.44,45.59],[-121.45,45.59],[-121.45,45.6],[-121.46,45.6],[-121.47,45.6],[-121.47,45.59],[-121.48,45.59],[-121.48,45.58],[-121.49,45.58],[-121.49,45.57],[-121.5,45.57],[-121.51,45.57],[-121.51,45.58],[-121.52,45.58],[-121.52,45.57],[-121.52,45.56],[-121.53,45.56],[-121.54,45.56],[-121.54,45.55],[-121.54,45.54],[-121.55,45.54],[-121.55,45.53],[-121.54,45.53],[-121.55,45.52],[-121.54,45.51],[-121.55,45.51],[-121.55,45.5],[-121.55,45.49],[-121.56,45.49],[-121.56,45.48],[-121.56,45.47],[-121.56,45.46],[-121.57,45.46],[-121.58,45.46],[-121.58,45.47],[-121.59,45.47],[-121.6,45.47],[-121.61,45.47],[-121.61,45.48],[-121.61,45.49],[-121.62,45.49],[-121.62,45.48],[-121.63,45.48],[-121.63,45.49],[-121.64,45.49],[-121.65,45.49],[-121.64,45.5],[-121.64,45.51],[-121.65,45.51],[-121.65,45.52],[-121.66,45.52],[-121.67,45.52],[-121.67,45.53],[-121.66,45.53],[-121.66,45.54],[-121.67,45.54],[-121.68,45.54],[-121.69,45.54],[-121.7,45.54],[-121.7,45.53],[-121.71,45.53],[-121.71,45.52],[-121.72,45.53],[-121.72,45.52],[-121.73,45.52],[-121.74,45.55],[-121.73,45.55],[-121.73,45.56],[-121.72,45.56],[-121.71,45.56],[-121.7,45.57],[-121.69,45.57],[-121.68,45.57],[-121.68,45.58],[-121.69,45.58],[-121.69,45.59],[-121.7,45.59],[-121.71,45.59],[-121.71,45.6],[-121.7,45.6],[-121.7,45.61],[-121.69,45.61],[-121.69,45.6],[-121.68,45.6],[-121.68,45.61],[-121.68,45.62],[-121.67,45.62],[-121.66,45.62],[-121.66,45.63],[-121.65,45.63],[-121.65,45.64],[-121.65,45.65],[-121.65,45.66],[-121.66,45.66],[-121.66,45.67],[-121.67,45.67],[-121.67,45.68],[-121.68,45.68],[-121.68,45.67],[-121.69,45.67],[-121.7,45.67],[-121.7,45.66],[-121.71,45.67],[-121.72,45.67],[-121.73,45.66],[-121.74,45.66],[-121.74,45.67],[-121.75,45.67],[-121.75,45.68],[-121.76,45.68],[-121.76,45.67],[-121.77,45.67],[-121.77,45.66],[-121.78,45.66],[-121.78,45.67],[-121.78,45.68],[-121.79,45.68],[-121.8,45.68],[-121.82,45.69],[-121.81,45.7],[-121.81,45.69],[-121.8,45.69],[-121.79,45.69],[-121.78,45.69],[-121.77,45.69]],[[-121.52,45.67],[-121.53,45.67],[-121.54,45.66],[-121.53,45.66],[-121.52,45.66],[-121.52,45.67]],[[-121.54,45.66],[-121.55,45.66],[-121.56,45.65],[-121.55,45.65],[-121.54,45.65],[-121.54,45.66]],[[-121.65,45.66],[-121.64,45.66],[-121.64,45.67],[-121.65,45.67],[-121.65,45.66]]]]}},
{"type":"Feature","properties":{"ugc":"ORZ122","name":"Central Columbia River Gorge I-84 Corridor","state":"OR","wfo":"PQR"},"geometry":{"type":"MultiPolygon","coordinates":[[[[-121.77,45.69],[-121.78,45.69],[-121.79,45.69],[-121.8,45.69],[-121.81,45.69],[-121.81,45.7],[-121.82,45.69],[-121.83,45.7],[-121.81,45.71],[-121.78,45.7],[-121.74,45.69],[-121.75,45.69],[-121.76,45.69],[-121.77,45.69]]],[[[-121.71,45.69],[-121.67,45.71],[-121.63,45.7],[-121.64,45.7],[-121.65,45.7],[-121.66,45.7],[-121.66,45.69],[-121.67,45.69],[-121.68,45.69],[-121.69,45.69],[-121.7,45.69],[-121.7,45.68],[-121.71,45.69]]],[[[-121.63,45.7],[-121.63,45.71],[-121.53,45.73],[-121.52,45.72],[-121.51,45.72],[-121.5,45.72],[-121.49,45.72],[-121.48,45.71],[-121.47,45.7],[-121.48,45.7],[-121.49,45.7],[-121.5,45.7],[-121.5,45.69],[-121.5,45.68],[-121.51,45.68],[-121.51,45.67],[-121.52,45.67],[-121.52,45.68],[-121.52,45.69],[-121.53,45.69],[-121.53,45.7],[-121.54,45.7],[-121.55,45.7],[-121.56,45.7],[-121.56,45.71],[-121.57,45.71],[-121.58,45.71],[-121.59,45.7],[-121.6,45.7],[-121.61,45.7],[-121.62,45.7],[-121.63,45.7]]],[[[-121.52,45.67],[-121.52,45.66],[-121.53,45.66],[-121.54,45.66],[-121.53,45.67],[-121.52,45.67]]],[[[-121.54,45.66],[-121.54,45.65],[-121.55,45.65],[-121.56,45.65],[-121.55,45.66],[-121.54,45.66]]],[[[-121.46,45.7],[-121.44,45.7],[-121.44,45.69],[-121.45,45.69],[-121.46,45.69],[-121.46,45.7]]]]}},
{"type":"Feature","properties":{"ugc":"ORZ123","name":"Clackamas County Cascade Foothills","state":"OR","wfo":"PQR"},"geometry":{"type":"MultiPolygon","coordinates":[[[[-122.59,44.99],[-122.59,45.0],[-122.59,45.01],[-122.6,45.01],[-122.6,45.02],[-122.61,45.02],[-122.62,45.02],[-122.62,45.03],[-122.63,45.03],[-122.62,45.04],[-122.62,45.05],[-122.62,45.06],[-122.61,45.06],[-122.58,45.07],[-122.57,45.07],[-122.57,45.08],[-122.56,45.08],[-122.56,45.09],[-122.55,45.09],[-122.54,45.09],[-122.53,45.09],[-122.53,45.08],[-122.52,45.09],[-122.5,45.1],[-122.5,45.11],[-122.49,45.11],[-122.49,45.12],[-122.48,45.12],[-122.48,45.13],[-122.47,45.13],[-122.46,45.14],[-122.45,45.14],[-122.45,45.15],[-122.44,45.14],[-122.44,45.15],[-122.43,45.15],[-122.42,45.15],[-122.41,45.15],[-122.4,45.16],[-122.4,45.17],[-122.39,45.17],[-122.39,45.18],[-122.38,45.18],[-122.37,45.18],[-122.37,45.19],[-122.38,45.19],[-122.39,45.19],[-122.39,45.2],[-122.4,45.2],[-122.41,45.2],[-122.42,45.2],[-122.42,45.21],[-122.43,45.21],[-122.44,45.2],[-122.44,45.21],[-122.45,45.21],[-122.45,45.22],[-122.46,45.22],[-122.46,45.23],[-122.47,45.23],[-122.47,45.24],[-122.47,45.25],[-122.46,45.25],[-122.47,45.26],[-122.46,45.26],[-122.45,45.27],[-122.44,45.27],[-122.44,45.28],[-122.43,45.27],[-122.42,45.27],[-122.41,45.27],[-122.4,45.27],[-122.39,45.26],[-122.39,45.25],[-122.38,45.25],[-122.37,45.25],[-122.37,45.24],[-122.38,45.23],[-122.37,45.22],[-122.36,45.23],[-122.36,45.24],[-122.35,45.24],[-122.35,45.25],[-122.36,45.25],[-122.36,45.26],[-122.35,45.26],[-122.34,45.26],[-122.34,45.27],[-122.33,45.27],[-122.32,45.27],[-122.32,45.26],[-122.31,45.26],[-122.3,45.25],[-122.31,45.25],[-122.31,45.24],[-122.3,45.24],[-122.29,45.24],[-122.28,45.24],[-122.27,45.24],[-122.27,45.25],[-122.28,45.25],[-122.29,45.25],[-122.29,45.26],[-122.3,45.27],[-122.3,45.28],[-122.29,45.29],[-122.29,45.3],[-122.29,45.31],[-122.28,45.3],[-122.27,45.3],[-122.27,45.31],[-122.26,45.32],[-122.27,45.33],[-122.28,45.33],[-122.29,45.33],[-122.29,45.34],[-122.28,45.34],[-122.28,45.35],[-122.29,45.35],[-122.29,45.36],[-122.28,45.36],[-122.28,45.37],[-122.28,45.38],[-122.27,45.38],[-122.27,45.39],[-122.26,45.38],[-122.26,45.39],[-122.26,45.4],[-122.25,45.4],[-122.24,45.39],[-122.23,45.39],[-122.22,45.39],[-122.22,45.41],[-122.22,45.43],[-122.22,45.44],[-122.23,45.44],[-122.23,45.45],[-122.22,45.45],[-122.22,45.46],[-122.1,45.46],[-122.07,45.46],[-122.02,45.46],[-122.02,45.45],[-122.03,45.45],[-122.04,45.45],[-122.05,45.45],[-122.05,45.44],[-122.06,45.44],[-122.06,45.43],[-122.06,45.42],[-122.05,45.42],[-122.05,45.41],[-122.04,45.41],[-122.03,45.41],[-122.03,45.4],[-122.02,45.4],[-122.01,45.4],[-122.01,45.39],[-122.0,45.39],[-121.99,45.38],[-121.98,45.38],[-121.98,45.37],[-121.97,45.37],[-121.96,45.37],[-121.96,45.36],[-121.95,45.36],[-121.95,45.37],[-121.94,45.37],[-121.94,45.38],[-121.93,45.38],[-121.9,45.39],[-121.88,45.39],[-121.87,45.39],[-121.86,45.4],[-121.85,45.4],[-121.85,45.39],[-121.84,45.39],[-121.83,45.39],[-121.83,45.38],[-121.84,45.38],[-121.85,45.38],[-121.86,45.38],[-121.87,45.37],[-121.88,45.37],[-121.89,45.37],[-121.9,45.36],[-121.91,45.36],[-121.92,45.36],[-121.92,45.35],[-121.91,45.35],[-121.91,45.34],[-121.9,45.34],[-121.9,45.33],[-121.9,45.32],[-121.89,45.32],[-121.89,45.31],[-121.88,45.31],[-121.87,45.31],[-121.86,45.31],[-121.85,45.31],[-121.84,45.31],[-121.84,45.3],[-121.85,45.3],[-121.86,45.3],[-121.88,45.29],[-121.89,45.29],[-121.9,45.29],[-121.9,45.3],[-121.91,45.3],[-121.91,45.31],[-121.92,45.31],[-121.92,45.32],[-121.92,45.33],[-121.93,45.33],[-121.94,45.33],[-121.94,45.32],[-121.93,45.31],[-121.93,45.3],[-121.93,45.29],[-121.93,45.28],[-121.93,45.27],[-121.93,45.26],[-121.94,45.26],[-121.94,45.25],[-121.95,45.27],[-121.95,45.28],[-121.95,45.29],[-121.95,45.3],[-121.95,45.31],[-121.97,45.32],[-121.97,45.33],[-121.98,45.33],[-121.99,45.33],[-122.0,45.33],[-122.0,45.34],[-122.01,45.34],[-122.01,45.35],[-122.04,45.36],[-122.05,45.36],[-122.06,45.36],[-122.07,45.36],[-122.07,45.35],[-122.08,45.35],[-122.08,45.34],[-122.09,45.34],[-122.1,45.34],[-122.1,45.33],[-122.11,45.32],[-122.1,45.32],[-122.1,45.31],[-122.11,45.31],[-122.11,45.3],[-122.11,45.29],[-122.12,45.28],[-122.12,45.27],[-122.13,45.27],[-122.14,45.26],[-122.15,45.26],[-122.14,45.25],[-122.15,45.25],[-122.15,45.24],[-122.15,45.23],[-122.16,45.23],[-122.15,45.22],[-122.15,45.21],[-122.15,45.2],[-122.16,45.2],[-122.16,45.19],[-122.16,45.18],[-122.15,45.18],[-122.15,45.17],[-122.14,45.17],[-122.14,45.18],[-122.13,45.18],[-122.12,45.18],[-122.12,45.17],[-122.1,45.16],[-122.09,45.15],[-122.08,45.15],[-122.08,45.14],[-122.07,45.14],[-122.07,45.13],[-122.06,45.13],[-122.06,45.12],[-122.05,45.12],[-122.05,45.11],[-122.05,45.1],[-122.04,45.1],[-122.03,45.1],[-122.02,45.1],[-122.01,45.1],[-122.01,45.09],[-122.0,45.09],[-121.99,45.09],[-121.98,45.09],[-121.98,45.08],[-121.98,45.07],[-121.99,45.07],[-122.0,45.07],[-122.0,45.06],[-122.01,45.06],[-122.01,45.07],[-122.02,45.07],[-122.02,45.06],[-122.02,45.05],[-122.02,45.04],[-122.02,45.03],[-122.04,45.02],[-122.08,45.01],[-122.08,45.02],[-122.09,45.03],[-122.09,45.04],[-122.09,45.05],[-122.1,45.05],[-122.1,45.06],[-122.1,45.07],[-122.09,45.07],[-122.09,45.08],[-122.1,45.08],[-122.1,45.09],[-122.09,45.09],[-122.09,45.1],[-122.09,45.11],[-122.08,45.11],[-122.08,45.12],[-122.09,45.12],[-122.09,45.13],[-122.1,45.13],[-122.1,45.14],[-122.11,45.14],[-122.12,45.14],[-122.12,45.15],[-122.13,45.16],[-122.13,45.15],[-122.14,45.15],[-122.14,45.14],[-122.16,45.15],[-122.17,45.15],[-122.17,45.16],[-122.18,45.16],[-122.18,45.17],[-122.19,45.17],[-122.19,45.16],[-122.19,45.15],[-122.19,45.14],[-122.2,45.14],[-122.2,45.15],[-122.2,45.16],[-122.21,45.16],[-122.21,45.17],[-122.22,45.17],[-122.25,45.18],[-122.25,45.17],[-122.26,45.17],[-122.26,45.18],[-122.27,45.18],[-122.27,45.17],[-122.28,45.16],[-122.28,45.15],[-122.29,45.15],[-122.29,45.16],[-122.3,45.16],[-122.31,45.16],[-122.31,45.15],[-122.32,45.15],[-122.33,45.15],[-122.34,45.14],[-122.34,45.15],[-122.35,45.15],[-122.35,45.14],[-122.36,45.14],[-122.36,45.13],[-122.36,45.12],[-122.35,45.12],[-122.34,45.12],[-122.34,45.11],[-122.35,45.11],[-122.36,45.11],[-122.37,45.11],[-122.38,45.11],[-122.39,45.08],[-122.39,45.07],[-122.4,45.08],[-122.4,45.07],[-122.4,45.06],[-122.4,45.05],[-122.39,45.05],[-122.39,45.04],[-122.4,45.04],[-122.41,45.04],[-122.41,45.03],[-122.41,45.02],[-122.42,45.02],[-122.42,45.01],[-122.43,45.01],[-122.43,45.0],[-122.44,45.0],[-122.45,45.01],[-122.45,45.0],[-122.46,45.0],[-122.46,44.99],[-122.45,44.99],[-122.45,44.98],[-122.44,44.98],[-122.44,44.97],[-122.43,44.97],[-122.43,44.98],[-122.42,44.97],[-122.41,44.97],[-122.41,44.98],[-122.39,44.97],[-122.38,44.97],[-122.38,44.96],[-122.37,44.96],[-122.37,44.95],[-122.36,44.95],[-122.35,44.95],[-122.34,44.94],[-122.33,44.94],[-122.33,44.93],[-122.32,44.93],[-122.33,44.92],[-122.32,44.92],[-122.32,44.91],[-122.33,44.91],[-122.33,44.9],[-122.34,44.9],[-122.34,44.91],[-122.35,44.91],[-122.36,44.91],[-122.36,44.92],[-122.36,44.93],[-122.37,44.93],[-122.38,44.93],[-122.38,44.94],[-122.39,44.94],[-122.39,44.95],[-122.4,44.95],[-122.41,44.95],[-122.41,44.94],[-122.42,44.94],[-122.42,44.93],[-122.42,44.92],[-122.43,44.93],[-122.44,44.93],[-122.45,44.93],[-122.46,44.93],[-122.47,44.93],[-122.47,44.94],[-122.48,44.94],[-122.49,44.94],[-122.49,44.95],[-122.5,44.95],[-122.51,44.95],[-122.52,44.95],[-122.53,44.95],[-122.53,44.94],[-122.54,44.94],[-122.54,44.95],[-122.55,44.95],[-122.55,44.96],[-122.56,44.96],[-122.56,44.97],[-122.57,44.97],[-122.57,44.98],[-122.57,44.99],[-122.58,44.99],[-122.59,44.99]],[[-122.39,45.26],[-122.4,45.26],[-122.4,45.25],[-122.39,45.26]],[[-122.26,45.24],[-122.26,45.23],[-122.25,45.22],[-122.25,45.23],[-122.25,45.24],[-122.26,45.24]]],[[[-122.08,45.34],[-122.07,45.34],[-122.07,45.33],[-122.08,45.33],[-122.08,45.34]]],[[[-122.12,45.27],[-122.11,45.27],[-122.11,45.26],[-122.12,45.26],[-122.12,45.27]]]]}},
{"type":"Feature","properties":{"ugc":"ORZ124","name":"Cascade Foothills of Marion and Linn Counties","state":"OR","wfo":"PQR"},"geometry":{"type":"MultiPolygon","coordinates":[[[[-122.97,44.32],[-122.97,44.33],[-122.97,44.34],[-122.96,44.34],[-122.95,44.34],[-122.94,44.34],[-122.91,44.35],[-122.9,44.35],[-122.89,44.36],[-122.89,44.35],[-122.88,44.34],[-122.87,44.34],[-122.86,44.34],[-122.84,44.34],[-122.82,44.34],[-122.82,44.37],[-122.85,44.37],[-122.86,44.37],[-122.86,44.38],[-122.87,44.38],[-122.88,44.38],[-122.88,44.39],[-122.89,44.39],[-122.9,44.4],[-122.91,44.41],[-122.92,44.41],[-122.92,44.42],[-122.93,44.42],[-122.94,44.41],[-122.94,44.4],[-122.95,44.4],[-122.96,44.41],[-122.96,44.42],[-122.95,44.42],[-122.94,44.42],[-122.94,44.43],[-122.93,44.43],[-122.92,44.43],[-122.91,44.43],[-122.91,44.44],[-122.92,44.44],[-122.93,44.44],[-122.94,44.44],[-122.95,44.45],[-122.95,44.46],[-122.94,44.46],[-122.93,44.46],[-122.92,44.46],[-122.92,44.47],[-122.91,44.47],[-122.9,44.47],[-122.89,44.47],[-122.89,44.46],[-122.88,44.45],[-122.87,44.45],[-122.86,44.45],[-122.85,44.45],[-122.85,44.46],[-122.84,44.46],[-122.83,44.46],[-122.82,44.46],[-122.83,44.45],[-122.84,44.45],[-122.84,44.44],[-122.85,44.43],[-122.84,44.42],[-122.84,44.41],[-122.83,44.41],[-122.82,44.41],[-122.81,44.41],[-122.8,44.41],[-122.79,44.41],[-122.78,44.41],[-122.78,44.4],[-122.79,44.4],[-122.78,44.39],[-122.77,44.39],[-122.73,44.38],[-122.69,44.39],[-122.68,44.39],[-122.65,44.4],[-122.61,44.42],[-122.62,44.43],[-122.63,44.44],[-122.63,44.43],[-122.64,44.43],[-122.64,44.42],[-122.65,44.42],[-122.65,44.43],[-122.66,44.43],[-122.66,44.42],[-122.67,44.42],[-122.68,44.42],[-122.69,44.42],[-122.69,44.43],[-122.7,44.43],[-122.71,44.43],[-122.72,44.43],[-122.73,44.43],[-122.74,44.43],[-122.75,44.44],[-122.76,44.44],[-122.76,44.45],[-122.76,44.46],[-122.72,44.49],[-122.72,44.54],[-122.73,44.55],[-122.71,44.65],[-122.73,44.66],[-122.74,44.66],[-122.75,44.66],[-122.75,44.67],[-122.76,44.67],[-122.77,44.67],[-122.77,44.68],[-122.78,44.68],[-122.79,44.68],[-122.79,44.69],[-122.78,44.69],[-122.77,44.69],[-122.76,44.69],[-122.76,44.7],[-122.75,44.7],[-122.74,44.7],[-122.73,44.7],[-122.72,44.7],[-122.72,44.69],[-122.71,44.68],[-122.7,44.68],[-122.7,44.67],[-122.69,44.66],[-122.69,44.67],[-122.68,44.67],[-122.68,44.68],[-122.67,44.68],[-122.67,44.69],[-122.66,44.69],[-122.65,44.69],[-122.65,44.7],[-122.66,44.7],[-122.66,44.71],[-122.65,44.71],[-122.64,44.71],[-122.64,44.73],[-122.64,44.74],[-122.65,44.74],[-122.66,44.74],[-122.66,44.75],[-122.65,44.75],[-122.65,44.76],[-122.66,44.76],[-122.66,44.77],[-122.65,44.77],[-122.64,44.77],[-122.63,44.77],[-122.62,44.77],[-122.61,44.76],[-122.6,44.76],[-122.59,44.76],[-122.58,44.76],[-122.58,44.75],[-122.57,44.75],[-122.56,44.75],[-122.55,44.75],[-122.54,44.75],[-122.53,44.75],[-122.53,44.77],[-122.54,44.77],[-122.55,44.77],[-122.56,44.77],[-122.56,44.78],[-122.57,44.78],[-122.57,44.79],[-122.61,44.8],[-122.62,44.8],[-122.65,44.8],[-122.65,44.79],[-122.66,44.79],[-122.67,44.79],[-122.68,44.8],[-122.67,44.8],[-122.67,44.81],[-122.68,44.81],[-122.69,44.81],[-122.7,44.81],[-122.71,44.81],[-122.71,44.82],[-122.72,44.82],[-122.71,44.83],[-122.7,44.83],[-122.7,44.84],[-122.71,44.84],[-122.71,44.85],[-122.72,44.85],[-122.72,44.86],[-122.72,44.87],[-122.71,44.87],[-122.71,44.88],[-122.71,44.89],[-122.71,44.9],[-122.72,44.9],[-122.72,44.91],[-122.72,44.92],[-122.73,44.92],[-122.73,44.93],[-122.72,44.93],[-122.72,44.94],[-122.72,44.95],[-122.72,44.96],[-122.73,44.97],[-122.73,44.98],[-122.72,44.98],[-122.72,44.99],[-122.71,44.99],[-122.7,45.0],[-122.7,45.01],[-122.69,45.01],[-122.67,45.0],[-122.66,45.01],[-122.65,45.01],[-122.64,45.01],[-122.64,45.02],[-122.64,45.03],[-122.63,45.03],[-122.62,45.03],[-122.62,45.02],[-122.61,45.02],[-122.6,45.02],[-122.6,45.01],[-122.59,45.01],[-122.59,45.0],[-122.59,44.99],[-122.58,44.99],[-122.57,44.99],[-122.57,44.98],[-122.57,44.97],[-122.56,44.97],[-122.56,44.96],[-122.55,44.96],[-122.55,44.95],[-122.54,44.95],[-122.54,44.94],[-122.53,44.94],[-122.53,44.93],[-122.53,44.92],[-122.53,44.91],[-122.52,44.91],[-122.52,44.9],[-122.52,44.89],[-122.51,44.89],[-122.5,44.89],[-122.49,44.89],[-122.48,44.89],[-122.48,44.88],[-122.48,44.87],[-122.49,44.87],[-122.5,44.87],[-122.51,44.87],[-122.52,44.87],[-122.53,44.86],[-122.54,44.86],[-122.55,44.86],[-122.55,44.85],[-122.56,44.85],[-122.57,44.85],[-122.56,44.84],[-122.56,44.83],[-122.55,44.83],[-122.55,44.82],[-122.54,44.82],[-122.53,44.82],[-122.52,44.82],[-122.52,44.83],[-122.51,44.82],[-122.5,44.82],[-122.49,44.82],[-122.49,44.83],[-122.48,44.83],[-122.47,44.83],[-122.47,44.82],[-122.46,44.82],[-122.46,44.83],[-122.45,44.83],[-122.44,44.83],[-122.44,44.84],[-122.43,44.84],[-122.42,44.84],[-122.41,44.84],[-122.4,44.84],[-122.4,44.85],[-122.39,44.85],[-122.39,44.86],[-122.38,44.86],[-122.38,44.85],[-122.37,44.85],[-122.36,44.82],[-122.37,44.81],[-122.37,44.8],[-122.37,44.79],[-122.38,44.79],[-122.39,44.79],[-122.39,44.78],[-122.38,44.78],[-122.37,44.78],[-122.37,44.77],[-122.36,44.77],[-122.35,44.77],[-122.35,44.78],[-122.34,44.78],[-122.34,44.77],[-122.33,44.77],[-122.32,44.77],[-122.31,44.77],[-122.3,44.77],[-122.3,44.76],[-122.29,44.77],[-122.29,44.76],[-122.28,44.76],[-122.27,44.74],[-122.26,44.74],[-122.26,44.73],[-122.25,44.73],[-122.24,44.73],[-122.24,44.72],[-122.23,44.71],[-122.23,44.7],[-122.22,44.7],[-122.21,44.7],[-122.21,44.71],[-122.2,44.71],[-122.2,44.72],[-122.2,44.73],[-122.19,44.73],[-122.19,44.74],[-122.18,44.74],[-122.17,44.74],[-122.16,44.74],[-122.16,44.75],[-122.15,44.75],[-122.14,44.74],[-122.13,44.74],[-122.13,44.73],[-122.12,44.73],[-122.12,44.72],[-122.11,44.72],[-122.1,44.72],[-122.1,44.71],[-122.09,44.71],[-122.09,44.72],[-122.08,44.72],[-122.08,44.71],[-122.07,44.71],[-122.06,44.7],[-122.05,44.7],[-122.05,44.71],[-122.04,44.71],[-122.04,44.7],[-122.03,44.7],[-122.02,44.7],[-122.02,44.69],[-122.01,44.69],[-122.01,44.7],[-122.0,44.7],[-122.0,44.69],[-121.99,44.69],[-121.99,44.68],[-122.0,44.68],[-122.01,44.68],[-122.02,44.68],[-122.02,44.67],[-122.03,44.67],[-122.04,44.68],[-122.05,44.68],[-122.06,44.68],[-122.07,44.68],[-122.07,44.69],[-122.08,44.69],[-122.09,44.69],[-122.1,44.69],[-122.11,44.7],[-122.11,44.69],[-122.12,44.69],[-122.12,44.7],[-122.12,44.71],[-122.13,44.71],[-122.14,44.71],[-122.15,44.71],[-122.15,44.7],[-122.16,44.7],[-122.17,44.7],[-122.18,44.7],[-122.18,44.69],[-122.19,44.69],[-122.21,44.68],[-122.22,44.68],[-122.23,44.68],[-122.23,44.69],[-122.24,44.69],[-122.26,44.7],[-122.26,44.71],[-122.26,44.72],[-122.27,44.72],[-122.28,44.72],[-122.28,44.73],[-122.28,44.74],[-122.29,44.74],[-122.3,44.74],[-122.31,44.74],[-122.31,44.73],[-122.32,44.73],[-122.33,44.73],[-122.33,44.74],[-122.34,44.74],[-122.35,44.73],[-122.36,44.73],[-122.36,44.72],[-122.38,44.7],[-122.38,44.69],[-122.37,44.65],[-122.38,44.65],[-122.39,44.65],[-122.4,44.65],[-122.41,44.65],[-122.42,44.65],[-122.43,44.65],[-122.44,44.65],[-122.44,44.66],[-122.45,44.66],[-122.46,44.65],[-122.47,44.65],[-122.48,44.65],[-122.49,44.65],[-122.5,44.65],[-122.5,44.66],[-122.51,44.66],[-122.52,44.65],[-122.53,44.65],[-122.53,44.66],[-122.54,44.66],[-122.55,44.66],[-122.56,44.66],[-122.57,44.66],[-122.57,44.67],[-122.58,44.67],[-122.59,44.67],[-122.6,44.67],[-122.61,44.67],[-122.61,44.66],[-122.62,44.66],[-122.63,44.66],[-122.63,44.65],[-122.64,44.65],[-122.64,44.64],[-122.63,44.64],[-122.63,44.63],[-122.63,44.62],[-122.63,44.61],[-122.62,44.61],[-122.61,44.61],[-122.6,44.61],[-122.59,44.61],[-122.59,44.6],[-122.58,44.6],[-122.57,44.6],[-122.57,44.61],[-122.56,44.61],[-122.55,44.61],[-122.54,44.61],[-122.54,44.62],[-122.53,44.62],[-122.52,44.62],[-122.52,44.61],[-122.52,44.6],[-122.52,44.59],[-122.53,44.59],[-122.54,44.59],[-122.54,44.58],[-122.53,44.58],[-122.53,44.57],[-122.52,44.57],[-122.52,44.56],[-122.51,44.56],[-122.5,44.55],[-122.49,44.55],[-122.49,44.54],[-122.48,44.54],[-122.47,44.54],[-122.46,44.54],[-122.46,44.55],[-122.45,44.55],[-122.44,44.55],[-122.44,44.56],[-122.43,44.56],[-122.41,44.56],[-122.41,44.55],[-122.41,44.54],[-122.42,44.54],[-122.42,44.53],[-122.43,44.53],[-122.43,44.52],[-122.43,44.51],[-122.42,44.51],[-122.41,44.51],[-122.4,44.52],[-122.39,44.52],[-122.39,44.53],[-122.38,44.53],[-122.38,44.54],[-122.37,44.54],[-122.36,44.54],[-122.35,44.52],[-122.36,44.51],[-122.36,44.5],[-122.37,44.5],[-122.37,44.49],[-122.38,44.49],[-122.39,44.49],[-122.38,44.48],[-122.38,44.47],[-122.37,44.47],[-122.37,44.46],[-122.38,44.46],[-122.38,44.45],[-122.38,44.44],[-122.37,44.42],[-122.36,44.42],[-122.36,44.41],[-122.35,44.41],[-122.34,44.41],[-122.33,44.41],[-122.33,44.42],[-122.32,44.42],[-122.32,44.41],[-122.31,44.41],[-122.3,44.41],[-122.29,44.41],[-122.29,44.42],[-122.28,44.42],[-122.27,44.42],[-122.26,44.43],[-122.27,44.43],[-122.27,44.44],[-122.26,44.44],[-122.26,44.45],[-122.25,44.45],[-122.25,44.44],[-122.25,44.43],[-122.25,44.42],[-122.26,44.41],[-122.26,44.4],[-122.25,44.4],[-122.24,44.4],[-122.23,44.4],[-122.23,44.39],[-122.26,44.39],[-122.27,44.39],[-122.28,44.39],[-122.29,44.39],[-122.3,44.39],[-122.31,44.39],[-122.32,44.39],[-122.33,44.39],[-122.34,44.39],[-122.35,44.39],[-122.36,44.39],[-122.37,44.38],[-122.37,44.37],[-122.37,44.36],[-122.36,44.36],[-122.36,44.35],[-122.36,44.34],[-122.36,44.33],[-122.36,44.32],[-122.36,44.31],[-122.37,44.31],[-122.37,44.3],[-122.37,44.29],[-122.38,44.24],[-122.38,44.23],[-122.39,44.22],[-122.4,44.22],[-122.41,44.22],[-122.42,44.22],[-122.43,44.22],[-122.44,44.22],[-122.45,44.22],[-122.46,44.22],[-122.47,44.22],[-122.48,44.22],[-122.49,44.22],[-122.5,44.22],[-122.51,44.22],[-122.51,44.23],[-122.52,44.23],[-122.53,44.23],[-122.54,44.23],[-122.55,44.24],[-122.55,44.23],[-122.56,44.23],[-122.57,44.23],[-122.58,44.23],[-122.58,44.24],[-122.59,44.24],[-122.6,44.24],[-122.61,44.24],[-122.61,44.25],[-122.62,44.25],[-122.63,44.25],[-122.64,44.25],[-122.65,44.25],[-122.65,44.26],[-122.65,44.27],[-122.66,44.27],[-122.67,44.27],[-122.68,44.27],[-122.69,44.27],[-122.69,44.28],[-122.7,44.28],[-122.71,44.28],[-122.72,44.28],[-122.72,44.29],[-122.73,44.29],[-122.74,44.29],[-122.75,44.29],[-122.76,44.29],[-122.77,44.28],[-122.78,44.28],[-122.79,44.28],[-122.8,44.28],[-122.81,44.28],[-122.82,44.28],[-122.83,44.28],[-122.84,44.28],[-122.85,44.28],[-122.85,44.29],[-122.86,44.29],[-122.87,44.28],[-122.87,44.26],[-122.89,44.26],[-122.9,44.26],[-122.9,44.25],[-122.91,44.24],[-122.91,44.23],[-122.91,44.21],[-122.91,44.2],[-122.97,44.2],[-123.0,44.2],[-123.02,44.2],[-123.02,44.21],[-123.01,44.21],[-123.01,44.22],[-123.01,44.23],[-123.0,44.23],[-122.99,44.23],[-122.99,44.24],[-122.99,44.25],[-122.98,44.26],[-122.97,44.26],[-122.97,44.27],[-122.96,44.27],[-122.96,44.28],[-122.95,44.28],[-122.94,44.29],[-122.95,44.29],[-122.96,44.29],[-122.96,44.3],[-122.97,44.3],[-122.98,44.3],[-122.98,44.31],[-122.97,44.32]],[[-122.92,44.46],[-122.91,44.45],[-122.9,44.46],[-122.91,44.46],[-122.92,44.46]],[[-122.67,44.68],[-122.67,44.67],[-122.66,44.67],[-122.66,44.68],[-122.67,44.68]],[[-122.55,44.86],[-122.55,44.87],[-122.56,44.87],[-122.56,44.86],[-122.55,44.86]]],[[[-122.23,44.4],[-122.23,44.41],[-122.22,44.41],[-122.21,44.41],[-122.21,44.4],[-122.22,44.4],[-122.23,44.4]]],[[[-122.29,44.72],[-122.29,44.71],[-122.3,44.71],[-122.3,44.72],[-122.29,44.72]]],[[[-121.99,44.69],[-121.99,44.7],[-121.98,44.7],[-121.98,44.69],[-121.99,44.69]]],[[[-122.2,44.73],[-122.21,44.73],[-122.21,44.74],[-122.2,44.74],[-122.2,44.73]]],[[[-122.83,44.45],[-122.82,44.45],[-122.82,44.44],[-122.83,44.45]]]]}},
{"type":"Feature","properties":{"ugc":"ORZ125","name":"Lane County Cascade Foothills","state":"OR","wfo":"PQR"},"geometry":{"type":"MultiPolygon","coordinates":[[[[-123.02,44.18],[-123.02,44.19],[-123.02,44.2],[-123.0,44.2],[-122.97,44.2],[-122.91,44.2],[-122.91,44.21],[-122.91,44.23],[-122.91,44.24],[-122.9,44.25],[-122.9,44.26],[-122.89,44.26],[-122.87,44.26],[-122.87,44.28],[-122.86,44.29],[-122.85,44.29],[-122.85,44.28],[-122.84,44.28],[-122.83,44.28],[-122.82,44.28],[-122.81,44.28],[-122.8,44.28],[-122.79,44.28],[-122.78,44.28],[-122.77,44.28],[-122.76,44.29],[-122.75,44.29],[-122.74,44.29],[-122.73,44.29],[-122.72,44.29],[-122.72,44.28],[-122.71,44.28],[-122.7,44.28],[-122.69,44.28],[-122.69,44.27],[-122.68,44.27],[-122.67,44.27],[-122.66,44.27],[-122.65,44.27],[-122.65,44.26],[-122.65,44.25],[-122.64,44.25],[-122.63,44.25],[-122.62,44.25],[-122.61,44.25],[-122.61,44.24],[-122.6,44.24],[-122.59,44.24],[-122.58,44.24],[-122.58,44.23],[-122.57,44.23],[-122.56,44.23],[-122.55,44.23],[-122.55,44.24],[-122.54,44.23],[-122.53,44.23],[-122.52,44.23],[-122.51,44.23],[-122.51,44.22],[-122.5,44.22],[-122.49,44.22],[-122.48,44.22],[-122.47,44.22],[-122.46,44.22],[-122.45,44.22],[-122.44,44.22],[-122.43,44.22],[-122.42,44.22],[-122.41,44.22],[-122.4,44.22],[-122.39,44.22],[-122.39,44.21],[-122.39,44.2],[-122.4,44.2],[-122.4,44.19],[-122.41,44.19],[-122.41,44.18],[-122.4,44.18],[-122.39,44.18],[-122.39,44.17],[-122.38,44.17],[-122.37,44.17],[-122.37,44.18],[-122.36,44.18],[-122.36,44.19],[-122.35,44.19],[-122.34,44.18],[-122.34,44.19],[-122.33,44.19],[-122.33,44.2],[-122.32,44.2],[-122.32,44.19],[-122.31,44.19],[-122.31,44.2],[-122.31,44.21],[-122.3,44.21],[-122.29,44.21],[-122.29,44.2],[-122.28,44.2],[-122.27,44.2],[-122.25,44.2],[-122.25,44.19],[-122.24,44.19],[-122.24,44.2],[-122.23,44.2],[-122.22,44.2],[-122.21,44.2],[-122.21,44.19],[-122.2,44.19],[-122.2,44.2],[-122.19,44.2],[-122.19,44.19],[-122.18,44.19],[-122.17,44.19],[-122.16,44.19],[-122.15,44.19],[-122.14,44.19],[-122.13,44.19],[-122.12,44.19],[-122.11,44.19],[-122.11,44.2],[-122.1,44.19],[-122.1,44.2],[-122.09,44.2],[-122.08,44.2],[-122.07,44.2],[-122.06,44.2],[-122.05,44.2],[-122.03,44.2],[-122.03,44.19],[-122.04,44.19],[-122.05,44.19],[-122.05,44.18],[-122.08,44.17],[-122.09,44.15],[-122.09,44.14],[-122.1,44.14],[-122.1,44.15],[-122.11,44.15],[-122.12,44.15],[-122.13,44.15],[-122.14,44.15],[-122.15,44.15],[-122.16,44.15],[-122.17,44.15],[-122.18,44.15],[-122.19,44.15],[-122.2,44.15],[-122.2,44.16],[-122.21,44.16],[-122.22,44.15],[-122.26,44.14],[-122.27,44.14],[-122.28,44.14],[-122.29,44.14],[-122.29,44.13],[-122.3,44.13],[-122.31,44.13],[-122.31,44.12],[-122.32,44.12],[-122.32,44.11],[-122.32,44.1],[-122.32,44.09],[-122.31,44.09],[-122.3,44.09],[-122.3,44.08],[-122.31,44.08],[-122.31,44.07],[-122.32,44.07],[-122.33,44.07],[-122.33,44.06],[-122.34,44.05],[-122.34,44.04],[-122.35,44.04],[-122.36,44.04],[-122.37,44.04],[-122.39,44.04],[-122.4,44.04],[-122.4,44.03],[-122.4,44.02],[-122.41,44.02],[-122.42,44.02],[-122.42,44.01],[-122.43,44.01],[-122.44,44.01],[-122.44,44.0],[-122.5,43.95],[-122.51,43.95],[-122.51,43.94],[-122.52,43.94],[-122.53,43.95],[-122.54,43.95],[-122.54,43.94],[-122.55,43.94],[-122.55,43.93],[-122.55,43.91],[-122.55,43.9],[-122.56,43.9],[-122.56,43.89],[-122.57,43.88],[-122.56,43.88],[-122.56,43.87],[-122.56,43.86],[-122.57,43.85],[-122.57,43.84],[-122.57,43.83],[-122.57,43.82],[-122.56,43.82],[-122.55,43.82],[-122.55,43.81],[-122.54,43.81],[-122.54,43.82],[-122.53,43.82],[-122.52,43.82],[-122.52,43.81],[-122.52,43.8],[-122.51,43.8],[-122.5,43.8],[-122.5,43.79],[-122.49,43.79],[-122.49,43.78],[-122.43,43.77],[-122.42,43.77],[-122.41,43.77],[-122.41,43.76],[-122.41,43.75],[-122.41,43.74],[-122.41,43.73],[-122.41,43.72],[-122.45,43.71],[-122.46,43.72],[-122.46,43.73],[-122.47,43.73],[-122.48,43.73],[-122.48,43.72],[-122.49,43.72],[-122.49,43.73],[-122.5,43.73],[-122.51,43.73],[-122.51,43.72],[-122.51,43.71],[-122.52,43.71],[-122.53,43.71],[-122.53,43.72],[-122.53,43.73],[-122.54,43.74],[-122.55,43.74],[-122.55,43.73],[-122.56,43.73],[-122.57,43.73],[-122.57,43.74],[-122.57,43.75],[-122.57,43.76],[-122.58,43.76],[-122.58,43.77],[-122.57,43.77],[-122.57,43.78],[-122.58,43.78],[-122.58,43.79],[-122.59,43.79],[-122.59,43.8],[-122.6,43.8],[-122.6,43.79],[-122.61,43.78],[-122.61,43.79],[-122.62,43.79],[-122.63,43.78],[-122.63,43.79],[-122.64,43.79],[-122.64,43.8],[-122.64,43.81],[-122.65,43.81],[-122.66,43.81],[-122.66,43.82],[-122.67,43.82],[-122.68,43.81],[-122.69,43.81],[-122.69,43.82],[-122.7,43.82],[-122.71,43.82],[-122.72,43.81],[-122.73,43.81],[-122.74,43.81],[-122.75,43.81],[-122.75,43.8],[-122.76,43.8],[-122.76,43.79],[-122.77,43.8],[-122.78,43.8],[-122.77,43.81],[-122.78,43.81],[-122.79,43.81],[-122.8,43.81],[-122.8,43.8],[-122.81,43.8],[-122.82,43.8],[-122.81,43.79],[-122.81,43.78],[-122.81,43.77],[-122.81,43.76],[-122.8,43.76],[-122.79,43.76],[-122.79,43.75],[-122.8,43.75],[-122.81,43.75],[-122.81,43.74],[-122.82,43.74],[-122.82,43.73],[-122.81,43.72],[-122.8,43.72],[-122.79,43.72],[-122.78,43.71],[-122.77,43.71],[-122.77,43.72],[-122.74,43.7],[-122.74,43.69],[-122.75,43.67],[-122.75,43.66],[-122.76,43.66],[-122.76,43.65],[-122.76,43.64],[-122.76,43.63],[-122.8,43.62],[-122.8,43.63],[-122.81,43.63],[-122.81,43.64],[-122.82,43.64],[-122.82,43.65],[-122.83,43.65],[-122.83,43.64],[-122.84,43.64],[-122.84,43.65],[-122.84,43.66],[-122.85,43.66],[-122.86,43.66],[-122.86,43.67],[-122.86,43.68],[-122.87,43.68],[-122.88,43.68],[-122.89,43.68],[-122.9,43.68],[-122.91,43.68],[-122.91,43.67],[-122.9,43.67],[-122.89,43.67],[-122.88,43.67],[-122.88,43.66],[-122.87,43.66],[-122.88,43.65],[-122.89,43.65],[-122.89,43.64],[-122.88,43.64],[-122.87,43.64],[-122.87,43.63],[-122.88,43.63],[-122.88,43.62],[-122.87,43.62],[-122.86,43.62],[-122.85,43.62],[-122.84,43.62],[-122.84,43.61],[-122.84,43.6],[-122.84,43.59],[-122.84,43.58],[-122.83,43.58],[-122.83,43.57],[-122.84,43.57],[-122.84,43.56],[-122.83,43.56],[-122.83,43.55],[-122.82,43.55],[-122.81,43.55],[-122.82,43.54],[-122.84,43.55],[-122.86,43.54],[-122.87,43.54],[-122.98,43.54],[-122.99,43.54],[-123.0,43.54],[-123.03,43.54],[-123.05,43.54],[-123.1,43.54],[-123.11,43.54],[-123.11,43.55],[-123.11,43.61],[-123.12,43.61],[-123.13,43.61],[-123.14,43.61],[-123.14,43.62],[-123.14,43.63],[-123.14,43.66],[-123.14,43.71],[-123.14,43.74],[-123.14,43.75],[-123.12,43.75],[-123.09,43.75],[-123.05,43.76],[-123.05,43.77],[-123.05,43.78],[-123.05,43.79],[-123.04,43.79],[-123.04,43.78],[-123.03,43.78],[-123.03,43.77],[-123.02,43.77],[-123.01,43.77],[-123.01,43.8],[-123.02,43.8],[-123.02,43.81],[-123.01,43.81],[-123.01,43.82],[-123.0,43.82],[-123.0,43.83],[-122.99,43.83],[-122.99,43.84],[-123.0,43.84],[-123.01,43.85],[-123.01,43.86],[-123.01,43.87],[-123.0,43.87],[-123.0,43.88],[-123.0,43.89],[-122.99,43.89],[-122.99,43.9],[-122.98,43.9],[-122.97,43.9],[-122.96,43.9],[-122.95,43.89],[-122.94,43.89],[-122.93,43.9],[-122.93,43.91],[-122.93,43.92],[-122.92,43.92],[-122.91,43.92],[-122.9,43.92],[-122.9,43.93],[-122.9,43.94],[-122.89,43.94],[-122.88,43.94],[-122.87,43.94],[-122.84,43.91],[-122.81,43.91],[-122.8,43.91],[-122.79,43.91],[-122.79,43.9],[-122.78,43.9],[-122.77,43.9],[-122.77,43.91],[-122.76,43.91],[-122.77,43.92],[-122.78,43.93],[-122.81,43.97],[-122.82,43.97],[-122.83,43.97],[-122.84,43.98],[-122.85,43.97],[-122.86,43.98],[-122.87,43.98],[-122.88,43.98],[-122.89,44.01],[-122.89,44.02],[-122.9,44.02],[-122.9,44.03],[-122.9,44.04],[-122.89,44.04],[-122.88,44.04],[-122.87,44.05],[-122.86,44.05],[-122.85,44.05],[-122.84,44.04],[-122.83,44.04],[-122.82,44.05],[-122.81,44.05],[-122.8,44.05],[-122.8,44.08],[-122.81,44.08],[-122.82,44.08],[-122.83,44.08],[-122.84,44.08],[-122.89,44.08],[-122.9,44.08],[-122.91,44.08],[-122.92,44.08],[-122.93,44.08],[-122.94,44.08],[-122.95,44.08],[-122.94,44.09],[-122.93,44.09],[-122.92,44.1],[-122.91,44.1],[-122.92,44.11],[-122.91,44.11],[-122.91,44.12],[-122.9,44.12],[-122.89,44.12],[-122.88,44.13],[-122.88,44.14],[-122.87,44.14],[-122.87,44.15],[-122.86,44.16],[-122.85,44.16],[-122.82,44.18],[-122.81,44.2],[-122.81,44.21],[-122.81,44.22],[-122.83,44.23],[-122.83,44.22],[-122.85,44.2],[-122.86,44.2],[-122.86,44.19],[-122.87,44.19],[-122.87,44.18],[-122.91,44.17],[-122.91,44.16],[-122.94,44.14],[-122.94,44.13],[-122.95,44.13],[-122.95,44.12],[-122.96,44.12],[-122.96,44.11],[-122.97,44.11],[-122.97,44.1],[-122.97,44.09],[-122.98,44.1],[-122.98,44.09],[-122.99,44.1],[-122.99,44.09],[-123.0,44.09],[-123.0,44.1],[-123.01,44.1],[-123.02,44.1],[-123.03,44.11],[-123.03,44.12],[-123.02,44.12],[-123.02,44.13],[-123.01,44.13],[-123.0,44.14],[-123.0,44.15],[-123.01,44.15],[-123.02,44.16],[-123.02,44.17],[-123.02,44.18]],[[-122.36,44.18],[-122.36,44.17],[-122.35,44.17],[-122.36,44.18]]],[[[-122.16,44.15],[-122.15,44.14],[-122.16,44.14],[-122.16,44.15]]],[[[-122.33,44.2],[-122.34,44.21],[-122.33,44.21],[-122.33,44.2]]]]}},
{"type":"Feature","properties":{"ugc":"ORZ126","name":"North Oregon Cascades","state":"OR","wfo":"PQR"},"geometry":{"type":"MultiPolygon","coordinates":[[[[-122.51,44.95],[-122.5,44.95],[-122.49,44.95],[-122.49,44.94],[-122.48,44.94],[-122.47,44.94],[-122.47,44.93],[-122.46,44.93],[-122.45,44.93],[-122.44,44.93],[-122.43,44.93],[-122.42,44.92],[-122.42,44.93],[-122.42,44.94],[-122.41,44.94],[-122.41,44.95],[-122.4,44.95],[-122.39,44.95],[-122.39,44.94],[-122.38,44.94],[-122.38,44.93],[-122.37,44.93],[-122.36,44.93],[-122.36,44.92],[-122.36,44.91],[-122.35,44.91],[-122.34,44.91],[-122.34,44.9],[-122.33,44.9],[-122.33,44.91],[-122.32,44.91],[-122.32,44.92],[-122.33,44.92],[-122.32,44.93],[-122.33,44.93],[-122.33,44.94],[-122.34,44.94],[-122.35,44.95],[-122.36,44.95],[-122.37,44.95],[-122.37,44.96],[-122.38,44.96],[-122.38,44.97],[-122.39,44.97],[-122.41,44.98],[-122.41,44.97],[-122.42,44.97],[-122.43,44.98],[-122.43,44.97],[-122.44,44.97],[-122.44,44.98],[-122.45,44.98],[-122.45,44.99],[-122.46,44.99],[-122.46,45.0],[-122.45,45.0],[-122.45,45.01],[-122.44,45.0],[-122.43,45.0],[-122.43,45.01],[-122.42,45.01],[-122.42,45.02],[-122.41,45.02],[-122.41,45.03],[-122.41,45.04],[-122.4,45.04],[-122.39,45.04],[-122.39,45.05],[-122.4,45.05],[-122.4,45.06],[-122.4,45.07],[-122.4,45.08],[-122.39,45.07],[-122.39,45.08],[-122.38,45.11],[-122.37,45.11],[-122.36,45.11],[-122.35,45.11],[-122.34,45.11],[-122.34,45.12],[-122.35,45.12],[-122.36,45.12],[-122.36,45.13],[-122.36,45.14],[-122.35,45.14],[-122.35,45.15],[-122.34,45.15],[-122.34,45.14],[-122.33,45.15],[-122.32,45.15],[-122.31,45.15],[-122.31,45.16],[-122.3,45.16],[-122.29,45.16],[-122.29,45.15],[-122.28,45.15],[-122.28,45.16],[-122.27,45.17],[-122.27,45.18],[-122.26,45.18],[-122.26,45.17],[-122.25,45.17],[-122.25,45.18],[-122.22,45.17],[-122.21,45.17],[-122.21,45.16],[-122.2,45.16],[-122.2,45.15],[-122.2,45.14],[-122.19,45.14],[-122.19,45.15],[-122.19,45.16],[-122.19,45.17],[-122.18,45.17],[-122.18,45.16],[-122.17,45.16],[-122.17,45.15],[-122.16,45.15],[-122.14,45.14],[-122.14,45.15],[-122.13,45.15],[-122.13,45.16],[-122.12,45.15],[-122.12,45.14],[-122.11,45.14],[-122.1,45.14],[-122.1,45.13],[-122.09,45.13],[-122.09,45.12],[-122.08,45.12],[-122.08,45.11],[-122.09,45.11],[-122.09,45.1],[-122.09,45.09],[-122.1,45.09],[-122.1,45.08],[-122.09,45.08],[-122.09,45.07],[-122.1,45.07],[-122.1,45.06],[-122.1,45.05],[-122.09,45.05],[-122.09,45.04],[-122.09,45.03],[-122.08,45.02],[-122.08,45.01],[-122.04,45.02],[-122.02,45.03],[-122.02,45.04],[-122.02,45.05],[-122.02,45.06],[-122.02,45.07],[-122.01,45.07],[-122.01,45.06],[-122.0,45.06],[-122.0,45.07],[-121.99,45.07],[-121.98,45.07],[-121.98,45.08],[-121.98,45.09],[-121.99,45.09],[-122.0,45.09],[-122.01,45.09],[-122.01,45.1],[-122.02,45.1],[-122.03,45.1],[-122.04,45.1],[-122.05,45.1],[-122.05,45.11],[-122.05,45.12],[-122.06,45.12],[-122.06,45.13],[-122.07,45.13],[-122.07,45.14],[-122.08,45.14],[-122.08,45.15],[-122.09,45.15],[-122.1,45.16],[-122.12,45.17],[-122.12,45.18],[-122.13,45.18],[-122.14,45.18],[-122.14,45.17],[-122.15,45.17],[-122.15,45.18],[-122.16,45.18],[-122.16,45.19],[-122.16,45.2],[-122.15,45.2],[-122.15,45.21],[-122.15,45.22],[-122.16,45.23],[-122.15,45.23],[-122.15,45.24],[-122.15,45.25],[-122.14,45.25],[-122.15,45.26],[-122.14,45.26],[-122.13,45.27],[-122.12,45.27],[-122.12,45.28],[-122.11,45.29],[-122.11,45.3],[-122.11,45.31],[-122.1,45.31],[-122.1,45.32],[-122.11,45.32],[-122.1,45.33],[-122.1,45.34],[-122.09,45.34],[-122.08,45.34],[-122.08,45.35],[-122.07,45.35],[-122.07,45.36],[-122.06,45.36],[-122.05,45.36],[-122.04,45.36],[-122.01,45.35],[-122.01,45.34],[-122.0,45.34],[-122.0,45.33],[-121.99,45.33],[-121.98,45.33],[-121.97,45.33],[-121.97,45.32],[-121.95,45.31],[-121.95,45.3],[-121.95,45.29],[-121.95,45.28],[-121.95,45.27],[-121.94,45.25],[-121.94,45.26],[-121.93,45.26],[-121.93,45.27],[-121.93,45.28],[-121.93,45.29],[-121.93,45.3],[-121.93,45.31],[-121.94,45.32],[-121.94,45.33],[-121.93,45.33],[-121.92,45.33],[-121.92,45.32],[-121.92,45.31],[-121.91,45.31],[-121.91,45.3],[-121.9,45.3],[-121.9,45.29],[-121.89,45.29],[-121.88,45.29],[-121.86,45.3],[-121.85,45.3],[-121.84,45.3],[-121.84,45.31],[-121.85,45.31],[-121.86,45.31],[-121.87,45.31],[-121.88,45.31],[-121.89,45.31],[-121.89,45.32],[-121.9,45.32],[-121.9,45.33],[-121.9,45.34],[-121.91,45.34],[-121.91,45.35],[-121.92,45.35],[-121.92,45.36],[-121.91,45.36],[-121.9,45.36],[-121.89,45.37],[-121.88,45.37],[-121.87,45.37],[-121.86,45.38],[-121.85,45.38],[-121.84,45.38],[-121.83,45.38],[-121.83,45.39],[-121.84,45.39],[-121.85,45.39],[-121.85,45.4],[-121.86,45.4],[-121.87,45.39],[-121.88,45.39],[-121.9,45.39],[-121.93,45.38],[-121.94,45.38],[-121.94,45.37],[-121.95,45.37],[-121.95,45.36],[-121.96,45.36],[-121.96,45.37],[-121.97,45.37],[-121.98,45.37],[-121.98,45.38],[-121.99,45.38],[-122.0,45.39],[-122.01,45.39],[-122.01,45.4],[-122.02,45.4],[-122.03,45.4],[-122.03,45.41],[-122.04,45.41],[-122.05,45.41],[-122.05,45.42],[-122.06,45.42],[-122.06,45.43],[-122.06,45.44],[-122.05,45.44],[-122.05,45.45],[-122.04,45.45],[-122.03,45.45],[-122.02,45.45],[-122.02,45.46],[-122.03,45.46],[-122.03,45.47],[-122.02,45.48],[-122.01,45.48],[-122.01,45.51],[-122.01,45.52],[-122.02,45.52],[-122.04,45.51],[-122.05,45.51],[-122.06,45.51],[-122.07,45.51],[-122.08,45.51],[-122.08,45.5],[-122.09,45.5],[-122.1,45.5],[-122.11,45.5],[-122.11,45.51],[-122.12,45.51],[-122.12,45.52],[-122.12,45.53],[-122.12,45.54],[-122.12,45.55],[-122.11,45.55],[-122.11,45.56],[-122.1,45.56],[-122.09,45.56],[-122.08,45.56],[-122.07,45.56],[-122.06,45.56],[-122.05,45.56],[-122.05,45.57],[-122.04,45.57],[-122.04,45.58],[-122.03,45.58],[-122.03,45.59],[-122.02,45.59],[-122.01,45.59],[-122.0,45.6],[-121.99,45.6],[-121.99,45.59],[-121.98,45.6],[-121.98,45.61],[-121.97,45.6],[-121.96,45.6],[-121.95,45.59],[-121.96,45.59],[-121.96,45.58],[-121.96,45.57],[-121.95,45.57],[-121.95,45.56],[-121.94,45.56],[-121.93,45.56],[-121.93,45.57],[-121.94,45.58],[-121.94,45.59],[-121.93,45.59],[-121.93,45.6],[-121.93,45.61],[-121.94,45.61],[-121.94,45.62],[-121.93,45.62],[-121.93,45.63],[-121.92,45.63],[-121.92,45.62],[-121.91,45.61],[-121.9,45.61],[-121.9,45.6],[-121.89,45.6],[-121.89,45.59],[-121.89,45.58],[-121.89,45.57],[-121.88,45.57],[-121.88,45.58],[-121.87,45.58],[-121.86,45.58],[-121.84,45.58],[-121.83,45.58],[-121.83,45.59],[-121.84,45.59],[-121.85,45.59],[-121.85,45.6],[-121.86,45.6],[-121.86,45.61],[-121.87,45.61],[-121.87,45.62],[-121.87,45.63],[-121.88,45.63],[-121.88,45.64],[-121.88,45.65],[-121.87,45.65],[-121.86,45.65],[-121.85,45.65],[-121.85,45.66],[-121.84,45.66],[-121.84,45.67],[-121.83,45.67],[-121.83,45.66],[-121.83,45.65],[-121.83,45.64],[-121.82,45.63],[-121.81,45.63],[-121.81,45.64],[-121.81,45.65],[-121.8,45.64],[-121.79,45.64],[-121.79,45.65],[-121.8,45.65],[-121.8,45.66],[-121.81,45.66],[-121.8,45.67],[-121.81,45.67],[-121.81,45.68],[-121.8,45.68],[-121.79,45.68],[-121.78,45.68],[-121.78,45.67],[-121.78,45.66],[-121.77,45.66],[-121.77,45.67],[-121.76,45.67],[-121.76,45.68],[-121.75,45.68],[-121.75,45.67],[-121.74,45.67],[-121.74,45.66],[-121.73,45.66],[-121.72,45.67],[-121.71,45.67],[-121.7,45.66],[-121.7,45.67],[-121.69,45.67],[-121.68,45.67],[-121.68,45.68],[-121.67,45.68],[-121.67,45.67],[-121.66,45.67],[-121.66,45.66],[-121.65,45.66],[-121.65,45.65],[-121.65,45.64],[-121.65,45.63],[-121.66,45.63],[-121.66,45.62],[-121.67,45.62],[-121.68,45.62],[-121.68,45.61],[-121.68,45.6],[-121.69,45.6],[-121.69,45.61],[-121.7,45.61],[-121.7,45.6],[-121.71,45.6],[-121.71,45.59],[-121.7,45.59],[-121.69,45.59],[-121.69,45.58],[-121.68,45.58],[-121.68,45.57],[-121.69,45.57],[-121.7,45.57],[-121.71,45.56],[-121.72,45.56],[-121.73,45.56],[-121.73,45.55],[-121.74,45.55],[-121.73,45.52],[-121.72,45.52],[-121.72,45.53],[-121.71,45.52],[-121.71,45.53],[-121.7,45.53],[-121.7,45.54],[-121.69,45.54],[-121.68,45.54],[-121.67,45.54],[-121.66,45.54],[-121.66,45.53],[-121.67,45.53],[-121.67,45.52],[-121.66,45.52],[-121.65,45.52],[-121.65,45.51],[-121.64,45.51],[-121.64,45.5],[-121.65,45.49],[-121.64,45.49],[-121.63,45.49],[-121.63,45.48],[-121.62,45.48],[-121.62,45.49],[-121.61,45.49],[-121.61,45.48],[-121.61,45.47],[-121.6,45.47],[-121.59,45.47],[-121.58,45.47],[-121.58,45.46],[-121.57,45.46],[-121.56,45.46],[-121.56,45.47],[-121.56,45.48],[-121.56,45.49],[-121.55,45.49],[-121.55,45.5],[-121.55,45.51],[-121.54,45.51],[-121.55,45.52],[-121.54,45.53],[-121.55,45.53],[-121.55,45.54],[-121.54,45.54],[-121.54,45.55],[-121.54,45.56],[-121.53,45.56],[-121.52,45.56],[-121.52,45.57],[-121.52,45.58],[-121.51,45.58],[-121.51,45.57],[-121.5,45.57],[-121.49,45.57],[-121.49,45.58],[-121.48,45.58],[-121.48,45.59],[-121.47,45.59],[-121.47,45.6],[-121.46,45.6],[-121.45,45.6],[-121.45,45.59],[-121.44,45.59],[-121.44,45.56],[-121.44,45.55],[-121.44,45.52],[-121.45,45.52],[-121.48,45.52],[-121.48,45.5],[-121.48,45.49],[-121.48,45.44],[-121.48,45.43],[-121.48,45.4],[-121.48,45.38],[-121.48,45.37],[-121.48,45.35],[-121.48,45.29],[-121.48,45.26],[-121.49,45.26],[-121.5,45.26],[-121.51,45.26],[-121.63,45.26],[-121.64,45.26],[-121.7,45.26],[-121.69,45.25],[-121.68,45.25],[-121.68,45.24],[-121.68,45.23],[-121.69,45.23],[-121.7,45.23],[-121.7,45.22],[-121.71,45.22],[-121.71,45.21],[-121.72,45.21],[-121.73,45.21],[-121.74,45.21],[-121.75,45.21],[-121.75,45.2],[-121.75,45.19],[-121.74,45.18],[-121.73,45.18],[-121.73,45.17],[-121.73,45.16],[-121.72,45.16],[-121.71,45.15],[-121.71,45.14],[-121.71,45.13],[-121.7,45.13],[-121.7,45.12],[-121.69,45.12],[-121.68,45.12],[-121.67,45.12],[-121.66,45.12],[-121.66,45.11],[-121.66,45.1],[-121.65,45.1],[-121.65,45.09],[-121.66,45.08],[-121.66,45.07],[-121.67,45.07],[-121.68,45.07],[-121.69,45.07],[-121.7,45.06],[-121.71,45.06],[-121.72,45.05],[-121.72,45.04],[-121.73,45.04],[-121.74,45.03],[-121.75,45.03],[-121.76,45.04],[-121.77,45.04],[-121.78,45.04],[-121.78,45.03],[-121.78,45.02],[-121.78,45.01],[-121.79,45.02],[-121.8,45.02],[-121.8,45.01],[-121.81,45.01],[-121.8,45.0],[-121.8,44.99],[-121.8,44.98],[-121.8,44.97],[-121.79,44.96],[-121.79,44.95],[-121.8,44.95],[-121.8,44.94],[-121.79,44.93],[-121.79,44.94],[-121.78,44.94],[-121.77,44.94],[-121.76,44.94],[-121.75,44.93],[-121.74,44.92],[-121.75,44.92],[-121.74,44.91],[-121.73,44.91],[-121.72,44.91],[-121.71,44.91],[-121.71,44.9],[-121.72,44.9],[-121.73,44.89],[-121.99,44.89],[-122.01,44.89],[-122.03,44.89],[-122.07,44.89],[-122.08,44.89],[-122.15,44.89],[-122.31,44.89],[-122.4,44.88],[-122.4,44.89],[-122.39,44.89],[-122.39,44.9],[-122.4,44.9],[-122.41,44.91],[-122.41,44.9],[-122.42,44.9],[-122.43,44.9],[-122.44,44.9],[-122.45,44.91],[-122.46,44.91],[-122.46,44.92],[-122.47,44.92],[-122.48,44.92],[-122.49,44.92],[-122.5,44.92],[-122.51,44.92],[-122.51,44.93],[-122.52,44.93],[-122.53,44.94],[-122.53,44.95],[-122.52,44.95],[-122.51,44.95]],[[-122.12,45.27],[-122.12,45.26],[-122.11,45.26],[-122.11,45.27],[-122.12,45.27]],[[-122.08,45.34],[-122.08,45.33],[-122.07,45.33],[-122.07,45.34],[-122.08,45.34]]],[[[-121.65,45.66],[-121.65,45.67],[-121.64,45.67],[-121.64,45.66],[-121.65,45.66]]],[[[-121.88,45.64],[-121.89,45.64],[-121.89,45.65],[-121.88,45.64]]],[[[-121.91,45.61],[-121.91,45.62],[-121.9,45.62],[-121.91,45.61]]],[[[-122.04,45.58],[-122.05,45.58],[-122.04,45.59],[-122.04,45.58]]]]}},
{"type":"Feature","properties":{"ugc":"ORZ127","name":"Cascades of Marion and Linn Counties","state":"OR","wfo":"PQR"},"geometry":{"type":"MultiPolygon","coordinates":[[[[-122.64,44.64],[-122.64,44.65],[-122.63,44.65],[-122.63,44.66],[-122.62,44.66],[-122.61,44.66],[-122.61,44.67],[-122.6,44.67],[-122.59,44.67],[-122.58,44.67],[-122.57,44.67],[-122.57,44.66],[-122.56,44.66],[-122.55,44.66],[-122.54,44.66],[-122.53,44.66],[-122.53,44.65],[-122.52,44.65],[-122.51,44.66],[-122.5,44.66],[-122.5,44.65],[-122.49,44.65],[-122.48,44.65],[-122.47,44.65],[-122.46,44.65],[-122.45,44.66],[-122.44,44.66],[-122.44,44.65],[-122.43,44.65],[-122.42,44.65],[-122.41,44.65],[-122.4,44.65],[-122.39,44.65],[-122.38,44.65],[-122.37,44.65],[-122.38,44.69],[-122.38,44.7],[-122.36,44.72],[-122.36,44.73],[-122.35,44.73],[-122.34,44.74],[-122.33,44.74],[-122.33,44.73],[-122.32,44.73],[-122.31,44.73],[-122.31,44.74],[-122.3,44.74],[-122.29,44.74],[-122.28,44.74],[-122.28,44.73],[-122.28,44.72],[-122.27,44.72],[-122.26,44.72],[-122.26,44.71],[-122.26,44.7],[-122.24,44.69],[-122.23,44.69],[-122.23,44.68],[-122.22,44.68],[-122.21,44.68],[-122.19,44.69],[-122.18,44.69],[-122.18,44.7],[-122.17,44.7],[-122.16,44.7],[-122.15,44.7],[-122.15,44.71],[-122.14,44.71],[-122.13,44.71],[-122.12,44.71],[-122.12,44.7],[-122.12,44.69],[-122.11,44.69],[-122.11,44.7],[-122.1,44.69],[-122.09,44.69],[-122.08,44.69],[-122.07,44.69],[-122.07,44.68],[-122.06,44.68],[-122.05,44.68],[-122.04,44.68],[-122.03,44.67],[-122.02,44.67],[-122.02,44.68],[-122.01,44.68],[-122.0,44.68],[-121.99,44.68],[-121.99,44.69],[-122.0,44.69],[-122.0,44.7],[-122.01,44.7],[-122.01,44.69],[-122.02,44.69],[-122.02,44.7],[-122.03,44.7],[-122.04,44.7],[-122.04,44.71],[-122.05,44.71],[-122.05,44.7],[-122.06,44.7],[-122.07,44.71],[-122.08,44.71],[-122.08,44.72],[-122.09,44.72],[-122.09,44.71],[-122.1,44.71],[-122.1,44.72],[-122.11,44.72],[-122.12,44.72],[-122.12,44.73],[-122.13,44.73],[-122.13,44.74],[-122.14,44.74],[-122.15,44.75],[-122.16,44.75],[-122.16,44.74],[-122.17,44.74],[-122.18,44.74],[-122.19,44.74],[-122.19,44.73],[-122.2,44.73],[-122.2,44.72],[-122.2,44.71],[-122.21,44.71],[-122.21,44.7],[-122.22,44.7],[-122.23,44.7],[-122.23,44.71],[-122.24,44.72],[-122.24,44.73],[-122.25,44.73],[-122.26,44.73],[-122.26,44.74],[-122.27,44.74],[-122.28,44.76],[-122.29,44.76],[-122.29,44.77],[-122.3,44.76],[-122.3,44.77],[-122.31,44.77],[-122.32,44.77],[-122.33,44.77],[-122.34,44.77],[-122.34,44.78],[-122.35,44.78],[-122.35,44.77],[-122.36,44.77],[-122.37,44.77],[-122.37,44.78],[-122.38,44.78],[-122.39,44.78],[-122.39,44.79],[-122.38,44.79],[-122.37,44.79],[-122.37,44.8],[-122.37,44.81],[-122.36,44.82],[-122.37,44.85],[-122.38,44.85],[-122.38,44.86],[-122.39,44.86],[-122.39,44.85],[-122.4,44.85],[-122.4,44.84],[-122.41,44.84],[-122.42,44.84],[-122.43,44.84],[-122.44,44.84],[-122.44,44.83],[-122.45,44.83],[-122.46,44.83],[-122.46,44.82],[-122.47,44.82],[-122.47,44.83],[-122.48,44.83],[-122.49,44.83],[-122.49,44.82],[-122.5,44.82],[-122.51,44.82],[-122.52,44.83],[-122.52,44.82],[-122.53,44.82],[-122.54,44.82],[-122.55,44.82],[-122.55,44.83],[-122.56,44.83],[-122.56,44.84],[-122.57,44.85],[-122.56,44.85],[-122.55,44.85],[-122.55,44.86],[-122.54,44.86],[-122.53,44.86],[-122.52,44.87],[-122.51,44.87],[-122.5,44.87],[-122.49,44.87],[-122.48,44.87],[-122.48,44.88],[-122.48,44.89],[-122.49,44.89],[-122.5,44.89],[-122.51,44.89],[-122.52,44.89],[-122.52,44.9],[-122.52,44.91],[-122.53,44.91],[-122.53,44.92],[-122.53,44.93],[-122.53,44.94],[-122.52,44.93],[-122.51,44.93],[-122.51,44.92],[-122.5,44.92],[-122.49,44.92],[-122.48,44.92],[-122.47,44.92],[-122.46,44.92],[-122.46,44.91],[-122.45,44.91],[-122.44,44.9],[-122.43,44.9],[-122.42,44.9],[-122.41,44.9],[-122.41,44.91],[-122.4,44.9],[-122.39,44.9],[-122.39,44.89],[-122.4,44.89],[-122.4,44.88],[-122.31,44.89],[-122.15,44.89],[-122.08,44.89],[-122.07,44.89],[-122.03,44.89],[-122.01,44.89],[-121.99,44.89],[-121.73,44.89],[-121.73,44.88],[-121.74,44.88],[-121.75,44.87],[-121.75,44.86],[-121.74,44.85],[-121.74,44.84],[-121.75,44.84],[-121.75,44.83],[-121.76,44.83],[-121.76,44.82],[-121.77,44.82],[-121.78,44.82],[-121.79,44.82],[-121.8,44.81],[-121.81,44.81],[-121.81,44.8],[-121.82,44.8],[-121.82,44.79],[-121.81,44.79],[-121.81,44.78],[-121.8,44.78],[-121.8,44.77],[-121.79,44.77],[-121.78,44.77],[-121.78,44.78],[-121.77,44.78],[-121.77,44.77],[-121.76,44.77],[-121.76,44.76],[-121.77,44.76],[-121.78,44.75],[-121.79,44.75],[-121.79,44.74],[-121.8,44.73],[-121.79,44.73],[-121.8,44.72],[-121.8,44.71],[-121.8,44.7],[-121.79,44.7],[-121.79,44.69],[-121.79,44.68],[-121.8,44.68],[-121.8,44.67],[-121.8,44.66],[-121.8,44.65],[-121.8,44.64],[-121.81,44.63],[-121.81,44.62],[-121.81,44.61],[-121.8,44.61],[-121.8,44.6],[-121.79,44.6],[-121.79,44.59],[-121.8,44.59],[-121.8,44.58],[-121.8,44.57],[-121.8,44.56],[-121.81,44.55],[-121.81,44.54],[-121.82,44.54],[-121.81,44.53],[-121.81,44.52],[-121.81,44.51],[-121.82,44.51],[-121.83,44.51],[-121.83,44.5],[-121.84,44.49],[-121.85,44.49],[-121.85,44.48],[-121.84,44.48],[-121.84,44.47],[-121.85,44.47],[-121.85,44.46],[-121.85,44.45],[-121.84,44.45],[-121.84,44.44],[-121.85,44.44],[-121.85,44.43],[-121.85,44.42],[-121.84,44.42],[-121.84,44.41],[-121.85,44.41],[-121.85,44.4],[-121.84,44.4],[-121.84,44.39],[-121.85,44.39],[-121.85,44.38],[-121.84,44.38],[-121.84,44.37],[-121.85,44.37],[-121.84,44.36],[-121.84,44.35],[-121.84,44.34],[-121.84,44.33],[-121.84,44.32],[-121.84,44.31],[-121.84,44.3],[-121.84,44.29],[-121.83,44.29],[-121.83,44.28],[-121.82,44.28],[-121.82,44.27],[-121.82,44.26],[-121.88,44.26],[-121.96,44.26],[-122.0,44.26],[-122.03,44.26],[-122.04,44.25],[-122.12,44.25],[-122.13,44.25],[-122.15,44.25],[-122.25,44.25],[-122.26,44.25],[-122.27,44.25],[-122.31,44.25],[-122.33,44.25],[-122.33,44.24],[-122.33,44.23],[-122.34,44.23],[-122.34,44.22],[-122.35,44.22],[-122.36,44.22],[-122.36,44.21],[-122.37,44.21],[-122.38,44.21],[-122.39,44.21],[-122.39,44.22],[-122.38,44.23],[-122.38,44.24],[-122.37,44.29],[-122.37,44.3],[-122.37,44.31],[-122.36,44.31],[-122.36,44.32],[-122.36,44.33],[-122.36,44.34],[-122.36,44.35],[-122.36,44.36],[-122.37,44.36],[-122.37,44.37],[-122.37,44.38],[-122.36,44.39],[-122.35,44.39],[-122.34,44.39],[-122.33,44.39],[-122.32,44.39],[-122.31,44.39],[-122.3,44.39],[-122.29,44.39],[-122.28,44.39],[-122.27,44.39],[-122.26,44.39],[-122.23,44.39],[-122.23,44.4],[-122.24,44.4],[-122.25,44.4],[-122.26,44.4],[-122.26,44.41],[-122.25,44.42],[-122.25,44.43],[-122.25,44.44],[-122.25,44.45],[-122.26,44.45],[-122.26,44.44],[-122.27,44.44],[-122.27,44.43],[-122.26,44.43],[-122.27,44.42],[-122.28,44.42],[-122.29,44.42],[-122.29,44.41],[-122.3,44.41],[-122.31,44.41],[-122.32,44.41],[-122.32,44.42],[-122.33,44.42],[-122.33,44.41],[-122.34,44.41],[-122.35,44.41],[-122.36,44.41],[-122.36,44.42],[-122.37,44.42],[-122.38,44.44],[-122.38,44.45],[-122.38,44.46],[-122.37,44.46],[-122.37,44.47],[-122.38,44.47],[-122.38,44.48],[-122.39,44.49],[-122.38,44.49],[-122.37,44.49],[-122.37,44.5],[-122.36,44.5],[-122.36,44.51],[-122.35,44.52],[-122.36,44.54],[-122.37,44.54],[-122.38,44.54],[-122.38,44.53],[-122.39,44.53],[-122.39,44.52],[-122.4,44.52],[-122.41,44.51],[-122.42,44.51],[-122.43,44.51],[-122.43,44.52],[-122.43,44.53],[-122.42,44.53],[-122.42,44.54],[-122.41,44.54],[-122.41,44.55],[-122.41,44.56],[-122.43,44.56],[-122.44,44.56],[-122.44,44.55],[-122.45,44.55],[-122.46,44.55],[-122.46,44.54],[-122.47,44.54],[-122.48,44.54],[-122.49,44.54],[-122.49,44.55],[-122.5,44.55],[-122.51,44.56],[-122.52,44.56],[-122.52,44.57],[-122.53,44.57],[-122.53,44.58],[-122.54,44.58],[-122.54,44.59],[-122.53,44.59],[-122.52,44.59],[-122.52,44.6],[-122.52,44.61],[-122.52,44.62],[-122.53,44.62],[-122.54,44.62],[-122.54,44.61],[-122.55,44.61],[-122.56,44.61],[-122.57,44.61],[-122.57,44.6],[-122.58,44.6],[-122.59,44.6],[-122.59,44.61],[-122.6,44.61],[-122.61,44.61],[-122.62,44.61],[-122.63,44.61],[-122.63,44.62],[-122.63,44.63],[-122.63,44.64],[-122.64,44.64]],[[-121.99,44.69],[-121.98,44.69],[-121.98,44.7],[-121.99,44.7],[-121.99,44.69]],[[-122.2,44.73],[-122.2,44.74],[-122.21,44.74],[-122.21,44.73],[-122.2,44.73]],[[-122.23,44.4],[-122.22,44.4],[-122.21,44.4],[-122.21,44.41],[-122.22,44.41],[-122.23,44.41],[-122.23,44.4]],[[-122.29,44.72],[-122.3,44.72],[-122.3,44.71],[-122.29,44.71],[-122.29,44.72]]],[[[-122.55,44.86],[-122.56,44.86],[-122.56,44.87],[-122.55,44.87],[-122.55,44.86]]]]}},
{"type":"Feature","properties":{"ugc":"ORZ128","name":"Cascades of Lane County","state":"OR","wfo":"PQR"},"geometry":{"type":"MultiPolygon","coordinates":[[[[-122.91,43.67],[-122.91,43.68],[-122.9,43.68],[-122.89,43.68],[-122.88,43.68],[-122.87,43.68],[-122.86,43.68],[-122.86,43.67],[-122.86,43.66],[-122.85,43.66],[-122.84,43.66],[-122.84,43.65],[-122.84,43.64],[-122.83,43.64],[-122.83,43.65],[-122.82,43.65],[-122.82,43.64],[-122.81,43.64],[-122.81,43.63],[-122.8,43.63],[-122.8,43.62],[-122.76,43.63],[-122.76,43.64],[-122.76,43.65],[-122.76,43.66],[-122.75,43.66],[-122.75,43.67],[-122.74,43.69],[-122.74,43.7],[-122.77,43.72],[-122.77,43.71],[-122.78,43.71],[-122.79,43.72],[-122.8,43.72],[-122.81,43.72],[-122.82,43.73],[-122.82,43.74],[-122.81,43.74],[-122.81,43.75],[-122.8,43.75],[-122.79,43.75],[-122.79,43.76],[-122.8,43.76],[-122.81,43.76],[-122.81,43.77],[-122.81,43.78],[-122.81,43.79],[-122.82,43.8],[-122.81,43.8],[-122.8,43.8],[-122.8,43.81],[-122.79,43.81],[-122.78,43.81],[-122.77,43.81],[-122.78,43.8],[-122.77,43.8],[-122.76,43.79],[-122.76,43.8],[-122.75,43.8],[-122.75,43.81],[-122.74,43.81],[-122.73,43.81],[-122.72,43.81],[-122.71,43.82],[-122.7,43.82],[-122.69,43.82],[-122.69,43.81],[-122.68,43.81],[-122.67,43.82],[-122.66,43.82],[-122.66,43.81],[-122.65,43.81],[-122.64,43.81],[-122.64,43.8],[-122.64,43.79],[-122.63,43.79],[-122.63,43.78],[-122.62,43.79],[-122.61,43.79],[-122.61,43.78],[-122.6,43.79],[-122.6,43.8],[-122.59,43.8],[-122.59,43.79],[-122.58,43.79],[-122.58,43.78],[-122.57,43.78],[-122.57,43.77],[-122.58,43.77],[-122.58,43.76],[-122.57,43.76],[-122.57,43.75],[-122.57,43.74],[-122.57,43.73],[-122.56,43.73],[-122.55,43.73],[-122.55,43.74],[-122.54,43.74],[-122.53,43.73],[-122.53,43.72],[-122.53,43.71],[-122.52,43.71],[-122.51,43.71],[-122.51,43.72],[-122.51,43.73],[-122.5,43.73],[-122.49,43.73],[-122.49,43.72],[-122.48,43.72],[-122.48,43.73],[-122.47,43.73],[-122.46,43.73],[-122.46,43.72],[-122.45,43.71],[-122.41,43.72],[-122.41,43.73],[-122.41,43.74],[-122.41,43.75],[-122.41,43.76],[-122.41,43.77],[-122.42,43.77],[-122.43,43.77],[-122.49,43.78],[-122.49,43.79],[-122.5,43.79],[-122.5,43.8],[-122.51,43.8],[-122.52,43.8],[-122.52,43.81],[-122.52,43.82],[-122.53,43.82],[-122.54,43.82],[-122.54,43.81],[-122.55,43.81],[-122.55,43.82],[-122.56,43.82],[-122.57,43.82],[-122.57,43.83],[-122.57,43.84],[-122.57,43.85],[-122.56,43.86],[-122.56,43.87],[-122.56,43.88],[-122.57,43.88],[-122.56,43.89],[-122.56,43.9],[-122.55,43.9],[-122.55,43.91],[-122.55,43.93],[-122.55,43.94],[-122.54,43.94],[-122.54,43.95],[-122.53,43.95],[-122.52,43.94],[-122.51,43.94],[-122.51,43.95],[-122.5,43.95],[-122.44,44.0],[-122.44,44.01],[-122.43,44.01],[-122.42,44.01],[-122.42,44.02],[-122.41,44.02],[-122.4,44.02],[-122.4,44.03],[-122.4,44.04],[-122.39,44.04],[-122.37,44.04],[-122.36,44.04],[-122.35,44.04],[-122.34,44.04],[-122.34,44.05],[-122.33,44.06],[-122.33,44.07],[-122.32,44.07],[-122.31,44.07],[-122.31,44.08],[-122.3,44.08],[-122.3,44.09],[-122.31,44.09],[-122.32,44.09],[-122.32,44.1],[-122.32,44.11],[-122.32,44.12],[-122.31,44.12],[-122.31,44.13],[-122.3,44.13],[-122.29,44.13],[-122.29,44.14],[-122.28,44.14],[-122.27,44.14],[-122.26,44.14],[-122.22,44.15],[-122.21,44.16],[-122.2,44.16],[-122.2,44.15],[-122.19,44.15],[-122.18,44.15],[-122.17,44.15],[-122.16,44.15],[-122.15,44.15],[-122.14,44.15],[-122.13,44.15],[-122.12,44.15],[-122.11,44.15],[-122.1,44.15],[-122.1,44.14],[-122.09,44.14],[-122.09,44.15],[-122.08,44.17],[-122.05,44.18],[-122.05,44.19],[-122.04,44.19],[-122.03,44.19],[-122.03,44.2],[-122.05,44.2],[-122.06,44.2],[-122.07,44.2],[-122.08,44.2],[-122.09,44.2],[-122.1,44.2],[-122.1,44.19],[-122.11,44.2],[-122.11,44.19],[-122.12,44.19],[-122.13,44.19],[-122.14,44.19],[-122.15,44.19],[-122.16,44.19],[-122.17,44.19],[-122.18,44.19],[-122.19,44.19],[-122.19,44.2],[-122.2,44.2],[-122.2,44.19],[-122.21,44.19],[-122.21,44.2],[-122.22,44.2],[-122.23,44.2],[-122.24,44.2],[-122.24,44.19],[-122.25,44.19],[-122.25,44.2],[-122.27,44.2],[-122.28,44.2],[-122.29,44.2],[-122.29,44.21],[-122.3,44.21],[-122.31,44.21],[-122.31,44.2],[-122.31,44.19],[-122.32,44.19],[-122.32,44.2],[-122.33,44.2],[-122.33,44.19],[-122.34,44.19],[-122.34,44.18],[-122.35,44.19],[-122.36,44.19],[-122.36,44.18],[-122.37,44.18],[-122.37,44.17],[-122.38,44.17],[-122.39,44.17],[-122.39,44.18],[-122.4,44.18],[-122.41,44.18],[-122.41,44.19],[-122.4,44.19],[-122.4,44.2],[-122.39,44.2],[-122.39,44.21],[-122.38,44.21],[-122.37,44.21],[-122.36,44.21],[-122.36,44.22],[-122.35,44.22],[-122.34,44.22],[-122.34,44.23],[-122.33,44.23],[-122.33,44.24],[-122.33,44.25],[-122.31,44.25],[-122.27,44.25],[-122.26,44.25],[-122.25,44.25],[-122.15,44.25],[-122.13,44.25],[-122.12,44.25],[-122.04,44.25],[-122.03,44.26],[-122.0,44.26],[-121.96,44.26],[-121.88,44.26],[-121.81,44.26],[-121.8,44.26],[-121.8,44.25],[-121.79,44.25],[-121.79,44.24],[-121.79,44.23],[-121.78,44.23],[-121.78,44.22],[-121.78,44.21],[-121.78,44.2],[-121.78,44.19],[-121.77,44.19],[-121.77,44.18],[-121.78,44.18],[-121.78,44.17],[-121.77,44.17],[-121.78,44.16],[-121.78,44.15],[-121.78,44.14],[-121.77,44.14],[-121.77,44.13],[-121.77,44.12],[-121.77,44.11],[-121.77,44.1],[-121.77,44.09],[-121.78,44.09],[-121.78,44.08],[-121.79,44.08],[-121.79,44.07],[-121.79,44.06],[-121.8,44.06],[-121.8,44.05],[-121.81,44.05],[-121.82,44.05],[-121.83,44.04],[-121.83,44.03],[-121.83,44.02],[-121.82,44.02],[-121.82,44.01],[-121.82,44.0],[-121.83,44.0],[-121.83,43.99],[-121.84,43.99],[-121.84,43.98],[-121.84,43.97],[-121.85,43.97],[-121.86,43.96],[-121.86,43.95],[-121.86,43.94],[-121.86,43.93],[-121.87,43.93],[-121.87,43.92],[-121.87,43.91],[-121.88,43.91],[-121.89,43.91],[-121.9,43.91],[-121.9,43.92],[-121.91,43.91],[-121.92,43.91],[-121.93,43.91],[-121.94,43.9],[-121.93,43.9],[-121.93,43.89],[-121.94,43.89],[-121.95,43.88],[-121.96,43.88],[-121.96,43.87],[-121.97,43.87],[-121.97,43.86],[-121.98,43.86],[-121.98,43.85],[-121.97,43.84],[-121.98,43.84],[-121.98,43.83],[-121.97,43.83],[-121.97,43.82],[-121.97,43.81],[-121.96,43.81],[-121.97,43.8],[-121.97,43.79],[-121.97,43.78],[-121.97,43.77],[-121.96,43.76],[-121.97,43.76],[-121.97,43.75],[-121.98,43.75],[-121.98,43.74],[-121.98,43.73],[-121.98,43.72],[-121.97,43.72],[-121.97,43.71],[-121.97,43.7],[-121.97,43.69],[-121.98,43.69],[-121.98,43.68],[-121.98,43.67],[-121.99,43.66],[-121.99,43.65],[-121.98,43.65],[-121.98,43.64],[-121.97,43.64],[-121.97,43.63],[-121.98,43.63],[-121.99,43.63],[-122.0,43.63],[-122.0,43.62],[-122.0,43.61],[-122.01,43.61],[-122.02,43.61],[-122.03,43.61],[-122.03,43.6],[-122.04,43.6],[-122.05,43.6],[-122.05,43.59],[-122.06,43.59],[-122.07,43.59],[-122.07,43.58],[-122.08,43.58],[-122.09,43.58],[-122.1,43.58],[-122.1,43.57],[-122.11,43.57],[-122.11,43.56],[-122.12,43.56],[-122.13,43.56],[-122.13,43.55],[-122.14,43.55],[-122.14,43.54],[-122.14,43.53],[-122.15,43.52],[-122.14,43.51],[-122.13,43.51],[-122.13,43.5],[-122.13,43.49],[-122.13,43.48],[-122.14,43.47],[-122.14,43.46],[-122.15,43.45],[-122.15,43.44],[-122.26,43.44],[-122.39,43.44],[-122.5,43.44],[-122.51,43.44],[-122.52,43.44],[-122.62,43.44],[-122.63,43.44],[-122.74,43.44],[-122.74,43.48],[-122.74,43.49],[-122.74,43.5],[-122.74,43.53],[-122.74,43.54],[-122.77,43.54],[-122.82,43.54],[-122.81,43.55],[-122.82,43.55],[-122.83,43.55],[-122.83,43.56],[-122.84,43.56],[-122.84,43.57],[-122.83,43.57],[-122.83,43.58],[-122.84,43.58],[-122.84,43.59],[-122.84,43.6],[-122.84,43.61],[-122.84,43.62],[-122.85,43.62],[-122.86,43.62],[-122.87,43.62],[-122.88,43.62],[-122.88,43.63],[-122.87,43.63],[-122.87,43.64],[-122.88,43.64],[-122.89,43.64],[-122.89,43.65],[-122.88,43.65],[-122.87,43.66],[-122.88,43.66],[-122.88,43.67],[-122.89,43.67],[-122.9,43.67],[-122.91,43.67]],[[-122.16,44.15],[-122.16,44.14],[-122.15,44.14],[-122.16,44.15]],[[-122.33,44.2],[-122.33,44.21],[-122.34,44.21],[-122.33,44.2]]],[[[-122.36,44.18],[-122.35,44.17],[-122.36,44.17],[-122.36,44.18]]]]}},
{"type":"Feature","properties":{"ugc":"ORZ502","name":"Northern Blue Mountains of Oregon","state":"OR","wfo":"PDT"},"geometry":{"type":"MultiPolygon","coordinates":[[[[-118.0,46.0],[-117.99,46.0],[-117.98,46.0],[-117.88,46.0],[-117.85,46.0],[-117.79,46.0],[-117.78,46.0],[-117.72,46.0],[-117.62,46.0],[-117.61,46.0],[-117.6,46.0],[-117.55,46.0],[-117.51,46.0],[-117.48,46.0],[-117.47,46.0],[-117.43,46.0],[-117.39,46.0],[-117.38,46.0],[-117.37,46.0],[-117.38,45.99],[-117.38,45.98],[-117.4,45.97],[-117.41,45.96],[-117.41,45.95],[-117.42,45.95],[-117.43,45.94],[-117.43,45.93],[-117.44,45.93],[-117.44,45.92],[-117.44,45.91],[-117.45,45.91],[-117.45,45.9],[-117.47,45.9],[-117.46,45.89],[-117.45,45.88],[-117.45,45.87],[-117.45,45.86],[-117.44,45.85],[-117.44,45.84],[-117.44,45.82],[-117.43,45.81],[-117.42,45.8],[-117.41,45.79],[-117.41,45.78],[-117.42,45.77],[-117.42,45.75],[-117.43,45.72],[-117.44,45.7],[-117.45,45.69],[-117.46,45.68],[-117.47,45.67],[-117.5,45.66],[-117.51,45.66],[-117.52,45.65],[-117.52,45.64],[-117.53,45.64],[-117.54,45.64],[-117.55,45.63],[-117.56,45.62],[-117.57,45.62],[-117.58,45.62],[-117.59,45.62],[-117.6,45.62],[-117.62,45.61],[-117.63,45.61],[-117.65,45.62],[-117.66,45.63],[-117.69,45.62],[-117.7,45.63],[-117.7,45.62],[-117.71,45.62],[-117.73,45.62],[-117.73,45.61],[-117.73,45.6],[-117.73,45.59],[-117.74,45.59],[-117.75,45.59],[-117.76,45.58],[-117.77,45.58],[-117.78,45.56],[-117.79,45.54],[-117.78,45.52],[-117.79,45.51],[-117.81,45.52],[-117.83,45.52],[-117.84,45.52],[-117.85,45.51],[-117.85,45.52],[-117.86,45.53],[-117.87,45.54],[-117.88,45.54],[-117.88,45.55],[-117.9,45.55],[-117.9,45.56],[-117.91,45.57],[-117.91,45.58],[-117.9,45.59],[-117.89,45.59],[-117.89,45.6],[-117.9,45.6],[-117.9,45.61],[-117.92,45.6],[-117.93,45.6],[-117.94,45.59],[-117.95,45.59],[-117.94,45.58],[-117.94,45.57],[-117.94,45.56],[-117.93,45.55],[-117.92,45.54],[-117.93,45.53],[-117.93,45.52],[-117.94,45.52],[-117.95,45.52],[-117.96,45.52],[-117.97,45.52],[-117.98,45.52],[-117.98,45.53],[-117.99,45.53],[-118.0,45.53],[-118.0,45.52],[-118.01,45.51],[-118.02,45.51],[-118.02,45.52],[-118.03,45.53],[-118.04,45.53],[-118.05,45.53],[-118.05,45.52],[-118.05,45.51],[-118.05,45.5],[-118.04,45.49],[-118.05,45.49],[-118.05,45.48],[-118.04,45.46],[-118.04,45.45],[-118.04,45.44],[-118.05,45.44],[-118.05,45.43],[-118.06,45.41],[-118.06,45.4],[-118.07,45.39],[-118.08,45.38],[-118.08,45.37],[-118.09,45.37],[-118.1,45.36],[-118.1,45.35],[-118.11,45.35],[-118.12,45.35],[-118.13,45.35],[-118.13,45.34],[-118.12,45.34],[-118.11,45.33],[-118.11,45.32],[-118.11,45.31],[-118.1,45.31],[-118.09,45.31],[-118.08,45.3],[-118.1,45.3],[-118.11,45.3],[-118.43,45.3],[-118.43,45.37],[-118.43,45.42],[-118.44,45.42],[-118.47,45.44],[-118.51,45.45],[-118.53,45.46],[-118.58,45.45],[-118.59,45.45],[-118.59,45.48],[-118.58,45.49],[-118.57,45.51],[-118.57,45.52],[-118.59,45.53],[-118.61,45.52],[-118.62,45.51],[-118.63,45.51],[-118.65,45.51],[-118.66,45.52],[-118.65,45.54],[-118.64,45.55],[-118.63,45.55],[-118.61,45.56],[-118.61,45.58],[-118.6,45.59],[-118.57,45.6],[-118.57,45.61],[-118.56,45.61],[-118.55,45.62],[-118.53,45.62],[-118.53,45.63],[-118.52,45.64],[-118.5,45.63],[-118.49,45.65],[-118.47,45.64],[-118.45,45.64],[-118.43,45.65],[-118.43,45.66],[-118.42,45.67],[-118.4,45.66],[-118.38,45.66],[-118.37,45.67],[-118.36,45.67],[-118.36,45.66],[-118.34,45.66],[-118.33,45.66],[-118.33,45.67],[-118.32,45.69],[-118.32,45.7],[-118.33,45.71],[-118.36,45.71],[-118.37,45.7],[-118.38,45.71],[-118.39,45.71],[-118.39,45.72],[-118.41,45.72],[-118.42,45.72],[-118.4,45.73],[-118.41,45.74],[-118.4,45.76],[-118.39,45.76],[-118.38,45.78],[-118.37,45.79],[-118.35,45.8],[-118.34,45.81],[-118.32,45.82],[-118.3,45.82],[-118.3,45.83],[-118.29,45.83],[-118.27,45.83],[-118.26,45.84],[-118.25,45.84],[-118.25,45.85],[-118.24,45.85],[-118.22,45.85],[-118.21,45.85],[-118.21,45.86],[-118.2,45.86],[-118.21,45.87],[-118.21,45.88],[-118.2,45.89],[-118.21,45.9],[-118.22,45.91],[-118.22,45.92],[-118.2,45.93],[-118.18,45.93],[-118.18,45.94],[-118.18,45.95],[-118.19,45.96],[-118.18,45.96],[-118.17,45.98],[-118.18,45.98],[-118.18,45.99],[-118.17,46.0],[-118.15,46.0],[-118.13,46.0],[-118.12,46.0],[-118.1,46.0],[-118.08,46.0],[-118.06,46.0],[-118.02,46.0],[-118.0,46.0]]]]}},
{"type":"Feature","properties":{"ugc":"ORZ503","name":"Southern Blue Mountains of Oregon","state":"OR","wfo":"PDT"},"geometry":{"type":"MultiPolygon","coordinates":[[[[-119.04,45.51],[-119.02,45.49],[-119.0,45.49],[-118.99,45.48],[-118.99,45.45],[-118.97,45.43],[-118.94,45.42],[-118.92,45.41],[-118.92,45.39],[-118.9,45.38],[-118.89,45.36],[-118.85,45.38],[-118.84,45.39],[-118.81,45.39],[-118.79,45.38],[-118.78,45.39],[-118.77,45.4],[-118.77,45.42],[-118.75,45.43],[-118.73,45.44],[-118.71,45.45],[-118.7,45.46],[-118.7,45.47],[-118.69,45.47],[-118.68,45.47],[-118.66,45.48],[-118.64,45.47],[-118.63,45.47],[-118.62,45.48],[-118.61,45.48],[-118.6,45.45],[-118.59,45.44],[-118.58,45.45],[-118.53,45.46],[-118.51,45.45],[-118.47,45.44],[-118.44,45.42],[-118.43,45.42],[-118.43,45.37],[-118.43,45.3],[-118.11,45.3],[-118.1,45.3],[-118.08,45.3],[-118.07,45.29],[-118.06,45.29],[-118.05,45.28],[-118.05,45.27],[-118.04,45.26],[-118.03,45.25],[-118.02,45.24],[-118.01,45.24],[-118.0,45.24],[-117.99,45.24],[-117.96,45.24],[-117.95,45.23],[-117.93,45.23],[-117.93,45.22],[-117.92,45.21],[-117.91,45.21],[-117.84,45.21],[-117.84,45.2],[-117.85,45.2],[-117.86,45.2],[-117.87,45.19],[-117.87,45.18],[-117.86,45.17],[-117.86,45.16],[-117.84,45.14],[-117.83,45.12],[-117.82,45.11],[-117.81,45.11],[-117.8,45.1],[-117.8,45.08],[-117.8,45.07],[-117.79,45.06],[-117.76,45.05],[-117.75,45.05],[-117.71,45.03],[-117.68,45.02],[-117.66,45.02],[-117.64,45.01],[-117.63,45.01],[-117.61,45.0],[-117.61,44.99],[-117.75,44.99],[-117.78,44.99],[-117.78,45.0],[-117.78,45.01],[-117.79,45.01],[-117.79,45.02],[-117.8,45.02],[-117.79,45.03],[-117.8,45.03],[-117.81,45.03],[-117.82,45.03],[-117.83,45.03],[-117.83,45.04],[-117.84,45.05],[-117.84,45.06],[-117.85,45.06],[-117.86,45.06],[-117.86,45.05],[-117.87,45.06],[-117.88,45.06],[-117.89,45.06],[-117.89,45.05],[-117.9,45.04],[-117.9,45.03],[-117.91,45.03],[-117.92,45.02],[-117.93,45.02],[-117.93,45.01],[-117.94,45.01],[-117.95,45.01],[-117.95,45.0],[-117.96,45.0],[-117.97,45.0],[-117.98,45.0],[-117.99,45.0],[-117.99,44.99],[-118.0,44.99],[-118.0,45.0],[-118.01,45.0],[-118.02,45.0],[-118.03,45.0],[-118.04,45.0],[-118.04,45.01],[-118.05,45.01],[-118.06,45.01],[-118.07,45.02],[-118.08,45.02],[-118.08,45.03],[-118.09,45.03],[-118.09,45.04],[-118.1,45.04],[-118.1,45.05],[-118.11,45.05],[-118.12,45.05],[-118.12,45.04],[-118.13,45.04],[-118.14,45.04],[-118.14,45.03],[-118.15,45.03],[-118.15,45.02],[-118.16,45.02],[-118.17,45.02],[-118.18,45.02],[-118.19,45.02],[-118.2,45.02],[-118.2,45.01],[-118.21,45.01],[-118.21,45.0],[-118.21,44.99],[-118.22,44.99],[-118.22,44.98],[-118.23,44.98],[-118.23,44.97],[-118.23,44.96],[-118.25,44.96],[-118.24,44.95],[-118.24,44.94],[-118.23,44.94],[-118.22,44.94],[-118.23,44.93],[-118.23,44.92],[-118.23,44.91],[-118.24,44.91],[-118.24,44.9],[-118.23,44.9],[-118.23,44.89],[-118.23,44.88],[-118.22,44.88],[-118.23,44.87],[-118.23,44.86],[-118.24,44.86],[-118.25,44.86],[-118.26,44.86],[-118.27,44.87],[-118.28,44.87],[-118.29,44.87],[-118.29,44.86],[-118.29,44.85],[-118.3,44.85],[-118.31,44.85],[-118.31,44.84],[-118.32,44.84],[-118.32,44.83],[-118.31,44.83],[-118.31,44.82],[-118.3,44.82],[-118.3,44.81],[-118.3,44.8],[-118.3,44.79],[-118.29,44.79],[-118.29,44.78],[-118.29,44.77],[-118.29,44.76],[-118.29,44.75],[-118.3,44.75],[-118.31,44.74],[-118.32,44.74],[-118.33,44.74],[-118.34,44.74],[-118.35,44.74],[-118.36,44.75],[-118.37,44.75],[-118.38,44.75],[-118.38,44.74],[-118.39,44.74],[-118.39,44.73],[-118.4,44.73],[-118.41,44.73],[-118.42,44.73],[-118.42,44.72],[-118.43,44.72],[-118.44,44.72],[-118.45,44.72],[-118.46,44.72],[-118.46,44.71],[-118.47,44.71],[-118.48,44.71],[-118.49,44.71],[-118.5,44.71],[-118.51,44.71],[-118.52,44.71],[-118.52,44.7],[-118.52,44.69],[-118.51,44.69],[-118.51,44.68],[-118.51,44.67],[-118.5,44.67],[-118.49,44.66],[-118.48,44.66],[-118.47,44.66],[-118.46,44.66],[-118.45,44.65],[-118.44,44.65],[-118.43,44.65],[-118.42,44.65],[-118.41,44.65],[-118.41,44.64],[-118.4,44.64],[-118.39,44.64],[-118.38,44.65],[-118.37,44.65],[-118.37,44.64],[-118.36,44.64],[-118.35,44.64],[-118.35,44.63],[-118.34,44.63],[-118.34,44.62],[-118.34,44.61],[-118.33,44.61],[-118.32,44.61],[-118.32,44.6],[-118.31,44.6],[-118.31,44.59],[-118.31,44.58],[-118.32,44.58],[-118.31,44.57],[-118.32,44.57],[-118.32,44.56],[-118.33,44.56],[-118.34,44.56],[-118.35,44.56],[-118.35,44.55],[-118.35,44.54],[-118.36,44.54],[-118.37,44.53],[-118.37,44.52],[-118.37,44.51],[-118.37,44.5],[-118.36,44.49],[-118.36,44.48],[-118.36,44.47],[-118.37,44.47],[-118.37,44.46],[-118.38,44.46],[-118.39,44.46],[-118.4,44.46],[-118.41,44.45],[-118.42,44.45],[-118.44,44.44],[-118.47,44.44],[-118.5,44.44],[-118.54,44.44],[-118.57,44.44],[-118.61,44.45],[-118.65,44.46],[-118.68,44.47],[-118.7,44.47],[-118.71,44.47],[-118.72,44.47],[-118.73,44.46],[-118.73,44.45],[-118.75,44.45],[-118.76,44.45],[-118.78,44.45],[-118.79,44.45],[-118.81,44.45],[-118.82,44.44],[-118.86,44.43],[-118.87,44.43],[-118.89,44.42],[-118.91,44.42],[-118.92,44.43],[-118.94,44.42],[-118.96,44.43],[-118.97,44.43],[-118.99,44.43],[-119.0,44.44],[-119.0,44.45],[-119.01,44.46],[-119.01,44.47],[-119.03,44.47],[-119.03,44.45],[-119.05,44.43],[-119.06,44.45],[-119.07,44.44],[-119.08,44.43],[-119.1,44.43],[-119.11,44.45],[-119.13,44.45],[-119.14,44.44],[-119.15,44.45],[-119.16,44.45],[-119.17,44.45],[-119.18,44.46],[-119.21,44.46],[-119.22,44.46],[-119.23,44.46],[-119.25,44.46],[-119.25,44.48],[-119.26,44.48],[-119.27,44.48],[-119.27,44.46],[-119.28,44.46],[-119.29,44.45],[-119.3,44.45],[-119.3,44.46],[-119.31,44.47],[-119.32,44.47],[-119.33,44.47],[-119.34,44.48],[-119.37,44.48],[-119.38,44.48],[-119.39,44.49],[-119.41,44.49],[-119.42,44.5],[-119.45,44.5],[-119.47,44.52],[-119.49,44.52],[-119.51,44.51],[-119.52,44.53],[-119.56,44.53],[-119.57,44.53],[-119.58,44.53],[-119.59,44.53],[-119.6,44.54],[-119.6,44.55],[-119.59,44.56],[-119.58,44.56],[-119.57,44.56],[-119.57,44.58],[-119.56,44.58],[-119.56,44.6],[-119.57,44.61],[-119.58,44.61],[-119.59,44.63],[-119.59,44.66],[-119.6,44.66],[-119.6,44.68],[-119.6,44.69],[-119.61,44.7],[-119.6,44.71],[-119.6,44.73],[-119.6,44.74],[-119.58,44.75],[-119.57,44.74],[-119.55,44.74],[-119.55,44.71],[-119.54,44.71],[-119.53,44.7],[-119.52,44.7],[-119.51,44.71],[-119.5,44.71],[-119.48,44.71],[-119.48,44.72],[-119.48,44.73],[-119.48,44.74],[-119.48,44.75],[-119.47,44.76],[-119.45,44.76],[-119.44,44.75],[-119.44,44.74],[-119.44,44.73],[-119.44,44.71],[-119.44,44.7],[-119.44,44.67],[-119.42,44.65],[-119.4,44.64],[-119.39,44.62],[-119.37,44.63],[-119.38,44.67],[-119.37,44.69],[-119.36,44.69],[-119.36,44.7],[-119.35,44.72],[-119.33,44.72],[-119.32,44.73],[-119.32,44.74],[-119.33,44.75],[-119.34,44.77],[-119.35,44.78],[-119.36,44.79],[-119.34,44.8],[-119.32,44.79],[-119.31,44.78],[-119.3,44.77],[-119.29,44.77],[-119.28,44.79],[-119.27,44.8],[-119.26,44.8],[-119.25,44.81],[-119.24,44.81],[-119.23,44.79],[-119.21,44.79],[-119.18,44.79],[-119.15,44.78],[-119.13,44.77],[-119.12,44.75],[-119.11,44.75],[-119.11,44.78],[-119.1,44.79],[-119.1,44.81],[-119.1,44.82],[-119.12,44.84],[-119.14,44.84],[-119.15,44.85],[-119.14,44.86],[-119.11,44.86],[-119.09,44.85],[-119.08,44.84],[-119.05,44.84],[-119.04,44.83],[-119.04,44.82],[-119.02,44.82],[-119.0,44.8],[-118.98,44.79],[-118.96,44.79],[-118.94,44.77],[-118.93,44.76],[-118.92,44.76],[-118.91,44.77],[-118.89,44.76],[-118.86,44.76],[-118.86,44.77],[-118.88,44.78],[-118.88,44.8],[-118.92,44.8],[-118.93,44.79],[-118.95,44.8],[-118.95,44.81],[-118.96,44.82],[-118.98,44.83],[-119.0,44.85],[-119.0,44.86],[-118.99,44.87],[-119.0,44.87],[-119.03,44.85],[-119.04,44.86],[-119.04,44.89],[-119.06,44.89],[-119.07,44.9],[-119.09,44.9],[-119.1,44.9],[-119.11,44.91],[-119.12,44.91],[-119.12,44.93],[-119.14,44.94],[-119.15,44.93],[-119.21,44.93],[-119.22,44.95],[-119.22,44.96],[-119.21,44.96],[-119.2,44.96],[-119.17,44.96],[-119.17,44.97],[-119.18,44.99],[-119.2,44.99],[-119.22,45.0],[-119.23,45.0],[-119.24,45.01],[-119.28,45.01],[-119.34,45.01],[-119.39,45.01],[-119.41,45.01],[-119.43,45.01],[-119.43,45.0],[-119.44,45.0],[-119.46,45.0],[-119.49,45.0],[-119.5,45.0],[-119.51,45.0],[-119.51,44.98],[-119.52,44.97],[-119.51,44.95],[-119.51,44.94],[-119.53,44.94],[-119.53,44.93],[-119.54,44.93],[-119.55,44.94],[-119.55,44.95],[-119.56,44.96],[-119.57,44.95],[-119.57,44.94],[-119.58,44.93],[-119.6,44.94],[-119.61,44.93],[-119.59,44.9],[-119.56,44.9],[-119.55,44.89],[-119.53,44.89],[-119.53,44.9],[-119.51,44.9],[-119.51,44.87],[-119.51,44.85],[-119.53,44.84],[-119.54,44.84],[-119.56,44.82],[-119.57,44.82],[-119.57,44.84],[-119.57,44.85],[-119.58,44.85],[-119.59,44.84],[-119.6,44.83],[-119.62,44.84],[-119.63,44.85],[-119.64,44.84],[-119.65,44.84],[-119.66,44.84],[-119.67,44.86],[-119.67,44.87],[-119.67,44.91],[-119.68,44.92],[-119.7,44.92],[-119.71,44.93],[-119.72,44.93],[-119.73,44.94],[-119.74,44.94],[-119.75,44.94],[-119.76,44.95],[-119.77,44.94],[-119.76,44.93],[-119.76,44.92],[-119.77,44.91],[-119.78,44.92],[-119.79,44.93],[-119.81,44.93],[-119.82,44.92],[-119.84,44.93],[-119.88,44.93],[-119.89,44.92],[-119.9,44.91],[-119.92,44.9],[-119.95,44.9],[-119.98,44.9],[-120.0,44.89],[-120.03,44.89],[-120.04,44.88],[-120.05,44.89],[-120.06,44.9],[-120.08,44.89],[-120.08,44.88],[-120.07,44.85],[-120.06,44.82],[-120.07,44.81],[-120.08,44.8],[-120.09,44.78],[-120.12,44.76],[-120.13,44.76],[-120.13,44.78],[-120.13,44.79],[-120.13,44.8],[-120.11,44.82],[-120.12,44.83],[-120.12,44.84],[-120.13,44.85],[-120.14,44.86],[-120.15,44.86],[-120.16,44.85],[-120.17,44.84],[-120.18,44.83],[-120.19,44.83],[-120.2,44.84],[-120.21,44.85],[-120.22,44.84],[-120.24,44.84],[-120.23,44.85],[-120.23,44.87],[-120.22,44.88],[-120.21,44.88],[-120.19,44.88],[-120.18,44.89],[-120.18,44.9],[-120.2,44.9],[-120.21,44.91],[-120.23,44.92],[-120.25,44.93],[-120.26,44.92],[-120.29,44.92],[-120.3,44.93],[-120.32,44.94],[-120.32,44.95],[-120.34,44.96],[-120.36,44.97],[-120.37,44.96],[-120.38,44.96],[-120.4,44.96],[-120.41,44.97],[-120.4,44.98],[-120.39,44.99],[-120.37,45.0],[-120.35,45.02],[-120.32,45.02],[-120.31,45.03],[-120.29,45.03],[-120.28,45.01],[-120.27,45.01],[-120.26,45.0],[-120.25,44.99],[-120.23,44.99],[-120.21,44.98],[-120.21,44.97],[-120.19,44.97],[-120.19,44.98],[-120.17,44.99],[-120.18,45.0],[-120.2,45.01],[-120.22,45.01],[-120.21,45.02],[-120.2,45.03],[-120.17,45.03],[-120.16,45.04],[-120.15,45.05],[-120.15,45.07],[-120.15,45.09],[-120.14,45.1],[-120.12,45.1],[-120.12,45.09],[-120.1,45.09],[-120.1,45.11],[-120.08,45.12],[-120.07,45.13],[-120.07,45.14],[-120.05,45.14],[-120.05,45.15],[-120.06,45.16],[-120.05,45.18],[-120.03,45.18],[-120.02,45.18],[-120.01,45.18],[-120.0,45.19],[-119.99,45.19],[-119.98,45.19],[-119.97,45.18],[-119.98,45.16],[-119.96,45.16],[-119.96,45.15],[-119.93,45.15],[-119.93,45.16],[-119.9,45.16],[-119.9,45.15],[-119.88,45.15],[-119.87,45.17],[-119.86,45.17],[-119.84,45.17],[-119.84,45.18],[-119.84,45.19],[-119.86,45.2],[-119.89,45.2],[-119.89,45.21],[-119.89,45.22],[-119.88,45.22],[-119.88,45.23],[-119.88,45.24],[-119.84,45.25],[-119.82,45.26],[-119.77,45.27],[-119.72,45.26],[-119.7,45.23],[-119.68,45.22],[-119.63,45.23],[-119.61,45.25],[-119.62,45.26],[-119.64,45.26],[-119.66,45.27],[-119.63,45.29],[-119.64,45.31],[-119.62,45.31],[-119.6,45.32],[-119.6,45.33],[-119.58,45.33],[-119.57,45.32],[-119.56,45.3],[-119.49,45.31],[-119.48,45.32],[-119.46,45.33],[-119.46,45.35],[-119.46,45.37],[-119.51,45.37],[-119.53,45.4],[-119.5,45.41],[-119.48,45.42],[-119.47,45.42],[-119.46,45.41],[-119.45,45.43],[-119.43,45.43],[-119.43,45.42],[-119.4,45.42],[-119.39,45.43],[-119.37,45.44],[-119.36,45.45],[-119.34,45.44],[-119.34,45.42],[-119.31,45.42],[-119.31,45.43],[-119.31,45.44],[-119.31,45.45],[-119.29,45.45],[-119.26,45.46],[-119.24,45.47],[-119.23,45.46],[-119.22,45.44],[-119.2,45.43],[-119.19,45.45],[-119.2,45.47],[-119.18,45.47],[-119.17,45.46],[-119.16,45.46],[-119.15,45.46],[-119.14,45.46],[-119.12,45.47],[-119.12,45.43],[-119.09,45.43],[-119.11,45.4],[-119.1,45.39],[-119.08,45.37],[-119.07,45.38],[-119.04,45.39],[-119.04,45.4],[-119.03,45.43],[-119.02,45.45],[-119.05,45.47],[-119.07,45.49],[-119.08,45.5],[-119.06,45.53],[-119.04,45.51]]]]}},
{"type":"Feature","properties":{"ugc":"ORZ505","name":"John Day Basin","state":"OR","wfo":"PDT"},"geometry":{"type":"MultiPolygon","coordinates":[[[[-118.73,44.45],[-118.72,44.44],[-118.71,44.44],[-118.7,44.43],[-118.71,44.42],[-118.73,44.42],[-118.74,44.41],[-118.75,44.42],[-118.76,44.41],[-118.8,44.41],[-118.81,44.4],[-118.83,44.4],[-118.83,44.39],[-118.86,44.39],[-118.87,44.4],[-118.88,44.4],[-118.89,44.39],[-118.91,44.39],[-118.92,44.38],[-118.93,44.37],[-118.94,44.37],[-118.95,44.38],[-118.96,44.39],[-118.96,44.4],[-118.96,44.41],[-118.97,44.41],[-118.97,44.4],[-118.98,44.39],[-119.01,44.38],[-119.01,44.37],[-119.02,44.37],[-119.02,44.36],[-119.04,44.36],[-119.04,44.37],[-119.08,44.37],[-119.08,44.36],[-119.09,44.36],[-119.11,44.35],[-119.12,44.36],[-119.14,44.36],[-119.15,44.36],[-119.16,44.37],[-119.18,44.38],[-119.23,44.38],[-119.25,44.39],[-119.3,44.39],[-119.35,44.39],[-119.38,44.4],[-119.39,44.41],[-119.41,44.41],[-119.42,44.42],[-119.49,44.42],[-119.5,44.42],[-119.5,44.4],[-119.51,44.39],[-119.51,44.38],[-119.53,44.35],[-119.52,44.34],[-119.53,44.33],[-119.53,44.32],[-119.55,44.31],[-119.56,44.32],[-119.57,44.33],[-119.56,44.34],[-119.56,44.42],[-119.55,44.43],[-119.57,44.43],[-119.58,44.43],[-119.59,44.44],[-119.61,44.44],[-119.62,44.43],[-119.63,44.43],[-119.64,44.44],[-119.65,44.45],[-119.65,44.46],[-119.66,44.46],[-119.7,44.46],[-119.7,44.47],[-119.74,44.47],[-119.77,44.47],[-119.77,44.49],[-119.76,44.5],[-119.76,44.51],[-119.75,44.52],[-119.76,44.53],[-119.77,44.54],[-119.74,44.54],[-119.72,44.53],[-119.67,44.53],[-119.66,44.54],[-119.67,44.55],[-119.67,44.58],[-119.69,44.59],[-119.69,44.6],[-119.66,44.61],[-119.66,44.64],[-119.68,44.65],[-119.68,44.68],[-119.67,44.7],[-119.66,44.72],[-119.67,44.73],[-119.69,44.73],[-119.7,44.73],[-119.71,44.72],[-119.72,44.72],[-119.72,44.74],[-119.71,44.75],[-119.71,44.77],[-119.73,44.77],[-119.74,44.76],[-119.76,44.76],[-119.78,44.75],[-119.79,44.75],[-119.8,44.72],[-119.82,44.72],[-119.83,44.72],[-119.82,44.75],[-119.83,44.76],[-119.86,44.76],[-119.87,44.75],[-119.88,44.74],[-119.89,44.72],[-119.9,44.72],[-119.92,44.72],[-119.92,44.74],[-119.93,44.75],[-119.95,44.75],[-119.97,44.74],[-119.97,44.71],[-120.0,44.7],[-120.0,44.67],[-120.01,44.66],[-120.02,44.66],[-120.04,44.66],[-120.06,44.67],[-120.06,44.69],[-120.06,44.7],[-120.07,44.7],[-120.09,44.69],[-120.11,44.68],[-120.1,44.67],[-120.09,44.66],[-120.08,44.65],[-120.1,44.64],[-120.11,44.65],[-120.12,44.67],[-120.16,44.67],[-120.18,44.67],[-120.2,44.68],[-120.2,44.67],[-120.19,44.66],[-120.16,44.64],[-120.14,44.62],[-120.11,44.62],[-120.09,44.62],[-120.09,44.61],[-120.1,44.6],[-120.11,44.59],[-120.12,44.59],[-120.12,44.57],[-120.11,44.57],[-120.09,44.57],[-120.08,44.56],[-120.09,44.55],[-120.11,44.55],[-120.11,44.53],[-120.12,44.53],[-120.13,44.52],[-120.14,44.52],[-120.16,44.53],[-120.21,44.53],[-120.23,44.53],[-120.24,44.54],[-120.24,44.55],[-120.25,44.56],[-120.27,44.55],[-120.27,44.54],[-120.28,44.53],[-120.3,44.52],[-120.32,44.53],[-120.33,44.53],[-120.32,44.54],[-120.31,44.55],[-120.3,44.56],[-120.3,44.58],[-120.32,44.58],[-120.32,44.57],[-120.34,44.57],[-120.34,44.56],[-120.36,44.55],[-120.37,44.54],[-120.39,44.54],[-120.4,44.54],[-120.42,44.54],[-120.42,44.55],[-120.41,44.56],[-120.39,44.58],[-120.39,44.61],[-120.38,44.62],[-120.37,44.64],[-120.36,44.64],[-120.35,44.66],[-120.36,44.67],[-120.38,44.67],[-120.4,44.68],[-120.43,44.68],[-120.44,44.67],[-120.44,44.66],[-120.43,44.65],[-120.43,44.64],[-120.44,44.64],[-120.44,44.62],[-120.45,44.62],[-120.47,44.63],[-120.48,44.64],[-120.49,44.65],[-120.52,44.65],[-120.53,44.66],[-120.53,44.68],[-120.55,44.68],[-120.56,44.68],[-120.57,44.7],[-120.58,44.71],[-120.59,44.72],[-120.59,44.74],[-120.61,44.74],[-120.63,44.76],[-120.64,44.78],[-120.63,44.8],[-120.62,44.81],[-120.61,44.82],[-120.61,44.83],[-120.6,44.84],[-120.6,44.85],[-120.58,44.86],[-120.58,44.88],[-120.58,44.89],[-120.58,44.9],[-120.57,44.9],[-120.57,44.91],[-120.58,44.92],[-120.59,44.92],[-120.58,44.93],[-120.59,44.94],[-120.59,44.95],[-120.58,44.95],[-120.55,44.96],[-120.53,44.97],[-120.5,44.97],[-120.48,44.96],[-120.47,44.97],[-120.44,44.97],[-120.43,44.97],[-120.41,44.97],[-120.4,44.96],[-120.38,44.96],[-120.37,44.96],[-120.36,44.97],[-120.34,44.96],[-120.32,44.95],[-120.32,44.94],[-120.3,44.93],[-120.29,44.92],[-120.26,44.92],[-120.25,44.93],[-120.23,44.92],[-120.21,44.91],[-120.2,44.9],[-120.18,44.9],[-120.18,44.89],[-120.19,44.88],[-120.21,44.88],[-120.22,44.88],[-120.23,44.87],[-120.23,44.85],[-120.24,44.84],[-120.22,44.84],[-120.21,44.85],[-120.2,44.84],[-120.19,44.83],[-120.18,44.83],[-120.17,44.84],[-120.16,44.85],[-120.15,44.86],[-120.14,44.86],[-120.13,44.85],[-120.12,44.84],[-120.12,44.83],[-120.11,44.82],[-120.13,44.8],[-120.13,44.79],[-120.13,44.78],[-120.13,44.76],[-120.12,44.76],[-120.09,44.78],[-120.08,44.8],[-120.07,44.81],[-120.06,44.82],[-120.07,44.85],[-120.08,44.88],[-120.08,44.89],[-120.06,44.9],[-120.05,44.89],[-120.04,44.88],[-120.03,44.89],[-120.0,44.89],[-119.98,44.9],[-119.95,44.9],[-119.92,44.9],[-119.9,44.91],[-119.89,44.92],[-119.88,44.93],[-119.84,44.93],[-119.82,44.92],[-119.81,44.93],[-119.79,44.93],[-119.78,44.92],[-119.77,44.91],[-119.76,44.92],[-119.76,44.93],[-119.77,44.94],[-119.76,44.95],[-119.75,44.94],[-119.74,44.94],[-119.73,44.94],[-119.72,44.93],[-119.71,44.93],[-119.7,44.92],[-119.68,44.92],[-119.67,44.91],[-119.67,44.87],[-119.67,44.86],[-119.66,44.84],[-119.65,44.84],[-119.64,44.84],[-119.63,44.85],[-119.62,44.84],[-119.6,44.83],[-119.59,44.84],[-119.58,44.85],[-119.57,44.85],[-119.57,44.84],[-119.57,44.82],[-119.56,44.82],[-119.54,44.84],[-119.53,44.84],[-119.51,44.85],[-119.51,44.87],[-119.51,44.9],[-119.53,44.9],[-119.53,44.89],[-119.55,44.89],[-119.56,44.9],[-119.59,44.9],[-119.61,44.93],[-119.6,44.94],[-119.58,44.93],[-119.57,44.94],[-119.57,44.95],[-119.56,44.96],[-119.55,44.95],[-119.55,44.94],[-119.54,44.93],[-119.53,44.93],[-119.53,44.94],[-119.51,44.94],[-119.51,44.95],[-119.52,44.97],[-119.51,44.98],[-119.51,45.0],[-119.5,45.0],[-119.49,45.0],[-119.46,45.0],[-119.44,45.0],[-119.43,45.0],[-119.43,45.01],[-119.41,45.01],[-119.39,45.01],[-119.34,45.01],[-119.28,45.01],[-119.24,45.01],[-119.23,45.0],[-119.22,45.0],[-119.2,44.99],[-119.18,44.99],[-119.17,44.97],[-119.17,44.96],[-119.2,44.96],[-119.21,44.96],[-119.22,44.96],[-119.22,44.95],[-119.21,44.93],[-119.15,44.93],[-119.14,44.94],[-119.12,44.93],[-119.12,44.91],[-119.11,44.91],[-119.1,44.9],[-119.09,44.9],[-119.07,44.9],[-119.06,44.89],[-119.04,44.89],[-119.04,44.86],[-119.03,44.85],[-119.0,44.87],[-118.99,44.87],[-119.0,44.86],[-119.0,44.85],[-118.98,44.83],[-118.96,44.82],[-118.95,44.81],[-118.95,44.8],[-118.93,44.79],[-118.92,44.8],[-118.88,44.8],[-118.88,44.78],[-118.86,44.77],[-118.86,44.76],[-118.89,44.76],[-118.91,44.77],[-118.92,44.76],[-118.93,44.76],[-118.94,44.77],[-118.96,44.79],[-118.98,44.79],[-119.0,44.8],[-119.02,44.82],[-119.04,44.82],[-119.04,44.83],[-119.05,44.84],[-119.08,44.84],[-119.09,44.85],[-119.11,44.86],[-119.14,44.86],[-119.15,44.85],[-119.14,44.84],[-119.12,44.84],[-119.1,44.82],[-119.1,44.81],[-119.1,44.79],[-119.11,44.78],[-119.11,44.75],[-119.12,44.75],[-119.13,44.77],[-119.15,44.78],[-119.18,44.79],[-119.21,44.79],[-119.23,44.79],[-119.24,44.81],[-119.25,44.81],[-119.26,44.8],[-119.27,44.8],[-119.28,44.79],[-119.29,44.77],[-119.3,44.77],[-119.31,44.78],[-119.32,44.79],[-119.34,44.8],[-119.36,44.79],[-119.35,44.78],[-119.34,44.77],[-119.33,44.75],[-119.32,44.74],[-119.32,44.73],[-119.33,44.72],[-119.35,44.72],[-119.36,44.7],[-119.36,44.69],[-119.37,44.69],[-119.38,44.67],[-119.37,44.63],[-119.39,44.62],[-119.4,44.64],[-119.42,44.65],[-119.44,44.67],[-119.44,44.7],[-119.44,44.71],[-119.44,44.73],[-119.44,44.74],[-119.44,44.75],[-119.45,44.76],[-119.47,44.76],[-119.48,44.75],[-119.48,44.74],[-119.48,44.73],[-119.48,44.72],[-119.48,44.71],[-119.5,44.71],[-119.51,44.71],[-119.52,44.7],[-119.53,44.7],[-119.54,44.71],[-119.55,44.71],[-119.55,44.74],[-119.57,44.74],[-119.58,44.75],[-119.6,44.74],[-119.6,44.73],[-119.6,44.71],[-119.61,44.7],[-119.6,44.69],[-119.6,44.68],[-119.6,44.66],[-119.59,44.66],[-119.59,44.63],[-119.58,44.61],[-119.57,44.61],[-119.56,44.6],[-119.56,44.58],[-119.57,44.58],[-119.57,44.56],[-119.58,44.56],[-119.59,44.56],[-119.6,44.55],[-119.6,44.54],[-119.59,44.53],[-119.58,44.53],[-119.57,44.53],[-119.56,44.53],[-119.52,44.53],[-119.51,44.51],[-119.49,44.52],[-119.47,44.52],[-119.45,44.5],[-119.42,44.5],[-119.41,44.49],[-119.39,44.49],[-119.38,44.48],[-119.37,44.48],[-119.34,44.48],[-119.33,44.47],[-119.32,44.47],[-119.31,44.47],[-119.3,44.46],[-119.3,44.45],[-119.29,44.45],[-119.28,44.46],[-119.27,44.46],[-119.27,44.48],[-119.26,44.48],[-119.25,44.48],[-119.25,44.46],[-119.23,44.46],[-119.22,44.46],[-119.21,44.46],[-119.18,44.46],[-119.17,44.45],[-119.16,44.45],[-119.15,44.45],[-119.14,44.44],[-119.13,44.45],[-119.11,44.45],[-119.1,44.43],[-119.08,44.43],[-119.07,44.44],[-119.06,44.45],[-119.05,44.43],[-119.03,44.45],[-119.03,44.47],[-119.01,44.47],[-119.01,44.46],[-119.0,44.45],[-119.0,44.44],[-118.99,44.43],[-118.97,44.43],[-118.96,44.43],[-118.94,44.42],[-118.92,44.43],[-118.91,44.42],[-118.89,44.42],[-118.87,44.43],[-118.86,44.43],[-118.82,44.44],[-118.81,44.45],[-118.79,44.45],[-118.78,44.45],[-118.76,44.45],[-118.75,44.45],[-118.73,44.45]]]]}},
{"type":"Feature","properties":{"ugc":"ORZ506","name":"Ochoco-John Day Highlands","state":"OR","wfo":"PDT"},"geometry":{"type":"MultiPolygon","coordinates":[[[[-120.63,44.8],[-120.64,44.78],[-120.63,44.76],[-120.61,44.74],[-120.59,44.74],[-120.59,44.72],[-120.58,44.71],[-120.57,44.7],[-120.56,44.68],[-120.55,44.68],[-120.53,44.68],[-120.53,44.66],[-120.52,44.65],[-120.49,44.65],[-120.48,44.64],[-120.47,44.63],[-120.45,44.62],[-120.44,44.62],[-120.44,44.64],[-120.43,44.64],[-120.43,44.65],[-120.44,44.66],[-120.44,44.67],[-120.43,44.68],[-120.4,44.68],[-120.38,44.67],[-120.36,44.67],[-120.35,44.66],[-120.36,44.64],[-120.37,44.64],[-120.38,44.62],[-120.39,44.61],[-120.39,44.58],[-120.41,44.56],[-120.42,44.55],[-120.42,44.54],[-120.4,44.54],[-120.39,44.54],[-120.37,44.54],[-120.36,44.55],[-120.34,44.56],[-120.34,44.57],[-120.32,44.57],[-120.32,44.58],[-120.3,44.58],[-120.3,44.56],[-120.31,44.55],[-120.32,44.54],[-120.33,44.53],[-120.32,44.53],[-120.3,44.52],[-120.28,44.53],[-120.27,44.54],[-120.27,44.55],[-120.25,44.56],[-120.24,44.55],[-120.24,44.54],[-120.23,44.53],[-120.21,44.53],[-120.16,44.53],[-120.14,44.52],[-120.13,44.52],[-120.12,44.53],[-120.11,44.53],[-120.11,44.55],[-120.09,44.55],[-120.08,44.56],[-120.09,44.57],[-120.11,44.57],[-120.12,44.57],[-120.12,44.59],[-120.11,44.59],[-120.1,44.6],[-120.09,44.61],[-120.09,44.62],[-120.11,44.62],[-120.14,44.62],[-120.16,44.64],[-120.19,44.66],[-120.2,44.67],[-120.2,44.68],[-120.18,44.67],[-120.16,44.67],[-120.12,44.67],[-120.11,44.65],[-120.1,44.64],[-120.08,44.65],[-120.09,44.66],[-120.1,44.67],[-120.11,44.68],[-120.09,44.69],[-120.07,44.7],[-120.06,44.7],[-120.06,44.69],[-120.06,44.67],[-120.04,44.66],[-120.02,44.66],[-120.01,44.66],[-120.0,44.67],[-120.0,44.7],[-119.97,44.71],[-119.97,44.74],[-119.95,44.75],[-119.93,44.75],[-119.92,44.74],[-119.92,44.72],[-119.9,44.72],[-119.89,44.72],[-119.88,44.74],[-119.87,44.75],[-119.86,44.76],[-119.83,44.76],[-119.82,44.75],[-119.83,44.72],[-119.82,44.72],[-119.8,44.72],[-119.79,44.75],[-119.78,44.75],[-119.76,44.76],[-119.74,44.76],[-119.73,44.77],[-119.71,44.77],[-119.71,44.75],[-119.72,44.74],[-119.72,44.72],[-119.71,44.72],[-119.7,44.73],[-119.69,44.73],[-119.67,44.73],[-119.66,44.72],[-119.67,44.7],[-119.68,44.68],[-119.68,44.65],[-119.66,44.64],[-119.66,44.61],[-119.69,44.6],[-119.69,44.59],[-119.67,44.58],[-119.67,44.55],[-119.66,44.54],[-119.67,44.53],[-119.72,44.53],[-119.74,44.54],[-119.77,44.54],[-119.76,44.53],[-119.75,44.52],[-119.76,44.51],[-119.76,44.5],[-119.77,44.49],[-119.77,44.47],[-119.74,44.47],[-119.7,44.47],[-119.7,44.46],[-119.66,44.46],[-119.65,44.46],[-119.65,44.45],[-119.64,44.44],[-119.63,44.43],[-119.62,44.43],[-119.61,44.44],[-119.59,44.44],[-119.58,44.43],[-119.57,44.43],[-119.55,44.43],[-119.56,44.42],[-119.56,44.34],[-119.57,44.33],[-119.56,44.32],[-119.55,44.31],[-119.53,44.32],[-119.53,44.33],[-119.52,44.34],[-119.53,44.35],[-119.51,44.38],[-119.51,44.39],[-119.5,44.4],[-119.5,44.42],[-119.49,44.42],[-119.42,44.42],[-119.41,44.41],[-119.39,44.41],[-119.38,44.4],[-119.35,44.39],[-119.3,44.39],[-119.25,44.39],[-119.23,44.38],[-119.18,44.38],[-119.16,44.37],[-119.15,44.36],[-119.14,44.36],[-119.12,44.36],[-119.11,44.35],[-119.09,44.36],[-119.08,44.36],[-119.08,44.37],[-119.04,44.37],[-119.04,44.36],[-119.02,44.36],[-119.02,44.37],[-119.01,44.37],[-119.01,44.38],[-118.98,44.39],[-118.97,44.4],[-118.97,44.41],[-118.96,44.41],[-118.96,44.4],[-118.96,44.39],[-118.95,44.38],[-118.94,44.37],[-118.93,44.37],[-118.92,44.38],[-118.91,44.39],[-118.89,44.39],[-118.88,44.4],[-118.87,44.4],[-118.86,44.39],[-118.83,44.39],[-118.83,44.4],[-118.81,44.4],[-118.8,44.41],[-118.76,44.41],[-118.75,44.42],[-118.74,44.41],[-118.73,44.42],[-118.71,44.42],[-118.7,44.43],[-118.71,44.44],[-118.72,44.44],[-118.73,44.45],[-118.73,44.46],[-118.72,44.47],[-118.71,44.47],[-118.7,44.47],[-118.68,44.47],[-118.65,44.46],[-118.61,44.45],[-118.57,44.44],[-118.54,44.44],[-118.5,44.44],[-118.47,44.44],[-118.44,44.44],[-118.42,44.45],[-118.42,44.44],[-118.42,44.43],[-118.42,44.42],[-118.43,44.42],[-118.43,44.41],[-118.44,44.4],[-118.43,44.4],[-118.43,44.39],[-118.42,44.39],[-118.41,44.38],[-118.41,44.37],[-118.42,44.37],[-118.43,44.37],[-118.43,44.36],[-118.44,44.35],[-118.45,44.35],[-118.46,44.35],[-118.46,44.34],[-118.47,44.33],[-118.47,44.32],[-118.48,44.32],[-118.48,44.31],[-118.48,44.3],[-118.49,44.3],[-118.49,44.29],[-118.5,44.29],[-118.5,44.28],[-118.5,44.26],[-118.46,44.26],[-118.42,44.26],[-118.39,44.26],[-118.36,44.26],[-118.35,44.26],[-118.25,44.26],[-118.23,44.26],[-118.23,44.24],[-118.23,44.21],[-118.23,44.04],[-118.34,44.04],[-118.35,44.04],[-118.36,44.04],[-118.44,44.04],[-118.47,44.04],[-118.5,44.04],[-118.58,44.04],[-118.59,44.04],[-118.59,44.05],[-118.75,44.05],[-118.81,44.05],[-118.82,44.05],[-118.82,44.04],[-118.82,44.03],[-118.82,43.96],[-118.99,43.96],[-119.0,43.96],[-119.06,43.96],[-119.09,43.96],[-119.13,43.96],[-119.22,43.96],[-119.25,43.96],[-119.29,43.96],[-119.35,43.96],[-119.38,43.96],[-119.5,43.96],[-119.52,43.96],[-119.54,43.96],[-119.63,43.96],[-119.66,43.96],[-119.75,43.96],[-119.78,43.96],[-119.78,43.87],[-119.78,43.77],[-119.78,43.7],[-119.9,43.7],[-119.9,43.67],[-119.9,43.65],[-119.9,43.62],[-119.9,43.61],[-119.95,43.61],[-120.0,43.61],[-120.01,43.61],[-120.25,43.61],[-120.28,43.61],[-120.31,43.61],[-120.37,43.61],[-120.38,43.61],[-120.38,43.62],[-120.5,43.62],[-120.66,43.62],[-120.67,43.62],[-120.69,43.62],[-120.72,43.62],[-120.75,43.62],[-120.81,43.62],[-120.97,43.62],[-120.98,43.62],[-121.03,43.62],[-121.04,43.7],[-121.08,43.79],[-121.14,43.84],[-121.15,43.9],[-121.12,43.94],[-121.14,44.01],[-121.13,44.0],[-121.1,44.0],[-121.08,43.99],[-121.03,44.0],[-120.94,44.06],[-120.92,44.08],[-120.91,44.12],[-120.92,44.15],[-120.9,44.17],[-120.88,44.18],[-120.88,44.19],[-120.88,44.2],[-120.88,44.21],[-120.87,44.23],[-120.88,44.25],[-120.86,44.27],[-120.84,44.27],[-120.82,44.27],[-120.81,44.28],[-120.78,44.29],[-120.75,44.3],[-120.75,44.32],[-120.76,44.33],[-120.78,44.33],[-120.78,44.34],[-120.8,44.35],[-120.83,44.37],[-120.88,44.39],[-120.92,44.4],[-120.94,44.39],[-120.96,44.4],[-120.98,44.39],[-120.97,44.36],[-121.0,44.34],[-121.01,44.35],[-121.04,44.35],[-121.05,44.35],[-121.05,44.36],[-121.05,44.37],[-121.05,44.39],[-121.07,44.39],[-121.08,44.38],[-121.09,44.37],[-121.11,44.36],[-121.12,44.37],[-121.13,44.37],[-121.14,44.38],[-121.15,44.4],[-121.14,44.41],[-121.15,44.42],[-121.16,44.43],[-121.16,44.45],[-121.12,44.47],[-121.08,44.48],[-121.05,44.47],[-121.02,44.47],[-120.99,44.49],[-120.99,44.51],[-120.99,44.54],[-120.98,44.56],[-120.95,44.56],[-120.94,44.59],[-120.91,44.6],[-120.9,44.62],[-120.88,44.64],[-120.88,44.67],[-120.87,44.69],[-120.87,44.71],[-120.87,44.72],[-120.86,44.73],[-120.85,44.73],[-120.83,44.73],[-120.81,44.71],[-120.79,44.7],[-120.78,44.7],[-120.76,44.69],[-120.74,44.7],[-120.73,44.71],[-120.73,44.73],[-120.71,44.74],[-120.71,44.76],[-120.7,44.77],[-120.69,44.78],[-120.67,44.79],[-120.65,44.8],[-120.64,44.8],[-120.63,44.8]]]]}},
{"type":"Feature","properties":{"ugc":"ORZ507","name":"Foothills of the Northern Blue Mountains of Oregon","state":"OR","wfo":"PDT"},"geometry":{"type":"MultiPolygon","coordinates":[[[[-118.6,46.0],[-118.58,46.0],[-118.56,46.0],[-118.54,46.0],[-118.5,46.0],[-118.48,46.0],[-118.42,46.0],[-118.4,46.0],[-118.37,46.0],[-118.31,46.0],[-118.28,46.0],[-118.25,46.0],[-118.21,46.0],[-118.17,46.0],[-118.18,45.99],[-118.18,45.98],[-118.17,45.98],[-118.18,45.96],[-118.19,45.96],[-118.18,45.95],[-118.18,45.94],[-118.18,45.93],[-118.2,45.93],[-118.22,45.92],[-118.22,45.91],[-118.21,45.9],[-118.2,45.89],[-118.21,45.88],[-118.21,45.87],[-118.2,45.86],[-118.21,45.86],[-118.21,45.85],[-118.22,45.85],[-118.24,45.85],[-118.25,45.85],[-118.25,45.84],[-118.26,45.84],[-118.27,45.83],[-118.29,45.83],[-118.3,45.83],[-118.3,45.82],[-118.32,45.82],[-118.34,45.81],[-118.35,45.8],[-118.37,45.79],[-118.38,45.78],[-118.39,45.76],[-118.4,45.76],[-118.41,45.74],[-118.4,45.73],[-118.42,45.72],[-118.41,45.72],[-118.39,45.72],[-118.39,45.71],[-118.38,45.71],[-118.37,45.7],[-118.36,45.71],[-118.33,45.71],[-118.32,45.7],[-118.32,45.69],[-118.33,45.67],[-118.33,45.66],[-118.34,45.66],[-118.36,45.66],[-118.36,45.67],[-118.37,45.67],[-118.38,45.66],[-118.4,45.66],[-118.42,45.67],[-118.43,45.66],[-118.43,45.65],[-118.45,45.64],[-118.47,45.64],[-118.49,45.65],[-118.5,45.63],[-118.52,45.64],[-118.53,45.63],[-118.53,45.62],[-118.55,45.62],[-118.56,45.61],[-118.57,45.61],[-118.57,45.6],[-118.6,45.59],[-118.61,45.58],[-118.61,45.56],[-118.63,45.55],[-118.64,45.55],[-118.65,45.54],[-118.66,45.52],[-118.65,45.51],[-118.63,45.51],[-118.62,45.51],[-118.61,45.52],[-118.59,45.53],[-118.57,45.52],[-118.57,45.51],[-118.58,45.49],[-118.59,45.48],[-118.59,45.45],[-118.58,45.45],[-118.59,45.44],[-118.6,45.45],[-118.61,45.48],[-118.62,45.48],[-118.63,45.47],[-118.64,45.47],[-118.66,45.48],[-118.68,45.47],[-118.69,45.47],[-118.7,45.47],[-118.7,45.46],[-118.71,45.45],[-118.73,45.44],[-118.75,45.43],[-118.77,45.42],[-118.77,45.4],[-118.78,45.39],[-118.79,45.38],[-118.81,45.39],[-118.84,45.39],[-118.85,45.38],[-118.89,45.36],[-118.9,45.38],[-118.92,45.39],[-118.92,45.41],[-118.94,45.42],[-118.97,45.43],[-118.99,45.45],[-118.99,45.48],[-119.0,45.49],[-119.02,45.49],[-119.04,45.51],[-119.06,45.53],[-119.08,45.5],[-119.07,45.49],[-119.05,45.47],[-119.02,45.45],[-119.03,45.43],[-119.04,45.4],[-119.04,45.39],[-119.07,45.38],[-119.08,45.37],[-119.1,45.39],[-119.11,45.4],[-119.09,45.43],[-119.12,45.43],[-119.12,45.47],[-119.14,45.46],[-119.15,45.46],[-119.15,45.5],[-119.15,45.52],[-119.25,45.52],[-119.25,45.57],[-119.25,45.59],[-119.16,45.64],[-119.13,45.65],[-119.1,45.64],[-119.06,45.63],[-119.01,45.64],[-118.98,45.68],[-118.98,45.72],[-118.97,45.8],[-118.94,45.83],[-118.94,45.86],[-118.92,45.87],[-118.91,45.91],[-118.89,45.95],[-118.87,45.98],[-118.84,46.0],[-118.77,46.0],[-118.64,46.0],[-118.6,46.0]]]]}},
{"type":"Feature","properties":{"ugc":"ORZ508","name":"Foothills of the Southern Blue Mountains of Oregon","state":"OR","wfo":"PDT"},"geometry":{"type":"MultiPolygon","coordinates":[[[[-120.55,45.25],[-120.54,45.25],[-120.53,45.26],[-120.54,45.26],[-120.55,45.26],[-120.55,45.27],[-120.54,45.27],[-120.54,45.28],[-120.54,45.29],[-120.55,45.29],[-120.55,45.3],[-120.54,45.3],[-120.53,45.29],[-120.53,45.3],[-120.52,45.3],[-120.53,45.31],[-120.54,45.31],[-120.54,45.32],[-120.53,45.32],[-120.53,45.33],[-120.53,45.34],[-120.54,45.34],[-120.54,45.35],[-120.53,45.35],[-120.53,45.36],[-120.53,45.37],[-120.52,45.37],[-120.52,45.38],[-120.53,45.38],[-120.53,45.39],[-120.52,45.39],[-120.52,45.4],[-120.51,45.4],[-120.51,45.41],[-120.5,45.41],[-120.5,45.42],[-120.49,45.42],[-120.49,45.43],[-120.48,45.44],[-120.49,45.44],[-120.5,45.44],[-120.5,45.45],[-120.49,45.45],[-120.48,45.46],[-120.49,45.46],[-120.5,45.46],[-120.49,45.47],[-120.48,45.47],[-120.47,45.48],[-120.46,45.48],[-120.45,45.49],[-120.45,45.48],[-120.44,45.48],[-120.43,45.47],[-120.42,45.47],[-120.41,45.47],[-120.41,45.48],[-120.42,45.48],[-120.42,45.49],[-120.43,45.5],[-120.42,45.5],[-120.41,45.5],[-120.4,45.5],[-120.39,45.5],[-120.38,45.49],[-120.37,45.49],[-120.37,45.5],[-120.36,45.5],[-120.36,45.51],[-120.37,45.51],[-120.37,45.52],[-120.38,45.52],[-120.38,45.53],[-120.37,45.53],[-120.36,45.53],[-120.36,45.54],[-120.35,45.53],[-120.32,45.55],[-120.27,45.55],[-120.22,45.53],[-120.23,45.56],[-120.26,45.58],[-120.24,45.59],[-120.15,45.59],[-120.13,45.6],[-120.11,45.58],[-120.1,45.56],[-120.07,45.54],[-120.05,45.55],[-120.04,45.58],[-120.0,45.58],[-119.97,45.56],[-119.95,45.55],[-119.94,45.54],[-119.93,45.52],[-119.92,45.51],[-119.91,45.5],[-119.87,45.47],[-119.85,45.47],[-119.84,45.46],[-119.83,45.47],[-119.82,45.47],[-119.8,45.48],[-119.78,45.49],[-119.78,45.5],[-119.77,45.51],[-119.77,45.52],[-119.76,45.53],[-119.75,45.54],[-119.73,45.54],[-119.72,45.55],[-119.7,45.55],[-119.66,45.54],[-119.62,45.55],[-119.6,45.57],[-119.59,45.58],[-119.55,45.59],[-119.53,45.58],[-119.5,45.59],[-119.48,45.59],[-119.45,45.59],[-119.43,45.6],[-119.38,45.6],[-119.37,45.6],[-119.35,45.6],[-119.33,45.6],[-119.3,45.6],[-119.28,45.6],[-119.25,45.6],[-119.25,45.59],[-119.25,45.57],[-119.25,45.52],[-119.15,45.52],[-119.15,45.5],[-119.15,45.46],[-119.16,45.46],[-119.17,45.46],[-119.18,45.47],[-119.2,45.47],[-119.19,45.45],[-119.2,45.43],[-119.22,45.44],[-119.23,45.46],[-119.24,45.47],[-119.26,45.46],[-119.29,45.45],[-119.31,45.45],[-119.31,45.44],[-119.31,45.43],[-119.31,45.42],[-119.34,45.42],[-119.34,45.44],[-119.36,45.45],[-119.37,45.44],[-119.39,45.43],[-119.4,45.42],[-119.43,45.42],[-119.43,45.43],[-119.45,45.43],[-119.46,45.41],[-119.47,45.42],[-119.48,45.42],[-119.5,45.41],[-119.53,45.4],[-119.51,45.37],[-119.46,45.37],[-119.46,45.35],[-119.46,45.33],[-119.48,45.32],[-119.49,45.31],[-119.56,45.3],[-119.57,45.32],[-119.58,45.33],[-119.6,45.33],[-119.6,45.32],[-119.62,45.31],[-119.64,45.31],[-119.63,45.29],[-119.66,45.27],[-119.64,45.26],[-119.62,45.26],[-119.61,45.25],[-119.63,45.23],[-119.68,45.22],[-119.7,45.23],[-119.72,45.26],[-119.77,45.27],[-119.82,45.26],[-119.84,45.25],[-119.88,45.24],[-119.88,45.23],[-119.88,45.22],[-119.89,45.22],[-119.89,45.21],[-119.89,45.2],[-119.86,45.2],[-119.84,45.19],[-119.84,45.18],[-119.84,45.17],[-119.86,45.17],[-119.87,45.17],[-119.88,45.15],[-119.9,45.15],[-119.9,45.16],[-119.93,45.16],[-119.93,45.15],[-119.96,45.15],[-119.96,45.16],[-119.98,45.16],[-119.97,45.18],[-119.98,45.19],[-119.99,45.19],[-120.0,45.19],[-120.01,45.18],[-120.02,45.18],[-120.03,45.18],[-120.05,45.18],[-120.06,45.16],[-120.05,45.15],[-120.05,45.14],[-120.07,45.14],[-120.07,45.13],[-120.08,45.12],[-120.1,45.11],[-120.1,45.09],[-120.12,45.09],[-120.12,45.1],[-120.14,45.1],[-120.15,45.09],[-120.15,45.07],[-120.15,45.05],[-120.16,45.04],[-120.17,45.03],[-120.2,45.03],[-120.21,45.02],[-120.22,45.01],[-120.2,45.01],[-120.18,45.0],[-120.17,44.99],[-120.19,44.98],[-120.19,44.97],[-120.21,44.97],[-120.21,44.98],[-120.23,44.99],[-120.25,44.99],[-120.26,45.0],[-120.27,45.01],[-120.28,45.01],[-120.29,45.03],[-120.31,45.03],[-120.32,45.02],[-120.35,45.02],[-120.37,45.0],[-120.39,44.99],[-120.4,44.98],[-120.41,44.97],[-120.43,44.97],[-120.44,44.97],[-120.47,44.97],[-120.48,44.96],[-120.48,44.97],[-120.48,44.98],[-120.48,44.99],[-120.48,45.0],[-120.49,45.0],[-120.48,45.01],[-120.48,45.02],[-120.49,45.03],[-120.48,45.03],[-120.48,45.04],[-120.49,45.04],[-120.49,45.05],[-120.48,45.05],[-120.48,45.06],[-120.49,45.06],[-120.5,45.07],[-120.5,45.08],[-120.51,45.09],[-120.51,45.1],[-120.5,45.1],[-120.49,45.11],[-120.49,45.1],[-120.48,45.1],[-120.48,45.11],[-120.47,45.11],[-120.47,45.1],[-120.46,45.1],[-120.46,45.11],[-120.46,45.12],[-120.46,45.13],[-120.46,45.14],[-120.47,45.14],[-120.47,45.15],[-120.48,45.15],[-120.48,45.16],[-120.47,45.16],[-120.47,45.17],[-120.48,45.17],[-120.47,45.18],[-120.48,45.18],[-120.49,45.18],[-120.48,45.19],[-120.49,45.2],[-120.5,45.2],[-120.51,45.2],[-120.52,45.2],[-120.53,45.2],[-120.53,45.21],[-120.54,45.21],[-120.54,45.22],[-120.54,45.23],[-120.54,45.24],[-120.55,45.24],[-120.55,45.25]],[[-120.46,45.14],[-120.45,45.14],[-120.45,45.15],[-120.46,45.15],[-120.46,45.14]]],[[[-120.52,45.4],[-120.53,45.4],[-120.53,45.41],[-120.52,45.41],[-120.52,45.4]]]]}},
{"type":"Feature","properties":{"ugc":"ORZ509","name":"East Slopes of the Oregon Cascades","state":"OR","wfo":"PDT"},"geometry":{"type":"MultiPolygon","coordinates":[[[[-121.98,43.73],[-121.98,43.74],[-121.98,43.75],[-121.97,43.75],[-121.97,43.76],[-121.96,43.76],[-121.97,43.77],[-121.97,43.78],[-121.97,43.79],[-121.97,43.8],[-121.96,43.81],[-121.97,43.81],[-121.97,43.82],[-121.97,43.83],[-121.98,43.83],[-121.98,43.84],[-121.97,43.84],[-121.98,43.85],[-121.98,43.86],[-121.97,43.86],[-121.97,43.87],[-121.96,43.87],[-121.96,43.88],[-121.95,43.88],[-121.94,43.89],[-121.93,43.89],[-121.93,43.9],[-121.94,43.9],[-121.93,43.91],[-121.92,43.91],[-121.91,43.91],[-121.9,43.92],[-121.9,43.91],[-121.89,43.91],[-121.88,43.91],[-121.87,43.91],[-121.87,43.92],[-121.87,43.93],[-121.86,43.93],[-121.86,43.94],[-121.86,43.95],[-121.86,43.96],[-121.85,43.97],[-121.84,43.97],[-121.84,43.98],[-121.84,43.99],[-121.83,43.99],[-121.83,44.0],[-121.82,44.0],[-121.82,44.01],[-121.82,44.02],[-121.83,44.02],[-121.83,44.03],[-121.83,44.04],[-121.82,44.05],[-121.81,44.05],[-121.8,44.05],[-121.8,44.06],[-121.79,44.06],[-121.79,44.07],[-121.79,44.08],[-121.78,44.08],[-121.78,44.09],[-121.77,44.09],[-121.77,44.1],[-121.77,44.11],[-121.77,44.12],[-121.77,44.13],[-121.77,44.14],[-121.78,44.14],[-121.78,44.15],[-121.78,44.16],[-121.77,44.17],[-121.78,44.17],[-121.78,44.18],[-121.77,44.18],[-121.77,44.19],[-121.78,44.19],[-121.78,44.2],[-121.78,44.21],[-121.78,44.22],[-121.78,44.23],[-121.79,44.23],[-121.79,44.24],[-121.79,44.25],[-121.8,44.25],[-121.8,44.26],[-121.81,44.26],[-121.82,44.26],[-121.82,44.27],[-121.82,44.28],[-121.83,44.28],[-121.83,44.29],[-121.84,44.29],[-121.84,44.3],[-121.84,44.31],[-121.84,44.32],[-121.84,44.33],[-121.84,44.34],[-121.84,44.35],[-121.84,44.36],[-121.85,44.37],[-121.84,44.37],[-121.84,44.38],[-121.85,44.38],[-121.85,44.39],[-121.84,44.39],[-121.84,44.4],[-121.85,44.4],[-121.85,44.41],[-121.84,44.41],[-121.84,44.42],[-121.85,44.42],[-121.85,44.43],[-121.85,44.44],[-121.84,44.44],[-121.84,44.45],[-121.85,44.45],[-121.85,44.46],[-121.85,44.47],[-121.84,44.47],[-121.84,44.48],[-121.85,44.48],[-121.85,44.49],[-121.84,44.49],[-121.83,44.5],[-121.83,44.51],[-121.82,44.51],[-121.81,44.51],[-121.81,44.52],[-121.81,44.53],[-121.82,44.54],[-121.81,44.54],[-121.81,44.55],[-121.8,44.56],[-121.8,44.57],[-121.8,44.58],[-121.8,44.59],[-121.79,44.59],[-121.79,44.6],[-121.8,44.6],[-121.8,44.61],[-121.81,44.61],[-121.81,44.62],[-121.81,44.63],[-121.8,44.64],[-121.8,44.65],[-121.8,44.66],[-121.8,44.67],[-121.8,44.68],[-121.79,44.68],[-121.79,44.69],[-121.79,44.7],[-121.8,44.7],[-121.8,44.71],[-121.8,44.72],[-121.79,44.73],[-121.8,44.73],[-121.79,44.74],[-121.79,44.75],[-121.78,44.75],[-121.77,44.76],[-121.76,44.76],[-121.76,44.77],[-121.77,44.77],[-121.77,44.78],[-121.78,44.78],[-121.78,44.77],[-121.79,44.77],[-121.8,44.77],[-121.8,44.78],[-121.81,44.78],[-121.81,44.79],[-121.82,44.79],[-121.82,44.8],[-121.81,44.8],[-121.81,44.81],[-121.8,44.81],[-121.79,44.82],[-121.78,44.82],[-121.77,44.82],[-121.76,44.82],[-121.76,44.83],[-121.75,44.83],[-121.75,44.84],[-121.74,44.84],[-121.74,44.85],[-121.75,44.86],[-121.75,44.87],[-121.74,44.88],[-121.73,44.88],[-121.73,44.89],[-121.72,44.9],[-121.71,44.9],[-121.71,44.91],[-121.72,44.91],[-121.73,44.91],[-121.74,44.91],[-121.75,44.92],[-121.74,44.92],[-121.75,44.93],[-121.76,44.94],[-121.77,44.94],[-121.78,44.94],[-121.79,44.94],[-121.79,44.93],[-121.8,44.94],[-121.8,44.95],[-121.79,44.95],[-121.79,44.96],[-121.8,44.97],[-121.8,44.98],[-121.8,44.99],[-121.8,45.0],[-121.81,45.01],[-121.8,45.01],[-121.8,45.02],[-121.79,45.02],[-121.78,45.01],[-121.78,45.02],[-121.78,45.03],[-121.78,45.04],[-121.77,45.04],[-121.76,45.04],[-121.75,45.03],[-121.74,45.03],[-121.73,45.04],[-121.72,45.04],[-121.72,45.05],[-121.71,45.06],[-121.7,45.06],[-121.69,45.07],[-121.68,45.07],[-121.67,45.07],[-121.66,45.07],[-121.66,45.08],[-121.65,45.09],[-121.65,45.1],[-121.66,45.1],[-121.66,45.11],[-121.66,45.12],[-121.67,45.12],[-121.68,45.12],[-121.69,45.12],[-121.7,45.12],[-121.7,45.13],[-121.71,45.13],[-121.71,45.14],[-121.71,45.15],[-121.72,45.16],[-121.73,45.16],[-121.73,45.17],[-121.73,45.18],[-121.74,45.18],[-121.75,45.19],[-121.75,45.2],[-121.75,45.21],[-121.74,45.21],[-121.73,45.21],[-121.72,45.21],[-121.71,45.21],[-121.71,45.22],[-121.7,45.22],[-121.7,45.23],[-121.69,45.23],[-121.68,45.23],[-121.68,45.24],[-121.68,45.25],[-121.69,45.25],[-121.7,45.26],[-121.64,45.26],[-121.63,45.26],[-121.51,45.26],[-121.5,45.26],[-121.49,45.26],[-121.48,45.26],[-121.48,45.29],[-121.48,45.35],[-121.48,45.37],[-121.48,45.38],[-121.48,45.4],[-121.48,45.43],[-121.48,45.44],[-121.48,45.49],[-121.48,45.5],[-121.48,45.52],[-121.45,45.52],[-121.44,45.52],[-121.44,45.55],[-121.44,45.56],[-121.42,45.55],[-121.41,45.53],[-121.42,45.51],[-121.43,45.48],[-121.43,45.47],[-121.41,45.47],[-121.39,45.46],[-121.37,45.44],[-121.35,45.4],[-121.35,45.38],[-121.34,45.36],[-121.36,45.36],[-121.36,45.33],[-121.35,45.33],[-121.35,45.31],[-121.38,45.29],[-121.41,45.26],[-121.42,45.25],[-121.43,45.23],[-121.43,45.21],[-121.45,45.18],[-121.45,45.16],[-121.46,45.14],[-121.43,45.12],[-121.42,45.1],[-121.41,45.09],[-121.36,45.08],[-121.36,45.07],[-121.37,45.06],[-121.39,45.07],[-121.52,45.07],[-121.53,45.06],[-121.52,45.05],[-121.52,45.03],[-121.54,45.02],[-121.55,45.0],[-121.54,44.99],[-121.54,44.97],[-121.55,44.96],[-121.55,44.93],[-121.51,44.93],[-121.51,44.91],[-121.5,44.89],[-121.52,44.88],[-121.51,44.85],[-121.5,44.83],[-121.5,44.8],[-121.46,44.77],[-121.41,44.76],[-121.41,44.71],[-121.43,44.7],[-121.44,44.67],[-121.42,44.64],[-121.42,44.62],[-121.45,44.62],[-121.5,44.65],[-121.52,44.65],[-121.52,44.64],[-121.48,44.6],[-121.48,44.59],[-121.49,44.58],[-121.49,44.57],[-121.47,44.57],[-121.44,44.54],[-121.46,44.52],[-121.44,44.51],[-121.43,44.52],[-121.4,44.52],[-121.39,44.47],[-121.41,44.45],[-121.42,44.42],[-121.42,44.39],[-121.42,44.38],[-121.42,44.36],[-121.42,44.34],[-121.44,44.29],[-121.48,44.26],[-121.49,44.23],[-121.46,44.19],[-121.41,44.16],[-121.37,44.09],[-121.36,44.08],[-121.36,44.07],[-121.36,44.06],[-121.35,44.05],[-121.35,44.04],[-121.34,44.04],[-121.34,44.03],[-121.33,44.03],[-121.32,44.02],[-121.32,44.01],[-121.3,44.01],[-121.29,44.0],[-121.26,44.0],[-121.22,44.0],[-121.18,44.01],[-121.16,44.01],[-121.14,44.01],[-121.12,43.94],[-121.15,43.9],[-121.14,43.84],[-121.08,43.79],[-121.04,43.7],[-121.03,43.62],[-121.06,43.62],[-121.09,43.62],[-121.13,43.62],[-121.24,43.62],[-121.29,43.62],[-121.33,43.62],[-121.34,43.62],[-121.55,43.62],[-121.58,43.62],[-121.62,43.62],[-121.63,43.62],[-121.69,43.62],[-121.75,43.62],[-121.82,43.62],[-121.89,43.62],[-121.98,43.62],[-122.0,43.62],[-122.0,43.63],[-121.99,43.63],[-121.98,43.63],[-121.97,43.63],[-121.97,43.64],[-121.98,43.64],[-121.98,43.65],[-121.99,43.65],[-121.99,43.66],[-121.98,43.67],[-121.98,43.68],[-121.98,43.69],[-121.97,43.69],[-121.97,43.7],[-121.97,43.71],[-121.97,43.72],[-121.98,43.72],[-121.98,43.73]]]]}},
{"type":"Feature","properties":{"ugc":"ORZ510","name":"North Central Oregon","state":"OR","wfo":"PDT"},"geometry":{"type":"MultiPolygon","coordinates":[[[[-120.55,45.25],[-120.55,45.24],[-120.54,45.24],[-120.54,45.23],[-120.54,45.22],[-120.54,45.21],[-120.53,45.21],[-120.53,45.2],[-120.52,45.2],[-120.51,45.2],[-120.5,45.2],[-120.49,45.2],[-120.48,45.19],[-120.49,45.18],[-120.48,45.18],[-120.47,45.18],[-120.48,45.17],[-120.47,45.17],[-120.47,45.16],[-120.48,45.16],[-120.48,45.15],[-120.47,45.15],[-120.47,45.14],[-120.46,45.14],[-120.46,45.13],[-120.46,45.12],[-120.46,45.11],[-120.46,45.1],[-120.47,45.1],[-120.47,45.11],[-120.48,45.11],[-120.48,45.1],[-120.49,45.1],[-120.49,45.11],[-120.5,45.1],[-120.51,45.1],[-120.51,45.09],[-120.5,45.08],[-120.5,45.07],[-120.49,45.06],[-120.48,45.06],[-120.48,45.05],[-120.49,45.05],[-120.49,45.04],[-120.48,45.04],[-120.48,45.03],[-120.49,45.03],[-120.48,45.02],[-120.48,45.01],[-120.49,45.0],[-120.48,45.0],[-120.48,44.99],[-120.48,44.98],[-120.48,44.97],[-120.48,44.96],[-120.5,44.97],[-120.53,44.97],[-120.55,44.96],[-120.58,44.95],[-120.59,44.95],[-120.59,44.94],[-120.58,44.93],[-120.59,44.92],[-120.58,44.92],[-120.57,44.91],[-120.57,44.9],[-120.58,44.9],[-120.58,44.89],[-120.58,44.88],[-120.58,44.86],[-120.6,44.85],[-120.6,44.84],[-120.61,44.83],[-120.61,44.82],[-121.5,44.83],[-121.51,44.85],[-121.52,44.88],[-121.5,44.89],[-121.51,44.91],[-121.51,44.93],[-121.55,44.93],[-121.55,44.96],[-121.54,44.97],[-121.54,44.99],[-121.55,45.0],[-121.54,45.02],[-121.52,45.03],[-121.52,45.05],[-121.53,45.06],[-121.52,45.07],[-121.39,45.07],[-121.37,45.06],[-121.36,45.07],[-121.36,45.08],[-121.41,45.09],[-121.42,45.1],[-121.43,45.12],[-121.46,45.14],[-121.45,45.16],[-121.45,45.18],[-121.43,45.21],[-121.43,45.23],[-121.42,45.25],[-121.41,45.26],[-121.38,45.29],[-121.35,45.31],[-121.35,45.33],[-121.36,45.33],[-121.36,45.36],[-121.34,45.36],[-121.35,45.38],[-121.35,45.4],[-121.37,45.44],[-121.39,45.46],[-121.41,45.47],[-121.43,45.47],[-121.43,45.48],[-121.42,45.51],[-121.41,45.53],[-121.42,45.55],[-121.44,45.56],[-121.44,45.59],[-121.44,45.61],[-121.44,45.62],[-121.44,45.64],[-121.44,45.67],[-121.43,45.64],[-121.39,45.65],[-121.36,45.62],[-121.33,45.66],[-121.27,45.66],[-121.23,45.64],[-121.25,45.62],[-121.23,45.61],[-121.23,45.59],[-121.24,45.59],[-121.25,45.59],[-121.26,45.58],[-121.27,45.58],[-121.27,45.57],[-121.29,45.57],[-121.29,45.56],[-121.28,45.55],[-121.26,45.56],[-121.24,45.56],[-121.22,45.57],[-121.2,45.58],[-121.19,45.57],[-121.18,45.56],[-121.17,45.53],[-121.15,45.54],[-121.11,45.54],[-121.07,45.52],[-121.05,45.55],[-121.04,45.57],[-121.04,45.58],[-121.05,45.59],[-121.04,45.59],[-121.03,45.59],[-121.01,45.59],[-120.97,45.58],[-120.94,45.59],[-120.92,45.58],[-120.92,45.57],[-120.91,45.56],[-120.9,45.55],[-120.89,45.55],[-120.89,45.56],[-120.89,45.57],[-120.88,45.57],[-120.87,45.58],[-120.87,45.59],[-120.88,45.61],[-120.85,45.62],[-120.82,45.61],[-120.78,45.63],[-120.76,45.66],[-120.7,45.67],[-120.69,45.69],[-120.64,45.7],[-120.57,45.68],[-120.54,45.64],[-120.52,45.64],[-120.5,45.64],[-120.49,45.63],[-120.48,45.62],[-120.47,45.62],[-120.46,45.62],[-120.45,45.63],[-120.44,45.63],[-120.44,45.62],[-120.45,45.61],[-120.44,45.61],[-120.44,45.6],[-120.43,45.6],[-120.42,45.6],[-120.41,45.6],[-120.41,45.59],[-120.41,45.58],[-120.4,45.57],[-120.41,45.56],[-120.4,45.55],[-120.39,45.55],[-120.39,45.54],[-120.38,45.54],[-120.37,45.54],[-120.36,45.54],[-120.36,45.53],[-120.37,45.53],[-120.38,45.53],[-120.38,45.52],[-120.37,45.52],[-120.37,45.51],[-120.36,45.51],[-120.36,45.5],[-120.37,45.5],[-120.37,45.49],[-120.38,45.49],[-120.39,45.5],[-120.4,45.5],[-120.41,45.5],[-120.42,45.5],[-120.43,45.5],[-120.42,45.49],[-120.42,45.48],[-120.41,45.48],[-120.41,45.47],[-120.42,45.47],[-120.43,45.47],[-120.44,45.48],[-120.45,45.48],[-120.45,45.49],[-120.46,45.48],[-120.47,45.48],[-120.48,45.47],[-120.49,45.47],[-120.5,45.46],[-120.49,45.46],[-120.48,45.46],[-120.49,45.45],[-120.5,45.45],[-120.5,45.44],[-120.49,45.44],[-120.48,45.44],[-120.49,45.43],[-120.49,45.42],[-120.5,45.42],[-120.5,45.41],[-120.51,45.41],[-120.51,45.4],[-120.52,45.4],[-120.52,45.39],[-120.53,45.39],[-120.53,45.38],[-120.52,45.38],[-120.52,45.37],[-120.53,45.37],[-120.53,45.36],[-120.53,45.35],[-120.54,45.35],[-120.54,45.34],[-120.53,45.34],[-120.53,45.33],[-120.53,45.32],[-120.54,45.32],[-120.54,45.31],[-120.53,45.31],[-120.52,45.3],[-120.53,45.3],[-120.53,45.29],[-120.54,45.3],[-120.55,45.3],[-120.55,45.29],[-120.54,45.29],[-120.54,45.28],[-120.54,45.27],[-120.55,45.27],[-120.55,45.26],[-120.54,45.26],[-120.53,45.26],[-120.54,45.25],[-120.55,45.25]],[[-120.52,45.4],[-120.52,45.41],[-120.53,45.41],[-120.53,45.4],[-120.52,45.4]]],[[[-120.46,45.14],[-120.46,45.15],[-120.45,45.15],[-120.45,45.14],[-120.46,45.14]]]]}},
{"type":"Feature","properties":{"ugc":"ORZ511","name":"Central Oregon","state":"OR","wfo":"PDT"},"geometry":{"type":"MultiPolygon","coordinates":[[[[-120.61,44.82],[-120.62,44.81],[-120.63,44.8],[-120.64,44.8],[-120.65,44.8],[-120.67,44.79],[-120.69,44.78],[-120.7,44.77],[-120.71,44.76],[-120.71,44.74],[-120.73,44.73],[-120.73,44.71],[-120.74,44.7],[-120.76,44.69],[-120.78,44.7],[-120.79,44.7],[-120.81,44.71],[-120.83,44.73],[-120.85,44.73],[-120.86,44.73],[-120.87,44.72],[-120.87,44.71],[-120.87,44.69],[-120.88,44.67],[-120.88,44.64],[-120.9,44.62],[-120.91,44.6],[-120.94,44.59],[-120.95,44.56],[-120.98,44.56],[-120.99,44.54],[-120.99,44.51],[-120.99,44.49],[-121.02,44.47],[-121.05,44.47],[-121.08,44.48],[-121.12,44.47],[-121.16,44.45],[-121.16,44.43],[-121.15,44.42],[-121.14,44.41],[-121.15,44.4],[-121.14,44.38],[-121.13,44.37],[-121.12,44.37],[-121.11,44.36],[-121.09,44.37],[-121.08,44.38],[-121.07,44.39],[-121.05,44.39],[-121.05,44.37],[-121.05,44.36],[-121.05,44.35],[-121.04,44.35],[-121.01,44.35],[-121.0,44.34],[-120.97,44.36],[-120.98,44.39],[-120.96,44.4],[-120.94,44.39],[-120.92,44.4],[-120.88,44.39],[-120.83,44.37],[-120.8,44.35],[-120.78,44.34],[-120.78,44.33],[-120.76,44.33],[-120.75,44.32],[-120.75,44.3],[-120.78,44.29],[-120.81,44.28],[-120.82,44.27],[-120.84,44.27],[-120.86,44.27],[-120.88,44.25],[-120.87,44.23],[-120.88,44.21],[-120.88,44.2],[-120.88,44.19],[-120.88,44.18],[-120.9,44.17],[-120.92,44.15],[-120.91,44.12],[-120.92,44.08],[-120.94,44.06],[-121.03,44.0],[-121.08,43.99],[-121.1,44.0],[-121.13,44.0],[-121.14,44.01],[-121.16,44.01],[-121.18,44.01],[-121.22,44.0],[-121.26,44.0],[-121.29,44.0],[-121.3,44.01],[-121.32,44.01],[-121.32,44.02],[-121.33,44.03],[-121.34,44.03],[-121.34,44.04],[-121.35,44.04],[-121.35,44.05],[-121.36,44.06],[-121.36,44.07],[-121.36,44.08],[-121.37,44.09],[-121.41,44.16],[-121.46,44.19],[-121.49,44.23],[-121.48,44.26],[-121.44,44.29],[-121.42,44.34],[-121.42,44.36],[-121.42,44.38],[-121.42,44.39],[-121.42,44.42],[-121.41,44.45],[-121.39,44.47],[-121.4,44.52],[-121.43,44.52],[-121.44,44.51],[-121.46,44.52],[-121.44,44.54],[-121.47,44.57],[-121.49,44.57],[-121.49,44.58],[-121.48,44.59],[-121.48,44.6],[-121.52,44.64],[-121.52,44.65],[-121.5,44.65],[-121.45,44.62],[-121.42,44.62],[-121.42,44.64],[-121.44,44.67],[-121.43,44.7],[-121.41,44.71],[-121.41,44.76],[-121.46,44.77],[-121.5,44.8],[-121.5,44.83],[-120.61,44.82]]]]}}
]
}
