{
"type": "FeatureCollection",
"name": "pyogrio_4e79ef3441054eb2b1f0d9e365987288",
"crs": { "type": "name", "properties": { "name": "urn:ogc:def:crs:OGC:1.3:CRS84" } },
"features": [
{"type":"Feature","properties":{"ugc":"WAC001","name":"Adams","state":"WA","wfo":"OTX"},"geometry":{"type":"MultiPolygon","coordinates":[[[[-118.92,47.26],[-118.88,47.26],[-118.87,47.26],[-118.82,47.26],[-118.79,47.26],[-118.75,47.26],[-118.62,47.26],[-118.51,47.26],[-118.47,47.26],[-118.41,47.26],[-118.27,47.26],[-118.13,47.26],[-118.06,47.26],[-118.0,47.26],[-117.99,47.26],[-117.96,47.26],[-117.96,47.25],[-117.96,47.24],[-117.96,47.13],[-117.96,47.12],[-117.96,47.04],[-117.96,47.03],[-117.96,47.01],[-117.96,46.99],[-117.96,46.91],[-117.97,46.91],[-117.97,46.88],[-117.97,46.87],[-117.97,46.86],[-117.98,46.86],[-117.99,46.86],[-117.99,46.85],[-118.0,46.85],[-118.0,46.84],[-117.99,46.84],[-117.99,46.83],[-118.0,46.83],[-118.0,46.82],[-118.01,46.82],[-118.01,46.81],[-118.02,46.81],[-118.02,46.8],[-118.02,46.79],[-118.03,46.79],[-118.04,46.78],[-118.04,46.77],[-118.05,46.77],[-118.06,46.77],[-118.07,46.77],[-118.07,46.78],[-118.08,46.78],[-118.09,46.78],[-118.1,46.78],[-118.1,46.77],[-118.11,46.77],[-118.12,46.77],[-118.12,46.76],[-118.13,46.76],[-118.14,46.76],[-118.15,46.76],[-118.16,46.76],[-118.16,46.75],[-118.17,46.75],[-118.18,46.75],[-118.19,46.75],[-118.2,46.75],[-118.2,46.74],[-118.21,46.74],[-118.22,46.74],[-118.24,46.74],[-118.25,46.74],[-118.28,46.74],[-118.33,46.74],[-118.36,46.74],[-118.37,46.74],[-118.42,46.74],[-118.44,46.74],[-118.5,46.74],[-118.51,46.74],[-118.52,46.74],[-118.53,46.74],[-118.55,46.74],[-118.58,46.74],[-118.61,46.74],[-118.63,46.74],[-118.65,46.74],[-118.69,46.74],[-118.7,46.74],[-118.73,46.74],[-118.75,46.74],[-118.76,46.74],[-118.77,46.74],[-118.79,46.74],[-118.84,46.74],[-118.92,46.74],[-118.93,46.74],[-118.96,46.74],[-118.98,46.74],[-119.03,46.74],[-119.05,46.74],[-119.07,46.74],[-119.12,46.74],[-119.19,46.74],[-119.21,46.74],[-119.24,46.74],[-119.32,46.74],[-119.37,46.74],[-119.37,46.75],[-119.37,46.76],[-119.37,46.79],[-119.37,46.81],[-119.37,46.84],[-119.37,46.87],[-119.37,46.91],[-119.34,46.91],[-119.32,46.91],[-119.23,46.91],[-119.18,46.91],[-119.14,46.91],[-119.12,46.91],[-119.1,46.91],[-119.05,46.91],[-118.98,46.91],[-118.98,46.97],[-118.98,46.98],[-118.98,47.01],[-118.98,47.02],[-118.98,47.05],[-118.98,47.09],[-118.98,47.1],[-118.98,47.13],[-118.98,47.15],[-118.98,47.16],[-118.98,47.17],[-118.98,47.26],[-118.96,47.26],[-118.92,47.26]]]]}},
{"type":"Feature","properties":{"ugc":"WAC003","name":"Asotin","state":"WA","wfo":"OTX"},"geometry":{"type":"MultiPolygon","coordinates":[[[[-117.2,46.42],[-117.19,46.42],[-117.18,46.42],[-117.17,46.42],[-117.17,46.43],[-117.16,46.43],[-117.15,46.43],[-117.14,46.43],[-117.13,46.43],[-117.12,46.42],[-117.11,46.42],[-117.1,46.42],[-117.09,46.42],[-117.08,46.42],[-117.07,46.43],[-117.06,46.43],[-117.05,46.43],[-117.04,46.43],[-117.04,46.42],[-117.03,46.42],[-117.04,46.41],[-117.04,46.4],[-117.04,46.39],[-117.05,46.38],[-117.06,46.37],[-117.06,46.36],[-117.06,46.35],[-117.05,46.34],[-117.04,46.34],[-117.03,46.34],[-117.02,46.33],[-117.02,46.32],[-117.02,46.31],[-117.01,46.31],[-117.01,46.3],[-117.0,46.3],[-116.99,46.3],[-116.99,46.29],[-116.99,46.28],[-116.99,46.27],[-116.98,46.27],[-116.97,46.26],[-116.96,46.25],[-116.96,46.24],[-116.96,46.23],[-116.96,46.22],[-116.97,46.21],[-116.97,46.2],[-116.96,46.2],[-116.95,46.19],[-116.94,46.19],[-116.94,46.18],[-116.93,46.17],[-116.92,46.17],[-116.92,46.16],[-116.93,46.16],[-116.93,46.15],[-116.94,46.15],[-116.94,46.14],[-116.93,46.14],[-116.94,46.13],[-116.95,46.13],[-116.95,46.12],[-116.95,46.11],[-116.96,46.1],[-116.97,46.1],[-116.98,46.1],[-116.98,46.09],[-116.98,46.08],[-116.97,46.08],[-116.96,46.08],[-116.96,46.07],[-116.95,46.07],[-116.95,46.06],[-116.94,46.06],[-116.94,46.05],[-116.94,46.04],[-116.93,46.04],[-116.93,46.03],[-116.93,46.02],[-116.92,46.02],[-116.92,46.01],[-116.92,46.0],[-116.94,46.0],[-116.96,46.0],[-116.97,46.0],[-116.98,46.0],[-117.04,46.0],[-117.05,46.0],[-117.07,46.0],[-117.12,46.0],[-117.13,46.0],[-117.22,46.0],[-117.34,46.0],[-117.35,46.0],[-117.37,46.0],[-117.38,46.0],[-117.39,46.0],[-117.43,46.0],[-117.48,46.0],[-117.48,46.01],[-117.48,46.03],[-117.48,46.09],[-117.48,46.12],[-117.42,46.12],[-117.42,46.14],[-117.42,46.2],[-117.42,46.24],[-117.42,46.25],[-117.42,46.28],[-117.42,46.29],[-117.42,46.3],[-117.42,46.31],[-117.42,46.34],[-117.42,46.37],[-117.42,46.38],[-117.4,46.38],[-117.4,46.4],[-117.36,46.4],[-117.36,46.41],[-117.34,46.41],[-117.27,46.41],[-117.25,46.41],[-117.23,46.41],[-117.23,46.46],[-117.22,46.46],[-117.21,46.46],[-117.21,46.45],[-117.21,46.44],[-117.21,46.43],[-117.21,46.42],[-117.2,46.42]]]]}},
{"type":"Feature","properties":{"ugc":"WAC005","name":"Benton","state":"WA","wfo":"PDT"},"geometry":{"type":"MultiPolygon","coordinates":[[[[-119.41,46.64],[-119.41,46.62],[-119.4,46.61],[-119.38,46.59],[-119.37,46.58],[-119.35,46.57],[-119.33,46.57],[-119.33,46.56],[-119.31,46.55],[-119.3,46.54],[-119.29,46.53],[-119.28,46.53],[-119.27,46.52],[-119.27,46.51],[-119.26,46.5],[-119.26,46.49],[-119.26,46.48],[-119.26,46.47],[-119.26,46.46],[-119.26,46.45],[-119.26,46.44],[-119.26,46.43],[-119.26,46.42],[-119.26,46.41],[-119.27,46.41],[-119.27,46.4],[-119.26,46.39],[-119.27,46.39],[-119.27,46.38],[-119.27,46.37],[-119.27,46.36],[-119.26,46.35],[-119.26,46.34],[-119.25,46.33],[-119.25,46.32],[-119.25,46.31],[-119.25,46.3],[-119.26,46.29],[-119.27,46.29],[-119.27,46.28],[-119.27,46.27],[-119.26,46.27],[-119.25,46.27],[-119.24,46.26],[-119.23,46.25],[-119.22,46.25],[-119.21,46.24],[-119.2,46.24],[-119.2,46.23],[-119.19,46.23],[-119.17,46.23],[-119.16,46.23],[-119.15,46.23],[-119.14,46.23],[-119.12,46.22],[-119.1,46.22],[-119.1,46.21],[-119.09,46.21],[-119.08,46.21],[-119.05,46.2],[-119.04,46.19],[-119.03,46.18],[-119.02,46.18],[-119.01,46.18],[-119.01,46.17],[-119.0,46.16],[-118.99,46.16],[-118.98,46.15],[-118.97,46.14],[-118.97,46.13],[-118.97,46.12],[-118.96,46.11],[-118.96,46.1],[-118.95,46.09],[-118.95,46.08],[-118.94,46.08],[-118.94,46.07],[-118.94,46.06],[-118.95,46.06],[-118.95,46.05],[-118.95,46.04],[-118.94,46.04],[-118.94,46.03],[-118.95,46.03],[-118.95,46.02],[-118.96,46.02],[-118.97,46.01],[-118.98,46.0],[-118.99,46.0],[-119.0,45.99],[-119.01,45.98],[-119.03,45.97],[-119.06,45.96],[-119.09,45.94],[-119.13,45.93],[-119.17,45.93],[-119.2,45.93],[-119.23,45.93],[-119.26,45.94],[-119.31,45.93],[-119.32,45.93],[-119.36,45.92],[-119.43,45.92],[-119.45,45.92],[-119.49,45.91],[-119.52,45.91],[-119.57,45.93],[-119.6,45.92],[-119.62,45.91],[-119.65,45.87],[-119.67,45.86],[-119.73,45.85],[-119.77,45.85],[-119.8,45.85],[-119.87,45.84],[-119.87,45.86],[-119.87,45.88],[-119.87,45.9],[-119.87,45.91],[-119.87,45.95],[-119.87,45.96],[-119.87,45.98],[-119.87,45.99],[-119.87,46.0],[-119.87,46.04],[-119.87,46.05],[-119.87,46.09],[-119.87,46.1],[-119.87,46.13],[-119.87,46.16],[-119.87,46.19],[-119.87,46.2],[-119.87,46.21],[-119.87,46.24],[-119.87,46.26],[-119.87,46.29],[-119.87,46.32],[-119.87,46.33],[-119.87,46.35],[-119.87,46.36],[-119.87,46.37],[-119.87,46.38],[-119.87,46.4],[-119.87,46.43],[-119.87,46.45],[-119.87,46.47],[-119.87,46.5],[-119.87,46.52],[-119.87,46.54],[-119.87,46.56],[-119.88,46.56],[-119.88,46.57],[-119.88,46.58],[-119.87,46.61],[-119.87,46.63],[-119.86,46.63],[-119.85,46.63],[-119.84,46.63],[-119.83,46.63],[-119.82,46.63],[-119.8,46.63],[-119.78,46.63],[-119.77,46.63],[-119.76,46.64],[-119.75,46.64],[-119.73,46.64],[-119.72,46.65],[-119.71,46.65],[-119.7,46.65],[-119.68,46.65],[-119.67,46.64],[-119.66,46.64],[-119.65,46.64],[-119.64,46.64],[-119.63,46.64],[-119.63,46.65],[-119.6,46.66],[-119.59,46.67],[-119.58,46.67],[-119.57,46.68],[-119.55,46.7],[-119.54,46.7],[-119.53,46.71],[-119.53,46.72],[-119.52,46.72],[-119.52,46.73],[-119.51,46.73],[-119.5,46.72],[-119.49,46.72],[-119.48,46.71],[-119.47,46.7],[-119.46,46.69],[-119.45,46.69],[-119.45,46.68],[-119.46,46.68],[-119.46,46.67],[-119.45,46.67],[-119.43,46.66],[-119.42,46.66],[-119.42,46.65],[-119.41,46.65],[-119.41,46.64]]]]}},
{"type":"Feature","properties":{"ugc":"WAC007","name":"Chelan","state":"WA","wfo":"OTX"},"geometry":{"type":"MultiPolygon","coordinates":[[[[-121.12,47.62],[-121.12,47.63],[-121.13,47.63],[-121.13,47.64],[-121.13,47.65],[-121.13,47.66],[-121.12,47.66],[-121.12,47.67],[-121.13,47.67],[-121.13,47.68],[-121.12,47.68],[-121.12,47.69],[-121.11,47.69],[-121.1,47.69],[-121.09,47.7],[-121.08,47.7],[-121.07,47.7],[-121.07,47.71],[-121.07,47.72],[-121.08,47.72],[-121.08,47.73],[-121.08,47.74],[-121.09,47.74],[-121.09,47.75],[-121.09,47.76],[-121.1,47.76],[-121.11,47.76],[-121.11,47.77],[-121.12,47.77],[-121.12,47.78],[-121.11,47.79],[-121.11,47.8],[-121.1,47.8],[-121.09,47.8],[-121.09,47.81],[-121.08,47.81],[-121.08,47.82],[-121.07,47.82],[-121.07,47.83],[-121.08,47.83],[-121.09,47.83],[-121.1,47.83],[-121.11,47.83],[-121.12,47.83],[-121.12,47.84],[-121.13,47.84],[-121.14,47.84],[-121.15,47.84],[-121.15,47.85],[-121.15,47.86],[-121.15,47.87],[-121.16,47.87],[-121.16,47.88],[-121.17,47.88],[-121.17,47.89],[-121.18,47.89],[-121.18,47.9],[-121.17,47.91],[-121.18,47.92],[-121.17,47.93],[-121.17,47.94],[-121.16,47.94],[-121.16,47.95],[-121.16,47.96],[-121.15,47.97],[-121.15,47.98],[-121.14,47.98],[-121.13,47.99],[-121.12,47.99],[-121.12,48.0],[-121.12,48.01],[-121.13,48.01],[-121.13,48.02],[-121.14,48.03],[-121.15,48.03],[-121.15,48.04],[-121.14,48.04],[-121.13,48.04],[-121.13,48.05],[-121.12,48.05],[-121.12,48.06],[-121.11,48.06],[-121.1,48.06],[-121.09,48.06],[-121.08,48.06],[-121.07,48.07],[-121.06,48.07],[-121.05,48.07],[-121.04,48.07],[-121.04,48.08],[-121.03,48.08],[-121.02,48.08],[-121.01,48.08],[-121.0,48.08],[-121.0,48.09],[-120.99,48.09],[-120.98,48.09],[-120.98,48.1],[-120.97,48.1],[-120.97,48.11],[-120.96,48.11],[-120.95,48.11],[-120.95,48.12],[-120.96,48.12],[-120.96,48.13],[-120.96,48.14],[-120.96,48.15],[-120.95,48.15],[-120.95,48.16],[-120.94,48.16],[-120.93,48.16],[-120.92,48.16],[-120.91,48.16],[-120.91,48.17],[-120.91,48.18],[-120.92,48.18],[-120.92,48.19],[-120.93,48.19],[-120.93,48.2],[-120.94,48.2],[-120.95,48.2],[-120.95,48.21],[-120.96,48.21],[-120.96,48.22],[-120.96,48.23],[-120.97,48.23],[-120.97,48.24],[-120.98,48.24],[-120.98,48.25],[-120.99,48.25],[-120.99,48.26],[-121.0,48.26],[-121.0,48.27],[-121.01,48.27],[-121.01,48.28],[-121.0,48.29],[-121.0,48.3],[-121.01,48.3],[-121.02,48.3],[-121.03,48.3],[-121.03,48.31],[-121.04,48.31],[-121.05,48.31],[-121.06,48.32],[-121.07,48.32],[-121.07,48.33],[-121.07,48.34],[-121.06,48.34],[-121.06,48.35],[-121.05,48.35],[-121.04,48.35],[-121.04,48.36],[-121.05,48.37],[-121.05,48.38],[-121.06,48.38],[-121.06,48.39],[-121.07,48.39],[-121.06,48.4],[-121.06,48.41],[-121.05,48.41],[-121.04,48.41],[-121.05,48.42],[-121.04,48.42],[-121.04,48.43],[-121.04,48.44],[-121.04,48.45],[-121.05,48.45],[-121.06,48.45],[-121.06,48.46],[-121.06,48.47],[-121.06,48.48],[-121.05,48.48],[-121.05,48.49],[-121.04,48.49],[-121.03,48.5],[-121.02,48.5],[-121.02,48.49],[-121.01,48.49],[-121.0,48.49],[-121.0,48.5],[-120.99,48.5],[-120.98,48.5],[-120.97,48.5],[-120.96,48.5],[-120.95,48.5],[-120.95,48.51],[-120.95,48.52],[-120.95,48.53],[-120.94,48.53],[-120.93,48.53],[-120.92,48.53],[-120.92,48.52],[-120.91,48.52],[-120.9,48.52],[-120.9,48.53],[-120.89,48.54],[-120.88,48.54],[-120.88,48.53],[-120.87,48.53],[-120.86,48.53],[-120.86,48.54],[-120.86,48.55],[-120.85,48.55],[-120.84,48.55],[-120.83,48.55],[-120.82,48.54],[-120.81,48.53],[-120.81,48.52],[-120.81,48.51],[-120.8,48.51],[-120.79,48.51],[-120.78,48.51],[-120.77,48.51],[-120.76,48.51],[-120.75,48.51],[-120.75,48.52],[-120.74,48.52],[-120.73,48.52],[-120.72,48.52],[-120.71,48.52],[-120.71,48.53],[-120.7,48.53],[-120.69,48.53],[-120.68,48.53],[-120.67,48.53],[-120.66,48.53],[-120.66,48.54],[-120.65,48.54],[-120.65,48.53],[-120.65,48.52],[-120.66,48.52],[-120.66,48.51],[-120.65,48.51],[-120.64,48.5],[-120.64,48.49],[-120.65,48.49],[-120.65,48.48],[-120.64,48.47],[-120.65,48.46],[-120.65,48.45],[-120.66,48.45],[-120.67,48.45],[-120.66,48.44],[-120.65,48.44],[-120.65,48.43],[-120.65,48.42],[-120.65,48.41],[-120.64,48.4],[-120.63,48.4],[-120.62,48.4],[-120.61,48.39],[-120.6,48.39],[-120.59,48.38],[-120.58,48.38],[-120.57,48.38],[-120.57,48.37],[-120.56,48.37],[-120.56,48.36],[-120.57,48.36],[-120.57,48.35],[-120.58,48.34],[-120.58,48.33],[-120.59,48.33],[-120.59,48.32],[-120.58,48.32],[-120.57,48.32],[-120.56,48.31],[-120.55,48.31],[-120.54,48.31],[-120.53,48.31],[-120.52,48.31],[-120.51,48.31],[-120.51,48.3],[-120.5,48.3],[-120.49,48.29],[-120.48,48.28],[-120.47,48.28],[-120.47,48.27],[-120.46,48.27],[-120.46,48.26],[-120.45,48.26],[-120.44,48.26],[-120.43,48.25],[-120.42,48.25],[-120.41,48.25],[-120.4,48.25],[-120.4,48.24],[-120.39,48.24],[-120.38,48.23],[-120.39,48.23],[-120.39,48.22],[-120.38,48.22],[-120.37,48.22],[-120.36,48.22],[-120.35,48.22],[-120.35,48.21],[-120.35,48.2],[-120.35,48.19],[-120.36,48.18],[-120.36,48.17],[-120.36,48.16],[-120.35,48.15],[-120.35,48.14],[-120.34,48.14],[-120.33,48.14],[-120.33,48.13],[-120.32,48.12],[-120.31,48.13],[-120.3,48.13],[-120.29,48.13],[-120.29,48.12],[-120.28,48.12],[-120.27,48.12],[-120.27,48.11],[-120.26,48.11],[-120.25,48.11],[-120.25,48.1],[-120.24,48.1],[-120.24,48.09],[-120.23,48.09],[-120.22,48.08],[-120.21,48.08],[-120.2,48.08],[-120.19,48.08],[-120.18,48.07],[-120.17,48.07],[-120.16,48.07],[-120.15,48.07],[-120.14,48.06],[-120.13,48.06],[-120.13,48.05],[-120.14,48.05],[-120.15,48.05],[-120.15,48.04],[-120.14,48.04],[-120.14,48.03],[-120.13,48.03],[-120.12,48.03],[-120.11,48.02],[-120.1,48.02],[-120.09,48.02],[-120.09,48.01],[-120.08,48.01],[-120.08,48.0],[-120.08,47.99],[-120.07,47.99],[-120.07,47.98],[-120.07,47.97],[-120.06,47.97],[-120.05,47.96],[-120.03,47.96],[-120.0,47.96],[-119.96,47.96],[-119.88,47.96],[-119.87,47.96],[-119.87,47.95],[-119.86,47.95],[-119.86,47.94],[-119.87,47.93],[-119.88,47.93],[-119.88,47.92],[-119.89,47.92],[-119.9,47.92],[-119.9,47.91],[-119.91,47.91],[-119.91,47.9],[-119.92,47.9],[-119.91,47.89],[-119.91,47.88],[-119.91,47.87],[-119.92,47.86],[-119.93,47.86],[-119.93,47.85],[-119.94,47.85],[-119.95,47.85],[-119.96,47.85],[-119.96,47.84],[-119.96,47.83],[-119.97,47.82],[-119.98,47.81],[-119.98,47.8],[-119.98,47.79],[-119.99,47.79],[-119.99,47.78],[-120.0,47.78],[-120.01,47.78],[-120.02,47.78],[-120.03,47.78],[-120.04,47.78],[-120.04,47.77],[-120.05,47.77],[-120.06,47.77],[-120.07,47.77],[-120.08,47.76],[-120.09,47.76],[-120.1,47.77],[-120.11,47.77],[-120.12,47.77],[-120.12,47.78],[-120.13,47.78],[-120.14,47.78],[-120.14,47.77],[-120.15,47.77],[-120.16,47.77],[-120.17,47.77],[-120.18,47.76],[-120.19,47.76],[-120.2,47.76],[-120.2,47.75],[-120.21,47.75],[-120.21,47.74],[-120.22,47.74],[-120.22,47.73],[-120.22,47.72],[-120.21,47.71],[-120.2,47.7],[-120.2,47.69],[-120.2,47.68],[-120.2,47.67],[-120.21,47.67],[-120.22,47.66],[-120.22,47.65],[-120.23,47.65],[-120.23,47.64],[-120.24,47.63],[-120.24,47.62],[-120.23,47.62],[-120.24,47.61],[-120.24,47.6],[-120.23,47.6],[-120.24,47.59],[-120.24,47.58],[-120.25,47.58],[-120.25,47.57],[-120.26,47.57],[-120.26,47.56],[-120.28,47.55],[-120.29,47.54],[-120.29,47.53],[-120.3,47.53],[-120.3,47.52],[-120.31,47.51],[-120.31,47.5],[-120.31,47.49],[-120.31,47.48],[-120.32,47.47],[-120.32,47.46],[-120.32,47.45],[-120.31,47.45],[-120.31,47.43],[-120.3,47.42],[-120.3,47.41],[-120.29,47.41],[-120.29,47.4],[-120.29,47.39],[-120.28,47.39],[-120.27,47.39],[-120.26,47.38],[-120.25,47.38],[-120.24,47.38],[-120.23,47.38],[-120.22,47.38],[-120.21,47.38],[-120.2,47.38],[-120.19,47.37],[-120.18,47.37],[-120.17,47.37],[-120.16,47.37],[-120.15,47.37],[-120.14,47.37],[-120.13,47.37],[-120.13,47.36],[-120.12,47.36],[-120.11,47.36],[-120.11,47.35],[-120.1,47.35],[-120.1,47.34],[-120.09,47.34],[-120.08,47.33],[-120.09,47.33],[-120.09,47.32],[-120.09,47.31],[-120.09,47.3],[-120.09,47.29],[-120.09,47.28],[-120.09,47.27],[-120.09,47.26],[-120.1,47.26],[-120.13,47.26],[-120.24,47.26],[-120.25,47.26],[-120.26,47.26],[-120.27,47.26],[-120.3,47.26],[-120.34,47.26],[-120.38,47.26],[-120.39,47.26],[-120.39,47.27],[-120.4,47.27],[-120.42,47.27],[-120.43,47.27],[-120.43,47.28],[-120.44,47.28],[-120.45,47.29],[-120.45,47.3],[-120.46,47.3],[-120.47,47.3],[-120.47,47.31],[-120.48,47.31],[-120.49,47.31],[-120.5,47.32],[-120.51,47.32],[-120.52,47.32],[-120.52,47.33],[-120.53,47.33],[-120.53,47.32],[-120.54,47.31],[-120.55,47.31],[-120.56,47.31],[-120.57,47.31],[-120.57,47.32],[-120.58,47.33],[-120.58,47.34],[-120.59,47.34],[-120.6,47.34],[-120.61,47.34],[-120.62,47.35],[-120.62,47.34],[-120.63,47.34],[-120.64,47.34],[-120.65,47.34],[-120.66,47.34],[-120.67,47.34],[-120.67,47.35],[-120.68,47.35],[-120.69,47.36],[-120.7,47.36],[-120.7,47.37],[-120.71,47.37],[-120.72,47.37],[-120.72,47.38],[-120.73,47.38],[-120.73,47.39],[-120.74,47.39],[-120.75,47.39],[-120.75,47.4],[-120.76,47.4],[-120.77,47.4],[-120.78,47.4],[-120.79,47.4],[-120.79,47.41],[-120.8,47.42],[-120.81,47.42],[-120.82,47.42],[-120.83,47.42],[-120.84,47.42],[-120.84,47.41],[-120.85,47.41],[-120.85,47.42],[-120.86,47.42],[-120.87,47.42],[-120.88,47.42],[-120.89,47.42],[-120.89,47.43],[-120.9,47.43],[-120.91,47.43],[-120.92,47.43],[-120.92,47.44],[-120.92,47.45],[-120.93,47.45],[-120.93,47.46],[-120.95,47.46],[-120.95,47.47],[-120.95,47.48],[-120.96,47.48],[-120.97,47.49],[-120.98,47.49],[-120.99,47.5],[-120.99,47.51],[-121.0,47.52],[-121.01,47.52],[-121.02,47.52],[-121.03,47.53],[-121.04,47.54],[-121.05,47.53],[-121.05,47.54],[-121.06,47.54],[-121.07,47.55],[-121.08,47.55],[-121.08,47.56],[-121.09,47.57],[-121.09,47.58],[-121.09,47.59],[-121.1,47.59],[-121.11,47.59],[-121.11,47.6],[-121.12,47.61],[-121.12,47.62]]]]}},
{"type":"Feature","properties":{"ugc":"WAC009","name":"Clallam","state":"WA","wfo":"SEW"},"geometry":{"type":"MultiPolygon","coordinates":[[[[-122.94,48.12],[-122.94,48.13],[-122.93,48.13],[-122.92,48.13],[-122.93,48.12],[-122.94,48.12]]],[[[-124.73,48.38],[-124.73,48.39],[-124.72,48.39],[-124.71,48.39],[-124.7,48.39],[-124.69,48.39],[-124.68,48.39],[-124.67,48.39],[-124.66,48.39],[-124.65,48.39],[-124.64,48.39],[-124.64,48.38],[-124.63,48.38],[-124.63,48.37],[-124.62,48.37],[-124.61,48.37],[-124.6,48.37],[-124.59,48.37],[-124.58,48.37],[-124.57,48.37],[-124.56,48.37],[-124.56,48.36],[-124.55,48.36],[-124.55,48.35],[-124.54,48.35],[-124.53,48.35],[-124.52,48.35],[-124.51,48.34],[-124.5,48.34],[-124.49,48.34],[-124.49,48.33],[-124.48,48.33],[-124.47,48.33],[-124.47,48.32],[-124.46,48.32],[-124.45,48.32],[-124.45,48.31],[-124.44,48.31],[-124.43,48.31],[-124.42,48.3],[-124.41,48.3],[-124.4,48.29],[-124.39,48.29],[-124.38,48.29],[-124.38,48.28],[-124.37,48.29],[-124.37,48.28],[-124.36,48.28],[-124.36,48.29],[-124.35,48.29],[-124.35,48.28],[-124.34,48.28],[-124.33,48.28],[-124.33,48.27],[-124.32,48.27],[-124.31,48.27],[-124.3,48.27],[-124.3,48.26],[-124.29,48.26],[-124.28,48.26],[-124.27,48.25],[-124.26,48.26],[-124.25,48.26],[-124.24,48.26],[-124.23,48.26],[-124.22,48.26],[-124.22,48.25],[-124.21,48.25],[-124.2,48.25],[-124.19,48.25],[-124.19,48.24],[-124.18,48.24],[-124.17,48.24],[-124.16,48.24],[-124.16,48.23],[-124.15,48.23],[-124.14,48.23],[-124.14,48.22],[-124.13,48.22],[-124.12,48.22],[-124.11,48.22],[-124.1,48.22],[-124.1,48.21],[-124.11,48.2],[-124.1,48.2],[-124.09,48.2],[-124.09,48.19],[-124.08,48.19],[-124.07,48.19],[-124.06,48.19],[-124.06,48.18],[-124.05,48.18],[-124.04,48.18],[-124.03,48.17],[-124.02,48.18],[-124.02,48.17],[-124.01,48.17],[-124.0,48.17],[-123.99,48.17],[-123.98,48.17],[-123.98,48.16],[-123.97,48.16],[-123.96,48.16],[-123.96,48.17],[-123.95,48.17],[-123.94,48.17],[-123.94,48.16],[-123.93,48.16],[-123.92,48.16],[-123.91,48.16],[-123.9,48.16],[-123.89,48.16],[-123.88,48.16],[-123.87,48.16],[-123.87,48.15],[-123.86,48.15],[-123.85,48.16],[-123.84,48.16],[-123.83,48.16],[-123.82,48.16],[-123.81,48.15],[-123.81,48.16],[-123.8,48.16],[-123.79,48.16],[-123.78,48.16],[-123.77,48.16],[-123.76,48.16],[-123.75,48.16],[-123.74,48.16],[-123.73,48.16],[-123.72,48.16],[-123.71,48.16],[-123.71,48.17],[-123.7,48.17],[-123.69,48.17],[-123.69,48.16],[-123.68,48.16],[-123.67,48.16],[-123.66,48.16],[-123.65,48.16],[-123.65,48.15],[-123.64,48.15],[-123.64,48.14],[-123.63,48.14],[-123.62,48.14],[-123.61,48.14],[-123.6,48.14],[-123.59,48.14],[-123.58,48.14],[-123.57,48.14],[-123.57,48.15],[-123.56,48.15],[-123.55,48.15],[-123.54,48.15],[-123.53,48.15],[-123.53,48.14],[-123.52,48.14],[-123.52,48.13],[-123.51,48.13],[-123.5,48.13],[-123.49,48.13],[-123.48,48.13],[-123.47,48.13],[-123.47,48.14],[-123.46,48.14],[-123.46,48.13],[-123.45,48.13],[-123.44,48.12],[-123.43,48.12],[-123.42,48.12],[-123.41,48.12],[-123.4,48.12],[-123.4,48.11],[-123.38,48.12],[-123.38,48.11],[-123.37,48.11],[-123.37,48.12],[-123.36,48.12],[-123.35,48.12],[-123.34,48.12],[-123.34,48.11],[-123.33,48.11],[-123.32,48.11],[-123.31,48.11],[-123.31,48.12],[-123.3,48.12],[-123.29,48.12],[-123.28,48.12],[-123.27,48.12],[-123.26,48.12],[-123.25,48.12],[-123.24,48.12],[-123.23,48.12],[-123.22,48.13],[-123.21,48.13],[-123.2,48.14],[-123.19,48.14],[-123.19,48.15],[-123.18,48.15],[-123.17,48.15],[-123.16,48.15],[-123.15,48.15],[-123.14,48.15],[-123.13,48.15],[-123.12,48.15],[-123.11,48.15],[-123.11,48.14],[-123.1,48.14],[-123.1,48.13],[-123.09,48.13],[-123.08,48.13],[-123.08,48.12],[-123.07,48.12],[-123.06,48.12],[-123.06,48.11],[-123.05,48.11],[-123.05,48.1],[-123.04,48.09],[-123.05,48.09],[-123.05,48.08],[-123.05,48.07],[-123.04,48.07],[-123.04,48.06],[-123.04,48.05],[-123.03,48.05],[-123.03,48.04],[-123.02,48.04],[-123.02,48.03],[-123.01,48.03],[-123.01,48.02],[-123.0,48.02],[-123.0,48.03],[-123.0,48.04],[-123.0,48.05],[-123.01,48.05],[-123.01,48.06],[-123.01,48.07],[-123.02,48.08],[-123.02,48.09],[-123.01,48.09],[-123.0,48.09],[-122.99,48.09],[-122.98,48.1],[-122.97,48.1],[-122.96,48.1],[-122.95,48.1],[-122.94,48.1],[-122.93,48.1],[-122.92,48.1],[-122.92,48.09],[-122.92,48.08],[-122.93,48.08],[-122.93,48.07],[-122.94,48.07],[-122.95,48.06],[-122.95,48.05],[-122.95,48.04],[-122.95,48.0],[-122.95,47.99],[-122.95,47.96],[-122.95,47.95],[-122.95,47.94],[-122.95,47.9],[-122.95,47.88],[-122.95,47.87],[-123.0,47.87],[-123.04,47.87],[-123.1,47.87],[-123.13,47.87],[-123.24,47.87],[-123.25,47.87],[-123.3,47.87],[-123.33,47.87],[-123.38,47.87],[-123.47,47.87],[-123.51,47.87],[-123.51,47.88],[-123.53,47.88],[-123.62,47.88],[-123.63,47.88],[-123.75,47.88],[-124.0,47.88],[-124.13,47.88],[-124.14,47.88],[-124.25,47.88],[-124.28,47.88],[-124.29,47.88],[-124.38,47.88],[-124.42,47.88],[-124.44,47.88],[-124.46,47.88],[-124.47,47.88],[-124.52,47.88],[-124.57,47.88],[-124.58,47.88],[-124.6,47.88],[-124.61,47.88],[-124.62,47.88],[-124.62,47.89],[-124.63,47.89],[-124.63,47.9],[-124.64,47.91],[-124.64,47.92],[-124.64,47.93],[-124.65,47.94],[-124.66,47.95],[-124.66,47.96],[-124.67,47.96],[-124.68,47.97],[-124.67,47.97],[-124.67,47.98],[-124.67,47.99],[-124.68,47.99],[-124.68,48.0],[-124.68,48.01],[-124.68,48.02],[-124.68,48.03],[-124.68,48.04],[-124.68,48.05],[-124.69,48.05],[-124.69,48.06],[-124.69,48.07],[-124.7,48.07],[-124.7,48.08],[-124.7,48.09],[-124.69,48.09],[-124.69,48.1],[-124.69,48.11],[-124.7,48.11],[-124.7,48.12],[-124.71,48.12],[-124.71,48.13],[-124.71,48.14],[-124.72,48.14],[-124.72,48.15],[-124.72,48.16],[-124.73,48.16],[-124.73,48.17],[-124.72,48.17],[-124.72,48.18],[-124.71,48.18],[-124.7,48.18],[-124.7,48.19],[-124.7,48.2],[-124.69,48.2],[-124.69,48.21],[-124.69,48.22],[-124.7,48.23],[-124.7,48.24],[-124.7,48.25],[-124.69,48.25],[-124.68,48.26],[-124.68,48.27],[-124.68,48.28],[-124.68,48.29],[-124.68,48.3],[-124.67,48.3],[-124.66,48.3],[-124.66,48.31],[-124.66,48.32],[-124.66,48.33],[-124.66,48.34],[-124.67,48.34],[-124.68,48.34],[-124.69,48.34],[-124.7,48.34],[-124.7,48.35],[-124.71,48.35],[-124.71,48.36],[-124.71,48.37],[-124.72,48.37],[-124.73,48.37],[-124.73,48.38]]],[[[-123.17,48.16],[-123.16,48.17],[-123.16,48.16],[-123.17,48.16]]],[[[-123.14,48.18],[-123.13,48.18],[-123.13,48.17],[-123.14,48.17],[-123.14,48.18]]],[[[-124.76,48.17],[-124.76,48.18],[-124.75,48.17],[-124.76,48.17]]]]}},
{"type":"Feature","properties":{"ugc":"WAC011","name":"Clark","state":"WA","wfo":"PQR"},"geometry":{"type":"MultiPolygon","coordinates":[[[[-122.32,46.01],[-122.31,46.02],[-122.31,46.03],[-122.3,46.03],[-122.3,46.04],[-122.29,46.04],[-122.3,46.05],[-122.29,46.05],[-122.28,46.05],[-122.28,46.06],[-122.27,46.06],[-122.26,46.06],[-122.25,46.06],[-122.25,46.05],[-122.25,46.02],[-122.25,46.0],[-122.25,45.98],[-122.25,45.96],[-122.25,45.93],[-122.24,45.87],[-122.25,45.87],[-122.25,45.82],[-122.25,45.75],[-122.25,45.72],[-122.25,45.71],[-122.25,45.69],[-122.25,45.67],[-122.25,45.63],[-122.25,45.62],[-122.25,45.61],[-122.25,45.59],[-122.25,45.57],[-122.25,45.56],[-122.25,45.55],[-122.26,45.54],[-122.27,45.54],[-122.3,45.54],[-122.31,45.55],[-122.33,45.55],[-122.35,45.57],[-122.38,45.58],[-122.39,45.57],[-122.41,45.57],[-122.44,45.56],[-122.45,45.57],[-122.47,45.58],[-122.49,45.58],[-122.51,45.59],[-122.52,45.59],[-122.55,45.6],[-122.56,45.6],[-122.58,45.6],[-122.6,45.61],[-122.61,45.61],[-122.64,45.61],[-122.67,45.62],[-122.69,45.62],[-122.71,45.64],[-122.74,45.64],[-122.76,45.66],[-122.77,45.68],[-122.77,45.7],[-122.76,45.73],[-122.76,45.76],[-122.77,45.78],[-122.8,45.81],[-122.8,45.83],[-122.79,45.84],[-122.79,45.85],[-122.78,45.85],[-122.78,45.86],[-122.77,45.86],[-122.76,45.86],[-122.75,45.86],[-122.75,45.87],[-122.74,45.87],[-122.73,45.87],[-122.72,45.87],[-122.73,45.88],[-122.73,45.89],[-122.73,45.9],[-122.74,45.89],[-122.75,45.89],[-122.75,45.9],[-122.74,45.9],[-122.74,45.91],[-122.74,45.92],[-122.73,45.91],[-122.73,45.92],[-122.72,45.92],[-122.72,45.93],[-122.71,45.93],[-122.7,45.93],[-122.7,45.94],[-122.69,45.94],[-122.68,45.94],[-122.67,45.94],[-122.66,45.93],[-122.65,45.93],[-122.65,45.94],[-122.64,45.94],[-122.63,45.94],[-122.62,45.94],[-122.61,45.94],[-122.6,45.94],[-122.6,45.95],[-122.59,45.95],[-122.58,45.95],[-122.57,45.95],[-122.56,45.95],[-122.56,45.96],[-122.55,45.96],[-122.55,45.97],[-122.54,45.97],[-122.53,45.97],[-122.53,45.98],[-122.52,45.98],[-122.51,45.98],[-122.5,45.98],[-122.5,45.99],[-122.49,45.99],[-122.49,45.98],[-122.48,45.99],[-122.47,45.99],[-122.46,45.99],[-122.45,45.98],[-122.44,45.98],[-122.43,45.98],[-122.42,45.98],[-122.41,45.97],[-122.4,45.97],[-122.39,45.97],[-122.38,45.97],[-122.38,45.96],[-122.37,45.96],[-122.36,45.96],[-122.35,45.96],[-122.34,45.96],[-122.33,45.97],[-122.33,45.98],[-122.32,45.98],[-122.32,45.99],[-122.32,46.0],[-122.33,46.0],[-122.32,46.01]]]]}},
{"type":"Feature","properties":{"ugc":"WAC013","name":"Columbia","state":"WA","wfo":"PDT"},"geometry":{"type":"MultiPolygon","coordinates":[[[[-117.85,46.56],[-117.86,46.56],[-117.86,46.47],[-117.79,46.47],[-117.74,46.47],[-117.74,46.45],[-117.74,46.44],[-117.72,46.44],[-117.72,46.4],[-117.7,46.4],[-117.7,46.38],[-117.68,46.38],[-117.67,46.38],[-117.67,46.37],[-117.68,46.34],[-117.64,46.34],[-117.61,46.34],[-117.61,46.25],[-117.61,46.22],[-117.61,46.19],[-117.61,46.12],[-117.6,46.12],[-117.6,46.0],[-117.61,46.0],[-117.62,46.0],[-117.72,46.0],[-117.78,46.0],[-117.79,46.0],[-117.85,46.0],[-117.88,46.0],[-117.98,46.0],[-117.99,46.0],[-118.0,46.0],[-118.0,46.01],[-117.99,46.02],[-117.99,46.03],[-117.99,46.04],[-117.99,46.06],[-117.99,46.08],[-117.99,46.11],[-117.99,46.13],[-117.99,46.14],[-117.99,46.16],[-117.99,46.19],[-117.99,46.2],[-117.99,46.21],[-118.03,46.21],[-118.12,46.21],[-118.12,46.22],[-118.12,46.24],[-118.12,46.25],[-118.12,46.3],[-118.19,46.3],[-118.24,46.3],[-118.24,46.33],[-118.24,46.38],[-118.24,46.46],[-118.24,46.56],[-118.23,46.56],[-118.23,46.59],[-118.22,46.59],[-118.21,46.59],[-118.21,46.58],[-118.2,46.58],[-118.19,46.57],[-118.18,46.57],[-118.18,46.56],[-118.17,46.56],[-118.16,46.55],[-118.15,46.56],[-118.14,46.56],[-118.13,46.56],[-118.12,46.56],[-118.11,46.56],[-118.1,46.56],[-118.1,46.57],[-118.09,46.57],[-118.08,46.58],[-118.07,46.57],[-118.06,46.58],[-118.05,46.58],[-118.04,46.58],[-118.04,46.59],[-118.03,46.59],[-118.02,46.59],[-118.01,46.59],[-118.0,46.59],[-117.99,46.59],[-117.98,46.59],[-117.97,46.59],[-117.96,46.59],[-117.95,46.59],[-117.94,46.59],[-117.93,46.59],[-117.92,46.59],[-117.91,46.58],[-117.9,46.58],[-117.89,46.59],[-117.88,46.59],[-117.88,46.6],[-117.88,46.61],[-117.87,46.62],[-117.86,46.62],[-117.85,46.62],[-117.85,46.56]]]]}},
{"type":"Feature","properties":{"ugc":"WAC015","name":"Cowlitz","state":"WA","wfo":"PQR"},"geometry":{"type":"MultiPolygon","coordinates":[[[[-122.99,46.39],[-122.9,46.39],[-122.85,46.39],[-122.78,46.39],[-122.75,46.39],[-122.63,46.39],[-122.62,46.39],[-122.5,46.39],[-122.48,46.39],[-122.47,46.39],[-122.45,46.39],[-122.42,46.39],[-122.38,46.39],[-122.36,46.39],[-122.27,46.39],[-122.24,46.39],[-122.24,46.38],[-122.24,46.34],[-122.24,46.32],[-122.24,46.25],[-122.24,46.22],[-122.24,46.21],[-122.25,46.21],[-122.25,46.15],[-122.25,46.12],[-122.25,46.06],[-122.26,46.06],[-122.27,46.06],[-122.28,46.06],[-122.28,46.05],[-122.29,46.05],[-122.3,46.05],[-122.29,46.04],[-122.3,46.04],[-122.3,46.03],[-122.31,46.03],[-122.31,46.02],[-122.32,46.01],[-122.33,46.0],[-122.32,46.0],[-122.32,45.99],[-122.32,45.98],[-122.33,45.98],[-122.33,45.97],[-122.34,45.96],[-122.35,45.96],[-122.36,45.96],[-122.37,45.96],[-122.38,45.96],[-122.38,45.97],[-122.39,45.97],[-122.4,45.97],[-122.41,45.97],[-122.42,45.98],[-122.43,45.98],[-122.44,45.98],[-122.45,45.98],[-122.46,45.99],[-122.47,45.99],[-122.48,45.99],[-122.49,45.98],[-122.49,45.99],[-122.5,45.99],[-122.5,45.98],[-122.51,45.98],[-122.52,45.98],[-122.53,45.98],[-122.53,45.97],[-122.54,45.97],[-122.55,45.97],[-122.55,45.96],[-122.56,45.96],[-122.56,45.95],[-122.57,45.95],[-122.58,45.95],[-122.59,45.95],[-122.6,45.95],[-122.6,45.94],[-122.61,45.94],[-122.62,45.94],[-122.63,45.94],[-122.64,45.94],[-122.65,45.94],[-122.65,45.93],[-122.66,45.93],[-122.67,45.94],[-122.68,45.94],[-122.69,45.94],[-122.7,45.94],[-122.7,45.93],[-122.71,45.93],[-122.72,45.93],[-122.72,45.92],[-122.73,45.92],[-122.73,45.91],[-122.74,45.92],[-122.74,45.91],[-122.74,45.9],[-122.75,45.9],[-122.75,45.89],[-122.74,45.89],[-122.73,45.9],[-122.73,45.89],[-122.73,45.88],[-122.72,45.87],[-122.73,45.87],[-122.74,45.87],[-122.75,45.87],[-122.75,45.86],[-122.76,45.86],[-122.77,45.86],[-122.78,45.86],[-122.78,45.85],[-122.79,45.85],[-122.78,45.87],[-122.8,45.88],[-122.81,45.91],[-122.81,45.93],[-122.81,45.96],[-122.83,45.98],[-122.84,45.98],[-122.86,46.01],[-122.87,46.03],[-122.88,46.03],[-122.88,46.05],[-122.88,46.06],[-122.9,46.08],[-122.96,46.1],[-122.96,46.11],[-122.99,46.12],[-123.0,46.13],[-123.01,46.13],[-123.01,46.14],[-123.02,46.14],[-123.03,46.14],[-123.04,46.15],[-123.05,46.15],[-123.11,46.18],[-123.12,46.18],[-123.12,46.19],[-123.17,46.19],[-123.21,46.17],[-123.21,46.18],[-123.21,46.2],[-123.22,46.21],[-123.22,46.22],[-123.22,46.24],[-123.22,46.25],[-123.22,46.27],[-123.21,46.28],[-123.21,46.3],[-123.22,46.38],[-123.22,46.39],[-123.1,46.39],[-123.06,46.39],[-123.01,46.39],[-122.99,46.39]]]]}},
{"type":"Feature","properties":{"ugc":"WAC017","name":"Douglas","state":"WA","wfo":"OTX"},"geometry":{"type":"MultiPolygon","coordinates":[[[[-119.09,48.14],[-119.08,48.14],[-119.07,48.14],[-119.06,48.14],[-119.05,48.13],[-119.04,48.13],[-119.04,48.12],[-119.03,48.12],[-119.03,48.11],[-119.03,48.1],[-119.02,48.09],[-119.02,48.08],[-119.02,48.07],[-119.01,48.06],[-119.01,48.05],[-119.0,48.04],[-118.99,48.04],[-118.98,48.04],[-118.97,48.03],[-118.96,48.03],[-118.96,48.02],[-118.95,48.02],[-118.95,48.01],[-118.96,48.0],[-118.96,47.99],[-118.97,47.98],[-118.98,47.97],[-118.98,47.96],[-119.02,47.96],[-119.1,47.96],[-119.1,47.95],[-119.13,47.95],[-119.13,47.92],[-119.15,47.92],[-119.15,47.9],[-119.19,47.9],[-119.19,47.89],[-119.21,47.89],[-119.21,47.84],[-119.21,47.82],[-119.21,47.8],[-119.23,47.8],[-119.23,47.77],[-119.24,47.77],[-119.25,47.77],[-119.26,47.77],[-119.26,47.74],[-119.28,47.74],[-119.28,47.73],[-119.29,47.73],[-119.3,47.73],[-119.3,47.67],[-119.31,47.67],[-119.32,47.67],[-119.32,47.63],[-119.34,47.63],[-119.34,47.62],[-119.34,47.61],[-119.37,47.61],[-119.39,47.61],[-119.41,47.61],[-119.41,47.6],[-119.43,47.6],[-119.43,47.58],[-119.45,47.58],[-119.45,47.57],[-119.47,47.57],[-119.47,47.56],[-119.49,47.56],[-119.49,47.54],[-119.5,47.54],[-119.51,47.54],[-119.51,47.53],[-119.53,47.53],[-119.53,47.52],[-119.53,47.47],[-119.53,47.44],[-119.59,47.44],[-119.68,47.44],[-119.84,47.44],[-119.88,47.44],[-119.88,47.42],[-119.88,47.41],[-119.9,47.41],[-119.9,47.39],[-119.92,47.39],[-119.92,47.36],[-119.94,47.36],[-119.94,47.35],[-119.96,47.35],[-119.96,47.34],[-119.96,47.33],[-119.98,47.33],[-119.98,47.32],[-120.0,47.32],[-120.0,47.28],[-120.0,47.26],[-120.0,47.25],[-120.0,47.24],[-120.0,47.22],[-120.01,47.22],[-120.01,47.23],[-120.02,47.23],[-120.03,47.23],[-120.04,47.23],[-120.05,47.23],[-120.05,47.22],[-120.06,47.22],[-120.07,47.22],[-120.08,47.23],[-120.09,47.23],[-120.09,47.24],[-120.1,47.25],[-120.1,47.26],[-120.09,47.26],[-120.09,47.27],[-120.09,47.28],[-120.09,47.29],[-120.09,47.3],[-120.09,47.31],[-120.09,47.32],[-120.09,47.33],[-120.08,47.33],[-120.09,47.34],[-120.1,47.34],[-120.1,47.35],[-120.11,47.35],[-120.11,47.36],[-120.12,47.36],[-120.13,47.36],[-120.13,47.37],[-120.14,47.37],[-120.15,47.37],[-120.16,47.37],[-120.17,47.37],[-120.18,47.37],[-120.19,47.37],[-120.2,47.38],[-120.21,47.38],[-120.22,47.38],[-120.23,47.38],[-120.24,47.38],[-120.25,47.38],[-120.26,47.38],[-120.27,47.39],[-120.28,47.39],[-120.29,47.39],[-120.29,47.4],[-120.29,47.41],[-120.3,47.41],[-120.3,47.42],[-120.31,47.43],[-120.31,47.45],[-120.32,47.45],[-120.32,47.46],[-120.32,47.47],[-120.31,47.48],[-120.31,47.49],[-120.31,47.5],[-120.31,47.51],[-120.3,47.52],[-120.3,47.53],[-120.29,47.53],[-120.29,47.54],[-120.28,47.55],[-120.26,47.56],[-120.26,47.57],[-120.25,47.57],[-120.25,47.58],[-120.24,47.58],[-120.24,47.59],[-120.23,47.6],[-120.24,47.6],[-120.24,47.61],[-120.23,47.62],[-120.24,47.62],[-120.24,47.63],[-120.23,47.64],[-120.23,47.65],[-120.22,47.65],[-120.22,47.66],[-120.21,47.67],[-120.2,47.67],[-120.2,47.68],[-120.2,47.69],[-120.2,47.7],[-120.21,47.71],[-120.22,47.72],[-120.22,47.73],[-120.22,47.74],[-120.21,47.74],[-120.21,47.75],[-120.2,47.75],[-120.2,47.76],[-120.19,47.76],[-120.18,47.76],[-120.17,47.77],[-120.16,47.77],[-120.15,47.77],[-120.14,47.77],[-120.14,47.78],[-120.13,47.78],[-120.12,47.78],[-120.12,47.77],[-120.11,47.77],[-120.1,47.77],[-120.09,47.76],[-120.08,47.76],[-120.07,47.77],[-120.06,47.77],[-120.05,47.77],[-120.04,47.77],[-120.04,47.78],[-120.03,47.78],[-120.02,47.78],[-120.01,47.78],[-120.0,47.78],[-119.99,47.78],[-119.99,47.79],[-119.98,47.79],[-119.98,47.8],[-119.98,47.81],[-119.97,47.82],[-119.96,47.83],[-119.96,47.84],[-119.96,47.85],[-119.95,47.85],[-119.94,47.85],[-119.93,47.85],[-119.93,47.86],[-119.92,47.86],[-119.91,47.87],[-119.91,47.88],[-119.91,47.89],[-119.92,47.9],[-119.91,47.9],[-119.91,47.91],[-119.9,47.91],[-119.9,47.92],[-119.89,47.92],[-119.88,47.92],[-119.88,47.93],[-119.87,47.93],[-119.86,47.94],[-119.86,47.95],[-119.87,47.95],[-119.87,47.96],[-119.88,47.97],[-119.88,47.98],[-119.88,47.99],[-119.87,47.99],[-119.87,48.0],[-119.87,48.01],[-119.87,48.02],[-119.88,48.02],[-119.88,48.03],[-119.89,48.04],[-119.89,48.05],[-119.89,48.06],[-119.88,48.06],[-119.87,48.06],[-119.86,48.07],[-119.85,48.07],[-119.85,48.08],[-119.84,48.08],[-119.83,48.08],[-119.82,48.08],[-119.81,48.09],[-119.8,48.09],[-119.79,48.09],[-119.78,48.09],[-119.77,48.09],[-119.78,48.1],[-119.77,48.1],[-119.76,48.1],[-119.75,48.1],[-119.74,48.1],[-119.73,48.09],[-119.72,48.08],[-119.71,48.08],[-119.7,48.08],[-119.7,48.09],[-119.69,48.09],[-119.68,48.09],[-119.67,48.08],[-119.67,48.07],[-119.68,48.06],[-119.68,48.05],[-119.69,48.04],[-119.69,48.03],[-119.69,48.02],[-119.68,48.01],[-119.67,48.01],[-119.66,48.01],[-119.66,48.0],[-119.65,48.0],[-119.64,48.0],[-119.63,48.0],[-119.62,48.0],[-119.61,48.0],[-119.61,48.01],[-119.6,48.02],[-119.59,48.02],[-119.59,48.03],[-119.58,48.03],[-119.57,48.03],[-119.56,48.04],[-119.55,48.05],[-119.54,48.05],[-119.53,48.05],[-119.52,48.06],[-119.52,48.07],[-119.51,48.08],[-119.5,48.08],[-119.49,48.08],[-119.48,48.08],[-119.47,48.08],[-119.46,48.08],[-119.45,48.08],[-119.44,48.08],[-119.43,48.07],[-119.42,48.06],[-119.41,48.05],[-119.4,48.05],[-119.39,48.05],[-119.38,48.05],[-119.37,48.05],[-119.36,48.05],[-119.35,48.05],[-119.34,48.05],[-119.33,48.06],[-119.33,48.08],[-119.33,48.09],[-119.33,48.1],[-119.32,48.11],[-119.31,48.11],[-119.3,48.11],[-119.3,48.12],[-119.29,48.12],[-119.29,48.11],[-119.28,48.11],[-119.27,48.11],[-119.27,48.1],[-119.26,48.1],[-119.25,48.1],[-119.24,48.11],[-119.23,48.11],[-119.22,48.12],[-119.21,48.12],[-119.2,48.13],[-119.19,48.13],[-119.18,48.13],[-119.17,48.13],[-119.17,48.14],[-119.16,48.14],[-119.15,48.14],[-119.15,48.15],[-119.14,48.15],[-119.13,48.15],[-119.12,48.15],[-119.11,48.14],[-119.1,48.14],[-119.09,48.14]]]]}},
{"type":"Feature","properties":{"ugc":"WAC019","name":"Ferry","state":"WA","wfo":"OTX"},"geometry":{"type":"MultiPolygon","coordinates":[[[[-118.22,49.0],[-118.22,48.99],[-118.21,48.99],[-118.22,48.98],[-118.22,48.97],[-118.21,48.97],[-118.21,48.96],[-118.21,48.95],[-118.22,48.95],[-118.22,48.94],[-118.22,48.93],[-118.21,48.92],[-118.2,48.92],[-118.2,48.91],[-118.2,48.9],[-118.21,48.9],[-118.21,48.89],[-118.21,48.88],[-118.21,48.87],[-118.2,48.87],[-118.2,48.86],[-118.19,48.85],[-118.2,48.84],[-118.19,48.84],[-118.18,48.84],[-118.18,48.83],[-118.17,48.83],[-118.17,48.82],[-118.16,48.81],[-118.16,48.8],[-118.16,48.79],[-118.15,48.79],[-118.14,48.78],[-118.13,48.78],[-118.13,48.77],[-118.13,48.76],[-118.13,48.75],[-118.13,48.74],[-118.12,48.74],[-118.12,48.73],[-118.13,48.73],[-118.13,48.72],[-118.12,48.72],[-118.12,48.71],[-118.12,48.7],[-118.12,48.69],[-118.11,48.68],[-118.12,48.68],[-118.12,48.67],[-118.11,48.67],[-118.11,48.66],[-118.1,48.65],[-118.11,48.64],[-118.12,48.64],[-118.12,48.63],[-118.12,48.62],[-118.13,48.62],[-118.13,48.61],[-118.13,48.6],[-118.13,48.59],[-118.13,48.58],[-118.13,48.57],[-118.14,48.57],[-118.14,48.56],[-118.14,48.55],[-118.14,48.54],[-118.14,48.53],[-118.15,48.52],[-118.16,48.52],[-118.17,48.52],[-118.18,48.52],[-118.18,48.51],[-118.18,48.5],[-118.18,48.49],[-118.19,48.49],[-118.19,48.48],[-118.2,48.48],[-118.2,48.47],[-118.21,48.47],[-118.21,48.46],[-118.21,48.45],[-118.2,48.44],[-118.2,48.43],[-118.2,48.42],[-118.2,48.41],[-118.2,48.4],[-118.19,48.39],[-118.19,48.38],[-118.18,48.37],[-118.18,48.36],[-118.18,48.35],[-118.18,48.34],[-118.18,48.33],[-118.18,48.32],[-118.17,48.32],[-118.17,48.31],[-118.16,48.3],[-118.15,48.3],[-118.15,48.29],[-118.15,48.28],[-118.14,48.27],[-118.14,48.26],[-118.14,48.25],[-118.15,48.25],[-118.15,48.24],[-118.16,48.23],[-118.17,48.23],[-118.18,48.22],[-118.19,48.22],[-118.19,48.21],[-118.19,48.2],[-118.19,48.19],[-118.2,48.19],[-118.2,48.18],[-118.19,48.17],[-118.19,48.16],[-118.19,48.15],[-118.2,48.14],[-118.21,48.14],[-118.22,48.14],[-118.23,48.14],[-118.23,48.13],[-118.24,48.14],[-118.25,48.13],[-118.25,48.12],[-118.25,48.11],[-118.24,48.11],[-118.24,48.1],[-118.23,48.1],[-118.23,48.09],[-118.23,48.08],[-118.24,48.08],[-118.23,48.07],[-118.23,48.06],[-118.24,48.06],[-118.25,48.05],[-118.25,48.06],[-118.26,48.06],[-118.27,48.06],[-118.27,48.05],[-118.27,48.04],[-118.28,48.04],[-118.3,48.04],[-118.31,48.04],[-118.32,48.04],[-118.33,48.05],[-118.34,48.05],[-118.35,48.05],[-118.36,48.05],[-118.37,48.04],[-118.38,48.04],[-118.39,48.04],[-118.4,48.03],[-118.4,48.02],[-118.39,48.01],[-118.38,48.01],[-118.38,48.0],[-118.37,48.0],[-118.37,47.99],[-118.36,47.98],[-118.35,47.97],[-118.35,47.95],[-118.36,47.93],[-118.35,47.92],[-118.34,47.9],[-118.34,47.89],[-118.35,47.89],[-118.35,47.88],[-118.35,47.87],[-118.35,47.86],[-118.36,47.86],[-118.36,47.85],[-118.36,47.84],[-118.37,47.83],[-118.38,47.83],[-118.39,47.83],[-118.4,47.83],[-118.41,47.83],[-118.42,47.84],[-118.43,47.84],[-118.44,47.84],[-118.45,47.85],[-118.46,47.86],[-118.46,47.87],[-118.46,47.88],[-118.47,47.88],[-118.48,47.88],[-118.49,47.88],[-118.49,47.87],[-118.5,47.87],[-118.51,47.88],[-118.53,47.88],[-118.54,47.88],[-118.54,47.89],[-118.53,47.9],[-118.53,47.91],[-118.54,47.92],[-118.55,47.92],[-118.56,47.93],[-118.57,47.93],[-118.58,47.93],[-118.59,47.93],[-118.6,47.93],[-118.61,47.93],[-118.62,47.93],[-118.63,47.93],[-118.64,47.93],[-118.65,47.93],[-118.66,47.93],[-118.66,47.94],[-118.67,47.94],[-118.68,47.94],[-118.69,47.94],[-118.7,47.94],[-118.71,47.93],[-118.71,47.92],[-118.71,47.91],[-118.71,47.9],[-118.72,47.9],[-118.73,47.9],[-118.74,47.9],[-118.75,47.91],[-118.76,47.91],[-118.77,47.91],[-118.78,47.92],[-118.8,47.92],[-118.81,47.92],[-118.82,47.92],[-118.82,47.93],[-118.83,47.93],[-118.83,47.95],[-118.84,47.95],[-118.84,47.96],[-118.85,47.96],[-118.85,47.99],[-118.85,48.0],[-118.85,48.03],[-118.85,48.12],[-118.85,48.25],[-118.84,48.48],[-118.87,48.48],[-118.87,48.5],[-118.87,48.52],[-118.87,48.57],[-118.87,48.6],[-118.87,48.62],[-118.87,48.65],[-118.84,48.65],[-118.84,48.66],[-118.84,48.68],[-118.84,48.69],[-118.84,48.75],[-118.84,48.79],[-118.84,48.83],[-118.84,48.86],[-118.84,48.87],[-118.84,48.91],[-118.84,49.0],[-118.22,49.0]]],[[[-118.13,48.78],[-118.13,48.79],[-118.12,48.78],[-118.12,48.77],[-118.13,48.78]]],[[[-118.2,49.0],[-118.19,49.0],[-118.2,48.99],[-118.2,49.0]]]]}},
{"type":"Feature","properties":{"ugc":"WAC021","name":"Franklin","state":"WA","wfo":"PDT"},"geometry":{"type":"MultiPolygon","coordinates":[[[[-118.25,46.74],[-118.24,46.74],[-118.25,46.73],[-118.24,46.73],[-118.24,46.72],[-118.24,46.71],[-118.23,46.7],[-118.23,46.69],[-118.22,46.69],[-118.22,46.68],[-118.22,46.67],[-118.22,46.66],[-118.23,46.66],[-118.23,46.65],[-118.22,46.65],[-118.22,46.64],[-118.21,46.64],[-118.22,46.63],[-118.21,46.63],[-118.2,46.63],[-118.2,46.62],[-118.2,46.61],[-118.21,46.61],[-118.21,46.6],[-118.21,46.59],[-118.22,46.59],[-118.23,46.59],[-118.24,46.6],[-118.25,46.6],[-118.26,46.6],[-118.27,46.6],[-118.27,46.59],[-118.28,46.59],[-118.29,46.59],[-118.29,46.6],[-118.3,46.6],[-118.31,46.61],[-118.32,46.61],[-118.33,46.61],[-118.34,46.6],[-118.35,46.6],[-118.36,46.6],[-118.37,46.6],[-118.37,46.59],[-118.38,46.59],[-118.38,46.58],[-118.39,46.58],[-118.4,46.58],[-118.42,46.58],[-118.43,46.59],[-118.44,46.59],[-118.45,46.59],[-118.45,46.6],[-118.46,46.6],[-118.47,46.6],[-118.48,46.6],[-118.48,46.59],[-118.49,46.58],[-118.5,46.58],[-118.5,46.57],[-118.51,46.57],[-118.52,46.57],[-118.53,46.57],[-118.53,46.56],[-118.54,46.56],[-118.55,46.56],[-118.55,46.55],[-118.56,46.54],[-118.57,46.53],[-118.58,46.53],[-118.59,46.53],[-118.6,46.52],[-118.61,46.51],[-118.62,46.5],[-118.62,46.49],[-118.62,46.48],[-118.62,46.47],[-118.62,46.46],[-118.63,46.46],[-118.63,46.45],[-118.63,46.44],[-118.64,46.44],[-118.64,46.43],[-118.64,46.42],[-118.63,46.42],[-118.63,46.41],[-118.64,46.41],[-118.65,46.41],[-118.66,46.41],[-118.66,46.4],[-118.67,46.39],[-118.68,46.39],[-118.68,46.38],[-118.69,46.38],[-118.7,46.38],[-118.7,46.37],[-118.7,46.36],[-118.71,46.36],[-118.72,46.36],[-118.73,46.36],[-118.74,46.36],[-118.75,46.36],[-118.75,46.35],[-118.76,46.34],[-118.76,46.33],[-118.76,46.32],[-118.77,46.32],[-118.77,46.31],[-118.77,46.3],[-118.77,46.29],[-118.78,46.29],[-118.79,46.29],[-118.8,46.29],[-118.81,46.29],[-118.82,46.29],[-118.82,46.28],[-118.83,46.28],[-118.83,46.27],[-118.85,46.27],[-118.85,46.26],[-118.86,46.25],[-118.87,46.25],[-118.88,46.25],[-118.91,46.24],[-118.92,46.24],[-118.95,46.24],[-118.96,46.24],[-118.97,46.24],[-118.98,46.24],[-118.98,46.23],[-118.99,46.23],[-119.0,46.23],[-119.0,46.22],[-119.01,46.22],[-119.02,46.22],[-119.03,46.21],[-119.04,46.2],[-119.04,46.19],[-119.05,46.2],[-119.08,46.21],[-119.09,46.21],[-119.1,46.21],[-119.1,46.22],[-119.12,46.22],[-119.14,46.23],[-119.15,46.23],[-119.16,46.23],[-119.17,46.23],[-119.19,46.23],[-119.2,46.23],[-119.2,46.24],[-119.21,46.24],[-119.22,46.25],[-119.23,46.25],[-119.24,46.26],[-119.25,46.27],[-119.26,46.27],[-119.27,46.27],[-119.27,46.28],[-119.27,46.29],[-119.26,46.29],[-119.25,46.3],[-119.25,46.31],[-119.25,46.32],[-119.25,46.33],[-119.26,46.34],[-119.26,46.35],[-119.27,46.36],[-119.27,46.37],[-119.27,46.38],[-119.27,46.39],[-119.26,46.39],[-119.27,46.4],[-119.27,46.41],[-119.26,46.41],[-119.26,46.42],[-119.26,46.43],[-119.26,46.44],[-119.26,46.45],[-119.26,46.46],[-119.26,46.47],[-119.26,46.48],[-119.26,46.49],[-119.26,46.5],[-119.27,46.51],[-119.27,46.52],[-119.28,46.53],[-119.29,46.53],[-119.3,46.54],[-119.31,46.55],[-119.33,46.56],[-119.33,46.57],[-119.35,46.57],[-119.37,46.58],[-119.38,46.59],[-119.4,46.61],[-119.41,46.62],[-119.41,46.64],[-119.41,46.65],[-119.42,46.65],[-119.42,46.66],[-119.43,46.66],[-119.45,46.67],[-119.46,46.67],[-119.46,46.68],[-119.45,46.68],[-119.43,46.68],[-119.38,46.68],[-119.37,46.68],[-119.37,46.74],[-119.32,46.74],[-119.24,46.74],[-119.21,46.74],[-119.19,46.74],[-119.12,46.74],[-119.07,46.74],[-119.05,46.74],[-119.03,46.74],[-118.98,46.74],[-118.96,46.74],[-118.93,46.74],[-118.92,46.74],[-118.84,46.74],[-118.79,46.74],[-118.77,46.74],[-118.76,46.74],[-118.75,46.74],[-118.73,46.74],[-118.7,46.74],[-118.69,46.74],[-118.65,46.74],[-118.63,46.74],[-118.61,46.74],[-118.58,46.74],[-118.55,46.74],[-118.53,46.74],[-118.52,46.74],[-118.51,46.74],[-118.5,46.74],[-118.44,46.74],[-118.42,46.74],[-118.37,46.74],[-118.36,46.74],[-118.33,46.74],[-118.28,46.74],[-118.25,46.74]]],[[[-118.24,46.73],[-118.24,46.74],[-118.23,46.74],[-118.23,46.73],[-118.24,46.73]]]]}},
{"type":"Feature","properties":{"ugc":"WAC023","name":"Garfield","state":"WA","wfo":"OTX"},"geometry":{"type":"MultiPolygon","coordinates":[[[[-117.74,46.69],[-117.73,46.69],[-117.73,46.7],[-117.72,46.7],[-117.71,46.7],[-117.7,46.7],[-117.69,46.7],[-117.68,46.7],[-117.67,46.7],[-117.66,46.7],[-117.65,46.7],[-117.64,46.7],[-117.63,46.69],[-117.63,46.68],[-117.62,46.68],[-117.62,46.67],[-117.61,46.67],[-117.6,46.67],[-117.58,46.68],[-117.58,46.67],[-117.56,46.68],[-117.55,46.68],[-117.54,46.68],[-117.53,46.68],[-117.52,46.68],[-117.51,46.68],[-117.5,46.68],[-117.5,46.69],[-117.49,46.69],[-117.49,46.7],[-117.48,46.7],[-117.47,46.7],[-117.46,46.7],[-117.46,46.69],[-117.45,46.69],[-117.45,46.68],[-117.45,46.67],[-117.44,46.67],[-117.44,46.66],[-117.43,46.66],[-117.42,46.66],[-117.41,46.66],[-117.4,46.66],[-117.39,46.65],[-117.39,46.64],[-117.39,46.63],[-117.39,46.62],[-117.38,46.61],[-117.37,46.61],[-117.36,46.6],[-117.35,46.59],[-117.34,46.58],[-117.33,46.58],[-117.32,46.58],[-117.31,46.58],[-117.3,46.58],[-117.3,46.57],[-117.29,46.57],[-117.29,46.56],[-117.28,46.56],[-117.27,46.56],[-117.27,46.55],[-117.26,46.55],[-117.25,46.54],[-117.25,46.53],[-117.25,46.52],[-117.24,46.52],[-117.24,46.51],[-117.23,46.51],[-117.23,46.5],[-117.23,46.49],[-117.24,46.48],[-117.24,46.47],[-117.23,46.47],[-117.23,46.46],[-117.23,46.41],[-117.25,46.41],[-117.27,46.41],[-117.34,46.41],[-117.36,46.41],[-117.36,46.4],[-117.4,46.4],[-117.4,46.38],[-117.42,46.38],[-117.42,46.37],[-117.42,46.34],[-117.42,46.31],[-117.42,46.3],[-117.42,46.29],[-117.42,46.28],[-117.42,46.25],[-117.42,46.24],[-117.42,46.2],[-117.42,46.14],[-117.42,46.12],[-117.48,46.12],[-117.48,46.09],[-117.48,46.03],[-117.48,46.01],[-117.48,46.0],[-117.51,46.0],[-117.55,46.0],[-117.6,46.0],[-117.6,46.12],[-117.61,46.12],[-117.61,46.19],[-117.61,46.22],[-117.61,46.25],[-117.61,46.34],[-117.64,46.34],[-117.68,46.34],[-117.67,46.37],[-117.67,46.38],[-117.68,46.38],[-117.7,46.38],[-117.7,46.4],[-117.72,46.4],[-117.72,46.44],[-117.74,46.44],[-117.74,46.45],[-117.74,46.47],[-117.79,46.47],[-117.86,46.47],[-117.86,46.56],[-117.85,46.56],[-117.85,46.62],[-117.84,46.62],[-117.83,46.62],[-117.82,46.62],[-117.81,46.62],[-117.8,46.62],[-117.8,46.63],[-117.79,46.63],[-117.78,46.64],[-117.77,46.64],[-117.77,46.65],[-117.76,46.66],[-117.76,46.67],[-117.76,46.68],[-117.75,46.69],[-117.74,46.69]]]]}},
{"type":"Feature","properties":{"ugc":"WAC025","name":"Grant","state":"WA","wfo":"OTX"},"geometry":{"type":"MultiPolygon","coordinates":[[[[-120.0,47.22],[-120.0,47.24],[-120.0,47.25],[-120.0,47.26],[-120.0,47.28],[-120.0,47.32],[-119.98,47.32],[-119.98,47.33],[-119.96,47.33],[-119.96,47.34],[-119.96,47.35],[-119.94,47.35],[-119.94,47.36],[-119.92,47.36],[-119.92,47.39],[-119.9,47.39],[-119.9,47.41],[-119.88,47.41],[-119.88,47.42],[-119.88,47.44],[-119.84,47.44],[-119.68,47.44],[-119.59,47.44],[-119.53,47.44],[-119.53,47.47],[-119.53,47.52],[-119.53,47.53],[-119.51,47.53],[-119.51,47.54],[-119.5,47.54],[-119.49,47.54],[-119.49,47.56],[-119.47,47.56],[-119.47,47.57],[-119.45,47.57],[-119.45,47.58],[-119.43,47.58],[-119.43,47.6],[-119.41,47.6],[-119.41,47.61],[-119.39,47.61],[-119.37,47.61],[-119.34,47.61],[-119.34,47.62],[-119.34,47.63],[-119.32,47.63],[-119.32,47.67],[-119.31,47.67],[-119.3,47.67],[-119.3,47.73],[-119.29,47.73],[-119.28,47.73],[-119.28,47.74],[-119.26,47.74],[-119.26,47.77],[-119.25,47.77],[-119.24,47.77],[-119.23,47.77],[-119.23,47.8],[-119.21,47.8],[-119.21,47.82],[-119.21,47.84],[-119.21,47.89],[-119.19,47.89],[-119.19,47.9],[-119.15,47.9],[-119.15,47.92],[-119.13,47.92],[-119.13,47.95],[-119.1,47.95],[-119.1,47.96],[-119.02,47.96],[-118.98,47.96],[-118.98,47.95],[-118.98,47.94],[-118.97,47.94],[-118.97,47.88],[-118.97,47.87],[-118.97,47.83],[-118.98,47.79],[-118.98,47.75],[-118.98,47.74],[-118.98,47.69],[-118.98,47.68],[-118.98,47.66],[-118.98,47.65],[-118.98,47.62],[-118.98,47.61],[-118.98,47.52],[-118.98,47.51],[-118.98,47.5],[-118.98,47.49],[-118.98,47.47],[-118.98,47.46],[-118.98,47.44],[-118.98,47.42],[-118.98,47.4],[-118.98,47.39],[-118.98,47.36],[-118.98,47.31],[-118.98,47.26],[-118.98,47.17],[-118.98,47.16],[-118.98,47.15],[-118.98,47.13],[-118.98,47.1],[-118.98,47.09],[-118.98,47.05],[-118.98,47.02],[-118.98,47.01],[-118.98,46.98],[-118.98,46.97],[-118.98,46.91],[-119.05,46.91],[-119.1,46.91],[-119.12,46.91],[-119.14,46.91],[-119.18,46.91],[-119.23,46.91],[-119.32,46.91],[-119.34,46.91],[-119.37,46.91],[-119.37,46.87],[-119.37,46.84],[-119.37,46.81],[-119.37,46.79],[-119.37,46.76],[-119.37,46.75],[-119.37,46.74],[-119.37,46.68],[-119.38,46.68],[-119.43,46.68],[-119.45,46.68],[-119.45,46.69],[-119.46,46.69],[-119.47,46.7],[-119.48,46.71],[-119.49,46.72],[-119.5,46.72],[-119.51,46.73],[-119.52,46.73],[-119.52,46.72],[-119.53,46.72],[-119.53,46.71],[-119.54,46.7],[-119.55,46.7],[-119.57,46.68],[-119.58,46.67],[-119.59,46.67],[-119.6,46.66],[-119.63,46.65],[-119.63,46.64],[-119.64,46.64],[-119.65,46.64],[-119.66,46.64],[-119.67,46.64],[-119.68,46.65],[-119.7,46.65],[-119.71,46.65],[-119.72,46.65],[-119.73,46.64],[-119.75,46.64],[-119.76,46.64],[-119.77,46.63],[-119.78,46.63],[-119.8,46.63],[-119.82,46.63],[-119.83,46.63],[-119.84,46.63],[-119.85,46.63],[-119.86,46.63],[-119.87,46.63],[-119.88,46.63],[-119.89,46.63],[-119.9,46.63],[-119.9,46.64],[-119.91,46.64],[-119.91,46.65],[-119.92,46.65],[-119.92,46.66],[-119.93,46.66],[-119.94,46.67],[-119.95,46.68],[-119.95,46.69],[-119.96,46.69],[-119.96,46.71],[-119.97,46.71],[-119.97,46.72],[-119.97,46.73],[-119.97,46.74],[-119.97,46.75],[-119.97,46.76],[-119.96,46.76],[-119.95,46.77],[-119.94,46.77],[-119.94,46.78],[-119.93,46.79],[-119.93,46.8],[-119.93,46.81],[-119.93,46.82],[-119.94,46.83],[-119.94,46.84],[-119.95,46.84],[-119.96,46.85],[-119.96,46.86],[-119.96,46.87],[-119.97,46.88],[-119.97,46.89],[-119.96,46.91],[-119.96,46.92],[-119.97,46.93],[-119.96,46.93],[-119.96,46.94],[-119.97,46.94],[-119.97,46.95],[-119.98,46.96],[-119.98,46.97],[-119.99,46.97],[-119.99,46.98],[-120.0,46.99],[-120.0,47.0],[-120.0,47.01],[-120.01,47.02],[-120.01,47.03],[-120.01,47.04],[-120.02,47.04],[-120.02,47.05],[-120.03,47.05],[-120.04,47.06],[-120.04,47.07],[-120.04,47.08],[-120.04,47.09],[-120.03,47.09],[-120.03,47.11],[-120.02,47.11],[-120.01,47.11],[-120.01,47.12],[-120.0,47.13],[-120.0,47.14],[-120.0,47.15],[-120.01,47.16],[-120.01,47.17],[-120.01,47.18],[-120.0,47.18],[-120.0,47.19],[-120.01,47.19],[-120.01,47.2],[-120.0,47.21],[-120.0,47.22]]]]}},
{"type":"Feature","properties":{"ugc":"WAC027","name":"Grays Harbor","state":"WA","wfo":"SEW"},"geometry":{"type":"MultiPolygon","coordinates":[[[[-124.32,47.35],[-124.32,47.36],[-124.32,47.37],[-124.32,47.38],[-124.33,47.39],[-124.33,47.4],[-124.34,47.4],[-124.34,47.41],[-124.34,47.42],[-124.34,47.43],[-124.34,47.44],[-124.34,47.45],[-124.34,47.46],[-124.34,47.47],[-124.34,47.48],[-124.34,47.49],[-124.35,47.49],[-124.35,47.5],[-124.35,47.51],[-124.35,47.52],[-124.35,47.53],[-124.05,47.53],[-124.05,47.52],[-124.0,47.52],[-123.99,47.52],[-123.72,47.52],[-123.69,47.52],[-123.67,47.52],[-123.63,47.52],[-123.53,47.52],[-123.5,47.52],[-123.5,47.49],[-123.51,47.38],[-123.51,47.26],[-123.5,47.26],[-123.49,47.26],[-123.49,47.25],[-123.49,47.24],[-123.49,47.13],[-123.49,47.12],[-123.49,47.1],[-123.49,47.09],[-123.49,47.08],[-123.48,47.08],[-123.47,47.08],[-123.37,47.08],[-123.33,47.08],[-123.27,47.08],[-123.27,47.09],[-123.25,47.08],[-123.2,47.08],[-123.2,47.05],[-123.2,47.04],[-123.2,47.03],[-123.2,47.02],[-123.2,47.01],[-123.2,47.0],[-123.17,47.0],[-123.16,47.0],[-123.16,46.99],[-123.16,46.9],[-123.16,46.87],[-123.16,46.85],[-123.16,46.84],[-123.16,46.83],[-123.16,46.79],[-123.18,46.79],[-123.2,46.79],[-123.23,46.79],[-123.25,46.79],[-123.35,46.79],[-123.37,46.79],[-123.38,46.79],[-123.42,46.79],[-123.43,46.79],[-123.45,46.79],[-123.47,46.79],[-123.48,46.79],[-123.49,46.79],[-123.53,46.79],[-123.61,46.79],[-123.63,46.79],[-123.65,46.79],[-123.67,46.79],[-123.73,46.79],[-123.75,46.79],[-123.76,46.79],[-123.79,46.79],[-123.8,46.79],[-123.88,46.79],[-123.93,46.79],[-124.03,46.79],[-124.1,46.79],[-124.1,46.8],[-124.1,46.81],[-124.11,46.84],[-124.12,46.86],[-124.12,46.87],[-124.13,46.87],[-124.13,46.89],[-124.13,46.9],[-124.12,46.9],[-124.12,46.91],[-124.11,46.91],[-124.1,46.9],[-124.09,46.9],[-124.09,46.89],[-124.09,46.88],[-124.09,46.87],[-124.09,46.86],[-124.08,46.86],[-124.07,46.86],[-124.06,46.86],[-124.06,46.87],[-124.05,46.87],[-124.05,46.88],[-124.05,46.89],[-124.04,46.9],[-124.03,46.9],[-124.02,46.9],[-124.01,46.9],[-124.0,46.9],[-124.0,46.91],[-123.99,46.92],[-123.98,46.92],[-123.97,46.92],[-123.96,46.92],[-123.95,46.92],[-123.94,46.93],[-123.93,46.93],[-123.92,46.93],[-123.91,46.93],[-123.9,46.94],[-123.89,46.94],[-123.88,46.94],[-123.87,46.94],[-123.87,46.95],[-123.86,46.95],[-123.85,46.95],[-123.84,46.95],[-123.83,46.95],[-123.83,46.96],[-123.84,46.96],[-123.85,46.96],[-123.86,46.97],[-123.86,46.96],[-123.87,46.96],[-123.88,46.96],[-123.88,46.97],[-123.89,46.97],[-123.9,46.97],[-123.91,46.97],[-123.92,46.97],[-123.93,46.97],[-123.93,46.98],[-123.94,46.98],[-123.95,46.98],[-123.96,46.98],[-123.97,46.98],[-123.98,46.98],[-123.99,46.98],[-124.0,46.98],[-124.01,46.98],[-124.01,46.99],[-124.02,46.99],[-124.01,47.0],[-124.01,47.01],[-124.02,47.01],[-124.02,47.02],[-124.02,47.03],[-124.03,47.03],[-124.04,47.03],[-124.05,47.03],[-124.05,47.04],[-124.06,47.04],[-124.07,47.04],[-124.08,47.04],[-124.09,47.04],[-124.11,47.04],[-124.12,47.04],[-124.13,47.04],[-124.14,47.04],[-124.14,47.03],[-124.15,47.03],[-124.15,47.02],[-124.15,47.01],[-124.14,47.01],[-124.14,47.0],[-124.14,46.99],[-124.14,46.98],[-124.14,46.97],[-124.13,46.96],[-124.13,46.95],[-124.12,46.95],[-124.11,46.95],[-124.11,46.94],[-124.12,46.94],[-124.13,46.94],[-124.14,46.94],[-124.15,46.94],[-124.15,46.93],[-124.16,46.93],[-124.17,46.93],[-124.17,46.94],[-124.17,46.95],[-124.17,46.96],[-124.17,46.97],[-124.17,46.98],[-124.17,46.99],[-124.17,47.0],[-124.17,47.02],[-124.17,47.03],[-124.17,47.04],[-124.17,47.05],[-124.17,47.06],[-124.17,47.07],[-124.17,47.08],[-124.18,47.09],[-124.18,47.1],[-124.18,47.11],[-124.18,47.12],[-124.18,47.13],[-124.19,47.14],[-124.19,47.15],[-124.19,47.16],[-124.19,47.17],[-124.2,47.17],[-124.2,47.18],[-124.2,47.19],[-124.2,47.2],[-124.2,47.21],[-124.21,47.21],[-124.21,47.22],[-124.21,47.23],[-124.22,47.23],[-124.22,47.24],[-124.22,47.25],[-124.22,47.26],[-124.23,47.26],[-124.23,47.27],[-124.23,47.28],[-124.24,47.28],[-124.24,47.29],[-124.24,47.3],[-124.25,47.3],[-124.26,47.3],[-124.27,47.31],[-124.27,47.3],[-124.28,47.3],[-124.28,47.31],[-124.28,47.32],[-124.29,47.32],[-124.29,47.33],[-124.29,47.34],[-124.3,47.34],[-124.3,47.35],[-124.31,47.35],[-124.32,47.35]],[[-123.83,46.96],[-123.82,46.96],[-123.82,46.97],[-123.83,46.97],[-123.83,46.96]],[[-124.05,46.85],[-124.04,46.85],[-124.04,46.84],[-124.03,46.85],[-124.03,46.86],[-124.04,46.86],[-124.04,46.87],[-124.05,46.86],[-124.05,46.85]],[[-124.03,46.85],[-124.03,46.84],[-124.02,46.84],[-124.01,46.84],[-124.01,46.85],[-124.02,46.85],[-124.03,46.85]]],[[[-124.13,46.9],[-124.14,46.9],[-124.14,46.91],[-124.13,46.91],[-124.13,46.9]]]]}},
{"type":"Feature","properties":{"ugc":"WAC029","name":"Island","state":"WA","wfo":"SEW"},"geometry":{"type":"MultiPolygon","coordinates":[[[[-122.72,48.22],[-122.71,48.22],[-122.7,48.22],[-122.69,48.22],[-122.68,48.22],[-122.67,48.22],[-122.66,48.22],[-122.65,48.22],[-122.64,48.22],[-122.63,48.22],[-122.62,48.22],[-122.62,48.21],[-122.61,48.21],[-122.61,48.2],[-122.6,48.2],[-122.6,48.19],[-122.59,48.19],[-122.59,48.18],[-122.59,48.17],[-122.58,48.17],[-122.58,48.16],[-122.57,48.16],[-122.57,48.15],[-122.57,48.14],[-122.57,48.13],[-122.56,48.13],[-122.56,48.12],[-122.56,48.11],[-122.57,48.11],[-122.57,48.1],[-122.57,48.09],[-122.56,48.09],[-122.56,48.08],[-122.55,48.08],[-122.55,48.07],[-122.55,48.06],[-122.55,48.05],[-122.54,48.05],[-122.54,48.04],[-122.54,48.03],[-122.54,48.02],[-122.53,48.02],[-122.52,48.02],[-122.52,48.03],[-122.51,48.03],[-122.51,48.04],[-122.51,48.05],[-122.52,48.05],[-122.52,48.06],[-122.51,48.07],[-122.51,48.08],[-122.52,48.08],[-122.52,48.09],[-122.52,48.1],[-122.51,48.1],[-122.5,48.1],[-122.49,48.1],[-122.49,48.09],[-122.48,48.09],[-122.48,48.08],[-122.47,48.08],[-122.47,48.07],[-122.46,48.07],[-122.46,48.06],[-122.45,48.06],[-122.45,48.05],[-122.44,48.05],[-122.43,48.05],[-122.43,48.04],[-122.42,48.04],[-122.41,48.04],[-122.4,48.04],[-122.39,48.04],[-122.39,48.03],[-122.38,48.03],[-122.37,48.03],[-122.37,48.02],[-122.37,48.01],[-122.37,48.0],[-122.37,47.99],[-122.36,47.99],[-122.35,47.98],[-122.35,47.97],[-122.35,47.96],[-122.35,47.95],[-122.36,47.95],[-122.36,47.94],[-122.37,47.93],[-122.38,47.93],[-122.38,47.92],[-122.38,47.91],[-122.38,47.9],[-122.39,47.9],[-122.39,47.91],[-122.4,47.91],[-122.4,47.92],[-122.41,47.92],[-122.41,47.91],[-122.42,47.91],[-122.43,47.91],[-122.43,47.92],[-122.44,47.92],[-122.44,47.93],[-122.45,47.93],[-122.45,47.94],[-122.44,47.94],[-122.44,47.95],[-122.44,47.96],[-122.45,47.96],[-122.45,47.97],[-122.46,47.97],[-122.46,47.98],[-122.47,47.98],[-122.47,47.99],[-122.48,47.99],[-122.48,48.0],[-122.49,48.0],[-122.49,47.99],[-122.5,47.99],[-122.51,47.99],[-122.51,47.98],[-122.52,47.98],[-122.52,47.97],[-122.53,47.97],[-122.54,47.97],[-122.55,47.97],[-122.55,47.98],[-122.54,47.98],[-122.54,47.99],[-122.54,48.0],[-122.55,48.0],[-122.56,48.0],[-122.56,48.01],[-122.57,48.01],[-122.58,48.01],[-122.59,48.01],[-122.59,48.02],[-122.6,48.03],[-122.6,48.04],[-122.59,48.04],[-122.59,48.05],[-122.59,48.06],[-122.6,48.06],[-122.61,48.06],[-122.61,48.07],[-122.61,48.08],[-122.61,48.09],[-122.6,48.1],[-122.6,48.11],[-122.6,48.12],[-122.6,48.13],[-122.6,48.14],[-122.61,48.14],[-122.61,48.15],[-122.61,48.16],[-122.62,48.16],[-122.63,48.16],[-122.64,48.16],[-122.65,48.16],[-122.66,48.16],[-122.67,48.16],[-122.68,48.15],[-122.68,48.16],[-122.68,48.17],[-122.69,48.17],[-122.69,48.18],[-122.7,48.18],[-122.7,48.19],[-122.71,48.19],[-122.72,48.2],[-122.73,48.2],[-122.74,48.2],[-122.74,48.21],[-122.75,48.21],[-122.76,48.21],[-122.76,48.22],[-122.77,48.22],[-122.77,48.23],[-122.76,48.23],[-122.76,48.24],[-122.76,48.25],[-122.75,48.26],[-122.74,48.27],[-122.74,48.28],[-122.73,48.28],[-122.73,48.29],[-122.73,48.3],[-122.72,48.3],[-122.72,48.31],[-122.71,48.31],[-122.71,48.32],[-122.7,48.32],[-122.7,48.33],[-122.69,48.33],[-122.69,48.34],[-122.68,48.34],[-122.68,48.35],[-122.67,48.35],[-122.67,48.36],[-122.67,48.37],[-122.66,48.37],[-122.66,48.38],[-122.66,48.39],[-122.66,48.4],[-122.65,48.4],[-122.65,48.41],[-122.64,48.41],[-122.64,48.4],[-122.63,48.4],[-122.62,48.4],[-122.62,48.41],[-122.61,48.41],[-122.6,48.41],[-122.6,48.4],[-122.59,48.4],[-122.59,48.39],[-122.58,48.38],[-122.58,48.37],[-122.59,48.37],[-122.59,48.36],[-122.59,48.35],[-122.58,48.35],[-122.57,48.35],[-122.56,48.35],[-122.56,48.34],[-122.55,48.34],[-122.54,48.34],[-122.54,48.33],[-122.53,48.33],[-122.53,48.32],[-122.52,48.32],[-122.51,48.32],[-122.51,48.31],[-122.51,48.3],[-122.51,48.29],[-122.52,48.29],[-122.52,48.28],[-122.53,48.28],[-122.55,48.28],[-122.56,48.28],[-122.56,48.29],[-122.57,48.29],[-122.58,48.3],[-122.59,48.3],[-122.6,48.3],[-122.61,48.3],[-122.62,48.29],[-122.62,48.28],[-122.63,48.27],[-122.64,48.27],[-122.64,48.28],[-122.63,48.28],[-122.63,48.29],[-122.64,48.29],[-122.65,48.29],[-122.65,48.28],[-122.66,48.28],[-122.66,48.27],[-122.65,48.27],[-122.65,48.26],[-122.65,48.25],[-122.66,48.25],[-122.66,48.24],[-122.67,48.24],[-122.68,48.24],[-122.69,48.24],[-122.7,48.24],[-122.71,48.24],[-122.72,48.24],[-122.73,48.23],[-122.73,48.22],[-122.72,48.22]]],[[[-122.54,48.18],[-122.54,48.19],[-122.53,48.19],[-122.53,48.2],[-122.54,48.2],[-122.54,48.21],[-122.54,48.22],[-122.53,48.22],[-122.53,48.23],[-122.54,48.24],[-122.53,48.24],[-122.53,48.25],[-122.52,48.25],[-122.51,48.25],[-122.51,48.26],[-122.5,48.26],[-122.5,48.25],[-122.49,48.25],[-122.48,48.25],[-122.47,48.26],[-122.47,48.27],[-122.46,48.27],[-122.45,48.27],[-122.44,48.27],[-122.44,48.26],[-122.43,48.26],[-122.42,48.26],[-122.41,48.25],[-122.4,48.25],[-122.4,48.23],[-122.41,48.23],[-122.42,48.23],[-122.43,48.23],[-122.43,48.24],[-122.44,48.24],[-122.45,48.23],[-122.45,48.22],[-122.45,48.21],[-122.44,48.21],[-122.45,48.2],[-122.46,48.19],[-122.46,48.2],[-122.47,48.2],[-122.47,48.21],[-122.48,48.21],[-122.48,48.2],[-122.48,48.19],[-122.48,48.18],[-122.48,48.17],[-122.47,48.17],[-122.47,48.16],[-122.46,48.16],[-122.46,48.15],[-122.45,48.14],[-122.44,48.13],[-122.43,48.13],[-122.43,48.12],[-122.42,48.12],[-122.42,48.11],[-122.41,48.11],[-122.4,48.11],[-122.4,48.1],[-122.39,48.1],[-122.39,48.09],[-122.38,48.09],[-122.38,48.08],[-122.37,48.08],[-122.37,48.07],[-122.36,48.07],[-122.36,48.06],[-122.36,48.05],[-122.37,48.06],[-122.38,48.06],[-122.39,48.06],[-122.39,48.07],[-122.39,48.08],[-122.4,48.08],[-122.4,48.09],[-122.41,48.09],[-122.42,48.09],[-122.42,48.1],[-122.43,48.1],[-122.43,48.11],[-122.44,48.11],[-122.45,48.11],[-122.45,48.12],[-122.46,48.12],[-122.46,48.13],[-122.47,48.13],[-122.48,48.13],[-122.48,48.12],[-122.49,48.12],[-122.5,48.12],[-122.5,48.13],[-122.51,48.13],[-122.51,48.14],[-122.51,48.15],[-122.52,48.15],[-122.52,48.16],[-122.52,48.17],[-122.53,48.17],[-122.53,48.18],[-122.54,48.18]]]]}},
{"type":"Feature","properties":{"ugc":"WAC031","name":"Jefferson","state":"WA","wfo":"SEW"},"geometry":{"type":"MultiPolygon","coordinates":[[[[-124.58,47.88],[-124.57,47.88],[-124.52,47.88],[-124.47,47.88],[-124.46,47.88],[-124.44,47.88],[-124.42,47.88],[-124.38,47.88],[-124.29,47.88],[-124.28,47.88],[-124.25,47.88],[-124.14,47.88],[-124.13,47.88],[-124.0,47.88],[-123.75,47.88],[-123.63,47.88],[-123.62,47.88],[-123.53,47.88],[-123.51,47.88],[-123.51,47.87],[-123.47,47.87],[-123.38,47.87],[-123.33,47.87],[-123.3,47.87],[-123.25,47.87],[-123.24,47.87],[-123.13,47.87],[-123.1,47.87],[-123.04,47.87],[-123.0,47.87],[-122.95,47.87],[-122.95,47.88],[-122.95,47.9],[-122.95,47.94],[-122.95,47.95],[-122.95,47.96],[-122.95,47.99],[-122.95,48.0],[-122.95,48.04],[-122.95,48.05],[-122.95,48.06],[-122.94,48.07],[-122.93,48.07],[-122.93,48.06],[-122.92,48.06],[-122.91,48.06],[-122.9,48.05],[-122.89,48.05],[-122.88,48.05],[-122.87,48.05],[-122.88,48.04],[-122.87,48.04],[-122.87,48.03],[-122.86,48.03],[-122.86,48.02],[-122.86,48.01],[-122.87,48.0],[-122.88,48.0],[-122.89,47.99],[-122.88,47.99],[-122.87,47.99],[-122.86,47.99],[-122.86,48.0],[-122.85,48.0],[-122.84,48.0],[-122.84,48.01],[-122.83,48.01],[-122.83,48.02],[-122.83,48.03],[-122.83,48.04],[-122.83,48.05],[-122.84,48.05],[-122.85,48.05],[-122.85,48.06],[-122.86,48.06],[-122.86,48.07],[-122.87,48.07],[-122.88,48.08],[-122.89,48.08],[-122.88,48.09],[-122.88,48.1],[-122.89,48.1],[-122.89,48.11],[-122.88,48.11],[-122.87,48.11],[-122.87,48.12],[-122.85,48.12],[-122.85,48.13],[-122.84,48.13],[-122.84,48.14],[-122.83,48.13],[-122.82,48.14],[-122.81,48.14],[-122.8,48.14],[-122.79,48.14],[-122.78,48.14],[-122.77,48.14],[-122.76,48.14],[-122.76,48.13],[-122.76,48.12],[-122.75,48.12],[-122.76,48.11],[-122.77,48.11],[-122.78,48.11],[-122.78,48.1],[-122.79,48.1],[-122.79,48.09],[-122.8,48.09],[-122.8,48.08],[-122.79,48.08],[-122.79,48.07],[-122.78,48.07],[-122.78,48.06],[-122.77,48.06],[-122.77,48.05],[-122.77,48.04],[-122.76,48.04],[-122.75,48.04],[-122.75,48.03],[-122.74,48.03],[-122.73,48.03],[-122.73,48.02],[-122.73,48.01],[-122.72,48.01],[-122.72,48.0],[-122.72,47.99],[-122.71,47.98],[-122.7,47.98],[-122.7,47.97],[-122.69,47.97],[-122.68,47.97],[-122.68,47.96],[-122.68,47.95],[-122.68,47.94],[-122.68,47.93],[-122.68,47.92],[-122.67,47.92],[-122.67,47.93],[-122.66,47.93],[-122.66,47.92],[-122.65,47.92],[-122.65,47.91],[-122.66,47.91],[-122.65,47.9],[-122.65,47.89],[-122.64,47.89],[-122.63,47.89],[-122.63,47.88],[-122.63,47.87],[-122.64,47.87],[-122.65,47.86],[-122.66,47.86],[-122.66,47.87],[-122.67,47.87],[-122.68,47.87],[-122.69,47.87],[-122.69,47.86],[-122.69,47.85],[-122.68,47.85],[-122.68,47.84],[-122.69,47.83],[-122.7,47.83],[-122.7,47.82],[-122.71,47.82],[-122.72,47.81],[-122.73,47.81],[-122.74,47.81],[-122.75,47.81],[-122.75,47.8],[-122.74,47.79],[-122.75,47.79],[-122.75,47.78],[-122.75,47.77],[-122.75,47.76],[-122.76,47.76],[-122.76,47.75],[-122.76,47.74],[-122.77,47.74],[-122.78,47.73],[-122.78,47.72],[-122.78,47.71],[-122.78,47.7],[-122.77,47.7],[-122.77,47.69],[-122.78,47.69],[-122.79,47.69],[-122.8,47.69],[-122.8,47.68],[-122.81,47.68],[-122.82,47.69],[-122.83,47.69],[-122.83,47.7],[-122.83,47.71],[-122.82,47.71],[-122.81,47.71],[-122.81,47.72],[-122.81,47.73],[-122.81,47.74],[-122.81,47.75],[-122.8,47.76],[-122.8,47.77],[-122.79,47.78],[-122.79,47.79],[-122.79,47.8],[-122.79,47.81],[-122.8,47.81],[-122.8,47.82],[-122.79,47.82],[-122.8,47.83],[-122.8,47.84],[-122.8,47.85],[-122.81,47.85],[-122.81,47.84],[-122.82,47.84],[-122.82,47.83],[-122.82,47.82],[-122.82,47.81],[-122.82,47.8],[-122.82,47.79],[-122.83,47.79],[-122.83,47.78],[-122.84,47.78],[-122.85,47.78],[-122.85,47.79],[-122.85,47.8],[-122.85,47.81],[-122.85,47.82],[-122.85,47.83],[-122.86,47.83],[-122.86,47.82],[-122.86,47.81],[-122.87,47.81],[-122.87,47.8],[-122.87,47.79],[-122.87,47.78],[-122.86,47.77],[-122.86,47.76],[-122.85,47.76],[-122.85,47.75],[-122.85,47.74],[-122.86,47.74],[-122.87,47.74],[-122.87,47.73],[-122.88,47.73],[-122.88,47.72],[-122.89,47.72],[-122.89,47.71],[-122.89,47.7],[-122.89,47.69],[-122.9,47.69],[-122.9,47.68],[-122.9,47.67],[-122.9,47.66],[-122.9,47.65],[-122.91,47.65],[-122.92,47.65],[-122.93,47.65],[-122.94,47.65],[-122.94,47.64],[-122.94,47.63],[-122.95,47.63],[-122.96,47.63],[-122.96,47.62],[-122.97,47.62],[-122.98,47.62],[-122.98,47.61],[-122.99,47.61],[-123.0,47.61],[-123.01,47.61],[-123.02,47.61],[-123.03,47.61],[-123.04,47.61],[-123.05,47.61],[-123.07,47.61],[-123.1,47.61],[-123.12,47.61],[-123.13,47.61],[-123.15,47.61],[-123.19,47.61],[-123.26,47.61],[-123.5,47.61],[-123.5,47.52],[-123.53,47.52],[-123.63,47.52],[-123.67,47.52],[-123.69,47.52],[-123.72,47.52],[-123.99,47.52],[-124.0,47.52],[-124.05,47.52],[-124.05,47.53],[-124.35,47.53],[-124.36,47.54],[-124.35,47.54],[-124.35,47.55],[-124.36,47.55],[-124.36,47.56],[-124.36,47.57],[-124.36,47.58],[-124.37,47.58],[-124.37,47.59],[-124.37,47.6],[-124.38,47.61],[-124.38,47.62],[-124.38,47.63],[-124.38,47.64],[-124.39,47.64],[-124.39,47.65],[-124.39,47.66],[-124.4,47.66],[-124.4,47.67],[-124.4,47.68],[-124.41,47.68],[-124.41,47.69],[-124.41,47.7],[-124.42,47.7],[-124.42,47.71],[-124.42,47.72],[-124.42,47.73],[-124.43,47.74],[-124.43,47.75],[-124.44,47.75],[-124.45,47.75],[-124.45,47.76],[-124.45,47.77],[-124.46,47.77],[-124.47,47.77],[-124.48,47.78],[-124.48,47.79],[-124.48,47.8],[-124.48,47.81],[-124.49,47.81],[-124.49,47.82],[-124.5,47.82],[-124.51,47.82],[-124.52,47.82],[-124.52,47.83],[-124.53,47.83],[-124.54,47.83],[-124.54,47.84],[-124.55,47.85],[-124.56,47.85],[-124.56,47.86],[-124.56,47.87],[-124.57,47.87],[-124.58,47.87],[-124.58,47.88]],[[-122.68,47.92],[-122.69,47.92],[-122.7,47.92],[-122.7,47.91],[-122.69,47.91],[-122.68,47.91],[-122.68,47.92]],[[-122.87,47.74],[-122.87,47.75],[-122.88,47.75],[-122.87,47.74]]],[[[-124.6,47.87],[-124.61,47.87],[-124.61,47.88],[-124.6,47.88],[-124.6,47.87]]],[[[-122.81,47.84],[-122.8,47.83],[-122.81,47.83],[-122.81,47.84]]],[[[-122.63,47.89],[-122.62,47.89],[-122.61,47.89],[-122.62,47.88],[-122.63,47.89]]],[[[-122.73,48.03],[-122.73,48.04],[-122.74,48.04],[-122.74,48.05],[-122.74,48.06],[-122.74,48.07],[-122.75,48.07],[-122.74,48.08],[-122.73,48.08],[-122.72,48.08],[-122.72,48.07],[-122.72,48.06],[-122.72,48.05],[-122.71,48.05],[-122.71,48.04],[-122.71,48.03],[-122.7,48.03],[-122.7,48.02],[-122.71,48.02],[-122.72,48.02],[-122.72,48.03],[-122.73,48.03]]],[[[-122.73,48.09],[-122.72,48.1],[-122.71,48.1],[-122.7,48.1],[-122.69,48.1],[-122.69,48.09],[-122.69,48.08],[-122.69,48.07],[-122.68,48.07],[-122.68,48.06],[-122.68,48.05],[-122.68,48.04],[-122.67,48.03],[-122.67,48.02],[-122.67,48.01],[-122.68,48.01],[-122.69,48.01],[-122.7,48.01],[-122.7,48.02],[-122.69,48.03],[-122.7,48.04],[-122.7,48.05],[-122.69,48.05],[-122.69,48.06],[-122.7,48.06],[-122.7,48.07],[-122.71,48.07],[-122.71,48.08],[-122.71,48.09],[-122.72,48.08],[-122.72,48.09],[-122.73,48.09]]],[[[-124.48,47.68],[-124.48,47.67],[-124.49,47.67],[-124.49,47.68],[-124.48,47.68]]]]}},
{"type":"Feature","properties":{"ugc":"WAC033","name":"King","state":"WA","wfo":"SEW"},"geometry":{"type":"MultiPolygon","coordinates":[[[[-122.43,47.66],[-122.42,47.67],[-122.41,47.67],[-122.41,47.68],[-122.41,47.69],[-122.41,47.7],[-122.4,47.7],[-122.39,47.7],[-122.38,47.71],[-122.38,47.72],[-122.37,47.73],[-122.38,47.75],[-122.38,47.76],[-122.39,47.76],[-122.39,47.77],[-122.39,47.78],[-122.37,47.78],[-122.36,47.78],[-122.34,47.78],[-122.32,47.78],[-122.31,47.78],[-122.29,47.78],[-122.28,47.78],[-122.25,47.78],[-122.24,47.78],[-122.23,47.78],[-122.12,47.78],[-122.08,47.78],[-122.05,47.78],[-122.04,47.78],[-122.02,47.78],[-122.0,47.78],[-121.98,47.78],[-121.97,47.78],[-121.93,47.78],[-121.89,47.78],[-121.86,47.78],[-121.84,47.78],[-121.81,47.78],[-121.8,47.78],[-121.76,47.78],[-121.75,47.78],[-121.61,47.78],[-121.48,47.78],[-121.46,47.78],[-121.42,47.78],[-121.25,47.78],[-121.2,47.78],[-121.19,47.78],[-121.14,47.78],[-121.13,47.78],[-121.12,47.78],[-121.12,47.77],[-121.11,47.77],[-121.11,47.76],[-121.1,47.76],[-121.09,47.76],[-121.09,47.75],[-121.09,47.74],[-121.08,47.74],[-121.08,47.73],[-121.08,47.72],[-121.07,47.72],[-121.07,47.71],[-121.07,47.7],[-121.08,47.7],[-121.09,47.7],[-121.1,47.69],[-121.11,47.69],[-121.12,47.69],[-121.12,47.68],[-121.13,47.68],[-121.13,47.67],[-121.12,47.67],[-121.12,47.66],[-121.13,47.66],[-121.13,47.65],[-121.13,47.64],[-121.13,47.63],[-121.12,47.63],[-121.12,47.62],[-121.12,47.61],[-121.11,47.6],[-121.12,47.6],[-121.12,47.59],[-121.13,47.59],[-121.13,47.6],[-121.14,47.6],[-121.14,47.59],[-121.15,47.59],[-121.16,47.59],[-121.17,47.59],[-121.17,47.58],[-121.17,47.57],[-121.18,47.57],[-121.19,47.57],[-121.2,47.57],[-121.21,47.57],[-121.22,47.57],[-121.23,47.57],[-121.23,47.56],[-121.23,47.55],[-121.24,47.55],[-121.24,47.54],[-121.25,47.54],[-121.25,47.53],[-121.26,47.53],[-121.26,47.52],[-121.27,47.52],[-121.28,47.52],[-121.28,47.51],[-121.29,47.51],[-121.29,47.5],[-121.3,47.5],[-121.3,47.49],[-121.31,47.48],[-121.32,47.48],[-121.33,47.48],[-121.33,47.47],[-121.34,47.48],[-121.34,47.47],[-121.35,47.47],[-121.35,47.46],[-121.36,47.47],[-121.36,47.46],[-121.37,47.46],[-121.38,47.46],[-121.38,47.45],[-121.39,47.45],[-121.38,47.44],[-121.38,47.43],[-121.39,47.43],[-121.4,47.43],[-121.41,47.43],[-121.41,47.42],[-121.42,47.42],[-121.43,47.42],[-121.42,47.41],[-121.43,47.4],[-121.43,47.39],[-121.44,47.39],[-121.44,47.38],[-121.44,47.37],[-121.45,47.37],[-121.46,47.37],[-121.47,47.37],[-121.46,47.36],[-121.46,47.35],[-121.45,47.35],[-121.45,47.34],[-121.44,47.34],[-121.43,47.34],[-121.43,47.33],[-121.43,47.32],[-121.44,47.32],[-121.44,47.31],[-121.43,47.3],[-121.43,47.29],[-121.42,47.29],[-121.41,47.29],[-121.4,47.29],[-121.39,47.29],[-121.38,47.29],[-121.37,47.29],[-121.36,47.29],[-121.36,47.28],[-121.35,47.28],[-121.34,47.28],[-121.34,47.27],[-121.33,47.26],[-121.33,47.25],[-121.34,47.25],[-121.35,47.25],[-121.35,47.24],[-121.36,47.24],[-121.36,47.23],[-121.36,47.22],[-121.35,47.22],[-121.34,47.22],[-121.33,47.22],[-121.32,47.22],[-121.32,47.21],[-121.31,47.21],[-121.31,47.2],[-121.31,47.19],[-121.31,47.18],[-121.32,47.17],[-121.31,47.17],[-121.31,47.16],[-121.3,47.16],[-121.3,47.15],[-121.3,47.14],[-121.31,47.14],[-121.31,47.13],[-121.32,47.13],[-121.32,47.14],[-121.33,47.13],[-121.34,47.13],[-121.34,47.14],[-121.35,47.14],[-121.36,47.14],[-121.37,47.14],[-121.38,47.14],[-121.39,47.13],[-121.4,47.13],[-121.4,47.12],[-121.41,47.12],[-121.4,47.11],[-121.4,47.1],[-121.4,47.09],[-121.41,47.09],[-121.42,47.09],[-121.43,47.09],[-121.44,47.08],[-121.44,47.09],[-121.45,47.09],[-121.46,47.09],[-121.47,47.1],[-121.48,47.11],[-121.49,47.11],[-121.49,47.12],[-121.5,47.12],[-121.51,47.12],[-121.52,47.12],[-121.53,47.12],[-121.54,47.12],[-121.55,47.12],[-121.56,47.12],[-121.57,47.12],[-121.58,47.12],[-121.59,47.12],[-121.6,47.13],[-121.61,47.14],[-121.62,47.15],[-121.63,47.15],[-121.64,47.15],[-121.64,47.16],[-121.65,47.16],[-121.66,47.16],[-121.67,47.16],[-121.68,47.15],[-121.69,47.15],[-121.7,47.15],[-121.71,47.15],[-121.72,47.15],[-121.72,47.16],[-121.73,47.16],[-121.74,47.16],[-121.75,47.16],[-121.76,47.17],[-121.77,47.17],[-121.78,47.17],[-121.79,47.17],[-121.8,47.17],[-121.81,47.17],[-121.81,47.16],[-121.82,47.16],[-121.82,47.15],[-121.83,47.15],[-121.84,47.14],[-121.85,47.14],[-121.85,47.15],[-121.86,47.15],[-121.87,47.15],[-121.88,47.15],[-121.89,47.15],[-121.89,47.16],[-121.9,47.15],[-121.9,47.16],[-121.91,47.15],[-121.92,47.15],[-121.93,47.15],[-121.93,47.14],[-121.94,47.14],[-121.95,47.14],[-121.95,47.15],[-121.95,47.16],[-121.96,47.16],[-121.97,47.16],[-121.98,47.16],[-121.99,47.16],[-121.99,47.17],[-122.0,47.17],[-122.01,47.17],[-122.01,47.18],[-122.02,47.17],[-122.03,47.17],[-122.03,47.18],[-122.04,47.17],[-122.05,47.17],[-122.06,47.18],[-122.06,47.19],[-122.07,47.19],[-122.08,47.19],[-122.09,47.19],[-122.1,47.19],[-122.1,47.2],[-122.11,47.21],[-122.12,47.22],[-122.11,47.22],[-122.12,47.23],[-122.13,47.23],[-122.12,47.24],[-122.13,47.24],[-122.13,47.25],[-122.14,47.25],[-122.14,47.26],[-122.15,47.26],[-122.16,47.26],[-122.17,47.26],[-122.19,47.26],[-122.2,47.26],[-122.21,47.26],[-122.24,47.26],[-122.25,47.26],[-122.26,47.26],[-122.33,47.26],[-122.34,47.26],[-122.34,47.27],[-122.36,47.28],[-122.37,47.29],[-122.38,47.3],[-122.39,47.3],[-122.4,47.31],[-122.42,47.32],[-122.41,47.32],[-122.4,47.32],[-122.4,47.33],[-122.39,47.33],[-122.38,47.33],[-122.37,47.33],[-122.37,47.34],[-122.36,47.34],[-122.34,47.34],[-122.33,47.34],[-122.32,47.35],[-122.32,47.36],[-122.33,47.36],[-122.32,47.37],[-122.33,47.37],[-122.33,47.38],[-122.33,47.39],[-122.33,47.4],[-122.33,47.41],[-122.34,47.41],[-122.35,47.42],[-122.35,47.44],[-122.36,47.44],[-122.37,47.45],[-122.38,47.45],[-122.37,47.46],[-122.37,47.47],[-122.37,47.48],[-122.36,47.48],[-122.37,47.49],[-122.37,47.5],[-122.38,47.5],[-122.39,47.5],[-122.39,47.51],[-122.4,47.52],[-122.39,47.52],[-122.39,47.53],[-122.4,47.53],[-122.4,47.54],[-122.4,47.55],[-122.4,47.56],[-122.41,47.56],[-122.41,47.57],[-122.42,47.58],[-122.41,47.58],[-122.4,47.58],[-122.39,47.6],[-122.38,47.59],[-122.37,47.59],[-122.37,47.58],[-122.36,47.58],[-122.36,47.59],[-122.35,47.59],[-122.34,47.59],[-122.34,47.6],[-122.34,47.61],[-122.35,47.61],[-122.36,47.61],[-122.36,47.62],[-122.37,47.62],[-122.37,47.63],[-122.38,47.63],[-122.39,47.63],[-122.4,47.63],[-122.41,47.64],[-122.42,47.64],[-122.42,47.65],[-122.43,47.66]]],[[[-121.39,47.09],[-121.38,47.1],[-121.38,47.09],[-121.39,47.09]]],[[[-122.52,47.38],[-122.52,47.39],[-122.53,47.39],[-122.53,47.4],[-122.52,47.4],[-122.52,47.41],[-122.51,47.41],[-122.51,47.42],[-122.51,47.43],[-122.51,47.44],[-122.51,47.45],[-122.51,47.46],[-122.5,47.46],[-122.5,47.47],[-122.5,47.48],[-122.49,47.48],[-122.48,47.48],[-122.48,47.49],[-122.48,47.5],[-122.48,47.51],[-122.47,47.51],[-122.46,47.51],[-122.45,47.5],[-122.46,47.5],[-122.46,47.49],[-122.46,47.48],[-122.45,47.48],[-122.45,47.47],[-122.44,47.47],[-122.43,47.47],[-122.43,47.46],[-122.44,47.46],[-122.44,47.45],[-122.44,47.44],[-122.44,47.43],[-122.43,47.43],[-122.43,47.42],[-122.44,47.42],[-122.44,47.41],[-122.45,47.41],[-122.45,47.4],[-122.45,47.39],[-122.45,47.38],[-122.46,47.39],[-122.47,47.39],[-122.48,47.39],[-122.48,47.38],[-122.49,47.38],[-122.49,47.37],[-122.49,47.36],[-122.49,47.35],[-122.49,47.34],[-122.49,47.33],[-122.5,47.33],[-122.51,47.33],[-122.52,47.33],[-122.52,47.34],[-122.53,47.34],[-122.53,47.35],[-122.53,47.36],[-122.52,47.36],[-122.52,47.37],[-122.52,47.38]]],[[[-122.45,47.38],[-122.44,47.38],[-122.44,47.39],[-122.44,47.4],[-122.44,47.41],[-122.43,47.41],[-122.43,47.4],[-122.42,47.4],[-122.41,47.4],[-122.4,47.4],[-122.39,47.4],[-122.38,47.39],[-122.38,47.38],[-122.39,47.38],[-122.4,47.38],[-122.41,47.38],[-122.42,47.37],[-122.43,47.37],[-122.44,47.37],[-122.44,47.36],[-122.45,47.36],[-122.45,47.35],[-122.45,47.34],[-122.46,47.34],[-122.47,47.34],[-122.47,47.35],[-122.48,47.35],[-122.47,47.36],[-122.47,47.37],[-122.46,47.37],[-122.45,47.37],[-122.45,47.38]]]]}},
{"type":"Feature","properties":{"ugc":"WAC035","name":"Kitsap","state":"WA","wfo":"SEW"},"geometry":{"type":"MultiPolygon","coordinates":[[[[-122.98,47.56],[-122.98,47.57],[-122.97,47.57],[-122.97,47.58],[-122.96,47.58],[-122.96,47.59],[-122.95,47.59],[-122.94,47.59],[-122.93,47.59],[-122.93,47.6],[-122.92,47.6],[-122.92,47.61],[-122.92,47.62],[-122.91,47.62],[-122.9,47.62],[-122.89,47.63],[-122.88,47.63],[-122.87,47.63],[-122.86,47.63],[-122.86,47.64],[-122.86,47.65],[-122.85,47.65],[-122.84,47.65],[-122.83,47.65],[-122.84,47.64],[-122.83,47.64],[-122.82,47.64],[-122.82,47.65],[-122.81,47.65],[-122.8,47.65],[-122.79,47.65],[-122.79,47.66],[-122.78,47.66],[-122.77,47.66],[-122.76,47.66],[-122.76,47.67],[-122.75,47.67],[-122.75,47.68],[-122.75,47.69],[-122.74,47.7],[-122.75,47.7],[-122.75,47.71],[-122.75,47.72],[-122.74,47.73],[-122.74,47.74],[-122.73,47.74],[-122.73,47.75],[-122.72,47.75],[-122.72,47.76],[-122.72,47.77],[-122.71,47.77],[-122.7,47.77],[-122.69,47.78],[-122.69,47.79],[-122.68,47.8],[-122.67,47.8],[-122.67,47.81],[-122.66,47.81],[-122.65,47.82],[-122.65,47.83],[-122.64,47.83],[-122.63,47.83],[-122.63,47.84],[-122.62,47.84],[-122.62,47.85],[-122.61,47.85],[-122.61,47.86],[-122.6,47.86],[-122.59,47.86],[-122.58,47.86],[-122.58,47.85],[-122.57,47.86],[-122.57,47.87],[-122.57,47.88],[-122.58,47.88],[-122.58,47.89],[-122.58,47.9],[-122.58,47.91],[-122.59,47.91],[-122.59,47.92],[-122.58,47.92],[-122.57,47.92],[-122.56,47.92],[-122.55,47.92],[-122.54,47.92],[-122.54,47.91],[-122.53,47.91],[-122.53,47.9],[-122.52,47.9],[-122.52,47.89],[-122.52,47.88],[-122.51,47.88],[-122.51,47.87],[-122.51,47.86],[-122.51,47.85],[-122.51,47.84],[-122.51,47.83],[-122.5,47.83],[-122.5,47.82],[-122.49,47.82],[-122.48,47.82],[-122.48,47.81],[-122.49,47.8],[-122.5,47.8],[-122.49,47.79],[-122.49,47.78],[-122.48,47.78],[-122.48,47.77],[-122.47,47.77],[-122.47,47.76],[-122.47,47.75],[-122.48,47.75],[-122.49,47.74],[-122.5,47.74],[-122.51,47.74],[-122.52,47.74],[-122.52,47.75],[-122.53,47.75],[-122.54,47.75],[-122.55,47.75],[-122.55,47.74],[-122.55,47.73],[-122.56,47.72],[-122.55,47.72],[-122.54,47.72],[-122.54,47.71],[-122.53,47.71],[-122.52,47.71],[-122.51,47.71],[-122.51,47.7],[-122.5,47.7],[-122.5,47.69],[-122.51,47.68],[-122.51,47.67],[-122.5,47.66],[-122.51,47.66],[-122.51,47.65],[-122.51,47.64],[-122.5,47.64],[-122.49,47.64],[-122.49,47.63],[-122.49,47.62],[-122.5,47.62],[-122.5,47.61],[-122.5,47.6],[-122.51,47.6],[-122.52,47.6],[-122.52,47.59],[-122.51,47.59],[-122.5,47.59],[-122.49,47.59],[-122.48,47.59],[-122.48,47.58],[-122.49,47.58],[-122.5,47.58],[-122.51,47.57],[-122.52,47.57],[-122.52,47.58],[-122.53,47.58],[-122.53,47.59],[-122.54,47.59],[-122.54,47.6],[-122.55,47.6],[-122.56,47.6],[-122.56,47.59],[-122.55,47.59],[-122.55,47.58],[-122.55,47.57],[-122.54,47.57],[-122.53,47.57],[-122.53,47.56],[-122.54,47.56],[-122.54,47.55],[-122.54,47.54],[-122.55,47.53],[-122.55,47.52],[-122.54,47.52],[-122.53,47.52],[-122.52,47.52],[-122.51,47.52],[-122.5,47.52],[-122.5,47.51],[-122.5,47.5],[-122.51,47.5],[-122.51,47.49],[-122.52,47.49],[-122.52,47.48],[-122.53,47.47],[-122.53,47.46],[-122.53,47.45],[-122.54,47.45],[-122.53,47.44],[-122.54,47.44],[-122.54,47.43],[-122.53,47.43],[-122.54,47.42],[-122.55,47.41],[-122.55,47.4],[-122.56,47.4],[-122.58,47.4],[-122.62,47.4],[-122.63,47.4],[-122.64,47.4],[-122.65,47.4],[-122.69,47.4],[-122.71,47.4],[-122.74,47.4],[-122.75,47.4],[-122.76,47.4],[-122.78,47.4],[-122.8,47.4],[-122.8,47.43],[-122.8,47.44],[-122.8,47.5],[-122.8,47.52],[-122.84,47.52],[-122.87,47.52],[-122.92,47.52],[-122.95,47.52],[-122.99,47.52],[-123.02,47.52],[-123.02,47.53],[-123.01,47.53],[-123.0,47.54],[-122.99,47.55],[-122.98,47.56]],[[-122.58,47.85],[-122.58,47.84],[-122.59,47.84],[-122.58,47.83],[-122.58,47.82],[-122.58,47.81],[-122.57,47.82],[-122.57,47.83],[-122.57,47.84],[-122.57,47.85],[-122.58,47.85]],[[-122.5,47.8],[-122.51,47.8],[-122.51,47.79],[-122.5,47.79],[-122.5,47.8]],[[-122.55,47.75],[-122.55,47.76],[-122.56,47.76],[-122.56,47.75],[-122.55,47.75]],[[-122.56,47.72],[-122.57,47.71],[-122.58,47.71],[-122.58,47.7],[-122.59,47.7],[-122.59,47.69],[-122.6,47.69],[-122.6,47.7],[-122.61,47.71],[-122.62,47.71],[-122.63,47.71],[-122.63,47.72],[-122.64,47.72],[-122.64,47.73],[-122.65,47.73],[-122.65,47.74],[-122.66,47.74],[-122.66,47.73],[-122.66,47.72],[-122.65,47.72],[-122.65,47.71],[-122.64,47.71],[-122.64,47.7],[-122.63,47.7],[-122.62,47.7],[-122.62,47.69],[-122.62,47.68],[-122.62,47.67],[-122.61,47.67],[-122.61,47.66],[-122.61,47.65],[-122.6,47.64],[-122.59,47.64],[-122.59,47.63],[-122.59,47.62],[-122.6,47.62],[-122.6,47.61],[-122.6,47.6],[-122.59,47.6],[-122.59,47.59],[-122.6,47.59],[-122.6,47.58],[-122.6,47.57],[-122.61,47.57],[-122.62,47.57],[-122.62,47.56],[-122.63,47.56],[-122.64,47.56],[-122.65,47.56],[-122.65,47.55],[-122.66,47.55],[-122.67,47.55],[-122.68,47.54],[-122.68,47.53],[-122.67,47.53],[-122.67,47.54],[-122.66,47.54],[-122.65,47.54],[-122.64,47.54],[-122.63,47.54],[-122.62,47.54],[-122.62,47.55],[-122.61,47.55],[-122.6,47.55],[-122.6,47.56],[-122.59,47.56],[-122.59,47.57],[-122.58,47.57],[-122.58,47.58],[-122.57,47.58],[-122.57,47.59],[-122.57,47.6],[-122.58,47.6],[-122.58,47.61],[-122.57,47.61],[-122.57,47.62],[-122.58,47.62],[-122.58,47.63],[-122.58,47.64],[-122.58,47.65],[-122.59,47.65],[-122.59,47.66],[-122.59,47.67],[-122.58,47.67],[-122.57,47.67],[-122.56,47.67],[-122.56,47.68],[-122.57,47.68],[-122.57,47.69],[-122.57,47.7],[-122.56,47.7],[-122.56,47.71],[-122.56,47.72]],[[-122.62,47.57],[-122.62,47.58],[-122.63,47.58],[-122.63,47.57],[-122.62,47.57]],[[-122.5,47.62],[-122.5,47.63],[-122.51,47.62],[-122.5,47.62]],[[-122.64,47.58],[-122.65,47.59],[-122.65,47.58],[-122.64,47.58]],[[-122.65,47.59],[-122.66,47.6],[-122.66,47.59],[-122.65,47.59]],[[-122.66,47.6],[-122.66,47.61],[-122.66,47.62],[-122.67,47.62],[-122.68,47.62],[-122.68,47.63],[-122.67,47.63],[-122.67,47.64],[-122.68,47.64],[-122.68,47.65],[-122.69,47.65],[-122.69,47.64],[-122.7,47.64],[-122.7,47.63],[-122.71,47.63],[-122.71,47.62],[-122.71,47.61],[-122.71,47.6],[-122.7,47.6],[-122.69,47.61],[-122.69,47.6],[-122.69,47.59],[-122.69,47.58],[-122.68,47.58],[-122.68,47.59],[-122.67,47.59],[-122.67,47.6],[-122.66,47.6]],[[-122.66,47.59],[-122.67,47.58],[-122.66,47.58],[-122.66,47.59]],[[-122.67,47.58],[-122.68,47.57],[-122.67,47.57],[-122.67,47.58]],[[-122.54,47.7],[-122.55,47.7],[-122.55,47.69],[-122.54,47.69],[-122.54,47.7]]],[[[-122.59,47.92],[-122.6,47.92],[-122.61,47.92],[-122.62,47.93],[-122.62,47.94],[-122.61,47.94],[-122.6,47.94],[-122.6,47.93],[-122.59,47.92]]],[[[-122.5,47.54],[-122.5,47.55],[-122.49,47.55],[-122.49,47.54],[-122.49,47.53],[-122.5,47.53],[-122.5,47.54]]]]}},
{"type":"Feature","properties":{"ugc":"WAC037","name":"Kittitas","state":"WA","wfo":"PDT"},"geometry":{"type":"MultiPolygon","coordinates":[[[[-121.44,47.31],[-121.44,47.32],[-121.43,47.32],[-121.43,47.33],[-121.43,47.34],[-121.44,47.34],[-121.45,47.34],[-121.45,47.35],[-121.46,47.35],[-121.46,47.36],[-121.47,47.37],[-121.46,47.37],[-121.45,47.37],[-121.44,47.37],[-121.44,47.38],[-121.44,47.39],[-121.43,47.39],[-121.43,47.4],[-121.42,47.41],[-121.43,47.42],[-121.42,47.42],[-121.41,47.42],[-121.41,47.43],[-121.4,47.43],[-121.39,47.43],[-121.38,47.43],[-121.38,47.44],[-121.39,47.45],[-121.38,47.45],[-121.38,47.46],[-121.37,47.46],[-121.36,47.46],[-121.36,47.47],[-121.35,47.46],[-121.35,47.47],[-121.34,47.47],[-121.34,47.48],[-121.33,47.47],[-121.33,47.48],[-121.32,47.48],[-121.31,47.48],[-121.3,47.49],[-121.3,47.5],[-121.29,47.5],[-121.29,47.51],[-121.28,47.51],[-121.28,47.52],[-121.27,47.52],[-121.26,47.52],[-121.26,47.53],[-121.25,47.53],[-121.25,47.54],[-121.24,47.54],[-121.24,47.55],[-121.23,47.55],[-121.23,47.56],[-121.23,47.57],[-121.22,47.57],[-121.21,47.57],[-121.2,47.57],[-121.19,47.57],[-121.18,47.57],[-121.17,47.57],[-121.17,47.58],[-121.17,47.59],[-121.16,47.59],[-121.15,47.59],[-121.14,47.59],[-121.14,47.6],[-121.13,47.6],[-121.13,47.59],[-121.12,47.59],[-121.12,47.6],[-121.11,47.6],[-121.11,47.59],[-121.1,47.59],[-121.09,47.59],[-121.09,47.58],[-121.09,47.57],[-121.08,47.56],[-121.08,47.55],[-121.07,47.55],[-121.06,47.54],[-121.05,47.54],[-121.05,47.53],[-121.04,47.54],[-121.03,47.53],[-121.02,47.52],[-121.01,47.52],[-121.0,47.52],[-120.99,47.51],[-120.99,47.5],[-120.98,47.49],[-120.97,47.49],[-120.96,47.48],[-120.95,47.48],[-120.95,47.47],[-120.95,47.46],[-120.93,47.46],[-120.93,47.45],[-120.92,47.45],[-120.92,47.44],[-120.92,47.43],[-120.91,47.43],[-120.9,47.43],[-120.89,47.43],[-120.89,47.42],[-120.88,47.42],[-120.87,47.42],[-120.86,47.42],[-120.85,47.42],[-120.85,47.41],[-120.84,47.41],[-120.84,47.42],[-120.83,47.42],[-120.82,47.42],[-120.81,47.42],[-120.8,47.42],[-120.79,47.41],[-120.79,47.4],[-120.78,47.4],[-120.77,47.4],[-120.76,47.4],[-120.75,47.4],[-120.75,47.39],[-120.74,47.39],[-120.73,47.39],[-120.73,47.38],[-120.72,47.38],[-120.72,47.37],[-120.71,47.37],[-120.7,47.37],[-120.7,47.36],[-120.69,47.36],[-120.68,47.35],[-120.67,47.35],[-120.67,47.34],[-120.66,47.34],[-120.65,47.34],[-120.64,47.34],[-120.63,47.34],[-120.62,47.34],[-120.62,47.35],[-120.61,47.34],[-120.6,47.34],[-120.59,47.34],[-120.58,47.34],[-120.58,47.33],[-120.57,47.32],[-120.57,47.31],[-120.56,47.31],[-120.55,47.31],[-120.54,47.31],[-120.53,47.32],[-120.53,47.33],[-120.52,47.33],[-120.52,47.32],[-120.51,47.32],[-120.5,47.32],[-120.49,47.31],[-120.48,47.31],[-120.47,47.31],[-120.47,47.3],[-120.46,47.3],[-120.45,47.3],[-120.45,47.29],[-120.44,47.28],[-120.43,47.28],[-120.43,47.27],[-120.42,47.27],[-120.4,47.27],[-120.39,47.27],[-120.39,47.26],[-120.38,47.26],[-120.34,47.26],[-120.3,47.26],[-120.27,47.26],[-120.26,47.26],[-120.25,47.26],[-120.24,47.26],[-120.13,47.26],[-120.1,47.26],[-120.1,47.25],[-120.09,47.24],[-120.09,47.23],[-120.08,47.23],[-120.07,47.22],[-120.06,47.22],[-120.05,47.22],[-120.05,47.23],[-120.04,47.23],[-120.03,47.23],[-120.02,47.23],[-120.01,47.23],[-120.01,47.22],[-120.0,47.22],[-120.0,47.21],[-120.01,47.2],[-120.01,47.19],[-120.0,47.19],[-120.0,47.18],[-120.01,47.18],[-120.01,47.17],[-120.01,47.16],[-120.0,47.15],[-120.0,47.14],[-120.0,47.13],[-120.01,47.12],[-120.01,47.11],[-120.02,47.11],[-120.03,47.11],[-120.03,47.09],[-120.04,47.09],[-120.04,47.08],[-120.04,47.07],[-120.04,47.06],[-120.03,47.05],[-120.02,47.05],[-120.02,47.04],[-120.01,47.04],[-120.01,47.03],[-120.01,47.02],[-120.0,47.01],[-120.0,47.0],[-120.0,46.99],[-119.99,46.98],[-119.99,46.97],[-119.98,46.97],[-119.98,46.96],[-119.97,46.95],[-119.97,46.94],[-119.96,46.94],[-119.96,46.93],[-119.97,46.93],[-119.96,46.92],[-119.96,46.91],[-119.97,46.89],[-119.97,46.88],[-119.96,46.87],[-119.96,46.86],[-119.96,46.85],[-119.95,46.84],[-119.94,46.84],[-119.94,46.83],[-119.93,46.82],[-119.93,46.81],[-119.93,46.8],[-119.93,46.79],[-119.94,46.78],[-119.94,46.77],[-119.95,46.77],[-119.96,46.76],[-119.97,46.76],[-119.97,46.75],[-119.97,46.74],[-119.98,46.74],[-120.0,46.74],[-120.03,46.74],[-120.04,46.74],[-120.13,46.74],[-120.15,46.74],[-120.17,46.74],[-120.19,46.74],[-120.22,46.74],[-120.27,46.74],[-120.28,46.74],[-120.31,46.74],[-120.35,46.74],[-120.38,46.74],[-120.39,46.74],[-120.41,46.74],[-120.45,46.74],[-120.5,46.74],[-120.51,46.75],[-120.51,46.77],[-120.51,46.82],[-120.6,46.83],[-120.63,46.83],[-120.63,46.86],[-120.63,46.88],[-120.63,46.91],[-120.75,46.91],[-120.8,46.91],[-120.81,46.91],[-120.82,46.91],[-120.87,46.91],[-120.92,46.91],[-120.95,46.91],[-120.96,46.91],[-120.98,46.91],[-120.99,46.91],[-121.03,46.91],[-121.03,46.92],[-121.04,46.92],[-121.04,46.93],[-121.05,46.93],[-121.05,46.94],[-121.06,46.94],[-121.06,46.95],[-121.07,46.95],[-121.07,46.96],[-121.08,46.96],[-121.08,46.97],[-121.09,46.97],[-121.09,46.98],[-121.09,46.99],[-121.1,46.99],[-121.11,47.0],[-121.12,47.0],[-121.13,47.0],[-121.13,47.01],[-121.13,47.02],[-121.14,47.02],[-121.15,47.02],[-121.15,47.03],[-121.16,47.03],[-121.17,47.03],[-121.17,47.04],[-121.18,47.04],[-121.19,47.04],[-121.2,47.05],[-121.21,47.05],[-121.21,47.06],[-121.22,47.06],[-121.22,47.07],[-121.23,47.07],[-121.24,47.07],[-121.25,47.07],[-121.25,47.08],[-121.26,47.08],[-121.27,47.08],[-121.27,47.09],[-121.28,47.09],[-121.29,47.09],[-121.3,47.09],[-121.3,47.08],[-121.31,47.08],[-121.32,47.08],[-121.33,47.08],[-121.34,47.08],[-121.35,47.08],[-121.36,47.07],[-121.37,47.08],[-121.38,47.08],[-121.38,47.09],[-121.38,47.1],[-121.39,47.09],[-121.4,47.09],[-121.4,47.1],[-121.4,47.11],[-121.41,47.12],[-121.4,47.12],[-121.4,47.13],[-121.39,47.13],[-121.38,47.14],[-121.37,47.14],[-121.36,47.14],[-121.35,47.14],[-121.34,47.14],[-121.34,47.13],[-121.33,47.13],[-121.32,47.14],[-121.32,47.13],[-121.31,47.13],[-121.31,47.14],[-121.3,47.14],[-121.3,47.15],[-121.3,47.16],[-121.31,47.16],[-121.31,47.17],[-121.32,47.17],[-121.31,47.18],[-121.31,47.19],[-121.31,47.2],[-121.31,47.21],[-121.32,47.21],[-121.32,47.22],[-121.33,47.22],[-121.34,47.22],[-121.35,47.22],[-121.36,47.22],[-121.36,47.23],[-121.36,47.24],[-121.35,47.24],[-121.35,47.25],[-121.34,47.25],[-121.33,47.25],[-121.33,47.26],[-121.34,47.27],[-121.34,47.28],[-121.35,47.28],[-121.36,47.28],[-121.36,47.29],[-121.37,47.29],[-121.38,47.29],[-121.39,47.29],[-121.4,47.29],[-121.41,47.29],[-121.42,47.29],[-121.43,47.29],[-121.43,47.3],[-121.44,47.31]]]]}},
{"type":"Feature","properties":{"ugc":"WAC039","name":"Klickitat","state":"WA","wfo":"PDT"},"geometry":{"type":"MultiPolygon","coordinates":[[[[-121.53,45.78],[-121.57,45.78],[-121.61,45.78],[-121.61,45.87],[-121.61,45.94],[-121.61,45.95],[-121.61,45.96],[-121.61,45.99],[-121.61,46.0],[-121.61,46.04],[-121.57,46.04],[-121.54,46.04],[-121.52,46.04],[-121.5,46.04],[-121.37,46.04],[-121.26,46.04],[-121.25,46.04],[-121.24,46.04],[-121.2,46.04],[-121.18,46.04],[-121.15,46.04],[-121.13,46.04],[-121.11,46.04],[-121.09,46.04],[-121.07,46.04],[-121.02,46.04],[-120.94,46.04],[-120.9,46.04],[-120.88,46.04],[-120.85,46.04],[-120.75,46.04],[-120.74,46.04],[-120.69,46.04],[-120.65,46.04],[-120.62,46.04],[-120.6,46.04],[-120.59,46.04],[-120.57,46.04],[-120.45,46.04],[-120.43,46.04],[-120.4,46.04],[-120.38,46.04],[-120.34,46.04],[-120.28,46.04],[-120.24,46.04],[-120.23,46.04],[-120.15,46.04],[-120.12,46.04],[-120.11,46.04],[-120.05,46.04],[-120.0,46.04],[-119.93,46.04],[-119.91,46.04],[-119.88,46.04],[-119.87,46.04],[-119.87,46.0],[-119.87,45.99],[-119.87,45.98],[-119.87,45.96],[-119.87,45.95],[-119.87,45.91],[-119.87,45.9],[-119.87,45.88],[-119.87,45.86],[-119.87,45.84],[-119.88,45.83],[-119.91,45.83],[-119.97,45.82],[-120.0,45.81],[-120.07,45.79],[-120.13,45.78],[-120.14,45.77],[-120.17,45.76],[-120.21,45.73],[-120.26,45.72],[-120.28,45.72],[-120.29,45.72],[-120.3,45.72],[-120.32,45.71],[-120.33,45.71],[-120.34,45.71],[-120.38,45.7],[-120.4,45.7],[-120.48,45.69],[-120.51,45.7],[-120.52,45.71],[-120.56,45.74],[-120.59,45.75],[-120.63,45.75],[-120.64,45.75],[-120.65,45.74],[-120.67,45.73],[-120.69,45.72],[-120.72,45.71],[-120.75,45.7],[-120.79,45.69],[-120.86,45.67],[-120.9,45.64],[-120.91,45.64],[-120.92,45.64],[-120.94,45.66],[-120.95,45.66],[-120.98,45.65],[-121.01,45.65],[-121.03,45.65],[-121.06,45.65],[-121.09,45.65],[-121.12,45.62],[-121.13,45.61],[-121.14,45.61],[-121.15,45.61],[-121.17,45.61],[-121.18,45.61],[-121.2,45.62],[-121.2,45.63],[-121.2,45.65],[-121.2,45.66],[-121.22,45.67],[-121.25,45.68],[-121.29,45.69],[-121.31,45.7],[-121.34,45.7],[-121.37,45.7],[-121.4,45.69],[-121.42,45.69],[-121.44,45.7],[-121.46,45.7],[-121.47,45.7],[-121.48,45.71],[-121.49,45.72],[-121.5,45.72],[-121.51,45.72],[-121.52,45.72],[-121.52,45.73],[-121.52,45.74],[-121.52,45.75],[-121.53,45.75],[-121.53,45.76],[-121.54,45.76],[-121.54,45.77],[-121.53,45.77],[-121.53,45.78]]]]}},
{"type":"Feature","properties":{"ugc":"WAC041","name":"Lewis","state":"WA","wfo":"SEW"},"geometry":{"type":"MultiPolygon","coordinates":[[[[-123.16,46.79],[-123.16,46.76],[-123.13,46.76],[-123.11,46.76],[-123.09,46.76],[-123.06,46.76],[-123.04,46.76],[-123.02,46.76],[-123.0,46.76],[-122.9,46.76],[-122.74,46.76],[-122.69,46.76],[-122.68,46.76],[-122.67,46.76],[-122.66,46.76],[-122.65,46.76],[-122.64,46.76],[-122.62,46.76],[-122.61,46.76],[-122.6,46.76],[-122.57,46.76],[-122.55,46.76],[-122.53,46.76],[-122.5,46.76],[-122.49,46.76],[-122.48,46.76],[-122.31,46.76],[-122.22,46.76],[-122.2,46.76],[-122.19,46.76],[-122.18,46.76],[-122.17,46.76],[-122.16,46.76],[-122.16,46.75],[-122.15,46.75],[-122.14,46.75],[-122.13,46.75],[-122.12,46.75],[-122.11,46.75],[-122.1,46.75],[-122.09,46.75],[-122.08,46.75],[-122.07,46.75],[-122.06,46.75],[-122.05,46.75],[-122.04,46.74],[-122.03,46.74],[-122.02,46.74],[-122.02,46.75],[-122.01,46.75],[-122.0,46.75],[-121.99,46.75],[-121.98,46.75],[-121.98,46.74],[-121.97,46.75],[-121.96,46.75],[-121.96,46.76],[-121.95,46.76],[-121.95,46.75],[-121.94,46.75],[-121.93,46.74],[-121.92,46.74],[-121.91,46.74],[-121.9,46.74],[-121.89,46.73],[-121.88,46.73],[-121.87,46.73],[-121.86,46.73],[-121.85,46.73],[-121.84,46.73],[-121.83,46.73],[-121.83,46.74],[-121.82,46.74],[-121.82,46.75],[-121.81,46.75],[-121.8,46.75],[-121.8,46.76],[-121.79,46.77],[-121.78,46.77],[-121.78,46.78],[-121.77,46.78],[-121.76,46.78],[-121.75,46.78],[-121.73,46.78],[-121.7,46.78],[-121.67,46.78],[-121.63,46.78],[-121.62,46.78],[-121.5,46.78],[-121.48,46.78],[-121.46,46.78],[-121.45,46.78],[-121.45,46.77],[-121.44,46.77],[-121.44,46.76],[-121.43,46.76],[-121.42,46.75],[-121.43,46.75],[-121.43,46.74],[-121.42,46.74],[-121.41,46.74],[-121.41,46.73],[-121.4,46.73],[-121.39,46.73],[-121.38,46.73],[-121.37,46.73],[-121.36,46.72],[-121.35,46.71],[-121.36,46.71],[-121.37,46.71],[-121.38,46.7],[-121.38,46.69],[-121.39,46.69],[-121.4,46.69],[-121.41,46.68],[-121.41,46.67],[-121.41,46.66],[-121.42,46.66],[-121.42,46.65],[-121.41,46.65],[-121.4,46.65],[-121.4,46.64],[-121.39,46.64],[-121.39,46.63],[-121.39,46.62],[-121.4,46.61],[-121.41,46.6],[-121.4,46.6],[-121.4,46.59],[-121.41,46.58],[-121.42,46.58],[-121.42,46.57],[-121.42,46.56],[-121.42,46.55],[-121.42,46.54],[-121.43,46.54],[-121.44,46.54],[-121.45,46.53],[-121.45,46.52],[-121.46,46.52],[-121.45,46.51],[-121.45,46.5],[-121.44,46.5],[-121.43,46.5],[-121.42,46.49],[-121.43,46.49],[-121.43,46.48],[-121.44,46.48],[-121.43,46.47],[-121.42,46.46],[-121.41,46.46],[-121.41,46.45],[-121.41,46.44],[-121.41,46.43],[-121.4,46.43],[-121.4,46.42],[-121.39,46.42],[-121.39,46.41],[-121.39,46.4],[-121.39,46.39],[-121.4,46.39],[-121.45,46.39],[-121.46,46.39],[-121.49,46.39],[-121.52,46.39],[-121.74,46.39],[-121.76,46.39],[-121.81,46.39],[-121.82,46.39],[-121.86,46.39],[-121.88,46.39],[-121.92,46.39],[-121.99,46.39],[-122.07,46.39],[-122.11,46.39],[-122.12,46.39],[-122.24,46.39],[-122.27,46.39],[-122.36,46.39],[-122.38,46.39],[-122.42,46.39],[-122.45,46.39],[-122.47,46.39],[-122.48,46.39],[-122.5,46.39],[-122.62,46.39],[-122.63,46.39],[-122.75,46.39],[-122.78,46.39],[-122.85,46.39],[-122.9,46.39],[-122.99,46.39],[-123.01,46.39],[-123.06,46.39],[-123.1,46.39],[-123.22,46.39],[-123.25,46.38],[-123.36,46.38],[-123.36,46.44],[-123.36,46.48],[-123.36,46.5],[-123.36,46.55],[-123.36,46.56],[-123.37,46.56],[-123.37,46.59],[-123.37,46.6],[-123.37,46.62],[-123.37,46.63],[-123.37,46.67],[-123.37,46.7],[-123.37,46.73],[-123.37,46.74],[-123.37,46.76],[-123.37,46.79],[-123.35,46.79],[-123.25,46.79],[-123.23,46.79],[-123.2,46.79],[-123.18,46.79],[-123.16,46.79]]]]}},
{"type":"Feature","properties":{"ugc":"WAC043","name":"Lincoln","state":"WA","wfo":"OTX"},"geometry":{"type":"MultiPolygon","coordinates":[[[[-118.85,47.96],[-118.84,47.96],[-118.84,47.95],[-118.83,47.95],[-118.83,47.93],[-118.82,47.93],[-118.82,47.92],[-118.81,47.92],[-118.8,47.92],[-118.78,47.92],[-118.77,47.91],[-118.76,47.91],[-118.75,47.91],[-118.74,47.9],[-118.73,47.9],[-118.72,47.9],[-118.71,47.9],[-118.71,47.91],[-118.71,47.92],[-118.71,47.93],[-118.7,47.94],[-118.69,47.94],[-118.68,47.94],[-118.67,47.94],[-118.66,47.94],[-118.66,47.93],[-118.65,47.93],[-118.64,47.93],[-118.63,47.93],[-118.62,47.93],[-118.61,47.93],[-118.6,47.93],[-118.59,47.93],[-118.58,47.93],[-118.57,47.93],[-118.56,47.93],[-118.55,47.92],[-118.54,47.92],[-118.53,47.91],[-118.53,47.9],[-118.54,47.89],[-118.54,47.88],[-118.53,47.88],[-118.51,47.88],[-118.5,47.87],[-118.49,47.87],[-118.49,47.88],[-118.48,47.88],[-118.47,47.88],[-118.46,47.88],[-118.46,47.87],[-118.46,47.86],[-118.45,47.85],[-118.44,47.84],[-118.43,47.84],[-118.42,47.84],[-118.41,47.83],[-118.4,47.83],[-118.39,47.83],[-118.38,47.83],[-118.37,47.83],[-118.36,47.84],[-118.36,47.85],[-118.36,47.86],[-118.35,47.86],[-118.35,47.87],[-118.35,47.88],[-118.35,47.89],[-118.34,47.89],[-118.33,47.89],[-118.33,47.9],[-118.32,47.9],[-118.32,47.91],[-118.31,47.91],[-118.3,47.91],[-118.29,47.92],[-118.28,47.92],[-118.28,47.93],[-118.27,47.93],[-118.26,47.93],[-118.26,47.94],[-118.25,47.94],[-118.24,47.94],[-118.23,47.94],[-118.22,47.94],[-118.21,47.95],[-118.21,47.94],[-118.2,47.94],[-118.2,47.93],[-118.19,47.93],[-118.19,47.92],[-118.18,47.92],[-118.18,47.91],[-118.18,47.9],[-118.17,47.9],[-118.16,47.9],[-118.16,47.89],[-118.16,47.88],[-118.15,47.89],[-118.14,47.88],[-118.13,47.87],[-118.13,47.86],[-118.12,47.86],[-118.12,47.85],[-118.12,47.84],[-118.12,47.83],[-118.11,47.83],[-118.1,47.83],[-118.1,47.82],[-118.09,47.82],[-118.08,47.81],[-118.08,47.8],[-118.07,47.8],[-118.06,47.8],[-118.05,47.8],[-118.04,47.8],[-118.03,47.8],[-118.02,47.8],[-118.01,47.8],[-118.01,47.81],[-118.01,47.82],[-118.0,47.82],[-118.0,47.83],[-117.99,47.83],[-117.98,47.83],[-117.97,47.83],[-117.96,47.83],[-117.95,47.83],[-117.94,47.83],[-117.94,47.82],[-117.93,47.82],[-117.93,47.83],[-117.92,47.83],[-117.91,47.84],[-117.9,47.84],[-117.89,47.84],[-117.88,47.84],[-117.88,47.85],[-117.87,47.85],[-117.86,47.84],[-117.85,47.84],[-117.84,47.84],[-117.83,47.83],[-117.82,47.83],[-117.82,47.82],[-117.82,47.77],[-117.82,47.75],[-117.82,47.74],[-117.82,47.72],[-117.82,47.69],[-117.82,47.68],[-117.82,47.67],[-117.82,47.66],[-117.82,47.62],[-117.82,47.61],[-117.82,47.59],[-117.82,47.5],[-117.82,47.49],[-117.82,47.45],[-117.82,47.41],[-117.82,47.38],[-117.82,47.37],[-117.82,47.31],[-117.82,47.26],[-117.84,47.26],[-117.96,47.26],[-117.99,47.26],[-118.0,47.26],[-118.06,47.26],[-118.13,47.26],[-118.27,47.26],[-118.41,47.26],[-118.47,47.26],[-118.51,47.26],[-118.62,47.26],[-118.75,47.26],[-118.79,47.26],[-118.82,47.26],[-118.87,47.26],[-118.88,47.26],[-118.92,47.26],[-118.96,47.26],[-118.98,47.26],[-118.98,47.31],[-118.98,47.36],[-118.98,47.39],[-118.98,47.4],[-118.98,47.42],[-118.98,47.44],[-118.98,47.46],[-118.98,47.47],[-118.98,47.49],[-118.98,47.5],[-118.98,47.51],[-118.98,47.52],[-118.98,47.61],[-118.98,47.62],[-118.98,47.65],[-118.98,47.66],[-118.98,47.68],[-118.98,47.69],[-118.98,47.74],[-118.98,47.75],[-118.98,47.79],[-118.97,47.83],[-118.97,47.87],[-118.97,47.88],[-118.97,47.94],[-118.96,47.94],[-118.95,47.94],[-118.94,47.94],[-118.92,47.95],[-118.91,47.95],[-118.9,47.95],[-118.89,47.95],[-118.88,47.95],[-118.87,47.96],[-118.86,47.96],[-118.85,47.96]]]]}},
{"type":"Feature","properties":{"ugc":"WAC045","name":"Mason","state":"WA","wfo":"SEW"},"geometry":{"type":"MultiPolygon","coordinates":[[[[-123.13,47.61],[-123.12,47.61],[-123.1,47.61],[-123.07,47.61],[-123.05,47.61],[-123.04,47.61],[-123.03,47.61],[-123.02,47.61],[-123.01,47.61],[-123.0,47.61],[-122.99,47.61],[-122.98,47.61],[-122.98,47.6],[-122.99,47.6],[-122.99,47.59],[-123.0,47.59],[-123.0,47.58],[-123.01,47.58],[-123.01,47.57],[-123.02,47.56],[-123.03,47.56],[-123.03,47.55],[-123.04,47.55],[-123.04,47.54],[-123.04,47.53],[-123.05,47.53],[-123.05,47.52],[-123.06,47.51],[-123.06,47.5],[-123.07,47.5],[-123.07,47.49],[-123.08,47.49],[-123.08,47.48],[-123.09,47.48],[-123.09,47.47],[-123.1,47.47],[-123.1,47.46],[-123.11,47.46],[-123.11,47.45],[-123.12,47.44],[-123.12,47.43],[-123.13,47.43],[-123.13,47.42],[-123.13,47.41],[-123.14,47.41],[-123.14,47.4],[-123.14,47.39],[-123.15,47.39],[-123.15,47.38],[-123.15,47.37],[-123.16,47.37],[-123.16,47.36],[-123.16,47.35],[-123.15,47.35],[-123.14,47.34],[-123.13,47.34],[-123.12,47.34],[-123.11,47.34],[-123.11,47.35],[-123.11,47.36],[-123.1,47.36],[-123.09,47.36],[-123.08,47.36],[-123.08,47.35],[-123.07,47.35],[-123.06,47.35],[-123.05,47.35],[-123.04,47.35],[-123.03,47.35],[-123.02,47.35],[-123.02,47.36],[-123.03,47.36],[-123.04,47.36],[-123.05,47.36],[-123.05,47.37],[-123.06,47.37],[-123.07,47.37],[-123.08,47.37],[-123.08,47.38],[-123.09,47.37],[-123.1,47.37],[-123.11,47.37],[-123.11,47.38],[-123.11,47.39],[-123.12,47.39],[-123.11,47.4],[-123.11,47.41],[-123.1,47.41],[-123.1,47.42],[-123.1,47.43],[-123.09,47.43],[-123.09,47.44],[-123.08,47.44],[-123.08,47.45],[-123.07,47.45],[-123.07,47.46],[-123.06,47.46],[-123.06,47.47],[-123.05,47.47],[-123.05,47.48],[-123.04,47.48],[-123.04,47.49],[-123.03,47.49],[-123.03,47.5],[-123.03,47.51],[-123.02,47.52],[-122.99,47.52],[-122.95,47.52],[-122.92,47.52],[-122.87,47.52],[-122.84,47.52],[-122.8,47.52],[-122.8,47.5],[-122.8,47.44],[-122.8,47.43],[-122.8,47.4],[-122.8,47.39],[-122.8,47.38],[-122.8,47.36],[-122.81,47.36],[-122.81,47.37],[-122.82,47.37],[-122.82,47.38],[-122.81,47.38],[-122.81,47.39],[-122.81,47.4],[-122.82,47.4],[-122.82,47.39],[-122.83,47.39],[-122.83,47.38],[-122.83,47.37],[-122.82,47.36],[-122.83,47.36],[-122.83,47.35],[-122.83,47.34],[-122.83,47.33],[-122.84,47.33],[-122.84,47.32],[-122.84,47.31],[-122.85,47.31],[-122.86,47.31],[-122.87,47.31],[-122.87,47.3],[-122.88,47.3],[-122.89,47.3],[-122.89,47.29],[-122.9,47.29],[-122.91,47.29],[-122.92,47.29],[-122.92,47.28],[-122.93,47.28],[-122.93,47.27],[-122.93,47.26],[-122.93,47.25],[-122.94,47.25],[-122.94,47.24],[-122.94,47.23],[-122.93,47.23],[-122.94,47.22],[-122.94,47.21],[-122.95,47.21],[-122.96,47.21],[-122.97,47.21],[-122.97,47.2],[-122.96,47.2],[-122.95,47.2],[-122.94,47.2],[-122.94,47.19],[-122.95,47.19],[-122.96,47.18],[-122.96,47.17],[-122.97,47.17],[-122.98,47.17],[-122.99,47.17],[-123.0,47.17],[-123.0,47.16],[-123.01,47.16],[-123.01,47.15],[-123.02,47.15],[-123.02,47.14],[-123.02,47.13],[-123.02,47.12],[-123.03,47.12],[-123.04,47.12],[-123.05,47.12],[-123.06,47.12],[-123.07,47.12],[-123.07,47.11],[-123.08,47.11],[-123.08,47.1],[-123.07,47.1],[-123.07,47.09],[-123.08,47.08],[-123.11,47.08],[-123.13,47.09],[-123.2,47.08],[-123.25,47.08],[-123.27,47.09],[-123.27,47.08],[-123.33,47.08],[-123.37,47.08],[-123.47,47.08],[-123.48,47.08],[-123.49,47.08],[-123.49,47.09],[-123.49,47.1],[-123.49,47.12],[-123.49,47.13],[-123.49,47.24],[-123.49,47.25],[-123.49,47.26],[-123.5,47.26],[-123.51,47.26],[-123.51,47.38],[-123.5,47.49],[-123.5,47.52],[-123.5,47.61],[-123.26,47.61],[-123.19,47.61],[-123.15,47.61],[-123.13,47.61]],[[-123.02,47.36],[-123.01,47.36],[-123.0,47.36],[-123.0,47.37],[-122.99,47.37],[-122.98,47.37],[-122.98,47.38],[-122.97,47.38],[-122.96,47.38],[-122.95,47.38],[-122.94,47.38],[-122.93,47.39],[-122.92,47.39],[-122.91,47.39],[-122.9,47.4],[-122.89,47.4],[-122.89,47.41],[-122.88,47.41],[-122.87,47.41],[-122.87,47.42],[-122.86,47.42],[-122.86,47.43],[-122.87,47.43],[-122.88,47.43],[-122.89,47.43],[-122.89,47.42],[-122.9,47.42],[-122.91,47.42],[-122.92,47.41],[-122.93,47.41],[-122.94,47.41],[-122.94,47.4],[-122.95,47.4],[-122.96,47.4],[-122.97,47.4],[-122.98,47.4],[-122.98,47.39],[-122.99,47.39],[-123.0,47.38],[-123.01,47.38],[-123.02,47.38],[-123.02,47.37],[-123.02,47.36]],[[-122.86,47.43],[-122.85,47.43],[-122.84,47.43],[-122.84,47.44],[-122.85,47.44],[-122.86,47.44],[-122.86,47.43]],[[-122.82,47.4],[-122.82,47.41],[-122.83,47.41],[-122.83,47.4],[-122.82,47.4]],[[-123.0,47.2],[-123.0,47.21],[-123.01,47.21],[-123.02,47.21],[-123.03,47.21],[-123.04,47.21],[-123.05,47.21],[-123.06,47.21],[-123.07,47.21],[-123.07,47.2],[-123.06,47.2],[-123.05,47.2],[-123.04,47.2],[-123.03,47.2],[-123.02,47.2],[-123.01,47.2],[-123.0,47.2]],[[-123.07,47.21],[-123.07,47.22],[-123.08,47.22],[-123.09,47.21],[-123.08,47.21],[-123.07,47.21]],[[-123.07,47.22],[-123.06,47.22],[-123.05,47.22],[-123.05,47.23],[-123.05,47.24],[-123.06,47.24],[-123.06,47.23],[-123.07,47.23],[-123.07,47.22]],[[-123.04,47.24],[-123.03,47.25],[-123.04,47.25],[-123.04,47.24]],[[-123.03,47.25],[-123.02,47.25],[-123.02,47.26],[-123.03,47.26],[-123.03,47.25]]],[[[-122.83,47.33],[-122.82,47.33],[-122.82,47.32],[-122.83,47.32],[-122.83,47.33]]],[[[-122.83,47.34],[-122.82,47.35],[-122.82,47.34],[-122.83,47.34]]]]}},
{"type":"Feature","properties":{"ugc":"WAC047","name":"Okanogan","state":"WA","wfo":"OTX"},"geometry":{"type":"MultiPolygon","coordinates":[[[[-120.85,49.0],[-120.68,49.0],[-120.56,49.0],[-120.44,49.0],[-120.28,49.0],[-120.04,49.0],[-119.73,49.0],[-118.84,49.0],[-118.84,48.91],[-118.84,48.87],[-118.84,48.86],[-118.84,48.83],[-118.84,48.79],[-118.84,48.75],[-118.84,48.69],[-118.84,48.68],[-118.84,48.66],[-118.84,48.65],[-118.87,48.65],[-118.87,48.62],[-118.87,48.6],[-118.87,48.57],[-118.87,48.52],[-118.87,48.5],[-118.87,48.48],[-118.84,48.48],[-118.85,48.25],[-118.85,48.12],[-118.85,48.03],[-118.85,48.0],[-118.85,47.99],[-118.85,47.96],[-118.86,47.96],[-118.87,47.96],[-118.88,47.95],[-118.89,47.95],[-118.9,47.95],[-118.91,47.95],[-118.92,47.95],[-118.94,47.94],[-118.95,47.94],[-118.96,47.94],[-118.97,47.94],[-118.98,47.94],[-118.98,47.95],[-118.98,47.96],[-118.98,47.97],[-118.97,47.98],[-118.96,47.99],[-118.96,48.0],[-118.95,48.01],[-118.95,48.02],[-118.96,48.02],[-118.96,48.03],[-118.97,48.03],[-118.98,48.04],[-118.99,48.04],[-119.0,48.04],[-119.01,48.05],[-119.01,48.06],[-119.02,48.07],[-119.02,48.08],[-119.02,48.09],[-119.03,48.1],[-119.03,48.11],[-119.03,48.12],[-119.04,48.12],[-119.04,48.13],[-119.05,48.13],[-119.06,48.14],[-119.07,48.14],[-119.08,48.14],[-119.09,48.14],[-119.1,48.14],[-119.11,48.14],[-119.12,48.15],[-119.13,48.15],[-119.14,48.15],[-119.15,48.15],[-119.15,48.14],[-119.16,48.14],[-119.17,48.14],[-119.17,48.13],[-119.18,48.13],[-119.19,48.13],[-119.2,48.13],[-119.21,48.12],[-119.22,48.12],[-119.23,48.11],[-119.24,48.11],[-119.25,48.1],[-119.26,48.1],[-119.27,48.1],[-119.27,48.11],[-119.28,48.11],[-119.29,48.11],[-119.29,48.12],[-119.3,48.12],[-119.3,48.11],[-119.31,48.11],[-119.32,48.11],[-119.33,48.1],[-119.33,48.09],[-119.33,48.08],[-119.33,48.06],[-119.34,48.05],[-119.35,48.05],[-119.36,48.05],[-119.37,48.05],[-119.38,48.05],[-119.39,48.05],[-119.4,48.05],[-119.41,48.05],[-119.42,48.06],[-119.43,48.07],[-119.44,48.08],[-119.45,48.08],[-119.46,48.08],[-119.47,48.08],[-119.48,48.08],[-119.49,48.08],[-119.5,48.08],[-119.51,48.08],[-119.52,48.07],[-119.52,48.06],[-119.53,48.05],[-119.54,48.05],[-119.55,48.05],[-119.56,48.04],[-119.57,48.03],[-119.58,48.03],[-119.59,48.03],[-119.59,48.02],[-119.6,48.02],[-119.61,48.01],[-119.61,48.0],[-119.62,48.0],[-119.63,48.0],[-119.64,48.0],[-119.65,48.0],[-119.66,48.0],[-119.66,48.01],[-119.67,48.01],[-119.68,48.01],[-119.69,48.02],[-119.69,48.03],[-119.69,48.04],[-119.68,48.05],[-119.68,48.06],[-119.67,48.07],[-119.67,48.08],[-119.68,48.09],[-119.69,48.09],[-119.7,48.09],[-119.7,48.08],[-119.71,48.08],[-119.72,48.08],[-119.73,48.09],[-119.74,48.1],[-119.75,48.1],[-119.76,48.1],[-119.77,48.1],[-119.78,48.1],[-119.77,48.09],[-119.78,48.09],[-119.79,48.09],[-119.8,48.09],[-119.81,48.09],[-119.82,48.08],[-119.83,48.08],[-119.84,48.08],[-119.85,48.08],[-119.85,48.07],[-119.86,48.07],[-119.87,48.06],[-119.88,48.06],[-119.89,48.06],[-119.89,48.05],[-119.89,48.04],[-119.88,48.03],[-119.88,48.02],[-119.87,48.02],[-119.87,48.01],[-119.87,48.0],[-119.87,47.99],[-119.88,47.99],[-119.88,47.98],[-119.88,47.97],[-119.87,47.96],[-119.88,47.96],[-119.96,47.96],[-120.0,47.96],[-120.03,47.96],[-120.05,47.96],[-120.06,47.97],[-120.07,47.97],[-120.07,47.98],[-120.07,47.99],[-120.08,47.99],[-120.08,48.0],[-120.08,48.01],[-120.09,48.01],[-120.09,48.02],[-120.1,48.02],[-120.11,48.02],[-120.12,48.03],[-120.13,48.03],[-120.14,48.03],[-120.14,48.04],[-120.15,48.04],[-120.15,48.05],[-120.14,48.05],[-120.13,48.05],[-120.13,48.06],[-120.14,48.06],[-120.15,48.07],[-120.16,48.07],[-120.17,48.07],[-120.18,48.07],[-120.19,48.08],[-120.2,48.08],[-120.21,48.08],[-120.22,48.08],[-120.23,48.09],[-120.24,48.09],[-120.24,48.1],[-120.25,48.1],[-120.25,48.11],[-120.26,48.11],[-120.27,48.11],[-120.27,48.12],[-120.28,48.12],[-120.29,48.12],[-120.29,48.13],[-120.3,48.13],[-120.31,48.13],[-120.32,48.12],[-120.33,48.13],[-120.33,48.14],[-120.34,48.14],[-120.35,48.14],[-120.35,48.15],[-120.36,48.16],[-120.36,48.17],[-120.36,48.18],[-120.35,48.19],[-120.35,48.2],[-120.35,48.21],[-120.35,48.22],[-120.36,48.22],[-120.37,48.22],[-120.38,48.22],[-120.39,48.22],[-120.39,48.23],[-120.38,48.23],[-120.39,48.24],[-120.4,48.24],[-120.4,48.25],[-120.41,48.25],[-120.42,48.25],[-120.43,48.25],[-120.44,48.26],[-120.45,48.26],[-120.46,48.26],[-120.46,48.27],[-120.47,48.27],[-120.47,48.28],[-120.48,48.28],[-120.49,48.29],[-120.5,48.3],[-120.51,48.3],[-120.51,48.31],[-120.52,48.31],[-120.53,48.31],[-120.54,48.31],[-120.55,48.31],[-120.56,48.31],[-120.57,48.32],[-120.58,48.32],[-120.59,48.32],[-120.59,48.33],[-120.58,48.33],[-120.58,48.34],[-120.57,48.35],[-120.57,48.36],[-120.56,48.36],[-120.56,48.37],[-120.57,48.37],[-120.57,48.38],[-120.58,48.38],[-120.59,48.38],[-120.6,48.39],[-120.61,48.39],[-120.62,48.4],[-120.63,48.4],[-120.64,48.4],[-120.65,48.41],[-120.65,48.42],[-120.65,48.43],[-120.65,48.44],[-120.66,48.44],[-120.67,48.45],[-120.66,48.45],[-120.65,48.45],[-120.65,48.46],[-120.64,48.47],[-120.65,48.48],[-120.65,48.49],[-120.64,48.49],[-120.64,48.5],[-120.65,48.51],[-120.66,48.51],[-120.66,48.52],[-120.65,48.52],[-120.65,48.53],[-120.65,48.54],[-120.66,48.54],[-120.66,48.53],[-120.67,48.53],[-120.68,48.53],[-120.69,48.53],[-120.7,48.53],[-120.7,48.54],[-120.71,48.54],[-120.7,48.55],[-120.7,48.56],[-120.69,48.56],[-120.69,48.57],[-120.69,48.58],[-120.7,48.58],[-120.7,48.59],[-120.71,48.59],[-120.72,48.6],[-120.72,48.59],[-120.73,48.59],[-120.73,48.58],[-120.74,48.58],[-120.75,48.58],[-120.76,48.58],[-120.76,48.59],[-120.77,48.59],[-120.78,48.6],[-120.79,48.61],[-120.78,48.61],[-120.78,48.62],[-120.79,48.62],[-120.79,48.63],[-120.78,48.63],[-120.77,48.64],[-120.76,48.64],[-120.75,48.65],[-120.75,48.66],[-120.74,48.66],[-120.73,48.67],[-120.72,48.66],[-120.72,48.67],[-120.71,48.68],[-120.71,48.69],[-120.7,48.7],[-120.69,48.7],[-120.68,48.69],[-120.68,48.7],[-120.68,48.71],[-120.68,48.72],[-120.67,48.72],[-120.66,48.72],[-120.65,48.72],[-120.66,48.73],[-120.67,48.73],[-120.68,48.74],[-120.69,48.74],[-120.69,48.75],[-120.69,48.76],[-120.7,48.76],[-120.71,48.77],[-120.72,48.77],[-120.73,48.78],[-120.74,48.79],[-120.74,48.8],[-120.74,48.81],[-120.74,48.82],[-120.74,48.83],[-120.74,48.84],[-120.74,48.85],[-120.73,48.85],[-120.73,48.86],[-120.74,48.86],[-120.75,48.87],[-120.76,48.87],[-120.76,48.88],[-120.77,48.88],[-120.76,48.89],[-120.77,48.89],[-120.76,48.9],[-120.77,48.9],[-120.77,48.91],[-120.77,48.92],[-120.77,48.93],[-120.76,48.93],[-120.75,48.94],[-120.76,48.94],[-120.76,48.95],[-120.77,48.95],[-120.77,48.96],[-120.78,48.96],[-120.79,48.96],[-120.8,48.96],[-120.8,48.95],[-120.81,48.95],[-120.82,48.95],[-120.82,48.94],[-120.83,48.94],[-120.84,48.94],[-120.84,48.95],[-120.85,48.96],[-120.86,48.96],[-120.87,48.96],[-120.88,48.96],[-120.88,48.97],[-120.88,48.98],[-120.87,48.98],[-120.86,48.98],[-120.86,48.99],[-120.85,48.99],[-120.85,49.0]]]]}},
{"type":"Feature","properties":{"ugc":"WAC049","name":"Pacific","state":"WA","wfo":"PQR"},"geometry":{"type":"MultiPolygon","coordinates":[[[[-123.36,46.17],[-123.35,46.17],[-123.34,46.17],[-123.34,46.16],[-123.33,46.16],[-123.33,46.15],[-123.34,46.15],[-123.35,46.15],[-123.36,46.15],[-123.36,46.17]]],[[[-124.07,46.32],[-124.06,46.33],[-124.06,46.34],[-124.06,46.35],[-124.06,46.36],[-124.06,46.37],[-124.06,46.38],[-124.06,46.39],[-124.06,46.4],[-124.06,46.41],[-124.06,46.42],[-124.06,46.43],[-124.06,46.44],[-124.06,46.45],[-124.06,46.46],[-124.06,46.47],[-124.06,46.49],[-124.06,46.5],[-124.06,46.51],[-124.06,46.52],[-124.06,46.53],[-124.06,46.54],[-124.06,46.55],[-124.06,46.56],[-124.06,46.57],[-124.06,46.58],[-124.07,46.58],[-124.07,46.59],[-124.07,46.6],[-124.07,46.61],[-124.07,46.62],[-124.07,46.63],[-124.07,46.64],[-124.06,46.64],[-124.06,46.65],[-124.05,46.65],[-124.05,46.64],[-124.05,46.63],[-124.05,46.62],[-124.05,46.61],[-124.04,46.61],[-124.04,46.6],[-124.03,46.6],[-124.03,46.59],[-124.02,46.59],[-124.02,46.58],[-124.02,46.57],[-124.02,46.56],[-124.02,46.55],[-124.03,46.55],[-124.03,46.54],[-124.03,46.53],[-124.03,46.52],[-124.02,46.51],[-124.03,46.51],[-124.03,46.5],[-124.03,46.49],[-124.03,46.48],[-124.03,46.47],[-124.03,46.46],[-124.03,46.45],[-124.02,46.45],[-124.02,46.44],[-124.02,46.43],[-124.02,46.42],[-124.02,46.41],[-124.02,46.4],[-124.02,46.39],[-124.02,46.38],[-124.01,46.38],[-124.0,46.38],[-124.0,46.37],[-123.99,46.38],[-123.98,46.38],[-123.97,46.38],[-123.96,46.38],[-123.96,46.37],[-123.95,46.37],[-123.95,46.38],[-123.95,46.39],[-123.95,46.4],[-123.94,46.4],[-123.94,46.41],[-123.93,46.42],[-123.92,46.42],[-123.92,46.43],[-123.91,46.43],[-123.91,46.44],[-123.91,46.45],[-123.91,46.46],[-123.92,46.46],[-123.93,46.46],[-123.93,46.47],[-123.94,46.47],[-123.94,46.48],[-123.94,46.49],[-123.93,46.49],[-123.93,46.5],[-123.92,46.5],[-123.92,46.51],[-123.91,46.51],[-123.9,46.51],[-123.89,46.51],[-123.89,46.52],[-123.9,46.52],[-123.9,46.53],[-123.89,46.54],[-123.9,46.54],[-123.9,46.55],[-123.91,46.55],[-123.91,46.56],[-123.92,46.56],[-123.92,46.57],[-123.92,46.58],[-123.93,46.58],[-123.93,46.59],[-123.94,46.59],[-123.94,46.6],[-123.95,46.6],[-123.96,46.6],[-123.96,46.61],[-123.96,46.62],[-123.96,46.63],[-123.96,46.64],[-123.95,46.63],[-123.95,46.62],[-123.94,46.62],[-123.93,46.62],[-123.93,46.63],[-123.94,46.63],[-123.94,46.64],[-123.93,46.64],[-123.93,46.65],[-123.92,46.65],[-123.92,46.66],[-123.92,46.67],[-123.92,46.68],[-123.91,46.68],[-123.9,46.68],[-123.89,46.69],[-123.88,46.69],[-123.87,46.69],[-123.87,46.7],[-123.86,46.7],[-123.85,46.7],[-123.84,46.7],[-123.84,46.71],[-123.85,46.71],[-123.85,46.72],[-123.86,46.72],[-123.86,46.73],[-123.87,46.73],[-123.88,46.73],[-123.88,46.74],[-123.89,46.74],[-123.89,46.75],[-123.9,46.75],[-123.91,46.75],[-123.92,46.74],[-123.91,46.73],[-123.92,46.73],[-123.93,46.73],[-123.94,46.73],[-123.95,46.73],[-123.96,46.73],[-123.97,46.74],[-123.98,46.74],[-123.98,46.73],[-123.98,46.72],[-123.99,46.72],[-123.99,46.71],[-124.0,46.71],[-124.0,46.7],[-124.01,46.7],[-124.01,46.71],[-124.01,46.72],[-124.02,46.72],[-124.03,46.72],[-124.04,46.72],[-124.05,46.72],[-124.05,46.73],[-124.06,46.73],[-124.07,46.73],[-124.08,46.73],[-124.08,46.74],[-124.09,46.74],[-124.1,46.75],[-124.1,46.76],[-124.1,46.77],[-124.1,46.78],[-124.1,46.79],[-124.03,46.79],[-123.93,46.79],[-123.88,46.79],[-123.8,46.79],[-123.79,46.79],[-123.76,46.79],[-123.75,46.79],[-123.73,46.79],[-123.67,46.79],[-123.65,46.79],[-123.63,46.79],[-123.61,46.79],[-123.53,46.79],[-123.49,46.79],[-123.48,46.79],[-123.47,46.79],[-123.45,46.79],[-123.43,46.79],[-123.42,46.79],[-123.38,46.79],[-123.37,46.79],[-123.37,46.76],[-123.37,46.74],[-123.37,46.73],[-123.37,46.7],[-123.37,46.67],[-123.37,46.63],[-123.37,46.62],[-123.37,46.6],[-123.37,46.59],[-123.37,46.56],[-123.36,46.56],[-123.36,46.55],[-123.36,46.5],[-123.36,46.48],[-123.36,46.44],[-123.36,46.38],[-123.49,46.38],[-123.51,46.38],[-123.64,46.38],[-123.72,46.39],[-123.73,46.38],[-123.73,46.36],[-123.71,46.3],[-123.72,46.3],[-123.72,46.29],[-123.73,46.29],[-123.74,46.29],[-123.75,46.29],[-123.75,46.28],[-123.76,46.28],[-123.76,46.27],[-123.77,46.27],[-123.78,46.27],[-123.78,46.28],[-123.79,46.28],[-123.8,46.28],[-123.81,46.28],[-123.82,46.27],[-123.83,46.27],[-123.84,46.27],[-123.84,46.26],[-123.85,46.26],[-123.85,46.25],[-123.86,46.25],[-123.87,46.25],[-123.87,46.24],[-123.88,46.24],[-123.89,46.24],[-123.9,46.24],[-123.9,46.25],[-123.91,46.25],[-123.92,46.25],[-123.93,46.26],[-123.94,46.27],[-123.95,46.27],[-123.95,46.28],[-123.96,46.28],[-123.96,46.29],[-123.97,46.29],[-123.97,46.3],[-123.98,46.3],[-123.98,46.31],[-123.99,46.31],[-124.0,46.31],[-124.02,46.31],[-124.03,46.31],[-124.03,46.3],[-124.04,46.31],[-124.04,46.3],[-124.05,46.3],[-124.05,46.29],[-124.05,46.28],[-124.06,46.28],[-124.08,46.27],[-124.08,46.28],[-124.08,46.29],[-124.08,46.3],[-124.07,46.3],[-124.07,46.31],[-124.07,46.32]],[[-123.93,46.62],[-123.93,46.61],[-123.92,46.61],[-123.91,46.61],[-123.92,46.62],[-123.93,46.62]],[[-123.91,46.61],[-123.92,46.6],[-123.91,46.6],[-123.91,46.61]],[[-123.82,46.68],[-123.82,46.67],[-123.81,46.67],[-123.82,46.68]],[[-123.81,46.67],[-123.81,46.66],[-123.8,46.66],[-123.8,46.67],[-123.81,46.67]],[[-123.88,46.43],[-123.88,46.42],[-123.87,46.42],[-123.87,46.43],[-123.88,46.43]],[[-123.85,46.41],[-123.85,46.4],[-123.84,46.4],[-123.84,46.41],[-123.85,46.41]],[[-123.83,46.7],[-123.83,46.69],[-123.82,46.69],[-123.82,46.7],[-123.83,46.7]],[[-123.79,46.67],[-123.78,46.67],[-123.77,46.67],[-123.77,46.68],[-123.78,46.68],[-123.79,46.68],[-123.79,46.67]],[[-123.76,46.68],[-123.75,46.68],[-123.75,46.69],[-123.76,46.68]],[[-123.73,46.69],[-123.72,46.7],[-123.73,46.7],[-123.73,46.69]]],[[[-123.98,46.72],[-123.97,46.72],[-123.97,46.71],[-123.97,46.7],[-123.98,46.7],[-123.98,46.71],[-123.98,46.72]]],[[[-123.93,46.46],[-123.93,46.45],[-123.92,46.45],[-123.92,46.44],[-123.93,46.44],[-123.94,46.44],[-123.94,46.45],[-123.94,46.46],[-123.93,46.46]]],[[[-123.49,46.25],[-123.49,46.26],[-123.48,46.26],[-123.47,46.26],[-123.47,46.25],[-123.46,46.25],[-123.45,46.25],[-123.45,46.24],[-123.44,46.24],[-123.44,46.23],[-123.43,46.23],[-123.43,46.22],[-123.44,46.22],[-123.47,46.24],[-123.48,46.25],[-123.49,46.25]]],[[[-123.49,46.26],[-123.5,46.26],[-123.5,46.27],[-123.49,46.27],[-123.49,46.26]]],[[[-123.45,46.26],[-123.44,46.26],[-123.44,46.25],[-123.45,46.26]]],[[[-123.45,46.26],[-123.46,46.27],[-123.45,46.27],[-123.45,46.26]]],[[[-124.02,46.29],[-124.02,46.28],[-124.01,46.27],[-124.02,46.27],[-124.03,46.27],[-124.03,46.28],[-124.03,46.29],[-124.02,46.29]]]]}},
{"type":"Feature","properties":{"ugc":"WAC051","name":"Pend Oreille","state":"WA","wfo":"OTX"},"geometry":{"type":"MultiPolygon","coordinates":[[[[-117.42,49.0],[-117.35,49.0],[-117.29,49.0],[-117.25,49.0],[-117.2,49.0],[-117.13,49.0],[-117.03,49.0],[-117.03,48.88],[-117.03,48.86],[-117.03,48.85],[-117.03,48.75],[-117.03,48.7],[-117.03,48.66],[-117.03,48.62],[-117.03,48.61],[-117.04,48.5],[-117.04,48.42],[-117.04,48.39],[-117.04,48.37],[-117.04,48.21],[-117.04,48.18],[-117.04,48.17],[-117.04,48.12],[-117.04,48.05],[-117.04,48.04],[-117.05,48.05],[-117.18,48.05],[-117.21,48.05],[-117.29,48.05],[-117.44,48.05],[-117.44,48.08],[-117.44,48.12],[-117.44,48.13],[-117.48,48.13],[-117.5,48.13],[-117.5,48.14],[-117.5,48.22],[-117.5,48.24],[-117.5,48.25],[-117.5,48.38],[-117.5,48.4],[-117.5,48.48],[-117.5,48.49],[-117.5,48.52],[-117.5,48.56],[-117.5,48.57],[-117.5,48.62],[-117.5,48.65],[-117.5,48.66],[-117.53,48.66],[-117.55,48.66],[-117.63,48.66],[-117.63,48.74],[-117.62,48.74],[-117.6,48.74],[-117.56,48.74],[-117.56,48.75],[-117.56,48.84],[-117.5,48.84],[-117.5,48.87],[-117.5,48.92],[-117.43,48.92],[-117.43,48.96],[-117.43,48.99],[-117.43,49.0],[-117.42,49.0]]]]}},
{"type":"Feature","properties":{"ugc":"WAC053","name":"Pierce","state":"WA","wfo":"SEW"},"geometry":{"type":"MultiPolygon","coordinates":[[[[-122.59,46.97],[-122.6,46.97],[-122.6,46.98],[-122.61,46.98],[-122.61,46.97],[-122.62,46.97],[-122.63,46.97],[-122.63,46.98],[-122.64,46.98],[-122.63,46.99],[-122.63,47.0],[-122.64,47.0],[-122.65,47.0],[-122.65,47.01],[-122.66,47.01],[-122.67,47.01],[-122.67,47.02],[-122.68,47.03],[-122.68,47.04],[-122.68,47.05],[-122.69,47.05],[-122.69,47.06],[-122.7,47.06],[-122.7,47.07],[-122.71,47.08],[-122.71,47.09],[-122.7,47.09],[-122.7,47.1],[-122.69,47.1],[-122.68,47.1],[-122.67,47.11],[-122.67,47.12],[-122.66,47.12],[-122.66,47.13],[-122.65,47.13],[-122.64,47.14],[-122.63,47.14],[-122.62,47.15],[-122.62,47.16],[-122.61,47.17],[-122.6,47.17],[-122.6,47.18],[-122.59,47.18],[-122.58,47.19],[-122.58,47.2],[-122.58,47.21],[-122.57,47.22],[-122.56,47.23],[-122.56,47.24],[-122.55,47.25],[-122.55,47.26],[-122.54,47.27],[-122.53,47.28],[-122.53,47.29],[-122.54,47.3],[-122.54,47.31],[-122.55,47.32],[-122.54,47.32],[-122.53,47.32],[-122.52,47.31],[-122.51,47.31],[-122.51,47.3],[-122.5,47.3],[-122.5,47.29],[-122.49,47.29],[-122.47,47.28],[-122.46,47.28],[-122.46,47.27],[-122.45,47.27],[-122.44,47.27],[-122.44,47.26],[-122.43,47.26],[-122.43,47.27],[-122.42,47.27],[-122.42,47.28],[-122.41,47.28],[-122.41,47.29],[-122.42,47.3],[-122.43,47.3],[-122.44,47.3],[-122.44,47.31],[-122.43,47.32],[-122.42,47.32],[-122.4,47.31],[-122.39,47.3],[-122.38,47.3],[-122.37,47.29],[-122.36,47.28],[-122.34,47.27],[-122.34,47.26],[-122.33,47.26],[-122.26,47.26],[-122.25,47.26],[-122.24,47.26],[-122.21,47.26],[-122.2,47.26],[-122.19,47.26],[-122.17,47.26],[-122.16,47.26],[-122.15,47.26],[-122.14,47.26],[-122.14,47.25],[-122.13,47.25],[-122.13,47.24],[-122.12,47.24],[-122.13,47.23],[-122.12,47.23],[-122.11,47.22],[-122.12,47.22],[-122.11,47.21],[-122.1,47.2],[-122.1,47.19],[-122.09,47.19],[-122.08,47.19],[-122.07,47.19],[-122.06,47.19],[-122.06,47.18],[-122.05,47.17],[-122.04,47.17],[-122.03,47.18],[-122.03,47.17],[-122.02,47.17],[-122.01,47.18],[-122.01,47.17],[-122.0,47.17],[-121.99,47.17],[-121.99,47.16],[-121.98,47.16],[-121.97,47.16],[-121.96,47.16],[-121.95,47.16],[-121.95,47.15],[-121.95,47.14],[-121.94,47.14],[-121.93,47.14],[-121.93,47.15],[-121.92,47.15],[-121.91,47.15],[-121.9,47.16],[-121.9,47.15],[-121.89,47.16],[-121.89,47.15],[-121.88,47.15],[-121.87,47.15],[-121.86,47.15],[-121.85,47.15],[-121.85,47.14],[-121.84,47.14],[-121.83,47.15],[-121.82,47.15],[-121.82,47.16],[-121.81,47.16],[-121.81,47.17],[-121.8,47.17],[-121.79,47.17],[-121.78,47.17],[-121.77,47.17],[-121.76,47.17],[-121.75,47.16],[-121.74,47.16],[-121.73,47.16],[-121.72,47.16],[-121.72,47.15],[-121.71,47.15],[-121.7,47.15],[-121.69,47.15],[-121.68,47.15],[-121.67,47.16],[-121.66,47.16],[-121.65,47.16],[-121.64,47.16],[-121.64,47.15],[-121.63,47.15],[-121.62,47.15],[-121.61,47.14],[-121.6,47.13],[-121.59,47.12],[-121.58,47.12],[-121.57,47.12],[-121.56,47.12],[-121.55,47.12],[-121.54,47.12],[-121.53,47.12],[-121.52,47.12],[-121.51,47.12],[-121.5,47.12],[-121.49,47.12],[-121.49,47.11],[-121.48,47.11],[-121.47,47.1],[-121.46,47.09],[-121.45,47.09],[-121.44,47.09],[-121.44,47.08],[-121.43,47.09],[-121.42,47.09],[-121.41,47.09],[-121.4,47.09],[-121.39,47.09],[-121.38,47.09],[-121.38,47.08],[-121.38,47.07],[-121.38,47.06],[-121.37,47.06],[-121.38,47.05],[-121.39,47.05],[-121.39,47.04],[-121.4,47.04],[-121.4,47.03],[-121.4,47.02],[-121.4,47.01],[-121.41,47.01],[-121.41,47.0],[-121.42,46.99],[-121.43,46.99],[-121.43,46.98],[-121.44,46.98],[-121.45,46.98],[-121.44,46.97],[-121.45,46.97],[-121.45,46.96],[-121.45,46.95],[-121.45,46.94],[-121.45,46.93],[-121.46,46.92],[-121.47,46.92],[-121.48,46.91],[-121.49,46.91],[-121.5,46.91],[-121.5,46.9],[-121.51,46.9],[-121.51,46.89],[-121.51,46.88],[-121.52,46.88],[-121.52,46.87],[-121.51,46.87],[-121.51,46.86],[-121.5,46.86],[-121.49,46.85],[-121.49,46.84],[-121.48,46.84],[-121.48,46.83],[-121.47,46.83],[-121.47,46.82],[-121.46,46.81],[-121.45,46.8],[-121.44,46.79],[-121.45,46.79],[-121.46,46.79],[-121.46,46.78],[-121.48,46.78],[-121.5,46.78],[-121.62,46.78],[-121.63,46.78],[-121.67,46.78],[-121.7,46.78],[-121.73,46.78],[-121.75,46.78],[-121.76,46.78],[-121.77,46.78],[-121.78,46.78],[-121.78,46.77],[-121.79,46.77],[-121.8,46.76],[-121.8,46.75],[-121.81,46.75],[-121.82,46.75],[-121.82,46.74],[-121.83,46.74],[-121.83,46.73],[-121.84,46.73],[-121.85,46.73],[-121.86,46.73],[-121.87,46.73],[-121.88,46.73],[-121.89,46.73],[-121.9,46.74],[-121.91,46.74],[-121.92,46.74],[-121.93,46.74],[-121.94,46.75],[-121.95,46.75],[-121.95,46.76],[-121.96,46.76],[-121.96,46.75],[-121.97,46.75],[-121.98,46.74],[-121.98,46.75],[-121.99,46.75],[-122.0,46.75],[-122.01,46.75],[-122.02,46.75],[-122.02,46.74],[-122.03,46.74],[-122.04,46.74],[-122.05,46.75],[-122.06,46.75],[-122.07,46.75],[-122.08,46.75],[-122.09,46.75],[-122.1,46.75],[-122.11,46.75],[-122.12,46.75],[-122.13,46.75],[-122.14,46.75],[-122.15,46.75],[-122.16,46.75],[-122.16,46.76],[-122.17,46.76],[-122.18,46.76],[-122.19,46.76],[-122.2,46.76],[-122.21,46.77],[-122.22,46.77],[-122.23,46.77],[-122.24,46.77],[-122.24,46.78],[-122.25,46.77],[-122.26,46.77],[-122.27,46.77],[-122.28,46.78],[-122.28,46.77],[-122.29,46.78],[-122.3,46.78],[-122.3,46.79],[-122.31,46.79],[-122.31,46.8],[-122.31,46.81],[-122.3,46.81],[-122.3,46.82],[-122.3,46.83],[-122.31,46.83],[-122.32,46.83],[-122.33,46.84],[-122.34,46.84],[-122.35,46.84],[-122.36,46.84],[-122.37,46.84],[-122.38,46.84],[-122.39,46.84],[-122.39,46.85],[-122.4,46.84],[-122.41,46.84],[-122.41,46.85],[-122.42,46.85],[-122.43,46.85],[-122.44,46.85],[-122.45,46.86],[-122.45,46.85],[-122.46,46.86],[-122.46,46.87],[-122.47,46.86],[-122.48,46.86],[-122.48,46.87],[-122.49,46.87],[-122.49,46.88],[-122.49,46.89],[-122.5,46.9],[-122.49,46.91],[-122.5,46.91],[-122.51,46.91],[-122.51,46.92],[-122.52,46.92],[-122.53,46.92],[-122.53,46.93],[-122.54,46.93],[-122.55,46.93],[-122.56,46.93],[-122.56,46.94],[-122.57,46.94],[-122.57,46.95],[-122.57,46.96],[-122.56,46.96],[-122.57,46.97],[-122.58,46.97],[-122.59,46.97]],[[-122.42,47.27],[-122.41,47.26],[-122.41,47.27],[-122.42,47.27]]],[[[-122.83,47.26],[-122.82,47.26],[-122.82,47.27],[-122.82,47.28],[-122.81,47.28],[-122.8,47.29],[-122.79,47.3],[-122.79,47.31],[-122.79,47.32],[-122.79,47.33],[-122.79,47.34],[-122.78,47.34],[-122.8,47.35],[-122.79,47.35],[-122.79,47.36],[-122.8,47.36],[-122.8,47.38],[-122.8,47.39],[-122.8,47.4],[-122.78,47.4],[-122.76,47.4],[-122.75,47.4],[-122.74,47.4],[-122.71,47.4],[-122.69,47.4],[-122.65,47.4],[-122.64,47.4],[-122.64,47.39],[-122.64,47.38],[-122.65,47.38],[-122.66,47.37],[-122.67,47.37],[-122.68,47.37],[-122.69,47.36],[-122.7,47.35],[-122.71,47.35],[-122.71,47.34],[-122.72,47.34],[-122.73,47.34],[-122.73,47.33],[-122.73,47.32],[-122.74,47.32],[-122.74,47.31],[-122.75,47.3],[-122.75,47.29],[-122.75,47.28],[-122.76,47.28],[-122.76,47.27],[-122.75,47.27],[-122.75,47.26],[-122.74,47.26],[-122.74,47.25],[-122.73,47.25],[-122.73,47.24],[-122.72,47.25],[-122.72,47.24],[-122.73,47.23],[-122.72,47.23],[-122.72,47.22],[-122.73,47.22],[-122.73,47.21],[-122.74,47.21],[-122.75,47.21],[-122.75,47.2],[-122.74,47.2],[-122.74,47.19],[-122.75,47.19],[-122.75,47.18],[-122.75,47.17],[-122.76,47.17],[-122.77,47.17],[-122.77,47.18],[-122.78,47.18],[-122.79,47.19],[-122.81,47.21],[-122.81,47.22],[-122.81,47.23],[-122.82,47.23],[-122.83,47.24],[-122.83,47.25],[-122.83,47.26]],[[-122.79,47.36],[-122.78,47.37],[-122.79,47.37],[-122.79,47.36]],[[-122.73,47.34],[-122.73,47.35],[-122.74,47.35],[-122.73,47.34]],[[-122.75,47.21],[-122.75,47.22],[-122.76,47.21],[-122.75,47.21]],[[-122.78,47.18],[-122.77,47.19],[-122.78,47.19],[-122.78,47.18]]],[[[-122.63,47.4],[-122.62,47.4],[-122.58,47.4],[-122.56,47.4],[-122.55,47.4],[-122.55,47.39],[-122.55,47.38],[-122.54,47.38],[-122.54,47.37],[-122.55,47.37],[-122.55,47.36],[-122.55,47.35],[-122.56,47.35],[-122.56,47.34],[-122.57,47.33],[-122.58,47.34],[-122.59,47.34],[-122.59,47.33],[-122.58,47.33],[-122.57,47.32],[-122.56,47.3],[-122.55,47.29],[-122.56,47.27],[-122.58,47.26],[-122.59,47.25],[-122.59,47.26],[-122.6,47.26],[-122.6,47.27],[-122.61,47.27],[-122.62,47.27],[-122.63,47.28],[-122.64,47.28],[-122.65,47.28],[-122.66,47.28],[-122.66,47.29],[-122.67,47.29],[-122.68,47.29],[-122.68,47.3],[-122.69,47.31],[-122.68,47.31],[-122.68,47.32],[-122.67,47.32],[-122.66,47.32],[-122.65,47.33],[-122.66,47.33],[-122.66,47.34],[-122.67,47.34],[-122.66,47.35],[-122.65,47.35],[-122.65,47.36],[-122.64,47.36],[-122.64,47.37],[-122.63,47.37],[-122.62,47.37],[-122.62,47.38],[-122.63,47.38],[-122.63,47.39],[-122.63,47.4]],[[-122.6,47.27],[-122.59,47.27],[-122.59,47.28],[-122.6,47.28],[-122.6,47.27]],[[-122.6,47.28],[-122.6,47.29],[-122.61,47.29],[-122.6,47.28]]],[[[-122.83,47.26],[-122.84,47.26],[-122.84,47.27],[-122.83,47.27],[-122.83,47.26]]],[[[-122.73,47.21],[-122.72,47.21],[-122.72,47.22],[-122.71,47.22],[-122.7,47.23],[-122.69,47.23],[-122.68,47.23],[-122.68,47.22],[-122.67,47.22],[-122.67,47.21],[-122.66,47.21],[-122.66,47.22],[-122.65,47.22],[-122.64,47.21],[-122.64,47.2],[-122.66,47.2],[-122.66,47.19],[-122.68,47.19],[-122.69,47.19],[-122.7,47.2],[-122.72,47.2],[-122.73,47.21]]],[[[-122.68,47.29],[-122.68,47.28],[-122.69,47.28],[-122.68,47.29]]],[[[-122.69,47.28],[-122.7,47.28],[-122.7,47.29],[-122.69,47.29],[-122.69,47.28]]],[[[-122.66,47.28],[-122.66,47.27],[-122.67,47.27],[-122.67,47.28],[-122.66,47.28]]],[[[-122.66,47.27],[-122.65,47.27],[-122.64,47.26],[-122.63,47.27],[-122.63,47.26],[-122.62,47.26],[-122.61,47.25],[-122.6,47.24],[-122.59,47.24],[-122.59,47.23],[-122.6,47.22],[-122.61,47.22],[-122.62,47.23],[-122.63,47.24],[-122.64,47.25],[-122.65,47.26],[-122.66,47.26],[-122.66,47.27]]],[[[-122.63,47.16],[-122.63,47.15],[-122.64,47.15],[-122.64,47.16],[-122.63,47.16]]],[[[-122.73,47.14],[-122.73,47.15],[-122.74,47.15],[-122.73,47.16],[-122.73,47.17],[-122.72,47.18],[-122.71,47.18],[-122.71,47.19],[-122.7,47.18],[-122.69,47.18],[-122.68,47.18],[-122.67,47.17],[-122.68,47.15],[-122.68,47.14],[-122.69,47.15],[-122.7,47.15],[-122.7,47.14],[-122.71,47.14],[-122.7,47.13],[-122.71,47.13],[-122.72,47.14],[-122.73,47.14]]],[[[-122.7,47.14],[-122.69,47.13],[-122.7,47.12],[-122.7,47.13],[-122.7,47.14]]]]}},
{"type":"Feature","properties":{"ugc":"WAC055","name":"San Juan","state":"WA","wfo":"SEW"},"geometry":{"type":"MultiPolygon","coordinates":[[[[-123.01,48.59],[-123.01,48.6],[-123.0,48.6],[-122.99,48.6],[-122.99,48.59],[-122.98,48.59],[-122.97,48.59],[-122.96,48.59],[-122.95,48.59],[-122.94,48.59],[-122.94,48.58],[-122.94,48.57],[-122.93,48.57],[-122.93,48.56],[-122.94,48.56],[-122.94,48.55],[-122.95,48.55],[-122.96,48.55],[-122.97,48.55],[-122.98,48.55],[-122.98,48.56],[-122.98,48.57],[-122.99,48.57],[-122.99,48.58],[-123.0,48.58],[-123.0,48.59],[-123.01,48.59]]],[[[-122.99,48.6],[-122.99,48.61],[-123.0,48.61],[-123.0,48.62],[-123.01,48.62],[-123.01,48.61],[-123.02,48.6],[-123.02,48.61],[-123.03,48.61],[-123.03,48.62],[-123.03,48.63],[-123.02,48.63],[-123.02,48.64],[-123.01,48.65],[-123.01,48.66],[-123.0,48.66],[-122.99,48.66],[-122.99,48.67],[-122.98,48.67],[-122.98,48.68],[-122.97,48.68],[-122.96,48.68],[-122.96,48.69],[-122.95,48.69],[-122.95,48.7],[-122.94,48.7],[-122.94,48.71],[-122.93,48.71],[-122.92,48.71],[-122.91,48.71],[-122.9,48.72],[-122.9,48.71],[-122.89,48.71],[-122.88,48.71],[-122.87,48.71],[-122.86,48.71],[-122.86,48.7],[-122.85,48.7],[-122.84,48.7],[-122.83,48.7],[-122.83,48.69],[-122.82,48.69],[-122.81,48.69],[-122.8,48.68],[-122.79,48.68],[-122.78,48.67],[-122.77,48.67],[-122.76,48.67],[-122.75,48.67],[-122.75,48.66],[-122.76,48.66],[-122.76,48.65],[-122.77,48.64],[-122.78,48.64],[-122.79,48.64],[-122.79,48.63],[-122.8,48.63],[-122.8,48.62],[-122.81,48.62],[-122.81,48.61],[-122.82,48.61],[-122.82,48.6],[-122.83,48.6],[-122.83,48.61],[-122.83,48.62],[-122.84,48.62],[-122.85,48.62],[-122.85,48.63],[-122.86,48.63],[-122.86,48.64],[-122.87,48.64],[-122.88,48.65],[-122.88,48.66],[-122.88,48.67],[-122.88,48.68],[-122.88,48.69],[-122.89,48.69],[-122.89,48.7],[-122.9,48.7],[-122.9,48.69],[-122.91,48.69],[-122.92,48.69],[-122.92,48.68],[-122.91,48.68],[-122.91,48.67],[-122.91,48.66],[-122.91,48.65],[-122.9,48.65],[-122.89,48.65],[-122.89,48.64],[-122.88,48.64],[-122.88,48.63],[-122.88,48.62],[-122.87,48.62],[-122.87,48.61],[-122.86,48.61],[-122.86,48.6],[-122.87,48.6],[-122.87,48.59],[-122.88,48.59],[-122.89,48.59],[-122.9,48.59],[-122.91,48.59],[-122.92,48.59],[-122.93,48.59],[-122.94,48.59],[-122.94,48.6],[-122.95,48.6],[-122.95,48.61],[-122.96,48.62],[-122.95,48.62],[-122.95,48.63],[-122.96,48.63],[-122.97,48.63],[-122.98,48.64],[-122.99,48.64],[-122.99,48.63],[-122.99,48.62],[-122.98,48.62],[-122.98,48.61],[-122.98,48.6],[-122.99,48.6]]],[[[-122.93,48.56],[-122.92,48.56],[-122.93,48.55],[-122.93,48.56]]],[[[-122.92,48.57],[-122.93,48.57],[-122.93,48.58],[-122.92,48.59],[-122.92,48.58],[-122.91,48.58],[-122.91,48.57],[-122.92,48.57]]],[[[-122.82,48.6],[-122.81,48.6],[-122.81,48.61],[-122.8,48.61],[-122.8,48.6],[-122.81,48.59],[-122.82,48.59],[-122.82,48.6]]],[[[-122.82,48.59],[-122.81,48.58],[-122.81,48.59],[-122.8,48.59],[-122.8,48.58],[-122.79,48.58],[-122.78,48.57],[-122.78,48.56],[-122.77,48.56],[-122.77,48.55],[-122.78,48.55],[-122.79,48.54],[-122.8,48.54],[-122.8,48.53],[-122.81,48.53],[-122.81,48.54],[-122.82,48.54],[-122.82,48.55],[-122.83,48.55],[-122.83,48.56],[-122.83,48.57],[-122.83,48.58],[-122.82,48.58],[-122.82,48.59]]],[[[-122.8,48.53],[-122.79,48.52],[-122.8,48.52],[-122.8,48.53]]],[[[-122.8,48.52],[-122.8,48.51],[-122.79,48.51],[-122.79,48.5],[-122.8,48.5],[-122.8,48.49],[-122.82,48.49],[-122.82,48.5],[-122.83,48.5],[-122.83,48.51],[-122.83,48.52],[-122.82,48.52],[-122.81,48.52],[-122.8,48.52]]],[[[-122.82,48.48],[-122.82,48.47],[-122.82,48.46],[-122.81,48.45],[-122.8,48.45],[-122.8,48.44],[-122.81,48.44],[-122.81,48.43],[-122.81,48.42],[-122.82,48.42],[-122.82,48.41],[-122.83,48.42],[-122.83,48.43],[-122.84,48.43],[-122.85,48.43],[-122.86,48.43],[-122.86,48.42],[-122.87,48.42],[-122.88,48.42],[-122.89,48.42],[-122.89,48.43],[-122.89,48.44],[-122.88,48.44],[-122.88,48.43],[-122.87,48.43],[-122.87,48.44],[-122.88,48.45],[-122.89,48.45],[-122.9,48.45],[-122.91,48.45],[-122.92,48.45],[-122.92,48.46],[-122.93,48.46],[-122.94,48.46],[-122.95,48.47],[-122.94,48.47],[-122.95,48.48],[-122.94,48.48],[-122.94,48.49],[-122.94,48.5],[-122.93,48.51],[-122.93,48.5],[-122.92,48.5],[-122.92,48.51],[-122.91,48.51],[-122.91,48.52],[-122.92,48.52],[-122.92,48.53],[-122.92,48.54],[-122.92,48.55],[-122.91,48.55],[-122.9,48.55],[-122.9,48.56],[-122.89,48.56],[-122.89,48.57],[-122.88,48.57],[-122.88,48.56],[-122.88,48.55],[-122.88,48.54],[-122.87,48.54],[-122.86,48.54],[-122.85,48.54],[-122.86,48.53],[-122.86,48.52],[-122.87,48.51],[-122.87,48.5],[-122.87,48.49],[-122.86,48.49],[-122.85,48.49],[-122.86,48.48],[-122.85,48.48],[-122.85,48.47],[-122.86,48.47],[-122.86,48.46],[-122.85,48.46],[-122.85,48.45],[-122.85,48.44],[-122.84,48.45],[-122.83,48.45],[-122.83,48.46],[-122.83,48.47],[-122.82,48.48]]],[[[-122.93,48.51],[-122.93,48.52],[-122.92,48.52],[-122.92,48.51],[-122.93,48.51]]],[[[-122.83,48.48],[-122.84,48.49],[-122.83,48.49],[-122.83,48.48]]],[[[-122.83,48.51],[-122.84,48.51],[-122.84,48.52],[-122.83,48.51]]],[[[-122.78,48.51],[-122.78,48.52],[-122.77,48.52],[-122.77,48.51],[-122.78,48.51]]],[[[-122.76,48.7],[-122.77,48.7],[-122.77,48.71],[-122.76,48.71],[-122.76,48.7]]],[[[-122.84,48.75],[-122.83,48.75],[-122.83,48.74],[-122.84,48.74],[-122.84,48.75]]],[[[-122.92,48.76],[-122.91,48.76],[-122.9,48.76],[-122.89,48.76],[-122.88,48.75],[-122.89,48.75],[-122.9,48.75],[-122.91,48.75],[-122.92,48.76]]],[[[-122.91,48.76],[-122.92,48.77],[-122.91,48.77],[-122.91,48.76]]],[[[-122.9,48.77],[-122.89,48.77],[-122.89,48.76],[-122.9,48.77]]],[[[-122.97,48.79],[-122.96,48.79],[-122.95,48.79],[-122.94,48.79],[-122.94,48.78],[-122.95,48.78],[-122.96,48.78],[-122.97,48.79]]],[[[-123.17,48.6],[-123.17,48.61],[-123.16,48.61],[-123.17,48.62],[-123.16,48.62],[-123.15,48.62],[-123.14,48.62],[-123.13,48.62],[-123.12,48.62],[-123.11,48.62],[-123.1,48.62],[-123.1,48.61],[-123.1,48.6],[-123.09,48.6],[-123.09,48.59],[-123.08,48.59],[-123.07,48.59],[-123.06,48.58],[-123.05,48.58],[-123.05,48.57],[-123.04,48.57],[-123.04,48.56],[-123.03,48.56],[-123.02,48.56],[-123.01,48.56],[-123.01,48.55],[-123.01,48.54],[-123.01,48.53],[-123.0,48.53],[-123.0,48.54],[-122.99,48.54],[-122.98,48.54],[-122.98,48.53],[-122.97,48.53],[-122.97,48.52],[-122.98,48.52],[-122.98,48.51],[-122.99,48.52],[-123.0,48.52],[-123.01,48.52],[-123.02,48.52],[-123.02,48.51],[-123.02,48.5],[-123.02,48.49],[-123.01,48.49],[-123.01,48.48],[-123.01,48.47],[-123.0,48.47],[-122.99,48.46],[-123.01,48.46],[-123.02,48.46],[-123.03,48.46],[-123.04,48.46],[-123.05,48.46],[-123.05,48.47],[-123.06,48.47],[-123.07,48.47],[-123.07,48.48],[-123.06,48.48],[-123.06,48.49],[-123.07,48.49],[-123.08,48.49],[-123.09,48.49],[-123.09,48.48],[-123.1,48.48],[-123.1,48.49],[-123.11,48.49],[-123.12,48.49],[-123.12,48.5],[-123.13,48.5],[-123.14,48.5],[-123.14,48.51],[-123.15,48.51],[-123.15,48.52],[-123.16,48.52],[-123.16,48.53],[-123.16,48.54],[-123.16,48.55],[-123.17,48.55],[-123.17,48.56],[-123.18,48.56],[-123.18,48.57],[-123.17,48.57],[-123.17,48.58],[-123.17,48.59],[-123.17,48.6]],[[-123.01,48.54],[-123.02,48.55],[-123.02,48.54],[-123.01,48.54]],[[-123.15,48.61],[-123.15,48.6],[-123.16,48.6],[-123.16,48.59],[-123.15,48.59],[-123.14,48.59],[-123.14,48.6],[-123.14,48.61],[-123.15,48.61]],[[-123.15,48.58],[-123.16,48.57],[-123.15,48.57],[-123.15,48.58]]],[[[-123.19,48.59],[-123.2,48.59],[-123.2,48.6],[-123.2,48.61],[-123.19,48.61],[-123.18,48.61],[-123.18,48.6],[-123.19,48.6],[-123.19,48.59]]],[[[-123.18,48.61],[-123.18,48.62],[-123.17,48.62],[-123.17,48.61],[-123.18,48.61]]],[[[-122.99,48.46],[-122.98,48.46],[-122.97,48.46],[-122.97,48.47],[-122.96,48.47],[-122.96,48.46],[-122.96,48.45],[-122.97,48.45],[-122.98,48.45],[-122.99,48.46]]],[[[-123.18,48.62],[-123.19,48.62],[-123.19,48.63],[-123.18,48.62]]],[[[-123.05,48.7],[-123.05,48.71],[-123.04,48.71],[-123.04,48.72],[-123.03,48.72],[-123.02,48.72],[-123.01,48.72],[-123.01,48.71],[-123.0,48.71],[-123.01,48.7],[-123.01,48.69],[-123.02,48.68],[-123.03,48.68],[-123.04,48.68],[-123.04,48.69],[-123.05,48.7]]],[[[-123.05,48.62],[-123.04,48.62],[-123.04,48.61],[-123.05,48.61],[-123.05,48.62]]],[[[-123.08,48.65],[-123.08,48.64],[-123.09,48.64],[-123.09,48.65],[-123.08,48.65]]],[[[-123.15,48.65],[-123.14,48.64],[-123.15,48.64],[-123.15,48.65]]],[[[-123.13,48.64],[-123.12,48.64],[-123.11,48.64],[-123.11,48.63],[-123.12,48.63],[-123.13,48.63],[-123.13,48.64]]],[[[-123.21,48.69],[-123.21,48.68],[-123.2,48.68],[-123.2,48.69],[-123.19,48.69],[-123.19,48.68],[-123.19,48.67],[-123.18,48.67],[-123.18,48.66],[-123.19,48.66],[-123.2,48.66],[-123.21,48.67],[-123.22,48.67],[-123.22,48.68],[-123.23,48.68],[-123.24,48.68],[-123.24,48.69],[-123.23,48.69],[-123.22,48.69],[-123.21,48.69]]],[[[-123.18,48.68],[-123.17,48.68],[-123.17,48.67],[-123.18,48.67],[-123.18,48.68]]]]}},
{"type":"Feature","properties":{"ugc":"WAC057","name":"Skagit","state":"WA","wfo":"SEW"},"geometry":{"type":"MultiPolygon","coordinates":[[[[-122.71,48.47],[-122.71,48.48],[-122.7,48.48],[-122.69,48.49],[-122.69,48.48],[-122.69,48.47],[-122.7,48.47],[-122.7,48.46],[-122.71,48.46],[-122.71,48.47]]],[[[-122.69,48.49],[-122.7,48.49],[-122.7,48.5],[-122.69,48.5],[-122.69,48.51],[-122.68,48.51],[-122.68,48.5],[-122.67,48.5],[-122.66,48.51],[-122.65,48.51],[-122.64,48.51],[-122.63,48.52],[-122.62,48.52],[-122.61,48.52],[-122.61,48.51],[-122.61,48.5],[-122.6,48.5],[-122.6,48.49],[-122.59,48.48],[-122.59,48.47],[-122.58,48.47],[-122.58,48.46],[-122.57,48.46],[-122.57,48.47],[-122.57,48.48],[-122.58,48.49],[-122.57,48.5],[-122.56,48.5],[-122.55,48.49],[-122.55,48.48],[-122.54,48.48],[-122.54,48.47],[-122.53,48.47],[-122.52,48.46],[-122.52,48.47],[-122.51,48.47],[-122.51,48.46],[-122.5,48.46],[-122.49,48.46],[-122.49,48.47],[-122.48,48.47],[-122.47,48.47],[-122.47,48.48],[-122.48,48.48],[-122.48,48.49],[-122.48,48.5],[-122.48,48.51],[-122.49,48.51],[-122.49,48.52],[-122.48,48.52],[-122.48,48.53],[-122.49,48.53],[-122.49,48.54],[-122.5,48.54],[-122.5,48.55],[-122.5,48.56],[-122.49,48.56],[-122.48,48.56],[-122.47,48.56],[-122.47,48.57],[-122.46,48.57],[-122.45,48.57],[-122.44,48.57],[-122.44,48.58],[-122.43,48.58],[-122.43,48.59],[-122.43,48.6],[-122.43,48.61],[-122.44,48.61],[-122.45,48.62],[-122.46,48.62],[-122.46,48.63],[-122.47,48.63],[-122.48,48.64],[-122.49,48.64],[-122.49,48.65],[-122.48,48.65],[-122.34,48.65],[-122.33,48.65],[-122.32,48.65],[-122.29,48.65],[-122.28,48.64],[-122.28,48.65],[-122.26,48.65],[-122.17,48.65],[-122.13,48.65],[-122.12,48.65],[-122.08,48.65],[-122.03,48.65],[-122.0,48.65],[-121.98,48.65],[-121.88,48.64],[-121.85,48.64],[-121.83,48.64],[-121.81,48.64],[-121.51,48.64],[-121.26,48.64],[-121.18,48.64],[-121.01,48.64],[-121.0,48.64],[-120.91,48.64],[-120.91,48.66],[-120.88,48.66],[-120.87,48.66],[-120.86,48.66],[-120.8,48.66],[-120.77,48.66],[-120.75,48.66],[-120.75,48.65],[-120.76,48.64],[-120.77,48.64],[-120.78,48.63],[-120.79,48.63],[-120.79,48.62],[-120.78,48.62],[-120.78,48.61],[-120.79,48.61],[-120.78,48.6],[-120.77,48.59],[-120.76,48.59],[-120.76,48.58],[-120.75,48.58],[-120.74,48.58],[-120.73,48.58],[-120.73,48.59],[-120.72,48.59],[-120.72,48.6],[-120.71,48.59],[-120.7,48.59],[-120.7,48.58],[-120.69,48.58],[-120.69,48.57],[-120.69,48.56],[-120.7,48.56],[-120.7,48.55],[-120.71,48.54],[-120.7,48.54],[-120.7,48.53],[-120.71,48.53],[-120.71,48.52],[-120.72,48.52],[-120.73,48.52],[-120.74,48.52],[-120.75,48.52],[-120.75,48.51],[-120.76,48.51],[-120.77,48.51],[-120.78,48.51],[-120.79,48.51],[-120.8,48.51],[-120.81,48.51],[-120.81,48.52],[-120.81,48.53],[-120.82,48.54],[-120.83,48.55],[-120.84,48.55],[-120.85,48.55],[-120.86,48.55],[-120.86,48.54],[-120.86,48.53],[-120.87,48.53],[-120.88,48.53],[-120.88,48.54],[-120.89,48.54],[-120.9,48.53],[-120.9,48.52],[-120.91,48.52],[-120.92,48.52],[-120.92,48.53],[-120.93,48.53],[-120.94,48.53],[-120.95,48.53],[-120.95,48.52],[-120.95,48.51],[-120.95,48.5],[-120.96,48.5],[-120.97,48.5],[-120.98,48.5],[-120.99,48.5],[-121.0,48.5],[-121.0,48.49],[-121.01,48.49],[-121.02,48.49],[-121.02,48.5],[-121.03,48.5],[-121.04,48.49],[-121.05,48.49],[-121.05,48.48],[-121.06,48.48],[-121.06,48.47],[-121.06,48.46],[-121.06,48.45],[-121.05,48.45],[-121.04,48.45],[-121.04,48.44],[-121.04,48.43],[-121.04,48.42],[-121.05,48.42],[-121.04,48.41],[-121.05,48.41],[-121.06,48.41],[-121.06,48.4],[-121.07,48.39],[-121.06,48.39],[-121.06,48.38],[-121.05,48.38],[-121.05,48.37],[-121.04,48.36],[-121.04,48.35],[-121.05,48.35],[-121.06,48.35],[-121.06,48.34],[-121.07,48.34],[-121.07,48.33],[-121.07,48.32],[-121.06,48.32],[-121.05,48.31],[-121.04,48.31],[-121.03,48.31],[-121.03,48.3],[-121.13,48.3],[-121.5,48.3],[-121.53,48.3],[-121.57,48.3],[-121.58,48.3],[-121.63,48.3],[-121.67,48.3],[-121.68,48.3],[-121.71,48.3],[-121.74,48.3],[-121.75,48.3],[-121.87,48.3],[-121.88,48.3],[-121.91,48.3],[-121.95,48.3],[-122.0,48.3],[-122.13,48.3],[-122.14,48.3],[-122.18,48.3],[-122.22,48.3],[-122.27,48.3],[-122.33,48.3],[-122.36,48.3],[-122.37,48.3],[-122.37,48.29],[-122.38,48.29],[-122.38,48.3],[-122.38,48.31],[-122.39,48.31],[-122.39,48.32],[-122.4,48.32],[-122.41,48.32],[-122.41,48.33],[-122.41,48.34],[-122.42,48.33],[-122.43,48.33],[-122.43,48.34],[-122.44,48.34],[-122.45,48.34],[-122.45,48.35],[-122.46,48.35],[-122.47,48.35],[-122.47,48.36],[-122.48,48.36],[-122.48,48.37],[-122.49,48.36],[-122.49,48.37],[-122.5,48.37],[-122.51,48.37],[-122.52,48.37],[-122.52,48.38],[-122.53,48.38],[-122.53,48.39],[-122.54,48.39],[-122.54,48.4],[-122.55,48.4],[-122.55,48.41],[-122.55,48.42],[-122.56,48.42],[-122.56,48.43],[-122.55,48.43],[-122.55,48.44],[-122.56,48.44],[-122.56,48.45],[-122.57,48.45],[-122.58,48.45],[-122.58,48.44],[-122.58,48.43],[-122.59,48.43],[-122.59,48.42],[-122.6,48.42],[-122.61,48.42],[-122.61,48.41],[-122.62,48.41],[-122.62,48.42],[-122.63,48.42],[-122.63,48.41],[-122.64,48.41],[-122.65,48.41],[-122.65,48.42],[-122.66,48.42],[-122.67,48.42],[-122.67,48.43],[-122.68,48.43],[-122.68,48.44],[-122.67,48.44],[-122.66,48.45],[-122.65,48.45],[-122.65,48.46],[-122.66,48.46],[-122.66,48.47],[-122.66,48.48],[-122.67,48.48],[-122.67,48.49],[-122.68,48.49],[-122.69,48.49]]],[[[-122.5,48.37],[-122.5,48.36],[-122.51,48.36],[-122.5,48.37]]],[[[-122.5,48.56],[-122.51,48.57],[-122.52,48.57],[-122.53,48.57],[-122.54,48.57],[-122.54,48.58],[-122.53,48.58],[-122.52,48.58],[-122.51,48.58],[-122.5,48.58],[-122.5,48.57],[-122.5,48.56]]],[[[-122.55,48.58],[-122.56,48.57],[-122.56,48.58],[-122.56,48.59],[-122.55,48.59],[-122.55,48.58]]],[[[-122.53,48.36],[-122.54,48.36],[-122.54,48.37],[-122.53,48.37],[-122.53,48.36]]],[[[-122.56,48.53],[-122.56,48.54],[-122.55,48.54],[-122.55,48.53],[-122.56,48.53]]],[[[-122.55,48.53],[-122.54,48.53],[-122.54,48.52],[-122.55,48.52],[-122.55,48.53]]],[[[-122.58,48.53],[-122.59,48.53],[-122.59,48.54],[-122.6,48.54],[-122.61,48.53],[-122.62,48.53],[-122.63,48.53],[-122.64,48.53],[-122.65,48.53],[-122.65,48.54],[-122.65,48.55],[-122.65,48.56],[-122.65,48.57],[-122.65,48.58],[-122.65,48.59],[-122.64,48.59],[-122.64,48.58],[-122.63,48.58],[-122.63,48.57],[-122.62,48.57],[-122.61,48.56],[-122.6,48.56],[-122.6,48.55],[-122.59,48.55],[-122.58,48.55],[-122.58,48.54],[-122.58,48.53]]],[[[-122.69,48.62],[-122.69,48.63],[-122.68,48.63],[-122.67,48.63],[-122.67,48.62],[-122.66,48.62],[-122.66,48.61],[-122.67,48.61],[-122.68,48.61],[-122.69,48.61],[-122.69,48.62]]],[[[-122.73,48.6],[-122.72,48.6],[-122.72,48.61],[-122.71,48.61],[-122.71,48.6],[-122.7,48.6],[-122.69,48.6],[-122.69,48.59],[-122.69,48.58],[-122.68,48.58],[-122.68,48.57],[-122.68,48.56],[-122.69,48.56],[-122.7,48.55],[-122.69,48.55],[-122.68,48.55],[-122.68,48.54],[-122.69,48.54],[-122.7,48.54],[-122.71,48.54],[-122.72,48.54],[-122.72,48.55],[-122.72,48.56],[-122.73,48.57],[-122.74,48.57],[-122.74,48.58],[-122.74,48.59],[-122.73,48.59],[-122.73,48.6]]]]}},
{"type":"Feature","properties":{"ugc":"WAC059","name":"Skamania","state":"WA","wfo":"PQR"},"geometry":{"type":"MultiPolygon","coordinates":[[[[-121.74,46.39],[-121.52,46.39],[-121.52,46.23],[-121.52,46.08],[-121.52,46.05],[-121.52,46.04],[-121.54,46.04],[-121.57,46.04],[-121.61,46.04],[-121.61,46.0],[-121.61,45.99],[-121.61,45.96],[-121.61,45.95],[-121.61,45.94],[-121.61,45.87],[-121.61,45.78],[-121.57,45.78],[-121.53,45.78],[-121.53,45.77],[-121.54,45.77],[-121.54,45.76],[-121.53,45.76],[-121.53,45.75],[-121.52,45.75],[-121.52,45.74],[-121.52,45.73],[-121.52,45.72],[-121.53,45.73],[-121.63,45.71],[-121.63,45.7],[-121.67,45.71],[-121.71,45.69],[-121.74,45.69],[-121.78,45.7],[-121.81,45.71],[-121.84,45.7],[-121.87,45.69],[-121.88,45.69],[-121.9,45.67],[-121.9,45.66],[-121.91,45.65],[-121.92,45.65],[-121.94,45.64],[-121.95,45.64],[-121.96,45.63],[-121.98,45.62],[-122.0,45.62],[-122.02,45.62],[-122.04,45.61],[-122.1,45.58],[-122.11,45.58],[-122.13,45.58],[-122.14,45.58],[-122.18,45.58],[-122.2,45.56],[-122.25,45.55],[-122.25,45.56],[-122.25,45.57],[-122.25,45.59],[-122.25,45.61],[-122.25,45.62],[-122.25,45.63],[-122.25,45.67],[-122.25,45.69],[-122.25,45.71],[-122.25,45.72],[-122.25,45.75],[-122.25,45.82],[-122.25,45.87],[-122.24,45.87],[-122.25,45.93],[-122.25,45.96],[-122.25,45.98],[-122.25,46.0],[-122.25,46.02],[-122.25,46.05],[-122.25,46.06],[-122.25,46.12],[-122.25,46.15],[-122.25,46.21],[-122.24,46.21],[-122.24,46.22],[-122.24,46.25],[-122.24,46.32],[-122.24,46.34],[-122.24,46.38],[-122.24,46.39],[-122.12,46.39],[-122.11,46.39],[-122.07,46.39],[-121.99,46.39],[-121.92,46.39],[-121.88,46.39],[-121.86,46.39],[-121.82,46.39],[-121.81,46.39],[-121.76,46.39],[-121.74,46.39]]]]}},
{"type":"Feature","properties":{"ugc":"WAC061","name":"Snohomish","state":"WA","wfo":"SEW"},"geometry":{"type":"MultiPolygon","coordinates":[[[[-122.4,48.23],[-122.4,48.25],[-122.4,48.26],[-122.39,48.26],[-122.39,48.27],[-122.39,48.28],[-122.38,48.28],[-122.37,48.29],[-122.36,48.3],[-122.33,48.3],[-122.27,48.3],[-122.22,48.3],[-122.18,48.3],[-122.14,48.3],[-122.13,48.3],[-122.0,48.3],[-121.95,48.3],[-121.91,48.3],[-121.88,48.3],[-121.87,48.3],[-121.75,48.3],[-121.74,48.3],[-121.71,48.3],[-121.68,48.3],[-121.67,48.3],[-121.63,48.3],[-121.58,48.3],[-121.57,48.3],[-121.53,48.3],[-121.5,48.3],[-121.13,48.3],[-121.0,48.3],[-121.0,48.29],[-121.01,48.28],[-121.01,48.27],[-121.0,48.27],[-121.0,48.26],[-120.99,48.26],[-120.99,48.25],[-120.98,48.25],[-120.98,48.24],[-120.97,48.24],[-120.97,48.23],[-120.96,48.23],[-120.96,48.22],[-120.96,48.21],[-120.95,48.21],[-120.95,48.2],[-120.94,48.2],[-120.93,48.2],[-120.93,48.19],[-120.92,48.19],[-120.92,48.18],[-120.91,48.18],[-120.91,48.17],[-120.91,48.16],[-120.92,48.16],[-120.93,48.16],[-120.94,48.16],[-120.95,48.16],[-120.95,48.15],[-120.96,48.15],[-120.96,48.14],[-120.96,48.13],[-120.96,48.12],[-120.95,48.12],[-120.95,48.11],[-120.96,48.11],[-120.97,48.11],[-120.97,48.1],[-120.98,48.1],[-120.98,48.09],[-120.99,48.09],[-121.0,48.09],[-121.0,48.08],[-121.01,48.08],[-121.02,48.08],[-121.03,48.08],[-121.04,48.08],[-121.04,48.07],[-121.05,48.07],[-121.06,48.07],[-121.07,48.07],[-121.08,48.06],[-121.09,48.06],[-121.1,48.06],[-121.11,48.06],[-121.12,48.06],[-121.12,48.05],[-121.13,48.05],[-121.13,48.04],[-121.14,48.04],[-121.15,48.04],[-121.15,48.03],[-121.14,48.03],[-121.13,48.02],[-121.13,48.01],[-121.12,48.01],[-121.12,48.0],[-121.12,47.99],[-121.13,47.99],[-121.14,47.98],[-121.15,47.98],[-121.15,47.97],[-121.16,47.96],[-121.16,47.95],[-121.16,47.94],[-121.17,47.94],[-121.17,47.93],[-121.18,47.92],[-121.17,47.91],[-121.18,47.9],[-121.18,47.89],[-121.17,47.89],[-121.17,47.88],[-121.16,47.88],[-121.16,47.87],[-121.15,47.87],[-121.15,47.86],[-121.15,47.85],[-121.15,47.84],[-121.14,47.84],[-121.13,47.84],[-121.12,47.84],[-121.12,47.83],[-121.11,47.83],[-121.1,47.83],[-121.09,47.83],[-121.08,47.83],[-121.07,47.83],[-121.07,47.82],[-121.08,47.82],[-121.08,47.81],[-121.09,47.81],[-121.09,47.8],[-121.1,47.8],[-121.11,47.8],[-121.11,47.79],[-121.12,47.78],[-121.13,47.78],[-121.14,47.78],[-121.19,47.78],[-121.2,47.78],[-121.25,47.78],[-121.42,47.78],[-121.46,47.78],[-121.48,47.78],[-121.61,47.78],[-121.75,47.78],[-121.76,47.78],[-121.8,47.78],[-121.81,47.78],[-121.84,47.78],[-121.86,47.78],[-121.89,47.78],[-121.93,47.78],[-121.97,47.78],[-121.98,47.78],[-122.0,47.78],[-122.02,47.78],[-122.04,47.78],[-122.05,47.78],[-122.08,47.78],[-122.12,47.78],[-122.23,47.78],[-122.24,47.78],[-122.25,47.78],[-122.28,47.78],[-122.29,47.78],[-122.31,47.78],[-122.32,47.78],[-122.34,47.78],[-122.36,47.78],[-122.37,47.78],[-122.39,47.78],[-122.4,47.78],[-122.39,47.79],[-122.39,47.8],[-122.39,47.81],[-122.38,47.81],[-122.37,47.82],[-122.36,47.83],[-122.35,47.84],[-122.34,47.85],[-122.33,47.86],[-122.33,47.87],[-122.33,47.88],[-122.33,47.89],[-122.33,47.9],[-122.32,47.91],[-122.32,47.92],[-122.31,47.92],[-122.31,47.93],[-122.31,47.94],[-122.31,47.95],[-122.3,47.95],[-122.29,47.95],[-122.28,47.96],[-122.27,47.96],[-122.26,47.96],[-122.25,47.96],[-122.24,47.97],[-122.23,47.97],[-122.23,47.98],[-122.22,47.98],[-122.22,47.99],[-122.21,47.99],[-122.21,48.0],[-122.22,48.0],[-122.22,48.01],[-122.21,48.01],[-122.21,48.02],[-122.21,48.03],[-122.21,48.04],[-122.22,48.04],[-122.23,48.04],[-122.23,48.03],[-122.24,48.03],[-122.25,48.03],[-122.25,48.04],[-122.26,48.04],[-122.27,48.05],[-122.27,48.06],[-122.28,48.06],[-122.29,48.06],[-122.3,48.06],[-122.3,48.07],[-122.31,48.07],[-122.31,48.08],[-122.32,48.08],[-122.32,48.09],[-122.33,48.09],[-122.34,48.1],[-122.35,48.11],[-122.36,48.12],[-122.36,48.13],[-122.37,48.13],[-122.37,48.14],[-122.37,48.15],[-122.37,48.16],[-122.37,48.17],[-122.36,48.17],[-122.36,48.18],[-122.36,48.19],[-122.37,48.19],[-122.36,48.2],[-122.37,48.2],[-122.37,48.21],[-122.38,48.22],[-122.38,48.23],[-122.39,48.23],[-122.4,48.23]]],[[[-122.23,48.01],[-122.23,48.02],[-122.22,48.02],[-122.22,48.01],[-122.23,48.01]]],[[[-122.32,48.01],[-122.31,48.01],[-122.3,48.01],[-122.31,48.0],[-122.32,48.01]]],[[[-122.32,48.01],[-122.33,48.01],[-122.33,48.02],[-122.32,48.02],[-122.32,48.01]]]]}},
{"type":"Feature","properties":{"ugc":"WAC063","name":"Spokane","state":"WA","wfo":"OTX"},"geometry":{"type":"MultiPolygon","coordinates":[[[[-117.82,47.82],[-117.81,47.82],[-117.81,47.81],[-117.8,47.81],[-117.79,47.81],[-117.79,47.82],[-117.78,47.82],[-117.78,47.83],[-117.77,47.83],[-117.76,47.83],[-117.75,47.83],[-117.74,47.83],[-117.74,47.84],[-117.73,47.84],[-117.71,47.85],[-117.7,47.86],[-117.7,47.87],[-117.7,47.88],[-117.69,47.89],[-117.68,47.89],[-117.67,47.89],[-117.67,47.88],[-117.67,47.87],[-117.67,47.86],[-117.66,47.86],[-117.67,47.85],[-117.66,47.85],[-117.66,47.84],[-117.65,47.84],[-117.64,47.84],[-117.63,47.84],[-117.63,47.83],[-117.62,47.83],[-117.62,47.82],[-117.61,47.82],[-117.61,47.81],[-117.6,47.81],[-117.6,47.8],[-117.59,47.8],[-117.58,47.79],[-117.57,47.79],[-117.56,47.8],[-117.55,47.8],[-117.54,47.8],[-117.54,47.82],[-117.54,47.85],[-117.54,47.89],[-117.54,47.9],[-117.54,47.94],[-117.53,47.99],[-117.53,48.03],[-117.53,48.05],[-117.5,48.05],[-117.49,48.05],[-117.44,48.05],[-117.29,48.05],[-117.21,48.05],[-117.18,48.05],[-117.05,48.05],[-117.04,48.04],[-117.04,48.02],[-117.04,47.98],[-117.04,47.97],[-117.04,47.93],[-117.04,47.89],[-117.04,47.87],[-117.04,47.86],[-117.04,47.84],[-117.04,47.82],[-117.04,47.78],[-117.04,47.76],[-117.04,47.75],[-117.04,47.74],[-117.04,47.71],[-117.04,47.7],[-117.04,47.69],[-117.04,47.68],[-117.04,47.67],[-117.04,47.62],[-117.04,47.58],[-117.04,47.57],[-117.04,47.56],[-117.04,47.55],[-117.04,47.53],[-117.04,47.5],[-117.04,47.49],[-117.04,47.41],[-117.04,47.39],[-117.04,47.38],[-117.04,47.37],[-117.04,47.36],[-117.04,47.35],[-117.04,47.29],[-117.04,47.26],[-117.09,47.26],[-117.2,47.26],[-117.25,47.26],[-117.28,47.26],[-117.29,47.26],[-117.31,47.26],[-117.35,47.26],[-117.36,47.26],[-117.41,47.26],[-117.43,47.26],[-117.5,47.26],[-117.61,47.26],[-117.65,47.26],[-117.67,47.26],[-117.7,47.26],[-117.76,47.26],[-117.8,47.26],[-117.81,47.26],[-117.82,47.26],[-117.82,47.31],[-117.82,47.37],[-117.82,47.38],[-117.82,47.41],[-117.82,47.45],[-117.82,47.49],[-117.82,47.5],[-117.82,47.59],[-117.82,47.61],[-117.82,47.62],[-117.82,47.66],[-117.82,47.67],[-117.82,47.68],[-117.82,47.69],[-117.82,47.72],[-117.82,47.74],[-117.82,47.75],[-117.82,47.77],[-117.82,47.82]]]]}},
{"type":"Feature","properties":{"ugc":"WAC065","name":"Stevens","state":"WA","wfo":"OTX"},"geometry":{"type":"MultiPolygon","coordinates":[[[[-118.2,49.0],[-118.2,48.99],[-118.19,49.0],[-118.17,49.0],[-118.05,49.0],[-118.0,49.0],[-117.98,49.0],[-117.88,49.0],[-117.83,49.0],[-117.7,49.0],[-117.5,49.0],[-117.43,49.0],[-117.43,48.99],[-117.43,48.96],[-117.43,48.92],[-117.5,48.92],[-117.5,48.87],[-117.5,48.84],[-117.56,48.84],[-117.56,48.75],[-117.56,48.74],[-117.6,48.74],[-117.62,48.74],[-117.63,48.74],[-117.63,48.66],[-117.55,48.66],[-117.53,48.66],[-117.5,48.66],[-117.5,48.65],[-117.5,48.62],[-117.5,48.57],[-117.5,48.56],[-117.5,48.52],[-117.5,48.49],[-117.5,48.48],[-117.5,48.4],[-117.5,48.38],[-117.5,48.25],[-117.5,48.24],[-117.5,48.22],[-117.5,48.14],[-117.5,48.13],[-117.48,48.13],[-117.44,48.13],[-117.44,48.12],[-117.44,48.08],[-117.44,48.05],[-117.49,48.05],[-117.5,48.05],[-117.53,48.05],[-117.53,48.03],[-117.53,47.99],[-117.54,47.94],[-117.54,47.9],[-117.54,47.89],[-117.54,47.85],[-117.54,47.82],[-117.54,47.8],[-117.55,47.8],[-117.56,47.8],[-117.57,47.79],[-117.58,47.79],[-117.59,47.8],[-117.6,47.8],[-117.6,47.81],[-117.61,47.81],[-117.61,47.82],[-117.62,47.82],[-117.62,47.83],[-117.63,47.83],[-117.63,47.84],[-117.64,47.84],[-117.65,47.84],[-117.66,47.84],[-117.66,47.85],[-117.67,47.85],[-117.66,47.86],[-117.67,47.86],[-117.67,47.87],[-117.67,47.88],[-117.67,47.89],[-117.68,47.89],[-117.69,47.89],[-117.7,47.88],[-117.7,47.87],[-117.7,47.86],[-117.71,47.85],[-117.73,47.84],[-117.74,47.84],[-117.74,47.83],[-117.75,47.83],[-117.76,47.83],[-117.77,47.83],[-117.78,47.83],[-117.78,47.82],[-117.79,47.82],[-117.79,47.81],[-117.8,47.81],[-117.81,47.81],[-117.81,47.82],[-117.82,47.82],[-117.82,47.83],[-117.83,47.83],[-117.84,47.84],[-117.85,47.84],[-117.86,47.84],[-117.87,47.85],[-117.88,47.85],[-117.88,47.84],[-117.89,47.84],[-117.9,47.84],[-117.91,47.84],[-117.92,47.83],[-117.93,47.83],[-117.93,47.82],[-117.94,47.82],[-117.94,47.83],[-117.95,47.83],[-117.96,47.83],[-117.97,47.83],[-117.98,47.83],[-117.99,47.83],[-118.0,47.83],[-118.0,47.82],[-118.01,47.82],[-118.01,47.81],[-118.01,47.8],[-118.02,47.8],[-118.03,47.8],[-118.04,47.8],[-118.05,47.8],[-118.06,47.8],[-118.07,47.8],[-118.08,47.8],[-118.08,47.81],[-118.09,47.82],[-118.1,47.82],[-118.1,47.83],[-118.11,47.83],[-118.12,47.83],[-118.12,47.84],[-118.12,47.85],[-118.12,47.86],[-118.13,47.86],[-118.13,47.87],[-118.14,47.88],[-118.15,47.89],[-118.16,47.88],[-118.16,47.89],[-118.16,47.9],[-118.17,47.9],[-118.18,47.9],[-118.18,47.91],[-118.18,47.92],[-118.19,47.92],[-118.19,47.93],[-118.2,47.93],[-118.2,47.94],[-118.21,47.94],[-118.21,47.95],[-118.22,47.94],[-118.23,47.94],[-118.24,47.94],[-118.25,47.94],[-118.26,47.94],[-118.26,47.93],[-118.27,47.93],[-118.28,47.93],[-118.28,47.92],[-118.29,47.92],[-118.3,47.91],[-118.31,47.91],[-118.32,47.91],[-118.32,47.9],[-118.33,47.9],[-118.33,47.89],[-118.34,47.89],[-118.34,47.9],[-118.35,47.92],[-118.36,47.93],[-118.35,47.95],[-118.35,47.97],[-118.36,47.98],[-118.37,47.99],[-118.37,48.0],[-118.38,48.0],[-118.38,48.01],[-118.39,48.01],[-118.4,48.02],[-118.4,48.03],[-118.39,48.04],[-118.38,48.04],[-118.37,48.04],[-118.36,48.05],[-118.35,48.05],[-118.34,48.05],[-118.33,48.05],[-118.32,48.04],[-118.31,48.04],[-118.3,48.04],[-118.28,48.04],[-118.27,48.04],[-118.27,48.05],[-118.27,48.06],[-118.26,48.06],[-118.25,48.06],[-118.25,48.05],[-118.24,48.06],[-118.23,48.06],[-118.23,48.07],[-118.24,48.08],[-118.23,48.08],[-118.23,48.09],[-118.23,48.1],[-118.24,48.1],[-118.24,48.11],[-118.25,48.11],[-118.25,48.12],[-118.25,48.13],[-118.24,48.14],[-118.23,48.13],[-118.23,48.14],[-118.22,48.14],[-118.21,48.14],[-118.2,48.14],[-118.19,48.15],[-118.19,48.16],[-118.19,48.17],[-118.2,48.18],[-118.2,48.19],[-118.19,48.19],[-118.19,48.2],[-118.19,48.21],[-118.19,48.22],[-118.18,48.22],[-118.17,48.23],[-118.16,48.23],[-118.15,48.24],[-118.15,48.25],[-118.14,48.25],[-118.14,48.26],[-118.14,48.27],[-118.15,48.28],[-118.15,48.29],[-118.15,48.3],[-118.16,48.3],[-118.17,48.31],[-118.17,48.32],[-118.18,48.32],[-118.18,48.33],[-118.18,48.34],[-118.18,48.35],[-118.18,48.36],[-118.18,48.37],[-118.19,48.38],[-118.19,48.39],[-118.2,48.4],[-118.2,48.41],[-118.2,48.42],[-118.2,48.43],[-118.2,48.44],[-118.21,48.45],[-118.21,48.46],[-118.21,48.47],[-118.2,48.47],[-118.2,48.48],[-118.19,48.48],[-118.19,48.49],[-118.18,48.49],[-118.18,48.5],[-118.18,48.51],[-118.18,48.52],[-118.17,48.52],[-118.16,48.52],[-118.15,48.52],[-118.14,48.53],[-118.14,48.54],[-118.14,48.55],[-118.14,48.56],[-118.14,48.57],[-118.13,48.57],[-118.13,48.58],[-118.13,48.59],[-118.13,48.6],[-118.13,48.61],[-118.13,48.62],[-118.12,48.62],[-118.12,48.63],[-118.12,48.64],[-118.11,48.64],[-118.1,48.65],[-118.11,48.66],[-118.11,48.67],[-118.12,48.67],[-118.12,48.68],[-118.11,48.68],[-118.12,48.69],[-118.12,48.7],[-118.12,48.71],[-118.12,48.72],[-118.13,48.72],[-118.13,48.73],[-118.12,48.73],[-118.12,48.74],[-118.13,48.74],[-118.13,48.75],[-118.13,48.76],[-118.13,48.77],[-118.13,48.78],[-118.14,48.78],[-118.15,48.79],[-118.16,48.79],[-118.16,48.8],[-118.16,48.81],[-118.17,48.82],[-118.17,48.83],[-118.18,48.83],[-118.18,48.84],[-118.19,48.84],[-118.2,48.84],[-118.19,48.85],[-118.2,48.86],[-118.2,48.87],[-118.21,48.87],[-118.21,48.88],[-118.21,48.89],[-118.21,48.9],[-118.2,48.9],[-118.2,48.91],[-118.2,48.92],[-118.21,48.92],[-118.22,48.93],[-118.22,48.94],[-118.22,48.95],[-118.21,48.95],[-118.21,48.96],[-118.21,48.97],[-118.22,48.97],[-118.22,48.98],[-118.21,48.99],[-118.22,48.99],[-118.22,49.0],[-118.21,49.0],[-118.2,49.0]],[[-118.13,48.78],[-118.12,48.77],[-118.12,48.78],[-118.13,48.79],[-118.13,48.78]]]]}},
{"type":"Feature","properties":{"ugc":"WAC067","name":"Thurston","state":"WA","wfo":"SEW"},"geometry":{"type":"MultiPolygon","coordinates":[[[[-123.05,47.11],[-123.04,47.11],[-123.03,47.11],[-123.02,47.11],[-123.02,47.12],[-123.01,47.12],[-123.01,47.13],[-123.0,47.13],[-123.0,47.14],[-123.0,47.15],[-122.99,47.15],[-122.98,47.15],[-122.98,47.14],[-122.97,47.14],[-122.97,47.15],[-122.96,47.15],[-122.96,47.16],[-122.95,47.16],[-122.95,47.17],[-122.94,47.17],[-122.94,47.18],[-122.94,47.19],[-122.93,47.19],[-122.93,47.18],[-122.93,47.17],[-122.92,47.17],[-122.92,47.16],[-122.93,47.16],[-122.93,47.15],[-122.94,47.15],[-122.94,47.14],[-122.95,47.14],[-122.96,47.14],[-122.96,47.13],[-122.96,47.12],[-122.96,47.11],[-122.96,47.1],[-122.95,47.1],[-122.94,47.11],[-122.94,47.12],[-122.94,47.13],[-122.93,47.14],[-122.93,47.13],[-122.92,47.12],[-122.92,47.11],[-122.93,47.11],[-122.93,47.1],[-122.93,47.09],[-122.94,47.08],[-122.93,47.08],[-122.92,47.07],[-122.92,47.06],[-122.91,47.06],[-122.9,47.06],[-122.9,47.07],[-122.9,47.08],[-122.9,47.09],[-122.9,47.1],[-122.89,47.1],[-122.89,47.11],[-122.89,47.12],[-122.9,47.12],[-122.9,47.13],[-122.91,47.13],[-122.91,47.14],[-122.9,47.14],[-122.9,47.15],[-122.89,47.14],[-122.89,47.15],[-122.88,47.15],[-122.87,47.15],[-122.87,47.16],[-122.86,47.16],[-122.85,47.16],[-122.84,47.16],[-122.84,47.15],[-122.84,47.14],[-122.85,47.14],[-122.84,47.13],[-122.84,47.12],[-122.83,47.12],[-122.83,47.13],[-122.83,47.14],[-122.83,47.15],[-122.83,47.16],[-122.83,47.17],[-122.82,47.17],[-122.82,47.18],[-122.81,47.17],[-122.81,47.16],[-122.8,47.16],[-122.8,47.15],[-122.79,47.15],[-122.79,47.14],[-122.79,47.13],[-122.78,47.13],[-122.78,47.12],[-122.77,47.12],[-122.76,47.12],[-122.75,47.11],[-122.74,47.11],[-122.73,47.1],[-122.72,47.1],[-122.72,47.09],[-122.71,47.09],[-122.71,47.08],[-122.7,47.07],[-122.7,47.06],[-122.69,47.06],[-122.69,47.05],[-122.68,47.05],[-122.68,47.04],[-122.68,47.03],[-122.67,47.02],[-122.67,47.01],[-122.66,47.01],[-122.65,47.01],[-122.65,47.0],[-122.64,47.0],[-122.63,47.0],[-122.63,46.99],[-122.64,46.98],[-122.63,46.98],[-122.63,46.97],[-122.62,46.97],[-122.61,46.97],[-122.61,46.98],[-122.6,46.98],[-122.6,46.97],[-122.59,46.97],[-122.58,46.97],[-122.57,46.97],[-122.56,46.96],[-122.57,46.96],[-122.57,46.95],[-122.57,46.94],[-122.56,46.94],[-122.56,46.93],[-122.55,46.93],[-122.54,46.93],[-122.53,46.93],[-122.53,46.92],[-122.52,46.92],[-122.51,46.92],[-122.51,46.91],[-122.5,46.91],[-122.49,46.91],[-122.5,46.9],[-122.49,46.89],[-122.49,46.88],[-122.49,46.87],[-122.48,46.87],[-122.48,46.86],[-122.47,46.86],[-122.46,46.87],[-122.46,46.86],[-122.45,46.85],[-122.45,46.86],[-122.44,46.85],[-122.43,46.85],[-122.42,46.85],[-122.41,46.85],[-122.41,46.84],[-122.4,46.84],[-122.39,46.85],[-122.39,46.84],[-122.38,46.84],[-122.37,46.84],[-122.36,46.84],[-122.35,46.84],[-122.34,46.84],[-122.33,46.84],[-122.32,46.83],[-122.31,46.83],[-122.3,46.83],[-122.3,46.82],[-122.3,46.81],[-122.31,46.81],[-122.31,46.8],[-122.31,46.79],[-122.3,46.79],[-122.3,46.78],[-122.29,46.78],[-122.28,46.77],[-122.28,46.78],[-122.27,46.77],[-122.26,46.77],[-122.25,46.77],[-122.24,46.78],[-122.24,46.77],[-122.23,46.77],[-122.22,46.77],[-122.21,46.77],[-122.2,46.76],[-122.22,46.76],[-122.31,46.76],[-122.48,46.76],[-122.49,46.76],[-122.5,46.76],[-122.53,46.76],[-122.55,46.76],[-122.57,46.76],[-122.6,46.76],[-122.61,46.76],[-122.62,46.76],[-122.64,46.76],[-122.65,46.76],[-122.66,46.76],[-122.67,46.76],[-122.68,46.76],[-122.69,46.76],[-122.74,46.76],[-122.9,46.76],[-123.0,46.76],[-123.02,46.76],[-123.04,46.76],[-123.06,46.76],[-123.09,46.76],[-123.11,46.76],[-123.13,46.76],[-123.16,46.76],[-123.16,46.79],[-123.16,46.83],[-123.16,46.84],[-123.16,46.85],[-123.16,46.87],[-123.16,46.9],[-123.16,46.99],[-123.16,47.0],[-123.17,47.0],[-123.2,47.0],[-123.2,47.01],[-123.2,47.02],[-123.2,47.03],[-123.2,47.04],[-123.2,47.05],[-123.2,47.08],[-123.13,47.09],[-123.11,47.08],[-123.08,47.08],[-123.07,47.09],[-123.07,47.1],[-123.07,47.11],[-123.06,47.11],[-123.05,47.11]],[[-122.96,47.1],[-122.97,47.1],[-122.98,47.1],[-122.99,47.1],[-122.99,47.09],[-122.99,47.08],[-122.98,47.08],[-122.98,47.09],[-122.97,47.09],[-122.96,47.09],[-122.96,47.1]],[[-122.9,47.06],[-122.9,47.05],[-122.89,47.05],[-122.89,47.06],[-122.9,47.06]],[[-122.9,47.05],[-122.91,47.05],[-122.91,47.04],[-122.9,47.04],[-122.9,47.05]],[[-122.72,47.09],[-122.73,47.09],[-122.73,47.08],[-122.72,47.09]],[[-122.83,47.1],[-122.82,47.1],[-122.82,47.11],[-122.83,47.1]],[[-122.91,47.03],[-122.91,47.02],[-122.9,47.02],[-122.9,47.03],[-122.91,47.03]],[[-123.0,47.08],[-123.01,47.08],[-123.02,47.07],[-123.02,47.06],[-123.01,47.06],[-123.01,47.07],[-123.0,47.07],[-123.0,47.08]],[[-123.0,47.06],[-123.0,47.05],[-122.99,47.05],[-123.0,47.06]]],[[[-122.71,47.09],[-122.71,47.1],[-122.7,47.1],[-122.7,47.09],[-122.71,47.09]]],[[[-122.87,47.16],[-122.88,47.16],[-122.88,47.17],[-122.88,47.18],[-122.88,47.19],[-122.89,47.19],[-122.89,47.2],[-122.89,47.21],[-122.9,47.21],[-122.9,47.22],[-122.91,47.22],[-122.92,47.22],[-122.92,47.21],[-122.93,47.21],[-122.93,47.22],[-122.93,47.23],[-122.92,47.23],[-122.93,47.24],[-122.92,47.24],[-122.92,47.25],[-122.92,47.26],[-122.92,47.27],[-122.92,47.28],[-122.91,47.28],[-122.9,47.28],[-122.9,47.29],[-122.89,47.29],[-122.88,47.29],[-122.87,47.29],[-122.86,47.3],[-122.85,47.3],[-122.86,47.29],[-122.86,47.28],[-122.87,47.28],[-122.87,47.27],[-122.87,47.26],[-122.87,47.25],[-122.87,47.24],[-122.86,47.24],[-122.86,47.23],[-122.86,47.22],[-122.85,47.22],[-122.85,47.21],[-122.84,47.21],[-122.84,47.2],[-122.85,47.2],[-122.85,47.19],[-122.85,47.18],[-122.86,47.18],[-122.86,47.17],[-122.87,47.17],[-122.87,47.16]]],[[[-122.92,47.19],[-122.91,47.2],[-122.91,47.19],[-122.92,47.19]]],[[[-122.92,47.2],[-122.92,47.21],[-122.91,47.21],[-122.91,47.2],[-122.92,47.2]]],[[[-122.91,47.19],[-122.9,47.19],[-122.9,47.18],[-122.91,47.18],[-122.92,47.18],[-122.91,47.19]]],[[[-122.9,47.18],[-122.89,47.17],[-122.9,47.17],[-122.9,47.18]]]]}},
{"type":"Feature","properties":{"ugc":"WAC069","name":"Wahkiakum","state":"WA","wfo":"PQR"},"geometry":{"type":"MultiPolygon","coordinates":[[[[-123.64,46.38],[-123.51,46.38],[-123.49,46.38],[-123.36,46.38],[-123.25,46.38],[-123.22,46.39],[-123.22,46.38],[-123.21,46.3],[-123.21,46.28],[-123.22,46.27],[-123.22,46.25],[-123.22,46.24],[-123.22,46.22],[-123.22,46.21],[-123.21,46.2],[-123.21,46.18],[-123.22,46.17],[-123.23,46.17],[-123.24,46.17],[-123.24,46.16],[-123.25,46.16],[-123.26,46.16],[-123.26,46.15],[-123.27,46.15],[-123.28,46.15],[-123.29,46.15],[-123.3,46.15],[-123.3,46.16],[-123.31,46.16],[-123.32,46.16],[-123.33,46.16],[-123.33,46.17],[-123.34,46.17],[-123.35,46.18],[-123.36,46.19],[-123.37,46.19],[-123.37,46.2],[-123.38,46.2],[-123.39,46.2],[-123.39,46.21],[-123.4,46.21],[-123.41,46.21],[-123.41,46.22],[-123.42,46.22],[-123.42,46.23],[-123.42,46.24],[-123.43,46.24],[-123.43,46.25],[-123.44,46.26],[-123.45,46.26],[-123.45,46.27],[-123.46,46.27],[-123.47,46.27],[-123.48,46.27],[-123.49,46.27],[-123.5,46.27],[-123.51,46.27],[-123.52,46.27],[-123.53,46.27],[-123.54,46.27],[-123.55,46.27],[-123.56,46.26],[-123.57,46.26],[-123.58,46.26],[-123.59,46.26],[-123.6,46.26],[-123.61,46.26],[-123.62,46.26],[-123.63,46.26],[-123.64,46.27],[-123.65,46.27],[-123.66,46.27],[-123.67,46.27],[-123.68,46.27],[-123.68,46.28],[-123.68,46.29],[-123.68,46.3],[-123.69,46.3],[-123.7,46.31],[-123.7,46.3],[-123.71,46.3],[-123.73,46.36],[-123.73,46.38],[-123.72,46.39],[-123.64,46.38]]]]}},
{"type":"Feature","properties":{"ugc":"WAC071","name":"Walla Walla","state":"WA","wfo":"PDT"},"geometry":{"type":"MultiPolygon","coordinates":[[[[-118.98,46.0],[-118.97,46.01],[-118.96,46.02],[-118.95,46.02],[-118.95,46.03],[-118.94,46.03],[-118.94,46.04],[-118.95,46.04],[-118.95,46.05],[-118.95,46.06],[-118.94,46.06],[-118.94,46.07],[-118.94,46.08],[-118.95,46.08],[-118.95,46.09],[-118.96,46.1],[-118.96,46.11],[-118.97,46.12],[-118.97,46.13],[-118.97,46.14],[-118.98,46.15],[-118.99,46.16],[-119.0,46.16],[-119.01,46.17],[-119.01,46.18],[-119.02,46.18],[-119.03,46.18],[-119.04,46.19],[-119.04,46.2],[-119.03,46.21],[-119.02,46.22],[-119.01,46.22],[-119.0,46.22],[-119.0,46.23],[-118.99,46.23],[-118.98,46.23],[-118.98,46.24],[-118.97,46.24],[-118.96,46.24],[-118.95,46.24],[-118.92,46.24],[-118.91,46.24],[-118.88,46.25],[-118.87,46.25],[-118.86,46.25],[-118.85,46.26],[-118.85,46.27],[-118.83,46.27],[-118.83,46.28],[-118.82,46.28],[-118.82,46.29],[-118.81,46.29],[-118.8,46.29],[-118.79,46.29],[-118.78,46.29],[-118.77,46.29],[-118.77,46.3],[-118.77,46.31],[-118.77,46.32],[-118.76,46.32],[-118.76,46.33],[-118.76,46.34],[-118.75,46.35],[-118.75,46.36],[-118.74,46.36],[-118.73,46.36],[-118.72,46.36],[-118.71,46.36],[-118.7,46.36],[-118.7,46.37],[-118.7,46.38],[-118.69,46.38],[-118.68,46.38],[-118.68,46.39],[-118.67,46.39],[-118.66,46.4],[-118.66,46.41],[-118.65,46.41],[-118.64,46.41],[-118.63,46.41],[-118.63,46.42],[-118.64,46.42],[-118.64,46.43],[-118.64,46.44],[-118.63,46.44],[-118.63,46.45],[-118.63,46.46],[-118.62,46.46],[-118.62,46.47],[-118.62,46.48],[-118.62,46.49],[-118.62,46.5],[-118.61,46.51],[-118.6,46.52],[-118.59,46.53],[-118.58,46.53],[-118.57,46.53],[-118.56,46.54],[-118.55,46.55],[-118.55,46.56],[-118.54,46.56],[-118.53,46.56],[-118.53,46.57],[-118.52,46.57],[-118.51,46.57],[-118.5,46.57],[-118.5,46.58],[-118.49,46.58],[-118.48,46.59],[-118.48,46.6],[-118.47,46.6],[-118.46,46.6],[-118.45,46.6],[-118.45,46.59],[-118.44,46.59],[-118.43,46.59],[-118.42,46.58],[-118.4,46.58],[-118.39,46.58],[-118.38,46.58],[-118.38,46.59],[-118.37,46.59],[-118.37,46.6],[-118.36,46.6],[-118.35,46.6],[-118.34,46.6],[-118.33,46.61],[-118.32,46.61],[-118.31,46.61],[-118.3,46.6],[-118.29,46.6],[-118.29,46.59],[-118.28,46.59],[-118.27,46.59],[-118.27,46.6],[-118.26,46.6],[-118.25,46.6],[-118.24,46.6],[-118.23,46.59],[-118.23,46.56],[-118.24,46.56],[-118.24,46.46],[-118.24,46.38],[-118.24,46.33],[-118.24,46.3],[-118.19,46.3],[-118.12,46.3],[-118.12,46.25],[-118.12,46.24],[-118.12,46.22],[-118.12,46.21],[-118.03,46.21],[-117.99,46.21],[-117.99,46.2],[-117.99,46.19],[-117.99,46.16],[-117.99,46.14],[-117.99,46.13],[-117.99,46.11],[-117.99,46.08],[-117.99,46.06],[-117.99,46.04],[-117.99,46.03],[-117.99,46.02],[-118.0,46.01],[-118.0,46.0],[-118.02,46.0],[-118.06,46.0],[-118.08,46.0],[-118.1,46.0],[-118.12,46.0],[-118.13,46.0],[-118.14,46.0],[-118.15,46.0],[-118.21,46.0],[-118.25,46.0],[-118.28,46.0],[-118.31,46.0],[-118.37,46.0],[-118.4,46.0],[-118.42,46.0],[-118.48,46.0],[-118.5,46.0],[-118.54,46.0],[-118.56,46.0],[-118.58,46.0],[-118.64,46.0],[-118.77,46.0],[-118.88,46.0],[-118.93,46.0],[-118.98,46.0]]]]}},
{"type":"Feature","properties":{"ugc":"WAC073","name":"Whatcom","state":"WA","wfo":"SEW"},"geometry":{"type":"MultiPolygon","coordinates":[[[[-122.79,48.93],[-122.8,48.93],[-122.81,48.94],[-122.82,48.94],[-122.82,48.95],[-122.82,48.96],[-122.81,48.96],[-122.8,48.97],[-122.8,48.98],[-122.79,48.98],[-122.79,48.97],[-122.78,48.97],[-122.77,48.97],[-122.77,48.96],[-122.76,48.96],[-122.75,48.96],[-122.74,48.96],[-122.73,48.96],[-122.73,48.97],[-122.74,48.97],[-122.74,48.98],[-122.75,48.99],[-122.76,49.0],[-122.75,49.0],[-122.44,49.0],[-122.38,49.0],[-122.25,49.0],[-122.2,49.0],[-122.09,49.0],[-122.01,49.0],[-121.94,49.0],[-121.92,49.0],[-121.76,49.0],[-121.74,49.0],[-121.67,49.0],[-121.5,49.0],[-121.42,49.0],[-121.4,49.0],[-121.38,49.0],[-121.34,49.0],[-121.31,49.0],[-121.29,49.0],[-121.26,49.0],[-121.25,49.0],[-121.2,49.0],[-121.09,49.0],[-120.86,49.0],[-120.85,49.0],[-120.85,48.99],[-120.86,48.99],[-120.86,48.98],[-120.87,48.98],[-120.88,48.98],[-120.88,48.97],[-120.88,48.96],[-120.87,48.96],[-120.86,48.96],[-120.85,48.96],[-120.84,48.95],[-120.84,48.94],[-120.83,48.94],[-120.82,48.94],[-120.82,48.95],[-120.81,48.95],[-120.8,48.95],[-120.8,48.96],[-120.79,48.96],[-120.78,48.96],[-120.77,48.96],[-120.77,48.95],[-120.76,48.95],[-120.76,48.94],[-120.75,48.94],[-120.76,48.93],[-120.77,48.93],[-120.77,48.92],[-120.77,48.91],[-120.77,48.9],[-120.76,48.9],[-120.77,48.89],[-120.76,48.89],[-120.77,48.88],[-120.76,48.88],[-120.76,48.87],[-120.75,48.87],[-120.74,48.86],[-120.73,48.86],[-120.73,48.85],[-120.74,48.85],[-120.74,48.84],[-120.74,48.83],[-120.74,48.82],[-120.74,48.81],[-120.74,48.8],[-120.74,48.79],[-120.73,48.78],[-120.72,48.77],[-120.71,48.77],[-120.7,48.76],[-120.69,48.76],[-120.69,48.75],[-120.69,48.74],[-120.68,48.74],[-120.67,48.73],[-120.66,48.73],[-120.65,48.72],[-120.66,48.72],[-120.67,48.72],[-120.68,48.72],[-120.68,48.71],[-120.68,48.7],[-120.68,48.69],[-120.69,48.7],[-120.7,48.7],[-120.71,48.69],[-120.71,48.68],[-120.72,48.67],[-120.72,48.66],[-120.73,48.67],[-120.74,48.66],[-120.75,48.66],[-120.77,48.66],[-120.8,48.66],[-120.86,48.66],[-120.87,48.66],[-120.88,48.66],[-120.91,48.66],[-120.91,48.64],[-121.0,48.64],[-121.01,48.64],[-121.18,48.64],[-121.26,48.64],[-121.51,48.64],[-121.81,48.64],[-121.83,48.64],[-121.85,48.64],[-121.88,48.64],[-121.98,48.65],[-122.0,48.65],[-122.03,48.65],[-122.08,48.65],[-122.12,48.65],[-122.13,48.65],[-122.17,48.65],[-122.26,48.65],[-122.28,48.65],[-122.28,48.64],[-122.29,48.65],[-122.32,48.65],[-122.33,48.65],[-122.34,48.65],[-122.48,48.65],[-122.49,48.65],[-122.5,48.65],[-122.5,48.66],[-122.51,48.66],[-122.51,48.67],[-122.5,48.67],[-122.49,48.67],[-122.49,48.68],[-122.49,48.69],[-122.5,48.69],[-122.5,48.7],[-122.51,48.7],[-122.51,48.71],[-122.52,48.71],[-122.52,48.72],[-122.51,48.72],[-122.51,48.73],[-122.5,48.73],[-122.5,48.74],[-122.49,48.75],[-122.49,48.76],[-122.5,48.76],[-122.51,48.76],[-122.52,48.76],[-122.52,48.77],[-122.53,48.77],[-122.54,48.78],[-122.55,48.78],[-122.56,48.78],[-122.57,48.78],[-122.58,48.78],[-122.58,48.77],[-122.6,48.77],[-122.61,48.76],[-122.62,48.75],[-122.63,48.75],[-122.63,48.74],[-122.64,48.74],[-122.64,48.73],[-122.64,48.72],[-122.65,48.72],[-122.66,48.72],[-122.66,48.73],[-122.67,48.73],[-122.67,48.74],[-122.67,48.75],[-122.66,48.75],[-122.66,48.76],[-122.66,48.77],[-122.65,48.77],[-122.65,48.78],[-122.65,48.79],[-122.66,48.78],[-122.66,48.79],[-122.67,48.79],[-122.67,48.8],[-122.68,48.8],[-122.69,48.8],[-122.7,48.8],[-122.7,48.79],[-122.71,48.79],[-122.71,48.8],[-122.71,48.81],[-122.71,48.82],[-122.71,48.83],[-122.71,48.84],[-122.72,48.84],[-122.72,48.85],[-122.73,48.85],[-122.73,48.86],[-122.74,48.86],[-122.75,48.86],[-122.75,48.87],[-122.76,48.87],[-122.77,48.87],[-122.77,48.88],[-122.78,48.88],[-122.79,48.89],[-122.78,48.89],[-122.78,48.9],[-122.77,48.9],[-122.77,48.91],[-122.76,48.91],[-122.75,48.91],[-122.75,48.92],[-122.75,48.93],[-122.75,48.94],[-122.76,48.94],[-122.77,48.94],[-122.78,48.94],[-122.78,48.93],[-122.79,48.93]]],[[[-122.58,48.65],[-122.59,48.65],[-122.59,48.66],[-122.58,48.66],[-122.58,48.65]]],[[[-122.69,48.74],[-122.69,48.73],[-122.68,48.72],[-122.68,48.71],[-122.67,48.71],[-122.67,48.7],[-122.66,48.7],[-122.66,48.69],[-122.65,48.69],[-122.64,48.69],[-122.63,48.68],[-122.62,48.68],[-122.62,48.67],[-122.62,48.66],[-122.61,48.66],[-122.61,48.65],[-122.61,48.64],[-122.62,48.64],[-122.62,48.65],[-122.63,48.65],[-122.64,48.65],[-122.64,48.66],[-122.65,48.66],[-122.65,48.67],[-122.66,48.67],[-122.67,48.68],[-122.68,48.68],[-122.68,48.69],[-122.68,48.7],[-122.69,48.7],[-122.69,48.71],[-122.7,48.71],[-122.7,48.72],[-122.71,48.72],[-122.72,48.72],[-122.72,48.73],[-122.72,48.74],[-122.72,48.75],[-122.71,48.75],[-122.7,48.74],[-122.69,48.74]]],[[[-122.64,48.71],[-122.63,48.71],[-122.62,48.71],[-122.61,48.71],[-122.61,48.7],[-122.62,48.69],[-122.63,48.7],[-122.64,48.7],[-122.64,48.71]]],[[[-122.61,48.71],[-122.62,48.72],[-122.61,48.72],[-122.61,48.71]]],[[[-123.06,48.98],[-123.06,48.97],[-123.07,48.97],[-123.08,48.97],[-123.08,48.98],[-123.08,48.99],[-123.09,48.99],[-123.09,49.0],[-123.07,49.0],[-123.04,49.0],[-123.03,49.0],[-123.03,48.99],[-123.03,48.98],[-123.04,48.98],[-123.05,48.98],[-123.06,48.98]]],[[[-123.03,48.98],[-123.02,48.98],[-123.03,48.97],[-123.03,48.98]]]]}},
{"type":"Feature","properties":{"ugc":"WAC075","name":"Whitman","state":"WA","wfo":"OTX"},"geometry":{"type":"MultiPolygon","coordinates":[[[[-118.24,46.73],[-118.23,46.73],[-118.23,46.74],[-118.22,46.74],[-118.21,46.74],[-118.2,46.74],[-118.2,46.75],[-118.19,46.75],[-118.18,46.75],[-118.17,46.75],[-118.16,46.75],[-118.16,46.76],[-118.15,46.76],[-118.14,46.76],[-118.13,46.76],[-118.12,46.76],[-118.12,46.77],[-118.11,46.77],[-118.1,46.77],[-118.1,46.78],[-118.09,46.78],[-118.08,46.78],[-118.07,46.78],[-118.07,46.77],[-118.06,46.77],[-118.05,46.77],[-118.04,46.77],[-118.04,46.78],[-118.03,46.79],[-118.02,46.79],[-118.02,46.8],[-118.02,46.81],[-118.01,46.81],[-118.01,46.82],[-118.0,46.82],[-118.0,46.83],[-117.99,46.83],[-117.99,46.84],[-118.0,46.84],[-118.0,46.85],[-117.99,46.85],[-117.99,46.86],[-117.98,46.86],[-117.97,46.86],[-117.97,46.87],[-117.97,46.88],[-117.97,46.91],[-117.96,46.91],[-117.96,46.99],[-117.96,47.01],[-117.96,47.03],[-117.96,47.04],[-117.96,47.12],[-117.96,47.13],[-117.96,47.24],[-117.96,47.25],[-117.96,47.26],[-117.84,47.26],[-117.82,47.26],[-117.81,47.26],[-117.8,47.26],[-117.76,47.26],[-117.7,47.26],[-117.67,47.26],[-117.65,47.26],[-117.61,47.26],[-117.5,47.26],[-117.43,47.26],[-117.41,47.26],[-117.36,47.26],[-117.35,47.26],[-117.31,47.26],[-117.29,47.26],[-117.28,47.26],[-117.25,47.26],[-117.2,47.26],[-117.09,47.26],[-117.04,47.26],[-117.04,47.17],[-117.04,47.13],[-117.04,47.08],[-117.04,47.0],[-117.04,46.94],[-117.04,46.87],[-117.04,46.85],[-117.04,46.83],[-117.04,46.82],[-117.04,46.81],[-117.04,46.78],[-117.04,46.75],[-117.04,46.7],[-117.04,46.63],[-117.04,46.54],[-117.04,46.43],[-117.05,46.43],[-117.06,46.43],[-117.07,46.43],[-117.08,46.42],[-117.09,46.42],[-117.1,46.42],[-117.11,46.42],[-117.12,46.42],[-117.13,46.43],[-117.14,46.43],[-117.15,46.43],[-117.16,46.43],[-117.17,46.43],[-117.17,46.42],[-117.18,46.42],[-117.19,46.42],[-117.2,46.42],[-117.21,46.42],[-117.21,46.43],[-117.21,46.44],[-117.21,46.45],[-117.21,46.46],[-117.22,46.46],[-117.23,46.46],[-117.23,46.47],[-117.24,46.47],[-117.24,46.48],[-117.23,46.49],[-117.23,46.5],[-117.23,46.51],[-117.24,46.51],[-117.24,46.52],[-117.25,46.52],[-117.25,46.53],[-117.25,46.54],[-117.26,46.55],[-117.27,46.55],[-117.27,46.56],[-117.28,46.56],[-117.29,46.56],[-117.29,46.57],[-117.3,46.57],[-117.3,46.58],[-117.31,46.58],[-117.32,46.58],[-117.33,46.58],[-117.34,46.58],[-117.35,46.59],[-117.36,46.6],[-117.37,46.61],[-117.38,46.61],[-117.39,46.62],[-117.39,46.63],[-117.39,46.64],[-117.39,46.65],[-117.4,46.66],[-117.41,46.66],[-117.42,46.66],[-117.43,46.66],[-117.44,46.66],[-117.44,46.67],[-117.45,46.67],[-117.45,46.68],[-117.45,46.69],[-117.46,46.69],[-117.46,46.7],[-117.47,46.7],[-117.48,46.7],[-117.49,46.7],[-117.49,46.69],[-117.5,46.69],[-117.5,46.68],[-117.51,46.68],[-117.52,46.68],[-117.53,46.68],[-117.54,46.68],[-117.55,46.68],[-117.56,46.68],[-117.58,46.67],[-117.58,46.68],[-117.6,46.67],[-117.61,46.67],[-117.62,46.67],[-117.62,46.68],[-117.63,46.68],[-117.63,46.69],[-117.64,46.7],[-117.65,46.7],[-117.66,46.7],[-117.67,46.7],[-117.68,46.7],[-117.69,46.7],[-117.7,46.7],[-117.71,46.7],[-117.72,46.7],[-117.73,46.7],[-117.73,46.69],[-117.74,46.69],[-117.75,46.69],[-117.76,46.68],[-117.76,46.67],[-117.76,46.66],[-117.77,46.65],[-117.77,46.64],[-117.78,46.64],[-117.79,46.63],[-117.8,46.63],[-117.8,46.62],[-117.81,46.62],[-117.82,46.62],[-117.83,46.62],[-117.84,46.62],[-117.85,46.62],[-117.86,46.62],[-117.87,46.62],[-117.88,46.61],[-117.88,46.6],[-117.88,46.59],[-117.89,46.59],[-117.9,46.58],[-117.91,46.58],[-117.92,46.59],[-117.93,46.59],[-117.94,46.59],[-117.95,46.59],[-117.96,46.59],[-117.97,46.59],[-117.98,46.59],[-117.99,46.59],[-118.0,46.59],[-118.01,46.59],[-118.02,46.59],[-118.03,46.59],[-118.04,46.59],[-118.04,46.58],[-118.05,46.58],[-118.06,46.58],[-118.07,46.57],[-118.08,46.58],[-118.09,46.57],[-118.1,46.57],[-118.1,46.56],[-118.11,46.56],[-118.12,46.56],[-118.13,46.56],[-118.14,46.56],[-118.15,46.56],[-118.16,46.55],[-118.17,46.56],[-118.18,46.56],[-118.18,46.57],[-118.19,46.57],[-118.2,46.58],[-118.21,46.58],[-118.21,46.59],[-118.21,46.6],[-118.21,46.61],[-118.2,46.61],[-118.2,46.62],[-118.2,46.63],[-118.21,46.63],[-118.22,46.63],[-118.21,46.64],[-118.22,46.64],[-118.22,46.65],[-118.23,46.65],[-118.23,46.66],[-118.22,46.66],[-118.22,46.67],[-118.22,46.68],[-118.22,46.69],[-118.23,46.69],[-118.23,46.7],[-118.24,46.71],[-118.24,46.72],[-118.24,46.73]]],[[[-118.24,46.73],[-118.25,46.73],[-118.24,46.74],[-118.24,46.73]]]]}},
{"type":"Feature","properties":{"ugc":"WAC077","name":"Yakima","state":"WA","wfo":"PDT"},"geometry":{"type":"MultiPolygon","coordinates":[[[[-121.45,46.96],[-121.45,46.97],[-121.44,46.97],[-121.45,46.98],[-121.44,46.98],[-121.43,46.98],[-121.43,46.99],[-121.42,46.99],[-121.41,47.0],[-121.41,47.01],[-121.4,47.01],[-121.4,47.02],[-121.4,47.03],[-121.4,47.04],[-121.39,47.04],[-121.39,47.05],[-121.38,47.05],[-121.37,47.06],[-121.38,47.06],[-121.38,47.07],[-121.38,47.08],[-121.37,47.08],[-121.36,47.07],[-121.35,47.08],[-121.34,47.08],[-121.33,47.08],[-121.32,47.08],[-121.31,47.08],[-121.3,47.08],[-121.3,47.09],[-121.29,47.09],[-121.28,47.09],[-121.27,47.09],[-121.27,47.08],[-121.26,47.08],[-121.25,47.08],[-121.25,47.07],[-121.24,47.07],[-121.23,47.07],[-121.22,47.07],[-121.22,47.06],[-121.21,47.06],[-121.21,47.05],[-121.2,47.05],[-121.19,47.04],[-121.18,47.04],[-121.17,47.04],[-121.17,47.03],[-121.16,47.03],[-121.15,47.03],[-121.15,47.02],[-121.14,47.02],[-121.13,47.02],[-121.13,47.01],[-121.13,47.0],[-121.12,47.0],[-121.11,47.0],[-121.1,46.99],[-121.09,46.99],[-121.09,46.98],[-121.09,46.97],[-121.08,46.97],[-121.08,46.96],[-121.07,46.96],[-121.07,46.95],[-121.06,46.95],[-121.06,46.94],[-121.05,46.94],[-121.05,46.93],[-121.04,46.93],[-121.04,46.92],[-121.03,46.92],[-121.03,46.91],[-120.99,46.91],[-120.98,46.91],[-120.96,46.91],[-120.95,46.91],[-120.92,46.91],[-120.87,46.91],[-120.82,46.91],[-120.81,46.91],[-120.8,46.91],[-120.75,46.91],[-120.63,46.91],[-120.63,46.88],[-120.63,46.86],[-120.63,46.83],[-120.6,46.83],[-120.51,46.82],[-120.51,46.77],[-120.51,46.75],[-120.5,46.74],[-120.45,46.74],[-120.41,46.74],[-120.39,46.74],[-120.38,46.74],[-120.35,46.74],[-120.31,46.74],[-120.28,46.74],[-120.27,46.74],[-120.22,46.74],[-120.19,46.74],[-120.17,46.74],[-120.15,46.74],[-120.13,46.74],[-120.04,46.74],[-120.03,46.74],[-120.0,46.74],[-119.98,46.74],[-119.97,46.74],[-119.97,46.73],[-119.97,46.72],[-119.97,46.71],[-119.96,46.71],[-119.96,46.69],[-119.95,46.69],[-119.95,46.68],[-119.94,46.67],[-119.93,46.66],[-119.92,46.66],[-119.92,46.65],[-119.91,46.65],[-119.91,46.64],[-119.9,46.64],[-119.9,46.63],[-119.89,46.63],[-119.88,46.63],[-119.87,46.63],[-119.87,46.61],[-119.88,46.58],[-119.88,46.57],[-119.88,46.56],[-119.87,46.56],[-119.87,46.54],[-119.87,46.52],[-119.87,46.5],[-119.87,46.47],[-119.87,46.45],[-119.87,46.43],[-119.87,46.4],[-119.87,46.38],[-119.87,46.37],[-119.87,46.36],[-119.87,46.35],[-119.87,46.33],[-119.87,46.32],[-119.87,46.29],[-119.87,46.26],[-119.87,46.24],[-119.87,46.21],[-119.87,46.2],[-119.87,46.19],[-119.87,46.16],[-119.87,46.13],[-119.87,46.1],[-119.87,46.09],[-119.87,46.05],[-119.87,46.04],[-119.88,46.04],[-119.91,46.04],[-119.93,46.04],[-120.0,46.04],[-120.05,46.04],[-120.11,46.04],[-120.12,46.04],[-120.15,46.04],[-120.23,46.04],[-120.24,46.04],[-120.28,46.04],[-120.34,46.04],[-120.38,46.04],[-120.4,46.04],[-120.43,46.04],[-120.45,46.04],[-120.57,46.04],[-120.59,46.04],[-120.6,46.04],[-120.62,46.04],[-120.65,46.04],[-120.69,46.04],[-120.74,46.04],[-120.75,46.04],[-120.85,46.04],[-120.88,46.04],[-120.9,46.04],[-120.94,46.04],[-121.02,46.04],[-121.07,46.04],[-121.09,46.04],[-121.11,46.04],[-121.13,46.04],[-121.15,46.04],[-121.18,46.04],[-121.2,46.04],[-121.24,46.04],[-121.25,46.04],[-121.26,46.04],[-121.37,46.04],[-121.5,46.04],[-121.52,46.04],[-121.52,46.05],[-121.52,46.08],[-121.52,46.23],[-121.52,46.39],[-121.49,46.39],[-121.46,46.39],[-121.45,46.39],[-121.4,46.39],[-121.39,46.39],[-121.39,46.4],[-121.39,46.41],[-121.39,46.42],[-121.4,46.42],[-121.4,46.43],[-121.41,46.43],[-121.41,46.44],[-121.41,46.45],[-121.41,46.46],[-121.42,46.46],[-121.43,46.47],[-121.44,46.48],[-121.43,46.48],[-121.43,46.49],[-121.42,46.49],[-121.43,46.5],[-121.44,46.5],[-121.45,46.5],[-121.45,46.51],[-121.46,46.52],[-121.45,46.52],[-121.45,46.53],[-121.44,46.54],[-121.43,46.54],[-121.42,46.54],[-121.42,46.55],[-121.42,46.56],[-121.42,46.57],[-121.42,46.58],[-121.41,46.58],[-121.4,46.59],[-121.4,46.6],[-121.41,46.6],[-121.4,46.61],[-121.39,46.62],[-121.39,46.63],[-121.39,46.64],[-121.4,46.64],[-121.4,46.65],[-121.41,46.65],[-121.42,46.65],[-121.42,46.66],[-121.41,46.66],[-121.41,46.67],[-121.41,46.68],[-121.4,46.69],[-121.39,46.69],[-121.38,46.69],[-121.38,46.7],[-121.37,46.71],[-121.36,46.71],[-121.35,46.71],[-121.36,46.72],[-121.37,46.73],[-121.38,46.73],[-121.39,46.73],[-121.4,46.73],[-121.41,46.73],[-121.41,46.74],[-121.42,46.74],[-121.43,46.74],[-121.43,46.75],[-121.42,46.75],[-121.43,46.76],[-121.44,46.76],[-121.44,46.77],[-121.45,46.77],[-121.45,46.78],[-121.46,46.78],[-121.46,46.79],[-121.45,46.79],[-121.44,46.79],[-121.45,46.8],[-121.46,46.81],[-121.47,46.82],[-121.47,46.83],[-121.48,46.83],[-121.48,46.84],[-121.49,46.84],[-121.49,46.85],[-121.5,46.86],[-121.51,46.86],[-121.51,46.87],[-121.52,46.87],[-121.52,46.88],[-121.51,46.88],[-121.51,46.89],[-121.51,46.9],[-121.5,46.9],[-121.5,46.91],[-121.49,46.91],[-121.48,46.91],[-121.47,46.92],[-121.46,46.92],[-121.45,46.93],[-121.45,46.94],[-121.45,46.95],[-121.45,46.96]]]]}},
{"type":"Feature","properties":{"ugc":"WAZ001","name":"San Juan County","state":"WA","wfo":"SEW"},"geometry":{"type":"MultiPolygon","coordinates":[[[[-123.01,48.59],[-123.01,48.6],[-123.0,48.6],[-122.99,48.6],[-122.99,48.59],[-122.98,48.59],[-122.97,48.59],[-122.96,48.59],[-122.95,48.59],[-122.94,48.59],[-122.94,48.58],[-122.94,48.57],[-122.93,48.57],[-122.93,48.56],[-122.94,48.56],[-122.94,48.55],[-122.95,48.55],[-122.96,48.55],[-122.97,48.55],[-122.98,48.55],[-122.98,48.56],[-122.98,48.57],[-122.99,48.57],[-122.99,48.58],[-123.0,48.58],[-123.0,48.59],[-123.01,48.59]]],[[[-122.99,48.6],[-122.99,48.61],[-123.0,48.61],[-123.0,48.62],[-123.01,48.62],[-123.01,48.61],[-123.02,48.6],[-123.02,48.61],[-123.03,48.61],[-123.03,48.62],[-123.03,48.63],[-123.02,48.63],[-123.02,48.64],[-123.01,48.65],[-123.01,48.66],[-123.0,48.66],[-122.99,48.66],[-122.99,48.67],[-122.98,48.67],[-122.98,48.68],[-122.97,48.68],[-122.96,48.68],[-122.96,48.69],[-122.95,48.69],[-122.95,48.7],[-122.94,48.7],[-122.94,48.71],[-122.93,48.71],[-122.92,48.71],[-122.91,48.71],[-122.9,48.72],[-122.9,48.71],[-122.89,48.71],[-122.88,48.71],[-122.87,48.71],[-122.86,48.71],[-122.86,48.7],[-122.85,48.7],[-122.84,48.7],[-122.83,48.7],[-122.83,48.69],[-122.82,48.69],[-122.81,48.69],[-122.8,48.68],[-122.79,48.68],[-122.78,48.67],[-122.77,48.67],[-122.76,48.67],[-122.75,48.67],[-122.75,48.66],[-122.76,48.66],[-122.76,48.65],[-122.77,48.64],[-122.78,48.64],[-122.79,48.64],[-122.79,48.63],[-122.8,48.63],[-122.8,48.62],[-122.81,48.62],[-122.81,48.61],[-122.82,48.61],[-122.82,48.6],[-122.83,48.6],[-122.83,48.61],[-122.83,48.62],[-122.84,48.62],[-122.85,48.62],[-122.85,48.63],[-122.86,48.63],[-122.86,48.64],[-122.87,48.64],[-122.88,48.65],[-122.88,48.66],[-122.88,48.67],[-122.88,48.68],[-122.88,48.69],[-122.89,48.69],[-122.89,48.7],[-122.9,48.7],[-122.9,48.69],[-122.91,48.69],[-122.92,48.69],[-122.92,48.68],[-122.91,48.68],[-122.91,48.67],[-122.91,48.66],[-122.91,48.65],[-122.9,48.65],[-122.89,48.65],[-122.89,48.64],[-122.88,48.64],[-122.88,48.63],[-122.88,48.62],[-122.87,48.62],[-122.87,48.61],[-122.86,48.61],[-122.86,48.6],[-122.87,48.6],[-122.87,48.59],[-122.88,48.59],[-122.89,48.59],[-122.9,48.59],[-122.91,48.59],[-122.92,48.59],[-122.93,48.59],[-122.94,48.59],[-122.94,48.6],[-122.95,48.6],[-122.95,48.61],[-122.96,48.62],[-122.95,48.62],[-122.95,48.63],[-122.96,48.63],[-122.97,48.63],[-122.98,48.64],[-122.99,48.64],[-122.99,48.63],[-122.99,48.62],[-122.98,48.62],[-122.98,48.61],[-122.98,48.6],[-122.99,48.6]]],[[[-122.93,48.56],[-122.92,48.56],[-122.93,48.55],[-122.93,48.56]]],[[[-122.92,48.57],[-122.93,48.57],[-122.93,48.58],[-122.92,48.59],[-122.92,48.58],[-122.91,48.58],[-122.91,48.57],[-122.92,48.57]]],[[[-122.82,48.6],[-122.81,48.6],[-122.81,48.61],[-122.8,48.61],[-122.8,48.6],[-122.81,48.59],[-122.82,48.59],[-122.82,48.6]]],[[[-122.82,48.59],[-122.81,48.58],[-122.81,48.59],[-122.8,48.59],[-122.8,48.58],[-122.79,48.58],[-122.78,48.57],[-122.78,48.56],[-122.77,48.56],[-122.77,48.55],[-122.78,48.55],[-122.79,48.54],[-122.8,48.54],[-122.8,48.53],[-122.81,48.53],[-122.81,48.54],[-122.82,48.54],[-122.82,48.55],[-122.83,48.55],[-122.83,48.56],[-122.83,48.57],[-122.83,48.58],[-122.82,48.58],[-122.82,48.59]]],[[[-122.8,48.53],[-122.79,48.52],[-122.8,48.52],[-122.8,48.53]]],[[[-122.8,48.52],[-122.8,48.51],[-122.79,48.51],[-122.79,48.5],[-122.8,48.5],[-122.8,48.49],[-122.82,48.49],[-122.82,48.5],[-122.83,48.5],[-122.83,48.51],[-122.83,48.52],[-122.82,48.52],[-122.81,48.52],[-122.8,48.52]]],[[[-122.82,48.48],[-122.82,48.47],[-122.82,48.46],[-122.81,48.45],[-122.8,48.45],[-122.8,48.44],[-122.81,48.44],[-122.81,48.43],[-122.81,48.42],[-122.82,48.42],[-122.82,48.41],[-122.83,48.42],[-122.83,48.43],[-122.84,48.43],[-122.85,48.43],[-122.86,48.43],[-122.86,48.42],[-122.87,48.42],[-122.88,48.42],[-122.89,48.42],[-122.89,48.43],[-122.89,48.44],[-122.88,48.44],[-122.88,48.43],[-122.87,48.43],[-122.87,48.44],[-122.88,48.45],[-122.89,48.45],[-122.9,48.45],[-122.91,48.45],[-122.92,48.45],[-122.92,48.46],[-122.93,48.46],[-122.94,48.46],[-122.95,48.47],[-122.94,48.47],[-122.95,48.48],[-122.94,48.48],[-122.94,48.49],[-122.94,48.5],[-122.93,48.51],[-122.93,48.5],[-122.92,48.5],[-122.92,48.51],[-122.91,48.51],[-122.91,48.52],[-122.92,48.52],[-122.92,48.53],[-122.92,48.54],[-122.92,48.55],[-122.91,48.55],[-122.9,48.55],[-122.9,48.56],[-122.89,48.56],[-122.89,48.57],[-122.88,48.57],[-122.88,48.56],[-122.88,48.55],[-122.88,48.54],[-122.87,48.54],[-122.86,48.54],[-122.85,48.54],[-122.86,48.53],[-122.86,48.52],[-122.87,48.51],[-122.87,48.5],[-122.87,48.49],[-122.86,48.49],[-122.85,48.49],[-122.86,48.48],[-122.85,48.48],[-122.85,48.47],[-122.86,48.47],[-122.86,48.46],[-122.85,48.46],[-122.85,48.45],[-122.85,48.44],[-122.84,48.45],[-122.83,48.45],[-122.83,48.46],[-122.83,48.47],[-122.82,48.48]]],[[[-122.93,48.51],[-122.93,48.52],[-122.92,48.52],[-122.92,48.51],[-122.93,48.51]]],[[[-122.83,48.48],[-122.84,48.49],[-122.83,48.49],[-122.83,48.48]]],[[[-122.83,48.51],[-122.84,48.51],[-122.84,48.52],[-122.83,48.51]]],[[[-122.78,48.51],[-122.78,48.52],[-122.77,48.52],[-122.77,48.51],[-122.78,48.51]]],[[[-122.76,48.7],[-122.77,48.7],[-122.77,48.71],[-122.76,48.71],[-122.76,48.7]]],[[[-122.84,48.75],[-122.83,48.75],[-122.83,48.74],[-122.84,48.74],[-122.84,48.75]]],[[[-122.92,48.76],[-122.91,48.76],[-122.9,48.76],[-122.89,48.76],[-122.88,48.75],[-122.89,48.75],[-122.9,48.75],[-122.91,48.75],[-122.92,48.76]]],[[[-122.91,48.76],[-122.92,48.77],[-122.91,48.77],[-122.91,48.76]]],[[[-122.9,48.77],[-122.89,48.77],[-122.89,48.76],[-122.9,48.77]]],[[[-122.97,48.79],[-122.96,48.79],[-122.95,48.79],[-122.94,48.79],[-122.94,48.78],[-122.95,48.78],[-122.96,48.78],[-122.97,48.79]]],[[[-123.17,48.6],[-123.17,48.61],[-123.16,48.61],[-123.17,48.62],[-123.16,48.62],[-123.15,48.62],[-123.14,48.62],[-123.13,48.62],[-123.12,48.62],[-123.11,48.62],[-123.1,48.62],[-123.1,48.61],[-123.1,48.6],[-123.09,48.6],[-123.09,48.59],[-123.08,48.59],[-123.07,48.59],[-123.06,48.58],[-123.05,48.58],[-123.05,48.57],[-123.04,48.57],[-123.04,48.56],[-123.03,48.56],[-123.02,48.56],[-123.01,48.56],[-123.01,48.55],[-123.01,48.54],[-123.01,48.53],[-123.0,48.53],[-123.0,48.54],[-122.99,48.54],[-122.98,48.54],[-122.98,48.53],[-122.97,48.53],[-122.97,48.52],[-122.98,48.52],[-122.98,48.51],[-122.99,48.52],[-123.0,48.52],[-123.01,48.52],[-123.02,48.52],[-123.02,48.51],[-123.02,48.5],[-123.02,48.49],[-123.01,48.49],[-123.01,48.48],[-123.01,48.47],[-123.0,48.47],[-122.99,48.46],[-123.01,48.46],[-123.02,48.46],[-123.03,48.46],[-123.04,48.46],[-123.05,48.46],[-123.05,48.47],[-123.06,48.47],[-123.07,48.47],[-123.07,48.48],[-123.06,48.48],[-123.06,48.49],[-123.07,48.49],[-123.08,48.49],[-123.09,48.49],[-123.09,48.48],[-123.1,48.48],[-123.1,48.49],[-123.11,48.49],[-123.12,48.49],[-123.12,48.5],[-123.13,48.5],[-123.14,48.5],[-123.14,48.51],[-123.15,48.51],[-123.15,48.52],[-123.16,48.52],[-123.16,48.53],[-123.16,48.54],[-123.16,48.55],[-123.17,48.55],[-123.17,48.56],[-123.18,48.56],[-123.18,48.57],[-123.17,48.57],[-123.17,48.58],[-123.17,48.59],[-123.17,48.6]],[[-123.01,48.54],[-123.02,48.55],[-123.02,48.54],[-123.01,48.54]],[[-123.15,48.61],[-123.15,48.6],[-123.16,48.6],[-123.16,48.59],[-123.15,48.59],[-123.14,48.59],[-123.14,48.6],[-123.14,48.61],[-123.15,48.61]],[[-123.15,48.58],[-123.16,48.57],[-123.15,48.57],[-123.15,48.58]]],[[[-123.19,48.59],[-123.2,48.59],[-123.2,48.6],[-123.2,48.61],[-123.19,48.61],[-123.18,48.61],[-123.18,48.6],[-123.19,48.6],[-123.19,48.59]]],[[[-123.18,48.61],[-123.18,48.62],[-123.17,48.62],[-123.17,48.61],[-123.18,48.61]]],[[[-122.99,48.46],[-122.98,48.46],[-122.97,48.46],[-122.97,48.47],[-122.96,48.47],[-122.96,48.46],[-122.96,48.45],[-122.97,48.45],[-122.98,48.45],[-122.99,48.46]]],[[[-123.18,48.62],[-123.19,48.62],[-123.19,48.63],[-123.18,48.62]]],[[[-123.05,48.7],[-123.05,48.71],[-123.04,48.71],[-123.04,48.72],[-123.03,48.72],[-123.02,48.72],[-123.01,48.72],[-123.01,48.71],[-123.0,48.71],[-123.01,48.7],[-123.01,48.69],[-123.02,48.68],[-123.03,48.68],[-123.04,48.68],[-123.04,48.69],[-123.05,48.7]]],[[[-123.05,48.62],[-123.04,48.62],[-123.04,48.61],[-123.05,48.61],[-123.05,48.62]]],[[[-123.08,48.65],[-123.08,48.64],[-123.09,48.64],[-123.09,48.65],[-123.08,48.65]]],[[[-123.15,48.65],[-123.14,48.64],[-123.15,48.64],[-123.15,48.65]]],[[[-123.13,48.64],[-123.12,48.64],[-123.11,48.64],[-123.11,48.63],[-123.12,48.63],[-123.13,48.63],[-123.13,48.64]]],[[[-123.21,48.69],[-123.21,48.68],[-123.2,48.68],[-123.2,48.69],[-123.19,48.69],[-123.19,48.68],[-123.19,48.67],[-123.18,48.67],[-123.18,48.66],[-123.19,48.66],[-123.2,48.66],[-123.21,48.67],[-123.22,48.67],[-123.22,48.68],[-123.23,48.68],[-123.24,48.68],[-123.24,48.69],[-123.23,48.69],[-123.22,48.69],[-123.21,48.69]]],[[[-123.18,48.68],[-123.17,48.68],[-123.17,48.67],[-123.18,48.67],[-123.18,48.68]]]]}},
{"type":"Feature","properties":{"ugc":"WAZ019","name":"South Washington Cascades","state":"WA","wfo":"PQR"},"geometry":{"type":"MultiPolygon","coordinates":[[[[-121.74,46.39],[-121.52,46.39],[-121.52,46.08],[-121.52,46.05],[-121.52,46.04],[-121.54,46.04],[-121.57,46.04],[-121.6,46.04],[-121.61,46.04],[-121.61,46.0],[-121.61,45.96],[-121.61,45.95],[-121.61,45.94],[-121.61,45.87],[-121.61,45.78],[-121.6,45.78],[-121.65,45.77],[-121.71,45.74],[-121.74,45.74],[-121.87,45.75],[-121.9,45.75],[-121.94,45.73],[-122.04,45.66],[-122.17,45.62],[-122.16,45.72],[-122.16,45.8],[-122.17,45.88],[-122.17,45.94],[-122.2,46.01],[-122.24,46.05],[-122.25,46.05],[-122.25,46.06],[-122.26,46.06],[-122.29,46.07],[-122.41,46.05],[-122.48,46.08],[-122.54,46.14],[-122.57,46.23],[-122.56,46.3],[-122.54,46.34],[-122.47,46.38],[-122.47,46.39],[-122.45,46.39],[-122.42,46.39],[-122.38,46.39],[-122.36,46.39],[-122.27,46.39],[-122.24,46.39],[-122.12,46.39],[-122.11,46.39],[-122.07,46.39],[-121.99,46.39],[-121.92,46.39],[-121.88,46.39],[-121.86,46.39],[-121.82,46.39],[-121.81,46.39],[-121.76,46.39],[-121.74,46.39]]]]}},
{"type":"Feature","properties":{"ugc":"WAZ020","name":"Willapa Hills","state":"WA","wfo":"PQR"},"geometry":{"type":"MultiPolygon","coordinates":[[[[-123.7,46.68],[-123.7,46.69],[-123.72,46.79],[-123.67,46.79],[-123.65,46.79],[-123.63,46.79],[-123.61,46.79],[-123.57,46.79],[-123.53,46.79],[-123.49,46.79],[-123.48,46.79],[-123.47,46.79],[-123.45,46.79],[-123.43,46.79],[-123.42,46.79],[-123.38,46.79],[-123.37,46.79],[-123.37,46.76],[-123.37,46.74],[-123.37,46.73],[-123.37,46.7],[-123.37,46.67],[-123.37,46.63],[-123.37,46.62],[-123.37,46.6],[-123.37,46.59],[-123.37,46.56],[-123.36,46.56],[-123.36,46.55],[-123.36,46.5],[-123.36,46.48],[-123.36,46.44],[-123.36,46.38],[-123.25,46.38],[-123.21,46.39],[-123.09,46.39],[-123.01,46.39],[-122.99,46.39],[-122.98,46.39],[-122.98,46.33],[-123.03,46.24],[-123.36,46.24],[-123.36,46.28],[-123.37,46.29],[-123.64,46.38],[-123.66,46.48],[-123.7,46.68]]]]}},
{"type":"Feature","properties":{"ugc":"WAZ021","name":"South Washington Coast","state":"WA","wfo":"PQR"},"geometry":{"type":"MultiPolygon","coordinates":[[[[-123.36,46.17],[-123.35,46.17],[-123.34,46.17],[-123.34,46.16],[-123.33,46.16],[-123.33,46.15],[-123.34,46.15],[-123.35,46.15],[-123.36,46.15],[-123.36,46.17]]],[[[-124.07,46.32],[-124.06,46.33],[-124.06,46.34],[-124.06,46.35],[-124.06,46.36],[-124.06,46.37],[-124.06,46.38],[-124.06,46.39],[-124.06,46.4],[-124.06,46.41],[-124.06,46.42],[-124.06,46.43],[-124.06,46.44],[-124.06,46.45],[-124.06,46.46],[-124.06,46.47],[-124.06,46.49],[-124.06,46.5],[-124.06,46.51],[-124.06,46.52],[-124.06,46.53],[-124.06,46.54],[-124.06,46.55],[-124.06,46.56],[-124.06,46.57],[-124.06,46.58],[-124.07,46.58],[-124.07,46.59],[-124.07,46.6],[-124.07,46.61],[-124.07,46.62],[-124.07,46.63],[-124.07,46.64],[-124.06,46.64],[-124.06,46.65],[-124.05,46.65],[-124.05,46.64],[-124.05,46.63],[-124.05,46.62],[-124.05,46.61],[-124.04,46.61],[-124.04,46.6],[-124.03,46.6],[-124.03,46.59],[-124.02,46.59],[-124.02,46.58],[-124.02,46.57],[-124.02,46.56],[-124.02,46.55],[-124.03,46.55],[-124.03,46.54],[-124.03,46.53],[-124.03,46.52],[-124.02,46.51],[-124.03,46.51],[-124.03,46.5],[-124.03,46.49],[-124.03,46.48],[-124.03,46.47],[-124.03,46.46],[-124.03,46.45],[-124.02,46.45],[-124.02,46.44],[-124.02,46.43],[-124.02,46.42],[-124.02,46.41],[-124.02,46.4],[-124.02,46.39],[-124.02,46.38],[-124.01,46.38],[-124.0,46.38],[-124.0,46.37],[-123.99,46.38],[-123.98,46.38],[-123.97,46.38],[-123.96,46.38],[-123.96,46.37],[-123.95,46.37],[-123.95,46.38],[-123.95,46.39],[-123.95,46.4],[-123.94,46.4],[-123.94,46.41],[-123.93,46.42],[-123.92,46.42],[-123.92,46.43],[-123.91,46.43],[-123.91,46.44],[-123.91,46.45],[-123.91,46.46],[-123.92,46.46],[-123.93,46.46],[-123.93,46.47],[-123.94,46.47],[-123.94,46.48],[-123.94,46.49],[-123.93,46.49],[-123.93,46.5],[-123.92,46.5],[-123.92,46.51],[-123.91,46.51],[-123.9,46.51],[-123.89,46.51],[-123.89,46.52],[-123.9,46.52],[-123.9,46.53],[-123.89,46.54],[-123.9,46.54],[-123.9,46.55],[-123.91,46.55],[-123.91,46.56],[-123.92,46.56],[-123.92,46.57],[-123.92,46.58],[-123.93,46.58],[-123.93,46.59],[-123.94,46.59],[-123.94,46.6],[-123.95,46.6],[-123.96,46.6],[-123.96,46.61],[-123.96,46.62],[-123.96,46.63],[-123.96,46.64],[-123.95,46.63],[-123.95,46.62],[-123.94,46.62],[-123.93,46.62],[-123.93,46.63],[-123.94,46.63],[-123.94,46.64],[-123.93,46.64],[-123.93,46.65],[-123.92,46.65],[-123.92,46.66],[-123.92,46.67],[-123.92,46.68],[-123.91,46.68],[-123.9,46.68],[-123.89,46.69],[-123.88,46.69],[-123.87,46.69],[-123.87,46.7],[-123.86,46.7],[-123.85,46.7],[-123.84,46.7],[-123.84,46.71],[-123.85,46.71],[-123.85,46.72],[-123.86,46.72],[-123.86,46.73],[-123.87,46.73],[-123.88,46.73],[-123.88,46.74],[-123.89,46.74],[-123.89,46.75],[-123.9,46.75],[-123.91,46.75],[-123.92,46.74],[-123.91,46.73],[-123.92,46.73],[-123.93,46.73],[-123.94,46.73],[-123.95,46.73],[-123.96,46.73],[-123.97,46.74],[-123.98,46.74],[-123.98,46.73],[-123.98,46.72],[-123.99,46.72],[-123.99,46.71],[-124.0,46.71],[-124.0,46.7],[-124.01,46.7],[-124.01,46.71],[-124.01,46.72],[-124.02,46.72],[-124.03,46.72],[-124.04,46.72],[-124.05,46.72],[-124.05,46.73],[-124.06,46.73],[-124.07,46.73],[-124.08,46.73],[-124.08,46.74],[-124.09,46.74],[-124.1,46.75],[-124.1,46.76],[-124.1,46.77],[-124.1,46.78],[-124.1,46.79],[-124.03,46.79],[-123.93,46.79],[-123.88,46.79],[-123.8,46.79],[-123.79,46.79],[-123.76,46.79],[-123.75,46.79],[-123.73,46.79],[-123.72,46.79],[-123.7,46.69],[-123.7,46.68],[-123.66,46.48],[-123.64,46.38],[-123.37,46.29],[-123.36,46.28],[-123.36,46.24],[-123.36,46.21],[-123.36,46.19],[-123.37,46.19],[-123.37,46.2],[-123.38,46.2],[-123.39,46.2],[-123.39,46.21],[-123.4,46.21],[-123.41,46.21],[-123.41,46.22],[-123.42,46.22],[-123.42,46.23],[-123.42,46.24],[-123.43,46.24],[-123.43,46.25],[-123.44,46.26],[-123.44,46.25],[-123.45,46.26],[-123.46,46.27],[-123.47,46.27],[-123.48,46.27],[-123.49,46.27],[-123.49,46.26],[-123.5,46.26],[-123.5,46.27],[-123.51,46.27],[-123.52,46.27],[-123.53,46.27],[-123.54,46.27],[-123.55,46.27],[-123.56,46.26],[-123.57,46.26],[-123.58,46.26],[-123.59,46.26],[-123.6,46.26],[-123.61,46.26],[-123.62,46.26],[-123.63,46.26],[-123.64,46.27],[-123.65,46.27],[-123.66,46.27],[-123.67,46.27],[-123.68,46.27],[-123.68,46.28],[-123.68,46.29],[-123.68,46.3],[-123.69,46.3],[-123.7,46.31],[-123.7,46.3],[-123.72,46.3],[-123.72,46.29],[-123.73,46.29],[-123.74,46.29],[-123.75,46.29],[-123.75,46.28],[-123.76,46.28],[-123.76,46.27],[-123.77,46.27],[-123.78,46.27],[-123.78,46.28],[-123.79,46.28],[-123.8,46.28],[-123.81,46.28],[-123.82,46.27],[-123.83,46.27],[-123.84,46.27],[-123.84,46.26],[-123.85,46.26],[-123.85,46.25],[-123.86,46.25],[-123.87,46.25],[-123.87,46.24],[-123.88,46.24],[-123.89,46.24],[-123.9,46.24],[-123.9,46.25],[-123.91,46.25],[-123.92,46.25],[-123.93,46.26],[-123.94,46.27],[-123.95,46.27],[-123.95,46.28],[-123.96,46.28],[-123.96,46.29],[-123.97,46.29],[-123.97,46.3],[-123.98,46.3],[-123.98,46.31],[-123.99,46.31],[-124.0,46.31],[-124.02,46.31],[-124.03,46.31],[-124.03,46.3],[-124.04,46.31],[-124.04,46.3],[-124.05,46.3],[-124.05,46.29],[-124.05,46.28],[-124.06,46.28],[-124.08,46.27],[-124.08,46.28],[-124.08,46.29],[-124.08,46.3],[-124.07,46.3],[-124.07,46.31],[-124.07,46.32]],[[-123.93,46.62],[-123.93,46.61],[-123.92,46.61],[-123.91,46.61],[-123.92,46.62],[-123.93,46.62]],[[-123.91,46.61],[-123.92,46.6],[-123.91,46.6],[-123.91,46.61]],[[-123.8,46.67],[-123.81,46.67],[-123.81,46.66],[-123.8,46.66],[-123.8,46.67]],[[-123.81,46.67],[-123.82,46.68],[-123.82,46.67],[-123.81,46.67]],[[-123.72,46.7],[-123.73,46.7],[-123.73,46.69],[-123.72,46.7]],[[-123.75,46.69],[-123.76,46.68],[-123.75,46.68],[-123.75,46.69]],[[-123.77,46.68],[-123.78,46.68],[-123.79,46.68],[-123.79,46.67],[-123.78,46.67],[-123.77,46.67],[-123.77,46.68]],[[-123.82,46.69],[-123.82,46.7],[-123.83,46.7],[-123.83,46.69],[-123.82,46.69]],[[-123.88,46.43],[-123.88,46.42],[-123.87,46.42],[-123.87,46.43],[-123.88,46.43]],[[-123.85,46.41],[-123.85,46.4],[-123.84,46.4],[-123.84,46.41],[-123.85,46.41]]],[[[-123.49,46.26],[-123.48,46.26],[-123.47,46.26],[-123.47,46.25],[-123.46,46.25],[-123.45,46.25],[-123.45,46.24],[-123.44,46.24],[-123.44,46.23],[-123.43,46.23],[-123.43,46.22],[-123.44,46.22],[-123.47,46.24],[-123.48,46.25],[-123.49,46.25],[-123.49,46.26]]],[[[-123.93,46.46],[-123.93,46.45],[-123.92,46.45],[-123.92,46.44],[-123.93,46.44],[-123.94,46.44],[-123.94,46.45],[-123.94,46.46],[-123.93,46.46]]],[[[-123.98,46.72],[-123.97,46.72],[-123.97,46.71],[-123.97,46.7],[-123.98,46.7],[-123.98,46.71],[-123.98,46.72]]],[[[-124.02,46.29],[-124.02,46.28],[-124.01,46.27],[-124.02,46.27],[-124.03,46.27],[-124.03,46.28],[-124.03,46.29],[-124.02,46.29]]]]}},
{"type":"Feature","properties":{"ugc":"WAZ022","name":"Lower Columbia and I - 5 Corridor in Cowlitz County","state":"WA","wfo":"PQR"},"geometry":{"type":"MultiPolygon","coordinates":[[[[-122.9,46.39],[-122.85,46.39],[-122.79,46.39],[-122.78,46.3],[-122.77,46.21],[-122.77,46.14],[-122.77,46.05],[-122.75,45.94],[-122.73,45.91],[-122.74,45.92],[-122.74,45.91],[-122.74,45.9],[-122.75,45.9],[-122.75,45.89],[-122.74,45.89],[-122.73,45.9],[-122.73,45.89],[-122.73,45.88],[-122.72,45.87],[-122.73,45.87],[-122.74,45.87],[-122.75,45.87],[-122.75,45.86],[-122.76,45.86],[-122.77,45.86],[-122.78,45.86],[-122.78,45.85],[-122.79,45.85],[-122.78,45.87],[-122.8,45.88],[-122.81,45.91],[-122.81,45.93],[-122.81,45.96],[-122.83,45.98],[-122.84,45.98],[-122.86,46.01],[-122.87,46.03],[-122.88,46.03],[-122.88,46.05],[-122.88,46.06],[-122.9,46.08],[-122.96,46.1],[-122.96,46.11],[-122.99,46.12],[-123.0,46.13],[-123.01,46.13],[-123.01,46.14],[-123.02,46.14],[-123.03,46.14],[-123.04,46.15],[-123.05,46.15],[-123.11,46.18],[-123.12,46.18],[-123.12,46.19],[-123.17,46.19],[-123.21,46.17],[-123.21,46.18],[-123.22,46.17],[-123.23,46.17],[-123.24,46.17],[-123.24,46.16],[-123.25,46.16],[-123.26,46.16],[-123.26,46.15],[-123.27,46.15],[-123.28,46.15],[-123.29,46.15],[-123.3,46.15],[-123.3,46.16],[-123.31,46.16],[-123.32,46.16],[-123.33,46.16],[-123.33,46.17],[-123.34,46.17],[-123.35,46.18],[-123.36,46.19],[-123.36,46.21],[-123.36,46.24],[-123.03,46.24],[-122.98,46.33],[-122.98,46.39],[-122.9,46.39]]]]}},
{"type":"Feature","properties":{"ugc":"WAZ024","name":"Eastern Columbia River Gorge of Washington","state":"WA","wfo":"PDT"},"geometry":{"type":"MultiPolygon","coordinates":[[[[-121.51,45.83],[-121.51,45.84],[-121.52,45.85],[-121.51,45.85],[-121.5,45.85],[-121.49,45.85],[-121.49,45.84],[-121.48,45.84],[-121.47,45.83],[-121.46,45.83],[-121.45,45.82],[-121.44,45.82],[-121.45,45.81],[-121.46,45.81],[-121.46,45.8],[-121.45,45.79],[-121.46,45.78],[-121.47,45.79],[-121.49,45.79],[-121.5,45.78],[-121.51,45.77],[-121.52,45.77],[-121.52,45.76],[-121.51,45.76],[-121.51,45.75],[-121.5,45.75],[-121.49,45.75],[-121.48,45.75],[-121.47,45.75],[-121.47,45.74],[-121.47,45.73],[-121.46,45.72],[-121.45,45.72],[-121.45,45.71],[-121.44,45.71],[-121.43,45.71],[-121.42,45.7],[-121.42,45.71],[-121.41,45.71],[-121.4,45.71],[-121.39,45.71],[-121.38,45.72],[-121.37,45.73],[-121.36,45.73],[-121.34,45.73],[-121.33,45.73],[-121.32,45.73],[-121.3,45.73],[-121.27,45.73],[-121.27,45.72],[-121.26,45.73],[-121.24,45.73],[-121.24,45.74],[-121.23,45.74],[-121.23,45.75],[-121.22,45.75],[-121.22,45.76],[-121.22,45.77],[-121.22,45.78],[-121.21,45.78],[-121.2,45.78],[-121.2,45.77],[-121.2,45.76],[-121.2,45.75],[-121.21,45.75],[-121.21,45.74],[-121.22,45.74],[-121.22,45.73],[-121.23,45.73],[-121.23,45.72],[-121.24,45.72],[-121.24,45.71],[-121.25,45.7],[-121.26,45.7],[-121.27,45.69],[-121.26,45.69],[-121.25,45.69],[-121.24,45.69],[-121.23,45.69],[-121.23,45.68],[-121.21,45.68],[-121.2,45.67],[-121.19,45.67],[-121.18,45.67],[-121.17,45.66],[-121.16,45.66],[-121.15,45.67],[-121.14,45.67],[-121.13,45.66],[-121.13,45.67],[-121.12,45.67],[-121.12,45.66],[-121.11,45.66],[-121.1,45.66],[-121.09,45.66],[-121.09,45.67],[-121.08,45.67],[-121.07,45.67],[-121.06,45.67],[-121.05,45.67],[-121.04,45.67],[-121.03,45.67],[-121.02,45.67],[-121.01,45.67],[-120.99,45.67],[-120.98,45.67],[-120.97,45.67],[-120.96,45.67],[-120.95,45.67],[-120.94,45.67],[-120.93,45.67],[-120.91,45.67],[-120.9,45.67],[-120.89,45.67],[-120.88,45.68],[-120.87,45.68],[-120.86,45.69],[-120.85,45.69],[-120.83,45.7],[-120.82,45.71],[-120.81,45.71],[-120.8,45.71],[-120.79,45.72],[-120.78,45.72],[-120.77,45.71],[-120.76,45.71],[-120.75,45.72],[-120.74,45.72],[-120.73,45.72],[-120.72,45.73],[-120.71,45.74],[-120.7,45.74],[-120.69,45.74],[-120.68,45.74],[-120.68,45.75],[-120.67,45.75],[-120.66,45.75],[-120.64,45.76],[-120.63,45.76],[-120.61,45.76],[-120.6,45.76],[-120.59,45.76],[-120.58,45.76],[-120.56,45.76],[-120.55,45.75],[-120.54,45.75],[-120.54,45.74],[-120.53,45.74],[-120.52,45.75],[-120.52,45.74],[-120.51,45.73],[-120.5,45.73],[-120.5,45.72],[-120.49,45.72],[-120.48,45.72],[-120.46,45.73],[-120.45,45.73],[-120.45,45.74],[-120.44,45.74],[-120.44,45.75],[-120.45,45.75],[-120.45,45.76],[-120.44,45.76],[-120.43,45.76],[-120.43,45.75],[-120.42,45.75],[-120.42,45.74],[-120.42,45.73],[-120.43,45.72],[-120.44,45.72],[-120.45,45.72],[-120.45,45.71],[-120.44,45.71],[-120.43,45.71],[-120.42,45.72],[-120.41,45.72],[-120.4,45.72],[-120.39,45.72],[-120.38,45.72],[-120.37,45.72],[-120.36,45.73],[-120.35,45.74],[-120.35,45.75],[-120.37,45.76],[-120.36,45.76],[-120.35,45.76],[-120.34,45.76],[-120.33,45.76],[-120.32,45.75],[-120.31,45.76],[-120.32,45.76],[-120.31,45.77],[-120.3,45.77],[-120.3,45.76],[-120.29,45.76],[-120.28,45.76],[-120.28,45.75],[-120.27,45.75],[-120.26,45.75],[-120.25,45.75],[-120.24,45.75],[-120.23,45.75],[-120.22,45.76],[-120.21,45.77],[-120.21,45.78],[-120.2,45.77],[-120.19,45.77],[-120.18,45.77],[-120.17,45.77],[-120.17,45.78],[-120.16,45.78],[-120.14,45.79],[-120.13,45.79],[-120.11,45.79],[-120.1,45.79],[-120.11,45.8],[-120.12,45.81],[-120.12,45.82],[-120.11,45.82],[-120.1,45.82],[-120.09,45.82],[-120.08,45.81],[-120.07,45.81],[-120.06,45.81],[-120.05,45.81],[-120.05,45.82],[-120.04,45.82],[-120.03,45.82],[-120.03,45.83],[-120.01,45.83],[-120.0,45.83],[-120.0,45.82],[-120.0,45.81],[-120.07,45.79],[-120.13,45.78],[-120.14,45.77],[-120.17,45.76],[-120.21,45.73],[-120.26,45.72],[-120.28,45.72],[-120.29,45.72],[-120.3,45.72],[-120.32,45.71],[-120.33,45.71],[-120.34,45.71],[-120.38,45.7],[-120.4,45.7],[-120.48,45.69],[-120.51,45.7],[-120.52,45.71],[-120.56,45.74],[-120.59,45.75],[-120.63,45.75],[-120.64,45.75],[-120.65,45.74],[-120.67,45.73],[-120.69,45.72],[-120.72,45.71],[-120.75,45.7],[-120.79,45.69],[-120.86,45.67],[-120.9,45.64],[-120.91,45.64],[-120.94,45.66],[-120.95,45.66],[-120.98,45.65],[-121.01,45.65],[-121.03,45.65],[-121.06,45.65],[-121.09,45.65],[-121.12,45.62],[-121.13,45.61],[-121.14,45.61],[-121.15,45.61],[-121.17,45.61],[-121.18,45.61],[-121.2,45.62],[-121.2,45.63],[-121.2,45.65],[-121.2,45.66],[-121.22,45.67],[-121.25,45.68],[-121.29,45.69],[-121.31,45.7],[-121.34,45.7],[-121.37,45.7],[-121.4,45.69],[-121.42,45.69],[-121.44,45.7],[-121.46,45.7],[-121.47,45.7],[-121.48,45.71],[-121.49,45.72],[-121.5,45.72],[-121.51,45.72],[-121.52,45.72],[-121.52,45.73],[-121.52,45.74],[-121.52,45.75],[-121.53,45.75],[-121.53,45.76],[-121.54,45.76],[-121.54,45.77],[-121.53,45.77],[-121.53,45.78],[-121.52,45.78],[-121.53,45.79],[-121.53,45.8],[-121.52,45.81],[-121.51,45.82],[-121.51,45.83]]]]}},
{"type":"Feature","properties":{"ugc":"WAZ026","name":"Kittitas Valley","state":"WA","wfo":"PDT"},"geometry":{"type":"MultiPolygon","coordinates":[[[[-120.62,46.79],[-120.62,46.81],[-120.61,46.8],[-120.6,46.8],[-120.59,46.8],[-120.58,46.8],[-120.57,46.8],[-120.56,46.81],[-120.53,46.81],[-120.5,46.81],[-120.48,46.82],[-120.48,46.83],[-120.48,46.84],[-120.49,46.84],[-120.5,46.84],[-120.51,46.84],[-120.51,46.85],[-120.52,46.85],[-120.53,46.85],[-120.53,46.86],[-120.55,46.86],[-120.57,46.86],[-120.58,46.86],[-120.57,46.87],[-120.58,46.87],[-120.59,46.87],[-120.59,46.88],[-120.6,46.88],[-120.6,46.89],[-120.59,46.89],[-120.58,46.9],[-120.58,46.91],[-120.58,46.92],[-120.59,46.93],[-120.6,46.93],[-120.6,46.94],[-120.61,46.94],[-120.62,46.95],[-120.63,46.95],[-120.64,46.95],[-120.66,46.95],[-120.66,46.96],[-120.67,46.96],[-120.68,46.96],[-120.68,46.97],[-120.68,46.99],[-120.68,47.0],[-120.69,47.01],[-120.7,47.01],[-120.71,47.02],[-120.71,47.03],[-120.71,47.04],[-120.72,47.05],[-120.73,47.05],[-120.73,47.06],[-120.74,47.07],[-120.75,47.07],[-120.76,47.07],[-120.77,47.07],[-120.78,47.08],[-120.79,47.08],[-120.8,47.08],[-120.81,47.08],[-120.8,47.09],[-120.8,47.1],[-120.8,47.11],[-120.81,47.12],[-120.81,47.14],[-120.8,47.14],[-120.78,47.14],[-120.76,47.14],[-120.76,47.13],[-120.75,47.14],[-120.74,47.15],[-120.73,47.16],[-120.71,47.16],[-120.69,47.15],[-120.68,47.15],[-120.67,47.14],[-120.64,47.14],[-120.63,47.14],[-120.62,47.13],[-120.6,47.13],[-120.56,47.13],[-120.55,47.12],[-120.52,47.12],[-120.51,47.12],[-120.51,47.11],[-120.5,47.11],[-120.49,47.1],[-120.48,47.11],[-120.47,47.11],[-120.46,47.1],[-120.45,47.1],[-120.44,47.11],[-120.44,47.1],[-120.43,47.1],[-120.42,47.1],[-120.42,47.09],[-120.41,47.09],[-120.39,47.09],[-120.39,47.08],[-120.38,47.08],[-120.37,47.08],[-120.36,47.08],[-120.35,47.08],[-120.34,47.08],[-120.33,47.07],[-120.32,47.06],[-120.32,47.05],[-120.31,47.05],[-120.3,47.04],[-120.3,47.03],[-120.29,47.03],[-120.29,47.02],[-120.29,47.01],[-120.28,47.01],[-120.28,47.0],[-120.27,47.0],[-120.26,46.99],[-120.25,46.98],[-120.24,46.98],[-120.23,46.98],[-120.22,46.97],[-120.21,46.97],[-120.2,46.96],[-120.18,46.96],[-120.18,46.97],[-120.17,46.97],[-120.16,46.97],[-120.16,46.98],[-120.15,46.99],[-120.14,46.98],[-120.13,46.99],[-120.14,47.0],[-120.14,47.01],[-120.14,47.02],[-120.14,47.03],[-120.15,47.03],[-120.15,47.05],[-120.14,47.06],[-120.14,47.08],[-120.14,47.09],[-120.15,47.09],[-120.15,47.1],[-120.14,47.1],[-120.13,47.11],[-120.14,47.13],[-120.12,47.13],[-120.12,47.14],[-120.13,47.14],[-120.14,47.15],[-120.13,47.15],[-120.13,47.16],[-120.14,47.16],[-120.14,47.17],[-120.14,47.18],[-120.14,47.19],[-120.14,47.2],[-120.15,47.2],[-120.16,47.21],[-120.15,47.21],[-120.15,47.22],[-120.15,47.23],[-120.14,47.23],[-120.14,47.25],[-120.14,47.26],[-120.1,47.26],[-120.1,47.25],[-120.09,47.24],[-120.09,47.23],[-120.08,47.23],[-120.07,47.22],[-120.06,47.22],[-120.05,47.22],[-120.05,47.23],[-120.04,47.23],[-120.03,47.23],[-120.02,47.23],[-120.01,47.23],[-120.01,47.22],[-120.0,47.22],[-120.0,47.21],[-120.01,47.2],[-120.01,47.19],[-120.0,47.19],[-120.0,47.18],[-120.01,47.18],[-120.01,47.17],[-120.01,47.16],[-120.0,47.15],[-120.0,47.14],[-120.0,47.13],[-120.01,47.12],[-120.01,47.11],[-120.02,47.11],[-120.03,47.11],[-120.03,47.09],[-120.04,47.09],[-120.04,47.08],[-120.04,47.07],[-120.04,47.06],[-120.03,47.05],[-120.02,47.05],[-120.02,47.04],[-120.01,47.04],[-120.01,47.03],[-120.01,47.02],[-120.0,47.01],[-120.0,47.0],[-120.0,46.99],[-119.99,46.98],[-119.99,46.97],[-119.98,46.97],[-119.98,46.96],[-119.97,46.95],[-119.97,46.94],[-119.96,46.94],[-119.96,46.93],[-119.97,46.93],[-119.96,46.92],[-119.96,46.91],[-119.97,46.89],[-119.97,46.88],[-119.96,46.87],[-119.96,46.86],[-119.96,46.85],[-119.95,46.84],[-119.94,46.84],[-119.94,46.83],[-119.93,46.82],[-119.93,46.81],[-119.93,46.8],[-119.93,46.79],[-119.94,46.78],[-119.94,46.77],[-119.95,46.77],[-119.96,46.76],[-119.97,46.76],[-119.97,46.75],[-119.97,46.74],[-119.98,46.74],[-120.0,46.74],[-120.03,46.74],[-120.04,46.74],[-120.09,46.74],[-120.13,46.74],[-120.15,46.74],[-120.19,46.74],[-120.22,46.74],[-120.24,46.74],[-120.28,46.74],[-120.31,46.74],[-120.35,46.74],[-120.38,46.74],[-120.39,46.74],[-120.43,46.74],[-120.44,46.73],[-120.44,46.72],[-120.45,46.72],[-120.46,46.72],[-120.47,46.72],[-120.48,46.72],[-120.48,46.73],[-120.49,46.73],[-120.5,46.74],[-120.51,46.75],[-120.52,46.75],[-120.54,46.76],[-120.54,46.77],[-120.6,46.77],[-120.61,46.78],[-120.62,46.78],[-120.62,46.79]]]]}},
{"type":"Feature","properties":{"ugc":"WAZ027","name":"Yakima Valley","state":"WA","wfo":"PDT"},"geometry":{"type":"MultiPolygon","coordinates":[[[[-120.63,46.79],[-120.62,46.79],[-120.62,46.78],[-120.61,46.78],[-120.6,46.77],[-120.54,46.77],[-120.54,46.76],[-120.52,46.75],[-120.51,46.75],[-120.5,46.74],[-120.49,46.73],[-120.48,46.73],[-120.48,46.72],[-120.47,46.72],[-120.46,46.72],[-120.45,46.72],[-120.44,46.72],[-120.44,46.73],[-120.43,46.74],[-120.39,46.74],[-120.38,46.74],[-120.35,46.74],[-120.31,46.74],[-120.28,46.74],[-120.24,46.74],[-120.22,46.74],[-120.19,46.74],[-120.15,46.74],[-120.13,46.74],[-120.09,46.74],[-120.04,46.74],[-120.03,46.74],[-120.0,46.74],[-119.98,46.74],[-119.97,46.74],[-119.97,46.73],[-119.97,46.72],[-119.97,46.71],[-119.96,46.71],[-119.96,46.69],[-119.95,46.69],[-119.95,46.68],[-119.94,46.67],[-119.93,46.66],[-119.92,46.66],[-119.92,46.65],[-119.91,46.65],[-119.91,46.64],[-119.9,46.64],[-119.9,46.63],[-119.89,46.63],[-119.88,46.63],[-119.87,46.63],[-119.87,46.61],[-119.88,46.58],[-119.88,46.56],[-119.87,46.56],[-119.87,46.54],[-119.87,46.52],[-119.87,46.5],[-119.87,46.47],[-119.87,46.45],[-119.87,46.44],[-119.87,46.4],[-119.87,46.38],[-119.87,46.37],[-119.87,46.36],[-119.87,46.35],[-119.87,46.33],[-119.87,46.32],[-119.87,46.29],[-119.87,46.27],[-119.87,46.26],[-119.87,46.24],[-119.87,46.21],[-119.87,46.2],[-119.87,46.19],[-119.87,46.16],[-119.87,46.13],[-119.87,46.1],[-119.87,46.09],[-119.87,46.06],[-119.88,46.06],[-119.9,46.07],[-119.91,46.08],[-119.93,46.09],[-119.97,46.1],[-120.02,46.09],[-120.03,46.1],[-120.04,46.11],[-120.07,46.12],[-120.08,46.11],[-120.1,46.11],[-120.12,46.11],[-120.13,46.11],[-120.16,46.11],[-120.17,46.1],[-120.22,46.1],[-120.23,46.09],[-120.25,46.08],[-120.25,46.09],[-120.27,46.09],[-120.28,46.11],[-120.29,46.12],[-120.29,46.13],[-120.3,46.13],[-120.31,46.14],[-120.32,46.15],[-120.34,46.15],[-120.35,46.16],[-120.36,46.16],[-120.38,46.16],[-120.39,46.17],[-120.41,46.17],[-120.42,46.17],[-120.43,46.15],[-120.44,46.16],[-120.46,46.16],[-120.47,46.15],[-120.47,46.13],[-120.48,46.13],[-120.49,46.12],[-120.51,46.11],[-120.51,46.09],[-120.53,46.09],[-120.54,46.1],[-120.53,46.12],[-120.52,46.13],[-120.51,46.14],[-120.52,46.16],[-120.55,46.16],[-120.55,46.17],[-120.56,46.18],[-120.58,46.17],[-120.58,46.18],[-120.58,46.19],[-120.55,46.2],[-120.55,46.21],[-120.58,46.21],[-120.6,46.19],[-120.61,46.21],[-120.61,46.22],[-120.59,46.23],[-120.58,46.24],[-120.56,46.25],[-120.56,46.27],[-120.53,46.28],[-120.59,46.28],[-120.6,46.27],[-120.63,46.28],[-120.68,46.28],[-120.7,46.27],[-120.71,46.27],[-120.74,46.28],[-120.75,46.26],[-120.76,46.27],[-120.77,46.28],[-120.8,46.28],[-120.82,46.27],[-120.84,46.28],[-120.83,46.3],[-120.84,46.31],[-120.86,46.31],[-120.87,46.33],[-120.88,46.33],[-120.88,46.34],[-120.86,46.34],[-120.87,46.36],[-120.88,46.36],[-120.89,46.36],[-120.9,46.36],[-120.9,46.38],[-120.88,46.39],[-120.88,46.41],[-120.88,46.42],[-120.87,46.42],[-120.88,46.45],[-120.87,46.46],[-120.85,46.47],[-120.81,46.47],[-120.79,46.47],[-120.79,46.48],[-120.71,46.48],[-120.71,46.49],[-120.68,46.49],[-120.67,46.48],[-120.65,46.48],[-120.65,46.5],[-120.67,46.5],[-120.68,46.5],[-120.69,46.51],[-120.75,46.51],[-120.76,46.52],[-120.78,46.51],[-120.79,46.51],[-120.81,46.52],[-120.81,46.53],[-120.81,46.54],[-120.8,46.53],[-120.79,46.55],[-120.78,46.55],[-120.78,46.56],[-120.78,46.58],[-120.77,46.59],[-120.77,46.61],[-120.75,46.61],[-120.74,46.61],[-120.71,46.61],[-120.7,46.6],[-120.69,46.6],[-120.68,46.61],[-120.69,46.62],[-120.71,46.63],[-120.72,46.63],[-120.74,46.64],[-120.74,46.65],[-120.74,46.66],[-120.75,46.66],[-120.76,46.67],[-120.76,46.68],[-120.77,46.68],[-120.78,46.68],[-120.78,46.69],[-120.79,46.7],[-120.8,46.7],[-120.81,46.71],[-120.8,46.72],[-120.8,46.73],[-120.79,46.74],[-120.78,46.75],[-120.76,46.75],[-120.7,46.74],[-120.68,46.73],[-120.66,46.74],[-120.65,46.75],[-120.64,46.76],[-120.65,46.79],[-120.65,46.8],[-120.63,46.8],[-120.63,46.79]]]]}},
{"type":"Feature","properties":{"ugc":"WAZ028","name":"Lower Columbia Basin of Washington","state":"WA","wfo":"PDT"},"geometry":{"type":"MultiPolygon","coordinates":[[[[-118.25,46.74],[-118.24,46.74],[-118.25,46.73],[-118.24,46.73],[-118.24,46.72],[-118.24,46.71],[-118.23,46.7],[-118.23,46.69],[-118.22,46.69],[-118.22,46.68],[-118.22,46.67],[-118.22,46.66],[-118.23,46.66],[-118.23,46.65],[-118.22,46.65],[-118.22,46.64],[-118.21,46.64],[-118.22,46.63],[-118.21,46.63],[-118.2,46.63],[-118.2,46.62],[-118.2,46.61],[-118.21,46.61],[-118.21,46.6],[-118.21,46.59],[-118.22,46.59],[-118.23,46.59],[-118.23,46.56],[-118.24,46.56],[-118.24,46.55],[-118.25,46.55],[-118.27,46.55],[-118.29,46.56],[-118.29,46.57],[-118.3,46.57],[-118.31,46.56],[-118.32,46.55],[-118.34,46.55],[-118.36,46.55],[-118.39,46.55],[-118.41,46.55],[-118.42,46.56],[-118.44,46.56],[-118.45,46.55],[-118.48,46.55],[-118.48,46.54],[-118.49,46.53],[-118.51,46.52],[-118.51,46.51],[-118.52,46.51],[-118.54,46.5],[-118.55,46.5],[-118.56,46.5],[-118.56,46.49],[-118.56,46.48],[-118.57,46.47],[-118.57,46.46],[-118.57,46.44],[-118.56,46.41],[-118.58,46.4],[-118.58,46.39],[-118.58,46.37],[-118.6,46.36],[-118.59,46.35],[-118.58,46.34],[-118.58,46.33],[-118.57,46.32],[-118.57,46.3],[-118.56,46.29],[-118.53,46.28],[-118.52,46.27],[-118.51,46.26],[-118.52,46.24],[-118.52,46.22],[-118.52,46.2],[-118.54,46.19],[-118.56,46.18],[-118.57,46.17],[-118.57,46.16],[-118.57,46.14],[-118.56,46.13],[-118.56,46.11],[-118.55,46.1],[-118.55,46.07],[-118.55,46.06],[-118.55,46.04],[-118.56,46.03],[-118.57,46.02],[-118.58,46.02],[-118.6,46.0],[-118.64,46.0],[-118.77,46.0],[-118.84,46.0],[-118.88,46.0],[-118.93,46.0],[-118.98,46.0],[-118.99,46.0],[-119.0,45.99],[-119.01,45.98],[-119.03,45.97],[-119.06,45.96],[-119.09,45.94],[-119.13,45.93],[-119.17,45.93],[-119.2,45.93],[-119.23,45.93],[-119.26,45.94],[-119.31,45.93],[-119.32,45.93],[-119.36,45.92],[-119.45,45.92],[-119.49,45.91],[-119.52,45.91],[-119.57,45.93],[-119.6,45.92],[-119.62,45.91],[-119.65,45.87],[-119.67,45.86],[-119.73,45.85],[-119.77,45.85],[-119.8,45.85],[-119.87,45.84],[-119.88,45.83],[-119.91,45.83],[-119.97,45.82],[-120.0,45.81],[-120.0,45.82],[-120.0,45.83],[-119.98,45.84],[-119.97,45.84],[-119.95,45.84],[-119.96,45.85],[-119.99,45.86],[-120.0,45.87],[-119.99,45.89],[-119.96,45.91],[-119.93,45.93],[-119.9,45.96],[-119.88,45.98],[-119.87,45.99],[-119.87,46.0],[-119.87,46.05],[-119.87,46.06],[-119.87,46.09],[-119.87,46.1],[-119.87,46.13],[-119.87,46.16],[-119.87,46.19],[-119.87,46.2],[-119.87,46.21],[-119.87,46.24],[-119.87,46.26],[-119.87,46.27],[-119.87,46.29],[-119.87,46.32],[-119.87,46.33],[-119.87,46.35],[-119.87,46.36],[-119.87,46.37],[-119.87,46.38],[-119.87,46.4],[-119.87,46.44],[-119.87,46.45],[-119.87,46.47],[-119.87,46.5],[-119.87,46.52],[-119.87,46.54],[-119.87,46.56],[-119.88,46.56],[-119.88,46.58],[-119.87,46.61],[-119.87,46.63],[-119.86,46.63],[-119.85,46.63],[-119.84,46.63],[-119.83,46.63],[-119.82,46.63],[-119.8,46.63],[-119.78,46.63],[-119.77,46.63],[-119.76,46.64],[-119.75,46.64],[-119.73,46.64],[-119.72,46.65],[-119.71,46.65],[-119.7,46.65],[-119.68,46.65],[-119.67,46.64],[-119.66,46.64],[-119.65,46.64],[-119.64,46.64],[-119.63,46.64],[-119.63,46.65],[-119.6,46.66],[-119.59,46.67],[-119.58,46.67],[-119.57,46.68],[-119.55,46.7],[-119.54,46.7],[-119.53,46.71],[-119.53,46.72],[-119.52,46.72],[-119.52,46.73],[-119.51,46.73],[-119.5,46.72],[-119.49,46.72],[-119.48,46.71],[-119.47,46.7],[-119.46,46.69],[-119.45,46.69],[-119.45,46.68],[-119.43,46.68],[-119.38,46.68],[-119.37,46.68],[-119.37,46.74],[-119.32,46.74],[-119.24,46.74],[-119.21,46.74],[-119.19,46.74],[-119.12,46.74],[-119.07,46.74],[-119.05,46.74],[-119.03,46.74],[-118.98,46.74],[-118.96,46.74],[-118.91,46.74],[-118.84,46.74],[-118.79,46.74],[-118.77,46.74],[-118.76,46.74],[-118.75,46.74],[-118.73,46.74],[-118.7,46.74],[-118.69,46.74],[-118.65,46.74],[-118.63,46.74],[-118.61,46.74],[-118.58,46.74],[-118.55,46.74],[-118.53,46.74],[-118.52,46.74],[-118.51,46.74],[-118.5,46.74],[-118.44,46.74],[-118.42,46.74],[-118.37,46.74],[-118.36,46.74],[-118.33,46.74],[-118.28,46.74],[-118.25,46.74]]],[[[-118.24,46.73],[-118.24,46.74],[-118.23,46.74],[-118.23,46.73],[-118.24,46.73]]]]}},
{"type":"Feature","properties":{"ugc":"WAZ029","name":"Foothills of the Blue Mountains of Washington","state":"WA","wfo":"PDT"},"geometry":{"type":"MultiPolygon","coordinates":[[[[-117.85,46.56],[-117.86,46.56],[-117.86,46.47],[-117.79,46.47],[-117.74,46.47],[-117.74,46.45],[-117.74,46.44],[-117.72,46.44],[-117.72,46.4],[-117.7,46.4],[-117.7,46.38],[-117.68,46.38],[-117.67,46.38],[-117.67,46.37],[-117.68,46.34],[-117.68,46.35],[-117.7,46.36],[-117.7,46.37],[-117.71,46.37],[-117.72,46.37],[-117.73,46.36],[-117.74,46.37],[-117.74,46.38],[-117.75,46.38],[-117.76,46.38],[-117.77,46.38],[-117.78,46.38],[-117.8,46.38],[-117.82,46.37],[-117.82,46.36],[-117.83,46.36],[-117.84,46.35],[-117.84,46.34],[-117.82,46.34],[-117.8,46.35],[-117.78,46.34],[-117.78,46.33],[-117.81,46.32],[-117.82,46.31],[-117.86,46.31],[-117.88,46.31],[-117.89,46.3],[-117.88,46.28],[-117.87,46.28],[-117.86,46.27],[-117.85,46.25],[-117.87,46.25],[-117.89,46.23],[-117.91,46.23],[-117.92,46.22],[-117.93,46.23],[-117.93,46.24],[-117.94,46.25],[-117.95,46.24],[-117.96,46.23],[-117.97,46.22],[-117.99,46.22],[-118.0,46.19],[-118.01,46.18],[-118.02,46.17],[-118.04,46.17],[-118.05,46.16],[-118.04,46.15],[-118.06,46.14],[-118.05,46.13],[-118.04,46.12],[-118.05,46.11],[-118.07,46.11],[-118.07,46.1],[-118.06,46.1],[-118.07,46.09],[-118.08,46.09],[-118.08,46.07],[-118.08,46.06],[-118.09,46.05],[-118.1,46.04],[-118.11,46.03],[-118.11,46.02],[-118.12,46.01],[-118.14,46.02],[-118.15,46.01],[-118.15,46.0],[-118.21,46.0],[-118.25,46.0],[-118.28,46.0],[-118.31,46.0],[-118.37,46.0],[-118.4,46.0],[-118.42,46.0],[-118.48,46.0],[-118.5,46.0],[-118.54,46.0],[-118.56,46.0],[-118.58,46.0],[-118.6,46.0],[-118.58,46.02],[-118.57,46.02],[-118.56,46.03],[-118.55,46.04],[-118.55,46.06],[-118.55,46.07],[-118.55,46.1],[-118.56,46.11],[-118.56,46.13],[-118.57,46.14],[-118.57,46.16],[-118.57,46.17],[-118.56,46.18],[-118.54,46.19],[-118.52,46.2],[-118.52,46.22],[-118.52,46.24],[-118.51,46.26],[-118.52,46.27],[-118.53,46.28],[-118.56,46.29],[-118.57,46.3],[-118.57,46.32],[-118.58,46.33],[-118.58,46.34],[-118.59,46.35],[-118.6,46.36],[-118.58,46.37],[-118.58,46.39],[-118.58,46.4],[-118.56,46.41],[-118.57,46.44],[-118.57,46.46],[-118.57,46.47],[-118.56,46.48],[-118.56,46.49],[-118.56,46.5],[-118.55,46.5],[-118.54,46.5],[-118.52,46.51],[-118.51,46.51],[-118.51,46.52],[-118.49,46.53],[-118.48,46.54],[-118.48,46.55],[-118.45,46.55],[-118.44,46.56],[-118.42,46.56],[-118.41,46.55],[-118.39,46.55],[-118.36,46.55],[-118.34,46.55],[-118.32,46.55],[-118.31,46.56],[-118.3,46.57],[-118.29,46.57],[-118.29,46.56],[-118.27,46.55],[-118.25,46.55],[-118.24,46.55],[-118.24,46.56],[-118.23,46.56],[-118.23,46.59],[-118.22,46.59],[-118.21,46.59],[-118.21,46.58],[-118.2,46.58],[-118.19,46.57],[-118.18,46.57],[-118.18,46.56],[-118.17,46.56],[-118.16,46.55],[-118.15,46.56],[-118.14,46.56],[-118.13,46.56],[-118.12,46.56],[-118.11,46.56],[-118.1,46.56],[-118.1,46.57],[-118.09,46.57],[-118.08,46.58],[-118.07,46.57],[-118.06,46.58],[-118.05,46.58],[-118.04,46.58],[-118.04,46.59],[-118.03,46.59],[-118.02,46.59],[-118.01,46.59],[-118.0,46.59],[-117.99,46.59],[-117.98,46.59],[-117.97,46.59],[-117.96,46.59],[-117.95,46.59],[-117.94,46.59],[-117.93,46.59],[-117.92,46.59],[-117.91,46.58],[-117.9,46.58],[-117.89,46.59],[-117.88,46.59],[-117.88,46.6],[-117.88,46.61],[-117.87,46.62],[-117.86,46.62],[-117.85,46.62],[-117.85,46.56]]],[[[-117.68,46.34],[-117.66,46.34],[-117.66,46.32],[-117.67,46.32],[-117.68,46.33],[-117.68,46.34]]]]}},
{"type":"Feature","properties":{"ugc":"WAZ030","name":"Northwest Blue Mountains","state":"WA","wfo":"PDT"},"geometry":{"type":"MultiPolygon","coordinates":[[[[-117.76,46.38],[-117.75,46.38],[-117.74,46.38],[-117.74,46.37],[-117.73,46.36],[-117.72,46.37],[-117.71,46.37],[-117.7,46.37],[-117.7,46.36],[-117.68,46.35],[-117.68,46.33],[-117.67,46.32],[-117.66,46.32],[-117.66,46.34],[-117.64,46.34],[-117.61,46.34],[-117.61,46.25],[-117.61,46.22],[-117.61,46.19],[-117.61,46.12],[-117.6,46.12],[-117.6,46.0],[-117.61,46.0],[-117.62,46.0],[-117.72,46.0],[-117.78,46.0],[-117.79,46.0],[-117.85,46.0],[-117.88,46.0],[-117.98,46.0],[-117.99,46.0],[-118.0,46.0],[-118.02,46.0],[-118.06,46.0],[-118.08,46.0],[-118.1,46.0],[-118.12,46.0],[-118.13,46.0],[-118.15,46.0],[-118.15,46.01],[-118.14,46.02],[-118.12,46.01],[-118.11,46.02],[-118.11,46.03],[-118.1,46.04],[-118.09,46.05],[-118.08,46.06],[-118.08,46.07],[-118.08,46.09],[-118.07,46.09],[-118.06,46.1],[-118.07,46.1],[-118.07,46.11],[-118.05,46.11],[-118.04,46.12],[-118.05,46.13],[-118.06,46.14],[-118.04,46.15],[-118.05,46.16],[-118.04,46.17],[-118.02,46.17],[-118.01,46.18],[-118.0,46.19],[-117.99,46.22],[-117.97,46.22],[-117.96,46.23],[-117.95,46.24],[-117.94,46.25],[-117.93,46.24],[-117.93,46.23],[-117.92,46.22],[-117.91,46.23],[-117.89,46.23],[-117.87,46.25],[-117.85,46.25],[-117.86,46.27],[-117.87,46.28],[-117.88,46.28],[-117.89,46.3],[-117.88,46.31],[-117.86,46.31],[-117.82,46.31],[-117.81,46.32],[-117.78,46.33],[-117.78,46.34],[-117.8,46.35],[-117.82,46.34],[-117.84,46.34],[-117.84,46.35],[-117.83,46.36],[-117.82,46.36],[-117.82,46.37],[-117.8,46.38],[-117.78,46.38],[-117.77,46.38],[-117.76,46.38]]]]}},
{"type":"Feature","properties":{"ugc":"WAZ031","name":"Northeast Blue Mountains","state":"WA","wfo":"OTX"},"geometry":{"type":"MultiPolygon","coordinates":[[[[-117.24,46.0],[-117.34,46.0],[-117.35,46.0],[-117.37,46.0],[-117.38,46.0],[-117.39,46.0],[-117.43,46.0],[-117.47,46.0],[-117.48,46.0],[-117.51,46.0],[-117.55,46.0],[-117.6,46.0],[-117.6,46.12],[-117.61,46.12],[-117.61,46.19],[-117.61,46.22],[-117.61,46.25],[-117.61,46.34],[-117.64,46.34],[-117.66,46.34],[-117.68,46.34],[-117.67,46.37],[-117.67,46.38],[-117.65,46.4],[-117.62,46.41],[-117.59,46.41],[-117.56,46.42],[-117.53,46.43],[-117.49,46.43],[-117.44,46.43],[-117.38,46.42],[-117.34,46.4],[-117.3,46.38],[-117.27,46.35],[-117.21,46.29],[-117.15,46.23],[-117.12,46.18],[-117.08,46.11],[-117.07,46.08],[-117.09,46.05],[-117.14,46.03],[-117.2,46.01],[-117.24,46.0]]]]}},
{"type":"Feature","properties":{"ugc":"WAZ032","name":"Lower Garfield and Asotin Counties","state":"WA","wfo":"OTX"},"geometry":{"type":"MultiPolygon","coordinates":[[[[-117.74,46.69],[-117.73,46.69],[-117.73,46.7],[-117.72,46.7],[-117.71,46.7],[-117.7,46.7],[-117.69,46.7],[-117.68,46.7],[-117.67,46.7],[-117.66,46.7],[-117.65,46.7],[-117.64,46.7],[-117.63,46.69],[-117.63,46.68],[-117.62,46.68],[-117.62,46.67],[-117.61,46.67],[-117.6,46.67],[-117.58,46.68],[-117.58,46.67],[-117.56,46.68],[-117.55,46.68],[-117.54,46.68],[-117.53,46.68],[-117.52,46.68],[-117.51,46.68],[-117.5,46.68],[-117.5,46.69],[-117.49,46.69],[-117.49,46.7],[-117.48,46.7],[-117.47,46.7],[-117.46,46.7],[-117.46,46.69],[-117.45,46.69],[-117.45,46.68],[-117.45,46.67],[-117.44,46.67],[-117.44,46.66],[-117.43,46.66],[-117.42,46.66],[-117.41,46.66],[-117.4,46.66],[-117.39,46.65],[-117.39,46.64],[-117.39,46.63],[-117.39,46.62],[-117.38,46.61],[-117.37,46.61],[-117.36,46.6],[-117.35,46.59],[-117.34,46.58],[-117.33,46.58],[-117.32,46.58],[-117.31,46.58],[-117.3,46.58],[-117.3,46.57],[-117.29,46.57],[-117.29,46.56],[-117.28,46.56],[-117.27,46.56],[-117.27,46.55],[-117.26,46.55],[-117.25,46.54],[-117.25,46.53],[-117.25,46.52],[-117.24,46.52],[-117.24,46.51],[-117.23,46.51],[-117.23,46.5],[-117.23,46.49],[-117.24,46.48],[-117.24,46.47],[-117.23,46.47],[-117.23,46.46],[-117.22,46.46],[-117.21,46.46],[-117.21,46.45],[-117.21,46.44],[-117.21,46.43],[-117.21,46.42],[-117.2,46.42],[-117.19,46.42],[-117.18,46.42],[-117.17,46.42],[-117.17,46.43],[-117.16,46.43],[-117.15,46.43],[-117.14,46.43],[-117.13,46.43],[-117.12,46.42],[-117.11,46.42],[-117.1,46.42],[-117.09,46.42],[-117.08,46.42],[-117.07,46.43],[-117.06,46.43],[-117.05,46.43],[-117.04,46.43],[-117.04,46.42],[-117.03,46.42],[-117.04,46.41],[-117.04,46.4],[-117.04,46.39],[-117.05,46.38],[-117.06,46.37],[-117.06,46.36],[-117.06,46.35],[-117.05,46.34],[-117.04,46.34],[-117.03,46.34],[-117.02,46.33],[-117.02,46.32],[-117.02,46.31],[-117.01,46.31],[-117.01,46.3],[-117.0,46.3],[-116.99,46.3],[-116.99,46.29],[-116.99,46.28],[-116.99,46.27],[-116.98,46.27],[-116.97,46.26],[-116.96,46.25],[-116.96,46.24],[-116.96,46.23],[-116.96,46.22],[-116.97,46.21],[-116.97,46.2],[-116.96,46.2],[-116.95,46.19],[-116.94,46.19],[-116.94,46.18],[-116.93,46.17],[-116.92,46.17],[-116.92,46.16],[-116.93,46.16],[-116.93,46.15],[-116.94,46.15],[-116.94,46.14],[-116.93,46.14],[-116.94,46.13],[-116.95,46.13],[-116.95,46.12],[-116.95,46.11],[-116.96,46.1],[-116.97,46.1],[-116.98,46.1],[-116.98,46.09],[-116.98,46.08],[-116.97,46.08],[-116.96,46.08],[-116.96,46.07],[-116.95,46.07],[-116.95,46.06],[-116.94,46.06],[-116.94,46.05],[-116.94,46.04],[-116.93,46.04],[-116.93,46.03],[-116.93,46.02],[-116.92,46.02],[-116.92,46.01],[-116.92,46.0],[-116.94,46.0],[-116.96,46.0],[-116.97,46.0],[-116.98,46.0],[-117.04,46.0],[-117.05,46.0],[-117.07,46.0],[-117.12,46.0],[-117.13,46.0],[-117.24,46.0],[-117.2,46.01],[-117.14,46.03],[-117.09,46.05],[-117.07,46.08],[-117.08,46.11],[-117.12,46.18],[-117.15,46.23],[-117.21,46.29],[-117.27,46.35],[-117.3,46.38],[-117.34,46.4],[-117.38,46.42],[-117.44,46.43],[-117.49,46.43],[-117.53,46.43],[-117.56,46.42],[-117.59,46.41],[-117.62,46.41],[-117.65,46.4],[-117.67,46.38],[-117.68,46.38],[-117.7,46.38],[-117.7,46.4],[-117.72,46.4],[-117.72,46.44],[-117.74,46.44],[-117.74,46.45],[-117.74,46.47],[-117.79,46.47],[-117.86,46.47],[-117.86,46.56],[-117.85,46.56],[-117.85,46.62],[-117.84,46.62],[-117.83,46.62],[-117.82,46.62],[-117.81,46.62],[-117.8,46.62],[-117.8,46.63],[-117.79,46.63],[-117.78,46.64],[-117.77,46.64],[-117.77,46.65],[-117.76,46.66],[-117.76,46.67],[-117.76,46.68],[-117.75,46.69],[-117.74,46.69]]]]}},
{"type":"Feature","properties":{"ugc":"WAZ033","name":"Washington Palouse","state":"WA","wfo":"OTX"},"geometry":{"type":"MultiPolygon","coordinates":[[[[-118.24,46.73],[-118.23,46.73],[-118.23,46.74],[-118.22,46.74],[-118.21,46.74],[-118.2,46.74],[-118.2,46.75],[-118.19,46.75],[-118.18,46.75],[-118.17,46.75],[-118.16,46.75],[-118.16,46.76],[-118.15,46.76],[-118.14,46.76],[-118.13,46.76],[-118.12,46.76],[-118.12,46.77],[-118.11,46.77],[-118.1,46.77],[-118.1,46.78],[-118.09,46.78],[-118.08,46.78],[-118.07,46.78],[-118.07,46.77],[-118.06,46.77],[-118.05,46.77],[-118.04,46.77],[-118.04,46.78],[-118.03,46.79],[-118.02,46.79],[-118.02,46.8],[-118.02,46.81],[-118.01,46.81],[-118.01,46.82],[-118.0,46.82],[-118.0,46.83],[-117.99,46.83],[-117.99,46.84],[-118.0,46.84],[-118.0,46.85],[-117.99,46.85],[-117.99,46.86],[-117.98,46.86],[-117.97,46.86],[-117.97,46.87],[-117.97,46.88],[-117.97,46.91],[-117.96,46.91],[-117.96,46.99],[-117.96,47.01],[-117.96,47.03],[-117.96,47.04],[-117.96,47.12],[-117.96,47.13],[-117.96,47.24],[-117.96,47.25],[-117.96,47.26],[-117.84,47.26],[-117.82,47.26],[-117.81,47.26],[-117.8,47.26],[-117.76,47.26],[-117.7,47.26],[-117.67,47.26],[-117.65,47.26],[-117.61,47.26],[-117.57,47.27],[-117.53,47.3],[-117.49,47.32],[-117.44,47.34],[-117.39,47.35],[-117.33,47.36],[-117.21,47.36],[-117.12,47.36],[-117.04,47.36],[-117.04,47.35],[-117.04,47.25],[-117.04,47.17],[-117.04,47.09],[-117.04,47.0],[-117.04,46.94],[-117.04,46.87],[-117.04,46.85],[-117.04,46.83],[-117.04,46.82],[-117.04,46.81],[-117.04,46.75],[-117.04,46.7],[-117.04,46.63],[-117.04,46.54],[-117.04,46.43],[-117.05,46.43],[-117.06,46.43],[-117.07,46.43],[-117.08,46.42],[-117.09,46.42],[-117.1,46.42],[-117.11,46.42],[-117.12,46.42],[-117.13,46.43],[-117.14,46.43],[-117.15,46.43],[-117.16,46.43],[-117.17,46.43],[-117.17,46.42],[-117.18,46.42],[-117.19,46.42],[-117.2,46.42],[-117.21,46.42],[-117.21,46.43],[-117.21,46.44],[-117.21,46.45],[-117.21,46.46],[-117.22,46.46],[-117.23,46.46],[-117.23,46.47],[-117.24,46.47],[-117.24,46.48],[-117.23,46.49],[-117.23,46.5],[-117.23,46.51],[-117.24,46.51],[-117.24,46.52],[-117.25,46.52],[-117.25,46.53],[-117.25,46.54],[-117.26,46.55],[-117.27,46.55],[-117.27,46.56],[-117.28,46.56],[-117.29,46.56],[-117.29,46.57],[-117.3,46.57],[-117.3,46.58],[-117.31,46.58],[-117.32,46.58],[-117.33,46.58],[-117.34,46.58],[-117.35,46.59],[-117.36,46.6],[-117.37,46.61],[-117.38,46.61],[-117.39,46.62],[-117.39,46.63],[-117.39,46.64],[-117.39,46.65],[-117.4,46.66],[-117.41,46.66],[-117.42,46.66],[-117.43,46.66],[-117.44,46.66],[-117.44,46.67],[-117.45,46.67],[-117.45,46.68],[-117.45,46.69],[-117.46,46.69],[-117.46,46.7],[-117.47,46.7],[-117.48,46.7],[-117.49,46.7],[-117.49,46.69],[-117.5,46.69],[-117.5,46.68],[-117.51,46.68],[-117.52,46.68],[-117.53,46.68],[-117.54,46.68],[-117.55,46.68],[-117.56,46.68],[-117.58,46.67],[-117.58,46.68],[-117.6,46.67],[-117.61,46.67],[-117.62,46.67],[-117.62,46.68],[-117.63,46.68],[-117.63,46.69],[-117.64,46.7],[-117.65,46.7],[-117.66,46.7],[-117.67,46.7],[-117.68,46.7],[-117.69,46.7],[-117.7,46.7],[-117.71,46.7],[-117.72,46.7],[-117.73,46.7],[-117.73,46.69],[-117.74,46.69],[-117.75,46.69],[-117.76,46.68],[-117.76,46.67],[-117.76,46.66],[-117.77,46.65],[-117.77,46.64],[-117.78,46.64],[-117.79,46.63],[-117.8,46.63],[-117.8,46.62],[-117.81,46.62],[-117.82,46.62],[-117.83,46.62],[-117.84,46.62],[-117.85,46.62],[-117.86,46.62],[-117.87,46.62],[-117.88,46.61],[-117.88,46.6],[-117.88,46.59],[-117.89,46.59],[-117.9,46.58],[-117.91,46.58],[-117.92,46.59],[-117.93,46.59],[-117.94,46.59],[-117.95,46.59],[-117.96,46.59],[-117.97,46.59],[-117.98,46.59],[-117.99,46.59],[-118.0,46.59],[-118.01,46.59],[-118.02,46.59],[-118.03,46.59],[-118.04,46.59],[-118.04,46.58],[-118.05,46.58],[-118.06,46.58],[-118.07,46.57],[-118.08,46.58],[-118.09,46.57],[-118.1,46.57],[-118.1,46.56],[-118.11,46.56],[-118.12,46.56],[-118.13,46.56],[-118.14,46.56],[-118.15,46.56],[-118.16,46.55],[-118.17,46.56],[-118.18,46.56],[-118.18,46.57],[-118.19,46.57],[-118.2,46.58],[-118.21,46.58],[-118.21,46.59],[-118.21,46.6],[-118.21,46.61],[-118.2,46.61],[-118.2,46.62],[-118.2,46.63],[-118.21,46.63],[-118.22,46.63],[-118.21,46.64],[-118.22,46.64],[-118.22,46.65],[-118.23,46.65],[-118.23,46.66],[-118.22,46.66],[-118.22,46.67],[-118.22,46.68],[-118.22,46.69],[-118.23,46.69],[-118.23,46.7],[-118.24,46.71],[-118.24,46.72],[-118.24,46.73]]],[[[-118.24,46.73],[-118.25,46.73],[-118.24,46.74],[-118.24,46.73]]]]}},
{"type":"Feature","properties":{"ugc":"WAZ034","name":"Moses Lake Area","state":"WA","wfo":"OTX"},"geometry":{"type":"MultiPolygon","coordinates":[[[[-120.0,47.22],[-120.0,47.24],[-120.0,47.25],[-120.0,47.26],[-120.0,47.28],[-120.0,47.3],[-119.92,47.29],[-119.78,47.28],[-119.74,47.28],[-119.67,47.29],[-119.62,47.3],[-119.58,47.31],[-119.55,47.34],[-119.53,47.37],[-119.53,47.41],[-119.53,47.43],[-119.53,47.44],[-119.25,47.35],[-118.98,47.26],[-118.98,47.17],[-118.98,47.16],[-118.98,47.15],[-118.98,47.12],[-118.98,47.1],[-118.98,47.09],[-118.98,47.05],[-118.98,47.02],[-118.98,47.01],[-118.98,46.98],[-118.98,46.97],[-118.98,46.91],[-118.92,46.76],[-118.91,46.74],[-118.96,46.74],[-118.98,46.74],[-119.03,46.74],[-119.05,46.74],[-119.07,46.74],[-119.12,46.74],[-119.19,46.74],[-119.21,46.74],[-119.24,46.74],[-119.32,46.74],[-119.37,46.74],[-119.37,46.68],[-119.38,46.68],[-119.43,46.68],[-119.45,46.68],[-119.45,46.69],[-119.46,46.69],[-119.47,46.7],[-119.48,46.71],[-119.49,46.72],[-119.5,46.72],[-119.51,46.73],[-119.52,46.73],[-119.52,46.72],[-119.53,46.72],[-119.53,46.71],[-119.54,46.7],[-119.55,46.7],[-119.57,46.68],[-119.58,46.67],[-119.59,46.67],[-119.6,46.66],[-119.63,46.65],[-119.63,46.64],[-119.64,46.64],[-119.65,46.64],[-119.66,46.64],[-119.67,46.64],[-119.68,46.65],[-119.7,46.65],[-119.71,46.65],[-119.72,46.65],[-119.73,46.64],[-119.75,46.64],[-119.76,46.64],[-119.77,46.63],[-119.78,46.63],[-119.8,46.63],[-119.82,46.63],[-119.83,46.63],[-119.84,46.63],[-119.85,46.63],[-119.86,46.63],[-119.87,46.63],[-119.88,46.63],[-119.89,46.63],[-119.9,46.63],[-119.9,46.64],[-119.91,46.64],[-119.91,46.65],[-119.92,46.65],[-119.92,46.66],[-119.93,46.66],[-119.94,46.67],[-119.95,46.68],[-119.95,46.69],[-119.96,46.69],[-119.96,46.71],[-119.97,46.71],[-119.97,46.72],[-119.97,46.73],[-119.97,46.74],[-119.97,46.75],[-119.97,46.76],[-119.96,46.76],[-119.95,46.77],[-119.94,46.77],[-119.94,46.78],[-119.93,46.79],[-119.93,46.8],[-119.93,46.81],[-119.93,46.82],[-119.94,46.83],[-119.94,46.84],[-119.95,46.84],[-119.96,46.85],[-119.96,46.86],[-119.96,46.87],[-119.97,46.88],[-119.97,46.89],[-119.96,46.91],[-119.96,46.92],[-119.97,46.93],[-119.96,46.93],[-119.96,46.94],[-119.97,46.94],[-119.97,46.95],[-119.98,46.96],[-119.98,46.97],[-119.99,46.97],[-119.99,46.98],[-120.0,46.99],[-120.0,47.0],[-120.0,47.01],[-120.01,47.02],[-120.01,47.03],[-120.01,47.04],[-120.02,47.04],[-120.02,47.05],[-120.03,47.05],[-120.04,47.06],[-120.04,47.07],[-120.04,47.08],[-120.04,47.09],[-120.03,47.09],[-120.03,47.11],[-120.02,47.11],[-120.01,47.11],[-120.01,47.12],[-120.0,47.13],[-120.0,47.14],[-120.0,47.15],[-120.01,47.16],[-120.01,47.17],[-120.01,47.18],[-120.0,47.18],[-120.0,47.19],[-120.01,47.19],[-120.01,47.2],[-120.0,47.21],[-120.0,47.22]]]]}},
{"type":"Feature","properties":{"ugc":"WAZ035","name":"Upper Columbia Basin","state":"WA","wfo":"OTX"},"geometry":{"type":"MultiPolygon","coordinates":[[[[-118.36,47.84],[-118.33,47.78],[-118.31,47.72],[-118.23,47.64],[-118.19,47.62],[-118.15,47.6],[-118.09,47.58],[-118.04,47.57],[-117.9,47.57],[-117.82,47.58],[-117.82,47.5],[-117.82,47.49],[-117.82,47.45],[-117.82,47.41],[-117.82,47.38],[-117.82,47.37],[-117.82,47.31],[-117.82,47.26],[-117.84,47.26],[-117.96,47.26],[-117.96,47.25],[-117.96,47.24],[-117.96,47.13],[-117.96,47.12],[-117.96,47.04],[-117.96,47.03],[-117.96,47.01],[-117.96,46.99],[-117.96,46.91],[-117.97,46.91],[-117.97,46.88],[-117.97,46.87],[-117.97,46.86],[-117.98,46.86],[-117.99,46.86],[-117.99,46.85],[-118.0,46.85],[-118.0,46.84],[-117.99,46.84],[-117.99,46.83],[-118.0,46.83],[-118.0,46.82],[-118.01,46.82],[-118.01,46.81],[-118.02,46.81],[-118.02,46.8],[-118.02,46.79],[-118.03,46.79],[-118.04,46.78],[-118.04,46.77],[-118.05,46.77],[-118.06,46.77],[-118.07,46.77],[-118.07,46.78],[-118.08,46.78],[-118.09,46.78],[-118.1,46.78],[-118.1,46.77],[-118.11,46.77],[-118.12,46.77],[-118.12,46.76],[-118.13,46.76],[-118.14,46.76],[-118.15,46.76],[-118.16,46.76],[-118.16,46.75],[-118.17,46.75],[-118.18,46.75],[-118.19,46.75],[-118.2,46.75],[-118.2,46.74],[-118.21,46.74],[-118.22,46.74],[-118.24,46.74],[-118.25,46.74],[-118.28,46.74],[-118.33,46.74],[-118.36,46.74],[-118.37,46.74],[-118.42,46.74],[-118.44,46.74],[-118.5,46.74],[-118.51,46.74],[-118.52,46.74],[-118.53,46.74],[-118.55,46.74],[-118.58,46.74],[-118.61,46.74],[-118.63,46.74],[-118.65,46.74],[-118.69,46.74],[-118.7,46.74],[-118.73,46.74],[-118.75,46.74],[-118.76,46.74],[-118.77,46.74],[-118.79,46.74],[-118.84,46.74],[-118.91,46.74],[-118.92,46.76],[-118.98,46.91],[-118.98,46.97],[-118.98,46.98],[-118.98,47.01],[-118.98,47.02],[-118.98,47.05],[-118.98,47.09],[-118.98,47.1],[-118.98,47.12],[-118.98,47.15],[-118.98,47.16],[-118.98,47.17],[-118.98,47.26],[-119.25,47.35],[-119.53,47.44],[-119.53,47.47],[-119.53,47.52],[-119.53,47.53],[-119.51,47.53],[-119.51,47.54],[-119.5,47.54],[-119.49,47.54],[-119.49,47.56],[-119.47,47.56],[-119.47,47.57],[-119.45,47.57],[-119.45,47.58],[-119.43,47.58],[-119.43,47.6],[-119.41,47.6],[-119.41,47.61],[-119.39,47.61],[-119.37,47.61],[-119.34,47.61],[-119.34,47.62],[-119.34,47.63],[-119.32,47.63],[-119.32,47.67],[-119.31,47.67],[-119.3,47.67],[-119.3,47.73],[-119.29,47.73],[-119.28,47.73],[-119.28,47.74],[-119.26,47.74],[-119.26,47.77],[-119.25,47.77],[-119.24,47.77],[-119.23,47.77],[-119.23,47.8],[-119.21,47.8],[-119.21,47.82],[-119.21,47.84],[-119.21,47.89],[-119.19,47.89],[-119.19,47.9],[-119.15,47.9],[-119.15,47.92],[-119.13,47.92],[-119.13,47.95],[-119.1,47.95],[-119.1,47.96],[-119.06,47.96],[-119.06,47.97],[-119.06,48.0],[-119.07,48.05],[-119.09,48.07],[-119.09,48.08],[-119.02,48.08],[-118.85,48.08],[-118.85,48.03],[-118.85,48.0],[-118.85,47.99],[-118.85,47.96],[-118.84,47.96],[-118.84,47.95],[-118.83,47.95],[-118.83,47.93],[-118.82,47.93],[-118.82,47.92],[-118.81,47.92],[-118.8,47.92],[-118.78,47.92],[-118.77,47.91],[-118.76,47.91],[-118.75,47.91],[-118.74,47.9],[-118.73,47.9],[-118.72,47.9],[-118.71,47.9],[-118.71,47.91],[-118.71,47.92],[-118.71,47.93],[-118.7,47.94],[-118.69,47.94],[-118.68,47.94],[-118.67,47.94],[-118.66,47.94],[-118.66,47.93],[-118.65,47.93],[-118.64,47.93],[-118.63,47.93],[-118.62,47.93],[-118.61,47.93],[-118.6,47.93],[-118.59,47.93],[-118.58,47.93],[-118.57,47.93],[-118.56,47.93],[-118.55,47.92],[-118.54,47.92],[-118.53,47.91],[-118.53,47.9],[-118.54,47.89],[-118.54,47.88],[-118.53,47.88],[-118.51,47.88],[-118.5,47.87],[-118.49,47.87],[-118.49,47.88],[-118.48,47.88],[-118.47,47.88],[-118.46,47.88],[-118.46,47.87],[-118.46,47.86],[-118.45,47.85],[-118.44,47.84],[-118.43,47.84],[-118.42,47.84],[-118.41,47.83],[-118.4,47.83],[-118.39,47.83],[-118.38,47.83],[-118.37,47.83],[-118.36,47.84]]]]}},
{"type":"Feature","properties":{"ugc":"WAZ036","name":"Spokane Area","state":"WA","wfo":"OTX"},"geometry":{"type":"MultiPolygon","coordinates":[[[[-118.05,47.8],[-118.04,47.8],[-118.03,47.8],[-118.02,47.8],[-118.01,47.8],[-118.01,47.81],[-118.01,47.82],[-118.0,47.82],[-118.0,47.83],[-117.99,47.83],[-117.98,47.83],[-117.97,47.83],[-117.96,47.83],[-117.95,47.83],[-117.94,47.83],[-117.94,47.82],[-117.93,47.82],[-117.93,47.83],[-117.92,47.83],[-117.91,47.84],[-117.9,47.84],[-117.89,47.84],[-117.88,47.84],[-117.88,47.85],[-117.87,47.85],[-117.86,47.84],[-117.85,47.84],[-117.84,47.84],[-117.83,47.83],[-117.82,47.83],[-117.82,47.82],[-117.81,47.82],[-117.81,47.81],[-117.8,47.81],[-117.79,47.81],[-117.79,47.82],[-117.78,47.82],[-117.78,47.83],[-117.77,47.83],[-117.76,47.83],[-117.75,47.83],[-117.74,47.83],[-117.74,47.84],[-117.73,47.84],[-117.71,47.85],[-117.7,47.86],[-117.7,47.87],[-117.7,47.88],[-117.69,47.89],[-117.68,47.89],[-117.67,47.89],[-117.67,47.88],[-117.67,47.87],[-117.67,47.86],[-117.66,47.86],[-117.67,47.85],[-117.66,47.85],[-117.66,47.84],[-117.65,47.84],[-117.64,47.84],[-117.63,47.84],[-117.63,47.83],[-117.62,47.83],[-117.62,47.82],[-117.61,47.82],[-117.61,47.81],[-117.6,47.81],[-117.6,47.8],[-117.58,47.79],[-117.57,47.79],[-117.56,47.8],[-117.55,47.8],[-117.54,47.8],[-117.54,47.82],[-117.54,47.83],[-117.54,47.85],[-117.54,47.89],[-117.54,47.9],[-117.54,47.93],[-117.42,47.93],[-117.37,47.92],[-117.33,47.9],[-117.26,47.83],[-117.22,47.79],[-117.17,47.76],[-117.11,47.73],[-117.04,47.73],[-117.04,47.7],[-117.04,47.69],[-117.04,47.68],[-117.04,47.67],[-117.04,47.62],[-117.04,47.58],[-117.04,47.57],[-117.04,47.56],[-117.04,47.55],[-117.04,47.53],[-117.04,47.5],[-117.04,47.49],[-117.04,47.41],[-117.04,47.39],[-117.04,47.38],[-117.04,47.37],[-117.04,47.36],[-117.12,47.36],[-117.21,47.36],[-117.33,47.36],[-117.39,47.35],[-117.44,47.34],[-117.49,47.32],[-117.53,47.3],[-117.57,47.27],[-117.61,47.26],[-117.65,47.26],[-117.67,47.26],[-117.7,47.26],[-117.76,47.26],[-117.8,47.26],[-117.81,47.26],[-117.82,47.26],[-117.82,47.31],[-117.82,47.37],[-117.82,47.38],[-117.82,47.41],[-117.82,47.45],[-117.82,47.49],[-117.82,47.5],[-117.82,47.58],[-117.9,47.57],[-118.04,47.57],[-118.09,47.58],[-118.15,47.6],[-118.19,47.62],[-118.23,47.64],[-118.31,47.72],[-118.33,47.78],[-118.36,47.84],[-118.36,47.85],[-118.36,47.86],[-118.35,47.86],[-118.35,47.87],[-118.35,47.88],[-118.35,47.89],[-118.34,47.89],[-118.33,47.89],[-118.33,47.9],[-118.32,47.9],[-118.32,47.91],[-118.31,47.91],[-118.3,47.91],[-118.29,47.92],[-118.28,47.92],[-118.28,47.93],[-118.27,47.93],[-118.26,47.93],[-118.26,47.94],[-118.25,47.94],[-118.24,47.94],[-118.23,47.94],[-118.22,47.94],[-118.21,47.95],[-118.21,47.94],[-118.2,47.94],[-118.2,47.93],[-118.19,47.93],[-118.19,47.92],[-118.18,47.92],[-118.18,47.91],[-118.18,47.9],[-118.17,47.9],[-118.16,47.9],[-118.16,47.89],[-118.16,47.88],[-118.15,47.89],[-118.14,47.88],[-118.13,47.87],[-118.13,47.86],[-118.12,47.86],[-118.12,47.85],[-118.12,47.84],[-118.12,47.83],[-118.11,47.83],[-118.1,47.83],[-118.1,47.82],[-118.09,47.82],[-118.08,47.81],[-118.08,47.8],[-118.07,47.8],[-118.06,47.8],[-118.05,47.8]]]]}},
{"type":"Feature","properties":{"ugc":"WAZ037","name":"Northeast Mountains","state":"WA","wfo":"OTX"},"geometry":{"type":"MultiPolygon","coordinates":[[[[-118.2,49.0],[-118.2,48.99],[-118.19,49.0],[-118.17,49.0],[-118.04,49.0],[-117.98,49.0],[-117.88,49.0],[-117.83,49.0],[-117.6,49.0],[-117.35,49.0],[-117.13,49.0],[-117.03,49.0],[-117.03,48.88],[-117.03,48.86],[-117.03,48.75],[-117.03,48.7],[-117.03,48.66],[-117.03,48.62],[-117.03,48.61],[-117.04,48.5],[-117.04,48.42],[-117.04,48.39],[-117.04,48.37],[-117.04,48.21],[-117.04,48.18],[-117.04,48.17],[-117.04,48.12],[-117.04,48.0],[-117.04,47.97],[-117.04,47.93],[-117.04,47.89],[-117.04,47.87],[-117.04,47.86],[-117.04,47.84],[-117.04,47.82],[-117.04,47.78],[-117.04,47.76],[-117.04,47.75],[-117.04,47.74],[-117.04,47.73],[-117.11,47.73],[-117.17,47.76],[-117.22,47.79],[-117.26,47.83],[-117.33,47.9],[-117.37,47.92],[-117.42,47.93],[-117.54,47.93],[-117.54,47.9],[-117.54,47.89],[-117.54,47.85],[-117.54,47.83],[-117.54,47.82],[-117.54,47.8],[-117.55,47.8],[-117.56,47.8],[-117.57,47.79],[-117.58,47.79],[-117.6,47.8],[-117.6,47.81],[-117.61,47.81],[-117.61,47.82],[-117.62,47.82],[-117.62,47.83],[-117.63,47.83],[-117.63,47.84],[-117.64,47.84],[-117.65,47.84],[-117.66,47.84],[-117.66,47.85],[-117.67,47.85],[-117.66,47.86],[-117.67,47.86],[-117.67,47.87],[-117.67,47.88],[-117.67,47.89],[-117.68,47.89],[-117.69,47.89],[-117.7,47.88],[-117.7,47.87],[-117.7,47.86],[-117.71,47.85],[-117.73,47.84],[-117.74,47.84],[-117.74,47.83],[-117.75,47.83],[-117.76,47.83],[-117.77,47.83],[-117.78,47.83],[-117.78,47.82],[-117.79,47.82],[-117.79,47.81],[-117.8,47.81],[-117.81,47.81],[-117.81,47.82],[-117.82,47.82],[-117.82,47.83],[-117.83,47.83],[-117.84,47.84],[-117.85,47.84],[-117.86,47.84],[-117.87,47.85],[-117.88,47.85],[-117.88,47.84],[-117.89,47.84],[-117.9,47.84],[-117.91,47.84],[-117.92,47.83],[-117.93,47.83],[-117.93,47.82],[-117.94,47.82],[-117.94,47.83],[-117.95,47.83],[-117.96,47.83],[-117.97,47.83],[-117.98,47.83],[-117.99,47.83],[-118.0,47.83],[-118.0,47.82],[-118.01,47.82],[-118.01,47.81],[-118.01,47.8],[-118.02,47.8],[-118.03,47.8],[-118.04,47.8],[-118.05,47.8],[-118.06,47.8],[-118.07,47.8],[-118.08,47.8],[-118.08,47.81],[-118.09,47.82],[-118.1,47.82],[-118.1,47.83],[-118.11,47.83],[-118.12,47.83],[-118.12,47.84],[-118.12,47.85],[-118.12,47.86],[-118.13,47.86],[-118.13,47.87],[-118.14,47.88],[-118.15,47.89],[-118.16,47.88],[-118.16,47.89],[-118.16,47.9],[-118.17,47.9],[-118.18,47.9],[-118.18,47.91],[-118.18,47.92],[-118.19,47.92],[-118.19,47.93],[-118.2,47.93],[-118.2,47.94],[-118.21,47.94],[-118.21,47.95],[-118.22,47.94],[-118.23,47.94],[-118.24,47.94],[-118.25,47.94],[-118.26,47.94],[-118.26,47.93],[-118.27,47.93],[-118.28,47.93],[-118.28,47.92],[-118.29,47.92],[-118.3,47.91],[-118.31,47.91],[-118.32,47.91],[-118.32,47.9],[-118.33,47.9],[-118.33,47.89],[-118.34,47.89],[-118.34,47.9],[-118.35,47.92],[-118.36,47.93],[-118.35,47.95],[-118.35,47.97],[-118.36,47.98],[-118.37,47.99],[-118.37,48.0],[-118.38,48.0],[-118.38,48.01],[-118.39,48.01],[-118.4,48.02],[-118.4,48.03],[-118.39,48.04],[-118.38,48.04],[-118.37,48.04],[-118.36,48.05],[-118.35,48.05],[-118.34,48.05],[-118.33,48.05],[-118.32,48.04],[-118.31,48.04],[-118.3,48.04],[-118.28,48.04],[-118.27,48.04],[-118.27,48.05],[-118.27,48.06],[-118.26,48.06],[-118.25,48.06],[-118.25,48.05],[-118.24,48.06],[-118.23,48.06],[-118.23,48.07],[-118.24,48.08],[-118.23,48.08],[-118.23,48.09],[-118.23,48.1],[-118.24,48.1],[-118.24,48.11],[-118.25,48.11],[-118.25,48.12],[-118.25,48.13],[-118.24,48.14],[-118.23,48.13],[-118.23,48.14],[-118.22,48.14],[-118.21,48.14],[-118.2,48.14],[-118.19,48.15],[-118.19,48.16],[-118.19,48.17],[-118.2,48.18],[-118.2,48.19],[-118.19,48.19],[-118.19,48.2],[-118.19,48.21],[-118.19,48.22],[-118.18,48.22],[-118.17,48.23],[-118.16,48.23],[-118.15,48.24],[-118.15,48.25],[-118.14,48.25],[-118.14,48.26],[-118.14,48.27],[-118.15,48.28],[-118.15,48.29],[-118.15,48.3],[-118.16,48.3],[-118.17,48.31],[-118.17,48.32],[-118.18,48.32],[-118.18,48.33],[-118.18,48.34],[-118.18,48.35],[-118.18,48.36],[-118.18,48.37],[-118.19,48.38],[-118.19,48.39],[-118.2,48.4],[-118.2,48.41],[-118.2,48.42],[-118.2,48.43],[-118.2,48.44],[-118.21,48.45],[-118.21,48.46],[-118.21,48.47],[-118.2,48.47],[-118.2,48.48],[-118.19,48.48],[-118.19,48.49],[-118.18,48.49],[-118.18,48.5],[-118.18,48.51],[-118.18,48.52],[-118.17,48.52],[-118.16,48.52],[-118.15,48.52],[-118.14,48.53],[-118.14,48.54],[-118.14,48.55],[-118.14,48.56],[-118.14,48.57],[-118.13,48.57],[-118.13,48.58],[-118.13,48.59],[-118.13,48.6],[-118.13,48.61],[-118.13,48.62],[-118.12,48.62],[-118.12,48.63],[-118.12,48.64],[-118.11,48.64],[-118.1,48.65],[-118.11,48.66],[-118.11,48.67],[-118.12,48.67],[-118.12,48.68],[-118.11,48.68],[-118.12,48.69],[-118.12,48.7],[-118.12,48.71],[-118.12,48.72],[-118.13,48.72],[-118.13,48.73],[-118.12,48.73],[-118.12,48.74],[-118.13,48.74],[-118.13,48.75],[-118.13,48.76],[-118.13,48.77],[-118.13,48.78],[-118.14,48.78],[-118.15,48.79],[-118.16,48.79],[-118.16,48.8],[-118.16,48.81],[-118.17,48.82],[-118.17,48.83],[-118.18,48.83],[-118.18,48.84],[-118.19,48.84],[-118.2,48.84],[-118.19,48.85],[-118.2,48.86],[-118.2,48.87],[-118.21,48.87],[-118.21,48.88],[-118.21,48.89],[-118.21,48.9],[-118.2,48.9],[-118.2,48.91],[-118.2,48.92],[-118.21,48.92],[-118.22,48.93],[-118.22,48.94],[-118.22,48.95],[-118.21,48.95],[-118.21,48.96],[-118.21,48.97],[-118.22,48.97],[-118.22,48.98],[-118.21,48.99],[-118.22,48.99],[-118.22,49.0],[-118.21,49.0],[-118.2,49.0]],[[-118.13,48.78],[-118.12,48.77],[-118.12,48.78],[-118.13,48.79],[-118.13,48.78]]]]}},
{"type":"Feature","properties":{"ugc":"WAZ038","name":"Okanogan Highlands","state":"WA","wfo":"OTX"},"geometry":{"type":"MultiPolygon","coordinates":[[[[-118.22,49.0],[-118.22,48.99],[-118.21,48.99],[-118.22,48.98],[-118.22,48.97],[-118.21,48.97],[-118.21,48.96],[-118.21,48.95],[-118.22,48.95],[-118.22,48.94],[-118.22,48.93],[-118.21,48.92],[-118.2,48.92],[-118.2,48.91],[-118.2,48.9],[-118.21,48.9],[-118.21,48.89],[-118.21,48.88],[-118.21,48.87],[-118.2,48.87],[-118.2,48.86],[-118.19,48.85],[-118.2,48.84],[-118.19,48.84],[-118.18,48.84],[-118.18,48.83],[-118.17,48.83],[-118.17,48.82],[-118.16,48.81],[-118.16,48.8],[-118.16,48.79],[-118.15,48.79],[-118.14,48.78],[-118.13,48.78],[-118.13,48.77],[-118.13,48.76],[-118.13,48.75],[-118.13,48.74],[-118.12,48.74],[-118.12,48.73],[-118.13,48.73],[-118.13,48.72],[-118.12,48.72],[-118.12,48.71],[-118.12,48.7],[-118.12,48.69],[-118.11,48.68],[-118.12,48.68],[-118.12,48.67],[-118.11,48.67],[-118.11,48.66],[-118.1,48.65],[-118.11,48.64],[-118.12,48.64],[-118.12,48.63],[-118.12,48.62],[-118.13,48.62],[-118.13,48.61],[-118.13,48.6],[-118.13,48.59],[-118.13,48.58],[-118.13,48.57],[-118.14,48.57],[-118.14,48.56],[-118.14,48.55],[-118.14,48.54],[-118.14,48.53],[-118.15,48.52],[-118.16,48.52],[-118.17,48.52],[-118.18,48.52],[-118.18,48.51],[-118.18,48.5],[-118.18,48.49],[-118.19,48.49],[-118.19,48.48],[-118.2,48.48],[-118.2,48.47],[-118.21,48.47],[-118.21,48.46],[-118.21,48.45],[-118.2,48.44],[-118.2,48.43],[-118.2,48.42],[-118.2,48.41],[-118.2,48.4],[-118.19,48.39],[-118.19,48.38],[-118.18,48.37],[-118.18,48.36],[-118.18,48.35],[-118.18,48.34],[-118.18,48.33],[-118.18,48.32],[-118.17,48.32],[-118.17,48.31],[-118.16,48.3],[-118.15,48.3],[-118.15,48.29],[-118.15,48.28],[-118.14,48.27],[-118.14,48.26],[-118.14,48.25],[-118.15,48.25],[-118.15,48.24],[-118.16,48.23],[-118.17,48.23],[-118.18,48.22],[-118.19,48.22],[-118.19,48.21],[-118.19,48.2],[-118.19,48.19],[-118.2,48.19],[-118.2,48.18],[-118.19,48.17],[-118.19,48.16],[-118.19,48.15],[-118.2,48.14],[-118.21,48.14],[-118.22,48.14],[-118.23,48.14],[-118.23,48.13],[-118.24,48.14],[-118.25,48.13],[-118.25,48.12],[-118.25,48.11],[-118.24,48.11],[-118.24,48.1],[-118.23,48.1],[-118.23,48.09],[-118.23,48.08],[-118.24,48.08],[-118.23,48.07],[-118.23,48.06],[-118.24,48.06],[-118.25,48.05],[-118.25,48.06],[-118.26,48.06],[-118.27,48.06],[-118.27,48.05],[-118.27,48.04],[-118.28,48.04],[-118.3,48.04],[-118.31,48.04],[-118.32,48.04],[-118.33,48.05],[-118.34,48.05],[-118.35,48.05],[-118.36,48.05],[-118.37,48.04],[-118.38,48.04],[-118.39,48.04],[-118.4,48.03],[-118.4,48.02],[-118.39,48.01],[-118.38,48.01],[-118.38,48.0],[-118.37,48.0],[-118.37,47.99],[-118.36,47.98],[-118.35,47.97],[-118.35,47.95],[-118.36,47.93],[-118.35,47.92],[-118.34,47.9],[-118.34,47.89],[-118.35,47.89],[-118.35,47.88],[-118.35,47.87],[-118.35,47.86],[-118.36,47.86],[-118.36,47.85],[-118.36,47.84],[-118.37,47.83],[-118.38,47.83],[-118.39,47.83],[-118.4,47.83],[-118.41,47.83],[-118.42,47.84],[-118.43,47.84],[-118.44,47.84],[-118.45,47.85],[-118.46,47.86],[-118.46,47.87],[-118.46,47.88],[-118.47,47.88],[-118.48,47.88],[-118.49,47.88],[-118.49,47.87],[-118.5,47.87],[-118.51,47.88],[-118.53,47.88],[-118.54,47.88],[-118.54,47.89],[-118.53,47.9],[-118.53,47.91],[-118.54,47.92],[-118.55,47.92],[-118.56,47.93],[-118.57,47.93],[-118.58,47.93],[-118.59,47.93],[-118.6,47.93],[-118.61,47.93],[-118.62,47.93],[-118.63,47.93],[-118.64,47.93],[-118.65,47.93],[-118.66,47.93],[-118.66,47.94],[-118.67,47.94],[-118.68,47.94],[-118.69,47.94],[-118.7,47.94],[-118.71,47.93],[-118.71,47.92],[-118.71,47.91],[-118.71,47.9],[-118.72,47.9],[-118.73,47.9],[-118.74,47.9],[-118.75,47.91],[-118.76,47.91],[-118.77,47.91],[-118.78,47.92],[-118.8,47.92],[-118.81,47.92],[-118.82,47.92],[-118.82,47.93],[-118.83,47.93],[-118.83,47.95],[-118.84,47.95],[-118.84,47.96],[-118.85,47.96],[-118.85,47.99],[-118.85,48.0],[-118.85,48.03],[-118.85,48.08],[-118.85,48.14],[-118.87,48.21],[-118.89,48.25],[-118.91,48.28],[-118.97,48.32],[-119.02,48.35],[-119.08,48.37],[-119.18,48.38],[-119.24,48.4],[-119.31,48.42],[-119.34,48.45],[-119.38,48.48],[-119.41,48.54],[-119.4,48.61],[-119.38,48.69],[-119.33,48.77],[-119.32,48.88],[-119.32,49.0],[-118.22,49.0]]],[[[-118.13,48.78],[-118.13,48.79],[-118.12,48.78],[-118.12,48.77],[-118.13,48.78]]],[[[-118.2,49.0],[-118.19,49.0],[-118.2,48.99],[-118.2,49.0]]]]}},
{"type":"Feature","properties":{"ugc":"WAZ039","name":"Greater Vancouver Area","state":"WA","wfo":"PQR"},"geometry":{"type":"MultiPolygon","coordinates":[[[[-122.4,45.9],[-122.34,45.86],[-122.31,45.73],[-122.29,45.66],[-122.31,45.55],[-122.33,45.55],[-122.35,45.57],[-122.38,45.58],[-122.39,45.57],[-122.41,45.57],[-122.44,45.56],[-122.45,45.57],[-122.47,45.58],[-122.49,45.58],[-122.51,45.59],[-122.52,45.59],[-122.55,45.6],[-122.56,45.6],[-122.58,45.6],[-122.6,45.61],[-122.61,45.61],[-122.64,45.61],[-122.67,45.62],[-122.69,45.62],[-122.71,45.64],[-122.74,45.64],[-122.76,45.66],[-122.77,45.68],[-122.77,45.7],[-122.76,45.73],[-122.76,45.76],[-122.77,45.78],[-122.8,45.81],[-122.8,45.83],[-122.79,45.84],[-122.79,45.85],[-122.78,45.85],[-122.78,45.86],[-122.77,45.86],[-122.76,45.86],[-122.75,45.86],[-122.75,45.87],[-122.74,45.87],[-122.73,45.87],[-122.72,45.87],[-122.7,45.86],[-122.57,45.9],[-122.45,45.92],[-122.4,45.9]]]]}},
{"type":"Feature","properties":{"ugc":"WAZ040","name":"South Washington Cascade Foothills","state":"WA","wfo":"PQR"},"geometry":{"type":"MultiPolygon","coordinates":[[[[-122.5,46.39],[-122.48,46.39],[-122.47,46.39],[-122.47,46.38],[-122.54,46.34],[-122.56,46.3],[-122.57,46.23],[-122.54,46.14],[-122.48,46.08],[-122.41,46.05],[-122.29,46.07],[-122.26,46.06],[-122.25,46.06],[-122.25,46.05],[-122.24,46.05],[-122.2,46.01],[-122.17,45.94],[-122.17,45.88],[-122.16,45.8],[-122.16,45.72],[-122.17,45.62],[-122.25,45.66],[-122.29,45.66],[-122.31,45.73],[-122.34,45.86],[-122.4,45.9],[-122.45,45.92],[-122.57,45.9],[-122.7,45.86],[-122.72,45.87],[-122.73,45.88],[-122.73,45.89],[-122.73,45.9],[-122.74,45.89],[-122.75,45.89],[-122.75,45.9],[-122.74,45.9],[-122.74,45.91],[-122.74,45.92],[-122.73,45.91],[-122.75,45.94],[-122.77,46.05],[-122.77,46.14],[-122.77,46.21],[-122.78,46.3],[-122.79,46.39],[-122.75,46.39],[-122.65,46.39],[-122.63,46.39],[-122.62,46.39],[-122.5,46.39]]]]}},
{"type":"Feature","properties":{"ugc":"WAZ041","name":"Wenatchee Area","state":"WA","wfo":"OTX"},"geometry":{"type":"MultiPolygon","coordinates":[[[[-120.1,47.26],[-120.14,47.26],[-120.24,47.26],[-120.26,47.26],[-120.29,47.3],[-120.32,47.31],[-120.36,47.33],[-120.42,47.36],[-120.5,47.42],[-120.55,47.46],[-120.55,47.47],[-120.56,47.5],[-120.55,47.53],[-120.54,47.58],[-120.54,47.61],[-120.53,47.63],[-120.5,47.65],[-120.47,47.68],[-120.43,47.72],[-120.4,47.77],[-120.35,47.83],[-120.25,47.9],[-120.18,47.94],[-120.13,47.96],[-120.09,47.99],[-120.08,48.0],[-120.08,47.99],[-120.07,47.99],[-120.07,47.98],[-120.07,47.97],[-120.06,47.97],[-120.05,47.96],[-120.03,47.96],[-120.0,47.96],[-119.96,47.96],[-119.88,47.96],[-119.87,47.96],[-119.84,47.96],[-119.81,47.96],[-119.81,47.91],[-119.84,47.88],[-119.86,47.85],[-119.89,47.81],[-119.93,47.78],[-119.97,47.76],[-120.03,47.74],[-120.09,47.74],[-120.14,47.71],[-120.15,47.68],[-120.15,47.65],[-120.17,47.62],[-120.17,47.59],[-120.2,47.55],[-120.24,47.52],[-120.25,47.49],[-120.22,47.44],[-120.15,47.41],[-120.08,47.39],[-120.02,47.36],[-120.0,47.31],[-120.0,47.3],[-120.0,47.28],[-120.0,47.26],[-120.0,47.25],[-120.0,47.24],[-120.0,47.22],[-120.01,47.22],[-120.01,47.23],[-120.02,47.23],[-120.03,47.23],[-120.04,47.23],[-120.05,47.23],[-120.05,47.22],[-120.06,47.22],[-120.07,47.22],[-120.08,47.23],[-120.09,47.23],[-120.09,47.24],[-120.1,47.25],[-120.1,47.26]]]]}},
{"type":"Feature","properties":{"ugc":"WAZ042","name":"East Slopes Northern Cascades","state":"WA","wfo":"OTX"},"geometry":{"type":"MultiPolygon","coordinates":[[[[-121.12,47.62],[-121.12,47.63],[-121.13,47.63],[-121.13,47.64],[-121.13,47.65],[-121.13,47.66],[-121.12,47.66],[-121.12,47.67],[-121.13,47.67],[-121.13,47.68],[-121.12,47.68],[-121.12,47.69],[-121.11,47.69],[-121.1,47.69],[-121.09,47.7],[-121.08,47.7],[-121.07,47.7],[-121.07,47.71],[-121.07,47.72],[-121.08,47.72],[-121.08,47.73],[-121.08,47.74],[-121.09,47.74],[-121.09,47.75],[-121.09,47.76],[-121.1,47.76],[-121.11,47.76],[-121.11,47.77],[-121.12,47.77],[-121.12,47.78],[-121.11,47.79],[-121.11,47.8],[-121.1,47.8],[-121.09,47.8],[-121.09,47.81],[-121.08,47.81],[-121.08,47.82],[-121.07,47.82],[-121.07,47.83],[-121.08,47.83],[-121.09,47.83],[-121.1,47.83],[-121.11,47.83],[-121.12,47.83],[-121.12,47.84],[-121.13,47.84],[-121.14,47.84],[-121.15,47.84],[-121.15,47.85],[-121.15,47.86],[-121.15,47.87],[-121.16,47.87],[-121.16,47.88],[-121.17,47.88],[-121.17,47.89],[-121.18,47.89],[-121.18,47.9],[-121.17,47.91],[-121.18,47.92],[-121.17,47.93],[-121.17,47.94],[-121.16,47.94],[-121.16,47.95],[-121.16,47.96],[-121.15,47.97],[-121.15,47.98],[-121.14,47.98],[-121.13,47.99],[-121.12,47.99],[-121.12,48.0],[-121.12,48.01],[-121.13,48.01],[-121.13,48.02],[-121.14,48.03],[-121.15,48.03],[-121.15,48.04],[-121.14,48.04],[-121.13,48.04],[-121.13,48.05],[-121.12,48.05],[-121.12,48.06],[-121.11,48.06],[-121.1,48.06],[-121.09,48.06],[-121.08,48.06],[-121.07,48.07],[-121.06,48.07],[-121.05,48.07],[-121.04,48.07],[-121.04,48.08],[-121.03,48.08],[-121.02,48.08],[-121.01,48.08],[-121.0,48.08],[-121.0,48.09],[-120.99,48.09],[-120.98,48.09],[-120.98,48.1],[-120.97,48.1],[-120.97,48.11],[-120.96,48.11],[-120.95,48.11],[-120.95,48.12],[-120.96,48.12],[-120.96,48.13],[-120.96,48.14],[-120.96,48.15],[-120.95,48.15],[-120.95,48.16],[-120.94,48.16],[-120.93,48.16],[-120.92,48.16],[-120.91,48.16],[-120.91,48.17],[-120.91,48.18],[-120.92,48.18],[-120.92,48.19],[-120.93,48.19],[-120.93,48.2],[-120.94,48.2],[-120.95,48.2],[-120.95,48.21],[-120.96,48.21],[-120.96,48.22],[-120.96,48.23],[-120.97,48.23],[-120.97,48.24],[-120.98,48.24],[-120.98,48.25],[-120.99,48.25],[-120.99,48.26],[-121.0,48.26],[-121.0,48.27],[-121.01,48.27],[-121.01,48.28],[-121.0,48.29],[-121.0,48.3],[-121.01,48.3],[-121.02,48.3],[-121.03,48.3],[-121.03,48.31],[-121.04,48.31],[-121.05,48.31],[-121.06,48.32],[-121.07,48.32],[-121.07,48.33],[-121.07,48.34],[-121.06,48.34],[-121.06,48.35],[-121.05,48.35],[-121.04,48.35],[-121.04,48.36],[-121.05,48.37],[-121.05,48.38],[-121.06,48.38],[-121.06,48.39],[-121.07,48.39],[-121.06,48.4],[-121.06,48.41],[-121.05,48.41],[-121.04,48.41],[-121.05,48.42],[-121.04,48.42],[-121.04,48.43],[-121.04,48.44],[-121.04,48.45],[-121.05,48.45],[-121.06,48.45],[-121.06,48.46],[-121.06,48.47],[-121.06,48.48],[-121.05,48.48],[-121.05,48.49],[-121.04,48.49],[-121.03,48.5],[-121.02,48.5],[-121.02,48.49],[-121.01,48.49],[-121.0,48.49],[-121.0,48.5],[-120.99,48.5],[-120.98,48.5],[-120.97,48.5],[-120.96,48.5],[-120.95,48.5],[-120.95,48.51],[-120.95,48.52],[-120.95,48.53],[-120.94,48.53],[-120.93,48.53],[-120.92,48.53],[-120.92,48.52],[-120.91,48.52],[-120.9,48.52],[-120.9,48.53],[-120.89,48.54],[-120.88,48.54],[-120.88,48.53],[-120.87,48.53],[-120.86,48.53],[-120.86,48.54],[-120.86,48.55],[-120.85,48.55],[-120.84,48.55],[-120.83,48.55],[-120.82,48.54],[-120.81,48.53],[-120.81,48.52],[-120.81,48.51],[-120.8,48.51],[-120.79,48.51],[-120.78,48.51],[-120.77,48.51],[-120.76,48.51],[-120.75,48.51],[-120.75,48.52],[-120.74,48.52],[-120.73,48.52],[-120.72,48.52],[-120.71,48.52],[-120.71,48.53],[-120.7,48.53],[-120.7,48.54],[-120.71,48.54],[-120.7,48.55],[-120.7,48.56],[-120.69,48.56],[-120.69,48.57],[-120.69,48.58],[-120.7,48.58],[-120.7,48.59],[-120.71,48.59],[-120.72,48.6],[-120.72,48.59],[-120.73,48.59],[-120.73,48.58],[-120.74,48.58],[-120.75,48.58],[-120.76,48.58],[-120.76,48.59],[-120.77,48.59],[-120.78,48.6],[-120.79,48.61],[-120.78,48.61],[-120.78,48.62],[-120.79,48.62],[-120.79,48.63],[-120.78,48.63],[-120.77,48.64],[-120.76,48.64],[-120.75,48.65],[-120.75,48.66],[-120.74,48.66],[-120.73,48.67],[-120.72,48.66],[-120.72,48.67],[-120.71,48.68],[-120.71,48.69],[-120.7,48.7],[-120.69,48.7],[-120.68,48.69],[-120.68,48.7],[-120.68,48.71],[-120.68,48.72],[-120.67,48.72],[-120.66,48.72],[-120.65,48.72],[-120.66,48.73],[-120.67,48.73],[-120.68,48.74],[-120.69,48.74],[-120.69,48.75],[-120.69,48.76],[-120.7,48.76],[-120.71,48.77],[-120.72,48.77],[-120.73,48.78],[-120.74,48.79],[-120.74,48.8],[-120.74,48.81],[-120.74,48.82],[-120.74,48.83],[-120.74,48.84],[-120.74,48.85],[-120.73,48.85],[-120.73,48.86],[-120.74,48.86],[-120.75,48.87],[-120.76,48.87],[-120.76,48.88],[-120.77,48.88],[-120.76,48.89],[-120.77,48.89],[-120.76,48.9],[-120.77,48.9],[-120.77,48.91],[-120.77,48.92],[-120.77,48.93],[-120.76,48.93],[-120.75,48.94],[-120.76,48.94],[-120.76,48.95],[-120.77,48.95],[-120.77,48.96],[-120.78,48.96],[-120.79,48.96],[-120.8,48.96],[-120.8,48.95],[-120.81,48.95],[-120.82,48.95],[-120.82,48.94],[-120.83,48.94],[-120.84,48.94],[-120.84,48.95],[-120.85,48.96],[-120.86,48.96],[-120.87,48.96],[-120.88,48.96],[-120.88,48.97],[-120.88,48.98],[-120.87,48.98],[-120.86,48.98],[-120.86,48.99],[-120.85,48.99],[-120.85,49.0],[-120.68,49.0],[-120.56,49.0],[-120.44,49.0],[-120.28,49.0],[-120.04,49.0],[-119.77,49.0],[-119.73,48.96],[-119.7,48.93],[-119.67,48.91],[-119.64,48.89],[-119.62,48.85],[-119.6,48.8],[-119.58,48.74],[-119.58,48.64],[-119.6,48.55],[-119.63,48.48],[-119.67,48.4],[-119.7,48.36],[-119.74,48.33],[-119.78,48.3],[-119.79,48.24],[-119.8,48.21],[-119.82,48.18],[-119.87,48.16],[-119.92,48.14],[-119.98,48.08],[-120.03,48.04],[-120.08,48.01],[-120.08,48.0],[-120.09,47.99],[-120.13,47.96],[-120.18,47.94],[-120.25,47.9],[-120.35,47.83],[-120.4,47.77],[-120.43,47.72],[-120.47,47.68],[-120.5,47.65],[-120.53,47.63],[-120.54,47.61],[-120.54,47.58],[-120.55,47.53],[-120.56,47.5],[-120.55,47.47],[-120.55,47.46],[-120.5,47.42],[-120.42,47.36],[-120.36,47.33],[-120.32,47.31],[-120.29,47.3],[-120.26,47.26],[-120.27,47.26],[-120.3,47.26],[-120.34,47.26],[-120.38,47.26],[-120.39,47.26],[-120.39,47.27],[-120.4,47.27],[-120.42,47.27],[-120.43,47.27],[-120.43,47.28],[-120.44,47.28],[-120.45,47.29],[-120.45,47.3],[-120.46,47.3],[-120.47,47.3],[-120.47,47.31],[-120.48,47.31],[-120.49,47.31],[-120.5,47.32],[-120.51,47.32],[-120.52,47.32],[-120.52,47.33],[-120.53,47.33],[-120.53,47.32],[-120.54,47.31],[-120.55,47.31],[-120.56,47.31],[-120.57,47.31],[-120.57,47.32],[-120.58,47.33],[-120.58,47.34],[-120.59,47.34],[-120.6,47.34],[-120.61,47.34],[-120.62,47.35],[-120.62,47.34],[-120.63,47.34],[-120.64,47.34],[-120.65,47.34],[-120.66,47.34],[-120.67,47.34],[-120.67,47.35],[-120.68,47.35],[-120.69,47.36],[-120.7,47.36],[-120.7,47.37],[-120.71,47.37],[-120.72,47.37],[-120.72,47.38],[-120.73,47.38],[-120.73,47.39],[-120.74,47.39],[-120.75,47.39],[-120.76,47.4],[-120.77,47.4],[-120.78,47.4],[-120.79,47.4],[-120.79,47.41],[-120.8,47.42],[-120.81,47.42],[-120.82,47.42],[-120.83,47.42],[-120.84,47.42],[-120.84,47.41],[-120.85,47.41],[-120.85,47.42],[-120.86,47.42],[-120.87,47.42],[-120.88,47.42],[-120.89,47.42],[-120.89,47.43],[-120.9,47.43],[-120.91,47.43],[-120.92,47.43],[-120.92,47.44],[-120.92,47.45],[-120.93,47.45],[-120.93,47.46],[-120.95,47.46],[-120.95,47.47],[-120.95,47.48],[-120.96,47.48],[-120.97,47.49],[-120.98,47.49],[-120.99,47.5],[-120.99,47.51],[-121.0,47.52],[-121.01,47.52],[-121.02,47.52],[-121.03,47.53],[-121.04,47.54],[-121.05,47.53],[-121.05,47.54],[-121.06,47.54],[-121.07,47.55],[-121.08,47.55],[-121.08,47.56],[-121.09,47.57],[-121.09,47.58],[-121.09,47.59],[-121.1,47.59],[-121.11,47.59],[-121.11,47.6],[-121.12,47.61],[-121.12,47.62]]]]}},
{"type":"Feature","properties":{"ugc":"WAZ043","name":"Okanogan Valley","state":"WA","wfo":"OTX"},"geometry":{"type":"MultiPolygon","coordinates":[[[[-120.07,47.98],[-120.07,47.99],[-120.08,47.99],[-120.08,48.0],[-120.08,48.01],[-120.03,48.04],[-119.98,48.08],[-119.92,48.14],[-119.87,48.16],[-119.82,48.18],[-119.8,48.21],[-119.79,48.24],[-119.78,48.3],[-119.74,48.33],[-119.7,48.36],[-119.67,48.4],[-119.63,48.48],[-119.6,48.55],[-119.58,48.64],[-119.58,48.74],[-119.6,48.8],[-119.62,48.85],[-119.64,48.89],[-119.67,48.91],[-119.7,48.93],[-119.73,48.96],[-119.77,49.0],[-119.32,49.0],[-119.32,48.88],[-119.33,48.77],[-119.38,48.69],[-119.4,48.61],[-119.41,48.54],[-119.38,48.48],[-119.34,48.45],[-119.31,48.42],[-119.24,48.4],[-119.18,48.38],[-119.08,48.37],[-119.02,48.35],[-118.97,48.32],[-118.91,48.28],[-118.89,48.25],[-118.87,48.21],[-118.85,48.14],[-118.85,48.08],[-119.02,48.08],[-119.09,48.08],[-119.09,48.07],[-119.1,48.07],[-119.13,48.08],[-119.18,48.07],[-119.25,48.05],[-119.28,48.03],[-119.33,48.0],[-119.38,47.99],[-119.45,48.01],[-119.51,48.0],[-119.56,47.97],[-119.61,47.93],[-119.69,47.94],[-119.72,47.98],[-119.73,48.02],[-119.75,48.04],[-119.79,48.03],[-119.81,47.98],[-119.81,47.96],[-119.84,47.96],[-119.87,47.96],[-119.88,47.96],[-119.96,47.96],[-120.0,47.96],[-120.03,47.96],[-120.05,47.96],[-120.06,47.97],[-120.07,47.97],[-120.07,47.98]]]]}},
{"type":"Feature","properties":{"ugc":"WAZ044","name":"Waterville Plateau","state":"WA","wfo":"OTX"},"geometry":{"type":"MultiPolygon","coordinates":[[[[-119.09,48.07],[-119.07,48.05],[-119.06,48.0],[-119.06,47.97],[-119.06,47.96],[-119.1,47.96],[-119.1,47.95],[-119.13,47.95],[-119.13,47.92],[-119.15,47.92],[-119.15,47.9],[-119.19,47.9],[-119.19,47.89],[-119.21,47.89],[-119.21,47.84],[-119.21,47.82],[-119.21,47.8],[-119.23,47.8],[-119.23,47.77],[-119.24,47.77],[-119.25,47.77],[-119.26,47.77],[-119.26,47.74],[-119.28,47.74],[-119.28,47.73],[-119.29,47.73],[-119.3,47.73],[-119.3,47.67],[-119.31,47.67],[-119.32,47.67],[-119.32,47.63],[-119.34,47.63],[-119.34,47.62],[-119.34,47.61],[-119.37,47.61],[-119.39,47.61],[-119.41,47.61],[-119.41,47.6],[-119.43,47.6],[-119.43,47.58],[-119.45,47.58],[-119.45,47.57],[-119.47,47.57],[-119.47,47.56],[-119.49,47.56],[-119.49,47.54],[-119.5,47.54],[-119.51,47.54],[-119.51,47.53],[-119.53,47.53],[-119.53,47.52],[-119.53,47.47],[-119.53,47.44],[-119.53,47.43],[-119.53,47.41],[-119.53,47.37],[-119.55,47.34],[-119.58,47.31],[-119.62,47.3],[-119.67,47.29],[-119.74,47.28],[-119.78,47.28],[-119.92,47.29],[-120.0,47.3],[-120.0,47.31],[-120.02,47.36],[-120.08,47.39],[-120.15,47.41],[-120.22,47.44],[-120.25,47.49],[-120.24,47.52],[-120.2,47.55],[-120.17,47.59],[-120.17,47.62],[-120.15,47.65],[-120.15,47.68],[-120.14,47.71],[-120.09,47.74],[-120.03,47.74],[-119.97,47.76],[-119.93,47.78],[-119.89,47.81],[-119.86,47.85],[-119.84,47.88],[-119.81,47.91],[-119.81,47.96],[-119.81,47.98],[-119.79,48.03],[-119.75,48.04],[-119.73,48.02],[-119.72,47.98],[-119.69,47.94],[-119.61,47.93],[-119.56,47.97],[-119.51,48.0],[-119.45,48.01],[-119.38,47.99],[-119.33,48.0],[-119.28,48.03],[-119.25,48.05],[-119.18,48.07],[-119.13,48.08],[-119.1,48.07],[-119.09,48.07]]]]}},
{"type":"Feature","properties":{"ugc":"WAZ045","name":"Western Columbia River Gorge","state":"WA","wfo":"PQR"},"geometry":{"type":"MultiPolygon","coordinates":[[[[-121.94,45.64],[-121.95,45.64],[-121.96,45.63],[-121.98,45.62],[-122.0,45.62],[-122.02,45.62],[-122.04,45.61],[-122.1,45.58],[-122.11,45.58],[-122.13,45.58],[-122.14,45.58],[-122.18,45.58],[-122.2,45.56],[-122.25,45.55],[-122.26,45.54],[-122.27,45.54],[-122.3,45.54],[-122.31,45.55],[-122.29,45.66],[-122.25,45.66],[-122.17,45.62],[-122.04,45.66],[-121.94,45.73],[-121.9,45.75],[-121.87,45.75],[-121.83,45.7],[-121.87,45.69],[-121.88,45.69],[-121.9,45.67],[-121.9,45.66],[-121.91,45.65],[-121.94,45.64]]]]}},
{"type":"Feature","properties":{"ugc":"WAZ046","name":"Central Columbia River Gorge","state":"WA","wfo":"PQR"},"geometry":{"type":"MultiPolygon","coordinates":[[[[-121.6,45.78],[-121.57,45.78],[-121.53,45.78],[-121.53,45.77],[-121.54,45.77],[-121.54,45.76],[-121.53,45.76],[-121.53,45.75],[-121.52,45.75],[-121.52,45.74],[-121.52,45.73],[-121.52,45.72],[-121.53,45.73],[-121.63,45.71],[-121.63,45.7],[-121.67,45.71],[-121.71,45.69],[-121.74,45.69],[-121.78,45.7],[-121.81,45.71],[-121.83,45.7],[-121.87,45.75],[-121.74,45.74],[-121.71,45.74],[-121.65,45.77],[-121.6,45.78]]]]}},
{"type":"Feature","properties":{"ugc":"WAZ047","name":"Central Chelan County","state":"WA","wfo":"OTX"},"geometry":{"type":"MultiPolygon","coordinates":[[[[-120.8289,47.4233],[-120.7739,47.5278],[-120.7721,47.6852],[-120.7408,47.7514],[-120.749,47.7842],[-120.8222,47.8158],[-120.8407,47.8345],[-120.8329,47.8508],[-120.8243,47.8579],[-120.7752,47.8986],[-120.6718,47.9894],[-120.6803,48.0983],[-120.6034,48.1792],[-120.5114,48.227],[-120.4374,48.2551],[-120.4346,48.2543],[-120.4344,48.2542],[-120.4331,48.2535],[-120.4299,48.2512],[-120.4225,48.25],[-120.4194,48.2498],[-120.416,48.2491],[-120.4091,48.2472],[-120.4075,48.2463],[-120.4074,48.2462],[-120.404,48.2452],[-120.4024,48.2452],[-120.4016,48.2451],[-120.4002,48.2451],[-120.3969,48.244],[-120.3938,48.2434],[-120.3932,48.2432],[-120.3918,48.2427],[-120.3914,48.2425],[-120.3889,48.2404],[-120.3871,48.2381],[-120.3854,48.2357],[-120.3846,48.2336],[-120.3846,48.2335],[-120.3862,48.2323],[-120.3861,48.2323],[-120.3861,48.2322],[-120.3883,48.2306],[-120.39,48.2277],[-120.3889,48.2273],[-120.3873,48.2266],[-120.3853,48.2248],[-120.3844,48.2234],[-120.3834,48.2216],[-120.3808,48.2198],[-120.3799,48.2195],[-120.3794,48.2194],[-120.377,48.2186],[-120.3765,48.2186],[-120.3734,48.2187],[-120.372,48.2189],[-120.3696,48.2192],[-120.3694,48.2192],[-120.3657,48.2189],[-120.3584,48.2198],[-120.3557,48.2188],[-120.3549,48.2185],[-120.3546,48.2162],[-120.3546,48.2161],[-120.3538,48.2132],[-120.3527,48.2118],[-120.3503,48.2088],[-120.3481,48.206],[-120.3468,48.2018],[-120.3469,48.2],[-120.3469,48.1989],[-120.3514,48.193],[-120.3515,48.1906],[-120.3516,48.1894],[-120.3533,48.1858],[-120.355,48.1848],[-120.3569,48.1836],[-120.3577,48.1803],[-120.3577,48.1801],[-120.3583,48.1765],[-120.36,48.1742],[-120.362,48.1721],[-120.362,48.1681],[-120.3609,48.1645],[-120.3608,48.1643],[-120.359,48.1569],[-120.3557,48.1554],[-120.3542,48.1548],[-120.3536,48.1545],[-120.3534,48.1536],[-120.3527,48.1508],[-120.3496,48.1464],[-120.3493,48.1462],[-120.3472,48.1442],[-120.3466,48.1437],[-120.3461,48.1432],[-120.3428,48.1437],[-120.3392,48.1426],[-120.3388,48.1424],[-120.3363,48.1411],[-120.3333,48.1388],[-120.3314,48.1362],[-120.3289,48.1333],[-120.3268,48.1308],[-120.3252,48.1282],[-120.3251,48.1279],[-120.3193,48.1245],[-120.3186,48.1245],[-120.3176,48.1244],[-120.3168,48.1244],[-120.316,48.1246],[-120.314,48.1252],[-120.311,48.1265],[-120.3083,48.127],[-120.305,48.1267],[-120.304,48.1268],[-120.3027,48.1269],[-120.302,48.1269],[-120.3019,48.1269],[-120.3013,48.1273],[-120.2988,48.1289],[-120.294,48.1294],[-120.2909,48.1291],[-120.2906,48.1291],[-120.2891,48.1268],[-120.288,48.125],[-120.2873,48.1247],[-120.2852,48.1239],[-120.2837,48.1237],[-120.2804,48.1233],[-120.2779,48.1212],[-120.277,48.1208],[-120.2758,48.1202],[-120.2737,48.1188],[-120.2731,48.1178],[-120.2727,48.117],[-120.2724,48.1164],[-120.2705,48.1144],[-120.2682,48.113],[-120.2679,48.1128],[-120.2656,48.1107],[-120.2642,48.1105],[-120.2626,48.1102],[-120.2593,48.11],[-120.2587,48.1099],[-120.258,48.1092],[-120.2559,48.107],[-120.254,48.1061],[-120.2531,48.1057],[-120.2528,48.1055],[-120.2521,48.1048],[-120.2509,48.1036],[-120.2504,48.1034],[-120.2472,48.1019],[-120.2448,48.1008],[-120.2425,48.0977],[-120.2403,48.096],[-120.2379,48.0952],[-120.2378,48.0952],[-120.2375,48.0949],[-120.2355,48.093],[-120.2351,48.0925],[-120.2352,48.0904],[-120.2352,48.0891],[-120.2344,48.089],[-120.232,48.0886],[-120.2313,48.0885],[-120.2285,48.0877],[-120.2284,48.0876],[-120.2265,48.0859],[-120.2242,48.0844],[-120.2239,48.0842],[-120.2219,48.0842],[-120.2202,48.0842],[-120.215,48.0804],[-120.2138,48.0795],[-120.212,48.0788],[-120.2116,48.0786],[-120.2115,48.0786],[-120.2113,48.0785],[-120.2096,48.0784],[-120.209,48.0784],[-120.2086,48.0784],[-120.2034,48.0775],[-120.2016,48.0772],[-120.2014,48.0772],[-120.2,48.0772],[-120.1968,48.0772],[-120.194,48.0774],[-120.1933,48.0775],[-120.1903,48.0777],[-120.1891,48.078],[-120.188,48.0783],[-120.1874,48.0782],[-120.1859,48.0778],[-120.1852,48.0776],[-120.1834,48.0753],[-120.1831,48.0749],[-120.1791,48.0731],[-120.1788,48.073],[-120.1728,48.0706],[-120.1688,48.0696],[-120.1652,48.0687],[-120.158,48.0686],[-120.1563,48.0663],[-120.152,48.066],[-120.1496,48.0656],[-120.1434,48.0644],[-120.1415,48.0618],[-120.137,48.0594],[-120.134,48.0578],[-120.1339,48.0574],[-120.1338,48.057],[-120.1337,48.0565],[-120.133,48.0541],[-120.1363,48.053],[-120.1364,48.053],[-120.1398,48.0541],[-120.1433,48.0536],[-120.1459,48.0533],[-120.1463,48.0532],[-120.149,48.052],[-120.1473,48.049],[-120.1483,48.0478],[-120.1499,48.0457],[-120.15,48.0456],[-120.1498,48.0455],[-120.1476,48.0434],[-120.1475,48.0433],[-120.1466,48.039],[-120.1462,48.0373],[-120.1447,48.0367],[-120.1446,48.0367],[-120.1422,48.0358],[-120.1419,48.0357],[-120.1364,48.0341],[-120.1328,48.0335],[-120.1287,48.0333],[-120.1259,48.0327],[-120.1216,48.0313],[-120.1202,48.0287],[-120.12,48.0283],[-120.1198,48.028],[-120.1197,48.0278],[-120.1159,48.0262],[-120.113,48.0249],[-120.1051,48.0226],[-120.1024,48.0215],[-120.1,48.0213],[-120.099,48.0211],[-120.0955,48.0205],[-120.0927,48.0192],[-120.092,48.0189],[-120.0886,48.0162],[-120.088,48.0151],[-120.0878,48.0149],[-120.0872,48.0137],[-120.0838,48.0109],[-120.083,48.0102],[-120.0819,48.006],[-120.0799,48.0029],[-120.0895,47.9936],[-120.1037,47.9826],[-120.1268,47.9646],[-120.1779,47.9427],[-120.2475,47.8988],[-120.3537,47.8256],[-120.4013,47.767],[-120.4343,47.7157],[-120.4709,47.6827],[-120.4957,47.6531],[-120.53,47.626],[-120.5364,47.6147],[-120.5435,47.5783],[-120.5523,47.5294],[-120.5555,47.4983],[-120.5539,47.4722],[-120.5521,47.4619],[-120.5043,47.4161],[-120.4151,47.3605],[-120.3575,47.3337],[-120.3188,47.3131],[-120.2918,47.2976],[-120.257,47.2615],[-120.273,47.2613],[-120.3045,47.2613],[-120.3435,47.2615],[-120.3762,47.2611],[-120.3897,47.2617],[-120.3928,47.2633],[-120.3949,47.2655],[-120.3962,47.2675],[-120.4049,47.2735],[-120.4156,47.2745],[-120.4196,47.2751],[-120.4228,47.2747],[-120.4272,47.2747],[-120.4322,47.2779],[-120.4359,47.2819],[-120.438,47.2833],[-120.4403,47.2845],[-120.4473,47.2891],[-120.449,47.2913],[-120.4493,47.2933],[-120.4521,47.2959],[-120.4593,47.2995],[-120.4643,47.3007],[-120.4688,47.3039],[-120.4715,47.3047],[-120.474,47.3059],[-120.4774,47.3069],[-120.4811,47.3055],[-120.4846,47.3065],[-120.4876,47.3087],[-120.4884,47.3119],[-120.4931,47.3149],[-120.4965,47.3167],[-120.5001,47.3171],[-120.5029,47.3177],[-120.5075,47.3175],[-120.5136,47.3197],[-120.5161,47.3209],[-120.5182,47.3231],[-120.5194,47.3265],[-120.5213,47.3289],[-120.5228,47.3315],[-120.5251,47.3333],[-120.5279,47.3337],[-120.5309,47.3329],[-120.5325,47.3296],[-120.5313,47.3272],[-120.531,47.3236],[-120.5303,47.3199],[-120.5285,47.3177],[-120.5298,47.3157],[-120.5375,47.3137],[-120.5465,47.3121],[-120.5479,47.3095],[-120.5488,47.3073],[-120.553,47.3081],[-120.5571,47.3069],[-120.5608,47.3069],[-120.5641,47.3079],[-120.568,47.3095],[-120.5703,47.3119],[-120.5689,47.3155],[-120.5691,47.3197],[-120.5717,47.3233],[-120.5769,47.3277],[-120.5775,47.3305],[-120.5785,47.3335],[-120.5785,47.3367],[-120.5835,47.3381],[-120.5861,47.3383],[-120.5897,47.3393],[-120.5958,47.3397],[-120.5996,47.3403],[-120.6031,47.3393],[-120.6038,47.3394],[-120.6067,47.3401],[-120.6086,47.3421],[-120.6122,47.3431],[-120.6147,47.3441],[-120.6181,47.3451],[-120.6236,47.3431],[-120.6262,47.3419],[-120.6288,47.3419],[-120.6316,47.3411],[-120.6347,47.3419],[-120.6374,47.3429],[-120.6437,47.3431],[-120.6491,47.3417],[-120.6576,47.3433],[-120.665,47.3435],[-120.6667,47.3447],[-120.6688,47.3453],[-120.6727,47.3477],[-120.6746,47.3501],[-120.6778,47.3509],[-120.6812,47.3505],[-120.687,47.3551],[-120.6903,47.3569],[-120.6927,47.3601],[-120.695,47.3623],[-120.6971,47.3635],[-120.701,47.3653],[-120.709,47.3653],[-120.7112,47.3673],[-120.7187,47.3689],[-120.7214,47.3709],[-120.7232,47.3729],[-120.7244,47.3775],[-120.7263,47.3805],[-120.7266,47.3837],[-120.7264,47.3877],[-120.7282,47.3897],[-120.7307,47.3917],[-120.7347,47.3933],[-120.7393,47.3931],[-120.7434,47.3943],[-120.7512,47.3945],[-120.755,47.3959],[-120.7578,47.3975],[-120.7611,47.3977],[-120.7647,47.3983],[-120.7678,47.3995],[-120.7701,47.3995],[-120.7729,47.3989],[-120.776,47.3999],[-120.782,47.3995],[-120.7853,47.4015],[-120.7875,47.4047],[-120.7914,47.4067],[-120.7939,47.4095],[-120.7947,47.4133],[-120.7985,47.4165],[-120.8021,47.4221],[-120.8054,47.4219],[-120.8095,47.4201],[-120.8133,47.4201],[-120.8167,47.4207],[-120.8194,47.4209],[-120.8232,47.4223],[-120.8289,47.4233]]]]}},
{"type":"Feature","properties":{"ugc":"WAZ048","name":"Western Chelan County","state":"WA","wfo":"OTX"},"geometry":{"type":"MultiPolygon","coordinates":[[[[-120.7018,48.5318],[-120.7002,48.5319],[-120.6997,48.5319],[-120.6968,48.5325],[-120.6934,48.5323],[-120.6912,48.5321],[-120.6905,48.5319],[-120.6892,48.5315],[-120.6875,48.5309],[-120.685,48.5308],[-120.6845,48.5308],[-120.6817,48.5309],[-120.6803,48.5311],[-120.6779,48.5313],[-120.6763,48.5315],[-120.6727,48.5326],[-120.6716,48.5329],[-120.6707,48.5329],[-120.6691,48.5329],[-120.6682,48.533],[-120.6633,48.5337],[-120.6604,48.5346],[-120.6591,48.535],[-120.6584,48.5352],[-120.6561,48.5364],[-120.6553,48.5368],[-120.653,48.5367],[-120.6518,48.5366],[-120.6517,48.5364],[-120.6511,48.535],[-120.6506,48.534],[-120.6489,48.5327],[-120.6488,48.5326],[-120.6489,48.5311],[-120.649,48.5284],[-120.6494,48.5266],[-120.6495,48.5264],[-120.6495,48.5263],[-120.6502,48.5259],[-120.6522,48.5249],[-120.6549,48.5228],[-120.6556,48.5216],[-120.6557,48.5215],[-120.6562,48.5205],[-120.6563,48.5203],[-120.6564,48.5178],[-120.6566,48.5174],[-120.6575,48.5159],[-120.6577,48.5156],[-120.6576,48.5153],[-120.6569,48.5137],[-120.6569,48.5136],[-120.6566,48.5131],[-120.656,48.5117],[-120.6563,48.5093],[-120.6566,48.5073],[-120.6485,48.5052],[-120.6457,48.5044],[-120.6432,48.5036],[-120.6424,48.5032],[-120.6408,48.5023],[-120.6394,48.5021],[-120.6384,48.502],[-120.6362,48.5011],[-120.6359,48.501],[-120.6322,48.4998],[-120.6298,48.4986],[-120.6293,48.4977],[-120.629,48.4972],[-120.6288,48.4968],[-120.6287,48.4966],[-120.629,48.4965],[-120.6295,48.4962],[-120.6303,48.4958],[-120.6311,48.4954],[-120.6317,48.4955],[-120.6343,48.496],[-120.6345,48.496],[-120.6374,48.4958],[-120.6383,48.4957],[-120.6384,48.4956],[-120.6385,48.4956],[-120.64,48.4944],[-120.6432,48.492],[-120.6458,48.4908],[-120.6495,48.4887],[-120.6496,48.4885],[-120.6506,48.4864],[-120.6516,48.4855],[-120.6522,48.4849],[-120.653,48.4842],[-120.6532,48.4834],[-120.6538,48.4812],[-120.6538,48.4811],[-120.6535,48.4806],[-120.6519,48.4776],[-120.6481,48.4763],[-120.643,48.4739],[-120.6406,48.4736],[-120.6403,48.4735],[-120.6371,48.4725],[-120.6365,48.472],[-120.6341,48.47],[-120.6331,48.4691],[-120.6345,48.4689],[-120.6373,48.4685],[-120.6387,48.4685],[-120.6409,48.4685],[-120.6413,48.4683],[-120.6435,48.4669],[-120.6444,48.4661],[-120.6485,48.4622],[-120.6509,48.4608],[-120.6513,48.4584],[-120.6524,48.4563],[-120.6536,48.4551],[-120.6542,48.4545],[-120.6554,48.4525],[-120.6594,48.4519],[-120.6631,48.4517],[-120.6661,48.4516],[-120.667,48.4502],[-120.6676,48.4493],[-120.6654,48.4459],[-120.664,48.4423],[-120.6611,48.4413],[-120.6607,48.4412],[-120.6578,48.4407],[-120.6576,48.4407],[-120.6566,48.4401],[-120.6521,48.4372],[-120.652,48.4371],[-120.6514,48.4337],[-120.6513,48.4331],[-120.6514,48.4329],[-120.6525,48.4312],[-120.6526,48.431],[-120.6532,48.4309],[-120.6553,48.4306],[-120.6553,48.4301],[-120.6553,48.4285],[-120.6535,48.4263],[-120.6515,48.423],[-120.6515,48.4229],[-120.6496,48.4176],[-120.6488,48.4137],[-120.6476,48.4128],[-120.6452,48.4108],[-120.6452,48.4099],[-120.6452,48.4071],[-120.6451,48.4066],[-120.6449,48.4051],[-120.6448,48.4044],[-120.6453,48.4015],[-120.6478,48.3996],[-120.6479,48.3993],[-120.648,48.3991],[-120.6489,48.3972],[-120.6446,48.3968],[-120.6437,48.3968],[-120.6401,48.3966],[-120.6302,48.3966],[-120.6282,48.3968],[-120.6276,48.3969],[-120.6252,48.3977],[-120.6222,48.3983],[-120.6152,48.3951],[-120.6115,48.3944],[-120.6083,48.3913],[-120.6058,48.3893],[-120.6051,48.3888],[-120.6008,48.3861],[-120.6005,48.3859],[-120.5978,48.3853],[-120.5969,48.3851],[-120.5942,48.3848],[-120.5929,48.3847],[-120.5888,48.3837],[-120.5882,48.3831],[-120.5871,48.382],[-120.5855,48.3804],[-120.5822,48.3794],[-120.5818,48.3793],[-120.5749,48.3785],[-120.5715,48.3771],[-120.5689,48.3765],[-120.5682,48.3763],[-120.5671,48.3743],[-120.567,48.374],[-120.5655,48.3729],[-120.5631,48.3717],[-120.5624,48.3693],[-120.5631,48.3662],[-120.562,48.3639],[-120.561,48.3617],[-120.5628,48.3595],[-120.5629,48.3594],[-120.5663,48.3579],[-120.5669,48.3546],[-120.568,48.3518],[-120.5688,48.349],[-120.5713,48.3472],[-120.5715,48.3471],[-120.5749,48.346],[-120.5759,48.3454],[-120.5776,48.3444],[-120.5787,48.3424],[-120.5839,48.3378],[-120.5848,48.3353],[-120.5847,48.3325],[-120.584,48.329],[-120.5851,48.3257],[-120.5852,48.3254],[-120.5855,48.3251],[-120.5879,48.3225],[-120.5874,48.3221],[-120.5843,48.3197],[-120.58,48.3194],[-120.5773,48.3185],[-120.5751,48.3185],[-120.5742,48.3185],[-120.5705,48.3173],[-120.5659,48.3164],[-120.5651,48.3161],[-120.562,48.3148],[-120.56,48.3123],[-120.5567,48.311],[-120.5561,48.3107],[-120.556,48.3107],[-120.556,48.3106],[-120.5542,48.3097],[-120.5522,48.3078],[-120.5485,48.3071],[-120.5457,48.3066],[-120.5411,48.3069],[-120.5376,48.3074],[-120.5344,48.3072],[-120.5283,48.3068],[-120.5257,48.3073],[-120.52,48.3106],[-120.5183,48.3111],[-120.5174,48.3112],[-120.5171,48.3114],[-120.516,48.3117],[-120.5154,48.3119],[-120.5139,48.3116],[-120.5122,48.3113],[-120.5113,48.3086],[-120.5088,48.3069],[-120.5067,48.3034],[-120.504,48.301],[-120.5031,48.3],[-120.5028,48.2997],[-120.5023,48.299],[-120.4995,48.2959],[-120.4994,48.2959],[-120.4981,48.2954],[-120.4978,48.2952],[-120.4937,48.2934],[-120.4923,48.2907],[-120.4901,48.2884],[-120.4878,48.2864],[-120.4838,48.2845],[-120.4822,48.2837],[-120.4784,48.2796],[-120.4776,48.2787],[-120.4758,48.278],[-120.4753,48.2777],[-120.4706,48.2774],[-120.4683,48.277],[-120.4665,48.274],[-120.4669,48.2727],[-120.4677,48.2702],[-120.4677,48.2699],[-120.4664,48.2678],[-120.4638,48.2671],[-120.4612,48.2656],[-120.4588,48.2646],[-120.4566,48.2634],[-120.4546,48.2618],[-120.4535,48.2614],[-120.4516,48.2606],[-120.4469,48.2605],[-120.4465,48.2605],[-120.4428,48.2602],[-120.4422,48.2598],[-120.4386,48.2572],[-120.4368,48.2555],[-120.4349,48.2545],[-120.4346,48.2543],[-120.4374,48.2551],[-120.5114,48.227],[-120.6034,48.1792],[-120.6803,48.0983],[-120.6718,47.9894],[-120.7752,47.8986],[-120.8243,47.8579],[-120.8329,47.8508],[-120.8407,47.8345],[-120.8222,47.8158],[-120.749,47.7842],[-120.7408,47.7514],[-120.7721,47.6852],[-120.7739,47.5278],[-120.8289,47.4233],[-120.829,47.4233],[-120.8314,47.4219],[-120.8366,47.4175],[-120.8368,47.4169],[-120.8369,47.4164],[-120.8373,47.4151],[-120.8396,47.4133],[-120.842,47.4122],[-120.843,47.4117],[-120.8431,47.4117],[-120.8501,47.4141],[-120.8523,47.4155],[-120.8549,47.4167],[-120.8576,47.4189],[-120.8609,47.4203],[-120.8633,47.4197],[-120.8655,47.4189],[-120.8674,47.4168],[-120.8693,47.4161],[-120.8702,47.4157],[-120.8724,47.4157],[-120.8771,47.4187],[-120.8855,47.4231],[-120.8868,47.4253],[-120.8891,47.4267],[-120.8916,47.4269],[-120.895,47.4263],[-120.898,47.4261],[-120.9019,47.4267],[-120.9052,47.4257],[-120.9072,47.4253],[-120.9099,47.4261],[-120.9128,47.4277],[-120.9166,47.4289],[-120.9193,47.4307],[-120.9222,47.4323],[-120.9244,47.4343],[-120.9243,47.4422],[-120.9232,47.4485],[-120.9276,47.4507],[-120.9304,47.4533],[-120.9309,47.4575],[-120.9347,47.4593],[-120.9489,47.4611],[-120.9522,47.4625],[-120.951,47.4672],[-120.949,47.4697],[-120.9473,47.4731],[-120.9511,47.4761],[-120.9535,47.4767],[-120.9538,47.477],[-120.9557,47.4785],[-120.9576,47.4805],[-120.9589,47.4831],[-120.9654,47.4873],[-120.9683,47.4885],[-120.971,47.4885],[-120.974,47.4893],[-120.9767,47.4905],[-120.9789,47.4905],[-120.9826,47.4935],[-120.9876,47.4987],[-120.9908,47.5005],[-120.992,47.5027],[-120.9944,47.5057],[-120.992,47.5098],[-120.9923,47.5133],[-120.9941,47.5149],[-120.9961,47.5173],[-121.0029,47.5199],[-121.0072,47.5211],[-121.0147,47.5217],[-121.0181,47.5223],[-121.0211,47.5233],[-121.0243,47.5247],[-121.0255,47.5281],[-121.0309,47.5315],[-121.0398,47.5351],[-121.0467,47.5349],[-121.0504,47.5365],[-121.0539,47.5383],[-121.0568,47.5405],[-121.0594,47.5421],[-121.0606,47.5447],[-121.0675,47.5493],[-121.0706,47.5507],[-121.0744,47.5511],[-121.0767,47.5541],[-121.0783,47.5579],[-121.0813,47.5611],[-121.0877,47.5669],[-121.0892,47.5695],[-121.0897,47.5705],[-121.087,47.5737],[-121.0877,47.5759],[-121.0897,47.5779],[-121.0912,47.5807],[-121.0921,47.5843],[-121.0938,47.5867],[-121.0965,47.5893],[-121.0999,47.5903],[-121.1031,47.5897],[-121.1067,47.5907],[-121.11,47.5927],[-121.1121,47.5959],[-121.1119,47.5989],[-121.112,47.6021],[-121.115,47.6038],[-121.1171,47.6063],[-121.1189,47.6094],[-121.1201,47.6125],[-121.1196,47.6155],[-121.1136,47.6184],[-121.1139,47.6212],[-121.1157,47.6234],[-121.118,47.6256],[-121.1219,47.6272],[-121.1251,47.6281],[-121.1267,47.6313],[-121.1264,47.6353],[-121.1269,47.6388],[-121.1292,47.6413],[-121.1309,47.644],[-121.133,47.6459],[-121.1309,47.6546],[-121.1279,47.656],[-121.1259,47.6572],[-121.1246,47.6604],[-121.1234,47.664],[-121.125,47.6664],[-121.1265,47.6698],[-121.1288,47.6734],[-121.1285,47.6763],[-121.1237,47.6807],[-121.1228,47.6833],[-121.1208,47.6851],[-121.1174,47.6859],[-121.1145,47.6869],[-121.1114,47.6875],[-121.1089,47.6889],[-121.1062,47.689],[-121.104,47.6897],[-121.1017,47.6912],[-121.0951,47.6949],[-121.0928,47.697],[-121.0911,47.7],[-121.09,47.7029],[-121.0868,47.7028],[-121.0837,47.7023],[-121.0811,47.7021],[-121.0779,47.7029],[-121.0745,47.704],[-121.0673,47.7067],[-121.066,47.7097],[-121.0659,47.7127],[-121.0677,47.7155],[-121.0695,47.7174],[-121.0715,47.7184],[-121.0741,47.7193],[-121.0773,47.7198],[-121.0803,47.721],[-121.0829,47.7225],[-121.0849,47.7257],[-121.0858,47.7292],[-121.0849,47.7319],[-121.0822,47.7341],[-121.0794,47.7392],[-121.0818,47.7427],[-121.0842,47.7438],[-121.0873,47.7448],[-121.0899,47.747],[-121.0922,47.7524],[-121.0927,47.7552],[-121.0942,47.7579],[-121.0978,47.7591],[-121.1022,47.7572],[-121.1058,47.757],[-121.1087,47.7573],[-121.1102,47.7585],[-121.1087,47.7652],[-121.1109,47.7681],[-121.1135,47.7704],[-121.116,47.7732],[-121.119,47.776],[-121.1188,47.7789],[-121.1201,47.7825],[-121.1147,47.7872],[-121.1112,47.7877],[-121.1094,47.7888],[-121.1088,47.7921],[-121.1055,47.7953],[-121.1025,47.7967],[-121.0991,47.7974],[-121.0963,47.7985],[-121.0928,47.8004],[-121.0921,47.8036],[-121.0899,47.8056],[-121.0866,47.8071],[-121.0841,47.8099],[-121.0821,47.8129],[-121.0813,47.8159],[-121.0783,47.819],[-121.075,47.822],[-121.0735,47.8246],[-121.0708,47.8265],[-121.0706,47.8302],[-121.074,47.8308],[-121.0775,47.8333],[-121.0825,47.8336],[-121.0865,47.8326],[-121.094,47.8328],[-121.0978,47.8313],[-121.1019,47.8308],[-121.104,47.8299],[-121.107,47.8291],[-121.111,47.8294],[-121.114,47.8299],[-121.1197,47.8313],[-121.121,47.8328],[-121.1212,47.836],[-121.1232,47.8382],[-121.1263,47.8389],[-121.1302,47.8389],[-121.1331,47.8408],[-121.1352,47.8434],[-121.1385,47.8431],[-121.1428,47.8434],[-121.1466,47.8434],[-121.1495,47.844],[-121.153,47.8458],[-121.1532,47.8491],[-121.1525,47.8519],[-121.1504,47.8544],[-121.1474,47.8573],[-121.1485,47.8604],[-121.1503,47.8628],[-121.1516,47.8658],[-121.1521,47.8688],[-121.1549,47.8719],[-121.157,47.8749],[-121.1576,47.8782],[-121.1573,47.8818],[-121.1609,47.8804],[-121.1649,47.8792],[-121.1682,47.8819],[-121.1718,47.8841],[-121.1743,47.8851],[-121.1754,47.8873],[-121.1761,47.89],[-121.1764,47.8927],[-121.1776,47.8953],[-121.1801,47.8978],[-121.1775,47.9042],[-121.1723,47.9098],[-121.1716,47.9125],[-121.173,47.9148],[-121.1772,47.9166],[-121.1789,47.9188],[-121.176,47.9214],[-121.171,47.9251],[-121.1721,47.9287],[-121.1729,47.932],[-121.1715,47.9354],[-121.1692,47.9372],[-121.1664,47.9382],[-121.1646,47.9406],[-121.1626,47.944],[-121.1617,47.9476],[-121.1627,47.9504],[-121.1641,47.953],[-121.1639,47.9568],[-121.1618,47.9584],[-121.1587,47.9596],[-121.1552,47.9623],[-121.1529,47.9653],[-121.1517,47.9683],[-121.1489,47.9702],[-121.1481,47.9788],[-121.1463,47.9814],[-121.144,47.982],[-121.1421,47.9831],[-121.1393,47.9834],[-121.1363,47.9831],[-121.1344,47.9851],[-121.1311,47.9866],[-121.1264,47.9919],[-121.124,47.9943],[-121.1209,47.9964],[-121.1183,47.9974],[-121.1174,47.9993],[-121.1186,48.0019],[-121.1186,48.006],[-121.121,48.0075],[-121.1247,48.0095],[-121.1275,48.0133],[-121.1288,48.0146],[-121.1301,48.0196],[-121.1412,48.0255],[-121.1456,48.0281],[-121.149,48.0306],[-121.1491,48.0337],[-121.1509,48.0364],[-121.1533,48.0394],[-121.1472,48.0419],[-121.1421,48.0429],[-121.1384,48.0439],[-121.1315,48.0442],[-121.1294,48.047],[-121.1267,48.0486],[-121.1213,48.0507],[-121.1195,48.0528],[-121.1174,48.0563],[-121.1144,48.0577],[-121.1095,48.0568],[-121.1078,48.0568],[-121.1032,48.0587],[-121.1001,48.0627],[-121.0966,48.064],[-121.0934,48.0646],[-121.0897,48.0647],[-121.0873,48.0642],[-121.0848,48.0629],[-121.0822,48.0619],[-121.0793,48.0627],[-121.0762,48.0643],[-121.0741,48.0659],[-121.0718,48.0673],[-121.0661,48.0693],[-121.0629,48.0701],[-121.0565,48.0704],[-121.0505,48.0702],[-121.0479,48.0704],[-121.0404,48.0732],[-121.0383,48.0742],[-121.0359,48.076],[-121.0324,48.0778],[-121.0292,48.0782],[-121.0256,48.0784],[-121.0216,48.0777],[-121.0177,48.0763],[-121.0146,48.0754],[-121.0113,48.078],[-121.004,48.0812],[-120.9983,48.089],[-120.9955,48.0894],[-120.9924,48.0903],[-120.9881,48.093],[-120.9812,48.0946],[-120.9796,48.0977],[-120.9773,48.1006],[-120.9742,48.1022],[-120.9713,48.1049],[-120.9712,48.1084],[-120.9681,48.1091],[-120.9657,48.1094],[-120.9616,48.1093],[-120.9579,48.1083],[-120.9551,48.1085],[-120.9531,48.1102],[-120.9507,48.1115],[-120.9487,48.1118],[-120.947,48.1127],[-120.9461,48.1149],[-120.9505,48.1162],[-120.9544,48.1199],[-120.9562,48.1223],[-120.9563,48.1254],[-120.9579,48.1287],[-120.9621,48.1314],[-120.9637,48.1347],[-120.9638,48.1381],[-120.9643,48.1412],[-120.9628,48.1434],[-120.9574,48.1466],[-120.955,48.1491],[-120.9547,48.1518],[-120.9522,48.1533],[-120.9461,48.155],[-120.943,48.1554],[-120.9404,48.1553],[-120.9357,48.1561],[-120.9328,48.158],[-120.9314,48.161],[-120.9283,48.1616],[-120.9223,48.1604],[-120.9195,48.1605],[-120.9166,48.1596],[-120.9146,48.1597],[-120.9107,48.1623],[-120.907,48.1633],[-120.9064,48.1652],[-120.9088,48.1712],[-120.9107,48.1751],[-120.9138,48.1777],[-120.9165,48.1808],[-120.9183,48.1852],[-120.9192,48.1882],[-120.9197,48.1909],[-120.9237,48.1915],[-120.9263,48.1924],[-120.9318,48.1967],[-120.9342,48.1979],[-120.937,48.1985],[-120.9406,48.1999],[-120.9461,48.2015],[-120.9512,48.2084],[-120.9533,48.2093],[-120.9567,48.2099],[-120.9601,48.2099],[-120.9638,48.2122],[-120.962,48.2223],[-120.9606,48.2254],[-120.9599,48.2282],[-120.9672,48.2325],[-120.9705,48.2339],[-120.9722,48.2354],[-120.9731,48.2375],[-120.9751,48.24],[-120.9769,48.2427],[-120.9787,48.2447],[-120.9804,48.247],[-120.9817,48.2505],[-120.9874,48.2545],[-120.9906,48.2557],[-120.993,48.2577],[-120.9953,48.26],[-120.999,48.2618],[-121.0042,48.2686],[-121.0053,48.2737],[-121.0108,48.2793],[-121.0106,48.2838],[-121.0023,48.2869],[-121.0006,48.2904],[-121.0006,48.2935],[-121.0015,48.2954],[-121.0024,48.2971],[-121.0057,48.2997],[-121.0148,48.3009],[-121.0221,48.3027],[-121.024,48.3025],[-121.0264,48.3027],[-121.0286,48.3047],[-121.0297,48.3078],[-121.0348,48.3115],[-121.039,48.3106],[-121.0426,48.3094],[-121.0461,48.3092],[-121.0502,48.3111],[-121.0543,48.3141],[-121.0566,48.3152],[-121.0595,48.3162],[-121.0668,48.3151],[-121.0696,48.3163],[-121.0711,48.3181],[-121.0691,48.3206],[-121.0683,48.3234],[-121.0665,48.3255],[-121.0663,48.3283],[-121.0683,48.33],[-121.0703,48.3312],[-121.0699,48.3362],[-121.069,48.3384],[-121.0661,48.3386],[-121.0647,48.3415],[-121.063,48.3442],[-121.0596,48.3464],[-121.0558,48.3459],[-121.0528,48.3453],[-121.0465,48.3459],[-121.0434,48.346],[-121.041,48.3486],[-121.0419,48.352],[-121.0418,48.3545],[-121.0411,48.3565],[-121.0418,48.3597],[-121.0425,48.3618],[-121.0434,48.3636],[-121.0462,48.3662],[-121.0497,48.3705],[-121.0521,48.3727],[-121.0548,48.375],[-121.059,48.3775],[-121.0613,48.3796],[-121.0587,48.3826],[-121.0593,48.3862],[-121.0625,48.3894],[-121.0655,48.392],[-121.0646,48.3992],[-121.0626,48.4018],[-121.062,48.4055],[-121.0593,48.4081],[-121.0555,48.4122],[-121.0522,48.4121],[-121.049,48.411],[-121.0448,48.4105],[-121.0419,48.4115],[-121.0455,48.4184],[-121.045,48.4214],[-121.0436,48.4245],[-121.0425,48.4279],[-121.0378,48.4341],[-121.0379,48.4378],[-121.039,48.4399],[-121.0403,48.4436],[-121.043,48.4472],[-121.0498,48.448],[-121.0529,48.4491],[-121.055,48.4502],[-121.0569,48.4518],[-121.0599,48.454],[-121.0611,48.4578],[-121.0622,48.4604],[-121.0589,48.4678],[-121.0569,48.4695],[-121.0555,48.4719],[-121.0569,48.4742],[-121.0567,48.4769],[-121.0542,48.4798],[-121.0483,48.4861],[-121.0421,48.4899],[-121.0384,48.4915],[-121.0362,48.4938],[-121.0339,48.4951],[-121.0259,48.4951],[-121.0227,48.4953],[-121.017,48.4942],[-121.0136,48.4944],[-121.0105,48.4941],[-121.007,48.4942],[-121.0039,48.4945],[-121.0011,48.4945],[-120.9973,48.4959],[-120.9942,48.4978],[-120.9914,48.4987],[-120.9874,48.4979],[-120.9808,48.4991],[-120.9777,48.4994],[-120.9756,48.4998],[-120.9726,48.4998],[-120.9682,48.4991],[-120.9651,48.4983],[-120.9628,48.4988],[-120.9604,48.5002],[-120.9572,48.5009],[-120.9544,48.4997],[-120.9513,48.499],[-120.9501,48.5015],[-120.9486,48.5055],[-120.9487,48.5092],[-120.9499,48.5141],[-120.9519,48.518],[-120.9549,48.5222],[-120.9524,48.5252],[-120.95,48.5293],[-120.9465,48.5301],[-120.942,48.53],[-120.9381,48.5302],[-120.9337,48.5288],[-120.927,48.5259],[-120.9235,48.5252],[-120.9201,48.5243],[-120.9089,48.524],[-120.9055,48.5232],[-120.9038,48.5236],[-120.9024,48.526],[-120.9044,48.5312],[-120.9033,48.5334],[-120.9003,48.5326],[-120.8974,48.5338],[-120.8949,48.5357],[-120.8911,48.5365],[-120.8883,48.5364],[-120.8866,48.5375],[-120.8842,48.5377],[-120.8783,48.5356],[-120.8756,48.5349],[-120.8737,48.5327],[-120.8713,48.5308],[-120.8672,48.5305],[-120.8629,48.5304],[-120.8618,48.533],[-120.8581,48.5366],[-120.859,48.5393],[-120.8609,48.5415],[-120.8605,48.5448],[-120.8589,48.5459],[-120.8568,48.5485],[-120.8535,48.5485],[-120.8502,48.548],[-120.8463,48.5483],[-120.8428,48.55],[-120.838,48.55],[-120.8353,48.5485],[-120.8317,48.5479],[-120.8264,48.5458],[-120.8248,48.5449],[-120.8255,48.542],[-120.8234,48.5399],[-120.8191,48.5386],[-120.8164,48.5361],[-120.8149,48.5333],[-120.8123,48.5319],[-120.8095,48.5292],[-120.8117,48.5268],[-120.8149,48.5239],[-120.8171,48.5228],[-120.8176,48.5201],[-120.8149,48.5181],[-120.8111,48.5167],[-120.8093,48.5144],[-120.8051,48.5131],[-120.8024,48.5109],[-120.7912,48.5073],[-120.7869,48.5068],[-120.7826,48.508],[-120.7791,48.5081],[-120.7747,48.5077],[-120.7696,48.508],[-120.7663,48.5084],[-120.7625,48.5094],[-120.7592,48.5108],[-120.7563,48.5113],[-120.7535,48.5121],[-120.7518,48.5142],[-120.7483,48.5166],[-120.7453,48.5181],[-120.741,48.5185],[-120.7348,48.5182],[-120.7322,48.5177],[-120.728,48.518],[-120.7245,48.5193],[-120.7211,48.5211],[-120.7162,48.5229],[-120.711,48.5232],[-120.7089,48.5237],[-120.706,48.5258],[-120.7032,48.5269],[-120.7032,48.5297],[-120.7018,48.5318]]]]}},
{"type":"Feature","properties":{"ugc":"WAZ049","name":"Western Okanogan County","state":"WA","wfo":"OTX"},"geometry":{"type":"MultiPolygon","coordinates":[[[[-120.0799,48.0029],[-120.0819,48.006],[-120.083,48.0102],[-120.0838,48.0109],[-120.0872,48.0137],[-120.0878,48.0149],[-120.088,48.0151],[-120.0886,48.0162],[-120.092,48.0189],[-120.0927,48.0192],[-120.0955,48.0205],[-120.099,48.0211],[-120.1,48.0213],[-120.1024,48.0215],[-120.1051,48.0226],[-120.113,48.0249],[-120.1159,48.0262],[-120.1197,48.0278],[-120.1198,48.028],[-120.12,48.0283],[-120.1202,48.0287],[-120.1216,48.0313],[-120.1259,48.0327],[-120.1287,48.0333],[-120.1328,48.0335],[-120.1364,48.0341],[-120.1419,48.0357],[-120.1422,48.0358],[-120.1446,48.0367],[-120.1447,48.0367],[-120.1462,48.0373],[-120.1466,48.039],[-120.1475,48.0433],[-120.1476,48.0434],[-120.1498,48.0455],[-120.15,48.0456],[-120.1499,48.0457],[-120.1483,48.0478],[-120.1473,48.049],[-120.149,48.052],[-120.1463,48.0532],[-120.1459,48.0533],[-120.1433,48.0536],[-120.1398,48.0541],[-120.1364,48.053],[-120.1363,48.053],[-120.133,48.0541],[-120.1337,48.0565],[-120.1338,48.057],[-120.1339,48.0574],[-120.134,48.0578],[-120.137,48.0594],[-120.1415,48.0618],[-120.1434,48.0644],[-120.1496,48.0656],[-120.152,48.066],[-120.1563,48.0663],[-120.158,48.0686],[-120.1652,48.0687],[-120.1688,48.0696],[-120.1728,48.0706],[-120.1788,48.073],[-120.1791,48.0731],[-120.1831,48.0749],[-120.1834,48.0753],[-120.1852,48.0776],[-120.1859,48.0778],[-120.1874,48.0782],[-120.188,48.0783],[-120.1891,48.078],[-120.1903,48.0777],[-120.1933,48.0775],[-120.194,48.0774],[-120.1968,48.0772],[-120.2,48.0772],[-120.2014,48.0772],[-120.2016,48.0772],[-120.2034,48.0775],[-120.2086,48.0784],[-120.209,48.0784],[-120.2096,48.0784],[-120.2113,48.0785],[-120.2115,48.0786],[-120.2116,48.0786],[-120.212,48.0788],[-120.2138,48.0795],[-120.215,48.0804],[-120.2202,48.0842],[-120.2219,48.0842],[-120.2239,48.0842],[-120.2242,48.0844],[-120.2265,48.0859],[-120.2284,48.0876],[-120.2285,48.0877],[-120.2313,48.0885],[-120.232,48.0886],[-120.2344,48.089],[-120.2352,48.0891],[-120.2352,48.0904],[-120.2351,48.0925],[-120.2355,48.093],[-120.2375,48.0949],[-120.2378,48.0952],[-120.2379,48.0952],[-120.2403,48.096],[-120.2425,48.0977],[-120.2448,48.1008],[-120.2472,48.1019],[-120.2504,48.1034],[-120.2509,48.1036],[-120.2521,48.1048],[-120.2528,48.1055],[-120.2531,48.1057],[-120.254,48.1061],[-120.2559,48.107],[-120.258,48.1092],[-120.2587,48.1099],[-120.2593,48.11],[-120.2626,48.1102],[-120.2642,48.1105],[-120.2656,48.1107],[-120.2679,48.1128],[-120.2682,48.113],[-120.2705,48.1144],[-120.2724,48.1164],[-120.2727,48.117],[-120.2731,48.1178],[-120.2737,48.1188],[-120.2758,48.1202],[-120.277,48.1208],[-120.2779,48.1212],[-120.2804,48.1233],[-120.2837,48.1237],[-120.2852,48.1239],[-120.2873,48.1247],[-120.288,48.125],[-120.2891,48.1268],[-120.2906,48.1291],[-120.2909,48.1291],[-120.294,48.1294],[-120.2988,48.1289],[-120.3013,48.1273],[-120.3019,48.1269],[-120.302,48.1269],[-120.3027,48.1269],[-120.304,48.1268],[-120.305,48.1267],[-120.3083,48.127],[-120.311,48.1265],[-120.314,48.1252],[-120.316,48.1246],[-120.3168,48.1244],[-120.3176,48.1244],[-120.3186,48.1245],[-120.3193,48.1245],[-120.3251,48.1279],[-120.3252,48.1282],[-120.3268,48.1308],[-120.3289,48.1333],[-120.3314,48.1362],[-120.3333,48.1388],[-120.3363,48.1411],[-120.3388,48.1424],[-120.3392,48.1426],[-120.3428,48.1437],[-120.3461,48.1432],[-120.3466,48.1437],[-120.3472,48.1442],[-120.3493,48.1462],[-120.3496,48.1464],[-120.3527,48.1508],[-120.3534,48.1536],[-120.3536,48.1545],[-120.3542,48.1548],[-120.3557,48.1554],[-120.359,48.1569],[-120.3608,48.1643],[-120.3609,48.1645],[-120.362,48.1681],[-120.362,48.1721],[-120.36,48.1742],[-120.3583,48.1765],[-120.3577,48.1801],[-120.3577,48.1803],[-120.3569,48.1836],[-120.355,48.1848],[-120.3533,48.1858],[-120.3516,48.1894],[-120.3515,48.1906],[-120.3514,48.193],[-120.3469,48.1989],[-120.3469,48.2],[-120.3468,48.2018],[-120.3481,48.206],[-120.3503,48.2088],[-120.3527,48.2118],[-120.3538,48.2132],[-120.3546,48.2161],[-120.3546,48.2162],[-120.3549,48.2185],[-120.3557,48.2188],[-120.3584,48.2198],[-120.3657,48.2189],[-120.3694,48.2192],[-120.3696,48.2192],[-120.372,48.2189],[-120.3734,48.2187],[-120.3765,48.2186],[-120.377,48.2186],[-120.3794,48.2194],[-120.3799,48.2195],[-120.3808,48.2198],[-120.3834,48.2216],[-120.3844,48.2234],[-120.3853,48.2248],[-120.3873,48.2266],[-120.3889,48.2273],[-120.39,48.2277],[-120.3883,48.2306],[-120.3861,48.2322],[-120.3861,48.2323],[-120.3862,48.2323],[-120.3846,48.2335],[-120.3846,48.2336],[-120.3854,48.2357],[-120.3871,48.2381],[-120.3889,48.2404],[-120.3914,48.2425],[-120.3918,48.2427],[-120.3932,48.2432],[-120.3938,48.2434],[-120.3969,48.244],[-120.4002,48.2451],[-120.4016,48.2451],[-120.4024,48.2452],[-120.404,48.2452],[-120.4074,48.2462],[-120.4075,48.2463],[-120.4091,48.2472],[-120.416,48.2491],[-120.4194,48.2498],[-120.4225,48.25],[-120.4299,48.2512],[-120.4331,48.2535],[-120.4344,48.2542],[-120.4346,48.2543],[-120.4349,48.2545],[-120.4368,48.2555],[-120.4386,48.2572],[-120.4422,48.2598],[-120.4428,48.2602],[-120.4465,48.2605],[-120.4469,48.2605],[-120.4516,48.2606],[-120.4535,48.2614],[-120.4546,48.2618],[-120.4566,48.2634],[-120.4588,48.2646],[-120.4612,48.2656],[-120.4638,48.2671],[-120.4664,48.2678],[-120.4677,48.2699],[-120.4677,48.2702],[-120.4669,48.2727],[-120.4665,48.274],[-120.4683,48.277],[-120.4706,48.2774],[-120.4753,48.2777],[-120.4758,48.278],[-120.4776,48.2787],[-120.4784,48.2796],[-120.4822,48.2837],[-120.4838,48.2845],[-120.4878,48.2864],[-120.4901,48.2884],[-120.4923,48.2907],[-120.4937,48.2934],[-120.4978,48.2952],[-120.4981,48.2954],[-120.4994,48.2959],[-120.4995,48.2959],[-120.5023,48.299],[-120.5028,48.2997],[-120.5031,48.3],[-120.504,48.301],[-120.5067,48.3034],[-120.5088,48.3069],[-120.5113,48.3086],[-120.5122,48.3113],[-120.5139,48.3116],[-120.5154,48.3119],[-120.516,48.3117],[-120.5171,48.3114],[-120.5174,48.3112],[-120.5183,48.3111],[-120.52,48.3106],[-120.5257,48.3073],[-120.5283,48.3068],[-120.5344,48.3072],[-120.5376,48.3074],[-120.5411,48.3069],[-120.5457,48.3066],[-120.5485,48.3071],[-120.5522,48.3078],[-120.5542,48.3097],[-120.556,48.3106],[-120.556,48.3107],[-120.5561,48.3107],[-120.5567,48.311],[-120.56,48.3123],[-120.562,48.3148],[-120.5651,48.3161],[-120.5659,48.3164],[-120.5705,48.3173],[-120.5742,48.3185],[-120.5751,48.3185],[-120.5773,48.3185],[-120.58,48.3194],[-120.5843,48.3197],[-120.5874,48.3221],[-120.5879,48.3225],[-120.5855,48.3251],[-120.5852,48.3254],[-120.5851,48.3257],[-120.584,48.329],[-120.5847,48.3325],[-120.5848,48.3353],[-120.5839,48.3378],[-120.5787,48.3424],[-120.5776,48.3444],[-120.5759,48.3454],[-120.5749,48.346],[-120.5715,48.3471],[-120.5713,48.3472],[-120.5688,48.349],[-120.568,48.3518],[-120.5669,48.3546],[-120.5663,48.3579],[-120.5629,48.3594],[-120.5628,48.3595],[-120.561,48.3617],[-120.562,48.3639],[-120.5631,48.3662],[-120.5624,48.3693],[-120.5631,48.3717],[-120.5655,48.3729],[-120.567,48.374],[-120.5671,48.3743],[-120.5682,48.3763],[-120.5689,48.3765],[-120.5715,48.3771],[-120.5749,48.3785],[-120.5818,48.3793],[-120.5822,48.3794],[-120.5855,48.3804],[-120.5871,48.382],[-120.5882,48.3831],[-120.5888,48.3837],[-120.5929,48.3847],[-120.5942,48.3848],[-120.5969,48.3851],[-120.5978,48.3853],[-120.6005,48.3859],[-120.6008,48.3861],[-120.6051,48.3888],[-120.6058,48.3893],[-120.6083,48.3913],[-120.6115,48.3944],[-120.6152,48.3951],[-120.6222,48.3983],[-120.6252,48.3977],[-120.6276,48.3969],[-120.6282,48.3968],[-120.6302,48.3966],[-120.6401,48.3966],[-120.6437,48.3968],[-120.6446,48.3968],[-120.6489,48.3972],[-120.648,48.3991],[-120.6479,48.3993],[-120.6478,48.3996],[-120.6453,48.4015],[-120.6448,48.4044],[-120.6449,48.4051],[-120.6451,48.4066],[-120.6452,48.4071],[-120.6452,48.4099],[-120.6452,48.4108],[-120.6476,48.4128],[-120.6488,48.4137],[-120.6496,48.4176],[-120.6515,48.4229],[-120.6515,48.423],[-120.6535,48.4263],[-120.6553,48.4285],[-120.6553,48.4301],[-120.6553,48.4306],[-120.6532,48.4309],[-120.6526,48.431],[-120.6525,48.4312],[-120.6514,48.4329],[-120.6513,48.4331],[-120.6514,48.4337],[-120.652,48.4371],[-120.6521,48.4372],[-120.6566,48.4401],[-120.6576,48.4407],[-120.6578,48.4407],[-120.6607,48.4412],[-120.6611,48.4413],[-120.664,48.4423],[-120.6654,48.4459],[-120.6676,48.4493],[-120.667,48.4502],[-120.6661,48.4516],[-120.6631,48.4517],[-120.6594,48.4519],[-120.6554,48.4525],[-120.6542,48.4545],[-120.6536,48.4551],[-120.6524,48.4563],[-120.6513,48.4584],[-120.6509,48.4608],[-120.6485,48.4622],[-120.6444,48.4661],[-120.6435,48.4669],[-120.6413,48.4683],[-120.6409,48.4685],[-120.6387,48.4685],[-120.6373,48.4685],[-120.6345,48.4689],[-120.6331,48.4691],[-120.6341,48.47],[-120.6365,48.472],[-120.6371,48.4725],[-120.6403,48.4735],[-120.6406,48.4736],[-120.643,48.4739],[-120.6481,48.4763],[-120.6519,48.4776],[-120.6535,48.4806],[-120.6538,48.4811],[-120.6538,48.4812],[-120.6532,48.4834],[-120.653,48.4842],[-120.6522,48.4849],[-120.6516,48.4855],[-120.6506,48.4864],[-120.6496,48.4885],[-120.6495,48.4887],[-120.6458,48.4908],[-120.6432,48.492],[-120.64,48.4944],[-120.6385,48.4956],[-120.6384,48.4956],[-120.6383,48.4957],[-120.6374,48.4958],[-120.6345,48.496],[-120.6343,48.496],[-120.6317,48.4955],[-120.6311,48.4954],[-120.6303,48.4958],[-120.6295,48.4962],[-120.629,48.4965],[-120.6287,48.4966],[-120.6288,48.4968],[-120.629,48.4972],[-120.6293,48.4977],[-120.6298,48.4986],[-120.6322,48.4998],[-120.6359,48.501],[-120.6362,48.5011],[-120.6384,48.502],[-120.6394,48.5021],[-120.6408,48.5023],[-120.6424,48.5032],[-120.6432,48.5036],[-120.6457,48.5044],[-120.6485,48.5052],[-120.6566,48.5073],[-120.6563,48.5093],[-120.656,48.5117],[-120.6566,48.5131],[-120.6569,48.5136],[-120.6569,48.5137],[-120.6576,48.5153],[-120.6577,48.5156],[-120.6575,48.5159],[-120.6566,48.5174],[-120.6564,48.5178],[-120.6563,48.5203],[-120.6562,48.5205],[-120.6557,48.5215],[-120.6556,48.5216],[-120.6549,48.5228],[-120.6522,48.5249],[-120.6502,48.5259],[-120.6495,48.5263],[-120.6495,48.5264],[-120.6494,48.5266],[-120.649,48.5284],[-120.6489,48.5311],[-120.6488,48.5326],[-120.6489,48.5327],[-120.6506,48.534],[-120.6511,48.535],[-120.6517,48.5364],[-120.6518,48.5366],[-120.653,48.5367],[-120.6553,48.5368],[-120.6561,48.5364],[-120.6584,48.5352],[-120.6591,48.535],[-120.6604,48.5346],[-120.6633,48.5337],[-120.6682,48.533],[-120.6691,48.5329],[-120.6707,48.5329],[-120.6716,48.5329],[-120.6727,48.5326],[-120.6763,48.5315],[-120.6779,48.5313],[-120.6803,48.5311],[-120.6817,48.5309],[-120.6845,48.5308],[-120.685,48.5308],[-120.6875,48.5309],[-120.6892,48.5315],[-120.6905,48.5319],[-120.6912,48.5321],[-120.6934,48.5323],[-120.6968,48.5325],[-120.6997,48.5319],[-120.7002,48.5319],[-120.7018,48.5318],[-120.7019,48.532],[-120.703,48.5344],[-120.7049,48.5365],[-120.7067,48.5378],[-120.7068,48.538],[-120.7077,48.5399],[-120.7083,48.5426],[-120.7083,48.5427],[-120.705,48.5469],[-120.701,48.5532],[-120.6992,48.5598],[-120.695,48.5602],[-120.6922,48.561],[-120.6901,48.5622],[-120.6881,48.5638],[-120.6856,48.5673],[-120.6883,48.5747],[-120.6901,48.5763],[-120.6925,48.5772],[-120.6958,48.5805],[-120.699,48.5832],[-120.7013,48.5862],[-120.704,48.5889],[-120.706,48.5904],[-120.7084,48.5913],[-120.7123,48.5919],[-120.715,48.5944],[-120.7183,48.5961],[-120.7211,48.5967],[-120.7233,48.5936],[-120.7225,48.5905],[-120.7235,48.5882],[-120.7269,48.5862],[-120.7295,48.585],[-120.7305,48.5828],[-120.7349,48.5811],[-120.7439,48.579],[-120.747,48.5798],[-120.7528,48.5808],[-120.7558,48.5816],[-120.7598,48.5831],[-120.7635,48.5858],[-120.7662,48.5893],[-120.7689,48.5901],[-120.7735,48.5937],[-120.776,48.5968],[-120.7786,48.5981],[-120.7811,48.6005],[-120.7844,48.603],[-120.7855,48.6064],[-120.7849,48.6097],[-120.7825,48.6131],[-120.7834,48.6164],[-120.7852,48.6197],[-120.7876,48.6224],[-120.7877,48.6259],[-120.7807,48.6303],[-120.7785,48.6343],[-120.7749,48.637],[-120.7724,48.6413],[-120.7696,48.6436],[-120.7655,48.6442],[-120.762,48.6442],[-120.7574,48.6447],[-120.7546,48.6466],[-120.7529,48.6482],[-120.7526,48.6501],[-120.7509,48.6546],[-120.7514,48.658],[-120.7483,48.6596],[-120.7447,48.6607],[-120.7421,48.6617],[-120.7388,48.6625],[-120.736,48.6643],[-120.7333,48.6663],[-120.7291,48.6656],[-120.7238,48.6642],[-120.7209,48.6643],[-120.717,48.6654],[-120.7173,48.6689],[-120.7188,48.6714],[-120.7184,48.6746],[-120.7146,48.6795],[-120.7129,48.6839],[-120.712,48.6885],[-120.7037,48.6964],[-120.6998,48.6975],[-120.6964,48.6972],[-120.6912,48.6959],[-120.6867,48.6952],[-120.6836,48.6945],[-120.6806,48.6943],[-120.6782,48.6955],[-120.6774,48.7007],[-120.6784,48.7035],[-120.6802,48.7059],[-120.6816,48.7103],[-120.6805,48.7141],[-120.6782,48.7176],[-120.6757,48.719],[-120.6729,48.7197],[-120.6694,48.7211],[-120.6637,48.7212],[-120.6603,48.7203],[-120.6574,48.7211],[-120.655,48.7239],[-120.6565,48.7255],[-120.6603,48.7277],[-120.6645,48.7325],[-120.669,48.733],[-120.6718,48.7335],[-120.6773,48.7354],[-120.6786,48.7381],[-120.681,48.7415],[-120.6851,48.744],[-120.6898,48.7462],[-120.6919,48.7487],[-120.691,48.7529],[-120.6924,48.7557],[-120.6969,48.7566],[-120.6997,48.7577],[-120.7021,48.7604],[-120.7043,48.7642],[-120.7077,48.7676],[-120.7093,48.7699],[-120.7106,48.7714],[-120.7131,48.7723],[-120.7161,48.7723],[-120.719,48.7729],[-120.7245,48.7735],[-120.7292,48.7772],[-120.7327,48.7816],[-120.7342,48.784],[-120.7351,48.7867],[-120.7353,48.7896],[-120.7341,48.7924],[-120.7364,48.7947],[-120.7371,48.7989],[-120.7359,48.8038],[-120.7371,48.8058],[-120.739,48.8081],[-120.7411,48.81],[-120.7424,48.813],[-120.7433,48.8219],[-120.7425,48.8237],[-120.7399,48.8247],[-120.7379,48.8274],[-120.7371,48.8325],[-120.7368,48.8383],[-120.7379,48.8406],[-120.7377,48.844],[-120.7359,48.8465],[-120.7343,48.8501],[-120.7325,48.8531],[-120.7311,48.8547],[-120.7334,48.8567],[-120.7356,48.8592],[-120.7359,48.862],[-120.7366,48.8643],[-120.7386,48.8645],[-120.7463,48.8671],[-120.7514,48.8683],[-120.7549,48.8705],[-120.7616,48.8731],[-120.764,48.8752],[-120.7678,48.8775],[-120.7701,48.8827],[-120.7681,48.8847],[-120.7641,48.888],[-120.7652,48.8908],[-120.766,48.8937],[-120.7642,48.8963],[-120.7637,48.8997],[-120.7671,48.9011],[-120.7701,48.9029],[-120.7716,48.9051],[-120.7715,48.9074],[-120.7696,48.9096],[-120.7682,48.9119],[-120.7705,48.9146],[-120.7724,48.9183],[-120.7715,48.9218],[-120.7721,48.9247],[-120.7717,48.9267],[-120.7691,48.9275],[-120.7642,48.9282],[-120.7615,48.9288],[-120.7585,48.9302],[-120.7555,48.932],[-120.7546,48.9354],[-120.7558,48.9389],[-120.756,48.9418],[-120.7596,48.9454],[-120.7623,48.9478],[-120.7648,48.9497],[-120.7685,48.9546],[-120.7723,48.9559],[-120.7781,48.9572],[-120.7824,48.9572],[-120.7894,48.9585],[-120.792,48.9592],[-120.795,48.9587],[-120.8005,48.9587],[-120.8001,48.9553],[-120.8014,48.9534],[-120.8037,48.9525],[-120.8067,48.9517],[-120.8152,48.9503],[-120.814,48.9473],[-120.8163,48.9453],[-120.8198,48.9436],[-120.8212,48.941],[-120.8257,48.9391],[-120.8283,48.9387],[-120.8308,48.9381],[-120.835,48.9394],[-120.8373,48.9425],[-120.8389,48.9452],[-120.841,48.95],[-120.844,48.9517],[-120.8488,48.9551],[-120.8506,48.9562],[-120.8537,48.9564],[-120.8571,48.9572],[-120.8608,48.9588],[-120.864,48.9606],[-120.8662,48.9615],[-120.8727,48.9624],[-120.8768,48.964],[-120.8798,48.9655],[-120.8817,48.9679],[-120.8814,48.9719],[-120.885,48.9748],[-120.8837,48.9758],[-120.8813,48.9771],[-120.8785,48.9779],[-120.8695,48.9795],[-120.8667,48.9798],[-120.8641,48.9807],[-120.8619,48.9833],[-120.8587,48.9865],[-120.8541,48.9905],[-120.8524,48.9939],[-120.8545,48.9964],[-120.8552,48.998],[-120.8531,48.9996],[-120.8513,49.0003],[-120.6846,49.0001],[-120.5595,49.0005],[-120.441,49.0005],[-120.2835,49.0003],[-120.0373,48.9994],[-119.7662,49.0001],[-119.7303,48.9601],[-119.6981,48.9304],[-119.675,48.9098],[-119.6441,48.8867],[-119.6235,48.8493],[-119.6041,48.8042],[-119.5835,48.736],[-119.5835,48.6381],[-119.599,48.5531],[-119.6286,48.4811],[-119.6725,48.3969],[-119.6969,48.3626],[-119.7432,48.3265],[-119.7803,48.2961],[-119.7868,48.2439],[-119.7999,48.209],[-119.8238,48.1807],[-119.8692,48.1586],[-119.9196,48.135],[-119.9762,48.0806],[-120.0307,48.0392],[-120.0759,48.0091],[-120.0799,48.0029]]]]}},
{"type":"Feature","properties":{"ugc":"WAZ201","name":"South Washington Coast","state":"WA","wfo":"PQR"},"geometry":{"type":"MultiPolygon","coordinates":[[[[-124.07,46.32],[-124.06,46.33],[-124.06,46.34],[-124.06,46.35],[-124.06,46.36],[-124.06,46.37],[-124.06,46.38],[-124.06,46.39],[-124.06,46.4],[-124.06,46.41],[-124.06,46.42],[-124.06,46.43],[-124.06,46.44],[-124.06,46.45],[-124.06,46.46],[-124.06,46.47],[-124.06,46.49],[-124.06,46.5],[-124.06,46.51],[-124.06,46.52],[-124.06,46.53],[-124.06,46.54],[-124.06,46.55],[-124.06,46.56],[-124.06,46.57],[-124.06,46.58],[-124.07,46.58],[-124.07,46.59],[-124.07,46.6],[-124.07,46.61],[-124.07,46.62],[-124.07,46.63],[-124.07,46.64],[-124.06,46.64],[-124.06,46.65],[-124.05,46.65],[-124.05,46.64],[-124.05,46.63],[-124.05,46.62],[-124.05,46.61],[-124.04,46.61],[-124.04,46.6],[-124.03,46.6],[-124.03,46.59],[-124.02,46.59],[-124.02,46.58],[-124.02,46.57],[-124.02,46.56],[-124.02,46.55],[-124.03,46.55],[-124.03,46.54],[-124.03,46.53],[-124.03,46.52],[-124.02,46.51],[-124.03,46.51],[-124.03,46.5],[-124.03,46.49],[-124.03,46.48],[-124.03,46.47],[-124.03,46.46],[-124.03,46.45],[-124.02,46.45],[-124.02,46.44],[-124.02,46.43],[-124.02,46.42],[-124.02,46.41],[-124.02,46.4],[-124.02,46.39],[-124.02,46.38],[-124.01,46.38],[-124.0,46.38],[-124.0,46.37],[-123.99,46.38],[-123.98,46.38],[-123.97,46.38],[-123.96,46.38],[-123.96,46.37],[-123.95,46.37],[-123.95,46.38],[-123.95,46.39],[-123.95,46.4],[-123.94,46.4],[-123.94,46.41],[-123.93,46.42],[-123.92,46.42],[-123.92,46.43],[-123.91,46.43],[-123.91,46.44],[-123.91,46.45],[-123.91,46.46],[-123.92,46.46],[-123.93,46.46],[-123.93,46.47],[-123.94,46.47],[-123.94,46.48],[-123.94,46.49],[-123.93,46.49],[-123.93,46.5],[-123.92,46.5],[-123.92,46.51],[-123.91,46.51],[-123.9,46.51],[-123.89,46.51],[-123.89,46.52],[-123.9,46.52],[-123.9,46.53],[-123.89,46.54],[-123.9,46.54],[-123.9,46.55],[-123.91,46.55],[-123.91,46.56],[-123.92,46.56],[-123.92,46.57],[-123.92,46.58],[-123.93,46.58],[-123.93,46.59],[-123.94,46.59],[-123.94,46.6],[-123.95,46.6],[-123.96,46.6],[-123.96,46.61],[-123.96,46.62],[-123.96,46.63],[-123.96,46.64],[-123.95,46.63],[-123.95,46.62],[-123.94,46.62],[-123.93,46.62],[-123.93,46.63],[-123.94,46.63],[-123.94,46.64],[-123.93,46.64],[-123.93,46.65],[-123.92,46.65],[-123.92,46.66],[-123.92,46.67],[-123.92,46.68],[-123.91,46.68],[-123.9,46.68],[-123.89,46.69],[-123.88,46.69],[-123.87,46.69],[-123.87,46.7],[-123.86,46.7],[-123.85,46.7],[-123.84,46.7],[-123.84,46.71],[-123.85,46.71],[-123.85,46.72],[-123.86,46.72],[-123.86,46.73],[-123.87,46.73],[-123.88,46.73],[-123.88,46.74],[-123.89,46.74],[-123.89,46.75],[-123.9,46.75],[-123.91,46.75],[-123.92,46.74],[-123.91,46.73],[-123.92,46.73],[-123.93,46.73],[-123.94,46.73],[-123.95,46.73],[-123.96,46.73],[-123.97,46.74],[-123.98,46.74],[-123.98,46.73],[-123.98,46.72],[-123.99,46.72],[-123.99,46.71],[-124.0,46.71],[-124.0,46.7],[-124.01,46.7],[-124.01,46.71],[-124.01,46.72],[-124.02,46.72],[-124.03,46.72],[-124.04,46.72],[-124.05,46.72],[-124.05,46.73],[-124.06,46.73],[-124.07,46.73],[-124.08,46.73],[-124.08,46.74],[-124.09,46.74],[-124.1,46.75],[-124.1,46.76],[-124.1,46.77],[-124.1,46.78],[-124.1,46.79],[-124.03,46.79],[-123.93,46.79],[-123.88,46.79],[-123.85,46.79],[-123.85,46.78],[-123.84,46.78],[-123.84,46.77],[-123.83,46.77],[-123.82,46.77],[-123.82,46.76],[-123.82,46.75],[-123.83,46.76],[-123.83,46.75],[-123.84,46.75],[-123.85,46.75],[-123.86,46.74],[-123.85,46.74],[-123.84,46.74],[-123.83,46.74],[-123.83,46.73],[-123.82,46.73],[-123.81,46.73],[-123.81,46.72],[-123.81,46.71],[-123.8,46.71],[-123.79,46.7],[-123.78,46.7],[-123.78,46.69],[-123.77,46.69],[-123.76,46.69],[-123.75,46.7],[-123.76,46.7],[-123.76,46.71],[-123.75,46.71],[-123.7,46.71],[-123.7,46.69],[-123.7,46.68],[-123.69,46.65],[-123.76,46.65],[-123.77,46.65],[-123.77,46.64],[-123.78,46.64],[-123.79,46.64],[-123.79,46.63],[-123.79,46.62],[-123.8,46.62],[-123.8,46.61],[-123.81,46.61],[-123.82,46.61],[-123.83,46.61],[-123.84,46.61],[-123.84,46.62],[-123.85,46.62],[-123.85,46.61],[-123.85,46.6],[-123.86,46.6],[-123.86,46.59],[-123.86,46.58],[-123.85,46.58],[-123.85,46.57],[-123.84,46.57],[-123.84,46.56],[-123.84,46.55],[-123.85,46.55],[-123.85,46.54],[-123.84,46.54],[-123.83,46.54],[-123.83,46.53],[-123.82,46.53],[-123.83,46.52],[-123.84,46.51],[-123.84,46.5],[-123.83,46.5],[-123.82,46.5],[-123.81,46.5],[-123.8,46.5],[-123.79,46.5],[-123.79,46.49],[-123.78,46.49],[-123.78,46.48],[-123.77,46.48],[-123.77,46.47],[-123.78,46.47],[-123.79,46.47],[-123.79,46.48],[-123.8,46.48],[-123.81,46.48],[-123.81,46.47],[-123.82,46.47],[-123.83,46.47],[-123.84,46.47],[-123.84,46.46],[-123.84,46.45],[-123.84,46.44],[-123.84,46.43],[-123.83,46.42],[-123.83,46.41],[-123.82,46.4],[-123.81,46.4],[-123.81,46.39],[-123.8,46.39],[-123.79,46.39],[-123.79,46.38],[-123.78,46.38],[-123.77,46.38],[-123.76,46.38],[-123.75,46.38],[-123.73,46.38],[-123.73,46.29],[-123.74,46.29],[-123.75,46.29],[-123.75,46.28],[-123.76,46.28],[-123.76,46.27],[-123.77,46.27],[-123.78,46.27],[-123.78,46.28],[-123.79,46.28],[-123.8,46.28],[-123.81,46.28],[-123.82,46.27],[-123.83,46.27],[-123.84,46.27],[-123.84,46.26],[-123.85,46.26],[-123.85,46.25],[-123.86,46.25],[-123.87,46.25],[-123.87,46.24],[-123.88,46.24],[-123.89,46.24],[-123.9,46.24],[-123.9,46.25],[-123.91,46.25],[-123.92,46.25],[-123.93,46.26],[-123.94,46.27],[-123.95,46.27],[-123.95,46.28],[-123.96,46.28],[-123.96,46.29],[-123.97,46.29],[-123.97,46.3],[-123.98,46.3],[-123.98,46.31],[-123.99,46.31],[-124.0,46.31],[-124.02,46.31],[-124.03,46.31],[-124.03,46.3],[-124.04,46.31],[-124.04,46.3],[-124.05,46.3],[-124.05,46.29],[-124.05,46.28],[-124.06,46.28],[-124.08,46.27],[-124.08,46.28],[-124.08,46.29],[-124.08,46.3],[-124.07,46.3],[-124.07,46.31],[-124.07,46.32]],[[-123.93,46.62],[-123.93,46.61],[-123.92,46.61],[-123.91,46.61],[-123.92,46.62],[-123.93,46.62]],[[-123.91,46.61],[-123.92,46.6],[-123.91,46.6],[-123.91,46.61]],[[-123.79,46.64],[-123.79,46.65],[-123.8,46.65],[-123.8,46.64],[-123.79,46.64]],[[-123.81,46.61],[-123.81,46.62],[-123.82,46.62],[-123.81,46.61]],[[-123.8,46.67],[-123.81,46.67],[-123.81,46.66],[-123.8,46.66],[-123.8,46.67]],[[-123.81,46.67],[-123.82,46.68],[-123.82,46.67],[-123.81,46.67]],[[-123.72,46.7],[-123.73,46.7],[-123.73,46.69],[-123.72,46.7]],[[-123.75,46.69],[-123.76,46.68],[-123.75,46.68],[-123.75,46.69]],[[-123.77,46.68],[-123.78,46.68],[-123.79,46.68],[-123.79,46.67],[-123.78,46.67],[-123.77,46.67],[-123.77,46.68]],[[-123.82,46.69],[-123.82,46.7],[-123.83,46.7],[-123.83,46.69],[-123.82,46.69]],[[-123.88,46.43],[-123.88,46.42],[-123.87,46.42],[-123.87,46.43],[-123.88,46.43]],[[-123.85,46.41],[-123.85,46.4],[-123.84,46.4],[-123.84,46.41],[-123.85,46.41]]],[[[-123.77,46.47],[-123.76,46.47],[-123.75,46.47],[-123.75,46.46],[-123.75,46.45],[-123.76,46.45],[-123.76,46.46],[-123.77,46.46],[-123.77,46.47]]],[[[-123.75,46.45],[-123.74,46.45],[-123.74,46.44],[-123.75,46.44],[-123.75,46.45]]],[[[-123.93,46.46],[-123.93,46.45],[-123.92,46.45],[-123.92,46.44],[-123.93,46.44],[-123.94,46.44],[-123.94,46.45],[-123.94,46.46],[-123.93,46.46]]],[[[-123.98,46.72],[-123.97,46.72],[-123.97,46.71],[-123.97,46.7],[-123.98,46.7],[-123.98,46.71],[-123.98,46.72]]]]}},
{"type":"Feature","properties":{"ugc":"WAZ202","name":"Willapa and Wahkiakum Lowlands","state":"WA","wfo":"PQR"},"geometry":{"type":"MultiPolygon","coordinates":[[[[-123.74,46.38],[-123.74,46.39],[-123.74,46.4],[-123.73,46.4],[-123.73,46.41],[-123.72,46.4],[-123.71,46.4],[-123.71,46.39],[-123.7,46.39],[-123.7,46.4],[-123.69,46.4],[-123.68,46.4],[-123.67,46.4],[-123.67,46.39],[-123.66,46.39],[-123.65,46.39],[-123.65,46.38],[-123.66,46.38],[-123.66,46.37],[-123.65,46.37],[-123.65,46.36],[-123.64,46.36],[-123.63,46.36],[-123.63,46.35],[-123.62,46.35],[-123.62,46.36],[-123.61,46.36],[-123.61,46.37],[-123.61,46.38],[-123.61,46.39],[-123.6,46.39],[-123.6,46.4],[-123.61,46.4],[-123.61,46.41],[-123.6,46.41],[-123.59,46.41],[-123.59,46.4],[-123.58,46.4],[-123.57,46.4],[-123.56,46.4],[-123.56,46.41],[-123.55,46.41],[-123.54,46.41],[-123.54,46.4],[-123.55,46.4],[-123.55,46.39],[-123.54,46.39],[-123.54,46.38],[-123.53,46.38],[-123.53,46.37],[-123.52,46.37],[-123.52,46.36],[-123.53,46.36],[-123.54,46.36],[-123.54,46.35],[-123.55,46.35],[-123.56,46.35],[-123.56,46.34],[-123.57,46.34],[-123.58,46.34],[-123.58,46.33],[-123.59,46.33],[-123.6,46.33],[-123.61,46.33],[-123.61,46.32],[-123.6,46.32],[-123.59,46.32],[-123.58,46.32],[-123.58,46.31],[-123.57,46.31],[-123.57,46.3],[-123.57,46.29],[-123.56,46.29],[-123.56,46.3],[-123.56,46.31],[-123.55,46.31],[-123.54,46.31],[-123.54,46.3],[-123.54,46.29],[-123.55,46.29],[-123.55,46.28],[-123.54,46.28],[-123.53,46.28],[-123.52,46.28],[-123.52,46.29],[-123.52,46.3],[-123.52,46.31],[-123.51,46.31],[-123.51,46.32],[-123.51,46.33],[-123.5,46.33],[-123.49,46.33],[-123.48,46.33],[-123.48,46.34],[-123.47,46.34],[-123.46,46.34],[-123.45,46.34],[-123.44,46.34],[-123.44,46.33],[-123.43,46.33],[-123.43,46.34],[-123.42,46.34],[-123.42,46.33],[-123.42,46.32],[-123.41,46.32],[-123.4,46.32],[-123.39,46.32],[-123.38,46.32],[-123.38,46.31],[-123.37,46.31],[-123.36,46.31],[-123.35,46.31],[-123.35,46.3],[-123.34,46.3],[-123.35,46.29],[-123.36,46.29],[-123.36,46.3],[-123.37,46.3],[-123.37,46.29],[-123.37,46.28],[-123.38,46.27],[-123.38,46.26],[-123.37,46.26],[-123.36,46.26],[-123.35,46.26],[-123.35,46.25],[-123.35,46.24],[-123.36,46.24],[-123.36,46.23],[-123.35,46.23],[-123.34,46.23],[-123.34,46.24],[-123.34,46.25],[-123.33,46.25],[-123.33,46.26],[-123.34,46.26],[-123.34,46.27],[-123.33,46.27],[-123.32,46.27],[-123.31,46.27],[-123.3,46.27],[-123.29,46.27],[-123.28,46.28],[-123.27,46.28],[-123.27,46.27],[-123.28,46.27],[-123.29,46.26],[-123.3,46.26],[-123.3,46.25],[-123.31,46.25],[-123.31,46.24],[-123.31,46.23],[-123.3,46.23],[-123.29,46.23],[-123.3,46.22],[-123.29,46.22],[-123.29,46.21],[-123.3,46.21],[-123.31,46.21],[-123.31,46.22],[-123.32,46.22],[-123.33,46.22],[-123.34,46.22],[-123.34,46.21],[-123.35,46.21],[-123.36,46.21],[-123.35,46.2],[-123.35,46.19],[-123.34,46.18],[-123.34,46.17],[-123.35,46.18],[-123.36,46.19],[-123.37,46.19],[-123.37,46.2],[-123.38,46.2],[-123.39,46.2],[-123.39,46.21],[-123.4,46.21],[-123.41,46.21],[-123.41,46.22],[-123.42,46.22],[-123.42,46.23],[-123.42,46.24],[-123.43,46.24],[-123.43,46.25],[-123.44,46.26],[-123.44,46.25],[-123.45,46.26],[-123.46,46.27],[-123.47,46.27],[-123.48,46.27],[-123.49,46.27],[-123.5,46.27],[-123.51,46.27],[-123.52,46.27],[-123.53,46.27],[-123.54,46.27],[-123.55,46.27],[-123.56,46.26],[-123.57,46.26],[-123.58,46.26],[-123.59,46.26],[-123.6,46.26],[-123.61,46.26],[-123.62,46.26],[-123.63,46.26],[-123.64,46.27],[-123.65,46.27],[-123.66,46.27],[-123.67,46.27],[-123.68,46.27],[-123.68,46.28],[-123.68,46.29],[-123.68,46.3],[-123.69,46.3],[-123.7,46.31],[-123.7,46.3],[-123.72,46.3],[-123.72,46.29],[-123.73,46.29],[-123.73,46.3],[-123.73,46.38],[-123.74,46.38]],[[-123.71,46.39],[-123.72,46.39],[-123.72,46.38],[-123.71,46.38],[-123.71,46.39]],[[-123.51,46.27],[-123.5,46.28],[-123.51,46.28],[-123.51,46.27]],[[-123.49,46.28],[-123.48,46.28],[-123.48,46.29],[-123.49,46.29],[-123.49,46.28]],[[-123.38,46.28],[-123.38,46.29],[-123.39,46.29],[-123.39,46.28],[-123.38,46.28]]],[[[-123.54,46.35],[-123.53,46.35],[-123.52,46.34],[-123.53,46.34],[-123.54,46.35]]],[[[-123.41,46.21],[-123.41,46.2],[-123.4,46.2],[-123.39,46.19],[-123.38,46.19],[-123.37,46.19],[-123.36,46.18],[-123.36,46.17],[-123.35,46.17],[-123.34,46.17],[-123.34,46.16],[-123.33,46.16],[-123.33,46.15],[-123.34,46.15],[-123.35,46.15],[-123.36,46.15],[-123.37,46.15],[-123.38,46.15],[-123.38,46.16],[-123.39,46.16],[-123.4,46.17],[-123.4,46.16],[-123.41,46.17],[-123.42,46.18],[-123.43,46.18],[-123.43,46.19],[-123.43,46.2],[-123.42,46.2],[-123.42,46.21],[-123.41,46.21]]],[[[-123.27,46.28],[-123.27,46.29],[-123.26,46.29],[-123.26,46.28],[-123.27,46.28]]],[[[-123.26,46.3],[-123.27,46.3],[-123.27,46.31],[-123.26,46.31],[-123.26,46.3]]],[[[-123.33,46.17],[-123.32,46.17],[-123.32,46.16],[-123.33,46.16],[-123.33,46.17]]],[[[-123.3,46.16],[-123.29,46.16],[-123.29,46.15],[-123.3,46.15],[-123.3,46.16]]],[[[-123.27,46.15],[-123.27,46.16],[-123.26,46.16],[-123.26,46.15],[-123.27,46.15]]],[[[-123.25,46.16],[-123.24,46.17],[-123.24,46.16],[-123.25,46.16]]],[[[-123.23,46.17],[-123.23,46.18],[-123.22,46.18],[-123.21,46.18],[-123.22,46.17],[-123.23,46.17]]],[[[-123.79,46.79],[-123.76,46.79],[-123.75,46.79],[-123.73,46.79],[-123.67,46.79],[-123.66,46.79],[-123.66,46.78],[-123.66,46.77],[-123.66,46.76],[-123.65,46.76],[-123.65,46.77],[-123.65,46.78],[-123.65,46.79],[-123.64,46.79],[-123.64,46.78],[-123.63,46.78],[-123.62,46.78],[-123.61,46.77],[-123.61,46.76],[-123.62,46.76],[-123.63,46.76],[-123.63,46.75],[-123.62,46.75],[-123.61,46.75],[-123.6,46.75],[-123.6,46.74],[-123.61,46.74],[-123.6,46.73],[-123.6,46.72],[-123.58,46.71],[-123.57,46.71],[-123.57,46.7],[-123.56,46.7],[-123.55,46.7],[-123.54,46.7],[-123.53,46.7],[-123.52,46.69],[-123.52,46.7],[-123.51,46.69],[-123.51,46.68],[-123.5,46.68],[-123.49,46.69],[-123.49,46.68],[-123.48,46.68],[-123.48,46.67],[-123.49,46.67],[-123.5,46.67],[-123.49,46.66],[-123.5,46.66],[-123.51,46.66],[-123.52,46.66],[-123.52,46.65],[-123.53,46.65],[-123.53,46.66],[-123.54,46.66],[-123.54,46.65],[-123.53,46.64],[-123.54,46.64],[-123.55,46.65],[-123.56,46.65],[-123.56,46.64],[-123.57,46.64],[-123.58,46.64],[-123.58,46.63],[-123.57,46.62],[-123.58,46.62],[-123.57,46.61],[-123.56,46.61],[-123.55,46.6],[-123.56,46.6],[-123.56,46.59],[-123.55,46.59],[-123.55,46.58],[-123.55,46.57],[-123.54,46.57],[-123.54,46.58],[-123.53,46.58],[-123.53,46.59],[-123.52,46.59],[-123.51,46.58],[-123.52,46.58],[-123.52,46.57],[-123.51,46.57],[-123.51,46.56],[-123.5,46.56],[-123.5,46.55],[-123.49,46.55],[-123.48,46.55],[-123.48,46.56],[-123.47,46.55],[-123.46,46.56],[-123.46,46.55],[-123.45,46.55],[-123.45,46.54],[-123.46,46.54],[-123.45,46.53],[-123.46,46.53],[-123.47,46.53],[-123.48,46.53],[-123.49,46.53],[-123.49,46.52],[-123.5,46.53],[-123.5,46.52],[-123.51,46.52],[-123.52,46.52],[-123.52,46.53],[-123.53,46.53],[-123.53,46.52],[-123.54,46.53],[-123.54,46.54],[-123.54,46.55],[-123.55,46.55],[-123.56,46.55],[-123.56,46.54],[-123.57,46.54],[-123.58,46.55],[-123.59,46.55],[-123.59,46.54],[-123.6,46.54],[-123.6,46.53],[-123.61,46.54],[-123.61,46.53],[-123.62,46.53],[-123.63,46.53],[-123.63,46.54],[-123.64,46.54],[-123.64,46.55],[-123.65,46.56],[-123.66,46.56],[-123.66,46.57],[-123.67,46.57],[-123.67,46.58],[-123.67,46.59],[-123.67,46.6],[-123.68,46.6],[-123.69,46.59],[-123.69,46.6],[-123.7,46.6],[-123.71,46.61],[-123.7,46.61],[-123.7,46.62],[-123.71,46.62],[-123.72,46.62],[-123.73,46.63],[-123.74,46.63],[-123.75,46.63],[-123.75,46.64],[-123.76,46.65],[-123.69,46.65],[-123.7,46.68],[-123.7,46.69],[-123.7,46.71],[-123.75,46.71],[-123.76,46.71],[-123.75,46.72],[-123.76,46.72],[-123.76,46.73],[-123.77,46.73],[-123.77,46.74],[-123.78,46.75],[-123.79,46.75],[-123.79,46.76],[-123.78,46.76],[-123.77,46.76],[-123.77,46.77],[-123.77,46.78],[-123.78,46.78],[-123.79,46.79]],[[-123.51,46.68],[-123.52,46.67],[-123.51,46.67],[-123.51,46.68]]],[[[-123.55,46.59],[-123.55,46.6],[-123.54,46.6],[-123.54,46.59],[-123.55,46.59]]]]}},
{"type":"Feature","properties":{"ugc":"WAZ203","name":"Willapa Hills","state":"WA","wfo":"PQR"},"geometry":{"type":"MultiPolygon","coordinates":[[[[-123.85,46.55],[-123.84,46.55],[-123.84,46.56],[-123.84,46.57],[-123.85,46.57],[-123.85,46.58],[-123.86,46.58],[-123.86,46.59],[-123.86,46.6],[-123.85,46.6],[-123.85,46.61],[-123.85,46.62],[-123.84,46.62],[-123.84,46.61],[-123.83,46.61],[-123.82,46.61],[-123.81,46.61],[-123.8,46.61],[-123.8,46.62],[-123.79,46.62],[-123.79,46.63],[-123.79,46.64],[-123.78,46.64],[-123.77,46.64],[-123.77,46.65],[-123.76,46.65],[-123.75,46.64],[-123.75,46.63],[-123.74,46.63],[-123.73,46.63],[-123.72,46.62],[-123.71,46.62],[-123.7,46.62],[-123.7,46.61],[-123.71,46.61],[-123.7,46.6],[-123.69,46.6],[-123.69,46.59],[-123.68,46.6],[-123.67,46.6],[-123.67,46.59],[-123.67,46.58],[-123.67,46.57],[-123.66,46.57],[-123.66,46.56],[-123.65,46.56],[-123.64,46.55],[-123.64,46.54],[-123.63,46.54],[-123.63,46.53],[-123.62,46.53],[-123.61,46.53],[-123.61,46.54],[-123.6,46.53],[-123.6,46.54],[-123.59,46.54],[-123.59,46.55],[-123.58,46.55],[-123.57,46.54],[-123.56,46.54],[-123.56,46.55],[-123.55,46.55],[-123.54,46.55],[-123.54,46.54],[-123.54,46.53],[-123.53,46.52],[-123.53,46.53],[-123.52,46.53],[-123.52,46.52],[-123.51,46.52],[-123.5,46.52],[-123.5,46.53],[-123.49,46.52],[-123.49,46.53],[-123.48,46.53],[-123.47,46.53],[-123.46,46.53],[-123.45,46.53],[-123.46,46.54],[-123.45,46.54],[-123.45,46.55],[-123.46,46.55],[-123.46,46.56],[-123.47,46.55],[-123.48,46.56],[-123.48,46.55],[-123.49,46.55],[-123.5,46.55],[-123.5,46.56],[-123.51,46.56],[-123.51,46.57],[-123.52,46.57],[-123.52,46.58],[-123.51,46.58],[-123.52,46.59],[-123.53,46.59],[-123.53,46.58],[-123.54,46.58],[-123.54,46.57],[-123.55,46.57],[-123.55,46.58],[-123.55,46.59],[-123.54,46.59],[-123.54,46.6],[-123.55,46.6],[-123.56,46.61],[-123.57,46.61],[-123.58,46.62],[-123.57,46.62],[-123.58,46.63],[-123.58,46.64],[-123.57,46.64],[-123.56,46.64],[-123.56,46.65],[-123.55,46.65],[-123.54,46.64],[-123.53,46.64],[-123.54,46.65],[-123.54,46.66],[-123.53,46.66],[-123.53,46.65],[-123.52,46.65],[-123.52,46.66],[-123.51,46.66],[-123.5,46.66],[-123.49,46.66],[-123.5,46.67],[-123.49,46.67],[-123.48,46.67],[-123.48,46.68],[-123.49,46.68],[-123.49,46.69],[-123.5,46.68],[-123.51,46.68],[-123.51,46.69],[-123.52,46.7],[-123.52,46.69],[-123.53,46.7],[-123.54,46.7],[-123.55,46.7],[-123.56,46.7],[-123.57,46.7],[-123.57,46.71],[-123.58,46.71],[-123.6,46.72],[-123.6,46.73],[-123.61,46.74],[-123.6,46.74],[-123.6,46.75],[-123.61,46.75],[-123.62,46.75],[-123.63,46.75],[-123.63,46.76],[-123.62,46.76],[-123.61,46.76],[-123.61,46.77],[-123.62,46.78],[-123.63,46.78],[-123.64,46.78],[-123.64,46.79],[-123.63,46.79],[-123.61,46.79],[-123.53,46.79],[-123.49,46.79],[-123.48,46.79],[-123.47,46.79],[-123.45,46.79],[-123.43,46.79],[-123.42,46.79],[-123.38,46.79],[-123.37,46.79],[-123.37,46.76],[-123.37,46.74],[-123.37,46.73],[-123.37,46.7],[-123.37,46.67],[-123.37,46.63],[-123.37,46.62],[-123.37,46.6],[-123.37,46.59],[-123.37,46.56],[-123.36,46.56],[-123.36,46.55],[-123.36,46.5],[-123.36,46.48],[-123.36,46.44],[-123.36,46.38],[-123.25,46.38],[-123.21,46.39],[-123.09,46.39],[-123.09,46.38],[-123.08,46.38],[-123.08,46.37],[-123.07,46.37],[-123.06,46.37],[-123.05,46.37],[-123.05,46.36],[-123.04,46.36],[-123.04,46.37],[-123.03,46.37],[-123.04,46.38],[-123.03,46.38],[-123.03,46.39],[-123.01,46.39],[-122.99,46.39],[-122.96,46.39],[-122.96,46.38],[-122.95,46.37],[-122.95,46.36],[-122.95,46.35],[-122.95,46.34],[-122.94,46.34],[-122.94,46.33],[-122.94,46.32],[-122.95,46.32],[-122.96,46.32],[-122.96,46.31],[-122.97,46.31],[-122.97,46.32],[-122.98,46.32],[-122.98,46.31],[-122.99,46.32],[-123.0,46.32],[-123.01,46.33],[-123.02,46.33],[-123.02,46.32],[-123.01,46.32],[-123.01,46.31],[-123.0,46.31],[-123.0,46.3],[-122.99,46.3],[-122.99,46.29],[-123.0,46.29],[-123.0,46.28],[-123.0,46.27],[-123.0,46.26],[-123.01,46.26],[-123.02,46.27],[-123.02,46.26],[-123.02,46.25],[-123.02,46.24],[-123.02,46.23],[-123.03,46.23],[-123.04,46.23],[-123.03,46.22],[-123.03,46.21],[-123.03,46.2],[-123.03,46.19],[-123.04,46.19],[-123.04,46.2],[-123.05,46.2],[-123.06,46.2],[-123.06,46.19],[-123.07,46.19],[-123.08,46.19],[-123.09,46.19],[-123.09,46.2],[-123.1,46.2],[-123.11,46.2],[-123.11,46.21],[-123.12,46.21],[-123.12,46.22],[-123.13,46.22],[-123.13,46.23],[-123.13,46.24],[-123.14,46.24],[-123.15,46.24],[-123.16,46.24],[-123.15,46.23],[-123.15,46.22],[-123.16,46.22],[-123.16,46.21],[-123.17,46.21],[-123.17,46.2],[-123.18,46.2],[-123.19,46.2],[-123.19,46.21],[-123.2,46.21],[-123.2,46.22],[-123.21,46.22],[-123.21,46.21],[-123.21,46.2],[-123.21,46.19],[-123.21,46.18],[-123.22,46.18],[-123.23,46.18],[-123.23,46.17],[-123.24,46.17],[-123.25,46.16],[-123.26,46.16],[-123.27,46.16],[-123.27,46.15],[-123.28,46.15],[-123.29,46.15],[-123.29,46.16],[-123.3,46.16],[-123.31,46.16],[-123.32,46.16],[-123.32,46.17],[-123.33,46.17],[-123.34,46.17],[-123.34,46.18],[-123.35,46.19],[-123.35,46.2],[-123.36,46.21],[-123.35,46.21],[-123.34,46.21],[-123.34,46.22],[-123.33,46.22],[-123.32,46.22],[-123.31,46.22],[-123.31,46.21],[-123.3,46.21],[-123.29,46.21],[-123.29,46.22],[-123.3,46.22],[-123.29,46.23],[-123.3,46.23],[-123.31,46.23],[-123.31,46.24],[-123.31,46.25],[-123.3,46.25],[-123.3,46.26],[-123.29,46.26],[-123.28,46.27],[-123.27,46.27],[-123.27,46.28],[-123.28,46.28],[-123.29,46.27],[-123.3,46.27],[-123.31,46.27],[-123.32,46.27],[-123.33,46.27],[-123.34,46.27],[-123.34,46.26],[-123.33,46.26],[-123.33,46.25],[-123.34,46.25],[-123.34,46.24],[-123.34,46.23],[-123.35,46.23],[-123.36,46.23],[-123.36,46.24],[-123.35,46.24],[-123.35,46.25],[-123.35,46.26],[-123.36,46.26],[-123.37,46.26],[-123.38,46.26],[-123.38,46.27],[-123.37,46.28],[-123.37,46.29],[-123.37,46.3],[-123.36,46.3],[-123.36,46.29],[-123.35,46.29],[-123.34,46.3],[-123.35,46.3],[-123.35,46.31],[-123.36,46.31],[-123.37,46.31],[-123.38,46.31],[-123.38,46.32],[-123.39,46.32],[-123.4,46.32],[-123.41,46.32],[-123.42,46.32],[-123.42,46.33],[-123.42,46.34],[-123.43,46.34],[-123.43,46.33],[-123.44,46.33],[-123.44,46.34],[-123.45,46.34],[-123.46,46.34],[-123.47,46.34],[-123.48,46.34],[-123.48,46.33],[-123.49,46.33],[-123.5,46.33],[-123.51,46.33],[-123.51,46.32],[-123.51,46.31],[-123.52,46.31],[-123.52,46.3],[-123.52,46.29],[-123.52,46.28],[-123.53,46.28],[-123.54,46.28],[-123.55,46.28],[-123.55,46.29],[-123.54,46.29],[-123.54,46.3],[-123.54,46.31],[-123.55,46.31],[-123.56,46.31],[-123.56,46.3],[-123.56,46.29],[-123.57,46.29],[-123.57,46.3],[-123.57,46.31],[-123.58,46.31],[-123.58,46.32],[-123.59,46.32],[-123.6,46.32],[-123.61,46.32],[-123.61,46.33],[-123.6,46.33],[-123.59,46.33],[-123.58,46.33],[-123.58,46.34],[-123.57,46.34],[-123.56,46.34],[-123.56,46.35],[-123.55,46.35],[-123.54,46.35],[-123.54,46.36],[-123.53,46.36],[-123.52,46.36],[-123.52,46.37],[-123.53,46.37],[-123.53,46.38],[-123.54,46.38],[-123.54,46.39],[-123.55,46.39],[-123.55,46.4],[-123.54,46.4],[-123.54,46.41],[-123.55,46.41],[-123.56,46.41],[-123.56,46.4],[-123.57,46.4],[-123.58,46.4],[-123.59,46.4],[-123.59,46.41],[-123.6,46.41],[-123.61,46.41],[-123.61,46.4],[-123.6,46.4],[-123.6,46.39],[-123.61,46.39],[-123.61,46.38],[-123.61,46.37],[-123.61,46.36],[-123.62,46.36],[-123.62,46.35],[-123.63,46.35],[-123.63,46.36],[-123.64,46.36],[-123.65,46.36],[-123.65,46.37],[-123.66,46.37],[-123.66,46.38],[-123.65,46.38],[-123.65,46.39],[-123.66,46.39],[-123.67,46.39],[-123.67,46.4],[-123.68,46.4],[-123.69,46.4],[-123.7,46.4],[-123.7,46.39],[-123.71,46.39],[-123.71,46.4],[-123.72,46.4],[-123.73,46.41],[-123.73,46.4],[-123.74,46.4],[-123.74,46.39],[-123.74,46.38],[-123.75,46.38],[-123.76,46.38],[-123.77,46.38],[-123.78,46.38],[-123.79,46.38],[-123.79,46.39],[-123.8,46.39],[-123.81,46.39],[-123.81,46.4],[-123.82,46.4],[-123.83,46.41],[-123.83,46.42],[-123.84,46.43],[-123.84,46.44],[-123.84,46.45],[-123.84,46.46],[-123.84,46.47],[-123.83,46.47],[-123.82,46.47],[-123.81,46.47],[-123.81,46.48],[-123.8,46.48],[-123.79,46.48],[-123.79,46.47],[-123.78,46.47],[-123.77,46.47],[-123.77,46.48],[-123.78,46.48],[-123.78,46.49],[-123.79,46.49],[-123.79,46.5],[-123.8,46.5],[-123.81,46.5],[-123.82,46.5],[-123.83,46.5],[-123.84,46.5],[-123.84,46.51],[-123.83,46.52],[-123.82,46.53],[-123.83,46.53],[-123.83,46.54],[-123.84,46.54],[-123.85,46.54],[-123.85,46.55]],[[-123.17,46.21],[-123.17,46.22],[-123.18,46.22],[-123.18,46.21],[-123.17,46.21]],[[-123.18,46.22],[-123.18,46.23],[-123.19,46.23],[-123.19,46.22],[-123.18,46.22]],[[-123.27,46.28],[-123.26,46.28],[-123.26,46.29],[-123.27,46.29],[-123.27,46.28]],[[-123.54,46.35],[-123.53,46.34],[-123.52,46.34],[-123.53,46.35],[-123.54,46.35]],[[-123.77,46.47],[-123.77,46.46],[-123.76,46.46],[-123.76,46.45],[-123.75,46.45],[-123.75,46.46],[-123.75,46.47],[-123.76,46.47],[-123.77,46.47]],[[-123.75,46.45],[-123.75,46.44],[-123.74,46.44],[-123.74,46.45],[-123.75,46.45]],[[-123.14,46.25],[-123.13,46.25],[-123.13,46.26],[-123.14,46.26],[-123.14,46.25]],[[-123.26,46.3],[-123.26,46.31],[-123.27,46.31],[-123.27,46.3],[-123.26,46.3]]],[[[-123.71,46.39],[-123.71,46.38],[-123.72,46.38],[-123.72,46.39],[-123.71,46.39]]],[[[-123.02,46.23],[-123.01,46.24],[-123.0,46.24],[-122.99,46.24],[-122.98,46.23],[-122.98,46.24],[-122.99,46.25],[-122.98,46.25],[-122.97,46.25],[-122.97,46.24],[-122.97,46.23],[-122.97,46.22],[-122.98,46.22],[-122.98,46.21],[-122.99,46.21],[-123.0,46.21],[-123.0,46.2],[-123.01,46.2],[-123.01,46.21],[-123.02,46.21],[-123.01,46.22],[-123.01,46.23],[-123.02,46.23]],[[-123.0,46.23],[-123.0,46.22],[-122.99,46.22],[-122.99,46.23],[-123.0,46.23]]],[[[-122.99,46.29],[-122.98,46.29],[-122.98,46.3],[-122.97,46.3],[-122.97,46.29],[-122.97,46.28],[-122.98,46.28],[-122.99,46.28],[-122.99,46.29]]],[[[-122.94,46.32],[-122.93,46.31],[-122.94,46.31],[-122.94,46.32]]],[[[-123.51,46.68],[-123.51,46.67],[-123.52,46.67],[-123.51,46.68]]],[[[-123.55,46.6],[-123.55,46.59],[-123.56,46.59],[-123.56,46.6],[-123.55,46.6]]],[[[-123.79,46.64],[-123.8,46.64],[-123.8,46.65],[-123.79,46.65],[-123.79,46.64]]],[[[-123.81,46.61],[-123.82,46.62],[-123.81,46.62],[-123.81,46.61]]],[[[-123.65,46.79],[-123.65,46.78],[-123.65,46.77],[-123.65,46.76],[-123.66,46.76],[-123.66,46.77],[-123.66,46.78],[-123.66,46.79],[-123.65,46.79]]],[[[-122.98,46.21],[-122.97,46.21],[-122.97,46.22],[-122.96,46.22],[-122.95,46.22],[-122.95,46.21],[-122.94,46.21],[-122.93,46.21],[-122.93,46.2],[-122.93,46.19],[-122.94,46.19],[-122.94,46.18],[-122.95,46.18],[-122.95,46.17],[-122.96,46.17],[-122.96,46.18],[-122.97,46.18],[-122.98,46.18],[-122.98,46.19],[-122.98,46.2],[-122.98,46.21]]],[[[-123.38,46.28],[-123.39,46.28],[-123.39,46.29],[-123.38,46.29],[-123.38,46.28]]],[[[-123.51,46.28],[-123.5,46.28],[-123.51,46.27],[-123.51,46.28]]],[[[-123.49,46.28],[-123.49,46.29],[-123.48,46.29],[-123.48,46.28],[-123.49,46.28]]],[[[-123.85,46.78],[-123.85,46.79],[-123.8,46.79],[-123.79,46.79],[-123.78,46.78],[-123.77,46.78],[-123.77,46.77],[-123.77,46.76],[-123.78,46.76],[-123.79,46.76],[-123.79,46.75],[-123.78,46.75],[-123.77,46.74],[-123.77,46.73],[-123.76,46.73],[-123.76,46.72],[-123.75,46.72],[-123.76,46.71],[-123.76,46.7],[-123.75,46.7],[-123.76,46.69],[-123.77,46.69],[-123.78,46.69],[-123.78,46.7],[-123.79,46.7],[-123.8,46.71],[-123.81,46.71],[-123.81,46.72],[-123.81,46.73],[-123.82,46.73],[-123.83,46.73],[-123.83,46.74],[-123.84,46.74],[-123.85,46.74],[-123.86,46.74],[-123.85,46.75],[-123.84,46.75],[-123.83,46.75],[-123.83,46.76],[-123.82,46.75],[-123.82,46.76],[-123.82,46.77],[-123.83,46.77],[-123.84,46.77],[-123.84,46.78],[-123.85,46.78]]]]}},
{"type":"Feature","properties":{"ugc":"WAZ204","name":"Cowlitz County Lowlands","state":"WA","wfo":"PQR"},"geometry":{"type":"MultiPolygon","coordinates":[[[[-123.21,46.22],[-123.2,46.22],[-123.2,46.21],[-123.19,46.21],[-123.19,46.2],[-123.18,46.2],[-123.17,46.2],[-123.17,46.21],[-123.16,46.21],[-123.16,46.22],[-123.15,46.22],[-123.15,46.23],[-123.16,46.24],[-123.15,46.24],[-123.14,46.24],[-123.13,46.24],[-123.13,46.23],[-123.13,46.22],[-123.12,46.22],[-123.12,46.21],[-123.11,46.21],[-123.11,46.2],[-123.1,46.2],[-123.09,46.2],[-123.09,46.19],[-123.08,46.19],[-123.07,46.19],[-123.06,46.19],[-123.06,46.2],[-123.05,46.2],[-123.04,46.2],[-123.04,46.19],[-123.03,46.19],[-123.03,46.2],[-123.03,46.21],[-123.03,46.22],[-123.04,46.23],[-123.03,46.23],[-123.02,46.23],[-123.02,46.24],[-123.02,46.25],[-123.02,46.26],[-123.02,46.27],[-123.01,46.26],[-123.0,46.26],[-123.0,46.27],[-123.0,46.28],[-123.0,46.29],[-122.99,46.29],[-122.99,46.3],[-123.0,46.3],[-123.0,46.31],[-123.01,46.31],[-123.01,46.32],[-123.02,46.32],[-123.02,46.33],[-123.01,46.33],[-123.0,46.32],[-122.99,46.32],[-122.98,46.31],[-122.98,46.32],[-122.97,46.32],[-122.97,46.31],[-122.96,46.31],[-122.96,46.32],[-122.95,46.32],[-122.94,46.32],[-122.94,46.33],[-122.94,46.34],[-122.95,46.34],[-122.95,46.35],[-122.95,46.36],[-122.95,46.37],[-122.96,46.38],[-122.96,46.39],[-122.9,46.39],[-122.85,46.39],[-122.79,46.39],[-122.75,46.39],[-122.68,46.39],[-122.68,46.38],[-122.69,46.38],[-122.7,46.38],[-122.71,46.38],[-122.72,46.38],[-122.72,46.37],[-122.73,46.38],[-122.74,46.38],[-122.75,46.38],[-122.75,46.37],[-122.74,46.37],[-122.74,46.36],[-122.75,46.36],[-122.75,46.35],[-122.76,46.35],[-122.77,46.35],[-122.78,46.35],[-122.79,46.35],[-122.8,46.35],[-122.8,46.34],[-122.79,46.33],[-122.8,46.33],[-122.81,46.32],[-122.81,46.31],[-122.82,46.31],[-122.83,46.31],[-122.83,46.32],[-122.84,46.32],[-122.85,46.32],[-122.85,46.31],[-122.86,46.31],[-122.87,46.31],[-122.88,46.31],[-122.88,46.3],[-122.88,46.29],[-122.88,46.28],[-122.88,46.27],[-122.88,46.26],[-122.88,46.25],[-122.87,46.25],[-122.87,46.24],[-122.87,46.23],[-122.88,46.23],[-122.88,46.22],[-122.88,46.21],[-122.87,46.21],[-122.87,46.2],[-122.86,46.2],[-122.87,46.19],[-122.88,46.19],[-122.88,46.18],[-122.87,46.18],[-122.88,46.17],[-122.87,46.17],[-122.87,46.16],[-122.86,46.15],[-122.85,46.15],[-122.85,46.14],[-122.84,46.14],[-122.84,46.13],[-122.83,46.13],[-122.83,46.14],[-122.82,46.14],[-122.82,46.13],[-122.81,46.13],[-122.8,46.12],[-122.81,46.11],[-122.8,46.11],[-122.8,46.1],[-122.81,46.1],[-122.81,46.09],[-122.82,46.09],[-122.82,46.08],[-122.83,46.08],[-122.84,46.08],[-122.85,46.08],[-122.85,46.07],[-122.85,46.06],[-122.85,46.05],[-122.84,46.05],[-122.83,46.05],[-122.82,46.05],[-122.81,46.05],[-122.8,46.05],[-122.79,46.05],[-122.79,46.04],[-122.8,46.04],[-122.81,46.04],[-122.81,46.03],[-122.82,46.03],[-122.82,46.02],[-122.83,46.02],[-122.84,46.02],[-122.84,46.01],[-122.83,46.01],[-122.82,46.0],[-122.81,46.0],[-122.81,45.99],[-122.8,45.99],[-122.81,45.98],[-122.8,45.98],[-122.8,45.97],[-122.79,45.97],[-122.78,45.96],[-122.78,45.95],[-122.77,45.95],[-122.76,45.95],[-122.76,45.94],[-122.75,45.94],[-122.74,45.94],[-122.73,45.94],[-122.72,45.94],[-122.72,45.93],[-122.72,45.92],[-122.73,45.91],[-122.74,45.91],[-122.74,45.9],[-122.75,45.9],[-122.75,45.89],[-122.74,45.89],[-122.73,45.9],[-122.73,45.89],[-122.73,45.88],[-122.72,45.87],[-122.73,45.87],[-122.74,45.87],[-122.75,45.87],[-122.75,45.86],[-122.76,45.86],[-122.77,45.86],[-122.78,45.86],[-122.78,45.85],[-122.79,45.85],[-122.78,45.87],[-122.8,45.88],[-122.81,45.91],[-122.81,45.93],[-122.81,45.96],[-122.83,45.98],[-122.84,45.98],[-122.86,46.01],[-122.87,46.03],[-122.88,46.03],[-122.88,46.05],[-122.88,46.06],[-122.9,46.08],[-122.96,46.1],[-122.96,46.11],[-122.99,46.12],[-123.0,46.13],[-123.01,46.13],[-123.01,46.14],[-123.02,46.14],[-123.03,46.14],[-123.04,46.15],[-123.05,46.15],[-123.11,46.18],[-123.12,46.18],[-123.12,46.19],[-123.17,46.19],[-123.21,46.17],[-123.21,46.18],[-123.21,46.19],[-123.21,46.2],[-123.21,46.21],[-123.21,46.22]],[[-123.02,46.23],[-123.01,46.23],[-123.01,46.22],[-123.02,46.21],[-123.01,46.21],[-123.01,46.2],[-123.0,46.2],[-123.0,46.21],[-122.99,46.21],[-122.98,46.21],[-122.98,46.2],[-122.98,46.19],[-122.98,46.18],[-122.97,46.18],[-122.96,46.18],[-122.96,46.17],[-122.95,46.17],[-122.95,46.18],[-122.94,46.18],[-122.94,46.19],[-122.93,46.19],[-122.93,46.2],[-122.93,46.21],[-122.94,46.21],[-122.95,46.21],[-122.95,46.22],[-122.96,46.22],[-122.97,46.22],[-122.97,46.23],[-122.97,46.24],[-122.97,46.25],[-122.98,46.25],[-122.99,46.25],[-122.98,46.24],[-122.98,46.23],[-122.99,46.24],[-123.0,46.24],[-123.01,46.24],[-123.02,46.23]],[[-122.99,46.29],[-122.99,46.28],[-122.98,46.28],[-122.97,46.28],[-122.97,46.29],[-122.97,46.3],[-122.98,46.3],[-122.98,46.29],[-122.99,46.29]],[[-122.94,46.32],[-122.94,46.31],[-122.93,46.31],[-122.94,46.32]],[[-122.87,46.31],[-122.87,46.32],[-122.87,46.33],[-122.88,46.33],[-122.88,46.32],[-122.87,46.31]]],[[[-122.88,46.26],[-122.87,46.27],[-122.86,46.26],[-122.87,46.26],[-122.88,46.26]]],[[[-122.83,46.31],[-122.83,46.3],[-122.84,46.3],[-122.84,46.31],[-122.83,46.31]]],[[[-123.17,46.21],[-123.18,46.21],[-123.18,46.22],[-123.17,46.22],[-123.17,46.21]]],[[[-123.18,46.22],[-123.19,46.22],[-123.19,46.23],[-123.18,46.23],[-123.18,46.22]]],[[[-123.14,46.25],[-123.14,46.26],[-123.13,46.26],[-123.13,46.25],[-123.14,46.25]]],[[[-122.98,46.21],[-122.98,46.22],[-122.97,46.22],[-122.97,46.21],[-122.98,46.21]]],[[[-123.0,46.23],[-122.99,46.23],[-122.99,46.22],[-123.0,46.22],[-123.0,46.23]]],[[[-123.09,46.38],[-123.09,46.39],[-123.08,46.39],[-123.06,46.39],[-123.03,46.39],[-123.03,46.38],[-123.04,46.38],[-123.03,46.37],[-123.04,46.37],[-123.04,46.36],[-123.05,46.36],[-123.05,46.37],[-123.06,46.37],[-123.07,46.37],[-123.08,46.37],[-123.08,46.38],[-123.09,46.38]]]]}},
{"type":"Feature","properties":{"ugc":"WAZ205","name":"North Clark County Lowlands","state":"WA","wfo":"PQR"},"geometry":{"type":"MultiPolygon","coordinates":[[[[-122.74,45.91],[-122.73,45.91],[-122.72,45.92],[-122.72,45.93],[-122.71,45.91],[-122.72,45.91],[-122.72,45.9],[-122.72,45.89],[-122.72,45.88],[-122.71,45.88],[-122.7,45.88],[-122.69,45.88],[-122.69,45.89],[-122.68,45.89],[-122.67,45.89],[-122.67,45.88],[-122.66,45.88],[-122.65,45.88],[-122.64,45.88],[-122.64,45.87],[-122.63,45.87],[-122.63,45.86],[-122.62,45.86],[-122.62,45.87],[-122.61,45.87],[-122.61,45.86],[-122.61,45.85],[-122.6,45.85],[-122.59,45.85],[-122.58,45.85],[-122.58,45.86],[-122.57,45.86],[-122.56,45.86],[-122.56,45.85],[-122.57,45.85],[-122.57,45.84],[-122.56,45.84],[-122.55,45.84],[-122.54,45.84],[-122.54,45.85],[-122.53,45.85],[-122.53,45.86],[-122.52,45.87],[-122.52,45.86],[-122.51,45.86],[-122.51,45.85],[-122.52,45.85],[-122.52,45.84],[-122.51,45.84],[-122.51,45.83],[-122.5,45.83],[-122.5,45.84],[-122.49,45.84],[-122.48,45.84],[-122.47,45.84],[-122.47,45.83],[-122.48,45.83],[-122.49,45.83],[-122.49,45.82],[-122.5,45.82],[-122.51,45.82],[-122.52,45.82],[-122.52,45.81],[-122.51,45.81],[-122.51,45.8],[-122.5,45.8],[-122.49,45.8],[-122.49,45.79],[-122.5,45.79],[-122.5,45.78],[-122.49,45.78],[-122.49,45.77],[-122.48,45.77],[-122.47,45.77],[-122.46,45.77],[-122.46,45.76],[-122.47,45.76],[-122.48,45.76],[-122.48,45.75],[-122.47,45.75],[-122.47,45.74],[-122.47,45.73],[-122.47,45.72],[-122.47,45.71],[-122.46,45.72],[-122.46,45.71],[-122.45,45.71],[-122.44,45.71],[-122.44,45.7],[-122.44,45.69],[-122.43,45.69],[-122.42,45.69],[-122.42,45.7],[-122.41,45.7],[-122.4,45.7],[-122.4,45.69],[-122.41,45.69],[-122.42,45.68],[-122.42,45.67],[-122.49,45.67],[-122.54,45.67],[-122.55,45.66],[-122.56,45.66],[-122.57,45.65],[-122.57,45.66],[-122.58,45.67],[-122.59,45.68],[-122.6,45.68],[-122.6,45.69],[-122.61,45.69],[-122.61,45.7],[-122.62,45.7],[-122.63,45.7],[-122.63,45.71],[-122.65,45.72],[-122.77,45.79],[-122.77,45.78],[-122.8,45.81],[-122.8,45.83],[-122.79,45.84],[-122.79,45.85],[-122.78,45.85],[-122.78,45.86],[-122.77,45.86],[-122.76,45.86],[-122.75,45.86],[-122.75,45.87],[-122.74,45.87],[-122.73,45.87],[-122.72,45.87],[-122.73,45.88],[-122.73,45.89],[-122.73,45.9],[-122.74,45.89],[-122.75,45.89],[-122.75,45.9],[-122.74,45.9],[-122.74,45.91]]],[[[-122.46,45.72],[-122.46,45.73],[-122.45,45.72],[-122.46,45.72]]],[[[-122.47,45.75],[-122.46,45.75],[-122.46,45.74],[-122.47,45.75]]],[[[-122.46,45.77],[-122.46,45.78],[-122.45,45.77],[-122.46,45.77]]],[[[-122.48,45.77],[-122.49,45.78],[-122.48,45.78],[-122.48,45.77]]],[[[-122.49,45.8],[-122.48,45.81],[-122.48,45.8],[-122.49,45.8]]],[[[-122.49,45.82],[-122.48,45.82],[-122.47,45.82],[-122.47,45.81],[-122.48,45.81],[-122.49,45.81],[-122.5,45.81],[-122.49,45.82]]],[[[-122.61,45.87],[-122.61,45.88],[-122.6,45.88],[-122.6,45.87],[-122.61,45.87]]],[[[-122.67,45.89],[-122.67,45.9],[-122.66,45.9],[-122.66,45.89],[-122.67,45.89]]],[[[-122.45,45.77],[-122.45,45.78],[-122.45,45.79],[-122.44,45.79],[-122.44,45.78],[-122.43,45.78],[-122.43,45.77],[-122.42,45.77],[-122.42,45.76],[-122.43,45.76],[-122.44,45.76],[-122.44,45.77],[-122.45,45.77]]]]}},
{"type":"Feature","properties":{"ugc":"WAZ206","name":"Inner Vancouver Metro","state":"WA","wfo":"PQR"},"geometry":{"type":"MultiPolygon","coordinates":[[[[-122.65,45.72],[-122.63,45.71],[-122.63,45.7],[-122.62,45.7],[-122.61,45.7],[-122.61,45.69],[-122.6,45.69],[-122.6,45.68],[-122.59,45.68],[-122.58,45.67],[-122.57,45.66],[-122.57,45.65],[-122.56,45.66],[-122.55,45.66],[-122.54,45.67],[-122.49,45.67],[-122.49,45.64],[-122.49,45.62],[-122.49,45.6],[-122.49,45.58],[-122.5,45.58],[-122.51,45.59],[-122.53,45.59],[-122.55,45.6],[-122.56,45.6],[-122.58,45.6],[-122.6,45.61],[-122.61,45.61],[-122.64,45.61],[-122.67,45.62],[-122.69,45.62],[-122.71,45.64],[-122.74,45.64],[-122.76,45.66],[-122.77,45.68],[-122.77,45.7],[-122.76,45.72],[-122.76,45.73],[-122.76,45.76],[-122.77,45.78],[-122.77,45.79],[-122.65,45.72]]]]}},
{"type":"Feature","properties":{"ugc":"WAZ207","name":"East Clark County Lowlands","state":"WA","wfo":"PQR"},"geometry":{"type":"MultiPolygon","coordinates":[[[[-122.42,45.67],[-122.41,45.66],[-122.41,45.65],[-122.4,45.65],[-122.4,45.64],[-122.39,45.64],[-122.38,45.64],[-122.37,45.64],[-122.37,45.63],[-122.36,45.63],[-122.35,45.63],[-122.34,45.63],[-122.33,45.63],[-122.32,45.63],[-122.32,45.62],[-122.33,45.62],[-122.33,45.61],[-122.33,45.6],[-122.32,45.6],[-122.31,45.6],[-122.31,45.59],[-122.3,45.59],[-122.29,45.59],[-122.29,45.58],[-122.29,45.57],[-122.28,45.57],[-122.27,45.57],[-122.26,45.56],[-122.25,45.56],[-122.25,45.55],[-122.26,45.54],[-122.27,45.54],[-122.3,45.54],[-122.31,45.55],[-122.33,45.55],[-122.35,45.57],[-122.38,45.58],[-122.39,45.57],[-122.41,45.57],[-122.44,45.56],[-122.45,45.57],[-122.47,45.58],[-122.49,45.58],[-122.49,45.6],[-122.49,45.62],[-122.49,45.64],[-122.49,45.67],[-122.42,45.67]]],[[[-122.37,45.64],[-122.37,45.65],[-122.36,45.65],[-122.35,45.65],[-122.35,45.64],[-122.36,45.64],[-122.37,45.64]]]]}},
{"type":"Feature","properties":{"ugc":"WAZ208","name":"South Washington Cascade Foothills","state":"WA","wfo":"PQR"},"geometry":{"type":"MultiPolygon","coordinates":[[[[-122.88,46.26],[-122.88,46.27],[-122.88,46.28],[-122.88,46.29],[-122.88,46.3],[-122.88,46.31],[-122.87,46.31],[-122.86,46.31],[-122.85,46.31],[-122.85,46.32],[-122.84,46.32],[-122.83,46.32],[-122.83,46.31],[-122.82,46.31],[-122.81,46.31],[-122.81,46.32],[-122.8,46.33],[-122.79,46.33],[-122.8,46.34],[-122.8,46.35],[-122.79,46.35],[-122.78,46.35],[-122.77,46.35],[-122.76,46.35],[-122.75,46.35],[-122.75,46.36],[-122.74,46.36],[-122.74,46.37],[-122.75,46.37],[-122.75,46.38],[-122.74,46.38],[-122.73,46.38],[-122.72,46.37],[-122.72,46.38],[-122.71,46.38],[-122.7,46.38],[-122.69,46.38],[-122.68,46.38],[-122.68,46.39],[-122.63,46.39],[-122.62,46.39],[-122.5,46.39],[-122.48,46.39],[-122.47,46.39],[-122.45,46.39],[-122.42,46.39],[-122.38,46.39],[-122.37,46.39],[-122.37,46.38],[-122.38,46.38],[-122.38,46.37],[-122.39,46.37],[-122.4,46.37],[-122.41,46.37],[-122.42,46.37],[-122.43,46.37],[-122.44,46.37],[-122.45,46.36],[-122.46,46.36],[-122.47,46.36],[-122.48,46.36],[-122.49,46.36],[-122.49,46.37],[-122.5,46.37],[-122.51,46.37],[-122.51,46.38],[-122.52,46.37],[-122.53,46.37],[-122.53,46.36],[-122.52,46.36],[-122.51,46.36],[-122.5,46.36],[-122.5,46.35],[-122.51,46.35],[-122.51,46.34],[-122.5,46.34],[-122.5,46.33],[-122.49,46.33],[-122.48,46.33],[-122.47,46.33],[-122.46,46.33],[-122.45,46.33],[-122.45,46.32],[-122.44,46.32],[-122.44,46.33],[-122.43,46.33],[-122.43,46.32],[-122.43,46.31],[-122.42,46.31],[-122.41,46.31],[-122.4,46.31],[-122.4,46.3],[-122.4,46.29],[-122.41,46.29],[-122.42,46.29],[-122.43,46.29],[-122.43,46.3],[-122.44,46.3],[-122.45,46.3],[-122.45,46.31],[-122.46,46.31],[-122.46,46.3],[-122.47,46.3],[-122.48,46.3],[-122.48,46.31],[-122.49,46.31],[-122.5,46.31],[-122.51,46.31],[-122.52,46.31],[-122.53,46.31],[-122.54,46.31],[-122.54,46.32],[-122.55,46.32],[-122.55,46.33],[-122.55,46.34],[-122.55,46.35],[-122.56,46.35],[-122.56,46.36],[-122.57,46.36],[-122.58,46.36],[-122.59,46.36],[-122.6,46.36],[-122.61,46.36],[-122.62,46.36],[-122.62,46.35],[-122.61,46.35],[-122.61,46.34],[-122.6,46.34],[-122.6,46.33],[-122.61,46.33],[-122.62,46.33],[-122.63,46.33],[-122.63,46.32],[-122.62,46.32],[-122.61,46.32],[-122.61,46.31],[-122.6,46.31],[-122.59,46.31],[-122.59,46.3],[-122.59,46.29],[-122.6,46.29],[-122.61,46.29],[-122.61,46.28],[-122.6,46.28],[-122.6,46.27],[-122.59,46.27],[-122.58,46.27],[-122.58,46.28],[-122.57,46.28],[-122.57,46.27],[-122.56,46.27],[-122.56,46.26],[-122.55,46.26],[-122.54,46.25],[-122.54,46.26],[-122.53,46.26],[-122.53,46.25],[-122.52,46.25],[-122.51,46.24],[-122.5,46.24],[-122.49,46.24],[-122.48,46.24],[-122.48,46.23],[-122.49,46.23],[-122.5,46.23],[-122.51,46.23],[-122.52,46.23],[-122.52,46.22],[-122.53,46.22],[-122.53,46.23],[-122.53,46.24],[-122.54,46.24],[-122.54,46.23],[-122.55,46.23],[-122.55,46.24],[-122.56,46.24],[-122.57,46.24],[-122.58,46.24],[-122.58,46.25],[-122.59,46.25],[-122.59,46.24],[-122.6,46.24],[-122.61,46.24],[-122.61,46.25],[-122.62,46.25],[-122.62,46.24],[-122.63,46.24],[-122.64,46.24],[-122.64,46.25],[-122.65,46.25],[-122.66,46.25],[-122.66,46.26],[-122.67,46.26],[-122.68,46.26],[-122.69,46.26],[-122.69,46.25],[-122.68,46.25],[-122.68,46.24],[-122.67,46.24],[-122.67,46.23],[-122.67,46.22],[-122.66,46.22],[-122.65,46.21],[-122.64,46.21],[-122.63,46.21],[-122.62,46.21],[-122.62,46.2],[-122.63,46.2],[-122.64,46.2],[-122.64,46.19],[-122.63,46.18],[-122.62,46.18],[-122.61,46.18],[-122.6,46.19],[-122.6,46.18],[-122.59,46.18],[-122.58,46.18],[-122.58,46.19],[-122.57,46.19],[-122.56,46.19],[-122.56,46.18],[-122.57,46.18],[-122.57,46.17],[-122.56,46.17],[-122.55,46.17],[-122.55,46.16],[-122.54,46.16],[-122.53,46.16],[-122.53,46.15],[-122.54,46.15],[-122.55,46.15],[-122.56,46.15],[-122.57,46.15],[-122.57,46.14],[-122.57,46.13],[-122.56,46.13],[-122.56,46.12],[-122.56,46.11],[-122.57,46.11],[-122.58,46.11],[-122.58,46.1],[-122.59,46.1],[-122.59,46.09],[-122.58,46.09],[-122.58,46.08],[-122.59,46.08],[-122.59,46.07],[-122.58,46.07],[-122.58,46.06],[-122.57,46.07],[-122.56,46.07],[-122.55,46.07],[-122.54,46.07],[-122.53,46.07],[-122.53,46.08],[-122.52,46.08],[-122.52,46.09],[-122.52,46.1],[-122.51,46.1],[-122.5,46.1],[-122.5,46.11],[-122.49,46.11],[-122.49,46.1],[-122.5,46.09],[-122.5,46.08],[-122.49,46.08],[-122.48,46.08],[-122.47,46.08],[-122.46,46.08],[-122.45,46.08],[-122.44,46.08],[-122.43,46.09],[-122.42,46.09],[-122.41,46.1],[-122.4,46.1],[-122.4,46.11],[-122.4,46.12],[-122.39,46.12],[-122.39,46.11],[-122.38,46.11],[-122.37,46.11],[-122.36,46.11],[-122.36,46.12],[-122.36,46.13],[-122.35,46.12],[-122.35,46.11],[-122.35,46.1],[-122.36,46.1],[-122.37,46.1],[-122.38,46.1],[-122.39,46.1],[-122.39,46.09],[-122.4,46.09],[-122.41,46.09],[-122.41,46.08],[-122.42,46.08],[-122.43,46.08],[-122.43,46.07],[-122.44,46.07],[-122.44,46.06],[-122.45,46.07],[-122.46,46.07],[-122.47,46.07],[-122.47,46.06],[-122.48,46.06],[-122.49,46.06],[-122.5,46.06],[-122.5,46.07],[-122.51,46.07],[-122.51,46.06],[-122.52,46.06],[-122.52,46.05],[-122.51,46.05],[-122.5,46.04],[-122.51,46.04],[-122.52,46.04],[-122.53,46.04],[-122.54,46.05],[-122.54,46.04],[-122.55,46.04],[-122.55,46.03],[-122.55,46.02],[-122.54,46.02],[-122.53,46.02],[-122.52,46.02],[-122.51,46.02],[-122.51,46.01],[-122.5,46.01],[-122.49,46.01],[-122.48,46.01],[-122.47,46.0],[-122.46,46.0],[-122.46,46.01],[-122.45,46.01],[-122.45,46.0],[-122.44,46.0],[-122.43,46.0],[-122.43,45.99],[-122.42,45.99],[-122.42,46.0],[-122.41,46.0],[-122.4,46.01],[-122.39,46.01],[-122.38,46.01],[-122.37,46.01],[-122.38,46.02],[-122.37,46.02],[-122.36,46.02],[-122.36,46.03],[-122.36,46.04],[-122.35,46.04],[-122.34,46.04],[-122.34,46.03],[-122.33,46.03],[-122.33,46.04],[-122.33,46.05],[-122.33,46.06],[-122.32,46.06],[-122.31,46.06],[-122.31,46.07],[-122.31,46.08],[-122.3,46.08],[-122.3,46.07],[-122.29,46.07],[-122.28,46.07],[-122.27,46.07],[-122.26,46.07],[-122.26,46.08],[-122.25,46.08],[-122.25,46.09],[-122.25,46.1],[-122.24,46.1],[-122.24,46.09],[-122.24,46.08],[-122.23,46.08],[-122.22,46.08],[-122.21,46.08],[-122.21,46.09],[-122.2,46.09],[-122.2,46.08],[-122.19,46.08],[-122.18,46.08],[-122.17,46.08],[-122.16,46.08],[-122.16,46.07],[-122.15,46.07],[-122.14,46.07],[-122.13,46.07],[-122.12,46.07],[-122.11,46.06],[-122.11,46.07],[-122.1,46.07],[-122.09,46.07],[-122.09,46.06],[-122.08,46.06],[-122.07,46.06],[-122.07,46.07],[-122.06,46.07],[-122.06,46.06],[-122.05,46.06],[-122.04,46.06],[-122.03,46.06],[-122.02,46.05],[-122.03,46.05],[-122.03,46.04],[-122.04,46.04],[-122.05,46.04],[-122.06,46.04],[-122.07,46.04],[-122.07,46.03],[-122.08,46.03],[-122.09,46.03],[-122.09,46.02],[-122.09,46.01],[-122.1,46.02],[-122.1,46.03],[-122.1,46.04],[-122.11,46.04],[-122.12,46.04],[-122.12,46.03],[-122.13,46.03],[-122.13,46.04],[-122.14,46.04],[-122.14,46.05],[-122.15,46.06],[-122.16,46.06],[-122.16,46.05],[-122.17,46.05],[-122.17,46.06],[-122.18,46.06],[-122.18,46.05],[-122.19,46.05],[-122.19,46.06],[-122.2,46.06],[-122.21,46.06],[-122.21,46.05],[-122.22,46.05],[-122.23,46.05],[-122.23,46.04],[-122.23,46.03],[-122.24,46.03],[-122.24,46.04],[-122.25,46.04],[-122.25,46.05],[-122.26,46.05],[-122.27,46.05],[-122.28,46.05],[-122.28,46.04],[-122.29,46.04],[-122.29,46.03],[-122.29,46.02],[-122.3,46.01],[-122.3,46.0],[-122.3,45.99],[-122.29,45.99],[-122.29,45.98],[-122.28,45.98],[-122.27,45.98],[-122.26,45.98],[-122.25,45.98],[-122.25,45.99],[-122.24,45.99],[-122.23,45.99],[-122.23,45.98],[-122.24,45.98],[-122.25,45.97],[-122.24,45.97],[-122.24,45.96],[-122.23,45.96],[-122.22,45.95],[-122.22,45.96],[-122.21,45.96],[-122.21,45.95],[-122.2,45.95],[-122.19,45.95],[-122.18,45.95],[-122.18,45.94],[-122.19,45.94],[-122.2,45.94],[-122.21,45.94],[-122.22,45.94],[-122.23,45.94],[-122.23,45.95],[-122.24,45.95],[-122.25,45.96],[-122.26,45.96],[-122.27,45.96],[-122.27,45.95],[-122.26,45.95],[-122.26,45.94],[-122.25,45.94],[-122.25,45.93],[-122.26,45.93],[-122.27,45.93],[-122.28,45.93],[-122.28,45.94],[-122.29,45.94],[-122.3,45.94],[-122.3,45.93],[-122.3,45.92],[-122.3,45.91],[-122.31,45.91],[-122.31,45.92],[-122.32,45.92],[-122.32,45.93],[-122.33,45.93],[-122.33,45.92],[-122.34,45.92],[-122.35,45.92],[-122.36,45.91],[-122.36,45.9],[-122.37,45.9],[-122.38,45.9],[-122.38,45.89],[-122.37,45.89],[-122.36,45.89],[-122.37,45.88],[-122.36,45.88],[-122.36,45.87],[-122.35,45.87],[-122.35,45.86],[-122.36,45.86],[-122.36,45.85],[-122.35,45.85],[-122.35,45.84],[-122.34,45.84],[-122.33,45.83],[-122.32,45.83],[-122.31,45.83],[-122.3,45.83],[-122.29,45.83],[-122.29,45.82],[-122.28,45.82],[-122.27,45.83],[-122.26,45.83],[-122.26,45.82],[-122.25,45.82],[-122.24,45.82],[-122.24,45.81],[-122.24,45.8],[-122.25,45.8],[-122.26,45.8],[-122.26,45.79],[-122.27,45.79],[-122.28,45.79],[-122.29,45.79],[-122.29,45.8],[-122.3,45.8],[-122.31,45.8],[-122.32,45.8],[-122.32,45.79],[-122.31,45.79],[-122.31,45.78],[-122.31,45.77],[-122.3,45.76],[-122.31,45.76],[-122.31,45.75],[-122.32,45.75],[-122.33,45.75],[-122.33,45.74],[-122.34,45.74],[-122.34,45.73],[-122.33,45.73],[-122.33,45.71],[-122.32,45.71],[-122.32,45.7],[-122.31,45.7],[-122.31,45.69],[-122.3,45.69],[-122.29,45.69],[-122.29,45.68],[-122.28,45.68],[-122.28,45.67],[-122.27,45.67],[-122.26,45.67],[-122.25,45.67],[-122.25,45.56],[-122.26,45.56],[-122.27,45.57],[-122.28,45.57],[-122.29,45.57],[-122.29,45.58],[-122.29,45.59],[-122.3,45.59],[-122.31,45.59],[-122.31,45.6],[-122.32,45.6],[-122.33,45.6],[-122.33,45.61],[-122.33,45.62],[-122.32,45.62],[-122.32,45.63],[-122.33,45.63],[-122.34,45.63],[-122.35,45.63],[-122.36,45.63],[-122.37,45.63],[-122.37,45.64],[-122.38,45.64],[-122.39,45.64],[-122.4,45.64],[-122.4,45.65],[-122.41,45.65],[-122.41,45.66],[-122.42,45.67],[-122.42,45.68],[-122.41,45.69],[-122.4,45.69],[-122.4,45.7],[-122.41,45.7],[-122.42,45.7],[-122.42,45.69],[-122.43,45.69],[-122.44,45.69],[-122.44,45.7],[-122.44,45.71],[-122.45,45.71],[-122.46,45.71],[-122.46,45.72],[-122.47,45.71],[-122.47,45.72],[-122.47,45.73],[-122.47,45.74],[-122.47,45.75],[-122.48,45.75],[-122.48,45.76],[-122.47,45.76],[-122.46,45.76],[-122.46,45.77],[-122.47,45.77],[-122.48,45.77],[-122.48,45.78],[-122.49,45.78],[-122.5,45.78],[-122.5,45.79],[-122.49,45.79],[-122.49,45.8],[-122.48,45.8],[-122.48,45.81],[-122.47,45.81],[-122.47,45.82],[-122.48,45.82],[-122.49,45.82],[-122.49,45.83],[-122.48,45.83],[-122.47,45.83],[-122.47,45.84],[-122.48,45.84],[-122.49,45.84],[-122.5,45.84],[-122.5,45.83],[-122.51,45.83],[-122.51,45.84],[-122.52,45.84],[-122.52,45.85],[-122.51,45.85],[-122.51,45.86],[-122.52,45.86],[-122.52,45.87],[-122.53,45.86],[-122.53,45.85],[-122.54,45.85],[-122.54,45.84],[-122.55,45.84],[-122.56,45.84],[-122.57,45.84],[-122.57,45.85],[-122.56,45.85],[-122.56,45.86],[-122.57,45.86],[-122.58,45.86],[-122.58,45.85],[-122.59,45.85],[-122.6,45.85],[-122.61,45.85],[-122.61,45.86],[-122.61,45.87],[-122.62,45.87],[-122.62,45.86],[-122.63,45.86],[-122.63,45.87],[-122.64,45.87],[-122.64,45.88],[-122.65,45.88],[-122.66,45.88],[-122.67,45.88],[-122.67,45.89],[-122.68,45.89],[-122.69,45.89],[-122.69,45.88],[-122.7,45.88],[-122.71,45.88],[-122.72,45.88],[-122.72,45.89],[-122.72,45.9],[-122.72,45.91],[-122.71,45.91],[-122.72,45.93],[-122.72,45.94],[-122.73,45.94],[-122.74,45.94],[-122.75,45.94],[-122.76,45.94],[-122.76,45.95],[-122.77,45.95],[-122.78,45.95],[-122.78,45.96],[-122.79,45.97],[-122.8,45.97],[-122.8,45.98],[-122.81,45.98],[-122.8,45.99],[-122.81,45.99],[-122.81,46.0],[-122.82,46.0],[-122.83,46.01],[-122.84,46.01],[-122.84,46.02],[-122.83,46.02],[-122.82,46.02],[-122.82,46.03],[-122.81,46.03],[-122.81,46.04],[-122.8,46.04],[-122.79,46.04],[-122.79,46.05],[-122.8,46.05],[-122.81,46.05],[-122.82,46.05],[-122.83,46.05],[-122.84,46.05],[-122.85,46.05],[-122.85,46.06],[-122.85,46.07],[-122.85,46.08],[-122.84,46.08],[-122.83,46.08],[-122.82,46.08],[-122.82,46.09],[-122.81,46.09],[-122.81,46.1],[-122.8,46.1],[-122.8,46.11],[-122.81,46.11],[-122.8,46.12],[-122.81,46.13],[-122.82,46.13],[-122.82,46.14],[-122.83,46.14],[-122.83,46.13],[-122.84,46.13],[-122.84,46.14],[-122.85,46.14],[-122.85,46.15],[-122.86,46.15],[-122.87,46.16],[-122.87,46.17],[-122.88,46.17],[-122.87,46.18],[-122.88,46.18],[-122.88,46.19],[-122.87,46.19],[-122.86,46.2],[-122.87,46.2],[-122.87,46.21],[-122.88,46.21],[-122.88,46.22],[-122.88,46.23],[-122.87,46.23],[-122.87,46.24],[-122.87,46.25],[-122.88,46.25],[-122.88,46.26]],[[-122.88,46.26],[-122.87,46.26],[-122.86,46.26],[-122.87,46.27],[-122.88,46.26]],[[-122.83,46.31],[-122.84,46.31],[-122.84,46.3],[-122.83,46.3],[-122.83,46.31]],[[-122.55,46.03],[-122.56,46.03],[-122.56,46.02],[-122.55,46.03]],[[-122.26,45.8],[-122.26,45.81],[-122.27,45.81],[-122.27,45.8],[-122.26,45.8]],[[-122.28,45.67],[-122.29,45.67],[-122.29,45.66],[-122.28,45.66],[-122.28,45.67]],[[-122.37,45.64],[-122.36,45.64],[-122.35,45.64],[-122.35,45.65],[-122.36,45.65],[-122.37,45.65],[-122.37,45.64]],[[-122.46,45.72],[-122.45,45.72],[-122.46,45.73],[-122.46,45.72]],[[-122.47,45.75],[-122.46,45.74],[-122.46,45.75],[-122.47,45.75]],[[-122.46,45.77],[-122.45,45.77],[-122.46,45.78],[-122.46,45.77]],[[-122.45,45.77],[-122.44,45.77],[-122.44,45.76],[-122.43,45.76],[-122.42,45.76],[-122.42,45.77],[-122.43,45.77],[-122.43,45.78],[-122.44,45.78],[-122.44,45.79],[-122.45,45.79],[-122.45,45.78],[-122.45,45.77]],[[-122.61,45.87],[-122.6,45.87],[-122.6,45.88],[-122.61,45.88],[-122.61,45.87]],[[-122.67,45.89],[-122.66,45.89],[-122.66,45.9],[-122.67,45.9],[-122.67,45.89]]],[[[-122.49,45.82],[-122.5,45.81],[-122.49,45.81],[-122.48,45.81],[-122.49,45.8],[-122.5,45.8],[-122.51,45.8],[-122.51,45.81],[-122.52,45.81],[-122.52,45.82],[-122.51,45.82],[-122.5,45.82],[-122.49,45.82]]],[[[-122.49,45.78],[-122.48,45.77],[-122.49,45.77],[-122.49,45.78]]],[[[-122.24,45.8],[-122.23,45.8],[-122.23,45.79],[-122.24,45.79],[-122.24,45.8]]],[[[-122.24,45.82],[-122.24,45.83],[-122.23,45.83],[-122.22,45.83],[-122.23,45.82],[-122.24,45.82]]],[[[-122.25,45.93],[-122.24,45.93],[-122.24,45.92],[-122.25,45.92],[-122.25,45.93]]],[[[-122.23,45.93],[-122.22,45.93],[-122.21,45.92],[-122.22,45.92],[-122.23,45.92],[-122.23,45.93]]],[[[-122.21,45.92],[-122.2,45.92],[-122.19,45.92],[-122.19,45.91],[-122.2,45.91],[-122.21,45.92]]],[[[-122.18,45.91],[-122.17,45.91],[-122.17,45.9],[-122.18,45.9],[-122.18,45.91]]],[[[-122.23,45.99],[-122.23,46.0],[-122.22,46.0],[-122.22,45.99],[-122.23,45.99]]],[[[-122.48,46.23],[-122.47,46.23],[-122.46,46.24],[-122.45,46.24],[-122.44,46.24],[-122.44,46.23],[-122.43,46.23],[-122.42,46.23],[-122.42,46.22],[-122.43,46.22],[-122.44,46.22],[-122.45,46.22],[-122.46,46.23],[-122.46,46.22],[-122.47,46.22],[-122.48,46.22],[-122.48,46.23]]],[[[-122.87,46.31],[-122.88,46.32],[-122.88,46.33],[-122.87,46.33],[-122.87,46.32],[-122.87,46.31]]],[[[-122.52,46.15],[-122.51,46.16],[-122.51,46.15],[-122.52,46.15]]],[[[-122.21,46.0],[-122.21,46.01],[-122.2,46.01],[-122.2,46.0],[-122.21,46.0]]],[[[-122.16,45.95],[-122.16,45.96],[-122.15,45.96],[-122.15,45.95],[-122.16,45.95]]],[[[-122.21,45.83],[-122.2,45.83],[-122.19,45.82],[-122.2,45.82],[-122.21,45.83]]]]}},
{"type":"Feature","properties":{"ugc":"WAZ209","name":"West Columbia River Gorge - SR 14","state":"WA","wfo":"PQR"},"geometry":{"type":"MultiPolygon","coordinates":[[[[-122.05,45.62],[-122.04,45.63],[-122.03,45.63],[-122.02,45.63],[-122.01,45.64],[-122.0,45.64],[-121.99,45.64],[-121.99,45.65],[-121.98,45.65],[-121.97,45.65],[-121.97,45.66],[-121.96,45.66],[-121.96,45.67],[-121.95,45.67],[-121.94,45.67],[-121.94,45.68],[-121.93,45.68],[-121.92,45.69],[-121.92,45.7],[-121.92,45.71],[-121.91,45.71],[-121.9,45.71],[-121.89,45.71],[-121.88,45.71],[-121.87,45.71],[-121.86,45.71],[-121.85,45.71],[-121.84,45.71],[-121.83,45.7],[-121.87,45.69],[-121.88,45.69],[-121.9,45.67],[-121.9,45.66],[-121.91,45.65],[-121.94,45.64],[-121.95,45.64],[-121.96,45.63],[-121.98,45.62],[-122.0,45.62],[-122.02,45.62],[-122.04,45.61],[-122.1,45.58],[-122.11,45.58],[-122.13,45.58],[-122.14,45.58],[-122.18,45.58],[-122.2,45.56],[-122.25,45.55],[-122.25,45.56],[-122.24,45.56],[-122.23,45.56],[-122.22,45.56],[-122.21,45.56],[-122.21,45.57],[-122.2,45.57],[-122.19,45.58],[-122.19,45.59],[-122.18,45.59],[-122.17,45.59],[-122.16,45.59],[-122.15,45.59],[-122.14,45.6],[-122.13,45.6],[-122.12,45.6],[-122.12,45.61],[-122.11,45.61],[-122.1,45.61],[-122.09,45.61],[-122.08,45.61],[-122.08,45.62],[-122.07,45.62],[-122.07,45.63],[-122.06,45.63],[-122.05,45.63],[-122.05,45.62]]]]}},
{"type":"Feature","properties":{"ugc":"WAZ210","name":"Central Columbia River Gorge - SR 14","state":"WA","wfo":"PQR"},"geometry":{"type":"MultiPolygon","coordinates":[[[[-121.8,45.73],[-121.79,45.73],[-121.78,45.73],[-121.78,45.72],[-121.77,45.72],[-121.76,45.72],[-121.76,45.71],[-121.76,45.7],[-121.75,45.7],[-121.74,45.71],[-121.73,45.71],[-121.72,45.71],[-121.72,45.7],[-121.71,45.7],[-121.7,45.7],[-121.69,45.71],[-121.68,45.71],[-121.67,45.71],[-121.71,45.69],[-121.74,45.69],[-121.78,45.7],[-121.81,45.71],[-121.83,45.7],[-121.84,45.71],[-121.84,45.72],[-121.83,45.72],[-121.82,45.72],[-121.82,45.73],[-121.82,45.74],[-121.82,45.75],[-121.81,45.75],[-121.81,45.74],[-121.8,45.74],[-121.8,45.73]]],[[[-121.67,45.71],[-121.66,45.71],[-121.65,45.71],[-121.65,45.72],[-121.64,45.72],[-121.64,45.73],[-121.63,45.73],[-121.63,45.72],[-121.62,45.72],[-121.61,45.72],[-121.6,45.72],[-121.59,45.72],[-121.58,45.72],[-121.63,45.71],[-121.63,45.7],[-121.67,45.71]]],[[[-121.5675,45.7225],[-121.56,45.73],[-121.55,45.73],[-121.54,45.73],[-121.53,45.73],[-121.5675,45.7225]]],[[[-121.53,45.73],[-121.53,45.74],[-121.53,45.75],[-121.52,45.75],[-121.52,45.74],[-121.52,45.73],[-121.52,45.72],[-121.53,45.73]]]]}},
{"type":"Feature","properties":{"ugc":"WAZ211","name":"South Washington Cascades","state":"WA","wfo":"PQR"},"geometry":{"type":"MultiPolygon","coordinates":[[[[-122.61,46.35],[-122.62,46.35],[-122.62,46.36],[-122.61,46.36],[-122.6,46.36],[-122.59,46.36],[-122.58,46.36],[-122.57,46.36],[-122.56,46.36],[-122.56,46.35],[-122.55,46.35],[-122.55,46.34],[-122.55,46.33],[-122.55,46.32],[-122.54,46.32],[-122.54,46.31],[-122.53,46.31],[-122.52,46.31],[-122.51,46.31],[-122.5,46.31],[-122.49,46.31],[-122.48,46.31],[-122.48,46.3],[-122.47,46.3],[-122.46,46.3],[-122.46,46.31],[-122.45,46.31],[-122.45,46.3],[-122.44,46.3],[-122.43,46.3],[-122.43,46.29],[-122.42,46.29],[-122.41,46.29],[-122.4,46.29],[-122.4,46.3],[-122.4,46.31],[-122.41,46.31],[-122.42,46.31],[-122.43,46.31],[-122.43,46.32],[-122.43,46.33],[-122.44,46.33],[-122.44,46.32],[-122.45,46.32],[-122.45,46.33],[-122.46,46.33],[-122.47,46.33],[-122.48,46.33],[-122.49,46.33],[-122.5,46.33],[-122.5,46.34],[-122.51,46.34],[-122.51,46.35],[-122.5,46.35],[-122.5,46.36],[-122.51,46.36],[-122.52,46.36],[-122.53,46.36],[-122.53,46.37],[-122.52,46.37],[-122.51,46.38],[-122.51,46.37],[-122.5,46.37],[-122.49,46.37],[-122.49,46.36],[-122.48,46.36],[-122.47,46.36],[-122.46,46.36],[-122.45,46.36],[-122.44,46.37],[-122.43,46.37],[-122.42,46.37],[-122.41,46.37],[-122.4,46.37],[-122.39,46.37],[-122.38,46.37],[-122.38,46.38],[-122.37,46.38],[-122.37,46.39],[-122.36,46.39],[-122.27,46.39],[-122.24,46.39],[-122.12,46.39],[-122.11,46.39],[-122.07,46.39],[-121.99,46.39],[-121.92,46.39],[-121.88,46.39],[-121.86,46.39],[-121.82,46.39],[-121.81,46.39],[-121.76,46.39],[-121.74,46.39],[-121.52,46.39],[-121.52,46.08],[-121.52,46.05],[-121.52,46.04],[-121.54,46.04],[-121.57,46.04],[-121.6,46.04],[-121.61,46.04],[-121.61,46.0],[-121.61,45.96],[-121.61,45.95],[-121.61,45.94],[-121.61,45.87],[-121.61,45.78],[-121.6,45.78],[-121.57,45.78],[-121.53,45.78],[-121.53,45.77],[-121.54,45.77],[-121.54,45.76],[-121.53,45.76],[-121.53,45.75],[-121.53,45.74],[-121.53,45.73],[-121.54,45.73],[-121.55,45.73],[-121.56,45.73],[-121.57,45.72],[-121.58,45.72],[-121.59,45.72],[-121.6,45.72],[-121.61,45.72],[-121.62,45.72],[-121.63,45.72],[-121.63,45.73],[-121.64,45.73],[-121.64,45.72],[-121.65,45.72],[-121.65,45.71],[-121.66,45.71],[-121.67,45.71],[-121.68,45.71],[-121.69,45.71],[-121.7,45.7],[-121.71,45.7],[-121.72,45.7],[-121.72,45.71],[-121.73,45.71],[-121.74,45.71],[-121.75,45.7],[-121.76,45.7],[-121.76,45.71],[-121.76,45.72],[-121.77,45.72],[-121.78,45.72],[-121.78,45.73],[-121.79,45.73],[-121.8,45.73],[-121.8,45.74],[-121.81,45.74],[-121.81,45.75],[-121.82,45.75],[-121.82,45.74],[-121.82,45.73],[-121.82,45.72],[-121.83,45.72],[-121.84,45.72],[-121.84,45.71],[-121.85,45.71],[-121.86,45.71],[-121.87,45.71],[-121.88,45.71],[-121.89,45.71],[-121.9,45.71],[-121.91,45.71],[-121.92,45.71],[-121.92,45.7],[-121.92,45.69],[-121.93,45.68],[-121.94,45.68],[-121.94,45.67],[-121.95,45.67],[-121.96,45.67],[-121.96,45.66],[-121.97,45.66],[-121.97,45.65],[-121.98,45.65],[-121.99,45.65],[-121.99,45.64],[-122.0,45.64],[-122.01,45.64],[-122.02,45.63],[-122.03,45.63],[-122.04,45.63],[-122.05,45.62],[-122.05,45.63],[-122.06,45.63],[-122.07,45.63],[-122.07,45.62],[-122.08,45.62],[-122.08,45.61],[-122.09,45.61],[-122.1,45.61],[-122.11,45.61],[-122.12,45.61],[-122.12,45.6],[-122.13,45.6],[-122.14,45.6],[-122.15,45.59],[-122.16,45.59],[-122.17,45.59],[-122.18,45.59],[-122.19,45.59],[-122.19,45.58],[-122.2,45.57],[-122.21,45.57],[-122.21,45.56],[-122.22,45.56],[-122.23,45.56],[-122.24,45.56],[-122.25,45.56],[-122.25,45.67],[-122.26,45.67],[-122.27,45.67],[-122.28,45.67],[-122.28,45.68],[-122.29,45.68],[-122.29,45.69],[-122.3,45.69],[-122.31,45.69],[-122.31,45.7],[-122.32,45.7],[-122.32,45.71],[-122.33,45.71],[-122.33,45.73],[-122.34,45.73],[-122.34,45.74],[-122.33,45.74],[-122.33,45.75],[-122.32,45.75],[-122.31,45.75],[-122.31,45.76],[-122.3,45.76],[-122.31,45.77],[-122.31,45.78],[-122.31,45.79],[-122.32,45.79],[-122.32,45.8],[-122.31,45.8],[-122.3,45.8],[-122.29,45.8],[-122.29,45.79],[-122.28,45.79],[-122.27,45.79],[-122.26,45.79],[-122.26,45.8],[-122.25,45.8],[-122.24,45.8],[-122.24,45.81],[-122.24,45.82],[-122.25,45.82],[-122.26,45.82],[-122.26,45.83],[-122.27,45.83],[-122.28,45.82],[-122.29,45.82],[-122.29,45.83],[-122.3,45.83],[-122.31,45.83],[-122.32,45.83],[-122.33,45.83],[-122.34,45.84],[-122.35,45.84],[-122.35,45.85],[-122.36,45.85],[-122.36,45.86],[-122.35,45.86],[-122.35,45.87],[-122.36,45.87],[-122.36,45.88],[-122.37,45.88],[-122.36,45.89],[-122.37,45.89],[-122.38,45.89],[-122.38,45.9],[-122.37,45.9],[-122.36,45.9],[-122.36,45.91],[-122.35,45.92],[-122.34,45.92],[-122.33,45.92],[-122.33,45.93],[-122.32,45.93],[-122.32,45.92],[-122.31,45.92],[-122.31,45.91],[-122.3,45.91],[-122.3,45.92],[-122.3,45.93],[-122.3,45.94],[-122.29,45.94],[-122.28,45.94],[-122.28,45.93],[-122.27,45.93],[-122.26,45.93],[-122.25,45.93],[-122.25,45.94],[-122.26,45.94],[-122.26,45.95],[-122.27,45.95],[-122.27,45.96],[-122.26,45.96],[-122.25,45.96],[-122.24,45.95],[-122.23,45.95],[-122.23,45.94],[-122.22,45.94],[-122.21,45.94],[-122.2,45.94],[-122.19,45.94],[-122.18,45.94],[-122.18,45.95],[-122.19,45.95],[-122.2,45.95],[-122.21,45.95],[-122.21,45.96],[-122.22,45.96],[-122.22,45.95],[-122.23,45.96],[-122.24,45.96],[-122.24,45.97],[-122.25,45.97],[-122.24,45.98],[-122.23,45.98],[-122.23,45.99],[-122.24,45.99],[-122.25,45.99],[-122.25,45.98],[-122.26,45.98],[-122.27,45.98],[-122.28,45.98],[-122.29,45.98],[-122.29,45.99],[-122.3,45.99],[-122.3,46.0],[-122.3,46.01],[-122.29,46.02],[-122.29,46.03],[-122.29,46.04],[-122.28,46.04],[-122.28,46.05],[-122.27,46.05],[-122.26,46.05],[-122.25,46.05],[-122.25,46.04],[-122.24,46.04],[-122.24,46.03],[-122.23,46.03],[-122.23,46.04],[-122.23,46.05],[-122.22,46.05],[-122.21,46.05],[-122.21,46.06],[-122.2,46.06],[-122.19,46.06],[-122.19,46.05],[-122.18,46.05],[-122.18,46.06],[-122.17,46.06],[-122.17,46.05],[-122.16,46.05],[-122.16,46.06],[-122.15,46.06],[-122.14,46.05],[-122.14,46.04],[-122.13,46.04],[-122.13,46.03],[-122.12,46.03],[-122.12,46.04],[-122.11,46.04],[-122.1,46.04],[-122.1,46.03],[-122.1,46.02],[-122.09,46.01],[-122.09,46.02],[-122.09,46.03],[-122.08,46.03],[-122.07,46.03],[-122.07,46.04],[-122.06,46.04],[-122.05,46.04],[-122.04,46.04],[-122.03,46.04],[-122.03,46.05],[-122.02,46.05],[-122.03,46.06],[-122.04,46.06],[-122.05,46.06],[-122.06,46.06],[-122.06,46.07],[-122.07,46.07],[-122.07,46.06],[-122.08,46.06],[-122.09,46.06],[-122.09,46.07],[-122.1,46.07],[-122.11,46.07],[-122.11,46.06],[-122.12,46.07],[-122.13,46.07],[-122.14,46.07],[-122.15,46.07],[-122.16,46.07],[-122.16,46.08],[-122.17,46.08],[-122.18,46.08],[-122.19,46.08],[-122.2,46.08],[-122.2,46.09],[-122.21,46.09],[-122.21,46.08],[-122.22,46.08],[-122.23,46.08],[-122.24,46.08],[-122.24,46.09],[-122.24,46.1],[-122.25,46.1],[-122.25,46.09],[-122.25,46.08],[-122.26,46.08],[-122.26,46.07],[-122.27,46.07],[-122.28,46.07],[-122.29,46.07],[-122.3,46.07],[-122.3,46.08],[-122.31,46.08],[-122.31,46.07],[-122.31,46.06],[-122.32,46.06],[-122.33,46.06],[-122.33,46.05],[-122.33,46.04],[-122.33,46.03],[-122.34,46.03],[-122.34,46.04],[-122.35,46.04],[-122.36,46.04],[-122.36,46.03],[-122.36,46.02],[-122.37,46.02],[-122.38,46.02],[-122.37,46.01],[-122.38,46.01],[-122.39,46.01],[-122.4,46.01],[-122.41,46.0],[-122.42,46.0],[-122.42,45.99],[-122.43,45.99],[-122.43,46.0],[-122.44,46.0],[-122.45,46.0],[-122.45,46.01],[-122.46,46.01],[-122.46,46.0],[-122.47,46.0],[-122.48,46.01],[-122.49,46.01],[-122.5,46.01],[-122.51,46.01],[-122.51,46.02],[-122.52,46.02],[-122.53,46.02],[-122.54,46.02],[-122.55,46.02],[-122.55,46.03],[-122.55,46.04],[-122.54,46.04],[-122.54,46.05],[-122.53,46.04],[-122.52,46.04],[-122.51,46.04],[-122.5,46.04],[-122.51,46.05],[-122.52,46.05],[-122.52,46.06],[-122.51,46.06],[-122.51,46.07],[-122.5,46.07],[-122.5,46.06],[-122.49,46.06],[-122.48,46.06],[-122.47,46.06],[-122.47,46.07],[-122.46,46.07],[-122.45,46.07],[-122.44,46.06],[-122.44,46.07],[-122.43,46.07],[-122.43,46.08],[-122.42,46.08],[-122.41,46.08],[-122.41,46.09],[-122.4,46.09],[-122.39,46.09],[-122.39,46.1],[-122.38,46.1],[-122.37,46.1],[-122.36,46.1],[-122.35,46.1],[-122.35,46.11],[-122.35,46.12],[-122.36,46.13],[-122.36,46.12],[-122.36,46.11],[-122.37,46.11],[-122.38,46.11],[-122.39,46.11],[-122.39,46.12],[-122.4,46.12],[-122.4,46.11],[-122.4,46.1],[-122.41,46.1],[-122.42,46.09],[-122.43,46.09],[-122.44,46.08],[-122.45,46.08],[-122.46,46.08],[-122.47,46.08],[-122.48,46.08],[-122.49,46.08],[-122.5,46.08],[-122.5,46.09],[-122.49,46.1],[-122.49,46.11],[-122.5,46.11],[-122.5,46.1],[-122.51,46.1],[-122.52,46.1],[-122.52,46.09],[-122.52,46.08],[-122.53,46.08],[-122.53,46.07],[-122.54,46.07],[-122.55,46.07],[-122.56,46.07],[-122.57,46.07],[-122.58,46.06],[-122.58,46.07],[-122.59,46.07],[-122.59,46.08],[-122.58,46.08],[-122.58,46.09],[-122.59,46.09],[-122.59,46.1],[-122.58,46.1],[-122.58,46.11],[-122.57,46.11],[-122.56,46.11],[-122.56,46.12],[-122.56,46.13],[-122.57,46.13],[-122.57,46.14],[-122.57,46.15],[-122.56,46.15],[-122.55,46.15],[-122.54,46.15],[-122.53,46.15],[-122.53,46.16],[-122.54,46.16],[-122.55,46.16],[-122.55,46.17],[-122.56,46.17],[-122.57,46.17],[-122.57,46.18],[-122.56,46.18],[-122.56,46.19],[-122.57,46.19],[-122.58,46.19],[-122.58,46.18],[-122.59,46.18],[-122.6,46.18],[-122.6,46.19],[-122.61,46.18],[-122.62,46.18],[-122.63,46.18],[-122.64,46.19],[-122.64,46.2],[-122.63,46.2],[-122.62,46.2],[-122.62,46.21],[-122.63,46.21],[-122.64,46.21],[-122.65,46.21],[-122.66,46.22],[-122.67,46.22],[-122.67,46.23],[-122.67,46.24],[-122.68,46.24],[-122.68,46.25],[-122.69,46.25],[-122.69,46.26],[-122.68,46.26],[-122.67,46.26],[-122.66,46.26],[-122.66,46.25],[-122.65,46.25],[-122.64,46.25],[-122.64,46.24],[-122.63,46.24],[-122.62,46.24],[-122.62,46.25],[-122.61,46.25],[-122.61,46.24],[-122.6,46.24],[-122.59,46.24],[-122.59,46.25],[-122.58,46.25],[-122.58,46.24],[-122.57,46.24],[-122.56,46.24],[-122.55,46.24],[-122.55,46.23],[-122.54,46.23],[-122.54,46.24],[-122.53,46.24],[-122.53,46.23],[-122.53,46.22],[-122.52,46.22],[-122.52,46.23],[-122.51,46.23],[-122.5,46.23],[-122.49,46.23],[-122.48,46.23],[-122.48,46.24],[-122.49,46.24],[-122.5,46.24],[-122.51,46.24],[-122.52,46.25],[-122.53,46.25],[-122.53,46.26],[-122.54,46.26],[-122.54,46.25],[-122.55,46.26],[-122.56,46.26],[-122.56,46.27],[-122.57,46.27],[-122.57,46.28],[-122.58,46.28],[-122.58,46.27],[-122.59,46.27],[-122.6,46.27],[-122.6,46.28],[-122.61,46.28],[-122.61,46.29],[-122.6,46.29],[-122.59,46.29],[-122.59,46.3],[-122.59,46.31],[-122.6,46.31],[-122.61,46.31],[-122.61,46.32],[-122.62,46.32],[-122.63,46.32],[-122.63,46.33],[-122.62,46.33],[-122.61,46.33],[-122.6,46.33],[-122.6,46.34],[-122.61,46.34],[-122.61,46.35]],[[-122.24,45.8],[-122.24,45.79],[-122.23,45.79],[-122.23,45.8],[-122.24,45.8]],[[-122.24,45.82],[-122.23,45.82],[-122.22,45.83],[-122.23,45.83],[-122.24,45.83],[-122.24,45.82]],[[-122.25,45.93],[-122.25,45.92],[-122.24,45.92],[-122.24,45.93],[-122.25,45.93]],[[-122.23,45.99],[-122.22,45.99],[-122.22,46.0],[-122.23,46.0],[-122.23,45.99]],[[-122.48,46.23],[-122.48,46.22],[-122.47,46.22],[-122.46,46.22],[-122.46,46.23],[-122.45,46.22],[-122.44,46.22],[-122.43,46.22],[-122.42,46.22],[-122.42,46.23],[-122.43,46.23],[-122.44,46.23],[-122.44,46.24],[-122.45,46.24],[-122.46,46.24],[-122.47,46.23],[-122.48,46.23]],[[-122.23,45.93],[-122.23,45.92],[-122.22,45.92],[-122.21,45.92],[-122.22,45.93],[-122.23,45.93]],[[-122.21,45.92],[-122.2,45.91],[-122.19,45.91],[-122.19,45.92],[-122.2,45.92],[-122.21,45.92]],[[-122.18,45.91],[-122.18,45.9],[-122.17,45.9],[-122.17,45.91],[-122.18,45.91]],[[-122.21,45.83],[-122.2,45.82],[-122.19,45.82],[-122.2,45.83],[-122.21,45.83]],[[-122.16,45.95],[-122.15,45.95],[-122.15,45.96],[-122.16,45.96],[-122.16,45.95]],[[-122.21,46.0],[-122.2,46.0],[-122.2,46.01],[-122.21,46.01],[-122.21,46.0]],[[-122.52,46.15],[-122.51,46.15],[-122.51,46.16],[-122.52,46.15]]],[[[-122.55,46.03],[-122.56,46.02],[-122.56,46.03],[-122.55,46.03]]],[[[-122.26,45.8],[-122.27,45.8],[-122.27,45.81],[-122.26,45.81],[-122.26,45.8]]],[[[-122.28,45.67],[-122.28,45.66],[-122.29,45.66],[-122.29,45.67],[-122.28,45.67]]]]}},
{"type":"Feature","properties":{"ugc":"WAZ301","name":"Cascades of Whatcom and Skagit Counties","state":"WA","wfo":"SEW"},"geometry":{"type":"MultiPolygon","coordinates":[[[[-122.11,48.71],[-122.1,48.71],[-122.1,48.72],[-122.09,48.72],[-122.08,48.73],[-122.08,48.74],[-122.09,48.74],[-122.09,48.75],[-122.1,48.76],[-122.09,48.77],[-122.08,48.77],[-122.07,48.77],[-122.07,48.78],[-122.08,48.78],[-122.09,48.78],[-122.09,48.79],[-122.1,48.79],[-122.1,48.8],[-122.11,48.8],[-122.11,48.81],[-122.11,48.82],[-122.11,48.83],[-122.1,48.83],[-122.1,48.84],[-122.11,48.84],[-122.11,48.85],[-122.11,48.86],[-122.12,48.86],[-122.13,48.86],[-122.13,48.87],[-122.12,48.87],[-122.11,48.87],[-122.11,48.88],[-122.1,48.89],[-122.09,48.89],[-122.08,48.89],[-122.08,48.9],[-122.07,48.9],[-122.06,48.9],[-122.06,48.91],[-122.05,48.91],[-122.04,48.91],[-122.03,48.91],[-122.02,48.91],[-122.01,48.91],[-122.01,48.9],[-122.0,48.9],[-121.99,48.9],[-121.99,48.89],[-121.98,48.89],[-121.97,48.89],[-121.97,48.88],[-121.96,48.88],[-121.95,48.88],[-121.94,48.88],[-121.93,48.88],[-121.92,48.88],[-121.92,48.87],[-121.91,48.87],[-121.91,48.88],[-121.9,48.88],[-121.89,48.89],[-121.9,48.89],[-121.9,48.9],[-121.89,48.9],[-121.88,48.9],[-121.87,48.9],[-121.87,48.91],[-121.88,48.91],[-121.89,48.91],[-121.9,48.91],[-121.91,48.91],[-121.92,48.91],[-121.92,48.9],[-121.93,48.9],[-121.94,48.9],[-121.95,48.9],[-121.96,48.9],[-121.97,48.9],[-121.97,48.91],[-121.98,48.91],[-121.98,48.92],[-121.99,48.92],[-122.0,48.92],[-122.0,48.93],[-122.01,48.93],[-122.02,48.94],[-122.03,48.94],[-122.04,48.94],[-122.05,48.94],[-122.06,48.95],[-122.06,48.96],[-122.06,48.97],[-122.06,48.98],[-122.06,48.99],[-122.06,49.0],[-122.05,49.0],[-122.01,49.0],[-121.94,49.0],[-121.92,49.0],[-121.76,49.0],[-121.74,49.0],[-121.67,49.0],[-121.5,49.0],[-121.42,49.0],[-121.4,49.0],[-121.38,49.0],[-121.34,49.0],[-121.31,49.0],[-121.29,49.0],[-121.26,49.0],[-121.25,49.0],[-121.2,49.0],[-121.09,49.0],[-120.86,49.0],[-120.85,49.0],[-120.85,48.99],[-120.86,48.99],[-120.86,48.98],[-120.87,48.98],[-120.88,48.98],[-120.88,48.97],[-120.88,48.96],[-120.87,48.96],[-120.86,48.96],[-120.85,48.96],[-120.84,48.95],[-120.84,48.94],[-120.83,48.94],[-120.82,48.94],[-120.82,48.95],[-120.81,48.95],[-120.8,48.95],[-120.8,48.96],[-120.79,48.96],[-120.78,48.96],[-120.77,48.96],[-120.77,48.95],[-120.76,48.95],[-120.76,48.94],[-120.75,48.94],[-120.76,48.93],[-120.77,48.93],[-120.77,48.92],[-120.77,48.91],[-120.77,48.9],[-120.76,48.9],[-120.77,48.89],[-120.76,48.89],[-120.77,48.88],[-120.76,48.88],[-120.76,48.87],[-120.75,48.87],[-120.74,48.86],[-120.73,48.86],[-120.73,48.85],[-120.74,48.85],[-120.74,48.84],[-120.74,48.83],[-120.74,48.82],[-120.74,48.81],[-120.74,48.8],[-120.74,48.79],[-120.73,48.78],[-120.72,48.77],[-120.71,48.77],[-120.7,48.76],[-120.69,48.76],[-120.69,48.75],[-120.69,48.74],[-120.68,48.74],[-120.67,48.73],[-120.66,48.73],[-120.65,48.72],[-120.66,48.72],[-120.67,48.72],[-120.68,48.72],[-120.68,48.71],[-120.68,48.7],[-120.68,48.69],[-120.69,48.7],[-120.7,48.7],[-120.71,48.69],[-120.71,48.68],[-120.72,48.67],[-120.72,48.66],[-120.73,48.67],[-120.74,48.66],[-120.75,48.66],[-120.75,48.65],[-120.76,48.64],[-120.77,48.64],[-120.78,48.63],[-120.79,48.63],[-120.79,48.62],[-120.78,48.62],[-120.78,48.61],[-120.79,48.61],[-120.78,48.6],[-120.77,48.59],[-120.76,48.59],[-120.76,48.58],[-120.75,48.58],[-120.74,48.58],[-120.73,48.58],[-120.73,48.59],[-120.72,48.59],[-120.72,48.6],[-120.71,48.59],[-120.7,48.59],[-120.7,48.58],[-120.69,48.58],[-120.69,48.57],[-120.69,48.56],[-120.7,48.56],[-120.7,48.55],[-120.71,48.54],[-120.7,48.54],[-120.7,48.53],[-120.71,48.53],[-120.71,48.52],[-120.72,48.52],[-120.73,48.52],[-120.74,48.52],[-120.75,48.52],[-120.75,48.51],[-120.76,48.51],[-120.77,48.51],[-120.78,48.51],[-120.79,48.51],[-120.8,48.51],[-120.81,48.51],[-120.81,48.52],[-120.81,48.53],[-120.82,48.54],[-120.83,48.55],[-120.84,48.55],[-120.85,48.55],[-120.86,48.55],[-120.86,48.54],[-120.86,48.53],[-120.87,48.53],[-120.88,48.53],[-120.88,48.54],[-120.89,48.54],[-120.9,48.53],[-120.9,48.52],[-120.91,48.52],[-120.92,48.52],[-120.92,48.53],[-120.93,48.53],[-120.94,48.53],[-120.95,48.53],[-120.95,48.52],[-120.95,48.51],[-120.95,48.5],[-120.96,48.5],[-120.97,48.5],[-120.98,48.5],[-120.99,48.5],[-121.0,48.5],[-121.0,48.49],[-121.01,48.49],[-121.02,48.49],[-121.02,48.5],[-121.03,48.5],[-121.04,48.49],[-121.05,48.49],[-121.05,48.48],[-121.06,48.48],[-121.06,48.47],[-121.06,48.46],[-121.06,48.45],[-121.05,48.45],[-121.04,48.45],[-121.04,48.44],[-121.04,48.43],[-121.04,48.42],[-121.05,48.42],[-121.04,48.41],[-121.05,48.41],[-121.06,48.41],[-121.06,48.4],[-121.07,48.39],[-121.06,48.39],[-121.06,48.38],[-121.05,48.38],[-121.05,48.37],[-121.04,48.36],[-121.04,48.35],[-121.05,48.35],[-121.06,48.35],[-121.06,48.34],[-121.07,48.34],[-121.07,48.33],[-121.07,48.32],[-121.06,48.32],[-121.05,48.31],[-121.04,48.31],[-121.03,48.31],[-121.03,48.3],[-121.18,48.3],[-121.4,48.3],[-121.41,48.3],[-121.41,48.31],[-121.42,48.32],[-121.42,48.33],[-121.42,48.34],[-121.42,48.35],[-121.43,48.35],[-121.44,48.35],[-121.45,48.36],[-121.46,48.36],[-121.46,48.37],[-121.47,48.37],[-121.48,48.37],[-121.49,48.37],[-121.5,48.37],[-121.51,48.37],[-121.52,48.37],[-121.53,48.38],[-121.53,48.39],[-121.54,48.39],[-121.54,48.4],[-121.53,48.4],[-121.53,48.41],[-121.53,48.42],[-121.54,48.42],[-121.54,48.43],[-121.54,48.44],[-121.53,48.45],[-121.53,48.46],[-121.52,48.46],[-121.51,48.46],[-121.5,48.46],[-121.49,48.46],[-121.48,48.46],[-121.47,48.46],[-121.47,48.47],[-121.47,48.48],[-121.46,48.48],[-121.46,48.49],[-121.45,48.49],[-121.45,48.5],[-121.45,48.51],[-121.44,48.51],[-121.43,48.51],[-121.43,48.5],[-121.42,48.5],[-121.41,48.49],[-121.41,48.5],[-121.41,48.51],[-121.4,48.51],[-121.39,48.51],[-121.38,48.51],[-121.37,48.51],[-121.36,48.51],[-121.35,48.51],[-121.34,48.51],[-121.34,48.52],[-121.33,48.52],[-121.33,48.53],[-121.34,48.53],[-121.35,48.53],[-121.36,48.53],[-121.36,48.52],[-121.37,48.53],[-121.38,48.53],[-121.39,48.53],[-121.39,48.54],[-121.4,48.54],[-121.4,48.55],[-121.4,48.56],[-121.4,48.57],[-121.39,48.57],[-121.39,48.58],[-121.38,48.58],[-121.37,48.58],[-121.37,48.59],[-121.36,48.59],[-121.35,48.59],[-121.35,48.6],[-121.35,48.61],[-121.34,48.61],[-121.34,48.62],[-121.33,48.62],[-121.32,48.62],[-121.32,48.63],[-121.31,48.63],[-121.3,48.63],[-121.3,48.64],[-121.29,48.64],[-121.29,48.65],[-121.28,48.65],[-121.27,48.65],[-121.27,48.66],[-121.26,48.66],[-121.25,48.66],[-121.25,48.67],[-121.24,48.67],[-121.23,48.68],[-121.23,48.69],[-121.24,48.69],[-121.25,48.68],[-121.26,48.68],[-121.27,48.69],[-121.27,48.7],[-121.28,48.71],[-121.29,48.72],[-121.3,48.72],[-121.3,48.71],[-121.29,48.71],[-121.29,48.7],[-121.28,48.7],[-121.28,48.69],[-121.28,48.68],[-121.29,48.68],[-121.29,48.67],[-121.29,48.66],[-121.3,48.66],[-121.31,48.66],[-121.31,48.65],[-121.32,48.65],[-121.32,48.64],[-121.33,48.64],[-121.33,48.63],[-121.34,48.63],[-121.35,48.63],[-121.36,48.62],[-121.37,48.61],[-121.38,48.61],[-121.39,48.61],[-121.4,48.62],[-121.41,48.63],[-121.42,48.64],[-121.42,48.65],[-121.42,48.66],[-121.43,48.67],[-121.44,48.67],[-121.44,48.68],[-121.45,48.68],[-121.46,48.68],[-121.46,48.67],[-121.45,48.67],[-121.44,48.66],[-121.43,48.66],[-121.43,48.65],[-121.43,48.64],[-121.44,48.64],[-121.44,48.63],[-121.43,48.63],[-121.43,48.62],[-121.42,48.62],[-121.41,48.61],[-121.41,48.6],[-121.4,48.6],[-121.4,48.59],[-121.41,48.59],[-121.42,48.59],[-121.43,48.59],[-121.43,48.58],[-121.44,48.58],[-121.44,48.57],[-121.44,48.56],[-121.45,48.56],[-121.45,48.55],[-121.46,48.55],[-121.46,48.54],[-121.47,48.54],[-121.48,48.54],[-121.49,48.54],[-121.49,48.53],[-121.5,48.52],[-121.51,48.52],[-121.51,48.51],[-121.52,48.51],[-121.53,48.51],[-121.54,48.51],[-121.55,48.5],[-121.56,48.5],[-121.57,48.5],[-121.58,48.5],[-121.59,48.49],[-121.59,48.5],[-121.6,48.5],[-121.61,48.5],[-121.62,48.5],[-121.63,48.51],[-121.64,48.51],[-121.64,48.52],[-121.65,48.52],[-121.66,48.52],[-121.67,48.52],[-121.67,48.53],[-121.66,48.54],[-121.67,48.54],[-121.68,48.54],[-121.69,48.53],[-121.69,48.54],[-121.7,48.54],[-121.71,48.54],[-121.71,48.55],[-121.72,48.55],[-121.71,48.56],[-121.7,48.56],[-121.7,48.57],[-121.7,48.58],[-121.7,48.59],[-121.69,48.59],[-121.69,48.6],[-121.68,48.6],[-121.67,48.6],[-121.67,48.61],[-121.68,48.61],[-121.68,48.62],[-121.68,48.63],[-121.67,48.63],[-121.67,48.64],[-121.67,48.65],[-121.66,48.66],[-121.66,48.67],[-121.66,48.68],[-121.65,48.68],[-121.65,48.69],[-121.65,48.7],[-121.65,48.71],[-121.65,48.72],[-121.64,48.72],[-121.64,48.71],[-121.63,48.72],[-121.62,48.72],[-121.62,48.71],[-121.61,48.71],[-121.61,48.72],[-121.6,48.72],[-121.59,48.72],[-121.58,48.72],[-121.58,48.73],[-121.57,48.73],[-121.56,48.73],[-121.56,48.74],[-121.55,48.74],[-121.55,48.75],[-121.54,48.75],[-121.54,48.76],[-121.54,48.77],[-121.53,48.77],[-121.53,48.78],[-121.54,48.78],[-121.55,48.77],[-121.55,48.76],[-121.56,48.75],[-121.57,48.75],[-121.58,48.75],[-121.59,48.75],[-121.6,48.76],[-121.6,48.75],[-121.61,48.75],[-121.62,48.74],[-121.63,48.74],[-121.64,48.74],[-121.65,48.74],[-121.65,48.75],[-121.65,48.76],[-121.66,48.76],[-121.66,48.77],[-121.66,48.78],[-121.67,48.78],[-121.67,48.77],[-121.67,48.76],[-121.68,48.76],[-121.68,48.75],[-121.69,48.75],[-121.7,48.75],[-121.7,48.74],[-121.69,48.74],[-121.69,48.73],[-121.7,48.72],[-121.7,48.71],[-121.71,48.71],[-121.71,48.7],[-121.71,48.69],[-121.72,48.69],[-121.73,48.68],[-121.73,48.67],[-121.74,48.67],[-121.74,48.66],[-121.74,48.65],[-121.75,48.65],[-121.75,48.64],[-121.76,48.64],[-121.76,48.63],[-121.77,48.63],[-121.78,48.62],[-121.78,48.61],[-121.79,48.61],[-121.79,48.6],[-121.79,48.59],[-121.78,48.59],[-121.78,48.58],[-121.79,48.58],[-121.79,48.57],[-121.8,48.57],[-121.81,48.57],[-121.82,48.57],[-121.83,48.57],[-121.84,48.57],[-121.84,48.56],[-121.85,48.56],[-121.86,48.56],[-121.86,48.57],[-121.87,48.57],[-121.88,48.57],[-121.89,48.57],[-121.9,48.57],[-121.91,48.57],[-121.92,48.58],[-121.92,48.57],[-121.93,48.58],[-121.94,48.58],[-121.94,48.57],[-121.95,48.57],[-121.96,48.57],[-121.97,48.57],[-121.98,48.57],[-121.98,48.58],[-121.99,48.58],[-121.99,48.57],[-122.0,48.57],[-122.01,48.57],[-122.02,48.57],[-122.03,48.57],[-122.04,48.58],[-122.05,48.58],[-122.05,48.59],[-122.04,48.59],[-122.03,48.59],[-122.02,48.59],[-122.01,48.59],[-122.01,48.6],[-122.0,48.6],[-121.99,48.6],[-121.98,48.6],[-121.97,48.6],[-121.96,48.6],[-121.96,48.61],[-121.97,48.62],[-121.97,48.61],[-121.98,48.61],[-121.99,48.61],[-122.0,48.61],[-122.01,48.61],[-122.02,48.61],[-122.03,48.61],[-122.04,48.61],[-122.05,48.61],[-122.06,48.61],[-122.07,48.61],[-122.07,48.62],[-122.08,48.62],[-122.09,48.62],[-122.09,48.63],[-122.09,48.64],[-122.09,48.65],[-122.09,48.66],[-122.1,48.66],[-122.1,48.67],[-122.1,48.68],[-122.1,48.69],[-122.1,48.7],[-122.11,48.71]],[[-121.47,48.46],[-121.46,48.45],[-121.46,48.46],[-121.47,48.46]],[[-121.33,48.53],[-121.32,48.53],[-121.31,48.53],[-121.3,48.53],[-121.29,48.53],[-121.28,48.53],[-121.28,48.52],[-121.27,48.52],[-121.27,48.51],[-121.26,48.51],[-121.26,48.5],[-121.25,48.49],[-121.25,48.48],[-121.24,48.48],[-121.23,48.47],[-121.22,48.47],[-121.23,48.48],[-121.24,48.49],[-121.24,48.5],[-121.25,48.51],[-121.25,48.52],[-121.26,48.52],[-121.26,48.53],[-121.27,48.53],[-121.27,48.54],[-121.28,48.54],[-121.29,48.54],[-121.3,48.54],[-121.31,48.54],[-121.32,48.54],[-121.33,48.53]],[[-121.22,48.47],[-121.22,48.46],[-121.21,48.46],[-121.2,48.46],[-121.19,48.46],[-121.19,48.47],[-121.2,48.47],[-121.21,48.47],[-121.22,48.47]],[[-121.25,48.66],[-121.24,48.65],[-121.23,48.65],[-121.23,48.66],[-121.24,48.66],[-121.25,48.66]],[[-121.23,48.68],[-121.23,48.67],[-121.22,48.67],[-121.22,48.68],[-121.23,48.68]],[[-121.3,48.72],[-121.3,48.73],[-121.31,48.73],[-121.31,48.72],[-121.3,48.72]],[[-121.44,48.58],[-121.44,48.59],[-121.45,48.59],[-121.45,48.58],[-121.44,48.58]],[[-121.45,48.59],[-121.45,48.6],[-121.46,48.6],[-121.46,48.59],[-121.45,48.59]],[[-121.66,48.54],[-121.65,48.55],[-121.66,48.55],[-121.66,48.54]],[[-121.53,48.78],[-121.52,48.78],[-121.51,48.78],[-121.5,48.78],[-121.49,48.79],[-121.48,48.79],[-121.47,48.79],[-121.46,48.79],[-121.46,48.8],[-121.46,48.81],[-121.47,48.81],[-121.47,48.8],[-121.48,48.8],[-121.49,48.8],[-121.5,48.8],[-121.5,48.79],[-121.51,48.79],[-121.52,48.79],[-121.53,48.79],[-121.53,48.78]],[[-121.46,48.81],[-121.45,48.81],[-121.45,48.82],[-121.46,48.81]],[[-121.54,48.78],[-121.54,48.79],[-121.55,48.79],[-121.55,48.78],[-121.54,48.78]],[[-122.06,48.77],[-122.05,48.77],[-122.06,48.78],[-122.06,48.77]],[[-122.05,48.77],[-122.05,48.76],[-122.04,48.76],[-122.03,48.76],[-122.03,48.77],[-122.04,48.77],[-122.04,48.78],[-122.05,48.78],[-122.05,48.77]],[[-121.1,48.7],[-121.11,48.69],[-121.1,48.69],[-121.09,48.68],[-121.08,48.68],[-121.08,48.69],[-121.09,48.69],[-121.09,48.7],[-121.1,48.7]],[[-121.08,48.68],[-121.08,48.67],[-121.07,48.67],[-121.07,48.68],[-121.08,48.68]],[[-121.23,48.64],[-121.22,48.63],[-121.22,48.64],[-121.23,48.64]],[[-121.86,48.9],[-121.85,48.9],[-121.84,48.9],[-121.83,48.9],[-121.82,48.9],[-121.82,48.91],[-121.83,48.91],[-121.84,48.91],[-121.85,48.91],[-121.86,48.91],[-121.86,48.9]],[[-121.22,48.69],[-121.21,48.69],[-121.21,48.7],[-121.22,48.7],[-121.22,48.69]],[[-121.19,48.7],[-121.18,48.7],[-121.17,48.7],[-121.17,48.71],[-121.18,48.71],[-121.19,48.7]],[[-121.16,48.71],[-121.15,48.71],[-121.14,48.71],[-121.13,48.71],[-121.12,48.71],[-121.11,48.71],[-121.1,48.71],[-121.09,48.71],[-121.08,48.71],[-121.08,48.72],[-121.09,48.72],[-121.1,48.72],[-121.11,48.72],[-121.12,48.72],[-121.13,48.72],[-121.14,48.72],[-121.15,48.72],[-121.15,48.73],[-121.16,48.73],[-121.16,48.72],[-121.16,48.71]],[[-121.17,48.73],[-121.17,48.74],[-121.18,48.74],[-121.18,48.73],[-121.17,48.73]],[[-121.43,48.68],[-121.42,48.68],[-121.42,48.69],[-121.43,48.69],[-121.43,48.68]],[[-121.95,48.61],[-121.95,48.6],[-121.94,48.6],[-121.93,48.6],[-121.92,48.6],[-121.91,48.6],[-121.91,48.61],[-121.92,48.61],[-121.93,48.61],[-121.94,48.61],[-121.95,48.61]]],[[[-122.11,48.71],[-122.12,48.71],[-122.12,48.7],[-122.11,48.7],[-122.11,48.69],[-122.12,48.69],[-122.13,48.69],[-122.14,48.69],[-122.14,48.7],[-122.14,48.71],[-122.14,48.72],[-122.13,48.72],[-122.12,48.72],[-122.12,48.73],[-122.11,48.73],[-122.11,48.72],[-122.11,48.71]]],[[[-121.54,48.42],[-121.54,48.41],[-121.55,48.41],[-121.55,48.42],[-121.54,48.42]]],[[[-121.5,48.3],[-121.49,48.31],[-121.49,48.32],[-121.48,48.32],[-121.48,48.33],[-121.48,48.34],[-121.48,48.35],[-121.47,48.34],[-121.47,48.33],[-121.46,48.33],[-121.45,48.33],[-121.45,48.32],[-121.45,48.31],[-121.45,48.3],[-121.49,48.3],[-121.5,48.3]]],[[[-122.17,48.41],[-122.17,48.42],[-122.17,48.43],[-122.17,48.44],[-122.18,48.44],[-122.18,48.45],[-122.17,48.45],[-122.17,48.46],[-122.16,48.47],[-122.15,48.47],[-122.14,48.47],[-122.13,48.47],[-122.13,48.46],[-122.12,48.47],[-122.11,48.47],[-122.1,48.47],[-122.09,48.47],[-122.08,48.47],[-122.07,48.47],[-122.06,48.48],[-122.05,48.48],[-122.05,48.47],[-122.04,48.47],[-122.04,48.46],[-122.03,48.46],[-122.03,48.45],[-122.03,48.44],[-122.02,48.44],[-122.01,48.44],[-122.01,48.43],[-122.0,48.43],[-122.0,48.42],[-121.99,48.42],[-121.99,48.43],[-121.99,48.44],[-122.0,48.44],[-122.0,48.45],[-122.01,48.45],[-122.01,48.46],[-122.01,48.47],[-122.02,48.47],[-122.02,48.48],[-122.01,48.48],[-122.0,48.48],[-122.0,48.49],[-122.01,48.49],[-122.0,48.5],[-121.99,48.5],[-121.98,48.5],[-121.98,48.51],[-121.97,48.51],[-121.96,48.51],[-121.95,48.51],[-121.94,48.51],[-121.93,48.5],[-121.92,48.5],[-121.91,48.5],[-121.9,48.5],[-121.89,48.5],[-121.88,48.5],[-121.88,48.49],[-121.87,48.49],[-121.86,48.5],[-121.86,48.49],[-121.85,48.49],[-121.84,48.49],[-121.83,48.48],[-121.82,48.48],[-121.82,48.49],[-121.81,48.49],[-121.8,48.49],[-121.79,48.49],[-121.78,48.49],[-121.77,48.49],[-121.77,48.5],[-121.76,48.5],[-121.76,48.49],[-121.75,48.49],[-121.74,48.49],[-121.73,48.49],[-121.73,48.48],[-121.72,48.48],[-121.71,48.48],[-121.71,48.47],[-121.7,48.47],[-121.7,48.46],[-121.71,48.46],[-121.72,48.46],[-121.73,48.46],[-121.73,48.45],[-121.74,48.44],[-121.73,48.44],[-121.72,48.44],[-121.72,48.45],[-121.71,48.45],[-121.7,48.45],[-121.69,48.45],[-121.69,48.46],[-121.68,48.46],[-121.67,48.46],[-121.66,48.46],[-121.65,48.46],[-121.65,48.45],[-121.64,48.45],[-121.64,48.44],[-121.63,48.44],[-121.62,48.43],[-121.61,48.43],[-121.61,48.42],[-121.6,48.42],[-121.59,48.42],[-121.59,48.41],[-121.6,48.41],[-121.6,48.4],[-121.59,48.39],[-121.59,48.38],[-121.58,48.38],[-121.58,48.37],[-121.58,48.36],[-121.58,48.35],[-121.57,48.35],[-121.57,48.34],[-121.57,48.33],[-121.57,48.32],[-121.58,48.32],[-121.58,48.31],[-121.58,48.3],[-121.61,48.3],[-121.63,48.3],[-121.63,48.31],[-121.63,48.32],[-121.63,48.33],[-121.63,48.34],[-121.62,48.34],[-121.62,48.35],[-121.61,48.35],[-121.61,48.36],[-121.61,48.37],[-121.62,48.36],[-121.63,48.36],[-121.63,48.35],[-121.64,48.35],[-121.64,48.34],[-121.65,48.34],[-121.65,48.33],[-121.65,48.32],[-121.64,48.32],[-121.64,48.31],[-121.64,48.3],[-121.66,48.3],[-121.69,48.3],[-121.7,48.3],[-121.71,48.3],[-121.72,48.3],[-121.73,48.3],[-121.74,48.3],[-121.75,48.3],[-121.76,48.3],[-121.77,48.3],[-121.78,48.3],[-121.79,48.3],[-121.8,48.3],[-121.81,48.3],[-121.82,48.3],[-121.83,48.3],[-121.83,48.31],[-121.84,48.31],[-121.85,48.31],[-121.86,48.31],[-121.87,48.31],[-121.88,48.31],[-121.89,48.31],[-121.9,48.31],[-121.91,48.31],[-121.92,48.31],[-121.93,48.31],[-121.93,48.32],[-121.94,48.32],[-121.94,48.33],[-121.95,48.33],[-121.95,48.34],[-121.96,48.35],[-121.96,48.36],[-121.95,48.36],[-121.94,48.36],[-121.93,48.36],[-121.93,48.37],[-121.94,48.37],[-121.95,48.37],[-121.96,48.37],[-121.97,48.37],[-121.98,48.37],[-121.99,48.37],[-122.0,48.37],[-122.01,48.37],[-122.02,48.37],[-122.03,48.37],[-122.04,48.37],[-122.04,48.36],[-122.05,48.36],[-122.06,48.36],[-122.07,48.36],[-122.08,48.36],[-122.09,48.36],[-122.1,48.36],[-122.1,48.35],[-122.11,48.35],[-122.12,48.35],[-122.13,48.35],[-122.14,48.35],[-122.15,48.35],[-122.15,48.36],[-122.14,48.36],[-122.15,48.37],[-122.16,48.37],[-122.16,48.38],[-122.15,48.38],[-122.16,48.39],[-122.16,48.4],[-122.16,48.41],[-122.17,48.41]],[[-121.74,48.44],[-121.75,48.44],[-121.75,48.43],[-121.74,48.43],[-121.74,48.44]],[[-121.61,48.37],[-121.61,48.38],[-121.61,48.39],[-121.62,48.39],[-121.62,48.38],[-121.62,48.37],[-121.61,48.37]],[[-121.92,48.36],[-121.91,48.36],[-121.9,48.36],[-121.89,48.37],[-121.9,48.37],[-121.91,48.37],[-121.92,48.37],[-121.92,48.36]],[[-121.89,48.37],[-121.88,48.37],[-121.88,48.38],[-121.89,48.38],[-121.89,48.37]]],[[[-122.12,48.6],[-122.11,48.6],[-122.1,48.59],[-122.09,48.59],[-122.09,48.58],[-122.08,48.58],[-122.07,48.57],[-122.06,48.57],[-122.06,48.56],[-122.07,48.56],[-122.07,48.55],[-122.08,48.55],[-122.09,48.55],[-122.1,48.55],[-122.11,48.55],[-122.12,48.55],[-122.13,48.55],[-122.14,48.55],[-122.15,48.55],[-122.16,48.55],[-122.17,48.55],[-122.17,48.56],[-122.18,48.56],[-122.18,48.57],[-122.19,48.57],[-122.2,48.58],[-122.21,48.58],[-122.21,48.59],[-122.2,48.59],[-122.19,48.59],[-122.2,48.6],[-122.2,48.61],[-122.19,48.61],[-122.2,48.62],[-122.19,48.63],[-122.2,48.63],[-122.19,48.64],[-122.18,48.64],[-122.18,48.65],[-122.17,48.65],[-122.16,48.66],[-122.15,48.66],[-122.15,48.65],[-122.14,48.65],[-122.14,48.64],[-122.13,48.64],[-122.13,48.63],[-122.13,48.62],[-122.12,48.62],[-122.12,48.61],[-122.11,48.61],[-122.12,48.6]]],[[[-122.09,48.97],[-122.09,48.96],[-122.09,48.95],[-122.1,48.95],[-122.1,48.94],[-122.1,48.93],[-122.11,48.93],[-122.12,48.93],[-122.13,48.93],[-122.13,48.94],[-122.12,48.94],[-122.12,48.95],[-122.13,48.96],[-122.12,48.96],[-122.11,48.96],[-122.11,48.97],[-122.11,48.98],[-122.1,48.98],[-122.09,48.98],[-122.09,48.97]]],[[[-122.15,48.81],[-122.14,48.81],[-122.14,48.8],[-122.14,48.79],[-122.13,48.79],[-122.13,48.78],[-122.13,48.77],[-122.14,48.77],[-122.14,48.76],[-122.14,48.75],[-122.13,48.75],[-122.13,48.74],[-122.14,48.74],[-122.15,48.74],[-122.16,48.74],[-122.17,48.74],[-122.16,48.75],[-122.17,48.75],[-122.17,48.76],[-122.17,48.77],[-122.18,48.78],[-122.17,48.78],[-122.16,48.79],[-122.16,48.8],[-122.15,48.8],[-122.15,48.81]]],[[[-122.26,48.89],[-122.26,48.9],[-122.25,48.9],[-122.25,48.91],[-122.24,48.91],[-122.24,48.92],[-122.24,48.93],[-122.23,48.93],[-122.22,48.93],[-122.22,48.94],[-122.21,48.94],[-122.2,48.94],[-122.19,48.94],[-122.19,48.95],[-122.18,48.95],[-122.17,48.95],[-122.17,48.94],[-122.16,48.93],[-122.16,48.92],[-122.16,48.91],[-122.17,48.91],[-122.17,48.9],[-122.18,48.9],[-122.18,48.89],[-122.17,48.89],[-122.17,48.88],[-122.17,48.87],[-122.18,48.87],[-122.18,48.86],[-122.18,48.85],[-122.18,48.84],[-122.19,48.84],[-122.2,48.84],[-122.21,48.84],[-122.22,48.84],[-122.22,48.85],[-122.23,48.85],[-122.24,48.85],[-122.24,48.86],[-122.25,48.86],[-122.26,48.86],[-122.26,48.87],[-122.27,48.87],[-122.27,48.88],[-122.26,48.88],[-122.26,48.89]]],[[[-122.31,48.76],[-122.31,48.77],[-122.32,48.77],[-122.31,48.78],[-122.3,48.78],[-122.31,48.79],[-122.31,48.8],[-122.3,48.8],[-122.29,48.8],[-122.29,48.81],[-122.28,48.81],[-122.27,48.81],[-122.26,48.81],[-122.25,48.81],[-122.24,48.81],[-122.25,48.8],[-122.24,48.8],[-122.24,48.79],[-122.25,48.78],[-122.24,48.78],[-122.23,48.78],[-122.24,48.77],[-122.23,48.77],[-122.23,48.76],[-122.23,48.75],[-122.24,48.75],[-122.24,48.74],[-122.24,48.73],[-122.23,48.73],[-122.23,48.72],[-122.23,48.71],[-122.22,48.71],[-122.22,48.7],[-122.22,48.69],[-122.22,48.68],[-122.23,48.67],[-122.23,48.68],[-122.24,48.68],[-122.25,48.68],[-122.26,48.68],[-122.26,48.69],[-122.27,48.69],[-122.28,48.69],[-122.28,48.7],[-122.28,48.71],[-122.29,48.71],[-122.29,48.72],[-122.29,48.73],[-122.28,48.73],[-122.27,48.74],[-122.28,48.74],[-122.29,48.74],[-122.3,48.74],[-122.3,48.75],[-122.31,48.75],[-122.32,48.75],[-122.32,48.76],[-122.31,48.76]]],[[[-122.25,48.66],[-122.24,48.66],[-122.23,48.65],[-122.23,48.64],[-122.23,48.63],[-122.24,48.63],[-122.24,48.62],[-122.24,48.61],[-122.25,48.61],[-122.26,48.61],[-122.27,48.61],[-122.28,48.61],[-122.29,48.61],[-122.29,48.62],[-122.3,48.62],[-122.3,48.63],[-122.29,48.63],[-122.29,48.64],[-122.28,48.64],[-122.28,48.65],[-122.27,48.65],[-122.27,48.66],[-122.26,48.66],[-122.25,48.66]]]]}},
{"type":"Feature","properties":{"ugc":"WAZ302","name":"Cascades of Snohomish and Northern King Counties","state":"WA","wfo":"SEW"},"geometry":{"type":"MultiPolygon","coordinates":[[[[-121.91,48.2],[-121.91,48.21],[-121.92,48.21],[-121.92,48.22],[-121.93,48.22],[-121.93,48.23],[-121.93,48.24],[-121.92,48.25],[-121.91,48.25],[-121.9,48.25],[-121.89,48.25],[-121.88,48.25],[-121.87,48.25],[-121.87,48.24],[-121.86,48.24],[-121.85,48.24],[-121.84,48.24],[-121.83,48.24],[-121.82,48.24],[-121.82,48.25],[-121.81,48.25],[-121.8,48.25],[-121.79,48.25],[-121.78,48.25],[-121.77,48.25],[-121.77,48.26],[-121.76,48.26],[-121.75,48.26],[-121.74,48.26],[-121.73,48.26],[-121.72,48.26],[-121.72,48.25],[-121.71,48.25],[-121.71,48.24],[-121.7,48.25],[-121.7,48.24],[-121.69,48.24],[-121.68,48.24],[-121.67,48.24],[-121.67,48.23],[-121.66,48.23],[-121.65,48.23],[-121.64,48.23],[-121.63,48.22],[-121.63,48.21],[-121.62,48.21],[-121.62,48.22],[-121.63,48.23],[-121.62,48.23],[-121.61,48.23],[-121.6,48.23],[-121.59,48.22],[-121.58,48.21],[-121.58,48.2],[-121.58,48.19],[-121.58,48.18],[-121.57,48.18],[-121.57,48.19],[-121.57,48.2],[-121.56,48.2],[-121.55,48.2],[-121.54,48.2],[-121.54,48.19],[-121.53,48.19],[-121.52,48.19],[-121.51,48.18],[-121.5,48.18],[-121.49,48.18],[-121.49,48.17],[-121.48,48.17],[-121.47,48.17],[-121.47,48.16],[-121.46,48.16],[-121.45,48.16],[-121.45,48.15],[-121.44,48.15],[-121.44,48.14],[-121.44,48.13],[-121.43,48.13],[-121.42,48.12],[-121.42,48.11],[-121.41,48.11],[-121.4,48.1],[-121.4,48.09],[-121.4,48.08],[-121.4,48.07],[-121.39,48.08],[-121.39,48.09],[-121.38,48.1],[-121.39,48.11],[-121.4,48.12],[-121.41,48.12],[-121.41,48.13],[-121.42,48.14],[-121.42,48.15],[-121.43,48.16],[-121.43,48.17],[-121.44,48.17],[-121.44,48.18],[-121.45,48.18],[-121.45,48.19],[-121.46,48.18],[-121.47,48.19],[-121.48,48.19],[-121.49,48.19],[-121.49,48.2],[-121.5,48.2],[-121.51,48.2],[-121.52,48.2],[-121.52,48.21],[-121.53,48.21],[-121.54,48.21],[-121.54,48.22],[-121.55,48.22],[-121.56,48.23],[-121.57,48.23],[-121.57,48.24],[-121.58,48.24],[-121.58,48.25],[-121.58,48.26],[-121.57,48.26],[-121.56,48.26],[-121.55,48.26],[-121.54,48.26],[-121.53,48.26],[-121.53,48.27],[-121.52,48.27],[-121.52,48.28],[-121.51,48.28],[-121.51,48.29],[-121.5,48.29],[-121.5,48.3],[-121.44,48.3],[-121.44,48.29],[-121.44,48.28],[-121.43,48.28],[-121.43,48.27],[-121.42,48.27],[-121.41,48.27],[-121.41,48.26],[-121.4,48.26],[-121.39,48.26],[-121.38,48.26],[-121.37,48.26],[-121.36,48.26],[-121.35,48.26],[-121.35,48.25],[-121.34,48.26],[-121.34,48.25],[-121.33,48.25],[-121.32,48.25],[-121.31,48.25],[-121.3,48.25],[-121.29,48.25],[-121.28,48.25],[-121.27,48.25],[-121.26,48.25],[-121.26,48.26],[-121.27,48.26],[-121.28,48.26],[-121.29,48.26],[-121.3,48.26],[-121.31,48.26],[-121.32,48.26],[-121.32,48.27],[-121.33,48.27],[-121.34,48.27],[-121.35,48.27],[-121.36,48.28],[-121.37,48.28],[-121.38,48.28],[-121.39,48.28],[-121.4,48.28],[-121.4,48.29],[-121.4,48.3],[-121.18,48.3],[-121.0,48.3],[-121.0,48.29],[-121.01,48.28],[-121.01,48.27],[-121.0,48.27],[-121.0,48.26],[-120.99,48.26],[-120.99,48.25],[-120.98,48.25],[-120.98,48.24],[-120.97,48.24],[-120.97,48.23],[-120.96,48.23],[-120.96,48.22],[-120.96,48.21],[-120.95,48.21],[-120.95,48.2],[-120.94,48.2],[-120.93,48.2],[-120.93,48.19],[-120.92,48.19],[-120.92,48.18],[-120.91,48.18],[-120.91,48.17],[-120.91,48.16],[-120.92,48.16],[-120.93,48.16],[-120.94,48.16],[-120.95,48.16],[-120.95,48.15],[-120.96,48.15],[-120.96,48.14],[-120.96,48.13],[-120.96,48.12],[-120.95,48.12],[-120.95,48.11],[-120.96,48.11],[-120.97,48.11],[-120.97,48.1],[-120.98,48.1],[-120.98,48.09],[-120.99,48.09],[-121.0,48.09],[-121.0,48.08],[-121.01,48.08],[-121.02,48.08],[-121.03,48.08],[-121.04,48.08],[-121.04,48.07],[-121.05,48.07],[-121.06,48.07],[-121.07,48.07],[-121.08,48.06],[-121.09,48.06],[-121.1,48.06],[-121.11,48.06],[-121.12,48.06],[-121.12,48.05],[-121.13,48.05],[-121.13,48.04],[-121.14,48.04],[-121.15,48.04],[-121.15,48.03],[-121.14,48.03],[-121.13,48.02],[-121.13,48.01],[-121.12,48.01],[-121.12,48.0],[-121.12,47.99],[-121.13,47.99],[-121.14,47.98],[-121.15,47.98],[-121.15,47.97],[-121.16,47.96],[-121.16,47.95],[-121.16,47.94],[-121.17,47.94],[-121.17,47.93],[-121.18,47.92],[-121.17,47.91],[-121.18,47.9],[-121.18,47.89],[-121.17,47.89],[-121.17,47.88],[-121.16,47.88],[-121.16,47.87],[-121.15,47.87],[-121.15,47.86],[-121.15,47.85],[-121.15,47.84],[-121.14,47.84],[-121.13,47.84],[-121.12,47.84],[-121.12,47.83],[-121.11,47.83],[-121.1,47.83],[-121.09,47.83],[-121.08,47.83],[-121.07,47.83],[-121.07,47.82],[-121.08,47.82],[-121.08,47.81],[-121.09,47.81],[-121.09,47.8],[-121.1,47.8],[-121.11,47.8],[-121.11,47.79],[-121.12,47.78],[-121.12,47.77],[-121.11,47.77],[-121.11,47.76],[-121.1,47.76],[-121.09,47.76],[-121.09,47.75],[-121.09,47.74],[-121.08,47.74],[-121.08,47.73],[-121.08,47.72],[-121.07,47.72],[-121.07,47.71],[-121.07,47.7],[-121.08,47.7],[-121.09,47.7],[-121.1,47.69],[-121.11,47.69],[-121.12,47.69],[-121.12,47.68],[-121.13,47.68],[-121.13,47.67],[-121.12,47.67],[-121.12,47.66],[-121.13,47.66],[-121.13,47.65],[-121.13,47.64],[-121.13,47.63],[-121.12,47.63],[-121.12,47.62],[-121.12,47.61],[-121.11,47.6],[-121.12,47.6],[-121.12,47.59],[-121.13,47.59],[-121.13,47.6],[-121.14,47.6],[-121.14,47.59],[-121.15,47.59],[-121.16,47.59],[-121.17,47.59],[-121.17,47.58],[-121.17,47.57],[-121.18,47.57],[-121.19,47.57],[-121.2,47.57],[-121.21,47.57],[-121.22,47.57],[-121.23,47.57],[-121.23,47.56],[-121.24,47.56],[-121.25,47.56],[-121.26,47.56],[-121.27,47.56],[-121.27,47.55],[-121.28,47.55],[-121.29,47.55],[-121.3,47.55],[-121.31,47.55],[-121.32,47.55],[-121.33,47.55],[-121.33,47.54],[-121.34,47.54],[-121.35,47.54],[-121.36,47.54],[-121.37,47.54],[-121.37,47.55],[-121.37,47.56],[-121.38,47.56],[-121.38,47.57],[-121.39,47.57],[-121.39,47.58],[-121.4,47.58],[-121.41,47.58],[-121.41,47.59],[-121.42,47.59],[-121.43,47.59],[-121.43,47.6],[-121.43,47.61],[-121.44,47.61],[-121.45,47.61],[-121.46,47.6],[-121.47,47.61],[-121.47,47.6],[-121.48,47.6],[-121.5,47.61],[-121.51,47.6],[-121.52,47.6],[-121.53,47.6],[-121.54,47.6],[-121.54,47.59],[-121.55,47.59],[-121.56,47.59],[-121.57,47.58],[-121.57,47.59],[-121.58,47.59],[-121.6,47.59],[-121.61,47.58],[-121.62,47.58],[-121.62,47.57],[-121.63,47.57],[-121.64,47.58],[-121.65,47.58],[-121.66,47.59],[-121.67,47.59],[-121.68,47.59],[-121.69,47.59],[-121.71,47.58],[-121.71,47.59],[-121.71,47.6],[-121.71,47.61],[-121.7,47.61],[-121.7,47.62],[-121.7,47.63],[-121.69,47.63],[-121.69,47.64],[-121.69,47.65],[-121.7,47.65],[-121.71,47.65],[-121.71,47.66],[-121.72,47.66],[-121.72,47.67],[-121.71,47.67],[-121.71,47.68],[-121.71,47.69],[-121.71,47.7],[-121.71,47.71],[-121.71,47.72],[-121.72,47.72],[-121.72,47.73],[-121.71,47.74],[-121.72,47.74],[-121.73,47.73],[-121.74,47.73],[-121.75,47.73],[-121.76,47.73],[-121.77,47.73],[-121.78,47.73],[-121.78,47.74],[-121.79,47.74],[-121.79,47.75],[-121.8,47.75],[-121.8,47.76],[-121.81,47.76],[-121.82,47.77],[-121.82,47.78],[-121.81,47.78],[-121.8,47.79],[-121.79,47.79],[-121.79,47.8],[-121.8,47.8],[-121.8,47.81],[-121.79,47.81],[-121.78,47.81],[-121.77,47.81],[-121.77,47.82],[-121.76,47.82],[-121.75,47.82],[-121.75,47.83],[-121.74,47.83],[-121.73,47.83],[-121.72,47.83],[-121.71,47.83],[-121.7,47.83],[-121.69,47.83],[-121.68,47.83],[-121.67,47.83],[-121.66,47.82],[-121.66,47.81],[-121.65,47.81],[-121.65,47.8],[-121.64,47.8],[-121.64,47.81],[-121.63,47.81],[-121.62,47.81],[-121.61,47.81],[-121.6,47.8],[-121.6,47.79],[-121.59,47.79],[-121.58,47.79],[-121.58,47.8],[-121.57,47.79],[-121.56,47.79],[-121.55,47.79],[-121.54,47.79],[-121.53,47.79],[-121.52,47.78],[-121.51,47.78],[-121.51,47.77],[-121.5,47.77],[-121.49,47.77],[-121.49,47.76],[-121.48,47.75],[-121.47,47.75],[-121.46,47.75],[-121.46,47.74],[-121.45,47.74],[-121.45,47.73],[-121.44,47.73],[-121.43,47.73],[-121.42,47.72],[-121.42,47.71],[-121.41,47.71],[-121.4,47.7],[-121.4,47.69],[-121.39,47.68],[-121.38,47.68],[-121.38,47.69],[-121.39,47.7],[-121.39,47.71],[-121.38,47.7],[-121.37,47.7],[-121.36,47.7],[-121.35,47.7],[-121.34,47.7],[-121.34,47.71],[-121.33,47.71],[-121.32,47.71],[-121.32,47.7],[-121.31,47.7],[-121.3,47.69],[-121.3,47.68],[-121.29,47.68],[-121.29,47.69],[-121.29,47.7],[-121.29,47.71],[-121.28,47.71],[-121.27,47.71],[-121.26,47.71],[-121.25,47.71],[-121.24,47.71],[-121.23,47.71],[-121.23,47.72],[-121.24,47.72],[-121.25,47.72],[-121.26,47.72],[-121.27,47.72],[-121.28,47.72],[-121.29,47.72],[-121.3,47.72],[-121.31,47.72],[-121.32,47.72],[-121.32,47.73],[-121.33,47.73],[-121.32,47.74],[-121.31,47.74],[-121.31,47.75],[-121.31,47.76],[-121.3,47.77],[-121.3,47.78],[-121.29,47.78],[-121.29,47.79],[-121.29,47.8],[-121.29,47.81],[-121.3,47.81],[-121.3,47.8],[-121.3,47.79],[-121.31,47.79],[-121.31,47.78],[-121.32,47.77],[-121.32,47.76],[-121.32,47.75],[-121.33,47.75],[-121.33,47.74],[-121.34,47.74],[-121.34,47.73],[-121.35,47.73],[-121.35,47.72],[-121.36,47.72],[-121.37,47.72],[-121.38,47.72],[-121.39,47.73],[-121.4,47.73],[-121.4,47.74],[-121.41,47.74],[-121.42,47.74],[-121.43,47.74],[-121.43,47.75],[-121.44,47.75],[-121.45,47.75],[-121.45,47.76],[-121.46,47.76],[-121.46,47.77],[-121.47,47.77],[-121.47,47.78],[-121.48,47.78],[-121.48,47.79],[-121.49,47.8],[-121.5,47.8],[-121.51,47.8],[-121.51,47.81],[-121.51,47.82],[-121.5,47.82],[-121.51,47.83],[-121.5,47.83],[-121.5,47.84],[-121.5,47.85],[-121.49,47.86],[-121.48,47.86],[-121.47,47.86],[-121.47,47.87],[-121.46,47.87],[-121.46,47.88],[-121.47,47.88],[-121.48,47.87],[-121.49,47.87],[-121.5,47.87],[-121.51,47.86],[-121.52,47.86],[-121.52,47.85],[-121.52,47.84],[-121.52,47.83],[-121.53,47.83],[-121.54,47.83],[-121.55,47.83],[-121.56,47.83],[-121.56,47.82],[-121.57,47.82],[-121.58,47.82],[-121.58,47.83],[-121.59,47.83],[-121.59,47.84],[-121.6,47.84],[-121.6,47.85],[-121.61,47.85],[-121.62,47.85],[-121.62,47.86],[-121.63,47.86],[-121.64,47.87],[-121.65,47.87],[-121.65,47.88],[-121.65,47.89],[-121.66,47.89],[-121.67,47.88],[-121.67,47.89],[-121.68,47.89],[-121.68,47.9],[-121.69,47.9],[-121.7,47.91],[-121.71,47.92],[-121.71,47.93],[-121.7,47.94],[-121.7,47.95],[-121.71,47.95],[-121.72,47.94],[-121.72,47.93],[-121.73,47.93],[-121.73,47.94],[-121.74,47.94],[-121.75,47.94],[-121.75,47.95],[-121.76,47.95],[-121.77,47.95],[-121.77,47.96],[-121.78,47.96],[-121.78,47.97],[-121.77,47.97],[-121.76,47.98],[-121.77,47.98],[-121.78,47.98],[-121.79,47.98],[-121.79,47.97],[-121.8,47.97],[-121.81,47.97],[-121.82,47.97],[-121.83,47.97],[-121.83,47.98],[-121.84,47.98],[-121.84,47.99],[-121.85,47.99],[-121.84,48.0],[-121.85,48.0],[-121.85,48.01],[-121.86,48.01],[-121.86,48.02],[-121.85,48.02],[-121.84,48.02],[-121.83,48.02],[-121.82,48.02],[-121.82,48.01],[-121.81,48.01],[-121.8,48.01],[-121.79,48.0],[-121.78,48.0],[-121.77,48.0],[-121.77,47.99],[-121.76,47.99],[-121.75,47.99],[-121.74,47.99],[-121.73,47.98],[-121.72,47.98],[-121.71,47.98],[-121.7,47.98],[-121.7,47.99],[-121.71,47.99],[-121.72,48.0],[-121.73,48.0],[-121.74,48.01],[-121.75,48.01],[-121.75,48.02],[-121.76,48.02],[-121.77,48.02],[-121.78,48.02],[-121.79,48.02],[-121.79,48.03],[-121.8,48.03],[-121.81,48.03],[-121.81,48.04],[-121.82,48.04],[-121.83,48.05],[-121.84,48.05],[-121.85,48.05],[-121.85,48.06],[-121.85,48.07],[-121.85,48.08],[-121.84,48.09],[-121.83,48.09],[-121.82,48.09],[-121.81,48.09],[-121.8,48.09],[-121.79,48.09],[-121.78,48.08],[-121.77,48.08],[-121.76,48.08],[-121.75,48.08],[-121.75,48.07],[-121.74,48.07],[-121.73,48.07],[-121.72,48.07],[-121.71,48.07],[-121.7,48.07],[-121.69,48.07],[-121.69,48.06],[-121.68,48.06],[-121.68,48.05],[-121.68,48.04],[-121.67,48.05],[-121.67,48.06],[-121.67,48.07],[-121.67,48.08],[-121.68,48.08],[-121.69,48.08],[-121.7,48.08],[-121.71,48.08],[-121.72,48.08],[-121.73,48.08],[-121.73,48.09],[-121.74,48.1],[-121.75,48.1],[-121.76,48.1],[-121.76,48.11],[-121.77,48.11],[-121.78,48.11],[-121.79,48.11],[-121.8,48.11],[-121.8,48.12],[-121.81,48.12],[-121.82,48.12],[-121.83,48.12],[-121.83,48.13],[-121.84,48.13],[-121.85,48.13],[-121.85,48.14],[-121.86,48.14],[-121.87,48.14],[-121.87,48.13],[-121.88,48.14],[-121.89,48.14],[-121.9,48.14],[-121.91,48.15],[-121.92,48.15],[-121.92,48.16],[-121.93,48.16],[-121.93,48.17],[-121.94,48.17],[-121.94,48.18],[-121.94,48.19],[-121.94,48.2],[-121.93,48.2],[-121.92,48.2],[-121.91,48.2]],[[-121.38,48.1],[-121.38,48.09],[-121.37,48.1],[-121.38,48.1]],[[-121.71,47.69],[-121.7,47.69],[-121.7,47.7],[-121.71,47.69]],[[-121.71,47.74],[-121.7,47.74],[-121.7,47.75],[-121.71,47.75],[-121.71,47.74]],[[-121.39,47.68],[-121.4,47.68],[-121.4,47.67],[-121.39,47.67],[-121.39,47.68]],[[-121.39,47.67],[-121.39,47.66],[-121.38,47.66],[-121.38,47.67],[-121.39,47.67]],[[-121.38,47.66],[-121.37,47.65],[-121.37,47.66],[-121.38,47.66]],[[-121.46,47.88],[-121.45,47.88],[-121.44,47.89],[-121.43,47.89],[-121.43,47.9],[-121.44,47.9],[-121.45,47.9],[-121.46,47.9],[-121.46,47.89],[-121.46,47.88]],[[-121.76,47.98],[-121.76,47.97],[-121.75,47.97],[-121.74,47.97],[-121.73,47.97],[-121.74,47.98],[-121.75,47.98],[-121.76,47.98]],[[-121.7,47.98],[-121.7,47.97],[-121.69,47.97],[-121.68,47.97],[-121.67,47.97],[-121.66,47.97],[-121.65,47.97],[-121.65,47.96],[-121.64,47.96],[-121.64,47.97],[-121.63,47.97],[-121.62,47.97],[-121.61,47.97],[-121.61,47.98],[-121.62,47.98],[-121.63,47.98],[-121.64,47.98],[-121.65,47.98],[-121.66,47.98],[-121.67,47.98],[-121.68,47.98],[-121.69,47.98],[-121.7,47.98]],[[-121.64,47.96],[-121.64,47.95],[-121.63,47.95],[-121.64,47.96]],[[-121.67,48.07],[-121.66,48.07],[-121.66,48.08],[-121.67,48.07]],[[-121.66,48.07],[-121.66,48.06],[-121.65,48.06],[-121.64,48.06],[-121.63,48.06],[-121.62,48.06],[-121.62,48.07],[-121.63,48.07],[-121.64,48.07],[-121.65,48.07],[-121.66,48.07]],[[-121.85,48.14],[-121.84,48.14],[-121.84,48.15],[-121.85,48.15],[-121.85,48.14]],[[-121.84,48.15],[-121.83,48.15],[-121.82,48.15],[-121.81,48.15],[-121.8,48.15],[-121.79,48.15],[-121.78,48.15],[-121.78,48.16],[-121.79,48.16],[-121.8,48.16],[-121.81,48.16],[-121.82,48.17],[-121.82,48.16],[-121.83,48.16],[-121.84,48.15]],[[-121.82,48.17],[-121.82,48.18],[-121.83,48.18],[-121.83,48.17],[-121.82,48.17]],[[-121.91,48.2],[-121.9,48.19],[-121.89,48.19],[-121.89,48.2],[-121.9,48.2],[-121.91,48.2]],[[-121.51,47.76],[-121.52,47.76],[-121.52,47.75],[-121.51,47.75],[-121.51,47.76]],[[-121.81,48.24],[-121.81,48.23],[-121.8,48.23],[-121.81,48.24]],[[-121.79,48.23],[-121.79,48.22],[-121.78,48.22],[-121.79,48.23]],[[-121.52,48.26],[-121.52,48.25],[-121.51,48.25],[-121.51,48.26],[-121.52,48.26]],[[-121.24,48.25],[-121.23,48.25],[-121.22,48.25],[-121.22,48.26],[-121.23,48.26],[-121.24,48.26],[-121.24,48.25]],[[-121.68,47.64],[-121.67,47.64],[-121.67,47.65],[-121.68,47.65],[-121.68,47.64]],[[-121.42,47.9],[-121.42,47.89],[-121.41,47.89],[-121.4,47.89],[-121.39,47.89],[-121.39,47.9],[-121.4,47.9],[-121.41,47.9],[-121.42,47.9]]],[[[-121.75,48.08],[-121.75,48.09],[-121.74,48.09],[-121.74,48.08],[-121.75,48.08]]],[[[-121.59,48.3],[-121.59,48.29],[-121.6,48.29],[-121.61,48.29],[-121.62,48.29],[-121.63,48.29],[-121.63,48.3],[-121.61,48.3],[-121.59,48.3]]],[[[-121.68,48.3],[-121.66,48.3],[-121.65,48.3],[-121.66,48.29],[-121.67,48.29],[-121.68,48.3]]]]}},
{"type":"Feature","properties":{"ugc":"WAZ303","name":"Cascades of Southern King County","state":"WA","wfo":"SEW"},"geometry":{"type":"MultiPolygon","coordinates":[[[[-121.91,47.19],[-121.91,47.2],[-121.91,47.21],[-121.91,47.22],[-121.91,47.23],[-121.91,47.24],[-121.91,47.25],[-121.91,47.26],[-121.9,47.26],[-121.9,47.27],[-121.89,47.27],[-121.88,47.27],[-121.88,47.28],[-121.89,47.28],[-121.89,47.29],[-121.88,47.29],[-121.88,47.3],[-121.87,47.3],[-121.86,47.3],[-121.85,47.3],[-121.84,47.3],[-121.84,47.29],[-121.83,47.29],[-121.82,47.29],[-121.82,47.3],[-121.83,47.3],[-121.84,47.31],[-121.85,47.31],[-121.86,47.32],[-121.87,47.32],[-121.88,47.33],[-121.89,47.33],[-121.89,47.34],[-121.88,47.34],[-121.88,47.35],[-121.88,47.36],[-121.87,47.36],[-121.86,47.36],[-121.85,47.36],[-121.84,47.36],[-121.84,47.37],[-121.83,47.37],[-121.83,47.36],[-121.82,47.36],[-121.82,47.37],[-121.82,47.38],[-121.82,47.39],[-121.83,47.39],[-121.83,47.4],[-121.82,47.4],[-121.81,47.4],[-121.8,47.41],[-121.79,47.41],[-121.78,47.42],[-121.78,47.41],[-121.77,47.41],[-121.77,47.42],[-121.76,47.42],[-121.76,47.43],[-121.75,47.43],[-121.74,47.43],[-121.73,47.43],[-121.72,47.44],[-121.71,47.44],[-121.7,47.44],[-121.69,47.44],[-121.68,47.44],[-121.67,47.44],[-121.66,47.44],[-121.66,47.45],[-121.67,47.45],[-121.67,47.46],[-121.67,47.47],[-121.66,47.47],[-121.65,47.47],[-121.65,47.48],[-121.64,47.48],[-121.63,47.49],[-121.62,47.49],[-121.61,47.5],[-121.61,47.51],[-121.6,47.51],[-121.59,47.51],[-121.58,47.51],[-121.57,47.51],[-121.57,47.52],[-121.58,47.53],[-121.57,47.53],[-121.56,47.53],[-121.56,47.54],[-121.55,47.54],[-121.54,47.54],[-121.53,47.54],[-121.52,47.54],[-121.52,47.55],[-121.53,47.56],[-121.53,47.57],[-121.54,47.56],[-121.55,47.56],[-121.55,47.55],[-121.56,47.55],[-121.57,47.55],[-121.57,47.54],[-121.58,47.54],[-121.59,47.54],[-121.6,47.54],[-121.6,47.53],[-121.61,47.53],[-121.62,47.53],[-121.63,47.53],[-121.64,47.53],[-121.64,47.52],[-121.65,47.52],[-121.65,47.51],[-121.65,47.5],[-121.66,47.5],[-121.66,47.49],[-121.67,47.49],[-121.67,47.48],[-121.68,47.48],[-121.68,47.49],[-121.69,47.49],[-121.7,47.5],[-121.71,47.5],[-121.72,47.5],[-121.73,47.49],[-121.74,47.49],[-121.75,47.49],[-121.75,47.5],[-121.75,47.51],[-121.75,47.52],[-121.74,47.52],[-121.74,47.53],[-121.73,47.53],[-121.72,47.53],[-121.72,47.54],[-121.71,47.54],[-121.71,47.55],[-121.7,47.56],[-121.7,47.57],[-121.71,47.58],[-121.69,47.59],[-121.68,47.59],[-121.67,47.59],[-121.66,47.59],[-121.65,47.58],[-121.64,47.58],[-121.63,47.57],[-121.62,47.57],[-121.62,47.58],[-121.61,47.58],[-121.6,47.59],[-121.58,47.59],[-121.57,47.59],[-121.57,47.58],[-121.56,47.59],[-121.55,47.59],[-121.54,47.59],[-121.54,47.6],[-121.53,47.6],[-121.52,47.6],[-121.51,47.6],[-121.5,47.61],[-121.48,47.6],[-121.47,47.6],[-121.47,47.61],[-121.46,47.6],[-121.45,47.61],[-121.44,47.61],[-121.43,47.61],[-121.43,47.6],[-121.43,47.59],[-121.42,47.59],[-121.41,47.59],[-121.41,47.58],[-121.4,47.58],[-121.39,47.58],[-121.39,47.57],[-121.38,47.57],[-121.38,47.56],[-121.37,47.56],[-121.37,47.55],[-121.37,47.54],[-121.36,47.54],[-121.35,47.54],[-121.34,47.54],[-121.33,47.54],[-121.33,47.55],[-121.32,47.55],[-121.31,47.55],[-121.3,47.55],[-121.29,47.55],[-121.28,47.55],[-121.27,47.55],[-121.27,47.56],[-121.26,47.56],[-121.25,47.56],[-121.24,47.56],[-121.23,47.56],[-121.23,47.55],[-121.24,47.55],[-121.24,47.54],[-121.25,47.54],[-121.25,47.53],[-121.26,47.53],[-121.26,47.52],[-121.27,47.52],[-121.28,47.52],[-121.28,47.51],[-121.29,47.51],[-121.29,47.5],[-121.3,47.5],[-121.3,47.49],[-121.31,47.48],[-121.32,47.48],[-121.33,47.48],[-121.33,47.47],[-121.34,47.48],[-121.34,47.47],[-121.35,47.47],[-121.35,47.46],[-121.36,47.47],[-121.36,47.46],[-121.37,47.46],[-121.38,47.46],[-121.38,47.45],[-121.39,47.45],[-121.38,47.44],[-121.38,47.43],[-121.39,47.43],[-121.4,47.43],[-121.41,47.43],[-121.41,47.42],[-121.42,47.42],[-121.43,47.42],[-121.42,47.41],[-121.43,47.4],[-121.43,47.39],[-121.44,47.39],[-121.44,47.38],[-121.44,47.37],[-121.45,47.37],[-121.46,47.37],[-121.47,47.37],[-121.46,47.36],[-121.46,47.35],[-121.45,47.35],[-121.45,47.34],[-121.44,47.34],[-121.43,47.34],[-121.43,47.33],[-121.43,47.32],[-121.44,47.32],[-121.45,47.31],[-121.44,47.31],[-121.43,47.3],[-121.43,47.29],[-121.42,47.29],[-121.41,47.29],[-121.4,47.29],[-121.39,47.29],[-121.38,47.29],[-121.37,47.29],[-121.36,47.29],[-121.36,47.28],[-121.35,47.28],[-121.34,47.28],[-121.34,47.27],[-121.33,47.26],[-121.33,47.25],[-121.34,47.25],[-121.35,47.25],[-121.35,47.24],[-121.36,47.24],[-121.36,47.23],[-121.36,47.22],[-121.35,47.22],[-121.34,47.22],[-121.33,47.22],[-121.32,47.22],[-121.32,47.21],[-121.31,47.21],[-121.31,47.2],[-121.31,47.19],[-121.31,47.18],[-121.32,47.17],[-121.31,47.17],[-121.31,47.16],[-121.3,47.16],[-121.3,47.15],[-121.3,47.14],[-121.31,47.14],[-121.31,47.13],[-121.32,47.13],[-121.32,47.14],[-121.33,47.13],[-121.34,47.14],[-121.35,47.14],[-121.36,47.14],[-121.37,47.14],[-121.38,47.14],[-121.39,47.13],[-121.4,47.13],[-121.4,47.12],[-121.41,47.12],[-121.4,47.11],[-121.4,47.1],[-121.4,47.09],[-121.41,47.09],[-121.42,47.09],[-121.43,47.09],[-121.44,47.09],[-121.44,47.08],[-121.45,47.09],[-121.46,47.09],[-121.47,47.1],[-121.48,47.1],[-121.48,47.11],[-121.49,47.11],[-121.49,47.12],[-121.5,47.12],[-121.51,47.12],[-121.52,47.12],[-121.53,47.12],[-121.54,47.12],[-121.55,47.12],[-121.56,47.12],[-121.57,47.12],[-121.58,47.12],[-121.59,47.12],[-121.6,47.13],[-121.61,47.13],[-121.61,47.14],[-121.62,47.14],[-121.62,47.15],[-121.63,47.15],[-121.64,47.15],[-121.64,47.16],[-121.65,47.16],[-121.66,47.16],[-121.67,47.16],[-121.67,47.15],[-121.68,47.15],[-121.69,47.15],[-121.7,47.15],[-121.71,47.15],[-121.72,47.15],[-121.73,47.16],[-121.74,47.16],[-121.75,47.16],[-121.76,47.16],[-121.76,47.17],[-121.77,47.17],[-121.78,47.17],[-121.79,47.17],[-121.8,47.17],[-121.81,47.17],[-121.81,47.16],[-121.82,47.16],[-121.83,47.16],[-121.83,47.15],[-121.84,47.16],[-121.84,47.15],[-121.85,47.15],[-121.86,47.15],[-121.86,47.16],[-121.87,47.16],[-121.88,47.17],[-121.88,47.16],[-121.89,47.16],[-121.89,47.17],[-121.9,47.17],[-121.91,47.17],[-121.91,47.18],[-121.92,47.18],[-121.91,47.19]],[[-121.66,47.44],[-121.66,47.43],[-121.65,47.43],[-121.64,47.43],[-121.63,47.43],[-121.63,47.44],[-121.64,47.44],[-121.65,47.44],[-121.66,47.44]],[[-121.57,47.51],[-121.56,47.5],[-121.56,47.51],[-121.57,47.51]],[[-121.52,47.54],[-121.52,47.53],[-121.51,47.53],[-121.5,47.53],[-121.49,47.53],[-121.48,47.52],[-121.47,47.52],[-121.47,47.53],[-121.48,47.53],[-121.48,47.54],[-121.49,47.54],[-121.5,47.54],[-121.51,47.54],[-121.52,47.54]],[[-121.81,47.29],[-121.81,47.28],[-121.8,47.28],[-121.79,47.28],[-121.79,47.29],[-121.8,47.29],[-121.81,47.29]],[[-121.79,47.28],[-121.79,47.27],[-121.78,47.27],[-121.78,47.26],[-121.77,47.26],[-121.76,47.26],[-121.75,47.26],[-121.75,47.25],[-121.74,47.25],[-121.73,47.25],[-121.73,47.26],[-121.72,47.26],[-121.72,47.27],[-121.73,47.27],[-121.74,47.27],[-121.75,47.27],[-121.76,47.27],[-121.76,47.28],[-121.76,47.29],[-121.76,47.3],[-121.77,47.3],[-121.77,47.31],[-121.76,47.32],[-121.77,47.32],[-121.78,47.32],[-121.79,47.33],[-121.8,47.33],[-121.8,47.32],[-121.79,47.32],[-121.79,47.31],[-121.78,47.31],[-121.78,47.3],[-121.78,47.29],[-121.77,47.29],[-121.77,47.28],[-121.78,47.28],[-121.79,47.28]],[[-121.73,47.25],[-121.74,47.24],[-121.73,47.24],[-121.72,47.24],[-121.72,47.25],[-121.73,47.25]],[[-121.72,47.24],[-121.72,47.23],[-121.71,47.23],[-121.71,47.24],[-121.72,47.24]],[[-121.8,47.33],[-121.81,47.34],[-121.82,47.34],[-121.81,47.33],[-121.8,47.33]],[[-121.46,47.52],[-121.46,47.51],[-121.45,47.51],[-121.45,47.52],[-121.46,47.52]],[[-121.61,47.43],[-121.61,47.42],[-121.6,47.42],[-121.6,47.43],[-121.61,47.43]],[[-121.59,47.42],[-121.59,47.41],[-121.58,47.41],[-121.58,47.42],[-121.59,47.42]]],[[[-121.68,47.45],[-121.69,47.45],[-121.69,47.46],[-121.68,47.45]]],[[[-121.39,47.09],[-121.38,47.1],[-121.38,47.09],[-121.39,47.09]]],[[[-122.0,47.51],[-122.0,47.52],[-121.99,47.52],[-121.98,47.52],[-121.97,47.52],[-121.96,47.52],[-121.95,47.52],[-121.95,47.51],[-121.94,47.51],[-121.93,47.5],[-121.92,47.5],[-121.91,47.49],[-121.91,47.48],[-121.91,47.47],[-121.92,47.47],[-121.93,47.47],[-121.94,47.47],[-121.94,47.46],[-121.95,47.46],[-121.96,47.46],[-121.96,47.45],[-121.97,47.45],[-121.97,47.46],[-121.98,47.46],[-121.97,47.47],[-121.98,47.47],[-121.98,47.48],[-121.98,47.49],[-121.99,47.49],[-122.0,47.49],[-122.01,47.49],[-122.01,47.5],[-122.0,47.51]],[[-121.95,47.46],[-121.95,47.47],[-121.96,47.47],[-121.95,47.46]]],[[[-121.94,47.46],[-121.93,47.46],[-121.92,47.46],[-121.91,47.47],[-121.9,47.46],[-121.89,47.46],[-121.88,47.46],[-121.87,47.46],[-121.87,47.45],[-121.86,47.45],[-121.86,47.44],[-121.86,47.43],[-121.85,47.43],[-121.85,47.44],[-121.85,47.45],[-121.86,47.46],[-121.86,47.47],[-121.85,47.47],[-121.85,47.48],[-121.86,47.48],[-121.86,47.49],[-121.86,47.5],[-121.87,47.5],[-121.86,47.51],[-121.85,47.5],[-121.84,47.5],[-121.83,47.5],[-121.83,47.49],[-121.82,47.49],[-121.81,47.48],[-121.81,47.47],[-121.8,47.47],[-121.8,47.46],[-121.79,47.46],[-121.79,47.45],[-121.78,47.45],[-121.78,47.44],[-121.78,47.43],[-121.79,47.43],[-121.8,47.43],[-121.81,47.42],[-121.82,47.42],[-121.83,47.42],[-121.83,47.41],[-121.84,47.41],[-121.85,47.41],[-121.86,47.41],[-121.86,47.42],[-121.87,47.41],[-121.87,47.42],[-121.88,47.42],[-121.89,47.42],[-121.9,47.42],[-121.91,47.42],[-121.92,47.42],[-121.92,47.43],[-121.93,47.43],[-121.93,47.44],[-121.94,47.44],[-121.94,47.45],[-121.94,47.46]]]]}},
{"type":"Feature","properties":{"ugc":"WAZ304","name":"Cascades of Pierce and Lewis Counties","state":"WA","wfo":"SEW"},"geometry":{"type":"MultiPolygon","coordinates":[[[[-122.69,46.69],[-122.7,46.69],[-122.71,46.69],[-122.72,46.7],[-122.71,46.7],[-122.7,46.7],[-122.69,46.7],[-122.7,46.71],[-122.7,46.72],[-122.69,46.72],[-122.69,46.71],[-122.68,46.71],[-122.67,46.71],[-122.66,46.71],[-122.66,46.72],[-122.66,46.73],[-122.66,46.74],[-122.66,46.75],[-122.67,46.75],[-122.68,46.76],[-122.67,46.76],[-122.66,46.76],[-122.66,46.77],[-122.66,46.78],[-122.65,46.78],[-122.64,46.79],[-122.64,46.78],[-122.63,46.78],[-122.63,46.77],[-122.62,46.77],[-122.62,46.78],[-122.61,46.77],[-122.61,46.76],[-122.6,46.76],[-122.59,46.76],[-122.59,46.75],[-122.59,46.74],[-122.58,46.74],[-122.58,46.73],[-122.57,46.73],[-122.57,46.74],[-122.56,46.73],[-122.55,46.73],[-122.55,46.72],[-122.54,46.72],[-122.54,46.73],[-122.53,46.73],[-122.52,46.73],[-122.53,46.74],[-122.54,46.74],[-122.55,46.75],[-122.55,46.74],[-122.56,46.74],[-122.56,46.75],[-122.56,46.76],[-122.56,46.77],[-122.56,46.78],[-122.57,46.78],[-122.57,46.79],[-122.56,46.8],[-122.55,46.8],[-122.55,46.81],[-122.54,46.8],[-122.53,46.8],[-122.53,46.79],[-122.52,46.79],[-122.51,46.79],[-122.5,46.79],[-122.49,46.79],[-122.48,46.78],[-122.48,46.77],[-122.48,46.76],[-122.47,46.76],[-122.47,46.77],[-122.46,46.77],[-122.46,46.76],[-122.45,46.76],[-122.45,46.77],[-122.44,46.77],[-122.43,46.77],[-122.43,46.76],[-122.42,46.76],[-122.41,46.76],[-122.4,46.76],[-122.39,46.76],[-122.38,46.76],[-122.38,46.75],[-122.38,46.74],[-122.38,46.73],[-122.37,46.73],[-122.37,46.74],[-122.37,46.75],[-122.36,46.75],[-122.36,46.76],[-122.37,46.76],[-122.37,46.77],[-122.36,46.77],[-122.35,46.77],[-122.35,46.78],[-122.34,46.78],[-122.34,46.79],[-122.33,46.79],[-122.33,46.78],[-122.33,46.77],[-122.32,46.77],[-122.31,46.77],[-122.31,46.78],[-122.3,46.78],[-122.29,46.77],[-122.28,46.77],[-122.27,46.77],[-122.27,46.76],[-122.26,46.76],[-122.26,46.75],[-122.25,46.75],[-122.25,46.74],[-122.24,46.74],[-122.24,46.73],[-122.24,46.72],[-122.23,46.72],[-122.23,46.73],[-122.22,46.72],[-122.22,46.73],[-122.21,46.73],[-122.2,46.73],[-122.2,46.74],[-122.19,46.74],[-122.18,46.74],[-122.18,46.75],[-122.17,46.75],[-122.16,46.75],[-122.15,46.75],[-122.15,46.74],[-122.16,46.73],[-122.17,46.73],[-122.18,46.73],[-122.18,46.72],[-122.19,46.72],[-122.2,46.72],[-122.2,46.71],[-122.19,46.71],[-122.18,46.71],[-122.17,46.71],[-122.16,46.71],[-122.15,46.71],[-122.15,46.72],[-122.14,46.72],[-122.13,46.73],[-122.14,46.73],[-122.14,46.74],[-122.13,46.74],[-122.13,46.75],[-122.12,46.75],[-122.11,46.75],[-122.1,46.75],[-122.1,46.76],[-122.11,46.76],[-122.12,46.76],[-122.13,46.76],[-122.14,46.76],[-122.14,46.77],[-122.15,46.77],[-122.16,46.77],[-122.17,46.77],[-122.18,46.77],[-122.19,46.77],[-122.2,46.77],[-122.21,46.77],[-122.22,46.78],[-122.23,46.78],[-122.24,46.78],[-122.24,46.79],[-122.25,46.79],[-122.25,46.8],[-122.25,46.81],[-122.25,46.82],[-122.24,46.82],[-122.24,46.81],[-122.23,46.81],[-122.23,46.82],[-122.22,46.82],[-122.22,46.83],[-122.23,46.84],[-122.22,46.84],[-122.21,46.84],[-122.21,46.85],[-122.21,46.86],[-122.2,46.86],[-122.19,46.86],[-122.19,46.85],[-122.18,46.85],[-122.17,46.85],[-122.17,46.86],[-122.18,46.86],[-122.18,46.87],[-122.19,46.87],[-122.19,46.88],[-122.19,46.89],[-122.19,46.9],[-122.2,46.9],[-122.2,46.89],[-122.21,46.89],[-122.22,46.89],[-122.23,46.88],[-122.23,46.89],[-122.24,46.89],[-122.25,46.9],[-122.24,46.9],[-122.24,46.91],[-122.23,46.91],[-122.23,46.92],[-122.22,46.92],[-122.22,46.93],[-122.21,46.93],[-122.21,46.94],[-122.2,46.94],[-122.19,46.94],[-122.18,46.94],[-122.18,46.95],[-122.19,46.95],[-122.2,46.95],[-122.21,46.95],[-122.21,46.96],[-122.2,46.96],[-122.19,46.97],[-122.19,46.98],[-122.18,46.98],[-122.18,46.99],[-122.17,46.99],[-122.17,46.98],[-122.16,46.98],[-122.15,46.98],[-122.15,46.99],[-122.16,46.99],[-122.15,47.0],[-122.14,47.0],[-122.13,47.0],[-122.13,47.01],[-122.13,47.02],[-122.13,47.03],[-122.12,47.03],[-122.11,47.03],[-122.11,47.04],[-122.1,47.04],[-122.09,47.04],[-122.09,47.05],[-122.1,47.05],[-122.1,47.06],[-122.09,47.06],[-122.08,47.06],[-122.07,47.06],[-122.06,47.06],[-122.06,47.07],[-122.05,47.07],[-122.05,47.06],[-122.05,47.05],[-122.04,47.04],[-122.04,47.05],[-122.04,47.06],[-122.04,47.07],[-122.04,47.08],[-122.03,47.08],[-122.03,47.09],[-122.02,47.09],[-122.02,47.08],[-122.01,47.08],[-122.0,47.07],[-122.0,47.08],[-121.99,47.08],[-121.99,47.09],[-122.0,47.09],[-122.01,47.09],[-122.01,47.1],[-122.0,47.1],[-121.99,47.1],[-121.99,47.11],[-121.98,47.11],[-121.97,47.11],[-121.96,47.11],[-121.96,47.12],[-121.96,47.13],[-121.95,47.13],[-121.94,47.13],[-121.93,47.13],[-121.93,47.14],[-121.92,47.14],[-121.92,47.15],[-121.91,47.15],[-121.9,47.15],[-121.89,47.15],[-121.88,47.15],[-121.87,47.15],[-121.87,47.14],[-121.86,47.14],[-121.85,47.14],[-121.84,47.14],[-121.83,47.14],[-121.82,47.14],[-121.81,47.13],[-121.81,47.14],[-121.81,47.15],[-121.81,47.16],[-121.8,47.16],[-121.8,47.17],[-121.79,47.17],[-121.78,47.17],[-121.77,47.17],[-121.76,47.17],[-121.76,47.16],[-121.75,47.16],[-121.74,47.16],[-121.73,47.16],[-121.72,47.15],[-121.71,47.15],[-121.7,47.15],[-121.69,47.15],[-121.68,47.15],[-121.67,47.15],[-121.67,47.16],[-121.66,47.16],[-121.65,47.16],[-121.64,47.16],[-121.64,47.15],[-121.63,47.15],[-121.62,47.15],[-121.62,47.14],[-121.61,47.14],[-121.61,47.13],[-121.6,47.13],[-121.59,47.12],[-121.58,47.12],[-121.57,47.12],[-121.56,47.12],[-121.55,47.12],[-121.54,47.12],[-121.53,47.12],[-121.52,47.12],[-121.51,47.12],[-121.5,47.12],[-121.49,47.12],[-121.49,47.11],[-121.48,47.11],[-121.48,47.1],[-121.47,47.1],[-121.46,47.09],[-121.45,47.09],[-121.44,47.08],[-121.44,47.09],[-121.43,47.09],[-121.42,47.09],[-121.41,47.09],[-121.4,47.09],[-121.39,47.09],[-121.38,47.09],[-121.38,47.08],[-121.38,47.07],[-121.38,47.06],[-121.37,47.06],[-121.38,47.05],[-121.39,47.05],[-121.39,47.04],[-121.4,47.04],[-121.4,47.03],[-121.4,47.02],[-121.4,47.01],[-121.41,47.01],[-121.41,47.0],[-121.42,46.99],[-121.43,46.99],[-121.43,46.98],[-121.44,46.98],[-121.45,46.98],[-121.44,46.97],[-121.45,46.97],[-121.45,46.96],[-121.45,46.95],[-121.45,46.94],[-121.45,46.93],[-121.46,46.93],[-121.46,46.92],[-121.47,46.92],[-121.48,46.91],[-121.49,46.91],[-121.5,46.91],[-121.5,46.9],[-121.51,46.9],[-121.51,46.89],[-121.51,46.88],[-121.52,46.88],[-121.52,46.87],[-121.51,46.87],[-121.51,46.86],[-121.5,46.86],[-121.49,46.85],[-121.49,46.84],[-121.48,46.84],[-121.48,46.83],[-121.47,46.83],[-121.47,46.82],[-121.46,46.81],[-121.45,46.8],[-121.44,46.79],[-121.45,46.79],[-121.46,46.79],[-121.46,46.78],[-121.45,46.78],[-121.45,46.77],[-121.44,46.77],[-121.44,46.76],[-121.43,46.76],[-121.42,46.75],[-121.43,46.75],[-121.43,46.74],[-121.42,46.74],[-121.41,46.74],[-121.41,46.73],[-121.4,46.73],[-121.39,46.73],[-121.38,46.73],[-121.37,46.73],[-121.36,46.72],[-121.35,46.71],[-121.36,46.71],[-121.37,46.71],[-121.38,46.7],[-121.38,46.69],[-121.39,46.69],[-121.4,46.69],[-121.41,46.68],[-121.41,46.67],[-121.41,46.66],[-121.42,46.66],[-121.42,46.65],[-121.41,46.65],[-121.4,46.65],[-121.4,46.64],[-121.39,46.64],[-121.39,46.63],[-121.39,46.62],[-121.4,46.61],[-121.41,46.6],[-121.4,46.6],[-121.4,46.59],[-121.41,46.58],[-121.42,46.58],[-121.42,46.57],[-121.42,46.56],[-121.42,46.55],[-121.42,46.54],[-121.43,46.54],[-121.44,46.54],[-121.45,46.53],[-121.45,46.52],[-121.46,46.52],[-121.45,46.51],[-121.45,46.5],[-121.44,46.5],[-121.43,46.5],[-121.42,46.49],[-121.43,46.49],[-121.43,46.48],[-121.44,46.48],[-121.43,46.47],[-121.42,46.46],[-121.41,46.46],[-121.41,46.45],[-121.41,46.44],[-121.41,46.43],[-121.4,46.43],[-121.4,46.42],[-121.39,46.42],[-121.39,46.41],[-121.39,46.4],[-121.39,46.39],[-121.4,46.39],[-121.45,46.39],[-121.46,46.39],[-121.49,46.39],[-121.5,46.39],[-121.52,46.39],[-121.74,46.39],[-121.76,46.39],[-121.81,46.39],[-121.82,46.39],[-121.86,46.39],[-121.88,46.39],[-121.92,46.39],[-121.99,46.39],[-122.07,46.39],[-122.11,46.39],[-122.12,46.39],[-122.24,46.39],[-122.36,46.39],[-122.38,46.39],[-122.42,46.39],[-122.45,46.39],[-122.47,46.39],[-122.47,46.4],[-122.46,46.4],[-122.45,46.4],[-122.44,46.4],[-122.44,46.41],[-122.45,46.41],[-122.45,46.42],[-122.46,46.42],[-122.47,46.42],[-122.48,46.42],[-122.49,46.42],[-122.5,46.41],[-122.51,46.41],[-122.52,46.41],[-122.52,46.4],[-122.53,46.4],[-122.54,46.4],[-122.54,46.41],[-122.55,46.42],[-122.54,46.43],[-122.54,46.44],[-122.53,46.44],[-122.52,46.44],[-122.51,46.44],[-122.51,46.45],[-122.51,46.46],[-122.5,46.45],[-122.49,46.45],[-122.48,46.45],[-122.47,46.45],[-122.46,46.45],[-122.45,46.45],[-122.45,46.46],[-122.44,46.46],[-122.43,46.46],[-122.42,46.46],[-122.41,46.46],[-122.41,46.47],[-122.42,46.47],[-122.43,46.47],[-122.43,46.48],[-122.42,46.48],[-122.42,46.49],[-122.41,46.49],[-122.4,46.49],[-122.39,46.49],[-122.38,46.48],[-122.38,46.49],[-122.38,46.5],[-122.37,46.5],[-122.36,46.5],[-122.35,46.5],[-122.35,46.49],[-122.34,46.48],[-122.33,46.48],[-122.33,46.47],[-122.32,46.47],[-122.31,46.47],[-122.3,46.46],[-122.29,46.46],[-122.28,46.46],[-122.28,46.45],[-122.27,46.45],[-122.26,46.45],[-122.25,46.45],[-122.25,46.46],[-122.24,46.46],[-122.24,46.45],[-122.23,46.44],[-122.23,46.45],[-122.23,46.46],[-122.22,46.46],[-122.21,46.46],[-122.2,46.46],[-122.2,46.47],[-122.19,46.47],[-122.19,46.46],[-122.18,46.46],[-122.17,46.46],[-122.16,46.46],[-122.16,46.45],[-122.15,46.45],[-122.14,46.45],[-122.13,46.45],[-122.12,46.45],[-122.11,46.45],[-122.1,46.45],[-122.09,46.45],[-122.08,46.45],[-122.07,46.45],[-122.06,46.45],[-122.05,46.45],[-122.05,46.44],[-122.04,46.44],[-122.03,46.45],[-122.03,46.44],[-122.02,46.44],[-122.02,46.45],[-122.01,46.45],[-122.01,46.44],[-122.0,46.44],[-122.0,46.43],[-121.99,46.43],[-121.99,46.42],[-121.98,46.42],[-121.97,46.42],[-121.96,46.42],[-121.96,46.43],[-121.95,46.43],[-121.94,46.43],[-121.93,46.43],[-121.92,46.43],[-121.91,46.43],[-121.9,46.44],[-121.89,46.44],[-121.88,46.44],[-121.87,46.44],[-121.86,46.43],[-121.85,46.43],[-121.84,46.43],[-121.83,46.43],[-121.83,46.44],[-121.82,46.44],[-121.81,46.44],[-121.8,46.44],[-121.79,46.44],[-121.78,46.44],[-121.78,46.45],[-121.79,46.45],[-121.8,46.45],[-121.81,46.45],[-121.82,46.45],[-121.83,46.45],[-121.84,46.45],[-121.85,46.45],[-121.86,46.45],[-121.87,46.45],[-121.88,46.45],[-121.88,46.46],[-121.89,46.46],[-121.89,46.45],[-121.9,46.45],[-121.91,46.45],[-121.92,46.45],[-121.92,46.44],[-121.93,46.44],[-121.94,46.44],[-121.95,46.44],[-121.96,46.44],[-121.96,46.45],[-121.95,46.45],[-121.94,46.46],[-121.93,46.46],[-121.92,46.46],[-121.91,46.47],[-121.9,46.47],[-121.9,46.48],[-121.9,46.49],[-121.9,46.5],[-121.89,46.5],[-121.89,46.51],[-121.88,46.51],[-121.87,46.51],[-121.86,46.51],[-121.85,46.51],[-121.84,46.51],[-121.83,46.51],[-121.82,46.51],[-121.81,46.51],[-121.8,46.51],[-121.79,46.52],[-121.78,46.52],[-121.77,46.52],[-121.77,46.53],[-121.76,46.53],[-121.76,46.54],[-121.75,46.54],[-121.74,46.54],[-121.74,46.55],[-121.73,46.55],[-121.72,46.55],[-121.72,46.56],[-121.71,46.56],[-121.7,46.56],[-121.69,46.56],[-121.7,46.57],[-121.69,46.57],[-121.68,46.57],[-121.68,46.58],[-121.67,46.58],[-121.66,46.59],[-121.66,46.6],[-121.65,46.6],[-121.65,46.61],[-121.65,46.62],[-121.64,46.62],[-121.63,46.63],[-121.63,46.64],[-121.62,46.64],[-121.61,46.64],[-121.61,46.65],[-121.6,46.65],[-121.6,46.66],[-121.59,46.67],[-121.6,46.67],[-121.61,46.67],[-121.62,46.67],[-121.62,46.66],[-121.63,46.66],[-121.64,46.66],[-121.64,46.65],[-121.65,46.65],[-121.66,46.65],[-121.66,46.64],[-121.67,46.64],[-121.68,46.64],[-121.68,46.63],[-121.69,46.63],[-121.7,46.63],[-121.7,46.62],[-121.71,46.62],[-121.71,46.61],[-121.71,46.6],[-121.72,46.6],[-121.72,46.59],[-121.71,46.58],[-121.71,46.57],[-121.72,46.57],[-121.73,46.58],[-121.73,46.57],[-121.74,46.57],[-121.75,46.56],[-121.76,46.56],[-121.77,46.56],[-121.78,46.55],[-121.79,46.54],[-121.8,46.54],[-121.81,46.54],[-121.82,46.54],[-121.83,46.54],[-121.84,46.54],[-121.85,46.54],[-121.86,46.54],[-121.87,46.54],[-121.88,46.54],[-121.88,46.55],[-121.89,46.55],[-121.9,46.55],[-121.91,46.55],[-121.91,46.56],[-121.92,46.56],[-121.92,46.55],[-121.92,46.54],[-121.93,46.54],[-121.94,46.54],[-121.95,46.54],[-121.96,46.54],[-121.96,46.55],[-121.97,46.55],[-121.98,46.55],[-121.99,46.55],[-122.0,46.54],[-122.01,46.54],[-122.02,46.54],[-122.02,46.55],[-122.03,46.55],[-122.04,46.55],[-122.05,46.55],[-122.05,46.56],[-122.06,46.56],[-122.07,46.56],[-122.07,46.55],[-122.08,46.55],[-122.09,46.55],[-122.1,46.55],[-122.11,46.55],[-122.12,46.55],[-122.12,46.54],[-122.13,46.54],[-122.14,46.54],[-122.15,46.54],[-122.16,46.54],[-122.16,46.53],[-122.17,46.53],[-122.17,46.52],[-122.18,46.53],[-122.18,46.52],[-122.19,46.52],[-122.2,46.52],[-122.21,46.52],[-122.21,46.53],[-122.21,46.54],[-122.22,46.54],[-122.23,46.54],[-122.23,46.55],[-122.24,46.55],[-122.24,46.56],[-122.25,46.56],[-122.25,46.57],[-122.24,46.57],[-122.24,46.58],[-122.23,46.58],[-122.22,46.58],[-122.21,46.57],[-122.2,46.57],[-122.19,46.57],[-122.19,46.58],[-122.2,46.58],[-122.21,46.58],[-122.21,46.59],[-122.22,46.59],[-122.22,46.6],[-122.22,46.61],[-122.21,46.62],[-122.21,46.63],[-122.22,46.63],[-122.22,46.62],[-122.23,46.62],[-122.24,46.62],[-122.25,46.62],[-122.25,46.63],[-122.26,46.63],[-122.26,46.62],[-122.25,46.61],[-122.24,46.6],[-122.25,46.6],[-122.25,46.59],[-122.26,46.59],[-122.27,46.59],[-122.28,46.59],[-122.28,46.58],[-122.28,46.57],[-122.29,46.57],[-122.3,46.57],[-122.31,46.57],[-122.31,46.58],[-122.32,46.58],[-122.32,46.59],[-122.33,46.59],[-122.34,46.59],[-122.34,46.6],[-122.35,46.6],[-122.36,46.6],[-122.36,46.61],[-122.37,46.61],[-122.37,46.62],[-122.38,46.62],[-122.39,46.62],[-122.39,46.61],[-122.38,46.61],[-122.37,46.6],[-122.37,46.59],[-122.38,46.59],[-122.39,46.59],[-122.39,46.58],[-122.4,46.58],[-122.41,46.59],[-122.41,46.6],[-122.42,46.6],[-122.43,46.6],[-122.44,46.61],[-122.45,46.61],[-122.46,46.61],[-122.46,46.62],[-122.47,46.62],[-122.47,46.61],[-122.48,46.61],[-122.49,46.61],[-122.49,46.62],[-122.5,46.62],[-122.51,46.62],[-122.52,46.62],[-122.52,46.63],[-122.53,46.62],[-122.54,46.62],[-122.54,46.63],[-122.55,46.63],[-122.55,46.64],[-122.56,46.63],[-122.56,46.64],[-122.57,46.65],[-122.57,46.66],[-122.58,46.66],[-122.58,46.67],[-122.59,46.67],[-122.6,46.67],[-122.61,46.67],[-122.61,46.68],[-122.62,46.68],[-122.63,46.68],[-122.63,46.67],[-122.64,46.67],[-122.64,46.68],[-122.65,46.68],[-122.65,46.69],[-122.66,46.69],[-122.67,46.69],[-122.68,46.69],[-122.68,46.68],[-122.69,46.68],[-122.69,46.69]],[[-122.54,46.72],[-122.54,46.71],[-122.53,46.71],[-122.53,46.72],[-122.54,46.72]],[[-122.52,46.79],[-122.53,46.78],[-122.52,46.78],[-122.52,46.79]],[[-122.32,46.77],[-122.32,46.76],[-122.31,46.76],[-122.32,46.77]],[[-122.15,46.98],[-122.15,46.97],[-122.14,46.97],[-122.13,46.97],[-122.13,46.98],[-122.14,46.98],[-122.15,46.98]],[[-122.04,47.04],[-122.04,47.03],[-122.04,47.02],[-122.03,47.02],[-122.03,47.03],[-122.03,47.04],[-122.04,47.04]],[[-122.03,47.02],[-122.03,47.01],[-122.02,47.01],[-122.01,47.01],[-122.02,47.02],[-122.03,47.02]],[[-121.96,47.11],[-121.96,47.1],[-121.95,47.1],[-121.95,47.11],[-121.96,47.11]],[[-122.45,46.45],[-122.45,46.44],[-122.44,46.44],[-122.44,46.45],[-122.45,46.45]],[[-122.38,46.49],[-122.37,46.48],[-122.37,46.49],[-122.38,46.49]],[[-121.78,46.44],[-121.78,46.43],[-121.77,46.43],[-121.77,46.44],[-121.78,46.44]],[[-121.59,46.67],[-121.58,46.67],[-121.58,46.68],[-121.59,46.68],[-121.59,46.67]],[[-121.73,46.58],[-121.73,46.59],[-121.74,46.58],[-121.73,46.58]],[[-122.57,46.66],[-122.56,46.66],[-122.55,46.66],[-122.55,46.67],[-122.56,46.67],[-122.57,46.66]],[[-122.65,46.69],[-122.64,46.69],[-122.63,46.69],[-122.62,46.69],[-122.62,46.7],[-122.63,46.7],[-122.63,46.71],[-122.64,46.72],[-122.64,46.71],[-122.64,46.7],[-122.65,46.7],[-122.65,46.69]],[[-122.11,46.97],[-122.11,46.96],[-122.1,46.96],[-122.09,46.96],[-122.09,46.97],[-122.1,46.97],[-122.11,46.97]],[[-122.09,46.96],[-122.09,46.95],[-122.08,46.95],[-122.07,46.95],[-122.07,46.96],[-122.08,46.96],[-122.09,46.96]],[[-122.07,46.95],[-122.07,46.94],[-122.06,46.94],[-122.06,46.95],[-122.07,46.95]],[[-122.39,46.63],[-122.4,46.64],[-122.4,46.63],[-122.39,46.63]],[[-122.29,46.59],[-122.29,46.6],[-122.3,46.6],[-122.29,46.59]],[[-122.0,47.01],[-122.0,47.0],[-121.99,47.0],[-122.0,47.01]],[[-122.06,46.93],[-122.06,46.92],[-122.05,46.93],[-122.06,46.93]],[[-122.51,46.73],[-122.51,46.72],[-122.5,46.72],[-122.5,46.73],[-122.51,46.73]],[[-122.08,47.04],[-122.08,47.03],[-122.07,47.03],[-122.07,47.04],[-122.08,47.04]]],[[[-122.59,46.67],[-122.58,46.66],[-122.59,46.65],[-122.59,46.66],[-122.6,46.66],[-122.59,46.67]]],[[[-122.57,46.65],[-122.57,46.64],[-122.58,46.64],[-122.58,46.65],[-122.57,46.65]]],[[[-121.96,46.44],[-121.96,46.43],[-121.97,46.43],[-121.98,46.43],[-121.98,46.44],[-121.97,46.44],[-121.96,46.44]]],[[[-122.23,46.84],[-122.23,46.83],[-122.24,46.83],[-122.24,46.84],[-122.23,46.84]]],[[[-122.56,46.8],[-122.57,46.8],[-122.58,46.8],[-122.58,46.81],[-122.57,46.81],[-122.56,46.81],[-122.56,46.8]]],[[[-121.94,46.49],[-121.93,46.49],[-121.92,46.49],[-121.92,46.48],[-121.93,46.48],[-121.93,46.47],[-121.94,46.47],[-121.94,46.48],[-121.94,46.49]]],[[[-121.93,46.49],[-121.93,46.5],[-121.92,46.5],[-121.93,46.49]]],[[[-121.96,46.49],[-121.96,46.48],[-121.96,46.47],[-121.97,46.47],[-121.97,46.46],[-121.98,46.46],[-121.99,46.46],[-122.0,46.46],[-122.01,46.46],[-122.02,46.46],[-122.03,46.46],[-122.03,46.47],[-122.04,46.47],[-122.05,46.47],[-122.06,46.48],[-122.05,46.48],[-122.05,46.49],[-122.04,46.49],[-122.03,46.49],[-122.03,46.48],[-122.02,46.48],[-122.01,46.48],[-122.01,46.49],[-122.0,46.49],[-121.99,46.49],[-121.98,46.49],[-121.97,46.49],[-121.96,46.49]]],[[[-122.08,46.53],[-122.08,46.54],[-122.07,46.54],[-122.06,46.54],[-122.05,46.54],[-122.04,46.54],[-122.04,46.53],[-122.04,46.52],[-122.05,46.52],[-122.06,46.52],[-122.06,46.53],[-122.07,46.53],[-122.08,46.53]]],[[[-122.17,46.49],[-122.16,46.49],[-122.16,46.5],[-122.15,46.5],[-122.14,46.5],[-122.14,46.51],[-122.13,46.51],[-122.12,46.51],[-122.11,46.51],[-122.11,46.52],[-122.1,46.52],[-122.1,46.51],[-122.09,46.51],[-122.08,46.51],[-122.09,46.5],[-122.1,46.49],[-122.11,46.49],[-122.12,46.49],[-122.12,46.5],[-122.13,46.5],[-122.13,46.49],[-122.13,46.48],[-122.14,46.48],[-122.15,46.48],[-122.16,46.48],[-122.17,46.48],[-122.17,46.49]]],[[[-122.35,46.53],[-122.35,46.54],[-122.34,46.54],[-122.33,46.54],[-122.32,46.54],[-122.31,46.54],[-122.31,46.55],[-122.3,46.55],[-122.29,46.55],[-122.28,46.55],[-122.27,46.55],[-122.27,46.54],[-122.26,46.54],[-122.26,46.53],[-122.25,46.53],[-122.24,46.53],[-122.24,46.52],[-122.23,46.52],[-122.23,46.51],[-122.22,46.51],[-122.22,46.5],[-122.23,46.5],[-122.24,46.5],[-122.24,46.49],[-122.25,46.49],[-122.26,46.49],[-122.27,46.49],[-122.28,46.49],[-122.28,46.5],[-122.28,46.51],[-122.29,46.51],[-122.29,46.5],[-122.3,46.5],[-122.31,46.5],[-122.31,46.51],[-122.32,46.51],[-122.33,46.52],[-122.34,46.52],[-122.35,46.53]]],[[[-122.46,46.56],[-122.46,46.57],[-122.47,46.57],[-122.47,46.58],[-122.46,46.58],[-122.45,46.58],[-122.44,46.58],[-122.43,46.57],[-122.42,46.57],[-122.41,46.57],[-122.4,46.57],[-122.4,46.56],[-122.39,46.56],[-122.39,46.57],[-122.38,46.57],[-122.37,46.57],[-122.37,46.58],[-122.36,46.58],[-122.35,46.58],[-122.34,46.58],[-122.34,46.57],[-122.33,46.57],[-122.32,46.56],[-122.32,46.55],[-122.33,46.55],[-122.34,46.55],[-122.35,46.55],[-122.36,46.54],[-122.36,46.55],[-122.37,46.55],[-122.37,46.54],[-122.38,46.54],[-122.39,46.54],[-122.4,46.54],[-122.41,46.54],[-122.41,46.55],[-122.42,46.55],[-122.43,46.55],[-122.44,46.55],[-122.45,46.55],[-122.46,46.56]]]]}},
{"type":"Feature","properties":{"ugc":"WAZ305","name":"Foothills and Valleys of the North Cascades","state":"WA","wfo":"SEW"},"geometry":{"type":"MultiPolygon","coordinates":[[[[-122.47,48.7],[-122.47,48.71],[-122.47,48.72],[-122.47,48.73],[-122.46,48.73],[-122.46,48.74],[-122.45,48.74],[-122.44,48.74],[-122.43,48.74],[-122.43,48.75],[-122.42,48.75],[-122.41,48.75],[-122.4,48.75],[-122.4,48.74],[-122.39,48.74],[-122.38,48.74],[-122.37,48.74],[-122.36,48.74],[-122.35,48.73],[-122.34,48.73],[-122.33,48.73],[-122.33,48.72],[-122.33,48.71],[-122.32,48.71],[-122.32,48.7],[-122.31,48.7],[-122.31,48.69],[-122.31,48.68],[-122.3,48.68],[-122.29,48.68],[-122.29,48.67],[-122.28,48.67],[-122.27,48.67],[-122.26,48.67],[-122.27,48.68],[-122.28,48.68],[-122.28,48.69],[-122.29,48.69],[-122.3,48.7],[-122.3,48.71],[-122.3,48.72],[-122.3,48.73],[-122.31,48.73],[-122.32,48.74],[-122.33,48.74],[-122.33,48.75],[-122.34,48.75],[-122.35,48.75],[-122.35,48.76],[-122.36,48.76],[-122.37,48.76],[-122.37,48.75],[-122.38,48.75],[-122.39,48.75],[-122.39,48.76],[-122.4,48.76],[-122.4,48.77],[-122.41,48.77],[-122.42,48.77],[-122.43,48.76],[-122.43,48.77],[-122.43,48.78],[-122.42,48.78],[-122.41,48.78],[-122.41,48.79],[-122.41,48.8],[-122.4,48.8],[-122.39,48.8],[-122.38,48.8],[-122.38,48.81],[-122.37,48.81],[-122.36,48.81],[-122.35,48.81],[-122.34,48.81],[-122.33,48.81],[-122.33,48.82],[-122.32,48.82],[-122.31,48.83],[-122.3,48.83],[-122.29,48.83],[-122.28,48.83],[-122.27,48.83],[-122.27,48.82],[-122.26,48.82],[-122.26,48.85],[-122.27,48.85],[-122.27,48.86],[-122.28,48.86],[-122.28,48.87],[-122.28,48.88],[-122.28,48.89],[-122.27,48.9],[-122.27,48.91],[-122.26,48.92],[-122.26,48.93],[-122.26,48.94],[-122.26,48.95],[-122.26,48.96],[-122.25,48.96],[-122.24,48.96],[-122.23,48.96],[-122.22,48.96],[-122.23,48.97],[-122.22,48.97],[-122.22,48.98],[-122.21,48.98],[-122.2,48.98],[-122.19,48.98],[-122.19,48.99],[-122.18,48.99],[-122.17,48.99],[-122.16,49.0],[-122.15,49.0],[-122.14,49.0],[-122.1,49.0],[-122.06,49.0],[-122.06,48.99],[-122.06,48.98],[-122.06,48.97],[-122.06,48.96],[-122.06,48.95],[-122.05,48.94],[-122.04,48.94],[-122.03,48.94],[-122.02,48.94],[-122.01,48.93],[-122.0,48.93],[-122.0,48.92],[-121.99,48.92],[-121.98,48.92],[-121.98,48.91],[-121.97,48.91],[-121.97,48.9],[-121.96,48.9],[-121.95,48.9],[-121.94,48.9],[-121.93,48.9],[-121.92,48.9],[-121.92,48.91],[-121.91,48.91],[-121.9,48.91],[-121.89,48.91],[-121.88,48.91],[-121.87,48.91],[-121.87,48.9],[-121.88,48.9],[-121.89,48.9],[-121.9,48.9],[-121.9,48.89],[-121.89,48.89],[-121.9,48.88],[-121.91,48.88],[-121.91,48.87],[-121.92,48.87],[-121.92,48.88],[-121.93,48.88],[-121.94,48.88],[-121.95,48.88],[-121.96,48.88],[-121.97,48.88],[-121.97,48.89],[-121.98,48.89],[-121.99,48.89],[-121.99,48.9],[-122.0,48.9],[-122.01,48.9],[-122.01,48.91],[-122.02,48.91],[-122.03,48.91],[-122.04,48.91],[-122.05,48.91],[-122.06,48.91],[-122.06,48.9],[-122.07,48.9],[-122.08,48.9],[-122.08,48.89],[-122.09,48.89],[-122.1,48.89],[-122.11,48.88],[-122.11,48.87],[-122.12,48.87],[-122.13,48.87],[-122.13,48.86],[-122.12,48.86],[-122.11,48.86],[-122.11,48.85],[-122.11,48.84],[-122.1,48.84],[-122.1,48.83],[-122.11,48.83],[-122.11,48.82],[-122.11,48.81],[-122.11,48.8],[-122.1,48.8],[-122.1,48.79],[-122.09,48.79],[-122.09,48.78],[-122.08,48.78],[-122.07,48.78],[-122.07,48.77],[-122.08,48.77],[-122.09,48.77],[-122.1,48.76],[-122.09,48.75],[-122.09,48.74],[-122.08,48.74],[-122.08,48.73],[-122.09,48.72],[-122.1,48.72],[-122.1,48.71],[-122.11,48.71],[-122.1,48.7],[-122.1,48.69],[-122.1,48.68],[-122.1,48.67],[-122.1,48.66],[-122.09,48.66],[-122.09,48.65],[-122.09,48.64],[-122.09,48.63],[-122.09,48.62],[-122.08,48.62],[-122.07,48.62],[-122.07,48.61],[-122.06,48.61],[-122.05,48.61],[-122.04,48.61],[-122.03,48.61],[-122.02,48.61],[-122.01,48.61],[-122.0,48.61],[-121.99,48.61],[-121.98,48.61],[-121.97,48.61],[-121.97,48.62],[-121.96,48.61],[-121.96,48.6],[-121.97,48.6],[-121.98,48.6],[-121.99,48.6],[-122.0,48.6],[-122.01,48.6],[-122.01,48.59],[-122.02,48.59],[-122.03,48.59],[-122.04,48.59],[-122.05,48.59],[-122.05,48.58],[-122.04,48.58],[-122.03,48.57],[-122.02,48.57],[-122.01,48.57],[-122.0,48.57],[-121.99,48.57],[-121.99,48.58],[-121.98,48.58],[-121.98,48.57],[-121.97,48.57],[-121.96,48.57],[-121.95,48.57],[-121.94,48.57],[-121.94,48.58],[-121.93,48.58],[-121.92,48.57],[-121.92,48.58],[-121.91,48.57],[-121.9,48.57],[-121.89,48.57],[-121.88,48.57],[-121.87,48.57],[-121.86,48.57],[-121.86,48.56],[-121.85,48.56],[-121.84,48.56],[-121.84,48.57],[-121.83,48.57],[-121.82,48.57],[-121.81,48.57],[-121.8,48.57],[-121.79,48.57],[-121.79,48.58],[-121.78,48.58],[-121.78,48.59],[-121.79,48.59],[-121.79,48.6],[-121.79,48.61],[-121.78,48.61],[-121.78,48.62],[-121.77,48.63],[-121.76,48.63],[-121.76,48.64],[-121.75,48.64],[-121.75,48.65],[-121.74,48.65],[-121.74,48.66],[-121.74,48.67],[-121.73,48.67],[-121.73,48.68],[-121.72,48.69],[-121.71,48.69],[-121.71,48.7],[-121.71,48.71],[-121.7,48.71],[-121.7,48.72],[-121.69,48.73],[-121.69,48.74],[-121.7,48.74],[-121.7,48.75],[-121.69,48.75],[-121.68,48.75],[-121.68,48.76],[-121.67,48.76],[-121.67,48.77],[-121.67,48.78],[-121.66,48.78],[-121.66,48.77],[-121.66,48.76],[-121.65,48.76],[-121.65,48.75],[-121.65,48.74],[-121.64,48.74],[-121.63,48.74],[-121.62,48.74],[-121.61,48.75],[-121.6,48.75],[-121.6,48.76],[-121.59,48.75],[-121.58,48.75],[-121.57,48.75],[-121.56,48.75],[-121.55,48.76],[-121.55,48.77],[-121.54,48.78],[-121.53,48.78],[-121.53,48.77],[-121.54,48.77],[-121.54,48.76],[-121.54,48.75],[-121.55,48.75],[-121.55,48.74],[-121.56,48.74],[-121.56,48.73],[-121.57,48.73],[-121.58,48.73],[-121.58,48.72],[-121.59,48.72],[-121.6,48.72],[-121.61,48.72],[-121.61,48.71],[-121.62,48.71],[-121.62,48.72],[-121.63,48.72],[-121.64,48.71],[-121.64,48.72],[-121.65,48.72],[-121.65,48.71],[-121.65,48.7],[-121.65,48.69],[-121.65,48.68],[-121.66,48.68],[-121.66,48.67],[-121.66,48.66],[-121.67,48.65],[-121.67,48.64],[-121.67,48.63],[-121.68,48.63],[-121.68,48.62],[-121.68,48.61],[-121.67,48.61],[-121.67,48.6],[-121.68,48.6],[-121.69,48.6],[-121.69,48.59],[-121.7,48.59],[-121.7,48.58],[-121.7,48.57],[-121.7,48.56],[-121.71,48.56],[-121.72,48.55],[-121.71,48.55],[-121.71,48.54],[-121.7,48.54],[-121.69,48.54],[-121.69,48.53],[-121.68,48.54],[-121.67,48.54],[-121.66,48.54],[-121.67,48.53],[-121.67,48.52],[-121.66,48.52],[-121.65,48.52],[-121.64,48.52],[-121.64,48.51],[-121.63,48.51],[-121.62,48.5],[-121.61,48.5],[-121.6,48.5],[-121.59,48.5],[-121.59,48.49],[-121.58,48.5],[-121.57,48.5],[-121.56,48.5],[-121.55,48.5],[-121.54,48.51],[-121.53,48.51],[-121.52,48.51],[-121.51,48.51],[-121.51,48.52],[-121.5,48.52],[-121.49,48.53],[-121.49,48.54],[-121.48,48.54],[-121.47,48.54],[-121.46,48.54],[-121.46,48.55],[-121.45,48.55],[-121.45,48.56],[-121.44,48.56],[-121.44,48.57],[-121.44,48.58],[-121.43,48.58],[-121.43,48.59],[-121.42,48.59],[-121.41,48.59],[-121.4,48.59],[-121.4,48.6],[-121.41,48.6],[-121.41,48.61],[-121.42,48.62],[-121.43,48.62],[-121.43,48.63],[-121.44,48.63],[-121.44,48.64],[-121.43,48.64],[-121.43,48.65],[-121.43,48.66],[-121.44,48.66],[-121.45,48.67],[-121.46,48.67],[-121.46,48.68],[-121.45,48.68],[-121.44,48.68],[-121.44,48.67],[-121.43,48.67],[-121.42,48.66],[-121.42,48.65],[-121.42,48.64],[-121.41,48.63],[-121.4,48.62],[-121.39,48.61],[-121.38,48.61],[-121.37,48.61],[-121.36,48.62],[-121.35,48.63],[-121.34,48.63],[-121.33,48.63],[-121.33,48.64],[-121.32,48.64],[-121.32,48.65],[-121.31,48.65],[-121.31,48.66],[-121.3,48.66],[-121.29,48.66],[-121.29,48.67],[-121.29,48.68],[-121.28,48.68],[-121.28,48.69],[-121.28,48.7],[-121.29,48.7],[-121.29,48.71],[-121.3,48.71],[-121.3,48.72],[-121.29,48.72],[-121.28,48.71],[-121.27,48.7],[-121.27,48.69],[-121.26,48.68],[-121.25,48.68],[-121.24,48.69],[-121.23,48.69],[-121.23,48.68],[-121.24,48.67],[-121.25,48.67],[-121.25,48.66],[-121.26,48.66],[-121.27,48.66],[-121.27,48.65],[-121.28,48.65],[-121.29,48.65],[-121.29,48.64],[-121.3,48.64],[-121.3,48.63],[-121.31,48.63],[-121.32,48.63],[-121.32,48.62],[-121.33,48.62],[-121.34,48.62],[-121.34,48.61],[-121.35,48.61],[-121.35,48.6],[-121.35,48.59],[-121.36,48.59],[-121.37,48.59],[-121.37,48.58],[-121.38,48.58],[-121.39,48.58],[-121.39,48.57],[-121.4,48.57],[-121.4,48.56],[-121.4,48.55],[-121.4,48.54],[-121.39,48.54],[-121.39,48.53],[-121.38,48.53],[-121.37,48.53],[-121.36,48.52],[-121.36,48.53],[-121.35,48.53],[-121.34,48.53],[-121.33,48.53],[-121.33,48.52],[-121.34,48.52],[-121.34,48.51],[-121.35,48.51],[-121.36,48.51],[-121.37,48.51],[-121.38,48.51],[-121.39,48.51],[-121.4,48.51],[-121.41,48.51],[-121.41,48.5],[-121.41,48.49],[-121.42,48.5],[-121.43,48.5],[-121.43,48.51],[-121.44,48.51],[-121.45,48.51],[-121.45,48.5],[-121.45,48.49],[-121.46,48.49],[-121.46,48.48],[-121.47,48.48],[-121.47,48.47],[-121.47,48.46],[-121.48,48.46],[-121.49,48.46],[-121.5,48.46],[-121.51,48.46],[-121.52,48.46],[-121.53,48.46],[-121.53,48.45],[-121.54,48.44],[-121.54,48.43],[-121.54,48.42],[-121.53,48.42],[-121.53,48.41],[-121.53,48.4],[-121.54,48.4],[-121.54,48.39],[-121.53,48.39],[-121.53,48.38],[-121.52,48.37],[-121.51,48.37],[-121.5,48.37],[-121.49,48.37],[-121.48,48.37],[-121.47,48.37],[-121.46,48.37],[-121.46,48.36],[-121.45,48.36],[-121.44,48.35],[-121.43,48.35],[-121.42,48.35],[-121.42,48.34],[-121.42,48.33],[-121.42,48.32],[-121.41,48.31],[-121.41,48.3],[-121.4,48.3],[-121.4,48.29],[-121.4,48.28],[-121.39,48.28],[-121.38,48.28],[-121.37,48.28],[-121.36,48.28],[-121.35,48.27],[-121.34,48.27],[-121.33,48.27],[-121.32,48.27],[-121.32,48.26],[-121.31,48.26],[-121.3,48.26],[-121.29,48.26],[-121.28,48.26],[-121.27,48.26],[-121.26,48.26],[-121.26,48.25],[-121.27,48.25],[-121.28,48.25],[-121.29,48.25],[-121.3,48.25],[-121.31,48.25],[-121.32,48.25],[-121.33,48.25],[-121.34,48.25],[-121.34,48.26],[-121.35,48.25],[-121.35,48.26],[-121.36,48.26],[-121.37,48.26],[-121.38,48.26],[-121.39,48.26],[-121.4,48.26],[-121.41,48.26],[-121.41,48.27],[-121.42,48.27],[-121.43,48.27],[-121.43,48.28],[-121.44,48.28],[-121.44,48.29],[-121.44,48.3],[-121.45,48.3],[-121.45,48.31],[-121.45,48.32],[-121.45,48.33],[-121.46,48.33],[-121.47,48.33],[-121.47,48.34],[-121.48,48.35],[-121.48,48.34],[-121.48,48.33],[-121.48,48.32],[-121.49,48.32],[-121.49,48.31],[-121.5,48.3],[-121.5,48.29],[-121.51,48.29],[-121.51,48.28],[-121.52,48.28],[-121.52,48.27],[-121.53,48.27],[-121.53,48.26],[-121.54,48.26],[-121.55,48.26],[-121.56,48.26],[-121.57,48.26],[-121.58,48.26],[-121.58,48.25],[-121.58,48.24],[-121.57,48.24],[-121.57,48.23],[-121.56,48.23],[-121.55,48.22],[-121.54,48.22],[-121.54,48.21],[-121.53,48.21],[-121.52,48.21],[-121.52,48.2],[-121.51,48.2],[-121.5,48.2],[-121.49,48.2],[-121.49,48.19],[-121.48,48.19],[-121.47,48.19],[-121.46,48.18],[-121.45,48.19],[-121.45,48.18],[-121.44,48.18],[-121.44,48.17],[-121.43,48.17],[-121.43,48.16],[-121.42,48.15],[-121.42,48.14],[-121.41,48.13],[-121.41,48.12],[-121.4,48.12],[-121.39,48.11],[-121.38,48.1],[-121.39,48.09],[-121.39,48.08],[-121.4,48.07],[-121.4,48.08],[-121.4,48.09],[-121.4,48.1],[-121.41,48.11],[-121.42,48.11],[-121.42,48.12],[-121.43,48.13],[-121.44,48.13],[-121.44,48.14],[-121.44,48.15],[-121.45,48.15],[-121.45,48.16],[-121.46,48.16],[-121.47,48.16],[-121.47,48.17],[-121.48,48.17],[-121.49,48.17],[-121.49,48.18],[-121.5,48.18],[-121.51,48.18],[-121.52,48.19],[-121.53,48.19],[-121.54,48.19],[-121.54,48.2],[-121.55,48.2],[-121.56,48.2],[-121.57,48.2],[-121.57,48.19],[-121.57,48.18],[-121.58,48.18],[-121.58,48.19],[-121.58,48.2],[-121.58,48.21],[-121.59,48.22],[-121.6,48.23],[-121.61,48.23],[-121.62,48.23],[-121.63,48.23],[-121.62,48.22],[-121.62,48.21],[-121.63,48.21],[-121.63,48.22],[-121.64,48.23],[-121.65,48.23],[-121.66,48.23],[-121.67,48.23],[-121.67,48.24],[-121.68,48.24],[-121.69,48.24],[-121.7,48.24],[-121.7,48.25],[-121.71,48.24],[-121.71,48.25],[-121.72,48.25],[-121.72,48.26],[-121.73,48.26],[-121.74,48.26],[-121.75,48.26],[-121.76,48.26],[-121.77,48.26],[-121.77,48.25],[-121.78,48.25],[-121.79,48.25],[-121.8,48.25],[-121.81,48.25],[-121.82,48.25],[-121.82,48.24],[-121.83,48.24],[-121.84,48.24],[-121.85,48.24],[-121.86,48.24],[-121.87,48.24],[-121.87,48.25],[-121.88,48.25],[-121.89,48.25],[-121.9,48.25],[-121.91,48.25],[-121.92,48.25],[-121.93,48.24],[-121.93,48.23],[-121.93,48.22],[-121.92,48.22],[-121.92,48.21],[-121.91,48.21],[-121.91,48.2],[-121.92,48.2],[-121.93,48.2],[-121.94,48.2],[-121.94,48.19],[-121.94,48.18],[-121.94,48.17],[-121.93,48.17],[-121.93,48.16],[-121.92,48.16],[-121.92,48.15],[-121.91,48.15],[-121.9,48.14],[-121.89,48.14],[-121.88,48.14],[-121.87,48.13],[-121.87,48.14],[-121.86,48.14],[-121.85,48.14],[-121.85,48.13],[-121.84,48.13],[-121.83,48.13],[-121.83,48.12],[-121.82,48.12],[-121.81,48.12],[-121.8,48.12],[-121.8,48.11],[-121.79,48.11],[-121.78,48.11],[-121.77,48.11],[-121.76,48.11],[-121.76,48.1],[-121.75,48.1],[-121.74,48.1],[-121.73,48.09],[-121.73,48.08],[-121.72,48.08],[-121.71,48.08],[-121.7,48.08],[-121.69,48.08],[-121.68,48.08],[-121.67,48.08],[-121.67,48.07],[-121.67,48.06],[-121.67,48.05],[-121.68,48.04],[-121.68,48.05],[-121.68,48.06],[-121.69,48.06],[-121.69,48.07],[-121.7,48.07],[-121.71,48.07],[-121.72,48.07],[-121.73,48.07],[-121.74,48.07],[-121.75,48.07],[-121.75,48.08],[-121.76,48.08],[-121.77,48.08],[-121.78,48.08],[-121.79,48.09],[-121.8,48.09],[-121.81,48.09],[-121.82,48.09],[-121.83,48.09],[-121.84,48.09],[-121.85,48.08],[-121.85,48.07],[-121.97,48.07],[-121.98,48.07],[-121.98,48.08],[-121.99,48.08],[-122.0,48.08],[-122.09,48.08],[-122.1,48.08],[-122.11,48.08],[-122.11,48.09],[-122.11,48.1],[-122.11,48.11],[-122.12,48.11],[-122.12,48.12],[-122.12,48.13],[-122.12,48.14],[-122.12,48.15],[-122.11,48.15],[-122.11,48.16],[-122.11,48.17],[-122.1,48.17],[-122.1,48.18],[-122.1,48.19],[-122.1,48.21],[-122.1,48.22],[-122.11,48.23],[-122.12,48.24],[-122.15,48.25],[-122.16,48.25],[-122.16,48.26],[-122.16,48.27],[-122.17,48.27],[-122.17,48.28],[-122.18,48.28],[-122.19,48.29],[-122.2,48.29],[-122.2,48.3],[-122.21,48.31],[-122.22,48.31],[-122.22,48.32],[-122.22,48.33],[-122.21,48.33],[-122.21,48.34],[-122.2,48.34],[-122.19,48.34],[-122.19,48.35],[-122.19,48.36],[-122.18,48.37],[-122.18,48.38],[-122.19,48.39],[-122.19,48.4],[-122.19,48.41],[-122.19,48.42],[-122.2,48.42],[-122.2,48.43],[-122.2,48.44],[-122.2,48.45],[-122.21,48.45],[-122.21,48.46],[-122.2,48.46],[-122.2,48.47],[-122.21,48.47],[-122.22,48.47],[-122.23,48.47],[-122.24,48.48],[-122.23,48.48],[-122.22,48.48],[-122.22,48.49],[-122.21,48.49],[-122.2,48.49],[-122.2,48.48],[-122.19,48.48],[-122.18,48.48],[-122.17,48.48],[-122.16,48.48],[-122.15,48.48],[-122.14,48.48],[-122.13,48.49],[-122.13,48.52],[-122.14,48.54],[-122.15,48.54],[-122.16,48.54],[-122.17,48.54],[-122.18,48.54],[-122.18,48.55],[-122.19,48.55],[-122.2,48.56],[-122.21,48.56],[-122.21,48.57],[-122.22,48.57],[-122.22,48.58],[-122.22,48.59],[-122.24,48.6],[-122.24,48.59],[-122.25,48.59],[-122.26,48.59],[-122.27,48.59],[-122.28,48.59],[-122.29,48.59],[-122.29,48.6],[-122.3,48.6],[-122.31,48.6],[-122.31,48.61],[-122.32,48.61],[-122.32,48.62],[-122.32,48.63],[-122.33,48.63],[-122.33,48.62],[-122.34,48.62],[-122.34,48.63],[-122.35,48.63],[-122.35,48.64],[-122.36,48.64],[-122.36,48.65],[-122.37,48.66],[-122.37,48.67],[-122.38,48.67],[-122.39,48.67],[-122.39,48.68],[-122.4,48.68],[-122.4,48.67],[-122.4,48.66],[-122.39,48.66],[-122.38,48.65],[-122.38,48.64],[-122.37,48.64],[-122.37,48.63],[-122.36,48.63],[-122.36,48.62],[-122.35,48.62],[-122.35,48.61],[-122.35,48.6],[-122.36,48.6],[-122.37,48.6],[-122.37,48.59],[-122.38,48.59],[-122.39,48.59],[-122.4,48.59],[-122.4,48.6],[-122.41,48.6],[-122.42,48.6],[-122.43,48.6],[-122.43,48.61],[-122.44,48.62],[-122.45,48.62],[-122.45,48.63],[-122.46,48.63],[-122.47,48.63],[-122.47,48.64],[-122.48,48.64],[-122.48,48.65],[-122.49,48.65],[-122.49,48.66],[-122.48,48.66],[-122.48,48.67],[-122.49,48.68],[-122.49,48.69],[-122.49,48.7],[-122.48,48.7],[-122.47,48.7]],[[-122.31,48.68],[-122.32,48.68],[-122.32,48.67],[-122.31,48.67],[-122.31,48.68]],[[-122.28,48.69],[-122.27,48.69],[-122.26,48.69],[-122.26,48.68],[-122.25,48.68],[-122.24,48.68],[-122.23,48.68],[-122.23,48.67],[-122.22,48.68],[-122.22,48.69],[-122.22,48.7],[-122.22,48.71],[-122.23,48.71],[-122.23,48.72],[-122.23,48.73],[-122.24,48.73],[-122.24,48.74],[-122.24,48.75],[-122.23,48.75],[-122.23,48.76],[-122.23,48.77],[-122.24,48.77],[-122.23,48.78],[-122.24,48.78],[-122.25,48.78],[-122.24,48.79],[-122.24,48.8],[-122.25,48.8],[-122.24,48.81],[-122.25,48.81],[-122.26,48.81],[-122.27,48.81],[-122.28,48.81],[-122.29,48.81],[-122.29,48.8],[-122.3,48.8],[-122.31,48.8],[-122.31,48.79],[-122.3,48.78],[-122.31,48.78],[-122.32,48.77],[-122.31,48.77],[-122.31,48.76],[-122.32,48.76],[-122.32,48.75],[-122.31,48.75],[-122.3,48.75],[-122.3,48.74],[-122.29,48.74],[-122.28,48.74],[-122.27,48.74],[-122.28,48.73],[-122.29,48.73],[-122.29,48.72],[-122.29,48.71],[-122.28,48.71],[-122.28,48.7],[-122.28,48.69]],[[-122.11,48.71],[-122.11,48.72],[-122.11,48.73],[-122.12,48.73],[-122.12,48.72],[-122.13,48.72],[-122.14,48.72],[-122.14,48.71],[-122.14,48.7],[-122.14,48.69],[-122.13,48.69],[-122.12,48.69],[-122.11,48.69],[-122.11,48.7],[-122.12,48.7],[-122.12,48.71],[-122.11,48.71]],[[-121.54,48.42],[-121.55,48.42],[-121.55,48.41],[-121.54,48.41],[-121.54,48.42]],[[-121.75,48.08],[-121.74,48.08],[-121.74,48.09],[-121.75,48.09],[-121.75,48.08]],[[-122.47,48.7],[-122.46,48.69],[-122.45,48.69],[-122.46,48.7],[-122.47,48.7]],[[-122.42,48.67],[-122.43,48.67],[-122.43,48.66],[-122.42,48.66],[-122.42,48.67]],[[-122.17,48.41],[-122.16,48.41],[-122.16,48.4],[-122.16,48.39],[-122.15,48.38],[-122.16,48.38],[-122.16,48.37],[-122.15,48.37],[-122.14,48.36],[-122.15,48.36],[-122.15,48.35],[-122.14,48.35],[-122.13,48.35],[-122.12,48.35],[-122.11,48.35],[-122.1,48.35],[-122.1,48.36],[-122.09,48.36],[-122.08,48.36],[-122.07,48.36],[-122.06,48.36],[-122.05,48.36],[-122.04,48.36],[-122.04,48.37],[-122.03,48.37],[-122.02,48.37],[-122.01,48.37],[-122.0,48.37],[-121.99,48.37],[-121.98,48.37],[-121.97,48.37],[-121.96,48.37],[-121.95,48.37],[-121.94,48.37],[-121.93,48.37],[-121.93,48.36],[-121.94,48.36],[-121.95,48.36],[-121.96,48.36],[-121.96,48.35],[-121.95,48.34],[-121.95,48.33],[-121.94,48.33],[-121.94,48.32],[-121.93,48.32],[-121.93,48.31],[-121.92,48.31],[-121.91,48.31],[-121.9,48.31],[-121.89,48.31],[-121.88,48.31],[-121.87,48.31],[-121.86,48.31],[-121.85,48.31],[-121.84,48.31],[-121.83,48.31],[-121.83,48.3],[-121.82,48.3],[-121.81,48.3],[-121.8,48.3],[-121.79,48.3],[-121.78,48.3],[-121.77,48.3],[-121.76,48.3],[-121.75,48.3],[-121.74,48.3],[-121.73,48.3],[-121.72,48.3],[-121.71,48.3],[-121.7,48.3],[-121.69,48.3],[-121.68,48.3],[-121.67,48.29],[-121.66,48.29],[-121.65,48.3],[-121.64,48.3],[-121.64,48.31],[-121.64,48.32],[-121.65,48.32],[-121.65,48.33],[-121.65,48.34],[-121.64,48.34],[-121.64,48.35],[-121.63,48.35],[-121.63,48.36],[-121.62,48.36],[-121.61,48.37],[-121.61,48.36],[-121.61,48.35],[-121.62,48.35],[-121.62,48.34],[-121.63,48.34],[-121.63,48.33],[-121.63,48.32],[-121.63,48.31],[-121.63,48.3],[-121.63,48.29],[-121.62,48.29],[-121.61,48.29],[-121.6,48.29],[-121.59,48.29],[-121.59,48.3],[-121.58,48.3],[-121.58,48.31],[-121.58,48.32],[-121.57,48.32],[-121.57,48.33],[-121.57,48.34],[-121.57,48.35],[-121.58,48.35],[-121.58,48.36],[-121.58,48.37],[-121.58,48.38],[-121.59,48.38],[-121.59,48.39],[-121.6,48.4],[-121.6,48.41],[-121.59,48.41],[-121.59,48.42],[-121.6,48.42],[-121.61,48.42],[-121.61,48.43],[-121.62,48.43],[-121.63,48.44],[-121.64,48.44],[-121.64,48.45],[-121.65,48.45],[-121.65,48.46],[-121.66,48.46],[-121.67,48.46],[-121.68,48.46],[-121.69,48.46],[-121.69,48.45],[-121.7,48.45],[-121.71,48.45],[-121.72,48.45],[-121.72,48.44],[-121.73,48.44],[-121.74,48.44],[-121.73,48.45],[-121.73,48.46],[-121.72,48.46],[-121.71,48.46],[-121.7,48.46],[-121.7,48.47],[-121.71,48.47],[-121.71,48.48],[-121.72,48.48],[-121.73,48.48],[-121.73,48.49],[-121.74,48.49],[-121.75,48.49],[-121.76,48.49],[-121.76,48.5],[-121.77,48.5],[-121.77,48.49],[-121.78,48.49],[-121.79,48.49],[-121.8,48.49],[-121.81,48.49],[-121.82,48.49],[-121.82,48.48],[-121.83,48.48],[-121.84,48.49],[-121.85,48.49],[-121.86,48.49],[-121.86,48.5],[-121.87,48.49],[-121.88,48.49],[-121.88,48.5],[-121.89,48.5],[-121.9,48.5],[-121.91,48.5],[-121.92,48.5],[-121.93,48.5],[-121.94,48.51],[-121.95,48.51],[-121.96,48.51],[-121.97,48.51],[-121.98,48.51],[-121.98,48.5],[-121.99,48.5],[-122.0,48.5],[-122.01,48.49],[-122.0,48.49],[-122.0,48.48],[-122.01,48.48],[-122.02,48.48],[-122.02,48.47],[-122.01,48.47],[-122.01,48.46],[-122.01,48.45],[-122.0,48.45],[-122.0,48.44],[-121.99,48.44],[-121.99,48.43],[-121.99,48.42],[-122.0,48.42],[-122.0,48.43],[-122.01,48.43],[-122.01,48.44],[-122.02,48.44],[-122.03,48.44],[-122.03,48.45],[-122.03,48.46],[-122.04,48.46],[-122.04,48.47],[-122.05,48.47],[-122.05,48.48],[-122.06,48.48],[-122.07,48.47],[-122.08,48.47],[-122.09,48.47],[-122.1,48.47],[-122.11,48.47],[-122.12,48.47],[-122.13,48.46],[-122.13,48.47],[-122.14,48.47],[-122.15,48.47],[-122.16,48.47],[-122.17,48.46],[-122.17,48.45],[-122.18,48.45],[-122.18,48.44],[-122.17,48.44],[-122.17,48.43],[-122.17,48.42],[-122.17,48.41]],[[-122.09,48.55],[-122.08,48.55],[-122.07,48.55],[-122.07,48.56],[-122.06,48.56],[-122.06,48.57],[-122.07,48.57],[-122.08,48.58],[-122.09,48.58],[-122.09,48.59],[-122.1,48.59],[-122.11,48.6],[-122.12,48.6],[-122.11,48.61],[-122.12,48.61],[-122.12,48.62],[-122.13,48.62],[-122.13,48.63],[-122.13,48.64],[-122.14,48.64],[-122.14,48.65],[-122.15,48.65],[-122.15,48.66],[-122.16,48.66],[-122.17,48.65],[-122.18,48.65],[-122.18,48.64],[-122.19,48.64],[-122.2,48.63],[-122.19,48.63],[-122.2,48.62],[-122.19,48.61],[-122.2,48.61],[-122.2,48.6],[-122.19,48.59],[-122.2,48.59],[-122.21,48.59],[-122.21,48.58],[-122.2,48.58],[-122.19,48.57],[-122.18,48.57],[-122.18,48.56],[-122.17,48.56],[-122.17,48.55],[-122.16,48.55],[-122.15,48.55],[-122.14,48.55],[-122.13,48.55],[-122.12,48.55],[-122.11,48.55],[-122.1,48.55],[-122.09,48.55]],[[-122.12,48.95],[-122.12,48.94],[-122.13,48.94],[-122.13,48.93],[-122.12,48.93],[-122.11,48.93],[-122.1,48.93],[-122.1,48.94],[-122.1,48.95],[-122.09,48.95],[-122.09,48.96],[-122.09,48.97],[-122.09,48.98],[-122.1,48.98],[-122.11,48.98],[-122.11,48.97],[-122.11,48.96],[-122.12,48.96],[-122.13,48.96],[-122.12,48.95]],[[-122.15,48.8],[-122.16,48.8],[-122.16,48.79],[-122.17,48.78],[-122.18,48.78],[-122.17,48.77],[-122.17,48.76],[-122.17,48.75],[-122.16,48.75],[-122.17,48.74],[-122.16,48.74],[-122.15,48.74],[-122.14,48.74],[-122.13,48.74],[-122.13,48.75],[-122.14,48.75],[-122.14,48.76],[-122.14,48.77],[-122.13,48.77],[-122.13,48.78],[-122.13,48.79],[-122.14,48.79],[-122.14,48.8],[-122.14,48.81],[-122.15,48.81],[-122.15,48.8]],[[-122.26,48.89],[-122.26,48.88],[-122.27,48.88],[-122.27,48.87],[-122.26,48.87],[-122.26,48.86],[-122.25,48.86],[-122.24,48.86],[-122.24,48.85],[-122.23,48.85],[-122.22,48.85],[-122.22,48.84],[-122.21,48.84],[-122.2,48.84],[-122.19,48.84],[-122.18,48.84],[-122.18,48.85],[-122.18,48.86],[-122.18,48.87],[-122.17,48.87],[-122.17,48.88],[-122.17,48.89],[-122.18,48.89],[-122.18,48.9],[-122.17,48.9],[-122.17,48.91],[-122.16,48.91],[-122.16,48.92],[-122.16,48.93],[-122.17,48.94],[-122.17,48.95],[-122.18,48.95],[-122.19,48.95],[-122.19,48.94],[-122.2,48.94],[-122.21,48.94],[-122.22,48.94],[-122.22,48.93],[-122.23,48.93],[-122.24,48.93],[-122.24,48.92],[-122.24,48.91],[-122.25,48.91],[-122.25,48.9],[-122.26,48.9],[-122.26,48.89]],[[-122.26,48.61],[-122.25,48.61],[-122.24,48.61],[-122.24,48.62],[-122.24,48.63],[-122.23,48.63],[-122.23,48.64],[-122.23,48.65],[-122.24,48.66],[-122.25,48.66],[-122.26,48.66],[-122.27,48.66],[-122.27,48.65],[-122.28,48.65],[-122.28,48.64],[-122.29,48.64],[-122.29,48.63],[-122.3,48.63],[-122.3,48.62],[-122.29,48.62],[-122.29,48.61],[-122.28,48.61],[-122.27,48.61],[-122.26,48.61]]],[[[-121.67,48.07],[-121.66,48.08],[-121.66,48.07],[-121.67,48.07]]],[[[-121.85,48.14],[-121.85,48.15],[-121.84,48.15],[-121.84,48.14],[-121.85,48.14]]],[[[-121.91,48.2],[-121.9,48.2],[-121.89,48.2],[-121.89,48.19],[-121.9,48.19],[-121.91,48.2]]],[[[-121.38,48.1],[-121.37,48.1],[-121.38,48.09],[-121.38,48.1]]],[[[-121.47,48.46],[-121.46,48.46],[-121.46,48.45],[-121.47,48.46]]],[[[-121.33,48.53],[-121.32,48.54],[-121.31,48.54],[-121.3,48.54],[-121.29,48.54],[-121.28,48.54],[-121.27,48.54],[-121.27,48.53],[-121.26,48.53],[-121.26,48.52],[-121.25,48.52],[-121.25,48.51],[-121.24,48.5],[-121.24,48.49],[-121.23,48.48],[-121.22,48.47],[-121.23,48.47],[-121.24,48.48],[-121.25,48.48],[-121.25,48.49],[-121.26,48.5],[-121.26,48.51],[-121.27,48.51],[-121.27,48.52],[-121.28,48.52],[-121.28,48.53],[-121.29,48.53],[-121.3,48.53],[-121.31,48.53],[-121.32,48.53],[-121.33,48.53]]],[[[-121.25,48.66],[-121.24,48.66],[-121.23,48.66],[-121.23,48.65],[-121.24,48.65],[-121.25,48.66]]],[[[-121.23,48.64],[-121.22,48.64],[-121.22,48.63],[-121.23,48.64]]],[[[-121.23,48.68],[-121.22,48.68],[-121.22,48.67],[-121.23,48.67],[-121.23,48.68]]],[[[-121.3,48.72],[-121.31,48.72],[-121.31,48.73],[-121.3,48.73],[-121.3,48.72]]],[[[-121.44,48.58],[-121.45,48.58],[-121.45,48.59],[-121.44,48.59],[-121.44,48.58]]],[[[-121.66,48.54],[-121.66,48.55],[-121.65,48.55],[-121.66,48.54]]],[[[-121.53,48.78],[-121.53,48.79],[-121.52,48.79],[-121.51,48.79],[-121.5,48.79],[-121.5,48.8],[-121.49,48.8],[-121.48,48.8],[-121.47,48.8],[-121.47,48.81],[-121.46,48.81],[-121.46,48.8],[-121.46,48.79],[-121.47,48.79],[-121.48,48.79],[-121.49,48.79],[-121.5,48.78],[-121.51,48.78],[-121.52,48.78],[-121.53,48.78]]],[[[-121.54,48.78],[-121.55,48.78],[-121.55,48.79],[-121.54,48.79],[-121.54,48.78]]],[[[-122.32,48.71],[-122.32,48.72],[-122.31,48.71],[-122.32,48.71]]],[[[-121.86,48.9],[-121.86,48.91],[-121.85,48.91],[-121.84,48.91],[-121.83,48.91],[-121.82,48.91],[-121.82,48.9],[-121.83,48.9],[-121.84,48.9],[-121.85,48.9],[-121.86,48.9]]],[[[-122.06,48.77],[-122.06,48.78],[-122.05,48.77],[-122.06,48.77]]],[[[-122.05,48.77],[-122.05,48.78],[-122.04,48.78],[-122.04,48.77],[-122.03,48.77],[-122.03,48.76],[-122.04,48.76],[-122.05,48.76],[-122.05,48.77]]],[[[-121.95,48.61],[-121.94,48.61],[-121.93,48.61],[-121.92,48.61],[-121.91,48.61],[-121.91,48.6],[-121.92,48.6],[-121.93,48.6],[-121.94,48.6],[-121.95,48.6],[-121.95,48.61]]],[[[-121.46,48.81],[-121.45,48.82],[-121.45,48.81],[-121.46,48.81]]],[[[-121.45,48.59],[-121.46,48.59],[-121.46,48.6],[-121.45,48.6],[-121.45,48.59]]],[[[-121.43,48.68],[-121.43,48.69],[-121.42,48.69],[-121.42,48.68],[-121.43,48.68]]],[[[-121.22,48.69],[-121.22,48.7],[-121.21,48.7],[-121.21,48.69],[-121.22,48.69]]],[[[-121.19,48.7],[-121.18,48.71],[-121.17,48.71],[-121.17,48.7],[-121.18,48.7],[-121.19,48.7]]],[[[-121.16,48.71],[-121.16,48.72],[-121.16,48.73],[-121.15,48.73],[-121.15,48.72],[-121.14,48.72],[-121.13,48.72],[-121.12,48.72],[-121.11,48.72],[-121.1,48.72],[-121.09,48.72],[-121.08,48.72],[-121.08,48.71],[-121.09,48.71],[-121.1,48.71],[-121.11,48.71],[-121.12,48.71],[-121.13,48.71],[-121.14,48.71],[-121.15,48.71],[-121.16,48.71]]],[[[-121.17,48.73],[-121.18,48.73],[-121.18,48.74],[-121.17,48.74],[-121.17,48.73]]],[[[-121.1,48.7],[-121.09,48.7],[-121.09,48.69],[-121.08,48.69],[-121.08,48.68],[-121.09,48.68],[-121.1,48.69],[-121.11,48.69],[-121.1,48.7]]],[[[-121.08,48.68],[-121.07,48.68],[-121.07,48.67],[-121.08,48.67],[-121.08,48.68]]],[[[-121.22,48.47],[-121.21,48.47],[-121.2,48.47],[-121.19,48.47],[-121.19,48.46],[-121.2,48.46],[-121.21,48.46],[-121.22,48.46],[-121.22,48.47]]],[[[-121.24,48.25],[-121.24,48.26],[-121.23,48.26],[-121.22,48.26],[-121.22,48.25],[-121.23,48.25],[-121.24,48.25]]],[[[-121.52,48.26],[-121.51,48.26],[-121.51,48.25],[-121.52,48.25],[-121.52,48.26]]],[[[-121.81,48.24],[-121.8,48.23],[-121.81,48.23],[-121.81,48.24]]],[[[-121.79,48.23],[-121.78,48.22],[-121.79,48.22],[-121.79,48.23]]],[[[-121.84,48.15],[-121.83,48.16],[-121.82,48.16],[-121.82,48.17],[-121.81,48.16],[-121.8,48.16],[-121.79,48.16],[-121.78,48.16],[-121.78,48.15],[-121.79,48.15],[-121.8,48.15],[-121.81,48.15],[-121.82,48.15],[-121.83,48.15],[-121.84,48.15]]],[[[-121.82,48.17],[-121.83,48.17],[-121.83,48.18],[-121.82,48.18],[-121.82,48.17]]],[[[-121.66,48.07],[-121.65,48.07],[-121.64,48.07],[-121.63,48.07],[-121.62,48.07],[-121.62,48.06],[-121.63,48.06],[-121.64,48.06],[-121.65,48.06],[-121.66,48.06],[-121.66,48.07]]],[[[-121.74,48.44],[-121.74,48.43],[-121.75,48.43],[-121.75,48.44],[-121.74,48.44]]],[[[-121.61,48.37],[-121.62,48.37],[-121.62,48.38],[-121.62,48.39],[-121.61,48.39],[-121.61,48.38],[-121.61,48.37]]],[[[-121.92,48.36],[-121.92,48.37],[-121.91,48.37],[-121.9,48.37],[-121.89,48.37],[-121.9,48.36],[-121.91,48.36],[-121.92,48.36]]],[[[-121.89,48.37],[-121.89,48.38],[-121.88,48.38],[-121.88,48.37],[-121.89,48.37]]]]}},
{"type":"Feature","properties":{"ugc":"WAZ306","name":"Foothills and Valleys of Snohomish and Northern King Counties","state":"WA","wfo":"SEW"},"geometry":{"type":"MultiPolygon","coordinates":[[[[-122.05,47.75],[-122.05,47.76],[-122.06,47.76],[-122.06,47.77],[-122.06,47.78],[-122.07,47.78],[-122.07,47.79],[-122.07,47.8],[-122.07,47.81],[-122.06,47.81],[-122.06,47.82],[-122.06,47.83],[-122.06,47.85],[-122.05,47.86],[-122.02,47.91],[-122.02,47.92],[-122.02,47.93],[-122.03,47.93],[-122.03,47.94],[-122.04,47.95],[-122.04,47.96],[-122.03,47.95],[-122.03,47.96],[-122.02,47.96],[-122.02,47.97],[-122.02,47.98],[-122.01,47.98],[-122.01,47.99],[-122.01,48.0],[-122.02,48.0],[-122.02,48.01],[-122.02,48.02],[-122.02,48.03],[-122.07,48.07],[-122.08,48.07],[-122.09,48.08],[-122.0,48.08],[-121.99,48.08],[-121.98,48.08],[-121.98,48.07],[-121.97,48.07],[-121.85,48.07],[-121.85,48.06],[-121.85,48.05],[-121.84,48.05],[-121.83,48.05],[-121.82,48.04],[-121.81,48.04],[-121.81,48.03],[-121.8,48.03],[-121.79,48.03],[-121.79,48.02],[-121.78,48.02],[-121.77,48.02],[-121.76,48.02],[-121.75,48.02],[-121.75,48.01],[-121.74,48.01],[-121.73,48.0],[-121.72,48.0],[-121.71,47.99],[-121.7,47.99],[-121.7,47.98],[-121.71,47.98],[-121.72,47.98],[-121.73,47.98],[-121.74,47.99],[-121.75,47.99],[-121.76,47.99],[-121.77,47.99],[-121.77,48.0],[-121.78,48.0],[-121.79,48.0],[-121.8,48.01],[-121.81,48.01],[-121.82,48.01],[-121.82,48.02],[-121.83,48.02],[-121.84,48.02],[-121.85,48.02],[-121.86,48.02],[-121.86,48.01],[-121.85,48.01],[-121.85,48.0],[-121.84,48.0],[-121.85,47.99],[-121.84,47.99],[-121.84,47.98],[-121.83,47.98],[-121.83,47.97],[-121.82,47.97],[-121.81,47.97],[-121.8,47.97],[-121.79,47.97],[-121.79,47.98],[-121.78,47.98],[-121.77,47.98],[-121.76,47.98],[-121.77,47.97],[-121.78,47.97],[-121.78,47.96],[-121.77,47.96],[-121.77,47.95],[-121.76,47.95],[-121.75,47.95],[-121.75,47.94],[-121.74,47.94],[-121.73,47.94],[-121.73,47.93],[-121.72,47.93],[-121.72,47.94],[-121.71,47.95],[-121.7,47.95],[-121.7,47.94],[-121.71,47.93],[-121.71,47.92],[-121.7,47.91],[-121.69,47.9],[-121.68,47.9],[-121.68,47.89],[-121.67,47.89],[-121.67,47.88],[-121.66,47.89],[-121.65,47.89],[-121.65,47.88],[-121.65,47.87],[-121.64,47.87],[-121.63,47.86],[-121.62,47.86],[-121.62,47.85],[-121.61,47.85],[-121.6,47.85],[-121.6,47.84],[-121.59,47.84],[-121.59,47.83],[-121.58,47.83],[-121.58,47.82],[-121.57,47.82],[-121.56,47.82],[-121.56,47.83],[-121.55,47.83],[-121.54,47.83],[-121.53,47.83],[-121.52,47.83],[-121.52,47.84],[-121.52,47.85],[-121.52,47.86],[-121.51,47.86],[-121.5,47.87],[-121.49,47.87],[-121.48,47.87],[-121.47,47.88],[-121.46,47.88],[-121.46,47.87],[-121.47,47.87],[-121.47,47.86],[-121.48,47.86],[-121.49,47.86],[-121.5,47.85],[-121.5,47.84],[-121.5,47.83],[-121.51,47.83],[-121.5,47.82],[-121.51,47.82],[-121.51,47.81],[-121.51,47.8],[-121.5,47.8],[-121.49,47.8],[-121.48,47.79],[-121.48,47.78],[-121.47,47.78],[-121.47,47.77],[-121.46,47.77],[-121.46,47.76],[-121.45,47.76],[-121.45,47.75],[-121.44,47.75],[-121.43,47.75],[-121.43,47.74],[-121.42,47.74],[-121.41,47.74],[-121.4,47.74],[-121.4,47.73],[-121.39,47.73],[-121.38,47.72],[-121.37,47.72],[-121.36,47.72],[-121.35,47.72],[-121.35,47.73],[-121.34,47.73],[-121.34,47.74],[-121.33,47.74],[-121.33,47.75],[-121.32,47.75],[-121.32,47.76],[-121.32,47.77],[-121.31,47.78],[-121.31,47.79],[-121.3,47.79],[-121.3,47.8],[-121.3,47.81],[-121.29,47.81],[-121.29,47.8],[-121.29,47.79],[-121.29,47.78],[-121.3,47.78],[-121.3,47.77],[-121.31,47.76],[-121.31,47.75],[-121.31,47.74],[-121.32,47.74],[-121.33,47.73],[-121.32,47.73],[-121.32,47.72],[-121.31,47.72],[-121.3,47.72],[-121.29,47.72],[-121.28,47.72],[-121.27,47.72],[-121.26,47.72],[-121.25,47.72],[-121.24,47.72],[-121.23,47.72],[-121.23,47.71],[-121.24,47.71],[-121.25,47.71],[-121.26,47.71],[-121.27,47.71],[-121.28,47.71],[-121.29,47.71],[-121.29,47.7],[-121.29,47.69],[-121.29,47.68],[-121.3,47.68],[-121.3,47.69],[-121.31,47.7],[-121.32,47.7],[-121.32,47.71],[-121.33,47.71],[-121.34,47.71],[-121.34,47.7],[-121.35,47.7],[-121.36,47.7],[-121.37,47.7],[-121.38,47.7],[-121.39,47.71],[-121.39,47.7],[-121.38,47.69],[-121.38,47.68],[-121.39,47.68],[-121.4,47.69],[-121.4,47.7],[-121.41,47.71],[-121.42,47.71],[-121.42,47.72],[-121.43,47.73],[-121.44,47.73],[-121.45,47.73],[-121.45,47.74],[-121.46,47.74],[-121.46,47.75],[-121.47,47.75],[-121.48,47.75],[-121.49,47.76],[-121.49,47.77],[-121.5,47.77],[-121.51,47.77],[-121.51,47.78],[-121.52,47.78],[-121.53,47.79],[-121.54,47.79],[-121.55,47.79],[-121.56,47.79],[-121.57,47.79],[-121.58,47.8],[-121.58,47.79],[-121.59,47.79],[-121.6,47.79],[-121.6,47.8],[-121.61,47.81],[-121.62,47.81],[-121.63,47.81],[-121.64,47.81],[-121.64,47.8],[-121.65,47.8],[-121.65,47.81],[-121.66,47.81],[-121.66,47.82],[-121.67,47.83],[-121.68,47.83],[-121.69,47.83],[-121.7,47.83],[-121.71,47.83],[-121.72,47.83],[-121.73,47.83],[-121.74,47.83],[-121.75,47.83],[-121.75,47.82],[-121.76,47.82],[-121.77,47.82],[-121.77,47.81],[-121.78,47.81],[-121.79,47.81],[-121.8,47.81],[-121.8,47.8],[-121.79,47.8],[-121.79,47.79],[-121.8,47.79],[-121.81,47.78],[-121.82,47.78],[-121.82,47.77],[-121.81,47.76],[-121.8,47.76],[-121.8,47.75],[-121.79,47.75],[-121.79,47.74],[-121.78,47.74],[-121.78,47.73],[-121.77,47.73],[-121.76,47.73],[-121.75,47.73],[-121.74,47.73],[-121.73,47.73],[-121.72,47.74],[-121.71,47.74],[-121.72,47.73],[-121.72,47.72],[-121.71,47.72],[-121.71,47.71],[-121.71,47.7],[-121.71,47.69],[-121.71,47.68],[-121.71,47.67],[-121.72,47.67],[-121.72,47.66],[-121.71,47.66],[-121.71,47.65],[-121.7,47.65],[-121.69,47.65],[-121.69,47.64],[-121.69,47.63],[-121.7,47.63],[-121.7,47.62],[-121.7,47.61],[-121.71,47.61],[-121.71,47.6],[-121.71,47.59],[-121.71,47.58],[-121.74,47.58],[-121.76,47.58],[-121.77,47.59],[-121.77,47.6],[-121.78,47.61],[-121.79,47.62],[-121.81,47.63],[-121.83,47.64],[-121.86,47.64],[-121.87,47.64],[-121.87,47.65],[-121.87,47.66],[-121.88,47.66],[-121.88,47.65],[-121.89,47.65],[-121.89,47.66],[-121.89,47.67],[-121.9,47.68],[-121.9,47.69],[-121.9,47.7],[-121.91,47.7],[-121.92,47.7],[-121.93,47.69],[-121.94,47.69],[-121.94,47.7],[-121.95,47.69],[-121.96,47.69],[-121.97,47.7],[-122.06,47.73],[-122.05,47.73],[-122.05,47.74],[-122.05,47.75]]],[[[-121.71,47.69],[-121.7,47.7],[-121.7,47.69],[-121.71,47.69]]],[[[-121.71,47.74],[-121.71,47.75],[-121.7,47.75],[-121.7,47.74],[-121.71,47.74]]],[[[-121.39,47.68],[-121.39,47.67],[-121.4,47.67],[-121.4,47.68],[-121.39,47.68]]],[[[-121.39,47.67],[-121.38,47.67],[-121.38,47.66],[-121.39,47.66],[-121.39,47.67]]],[[[-121.38,47.66],[-121.37,47.66],[-121.37,47.65],[-121.38,47.66]]],[[[-121.46,47.88],[-121.46,47.89],[-121.46,47.9],[-121.45,47.9],[-121.44,47.9],[-121.43,47.9],[-121.43,47.89],[-121.44,47.89],[-121.45,47.88],[-121.46,47.88]]],[[[-121.76,47.98],[-121.75,47.98],[-121.74,47.98],[-121.73,47.97],[-121.74,47.97],[-121.75,47.97],[-121.76,47.97],[-121.76,47.98]]],[[[-121.7,47.97],[-121.7,47.98],[-121.69,47.98],[-121.68,47.98],[-121.67,47.98],[-121.66,47.98],[-121.65,47.98],[-121.64,47.98],[-121.63,47.98],[-121.62,47.98],[-121.61,47.98],[-121.61,47.97],[-121.62,47.97],[-121.63,47.97],[-121.64,47.97],[-121.64,47.96],[-121.65,47.96],[-121.65,47.97],[-121.66,47.97],[-121.67,47.97],[-121.68,47.97],[-121.69,47.97],[-121.7,47.97]]],[[[-121.64,47.96],[-121.63,47.95],[-121.64,47.95],[-121.64,47.96]]],[[[-121.42,47.9],[-121.41,47.9],[-121.4,47.9],[-121.39,47.9],[-121.39,47.89],[-121.4,47.89],[-121.41,47.89],[-121.42,47.89],[-121.42,47.9]]],[[[-121.51,47.76],[-121.51,47.75],[-121.52,47.75],[-121.52,47.76],[-121.51,47.76]]],[[[-121.68,47.64],[-121.68,47.65],[-121.67,47.65],[-121.67,47.64],[-121.68,47.64]]]]}},
{"type":"Feature","properties":{"ugc":"WAZ307","name":"Foothills and Valleys of Central King County","state":"WA","wfo":"SEW"},"geometry":{"type":"MultiPolygon","coordinates":[[[[-122.16,47.54],[-122.16,47.55],[-122.16,47.56],[-122.16,47.57],[-122.15,47.57],[-122.15,47.58],[-122.14,47.58],[-122.13,47.58],[-122.13,47.57],[-122.12,47.57],[-122.11,47.57],[-122.1,47.57],[-122.1,47.56],[-122.09,47.56],[-122.08,47.55],[-122.07,47.54],[-122.07,47.53],[-122.07,47.52],[-122.06,47.53],[-122.05,47.53],[-122.04,47.52],[-122.04,47.51],[-122.03,47.51],[-122.02,47.52],[-122.02,47.53],[-122.01,47.53],[-122.01,47.54],[-122.02,47.54],[-122.02,47.55],[-122.03,47.55],[-122.04,47.56],[-122.04,47.57],[-122.05,47.57],[-122.05,47.58],[-122.06,47.57],[-122.06,47.58],[-122.07,47.58],[-122.07,47.59],[-122.06,47.59],[-122.06,47.6],[-122.06,47.61],[-122.06,47.62],[-122.07,47.63],[-122.07,47.64],[-122.08,47.65],[-122.07,47.65],[-122.06,47.67],[-122.06,47.68],[-122.06,47.69],[-122.06,47.7],[-122.06,47.71],[-122.05,47.71],[-122.05,47.72],[-122.06,47.72],[-122.06,47.73],[-121.97,47.7],[-121.96,47.69],[-121.95,47.69],[-121.94,47.7],[-121.94,47.69],[-121.93,47.69],[-121.92,47.7],[-121.91,47.7],[-121.9,47.7],[-121.9,47.69],[-121.9,47.68],[-121.89,47.67],[-121.89,47.66],[-121.89,47.65],[-121.88,47.65],[-121.88,47.66],[-121.87,47.66],[-121.87,47.65],[-121.87,47.64],[-121.86,47.64],[-121.83,47.64],[-121.81,47.63],[-121.79,47.62],[-121.78,47.61],[-121.77,47.6],[-121.77,47.59],[-121.76,47.58],[-121.74,47.58],[-121.71,47.58],[-121.7,47.57],[-121.7,47.56],[-121.71,47.55],[-121.71,47.54],[-121.72,47.54],[-121.72,47.53],[-121.73,47.53],[-121.74,47.53],[-121.74,47.52],[-121.75,47.52],[-121.75,47.51],[-121.75,47.5],[-121.75,47.49],[-121.74,47.49],[-121.73,47.49],[-121.72,47.5],[-121.71,47.5],[-121.7,47.5],[-121.69,47.49],[-121.68,47.49],[-121.68,47.48],[-121.67,47.48],[-121.67,47.49],[-121.66,47.49],[-121.66,47.5],[-121.65,47.5],[-121.65,47.51],[-121.65,47.52],[-121.64,47.52],[-121.64,47.53],[-121.63,47.53],[-121.62,47.53],[-121.61,47.53],[-121.6,47.53],[-121.6,47.54],[-121.59,47.54],[-121.58,47.54],[-121.57,47.54],[-121.57,47.55],[-121.56,47.55],[-121.55,47.55],[-121.55,47.56],[-121.54,47.56],[-121.53,47.57],[-121.53,47.56],[-121.52,47.55],[-121.52,47.54],[-121.53,47.54],[-121.54,47.54],[-121.55,47.54],[-121.56,47.54],[-121.56,47.53],[-121.57,47.53],[-121.58,47.53],[-121.57,47.52],[-121.57,47.51],[-121.58,47.51],[-121.59,47.51],[-121.6,47.51],[-121.61,47.51],[-121.61,47.5],[-121.62,47.49],[-121.63,47.49],[-121.64,47.48],[-121.65,47.48],[-121.65,47.47],[-121.66,47.47],[-121.67,47.47],[-121.67,47.46],[-121.67,47.45],[-121.66,47.45],[-121.66,47.44],[-121.67,47.44],[-121.68,47.44],[-121.69,47.44],[-121.7,47.44],[-121.71,47.44],[-121.72,47.44],[-121.73,47.43],[-121.74,47.43],[-121.75,47.43],[-121.76,47.43],[-121.76,47.42],[-121.77,47.42],[-121.77,47.41],[-121.78,47.41],[-121.78,47.42],[-121.79,47.41],[-121.8,47.41],[-121.81,47.4],[-121.82,47.4],[-121.83,47.4],[-121.83,47.39],[-121.89,47.4],[-121.98,47.44],[-122.0,47.45],[-122.0,47.46],[-122.01,47.46],[-122.02,47.46],[-122.02,47.47],[-122.02,47.48],[-122.02,47.49],[-122.02,47.5],[-122.03,47.5],[-122.03,47.49],[-122.04,47.48],[-122.05,47.48],[-122.06,47.48],[-122.07,47.48],[-122.07,47.49],[-122.08,47.49],[-122.09,47.5],[-122.1,47.5],[-122.11,47.5],[-122.12,47.5],[-122.12,47.51],[-122.13,47.51],[-122.14,47.52],[-122.15,47.52],[-122.16,47.52],[-122.16,47.53],[-122.16,47.54]],[[-121.68,47.45],[-121.69,47.46],[-121.69,47.45],[-121.68,47.45]],[[-122.0,47.51],[-122.01,47.5],[-122.01,47.49],[-122.0,47.49],[-121.99,47.49],[-121.98,47.49],[-121.98,47.48],[-121.98,47.47],[-121.97,47.47],[-121.98,47.46],[-121.97,47.46],[-121.97,47.45],[-121.96,47.45],[-121.96,47.46],[-121.95,47.46],[-121.94,47.46],[-121.94,47.45],[-121.94,47.44],[-121.93,47.44],[-121.93,47.43],[-121.92,47.43],[-121.92,47.42],[-121.91,47.42],[-121.9,47.42],[-121.89,47.42],[-121.88,47.42],[-121.87,47.42],[-121.87,47.41],[-121.86,47.42],[-121.86,47.41],[-121.85,47.41],[-121.84,47.41],[-121.83,47.41],[-121.83,47.42],[-121.82,47.42],[-121.81,47.42],[-121.8,47.43],[-121.79,47.43],[-121.78,47.43],[-121.78,47.44],[-121.78,47.45],[-121.79,47.45],[-121.79,47.46],[-121.8,47.46],[-121.8,47.47],[-121.81,47.47],[-121.81,47.48],[-121.82,47.49],[-121.83,47.49],[-121.83,47.5],[-121.84,47.5],[-121.85,47.5],[-121.86,47.51],[-121.87,47.5],[-121.86,47.5],[-121.86,47.49],[-121.86,47.48],[-121.85,47.48],[-121.85,47.47],[-121.86,47.47],[-121.86,47.46],[-121.85,47.45],[-121.85,47.44],[-121.85,47.43],[-121.86,47.43],[-121.86,47.44],[-121.86,47.45],[-121.87,47.45],[-121.87,47.46],[-121.88,47.46],[-121.89,47.46],[-121.9,47.46],[-121.91,47.47],[-121.91,47.48],[-121.91,47.49],[-121.92,47.5],[-121.93,47.5],[-121.94,47.51],[-121.95,47.51],[-121.95,47.52],[-121.96,47.52],[-121.97,47.52],[-121.98,47.52],[-121.99,47.52],[-122.0,47.52],[-122.0,47.51]]],[[[-121.66,47.44],[-121.65,47.44],[-121.64,47.44],[-121.63,47.44],[-121.63,47.43],[-121.64,47.43],[-121.65,47.43],[-121.66,47.43],[-121.66,47.44]]],[[[-121.61,47.43],[-121.6,47.43],[-121.6,47.42],[-121.61,47.42],[-121.61,47.43]]],[[[-121.59,47.42],[-121.58,47.42],[-121.58,47.41],[-121.59,47.41],[-121.59,47.42]]],[[[-121.57,47.51],[-121.56,47.51],[-121.56,47.5],[-121.57,47.51]]],[[[-121.52,47.54],[-121.51,47.54],[-121.5,47.54],[-121.49,47.54],[-121.48,47.54],[-121.48,47.53],[-121.47,47.53],[-121.47,47.52],[-121.48,47.52],[-121.49,47.53],[-121.5,47.53],[-121.51,47.53],[-121.52,47.53],[-121.52,47.54]]],[[[-121.46,47.52],[-121.45,47.52],[-121.45,47.51],[-121.46,47.51],[-121.46,47.52]]],[[[-122.02,47.54],[-122.02,47.53],[-122.03,47.53],[-122.03,47.54],[-122.02,47.54]]],[[[-121.95,47.46],[-121.96,47.47],[-121.95,47.47],[-121.95,47.46]]],[[[-121.94,47.46],[-121.94,47.47],[-121.93,47.47],[-121.92,47.47],[-121.91,47.47],[-121.92,47.46],[-121.93,47.46],[-121.94,47.46]]]]}},
{"type":"Feature","properties":{"ugc":"WAZ308","name":"Foothills and Valleys of Pierce and Southern King Counties","state":"WA","wfo":"SEW"},"geometry":{"type":"MultiPolygon","coordinates":[[[[-122.55,46.95],[-122.55,46.96],[-122.54,46.96],[-122.54,46.97],[-122.53,46.97],[-122.53,46.98],[-122.52,46.98],[-122.52,46.99],[-122.52,47.0],[-122.52,47.01],[-122.51,47.02],[-122.51,47.03],[-122.5,47.03],[-122.5,47.04],[-122.49,47.04],[-122.48,47.05],[-122.47,47.06],[-122.46,47.06],[-122.45,47.06],[-122.46,47.07],[-122.45,47.07],[-122.44,47.07],[-122.44,47.08],[-122.43,47.08],[-122.43,47.07],[-122.42,47.07],[-122.42,47.08],[-122.42,47.09],[-122.41,47.09],[-122.4,47.09],[-122.39,47.09],[-122.39,47.08],[-122.38,47.08],[-122.37,47.08],[-122.36,47.08],[-122.35,47.08],[-122.35,47.09],[-122.36,47.09],[-122.36,47.1],[-122.33,47.1],[-122.32,47.11],[-122.29,47.12],[-122.29,47.16],[-122.29,47.17],[-122.28,47.17],[-122.27,47.17],[-122.26,47.17],[-122.25,47.17],[-122.24,47.17],[-122.24,47.16],[-122.23,47.16],[-122.22,47.16],[-122.2,47.16],[-122.19,47.17],[-122.19,47.18],[-122.2,47.18],[-122.2,47.19],[-122.2,47.2],[-122.21,47.2],[-122.21,47.21],[-122.22,47.21],[-122.22,47.22],[-122.22,47.23],[-122.22,47.24],[-122.22,47.25],[-122.22,47.26],[-122.21,47.27],[-122.21,47.26],[-122.2,47.26],[-122.19,47.26],[-122.19,47.27],[-122.18,47.27],[-122.17,47.27],[-122.15,47.28],[-122.16,47.29],[-122.16,47.3],[-122.17,47.31],[-122.18,47.31],[-122.19,47.31],[-122.19,47.32],[-122.18,47.32],[-122.18,47.33],[-122.19,47.33],[-122.19,47.34],[-122.19,47.35],[-122.19,47.36],[-122.19,47.37],[-122.2,47.37],[-122.2,47.38],[-122.21,47.38],[-122.21,47.39],[-122.2,47.39],[-122.2,47.4],[-122.21,47.4],[-122.2,47.41],[-122.21,47.41],[-122.21,47.42],[-122.2,47.42],[-122.21,47.43],[-122.21,47.44],[-122.2,47.44],[-122.2,47.45],[-122.2,47.46],[-122.19,47.47],[-122.18,47.47],[-122.17,47.47],[-122.17,47.46],[-122.16,47.46],[-122.15,47.46],[-122.14,47.46],[-122.13,47.46],[-122.12,47.46],[-122.11,47.46],[-122.1,47.46],[-122.09,47.46],[-122.08,47.46],[-122.08,47.47],[-122.09,47.47],[-122.1,47.47],[-122.11,47.47],[-122.12,47.47],[-122.13,47.47],[-122.13,47.48],[-122.14,47.48],[-122.15,47.48],[-122.16,47.48],[-122.17,47.48],[-122.17,47.49],[-122.17,47.5],[-122.18,47.5],[-122.18,47.51],[-122.18,47.52],[-122.17,47.52],[-122.16,47.52],[-122.16,47.51],[-122.15,47.52],[-122.14,47.52],[-122.13,47.51],[-122.12,47.51],[-122.12,47.5],[-122.11,47.5],[-122.1,47.5],[-122.09,47.5],[-122.08,47.49],[-122.07,47.49],[-122.07,47.48],[-122.06,47.48],[-122.05,47.48],[-122.04,47.48],[-122.03,47.49],[-122.03,47.5],[-122.02,47.5],[-122.02,47.49],[-122.02,47.48],[-122.02,47.47],[-122.02,47.46],[-122.01,47.46],[-122.0,47.46],[-122.0,47.45],[-121.98,47.44],[-121.89,47.4],[-121.83,47.39],[-121.82,47.39],[-121.82,47.38],[-121.82,47.37],[-121.82,47.36],[-121.83,47.36],[-121.83,47.37],[-121.84,47.37],[-121.84,47.36],[-121.85,47.36],[-121.86,47.36],[-121.87,47.36],[-121.88,47.36],[-121.88,47.35],[-121.88,47.34],[-121.89,47.34],[-121.89,47.33],[-121.88,47.33],[-121.87,47.32],[-121.86,47.32],[-121.85,47.31],[-121.84,47.31],[-121.83,47.3],[-121.82,47.3],[-121.82,47.29],[-121.83,47.29],[-121.84,47.29],[-121.84,47.3],[-121.85,47.3],[-121.86,47.3],[-121.87,47.3],[-121.88,47.3],[-121.88,47.29],[-121.89,47.29],[-121.89,47.28],[-121.88,47.28],[-121.88,47.27],[-121.89,47.27],[-121.9,47.27],[-121.9,47.26],[-121.91,47.26],[-121.91,47.25],[-121.91,47.24],[-121.91,47.23],[-121.91,47.22],[-121.91,47.21],[-121.91,47.2],[-121.91,47.19],[-121.92,47.18],[-121.91,47.18],[-121.91,47.17],[-121.9,47.17],[-121.89,47.17],[-121.89,47.16],[-121.88,47.16],[-121.88,47.17],[-121.87,47.16],[-121.86,47.16],[-121.86,47.15],[-121.85,47.15],[-121.84,47.15],[-121.84,47.16],[-121.83,47.15],[-121.83,47.16],[-121.82,47.16],[-121.81,47.16],[-121.81,47.15],[-121.81,47.14],[-121.81,47.13],[-121.82,47.14],[-121.83,47.14],[-121.84,47.14],[-121.85,47.14],[-121.86,47.14],[-121.87,47.14],[-121.87,47.15],[-121.88,47.15],[-121.89,47.15],[-121.9,47.15],[-121.91,47.15],[-121.92,47.15],[-121.92,47.14],[-121.93,47.14],[-121.93,47.13],[-121.94,47.13],[-121.95,47.13],[-121.96,47.13],[-121.96,47.12],[-121.96,47.11],[-121.97,47.11],[-121.98,47.11],[-121.99,47.11],[-121.99,47.1],[-122.0,47.1],[-122.01,47.1],[-122.01,47.09],[-122.0,47.09],[-121.99,47.09],[-121.99,47.08],[-122.0,47.08],[-122.0,47.07],[-122.01,47.08],[-122.02,47.08],[-122.02,47.09],[-122.03,47.09],[-122.03,47.08],[-122.04,47.08],[-122.04,47.07],[-122.04,47.06],[-122.04,47.05],[-122.04,47.04],[-122.05,47.05],[-122.05,47.06],[-122.05,47.07],[-122.06,47.07],[-122.06,47.06],[-122.07,47.06],[-122.08,47.06],[-122.09,47.06],[-122.1,47.06],[-122.1,47.05],[-122.09,47.05],[-122.09,47.04],[-122.1,47.04],[-122.11,47.04],[-122.11,47.03],[-122.12,47.03],[-122.13,47.03],[-122.13,47.02],[-122.13,47.01],[-122.13,47.0],[-122.14,47.0],[-122.15,47.0],[-122.16,46.99],[-122.15,46.99],[-122.15,46.98],[-122.16,46.98],[-122.17,46.98],[-122.17,46.99],[-122.18,46.99],[-122.18,46.98],[-122.19,46.98],[-122.19,46.97],[-122.2,46.96],[-122.21,46.96],[-122.21,46.95],[-122.2,46.95],[-122.19,46.95],[-122.18,46.95],[-122.18,46.94],[-122.19,46.94],[-122.2,46.94],[-122.21,46.94],[-122.21,46.93],[-122.22,46.93],[-122.22,46.92],[-122.23,46.92],[-122.23,46.91],[-122.24,46.91],[-122.24,46.9],[-122.25,46.9],[-122.24,46.89],[-122.23,46.89],[-122.23,46.88],[-122.22,46.89],[-122.21,46.89],[-122.2,46.89],[-122.2,46.9],[-122.19,46.9],[-122.19,46.89],[-122.19,46.88],[-122.19,46.87],[-122.18,46.87],[-122.18,46.86],[-122.17,46.86],[-122.17,46.85],[-122.18,46.85],[-122.19,46.85],[-122.19,46.86],[-122.2,46.86],[-122.21,46.86],[-122.21,46.85],[-122.21,46.84],[-122.22,46.84],[-122.23,46.84],[-122.22,46.83],[-122.22,46.82],[-122.23,46.82],[-122.23,46.81],[-122.24,46.81],[-122.24,46.82],[-122.25,46.82],[-122.25,46.81],[-122.25,46.8],[-122.25,46.79],[-122.24,46.79],[-122.24,46.78],[-122.25,46.78],[-122.25,46.77],[-122.26,46.77],[-122.27,46.77],[-122.28,46.77],[-122.29,46.77],[-122.29,46.78],[-122.3,46.78],[-122.3,46.79],[-122.31,46.79],[-122.31,46.8],[-122.31,46.81],[-122.3,46.81],[-122.3,46.82],[-122.3,46.83],[-122.31,46.83],[-122.32,46.83],[-122.32,46.84],[-122.33,46.84],[-122.34,46.84],[-122.35,46.84],[-122.36,46.84],[-122.37,46.84],[-122.38,46.84],[-122.39,46.84],[-122.39,46.85],[-122.4,46.85],[-122.4,46.84],[-122.41,46.84],[-122.41,46.85],[-122.42,46.85],[-122.43,46.85],[-122.44,46.85],[-122.44,46.86],[-122.45,46.86],[-122.46,46.86],[-122.46,46.87],[-122.47,46.87],[-122.47,46.86],[-122.48,46.87],[-122.49,46.87],[-122.49,46.88],[-122.49,46.89],[-122.5,46.89],[-122.5,46.9],[-122.49,46.9],[-122.49,46.91],[-122.5,46.91],[-122.51,46.91],[-122.51,46.92],[-122.52,46.92],[-122.53,46.93],[-122.54,46.93],[-122.54,46.94],[-122.55,46.94],[-122.55,46.95]],[[-122.16,47.46],[-122.17,47.45],[-122.16,47.45],[-122.16,47.46]],[[-122.23,46.84],[-122.24,46.84],[-122.24,46.83],[-122.23,46.83],[-122.23,46.84]]],[[[-122.24,46.78],[-122.23,46.78],[-122.22,46.78],[-122.21,46.77],[-122.22,46.77],[-122.23,46.77],[-122.24,46.77],[-122.24,46.78]]],[[[-122.21,46.77],[-122.2,46.77],[-122.19,46.77],[-122.18,46.77],[-122.17,46.77],[-122.16,46.77],[-122.15,46.77],[-122.14,46.77],[-122.14,46.76],[-122.13,46.76],[-122.12,46.76],[-122.11,46.76],[-122.1,46.76],[-122.1,46.75],[-122.11,46.75],[-122.12,46.75],[-122.13,46.75],[-122.14,46.75],[-122.15,46.75],[-122.16,46.75],[-122.16,46.76],[-122.17,46.76],[-122.18,46.76],[-122.19,46.76],[-122.2,46.76],[-122.21,46.76],[-122.21,46.77]]],[[[-122.15,46.98],[-122.14,46.98],[-122.13,46.98],[-122.13,46.97],[-122.14,46.97],[-122.15,46.97],[-122.15,46.98]]],[[[-122.11,46.97],[-122.1,46.97],[-122.09,46.97],[-122.09,46.96],[-122.1,46.96],[-122.11,46.96],[-122.11,46.97]]],[[[-122.09,46.96],[-122.08,46.96],[-122.07,46.96],[-122.07,46.95],[-122.08,46.95],[-122.09,46.95],[-122.09,46.96]]],[[[-122.07,46.95],[-122.06,46.95],[-122.06,46.94],[-122.07,46.94],[-122.07,46.95]]],[[[-122.06,46.93],[-122.05,46.93],[-122.06,46.92],[-122.06,46.93]]],[[[-122.04,47.04],[-122.03,47.04],[-122.03,47.03],[-122.03,47.02],[-122.04,47.02],[-122.04,47.03],[-122.04,47.04]]],[[[-122.03,47.02],[-122.02,47.02],[-122.01,47.01],[-122.02,47.01],[-122.03,47.01],[-122.03,47.02]]],[[[-122.0,47.01],[-121.99,47.0],[-122.0,47.0],[-122.0,47.01]]],[[[-121.96,47.11],[-121.95,47.11],[-121.95,47.1],[-121.96,47.1],[-121.96,47.11]]],[[[-121.81,47.16],[-121.81,47.17],[-121.8,47.17],[-121.8,47.16],[-121.81,47.16]]],[[[-122.42,47.09],[-122.43,47.09],[-122.42,47.1],[-122.42,47.09]]],[[[-121.81,47.29],[-121.8,47.29],[-121.79,47.29],[-121.79,47.28],[-121.8,47.28],[-121.81,47.28],[-121.81,47.29]]],[[[-121.79,47.28],[-121.78,47.28],[-121.77,47.28],[-121.77,47.29],[-121.78,47.29],[-121.78,47.3],[-121.78,47.31],[-121.79,47.31],[-121.79,47.32],[-121.8,47.32],[-121.8,47.33],[-121.79,47.33],[-121.78,47.32],[-121.77,47.32],[-121.76,47.32],[-121.77,47.31],[-121.77,47.3],[-121.76,47.3],[-121.76,47.29],[-121.76,47.28],[-121.76,47.27],[-121.75,47.27],[-121.74,47.27],[-121.73,47.27],[-121.72,47.27],[-121.72,47.26],[-121.73,47.26],[-121.73,47.25],[-121.74,47.25],[-121.75,47.25],[-121.75,47.26],[-121.76,47.26],[-121.77,47.26],[-121.78,47.26],[-121.78,47.27],[-121.79,47.27],[-121.79,47.28]]],[[[-121.73,47.25],[-121.72,47.25],[-121.72,47.24],[-121.73,47.24],[-121.74,47.24],[-121.73,47.25]]],[[[-121.72,47.24],[-121.71,47.24],[-121.71,47.23],[-121.72,47.23],[-121.72,47.24]]],[[[-121.8,47.33],[-121.81,47.33],[-121.82,47.34],[-121.81,47.34],[-121.8,47.33]]],[[[-122.08,47.04],[-122.07,47.04],[-122.07,47.03],[-122.08,47.03],[-122.08,47.04]]]]}},
{"type":"Feature","properties":{"ugc":"WAZ309","name":"Foothills and Valleys of Thurston and Lewis Counties","state":"WA","wfo":"SEW"},"geometry":{"type":"MultiPolygon","coordinates":[[[[-122.87,46.69],[-122.86,46.69],[-122.86,46.7],[-122.85,46.7],[-122.85,46.69],[-122.84,46.69],[-122.83,46.69],[-122.83,46.68],[-122.82,46.68],[-122.81,46.68],[-122.81,46.69],[-122.82,46.7],[-122.81,46.7],[-122.8,46.7],[-122.79,46.7],[-122.79,46.71],[-122.78,46.71],[-122.78,46.72],[-122.79,46.72],[-122.78,46.73],[-122.79,46.74],[-122.78,46.74],[-122.77,46.74],[-122.76,46.74],[-122.76,46.73],[-122.75,46.73],[-122.75,46.74],[-122.74,46.74],[-122.74,46.75],[-122.73,46.75],[-122.73,46.76],[-122.73,46.77],[-122.74,46.77],[-122.74,46.78],[-122.73,46.78],[-122.73,46.79],[-122.74,46.79],[-122.74,46.8],[-122.75,46.81],[-122.75,46.8],[-122.76,46.8],[-122.76,46.81],[-122.77,46.8],[-122.78,46.81],[-122.79,46.81],[-122.8,46.81],[-122.81,46.81],[-122.81,46.82],[-122.82,46.82],[-122.83,46.83],[-122.84,46.83],[-122.84,46.84],[-122.85,46.84],[-122.85,46.85],[-122.84,46.85],[-122.83,46.85],[-122.82,46.85],[-122.81,46.84],[-122.8,46.84],[-122.79,46.84],[-122.78,46.84],[-122.78,46.85],[-122.78,46.86],[-122.77,46.86],[-122.76,46.86],[-122.75,46.86],[-122.75,46.87],[-122.74,46.87],[-122.73,46.86],[-122.72,46.85],[-122.72,46.86],[-122.71,46.86],[-122.7,46.85],[-122.69,46.84],[-122.68,46.84],[-122.65,46.83],[-122.64,46.82],[-122.63,46.82],[-122.61,46.82],[-122.62,46.83],[-122.61,46.83],[-122.59,46.83],[-122.58,46.83],[-122.57,46.83],[-122.55,46.83],[-122.54,46.83],[-122.55,46.84],[-122.56,46.85],[-122.57,46.86],[-122.56,46.87],[-122.55,46.87],[-122.54,46.87],[-122.53,46.87],[-122.52,46.88],[-122.51,46.88],[-122.5,46.89],[-122.49,46.89],[-122.49,46.88],[-122.49,46.87],[-122.48,46.87],[-122.47,46.86],[-122.47,46.87],[-122.46,46.87],[-122.46,46.86],[-122.45,46.86],[-122.44,46.86],[-122.44,46.85],[-122.43,46.85],[-122.42,46.85],[-122.41,46.85],[-122.41,46.84],[-122.4,46.84],[-122.4,46.85],[-122.39,46.85],[-122.39,46.84],[-122.38,46.84],[-122.37,46.84],[-122.36,46.84],[-122.35,46.84],[-122.34,46.84],[-122.33,46.84],[-122.32,46.84],[-122.32,46.83],[-122.31,46.83],[-122.3,46.83],[-122.3,46.82],[-122.3,46.81],[-122.31,46.81],[-122.31,46.8],[-122.31,46.79],[-122.3,46.79],[-122.3,46.78],[-122.31,46.78],[-122.31,46.77],[-122.32,46.77],[-122.33,46.77],[-122.33,46.78],[-122.33,46.79],[-122.34,46.79],[-122.34,46.78],[-122.35,46.78],[-122.35,46.77],[-122.36,46.77],[-122.37,46.77],[-122.37,46.76],[-122.36,46.76],[-122.36,46.75],[-122.37,46.75],[-122.37,46.74],[-122.37,46.73],[-122.38,46.73],[-122.38,46.74],[-122.38,46.75],[-122.38,46.76],[-122.39,46.76],[-122.4,46.76],[-122.41,46.76],[-122.42,46.76],[-122.43,46.76],[-122.43,46.77],[-122.44,46.77],[-122.45,46.77],[-122.45,46.76],[-122.46,46.76],[-122.46,46.77],[-122.47,46.77],[-122.47,46.76],[-122.48,46.76],[-122.48,46.77],[-122.48,46.78],[-122.49,46.79],[-122.5,46.79],[-122.51,46.79],[-122.52,46.79],[-122.53,46.79],[-122.53,46.8],[-122.54,46.8],[-122.55,46.81],[-122.55,46.8],[-122.56,46.8],[-122.57,46.79],[-122.57,46.78],[-122.56,46.78],[-122.56,46.77],[-122.56,46.76],[-122.56,46.75],[-122.56,46.74],[-122.55,46.74],[-122.55,46.75],[-122.54,46.74],[-122.53,46.74],[-122.52,46.73],[-122.53,46.73],[-122.54,46.73],[-122.54,46.72],[-122.55,46.72],[-122.55,46.73],[-122.56,46.73],[-122.57,46.74],[-122.57,46.73],[-122.58,46.73],[-122.58,46.74],[-122.59,46.74],[-122.59,46.75],[-122.59,46.76],[-122.6,46.76],[-122.61,46.76],[-122.61,46.77],[-122.62,46.78],[-122.62,46.77],[-122.63,46.77],[-122.63,46.78],[-122.64,46.78],[-122.64,46.79],[-122.65,46.78],[-122.66,46.78],[-122.66,46.77],[-122.66,46.76],[-122.67,46.76],[-122.68,46.76],[-122.67,46.75],[-122.66,46.75],[-122.66,46.74],[-122.66,46.73],[-122.66,46.72],[-122.66,46.71],[-122.67,46.71],[-122.68,46.71],[-122.69,46.71],[-122.69,46.72],[-122.7,46.72],[-122.7,46.71],[-122.69,46.7],[-122.7,46.7],[-122.71,46.7],[-122.72,46.7],[-122.71,46.69],[-122.7,46.69],[-122.69,46.69],[-122.69,46.68],[-122.68,46.68],[-122.68,46.69],[-122.67,46.69],[-122.66,46.69],[-122.65,46.69],[-122.65,46.68],[-122.64,46.68],[-122.64,46.67],[-122.63,46.67],[-122.63,46.68],[-122.62,46.68],[-122.61,46.68],[-122.61,46.67],[-122.6,46.67],[-122.59,46.67],[-122.6,46.66],[-122.59,46.66],[-122.59,46.65],[-122.58,46.66],[-122.57,46.66],[-122.57,46.65],[-122.56,46.64],[-122.56,46.63],[-122.55,46.64],[-122.55,46.63],[-122.54,46.63],[-122.54,46.62],[-122.53,46.62],[-122.52,46.63],[-122.52,46.62],[-122.51,46.62],[-122.5,46.62],[-122.49,46.62],[-122.49,46.61],[-122.48,46.61],[-122.47,46.61],[-122.47,46.62],[-122.46,46.62],[-122.46,46.61],[-122.45,46.61],[-122.44,46.61],[-122.43,46.6],[-122.42,46.6],[-122.41,46.6],[-122.41,46.59],[-122.4,46.58],[-122.39,46.58],[-122.39,46.59],[-122.38,46.59],[-122.37,46.59],[-122.37,46.6],[-122.38,46.61],[-122.39,46.61],[-122.39,46.62],[-122.38,46.62],[-122.37,46.62],[-122.37,46.61],[-122.36,46.61],[-122.36,46.6],[-122.35,46.6],[-122.34,46.6],[-122.34,46.59],[-122.33,46.59],[-122.32,46.59],[-122.32,46.58],[-122.31,46.58],[-122.31,46.57],[-122.3,46.57],[-122.29,46.57],[-122.28,46.57],[-122.28,46.58],[-122.28,46.59],[-122.27,46.59],[-122.26,46.59],[-122.25,46.59],[-122.25,46.6],[-122.24,46.6],[-122.25,46.61],[-122.26,46.62],[-122.26,46.63],[-122.25,46.63],[-122.25,46.62],[-122.24,46.62],[-122.23,46.62],[-122.22,46.62],[-122.22,46.63],[-122.21,46.63],[-122.21,46.62],[-122.22,46.61],[-122.22,46.6],[-122.22,46.59],[-122.21,46.59],[-122.21,46.58],[-122.2,46.58],[-122.19,46.58],[-122.19,46.57],[-122.2,46.57],[-122.21,46.57],[-122.22,46.58],[-122.23,46.58],[-122.24,46.58],[-122.24,46.57],[-122.25,46.57],[-122.25,46.56],[-122.24,46.56],[-122.24,46.55],[-122.23,46.55],[-122.23,46.54],[-122.22,46.54],[-122.21,46.54],[-122.21,46.53],[-122.21,46.52],[-122.2,46.52],[-122.19,46.52],[-122.18,46.52],[-122.18,46.53],[-122.17,46.52],[-122.17,46.53],[-122.16,46.53],[-122.16,46.54],[-122.15,46.54],[-122.14,46.54],[-122.13,46.54],[-122.12,46.54],[-122.12,46.55],[-122.11,46.55],[-122.1,46.55],[-122.09,46.55],[-122.08,46.55],[-122.07,46.55],[-122.07,46.56],[-122.06,46.56],[-122.05,46.56],[-122.05,46.55],[-122.04,46.55],[-122.03,46.55],[-122.02,46.55],[-122.02,46.54],[-122.01,46.54],[-122.0,46.54],[-121.99,46.55],[-121.98,46.55],[-121.97,46.55],[-121.96,46.55],[-121.96,46.54],[-121.95,46.54],[-121.94,46.54],[-121.93,46.54],[-121.92,46.54],[-121.92,46.55],[-121.92,46.56],[-121.91,46.56],[-121.91,46.55],[-121.9,46.55],[-121.89,46.55],[-121.88,46.55],[-121.88,46.54],[-121.87,46.54],[-121.86,46.54],[-121.85,46.54],[-121.84,46.54],[-121.83,46.54],[-121.82,46.54],[-121.81,46.54],[-121.8,46.54],[-121.79,46.54],[-121.78,46.55],[-121.77,46.56],[-121.76,46.56],[-121.75,46.56],[-121.74,46.57],[-121.73,46.57],[-121.73,46.58],[-121.72,46.57],[-121.71,46.57],[-121.71,46.58],[-121.72,46.59],[-121.72,46.6],[-121.71,46.6],[-121.71,46.61],[-121.71,46.62],[-121.7,46.62],[-121.7,46.63],[-121.69,46.63],[-121.68,46.63],[-121.68,46.64],[-121.67,46.64],[-121.66,46.64],[-121.66,46.65],[-121.65,46.65],[-121.64,46.65],[-121.64,46.66],[-121.63,46.66],[-121.62,46.66],[-121.62,46.67],[-121.61,46.67],[-121.6,46.67],[-121.59,46.67],[-121.6,46.66],[-121.6,46.65],[-121.61,46.65],[-121.61,46.64],[-121.62,46.64],[-121.63,46.64],[-121.63,46.63],[-121.64,46.62],[-121.65,46.62],[-121.65,46.61],[-121.65,46.6],[-121.66,46.6],[-121.66,46.59],[-121.67,46.58],[-121.68,46.58],[-121.68,46.57],[-121.69,46.57],[-121.7,46.57],[-121.69,46.56],[-121.7,46.56],[-121.71,46.56],[-121.72,46.56],[-121.72,46.55],[-121.73,46.55],[-121.74,46.55],[-121.74,46.54],[-121.75,46.54],[-121.76,46.54],[-121.76,46.53],[-121.77,46.53],[-121.77,46.52],[-121.78,46.52],[-121.79,46.52],[-121.8,46.51],[-121.81,46.51],[-121.82,46.51],[-121.83,46.51],[-121.84,46.51],[-121.85,46.51],[-121.86,46.51],[-121.87,46.51],[-121.88,46.51],[-121.89,46.51],[-121.89,46.5],[-121.9,46.5],[-121.9,46.49],[-121.9,46.48],[-121.9,46.47],[-121.91,46.47],[-121.92,46.46],[-121.93,46.46],[-121.94,46.46],[-121.95,46.45],[-121.96,46.45],[-121.96,46.44],[-121.97,46.44],[-121.98,46.44],[-121.98,46.43],[-121.97,46.43],[-121.96,46.43],[-121.96,46.42],[-121.97,46.42],[-121.98,46.42],[-121.99,46.42],[-121.99,46.43],[-122.0,46.43],[-122.0,46.44],[-122.01,46.44],[-122.01,46.45],[-122.02,46.45],[-122.02,46.44],[-122.03,46.44],[-122.03,46.45],[-122.04,46.44],[-122.05,46.44],[-122.05,46.45],[-122.06,46.45],[-122.07,46.45],[-122.08,46.45],[-122.09,46.45],[-122.1,46.45],[-122.11,46.45],[-122.12,46.45],[-122.13,46.45],[-122.14,46.45],[-122.15,46.45],[-122.16,46.45],[-122.16,46.46],[-122.17,46.46],[-122.18,46.46],[-122.19,46.46],[-122.19,46.47],[-122.2,46.47],[-122.2,46.46],[-122.21,46.46],[-122.22,46.46],[-122.23,46.46],[-122.23,46.45],[-122.23,46.44],[-122.24,46.45],[-122.24,46.46],[-122.25,46.46],[-122.25,46.45],[-122.26,46.45],[-122.27,46.45],[-122.28,46.45],[-122.28,46.46],[-122.29,46.46],[-122.3,46.46],[-122.31,46.47],[-122.32,46.47],[-122.33,46.47],[-122.33,46.48],[-122.34,46.48],[-122.35,46.49],[-122.35,46.5],[-122.36,46.5],[-122.37,46.5],[-122.38,46.5],[-122.38,46.49],[-122.38,46.48],[-122.39,46.49],[-122.4,46.49],[-122.41,46.49],[-122.42,46.49],[-122.42,46.48],[-122.43,46.48],[-122.43,46.47],[-122.42,46.47],[-122.41,46.47],[-122.41,46.46],[-122.42,46.46],[-122.43,46.46],[-122.44,46.46],[-122.45,46.46],[-122.45,46.45],[-122.46,46.45],[-122.47,46.45],[-122.48,46.45],[-122.49,46.45],[-122.5,46.45],[-122.51,46.46],[-122.51,46.45],[-122.51,46.44],[-122.52,46.44],[-122.53,46.44],[-122.54,46.44],[-122.54,46.43],[-122.55,46.42],[-122.54,46.41],[-122.54,46.4],[-122.53,46.4],[-122.52,46.4],[-122.52,46.41],[-122.51,46.41],[-122.5,46.41],[-122.49,46.42],[-122.48,46.42],[-122.47,46.42],[-122.46,46.42],[-122.45,46.42],[-122.45,46.41],[-122.44,46.41],[-122.44,46.4],[-122.45,46.4],[-122.46,46.4],[-122.47,46.4],[-122.47,46.39],[-122.48,46.39],[-122.5,46.39],[-122.62,46.39],[-122.63,46.39],[-122.67,46.39],[-122.67,46.4],[-122.68,46.41],[-122.69,46.41],[-122.7,46.41],[-122.71,46.4],[-122.72,46.4],[-122.72,46.41],[-122.72,46.42],[-122.71,46.42],[-122.7,46.42],[-122.7,46.43],[-122.7,46.44],[-122.71,46.44],[-122.71,46.45],[-122.7,46.45],[-122.7,46.46],[-122.7,46.47],[-122.69,46.47],[-122.68,46.47],[-122.67,46.47],[-122.67,46.48],[-122.66,46.48],[-122.66,46.49],[-122.65,46.49],[-122.64,46.49],[-122.64,46.5],[-122.63,46.5],[-122.63,46.51],[-122.62,46.51],[-122.61,46.51],[-122.62,46.52],[-122.63,46.52],[-122.64,46.52],[-122.64,46.53],[-122.65,46.53],[-122.66,46.53],[-122.67,46.52],[-122.68,46.52],[-122.69,46.52],[-122.7,46.52],[-122.7,46.51],[-122.71,46.51],[-122.71,46.52],[-122.72,46.52],[-122.72,46.53],[-122.73,46.53],[-122.73,46.54],[-122.74,46.54],[-122.74,46.55],[-122.75,46.55],[-122.75,46.54],[-122.76,46.54],[-122.77,46.54],[-122.78,46.54],[-122.79,46.54],[-122.79,46.53],[-122.8,46.53],[-122.81,46.53],[-122.81,46.52],[-122.82,46.52],[-122.83,46.52],[-122.83,46.51],[-122.84,46.51],[-122.85,46.51],[-122.86,46.51],[-122.87,46.51],[-122.87,46.52],[-122.86,46.52],[-122.85,46.52],[-122.85,46.53],[-122.86,46.53],[-122.86,46.54],[-122.85,46.54],[-122.86,46.55],[-122.87,46.55],[-122.88,46.55],[-122.88,46.56],[-122.87,46.56],[-122.86,46.57],[-122.85,46.57],[-122.84,46.57],[-122.83,46.57],[-122.82,46.57],[-122.82,46.56],[-122.81,46.56],[-122.81,46.57],[-122.8,46.56],[-122.79,46.56],[-122.79,46.57],[-122.78,46.57],[-122.77,46.57],[-122.77,46.58],[-122.78,46.58],[-122.79,46.58],[-122.8,46.58],[-122.81,46.58],[-122.82,46.59],[-122.81,46.59],[-122.81,46.6],[-122.81,46.61],[-122.8,46.61],[-122.79,46.62],[-122.78,46.62],[-122.78,46.63],[-122.77,46.63],[-122.77,46.64],[-122.76,46.64],[-122.76,46.65],[-122.77,46.65],[-122.77,46.66],[-122.77,46.67],[-122.78,46.67],[-122.78,46.66],[-122.79,46.64],[-122.8,46.64],[-122.8,46.63],[-122.81,46.63],[-122.82,46.63],[-122.83,46.62],[-122.84,46.62],[-122.84,46.61],[-122.85,46.61],[-122.86,46.62],[-122.87,46.62],[-122.88,46.62],[-122.87,46.63],[-122.88,46.63],[-122.89,46.63],[-122.89,46.64],[-122.9,46.64],[-122.91,46.64],[-122.92,46.64],[-122.92,46.65],[-122.93,46.65],[-122.94,46.65],[-122.94,46.66],[-122.95,46.66],[-122.95,46.67],[-122.96,46.68],[-122.95,46.68],[-122.95,46.69],[-122.94,46.69],[-122.93,46.69],[-122.93,46.68],[-122.92,46.68],[-122.91,46.68],[-122.89,46.68],[-122.88,46.68],[-122.87,46.68],[-122.87,46.69]],[[-122.73,46.75],[-122.73,46.74],[-122.72,46.75],[-122.73,46.75]],[[-122.56,46.8],[-122.56,46.81],[-122.57,46.81],[-122.58,46.81],[-122.58,46.8],[-122.57,46.8],[-122.56,46.8]],[[-122.57,46.65],[-122.58,46.65],[-122.58,46.64],[-122.57,46.64],[-122.57,46.65]],[[-121.94,46.49],[-121.94,46.48],[-121.94,46.47],[-121.93,46.47],[-121.93,46.48],[-121.92,46.48],[-121.92,46.49],[-121.93,46.49],[-121.94,46.49]],[[-121.93,46.49],[-121.92,46.5],[-121.93,46.5],[-121.93,46.49]],[[-121.97,46.47],[-121.96,46.47],[-121.96,46.48],[-121.96,46.49],[-121.97,46.49],[-121.98,46.49],[-121.99,46.49],[-122.0,46.49],[-122.01,46.49],[-122.01,46.48],[-122.02,46.48],[-122.03,46.48],[-122.03,46.49],[-122.04,46.49],[-122.05,46.49],[-122.05,46.48],[-122.06,46.48],[-122.05,46.47],[-122.04,46.47],[-122.03,46.47],[-122.03,46.46],[-122.02,46.46],[-122.01,46.46],[-122.0,46.46],[-121.99,46.46],[-121.98,46.46],[-121.97,46.46],[-121.97,46.47]],[[-122.08,46.53],[-122.07,46.53],[-122.06,46.53],[-122.06,46.52],[-122.05,46.52],[-122.04,46.52],[-122.04,46.53],[-122.04,46.54],[-122.05,46.54],[-122.06,46.54],[-122.07,46.54],[-122.08,46.54],[-122.08,46.53]],[[-122.17,46.49],[-122.17,46.48],[-122.16,46.48],[-122.15,46.48],[-122.14,46.48],[-122.13,46.48],[-122.13,46.49],[-122.13,46.5],[-122.12,46.5],[-122.12,46.49],[-122.11,46.49],[-122.1,46.49],[-122.09,46.5],[-122.08,46.51],[-122.09,46.51],[-122.1,46.51],[-122.1,46.52],[-122.11,46.52],[-122.11,46.51],[-122.12,46.51],[-122.13,46.51],[-122.14,46.51],[-122.14,46.5],[-122.15,46.5],[-122.16,46.5],[-122.16,46.49],[-122.17,46.49]],[[-122.35,46.53],[-122.34,46.52],[-122.33,46.52],[-122.32,46.51],[-122.31,46.51],[-122.31,46.5],[-122.3,46.5],[-122.29,46.5],[-122.29,46.51],[-122.28,46.51],[-122.28,46.5],[-122.28,46.49],[-122.27,46.49],[-122.26,46.49],[-122.25,46.49],[-122.24,46.49],[-122.24,46.5],[-122.23,46.5],[-122.22,46.5],[-122.22,46.51],[-122.23,46.51],[-122.23,46.52],[-122.24,46.52],[-122.24,46.53],[-122.25,46.53],[-122.26,46.53],[-122.26,46.54],[-122.27,46.54],[-122.27,46.55],[-122.28,46.55],[-122.29,46.55],[-122.3,46.55],[-122.31,46.55],[-122.31,46.54],[-122.32,46.54],[-122.33,46.54],[-122.34,46.54],[-122.35,46.54],[-122.35,46.53]],[[-122.46,46.56],[-122.45,46.55],[-122.44,46.55],[-122.43,46.55],[-122.42,46.55],[-122.41,46.55],[-122.41,46.54],[-122.4,46.54],[-122.39,46.54],[-122.38,46.54],[-122.37,46.54],[-122.37,46.55],[-122.36,46.55],[-122.36,46.54],[-122.35,46.55],[-122.34,46.55],[-122.33,46.55],[-122.32,46.55],[-122.32,46.56],[-122.33,46.57],[-122.34,46.57],[-122.34,46.58],[-122.35,46.58],[-122.36,46.58],[-122.37,46.58],[-122.37,46.57],[-122.38,46.57],[-122.39,46.57],[-122.39,46.56],[-122.4,46.56],[-122.4,46.57],[-122.41,46.57],[-122.42,46.57],[-122.43,46.57],[-122.44,46.58],[-122.45,46.58],[-122.46,46.58],[-122.47,46.58],[-122.47,46.57],[-122.46,46.57],[-122.46,46.56]]],[[[-122.45,46.45],[-122.44,46.45],[-122.44,46.44],[-122.45,46.44],[-122.45,46.45]]],[[[-122.38,46.49],[-122.37,46.49],[-122.37,46.48],[-122.38,46.49]]],[[[-121.96,46.43],[-121.96,46.44],[-121.95,46.44],[-121.94,46.44],[-121.93,46.44],[-121.92,46.44],[-121.92,46.45],[-121.91,46.45],[-121.9,46.45],[-121.89,46.45],[-121.89,46.46],[-121.88,46.46],[-121.88,46.45],[-121.87,46.45],[-121.86,46.45],[-121.85,46.45],[-121.84,46.45],[-121.83,46.45],[-121.82,46.45],[-121.81,46.45],[-121.8,46.45],[-121.79,46.45],[-121.78,46.45],[-121.78,46.44],[-121.79,46.44],[-121.8,46.44],[-121.81,46.44],[-121.82,46.44],[-121.83,46.44],[-121.83,46.43],[-121.84,46.43],[-121.85,46.43],[-121.86,46.43],[-121.87,46.44],[-121.88,46.44],[-121.89,46.44],[-121.9,46.44],[-121.91,46.43],[-121.92,46.43],[-121.93,46.43],[-121.94,46.43],[-121.95,46.43],[-121.96,46.43]]],[[[-121.59,46.67],[-121.59,46.68],[-121.58,46.68],[-121.58,46.67],[-121.59,46.67]]],[[[-121.73,46.58],[-121.74,46.58],[-121.73,46.59],[-121.73,46.58]]],[[[-122.57,46.66],[-122.56,46.67],[-122.55,46.67],[-122.55,46.66],[-122.56,46.66],[-122.57,46.66]]],[[[-122.58,46.66],[-122.59,46.67],[-122.58,46.67],[-122.58,46.66]]],[[[-122.65,46.69],[-122.65,46.7],[-122.64,46.7],[-122.64,46.71],[-122.64,46.72],[-122.63,46.71],[-122.63,46.7],[-122.62,46.7],[-122.62,46.69],[-122.63,46.69],[-122.64,46.69],[-122.65,46.69]]],[[[-122.54,46.72],[-122.53,46.72],[-122.53,46.71],[-122.54,46.71],[-122.54,46.72]]],[[[-122.52,46.79],[-122.52,46.78],[-122.53,46.78],[-122.52,46.79]]],[[[-122.32,46.77],[-122.31,46.76],[-122.32,46.76],[-122.32,46.77]]],[[[-122.3,46.78],[-122.29,46.78],[-122.29,46.77],[-122.3,46.78]]],[[[-122.27,46.77],[-122.26,46.77],[-122.25,46.77],[-122.25,46.78],[-122.24,46.78],[-122.24,46.77],[-122.23,46.77],[-122.22,46.77],[-122.21,46.77],[-122.21,46.76],[-122.2,46.76],[-122.19,46.76],[-122.18,46.76],[-122.17,46.76],[-122.16,46.76],[-122.16,46.75],[-122.17,46.75],[-122.18,46.75],[-122.18,46.74],[-122.19,46.74],[-122.2,46.74],[-122.2,46.73],[-122.21,46.73],[-122.22,46.73],[-122.22,46.72],[-122.23,46.73],[-122.23,46.72],[-122.24,46.72],[-122.24,46.73],[-122.24,46.74],[-122.25,46.74],[-122.25,46.75],[-122.26,46.75],[-122.26,46.76],[-122.27,46.76],[-122.27,46.77]]],[[[-122.15,46.75],[-122.14,46.75],[-122.13,46.75],[-122.13,46.74],[-122.14,46.74],[-122.14,46.73],[-122.13,46.73],[-122.14,46.72],[-122.15,46.72],[-122.15,46.71],[-122.16,46.71],[-122.17,46.71],[-122.18,46.71],[-122.19,46.71],[-122.2,46.71],[-122.2,46.72],[-122.19,46.72],[-122.18,46.72],[-122.18,46.73],[-122.17,46.73],[-122.16,46.73],[-122.15,46.74],[-122.15,46.75]]],[[[-122.5,46.9],[-122.5,46.91],[-122.49,46.91],[-122.49,46.9],[-122.5,46.9]]],[[[-122.51,46.73],[-122.5,46.73],[-122.5,46.72],[-122.51,46.72],[-122.51,46.73]]],[[[-122.39,46.63],[-122.4,46.63],[-122.4,46.64],[-122.39,46.63]]],[[[-122.29,46.59],[-122.3,46.6],[-122.29,46.6],[-122.29,46.59]]],[[[-121.78,46.44],[-121.77,46.44],[-121.77,46.43],[-121.78,46.43],[-121.78,46.44]]]]}},
{"type":"Feature","properties":{"ugc":"WAZ310","name":"Lowlands of Western Whatcom County","state":"WA","wfo":"SEW"},"geometry":{"type":"MultiPolygon","coordinates":[[[[-122.79,48.93],[-122.8,48.93],[-122.81,48.94],[-122.82,48.94],[-122.82,48.95],[-122.82,48.96],[-122.81,48.96],[-122.8,48.97],[-122.8,48.98],[-122.79,48.98],[-122.79,48.97],[-122.78,48.97],[-122.77,48.97],[-122.77,48.96],[-122.76,48.96],[-122.75,48.96],[-122.74,48.96],[-122.73,48.96],[-122.73,48.97],[-122.74,48.97],[-122.74,48.98],[-122.75,48.99],[-122.76,49.0],[-122.75,49.0],[-122.44,49.0],[-122.38,49.0],[-122.25,49.0],[-122.16,49.0],[-122.17,48.99],[-122.18,48.99],[-122.19,48.99],[-122.19,48.98],[-122.2,48.98],[-122.21,48.98],[-122.22,48.98],[-122.22,48.97],[-122.23,48.97],[-122.22,48.96],[-122.23,48.96],[-122.24,48.96],[-122.25,48.96],[-122.26,48.96],[-122.26,48.95],[-122.26,48.94],[-122.26,48.93],[-122.26,48.92],[-122.27,48.91],[-122.27,48.9],[-122.28,48.89],[-122.28,48.88],[-122.28,48.87],[-122.28,48.86],[-122.27,48.86],[-122.27,48.85],[-122.26,48.85],[-122.26,48.82],[-122.27,48.82],[-122.27,48.83],[-122.28,48.83],[-122.29,48.83],[-122.3,48.83],[-122.31,48.83],[-122.32,48.82],[-122.33,48.82],[-122.33,48.81],[-122.34,48.81],[-122.35,48.81],[-122.36,48.81],[-122.37,48.81],[-122.38,48.81],[-122.38,48.8],[-122.39,48.8],[-122.4,48.8],[-122.41,48.8],[-122.41,48.79],[-122.41,48.78],[-122.42,48.78],[-122.43,48.78],[-122.43,48.77],[-122.43,48.76],[-122.42,48.77],[-122.41,48.77],[-122.4,48.77],[-122.4,48.76],[-122.39,48.76],[-122.39,48.75],[-122.38,48.75],[-122.37,48.75],[-122.37,48.76],[-122.36,48.76],[-122.35,48.76],[-122.35,48.75],[-122.34,48.75],[-122.33,48.75],[-122.33,48.74],[-122.32,48.74],[-122.31,48.73],[-122.3,48.73],[-122.3,48.72],[-122.3,48.71],[-122.3,48.7],[-122.29,48.69],[-122.28,48.69],[-122.28,48.68],[-122.27,48.68],[-122.26,48.67],[-122.27,48.67],[-122.28,48.67],[-122.29,48.67],[-122.29,48.68],[-122.3,48.68],[-122.31,48.68],[-122.31,48.69],[-122.31,48.7],[-122.32,48.7],[-122.32,48.71],[-122.33,48.71],[-122.33,48.72],[-122.33,48.73],[-122.34,48.73],[-122.35,48.73],[-122.36,48.74],[-122.37,48.74],[-122.38,48.74],[-122.39,48.74],[-122.4,48.74],[-122.4,48.75],[-122.41,48.75],[-122.42,48.75],[-122.43,48.75],[-122.43,48.74],[-122.44,48.74],[-122.45,48.74],[-122.46,48.74],[-122.46,48.73],[-122.47,48.73],[-122.47,48.72],[-122.47,48.71],[-122.47,48.7],[-122.48,48.7],[-122.49,48.7],[-122.49,48.69],[-122.5,48.69],[-122.5,48.7],[-122.51,48.7],[-122.51,48.71],[-122.52,48.71],[-122.52,48.72],[-122.51,48.72],[-122.51,48.73],[-122.5,48.73],[-122.5,48.74],[-122.49,48.75],[-122.49,48.76],[-122.5,48.76],[-122.51,48.76],[-122.52,48.76],[-122.52,48.77],[-122.53,48.77],[-122.54,48.78],[-122.55,48.78],[-122.56,48.78],[-122.57,48.78],[-122.58,48.78],[-122.58,48.77],[-122.6,48.77],[-122.61,48.76],[-122.62,48.75],[-122.63,48.75],[-122.63,48.74],[-122.64,48.74],[-122.64,48.73],[-122.64,48.72],[-122.65,48.72],[-122.66,48.72],[-122.66,48.73],[-122.67,48.73],[-122.67,48.74],[-122.67,48.75],[-122.66,48.75],[-122.66,48.76],[-122.66,48.77],[-122.65,48.77],[-122.65,48.78],[-122.65,48.79],[-122.66,48.78],[-122.66,48.79],[-122.67,48.79],[-122.67,48.8],[-122.68,48.8],[-122.69,48.8],[-122.7,48.8],[-122.7,48.79],[-122.71,48.79],[-122.71,48.8],[-122.71,48.81],[-122.71,48.82],[-122.71,48.83],[-122.71,48.84],[-122.72,48.84],[-122.72,48.85],[-122.73,48.85],[-122.73,48.86],[-122.74,48.86],[-122.75,48.86],[-122.75,48.87],[-122.76,48.87],[-122.77,48.87],[-122.77,48.88],[-122.78,48.88],[-122.79,48.89],[-122.78,48.89],[-122.78,48.9],[-122.77,48.9],[-122.77,48.91],[-122.76,48.91],[-122.75,48.91],[-122.75,48.92],[-122.75,48.93],[-122.75,48.94],[-122.76,48.94],[-122.77,48.94],[-122.78,48.94],[-122.78,48.93],[-122.79,48.93]],[[-122.32,48.71],[-122.31,48.71],[-122.32,48.72],[-122.32,48.71]]],[[[-122.31,48.68],[-122.31,48.67],[-122.32,48.67],[-122.32,48.68],[-122.31,48.68]]],[[[-122.47,48.7],[-122.46,48.7],[-122.45,48.69],[-122.46,48.69],[-122.47,48.7]]],[[[-122.49,48.68],[-122.48,48.67],[-122.48,48.66],[-122.49,48.66],[-122.49,48.65],[-122.5,48.65],[-122.5,48.66],[-122.51,48.66],[-122.51,48.67],[-122.5,48.67],[-122.49,48.67],[-122.49,48.68]]],[[[-122.42,48.67],[-122.42,48.66],[-122.43,48.66],[-122.43,48.67],[-122.42,48.67]]],[[[-122.4,48.67],[-122.4,48.68],[-122.39,48.68],[-122.39,48.67],[-122.38,48.67],[-122.37,48.67],[-122.37,48.66],[-122.36,48.65],[-122.38,48.65],[-122.39,48.66],[-122.4,48.66],[-122.4,48.67]]],[[[-122.58,48.65],[-122.59,48.65],[-122.59,48.66],[-122.58,48.66],[-122.58,48.65]]],[[[-122.69,48.74],[-122.69,48.73],[-122.68,48.72],[-122.68,48.71],[-122.67,48.71],[-122.67,48.7],[-122.66,48.7],[-122.66,48.69],[-122.65,48.69],[-122.64,48.69],[-122.63,48.68],[-122.62,48.68],[-122.62,48.67],[-122.62,48.66],[-122.61,48.66],[-122.61,48.65],[-122.61,48.64],[-122.62,48.64],[-122.62,48.65],[-122.63,48.65],[-122.64,48.65],[-122.64,48.66],[-122.65,48.66],[-122.65,48.67],[-122.66,48.67],[-122.67,48.68],[-122.68,48.68],[-122.68,48.69],[-122.68,48.7],[-122.69,48.7],[-122.69,48.71],[-122.7,48.71],[-122.7,48.72],[-122.71,48.72],[-122.72,48.72],[-122.72,48.73],[-122.72,48.74],[-122.72,48.75],[-122.71,48.75],[-122.7,48.74],[-122.69,48.74]]],[[[-122.64,48.71],[-122.63,48.71],[-122.62,48.71],[-122.61,48.71],[-122.61,48.7],[-122.62,48.69],[-122.63,48.7],[-122.64,48.7],[-122.64,48.71]]],[[[-122.61,48.71],[-122.62,48.72],[-122.61,48.72],[-122.61,48.71]]],[[[-123.06,48.98],[-123.06,48.97],[-123.07,48.97],[-123.08,48.97],[-123.08,48.98],[-123.08,48.99],[-123.09,48.99],[-123.09,49.0],[-123.04,49.0],[-123.03,49.0],[-123.03,48.99],[-123.03,48.98],[-123.04,48.98],[-123.05,48.98],[-123.06,48.98]]],[[[-123.03,48.98],[-123.02,48.98],[-123.03,48.97],[-123.03,48.98]]]]}},
{"type":"Feature","properties":{"ugc":"WAZ311","name":"Lowlands of Western Skagit and Northwestern Snohomish Counties","state":"WA","wfo":"SEW"},"geometry":{"type":"MultiPolygon","coordinates":[[[[-122.69,48.49],[-122.7,48.49],[-122.7,48.5],[-122.69,48.5],[-122.69,48.51],[-122.68,48.51],[-122.68,48.5],[-122.67,48.5],[-122.66,48.51],[-122.65,48.51],[-122.64,48.51],[-122.63,48.52],[-122.62,48.52],[-122.61,48.52],[-122.61,48.51],[-122.61,48.5],[-122.6,48.5],[-122.6,48.49],[-122.59,48.48],[-122.59,48.47],[-122.58,48.47],[-122.58,48.46],[-122.57,48.46],[-122.57,48.47],[-122.57,48.48],[-122.58,48.49],[-122.57,48.5],[-122.56,48.5],[-122.55,48.49],[-122.55,48.48],[-122.54,48.48],[-122.54,48.47],[-122.53,48.47],[-122.52,48.46],[-122.52,48.47],[-122.51,48.47],[-122.51,48.46],[-122.5,48.46],[-122.49,48.46],[-122.49,48.47],[-122.48,48.47],[-122.47,48.47],[-122.47,48.48],[-122.48,48.48],[-122.48,48.49],[-122.48,48.5],[-122.48,48.51],[-122.49,48.51],[-122.49,48.52],[-122.48,48.52],[-122.48,48.53],[-122.49,48.53],[-122.49,48.54],[-122.5,48.54],[-122.5,48.55],[-122.5,48.56],[-122.49,48.56],[-122.48,48.56],[-122.47,48.56],[-122.47,48.57],[-122.46,48.57],[-122.45,48.57],[-122.44,48.57],[-122.44,48.58],[-122.43,48.58],[-122.43,48.59],[-122.43,48.6],[-122.42,48.6],[-122.41,48.6],[-122.4,48.6],[-122.4,48.59],[-122.39,48.59],[-122.38,48.59],[-122.37,48.59],[-122.37,48.6],[-122.36,48.6],[-122.35,48.6],[-122.35,48.61],[-122.35,48.62],[-122.36,48.62],[-122.36,48.63],[-122.37,48.63],[-122.37,48.64],[-122.38,48.64],[-122.38,48.65],[-122.36,48.65],[-122.36,48.64],[-122.35,48.64],[-122.35,48.63],[-122.34,48.63],[-122.34,48.62],[-122.33,48.62],[-122.33,48.63],[-122.32,48.63],[-122.32,48.62],[-122.32,48.61],[-122.31,48.61],[-122.31,48.6],[-122.3,48.6],[-122.29,48.6],[-122.29,48.59],[-122.28,48.59],[-122.27,48.59],[-122.26,48.59],[-122.25,48.59],[-122.24,48.59],[-122.24,48.6],[-122.22,48.59],[-122.22,48.58],[-122.22,48.57],[-122.21,48.57],[-122.21,48.56],[-122.2,48.56],[-122.19,48.55],[-122.18,48.55],[-122.18,48.54],[-122.17,48.54],[-122.16,48.54],[-122.15,48.54],[-122.14,48.54],[-122.13,48.52],[-122.13,48.49],[-122.14,48.48],[-122.15,48.48],[-122.16,48.48],[-122.17,48.48],[-122.18,48.48],[-122.19,48.48],[-122.2,48.48],[-122.2,48.49],[-122.21,48.49],[-122.22,48.49],[-122.22,48.48],[-122.23,48.48],[-122.24,48.48],[-122.23,48.47],[-122.22,48.47],[-122.21,48.47],[-122.2,48.47],[-122.2,48.46],[-122.21,48.46],[-122.21,48.45],[-122.2,48.45],[-122.2,48.44],[-122.2,48.43],[-122.2,48.42],[-122.19,48.42],[-122.19,48.41],[-122.19,48.4],[-122.19,48.39],[-122.18,48.38],[-122.18,48.37],[-122.19,48.36],[-122.19,48.35],[-122.19,48.34],[-122.2,48.34],[-122.21,48.34],[-122.21,48.33],[-122.22,48.33],[-122.22,48.32],[-122.22,48.31],[-122.21,48.31],[-122.2,48.3],[-122.2,48.29],[-122.19,48.29],[-122.18,48.28],[-122.17,48.28],[-122.17,48.27],[-122.16,48.27],[-122.16,48.26],[-122.16,48.25],[-122.15,48.25],[-122.12,48.24],[-122.11,48.23],[-122.1,48.22],[-122.1,48.21],[-122.1,48.19],[-122.1,48.18],[-122.1,48.17],[-122.11,48.17],[-122.11,48.16],[-122.11,48.15],[-122.12,48.15],[-122.14,48.15],[-122.16,48.15],[-122.16,48.14],[-122.17,48.14],[-122.19,48.15],[-122.19,48.16],[-122.19,48.17],[-122.19,48.18],[-122.2,48.18],[-122.23,48.18],[-122.23,48.19],[-122.35,48.19],[-122.36,48.19],[-122.37,48.19],[-122.36,48.2],[-122.37,48.2],[-122.37,48.21],[-122.38,48.22],[-122.38,48.23],[-122.39,48.23],[-122.39,48.24],[-122.4,48.24],[-122.4,48.25],[-122.4,48.26],[-122.39,48.26],[-122.39,48.27],[-122.39,48.28],[-122.38,48.28],[-122.37,48.29],[-122.38,48.29],[-122.38,48.3],[-122.38,48.31],[-122.39,48.31],[-122.39,48.32],[-122.4,48.32],[-122.41,48.32],[-122.41,48.33],[-122.41,48.34],[-122.42,48.33],[-122.43,48.33],[-122.43,48.34],[-122.44,48.34],[-122.45,48.34],[-122.45,48.35],[-122.46,48.35],[-122.47,48.35],[-122.47,48.36],[-122.48,48.36],[-122.48,48.37],[-122.49,48.36],[-122.49,48.37],[-122.5,48.37],[-122.51,48.37],[-122.52,48.37],[-122.52,48.38],[-122.53,48.38],[-122.53,48.39],[-122.54,48.39],[-122.54,48.4],[-122.55,48.4],[-122.55,48.41],[-122.55,48.42],[-122.56,48.42],[-122.56,48.43],[-122.55,48.43],[-122.55,48.44],[-122.56,48.44],[-122.56,48.45],[-122.57,48.45],[-122.58,48.45],[-122.58,48.44],[-122.58,48.43],[-122.59,48.43],[-122.59,48.42],[-122.6,48.42],[-122.61,48.42],[-122.61,48.41],[-122.62,48.41],[-122.62,48.42],[-122.63,48.42],[-122.63,48.41],[-122.64,48.41],[-122.65,48.41],[-122.65,48.42],[-122.66,48.42],[-122.67,48.42],[-122.67,48.43],[-122.68,48.43],[-122.68,48.44],[-122.67,48.44],[-122.66,48.45],[-122.65,48.45],[-122.65,48.46],[-122.66,48.46],[-122.66,48.47],[-122.66,48.48],[-122.67,48.48],[-122.67,48.49],[-122.68,48.49],[-122.69,48.49]],[[-122.37,48.29],[-122.36,48.3],[-122.37,48.3],[-122.37,48.29]]],[[[-122.71,48.47],[-122.71,48.48],[-122.7,48.48],[-122.69,48.49],[-122.69,48.48],[-122.69,48.47],[-122.7,48.47],[-122.7,48.46],[-122.71,48.46],[-122.71,48.47]]],[[[-122.5,48.37],[-122.5,48.36],[-122.51,48.36],[-122.5,48.37]]],[[[-122.5,48.56],[-122.51,48.57],[-122.52,48.57],[-122.53,48.57],[-122.54,48.57],[-122.54,48.58],[-122.53,48.58],[-122.52,48.58],[-122.51,48.58],[-122.5,48.58],[-122.5,48.57],[-122.5,48.56]]],[[[-122.55,48.58],[-122.56,48.57],[-122.56,48.58],[-122.56,48.59],[-122.55,48.59],[-122.55,48.58]]],[[[-122.43,48.61],[-122.44,48.61],[-122.45,48.62],[-122.44,48.62],[-122.43,48.61]]],[[[-122.45,48.62],[-122.46,48.62],[-122.46,48.63],[-122.45,48.63],[-122.45,48.62]]],[[[-122.47,48.63],[-122.48,48.64],[-122.47,48.64],[-122.47,48.63]]],[[[-122.48,48.64],[-122.49,48.64],[-122.49,48.65],[-122.48,48.65],[-122.48,48.64]]],[[[-122.53,48.36],[-122.54,48.36],[-122.54,48.37],[-122.53,48.37],[-122.53,48.36]]],[[[-122.56,48.53],[-122.56,48.54],[-122.55,48.54],[-122.55,48.53],[-122.56,48.53]]],[[[-122.55,48.53],[-122.54,48.53],[-122.54,48.52],[-122.55,48.52],[-122.55,48.53]]],[[[-122.58,48.53],[-122.59,48.53],[-122.59,48.54],[-122.6,48.54],[-122.61,48.53],[-122.62,48.53],[-122.63,48.53],[-122.64,48.53],[-122.65,48.53],[-122.65,48.54],[-122.65,48.55],[-122.65,48.56],[-122.65,48.57],[-122.65,48.58],[-122.65,48.59],[-122.64,48.59],[-122.64,48.58],[-122.63,48.58],[-122.63,48.57],[-122.62,48.57],[-122.61,48.56],[-122.6,48.56],[-122.6,48.55],[-122.59,48.55],[-122.58,48.55],[-122.58,48.54],[-122.58,48.53]]],[[[-122.69,48.62],[-122.69,48.63],[-122.68,48.63],[-122.67,48.63],[-122.67,48.62],[-122.66,48.62],[-122.66,48.61],[-122.67,48.61],[-122.68,48.61],[-122.69,48.61],[-122.69,48.62]]],[[[-122.73,48.6],[-122.72,48.6],[-122.72,48.61],[-122.71,48.61],[-122.71,48.6],[-122.7,48.6],[-122.69,48.6],[-122.69,48.59],[-122.69,48.58],[-122.68,48.58],[-122.68,48.57],[-122.68,48.56],[-122.69,48.56],[-122.7,48.55],[-122.69,48.55],[-122.68,48.55],[-122.68,48.54],[-122.69,48.54],[-122.7,48.54],[-122.71,48.54],[-122.72,48.54],[-122.72,48.55],[-122.72,48.56],[-122.73,48.57],[-122.74,48.57],[-122.74,48.58],[-122.74,48.59],[-122.73,48.59],[-122.73,48.6]]]]}},
{"type":"Feature","properties":{"ugc":"WAZ312","name":"Downtown Everett / Marysville Area","state":"WA","wfo":"SEW"},"geometry":{"type":"MultiPolygon","coordinates":[[[[-122.37,48.13],[-122.37,48.14],[-122.37,48.15],[-122.37,48.16],[-122.37,48.17],[-122.36,48.17],[-122.36,48.18],[-122.36,48.19],[-122.35,48.19],[-122.23,48.19],[-122.23,48.18],[-122.2,48.18],[-122.19,48.18],[-122.19,48.17],[-122.19,48.16],[-122.19,48.15],[-122.17,48.14],[-122.16,48.14],[-122.16,48.15],[-122.14,48.15],[-122.12,48.15],[-122.12,48.14],[-122.12,48.13],[-122.12,48.12],[-122.12,48.11],[-122.11,48.11],[-122.11,48.1],[-122.11,48.09],[-122.11,48.08],[-122.1,48.08],[-122.09,48.08],[-122.08,48.07],[-122.07,48.07],[-122.02,48.03],[-122.02,48.02],[-122.02,48.01],[-122.02,48.0],[-122.01,48.0],[-122.01,47.99],[-122.01,47.98],[-122.02,47.98],[-122.02,47.97],[-122.02,47.96],[-122.03,47.96],[-122.03,47.95],[-122.04,47.96],[-122.04,47.95],[-122.03,47.94],[-122.03,47.93],[-122.02,47.93],[-122.02,47.92],[-122.02,47.91],[-122.05,47.86],[-122.06,47.85],[-122.06,47.83],[-122.06,47.82],[-122.07,47.82],[-122.1,47.84],[-122.11,47.87],[-122.18,47.91],[-122.18,47.92],[-122.19,47.92],[-122.19,47.94],[-122.19,47.95],[-122.2,47.95],[-122.2,47.96],[-122.21,47.96],[-122.21,47.97],[-122.22,47.97],[-122.23,47.97],[-122.23,47.98],[-122.22,47.98],[-122.22,47.99],[-122.21,47.99],[-122.21,48.0],[-122.22,48.0],[-122.22,48.01],[-122.21,48.01],[-122.21,48.02],[-122.21,48.03],[-122.21,48.04],[-122.22,48.04],[-122.23,48.04],[-122.23,48.03],[-122.24,48.03],[-122.25,48.03],[-122.25,48.04],[-122.26,48.04],[-122.27,48.05],[-122.27,48.06],[-122.28,48.06],[-122.29,48.06],[-122.3,48.06],[-122.3,48.07],[-122.31,48.07],[-122.31,48.08],[-122.32,48.08],[-122.32,48.09],[-122.33,48.09],[-122.33,48.1],[-122.34,48.1],[-122.35,48.11],[-122.36,48.12],[-122.36,48.13],[-122.37,48.13]]],[[[-122.23,48.01],[-122.23,48.02],[-122.22,48.02],[-122.22,48.01],[-122.23,48.01]]],[[[-122.32,48.01],[-122.31,48.01],[-122.3,48.01],[-122.31,48.0],[-122.32,48.01]]],[[[-122.32,48.01],[-122.33,48.01],[-122.33,48.02],[-122.32,48.02],[-122.32,48.01]]]]}},
{"type":"Feature","properties":{"ugc":"WAZ313","name":"Shoreline / Lynnwood / South Everett Area","state":"WA","wfo":"SEW"},"geometry":{"type":"MultiPolygon","coordinates":[[[[-122.33,47.86],[-122.33,47.87],[-122.33,47.88],[-122.33,47.89],[-122.33,47.9],[-122.32,47.91],[-122.32,47.92],[-122.31,47.92],[-122.31,47.93],[-122.31,47.94],[-122.31,47.95],[-122.3,47.95],[-122.29,47.95],[-122.28,47.96],[-122.27,47.96],[-122.26,47.96],[-122.25,47.96],[-122.24,47.97],[-122.23,47.97],[-122.22,47.97],[-122.21,47.97],[-122.21,47.96],[-122.2,47.96],[-122.2,47.95],[-122.19,47.95],[-122.19,47.94],[-122.19,47.92],[-122.18,47.92],[-122.18,47.91],[-122.11,47.87],[-122.1,47.84],[-122.07,47.82],[-122.06,47.82],[-122.06,47.81],[-122.07,47.81],[-122.07,47.8],[-122.07,47.79],[-122.07,47.78],[-122.06,47.78],[-122.06,47.77],[-122.06,47.76],[-122.05,47.76],[-122.05,47.75],[-122.05,47.74],[-122.05,47.73],[-122.06,47.73],[-122.08,47.74],[-122.09,47.74],[-122.09,47.72],[-122.1,47.72],[-122.12,47.72],[-122.13,47.74],[-122.14,47.76],[-122.14,47.78],[-122.27,47.78],[-122.27,47.77],[-122.27,47.76],[-122.27,47.75],[-122.28,47.75],[-122.28,47.74],[-122.28,47.73],[-122.33,47.73],[-122.36,47.73],[-122.38,47.73],[-122.38,47.75],[-122.38,47.76],[-122.39,47.76],[-122.39,47.77],[-122.39,47.78],[-122.4,47.78],[-122.39,47.79],[-122.39,47.8],[-122.39,47.81],[-122.38,47.81],[-122.37,47.82],[-122.36,47.83],[-122.35,47.84],[-122.34,47.85],[-122.33,47.86]]]]}},
{"type":"Feature","properties":{"ugc":"WAZ314","name":"Eastside","state":"WA","wfo":"SEW"},"geometry":{"type":"MultiPolygon","coordinates":[[[[-122.28,47.74],[-122.28,47.75],[-122.27,47.75],[-122.27,47.76],[-122.27,47.77],[-122.27,47.78],[-122.14,47.78],[-122.14,47.76],[-122.13,47.74],[-122.12,47.72],[-122.1,47.72],[-122.09,47.72],[-122.09,47.74],[-122.08,47.74],[-122.06,47.73],[-122.06,47.72],[-122.05,47.72],[-122.05,47.71],[-122.06,47.71],[-122.06,47.7],[-122.06,47.69],[-122.06,47.68],[-122.06,47.67],[-122.07,47.65],[-122.08,47.65],[-122.07,47.64],[-122.07,47.63],[-122.06,47.62],[-122.06,47.61],[-122.06,47.6],[-122.06,47.59],[-122.07,47.59],[-122.07,47.58],[-122.06,47.58],[-122.06,47.57],[-122.05,47.58],[-122.05,47.57],[-122.04,47.57],[-122.04,47.56],[-122.03,47.55],[-122.02,47.55],[-122.02,47.54],[-122.03,47.54],[-122.03,47.53],[-122.02,47.53],[-122.02,47.52],[-122.03,47.51],[-122.04,47.51],[-122.04,47.52],[-122.05,47.53],[-122.06,47.53],[-122.07,47.52],[-122.07,47.53],[-122.07,47.54],[-122.08,47.55],[-122.09,47.56],[-122.1,47.56],[-122.1,47.57],[-122.11,47.57],[-122.12,47.57],[-122.13,47.57],[-122.13,47.58],[-122.14,47.58],[-122.15,47.58],[-122.15,47.57],[-122.16,47.57],[-122.16,47.56],[-122.16,47.55],[-122.16,47.54],[-122.16,47.53],[-122.16,47.52],[-122.17,47.52],[-122.18,47.52],[-122.19,47.52],[-122.19,47.53],[-122.19,47.54],[-122.2,47.54],[-122.21,47.53],[-122.21,47.52],[-122.21,47.51],[-122.2,47.51],[-122.21,47.5],[-122.22,47.5],[-122.22,47.51],[-122.24,47.52],[-122.25,47.52],[-122.25,47.53],[-122.25,47.54],[-122.24,47.55],[-122.24,47.56],[-122.24,47.57],[-122.25,47.57],[-122.26,47.57],[-122.26,47.58],[-122.27,47.58],[-122.27,47.59],[-122.26,47.62],[-122.26,47.63],[-122.26,47.64],[-122.26,47.65],[-122.25,47.65],[-122.25,47.66],[-122.24,47.66],[-122.23,47.66],[-122.23,47.67],[-122.23,47.68],[-122.24,47.69],[-122.25,47.69],[-122.26,47.7],[-122.27,47.71],[-122.27,47.72],[-122.27,47.73],[-122.28,47.73],[-122.28,47.74]]],[[[-122.16,47.52],[-122.15,47.52],[-122.16,47.51],[-122.16,47.52]]],[[[-122.02,47.53],[-122.02,47.54],[-122.01,47.54],[-122.01,47.53],[-122.02,47.53]]]]}},
{"type":"Feature","properties":{"ugc":"WAZ315","name":"City of Seattle","state":"WA","wfo":"SEW"},"geometry":{"type":"MultiPolygon","coordinates":[[[[-122.43,47.66],[-122.42,47.67],[-122.41,47.67],[-122.41,47.68],[-122.41,47.69],[-122.41,47.7],[-122.4,47.7],[-122.39,47.7],[-122.38,47.71],[-122.38,47.72],[-122.37,47.73],[-122.36,47.73],[-122.33,47.73],[-122.28,47.73],[-122.27,47.73],[-122.27,47.72],[-122.27,47.71],[-122.26,47.7],[-122.25,47.69],[-122.24,47.69],[-122.23,47.68],[-122.23,47.67],[-122.23,47.66],[-122.24,47.66],[-122.25,47.66],[-122.25,47.65],[-122.26,47.65],[-122.26,47.64],[-122.26,47.63],[-122.26,47.62],[-122.27,47.59],[-122.27,47.58],[-122.26,47.58],[-122.26,47.57],[-122.25,47.57],[-122.24,47.57],[-122.24,47.56],[-122.24,47.55],[-122.25,47.54],[-122.25,47.53],[-122.25,47.52],[-122.24,47.52],[-122.22,47.51],[-122.24,47.51],[-122.25,47.51],[-122.25,47.5],[-122.26,47.5],[-122.27,47.5],[-122.27,47.51],[-122.28,47.51],[-122.29,47.51],[-122.29,47.52],[-122.3,47.52],[-122.3,47.53],[-122.31,47.53],[-122.31,47.52],[-122.32,47.52],[-122.33,47.52],[-122.33,47.51],[-122.34,47.51],[-122.34,47.52],[-122.36,47.52],[-122.37,47.52],[-122.37,47.51],[-122.37,47.5],[-122.38,47.5],[-122.39,47.5],[-122.39,47.51],[-122.4,47.52],[-122.39,47.52],[-122.39,47.53],[-122.4,47.53],[-122.4,47.54],[-122.4,47.55],[-122.4,47.56],[-122.41,47.56],[-122.41,47.57],[-122.42,47.58],[-122.41,47.58],[-122.4,47.58],[-122.39,47.6],[-122.38,47.59],[-122.37,47.59],[-122.37,47.58],[-122.36,47.58],[-122.36,47.59],[-122.35,47.59],[-122.34,47.59],[-122.34,47.6],[-122.34,47.61],[-122.35,47.61],[-122.36,47.61],[-122.36,47.62],[-122.37,47.62],[-122.37,47.63],[-122.38,47.63],[-122.39,47.63],[-122.4,47.63],[-122.41,47.64],[-122.42,47.64],[-122.42,47.65],[-122.43,47.66]]]]}},
{"type":"Feature","properties":{"ugc":"WAZ316","name":"Lowlands of Pierce and Southern King Counties","state":"WA","wfo":"SEW"},"geometry":{"type":"MultiPolygon","coordinates":[[[[-122.65,47.0],[-122.66,47.0],[-122.66,47.01],[-122.67,47.01],[-122.67,47.02],[-122.67,47.03],[-122.68,47.03],[-122.68,47.04],[-122.68,47.05],[-122.69,47.05],[-122.69,47.06],[-122.7,47.06],[-122.7,47.07],[-122.71,47.07],[-122.71,47.08],[-122.71,47.09],[-122.7,47.09],[-122.7,47.1],[-122.69,47.1],[-122.68,47.1],[-122.67,47.11],[-122.67,47.12],[-122.66,47.12],[-122.66,47.13],[-122.65,47.13],[-122.64,47.14],[-122.63,47.14],[-122.62,47.15],[-122.62,47.16],[-122.61,47.17],[-122.6,47.17],[-122.6,47.18],[-122.59,47.18],[-122.58,47.19],[-122.58,47.2],[-122.58,47.21],[-122.57,47.22],[-122.56,47.23],[-122.56,47.24],[-122.55,47.25],[-122.55,47.26],[-122.54,47.27],[-122.53,47.28],[-122.53,47.29],[-122.54,47.3],[-122.54,47.31],[-122.55,47.32],[-122.54,47.32],[-122.53,47.32],[-122.52,47.31],[-122.51,47.31],[-122.51,47.3],[-122.5,47.3],[-122.5,47.29],[-122.49,47.29],[-122.47,47.28],[-122.46,47.28],[-122.46,47.27],[-122.45,47.27],[-122.44,47.27],[-122.44,47.26],[-122.43,47.26],[-122.43,47.27],[-122.42,47.27],[-122.42,47.28],[-122.41,47.28],[-122.41,47.29],[-122.42,47.3],[-122.43,47.3],[-122.44,47.3],[-122.44,47.31],[-122.43,47.32],[-122.42,47.32],[-122.41,47.32],[-122.4,47.32],[-122.4,47.33],[-122.39,47.33],[-122.38,47.33],[-122.37,47.33],[-122.37,47.34],[-122.36,47.34],[-122.34,47.34],[-122.33,47.34],[-122.32,47.35],[-122.32,47.36],[-122.33,47.36],[-122.32,47.37],[-122.33,47.37],[-122.33,47.38],[-122.33,47.39],[-122.33,47.4],[-122.33,47.41],[-122.34,47.41],[-122.35,47.42],[-122.35,47.44],[-122.36,47.44],[-122.37,47.45],[-122.38,47.45],[-122.37,47.46],[-122.37,47.47],[-122.37,47.48],[-122.36,47.48],[-122.37,47.49],[-122.37,47.5],[-122.37,47.51],[-122.37,47.52],[-122.36,47.52],[-122.34,47.52],[-122.34,47.51],[-122.33,47.51],[-122.33,47.52],[-122.32,47.52],[-122.31,47.52],[-122.31,47.53],[-122.3,47.53],[-122.3,47.52],[-122.29,47.52],[-122.29,47.51],[-122.28,47.51],[-122.27,47.51],[-122.27,47.5],[-122.26,47.5],[-122.25,47.5],[-122.25,47.51],[-122.24,47.51],[-122.22,47.51],[-122.22,47.5],[-122.21,47.5],[-122.2,47.51],[-122.21,47.51],[-122.21,47.52],[-122.21,47.53],[-122.2,47.54],[-122.19,47.54],[-122.19,47.53],[-122.19,47.52],[-122.18,47.52],[-122.18,47.51],[-122.18,47.5],[-122.17,47.5],[-122.17,47.49],[-122.17,47.48],[-122.16,47.48],[-122.15,47.48],[-122.14,47.48],[-122.13,47.48],[-122.13,47.47],[-122.12,47.47],[-122.11,47.47],[-122.1,47.47],[-122.09,47.47],[-122.08,47.47],[-122.08,47.46],[-122.09,47.46],[-122.1,47.46],[-122.11,47.46],[-122.12,47.46],[-122.13,47.46],[-122.14,47.46],[-122.15,47.46],[-122.16,47.46],[-122.17,47.46],[-122.17,47.47],[-122.18,47.47],[-122.19,47.47],[-122.2,47.46],[-122.2,47.45],[-122.2,47.44],[-122.21,47.44],[-122.21,47.43],[-122.2,47.42],[-122.21,47.42],[-122.21,47.41],[-122.2,47.41],[-122.21,47.4],[-122.2,47.4],[-122.2,47.39],[-122.21,47.39],[-122.21,47.38],[-122.2,47.38],[-122.2,47.37],[-122.19,47.37],[-122.19,47.36],[-122.19,47.35],[-122.19,47.34],[-122.19,47.33],[-122.18,47.33],[-122.18,47.32],[-122.19,47.32],[-122.19,47.31],[-122.18,47.31],[-122.17,47.31],[-122.16,47.3],[-122.16,47.29],[-122.15,47.28],[-122.17,47.27],[-122.18,47.27],[-122.19,47.27],[-122.19,47.26],[-122.2,47.26],[-122.21,47.26],[-122.21,47.27],[-122.22,47.26],[-122.22,47.25],[-122.22,47.24],[-122.22,47.23],[-122.22,47.22],[-122.22,47.21],[-122.21,47.21],[-122.21,47.2],[-122.2,47.2],[-122.2,47.19],[-122.2,47.18],[-122.19,47.18],[-122.19,47.17],[-122.2,47.16],[-122.22,47.16],[-122.23,47.16],[-122.24,47.16],[-122.24,47.17],[-122.25,47.17],[-122.26,47.17],[-122.27,47.17],[-122.28,47.17],[-122.29,47.17],[-122.29,47.16],[-122.29,47.12],[-122.32,47.11],[-122.33,47.1],[-122.36,47.1],[-122.36,47.09],[-122.35,47.09],[-122.35,47.08],[-122.36,47.08],[-122.37,47.08],[-122.38,47.08],[-122.39,47.08],[-122.39,47.09],[-122.4,47.09],[-122.41,47.09],[-122.42,47.09],[-122.42,47.08],[-122.42,47.07],[-122.43,47.07],[-122.43,47.08],[-122.44,47.08],[-122.44,47.07],[-122.45,47.07],[-122.46,47.07],[-122.45,47.06],[-122.46,47.06],[-122.47,47.06],[-122.48,47.05],[-122.49,47.04],[-122.5,47.04],[-122.5,47.03],[-122.51,47.03],[-122.51,47.02],[-122.52,47.01],[-122.52,47.0],[-122.52,46.99],[-122.52,46.98],[-122.53,46.98],[-122.53,46.97],[-122.54,46.97],[-122.54,46.96],[-122.55,46.96],[-122.55,46.95],[-122.55,46.94],[-122.54,46.94],[-122.54,46.93],[-122.55,46.93],[-122.56,46.93],[-122.56,46.94],[-122.57,46.94],[-122.57,46.95],[-122.57,46.96],[-122.56,46.96],[-122.56,46.97],[-122.57,46.97],[-122.58,46.97],[-122.59,46.97],[-122.6,46.97],[-122.6,46.98],[-122.61,46.98],[-122.61,46.97],[-122.62,46.97],[-122.63,46.97],[-122.63,46.98],[-122.64,46.98],[-122.63,46.99],[-122.63,47.0],[-122.64,47.0],[-122.65,47.0]],[[-122.42,47.27],[-122.41,47.26],[-122.41,47.27],[-122.42,47.27]],[[-122.42,47.09],[-122.42,47.1],[-122.43,47.09],[-122.42,47.09]]],[[[-122.16,47.46],[-122.16,47.45],[-122.17,47.45],[-122.16,47.46]]],[[[-122.53,46.93],[-122.52,46.92],[-122.53,46.92],[-122.53,46.93]]],[[[-122.52,47.38],[-122.52,47.39],[-122.53,47.39],[-122.53,47.4],[-122.52,47.4],[-122.52,47.41],[-122.51,47.41],[-122.51,47.42],[-122.51,47.43],[-122.51,47.44],[-122.51,47.45],[-122.51,47.46],[-122.5,47.46],[-122.5,47.47],[-122.5,47.48],[-122.49,47.48],[-122.48,47.48],[-122.48,47.49],[-122.48,47.5],[-122.48,47.51],[-122.47,47.51],[-122.46,47.51],[-122.45,47.5],[-122.46,47.5],[-122.46,47.49],[-122.46,47.48],[-122.45,47.48],[-122.45,47.47],[-122.44,47.47],[-122.43,47.47],[-122.43,47.46],[-122.44,47.46],[-122.44,47.45],[-122.44,47.44],[-122.44,47.43],[-122.43,47.43],[-122.43,47.42],[-122.44,47.42],[-122.44,47.41],[-122.45,47.41],[-122.45,47.4],[-122.45,47.39],[-122.45,47.38],[-122.46,47.39],[-122.47,47.39],[-122.48,47.39],[-122.48,47.38],[-122.49,47.38],[-122.49,47.37],[-122.49,47.36],[-122.49,47.35],[-122.49,47.34],[-122.49,47.33],[-122.5,47.33],[-122.51,47.33],[-122.52,47.33],[-122.52,47.34],[-122.53,47.34],[-122.53,47.35],[-122.53,47.36],[-122.52,47.36],[-122.52,47.37],[-122.52,47.38]]],[[[-122.45,47.38],[-122.44,47.38],[-122.44,47.39],[-122.44,47.4],[-122.44,47.41],[-122.43,47.41],[-122.43,47.4],[-122.42,47.4],[-122.41,47.4],[-122.4,47.4],[-122.39,47.4],[-122.38,47.39],[-122.38,47.38],[-122.39,47.38],[-122.4,47.38],[-122.41,47.38],[-122.42,47.37],[-122.43,47.37],[-122.44,47.37],[-122.44,47.36],[-122.45,47.36],[-122.45,47.35],[-122.45,47.34],[-122.46,47.34],[-122.47,47.34],[-122.47,47.35],[-122.48,47.35],[-122.47,47.36],[-122.47,47.37],[-122.46,47.37],[-122.45,47.37],[-122.45,47.38]]],[[[-122.83,47.26],[-122.82,47.26],[-122.82,47.27],[-122.82,47.28],[-122.81,47.28],[-122.8,47.29],[-122.79,47.3],[-122.79,47.31],[-122.79,47.32],[-122.79,47.33],[-122.79,47.34],[-122.78,47.34],[-122.8,47.35],[-122.79,47.35],[-122.79,47.36],[-122.8,47.36],[-122.8,47.38],[-122.8,47.39],[-122.8,47.4],[-122.78,47.4],[-122.76,47.4],[-122.75,47.4],[-122.74,47.4],[-122.71,47.4],[-122.69,47.4],[-122.65,47.4],[-122.64,47.4],[-122.64,47.39],[-122.64,47.38],[-122.65,47.38],[-122.66,47.37],[-122.67,47.37],[-122.68,47.37],[-122.69,47.36],[-122.7,47.35],[-122.71,47.35],[-122.71,47.34],[-122.72,47.34],[-122.73,47.34],[-122.73,47.33],[-122.73,47.32],[-122.74,47.32],[-122.74,47.31],[-122.75,47.3],[-122.75,47.29],[-122.75,47.28],[-122.76,47.28],[-122.76,47.27],[-122.75,47.27],[-122.75,47.26],[-122.74,47.26],[-122.74,47.25],[-122.73,47.25],[-122.73,47.24],[-122.72,47.25],[-122.72,47.24],[-122.73,47.23],[-122.72,47.23],[-122.72,47.22],[-122.73,47.22],[-122.73,47.21],[-122.74,47.21],[-122.75,47.21],[-122.75,47.2],[-122.74,47.2],[-122.74,47.19],[-122.75,47.19],[-122.75,47.18],[-122.75,47.17],[-122.76,47.17],[-122.77,47.17],[-122.77,47.18],[-122.78,47.18],[-122.79,47.19],[-122.81,47.21],[-122.81,47.22],[-122.81,47.23],[-122.82,47.23],[-122.83,47.24],[-122.83,47.25],[-122.83,47.26]],[[-122.79,47.36],[-122.78,47.37],[-122.79,47.37],[-122.79,47.36]],[[-122.73,47.34],[-122.73,47.35],[-122.74,47.35],[-122.73,47.34]],[[-122.75,47.21],[-122.75,47.22],[-122.76,47.21],[-122.75,47.21]],[[-122.78,47.18],[-122.77,47.19],[-122.78,47.19],[-122.78,47.18]]],[[[-122.63,47.4],[-122.62,47.4],[-122.58,47.4],[-122.56,47.4],[-122.55,47.4],[-122.55,47.39],[-122.55,47.38],[-122.54,47.38],[-122.54,47.37],[-122.55,47.37],[-122.55,47.36],[-122.55,47.35],[-122.56,47.35],[-122.56,47.34],[-122.57,47.33],[-122.58,47.34],[-122.59,47.34],[-122.59,47.33],[-122.58,47.33],[-122.57,47.32],[-122.56,47.3],[-122.55,47.29],[-122.56,47.27],[-122.58,47.26],[-122.59,47.25],[-122.59,47.26],[-122.6,47.26],[-122.6,47.27],[-122.61,47.27],[-122.62,47.27],[-122.63,47.28],[-122.64,47.28],[-122.65,47.28],[-122.66,47.28],[-122.66,47.29],[-122.67,47.29],[-122.68,47.29],[-122.68,47.3],[-122.69,47.31],[-122.68,47.31],[-122.68,47.32],[-122.67,47.32],[-122.66,47.32],[-122.65,47.33],[-122.66,47.33],[-122.66,47.34],[-122.67,47.34],[-122.66,47.35],[-122.65,47.35],[-122.65,47.36],[-122.64,47.36],[-122.64,47.37],[-122.63,47.37],[-122.62,47.37],[-122.62,47.38],[-122.63,47.38],[-122.63,47.39],[-122.63,47.4]],[[-122.6,47.27],[-122.59,47.27],[-122.59,47.28],[-122.6,47.28],[-122.6,47.27]],[[-122.6,47.28],[-122.6,47.29],[-122.61,47.29],[-122.6,47.28]]],[[[-122.83,47.26],[-122.84,47.26],[-122.84,47.27],[-122.83,47.27],[-122.83,47.26]]],[[[-122.73,47.21],[-122.72,47.21],[-122.72,47.22],[-122.71,47.22],[-122.7,47.23],[-122.69,47.23],[-122.68,47.23],[-122.68,47.22],[-122.67,47.22],[-122.67,47.21],[-122.66,47.21],[-122.66,47.22],[-122.65,47.22],[-122.64,47.21],[-122.64,47.2],[-122.66,47.2],[-122.66,47.19],[-122.68,47.19],[-122.69,47.19],[-122.7,47.2],[-122.72,47.2],[-122.73,47.21]]],[[[-122.68,47.29],[-122.68,47.28],[-122.69,47.28],[-122.68,47.29]]],[[[-122.69,47.28],[-122.7,47.28],[-122.7,47.29],[-122.69,47.29],[-122.69,47.28]]],[[[-122.66,47.28],[-122.66,47.27],[-122.67,47.27],[-122.67,47.28],[-122.66,47.28]]],[[[-122.66,47.27],[-122.65,47.27],[-122.64,47.26],[-122.63,47.27],[-122.63,47.26],[-122.62,47.26],[-122.61,47.25],[-122.6,47.24],[-122.59,47.24],[-122.59,47.23],[-122.6,47.22],[-122.61,47.22],[-122.62,47.23],[-122.63,47.24],[-122.64,47.25],[-122.65,47.26],[-122.66,47.26],[-122.66,47.27]]],[[[-122.63,47.16],[-122.63,47.15],[-122.64,47.15],[-122.64,47.16],[-122.63,47.16]]],[[[-122.73,47.14],[-122.73,47.15],[-122.74,47.15],[-122.73,47.16],[-122.73,47.17],[-122.72,47.18],[-122.71,47.18],[-122.71,47.19],[-122.7,47.18],[-122.69,47.18],[-122.68,47.18],[-122.67,47.17],[-122.68,47.15],[-122.68,47.14],[-122.69,47.15],[-122.7,47.15],[-122.7,47.14],[-122.71,47.14],[-122.7,47.13],[-122.71,47.13],[-122.72,47.14],[-122.73,47.14]]],[[[-122.7,47.14],[-122.69,47.13],[-122.7,47.12],[-122.7,47.13],[-122.7,47.14]]]]}},
{"type":"Feature","properties":{"ugc":"WAZ317","name":"Olympia and Southern Puget Sound","state":"WA","wfo":"SEW"},"geometry":{"type":"MultiPolygon","coordinates":[[[[-123.28,47.26],[-123.28,47.27],[-123.27,47.28],[-123.27,47.29],[-123.26,47.29],[-123.25,47.29],[-123.25,47.28],[-123.24,47.29],[-123.23,47.29],[-123.23,47.28],[-123.22,47.28],[-123.21,47.28],[-123.21,47.29],[-123.2,47.29],[-123.16,47.29],[-123.07,47.33],[-123.06,47.33],[-123.05,47.33],[-123.04,47.33],[-123.04,47.34],[-123.03,47.34],[-123.02,47.34],[-123.02,47.35],[-123.01,47.34],[-123.0,47.34],[-122.99,47.34],[-122.99,47.35],[-122.98,47.35],[-122.97,47.35],[-122.97,47.36],[-122.82,47.4],[-122.82,47.39],[-122.83,47.39],[-122.83,47.38],[-122.83,47.37],[-122.82,47.36],[-122.83,47.36],[-122.83,47.35],[-122.83,47.34],[-122.83,47.33],[-122.84,47.33],[-122.84,47.32],[-122.84,47.31],[-122.85,47.31],[-122.86,47.31],[-122.87,47.31],[-122.87,47.3],[-122.88,47.3],[-122.89,47.3],[-122.89,47.29],[-122.88,47.29],[-122.87,47.29],[-122.86,47.3],[-122.85,47.3],[-122.86,47.29],[-122.86,47.28],[-122.87,47.28],[-122.87,47.27],[-122.87,47.26],[-122.87,47.25],[-122.87,47.24],[-122.86,47.24],[-122.86,47.23],[-122.86,47.22],[-122.85,47.22],[-122.85,47.21],[-122.84,47.21],[-122.84,47.2],[-122.85,47.2],[-122.85,47.19],[-122.85,47.18],[-122.86,47.18],[-122.86,47.17],[-122.87,47.17],[-122.87,47.16],[-122.86,47.16],[-122.85,47.16],[-122.84,47.16],[-122.84,47.15],[-122.84,47.14],[-122.85,47.14],[-122.84,47.13],[-122.84,47.12],[-122.83,47.12],[-122.83,47.13],[-122.83,47.14],[-122.83,47.15],[-122.83,47.16],[-122.83,47.17],[-122.82,47.17],[-122.82,47.18],[-122.81,47.17],[-122.81,47.16],[-122.8,47.16],[-122.8,47.15],[-122.79,47.15],[-122.79,47.14],[-122.79,47.13],[-122.78,47.13],[-122.78,47.12],[-122.77,47.12],[-122.76,47.12],[-122.75,47.11],[-122.74,47.11],[-122.73,47.1],[-122.72,47.1],[-122.72,47.09],[-122.71,47.09],[-122.71,47.08],[-122.71,47.07],[-122.7,47.07],[-122.7,47.06],[-122.69,47.06],[-122.69,47.05],[-122.68,47.05],[-122.68,47.04],[-122.68,47.03],[-122.67,47.03],[-122.67,47.02],[-122.67,47.01],[-122.66,47.01],[-122.66,47.0],[-122.65,47.0],[-122.64,47.0],[-122.63,47.0],[-122.63,46.99],[-122.64,46.98],[-122.63,46.98],[-122.63,46.97],[-122.62,46.97],[-122.61,46.97],[-122.61,46.98],[-122.6,46.98],[-122.6,46.97],[-122.59,46.97],[-122.58,46.97],[-122.57,46.97],[-122.56,46.97],[-122.56,46.96],[-122.57,46.96],[-122.57,46.95],[-122.57,46.94],[-122.56,46.94],[-122.56,46.93],[-122.55,46.93],[-122.54,46.93],[-122.53,46.93],[-122.53,46.92],[-122.52,46.92],[-122.51,46.92],[-122.51,46.91],[-122.5,46.91],[-122.5,46.89],[-122.51,46.88],[-122.52,46.88],[-122.53,46.87],[-122.54,46.87],[-122.55,46.87],[-122.56,46.87],[-122.57,46.86],[-122.56,46.85],[-122.55,46.84],[-122.54,46.83],[-122.55,46.83],[-122.57,46.83],[-122.58,46.83],[-122.59,46.83],[-122.61,46.83],[-122.62,46.83],[-122.61,46.82],[-122.63,46.82],[-122.64,46.82],[-122.65,46.83],[-122.68,46.84],[-122.69,46.84],[-122.7,46.85],[-122.71,46.86],[-122.72,46.86],[-122.72,46.85],[-122.73,46.86],[-122.74,46.87],[-122.75,46.87],[-122.77,46.9],[-122.82,46.92],[-122.86,46.94],[-122.97,46.94],[-122.97,47.0],[-123.01,47.0],[-123.01,47.01],[-123.02,47.05],[-123.03,47.07],[-123.08,47.08],[-123.12,47.09],[-123.15,47.1],[-123.18,47.1],[-123.19,47.1],[-123.19,47.11],[-123.16,47.11],[-123.11,47.14],[-123.12,47.15],[-123.14,47.16],[-123.16,47.17],[-123.19,47.2],[-123.23,47.2],[-123.27,47.21],[-123.28,47.24],[-123.28,47.26]],[[-122.87,47.16],[-122.88,47.16],[-122.88,47.17],[-122.88,47.18],[-122.88,47.19],[-122.89,47.19],[-122.89,47.2],[-122.89,47.21],[-122.9,47.21],[-122.9,47.22],[-122.91,47.22],[-122.92,47.22],[-122.92,47.21],[-122.93,47.21],[-122.93,47.22],[-122.93,47.23],[-122.94,47.22],[-122.94,47.21],[-122.95,47.21],[-122.96,47.21],[-122.97,47.21],[-122.97,47.2],[-122.96,47.2],[-122.95,47.2],[-122.94,47.2],[-122.94,47.19],[-122.93,47.19],[-122.93,47.18],[-122.93,47.17],[-122.92,47.17],[-122.92,47.16],[-122.93,47.16],[-122.93,47.15],[-122.94,47.15],[-122.94,47.14],[-122.95,47.14],[-122.96,47.14],[-122.96,47.13],[-122.96,47.12],[-122.96,47.11],[-122.96,47.1],[-122.95,47.1],[-122.94,47.11],[-122.94,47.12],[-122.94,47.13],[-122.93,47.14],[-122.93,47.13],[-122.92,47.12],[-122.92,47.11],[-122.93,47.11],[-122.93,47.1],[-122.93,47.09],[-122.94,47.08],[-122.93,47.08],[-122.92,47.07],[-122.92,47.06],[-122.91,47.06],[-122.9,47.06],[-122.9,47.07],[-122.9,47.08],[-122.9,47.09],[-122.9,47.1],[-122.89,47.1],[-122.89,47.11],[-122.89,47.12],[-122.9,47.12],[-122.9,47.13],[-122.91,47.13],[-122.91,47.14],[-122.9,47.14],[-122.9,47.15],[-122.89,47.14],[-122.89,47.15],[-122.88,47.15],[-122.87,47.15],[-122.87,47.16]],[[-122.93,47.23],[-122.92,47.23],[-122.93,47.24],[-122.92,47.24],[-122.92,47.25],[-122.92,47.26],[-122.92,47.27],[-122.92,47.28],[-122.93,47.28],[-122.93,47.27],[-122.93,47.26],[-122.93,47.25],[-122.94,47.25],[-122.94,47.24],[-122.94,47.23],[-122.93,47.23]],[[-122.92,47.28],[-122.91,47.28],[-122.9,47.28],[-122.9,47.29],[-122.91,47.29],[-122.92,47.29],[-122.92,47.28]],[[-122.94,47.19],[-122.95,47.19],[-122.96,47.18],[-122.96,47.17],[-122.97,47.17],[-122.98,47.17],[-122.99,47.17],[-123.0,47.17],[-123.0,47.16],[-123.01,47.16],[-123.01,47.15],[-123.02,47.15],[-123.02,47.14],[-123.02,47.13],[-123.02,47.12],[-123.01,47.12],[-123.01,47.13],[-123.0,47.13],[-123.0,47.14],[-123.0,47.15],[-122.99,47.15],[-122.98,47.15],[-122.98,47.14],[-122.97,47.14],[-122.97,47.15],[-122.96,47.15],[-122.96,47.16],[-122.95,47.16],[-122.95,47.17],[-122.94,47.17],[-122.94,47.18],[-122.94,47.19]],[[-123.02,47.12],[-123.03,47.12],[-123.04,47.12],[-123.05,47.12],[-123.06,47.12],[-123.07,47.12],[-123.07,47.11],[-123.06,47.11],[-123.05,47.11],[-123.04,47.11],[-123.03,47.11],[-123.02,47.11],[-123.02,47.12]],[[-123.07,47.11],[-123.08,47.11],[-123.08,47.1],[-123.07,47.1],[-123.07,47.11]],[[-122.96,47.1],[-122.97,47.1],[-122.98,47.1],[-122.99,47.1],[-122.99,47.09],[-122.99,47.08],[-122.98,47.08],[-122.98,47.09],[-122.97,47.09],[-122.96,47.09],[-122.96,47.1]],[[-122.9,47.06],[-122.9,47.05],[-122.89,47.05],[-122.89,47.06],[-122.9,47.06]],[[-122.9,47.05],[-122.91,47.05],[-122.91,47.04],[-122.9,47.04],[-122.9,47.05]],[[-122.72,47.09],[-122.73,47.09],[-122.73,47.08],[-122.72,47.09]],[[-123.0,47.2],[-123.0,47.21],[-123.01,47.21],[-123.02,47.21],[-123.03,47.21],[-123.04,47.21],[-123.05,47.21],[-123.06,47.21],[-123.07,47.21],[-123.07,47.2],[-123.06,47.2],[-123.05,47.2],[-123.04,47.2],[-123.03,47.2],[-123.02,47.2],[-123.01,47.2],[-123.0,47.2]],[[-123.07,47.21],[-123.07,47.22],[-123.08,47.22],[-123.09,47.21],[-123.08,47.21],[-123.07,47.21]],[[-123.07,47.22],[-123.06,47.22],[-123.05,47.22],[-123.05,47.23],[-123.05,47.24],[-123.06,47.24],[-123.06,47.23],[-123.07,47.23],[-123.07,47.22]],[[-123.04,47.24],[-123.03,47.25],[-123.04,47.25],[-123.04,47.24]],[[-123.03,47.25],[-123.02,47.25],[-123.02,47.26],[-123.03,47.26],[-123.03,47.25]],[[-122.83,47.1],[-122.82,47.1],[-122.82,47.11],[-122.83,47.1]],[[-122.91,47.03],[-122.91,47.02],[-122.9,47.02],[-122.9,47.03],[-122.91,47.03]],[[-123.0,47.08],[-123.01,47.08],[-123.02,47.07],[-123.02,47.06],[-123.01,47.06],[-123.01,47.07],[-123.0,47.07],[-123.0,47.08]],[[-123.0,47.06],[-123.0,47.05],[-122.99,47.05],[-123.0,47.06]]],[[[-122.71,47.09],[-122.71,47.1],[-122.7,47.1],[-122.7,47.09],[-122.71,47.09]]],[[[-122.92,47.21],[-122.91,47.21],[-122.91,47.2],[-122.92,47.2],[-122.92,47.21]]],[[[-122.92,47.19],[-122.91,47.2],[-122.91,47.19],[-122.92,47.19]]],[[[-122.91,47.19],[-122.9,47.19],[-122.9,47.18],[-122.91,47.18],[-122.92,47.18],[-122.91,47.19]]],[[[-122.9,47.18],[-122.89,47.17],[-122.9,47.17],[-122.9,47.18]]],[[[-122.83,47.33],[-122.82,47.33],[-122.82,47.32],[-122.83,47.32],[-122.83,47.33]]],[[[-122.83,47.34],[-122.82,47.35],[-122.82,47.34],[-122.83,47.34]]],[[[-122.81,47.4],[-122.8,47.4],[-122.8,47.39],[-122.8,47.38],[-122.8,47.36],[-122.81,47.36],[-122.81,47.37],[-122.82,47.37],[-122.82,47.38],[-122.81,47.38],[-122.81,47.39],[-122.81,47.4]]]]}},
{"type":"Feature","properties":{"ugc":"WAZ318","name":"Lowlands of Lewis and Southern Thurston Counties","state":"WA","wfo":"SEW"},"geometry":{"type":"MultiPolygon","coordinates":[[[[-123.06,46.73],[-123.06,46.74],[-123.07,46.74],[-123.07,46.75],[-123.08,46.75],[-123.09,46.75],[-123.1,46.76],[-123.12,46.76],[-123.16,46.76],[-123.16,46.78],[-123.16,46.79],[-123.16,46.83],[-123.16,46.84],[-123.16,46.85],[-123.15,46.85],[-123.12,46.85],[-123.11,46.85],[-123.08,46.89],[-123.07,46.92],[-123.06,46.93],[-123.05,46.96],[-123.01,47.0],[-122.97,47.0],[-122.97,46.94],[-122.86,46.94],[-122.82,46.92],[-122.77,46.9],[-122.75,46.87],[-122.75,46.86],[-122.76,46.86],[-122.77,46.86],[-122.78,46.86],[-122.78,46.85],[-122.78,46.84],[-122.79,46.84],[-122.8,46.84],[-122.81,46.84],[-122.82,46.85],[-122.83,46.85],[-122.84,46.85],[-122.85,46.85],[-122.85,46.84],[-122.84,46.84],[-122.84,46.83],[-122.83,46.83],[-122.82,46.82],[-122.81,46.82],[-122.81,46.81],[-122.8,46.81],[-122.79,46.81],[-122.78,46.81],[-122.77,46.8],[-122.76,46.81],[-122.76,46.8],[-122.75,46.8],[-122.75,46.81],[-122.74,46.8],[-122.74,46.79],[-122.73,46.79],[-122.73,46.78],[-122.74,46.78],[-122.74,46.77],[-122.73,46.77],[-122.73,46.76],[-122.73,46.75],[-122.74,46.75],[-122.74,46.74],[-122.75,46.74],[-122.75,46.73],[-122.76,46.73],[-122.76,46.74],[-122.77,46.74],[-122.78,46.74],[-122.79,46.74],[-122.78,46.73],[-122.79,46.72],[-122.78,46.72],[-122.78,46.71],[-122.79,46.71],[-122.79,46.7],[-122.8,46.7],[-122.81,46.7],[-122.82,46.7],[-122.81,46.69],[-122.81,46.68],[-122.82,46.68],[-122.83,46.68],[-122.83,46.69],[-122.84,46.69],[-122.85,46.69],[-122.85,46.7],[-122.86,46.7],[-122.86,46.69],[-122.87,46.69],[-122.87,46.68],[-122.88,46.68],[-122.89,46.68],[-122.91,46.68],[-122.92,46.68],[-122.93,46.68],[-122.93,46.69],[-122.94,46.69],[-122.95,46.69],[-122.95,46.68],[-122.96,46.68],[-122.95,46.67],[-122.95,46.66],[-122.94,46.66],[-122.94,46.65],[-122.93,46.65],[-122.92,46.65],[-122.92,46.64],[-122.91,46.64],[-122.9,46.64],[-122.89,46.64],[-122.89,46.63],[-122.88,46.63],[-122.87,46.63],[-122.88,46.62],[-122.87,46.62],[-122.86,46.62],[-122.85,46.61],[-122.84,46.61],[-122.84,46.62],[-122.83,46.62],[-122.82,46.63],[-122.81,46.63],[-122.8,46.63],[-122.8,46.64],[-122.79,46.64],[-122.78,46.66],[-122.78,46.67],[-122.77,46.67],[-122.77,46.66],[-122.77,46.65],[-122.76,46.65],[-122.76,46.64],[-122.77,46.64],[-122.77,46.63],[-122.78,46.63],[-122.78,46.62],[-122.79,46.62],[-122.8,46.61],[-122.81,46.61],[-122.81,46.6],[-122.81,46.59],[-122.82,46.59],[-122.81,46.58],[-122.8,46.58],[-122.79,46.58],[-122.78,46.58],[-122.77,46.58],[-122.77,46.57],[-122.78,46.57],[-122.79,46.57],[-122.79,46.56],[-122.8,46.56],[-122.81,46.57],[-122.81,46.56],[-122.82,46.56],[-122.82,46.57],[-122.83,46.57],[-122.84,46.57],[-122.85,46.57],[-122.86,46.57],[-122.87,46.56],[-122.88,46.56],[-122.88,46.55],[-122.87,46.55],[-122.86,46.55],[-122.85,46.54],[-122.86,46.54],[-122.86,46.53],[-122.85,46.53],[-122.85,46.52],[-122.86,46.52],[-122.87,46.52],[-122.87,46.51],[-122.86,46.51],[-122.85,46.51],[-122.84,46.51],[-122.83,46.51],[-122.83,46.52],[-122.82,46.52],[-122.81,46.52],[-122.81,46.53],[-122.8,46.53],[-122.79,46.53],[-122.79,46.54],[-122.78,46.54],[-122.77,46.54],[-122.76,46.54],[-122.75,46.54],[-122.75,46.55],[-122.74,46.55],[-122.74,46.54],[-122.73,46.54],[-122.73,46.53],[-122.72,46.53],[-122.72,46.52],[-122.71,46.52],[-122.71,46.51],[-122.7,46.51],[-122.7,46.52],[-122.69,46.52],[-122.68,46.52],[-122.67,46.52],[-122.66,46.53],[-122.65,46.53],[-122.64,46.53],[-122.64,46.52],[-122.63,46.52],[-122.62,46.52],[-122.61,46.51],[-122.62,46.51],[-122.63,46.51],[-122.63,46.5],[-122.64,46.5],[-122.64,46.49],[-122.65,46.49],[-122.66,46.49],[-122.66,46.48],[-122.67,46.48],[-122.67,46.47],[-122.68,46.47],[-122.69,46.47],[-122.7,46.47],[-122.7,46.46],[-122.7,46.45],[-122.71,46.45],[-122.71,46.44],[-122.7,46.44],[-122.7,46.43],[-122.7,46.42],[-122.71,46.42],[-122.72,46.42],[-122.72,46.41],[-122.72,46.4],[-122.71,46.4],[-122.7,46.41],[-122.69,46.41],[-122.68,46.41],[-122.67,46.4],[-122.67,46.39],[-122.68,46.39],[-122.75,46.39],[-122.79,46.39],[-122.85,46.39],[-122.9,46.39],[-122.96,46.39],[-122.97,46.4],[-122.98,46.39],[-122.98,46.4],[-122.99,46.4],[-123.0,46.4],[-123.0,46.41],[-122.99,46.43],[-122.99,46.44],[-122.99,46.45],[-122.99,46.46],[-122.98,46.46],[-122.97,46.47],[-122.97,46.48],[-122.97,46.49],[-122.98,46.5],[-122.97,46.5],[-122.97,46.51],[-122.95,46.5],[-122.95,46.51],[-122.95,46.52],[-122.95,46.53],[-122.96,46.53],[-122.96,46.54],[-122.97,46.55],[-122.98,46.56],[-122.99,46.57],[-123.0,46.58],[-123.01,46.58],[-123.01,46.57],[-123.02,46.57],[-123.02,46.58],[-123.03,46.58],[-123.03,46.59],[-123.02,46.59],[-123.02,46.6],[-123.03,46.6],[-123.04,46.6],[-123.04,46.61],[-123.05,46.61],[-123.06,46.61],[-123.07,46.61],[-123.08,46.61],[-123.09,46.62],[-123.1,46.62],[-123.11,46.62],[-123.12,46.62],[-123.13,46.63],[-123.13,46.64],[-123.14,46.64],[-123.14,46.65],[-123.14,46.66],[-123.14,46.67],[-123.13,46.67],[-123.12,46.67],[-123.11,46.67],[-123.11,46.66],[-123.1,46.66],[-123.1,46.67],[-123.09,46.67],[-123.08,46.66],[-123.07,46.66],[-123.06,46.66],[-123.05,46.67],[-123.04,46.67],[-123.04,46.66],[-123.03,46.66],[-123.03,46.67],[-123.02,46.67],[-123.02,46.68],[-123.03,46.68],[-123.04,46.68],[-123.03,46.69],[-123.02,46.69],[-123.02,46.7],[-123.03,46.7],[-123.03,46.71],[-123.04,46.71],[-123.04,46.7],[-123.05,46.7],[-123.05,46.71],[-123.06,46.71],[-123.05,46.72],[-123.06,46.72],[-123.07,46.72],[-123.07,46.73],[-123.06,46.73]]],[[[-122.98,46.5],[-122.99,46.5],[-122.99,46.51],[-122.98,46.51],[-122.98,46.5]]],[[[-122.99,46.45],[-123.0,46.45],[-123.0,46.46],[-122.99,46.45]]],[[[-122.73,46.75],[-122.72,46.75],[-122.73,46.74],[-122.73,46.75]]]]}},
{"type":"Feature","properties":{"ugc":"WAZ319","name":"Middle Chehalis River Valley","state":"WA","wfo":"SEW"},"geometry":{"type":"MultiPolygon","coordinates":[[[[-123.62,47.17],[-123.63,47.13],[-123.61,47.13],[-123.59,47.14],[-123.58,47.18],[-123.56,47.21],[-123.56,47.23],[-123.55,47.21],[-123.54,47.19],[-123.53,47.19],[-123.53,47.22],[-123.52,47.23],[-123.51,47.24],[-123.49,47.25],[-123.51,47.22],[-123.51,47.2],[-123.49,47.23],[-123.47,47.24],[-123.44,47.25],[-123.41,47.24],[-123.39,47.23],[-123.38,47.25],[-123.37,47.24],[-123.34,47.21],[-123.33,47.22],[-123.32,47.24],[-123.28,47.24],[-123.272857142857134,47.21857142857143],[-123.29,47.21],[-123.29,47.2],[-123.3,47.19],[-123.32,47.13],[-123.34,47.1],[-123.34,47.09],[-123.32,47.07],[-123.25,47.08],[-123.25,47.06],[-123.25,47.05],[-123.25,47.04],[-123.29,47.05],[-123.32,47.04],[-123.33,47.03],[-123.35,46.99],[-123.3,46.96],[-123.29,46.93],[-123.29,46.91],[-123.28,46.89],[-123.24,46.86],[-123.22,46.85],[-123.2,46.84],[-123.18,46.84],[-123.16,46.85],[-123.16,46.84],[-123.16,46.83],[-123.16,46.79],[-123.2,46.79],[-123.22,46.79],[-123.22,46.8],[-123.25,46.8],[-123.27,46.8],[-123.29,46.8],[-123.31,46.79],[-123.32,46.8],[-123.33,46.81],[-123.32,46.81],[-123.3,46.81],[-123.29,46.81],[-123.28,46.82],[-123.29,46.83],[-123.3,46.83],[-123.3,46.84],[-123.31,46.85],[-123.33,46.86],[-123.34,46.87],[-123.33,46.87],[-123.32,46.88],[-123.32,46.89],[-123.33,46.89],[-123.33,46.9],[-123.33,46.91],[-123.34,46.91],[-123.35,46.91],[-123.36,46.9],[-123.36,46.91],[-123.36,46.92],[-123.36,46.93],[-123.37,46.93],[-123.38,46.93],[-123.39,46.93],[-123.4,46.93],[-123.41,46.93],[-123.42,46.93],[-123.43,46.93],[-123.42,46.94],[-123.41,46.94],[-123.4,46.95],[-123.41,46.96],[-123.42,46.96],[-123.43,46.96],[-123.46,46.94],[-123.47,46.94],[-123.48,46.93],[-123.48,46.94],[-123.48,46.95],[-123.48,46.96],[-123.49,46.96],[-123.5,46.96],[-123.51,46.96],[-123.49,46.97],[-123.47,46.97],[-123.46,46.98],[-123.46,46.99],[-123.48,47.0],[-123.51,47.01],[-123.53,47.0],[-123.59,46.99],[-123.63,46.99],[-123.64,47.0],[-123.63,47.01],[-123.63,47.02],[-123.65,47.02],[-123.67,47.02],[-123.69,47.02],[-123.7,47.02],[-123.7,47.0],[-123.68,46.99],[-123.69,46.98],[-123.73,46.98],[-123.73,46.99],[-123.72,46.99],[-123.74,47.0],[-123.75,47.0],[-123.78,46.99],[-123.78,47.0],[-123.76,47.02],[-123.78,47.03],[-123.78,47.04],[-123.77,47.04],[-123.76,47.06],[-123.75,47.07],[-123.71,47.11],[-123.7,47.12],[-123.65,47.15],[-123.65,47.18],[-123.63,47.2],[-123.64,47.23],[-123.66,47.25],[-123.66,47.28],[-123.65,47.29],[-123.64,47.28],[-123.64,47.26],[-123.63,47.23],[-123.61,47.21],[-123.61,47.19],[-123.62,47.17]]]]}},
{"type":"Feature","properties":{"ugc":"WAZ320","name":"Willapa and Black Hills","state":"WA","wfo":"SEW"},"geometry":{"type":"MultiPolygon","coordinates":[[[[-123.61,46.94],[-123.61,46.95],[-123.6,46.95],[-123.59,46.95],[-123.59,46.96],[-123.58,46.96],[-123.58,46.95],[-123.57,46.95],[-123.55,46.96],[-123.55,46.95],[-123.55,46.94],[-123.53,46.94],[-123.52,46.95],[-123.51,46.96],[-123.5,46.96],[-123.49,46.96],[-123.48,46.96],[-123.48,46.95],[-123.48,46.94],[-123.48,46.93],[-123.47,46.94],[-123.46,46.94],[-123.43,46.96],[-123.42,46.96],[-123.41,46.96],[-123.4,46.95],[-123.41,46.94],[-123.42,46.94],[-123.43,46.93],[-123.42,46.93],[-123.41,46.93],[-123.4,46.93],[-123.39,46.93],[-123.38,46.93],[-123.37,46.93],[-123.36,46.93],[-123.36,46.92],[-123.36,46.91],[-123.36,46.9],[-123.35,46.91],[-123.34,46.91],[-123.33,46.91],[-123.33,46.9],[-123.33,46.89],[-123.32,46.89],[-123.32,46.88],[-123.33,46.87],[-123.34,46.87],[-123.33,46.86],[-123.31,46.85],[-123.3,46.84],[-123.3,46.83],[-123.29,46.83],[-123.28,46.82],[-123.29,46.81],[-123.3,46.81],[-123.32,46.81],[-123.33,46.81],[-123.32,46.8],[-123.31,46.79],[-123.29,46.8],[-123.27,46.8],[-123.25,46.8],[-123.22,46.8],[-123.22,46.79],[-123.2,46.79],[-123.16,46.79],[-123.16,46.78],[-123.16,46.76],[-123.12,46.76],[-123.1,46.76],[-123.09,46.75],[-123.08,46.75],[-123.07,46.75],[-123.07,46.74],[-123.06,46.74],[-123.06,46.73],[-123.07,46.73],[-123.07,46.72],[-123.06,46.72],[-123.05,46.72],[-123.06,46.71],[-123.05,46.71],[-123.05,46.7],[-123.04,46.7],[-123.04,46.71],[-123.03,46.71],[-123.03,46.7],[-123.02,46.7],[-123.02,46.69],[-123.03,46.69],[-123.04,46.68],[-123.03,46.68],[-123.02,46.68],[-123.02,46.67],[-123.03,46.67],[-123.03,46.66],[-123.04,46.66],[-123.04,46.67],[-123.05,46.67],[-123.06,46.66],[-123.07,46.66],[-123.08,46.66],[-123.09,46.67],[-123.1,46.67],[-123.1,46.66],[-123.11,46.66],[-123.11,46.67],[-123.12,46.67],[-123.13,46.67],[-123.14,46.67],[-123.14,46.66],[-123.14,46.65],[-123.14,46.64],[-123.13,46.64],[-123.13,46.63],[-123.12,46.62],[-123.11,46.62],[-123.1,46.62],[-123.09,46.62],[-123.08,46.61],[-123.07,46.61],[-123.06,46.61],[-123.05,46.61],[-123.04,46.61],[-123.04,46.6],[-123.03,46.6],[-123.02,46.6],[-123.02,46.59],[-123.03,46.59],[-123.03,46.58],[-123.02,46.58],[-123.02,46.57],[-123.01,46.57],[-123.01,46.58],[-123.0,46.58],[-122.99,46.57],[-122.98,46.56],[-122.97,46.55],[-122.96,46.54],[-122.96,46.53],[-122.95,46.53],[-122.95,46.52],[-122.95,46.51],[-122.95,46.5],[-122.97,46.51],[-122.97,46.5],[-122.98,46.5],[-122.97,46.49],[-122.97,46.48],[-122.97,46.47],[-122.98,46.46],[-122.99,46.46],[-122.99,46.45],[-122.99,46.44],[-122.99,46.43],[-123.0,46.41],[-123.0,46.4],[-122.99,46.4],[-122.98,46.4],[-122.98,46.39],[-122.99,46.39],[-123.01,46.39],[-123.03,46.39],[-123.06,46.39],[-123.08,46.39],[-123.09,46.39],[-123.21,46.39],[-123.25,46.38],[-123.36,46.38],[-123.36,46.44],[-123.36,46.48],[-123.36,46.5],[-123.36,46.55],[-123.36,46.56],[-123.37,46.56],[-123.37,46.59],[-123.37,46.6],[-123.37,46.62],[-123.37,46.63],[-123.37,46.67],[-123.37,46.7],[-123.37,46.73],[-123.37,46.74],[-123.37,46.76],[-123.37,46.79],[-123.38,46.79],[-123.42,46.79],[-123.43,46.79],[-123.45,46.79],[-123.47,46.79],[-123.48,46.79],[-123.49,46.79],[-123.53,46.79],[-123.61,46.79],[-123.63,46.79],[-123.65,46.79],[-123.67,46.79],[-123.73,46.79],[-123.75,46.79],[-123.76,46.79],[-123.79,46.79],[-123.8,46.79],[-123.85,46.79],[-123.86,46.79],[-123.87,46.8],[-123.88,46.81],[-123.89,46.81],[-123.9,46.82],[-123.91,46.81],[-123.92,46.81],[-123.93,46.83],[-123.95,46.83],[-123.95,46.84],[-123.94,46.84],[-123.93,46.84],[-123.92,46.84],[-123.91,46.85],[-123.9,46.85],[-123.89,46.85],[-123.89,46.86],[-123.9,46.86],[-123.91,46.86],[-123.92,46.86],[-123.92,46.87],[-123.92,46.88],[-123.92,46.89],[-123.92,46.91],[-123.9,46.91],[-123.89,46.91],[-123.88,46.91],[-123.86,46.92],[-123.85,46.92],[-123.85,46.93],[-123.84,46.92],[-123.83,46.92],[-123.84,46.91],[-123.84,46.9],[-123.83,46.91],[-123.82,46.91],[-123.83,46.9],[-123.82,46.89],[-123.81,46.89],[-123.8,46.89],[-123.78,46.88],[-123.77,46.89],[-123.77,46.9],[-123.78,46.9],[-123.81,46.91],[-123.82,46.92],[-123.83,46.93],[-123.82,46.94],[-123.8,46.94],[-123.79,46.94],[-123.74,46.94],[-123.72,46.94],[-123.7,46.94],[-123.7,46.93],[-123.69,46.93],[-123.68,46.93],[-123.68,46.92],[-123.67,46.92],[-123.66,46.92],[-123.65,46.92],[-123.65,46.93],[-123.64,46.93],[-123.62,46.93],[-123.61,46.93],[-123.61,46.94]],[[-122.98,46.5],[-122.98,46.51],[-122.99,46.51],[-122.99,46.5],[-122.98,46.5]],[[-122.99,46.45],[-123.0,46.46],[-123.0,46.45],[-122.99,46.45]]],[[[-122.98,46.39],[-122.97,46.4],[-122.96,46.39],[-122.98,46.39]]],[[[-123.27,47.21],[-123.23,47.2],[-123.19,47.2],[-123.16,47.17],[-123.14,47.16],[-123.12,47.15],[-123.11,47.14],[-123.16,47.11],[-123.19,47.11],[-123.19,47.1],[-123.18,47.1],[-123.15,47.1],[-123.12,47.09],[-123.08,47.08],[-123.03,47.07],[-123.02,47.05],[-123.01,47.01],[-123.01,47.0],[-123.05,46.96],[-123.06,46.93],[-123.07,46.92],[-123.08,46.89],[-123.11,46.85],[-123.12,46.85],[-123.15,46.85],[-123.16,46.85],[-123.18,46.84],[-123.2,46.84],[-123.22,46.85],[-123.24,46.86],[-123.28,46.89],[-123.29,46.91],[-123.29,46.93],[-123.3,46.96],[-123.35,46.99],[-123.33,47.03],[-123.32,47.04],[-123.29,47.05],[-123.25,47.04],[-123.25,47.05],[-123.25,47.06],[-123.25,47.08],[-123.32,47.07],[-123.34,47.09],[-123.34,47.1],[-123.32,47.13],[-123.3,47.19],[-123.29,47.2],[-123.29,47.21],[-123.27,47.22],[-123.27,47.21]]]]}},
{"type":"Feature","properties":{"ugc":"WAZ321","name":"Southern Hood Canal","state":"WA","wfo":"SEW"},"geometry":{"type":"MultiPolygon","coordinates":[[[[-123.02,47.35],[-123.02,47.36],[-123.03,47.36],[-123.04,47.36],[-123.05,47.36],[-123.05,47.37],[-123.06,47.37],[-123.07,47.37],[-123.08,47.37],[-123.08,47.38],[-123.09,47.37],[-123.1,47.37],[-123.11,47.37],[-123.11,47.38],[-123.11,47.39],[-123.12,47.39],[-123.11,47.4],[-123.11,47.41],[-123.1,47.41],[-123.1,47.42],[-123.1,47.43],[-123.09,47.43],[-123.09,47.44],[-123.08,47.44],[-123.08,47.45],[-123.07,47.45],[-123.07,47.46],[-123.06,47.46],[-123.06,47.47],[-123.05,47.47],[-123.05,47.48],[-123.04,47.48],[-123.04,47.49],[-123.03,47.49],[-123.03,47.5],[-123.03,47.51],[-123.02,47.52],[-122.99,47.52],[-122.97,47.52],[-122.95,47.52],[-122.94,47.52],[-122.86,47.52],[-122.84,47.52],[-122.83,47.52],[-122.8,47.52],[-122.8,47.51],[-122.8,47.49],[-122.8,47.48],[-122.8,47.45],[-122.8,47.43],[-122.8,47.42],[-122.8,47.4],[-122.82,47.4],[-122.97,47.36],[-122.97,47.35],[-122.98,47.35],[-122.99,47.35],[-122.99,47.34],[-123.0,47.34],[-123.01,47.34],[-123.02,47.35]],[[-123.02,47.36],[-123.01,47.36],[-123.0,47.36],[-123.0,47.37],[-122.99,47.37],[-122.98,47.37],[-122.98,47.38],[-122.97,47.38],[-122.96,47.38],[-122.95,47.38],[-122.94,47.38],[-122.93,47.39],[-122.92,47.39],[-122.91,47.39],[-122.9,47.4],[-122.89,47.4],[-122.89,47.41],[-122.88,47.41],[-122.87,47.41],[-122.87,47.42],[-122.86,47.42],[-122.86,47.43],[-122.87,47.43],[-122.88,47.43],[-122.89,47.43],[-122.89,47.42],[-122.9,47.42],[-122.91,47.42],[-122.92,47.41],[-122.93,47.41],[-122.94,47.41],[-122.94,47.4],[-122.95,47.4],[-122.96,47.4],[-122.97,47.4],[-122.98,47.4],[-122.98,47.39],[-122.99,47.39],[-123.0,47.38],[-123.01,47.38],[-123.02,47.38],[-123.02,47.37],[-123.02,47.36]],[[-122.86,47.43],[-122.85,47.43],[-122.84,47.43],[-122.84,47.44],[-122.85,47.44],[-122.86,47.44],[-122.86,47.43]],[[-122.82,47.4],[-122.82,47.41],[-122.83,47.41],[-122.83,47.4],[-122.82,47.4]]],[[[-123.45,47.46],[-123.44,47.46],[-123.42,47.45],[-123.41,47.45],[-123.39,47.45],[-123.37,47.44],[-123.34,47.43],[-123.33,47.43],[-123.32,47.43],[-123.29,47.43],[-123.29,47.42],[-123.3,47.42],[-123.3,47.41],[-123.29,47.41],[-123.3,47.4],[-123.29,47.4],[-123.29,47.39],[-123.28,47.4],[-123.25,47.4],[-123.25,47.42],[-123.24,47.42],[-123.23,47.42],[-123.24,47.43],[-123.23,47.43],[-123.24,47.44],[-123.24,47.45],[-123.24,47.46],[-123.25,47.47],[-123.27,47.47],[-123.27,47.48],[-123.29,47.48],[-123.31,47.48],[-123.33,47.51],[-123.34,47.52],[-123.35,47.52],[-123.36,47.53],[-123.35,47.53],[-123.33,47.52],[-123.32,47.51],[-123.3,47.5],[-123.28,47.49],[-123.27,47.5],[-123.26,47.5],[-123.25,47.5],[-123.24,47.5],[-123.22,47.49],[-123.2,47.5],[-123.18,47.51],[-123.17,47.51],[-123.16,47.51],[-123.15,47.51],[-123.12,47.53],[-123.11,47.53],[-123.11,47.54],[-123.1,47.54],[-123.1,47.55],[-123.1,47.56],[-123.09,47.56],[-123.1,47.57],[-123.11,47.57],[-123.12,47.58],[-123.11,47.58],[-123.12,47.59],[-123.14,47.6],[-123.13,47.6],[-123.12,47.6],[-123.11,47.6],[-123.11,47.59],[-123.1,47.59],[-123.09,47.59],[-123.07,47.59],[-123.07,47.6],[-123.06,47.6],[-123.05,47.6],[-123.05,47.61],[-123.04,47.61],[-123.04,47.6],[-123.04,47.59],[-123.03,47.59],[-123.03,47.6],[-123.02,47.61],[-122.99,47.61],[-122.98,47.61],[-122.98,47.6],[-122.99,47.6],[-122.99,47.59],[-123.0,47.59],[-123.0,47.58],[-123.01,47.58],[-123.01,47.57],[-123.02,47.56],[-123.03,47.56],[-123.03,47.55],[-123.04,47.55],[-123.04,47.54],[-123.04,47.53],[-123.05,47.53],[-123.05,47.52],[-123.06,47.51],[-123.06,47.5],[-123.07,47.5],[-123.07,47.49],[-123.08,47.49],[-123.08,47.48],[-123.09,47.48],[-123.09,47.47],[-123.1,47.47],[-123.1,47.46],[-123.11,47.46],[-123.11,47.45],[-123.12,47.44],[-123.12,47.43],[-123.13,47.43],[-123.13,47.42],[-123.13,47.41],[-123.14,47.41],[-123.14,47.4],[-123.14,47.39],[-123.15,47.39],[-123.15,47.38],[-123.15,47.37],[-123.16,47.37],[-123.16,47.36],[-123.16,47.35],[-123.15,47.35],[-123.14,47.34],[-123.13,47.34],[-123.12,47.34],[-123.11,47.34],[-123.11,47.35],[-123.11,47.36],[-123.1,47.36],[-123.09,47.36],[-123.08,47.36],[-123.08,47.35],[-123.07,47.35],[-123.06,47.35],[-123.05,47.35],[-123.04,47.35],[-123.03,47.35],[-123.02,47.35],[-123.02,47.34],[-123.03,47.34],[-123.04,47.34],[-123.04,47.33],[-123.05,47.33],[-123.06,47.33],[-123.07,47.33],[-123.16,47.29],[-123.2,47.29],[-123.21,47.29],[-123.21,47.28],[-123.22,47.28],[-123.23,47.28],[-123.23,47.29],[-123.24,47.29],[-123.25,47.28],[-123.25,47.29],[-123.26,47.29],[-123.27,47.29],[-123.27,47.28],[-123.28,47.27],[-123.28,47.26],[-123.28,47.24],[-123.32,47.32],[-123.33,47.32],[-123.33,47.33],[-123.33,47.34],[-123.34,47.34],[-123.36,47.35],[-123.35,47.35],[-123.34,47.35],[-123.33,47.35],[-123.33,47.36],[-123.32,47.37],[-123.32,47.38],[-123.31,47.39],[-123.32,47.4],[-123.33,47.41],[-123.34,47.42],[-123.35,47.42],[-123.36,47.42],[-123.36,47.43],[-123.38,47.43],[-123.39,47.43],[-123.4,47.44],[-123.41,47.44],[-123.42,47.44],[-123.43,47.44],[-123.44,47.45],[-123.45,47.46]]],[[[-123.36,47.35],[-123.37,47.36],[-123.36,47.36],[-123.36,47.35]]],[[[-123.34,47.34],[-123.34,47.33],[-123.35,47.33],[-123.34,47.34]]],[[[-123.15,47.6],[-123.16,47.59],[-123.17,47.59],[-123.19,47.59],[-123.18,47.6],[-123.17,47.6],[-123.16,47.6],[-123.15,47.6]]],[[[-123.37,47.36],[-123.38,47.36],[-123.38,47.37],[-123.37,47.36]]]]}},
{"type":"Feature","properties":{"ugc":"WAZ322","name":"Northern Hood Canal","state":"WA","wfo":"SEW"},"geometry":{"type":"MultiPolygon","coordinates":[[[[-122.98,47.56],[-122.98,47.57],[-122.97,47.57],[-122.97,47.58],[-122.96,47.58],[-122.96,47.59],[-122.95,47.59],[-122.94,47.59],[-122.93,47.59],[-122.93,47.6],[-122.92,47.6],[-122.92,47.61],[-122.92,47.62],[-122.91,47.62],[-122.9,47.62],[-122.89,47.63],[-122.88,47.63],[-122.87,47.63],[-122.86,47.63],[-122.86,47.64],[-122.86,47.65],[-122.85,47.65],[-122.84,47.65],[-122.83,47.65],[-122.84,47.64],[-122.83,47.64],[-122.82,47.64],[-122.82,47.65],[-122.81,47.65],[-122.8,47.65],[-122.79,47.65],[-122.79,47.66],[-122.78,47.66],[-122.77,47.66],[-122.76,47.66],[-122.76,47.67],[-122.75,47.67],[-122.75,47.68],[-122.75,47.69],[-122.74,47.7],[-122.75,47.7],[-122.75,47.71],[-122.75,47.72],[-122.74,47.73],[-122.74,47.74],[-122.73,47.74],[-122.73,47.75],[-122.72,47.75],[-122.72,47.76],[-122.72,47.77],[-122.71,47.77],[-122.7,47.77],[-122.69,47.78],[-122.69,47.79],[-122.68,47.8],[-122.67,47.8],[-122.67,47.81],[-122.66,47.81],[-122.65,47.82],[-122.65,47.83],[-122.64,47.83],[-122.63,47.83],[-122.63,47.84],[-122.62,47.84],[-122.62,47.85],[-122.61,47.85],[-122.61,47.86],[-122.6,47.86],[-122.59,47.86],[-122.58,47.86],[-122.58,47.85],[-122.57,47.86],[-122.57,47.87],[-122.57,47.88],[-122.58,47.88],[-122.58,47.89],[-122.58,47.9],[-122.58,47.91],[-122.59,47.91],[-122.59,47.92],[-122.58,47.92],[-122.57,47.92],[-122.56,47.92],[-122.55,47.92],[-122.54,47.92],[-122.54,47.91],[-122.53,47.91],[-122.53,47.9],[-122.52,47.9],[-122.52,47.89],[-122.52,47.88],[-122.51,47.88],[-122.51,47.87],[-122.51,47.86],[-122.52,47.86],[-122.52,47.84],[-122.53,47.83],[-122.54,47.82],[-122.56,47.81],[-122.58,47.8],[-122.6,47.79],[-122.61,47.78],[-122.63,47.77],[-122.65,47.76],[-122.66,47.75],[-122.67,47.75],[-122.69,47.7],[-122.69,47.68],[-122.69,47.66],[-122.7,47.66],[-122.71,47.65],[-122.7,47.64],[-122.71,47.64],[-122.71,47.63],[-122.71,47.61],[-122.71,47.56],[-122.72,47.55],[-122.73,47.54],[-122.73,47.53],[-122.75,47.53],[-122.76,47.53],[-122.79,47.53],[-122.8,47.52],[-122.83,47.52],[-122.84,47.52],[-122.86,47.52],[-122.94,47.52],[-122.95,47.52],[-122.97,47.52],[-122.99,47.52],[-123.02,47.52],[-123.02,47.53],[-123.01,47.53],[-123.0,47.54],[-122.99,47.55],[-122.98,47.56]],[[-122.58,47.85],[-122.58,47.84],[-122.59,47.84],[-122.58,47.83],[-122.58,47.82],[-122.58,47.81],[-122.57,47.82],[-122.57,47.83],[-122.57,47.84],[-122.57,47.85],[-122.58,47.85]]],[[[-122.59,47.92],[-122.6,47.92],[-122.61,47.92],[-122.62,47.93],[-122.62,47.94],[-122.61,47.94],[-122.6,47.94],[-122.6,47.93],[-122.59,47.92]]],[[[-123.02,47.63],[-123.01,47.63],[-123.01,47.64],[-123.01,47.65],[-123.0,47.65],[-122.99,47.65],[-122.99,47.64],[-122.98,47.64],[-122.98,47.65],[-122.98,47.66],[-122.99,47.66],[-123.0,47.66],[-123.01,47.67],[-123.02,47.67],[-123.03,47.68],[-123.05,47.67],[-123.06,47.68],[-123.07,47.68],[-123.08,47.68],[-123.09,47.68],[-123.1,47.69],[-123.09,47.69],[-123.08,47.69],[-123.07,47.69],[-123.06,47.69],[-123.05,47.69],[-123.03,47.69],[-123.02,47.69],[-123.01,47.69],[-123.0,47.69],[-122.99,47.69],[-122.98,47.69],[-122.97,47.68],[-122.96,47.68],[-122.95,47.68],[-122.94,47.68],[-122.94,47.69],[-122.95,47.69],[-122.95,47.7],[-122.96,47.7],[-122.97,47.71],[-122.98,47.71],[-123.0,47.71],[-123.02,47.72],[-123.02,47.73],[-123.04,47.73],[-123.05,47.74],[-123.07,47.73],[-123.09,47.73],[-123.11,47.72],[-123.11,47.73],[-123.1,47.73],[-123.08,47.74],[-123.05,47.75],[-123.04,47.75],[-123.02,47.74],[-123.01,47.73],[-122.99,47.73],[-122.98,47.73],[-122.96,47.73],[-122.95,47.73],[-122.94,47.73],[-122.93,47.73],[-122.93,47.72],[-122.92,47.72],[-122.91,47.72],[-122.9,47.72],[-122.9,47.73],[-122.9,47.74],[-122.91,47.74],[-122.91,47.75],[-122.9,47.75],[-122.9,47.76],[-122.91,47.76],[-122.91,47.77],[-122.92,47.77],[-122.93,47.77],[-122.94,47.77],[-122.95,47.77],[-122.95,47.78],[-122.96,47.78],[-122.96,47.79],[-122.95,47.79],[-122.94,47.79],[-122.94,47.8],[-122.94,47.81],[-122.94,47.82],[-122.95,47.82],[-122.95,47.83],[-122.95,47.84],[-122.95,47.85],[-122.94,47.85],[-122.94,47.86],[-122.95,47.86],[-122.95,47.87],[-122.95,47.88],[-122.95,47.9],[-122.95,47.91],[-122.95,47.93],[-122.95,47.94],[-122.95,47.95],[-122.69,47.93],[-122.68,47.93],[-122.68,47.92],[-122.67,47.92],[-122.67,47.93],[-122.66,47.93],[-122.66,47.92],[-122.65,47.92],[-122.65,47.91],[-122.66,47.91],[-122.65,47.9],[-122.65,47.89],[-122.64,47.89],[-122.63,47.89],[-122.63,47.88],[-122.63,47.87],[-122.64,47.87],[-122.65,47.86],[-122.66,47.86],[-122.66,47.87],[-122.67,47.87],[-122.68,47.87],[-122.69,47.87],[-122.69,47.86],[-122.69,47.85],[-122.68,47.85],[-122.68,47.84],[-122.69,47.83],[-122.7,47.83],[-122.7,47.82],[-122.71,47.82],[-122.72,47.81],[-122.73,47.81],[-122.74,47.81],[-122.75,47.81],[-122.75,47.8],[-122.74,47.79],[-122.75,47.79],[-122.75,47.78],[-122.75,47.77],[-122.75,47.76],[-122.76,47.76],[-122.76,47.75],[-122.76,47.74],[-122.77,47.74],[-122.78,47.73],[-122.78,47.72],[-122.78,47.71],[-122.78,47.7],[-122.77,47.7],[-122.77,47.69],[-122.78,47.69],[-122.79,47.69],[-122.8,47.69],[-122.8,47.68],[-122.81,47.68],[-122.82,47.69],[-122.83,47.69],[-122.83,47.7],[-122.83,47.71],[-122.82,47.71],[-122.81,47.71],[-122.81,47.72],[-122.81,47.73],[-122.81,47.74],[-122.81,47.75],[-122.8,47.76],[-122.8,47.77],[-122.79,47.78],[-122.79,47.79],[-122.79,47.8],[-122.79,47.81],[-122.8,47.81],[-122.8,47.82],[-122.79,47.82],[-122.8,47.83],[-122.8,47.84],[-122.8,47.85],[-122.81,47.85],[-122.81,47.84],[-122.82,47.84],[-122.82,47.83],[-122.83,47.82],[-122.82,47.82],[-122.82,47.81],[-122.82,47.8],[-122.82,47.79],[-122.83,47.79],[-122.83,47.78],[-122.84,47.78],[-122.85,47.78],[-122.85,47.79],[-122.85,47.8],[-122.85,47.81],[-122.85,47.82],[-122.85,47.83],[-122.86,47.83],[-122.86,47.82],[-122.86,47.81],[-122.87,47.81],[-122.87,47.8],[-122.87,47.79],[-122.87,47.78],[-122.86,47.77],[-122.86,47.76],[-122.85,47.76],[-122.85,47.75],[-122.85,47.74],[-122.86,47.74],[-122.87,47.74],[-122.87,47.73],[-122.88,47.73],[-122.88,47.72],[-122.89,47.72],[-122.89,47.71],[-122.89,47.7],[-122.89,47.69],[-122.9,47.69],[-122.9,47.68],[-122.9,47.67],[-122.9,47.66],[-122.9,47.65],[-122.91,47.65],[-122.92,47.65],[-122.93,47.65],[-122.94,47.65],[-122.94,47.64],[-122.94,47.63],[-122.95,47.63],[-122.96,47.63],[-122.96,47.62],[-122.97,47.62],[-122.98,47.62],[-122.98,47.61],[-122.99,47.61],[-123.01,47.61],[-123.01,47.62],[-123.02,47.62],[-123.02,47.63]],[[-122.68,47.92],[-122.69,47.92],[-122.7,47.92],[-122.7,47.91],[-122.69,47.91],[-122.68,47.91],[-122.68,47.92]],[[-122.87,47.74],[-122.87,47.75],[-122.88,47.75],[-122.87,47.74]]],[[[-122.81,47.84],[-122.8,47.83],[-122.81,47.83],[-122.81,47.84]]],[[[-122.63,47.89],[-122.62,47.89],[-122.61,47.89],[-122.62,47.88],[-122.63,47.89]]]]}},
{"type":"Feature","properties":{"ugc":"WAZ323","name":"Eastern Kitsap County","state":"WA","wfo":"SEW"},"geometry":{"type":"MultiPolygon","coordinates":[[[[-122.71,47.6],[-122.7,47.6],[-122.69,47.61],[-122.69,47.6],[-122.69,47.59],[-122.69,47.58],[-122.68,47.58],[-122.68,47.59],[-122.67,47.59],[-122.67,47.6],[-122.66,47.6],[-122.66,47.61],[-122.66,47.62],[-122.67,47.62],[-122.68,47.62],[-122.68,47.63],[-122.67,47.63],[-122.67,47.64],[-122.68,47.64],[-122.68,47.65],[-122.69,47.65],[-122.69,47.64],[-122.7,47.64],[-122.71,47.65],[-122.7,47.66],[-122.69,47.66],[-122.69,47.68],[-122.69,47.7],[-122.67,47.75],[-122.66,47.75],[-122.65,47.76],[-122.63,47.77],[-122.61,47.78],[-122.6,47.79],[-122.58,47.8],[-122.56,47.81],[-122.54,47.82],[-122.53,47.83],[-122.52,47.84],[-122.52,47.86],[-122.51,47.86],[-122.51,47.85],[-122.51,47.84],[-122.51,47.83],[-122.5,47.83],[-122.5,47.82],[-122.49,47.82],[-122.48,47.82],[-122.48,47.81],[-122.49,47.8],[-122.5,47.8],[-122.49,47.79],[-122.49,47.78],[-122.48,47.78],[-122.48,47.77],[-122.47,47.77],[-122.47,47.76],[-122.47,47.75],[-122.48,47.75],[-122.49,47.74],[-122.5,47.74],[-122.51,47.74],[-122.52,47.74],[-122.52,47.75],[-122.53,47.75],[-122.54,47.75],[-122.55,47.75],[-122.55,47.74],[-122.55,47.73],[-122.56,47.72],[-122.55,47.72],[-122.54,47.72],[-122.54,47.71],[-122.53,47.71],[-122.52,47.71],[-122.51,47.71],[-122.51,47.7],[-122.5,47.7],[-122.5,47.69],[-122.51,47.68],[-122.51,47.67],[-122.5,47.66],[-122.51,47.66],[-122.51,47.65],[-122.51,47.64],[-122.5,47.64],[-122.49,47.64],[-122.49,47.63],[-122.49,47.62],[-122.5,47.62],[-122.5,47.61],[-122.5,47.6],[-122.51,47.6],[-122.52,47.6],[-122.52,47.59],[-122.51,47.59],[-122.5,47.59],[-122.49,47.59],[-122.48,47.59],[-122.48,47.58],[-122.49,47.58],[-122.5,47.58],[-122.51,47.57],[-122.52,47.57],[-122.52,47.58],[-122.53,47.58],[-122.53,47.59],[-122.54,47.59],[-122.54,47.6],[-122.55,47.6],[-122.56,47.6],[-122.56,47.59],[-122.55,47.59],[-122.55,47.58],[-122.55,47.57],[-122.54,47.57],[-122.53,47.57],[-122.53,47.56],[-122.54,47.56],[-122.54,47.55],[-122.54,47.54],[-122.55,47.53],[-122.55,47.52],[-122.54,47.52],[-122.53,47.52],[-122.52,47.52],[-122.51,47.52],[-122.5,47.52],[-122.5,47.51],[-122.5,47.5],[-122.51,47.5],[-122.51,47.49],[-122.52,47.49],[-122.52,47.48],[-122.53,47.47],[-122.53,47.46],[-122.53,47.45],[-122.54,47.45],[-122.53,47.44],[-122.54,47.44],[-122.54,47.43],[-122.53,47.43],[-122.54,47.42],[-122.55,47.41],[-122.55,47.4],[-122.56,47.4],[-122.58,47.4],[-122.62,47.4],[-122.63,47.4],[-122.64,47.4],[-122.65,47.4],[-122.69,47.4],[-122.71,47.4],[-122.74,47.4],[-122.75,47.4],[-122.76,47.4],[-122.78,47.4],[-122.8,47.4],[-122.8,47.42],[-122.8,47.43],[-122.8,47.45],[-122.8,47.48],[-122.8,47.49],[-122.8,47.51],[-122.8,47.52],[-122.79,47.53],[-122.76,47.53],[-122.75,47.53],[-122.73,47.53],[-122.73,47.54],[-122.72,47.55],[-122.71,47.56],[-122.71,47.6]],[[-122.66,47.6],[-122.66,47.59],[-122.65,47.59],[-122.66,47.6]],[[-122.66,47.59],[-122.67,47.58],[-122.66,47.58],[-122.66,47.59]],[[-122.67,47.58],[-122.68,47.57],[-122.67,47.57],[-122.67,47.58]],[[-122.65,47.59],[-122.65,47.58],[-122.64,47.58],[-122.65,47.59]],[[-122.5,47.8],[-122.51,47.8],[-122.51,47.79],[-122.5,47.79],[-122.5,47.8]],[[-122.55,47.75],[-122.55,47.76],[-122.56,47.76],[-122.56,47.75],[-122.55,47.75]],[[-122.56,47.72],[-122.57,47.71],[-122.58,47.71],[-122.58,47.7],[-122.59,47.7],[-122.59,47.69],[-122.6,47.69],[-122.6,47.7],[-122.61,47.71],[-122.62,47.71],[-122.63,47.71],[-122.63,47.72],[-122.64,47.72],[-122.64,47.73],[-122.65,47.73],[-122.65,47.74],[-122.66,47.74],[-122.66,47.73],[-122.66,47.72],[-122.65,47.72],[-122.65,47.71],[-122.64,47.71],[-122.64,47.7],[-122.63,47.7],[-122.62,47.7],[-122.62,47.69],[-122.62,47.68],[-122.62,47.67],[-122.61,47.67],[-122.61,47.66],[-122.61,47.65],[-122.6,47.64],[-122.59,47.64],[-122.59,47.63],[-122.59,47.62],[-122.6,47.62],[-122.6,47.61],[-122.6,47.6],[-122.59,47.6],[-122.59,47.59],[-122.6,47.59],[-122.6,47.58],[-122.6,47.57],[-122.61,47.57],[-122.62,47.57],[-122.62,47.56],[-122.63,47.56],[-122.64,47.56],[-122.65,47.56],[-122.65,47.55],[-122.66,47.55],[-122.67,47.55],[-122.68,47.54],[-122.68,47.53],[-122.67,47.53],[-122.67,47.54],[-122.66,47.54],[-122.65,47.54],[-122.64,47.54],[-122.63,47.54],[-122.62,47.54],[-122.62,47.55],[-122.61,47.55],[-122.6,47.55],[-122.6,47.56],[-122.59,47.56],[-122.59,47.57],[-122.58,47.57],[-122.58,47.58],[-122.57,47.58],[-122.57,47.59],[-122.57,47.6],[-122.58,47.6],[-122.58,47.61],[-122.57,47.61],[-122.57,47.62],[-122.58,47.62],[-122.58,47.63],[-122.58,47.64],[-122.58,47.65],[-122.59,47.65],[-122.59,47.66],[-122.59,47.67],[-122.58,47.67],[-122.57,47.67],[-122.56,47.67],[-122.56,47.68],[-122.57,47.68],[-122.57,47.69],[-122.57,47.7],[-122.56,47.7],[-122.56,47.71],[-122.56,47.72]],[[-122.62,47.57],[-122.62,47.58],[-122.63,47.58],[-122.63,47.57],[-122.62,47.57]],[[-122.5,47.62],[-122.5,47.63],[-122.51,47.62],[-122.5,47.62]],[[-122.54,47.7],[-122.55,47.7],[-122.55,47.69],[-122.54,47.69],[-122.54,47.7]]],[[[-122.7,47.64],[-122.7,47.63],[-122.71,47.63],[-122.71,47.64],[-122.7,47.64]]],[[[-122.5,47.54],[-122.5,47.55],[-122.49,47.55],[-122.49,47.54],[-122.49,47.53],[-122.5,47.53],[-122.5,47.54]]]]}},
{"type":"Feature","properties":{"ugc":"WAZ324","name":"Port Townsend Area","state":"WA","wfo":"SEW"},"geometry":{"type":"MultiPolygon","coordinates":[[[[-122.77,48.05],[-122.77,48.04],[-122.76,48.04],[-122.75,48.04],[-122.75,48.03],[-122.74,48.03],[-122.73,48.03],[-122.73,48.02],[-122.73,48.01],[-122.72,48.01],[-122.72,48.0],[-122.72,47.99],[-122.71,47.98],[-122.7,47.98],[-122.7,47.97],[-122.69,47.97],[-122.68,47.97],[-122.68,47.96],[-122.68,47.95],[-122.68,47.94],[-122.68,47.93],[-122.69,47.93],[-122.95,47.95],[-122.95,47.97],[-122.95,47.98],[-122.95,47.99],[-122.95,48.0],[-122.95,48.01],[-122.95,48.02],[-122.95,48.03],[-122.95,48.04],[-122.95,48.07],[-122.93,48.07],[-122.93,48.06],[-122.92,48.06],[-122.91,48.06],[-122.9,48.05],[-122.89,48.05],[-122.88,48.05],[-122.87,48.05],[-122.88,48.04],[-122.87,48.04],[-122.87,48.03],[-122.86,48.03],[-122.86,48.02],[-122.86,48.01],[-122.87,48.0],[-122.88,48.0],[-122.89,47.99],[-122.88,47.99],[-122.87,47.99],[-122.86,47.99],[-122.86,48.0],[-122.85,48.0],[-122.84,48.0],[-122.84,48.01],[-122.83,48.01],[-122.83,48.02],[-122.83,48.03],[-122.83,48.04],[-122.83,48.05],[-122.84,48.05],[-122.85,48.05],[-122.85,48.06],[-122.86,48.06],[-122.86,48.07],[-122.87,48.07],[-122.88,48.08],[-122.89,48.08],[-122.88,48.09],[-122.88,48.1],[-122.89,48.1],[-122.89,48.11],[-122.88,48.11],[-122.87,48.11],[-122.87,48.12],[-122.85,48.12],[-122.85,48.13],[-122.84,48.13],[-122.84,48.14],[-122.83,48.13],[-122.82,48.14],[-122.81,48.14],[-122.8,48.14],[-122.79,48.14],[-122.78,48.14],[-122.77,48.14],[-122.76,48.14],[-122.76,48.13],[-122.76,48.12],[-122.75,48.12],[-122.76,48.11],[-122.77,48.11],[-122.78,48.11],[-122.78,48.1],[-122.79,48.1],[-122.79,48.09],[-122.8,48.09],[-122.8,48.08],[-122.79,48.08],[-122.79,48.07],[-122.78,48.07],[-122.78,48.06],[-122.77,48.06],[-122.77,48.05]]],[[[-122.73,48.03],[-122.73,48.04],[-122.74,48.04],[-122.74,48.05],[-122.74,48.06],[-122.74,48.07],[-122.75,48.07],[-122.74,48.08],[-122.73,48.08],[-122.72,48.08],[-122.72,48.07],[-122.72,48.06],[-122.72,48.05],[-122.71,48.05],[-122.71,48.04],[-122.71,48.03],[-122.7,48.03],[-122.7,48.02],[-122.71,48.02],[-122.72,48.02],[-122.72,48.03],[-122.73,48.03]]],[[[-122.73,48.09],[-122.72,48.1],[-122.71,48.1],[-122.7,48.1],[-122.69,48.1],[-122.69,48.09],[-122.69,48.08],[-122.69,48.07],[-122.68,48.07],[-122.68,48.06],[-122.68,48.05],[-122.68,48.04],[-122.67,48.03],[-122.67,48.02],[-122.67,48.01],[-122.68,48.01],[-122.69,48.01],[-122.7,48.01],[-122.7,48.02],[-122.69,48.03],[-122.7,48.04],[-122.7,48.05],[-122.69,48.05],[-122.69,48.06],[-122.7,48.06],[-122.7,48.07],[-122.71,48.07],[-122.71,48.08],[-122.71,48.09],[-122.72,48.08],[-122.72,48.09],[-122.73,48.09]]]]}},
{"type":"Feature","properties":{"ugc":"WAZ325","name":"Eastern Strait of Juan de Fuca","state":"WA","wfo":"SEW"},"geometry":{"type":"MultiPolygon","coordinates":[[[[-122.94,48.12],[-122.94,48.13],[-122.93,48.13],[-122.92,48.13],[-122.93,48.12],[-122.94,48.12]]],[[[-123.61,48.03],[-123.6,48.03],[-123.61,48.04],[-123.61,48.06],[-123.63,48.06],[-123.64,48.07],[-123.64,48.1],[-123.61,48.14],[-123.6,48.14],[-123.59,48.14],[-123.58,48.14],[-123.57,48.14],[-123.57,48.15],[-123.56,48.15],[-123.55,48.15],[-123.54,48.15],[-123.53,48.15],[-123.53,48.14],[-123.52,48.14],[-123.52,48.13],[-123.51,48.13],[-123.5,48.13],[-123.49,48.13],[-123.48,48.13],[-123.47,48.13],[-123.47,48.14],[-123.46,48.14],[-123.46,48.13],[-123.45,48.13],[-123.44,48.12],[-123.43,48.12],[-123.42,48.12],[-123.41,48.12],[-123.4,48.12],[-123.4,48.11],[-123.38,48.12],[-123.38,48.11],[-123.37,48.11],[-123.37,48.12],[-123.36,48.12],[-123.35,48.12],[-123.34,48.12],[-123.34,48.11],[-123.33,48.11],[-123.32,48.11],[-123.31,48.11],[-123.31,48.12],[-123.3,48.12],[-123.29,48.12],[-123.28,48.12],[-123.27,48.12],[-123.26,48.12],[-123.25,48.12],[-123.24,48.12],[-123.23,48.12],[-123.22,48.13],[-123.21,48.13],[-123.2,48.14],[-123.19,48.14],[-123.19,48.15],[-123.18,48.15],[-123.17,48.15],[-123.16,48.15],[-123.15,48.15],[-123.14,48.15],[-123.13,48.15],[-123.12,48.15],[-123.11,48.15],[-123.11,48.14],[-123.1,48.14],[-123.1,48.13],[-123.09,48.13],[-123.08,48.13],[-123.08,48.12],[-123.07,48.12],[-123.06,48.12],[-123.06,48.11],[-123.05,48.11],[-123.05,48.1],[-123.04,48.09],[-123.05,48.09],[-123.05,48.08],[-123.05,48.07],[-123.04,48.07],[-123.04,48.06],[-123.04,48.05],[-123.03,48.05],[-123.03,48.04],[-123.02,48.04],[-123.02,48.03],[-123.01,48.03],[-123.01,48.02],[-123.0,48.02],[-123.0,48.03],[-123.0,48.04],[-123.0,48.05],[-123.01,48.05],[-123.01,48.06],[-123.01,48.07],[-123.02,48.08],[-123.02,48.09],[-123.01,48.09],[-123.0,48.09],[-122.99,48.09],[-122.98,48.1],[-122.97,48.1],[-122.96,48.1],[-122.95,48.1],[-122.94,48.1],[-122.93,48.1],[-122.92,48.1],[-122.92,48.09],[-122.92,48.08],[-122.93,48.08],[-122.93,48.07],[-122.95,48.07],[-122.95,48.04],[-122.95,48.03],[-122.95,48.02],[-122.95,48.01],[-122.95,48.0],[-122.95,47.99],[-122.95,47.98],[-122.95,47.97],[-122.95,47.95],[-122.97,47.96],[-123.01,47.97],[-123.02,47.98],[-123.03,47.98],[-123.02,48.0],[-123.03,48.01],[-123.05,48.0],[-123.05,48.01],[-123.05,48.02],[-123.08,48.02],[-123.1,48.03],[-123.13,48.03],[-123.12,48.01],[-123.11,47.99],[-123.1,47.98],[-123.1,47.96],[-123.1,47.94],[-123.12,47.96],[-123.13,47.96],[-123.12,47.98],[-123.13,47.99],[-123.14,48.0],[-123.17,47.99],[-123.18,48.0],[-123.17,48.01],[-123.17,48.03],[-123.19,48.03],[-123.19,48.04],[-123.2,48.04],[-123.22,48.04],[-123.23,48.03],[-123.2,48.02],[-123.21,48.01],[-123.22,48.01],[-123.25,48.01],[-123.28,48.01],[-123.29,48.01],[-123.3,48.01],[-123.31,48.02],[-123.31,48.03],[-123.32,48.03],[-123.33,48.02],[-123.34,48.01],[-123.35,48.01],[-123.36,48.01],[-123.36,48.02],[-123.37,48.03],[-123.38,48.03],[-123.38,48.04],[-123.37,48.04],[-123.38,48.05],[-123.39,48.05],[-123.4,48.05],[-123.41,48.05],[-123.42,48.06],[-123.44,48.06],[-123.47,48.07],[-123.48,48.05],[-123.48,48.04],[-123.5,48.04],[-123.52,48.05],[-123.55,48.05],[-123.57,48.05],[-123.58,48.04],[-123.58,48.03],[-123.58,48.02],[-123.57,48.02],[-123.57,48.01],[-123.59,48.0],[-123.59,47.99],[-123.58,47.98],[-123.57,47.97],[-123.58,47.97],[-123.57,47.96],[-123.54,47.95],[-123.53,47.95],[-123.53,47.94],[-123.54,47.94],[-123.55,47.94],[-123.56,47.94],[-123.58,47.95],[-123.61,47.96],[-123.61,47.97],[-123.62,47.98],[-123.61,47.99],[-123.61,48.01],[-123.6,48.02],[-123.61,48.03]]],[[[-123.13,47.96],[-123.14,47.95],[-123.16,47.94],[-123.16,47.95],[-123.14,47.96],[-123.13,47.96]]],[[[-123.17,48.16],[-123.16,48.17],[-123.16,48.16],[-123.17,48.16]]],[[[-123.14,48.18],[-123.13,48.18],[-123.13,48.17],[-123.14,48.17],[-123.14,48.18]]]]}},
{"type":"Feature","properties":{"ugc":"WAZ326","name":"Western Strait of Juan de Fuca","state":"WA","wfo":"SEW"},"geometry":{"type":"MultiPolygon","coordinates":[[[[-124.54,48.35],[-124.53,48.35],[-124.52,48.35],[-124.51,48.34],[-124.5,48.34],[-124.49,48.34],[-124.49,48.33],[-124.48,48.33],[-124.47,48.33],[-124.47,48.32],[-124.46,48.32],[-124.45,48.32],[-124.45,48.31],[-124.44,48.31],[-124.43,48.31],[-124.42,48.3],[-124.41,48.3],[-124.4,48.29],[-124.39,48.29],[-124.38,48.29],[-124.38,48.28],[-124.37,48.29],[-124.37,48.28],[-124.36,48.28],[-124.36,48.29],[-124.35,48.29],[-124.35,48.28],[-124.34,48.28],[-124.33,48.28],[-124.33,48.27],[-124.32,48.27],[-124.31,48.27],[-124.3,48.27],[-124.3,48.26],[-124.29,48.26],[-124.28,48.26],[-124.27,48.25],[-124.26,48.26],[-124.25,48.26],[-124.24,48.26],[-124.23,48.26],[-124.22,48.26],[-124.22,48.25],[-124.21,48.25],[-124.2,48.25],[-124.19,48.25],[-124.19,48.24],[-124.18,48.24],[-124.17,48.24],[-124.16,48.24],[-124.16,48.23],[-124.15,48.23],[-124.14,48.23],[-124.14,48.22],[-124.13,48.22],[-124.12,48.22],[-124.11,48.22],[-124.1,48.22],[-124.1,48.21],[-124.11,48.2],[-124.1,48.2],[-124.09,48.2],[-124.09,48.19],[-124.08,48.19],[-124.07,48.19],[-124.06,48.19],[-124.06,48.18],[-124.05,48.18],[-124.04,48.18],[-124.03,48.17],[-124.02,48.18],[-124.02,48.17],[-124.01,48.17],[-124.0,48.17],[-123.99,48.17],[-123.98,48.17],[-123.98,48.16],[-123.97,48.16],[-123.96,48.16],[-123.96,48.17],[-123.95,48.17],[-123.94,48.17],[-123.94,48.16],[-123.93,48.16],[-123.92,48.16],[-123.91,48.16],[-123.9,48.16],[-123.89,48.16],[-123.88,48.16],[-123.87,48.16],[-123.87,48.15],[-123.86,48.15],[-123.85,48.16],[-123.84,48.16],[-123.83,48.16],[-123.82,48.16],[-123.81,48.15],[-123.81,48.16],[-123.8,48.16],[-123.79,48.16],[-123.78,48.16],[-123.77,48.16],[-123.76,48.16],[-123.75,48.16],[-123.74,48.16],[-123.73,48.16],[-123.72,48.16],[-123.71,48.16],[-123.71,48.17],[-123.7,48.17],[-123.69,48.17],[-123.69,48.16],[-123.68,48.16],[-123.67,48.16],[-123.66,48.16],[-123.65,48.16],[-123.65,48.15],[-123.64,48.15],[-123.64,48.14],[-123.63,48.14],[-123.62,48.14],[-123.61,48.14],[-123.64,48.1],[-123.67,48.1],[-123.68,48.11],[-123.71,48.12],[-123.75,48.13],[-123.79,48.13],[-123.82,48.12],[-123.86,48.12],[-123.91,48.13],[-123.94,48.13],[-123.97,48.13],[-123.98,48.14],[-124.01,48.14],[-124.04,48.14],[-124.06,48.13],[-124.09,48.14],[-124.13,48.15],[-124.15,48.16],[-124.17,48.16],[-124.18,48.16],[-124.21,48.16],[-124.23,48.15],[-124.23,48.16],[-124.22,48.16],[-124.23,48.17],[-124.24,48.18],[-124.25,48.2],[-124.27,48.2],[-124.26,48.21],[-124.27,48.22],[-124.29,48.23],[-124.32,48.24],[-124.34,48.24],[-124.34,48.23],[-124.35,48.23],[-124.35,48.24],[-124.35,48.25],[-124.36,48.25],[-124.38,48.24],[-124.39,48.25],[-124.38,48.25],[-124.4,48.26],[-124.42,48.27],[-124.43,48.28],[-124.44,48.27],[-124.45,48.27],[-124.45,48.28],[-124.44,48.29],[-124.45,48.29],[-124.47,48.3],[-124.5,48.32],[-124.53,48.33],[-124.55,48.33],[-124.56,48.34],[-124.56,48.35],[-124.55,48.35],[-124.54,48.35]]]]}},
{"type":"Feature","properties":{"ugc":"WAZ327","name":"Lake Crescent Area Including US 101","state":"WA","wfo":"SEW"},"geometry":{"type":"MultiPolygon","coordinates":[[[[-124.45,48.27],[-124.44,48.27],[-124.43,48.28],[-124.42,48.27],[-124.4,48.26],[-124.38,48.25],[-124.39,48.25],[-124.38,48.24],[-124.36,48.25],[-124.35,48.25],[-124.35,48.24],[-124.35,48.23],[-124.34,48.23],[-124.34,48.24],[-124.32,48.24],[-124.29,48.23],[-124.27,48.22],[-124.26,48.21],[-124.27,48.2],[-124.25,48.2],[-124.24,48.18],[-124.23,48.17],[-124.22,48.16],[-124.23,48.16],[-124.23,48.15],[-124.21,48.16],[-124.18,48.16],[-124.17,48.16],[-124.15,48.16],[-124.13,48.15],[-124.09,48.14],[-124.06,48.13],[-124.04,48.14],[-124.01,48.14],[-123.98,48.14],[-123.97,48.13],[-123.94,48.13],[-123.91,48.13],[-123.86,48.12],[-123.82,48.12],[-123.79,48.13],[-123.75,48.13],[-123.71,48.12],[-123.68,48.11],[-123.67,48.1],[-123.64,48.1],[-123.64,48.07],[-123.66,48.07],[-123.67,48.06],[-123.69,48.07],[-123.72,48.07],[-123.73,48.07],[-123.75,48.08],[-123.76,48.07],[-123.77,48.06],[-123.78,48.05],[-123.79,48.05],[-123.82,48.04],[-123.84,48.04],[-123.86,48.05],[-123.88,48.05],[-123.89,48.05],[-123.91,48.06],[-123.94,48.06],[-123.96,48.06],[-123.99,48.07],[-123.98,48.06],[-123.94,48.04],[-123.93,48.03],[-123.93,48.02],[-123.95,48.03],[-123.97,48.04],[-123.98,48.04],[-124.0,48.05],[-124.02,48.06],[-124.04,48.06],[-124.09,48.06],[-124.12,48.05],[-124.15,48.03],[-124.17,48.02],[-124.18,48.03],[-124.17,48.04],[-124.22,48.09],[-124.23,48.09],[-124.25,48.1],[-124.26,48.11],[-124.31,48.14],[-124.32,48.18],[-124.36,48.19],[-124.4,48.18],[-124.46,48.21],[-124.51,48.23],[-124.52,48.25],[-124.54,48.25],[-124.54,48.26],[-124.56,48.27],[-124.56,48.34],[-124.55,48.33],[-124.53,48.33],[-124.5,48.32],[-124.47,48.3],[-124.45,48.29],[-124.44,48.29],[-124.45,48.28],[-124.45,48.27]]],[[[-123.78,48.05],[-123.77,48.05],[-123.76,48.04],[-123.77,48.04],[-123.78,48.05]]]]}},
{"type":"Feature","properties":{"ugc":"WAZ328","name":"Olympics","state":"WA","wfo":"SEW"},"geometry":{"type":"MultiPolygon","coordinates":[[[[-124.21,47.98],[-124.23,47.98],[-124.26,47.97],[-124.27,47.97],[-124.27,47.98],[-124.26,47.99],[-124.24,48.0],[-124.21,48.01],[-124.2,48.01],[-124.19,48.02],[-124.22,48.02],[-124.26,48.01],[-124.29,48.0],[-124.28,47.98],[-124.3,47.98],[-124.31,47.98],[-124.3,48.0],[-124.31,47.99],[-124.32,47.99],[-124.33,47.97],[-124.35,47.98],[-124.34,47.99],[-124.34,48.0],[-124.33,48.01],[-124.32,48.01],[-124.31,48.02],[-124.28,48.02],[-124.25,48.04],[-124.24,48.04],[-124.24,48.05],[-124.19,48.05],[-124.17,48.04],[-124.18,48.03],[-124.17,48.02],[-124.15,48.03],[-124.12,48.05],[-124.09,48.06],[-124.04,48.06],[-124.02,48.06],[-124.0,48.05],[-123.98,48.04],[-123.97,48.04],[-123.95,48.03],[-123.93,48.02],[-123.93,48.03],[-123.94,48.04],[-123.98,48.06],[-123.99,48.07],[-123.96,48.06],[-123.94,48.06],[-123.91,48.06],[-123.89,48.05],[-123.88,48.05],[-123.86,48.05],[-123.84,48.04],[-123.82,48.04],[-123.79,48.05],[-123.78,48.05],[-123.77,48.06],[-123.76,48.07],[-123.75,48.08],[-123.73,48.07],[-123.72,48.07],[-123.69,48.07],[-123.67,48.06],[-123.66,48.07],[-123.64,48.07],[-123.63,48.06],[-123.61,48.06],[-123.61,48.04],[-123.6,48.03],[-123.61,48.03],[-123.6,48.02],[-123.61,48.01],[-123.61,47.99],[-123.62,47.98],[-123.61,47.97],[-123.61,47.96],[-123.58,47.95],[-123.56,47.94],[-123.55,47.94],[-123.54,47.94],[-123.53,47.94],[-123.53,47.95],[-123.54,47.95],[-123.57,47.96],[-123.58,47.97],[-123.57,47.97],[-123.58,47.98],[-123.59,47.99],[-123.59,48.0],[-123.57,48.01],[-123.57,48.02],[-123.58,48.02],[-123.58,48.03],[-123.58,48.04],[-123.57,48.05],[-123.55,48.05],[-123.52,48.05],[-123.5,48.04],[-123.48,48.04],[-123.48,48.05],[-123.47,48.07],[-123.44,48.06],[-123.42,48.06],[-123.41,48.05],[-123.4,48.05],[-123.39,48.05],[-123.38,48.05],[-123.37,48.04],[-123.38,48.04],[-123.38,48.03],[-123.37,48.03],[-123.36,48.02],[-123.36,48.01],[-123.35,48.01],[-123.34,48.01],[-123.33,48.02],[-123.32,48.03],[-123.31,48.03],[-123.31,48.02],[-123.3,48.01],[-123.29,48.01],[-123.28,48.01],[-123.25,48.01],[-123.22,48.01],[-123.21,48.01],[-123.2,48.02],[-123.23,48.03],[-123.22,48.04],[-123.2,48.04],[-123.19,48.04],[-123.19,48.03],[-123.17,48.03],[-123.17,48.01],[-123.18,48.0],[-123.17,47.99],[-123.14,48.0],[-123.13,47.99],[-123.12,47.98],[-123.13,47.96],[-123.12,47.96],[-123.1,47.94],[-123.1,47.96],[-123.1,47.98],[-123.11,47.99],[-123.12,48.01],[-123.13,48.03],[-123.1,48.03],[-123.08,48.02],[-123.05,48.02],[-123.05,48.01],[-123.05,48.0],[-123.03,48.01],[-123.02,48.0],[-123.03,47.98],[-123.02,47.98],[-123.01,47.97],[-122.97,47.96],[-122.95,47.95],[-122.95,47.94],[-122.95,47.93],[-122.95,47.91],[-122.95,47.9],[-122.95,47.88],[-122.95,47.87],[-122.95,47.86],[-122.94,47.86],[-122.94,47.85],[-122.95,47.85],[-122.95,47.84],[-122.95,47.83],[-122.95,47.82],[-122.94,47.82],[-122.94,47.81],[-122.94,47.8],[-122.94,47.79],[-122.95,47.79],[-122.96,47.79],[-122.96,47.78],[-122.95,47.78],[-122.95,47.77],[-122.94,47.77],[-122.93,47.77],[-122.92,47.77],[-122.91,47.77],[-122.91,47.76],[-122.9,47.76],[-122.9,47.75],[-122.91,47.75],[-122.91,47.74],[-122.9,47.74],[-122.9,47.73],[-122.9,47.72],[-122.91,47.72],[-122.92,47.72],[-122.93,47.72],[-122.93,47.73],[-122.94,47.73],[-122.95,47.73],[-122.96,47.73],[-122.98,47.73],[-122.99,47.73],[-123.01,47.73],[-123.02,47.74],[-123.04,47.75],[-123.05,47.75],[-123.08,47.74],[-123.1,47.73],[-123.11,47.73],[-123.11,47.72],[-123.09,47.73],[-123.07,47.73],[-123.05,47.74],[-123.04,47.73],[-123.02,47.73],[-123.02,47.72],[-123.0,47.71],[-122.98,47.71],[-122.97,47.71],[-122.96,47.7],[-122.95,47.7],[-122.95,47.69],[-122.94,47.69],[-122.94,47.68],[-122.95,47.68],[-122.96,47.68],[-122.97,47.68],[-122.98,47.69],[-122.99,47.69],[-123.0,47.69],[-123.01,47.69],[-123.02,47.69],[-123.03,47.69],[-123.05,47.69],[-123.06,47.69],[-123.07,47.69],[-123.08,47.69],[-123.09,47.69],[-123.1,47.69],[-123.09,47.68],[-123.08,47.68],[-123.07,47.68],[-123.06,47.68],[-123.05,47.67],[-123.03,47.68],[-123.02,47.67],[-123.01,47.67],[-123.0,47.66],[-122.99,47.66],[-122.98,47.66],[-122.98,47.65],[-122.98,47.64],[-122.99,47.64],[-122.99,47.65],[-123.0,47.65],[-123.01,47.65],[-123.01,47.64],[-123.01,47.63],[-123.02,47.63],[-123.02,47.62],[-123.01,47.62],[-123.01,47.61],[-123.02,47.61],[-123.03,47.6],[-123.03,47.59],[-123.04,47.59],[-123.04,47.6],[-123.04,47.61],[-123.05,47.61],[-123.05,47.6],[-123.06,47.6],[-123.07,47.6],[-123.07,47.59],[-123.09,47.59],[-123.1,47.59],[-123.11,47.59],[-123.11,47.6],[-123.12,47.6],[-123.13,47.6],[-123.14,47.6],[-123.12,47.59],[-123.11,47.58],[-123.12,47.58],[-123.11,47.57],[-123.1,47.57],[-123.09,47.56],[-123.1,47.56],[-123.1,47.55],[-123.1,47.54],[-123.11,47.54],[-123.11,47.53],[-123.12,47.53],[-123.15,47.51],[-123.16,47.51],[-123.17,47.51],[-123.18,47.51],[-123.2,47.5],[-123.22,47.49],[-123.24,47.5],[-123.25,47.5],[-123.26,47.5],[-123.27,47.5],[-123.28,47.49],[-123.3,47.5],[-123.32,47.51],[-123.33,47.52],[-123.35,47.53],[-123.36,47.53],[-123.35,47.52],[-123.34,47.52],[-123.33,47.51],[-123.31,47.48],[-123.29,47.48],[-123.27,47.48],[-123.27,47.47],[-123.25,47.47],[-123.24,47.46],[-123.24,47.45],[-123.24,47.44],[-123.23,47.43],[-123.24,47.43],[-123.23,47.42],[-123.24,47.42],[-123.25,47.42],[-123.25,47.4],[-123.28,47.4],[-123.29,47.39],[-123.29,47.4],[-123.3,47.4],[-123.29,47.41],[-123.3,47.41],[-123.3,47.42],[-123.29,47.42],[-123.29,47.43],[-123.32,47.43],[-123.33,47.43],[-123.34,47.43],[-123.37,47.44],[-123.39,47.45],[-123.41,47.45],[-123.42,47.45],[-123.44,47.46],[-123.45,47.46],[-123.44,47.45],[-123.43,47.44],[-123.42,47.44],[-123.41,47.44],[-123.4,47.44],[-123.39,47.43],[-123.38,47.43],[-123.36,47.43],[-123.36,47.42],[-123.35,47.42],[-123.34,47.42],[-123.33,47.41],[-123.32,47.4],[-123.31,47.39],[-123.32,47.38],[-123.32,47.37],[-123.33,47.36],[-123.33,47.35],[-123.34,47.35],[-123.35,47.35],[-123.36,47.35],[-123.34,47.34],[-123.33,47.34],[-123.33,47.33],[-123.33,47.32],[-123.32,47.32],[-123.33,47.31],[-123.34,47.3],[-123.38,47.29],[-123.4,47.3],[-123.42,47.3],[-123.45,47.31],[-123.45,47.32],[-123.45,47.33],[-123.46,47.32],[-123.47,47.32],[-123.48,47.32],[-123.5,47.32],[-123.51,47.32],[-123.56,47.32],[-123.61,47.32],[-123.63,47.34],[-123.61,47.35],[-123.6,47.37],[-123.59,47.37],[-123.59,47.38],[-123.6,47.38],[-123.58,47.4],[-123.58,47.41],[-123.57,47.42],[-123.56,47.44],[-123.55,47.44],[-123.54,47.45],[-123.54,47.46],[-123.55,47.46],[-123.56,47.45],[-123.57,47.45],[-123.57,47.44],[-123.58,47.43],[-123.6,47.41],[-123.62,47.4],[-123.63,47.4],[-123.63,47.39],[-123.64,47.39],[-123.65,47.4],[-123.65,47.39],[-123.65,47.38],[-123.66,47.37],[-123.67,47.37],[-123.67,47.36],[-123.68,47.35],[-123.69,47.35],[-123.7,47.35],[-123.71,47.36],[-123.72,47.37],[-123.71,47.37],[-123.71,47.38],[-123.7,47.4],[-123.7,47.42],[-123.7,47.43],[-123.71,47.42],[-123.71,47.41],[-123.71,47.4],[-123.71,47.39],[-123.73,47.39],[-123.73,47.38],[-123.73,47.37],[-123.72,47.36],[-123.73,47.36],[-123.73,47.35],[-123.74,47.34],[-123.74,47.33],[-123.75,47.33],[-123.76,47.33],[-123.77,47.33],[-123.77,47.34],[-123.76,47.35],[-123.77,47.35],[-123.78,47.34],[-123.78,47.36],[-123.77,47.37],[-123.77,47.39],[-123.76,47.4],[-123.75,47.42],[-123.75,47.43],[-123.74,47.44],[-123.73,47.44],[-123.72,47.45],[-123.71,47.46],[-123.73,47.46],[-123.75,47.45],[-123.75,47.44],[-123.76,47.44],[-123.77,47.42],[-123.78,47.42],[-123.78,47.43],[-123.79,47.43],[-123.79,47.42],[-123.79,47.41],[-123.8,47.4],[-123.8,47.39],[-123.81,47.39],[-123.82,47.39],[-123.83,47.39],[-123.82,47.38],[-123.83,47.37],[-123.85,47.37],[-123.85,47.36],[-123.86,47.36],[-123.86,47.35],[-123.87,47.35],[-123.88,47.35],[-123.87,47.36],[-123.88,47.36],[-123.89,47.36],[-123.9,47.36],[-123.89,47.38],[-123.88,47.39],[-123.86,47.42],[-123.84,47.45],[-123.82,47.47],[-123.79,47.49],[-123.77,47.51],[-123.74,47.52],[-123.71,47.53],[-123.67,47.53],[-123.59,47.56],[-123.56,47.57],[-123.56,47.58],[-123.58,47.58],[-123.61,47.56],[-123.65,47.56],[-123.63,47.58],[-123.61,47.6],[-123.61,47.63],[-123.63,47.63],[-123.62,47.61],[-123.63,47.6],[-123.67,47.57],[-123.69,47.57],[-123.72,47.56],[-123.78,47.54],[-123.79,47.54],[-123.84,47.52],[-123.88,47.5],[-123.9,47.49],[-123.92,47.49],[-123.91,47.5],[-123.91,47.51],[-123.92,47.51],[-123.92,47.52],[-123.93,47.51],[-123.94,47.51],[-123.95,47.51],[-123.96,47.51],[-123.96,47.52],[-123.97,47.52],[-123.98,47.52],[-123.99,47.52],[-124.0,47.52],[-124.01,47.52],[-124.01,47.53],[-124.02,47.53],[-124.03,47.53],[-124.03,47.54],[-124.03,47.55],[-124.02,47.57],[-124.0,47.57],[-123.97,47.56],[-123.95,47.56],[-123.97,47.57],[-124.02,47.58],[-124.03,47.59],[-124.02,47.6],[-123.95,47.61],[-123.93,47.61],[-123.9,47.61],[-123.91,47.62],[-123.94,47.62],[-123.89,47.66],[-123.88,47.68],[-123.86,47.68],[-123.82,47.68],[-123.8,47.69],[-123.75,47.69],[-123.74,47.71],[-123.76,47.7],[-123.8,47.7],[-123.84,47.69],[-123.86,47.7],[-123.9,47.7],[-123.95,47.66],[-124.02,47.64],[-124.07,47.63],[-124.17,47.61],[-124.18,47.61],[-124.17,47.64],[-124.09,47.68],[-124.08,47.68],[-124.07,47.68],[-124.05,47.68],[-124.04,47.69],[-124.07,47.69],[-124.08,47.7],[-124.08,47.69],[-124.09,47.69],[-124.09,47.7],[-124.06,47.72],[-124.04,47.72],[-124.01,47.74],[-124.05,47.73],[-124.08,47.73],[-124.1,47.71],[-124.12,47.71],[-124.14,47.73],[-124.13,47.75],[-124.11,47.75],[-124.1,47.76],[-124.09,47.77],[-124.05,47.78],[-124.07,47.78],[-124.06,47.8],[-124.04,47.8],[-123.99,47.8],[-123.97,47.79],[-123.95,47.79],[-123.94,47.78],[-123.92,47.78],[-123.89,47.78],[-123.87,47.78],[-123.86,47.78],[-123.87,47.79],[-123.88,47.79],[-123.89,47.79],[-123.9,47.79],[-123.93,47.79],[-123.95,47.8],[-123.99,47.81],[-123.97,47.82],[-123.93,47.85],[-123.92,47.85],[-123.9,47.86],[-123.88,47.86],[-123.84,47.86],[-123.81,47.87],[-123.78,47.87],[-123.77,47.87],[-123.76,47.88],[-123.78,47.88],[-123.79,47.88],[-123.82,47.87],[-123.85,47.87],[-123.87,47.87],[-123.88,47.87],[-123.92,47.87],[-123.95,47.86],[-123.96,47.85],[-124.01,47.83],[-124.06,47.82],[-124.08,47.83],[-124.13,47.83],[-124.16,47.83],[-124.19,47.84],[-124.24,47.86],[-124.25,47.87],[-124.22,47.87],[-124.21,47.87],[-124.19,47.87],[-124.17,47.87],[-124.16,47.87],[-124.15,47.87],[-124.13,47.87],[-124.11,47.88],[-124.1,47.88],[-124.08,47.88],[-124.05,47.89],[-124.07,47.89],[-124.1,47.89],[-124.13,47.89],[-124.15,47.89],[-124.16,47.89],[-124.17,47.89],[-124.18,47.9],[-124.19,47.89],[-124.21,47.89],[-124.26,47.9],[-124.27,47.89],[-124.28,47.88],[-124.3,47.88],[-124.32,47.9],[-124.31,47.91],[-124.29,47.9],[-124.28,47.9],[-124.29,47.93],[-124.29,47.95],[-124.29,47.96],[-124.28,47.96],[-124.26,47.96],[-124.26,47.94],[-124.25,47.94],[-124.26,47.92],[-124.25,47.92],[-124.24,47.94],[-124.23,47.94],[-124.21,47.94],[-124.2,47.93],[-124.19,47.91],[-124.17,47.91],[-124.18,47.93],[-124.22,47.95],[-124.2,47.95],[-124.16,47.94],[-124.14,47.94],[-124.13,47.95],[-124.14,47.95],[-124.16,47.95],[-124.18,47.95],[-124.18,47.96],[-124.19,47.95],[-124.21,47.96],[-124.24,47.96],[-124.22,47.97],[-124.21,47.98]],[[-123.78,48.05],[-123.77,48.04],[-123.76,48.04],[-123.77,48.05],[-123.78,48.05]],[[-123.13,47.96],[-123.14,47.96],[-123.16,47.95],[-123.16,47.94],[-123.14,47.95],[-123.13,47.96]],[[-123.36,47.35],[-123.36,47.36],[-123.37,47.36],[-123.36,47.35]],[[-123.37,47.36],[-123.38,47.37],[-123.38,47.36],[-123.37,47.36]],[[-123.34,47.34],[-123.35,47.33],[-123.34,47.33],[-123.34,47.34]],[[-123.45,47.31],[-123.43,47.32],[-123.44,47.32],[-123.45,47.31]],[[-123.65,47.4],[-123.66,47.41],[-123.66,47.4],[-123.65,47.4]],[[-124.08,47.68],[-124.08,47.67],[-124.07,47.67],[-124.08,47.68]],[[-123.15,47.6],[-123.16,47.6],[-123.17,47.6],[-123.18,47.6],[-123.19,47.59],[-123.17,47.59],[-123.16,47.59],[-123.15,47.6]]],[[[-123.85,47.36],[-123.83,47.37],[-123.82,47.36],[-123.84,47.34],[-123.85,47.35],[-123.84,47.35],[-123.84,47.36],[-123.85,47.36]]]]}},
{"type":"Feature","properties":{"ugc":"WAZ329","name":"Foothills of the Western and Southern Olympic Peninsula","state":"WA","wfo":"SEW"},"geometry":{"type":"MultiPolygon","coordinates":[[[[-124.46,48.21],[-124.4,48.18],[-124.36,48.19],[-124.32,48.18],[-124.31,48.14],[-124.26,48.11],[-124.25,48.1],[-124.23,48.09],[-124.22,48.09],[-124.17,48.04],[-124.19,48.05],[-124.24,48.05],[-124.24,48.04],[-124.25,48.04],[-124.28,48.02],[-124.31,48.02],[-124.32,48.01],[-124.33,48.01],[-124.34,48.0],[-124.34,47.99],[-124.35,47.98],[-124.33,47.97],[-124.32,47.99],[-124.31,47.99],[-124.3,48.0],[-124.31,47.98],[-124.3,47.98],[-124.28,47.98],[-124.29,48.0],[-124.26,48.01],[-124.22,48.02],[-124.19,48.02],[-124.2,48.01],[-124.21,48.01],[-124.24,48.0],[-124.26,47.99],[-124.27,47.98],[-124.27,47.97],[-124.26,47.97],[-124.23,47.98],[-124.21,47.98],[-124.22,47.97],[-124.24,47.96],[-124.21,47.96],[-124.19,47.95],[-124.18,47.96],[-124.18,47.95],[-124.16,47.95],[-124.14,47.95],[-124.13,47.95],[-124.14,47.94],[-124.16,47.94],[-124.2,47.95],[-124.22,47.95],[-124.18,47.93],[-124.17,47.91],[-124.19,47.91],[-124.2,47.93],[-124.21,47.94],[-124.23,47.94],[-124.24,47.94],[-124.25,47.92],[-124.26,47.92],[-124.25,47.94],[-124.26,47.94],[-124.26,47.96],[-124.28,47.96],[-124.29,47.96],[-124.29,47.95],[-124.29,47.93],[-124.28,47.9],[-124.29,47.9],[-124.31,47.91],[-124.32,47.9],[-124.3,47.88],[-124.28,47.88],[-124.27,47.89],[-124.26,47.9],[-124.21,47.89],[-124.19,47.89],[-124.18,47.9],[-124.17,47.89],[-124.16,47.89],[-124.15,47.89],[-124.13,47.89],[-124.1,47.89],[-124.07,47.89],[-124.05,47.89],[-124.08,47.88],[-124.1,47.88],[-124.11,47.88],[-124.13,47.87],[-124.15,47.87],[-124.16,47.87],[-124.17,47.87],[-124.19,47.87],[-124.21,47.87],[-124.22,47.87],[-124.25,47.87],[-124.24,47.86],[-124.19,47.84],[-124.16,47.83],[-124.13,47.83],[-124.08,47.83],[-124.06,47.82],[-124.01,47.83],[-123.96,47.85],[-123.95,47.86],[-123.92,47.87],[-123.88,47.87],[-123.87,47.87],[-123.85,47.87],[-123.82,47.87],[-123.79,47.88],[-123.78,47.88],[-123.76,47.88],[-123.77,47.87],[-123.78,47.87],[-123.81,47.87],[-123.84,47.86],[-123.88,47.86],[-123.9,47.86],[-123.92,47.85],[-123.93,47.85],[-123.97,47.82],[-123.99,47.81],[-123.95,47.8],[-123.93,47.79],[-123.9,47.79],[-123.89,47.79],[-123.88,47.79],[-123.87,47.79],[-123.86,47.78],[-123.87,47.78],[-123.89,47.78],[-123.92,47.78],[-123.94,47.78],[-123.95,47.79],[-123.97,47.79],[-123.99,47.8],[-124.04,47.8],[-124.06,47.8],[-124.07,47.78],[-124.05,47.78],[-124.09,47.77],[-124.1,47.76],[-124.11,47.75],[-124.13,47.75],[-124.14,47.73],[-124.12,47.71],[-124.1,47.71],[-124.08,47.73],[-124.05,47.73],[-124.01,47.74],[-124.04,47.72],[-124.06,47.72],[-124.09,47.7],[-124.09,47.69],[-124.08,47.69],[-124.08,47.7],[-124.07,47.69],[-124.04,47.69],[-124.05,47.68],[-124.07,47.68],[-124.08,47.68],[-124.09,47.68],[-124.17,47.64],[-124.18,47.61],[-124.17,47.61],[-124.07,47.63],[-124.02,47.64],[-123.95,47.66],[-123.9,47.7],[-123.86,47.7],[-123.84,47.69],[-123.8,47.7],[-123.76,47.7],[-123.74,47.71],[-123.75,47.69],[-123.8,47.69],[-123.82,47.68],[-123.86,47.68],[-123.88,47.68],[-123.89,47.66],[-123.94,47.62],[-123.91,47.62],[-123.9,47.61],[-123.93,47.61],[-123.95,47.61],[-124.02,47.6],[-124.03,47.59],[-124.02,47.58],[-123.97,47.57],[-123.95,47.56],[-123.97,47.56],[-124.0,47.57],[-124.02,47.57],[-124.03,47.55],[-124.03,47.54],[-124.03,47.53],[-124.02,47.53],[-124.01,47.53],[-124.01,47.52],[-124.0,47.52],[-123.99,47.52],[-123.98,47.52],[-123.97,47.52],[-123.96,47.52],[-123.96,47.51],[-123.95,47.51],[-123.94,47.51],[-123.93,47.51],[-123.92,47.52],[-123.92,47.51],[-123.91,47.51],[-123.91,47.5],[-123.92,47.49],[-123.9,47.49],[-123.88,47.5],[-123.84,47.52],[-123.79,47.54],[-123.78,47.54],[-123.72,47.56],[-123.69,47.57],[-123.67,47.57],[-123.63,47.6],[-123.62,47.61],[-123.63,47.63],[-123.61,47.63],[-123.61,47.6],[-123.63,47.58],[-123.65,47.56],[-123.61,47.56],[-123.58,47.58],[-123.56,47.58],[-123.56,47.57],[-123.59,47.56],[-123.67,47.53],[-123.71,47.53],[-123.74,47.52],[-123.77,47.51],[-123.79,47.49],[-123.82,47.47],[-123.84,47.45],[-123.86,47.42],[-123.88,47.39],[-123.89,47.38],[-123.9,47.36],[-123.89,47.36],[-123.88,47.36],[-123.87,47.36],[-123.88,47.35],[-123.87,47.35],[-123.86,47.35],[-123.86,47.36],[-123.85,47.36],[-123.84,47.36],[-123.84,47.35],[-123.85,47.35],[-123.84,47.34],[-123.82,47.36],[-123.83,47.37],[-123.82,47.38],[-123.83,47.39],[-123.82,47.39],[-123.81,47.39],[-123.8,47.39],[-123.8,47.4],[-123.79,47.41],[-123.79,47.42],[-123.79,47.43],[-123.78,47.43],[-123.78,47.42],[-123.77,47.42],[-123.76,47.44],[-123.75,47.44],[-123.75,47.45],[-123.73,47.46],[-123.71,47.46],[-123.72,47.45],[-123.73,47.44],[-123.74,47.44],[-123.75,47.43],[-123.75,47.42],[-123.76,47.4],[-123.77,47.39],[-123.77,47.37],[-123.78,47.36],[-123.78,47.34],[-123.77,47.35],[-123.76,47.35],[-123.77,47.34],[-123.77,47.33],[-123.76,47.33],[-123.75,47.33],[-123.74,47.33],[-123.74,47.34],[-123.73,47.35],[-123.73,47.36],[-123.72,47.36],[-123.73,47.37],[-123.73,47.38],[-123.73,47.39],[-123.71,47.39],[-123.71,47.4],[-123.71,47.41],[-123.71,47.42],[-123.7,47.43],[-123.7,47.42],[-123.7,47.4],[-123.71,47.38],[-123.71,47.37],[-123.72,47.37],[-123.71,47.36],[-123.7,47.35],[-123.69,47.35],[-123.68,47.35],[-123.67,47.36],[-123.67,47.37],[-123.66,47.37],[-123.65,47.38],[-123.65,47.39],[-123.65,47.4],[-123.64,47.39],[-123.63,47.39],[-123.63,47.4],[-123.62,47.4],[-123.6,47.41],[-123.58,47.43],[-123.57,47.44],[-123.57,47.45],[-123.56,47.45],[-123.55,47.46],[-123.54,47.46],[-123.54,47.45],[-123.55,47.44],[-123.56,47.44],[-123.57,47.42],[-123.58,47.41],[-123.58,47.4],[-123.6,47.38],[-123.59,47.38],[-123.59,47.37],[-123.6,47.37],[-123.61,47.35],[-123.63,47.34],[-123.61,47.32],[-123.56,47.32],[-123.51,47.32],[-123.5,47.32],[-123.48,47.32],[-123.47,47.32],[-123.46,47.32],[-123.45,47.33],[-123.45,47.32],[-123.45,47.31],[-123.42,47.3],[-123.4,47.3],[-123.38,47.29],[-123.34,47.3],[-123.33,47.31],[-123.32,47.32],[-123.28,47.24],[-123.32,47.24],[-123.33,47.22],[-123.34,47.21],[-123.37,47.24],[-123.38,47.25],[-123.39,47.23],[-123.41,47.24],[-123.44,47.25],[-123.47,47.24],[-123.49,47.23],[-123.51,47.2],[-123.51,47.22],[-123.49,47.25],[-123.51,47.24],[-123.52,47.23],[-123.53,47.22],[-123.53,47.19],[-123.54,47.19],[-123.55,47.21],[-123.56,47.23],[-123.56,47.21],[-123.58,47.18],[-123.59,47.14],[-123.61,47.13],[-123.63,47.13],[-123.62,47.17],[-123.61,47.19],[-123.61,47.21],[-123.63,47.23],[-123.64,47.26],[-123.64,47.28],[-123.65,47.29],[-123.66,47.28],[-123.66,47.25],[-123.64,47.23],[-123.63,47.2],[-123.65,47.18],[-123.65,47.15],[-123.7,47.12],[-123.71,47.11],[-123.74,47.12],[-123.75,47.12],[-123.78,47.11],[-123.78,47.1],[-123.79,47.07],[-123.81,47.07],[-123.8,47.1],[-123.81,47.13],[-123.83,47.1],[-123.83,47.08],[-123.85,47.07],[-123.87,47.07],[-123.87,47.09],[-123.85,47.1],[-123.86,47.11],[-123.87,47.11],[-123.88,47.09],[-123.89,47.09],[-123.9,47.1],[-123.89,47.11],[-123.91,47.11],[-123.91,47.1],[-123.91,47.09],[-123.93,47.08],[-123.94,47.09],[-123.95,47.08],[-123.95,47.07],[-123.98,47.07],[-123.99,47.08],[-124.02,47.08],[-124.01,47.1],[-124.03,47.15],[-124.07,47.18],[-124.09,47.19],[-124.14,47.2],[-124.14,47.21],[-124.11,47.21],[-124.1,47.22],[-124.12,47.23],[-124.11,47.24],[-124.11,47.26],[-124.13,47.28],[-124.14,47.3],[-124.19,47.28],[-124.21,47.3],[-124.24,47.32],[-124.2,47.33],[-124.15,47.35],[-124.09,47.35],[-124.05,47.35],[-124.05,47.38],[-124.1,47.39],[-124.13,47.4],[-124.16,47.39],[-124.2,47.37],[-124.27,47.37],[-124.28,47.4],[-124.28,47.42],[-124.24,47.44],[-124.18,47.45],[-124.19,47.45],[-124.23,47.45],[-124.27,47.47],[-124.26,47.48],[-124.21,47.47],[-124.21,47.48],[-124.25,47.48],[-124.28,47.49],[-124.29,47.5],[-124.27,47.53],[-124.23,47.54],[-124.21,47.55],[-124.18,47.55],[-124.2,47.56],[-124.23,47.57],[-124.26,47.56],[-124.29,47.56],[-124.3,47.56],[-124.31,47.55],[-124.33,47.56],[-124.33,47.58],[-124.34,47.59],[-124.34,47.61],[-124.32,47.63],[-124.32,47.64],[-124.35,47.65],[-124.36,47.66],[-124.37,47.68],[-124.34,47.7],[-124.3,47.73],[-124.26,47.76],[-124.25,47.79],[-124.27,47.79],[-124.32,47.78],[-124.36,47.77],[-124.4,47.77],[-124.42,47.79],[-124.41,47.81],[-124.44,47.83],[-124.43,47.83],[-124.45,47.85],[-124.47,47.87],[-124.49,47.89],[-124.48,47.9],[-124.47,47.94],[-124.49,47.96],[-124.47,47.99],[-124.48,48.01],[-124.5,48.04],[-124.5,48.07],[-124.51,48.1],[-124.53,48.12],[-124.53,48.13],[-124.53,48.15],[-124.51,48.17],[-124.52,48.18],[-124.53,48.2],[-124.54,48.22],[-124.54,48.23],[-124.53,48.24],[-124.52,48.24],[-124.52,48.25],[-124.51,48.23],[-124.46,48.21]]],[[[-124.08,47.68],[-124.07,47.67],[-124.08,47.67],[-124.08,47.68]]],[[[-123.85,47.36],[-123.85,47.37],[-123.83,47.37],[-123.85,47.36]]],[[[-123.65,47.4],[-123.66,47.4],[-123.66,47.41],[-123.65,47.4]]],[[[-123.45,47.31],[-123.44,47.32],[-123.43,47.32],[-123.45,47.31]]]]}},
{"type":"Feature","properties":{"ugc":"WAZ330","name":"Northern Washington Coast","state":"WA","wfo":"SEW"},"geometry":{"type":"MultiPolygon","coordinates":[[[[-124.73,48.38],[-124.73,48.39],[-124.72,48.39],[-124.71,48.39],[-124.7,48.39],[-124.69,48.39],[-124.68,48.39],[-124.67,48.39],[-124.66,48.39],[-124.65,48.39],[-124.64,48.39],[-124.64,48.38],[-124.63,48.38],[-124.63,48.37],[-124.62,48.37],[-124.61,48.37],[-124.6,48.37],[-124.59,48.37],[-124.58,48.37],[-124.57,48.37],[-124.56,48.37],[-124.56,48.36],[-124.55,48.36],[-124.55,48.35],[-124.56,48.35],[-124.56,48.34],[-124.56,48.27],[-124.54,48.26],[-124.54,48.25],[-124.52,48.25],[-124.52,48.24],[-124.53,48.24],[-124.54,48.23],[-124.54,48.22],[-124.53,48.2],[-124.52,48.18],[-124.51,48.17],[-124.53,48.15],[-124.53,48.13],[-124.53,48.12],[-124.51,48.1],[-124.5,48.07],[-124.5,48.04],[-124.48,48.01],[-124.47,47.99],[-124.49,47.96],[-124.47,47.94],[-124.48,47.9],[-124.49,47.89],[-124.47,47.87],[-124.45,47.85],[-124.43,47.83],[-124.44,47.83],[-124.41,47.81],[-124.42,47.79],[-124.4,47.77],[-124.36,47.77],[-124.32,47.78],[-124.27,47.79],[-124.25,47.79],[-124.26,47.76],[-124.3,47.73],[-124.34,47.7],[-124.37,47.68],[-124.36,47.66],[-124.35,47.65],[-124.32,47.64],[-124.32,47.63],[-124.34,47.61],[-124.34,47.59],[-124.33,47.58],[-124.33,47.56],[-124.31,47.55],[-124.3,47.56],[-124.29,47.56],[-124.26,47.56],[-124.23,47.57],[-124.2,47.56],[-124.18,47.55],[-124.21,47.55],[-124.23,47.54],[-124.27,47.53],[-124.28,47.53],[-124.3,47.53],[-124.31,47.53],[-124.35,47.53],[-124.36,47.54],[-124.35,47.54],[-124.35,47.55],[-124.36,47.55],[-124.36,47.56],[-124.36,47.57],[-124.36,47.58],[-124.37,47.58],[-124.37,47.59],[-124.37,47.6],[-124.38,47.61],[-124.38,47.62],[-124.38,47.63],[-124.38,47.64],[-124.39,47.64],[-124.39,47.65],[-124.39,47.66],[-124.4,47.66],[-124.4,47.67],[-124.4,47.68],[-124.41,47.68],[-124.41,47.69],[-124.41,47.7],[-124.42,47.7],[-124.42,47.71],[-124.42,47.72],[-124.42,47.73],[-124.43,47.74],[-124.43,47.75],[-124.44,47.75],[-124.45,47.75],[-124.45,47.76],[-124.45,47.77],[-124.46,47.77],[-124.47,47.77],[-124.48,47.78],[-124.48,47.79],[-124.48,47.8],[-124.48,47.81],[-124.49,47.81],[-124.49,47.82],[-124.5,47.82],[-124.51,47.82],[-124.52,47.82],[-124.52,47.83],[-124.53,47.83],[-124.54,47.83],[-124.54,47.84],[-124.55,47.85],[-124.56,47.85],[-124.56,47.86],[-124.56,47.87],[-124.57,47.87],[-124.58,47.87],[-124.58,47.88],[-124.59,47.88],[-124.6,47.88],[-124.6,47.87],[-124.61,47.87],[-124.61,47.88],[-124.62,47.88],[-124.62,47.89],[-124.63,47.89],[-124.63,47.9],[-124.63,47.91],[-124.64,47.91],[-124.64,47.92],[-124.64,47.93],[-124.65,47.94],[-124.66,47.95],[-124.66,47.96],[-124.67,47.96],[-124.68,47.97],[-124.67,47.97],[-124.67,47.98],[-124.67,47.99],[-124.68,47.99],[-124.68,48.0],[-124.68,48.01],[-124.68,48.02],[-124.68,48.03],[-124.68,48.04],[-124.68,48.05],[-124.69,48.05],[-124.69,48.06],[-124.69,48.07],[-124.7,48.07],[-124.7,48.08],[-124.7,48.09],[-124.69,48.09],[-124.69,48.1],[-124.69,48.11],[-124.7,48.11],[-124.7,48.12],[-124.71,48.12],[-124.71,48.13],[-124.71,48.14],[-124.72,48.14],[-124.72,48.15],[-124.72,48.16],[-124.73,48.16],[-124.73,48.17],[-124.72,48.17],[-124.72,48.18],[-124.71,48.18],[-124.7,48.18],[-124.7,48.19],[-124.7,48.2],[-124.69,48.2],[-124.69,48.21],[-124.69,48.22],[-124.7,48.23],[-124.7,48.24],[-124.7,48.25],[-124.69,48.25],[-124.68,48.26],[-124.68,48.27],[-124.68,48.28],[-124.68,48.29],[-124.68,48.3],[-124.67,48.3],[-124.66,48.3],[-124.66,48.31],[-124.66,48.32],[-124.66,48.33],[-124.66,48.34],[-124.67,48.34],[-124.68,48.34],[-124.69,48.34],[-124.7,48.34],[-124.7,48.35],[-124.71,48.35],[-124.71,48.36],[-124.71,48.37],[-124.72,48.37],[-124.73,48.37],[-124.73,48.38]]],[[[-124.48,47.68],[-124.48,47.67],[-124.49,47.67],[-124.49,47.68],[-124.48,47.68]]],[[[-124.76,48.17],[-124.76,48.18],[-124.75,48.17],[-124.76,48.17]]]]}},
{"type":"Feature","properties":{"ugc":"WAZ331","name":"Grays Harbor County Coast","state":"WA","wfo":"SEW"},"geometry":{"type":"MultiPolygon","coordinates":[[[[-124.13,46.9],[-124.12,46.9],[-124.12,46.91],[-124.11,46.91],[-124.1,46.9],[-124.09,46.9],[-124.09,46.89],[-124.09,46.88],[-124.09,46.87],[-124.09,46.86],[-124.08,46.86],[-124.07,46.86],[-124.06,46.86],[-124.06,46.87],[-124.05,46.87],[-124.05,46.88],[-124.05,46.89],[-124.04,46.9],[-124.03,46.9],[-124.02,46.9],[-124.01,46.9],[-124.0,46.9],[-124.0,46.91],[-123.99,46.92],[-123.98,46.92],[-123.97,46.92],[-123.96,46.92],[-123.95,46.9],[-123.93,46.87],[-123.92,46.86],[-123.91,46.86],[-123.9,46.86],[-123.89,46.86],[-123.89,46.85],[-123.9,46.85],[-123.91,46.85],[-123.92,46.84],[-123.93,46.84],[-123.94,46.84],[-123.95,46.84],[-123.95,46.83],[-123.93,46.83],[-123.92,46.81],[-123.91,46.81],[-123.9,46.82],[-123.89,46.81],[-123.88,46.81],[-123.87,46.8],[-123.86,46.79],[-123.88,46.79],[-123.93,46.79],[-124.03,46.79],[-124.1,46.79],[-124.1,46.8],[-124.1,46.81],[-124.11,46.84],[-124.12,46.86],[-124.12,46.87],[-124.13,46.87],[-124.13,46.89],[-124.13,46.9]],[[-124.05,46.85],[-124.04,46.85],[-124.04,46.84],[-124.03,46.85],[-124.03,46.86],[-124.04,46.86],[-124.04,46.87],[-124.05,46.86],[-124.05,46.85]],[[-124.03,46.85],[-124.03,46.84],[-124.02,46.84],[-124.01,46.84],[-124.01,46.85],[-124.02,46.85],[-124.03,46.85]]],[[[-124.13,46.9],[-124.14,46.9],[-124.14,46.91],[-124.13,46.91],[-124.13,46.9]]],[[[-124.32,47.35],[-124.32,47.36],[-124.32,47.37],[-124.32,47.38],[-124.33,47.39],[-124.33,47.4],[-124.34,47.4],[-124.34,47.41],[-124.34,47.42],[-124.34,47.43],[-124.34,47.44],[-124.34,47.45],[-124.34,47.46],[-124.34,47.47],[-124.34,47.48],[-124.34,47.49],[-124.35,47.49],[-124.35,47.5],[-124.35,47.51],[-124.35,47.52],[-124.35,47.53],[-124.31,47.53],[-124.3,47.53],[-124.28,47.53],[-124.27,47.53],[-124.29,47.5],[-124.28,47.49],[-124.25,47.48],[-124.21,47.48],[-124.21,47.47],[-124.26,47.48],[-124.27,47.47],[-124.23,47.45],[-124.19,47.45],[-124.18,47.45],[-124.24,47.44],[-124.28,47.42],[-124.28,47.4],[-124.27,47.37],[-124.2,47.37],[-124.16,47.39],[-124.13,47.4],[-124.1,47.39],[-124.05,47.38],[-124.05,47.35],[-124.09,47.35],[-124.15,47.35],[-124.2,47.33],[-124.24,47.32],[-124.21,47.3],[-124.19,47.28],[-124.14,47.3],[-124.13,47.28],[-124.11,47.26],[-124.11,47.24],[-124.12,47.23],[-124.1,47.22],[-124.11,47.21],[-124.14,47.21],[-124.14,47.2],[-124.09,47.19],[-124.07,47.18],[-124.03,47.15],[-124.01,47.1],[-124.02,47.08],[-124.01,47.05],[-123.99,47.02],[-123.96,46.99],[-123.96,46.98],[-123.97,46.98],[-123.98,46.98],[-123.99,46.98],[-124.0,46.98],[-124.01,46.98],[-124.01,46.99],[-124.02,46.99],[-124.01,47.0],[-124.01,47.01],[-124.02,47.01],[-124.02,47.02],[-124.02,47.03],[-124.03,47.03],[-124.04,47.03],[-124.05,47.03],[-124.05,47.04],[-124.06,47.04],[-124.07,47.04],[-124.08,47.04],[-124.09,47.04],[-124.11,47.04],[-124.12,47.04],[-124.13,47.04],[-124.14,47.04],[-124.14,47.03],[-124.15,47.03],[-124.15,47.02],[-124.15,47.01],[-124.14,47.01],[-124.14,47.0],[-124.14,46.99],[-124.14,46.98],[-124.14,46.97],[-124.13,46.96],[-124.13,46.95],[-124.12,46.95],[-124.11,46.95],[-124.11,46.94],[-124.12,46.94],[-124.13,46.94],[-124.14,46.94],[-124.15,46.94],[-124.15,46.93],[-124.16,46.93],[-124.17,46.93],[-124.17,46.94],[-124.17,46.95],[-124.17,46.96],[-124.17,46.97],[-124.17,46.98],[-124.17,46.99],[-124.17,47.0],[-124.17,47.02],[-124.17,47.03],[-124.17,47.04],[-124.17,47.05],[-124.17,47.06],[-124.17,47.07],[-124.17,47.08],[-124.18,47.09],[-124.18,47.1],[-124.18,47.11],[-124.18,47.12],[-124.18,47.13],[-124.19,47.14],[-124.19,47.15],[-124.19,47.16],[-124.19,47.17],[-124.2,47.17],[-124.2,47.18],[-124.2,47.19],[-124.2,47.2],[-124.2,47.21],[-124.21,47.21],[-124.21,47.22],[-124.21,47.23],[-124.22,47.23],[-124.22,47.24],[-124.22,47.25],[-124.22,47.26],[-124.23,47.26],[-124.23,47.27],[-124.23,47.28],[-124.24,47.28],[-124.24,47.29],[-124.24,47.3],[-124.25,47.3],[-124.26,47.3],[-124.27,47.31],[-124.27,47.3],[-124.28,47.3],[-124.28,47.31],[-124.28,47.32],[-124.29,47.32],[-124.29,47.33],[-124.29,47.34],[-124.3,47.34],[-124.3,47.35],[-124.31,47.35],[-124.32,47.35]]]]}},
{"type":"Feature","properties":{"ugc":"WAZ332","name":"Lower Chehalis River Valley","state":"WA","wfo":"SEW"},"geometry":{"type":"MultiPolygon","coordinates":[[[[-123.93,46.97],[-123.93,46.98],[-123.94,46.98],[-123.95,46.98],[-123.96,46.98],[-123.96,46.99],[-123.99,47.02],[-124.01,47.05],[-124.02,47.08],[-123.99,47.08],[-123.98,47.07],[-123.95,47.07],[-123.95,47.08],[-123.94,47.09],[-123.93,47.08],[-123.91,47.09],[-123.91,47.1],[-123.91,47.11],[-123.89,47.11],[-123.9,47.1],[-123.89,47.09],[-123.88,47.09],[-123.87,47.11],[-123.86,47.11],[-123.85,47.1],[-123.87,47.09],[-123.87,47.07],[-123.85,47.07],[-123.83,47.08],[-123.83,47.1],[-123.81,47.13],[-123.8,47.1],[-123.81,47.07],[-123.79,47.07],[-123.78,47.1],[-123.78,47.11],[-123.75,47.12],[-123.74,47.12],[-123.71,47.11],[-123.75,47.07],[-123.76,47.06],[-123.77,47.04],[-123.78,47.04],[-123.78,47.03],[-123.76,47.02],[-123.78,47.0],[-123.78,46.99],[-123.75,47.0],[-123.74,47.0],[-123.72,46.99],[-123.73,46.99],[-123.73,46.98],[-123.69,46.98],[-123.68,46.99],[-123.7,47.0],[-123.7,47.02],[-123.69,47.02],[-123.67,47.02],[-123.65,47.02],[-123.63,47.02],[-123.63,47.01],[-123.64,47.0],[-123.63,46.99],[-123.59,46.99],[-123.53,47.0],[-123.51,47.01],[-123.48,47.0],[-123.46,46.99],[-123.46,46.98],[-123.47,46.97],[-123.49,46.97],[-123.51,46.96],[-123.52,46.95],[-123.53,46.94],[-123.55,46.94],[-123.55,46.95],[-123.55,46.96],[-123.57,46.95],[-123.58,46.95],[-123.58,46.96],[-123.59,46.96],[-123.59,46.95],[-123.6,46.95],[-123.61,46.95],[-123.61,46.94],[-123.61,46.93],[-123.62,46.93],[-123.64,46.93],[-123.65,46.93],[-123.65,46.92],[-123.66,46.92],[-123.67,46.92],[-123.68,46.92],[-123.68,46.93],[-123.69,46.93],[-123.7,46.93],[-123.7,46.94],[-123.72,46.94],[-123.74,46.94],[-123.79,46.94],[-123.8,46.94],[-123.82,46.94],[-123.83,46.93],[-123.82,46.92],[-123.81,46.91],[-123.78,46.9],[-123.77,46.9],[-123.77,46.89],[-123.78,46.88],[-123.8,46.89],[-123.81,46.89],[-123.82,46.89],[-123.83,46.9],[-123.82,46.91],[-123.83,46.91],[-123.84,46.9],[-123.84,46.91],[-123.83,46.92],[-123.84,46.92],[-123.85,46.93],[-123.85,46.92],[-123.86,46.92],[-123.88,46.91],[-123.89,46.91],[-123.9,46.91],[-123.92,46.91],[-123.92,46.89],[-123.92,46.88],[-123.92,46.87],[-123.92,46.86],[-123.93,46.87],[-123.95,46.9],[-123.96,46.92],[-123.95,46.92],[-123.94,46.93],[-123.93,46.93],[-123.92,46.93],[-123.91,46.93],[-123.9,46.94],[-123.89,46.94],[-123.88,46.94],[-123.87,46.94],[-123.87,46.95],[-123.86,46.95],[-123.85,46.95],[-123.84,46.95],[-123.83,46.95],[-123.83,46.96],[-123.84,46.96],[-123.85,46.96],[-123.86,46.97],[-123.86,46.96],[-123.87,46.96],[-123.88,46.96],[-123.88,46.97],[-123.89,46.97],[-123.9,46.97],[-123.91,46.97],[-123.92,46.97],[-123.93,46.97]],[[-123.83,46.96],[-123.82,46.96],[-123.82,46.97],[-123.83,46.97],[-123.83,46.96]]]]}},
{"type":"Feature","properties":{"ugc":"WAZ333","name":"Island County","state":"WA","wfo":"SEW"},"geometry":{"type":"MultiPolygon","coordinates":[[[[-122.72,48.22],[-122.71,48.22],[-122.7,48.22],[-122.69,48.22],[-122.68,48.22],[-122.67,48.22],[-122.66,48.22],[-122.65,48.22],[-122.64,48.22],[-122.63,48.22],[-122.62,48.22],[-122.62,48.21],[-122.61,48.21],[-122.61,48.2],[-122.6,48.2],[-122.6,48.19],[-122.59,48.19],[-122.59,48.18],[-122.59,48.17],[-122.58,48.17],[-122.58,48.16],[-122.57,48.16],[-122.57,48.15],[-122.57,48.14],[-122.57,48.13],[-122.56,48.13],[-122.56,48.12],[-122.56,48.11],[-122.57,48.11],[-122.57,48.1],[-122.57,48.09],[-122.56,48.09],[-122.56,48.08],[-122.55,48.08],[-122.55,48.07],[-122.55,48.06],[-122.55,48.05],[-122.54,48.05],[-122.54,48.04],[-122.54,48.03],[-122.54,48.02],[-122.53,48.02],[-122.52,48.02],[-122.52,48.03],[-122.51,48.03],[-122.51,48.04],[-122.51,48.05],[-122.52,48.05],[-122.52,48.06],[-122.51,48.07],[-122.51,48.08],[-122.52,48.08],[-122.52,48.09],[-122.52,48.1],[-122.51,48.1],[-122.5,48.1],[-122.49,48.1],[-122.49,48.09],[-122.48,48.09],[-122.48,48.08],[-122.47,48.08],[-122.47,48.07],[-122.46,48.07],[-122.46,48.06],[-122.45,48.06],[-122.45,48.05],[-122.44,48.05],[-122.43,48.05],[-122.43,48.04],[-122.42,48.04],[-122.41,48.04],[-122.4,48.04],[-122.39,48.04],[-122.39,48.03],[-122.38,48.03],[-122.37,48.03],[-122.37,48.02],[-122.37,48.01],[-122.37,48.0],[-122.37,47.99],[-122.36,47.99],[-122.35,47.98],[-122.35,47.97],[-122.35,47.96],[-122.35,47.95],[-122.36,47.95],[-122.36,47.94],[-122.37,47.93],[-122.38,47.93],[-122.38,47.92],[-122.38,47.91],[-122.38,47.9],[-122.39,47.9],[-122.39,47.91],[-122.4,47.91],[-122.4,47.92],[-122.41,47.92],[-122.41,47.91],[-122.42,47.91],[-122.43,47.91],[-122.43,47.92],[-122.44,47.92],[-122.44,47.93],[-122.45,47.93],[-122.45,47.94],[-122.44,47.94],[-122.44,47.95],[-122.44,47.96],[-122.45,47.96],[-122.45,47.97],[-122.46,47.97],[-122.46,47.98],[-122.47,47.98],[-122.47,47.99],[-122.48,47.99],[-122.48,48.0],[-122.49,48.0],[-122.49,47.99],[-122.5,47.99],[-122.51,47.99],[-122.51,47.98],[-122.52,47.98],[-122.52,47.97],[-122.53,47.97],[-122.54,47.97],[-122.55,47.97],[-122.55,47.98],[-122.54,47.98],[-122.54,47.99],[-122.54,48.0],[-122.55,48.0],[-122.56,48.0],[-122.56,48.01],[-122.57,48.01],[-122.58,48.01],[-122.59,48.01],[-122.59,48.02],[-122.6,48.03],[-122.6,48.04],[-122.59,48.04],[-122.59,48.05],[-122.59,48.06],[-122.6,48.06],[-122.61,48.06],[-122.61,48.07],[-122.61,48.08],[-122.61,48.09],[-122.6,48.1],[-122.6,48.11],[-122.6,48.12],[-122.6,48.13],[-122.6,48.14],[-122.61,48.14],[-122.61,48.15],[-122.61,48.16],[-122.62,48.16],[-122.63,48.16],[-122.64,48.16],[-122.65,48.16],[-122.66,48.16],[-122.67,48.16],[-122.68,48.15],[-122.68,48.16],[-122.68,48.17],[-122.69,48.17],[-122.69,48.18],[-122.7,48.18],[-122.7,48.19],[-122.71,48.19],[-122.72,48.2],[-122.73,48.2],[-122.74,48.2],[-122.74,48.21],[-122.75,48.21],[-122.76,48.21],[-122.76,48.22],[-122.77,48.22],[-122.77,48.23],[-122.76,48.23],[-122.76,48.24],[-122.76,48.25],[-122.75,48.26],[-122.74,48.27],[-122.74,48.28],[-122.73,48.28],[-122.73,48.29],[-122.73,48.3],[-122.72,48.3],[-122.72,48.31],[-122.71,48.31],[-122.71,48.32],[-122.7,48.32],[-122.7,48.33],[-122.69,48.33],[-122.69,48.34],[-122.68,48.34],[-122.68,48.35],[-122.67,48.35],[-122.67,48.36],[-122.67,48.37],[-122.66,48.37],[-122.66,48.38],[-122.66,48.39],[-122.66,48.4],[-122.65,48.4],[-122.65,48.41],[-122.64,48.41],[-122.64,48.4],[-122.63,48.4],[-122.62,48.4],[-122.62,48.41],[-122.61,48.41],[-122.6,48.41],[-122.6,48.4],[-122.59,48.4],[-122.59,48.39],[-122.58,48.38],[-122.58,48.37],[-122.59,48.37],[-122.59,48.36],[-122.59,48.35],[-122.58,48.35],[-122.57,48.35],[-122.56,48.35],[-122.56,48.34],[-122.55,48.34],[-122.54,48.34],[-122.54,48.33],[-122.53,48.33],[-122.53,48.32],[-122.52,48.32],[-122.51,48.32],[-122.51,48.31],[-122.51,48.3],[-122.51,48.29],[-122.52,48.29],[-122.52,48.28],[-122.53,48.28],[-122.55,48.28],[-122.56,48.28],[-122.56,48.29],[-122.57,48.29],[-122.58,48.3],[-122.59,48.3],[-122.6,48.3],[-122.61,48.3],[-122.62,48.29],[-122.62,48.28],[-122.63,48.27],[-122.64,48.27],[-122.64,48.28],[-122.63,48.28],[-122.63,48.29],[-122.64,48.29],[-122.65,48.29],[-122.65,48.28],[-122.66,48.28],[-122.66,48.27],[-122.65,48.27],[-122.65,48.26],[-122.65,48.25],[-122.66,48.25],[-122.66,48.24],[-122.67,48.24],[-122.68,48.24],[-122.69,48.24],[-122.7,48.24],[-122.71,48.24],[-122.72,48.24],[-122.73,48.23],[-122.73,48.22],[-122.72,48.22]]],[[[-122.54,48.18],[-122.54,48.19],[-122.53,48.19],[-122.53,48.2],[-122.54,48.2],[-122.54,48.21],[-122.54,48.22],[-122.53,48.22],[-122.53,48.23],[-122.54,48.24],[-122.53,48.24],[-122.53,48.25],[-122.52,48.25],[-122.51,48.25],[-122.51,48.26],[-122.5,48.26],[-122.5,48.25],[-122.49,48.25],[-122.48,48.25],[-122.47,48.26],[-122.47,48.27],[-122.46,48.27],[-122.45,48.27],[-122.44,48.27],[-122.44,48.26],[-122.43,48.26],[-122.42,48.26],[-122.41,48.25],[-122.4,48.25],[-122.4,48.24],[-122.39,48.24],[-122.39,48.23],[-122.4,48.23],[-122.41,48.23],[-122.42,48.23],[-122.43,48.23],[-122.43,48.24],[-122.44,48.24],[-122.45,48.23],[-122.45,48.22],[-122.45,48.21],[-122.44,48.21],[-122.45,48.2],[-122.46,48.19],[-122.46,48.2],[-122.47,48.2],[-122.47,48.21],[-122.48,48.21],[-122.48,48.2],[-122.48,48.19],[-122.48,48.18],[-122.48,48.17],[-122.47,48.17],[-122.47,48.16],[-122.46,48.16],[-122.46,48.15],[-122.45,48.14],[-122.44,48.13],[-122.43,48.13],[-122.43,48.12],[-122.42,48.12],[-122.42,48.11],[-122.41,48.11],[-122.4,48.11],[-122.4,48.1],[-122.39,48.1],[-122.39,48.09],[-122.38,48.09],[-122.38,48.08],[-122.37,48.08],[-122.37,48.07],[-122.36,48.07],[-122.36,48.06],[-122.36,48.05],[-122.37,48.06],[-122.38,48.06],[-122.39,48.06],[-122.39,48.07],[-122.39,48.08],[-122.4,48.08],[-122.4,48.09],[-122.41,48.09],[-122.42,48.09],[-122.42,48.1],[-122.43,48.1],[-122.43,48.11],[-122.44,48.11],[-122.45,48.11],[-122.45,48.12],[-122.46,48.12],[-122.46,48.13],[-122.47,48.13],[-122.48,48.13],[-122.48,48.12],[-122.49,48.12],[-122.5,48.12],[-122.5,48.13],[-122.51,48.13],[-122.51,48.14],[-122.51,48.15],[-122.52,48.15],[-122.52,48.16],[-122.52,48.17],[-122.53,48.17],[-122.53,48.18],[-122.54,48.18]]]]}},
{"type":"Feature","properties":{"ugc":"WAZ503","name":"Western Whatcom County","state":"WA","wfo":"SEW"},"geometry":{"type":"MultiPolygon","coordinates":[[[[-122.79,48.93],[-122.8,48.93],[-122.81,48.94],[-122.82,48.94],[-122.82,48.95],[-122.82,48.96],[-122.81,48.96],[-122.8,48.97],[-122.8,48.98],[-122.79,48.98],[-122.79,48.97],[-122.78,48.97],[-122.77,48.97],[-122.77,48.96],[-122.76,48.96],[-122.75,48.96],[-122.74,48.96],[-122.73,48.96],[-122.73,48.97],[-122.74,48.97],[-122.74,48.98],[-122.75,48.99],[-122.76,49.0],[-122.75,49.0],[-122.44,49.0],[-122.38,49.0],[-122.25,49.0],[-122.2,49.0],[-122.09,49.0],[-122.09,48.99],[-122.1,48.98],[-122.11,48.97],[-122.11,48.96],[-122.12,48.96],[-122.17,48.95],[-122.18,48.95],[-122.19,48.95],[-122.19,48.94],[-122.2,48.94],[-122.21,48.94],[-122.22,48.93],[-122.23,48.93],[-122.24,48.92],[-122.24,48.91],[-122.25,48.91],[-122.25,48.9],[-122.26,48.9],[-122.26,48.89],[-122.26,48.88],[-122.27,48.88],[-122.27,48.87],[-122.26,48.87],[-122.26,48.86],[-122.26,48.81],[-122.27,48.81],[-122.28,48.81],[-122.29,48.81],[-122.29,48.8],[-122.3,48.8],[-122.31,48.8],[-122.31,48.79],[-122.31,48.78],[-122.32,48.77],[-122.31,48.77],[-122.31,48.76],[-122.31,48.75],[-122.3,48.75],[-122.3,48.74],[-122.29,48.74],[-122.28,48.74],[-122.27,48.74],[-122.28,48.73],[-122.29,48.73],[-122.29,48.72],[-122.28,48.72],[-122.29,48.71],[-122.28,48.71],[-122.28,48.7],[-122.28,48.69],[-122.27,48.69],[-122.26,48.69],[-122.26,48.68],[-122.27,48.66],[-122.27,48.65],[-122.28,48.65],[-122.28,48.64],[-122.29,48.65],[-122.32,48.65],[-122.33,48.65],[-122.34,48.65],[-122.48,48.65],[-122.49,48.65],[-122.5,48.65],[-122.5,48.66],[-122.51,48.66],[-122.51,48.67],[-122.5,48.67],[-122.49,48.67],[-122.49,48.68],[-122.49,48.69],[-122.5,48.69],[-122.5,48.7],[-122.51,48.7],[-122.51,48.71],[-122.52,48.71],[-122.52,48.72],[-122.51,48.72],[-122.51,48.73],[-122.5,48.73],[-122.5,48.74],[-122.49,48.75],[-122.49,48.76],[-122.5,48.76],[-122.51,48.76],[-122.52,48.76],[-122.52,48.77],[-122.53,48.77],[-122.54,48.78],[-122.55,48.78],[-122.56,48.78],[-122.57,48.78],[-122.58,48.78],[-122.58,48.77],[-122.6,48.77],[-122.61,48.76],[-122.62,48.75],[-122.63,48.75],[-122.63,48.74],[-122.64,48.74],[-122.64,48.73],[-122.64,48.72],[-122.65,48.72],[-122.66,48.72],[-122.66,48.73],[-122.67,48.73],[-122.67,48.74],[-122.67,48.75],[-122.66,48.75],[-122.66,48.76],[-122.66,48.77],[-122.65,48.77],[-122.65,48.78],[-122.65,48.79],[-122.66,48.78],[-122.66,48.79],[-122.67,48.79],[-122.67,48.8],[-122.68,48.8],[-122.69,48.8],[-122.7,48.8],[-122.7,48.79],[-122.71,48.79],[-122.71,48.8],[-122.71,48.81],[-122.71,48.82],[-122.71,48.83],[-122.71,48.84],[-122.72,48.84],[-122.72,48.85],[-122.73,48.85],[-122.73,48.86],[-122.74,48.86],[-122.75,48.86],[-122.75,48.87],[-122.76,48.87],[-122.77,48.87],[-122.77,48.88],[-122.78,48.88],[-122.79,48.89],[-122.78,48.89],[-122.78,48.9],[-122.77,48.9],[-122.77,48.91],[-122.76,48.91],[-122.75,48.91],[-122.75,48.92],[-122.75,48.93],[-122.75,48.94],[-122.76,48.94],[-122.77,48.94],[-122.78,48.94],[-122.78,48.93],[-122.79,48.93]]],[[[-122.58,48.65],[-122.59,48.65],[-122.59,48.66],[-122.58,48.66],[-122.58,48.65]]],[[[-122.69,48.74],[-122.69,48.73],[-122.68,48.72],[-122.68,48.71],[-122.67,48.71],[-122.67,48.7],[-122.66,48.7],[-122.66,48.69],[-122.65,48.69],[-122.64,48.69],[-122.63,48.68],[-122.62,48.68],[-122.62,48.67],[-122.62,48.66],[-122.61,48.66],[-122.61,48.65],[-122.61,48.64],[-122.62,48.64],[-122.62,48.65],[-122.63,48.65],[-122.64,48.65],[-122.64,48.66],[-122.65,48.66],[-122.65,48.67],[-122.66,48.67],[-122.67,48.68],[-122.68,48.68],[-122.68,48.69],[-122.68,48.7],[-122.69,48.7],[-122.69,48.71],[-122.7,48.71],[-122.7,48.72],[-122.71,48.72],[-122.72,48.72],[-122.72,48.73],[-122.72,48.74],[-122.72,48.75],[-122.71,48.75],[-122.7,48.74],[-122.69,48.74]]],[[[-122.64,48.71],[-122.63,48.71],[-122.62,48.71],[-122.61,48.71],[-122.61,48.7],[-122.62,48.69],[-122.63,48.7],[-122.64,48.7],[-122.64,48.71]]],[[[-122.61,48.71],[-122.62,48.72],[-122.61,48.72],[-122.61,48.71]]],[[[-123.06,48.98],[-123.06,48.97],[-123.07,48.97],[-123.08,48.97],[-123.08,48.98],[-123.08,48.99],[-123.09,48.99],[-123.09,49.0],[-123.04,49.0],[-123.03,49.0],[-123.03,48.99],[-123.03,48.98],[-123.04,48.98],[-123.05,48.98],[-123.06,48.98]]],[[[-123.03,48.98],[-123.02,48.98],[-123.03,48.97],[-123.03,48.98]]]]}},
{"type":"Feature","properties":{"ugc":"WAZ504","name":"Southwest Interior","state":"WA","wfo":"SEW"},"geometry":{"type":"MultiPolygon","coordinates":[[[[-123.05,47.11],[-123.04,47.11],[-123.03,47.11],[-123.02,47.11],[-123.02,47.12],[-123.01,47.12],[-123.01,47.13],[-123.0,47.13],[-123.0,47.14],[-123.0,47.15],[-122.99,47.15],[-122.98,47.15],[-122.98,47.14],[-122.97,47.14],[-122.97,47.15],[-122.96,47.15],[-122.96,47.16],[-122.95,47.16],[-122.95,47.17],[-122.94,47.17],[-122.94,47.18],[-122.94,47.19],[-122.93,47.19],[-122.93,47.18],[-122.93,47.17],[-122.92,47.17],[-122.92,47.16],[-122.93,47.16],[-122.93,47.15],[-122.94,47.15],[-122.94,47.14],[-122.95,47.14],[-122.96,47.14],[-122.96,47.13],[-122.96,47.12],[-122.96,47.11],[-122.96,47.1],[-122.95,47.1],[-122.94,47.11],[-122.94,47.12],[-122.94,47.13],[-122.93,47.14],[-122.93,47.13],[-122.92,47.12],[-122.92,47.11],[-122.93,47.11],[-122.93,47.1],[-122.93,47.09],[-122.94,47.08],[-122.93,47.08],[-122.92,47.07],[-122.92,47.06],[-122.91,47.06],[-122.9,47.06],[-122.9,47.07],[-122.9,47.08],[-122.9,47.09],[-122.9,47.1],[-122.89,47.1],[-122.89,47.11],[-122.89,47.12],[-122.9,47.12],[-122.9,47.13],[-122.91,47.13],[-122.91,47.14],[-122.9,47.14],[-122.9,47.15],[-122.89,47.14],[-122.89,47.15],[-122.88,47.15],[-122.87,47.15],[-122.87,47.16],[-122.86,47.16],[-122.85,47.16],[-122.84,47.16],[-122.84,47.15],[-122.84,47.14],[-122.85,47.14],[-122.84,47.13],[-122.84,47.12],[-122.83,47.12],[-122.83,47.13],[-122.83,47.14],[-122.83,47.15],[-122.83,47.16],[-122.83,47.17],[-122.82,47.17],[-122.82,47.18],[-122.81,47.17],[-122.81,47.16],[-122.8,47.16],[-122.8,47.15],[-122.79,47.15],[-122.79,47.14],[-122.79,47.13],[-122.78,47.13],[-122.78,47.12],[-122.77,47.12],[-122.76,47.12],[-122.75,47.11],[-122.74,47.11],[-122.73,47.1],[-122.72,47.1],[-122.72,47.09],[-122.71,47.09],[-122.71,47.08],[-122.7,47.07],[-122.7,47.06],[-122.69,47.06],[-122.69,47.05],[-122.68,47.05],[-122.68,47.04],[-122.68,47.03],[-122.67,47.02],[-122.67,47.01],[-122.66,47.01],[-122.65,47.01],[-122.65,47.0],[-122.64,47.0],[-122.63,47.0],[-122.63,46.99],[-122.64,46.98],[-122.63,46.98],[-122.63,46.97],[-122.62,46.97],[-122.61,46.97],[-122.61,46.98],[-122.6,46.98],[-122.6,46.97],[-122.59,46.97],[-122.58,46.97],[-122.57,46.97],[-122.56,46.96],[-122.57,46.96],[-122.57,46.95],[-122.57,46.94],[-122.56,46.94],[-122.56,46.93],[-122.55,46.93],[-122.54,46.93],[-122.53,46.93],[-122.53,46.92],[-122.52,46.92],[-122.51,46.92],[-122.51,46.91],[-122.5,46.91],[-122.49,46.91],[-122.5,46.9],[-122.49,46.89],[-122.49,46.88],[-122.49,46.87],[-122.48,46.87],[-122.48,46.86],[-122.47,46.86],[-122.46,46.87],[-122.46,46.86],[-122.45,46.85],[-122.45,46.86],[-122.44,46.85],[-122.43,46.85],[-122.42,46.85],[-122.41,46.85],[-122.41,46.84],[-122.4,46.84],[-122.39,46.85],[-122.39,46.84],[-122.38,46.84],[-122.37,46.84],[-122.36,46.84],[-122.35,46.84],[-122.34,46.84],[-122.33,46.84],[-122.32,46.83],[-122.31,46.83],[-122.3,46.83],[-122.3,46.82],[-122.3,46.81],[-122.31,46.81],[-122.31,46.8],[-122.31,46.79],[-122.3,46.79],[-122.3,46.78],[-122.29,46.78],[-122.28,46.77],[-122.28,46.78],[-122.27,46.77],[-122.26,46.77],[-122.25,46.77],[-122.24,46.78],[-122.24,46.77],[-122.23,46.77],[-122.22,46.77],[-122.21,46.77],[-122.2,46.76],[-122.22,46.76],[-122.31,46.76],[-122.48,46.76],[-122.49,46.76],[-122.5,46.76],[-122.53,46.76],[-122.55,46.76],[-122.57,46.76],[-122.6,46.76],[-122.61,46.76],[-122.62,46.76],[-122.64,46.76],[-122.65,46.76],[-122.66,46.76],[-122.67,46.76],[-122.67,46.75],[-122.66,46.75],[-122.66,46.74],[-122.66,46.73],[-122.66,46.72],[-122.67,46.71],[-122.68,46.71],[-122.69,46.71],[-122.69,46.72],[-122.7,46.72],[-122.7,46.71],[-122.69,46.7],[-122.7,46.7],[-122.71,46.7],[-122.71,46.69],[-122.7,46.69],[-122.69,46.69],[-122.68,46.69],[-122.67,46.69],[-122.66,46.69],[-122.65,46.69],[-122.65,46.68],[-122.64,46.68],[-122.63,46.68],[-122.62,46.68],[-122.61,46.68],[-122.61,46.67],[-122.6,46.67],[-122.59,46.67],[-122.58,46.67],[-122.57,46.66],[-122.57,46.67],[-122.56,46.67],[-122.55,46.67],[-122.55,46.68],[-122.54,46.68],[-122.54,46.67],[-122.55,46.66],[-122.56,46.66],[-122.57,46.65],[-122.56,46.64],[-122.55,46.64],[-122.55,46.63],[-122.54,46.63],[-122.53,46.62],[-122.53,46.63],[-122.52,46.63],[-122.52,46.62],[-122.51,46.62],[-122.5,46.62],[-122.49,46.63],[-122.49,46.62],[-122.49,46.61],[-122.48,46.61],[-122.47,46.6],[-122.47,46.58],[-122.47,46.56],[-122.44,46.54],[-122.43,46.52],[-122.42,46.5],[-122.42,46.49],[-122.42,46.48],[-122.43,46.48],[-122.43,46.47],[-122.42,46.47],[-122.41,46.47],[-122.41,46.46],[-122.42,46.46],[-122.43,46.46],[-122.43,46.45],[-122.43,46.44],[-122.44,46.44],[-122.45,46.44],[-122.46,46.44],[-122.47,46.45],[-122.48,46.45],[-122.49,46.45],[-122.5,46.45],[-122.51,46.45],[-122.5,46.44],[-122.51,46.44],[-122.52,46.44],[-122.53,46.44],[-122.53,46.43],[-122.54,46.43],[-122.54,46.42],[-122.55,46.42],[-122.55,46.41],[-122.54,46.41],[-122.54,46.4],[-122.53,46.4],[-122.52,46.41],[-122.51,46.42],[-122.5,46.41],[-122.49,46.42],[-122.48,46.42],[-122.47,46.42],[-122.47,46.41],[-122.46,46.41],[-122.45,46.41],[-122.46,46.4],[-122.47,46.4],[-122.47,46.39],[-122.48,46.39],[-122.5,46.39],[-122.62,46.39],[-122.63,46.39],[-122.65,46.39],[-122.75,46.39],[-122.79,46.39],[-122.85,46.39],[-122.9,46.39],[-122.98,46.39],[-122.99,46.39],[-123.01,46.39],[-123.09,46.39],[-123.21,46.39],[-123.25,46.38],[-123.36,46.38],[-123.36,46.44],[-123.36,46.48],[-123.36,46.5],[-123.36,46.55],[-123.36,46.56],[-123.37,46.56],[-123.37,46.59],[-123.37,46.6],[-123.37,46.62],[-123.37,46.63],[-123.37,46.67],[-123.37,46.7],[-123.37,46.73],[-123.37,46.74],[-123.37,46.76],[-123.37,46.79],[-123.35,46.79],[-123.25,46.79],[-123.23,46.79],[-123.2,46.79],[-123.18,46.79],[-123.16,46.79],[-123.16,46.83],[-123.16,46.84],[-123.16,46.85],[-123.16,46.87],[-123.16,46.9],[-123.16,46.99],[-123.16,47.0],[-123.17,47.0],[-123.2,47.0],[-123.2,47.01],[-123.2,47.02],[-123.2,47.03],[-123.2,47.04],[-123.2,47.05],[-123.2,47.08],[-123.13,47.09],[-123.11,47.08],[-123.08,47.08],[-123.07,47.09],[-123.07,47.1],[-123.07,47.11],[-123.06,47.11],[-123.05,47.11]],[[-122.96,47.1],[-122.97,47.1],[-122.98,47.1],[-122.99,47.1],[-122.99,47.09],[-122.99,47.08],[-122.98,47.08],[-122.98,47.09],[-122.97,47.09],[-122.96,47.09],[-122.96,47.1]],[[-122.9,47.06],[-122.9,47.05],[-122.89,47.05],[-122.89,47.06],[-122.9,47.06]],[[-122.9,47.05],[-122.91,47.05],[-122.91,47.04],[-122.9,47.04],[-122.9,47.05]],[[-122.72,47.09],[-122.73,47.09],[-122.73,47.08],[-122.72,47.09]],[[-122.57,46.65],[-122.58,46.65],[-122.57,46.64],[-122.57,46.65]],[[-122.83,47.1],[-122.82,47.1],[-122.82,47.11],[-122.83,47.1]],[[-122.91,47.03],[-122.91,47.02],[-122.9,47.02],[-122.9,47.03],[-122.91,47.03]],[[-123.0,47.08],[-123.01,47.08],[-123.02,47.07],[-123.02,47.06],[-123.01,47.06],[-123.01,47.07],[-123.0,47.07],[-123.0,47.08]],[[-123.0,47.06],[-123.0,47.05],[-122.99,47.05],[-123.0,47.06]]],[[[-122.41,46.46],[-122.4,46.46],[-122.41,46.45],[-122.41,46.46]]],[[[-122.54,46.67],[-122.53,46.67],[-122.53,46.66],[-122.54,46.67]]],[[[-122.64,46.68],[-122.65,46.69],[-122.65,46.7],[-122.64,46.7],[-122.64,46.71],[-122.64,46.72],[-122.63,46.72],[-122.63,46.71],[-122.63,46.7],[-122.62,46.7],[-122.62,46.69],[-122.63,46.69],[-122.64,46.69],[-122.64,46.68]]],[[[-122.71,47.09],[-122.71,47.1],[-122.7,47.1],[-122.7,47.09],[-122.71,47.09]]],[[[-122.87,47.16],[-122.88,47.16],[-122.88,47.17],[-122.88,47.18],[-122.88,47.19],[-122.89,47.19],[-122.89,47.2],[-122.89,47.21],[-122.9,47.21],[-122.9,47.22],[-122.91,47.22],[-122.92,47.22],[-122.92,47.21],[-122.93,47.21],[-122.93,47.22],[-122.93,47.23],[-122.92,47.23],[-122.93,47.24],[-122.92,47.24],[-122.92,47.25],[-122.92,47.26],[-122.92,47.27],[-122.92,47.28],[-122.91,47.28],[-122.9,47.28],[-122.9,47.29],[-122.89,47.29],[-122.88,47.29],[-122.87,47.29],[-122.86,47.3],[-122.85,47.3],[-122.86,47.29],[-122.86,47.28],[-122.87,47.28],[-122.87,47.27],[-122.87,47.26],[-122.87,47.25],[-122.87,47.24],[-122.86,47.24],[-122.86,47.23],[-122.86,47.22],[-122.85,47.22],[-122.85,47.21],[-122.84,47.21],[-122.84,47.2],[-122.85,47.2],[-122.85,47.19],[-122.85,47.18],[-122.86,47.18],[-122.86,47.17],[-122.87,47.17],[-122.87,47.16]]],[[[-122.92,47.19],[-122.91,47.2],[-122.91,47.19],[-122.92,47.19]]],[[[-122.92,47.2],[-122.92,47.21],[-122.91,47.21],[-122.91,47.2],[-122.92,47.2]]],[[[-122.91,47.19],[-122.9,47.19],[-122.9,47.18],[-122.91,47.18],[-122.92,47.18],[-122.91,47.19]]],[[[-122.9,47.18],[-122.89,47.17],[-122.9,47.17],[-122.9,47.18]]]]}},
{"type":"Feature","properties":{"ugc":"WAZ506","name":"Western Skagit County","state":"WA","wfo":"SEW"},"geometry":{"type":"MultiPolygon","coordinates":[[[[-122.71,48.47],[-122.71,48.48],[-122.7,48.48],[-122.69,48.49],[-122.69,48.48],[-122.69,48.47],[-122.7,48.47],[-122.7,48.46],[-122.71,48.46],[-122.71,48.47]]],[[[-122.69,48.49],[-122.7,48.49],[-122.7,48.5],[-122.69,48.5],[-122.69,48.51],[-122.68,48.51],[-122.68,48.5],[-122.67,48.5],[-122.66,48.51],[-122.65,48.51],[-122.64,48.51],[-122.63,48.52],[-122.62,48.52],[-122.61,48.52],[-122.61,48.51],[-122.61,48.5],[-122.6,48.5],[-122.6,48.49],[-122.59,48.48],[-122.59,48.47],[-122.58,48.47],[-122.58,48.46],[-122.57,48.46],[-122.57,48.47],[-122.57,48.48],[-122.58,48.49],[-122.57,48.5],[-122.56,48.5],[-122.55,48.49],[-122.55,48.48],[-122.54,48.48],[-122.54,48.47],[-122.53,48.47],[-122.52,48.46],[-122.52,48.47],[-122.51,48.47],[-122.51,48.46],[-122.5,48.46],[-122.49,48.46],[-122.49,48.47],[-122.48,48.47],[-122.47,48.47],[-122.47,48.48],[-122.48,48.48],[-122.48,48.49],[-122.48,48.5],[-122.48,48.51],[-122.49,48.51],[-122.49,48.52],[-122.48,48.52],[-122.48,48.53],[-122.49,48.53],[-122.49,48.54],[-122.5,48.54],[-122.5,48.55],[-122.5,48.56],[-122.49,48.56],[-122.48,48.56],[-122.47,48.56],[-122.47,48.57],[-122.46,48.57],[-122.45,48.57],[-122.44,48.57],[-122.44,48.58],[-122.43,48.58],[-122.43,48.59],[-122.43,48.6],[-122.43,48.61],[-122.44,48.61],[-122.45,48.62],[-122.46,48.62],[-122.46,48.63],[-122.47,48.63],[-122.48,48.64],[-122.49,48.64],[-122.49,48.65],[-122.48,48.65],[-122.34,48.65],[-122.33,48.65],[-122.32,48.65],[-122.29,48.65],[-122.28,48.64],[-122.29,48.64],[-122.29,48.63],[-122.3,48.63],[-122.3,48.62],[-122.29,48.62],[-122.29,48.61],[-122.28,48.61],[-122.27,48.61],[-122.26,48.61],[-122.25,48.61],[-122.21,48.58],[-122.17,48.55],[-122.15,48.54],[-122.13,48.52],[-122.13,48.49],[-122.14,48.48],[-122.14,48.47],[-122.15,48.47],[-122.16,48.47],[-122.17,48.44],[-122.17,48.43],[-122.17,48.42],[-122.16,48.41],[-122.15,48.37],[-122.15,48.35],[-122.12,48.34],[-122.12,48.31],[-122.11,48.3],[-122.13,48.3],[-122.14,48.3],[-122.18,48.3],[-122.2,48.3],[-122.22,48.3],[-122.27,48.3],[-122.33,48.3],[-122.36,48.3],[-122.37,48.3],[-122.37,48.29],[-122.38,48.29],[-122.38,48.3],[-122.38,48.31],[-122.39,48.31],[-122.39,48.32],[-122.4,48.32],[-122.41,48.32],[-122.41,48.33],[-122.41,48.34],[-122.42,48.33],[-122.43,48.33],[-122.43,48.34],[-122.44,48.34],[-122.45,48.34],[-122.45,48.35],[-122.46,48.35],[-122.47,48.35],[-122.47,48.36],[-122.48,48.36],[-122.48,48.37],[-122.49,48.36],[-122.49,48.37],[-122.5,48.37],[-122.51,48.37],[-122.52,48.37],[-122.52,48.38],[-122.53,48.38],[-122.53,48.39],[-122.54,48.39],[-122.54,48.4],[-122.55,48.4],[-122.55,48.41],[-122.55,48.42],[-122.56,48.42],[-122.56,48.43],[-122.55,48.43],[-122.55,48.44],[-122.56,48.44],[-122.56,48.45],[-122.57,48.45],[-122.58,48.45],[-122.58,48.44],[-122.58,48.43],[-122.59,48.43],[-122.59,48.42],[-122.6,48.42],[-122.61,48.42],[-122.61,48.41],[-122.62,48.41],[-122.62,48.42],[-122.63,48.42],[-122.63,48.41],[-122.64,48.41],[-122.65,48.41],[-122.65,48.42],[-122.66,48.42],[-122.67,48.42],[-122.67,48.43],[-122.68,48.43],[-122.68,48.44],[-122.67,48.44],[-122.66,48.45],[-122.65,48.45],[-122.65,48.46],[-122.66,48.46],[-122.66,48.47],[-122.66,48.48],[-122.67,48.48],[-122.67,48.49],[-122.68,48.49],[-122.69,48.49]]],[[[-122.5,48.37],[-122.5,48.36],[-122.51,48.36],[-122.5,48.37]]],[[[-122.5,48.56],[-122.51,48.57],[-122.52,48.57],[-122.53,48.57],[-122.54,48.57],[-122.54,48.58],[-122.53,48.58],[-122.52,48.58],[-122.51,48.58],[-122.5,48.58],[-122.5,48.57],[-122.5,48.56]]],[[[-122.55,48.58],[-122.56,48.57],[-122.56,48.58],[-122.56,48.59],[-122.55,48.59],[-122.55,48.58]]],[[[-122.53,48.36],[-122.54,48.36],[-122.54,48.37],[-122.53,48.37],[-122.53,48.36]]],[[[-122.56,48.53],[-122.56,48.54],[-122.55,48.54],[-122.55,48.53],[-122.56,48.53]]],[[[-122.55,48.53],[-122.54,48.53],[-122.54,48.52],[-122.55,48.52],[-122.55,48.53]]],[[[-122.58,48.53],[-122.59,48.53],[-122.59,48.54],[-122.6,48.54],[-122.61,48.53],[-122.62,48.53],[-122.63,48.53],[-122.64,48.53],[-122.65,48.53],[-122.65,48.54],[-122.65,48.55],[-122.65,48.56],[-122.65,48.57],[-122.65,48.58],[-122.65,48.59],[-122.64,48.59],[-122.64,48.58],[-122.63,48.58],[-122.63,48.57],[-122.62,48.57],[-122.61,48.56],[-122.6,48.56],[-122.6,48.55],[-122.59,48.55],[-122.58,48.55],[-122.58,48.54],[-122.58,48.53]]],[[[-122.69,48.62],[-122.69,48.63],[-122.68,48.63],[-122.67,48.63],[-122.67,48.62],[-122.66,48.62],[-122.66,48.61],[-122.67,48.61],[-122.68,48.61],[-122.69,48.61],[-122.69,48.62]]],[[[-122.73,48.6],[-122.72,48.6],[-122.72,48.61],[-122.71,48.61],[-122.71,48.6],[-122.7,48.6],[-122.69,48.6],[-122.69,48.59],[-122.69,48.58],[-122.68,48.58],[-122.68,48.57],[-122.68,48.56],[-122.69,48.56],[-122.7,48.55],[-122.69,48.55],[-122.68,48.55],[-122.68,48.54],[-122.69,48.54],[-122.7,48.54],[-122.71,48.54],[-122.72,48.54],[-122.72,48.55],[-122.72,48.56],[-122.73,48.57],[-122.74,48.57],[-122.74,48.58],[-122.74,48.59],[-122.73,48.59],[-122.73,48.6]]]]}},
{"type":"Feature","properties":{"ugc":"WAZ507","name":"Everett and Vicinity","state":"WA","wfo":"SEW"},"geometry":{"type":"MultiPolygon","coordinates":[[[[-122.4,48.23],[-122.4,48.25],[-122.4,48.26],[-122.39,48.26],[-122.39,48.27],[-122.39,48.28],[-122.38,48.28],[-122.37,48.29],[-122.36,48.3],[-122.33,48.3],[-122.27,48.3],[-122.22,48.3],[-122.2,48.3],[-122.19,48.29],[-122.18,48.28],[-122.18,48.27],[-122.17,48.27],[-122.17,48.26],[-122.17,48.25],[-122.16,48.25],[-122.16,48.24],[-122.16,48.23],[-122.15,48.23],[-122.14,48.22],[-122.13,48.22],[-122.13,48.21],[-122.13,48.2],[-122.13,48.19],[-122.13,48.18],[-122.12,48.17],[-122.11,48.16],[-122.11,48.15],[-122.11,48.14],[-122.11,48.12],[-122.11,48.09],[-122.11,48.05],[-122.11,48.03],[-122.11,48.02],[-122.11,48.0],[-122.11,47.99],[-122.1,47.98],[-122.1,47.97],[-122.1,47.95],[-122.1,47.94],[-122.1,47.93],[-122.11,47.93],[-122.11,47.92],[-122.26,47.83],[-122.25,47.79],[-122.25,47.78],[-122.28,47.78],[-122.29,47.78],[-122.31,47.78],[-122.32,47.78],[-122.34,47.78],[-122.36,47.78],[-122.37,47.78],[-122.39,47.78],[-122.4,47.78],[-122.39,47.79],[-122.39,47.8],[-122.39,47.81],[-122.38,47.81],[-122.37,47.82],[-122.36,47.83],[-122.35,47.84],[-122.34,47.85],[-122.33,47.86],[-122.33,47.87],[-122.33,47.88],[-122.33,47.89],[-122.33,47.9],[-122.32,47.91],[-122.32,47.92],[-122.31,47.92],[-122.31,47.93],[-122.31,47.94],[-122.31,47.95],[-122.3,47.95],[-122.29,47.95],[-122.28,47.96],[-122.27,47.96],[-122.26,47.96],[-122.25,47.96],[-122.24,47.97],[-122.23,47.97],[-122.23,47.98],[-122.22,47.98],[-122.22,47.99],[-122.21,47.99],[-122.21,48.0],[-122.22,48.0],[-122.22,48.01],[-122.21,48.01],[-122.21,48.02],[-122.21,48.03],[-122.21,48.04],[-122.22,48.04],[-122.23,48.04],[-122.23,48.03],[-122.24,48.03],[-122.25,48.03],[-122.25,48.04],[-122.26,48.04],[-122.27,48.05],[-122.27,48.06],[-122.28,48.06],[-122.29,48.06],[-122.3,48.06],[-122.3,48.07],[-122.31,48.07],[-122.31,48.08],[-122.32,48.08],[-122.32,48.09],[-122.33,48.09],[-122.33,48.1],[-122.34,48.1],[-122.35,48.11],[-122.36,48.12],[-122.36,48.13],[-122.37,48.13],[-122.37,48.14],[-122.37,48.15],[-122.37,48.16],[-122.37,48.17],[-122.36,48.17],[-122.36,48.18],[-122.36,48.19],[-122.37,48.19],[-122.36,48.2],[-122.37,48.2],[-122.37,48.21],[-122.38,48.22],[-122.38,48.23],[-122.39,48.23],[-122.4,48.23]]],[[[-122.23,48.01],[-122.23,48.02],[-122.22,48.02],[-122.22,48.01],[-122.23,48.01]]],[[[-122.32,48.01],[-122.31,48.01],[-122.3,48.01],[-122.31,48.0],[-122.32,48.01]]],[[[-122.32,48.01],[-122.33,48.01],[-122.33,48.02],[-122.32,48.02],[-122.32,48.01]]],[[[-122.53,47.91],[-122.53,47.9],[-122.52,47.9],[-122.52,47.89],[-122.52,47.88],[-122.51,47.88],[-122.51,47.87],[-122.51,47.86],[-122.51,47.85],[-122.51,47.84],[-122.51,47.83],[-122.5,47.83],[-122.5,47.82],[-122.49,47.82],[-122.48,47.82],[-122.48,47.81],[-122.49,47.8],[-122.5,47.8],[-122.49,47.79],[-122.49,47.78],[-122.54,47.78],[-122.54,47.91],[-122.53,47.91]],[[-122.5,47.8],[-122.51,47.8],[-122.51,47.79],[-122.5,47.79],[-122.5,47.8]]]]}},
{"type":"Feature","properties":{"ugc":"WAZ509","name":"Tacoma Area","state":"WA","wfo":"SEW"},"geometry":{"type":"MultiPolygon","coordinates":[[[[-122.59,46.97],[-122.6,46.97],[-122.6,46.98],[-122.61,46.98],[-122.61,46.97],[-122.62,46.97],[-122.63,46.97],[-122.63,46.98],[-122.64,46.98],[-122.63,46.99],[-122.63,47.0],[-122.64,47.0],[-122.65,47.0],[-122.65,47.01],[-122.66,47.01],[-122.67,47.01],[-122.67,47.02],[-122.68,47.03],[-122.68,47.04],[-122.68,47.05],[-122.69,47.05],[-122.69,47.06],[-122.7,47.06],[-122.7,47.07],[-122.71,47.08],[-122.71,47.09],[-122.7,47.09],[-122.7,47.1],[-122.69,47.1],[-122.68,47.1],[-122.67,47.11],[-122.67,47.12],[-122.66,47.12],[-122.66,47.13],[-122.65,47.13],[-122.64,47.14],[-122.63,47.14],[-122.62,47.15],[-122.62,47.16],[-122.61,47.17],[-122.6,47.17],[-122.6,47.18],[-122.59,47.18],[-122.58,47.19],[-122.58,47.2],[-122.58,47.21],[-122.57,47.22],[-122.56,47.23],[-122.56,47.24],[-122.55,47.25],[-122.55,47.26],[-122.54,47.27],[-122.53,47.28],[-122.53,47.29],[-122.54,47.3],[-122.54,47.31],[-122.55,47.32],[-122.54,47.32],[-122.53,47.32],[-122.52,47.31],[-122.51,47.31],[-122.51,47.3],[-122.5,47.3],[-122.5,47.29],[-122.49,47.29],[-122.47,47.28],[-122.46,47.28],[-122.46,47.27],[-122.45,47.27],[-122.44,47.27],[-122.44,47.26],[-122.43,47.26],[-122.43,47.27],[-122.42,47.27],[-122.42,47.28],[-122.41,47.28],[-122.41,47.29],[-122.42,47.3],[-122.43,47.3],[-122.44,47.3],[-122.44,47.31],[-122.43,47.32],[-122.42,47.32],[-122.4,47.31],[-122.39,47.3],[-122.38,47.3],[-122.37,47.29],[-122.36,47.28],[-122.34,47.27],[-122.34,47.26],[-122.33,47.26],[-122.26,47.26],[-122.25,47.26],[-122.24,47.26],[-122.21,47.26],[-122.2,47.26],[-122.21,47.09],[-122.56,46.93],[-122.56,46.94],[-122.57,46.94],[-122.57,46.95],[-122.57,46.96],[-122.56,46.96],[-122.57,46.97],[-122.58,46.97],[-122.59,46.97]],[[-122.42,47.27],[-122.41,47.26],[-122.41,47.27],[-122.42,47.27]]],[[[-122.83,47.26],[-122.82,47.26],[-122.82,47.27],[-122.82,47.28],[-122.81,47.28],[-122.8,47.29],[-122.79,47.3],[-122.79,47.31],[-122.79,47.32],[-122.79,47.33],[-122.79,47.34],[-122.78,47.34],[-122.8,47.35],[-122.79,47.35],[-122.79,47.36],[-122.8,47.36],[-122.8,47.38],[-122.8,47.39],[-122.8,47.4],[-122.78,47.4],[-122.76,47.4],[-122.75,47.4],[-122.74,47.4],[-122.71,47.4],[-122.69,47.4],[-122.65,47.4],[-122.64,47.4],[-122.64,47.39],[-122.64,47.38],[-122.65,47.38],[-122.66,47.37],[-122.67,47.37],[-122.68,47.37],[-122.69,47.36],[-122.7,47.35],[-122.71,47.35],[-122.71,47.34],[-122.72,47.34],[-122.73,47.34],[-122.73,47.33],[-122.73,47.32],[-122.74,47.32],[-122.74,47.31],[-122.75,47.3],[-122.75,47.29],[-122.75,47.28],[-122.76,47.28],[-122.76,47.27],[-122.75,47.27],[-122.75,47.26],[-122.74,47.26],[-122.74,47.25],[-122.73,47.25],[-122.73,47.24],[-122.72,47.25],[-122.72,47.24],[-122.73,47.23],[-122.72,47.23],[-122.72,47.22],[-122.73,47.22],[-122.73,47.21],[-122.74,47.21],[-122.75,47.21],[-122.75,47.2],[-122.74,47.2],[-122.74,47.19],[-122.75,47.19],[-122.75,47.18],[-122.75,47.17],[-122.76,47.17],[-122.77,47.17],[-122.77,47.18],[-122.78,47.18],[-122.79,47.19],[-122.81,47.21],[-122.81,47.22],[-122.81,47.23],[-122.82,47.23],[-122.83,47.24],[-122.83,47.25],[-122.83,47.26]],[[-122.79,47.36],[-122.78,47.37],[-122.79,47.37],[-122.79,47.36]],[[-122.73,47.34],[-122.73,47.35],[-122.74,47.35],[-122.73,47.34]],[[-122.75,47.21],[-122.75,47.22],[-122.76,47.21],[-122.75,47.21]],[[-122.78,47.18],[-122.77,47.19],[-122.78,47.19],[-122.78,47.18]]],[[[-122.63,47.4],[-122.62,47.4],[-122.58,47.4],[-122.56,47.4],[-122.55,47.4],[-122.55,47.39],[-122.55,47.38],[-122.54,47.38],[-122.54,47.37],[-122.55,47.37],[-122.55,47.36],[-122.55,47.35],[-122.56,47.35],[-122.56,47.34],[-122.57,47.33],[-122.58,47.34],[-122.59,47.34],[-122.59,47.33],[-122.58,47.33],[-122.57,47.32],[-122.56,47.3],[-122.55,47.29],[-122.56,47.27],[-122.58,47.26],[-122.59,47.25],[-122.59,47.26],[-122.6,47.26],[-122.6,47.27],[-122.61,47.27],[-122.62,47.27],[-122.63,47.28],[-122.64,47.28],[-122.65,47.28],[-122.66,47.28],[-122.66,47.29],[-122.67,47.29],[-122.68,47.29],[-122.68,47.3],[-122.69,47.31],[-122.68,47.31],[-122.68,47.32],[-122.67,47.32],[-122.66,47.32],[-122.65,47.33],[-122.66,47.33],[-122.66,47.34],[-122.67,47.34],[-122.66,47.35],[-122.65,47.35],[-122.65,47.36],[-122.64,47.36],[-122.64,47.37],[-122.63,47.37],[-122.62,47.37],[-122.62,47.38],[-122.63,47.38],[-122.63,47.39],[-122.63,47.4]],[[-122.6,47.27],[-122.59,47.27],[-122.59,47.28],[-122.6,47.28],[-122.6,47.27]],[[-122.6,47.28],[-122.6,47.29],[-122.61,47.29],[-122.6,47.28]]],[[[-122.83,47.26],[-122.84,47.26],[-122.84,47.27],[-122.83,47.27],[-122.83,47.26]]],[[[-122.73,47.21],[-122.72,47.21],[-122.72,47.22],[-122.71,47.22],[-122.7,47.23],[-122.69,47.23],[-122.68,47.23],[-122.68,47.22],[-122.67,47.22],[-122.67,47.21],[-122.66,47.21],[-122.66,47.22],[-122.65,47.22],[-122.64,47.21],[-122.64,47.2],[-122.66,47.2],[-122.66,47.19],[-122.68,47.19],[-122.69,47.19],[-122.7,47.2],[-122.72,47.2],[-122.73,47.21]]],[[[-122.68,47.29],[-122.68,47.28],[-122.69,47.28],[-122.68,47.29]]],[[[-122.69,47.28],[-122.7,47.28],[-122.7,47.29],[-122.69,47.29],[-122.69,47.28]]],[[[-122.66,47.28],[-122.66,47.27],[-122.67,47.27],[-122.67,47.28],[-122.66,47.28]]],[[[-122.66,47.27],[-122.65,47.27],[-122.64,47.26],[-122.63,47.27],[-122.63,47.26],[-122.62,47.26],[-122.61,47.25],[-122.6,47.24],[-122.59,47.24],[-122.59,47.23],[-122.6,47.22],[-122.61,47.22],[-122.62,47.23],[-122.63,47.24],[-122.64,47.25],[-122.65,47.26],[-122.66,47.26],[-122.66,47.27]]],[[[-122.63,47.16],[-122.63,47.15],[-122.64,47.15],[-122.64,47.16],[-122.63,47.16]]],[[[-122.73,47.14],[-122.73,47.15],[-122.74,47.15],[-122.73,47.16],[-122.73,47.17],[-122.72,47.18],[-122.71,47.18],[-122.71,47.19],[-122.7,47.18],[-122.69,47.18],[-122.68,47.18],[-122.67,47.17],[-122.68,47.15],[-122.68,47.14],[-122.69,47.15],[-122.7,47.15],[-122.7,47.14],[-122.71,47.14],[-122.7,47.13],[-122.71,47.13],[-122.72,47.14],[-122.73,47.14]]],[[[-122.7,47.14],[-122.69,47.13],[-122.7,47.12],[-122.7,47.13],[-122.7,47.14]]]]}},
{"type":"Feature","properties":{"ugc":"WAZ510","name":"Admiralty Inlet Area","state":"WA","wfo":"SEW"},"geometry":{"type":"MultiPolygon","coordinates":[[[[-122.72,48.22],[-122.71,48.22],[-122.7,48.22],[-122.69,48.22],[-122.68,48.22],[-122.67,48.22],[-122.66,48.22],[-122.65,48.22],[-122.64,48.22],[-122.63,48.22],[-122.62,48.22],[-122.62,48.21],[-122.61,48.21],[-122.61,48.2],[-122.6,48.2],[-122.6,48.19],[-122.59,48.19],[-122.59,48.18],[-122.59,48.17],[-122.58,48.17],[-122.58,48.16],[-122.57,48.16],[-122.57,48.15],[-122.57,48.14],[-122.57,48.13],[-122.56,48.13],[-122.56,48.12],[-122.56,48.11],[-122.57,48.11],[-122.57,48.1],[-122.57,48.09],[-122.56,48.09],[-122.56,48.08],[-122.55,48.08],[-122.55,48.07],[-122.55,48.06],[-122.55,48.05],[-122.54,48.05],[-122.54,48.04],[-122.54,48.03],[-122.54,48.02],[-122.53,48.02],[-122.52,48.02],[-122.52,48.03],[-122.51,48.03],[-122.51,48.04],[-122.51,48.05],[-122.52,48.05],[-122.52,48.06],[-122.51,48.07],[-122.51,48.08],[-122.52,48.08],[-122.52,48.09],[-122.52,48.1],[-122.51,48.1],[-122.5,48.1],[-122.49,48.1],[-122.49,48.09],[-122.48,48.09],[-122.48,48.08],[-122.47,48.08],[-122.47,48.07],[-122.46,48.07],[-122.46,48.06],[-122.45,48.06],[-122.45,48.05],[-122.44,48.05],[-122.43,48.05],[-122.43,48.04],[-122.42,48.04],[-122.41,48.04],[-122.4,48.04],[-122.39,48.04],[-122.39,48.03],[-122.38,48.03],[-122.37,48.03],[-122.37,48.02],[-122.37,48.01],[-122.37,48.0],[-122.37,47.99],[-122.36,47.99],[-122.35,47.98],[-122.35,47.97],[-122.35,47.96],[-122.35,47.95],[-122.36,47.95],[-122.36,47.94],[-122.37,47.93],[-122.38,47.93],[-122.38,47.92],[-122.38,47.91],[-122.38,47.9],[-122.39,47.9],[-122.39,47.91],[-122.4,47.91],[-122.4,47.92],[-122.41,47.92],[-122.41,47.91],[-122.42,47.91],[-122.43,47.91],[-122.43,47.92],[-122.44,47.92],[-122.44,47.93],[-122.45,47.93],[-122.45,47.94],[-122.44,47.94],[-122.44,47.95],[-122.44,47.96],[-122.45,47.96],[-122.45,47.97],[-122.46,47.97],[-122.46,47.98],[-122.47,47.98],[-122.47,47.99],[-122.48,47.99],[-122.48,48.0],[-122.49,48.0],[-122.49,47.99],[-122.5,47.99],[-122.51,47.99],[-122.51,47.98],[-122.52,47.98],[-122.52,47.97],[-122.53,47.97],[-122.54,47.97],[-122.55,47.97],[-122.55,47.98],[-122.54,47.98],[-122.54,47.99],[-122.54,48.0],[-122.55,48.0],[-122.56,48.0],[-122.56,48.01],[-122.57,48.01],[-122.58,48.01],[-122.59,48.01],[-122.59,48.02],[-122.6,48.03],[-122.6,48.04],[-122.59,48.04],[-122.59,48.05],[-122.59,48.06],[-122.6,48.06],[-122.61,48.06],[-122.61,48.07],[-122.61,48.08],[-122.61,48.09],[-122.6,48.1],[-122.6,48.11],[-122.6,48.12],[-122.6,48.13],[-122.6,48.14],[-122.61,48.14],[-122.61,48.15],[-122.61,48.16],[-122.62,48.16],[-122.63,48.16],[-122.64,48.16],[-122.65,48.16],[-122.66,48.16],[-122.67,48.16],[-122.68,48.15],[-122.68,48.16],[-122.68,48.17],[-122.69,48.17],[-122.69,48.18],[-122.7,48.18],[-122.7,48.19],[-122.71,48.19],[-122.72,48.2],[-122.73,48.2],[-122.74,48.2],[-122.74,48.21],[-122.75,48.21],[-122.76,48.21],[-122.76,48.22],[-122.77,48.22],[-122.77,48.23],[-122.76,48.23],[-122.76,48.24],[-122.76,48.25],[-122.75,48.26],[-122.74,48.27],[-122.74,48.28],[-122.73,48.28],[-122.73,48.29],[-122.73,48.3],[-122.72,48.3],[-122.72,48.31],[-122.71,48.31],[-122.71,48.32],[-122.7,48.32],[-122.7,48.33],[-122.69,48.33],[-122.69,48.34],[-122.68,48.34],[-122.68,48.35],[-122.67,48.35],[-122.67,48.36],[-122.67,48.37],[-122.66,48.37],[-122.66,48.38],[-122.66,48.39],[-122.66,48.4],[-122.65,48.4],[-122.65,48.41],[-122.64,48.41],[-122.64,48.4],[-122.63,48.4],[-122.62,48.4],[-122.62,48.41],[-122.61,48.41],[-122.6,48.41],[-122.6,48.4],[-122.59,48.4],[-122.59,48.39],[-122.58,48.38],[-122.58,48.37],[-122.59,48.37],[-122.59,48.36],[-122.59,48.35],[-122.58,48.35],[-122.57,48.35],[-122.56,48.35],[-122.56,48.34],[-122.55,48.34],[-122.54,48.34],[-122.54,48.33],[-122.53,48.33],[-122.53,48.32],[-122.52,48.32],[-122.51,48.32],[-122.51,48.31],[-122.51,48.3],[-122.51,48.29],[-122.52,48.29],[-122.52,48.28],[-122.53,48.28],[-122.55,48.28],[-122.56,48.28],[-122.56,48.29],[-122.57,48.29],[-122.58,48.3],[-122.59,48.3],[-122.6,48.3],[-122.61,48.3],[-122.62,48.29],[-122.62,48.28],[-122.63,48.27],[-122.64,48.27],[-122.64,48.28],[-122.63,48.28],[-122.63,48.29],[-122.64,48.29],[-122.65,48.29],[-122.65,48.28],[-122.66,48.28],[-122.66,48.27],[-122.65,48.27],[-122.65,48.26],[-122.65,48.25],[-122.66,48.25],[-122.66,48.24],[-122.67,48.24],[-122.68,48.24],[-122.69,48.24],[-122.7,48.24],[-122.71,48.24],[-122.72,48.24],[-122.73,48.23],[-122.73,48.22],[-122.72,48.22]]],[[[-122.54,48.18],[-122.54,48.19],[-122.53,48.19],[-122.53,48.2],[-122.54,48.2],[-122.54,48.21],[-122.54,48.22],[-122.53,48.22],[-122.53,48.23],[-122.54,48.24],[-122.53,48.24],[-122.53,48.25],[-122.52,48.25],[-122.51,48.25],[-122.51,48.26],[-122.5,48.26],[-122.5,48.25],[-122.49,48.25],[-122.48,48.25],[-122.47,48.26],[-122.47,48.27],[-122.46,48.27],[-122.45,48.27],[-122.44,48.27],[-122.44,48.26],[-122.43,48.26],[-122.42,48.26],[-122.41,48.25],[-122.4,48.25],[-122.4,48.23],[-122.41,48.23],[-122.42,48.23],[-122.43,48.23],[-122.43,48.24],[-122.44,48.24],[-122.45,48.23],[-122.45,48.22],[-122.45,48.21],[-122.44,48.21],[-122.45,48.2],[-122.46,48.19],[-122.46,48.2],[-122.47,48.2],[-122.47,48.21],[-122.48,48.21],[-122.48,48.2],[-122.48,48.19],[-122.48,48.18],[-122.48,48.17],[-122.47,48.17],[-122.47,48.16],[-122.46,48.16],[-122.46,48.15],[-122.45,48.14],[-122.44,48.13],[-122.43,48.13],[-122.43,48.12],[-122.42,48.12],[-122.42,48.11],[-122.41,48.11],[-122.4,48.11],[-122.4,48.1],[-122.39,48.1],[-122.39,48.09],[-122.38,48.09],[-122.38,48.08],[-122.37,48.08],[-122.37,48.07],[-122.36,48.07],[-122.36,48.06],[-122.36,48.05],[-122.37,48.06],[-122.38,48.06],[-122.39,48.06],[-122.39,48.07],[-122.39,48.08],[-122.4,48.08],[-122.4,48.09],[-122.41,48.09],[-122.42,48.09],[-122.42,48.1],[-122.43,48.1],[-122.43,48.11],[-122.44,48.11],[-122.45,48.11],[-122.45,48.12],[-122.46,48.12],[-122.46,48.13],[-122.47,48.13],[-122.48,48.13],[-122.48,48.12],[-122.49,48.12],[-122.5,48.12],[-122.5,48.13],[-122.51,48.13],[-122.51,48.14],[-122.51,48.15],[-122.52,48.15],[-122.52,48.16],[-122.52,48.17],[-122.53,48.17],[-122.53,48.18],[-122.54,48.18]]],[[[-122.77,48.05],[-122.77,48.04],[-122.76,48.04],[-122.75,48.04],[-122.75,48.03],[-122.74,48.03],[-122.73,48.03],[-122.73,48.02],[-122.73,48.01],[-122.72,48.01],[-122.72,48.0],[-122.72,47.99],[-122.71,47.98],[-122.7,47.98],[-122.7,47.97],[-122.69,47.97],[-122.68,47.97],[-122.68,47.96],[-122.68,47.95],[-122.68,47.94],[-122.68,47.93],[-122.69,47.93],[-122.95,47.95],[-122.95,47.96],[-122.95,47.99],[-122.95,48.0],[-122.95,48.04],[-122.95,48.05],[-122.95,48.06],[-122.94,48.07],[-122.93,48.07],[-122.93,48.06],[-122.92,48.06],[-122.91,48.06],[-122.9,48.05],[-122.89,48.05],[-122.88,48.05],[-122.87,48.05],[-122.88,48.04],[-122.87,48.04],[-122.87,48.03],[-122.86,48.03],[-122.86,48.02],[-122.86,48.01],[-122.87,48.0],[-122.88,48.0],[-122.89,47.99],[-122.88,47.99],[-122.87,47.99],[-122.86,47.99],[-122.86,48.0],[-122.85,48.0],[-122.84,48.0],[-122.84,48.01],[-122.83,48.01],[-122.83,48.02],[-122.83,48.03],[-122.83,48.04],[-122.83,48.05],[-122.84,48.05],[-122.85,48.05],[-122.85,48.06],[-122.86,48.06],[-122.86,48.07],[-122.87,48.07],[-122.88,48.08],[-122.89,48.08],[-122.88,48.09],[-122.88,48.1],[-122.89,48.1],[-122.89,48.11],[-122.88,48.11],[-122.87,48.11],[-122.87,48.12],[-122.85,48.12],[-122.85,48.13],[-122.84,48.13],[-122.84,48.14],[-122.83,48.13],[-122.82,48.14],[-122.81,48.14],[-122.8,48.14],[-122.79,48.14],[-122.78,48.14],[-122.77,48.14],[-122.76,48.14],[-122.76,48.13],[-122.76,48.12],[-122.75,48.12],[-122.76,48.11],[-122.77,48.11],[-122.78,48.11],[-122.78,48.1],[-122.79,48.1],[-122.79,48.09],[-122.8,48.09],[-122.8,48.08],[-122.79,48.08],[-122.79,48.07],[-122.78,48.07],[-122.78,48.06],[-122.77,48.06],[-122.77,48.05]]],[[[-122.73,48.03],[-122.73,48.04],[-122.74,48.04],[-122.74,48.05],[-122.74,48.06],[-122.74,48.07],[-122.75,48.07],[-122.74,48.08],[-122.73,48.08],[-122.72,48.08],[-122.72,48.07],[-122.72,48.06],[-122.72,48.05],[-122.71,48.05],[-122.71,48.04],[-122.71,48.03],[-122.7,48.03],[-122.7,48.02],[-122.71,48.02],[-122.72,48.02],[-122.72,48.03],[-122.73,48.03]]],[[[-122.73,48.09],[-122.72,48.1],[-122.71,48.1],[-122.7,48.1],[-122.69,48.1],[-122.69,48.09],[-122.69,48.08],[-122.69,48.07],[-122.68,48.07],[-122.68,48.06],[-122.68,48.05],[-122.68,48.04],[-122.67,48.03],[-122.67,48.02],[-122.67,48.01],[-122.68,48.01],[-122.69,48.01],[-122.7,48.01],[-122.7,48.02],[-122.69,48.03],[-122.7,48.04],[-122.7,48.05],[-122.69,48.05],[-122.69,48.06],[-122.7,48.06],[-122.7,48.07],[-122.71,48.07],[-122.71,48.08],[-122.71,48.09],[-122.72,48.08],[-122.72,48.09],[-122.73,48.09]]]]}},
{"type":"Feature","properties":{"ugc":"WAZ511","name":"Hood Canal Area","state":"WA","wfo":"SEW"},"geometry":{"type":"MultiPolygon","coordinates":[[[[-123.12,47.34],[-123.11,47.34],[-123.11,47.35],[-123.11,47.36],[-123.1,47.36],[-123.09,47.36],[-123.08,47.36],[-123.08,47.35],[-123.07,47.35],[-123.06,47.35],[-123.05,47.35],[-123.04,47.35],[-123.03,47.35],[-123.02,47.35],[-123.02,47.36],[-123.03,47.36],[-123.04,47.36],[-123.05,47.36],[-123.05,47.37],[-123.06,47.37],[-123.07,47.37],[-123.08,47.37],[-123.08,47.38],[-123.09,47.37],[-123.1,47.37],[-123.11,47.37],[-123.11,47.38],[-123.11,47.39],[-123.12,47.39],[-123.11,47.4],[-123.11,47.41],[-123.1,47.41],[-123.1,47.42],[-123.1,47.43],[-123.09,47.43],[-123.09,47.44],[-123.08,47.44],[-123.08,47.45],[-123.07,47.45],[-123.07,47.46],[-123.06,47.46],[-123.06,47.47],[-123.05,47.47],[-123.05,47.48],[-123.04,47.48],[-123.04,47.49],[-123.03,47.49],[-123.03,47.5],[-123.03,47.51],[-123.02,47.52],[-123.02,47.53],[-123.01,47.53],[-123.0,47.54],[-122.99,47.55],[-122.98,47.56],[-122.98,47.57],[-122.97,47.57],[-122.97,47.58],[-122.96,47.58],[-122.96,47.59],[-122.95,47.59],[-122.94,47.59],[-122.93,47.59],[-122.93,47.6],[-122.92,47.6],[-122.92,47.61],[-122.92,47.62],[-122.91,47.62],[-122.9,47.62],[-122.89,47.63],[-122.88,47.63],[-122.87,47.63],[-122.86,47.63],[-122.86,47.64],[-122.86,47.65],[-122.85,47.65],[-122.84,47.65],[-122.83,47.65],[-122.84,47.64],[-122.83,47.64],[-122.82,47.64],[-122.82,47.65],[-122.81,47.65],[-122.8,47.65],[-122.79,47.65],[-122.79,47.66],[-122.78,47.66],[-122.77,47.66],[-122.76,47.66],[-122.76,47.67],[-122.75,47.67],[-122.75,47.68],[-122.75,47.69],[-122.74,47.7],[-122.75,47.7],[-122.75,47.71],[-122.75,47.72],[-122.74,47.73],[-122.74,47.74],[-122.73,47.74],[-122.73,47.75],[-122.72,47.75],[-122.72,47.76],[-122.72,47.77],[-122.71,47.77],[-122.7,47.77],[-122.69,47.78],[-122.69,47.79],[-122.68,47.8],[-122.67,47.8],[-122.67,47.81],[-122.66,47.81],[-122.65,47.82],[-122.65,47.83],[-122.64,47.83],[-122.63,47.83],[-122.63,47.84],[-122.62,47.84],[-122.62,47.85],[-122.61,47.85],[-122.61,47.86],[-122.6,47.86],[-122.59,47.86],[-122.58,47.86],[-122.58,47.85],[-122.57,47.86],[-122.57,47.87],[-122.57,47.88],[-122.58,47.88],[-122.58,47.89],[-122.58,47.9],[-122.58,47.91],[-122.59,47.91],[-122.59,47.92],[-122.58,47.92],[-122.57,47.92],[-122.56,47.92],[-122.55,47.92],[-122.54,47.92],[-122.54,47.91],[-122.54,47.78],[-122.63,47.78],[-122.68,47.75],[-122.8,47.52],[-122.8,47.5],[-122.8,47.44],[-122.8,47.43],[-122.8,47.4],[-122.8,47.39],[-122.8,47.38],[-122.8,47.36],[-122.81,47.36],[-122.81,47.37],[-122.82,47.37],[-122.82,47.38],[-122.81,47.38],[-122.81,47.39],[-122.81,47.4],[-122.82,47.4],[-122.82,47.39],[-122.83,47.39],[-122.83,47.38],[-122.83,47.37],[-122.82,47.36],[-122.83,47.36],[-122.83,47.35],[-122.83,47.34],[-122.83,47.33],[-122.84,47.33],[-122.84,47.32],[-122.84,47.31],[-122.85,47.31],[-122.86,47.31],[-122.87,47.31],[-122.87,47.3],[-122.88,47.3],[-122.89,47.3],[-122.89,47.29],[-122.9,47.29],[-122.91,47.29],[-122.92,47.29],[-122.92,47.28],[-122.93,47.28],[-122.93,47.27],[-122.93,47.26],[-122.93,47.25],[-122.94,47.25],[-122.94,47.24],[-122.94,47.23],[-122.93,47.23],[-122.94,47.22],[-122.94,47.21],[-122.95,47.21],[-122.96,47.21],[-122.97,47.21],[-122.97,47.2],[-122.96,47.2],[-122.95,47.2],[-122.94,47.2],[-122.94,47.19],[-122.95,47.19],[-122.96,47.18],[-122.96,47.17],[-122.97,47.17],[-122.98,47.17],[-122.99,47.17],[-123.0,47.17],[-123.0,47.16],[-123.01,47.16],[-123.01,47.15],[-123.02,47.15],[-123.02,47.14],[-123.02,47.13],[-123.02,47.12],[-123.03,47.12],[-123.04,47.12],[-123.05,47.12],[-123.06,47.12],[-123.07,47.12],[-123.07,47.11],[-123.08,47.11],[-123.08,47.1],[-123.07,47.1],[-123.07,47.09],[-123.08,47.08],[-123.11,47.08],[-123.13,47.09],[-123.2,47.08],[-123.32,47.32],[-123.33,47.33],[-123.34,47.35],[-123.33,47.36],[-123.32,47.37],[-123.32,47.38],[-123.31,47.39],[-123.31,47.4],[-123.3,47.41],[-123.28,47.41],[-123.26,47.39],[-123.22,47.42],[-123.17,47.44],[-123.15,47.46],[-123.17,47.46],[-123.17,47.47],[-123.17,47.48],[-123.17,47.5],[-123.16,47.51],[-123.12,47.53],[-123.11,47.53],[-123.11,47.54],[-123.1,47.54],[-123.1,47.55],[-123.1,47.56],[-123.09,47.56],[-123.1,47.57],[-123.1,47.58],[-123.1,47.59],[-123.09,47.59],[-123.07,47.59],[-123.07,47.6],[-123.06,47.6],[-123.05,47.6],[-123.05,47.61],[-123.04,47.61],[-123.04,47.6],[-123.04,47.59],[-123.03,47.59],[-123.03,47.6],[-123.02,47.61],[-123.01,47.61],[-123.01,47.62],[-123.02,47.62],[-123.02,47.63],[-123.01,47.63],[-123.01,47.64],[-123.01,47.65],[-123.0,47.65],[-122.99,47.65],[-122.99,47.64],[-122.98,47.64],[-122.98,47.65],[-122.98,47.66],[-122.99,47.66],[-123.0,47.66],[-123.01,47.67],[-123.02,47.67],[-123.02,47.68],[-123.02,47.69],[-123.01,47.69],[-123.0,47.69],[-122.99,47.69],[-122.98,47.69],[-122.97,47.68],[-122.96,47.68],[-122.95,47.68],[-122.94,47.68],[-122.94,47.69],[-122.95,47.69],[-122.95,47.7],[-122.96,47.7],[-122.96,47.71],[-122.96,47.72],[-122.95,47.73],[-122.94,47.73],[-122.93,47.73],[-122.93,47.72],[-122.92,47.72],[-122.91,47.72],[-122.9,47.72],[-122.9,47.73],[-122.9,47.74],[-122.91,47.74],[-122.91,47.75],[-122.9,47.75],[-122.9,47.76],[-122.91,47.76],[-122.91,47.77],[-122.92,47.77],[-122.93,47.77],[-122.94,47.77],[-122.95,47.77],[-122.95,47.78],[-122.96,47.78],[-122.96,47.79],[-122.95,47.79],[-122.94,47.79],[-122.94,47.8],[-122.94,47.81],[-122.94,47.82],[-122.95,47.82],[-122.95,47.83],[-122.95,47.84],[-122.95,47.85],[-122.94,47.85],[-122.94,47.86],[-122.95,47.86],[-122.95,47.87],[-122.95,47.88],[-122.95,47.9],[-122.95,47.94],[-122.95,47.95],[-122.69,47.93],[-122.68,47.93],[-122.68,47.92],[-122.67,47.92],[-122.67,47.93],[-122.66,47.93],[-122.66,47.92],[-122.65,47.92],[-122.65,47.91],[-122.66,47.91],[-122.65,47.9],[-122.65,47.89],[-122.64,47.89],[-122.63,47.89],[-122.63,47.88],[-122.63,47.87],[-122.64,47.87],[-122.65,47.86],[-122.66,47.86],[-122.66,47.87],[-122.67,47.87],[-122.68,47.87],[-122.69,47.87],[-122.69,47.86],[-122.69,47.85],[-122.68,47.85],[-122.68,47.84],[-122.69,47.83],[-122.7,47.83],[-122.7,47.82],[-122.71,47.82],[-122.72,47.81],[-122.73,47.81],[-122.74,47.81],[-122.75,47.81],[-122.75,47.8],[-122.74,47.79],[-122.75,47.79],[-122.75,47.78],[-122.75,47.77],[-122.75,47.76],[-122.76,47.76],[-122.76,47.75],[-122.76,47.74],[-122.77,47.74],[-122.78,47.73],[-122.78,47.72],[-122.78,47.71],[-122.78,47.7],[-122.77,47.7],[-122.77,47.69],[-122.78,47.69],[-122.79,47.69],[-122.8,47.69],[-122.8,47.68],[-122.81,47.68],[-122.82,47.69],[-122.83,47.69],[-122.83,47.7],[-122.83,47.71],[-122.82,47.71],[-122.81,47.71],[-122.81,47.72],[-122.81,47.73],[-122.81,47.74],[-122.81,47.75],[-122.8,47.76],[-122.8,47.77],[-122.79,47.78],[-122.79,47.79],[-122.79,47.8],[-122.79,47.81],[-122.8,47.81],[-122.8,47.82],[-122.79,47.82],[-122.8,47.83],[-122.8,47.84],[-122.8,47.85],[-122.81,47.85],[-122.81,47.84],[-122.82,47.84],[-122.82,47.83],[-122.83,47.82],[-122.82,47.82],[-122.82,47.81],[-122.82,47.8],[-122.82,47.79],[-122.83,47.79],[-122.83,47.78],[-122.84,47.78],[-122.85,47.78],[-122.85,47.79],[-122.85,47.8],[-122.85,47.81],[-122.85,47.82],[-122.85,47.83],[-122.86,47.83],[-122.86,47.82],[-122.86,47.81],[-122.87,47.81],[-122.87,47.8],[-122.87,47.79],[-122.87,47.78],[-122.86,47.77],[-122.86,47.76],[-122.85,47.76],[-122.85,47.75],[-122.85,47.74],[-122.86,47.74],[-122.87,47.74],[-122.87,47.73],[-122.88,47.73],[-122.88,47.72],[-122.89,47.72],[-122.89,47.71],[-122.89,47.7],[-122.89,47.69],[-122.9,47.69],[-122.9,47.68],[-122.9,47.67],[-122.9,47.66],[-122.9,47.65],[-122.91,47.65],[-122.92,47.65],[-122.93,47.65],[-122.94,47.65],[-122.94,47.64],[-122.94,47.63],[-122.95,47.63],[-122.96,47.63],[-122.96,47.62],[-122.97,47.62],[-122.98,47.62],[-122.98,47.61],[-122.98,47.6],[-122.99,47.6],[-122.99,47.59],[-123.0,47.59],[-123.0,47.58],[-123.01,47.58],[-123.01,47.57],[-123.02,47.56],[-123.03,47.56],[-123.03,47.55],[-123.04,47.55],[-123.04,47.54],[-123.04,47.53],[-123.05,47.53],[-123.05,47.52],[-123.06,47.51],[-123.06,47.5],[-123.07,47.5],[-123.07,47.49],[-123.08,47.49],[-123.08,47.48],[-123.09,47.48],[-123.09,47.47],[-123.1,47.47],[-123.1,47.46],[-123.11,47.46],[-123.11,47.45],[-123.12,47.44],[-123.12,47.43],[-123.13,47.43],[-123.13,47.42],[-123.13,47.41],[-123.14,47.41],[-123.14,47.4],[-123.14,47.39],[-123.15,47.39],[-123.15,47.38],[-123.15,47.37],[-123.16,47.37],[-123.16,47.36],[-123.16,47.35],[-123.15,47.35],[-123.14,47.34],[-123.13,47.34],[-123.12,47.34]],[[-123.02,47.36],[-123.01,47.36],[-123.0,47.36],[-123.0,47.37],[-122.99,47.37],[-122.98,47.37],[-122.98,47.38],[-122.97,47.38],[-122.96,47.38],[-122.95,47.38],[-122.94,47.38],[-122.93,47.39],[-122.92,47.39],[-122.91,47.39],[-122.9,47.4],[-122.89,47.4],[-122.89,47.41],[-122.88,47.41],[-122.87,47.41],[-122.87,47.42],[-122.86,47.42],[-122.86,47.43],[-122.87,47.43],[-122.88,47.43],[-122.89,47.43],[-122.89,47.42],[-122.9,47.42],[-122.91,47.42],[-122.92,47.41],[-122.93,47.41],[-122.94,47.41],[-122.94,47.4],[-122.95,47.4],[-122.96,47.4],[-122.97,47.4],[-122.98,47.4],[-122.98,47.39],[-122.99,47.39],[-123.0,47.38],[-123.01,47.38],[-123.02,47.38],[-123.02,47.37],[-123.02,47.36]],[[-122.86,47.43],[-122.85,47.43],[-122.84,47.43],[-122.84,47.44],[-122.85,47.44],[-122.86,47.44],[-122.86,47.43]],[[-122.58,47.85],[-122.58,47.84],[-122.59,47.84],[-122.58,47.83],[-122.58,47.82],[-122.58,47.81],[-122.57,47.82],[-122.57,47.83],[-122.57,47.84],[-122.57,47.85],[-122.58,47.85]],[[-122.82,47.4],[-122.82,47.41],[-122.83,47.41],[-122.83,47.4],[-122.82,47.4]],[[-122.68,47.92],[-122.69,47.92],[-122.7,47.92],[-122.7,47.91],[-122.69,47.91],[-122.68,47.91],[-122.68,47.92]],[[-122.87,47.74],[-122.87,47.75],[-122.88,47.75],[-122.87,47.74]],[[-123.0,47.2],[-123.0,47.21],[-123.01,47.21],[-123.02,47.21],[-123.03,47.21],[-123.04,47.21],[-123.05,47.21],[-123.06,47.21],[-123.07,47.21],[-123.07,47.2],[-123.06,47.2],[-123.05,47.2],[-123.04,47.2],[-123.03,47.2],[-123.02,47.2],[-123.01,47.2],[-123.0,47.2]],[[-123.07,47.21],[-123.07,47.22],[-123.08,47.22],[-123.09,47.21],[-123.08,47.21],[-123.07,47.21]],[[-123.07,47.22],[-123.06,47.22],[-123.05,47.22],[-123.05,47.23],[-123.05,47.24],[-123.06,47.24],[-123.06,47.23],[-123.07,47.23],[-123.07,47.22]],[[-123.04,47.24],[-123.03,47.25],[-123.04,47.25],[-123.04,47.24]],[[-123.03,47.25],[-123.02,47.25],[-123.02,47.26],[-123.03,47.26],[-123.03,47.25]]],[[[-122.81,47.84],[-122.8,47.83],[-122.81,47.83],[-122.81,47.84]]],[[[-122.63,47.89],[-122.62,47.89],[-122.61,47.89],[-122.62,47.88],[-122.63,47.89]]],[[[-122.83,47.33],[-122.82,47.33],[-122.82,47.32],[-122.83,47.32],[-122.83,47.33]]],[[[-122.83,47.34],[-122.82,47.35],[-122.82,47.34],[-122.83,47.34]]],[[[-122.59,47.92],[-122.6,47.92],[-122.61,47.92],[-122.62,47.93],[-122.62,47.94],[-122.61,47.94],[-122.6,47.94],[-122.6,47.93],[-122.59,47.92]]]]}},
{"type":"Feature","properties":{"ugc":"WAZ512","name":"Lower Chehalis Valley Area","state":"WA","wfo":"SEW"},"geometry":{"type":"MultiPolygon","coordinates":[[[[-123.77,47.35],[-123.75,47.33],[-123.71,47.36],[-123.69,47.35],[-123.64,47.36],[-123.61,47.32],[-123.56,47.32],[-123.54,47.32],[-123.51,47.32],[-123.5,47.32],[-123.48,47.32],[-123.47,47.32],[-123.44,47.31],[-123.42,47.3],[-123.4,47.3],[-123.38,47.29],[-123.34,47.3],[-123.33,47.31],[-123.32,47.32],[-123.2,47.08],[-123.2,47.05],[-123.2,47.04],[-123.2,47.03],[-123.2,47.02],[-123.2,47.01],[-123.2,47.0],[-123.17,47.0],[-123.16,47.0],[-123.16,46.99],[-123.16,46.9],[-123.16,46.87],[-123.16,46.85],[-123.16,46.84],[-123.16,46.83],[-123.16,46.79],[-123.18,46.79],[-123.2,46.79],[-123.23,46.79],[-123.25,46.79],[-123.35,46.79],[-123.37,46.79],[-123.38,46.79],[-123.42,46.79],[-123.43,46.79],[-123.45,46.79],[-123.47,46.79],[-123.48,46.79],[-123.49,46.79],[-123.53,46.79],[-123.57,46.79],[-123.61,46.79],[-123.63,46.79],[-123.65,46.79],[-123.67,46.79],[-123.72,46.79],[-123.73,46.79],[-123.75,46.79],[-123.76,46.79],[-123.77,47.0],[-123.86,47.31],[-123.88,47.35],[-123.86,47.35],[-123.82,47.38],[-123.79,47.38],[-123.77,47.35]]]]}},
{"type":"Feature","properties":{"ugc":"WAZ513","name":"Olympics","state":"WA","wfo":"SEW"},"geometry":{"type":"MultiPolygon","coordinates":[[[[-123.92,48.12],[-123.87,48.11],[-123.84,48.11],[-123.81,48.11],[-123.81,48.12],[-123.74,48.12],[-123.67,48.09],[-123.64,48.07],[-123.61,48.06],[-123.6,48.04],[-123.59,48.04],[-123.57,48.05],[-123.54,48.06],[-123.55,48.08],[-123.52,48.09],[-123.49,48.07],[-123.46,48.07],[-123.42,48.06],[-123.41,48.05],[-123.39,48.06],[-123.37,48.04],[-123.38,48.03],[-123.36,48.01],[-123.32,48.03],[-123.31,48.03],[-123.3,48.01],[-123.27,48.03],[-123.25,48.01],[-123.22,48.01],[-123.21,48.02],[-123.23,48.04],[-123.2,48.04],[-123.17,48.03],[-123.16,48.0],[-123.14,48.0],[-123.12,48.01],[-123.13,48.04],[-123.1,48.04],[-123.05,48.02],[-123.02,48.0],[-123.03,47.98],[-123.02,47.98],[-123.0,47.98],[-122.98,47.97],[-122.97,47.96],[-122.95,47.95],[-122.95,47.94],[-122.95,47.9],[-122.95,47.88],[-122.95,47.87],[-122.95,47.86],[-122.94,47.86],[-122.94,47.85],[-122.95,47.85],[-122.95,47.84],[-122.95,47.83],[-122.95,47.82],[-122.94,47.82],[-122.94,47.81],[-122.94,47.8],[-122.94,47.79],[-122.95,47.79],[-122.96,47.79],[-122.96,47.78],[-122.95,47.78],[-122.95,47.77],[-122.94,47.77],[-122.93,47.77],[-122.92,47.77],[-122.91,47.77],[-122.91,47.76],[-122.9,47.76],[-122.9,47.75],[-122.91,47.75],[-122.91,47.74],[-122.9,47.74],[-122.9,47.73],[-122.9,47.72],[-122.91,47.72],[-122.92,47.72],[-122.93,47.72],[-122.93,47.73],[-122.94,47.73],[-122.95,47.73],[-122.96,47.72],[-122.96,47.71],[-122.96,47.7],[-122.95,47.7],[-122.95,47.69],[-122.94,47.69],[-122.94,47.68],[-122.95,47.68],[-122.96,47.68],[-122.97,47.68],[-122.98,47.69],[-122.99,47.69],[-123.0,47.69],[-123.01,47.69],[-123.02,47.69],[-123.02,47.68],[-123.02,47.67],[-123.01,47.67],[-123.0,47.66],[-122.99,47.66],[-122.98,47.66],[-122.98,47.65],[-122.98,47.64],[-122.99,47.64],[-122.99,47.65],[-123.0,47.65],[-123.01,47.65],[-123.01,47.64],[-123.01,47.63],[-123.02,47.63],[-123.02,47.62],[-123.01,47.62],[-123.01,47.61],[-123.02,47.61],[-123.03,47.6],[-123.03,47.59],[-123.04,47.59],[-123.04,47.6],[-123.04,47.61],[-123.05,47.61],[-123.05,47.6],[-123.06,47.6],[-123.07,47.6],[-123.07,47.59],[-123.09,47.59],[-123.1,47.59],[-123.1,47.58],[-123.1,47.57],[-123.09,47.56],[-123.1,47.56],[-123.1,47.55],[-123.1,47.54],[-123.11,47.54],[-123.11,47.53],[-123.12,47.53],[-123.16,47.51],[-123.17,47.5],[-123.17,47.48],[-123.17,47.47],[-123.17,47.46],[-123.15,47.46],[-123.17,47.44],[-123.22,47.42],[-123.26,47.39],[-123.28,47.41],[-123.3,47.41],[-123.31,47.4],[-123.31,47.39],[-123.32,47.38],[-123.32,47.37],[-123.33,47.36],[-123.34,47.35],[-123.33,47.33],[-123.32,47.32],[-123.33,47.31],[-123.34,47.3],[-123.38,47.29],[-123.4,47.3],[-123.42,47.3],[-123.44,47.31],[-123.47,47.32],[-123.48,47.32],[-123.5,47.32],[-123.51,47.32],[-123.54,47.32],[-123.56,47.32],[-123.61,47.32],[-123.64,47.36],[-123.69,47.35],[-123.71,47.36],[-123.75,47.33],[-123.77,47.35],[-123.79,47.38],[-123.82,47.38],[-123.86,47.35],[-123.88,47.35],[-123.89,47.38],[-123.89,47.42],[-123.91,47.45],[-123.94,47.47],[-123.99,47.48],[-124.03,47.5],[-124.02,47.51],[-124.03,47.51],[-124.03,47.52],[-124.03,47.54],[-124.03,47.55],[-124.02,47.57],[-124.03,47.59],[-124.02,47.6],[-124.01,47.62],[-124.02,47.64],[-124.06,47.64],[-124.12,47.65],[-124.09,47.68],[-124.09,47.69],[-124.12,47.71],[-124.14,47.73],[-124.13,47.75],[-124.1,47.77],[-124.09,47.8],[-124.1,47.82],[-124.13,47.82],[-124.16,47.83],[-124.19,47.84],[-124.24,47.86],[-124.25,47.88],[-124.28,47.88],[-124.29,47.88],[-124.31,47.9],[-124.3,47.91],[-124.29,47.93],[-124.29,47.95],[-124.31,47.98],[-124.32,48.0],[-124.3,48.02],[-124.27,48.04],[-124.24,48.05],[-124.23,48.08],[-124.26,48.11],[-124.23,48.11],[-124.17,48.12],[-124.16,48.13],[-124.13,48.12],[-124.1,48.12],[-124.06,48.12],[-124.04,48.11],[-124.0,48.13],[-123.95,48.12],[-123.92,48.12]]]]}},
{"type":"Feature","properties":{"ugc":"WAZ514","name":"Eastern Strait of Juan de Fuca","state":"WA","wfo":"SEW"},"geometry":{"type":"MultiPolygon","coordinates":[[[[-122.94,48.12],[-122.94,48.13],[-122.93,48.13],[-122.92,48.13],[-122.93,48.12],[-122.94,48.12]]],[[[-123.64,48.14],[-123.63,48.14],[-123.62,48.14],[-123.61,48.14],[-123.6,48.14],[-123.59,48.14],[-123.58,48.14],[-123.57,48.14],[-123.57,48.15],[-123.56,48.15],[-123.55,48.15],[-123.54,48.15],[-123.53,48.15],[-123.53,48.14],[-123.52,48.14],[-123.52,48.13],[-123.51,48.13],[-123.5,48.13],[-123.49,48.13],[-123.48,48.13],[-123.47,48.13],[-123.47,48.14],[-123.46,48.14],[-123.46,48.13],[-123.45,48.13],[-123.44,48.12],[-123.43,48.12],[-123.42,48.12],[-123.41,48.12],[-123.4,48.12],[-123.4,48.11],[-123.38,48.12],[-123.38,48.11],[-123.37,48.11],[-123.37,48.12],[-123.36,48.12],[-123.35,48.12],[-123.34,48.12],[-123.34,48.11],[-123.33,48.11],[-123.32,48.11],[-123.31,48.11],[-123.31,48.12],[-123.3,48.12],[-123.29,48.12],[-123.28,48.12],[-123.27,48.12],[-123.26,48.12],[-123.25,48.12],[-123.24,48.12],[-123.23,48.12],[-123.22,48.13],[-123.21,48.13],[-123.2,48.14],[-123.19,48.14],[-123.19,48.15],[-123.18,48.15],[-123.17,48.15],[-123.16,48.15],[-123.15,48.15],[-123.14,48.15],[-123.13,48.15],[-123.12,48.15],[-123.11,48.15],[-123.11,48.14],[-123.1,48.14],[-123.1,48.13],[-123.09,48.13],[-123.08,48.13],[-123.08,48.12],[-123.07,48.12],[-123.06,48.12],[-123.06,48.11],[-123.05,48.11],[-123.05,48.1],[-123.04,48.09],[-123.05,48.09],[-123.05,48.08],[-123.05,48.07],[-123.04,48.07],[-123.04,48.06],[-123.04,48.05],[-123.03,48.05],[-123.03,48.04],[-123.02,48.04],[-123.02,48.03],[-123.01,48.03],[-123.01,48.02],[-123.0,48.02],[-123.0,48.03],[-123.0,48.04],[-123.0,48.05],[-123.01,48.05],[-123.01,48.06],[-123.01,48.07],[-123.02,48.08],[-123.02,48.09],[-123.01,48.09],[-123.0,48.09],[-122.99,48.09],[-122.98,48.1],[-122.97,48.1],[-122.96,48.1],[-122.95,48.1],[-122.94,48.1],[-122.93,48.1],[-122.92,48.1],[-122.92,48.09],[-122.92,48.08],[-122.93,48.08],[-122.93,48.07],[-122.94,48.07],[-122.95,48.06],[-122.95,48.05],[-122.95,48.04],[-122.95,48.0],[-122.95,47.99],[-122.95,47.96],[-122.95,47.95],[-122.97,47.96],[-122.98,47.97],[-123.0,47.98],[-123.02,47.98],[-123.03,47.98],[-123.02,48.0],[-123.05,48.02],[-123.1,48.04],[-123.13,48.04],[-123.12,48.01],[-123.14,48.0],[-123.16,48.0],[-123.17,48.03],[-123.2,48.04],[-123.23,48.04],[-123.21,48.02],[-123.22,48.01],[-123.25,48.01],[-123.27,48.03],[-123.3,48.01],[-123.31,48.03],[-123.32,48.03],[-123.36,48.01],[-123.38,48.03],[-123.37,48.04],[-123.39,48.06],[-123.41,48.05],[-123.42,48.06],[-123.46,48.07],[-123.49,48.07],[-123.52,48.09],[-123.55,48.08],[-123.54,48.06],[-123.57,48.05],[-123.59,48.04],[-123.6,48.04],[-123.61,48.06],[-123.64,48.07],[-123.64,48.14]]],[[[-123.17,48.16],[-123.16,48.17],[-123.16,48.16],[-123.17,48.16]]],[[[-123.14,48.18],[-123.13,48.18],[-123.13,48.17],[-123.14,48.17],[-123.14,48.18]]]]}},
{"type":"Feature","properties":{"ugc":"WAZ515","name":"Western Strait of Juan De Fuca","state":"WA","wfo":"SEW"},"geometry":{"type":"MultiPolygon","coordinates":[[[[-124.46,48.32],[-124.45,48.32],[-124.45,48.31],[-124.44,48.31],[-124.43,48.31],[-124.42,48.3],[-124.41,48.3],[-124.4,48.29],[-124.39,48.29],[-124.38,48.29],[-124.38,48.28],[-124.37,48.29],[-124.37,48.28],[-124.36,48.28],[-124.36,48.29],[-124.35,48.29],[-124.35,48.28],[-124.34,48.28],[-124.33,48.28],[-124.33,48.27],[-124.32,48.27],[-124.31,48.27],[-124.3,48.27],[-124.3,48.26],[-124.29,48.26],[-124.28,48.26],[-124.27,48.25],[-124.26,48.26],[-124.25,48.26],[-124.24,48.26],[-124.23,48.26],[-124.22,48.26],[-124.22,48.25],[-124.21,48.25],[-124.2,48.25],[-124.19,48.25],[-124.19,48.24],[-124.18,48.24],[-124.17,48.24],[-124.16,48.24],[-124.16,48.23],[-124.15,48.23],[-124.14,48.23],[-124.14,48.22],[-124.13,48.22],[-124.12,48.22],[-124.11,48.22],[-124.1,48.22],[-124.1,48.21],[-124.11,48.2],[-124.1,48.2],[-124.09,48.2],[-124.09,48.19],[-124.08,48.19],[-124.07,48.19],[-124.06,48.19],[-124.06,48.18],[-124.05,48.18],[-124.04,48.18],[-124.03,48.17],[-124.02,48.18],[-124.02,48.17],[-124.01,48.17],[-124.0,48.17],[-123.99,48.17],[-123.98,48.17],[-123.98,48.16],[-123.97,48.16],[-123.96,48.16],[-123.96,48.17],[-123.95,48.17],[-123.94,48.17],[-123.94,48.16],[-123.93,48.16],[-123.92,48.16],[-123.91,48.16],[-123.9,48.16],[-123.89,48.16],[-123.88,48.16],[-123.87,48.16],[-123.87,48.15],[-123.86,48.15],[-123.85,48.16],[-123.84,48.16],[-123.83,48.16],[-123.82,48.16],[-123.81,48.15],[-123.81,48.16],[-123.8,48.16],[-123.79,48.16],[-123.78,48.16],[-123.77,48.16],[-123.76,48.16],[-123.75,48.16],[-123.74,48.16],[-123.73,48.16],[-123.72,48.16],[-123.71,48.16],[-123.71,48.17],[-123.7,48.17],[-123.69,48.17],[-123.69,48.16],[-123.68,48.16],[-123.67,48.16],[-123.66,48.16],[-123.65,48.16],[-123.65,48.15],[-123.64,48.15],[-123.64,48.14],[-123.64,48.07],[-123.67,48.09],[-123.74,48.12],[-123.81,48.12],[-123.81,48.11],[-123.84,48.11],[-123.87,48.11],[-123.92,48.12],[-123.95,48.12],[-124.0,48.13],[-124.04,48.11],[-124.06,48.12],[-124.1,48.12],[-124.13,48.12],[-124.16,48.13],[-124.17,48.12],[-124.23,48.11],[-124.26,48.11],[-124.31,48.14],[-124.32,48.18],[-124.36,48.19],[-124.4,48.18],[-124.46,48.21],[-124.51,48.23],[-124.51,48.25],[-124.5,48.27],[-124.48,48.31],[-124.47,48.31],[-124.46,48.32]]]]}},
{"type":"Feature","properties":{"ugc":"WAZ516","name":"North Coast","state":"WA","wfo":"SEW"},"geometry":{"type":"MultiPolygon","coordinates":[[[[-124.73,48.38],[-124.73,48.39],[-124.72,48.39],[-124.71,48.39],[-124.7,48.39],[-124.69,48.39],[-124.68,48.39],[-124.67,48.39],[-124.66,48.39],[-124.65,48.39],[-124.64,48.39],[-124.64,48.38],[-124.63,48.38],[-124.63,48.37],[-124.62,48.37],[-124.61,48.37],[-124.6,48.37],[-124.59,48.37],[-124.58,48.37],[-124.57,48.37],[-124.56,48.37],[-124.56,48.36],[-124.55,48.36],[-124.55,48.35],[-124.54,48.35],[-124.53,48.35],[-124.52,48.35],[-124.51,48.34],[-124.5,48.34],[-124.49,48.34],[-124.49,48.33],[-124.48,48.33],[-124.47,48.33],[-124.47,48.32],[-124.46,48.32],[-124.47,48.31],[-124.48,48.31],[-124.5,48.27],[-124.51,48.25],[-124.51,48.23],[-124.46,48.21],[-124.4,48.18],[-124.36,48.19],[-124.32,48.18],[-124.31,48.14],[-124.26,48.11],[-124.23,48.08],[-124.24,48.05],[-124.27,48.04],[-124.3,48.02],[-124.32,48.0],[-124.31,47.98],[-124.29,47.95],[-124.29,47.93],[-124.3,47.91],[-124.31,47.9],[-124.29,47.88],[-124.28,47.88],[-124.25,47.88],[-124.24,47.86],[-124.19,47.84],[-124.16,47.83],[-124.13,47.82],[-124.1,47.82],[-124.09,47.8],[-124.1,47.77],[-124.13,47.75],[-124.14,47.73],[-124.12,47.71],[-124.09,47.69],[-124.09,47.68],[-124.12,47.65],[-124.06,47.64],[-124.02,47.64],[-124.01,47.62],[-124.02,47.6],[-124.03,47.59],[-124.02,47.57],[-124.03,47.55],[-124.03,47.54],[-124.03,47.52],[-124.05,47.52],[-124.05,47.53],[-124.35,47.53],[-124.36,47.54],[-124.35,47.54],[-124.35,47.55],[-124.36,47.55],[-124.36,47.56],[-124.36,47.57],[-124.36,47.58],[-124.37,47.58],[-124.37,47.59],[-124.37,47.6],[-124.38,47.61],[-124.38,47.62],[-124.38,47.63],[-124.38,47.64],[-124.39,47.64],[-124.39,47.65],[-124.39,47.66],[-124.4,47.66],[-124.4,47.67],[-124.4,47.68],[-124.41,47.68],[-124.41,47.69],[-124.41,47.7],[-124.42,47.7],[-124.42,47.71],[-124.42,47.72],[-124.42,47.73],[-124.43,47.74],[-124.43,47.75],[-124.44,47.75],[-124.45,47.75],[-124.45,47.76],[-124.45,47.77],[-124.46,47.77],[-124.47,47.77],[-124.48,47.78],[-124.48,47.79],[-124.48,47.8],[-124.48,47.81],[-124.49,47.81],[-124.49,47.82],[-124.5,47.82],[-124.51,47.82],[-124.52,47.82],[-124.52,47.83],[-124.53,47.83],[-124.54,47.83],[-124.54,47.84],[-124.55,47.85],[-124.56,47.85],[-124.56,47.86],[-124.56,47.87],[-124.57,47.87],[-124.58,47.87],[-124.58,47.88],[-124.59,47.88],[-124.6,47.88],[-124.6,47.87],[-124.61,47.87],[-124.61,47.88],[-124.62,47.88],[-124.62,47.89],[-124.63,47.89],[-124.63,47.9],[-124.63,47.91],[-124.64,47.91],[-124.64,47.92],[-124.64,47.93],[-124.65,47.94],[-124.66,47.95],[-124.66,47.96],[-124.67,47.96],[-124.68,47.97],[-124.67,47.97],[-124.67,47.98],[-124.67,47.99],[-124.68,47.99],[-124.68,48.0],[-124.68,48.01],[-124.68,48.02],[-124.68,48.03],[-124.68,48.04],[-124.68,48.05],[-124.69,48.05],[-124.69,48.06],[-124.69,48.07],[-124.7,48.07],[-124.7,48.08],[-124.7,48.09],[-124.69,48.09],[-124.69,48.1],[-124.69,48.11],[-124.7,48.11],[-124.7,48.12],[-124.71,48.12],[-124.71,48.13],[-124.71,48.14],[-124.72,48.14],[-124.72,48.15],[-124.72,48.16],[-124.73,48.16],[-124.73,48.17],[-124.72,48.17],[-124.72,48.18],[-124.71,48.18],[-124.7,48.18],[-124.7,48.19],[-124.7,48.2],[-124.69,48.2],[-124.69,48.21],[-124.69,48.22],[-124.7,48.23],[-124.7,48.24],[-124.7,48.25],[-124.69,48.25],[-124.68,48.26],[-124.68,48.27],[-124.68,48.28],[-124.68,48.29],[-124.68,48.3],[-124.67,48.3],[-124.66,48.3],[-124.66,48.31],[-124.66,48.32],[-124.66,48.33],[-124.66,48.34],[-124.67,48.34],[-124.68,48.34],[-124.69,48.34],[-124.7,48.34],[-124.7,48.35],[-124.71,48.35],[-124.71,48.36],[-124.71,48.37],[-124.72,48.37],[-124.73,48.37],[-124.73,48.38]]],[[[-124.48,47.68],[-124.48,47.67],[-124.49,47.67],[-124.49,47.68],[-124.48,47.68]]],[[[-124.76,48.17],[-124.76,48.18],[-124.75,48.17],[-124.76,48.17]]]]}},
{"type":"Feature","properties":{"ugc":"WAZ517","name":"Central Coast","state":"WA","wfo":"SEW"},"geometry":{"type":"MultiPolygon","coordinates":[[[[-124.32,47.35],[-124.32,47.36],[-124.32,47.37],[-124.32,47.38],[-124.33,47.39],[-124.33,47.4],[-124.34,47.4],[-124.34,47.41],[-124.34,47.42],[-124.34,47.43],[-124.34,47.44],[-124.34,47.45],[-124.34,47.46],[-124.34,47.47],[-124.34,47.48],[-124.34,47.49],[-124.35,47.49],[-124.35,47.5],[-124.35,47.51],[-124.35,47.52],[-124.35,47.53],[-124.05,47.53],[-124.05,47.52],[-124.03,47.52],[-124.03,47.51],[-124.02,47.51],[-124.03,47.5],[-123.99,47.48],[-123.94,47.47],[-123.91,47.45],[-123.89,47.42],[-123.89,47.38],[-123.88,47.35],[-123.86,47.31],[-123.77,47.0],[-123.76,46.79],[-123.79,46.79],[-123.8,46.79],[-123.88,46.79],[-123.93,46.79],[-124.03,46.79],[-124.1,46.79],[-124.1,46.8],[-124.1,46.81],[-124.11,46.84],[-124.12,46.86],[-124.12,46.87],[-124.13,46.87],[-124.13,46.89],[-124.13,46.9],[-124.12,46.9],[-124.12,46.91],[-124.11,46.91],[-124.1,46.9],[-124.09,46.9],[-124.09,46.89],[-124.09,46.88],[-124.09,46.87],[-124.09,46.86],[-124.08,46.86],[-124.07,46.86],[-124.06,46.86],[-124.06,46.87],[-124.05,46.87],[-124.05,46.88],[-124.05,46.89],[-124.04,46.9],[-124.03,46.9],[-124.02,46.9],[-124.01,46.9],[-124.0,46.9],[-124.0,46.91],[-123.99,46.92],[-123.98,46.92],[-123.97,46.92],[-123.96,46.92],[-123.95,46.92],[-123.94,46.93],[-123.93,46.93],[-123.92,46.93],[-123.91,46.93],[-123.9,46.94],[-123.89,46.94],[-123.88,46.94],[-123.87,46.94],[-123.87,46.95],[-123.86,46.95],[-123.85,46.95],[-123.84,46.95],[-123.83,46.95],[-123.83,46.96],[-123.84,46.96],[-123.85,46.96],[-123.86,46.97],[-123.86,46.96],[-123.87,46.96],[-123.88,46.96],[-123.88,46.97],[-123.89,46.97],[-123.9,46.97],[-123.91,46.97],[-123.92,46.97],[-123.93,46.97],[-123.93,46.98],[-123.94,46.98],[-123.95,46.98],[-123.96,46.98],[-123.97,46.98],[-123.98,46.98],[-123.99,46.98],[-124.0,46.98],[-124.01,46.98],[-124.01,46.99],[-124.02,46.99],[-124.01,47.0],[-124.01,47.01],[-124.02,47.01],[-124.02,47.02],[-124.02,47.03],[-124.03,47.03],[-124.04,47.03],[-124.05,47.03],[-124.05,47.04],[-124.06,47.04],[-124.07,47.04],[-124.08,47.04],[-124.09,47.04],[-124.11,47.04],[-124.12,47.04],[-124.13,47.04],[-124.14,47.04],[-124.14,47.03],[-124.15,47.03],[-124.15,47.02],[-124.15,47.01],[-124.14,47.01],[-124.14,47.0],[-124.14,46.99],[-124.14,46.98],[-124.14,46.97],[-124.13,46.96],[-124.13,46.95],[-124.12,46.95],[-124.11,46.95],[-124.11,46.94],[-124.12,46.94],[-124.13,46.94],[-124.14,46.94],[-124.15,46.94],[-124.15,46.93],[-124.16,46.93],[-124.17,46.93],[-124.17,46.94],[-124.17,46.95],[-124.17,46.96],[-124.17,46.97],[-124.17,46.98],[-124.17,46.99],[-124.17,47.0],[-124.17,47.02],[-124.17,47.03],[-124.17,47.04],[-124.17,47.05],[-124.17,47.06],[-124.17,47.07],[-124.17,47.08],[-124.18,47.09],[-124.18,47.1],[-124.18,47.11],[-124.18,47.12],[-124.18,47.13],[-124.19,47.14],[-124.19,47.15],[-124.19,47.16],[-124.19,47.17],[-124.2,47.17],[-124.2,47.18],[-124.2,47.19],[-124.2,47.2],[-124.2,47.21],[-124.21,47.21],[-124.21,47.22],[-124.21,47.23],[-124.22,47.23],[-124.22,47.24],[-124.22,47.25],[-124.22,47.26],[-124.23,47.26],[-124.23,47.27],[-124.23,47.28],[-124.24,47.28],[-124.24,47.29],[-124.24,47.3],[-124.25,47.3],[-124.26,47.3],[-124.27,47.31],[-124.27,47.3],[-124.28,47.3],[-124.28,47.31],[-124.28,47.32],[-124.29,47.32],[-124.29,47.33],[-124.29,47.34],[-124.3,47.34],[-124.3,47.35],[-124.31,47.35],[-124.32,47.35]],[[-123.83,46.96],[-123.82,46.96],[-123.82,46.97],[-123.83,46.97],[-123.83,46.96]],[[-124.05,46.85],[-124.04,46.85],[-124.04,46.84],[-124.03,46.85],[-124.03,46.86],[-124.04,46.86],[-124.04,46.87],[-124.05,46.86],[-124.05,46.85]],[[-124.03,46.85],[-124.03,46.84],[-124.02,46.84],[-124.01,46.84],[-124.01,46.85],[-124.02,46.85],[-124.03,46.85]]],[[[-124.13,46.9],[-124.14,46.9],[-124.14,46.91],[-124.13,46.91],[-124.13,46.9]]]]}},
{"type":"Feature","properties":{"ugc":"WAZ520","name":"East Slopes of the Washington Cascades","state":"WA","wfo":"PDT"},"geometry":{"type":"MultiPolygon","coordinates":[[[[-121.51,45.83],[-121.51,45.82],[-121.52,45.81],[-121.53,45.8],[-121.53,45.79],[-121.52,45.78],[-121.57,45.78],[-121.6,45.78],[-121.61,45.78],[-121.61,45.87],[-121.61,45.94],[-121.61,45.95],[-121.61,45.96],[-121.61,46.0],[-121.61,46.04],[-121.6,46.04],[-121.57,46.04],[-121.54,46.04],[-121.52,46.04],[-121.52,46.05],[-121.52,46.08],[-121.52,46.39],[-121.5,46.39],[-121.49,46.39],[-121.46,46.39],[-121.45,46.39],[-121.4,46.39],[-121.39,46.39],[-121.39,46.4],[-121.39,46.41],[-121.39,46.42],[-121.4,46.42],[-121.4,46.43],[-121.41,46.43],[-121.41,46.44],[-121.41,46.45],[-121.41,46.46],[-121.42,46.46],[-121.43,46.47],[-121.44,46.48],[-121.43,46.48],[-121.43,46.49],[-121.42,46.49],[-121.43,46.5],[-121.44,46.5],[-121.45,46.5],[-121.45,46.51],[-121.46,46.52],[-121.45,46.52],[-121.45,46.53],[-121.44,46.54],[-121.43,46.54],[-121.42,46.54],[-121.42,46.55],[-121.42,46.56],[-121.42,46.57],[-121.42,46.58],[-121.41,46.58],[-121.4,46.59],[-121.4,46.6],[-121.41,46.6],[-121.4,46.61],[-121.39,46.62],[-121.39,46.63],[-121.39,46.64],[-121.4,46.64],[-121.4,46.65],[-121.41,46.65],[-121.42,46.65],[-121.42,46.66],[-121.41,46.66],[-121.41,46.67],[-121.41,46.68],[-121.4,46.69],[-121.39,46.69],[-121.38,46.69],[-121.38,46.7],[-121.37,46.71],[-121.36,46.71],[-121.35,46.71],[-121.36,46.72],[-121.37,46.73],[-121.38,46.73],[-121.39,46.73],[-121.4,46.73],[-121.41,46.73],[-121.41,46.74],[-121.42,46.74],[-121.43,46.74],[-121.43,46.75],[-121.42,46.75],[-121.43,46.76],[-121.44,46.76],[-121.44,46.77],[-121.45,46.77],[-121.45,46.78],[-121.46,46.78],[-121.46,46.79],[-121.45,46.79],[-121.44,46.79],[-121.45,46.8],[-121.46,46.81],[-121.47,46.82],[-121.47,46.83],[-121.48,46.83],[-121.48,46.84],[-121.49,46.84],[-121.49,46.85],[-121.5,46.86],[-121.51,46.86],[-121.51,46.87],[-121.52,46.87],[-121.52,46.88],[-121.51,46.88],[-121.51,46.89],[-121.51,46.9],[-121.5,46.9],[-121.5,46.91],[-121.49,46.91],[-121.48,46.91],[-121.47,46.92],[-121.46,46.92],[-121.46,46.93],[-121.45,46.93],[-121.45,46.94],[-121.45,46.95],[-121.45,46.96],[-121.45,46.97],[-121.44,46.97],[-121.45,46.98],[-121.44,46.98],[-121.43,46.98],[-121.43,46.99],[-121.42,46.99],[-121.41,47.0],[-121.41,47.01],[-121.4,47.01],[-121.4,47.02],[-121.4,47.03],[-121.4,47.04],[-121.39,47.04],[-121.39,47.05],[-121.38,47.05],[-121.37,47.06],[-121.38,47.06],[-121.38,47.07],[-121.38,47.08],[-121.38,47.09],[-121.38,47.1],[-121.39,47.09],[-121.4,47.09],[-121.4,47.1],[-121.4,47.11],[-121.41,47.12],[-121.4,47.12],[-121.4,47.13],[-121.39,47.13],[-121.38,47.14],[-121.37,47.14],[-121.36,47.14],[-121.35,47.14],[-121.34,47.14],[-121.33,47.13],[-121.32,47.14],[-121.32,47.13],[-121.31,47.13],[-121.31,47.14],[-121.3,47.14],[-121.3,47.15],[-121.3,47.16],[-121.31,47.16],[-121.31,47.17],[-121.32,47.17],[-121.31,47.18],[-121.31,47.19],[-121.31,47.2],[-121.31,47.21],[-121.32,47.21],[-121.32,47.22],[-121.33,47.22],[-121.34,47.22],[-121.35,47.22],[-121.36,47.22],[-121.36,47.23],[-121.36,47.24],[-121.35,47.24],[-121.35,47.25],[-121.34,47.25],[-121.33,47.25],[-121.33,47.26],[-121.34,47.27],[-121.34,47.28],[-121.35,47.28],[-121.36,47.28],[-121.36,47.29],[-121.37,47.29],[-121.38,47.29],[-121.39,47.29],[-121.4,47.29],[-121.41,47.29],[-121.42,47.29],[-121.43,47.29],[-121.43,47.3],[-121.44,47.31],[-121.45,47.31],[-121.44,47.32],[-121.43,47.32],[-121.43,47.33],[-121.43,47.34],[-121.44,47.34],[-121.45,47.34],[-121.45,47.35],[-121.46,47.35],[-121.46,47.36],[-121.47,47.37],[-121.46,47.37],[-121.45,47.37],[-121.44,47.37],[-121.44,47.38],[-121.44,47.39],[-121.43,47.39],[-121.43,47.4],[-121.42,47.41],[-121.43,47.42],[-121.42,47.42],[-121.41,47.42],[-121.41,47.43],[-121.4,47.43],[-121.39,47.43],[-121.38,47.43],[-121.38,47.44],[-121.39,47.45],[-121.38,47.45],[-121.38,47.46],[-121.37,47.46],[-121.36,47.46],[-121.36,47.47],[-121.35,47.46],[-121.35,47.47],[-121.34,47.47],[-121.34,47.48],[-121.33,47.47],[-121.33,47.48],[-121.32,47.48],[-121.31,47.48],[-121.3,47.49],[-121.3,47.5],[-121.29,47.5],[-121.29,47.51],[-121.28,47.51],[-121.28,47.52],[-121.27,47.52],[-121.26,47.52],[-121.26,47.53],[-121.25,47.53],[-121.25,47.54],[-121.24,47.54],[-121.24,47.55],[-121.23,47.55],[-121.23,47.56],[-121.23,47.57],[-121.22,47.57],[-121.21,47.57],[-121.2,47.57],[-121.19,47.57],[-121.18,47.57],[-121.17,47.57],[-121.17,47.58],[-121.17,47.59],[-121.16,47.59],[-121.15,47.59],[-121.14,47.59],[-121.14,47.6],[-121.13,47.6],[-121.13,47.59],[-121.12,47.59],[-121.12,47.6],[-121.11,47.6],[-121.11,47.59],[-121.1,47.59],[-121.09,47.59],[-121.09,47.58],[-121.09,47.57],[-121.08,47.56],[-121.08,47.55],[-121.07,47.55],[-121.06,47.54],[-121.05,47.54],[-121.05,47.53],[-121.04,47.54],[-121.03,47.53],[-121.02,47.52],[-121.01,47.52],[-121.0,47.52],[-120.99,47.51],[-120.99,47.5],[-120.98,47.49],[-120.97,47.49],[-120.96,47.48],[-120.95,47.48],[-120.95,47.47],[-120.95,47.46],[-120.93,47.46],[-120.93,47.45],[-120.92,47.45],[-120.92,47.44],[-120.92,47.43],[-120.91,47.43],[-120.9,47.43],[-120.89,47.43],[-120.89,47.42],[-120.88,47.42],[-120.87,47.42],[-120.86,47.42],[-120.85,47.42],[-120.85,47.41],[-120.84,47.41],[-120.84,47.42],[-120.83,47.42],[-120.82,47.42],[-120.81,47.42],[-120.8,47.42],[-120.79,47.41],[-120.79,47.4],[-120.78,47.4],[-120.77,47.4],[-120.76,47.4],[-120.75,47.39],[-120.74,47.39],[-120.73,47.39],[-120.73,47.38],[-120.72,47.38],[-120.72,47.37],[-120.71,47.37],[-120.7,47.37],[-120.7,47.36],[-120.69,47.36],[-120.68,47.35],[-120.67,47.35],[-120.67,47.34],[-120.66,47.34],[-120.65,47.34],[-120.64,47.34],[-120.63,47.34],[-120.62,47.34],[-120.62,47.35],[-120.61,47.34],[-120.6,47.34],[-120.59,47.34],[-120.58,47.34],[-120.58,47.33],[-120.57,47.32],[-120.57,47.31],[-120.56,47.31],[-120.55,47.31],[-120.54,47.31],[-120.53,47.32],[-120.53,47.33],[-120.52,47.33],[-120.52,47.32],[-120.51,47.32],[-120.5,47.32],[-120.49,47.31],[-120.48,47.31],[-120.47,47.31],[-120.47,47.3],[-120.46,47.3],[-120.45,47.3],[-120.45,47.29],[-120.44,47.28],[-120.43,47.28],[-120.43,47.27],[-120.42,47.27],[-120.4,47.27],[-120.39,47.27],[-120.39,47.26],[-120.38,47.26],[-120.34,47.26],[-120.3,47.26],[-120.27,47.26],[-120.26,47.26],[-120.24,47.26],[-120.14,47.26],[-120.14,47.25],[-120.14,47.23],[-120.15,47.23],[-120.15,47.22],[-120.15,47.21],[-120.16,47.21],[-120.15,47.2],[-120.14,47.2],[-120.14,47.19],[-120.14,47.18],[-120.14,47.17],[-120.14,47.16],[-120.13,47.16],[-120.13,47.15],[-120.14,47.15],[-120.13,47.14],[-120.12,47.14],[-120.12,47.13],[-120.14,47.13],[-120.13,47.11],[-120.14,47.1],[-120.15,47.1],[-120.15,47.09],[-120.14,47.09],[-120.14,47.08],[-120.14,47.06],[-120.15,47.05],[-120.15,47.03],[-120.14,47.03],[-120.14,47.02],[-120.14,47.01],[-120.14,47.0],[-120.13,46.99],[-120.14,46.98],[-120.15,46.99],[-120.16,46.98],[-120.16,46.97],[-120.17,46.97],[-120.18,46.97],[-120.18,46.96],[-120.2,46.96],[-120.21,46.97],[-120.22,46.97],[-120.23,46.98],[-120.24,46.98],[-120.25,46.98],[-120.26,46.99],[-120.27,47.0],[-120.28,47.0],[-120.28,47.01],[-120.29,47.01],[-120.29,47.02],[-120.29,47.03],[-120.3,47.03],[-120.3,47.04],[-120.31,47.05],[-120.32,47.05],[-120.32,47.06],[-120.33,47.07],[-120.34,47.08],[-120.35,47.08],[-120.36,47.08],[-120.37,47.08],[-120.38,47.08],[-120.39,47.08],[-120.39,47.09],[-120.41,47.09],[-120.42,47.09],[-120.42,47.1],[-120.43,47.1],[-120.44,47.1],[-120.44,47.11],[-120.45,47.1],[-120.46,47.1],[-120.47,47.11],[-120.48,47.11],[-120.49,47.1],[-120.5,47.11],[-120.51,47.11],[-120.51,47.12],[-120.52,47.12],[-120.55,47.12],[-120.56,47.13],[-120.6,47.13],[-120.62,47.13],[-120.63,47.14],[-120.64,47.14],[-120.67,47.14],[-120.68,47.15],[-120.69,47.15],[-120.71,47.16],[-120.73,47.16],[-120.74,47.15],[-120.75,47.14],[-120.76,47.13],[-120.76,47.14],[-120.78,47.14],[-120.8,47.14],[-120.81,47.14],[-120.81,47.12],[-120.8,47.11],[-120.8,47.1],[-120.8,47.09],[-120.81,47.08],[-120.8,47.08],[-120.79,47.08],[-120.78,47.08],[-120.77,47.07],[-120.76,47.07],[-120.75,47.07],[-120.74,47.07],[-120.73,47.06],[-120.73,47.05],[-120.72,47.05],[-120.71,47.04],[-120.71,47.03],[-120.71,47.02],[-120.7,47.01],[-120.69,47.01],[-120.68,47.0],[-120.68,46.99],[-120.68,46.97],[-120.68,46.96],[-120.67,46.96],[-120.66,46.96],[-120.66,46.95],[-120.64,46.95],[-120.63,46.95],[-120.62,46.95],[-120.61,46.94],[-120.6,46.94],[-120.6,46.93],[-120.59,46.93],[-120.58,46.92],[-120.58,46.91],[-120.58,46.9],[-120.59,46.89],[-120.6,46.89],[-120.6,46.88],[-120.59,46.88],[-120.59,46.87],[-120.58,46.87],[-120.57,46.87],[-120.58,46.86],[-120.57,46.86],[-120.55,46.86],[-120.53,46.86],[-120.53,46.85],[-120.52,46.85],[-120.51,46.85],[-120.51,46.84],[-120.5,46.84],[-120.49,46.84],[-120.48,46.84],[-120.48,46.83],[-120.48,46.82],[-120.5,46.81],[-120.53,46.81],[-120.56,46.81],[-120.57,46.8],[-120.58,46.8],[-120.59,46.8],[-120.6,46.8],[-120.61,46.8],[-120.62,46.81],[-120.62,46.79],[-120.63,46.79],[-120.63,46.8],[-120.65,46.8],[-120.65,46.79],[-120.64,46.76],[-120.65,46.75],[-120.66,46.74],[-120.68,46.73],[-120.7,46.74],[-120.76,46.75],[-120.78,46.75],[-120.79,46.74],[-120.8,46.73],[-120.8,46.72],[-120.81,46.71],[-120.8,46.7],[-120.79,46.7],[-120.78,46.69],[-120.78,46.68],[-120.77,46.68],[-120.76,46.68],[-120.76,46.67],[-120.75,46.66],[-120.74,46.66],[-120.74,46.65],[-120.74,46.64],[-120.72,46.63],[-120.71,46.63],[-120.69,46.62],[-120.68,46.61],[-120.69,46.6],[-120.7,46.6],[-120.71,46.61],[-120.74,46.61],[-120.75,46.61],[-120.77,46.61],[-120.77,46.59],[-120.78,46.58],[-120.78,46.56],[-120.78,46.55],[-120.79,46.55],[-120.8,46.53],[-120.81,46.54],[-120.81,46.53],[-120.81,46.52],[-120.79,46.51],[-120.78,46.51],[-120.76,46.52],[-120.75,46.51],[-120.69,46.51],[-120.68,46.5],[-120.67,46.5],[-120.65,46.5],[-120.65,46.48],[-120.67,46.48],[-120.68,46.49],[-120.71,46.49],[-120.71,46.48],[-120.79,46.48],[-120.79,46.47],[-120.81,46.47],[-120.85,46.47],[-120.87,46.46],[-120.88,46.45],[-120.87,46.42],[-120.88,46.42],[-120.88,46.41],[-120.88,46.39],[-120.9,46.38],[-120.9,46.36],[-120.95,46.33],[-120.99,46.31],[-121.01,46.28],[-121.04,46.27],[-121.06,46.26],[-121.08,46.24],[-121.09,46.21],[-121.12,46.2],[-121.15,46.2],[-121.15,46.19],[-121.16,46.19],[-121.18,46.19],[-121.21,46.19],[-121.23,46.18],[-121.24,46.18],[-121.25,46.18],[-121.28,46.17],[-121.28,46.14],[-121.29,46.12],[-121.27,46.1],[-121.27,46.09],[-121.26,46.08],[-121.26,46.07],[-121.25,46.06],[-121.24,46.06],[-121.24,46.05],[-121.23,46.04],[-121.22,46.04],[-121.2,46.03],[-121.18,46.04],[-121.16,46.03],[-121.16,46.02],[-121.15,46.01],[-121.15,46.0],[-121.14,46.0],[-121.14,45.99],[-121.13,45.99],[-121.12,45.98],[-121.12,45.97],[-121.11,45.97],[-121.1,45.97],[-121.1,45.96],[-121.11,45.95],[-121.11,45.94],[-121.13,45.94],[-121.13,45.93],[-121.12,45.92],[-121.11,45.92],[-121.1,45.92],[-121.1,45.93],[-121.09,45.93],[-121.09,45.92],[-121.1,45.91],[-121.1,45.9],[-121.11,45.9],[-121.12,45.89],[-121.11,45.88],[-121.1,45.88],[-121.1,45.87],[-121.09,45.86],[-121.08,45.85],[-121.09,45.84],[-121.09,45.83],[-121.1,45.83],[-121.11,45.83],[-121.12,45.83],[-121.12,45.82],[-121.13,45.82],[-121.14,45.82],[-121.15,45.82],[-121.16,45.82],[-121.17,45.81],[-121.18,45.81],[-121.19,45.8],[-121.19,45.79],[-121.2,45.78],[-121.21,45.78],[-121.22,45.78],[-121.22,45.77],[-121.22,45.76],[-121.22,45.75],[-121.23,45.75],[-121.23,45.74],[-121.24,45.74],[-121.24,45.73],[-121.26,45.73],[-121.27,45.72],[-121.27,45.73],[-121.3,45.73],[-121.32,45.73],[-121.33,45.73],[-121.34,45.73],[-121.36,45.73],[-121.37,45.73],[-121.38,45.72],[-121.39,45.71],[-121.4,45.71],[-121.41,45.71],[-121.42,45.71],[-121.42,45.7],[-121.43,45.71],[-121.44,45.71],[-121.45,45.71],[-121.45,45.72],[-121.46,45.72],[-121.47,45.73],[-121.47,45.74],[-121.47,45.75],[-121.48,45.75],[-121.49,45.75],[-121.5,45.75],[-121.51,45.75],[-121.51,45.76],[-121.52,45.76],[-121.52,45.77],[-121.51,45.77],[-121.5,45.78],[-121.49,45.79],[-121.47,45.79],[-121.46,45.78],[-121.45,45.79],[-121.46,45.8],[-121.46,45.81],[-121.45,45.81],[-121.44,45.82],[-121.45,45.82],[-121.46,45.83],[-121.47,45.83],[-121.48,45.84],[-121.49,45.84],[-121.49,45.85],[-121.5,45.85],[-121.51,45.85],[-121.52,45.85],[-121.51,45.84],[-121.51,45.83]]]]}},
{"type":"Feature","properties":{"ugc":"WAZ521","name":"Simcoe Highlands","state":"WA","wfo":"PDT"},"geometry":{"type":"MultiPolygon","coordinates":[[[[-121.24,45.71],[-121.24,45.72],[-121.23,45.72],[-121.23,45.73],[-121.22,45.73],[-121.22,45.74],[-121.21,45.74],[-121.21,45.75],[-121.2,45.75],[-121.2,45.76],[-121.2,45.77],[-121.2,45.78],[-121.19,45.79],[-121.19,45.8],[-121.18,45.81],[-121.17,45.81],[-121.16,45.82],[-121.15,45.82],[-121.14,45.82],[-121.13,45.82],[-121.12,45.82],[-121.12,45.83],[-121.11,45.83],[-121.1,45.83],[-121.09,45.83],[-121.09,45.84],[-121.08,45.85],[-121.09,45.86],[-121.1,45.87],[-121.1,45.88],[-121.11,45.88],[-121.12,45.89],[-121.11,45.9],[-121.1,45.9],[-121.1,45.91],[-121.09,45.92],[-121.09,45.93],[-121.1,45.93],[-121.1,45.92],[-121.11,45.92],[-121.12,45.92],[-121.13,45.93],[-121.13,45.94],[-121.11,45.94],[-121.11,45.95],[-121.1,45.96],[-121.1,45.97],[-121.11,45.97],[-121.12,45.97],[-121.12,45.98],[-121.13,45.99],[-121.14,45.99],[-121.14,46.0],[-121.15,46.0],[-121.15,46.01],[-121.16,46.02],[-121.16,46.03],[-121.18,46.04],[-121.2,46.03],[-121.22,46.04],[-121.23,46.04],[-121.24,46.05],[-121.24,46.06],[-121.25,46.06],[-121.26,46.07],[-121.26,46.08],[-121.27,46.09],[-121.27,46.1],[-121.29,46.12],[-121.28,46.14],[-121.28,46.17],[-121.25,46.18],[-121.24,46.18],[-121.23,46.18],[-121.21,46.19],[-121.18,46.19],[-121.16,46.19],[-121.15,46.19],[-121.15,46.2],[-121.12,46.2],[-121.09,46.21],[-121.08,46.24],[-121.06,46.26],[-121.04,46.27],[-121.01,46.28],[-120.99,46.31],[-120.95,46.33],[-120.9,46.36],[-120.89,46.36],[-120.88,46.36],[-120.87,46.36],[-120.86,46.34],[-120.88,46.34],[-120.88,46.33],[-120.87,46.33],[-120.86,46.31],[-120.84,46.31],[-120.83,46.3],[-120.84,46.28],[-120.82,46.27],[-120.8,46.28],[-120.77,46.28],[-120.76,46.27],[-120.75,46.26],[-120.74,46.28],[-120.71,46.27],[-120.7,46.27],[-120.68,46.28],[-120.63,46.28],[-120.6,46.27],[-120.59,46.28],[-120.53,46.28],[-120.56,46.27],[-120.56,46.25],[-120.58,46.24],[-120.59,46.23],[-120.61,46.22],[-120.61,46.21],[-120.6,46.19],[-120.58,46.21],[-120.55,46.21],[-120.55,46.2],[-120.58,46.19],[-120.58,46.18],[-120.58,46.17],[-120.56,46.18],[-120.55,46.17],[-120.55,46.16],[-120.52,46.16],[-120.51,46.14],[-120.52,46.13],[-120.53,46.12],[-120.54,46.1],[-120.53,46.09],[-120.51,46.09],[-120.51,46.11],[-120.49,46.12],[-120.48,46.13],[-120.47,46.13],[-120.47,46.15],[-120.46,46.16],[-120.44,46.16],[-120.43,46.15],[-120.42,46.17],[-120.41,46.17],[-120.39,46.17],[-120.38,46.16],[-120.36,46.16],[-120.35,46.16],[-120.34,46.15],[-120.32,46.15],[-120.31,46.14],[-120.3,46.13],[-120.29,46.13],[-120.29,46.12],[-120.28,46.11],[-120.27,46.09],[-120.25,46.09],[-120.25,46.08],[-120.23,46.09],[-120.22,46.1],[-120.17,46.1],[-120.16,46.11],[-120.13,46.11],[-120.12,46.11],[-120.1,46.11],[-120.08,46.11],[-120.07,46.12],[-120.04,46.11],[-120.03,46.1],[-120.02,46.09],[-119.97,46.1],[-119.93,46.09],[-119.91,46.08],[-119.9,46.07],[-119.88,46.06],[-119.87,46.06],[-119.87,46.05],[-119.87,46.0],[-119.87,45.99],[-119.88,45.98],[-119.9,45.96],[-119.93,45.93],[-119.96,45.91],[-119.99,45.89],[-120.0,45.87],[-119.99,45.86],[-119.96,45.85],[-119.95,45.84],[-119.97,45.84],[-119.98,45.84],[-120.0,45.83],[-120.01,45.83],[-120.03,45.83],[-120.03,45.82],[-120.04,45.82],[-120.05,45.82],[-120.05,45.81],[-120.06,45.81],[-120.07,45.81],[-120.08,45.81],[-120.09,45.82],[-120.1,45.82],[-120.11,45.82],[-120.12,45.82],[-120.12,45.81],[-120.11,45.8],[-120.1,45.79],[-120.11,45.79],[-120.13,45.79],[-120.14,45.79],[-120.16,45.78],[-120.17,45.78],[-120.17,45.77],[-120.18,45.77],[-120.19,45.77],[-120.2,45.77],[-120.21,45.78],[-120.21,45.77],[-120.22,45.76],[-120.23,45.75],[-120.24,45.75],[-120.25,45.75],[-120.26,45.75],[-120.27,45.75],[-120.28,45.75],[-120.28,45.76],[-120.29,45.76],[-120.3,45.76],[-120.3,45.77],[-120.31,45.77],[-120.32,45.76],[-120.31,45.76],[-120.32,45.75],[-120.33,45.76],[-120.34,45.76],[-120.35,45.76],[-120.36,45.76],[-120.37,45.76],[-120.35,45.75],[-120.35,45.74],[-120.36,45.73],[-120.37,45.72],[-120.38,45.72],[-120.39,45.72],[-120.4,45.72],[-120.41,45.72],[-120.42,45.72],[-120.43,45.71],[-120.44,45.71],[-120.45,45.71],[-120.45,45.72],[-120.44,45.72],[-120.43,45.72],[-120.42,45.73],[-120.42,45.74],[-120.42,45.75],[-120.43,45.75],[-120.43,45.76],[-120.44,45.76],[-120.45,45.76],[-120.45,45.75],[-120.44,45.75],[-120.44,45.74],[-120.45,45.74],[-120.45,45.73],[-120.46,45.73],[-120.48,45.72],[-120.49,45.72],[-120.5,45.72],[-120.5,45.73],[-120.51,45.73],[-120.52,45.74],[-120.52,45.75],[-120.53,45.74],[-120.54,45.74],[-120.54,45.75],[-120.55,45.75],[-120.56,45.76],[-120.58,45.76],[-120.59,45.76],[-120.6,45.76],[-120.61,45.76],[-120.63,45.76],[-120.64,45.76],[-120.66,45.75],[-120.67,45.75],[-120.68,45.75],[-120.68,45.74],[-120.69,45.74],[-120.7,45.74],[-120.71,45.74],[-120.72,45.73],[-120.73,45.72],[-120.74,45.72],[-120.75,45.72],[-120.76,45.71],[-120.77,45.71],[-120.78,45.72],[-120.79,45.72],[-120.8,45.71],[-120.81,45.71],[-120.82,45.71],[-120.83,45.7],[-120.85,45.69],[-120.86,45.69],[-120.87,45.68],[-120.88,45.68],[-120.89,45.67],[-120.9,45.67],[-120.91,45.67],[-120.93,45.67],[-120.94,45.67],[-120.95,45.67],[-120.96,45.67],[-120.97,45.67],[-120.98,45.67],[-120.99,45.67],[-121.01,45.67],[-121.02,45.67],[-121.03,45.67],[-121.04,45.67],[-121.05,45.67],[-121.06,45.67],[-121.07,45.67],[-121.08,45.67],[-121.09,45.67],[-121.09,45.66],[-121.1,45.66],[-121.11,45.66],[-121.12,45.66],[-121.12,45.67],[-121.13,45.67],[-121.13,45.66],[-121.14,45.67],[-121.15,45.67],[-121.16,45.66],[-121.17,45.66],[-121.18,45.67],[-121.19,45.67],[-121.2,45.67],[-121.21,45.68],[-121.23,45.68],[-121.23,45.69],[-121.24,45.69],[-121.25,45.69],[-121.26,45.69],[-121.27,45.69],[-121.26,45.7],[-121.25,45.7],[-121.24,45.71]]]]}},
{"type":"Feature","properties":{"ugc":"WAZ522","name":"Upper Slopes of the Eastern Washington Cascades Crest","state":"WA","wfo":"PDT"},"geometry":{"type":"MultiPolygon","coordinates":[[[[-121.45,46.96],[-121.45,46.97],[-121.44,46.97],[-121.45,46.98],[-121.44,46.98],[-121.43,46.98],[-121.43,46.99],[-121.42,46.99],[-121.41,47.0],[-121.41,47.01],[-121.4,47.01],[-121.4,47.02],[-121.4,47.03],[-121.4,47.04],[-121.39,47.04],[-121.39,47.05],[-121.38,47.05],[-121.37,47.06],[-121.38,47.06],[-121.38,47.07],[-121.38,47.08],[-121.38,47.09],[-121.38,47.1],[-121.39,47.09],[-121.4,47.09],[-121.4,47.1],[-121.4,47.11],[-121.41,47.12],[-121.4,47.12],[-121.4,47.13],[-121.39,47.13],[-121.38,47.14],[-121.37,47.14],[-121.36,47.14],[-121.35,47.14],[-121.34,47.14],[-121.33,47.13],[-121.32,47.14],[-121.32,47.13],[-121.31,47.13],[-121.31,47.14],[-121.3,47.14],[-121.3,47.15],[-121.3,47.16],[-121.31,47.16],[-121.31,47.17],[-121.32,47.17],[-121.31,47.18],[-121.31,47.19],[-121.31,47.2],[-121.31,47.21],[-121.32,47.21],[-121.32,47.22],[-121.33,47.22],[-121.34,47.22],[-121.35,47.22],[-121.36,47.22],[-121.36,47.23],[-121.36,47.24],[-121.35,47.24],[-121.35,47.25],[-121.34,47.25],[-121.33,47.25],[-121.33,47.26],[-121.34,47.27],[-121.34,47.28],[-121.35,47.28],[-121.36,47.28],[-121.36,47.29],[-121.37,47.29],[-121.38,47.29],[-121.39,47.29],[-121.4,47.29],[-121.41,47.29],[-121.42,47.29],[-121.43,47.29],[-121.43,47.3],[-121.44,47.31],[-121.45,47.31],[-121.44,47.32],[-121.43,47.32],[-121.43,47.33],[-121.43,47.34],[-121.44,47.34],[-121.45,47.34],[-121.45,47.35],[-121.46,47.35],[-121.46,47.36],[-121.47,47.37],[-121.46,47.37],[-121.45,47.37],[-121.44,47.37],[-121.44,47.38],[-121.44,47.39],[-121.43,47.39],[-121.43,47.4],[-121.42,47.41],[-121.43,47.42],[-121.42,47.42],[-121.41,47.42],[-121.41,47.43],[-121.4,47.43],[-121.39,47.43],[-121.38,47.43],[-121.38,47.44],[-121.39,47.45],[-121.38,47.45],[-121.38,47.46],[-121.37,47.46],[-121.36,47.46],[-121.36,47.47],[-121.35,47.46],[-121.35,47.47],[-121.34,47.47],[-121.34,47.48],[-121.33,47.47],[-121.33,47.48],[-121.32,47.48],[-121.31,47.48],[-121.3,47.49],[-121.3,47.5],[-121.29,47.5],[-121.29,47.51],[-121.28,47.51],[-121.28,47.52],[-121.27,47.52],[-121.26,47.52],[-121.26,47.53],[-121.25,47.53],[-121.25,47.54],[-121.24,47.54],[-121.24,47.55],[-121.23,47.55],[-121.23,47.56],[-121.23,47.57],[-121.22,47.57],[-121.21,47.57],[-121.2,47.57],[-121.19,47.57],[-121.18,47.57],[-121.17,47.57],[-121.17,47.58],[-121.17,47.59],[-121.16,47.59],[-121.15,47.59],[-121.14,47.59],[-121.14,47.6],[-121.13,47.6],[-121.13,47.59],[-121.12,47.59],[-121.12,47.6],[-121.11,47.6],[-121.11,47.59],[-121.1,47.59],[-121.09,47.59],[-121.09,47.58],[-121.09,47.57],[-121.08,47.56],[-121.08,47.55],[-121.07,47.55],[-121.06,47.54],[-121.05,47.54],[-121.05,47.53],[-121.04,47.54],[-121.03,47.53],[-121.02,47.52],[-121.01,47.52],[-121.0,47.52],[-120.99,47.51],[-120.99,47.5],[-120.98,47.49],[-120.97,47.49],[-120.96,47.48],[-120.95,47.48],[-120.95,47.47],[-120.95,47.46],[-120.93,47.46],[-120.93,47.45],[-120.92,47.45],[-120.92,47.44],[-120.92,47.43],[-120.91,47.43],[-120.9,47.43],[-120.89,47.43],[-120.89,47.42],[-120.88,47.42],[-120.87,47.42],[-120.86,47.42],[-120.85,47.42],[-120.85,47.41],[-120.84,47.41],[-120.84,47.42],[-120.83,47.42],[-120.83,47.4],[-120.85,47.37],[-120.87,47.34],[-120.91,47.32],[-120.95,47.3],[-121.0,47.3],[-121.07,47.27],[-121.12,47.18],[-121.16,47.08],[-121.17,47.0],[-121.15,46.95],[-121.13,46.89],[-121.11,46.81],[-121.11,46.73],[-121.15,46.66],[-121.22,46.61],[-121.26,46.55],[-121.26,46.48],[-121.28,46.41],[-121.31,46.37],[-121.36,46.35],[-121.38,46.31],[-121.38,46.27],[-121.37,46.24],[-121.35,46.19],[-121.34,46.15],[-121.35,46.1],[-121.37,46.06],[-121.39,46.04],[-121.43,46.03],[-121.49,46.03],[-121.52,46.04],[-121.52,46.05],[-121.52,46.08],[-121.52,46.39],[-121.5,46.39],[-121.49,46.39],[-121.46,46.39],[-121.45,46.39],[-121.4,46.39],[-121.39,46.39],[-121.39,46.4],[-121.39,46.41],[-121.39,46.42],[-121.4,46.42],[-121.4,46.43],[-121.41,46.43],[-121.41,46.44],[-121.41,46.45],[-121.41,46.46],[-121.42,46.46],[-121.43,46.47],[-121.44,46.48],[-121.43,46.48],[-121.43,46.49],[-121.42,46.49],[-121.43,46.5],[-121.44,46.5],[-121.45,46.5],[-121.45,46.51],[-121.46,46.52],[-121.45,46.52],[-121.45,46.53],[-121.44,46.54],[-121.43,46.54],[-121.42,46.54],[-121.42,46.55],[-121.42,46.56],[-121.42,46.57],[-121.42,46.58],[-121.41,46.58],[-121.4,46.59],[-121.4,46.6],[-121.41,46.6],[-121.4,46.61],[-121.39,46.62],[-121.39,46.63],[-121.39,46.64],[-121.4,46.64],[-121.4,46.65],[-121.41,46.65],[-121.42,46.65],[-121.42,46.66],[-121.41,46.66],[-121.41,46.67],[-121.41,46.68],[-121.4,46.69],[-121.39,46.69],[-121.38,46.69],[-121.38,46.7],[-121.37,46.71],[-121.36,46.71],[-121.35,46.71],[-121.36,46.72],[-121.37,46.73],[-121.38,46.73],[-121.39,46.73],[-121.4,46.73],[-121.41,46.73],[-121.41,46.74],[-121.42,46.74],[-121.43,46.74],[-121.43,46.75],[-121.42,46.75],[-121.43,46.76],[-121.44,46.76],[-121.44,46.77],[-121.45,46.77],[-121.45,46.78],[-121.46,46.78],[-121.46,46.79],[-121.45,46.79],[-121.44,46.79],[-121.45,46.8],[-121.46,46.81],[-121.47,46.82],[-121.47,46.83],[-121.48,46.83],[-121.48,46.84],[-121.49,46.84],[-121.49,46.85],[-121.5,46.86],[-121.51,46.86],[-121.51,46.87],[-121.52,46.87],[-121.52,46.88],[-121.51,46.88],[-121.51,46.89],[-121.51,46.9],[-121.5,46.9],[-121.5,46.91],[-121.49,46.91],[-121.48,46.91],[-121.47,46.92],[-121.46,46.92],[-121.46,46.93],[-121.45,46.93],[-121.45,46.94],[-121.45,46.95],[-121.45,46.96]]]]}},
{"type":"Feature","properties":{"ugc":"WAZ523","name":"Lower Slopes of the Eastern Washington Cascades Crest","state":"WA","wfo":"PDT"},"geometry":{"type":"MultiPolygon","coordinates":[[[[-121.52,46.04],[-121.49,46.03],[-121.43,46.03],[-121.39,46.04],[-121.37,46.06],[-121.35,46.1],[-121.34,46.15],[-121.35,46.19],[-121.37,46.24],[-121.38,46.27],[-121.38,46.31],[-121.36,46.35],[-121.31,46.37],[-121.28,46.41],[-121.26,46.48],[-121.26,46.55],[-121.22,46.61],[-121.15,46.66],[-121.11,46.73],[-121.11,46.81],[-121.13,46.89],[-121.15,46.95],[-121.17,47.0],[-121.16,47.08],[-121.12,47.18],[-121.07,47.27],[-121.0,47.3],[-120.95,47.3],[-120.91,47.32],[-120.87,47.34],[-120.85,47.37],[-120.83,47.4],[-120.83,47.42],[-120.82,47.42],[-120.81,47.42],[-120.8,47.42],[-120.79,47.41],[-120.79,47.4],[-120.78,47.4],[-120.77,47.4],[-120.76,47.4],[-120.75,47.39],[-120.74,47.39],[-120.73,47.39],[-120.73,47.38],[-120.72,47.38],[-120.72,47.37],[-120.71,47.37],[-120.7,47.37],[-120.7,47.36],[-120.69,47.36],[-120.68,47.35],[-120.67,47.35],[-120.67,47.34],[-120.66,47.34],[-120.65,47.34],[-120.64,47.34],[-120.63,47.34],[-120.62,47.34],[-120.62,47.35],[-120.61,47.34],[-120.6,47.34],[-120.59,47.34],[-120.58,47.34],[-120.58,47.33],[-120.57,47.32],[-120.57,47.31],[-120.56,47.31],[-120.55,47.31],[-120.54,47.31],[-120.53,47.32],[-120.53,47.33],[-120.52,47.33],[-120.52,47.32],[-120.51,47.32],[-120.5,47.32],[-120.49,47.31],[-120.48,47.31],[-120.47,47.31],[-120.47,47.3],[-120.46,47.3],[-120.45,47.3],[-120.45,47.29],[-120.44,47.28],[-120.43,47.28],[-120.43,47.27],[-120.42,47.27],[-120.4,47.27],[-120.39,47.27],[-120.39,47.26],[-120.38,47.26],[-120.34,47.26],[-120.3,47.26],[-120.27,47.26],[-120.26,47.26],[-120.24,47.26],[-120.14,47.26],[-120.14,47.25],[-120.14,47.23],[-120.15,47.23],[-120.15,47.22],[-120.15,47.21],[-120.16,47.21],[-120.15,47.2],[-120.14,47.2],[-120.14,47.19],[-120.14,47.18],[-120.14,47.17],[-120.14,47.16],[-120.13,47.16],[-120.13,47.15],[-120.14,47.15],[-120.13,47.14],[-120.12,47.14],[-120.12,47.13],[-120.14,47.13],[-120.13,47.11],[-120.14,47.1],[-120.15,47.1],[-120.15,47.09],[-120.14,47.09],[-120.14,47.08],[-120.14,47.06],[-120.15,47.05],[-120.15,47.03],[-120.14,47.03],[-120.14,47.02],[-120.14,47.01],[-120.14,47.0],[-120.13,46.99],[-120.14,46.98],[-120.15,46.99],[-120.16,46.98],[-120.16,46.97],[-120.17,46.97],[-120.18,46.97],[-120.18,46.96],[-120.2,46.96],[-120.21,46.97],[-120.22,46.97],[-120.23,46.98],[-120.24,46.98],[-120.25,46.98],[-120.26,46.99],[-120.27,47.0],[-120.28,47.0],[-120.28,47.01],[-120.29,47.01],[-120.29,47.02],[-120.29,47.03],[-120.3,47.03],[-120.3,47.04],[-120.31,47.05],[-120.32,47.05],[-120.32,47.06],[-120.33,47.07],[-120.34,47.08],[-120.35,47.08],[-120.36,47.08],[-120.37,47.08],[-120.38,47.08],[-120.39,47.08],[-120.39,47.09],[-120.41,47.09],[-120.42,47.09],[-120.42,47.1],[-120.43,47.1],[-120.44,47.1],[-120.44,47.11],[-120.45,47.1],[-120.46,47.1],[-120.47,47.11],[-120.48,47.11],[-120.49,47.1],[-120.5,47.11],[-120.51,47.11],[-120.51,47.12],[-120.52,47.12],[-120.55,47.12],[-120.56,47.13],[-120.6,47.13],[-120.62,47.13],[-120.63,47.14],[-120.64,47.14],[-120.67,47.14],[-120.68,47.15],[-120.69,47.15],[-120.71,47.16],[-120.73,47.16],[-120.74,47.15],[-120.75,47.14],[-120.76,47.13],[-120.76,47.14],[-120.78,47.14],[-120.8,47.14],[-120.81,47.14],[-120.81,47.12],[-120.8,47.11],[-120.8,47.1],[-120.8,47.09],[-120.81,47.08],[-120.8,47.08],[-120.79,47.08],[-120.78,47.08],[-120.77,47.07],[-120.76,47.07],[-120.75,47.07],[-120.74,47.07],[-120.73,47.06],[-120.73,47.05],[-120.72,47.05],[-120.71,47.04],[-120.71,47.03],[-120.71,47.02],[-120.7,47.01],[-120.69,47.01],[-120.68,47.0],[-120.68,46.99],[-120.68,46.97],[-120.68,46.96],[-120.67,46.96],[-120.66,46.96],[-120.66,46.95],[-120.64,46.95],[-120.63,46.95],[-120.62,46.95],[-120.61,46.94],[-120.6,46.94],[-120.6,46.93],[-120.59,46.93],[-120.58,46.92],[-120.58,46.91],[-120.58,46.9],[-120.59,46.89],[-120.6,46.89],[-120.6,46.88],[-120.59,46.88],[-120.59,46.87],[-120.58,46.87],[-120.57,46.87],[-120.58,46.86],[-120.57,46.86],[-120.55,46.86],[-120.53,46.86],[-120.53,46.85],[-120.52,46.85],[-120.51,46.85],[-120.51,46.84],[-120.5,46.84],[-120.49,46.84],[-120.48,46.84],[-120.48,46.83],[-120.48,46.82],[-120.5,46.81],[-120.53,46.81],[-120.56,46.81],[-120.57,46.8],[-120.58,46.8],[-120.59,46.8],[-120.6,46.8],[-120.61,46.8],[-120.62,46.81],[-120.62,46.79],[-120.63,46.79],[-120.63,46.8],[-120.65,46.8],[-120.65,46.79],[-120.64,46.76],[-120.65,46.75],[-120.66,46.74],[-120.68,46.73],[-120.7,46.74],[-120.76,46.75],[-120.78,46.75],[-120.79,46.74],[-120.8,46.73],[-120.8,46.72],[-120.81,46.71],[-120.8,46.7],[-120.79,46.7],[-120.78,46.69],[-120.78,46.68],[-120.77,46.68],[-120.76,46.68],[-120.76,46.67],[-120.75,46.66],[-120.74,46.66],[-120.74,46.65],[-120.74,46.64],[-120.72,46.63],[-120.71,46.63],[-120.69,46.62],[-120.68,46.61],[-120.69,46.6],[-120.7,46.6],[-120.71,46.61],[-120.74,46.61],[-120.75,46.61],[-120.77,46.61],[-120.77,46.59],[-120.78,46.58],[-120.78,46.56],[-120.78,46.55],[-120.79,46.55],[-120.8,46.53],[-120.81,46.54],[-120.81,46.53],[-120.81,46.52],[-120.79,46.51],[-120.78,46.51],[-120.76,46.52],[-120.75,46.51],[-120.69,46.51],[-120.68,46.5],[-120.67,46.5],[-120.65,46.5],[-120.65,46.48],[-120.67,46.48],[-120.68,46.49],[-120.71,46.49],[-120.71,46.48],[-120.79,46.48],[-120.79,46.47],[-120.81,46.47],[-120.85,46.47],[-120.87,46.46],[-120.88,46.45],[-120.87,46.42],[-120.88,46.42],[-120.88,46.41],[-120.88,46.39],[-120.9,46.38],[-120.9,46.36],[-120.95,46.33],[-120.99,46.31],[-121.01,46.28],[-121.04,46.27],[-121.06,46.26],[-121.08,46.24],[-121.09,46.21],[-121.12,46.2],[-121.15,46.2],[-121.15,46.19],[-121.16,46.19],[-121.18,46.19],[-121.21,46.19],[-121.23,46.18],[-121.24,46.18],[-121.25,46.18],[-121.28,46.17],[-121.28,46.14],[-121.29,46.12],[-121.27,46.1],[-121.27,46.09],[-121.26,46.08],[-121.26,46.07],[-121.25,46.06],[-121.24,46.06],[-121.24,46.05],[-121.23,46.04],[-121.22,46.04],[-121.2,46.03],[-121.18,46.04],[-121.16,46.03],[-121.16,46.02],[-121.15,46.01],[-121.15,46.0],[-121.14,46.0],[-121.14,45.99],[-121.13,45.99],[-121.12,45.98],[-121.12,45.97],[-121.11,45.97],[-121.1,45.97],[-121.1,45.96],[-121.11,45.95],[-121.11,45.94],[-121.13,45.94],[-121.13,45.93],[-121.12,45.92],[-121.11,45.92],[-121.1,45.92],[-121.1,45.93],[-121.09,45.93],[-121.09,45.92],[-121.1,45.91],[-121.1,45.9],[-121.11,45.9],[-121.12,45.89],[-121.11,45.88],[-121.1,45.88],[-121.1,45.87],[-121.09,45.86],[-121.08,45.85],[-121.09,45.84],[-121.09,45.83],[-121.1,45.83],[-121.11,45.83],[-121.12,45.83],[-121.12,45.82],[-121.13,45.82],[-121.14,45.82],[-121.15,45.82],[-121.16,45.82],[-121.17,45.81],[-121.18,45.81],[-121.19,45.8],[-121.19,45.79],[-121.2,45.78],[-121.21,45.78],[-121.22,45.78],[-121.22,45.77],[-121.22,45.76],[-121.22,45.75],[-121.23,45.75],[-121.23,45.74],[-121.24,45.74],[-121.24,45.73],[-121.26,45.73],[-121.27,45.72],[-121.27,45.73],[-121.3,45.73],[-121.32,45.73],[-121.33,45.73],[-121.34,45.73],[-121.36,45.73],[-121.37,45.73],[-121.38,45.72],[-121.39,45.71],[-121.4,45.71],[-121.41,45.71],[-121.42,45.71],[-121.42,45.7],[-121.43,45.71],[-121.44,45.71],[-121.45,45.71],[-121.45,45.72],[-121.46,45.72],[-121.47,45.73],[-121.47,45.74],[-121.47,45.75],[-121.48,45.75],[-121.49,45.75],[-121.5,45.75],[-121.51,45.75],[-121.51,45.76],[-121.52,45.76],[-121.52,45.77],[-121.51,45.77],[-121.5,45.78],[-121.49,45.79],[-121.47,45.79],[-121.46,45.78],[-121.45,45.79],[-121.46,45.8],[-121.46,45.81],[-121.45,45.81],[-121.44,45.82],[-121.45,45.82],[-121.46,45.83],[-121.47,45.83],[-121.48,45.84],[-121.49,45.84],[-121.49,45.85],[-121.5,45.85],[-121.51,45.85],[-121.52,45.85],[-121.51,45.84],[-121.51,45.83],[-121.51,45.82],[-121.52,45.81],[-121.53,45.8],[-121.53,45.79],[-121.52,45.78],[-121.57,45.78],[-121.6,45.78],[-121.61,45.78],[-121.61,45.87],[-121.61,45.94],[-121.61,45.95],[-121.61,45.96],[-121.61,46.0],[-121.61,46.04],[-121.6,46.04],[-121.57,46.04],[-121.54,46.04],[-121.52,46.04]]]]}},
{"type":"Feature","properties":{"ugc":"WAZ555","name":"East Puget Sound Lowlands","state":"WA","wfo":"SEW"},"geometry":{"type":"MultiPolygon","coordinates":[[[[-122.37,46.84],[-122.38,46.84],[-122.39,46.84],[-122.39,46.85],[-122.4,46.84],[-122.41,46.84],[-122.41,46.85],[-122.42,46.85],[-122.43,46.85],[-122.44,46.85],[-122.45,46.86],[-122.45,46.85],[-122.46,46.86],[-122.46,46.87],[-122.47,46.86],[-122.48,46.86],[-122.48,46.87],[-122.49,46.87],[-122.49,46.88],[-122.49,46.89],[-122.5,46.9],[-122.49,46.91],[-122.5,46.91],[-122.51,46.91],[-122.51,46.92],[-122.52,46.92],[-122.53,46.92],[-122.53,46.93],[-122.54,46.93],[-122.55,46.93],[-122.56,46.93],[-122.21,47.09],[-122.2,47.26],[-122.19,47.26],[-122.17,47.26],[-122.16,47.26],[-122.15,47.26],[-122.15,47.42],[-122.14,47.42],[-122.14,47.44],[-122.12,47.44],[-122.11,47.43],[-122.1,47.42],[-122.1,47.45],[-122.11,47.45],[-122.12,47.45],[-122.12,47.46],[-122.14,47.47],[-122.13,47.47],[-122.12,47.47],[-122.11,47.47],[-122.1,47.47],[-122.1,47.48],[-122.12,47.49],[-122.13,47.5],[-122.14,47.5],[-122.14,47.52],[-122.13,47.53],[-122.11,47.54],[-122.08,47.54],[-122.08,47.52],[-122.03,47.51],[-122.02,47.51],[-122.02,47.52],[-122.01,47.52],[-121.99,47.52],[-121.99,47.53],[-122.01,47.54],[-122.0,47.54],[-121.99,47.54],[-121.99,47.55],[-121.99,47.56],[-122.0,47.56],[-122.0,47.55],[-122.01,47.55],[-122.02,47.55],[-122.01,47.56],[-122.0,47.57],[-121.99,47.57],[-121.98,47.58],[-121.97,47.58],[-121.96,47.58],[-121.95,47.58],[-121.94,47.58],[-121.97,47.6],[-121.99,47.61],[-122.0,47.62],[-122.01,47.64],[-122.05,47.64],[-122.06,47.65],[-122.08,47.65],[-122.09,47.66],[-122.08,47.66],[-122.1,47.73],[-122.11,47.73],[-122.11,47.71],[-122.12,47.71],[-122.13,47.71],[-122.15,47.71],[-122.14,47.73],[-122.16,47.75],[-122.13,47.75],[-122.11,47.76],[-122.11,47.78],[-122.11,47.92],[-122.11,47.93],[-122.1,47.93],[-122.1,47.94],[-122.1,47.95],[-122.1,47.97],[-122.1,47.98],[-122.11,47.99],[-122.11,48.0],[-122.11,48.02],[-122.11,48.03],[-122.11,48.05],[-122.11,48.09],[-122.11,48.12],[-122.11,48.14],[-122.11,48.15],[-122.11,48.16],[-122.12,48.17],[-122.13,48.18],[-122.13,48.19],[-122.13,48.2],[-122.13,48.21],[-122.13,48.22],[-122.14,48.22],[-122.15,48.23],[-122.16,48.23],[-122.16,48.24],[-122.16,48.25],[-122.17,48.25],[-122.17,48.26],[-122.17,48.27],[-122.18,48.27],[-122.18,48.28],[-122.19,48.29],[-122.2,48.3],[-122.18,48.3],[-122.14,48.3],[-122.13,48.3],[-122.11,48.3],[-122.09,48.29],[-122.03,48.29],[-122.02,48.29],[-122.01,48.27],[-122.0,48.27],[-122.0,48.26],[-122.01,48.26],[-122.01,48.25],[-122.01,48.24],[-122.02,48.24],[-122.03,48.24],[-122.03,48.23],[-122.03,48.22],[-122.02,48.22],[-122.01,48.22],[-122.0,48.22],[-121.98,48.21],[-121.98,48.2],[-121.98,48.19],[-121.98,48.18],[-121.99,48.18],[-121.99,48.17],[-121.99,48.16],[-121.99,48.15],[-122.0,48.15],[-122.0,48.14],[-121.99,48.13],[-121.98,48.13],[-121.97,48.13],[-121.96,48.13],[-121.95,48.13],[-121.93,48.14],[-121.91,48.14],[-121.89,48.14],[-121.88,48.14],[-121.87,48.13],[-121.86,48.12],[-121.85,48.1],[-121.85,48.09],[-121.85,48.07],[-121.86,48.06],[-121.86,48.04],[-121.85,48.04],[-121.85,48.03],[-121.85,48.02],[-121.85,48.01],[-121.84,48.0],[-121.84,47.99],[-121.84,47.98],[-121.83,47.98],[-121.82,47.97],[-121.81,47.97],[-121.8,47.97],[-121.79,47.97],[-121.79,47.98],[-121.78,47.96],[-121.77,47.96],[-121.77,47.95],[-121.76,47.95],[-121.75,47.95],[-121.75,47.94],[-121.74,47.94],[-121.73,47.93],[-121.72,47.93],[-121.73,47.94],[-121.72,47.94],[-121.71,47.94],[-121.71,47.95],[-121.7,47.95],[-121.69,47.95],[-121.69,47.94],[-121.7,47.94],[-121.7,47.93],[-121.7,47.92],[-121.7,47.91],[-121.69,47.91],[-121.69,47.9],[-121.68,47.9],[-121.67,47.89],[-121.67,47.88],[-121.66,47.89],[-121.65,47.89],[-121.65,47.88],[-121.64,47.87],[-121.63,47.86],[-121.62,47.86],[-121.61,47.85],[-121.6,47.85],[-121.6,47.84],[-121.59,47.84],[-121.59,47.83],[-121.58,47.83],[-121.58,47.82],[-121.57,47.82],[-121.56,47.82],[-121.55,47.82],[-121.55,47.81],[-121.55,47.8],[-121.56,47.79],[-121.57,47.79],[-121.58,47.79],[-121.59,47.79],[-121.6,47.79],[-121.6,47.8],[-121.61,47.81],[-121.62,47.81],[-121.63,47.81],[-121.64,47.81],[-121.64,47.8],[-121.65,47.8],[-121.66,47.81],[-121.66,47.82],[-121.67,47.83],[-121.68,47.83],[-121.69,47.83],[-121.7,47.83],[-121.71,47.83],[-121.72,47.83],[-121.73,47.83],[-121.74,47.83],[-121.75,47.83],[-121.75,47.82],[-121.76,47.82],[-121.77,47.81],[-121.78,47.81],[-121.79,47.81],[-121.79,47.8],[-121.79,47.79],[-121.8,47.79],[-121.8,47.78],[-121.81,47.78],[-121.81,47.77],[-121.81,47.76],[-121.8,47.76],[-121.8,47.75],[-121.79,47.74],[-121.78,47.73],[-121.77,47.73],[-121.75,47.73],[-121.74,47.72],[-121.73,47.71],[-121.73,47.7],[-121.73,47.69],[-121.74,47.68],[-121.74,47.66],[-121.73,47.65],[-121.72,47.65],[-121.71,47.65],[-121.7,47.64],[-121.7,47.63],[-121.7,47.62],[-121.7,47.61],[-121.71,47.6],[-121.71,47.59],[-121.71,47.58],[-121.7,47.58],[-121.7,47.57],[-121.7,47.56],[-121.7,47.55],[-121.71,47.55],[-121.71,47.54],[-121.72,47.54],[-121.73,47.53],[-121.74,47.53],[-121.75,47.52],[-121.75,47.51],[-121.75,47.5],[-121.74,47.49],[-121.73,47.49],[-121.72,47.5],[-121.7,47.49],[-121.7,47.48],[-121.7,47.45],[-121.71,47.44],[-121.74,47.43],[-121.75,47.42],[-121.76,47.41],[-121.76,47.42],[-121.77,47.42],[-121.77,47.41],[-121.78,47.41],[-121.79,47.41],[-121.8,47.4],[-121.81,47.4],[-121.82,47.4],[-121.82,47.39],[-121.81,47.37],[-121.81,47.36],[-121.82,47.36],[-121.84,47.36],[-121.86,47.36],[-121.88,47.35],[-121.88,47.33],[-121.86,47.32],[-121.85,47.31],[-121.86,47.3],[-121.87,47.3],[-121.87,47.29],[-121.88,47.29],[-121.88,47.28],[-121.87,47.28],[-121.87,47.27],[-121.88,47.27],[-121.89,47.27],[-121.9,47.27],[-121.9,47.26],[-121.91,47.25],[-121.91,47.24],[-121.9,47.24],[-121.91,47.23],[-121.9,47.22],[-121.91,47.21],[-121.91,47.2],[-121.9,47.2],[-121.9,47.19],[-121.91,47.19],[-121.91,47.18],[-121.9,47.18],[-121.89,47.18],[-121.88,47.17],[-121.87,47.17],[-121.86,47.17],[-121.85,47.17],[-121.85,47.16],[-121.85,47.15],[-121.86,47.15],[-121.87,47.15],[-121.88,47.15],[-121.89,47.15],[-121.89,47.16],[-121.9,47.15],[-121.9,47.16],[-121.91,47.15],[-121.92,47.15],[-121.93,47.15],[-121.93,47.14],[-121.94,47.14],[-121.94,47.13],[-121.95,47.13],[-121.96,47.13],[-121.96,47.12],[-121.96,47.11],[-121.98,47.11],[-121.99,47.11],[-121.99,47.1],[-122.0,47.1],[-122.0,47.09],[-122.0,47.08],[-122.01,47.08],[-122.02,47.07],[-122.02,47.08],[-122.03,47.08],[-122.04,47.07],[-122.04,47.06],[-122.05,47.06],[-122.06,47.06],[-122.07,47.06],[-122.08,47.06],[-122.09,47.06],[-122.09,47.05],[-122.09,47.04],[-122.1,47.04],[-122.11,47.04],[-122.11,47.03],[-122.12,47.03],[-122.13,47.03],[-122.13,47.02],[-122.13,47.01],[-122.14,47.01],[-122.14,47.0],[-122.15,47.0],[-122.15,46.99],[-122.14,46.97],[-122.15,46.97],[-122.16,46.98],[-122.17,46.98],[-122.18,46.98],[-122.19,46.97],[-122.2,46.96],[-122.2,46.95],[-122.19,46.95],[-122.19,46.94],[-122.2,46.93],[-122.21,46.93],[-122.21,46.92],[-122.22,46.92],[-122.22,46.91],[-122.23,46.91],[-122.24,46.91],[-122.24,46.9],[-122.24,46.89],[-122.23,46.89],[-122.22,46.89],[-122.2,46.88],[-122.19,46.87],[-122.18,46.87],[-122.19,46.85],[-122.19,46.86],[-122.2,46.86],[-122.21,46.86],[-122.21,46.85],[-122.22,46.85],[-122.22,46.84],[-122.22,46.83],[-122.22,46.82],[-122.23,46.82],[-122.24,46.82],[-122.24,46.81],[-122.25,46.81],[-122.25,46.8],[-122.25,46.79],[-122.24,46.79],[-122.23,46.77],[-122.24,46.77],[-122.24,46.78],[-122.25,46.77],[-122.26,46.77],[-122.27,46.77],[-122.28,46.78],[-122.28,46.77],[-122.29,46.78],[-122.3,46.78],[-122.3,46.79],[-122.31,46.79],[-122.31,46.8],[-122.31,46.81],[-122.3,46.81],[-122.3,46.82],[-122.3,46.83],[-122.31,46.83],[-122.32,46.83],[-122.33,46.84],[-122.34,46.84],[-122.35,46.84],[-122.36,46.84],[-122.37,46.84]]],[[[-121.85,47.15],[-121.84,47.15],[-121.85,47.14],[-121.85,47.15]]]]}},
{"type":"Feature","properties":{"ugc":"WAZ556","name":"Bellevue and Vicinity","state":"WA","wfo":"SEW"},"geometry":{"type":"MultiPolygon","coordinates":[[[[-122.15,47.71],[-122.13,47.71],[-122.12,47.71],[-122.11,47.71],[-122.11,47.73],[-122.1,47.73],[-122.08,47.66],[-122.09,47.66],[-122.08,47.65],[-122.06,47.65],[-122.05,47.64],[-122.01,47.64],[-122.0,47.62],[-121.99,47.61],[-121.97,47.6],[-121.94,47.58],[-121.95,47.58],[-121.96,47.58],[-121.97,47.58],[-121.98,47.58],[-121.99,47.57],[-122.0,47.57],[-122.01,47.56],[-122.02,47.55],[-122.01,47.55],[-122.0,47.55],[-122.0,47.56],[-121.99,47.56],[-121.99,47.55],[-121.99,47.54],[-122.0,47.54],[-122.01,47.54],[-121.99,47.53],[-121.99,47.52],[-122.01,47.52],[-122.02,47.52],[-122.02,47.51],[-122.03,47.51],[-122.08,47.52],[-122.08,47.54],[-122.11,47.54],[-122.13,47.53],[-122.14,47.52],[-122.14,47.5],[-122.13,47.5],[-122.12,47.49],[-122.1,47.48],[-122.1,47.47],[-122.11,47.47],[-122.12,47.47],[-122.13,47.47],[-122.14,47.47],[-122.12,47.46],[-122.12,47.45],[-122.11,47.45],[-122.1,47.45],[-122.1,47.42],[-122.11,47.43],[-122.12,47.44],[-122.14,47.44],[-122.14,47.42],[-122.15,47.42],[-122.15,47.47],[-122.2,47.5],[-122.22,47.5],[-122.22,47.52],[-122.21,47.53],[-122.2,47.54],[-122.2,47.57],[-122.22,47.59],[-122.23,47.6],[-122.26,47.61],[-122.26,47.64],[-122.24,47.66],[-122.23,47.68],[-122.23,47.69],[-122.25,47.69],[-122.27,47.71],[-122.27,47.73],[-122.27,47.74],[-122.26,47.75],[-122.25,47.75],[-122.24,47.76],[-122.25,47.76],[-122.25,47.77],[-122.24,47.77],[-122.25,47.78],[-122.25,47.79],[-122.26,47.83],[-122.11,47.92],[-122.11,47.78],[-122.11,47.76],[-122.13,47.75],[-122.16,47.75],[-122.14,47.73],[-122.15,47.71]]]]}},
{"type":"Feature","properties":{"ugc":"WAZ558","name":"Seattle and Vicinity","state":"WA","wfo":"SEW"},"geometry":{"type":"MultiPolygon","coordinates":[[[[-122.43,47.66],[-122.42,47.67],[-122.41,47.67],[-122.41,47.68],[-122.41,47.69],[-122.41,47.7],[-122.4,47.7],[-122.39,47.7],[-122.38,47.71],[-122.38,47.72],[-122.37,47.73],[-122.38,47.74],[-122.38,47.75],[-122.38,47.76],[-122.39,47.76],[-122.39,47.77],[-122.39,47.78],[-122.37,47.78],[-122.36,47.78],[-122.34,47.78],[-122.32,47.78],[-122.31,47.78],[-122.29,47.78],[-122.28,47.78],[-122.25,47.78],[-122.24,47.77],[-122.25,47.77],[-122.25,47.76],[-122.24,47.76],[-122.25,47.75],[-122.26,47.75],[-122.27,47.74],[-122.27,47.73],[-122.27,47.71],[-122.25,47.69],[-122.23,47.69],[-122.23,47.68],[-122.24,47.66],[-122.26,47.64],[-122.26,47.61],[-122.23,47.6],[-122.22,47.59],[-122.2,47.57],[-122.2,47.54],[-122.21,47.53],[-122.22,47.52],[-122.22,47.5],[-122.2,47.5],[-122.15,47.47],[-122.15,47.42],[-122.15,47.26],[-122.16,47.26],[-122.17,47.26],[-122.19,47.26],[-122.2,47.26],[-122.21,47.26],[-122.24,47.26],[-122.25,47.26],[-122.26,47.26],[-122.33,47.26],[-122.34,47.26],[-122.34,47.27],[-122.36,47.28],[-122.37,47.29],[-122.38,47.3],[-122.39,47.3],[-122.4,47.31],[-122.42,47.32],[-122.41,47.32],[-122.4,47.32],[-122.4,47.33],[-122.39,47.33],[-122.38,47.33],[-122.37,47.33],[-122.37,47.34],[-122.36,47.34],[-122.34,47.34],[-122.33,47.34],[-122.32,47.35],[-122.32,47.36],[-122.33,47.36],[-122.32,47.37],[-122.33,47.37],[-122.33,47.38],[-122.33,47.39],[-122.33,47.4],[-122.33,47.41],[-122.34,47.41],[-122.35,47.42],[-122.35,47.44],[-122.36,47.44],[-122.37,47.45],[-122.38,47.45],[-122.37,47.46],[-122.37,47.47],[-122.37,47.48],[-122.36,47.48],[-122.37,47.49],[-122.37,47.5],[-122.38,47.5],[-122.39,47.5],[-122.39,47.51],[-122.4,47.52],[-122.39,47.52],[-122.39,47.53],[-122.4,47.53],[-122.4,47.54],[-122.4,47.55],[-122.4,47.56],[-122.41,47.56],[-122.41,47.57],[-122.42,47.58],[-122.41,47.58],[-122.4,47.58],[-122.39,47.6],[-122.38,47.59],[-122.37,47.59],[-122.37,47.58],[-122.36,47.58],[-122.36,47.59],[-122.35,47.59],[-122.34,47.59],[-122.34,47.6],[-122.34,47.61],[-122.35,47.61],[-122.36,47.61],[-122.36,47.62],[-122.37,47.62],[-122.37,47.63],[-122.38,47.63],[-122.39,47.63],[-122.4,47.63],[-122.41,47.64],[-122.42,47.64],[-122.42,47.65],[-122.43,47.66]]],[[[-122.52,47.38],[-122.52,47.39],[-122.53,47.39],[-122.53,47.4],[-122.52,47.4],[-122.52,47.41],[-122.51,47.41],[-122.51,47.42],[-122.51,47.43],[-122.51,47.44],[-122.51,47.45],[-122.51,47.46],[-122.5,47.46],[-122.5,47.47],[-122.5,47.48],[-122.49,47.48],[-122.48,47.48],[-122.48,47.49],[-122.48,47.5],[-122.48,47.51],[-122.47,47.51],[-122.46,47.51],[-122.45,47.5],[-122.46,47.5],[-122.46,47.49],[-122.46,47.48],[-122.45,47.48],[-122.45,47.47],[-122.44,47.47],[-122.43,47.47],[-122.43,47.46],[-122.44,47.46],[-122.44,47.45],[-122.44,47.44],[-122.44,47.43],[-122.43,47.43],[-122.43,47.42],[-122.44,47.42],[-122.44,47.41],[-122.45,47.41],[-122.45,47.4],[-122.45,47.39],[-122.45,47.38],[-122.46,47.39],[-122.47,47.39],[-122.48,47.39],[-122.48,47.38],[-122.49,47.38],[-122.49,47.37],[-122.49,47.36],[-122.49,47.35],[-122.49,47.34],[-122.49,47.33],[-122.5,47.33],[-122.51,47.33],[-122.52,47.33],[-122.52,47.34],[-122.53,47.34],[-122.53,47.35],[-122.53,47.36],[-122.52,47.36],[-122.52,47.37],[-122.52,47.38]]],[[[-122.45,47.38],[-122.44,47.38],[-122.44,47.39],[-122.44,47.4],[-122.44,47.41],[-122.43,47.41],[-122.43,47.4],[-122.42,47.4],[-122.41,47.4],[-122.4,47.4],[-122.39,47.4],[-122.38,47.39],[-122.38,47.38],[-122.39,47.38],[-122.4,47.38],[-122.41,47.38],[-122.42,47.37],[-122.43,47.37],[-122.44,47.37],[-122.44,47.36],[-122.45,47.36],[-122.45,47.35],[-122.45,47.34],[-122.46,47.34],[-122.47,47.34],[-122.47,47.35],[-122.48,47.35],[-122.47,47.36],[-122.47,47.37],[-122.46,47.37],[-122.45,47.37],[-122.45,47.38]]]]}},
{"type":"Feature","properties":{"ugc":"WAZ559","name":"Bremerton and Vicinity","state":"WA","wfo":"SEW"},"geometry":{"type":"MultiPolygon","coordinates":[[[[-122.56,47.72],[-122.55,47.72],[-122.54,47.72],[-122.54,47.71],[-122.53,47.71],[-122.52,47.71],[-122.51,47.71],[-122.51,47.7],[-122.5,47.7],[-122.5,47.69],[-122.51,47.68],[-122.51,47.67],[-122.5,47.66],[-122.51,47.66],[-122.51,47.65],[-122.51,47.64],[-122.5,47.64],[-122.49,47.64],[-122.49,47.63],[-122.49,47.62],[-122.5,47.62],[-122.5,47.61],[-122.5,47.6],[-122.51,47.6],[-122.52,47.6],[-122.52,47.59],[-122.51,47.59],[-122.5,47.59],[-122.49,47.59],[-122.48,47.59],[-122.48,47.58],[-122.49,47.58],[-122.5,47.58],[-122.51,47.57],[-122.52,47.57],[-122.52,47.58],[-122.53,47.58],[-122.53,47.59],[-122.54,47.59],[-122.54,47.6],[-122.55,47.6],[-122.56,47.6],[-122.56,47.59],[-122.55,47.59],[-122.55,47.58],[-122.55,47.57],[-122.54,47.57],[-122.53,47.57],[-122.53,47.56],[-122.54,47.56],[-122.54,47.55],[-122.54,47.54],[-122.55,47.53],[-122.55,47.52],[-122.54,47.52],[-122.53,47.52],[-122.52,47.52],[-122.51,47.52],[-122.5,47.52],[-122.5,47.51],[-122.5,47.5],[-122.51,47.5],[-122.51,47.49],[-122.52,47.49],[-122.52,47.48],[-122.53,47.47],[-122.53,47.46],[-122.53,47.45],[-122.54,47.45],[-122.53,47.44],[-122.54,47.44],[-122.54,47.43],[-122.53,47.43],[-122.54,47.42],[-122.55,47.41],[-122.55,47.4],[-122.56,47.4],[-122.58,47.4],[-122.62,47.4],[-122.63,47.4],[-122.64,47.4],[-122.65,47.4],[-122.69,47.4],[-122.71,47.4],[-122.74,47.4],[-122.75,47.4],[-122.76,47.4],[-122.78,47.4],[-122.8,47.4],[-122.8,47.43],[-122.8,47.44],[-122.8,47.5],[-122.8,47.52],[-122.68,47.75],[-122.63,47.78],[-122.54,47.78],[-122.49,47.78],[-122.48,47.78],[-122.48,47.77],[-122.47,47.77],[-122.47,47.76],[-122.47,47.75],[-122.48,47.75],[-122.49,47.74],[-122.5,47.74],[-122.51,47.74],[-122.52,47.74],[-122.52,47.75],[-122.53,47.75],[-122.54,47.75],[-122.55,47.75],[-122.55,47.74],[-122.55,47.73],[-122.56,47.72]],[[-122.68,47.53],[-122.67,47.53],[-122.67,47.54],[-122.66,47.54],[-122.65,47.54],[-122.64,47.54],[-122.63,47.54],[-122.62,47.54],[-122.62,47.55],[-122.61,47.55],[-122.6,47.55],[-122.6,47.56],[-122.59,47.56],[-122.59,47.57],[-122.58,47.57],[-122.58,47.58],[-122.57,47.58],[-122.57,47.59],[-122.57,47.6],[-122.58,47.6],[-122.58,47.61],[-122.57,47.61],[-122.57,47.62],[-122.58,47.62],[-122.58,47.63],[-122.58,47.64],[-122.58,47.65],[-122.59,47.65],[-122.59,47.66],[-122.59,47.67],[-122.58,47.67],[-122.57,47.67],[-122.56,47.67],[-122.56,47.68],[-122.57,47.68],[-122.57,47.69],[-122.57,47.7],[-122.56,47.7],[-122.56,47.71],[-122.56,47.72],[-122.57,47.71],[-122.58,47.71],[-122.58,47.7],[-122.59,47.7],[-122.59,47.69],[-122.6,47.69],[-122.6,47.7],[-122.61,47.71],[-122.62,47.71],[-122.63,47.71],[-122.63,47.72],[-122.64,47.72],[-122.64,47.73],[-122.65,47.73],[-122.65,47.74],[-122.66,47.74],[-122.66,47.73],[-122.66,47.72],[-122.65,47.72],[-122.65,47.71],[-122.64,47.71],[-122.64,47.7],[-122.63,47.7],[-122.62,47.7],[-122.62,47.69],[-122.62,47.68],[-122.62,47.67],[-122.61,47.67],[-122.61,47.66],[-122.61,47.65],[-122.6,47.64],[-122.59,47.64],[-122.59,47.63],[-122.59,47.62],[-122.6,47.62],[-122.6,47.61],[-122.6,47.6],[-122.59,47.6],[-122.59,47.59],[-122.6,47.59],[-122.6,47.58],[-122.6,47.57],[-122.61,47.57],[-122.62,47.57],[-122.62,47.56],[-122.63,47.56],[-122.64,47.56],[-122.65,47.56],[-122.65,47.55],[-122.66,47.55],[-122.67,47.55],[-122.68,47.54],[-122.68,47.53]],[[-122.5,47.62],[-122.5,47.63],[-122.51,47.62],[-122.5,47.62]],[[-122.55,47.75],[-122.55,47.76],[-122.56,47.76],[-122.56,47.75],[-122.55,47.75]],[[-122.62,47.57],[-122.62,47.58],[-122.63,47.58],[-122.63,47.57],[-122.62,47.57]],[[-122.64,47.58],[-122.65,47.59],[-122.65,47.58],[-122.64,47.58]],[[-122.65,47.59],[-122.66,47.6],[-122.66,47.59],[-122.65,47.59]],[[-122.66,47.6],[-122.66,47.61],[-122.66,47.62],[-122.67,47.62],[-122.68,47.62],[-122.68,47.63],[-122.67,47.63],[-122.67,47.64],[-122.68,47.64],[-122.68,47.65],[-122.69,47.65],[-122.69,47.64],[-122.7,47.64],[-122.7,47.63],[-122.71,47.63],[-122.71,47.62],[-122.71,47.61],[-122.71,47.6],[-122.7,47.6],[-122.69,47.61],[-122.69,47.6],[-122.69,47.59],[-122.69,47.58],[-122.68,47.58],[-122.68,47.59],[-122.67,47.59],[-122.67,47.6],[-122.66,47.6]],[[-122.66,47.59],[-122.67,47.58],[-122.66,47.58],[-122.66,47.59]],[[-122.67,47.58],[-122.68,47.57],[-122.67,47.57],[-122.67,47.58]],[[-122.54,47.7],[-122.55,47.7],[-122.55,47.69],[-122.54,47.69],[-122.54,47.7]]],[[[-122.5,47.54],[-122.5,47.55],[-122.49,47.55],[-122.49,47.54],[-122.49,47.53],[-122.5,47.53],[-122.5,47.54]]]]}},
{"type":"Feature","properties":{"ugc":"WAZ567","name":"West Slopes North Cascades and Passes","state":"WA","wfo":"SEW"},"geometry":{"type":"MultiPolygon","coordinates":[[[[-122.31,48.76],[-122.31,48.77],[-122.32,48.77],[-122.31,48.78],[-122.31,48.79],[-122.31,48.8],[-122.3,48.8],[-122.29,48.8],[-122.29,48.81],[-122.28,48.81],[-122.27,48.81],[-122.26,48.81],[-122.26,48.86],[-122.26,48.87],[-122.27,48.87],[-122.27,48.88],[-122.26,48.88],[-122.26,48.89],[-122.26,48.9],[-122.25,48.9],[-122.25,48.91],[-122.24,48.91],[-122.24,48.92],[-122.23,48.93],[-122.22,48.93],[-122.21,48.94],[-122.2,48.94],[-122.19,48.94],[-122.19,48.95],[-122.18,48.95],[-122.17,48.95],[-122.12,48.96],[-122.11,48.96],[-122.11,48.97],[-122.1,48.98],[-122.09,48.99],[-122.09,49.0],[-122.01,49.0],[-121.94,49.0],[-121.92,49.0],[-121.76,49.0],[-121.74,49.0],[-121.67,49.0],[-121.5,49.0],[-121.42,49.0],[-121.4,49.0],[-121.38,49.0],[-121.34,49.0],[-121.31,49.0],[-121.29,49.0],[-121.26,49.0],[-121.25,49.0],[-121.2,49.0],[-121.09,49.0],[-120.86,49.0],[-120.85,49.0],[-120.85,48.99],[-120.86,48.99],[-120.86,48.98],[-120.87,48.98],[-120.88,48.98],[-120.88,48.97],[-120.88,48.96],[-120.87,48.96],[-120.86,48.96],[-120.85,48.96],[-120.84,48.95],[-120.84,48.94],[-120.83,48.94],[-120.82,48.94],[-120.82,48.95],[-120.81,48.95],[-120.8,48.95],[-120.8,48.96],[-120.79,48.96],[-120.78,48.96],[-120.77,48.96],[-120.77,48.95],[-120.76,48.95],[-120.76,48.94],[-120.75,48.94],[-120.76,48.93],[-120.77,48.93],[-120.77,48.92],[-120.77,48.91],[-120.77,48.9],[-120.76,48.9],[-120.77,48.89],[-120.76,48.89],[-120.77,48.88],[-120.76,48.88],[-120.76,48.87],[-120.75,48.87],[-120.74,48.86],[-120.73,48.86],[-120.73,48.85],[-120.74,48.85],[-120.74,48.84],[-120.74,48.83],[-120.74,48.82],[-120.74,48.81],[-120.74,48.8],[-120.74,48.79],[-120.73,48.78],[-120.72,48.77],[-120.71,48.77],[-120.7,48.76],[-120.69,48.76],[-120.69,48.75],[-120.69,48.74],[-120.68,48.74],[-120.67,48.73],[-120.66,48.73],[-120.65,48.72],[-120.66,48.72],[-120.67,48.72],[-120.68,48.72],[-120.68,48.71],[-120.68,48.7],[-120.68,48.69],[-120.69,48.7],[-120.7,48.7],[-120.71,48.69],[-120.71,48.68],[-120.72,48.67],[-120.72,48.66],[-120.73,48.67],[-120.74,48.66],[-120.75,48.66],[-120.75,48.65],[-120.76,48.64],[-120.77,48.64],[-120.78,48.63],[-120.79,48.63],[-120.79,48.62],[-120.78,48.62],[-120.78,48.61],[-120.79,48.61],[-120.78,48.6],[-120.77,48.59],[-120.76,48.59],[-120.76,48.58],[-120.75,48.58],[-120.74,48.58],[-120.73,48.58],[-120.73,48.59],[-120.72,48.59],[-120.72,48.6],[-120.71,48.59],[-120.7,48.59],[-120.7,48.58],[-120.69,48.58],[-120.69,48.57],[-120.69,48.56],[-120.7,48.56],[-120.7,48.55],[-120.71,48.54],[-120.7,48.54],[-120.7,48.53],[-120.71,48.53],[-120.71,48.52],[-120.72,48.52],[-120.73,48.52],[-120.74,48.52],[-120.75,48.52],[-120.75,48.51],[-120.76,48.51],[-120.77,48.51],[-120.78,48.51],[-120.79,48.51],[-120.8,48.51],[-120.81,48.51],[-120.81,48.52],[-120.81,48.53],[-120.82,48.54],[-120.83,48.55],[-120.84,48.55],[-120.85,48.55],[-120.86,48.55],[-120.86,48.54],[-120.86,48.53],[-120.87,48.53],[-120.88,48.53],[-120.88,48.54],[-120.89,48.54],[-120.9,48.53],[-120.9,48.52],[-120.91,48.52],[-120.92,48.52],[-120.92,48.53],[-120.93,48.53],[-120.94,48.53],[-120.95,48.53],[-120.95,48.52],[-120.95,48.51],[-120.95,48.5],[-120.96,48.5],[-120.97,48.5],[-120.98,48.5],[-120.99,48.5],[-121.0,48.5],[-121.0,48.49],[-121.01,48.49],[-121.02,48.49],[-121.02,48.5],[-121.03,48.5],[-121.04,48.49],[-121.05,48.49],[-121.05,48.48],[-121.06,48.48],[-121.06,48.47],[-121.06,48.46],[-121.06,48.45],[-121.05,48.45],[-121.04,48.45],[-121.04,48.44],[-121.04,48.43],[-121.04,48.42],[-121.05,48.42],[-121.04,48.41],[-121.05,48.41],[-121.06,48.41],[-121.06,48.4],[-121.07,48.39],[-121.06,48.39],[-121.06,48.38],[-121.05,48.38],[-121.05,48.37],[-121.04,48.36],[-121.04,48.35],[-121.05,48.35],[-121.06,48.35],[-121.06,48.34],[-121.07,48.34],[-121.07,48.33],[-121.07,48.32],[-121.06,48.32],[-121.05,48.31],[-121.04,48.31],[-121.03,48.31],[-121.03,48.3],[-121.18,48.3],[-121.5,48.3],[-121.53,48.3],[-121.57,48.3],[-121.58,48.3],[-121.63,48.3],[-121.64,48.3],[-121.69,48.3],[-121.7,48.3],[-121.78,48.3],[-121.98,48.3],[-122.11,48.3],[-122.12,48.31],[-122.12,48.34],[-122.15,48.35],[-122.15,48.37],[-122.16,48.41],[-122.17,48.42],[-122.17,48.43],[-122.17,48.44],[-122.16,48.47],[-122.15,48.47],[-122.14,48.47],[-122.14,48.48],[-122.13,48.49],[-122.13,48.52],[-122.15,48.54],[-122.17,48.55],[-122.21,48.58],[-122.25,48.61],[-122.26,48.61],[-122.27,48.61],[-122.28,48.61],[-122.29,48.61],[-122.29,48.62],[-122.3,48.62],[-122.3,48.63],[-122.29,48.63],[-122.29,48.64],[-122.28,48.64],[-122.28,48.65],[-122.27,48.65],[-122.27,48.66],[-122.26,48.68],[-122.26,48.69],[-122.27,48.69],[-122.28,48.69],[-122.28,48.7],[-122.28,48.71],[-122.29,48.71],[-122.28,48.72],[-122.29,48.72],[-122.29,48.73],[-122.28,48.73],[-122.27,48.74],[-122.28,48.74],[-122.29,48.74],[-122.3,48.74],[-122.3,48.75],[-122.31,48.75],[-122.31,48.76]]]]}},
{"type":"Feature","properties":{"ugc":"WAZ568","name":"West Slopes North Central Cascades and Passes","state":"WA","wfo":"SEW"},"geometry":{"type":"MultiPolygon","coordinates":[[[[-121.79,47.79],[-121.79,47.8],[-121.79,47.81],[-121.78,47.81],[-121.77,47.81],[-121.76,47.82],[-121.75,47.82],[-121.75,47.83],[-121.74,47.83],[-121.73,47.83],[-121.72,47.83],[-121.71,47.83],[-121.7,47.83],[-121.69,47.83],[-121.68,47.83],[-121.67,47.83],[-121.66,47.82],[-121.66,47.81],[-121.65,47.8],[-121.64,47.8],[-121.64,47.81],[-121.63,47.81],[-121.62,47.81],[-121.61,47.81],[-121.6,47.8],[-121.6,47.79],[-121.59,47.79],[-121.58,47.79],[-121.57,47.79],[-121.56,47.79],[-121.55,47.8],[-121.55,47.81],[-121.55,47.82],[-121.56,47.82],[-121.57,47.82],[-121.58,47.82],[-121.58,47.83],[-121.59,47.83],[-121.59,47.84],[-121.6,47.84],[-121.6,47.85],[-121.61,47.85],[-121.62,47.86],[-121.63,47.86],[-121.64,47.87],[-121.65,47.88],[-121.65,47.89],[-121.66,47.89],[-121.67,47.88],[-121.67,47.89],[-121.68,47.9],[-121.69,47.9],[-121.69,47.91],[-121.7,47.91],[-121.7,47.92],[-121.7,47.93],[-121.7,47.94],[-121.69,47.94],[-121.69,47.95],[-121.7,47.95],[-121.71,47.95],[-121.71,47.94],[-121.72,47.94],[-121.73,47.94],[-121.72,47.93],[-121.73,47.93],[-121.74,47.94],[-121.75,47.94],[-121.75,47.95],[-121.76,47.95],[-121.77,47.95],[-121.77,47.96],[-121.78,47.96],[-121.79,47.98],[-121.79,47.97],[-121.8,47.97],[-121.81,47.97],[-121.82,47.97],[-121.83,47.98],[-121.84,47.98],[-121.84,47.99],[-121.84,48.0],[-121.85,48.01],[-121.85,48.02],[-121.85,48.03],[-121.85,48.04],[-121.86,48.04],[-121.86,48.06],[-121.85,48.07],[-121.85,48.09],[-121.85,48.1],[-121.86,48.12],[-121.87,48.13],[-121.88,48.14],[-121.89,48.14],[-121.91,48.14],[-121.93,48.14],[-121.95,48.13],[-121.96,48.13],[-121.97,48.13],[-121.98,48.13],[-121.99,48.13],[-122.0,48.14],[-122.0,48.15],[-121.99,48.15],[-121.99,48.16],[-121.99,48.17],[-121.99,48.18],[-121.98,48.18],[-121.98,48.19],[-121.98,48.2],[-121.98,48.21],[-122.0,48.22],[-122.01,48.22],[-122.02,48.22],[-122.03,48.22],[-122.03,48.23],[-122.03,48.24],[-122.02,48.24],[-122.01,48.24],[-122.01,48.25],[-122.01,48.26],[-122.0,48.26],[-122.0,48.27],[-122.01,48.27],[-122.02,48.29],[-122.03,48.29],[-122.09,48.29],[-122.11,48.3],[-121.98,48.3],[-121.78,48.3],[-121.7,48.3],[-121.69,48.3],[-121.64,48.3],[-121.63,48.3],[-121.58,48.3],[-121.57,48.3],[-121.53,48.3],[-121.5,48.3],[-121.18,48.3],[-121.0,48.3],[-121.0,48.29],[-121.01,48.28],[-121.01,48.27],[-121.0,48.27],[-121.0,48.26],[-120.99,48.26],[-120.99,48.25],[-120.98,48.25],[-120.98,48.24],[-120.97,48.24],[-120.97,48.23],[-120.96,48.23],[-120.96,48.22],[-120.96,48.21],[-120.95,48.21],[-120.95,48.2],[-120.94,48.2],[-120.93,48.2],[-120.93,48.19],[-120.92,48.19],[-120.92,48.18],[-120.91,48.18],[-120.91,48.17],[-120.91,48.16],[-120.92,48.16],[-120.93,48.16],[-120.94,48.16],[-120.95,48.16],[-120.95,48.15],[-120.96,48.15],[-120.96,48.14],[-120.96,48.13],[-120.96,48.12],[-120.95,48.12],[-120.95,48.11],[-120.96,48.11],[-120.97,48.11],[-120.97,48.1],[-120.98,48.1],[-120.98,48.09],[-120.99,48.09],[-121.0,48.09],[-121.0,48.08],[-121.01,48.08],[-121.02,48.08],[-121.03,48.08],[-121.04,48.08],[-121.04,48.07],[-121.05,48.07],[-121.06,48.07],[-121.07,48.07],[-121.08,48.06],[-121.09,48.06],[-121.1,48.06],[-121.11,48.06],[-121.12,48.06],[-121.12,48.05],[-121.13,48.05],[-121.13,48.04],[-121.14,48.04],[-121.15,48.04],[-121.15,48.03],[-121.14,48.03],[-121.13,48.02],[-121.13,48.01],[-121.12,48.01],[-121.12,48.0],[-121.12,47.99],[-121.13,47.99],[-121.14,47.98],[-121.15,47.98],[-121.15,47.97],[-121.16,47.96],[-121.16,47.95],[-121.16,47.94],[-121.17,47.94],[-121.17,47.93],[-121.18,47.92],[-121.17,47.91],[-121.18,47.9],[-121.18,47.89],[-121.17,47.89],[-121.17,47.88],[-121.16,47.88],[-121.16,47.87],[-121.15,47.87],[-121.15,47.86],[-121.15,47.85],[-121.15,47.84],[-121.14,47.84],[-121.13,47.84],[-121.12,47.84],[-121.12,47.83],[-121.11,47.83],[-121.1,47.83],[-121.09,47.83],[-121.08,47.83],[-121.07,47.83],[-121.07,47.82],[-121.08,47.82],[-121.08,47.81],[-121.09,47.81],[-121.09,47.8],[-121.1,47.8],[-121.11,47.8],[-121.11,47.79],[-121.12,47.78],[-121.12,47.77],[-121.11,47.77],[-121.11,47.76],[-121.1,47.76],[-121.09,47.76],[-121.09,47.75],[-121.09,47.74],[-121.08,47.74],[-121.08,47.73],[-121.08,47.72],[-121.07,47.72],[-121.07,47.71],[-121.07,47.7],[-121.08,47.7],[-121.09,47.7],[-121.1,47.69],[-121.11,47.69],[-121.12,47.69],[-121.12,47.68],[-121.13,47.68],[-121.13,47.67],[-121.12,47.67],[-121.12,47.66],[-121.13,47.66],[-121.13,47.65],[-121.13,47.64],[-121.13,47.63],[-121.12,47.63],[-121.12,47.62],[-121.12,47.61],[-121.11,47.6],[-121.12,47.6],[-121.12,47.59],[-121.13,47.59],[-121.13,47.6],[-121.14,47.6],[-121.14,47.59],[-121.15,47.59],[-121.16,47.59],[-121.17,47.59],[-121.17,47.58],[-121.17,47.57],[-121.18,47.57],[-121.19,47.57],[-121.2,47.57],[-121.21,47.57],[-121.22,47.57],[-121.23,47.57],[-121.23,47.56],[-121.23,47.55],[-121.24,47.55],[-121.24,47.54],[-121.25,47.54],[-121.25,47.53],[-121.26,47.53],[-121.26,47.52],[-121.27,47.52],[-121.28,47.52],[-121.28,47.51],[-121.29,47.51],[-121.29,47.5],[-121.3,47.5],[-121.3,47.49],[-121.31,47.48],[-121.32,47.48],[-121.33,47.48],[-121.33,47.47],[-121.34,47.48],[-121.34,47.47],[-121.35,47.47],[-121.35,47.46],[-121.36,47.47],[-121.36,47.46],[-121.37,47.46],[-121.38,47.46],[-121.38,47.45],[-121.39,47.45],[-121.38,47.44],[-121.38,47.43],[-121.39,47.43],[-121.4,47.43],[-121.41,47.43],[-121.41,47.42],[-121.42,47.42],[-121.43,47.42],[-121.42,47.41],[-121.43,47.4],[-121.43,47.39],[-121.44,47.39],[-121.44,47.38],[-121.44,47.37],[-121.45,47.37],[-121.46,47.37],[-121.47,47.37],[-121.46,47.36],[-121.46,47.35],[-121.45,47.35],[-121.45,47.34],[-121.44,47.34],[-121.43,47.34],[-121.43,47.33],[-121.43,47.32],[-121.44,47.32],[-121.45,47.31],[-121.44,47.31],[-121.43,47.3],[-121.43,47.29],[-121.42,47.29],[-121.41,47.29],[-121.4,47.29],[-121.39,47.29],[-121.38,47.29],[-121.37,47.29],[-121.36,47.29],[-121.36,47.28],[-121.35,47.28],[-121.34,47.28],[-121.34,47.27],[-121.33,47.26],[-121.33,47.25],[-121.34,47.25],[-121.35,47.25],[-121.35,47.24],[-121.36,47.24],[-121.36,47.23],[-121.36,47.22],[-121.35,47.22],[-121.34,47.22],[-121.33,47.22],[-121.32,47.22],[-121.32,47.21],[-121.31,47.21],[-121.31,47.2],[-121.31,47.19],[-121.31,47.18],[-121.32,47.17],[-121.31,47.17],[-121.31,47.16],[-121.3,47.16],[-121.3,47.15],[-121.3,47.14],[-121.31,47.14],[-121.31,47.13],[-121.32,47.13],[-121.32,47.14],[-121.33,47.13],[-121.34,47.14],[-121.35,47.14],[-121.36,47.14],[-121.37,47.14],[-121.38,47.14],[-121.39,47.13],[-121.4,47.13],[-121.4,47.12],[-121.41,47.12],[-121.4,47.11],[-121.4,47.1],[-121.4,47.09],[-121.41,47.09],[-121.42,47.09],[-121.43,47.09],[-121.44,47.09],[-121.45,47.09],[-121.46,47.09],[-121.47,47.1],[-121.48,47.1],[-121.48,47.11],[-121.49,47.11],[-121.49,47.12],[-121.5,47.12],[-121.51,47.12],[-121.52,47.12],[-121.53,47.12],[-121.54,47.12],[-121.55,47.12],[-121.56,47.12],[-121.57,47.12],[-121.58,47.12],[-121.59,47.12],[-121.6,47.13],[-121.61,47.14],[-121.62,47.15],[-121.63,47.15],[-121.64,47.15],[-121.64,47.16],[-121.65,47.16],[-121.66,47.16],[-121.67,47.16],[-121.68,47.15],[-121.69,47.15],[-121.7,47.15],[-121.71,47.15],[-121.72,47.15],[-121.72,47.16],[-121.73,47.16],[-121.74,47.16],[-121.75,47.16],[-121.76,47.17],[-121.77,47.17],[-121.78,47.17],[-121.79,47.17],[-121.8,47.17],[-121.81,47.17],[-121.81,47.16],[-121.82,47.16],[-121.82,47.15],[-121.83,47.15],[-121.84,47.14],[-121.85,47.14],[-121.84,47.15],[-121.85,47.15],[-121.85,47.16],[-121.85,47.17],[-121.86,47.17],[-121.87,47.17],[-121.88,47.17],[-121.89,47.18],[-121.9,47.18],[-121.91,47.18],[-121.91,47.19],[-121.9,47.19],[-121.9,47.2],[-121.91,47.2],[-121.91,47.21],[-121.9,47.22],[-121.91,47.23],[-121.9,47.24],[-121.91,47.24],[-121.91,47.25],[-121.9,47.26],[-121.9,47.27],[-121.89,47.27],[-121.88,47.27],[-121.87,47.27],[-121.87,47.28],[-121.88,47.28],[-121.88,47.29],[-121.87,47.29],[-121.87,47.3],[-121.86,47.3],[-121.85,47.31],[-121.86,47.32],[-121.88,47.33],[-121.88,47.35],[-121.86,47.36],[-121.84,47.36],[-121.82,47.36],[-121.81,47.36],[-121.81,47.37],[-121.82,47.39],[-121.82,47.4],[-121.81,47.4],[-121.8,47.4],[-121.79,47.41],[-121.78,47.41],[-121.77,47.41],[-121.77,47.42],[-121.76,47.42],[-121.76,47.41],[-121.75,47.42],[-121.74,47.43],[-121.71,47.44],[-121.7,47.45],[-121.7,47.48],[-121.7,47.49],[-121.72,47.5],[-121.73,47.49],[-121.74,47.49],[-121.75,47.5],[-121.75,47.51],[-121.75,47.52],[-121.74,47.53],[-121.73,47.53],[-121.72,47.54],[-121.71,47.54],[-121.71,47.55],[-121.7,47.55],[-121.7,47.56],[-121.7,47.57],[-121.7,47.58],[-121.71,47.58],[-121.71,47.59],[-121.71,47.6],[-121.7,47.61],[-121.7,47.62],[-121.7,47.63],[-121.7,47.64],[-121.71,47.65],[-121.72,47.65],[-121.73,47.65],[-121.74,47.66],[-121.74,47.68],[-121.73,47.69],[-121.73,47.7],[-121.73,47.71],[-121.74,47.72],[-121.75,47.73],[-121.77,47.73],[-121.78,47.73],[-121.79,47.74],[-121.8,47.75],[-121.8,47.76],[-121.81,47.76],[-121.81,47.77],[-121.81,47.78],[-121.8,47.78],[-121.8,47.79],[-121.79,47.79]]],[[[-121.39,47.09],[-121.38,47.1],[-121.38,47.09],[-121.39,47.09]]]]}},
{"type":"Feature","properties":{"ugc":"WAZ569","name":"West Slopes South Central Cascades and Passes","state":"WA","wfo":"SEW"},"geometry":{"type":"MultiPolygon","coordinates":[[[[-122.65,46.69],[-122.66,46.69],[-122.67,46.69],[-122.68,46.69],[-122.69,46.69],[-122.7,46.69],[-122.71,46.69],[-122.71,46.7],[-122.7,46.7],[-122.69,46.7],[-122.7,46.71],[-122.7,46.72],[-122.69,46.72],[-122.69,46.71],[-122.68,46.71],[-122.67,46.71],[-122.66,46.72],[-122.66,46.73],[-122.66,46.74],[-122.66,46.75],[-122.67,46.75],[-122.67,46.76],[-122.66,46.76],[-122.65,46.76],[-122.64,46.76],[-122.62,46.76],[-122.61,46.76],[-122.6,46.76],[-122.57,46.76],[-122.55,46.76],[-122.53,46.76],[-122.5,46.76],[-122.49,46.76],[-122.48,46.76],[-122.31,46.76],[-122.22,46.76],[-122.2,46.76],[-122.21,46.77],[-122.22,46.77],[-122.23,46.77],[-122.24,46.79],[-122.25,46.79],[-122.25,46.8],[-122.25,46.81],[-122.24,46.81],[-122.24,46.82],[-122.23,46.82],[-122.22,46.82],[-122.22,46.83],[-122.22,46.84],[-122.22,46.85],[-122.21,46.85],[-122.21,46.86],[-122.2,46.86],[-122.19,46.86],[-122.19,46.85],[-122.18,46.87],[-122.19,46.87],[-122.2,46.88],[-122.22,46.89],[-122.23,46.89],[-122.24,46.89],[-122.24,46.9],[-122.24,46.91],[-122.23,46.91],[-122.22,46.91],[-122.22,46.92],[-122.21,46.92],[-122.21,46.93],[-122.2,46.93],[-122.19,46.94],[-122.19,46.95],[-122.2,46.95],[-122.2,46.96],[-122.19,46.97],[-122.18,46.98],[-122.17,46.98],[-122.16,46.98],[-122.15,46.97],[-122.14,46.97],[-122.15,46.99],[-122.15,47.0],[-122.14,47.0],[-122.14,47.01],[-122.13,47.01],[-122.13,47.02],[-122.13,47.03],[-122.12,47.03],[-122.11,47.03],[-122.11,47.04],[-122.1,47.04],[-122.09,47.04],[-122.09,47.05],[-122.09,47.06],[-122.08,47.06],[-122.07,47.06],[-122.06,47.06],[-122.05,47.06],[-122.04,47.06],[-122.04,47.07],[-122.03,47.08],[-122.02,47.08],[-122.02,47.07],[-122.01,47.08],[-122.0,47.08],[-122.0,47.09],[-122.0,47.1],[-121.99,47.1],[-121.99,47.11],[-121.98,47.11],[-121.96,47.11],[-121.96,47.12],[-121.96,47.13],[-121.95,47.13],[-121.94,47.13],[-121.94,47.14],[-121.93,47.14],[-121.93,47.15],[-121.92,47.15],[-121.91,47.15],[-121.9,47.16],[-121.9,47.15],[-121.89,47.16],[-121.89,47.15],[-121.88,47.15],[-121.87,47.15],[-121.86,47.15],[-121.85,47.15],[-121.85,47.14],[-121.84,47.14],[-121.83,47.15],[-121.82,47.15],[-121.82,47.16],[-121.81,47.16],[-121.81,47.17],[-121.8,47.17],[-121.79,47.17],[-121.78,47.17],[-121.77,47.17],[-121.76,47.17],[-121.75,47.16],[-121.74,47.16],[-121.73,47.16],[-121.72,47.16],[-121.72,47.15],[-121.71,47.15],[-121.7,47.15],[-121.69,47.15],[-121.68,47.15],[-121.67,47.16],[-121.66,47.16],[-121.65,47.16],[-121.64,47.16],[-121.64,47.15],[-121.63,47.15],[-121.62,47.15],[-121.61,47.14],[-121.6,47.13],[-121.59,47.12],[-121.58,47.12],[-121.57,47.12],[-121.56,47.12],[-121.55,47.12],[-121.54,47.12],[-121.53,47.12],[-121.52,47.12],[-121.51,47.12],[-121.5,47.12],[-121.49,47.12],[-121.49,47.11],[-121.48,47.11],[-121.48,47.1],[-121.47,47.1],[-121.46,47.09],[-121.45,47.09],[-121.44,47.09],[-121.43,47.09],[-121.42,47.09],[-121.41,47.09],[-121.4,47.09],[-121.39,47.09],[-121.38,47.09],[-121.38,47.08],[-121.38,47.07],[-121.38,47.06],[-121.37,47.06],[-121.38,47.05],[-121.39,47.05],[-121.39,47.04],[-121.4,47.04],[-121.4,47.03],[-121.4,47.02],[-121.4,47.01],[-121.41,47.01],[-121.41,47.0],[-121.42,46.99],[-121.43,46.99],[-121.43,46.98],[-121.44,46.98],[-121.45,46.98],[-121.44,46.97],[-121.45,46.97],[-121.45,46.96],[-121.45,46.95],[-121.45,46.94],[-121.45,46.93],[-121.46,46.93],[-121.46,46.92],[-121.47,46.92],[-121.48,46.91],[-121.49,46.91],[-121.5,46.91],[-121.5,46.9],[-121.51,46.9],[-121.51,46.89],[-121.51,46.88],[-121.52,46.88],[-121.52,46.87],[-121.51,46.87],[-121.51,46.86],[-121.5,46.86],[-121.49,46.85],[-121.49,46.84],[-121.48,46.84],[-121.48,46.83],[-121.47,46.83],[-121.47,46.82],[-121.46,46.81],[-121.45,46.8],[-121.44,46.79],[-121.45,46.79],[-121.46,46.79],[-121.46,46.78],[-121.45,46.78],[-121.45,46.77],[-121.44,46.77],[-121.44,46.76],[-121.43,46.76],[-121.42,46.75],[-121.43,46.75],[-121.43,46.74],[-121.42,46.74],[-121.41,46.74],[-121.41,46.73],[-121.4,46.73],[-121.39,46.73],[-121.38,46.73],[-121.37,46.73],[-121.36,46.72],[-121.35,46.71],[-121.36,46.71],[-121.37,46.71],[-121.38,46.7],[-121.38,46.69],[-121.39,46.69],[-121.4,46.69],[-121.41,46.68],[-121.41,46.67],[-121.41,46.66],[-121.42,46.66],[-121.42,46.65],[-121.41,46.65],[-121.4,46.65],[-121.4,46.64],[-121.39,46.64],[-121.39,46.63],[-121.39,46.62],[-121.4,46.61],[-121.41,46.6],[-121.4,46.6],[-121.4,46.59],[-121.41,46.58],[-121.42,46.58],[-121.42,46.57],[-121.42,46.56],[-121.42,46.55],[-121.42,46.54],[-121.43,46.54],[-121.44,46.54],[-121.45,46.53],[-121.45,46.52],[-121.46,46.52],[-121.45,46.51],[-121.45,46.5],[-121.44,46.5],[-121.43,46.5],[-121.42,46.49],[-121.43,46.49],[-121.43,46.48],[-121.44,46.48],[-121.43,46.47],[-121.42,46.46],[-121.41,46.46],[-121.41,46.45],[-121.41,46.44],[-121.41,46.43],[-121.4,46.43],[-121.4,46.42],[-121.39,46.42],[-121.39,46.41],[-121.39,46.4],[-121.39,46.39],[-121.4,46.39],[-121.45,46.39],[-121.46,46.39],[-121.49,46.39],[-121.5,46.39],[-121.52,46.39],[-121.74,46.39],[-121.76,46.39],[-121.81,46.39],[-121.82,46.39],[-121.86,46.39],[-121.88,46.39],[-121.92,46.39],[-121.99,46.39],[-122.07,46.39],[-122.11,46.39],[-122.12,46.39],[-122.24,46.39],[-122.27,46.39],[-122.36,46.39],[-122.38,46.39],[-122.42,46.39],[-122.45,46.39],[-122.47,46.39],[-122.47,46.4],[-122.46,46.4],[-122.45,46.41],[-122.46,46.41],[-122.47,46.41],[-122.47,46.42],[-122.48,46.42],[-122.49,46.42],[-122.5,46.41],[-122.51,46.42],[-122.52,46.41],[-122.53,46.4],[-122.54,46.4],[-122.54,46.41],[-122.55,46.41],[-122.55,46.42],[-122.54,46.42],[-122.54,46.43],[-122.53,46.43],[-122.53,46.44],[-122.52,46.44],[-122.51,46.44],[-122.5,46.44],[-122.51,46.45],[-122.5,46.45],[-122.49,46.45],[-122.48,46.45],[-122.47,46.45],[-122.46,46.44],[-122.45,46.44],[-122.44,46.44],[-122.43,46.44],[-122.43,46.45],[-122.43,46.46],[-122.42,46.46],[-122.41,46.46],[-122.41,46.47],[-122.42,46.47],[-122.43,46.47],[-122.43,46.48],[-122.42,46.48],[-122.42,46.49],[-122.42,46.5],[-122.43,46.52],[-122.44,46.54],[-122.47,46.56],[-122.47,46.58],[-122.47,46.6],[-122.48,46.61],[-122.49,46.61],[-122.49,46.62],[-122.49,46.63],[-122.5,46.62],[-122.51,46.62],[-122.52,46.62],[-122.52,46.63],[-122.53,46.63],[-122.53,46.62],[-122.54,46.63],[-122.55,46.63],[-122.55,46.64],[-122.56,46.64],[-122.57,46.65],[-122.56,46.66],[-122.55,46.66],[-122.54,46.67],[-122.54,46.68],[-122.55,46.68],[-122.55,46.67],[-122.56,46.67],[-122.57,46.67],[-122.57,46.66],[-122.58,46.67],[-122.59,46.67],[-122.6,46.67],[-122.61,46.67],[-122.61,46.68],[-122.62,46.68],[-122.63,46.68],[-122.64,46.68],[-122.64,46.69],[-122.63,46.69],[-122.62,46.69],[-122.62,46.7],[-122.63,46.7],[-122.63,46.71],[-122.63,46.72],[-122.64,46.72],[-122.64,46.71],[-122.64,46.7],[-122.65,46.7],[-122.65,46.69]],[[-122.41,46.46],[-122.41,46.45],[-122.4,46.46],[-122.41,46.46]],[[-122.54,46.67],[-122.53,46.66],[-122.53,46.67],[-122.54,46.67]]],[[[-122.65,46.68],[-122.65,46.69],[-122.64,46.68],[-122.65,46.68]]],[[[-122.57,46.65],[-122.57,46.64],[-122.58,46.65],[-122.57,46.65]]]]}}
]
}
